Period from,Period to,Agile Import price (p/kWh),Agile Export price (p/kWh)
01/01/2025 00:00,01/01/2025 00:30,0.00,0.90
01/01/2025 00:30,01/01/2025 01:00,4.41,2.84
01/01/2025 01:00,01/01/2025 01:30,0.00,0.90
01/01/2025 01:30,01/01/2025 02:00,-0.88,0.51
01/01/2025 02:00,01/01/2025 02:30,0.22,1.00
01/01/2025 02:30,01/01/2025 03:00,-0.34,0.75
01/01/2025 03:00,01/01/2025 03:30,-0.01,0.90
01/01/2025 03:30,01/01/2025 04:00,-1.43,0.27
01/01/2025 04:00,01/01/2025 04:30,0.00,0.90
01/01/2025 04:30,01/01/2025 05:00,-0.88,0.51
01/01/2025 05:00,01/01/2025 05:30,-0.94,0.48
01/01/2025 05:30,01/01/2025 06:00,-1.19,0.38
01/01/2025 06:00,01/01/2025 06:30,0.36,1.06
01/01/2025 06:30,01/01/2025 07:00,2.21,1.87
01/01/2025 07:00,01/01/2025 07:30,4.41,2.84
01/01/2025 07:30,01/01/2025 08:00,3.97,2.65
01/01/2025 08:00,01/01/2025 08:30,-1.10,0.42
01/01/2025 08:30,01/01/2025 09:00,4.81,3.01
01/01/2025 09:00,01/01/2025 09:30,-1.32,0.32
01/01/2025 09:30,01/01/2025 10:00,8.10,4.46
01/01/2025 10:00,01/01/2025 10:30,4.19,2.74
01/01/2025 10:30,01/01/2025 11:00,7.33,4.13
01/01/2025 11:00,01/01/2025 11:30,6.96,3.96
01/01/2025 11:30,01/01/2025 12:00,15.92,7.90
01/01/2025 12:00,01/01/2025 12:30,19.84,9.63
01/01/2025 12:30,01/01/2025 13:00,20.86,10.08
01/01/2025 13:00,01/01/2025 13:30,20.95,10.12
01/01/2025 13:30,01/01/2025 14:00,20.11,9.75
01/01/2025 14:00,01/01/2025 14:30,20.73,10.02
01/01/2025 14:30,01/01/2025 15:00,23.59,11.28
01/01/2025 15:00,01/01/2025 15:30,21.17,10.21
01/01/2025 15:30,01/01/2025 16:00,21.61,10.41
01/01/2025 16:00,01/01/2025 16:30,37.09,15.06
01/01/2025 16:30,01/01/2025 17:00,38.79,15.81
01/01/2025 17:00,01/01/2025 17:30,41.04,16.80
01/01/2025 17:30,01/01/2025 18:00,40.47,16.55
01/01/2025 18:00,01/01/2025 18:30,40.46,16.54
01/01/2025 18:30,01/01/2025 19:00,39.56,16.15
01/01/2025 19:00,01/01/2025 19:30,25.86,12.28
01/01/2025 19:30,01/01/2025 20:00,22.83,10.94
01/01/2025 20:00,01/01/2025 20:30,24.70,11.76
01/01/2025 20:30,01/01/2025 21:00,20.73,10.02
01/01/2025 21:00,01/01/2025 21:30,21.61,10.41
01/01/2025 21:30,01/01/2025 22:00,21.39,10.31
01/01/2025 22:00,01/01/2025 22:30,21.17,10.21
01/01/2025 22:30,01/01/2025 23:00,14.33,7.20
01/01/2025 23:00,01/01/2025 23:30,22.71,10.89
01/01/2025 23:30,02/01/2025 00:00,19.05,9.28
02/01/2025 00:00,02/01/2025 00:30,22.05,10.60
02/01/2025 00:30,02/01/2025 01:00,27.86,13.15
02/01/2025 01:00,02/01/2025 01:30,23.35,11.17
02/01/2025 01:30,02/01/2025 02:00,22.05,10.60
02/01/2025 02:00,02/01/2025 02:30,21.50,10.36
02/01/2025 02:30,02/01/2025 03:00,20.59,9.96
02/01/2025 03:00,02/01/2025 03:30,20.29,9.82
02/01/2025 03:30,02/01/2025 04:00,18.74,9.14
02/01/2025 04:00,02/01/2025 04:30,19.40,9.44
02/01/2025 04:30,02/01/2025 05:00,16.54,8.18
02/01/2025 05:00,02/01/2025 05:30,18.74,9.14
02/01/2025 05:30,02/01/2025 06:00,19.18,9.34
02/01/2025 06:00,02/01/2025 06:30,20.93,10.11
02/01/2025 06:30,02/01/2025 07:00,21.39,10.31
02/01/2025 07:00,02/01/2025 07:30,23.75,11.35
02/01/2025 07:30,02/01/2025 08:00,25.36,12.06
02/01/2025 08:00,02/01/2025 08:30,25.58,12.15
02/01/2025 08:30,02/01/2025 09:00,26.90,12.73
02/01/2025 09:00,02/01/2025 09:30,25.27,12.02
02/01/2025 09:30,02/01/2025 10:00,25.27,12.02
02/01/2025 10:00,02/01/2025 10:30,22.93,10.99
02/01/2025 10:30,02/01/2025 11:00,21.08,10.17
02/01/2025 11:00,02/01/2025 11:30,22.53,10.81
02/01/2025 11:30,02/01/2025 12:00,22.04,10.60
02/01/2025 12:00,02/01/2025 12:30,21.18,10.22
02/01/2025 12:30,02/01/2025 13:00,21.17,10.21
02/01/2025 13:00,02/01/2025 13:30,22.11,10.63
02/01/2025 13:30,02/01/2025 14:00,21.39,10.31
02/01/2025 14:00,02/01/2025 14:30,22.33,10.72
02/01/2025 14:30,02/01/2025 15:00,24.63,11.73
02/01/2025 15:00,02/01/2025 15:30,23.29,11.14
02/01/2025 15:30,02/01/2025 16:00,28.72,13.53
02/01/2025 16:00,02/01/2025 16:30,39.75,16.23
02/01/2025 16:30,02/01/2025 17:00,44.52,18.33
02/01/2025 17:00,02/01/2025 17:30,41.03,16.80
02/01/2025 17:30,02/01/2025 18:00,41.43,16.97
02/01/2025 18:00,02/01/2025 18:30,40.46,16.54
02/01/2025 18:30,02/01/2025 19:00,39.23,16.00
02/01/2025 19:00,02/01/2025 19:30,25.15,11.96
02/01/2025 19:30,02/01/2025 20:00,22.93,10.99
02/01/2025 20:00,02/01/2025 20:30,23.88,11.40
02/01/2025 20:30,02/01/2025 21:00,21.19,10.22
02/01/2025 21:00,02/01/2025 21:30,23.37,11.18
02/01/2025 21:30,02/01/2025 22:00,21.75,10.46
02/01/2025 22:00,02/01/2025 22:30,23.50,11.24
02/01/2025 22:30,02/01/2025 23:00,20.95,10.12
02/01/2025 23:00,02/01/2025 23:30,24.85,11.83
02/01/2025 23:30,03/01/2025 00:00,22.39,10.75
03/01/2025 00:00,03/01/2025 00:30,18.26,8.93
03/01/2025 00:30,03/01/2025 01:00,23.37,11.18
03/01/2025 01:00,03/01/2025 01:30,19.31,9.40
03/01/2025 01:30,03/01/2025 02:00,18.91,9.22
03/01/2025 02:00,03/01/2025 02:30,19.95,9.68
03/01/2025 02:30,03/01/2025 03:00,18.46,9.02
03/01/2025 03:00,03/01/2025 03:30,19.30,9.39
03/01/2025 03:30,03/01/2025 04:00,16.54,8.18
03/01/2025 04:00,03/01/2025 04:30,18.98,9.25
03/01/2025 04:30,03/01/2025 05:00,16.98,8.37
03/01/2025 05:00,03/01/2025 05:30,19.69,9.56
03/01/2025 05:30,03/01/2025 06:00,19.31,9.40
03/01/2025 06:00,03/01/2025 06:30,22.60,10.84
03/01/2025 06:30,03/01/2025 07:00,21.47,10.34
03/01/2025 07:00,03/01/2025 07:30,21.37,10.30
03/01/2025 07:30,03/01/2025 08:00,23.79,11.37
03/01/2025 08:00,03/01/2025 08:30,24.38,11.63
03/01/2025 08:30,03/01/2025 09:00,26.46,12.54
03/01/2025 09:00,03/01/2025 09:30,25.14,11.96
03/01/2025 09:30,03/01/2025 10:00,25.85,12.27
03/01/2025 10:00,03/01/2025 10:30,22.80,10.93
03/01/2025 10:30,03/01/2025 11:00,22.13,10.64
03/01/2025 11:00,03/01/2025 11:30,22.90,10.98
03/01/2025 11:30,03/01/2025 12:00,22.19,10.66
03/01/2025 12:00,03/01/2025 12:30,21.63,10.42
03/01/2025 12:30,03/01/2025 13:00,21.71,10.45
03/01/2025 13:00,03/01/2025 13:30,21.37,10.30
03/01/2025 13:30,03/01/2025 14:00,20.95,10.12
03/01/2025 14:00,03/01/2025 14:30,21.96,10.56
03/01/2025 14:30,03/01/2025 15:00,21.17,10.21
03/01/2025 15:00,03/01/2025 15:30,25.03,11.91
03/01/2025 15:30,03/01/2025 16:00,23.69,11.32
03/01/2025 16:00,03/01/2025 16:30,40.13,16.40
03/01/2025 16:30,03/01/2025 17:00,45.40,18.72
03/01/2025 17:00,03/01/2025 17:30,41.87,17.17
03/01/2025 17:30,03/01/2025 18:00,43.84,18.03
03/01/2025 18:00,03/01/2025 18:30,45.05,18.56
03/01/2025 18:30,03/01/2025 19:00,43.99,18.10
03/01/2025 19:00,03/01/2025 19:30,31.62,14.81
03/01/2025 19:30,03/01/2025 20:00,29.99,14.09
03/01/2025 20:00,03/01/2025 20:30,30.87,14.48
03/01/2025 20:30,03/01/2025 21:00,26.68,12.64
03/01/2025 21:00,03/01/2025 21:30,26.00,12.34
03/01/2025 21:30,03/01/2025 22:00,23.79,11.37
03/01/2025 22:00,03/01/2025 22:30,24.34,11.61
03/01/2025 22:30,03/01/2025 23:00,23.79,11.37
03/01/2025 23:00,03/01/2025 23:30,25.36,12.06
03/01/2025 23:30,04/01/2025 00:00,22.73,10.90
04/01/2025 00:00,04/01/2025 00:30,22.27,10.70
04/01/2025 00:30,04/01/2025 01:00,26.91,12.74
04/01/2025 01:00,04/01/2025 01:30,24.70,11.76
04/01/2025 01:30,04/01/2025 02:00,22.93,10.99
04/01/2025 02:00,04/01/2025 02:30,20.95,10.12
04/01/2025 02:30,04/01/2025 03:00,20.95,10.12
04/01/2025 03:00,04/01/2025 03:30,21.16,10.21
04/01/2025 03:30,04/01/2025 04:00,20.51,9.92
04/01/2025 04:00,04/01/2025 04:30,20.51,9.92
04/01/2025 04:30,04/01/2025 05:00,20.51,9.92
04/01/2025 05:00,04/01/2025 05:30,21.42,10.32
04/01/2025 05:30,04/01/2025 06:00,20.95,10.12
04/01/2025 06:00,04/01/2025 06:30,21.85,10.51
04/01/2025 06:30,04/01/2025 07:00,22.64,10.86
04/01/2025 07:00,04/01/2025 07:30,23.15,11.08
04/01/2025 07:30,04/01/2025 08:00,24.93,11.86
04/01/2025 08:00,04/01/2025 08:30,24.25,11.57
04/01/2025 08:30,04/01/2025 09:00,25.50,12.12
04/01/2025 09:00,04/01/2025 09:30,23.92,11.42
04/01/2025 09:30,04/01/2025 10:00,24.46,11.66
04/01/2025 10:00,04/01/2025 10:30,24.70,11.76
04/01/2025 10:30,04/01/2025 11:00,25.00,11.90
04/01/2025 11:00,04/01/2025 11:30,25.74,12.22
04/01/2025 11:30,04/01/2025 12:00,25.24,12.01
04/01/2025 12:00,04/01/2025 12:30,25.91,12.30
04/01/2025 12:30,04/01/2025 13:00,26.10,12.38
04/01/2025 13:00,04/01/2025 13:30,28.22,13.32
04/01/2025 13:30,04/01/2025 14:00,25.66,12.19
04/01/2025 14:00,04/01/2025 14:30,27.94,13.19
04/01/2025 14:30,04/01/2025 15:00,27.34,12.93
04/01/2025 15:00,04/01/2025 15:30,26.87,12.72
04/01/2025 15:30,04/01/2025 16:00,27.53,13.01
04/01/2025 16:00,04/01/2025 16:30,42.58,17.48
04/01/2025 16:30,04/01/2025 17:00,45.40,18.72
04/01/2025 17:00,04/01/2025 17:30,45.05,18.56
04/01/2025 17:30,04/01/2025 18:00,45.05,18.56
04/01/2025 18:00,04/01/2025 18:30,42.92,17.63
04/01/2025 18:30,04/01/2025 19:00,40.86,16.72
04/01/2025 19:00,04/01/2025 19:30,25.36,12.06
04/01/2025 19:30,04/01/2025 20:00,23.16,11.09
04/01/2025 20:00,04/01/2025 20:30,22.87,10.96
04/01/2025 20:30,04/01/2025 21:00,23.17,11.09
04/01/2025 21:00,04/01/2025 21:30,22.76,10.92
04/01/2025 21:30,04/01/2025 22:00,23.14,11.08
04/01/2025 22:00,04/01/2025 22:30,22.27,10.70
04/01/2025 22:30,04/01/2025 23:00,22.27,10.70
04/01/2025 23:00,04/01/2025 23:30,25.19,11.98
04/01/2025 23:30,05/01/2025 00:00,23.15,11.08
05/01/2025 00:00,05/01/2025 00:30,19.40,9.44
05/01/2025 00:30,05/01/2025 01:00,24.70,11.76
05/01/2025 01:00,05/01/2025 01:30,23.07,11.05
05/01/2025 01:30,05/01/2025 02:00,21.24,10.24
05/01/2025 02:00,05/01/2025 02:30,19.23,9.36
05/01/2025 02:30,05/01/2025 03:00,18.30,8.95
05/01/2025 03:00,05/01/2025 03:30,17.20,8.47
05/01/2025 03:30,05/01/2025 04:00,15.44,7.69
05/01/2025 04:00,05/01/2025 04:30,16.10,7.98
05/01/2025 04:30,05/01/2025 05:00,15.44,7.69
05/01/2025 05:00,05/01/2025 05:30,15.44,7.69
05/01/2025 05:30,05/01/2025 06:00,15.74,7.82
05/01/2025 06:00,05/01/2025 06:30,16.54,8.18
05/01/2025 06:30,05/01/2025 07:00,18.15,8.88
05/01/2025 07:00,05/01/2025 07:30,18.59,9.08
05/01/2025 07:30,05/01/2025 08:00,20.86,10.08
05/01/2025 08:00,05/01/2025 08:30,21.61,10.41
05/01/2025 08:30,05/01/2025 09:00,22.49,10.79
05/01/2025 09:00,05/01/2025 09:30,22.61,10.85
05/01/2025 09:30,05/01/2025 10:00,22.25,10.69
05/01/2025 10:00,05/01/2025 10:30,22.26,10.69
05/01/2025 10:30,05/01/2025 11:00,23.17,11.09
05/01/2025 11:00,05/01/2025 11:30,23.64,11.30
05/01/2025 11:30,05/01/2025 12:00,22.05,10.60
05/01/2025 12:00,05/01/2025 12:30,20.57,9.95
05/01/2025 12:30,05/01/2025 13:00,24.86,11.84
05/01/2025 13:00,05/01/2025 13:30,24.86,11.84
05/01/2025 13:30,05/01/2025 14:00,24.89,11.85
05/01/2025 14:00,05/01/2025 14:30,23.37,11.18
05/01/2025 14:30,05/01/2025 15:00,23.34,11.17
05/01/2025 15:00,05/01/2025 15:30,24.05,11.48
05/01/2025 15:30,05/01/2025 16:00,24.70,11.76
05/01/2025 16:00,05/01/2025 16:30,39.75,16.23
05/01/2025 16:30,05/01/2025 17:00,41.87,17.17
05/01/2025 17:00,05/01/2025 17:30,41.37,16.94
05/01/2025 17:30,05/01/2025 18:00,41.37,16.94
05/01/2025 18:00,05/01/2025 18:30,38.48,15.67
05/01/2025 18:30,05/01/2025 19:00,37.31,15.16
05/01/2025 19:00,05/01/2025 19:30,23.81,11.38
05/01/2025 19:30,05/01/2025 20:00,26.37,12.50
05/01/2025 20:00,05/01/2025 20:30,23.04,11.04
05/01/2025 20:30,05/01/2025 21:00,21.27,10.26
05/01/2025 21:00,05/01/2025 21:30,22.05,10.60
05/01/2025 21:30,05/01/2025 22:00,20.77,10.04
05/01/2025 22:00,05/01/2025 22:30,16.98,8.37
05/01/2025 22:30,05/01/2025 23:00,11.03,5.75
05/01/2025 23:00,05/01/2025 23:30,20.73,10.02
05/01/2025 23:30,06/01/2025 00:00,14.75,7.39
06/01/2025 00:00,06/01/2025 00:30,11.91,6.14
06/01/2025 00:30,06/01/2025 01:00,18.44,9.01
06/01/2025 01:00,06/01/2025 01:30,11.85,6.11
06/01/2025 01:30,06/01/2025 02:00,6.62,3.81
06/01/2025 02:00,06/01/2025 02:30,5.59,3.36
06/01/2025 02:30,06/01/2025 03:00,1.98,1.77
06/01/2025 03:00,06/01/2025 03:30,6.17,3.62
06/01/2025 03:30,06/01/2025 04:00,3.17,2.30
06/01/2025 04:00,06/01/2025 04:30,7.94,4.39
06/01/2025 04:30,06/01/2025 05:00,5.29,3.23
06/01/2025 05:00,06/01/2025 05:30,5.51,3.32
06/01/2025 05:30,06/01/2025 06:00,10.58,5.56
06/01/2025 06:00,06/01/2025 06:30,17.03,8.39
06/01/2025 06:30,06/01/2025 07:00,21.86,10.52
06/01/2025 07:00,06/01/2025 07:30,22.71,10.89
06/01/2025 07:30,06/01/2025 08:00,20.95,10.12
06/01/2025 08:00,06/01/2025 08:30,23.46,11.22
06/01/2025 08:30,06/01/2025 09:00,20.95,10.12
06/01/2025 09:00,06/01/2025 09:30,22.05,10.60
06/01/2025 09:30,06/01/2025 10:00,22.70,10.89
06/01/2025 10:00,06/01/2025 10:30,23.15,11.08
06/01/2025 10:30,06/01/2025 11:00,23.14,11.08
06/01/2025 11:00,06/01/2025 11:30,22.27,10.70
06/01/2025 11:30,06/01/2025 12:00,20.95,10.12
06/01/2025 12:00,06/01/2025 12:30,21.71,10.45
06/01/2025 12:30,06/01/2025 13:00,21.81,10.49
06/01/2025 13:00,06/01/2025 13:30,21.17,10.21
06/01/2025 13:30,06/01/2025 14:00,21.63,10.42
06/01/2025 14:00,06/01/2025 14:30,21.55,10.38
06/01/2025 14:30,06/01/2025 15:00,22.39,10.75
06/01/2025 15:00,06/01/2025 15:30,19.84,9.63
06/01/2025 15:30,06/01/2025 16:00,21.17,10.21
06/01/2025 16:00,06/01/2025 16:30,35.70,14.45
06/01/2025 16:30,06/01/2025 17:00,41.33,16.92
06/01/2025 17:00,06/01/2025 17:30,40.11,16.39
06/01/2025 17:30,06/01/2025 18:00,41.05,16.81
06/01/2025 18:00,06/01/2025 18:30,40.11,16.39
06/01/2025 18:30,06/01/2025 19:00,38.13,15.52
06/01/2025 19:00,06/01/2025 19:30,26.02,12.35
06/01/2025 19:30,06/01/2025 20:00,22.49,10.79
06/01/2025 20:00,06/01/2025 20:30,23.30,11.15
06/01/2025 20:30,06/01/2025 21:00,22.27,10.70
06/01/2025 21:00,06/01/2025 21:30,20.95,10.12
06/01/2025 21:30,06/01/2025 22:00,22.71,10.89
06/01/2025 22:00,06/01/2025 22:30,21.29,10.27
06/01/2025 22:30,06/01/2025 23:00,18.83,9.18
06/01/2025 23:00,06/01/2025 23:30,17.64,8.66
06/01/2025 23:30,07/01/2025 00:00,16.54,8.18
07/01/2025 00:00,07/01/2025 00:30,18.59,9.08
07/01/2025 00:30,07/01/2025 01:00,22.09,10.62
07/01/2025 01:00,07/01/2025 01:30,19.67,9.55
07/01/2025 01:30,07/01/2025 02:00,18.08,8.85
07/01/2025 02:00,07/01/2025 02:30,18.74,9.14
07/01/2025 02:30,07/01/2025 03:00,17.72,8.70
07/01/2025 03:00,07/01/2025 03:30,18.74,9.14
07/01/2025 03:30,07/01/2025 04:00,18.08,8.85
07/01/2025 04:00,07/01/2025 04:30,17.20,8.47
07/01/2025 04:30,07/01/2025 05:00,13.07,6.65
07/01/2025 05:00,07/01/2025 05:30,17.88,8.77
07/01/2025 05:30,07/01/2025 06:00,18.46,9.02
07/01/2025 06:00,07/01/2025 06:30,20.93,10.11
07/01/2025 06:30,07/01/2025 07:00,20.91,10.10
07/01/2025 07:00,07/01/2025 07:30,25.08,11.94
07/01/2025 07:30,07/01/2025 08:00,22.71,10.89
07/01/2025 08:00,07/01/2025 08:30,26.06,12.37
07/01/2025 08:30,07/01/2025 09:00,26.32,12.48
07/01/2025 09:00,07/01/2025 09:30,27.70,13.08
07/01/2025 09:30,07/01/2025 10:00,27.52,13.01
07/01/2025 10:00,07/01/2025 10:30,25.58,12.15
07/01/2025 10:30,07/01/2025 11:00,23.81,11.38
07/01/2025 11:00,07/01/2025 11:30,21.35,10.29
07/01/2025 11:30,07/01/2025 12:00,20.83,10.07
07/01/2025 12:00,07/01/2025 12:30,20.64,9.98
07/01/2025 12:30,07/01/2025 13:00,21.03,10.15
07/01/2025 13:00,07/01/2025 13:30,20.04,9.72
07/01/2025 13:30,07/01/2025 14:00,20.64,9.98
07/01/2025 14:00,07/01/2025 14:30,20.95,10.12
07/01/2025 14:30,07/01/2025 15:00,20.66,9.99
07/01/2025 15:00,07/01/2025 15:30,22.23,10.68
07/01/2025 15:30,07/01/2025 16:00,25.67,12.19
07/01/2025 16:00,07/01/2025 16:30,38.45,15.66
07/01/2025 16:30,07/01/2025 17:00,41.65,17.07
07/01/2025 17:00,07/01/2025 17:30,39.47,16.11
07/01/2025 17:30,07/01/2025 18:00,40.86,16.72
07/01/2025 18:00,07/01/2025 18:30,40.33,16.49
07/01/2025 18:30,07/01/2025 19:00,39.09,15.94
07/01/2025 19:00,07/01/2025 19:30,25.86,12.28
07/01/2025 19:30,07/01/2025 20:00,25.07,11.93
07/01/2025 20:00,07/01/2025 20:30,23.11,11.07
07/01/2025 20:30,07/01/2025 21:00,22.12,10.63
07/01/2025 21:00,07/01/2025 21:30,22.83,10.94
07/01/2025 21:30,07/01/2025 22:00,22.67,10.87
07/01/2025 22:00,07/01/2025 22:30,22.05,10.60
07/01/2025 22:30,07/01/2025 23:00,19.49,9.47
07/01/2025 23:00,07/01/2025 23:30,17.99,8.81
07/01/2025 23:30,08/01/2025 00:00,15.46,7.70
08/01/2025 00:00,08/01/2025 00:30,12.65,6.47
08/01/2025 00:30,08/01/2025 01:00,19.06,9.28
08/01/2025 01:00,08/01/2025 01:30,16.32,8.08
08/01/2025 01:30,08/01/2025 02:00,14.15,7.13
08/01/2025 02:00,08/01/2025 02:30,13.83,6.98
08/01/2025 02:30,08/01/2025 03:00,14.31,7.20
08/01/2025 03:00,08/01/2025 03:30,14.16,7.13
08/01/2025 03:30,08/01/2025 04:00,13.89,7.01
08/01/2025 04:00,08/01/2025 04:30,18.75,9.15
08/01/2025 04:30,08/01/2025 05:00,17.64,8.66
08/01/2025 05:00,08/01/2025 05:30,18.96,9.24
08/01/2025 05:30,08/01/2025 06:00,17.64,8.66
08/01/2025 06:00,08/01/2025 06:30,19.40,9.44
08/01/2025 06:30,08/01/2025 07:00,20.48,9.91
08/01/2025 07:00,08/01/2025 07:30,22.71,10.89
08/01/2025 07:30,08/01/2025 08:00,26.46,12.54
08/01/2025 08:00,08/01/2025 08:30,26.10,12.38
08/01/2025 08:30,08/01/2025 09:00,25.36,12.06
08/01/2025 09:00,08/01/2025 09:30,31.65,14.82
08/01/2025 09:30,08/01/2025 10:00,31.65,14.82
08/01/2025 10:00,08/01/2025 10:30,31.75,14.87
08/01/2025 10:30,08/01/2025 11:00,31.75,14.87
08/01/2025 11:00,08/01/2025 11:30,34.05,15.88
08/01/2025 11:30,08/01/2025 12:00,31.75,14.87
08/01/2025 12:00,08/01/2025 12:30,38.37,17.78
08/01/2025 12:30,08/01/2025 13:00,44.10,20.30
08/01/2025 13:00,08/01/2025 13:30,57.33,26.12
08/01/2025 13:30,08/01/2025 14:00,59.76,27.19
08/01/2025 14:00,08/01/2025 14:30,62.27,28.29
08/01/2025 14:30,08/01/2025 15:00,63.50,28.84
08/01/2025 15:00,08/01/2025 15:30,48.51,22.24
08/01/2025 15:30,08/01/2025 16:00,70.18,31.78
08/01/2025 16:00,08/01/2025 16:30,88.16,37.53
08/01/2025 16:30,08/01/2025 17:00,99.99,43.55
08/01/2025 17:00,08/01/2025 17:30,93.11,39.71
08/01/2025 17:30,08/01/2025 18:00,98.74,42.18
08/01/2025 18:00,08/01/2025 18:30,99.99,43.27
08/01/2025 18:30,08/01/2025 19:00,95.23,40.64
08/01/2025 19:00,08/01/2025 19:30,64.39,29.22
08/01/2025 19:30,08/01/2025 20:00,55.14,25.16
08/01/2025 20:00,08/01/2025 20:30,45.42,20.88
08/01/2025 20:30,08/01/2025 21:00,29.11,13.70
08/01/2025 21:00,08/01/2025 21:30,30.34,14.25
08/01/2025 21:30,08/01/2025 22:00,22.60,10.84
08/01/2025 22:00,08/01/2025 22:30,23.81,11.38
08/01/2025 22:30,08/01/2025 23:00,19.18,9.34
08/01/2025 23:00,08/01/2025 23:30,26.59,12.59
08/01/2025 23:30,09/01/2025 00:00,22.27,10.70
09/01/2025 00:00,09/01/2025 00:30,20.51,9.92
09/01/2025 00:30,09/01/2025 01:00,26.24,12.44
09/01/2025 01:00,09/01/2025 01:30,22.93,10.99
09/01/2025 01:30,09/01/2025 02:00,20.62,9.97
09/01/2025 02:00,09/01/2025 02:30,19.62,9.53
09/01/2025 02:30,09/01/2025 03:00,16.42,8.13
09/01/2025 03:00,09/01/2025 03:30,19.84,9.63
09/01/2025 03:30,09/01/2025 04:00,18.90,9.21
09/01/2025 04:00,09/01/2025 04:30,19.82,9.62
09/01/2025 04:30,09/01/2025 05:00,18.08,8.85
09/01/2025 05:00,09/01/2025 05:30,20.29,9.82
09/01/2025 05:30,09/01/2025 06:00,20.05,9.72
09/01/2025 06:00,09/01/2025 06:30,20.95,10.12
09/01/2025 06:30,09/01/2025 07:00,22.74,10.90
09/01/2025 07:00,09/01/2025 07:30,24.49,11.67
09/01/2025 07:30,09/01/2025 08:00,28.48,13.43
09/01/2025 08:00,09/01/2025 08:30,29.31,13.79
09/01/2025 08:30,09/01/2025 09:00,29.88,14.04
09/01/2025 09:00,09/01/2025 09:30,28.93,13.63
09/01/2025 09:30,09/01/2025 10:00,27.45,12.98
09/01/2025 10:00,09/01/2025 10:30,28.44,13.41
09/01/2025 10:30,09/01/2025 11:00,25.35,12.05
09/01/2025 11:00,09/01/2025 11:30,24.70,11.76
09/01/2025 11:30,09/01/2025 12:00,19.84,9.63
09/01/2025 12:00,09/01/2025 12:30,22.49,10.79
09/01/2025 12:30,09/01/2025 13:00,22.33,10.73
09/01/2025 13:00,09/01/2025 13:30,20.59,9.96
09/01/2025 13:30,09/01/2025 14:00,20.46,9.90
09/01/2025 14:00,09/01/2025 14:30,20.39,9.87
09/01/2025 14:30,09/01/2025 15:00,22.89,10.97
09/01/2025 15:00,09/01/2025 15:30,20.62,9.97
09/01/2025 15:30,09/01/2025 16:00,25.07,11.93
09/01/2025 16:00,09/01/2025 16:30,35.02,14.15
09/01/2025 16:30,09/01/2025 17:00,40.99,16.78
09/01/2025 17:00,09/01/2025 17:30,37.77,15.36
09/01/2025 17:30,09/01/2025 18:00,40.25,16.45
09/01/2025 18:00,09/01/2025 18:30,39.51,16.13
09/01/2025 18:30,09/01/2025 19:00,38.13,15.52
09/01/2025 19:00,09/01/2025 19:30,24.50,11.68
09/01/2025 19:30,09/01/2025 20:00,20.73,10.02
09/01/2025 20:00,09/01/2025 20:30,22.74,10.90
09/01/2025 20:30,09/01/2025 21:00,19.62,9.53
09/01/2025 21:00,09/01/2025 21:30,24.48,11.67
09/01/2025 21:30,09/01/2025 22:00,18.40,8.99
09/01/2025 22:00,09/01/2025 22:30,20.45,9.90
09/01/2025 22:30,09/01/2025 23:00,18.52,9.05
09/01/2025 23:00,09/01/2025 23:30,19.53,9.49
09/01/2025 23:30,10/01/2025 00:00,19.53,9.49
10/01/2025 00:00,10/01/2025 00:30,13.87,7.00
10/01/2025 00:30,10/01/2025 01:00,19.53,9.49
10/01/2025 01:00,10/01/2025 01:30,19.18,9.34
10/01/2025 01:30,10/01/2025 02:00,14.31,7.20
10/01/2025 02:00,10/01/2025 02:30,19.18,9.34
10/01/2025 02:30,10/01/2025 03:00,19.53,9.49
10/01/2025 03:00,10/01/2025 03:30,17.64,8.66
10/01/2025 03:30,10/01/2025 04:00,15.44,7.69
10/01/2025 04:00,10/01/2025 04:30,18.30,8.95
10/01/2025 04:30,10/01/2025 05:00,17.41,8.56
10/01/2025 05:00,10/01/2025 05:30,18.96,9.24
10/01/2025 05:30,10/01/2025 06:00,19.18,9.34
10/01/2025 06:00,10/01/2025 06:30,19.53,9.49
10/01/2025 06:30,10/01/2025 07:00,22.18,10.66
10/01/2025 07:00,10/01/2025 07:30,28.22,13.32
10/01/2025 07:30,10/01/2025 08:00,34.84,16.23
10/01/2025 08:00,10/01/2025 08:30,48.07,22.05
10/01/2025 08:30,10/01/2025 09:00,56.45,25.73
10/01/2025 09:00,10/01/2025 09:30,68.09,30.85
10/01/2025 09:30,10/01/2025 10:00,65.86,29.87
10/01/2025 10:00,10/01/2025 10:30,72.54,32.81
10/01/2025 10:30,10/01/2025 11:00,60.64,27.58
10/01/2025 11:00,10/01/2025 11:30,71.00,32.13
10/01/2025 11:30,10/01/2025 12:00,70.56,31.94
10/01/2025 12:00,10/01/2025 12:30,77.17,34.85
10/01/2025 12:30,10/01/2025 13:00,77.17,34.85
10/01/2025 13:00,10/01/2025 13:30,88.20,39.70
10/01/2025 13:30,10/01/2025 14:00,66.15,30.00
10/01/2025 14:00,10/01/2025 14:30,61.30,27.87
10/01/2025 14:30,10/01/2025 15:00,88.20,39.70
10/01/2025 15:00,10/01/2025 15:30,55.13,25.15
10/01/2025 15:30,10/01/2025 16:00,99.99,51.11
10/01/2025 16:00,10/01/2025 16:30,86.42,36.76
10/01/2025 16:30,10/01/2025 17:00,99.99,67.80
10/01/2025 17:00,10/01/2025 17:30,99.99,55.68
10/01/2025 17:30,10/01/2025 18:00,99.99,62.95
10/01/2025 18:00,10/01/2025 18:30,99.99,62.95
10/01/2025 18:30,10/01/2025 19:00,99.99,43.55
10/01/2025 19:00,10/01/2025 19:30,99.99,45.71
10/01/2025 19:30,10/01/2025 20:00,55.13,25.15
10/01/2025 20:00,10/01/2025 20:30,73.43,33.20
10/01/2025 20:30,10/01/2025 21:00,35.28,16.42
10/01/2025 21:00,10/01/2025 21:30,30.34,14.25
10/01/2025 21:30,10/01/2025 22:00,22.68,10.88
10/01/2025 22:00,10/01/2025 22:30,30.77,14.43
10/01/2025 22:30,10/01/2025 23:00,21.99,10.57
10/01/2025 23:00,10/01/2025 23:30,25.14,11.96
10/01/2025 23:30,11/01/2025 00:00,20.70,10.00
11/01/2025 00:00,11/01/2025 00:30,19.84,9.63
11/01/2025 00:30,11/01/2025 01:00,25.36,12.06
11/01/2025 01:00,11/01/2025 01:30,21.25,10.25
11/01/2025 01:30,11/01/2025 02:00,19.84,9.63
11/01/2025 02:00,11/01/2025 02:30,20.40,9.87
11/01/2025 02:30,11/01/2025 03:00,19.45,9.46
11/01/2025 03:00,11/01/2025 03:30,20.22,9.79
11/01/2025 03:30,11/01/2025 04:00,19.40,9.44
11/01/2025 04:00,11/01/2025 04:30,19.18,9.34
11/01/2025 04:30,11/01/2025 05:00,18.74,9.14
11/01/2025 05:00,11/01/2025 05:30,19.30,9.39
11/01/2025 05:30,11/01/2025 06:00,19.40,9.44
11/01/2025 06:00,11/01/2025 06:30,21.95,10.55
11/01/2025 06:30,11/01/2025 07:00,21.95,10.55
11/01/2025 07:00,11/01/2025 07:30,20.74,10.02
11/01/2025 07:30,11/01/2025 08:00,21.95,10.55
11/01/2025 08:00,11/01/2025 08:30,20.81,10.06
11/01/2025 08:30,11/01/2025 09:00,26.90,12.73
11/01/2025 09:00,11/01/2025 09:30,22.93,10.99
11/01/2025 09:30,11/01/2025 10:00,23.92,11.42
11/01/2025 10:00,11/01/2025 10:30,25.58,12.15
11/01/2025 10:30,11/01/2025 11:00,24.07,11.49
11/01/2025 11:00,11/01/2025 11:30,23.88,11.41
11/01/2025 11:30,11/01/2025 12:00,21.55,10.38
11/01/2025 12:00,11/01/2025 12:30,21.69,10.44
11/01/2025 12:30,11/01/2025 13:00,22.41,10.76
11/01/2025 13:00,11/01/2025 13:30,20.64,9.98
11/01/2025 13:30,11/01/2025 14:00,20.02,9.71
11/01/2025 14:00,11/01/2025 14:30,20.12,9.75
11/01/2025 14:30,11/01/2025 15:00,22.49,10.79
11/01/2025 15:00,11/01/2025 15:30,21.83,10.50
11/01/2025 15:30,11/01/2025 16:00,27.34,12.93
11/01/2025 16:00,11/01/2025 16:30,38.01,15.47
11/01/2025 16:30,11/01/2025 17:00,46.11,19.03
11/01/2025 17:00,11/01/2025 17:30,42.42,17.41
11/01/2025 17:30,11/01/2025 18:00,45.74,18.87
11/01/2025 18:00,11/01/2025 18:30,45.70,18.85
11/01/2025 18:30,11/01/2025 19:00,41.29,16.91
11/01/2025 19:00,11/01/2025 19:30,29.11,13.70
11/01/2025 19:30,11/01/2025 20:00,22.86,10.96
11/01/2025 20:00,11/01/2025 20:30,26.02,12.35
11/01/2025 20:30,11/01/2025 21:00,22.53,10.81
11/01/2025 21:00,11/01/2025 21:30,22.47,10.78
11/01/2025 21:30,11/01/2025 22:00,21.41,10.32
11/01/2025 22:00,11/01/2025 22:30,21.95,10.55
11/01/2025 22:30,11/01/2025 23:00,21.11,10.18
11/01/2025 23:00,11/01/2025 23:30,24.12,11.51
11/01/2025 23:30,12/01/2025 00:00,23.37,11.18
12/01/2025 00:00,12/01/2025 00:30,20.29,9.82
12/01/2025 00:30,12/01/2025 01:00,28.40,13.39
12/01/2025 01:00,12/01/2025 01:30,25.36,12.06
12/01/2025 01:30,12/01/2025 02:00,24.03,11.47
12/01/2025 02:00,12/01/2025 02:30,21.83,10.50
12/01/2025 02:30,12/01/2025 03:00,20.95,10.12
12/01/2025 03:00,12/01/2025 03:30,20.73,10.02
12/01/2025 03:30,12/01/2025 04:00,20.51,9.92
12/01/2025 04:00,12/01/2025 04:30,20.28,9.82
12/01/2025 04:30,12/01/2025 05:00,19.82,9.62
12/01/2025 05:00,12/01/2025 05:30,20.28,9.82
12/01/2025 05:30,12/01/2025 06:00,19.79,9.61
12/01/2025 06:00,12/01/2025 06:30,20.28,9.82
12/01/2025 06:30,12/01/2025 07:00,19.84,9.63
12/01/2025 07:00,12/01/2025 07:30,20.68,10.00
12/01/2025 07:30,12/01/2025 08:00,21.63,10.42
12/01/2025 08:00,12/01/2025 08:30,20.51,9.92
12/01/2025 08:30,12/01/2025 09:00,23.51,11.24
12/01/2025 09:00,12/01/2025 09:30,23.86,11.40
12/01/2025 09:30,12/01/2025 10:00,24.10,11.50
12/01/2025 10:00,12/01/2025 10:30,25.66,12.19
12/01/2025 10:30,12/01/2025 11:00,25.66,12.19
12/01/2025 11:00,12/01/2025 11:30,24.70,11.76
12/01/2025 11:30,12/01/2025 12:00,24.70,11.76
12/01/2025 12:00,12/01/2025 12:30,23.86,11.39
12/01/2025 12:30,12/01/2025 13:00,25.03,11.91
12/01/2025 13:00,12/01/2025 13:30,23.67,11.31
12/01/2025 13:30,12/01/2025 14:00,21.95,10.55
12/01/2025 14:00,12/01/2025 14:30,22.49,10.79
12/01/2025 14:30,12/01/2025 15:00,22.93,10.99
12/01/2025 15:00,12/01/2025 15:30,22.49,10.79
12/01/2025 15:30,12/01/2025 16:00,24.15,11.52
12/01/2025 16:00,12/01/2025 16:30,37.68,15.32
12/01/2025 16:30,12/01/2025 17:00,41.87,17.17
12/01/2025 17:00,12/01/2025 17:30,41.07,16.81
12/01/2025 17:30,12/01/2025 18:00,41.43,16.97
12/01/2025 18:00,12/01/2025 18:30,41.25,16.89
12/01/2025 18:30,12/01/2025 19:00,36.12,14.63
12/01/2025 19:00,12/01/2025 19:30,27.70,13.08
12/01/2025 19:30,12/01/2025 20:00,22.49,10.79
12/01/2025 20:00,12/01/2025 20:30,23.59,11.28
12/01/2025 20:30,12/01/2025 21:00,21.80,10.49
12/01/2025 21:00,12/01/2025 21:30,24.03,11.47
12/01/2025 21:30,12/01/2025 22:00,21.14,10.20
12/01/2025 22:00,12/01/2025 22:30,21.61,10.41
12/01/2025 22:30,12/01/2025 23:00,21.39,10.31
12/01/2025 23:00,12/01/2025 23:30,21.55,10.38
12/01/2025 23:30,13/01/2025 00:00,18.30,8.95
13/01/2025 00:00,13/01/2025 00:30,17.64,8.66
13/01/2025 00:30,13/01/2025 01:00,21.81,10.49
13/01/2025 01:00,13/01/2025 01:30,21.27,10.26
13/01/2025 01:30,13/01/2025 02:00,19.23,9.36
13/01/2025 02:00,13/01/2025 02:30,19.94,9.67
13/01/2025 02:30,13/01/2025 03:00,19.03,9.27
13/01/2025 03:00,13/01/2025 03:30,18.56,9.07
13/01/2025 03:30,13/01/2025 04:00,18.30,8.95
13/01/2025 04:00,13/01/2025 04:30,22.05,10.60
13/01/2025 04:30,13/01/2025 05:00,19.94,9.67
13/01/2025 05:00,13/01/2025 05:30,19.94,9.67
13/01/2025 05:30,13/01/2025 06:00,19.40,9.44
13/01/2025 06:00,13/01/2025 06:30,21.17,10.21
13/01/2025 06:30,13/01/2025 07:00,21.17,10.21
13/01/2025 07:00,13/01/2025 07:30,22.05,10.60
13/01/2025 07:30,13/01/2025 08:00,23.37,11.18
13/01/2025 08:00,13/01/2025 08:30,25.06,11.93
13/01/2025 08:30,13/01/2025 09:00,26.46,12.54
13/01/2025 09:00,13/01/2025 09:30,24.03,11.47
13/01/2025 09:30,13/01/2025 10:00,23.15,11.08
13/01/2025 10:00,13/01/2025 10:30,22.21,10.67
13/01/2025 10:30,13/01/2025 11:00,22.21,10.67
13/01/2025 11:00,13/01/2025 11:30,19.94,9.67
13/01/2025 11:30,13/01/2025 12:00,19.23,9.36
13/01/2025 12:00,13/01/2025 12:30,19.23,9.36
13/01/2025 12:30,13/01/2025 13:00,19.23,9.36
13/01/2025 13:00,13/01/2025 13:30,19.94,9.67
13/01/2025 13:30,13/01/2025 14:00,19.94,9.67
13/01/2025 14:00,13/01/2025 14:30,19.94,9.67
13/01/2025 14:30,13/01/2025 15:00,19.94,9.67
13/01/2025 15:00,13/01/2025 15:30,22.49,10.79
13/01/2025 15:30,13/01/2025 16:00,23.22,11.11
13/01/2025 16:00,13/01/2025 16:30,37.56,15.27
13/01/2025 16:30,13/01/2025 17:00,42.60,17.49
13/01/2025 17:00,13/01/2025 17:30,41.15,16.85
13/01/2025 17:30,13/01/2025 18:00,41.15,16.85
13/01/2025 18:00,13/01/2025 18:30,41.69,17.08
13/01/2025 18:30,13/01/2025 19:00,37.46,15.23
13/01/2025 19:00,13/01/2025 19:30,27.87,13.16
13/01/2025 19:30,13/01/2025 20:00,23.17,11.09
13/01/2025 20:00,13/01/2025 20:30,23.34,11.17
13/01/2025 20:30,13/01/2025 21:00,19.94,9.67
13/01/2025 21:00,13/01/2025 21:30,26.46,12.54
13/01/2025 21:30,13/01/2025 22:00,20.09,9.74
13/01/2025 22:00,13/01/2025 22:30,22.27,10.70
13/01/2025 22:30,13/01/2025 23:00,20.95,10.12
13/01/2025 23:00,13/01/2025 23:30,20.95,10.12
13/01/2025 23:30,14/01/2025 00:00,19.84,9.63
14/01/2025 00:00,14/01/2025 00:30,19.62,9.53
14/01/2025 00:30,14/01/2025 01:00,20.46,9.90
14/01/2025 01:00,14/01/2025 01:30,20.93,10.11
14/01/2025 01:30,14/01/2025 02:00,20.29,9.82
14/01/2025 02:00,14/01/2025 02:30,20.29,9.82
14/01/2025 02:30,14/01/2025 03:00,20.29,9.82
14/01/2025 03:00,14/01/2025 03:30,20.29,9.82
14/01/2025 03:30,14/01/2025 04:00,20.11,9.75
14/01/2025 04:00,14/01/2025 04:30,20.29,9.82
14/01/2025 04:30,14/01/2025 05:00,20.29,9.82
14/01/2025 05:00,14/01/2025 05:30,20.39,9.87
14/01/2025 05:30,14/01/2025 06:00,20.91,10.10
14/01/2025 06:00,14/01/2025 06:30,22.95,11.00
14/01/2025 06:30,14/01/2025 07:00,21.61,10.41
14/01/2025 07:00,14/01/2025 07:30,22.46,10.78
14/01/2025 07:30,14/01/2025 08:00,29.46,13.86
14/01/2025 08:00,14/01/2025 08:30,30.12,14.15
14/01/2025 08:30,14/01/2025 09:00,28.22,13.32
14/01/2025 09:00,14/01/2025 09:30,24.48,11.67
14/01/2025 09:30,14/01/2025 10:00,23.29,11.14
14/01/2025 10:00,14/01/2025 10:30,21.83,10.50
14/01/2025 10:30,14/01/2025 11:00,21.61,10.41
14/01/2025 11:00,14/01/2025 11:30,21.65,10.43
14/01/2025 11:30,14/01/2025 12:00,22.49,10.79
14/01/2025 12:00,14/01/2025 12:30,21.28,10.26
14/01/2025 12:30,14/01/2025 13:00,21.28,10.26
14/01/2025 13:00,14/01/2025 13:30,21.28,10.26
14/01/2025 13:30,14/01/2025 14:00,21.82,10.50
14/01/2025 14:00,14/01/2025 14:30,26.36,12.49
14/01/2025 14:30,14/01/2025 15:00,24.25,11.57
14/01/2025 15:00,14/01/2025 15:30,25.36,12.06
14/01/2025 15:30,14/01/2025 16:00,27.87,13.16
14/01/2025 16:00,14/01/2025 16:30,38.99,15.90
14/01/2025 16:30,14/01/2025 17:00,45.40,18.72
14/01/2025 17:00,14/01/2025 17:30,47.39,19.59
14/01/2025 17:30,14/01/2025 18:00,47.43,19.61
14/01/2025 18:00,14/01/2025 18:30,46.73,19.30
14/01/2025 18:30,14/01/2025 19:00,43.39,17.83
14/01/2025 19:00,14/01/2025 19:30,28.93,13.63
14/01/2025 19:30,14/01/2025 20:00,26.18,12.42
14/01/2025 20:00,14/01/2025 20:30,25.12,11.95
14/01/2025 20:30,14/01/2025 21:00,21.28,10.26
14/01/2025 21:00,14/01/2025 21:30,25.14,11.96
14/01/2025 21:30,14/01/2025 22:00,20.29,9.82
14/01/2025 22:00,14/01/2025 22:30,20.95,10.12
14/01/2025 22:30,14/01/2025 23:00,19.84,9.63
14/01/2025 23:00,14/01/2025 23:30,23.59,11.28
14/01/2025 23:30,15/01/2025 00:00,22.39,10.75
15/01/2025 00:00,15/01/2025 00:30,20.91,10.09
15/01/2025 00:30,15/01/2025 01:00,22.07,10.61
15/01/2025 01:00,15/01/2025 01:30,20.91,10.09
15/01/2025 01:30,15/01/2025 02:00,20.91,10.09
15/01/2025 02:00,15/01/2025 02:30,20.91,10.09
15/01/2025 02:30,15/01/2025 03:00,20.87,10.08
15/01/2025 03:00,15/01/2025 03:30,20.85,10.07
15/01/2025 03:30,15/01/2025 04:00,20.91,10.09
15/01/2025 04:00,15/01/2025 04:30,20.91,10.09
15/01/2025 04:30,15/01/2025 05:00,20.91,10.09
15/01/2025 05:00,15/01/2025 05:30,24.25,11.57
15/01/2025 05:30,15/01/2025 06:00,21.41,10.32
15/01/2025 06:00,15/01/2025 06:30,22.05,10.60
15/01/2025 06:30,15/01/2025 07:00,24.70,11.76
15/01/2025 07:00,15/01/2025 07:30,28.44,13.41
15/01/2025 07:30,15/01/2025 08:00,29.24,13.76
15/01/2025 08:00,15/01/2025 08:30,30.65,14.38
15/01/2025 08:30,15/01/2025 09:00,30.87,14.48
15/01/2025 09:00,15/01/2025 09:30,29.77,14.00
15/01/2025 09:30,15/01/2025 10:00,29.99,14.09
15/01/2025 10:00,15/01/2025 10:30,28.58,13.47
15/01/2025 10:30,15/01/2025 11:00,28.19,13.30
15/01/2025 11:00,15/01/2025 11:30,26.68,12.64
15/01/2025 11:30,15/01/2025 12:00,25.58,12.15
15/01/2025 12:00,15/01/2025 12:30,26.46,12.54
15/01/2025 12:30,15/01/2025 13:00,27.16,12.85
15/01/2025 13:00,15/01/2025 13:30,26.81,12.69
15/01/2025 13:30,15/01/2025 14:00,26.17,12.41
15/01/2025 14:00,15/01/2025 14:30,24.25,11.57
15/01/2025 14:30,15/01/2025 15:00,26.85,12.71
15/01/2025 15:00,15/01/2025 15:30,25.82,12.26
15/01/2025 15:30,15/01/2025 16:00,30.79,14.44
15/01/2025 16:00,15/01/2025 16:30,42.93,17.63
15/01/2025 16:30,15/01/2025 17:00,50.03,20.76
15/01/2025 17:00,15/01/2025 17:30,52.30,21.75
15/01/2025 17:30,15/01/2025 18:00,53.78,22.40
15/01/2025 18:00,15/01/2025 18:30,51.13,21.24
15/01/2025 18:30,15/01/2025 19:00,47.88,19.81
15/01/2025 19:00,15/01/2025 19:30,31.31,14.67
15/01/2025 19:30,15/01/2025 20:00,26.02,12.35
15/01/2025 20:00,15/01/2025 20:30,27.98,13.21
15/01/2025 20:30,15/01/2025 21:00,24.59,11.72
15/01/2025 21:00,15/01/2025 21:30,25.76,12.23
15/01/2025 21:30,15/01/2025 22:00,21.44,10.33
15/01/2025 22:00,15/01/2025 22:30,20.91,10.09
15/01/2025 22:30,15/01/2025 23:00,20.13,9.76
15/01/2025 23:00,15/01/2025 23:30,22.49,10.79
15/01/2025 23:30,16/01/2025 00:00,21.81,10.49
16/01/2025 00:00,16/01/2025 00:30,19.40,9.44
16/01/2025 00:30,16/01/2025 01:00,23.37,11.18
16/01/2025 01:00,16/01/2025 01:30,20.83,10.07
16/01/2025 01:30,16/01/2025 02:00,20.07,9.73
16/01/2025 02:00,16/01/2025 02:30,21.35,10.29
16/01/2025 02:30,16/01/2025 03:00,20.30,9.83
16/01/2025 03:00,16/01/2025 03:30,20.55,9.94
16/01/2025 03:30,16/01/2025 04:00,20.44,9.89
16/01/2025 04:00,16/01/2025 04:30,20.44,9.89
16/01/2025 04:30,16/01/2025 05:00,19.84,9.63
16/01/2025 05:00,16/01/2025 05:30,20.95,10.12
16/01/2025 05:30,16/01/2025 06:00,20.33,9.84
16/01/2025 06:00,16/01/2025 06:30,20.51,9.92
16/01/2025 06:30,16/01/2025 07:00,24.70,11.76
16/01/2025 07:00,16/01/2025 07:30,23.37,11.18
16/01/2025 07:30,16/01/2025 08:00,27.52,13.01
16/01/2025 08:00,16/01/2025 08:30,28.79,13.57
16/01/2025 08:30,16/01/2025 09:00,28.54,13.46
16/01/2025 09:00,16/01/2025 09:30,28.22,13.32
16/01/2025 09:30,16/01/2025 10:00,26.24,12.44
16/01/2025 10:00,16/01/2025 10:30,25.29,12.03
16/01/2025 10:30,16/01/2025 11:00,23.37,11.18
16/01/2025 11:00,16/01/2025 11:30,24.03,11.47
16/01/2025 11:30,16/01/2025 12:00,21.28,10.26
16/01/2025 12:00,16/01/2025 12:30,20.79,10.04
16/01/2025 12:30,16/01/2025 13:00,21.17,10.21
16/01/2025 13:00,16/01/2025 13:30,20.79,10.04
16/01/2025 13:30,16/01/2025 14:00,20.79,10.04
16/01/2025 14:00,16/01/2025 14:30,21.27,10.26
16/01/2025 14:30,16/01/2025 15:00,21.76,10.47
16/01/2025 15:00,16/01/2025 15:30,21.71,10.45
16/01/2025 15:30,16/01/2025 16:00,24.92,11.86
16/01/2025 16:00,16/01/2025 16:30,39.82,16.26
16/01/2025 16:30,16/01/2025 17:00,45.40,18.72
16/01/2025 17:00,16/01/2025 17:30,42.76,17.55
16/01/2025 17:30,16/01/2025 18:00,43.64,17.94
16/01/2025 18:00,16/01/2025 18:30,42.69,17.52
16/01/2025 18:30,16/01/2025 19:00,37.94,15.43
16/01/2025 19:00,16/01/2025 19:30,24.70,11.76
16/01/2025 19:30,16/01/2025 20:00,21.17,10.21
16/01/2025 20:00,16/01/2025 20:30,22.93,10.99
16/01/2025 20:30,16/01/2025 21:00,21.63,10.42
16/01/2025 21:00,16/01/2025 21:30,23.08,11.05
16/01/2025 21:30,16/01/2025 22:00,21.52,10.37
16/01/2025 22:00,16/01/2025 22:30,19.99,9.69
16/01/2025 22:30,16/01/2025 23:00,19.18,9.34
16/01/2025 23:00,16/01/2025 23:30,21.27,10.26
16/01/2025 23:30,17/01/2025 00:00,20.73,10.02
17/01/2025 00:00,17/01/2025 00:30,20.51,9.92
17/01/2025 00:30,17/01/2025 01:00,21.39,10.31
17/01/2025 01:00,17/01/2025 01:30,19.86,9.63
17/01/2025 01:30,17/01/2025 02:00,19.34,9.41
17/01/2025 02:00,17/01/2025 02:30,19.35,9.41
17/01/2025 02:30,17/01/2025 03:00,18.96,9.24
17/01/2025 03:00,17/01/2025 03:30,19.79,9.61
17/01/2025 03:30,17/01/2025 04:00,19.38,9.43
17/01/2025 04:00,17/01/2025 04:30,19.79,9.61
17/01/2025 04:30,17/01/2025 05:00,19.79,9.61
17/01/2025 05:00,17/01/2025 05:30,19.79,9.61
17/01/2025 05:30,17/01/2025 06:00,19.84,9.63
17/01/2025 06:00,17/01/2025 06:30,21.83,10.50
17/01/2025 06:30,17/01/2025 07:00,21.39,10.31
17/01/2025 07:00,17/01/2025 07:30,18.96,9.24
17/01/2025 07:30,17/01/2025 08:00,21.33,10.28
17/01/2025 08:00,17/01/2025 08:30,23.37,11.18
17/01/2025 08:30,17/01/2025 09:00,25.58,12.15
17/01/2025 09:00,17/01/2025 09:30,26.13,12.40
17/01/2025 09:30,17/01/2025 10:00,26.02,12.35
17/01/2025 10:00,17/01/2025 10:30,25.21,11.99
17/01/2025 10:30,17/01/2025 11:00,24.79,11.80
17/01/2025 11:00,17/01/2025 11:30,23.35,11.17
17/01/2025 11:30,17/01/2025 12:00,22.71,10.89
17/01/2025 12:00,17/01/2025 12:30,22.93,10.99
17/01/2025 12:30,17/01/2025 13:00,23.65,11.30
17/01/2025 13:00,17/01/2025 13:30,22.03,10.59
17/01/2025 13:30,17/01/2025 14:00,22.23,10.68
17/01/2025 14:00,17/01/2025 14:30,22.71,10.89
17/01/2025 14:30,17/01/2025 15:00,22.71,10.89
17/01/2025 15:00,17/01/2025 15:30,23.59,11.28
17/01/2025 15:30,17/01/2025 16:00,25.36,12.06
17/01/2025 16:00,17/01/2025 16:30,42.76,17.55
17/01/2025 16:30,17/01/2025 17:00,46.74,19.31
17/01/2025 17:00,17/01/2025 17:30,46.73,19.30
17/01/2025 17:30,17/01/2025 18:00,46.76,19.31
17/01/2025 18:00,17/01/2025 18:30,46.07,19.01
17/01/2025 18:30,17/01/2025 19:00,42.76,17.55
17/01/2025 19:00,17/01/2025 19:30,28.66,13.51
17/01/2025 19:30,17/01/2025 20:00,25.44,12.09
17/01/2025 20:00,17/01/2025 20:30,27.23,12.88
17/01/2025 20:30,17/01/2025 21:00,23.70,11.33
17/01/2025 21:00,17/01/2025 21:30,23.81,11.38
17/01/2025 21:30,17/01/2025 22:00,23.09,11.06
17/01/2025 22:00,17/01/2025 22:30,23.32,11.16
17/01/2025 22:30,17/01/2025 23:00,21.22,10.24
17/01/2025 23:00,17/01/2025 23:30,27.16,12.85
17/01/2025 23:30,18/01/2025 00:00,23.02,11.03
18/01/2025 00:00,18/01/2025 00:30,21.05,10.16
18/01/2025 00:30,18/01/2025 01:00,23.59,11.28
18/01/2025 01:00,18/01/2025 01:30,22.91,10.98
18/01/2025 01:30,18/01/2025 02:00,21.05,10.16
18/01/2025 02:00,18/01/2025 02:30,22.01,10.58
18/01/2025 02:30,18/01/2025 03:00,21.39,10.31
18/01/2025 03:00,18/01/2025 03:30,22.69,10.88
18/01/2025 03:30,18/01/2025 04:00,21.05,10.16
18/01/2025 04:00,18/01/2025 04:30,21.05,10.16
18/01/2025 04:30,18/01/2025 05:00,20.91,10.10
18/01/2025 05:00,18/01/2025 05:30,21.39,10.31
18/01/2025 05:30,18/01/2025 06:00,21.39,10.31
18/01/2025 06:00,18/01/2025 06:30,21.17,10.21
18/01/2025 06:30,18/01/2025 07:00,22.27,10.70
18/01/2025 07:00,18/01/2025 07:30,21.05,10.16
18/01/2025 07:30,18/01/2025 08:00,22.93,10.99
18/01/2025 08:00,18/01/2025 08:30,22.06,10.60
18/01/2025 08:30,18/01/2025 09:00,30.43,14.29
18/01/2025 09:00,18/01/2025 09:30,23.71,11.33
18/01/2025 09:30,18/01/2025 10:00,24.76,11.79
18/01/2025 10:00,18/01/2025 10:30,23.71,11.33
18/01/2025 10:30,18/01/2025 11:00,23.13,11.08
18/01/2025 11:00,18/01/2025 11:30,22.75,10.91
18/01/2025 11:30,18/01/2025 12:00,22.27,10.70
18/01/2025 12:00,18/01/2025 12:30,22.03,10.59
18/01/2025 12:30,18/01/2025 13:00,22.03,10.59
18/01/2025 13:00,18/01/2025 13:30,22.41,10.76
18/01/2025 13:30,18/01/2025 14:00,22.29,10.71
18/01/2025 14:00,18/01/2025 14:30,23.81,11.38
18/01/2025 14:30,18/01/2025 15:00,23.37,11.18
18/01/2025 15:00,18/01/2025 15:30,24.41,11.64
18/01/2025 15:30,18/01/2025 16:00,24.48,11.67
18/01/2025 16:00,18/01/2025 16:30,39.92,16.31
18/01/2025 16:30,18/01/2025 17:00,44.28,18.22
18/01/2025 17:00,18/01/2025 17:30,44.30,18.23
18/01/2025 17:30,18/01/2025 18:00,44.41,18.28
18/01/2025 18:00,18/01/2025 18:30,44.28,18.22
18/01/2025 18:30,18/01/2025 19:00,43.11,17.71
18/01/2025 19:00,18/01/2025 19:30,29.11,13.70
18/01/2025 19:30,18/01/2025 20:00,25.14,11.96
18/01/2025 20:00,18/01/2025 20:30,27.05,12.80
18/01/2025 20:30,18/01/2025 21:00,22.93,10.99
18/01/2025 21:00,18/01/2025 21:30,24.41,11.64
18/01/2025 21:30,18/01/2025 22:00,24.10,11.50
18/01/2025 22:00,18/01/2025 22:30,22.93,10.99
18/01/2025 22:30,18/01/2025 23:00,21.05,10.16
18/01/2025 23:00,18/01/2025 23:30,23.71,11.33
18/01/2025 23:30,19/01/2025 00:00,22.67,10.87
19/01/2025 00:00,19/01/2025 00:30,20.78,10.04
19/01/2025 00:30,19/01/2025 01:00,24.70,11.76
19/01/2025 01:00,19/01/2025 01:30,23.11,11.07
19/01/2025 01:30,19/01/2025 02:00,21.83,10.50
19/01/2025 02:00,19/01/2025 02:30,22.63,10.85
19/01/2025 02:30,19/01/2025 03:00,22.05,10.60
19/01/2025 03:00,19/01/2025 03:30,22.05,10.60
19/01/2025 03:30,19/01/2025 04:00,22.05,10.60
19/01/2025 04:00,19/01/2025 04:30,22.73,10.90
19/01/2025 04:30,19/01/2025 05:00,20.95,10.12
19/01/2025 05:00,19/01/2025 05:30,22.05,10.60
19/01/2025 05:30,19/01/2025 06:00,21.87,10.52
19/01/2025 06:00,19/01/2025 06:30,22.93,10.99
19/01/2025 06:30,19/01/2025 07:00,22.93,10.99
19/01/2025 07:00,19/01/2025 07:30,21.06,10.16
19/01/2025 07:30,19/01/2025 08:00,22.60,10.84
19/01/2025 08:00,19/01/2025 08:30,20.29,9.82
19/01/2025 08:30,19/01/2025 09:00,27.12,12.83
19/01/2025 09:00,19/01/2025 09:30,22.05,10.60
19/01/2025 09:30,19/01/2025 10:00,23.96,11.44
19/01/2025 10:00,19/01/2025 10:30,23.44,11.21
19/01/2025 10:30,19/01/2025 11:00,23.84,11.38
19/01/2025 11:00,19/01/2025 11:30,24.25,11.57
19/01/2025 11:30,19/01/2025 12:00,24.59,11.72
19/01/2025 12:00,19/01/2025 12:30,24.72,11.77
19/01/2025 12:30,19/01/2025 13:00,27.15,12.84
19/01/2025 13:00,19/01/2025 13:30,28.58,13.47
19/01/2025 13:30,19/01/2025 14:00,27.16,12.85
19/01/2025 14:00,19/01/2025 14:30,28.25,13.33
19/01/2025 14:30,19/01/2025 15:00,28.58,13.47
19/01/2025 15:00,19/01/2025 15:30,29.28,13.78
19/01/2025 15:30,19/01/2025 16:00,29.55,13.90
19/01/2025 16:00,19/01/2025 16:30,42.23,17.32
19/01/2025 16:30,19/01/2025 17:00,48.47,20.07
19/01/2025 17:00,19/01/2025 17:30,46.53,19.21
19/01/2025 17:30,19/01/2025 18:00,46.06,19.01
19/01/2025 18:00,19/01/2025 18:30,47.96,19.84
19/01/2025 18:30,19/01/2025 19:00,42.01,17.22
19/01/2025 19:00,19/01/2025 19:30,31.39,14.71
19/01/2025 19:30,19/01/2025 20:00,26.24,12.44
19/01/2025 20:00,19/01/2025 20:30,28.22,13.32
19/01/2025 20:30,19/01/2025 21:00,24.70,11.76
19/01/2025 21:00,19/01/2025 21:30,28.66,13.51
19/01/2025 21:30,19/01/2025 22:00,22.12,10.63
19/01/2025 22:00,19/01/2025 22:30,24.96,11.88
19/01/2025 22:30,19/01/2025 23:00,21.26,10.25
19/01/2025 23:00,19/01/2025 23:30,23.92,11.42
19/01/2025 23:30,20/01/2025 00:00,20.73,10.02
20/01/2025 00:00,20/01/2025 00:30,19.84,9.63
20/01/2025 00:30,20/01/2025 01:00,22.67,10.87
20/01/2025 01:00,20/01/2025 01:30,21.83,10.50
20/01/2025 01:30,20/01/2025 02:00,21.17,10.21
20/01/2025 02:00,20/01/2025 02:30,21.17,10.21
20/01/2025 02:30,20/01/2025 03:00,21.83,10.50
20/01/2025 03:00,20/01/2025 03:30,21.87,10.52
20/01/2025 03:30,20/01/2025 04:00,21.59,10.40
20/01/2025 04:00,20/01/2025 04:30,21.92,10.55
20/01/2025 04:30,20/01/2025 05:00,20.78,10.04
20/01/2025 05:00,20/01/2025 05:30,24.00,11.46
20/01/2025 05:30,20/01/2025 06:00,23.15,11.08
20/01/2025 06:00,20/01/2025 06:30,33.62,15.69
20/01/2025 06:30,20/01/2025 07:00,39.69,18.36
20/01/2025 07:00,20/01/2025 07:30,44.89,20.65
20/01/2025 07:30,20/01/2025 08:00,52.92,24.18
20/01/2025 08:00,20/01/2025 08:30,50.88,23.28
20/01/2025 08:30,20/01/2025 09:00,50.85,23.27
20/01/2025 09:00,20/01/2025 09:30,44.10,20.30
20/01/2025 09:30,20/01/2025 10:00,44.17,20.33
20/01/2025 10:00,20/01/2025 10:30,38.47,17.83
20/01/2025 10:30,20/01/2025 11:00,44.10,20.30
20/01/2025 11:00,20/01/2025 11:30,44.10,20.30
20/01/2025 11:30,20/01/2025 12:00,38.70,17.92
20/01/2025 12:00,20/01/2025 12:30,38.91,18.02
20/01/2025 12:30,20/01/2025 13:00,37.48,17.39
20/01/2025 13:00,20/01/2025 13:30,40.22,18.59
20/01/2025 13:30,20/01/2025 14:00,43.50,20.04
20/01/2025 14:00,20/01/2025 14:30,42.34,19.52
20/01/2025 14:30,20/01/2025 15:00,37.93,17.58
20/01/2025 15:00,20/01/2025 15:30,44.10,20.30
20/01/2025 15:30,20/01/2025 16:00,55.79,25.44
20/01/2025 16:00,20/01/2025 16:30,66.57,28.03
20/01/2025 16:30,20/01/2025 17:00,99.99,50.14
20/01/2025 17:00,20/01/2025 17:30,97.22,41.51
20/01/2025 17:30,20/01/2025 18:00,99.99,43.06
20/01/2025 18:00,20/01/2025 18:30,89.46,38.10
20/01/2025 18:30,20/01/2025 19:00,64.85,27.27
20/01/2025 19:00,20/01/2025 19:30,43.70,20.13
20/01/2025 19:30,20/01/2025 20:00,31.09,14.58
20/01/2025 20:00,20/01/2025 20:30,33.30,15.55
20/01/2025 20:30,20/01/2025 21:00,27.34,12.93
20/01/2025 21:00,20/01/2025 21:30,29.55,13.90
20/01/2025 21:30,20/01/2025 22:00,25.36,12.06
20/01/2025 22:00,20/01/2025 22:30,30.34,14.25
20/01/2025 22:30,20/01/2025 23:00,22.27,10.70
20/01/2025 23:00,20/01/2025 23:30,25.96,12.32
20/01/2025 23:30,21/01/2025 00:00,22.27,10.70
21/01/2025 00:00,21/01/2025 00:30,21.69,10.44
21/01/2025 00:30,21/01/2025 01:00,25.40,12.07
21/01/2025 01:00,21/01/2025 01:30,21.69,10.44
21/01/2025 01:30,21/01/2025 02:00,21.69,10.44
21/01/2025 02:00,21/01/2025 02:30,21.07,10.17
21/01/2025 02:30,21/01/2025 03:00,21.07,10.17
21/01/2025 03:00,21/01/2025 03:30,21.07,10.17
21/01/2025 03:30,21/01/2025 04:00,20.96,10.12
21/01/2025 04:00,21/01/2025 04:30,20.95,10.12
21/01/2025 04:30,21/01/2025 05:00,20.81,10.06
21/01/2025 05:00,21/01/2025 05:30,21.07,10.17
21/01/2025 05:30,21/01/2025 06:00,21.07,10.17
21/01/2025 06:00,21/01/2025 06:30,25.54,12.13
21/01/2025 06:30,21/01/2025 07:00,31.97,14.96
21/01/2025 07:00,21/01/2025 07:30,31.97,14.96
21/01/2025 07:30,21/01/2025 08:00,43.58,20.07
21/01/2025 08:00,21/01/2025 08:30,34.18,15.94
21/01/2025 08:30,21/01/2025 09:00,37.79,17.53
21/01/2025 09:00,21/01/2025 09:30,33.14,15.48
21/01/2025 09:30,21/01/2025 10:00,32.63,15.25
21/01/2025 10:00,21/01/2025 10:30,30.34,14.25
21/01/2025 10:30,21/01/2025 11:00,29.28,13.78
21/01/2025 11:00,21/01/2025 11:30,31.05,14.56
21/01/2025 11:30,21/01/2025 12:00,29.46,13.86
21/01/2025 12:00,21/01/2025 12:30,32.38,15.15
21/01/2025 12:30,21/01/2025 13:00,32.38,15.15
21/01/2025 13:00,21/01/2025 13:30,33.87,15.80
21/01/2025 13:30,21/01/2025 14:00,33.33,15.56
21/01/2025 14:00,21/01/2025 14:30,32.11,15.02
21/01/2025 14:30,21/01/2025 15:00,32.77,15.31
21/01/2025 15:00,21/01/2025 15:30,32.11,15.02
21/01/2025 15:30,21/01/2025 16:00,39.47,18.26
21/01/2025 16:00,21/01/2025 16:30,49.55,20.54
21/01/2025 16:30,21/01/2025 17:00,79.28,33.62
21/01/2025 17:00,21/01/2025 17:30,77.59,32.88
21/01/2025 17:30,21/01/2025 18:00,84.21,35.79
21/01/2025 18:00,21/01/2025 18:30,85.62,36.41
21/01/2025 18:30,21/01/2025 19:00,73.58,31.11
21/01/2025 19:00,21/01/2025 19:30,46.39,21.30
21/01/2025 19:30,21/01/2025 20:00,33.08,15.45
21/01/2025 20:00,21/01/2025 20:30,36.38,16.90
21/01/2025 20:30,21/01/2025 21:00,32.46,15.18
21/01/2025 21:00,21/01/2025 21:30,32.34,15.13
21/01/2025 21:30,21/01/2025 22:00,26.57,12.59
21/01/2025 22:00,21/01/2025 22:30,29.63,13.94
21/01/2025 22:30,21/01/2025 23:00,23.15,11.08
21/01/2025 23:00,21/01/2025 23:30,22.05,10.60
21/01/2025 23:30,22/01/2025 00:00,21.43,10.33
22/01/2025 00:00,22/01/2025 00:30,21.43,10.33
22/01/2025 00:30,22/01/2025 01:00,22.05,10.60
22/01/2025 01:00,22/01/2025 01:30,21.43,10.33
22/01/2025 01:30,22/01/2025 02:00,21.29,10.27
22/01/2025 02:00,22/01/2025 02:30,21.43,10.33
22/01/2025 02:30,22/01/2025 03:00,21.43,10.33
22/01/2025 03:00,22/01/2025 03:30,21.43,10.33
22/01/2025 03:30,22/01/2025 04:00,21.42,10.32
22/01/2025 04:00,22/01/2025 04:30,21.43,10.33
22/01/2025 04:30,22/01/2025 05:00,21.42,10.32
22/01/2025 05:00,22/01/2025 05:30,21.43,10.33
22/01/2025 05:30,22/01/2025 06:00,21.92,10.55
22/01/2025 06:00,22/01/2025 06:30,28.66,13.51
22/01/2025 06:30,22/01/2025 07:00,32.63,15.26
22/01/2025 07:00,22/01/2025 07:30,32.13,15.03
22/01/2025 07:30,22/01/2025 08:00,45.07,20.72
22/01/2025 08:00,22/01/2025 08:30,44.34,20.41
22/01/2025 08:30,22/01/2025 09:00,47.19,21.66
22/01/2025 09:00,22/01/2025 09:30,59.17,26.93
22/01/2025 09:30,22/01/2025 10:00,57.36,26.13
22/01/2025 10:00,22/01/2025 10:30,57.69,26.28
22/01/2025 10:30,22/01/2025 11:00,59.36,27.01
22/01/2025 11:00,22/01/2025 11:30,60.98,27.73
22/01/2025 11:30,22/01/2025 12:00,60.06,27.32
22/01/2025 12:00,22/01/2025 12:30,58.55,26.65
22/01/2025 12:30,22/01/2025 13:00,61.96,28.16
22/01/2025 13:00,22/01/2025 13:30,60.46,27.50
22/01/2025 13:30,22/01/2025 14:00,57.33,26.12
22/01/2025 14:00,22/01/2025 14:30,55.13,25.15
22/01/2025 14:30,22/01/2025 15:00,55.13,25.15
22/01/2025 15:00,22/01/2025 15:30,57.57,26.23
22/01/2025 15:30,22/01/2025 16:00,61.88,28.12
22/01/2025 16:00,22/01/2025 16:30,99.39,42.47
22/01/2025 16:30,22/01/2025 17:00,99.99,92.43
22/01/2025 17:00,22/01/2025 17:30,99.99,55.47
22/01/2025 17:30,22/01/2025 18:00,99.99,73.86
22/01/2025 18:00,22/01/2025 18:30,99.99,74.04
22/01/2025 18:30,22/01/2025 19:00,99.99,61.50
22/01/2025 19:00,22/01/2025 19:30,73.89,33.40
22/01/2025 19:30,22/01/2025 20:00,48.51,22.24
22/01/2025 20:00,22/01/2025 20:30,39.77,18.40
22/01/2025 20:30,22/01/2025 21:00,32.90,15.37
22/01/2025 21:00,22/01/2025 21:30,30.37,14.26
22/01/2025 21:30,22/01/2025 22:00,23.31,11.15
22/01/2025 22:00,22/01/2025 22:30,26.22,12.43
22/01/2025 22:30,22/01/2025 23:00,21.43,10.33
22/01/2025 23:00,22/01/2025 23:30,24.15,11.52
22/01/2025 23:30,23/01/2025 00:00,23.15,11.08
23/01/2025 00:00,23/01/2025 00:30,22.05,10.60
23/01/2025 00:30,23/01/2025 01:00,26.94,12.75
23/01/2025 01:00,23/01/2025 01:30,25.14,11.96
23/01/2025 01:30,23/01/2025 02:00,23.29,11.14
23/01/2025 02:00,23/01/2025 02:30,22.34,10.73
23/01/2025 02:30,23/01/2025 03:00,21.83,10.50
23/01/2025 03:00,23/01/2025 03:30,21.19,10.22
23/01/2025 03:30,23/01/2025 04:00,20.82,10.06
23/01/2025 04:00,23/01/2025 04:30,20.95,10.12
23/01/2025 04:30,23/01/2025 05:00,20.93,10.11
23/01/2025 05:00,23/01/2025 05:30,21.52,10.37
23/01/2025 05:30,23/01/2025 06:00,20.51,9.92
23/01/2025 06:00,23/01/2025 06:30,21.39,10.31
23/01/2025 06:30,23/01/2025 07:00,27.21,12.87
23/01/2025 07:00,23/01/2025 07:30,27.52,13.01
23/01/2025 07:30,23/01/2025 08:00,29.63,13.94
23/01/2025 08:00,23/01/2025 08:30,28.55,13.46
23/01/2025 08:30,23/01/2025 09:00,27.32,12.92
23/01/2025 09:00,23/01/2025 09:30,28.49,13.43
23/01/2025 09:30,23/01/2025 10:00,26.52,12.57
23/01/2025 10:00,23/01/2025 10:30,25.00,11.90
23/01/2025 10:30,23/01/2025 11:00,24.16,11.53
23/01/2025 11:00,23/01/2025 11:30,22.28,10.70
23/01/2025 11:30,23/01/2025 12:00,22.05,10.60
23/01/2025 12:00,23/01/2025 12:30,22.10,10.62
23/01/2025 12:30,23/01/2025 13:00,21.98,10.57
23/01/2025 13:00,23/01/2025 13:30,21.73,10.46
23/01/2025 13:30,23/01/2025 14:00,20.87,10.08
23/01/2025 14:00,23/01/2025 14:30,20.85,10.07
23/01/2025 14:30,23/01/2025 15:00,20.41,9.88
23/01/2025 15:00,23/01/2025 15:30,20.41,9.88
23/01/2025 15:30,23/01/2025 16:00,22.05,10.60
23/01/2025 16:00,23/01/2025 16:30,34.82,14.06
23/01/2025 16:30,23/01/2025 17:00,40.75,16.67
23/01/2025 17:00,23/01/2025 17:30,39.75,16.23
23/01/2025 17:30,23/01/2025 18:00,41.42,16.97
23/01/2025 18:00,23/01/2025 18:30,40.20,16.43
23/01/2025 18:30,23/01/2025 19:00,36.75,14.91
23/01/2025 19:00,23/01/2025 19:30,24.96,11.88
23/01/2025 19:30,23/01/2025 20:00,23.90,11.41
23/01/2025 20:00,23/01/2025 20:30,24.80,11.81
23/01/2025 20:30,23/01/2025 21:00,24.25,11.57
23/01/2025 21:00,23/01/2025 21:30,25.03,11.91
23/01/2025 21:30,23/01/2025 22:00,24.48,11.67
23/01/2025 22:00,23/01/2025 22:30,22.49,10.79
23/01/2025 22:30,23/01/2025 23:00,20.73,10.02
23/01/2025 23:00,23/01/2025 23:30,23.15,11.08
23/01/2025 23:30,24/01/2025 00:00,23.81,11.38
24/01/2025 00:00,24/01/2025 00:30,22.45,10.78
24/01/2025 00:30,24/01/2025 01:00,24.59,11.72
24/01/2025 01:00,24/01/2025 01:30,21.95,10.55
24/01/2025 01:30,24/01/2025 02:00,17.86,8.76
24/01/2025 02:00,24/01/2025 02:30,15.17,7.57
24/01/2025 02:30,24/01/2025 03:00,9.54,5.10
24/01/2025 03:00,24/01/2025 03:30,9.70,5.17
24/01/2025 03:30,24/01/2025 04:00,6.62,3.81
24/01/2025 04:00,24/01/2025 04:30,10.58,5.56
24/01/2025 04:30,24/01/2025 05:00,9.04,4.88
24/01/2025 05:00,24/01/2025 05:30,9.70,5.17
24/01/2025 05:30,24/01/2025 06:00,11.03,5.75
24/01/2025 06:00,24/01/2025 06:30,19.30,9.39
24/01/2025 06:30,24/01/2025 07:00,23.15,11.08
24/01/2025 07:00,24/01/2025 07:30,23.81,11.38
24/01/2025 07:30,24/01/2025 08:00,28.22,13.32
24/01/2025 08:00,24/01/2025 08:30,22.27,10.70
24/01/2025 08:30,24/01/2025 09:00,22.53,10.81
24/01/2025 09:00,24/01/2025 09:30,24.21,11.55
24/01/2025 09:30,24/01/2025 10:00,22.87,10.96
24/01/2025 10:00,24/01/2025 10:30,26.02,12.35
24/01/2025 10:30,24/01/2025 11:00,24.40,11.63
24/01/2025 11:00,24/01/2025 11:30,26.90,12.73
24/01/2025 11:30,24/01/2025 12:00,24.25,11.57
24/01/2025 12:00,24/01/2025 12:30,25.28,12.02
24/01/2025 12:30,24/01/2025 13:00,24.70,11.76
24/01/2025 13:00,24/01/2025 13:30,21.95,10.55
24/01/2025 13:30,24/01/2025 14:00,21.06,10.16
24/01/2025 14:00,24/01/2025 14:30,19.07,9.29
24/01/2025 14:30,24/01/2025 15:00,19.73,9.58
24/01/2025 15:00,24/01/2025 15:30,19.84,9.63
24/01/2025 15:30,24/01/2025 16:00,21.87,10.52
24/01/2025 16:00,24/01/2025 16:30,32.61,13.09
24/01/2025 16:30,24/01/2025 17:00,39.89,16.29
24/01/2025 17:00,24/01/2025 17:30,40.25,16.45
24/01/2025 17:30,24/01/2025 18:00,40.25,16.45
24/01/2025 18:00,24/01/2025 18:30,39.01,15.90
24/01/2025 18:30,24/01/2025 19:00,33.72,13.58
24/01/2025 19:00,24/01/2025 19:30,23.91,11.42
24/01/2025 19:30,24/01/2025 20:00,21.17,10.21
24/01/2025 20:00,24/01/2025 20:30,25.15,11.96
24/01/2025 20:30,24/01/2025 21:00,22.39,10.75
24/01/2025 21:00,24/01/2025 21:30,22.05,10.60
24/01/2025 21:30,24/01/2025 22:00,22.02,10.59
24/01/2025 22:00,24/01/2025 22:30,19.51,9.48
24/01/2025 22:30,24/01/2025 23:00,13.06,6.65
24/01/2025 23:00,24/01/2025 23:30,15.35,7.65
24/01/2025 23:30,25/01/2025 00:00,10.80,5.65
25/01/2025 00:00,25/01/2025 00:30,11.47,5.94
25/01/2025 00:30,25/01/2025 01:00,17.27,8.50
25/01/2025 01:00,25/01/2025 01:30,16.10,7.98
25/01/2025 01:30,25/01/2025 02:00,14.77,7.40
25/01/2025 02:00,25/01/2025 02:30,13.67,6.91
25/01/2025 02:30,25/01/2025 03:00,13.59,6.88
25/01/2025 03:00,25/01/2025 03:30,15.05,7.52
25/01/2025 03:30,25/01/2025 04:00,14.07,7.09
25/01/2025 04:00,25/01/2025 04:30,14.99,7.50
25/01/2025 04:30,25/01/2025 05:00,13.23,6.72
25/01/2025 05:00,25/01/2025 05:30,13.23,6.72
25/01/2025 05:30,25/01/2025 06:00,13.23,6.72
25/01/2025 06:00,25/01/2025 06:30,14.55,7.30
25/01/2025 06:30,25/01/2025 07:00,16.98,8.37
25/01/2025 07:00,25/01/2025 07:30,17.42,8.56
25/01/2025 07:30,25/01/2025 08:00,20.81,10.06
25/01/2025 08:00,25/01/2025 08:30,22.49,10.79
25/01/2025 08:30,25/01/2025 09:00,26.46,12.54
25/01/2025 09:00,25/01/2025 09:30,25.62,12.17
25/01/2025 09:30,25/01/2025 10:00,25.03,11.91
25/01/2025 10:00,25/01/2025 10:30,24.52,11.69
25/01/2025 10:30,25/01/2025 11:00,24.25,11.57
25/01/2025 11:00,25/01/2025 11:30,21.85,10.51
25/01/2025 11:30,25/01/2025 12:00,21.90,10.54
25/01/2025 12:00,25/01/2025 12:30,21.61,10.41
25/01/2025 12:30,25/01/2025 13:00,21.61,10.41
25/01/2025 13:00,25/01/2025 13:30,22.53,10.81
25/01/2025 13:30,25/01/2025 14:00,22.54,10.82
25/01/2025 14:00,25/01/2025 14:30,21.71,10.45
25/01/2025 14:30,25/01/2025 15:00,21.75,10.46
25/01/2025 15:00,25/01/2025 15:30,21.99,10.57
25/01/2025 15:30,25/01/2025 16:00,23.59,11.28
25/01/2025 16:00,25/01/2025 16:30,36.72,14.90
25/01/2025 16:30,25/01/2025 17:00,42.23,17.32
25/01/2025 17:00,25/01/2025 17:30,42.76,17.55
25/01/2025 17:30,25/01/2025 18:00,44.12,18.16
25/01/2025 18:00,25/01/2025 18:30,42.76,17.55
25/01/2025 18:30,25/01/2025 19:00,40.33,16.49
25/01/2025 19:00,25/01/2025 19:30,24.70,11.76
25/01/2025 19:30,25/01/2025 20:00,18.30,8.95
25/01/2025 20:00,25/01/2025 20:30,23.47,11.22
25/01/2025 20:30,25/01/2025 21:00,22.93,10.99
25/01/2025 21:00,25/01/2025 21:30,23.31,11.15
25/01/2025 21:30,25/01/2025 22:00,22.49,10.79
25/01/2025 22:00,25/01/2025 22:30,22.11,10.63
25/01/2025 22:30,25/01/2025 23:00,20.18,9.78
25/01/2025 23:00,25/01/2025 23:30,26.12,12.39
25/01/2025 23:30,26/01/2025 00:00,24.40,11.63
26/01/2025 00:00,26/01/2025 00:30,24.70,11.76
26/01/2025 00:30,26/01/2025 01:00,27.34,12.93
26/01/2025 01:00,26/01/2025 01:30,25.36,12.06
26/01/2025 01:30,26/01/2025 02:00,23.59,11.28
26/01/2025 02:00,26/01/2025 02:30,25.14,11.96
26/01/2025 02:30,26/01/2025 03:00,22.23,10.68
26/01/2025 03:00,26/01/2025 03:30,22.93,10.99
26/01/2025 03:30,26/01/2025 04:00,22.05,10.60
26/01/2025 04:00,26/01/2025 04:30,23.15,11.08
26/01/2025 04:30,26/01/2025 05:00,20.51,9.92
26/01/2025 05:00,26/01/2025 05:30,20.29,9.82
26/01/2025 05:30,26/01/2025 06:00,20.97,10.12
26/01/2025 06:00,26/01/2025 06:30,18.04,8.83
26/01/2025 06:30,26/01/2025 07:00,18.98,9.25
26/01/2025 07:00,26/01/2025 07:30,17.64,8.66
26/01/2025 07:30,26/01/2025 08:00,18.74,9.14
26/01/2025 08:00,26/01/2025 08:30,17.71,8.69
26/01/2025 08:30,26/01/2025 09:00,22.05,10.60
26/01/2025 09:00,26/01/2025 09:30,20.62,9.97
26/01/2025 09:30,26/01/2025 10:00,23.92,11.42
26/01/2025 10:00,26/01/2025 10:30,22.97,11.01
26/01/2025 10:30,26/01/2025 11:00,24.92,11.86
26/01/2025 11:00,26/01/2025 11:30,22.11,10.63
26/01/2025 11:30,26/01/2025 12:00,21.27,10.26
26/01/2025 12:00,26/01/2025 12:30,23.47,11.23
26/01/2025 12:30,26/01/2025 13:00,25.58,12.15
26/01/2025 13:00,26/01/2025 13:30,25.50,12.12
26/01/2025 13:30,26/01/2025 14:00,24.51,11.68
26/01/2025 14:00,26/01/2025 14:30,24.66,11.75
26/01/2025 14:30,26/01/2025 15:00,23.99,11.45
26/01/2025 15:00,26/01/2025 15:30,22.80,10.93
26/01/2025 15:30,26/01/2025 16:00,23.97,11.44
26/01/2025 16:00,26/01/2025 16:30,36.58,14.84
26/01/2025 16:30,26/01/2025 17:00,40.77,16.68
26/01/2025 17:00,26/01/2025 17:30,41.35,16.93
26/01/2025 17:30,26/01/2025 18:00,39.75,16.23
26/01/2025 18:00,26/01/2025 18:30,37.91,15.42
26/01/2025 18:30,26/01/2025 19:00,36.17,14.66
26/01/2025 19:00,26/01/2025 19:30,25.23,12.00
26/01/2025 19:30,26/01/2025 20:00,22.84,10.95
26/01/2025 20:00,26/01/2025 20:30,23.59,11.28
26/01/2025 20:30,26/01/2025 21:00,21.00,10.14
26/01/2025 21:00,26/01/2025 21:30,20.46,9.90
26/01/2025 21:30,26/01/2025 22:00,17.71,8.69
26/01/2025 22:00,26/01/2025 22:30,11.25,5.85
26/01/2025 22:30,26/01/2025 23:00,2.65,2.06
26/01/2025 23:00,26/01/2025 23:30,10.54,5.54
26/01/2025 23:30,27/01/2025 00:00,7.23,4.08
27/01/2025 00:00,27/01/2025 00:30,8.20,4.51
27/01/2025 00:30,27/01/2025 01:00,11.64,6.02
27/01/2025 01:00,27/01/2025 01:30,10.85,5.67
27/01/2025 01:30,27/01/2025 02:00,9.07,4.89
27/01/2025 02:00,27/01/2025 02:30,10.85,5.67
27/01/2025 02:30,27/01/2025 03:00,9.92,5.26
27/01/2025 03:00,27/01/2025 03:30,9.92,5.26
27/01/2025 03:30,27/01/2025 04:00,10.58,5.56
27/01/2025 04:00,27/01/2025 04:30,11.13,5.80
27/01/2025 04:30,27/01/2025 05:00,9.28,4.98
27/01/2025 05:00,27/01/2025 05:30,15.53,7.73
27/01/2025 05:30,27/01/2025 06:00,18.86,9.19
27/01/2025 06:00,27/01/2025 06:30,22.05,10.60
27/01/2025 06:30,27/01/2025 07:00,21.17,10.21
27/01/2025 07:00,27/01/2025 07:30,22.25,10.69
27/01/2025 07:30,27/01/2025 08:00,25.03,11.91
27/01/2025 08:00,27/01/2025 08:30,26.08,12.38
27/01/2025 08:30,27/01/2025 09:00,26.08,12.38
27/01/2025 09:00,27/01/2025 09:30,27.27,12.90
27/01/2025 09:30,27/01/2025 10:00,27.27,12.90
27/01/2025 10:00,27/01/2025 10:30,25.96,12.32
27/01/2025 10:30,27/01/2025 11:00,25.03,11.91
27/01/2025 11:00,27/01/2025 11:30,26.46,12.54
27/01/2025 11:30,27/01/2025 12:00,24.34,11.61
27/01/2025 12:00,27/01/2025 12:30,23.15,11.08
27/01/2025 12:30,27/01/2025 13:00,22.73,10.90
27/01/2025 13:00,27/01/2025 13:30,25.14,11.96
27/01/2025 13:30,27/01/2025 14:00,24.25,11.57
27/01/2025 14:00,27/01/2025 14:30,24.25,11.57
27/01/2025 14:30,27/01/2025 15:00,22.05,10.60
27/01/2025 15:00,27/01/2025 15:30,20.95,10.12
27/01/2025 15:30,27/01/2025 16:00,23.59,11.28
27/01/2025 16:00,27/01/2025 16:30,33.67,13.56
27/01/2025 16:30,27/01/2025 17:00,41.12,16.83
27/01/2025 17:00,27/01/2025 17:30,39.93,16.31
27/01/2025 17:30,27/01/2025 18:00,40.77,16.68
27/01/2025 18:00,27/01/2025 18:30,40.77,16.68
27/01/2025 18:30,27/01/2025 19:00,39.23,16.00
27/01/2025 19:00,27/01/2025 19:30,24.30,11.59
27/01/2025 19:30,27/01/2025 20:00,24.03,11.47
27/01/2025 20:00,27/01/2025 20:30,25.78,12.24
27/01/2025 20:30,27/01/2025 21:00,22.35,10.74
27/01/2025 21:00,27/01/2025 21:30,22.71,10.89
27/01/2025 21:30,27/01/2025 22:00,23.15,11.08
27/01/2025 22:00,27/01/2025 22:30,22.43,10.76
27/01/2025 22:30,27/01/2025 23:00,20.79,10.05
27/01/2025 23:00,27/01/2025 23:30,16.32,8.08
27/01/2025 23:30,28/01/2025 00:00,15.44,7.69
28/01/2025 00:00,28/01/2025 00:30,16.32,8.08
28/01/2025 00:30,28/01/2025 01:00,19.40,9.44
28/01/2025 01:00,28/01/2025 01:30,18.72,9.14
28/01/2025 01:30,28/01/2025 02:00,17.80,8.73
28/01/2025 02:00,28/01/2025 02:30,17.81,8.73
28/01/2025 02:30,28/01/2025 03:00,17.58,8.63
28/01/2025 03:00,28/01/2025 03:30,17.11,8.43
28/01/2025 03:30,28/01/2025 04:00,16.54,8.18
28/01/2025 04:00,28/01/2025 04:30,17.35,8.53
28/01/2025 04:30,28/01/2025 05:00,16.32,8.08
28/01/2025 05:00,28/01/2025 05:30,17.64,8.66
28/01/2025 05:30,28/01/2025 06:00,19.99,9.69
28/01/2025 06:00,28/01/2025 06:30,20.55,9.94
28/01/2025 06:30,28/01/2025 07:00,22.27,10.70
28/01/2025 07:00,28/01/2025 07:30,22.05,10.60
28/01/2025 07:30,28/01/2025 08:00,24.59,11.72
28/01/2025 08:00,28/01/2025 08:30,23.73,11.34
28/01/2025 08:30,28/01/2025 09:00,23.71,11.33
28/01/2025 09:00,28/01/2025 09:30,25.37,12.06
28/01/2025 09:30,28/01/2025 10:00,24.95,11.87
28/01/2025 10:00,28/01/2025 10:30,26.27,12.46
28/01/2025 10:30,28/01/2025 11:00,27.11,12.83
28/01/2025 11:00,28/01/2025 11:30,25.32,12.04
28/01/2025 11:30,28/01/2025 12:00,24.70,11.76
28/01/2025 12:00,28/01/2025 12:30,25.14,11.96
28/01/2025 12:30,28/01/2025 13:00,24.86,11.84
28/01/2025 13:00,28/01/2025 13:30,24.52,11.69
28/01/2025 13:30,28/01/2025 14:00,24.21,11.55
28/01/2025 14:00,28/01/2025 14:30,25.58,12.15
28/01/2025 14:30,28/01/2025 15:00,25.04,11.92
28/01/2025 15:00,28/01/2025 15:30,23.19,11.10
28/01/2025 15:30,28/01/2025 16:00,25.27,12.02
28/01/2025 16:00,28/01/2025 16:30,39.01,15.90
28/01/2025 16:30,28/01/2025 17:00,41.35,16.93
28/01/2025 17:00,28/01/2025 17:30,40.99,16.78
28/01/2025 17:30,28/01/2025 18:00,41.21,16.88
28/01/2025 18:00,28/01/2025 18:30,41.43,16.97
28/01/2025 18:30,28/01/2025 19:00,36.98,15.01
28/01/2025 19:00,28/01/2025 19:30,24.70,11.76
28/01/2025 19:30,28/01/2025 20:00,19.84,9.63
28/01/2025 20:00,28/01/2025 20:30,23.90,11.41
28/01/2025 20:30,28/01/2025 21:00,23.37,11.18
28/01/2025 21:00,28/01/2025 21:30,23.37,11.18
28/01/2025 21:30,28/01/2025 22:00,23.29,11.14
28/01/2025 22:00,28/01/2025 22:30,22.49,10.79
28/01/2025 22:30,28/01/2025 23:00,19.05,9.28
28/01/2025 23:00,28/01/2025 23:30,19.62,9.53
28/01/2025 23:30,29/01/2025 00:00,16.32,8.08
29/01/2025 00:00,29/01/2025 00:30,15.44,7.69
29/01/2025 00:30,29/01/2025 01:00,18.30,8.95
29/01/2025 01:00,29/01/2025 01:30,17.20,8.47
29/01/2025 01:30,29/01/2025 02:00,14.66,7.35
29/01/2025 02:00,29/01/2025 02:30,16.32,8.08
29/01/2025 02:30,29/01/2025 03:00,14.66,7.35
29/01/2025 03:00,29/01/2025 03:30,14.66,7.35
29/01/2025 03:30,29/01/2025 04:00,14.48,7.27
29/01/2025 04:00,29/01/2025 04:30,14.66,7.35
29/01/2025 04:30,29/01/2025 05:00,14.46,7.26
29/01/2025 05:00,29/01/2025 05:30,16.32,8.08
29/01/2025 05:30,29/01/2025 06:00,15.88,7.88
29/01/2025 06:00,29/01/2025 06:30,23.81,11.38
29/01/2025 06:30,29/01/2025 07:00,26.24,12.44
29/01/2025 07:00,29/01/2025 07:30,23.81,11.38
29/01/2025 07:30,29/01/2025 08:00,25.84,12.27
29/01/2025 08:00,29/01/2025 08:30,24.07,11.49
29/01/2025 08:30,29/01/2025 09:00,24.61,11.73
29/01/2025 09:00,29/01/2025 09:30,23.17,11.09
29/01/2025 09:30,29/01/2025 10:00,22.48,10.79
29/01/2025 10:00,29/01/2025 10:30,20.95,10.12
29/01/2025 10:30,29/01/2025 11:00,20.95,10.12
29/01/2025 11:00,29/01/2025 11:30,20.73,10.02
29/01/2025 11:30,29/01/2025 12:00,19.16,9.33
29/01/2025 12:00,29/01/2025 12:30,21.76,10.47
29/01/2025 12:30,29/01/2025 13:00,22.57,10.83
29/01/2025 13:00,29/01/2025 13:30,22.42,10.76
29/01/2025 13:30,29/01/2025 14:00,22.41,10.76
29/01/2025 14:00,29/01/2025 14:30,22.18,10.65
29/01/2025 14:30,29/01/2025 15:00,22.05,10.60
29/01/2025 15:00,29/01/2025 15:30,22.93,10.99
29/01/2025 15:30,29/01/2025 16:00,25.25,12.01
29/01/2025 16:00,29/01/2025 16:30,38.33,15.60
29/01/2025 16:30,29/01/2025 17:00,42.09,17.26
29/01/2025 17:00,29/01/2025 17:30,42.09,17.26
29/01/2025 17:30,29/01/2025 18:00,42.98,17.65
29/01/2025 18:00,29/01/2025 18:30,41.84,17.15
29/01/2025 18:30,29/01/2025 19:00,40.11,16.39
29/01/2025 19:00,29/01/2025 19:30,28.05,13.24
29/01/2025 19:30,29/01/2025 20:00,26.28,12.46
29/01/2025 20:00,29/01/2025 20:30,25.11,11.94
29/01/2025 20:30,29/01/2025 21:00,23.00,11.02
29/01/2025 21:00,29/01/2025 21:30,23.27,11.13
29/01/2025 21:30,29/01/2025 22:00,22.49,10.79
29/01/2025 22:00,29/01/2025 22:30,21.17,10.21
29/01/2025 22:30,29/01/2025 23:00,17.13,8.43
29/01/2025 23:00,29/01/2025 23:30,23.37,11.18
29/01/2025 23:30,30/01/2025 00:00,21.50,10.36
30/01/2025 00:00,30/01/2025 00:30,21.69,10.44
30/01/2025 00:30,30/01/2025 01:00,24.03,11.47
30/01/2025 01:00,30/01/2025 01:30,21.83,10.50
30/01/2025 01:30,30/01/2025 02:00,20.95,10.12
30/01/2025 02:00,30/01/2025 02:30,20.95,10.12
30/01/2025 02:30,30/01/2025 03:00,20.33,9.84
30/01/2025 03:00,30/01/2025 03:30,19.62,9.53
30/01/2025 03:30,30/01/2025 04:00,19.62,9.53
30/01/2025 04:00,30/01/2025 04:30,19.62,9.53
30/01/2025 04:30,30/01/2025 05:00,18.74,9.14
30/01/2025 05:00,30/01/2025 05:30,24.15,11.52
30/01/2025 05:30,30/01/2025 06:00,23.10,11.06
30/01/2025 06:00,30/01/2025 06:30,25.36,12.06
30/01/2025 06:30,30/01/2025 07:00,24.03,11.47
30/01/2025 07:00,30/01/2025 07:30,26.46,12.54
30/01/2025 07:30,30/01/2025 08:00,31.23,14.64
30/01/2025 08:00,30/01/2025 08:30,27.50,13.00
30/01/2025 08:30,30/01/2025 09:00,27.98,13.21
30/01/2025 09:00,30/01/2025 09:30,25.74,12.22
30/01/2025 09:30,30/01/2025 10:00,25.36,12.06
30/01/2025 10:00,30/01/2025 10:30,23.39,11.19
30/01/2025 10:30,30/01/2025 11:00,22.20,10.66
30/01/2025 11:00,30/01/2025 11:30,22.71,10.89
30/01/2025 11:30,30/01/2025 12:00,21.39,10.31
30/01/2025 12:00,30/01/2025 12:30,22.27,10.70
30/01/2025 12:30,30/01/2025 13:00,22.33,10.73
30/01/2025 13:00,30/01/2025 13:30,24.25,11.57
30/01/2025 13:30,30/01/2025 14:00,24.25,11.57
30/01/2025 14:00,30/01/2025 14:30,26.90,12.73
30/01/2025 14:30,30/01/2025 15:00,25.71,12.21
30/01/2025 15:00,30/01/2025 15:30,25.39,12.07
30/01/2025 15:30,30/01/2025 16:00,29.35,13.81
30/01/2025 16:00,30/01/2025 16:30,43.76,18.00
30/01/2025 16:30,30/01/2025 17:00,53.34,22.21
30/01/2025 17:00,30/01/2025 17:30,44.76,18.44
30/01/2025 17:30,30/01/2025 18:00,48.93,20.27
30/01/2025 18:00,30/01/2025 18:30,47.12,19.47
30/01/2025 18:30,30/01/2025 19:00,45.30,18.67
30/01/2025 19:00,30/01/2025 19:30,31.03,14.55
30/01/2025 19:30,30/01/2025 20:00,27.74,13.10
30/01/2025 20:00,30/01/2025 20:30,25.14,11.96
30/01/2025 20:30,30/01/2025 21:00,24.72,11.77
30/01/2025 21:00,30/01/2025 21:30,25.53,12.13
30/01/2025 21:30,30/01/2025 22:00,24.05,11.48
30/01/2025 22:00,30/01/2025 22:30,23.13,11.08
30/01/2025 22:30,30/01/2025 23:00,21.39,10.31
30/01/2025 23:00,30/01/2025 23:30,23.27,11.13
30/01/2025 23:30,31/01/2025 00:00,22.27,10.70
31/01/2025 00:00,31/01/2025 00:30,22.27,10.70
31/01/2025 00:30,31/01/2025 01:00,23.15,11.08
31/01/2025 01:00,31/01/2025 01:30,22.90,10.97
31/01/2025 01:30,31/01/2025 02:00,22.27,10.70
31/01/2025 02:00,31/01/2025 02:30,22.80,10.93
31/01/2025 02:30,31/01/2025 03:00,22.71,10.89
31/01/2025 03:00,31/01/2025 03:30,23.15,11.08
31/01/2025 03:30,31/01/2025 04:00,22.31,10.72
31/01/2025 04:00,31/01/2025 04:30,23.29,11.15
31/01/2025 04:30,31/01/2025 05:00,22.13,10.64
31/01/2025 05:00,31/01/2025 05:30,22.27,10.70
31/01/2025 05:30,31/01/2025 06:00,22.27,10.70
31/01/2025 06:00,31/01/2025 06:30,26.90,12.73
31/01/2025 06:30,31/01/2025 07:00,25.36,12.06
31/01/2025 07:00,31/01/2025 07:30,27.82,13.14
31/01/2025 07:30,31/01/2025 08:00,30.98,14.53
31/01/2025 08:00,31/01/2025 08:30,29.77,14.00
31/01/2025 08:30,31/01/2025 09:00,30.87,14.48
31/01/2025 09:00,31/01/2025 09:30,27.16,12.85
31/01/2025 09:30,31/01/2025 10:00,27.12,12.83
31/01/2025 10:00,31/01/2025 10:30,25.36,12.06
31/01/2025 10:30,31/01/2025 11:00,24.92,11.86
31/01/2025 11:00,31/01/2025 11:30,25.98,12.33
31/01/2025 11:30,31/01/2025 12:00,24.92,11.86
31/01/2025 12:00,31/01/2025 12:30,27.05,12.80
31/01/2025 12:30,31/01/2025 13:00,27.02,12.78
31/01/2025 13:00,31/01/2025 13:30,26.41,12.52
31/01/2025 13:30,31/01/2025 14:00,24.70,11.76
31/01/2025 14:00,31/01/2025 14:30,26.91,12.74
31/01/2025 14:30,31/01/2025 15:00,26.97,12.77
31/01/2025 15:00,31/01/2025 15:30,29.04,13.67
31/01/2025 15:30,31/01/2025 16:00,30.87,14.48
31/01/2025 16:00,31/01/2025 16:30,45.51,18.77
31/01/2025 16:30,31/01/2025 17:00,51.98,21.61
31/01/2025 17:00,31/01/2025 17:30,49.10,20.34
31/01/2025 17:30,31/01/2025 18:00,49.53,20.53
31/01/2025 18:00,31/01/2025 18:30,50.69,21.05
31/01/2025 18:30,31/01/2025 19:00,46.50,19.20
31/01/2025 19:00,31/01/2025 19:30,31.61,14.80
31/01/2025 19:30,31/01/2025 20:00,30.51,14.32
31/01/2025 20:00,31/01/2025 20:30,27.69,13.08
31/01/2025 20:30,31/01/2025 21:00,26.66,12.63
31/01/2025 21:00,31/01/2025 21:30,26.08,12.38
31/01/2025 21:30,31/01/2025 22:00,25.90,12.29
31/01/2025 22:00,31/01/2025 22:30,25.73,12.22
31/01/2025 22:30,31/01/2025 23:00,22.04,10.60
31/01/2025 23:00,31/01/2025 23:30,28.75,13.55
31/01/2025 23:30,01/02/2025 00:00,25.14,11.96
01/02/2025 00:00,01/02/2025 00:30,23.91,11.42
01/02/2025 00:30,01/02/2025 01:00,27.31,12.91
01/02/2025 01:00,01/02/2025 01:30,25.82,12.26
01/02/2025 01:30,01/02/2025 02:00,22.93,10.99
01/02/2025 02:00,01/02/2025 02:30,22.49,10.79
01/02/2025 02:30,01/02/2025 03:00,22.27,10.70
01/02/2025 03:00,01/02/2025 03:30,22.27,10.70
01/02/2025 03:30,01/02/2025 04:00,22.05,10.60
01/02/2025 04:00,01/02/2025 04:30,22.27,10.70
01/02/2025 04:30,01/02/2025 05:00,22.27,10.70
01/02/2025 05:00,01/02/2025 05:30,22.49,10.79
01/02/2025 05:30,01/02/2025 06:00,22.30,10.71
01/02/2025 06:00,01/02/2025 06:30,25.16,11.97
01/02/2025 06:30,01/02/2025 07:00,27.12,12.83
01/02/2025 07:00,01/02/2025 07:30,28.56,13.46
01/02/2025 07:30,01/02/2025 08:00,29.77,14.00
01/02/2025 08:00,01/02/2025 08:30,28.66,13.51
01/02/2025 08:30,01/02/2025 09:00,29.77,14.00
01/02/2025 09:00,01/02/2025 09:30,26.02,12.35
01/02/2025 09:30,01/02/2025 10:00,25.56,12.14
01/02/2025 10:00,01/02/2025 10:30,24.30,11.59
01/02/2025 10:30,01/02/2025 11:00,23.94,11.43
01/02/2025 11:00,01/02/2025 11:30,23.96,11.44
01/02/2025 11:30,01/02/2025 12:00,23.79,11.37
01/02/2025 12:00,01/02/2025 12:30,23.27,11.13
01/02/2025 12:30,01/02/2025 13:00,22.77,10.92
01/02/2025 13:00,01/02/2025 13:30,23.77,11.36
01/02/2025 13:30,01/02/2025 14:00,23.71,11.33
01/02/2025 14:00,01/02/2025 14:30,22.49,10.79
01/02/2025 14:30,01/02/2025 15:00,22.49,10.79
01/02/2025 15:00,01/02/2025 15:30,25.80,12.25
01/02/2025 15:30,01/02/2025 16:00,25.99,12.33
01/02/2025 16:00,01/02/2025 16:30,39.40,16.07
01/02/2025 16:30,01/02/2025 17:00,43.11,17.71
01/02/2025 17:00,01/02/2025 17:30,43.55,17.90
01/02/2025 17:30,01/02/2025 18:00,43.62,17.93
01/02/2025 18:00,01/02/2025 18:30,44.01,18.10
01/02/2025 18:30,01/02/2025 19:00,42.86,17.60
01/02/2025 19:00,01/02/2025 19:30,31.27,14.65
01/02/2025 19:30,01/02/2025 20:00,26.46,12.54
01/02/2025 20:00,01/02/2025 20:30,26.10,12.38
01/02/2025 20:30,01/02/2025 21:00,23.97,11.44
01/02/2025 21:00,01/02/2025 21:30,26.46,12.54
01/02/2025 21:30,01/02/2025 22:00,24.90,11.85
01/02/2025 22:00,01/02/2025 22:30,25.40,12.07
01/02/2025 22:30,01/02/2025 23:00,21.35,10.29
01/02/2025 23:00,01/02/2025 23:30,23.55,11.26
01/02/2025 23:30,02/02/2025 00:00,23.24,11.12
02/02/2025 00:00,02/02/2025 00:30,22.31,10.72
02/02/2025 00:30,02/02/2025 01:00,25.36,12.06
02/02/2025 01:00,02/02/2025 01:30,23.95,11.43
02/02/2025 01:30,02/02/2025 02:00,22.11,10.63
02/02/2025 02:00,02/02/2025 02:30,22.80,10.93
02/02/2025 02:30,02/02/2025 03:00,21.83,10.50
02/02/2025 03:00,02/02/2025 03:30,22.12,10.63
02/02/2025 03:30,02/02/2025 04:00,21.61,10.41
02/02/2025 04:00,02/02/2025 04:30,22.23,10.68
02/02/2025 04:30,02/02/2025 05:00,21.67,10.44
02/02/2025 05:00,02/02/2025 05:30,22.05,10.60
02/02/2025 05:30,02/02/2025 06:00,22.05,10.60
02/02/2025 06:00,02/02/2025 06:30,24.08,11.49
02/02/2025 06:30,02/02/2025 07:00,23.59,11.28
02/02/2025 07:00,02/02/2025 07:30,23.37,11.18
02/02/2025 07:30,02/02/2025 08:00,24.25,11.57
02/02/2025 08:00,02/02/2025 08:30,23.37,11.18
02/02/2025 08:30,02/02/2025 09:00,27.60,13.04
02/02/2025 09:00,02/02/2025 09:30,23.37,11.18
02/02/2025 09:30,02/02/2025 10:00,27.12,12.83
02/02/2025 10:00,02/02/2025 10:30,25.20,11.99
02/02/2025 10:30,02/02/2025 11:00,25.58,12.15
02/02/2025 11:00,02/02/2025 11:30,28.01,13.23
02/02/2025 11:30,02/02/2025 12:00,27.78,13.12
02/02/2025 12:00,02/02/2025 12:30,25.58,12.15
02/02/2025 12:30,02/02/2025 13:00,27.12,12.83
02/02/2025 13:00,02/02/2025 13:30,24.92,11.86
02/02/2025 13:30,02/02/2025 14:00,24.92,11.86
02/02/2025 14:00,02/02/2025 14:30,23.28,11.14
02/02/2025 14:30,02/02/2025 15:00,24.36,11.62
02/02/2025 15:00,02/02/2025 15:30,25.76,12.23
02/02/2025 15:30,02/02/2025 16:00,27.12,12.83
02/02/2025 16:00,02/02/2025 16:30,40.93,16.75
02/02/2025 16:30,02/02/2025 17:00,48.01,19.86
02/02/2025 17:00,02/02/2025 17:30,47.06,19.45
02/02/2025 17:30,02/02/2025 18:00,47.65,19.71
02/02/2025 18:00,02/02/2025 18:30,48.05,19.88
02/02/2025 18:30,02/02/2025 19:00,44.74,18.43
02/02/2025 19:00,02/02/2025 19:30,33.96,15.84
02/02/2025 19:30,02/02/2025 20:00,29.49,13.88
02/02/2025 20:00,02/02/2025 20:30,31.31,14.67
02/02/2025 20:30,02/02/2025 21:00,26.68,12.64
02/02/2025 21:00,02/02/2025 21:30,27.70,13.08
02/02/2025 21:30,02/02/2025 22:00,24.65,11.75
02/02/2025 22:00,02/02/2025 22:30,26.28,12.46
02/02/2025 22:30,02/02/2025 23:00,22.05,10.60
02/02/2025 23:00,02/02/2025 23:30,25.05,11.92
02/02/2025 23:30,03/02/2025 00:00,23.81,11.38
03/02/2025 00:00,03/02/2025 00:30,21.67,10.44
03/02/2025 00:30,03/02/2025 01:00,23.51,11.24
03/02/2025 01:00,03/02/2025 01:30,22.68,10.88
03/02/2025 01:30,03/02/2025 02:00,21.67,10.44
03/02/2025 02:00,03/02/2025 02:30,21.67,10.44
03/02/2025 02:30,03/02/2025 03:00,21.67,10.44
03/02/2025 03:00,03/02/2025 03:30,21.67,10.44
03/02/2025 03:30,03/02/2025 04:00,21.67,10.44
03/02/2025 04:00,03/02/2025 04:30,21.95,10.55
03/02/2025 04:30,03/02/2025 05:00,21.67,10.44
03/02/2025 05:00,03/02/2025 05:30,24.03,11.47
03/02/2025 05:30,03/02/2025 06:00,23.59,11.28
03/02/2025 06:00,03/02/2025 06:30,25.14,11.96
03/02/2025 06:30,03/02/2025 07:00,27.12,12.83
03/02/2025 07:00,03/02/2025 07:30,32.46,15.18
03/02/2025 07:30,03/02/2025 08:00,36.16,16.81
03/02/2025 08:00,03/02/2025 08:30,35.28,16.42
03/02/2025 08:30,03/02/2025 09:00,34.92,16.26
03/02/2025 09:00,03/02/2025 09:30,29.00,13.66
03/02/2025 09:30,03/02/2025 10:00,28.07,13.25
03/02/2025 10:00,03/02/2025 10:30,25.89,12.29
03/02/2025 10:30,03/02/2025 11:00,23.59,11.28
03/02/2025 11:00,03/02/2025 11:30,23.05,11.04
03/02/2025 11:30,03/02/2025 12:00,21.85,10.51
03/02/2025 12:00,03/02/2025 12:30,22.49,10.79
03/02/2025 12:30,03/02/2025 13:00,21.86,10.52
03/02/2025 13:00,03/02/2025 13:30,22.39,10.75
03/02/2025 13:30,03/02/2025 14:00,22.05,10.60
03/02/2025 14:00,03/02/2025 14:30,22.95,11.00
03/02/2025 14:30,03/02/2025 15:00,21.85,10.51
03/02/2025 15:00,03/02/2025 15:30,23.61,11.29
03/02/2025 15:30,03/02/2025 16:00,24.94,11.87
03/02/2025 16:00,03/02/2025 16:30,38.57,15.71
03/02/2025 16:30,03/02/2025 17:00,44.70,18.41
03/02/2025 17:00,03/02/2025 17:30,43.51,17.89
03/02/2025 17:30,03/02/2025 18:00,43.71,17.97
03/02/2025 18:00,03/02/2025 18:30,44.74,18.43
03/02/2025 18:30,03/02/2025 19:00,38.83,15.83
03/02/2025 19:00,03/02/2025 19:30,28.71,13.53
03/02/2025 19:30,03/02/2025 20:00,25.36,12.06
03/02/2025 20:00,03/02/2025 20:30,26.10,12.38
03/02/2025 20:30,03/02/2025 21:00,25.14,11.96
03/02/2025 21:00,03/02/2025 21:30,24.25,11.57
03/02/2025 21:30,03/02/2025 22:00,23.55,11.26
03/02/2025 22:00,03/02/2025 22:30,23.15,11.08
03/02/2025 22:30,03/02/2025 23:00,20.73,10.02
03/02/2025 23:00,03/02/2025 23:30,22.05,10.60
03/02/2025 23:30,04/02/2025 00:00,18.74,9.14
04/02/2025 00:00,04/02/2025 00:30,20.29,9.82
04/02/2025 00:30,04/02/2025 01:00,22.73,10.90
04/02/2025 01:00,04/02/2025 01:30,22.05,10.60
04/02/2025 01:30,04/02/2025 02:00,19.84,9.63
04/02/2025 02:00,04/02/2025 02:30,19.98,9.69
04/02/2025 02:30,04/02/2025 03:00,18.75,9.15
04/02/2025 03:00,04/02/2025 03:30,19.79,9.61
04/02/2025 03:30,04/02/2025 04:00,18.87,9.20
04/02/2025 04:00,04/02/2025 04:30,17.93,8.79
04/02/2025 04:30,04/02/2025 05:00,16.54,8.18
04/02/2025 05:00,04/02/2025 05:30,19.62,9.53
04/02/2025 05:30,04/02/2025 06:00,18.86,9.19
04/02/2025 06:00,04/02/2025 06:30,21.61,10.41
04/02/2025 06:30,04/02/2025 07:00,23.31,11.15
04/02/2025 07:00,04/02/2025 07:30,28.52,13.45
04/02/2025 07:30,04/02/2025 08:00,31.53,14.77
04/02/2025 08:00,04/02/2025 08:30,27.99,13.22
04/02/2025 08:30,04/02/2025 09:00,29.00,13.66
04/02/2025 09:00,04/02/2025 09:30,24.52,11.69
04/02/2025 09:30,04/02/2025 10:00,24.68,11.76
04/02/2025 10:00,04/02/2025 10:30,24.48,11.67
04/02/2025 10:30,04/02/2025 11:00,25.20,11.99
04/02/2025 11:00,04/02/2025 11:30,23.11,11.07
04/02/2025 11:30,04/02/2025 12:00,23.82,11.38
04/02/2025 12:00,04/02/2025 12:30,23.15,11.08
04/02/2025 12:30,04/02/2025 13:00,23.51,11.24
04/02/2025 13:00,04/02/2025 13:30,23.15,11.08
04/02/2025 13:30,04/02/2025 14:00,22.71,10.89
04/02/2025 14:00,04/02/2025 14:30,23.37,11.18
04/02/2025 14:30,04/02/2025 15:00,22.49,10.79
04/02/2025 15:00,04/02/2025 15:30,24.70,11.76
04/02/2025 15:30,04/02/2025 16:00,24.32,11.60
04/02/2025 16:00,04/02/2025 16:30,37.62,15.29
04/02/2025 16:30,04/02/2025 17:00,41.30,16.91
04/02/2025 17:00,04/02/2025 17:30,44.16,18.17
04/02/2025 17:30,04/02/2025 18:00,45.62,18.82
04/02/2025 18:00,04/02/2025 18:30,44.02,18.11
04/02/2025 18:30,04/02/2025 19:00,41.43,16.97
04/02/2025 19:00,04/02/2025 19:30,29.04,13.67
04/02/2025 19:30,04/02/2025 20:00,26.46,12.54
04/02/2025 20:00,04/02/2025 20:30,24.17,11.53
04/02/2025 20:30,04/02/2025 21:00,24.70,11.76
04/02/2025 21:00,04/02/2025 21:30,25.14,11.96
04/02/2025 21:30,04/02/2025 22:00,24.25,11.57
04/02/2025 22:00,04/02/2025 22:30,24.03,11.47
04/02/2025 22:30,04/02/2025 23:00,21.17,10.21
04/02/2025 23:00,04/02/2025 23:30,21.43,10.33
04/02/2025 23:30,05/02/2025 00:00,19.84,9.63
05/02/2025 00:00,05/02/2025 00:30,19.84,9.63
05/02/2025 00:30,05/02/2025 01:00,21.33,10.28
05/02/2025 01:00,05/02/2025 01:30,19.95,9.68
05/02/2025 01:30,05/02/2025 02:00,19.95,9.68
05/02/2025 02:00,05/02/2025 02:30,19.95,9.68
05/02/2025 02:30,05/02/2025 03:00,19.95,9.68
05/02/2025 03:00,05/02/2025 03:30,20.15,9.77
05/02/2025 03:30,05/02/2025 04:00,20.21,9.79
05/02/2025 04:00,05/02/2025 04:30,21.82,10.50
05/02/2025 04:30,05/02/2025 05:00,22.19,10.66
05/02/2025 05:00,05/02/2025 05:30,24.56,11.71
05/02/2025 05:30,05/02/2025 06:00,24.28,11.58
05/02/2025 06:00,05/02/2025 06:30,27.12,12.83
05/02/2025 06:30,05/02/2025 07:00,27.34,12.93
05/02/2025 07:00,05/02/2025 07:30,30.84,14.47
05/02/2025 07:30,05/02/2025 08:00,34.22,15.95
05/02/2025 08:00,05/02/2025 08:30,28.66,13.51
05/02/2025 08:30,05/02/2025 09:00,29.95,14.07
05/02/2025 09:00,05/02/2025 09:30,27.48,12.99
05/02/2025 09:30,05/02/2025 10:00,23.81,11.38
05/02/2025 10:00,05/02/2025 10:30,24.25,11.57
05/02/2025 10:30,05/02/2025 11:00,22.27,10.70
05/02/2025 11:00,05/02/2025 11:30,23.39,11.19
05/02/2025 11:30,05/02/2025 12:00,22.27,10.70
05/02/2025 12:00,05/02/2025 12:30,22.39,10.75
05/02/2025 12:30,05/02/2025 13:00,22.49,10.79
05/02/2025 13:00,05/02/2025 13:30,22.27,10.70
05/02/2025 13:30,05/02/2025 14:00,22.27,10.70
05/02/2025 14:00,05/02/2025 14:30,25.33,12.04
05/02/2025 14:30,05/02/2025 15:00,26.02,12.35
05/02/2025 15:00,05/02/2025 15:30,26.68,12.64
05/02/2025 15:30,05/02/2025 16:00,28.14,13.28
05/02/2025 16:00,05/02/2025 16:30,42.67,17.52
05/02/2025 16:30,05/02/2025 17:00,48.45,20.06
05/02/2025 17:00,05/02/2025 17:30,47.83,19.78
05/02/2025 17:30,05/02/2025 18:00,49.63,20.58
05/02/2025 18:00,05/02/2025 18:30,48.44,20.05
05/02/2025 18:30,05/02/2025 19:00,47.91,19.82
05/02/2025 19:00,05/02/2025 19:30,34.04,15.88
05/02/2025 19:30,05/02/2025 20:00,31.05,14.56
05/02/2025 20:00,05/02/2025 20:30,32.63,15.26
05/02/2025 20:30,05/02/2025 21:00,29.11,13.70
05/02/2025 21:00,05/02/2025 21:30,26.68,12.64
05/02/2025 21:30,05/02/2025 22:00,26.24,12.44
05/02/2025 22:00,05/02/2025 22:30,25.13,11.96
05/02/2025 22:30,05/02/2025 23:00,23.37,11.18
05/02/2025 23:00,05/02/2025 23:30,25.14,11.96
05/02/2025 23:30,06/02/2025 00:00,24.17,11.53
06/02/2025 00:00,06/02/2025 00:30,24.03,11.47
06/02/2025 00:30,06/02/2025 01:00,26.63,12.61
06/02/2025 01:00,06/02/2025 01:30,24.25,11.57
06/02/2025 01:30,06/02/2025 02:00,22.57,10.83
06/02/2025 02:00,06/02/2025 02:30,24.20,11.55
06/02/2025 02:30,06/02/2025 03:00,23.15,11.08
06/02/2025 03:00,06/02/2025 03:30,23.95,11.44
06/02/2025 03:30,06/02/2025 04:00,22.88,10.96
06/02/2025 04:00,06/02/2025 04:30,23.81,11.38
06/02/2025 04:30,06/02/2025 05:00,22.67,10.87
06/02/2025 05:00,06/02/2025 05:30,24.03,11.47
06/02/2025 05:30,06/02/2025 06:00,22.93,10.99
06/02/2025 06:00,06/02/2025 06:30,29.45,13.86
06/02/2025 06:30,06/02/2025 07:00,31.97,14.96
06/02/2025 07:00,06/02/2025 07:30,35.69,16.60
06/02/2025 07:30,06/02/2025 08:00,38.59,17.88
06/02/2025 08:00,06/02/2025 08:30,34.40,16.03
06/02/2025 08:30,06/02/2025 09:00,34.18,15.94
06/02/2025 09:00,06/02/2025 09:30,29.55,13.90
06/02/2025 09:30,06/02/2025 10:00,25.91,12.30
06/02/2025 10:00,06/02/2025 10:30,25.82,12.26
06/02/2025 10:30,06/02/2025 11:00,24.92,11.86
06/02/2025 11:00,06/02/2025 11:30,25.66,12.19
06/02/2025 11:30,06/02/2025 12:00,24.03,11.47
06/02/2025 12:00,06/02/2025 12:30,24.30,11.59
06/02/2025 12:30,06/02/2025 13:00,23.81,11.38
06/02/2025 13:00,06/02/2025 13:30,22.27,10.70
06/02/2025 13:30,06/02/2025 14:00,22.27,10.70
06/02/2025 14:00,06/02/2025 14:30,22.27,10.70
06/02/2025 14:30,06/02/2025 15:00,23.15,11.08
06/02/2025 15:00,06/02/2025 15:30,22.27,10.70
06/02/2025 15:30,06/02/2025 16:00,25.68,12.20
06/02/2025 16:00,06/02/2025 16:30,39.05,15.92
06/02/2025 16:30,06/02/2025 17:00,44.41,18.28
06/02/2025 17:00,06/02/2025 17:30,46.28,19.11
06/02/2025 17:30,06/02/2025 18:00,47.87,19.80
06/02/2025 18:00,06/02/2025 18:30,45.71,18.85
06/02/2025 18:30,06/02/2025 19:00,43.77,18.00
06/02/2025 19:00,06/02/2025 19:30,26.90,12.73
06/02/2025 19:30,06/02/2025 20:00,23.39,11.19
06/02/2025 20:00,06/02/2025 20:30,25.54,12.13
06/02/2025 20:30,06/02/2025 21:00,26.80,12.69
06/02/2025 21:00,06/02/2025 21:30,27.82,13.14
06/02/2025 21:30,06/02/2025 22:00,25.14,11.96
06/02/2025 22:00,06/02/2025 22:30,23.81,11.38
06/02/2025 22:30,06/02/2025 23:00,22.60,10.84
06/02/2025 23:00,06/02/2025 23:30,24.25,11.57
06/02/2025 23:30,07/02/2025 00:00,24.03,11.47
07/02/2025 00:00,07/02/2025 00:30,23.92,11.42
07/02/2025 00:30,07/02/2025 01:00,26.46,12.54
07/02/2025 01:00,07/02/2025 01:30,25.17,11.97
07/02/2025 01:30,07/02/2025 02:00,23.33,11.16
07/02/2025 02:00,07/02/2025 02:30,23.81,11.38
07/02/2025 02:30,07/02/2025 03:00,23.12,11.07
07/02/2025 03:00,07/02/2025 03:30,22.92,10.98
07/02/2025 03:30,07/02/2025 04:00,21.17,10.21
07/02/2025 04:00,07/02/2025 04:30,23.15,11.08
07/02/2025 04:30,07/02/2025 05:00,20.73,10.02
07/02/2025 05:00,07/02/2025 05:30,22.05,10.60
07/02/2025 05:30,07/02/2025 06:00,21.17,10.21
07/02/2025 06:00,07/02/2025 06:30,26.26,12.45
07/02/2025 06:30,07/02/2025 07:00,24.48,11.67
07/02/2025 07:00,07/02/2025 07:30,28.25,13.33
07/02/2025 07:30,07/02/2025 08:00,31.97,14.96
07/02/2025 08:00,07/02/2025 08:30,27.35,12.93
07/02/2025 08:30,07/02/2025 09:00,27.78,13.12
07/02/2025 09:00,07/02/2025 09:30,27.07,12.81
07/02/2025 09:30,07/02/2025 10:00,26.20,12.43
07/02/2025 10:00,07/02/2025 10:30,26.46,12.54
07/02/2025 10:30,07/02/2025 11:00,24.74,11.78
07/02/2025 11:00,07/02/2025 11:30,24.01,11.46
07/02/2025 11:30,07/02/2025 12:00,23.04,11.04
07/02/2025 12:00,07/02/2025 12:30,23.64,11.30
07/02/2025 12:30,07/02/2025 13:00,22.95,11.00
07/02/2025 13:00,07/02/2025 13:30,23.59,11.28
07/02/2025 13:30,07/02/2025 14:00,22.91,10.98
07/02/2025 14:00,07/02/2025 14:30,22.85,10.95
07/02/2025 14:30,07/02/2025 15:00,22.51,10.80
07/02/2025 15:00,07/02/2025 15:30,24.32,11.60
07/02/2025 15:30,07/02/2025 16:00,25.76,12.23
07/02/2025 16:00,07/02/2025 16:30,39.05,15.92
07/02/2025 16:30,07/02/2025 17:00,42.45,17.42
07/02/2025 17:00,07/02/2025 17:30,39.63,16.18
07/02/2025 17:30,07/02/2025 18:00,42.98,17.65
07/02/2025 18:00,07/02/2025 18:30,43.20,17.75
07/02/2025 18:30,07/02/2025 19:00,41.45,16.98
07/02/2025 19:00,07/02/2025 19:30,26.46,12.54
07/02/2025 19:30,07/02/2025 20:00,24.48,11.67
07/02/2025 20:00,07/02/2025 20:30,27.34,12.93
07/02/2025 20:30,07/02/2025 21:00,23.39,11.19
07/02/2025 21:00,07/02/2025 21:30,26.46,12.54
07/02/2025 21:30,07/02/2025 22:00,24.90,11.85
07/02/2025 22:00,07/02/2025 22:30,24.92,11.86
07/02/2025 22:30,07/02/2025 23:00,21.39,10.31
07/02/2025 23:00,07/02/2025 23:30,24.70,11.76
07/02/2025 23:30,08/02/2025 00:00,19.84,9.63
08/02/2025 00:00,08/02/2025 00:30,20.05,9.72
08/02/2025 00:30,08/02/2025 01:00,23.81,11.38
08/02/2025 01:00,08/02/2025 01:30,21.50,10.36
08/02/2025 01:30,08/02/2025 02:00,20.73,10.02
08/02/2025 02:00,08/02/2025 02:30,21.45,10.34
08/02/2025 02:30,08/02/2025 03:00,21.61,10.41
08/02/2025 03:00,08/02/2025 03:30,21.83,10.50
08/02/2025 03:30,08/02/2025 04:00,21.17,10.21
08/02/2025 04:00,08/02/2025 04:30,21.78,10.48
08/02/2025 04:30,08/02/2025 05:00,21.17,10.21
08/02/2025 05:00,08/02/2025 05:30,21.39,10.31
08/02/2025 05:30,08/02/2025 06:00,21.13,10.19
08/02/2025 06:00,08/02/2025 06:30,23.95,11.44
08/02/2025 06:30,08/02/2025 07:00,24.25,11.57
08/02/2025 07:00,08/02/2025 07:30,23.66,11.31
08/02/2025 07:30,08/02/2025 08:00,25.54,12.13
08/02/2025 08:00,08/02/2025 08:30,24.60,11.72
08/02/2025 08:30,08/02/2025 09:00,25.00,11.90
08/02/2025 09:00,08/02/2025 09:30,26.46,12.54
08/02/2025 09:30,08/02/2025 10:00,24.70,11.76
08/02/2025 10:00,08/02/2025 10:30,26.68,12.64
08/02/2025 10:30,08/02/2025 11:00,29.11,13.70
08/02/2025 11:00,08/02/2025 11:30,29.44,13.85
08/02/2025 11:30,08/02/2025 12:00,27.50,13.00
08/02/2025 12:00,08/02/2025 12:30,27.24,12.88
08/02/2025 12:30,08/02/2025 13:00,27.93,13.19
08/02/2025 13:00,08/02/2025 13:30,29.35,13.81
08/02/2025 13:30,08/02/2025 14:00,23.59,11.28
08/02/2025 14:00,08/02/2025 14:30,26.26,12.45
08/02/2025 14:30,08/02/2025 15:00,22.93,10.99
08/02/2025 15:00,08/02/2025 15:30,24.31,11.59
08/02/2025 15:30,08/02/2025 16:00,24.25,11.57
08/02/2025 16:00,08/02/2025 16:30,40.33,16.49
08/02/2025 16:30,08/02/2025 17:00,45.40,18.72
08/02/2025 17:00,08/02/2025 17:30,44.52,18.33
08/02/2025 17:30,08/02/2025 18:00,47.47,19.63
08/02/2025 18:00,08/02/2025 18:30,45.98,18.97
08/02/2025 18:30,08/02/2025 19:00,44.54,18.34
08/02/2025 19:00,08/02/2025 19:30,33.08,15.45
08/02/2025 19:30,08/02/2025 20:00,28.41,13.40
08/02/2025 20:00,08/02/2025 20:30,28.37,13.38
08/02/2025 20:30,08/02/2025 21:00,23.37,11.18
08/02/2025 21:00,08/02/2025 21:30,27.56,13.02
08/02/2025 21:30,08/02/2025 22:00,25.09,11.94
08/02/2025 22:00,08/02/2025 22:30,26.46,12.54
08/02/2025 22:30,08/02/2025 23:00,22.71,10.89
08/02/2025 23:00,08/02/2025 23:30,27.34,12.93
08/02/2025 23:30,09/02/2025 00:00,24.80,11.81
09/02/2025 00:00,09/02/2025 00:30,22.49,10.79
09/02/2025 00:30,09/02/2025 01:00,28.84,13.59
09/02/2025 01:00,09/02/2025 01:30,26.07,12.37
09/02/2025 01:30,09/02/2025 02:00,25.14,11.96
09/02/2025 02:00,09/02/2025 02:30,26.46,12.54
09/02/2025 02:30,09/02/2025 03:00,22.49,10.79
09/02/2025 03:00,09/02/2025 03:30,24.83,11.83
09/02/2025 03:30,09/02/2025 04:00,22.49,10.79
09/02/2025 04:00,09/02/2025 04:30,23.35,11.17
09/02/2025 04:30,09/02/2025 05:00,22.49,10.79
09/02/2025 05:00,09/02/2025 05:30,23.77,11.36
09/02/2025 05:30,09/02/2025 06:00,22.97,11.01
09/02/2025 06:00,09/02/2025 06:30,25.12,11.95
09/02/2025 06:30,09/02/2025 07:00,26.46,12.54
09/02/2025 07:00,09/02/2025 07:30,23.98,11.45
09/02/2025 07:30,09/02/2025 08:00,26.30,12.47
09/02/2025 08:00,09/02/2025 08:30,22.42,10.76
09/02/2025 08:30,09/02/2025 09:00,24.50,11.68
09/02/2025 09:00,09/02/2025 09:30,24.48,11.67
09/02/2025 09:30,09/02/2025 10:00,25.93,12.31
09/02/2025 10:00,09/02/2025 10:30,25.22,12.00
09/02/2025 10:30,09/02/2025 11:00,26.38,12.50
09/02/2025 11:00,09/02/2025 11:30,27.39,12.95
09/02/2025 11:30,09/02/2025 12:00,28.31,13.35
09/02/2025 12:00,09/02/2025 12:30,26.70,12.65
09/02/2025 12:30,09/02/2025 13:00,27.58,13.03
09/02/2025 13:00,09/02/2025 13:30,27.48,12.99
09/02/2025 13:30,09/02/2025 14:00,26.46,12.54
09/02/2025 14:00,09/02/2025 14:30,25.39,12.07
09/02/2025 14:30,09/02/2025 15:00,24.39,11.63
09/02/2025 15:00,09/02/2025 15:30,26.70,12.65
09/02/2025 15:30,09/02/2025 16:00,25.69,12.20
09/02/2025 16:00,09/02/2025 16:30,43.10,17.71
09/02/2025 16:30,09/02/2025 17:00,43.70,17.97
09/02/2025 17:00,09/02/2025 17:30,43.89,18.05
09/02/2025 17:30,09/02/2025 18:00,44.78,18.45
09/02/2025 18:00,09/02/2025 18:30,46.86,19.36
09/02/2025 18:30,09/02/2025 19:00,43.20,17.75
09/02/2025 19:00,09/02/2025 19:30,31.09,14.58
09/02/2025 19:30,09/02/2025 20:00,27.41,12.96
09/02/2025 20:00,09/02/2025 20:30,26.88,12.72
09/02/2025 20:30,09/02/2025 21:00,23.73,11.34
09/02/2025 21:00,09/02/2025 21:30,25.50,12.12
09/02/2025 21:30,09/02/2025 22:00,25.22,12.00
09/02/2025 22:00,09/02/2025 22:30,29.11,13.70
09/02/2025 22:30,09/02/2025 23:00,23.15,11.08
09/02/2025 23:00,09/02/2025 23:30,23.81,11.38
09/02/2025 23:30,10/02/2025 00:00,22.05,10.60
10/02/2025 00:00,10/02/2025 00:30,22.05,10.60
10/02/2025 00:30,10/02/2025 01:00,24.80,11.81
10/02/2025 01:00,10/02/2025 01:30,24.25,11.57
10/02/2025 01:30,10/02/2025 02:00,22.05,10.60
10/02/2025 02:00,10/02/2025 02:30,22.49,10.79
10/02/2025 02:30,10/02/2025 03:00,22.05,10.60
10/02/2025 03:00,10/02/2025 03:30,22.05,10.60
10/02/2025 03:30,10/02/2025 04:00,21.17,10.21
10/02/2025 04:00,10/02/2025 04:30,22.57,10.83
10/02/2025 04:30,10/02/2025 05:00,21.52,10.37
10/02/2025 05:00,10/02/2025 05:30,25.07,11.93
10/02/2025 05:30,10/02/2025 06:00,24.52,11.69
10/02/2025 06:00,10/02/2025 06:30,25.69,12.20
10/02/2025 06:30,10/02/2025 07:00,27.34,12.93
10/02/2025 07:00,10/02/2025 07:30,27.56,13.02
10/02/2025 07:30,10/02/2025 08:00,31.75,14.87
10/02/2025 08:00,10/02/2025 08:30,29.31,13.79
10/02/2025 08:30,10/02/2025 09:00,29.46,13.86
10/02/2025 09:00,10/02/2025 09:30,29.83,14.02
10/02/2025 09:30,10/02/2025 10:00,29.39,13.83
10/02/2025 10:00,10/02/2025 10:30,27.70,13.08
10/02/2025 10:30,10/02/2025 11:00,26.84,12.71
10/02/2025 11:00,10/02/2025 11:30,27.34,12.93
10/02/2025 11:30,10/02/2025 12:00,26.18,12.41
10/02/2025 12:00,10/02/2025 12:30,25.16,11.97
10/02/2025 12:30,10/02/2025 13:00,24.99,11.89
10/02/2025 13:00,10/02/2025 13:30,24.82,11.82
10/02/2025 13:30,10/02/2025 14:00,23.99,11.45
10/02/2025 14:00,10/02/2025 14:30,25.60,12.16
10/02/2025 14:30,10/02/2025 15:00,24.74,11.78
10/02/2025 15:00,10/02/2025 15:30,23.15,11.08
10/02/2025 15:30,10/02/2025 16:00,25.36,12.06
10/02/2025 16:00,10/02/2025 16:30,36.36,14.74
10/02/2025 16:30,10/02/2025 17:00,44.52,18.33
10/02/2025 17:00,10/02/2025 17:30,43.71,17.97
10/02/2025 17:30,10/02/2025 18:00,46.73,19.30
10/02/2025 18:00,10/02/2025 18:30,48.86,20.24
10/02/2025 18:30,10/02/2025 19:00,44.58,18.36
10/02/2025 19:00,10/02/2025 19:30,30.87,14.48
10/02/2025 19:30,10/02/2025 20:00,27.56,13.02
10/02/2025 20:00,10/02/2025 20:30,27.56,13.02
10/02/2025 20:30,10/02/2025 21:00,25.36,12.06
10/02/2025 21:00,10/02/2025 21:30,28.64,13.50
10/02/2025 21:30,10/02/2025 22:00,25.01,11.90
10/02/2025 22:00,10/02/2025 22:30,24.70,11.76
10/02/2025 22:30,10/02/2025 23:00,24.25,11.57
10/02/2025 23:00,10/02/2025 23:30,25.92,12.30
10/02/2025 23:30,11/02/2025 00:00,24.25,11.57
11/02/2025 00:00,11/02/2025 00:30,24.25,11.57
11/02/2025 00:30,11/02/2025 01:00,27.34,12.93
11/02/2025 01:00,11/02/2025 01:30,25.40,12.08
11/02/2025 01:30,11/02/2025 02:00,23.99,11.45
11/02/2025 02:00,11/02/2025 02:30,24.42,11.64
11/02/2025 02:30,11/02/2025 03:00,24.19,11.54
11/02/2025 03:00,11/02/2025 03:30,24.42,11.64
11/02/2025 03:30,11/02/2025 04:00,23.64,11.30
11/02/2025 04:00,11/02/2025 04:30,22.71,10.89
11/02/2025 04:30,11/02/2025 05:00,21.61,10.41
11/02/2025 05:00,11/02/2025 05:30,23.15,11.08
11/02/2025 05:30,11/02/2025 06:00,22.93,10.99
11/02/2025 06:00,11/02/2025 06:30,26.61,12.61
11/02/2025 06:30,11/02/2025 07:00,26.02,12.35
11/02/2025 07:00,11/02/2025 07:30,26.10,12.38
11/02/2025 07:30,11/02/2025 08:00,29.99,14.09
11/02/2025 08:00,11/02/2025 08:30,27.78,13.12
11/02/2025 08:30,11/02/2025 09:00,29.65,13.95
11/02/2025 09:00,11/02/2025 09:30,29.99,14.09
11/02/2025 09:30,11/02/2025 10:00,29.88,14.04
11/02/2025 10:00,11/02/2025 10:30,28.44,13.41
11/02/2025 10:30,11/02/2025 11:00,27.45,12.98
11/02/2025 11:00,11/02/2025 11:30,26.46,12.54
11/02/2025 11:30,11/02/2025 12:00,26.13,12.40
11/02/2025 12:00,11/02/2025 12:30,25.36,12.06
11/02/2025 12:30,11/02/2025 13:00,25.36,12.06
11/02/2025 13:00,11/02/2025 13:30,25.36,12.06
11/02/2025 13:30,11/02/2025 14:00,25.36,12.06
11/02/2025 14:00,11/02/2025 14:30,27.56,13.02
11/02/2025 14:30,11/02/2025 15:00,26.46,12.54
11/02/2025 15:00,11/02/2025 15:30,25.36,12.06
11/02/2025 15:30,11/02/2025 16:00,27.17,12.86
11/02/2025 16:00,11/02/2025 16:30,41.70,17.09
11/02/2025 16:30,11/02/2025 17:00,45.50,18.76
11/02/2025 17:00,11/02/2025 17:30,44.81,18.46
11/02/2025 17:30,11/02/2025 18:00,44.81,18.46
11/02/2025 18:00,11/02/2025 18:30,49.10,20.34
11/02/2025 18:30,11/02/2025 19:00,47.61,19.69
11/02/2025 19:00,11/02/2025 19:30,28.66,13.51
11/02/2025 19:30,11/02/2025 20:00,28.65,13.50
11/02/2025 20:00,11/02/2025 20:30,27.68,13.07
11/02/2025 20:30,11/02/2025 21:00,24.99,11.89
11/02/2025 21:00,11/02/2025 21:30,29.55,13.90
11/02/2025 21:30,11/02/2025 22:00,25.62,12.17
11/02/2025 22:00,11/02/2025 22:30,25.36,12.06
11/02/2025 22:30,11/02/2025 23:00,22.63,10.85
11/02/2025 23:00,11/02/2025 23:30,25.36,12.06
11/02/2025 23:30,12/02/2025 00:00,24.23,11.56
12/02/2025 00:00,12/02/2025 00:30,23.81,11.38
12/02/2025 00:30,12/02/2025 01:00,25.36,12.06
12/02/2025 01:00,12/02/2025 01:30,25.36,12.06
12/02/2025 01:30,12/02/2025 02:00,24.92,11.86
12/02/2025 02:00,12/02/2025 02:30,25.36,12.06
12/02/2025 02:30,12/02/2025 03:00,24.92,11.86
12/02/2025 03:00,12/02/2025 03:30,25.15,11.96
12/02/2025 03:30,12/02/2025 04:00,24.73,11.78
12/02/2025 04:00,12/02/2025 04:30,25.36,12.06
12/02/2025 04:30,12/02/2025 05:00,25.36,12.06
12/02/2025 05:00,12/02/2025 05:30,28.99,13.65
12/02/2025 05:30,12/02/2025 06:00,25.80,12.25
12/02/2025 06:00,12/02/2025 06:30,28.25,13.33
12/02/2025 06:30,12/02/2025 07:00,33.52,15.64
12/02/2025 07:00,12/02/2025 07:30,31.97,14.96
12/02/2025 07:30,12/02/2025 08:00,33.34,15.57
12/02/2025 08:00,12/02/2025 08:30,31.79,14.88
12/02/2025 08:30,12/02/2025 09:00,32.99,15.41
12/02/2025 09:00,12/02/2025 09:30,31.57,14.79
12/02/2025 09:30,12/02/2025 10:00,30.87,14.48
12/02/2025 10:00,12/02/2025 10:30,28.89,13.61
12/02/2025 10:30,12/02/2025 11:00,27.56,13.02
12/02/2025 11:00,12/02/2025 11:30,27.34,12.93
12/02/2025 11:30,12/02/2025 12:00,26.68,12.64
12/02/2025 12:00,12/02/2025 12:30,26.68,12.64
12/02/2025 12:30,12/02/2025 13:00,26.72,12.66
12/02/2025 13:00,12/02/2025 13:30,28.79,13.57
12/02/2025 13:30,12/02/2025 14:00,27.76,13.11
12/02/2025 14:00,12/02/2025 14:30,29.34,13.81
12/02/2025 14:30,12/02/2025 15:00,27.56,13.02
12/02/2025 15:00,12/02/2025 15:30,31.99,14.98
12/02/2025 15:30,12/02/2025 16:00,33.96,15.84
12/02/2025 16:00,12/02/2025 16:30,43.72,17.98
12/02/2025 16:30,12/02/2025 17:00,46.42,19.17
12/02/2025 17:00,12/02/2025 17:30,46.50,19.20
12/02/2025 17:30,12/02/2025 18:00,48.35,20.02
12/02/2025 18:00,12/02/2025 18:30,47.25,19.53
12/02/2025 18:30,12/02/2025 19:00,47.06,19.45
12/02/2025 19:00,12/02/2025 19:30,32.99,15.41
12/02/2025 19:30,12/02/2025 20:00,31.59,14.80
12/02/2025 20:00,12/02/2025 20:30,32.11,15.02
12/02/2025 20:30,12/02/2025 21:00,29.11,13.70
12/02/2025 21:00,12/02/2025 21:30,30.87,14.48
12/02/2025 21:30,12/02/2025 22:00,28.56,13.46
12/02/2025 22:00,12/02/2025 22:30,26.24,12.44
12/02/2025 22:30,12/02/2025 23:00,25.36,12.06
12/02/2025 23:00,12/02/2025 23:30,25.41,12.08
12/02/2025 23:30,13/02/2025 00:00,23.37,11.18
13/02/2025 00:00,13/02/2025 00:30,22.83,10.94
13/02/2025 00:30,13/02/2025 01:00,25.38,12.06
13/02/2025 01:00,13/02/2025 01:30,24.25,11.57
13/02/2025 01:30,13/02/2025 02:00,24.39,11.63
13/02/2025 02:00,13/02/2025 02:30,23.94,11.43
13/02/2025 02:30,13/02/2025 03:00,23.37,11.18
13/02/2025 03:00,13/02/2025 03:30,23.94,11.43
13/02/2025 03:30,13/02/2025 04:00,23.37,11.18
13/02/2025 04:00,13/02/2025 04:30,24.25,11.57
13/02/2025 04:30,13/02/2025 05:00,23.37,11.18
13/02/2025 05:00,13/02/2025 05:30,24.70,11.76
13/02/2025 05:30,13/02/2025 06:00,23.37,11.18
13/02/2025 06:00,13/02/2025 06:30,30.87,14.48
13/02/2025 06:30,13/02/2025 07:00,31.93,14.95
13/02/2025 07:00,13/02/2025 07:30,34.16,15.93
13/02/2025 07:30,13/02/2025 08:00,35.64,16.58
13/02/2025 08:00,13/02/2025 08:30,31.08,14.57
13/02/2025 08:30,13/02/2025 09:00,32.63,15.26
13/02/2025 09:00,13/02/2025 09:30,33.79,15.77
13/02/2025 09:30,13/02/2025 10:00,32.63,15.26
13/02/2025 10:00,13/02/2025 10:30,31.39,14.71
13/02/2025 10:30,13/02/2025 11:00,30.33,14.25
13/02/2025 11:00,13/02/2025 11:30,30.43,14.29
13/02/2025 11:30,13/02/2025 12:00,28.44,13.41
13/02/2025 12:00,13/02/2025 12:30,26.64,12.62
13/02/2025 12:30,13/02/2025 13:00,27.57,13.03
13/02/2025 13:00,13/02/2025 13:30,27.56,13.02
13/02/2025 13:30,13/02/2025 14:00,26.52,12.57
13/02/2025 14:00,13/02/2025 14:30,26.50,12.56
13/02/2025 14:30,13/02/2025 15:00,26.70,12.65
13/02/2025 15:00,13/02/2025 15:30,28.43,13.41
13/02/2025 15:30,13/02/2025 16:00,29.96,14.08
13/02/2025 16:00,13/02/2025 16:30,42.76,17.55
13/02/2025 16:30,13/02/2025 17:00,46.11,19.03
13/02/2025 17:00,13/02/2025 17:30,44.52,18.33
13/02/2025 17:30,13/02/2025 18:00,46.28,19.11
13/02/2025 18:00,13/02/2025 18:30,47.60,19.69
13/02/2025 18:30,13/02/2025 19:00,46.81,19.34
13/02/2025 19:00,13/02/2025 19:30,31.86,14.91
13/02/2025 19:30,13/02/2025 20:00,29.55,13.90
13/02/2025 20:00,13/02/2025 20:30,29.75,13.99
13/02/2025 20:30,13/02/2025 21:00,28.36,13.37
13/02/2025 21:00,13/02/2025 21:30,27.82,13.14
13/02/2025 21:30,13/02/2025 22:00,24.87,11.84
13/02/2025 22:00,13/02/2025 22:30,26.22,12.44
13/02/2025 22:30,13/02/2025 23:00,23.37,11.18
13/02/2025 23:00,13/02/2025 23:30,24.46,11.66
13/02/2025 23:30,14/02/2025 00:00,22.71,10.89
14/02/2025 00:00,14/02/2025 00:30,22.05,10.60
14/02/2025 00:30,14/02/2025 01:00,22.93,10.99
14/02/2025 01:00,14/02/2025 01:30,22.20,10.66
14/02/2025 01:30,14/02/2025 02:00,22.05,10.60
14/02/2025 02:00,14/02/2025 02:30,22.05,10.60
14/02/2025 02:30,14/02/2025 03:00,21.95,10.55
14/02/2025 03:00,14/02/2025 03:30,22.05,10.60
14/02/2025 03:30,14/02/2025 04:00,21.89,10.53
14/02/2025 04:00,14/02/2025 04:30,23.46,11.22
14/02/2025 04:30,14/02/2025 05:00,22.05,10.60
14/02/2025 05:00,14/02/2025 05:30,29.99,14.09
14/02/2025 05:30,14/02/2025 06:00,22.25,10.69
14/02/2025 06:00,14/02/2025 06:30,29.99,14.09
14/02/2025 06:30,14/02/2025 07:00,29.85,14.03
14/02/2025 07:00,14/02/2025 07:30,33.74,15.74
14/02/2025 07:30,14/02/2025 08:00,35.50,16.52
14/02/2025 08:00,14/02/2025 08:30,32.05,15.00
14/02/2025 08:30,14/02/2025 09:00,32.66,15.26
14/02/2025 09:00,14/02/2025 09:30,32.29,15.10
14/02/2025 09:30,14/02/2025 10:00,31.22,14.63
14/02/2025 10:00,14/02/2025 10:30,29.49,13.88
14/02/2025 10:30,14/02/2025 11:00,27.66,13.07
14/02/2025 11:00,14/02/2025 11:30,28.66,13.51
14/02/2025 11:30,14/02/2025 12:00,27.28,12.90
14/02/2025 12:00,14/02/2025 12:30,28.22,13.32
14/02/2025 12:30,14/02/2025 13:00,26.82,12.70
14/02/2025 13:00,14/02/2025 13:30,27.34,12.93
14/02/2025 13:30,14/02/2025 14:00,27.49,12.99
14/02/2025 14:00,14/02/2025 14:30,29.19,13.74
14/02/2025 14:30,14/02/2025 15:00,30.25,14.21
14/02/2025 15:00,14/02/2025 15:30,29.26,13.77
14/02/2025 15:30,14/02/2025 16:00,31.75,14.87
14/02/2025 16:00,14/02/2025 16:30,43.30,17.80
14/02/2025 16:30,14/02/2025 17:00,49.38,20.47
14/02/2025 17:00,14/02/2025 17:30,46.95,19.40
14/02/2025 17:30,14/02/2025 18:00,50.05,20.76
14/02/2025 18:00,14/02/2025 18:30,49.56,20.55
14/02/2025 18:30,14/02/2025 19:00,46.77,19.32
14/02/2025 19:00,14/02/2025 19:30,33.08,15.45
14/02/2025 19:30,14/02/2025 20:00,30.21,14.19
14/02/2025 20:00,14/02/2025 20:30,29.91,14.06
14/02/2025 20:30,14/02/2025 21:00,27.56,13.02
14/02/2025 21:00,14/02/2025 21:30,28.12,13.27
14/02/2025 21:30,14/02/2025 22:00,26.10,12.38
14/02/2025 22:00,14/02/2025 22:30,26.02,12.35
14/02/2025 22:30,14/02/2025 23:00,24.79,11.81
14/02/2025 23:00,14/02/2025 23:30,24.70,11.76
14/02/2025 23:30,15/02/2025 00:00,25.14,11.96
15/02/2025 00:00,15/02/2025 00:30,22.05,10.60
15/02/2025 00:30,15/02/2025 01:00,26.68,12.64
15/02/2025 01:00,15/02/2025 01:30,22.27,10.70
15/02/2025 01:30,15/02/2025 02:00,22.05,10.60
15/02/2025 02:00,15/02/2025 02:30,22.25,10.69
15/02/2025 02:30,15/02/2025 03:00,22.23,10.68
15/02/2025 03:00,15/02/2025 03:30,22.05,10.60
15/02/2025 03:30,15/02/2025 04:00,21.61,10.41
15/02/2025 04:00,15/02/2025 04:30,21.95,10.55
15/02/2025 04:30,15/02/2025 05:00,21.83,10.50
15/02/2025 05:00,15/02/2025 05:30,22.27,10.70
15/02/2025 05:30,15/02/2025 06:00,22.05,10.60
15/02/2025 06:00,15/02/2025 06:30,26.50,12.56
15/02/2025 06:30,15/02/2025 07:00,26.46,12.54
15/02/2025 07:00,15/02/2025 07:30,22.49,10.79
15/02/2025 07:30,15/02/2025 08:00,25.71,12.21
15/02/2025 08:00,15/02/2025 08:30,24.34,11.61
15/02/2025 08:30,15/02/2025 09:00,29.55,13.90
15/02/2025 09:00,15/02/2025 09:30,23.59,11.28
15/02/2025 09:30,15/02/2025 10:00,25.07,11.93
15/02/2025 10:00,15/02/2025 10:30,25.05,11.92
15/02/2025 10:30,15/02/2025 11:00,24.90,11.85
15/02/2025 11:00,15/02/2025 11:30,26.02,12.34
15/02/2025 11:30,15/02/2025 12:00,24.94,11.87
15/02/2025 12:00,15/02/2025 12:30,26.46,12.54
15/02/2025 12:30,15/02/2025 13:00,27.18,12.86
15/02/2025 13:00,15/02/2025 13:30,25.56,12.14
15/02/2025 13:30,15/02/2025 14:00,25.16,11.97
15/02/2025 14:00,15/02/2025 14:30,25.05,11.92
15/02/2025 14:30,15/02/2025 15:00,24.39,11.63
15/02/2025 15:00,15/02/2025 15:30,27.73,13.10
15/02/2025 15:30,15/02/2025 16:00,27.24,12.88
15/02/2025 16:00,15/02/2025 16:30,42.31,17.36
15/02/2025 16:30,15/02/2025 17:00,43.44,17.85
15/02/2025 17:00,15/02/2025 17:30,43.64,17.94
15/02/2025 17:30,15/02/2025 18:00,43.64,17.94
15/02/2025 18:00,15/02/2025 18:30,44.43,18.29
15/02/2025 18:30,15/02/2025 19:00,44.32,18.24
15/02/2025 19:00,15/02/2025 19:30,27.16,12.85
15/02/2025 19:30,15/02/2025 20:00,25.41,12.08
15/02/2025 20:00,15/02/2025 20:30,24.01,11.46
15/02/2025 20:30,15/02/2025 21:00,24.52,11.69
15/02/2025 21:00,15/02/2025 21:30,23.75,11.35
15/02/2025 21:30,15/02/2025 22:00,24.70,11.76
15/02/2025 22:00,15/02/2025 22:30,25.14,11.96
15/02/2025 22:30,15/02/2025 23:00,23.15,11.08
15/02/2025 23:00,15/02/2025 23:30,24.48,11.67
15/02/2025 23:30,16/02/2025 00:00,25.92,12.30
16/02/2025 00:00,16/02/2025 00:30,23.40,11.20
16/02/2025 00:30,16/02/2025 01:00,25.93,12.31
16/02/2025 01:00,16/02/2025 01:30,23.02,11.02
16/02/2025 01:30,16/02/2025 02:00,23.66,11.31
16/02/2025 02:00,16/02/2025 02:30,23.88,11.41
16/02/2025 02:30,16/02/2025 03:00,21.78,10.48
16/02/2025 03:00,16/02/2025 03:30,24.70,11.76
16/02/2025 03:30,16/02/2025 04:00,21.95,10.56
16/02/2025 04:00,16/02/2025 04:30,23.45,11.22
16/02/2025 04:30,16/02/2025 05:00,21.61,10.41
16/02/2025 05:00,16/02/2025 05:30,23.46,11.22
16/02/2025 05:30,16/02/2025 06:00,22.49,10.79
16/02/2025 06:00,16/02/2025 06:30,23.53,11.25
16/02/2025 06:30,16/02/2025 07:00,25.14,11.96
16/02/2025 07:00,16/02/2025 07:30,23.40,11.20
16/02/2025 07:30,16/02/2025 08:00,25.47,12.10
16/02/2025 08:00,16/02/2025 08:30,22.90,10.97
16/02/2025 08:30,16/02/2025 09:00,29.83,14.02
16/02/2025 09:00,16/02/2025 09:30,21.07,10.17
16/02/2025 09:30,16/02/2025 10:00,24.25,11.57
16/02/2025 10:00,16/02/2025 10:30,21.95,10.56
16/02/2025 10:30,16/02/2025 11:00,23.28,11.14
16/02/2025 11:00,16/02/2025 11:30,22.80,10.93
16/02/2025 11:30,16/02/2025 12:00,23.72,11.34
16/02/2025 12:00,16/02/2025 12:30,25.20,11.99
16/02/2025 12:30,16/02/2025 13:00,26.02,12.35
16/02/2025 13:00,16/02/2025 13:30,25.58,12.15
16/02/2025 13:30,16/02/2025 14:00,23.33,11.16
16/02/2025 14:00,16/02/2025 14:30,24.62,11.73
16/02/2025 14:30,16/02/2025 15:00,22.79,10.92
16/02/2025 15:00,16/02/2025 15:30,26.03,12.35
16/02/2025 15:30,16/02/2025 16:00,24.48,11.67
16/02/2025 16:00,16/02/2025 16:30,39.23,16.00
16/02/2025 16:30,16/02/2025 17:00,42.58,17.47
16/02/2025 17:00,16/02/2025 17:30,42.19,17.30
16/02/2025 17:30,16/02/2025 18:00,44.20,18.19
16/02/2025 18:00,16/02/2025 18:30,44.52,18.33
16/02/2025 18:30,16/02/2025 19:00,40.11,16.39
16/02/2025 19:00,16/02/2025 19:30,30.87,14.48
16/02/2025 19:30,16/02/2025 20:00,27.81,13.14
16/02/2025 20:00,16/02/2025 20:30,28.56,13.46
16/02/2025 20:30,16/02/2025 21:00,25.12,11.95
16/02/2025 21:00,16/02/2025 21:30,25.14,11.96
16/02/2025 21:30,16/02/2025 22:00,25.13,11.95
16/02/2025 22:00,16/02/2025 22:30,24.17,11.53
16/02/2025 22:30,16/02/2025 23:00,22.06,10.61
16/02/2025 23:00,16/02/2025 23:30,27.48,12.99
16/02/2025 23:30,17/02/2025 00:00,24.25,11.57
17/02/2025 00:00,17/02/2025 00:30,21.61,10.41
17/02/2025 00:30,17/02/2025 01:00,24.25,11.57
17/02/2025 01:00,17/02/2025 01:30,22.05,10.60
17/02/2025 01:30,17/02/2025 02:00,20.55,9.94
17/02/2025 02:00,17/02/2025 02:30,21.61,10.41
17/02/2025 02:30,17/02/2025 03:00,21.39,10.31
17/02/2025 03:00,17/02/2025 03:30,21.61,10.41
17/02/2025 03:30,17/02/2025 04:00,21.33,10.28
17/02/2025 04:00,17/02/2025 04:30,22.05,10.60
17/02/2025 04:30,17/02/2025 05:00,21.97,10.56
17/02/2025 05:00,17/02/2025 05:30,22.91,10.98
17/02/2025 05:30,17/02/2025 06:00,20.95,10.12
17/02/2025 06:00,17/02/2025 06:30,28.66,13.51
17/02/2025 06:30,17/02/2025 07:00,31.05,14.56
17/02/2025 07:00,17/02/2025 07:30,32.85,15.35
17/02/2025 07:30,17/02/2025 08:00,34.04,15.88
17/02/2025 08:00,17/02/2025 08:30,25.14,11.96
17/02/2025 08:30,17/02/2025 09:00,29.11,13.70
17/02/2025 09:00,17/02/2025 09:30,25.34,12.05
17/02/2025 09:30,17/02/2025 10:00,22.05,10.60
17/02/2025 10:00,17/02/2025 10:30,22.05,10.60
17/02/2025 10:30,17/02/2025 11:00,21.32,10.28
17/02/2025 11:00,17/02/2025 11:30,22.05,10.60
17/02/2025 11:30,17/02/2025 12:00,20.96,10.12
17/02/2025 12:00,17/02/2025 12:30,22.05,10.60
17/02/2025 12:30,17/02/2025 13:00,21.59,10.40
17/02/2025 13:00,17/02/2025 13:30,21.83,10.50
17/02/2025 13:30,17/02/2025 14:00,20.91,10.10
17/02/2025 14:00,17/02/2025 14:30,22.01,10.58
17/02/2025 14:30,17/02/2025 15:00,21.83,10.50
17/02/2025 15:00,17/02/2025 15:30,24.08,11.49
17/02/2025 15:30,17/02/2025 16:00,24.84,11.83
17/02/2025 16:00,17/02/2025 16:30,40.28,16.46
17/02/2025 16:30,17/02/2025 17:00,43.99,18.10
17/02/2025 17:00,17/02/2025 17:30,49.29,20.43
17/02/2025 17:30,17/02/2025 18:00,49.80,20.65
17/02/2025 18:00,17/02/2025 18:30,49.80,20.65
17/02/2025 18:30,17/02/2025 19:00,46.84,19.35
17/02/2025 19:00,17/02/2025 19:30,31.48,14.75
17/02/2025 19:30,17/02/2025 20:00,29.55,13.90
17/02/2025 20:00,17/02/2025 20:30,27.34,12.93
17/02/2025 20:30,17/02/2025 21:00,24.21,11.55
17/02/2025 21:00,17/02/2025 21:30,24.25,11.57
17/02/2025 21:30,17/02/2025 22:00,25.08,11.93
17/02/2025 22:00,17/02/2025 22:30,23.37,11.18
17/02/2025 22:30,17/02/2025 23:00,22.54,10.82
17/02/2025 23:00,17/02/2025 23:30,24.25,11.57
17/02/2025 23:30,18/02/2025 00:00,23.32,11.16
18/02/2025 00:00,18/02/2025 00:30,21.37,10.30
18/02/2025 00:30,18/02/2025 01:00,24.15,11.52
18/02/2025 01:00,18/02/2025 01:30,22.29,10.70
18/02/2025 01:30,18/02/2025 02:00,21.56,10.38
18/02/2025 02:00,18/02/2025 02:30,21.41,10.32
18/02/2025 02:30,18/02/2025 03:00,20.00,9.70
18/02/2025 03:00,18/02/2025 03:30,21.08,10.18
18/02/2025 03:30,18/02/2025 04:00,19.40,9.44
18/02/2025 04:00,18/02/2025 04:30,21.87,10.52
18/02/2025 04:30,18/02/2025 05:00,19.84,9.63
18/02/2025 05:00,18/02/2025 05:30,22.56,10.83
18/02/2025 05:30,18/02/2025 06:00,20.95,10.12
18/02/2025 06:00,18/02/2025 06:30,28.44,13.41
18/02/2025 06:30,18/02/2025 07:00,32.41,15.16
18/02/2025 07:00,18/02/2025 07:30,32.15,15.04
18/02/2025 07:30,18/02/2025 08:00,33.87,15.80
18/02/2025 08:00,18/02/2025 08:30,26.46,12.54
18/02/2025 08:30,18/02/2025 09:00,28.21,13.31
18/02/2025 09:00,18/02/2025 09:30,22.89,10.97
18/02/2025 09:30,18/02/2025 10:00,21.67,10.44
18/02/2025 10:00,18/02/2025 10:30,20.95,10.12
18/02/2025 10:30,18/02/2025 11:00,20.97,10.12
18/02/2025 11:00,18/02/2025 11:30,20.18,9.78
18/02/2025 11:30,18/02/2025 12:00,19.40,9.44
18/02/2025 12:00,18/02/2025 12:30,20.00,9.70
18/02/2025 12:30,18/02/2025 13:00,19.40,9.44
18/02/2025 13:00,18/02/2025 13:30,19.84,9.63
18/02/2025 13:30,18/02/2025 14:00,19.40,9.44
18/02/2025 14:00,18/02/2025 14:30,19.95,9.68
18/02/2025 14:30,18/02/2025 15:00,20.95,10.12
18/02/2025 15:00,18/02/2025 15:30,22.95,11.00
18/02/2025 15:30,18/02/2025 16:00,22.90,10.97
18/02/2025 16:00,18/02/2025 16:30,39.97,16.33
18/02/2025 16:30,18/02/2025 17:00,42.76,17.55
18/02/2025 17:00,18/02/2025 17:30,42.31,17.36
18/02/2025 17:30,18/02/2025 18:00,43.97,18.09
18/02/2025 18:00,18/02/2025 18:30,43.50,17.88
18/02/2025 18:30,18/02/2025 19:00,41.21,16.88
18/02/2025 19:00,18/02/2025 19:30,26.32,12.48
18/02/2025 19:30,18/02/2025 20:00,25.99,12.33
18/02/2025 20:00,18/02/2025 20:30,23.38,11.19
18/02/2025 20:30,18/02/2025 21:00,23.15,11.09
18/02/2025 21:00,18/02/2025 21:30,22.71,10.89
18/02/2025 21:30,18/02/2025 22:00,22.69,10.88
18/02/2025 22:00,18/02/2025 22:30,22.13,10.64
18/02/2025 22:30,18/02/2025 23:00,20.53,9.93
18/02/2025 23:00,18/02/2025 23:30,20.95,10.12
18/02/2025 23:30,19/02/2025 00:00,18.83,9.18
19/02/2025 00:00,19/02/2025 00:30,17.75,8.70
19/02/2025 00:30,19/02/2025 01:00,19.84,9.63
19/02/2025 01:00,19/02/2025 01:30,19.24,9.36
19/02/2025 01:30,19/02/2025 02:00,18.74,9.14
19/02/2025 02:00,19/02/2025 02:30,19.62,9.53
19/02/2025 02:30,19/02/2025 03:00,18.50,9.04
19/02/2025 03:00,19/02/2025 03:30,18.52,9.05
19/02/2025 03:30,19/02/2025 04:00,18.34,8.97
19/02/2025 04:00,19/02/2025 04:30,19.58,9.51
19/02/2025 04:30,19/02/2025 05:00,18.70,9.13
19/02/2025 05:00,19/02/2025 05:30,21.04,10.16
19/02/2025 05:30,19/02/2025 06:00,20.41,9.88
19/02/2025 06:00,19/02/2025 06:30,27.07,12.81
19/02/2025 06:30,19/02/2025 07:00,28.58,13.47
19/02/2025 07:00,19/02/2025 07:30,29.44,13.85
19/02/2025 07:30,19/02/2025 08:00,31.01,14.54
19/02/2025 08:00,19/02/2025 08:30,25.58,12.15
19/02/2025 08:30,19/02/2025 09:00,26.64,12.62
19/02/2025 09:00,19/02/2025 09:30,25.36,12.06
19/02/2025 09:30,19/02/2025 10:00,23.55,11.26
19/02/2025 10:00,19/02/2025 10:30,21.52,10.37
19/02/2025 10:30,19/02/2025 11:00,21.41,10.32
19/02/2025 11:00,19/02/2025 11:30,21.04,10.16
19/02/2025 11:30,19/02/2025 12:00,20.30,9.83
19/02/2025 12:00,19/02/2025 12:30,20.07,9.73
19/02/2025 12:30,19/02/2025 13:00,20.30,9.83
19/02/2025 13:00,19/02/2025 13:30,19.37,9.42
19/02/2025 13:30,19/02/2025 14:00,18.96,9.24
19/02/2025 14:00,19/02/2025 14:30,21.52,10.37
19/02/2025 14:30,19/02/2025 15:00,20.95,10.12
19/02/2025 15:00,19/02/2025 15:30,21.05,10.16
19/02/2025 15:30,19/02/2025 16:00,22.05,10.60
19/02/2025 16:00,19/02/2025 16:30,36.32,14.72
19/02/2025 16:30,19/02/2025 17:00,38.14,15.52
19/02/2025 17:00,19/02/2025 17:30,39.75,16.23
19/02/2025 17:30,19/02/2025 18:00,41.72,17.10
19/02/2025 18:00,19/02/2025 18:30,41.21,16.88
19/02/2025 18:30,19/02/2025 19:00,40.11,16.39
19/02/2025 19:00,19/02/2025 19:30,23.47,11.22
19/02/2025 19:30,19/02/2025 20:00,22.28,10.70
19/02/2025 20:00,19/02/2025 20:30,22.05,10.60
19/02/2025 20:30,19/02/2025 21:00,22.05,10.60
19/02/2025 21:00,19/02/2025 21:30,22.30,10.71
19/02/2025 21:30,19/02/2025 22:00,22.67,10.87
19/02/2025 22:00,19/02/2025 22:30,20.80,10.05
19/02/2025 22:30,19/02/2025 23:00,18.02,8.82
19/02/2025 23:00,19/02/2025 23:30,17.66,8.67
19/02/2025 23:30,20/02/2025 00:00,17.64,8.66
20/02/2025 00:00,20/02/2025 00:30,16.19,8.02
20/02/2025 00:30,20/02/2025 01:00,17.64,8.66
20/02/2025 01:00,20/02/2025 01:30,18.08,8.85
20/02/2025 01:30,20/02/2025 02:00,14.66,7.35
20/02/2025 02:00,20/02/2025 02:30,17.64,8.66
20/02/2025 02:30,20/02/2025 03:00,15.36,7.66
20/02/2025 03:00,20/02/2025 03:30,18.52,9.05
20/02/2025 03:30,20/02/2025 04:00,15.21,7.59
20/02/2025 04:00,20/02/2025 04:30,16.32,8.08
20/02/2025 04:30,20/02/2025 05:00,15.44,7.69
20/02/2025 05:00,20/02/2025 05:30,15.66,7.79
20/02/2025 05:30,20/02/2025 06:00,15.88,7.88
20/02/2025 06:00,20/02/2025 06:30,19.46,9.46
20/02/2025 06:30,20/02/2025 07:00,24.20,11.55
20/02/2025 07:00,20/02/2025 07:30,22.60,10.84
20/02/2025 07:30,20/02/2025 08:00,25.36,12.06
20/02/2025 08:00,20/02/2025 08:30,19.27,9.38
20/02/2025 08:30,20/02/2025 09:00,22.43,10.76
20/02/2025 09:00,20/02/2025 09:30,21.17,10.21
20/02/2025 09:30,20/02/2025 10:00,20.62,9.97
20/02/2025 10:00,20/02/2025 10:30,18.64,9.10
20/02/2025 10:30,20/02/2025 11:00,18.61,9.09
20/02/2025 11:00,20/02/2025 11:30,18.08,8.85
20/02/2025 11:30,20/02/2025 12:00,17.42,8.56
20/02/2025 12:00,20/02/2025 12:30,17.64,8.66
20/02/2025 12:30,20/02/2025 13:00,17.40,8.56
20/02/2025 13:00,20/02/2025 13:30,17.17,8.45
20/02/2025 13:30,20/02/2025 14:00,16.32,8.08
20/02/2025 14:00,20/02/2025 14:30,17.40,8.56
20/02/2025 14:30,20/02/2025 15:00,17.30,8.51
20/02/2025 15:00,20/02/2025 15:30,18.12,8.87
20/02/2025 15:30,20/02/2025 16:00,19.84,9.63
20/02/2025 16:00,20/02/2025 16:30,34.22,13.80
20/02/2025 16:30,20/02/2025 17:00,38.13,15.52
20/02/2025 17:00,20/02/2025 17:30,37.91,15.42
20/02/2025 17:30,20/02/2025 18:00,39.01,15.90
20/02/2025 18:00,20/02/2025 18:30,38.57,15.71
20/02/2025 18:30,20/02/2025 19:00,37.99,15.46
20/02/2025 19:00,20/02/2025 19:30,24.92,11.86
20/02/2025 19:30,20/02/2025 20:00,22.52,10.81
20/02/2025 20:00,20/02/2025 20:30,20.71,10.01
20/02/2025 20:30,20/02/2025 21:00,18.74,9.14
20/02/2025 21:00,20/02/2025 21:30,19.84,9.63
20/02/2025 21:30,20/02/2025 22:00,17.46,8.58
20/02/2025 22:00,20/02/2025 22:30,16.98,8.37
20/02/2025 22:30,20/02/2025 23:00,13.23,6.72
20/02/2025 23:00,20/02/2025 23:30,14.33,7.20
20/02/2025 23:30,21/02/2025 00:00,9.51,5.08
21/02/2025 00:00,21/02/2025 00:30,8.82,4.78
21/02/2025 00:30,21/02/2025 01:00,12.77,6.52
21/02/2025 01:00,21/02/2025 01:30,11.59,6.00
21/02/2025 01:30,21/02/2025 02:00,7.10,4.02
21/02/2025 02:00,21/02/2025 02:30,9.39,5.03
21/02/2025 02:30,21/02/2025 03:00,8.00,4.42
21/02/2025 03:00,21/02/2025 03:30,7.98,4.41
21/02/2025 03:30,21/02/2025 04:00,6.46,3.74
21/02/2025 04:00,21/02/2025 04:30,10.58,5.56
21/02/2025 04:30,21/02/2025 05:00,8.15,4.48
21/02/2025 05:00,21/02/2025 05:30,10.02,5.31
21/02/2025 05:30,21/02/2025 06:00,11.05,5.76
21/02/2025 06:00,21/02/2025 06:30,8.29,4.55
21/02/2025 06:30,21/02/2025 07:00,15.13,7.55
21/02/2025 07:00,21/02/2025 07:30,16.70,8.24
21/02/2025 07:30,21/02/2025 08:00,18.30,8.95
21/02/2025 08:00,21/02/2025 08:30,17.25,8.49
21/02/2025 08:30,21/02/2025 09:00,18.18,8.89
21/02/2025 09:00,21/02/2025 09:30,15.44,7.69
21/02/2025 09:30,21/02/2025 10:00,14.66,7.35
21/02/2025 10:00,21/02/2025 10:30,13.24,6.73
21/02/2025 10:30,21/02/2025 11:00,13.45,6.82
21/02/2025 11:00,21/02/2025 11:30,11.91,6.14
21/02/2025 11:30,21/02/2025 12:00,11.69,6.04
21/02/2025 12:00,21/02/2025 12:30,12.12,6.23
21/02/2025 12:30,21/02/2025 13:00,11.64,6.02
21/02/2025 13:00,21/02/2025 13:30,11.69,6.04
21/02/2025 13:30,21/02/2025 14:00,10.42,5.48
21/02/2025 14:00,21/02/2025 14:30,12.76,6.51
21/02/2025 14:30,21/02/2025 15:00,12.35,6.33
21/02/2025 15:00,21/02/2025 15:30,12.26,6.29
21/02/2025 15:30,21/02/2025 16:00,13.67,6.91
21/02/2025 16:00,21/02/2025 16:30,26.88,10.57
21/02/2025 16:30,21/02/2025 17:00,31.83,12.74
21/02/2025 17:00,21/02/2025 17:30,31.83,12.74
21/02/2025 17:30,21/02/2025 18:00,35.90,14.54
21/02/2025 18:00,21/02/2025 18:30,35.70,14.45
21/02/2025 18:30,21/02/2025 19:00,32.35,12.98
21/02/2025 19:00,21/02/2025 19:30,20.95,10.12
21/02/2025 19:30,21/02/2025 20:00,16.25,8.05
21/02/2025 20:00,21/02/2025 20:30,15.66,7.79
21/02/2025 20:30,21/02/2025 21:00,12.35,6.33
21/02/2025 21:00,21/02/2025 21:30,15.22,7.60
21/02/2025 21:30,21/02/2025 22:00,10.58,5.56
21/02/2025 22:00,21/02/2025 22:30,12.79,6.53
21/02/2025 22:30,21/02/2025 23:00,8.82,4.78
21/02/2025 23:00,21/02/2025 23:30,11.39,5.91
21/02/2025 23:30,22/02/2025 00:00,9.48,5.07
22/02/2025 00:00,22/02/2025 00:30,7.06,4.00
22/02/2025 00:30,22/02/2025 01:00,10.31,5.43
22/02/2025 01:00,22/02/2025 01:30,9.92,5.26
22/02/2025 01:30,22/02/2025 02:00,8.94,4.83
22/02/2025 02:00,22/02/2025 02:30,9.75,5.19
22/02/2025 02:30,22/02/2025 03:00,8.43,4.61
22/02/2025 03:00,22/02/2025 03:30,9.26,4.97
22/02/2025 03:30,22/02/2025 04:00,7.28,4.10
22/02/2025 04:00,22/02/2025 04:30,9.70,5.17
22/02/2025 04:30,22/02/2025 05:00,9.48,5.07
22/02/2025 05:00,22/02/2025 05:30,9.22,4.95
22/02/2025 05:30,22/02/2025 06:00,9.80,5.21
22/02/2025 06:00,22/02/2025 06:30,8.38,4.59
22/02/2025 06:30,22/02/2025 07:00,14.42,7.24
22/02/2025 07:00,22/02/2025 07:30,14.93,7.47
22/02/2025 07:30,22/02/2025 08:00,18.99,9.26
22/02/2025 08:00,22/02/2025 08:30,20.73,10.02
22/02/2025 08:30,22/02/2025 09:00,25.80,12.25
22/02/2025 09:00,22/02/2025 09:30,24.96,11.88
22/02/2025 09:30,22/02/2025 10:00,24.70,11.76
22/02/2025 10:00,22/02/2025 10:30,22.49,10.79
22/02/2025 10:30,22/02/2025 11:00,22.06,10.60
22/02/2025 11:00,22/02/2025 11:30,20.43,9.89
22/02/2025 11:30,22/02/2025 12:00,19.84,9.63
22/02/2025 12:00,22/02/2025 12:30,18.62,9.09
22/02/2025 12:30,22/02/2025 13:00,17.20,8.47
22/02/2025 13:00,22/02/2025 13:30,16.79,8.29
22/02/2025 13:30,22/02/2025 14:00,16.23,8.04
22/02/2025 14:00,22/02/2025 14:30,16.54,8.18
22/02/2025 14:30,22/02/2025 15:00,16.98,8.37
22/02/2025 15:00,22/02/2025 15:30,18.50,9.04
22/02/2025 15:30,22/02/2025 16:00,19.36,9.42
22/02/2025 16:00,22/02/2025 16:30,34.38,13.87
22/02/2025 16:30,22/02/2025 17:00,38.85,15.84
22/02/2025 17:00,22/02/2025 17:30,39.65,16.19
22/02/2025 17:30,22/02/2025 18:00,43.46,17.87
22/02/2025 18:00,22/02/2025 18:30,44.08,18.14
22/02/2025 18:30,22/02/2025 19:00,42.27,17.34
22/02/2025 19:00,22/02/2025 19:30,28.00,13.22
22/02/2025 19:30,22/02/2025 20:00,22.27,10.70
22/02/2025 20:00,22/02/2025 20:30,21.14,10.20
22/02/2025 20:30,22/02/2025 21:00,17.54,8.61
22/02/2025 21:00,22/02/2025 21:30,22.09,10.62
22/02/2025 21:30,22/02/2025 22:00,19.07,9.29
22/02/2025 22:00,22/02/2025 22:30,19.95,9.68
22/02/2025 22:30,22/02/2025 23:00,19.09,9.30
22/02/2025 23:00,22/02/2025 23:30,20.18,9.78
22/02/2025 23:30,23/02/2025 00:00,15.18,7.58
23/02/2025 00:00,23/02/2025 00:30,15.24,7.60
23/02/2025 00:30,23/02/2025 01:00,17.54,8.61
23/02/2025 01:00,23/02/2025 01:30,14.11,7.11
23/02/2025 01:30,23/02/2025 02:00,10.36,5.46
23/02/2025 02:00,23/02/2025 02:30,13.23,6.72
23/02/2025 02:30,23/02/2025 03:00,9.26,4.97
23/02/2025 03:00,23/02/2025 03:30,14.33,7.20
23/02/2025 03:30,23/02/2025 04:00,11.59,6.00
23/02/2025 04:00,23/02/2025 04:30,14.99,7.50
23/02/2025 04:30,23/02/2025 05:00,11.04,5.75
23/02/2025 05:00,23/02/2025 05:30,13.52,6.85
23/02/2025 05:30,23/02/2025 06:00,10.78,5.64
23/02/2025 06:00,23/02/2025 06:30,11.07,5.77
23/02/2025 06:30,23/02/2025 07:00,13.14,6.68
23/02/2025 07:00,23/02/2025 07:30,10.94,5.71
23/02/2025 07:30,23/02/2025 08:00,11.49,5.95
23/02/2025 08:00,23/02/2025 08:30,5.51,3.32
23/02/2025 08:30,23/02/2025 09:00,10.29,5.43
23/02/2025 09:00,23/02/2025 09:30,9.73,5.18
23/02/2025 09:30,23/02/2025 10:00,11.11,5.79
23/02/2025 10:00,23/02/2025 10:30,9.58,5.11
23/02/2025 10:30,23/02/2025 11:00,11.72,6.06
23/02/2025 11:00,23/02/2025 11:30,7.77,4.32
23/02/2025 11:30,23/02/2025 12:00,9.70,5.17
23/02/2025 12:00,23/02/2025 12:30,7.41,4.16
23/02/2025 12:30,23/02/2025 13:00,8.38,4.59
23/02/2025 13:00,23/02/2025 13:30,7.72,4.30
23/02/2025 13:30,23/02/2025 14:00,7.43,4.17
23/02/2025 14:00,23/02/2025 14:30,9.48,5.07
23/02/2025 14:30,23/02/2025 15:00,7.41,4.16
23/02/2025 15:00,23/02/2025 15:30,12.13,6.24
23/02/2025 15:30,23/02/2025 16:00,13.23,6.72
23/02/2025 16:00,23/02/2025 16:30,27.10,10.67
23/02/2025 16:30,23/02/2025 17:00,29.53,11.73
23/02/2025 17:00,23/02/2025 17:30,34.82,14.06
23/02/2025 17:30,23/02/2025 18:00,35.52,14.37
23/02/2025 18:00,23/02/2025 18:30,37.53,15.25
23/02/2025 18:30,23/02/2025 19:00,35.10,14.19
23/02/2025 19:00,23/02/2025 19:30,19.23,9.36
23/02/2025 19:30,23/02/2025 20:00,13.87,7.00
23/02/2025 20:00,23/02/2025 20:30,15.21,7.59
23/02/2025 20:30,23/02/2025 21:00,10.91,5.70
23/02/2025 21:00,23/02/2025 21:30,14.45,7.25
23/02/2025 21:30,23/02/2025 22:00,7.60,4.25
23/02/2025 22:00,23/02/2025 22:30,9.88,5.25
23/02/2025 22:30,23/02/2025 23:00,2.65,2.06
23/02/2025 23:00,23/02/2025 23:30,5.51,3.32
23/02/2025 23:30,24/02/2025 00:00,5.34,3.25
24/02/2025 00:00,24/02/2025 00:30,1.63,1.62
24/02/2025 00:30,24/02/2025 01:00,5.51,3.32
24/02/2025 01:00,24/02/2025 01:30,4.63,2.94
24/02/2025 01:30,24/02/2025 02:00,3.37,2.38
24/02/2025 02:00,24/02/2025 02:30,3.53,2.45
24/02/2025 02:30,24/02/2025 03:00,2.65,2.06
24/02/2025 03:00,24/02/2025 03:30,3.53,2.45
24/02/2025 03:30,24/02/2025 04:00,3.53,2.45
24/02/2025 04:00,24/02/2025 04:30,3.55,2.46
24/02/2025 04:30,24/02/2025 05:00,2.21,1.87
24/02/2025 05:00,24/02/2025 05:30,7.06,4.00
24/02/2025 05:30,24/02/2025 06:00,9.70,5.17
24/02/2025 06:00,24/02/2025 06:30,10.48,5.51
24/02/2025 06:30,24/02/2025 07:00,20.07,9.73
24/02/2025 07:00,24/02/2025 07:30,20.95,10.12
24/02/2025 07:30,24/02/2025 08:00,22.05,10.60
24/02/2025 08:00,24/02/2025 08:30,20.73,10.02
24/02/2025 08:30,24/02/2025 09:00,21.17,10.21
24/02/2025 09:00,24/02/2025 09:30,20.51,9.92
24/02/2025 09:30,24/02/2025 10:00,18.30,8.95
24/02/2025 10:00,24/02/2025 10:30,17.21,8.47
24/02/2025 10:30,24/02/2025 11:00,15.44,7.69
24/02/2025 11:00,24/02/2025 11:30,16.41,8.12
24/02/2025 11:30,24/02/2025 12:00,15.20,7.59
24/02/2025 12:00,24/02/2025 12:30,15.35,7.66
24/02/2025 12:30,24/02/2025 13:00,15.35,7.66
24/02/2025 13:00,24/02/2025 13:30,15.17,7.57
24/02/2025 13:30,24/02/2025 14:00,15.35,7.65
24/02/2025 14:00,24/02/2025 14:30,16.79,8.29
24/02/2025 14:30,24/02/2025 15:00,18.00,8.82
24/02/2025 15:00,24/02/2025 15:30,18.74,9.14
24/02/2025 15:30,24/02/2025 16:00,17.86,8.76
24/02/2025 16:00,24/02/2025 16:30,30.63,12.22
24/02/2025 16:30,24/02/2025 17:00,37.46,15.23
24/02/2025 17:00,24/02/2025 17:30,39.41,16.08
24/02/2025 17:30,24/02/2025 18:00,42.76,17.55
24/02/2025 18:00,24/02/2025 18:30,42.36,17.38
24/02/2025 18:30,24/02/2025 19:00,39.01,15.90
24/02/2025 19:00,24/02/2025 19:30,26.46,12.54
24/02/2025 19:30,24/02/2025 20:00,24.03,11.47
24/02/2025 20:00,24/02/2025 20:30,23.13,11.08
24/02/2025 20:30,24/02/2025 21:00,20.73,10.02
24/02/2025 21:00,24/02/2025 21:30,19.84,9.63
24/02/2025 21:30,24/02/2025 22:00,18.96,9.24
24/02/2025 22:00,24/02/2025 22:30,23.37,11.18
24/02/2025 22:30,24/02/2025 23:00,15.53,7.73
24/02/2025 23:00,24/02/2025 23:30,18.46,9.02
24/02/2025 23:30,25/02/2025 00:00,15.44,7.69
25/02/2025 00:00,25/02/2025 00:30,15.44,7.69
25/02/2025 00:30,25/02/2025 01:00,17.64,8.66
25/02/2025 01:00,25/02/2025 01:30,16.58,8.19
25/02/2025 01:30,25/02/2025 02:00,15.44,7.69
25/02/2025 02:00,25/02/2025 02:30,15.88,7.88
25/02/2025 02:30,25/02/2025 03:00,15.44,7.69
25/02/2025 03:00,25/02/2025 03:30,16.32,8.08
25/02/2025 03:30,25/02/2025 04:00,15.33,7.64
25/02/2025 04:00,25/02/2025 04:30,17.20,8.47
25/02/2025 04:30,25/02/2025 05:00,15.44,7.69
25/02/2025 05:00,25/02/2025 05:30,21.21,10.23
25/02/2025 05:30,25/02/2025 06:00,21.81,10.49
25/02/2025 06:00,25/02/2025 06:30,24.92,11.86
25/02/2025 06:30,25/02/2025 07:00,27.56,13.02
25/02/2025 07:00,25/02/2025 07:30,27.34,12.93
25/02/2025 07:30,25/02/2025 08:00,27.60,13.04
25/02/2025 08:00,25/02/2025 08:30,27.70,13.08
25/02/2025 08:30,25/02/2025 09:00,26.90,12.73
25/02/2025 09:00,25/02/2025 09:30,25.14,11.96
25/02/2025 09:30,25/02/2025 10:00,22.71,10.89
25/02/2025 10:00,25/02/2025 10:30,20.59,9.96
25/02/2025 10:30,25/02/2025 11:00,18.08,8.85
25/02/2025 11:00,25/02/2025 11:30,20.68,10.00
25/02/2025 11:30,25/02/2025 12:00,19.30,9.39
25/02/2025 12:00,25/02/2025 12:30,19.51,9.48
25/02/2025 12:30,25/02/2025 13:00,18.74,9.14
25/02/2025 13:00,25/02/2025 13:30,17.51,8.61
25/02/2025 13:30,25/02/2025 14:00,17.42,8.56
25/02/2025 14:00,25/02/2025 14:30,18.52,9.05
25/02/2025 14:30,25/02/2025 15:00,18.54,9.06
25/02/2025 15:00,25/02/2025 15:30,20.18,9.78
25/02/2025 15:30,25/02/2025 16:00,21.17,10.21
25/02/2025 16:00,25/02/2025 16:30,31.95,12.80
25/02/2025 16:30,25/02/2025 17:00,37.77,15.36
25/02/2025 17:00,25/02/2025 17:30,40.11,16.39
25/02/2025 17:30,25/02/2025 18:00,41.87,17.17
25/02/2025 18:00,25/02/2025 18:30,44.52,18.33
25/02/2025 18:30,25/02/2025 19:00,41.52,17.01
25/02/2025 19:00,25/02/2025 19:30,27.52,13.01
25/02/2025 19:30,25/02/2025 20:00,26.46,12.54
25/02/2025 20:00,25/02/2025 20:30,24.25,11.57
25/02/2025 20:30,25/02/2025 21:00,22.75,10.91
25/02/2025 21:00,25/02/2025 21:30,21.58,10.39
25/02/2025 21:30,25/02/2025 22:00,21.17,10.21
25/02/2025 22:00,25/02/2025 22:30,22.05,10.60
25/02/2025 22:30,25/02/2025 23:00,19.72,9.58
25/02/2025 23:00,25/02/2025 23:30,21.19,10.22
25/02/2025 23:30,26/02/2025 00:00,20.29,9.82
26/02/2025 00:00,26/02/2025 00:30,19.65,9.54
26/02/2025 00:30,26/02/2025 01:00,21.89,10.53
26/02/2025 01:00,26/02/2025 01:30,21.71,10.45
26/02/2025 01:30,26/02/2025 02:00,20.50,9.91
26/02/2025 02:00,26/02/2025 02:30,20.95,10.12
26/02/2025 02:30,26/02/2025 03:00,19.84,9.63
26/02/2025 03:00,26/02/2025 03:30,20.57,9.95
26/02/2025 03:30,26/02/2025 04:00,20.00,9.70
26/02/2025 04:00,26/02/2025 04:30,20.97,10.12
26/02/2025 04:30,26/02/2025 05:00,18.52,9.05
26/02/2025 05:00,26/02/2025 05:30,21.50,10.36
26/02/2025 05:30,26/02/2025 06:00,18.52,9.05
26/02/2025 06:00,26/02/2025 06:30,23.73,11.34
26/02/2025 06:30,26/02/2025 07:00,28.66,13.51
26/02/2025 07:00,26/02/2025 07:30,26.02,12.35
26/02/2025 07:30,26/02/2025 08:00,27.56,13.02
26/02/2025 08:00,26/02/2025 08:30,26.02,12.35
26/02/2025 08:30,26/02/2025 09:00,26.54,12.58
26/02/2025 09:00,26/02/2025 09:30,23.59,11.28
26/02/2025 09:30,26/02/2025 10:00,22.83,10.94
26/02/2025 10:00,26/02/2025 10:30,20.97,10.12
26/02/2025 10:30,26/02/2025 11:00,19.18,9.34
26/02/2025 11:00,26/02/2025 11:30,18.52,9.05
26/02/2025 11:30,26/02/2025 12:00,18.52,9.05
26/02/2025 12:00,26/02/2025 12:30,18.52,9.05
26/02/2025 12:30,26/02/2025 13:00,18.30,8.95
26/02/2025 13:00,26/02/2025 13:30,18.50,9.04
26/02/2025 13:30,26/02/2025 14:00,18.30,8.95
26/02/2025 14:00,26/02/2025 14:30,18.52,9.05
26/02/2025 14:30,26/02/2025 15:00,18.52,9.05
26/02/2025 15:00,26/02/2025 15:30,20.67,9.99
26/02/2025 15:30,26/02/2025 16:00,21.17,10.21
26/02/2025 16:00,26/02/2025 16:30,34.38,13.87
26/02/2025 16:30,26/02/2025 17:00,37.43,15.21
26/02/2025 17:00,26/02/2025 17:30,39.23,16.00
26/02/2025 17:30,26/02/2025 18:00,42.86,17.60
26/02/2025 18:00,26/02/2025 18:30,43.42,17.84
26/02/2025 18:30,26/02/2025 19:00,42.69,17.53
26/02/2025 19:00,26/02/2025 19:30,27.56,13.02
26/02/2025 19:30,26/02/2025 20:00,25.88,12.29
26/02/2025 20:00,26/02/2025 20:30,22.27,10.70
26/02/2025 20:30,26/02/2025 21:00,18.96,9.24
26/02/2025 21:00,26/02/2025 21:30,22.27,10.70
26/02/2025 21:30,26/02/2025 22:00,21.90,10.54
26/02/2025 22:00,26/02/2025 22:30,21.39,10.31
26/02/2025 22:30,26/02/2025 23:00,19.40,9.44
26/02/2025 23:00,26/02/2025 23:30,19.07,9.29
26/02/2025 23:30,27/02/2025 00:00,18.70,9.13
27/02/2025 00:00,27/02/2025 00:30,17.80,8.73
27/02/2025 00:30,27/02/2025 01:00,19.40,9.44
27/02/2025 01:00,27/02/2025 01:30,18.83,9.18
27/02/2025 01:30,27/02/2025 02:00,17.64,8.66
27/02/2025 02:00,27/02/2025 02:30,18.80,9.17
27/02/2025 02:30,27/02/2025 03:00,17.42,8.56
27/02/2025 03:00,27/02/2025 03:30,17.86,8.76
27/02/2025 03:30,27/02/2025 04:00,16.98,8.37
27/02/2025 04:00,27/02/2025 04:30,18.76,9.15
27/02/2025 04:30,27/02/2025 05:00,17.42,8.56
27/02/2025 05:00,27/02/2025 05:30,20.71,10.01
27/02/2025 05:30,27/02/2025 06:00,18.96,9.24
27/02/2025 06:00,27/02/2025 06:30,21.85,10.51
27/02/2025 06:30,27/02/2025 07:00,27.56,13.02
27/02/2025 07:00,27/02/2025 07:30,28.22,13.32
27/02/2025 07:30,27/02/2025 08:00,29.11,13.70
27/02/2025 08:00,27/02/2025 08:30,26.10,12.38
27/02/2025 08:30,27/02/2025 09:00,24.34,11.61
27/02/2025 09:00,27/02/2025 09:30,22.35,10.74
27/02/2025 09:30,27/02/2025 10:00,18.08,8.85
27/02/2025 10:00,27/02/2025 10:30,19.37,9.42
27/02/2025 10:30,27/02/2025 11:00,17.42,8.56
27/02/2025 11:00,27/02/2025 11:30,17.42,8.56
27/02/2025 11:30,27/02/2025 12:00,16.98,8.37
27/02/2025 12:00,27/02/2025 12:30,17.42,8.56
27/02/2025 12:30,27/02/2025 13:00,17.42,8.56
27/02/2025 13:00,27/02/2025 13:30,17.42,8.56
27/02/2025 13:30,27/02/2025 14:00,17.42,8.56
27/02/2025 14:00,27/02/2025 14:30,16.98,8.37
27/02/2025 14:30,27/02/2025 15:00,16.98,8.37
27/02/2025 15:00,27/02/2025 15:30,17.42,8.56
27/02/2025 15:30,27/02/2025 16:00,19.47,9.47
27/02/2025 16:00,27/02/2025 16:30,32.17,12.90
27/02/2025 16:30,27/02/2025 17:00,35.16,14.21
27/02/2025 17:00,27/02/2025 17:30,35.92,14.55
27/02/2025 17:30,27/02/2025 18:00,41.21,16.88
27/02/2025 18:00,27/02/2025 18:30,41.90,17.18
27/02/2025 18:30,27/02/2025 19:00,41.35,16.93
27/02/2025 19:00,27/02/2025 19:30,26.22,12.43
27/02/2025 19:30,27/02/2025 20:00,24.32,11.60
27/02/2025 20:00,27/02/2025 20:30,23.81,11.38
27/02/2025 20:30,27/02/2025 21:00,21.87,10.52
27/02/2025 21:00,27/02/2025 21:30,23.00,11.02
27/02/2025 21:30,27/02/2025 22:00,19.60,9.52
27/02/2025 22:00,27/02/2025 22:30,20.46,9.90
27/02/2025 22:30,27/02/2025 23:00,20.24,9.80
27/02/2025 23:00,27/02/2025 23:30,21.85,10.51
27/02/2025 23:30,28/02/2025 00:00,19.84,9.63
28/02/2025 00:00,28/02/2025 00:30,20.73,10.02
28/02/2025 00:30,28/02/2025 01:00,22.27,10.70
28/02/2025 01:00,28/02/2025 01:30,21.15,10.20
28/02/2025 01:30,28/02/2025 02:00,19.94,9.67
28/02/2025 02:00,28/02/2025 02:30,20.39,9.87
28/02/2025 02:30,28/02/2025 03:00,19.40,9.44
28/02/2025 03:00,28/02/2025 03:30,19.75,9.59
28/02/2025 03:30,28/02/2025 04:00,19.05,9.28
28/02/2025 04:00,28/02/2025 04:30,20.29,9.82
28/02/2025 04:30,28/02/2025 05:00,20.46,9.90
28/02/2025 05:00,28/02/2025 05:30,20.39,9.87
28/02/2025 05:30,28/02/2025 06:00,19.84,9.63
28/02/2025 06:00,28/02/2025 06:30,24.09,11.50
28/02/2025 06:30,28/02/2025 07:00,29.63,13.94
28/02/2025 07:00,28/02/2025 07:30,26.36,12.49
28/02/2025 07:30,28/02/2025 08:00,27.56,13.02
28/02/2025 08:00,28/02/2025 08:30,26.46,12.54
28/02/2025 08:30,28/02/2025 09:00,26.42,12.52
28/02/2025 09:00,28/02/2025 09:30,26.02,12.35
28/02/2025 09:30,28/02/2025 10:00,22.45,10.77
28/02/2025 10:00,28/02/2025 10:30,21.48,10.35
28/02/2025 10:30,28/02/2025 11:00,19.75,9.59
28/02/2025 11:00,28/02/2025 11:30,18.84,9.19
28/02/2025 11:30,28/02/2025 12:00,17.75,8.71
28/02/2025 12:00,28/02/2025 12:30,18.32,8.96
28/02/2025 12:30,28/02/2025 13:00,18.28,8.94
28/02/2025 13:00,28/02/2025 13:30,19.05,9.28
28/02/2025 13:30,28/02/2025 14:00,18.72,9.14
28/02/2025 14:00,28/02/2025 14:30,19.35,9.41
28/02/2025 14:30,28/02/2025 15:00,19.40,9.44
28/02/2025 15:00,28/02/2025 15:30,20.24,9.81
28/02/2025 15:30,28/02/2025 16:00,21.61,10.41
28/02/2025 16:00,28/02/2025 16:30,34.16,13.77
28/02/2025 16:30,28/02/2025 17:00,36.14,14.64
28/02/2025 17:00,28/02/2025 17:30,39.23,16.00
28/02/2025 17:30,28/02/2025 18:00,41.45,16.98
28/02/2025 18:00,28/02/2025 18:30,43.38,17.83
28/02/2025 18:30,28/02/2025 19:00,41.49,16.99
28/02/2025 19:00,28/02/2025 19:30,26.57,12.59
28/02/2025 19:30,28/02/2025 20:00,24.63,11.74
28/02/2025 20:00,28/02/2025 20:30,23.59,11.28
28/02/2025 20:30,28/02/2025 21:00,19.84,9.63
28/02/2025 21:00,28/02/2025 21:30,22.05,10.60
28/02/2025 21:30,28/02/2025 22:00,21.83,10.50
28/02/2025 22:00,28/02/2025 22:30,20.80,10.05
28/02/2025 22:30,28/02/2025 23:00,20.07,9.73
28/02/2025 23:00,28/02/2025 23:30,21.35,10.29
28/02/2025 23:30,01/03/2025 00:00,22.27,10.70
01/03/2025 00:00,01/03/2025 00:30,19.53,9.49
01/03/2025 00:30,01/03/2025 01:00,21.04,10.16
01/03/2025 01:00,01/03/2025 01:30,20.29,9.82
01/03/2025 01:30,01/03/2025 02:00,18.52,9.05
01/03/2025 02:00,01/03/2025 02:30,19.33,9.40
01/03/2025 02:30,01/03/2025 03:00,18.52,9.05
01/03/2025 03:00,01/03/2025 03:30,18.52,9.05
01/03/2025 03:30,01/03/2025 04:00,18.48,9.03
01/03/2025 04:00,01/03/2025 04:30,19.84,9.63
01/03/2025 04:30,01/03/2025 05:00,19.11,9.31
01/03/2025 05:00,01/03/2025 05:30,19.84,9.63
01/03/2025 05:30,01/03/2025 06:00,20.04,9.72
01/03/2025 06:00,01/03/2025 06:30,21.83,10.50
01/03/2025 06:30,01/03/2025 07:00,24.45,11.66
01/03/2025 07:00,01/03/2025 07:30,22.23,10.68
01/03/2025 07:30,01/03/2025 08:00,25.58,12.15
01/03/2025 08:00,01/03/2025 08:30,22.49,10.79
01/03/2025 08:30,01/03/2025 09:00,24.36,11.62
01/03/2025 09:00,01/03/2025 09:30,24.48,11.67
01/03/2025 09:30,01/03/2025 10:00,24.25,11.57
01/03/2025 10:00,01/03/2025 10:30,21.15,10.20
01/03/2025 10:30,01/03/2025 11:00,19.03,9.27
01/03/2025 11:00,01/03/2025 11:30,18.74,9.14
01/03/2025 11:30,01/03/2025 12:00,18.74,9.14
01/03/2025 12:00,01/03/2025 12:30,18.74,9.14
01/03/2025 12:30,01/03/2025 13:00,18.74,9.14
01/03/2025 13:00,01/03/2025 13:30,18.74,9.14
01/03/2025 13:30,01/03/2025 14:00,18.74,9.14
01/03/2025 14:00,01/03/2025 14:30,18.74,9.14
01/03/2025 14:30,01/03/2025 15:00,18.74,9.14
01/03/2025 15:00,01/03/2025 15:30,21.39,10.31
01/03/2025 15:30,01/03/2025 16:00,20.71,10.01
01/03/2025 16:00,01/03/2025 16:30,36.36,14.74
01/03/2025 16:30,01/03/2025 17:00,38.68,15.76
01/03/2025 17:00,01/03/2025 17:30,39.23,16.00
01/03/2025 17:30,01/03/2025 18:00,42.31,17.36
01/03/2025 18:00,01/03/2025 18:30,41.17,16.86
01/03/2025 18:30,01/03/2025 19:00,40.66,16.63
01/03/2025 19:00,01/03/2025 19:30,25.58,12.15
01/03/2025 19:30,01/03/2025 20:00,22.73,10.90
01/03/2025 20:00,01/03/2025 20:30,23.56,11.27
01/03/2025 20:30,01/03/2025 21:00,21.00,10.14
01/03/2025 21:00,01/03/2025 21:30,22.62,10.85
01/03/2025 21:30,01/03/2025 22:00,20.73,10.02
01/03/2025 22:00,01/03/2025 22:30,21.17,10.21
01/03/2025 22:30,01/03/2025 23:00,20.95,10.12
01/03/2025 23:00,01/03/2025 23:30,24.48,11.67
01/03/2025 23:30,02/03/2025 00:00,21.43,10.33
02/03/2025 00:00,02/03/2025 00:30,18.52,9.05
02/03/2025 00:30,02/03/2025 01:00,22.27,10.70
02/03/2025 01:00,02/03/2025 01:30,22.60,10.84
02/03/2025 01:30,02/03/2025 02:00,18.96,9.24
02/03/2025 02:00,02/03/2025 02:30,21.18,10.22
02/03/2025 02:30,02/03/2025 03:00,18.85,9.19
02/03/2025 03:00,02/03/2025 03:30,20.04,9.72
02/03/2025 03:30,02/03/2025 04:00,18.08,8.85
02/03/2025 04:00,02/03/2025 04:30,21.83,10.50
02/03/2025 04:30,02/03/2025 05:00,20.07,9.73
02/03/2025 05:00,02/03/2025 05:30,21.51,10.37
02/03/2025 05:30,02/03/2025 06:00,20.13,9.76
02/03/2025 06:00,02/03/2025 06:30,21.01,10.14
02/03/2025 06:30,02/03/2025 07:00,21.61,10.41
02/03/2025 07:00,02/03/2025 07:30,20.60,9.96
02/03/2025 07:30,02/03/2025 08:00,20.60,9.96
02/03/2025 08:00,02/03/2025 08:30,18.78,9.16
02/03/2025 08:30,02/03/2025 09:00,20.82,10.06
02/03/2025 09:00,02/03/2025 09:30,21.12,10.19
02/03/2025 09:30,02/03/2025 10:00,20.29,9.82
02/03/2025 10:00,02/03/2025 10:30,20.07,9.73
02/03/2025 10:30,02/03/2025 11:00,17.86,8.76
02/03/2025 11:00,02/03/2025 11:30,16.24,8.04
02/03/2025 11:30,02/03/2025 12:00,15.44,7.69
02/03/2025 12:00,02/03/2025 12:30,15.88,7.88
02/03/2025 12:30,02/03/2025 13:00,15.70,7.81
02/03/2025 13:00,02/03/2025 13:30,16.23,8.04
02/03/2025 13:30,02/03/2025 14:00,15.88,7.88
02/03/2025 14:00,02/03/2025 14:30,15.44,7.69
02/03/2025 14:30,02/03/2025 15:00,16.05,7.96
02/03/2025 15:00,02/03/2025 15:30,18.74,9.14
02/03/2025 15:30,02/03/2025 16:00,18.52,9.05
02/03/2025 16:00,02/03/2025 16:30,34.38,13.87
02/03/2025 16:30,02/03/2025 17:00,36.48,14.79
02/03/2025 17:00,02/03/2025 17:30,38.17,15.54
02/03/2025 17:30,02/03/2025 18:00,39.93,16.31
02/03/2025 18:00,02/03/2025 18:30,41.21,16.88
02/03/2025 18:30,02/03/2025 19:00,39.95,16.32
02/03/2025 19:00,02/03/2025 19:30,25.14,11.96
02/03/2025 19:30,02/03/2025 20:00,22.93,10.99
02/03/2025 20:00,02/03/2025 20:30,22.07,10.61
02/03/2025 20:30,02/03/2025 21:00,19.83,9.63
02/03/2025 21:00,02/03/2025 21:30,22.49,10.79
02/03/2025 21:30,02/03/2025 22:00,20.95,10.12
02/03/2025 22:00,02/03/2025 22:30,21.61,10.41
02/03/2025 22:30,02/03/2025 23:00,19.84,9.63
02/03/2025 23:00,02/03/2025 23:30,21.56,10.38
02/03/2025 23:30,03/03/2025 00:00,19.40,9.44
03/03/2025 00:00,03/03/2025 00:30,18.65,9.10
03/03/2025 00:30,03/03/2025 01:00,21.61,10.41
03/03/2025 01:00,03/03/2025 01:30,18.96,9.24
03/03/2025 01:30,03/03/2025 02:00,18.08,8.85
03/03/2025 02:00,03/03/2025 02:30,19.40,9.44
03/03/2025 02:30,03/03/2025 03:00,18.57,9.07
03/03/2025 03:00,03/03/2025 03:30,18.62,9.09
03/03/2025 03:30,03/03/2025 04:00,18.08,8.85
03/03/2025 04:00,03/03/2025 04:30,21.83,10.50
03/03/2025 04:30,03/03/2025 05:00,20.07,9.73
03/03/2025 05:00,03/03/2025 05:30,26.46,12.54
03/03/2025 05:30,03/03/2025 06:00,23.36,11.18
03/03/2025 06:00,03/03/2025 06:30,25.36,12.06
03/03/2025 06:30,03/03/2025 07:00,29.28,13.78
03/03/2025 07:00,03/03/2025 07:30,26.90,12.73
03/03/2025 07:30,03/03/2025 08:00,28.49,13.43
03/03/2025 08:00,03/03/2025 08:30,26.88,12.72
03/03/2025 08:30,03/03/2025 09:00,24.48,11.67
03/03/2025 09:00,03/03/2025 09:30,25.76,12.23
03/03/2025 09:30,03/03/2025 10:00,21.87,10.52
03/03/2025 10:00,03/03/2025 10:30,21.83,10.50
03/03/2025 10:30,03/03/2025 11:00,18.08,8.85
03/03/2025 11:00,03/03/2025 11:30,18.18,8.90
03/03/2025 11:30,03/03/2025 12:00,18.34,8.97
03/03/2025 12:00,03/03/2025 12:30,19.51,9.48
03/03/2025 12:30,03/03/2025 13:00,18.96,9.24
03/03/2025 13:00,03/03/2025 13:30,18.96,9.24
03/03/2025 13:30,03/03/2025 14:00,18.06,8.85
03/03/2025 14:00,03/03/2025 14:30,18.06,8.85
03/03/2025 14:30,03/03/2025 15:00,17.56,8.62
03/03/2025 15:00,03/03/2025 15:30,19.09,9.30
03/03/2025 15:30,03/03/2025 16:00,20.95,10.12
03/03/2025 16:00,03/03/2025 16:30,34.82,14.06
03/03/2025 16:30,03/03/2025 17:00,38.29,15.59
03/03/2025 17:00,03/03/2025 17:30,40.47,16.55
03/03/2025 17:30,03/03/2025 18:00,44.44,18.29
03/03/2025 18:00,03/03/2025 18:30,45.18,18.62
03/03/2025 18:30,03/03/2025 19:00,44.52,18.33
03/03/2025 19:00,03/03/2025 19:30,28.12,13.27
03/03/2025 19:30,03/03/2025 20:00,25.66,12.19
03/03/2025 20:00,03/03/2025 20:30,25.05,11.92
03/03/2025 20:30,03/03/2025 21:00,22.27,10.70
03/03/2025 21:00,03/03/2025 21:30,21.80,10.49
03/03/2025 21:30,03/03/2025 22:00,20.64,9.98
03/03/2025 22:00,03/03/2025 22:30,20.95,10.12
03/03/2025 22:30,03/03/2025 23:00,20.73,10.02
03/03/2025 23:00,03/03/2025 23:30,20.95,10.12
03/03/2025 23:30,04/03/2025 00:00,19.09,9.30
04/03/2025 00:00,04/03/2025 00:30,17.42,8.56
04/03/2025 00:30,04/03/2025 01:00,19.40,9.44
04/03/2025 01:00,04/03/2025 01:30,18.74,9.14
04/03/2025 01:30,04/03/2025 02:00,16.54,8.18
04/03/2025 02:00,04/03/2025 02:30,19.18,9.34
04/03/2025 02:30,04/03/2025 03:00,18.04,8.83
04/03/2025 03:00,04/03/2025 03:30,18.10,8.86
04/03/2025 03:30,04/03/2025 04:00,17.42,8.56
04/03/2025 04:00,04/03/2025 04:30,18.74,9.14
04/03/2025 04:30,04/03/2025 05:00,16.26,8.05
04/03/2025 05:00,04/03/2025 05:30,20.73,10.02
04/03/2025 05:30,04/03/2025 06:00,22.07,10.61
04/03/2025 06:00,04/03/2025 06:30,26.10,12.38
04/03/2025 06:30,04/03/2025 07:00,30.87,14.48
04/03/2025 07:00,04/03/2025 07:30,26.46,12.54
04/03/2025 07:30,04/03/2025 08:00,27.56,13.02
04/03/2025 08:00,04/03/2025 08:30,23.00,11.02
04/03/2025 08:30,04/03/2025 09:00,19.62,9.53
04/03/2025 09:00,04/03/2025 09:30,21.54,10.37
04/03/2025 09:30,04/03/2025 10:00,21.87,10.52
04/03/2025 10:00,04/03/2025 10:30,21.39,10.31
04/03/2025 10:30,04/03/2025 11:00,21.17,10.21
04/03/2025 11:00,04/03/2025 11:30,18.74,9.14
04/03/2025 11:30,04/03/2025 12:00,17.64,8.66
04/03/2025 12:00,04/03/2025 12:30,16.54,8.18
04/03/2025 12:30,04/03/2025 13:00,15.25,7.61
04/03/2025 13:00,04/03/2025 13:30,14.91,7.46
04/03/2025 13:30,04/03/2025 14:00,14.11,7.11
04/03/2025 14:00,04/03/2025 14:30,15.21,7.59
04/03/2025 14:30,04/03/2025 15:00,14.61,7.33
04/03/2025 15:00,04/03/2025 15:30,18.52,9.05
04/03/2025 15:30,04/03/2025 16:00,18.06,8.85
04/03/2025 16:00,04/03/2025 16:30,35.26,14.26
04/03/2025 16:30,04/03/2025 17:00,35.72,14.46
04/03/2025 17:00,04/03/2025 17:30,38.18,15.54
04/03/2025 17:30,04/03/2025 18:00,41.21,16.88
04/03/2025 18:00,04/03/2025 18:30,43.04,17.68
04/03/2025 18:30,04/03/2025 19:00,42.58,17.48
04/03/2025 19:00,04/03/2025 19:30,25.89,12.29
04/03/2025 19:30,04/03/2025 20:00,24.44,11.66
04/03/2025 20:00,04/03/2025 20:30,21.38,10.30
04/03/2025 20:30,04/03/2025 21:00,20.93,10.11
04/03/2025 21:00,04/03/2025 21:30,20.89,10.09
04/03/2025 21:30,04/03/2025 22:00,19.84,9.63
04/03/2025 22:00,04/03/2025 22:30,20.31,9.83
04/03/2025 22:30,04/03/2025 23:00,17.19,8.46
04/03/2025 23:00,04/03/2025 23:30,18.42,9.00
04/03/2025 23:30,05/03/2025 00:00,15.66,7.79
05/03/2025 00:00,05/03/2025 00:30,15.44,7.69
05/03/2025 00:30,05/03/2025 01:00,18.00,8.82
05/03/2025 01:00,05/03/2025 01:30,15.98,7.93
05/03/2025 01:30,05/03/2025 02:00,15.44,7.69
05/03/2025 02:00,05/03/2025 02:30,15.66,7.79
05/03/2025 02:30,05/03/2025 03:00,15.44,7.69
05/03/2025 03:00,05/03/2025 03:30,15.66,7.79
05/03/2025 03:30,05/03/2025 04:00,15.17,7.57
05/03/2025 04:00,05/03/2025 04:30,18.30,8.95
05/03/2025 04:30,05/03/2025 05:00,16.21,8.03
05/03/2025 05:00,05/03/2025 05:30,19.50,9.48
05/03/2025 05:30,05/03/2025 06:00,21.52,10.37
05/03/2025 06:00,05/03/2025 06:30,22.62,10.85
05/03/2025 06:30,05/03/2025 07:00,25.89,12.29
05/03/2025 07:00,05/03/2025 07:30,25.36,12.06
05/03/2025 07:30,05/03/2025 08:00,26.24,12.44
05/03/2025 08:00,05/03/2025 08:30,24.08,11.49
05/03/2025 08:30,05/03/2025 09:00,20.95,10.12
05/03/2025 09:00,05/03/2025 09:30,17.93,8.79
05/03/2025 09:30,05/03/2025 10:00,14.11,7.11
05/03/2025 10:00,05/03/2025 10:30,13.61,6.89
05/03/2025 10:30,05/03/2025 11:00,11.47,5.94
05/03/2025 11:00,05/03/2025 11:30,9.70,5.17
05/03/2025 11:30,05/03/2025 12:00,9.18,4.94
05/03/2025 12:00,05/03/2025 12:30,5.73,3.42
05/03/2025 12:30,05/03/2025 13:00,5.55,3.34
05/03/2025 13:00,05/03/2025 13:30,5.50,3.32
05/03/2025 13:30,05/03/2025 14:00,5.01,3.10
05/03/2025 14:00,05/03/2025 14:30,7.98,4.41
05/03/2025 14:30,05/03/2025 15:00,10.19,5.38
05/03/2025 15:00,05/03/2025 15:30,15.17,7.57
05/03/2025 15:30,05/03/2025 16:00,17.11,8.43
05/03/2025 16:00,05/03/2025 16:30,33.27,13.38
05/03/2025 16:30,05/03/2025 17:00,33.32,13.40
05/03/2025 17:00,05/03/2025 17:30,37.83,15.39
05/03/2025 17:30,05/03/2025 18:00,39.67,16.20
05/03/2025 18:00,05/03/2025 18:30,41.52,17.01
05/03/2025 18:30,05/03/2025 19:00,41.43,16.97
05/03/2025 19:00,05/03/2025 19:30,24.25,11.57
05/03/2025 19:30,05/03/2025 20:00,22.57,10.83
05/03/2025 20:00,05/03/2025 20:30,22.05,10.60
05/03/2025 20:30,05/03/2025 21:00,19.74,9.58
05/03/2025 21:00,05/03/2025 21:30,21.13,10.19
05/03/2025 21:30,05/03/2025 22:00,19.18,9.34
05/03/2025 22:00,05/03/2025 22:30,19.69,9.56
05/03/2025 22:30,05/03/2025 23:00,19.40,9.44
05/03/2025 23:00,05/03/2025 23:30,16.94,8.35
05/03/2025 23:30,06/03/2025 00:00,16.23,8.04
06/03/2025 00:00,06/03/2025 00:30,14.99,7.50
06/03/2025 00:30,06/03/2025 01:00,17.64,8.66
06/03/2025 01:00,06/03/2025 01:30,16.98,8.37
06/03/2025 01:30,06/03/2025 02:00,16.58,8.19
06/03/2025 02:00,06/03/2025 02:30,16.58,8.19
06/03/2025 02:30,06/03/2025 03:00,16.54,8.18
06/03/2025 03:00,06/03/2025 03:30,15.61,7.77
06/03/2025 03:30,06/03/2025 04:00,15.50,7.72
06/03/2025 04:00,06/03/2025 04:30,16.54,8.18
06/03/2025 04:30,06/03/2025 05:00,16.54,8.18
06/03/2025 05:00,06/03/2025 05:30,19.87,9.64
06/03/2025 05:30,06/03/2025 06:00,21.17,10.21
06/03/2025 06:00,06/03/2025 06:30,24.25,11.57
06/03/2025 06:30,06/03/2025 07:00,27.50,13.00
06/03/2025 07:00,06/03/2025 07:30,23.56,11.26
06/03/2025 07:30,06/03/2025 08:00,24.70,11.76
06/03/2025 08:00,06/03/2025 08:30,24.06,11.48
06/03/2025 08:30,06/03/2025 09:00,22.05,10.60
06/03/2025 09:00,06/03/2025 09:30,19.84,9.63
06/03/2025 09:30,06/03/2025 10:00,19.40,9.44
06/03/2025 10:00,06/03/2025 10:30,18.34,8.97
06/03/2025 10:30,06/03/2025 11:00,15.44,7.69
06/03/2025 11:00,06/03/2025 11:30,13.41,6.80
06/03/2025 11:30,06/03/2025 12:00,11.64,6.02
06/03/2025 12:00,06/03/2025 12:30,9.04,4.88
06/03/2025 12:30,06/03/2025 13:00,7.93,4.39
06/03/2025 13:00,06/03/2025 13:30,7.28,4.10
06/03/2025 13:30,06/03/2025 14:00,5.87,3.48
06/03/2025 14:00,06/03/2025 14:30,11.03,5.75
06/03/2025 14:30,06/03/2025 15:00,11.91,6.14
06/03/2025 15:00,06/03/2025 15:30,17.42,8.56
06/03/2025 15:30,06/03/2025 16:00,19.40,9.44
06/03/2025 16:00,06/03/2025 16:30,35.70,14.45
06/03/2025 16:30,06/03/2025 17:00,37.44,15.22
06/03/2025 17:00,06/03/2025 17:30,38.70,15.77
06/03/2025 17:30,06/03/2025 18:00,41.52,17.01
06/03/2025 18:00,06/03/2025 18:30,40.11,16.39
06/03/2025 18:30,06/03/2025 19:00,39.61,16.17
06/03/2025 19:00,06/03/2025 19:30,22.63,10.85
06/03/2025 19:30,06/03/2025 20:00,20.15,9.77
06/03/2025 20:00,06/03/2025 20:30,19.98,9.69
06/03/2025 20:30,06/03/2025 21:00,18.76,9.15
06/03/2025 21:00,06/03/2025 21:30,18.74,9.14
06/03/2025 21:30,06/03/2025 22:00,18.52,9.05
06/03/2025 22:00,06/03/2025 22:30,17.72,8.70
06/03/2025 22:30,06/03/2025 23:00,14.84,7.43
06/03/2025 23:00,06/03/2025 23:30,15.73,7.82
06/03/2025 23:30,07/03/2025 00:00,14.93,7.47
07/03/2025 00:00,07/03/2025 00:30,14.55,7.30
07/03/2025 00:30,07/03/2025 01:00,17.64,8.66
07/03/2025 01:00,07/03/2025 01:30,17.04,8.40
07/03/2025 01:30,07/03/2025 02:00,17.04,8.40
07/03/2025 02:00,07/03/2025 02:30,16.52,8.17
07/03/2025 02:30,07/03/2025 03:00,16.03,7.95
07/03/2025 03:00,07/03/2025 03:30,18.70,9.13
07/03/2025 03:30,07/03/2025 04:00,17.70,8.69
07/03/2025 04:00,07/03/2025 04:30,20.95,10.12
07/03/2025 04:30,07/03/2025 05:00,20.42,9.88
07/03/2025 05:00,07/03/2025 05:30,22.23,10.68
07/03/2025 05:30,07/03/2025 06:00,19.84,9.63
07/03/2025 06:00,07/03/2025 06:30,21.55,10.38
07/03/2025 06:30,07/03/2025 07:00,22.60,10.84
07/03/2025 07:00,07/03/2025 07:30,19.62,9.53
07/03/2025 07:30,07/03/2025 08:00,21.87,10.52
07/03/2025 08:00,07/03/2025 08:30,21.61,10.41
07/03/2025 08:30,07/03/2025 09:00,20.38,9.87
07/03/2025 09:00,07/03/2025 09:30,22.44,10.77
07/03/2025 09:30,07/03/2025 10:00,20.29,9.82
07/03/2025 10:00,07/03/2025 10:30,20.62,9.97
07/03/2025 10:30,07/03/2025 11:00,19.64,9.54
07/03/2025 11:00,07/03/2025 11:30,19.48,9.47
07/03/2025 11:30,07/03/2025 12:00,20.07,9.73
07/03/2025 12:00,07/03/2025 12:30,18.26,8.93
07/03/2025 12:30,07/03/2025 13:00,18.52,9.05
07/03/2025 13:00,07/03/2025 13:30,19.06,9.29
07/03/2025 13:30,07/03/2025 14:00,18.70,9.13
07/03/2025 14:00,07/03/2025 14:30,17.37,8.54
07/03/2025 14:30,07/03/2025 15:00,17.86,8.76
07/03/2025 15:00,07/03/2025 15:30,21.17,10.21
07/03/2025 15:30,07/03/2025 16:00,21.61,10.41
07/03/2025 16:00,07/03/2025 16:30,36.36,14.74
07/03/2025 16:30,07/03/2025 17:00,39.16,15.97
07/03/2025 17:00,07/03/2025 17:30,40.33,16.49
07/03/2025 17:30,07/03/2025 18:00,41.21,16.88
07/03/2025 18:00,07/03/2025 18:30,39.85,16.27
07/03/2025 18:30,07/03/2025 19:00,39.45,16.10
07/03/2025 19:00,07/03/2025 19:30,22.05,10.60
07/03/2025 19:30,07/03/2025 20:00,19.92,9.66
07/03/2025 20:00,07/03/2025 20:30,19.34,9.41
07/03/2025 20:30,07/03/2025 21:00,18.96,9.24
07/03/2025 21:00,07/03/2025 21:30,19.18,9.34
07/03/2025 21:30,07/03/2025 22:00,18.30,8.95
07/03/2025 22:00,07/03/2025 22:30,18.61,9.09
07/03/2025 22:30,07/03/2025 23:00,17.11,8.43
07/03/2025 23:00,07/03/2025 23:30,19.36,9.42
07/03/2025 23:30,08/03/2025 00:00,21.87,10.52
08/03/2025 00:00,08/03/2025 00:30,19.84,9.63
08/03/2025 00:30,08/03/2025 01:00,22.57,10.83
08/03/2025 01:00,08/03/2025 01:30,19.18,9.34
08/03/2025 01:30,08/03/2025 02:00,19.14,9.32
08/03/2025 02:00,08/03/2025 02:30,20.18,9.78
08/03/2025 02:30,08/03/2025 03:00,19.96,9.68
08/03/2025 03:00,08/03/2025 03:30,19.64,9.54
08/03/2025 03:30,08/03/2025 04:00,18.29,8.95
08/03/2025 04:00,08/03/2025 04:30,18.60,9.08
08/03/2025 04:30,08/03/2025 05:00,18.00,8.82
08/03/2025 05:00,08/03/2025 05:30,20.42,9.88
08/03/2025 05:30,08/03/2025 06:00,19.84,9.63
08/03/2025 06:00,08/03/2025 06:30,20.39,9.87
08/03/2025 06:30,08/03/2025 07:00,23.37,11.18
08/03/2025 07:00,08/03/2025 07:30,18.74,9.14
08/03/2025 07:30,08/03/2025 08:00,18.52,9.05
08/03/2025 08:00,08/03/2025 08:30,17.64,8.66
08/03/2025 08:30,08/03/2025 09:00,18.93,9.23
08/03/2025 09:00,08/03/2025 09:30,19.05,9.28
08/03/2025 09:30,08/03/2025 10:00,18.54,9.06
08/03/2025 10:00,08/03/2025 10:30,16.54,8.18
08/03/2025 10:30,08/03/2025 11:00,16.54,8.18
08/03/2025 11:00,08/03/2025 11:30,16.32,8.08
08/03/2025 11:30,08/03/2025 12:00,16.32,8.08
08/03/2025 12:00,08/03/2025 12:30,16.10,7.98
08/03/2025 12:30,08/03/2025 13:00,15.54,7.74
08/03/2025 13:00,08/03/2025 13:30,15.92,7.90
08/03/2025 13:30,08/03/2025 14:00,14.99,7.50
08/03/2025 14:00,08/03/2025 14:30,16.10,7.98
08/03/2025 14:30,08/03/2025 15:00,16.32,8.08
08/03/2025 15:00,08/03/2025 15:30,17.64,8.66
08/03/2025 15:30,08/03/2025 16:00,17.28,8.50
08/03/2025 16:00,08/03/2025 16:30,34.73,14.03
08/03/2025 16:30,08/03/2025 17:00,34.84,14.07
08/03/2025 17:00,08/03/2025 17:30,37.99,15.46
08/03/2025 17:30,08/03/2025 18:00,40.07,16.37
08/03/2025 18:00,08/03/2025 18:30,37.80,15.37
08/03/2025 18:30,08/03/2025 19:00,37.68,15.32
08/03/2025 19:00,08/03/2025 19:30,22.43,10.76
08/03/2025 19:30,08/03/2025 20:00,20.17,9.77
08/03/2025 20:00,08/03/2025 20:30,18.83,9.18
08/03/2025 20:30,08/03/2025 21:00,17.64,8.66
08/03/2025 21:00,08/03/2025 21:30,18.74,9.14
08/03/2025 21:30,08/03/2025 22:00,18.96,9.24
08/03/2025 22:00,08/03/2025 22:30,17.86,8.76
08/03/2025 22:30,08/03/2025 23:00,17.14,8.44
08/03/2025 23:00,08/03/2025 23:30,20.07,9.73
08/03/2025 23:30,09/03/2025 00:00,18.74,9.14
09/03/2025 00:00,09/03/2025 00:30,19.62,9.53
09/03/2025 00:30,09/03/2025 01:00,21.85,10.51
09/03/2025 01:00,09/03/2025 01:30,22.05,10.60
09/03/2025 01:30,09/03/2025 02:00,19.62,9.53
09/03/2025 02:00,09/03/2025 02:30,21.35,10.29
09/03/2025 02:30,09/03/2025 03:00,20.07,9.73
09/03/2025 03:00,09/03/2025 03:30,18.96,9.24
09/03/2025 03:30,09/03/2025 04:00,18.60,9.08
09/03/2025 04:00,09/03/2025 04:30,18.69,9.12
09/03/2025 04:30,09/03/2025 05:00,18.65,9.10
09/03/2025 05:00,09/03/2025 05:30,18.74,9.14
09/03/2025 05:30,09/03/2025 06:00,18.74,9.14
09/03/2025 06:00,09/03/2025 06:30,18.52,9.05
09/03/2025 06:30,09/03/2025 07:00,18.78,9.16
09/03/2025 07:00,09/03/2025 07:30,20.18,9.78
09/03/2025 07:30,09/03/2025 08:00,19.14,9.32
09/03/2025 08:00,09/03/2025 08:30,18.74,9.14
09/03/2025 08:30,09/03/2025 09:00,19.74,9.58
09/03/2025 09:00,09/03/2025 09:30,20.64,9.98
09/03/2025 09:30,09/03/2025 10:00,18.83,9.18
09/03/2025 10:00,09/03/2025 10:30,18.25,8.93
09/03/2025 10:30,09/03/2025 11:00,17.58,8.63
09/03/2025 11:00,09/03/2025 11:30,18.10,8.86
09/03/2025 11:30,09/03/2025 12:00,17.52,8.61
09/03/2025 12:00,09/03/2025 12:30,17.78,8.72
09/03/2025 12:30,09/03/2025 13:00,17.78,8.72
09/03/2025 13:00,09/03/2025 13:30,19.40,9.44
09/03/2025 13:30,09/03/2025 14:00,17.64,8.66
09/03/2025 14:00,09/03/2025 14:30,17.64,8.66
09/03/2025 14:30,09/03/2025 15:00,17.64,8.66
09/03/2025 15:00,09/03/2025 15:30,18.52,9.05
09/03/2025 15:30,09/03/2025 16:00,18.52,9.05
09/03/2025 16:00,09/03/2025 16:30,33.05,13.29
09/03/2025 16:30,09/03/2025 17:00,36.58,14.84
09/03/2025 17:00,09/03/2025 17:30,39.50,16.12
09/03/2025 17:30,09/03/2025 18:00,41.52,17.01
09/03/2025 18:00,09/03/2025 18:30,41.33,16.92
09/03/2025 18:30,09/03/2025 19:00,40.45,16.54
09/03/2025 19:00,09/03/2025 19:30,27.11,12.83
09/03/2025 19:30,09/03/2025 20:00,24.92,11.86
09/03/2025 20:00,09/03/2025 20:30,23.37,11.18
09/03/2025 20:30,09/03/2025 21:00,21.01,10.14
09/03/2025 21:00,09/03/2025 21:30,21.97,10.56
09/03/2025 21:30,09/03/2025 22:00,18.70,9.13
09/03/2025 22:00,09/03/2025 22:30,18.96,9.24
09/03/2025 22:30,09/03/2025 23:00,17.88,8.77
09/03/2025 23:00,09/03/2025 23:30,18.11,8.87
09/03/2025 23:30,10/03/2025 00:00,18.29,8.95
10/03/2025 00:00,10/03/2025 00:30,18.52,9.05
10/03/2025 00:30,10/03/2025 01:00,18.96,9.24
10/03/2025 01:00,10/03/2025 01:30,18.16,8.89
10/03/2025 01:30,10/03/2025 02:00,16.99,8.37
10/03/2025 02:00,10/03/2025 02:30,17.18,8.46
10/03/2025 02:30,10/03/2025 03:00,16.96,8.36
10/03/2025 03:00,10/03/2025 03:30,16.32,8.08
10/03/2025 03:30,10/03/2025 04:00,15.93,7.91
10/03/2025 04:00,10/03/2025 04:30,16.68,8.24
10/03/2025 04:30,10/03/2025 05:00,15.68,7.80
10/03/2025 05:00,10/03/2025 05:30,18.26,8.93
10/03/2025 05:30,10/03/2025 06:00,19.40,9.44
10/03/2025 06:00,10/03/2025 06:30,24.36,11.62
10/03/2025 06:30,10/03/2025 07:00,24.97,11.88
10/03/2025 07:00,10/03/2025 07:30,24.56,11.71
10/03/2025 07:30,10/03/2025 08:00,25.05,11.92
10/03/2025 08:00,10/03/2025 08:30,19.51,9.48
10/03/2025 08:30,10/03/2025 09:00,17.20,8.47
10/03/2025 09:00,10/03/2025 09:30,16.76,8.27
10/03/2025 09:30,10/03/2025 10:00,15.48,7.71
10/03/2025 10:00,10/03/2025 10:30,15.44,7.69
10/03/2025 10:30,10/03/2025 11:00,14.33,7.20
10/03/2025 11:00,10/03/2025 11:30,14.89,7.45
10/03/2025 11:30,10/03/2025 12:00,13.14,6.68
10/03/2025 12:00,10/03/2025 12:30,12.79,6.53
10/03/2025 12:30,10/03/2025 13:00,13.13,6.67
10/03/2025 13:00,10/03/2025 13:30,15.21,7.59
10/03/2025 13:30,10/03/2025 14:00,15.04,7.52
10/03/2025 14:00,10/03/2025 14:30,15.42,7.69
10/03/2025 14:30,10/03/2025 15:00,14.92,7.46
10/03/2025 15:00,10/03/2025 15:30,16.56,8.18
10/03/2025 15:30,10/03/2025 16:00,19.04,9.27
10/03/2025 16:00,10/03/2025 16:30,30.23,12.04
10/03/2025 16:30,10/03/2025 17:00,35.26,14.26
10/03/2025 17:00,10/03/2025 17:30,33.27,13.38
10/03/2025 17:30,10/03/2025 18:00,36.24,14.69
10/03/2025 18:00,10/03/2025 18:30,40.57,16.59
10/03/2025 18:30,10/03/2025 19:00,38.70,15.77
10/03/2025 19:00,10/03/2025 19:30,26.80,12.69
10/03/2025 19:30,10/03/2025 20:00,24.34,11.61
10/03/2025 20:00,10/03/2025 20:30,23.59,11.28
10/03/2025 20:30,10/03/2025 21:00,20.88,10.09
10/03/2025 21:00,10/03/2025 21:30,21.83,10.50
10/03/2025 21:30,10/03/2025 22:00,19.87,9.64
10/03/2025 22:00,10/03/2025 22:30,19.40,9.44
10/03/2025 22:30,10/03/2025 23:00,17.58,8.63
10/03/2025 23:00,10/03/2025 23:30,17.20,8.47
10/03/2025 23:30,11/03/2025 00:00,16.78,8.28
11/03/2025 00:00,11/03/2025 00:30,16.54,8.18
11/03/2025 00:30,11/03/2025 01:00,18.36,8.98
11/03/2025 01:00,11/03/2025 01:30,18.05,8.84
11/03/2025 01:30,11/03/2025 02:00,17.84,8.75
11/03/2025 02:00,11/03/2025 02:30,17.86,8.76
11/03/2025 02:30,11/03/2025 03:00,17.84,8.75
11/03/2025 03:00,11/03/2025 03:30,17.84,8.75
11/03/2025 03:30,11/03/2025 04:00,17.00,8.38
11/03/2025 04:00,11/03/2025 04:30,18.19,8.90
11/03/2025 04:30,11/03/2025 05:00,16.54,8.18
11/03/2025 05:00,11/03/2025 05:30,18.70,9.13
11/03/2025 05:30,11/03/2025 06:00,17.20,8.47
11/03/2025 06:00,11/03/2025 06:30,18.74,9.14
11/03/2025 06:30,11/03/2025 07:00,23.69,11.32
11/03/2025 07:00,11/03/2025 07:30,23.81,11.38
11/03/2025 07:30,11/03/2025 08:00,25.14,11.96
11/03/2025 08:00,11/03/2025 08:30,23.99,11.45
11/03/2025 08:30,11/03/2025 09:00,22.81,10.93
11/03/2025 09:00,11/03/2025 09:30,20.64,9.98
11/03/2025 09:30,11/03/2025 10:00,19.84,9.63
11/03/2025 10:00,11/03/2025 10:30,20.39,9.87
11/03/2025 10:30,11/03/2025 11:00,19.14,9.32
11/03/2025 11:00,11/03/2025 11:30,19.16,9.33
11/03/2025 11:30,11/03/2025 12:00,19.84,9.63
11/03/2025 12:00,11/03/2025 12:30,18.63,9.10
11/03/2025 12:30,11/03/2025 13:00,18.52,9.05
11/03/2025 13:00,11/03/2025 13:30,19.58,9.51
11/03/2025 13:30,11/03/2025 14:00,18.81,9.17
11/03/2025 14:00,11/03/2025 14:30,18.74,9.14
11/03/2025 14:30,11/03/2025 15:00,18.08,8.85
11/03/2025 15:00,11/03/2025 15:30,20.27,9.81
11/03/2025 15:30,11/03/2025 16:00,19.84,9.63
11/03/2025 16:00,11/03/2025 16:30,35.48,14.35
11/03/2025 16:30,11/03/2025 17:00,38.35,15.61
11/03/2025 17:00,11/03/2025 17:30,36.58,14.84
11/03/2025 17:30,11/03/2025 18:00,39.89,16.29
11/03/2025 18:00,11/03/2025 18:30,41.63,17.06
11/03/2025 18:30,11/03/2025 19:00,41.21,16.88
11/03/2025 19:00,11/03/2025 19:30,25.80,12.25
11/03/2025 19:30,11/03/2025 20:00,25.08,11.93
11/03/2025 20:00,11/03/2025 20:30,23.97,11.44
11/03/2025 20:30,11/03/2025 21:00,21.24,10.25
11/03/2025 21:00,11/03/2025 21:30,19.62,9.53
11/03/2025 21:30,11/03/2025 22:00,21.29,10.27
11/03/2025 22:00,11/03/2025 22:30,20.88,10.09
11/03/2025 22:30,11/03/2025 23:00,18.02,8.82
11/03/2025 23:00,11/03/2025 23:30,18.64,9.10
11/03/2025 23:30,12/03/2025 00:00,19.71,9.57
12/03/2025 00:00,12/03/2025 00:30,18.75,9.15
12/03/2025 00:30,12/03/2025 01:00,19.84,9.63
12/03/2025 01:00,12/03/2025 01:30,21.35,10.29
12/03/2025 01:30,12/03/2025 02:00,18.94,9.23
12/03/2025 02:00,12/03/2025 02:30,20.29,9.82
12/03/2025 02:30,12/03/2025 03:00,18.96,9.24
12/03/2025 03:00,12/03/2025 03:30,19.41,9.44
12/03/2025 03:30,12/03/2025 04:00,18.08,8.85
12/03/2025 04:00,12/03/2025 04:30,18.70,9.13
12/03/2025 04:30,12/03/2025 05:00,16.98,8.37
12/03/2025 05:00,12/03/2025 05:30,18.75,9.15
12/03/2025 05:30,12/03/2025 06:00,18.61,9.09
12/03/2025 06:00,12/03/2025 06:30,20.95,10.12
12/03/2025 06:30,12/03/2025 07:00,23.68,11.32
12/03/2025 07:00,12/03/2025 07:30,23.38,11.19
12/03/2025 07:30,12/03/2025 08:00,24.92,11.86
12/03/2025 08:00,12/03/2025 08:30,23.75,11.35
12/03/2025 08:30,12/03/2025 09:00,22.66,10.87
12/03/2025 09:00,12/03/2025 09:30,21.43,10.33
12/03/2025 09:30,12/03/2025 10:00,19.18,9.34
12/03/2025 10:00,12/03/2025 10:30,20.33,9.84
12/03/2025 10:30,12/03/2025 11:00,19.43,9.45
12/03/2025 11:00,12/03/2025 11:30,18.71,9.13
12/03/2025 11:30,12/03/2025 12:00,19.23,9.36
12/03/2025 12:00,12/03/2025 12:30,19.40,9.44
12/03/2025 12:30,12/03/2025 13:00,19.51,9.48
12/03/2025 13:00,12/03/2025 13:30,19.20,9.35
12/03/2025 13:30,12/03/2025 14:00,18.72,9.14
12/03/2025 14:00,12/03/2025 14:30,19.29,9.39
12/03/2025 14:30,12/03/2025 15:00,18.33,8.97
12/03/2025 15:00,12/03/2025 15:30,19.36,9.42
12/03/2025 15:30,12/03/2025 16:00,19.36,9.42
12/03/2025 16:00,12/03/2025 16:30,32.63,13.10
12/03/2025 16:30,12/03/2025 17:00,35.22,14.24
12/03/2025 17:00,12/03/2025 17:30,39.95,16.32
12/03/2025 17:30,12/03/2025 18:00,43.42,17.84
12/03/2025 18:00,12/03/2025 18:30,45.73,18.86
12/03/2025 18:30,12/03/2025 19:00,45.73,18.86
12/03/2025 19:00,12/03/2025 19:30,27.65,13.06
12/03/2025 19:30,12/03/2025 20:00,26.24,12.44
12/03/2025 20:00,12/03/2025 20:30,25.14,11.96
12/03/2025 20:30,12/03/2025 21:00,23.15,11.08
12/03/2025 21:00,12/03/2025 21:30,22.47,10.78
12/03/2025 21:30,12/03/2025 22:00,20.66,9.99
12/03/2025 22:00,12/03/2025 22:30,20.89,10.09
12/03/2025 22:30,12/03/2025 23:00,19.19,9.35
12/03/2025 23:00,12/03/2025 23:30,21.61,10.41
12/03/2025 23:30,13/03/2025 00:00,19.87,9.64
13/03/2025 00:00,13/03/2025 00:30,18.93,9.23
13/03/2025 00:30,13/03/2025 01:00,20.75,10.03
13/03/2025 01:00,13/03/2025 01:30,19.32,9.40
13/03/2025 01:30,13/03/2025 02:00,19.05,9.28
13/03/2025 02:00,13/03/2025 02:30,18.93,9.23
13/03/2025 02:30,13/03/2025 03:00,18.62,9.09
13/03/2025 03:00,13/03/2025 03:30,18.08,8.85
13/03/2025 03:30,13/03/2025 04:00,17.82,8.74
13/03/2025 04:00,13/03/2025 04:30,18.93,9.23
13/03/2025 04:30,13/03/2025 05:00,18.70,9.13
13/03/2025 05:00,13/03/2025 05:30,20.65,9.99
13/03/2025 05:30,13/03/2025 06:00,20.65,9.99
13/03/2025 06:00,13/03/2025 06:30,25.06,11.92
13/03/2025 06:30,13/03/2025 07:00,27.44,12.97
13/03/2025 07:00,13/03/2025 07:30,27.45,12.98
13/03/2025 07:30,13/03/2025 08:00,29.93,14.06
13/03/2025 08:00,13/03/2025 08:30,27.16,12.85
13/03/2025 08:30,13/03/2025 09:00,25.49,12.12
13/03/2025 09:00,13/03/2025 09:30,23.35,11.17
13/03/2025 09:30,13/03/2025 10:00,22.19,10.66
13/03/2025 10:00,13/03/2025 10:30,21.87,10.52
13/03/2025 10:30,13/03/2025 11:00,21.83,10.50
13/03/2025 11:00,13/03/2025 11:30,21.85,10.51
13/03/2025 11:30,13/03/2025 12:00,22.43,10.76
13/03/2025 12:00,13/03/2025 12:30,21.55,10.38
13/03/2025 12:30,13/03/2025 13:00,22.49,10.79
13/03/2025 13:00,13/03/2025 13:30,20.74,10.02
13/03/2025 13:30,13/03/2025 14:00,20.29,9.82
13/03/2025 14:00,13/03/2025 14:30,21.52,10.37
13/03/2025 14:30,13/03/2025 15:00,22.71,10.89
13/03/2025 15:00,13/03/2025 15:30,22.23,10.68
13/03/2025 15:30,13/03/2025 16:00,22.07,10.61
13/03/2025 16:00,13/03/2025 16:30,37.91,15.42
13/03/2025 16:30,13/03/2025 17:00,41.21,16.88
13/03/2025 17:00,13/03/2025 17:30,42.24,17.33
13/03/2025 17:30,13/03/2025 18:00,45.62,18.82
13/03/2025 18:00,13/03/2025 18:30,45.62,18.81
13/03/2025 18:30,13/03/2025 19:00,47.26,19.54
13/03/2025 19:00,13/03/2025 19:30,29.28,13.78
13/03/2025 19:30,13/03/2025 20:00,28.66,13.51
13/03/2025 20:00,13/03/2025 20:30,28.66,13.51
13/03/2025 20:30,13/03/2025 21:00,25.40,12.07
13/03/2025 21:00,13/03/2025 21:30,25.58,12.15
13/03/2025 21:30,13/03/2025 22:00,23.77,11.36
13/03/2025 22:00,13/03/2025 22:30,20.46,9.90
13/03/2025 22:30,13/03/2025 23:00,20.09,9.74
13/03/2025 23:00,13/03/2025 23:30,23.13,11.08
13/03/2025 23:30,14/03/2025 00:00,21.39,10.31
14/03/2025 00:00,14/03/2025 00:30,20.07,9.73
14/03/2025 00:30,14/03/2025 01:00,20.81,10.06
14/03/2025 01:00,14/03/2025 01:30,21.17,10.21
14/03/2025 01:30,14/03/2025 02:00,20.23,9.80
14/03/2025 02:00,14/03/2025 02:30,19.92,9.66
14/03/2025 02:30,14/03/2025 03:00,19.45,9.45
14/03/2025 03:00,14/03/2025 03:30,19.45,9.45
14/03/2025 03:30,14/03/2025 04:00,19.40,9.44
14/03/2025 04:00,14/03/2025 04:30,19.84,9.63
14/03/2025 04:30,14/03/2025 05:00,19.45,9.45
14/03/2025 05:00,14/03/2025 05:30,23.37,11.18
14/03/2025 05:30,14/03/2025 06:00,23.29,11.14
14/03/2025 06:00,14/03/2025 06:30,26.70,12.65
14/03/2025 06:30,14/03/2025 07:00,28.53,13.45
14/03/2025 07:00,14/03/2025 07:30,28.51,13.44
14/03/2025 07:30,14/03/2025 08:00,28.31,13.35
14/03/2025 08:00,14/03/2025 08:30,26.02,12.35
14/03/2025 08:30,14/03/2025 09:00,23.68,11.32
14/03/2025 09:00,14/03/2025 09:30,23.29,11.14
14/03/2025 09:30,14/03/2025 10:00,19.84,9.63
14/03/2025 10:00,14/03/2025 10:30,20.95,10.12
14/03/2025 10:30,14/03/2025 11:00,19.64,9.54
14/03/2025 11:00,14/03/2025 11:30,19.45,9.45
14/03/2025 11:30,14/03/2025 12:00,19.74,9.58
14/03/2025 12:00,14/03/2025 12:30,19.39,9.43
14/03/2025 12:30,14/03/2025 13:00,19.40,9.44
14/03/2025 13:00,14/03/2025 13:30,19.40,9.44
14/03/2025 13:30,14/03/2025 14:00,19.18,9.34
14/03/2025 14:00,14/03/2025 14:30,19.45,9.45
14/03/2025 14:30,14/03/2025 15:00,19.45,9.45
14/03/2025 15:00,14/03/2025 15:30,20.11,9.75
14/03/2025 15:30,14/03/2025 16:00,20.59,9.96
14/03/2025 16:00,14/03/2025 16:30,36.58,14.84
14/03/2025 16:30,14/03/2025 17:00,39.01,15.90
14/03/2025 17:00,14/03/2025 17:30,38.79,15.81
14/03/2025 17:30,14/03/2025 18:00,42.55,17.46
14/03/2025 18:00,14/03/2025 18:30,42.12,17.27
14/03/2025 18:30,14/03/2025 19:00,42.12,17.27
14/03/2025 19:00,14/03/2025 19:30,26.90,12.73
14/03/2025 19:30,14/03/2025 20:00,25.36,12.06
14/03/2025 20:00,14/03/2025 20:30,22.27,10.70
14/03/2025 20:30,14/03/2025 21:00,19.58,9.51
14/03/2025 21:00,14/03/2025 21:30,22.16,10.65
14/03/2025 21:30,14/03/2025 22:00,21.83,10.50
14/03/2025 22:00,14/03/2025 22:30,20.29,9.82
14/03/2025 22:30,14/03/2025 23:00,18.86,9.19
14/03/2025 23:00,14/03/2025 23:30,21.89,10.53
14/03/2025 23:30,15/03/2025 00:00,20.93,10.11
15/03/2025 00:00,15/03/2025 00:30,20.09,9.74
15/03/2025 00:30,15/03/2025 01:00,22.45,10.77
15/03/2025 01:00,15/03/2025 01:30,21.13,10.19
15/03/2025 01:30,15/03/2025 02:00,18.42,9.00
15/03/2025 02:00,15/03/2025 02:30,19.61,9.53
15/03/2025 02:30,15/03/2025 03:00,18.42,9.00
15/03/2025 03:00,15/03/2025 03:30,18.42,9.00
15/03/2025 03:30,15/03/2025 04:00,18.42,9.00
15/03/2025 04:00,15/03/2025 04:30,18.42,9.00
15/03/2025 04:30,15/03/2025 05:00,18.42,9.00
15/03/2025 05:00,15/03/2025 05:30,18.65,9.10
15/03/2025 05:30,15/03/2025 06:00,18.63,9.10
15/03/2025 06:00,15/03/2025 06:30,18.42,9.00
15/03/2025 06:30,15/03/2025 07:00,19.50,9.48
15/03/2025 07:00,15/03/2025 07:30,18.42,9.00
15/03/2025 07:30,15/03/2025 08:00,19.84,9.63
15/03/2025 08:00,15/03/2025 08:30,20.61,9.97
15/03/2025 08:30,15/03/2025 09:00,21.95,10.55
15/03/2025 09:00,15/03/2025 09:30,24.25,11.57
15/03/2025 09:30,15/03/2025 10:00,23.59,11.28
15/03/2025 10:00,15/03/2025 10:30,23.81,11.38
15/03/2025 10:30,15/03/2025 11:00,22.93,10.99
15/03/2025 11:00,15/03/2025 11:30,22.21,10.67
15/03/2025 11:30,15/03/2025 12:00,22.05,10.60
15/03/2025 12:00,15/03/2025 12:30,21.83,10.50
15/03/2025 12:30,15/03/2025 13:00,21.77,10.47
15/03/2025 13:00,15/03/2025 13:30,20.75,10.03
15/03/2025 13:30,15/03/2025 14:00,20.68,10.00
15/03/2025 14:00,15/03/2025 14:30,20.53,9.93
15/03/2025 14:30,15/03/2025 15:00,20.51,9.92
15/03/2025 15:00,15/03/2025 15:30,20.64,9.98
15/03/2025 15:30,15/03/2025 16:00,19.58,9.51
15/03/2025 16:00,15/03/2025 16:30,33.21,13.35
15/03/2025 16:30,15/03/2025 17:00,36.10,14.62
15/03/2025 17:00,15/03/2025 17:30,35.75,14.47
15/03/2025 17:30,15/03/2025 18:00,39.93,16.31
15/03/2025 18:00,15/03/2025 18:30,40.55,16.58
15/03/2025 18:30,15/03/2025 19:00,41.65,17.07
15/03/2025 19:00,15/03/2025 19:30,27.34,12.93
15/03/2025 19:30,15/03/2025 20:00,25.61,12.16
15/03/2025 20:00,15/03/2025 20:30,23.50,11.24
15/03/2025 20:30,15/03/2025 21:00,20.73,10.02
15/03/2025 21:00,15/03/2025 21:30,21.39,10.31
15/03/2025 21:30,15/03/2025 22:00,20.82,10.06
15/03/2025 22:00,15/03/2025 22:30,19.98,9.69
15/03/2025 22:30,15/03/2025 23:00,18.42,9.00
15/03/2025 23:00,15/03/2025 23:30,20.73,10.02
15/03/2025 23:30,16/03/2025 00:00,18.96,9.24
16/03/2025 00:00,16/03/2025 00:30,18.30,8.95
16/03/2025 00:30,16/03/2025 01:00,21.83,10.50
16/03/2025 01:00,16/03/2025 01:30,20.98,10.13
16/03/2025 01:30,16/03/2025 02:00,18.30,8.95
16/03/2025 02:00,16/03/2025 02:30,20.95,10.12
16/03/2025 02:30,16/03/2025 03:00,20.11,9.75
16/03/2025 03:00,16/03/2025 03:30,18.30,8.95
16/03/2025 03:30,16/03/2025 04:00,18.19,8.90
16/03/2025 04:00,16/03/2025 04:30,18.47,9.02
16/03/2025 04:30,16/03/2025 05:00,18.19,8.90
16/03/2025 05:00,16/03/2025 05:30,18.24,8.92
16/03/2025 05:30,16/03/2025 06:00,18.19,8.90
16/03/2025 06:00,16/03/2025 06:30,18.30,8.95
16/03/2025 06:30,16/03/2025 07:00,19.15,9.32
16/03/2025 07:00,16/03/2025 07:30,20.11,9.75
16/03/2025 07:30,16/03/2025 08:00,18.30,8.95
16/03/2025 08:00,16/03/2025 08:30,19.66,9.54
16/03/2025 08:30,16/03/2025 09:00,20.68,10.00
16/03/2025 09:00,16/03/2025 09:30,20.94,10.11
16/03/2025 09:30,16/03/2025 10:00,19.40,9.44
16/03/2025 10:00,16/03/2025 10:30,20.29,9.82
16/03/2025 10:30,16/03/2025 11:00,18.74,9.14
16/03/2025 11:00,16/03/2025 11:30,18.30,8.95
16/03/2025 11:30,16/03/2025 12:00,20.39,9.87
16/03/2025 12:00,16/03/2025 12:30,18.70,9.13
16/03/2025 12:30,16/03/2025 13:00,20.20,9.79
16/03/2025 13:00,16/03/2025 13:30,20.99,10.13
16/03/2025 13:30,16/03/2025 14:00,20.08,9.73
16/03/2025 14:00,16/03/2025 14:30,18.70,9.13
16/03/2025 14:30,16/03/2025 15:00,19.84,9.63
16/03/2025 15:00,16/03/2025 15:30,18.81,9.17
16/03/2025 15:30,16/03/2025 16:00,20.73,10.02
16/03/2025 16:00,16/03/2025 16:30,33.20,13.35
16/03/2025 16:30,16/03/2025 17:00,37.65,15.31
16/03/2025 17:00,16/03/2025 17:30,39.05,15.92
16/03/2025 17:30,16/03/2025 18:00,41.12,16.83
16/03/2025 18:00,16/03/2025 18:30,41.71,17.09
16/03/2025 18:30,16/03/2025 19:00,41.69,17.08
16/03/2025 19:00,16/03/2025 19:30,27.08,12.81
16/03/2025 19:30,16/03/2025 20:00,25.14,11.96
16/03/2025 20:00,16/03/2025 20:30,22.93,10.99
16/03/2025 20:30,16/03/2025 21:00,20.73,10.02
16/03/2025 21:00,16/03/2025 21:30,22.93,10.99
16/03/2025 21:30,16/03/2025 22:00,20.46,9.90
16/03/2025 22:00,16/03/2025 22:30,20.79,10.05
16/03/2025 22:30,16/03/2025 23:00,18.19,8.90
16/03/2025 23:00,16/03/2025 23:30,20.73,10.02
16/03/2025 23:30,17/03/2025 00:00,19.84,9.63
17/03/2025 00:00,17/03/2025 00:30,19.75,9.59
17/03/2025 00:30,17/03/2025 01:00,21.61,10.41
17/03/2025 01:00,17/03/2025 01:30,21.83,10.50
17/03/2025 01:30,17/03/2025 02:00,20.44,9.89
17/03/2025 02:00,17/03/2025 02:30,20.95,10.12
17/03/2025 02:30,17/03/2025 03:00,19.84,9.63
17/03/2025 03:00,17/03/2025 03:30,19.70,9.57
17/03/2025 03:30,17/03/2025 04:00,19.18,9.34
17/03/2025 04:00,17/03/2025 04:30,20.83,10.07
17/03/2025 04:30,17/03/2025 05:00,18.71,9.13
17/03/2025 05:00,17/03/2025 05:30,24.48,11.67
17/03/2025 05:30,17/03/2025 06:00,23.18,11.10
17/03/2025 06:00,17/03/2025 06:30,26.46,12.54
17/03/2025 06:30,17/03/2025 07:00,26.84,12.71
17/03/2025 07:00,17/03/2025 07:30,25.87,12.28
17/03/2025 07:30,17/03/2025 08:00,26.49,12.55
17/03/2025 08:00,17/03/2025 08:30,26.54,12.57
17/03/2025 08:30,17/03/2025 09:00,25.40,12.07
17/03/2025 09:00,17/03/2025 09:30,25.80,12.25
17/03/2025 09:30,17/03/2025 10:00,24.34,11.61
17/03/2025 10:00,17/03/2025 10:30,23.15,11.08
17/03/2025 10:30,17/03/2025 11:00,22.39,10.75
17/03/2025 11:00,17/03/2025 11:30,20.97,10.12
17/03/2025 11:30,17/03/2025 12:00,20.64,9.98
17/03/2025 12:00,17/03/2025 12:30,20.88,10.09
17/03/2025 12:30,17/03/2025 13:00,19.46,9.46
17/03/2025 13:00,17/03/2025 13:30,19.45,9.46
17/03/2025 13:30,17/03/2025 14:00,19.18,9.34
17/03/2025 14:00,17/03/2025 14:30,19.18,9.34
17/03/2025 14:30,17/03/2025 15:00,19.18,9.34
17/03/2025 15:00,17/03/2025 15:30,18.92,9.22
17/03/2025 15:30,17/03/2025 16:00,20.24,9.80
17/03/2025 16:00,17/03/2025 16:30,37.29,15.15
17/03/2025 16:30,17/03/2025 17:00,40.01,16.34
17/03/2025 17:00,17/03/2025 17:30,43.20,17.75
17/03/2025 17:30,17/03/2025 18:00,44.50,18.32
17/03/2025 18:00,17/03/2025 18:30,44.18,18.18
17/03/2025 18:30,17/03/2025 19:00,44.18,18.18
17/03/2025 19:00,17/03/2025 19:30,28.22,13.32
17/03/2025 19:30,17/03/2025 20:00,26.85,12.71
17/03/2025 20:00,17/03/2025 20:30,23.33,11.16
17/03/2025 20:30,17/03/2025 21:00,21.45,10.34
17/03/2025 21:00,17/03/2025 21:30,22.05,10.60
17/03/2025 21:30,17/03/2025 22:00,21.17,10.21
17/03/2025 22:00,17/03/2025 22:30,20.09,9.73
17/03/2025 22:30,17/03/2025 23:00,18.19,8.90
17/03/2025 23:00,17/03/2025 23:30,18.32,8.96
17/03/2025 23:30,18/03/2025 00:00,18.97,9.24
18/03/2025 00:00,18/03/2025 00:30,17.57,8.63
18/03/2025 00:30,18/03/2025 01:00,18.96,9.24
18/03/2025 01:00,18/03/2025 01:30,18.52,9.05
18/03/2025 01:30,18/03/2025 02:00,17.42,8.56
18/03/2025 02:00,18/03/2025 02:30,18.30,8.95
18/03/2025 02:30,18/03/2025 03:00,17.62,8.65
18/03/2025 03:00,18/03/2025 03:30,19.95,9.68
18/03/2025 03:30,18/03/2025 04:00,18.74,9.14
18/03/2025 04:00,18/03/2025 04:30,21.13,10.19
18/03/2025 04:30,18/03/2025 05:00,18.74,9.14
18/03/2025 05:00,18/03/2025 05:30,22.07,10.61
18/03/2025 05:30,18/03/2025 06:00,19.54,9.49
18/03/2025 06:00,18/03/2025 06:30,21.55,10.38
18/03/2025 06:30,18/03/2025 07:00,24.91,11.86
18/03/2025 07:00,18/03/2025 07:30,22.71,10.89
18/03/2025 07:30,18/03/2025 08:00,23.17,11.09
18/03/2025 08:00,18/03/2025 08:30,23.29,11.14
18/03/2025 08:30,18/03/2025 09:00,20.51,9.92
18/03/2025 09:00,18/03/2025 09:30,19.40,9.44
18/03/2025 09:30,18/03/2025 10:00,19.83,9.63
18/03/2025 10:00,18/03/2025 10:30,18.78,9.16
18/03/2025 10:30,18/03/2025 11:00,17.83,8.74
18/03/2025 11:00,18/03/2025 11:30,19.36,9.42
18/03/2025 11:30,18/03/2025 12:00,19.62,9.53
18/03/2025 12:00,18/03/2025 12:30,18.70,9.13
18/03/2025 12:30,18/03/2025 13:00,17.46,8.58
18/03/2025 13:00,18/03/2025 13:30,17.75,8.71
18/03/2025 13:30,18/03/2025 14:00,17.42,8.56
18/03/2025 14:00,18/03/2025 14:30,18.34,8.97
18/03/2025 14:30,18/03/2025 15:00,17.75,8.71
18/03/2025 15:00,18/03/2025 15:30,16.76,8.27
18/03/2025 15:30,18/03/2025 16:00,17.16,8.45
18/03/2025 16:00,18/03/2025 16:30,31.51,12.61
18/03/2025 16:30,18/03/2025 17:00,33.20,13.35
18/03/2025 17:00,18/03/2025 17:30,37.36,15.18
18/03/2025 17:30,18/03/2025 18:00,41.21,16.88
18/03/2025 18:00,18/03/2025 18:30,42.06,17.25
18/03/2025 18:30,18/03/2025 19:00,42.58,17.48
18/03/2025 19:00,18/03/2025 19:30,26.46,12.54
18/03/2025 19:30,18/03/2025 20:00,25.14,11.96
18/03/2025 20:00,18/03/2025 20:30,23.09,11.06
18/03/2025 20:30,18/03/2025 21:00,19.40,9.44
18/03/2025 21:00,18/03/2025 21:30,20.78,10.04
18/03/2025 21:30,18/03/2025 22:00,18.74,9.14
18/03/2025 22:00,18/03/2025 22:30,18.98,9.25
18/03/2025 22:30,18/03/2025 23:00,17.42,8.56
18/03/2025 23:00,18/03/2025 23:30,19.71,9.57
18/03/2025 23:30,19/03/2025 00:00,19.24,9.36
19/03/2025 00:00,19/03/2025 00:30,18.51,9.04
19/03/2025 00:30,19/03/2025 01:00,19.98,9.69
19/03/2025 01:00,19/03/2025 01:30,19.12,9.31
19/03/2025 01:30,19/03/2025 02:00,18.30,8.95
19/03/2025 02:00,19/03/2025 02:30,18.51,9.04
19/03/2025 02:30,19/03/2025 03:00,18.34,8.97
19/03/2025 03:00,19/03/2025 03:30,17.86,8.76
19/03/2025 03:30,19/03/2025 04:00,17.20,8.47
19/03/2025 04:00,19/03/2025 04:30,19.18,9.34
19/03/2025 04:30,19/03/2025 05:00,18.96,9.24
19/03/2025 05:00,19/03/2025 05:30,24.70,11.76
19/03/2025 05:30,19/03/2025 06:00,26.46,12.54
19/03/2025 06:00,19/03/2025 06:30,25.78,12.24
19/03/2025 06:30,19/03/2025 07:00,29.39,13.83
19/03/2025 07:00,19/03/2025 07:30,25.64,12.18
19/03/2025 07:30,19/03/2025 08:00,25.80,12.25
19/03/2025 08:00,19/03/2025 08:30,27.56,13.02
19/03/2025 08:30,19/03/2025 09:00,23.79,11.37
19/03/2025 09:00,19/03/2025 09:30,22.85,10.95
19/03/2025 09:30,19/03/2025 10:00,18.74,9.14
19/03/2025 10:00,19/03/2025 10:30,18.51,9.04
19/03/2025 10:30,19/03/2025 11:00,17.64,8.66
19/03/2025 11:00,19/03/2025 11:30,18.50,9.04
19/03/2025 11:30,19/03/2025 12:00,19.18,9.34
19/03/2025 12:00,19/03/2025 12:30,19.18,9.34
19/03/2025 12:30,19/03/2025 13:00,19.18,9.34
19/03/2025 13:00,19/03/2025 13:30,19.18,9.34
19/03/2025 13:30,19/03/2025 14:00,19.18,9.34
19/03/2025 14:00,19/03/2025 14:30,18.76,9.15
19/03/2025 14:30,19/03/2025 15:00,18.52,9.05
19/03/2025 15:00,19/03/2025 15:30,20.45,9.90
19/03/2025 15:30,19/03/2025 16:00,20.07,9.73
19/03/2025 16:00,19/03/2025 16:30,37.21,15.11
19/03/2025 16:30,19/03/2025 17:00,39.56,16.15
19/03/2025 17:00,19/03/2025 17:30,44.18,18.18
19/03/2025 17:30,19/03/2025 18:00,46.85,19.35
19/03/2025 18:00,19/03/2025 18:30,47.49,19.64
19/03/2025 18:30,19/03/2025 19:00,49.34,20.45
19/03/2025 19:00,19/03/2025 19:30,30.65,14.38
19/03/2025 19:30,19/03/2025 20:00,29.55,13.90
19/03/2025 20:00,19/03/2025 20:30,26.04,12.36
19/03/2025 20:30,19/03/2025 21:00,23.95,11.43
19/03/2025 21:00,19/03/2025 21:30,23.29,11.14
19/03/2025 21:30,19/03/2025 22:00,21.85,10.51
19/03/2025 22:00,19/03/2025 22:30,21.11,10.19
19/03/2025 22:30,19/03/2025 23:00,19.20,9.35
19/03/2025 23:00,19/03/2025 23:30,21.83,10.50
19/03/2025 23:30,20/03/2025 00:00,21.11,10.18
20/03/2025 00:00,20/03/2025 00:30,20.07,9.73
20/03/2025 00:30,20/03/2025 01:00,21.35,10.29
20/03/2025 01:00,20/03/2025 01:30,21.17,10.21
20/03/2025 01:30,20/03/2025 02:00,19.47,9.47
20/03/2025 02:00,20/03/2025 02:30,20.29,9.82
20/03/2025 02:30,20/03/2025 03:00,18.73,9.14
20/03/2025 03:00,20/03/2025 03:30,19.84,9.63
20/03/2025 03:30,20/03/2025 04:00,18.76,9.16
20/03/2025 04:00,20/03/2025 04:30,20.07,9.73
20/03/2025 04:30,20/03/2025 05:00,19.15,9.32
20/03/2025 05:00,20/03/2025 05:30,25.22,12.00
20/03/2025 05:30,20/03/2025 06:00,26.02,12.35
20/03/2025 06:00,20/03/2025 06:30,24.48,11.67
20/03/2025 06:30,20/03/2025 07:00,27.85,13.15
20/03/2025 07:00,20/03/2025 07:30,26.12,12.39
20/03/2025 07:30,20/03/2025 08:00,26.06,12.36
20/03/2025 08:00,20/03/2025 08:30,28.75,13.55
20/03/2025 08:30,20/03/2025 09:00,26.02,12.35
20/03/2025 09:00,20/03/2025 09:30,24.65,11.74
20/03/2025 09:30,20/03/2025 10:00,22.80,10.93
20/03/2025 10:00,20/03/2025 10:30,21.06,10.16
20/03/2025 10:30,20/03/2025 11:00,19.15,9.32
20/03/2025 11:00,20/03/2025 11:30,18.52,9.05
20/03/2025 11:30,20/03/2025 12:00,18.52,9.05
20/03/2025 12:00,20/03/2025 12:30,18.52,9.05
20/03/2025 12:30,20/03/2025 13:00,18.52,9.05
20/03/2025 13:00,20/03/2025 13:30,18.08,8.85
20/03/2025 13:30,20/03/2025 14:00,18.08,8.85
20/03/2025 14:00,20/03/2025 14:30,18.52,9.05
20/03/2025 14:30,20/03/2025 15:00,18.08,8.85
20/03/2025 15:00,20/03/2025 15:30,19.18,9.34
20/03/2025 15:30,20/03/2025 16:00,18.96,9.24
20/03/2025 16:00,20/03/2025 16:30,34.42,13.89
20/03/2025 16:30,20/03/2025 17:00,38.00,15.46
20/03/2025 17:00,20/03/2025 17:30,41.65,17.07
20/03/2025 17:30,20/03/2025 18:00,42.31,17.36
20/03/2025 18:00,20/03/2025 18:30,42.34,17.37
20/03/2025 18:30,20/03/2025 19:00,42.44,17.41
20/03/2025 19:00,20/03/2025 19:30,26.52,12.57
20/03/2025 19:30,20/03/2025 20:00,25.03,11.91
20/03/2025 20:00,20/03/2025 20:30,21.83,10.50
20/03/2025 20:30,20/03/2025 21:00,21.15,10.20
20/03/2025 21:00,20/03/2025 21:30,21.35,10.29
20/03/2025 21:30,20/03/2025 22:00,21.83,10.50
20/03/2025 22:00,20/03/2025 22:30,20.83,10.07
20/03/2025 22:30,20/03/2025 23:00,19.40,9.44
20/03/2025 23:00,20/03/2025 23:30,20.29,9.82
20/03/2025 23:30,21/03/2025 00:00,20.73,10.02
21/03/2025 00:00,21/03/2025 00:30,20.11,9.75
21/03/2025 00:30,21/03/2025 01:00,20.73,10.02
21/03/2025 01:00,21/03/2025 01:30,20.62,9.97
21/03/2025 01:30,21/03/2025 02:00,17.46,8.58
21/03/2025 02:00,21/03/2025 02:30,17.91,8.78
21/03/2025 02:30,21/03/2025 03:00,17.64,8.66
21/03/2025 03:00,21/03/2025 03:30,17.36,8.54
21/03/2025 03:30,21/03/2025 04:00,16.98,8.37
21/03/2025 04:00,21/03/2025 04:30,17.94,8.80
21/03/2025 04:30,21/03/2025 05:00,18.08,8.85
21/03/2025 05:00,21/03/2025 05:30,18.08,8.85
21/03/2025 05:30,21/03/2025 06:00,18.08,8.85
21/03/2025 06:00,21/03/2025 06:30,20.59,9.96
21/03/2025 06:30,21/03/2025 07:00,24.70,11.76
21/03/2025 07:00,21/03/2025 07:30,20.73,10.02
21/03/2025 07:30,21/03/2025 08:00,21.62,10.41
21/03/2025 08:00,21/03/2025 08:30,23.29,11.14
21/03/2025 08:30,21/03/2025 09:00,20.73,10.02
21/03/2025 09:00,21/03/2025 09:30,21.61,10.41
21/03/2025 09:30,21/03/2025 10:00,18.34,8.97
21/03/2025 10:00,21/03/2025 10:30,15.44,7.69
21/03/2025 10:30,21/03/2025 11:00,12.13,6.24
21/03/2025 11:00,21/03/2025 11:30,6.70,3.85
21/03/2025 11:30,21/03/2025 12:00,4.07,2.69
21/03/2025 12:00,21/03/2025 12:30,4.41,2.84
21/03/2025 12:30,21/03/2025 13:00,3.84,2.59
21/03/2025 13:00,21/03/2025 13:30,4.41,2.84
21/03/2025 13:30,21/03/2025 14:00,5.29,3.23
21/03/2025 14:00,21/03/2025 14:30,6.62,3.81
21/03/2025 14:30,21/03/2025 15:00,6.84,3.91
21/03/2025 15:00,21/03/2025 15:30,10.14,5.36
21/03/2025 15:30,21/03/2025 16:00,10.22,5.39
21/03/2025 16:00,21/03/2025 16:30,28.60,11.33
21/03/2025 16:30,21/03/2025 17:00,32.17,12.90
21/03/2025 17:00,21/03/2025 17:30,35.73,14.46
21/03/2025 17:30,21/03/2025 18:00,39.23,16.00
21/03/2025 18:00,21/03/2025 18:30,35.73,14.46
21/03/2025 18:30,21/03/2025 19:00,35.66,14.43
21/03/2025 19:00,21/03/2025 19:30,22.87,10.96
21/03/2025 19:30,21/03/2025 20:00,22.35,10.74
21/03/2025 20:00,21/03/2025 20:30,22.57,10.83
21/03/2025 20:30,21/03/2025 21:00,17.34,8.52
21/03/2025 21:00,21/03/2025 21:30,14.55,7.30
21/03/2025 21:30,21/03/2025 22:00,11.03,5.75
21/03/2025 22:00,21/03/2025 22:30,10.25,5.41
21/03/2025 22:30,21/03/2025 23:00,5.29,3.23
21/03/2025 23:00,21/03/2025 23:30,10.58,5.56
21/03/2025 23:30,22/03/2025 00:00,8.96,4.84
22/03/2025 00:00,22/03/2025 00:30,3.97,2.65
22/03/2025 00:30,22/03/2025 01:00,9.70,5.17
22/03/2025 01:00,22/03/2025 01:30,7.06,4.00
22/03/2025 01:30,22/03/2025 02:00,2.31,1.92
22/03/2025 02:00,22/03/2025 02:30,7.94,4.39
22/03/2025 02:30,22/03/2025 03:00,3.35,2.37
22/03/2025 03:00,22/03/2025 03:30,7.84,4.35
22/03/2025 03:30,22/03/2025 04:00,6.39,3.71
22/03/2025 04:00,22/03/2025 04:30,6.17,3.62
22/03/2025 04:30,22/03/2025 05:00,5.05,3.12
22/03/2025 05:00,22/03/2025 05:30,2.30,1.91
22/03/2025 05:30,22/03/2025 06:00,5.00,3.10
22/03/2025 06:00,22/03/2025 06:30,6.94,3.95
22/03/2025 06:30,22/03/2025 07:00,11.42,5.93
22/03/2025 07:00,22/03/2025 07:30,18.72,9.14
22/03/2025 07:30,22/03/2025 08:00,19.98,9.69
22/03/2025 08:00,22/03/2025 08:30,20.33,9.84
22/03/2025 08:30,22/03/2025 09:00,20.02,9.71
22/03/2025 09:00,22/03/2025 09:30,21.83,10.50
22/03/2025 09:30,22/03/2025 10:00,21.63,10.42
22/03/2025 10:00,22/03/2025 10:30,21.12,10.19
22/03/2025 10:30,22/03/2025 11:00,20.89,10.09
22/03/2025 11:00,22/03/2025 11:30,20.56,9.95
22/03/2025 11:30,22/03/2025 12:00,19.84,9.63
22/03/2025 12:00,22/03/2025 12:30,20.73,10.02
22/03/2025 12:30,22/03/2025 13:00,20.24,9.81
22/03/2025 13:00,22/03/2025 13:30,21.83,10.50
22/03/2025 13:30,22/03/2025 14:00,19.84,9.63
22/03/2025 14:00,22/03/2025 14:30,21.27,10.26
22/03/2025 14:30,22/03/2025 15:00,19.62,9.53
22/03/2025 15:00,22/03/2025 15:30,20.95,10.12
22/03/2025 15:30,22/03/2025 16:00,18.98,9.25
22/03/2025 16:00,22/03/2025 16:30,34.81,14.06
22/03/2025 16:30,22/03/2025 17:00,34.87,14.09
22/03/2025 17:00,22/03/2025 17:30,38.79,15.81
22/03/2025 17:30,22/03/2025 18:00,40.41,16.52
22/03/2025 18:00,22/03/2025 18:30,40.67,16.64
22/03/2025 18:30,22/03/2025 19:00,41.34,16.93
22/03/2025 19:00,22/03/2025 19:30,25.67,12.20
22/03/2025 19:30,22/03/2025 20:00,25.12,11.95
22/03/2025 20:00,22/03/2025 20:30,24.14,11.52
22/03/2025 20:30,22/03/2025 21:00,22.80,10.93
22/03/2025 21:00,22/03/2025 21:30,22.05,10.60
22/03/2025 21:30,22/03/2025 22:00,21.79,10.48
22/03/2025 22:00,22/03/2025 22:30,18.96,9.24
22/03/2025 22:30,22/03/2025 23:00,18.96,9.24
22/03/2025 23:00,22/03/2025 23:30,19.28,9.38
22/03/2025 23:30,23/03/2025 00:00,19.62,9.53
23/03/2025 00:00,23/03/2025 00:30,19.84,9.63
23/03/2025 00:30,23/03/2025 01:00,21.33,10.28
23/03/2025 01:00,23/03/2025 01:30,21.55,10.38
23/03/2025 01:30,23/03/2025 02:00,19.76,9.59
23/03/2025 02:00,23/03/2025 02:30,20.15,9.77
23/03/2025 02:30,23/03/2025 03:00,19.60,9.52
23/03/2025 03:00,23/03/2025 03:30,17.62,8.65
23/03/2025 03:30,23/03/2025 04:00,16.84,8.31
23/03/2025 04:00,23/03/2025 04:30,17.82,8.74
23/03/2025 04:30,23/03/2025 05:00,16.76,8.27
23/03/2025 05:00,23/03/2025 05:30,17.46,8.58
23/03/2025 05:30,23/03/2025 06:00,18.52,9.05
23/03/2025 06:00,23/03/2025 06:30,18.08,8.85
23/03/2025 06:30,23/03/2025 07:00,18.08,8.85
23/03/2025 07:00,23/03/2025 07:30,20.39,9.87
23/03/2025 07:30,23/03/2025 08:00,20.01,9.71
23/03/2025 08:00,23/03/2025 08:30,20.64,9.98
23/03/2025 08:30,23/03/2025 09:00,20.91,10.10
23/03/2025 09:00,23/03/2025 09:30,21.83,10.50
23/03/2025 09:30,23/03/2025 10:00,21.01,10.14
23/03/2025 10:00,23/03/2025 10:30,21.39,10.31
23/03/2025 10:30,23/03/2025 11:00,21.17,10.21
23/03/2025 11:00,23/03/2025 11:30,19.61,9.53
23/03/2025 11:30,23/03/2025 12:00,20.59,9.96
23/03/2025 12:00,23/03/2025 12:30,21.04,10.16
23/03/2025 12:30,23/03/2025 13:00,20.88,10.09
23/03/2025 13:00,23/03/2025 13:30,21.91,10.54
23/03/2025 13:30,23/03/2025 14:00,20.95,10.12
23/03/2025 14:00,23/03/2025 14:30,20.51,9.92
23/03/2025 14:30,23/03/2025 15:00,20.29,9.82
23/03/2025 15:00,23/03/2025 15:30,20.29,9.82
23/03/2025 15:30,23/03/2025 16:00,20.77,10.03
23/03/2025 16:00,23/03/2025 16:30,34.92,14.11
23/03/2025 16:30,23/03/2025 17:00,35.65,14.43
23/03/2025 17:00,23/03/2025 17:30,39.71,16.21
23/03/2025 17:30,23/03/2025 18:00,40.81,16.70
23/03/2025 18:00,23/03/2025 18:30,41.21,16.88
23/03/2025 18:30,23/03/2025 19:00,41.21,16.88
23/03/2025 19:00,23/03/2025 19:30,26.90,12.73
23/03/2025 19:30,23/03/2025 20:00,23.71,11.33
23/03/2025 20:00,23/03/2025 20:30,25.58,12.15
23/03/2025 20:30,23/03/2025 21:00,24.17,11.53
23/03/2025 21:00,23/03/2025 21:30,25.05,11.92
23/03/2025 21:30,23/03/2025 22:00,21.83,10.50
23/03/2025 22:00,23/03/2025 22:30,22.27,10.70
23/03/2025 22:30,23/03/2025 23:00,22.71,10.89
23/03/2025 23:00,23/03/2025 23:30,19.59,9.52
23/03/2025 23:30,24/03/2025 00:00,19.41,9.44
24/03/2025 00:00,24/03/2025 00:30,18.32,8.96
24/03/2025 00:30,24/03/2025 01:00,20.95,10.12
24/03/2025 01:00,24/03/2025 01:30,20.59,9.96
24/03/2025 01:30,24/03/2025 02:00,18.52,9.05
24/03/2025 02:00,24/03/2025 02:30,19.76,9.59
24/03/2025 02:30,24/03/2025 03:00,19.25,9.37
24/03/2025 03:00,24/03/2025 03:30,19.34,9.41
24/03/2025 03:30,24/03/2025 04:00,18.52,9.05
24/03/2025 04:00,24/03/2025 04:30,19.71,9.57
24/03/2025 04:30,24/03/2025 05:00,19.25,9.37
24/03/2025 05:00,24/03/2025 05:30,22.05,10.60
24/03/2025 05:30,24/03/2025 06:00,22.05,10.60
24/03/2025 06:00,24/03/2025 06:30,25.38,12.06
24/03/2025 06:30,24/03/2025 07:00,28.93,13.63
24/03/2025 07:00,24/03/2025 07:30,24.76,11.79
24/03/2025 07:30,24/03/2025 08:00,26.10,12.38
24/03/2025 08:00,24/03/2025 08:30,24.48,11.67
24/03/2025 08:30,24/03/2025 09:00,20.73,10.02
24/03/2025 09:00,24/03/2025 09:30,22.85,10.95
24/03/2025 09:30,24/03/2025 10:00,22.49,10.79
24/03/2025 10:00,24/03/2025 10:30,20.57,9.95
24/03/2025 10:30,24/03/2025 11:00,18.52,9.05
24/03/2025 11:00,24/03/2025 11:30,18.08,8.85
24/03/2025 11:30,24/03/2025 12:00,17.20,8.47
24/03/2025 12:00,24/03/2025 12:30,18.08,8.85
24/03/2025 12:30,24/03/2025 13:00,16.04,7.96
24/03/2025 13:00,24/03/2025 13:30,18.83,9.18
24/03/2025 13:30,24/03/2025 14:00,17.50,8.60
24/03/2025 14:00,24/03/2025 14:30,18.52,9.05
24/03/2025 14:30,24/03/2025 15:00,18.12,8.87
24/03/2025 15:00,24/03/2025 15:30,21.95,10.55
24/03/2025 15:30,24/03/2025 16:00,20.51,9.92
24/03/2025 16:00,24/03/2025 16:30,34.92,14.11
24/03/2025 16:30,24/03/2025 17:00,36.08,14.61
24/03/2025 17:00,24/03/2025 17:30,39.56,16.15
24/03/2025 17:30,24/03/2025 18:00,43.30,17.80
24/03/2025 18:00,24/03/2025 18:30,44.52,18.33
24/03/2025 18:30,24/03/2025 19:00,45.22,18.64
24/03/2025 19:00,24/03/2025 19:30,30.43,14.29
24/03/2025 19:30,24/03/2025 20:00,28.66,13.51
24/03/2025 20:00,24/03/2025 20:30,23.37,11.18
24/03/2025 20:30,24/03/2025 21:00,20.29,9.82
24/03/2025 21:00,24/03/2025 21:30,21.13,10.19
24/03/2025 21:30,24/03/2025 22:00,19.05,9.28
24/03/2025 22:00,24/03/2025 22:30,20.80,10.05
24/03/2025 22:30,24/03/2025 23:00,20.51,9.92
24/03/2025 23:00,24/03/2025 23:30,19.45,9.45
24/03/2025 23:30,25/03/2025 00:00,19.45,9.45
25/03/2025 00:00,25/03/2025 00:30,17.86,8.76
25/03/2025 00:30,25/03/2025 01:00,19.18,9.34
25/03/2025 01:00,25/03/2025 01:30,18.65,9.11
25/03/2025 01:30,25/03/2025 02:00,18.43,9.01
25/03/2025 02:00,25/03/2025 02:30,18.28,8.94
25/03/2025 02:30,25/03/2025 03:00,17.95,8.80
25/03/2025 03:00,25/03/2025 03:30,18.08,8.85
25/03/2025 03:30,25/03/2025 04:00,18.02,8.82
25/03/2025 04:00,25/03/2025 04:30,19.05,9.28
25/03/2025 04:30,25/03/2025 05:00,18.28,8.94
25/03/2025 05:00,25/03/2025 05:30,19.84,9.63
25/03/2025 05:30,25/03/2025 06:00,19.49,9.47
25/03/2025 06:00,25/03/2025 06:30,21.97,10.56
25/03/2025 06:30,25/03/2025 07:00,24.34,11.61
25/03/2025 07:00,25/03/2025 07:30,21.50,10.36
25/03/2025 07:30,25/03/2025 08:00,22.93,10.99
25/03/2025 08:00,25/03/2025 08:30,20.11,9.75
25/03/2025 08:30,25/03/2025 09:00,18.74,9.14
25/03/2025 09:00,25/03/2025 09:30,19.76,9.59
25/03/2025 09:30,25/03/2025 10:00,20.29,9.82
25/03/2025 10:00,25/03/2025 10:30,19.69,9.56
25/03/2025 10:30,25/03/2025 11:00,20.11,9.75
25/03/2025 11:00,25/03/2025 11:30,21.17,10.21
25/03/2025 11:30,25/03/2025 12:00,21.61,10.41
25/03/2025 12:00,25/03/2025 12:30,22.29,10.71
25/03/2025 12:30,25/03/2025 13:00,21.87,10.52
25/03/2025 13:00,25/03/2025 13:30,22.05,10.60
25/03/2025 13:30,25/03/2025 14:00,20.98,10.13
25/03/2025 14:00,25/03/2025 14:30,21.15,10.20
25/03/2025 14:30,25/03/2025 15:00,20.14,9.76
25/03/2025 15:00,25/03/2025 15:30,21.08,10.17
25/03/2025 15:30,25/03/2025 16:00,19.84,9.63
25/03/2025 16:00,25/03/2025 16:30,35.24,14.25
25/03/2025 16:30,25/03/2025 17:00,37.11,15.07
25/03/2025 17:00,25/03/2025 17:30,39.25,16.01
25/03/2025 17:30,25/03/2025 18:00,41.87,17.17
25/03/2025 18:00,25/03/2025 18:30,43.13,17.72
25/03/2025 18:30,25/03/2025 19:00,44.20,18.19
25/03/2025 19:00,25/03/2025 19:30,28.40,13.39
25/03/2025 19:30,25/03/2025 20:00,26.82,12.70
25/03/2025 20:00,25/03/2025 20:30,24.70,11.76
25/03/2025 20:30,25/03/2025 21:00,21.69,10.44
25/03/2025 21:00,25/03/2025 21:30,21.61,10.41
25/03/2025 21:30,25/03/2025 22:00,20.15,9.77
25/03/2025 22:00,25/03/2025 22:30,19.84,9.63
25/03/2025 22:30,25/03/2025 23:00,20.72,10.01
25/03/2025 23:00,25/03/2025 23:30,21.83,10.50
25/03/2025 23:30,26/03/2025 00:00,19.30,9.39
26/03/2025 00:00,26/03/2025 00:30,18.10,8.86
26/03/2025 00:30,26/03/2025 01:00,19.18,9.34
26/03/2025 01:00,26/03/2025 01:30,18.78,9.16
26/03/2025 01:30,26/03/2025 02:00,17.64,8.66
26/03/2025 02:00,26/03/2025 02:30,18.56,9.07
26/03/2025 02:30,26/03/2025 03:00,18.03,8.83
26/03/2025 03:00,26/03/2025 03:30,18.74,9.14
26/03/2025 03:30,26/03/2025 04:00,18.74,9.14
26/03/2025 04:00,26/03/2025 04:30,18.12,8.87
26/03/2025 04:30,26/03/2025 05:00,17.64,8.66
26/03/2025 05:00,26/03/2025 05:30,19.91,9.66
26/03/2025 05:30,26/03/2025 06:00,21.45,10.34
26/03/2025 06:00,26/03/2025 06:30,23.44,11.21
26/03/2025 06:30,26/03/2025 07:00,27.34,12.93
26/03/2025 07:00,26/03/2025 07:30,26.24,12.44
26/03/2025 07:30,26/03/2025 08:00,25.49,12.11
26/03/2025 08:00,26/03/2025 08:30,26.46,12.54
26/03/2025 08:30,26/03/2025 09:00,22.80,10.93
26/03/2025 09:00,26/03/2025 09:30,22.05,10.60
26/03/2025 09:30,26/03/2025 10:00,18.74,9.14
26/03/2025 10:00,26/03/2025 10:30,18.97,9.25
26/03/2025 10:30,26/03/2025 11:00,19.40,9.44
26/03/2025 11:00,26/03/2025 11:30,19.84,9.63
26/03/2025 11:30,26/03/2025 12:00,19.18,9.34
26/03/2025 12:00,26/03/2025 12:30,17.87,8.76
26/03/2025 12:30,26/03/2025 13:00,17.64,8.66
26/03/2025 13:00,26/03/2025 13:30,17.20,8.47
26/03/2025 13:30,26/03/2025 14:00,17.04,8.40
26/03/2025 14:00,26/03/2025 14:30,17.62,8.65
26/03/2025 14:30,26/03/2025 15:00,17.64,8.66
26/03/2025 15:00,26/03/2025 15:30,19.18,9.34
26/03/2025 15:30,26/03/2025 16:00,18.76,9.15
26/03/2025 16:00,26/03/2025 16:30,33.39,13.43
26/03/2025 16:30,26/03/2025 17:00,33.39,13.43
26/03/2025 17:00,26/03/2025 17:30,33.49,13.48
26/03/2025 17:30,26/03/2025 18:00,37.59,15.28
26/03/2025 18:00,26/03/2025 18:30,40.81,16.70
26/03/2025 18:30,26/03/2025 19:00,41.87,17.17
26/03/2025 19:00,26/03/2025 19:30,25.59,12.15
26/03/2025 19:30,26/03/2025 20:00,22.77,10.92
26/03/2025 20:00,26/03/2025 20:30,21.42,10.32
26/03/2025 20:30,26/03/2025 21:00,18.28,8.94
26/03/2025 21:00,26/03/2025 21:30,19.62,9.53
26/03/2025 21:30,26/03/2025 22:00,18.74,9.14
26/03/2025 22:00,26/03/2025 22:30,18.76,9.15
26/03/2025 22:30,26/03/2025 23:00,17.62,8.65
26/03/2025 23:00,26/03/2025 23:30,17.86,8.76
26/03/2025 23:30,27/03/2025 00:00,17.64,8.66
27/03/2025 00:00,27/03/2025 00:30,17.64,8.66
27/03/2025 00:30,27/03/2025 01:00,18.94,9.23
27/03/2025 01:00,27/03/2025 01:30,19.41,9.44
27/03/2025 01:30,27/03/2025 02:00,17.82,8.74
27/03/2025 02:00,27/03/2025 02:30,18.25,8.93
27/03/2025 02:30,27/03/2025 03:00,18.30,8.95
27/03/2025 03:00,27/03/2025 03:30,17.80,8.73
27/03/2025 03:30,27/03/2025 04:00,17.14,8.44
27/03/2025 04:00,27/03/2025 04:30,19.56,9.50
27/03/2025 04:30,27/03/2025 05:00,18.73,9.14
27/03/2025 05:00,27/03/2025 05:30,20.10,9.74
27/03/2025 05:30,27/03/2025 06:00,20.76,10.03
27/03/2025 06:00,27/03/2025 06:30,22.39,10.75
27/03/2025 06:30,27/03/2025 07:00,26.02,12.35
27/03/2025 07:00,27/03/2025 07:30,23.08,11.05
27/03/2025 07:30,27/03/2025 08:00,24.32,11.60
27/03/2025 08:00,27/03/2025 08:30,22.82,10.94
27/03/2025 08:30,27/03/2025 09:00,20.71,10.01
27/03/2025 09:00,27/03/2025 09:30,19.54,9.49
27/03/2025 09:30,27/03/2025 10:00,17.42,8.56
27/03/2025 10:00,27/03/2025 10:30,17.70,8.69
27/03/2025 10:30,27/03/2025 11:00,18.61,9.09
27/03/2025 11:00,27/03/2025 11:30,17.80,8.73
27/03/2025 11:30,27/03/2025 12:00,17.56,8.62
27/03/2025 12:00,27/03/2025 12:30,17.00,8.38
27/03/2025 12:30,27/03/2025 13:00,14.89,7.45
27/03/2025 13:00,27/03/2025 13:30,14.33,7.20
27/03/2025 13:30,27/03/2025 14:00,14.07,7.09
27/03/2025 14:00,27/03/2025 14:30,13.45,6.82
27/03/2025 14:30,27/03/2025 15:00,13.54,6.86
27/03/2025 15:00,27/03/2025 15:30,16.54,8.18
27/03/2025 15:30,27/03/2025 16:00,16.30,8.07
27/03/2025 16:00,27/03/2025 16:30,32.14,12.89
27/03/2025 16:30,27/03/2025 17:00,33.24,13.37
27/03/2025 17:00,27/03/2025 17:30,36.10,14.63
27/03/2025 17:30,27/03/2025 18:00,37.20,15.11
27/03/2025 18:00,27/03/2025 18:30,38.79,15.81
27/03/2025 18:30,27/03/2025 19:00,40.63,16.62
27/03/2025 19:00,27/03/2025 19:30,25.34,12.05
27/03/2025 19:30,27/03/2025 20:00,24.21,11.55
27/03/2025 20:00,27/03/2025 20:30,21.68,10.44
27/03/2025 20:30,27/03/2025 21:00,19.47,9.47
27/03/2025 21:00,27/03/2025 21:30,19.91,9.66
27/03/2025 21:30,27/03/2025 22:00,20.29,9.82
27/03/2025 22:00,27/03/2025 22:30,18.73,9.14
27/03/2025 22:30,27/03/2025 23:00,16.74,8.26
27/03/2025 23:00,27/03/2025 23:30,15.08,7.53
27/03/2025 23:30,28/03/2025 00:00,11.69,6.04
28/03/2025 00:00,28/03/2025 00:30,9.70,5.17
28/03/2025 00:30,28/03/2025 01:00,13.89,7.01
28/03/2025 01:00,28/03/2025 01:30,12.95,6.59
28/03/2025 01:30,28/03/2025 02:00,12.13,6.24
28/03/2025 02:00,28/03/2025 02:30,11.91,6.14
28/03/2025 02:30,28/03/2025 03:00,10.94,5.71
28/03/2025 03:00,28/03/2025 03:30,11.20,5.83
28/03/2025 03:30,28/03/2025 04:00,10.83,5.66
28/03/2025 04:00,28/03/2025 04:30,11.46,5.94
28/03/2025 04:30,28/03/2025 05:00,10.53,5.53
28/03/2025 05:00,28/03/2025 05:30,14.77,7.40
28/03/2025 05:30,28/03/2025 06:00,16.98,8.37
28/03/2025 06:00,28/03/2025 06:30,17.78,8.72
28/03/2025 06:30,28/03/2025 07:00,25.03,11.91
28/03/2025 07:00,28/03/2025 07:30,15.47,7.70
28/03/2025 07:30,28/03/2025 08:00,16.32,8.08
28/03/2025 08:00,28/03/2025 08:30,16.54,8.18
28/03/2025 08:30,28/03/2025 09:00,13.22,6.72
28/03/2025 09:00,28/03/2025 09:30,13.47,6.83
28/03/2025 09:30,28/03/2025 10:00,11.47,5.94
28/03/2025 10:00,28/03/2025 10:30,8.82,4.78
28/03/2025 10:30,28/03/2025 11:00,8.42,4.61
28/03/2025 11:00,28/03/2025 11:30,5.51,3.32
28/03/2025 11:30,28/03/2025 12:00,5.73,3.42
28/03/2025 12:00,28/03/2025 12:30,6.17,3.62
28/03/2025 12:30,28/03/2025 13:00,5.16,3.17
28/03/2025 13:00,28/03/2025 13:30,5.16,3.17
28/03/2025 13:30,28/03/2025 14:00,5.60,3.36
28/03/2025 14:00,28/03/2025 14:30,8.95,4.83
28/03/2025 14:30,28/03/2025 15:00,12.35,6.33
28/03/2025 15:00,28/03/2025 15:30,15.86,7.87
28/03/2025 15:30,28/03/2025 16:00,17.28,8.50
28/03/2025 16:00,28/03/2025 16:30,33.45,13.46
28/03/2025 16:30,28/03/2025 17:00,33.83,13.63
28/03/2025 17:00,28/03/2025 17:30,35.04,14.16
28/03/2025 17:30,28/03/2025 18:00,36.80,14.94
28/03/2025 18:00,28/03/2025 18:30,37.99,15.46
28/03/2025 18:30,28/03/2025 19:00,40.05,16.36
28/03/2025 19:00,28/03/2025 19:30,25.34,12.05
28/03/2025 19:30,28/03/2025 20:00,24.34,11.61
28/03/2025 20:00,28/03/2025 20:30,23.15,11.08
28/03/2025 20:30,28/03/2025 21:00,20.95,10.12
28/03/2025 21:00,28/03/2025 21:30,21.52,10.37
28/03/2025 21:30,28/03/2025 22:00,20.81,10.06
28/03/2025 22:00,28/03/2025 22:30,19.36,9.42
28/03/2025 22:30,28/03/2025 23:00,19.40,9.44
28/03/2025 23:00,28/03/2025 23:30,19.18,9.34
28/03/2025 23:30,29/03/2025 00:00,20.63,9.98
29/03/2025 00:00,29/03/2025 00:30,18.56,9.07
29/03/2025 00:30,29/03/2025 01:00,20.29,9.82
29/03/2025 01:00,29/03/2025 01:30,19.18,9.34
29/03/2025 01:30,29/03/2025 02:00,17.70,8.69
29/03/2025 02:00,29/03/2025 02:30,18.08,8.85
29/03/2025 02:30,29/03/2025 03:00,16.27,8.06
29/03/2025 03:00,29/03/2025 03:30,18.32,8.96
29/03/2025 03:30,29/03/2025 04:00,18.22,8.91
29/03/2025 04:00,29/03/2025 04:30,18.52,9.05
29/03/2025 04:30,29/03/2025 05:00,18.08,8.85
29/03/2025 05:00,29/03/2025 05:30,19.43,9.44
29/03/2025 05:30,29/03/2025 06:00,19.84,9.63
29/03/2025 06:00,29/03/2025 06:30,21.41,10.32
29/03/2025 06:30,29/03/2025 07:00,22.64,10.86
29/03/2025 07:00,29/03/2025 07:30,23.04,11.04
29/03/2025 07:30,29/03/2025 08:00,21.95,10.55
29/03/2025 08:00,29/03/2025 08:30,21.17,10.21
29/03/2025 08:30,29/03/2025 09:00,18.96,9.24
29/03/2025 09:00,29/03/2025 09:30,20.93,10.11
29/03/2025 09:30,29/03/2025 10:00,17.88,8.77
29/03/2025 10:00,29/03/2025 10:30,18.25,8.93
29/03/2025 10:30,29/03/2025 11:00,14.99,7.50
29/03/2025 11:00,29/03/2025 11:30,15.33,7.64
29/03/2025 11:30,29/03/2025 12:00,9.26,4.97
29/03/2025 12:00,29/03/2025 12:30,2.21,1.87
29/03/2025 12:30,29/03/2025 13:00,0.47,1.11
29/03/2025 13:00,29/03/2025 13:30,5.06,3.13
29/03/2025 13:30,29/03/2025 14:00,2.21,1.87
29/03/2025 14:00,29/03/2025 14:30,6.84,3.91
29/03/2025 14:30,29/03/2025 15:00,6.39,3.71
29/03/2025 15:00,29/03/2025 15:30,7.94,4.39
29/03/2025 15:30,29/03/2025 16:00,9.52,5.09
29/03/2025 16:00,29/03/2025 16:30,23.38,9.03
29/03/2025 16:30,29/03/2025 17:00,29.15,11.57
29/03/2025 17:00,29/03/2025 17:30,31.97,12.81
29/03/2025 17:30,29/03/2025 18:00,32.34,12.97
29/03/2025 18:00,29/03/2025 18:30,31.95,12.80
29/03/2025 18:30,29/03/2025 19:00,32.39,13.00
29/03/2025 19:00,29/03/2025 19:30,19.84,9.63
29/03/2025 19:30,29/03/2025 20:00,18.74,9.15
29/03/2025 20:00,29/03/2025 20:30,17.18,8.46
29/03/2025 20:30,29/03/2025 21:00,14.11,7.11
29/03/2025 21:00,29/03/2025 21:30,14.32,7.20
29/03/2025 21:30,29/03/2025 22:00,10.46,5.50
29/03/2025 22:00,29/03/2025 22:30,8.82,4.78
29/03/2025 22:30,29/03/2025 23:00,5.29,3.23
29/03/2025 23:00,29/03/2025 23:30,6.62,3.81
29/03/2025 23:30,30/03/2025 00:00,0.86,1.28
30/03/2025 00:00,30/03/2025 00:30,-2.21,0.00
30/03/2025 00:30,30/03/2025 02:00,2.80,2.13
30/03/2025 02:00,30/03/2025 02:30,0.24,1.01
30/03/2025 02:30,30/03/2025 03:00,-2.45,0.00
30/03/2025 03:00,30/03/2025 03:30,-2.21,0.00
30/03/2025 03:30,30/03/2025 04:00,-4.41,0.00
30/03/2025 04:00,30/03/2025 04:30,-4.41,0.00
30/03/2025 04:30,30/03/2025 05:00,-5.33,0.00
30/03/2025 05:00,30/03/2025 05:30,-3.11,0.00
30/03/2025 05:30,30/03/2025 06:00,-2.21,0.00
30/03/2025 06:00,30/03/2025 06:30,2.21,1.87
30/03/2025 06:30,30/03/2025 07:00,2.21,1.87
30/03/2025 07:00,30/03/2025 07:30,-0.82,0.54
30/03/2025 07:30,30/03/2025 08:00,0.38,1.06
30/03/2025 08:00,30/03/2025 08:30,0.00,0.90
30/03/2025 08:30,30/03/2025 09:00,2.21,1.87
30/03/2025 09:00,30/03/2025 09:30,-0.22,0.80
30/03/2025 09:30,30/03/2025 10:00,-2.12,0.00
30/03/2025 10:00,30/03/2025 10:30,-2.34,0.00
30/03/2025 10:30,30/03/2025 11:00,-1.32,0.32
30/03/2025 11:00,30/03/2025 11:30,-3.79,0.00
30/03/2025 11:30,30/03/2025 12:00,-1.54,0.22
30/03/2025 12:00,30/03/2025 12:30,-1.10,0.42
30/03/2025 12:30,30/03/2025 13:00,0.00,0.90
30/03/2025 13:00,30/03/2025 13:30,-1.28,0.34
30/03/2025 13:30,30/03/2025 14:00,0.00,0.90
30/03/2025 14:00,30/03/2025 14:30,-2.21,0.00
30/03/2025 14:30,30/03/2025 15:00,1.41,1.52
30/03/2025 15:00,30/03/2025 15:30,0.00,0.90
30/03/2025 15:30,30/03/2025 16:00,2.21,1.87
30/03/2025 16:00,30/03/2025 16:30,22.01,8.43
30/03/2025 16:30,30/03/2025 17:00,26.98,10.62
30/03/2025 17:00,30/03/2025 17:30,31.65,12.67
30/03/2025 17:30,30/03/2025 18:00,36.23,14.68
30/03/2025 18:00,30/03/2025 18:30,33.27,13.38
30/03/2025 18:30,30/03/2025 19:00,35.04,14.16
30/03/2025 19:00,30/03/2025 19:30,20.95,10.12
30/03/2025 19:30,30/03/2025 20:00,23.64,11.30
30/03/2025 20:00,30/03/2025 20:30,25.58,12.15
30/03/2025 20:30,30/03/2025 21:00,23.30,11.15
30/03/2025 21:00,30/03/2025 21:30,24.70,11.76
30/03/2025 21:30,30/03/2025 22:00,23.84,11.39
30/03/2025 22:00,30/03/2025 22:30,21.25,10.25
30/03/2025 22:30,30/03/2025 23:00,16.98,8.37
30/03/2025 23:00,30/03/2025 23:30,24.70,11.76
30/03/2025 23:30,31/03/2025 00:00,19.07,9.29
31/03/2025 00:00,31/03/2025 00:30,20.11,9.75
31/03/2025 00:30,31/03/2025 01:00,19.76,9.59
31/03/2025 01:00,31/03/2025 01:30,21.52,10.37
31/03/2025 01:30,31/03/2025 02:00,23.90,11.41
31/03/2025 02:00,31/03/2025 02:30,22.13,10.64
31/03/2025 02:30,31/03/2025 03:00,21.22,10.23
31/03/2025 03:00,31/03/2025 03:30,20.95,10.12
31/03/2025 03:30,31/03/2025 04:00,19.62,9.53
31/03/2025 04:00,31/03/2025 04:30,19.00,9.26
31/03/2025 04:30,31/03/2025 05:00,16.54,8.18
31/03/2025 05:00,31/03/2025 05:30,18.19,8.90
31/03/2025 05:30,31/03/2025 06:00,16.76,8.27
31/03/2025 06:00,31/03/2025 06:30,25.61,12.16
31/03/2025 06:30,31/03/2025 07:00,27.87,13.16
31/03/2025 07:00,31/03/2025 07:30,29.50,13.88
31/03/2025 07:30,31/03/2025 08:00,30.47,14.31
31/03/2025 08:00,31/03/2025 08:30,29.99,14.09
31/03/2025 08:30,31/03/2025 09:00,27.36,12.94
31/03/2025 09:00,31/03/2025 09:30,26.46,12.54
31/03/2025 09:30,31/03/2025 10:00,24.25,11.57
31/03/2025 10:00,31/03/2025 10:30,20.05,9.72
31/03/2025 10:30,31/03/2025 11:00,20.95,10.12
31/03/2025 11:00,31/03/2025 11:30,18.10,8.86
31/03/2025 11:30,31/03/2025 12:00,18.06,8.84
31/03/2025 12:00,31/03/2025 12:30,18.47,9.03
31/03/2025 12:30,31/03/2025 13:00,17.92,8.79
31/03/2025 13:00,31/03/2025 13:30,17.98,8.81
31/03/2025 13:30,31/03/2025 14:00,16.54,8.18
31/03/2025 14:00,31/03/2025 14:30,16.91,8.34
31/03/2025 14:30,31/03/2025 15:00,17.42,8.56
31/03/2025 15:00,31/03/2025 15:30,18.00,8.82
31/03/2025 15:30,31/03/2025 16:00,17.20,8.47
31/03/2025 16:00,31/03/2025 16:30,31.29,12.51
31/03/2025 16:30,31/03/2025 17:00,32.12,12.88
31/03/2025 17:00,31/03/2025 17:30,34.82,14.06
31/03/2025 17:30,31/03/2025 18:00,39.01,15.90
31/03/2025 18:00,31/03/2025 18:30,42.31,17.36
31/03/2025 18:30,31/03/2025 19:00,42.83,17.58
31/03/2025 19:00,31/03/2025 19:30,29.47,13.87
31/03/2025 19:30,31/03/2025 20:00,29.28,13.78
31/03/2025 20:00,31/03/2025 20:30,27.87,13.16
31/03/2025 20:30,31/03/2025 21:00,25.36,12.06
31/03/2025 21:00,31/03/2025 21:30,23.19,11.10
31/03/2025 21:30,31/03/2025 22:00,18.96,9.24
31/03/2025 22:00,31/03/2025 22:30,17.92,8.79
31/03/2025 22:30,31/03/2025 23:00,15.44,7.69
31/03/2025 23:00,31/03/2025 23:30,19.87,9.64
31/03/2025 23:30,01/04/2025 00:00,19.83,9.63
01/04/2025 00:00,01/04/2025 00:30,19.54,9.49
01/04/2025 00:30,01/04/2025 01:00,18.63,9.10
01/04/2025 01:00,01/04/2025 01:30,16.78,8.28
01/04/2025 01:30,01/04/2025 02:00,17.64,8.66
01/04/2025 02:00,01/04/2025 02:30,18.23,8.92
01/04/2025 02:30,01/04/2025 03:00,17.55,8.62
01/04/2025 03:00,01/04/2025 03:30,17.34,8.52
01/04/2025 03:30,01/04/2025 04:00,16.98,8.37
01/04/2025 04:00,01/04/2025 04:30,17.64,8.66
01/04/2025 04:30,01/04/2025 05:00,16.78,8.28
01/04/2025 05:00,01/04/2025 05:30,18.34,8.97
01/04/2025 05:30,01/04/2025 06:00,20.51,9.92
01/04/2025 06:00,01/04/2025 06:30,25.80,12.25
01/04/2025 06:30,01/04/2025 07:00,27.68,13.07
01/04/2025 07:00,01/04/2025 07:30,27.22,12.87
01/04/2025 07:30,01/04/2025 08:00,28.66,13.51
01/04/2025 08:00,01/04/2025 08:30,23.15,11.08
01/04/2025 08:30,01/04/2025 09:00,20.29,9.82
01/04/2025 09:00,01/04/2025 09:30,18.52,9.05
01/04/2025 09:30,01/04/2025 10:00,17.86,8.76
01/04/2025 10:00,01/04/2025 10:30,19.92,9.66
01/04/2025 10:30,01/04/2025 11:00,18.90,9.21
01/04/2025 11:00,01/04/2025 11:30,18.52,9.05
01/04/2025 11:30,01/04/2025 12:00,18.02,8.82
01/04/2025 12:00,01/04/2025 12:30,20.20,9.79
01/04/2025 12:30,01/04/2025 13:00,17.54,8.61
01/04/2025 13:00,01/04/2025 13:30,13.67,6.91
01/04/2025 13:30,01/04/2025 14:00,13.40,6.79
01/04/2025 14:00,01/04/2025 14:30,13.25,6.73
01/04/2025 14:30,01/04/2025 15:00,13.23,6.72
01/04/2025 15:00,01/04/2025 15:30,13.67,6.91
01/04/2025 15:30,01/04/2025 16:00,14.99,7.50
01/04/2025 16:00,01/04/2025 16:30,29.68,11.80
01/04/2025 16:30,01/04/2025 17:00,31.29,12.51
01/04/2025 17:00,01/04/2025 17:30,33.15,13.33
01/04/2025 17:30,01/04/2025 18:00,34.86,14.08
01/04/2025 18:00,01/04/2025 18:30,39.03,15.91
01/04/2025 18:30,01/04/2025 19:00,40.47,16.55
01/04/2025 19:00,01/04/2025 19:30,25.74,12.22
01/04/2025 19:30,01/04/2025 20:00,25.58,12.15
01/04/2025 20:00,01/04/2025 20:30,23.53,11.25
01/04/2025 20:30,01/04/2025 21:00,22.57,10.83
01/04/2025 21:00,01/04/2025 21:30,20.21,9.79
01/04/2025 21:30,01/04/2025 22:00,19.34,9.41
01/04/2025 22:00,01/04/2025 22:30,17.86,8.76
01/04/2025 22:30,01/04/2025 23:00,14.70,7.37
01/04/2025 23:00,01/04/2025 23:30,14.11,7.11
01/04/2025 23:30,02/04/2025 00:00,11.70,6.05
02/04/2025 00:00,02/04/2025 00:30,11.69,6.04
02/04/2025 00:30,02/04/2025 01:00,11.03,5.75
02/04/2025 01:00,02/04/2025 01:30,9.70,5.17
02/04/2025 01:30,02/04/2025 02:00,11.61,6.01
02/04/2025 02:00,02/04/2025 02:30,11.64,6.02
02/04/2025 02:30,02/04/2025 03:00,10.28,5.42
02/04/2025 03:00,02/04/2025 03:30,12.57,6.43
02/04/2025 03:30,02/04/2025 04:00,12.57,6.43
02/04/2025 04:00,02/04/2025 04:30,13.31,6.76
02/04/2025 04:30,02/04/2025 05:00,13.23,6.72
02/04/2025 05:00,02/04/2025 05:30,16.25,8.05
02/04/2025 05:30,02/04/2025 06:00,19.31,9.39
02/04/2025 06:00,02/04/2025 06:30,23.38,11.19
02/04/2025 06:30,02/04/2025 07:00,26.46,12.54
02/04/2025 07:00,02/04/2025 07:30,24.41,11.64
02/04/2025 07:30,02/04/2025 08:00,25.36,12.06
02/04/2025 08:00,02/04/2025 08:30,26.60,12.60
02/04/2025 08:30,02/04/2025 09:00,25.14,11.96
02/04/2025 09:00,02/04/2025 09:30,22.39,10.75
02/04/2025 09:30,02/04/2025 10:00,20.51,9.92
02/04/2025 10:00,02/04/2025 10:30,17.20,8.47
02/04/2025 10:30,02/04/2025 11:00,17.20,8.47
02/04/2025 11:00,02/04/2025 11:30,13.13,6.67
02/04/2025 11:30,02/04/2025 12:00,9.88,5.25
02/04/2025 12:00,02/04/2025 12:30,9.72,5.18
02/04/2025 12:30,02/04/2025 13:00,5.05,3.12
02/04/2025 13:00,02/04/2025 13:30,5.51,3.32
02/04/2025 13:30,02/04/2025 14:00,4.19,2.74
02/04/2025 14:00,02/04/2025 14:30,6.79,3.89
02/04/2025 14:30,02/04/2025 15:00,6.79,3.89
02/04/2025 15:00,02/04/2025 15:30,6.39,3.71
02/04/2025 15:30,02/04/2025 16:00,10.25,5.41
02/04/2025 16:00,02/04/2025 16:30,21.59,8.24
02/04/2025 16:30,02/04/2025 17:00,28.47,11.27
02/04/2025 17:00,02/04/2025 17:30,32.17,12.90
02/04/2025 17:30,02/04/2025 18:00,36.14,14.64
02/04/2025 18:00,02/04/2025 18:30,35.88,14.53
02/04/2025 18:30,02/04/2025 19:00,38.01,15.47
02/04/2025 19:00,02/04/2025 19:30,24.70,11.76
02/04/2025 19:30,02/04/2025 20:00,24.63,11.73
02/04/2025 20:00,02/04/2025 20:30,24.25,11.57
02/04/2025 20:30,02/04/2025 21:00,23.84,11.38
02/04/2025 21:00,02/04/2025 21:30,22.93,10.99
02/04/2025 21:30,02/04/2025 22:00,20.07,9.73
02/04/2025 22:00,02/04/2025 22:30,18.74,9.14
02/04/2025 22:30,02/04/2025 23:00,17.64,8.66
02/04/2025 23:00,02/04/2025 23:30,13.98,7.05
02/04/2025 23:30,03/04/2025 00:00,12.10,6.22
03/04/2025 00:00,03/04/2025 00:30,14.55,7.30
03/04/2025 00:30,03/04/2025 01:00,12.14,6.24
03/04/2025 01:00,03/04/2025 01:30,12.03,6.19
03/04/2025 01:30,03/04/2025 02:00,13.13,6.67
03/04/2025 02:00,03/04/2025 02:30,12.81,6.54
03/04/2025 02:30,03/04/2025 03:00,11.59,6.00
03/04/2025 03:00,03/04/2025 03:30,12.13,6.24
03/04/2025 03:30,03/04/2025 04:00,12.26,6.30
03/04/2025 04:00,03/04/2025 04:30,14.69,7.36
03/04/2025 04:30,03/04/2025 05:00,13.67,6.91
03/04/2025 05:00,03/04/2025 05:30,19.84,9.63
03/04/2025 05:30,03/04/2025 06:00,21.70,10.45
03/04/2025 06:00,03/04/2025 06:30,24.94,11.87
03/04/2025 06:30,03/04/2025 07:00,25.42,12.08
03/04/2025 07:00,03/04/2025 07:30,24.45,11.66
03/04/2025 07:30,03/04/2025 08:00,25.95,12.32
03/04/2025 08:00,03/04/2025 08:30,25.80,12.25
03/04/2025 08:30,03/04/2025 09:00,24.68,11.75
03/04/2025 09:00,03/04/2025 09:30,23.15,11.08
03/04/2025 09:30,03/04/2025 10:00,20.95,10.12
03/04/2025 10:00,03/04/2025 10:30,15.30,7.63
03/04/2025 10:30,03/04/2025 11:00,12.41,6.36
03/04/2025 11:00,03/04/2025 11:30,8.14,4.48
03/04/2025 11:30,03/04/2025 12:00,4.91,3.06
03/04/2025 12:00,03/04/2025 12:30,2.65,2.06
03/04/2025 12:30,03/04/2025 13:00,0.00,0.90
03/04/2025 13:00,03/04/2025 13:30,0.46,1.10
03/04/2025 13:30,03/04/2025 14:00,0.00,0.90
03/04/2025 14:00,03/04/2025 14:30,-0.06,0.87
03/04/2025 14:30,03/04/2025 15:00,0.22,1.00
03/04/2025 15:00,03/04/2025 15:30,0.06,0.93
03/04/2025 15:30,03/04/2025 16:00,2.40,1.96
03/04/2025 16:00,03/04/2025 16:30,24.68,9.60
03/04/2025 16:30,03/04/2025 17:00,30.59,12.20
03/04/2025 17:00,03/04/2025 17:30,34.85,14.08
03/04/2025 17:30,03/04/2025 18:00,37.37,15.18
03/04/2025 18:00,03/04/2025 18:30,39.45,16.10
03/04/2025 18:30,03/04/2025 19:00,39.89,16.29
03/04/2025 19:00,03/04/2025 19:30,25.84,12.27
03/04/2025 19:30,03/04/2025 20:00,25.14,11.96
03/04/2025 20:00,03/04/2025 20:30,23.37,11.18
03/04/2025 20:30,03/04/2025 21:00,22.47,10.78
03/04/2025 21:00,03/04/2025 21:30,21.65,10.43
03/04/2025 21:30,03/04/2025 22:00,18.52,9.05
03/04/2025 22:00,03/04/2025 22:30,18.96,9.24
03/04/2025 22:30,03/04/2025 23:00,18.52,9.05
03/04/2025 23:00,03/04/2025 23:30,20.11,9.75
03/04/2025 23:30,04/04/2025 00:00,19.40,9.44
04/04/2025 00:00,04/04/2025 00:30,18.74,9.14
04/04/2025 00:30,04/04/2025 01:00,20.20,9.79
04/04/2025 01:00,04/04/2025 01:30,18.74,9.14
04/04/2025 01:30,04/04/2025 02:00,20.07,9.73
04/04/2025 02:00,04/04/2025 02:30,18.74,9.14
04/04/2025 02:30,04/04/2025 03:00,18.74,9.14
04/04/2025 03:00,04/04/2025 03:30,18.69,9.12
04/04/2025 03:30,04/04/2025 04:00,18.69,9.12
04/04/2025 04:00,04/04/2025 04:30,19.14,9.32
04/04/2025 04:30,04/04/2025 05:00,18.69,9.12
04/04/2025 05:00,04/04/2025 05:30,18.30,8.95
04/04/2025 05:30,04/04/2025 06:00,17.66,8.67
04/04/2025 06:00,04/04/2025 06:30,20.94,10.11
04/04/2025 06:30,04/04/2025 07:00,22.29,10.71
04/04/2025 07:00,04/04/2025 07:30,22.93,10.99
04/04/2025 07:30,04/04/2025 08:00,23.84,11.39
04/04/2025 08:00,04/04/2025 08:30,24.24,11.56
04/04/2025 08:30,04/04/2025 09:00,21.79,10.48
04/04/2025 09:00,04/04/2025 09:30,20.11,9.75
04/04/2025 09:30,04/04/2025 10:00,19.18,9.34
04/04/2025 10:00,04/04/2025 10:30,18.08,8.85
04/04/2025 10:30,04/04/2025 11:00,15.88,7.88
04/04/2025 11:00,04/04/2025 11:30,14.37,7.22
04/04/2025 11:30,04/04/2025 12:00,9.04,4.88
04/04/2025 12:00,04/04/2025 12:30,9.70,5.17
04/04/2025 12:30,04/04/2025 13:00,6.62,3.81
04/04/2025 13:00,04/04/2025 13:30,5.55,3.34
04/04/2025 13:30,04/04/2025 14:00,4.20,2.75
04/04/2025 14:00,04/04/2025 14:30,3.15,2.29
04/04/2025 14:30,04/04/2025 15:00,4.19,2.74
04/04/2025 15:00,04/04/2025 15:30,7.19,4.06
04/04/2025 15:30,04/04/2025 16:00,8.27,4.54
04/04/2025 16:00,04/04/2025 16:30,27.54,10.86
04/04/2025 16:30,04/04/2025 17:00,29.33,11.65
04/04/2025 17:00,04/04/2025 17:30,33.40,13.44
04/04/2025 17:30,04/04/2025 18:00,34.56,13.95
04/04/2025 18:00,04/04/2025 18:30,37.15,15.09
04/04/2025 18:30,04/04/2025 19:00,38.48,15.68
04/04/2025 19:00,04/04/2025 19:30,23.17,11.10
04/04/2025 19:30,04/04/2025 20:00,23.79,11.37
04/04/2025 20:00,04/04/2025 20:30,21.47,10.35
04/04/2025 20:30,04/04/2025 21:00,21.17,10.21
04/04/2025 21:00,04/04/2025 21:30,19.82,9.62
04/04/2025 21:30,04/04/2025 22:00,17.64,8.66
04/04/2025 22:00,04/04/2025 22:30,17.14,8.44
04/04/2025 22:30,04/04/2025 23:00,14.55,7.30
04/04/2025 23:00,04/04/2025 23:30,18.35,8.98
04/04/2025 23:30,05/04/2025 00:00,17.29,8.51
05/04/2025 00:00,05/04/2025 00:30,17.64,8.66
05/04/2025 00:30,05/04/2025 01:00,17.24,8.49
05/04/2025 01:00,05/04/2025 01:30,15.83,7.86
05/04/2025 01:30,05/04/2025 02:00,17.42,8.56
05/04/2025 02:00,05/04/2025 02:30,16.96,8.36
05/04/2025 02:30,05/04/2025 03:00,16.60,8.20
05/04/2025 03:00,05/04/2025 03:30,16.04,7.96
05/04/2025 03:30,05/04/2025 04:00,14.99,7.50
05/04/2025 04:00,05/04/2025 04:30,16.10,7.98
05/04/2025 04:30,05/04/2025 05:00,15.61,7.77
05/04/2025 05:00,05/04/2025 05:30,16.10,7.98
05/04/2025 05:30,05/04/2025 06:00,16.99,8.38
05/04/2025 06:00,05/04/2025 06:30,16.81,8.30
05/04/2025 06:30,05/04/2025 07:00,17.64,8.66
05/04/2025 07:00,05/04/2025 07:30,16.76,8.27
05/04/2025 07:30,05/04/2025 08:00,17.64,8.66
05/04/2025 08:00,05/04/2025 08:30,16.54,8.18
05/04/2025 08:30,05/04/2025 09:00,16.29,8.07
05/04/2025 09:00,05/04/2025 09:30,16.36,8.10
05/04/2025 09:30,05/04/2025 10:00,14.45,7.25
05/04/2025 10:00,05/04/2025 10:30,8.74,4.74
05/04/2025 10:30,05/04/2025 11:00,2.98,2.21
05/04/2025 11:00,05/04/2025 11:30,0.66,1.19
05/04/2025 11:30,05/04/2025 12:00,-1.82,0.10
05/04/2025 12:00,05/04/2025 12:30,-1.69,0.16
05/04/2025 12:30,05/04/2025 13:00,-3.95,0.00
05/04/2025 13:00,05/04/2025 13:30,-1.75,0.13
05/04/2025 13:30,05/04/2025 14:00,-1.74,0.13
05/04/2025 14:00,05/04/2025 14:30,-2.65,0.00
05/04/2025 14:30,05/04/2025 15:00,-1.76,0.12
05/04/2025 15:00,05/04/2025 15:30,-1.61,0.19
05/04/2025 15:30,05/04/2025 16:00,-0.70,0.59
05/04/2025 16:00,05/04/2025 16:30,12.77,4.36
05/04/2025 16:30,05/04/2025 17:00,16.92,6.18
05/04/2025 17:00,05/04/2025 17:30,29.11,11.55
05/04/2025 17:30,05/04/2025 18:00,31.84,12.75
05/04/2025 18:00,05/04/2025 18:30,35.70,14.45
05/04/2025 18:30,05/04/2025 19:00,36.12,14.63
05/04/2025 19:00,05/04/2025 19:30,19.07,9.29
05/04/2025 19:30,05/04/2025 20:00,22.25,10.69
05/04/2025 20:00,05/04/2025 20:30,22.57,10.83
05/04/2025 20:30,05/04/2025 21:00,21.71,10.45
05/04/2025 21:00,05/04/2025 21:30,21.55,10.38
05/04/2025 21:30,05/04/2025 22:00,20.81,10.06
05/04/2025 22:00,05/04/2025 22:30,17.22,8.48
05/04/2025 22:30,05/04/2025 23:00,16.54,8.18
05/04/2025 23:00,05/04/2025 23:30,17.66,8.67
05/04/2025 23:30,06/04/2025 00:00,14.99,7.50
06/04/2025 00:00,06/04/2025 00:30,15.54,7.74
06/04/2025 00:30,06/04/2025 01:00,14.83,7.42
06/04/2025 01:00,06/04/2025 01:30,12.97,6.60
06/04/2025 01:30,06/04/2025 02:00,13.96,7.04
06/04/2025 02:00,06/04/2025 02:30,13.45,6.82
06/04/2025 02:30,06/04/2025 03:00,11.57,5.99
06/04/2025 03:00,06/04/2025 03:30,15.21,7.59
06/04/2025 03:30,06/04/2025 04:00,14.99,7.50
06/04/2025 04:00,06/04/2025 04:30,15.44,7.69
06/04/2025 04:30,06/04/2025 05:00,14.22,7.16
06/04/2025 05:00,06/04/2025 05:30,14.42,7.24
06/04/2025 05:30,06/04/2025 06:00,14.77,7.40
06/04/2025 06:00,06/04/2025 06:30,16.54,8.18
06/04/2025 06:30,06/04/2025 07:00,18.08,8.85
06/04/2025 07:00,06/04/2025 07:30,20.74,10.02
06/04/2025 07:30,06/04/2025 08:00,19.46,9.46
06/04/2025 08:00,06/04/2025 08:30,18.39,8.99
06/04/2025 08:30,06/04/2025 09:00,17.66,8.67
06/04/2025 09:00,06/04/2025 09:30,19.40,9.44
06/04/2025 09:30,06/04/2025 10:00,17.75,8.71
06/04/2025 10:00,06/04/2025 10:30,13.95,7.04
06/04/2025 10:30,06/04/2025 11:00,7.06,4.00
06/04/2025 11:00,06/04/2025 11:30,7.92,4.38
06/04/2025 11:30,06/04/2025 12:00,3.11,2.27
06/04/2025 12:00,06/04/2025 12:30,7.94,4.39
06/04/2025 12:30,06/04/2025 13:00,6.62,3.81
06/04/2025 13:00,06/04/2025 13:30,8.60,4.68
06/04/2025 13:30,06/04/2025 14:00,6.17,3.62
06/04/2025 14:00,06/04/2025 14:30,5.63,3.37
06/04/2025 14:30,06/04/2025 15:00,8.12,4.47
06/04/2025 15:00,06/04/2025 15:30,12.79,6.53
06/04/2025 15:30,06/04/2025 16:00,14.27,7.18
06/04/2025 16:00,06/04/2025 16:30,32.61,13.09
06/04/2025 16:30,06/04/2025 17:00,30.59,12.20
06/04/2025 17:00,06/04/2025 17:30,30.19,12.02
06/04/2025 17:30,06/04/2025 18:00,31.73,12.70
06/04/2025 18:00,06/04/2025 18:30,32.46,13.02
06/04/2025 18:30,06/04/2025 19:00,38.45,15.66
06/04/2025 19:00,06/04/2025 19:30,24.80,11.81
06/04/2025 19:30,06/04/2025 20:00,25.40,12.07
06/04/2025 20:00,06/04/2025 20:30,22.71,10.89
06/04/2025 20:30,06/04/2025 21:00,22.43,10.76
06/04/2025 21:00,06/04/2025 21:30,23.81,11.38
06/04/2025 21:30,06/04/2025 22:00,20.95,10.12
06/04/2025 22:00,06/04/2025 22:30,18.52,9.05
06/04/2025 22:30,06/04/2025 23:00,16.72,8.25
06/04/2025 23:00,06/04/2025 23:30,18.30,8.95
06/04/2025 23:30,07/04/2025 00:00,17.02,8.39
07/04/2025 00:00,07/04/2025 00:30,17.20,8.47
07/04/2025 00:30,07/04/2025 01:00,16.94,8.35
07/04/2025 01:00,07/04/2025 01:30,14.89,7.45
07/04/2025 01:30,07/04/2025 02:00,15.44,7.69
07/04/2025 02:00,07/04/2025 02:30,14.77,7.40
07/04/2025 02:30,07/04/2025 03:00,14.33,7.20
07/04/2025 03:00,07/04/2025 03:30,15.44,7.69
07/04/2025 03:30,07/04/2025 04:00,14.77,7.40
07/04/2025 04:00,07/04/2025 04:30,18.61,9.09
07/04/2025 04:30,07/04/2025 05:00,16.32,8.08
07/04/2025 05:00,07/04/2025 05:30,19.68,9.56
07/04/2025 05:30,07/04/2025 06:00,21.17,10.21
07/04/2025 06:00,07/04/2025 06:30,24.70,11.76
07/04/2025 06:30,07/04/2025 07:00,27.50,13.00
07/04/2025 07:00,07/04/2025 07:30,26.81,12.69
07/04/2025 07:30,07/04/2025 08:00,29.63,13.94
07/04/2025 08:00,07/04/2025 08:30,24.50,11.68
07/04/2025 08:30,07/04/2025 09:00,22.05,10.60
07/04/2025 09:00,07/04/2025 09:30,18.96,9.24
07/04/2025 09:30,07/04/2025 10:00,17.64,8.66
07/04/2025 10:00,07/04/2025 10:30,17.09,8.42
07/04/2025 10:30,07/04/2025 11:00,17.64,8.66
07/04/2025 11:00,07/04/2025 11:30,16.76,8.27
07/04/2025 11:30,07/04/2025 12:00,15.88,7.88
07/04/2025 12:00,07/04/2025 12:30,17.79,8.72
07/04/2025 12:30,07/04/2025 13:00,16.21,8.03
07/04/2025 13:00,07/04/2025 13:30,16.58,8.19
07/04/2025 13:30,07/04/2025 14:00,15.92,7.90
07/04/2025 14:00,07/04/2025 14:30,15.44,7.69
07/04/2025 14:30,07/04/2025 15:00,16.74,8.26
07/04/2025 15:00,07/04/2025 15:30,14.99,7.50
07/04/2025 15:30,07/04/2025 16:00,14.47,7.26
07/04/2025 16:00,07/04/2025 16:30,29.53,11.73
07/04/2025 16:30,07/04/2025 17:00,31.29,12.51
07/04/2025 17:00,07/04/2025 17:30,34.71,14.01
07/04/2025 17:30,07/04/2025 18:00,36.50,14.80
07/04/2025 18:00,07/04/2025 18:30,39.91,16.30
07/04/2025 18:30,07/04/2025 19:00,42.09,17.26
07/04/2025 19:00,07/04/2025 19:30,28.12,13.27
07/04/2025 19:30,07/04/2025 20:00,28.89,13.61
07/04/2025 20:00,07/04/2025 20:30,26.82,12.70
07/04/2025 20:30,07/04/2025 21:00,25.05,11.92
07/04/2025 21:00,07/04/2025 21:30,22.41,10.76
07/04/2025 21:30,07/04/2025 22:00,22.63,10.85
07/04/2025 22:00,07/04/2025 22:30,19.75,9.59
07/04/2025 22:30,07/04/2025 23:00,18.81,9.17
07/04/2025 23:00,07/04/2025 23:30,17.61,8.65
07/04/2025 23:30,08/04/2025 00:00,16.76,8.27
08/04/2025 00:00,08/04/2025 00:30,16.42,8.13
08/04/2025 00:30,08/04/2025 01:00,16.42,8.13
08/04/2025 01:00,08/04/2025 01:30,17.13,8.43
08/04/2025 01:30,08/04/2025 02:00,17.22,8.47
08/04/2025 02:00,08/04/2025 02:30,17.20,8.47
08/04/2025 02:30,08/04/2025 03:00,16.70,8.24
08/04/2025 03:00,08/04/2025 03:30,16.54,8.18
08/04/2025 03:30,08/04/2025 04:00,16.33,8.08
08/04/2025 04:00,08/04/2025 04:30,16.94,8.35
08/04/2025 04:30,08/04/2025 05:00,16.33,8.08
08/04/2025 05:00,08/04/2025 05:30,16.33,8.08
08/04/2025 05:30,08/04/2025 06:00,16.33,8.08
08/04/2025 06:00,08/04/2025 06:30,24.34,11.61
08/04/2025 06:30,08/04/2025 07:00,26.38,12.50
08/04/2025 07:00,08/04/2025 07:30,27.01,12.78
08/04/2025 07:30,08/04/2025 08:00,27.56,13.02
08/04/2025 08:00,08/04/2025 08:30,20.95,10.12
08/04/2025 08:30,08/04/2025 09:00,18.30,8.95
08/04/2025 09:00,08/04/2025 09:30,19.40,9.44
08/04/2025 09:30,08/04/2025 10:00,18.66,9.11
08/04/2025 10:00,08/04/2025 10:30,17.86,8.76
08/04/2025 10:30,08/04/2025 11:00,17.52,8.61
08/04/2025 11:00,08/04/2025 11:30,17.22,8.47
08/04/2025 11:30,08/04/2025 12:00,16.42,8.13
08/04/2025 12:00,08/04/2025 12:30,16.33,8.08
08/04/2025 12:30,08/04/2025 13:00,16.33,8.08
08/04/2025 13:00,08/04/2025 13:30,16.33,8.08
08/04/2025 13:30,08/04/2025 14:00,16.33,8.08
08/04/2025 14:00,08/04/2025 14:30,15.58,7.75
08/04/2025 14:30,08/04/2025 15:00,16.23,8.04
08/04/2025 15:00,08/04/2025 15:30,16.23,8.04
08/04/2025 15:30,08/04/2025 16:00,16.42,8.13
08/04/2025 16:00,08/04/2025 16:30,30.07,11.98
08/04/2025 16:30,08/04/2025 17:00,29.19,11.59
08/04/2025 17:00,08/04/2025 17:30,32.39,13.00
08/04/2025 17:30,08/04/2025 18:00,34.43,13.89
08/04/2025 18:00,08/04/2025 18:30,37.77,15.36
08/04/2025 18:30,08/04/2025 19:00,40.11,16.39
08/04/2025 19:00,08/04/2025 19:30,26.70,12.65
08/04/2025 19:30,08/04/2025 20:00,27.12,12.83
08/04/2025 20:00,08/04/2025 20:30,25.58,12.15
08/04/2025 20:30,08/04/2025 21:00,24.77,11.80
08/04/2025 21:00,08/04/2025 21:30,22.39,10.75
08/04/2025 21:30,08/04/2025 22:00,17.22,8.47
08/04/2025 22:00,08/04/2025 22:30,18.63,9.10
08/04/2025 22:30,08/04/2025 23:00,16.18,8.02
08/04/2025 23:00,08/04/2025 23:30,19.18,9.34
08/04/2025 23:30,09/04/2025 00:00,18.55,9.06
09/04/2025 00:00,09/04/2025 00:30,17.44,8.57
09/04/2025 00:30,09/04/2025 01:00,17.42,8.56
09/04/2025 01:00,09/04/2025 01:30,16.76,8.27
09/04/2025 01:30,09/04/2025 02:00,17.44,8.57
09/04/2025 02:00,09/04/2025 02:30,17.75,8.71
09/04/2025 02:30,09/04/2025 03:00,17.44,8.57
09/04/2025 03:00,09/04/2025 03:30,18.52,9.05
09/04/2025 03:30,09/04/2025 04:00,17.64,8.66
09/04/2025 04:00,09/04/2025 04:30,18.62,9.09
09/04/2025 04:30,09/04/2025 05:00,17.20,8.47
09/04/2025 05:00,09/04/2025 05:30,18.19,8.90
09/04/2025 05:30,09/04/2025 06:00,19.35,9.41
09/04/2025 06:00,09/04/2025 06:30,22.47,10.78
09/04/2025 06:30,09/04/2025 07:00,25.36,12.06
09/04/2025 07:00,09/04/2025 07:30,22.93,10.99
09/04/2025 07:30,09/04/2025 08:00,25.36,12.06
09/04/2025 08:00,09/04/2025 08:30,22.23,10.68
09/04/2025 08:30,09/04/2025 09:00,19.40,9.44
09/04/2025 09:00,09/04/2025 09:30,17.88,8.77
09/04/2025 09:30,09/04/2025 10:00,17.44,8.57
09/04/2025 10:00,09/04/2025 10:30,18.96,9.24
09/04/2025 10:30,09/04/2025 11:00,18.74,9.14
09/04/2025 11:00,09/04/2025 11:30,19.40,9.44
09/04/2025 11:30,09/04/2025 12:00,18.08,8.85
09/04/2025 12:00,09/04/2025 12:30,18.07,8.85
09/04/2025 12:30,09/04/2025 13:00,16.98,8.37
09/04/2025 13:00,09/04/2025 13:30,16.73,8.26
09/04/2025 13:30,09/04/2025 14:00,15.88,7.88
09/04/2025 14:00,09/04/2025 14:30,16.22,8.04
09/04/2025 14:30,09/04/2025 15:00,16.16,8.01
09/04/2025 15:00,09/04/2025 15:30,16.73,8.26
09/04/2025 15:30,09/04/2025 16:00,17.79,8.72
09/04/2025 16:00,09/04/2025 16:30,29.11,11.55
09/04/2025 16:30,09/04/2025 17:00,29.42,11.69
09/04/2025 17:00,09/04/2025 17:30,30.19,12.02
09/04/2025 17:30,09/04/2025 18:00,32.67,13.11
09/04/2025 18:00,09/04/2025 18:30,36.58,14.84
09/04/2025 18:30,09/04/2025 19:00,38.27,15.58
09/04/2025 19:00,09/04/2025 19:30,23.11,11.07
09/04/2025 19:30,09/04/2025 20:00,23.81,11.38
09/04/2025 20:00,09/04/2025 20:30,21.61,10.41
09/04/2025 20:30,09/04/2025 21:00,20.19,9.78
09/04/2025 21:00,09/04/2025 21:30,19.40,9.44
09/04/2025 21:30,09/04/2025 22:00,17.20,8.47
09/04/2025 22:00,09/04/2025 22:30,18.52,9.05
09/04/2025 22:30,09/04/2025 23:00,17.42,8.56
09/04/2025 23:00,09/04/2025 23:30,18.52,9.05
09/04/2025 23:30,10/04/2025 00:00,16.83,8.31
10/04/2025 00:00,10/04/2025 00:30,16.29,8.06
10/04/2025 00:30,10/04/2025 01:00,16.10,7.98
10/04/2025 01:00,10/04/2025 01:30,15.95,7.92
10/04/2025 01:30,10/04/2025 02:00,15.44,7.69
10/04/2025 02:00,10/04/2025 02:30,16.32,8.08
10/04/2025 02:30,10/04/2025 03:00,16.27,8.06
10/04/2025 03:00,10/04/2025 03:30,16.32,8.08
10/04/2025 03:30,10/04/2025 04:00,15.44,7.69
10/04/2025 04:00,10/04/2025 04:30,16.91,8.34
10/04/2025 04:30,10/04/2025 05:00,16.10,7.98
10/04/2025 05:00,10/04/2025 05:30,17.20,8.46
10/04/2025 05:30,10/04/2025 06:00,17.20,8.46
10/04/2025 06:00,10/04/2025 06:30,20.19,9.78
10/04/2025 06:30,10/04/2025 07:00,24.28,11.58
10/04/2025 07:00,10/04/2025 07:30,25.07,11.93
10/04/2025 07:30,10/04/2025 08:00,26.98,12.77
10/04/2025 08:00,10/04/2025 08:30,21.52,10.37
10/04/2025 08:30,10/04/2025 09:00,19.93,9.67
10/04/2025 09:00,10/04/2025 09:30,20.11,9.75
10/04/2025 09:30,10/04/2025 10:00,17.95,8.80
10/04/2025 10:00,10/04/2025 10:30,17.86,8.76
10/04/2025 10:30,10/04/2025 11:00,18.52,9.05
10/04/2025 11:00,10/04/2025 11:30,20.83,10.07
10/04/2025 11:30,10/04/2025 12:00,19.62,9.53
10/04/2025 12:00,10/04/2025 12:30,19.27,9.37
10/04/2025 12:30,10/04/2025 13:00,17.64,8.66
10/04/2025 13:00,10/04/2025 13:30,16.58,8.19
10/04/2025 13:30,10/04/2025 14:00,15.19,7.58
10/04/2025 14:00,10/04/2025 14:30,15.21,7.59
10/04/2025 14:30,10/04/2025 15:00,14.97,7.49
10/04/2025 15:00,10/04/2025 15:30,15.14,7.56
10/04/2025 15:30,10/04/2025 16:00,15.79,7.85
10/04/2025 16:00,10/04/2025 16:30,28.04,11.08
10/04/2025 16:30,10/04/2025 17:00,29.19,11.59
10/04/2025 17:00,10/04/2025 17:30,31.71,12.69
10/04/2025 17:30,10/04/2025 18:00,33.68,13.56
10/04/2025 18:00,10/04/2025 18:30,37.91,15.42
10/04/2025 18:30,10/04/2025 19:00,39.45,16.10
10/04/2025 19:00,10/04/2025 19:30,24.25,11.57
10/04/2025 19:30,10/04/2025 20:00,25.14,11.96
10/04/2025 20:00,10/04/2025 20:30,20.86,10.08
10/04/2025 20:30,10/04/2025 21:00,20.51,9.92
10/04/2025 21:00,10/04/2025 21:30,18.74,9.14
10/04/2025 21:30,10/04/2025 22:00,16.01,7.95
10/04/2025 22:00,10/04/2025 22:30,16.30,8.07
10/04/2025 22:30,10/04/2025 23:00,14.11,7.11
10/04/2025 23:00,10/04/2025 23:30,17.42,8.56
10/04/2025 23:30,11/04/2025 00:00,16.54,8.18
11/04/2025 00:00,11/04/2025 00:30,16.89,8.33
11/04/2025 00:30,11/04/2025 01:00,17.20,8.47
11/04/2025 01:00,11/04/2025 01:30,15.92,7.90
11/04/2025 01:30,11/04/2025 02:00,16.10,7.98
11/04/2025 02:00,11/04/2025 02:30,15.92,7.90
11/04/2025 02:30,11/04/2025 03:00,15.82,7.86
11/04/2025 03:00,11/04/2025 03:30,15.33,7.64
11/04/2025 03:30,11/04/2025 04:00,15.21,7.59
11/04/2025 04:00,11/04/2025 04:30,15.77,7.84
11/04/2025 04:30,11/04/2025 05:00,14.99,7.50
11/04/2025 05:00,11/04/2025 05:30,15.92,7.90
11/04/2025 05:30,11/04/2025 06:00,15.93,7.91
11/04/2025 06:00,11/04/2025 06:30,19.18,9.34
11/04/2025 06:30,11/04/2025 07:00,20.07,9.73
11/04/2025 07:00,11/04/2025 07:30,21.91,10.54
11/04/2025 07:30,11/04/2025 08:00,22.93,10.99
11/04/2025 08:00,11/04/2025 08:30,22.57,10.83
11/04/2025 08:30,11/04/2025 09:00,20.24,9.80
11/04/2025 09:00,11/04/2025 09:30,19.80,9.61
11/04/2025 09:30,11/04/2025 10:00,16.14,8.00
11/04/2025 10:00,11/04/2025 10:30,16.32,8.08
11/04/2025 10:30,11/04/2025 11:00,15.88,7.88
11/04/2025 11:00,11/04/2025 11:30,16.57,8.19
11/04/2025 11:30,11/04/2025 12:00,15.77,7.84
11/04/2025 12:00,11/04/2025 12:30,14.99,7.50
11/04/2025 12:30,11/04/2025 13:00,14.77,7.40
11/04/2025 13:00,11/04/2025 13:30,14.33,7.20
11/04/2025 13:30,11/04/2025 14:00,13.91,7.02
11/04/2025 14:00,11/04/2025 14:30,14.28,7.18
11/04/2025 14:30,11/04/2025 15:00,14.28,7.18
11/04/2025 15:00,11/04/2025 15:30,14.33,7.20
11/04/2025 15:30,11/04/2025 16:00,14.99,7.50
11/04/2025 16:00,11/04/2025 16:30,30.16,12.01
11/04/2025 16:30,11/04/2025 17:00,29.53,11.73
11/04/2025 17:00,11/04/2025 17:30,31.63,12.66
11/04/2025 17:30,11/04/2025 18:00,32.83,13.19
11/04/2025 18:00,11/04/2025 18:30,34.46,13.91
11/04/2025 18:30,11/04/2025 19:00,36.76,14.92
11/04/2025 19:00,11/04/2025 19:30,23.15,11.08
11/04/2025 19:30,11/04/2025 20:00,24.03,11.47
11/04/2025 20:00,11/04/2025 20:30,21.87,10.52
11/04/2025 20:30,11/04/2025 21:00,22.14,10.64
11/04/2025 21:00,11/04/2025 21:30,21.33,10.28
11/04/2025 21:30,11/04/2025 22:00,17.42,8.56
11/04/2025 22:00,11/04/2025 22:30,18.85,9.19
11/04/2025 22:30,11/04/2025 23:00,18.26,8.93
11/04/2025 23:00,11/04/2025 23:30,19.12,9.31
11/04/2025 23:30,12/04/2025 00:00,18.52,9.05
12/04/2025 00:00,12/04/2025 00:30,16.88,8.33
12/04/2025 00:30,12/04/2025 01:00,16.88,8.33
12/04/2025 01:00,12/04/2025 01:30,16.76,8.27
12/04/2025 01:30,12/04/2025 02:00,17.11,8.43
12/04/2025 02:00,12/04/2025 02:30,18.52,9.05
12/04/2025 02:30,12/04/2025 03:00,17.72,8.70
12/04/2025 03:00,12/04/2025 03:30,18.34,8.97
12/04/2025 03:30,12/04/2025 04:00,17.44,8.57
12/04/2025 04:00,12/04/2025 04:30,18.92,9.22
12/04/2025 04:30,12/04/2025 05:00,16.98,8.37
12/04/2025 05:00,12/04/2025 05:30,18.08,8.85
12/04/2025 05:30,12/04/2025 06:00,17.47,8.59
12/04/2025 06:00,12/04/2025 06:30,17.42,8.56
12/04/2025 06:30,12/04/2025 07:00,17.30,8.51
12/04/2025 07:00,12/04/2025 07:30,17.04,8.40
12/04/2025 07:30,12/04/2025 08:00,17.64,8.66
12/04/2025 08:00,12/04/2025 08:30,17.02,8.39
12/04/2025 08:30,12/04/2025 09:00,16.70,8.24
12/04/2025 09:00,12/04/2025 09:30,17.20,8.47
12/04/2025 09:30,12/04/2025 10:00,17.86,8.76
12/04/2025 10:00,12/04/2025 10:30,18.88,9.20
12/04/2025 10:30,12/04/2025 11:00,19.27,9.38
12/04/2025 11:00,12/04/2025 11:30,18.74,9.14
12/04/2025 11:30,12/04/2025 12:00,16.05,7.96
12/04/2025 12:00,12/04/2025 12:30,15.66,7.79
12/04/2025 12:30,12/04/2025 13:00,13.05,6.64
12/04/2025 13:00,12/04/2025 13:30,9.92,5.26
12/04/2025 13:30,12/04/2025 14:00,8.85,4.79
12/04/2025 14:00,12/04/2025 14:30,8.82,4.78
12/04/2025 14:30,12/04/2025 15:00,9.92,5.26
12/04/2025 15:00,12/04/2025 15:30,11.29,5.87
12/04/2025 15:30,12/04/2025 16:00,12.87,6.56
12/04/2025 16:00,12/04/2025 16:30,28.42,11.25
12/04/2025 16:30,12/04/2025 17:00,30.19,12.02
12/04/2025 17:00,12/04/2025 17:30,31.73,12.70
12/04/2025 17:30,12/04/2025 18:00,33.05,13.29
12/04/2025 18:00,12/04/2025 18:30,37.02,15.03
12/04/2025 18:30,12/04/2025 19:00,38.03,15.47
12/04/2025 19:00,12/04/2025 19:30,20.76,10.03
12/04/2025 19:30,12/04/2025 20:00,22.05,10.60
12/04/2025 20:00,12/04/2025 20:30,18.83,9.18
12/04/2025 20:30,12/04/2025 21:00,18.90,9.21
12/04/2025 21:00,12/04/2025 21:30,17.64,8.66
12/04/2025 21:30,12/04/2025 22:00,16.98,8.37
12/04/2025 22:00,12/04/2025 22:30,16.54,8.18
12/04/2025 22:30,12/04/2025 23:00,16.27,8.06
12/04/2025 23:00,12/04/2025 23:30,18.40,8.99
12/04/2025 23:30,13/04/2025 00:00,16.20,8.03
13/04/2025 00:00,13/04/2025 00:30,16.77,8.28
13/04/2025 00:30,13/04/2025 01:00,17.42,8.56
13/04/2025 01:00,13/04/2025 01:30,14.99,7.50
13/04/2025 01:30,13/04/2025 02:00,16.54,8.18
13/04/2025 02:00,13/04/2025 02:30,16.10,7.98
13/04/2025 02:30,13/04/2025 03:00,14.47,7.27
13/04/2025 03:00,13/04/2025 03:30,13.23,6.72
13/04/2025 03:30,13/04/2025 04:00,9.70,5.17
13/04/2025 04:00,13/04/2025 04:30,12.79,6.53
13/04/2025 04:30,13/04/2025 05:00,10.58,5.56
13/04/2025 05:00,13/04/2025 05:30,11.03,5.75
13/04/2025 05:30,13/04/2025 06:00,10.58,5.56
13/04/2025 06:00,13/04/2025 06:30,11.29,5.87
13/04/2025 06:30,13/04/2025 07:00,12.98,6.61
13/04/2025 07:00,13/04/2025 07:30,12.79,6.53
13/04/2025 07:30,13/04/2025 08:00,14.11,7.11
13/04/2025 08:00,13/04/2025 08:30,15.80,7.85
13/04/2025 08:30,13/04/2025 09:00,15.88,7.88
13/04/2025 09:00,13/04/2025 09:30,15.88,7.88
13/04/2025 09:30,13/04/2025 10:00,16.14,8.00
13/04/2025 10:00,13/04/2025 10:30,15.98,7.93
13/04/2025 10:30,13/04/2025 11:00,15.24,7.60
13/04/2025 11:00,13/04/2025 11:30,15.00,7.50
13/04/2025 11:30,13/04/2025 12:00,13.57,6.87
13/04/2025 12:00,13/04/2025 12:30,14.47,7.26
13/04/2025 12:30,13/04/2025 13:00,14.55,7.30
13/04/2025 13:00,13/04/2025 13:30,14.79,7.41
13/04/2025 13:30,13/04/2025 14:00,14.97,7.49
13/04/2025 14:00,13/04/2025 14:30,14.47,7.26
13/04/2025 14:30,13/04/2025 15:00,16.08,7.97
13/04/2025 15:00,13/04/2025 15:30,16.13,7.99
13/04/2025 15:30,13/04/2025 16:00,17.82,8.74
13/04/2025 16:00,13/04/2025 16:30,31.04,12.40
13/04/2025 16:30,13/04/2025 17:00,30.86,12.32
13/04/2025 17:00,13/04/2025 17:30,31.49,12.60
13/04/2025 17:30,13/04/2025 18:00,31.73,12.70
13/04/2025 18:00,13/04/2025 18:30,35.06,14.17
13/04/2025 18:30,13/04/2025 19:00,35.06,14.17
13/04/2025 19:00,13/04/2025 19:30,21.85,10.51
13/04/2025 19:30,13/04/2025 20:00,21.83,10.50
13/04/2025 20:00,13/04/2025 20:30,21.87,10.52
13/04/2025 20:30,13/04/2025 21:00,20.68,10.00
13/04/2025 21:00,13/04/2025 21:30,20.62,9.97
13/04/2025 21:30,13/04/2025 22:00,17.93,8.79
13/04/2025 22:00,13/04/2025 22:30,18.74,9.14
13/04/2025 22:30,13/04/2025 23:00,16.50,8.16
13/04/2025 23:00,13/04/2025 23:30,16.54,8.18
13/04/2025 23:30,14/04/2025 00:00,15.44,7.69
14/04/2025 00:00,14/04/2025 00:30,14.95,7.48
14/04/2025 00:30,14/04/2025 01:00,15.26,7.61
14/04/2025 01:00,14/04/2025 01:30,15.21,7.59
14/04/2025 01:30,14/04/2025 02:00,15.21,7.59
14/04/2025 02:00,14/04/2025 02:30,16.32,8.08
14/04/2025 02:30,14/04/2025 03:00,15.26,7.61
14/04/2025 03:00,14/04/2025 03:30,16.02,7.95
14/04/2025 03:30,14/04/2025 04:00,14.62,7.33
14/04/2025 04:00,14/04/2025 04:30,16.30,8.07
14/04/2025 04:30,14/04/2025 05:00,14.55,7.30
14/04/2025 05:00,14/04/2025 05:30,18.23,8.92
14/04/2025 05:30,14/04/2025 06:00,18.30,8.95
14/04/2025 06:00,14/04/2025 06:30,21.28,10.26
14/04/2025 06:30,14/04/2025 07:00,23.15,11.08
14/04/2025 07:00,14/04/2025 07:30,22.39,10.75
14/04/2025 07:30,14/04/2025 08:00,25.01,11.90
14/04/2025 08:00,14/04/2025 08:30,21.97,10.56
14/04/2025 08:30,14/04/2025 09:00,18.91,9.22
14/04/2025 09:00,14/04/2025 09:30,18.69,9.12
14/04/2025 09:30,14/04/2025 10:00,16.45,8.14
14/04/2025 10:00,14/04/2025 10:30,15.19,7.59
14/04/2025 10:30,14/04/2025 11:00,14.77,7.40
14/04/2025 11:00,14/04/2025 11:30,16.48,8.15
14/04/2025 11:30,14/04/2025 12:00,15.48,7.71
14/04/2025 12:00,14/04/2025 12:30,15.36,7.66
14/04/2025 12:30,14/04/2025 13:00,14.77,7.40
14/04/2025 13:00,14/04/2025 13:30,15.11,7.55
14/04/2025 13:30,14/04/2025 14:00,14.86,7.43
14/04/2025 14:00,14/04/2025 14:30,15.21,7.59
14/04/2025 14:30,14/04/2025 15:00,15.09,7.54
14/04/2025 15:00,14/04/2025 15:30,15.02,7.51
14/04/2025 15:30,14/04/2025 16:00,16.59,8.20
14/04/2025 16:00,14/04/2025 16:30,30.19,12.02
14/04/2025 16:30,14/04/2025 17:00,30.19,12.02
14/04/2025 17:00,14/04/2025 17:30,31.55,12.63
14/04/2025 17:30,14/04/2025 18:00,35.50,14.36
14/04/2025 18:00,14/04/2025 18:30,38.79,15.81
14/04/2025 18:30,14/04/2025 19:00,39.05,15.92
14/04/2025 19:00,14/04/2025 19:30,25.58,12.15
14/04/2025 19:30,14/04/2025 20:00,26.02,12.35
14/04/2025 20:00,14/04/2025 20:30,20.07,9.73
14/04/2025 20:30,14/04/2025 21:00,19.23,9.36
14/04/2025 21:00,14/04/2025 21:30,16.54,8.18
14/04/2025 21:30,14/04/2025 22:00,14.77,7.40
14/04/2025 22:00,14/04/2025 22:30,16.54,8.18
14/04/2025 22:30,14/04/2025 23:00,14.99,7.50
14/04/2025 23:00,14/04/2025 23:30,14.77,7.40
14/04/2025 23:30,15/04/2025 00:00,14.55,7.30
15/04/2025 00:00,15/04/2025 00:30,15.44,7.69
15/04/2025 00:30,15/04/2025 01:00,15.46,7.70
15/04/2025 01:00,15/04/2025 01:30,15.21,7.59
15/04/2025 01:30,15/04/2025 02:00,15.75,7.83
15/04/2025 02:00,15/04/2025 02:30,16.32,8.08
15/04/2025 02:30,15/04/2025 03:00,15.52,7.73
15/04/2025 03:00,15/04/2025 03:30,15.75,7.83
15/04/2025 03:30,15/04/2025 04:00,15.37,7.66
15/04/2025 04:00,15/04/2025 04:30,16.61,8.21
15/04/2025 04:30,15/04/2025 05:00,15.75,7.83
15/04/2025 05:00,15/04/2025 05:30,15.88,7.88
15/04/2025 05:30,15/04/2025 06:00,16.10,7.98
15/04/2025 06:00,15/04/2025 06:30,17.48,8.59
15/04/2025 06:30,15/04/2025 07:00,17.64,8.66
15/04/2025 07:00,15/04/2025 07:30,17.64,8.66
15/04/2025 07:30,15/04/2025 08:00,20.73,10.02
15/04/2025 08:00,15/04/2025 08:30,22.80,10.93
15/04/2025 08:30,15/04/2025 09:00,21.61,10.41
15/04/2025 09:00,15/04/2025 09:30,23.29,11.14
15/04/2025 09:30,15/04/2025 10:00,22.57,10.83
15/04/2025 10:00,15/04/2025 10:30,21.52,10.37
15/04/2025 10:30,15/04/2025 11:00,20.95,10.12
15/04/2025 11:00,15/04/2025 11:30,19.62,9.53
15/04/2025 11:30,15/04/2025 12:00,19.62,9.53
15/04/2025 12:00,15/04/2025 12:30,18.70,9.13
15/04/2025 12:30,15/04/2025 13:00,18.14,8.88
15/04/2025 13:00,15/04/2025 13:30,17.70,8.69
15/04/2025 13:30,15/04/2025 14:00,16.54,8.18
15/04/2025 14:00,15/04/2025 14:30,15.88,7.88
15/04/2025 14:30,15/04/2025 15:00,15.81,7.86
15/04/2025 15:00,15/04/2025 15:30,15.66,7.79
15/04/2025 15:30,15/04/2025 16:00,15.66,7.79
15/04/2025 16:00,15/04/2025 16:30,29.31,11.64
15/04/2025 16:30,15/04/2025 17:00,30.19,12.02
15/04/2025 17:00,15/04/2025 17:30,33.43,13.45
15/04/2025 17:30,15/04/2025 18:00,35.70,14.45
15/04/2025 18:00,15/04/2025 18:30,37.22,15.12
15/04/2025 18:30,15/04/2025 19:00,37.04,15.04
15/04/2025 19:00,15/04/2025 19:30,22.05,10.60
15/04/2025 19:30,15/04/2025 20:00,22.05,10.60
15/04/2025 20:00,15/04/2025 20:30,19.49,9.47
15/04/2025 20:30,15/04/2025 21:00,17.86,8.76
15/04/2025 21:00,15/04/2025 21:30,18.30,8.95
15/04/2025 21:30,15/04/2025 22:00,16.98,8.37
15/04/2025 22:00,15/04/2025 22:30,16.92,8.34
15/04/2025 22:30,15/04/2025 23:00,13.95,7.04
15/04/2025 23:00,15/04/2025 23:30,20.11,9.75
15/04/2025 23:30,16/04/2025 00:00,17.22,8.48
16/04/2025 00:00,16/04/2025 00:30,16.54,8.18
16/04/2025 00:30,16/04/2025 01:00,16.56,8.18
16/04/2025 01:00,16/04/2025 01:30,15.57,7.75
16/04/2025 01:30,16/04/2025 02:00,15.17,7.57
16/04/2025 02:00,16/04/2025 02:30,13.67,6.91
16/04/2025 02:30,16/04/2025 03:00,7.94,4.39
16/04/2025 03:00,16/04/2025 03:30,12.43,6.37
16/04/2025 03:30,16/04/2025 04:00,10.41,5.48
16/04/2025 04:00,16/04/2025 04:30,12.48,6.39
16/04/2025 04:30,16/04/2025 05:00,11.00,5.74
16/04/2025 05:00,16/04/2025 05:30,10.80,5.65
16/04/2025 05:30,16/04/2025 06:00,12.21,6.27
16/04/2025 06:00,16/04/2025 06:30,13.47,6.83
16/04/2025 06:30,16/04/2025 07:00,19.65,9.54
16/04/2025 07:00,16/04/2025 07:30,16.32,8.08
16/04/2025 07:30,16/04/2025 08:00,18.96,9.24
16/04/2025 08:00,16/04/2025 08:30,19.18,9.34
16/04/2025 08:30,16/04/2025 09:00,18.46,9.02
16/04/2025 09:00,16/04/2025 09:30,18.52,9.05
16/04/2025 09:30,16/04/2025 10:00,16.25,8.05
16/04/2025 10:00,16/04/2025 10:30,14.55,7.30
16/04/2025 10:30,16/04/2025 11:00,13.32,6.76
16/04/2025 11:00,16/04/2025 11:30,11.03,5.75
16/04/2025 11:30,16/04/2025 12:00,9.26,4.97
16/04/2025 12:00,16/04/2025 12:30,5.69,3.40
16/04/2025 12:30,16/04/2025 13:00,4.96,3.08
16/04/2025 13:00,16/04/2025 13:30,8.96,4.84
16/04/2025 13:30,16/04/2025 14:00,8.96,4.84
16/04/2025 14:00,16/04/2025 14:30,9.78,5.20
16/04/2025 14:30,16/04/2025 15:00,10.12,5.35
16/04/2025 15:00,16/04/2025 15:30,12.40,6.35
16/04/2025 15:30,16/04/2025 16:00,13.91,7.02
16/04/2025 16:00,16/04/2025 16:30,27.80,10.98
16/04/2025 16:30,16/04/2025 17:00,29.19,11.59
16/04/2025 17:00,16/04/2025 17:30,30.85,12.32
16/04/2025 17:30,16/04/2025 18:00,30.55,12.19
16/04/2025 18:00,16/04/2025 18:30,32.39,13.00
16/04/2025 18:30,16/04/2025 19:00,34.36,13.86
16/04/2025 19:00,16/04/2025 19:30,20.81,10.06
16/04/2025 19:30,16/04/2025 20:00,22.06,10.60
16/04/2025 20:00,16/04/2025 20:30,21.39,10.31
16/04/2025 20:30,16/04/2025 21:00,22.05,10.60
16/04/2025 21:00,16/04/2025 21:30,22.57,10.83
16/04/2025 21:30,16/04/2025 22:00,18.96,9.24
16/04/2025 22:00,16/04/2025 22:30,17.70,8.69
16/04/2025 22:30,16/04/2025 23:00,16.01,7.94
16/04/2025 23:00,16/04/2025 23:30,18.16,8.89
16/04/2025 23:30,17/04/2025 00:00,15.02,7.51
17/04/2025 00:00,17/04/2025 00:30,14.55,7.30
17/04/2025 00:30,17/04/2025 01:00,16.20,8.03
17/04/2025 01:00,17/04/2025 01:30,16.21,8.03
17/04/2025 01:30,17/04/2025 02:00,17.20,8.47
17/04/2025 02:00,17/04/2025 02:30,17.64,8.66
17/04/2025 02:30,17/04/2025 03:00,15.88,7.88
17/04/2025 03:00,17/04/2025 03:30,16.13,7.99
17/04/2025 03:30,17/04/2025 04:00,16.21,8.03
17/04/2025 04:00,17/04/2025 04:30,19.40,9.44
17/04/2025 04:30,17/04/2025 05:00,17.30,8.51
17/04/2025 05:00,17/04/2025 05:30,21.61,10.41
17/04/2025 05:30,17/04/2025 06:00,18.52,9.05
17/04/2025 06:00,17/04/2025 06:30,22.05,10.60
17/04/2025 06:30,17/04/2025 07:00,26.98,12.77
17/04/2025 07:00,17/04/2025 07:30,24.25,11.57
17/04/2025 07:30,17/04/2025 08:00,26.46,12.54
17/04/2025 08:00,17/04/2025 08:30,24.25,11.57
17/04/2025 08:30,17/04/2025 09:00,22.05,10.60
17/04/2025 09:00,17/04/2025 09:30,21.35,10.29
17/04/2025 09:30,17/04/2025 10:00,20.15,9.77
17/04/2025 10:00,17/04/2025 10:30,18.73,9.14
17/04/2025 10:30,17/04/2025 11:00,16.55,8.18
17/04/2025 11:00,17/04/2025 11:30,14.99,7.50
17/04/2025 11:30,17/04/2025 12:00,14.71,7.37
17/04/2025 12:00,17/04/2025 12:30,15.88,7.88
17/04/2025 12:30,17/04/2025 13:00,15.21,7.59
17/04/2025 13:00,17/04/2025 13:30,15.87,7.88
17/04/2025 13:30,17/04/2025 14:00,15.12,7.55
17/04/2025 14:00,17/04/2025 14:30,15.12,7.55
17/04/2025 14:30,17/04/2025 15:00,15.59,7.76
17/04/2025 15:00,17/04/2025 15:30,15.90,7.89
17/04/2025 15:30,17/04/2025 16:00,17.64,8.66
17/04/2025 16:00,17/04/2025 16:30,31.25,12.49
17/04/2025 16:30,17/04/2025 17:00,32.17,12.90
17/04/2025 17:00,17/04/2025 17:30,30.64,12.22
17/04/2025 17:30,17/04/2025 18:00,34.82,14.06
17/04/2025 18:00,17/04/2025 18:30,37.82,15.38
17/04/2025 18:30,17/04/2025 19:00,39.47,16.11
17/04/2025 19:00,17/04/2025 19:30,23.99,11.45
17/04/2025 19:30,17/04/2025 20:00,25.41,12.08
17/04/2025 20:00,17/04/2025 20:30,23.59,11.28
17/04/2025 20:30,17/04/2025 21:00,24.17,11.53
17/04/2025 21:00,17/04/2025 21:30,22.19,10.66
17/04/2025 21:30,17/04/2025 22:00,17.75,8.71
17/04/2025 22:00,17/04/2025 22:30,18.44,9.01
17/04/2025 22:30,17/04/2025 23:00,16.98,8.37
17/04/2025 23:00,17/04/2025 23:30,21.35,10.29
17/04/2025 23:30,18/04/2025 00:00,19.40,9.44
18/04/2025 00:00,18/04/2025 00:30,18.34,8.97
18/04/2025 00:30,18/04/2025 01:00,17.64,8.66
18/04/2025 01:00,18/04/2025 01:30,19.40,9.44
18/04/2025 01:30,18/04/2025 02:00,19.76,9.59
18/04/2025 02:00,18/04/2025 02:30,18.22,8.91
18/04/2025 02:30,18/04/2025 03:00,16.72,8.25
18/04/2025 03:00,18/04/2025 03:30,15.88,7.88
18/04/2025 03:30,18/04/2025 04:00,15.44,7.69
18/04/2025 04:00,18/04/2025 04:30,16.32,8.08
18/04/2025 04:30,18/04/2025 05:00,15.34,7.65
18/04/2025 05:00,18/04/2025 05:30,16.48,8.15
18/04/2025 05:30,18/04/2025 06:00,16.10,7.98
18/04/2025 06:00,18/04/2025 06:30,18.28,8.94
18/04/2025 06:30,18/04/2025 07:00,19.40,9.44
18/04/2025 07:00,18/04/2025 07:30,20.23,9.80
18/04/2025 07:30,18/04/2025 08:00,20.55,9.94
18/04/2025 08:00,18/04/2025 08:30,19.93,9.67
18/04/2025 08:30,18/04/2025 09:00,19.93,9.67
18/04/2025 09:00,18/04/2025 09:30,17.82,8.74
18/04/2025 09:30,18/04/2025 10:00,16.32,8.08
18/04/2025 10:00,18/04/2025 10:30,16.38,8.11
18/04/2025 10:30,18/04/2025 11:00,16.23,8.04
18/04/2025 11:00,18/04/2025 11:30,16.23,8.04
18/04/2025 11:30,18/04/2025 12:00,16.10,7.98
18/04/2025 12:00,18/04/2025 12:30,13.83,6.98
18/04/2025 12:30,18/04/2025 13:00,11.91,6.14
18/04/2025 13:00,18/04/2025 13:30,9.84,5.23
18/04/2025 13:30,18/04/2025 14:00,9.35,5.01
18/04/2025 14:00,18/04/2025 14:30,11.16,5.81
18/04/2025 14:30,18/04/2025 15:00,9.92,5.26
18/04/2025 15:00,18/04/2025 15:30,13.78,6.96
18/04/2025 15:30,18/04/2025 16:00,14.83,7.42
18/04/2025 16:00,18/04/2025 16:30,28.29,11.19
18/04/2025 16:30,18/04/2025 17:00,28.64,11.35
18/04/2025 17:00,18/04/2025 17:30,30.54,12.18
18/04/2025 17:30,18/04/2025 18:00,33.05,13.29
18/04/2025 18:00,18/04/2025 18:30,34.76,14.03
18/04/2025 18:30,18/04/2025 19:00,34.76,14.03
18/04/2025 19:00,18/04/2025 19:30,21.69,10.44
18/04/2025 19:30,18/04/2025 20:00,21.52,10.37
18/04/2025 20:00,18/04/2025 20:30,20.64,9.98
18/04/2025 20:30,18/04/2025 21:00,20.34,9.85
18/04/2025 21:00,18/04/2025 21:30,18.61,9.09
18/04/2025 21:30,18/04/2025 22:00,18.16,8.89
18/04/2025 22:00,18/04/2025 22:30,18.30,8.95
18/04/2025 22:30,18/04/2025 23:00,16.23,8.04
18/04/2025 23:00,18/04/2025 23:30,18.21,8.91
18/04/2025 23:30,19/04/2025 00:00,14.55,7.30
19/04/2025 00:00,19/04/2025 00:30,13.67,6.91
19/04/2025 00:30,19/04/2025 01:00,14.49,7.27
19/04/2025 01:00,19/04/2025 01:30,13.93,7.03
19/04/2025 01:30,19/04/2025 02:00,14.42,7.24
19/04/2025 02:00,19/04/2025 02:30,14.99,7.50
19/04/2025 02:30,19/04/2025 03:00,14.11,7.11
19/04/2025 03:00,19/04/2025 03:30,14.33,7.20
19/04/2025 03:30,19/04/2025 04:00,14.33,7.20
19/04/2025 04:00,19/04/2025 04:30,15.66,7.79
19/04/2025 04:30,19/04/2025 05:00,14.99,7.50
19/04/2025 05:00,19/04/2025 05:30,15.05,7.52
19/04/2025 05:30,19/04/2025 06:00,15.19,7.58
19/04/2025 06:00,19/04/2025 06:30,16.65,8.23
19/04/2025 06:30,19/04/2025 07:00,18.52,9.05
19/04/2025 07:00,19/04/2025 07:30,16.54,8.18
19/04/2025 07:30,19/04/2025 08:00,19.18,9.34
19/04/2025 08:00,19/04/2025 08:30,11.54,5.97
19/04/2025 08:30,19/04/2025 09:00,14.61,7.32
19/04/2025 09:00,19/04/2025 09:30,17.64,8.66
19/04/2025 09:30,19/04/2025 10:00,18.34,8.97
19/04/2025 10:00,19/04/2025 10:30,16.77,8.27
19/04/2025 10:30,19/04/2025 11:00,16.77,8.27
19/04/2025 11:00,19/04/2025 11:30,17.29,8.51
19/04/2025 11:30,19/04/2025 12:00,16.65,8.23
19/04/2025 12:00,19/04/2025 12:30,16.65,8.23
19/04/2025 12:30,19/04/2025 13:00,15.70,7.81
19/04/2025 13:00,19/04/2025 13:30,14.33,7.20
19/04/2025 13:30,19/04/2025 14:00,12.68,6.48
19/04/2025 14:00,19/04/2025 14:30,11.69,6.04
19/04/2025 14:30,19/04/2025 15:00,12.91,6.58
19/04/2025 15:00,19/04/2025 15:30,12.77,6.52
19/04/2025 15:30,19/04/2025 16:00,14.01,7.06
19/04/2025 16:00,19/04/2025 16:30,28.58,11.32
19/04/2025 16:30,19/04/2025 17:00,30.42,12.13
19/04/2025 17:00,19/04/2025 17:30,32.39,13.00
19/04/2025 17:30,19/04/2025 18:00,32.39,13.00
19/04/2025 18:00,19/04/2025 18:30,33.05,13.29
19/04/2025 18:30,19/04/2025 19:00,35.27,14.26
19/04/2025 19:00,19/04/2025 19:30,21.52,10.37
19/04/2025 19:30,19/04/2025 20:00,22.43,10.76
19/04/2025 20:00,19/04/2025 20:30,20.73,10.02
19/04/2025 20:30,19/04/2025 21:00,21.99,10.57
19/04/2025 21:00,19/04/2025 21:30,22.01,10.58
19/04/2025 21:30,19/04/2025 22:00,17.88,8.77
19/04/2025 22:00,19/04/2025 22:30,18.71,9.13
19/04/2025 22:30,19/04/2025 23:00,18.52,9.05
19/04/2025 23:00,19/04/2025 23:30,18.74,9.14
19/04/2025 23:30,20/04/2025 00:00,18.08,8.85
20/04/2025 00:00,20/04/2025 00:30,17.83,8.74
20/04/2025 00:30,20/04/2025 01:00,17.71,8.69
20/04/2025 01:00,20/04/2025 01:30,17.86,8.76
20/04/2025 01:30,20/04/2025 02:00,18.30,8.95
20/04/2025 02:00,20/04/2025 02:30,17.40,8.56
20/04/2025 02:30,20/04/2025 03:00,15.88,7.88
20/04/2025 03:00,20/04/2025 03:30,18.56,9.07
20/04/2025 03:30,20/04/2025 04:00,18.00,8.82
20/04/2025 04:00,20/04/2025 04:30,20.24,9.81
20/04/2025 04:30,20/04/2025 05:00,19.00,9.26
20/04/2025 05:00,20/04/2025 05:30,20.23,9.80
20/04/2025 05:30,20/04/2025 06:00,19.36,9.42
20/04/2025 06:00,20/04/2025 06:30,18.88,9.20
20/04/2025 06:30,20/04/2025 07:00,19.68,9.56
20/04/2025 07:00,20/04/2025 07:30,19.40,9.44
20/04/2025 07:30,20/04/2025 08:00,21.65,10.43
20/04/2025 08:00,20/04/2025 08:30,20.59,9.96
20/04/2025 08:30,20/04/2025 09:00,21.52,10.37
20/04/2025 09:00,20/04/2025 09:30,21.39,10.31
20/04/2025 09:30,20/04/2025 10:00,21.39,10.31
20/04/2025 10:00,20/04/2025 10:30,20.29,9.82
20/04/2025 10:30,20/04/2025 11:00,19.84,9.63
20/04/2025 11:00,20/04/2025 11:30,16.79,8.28
20/04/2025 11:30,20/04/2025 12:00,15.88,7.88
20/04/2025 12:00,20/04/2025 12:30,16.42,8.13
20/04/2025 12:30,20/04/2025 13:00,16.32,8.08
20/04/2025 13:00,20/04/2025 13:30,16.79,8.28
20/04/2025 13:30,20/04/2025 14:00,15.50,7.72
20/04/2025 14:00,20/04/2025 14:30,16.30,8.07
20/04/2025 14:30,20/04/2025 15:00,16.05,7.96
20/04/2025 15:00,20/04/2025 15:30,16.98,8.37
20/04/2025 15:30,20/04/2025 16:00,17.20,8.47
20/04/2025 16:00,20/04/2025 16:30,33.05,13.29
20/04/2025 16:30,20/04/2025 17:00,33.27,13.38
20/04/2025 17:00,20/04/2025 17:30,31.54,12.62
20/04/2025 17:30,20/04/2025 18:00,32.38,12.99
20/04/2025 18:00,20/04/2025 18:30,36.65,14.87
20/04/2025 18:30,20/04/2025 19:00,37.34,15.17
20/04/2025 19:00,20/04/2025 19:30,24.92,11.86
20/04/2025 19:30,20/04/2025 20:00,24.57,11.71
20/04/2025 20:00,20/04/2025 20:30,24.19,11.54
20/04/2025 20:30,20/04/2025 21:00,24.48,11.67
20/04/2025 21:00,20/04/2025 21:30,23.46,11.22
20/04/2025 21:30,20/04/2025 22:00,21.14,10.20
20/04/2025 22:00,20/04/2025 22:30,21.15,10.20
20/04/2025 22:30,20/04/2025 23:00,17.78,8.72
20/04/2025 23:00,20/04/2025 23:30,19.18,9.34
20/04/2025 23:30,21/04/2025 00:00,18.76,9.15
21/04/2025 00:00,21/04/2025 00:30,16.79,8.28
21/04/2025 00:30,21/04/2025 01:00,17.64,8.66
21/04/2025 01:00,21/04/2025 01:30,16.18,8.02
21/04/2025 01:30,21/04/2025 02:00,16.76,8.27
21/04/2025 02:00,21/04/2025 02:30,17.72,8.70
21/04/2025 02:30,21/04/2025 03:00,16.54,8.18
21/04/2025 03:00,21/04/2025 03:30,17.20,8.47
21/04/2025 03:30,21/04/2025 04:00,16.79,8.28
21/04/2025 04:00,21/04/2025 04:30,17.98,8.81
21/04/2025 04:30,21/04/2025 05:00,17.06,8.41
21/04/2025 05:00,21/04/2025 05:30,17.64,8.66
21/04/2025 05:30,21/04/2025 06:00,17.64,8.66
21/04/2025 06:00,21/04/2025 06:30,16.94,8.35
21/04/2025 06:30,21/04/2025 07:00,18.30,8.95
21/04/2025 07:00,21/04/2025 07:30,16.98,8.37
21/04/2025 07:30,21/04/2025 08:00,18.74,9.14
21/04/2025 08:00,21/04/2025 08:30,17.06,8.41
21/04/2025 08:30,21/04/2025 09:00,17.93,8.79
21/04/2025 09:00,21/04/2025 09:30,19.58,9.51
21/04/2025 09:30,21/04/2025 10:00,18.88,9.20
21/04/2025 10:00,21/04/2025 10:30,19.83,9.63
21/04/2025 10:30,21/04/2025 11:00,19.90,9.65
21/04/2025 11:00,21/04/2025 11:30,18.61,9.09
21/04/2025 11:30,21/04/2025 12:00,19.49,9.47
21/04/2025 12:00,21/04/2025 12:30,18.52,9.05
21/04/2025 12:30,21/04/2025 13:00,18.39,8.99
21/04/2025 13:00,21/04/2025 13:30,16.94,8.35
21/04/2025 13:30,21/04/2025 14:00,15.97,7.92
21/04/2025 14:00,21/04/2025 14:30,16.10,7.98
21/04/2025 14:30,21/04/2025 15:00,15.88,7.88
21/04/2025 15:00,21/04/2025 15:30,15.88,7.88
21/04/2025 15:30,21/04/2025 16:00,16.54,8.18
21/04/2025 16:00,21/04/2025 16:30,30.27,12.06
21/04/2025 16:30,21/04/2025 17:00,30.59,12.20
21/04/2025 17:00,21/04/2025 17:30,33.40,13.44
21/04/2025 17:30,21/04/2025 18:00,33.05,13.29
21/04/2025 18:00,21/04/2025 18:30,36.65,14.87
21/04/2025 18:30,21/04/2025 19:00,37.53,15.26
21/04/2025 19:00,21/04/2025 19:30,23.92,11.42
21/04/2025 19:30,21/04/2025 20:00,23.73,11.34
21/04/2025 20:00,21/04/2025 20:30,23.79,11.37
21/04/2025 20:30,21/04/2025 21:00,23.15,11.08
21/04/2025 21:00,21/04/2025 21:30,24.39,11.63
21/04/2025 21:30,21/04/2025 22:00,19.93,9.67
21/04/2025 22:00,21/04/2025 22:30,20.73,10.02
21/04/2025 22:30,21/04/2025 23:00,15.88,7.88
21/04/2025 23:00,21/04/2025 23:30,18.94,9.23
21/04/2025 23:30,22/04/2025 00:00,19.47,9.47
22/04/2025 00:00,22/04/2025 00:30,18.08,8.85
22/04/2025 00:30,22/04/2025 01:00,18.96,9.24
22/04/2025 01:00,22/04/2025 01:30,15.88,7.88
22/04/2025 01:30,22/04/2025 02:00,16.12,7.99
22/04/2025 02:00,22/04/2025 02:30,16.32,8.08
22/04/2025 02:30,22/04/2025 03:00,16.12,7.99
22/04/2025 03:00,22/04/2025 03:30,17.30,8.51
22/04/2025 03:30,22/04/2025 04:00,16.36,8.10
22/04/2025 04:00,22/04/2025 04:30,18.00,8.82
22/04/2025 04:30,22/04/2025 05:00,16.98,8.37
22/04/2025 05:00,22/04/2025 05:30,19.40,9.44
22/04/2025 05:30,22/04/2025 06:00,19.84,9.63
22/04/2025 06:00,22/04/2025 06:30,23.30,11.15
22/04/2025 06:30,22/04/2025 07:00,25.58,12.15
22/04/2025 07:00,22/04/2025 07:30,24.34,11.61
22/04/2025 07:30,22/04/2025 08:00,25.74,12.22
22/04/2025 08:00,22/04/2025 08:30,23.29,11.14
22/04/2025 08:30,22/04/2025 09:00,20.73,10.02
22/04/2025 09:00,22/04/2025 09:30,18.52,9.05
22/04/2025 09:30,22/04/2025 10:00,16.34,8.09
22/04/2025 10:00,22/04/2025 10:30,17.67,8.67
22/04/2025 10:30,22/04/2025 11:00,16.10,7.98
22/04/2025 11:00,22/04/2025 11:30,15.88,7.88
22/04/2025 11:30,22/04/2025 12:00,15.66,7.79
22/04/2025 12:00,22/04/2025 12:30,15.21,7.59
22/04/2025 12:30,22/04/2025 13:00,14.99,7.50
22/04/2025 13:00,22/04/2025 13:30,15.35,7.66
22/04/2025 13:30,22/04/2025 14:00,14.86,7.44
22/04/2025 14:00,22/04/2025 14:30,14.98,7.49
22/04/2025 14:30,22/04/2025 15:00,14.77,7.40
22/04/2025 15:00,22/04/2025 15:30,16.32,8.08
22/04/2025 15:30,22/04/2025 16:00,16.98,8.37
22/04/2025 16:00,22/04/2025 16:30,31.33,12.53
22/04/2025 16:30,22/04/2025 17:00,31.99,12.82
22/04/2025 17:00,22/04/2025 17:30,34.04,13.72
22/04/2025 17:30,22/04/2025 18:00,35.15,14.21
22/04/2025 18:00,22/04/2025 18:30,37.80,15.37
22/04/2025 18:30,22/04/2025 19:00,38.03,15.47
22/04/2025 19:00,22/04/2025 19:30,24.68,11.76
22/04/2025 19:30,22/04/2025 20:00,24.78,11.80
22/04/2025 20:00,22/04/2025 20:30,25.49,12.11
22/04/2025 20:30,22/04/2025 21:00,23.90,11.41
22/04/2025 21:00,22/04/2025 21:30,22.57,10.83
22/04/2025 21:30,22/04/2025 22:00,18.74,9.14
22/04/2025 22:00,22/04/2025 22:30,17.28,8.50
22/04/2025 22:30,22/04/2025 23:00,15.88,7.88
22/04/2025 23:00,22/04/2025 23:30,17.42,8.56
22/04/2025 23:30,23/04/2025 00:00,15.77,7.84
23/04/2025 00:00,23/04/2025 00:30,15.77,7.84
23/04/2025 00:30,23/04/2025 01:00,15.77,7.84
23/04/2025 01:00,23/04/2025 01:30,15.92,7.90
23/04/2025 01:30,23/04/2025 02:00,16.27,8.06
23/04/2025 02:00,23/04/2025 02:30,16.62,8.21
23/04/2025 02:30,23/04/2025 03:00,16.32,8.08
23/04/2025 03:00,23/04/2025 03:30,15.77,7.84
23/04/2025 03:30,23/04/2025 04:00,15.77,7.84
23/04/2025 04:00,23/04/2025 04:30,16.62,8.21
23/04/2025 04:30,23/04/2025 05:00,15.77,7.84
23/04/2025 05:00,23/04/2025 05:30,16.98,8.37
23/04/2025 05:30,23/04/2025 06:00,18.08,8.85
23/04/2025 06:00,23/04/2025 06:30,20.46,9.90
23/04/2025 06:30,23/04/2025 07:00,23.59,11.28
23/04/2025 07:00,23/04/2025 07:30,21.36,10.30
23/04/2025 07:30,23/04/2025 08:00,24.25,11.57
23/04/2025 08:00,23/04/2025 08:30,21.39,10.31
23/04/2025 08:30,23/04/2025 09:00,19.84,9.63
23/04/2025 09:00,23/04/2025 09:30,19.93,9.67
23/04/2025 09:30,23/04/2025 10:00,19.12,9.31
23/04/2025 10:00,23/04/2025 10:30,18.92,9.22
23/04/2025 10:30,23/04/2025 11:00,17.86,8.76
23/04/2025 11:00,23/04/2025 11:30,17.66,8.67
23/04/2025 11:30,23/04/2025 12:00,16.88,8.33
23/04/2025 12:00,23/04/2025 12:30,16.65,8.22
23/04/2025 12:30,23/04/2025 13:00,16.53,8.17
23/04/2025 13:00,23/04/2025 13:30,17.46,8.58
23/04/2025 13:30,23/04/2025 14:00,16.92,8.34
23/04/2025 14:00,23/04/2025 14:30,16.86,8.32
23/04/2025 14:30,23/04/2025 15:00,16.86,8.32
23/04/2025 15:00,23/04/2025 15:30,16.40,8.12
23/04/2025 15:30,23/04/2025 16:00,17.42,8.56
23/04/2025 16:00,23/04/2025 16:30,31.07,12.41
23/04/2025 16:30,23/04/2025 17:00,32.66,13.11
23/04/2025 17:00,23/04/2025 17:30,33.98,13.69
23/04/2025 17:30,23/04/2025 18:00,35.70,14.45
23/04/2025 18:00,23/04/2025 18:30,37.68,15.32
23/04/2025 18:30,23/04/2025 19:00,37.82,15.38
23/04/2025 19:00,23/04/2025 19:30,23.86,11.39
23/04/2025 19:30,23/04/2025 20:00,25.14,11.96
23/04/2025 20:00,23/04/2025 20:30,24.17,11.53
23/04/2025 20:30,23/04/2025 21:00,24.24,11.57
23/04/2025 21:00,23/04/2025 21:30,21.01,10.14
23/04/2025 21:30,23/04/2025 22:00,19.58,9.51
23/04/2025 22:00,23/04/2025 22:30,18.96,9.24
23/04/2025 22:30,23/04/2025 23:00,17.64,8.66
23/04/2025 23:00,23/04/2025 23:30,18.52,9.05
23/04/2025 23:30,24/04/2025 00:00,16.13,8.00
24/04/2025 00:00,24/04/2025 00:30,15.69,7.80
24/04/2025 00:30,24/04/2025 01:00,15.66,7.79
24/04/2025 01:00,24/04/2025 01:30,15.66,7.79
24/04/2025 01:30,24/04/2025 02:00,15.66,7.79
24/04/2025 02:00,24/04/2025 02:30,15.98,7.93
24/04/2025 02:30,24/04/2025 03:00,15.66,7.79
24/04/2025 03:00,24/04/2025 03:30,16.76,8.27
24/04/2025 03:30,24/04/2025 04:00,16.10,7.98
24/04/2025 04:00,24/04/2025 04:30,16.98,8.37
24/04/2025 04:30,24/04/2025 05:00,15.66,7.79
24/04/2025 05:00,24/04/2025 05:30,17.98,8.81
24/04/2025 05:30,24/04/2025 06:00,17.86,8.76
24/04/2025 06:00,24/04/2025 06:30,18.74,9.14
24/04/2025 06:30,24/04/2025 07:00,22.05,10.60
24/04/2025 07:00,24/04/2025 07:30,20.73,10.02
24/04/2025 07:30,24/04/2025 08:00,22.46,10.78
24/04/2025 08:00,24/04/2025 08:30,20.99,10.13
24/04/2025 08:30,24/04/2025 09:00,19.82,9.62
24/04/2025 09:00,24/04/2025 09:30,21.52,10.37
24/04/2025 09:30,24/04/2025 10:00,19.82,9.62
24/04/2025 10:00,24/04/2025 10:30,18.90,9.21
24/04/2025 10:30,24/04/2025 11:00,18.16,8.89
24/04/2025 11:00,24/04/2025 11:30,17.01,8.38
24/04/2025 11:30,24/04/2025 12:00,16.31,8.08
24/04/2025 12:00,24/04/2025 12:30,16.20,8.03
24/04/2025 12:30,24/04/2025 13:00,15.59,7.76
24/04/2025 13:00,24/04/2025 13:30,16.58,8.19
24/04/2025 13:30,24/04/2025 14:00,15.66,7.79
24/04/2025 14:00,24/04/2025 14:30,16.31,8.08
24/04/2025 14:30,24/04/2025 15:00,16.32,8.08
24/04/2025 15:00,24/04/2025 15:30,15.93,7.91
24/04/2025 15:30,24/04/2025 16:00,16.32,8.08
24/04/2025 16:00,24/04/2025 16:30,29.96,11.93
24/04/2025 16:30,24/04/2025 17:00,30.58,12.19
24/04/2025 17:00,24/04/2025 17:30,29.96,11.93
24/04/2025 17:30,24/04/2025 18:00,32.33,12.97
24/04/2025 18:00,24/04/2025 18:30,33.72,13.58
24/04/2025 18:30,24/04/2025 19:00,34.16,13.77
24/04/2025 19:00,24/04/2025 19:30,20.81,10.06
24/04/2025 19:30,24/04/2025 20:00,21.70,10.45
24/04/2025 20:00,24/04/2025 20:30,21.50,10.36
24/04/2025 20:30,24/04/2025 21:00,21.59,10.40
24/04/2025 21:00,24/04/2025 21:30,20.97,10.12
24/04/2025 21:30,24/04/2025 22:00,17.20,8.47
24/04/2025 22:00,24/04/2025 22:30,17.40,8.55
24/04/2025 22:30,24/04/2025 23:00,16.54,8.18
24/04/2025 23:00,24/04/2025 23:30,17.86,8.76
24/04/2025 23:30,25/04/2025 00:00,16.50,8.16
25/04/2025 00:00,25/04/2025 00:30,15.21,7.59
25/04/2025 00:30,25/04/2025 01:00,14.66,7.35
25/04/2025 01:00,25/04/2025 01:30,15.50,7.72
25/04/2025 01:30,25/04/2025 02:00,15.57,7.75
25/04/2025 02:00,25/04/2025 02:30,15.94,7.91
25/04/2025 02:30,25/04/2025 03:00,15.25,7.60
25/04/2025 03:00,25/04/2025 03:30,16.23,8.04
25/04/2025 03:30,25/04/2025 04:00,15.52,7.73
25/04/2025 04:00,25/04/2025 04:30,16.72,8.25
25/04/2025 04:30,25/04/2025 05:00,15.21,7.59
25/04/2025 05:00,25/04/2025 05:30,17.42,8.56
25/04/2025 05:30,25/04/2025 06:00,17.30,8.51
25/04/2025 06:00,25/04/2025 06:30,19.87,9.64
25/04/2025 06:30,25/04/2025 07:00,21.83,10.50
25/04/2025 07:00,25/04/2025 07:30,21.52,10.37
25/04/2025 07:30,25/04/2025 08:00,22.05,10.60
25/04/2025 08:00,25/04/2025 08:30,21.85,10.51
25/04/2025 08:30,25/04/2025 09:00,20.27,9.81
25/04/2025 09:00,25/04/2025 09:30,20.68,10.00
25/04/2025 09:30,25/04/2025 10:00,18.87,9.20
25/04/2025 10:00,25/04/2025 10:30,17.35,8.53
25/04/2025 10:30,25/04/2025 11:00,16.50,8.16
25/04/2025 11:00,25/04/2025 11:30,17.20,8.47
25/04/2025 11:30,25/04/2025 12:00,16.78,8.28
25/04/2025 12:00,25/04/2025 12:30,16.78,8.28
25/04/2025 12:30,25/04/2025 13:00,16.12,7.99
25/04/2025 13:00,25/04/2025 13:30,16.12,7.99
25/04/2025 13:30,25/04/2025 14:00,15.13,7.55
25/04/2025 14:00,25/04/2025 14:30,15.04,7.52
25/04/2025 14:30,25/04/2025 15:00,14.80,7.41
25/04/2025 15:00,25/04/2025 15:30,15.06,7.52
25/04/2025 15:30,25/04/2025 16:00,15.44,7.69
25/04/2025 16:00,25/04/2025 16:30,28.73,11.38
25/04/2025 16:30,25/04/2025 17:00,29.59,11.76
25/04/2025 17:00,25/04/2025 17:30,31.93,12.79
25/04/2025 17:30,25/04/2025 18:00,33.41,13.44
25/04/2025 18:00,25/04/2025 18:30,35.48,14.35
25/04/2025 18:30,25/04/2025 19:00,35.70,14.45
25/04/2025 19:00,25/04/2025 19:30,22.49,10.79
25/04/2025 19:30,25/04/2025 20:00,22.93,10.99
25/04/2025 20:00,25/04/2025 20:30,21.52,10.37
25/04/2025 20:30,25/04/2025 21:00,21.52,10.37
25/04/2025 21:00,25/04/2025 21:30,20.64,9.98
25/04/2025 21:30,25/04/2025 22:00,19.07,9.29
25/04/2025 22:00,25/04/2025 22:30,17.20,8.47
25/04/2025 22:30,25/04/2025 23:00,16.54,8.18
25/04/2025 23:00,25/04/2025 23:30,18.96,9.24
25/04/2025 23:30,26/04/2025 00:00,18.19,8.90
26/04/2025 00:00,26/04/2025 00:30,16.12,7.99
26/04/2025 00:30,26/04/2025 01:00,15.92,7.90
26/04/2025 01:00,26/04/2025 01:30,15.63,7.78
26/04/2025 01:30,26/04/2025 02:00,15.68,7.79
26/04/2025 02:00,26/04/2025 02:30,16.16,8.01
26/04/2025 02:30,26/04/2025 03:00,15.37,7.66
26/04/2025 03:00,26/04/2025 03:30,15.89,7.89
26/04/2025 03:30,26/04/2025 04:00,15.36,7.66
26/04/2025 04:00,26/04/2025 04:30,16.32,8.08
26/04/2025 04:30,26/04/2025 05:00,16.30,8.07
26/04/2025 05:00,26/04/2025 05:30,16.26,8.05
26/04/2025 05:30,26/04/2025 06:00,15.83,7.86
26/04/2025 06:00,26/04/2025 06:30,16.76,8.27
26/04/2025 06:30,26/04/2025 07:00,17.38,8.54
26/04/2025 07:00,26/04/2025 07:30,17.64,8.66
26/04/2025 07:30,26/04/2025 08:00,17.86,8.76
26/04/2025 08:00,26/04/2025 08:30,19.26,9.37
26/04/2025 08:30,26/04/2025 09:00,18.93,9.23
26/04/2025 09:00,26/04/2025 09:30,20.09,9.74
26/04/2025 09:30,26/04/2025 10:00,18.81,9.17
26/04/2025 10:00,26/04/2025 10:30,20.42,9.88
26/04/2025 10:30,26/04/2025 11:00,19.67,9.55
26/04/2025 11:00,26/04/2025 11:30,17.68,8.68
26/04/2025 11:30,26/04/2025 12:00,16.32,8.08
26/04/2025 12:00,26/04/2025 12:30,16.12,7.99
26/04/2025 12:30,26/04/2025 13:00,15.62,7.77
26/04/2025 13:00,26/04/2025 13:30,15.44,7.69
26/04/2025 13:30,26/04/2025 14:00,14.85,7.43
26/04/2025 14:00,26/04/2025 14:30,15.45,7.69
26/04/2025 14:30,26/04/2025 15:00,15.44,7.69
26/04/2025 15:00,26/04/2025 15:30,15.21,7.59
26/04/2025 15:30,26/04/2025 16:00,15.68,7.79
26/04/2025 16:00,26/04/2025 16:30,27.99,11.06
26/04/2025 16:30,26/04/2025 17:00,29.24,11.61
26/04/2025 17:00,26/04/2025 17:30,29.09,11.54
26/04/2025 17:30,26/04/2025 18:00,31.18,12.46
26/04/2025 18:00,26/04/2025 18:30,30.51,12.17
26/04/2025 18:30,26/04/2025 19:00,32.61,13.09
26/04/2025 19:00,26/04/2025 19:30,21.65,10.43
26/04/2025 19:30,26/04/2025 20:00,21.69,10.44
26/04/2025 20:00,26/04/2025 20:30,21.01,10.14
26/04/2025 20:30,26/04/2025 21:00,21.39,10.31
26/04/2025 21:00,26/04/2025 21:30,19.69,9.56
26/04/2025 21:30,26/04/2025 22:00,17.60,8.64
26/04/2025 22:00,26/04/2025 22:30,17.02,8.39
26/04/2025 22:30,26/04/2025 23:00,16.39,8.11
26/04/2025 23:00,26/04/2025 23:30,16.76,8.27
26/04/2025 23:30,27/04/2025 00:00,16.65,8.22
27/04/2025 00:00,27/04/2025 00:30,16.54,8.18
27/04/2025 00:30,27/04/2025 01:00,17.42,8.56
27/04/2025 01:00,27/04/2025 01:30,16.41,8.12
27/04/2025 01:30,27/04/2025 02:00,16.36,8.10
27/04/2025 02:00,27/04/2025 02:30,18.47,9.03
27/04/2025 02:30,27/04/2025 03:00,15.72,7.82
27/04/2025 03:00,27/04/2025 03:30,15.25,7.61
27/04/2025 03:30,27/04/2025 04:00,14.74,7.38
27/04/2025 04:00,27/04/2025 04:30,15.66,7.79
27/04/2025 04:30,27/04/2025 05:00,13.89,7.01
27/04/2025 05:00,27/04/2025 05:30,14.10,7.11
27/04/2025 05:30,27/04/2025 06:00,14.05,7.08
27/04/2025 06:00,27/04/2025 06:30,11.84,6.11
27/04/2025 06:30,27/04/2025 07:00,12.35,6.33
27/04/2025 07:00,27/04/2025 07:30,8.84,4.79
27/04/2025 07:30,27/04/2025 08:00,9.70,5.17
27/04/2025 08:00,27/04/2025 08:30,4.41,2.84
27/04/2025 08:30,27/04/2025 09:00,2.43,1.97
27/04/2025 09:00,27/04/2025 09:30,4.59,2.92
27/04/2025 09:30,27/04/2025 10:00,1.76,1.68
27/04/2025 10:00,27/04/2025 10:30,2.21,1.87
27/04/2025 10:30,27/04/2025 11:00,-0.44,0.71
27/04/2025 11:00,27/04/2025 11:30,-0.60,0.64
27/04/2025 11:30,27/04/2025 12:00,-0.60,0.64
27/04/2025 12:00,27/04/2025 12:30,-0.92,0.49
27/04/2025 12:30,27/04/2025 13:00,-1.98,0.03
27/04/2025 13:00,27/04/2025 13:30,-1.54,0.22
27/04/2025 13:30,27/04/2025 14:00,-1.10,0.42
27/04/2025 14:00,27/04/2025 14:30,-0.80,0.55
27/04/2025 14:30,27/04/2025 15:00,-0.60,0.64
27/04/2025 15:00,27/04/2025 15:30,1.56,1.59
27/04/2025 15:30,27/04/2025 16:00,4.33,2.80
27/04/2025 16:00,27/04/2025 16:30,18.06,6.69
27/04/2025 16:30,27/04/2025 17:00,21.89,8.38
27/04/2025 17:00,27/04/2025 17:30,30.85,12.32
27/04/2025 17:30,27/04/2025 18:00,30.32,12.08
27/04/2025 18:00,27/04/2025 18:30,33.24,13.37
27/04/2025 18:30,27/04/2025 19:00,33.49,13.48
27/04/2025 19:00,27/04/2025 19:30,20.81,10.06
27/04/2025 19:30,27/04/2025 20:00,20.95,10.12
27/04/2025 20:00,27/04/2025 20:30,18.82,9.18
27/04/2025 20:30,27/04/2025 21:00,19.05,9.28
27/04/2025 21:00,27/04/2025 21:30,19.10,9.30
27/04/2025 21:30,27/04/2025 22:00,16.76,8.27
27/04/2025 22:00,27/04/2025 22:30,16.25,8.05
27/04/2025 22:30,27/04/2025 23:00,12.89,6.57
27/04/2025 23:00,27/04/2025 23:30,17.31,8.52
27/04/2025 23:30,28/04/2025 00:00,13.45,6.82
28/04/2025 00:00,28/04/2025 00:30,14.55,7.30
28/04/2025 00:30,28/04/2025 01:00,14.47,7.26
28/04/2025 01:00,28/04/2025 01:30,14.11,7.11
28/04/2025 01:30,28/04/2025 02:00,13.53,6.86
28/04/2025 02:00,28/04/2025 02:30,15.02,7.51
28/04/2025 02:30,28/04/2025 03:00,13.61,6.88
28/04/2025 03:00,28/04/2025 03:30,16.31,8.08
28/04/2025 03:30,28/04/2025 04:00,14.69,7.36
28/04/2025 04:00,28/04/2025 04:30,17.54,8.61
28/04/2025 04:30,28/04/2025 05:00,14.19,7.14
28/04/2025 05:00,28/04/2025 05:30,17.20,8.47
28/04/2025 05:30,28/04/2025 06:00,16.92,8.34
28/04/2025 06:00,28/04/2025 06:30,19.03,9.27
28/04/2025 06:30,28/04/2025 07:00,21.91,10.54
28/04/2025 07:00,28/04/2025 07:30,18.52,9.05
28/04/2025 07:30,28/04/2025 08:00,21.13,10.19
28/04/2025 08:00,28/04/2025 08:30,21.87,10.52
28/04/2025 08:30,28/04/2025 09:00,18.51,9.05
28/04/2025 09:00,28/04/2025 09:30,16.40,8.11
28/04/2025 09:30,28/04/2025 10:00,14.62,7.33
28/04/2025 10:00,28/04/2025 10:30,14.62,7.33
28/04/2025 10:30,28/04/2025 11:00,13.45,6.82
28/04/2025 11:00,28/04/2025 11:30,13.67,6.91
28/04/2025 11:30,28/04/2025 12:00,13.06,6.65
28/04/2025 12:00,28/04/2025 12:30,12.79,6.53
28/04/2025 12:30,28/04/2025 13:00,12.45,6.38
28/04/2025 13:00,28/04/2025 13:30,14.07,7.09
28/04/2025 13:30,28/04/2025 14:00,12.79,6.53
28/04/2025 14:00,28/04/2025 14:30,13.13,6.67
28/04/2025 14:30,28/04/2025 15:00,13.41,6.80
28/04/2025 15:00,28/04/2025 15:30,12.79,6.53
28/04/2025 15:30,28/04/2025 16:00,14.61,7.33
28/04/2025 16:00,28/04/2025 16:30,27.10,10.67
28/04/2025 16:30,28/04/2025 17:00,28.82,11.42
28/04/2025 17:00,28/04/2025 17:30,29.63,11.78
28/04/2025 17:30,28/04/2025 18:00,31.95,12.80
28/04/2025 18:00,28/04/2025 18:30,35.26,14.26
28/04/2025 18:30,28/04/2025 19:00,36.16,14.65
28/04/2025 19:00,28/04/2025 19:30,22.87,10.96
28/04/2025 19:30,28/04/2025 20:00,23.81,11.37
28/04/2025 20:00,28/04/2025 20:30,22.23,10.68
28/04/2025 20:30,28/04/2025 21:00,22.05,10.60
28/04/2025 21:00,28/04/2025 21:30,21.61,10.41
28/04/2025 21:30,28/04/2025 22:00,17.42,8.56
28/04/2025 22:00,28/04/2025 22:30,18.52,9.05
28/04/2025 22:30,28/04/2025 23:00,14.77,7.40
28/04/2025 23:00,28/04/2025 23:30,19.40,9.44
28/04/2025 23:30,29/04/2025 00:00,18.00,8.82
29/04/2025 00:00,29/04/2025 00:30,16.54,8.18
29/04/2025 00:30,29/04/2025 01:00,16.54,8.18
29/04/2025 01:00,29/04/2025 01:30,16.32,8.08
29/04/2025 01:30,29/04/2025 02:00,17.00,8.38
29/04/2025 02:00,29/04/2025 02:30,16.76,8.27
29/04/2025 02:30,29/04/2025 03:00,15.76,7.83
29/04/2025 03:00,29/04/2025 03:30,16.12,7.99
29/04/2025 03:30,29/04/2025 04:00,15.68,7.80
29/04/2025 04:00,29/04/2025 04:30,16.05,7.96
29/04/2025 04:30,29/04/2025 05:00,15.44,7.69
29/04/2025 05:00,29/04/2025 05:30,18.72,9.14
29/04/2025 05:30,29/04/2025 06:00,20.29,9.82
29/04/2025 06:00,29/04/2025 06:30,20.66,9.99
29/04/2025 06:30,29/04/2025 07:00,23.64,11.30
29/04/2025 07:00,29/04/2025 07:30,18.83,9.18
29/04/2025 07:30,29/04/2025 08:00,21.63,10.42
29/04/2025 08:00,29/04/2025 08:30,20.95,10.12
29/04/2025 08:30,29/04/2025 09:00,17.38,8.54
29/04/2025 09:00,29/04/2025 09:30,17.42,8.56
29/04/2025 09:30,29/04/2025 10:00,15.19,7.58
29/04/2025 10:00,29/04/2025 10:30,15.75,7.83
29/04/2025 10:30,29/04/2025 11:00,15.76,7.83
29/04/2025 11:00,29/04/2025 11:30,15.66,7.79
29/04/2025 11:30,29/04/2025 12:00,14.11,7.11
29/04/2025 12:00,29/04/2025 12:30,14.42,7.24
29/04/2025 12:30,29/04/2025 13:00,13.76,6.95
29/04/2025 13:00,29/04/2025 13:30,14.04,7.07
29/04/2025 13:30,29/04/2025 14:00,13.23,6.72
29/04/2025 14:00,29/04/2025 14:30,13.23,6.72
29/04/2025 14:30,29/04/2025 15:00,13.78,6.96
29/04/2025 15:00,29/04/2025 15:30,13.89,7.01
29/04/2025 15:30,29/04/2025 16:00,14.77,7.40
29/04/2025 16:00,29/04/2025 16:30,27.76,10.96
29/04/2025 16:30,29/04/2025 17:00,28.42,11.25
29/04/2025 17:00,29/04/2025 17:30,31.68,12.68
29/04/2025 17:30,29/04/2025 18:00,31.68,12.68
29/04/2025 18:00,29/04/2025 18:30,36.14,14.64
29/04/2025 18:30,29/04/2025 19:00,36.58,14.84
29/04/2025 19:00,29/04/2025 19:30,22.27,10.70
29/04/2025 19:30,29/04/2025 20:00,23.29,11.14
29/04/2025 20:00,29/04/2025 20:30,22.24,10.68
29/04/2025 20:30,29/04/2025 21:00,22.60,10.84
29/04/2025 21:00,29/04/2025 21:30,22.05,10.60
29/04/2025 21:30,29/04/2025 22:00,18.72,9.14
29/04/2025 22:00,29/04/2025 22:30,17.46,8.58
29/04/2025 22:30,29/04/2025 23:00,15.76,7.83
29/04/2025 23:00,29/04/2025 23:30,17.20,8.47
29/04/2025 23:30,30/04/2025 00:00,17.64,8.66
30/04/2025 00:00,30/04/2025 00:30,15.72,7.82
30/04/2025 00:30,30/04/2025 01:00,15.44,7.69
30/04/2025 01:00,30/04/2025 01:30,14.35,7.21
30/04/2025 01:30,30/04/2025 02:00,15.52,7.73
30/04/2025 02:00,30/04/2025 02:30,15.68,7.80
30/04/2025 02:30,30/04/2025 03:00,15.77,7.84
30/04/2025 03:00,30/04/2025 03:30,15.02,7.51
30/04/2025 03:30,30/04/2025 04:00,14.85,7.43
30/04/2025 04:00,30/04/2025 04:30,15.77,7.84
30/04/2025 04:30,30/04/2025 05:00,14.85,7.43
30/04/2025 05:00,30/04/2025 05:30,20.94,10.11
30/04/2025 05:30,30/04/2025 06:00,22.27,10.70
30/04/2025 06:00,30/04/2025 06:30,21.37,10.30
30/04/2025 06:30,30/04/2025 07:00,24.25,11.57
30/04/2025 07:00,30/04/2025 07:30,21.83,10.50
30/04/2025 07:30,30/04/2025 08:00,21.83,10.50
30/04/2025 08:00,30/04/2025 08:30,21.17,10.21
30/04/2025 08:30,30/04/2025 09:00,17.98,8.81
30/04/2025 09:00,30/04/2025 09:30,18.03,8.83
30/04/2025 09:30,30/04/2025 10:00,16.65,8.22
30/04/2025 10:00,30/04/2025 10:30,19.16,9.33
30/04/2025 10:30,30/04/2025 11:00,18.08,8.85
30/04/2025 11:00,30/04/2025 11:30,17.64,8.66
30/04/2025 11:30,30/04/2025 12:00,15.21,7.59
30/04/2025 12:00,30/04/2025 12:30,14.33,7.20
30/04/2025 12:30,30/04/2025 13:00,14.33,7.20
30/04/2025 13:00,30/04/2025 13:30,14.33,7.20
30/04/2025 13:30,30/04/2025 14:00,14.01,7.06
30/04/2025 14:00,30/04/2025 14:30,14.01,7.06
30/04/2025 14:30,30/04/2025 15:00,14.33,7.20
30/04/2025 15:00,30/04/2025 15:30,14.33,7.20
30/04/2025 15:30,30/04/2025 16:00,14.33,7.20
30/04/2025 16:00,30/04/2025 16:30,27.98,11.06
30/04/2025 16:30,30/04/2025 17:00,27.98,11.06
30/04/2025 17:00,30/04/2025 17:30,29.09,11.54
30/04/2025 17:30,30/04/2025 18:00,30.43,12.13
30/04/2025 18:00,30/04/2025 18:30,33.94,13.67
30/04/2025 18:30,30/04/2025 19:00,35.08,14.18
30/04/2025 19:00,30/04/2025 19:30,23.71,11.33
30/04/2025 19:30,30/04/2025 20:00,23.61,11.29
30/04/2025 20:00,30/04/2025 20:30,22.55,10.82
30/04/2025 20:30,30/04/2025 21:00,23.81,11.38
30/04/2025 21:00,30/04/2025 21:30,20.95,10.12
30/04/2025 21:30,30/04/2025 22:00,16.09,7.98
30/04/2025 22:00,30/04/2025 22:30,17.20,8.47
30/04/2025 22:30,30/04/2025 23:00,15.64,7.78
30/04/2025 23:00,30/04/2025 23:30,17.42,8.56
30/04/2025 23:30,01/05/2025 00:00,17.80,8.73
01/05/2025 00:00,01/05/2025 00:30,17.71,8.69
01/05/2025 00:30,01/05/2025 01:00,18.61,9.08
01/05/2025 01:00,01/05/2025 01:30,17.85,8.75
01/05/2025 01:30,01/05/2025 02:00,18.14,8.88
01/05/2025 02:00,01/05/2025 02:30,17.90,8.78
01/05/2025 02:30,01/05/2025 03:00,17.28,8.50
01/05/2025 03:00,01/05/2025 03:30,17.50,8.60
01/05/2025 03:30,01/05/2025 04:00,17.20,8.47
01/05/2025 04:00,01/05/2025 04:30,17.86,8.76
01/05/2025 04:30,01/05/2025 05:00,17.64,8.66
01/05/2025 05:00,01/05/2025 05:30,17.48,8.59
01/05/2025 05:30,01/05/2025 06:00,18.90,9.21
01/05/2025 06:00,01/05/2025 06:30,15.99,7.94
01/05/2025 06:30,01/05/2025 07:00,20.22,9.79
01/05/2025 07:00,01/05/2025 07:30,21.61,10.41
01/05/2025 07:30,01/05/2025 08:00,21.83,10.50
01/05/2025 08:00,01/05/2025 08:30,21.61,10.41
01/05/2025 08:30,01/05/2025 09:00,19.62,9.53
01/05/2025 09:00,01/05/2025 09:30,18.72,9.14
01/05/2025 09:30,01/05/2025 10:00,14.77,7.40
01/05/2025 10:00,01/05/2025 10:30,15.99,7.94
01/05/2025 10:30,01/05/2025 11:00,15.99,7.94
01/05/2025 11:00,01/05/2025 11:30,15.77,7.84
01/05/2025 11:30,01/05/2025 12:00,14.33,7.20
01/05/2025 12:00,01/05/2025 12:30,15.57,7.75
01/05/2025 12:30,01/05/2025 13:00,15.48,7.71
01/05/2025 13:00,01/05/2025 13:30,14.99,7.50
01/05/2025 13:30,01/05/2025 14:00,13.89,7.01
01/05/2025 14:00,01/05/2025 14:30,13.01,6.62
01/05/2025 14:30,01/05/2025 15:00,13.67,6.91
01/05/2025 15:00,01/05/2025 15:30,14.11,7.11
01/05/2025 15:30,01/05/2025 16:00,14.49,7.27
01/05/2025 16:00,01/05/2025 16:30,28.20,11.15
01/05/2025 16:30,01/05/2025 17:00,28.20,11.15
01/05/2025 17:00,01/05/2025 17:30,30.63,12.22
01/05/2025 17:30,01/05/2025 18:00,30.63,12.22
01/05/2025 18:00,01/05/2025 18:30,36.34,14.73
01/05/2025 18:30,01/05/2025 19:00,35.06,14.17
01/05/2025 19:00,01/05/2025 19:30,22.76,10.92
01/05/2025 19:30,01/05/2025 20:00,22.77,10.92
01/05/2025 20:00,01/05/2025 20:30,20.88,10.09
01/05/2025 20:30,01/05/2025 21:00,22.33,10.72
01/05/2025 21:00,01/05/2025 21:30,21.61,10.41
01/05/2025 21:30,01/05/2025 22:00,16.61,8.21
01/05/2025 22:00,01/05/2025 22:30,16.70,8.24
01/05/2025 22:30,01/05/2025 23:00,15.99,7.94
01/05/2025 23:00,01/05/2025 23:30,19.84,9.63
01/05/2025 23:30,02/05/2025 00:00,17.62,8.65
02/05/2025 00:00,02/05/2025 00:30,16.10,7.98
02/05/2025 00:30,02/05/2025 01:00,16.13,7.99
02/05/2025 01:00,02/05/2025 01:30,14.55,7.30
02/05/2025 01:30,02/05/2025 02:00,14.33,7.20
02/05/2025 02:00,02/05/2025 02:30,13.23,6.72
02/05/2025 02:30,02/05/2025 03:00,13.23,6.72
02/05/2025 03:00,02/05/2025 03:30,13.45,6.82
02/05/2025 03:30,02/05/2025 04:00,13.45,6.82
02/05/2025 04:00,02/05/2025 04:30,13.45,6.82
02/05/2025 04:30,02/05/2025 05:00,13.44,6.81
02/05/2025 05:00,02/05/2025 05:30,16.09,7.97
02/05/2025 05:30,02/05/2025 06:00,16.54,8.18
02/05/2025 06:00,02/05/2025 06:30,17.86,8.76
02/05/2025 06:30,02/05/2025 07:00,20.51,9.92
02/05/2025 07:00,02/05/2025 07:30,20.73,10.02
02/05/2025 07:30,02/05/2025 08:00,22.05,10.60
02/05/2025 08:00,02/05/2025 08:30,21.35,10.29
02/05/2025 08:30,02/05/2025 09:00,19.40,9.44
02/05/2025 09:00,02/05/2025 09:30,19.84,9.63
02/05/2025 09:30,02/05/2025 10:00,18.08,8.85
02/05/2025 10:00,02/05/2025 10:30,18.08,8.85
02/05/2025 10:30,02/05/2025 11:00,16.92,8.34
02/05/2025 11:00,02/05/2025 11:30,17.16,8.45
02/05/2025 11:30,02/05/2025 12:00,15.30,7.63
02/05/2025 12:00,02/05/2025 12:30,16.94,8.35
02/05/2025 12:30,02/05/2025 13:00,15.48,7.71
02/05/2025 13:00,02/05/2025 13:30,14.50,7.28
02/05/2025 13:30,02/05/2025 14:00,13.23,6.72
02/05/2025 14:00,02/05/2025 14:30,13.23,6.72
02/05/2025 14:30,02/05/2025 15:00,13.23,6.72
02/05/2025 15:00,02/05/2025 15:30,13.23,6.72
02/05/2025 15:30,02/05/2025 16:00,13.45,6.82
02/05/2025 16:00,02/05/2025 16:30,26.88,10.57
02/05/2025 16:30,02/05/2025 17:00,27.76,10.96
02/05/2025 17:00,02/05/2025 17:30,30.18,12.02
02/05/2025 17:30,02/05/2025 18:00,29.47,11.71
02/05/2025 18:00,02/05/2025 18:30,32.69,13.12
02/05/2025 18:30,02/05/2025 19:00,33.39,13.43
02/05/2025 19:00,02/05/2025 19:30,21.83,10.50
02/05/2025 19:30,02/05/2025 20:00,22.49,10.79
02/05/2025 20:00,02/05/2025 20:30,20.73,10.02
02/05/2025 20:30,02/05/2025 21:00,21.50,10.36
02/05/2025 21:00,02/05/2025 21:30,19.40,9.44
02/05/2025 21:30,02/05/2025 22:00,15.88,7.88
02/05/2025 22:00,02/05/2025 22:30,15.88,7.88
02/05/2025 22:30,02/05/2025 23:00,15.82,7.86
02/05/2025 23:00,02/05/2025 23:30,17.20,8.47
02/05/2025 23:30,03/05/2025 00:00,16.32,8.08
03/05/2025 00:00,03/05/2025 00:30,16.98,8.37
03/05/2025 00:30,03/05/2025 01:00,16.98,8.37
03/05/2025 01:00,03/05/2025 01:30,16.94,8.35
03/05/2025 01:30,03/05/2025 02:00,16.81,8.29
03/05/2025 02:00,03/05/2025 02:30,16.10,7.98
03/05/2025 02:30,03/05/2025 03:00,15.83,7.87
03/05/2025 03:00,03/05/2025 03:30,16.26,8.06
03/05/2025 03:30,03/05/2025 04:00,16.26,8.06
03/05/2025 04:00,03/05/2025 04:30,18.05,8.84
03/05/2025 04:30,03/05/2025 05:00,17.80,8.73
03/05/2025 05:00,03/05/2025 05:30,18.46,9.02
03/05/2025 05:30,03/05/2025 06:00,18.30,8.95
03/05/2025 06:00,03/05/2025 06:30,17.64,8.66
03/05/2025 06:30,03/05/2025 07:00,18.05,8.84
03/05/2025 07:00,03/05/2025 07:30,16.94,8.35
03/05/2025 07:30,03/05/2025 08:00,18.26,8.93
03/05/2025 08:00,03/05/2025 08:30,12.17,6.25
03/05/2025 08:30,03/05/2025 09:00,13.41,6.80
03/05/2025 09:00,03/05/2025 09:30,9.12,4.91
03/05/2025 09:30,03/05/2025 10:00,5.07,3.13
03/05/2025 10:00,03/05/2025 10:30,6.66,3.83
03/05/2025 10:30,03/05/2025 11:00,1.98,1.77
03/05/2025 11:00,03/05/2025 11:30,3.17,2.30
03/05/2025 11:30,03/05/2025 12:00,1.76,1.68
03/05/2025 12:00,03/05/2025 12:30,1.36,1.50
03/05/2025 12:30,03/05/2025 13:00,0.53,1.13
03/05/2025 13:00,03/05/2025 13:30,0.24,1.01
03/05/2025 13:30,03/05/2025 14:00,0.22,1.00
03/05/2025 14:00,03/05/2025 14:30,0.38,1.07
03/05/2025 14:30,03/05/2025 15:00,0.44,1.09
03/05/2025 15:00,03/05/2025 15:30,0.59,1.16
03/05/2025 15:30,03/05/2025 16:00,0.02,0.91
03/05/2025 16:00,03/05/2025 16:30,15.86,5.72
03/05/2025 16:30,03/05/2025 17:00,19.44,7.30
03/05/2025 17:00,03/05/2025 17:30,21.88,8.37
03/05/2025 17:30,03/05/2025 18:00,27.87,11.01
03/05/2025 18:00,03/05/2025 18:30,26.02,10.19
03/05/2025 18:30,03/05/2025 19:00,28.64,11.35
03/05/2025 19:00,03/05/2025 19:30,15.35,7.65
03/05/2025 19:30,03/05/2025 20:00,16.18,8.02
03/05/2025 20:00,03/05/2025 20:30,15.21,7.59
03/05/2025 20:30,03/05/2025 21:00,16.50,8.15
03/05/2025 21:00,03/05/2025 21:30,18.30,8.95
03/05/2025 21:30,03/05/2025 22:00,18.30,8.95
03/05/2025 22:00,03/05/2025 22:30,16.54,8.18
03/05/2025 22:30,03/05/2025 23:00,14.68,7.36
03/05/2025 23:00,03/05/2025 23:30,15.02,7.51
03/05/2025 23:30,04/05/2025 00:00,9.42,5.04
04/05/2025 00:00,04/05/2025 00:30,10.58,5.56
04/05/2025 00:30,04/05/2025 01:00,10.14,5.36
04/05/2025 01:00,04/05/2025 01:30,10.14,5.36
04/05/2025 01:30,04/05/2025 02:00,10.58,5.56
04/05/2025 02:00,04/05/2025 02:30,6.46,3.74
04/05/2025 02:30,04/05/2025 03:00,4.55,2.90
04/05/2025 03:00,04/05/2025 03:30,5.29,3.23
04/05/2025 03:30,04/05/2025 04:00,3.31,2.36
04/05/2025 04:00,04/05/2025 04:30,4.75,2.99
04/05/2025 04:30,04/05/2025 05:00,3.88,2.61
04/05/2025 05:00,04/05/2025 05:30,4.19,2.74
04/05/2025 05:30,04/05/2025 06:00,3.53,2.45
04/05/2025 06:00,04/05/2025 06:30,4.41,2.84
04/05/2025 06:30,04/05/2025 07:00,5.07,3.13
04/05/2025 07:00,04/05/2025 07:30,1.97,1.77
04/05/2025 07:30,04/05/2025 08:00,2.44,1.97
04/05/2025 08:00,04/05/2025 08:30,2.21,1.87
04/05/2025 08:30,04/05/2025 09:00,3.53,2.45
04/05/2025 09:00,04/05/2025 09:30,2.21,1.87
04/05/2025 09:30,04/05/2025 10:00,2.44,1.97
04/05/2025 10:00,04/05/2025 10:30,2.87,2.16
04/05/2025 10:30,04/05/2025 11:00,2.43,1.97
04/05/2025 11:00,04/05/2025 11:30,2.82,2.14
04/05/2025 11:30,04/05/2025 12:00,2.80,2.13
04/05/2025 12:00,04/05/2025 12:30,2.87,2.16
04/05/2025 12:30,04/05/2025 13:00,4.85,3.03
04/05/2025 13:00,04/05/2025 13:30,2.21,1.87
04/05/2025 13:30,04/05/2025 14:00,1.57,1.59
04/05/2025 14:00,04/05/2025 14:30,3.31,2.36
04/05/2025 14:30,04/05/2025 15:00,4.59,2.92
04/05/2025 15:00,04/05/2025 15:30,4.41,2.84
04/05/2025 15:30,04/05/2025 16:00,6.95,3.96
04/05/2025 16:00,04/05/2025 16:30,23.59,9.12
04/05/2025 16:30,04/05/2025 17:00,24.68,9.60
04/05/2025 17:00,04/05/2025 17:30,28.55,11.30
04/05/2025 17:30,04/05/2025 18:00,31.86,12.76
04/05/2025 18:00,04/05/2025 18:30,30.41,12.12
04/05/2025 18:30,04/05/2025 19:00,30.85,12.32
04/05/2025 19:00,04/05/2025 19:30,22.05,10.60
04/05/2025 19:30,04/05/2025 20:00,21.89,10.53
04/05/2025 20:00,04/05/2025 20:30,22.05,10.60
04/05/2025 20:30,04/05/2025 21:00,21.61,10.41
04/05/2025 21:00,04/05/2025 21:30,21.83,10.50
04/05/2025 21:30,04/05/2025 22:00,20.73,10.02
04/05/2025 22:00,04/05/2025 22:30,18.96,9.24
04/05/2025 22:30,04/05/2025 23:00,13.67,6.91
04/05/2025 23:00,04/05/2025 23:30,16.85,8.31
04/05/2025 23:30,05/05/2025 00:00,15.84,7.87
05/05/2025 00:00,05/05/2025 00:30,16.54,8.18
05/05/2025 00:30,05/05/2025 01:00,15.33,7.64
05/05/2025 01:00,05/05/2025 01:30,14.51,7.28
05/05/2025 01:30,05/05/2025 02:00,15.84,7.87
05/05/2025 02:00,05/05/2025 02:30,17.72,8.70
05/05/2025 02:30,05/05/2025 03:00,16.40,8.12
05/05/2025 03:00,05/05/2025 03:30,15.24,7.60
05/05/2025 03:30,05/05/2025 04:00,14.11,7.11
05/05/2025 04:00,05/05/2025 04:30,18.52,9.05
05/05/2025 04:30,05/05/2025 05:00,16.76,8.27
05/05/2025 05:00,05/05/2025 05:30,20.95,10.12
05/05/2025 05:30,05/05/2025 06:00,21.39,10.31
05/05/2025 06:00,05/05/2025 06:30,20.73,10.02
05/05/2025 06:30,05/05/2025 07:00,20.81,10.06
05/05/2025 07:00,05/05/2025 07:30,18.35,8.97
05/05/2025 07:30,05/05/2025 08:00,21.39,10.31
05/05/2025 08:00,05/05/2025 08:30,14.99,7.50
05/05/2025 08:30,05/05/2025 09:00,16.67,8.23
05/05/2025 09:00,05/05/2025 09:30,16.19,8.02
05/05/2025 09:30,05/05/2025 10:00,16.54,8.18
05/05/2025 10:00,05/05/2025 10:30,16.32,8.08
05/05/2025 10:30,05/05/2025 11:00,16.93,8.35
05/05/2025 11:00,05/05/2025 11:30,16.10,7.98
05/05/2025 11:30,05/05/2025 12:00,16.45,8.14
05/05/2025 12:00,05/05/2025 12:30,17.42,8.56
05/05/2025 12:30,05/05/2025 13:00,16.29,8.06
05/05/2025 13:00,05/05/2025 13:30,16.62,8.21
05/05/2025 13:30,05/05/2025 14:00,15.88,7.88
05/05/2025 14:00,05/05/2025 14:30,15.84,7.87
05/05/2025 14:30,05/05/2025 15:00,15.46,7.70
05/05/2025 15:00,05/05/2025 15:30,15.66,7.79
05/05/2025 15:30,05/05/2025 16:00,16.03,7.95
05/05/2025 16:00,05/05/2025 16:30,30.41,12.12
05/05/2025 16:30,05/05/2025 17:00,30.41,12.12
05/05/2025 17:00,05/05/2025 17:30,31.63,12.66
05/05/2025 17:30,05/05/2025 18:00,30.41,12.12
05/05/2025 18:00,05/05/2025 18:30,32.39,13.00
05/05/2025 18:30,05/05/2025 19:00,33.49,13.48
05/05/2025 19:00,05/05/2025 19:30,20.19,9.78
05/05/2025 19:30,05/05/2025 20:00,20.73,10.02
05/05/2025 20:00,05/05/2025 20:30,21.75,10.46
05/05/2025 20:30,05/05/2025 21:00,21.89,10.53
05/05/2025 21:00,05/05/2025 21:30,20.29,9.82
05/05/2025 21:30,05/05/2025 22:00,19.84,9.63
05/05/2025 22:00,05/05/2025 22:30,20.07,9.73
05/05/2025 22:30,05/05/2025 23:00,17.44,8.57
05/05/2025 23:00,05/05/2025 23:30,17.64,8.66
05/05/2025 23:30,06/05/2025 00:00,15.73,7.82
06/05/2025 00:00,06/05/2025 00:30,14.89,7.45
06/05/2025 00:30,06/05/2025 01:00,14.89,7.45
06/05/2025 01:00,06/05/2025 01:30,15.66,7.79
06/05/2025 01:30,06/05/2025 02:00,15.92,7.90
06/05/2025 02:00,06/05/2025 02:30,16.89,8.33
06/05/2025 02:30,06/05/2025 03:00,15.69,7.80
06/05/2025 03:00,06/05/2025 03:30,15.96,7.92
06/05/2025 03:30,06/05/2025 04:00,14.86,7.44
06/05/2025 04:00,06/05/2025 04:30,15.13,7.55
06/05/2025 04:30,06/05/2025 05:00,14.33,7.20
06/05/2025 05:00,06/05/2025 05:30,17.86,8.76
06/05/2025 05:30,06/05/2025 06:00,20.51,9.92
06/05/2025 06:00,06/05/2025 06:30,20.24,9.81
06/05/2025 06:30,06/05/2025 07:00,21.95,10.55
06/05/2025 07:00,06/05/2025 07:30,20.20,9.79
06/05/2025 07:30,06/05/2025 08:00,22.41,10.76
06/05/2025 08:00,06/05/2025 08:30,21.83,10.50
06/05/2025 08:30,06/05/2025 09:00,20.73,10.02
06/05/2025 09:00,06/05/2025 09:30,20.73,10.02
06/05/2025 09:30,06/05/2025 10:00,19.40,9.44
06/05/2025 10:00,06/05/2025 10:30,17.90,8.78
06/05/2025 10:30,06/05/2025 11:00,17.86,8.76
06/05/2025 11:00,06/05/2025 11:30,18.08,8.85
06/05/2025 11:30,06/05/2025 12:00,17.54,8.61
06/05/2025 12:00,06/05/2025 12:30,16.58,8.20
06/05/2025 12:30,06/05/2025 13:00,16.09,7.98
06/05/2025 13:00,06/05/2025 13:30,15.93,7.91
06/05/2025 13:30,06/05/2025 14:00,14.99,7.50
06/05/2025 14:00,06/05/2025 14:30,16.08,7.97
06/05/2025 14:30,06/05/2025 15:00,15.66,7.79
06/05/2025 15:00,06/05/2025 15:30,14.99,7.50
06/05/2025 15:30,06/05/2025 16:00,15.66,7.79
06/05/2025 16:00,06/05/2025 16:30,29.31,11.64
06/05/2025 16:30,06/05/2025 17:00,29.97,11.93
06/05/2025 17:00,06/05/2025 17:30,31.99,12.82
06/05/2025 17:30,06/05/2025 18:00,32.39,13.00
06/05/2025 18:00,06/05/2025 18:30,36.63,14.86
06/05/2025 18:30,06/05/2025 19:00,36.77,14.92
06/05/2025 19:00,06/05/2025 19:30,24.80,11.81
06/05/2025 19:30,06/05/2025 20:00,25.14,11.96
06/05/2025 20:00,06/05/2025 20:30,24.03,11.47
06/05/2025 20:30,06/05/2025 21:00,23.92,11.42
06/05/2025 21:00,06/05/2025 21:30,24.25,11.57
06/05/2025 21:30,06/05/2025 22:00,20.24,9.80
06/05/2025 22:00,06/05/2025 22:30,17.88,8.77
06/05/2025 22:30,06/05/2025 23:00,14.37,7.22
06/05/2025 23:00,06/05/2025 23:30,16.98,8.37
06/05/2025 23:30,07/05/2025 00:00,16.10,7.98
07/05/2025 00:00,07/05/2025 00:30,16.76,8.27
07/05/2025 00:30,07/05/2025 01:00,17.20,8.47
07/05/2025 01:00,07/05/2025 01:30,16.10,7.98
07/05/2025 01:30,07/05/2025 02:00,16.10,7.98
07/05/2025 02:00,07/05/2025 02:30,16.10,7.98
07/05/2025 02:30,07/05/2025 03:00,16.10,7.98
07/05/2025 03:00,07/05/2025 03:30,18.59,9.08
07/05/2025 03:30,07/05/2025 04:00,17.62,8.65
07/05/2025 04:00,07/05/2025 04:30,18.65,9.10
07/05/2025 04:30,07/05/2025 05:00,17.24,8.48
07/05/2025 05:00,07/05/2025 05:30,19.40,9.44
07/05/2025 05:30,07/05/2025 06:00,21.61,10.41
07/05/2025 06:00,07/05/2025 06:30,23.07,11.05
07/05/2025 06:30,07/05/2025 07:00,25.05,11.92
07/05/2025 07:00,07/05/2025 07:30,23.15,11.08
07/05/2025 07:30,07/05/2025 08:00,23.81,11.38
07/05/2025 08:00,07/05/2025 08:30,21.69,10.44
07/05/2025 08:30,07/05/2025 09:00,19.81,9.62
07/05/2025 09:00,07/05/2025 09:30,19.20,9.35
07/05/2025 09:30,07/05/2025 10:00,17.50,8.60
07/05/2025 10:00,07/05/2025 10:30,17.09,8.42
07/05/2025 10:30,07/05/2025 11:00,16.30,8.07
07/05/2025 11:00,07/05/2025 11:30,16.98,8.37
07/05/2025 11:30,07/05/2025 12:00,16.64,8.22
07/05/2025 12:00,07/05/2025 12:30,16.80,8.29
07/05/2025 12:30,07/05/2025 13:00,16.18,8.02
07/05/2025 13:00,07/05/2025 13:30,16.88,8.33
07/05/2025 13:30,07/05/2025 14:00,16.56,8.18
07/05/2025 14:00,07/05/2025 14:30,16.10,7.98
07/05/2025 14:30,07/05/2025 15:00,16.10,7.98
07/05/2025 15:00,07/05/2025 15:30,16.10,7.98
07/05/2025 15:30,07/05/2025 16:00,16.76,8.27
07/05/2025 16:00,07/05/2025 16:30,30.86,12.32
07/05/2025 16:30,07/05/2025 17:00,30.41,12.12
07/05/2025 17:00,07/05/2025 17:30,33.05,13.29
07/05/2025 17:30,07/05/2025 18:00,34.22,13.80
07/05/2025 18:00,07/05/2025 18:30,37.41,15.20
07/05/2025 18:30,07/05/2025 19:00,37.82,15.38
07/05/2025 19:00,07/05/2025 19:30,24.90,11.85
07/05/2025 19:30,07/05/2025 20:00,24.55,11.70
07/05/2025 20:00,07/05/2025 20:30,24.25,11.57
07/05/2025 20:30,07/05/2025 21:00,24.25,11.57
07/05/2025 21:00,07/05/2025 21:30,20.97,10.12
07/05/2025 21:30,07/05/2025 22:00,18.32,8.96
07/05/2025 22:00,07/05/2025 22:30,17.68,8.68
07/05/2025 22:30,07/05/2025 23:00,17.16,8.45
07/05/2025 23:00,07/05/2025 23:30,18.42,9.00
07/05/2025 23:30,08/05/2025 00:00,16.42,8.12
08/05/2025 00:00,08/05/2025 00:30,16.42,8.12
08/05/2025 00:30,08/05/2025 01:00,17.07,8.41
08/05/2025 01:00,08/05/2025 01:30,16.80,8.29
08/05/2025 01:30,08/05/2025 02:00,16.98,8.37
08/05/2025 02:00,08/05/2025 02:30,16.75,8.27
08/05/2025 02:30,08/05/2025 03:00,15.70,7.81
08/05/2025 03:00,08/05/2025 03:30,16.76,8.27
08/05/2025 03:30,08/05/2025 04:00,16.57,8.19
08/05/2025 04:00,08/05/2025 04:30,18.48,9.03
08/05/2025 04:30,08/05/2025 05:00,16.76,8.27
08/05/2025 05:00,08/05/2025 05:30,20.29,9.82
08/05/2025 05:30,08/05/2025 06:00,22.05,10.60
08/05/2025 06:00,08/05/2025 06:30,23.52,11.25
08/05/2025 06:30,08/05/2025 07:00,24.97,11.89
08/05/2025 07:00,08/05/2025 07:30,22.05,10.60
08/05/2025 07:30,08/05/2025 08:00,23.53,11.25
08/05/2025 08:00,08/05/2025 08:30,21.17,10.21
08/05/2025 08:30,08/05/2025 09:00,19.62,9.53
08/05/2025 09:00,08/05/2025 09:30,19.84,9.63
08/05/2025 09:30,08/05/2025 10:00,18.18,8.90
08/05/2025 10:00,08/05/2025 10:30,16.62,8.21
08/05/2025 10:30,08/05/2025 11:00,15.15,7.56
08/05/2025 11:00,08/05/2025 11:30,15.68,7.80
08/05/2025 11:30,08/05/2025 12:00,15.21,7.59
08/05/2025 12:00,08/05/2025 12:30,16.76,8.27
08/05/2025 12:30,08/05/2025 13:00,16.03,7.95
08/05/2025 13:00,08/05/2025 13:30,15.69,7.80
08/05/2025 13:30,08/05/2025 14:00,15.13,7.56
08/05/2025 14:00,08/05/2025 14:30,16.45,8.14
08/05/2025 14:30,08/05/2025 15:00,15.21,7.59
08/05/2025 15:00,08/05/2025 15:30,15.74,7.83
08/05/2025 15:30,08/05/2025 16:00,16.76,8.27
08/05/2025 16:00,08/05/2025 16:30,29.85,11.88
08/05/2025 16:30,08/05/2025 17:00,31.99,12.82
08/05/2025 17:00,08/05/2025 17:30,32.26,12.93
08/05/2025 17:30,08/05/2025 18:00,32.51,13.04
08/05/2025 18:00,08/05/2025 18:30,35.66,14.43
08/05/2025 18:30,08/05/2025 19:00,36.58,14.84
08/05/2025 19:00,08/05/2025 19:30,25.14,11.96
08/05/2025 19:30,08/05/2025 20:00,25.58,12.15
08/05/2025 20:00,08/05/2025 20:30,25.76,12.23
08/05/2025 20:30,08/05/2025 21:00,25.22,12.00
08/05/2025 21:00,08/05/2025 21:30,21.87,10.52
08/05/2025 21:30,08/05/2025 22:00,19.91,9.66
08/05/2025 22:00,08/05/2025 22:30,19.25,9.37
08/05/2025 22:30,08/05/2025 23:00,16.76,8.27
08/05/2025 23:00,08/05/2025 23:30,21.17,10.21
08/05/2025 23:30,09/05/2025 00:00,18.96,9.24
09/05/2025 00:00,09/05/2025 00:30,17.42,8.56
09/05/2025 00:30,09/05/2025 01:00,18.52,9.05
09/05/2025 01:00,09/05/2025 01:30,18.26,8.93
09/05/2025 01:30,09/05/2025 02:00,18.24,8.92
09/05/2025 02:00,09/05/2025 02:30,18.30,8.95
09/05/2025 02:30,09/05/2025 03:00,16.98,8.37
09/05/2025 03:00,09/05/2025 03:30,18.96,9.24
09/05/2025 03:30,09/05/2025 04:00,17.64,8.66
09/05/2025 04:00,09/05/2025 04:30,17.82,8.74
09/05/2025 04:30,09/05/2025 05:00,17.47,8.59
09/05/2025 05:00,09/05/2025 05:30,19.84,9.63
09/05/2025 05:30,09/05/2025 06:00,22.53,10.81
09/05/2025 06:00,09/05/2025 06:30,22.83,10.94
09/05/2025 06:30,09/05/2025 07:00,25.40,12.07
09/05/2025 07:00,09/05/2025 07:30,20.17,9.77
09/05/2025 07:30,09/05/2025 08:00,21.56,10.38
09/05/2025 08:00,09/05/2025 08:30,18.71,9.13
09/05/2025 08:30,09/05/2025 09:00,17.01,8.38
09/05/2025 09:00,09/05/2025 09:30,18.92,9.22
09/05/2025 09:30,09/05/2025 10:00,18.08,8.85
09/05/2025 10:00,09/05/2025 10:30,17.64,8.66
09/05/2025 10:30,09/05/2025 11:00,17.42,8.56
09/05/2025 11:00,09/05/2025 11:30,18.30,8.95
09/05/2025 11:30,09/05/2025 12:00,17.64,8.66
09/05/2025 12:00,09/05/2025 12:30,17.20,8.47
09/05/2025 12:30,09/05/2025 13:00,16.96,8.36
09/05/2025 13:00,09/05/2025 13:30,15.63,7.78
09/05/2025 13:30,09/05/2025 14:00,14.77,7.40
09/05/2025 14:00,09/05/2025 14:30,14.55,7.30
09/05/2025 14:30,09/05/2025 15:00,13.89,7.01
09/05/2025 15:00,09/05/2025 15:30,14.55,7.30
09/05/2025 15:30,09/05/2025 16:00,16.34,8.09
09/05/2025 16:00,09/05/2025 16:30,28.39,11.23
09/05/2025 16:30,09/05/2025 17:00,27.68,10.92
09/05/2025 17:00,09/05/2025 17:30,31.29,12.51
09/05/2025 17:30,09/05/2025 18:00,31.63,12.66
09/05/2025 18:00,09/05/2025 18:30,32.83,13.19
09/05/2025 18:30,09/05/2025 19:00,35.00,14.14
09/05/2025 19:00,09/05/2025 19:30,23.86,11.39
09/05/2025 19:30,09/05/2025 20:00,24.19,11.54
09/05/2025 20:00,09/05/2025 20:30,23.91,11.42
09/05/2025 20:30,09/05/2025 21:00,23.99,11.46
09/05/2025 21:00,09/05/2025 21:30,21.30,10.27
09/05/2025 21:30,09/05/2025 22:00,20.35,9.85
09/05/2025 22:00,09/05/2025 22:30,18.96,9.24
09/05/2025 22:30,09/05/2025 23:00,17.79,8.72
09/05/2025 23:00,09/05/2025 23:30,18.96,9.24
09/05/2025 23:30,10/05/2025 00:00,19.81,9.61
10/05/2025 00:00,10/05/2025 00:30,17.86,8.76
10/05/2025 00:30,10/05/2025 01:00,18.06,8.84
10/05/2025 01:00,10/05/2025 01:30,17.09,8.42
10/05/2025 01:30,10/05/2025 02:00,17.73,8.70
10/05/2025 02:00,10/05/2025 02:30,17.75,8.71
10/05/2025 02:30,10/05/2025 03:00,16.32,8.08
10/05/2025 03:00,10/05/2025 03:30,16.75,8.27
10/05/2025 03:30,10/05/2025 04:00,16.32,8.08
10/05/2025 04:00,10/05/2025 04:30,18.97,9.25
10/05/2025 04:30,10/05/2025 05:00,17.42,8.56
10/05/2025 05:00,10/05/2025 05:30,17.25,8.49
10/05/2025 05:30,10/05/2025 06:00,18.49,9.03
10/05/2025 06:00,10/05/2025 06:30,18.34,8.97
10/05/2025 06:30,10/05/2025 07:00,18.49,9.03
10/05/2025 07:00,10/05/2025 07:30,16.40,8.12
10/05/2025 07:30,10/05/2025 08:00,18.22,8.91
10/05/2025 08:00,10/05/2025 08:30,18.00,8.82
10/05/2025 08:30,10/05/2025 09:00,16.77,8.27
10/05/2025 09:00,10/05/2025 09:30,16.93,8.35
10/05/2025 09:30,10/05/2025 10:00,16.72,8.25
10/05/2025 10:00,10/05/2025 10:30,16.54,8.18
10/05/2025 10:30,10/05/2025 11:00,14.46,7.26
10/05/2025 11:00,10/05/2025 11:30,8.38,4.59
10/05/2025 11:30,10/05/2025 12:00,6.62,3.81
10/05/2025 12:00,10/05/2025 12:30,6.73,3.86
10/05/2025 12:30,10/05/2025 13:00,5.00,3.10
10/05/2025 13:00,10/05/2025 13:30,5.29,3.23
10/05/2025 13:30,10/05/2025 14:00,2.21,1.87
10/05/2025 14:00,10/05/2025 14:30,6.13,3.60
10/05/2025 14:30,10/05/2025 15:00,3.09,2.26
10/05/2025 15:00,10/05/2025 15:30,6.90,3.94
10/05/2025 15:30,10/05/2025 16:00,6.83,3.90
10/05/2025 16:00,10/05/2025 16:30,21.37,8.14
10/05/2025 16:30,10/05/2025 17:00,22.71,8.74
10/05/2025 17:00,10/05/2025 17:30,31.57,12.64
10/05/2025 17:30,10/05/2025 18:00,32.35,12.98
10/05/2025 18:00,10/05/2025 18:30,33.03,13.28
10/05/2025 18:30,10/05/2025 19:00,33.67,13.56
10/05/2025 19:00,10/05/2025 19:30,23.37,11.18
10/05/2025 19:30,10/05/2025 20:00,24.25,11.57
10/05/2025 20:00,10/05/2025 20:30,23.57,11.27
10/05/2025 20:30,10/05/2025 21:00,23.57,11.27
10/05/2025 21:00,10/05/2025 21:30,20.55,9.94
10/05/2025 21:30,10/05/2025 22:00,19.84,9.63
10/05/2025 22:00,10/05/2025 22:30,16.94,8.35
10/05/2025 22:30,10/05/2025 23:00,16.54,8.18
10/05/2025 23:00,10/05/2025 23:30,18.42,9.00
10/05/2025 23:30,11/05/2025 00:00,17.60,8.64
11/05/2025 00:00,11/05/2025 00:30,17.86,8.76
11/05/2025 00:30,11/05/2025 01:00,19.40,9.44
11/05/2025 01:00,11/05/2025 01:30,16.54,8.18
11/05/2025 01:30,11/05/2025 02:00,15.77,7.84
11/05/2025 02:00,11/05/2025 02:30,16.76,8.27
11/05/2025 02:30,11/05/2025 03:00,16.11,7.98
11/05/2025 03:00,11/05/2025 03:30,16.40,8.12
11/05/2025 03:30,11/05/2025 04:00,15.17,7.57
11/05/2025 04:00,11/05/2025 04:30,17.84,8.75
11/05/2025 04:30,11/05/2025 05:00,16.54,8.18
11/05/2025 05:00,11/05/2025 05:30,16.79,8.29
11/05/2025 05:30,11/05/2025 06:00,16.98,8.37
11/05/2025 06:00,11/05/2025 06:30,13.21,6.71
11/05/2025 06:30,11/05/2025 07:00,14.57,7.31
11/05/2025 07:00,11/05/2025 07:30,8.82,4.78
11/05/2025 07:30,11/05/2025 08:00,10.76,5.63
11/05/2025 08:00,11/05/2025 08:30,6.26,3.65
11/05/2025 08:30,11/05/2025 09:00,8.40,4.60
11/05/2025 09:00,11/05/2025 09:30,8.18,4.50
11/05/2025 09:30,11/05/2025 10:00,7.28,4.10
11/05/2025 10:00,11/05/2025 10:30,9.18,4.94
11/05/2025 10:30,11/05/2025 11:00,7.53,4.21
11/05/2025 11:00,11/05/2025 11:30,7.14,4.04
11/05/2025 11:30,11/05/2025 12:00,3.99,2.66
11/05/2025 12:00,11/05/2025 12:30,3.17,2.30
11/05/2025 12:30,11/05/2025 13:00,3.53,2.45
11/05/2025 13:00,11/05/2025 13:30,5.06,3.13
11/05/2025 13:30,11/05/2025 14:00,5.73,3.42
11/05/2025 14:00,11/05/2025 14:30,4.65,2.95
11/05/2025 14:30,11/05/2025 15:00,7.30,4.11
11/05/2025 15:00,11/05/2025 15:30,5.85,3.47
11/05/2025 15:30,11/05/2025 16:00,8.16,4.49
11/05/2025 16:00,11/05/2025 16:30,24.76,9.64
11/05/2025 16:30,11/05/2025 17:00,28.11,11.11
11/05/2025 17:00,11/05/2025 17:30,31.14,12.45
11/05/2025 17:30,11/05/2025 18:00,31.07,12.41
11/05/2025 18:00,11/05/2025 18:30,34.16,13.77
11/05/2025 18:30,11/05/2025 19:00,33.74,13.59
11/05/2025 19:00,11/05/2025 19:30,22.75,10.91
11/05/2025 19:30,11/05/2025 20:00,22.77,10.92
11/05/2025 20:00,11/05/2025 20:30,20.86,10.08
11/05/2025 20:30,11/05/2025 21:00,20.77,10.04
11/05/2025 21:00,11/05/2025 21:30,18.80,9.17
11/05/2025 21:30,11/05/2025 22:00,17.07,8.41
11/05/2025 22:00,11/05/2025 22:30,15.91,7.90
11/05/2025 22:30,11/05/2025 23:00,14.53,7.29
11/05/2025 23:00,11/05/2025 23:30,14.56,7.31
11/05/2025 23:30,12/05/2025 00:00,14.11,7.11
12/05/2025 00:00,12/05/2025 00:30,14.53,7.29
12/05/2025 00:30,12/05/2025 01:00,14.33,7.20
12/05/2025 01:00,12/05/2025 01:30,14.37,7.22
12/05/2025 01:30,12/05/2025 02:00,14.37,7.22
12/05/2025 02:00,12/05/2025 02:30,14.99,7.50
12/05/2025 02:30,12/05/2025 03:00,14.33,7.20
12/05/2025 03:00,12/05/2025 03:30,14.64,7.34
12/05/2025 03:30,12/05/2025 04:00,14.11,7.11
12/05/2025 04:00,12/05/2025 04:30,15.83,7.87
12/05/2025 04:30,12/05/2025 05:00,14.99,7.50
12/05/2025 05:00,12/05/2025 05:30,16.81,8.29
12/05/2025 05:30,12/05/2025 06:00,16.54,8.18
12/05/2025 06:00,12/05/2025 06:30,16.54,8.18
12/05/2025 06:30,12/05/2025 07:00,19.23,9.36
12/05/2025 07:00,12/05/2025 07:30,19.84,9.63
12/05/2025 07:30,12/05/2025 08:00,21.52,10.37
12/05/2025 08:00,12/05/2025 08:30,20.73,10.02
12/05/2025 08:30,12/05/2025 09:00,19.91,9.66
12/05/2025 09:00,12/05/2025 09:30,20.81,10.06
12/05/2025 09:30,12/05/2025 10:00,19.40,9.44
12/05/2025 10:00,12/05/2025 10:30,18.81,9.17
12/05/2025 10:30,12/05/2025 11:00,19.26,9.37
12/05/2025 11:00,12/05/2025 11:30,18.97,9.24
12/05/2025 11:30,12/05/2025 12:00,17.86,8.76
12/05/2025 12:00,12/05/2025 12:30,16.56,8.19
12/05/2025 12:30,12/05/2025 13:00,16.58,8.19
12/05/2025 13:00,12/05/2025 13:30,14.95,7.48
12/05/2025 13:30,12/05/2025 14:00,14.94,7.47
12/05/2025 14:00,12/05/2025 14:30,15.37,7.66
12/05/2025 14:30,12/05/2025 15:00,15.37,7.66
12/05/2025 15:00,12/05/2025 15:30,14.55,7.30
12/05/2025 15:30,12/05/2025 16:00,15.44,7.69
12/05/2025 16:00,12/05/2025 16:30,29.57,11.75
12/05/2025 16:30,12/05/2025 17:00,29.97,11.93
12/05/2025 17:00,12/05/2025 17:30,31.11,12.43
12/05/2025 17:30,12/05/2025 18:00,32.17,12.90
12/05/2025 18:00,12/05/2025 18:30,35.10,14.19
12/05/2025 18:30,12/05/2025 19:00,35.42,14.32
12/05/2025 19:00,12/05/2025 19:30,21.69,10.44
12/05/2025 19:30,12/05/2025 20:00,22.93,10.99
12/05/2025 20:00,12/05/2025 20:30,21.95,10.55
12/05/2025 20:30,12/05/2025 21:00,22.05,10.60
12/05/2025 21:00,12/05/2025 21:30,20.21,9.79
12/05/2025 21:30,12/05/2025 22:00,18.19,8.90
12/05/2025 22:00,12/05/2025 22:30,16.98,8.37
12/05/2025 22:30,12/05/2025 23:00,15.52,7.73
12/05/2025 23:00,12/05/2025 23:30,16.89,8.33
12/05/2025 23:30,13/05/2025 00:00,16.14,8.00
13/05/2025 00:00,13/05/2025 00:30,15.17,7.57
13/05/2025 00:30,13/05/2025 01:00,14.83,7.42
13/05/2025 01:00,13/05/2025 01:30,14.55,7.30
13/05/2025 01:30,13/05/2025 02:00,14.84,7.43
13/05/2025 02:00,13/05/2025 02:30,15.33,7.64
13/05/2025 02:30,13/05/2025 03:00,14.96,7.48
13/05/2025 03:00,13/05/2025 03:30,15.29,7.63
13/05/2025 03:30,13/05/2025 04:00,14.99,7.50
13/05/2025 04:00,13/05/2025 04:30,16.14,8.00
13/05/2025 04:30,13/05/2025 05:00,16.10,7.98
13/05/2025 05:00,13/05/2025 05:30,18.04,8.83
13/05/2025 05:30,13/05/2025 06:00,17.20,8.47
13/05/2025 06:00,13/05/2025 06:30,21.39,10.31
13/05/2025 06:30,13/05/2025 07:00,23.78,11.36
13/05/2025 07:00,13/05/2025 07:30,22.01,10.58
13/05/2025 07:30,13/05/2025 08:00,24.70,11.76
13/05/2025 08:00,13/05/2025 08:30,23.37,11.18
13/05/2025 08:30,13/05/2025 09:00,20.72,10.01
13/05/2025 09:00,13/05/2025 09:30,20.73,10.02
13/05/2025 09:30,13/05/2025 10:00,19.64,9.54
13/05/2025 10:00,13/05/2025 10:30,17.91,8.78
13/05/2025 10:30,13/05/2025 11:00,16.34,8.09
13/05/2025 11:00,13/05/2025 11:30,16.14,8.00
13/05/2025 11:30,13/05/2025 12:00,14.99,7.50
13/05/2025 12:00,13/05/2025 12:30,14.99,7.50
13/05/2025 12:30,13/05/2025 13:00,14.99,7.50
13/05/2025 13:00,13/05/2025 13:30,14.99,7.50
13/05/2025 13:30,13/05/2025 14:00,14.89,7.45
13/05/2025 14:00,13/05/2025 14:30,15.02,7.51
13/05/2025 14:30,13/05/2025 15:00,14.89,7.45
13/05/2025 15:00,13/05/2025 15:30,14.89,7.45
13/05/2025 15:30,13/05/2025 16:00,15.44,7.69
13/05/2025 16:00,13/05/2025 16:30,28.54,11.30
13/05/2025 16:30,13/05/2025 17:00,28.51,11.29
13/05/2025 17:00,13/05/2025 17:30,28.54,11.30
13/05/2025 17:30,13/05/2025 18:00,30.86,12.32
13/05/2025 18:00,13/05/2025 18:30,34.02,13.71
13/05/2025 18:30,13/05/2025 19:00,34.29,13.83
13/05/2025 19:00,13/05/2025 19:30,23.54,11.25
13/05/2025 19:30,13/05/2025 20:00,23.64,11.30
13/05/2025 20:00,13/05/2025 20:30,23.37,11.18
13/05/2025 20:30,13/05/2025 21:00,23.48,11.23
13/05/2025 21:00,13/05/2025 21:30,21.62,10.41
13/05/2025 21:30,13/05/2025 22:00,21.52,10.37
13/05/2025 22:00,13/05/2025 22:30,20.24,9.80
13/05/2025 22:30,13/05/2025 23:00,17.28,8.50
13/05/2025 23:00,13/05/2025 23:30,18.01,8.82
13/05/2025 23:30,14/05/2025 00:00,17.20,8.47
14/05/2025 00:00,14/05/2025 00:30,16.00,7.94
14/05/2025 00:30,14/05/2025 01:00,15.26,7.61
14/05/2025 01:00,14/05/2025 01:30,15.14,7.56
14/05/2025 01:30,14/05/2025 02:00,15.00,7.50
14/05/2025 02:00,14/05/2025 02:30,15.22,7.60
14/05/2025 02:30,14/05/2025 03:00,14.77,7.40
14/05/2025 03:00,14/05/2025 03:30,14.77,7.40
14/05/2025 03:30,14/05/2025 04:00,14.90,7.45
14/05/2025 04:00,14/05/2025 04:30,15.44,7.69
14/05/2025 04:30,14/05/2025 05:00,14.77,7.40
14/05/2025 05:00,14/05/2025 05:30,15.39,7.67
14/05/2025 05:30,14/05/2025 06:00,16.10,7.98
14/05/2025 06:00,14/05/2025 06:30,17.64,8.66
14/05/2025 06:30,14/05/2025 07:00,20.83,10.07
14/05/2025 07:00,14/05/2025 07:30,18.74,9.14
14/05/2025 07:30,14/05/2025 08:00,20.00,9.70
14/05/2025 08:00,14/05/2025 08:30,19.80,9.61
14/05/2025 08:30,14/05/2025 09:00,16.98,8.37
14/05/2025 09:00,14/05/2025 09:30,16.10,7.98
14/05/2025 09:30,14/05/2025 10:00,14.77,7.40
14/05/2025 10:00,14/05/2025 10:30,15.24,7.60
14/05/2025 10:30,14/05/2025 11:00,15.25,7.60
14/05/2025 11:00,14/05/2025 11:30,14.77,7.40
14/05/2025 11:30,14/05/2025 12:00,14.77,7.40
14/05/2025 12:00,14/05/2025 12:30,14.77,7.40
14/05/2025 12:30,14/05/2025 13:00,14.77,7.40
14/05/2025 13:00,14/05/2025 13:30,14.47,7.26
14/05/2025 13:30,14/05/2025 14:00,14.47,7.26
14/05/2025 14:00,14/05/2025 14:30,14.20,7.15
14/05/2025 14:30,14/05/2025 15:00,14.04,7.08
14/05/2025 15:00,14/05/2025 15:30,14.11,7.11
14/05/2025 15:30,14/05/2025 16:00,14.77,7.40
14/05/2025 16:00,14/05/2025 16:30,28.20,11.15
14/05/2025 16:30,14/05/2025 17:00,29.47,11.71
14/05/2025 17:00,14/05/2025 17:30,28.64,11.35
14/05/2025 17:30,14/05/2025 18:00,30.19,12.02
14/05/2025 18:00,14/05/2025 18:30,31.49,12.60
14/05/2025 18:30,14/05/2025 19:00,32.01,12.83
14/05/2025 19:00,14/05/2025 19:30,21.89,10.53
14/05/2025 19:30,14/05/2025 20:00,22.23,10.68
14/05/2025 20:00,14/05/2025 20:30,21.61,10.41
14/05/2025 20:30,14/05/2025 21:00,21.61,10.41
14/05/2025 21:00,14/05/2025 21:30,21.47,10.35
14/05/2025 21:30,14/05/2025 22:00,19.58,9.51
14/05/2025 22:00,14/05/2025 22:30,16.75,8.27
14/05/2025 22:30,14/05/2025 23:00,14.77,7.40
14/05/2025 23:00,14/05/2025 23:30,17.64,8.66
14/05/2025 23:30,15/05/2025 00:00,20.11,9.75
15/05/2025 00:00,15/05/2025 00:30,16.76,8.27
15/05/2025 00:30,15/05/2025 01:00,16.76,8.27
15/05/2025 01:00,15/05/2025 01:30,15.94,7.91
15/05/2025 01:30,15/05/2025 02:00,15.94,7.91
15/05/2025 02:00,15/05/2025 02:30,16.50,8.15
15/05/2025 02:30,15/05/2025 03:00,15.30,7.63
15/05/2025 03:00,15/05/2025 03:30,15.30,7.63
15/05/2025 03:30,15/05/2025 04:00,14.91,7.46
15/05/2025 04:00,15/05/2025 04:30,17.28,8.50
15/05/2025 04:30,15/05/2025 05:00,16.18,8.02
15/05/2025 05:00,15/05/2025 05:30,16.53,8.17
15/05/2025 05:30,15/05/2025 06:00,15.44,7.69
15/05/2025 06:00,15/05/2025 06:30,14.66,7.35
15/05/2025 06:30,15/05/2025 07:00,19.62,9.53
15/05/2025 07:00,15/05/2025 07:30,21.17,10.21
15/05/2025 07:30,15/05/2025 08:00,21.92,10.54
15/05/2025 08:00,15/05/2025 08:30,21.71,10.45
15/05/2025 08:30,15/05/2025 09:00,20.51,9.92
15/05/2025 09:00,15/05/2025 09:30,19.96,9.68
15/05/2025 09:30,15/05/2025 10:00,18.70,9.13
15/05/2025 10:00,15/05/2025 10:30,18.34,8.97
15/05/2025 10:30,15/05/2025 11:00,17.84,8.75
15/05/2025 11:00,15/05/2025 11:30,17.54,8.61
15/05/2025 11:30,15/05/2025 12:00,18.86,9.19
15/05/2025 12:00,15/05/2025 12:30,18.63,9.10
15/05/2025 12:30,15/05/2025 13:00,17.63,8.65
15/05/2025 13:00,15/05/2025 13:30,15.36,7.66
15/05/2025 13:30,15/05/2025 14:00,15.17,7.57
15/05/2025 14:00,15/05/2025 14:30,14.53,7.29
15/05/2025 14:30,15/05/2025 15:00,14.31,7.20
15/05/2025 15:00,15/05/2025 15:30,13.93,7.03
15/05/2025 15:30,15/05/2025 16:00,13.92,7.02
15/05/2025 16:00,15/05/2025 16:30,28.79,11.41
15/05/2025 16:30,15/05/2025 17:00,29.78,11.84
15/05/2025 17:00,15/05/2025 17:30,29.97,11.93
15/05/2025 17:30,15/05/2025 18:00,30.40,12.12
15/05/2025 18:00,15/05/2025 18:30,32.52,13.05
15/05/2025 18:30,15/05/2025 19:00,33.94,13.67
15/05/2025 19:00,15/05/2025 19:30,22.49,10.79
15/05/2025 19:30,15/05/2025 20:00,22.93,10.99
15/05/2025 20:00,15/05/2025 20:30,22.71,10.89
15/05/2025 20:30,15/05/2025 21:00,22.29,10.71
15/05/2025 21:00,15/05/2025 21:30,22.49,10.79
15/05/2025 21:30,15/05/2025 22:00,21.69,10.44
15/05/2025 22:00,15/05/2025 22:30,18.30,8.95
15/05/2025 22:30,15/05/2025 23:00,16.29,8.06
15/05/2025 23:00,15/05/2025 23:30,17.42,8.56
15/05/2025 23:30,16/05/2025 00:00,17.09,8.42
16/05/2025 00:00,16/05/2025 00:30,16.74,8.26
16/05/2025 00:30,16/05/2025 01:00,15.98,7.93
16/05/2025 01:00,16/05/2025 01:30,16.07,7.97
16/05/2025 01:30,16/05/2025 02:00,15.98,7.93
16/05/2025 02:00,16/05/2025 02:30,16.21,8.03
16/05/2025 02:30,16/05/2025 03:00,15.66,7.79
16/05/2025 03:00,16/05/2025 03:30,14.99,7.50
16/05/2025 03:30,16/05/2025 04:00,14.77,7.40
16/05/2025 04:00,16/05/2025 04:30,15.66,7.79
16/05/2025 04:30,16/05/2025 05:00,15.59,7.76
16/05/2025 05:00,16/05/2025 05:30,14.99,7.50
16/05/2025 05:30,16/05/2025 06:00,15.68,7.80
16/05/2025 06:00,16/05/2025 06:30,16.86,8.32
16/05/2025 06:30,16/05/2025 07:00,19.74,9.58
16/05/2025 07:00,16/05/2025 07:30,20.68,10.00
16/05/2025 07:30,16/05/2025 08:00,21.37,10.30
16/05/2025 08:00,16/05/2025 08:30,20.37,9.86
16/05/2025 08:30,16/05/2025 09:00,18.49,9.03
16/05/2025 09:00,16/05/2025 09:30,17.30,8.51
16/05/2025 09:30,16/05/2025 10:00,15.61,7.77
16/05/2025 10:00,16/05/2025 10:30,16.39,8.11
16/05/2025 10:30,16/05/2025 11:00,16.40,8.11
16/05/2025 11:00,16/05/2025 11:30,17.85,8.75
16/05/2025 11:30,16/05/2025 12:00,15.98,7.93
16/05/2025 12:00,16/05/2025 12:30,14.77,7.40
16/05/2025 12:30,16/05/2025 13:00,13.45,6.82
16/05/2025 13:00,16/05/2025 13:30,11.25,5.85
16/05/2025 13:30,16/05/2025 14:00,10.50,5.52
16/05/2025 14:00,16/05/2025 14:30,8.98,4.85
16/05/2025 14:30,16/05/2025 15:00,8.32,4.56
16/05/2025 15:00,16/05/2025 15:30,9.70,5.17
16/05/2025 15:30,16/05/2025 16:00,9.79,5.21
16/05/2025 16:00,16/05/2025 16:30,26.33,10.33
16/05/2025 16:30,16/05/2025 17:00,27.98,11.06
16/05/2025 17:00,16/05/2025 17:30,30.37,12.10
16/05/2025 17:30,16/05/2025 18:00,30.63,12.22
16/05/2025 18:00,16/05/2025 18:30,30.51,12.17
16/05/2025 18:30,16/05/2025 19:00,30.21,12.03
16/05/2025 19:00,16/05/2025 19:30,18.00,8.82
16/05/2025 19:30,16/05/2025 20:00,19.84,9.63
16/05/2025 20:00,16/05/2025 20:30,20.29,9.82
16/05/2025 20:30,16/05/2025 21:00,20.33,9.84
16/05/2025 21:00,16/05/2025 21:30,22.39,10.75
16/05/2025 21:30,16/05/2025 22:00,22.05,10.60
16/05/2025 22:00,16/05/2025 22:30,21.17,10.21
16/05/2025 22:30,16/05/2025 23:00,18.80,9.17
16/05/2025 23:00,16/05/2025 23:30,16.98,8.37
16/05/2025 23:30,17/05/2025 00:00,14.47,7.26
17/05/2025 00:00,17/05/2025 00:30,15.53,7.73
17/05/2025 00:30,17/05/2025 01:00,16.55,8.18
17/05/2025 01:00,17/05/2025 01:30,16.54,8.18
17/05/2025 01:30,17/05/2025 02:00,16.76,8.27
17/05/2025 02:00,17/05/2025 02:30,16.76,8.27
17/05/2025 02:30,17/05/2025 03:00,15.87,7.88
17/05/2025 03:00,17/05/2025 03:30,16.26,8.05
17/05/2025 03:30,17/05/2025 04:00,16.22,8.03
17/05/2025 04:00,17/05/2025 04:30,16.78,8.28
17/05/2025 04:30,17/05/2025 05:00,16.16,8.01
17/05/2025 05:00,17/05/2025 05:30,16.32,8.08
17/05/2025 05:30,17/05/2025 06:00,16.92,8.34
17/05/2025 06:00,17/05/2025 06:30,16.87,8.32
17/05/2025 06:30,17/05/2025 07:00,18.29,8.95
17/05/2025 07:00,17/05/2025 07:30,16.41,8.12
17/05/2025 07:30,17/05/2025 08:00,17.86,8.76
17/05/2025 08:00,17/05/2025 08:30,18.43,9.01
17/05/2025 08:30,17/05/2025 09:00,18.14,8.88
17/05/2025 09:00,17/05/2025 09:30,18.96,9.24
17/05/2025 09:30,17/05/2025 10:00,17.55,8.62
17/05/2025 10:00,17/05/2025 10:30,17.64,8.66
17/05/2025 10:30,17/05/2025 11:00,17.54,8.61
17/05/2025 11:00,17/05/2025 11:30,14.99,7.50
17/05/2025 11:30,17/05/2025 12:00,13.00,6.62
17/05/2025 12:00,17/05/2025 12:30,12.35,6.33
17/05/2025 12:30,17/05/2025 13:00,8.82,4.78
17/05/2025 13:00,17/05/2025 13:30,7.28,4.10
17/05/2025 13:30,17/05/2025 14:00,4.41,2.84
17/05/2025 14:00,17/05/2025 14:30,5.47,3.31
17/05/2025 14:30,17/05/2025 15:00,4.55,2.90
17/05/2025 15:00,17/05/2025 15:30,6.62,3.81
17/05/2025 15:30,17/05/2025 16:00,6.96,3.96
17/05/2025 16:00,17/05/2025 16:30,19.82,7.47
17/05/2025 16:30,17/05/2025 17:00,26.00,10.18
17/05/2025 17:00,17/05/2025 17:30,28.86,11.44
17/05/2025 17:30,17/05/2025 18:00,29.34,11.65
17/05/2025 18:00,17/05/2025 18:30,30.29,12.07
17/05/2025 18:30,17/05/2025 19:00,29.97,11.93
17/05/2025 19:00,17/05/2025 19:30,21.09,10.18
17/05/2025 19:30,17/05/2025 20:00,21.17,10.21
17/05/2025 20:00,17/05/2025 20:30,22.62,10.85
17/05/2025 20:30,17/05/2025 21:00,21.97,10.56
17/05/2025 21:00,17/05/2025 21:30,21.81,10.49
17/05/2025 21:30,17/05/2025 22:00,21.83,10.50
17/05/2025 22:00,17/05/2025 22:30,19.40,9.44
17/05/2025 22:30,17/05/2025 23:00,17.68,8.68
17/05/2025 23:00,17/05/2025 23:30,19.27,9.38
17/05/2025 23:30,18/05/2025 00:00,20.20,9.79
18/05/2025 00:00,18/05/2025 00:30,18.96,9.24
18/05/2025 00:30,18/05/2025 01:00,18.52,9.05
18/05/2025 01:00,18/05/2025 01:30,17.75,8.71
18/05/2025 01:30,18/05/2025 02:00,18.19,8.90
18/05/2025 02:00,18/05/2025 02:30,18.28,8.94
18/05/2025 02:30,18/05/2025 03:00,17.77,8.72
18/05/2025 03:00,18/05/2025 03:30,18.08,8.85
18/05/2025 03:30,18/05/2025 04:00,17.64,8.66
18/05/2025 04:00,18/05/2025 04:30,17.89,8.77
18/05/2025 04:30,18/05/2025 05:00,17.64,8.66
18/05/2025 05:00,18/05/2025 05:30,17.42,8.56
18/05/2025 05:30,18/05/2025 06:00,17.20,8.47
18/05/2025 06:00,18/05/2025 06:30,16.88,8.33
18/05/2025 06:30,18/05/2025 07:00,17.09,8.42
18/05/2025 07:00,18/05/2025 07:30,17.28,8.50
18/05/2025 07:30,18/05/2025 08:00,19.17,9.33
18/05/2025 08:00,18/05/2025 08:30,16.32,8.08
18/05/2025 08:30,18/05/2025 09:00,16.62,8.21
18/05/2025 09:00,18/05/2025 09:30,17.76,8.71
18/05/2025 09:30,18/05/2025 10:00,16.98,8.37
18/05/2025 10:00,18/05/2025 10:30,17.40,8.55
18/05/2025 10:30,18/05/2025 11:00,16.50,8.16
18/05/2025 11:00,18/05/2025 11:30,15.93,7.91
18/05/2025 11:30,18/05/2025 12:00,13.91,7.02
18/05/2025 12:00,18/05/2025 12:30,12.32,6.32
18/05/2025 12:30,18/05/2025 13:00,10.55,5.54
18/05/2025 13:00,18/05/2025 13:30,10.23,5.40
18/05/2025 13:30,18/05/2025 14:00,7.39,4.15
18/05/2025 14:00,18/05/2025 14:30,7.39,4.15
18/05/2025 14:30,18/05/2025 15:00,9.44,5.05
18/05/2025 15:00,18/05/2025 15:30,8.29,4.55
18/05/2025 15:30,18/05/2025 16:00,11.07,5.77
18/05/2025 16:00,18/05/2025 16:30,26.13,10.24
18/05/2025 16:30,18/05/2025 17:00,30.32,12.08
18/05/2025 17:00,18/05/2025 17:30,33.49,13.48
18/05/2025 17:30,18/05/2025 18:00,30.63,12.22
18/05/2025 18:00,18/05/2025 18:30,31.07,12.41
18/05/2025 18:30,18/05/2025 19:00,31.29,12.51
18/05/2025 19:00,18/05/2025 19:30,20.95,10.12
18/05/2025 19:30,18/05/2025 20:00,20.73,10.02
18/05/2025 20:00,18/05/2025 20:30,22.29,10.71
18/05/2025 20:30,18/05/2025 21:00,23.37,11.18
18/05/2025 21:00,18/05/2025 21:30,23.19,11.10
18/05/2025 21:30,18/05/2025 22:00,22.05,10.60
18/05/2025 22:00,18/05/2025 22:30,22.39,10.75
18/05/2025 22:30,18/05/2025 23:00,18.70,9.13
18/05/2025 23:00,18/05/2025 23:30,18.30,8.95
18/05/2025 23:30,19/05/2025 00:00,20.51,9.92
19/05/2025 00:00,19/05/2025 00:30,19.62,9.53
19/05/2025 00:30,19/05/2025 01:00,19.16,9.33
19/05/2025 01:00,19/05/2025 01:30,18.10,8.86
19/05/2025 01:30,19/05/2025 02:00,18.14,8.88
19/05/2025 02:00,19/05/2025 02:30,18.30,8.95
19/05/2025 02:30,19/05/2025 03:00,17.30,8.51
19/05/2025 03:00,19/05/2025 03:30,17.68,8.68
19/05/2025 03:30,19/05/2025 04:00,16.86,8.32
19/05/2025 04:00,19/05/2025 04:30,17.22,8.48
19/05/2025 04:30,19/05/2025 05:00,17.20,8.47
19/05/2025 05:00,19/05/2025 05:30,19.56,9.51
19/05/2025 05:30,19/05/2025 06:00,20.94,10.11
19/05/2025 06:00,19/05/2025 06:30,21.13,10.19
19/05/2025 06:30,19/05/2025 07:00,23.99,11.45
19/05/2025 07:00,19/05/2025 07:30,23.07,11.05
19/05/2025 07:30,19/05/2025 08:00,23.07,11.05
19/05/2025 08:00,19/05/2025 08:30,20.97,10.12
19/05/2025 08:30,19/05/2025 09:00,19.18,9.34
19/05/2025 09:00,19/05/2025 09:30,20.50,9.92
19/05/2025 09:30,19/05/2025 10:00,18.84,9.18
19/05/2025 10:00,19/05/2025 10:30,18.06,8.84
19/05/2025 10:30,19/05/2025 11:00,17.86,8.76
19/05/2025 11:00,19/05/2025 11:30,16.97,8.36
19/05/2025 11:30,19/05/2025 12:00,16.32,8.08
19/05/2025 12:00,19/05/2025 12:30,15.84,7.87
19/05/2025 12:30,19/05/2025 13:00,15.47,7.70
19/05/2025 13:00,19/05/2025 13:30,15.62,7.77
19/05/2025 13:30,19/05/2025 14:00,14.99,7.50
19/05/2025 14:00,19/05/2025 14:30,15.42,7.69
19/05/2025 14:30,19/05/2025 15:00,15.17,7.57
19/05/2025 15:00,19/05/2025 15:30,15.52,7.73
19/05/2025 15:30,19/05/2025 16:00,15.52,7.73
19/05/2025 16:00,19/05/2025 16:30,29.34,11.65
19/05/2025 16:30,19/05/2025 17:00,30.29,12.07
19/05/2025 17:00,19/05/2025 17:30,32.39,13.00
19/05/2025 17:30,19/05/2025 18:00,31.57,12.64
19/05/2025 18:00,19/05/2025 18:30,35.92,14.55
19/05/2025 18:30,19/05/2025 19:00,38.04,15.48
19/05/2025 19:00,19/05/2025 19:30,24.48,11.67
19/05/2025 19:30,19/05/2025 20:00,24.72,11.77
19/05/2025 20:00,19/05/2025 20:30,22.94,10.99
19/05/2025 20:30,19/05/2025 21:00,23.11,11.07
19/05/2025 21:00,19/05/2025 21:30,22.93,10.99
19/05/2025 21:30,19/05/2025 22:00,21.69,10.44
19/05/2025 22:00,19/05/2025 22:30,21.78,10.48
19/05/2025 22:30,19/05/2025 23:00,16.98,8.37
19/05/2025 23:00,19/05/2025 23:30,19.36,9.42
19/05/2025 23:30,20/05/2025 00:00,18.96,9.24
20/05/2025 00:00,20/05/2025 00:30,16.98,8.37
20/05/2025 00:30,20/05/2025 01:00,16.98,8.37
20/05/2025 01:00,20/05/2025 01:30,17.09,8.42
20/05/2025 01:30,20/05/2025 02:00,17.20,8.47
20/05/2025 02:00,20/05/2025 02:30,17.09,8.42
20/05/2025 02:30,20/05/2025 03:00,16.71,8.25
20/05/2025 03:00,20/05/2025 03:30,16.74,8.26
20/05/2025 03:30,20/05/2025 04:00,16.04,7.96
20/05/2025 04:00,20/05/2025 04:30,16.71,8.25
20/05/2025 04:30,20/05/2025 05:00,16.98,8.37
20/05/2025 05:00,20/05/2025 05:30,17.56,8.62
20/05/2025 05:30,20/05/2025 06:00,16.71,8.25
20/05/2025 06:00,20/05/2025 06:30,17.86,8.76
20/05/2025 06:30,20/05/2025 07:00,22.93,10.99
20/05/2025 07:00,20/05/2025 07:30,18.74,9.14
20/05/2025 07:30,20/05/2025 08:00,21.57,10.39
20/05/2025 08:00,20/05/2025 08:30,17.37,8.54
20/05/2025 08:30,20/05/2025 09:00,15.44,7.69
20/05/2025 09:00,20/05/2025 09:30,15.64,7.78
20/05/2025 09:30,20/05/2025 10:00,15.98,7.93
20/05/2025 10:00,20/05/2025 10:30,16.87,8.32
20/05/2025 10:30,20/05/2025 11:00,17.20,8.47
20/05/2025 11:00,20/05/2025 11:30,16.78,8.28
20/05/2025 11:30,20/05/2025 12:00,16.32,8.08
20/05/2025 12:00,20/05/2025 12:30,15.88,7.88
20/05/2025 12:30,20/05/2025 13:00,15.44,7.69
20/05/2025 13:00,20/05/2025 13:30,15.52,7.73
20/05/2025 13:30,20/05/2025 14:00,15.52,7.73
20/05/2025 14:00,20/05/2025 14:30,15.44,7.69
20/05/2025 14:30,20/05/2025 15:00,16.32,8.08
20/05/2025 15:00,20/05/2025 15:30,16.42,8.13
20/05/2025 15:30,20/05/2025 16:00,16.42,8.13
20/05/2025 16:00,20/05/2025 16:30,30.69,12.25
20/05/2025 16:30,20/05/2025 17:00,30.85,12.32
20/05/2025 17:00,20/05/2025 17:30,31.73,12.70
20/05/2025 17:30,20/05/2025 18:00,33.03,13.28
20/05/2025 18:00,20/05/2025 18:30,35.46,14.35
20/05/2025 18:30,20/05/2025 19:00,36.61,14.85
20/05/2025 19:00,20/05/2025 19:30,25.03,11.91
20/05/2025 19:30,20/05/2025 20:00,25.36,12.06
20/05/2025 20:00,20/05/2025 20:30,25.03,11.91
20/05/2025 20:30,20/05/2025 21:00,24.48,11.67
20/05/2025 21:00,20/05/2025 21:30,22.66,10.87
20/05/2025 21:30,20/05/2025 22:00,19.84,9.63
20/05/2025 22:00,20/05/2025 22:30,18.95,9.24
20/05/2025 22:30,20/05/2025 23:00,18.10,8.86
20/05/2025 23:00,20/05/2025 23:30,22.69,10.88
20/05/2025 23:30,21/05/2025 00:00,22.01,10.58
21/05/2025 00:00,21/05/2025 00:30,20.09,9.74
21/05/2025 00:30,21/05/2025 01:00,19.82,9.62
21/05/2025 01:00,21/05/2025 01:30,18.96,9.24
21/05/2025 01:30,21/05/2025 02:00,18.57,9.07
21/05/2025 02:00,21/05/2025 02:30,18.34,8.97
21/05/2025 02:30,21/05/2025 03:00,17.40,8.55
21/05/2025 03:00,21/05/2025 03:30,17.63,8.66
21/05/2025 03:30,21/05/2025 04:00,17.44,8.57
21/05/2025 04:00,21/05/2025 04:30,16.84,8.31
21/05/2025 04:30,21/05/2025 05:00,16.76,8.27
21/05/2025 05:00,21/05/2025 05:30,17.16,8.45
21/05/2025 05:30,21/05/2025 06:00,17.73,8.70
21/05/2025 06:00,21/05/2025 06:30,20.51,9.92
21/05/2025 06:30,21/05/2025 07:00,22.84,10.95
21/05/2025 07:00,21/05/2025 07:30,23.37,11.18
21/05/2025 07:30,21/05/2025 08:00,24.25,11.57
21/05/2025 08:00,21/05/2025 08:30,24.43,11.65
21/05/2025 08:30,21/05/2025 09:00,22.49,10.79
21/05/2025 09:00,21/05/2025 09:30,20.86,10.08
21/05/2025 09:30,21/05/2025 10:00,19.65,9.54
21/05/2025 10:00,21/05/2025 10:30,18.70,9.13
21/05/2025 10:30,21/05/2025 11:00,19.95,9.68
21/05/2025 11:00,21/05/2025 11:30,21.17,10.21
21/05/2025 11:30,21/05/2025 12:00,19.81,9.62
21/05/2025 12:00,21/05/2025 12:30,19.40,9.44
21/05/2025 12:30,21/05/2025 13:00,18.52,9.05
21/05/2025 13:00,21/05/2025 13:30,17.25,8.49
21/05/2025 13:30,21/05/2025 14:00,16.33,8.08
21/05/2025 14:00,21/05/2025 14:30,15.33,7.64
21/05/2025 14:30,21/05/2025 15:00,15.07,7.53
21/05/2025 15:00,21/05/2025 15:30,15.66,7.79
21/05/2025 15:30,21/05/2025 16:00,15.88,7.88
21/05/2025 16:00,21/05/2025 16:30,28.36,11.22
21/05/2025 16:30,21/05/2025 17:00,29.21,11.60
21/05/2025 17:00,21/05/2025 17:30,31.99,12.82
21/05/2025 17:30,21/05/2025 18:00,32.17,12.90
21/05/2025 18:00,21/05/2025 18:30,36.05,14.60
21/05/2025 18:30,21/05/2025 19:00,37.46,15.23
21/05/2025 19:00,21/05/2025 19:30,22.93,10.99
21/05/2025 19:30,21/05/2025 20:00,22.93,10.99
21/05/2025 20:00,21/05/2025 20:30,23.71,11.33
21/05/2025 20:30,21/05/2025 21:00,23.99,11.45
21/05/2025 21:00,21/05/2025 21:30,24.48,11.67
21/05/2025 21:30,21/05/2025 22:00,23.80,11.37
21/05/2025 22:00,21/05/2025 22:30,21.61,10.41
21/05/2025 22:30,21/05/2025 23:00,18.86,9.19
21/05/2025 23:00,21/05/2025 23:30,20.46,9.90
21/05/2025 23:30,22/05/2025 00:00,19.95,9.68
22/05/2025 00:00,22/05/2025 00:30,17.98,8.81
22/05/2025 00:30,22/05/2025 01:00,17.64,8.66
22/05/2025 01:00,22/05/2025 01:30,17.28,8.50
22/05/2025 01:30,22/05/2025 02:00,17.00,8.38
22/05/2025 02:00,22/05/2025 02:30,16.25,8.05
22/05/2025 02:30,22/05/2025 03:00,15.72,7.82
22/05/2025 03:00,22/05/2025 03:30,15.45,7.69
22/05/2025 03:30,22/05/2025 04:00,15.52,7.73
22/05/2025 04:00,22/05/2025 04:30,15.44,7.69
22/05/2025 04:30,22/05/2025 05:00,15.21,7.59
22/05/2025 05:00,22/05/2025 05:30,16.29,8.07
22/05/2025 05:30,22/05/2025 06:00,15.94,7.91
22/05/2025 06:00,22/05/2025 06:30,18.30,8.95
22/05/2025 06:30,22/05/2025 07:00,18.74,9.14
22/05/2025 07:00,22/05/2025 07:30,19.91,9.66
22/05/2025 07:30,22/05/2025 08:00,21.02,10.15
22/05/2025 08:00,22/05/2025 08:30,21.57,10.39
22/05/2025 08:30,22/05/2025 09:00,20.13,9.76
22/05/2025 09:00,22/05/2025 09:30,22.11,10.63
22/05/2025 09:30,22/05/2025 10:00,21.17,10.21
22/05/2025 10:00,22/05/2025 10:30,19.77,9.60
22/05/2025 10:30,22/05/2025 11:00,19.57,9.51
22/05/2025 11:00,22/05/2025 11:30,19.55,9.50
22/05/2025 11:30,22/05/2025 12:00,19.55,9.50
22/05/2025 12:00,22/05/2025 12:30,19.05,9.28
22/05/2025 12:30,22/05/2025 13:00,18.70,9.13
22/05/2025 13:00,22/05/2025 13:30,17.70,8.69
22/05/2025 13:30,22/05/2025 14:00,17.06,8.41
22/05/2025 14:00,22/05/2025 14:30,17.43,8.57
22/05/2025 14:30,22/05/2025 15:00,16.94,8.35
22/05/2025 15:00,22/05/2025 15:30,16.65,8.22
22/05/2025 15:30,22/05/2025 16:00,17.07,8.41
22/05/2025 16:00,22/05/2025 16:30,29.86,11.88
22/05/2025 16:30,22/05/2025 17:00,31.07,12.41
22/05/2025 17:00,22/05/2025 17:30,31.59,12.65
22/05/2025 17:30,22/05/2025 18:00,32.39,13.00
22/05/2025 18:00,22/05/2025 18:30,33.49,13.48
22/05/2025 18:30,22/05/2025 19:00,34.38,13.87
22/05/2025 19:00,22/05/2025 19:30,23.37,11.18
22/05/2025 19:30,22/05/2025 20:00,23.99,11.45
22/05/2025 20:00,22/05/2025 20:30,23.64,11.30
22/05/2025 20:30,22/05/2025 21:00,23.76,11.35
22/05/2025 21:00,22/05/2025 21:30,23.43,11.21
22/05/2025 21:30,22/05/2025 22:00,23.23,11.12
22/05/2025 22:00,22/05/2025 22:30,21.90,10.54
22/05/2025 22:30,22/05/2025 23:00,19.26,9.37
22/05/2025 23:00,22/05/2025 23:30,20.07,9.73
22/05/2025 23:30,23/05/2025 00:00,18.33,8.97
23/05/2025 00:00,23/05/2025 00:30,18.52,9.05
23/05/2025 00:30,23/05/2025 01:00,17.84,8.75
23/05/2025 01:00,23/05/2025 01:30,16.31,8.08
23/05/2025 01:30,23/05/2025 02:00,16.31,8.08
23/05/2025 02:00,23/05/2025 02:30,16.42,8.13
23/05/2025 02:30,23/05/2025 03:00,15.77,7.84
23/05/2025 03:00,23/05/2025 03:30,16.10,7.98
23/05/2025 03:30,23/05/2025 04:00,15.77,7.84
23/05/2025 04:00,23/05/2025 04:30,16.26,8.05
23/05/2025 04:30,23/05/2025 05:00,16.10,7.98
23/05/2025 05:00,23/05/2025 05:30,17.82,8.74
23/05/2025 05:30,23/05/2025 06:00,18.10,8.86
23/05/2025 06:00,23/05/2025 06:30,18.81,9.17
23/05/2025 06:30,23/05/2025 07:00,21.11,10.18
23/05/2025 07:00,23/05/2025 07:30,21.87,10.52
23/05/2025 07:30,23/05/2025 08:00,21.52,10.37
23/05/2025 08:00,23/05/2025 08:30,21.69,10.44
23/05/2025 08:30,23/05/2025 09:00,19.58,9.51
23/05/2025 09:00,23/05/2025 09:30,20.76,10.03
23/05/2025 09:30,23/05/2025 10:00,18.96,9.24
23/05/2025 10:00,23/05/2025 10:30,18.50,9.04
23/05/2025 10:30,23/05/2025 11:00,17.59,8.64
23/05/2025 11:00,23/05/2025 11:30,17.84,8.75
23/05/2025 11:30,23/05/2025 12:00,17.84,8.75
23/05/2025 12:00,23/05/2025 12:30,18.76,9.15
23/05/2025 12:30,23/05/2025 13:00,18.34,8.97
23/05/2025 13:00,23/05/2025 13:30,17.58,8.63
23/05/2025 13:30,23/05/2025 14:00,16.88,8.33
23/05/2025 14:00,23/05/2025 14:30,16.91,8.34
23/05/2025 14:30,23/05/2025 15:00,16.39,8.11
23/05/2025 15:00,23/05/2025 15:30,15.77,7.84
23/05/2025 15:30,23/05/2025 16:00,16.10,7.98
23/05/2025 16:00,23/05/2025 16:30,30.41,12.12
23/05/2025 16:30,23/05/2025 17:00,30.85,12.32
23/05/2025 17:00,23/05/2025 17:30,30.41,12.12
23/05/2025 17:30,23/05/2025 18:00,32.88,13.21
23/05/2025 18:00,23/05/2025 18:30,35.48,14.35
23/05/2025 18:30,23/05/2025 19:00,36.23,14.68
23/05/2025 19:00,23/05/2025 19:30,22.32,10.72
23/05/2025 19:30,23/05/2025 20:00,22.27,10.70
23/05/2025 20:00,23/05/2025 20:30,23.11,11.07
23/05/2025 20:30,23/05/2025 21:00,22.41,10.76
23/05/2025 21:00,23/05/2025 21:30,22.05,10.60
23/05/2025 21:30,23/05/2025 22:00,19.25,9.37
23/05/2025 22:00,23/05/2025 22:30,17.92,8.79
23/05/2025 22:30,23/05/2025 23:00,16.76,8.27
23/05/2025 23:00,23/05/2025 23:30,19.03,9.27
23/05/2025 23:30,24/05/2025 00:00,17.90,8.77
24/05/2025 00:00,24/05/2025 00:30,17.57,8.63
24/05/2025 00:30,24/05/2025 01:00,17.83,8.74
24/05/2025 01:00,24/05/2025 01:30,17.06,8.41
24/05/2025 01:30,24/05/2025 02:00,16.85,8.32
24/05/2025 02:00,24/05/2025 02:30,16.86,8.32
24/05/2025 02:30,24/05/2025 03:00,14.78,7.40
24/05/2025 03:00,24/05/2025 03:30,13.80,6.97
24/05/2025 03:30,24/05/2025 04:00,13.01,6.62
24/05/2025 04:00,24/05/2025 04:30,12.98,6.61
24/05/2025 04:30,24/05/2025 05:00,12.15,6.24
24/05/2025 05:00,24/05/2025 05:30,12.66,6.47
24/05/2025 05:30,24/05/2025 06:00,12.04,6.20
24/05/2025 06:00,24/05/2025 06:30,12.26,6.29
24/05/2025 06:30,24/05/2025 07:00,13.01,6.62
24/05/2025 07:00,24/05/2025 07:30,11.03,5.75
24/05/2025 07:30,24/05/2025 08:00,12.57,6.43
24/05/2025 08:00,24/05/2025 08:30,12.97,6.60
24/05/2025 08:30,24/05/2025 09:00,13.50,6.84
24/05/2025 09:00,24/05/2025 09:30,13.71,6.93
24/05/2025 09:30,24/05/2025 10:00,13.23,6.72
24/05/2025 10:00,24/05/2025 10:30,13.17,6.69
24/05/2025 10:30,24/05/2025 11:00,9.92,5.26
24/05/2025 11:00,24/05/2025 11:30,9.70,5.17
24/05/2025 11:30,24/05/2025 12:00,7.28,4.10
24/05/2025 12:00,24/05/2025 12:30,7.28,4.10
24/05/2025 12:30,24/05/2025 13:00,6.39,3.71
24/05/2025 13:00,24/05/2025 13:30,6.35,3.69
24/05/2025 13:30,24/05/2025 14:00,4.41,2.84
24/05/2025 14:00,24/05/2025 14:30,5.01,3.10
24/05/2025 14:30,24/05/2025 15:00,5.74,3.43
24/05/2025 15:00,24/05/2025 15:30,5.86,3.48
24/05/2025 15:30,24/05/2025 16:00,8.12,4.47
24/05/2025 16:00,24/05/2025 16:30,25.78,10.08
24/05/2025 16:30,24/05/2025 17:00,29.09,11.54
24/05/2025 17:00,24/05/2025 17:30,31.22,12.48
24/05/2025 17:30,24/05/2025 18:00,34.11,13.75
24/05/2025 18:00,24/05/2025 18:30,34.20,13.79
24/05/2025 18:30,24/05/2025 19:00,33.83,13.63
24/05/2025 19:00,24/05/2025 19:30,21.54,10.37
24/05/2025 19:30,24/05/2025 20:00,20.66,9.99
24/05/2025 20:00,24/05/2025 20:30,19.95,9.68
24/05/2025 20:30,24/05/2025 21:00,19.47,9.46
24/05/2025 21:00,24/05/2025 21:30,18.02,8.82
24/05/2025 21:30,24/05/2025 22:00,15.44,7.69
24/05/2025 22:00,24/05/2025 22:30,14.77,7.40
24/05/2025 22:30,24/05/2025 23:00,11.20,5.83
24/05/2025 23:00,24/05/2025 23:30,4.41,2.84
24/05/2025 23:30,25/05/2025 00:00,-1.32,0.32
25/05/2025 00:00,25/05/2025 00:30,0.00,0.90
25/05/2025 00:30,25/05/2025 01:00,-0.28,0.77
25/05/2025 01:00,25/05/2025 01:30,-1.54,0.22
25/05/2025 01:30,25/05/2025 02:00,-2.67,0.00
25/05/2025 02:00,25/05/2025 02:30,0.08,0.94
25/05/2025 02:30,25/05/2025 03:00,-0.64,0.62
25/05/2025 03:00,25/05/2025 03:30,-0.48,0.69
25/05/2025 03:30,25/05/2025 04:00,0.00,0.90
25/05/2025 04:00,25/05/2025 04:30,-0.48,0.69
25/05/2025 04:30,25/05/2025 05:00,-0.88,0.51
25/05/2025 05:00,25/05/2025 05:30,0.00,0.90
25/05/2025 05:30,25/05/2025 06:00,-1.28,0.34
25/05/2025 06:00,25/05/2025 06:30,-0.03,0.89
25/05/2025 06:30,25/05/2025 07:00,-1.50,0.24
25/05/2025 07:00,25/05/2025 07:30,-0.19,0.82
25/05/2025 07:30,25/05/2025 08:00,-2.04,0.00
25/05/2025 08:00,25/05/2025 08:30,-2.21,0.00
25/05/2025 08:30,25/05/2025 09:00,-2.21,0.00
25/05/2025 09:00,25/05/2025 09:30,-4.15,0.00
25/05/2025 09:30,25/05/2025 10:00,-5.70,0.00
25/05/2025 10:00,25/05/2025 10:30,-4.85,0.00
25/05/2025 10:30,25/05/2025 11:00,-6.62,0.00
25/05/2025 11:00,25/05/2025 11:30,-5.51,0.00
25/05/2025 11:30,25/05/2025 12:00,-5.51,0.00
25/05/2025 12:00,25/05/2025 12:30,-4.63,0.00
25/05/2025 12:30,25/05/2025 13:00,-3.73,0.00
25/05/2025 13:00,25/05/2025 13:30,-6.48,0.00
25/05/2025 13:30,25/05/2025 14:00,-7.94,0.00
25/05/2025 14:00,25/05/2025 14:30,-6.39,0.00
25/05/2025 14:30,25/05/2025 15:00,-5.45,0.00
25/05/2025 15:00,25/05/2025 15:30,-8.38,0.00
25/05/2025 15:30,25/05/2025 16:00,-4.56,0.00
25/05/2025 16:00,25/05/2025 16:30,7.04,1.84
25/05/2025 16:30,25/05/2025 17:00,12.81,4.38
25/05/2025 17:00,25/05/2025 17:30,12.73,4.34
25/05/2025 17:30,25/05/2025 18:00,14.53,5.14
25/05/2025 18:00,25/05/2025 18:30,16.91,6.18
25/05/2025 18:30,25/05/2025 19:00,20.27,7.66
25/05/2025 19:00,25/05/2025 19:30,7.94,4.39
25/05/2025 19:30,25/05/2025 20:00,10.58,5.56
25/05/2025 20:00,25/05/2025 20:30,9.70,5.17
25/05/2025 20:30,25/05/2025 21:00,10.58,5.56
25/05/2025 21:00,25/05/2025 21:30,9.92,5.26
25/05/2025 21:30,25/05/2025 22:00,9.04,4.88
25/05/2025 22:00,25/05/2025 22:30,10.21,5.39
25/05/2025 22:30,25/05/2025 23:00,2.56,2.03
25/05/2025 23:00,25/05/2025 23:30,7.72,4.30
25/05/2025 23:30,26/05/2025 00:00,3.93,2.63
26/05/2025 00:00,26/05/2025 00:30,4.85,3.03
26/05/2025 00:30,26/05/2025 01:00,3.52,2.45
26/05/2025 01:00,26/05/2025 01:30,2.78,2.12
26/05/2025 01:30,26/05/2025 02:00,3.86,2.60
26/05/2025 02:00,26/05/2025 02:30,4.37,2.82
26/05/2025 02:30,26/05/2025 03:00,3.79,2.57
26/05/2025 03:00,26/05/2025 03:30,1.41,1.52
26/05/2025 03:30,26/05/2025 04:00,2.65,2.06
26/05/2025 04:00,26/05/2025 04:30,4.41,2.84
26/05/2025 04:30,26/05/2025 05:00,3.31,2.36
26/05/2025 05:00,26/05/2025 05:30,4.12,2.71
26/05/2025 05:30,26/05/2025 06:00,4.41,2.84
26/05/2025 06:00,26/05/2025 06:30,6.00,3.54
26/05/2025 06:30,26/05/2025 07:00,5.27,3.22
26/05/2025 07:00,26/05/2025 07:30,3.22,2.32
26/05/2025 07:30,26/05/2025 08:00,4.41,2.84
26/05/2025 08:00,26/05/2025 08:30,3.53,2.45
26/05/2025 08:30,26/05/2025 09:00,3.50,2.44
26/05/2025 09:00,26/05/2025 09:30,2.01,1.78
26/05/2025 09:30,26/05/2025 10:00,0.22,1.00
26/05/2025 10:00,26/05/2025 10:30,0.17,0.97
26/05/2025 10:30,26/05/2025 11:00,2.21,1.87
26/05/2025 11:00,26/05/2025 11:30,1.10,1.38
26/05/2025 11:30,26/05/2025 12:00,0.22,1.00
26/05/2025 12:00,26/05/2025 12:30,0.44,1.09
26/05/2025 12:30,26/05/2025 13:00,1.32,1.48
26/05/2025 13:00,26/05/2025 13:30,0.88,1.29
26/05/2025 13:30,26/05/2025 14:00,1.32,1.48
26/05/2025 14:00,26/05/2025 14:30,0.83,1.26
26/05/2025 14:30,26/05/2025 15:00,1.32,1.48
26/05/2025 15:00,26/05/2025 15:30,0.27,1.02
26/05/2025 15:30,26/05/2025 16:00,3.35,2.37
26/05/2025 16:00,26/05/2025 16:30,15.19,5.43
26/05/2025 16:30,26/05/2025 17:00,20.00,7.54
26/05/2025 17:00,26/05/2025 17:30,24.20,9.39
26/05/2025 17:30,26/05/2025 18:00,27.98,11.06
26/05/2025 18:00,26/05/2025 18:30,31.63,12.66
26/05/2025 18:30,26/05/2025 19:00,32.35,12.98
26/05/2025 19:00,26/05/2025 19:30,20.81,10.06
26/05/2025 19:30,26/05/2025 20:00,20.43,9.89
26/05/2025 20:00,26/05/2025 20:30,20.51,9.92
26/05/2025 20:30,26/05/2025 21:00,20.29,9.82
26/05/2025 21:00,26/05/2025 21:30,20.68,10.00
26/05/2025 21:30,26/05/2025 22:00,19.40,9.44
26/05/2025 22:00,26/05/2025 22:30,17.54,8.61
26/05/2025 22:30,26/05/2025 23:00,10.28,5.42
26/05/2025 23:00,26/05/2025 23:30,11.03,5.75
26/05/2025 23:30,27/05/2025 00:00,6.17,3.62
27/05/2025 00:00,27/05/2025 00:30,6.74,3.87
27/05/2025 00:30,27/05/2025 01:00,5.51,3.32
27/05/2025 01:00,27/05/2025 01:30,4.69,2.97
27/05/2025 01:30,27/05/2025 02:00,5.51,3.32
27/05/2025 02:00,27/05/2025 02:30,7.06,4.00
27/05/2025 02:30,27/05/2025 03:00,4.23,2.76
27/05/2025 03:00,27/05/2025 03:30,5.29,3.23
27/05/2025 03:30,27/05/2025 04:00,5.51,3.32
27/05/2025 04:00,27/05/2025 04:30,3.16,2.29
27/05/2025 04:30,27/05/2025 05:00,3.75,2.55
27/05/2025 05:00,27/05/2025 05:30,3.31,2.36
27/05/2025 05:30,27/05/2025 06:00,4.32,2.80
27/05/2025 06:00,27/05/2025 06:30,6.84,3.91
27/05/2025 06:30,27/05/2025 07:00,13.45,6.82
27/05/2025 07:00,27/05/2025 07:30,8.10,4.46
27/05/2025 07:30,27/05/2025 08:00,14.35,7.21
27/05/2025 08:00,27/05/2025 08:30,9.78,5.20
27/05/2025 08:30,27/05/2025 09:00,12.35,6.33
27/05/2025 09:00,27/05/2025 09:30,13.23,6.72
27/05/2025 09:30,27/05/2025 10:00,13.67,6.91
27/05/2025 10:00,27/05/2025 10:30,14.27,7.18
27/05/2025 10:30,27/05/2025 11:00,16.32,8.08
27/05/2025 11:00,27/05/2025 11:30,17.40,8.55
27/05/2025 11:30,27/05/2025 12:00,17.69,8.68
27/05/2025 12:00,27/05/2025 12:30,20.29,9.82
27/05/2025 12:30,27/05/2025 13:00,19.84,9.63
27/05/2025 13:00,27/05/2025 13:30,19.05,9.28
27/05/2025 13:30,27/05/2025 14:00,19.62,9.53
27/05/2025 14:00,27/05/2025 14:30,19.10,9.30
27/05/2025 14:30,27/05/2025 15:00,19.18,9.34
27/05/2025 15:00,27/05/2025 15:30,18.66,9.11
27/05/2025 15:30,27/05/2025 16:00,18.66,9.11
27/05/2025 16:00,27/05/2025 16:30,32.62,13.10
27/05/2025 16:30,27/05/2025 17:00,33.36,13.42
27/05/2025 17:00,27/05/2025 17:30,34.38,13.87
27/05/2025 17:30,27/05/2025 18:00,35.92,14.55
27/05/2025 18:00,27/05/2025 18:30,37.47,15.23
27/05/2025 18:30,27/05/2025 19:00,36.02,14.59
27/05/2025 19:00,27/05/2025 19:30,24.61,11.73
27/05/2025 19:30,27/05/2025 20:00,22.93,10.99
27/05/2025 20:00,27/05/2025 20:30,22.93,10.99
27/05/2025 20:30,27/05/2025 21:00,22.07,10.61
27/05/2025 21:00,27/05/2025 21:30,20.57,9.95
27/05/2025 21:30,27/05/2025 22:00,19.40,9.44
27/05/2025 22:00,27/05/2025 22:30,17.80,8.73
27/05/2025 22:30,27/05/2025 23:00,15.88,7.88
27/05/2025 23:00,27/05/2025 23:30,17.64,8.66
27/05/2025 23:30,28/05/2025 00:00,15.88,7.88
28/05/2025 00:00,28/05/2025 00:30,13.90,7.01
28/05/2025 00:30,28/05/2025 01:00,12.82,6.54
28/05/2025 01:00,28/05/2025 01:30,12.85,6.55
28/05/2025 01:30,28/05/2025 02:00,13.42,6.80
28/05/2025 02:00,28/05/2025 02:30,13.64,6.90
28/05/2025 02:30,28/05/2025 03:00,12.75,6.51
28/05/2025 03:00,28/05/2025 03:30,13.13,6.67
28/05/2025 03:30,28/05/2025 04:00,12.89,6.57
28/05/2025 04:00,28/05/2025 04:30,14.98,7.49
28/05/2025 04:30,28/05/2025 05:00,14.18,7.13
28/05/2025 05:00,28/05/2025 05:30,17.27,8.50
28/05/2025 05:30,28/05/2025 06:00,17.86,8.76
28/05/2025 06:00,28/05/2025 06:30,20.40,9.88
28/05/2025 06:30,28/05/2025 07:00,21.39,10.31
28/05/2025 07:00,28/05/2025 07:30,23.55,11.26
28/05/2025 07:30,28/05/2025 08:00,23.81,11.38
28/05/2025 08:00,28/05/2025 08:30,23.29,11.14
28/05/2025 08:30,28/05/2025 09:00,23.15,11.08
28/05/2025 09:00,28/05/2025 09:30,22.75,10.91
28/05/2025 09:30,28/05/2025 10:00,21.09,10.18
28/05/2025 10:00,28/05/2025 10:30,19.69,9.56
28/05/2025 10:30,28/05/2025 11:00,18.81,9.17
28/05/2025 11:00,28/05/2025 11:30,19.03,9.27
28/05/2025 11:30,28/05/2025 12:00,18.22,8.91
28/05/2025 12:00,28/05/2025 12:30,17.64,8.66
28/05/2025 12:30,28/05/2025 13:00,16.76,8.27
28/05/2025 13:00,28/05/2025 13:30,16.56,8.18
28/05/2025 13:30,28/05/2025 14:00,15.17,7.57
28/05/2025 14:00,28/05/2025 14:30,15.72,7.82
28/05/2025 14:30,28/05/2025 15:00,15.44,7.69
28/05/2025 15:00,28/05/2025 15:30,15.46,7.70
28/05/2025 15:30,28/05/2025 16:00,16.40,8.11
28/05/2025 16:00,28/05/2025 16:30,31.07,12.41
28/05/2025 16:30,28/05/2025 17:00,31.07,12.41
28/05/2025 17:00,28/05/2025 17:30,31.95,12.80
28/05/2025 17:30,28/05/2025 18:00,31.95,12.80
28/05/2025 18:00,28/05/2025 18:30,35.44,14.33
28/05/2025 18:30,28/05/2025 19:00,37.46,15.23
28/05/2025 19:00,28/05/2025 19:30,26.10,12.38
28/05/2025 19:30,28/05/2025 20:00,25.14,11.96
28/05/2025 20:00,28/05/2025 20:30,26.14,12.40
28/05/2025 20:30,28/05/2025 21:00,26.02,12.35
28/05/2025 21:00,28/05/2025 21:30,25.43,12.09
28/05/2025 21:30,28/05/2025 22:00,24.70,11.76
28/05/2025 22:00,28/05/2025 22:30,19.93,9.67
28/05/2025 22:30,28/05/2025 23:00,18.69,9.12
28/05/2025 23:00,28/05/2025 23:30,20.51,9.92
28/05/2025 23:30,29/05/2025 00:00,16.70,8.24
29/05/2025 00:00,29/05/2025 00:30,17.01,8.38
29/05/2025 00:30,29/05/2025 01:00,18.31,8.95
29/05/2025 01:00,29/05/2025 01:30,16.36,8.10
29/05/2025 01:30,29/05/2025 02:00,17.24,8.49
29/05/2025 02:00,29/05/2025 02:30,17.64,8.66
29/05/2025 02:30,29/05/2025 03:00,15.92,7.90
29/05/2025 03:00,29/05/2025 03:30,15.63,7.78
29/05/2025 03:30,29/05/2025 04:00,13.95,7.04
29/05/2025 04:00,29/05/2025 04:30,13.64,6.90
29/05/2025 04:30,29/05/2025 05:00,11.00,5.74
29/05/2025 05:00,29/05/2025 05:30,12.20,6.27
29/05/2025 05:30,29/05/2025 06:00,10.16,5.37
29/05/2025 06:00,29/05/2025 06:30,10.54,5.54
29/05/2025 06:30,29/05/2025 07:00,13.23,6.72
29/05/2025 07:00,29/05/2025 07:30,10.14,5.36
29/05/2025 07:30,29/05/2025 08:00,12.41,6.36
29/05/2025 08:00,29/05/2025 08:30,9.57,5.11
29/05/2025 08:30,29/05/2025 09:00,7.56,4.23
29/05/2025 09:00,29/05/2025 09:30,4.41,2.84
29/05/2025 09:30,29/05/2025 10:00,1.83,1.71
29/05/2025 10:00,29/05/2025 10:30,2.28,1.90
29/05/2025 10:30,29/05/2025 11:00,0.88,1.29
29/05/2025 11:00,29/05/2025 11:30,1.54,1.58
29/05/2025 11:30,29/05/2025 12:00,1.20,1.42
29/05/2025 12:00,29/05/2025 12:30,0.88,1.29
29/05/2025 12:30,29/05/2025 13:00,-0.04,0.88
29/05/2025 13:00,29/05/2025 13:30,0.10,0.95
29/05/2025 13:30,29/05/2025 14:00,-0.64,0.62
29/05/2025 14:00,29/05/2025 14:30,-0.44,0.71
29/05/2025 14:30,29/05/2025 15:00,-0.44,0.71
29/05/2025 15:00,29/05/2025 15:30,-0.44,0.71
29/05/2025 15:30,29/05/2025 16:00,0.44,1.10
29/05/2025 16:00,29/05/2025 16:30,13.99,4.90
29/05/2025 16:30,29/05/2025 17:00,17.84,6.59
29/05/2025 17:00,29/05/2025 17:30,19.62,7.38
29/05/2025 17:30,29/05/2025 18:00,23.59,9.12
29/05/2025 18:00,29/05/2025 18:30,24.90,9.70
29/05/2025 18:30,29/05/2025 19:00,26.33,10.33
29/05/2025 19:00,29/05/2025 19:30,12.60,6.44
29/05/2025 19:30,29/05/2025 20:00,14.55,7.30
29/05/2025 20:00,29/05/2025 20:30,14.04,7.08
29/05/2025 20:30,29/05/2025 21:00,14.13,7.12
29/05/2025 21:00,29/05/2025 21:30,14.55,7.30
29/05/2025 21:30,29/05/2025 22:00,13.61,6.88
29/05/2025 22:00,29/05/2025 22:30,13.41,6.80
29/05/2025 22:30,29/05/2025 23:00,7.80,4.33
29/05/2025 23:00,29/05/2025 23:30,11.29,5.87
29/05/2025 23:30,30/05/2025 00:00,5.31,3.24
30/05/2025 00:00,30/05/2025 00:30,6.86,3.92
30/05/2025 00:30,30/05/2025 01:00,5.70,3.41
30/05/2025 01:00,30/05/2025 01:30,5.71,3.41
30/05/2025 01:30,30/05/2025 02:00,6.17,3.62
30/05/2025 02:00,30/05/2025 02:30,6.35,3.69
30/05/2025 02:30,30/05/2025 03:00,5.51,3.32
30/05/2025 03:00,30/05/2025 03:30,6.39,3.71
30/05/2025 03:30,30/05/2025 04:00,6.44,3.73
30/05/2025 04:00,30/05/2025 04:30,8.12,4.47
30/05/2025 04:30,30/05/2025 05:00,5.73,3.42
30/05/2025 05:00,30/05/2025 05:30,10.58,5.56
30/05/2025 05:30,30/05/2025 06:00,10.58,5.56
30/05/2025 06:00,30/05/2025 06:30,12.13,6.24
30/05/2025 06:30,30/05/2025 07:00,14.33,7.20
30/05/2025 07:00,30/05/2025 07:30,11.47,5.94
30/05/2025 07:30,30/05/2025 08:00,14.61,7.33
30/05/2025 08:00,30/05/2025 08:30,10.94,5.71
30/05/2025 08:30,30/05/2025 09:00,12.69,6.48
30/05/2025 09:00,30/05/2025 09:30,13.67,6.91
30/05/2025 09:30,30/05/2025 10:00,11.47,5.94
30/05/2025 10:00,30/05/2025 10:30,11.63,6.02
30/05/2025 10:30,30/05/2025 11:00,11.03,5.75
30/05/2025 11:00,30/05/2025 11:30,12.31,6.31
30/05/2025 11:30,30/05/2025 12:00,11.00,5.74
30/05/2025 12:00,30/05/2025 12:30,13.06,6.65
30/05/2025 12:30,30/05/2025 13:00,12.35,6.33
30/05/2025 13:00,30/05/2025 13:30,14.33,7.20
30/05/2025 13:30,30/05/2025 14:00,14.33,7.20
30/05/2025 14:00,30/05/2025 14:30,14.11,7.11
30/05/2025 14:30,30/05/2025 15:00,15.44,7.69
30/05/2025 15:00,30/05/2025 15:30,15.54,7.74
30/05/2025 15:30,30/05/2025 16:00,15.44,7.69
30/05/2025 16:00,30/05/2025 16:30,29.31,11.64
30/05/2025 16:30,30/05/2025 17:00,30.85,12.32
30/05/2025 17:00,30/05/2025 17:30,29.79,11.85
30/05/2025 17:30,30/05/2025 18:00,29.58,11.76
30/05/2025 18:00,30/05/2025 18:30,33.05,13.29
30/05/2025 18:30,30/05/2025 19:00,33.76,13.60
30/05/2025 19:00,30/05/2025 19:30,23.59,11.28
30/05/2025 19:30,30/05/2025 20:00,23.78,11.36
30/05/2025 20:00,30/05/2025 20:30,23.37,11.18
30/05/2025 20:30,30/05/2025 21:00,23.99,11.45
30/05/2025 21:00,30/05/2025 21:30,23.81,11.38
30/05/2025 21:30,30/05/2025 22:00,23.37,11.18
30/05/2025 22:00,30/05/2025 22:30,20.73,10.02
30/05/2025 22:30,30/05/2025 23:00,19.48,9.47
30/05/2025 23:00,30/05/2025 23:30,21.83,10.50
30/05/2025 23:30,31/05/2025 00:00,19.40,9.44
31/05/2025 00:00,31/05/2025 00:30,17.43,8.57
31/05/2025 00:30,31/05/2025 01:00,17.20,8.47
31/05/2025 01:00,31/05/2025 01:30,16.56,8.18
31/05/2025 01:30,31/05/2025 02:00,16.67,8.24
31/05/2025 02:00,31/05/2025 02:30,17.20,8.47
31/05/2025 02:30,31/05/2025 03:00,17.16,8.45
31/05/2025 03:00,31/05/2025 03:30,17.20,8.47
31/05/2025 03:30,31/05/2025 04:00,17.62,8.65
31/05/2025 04:00,31/05/2025 04:30,18.93,9.23
31/05/2025 04:30,31/05/2025 05:00,17.85,8.75
31/05/2025 05:00,31/05/2025 05:30,17.31,8.52
31/05/2025 05:30,31/05/2025 06:00,17.31,8.52
31/05/2025 06:00,31/05/2025 06:30,16.18,8.02
31/05/2025 06:30,31/05/2025 07:00,16.54,8.18
31/05/2025 07:00,31/05/2025 07:30,13.53,6.86
31/05/2025 07:30,31/05/2025 08:00,14.14,7.12
31/05/2025 08:00,31/05/2025 08:30,14.28,7.18
31/05/2025 08:30,31/05/2025 09:00,13.08,6.65
31/05/2025 09:00,31/05/2025 09:30,11.70,6.05
31/05/2025 09:30,31/05/2025 10:00,9.27,4.98
31/05/2025 10:00,31/05/2025 10:30,6.35,3.69
31/05/2025 10:30,31/05/2025 11:00,2.18,1.86
31/05/2025 11:00,31/05/2025 11:30,-0.55,0.66
31/05/2025 11:30,31/05/2025 12:00,-3.31,0.00
31/05/2025 12:00,31/05/2025 12:30,-0.55,0.66
31/05/2025 12:30,31/05/2025 13:00,-3.31,0.00
31/05/2025 13:00,31/05/2025 13:30,-1.66,0.17
31/05/2025 13:30,31/05/2025 14:00,-3.21,0.00
31/05/2025 14:00,31/05/2025 14:30,-1.10,0.42
31/05/2025 14:30,31/05/2025 15:00,-2.21,0.00
31/05/2025 15:00,31/05/2025 15:30,-0.55,0.66
31/05/2025 15:30,31/05/2025 16:00,0.00,0.90
31/05/2025 16:00,31/05/2025 16:30,17.62,6.50
31/05/2025 16:30,31/05/2025 17:00,20.27,7.66
31/05/2025 17:00,31/05/2025 17:30,28.79,11.41
31/05/2025 17:30,31/05/2025 18:00,29.22,11.60
31/05/2025 18:00,31/05/2025 18:30,31.84,12.75
31/05/2025 18:30,31/05/2025 19:00,32.35,12.98
31/05/2025 19:00,31/05/2025 19:30,20.41,9.88
31/05/2025 19:30,31/05/2025 20:00,20.95,10.12
31/05/2025 20:00,31/05/2025 20:30,20.73,10.02
31/05/2025 20:30,31/05/2025 21:00,20.95,10.12
31/05/2025 21:00,31/05/2025 21:30,21.70,10.45
31/05/2025 21:30,31/05/2025 22:00,21.70,10.45
31/05/2025 22:00,31/05/2025 22:30,19.39,9.43
31/05/2025 22:30,31/05/2025 23:00,17.31,8.52
31/05/2025 23:00,31/05/2025 23:30,18.74,9.14
31/05/2025 23:30,01/06/2025 00:00,16.65,8.22
01/06/2025 00:00,01/06/2025 00:30,17.20,8.47
01/06/2025 00:30,01/06/2025 01:00,16.54,8.18
01/06/2025 01:00,01/06/2025 01:30,14.55,7.30
01/06/2025 01:30,01/06/2025 02:00,14.06,7.08
01/06/2025 02:00,01/06/2025 02:30,13.67,6.91
01/06/2025 02:30,01/06/2025 03:00,7.82,4.34
01/06/2025 03:00,01/06/2025 03:30,5.46,3.30
01/06/2025 03:30,01/06/2025 04:00,4.41,2.84
01/06/2025 04:00,01/06/2025 04:30,7.72,4.30
01/06/2025 04:30,01/06/2025 05:00,3.93,2.63
01/06/2025 05:00,01/06/2025 05:30,8.22,4.52
01/06/2025 05:30,01/06/2025 06:00,6.17,3.62
01/06/2025 06:00,01/06/2025 06:30,2.91,2.18
01/06/2025 06:30,01/06/2025 07:00,2.47,1.99
01/06/2025 07:00,01/06/2025 07:30,1.43,1.53
01/06/2025 07:30,01/06/2025 08:00,0.22,1.00
01/06/2025 08:00,01/06/2025 08:30,0.17,0.98
01/06/2025 08:30,01/06/2025 09:00,0.66,1.19
01/06/2025 09:00,01/06/2025 09:30,1.10,1.38
01/06/2025 09:30,01/06/2025 10:00,1.10,1.38
01/06/2025 10:00,01/06/2025 10:30,2.21,1.87
01/06/2025 10:30,01/06/2025 11:00,1.76,1.68
01/06/2025 11:00,01/06/2025 11:30,0.22,1.00
01/06/2025 11:30,01/06/2025 12:00,0.14,0.96
01/06/2025 12:00,01/06/2025 12:30,-0.66,0.61
01/06/2025 12:30,01/06/2025 13:00,-0.66,0.61
01/06/2025 13:00,01/06/2025 13:30,-1.14,0.40
01/06/2025 13:30,01/06/2025 14:00,-2.12,0.00
01/06/2025 14:00,01/06/2025 14:30,-1.76,0.12
01/06/2025 14:30,01/06/2025 15:00,-1.59,0.20
01/06/2025 15:00,01/06/2025 15:30,-0.10,0.85
01/06/2025 15:30,01/06/2025 16:00,-0.53,0.67
01/06/2025 16:00,01/06/2025 16:30,13.43,4.65
01/06/2025 16:30,01/06/2025 17:00,18.06,6.69
01/06/2025 17:00,01/06/2025 17:30,14.09,4.94
01/06/2025 17:30,01/06/2025 18:00,19.16,7.18
01/06/2025 18:00,01/06/2025 18:30,26.08,10.22
01/06/2025 18:30,01/06/2025 19:00,28.64,11.35
01/06/2025 19:00,01/06/2025 19:30,16.54,8.18
01/06/2025 19:30,01/06/2025 20:00,17.42,8.56
01/06/2025 20:00,01/06/2025 20:30,18.04,8.83
01/06/2025 20:30,01/06/2025 21:00,18.16,8.89
01/06/2025 21:00,01/06/2025 21:30,19.23,9.36
01/06/2025 21:30,01/06/2025 22:00,18.96,9.24
01/06/2025 22:00,01/06/2025 22:30,17.42,8.56
01/06/2025 22:30,01/06/2025 23:00,13.71,6.93
01/06/2025 23:00,01/06/2025 23:30,14.77,7.40
01/06/2025 23:30,02/06/2025 00:00,11.03,5.75
02/06/2025 00:00,02/06/2025 00:30,12.95,6.59
02/06/2025 00:30,02/06/2025 01:00,12.25,6.29
02/06/2025 01:00,02/06/2025 01:30,12.35,6.33
02/06/2025 01:30,02/06/2025 02:00,13.31,6.76
02/06/2025 02:00,02/06/2025 02:30,13.17,6.69
02/06/2025 02:30,02/06/2025 03:00,12.44,6.38
02/06/2025 03:00,02/06/2025 03:30,13.23,6.72
02/06/2025 03:30,02/06/2025 04:00,13.23,6.72
02/06/2025 04:00,02/06/2025 04:30,16.21,8.03
02/06/2025 04:30,02/06/2025 05:00,14.55,7.30
02/06/2025 05:00,02/06/2025 05:30,19.74,9.58
02/06/2025 05:30,02/06/2025 06:00,20.23,9.80
02/06/2025 06:00,02/06/2025 06:30,19.84,9.63
02/06/2025 06:30,02/06/2025 07:00,22.67,10.87
02/06/2025 07:00,02/06/2025 07:30,18.74,9.14
02/06/2025 07:30,02/06/2025 08:00,20.35,9.85
02/06/2025 08:00,02/06/2025 08:30,20.31,9.83
02/06/2025 08:30,02/06/2025 09:00,19.62,9.53
02/06/2025 09:00,02/06/2025 09:30,19.62,9.53
02/06/2025 09:30,02/06/2025 10:00,17.64,8.66
02/06/2025 10:00,02/06/2025 10:30,16.83,8.30
02/06/2025 10:30,02/06/2025 11:00,16.51,8.16
02/06/2025 11:00,02/06/2025 11:30,15.77,7.84
02/06/2025 11:30,02/06/2025 12:00,14.47,7.27
02/06/2025 12:00,02/06/2025 12:30,13.96,7.04
02/06/2025 12:30,02/06/2025 13:00,12.30,6.31
02/06/2025 13:00,02/06/2025 13:30,8.12,4.47
02/06/2025 13:30,02/06/2025 14:00,5.95,3.52
02/06/2025 14:00,02/06/2025 14:30,4.75,2.99
02/06/2025 14:30,02/06/2025 15:00,3.72,2.53
02/06/2025 15:00,02/06/2025 15:30,7.38,4.15
02/06/2025 15:30,02/06/2025 16:00,6.62,3.81
02/06/2025 16:00,02/06/2025 16:30,23.77,9.20
02/06/2025 16:30,02/06/2025 17:00,25.27,9.86
02/06/2025 17:00,02/06/2025 17:30,26.00,10.18
02/06/2025 17:30,02/06/2025 18:00,30.72,12.26
02/06/2025 18:00,02/06/2025 18:30,30.82,12.30
02/06/2025 18:30,02/06/2025 19:00,31.31,12.52
02/06/2025 19:00,02/06/2025 19:30,18.78,9.16
02/06/2025 19:30,02/06/2025 20:00,18.12,8.87
02/06/2025 20:00,02/06/2025 20:30,17.42,8.56
02/06/2025 20:30,02/06/2025 21:00,14.78,7.40
02/06/2025 21:00,02/06/2025 21:30,18.08,8.85
02/06/2025 21:30,02/06/2025 22:00,16.50,8.16
02/06/2025 22:00,02/06/2025 22:30,13.71,6.93
02/06/2025 22:30,02/06/2025 23:00,7.70,4.29
02/06/2025 23:00,02/06/2025 23:30,4.85,3.03
02/06/2025 23:30,03/06/2025 00:00,0.66,1.19
03/06/2025 00:00,03/06/2025 00:30,1.12,1.39
03/06/2025 00:30,03/06/2025 01:00,-0.55,0.66
03/06/2025 01:00,03/06/2025 01:30,-0.55,0.66
03/06/2025 01:30,03/06/2025 02:00,0.70,1.21
03/06/2025 02:00,03/06/2025 02:30,-0.64,0.62
03/06/2025 02:30,03/06/2025 03:00,-0.71,0.59
03/06/2025 03:00,03/06/2025 03:30,-0.44,0.71
03/06/2025 03:30,03/06/2025 04:00,0.44,1.09
03/06/2025 04:00,03/06/2025 04:30,-0.44,0.71
03/06/2025 04:30,03/06/2025 05:00,-0.66,0.61
03/06/2025 05:00,03/06/2025 05:30,-0.33,0.76
03/06/2025 05:30,03/06/2025 06:00,1.96,1.76
03/06/2025 06:00,03/06/2025 06:30,1.76,1.68
03/06/2025 06:30,03/06/2025 07:00,6.62,3.81
03/06/2025 07:00,03/06/2025 07:30,7.23,4.08
03/06/2025 07:30,03/06/2025 08:00,9.24,4.96
03/06/2025 08:00,03/06/2025 08:30,7.83,4.35
03/06/2025 08:30,03/06/2025 09:00,7.21,4.07
03/06/2025 09:00,03/06/2025 09:30,2.21,1.87
03/06/2025 09:30,03/06/2025 10:00,0.62,1.17
03/06/2025 10:00,03/06/2025 10:30,2.49,2.00
03/06/2025 10:30,03/06/2025 11:00,1.28,1.46
03/06/2025 11:00,03/06/2025 11:30,-0.44,0.71
03/06/2025 11:30,03/06/2025 12:00,-0.66,0.61
03/06/2025 12:00,03/06/2025 12:30,-0.44,0.71
03/06/2025 12:30,03/06/2025 13:00,-0.88,0.51
03/06/2025 13:00,03/06/2025 13:30,-1.54,0.22
03/06/2025 13:30,03/06/2025 14:00,-1.54,0.22
03/06/2025 14:00,03/06/2025 14:30,-1.86,0.08
03/06/2025 14:30,03/06/2025 15:00,-1.19,0.38
03/06/2025 15:00,03/06/2025 15:30,-1.96,0.04
03/06/2025 15:30,03/06/2025 16:00,-0.55,0.66
03/06/2025 16:00,03/06/2025 16:30,11.73,3.91
03/06/2025 16:30,03/06/2025 17:00,13.78,4.80
03/06/2025 17:00,03/06/2025 17:30,21.67,8.28
03/06/2025 17:30,03/06/2025 18:00,25.64,10.03
03/06/2025 18:00,03/06/2025 18:30,27.76,10.96
03/06/2025 18:30,03/06/2025 19:00,30.39,12.11
03/06/2025 19:00,03/06/2025 19:30,19.60,9.53
03/06/2025 19:30,03/06/2025 20:00,21.17,10.21
03/06/2025 20:00,03/06/2025 20:30,19.76,9.59
03/06/2025 20:30,03/06/2025 21:00,20.00,9.70
03/06/2025 21:00,03/06/2025 21:30,18.91,9.22
03/06/2025 21:30,03/06/2025 22:00,19.40,9.44
03/06/2025 22:00,03/06/2025 22:30,20.29,9.82
03/06/2025 22:30,03/06/2025 23:00,14.33,7.20
03/06/2025 23:00,03/06/2025 23:30,16.08,7.97
03/06/2025 23:30,04/06/2025 00:00,10.14,5.36
04/06/2025 00:00,04/06/2025 00:30,11.65,6.03
04/06/2025 00:30,04/06/2025 01:00,10.69,5.60
04/06/2025 01:00,04/06/2025 01:30,8.47,4.63
04/06/2025 01:30,04/06/2025 02:00,9.92,5.26
04/06/2025 02:00,04/06/2025 02:30,11.94,6.15
04/06/2025 02:30,04/06/2025 03:00,11.07,5.77
04/06/2025 03:00,04/06/2025 03:30,11.03,5.75
04/06/2025 03:30,04/06/2025 04:00,12.13,6.24
04/06/2025 04:00,04/06/2025 04:30,12.57,6.43
04/06/2025 04:30,04/06/2025 05:00,11.99,6.18
04/06/2025 05:00,04/06/2025 05:30,10.58,5.56
04/06/2025 05:30,04/06/2025 06:00,11.36,5.90
04/06/2025 06:00,04/06/2025 06:30,15.63,7.78
04/06/2025 06:30,04/06/2025 07:00,19.18,9.34
04/06/2025 07:00,04/06/2025 07:30,20.08,9.73
04/06/2025 07:30,04/06/2025 08:00,20.11,9.75
04/06/2025 08:00,04/06/2025 08:30,19.84,9.63
04/06/2025 08:30,04/06/2025 09:00,16.58,8.19
04/06/2025 09:00,04/06/2025 09:30,14.72,7.38
04/06/2025 09:30,04/06/2025 10:00,11.03,5.75
04/06/2025 10:00,04/06/2025 10:30,9.70,5.17
04/06/2025 10:30,04/06/2025 11:00,8.60,4.68
04/06/2025 11:00,04/06/2025 11:30,4.85,3.03
04/06/2025 11:30,04/06/2025 12:00,3.46,2.42
04/06/2025 12:00,04/06/2025 12:30,3.28,2.34
04/06/2025 12:30,04/06/2025 13:00,2.21,1.87
04/06/2025 13:00,04/06/2025 13:30,3.59,2.48
04/06/2025 13:30,04/06/2025 14:00,2.64,2.06
04/06/2025 14:00,04/06/2025 14:30,4.91,3.06
04/06/2025 14:30,04/06/2025 15:00,5.30,3.23
04/06/2025 15:00,04/06/2025 15:30,6.00,3.54
04/06/2025 15:30,04/06/2025 16:00,8.01,4.42
04/06/2025 16:00,04/06/2025 16:30,25.62,10.01
04/06/2025 16:30,04/06/2025 17:00,28.12,11.11
04/06/2025 17:00,04/06/2025 17:30,28.37,11.22
04/06/2025 17:30,04/06/2025 18:00,30.43,12.13
04/06/2025 18:00,04/06/2025 18:30,32.28,12.95
04/06/2025 18:30,04/06/2025 19:00,32.59,13.08
04/06/2025 19:00,04/06/2025 19:30,19.67,9.55
04/06/2025 19:30,04/06/2025 20:00,20.45,9.90
04/06/2025 20:00,04/06/2025 20:30,23.13,11.08
04/06/2025 20:30,04/06/2025 21:00,22.85,10.95
04/06/2025 21:00,04/06/2025 21:30,21.76,10.47
04/06/2025 21:30,04/06/2025 22:00,21.21,10.23
04/06/2025 22:00,04/06/2025 22:30,20.95,10.12
04/06/2025 22:30,04/06/2025 23:00,17.77,8.71
04/06/2025 23:00,04/06/2025 23:30,17.42,8.56
04/06/2025 23:30,05/06/2025 00:00,15.99,7.93
05/06/2025 00:00,05/06/2025 00:30,16.23,8.04
05/06/2025 00:30,05/06/2025 01:00,15.17,7.57
05/06/2025 01:00,05/06/2025 01:30,15.35,7.65
05/06/2025 01:30,05/06/2025 02:00,15.44,7.69
05/06/2025 02:00,05/06/2025 02:30,15.83,7.86
05/06/2025 02:30,05/06/2025 03:00,14.88,7.45
05/06/2025 03:00,05/06/2025 03:30,15.56,7.75
05/06/2025 03:30,05/06/2025 04:00,15.44,7.69
05/06/2025 04:00,05/06/2025 04:30,14.55,7.30
05/06/2025 04:30,05/06/2025 05:00,13.45,6.82
05/06/2025 05:00,05/06/2025 05:30,14.11,7.11
05/06/2025 05:30,05/06/2025 06:00,15.39,7.67
05/06/2025 06:00,05/06/2025 06:30,20.22,9.80
05/06/2025 06:30,05/06/2025 07:00,22.23,10.68
05/06/2025 07:00,05/06/2025 07:30,20.81,10.06
05/06/2025 07:30,05/06/2025 08:00,22.63,10.85
05/06/2025 08:00,05/06/2025 08:30,20.46,9.90
05/06/2025 08:30,05/06/2025 09:00,19.84,9.63
05/06/2025 09:00,05/06/2025 09:30,20.95,10.12
05/06/2025 09:30,05/06/2025 10:00,19.84,9.63
05/06/2025 10:00,05/06/2025 10:30,19.12,9.31
05/06/2025 10:30,05/06/2025 11:00,18.66,9.11
05/06/2025 11:00,05/06/2025 11:30,17.86,8.76
05/06/2025 11:30,05/06/2025 12:00,17.07,8.41
05/06/2025 12:00,05/06/2025 12:30,14.55,7.30
05/06/2025 12:30,05/06/2025 13:00,11.91,6.14
05/06/2025 13:00,05/06/2025 13:30,12.35,6.33
05/06/2025 13:30,05/06/2025 14:00,11.03,5.75
05/06/2025 14:00,05/06/2025 14:30,11.90,6.13
05/06/2025 14:30,05/06/2025 15:00,11.47,5.94
05/06/2025 15:00,05/06/2025 15:30,10.84,5.67
05/06/2025 15:30,05/06/2025 16:00,13.04,6.64
05/06/2025 16:00,05/06/2025 16:30,26.88,10.57
05/06/2025 16:30,05/06/2025 17:00,29.97,11.93
05/06/2025 17:00,05/06/2025 17:30,32.32,12.96
05/06/2025 17:30,05/06/2025 18:00,33.05,13.29
05/06/2025 18:00,05/06/2025 18:30,34.38,13.87
05/06/2025 18:30,05/06/2025 19:00,34.15,13.77
05/06/2025 19:00,05/06/2025 19:30,23.37,11.18
05/06/2025 19:30,05/06/2025 20:00,23.22,11.11
05/06/2025 20:00,05/06/2025 20:30,21.79,10.48
05/06/2025 20:30,05/06/2025 21:00,21.67,10.44
05/06/2025 21:00,05/06/2025 21:30,22.23,10.68
05/06/2025 21:30,05/06/2025 22:00,21.27,10.26
05/06/2025 22:00,05/06/2025 22:30,20.51,9.92
05/06/2025 22:30,05/06/2025 23:00,17.05,8.40
05/06/2025 23:00,05/06/2025 23:30,17.59,8.64
05/06/2025 23:30,06/06/2025 00:00,17.98,8.81
06/06/2025 00:00,06/06/2025 00:30,16.89,8.33
06/06/2025 00:30,06/06/2025 01:00,15.79,7.85
06/06/2025 01:00,06/06/2025 01:30,14.75,7.39
06/06/2025 01:30,06/06/2025 02:00,14.11,7.11
06/06/2025 02:00,06/06/2025 02:30,12.93,6.59
06/06/2025 02:30,06/06/2025 03:00,11.03,5.75
06/06/2025 03:00,06/06/2025 03:30,12.26,6.29
06/06/2025 03:30,06/06/2025 04:00,12.10,6.22
06/06/2025 04:00,06/06/2025 04:30,13.23,6.72
06/06/2025 04:30,06/06/2025 05:00,12.94,6.59
06/06/2025 05:00,06/06/2025 05:30,14.45,7.25
06/06/2025 05:30,06/06/2025 06:00,14.75,7.39
06/06/2025 06:00,06/06/2025 06:30,16.50,8.16
06/06/2025 06:30,06/06/2025 07:00,19.50,9.48
06/06/2025 07:00,06/06/2025 07:30,22.71,10.89
06/06/2025 07:30,06/06/2025 08:00,23.29,11.14
06/06/2025 08:00,06/06/2025 08:30,22.41,10.76
06/06/2025 08:30,06/06/2025 09:00,21.99,10.57
06/06/2025 09:00,06/06/2025 09:30,22.05,10.60
06/06/2025 09:30,06/06/2025 10:00,20.02,9.71
06/06/2025 10:00,06/06/2025 10:30,18.50,9.04
06/06/2025 10:30,06/06/2025 11:00,17.64,8.66
06/06/2025 11:00,06/06/2025 11:30,16.66,8.23
06/06/2025 11:30,06/06/2025 12:00,15.44,7.69
06/06/2025 12:00,06/06/2025 12:30,15.44,7.69
06/06/2025 12:30,06/06/2025 13:00,13.09,6.66
06/06/2025 13:00,06/06/2025 13:30,15.44,7.69
06/06/2025 13:30,06/06/2025 14:00,14.07,7.09
06/06/2025 14:00,06/06/2025 14:30,14.99,7.50
06/06/2025 14:30,06/06/2025 15:00,14.33,7.20
06/06/2025 15:00,06/06/2025 15:30,14.33,7.20
06/06/2025 15:30,06/06/2025 16:00,14.89,7.45
06/06/2025 16:00,06/06/2025 16:30,29.53,11.73
06/06/2025 16:30,06/06/2025 17:00,33.05,13.29
06/06/2025 17:00,06/06/2025 17:30,33.49,13.48
06/06/2025 17:30,06/06/2025 18:00,32.83,13.19
06/06/2025 18:00,06/06/2025 18:30,31.72,12.70
06/06/2025 18:30,06/06/2025 19:00,31.90,12.78
06/06/2025 19:00,06/06/2025 19:30,22.71,10.89
06/06/2025 19:30,06/06/2025 20:00,23.51,11.24
06/06/2025 20:00,06/06/2025 20:30,23.81,11.38
06/06/2025 20:30,06/06/2025 21:00,23.64,11.30
06/06/2025 21:00,06/06/2025 21:30,23.98,11.45
06/06/2025 21:30,06/06/2025 22:00,23.59,11.28
06/06/2025 22:00,06/06/2025 22:30,20.01,9.70
06/06/2025 22:30,06/06/2025 23:00,18.30,8.95
06/06/2025 23:00,06/06/2025 23:30,19.18,9.34
06/06/2025 23:30,07/06/2025 00:00,18.12,8.87
07/06/2025 00:00,07/06/2025 00:30,18.96,9.24
07/06/2025 00:30,07/06/2025 01:00,18.50,9.04
07/06/2025 01:00,07/06/2025 01:30,17.94,8.79
07/06/2025 01:30,07/06/2025 02:00,18.03,8.83
07/06/2025 02:00,07/06/2025 02:30,18.49,9.04
07/06/2025 02:30,07/06/2025 03:00,17.23,8.48
07/06/2025 03:00,07/06/2025 03:30,17.50,8.60
07/06/2025 03:30,07/06/2025 04:00,18.16,8.89
07/06/2025 04:00,07/06/2025 04:30,18.20,8.91
07/06/2025 04:30,07/06/2025 05:00,17.48,8.59
07/06/2025 05:00,07/06/2025 05:30,18.97,9.25
07/06/2025 05:30,07/06/2025 06:00,17.87,8.76
07/06/2025 06:00,07/06/2025 06:30,18.08,8.85
07/06/2025 06:30,07/06/2025 07:00,18.76,9.15
07/06/2025 07:00,07/06/2025 07:30,18.00,8.82
07/06/2025 07:30,07/06/2025 08:00,18.30,8.95
07/06/2025 08:00,07/06/2025 08:30,22.23,10.68
07/06/2025 08:30,07/06/2025 09:00,22.05,10.60
07/06/2025 09:00,07/06/2025 09:30,23.27,11.13
07/06/2025 09:30,07/06/2025 10:00,23.00,11.02
07/06/2025 10:00,07/06/2025 10:30,23.01,11.02
07/06/2025 10:30,07/06/2025 11:00,22.23,10.68
07/06/2025 11:00,07/06/2025 11:30,22.23,10.68
07/06/2025 11:30,07/06/2025 12:00,21.39,10.31
07/06/2025 12:00,07/06/2025 12:30,21.42,10.32
07/06/2025 12:30,07/06/2025 13:00,20.95,10.12
07/06/2025 13:00,07/06/2025 13:30,19.18,9.34
07/06/2025 13:30,07/06/2025 14:00,17.64,8.66
07/06/2025 14:00,07/06/2025 14:30,16.98,8.37
07/06/2025 14:30,07/06/2025 15:00,16.38,8.11
07/06/2025 15:00,07/06/2025 15:30,15.88,7.88
07/06/2025 15:30,07/06/2025 16:00,15.44,7.69
07/06/2025 16:00,07/06/2025 16:30,28.64,11.35
07/06/2025 16:30,07/06/2025 17:00,29.84,11.87
07/06/2025 17:00,07/06/2025 17:30,29.31,11.64
07/06/2025 17:30,07/06/2025 18:00,31.34,12.53
07/06/2025 18:00,07/06/2025 18:30,32.26,12.93
07/06/2025 18:30,07/06/2025 19:00,33.27,13.38
07/06/2025 19:00,07/06/2025 19:30,23.11,11.07
07/06/2025 19:30,07/06/2025 20:00,22.73,10.90
07/06/2025 20:00,07/06/2025 20:30,24.11,11.50
07/06/2025 20:30,07/06/2025 21:00,24.25,11.57
07/06/2025 21:00,07/06/2025 21:30,22.69,10.88
07/06/2025 21:30,07/06/2025 22:00,21.87,10.52
07/06/2025 22:00,07/06/2025 22:30,19.67,9.55
07/06/2025 22:30,07/06/2025 23:00,14.99,7.50
07/06/2025 23:00,07/06/2025 23:30,18.74,9.14
07/06/2025 23:30,08/06/2025 00:00,18.95,9.24
08/06/2025 00:00,08/06/2025 00:30,17.11,8.43
08/06/2025 00:30,08/06/2025 01:00,16.60,8.20
08/06/2025 01:00,08/06/2025 01:30,15.52,7.73
08/06/2025 01:30,08/06/2025 02:00,15.45,7.69
08/06/2025 02:00,08/06/2025 02:30,15.84,7.87
08/06/2025 02:30,08/06/2025 03:00,13.57,6.87
08/06/2025 03:00,08/06/2025 03:30,13.51,6.85
08/06/2025 03:30,08/06/2025 04:00,11.79,6.09
08/06/2025 04:00,08/06/2025 04:30,11.03,5.75
08/06/2025 04:30,08/06/2025 05:00,7.68,4.28
08/06/2025 05:00,08/06/2025 05:30,9.01,4.86
08/06/2025 05:30,08/06/2025 06:00,7.32,4.12
08/06/2025 06:00,08/06/2025 06:30,3.53,2.45
08/06/2025 06:30,08/06/2025 07:00,5.37,3.26
08/06/2025 07:00,08/06/2025 07:30,1.06,1.37
08/06/2025 07:30,08/06/2025 08:00,0.00,0.90
08/06/2025 08:00,08/06/2025 08:30,-0.02,0.89
08/06/2025 08:30,08/06/2025 09:00,1.10,1.38
08/06/2025 09:00,08/06/2025 09:30,0.22,1.00
08/06/2025 09:30,08/06/2025 10:00,1.54,1.58
08/06/2025 10:00,08/06/2025 10:30,2.21,1.87
08/06/2025 10:30,08/06/2025 11:00,3.97,2.65
08/06/2025 11:00,08/06/2025 11:30,2.47,1.99
08/06/2025 11:30,08/06/2025 12:00,4.83,3.03
08/06/2025 12:00,08/06/2025 12:30,4.76,2.99
08/06/2025 12:30,08/06/2025 13:00,5.64,3.38
08/06/2025 13:00,08/06/2025 13:30,7.06,4.00
08/06/2025 13:30,08/06/2025 14:00,5.84,3.47
08/06/2025 14:00,08/06/2025 14:30,9.61,5.13
08/06/2025 14:30,08/06/2025 15:00,9.61,5.13
08/06/2025 15:00,08/06/2025 15:30,14.99,7.50
08/06/2025 15:30,08/06/2025 16:00,17.64,8.66
08/06/2025 16:00,08/06/2025 16:30,32.13,12.88
08/06/2025 16:30,08/06/2025 17:00,33.41,13.44
08/06/2025 17:00,08/06/2025 17:30,32.79,13.17
08/06/2025 17:30,08/06/2025 18:00,31.99,12.82
08/06/2025 18:00,08/06/2025 18:30,33.49,13.48
08/06/2025 18:30,08/06/2025 19:00,33.08,13.30
08/06/2025 19:00,08/06/2025 19:30,21.91,10.54
08/06/2025 19:30,08/06/2025 20:00,23.29,11.14
08/06/2025 20:00,08/06/2025 20:30,24.03,11.47
08/06/2025 20:30,08/06/2025 21:00,23.39,11.19
08/06/2025 21:00,08/06/2025 21:30,22.57,10.83
08/06/2025 21:30,08/06/2025 22:00,21.27,10.26
08/06/2025 22:00,08/06/2025 22:30,21.52,10.37
08/06/2025 22:30,08/06/2025 23:00,18.34,8.97
08/06/2025 23:00,08/06/2025 23:30,17.86,8.76
08/06/2025 23:30,09/06/2025 00:00,18.98,9.25
09/06/2025 00:00,09/06/2025 00:30,16.05,7.96
09/06/2025 00:30,09/06/2025 01:00,15.05,7.52
09/06/2025 01:00,09/06/2025 01:30,14.33,7.20
09/06/2025 01:30,09/06/2025 02:00,14.55,7.30
09/06/2025 02:00,09/06/2025 02:30,13.67,6.91
09/06/2025 02:30,09/06/2025 03:00,13.59,6.88
09/06/2025 03:00,09/06/2025 03:30,13.39,6.79
09/06/2025 03:30,09/06/2025 04:00,13.23,6.72
09/06/2025 04:00,09/06/2025 04:30,13.23,6.72
09/06/2025 04:30,09/06/2025 05:00,12.89,6.57
09/06/2025 05:00,09/06/2025 05:30,14.52,7.29
09/06/2025 05:30,09/06/2025 06:00,14.89,7.45
09/06/2025 06:00,09/06/2025 06:30,16.74,8.26
09/06/2025 06:30,09/06/2025 07:00,17.64,8.66
09/06/2025 07:00,09/06/2025 07:30,19.05,9.28
09/06/2025 07:30,09/06/2025 08:00,19.40,9.44
09/06/2025 08:00,09/06/2025 08:30,21.83,10.50
09/06/2025 08:30,09/06/2025 09:00,20.84,10.07
09/06/2025 09:00,09/06/2025 09:30,22.54,10.82
09/06/2025 09:30,09/06/2025 10:00,21.35,10.29
09/06/2025 10:00,09/06/2025 10:30,21.75,10.47
09/06/2025 10:30,09/06/2025 11:00,20.82,10.06
09/06/2025 11:00,09/06/2025 11:30,20.29,9.82
09/06/2025 11:30,09/06/2025 12:00,19.91,9.66
09/06/2025 12:00,09/06/2025 12:30,19.34,9.41
09/06/2025 12:30,09/06/2025 13:00,18.74,9.14
09/06/2025 13:00,09/06/2025 13:30,18.74,9.14
09/06/2025 13:30,09/06/2025 14:00,17.50,8.60
09/06/2025 14:00,09/06/2025 14:30,16.17,8.01
09/06/2025 14:30,09/06/2025 15:00,16.17,8.01
09/06/2025 15:00,09/06/2025 15:30,16.46,8.14
09/06/2025 15:30,09/06/2025 16:00,16.56,8.18
09/06/2025 16:00,09/06/2025 16:30,29.68,11.80
09/06/2025 16:30,09/06/2025 17:00,31.31,12.52
09/06/2025 17:00,09/06/2025 17:30,30.93,12.35
09/06/2025 17:30,09/06/2025 18:00,32.22,12.92
09/06/2025 18:00,09/06/2025 18:30,34.29,13.83
09/06/2025 18:30,09/06/2025 19:00,34.40,13.88
09/06/2025 19:00,09/06/2025 19:30,24.52,11.69
09/06/2025 19:30,09/06/2025 20:00,24.25,11.57
09/06/2025 20:00,09/06/2025 20:30,25.40,12.07
09/06/2025 20:30,09/06/2025 21:00,24.97,11.89
09/06/2025 21:00,09/06/2025 21:30,22.87,10.96
09/06/2025 21:30,09/06/2025 22:00,21.33,10.28
09/06/2025 22:00,09/06/2025 22:30,18.16,8.89
09/06/2025 22:30,09/06/2025 23:00,16.86,8.32
09/06/2025 23:00,09/06/2025 23:30,16.98,8.37
09/06/2025 23:30,10/06/2025 00:00,15.21,7.59
10/06/2025 00:00,10/06/2025 00:30,15.17,7.57
10/06/2025 00:30,10/06/2025 01:00,13.42,6.80
10/06/2025 01:00,10/06/2025 01:30,11.84,6.11
10/06/2025 01:30,10/06/2025 02:00,12.35,6.33
10/06/2025 02:00,10/06/2025 02:30,12.12,6.23
10/06/2025 02:30,10/06/2025 03:00,10.44,5.49
10/06/2025 03:00,10/06/2025 03:30,11.03,5.75
10/06/2025 03:30,10/06/2025 04:00,10.76,5.63
10/06/2025 04:00,10/06/2025 04:30,12.26,6.29
10/06/2025 04:30,10/06/2025 05:00,11.47,5.94
10/06/2025 05:00,10/06/2025 05:30,12.99,6.61
10/06/2025 05:30,10/06/2025 06:00,13.22,6.72
10/06/2025 06:00,10/06/2025 06:30,14.55,7.30
10/06/2025 06:30,10/06/2025 07:00,16.76,8.27
10/06/2025 07:00,10/06/2025 07:30,15.81,7.85
10/06/2025 07:30,10/06/2025 08:00,16.93,8.35
10/06/2025 08:00,10/06/2025 08:30,16.54,8.18
10/06/2025 08:30,10/06/2025 09:00,16.38,8.11
10/06/2025 09:00,10/06/2025 09:30,18.91,9.22
10/06/2025 09:30,10/06/2025 10:00,17.64,8.66
10/06/2025 10:00,10/06/2025 10:30,17.98,8.81
10/06/2025 10:30,10/06/2025 11:00,17.38,8.54
10/06/2025 11:00,10/06/2025 11:30,18.91,9.22
10/06/2025 11:30,10/06/2025 12:00,18.08,8.85
10/06/2025 12:00,10/06/2025 12:30,18.09,8.86
10/06/2025 12:30,10/06/2025 13:00,17.73,8.70
10/06/2025 13:00,10/06/2025 13:30,18.30,8.95
10/06/2025 13:30,10/06/2025 14:00,18.08,8.85
10/06/2025 14:00,10/06/2025 14:30,18.08,8.85
10/06/2025 14:30,10/06/2025 15:00,17.09,8.42
10/06/2025 15:00,10/06/2025 15:30,17.48,8.59
10/06/2025 15:30,10/06/2025 16:00,18.74,9.14
10/06/2025 16:00,10/06/2025 16:30,29.09,11.54
10/06/2025 16:30,10/06/2025 17:00,31.29,12.51
10/06/2025 17:00,10/06/2025 17:30,32.66,13.11
10/06/2025 17:30,10/06/2025 18:00,33.49,13.48
10/06/2025 18:00,10/06/2025 18:30,34.82,14.06
10/06/2025 18:30,10/06/2025 19:00,37.11,15.07
10/06/2025 19:00,10/06/2025 19:30,24.48,11.67
10/06/2025 19:30,10/06/2025 20:00,25.36,12.06
10/06/2025 20:00,10/06/2025 20:30,24.34,11.61
10/06/2025 20:30,10/06/2025 21:00,23.61,11.29
10/06/2025 21:00,10/06/2025 21:30,23.07,11.05
10/06/2025 21:30,10/06/2025 22:00,23.13,11.08
10/06/2025 22:00,10/06/2025 22:30,22.57,10.83
10/06/2025 22:30,10/06/2025 23:00,19.23,9.36
10/06/2025 23:00,10/06/2025 23:30,21.61,10.41
10/06/2025 23:30,11/06/2025 00:00,20.34,9.85
11/06/2025 00:00,11/06/2025 00:30,18.81,9.17
11/06/2025 00:30,11/06/2025 01:00,17.62,8.65
11/06/2025 01:00,11/06/2025 01:30,16.58,8.19
11/06/2025 01:30,11/06/2025 02:00,16.58,8.19
11/06/2025 02:00,11/06/2025 02:30,16.32,8.08
11/06/2025 02:30,11/06/2025 03:00,16.10,7.98
11/06/2025 03:00,11/06/2025 03:30,15.88,7.88
11/06/2025 03:30,11/06/2025 04:00,15.69,7.80
11/06/2025 04:00,11/06/2025 04:30,16.00,7.94
11/06/2025 04:30,11/06/2025 05:00,14.35,7.21
11/06/2025 05:00,11/06/2025 05:30,16.58,8.19
11/06/2025 05:30,11/06/2025 06:00,16.58,8.19
11/06/2025 06:00,11/06/2025 06:30,19.16,9.33
11/06/2025 06:30,11/06/2025 07:00,21.06,10.16
11/06/2025 07:00,11/06/2025 07:30,20.51,9.92
11/06/2025 07:30,11/06/2025 08:00,20.64,9.98
11/06/2025 08:00,11/06/2025 08:30,19.59,9.52
11/06/2025 08:30,11/06/2025 09:00,16.32,8.08
11/06/2025 09:00,11/06/2025 09:30,16.54,8.18
11/06/2025 09:30,11/06/2025 10:00,16.40,8.12
11/06/2025 10:00,11/06/2025 10:30,17.51,8.61
11/06/2025 10:30,11/06/2025 11:00,16.58,8.19
11/06/2025 11:00,11/06/2025 11:30,16.54,8.18
11/06/2025 11:30,11/06/2025 12:00,16.54,8.18
11/06/2025 12:00,11/06/2025 12:30,16.58,8.19
11/06/2025 12:30,11/06/2025 13:00,15.44,7.69
11/06/2025 13:00,11/06/2025 13:30,13.23,6.72
11/06/2025 13:30,11/06/2025 14:00,13.01,6.62
11/06/2025 14:00,11/06/2025 14:30,12.39,6.35
11/06/2025 14:30,11/06/2025 15:00,11.80,6.09
11/06/2025 15:00,11/06/2025 15:30,11.47,5.94
11/06/2025 15:30,11/06/2025 16:00,12.49,6.40
11/06/2025 16:00,11/06/2025 16:30,26.60,10.44
11/06/2025 16:30,11/06/2025 17:00,27.63,10.90
11/06/2025 17:00,11/06/2025 17:30,31.18,12.46
11/06/2025 17:30,11/06/2025 18:00,30.85,12.32
11/06/2025 18:00,11/06/2025 18:30,33.94,13.67
11/06/2025 18:30,11/06/2025 19:00,35.58,14.40
11/06/2025 19:00,11/06/2025 19:30,22.60,10.84
11/06/2025 19:30,11/06/2025 20:00,22.75,10.91
11/06/2025 20:00,11/06/2025 20:30,22.05,10.60
11/06/2025 20:30,11/06/2025 21:00,22.49,10.79
11/06/2025 21:00,11/06/2025 21:30,20.81,10.06
11/06/2025 21:30,11/06/2025 22:00,19.21,9.35
11/06/2025 22:00,11/06/2025 22:30,16.62,8.21
11/06/2025 22:30,11/06/2025 23:00,12.99,6.61
11/06/2025 23:00,11/06/2025 23:30,17.42,8.56
11/06/2025 23:30,12/06/2025 00:00,16.80,8.29
12/06/2025 00:00,12/06/2025 00:30,16.54,8.18
12/06/2025 00:30,12/06/2025 01:00,15.93,7.91
12/06/2025 01:00,12/06/2025 01:30,16.78,8.28
12/06/2025 01:30,12/06/2025 02:00,16.42,8.13
12/06/2025 02:00,12/06/2025 02:30,15.20,7.59
12/06/2025 02:30,12/06/2025 03:00,13.23,6.72
12/06/2025 03:00,12/06/2025 03:30,13.63,6.89
12/06/2025 03:30,12/06/2025 04:00,12.80,6.53
12/06/2025 04:00,12/06/2025 04:30,13.23,6.72
12/06/2025 04:30,12/06/2025 05:00,13.51,6.85
12/06/2025 05:00,12/06/2025 05:30,13.40,6.80
12/06/2025 05:30,12/06/2025 06:00,11.91,6.14
12/06/2025 06:00,12/06/2025 06:30,14.77,7.40
12/06/2025 06:30,12/06/2025 07:00,17.20,8.47
12/06/2025 07:00,12/06/2025 07:30,15.21,7.59
12/06/2025 07:30,12/06/2025 08:00,16.25,8.05
12/06/2025 08:00,12/06/2025 08:30,13.05,6.64
12/06/2025 08:30,12/06/2025 09:00,10.06,5.32
12/06/2025 09:00,12/06/2025 09:30,12.55,6.42
12/06/2025 09:30,12/06/2025 10:00,8.93,4.83
12/06/2025 10:00,12/06/2025 10:30,8.82,4.78
12/06/2025 10:30,12/06/2025 11:00,4.41,2.84
12/06/2025 11:00,12/06/2025 11:30,2.85,2.15
12/06/2025 11:30,12/06/2025 12:00,3.04,2.24
12/06/2025 12:00,12/06/2025 12:30,4.41,2.84
12/06/2025 12:30,12/06/2025 13:00,3.37,2.38
12/06/2025 13:00,12/06/2025 13:30,2.21,1.87
12/06/2025 13:30,12/06/2025 14:00,3.22,2.32
12/06/2025 14:00,12/06/2025 14:30,3.09,2.26
12/06/2025 14:30,12/06/2025 15:00,6.36,3.70
12/06/2025 15:00,12/06/2025 15:30,2.21,1.87
12/06/2025 15:30,12/06/2025 16:00,7.33,4.13
12/06/2025 16:00,12/06/2025 16:30,19.65,7.39
12/06/2025 16:30,12/06/2025 17:00,26.00,10.18
12/06/2025 17:00,12/06/2025 17:30,29.63,11.78
12/06/2025 17:30,12/06/2025 18:00,32.61,13.09
12/06/2025 18:00,12/06/2025 18:30,33.39,13.43
12/06/2025 18:30,12/06/2025 19:00,32.30,12.95
12/06/2025 19:00,12/06/2025 19:30,22.35,10.74
12/06/2025 19:30,12/06/2025 20:00,24.03,11.47
12/06/2025 20:00,12/06/2025 20:30,22.41,10.76
12/06/2025 20:30,12/06/2025 21:00,23.33,11.17
12/06/2025 21:00,12/06/2025 21:30,20.97,10.12
12/06/2025 21:30,12/06/2025 22:00,20.24,9.80
12/06/2025 22:00,12/06/2025 22:30,17.64,8.66
12/06/2025 22:30,12/06/2025 23:00,14.01,7.06
12/06/2025 23:00,12/06/2025 23:30,16.95,8.36
12/06/2025 23:30,13/06/2025 00:00,14.57,7.31
13/06/2025 00:00,13/06/2025 00:30,15.52,7.73
13/06/2025 00:30,13/06/2025 01:00,15.35,7.65
13/06/2025 01:00,13/06/2025 01:30,15.52,7.73
13/06/2025 01:30,13/06/2025 02:00,16.32,8.08
13/06/2025 02:00,13/06/2025 02:30,16.00,7.94
13/06/2025 02:30,13/06/2025 03:00,15.30,7.63
13/06/2025 03:00,13/06/2025 03:30,14.99,7.50
13/06/2025 03:30,13/06/2025 04:00,14.77,7.40
13/06/2025 04:00,13/06/2025 04:30,16.27,8.06
13/06/2025 04:30,13/06/2025 05:00,16.10,7.98
13/06/2025 05:00,13/06/2025 05:30,17.17,8.45
13/06/2025 05:30,13/06/2025 06:00,17.66,8.67
13/06/2025 06:00,13/06/2025 06:30,20.22,9.79
13/06/2025 06:30,13/06/2025 07:00,20.95,10.12
13/06/2025 07:00,13/06/2025 07:30,20.33,9.84
13/06/2025 07:30,13/06/2025 08:00,20.84,10.07
13/06/2025 08:00,13/06/2025 08:30,21.70,10.45
13/06/2025 08:30,13/06/2025 09:00,20.52,9.92
13/06/2025 09:00,13/06/2025 09:30,20.07,9.73
13/06/2025 09:30,13/06/2025 10:00,17.18,8.46
13/06/2025 10:00,13/06/2025 10:30,17.46,8.58
13/06/2025 10:30,13/06/2025 11:00,17.64,8.66
13/06/2025 11:00,13/06/2025 11:30,16.75,8.27
13/06/2025 11:30,13/06/2025 12:00,15.66,7.79
13/06/2025 12:00,13/06/2025 12:30,14.33,7.20
13/06/2025 12:30,13/06/2025 13:00,13.38,6.79
13/06/2025 13:00,13/06/2025 13:30,13.38,6.79
13/06/2025 13:30,13/06/2025 14:00,13.84,6.99
13/06/2025 14:00,13/06/2025 14:30,12.79,6.52
13/06/2025 14:30,13/06/2025 15:00,12.85,6.56
13/06/2025 15:00,13/06/2025 15:30,13.86,7.00
13/06/2025 15:30,13/06/2025 16:00,14.83,7.42
13/06/2025 16:00,13/06/2025 16:30,30.19,12.02
13/06/2025 16:30,13/06/2025 17:00,30.19,12.02
13/06/2025 17:00,13/06/2025 17:30,31.84,12.75
13/06/2025 17:30,13/06/2025 18:00,31.95,12.80
13/06/2025 18:00,13/06/2025 18:30,33.58,13.52
13/06/2025 18:30,13/06/2025 19:00,34.40,13.88
13/06/2025 19:00,13/06/2025 19:30,23.17,11.09
13/06/2025 19:30,13/06/2025 20:00,23.89,11.41
13/06/2025 20:00,13/06/2025 20:30,22.93,10.99
13/06/2025 20:30,13/06/2025 21:00,23.11,11.07
13/06/2025 21:00,13/06/2025 21:30,21.21,10.23
13/06/2025 21:30,13/06/2025 22:00,20.83,10.07
13/06/2025 22:00,13/06/2025 22:30,18.96,9.24
13/06/2025 22:30,13/06/2025 23:00,16.60,8.20
13/06/2025 23:00,13/06/2025 23:30,21.39,10.31
13/06/2025 23:30,14/06/2025 00:00,18.70,9.13
14/06/2025 00:00,14/06/2025 00:30,18.56,9.07
14/06/2025 00:30,14/06/2025 01:00,18.53,9.05
14/06/2025 01:00,14/06/2025 01:30,17.78,8.72
14/06/2025 01:30,14/06/2025 02:00,19.40,9.44
14/06/2025 02:00,14/06/2025 02:30,19.40,9.44
14/06/2025 02:30,14/06/2025 03:00,17.78,8.72
14/06/2025 03:00,14/06/2025 03:30,16.94,8.35
14/06/2025 03:30,14/06/2025 04:00,16.54,8.18
14/06/2025 04:00,14/06/2025 04:30,17.06,8.41
14/06/2025 04:30,14/06/2025 05:00,15.54,7.74
14/06/2025 05:00,14/06/2025 05:30,16.23,8.04
14/06/2025 05:30,14/06/2025 06:00,15.47,7.70
14/06/2025 06:00,14/06/2025 06:30,16.74,8.26
14/06/2025 06:30,14/06/2025 07:00,15.72,7.82
14/06/2025 07:00,14/06/2025 07:30,19.40,9.44
14/06/2025 07:30,14/06/2025 08:00,20.18,9.78
14/06/2025 08:00,14/06/2025 08:30,19.51,9.48
14/06/2025 08:30,14/06/2025 09:00,19.11,9.31
14/06/2025 09:00,14/06/2025 09:30,19.13,9.31
14/06/2025 09:30,14/06/2025 10:00,16.23,8.04
14/06/2025 10:00,14/06/2025 10:30,17.78,8.72
14/06/2025 10:30,14/06/2025 11:00,15.04,7.52
14/06/2025 11:00,14/06/2025 11:30,12.13,6.24
14/06/2025 11:30,14/06/2025 12:00,10.83,5.66
14/06/2025 12:00,14/06/2025 12:30,8.27,4.54
14/06/2025 12:30,14/06/2025 13:00,5.43,3.29
14/06/2025 13:00,14/06/2025 13:30,2.47,1.99
14/06/2025 13:30,14/06/2025 14:00,2.47,1.99
14/06/2025 14:00,14/06/2025 14:30,1.76,1.68
14/06/2025 14:30,14/06/2025 15:00,2.29,1.91
14/06/2025 15:00,14/06/2025 15:30,2.54,2.02
14/06/2025 15:30,14/06/2025 16:00,3.31,2.36
14/06/2025 16:00,14/06/2025 16:30,15.86,5.72
14/06/2025 16:30,14/06/2025 17:00,20.27,7.66
14/06/2025 17:00,14/06/2025 17:30,28.64,11.35
14/06/2025 17:30,14/06/2025 18:00,31.09,12.42
14/06/2025 18:00,14/06/2025 18:30,31.51,12.61
14/06/2025 18:30,14/06/2025 19:00,33.76,13.60
14/06/2025 19:00,14/06/2025 19:30,21.39,10.31
14/06/2025 19:30,14/06/2025 20:00,22.33,10.72
14/06/2025 20:00,14/06/2025 20:30,20.61,9.97
14/06/2025 20:30,14/06/2025 21:00,22.05,10.60
14/06/2025 21:00,14/06/2025 21:30,20.73,10.02
14/06/2025 21:30,14/06/2025 22:00,20.73,10.02
14/06/2025 22:00,14/06/2025 22:30,21.65,10.43
14/06/2025 22:30,14/06/2025 23:00,20.38,9.87
14/06/2025 23:00,14/06/2025 23:30,18.30,8.95
14/06/2025 23:30,15/06/2025 00:00,19.00,9.26
15/06/2025 00:00,15/06/2025 00:30,19.05,9.28
15/06/2025 00:30,15/06/2025 01:00,18.16,8.89
15/06/2025 01:00,15/06/2025 01:30,17.36,8.53
15/06/2025 01:30,15/06/2025 02:00,17.75,8.71
15/06/2025 02:00,15/06/2025 02:30,18.53,9.05
15/06/2025 02:30,15/06/2025 03:00,16.23,8.04
15/06/2025 03:00,15/06/2025 03:30,16.04,7.96
15/06/2025 03:30,15/06/2025 04:00,15.52,7.73
15/06/2025 04:00,15/06/2025 04:30,15.21,7.59
15/06/2025 04:30,15/06/2025 05:00,14.82,7.42
15/06/2025 05:00,15/06/2025 05:30,15.15,7.56
15/06/2025 05:30,15/06/2025 06:00,14.47,7.26
15/06/2025 06:00,15/06/2025 06:30,14.15,7.13
15/06/2025 06:30,15/06/2025 07:00,14.42,7.24
15/06/2025 07:00,15/06/2025 07:30,10.87,5.68
15/06/2025 07:30,15/06/2025 08:00,12.35,6.33
15/06/2025 08:00,15/06/2025 08:30,6.62,3.81
15/06/2025 08:30,15/06/2025 09:00,10.23,5.40
15/06/2025 09:00,15/06/2025 09:30,11.47,5.94
15/06/2025 09:30,15/06/2025 10:00,11.25,5.85
15/06/2025 10:00,15/06/2025 10:30,10.45,5.50
15/06/2025 10:30,15/06/2025 11:00,9.18,4.94
15/06/2025 11:00,15/06/2025 11:30,8.38,4.59
15/06/2025 11:30,15/06/2025 12:00,4.41,2.84
15/06/2025 12:00,15/06/2025 12:30,3.75,2.55
15/06/2025 12:30,15/06/2025 13:00,3.31,2.36
15/06/2025 13:00,15/06/2025 13:30,5.33,3.25
15/06/2025 13:30,15/06/2025 14:00,4.23,2.76
15/06/2025 14:00,15/06/2025 14:30,4.59,2.92
15/06/2025 14:30,15/06/2025 15:00,4.75,2.99
15/06/2025 15:00,15/06/2025 15:30,6.55,3.78
15/06/2025 15:30,15/06/2025 16:00,7.28,4.10
15/06/2025 16:00,15/06/2025 16:30,26.36,10.34
15/06/2025 16:30,15/06/2025 17:00,29.97,11.93
15/06/2025 17:00,15/06/2025 17:30,31.73,12.70
15/06/2025 17:30,15/06/2025 18:00,33.01,13.27
15/06/2025 18:00,15/06/2025 18:30,33.27,13.38
15/06/2025 18:30,15/06/2025 19:00,33.32,13.40
15/06/2025 19:00,15/06/2025 19:30,21.57,10.39
15/06/2025 19:30,15/06/2025 20:00,22.93,10.99
15/06/2025 20:00,15/06/2025 20:30,24.34,11.61
15/06/2025 20:30,15/06/2025 21:00,24.25,11.57
15/06/2025 21:00,15/06/2025 21:30,23.32,11.16
15/06/2025 21:30,15/06/2025 22:00,23.78,11.36
15/06/2025 22:00,15/06/2025 22:30,20.46,9.90
15/06/2025 22:30,15/06/2025 23:00,19.97,9.68
15/06/2025 23:00,15/06/2025 23:30,20.46,9.90
15/06/2025 23:30,16/06/2025 00:00,23.33,11.16
16/06/2025 00:00,16/06/2025 00:30,20.95,10.12
16/06/2025 00:30,16/06/2025 01:00,20.73,10.02
16/06/2025 01:00,16/06/2025 01:30,18.19,8.90
16/06/2025 01:30,16/06/2025 02:00,18.22,8.92
16/06/2025 02:00,16/06/2025 02:30,19.02,9.27
16/06/2025 02:30,16/06/2025 03:00,17.86,8.76
16/06/2025 03:00,16/06/2025 03:30,16.94,8.35
16/06/2025 03:30,16/06/2025 04:00,16.16,8.01
16/06/2025 04:00,16/06/2025 04:30,18.22,8.92
16/06/2025 04:30,16/06/2025 05:00,17.28,8.50
16/06/2025 05:00,16/06/2025 05:30,20.39,9.87
16/06/2025 05:30,16/06/2025 06:00,21.39,10.31
16/06/2025 06:00,16/06/2025 06:30,21.91,10.54
16/06/2025 06:30,16/06/2025 07:00,23.37,11.18
16/06/2025 07:00,16/06/2025 07:30,22.67,10.87
16/06/2025 07:30,16/06/2025 08:00,23.46,11.22
16/06/2025 08:00,16/06/2025 08:30,23.81,11.38
16/06/2025 08:30,16/06/2025 09:00,22.09,10.62
16/06/2025 09:00,16/06/2025 09:30,21.83,10.50
16/06/2025 09:30,16/06/2025 10:00,19.84,9.63
16/06/2025 10:00,16/06/2025 10:30,19.03,9.27
16/06/2025 10:30,16/06/2025 11:00,18.22,8.92
16/06/2025 11:00,16/06/2025 11:30,18.52,9.05
16/06/2025 11:30,16/06/2025 12:00,18.34,8.97
16/06/2025 12:00,16/06/2025 12:30,18.35,8.98
16/06/2025 12:30,16/06/2025 13:00,18.22,8.92
16/06/2025 13:00,16/06/2025 13:30,17.56,8.62
16/06/2025 13:30,16/06/2025 14:00,16.62,8.21
16/06/2025 14:00,16/06/2025 14:30,15.88,7.88
16/06/2025 14:30,16/06/2025 15:00,15.90,7.89
16/06/2025 15:00,16/06/2025 15:30,16.13,8.00
16/06/2025 15:30,16/06/2025 16:00,15.88,7.88
16/06/2025 16:00,16/06/2025 16:30,30.44,12.14
16/06/2025 16:30,16/06/2025 17:00,29.17,11.58
16/06/2025 17:00,16/06/2025 17:30,32.97,13.25
16/06/2025 17:30,16/06/2025 18:00,33.22,13.36
16/06/2025 18:00,16/06/2025 18:30,35.22,14.24
16/06/2025 18:30,16/06/2025 19:00,35.92,14.55
16/06/2025 19:00,16/06/2025 19:30,23.04,11.04
16/06/2025 19:30,16/06/2025 20:00,23.92,11.42
16/06/2025 20:00,16/06/2025 20:30,23.59,11.28
16/06/2025 20:30,16/06/2025 21:00,23.61,11.29
16/06/2025 21:00,16/06/2025 21:30,22.69,10.88
16/06/2025 21:30,16/06/2025 22:00,21.07,10.17
16/06/2025 22:00,16/06/2025 22:30,17.97,8.80
16/06/2025 22:30,16/06/2025 23:00,17.75,8.71
16/06/2025 23:00,16/06/2025 23:30,19.18,9.34
16/06/2025 23:30,17/06/2025 00:00,16.87,8.32
17/06/2025 00:00,17/06/2025 00:30,12.24,6.28
17/06/2025 00:30,17/06/2025 01:00,12.24,6.28
17/06/2025 01:00,17/06/2025 01:30,12.68,6.48
17/06/2025 01:30,17/06/2025 02:00,12.79,6.53
17/06/2025 02:00,17/06/2025 02:30,12.79,6.53
17/06/2025 02:30,17/06/2025 03:00,12.26,6.29
17/06/2025 03:00,17/06/2025 03:30,12.47,6.39
17/06/2025 03:30,17/06/2025 04:00,12.57,6.43
17/06/2025 04:00,17/06/2025 04:30,12.79,6.53
17/06/2025 04:30,17/06/2025 05:00,12.36,6.33
17/06/2025 05:00,17/06/2025 05:30,11.36,5.90
17/06/2025 05:30,17/06/2025 06:00,12.17,6.25
17/06/2025 06:00,17/06/2025 06:30,15.88,7.88
17/06/2025 06:30,17/06/2025 07:00,20.07,9.73
17/06/2025 07:00,17/06/2025 07:30,16.40,8.11
17/06/2025 07:30,17/06/2025 08:00,18.66,9.11
17/06/2025 08:00,17/06/2025 08:30,18.53,9.05
17/06/2025 08:30,17/06/2025 09:00,15.66,7.79
17/06/2025 09:00,17/06/2025 09:30,17.11,8.43
17/06/2025 09:30,17/06/2025 10:00,13.71,6.93
17/06/2025 10:00,17/06/2025 10:30,13.89,7.01
17/06/2025 10:30,17/06/2025 11:00,12.35,6.33
17/06/2025 11:00,17/06/2025 11:30,12.49,6.40
17/06/2025 11:30,17/06/2025 12:00,12.24,6.28
17/06/2025 12:00,17/06/2025 12:30,13.59,6.88
17/06/2025 12:30,17/06/2025 13:00,11.48,5.95
17/06/2025 13:00,17/06/2025 13:30,13.09,6.66
17/06/2025 13:30,17/06/2025 14:00,12.79,6.53
17/06/2025 14:00,17/06/2025 14:30,12.89,6.57
17/06/2025 14:30,17/06/2025 15:00,13.01,6.62
17/06/2025 15:00,17/06/2025 15:30,12.79,6.53
17/06/2025 15:30,17/06/2025 16:00,14.16,7.13
17/06/2025 16:00,17/06/2025 16:30,30.85,12.32
17/06/2025 16:30,17/06/2025 17:00,30.19,12.02
17/06/2025 17:00,17/06/2025 17:30,33.80,13.62
17/06/2025 17:30,17/06/2025 18:00,33.02,13.27
17/06/2025 18:00,17/06/2025 18:30,35.50,14.36
17/06/2025 18:30,17/06/2025 19:00,37.26,15.14
17/06/2025 19:00,17/06/2025 19:30,24.61,11.73
17/06/2025 19:30,17/06/2025 20:00,25.56,12.14
17/06/2025 20:00,17/06/2025 20:30,25.14,11.96
17/06/2025 20:30,17/06/2025 21:00,25.40,12.07
17/06/2025 21:00,17/06/2025 21:30,26.54,12.58
17/06/2025 21:30,17/06/2025 22:00,25.55,12.14
17/06/2025 22:00,17/06/2025 22:30,22.60,10.84
17/06/2025 22:30,17/06/2025 23:00,19.90,9.65
17/06/2025 23:00,17/06/2025 23:30,20.95,10.12
17/06/2025 23:30,18/06/2025 00:00,20.99,10.13
18/06/2025 00:00,18/06/2025 00:30,19.54,9.49
18/06/2025 00:30,18/06/2025 01:00,19.71,9.57
18/06/2025 01:00,18/06/2025 01:30,18.44,9.01
18/06/2025 01:30,18/06/2025 02:00,18.31,8.95
18/06/2025 02:00,18/06/2025 02:30,17.20,8.47
18/06/2025 02:30,18/06/2025 03:00,16.82,8.30
18/06/2025 03:00,18/06/2025 03:30,16.82,8.30
18/06/2025 03:30,18/06/2025 04:00,16.40,8.11
18/06/2025 04:00,18/06/2025 04:30,17.35,8.53
18/06/2025 04:30,18/06/2025 05:00,16.98,8.37
18/06/2025 05:00,18/06/2025 05:30,18.81,9.17
18/06/2025 05:30,18/06/2025 06:00,19.26,9.37
18/06/2025 06:00,18/06/2025 06:30,20.75,10.03
18/06/2025 06:30,18/06/2025 07:00,22.42,10.76
18/06/2025 07:00,18/06/2025 07:30,22.49,10.79
18/06/2025 07:30,18/06/2025 08:00,20.48,9.91
18/06/2025 08:00,18/06/2025 08:30,21.72,10.46
18/06/2025 08:30,18/06/2025 09:00,19.12,9.31
18/06/2025 09:00,18/06/2025 09:30,20.07,9.73
18/06/2025 09:30,18/06/2025 10:00,20.51,9.92
18/06/2025 10:00,18/06/2025 10:30,18.49,9.03
18/06/2025 10:30,18/06/2025 11:00,16.98,8.37
18/06/2025 11:00,18/06/2025 11:30,17.20,8.47
18/06/2025 11:30,18/06/2025 12:00,16.23,8.04
18/06/2025 12:00,18/06/2025 12:30,16.12,7.99
18/06/2025 12:30,18/06/2025 13:00,15.70,7.81
18/06/2025 13:00,18/06/2025 13:30,15.21,7.59
18/06/2025 13:30,18/06/2025 14:00,15.66,7.79
18/06/2025 14:00,18/06/2025 14:30,15.21,7.59
18/06/2025 14:30,18/06/2025 15:00,15.33,7.65
18/06/2025 15:00,18/06/2025 15:30,16.76,8.27
18/06/2025 15:30,18/06/2025 16:00,18.31,8.96
18/06/2025 16:00,18/06/2025 16:30,32.07,12.85
18/06/2025 16:30,18/06/2025 17:00,31.95,12.80
18/06/2025 17:00,18/06/2025 17:30,33.49,13.48
18/06/2025 17:30,18/06/2025 18:00,32.39,13.00
18/06/2025 18:00,18/06/2025 18:30,34.91,14.10
18/06/2025 18:30,18/06/2025 19:00,35.26,14.26
18/06/2025 19:00,18/06/2025 19:30,23.59,11.28
18/06/2025 19:30,18/06/2025 20:00,26.02,12.35
18/06/2025 20:00,18/06/2025 20:30,25.36,12.06
18/06/2025 20:30,18/06/2025 21:00,26.46,12.54
18/06/2025 21:00,18/06/2025 21:30,26.10,12.38
18/06/2025 21:30,18/06/2025 22:00,24.92,11.86
18/06/2025 22:00,18/06/2025 22:30,22.98,11.01
18/06/2025 22:30,18/06/2025 23:00,22.16,10.65
18/06/2025 23:00,18/06/2025 23:30,22.49,10.79
18/06/2025 23:30,19/06/2025 00:00,22.29,10.71
19/06/2025 00:00,19/06/2025 00:30,22.06,10.61
19/06/2025 00:30,19/06/2025 01:00,21.13,10.19
19/06/2025 01:00,19/06/2025 01:30,20.45,9.90
19/06/2025 01:30,19/06/2025 02:00,20.59,9.96
19/06/2025 02:00,19/06/2025 02:30,21.39,10.31
19/06/2025 02:30,19/06/2025 03:00,20.39,9.87
19/06/2025 03:00,19/06/2025 03:30,18.34,8.97
19/06/2025 03:30,19/06/2025 04:00,18.16,8.89
19/06/2025 04:00,19/06/2025 04:30,18.19,8.90
19/06/2025 04:30,19/06/2025 05:00,18.16,8.89
19/06/2025 05:00,19/06/2025 05:30,19.43,9.45
19/06/2025 05:30,19/06/2025 06:00,19.10,9.30
19/06/2025 06:00,19/06/2025 06:30,21.65,10.43
19/06/2025 06:30,19/06/2025 07:00,24.25,11.57
19/06/2025 07:00,19/06/2025 07:30,24.25,11.57
19/06/2025 07:30,19/06/2025 08:00,23.95,11.44
19/06/2025 08:00,19/06/2025 08:30,25.58,12.15
19/06/2025 08:30,19/06/2025 09:00,21.82,10.50
19/06/2025 09:00,19/06/2025 09:30,21.82,10.50
19/06/2025 09:30,19/06/2025 10:00,19.84,9.63
19/06/2025 10:00,19/06/2025 10:30,19.51,9.48
19/06/2025 10:30,19/06/2025 11:00,19.62,9.53
19/06/2025 11:00,19/06/2025 11:30,20.79,10.05
19/06/2025 11:30,19/06/2025 12:00,20.00,9.70
19/06/2025 12:00,19/06/2025 12:30,19.51,9.48
19/06/2025 12:30,19/06/2025 13:00,18.34,8.97
19/06/2025 13:00,19/06/2025 13:30,17.84,8.75
19/06/2025 13:30,19/06/2025 14:00,16.92,8.34
19/06/2025 14:00,19/06/2025 14:30,17.17,8.45
19/06/2025 14:30,19/06/2025 15:00,17.27,8.50
19/06/2025 15:00,19/06/2025 15:30,17.42,8.56
19/06/2025 15:30,19/06/2025 16:00,17.86,8.76
19/06/2025 16:00,19/06/2025 16:30,30.18,12.02
19/06/2025 16:30,19/06/2025 17:00,31.73,12.70
19/06/2025 17:00,19/06/2025 17:30,33.05,13.29
19/06/2025 17:30,19/06/2025 18:00,31.96,12.81
19/06/2025 18:00,19/06/2025 18:30,35.04,14.16
19/06/2025 18:30,19/06/2025 19:00,35.84,14.51
19/06/2025 19:00,19/06/2025 19:30,24.92,11.86
19/06/2025 19:30,19/06/2025 20:00,26.18,12.41
19/06/2025 20:00,19/06/2025 20:30,25.00,11.90
19/06/2025 20:30,19/06/2025 21:00,25.27,12.02
19/06/2025 21:00,19/06/2025 21:30,23.99,11.45
19/06/2025 21:30,19/06/2025 22:00,22.93,10.99
19/06/2025 22:00,19/06/2025 22:30,20.57,9.95
19/06/2025 22:30,19/06/2025 23:00,18.08,8.85
19/06/2025 23:00,19/06/2025 23:30,20.23,9.80
19/06/2025 23:30,20/06/2025 00:00,19.65,9.54
20/06/2025 00:00,20/06/2025 00:30,19.16,9.33
20/06/2025 00:30,20/06/2025 01:00,18.52,9.05
20/06/2025 01:00,20/06/2025 01:30,15.44,7.69
20/06/2025 01:30,20/06/2025 02:00,18.10,8.86
20/06/2025 02:00,20/06/2025 02:30,18.59,9.08
20/06/2025 02:30,20/06/2025 03:00,17.35,8.53
20/06/2025 03:00,20/06/2025 03:30,17.20,8.47
20/06/2025 03:30,20/06/2025 04:00,16.12,7.99
20/06/2025 04:00,20/06/2025 04:30,17.42,8.56
20/06/2025 04:30,20/06/2025 05:00,17.35,8.53
20/06/2025 05:00,20/06/2025 05:30,20.03,9.72
20/06/2025 05:30,20/06/2025 06:00,20.23,9.80
20/06/2025 06:00,20/06/2025 06:30,19.84,9.63
20/06/2025 06:30,20/06/2025 07:00,23.81,11.38
20/06/2025 07:00,20/06/2025 07:30,21.67,10.43
20/06/2025 07:30,20/06/2025 08:00,23.64,11.30
20/06/2025 08:00,20/06/2025 08:30,23.37,11.18
20/06/2025 08:30,20/06/2025 09:00,21.61,10.41
20/06/2025 09:00,20/06/2025 09:30,23.64,11.30
20/06/2025 09:30,20/06/2025 10:00,21.51,10.36
20/06/2025 10:00,20/06/2025 10:30,21.54,10.37
20/06/2025 10:30,20/06/2025 11:00,23.48,11.23
20/06/2025 11:00,20/06/2025 11:30,21.86,10.52
20/06/2025 11:30,20/06/2025 12:00,21.08,10.17
20/06/2025 12:00,20/06/2025 12:30,20.18,9.78
20/06/2025 12:30,20/06/2025 13:00,18.65,9.10
20/06/2025 13:00,20/06/2025 13:30,16.98,8.37
20/06/2025 13:30,20/06/2025 14:00,16.54,8.18
20/06/2025 14:00,20/06/2025 14:30,16.56,8.18
20/06/2025 14:30,20/06/2025 15:00,16.54,8.18
20/06/2025 15:00,20/06/2025 15:30,16.46,8.14
20/06/2025 15:30,20/06/2025 16:00,16.01,7.94
20/06/2025 16:00,20/06/2025 16:30,30.24,12.05
20/06/2025 16:30,20/06/2025 17:00,29.52,11.73
20/06/2025 17:00,20/06/2025 17:30,35.26,14.26
20/06/2025 17:30,20/06/2025 18:00,34.04,13.72
20/06/2025 18:00,20/06/2025 18:30,37.08,15.06
20/06/2025 18:30,20/06/2025 19:00,38.62,15.73
20/06/2025 19:00,20/06/2025 19:30,25.68,12.20
20/06/2025 19:30,20/06/2025 20:00,26.51,12.56
20/06/2025 20:00,20/06/2025 20:30,26.51,12.56
20/06/2025 20:30,20/06/2025 21:00,26.68,12.64
20/06/2025 21:00,20/06/2025 21:30,25.40,12.07
20/06/2025 21:30,20/06/2025 22:00,25.36,12.06
20/06/2025 22:00,20/06/2025 22:30,22.89,10.97
20/06/2025 22:30,20/06/2025 23:00,21.61,10.41
20/06/2025 23:00,20/06/2025 23:30,21.87,10.52
20/06/2025 23:30,21/06/2025 00:00,22.57,10.83
21/06/2025 00:00,21/06/2025 00:30,20.55,9.94
21/06/2025 00:30,21/06/2025 01:00,20.43,9.89
21/06/2025 01:00,21/06/2025 01:30,19.40,9.44
21/06/2025 01:30,21/06/2025 02:00,21.39,10.31
21/06/2025 02:00,21/06/2025 02:30,20.41,9.88
21/06/2025 02:30,21/06/2025 03:00,18.74,9.14
21/06/2025 03:00,21/06/2025 03:30,18.52,9.05
21/06/2025 03:30,21/06/2025 04:00,19.62,9.53
21/06/2025 04:00,21/06/2025 04:30,19.95,9.68
21/06/2025 04:30,21/06/2025 05:00,18.76,9.15
21/06/2025 05:00,21/06/2025 05:30,19.27,9.37
21/06/2025 05:30,21/06/2025 06:00,19.27,9.37
21/06/2025 06:00,21/06/2025 06:30,18.84,9.18
21/06/2025 06:30,21/06/2025 07:00,19.60,9.53
21/06/2025 07:00,21/06/2025 07:30,18.96,9.24
21/06/2025 07:30,21/06/2025 08:00,19.03,9.27
21/06/2025 08:00,21/06/2025 08:30,22.27,10.70
21/06/2025 08:30,21/06/2025 09:00,22.27,10.70
21/06/2025 09:00,21/06/2025 09:30,23.15,11.08
21/06/2025 09:30,21/06/2025 10:00,22.93,10.99
21/06/2025 10:00,21/06/2025 10:30,20.51,9.92
21/06/2025 10:30,21/06/2025 11:00,20.13,9.75
21/06/2025 11:00,21/06/2025 11:30,18.94,9.23
21/06/2025 11:30,21/06/2025 12:00,17.46,8.58
21/06/2025 12:00,21/06/2025 12:30,14.20,7.14
21/06/2025 12:30,21/06/2025 13:00,11.91,6.14
21/06/2025 13:00,21/06/2025 13:30,11.57,5.99
21/06/2025 13:30,21/06/2025 14:00,10.36,5.46
21/06/2025 14:00,21/06/2025 14:30,10.58,5.56
21/06/2025 14:30,21/06/2025 15:00,10.58,5.56
21/06/2025 15:00,21/06/2025 15:30,9.91,5.26
21/06/2025 15:30,21/06/2025 16:00,10.69,5.60
21/06/2025 16:00,21/06/2025 16:30,27.22,10.72
21/06/2025 16:30,21/06/2025 17:00,30.51,12.17
21/06/2025 17:00,21/06/2025 17:30,34.07,13.73
21/06/2025 17:30,21/06/2025 18:00,32.90,13.22
21/06/2025 18:00,21/06/2025 18:30,37.68,15.32
21/06/2025 18:30,21/06/2025 19:00,37.67,15.32
21/06/2025 19:00,21/06/2025 19:30,25.54,12.13
21/06/2025 19:30,21/06/2025 20:00,25.76,12.23
21/06/2025 20:00,21/06/2025 20:30,26.10,12.38
21/06/2025 20:30,21/06/2025 21:00,26.10,12.38
21/06/2025 21:00,21/06/2025 21:30,25.70,12.21
21/06/2025 21:30,21/06/2025 22:00,25.45,12.10
21/06/2025 22:00,21/06/2025 22:30,22.05,10.60
21/06/2025 22:30,21/06/2025 23:00,20.71,10.01
21/06/2025 23:00,21/06/2025 23:30,20.24,9.80
21/06/2025 23:30,22/06/2025 00:00,21.17,10.21
22/06/2025 00:00,22/06/2025 00:30,20.75,10.03
22/06/2025 00:30,22/06/2025 01:00,19.46,9.46
22/06/2025 01:00,22/06/2025 01:30,18.38,8.98
22/06/2025 01:30,22/06/2025 02:00,17.30,8.51
22/06/2025 02:00,22/06/2025 02:30,16.80,8.29
22/06/2025 02:30,22/06/2025 03:00,16.10,7.98
22/06/2025 03:00,22/06/2025 03:30,14.89,7.45
22/06/2025 03:30,22/06/2025 04:00,14.77,7.40
22/06/2025 04:00,22/06/2025 04:30,12.13,6.24
22/06/2025 04:30,22/06/2025 05:00,8.82,4.78
22/06/2025 05:00,22/06/2025 05:30,11.13,5.80
22/06/2025 05:30,22/06/2025 06:00,8.60,4.68
22/06/2025 06:00,22/06/2025 06:30,4.41,2.84
22/06/2025 06:30,22/06/2025 07:00,3.75,2.55
22/06/2025 07:00,22/06/2025 07:30,0.22,1.00
22/06/2025 07:30,22/06/2025 08:00,-1.60,0.20
22/06/2025 08:00,22/06/2025 08:30,-1.10,0.42
22/06/2025 08:30,22/06/2025 09:00,-2.43,0.00
22/06/2025 09:00,22/06/2025 09:30,-1.10,0.42
22/06/2025 09:30,22/06/2025 10:00,-4.85,0.00
22/06/2025 10:00,22/06/2025 10:30,-0.98,0.47
22/06/2025 10:30,22/06/2025 11:00,-3.31,0.00
22/06/2025 11:00,22/06/2025 11:30,-0.51,0.68
22/06/2025 11:30,22/06/2025 12:00,-2.78,0.00
22/06/2025 12:00,22/06/2025 12:30,-2.98,0.00
22/06/2025 12:30,22/06/2025 13:00,-2.58,0.00
22/06/2025 13:00,22/06/2025 13:30,-1.98,0.03
22/06/2025 13:30,22/06/2025 14:00,-1.98,0.03
22/06/2025 14:00,22/06/2025 14:30,-5.19,0.00
22/06/2025 14:30,22/06/2025 15:00,-2.01,0.02
22/06/2025 15:00,22/06/2025 15:30,0.60,1.16
22/06/2025 15:30,22/06/2025 16:00,1.71,1.65
22/06/2025 16:00,22/06/2025 16:30,12.87,4.41
22/06/2025 16:30,22/06/2025 17:00,15.86,5.72
22/06/2025 17:00,22/06/2025 17:30,23.35,9.02
22/06/2025 17:30,22/06/2025 18:00,26.00,10.18
22/06/2025 18:00,22/06/2025 18:30,29.44,11.70
22/06/2025 18:30,22/06/2025 19:00,30.65,12.23
22/06/2025 19:00,22/06/2025 19:30,22.05,10.60
22/06/2025 19:30,22/06/2025 20:00,22.59,10.84
22/06/2025 20:00,22/06/2025 20:30,22.51,10.80
22/06/2025 20:30,22/06/2025 21:00,22.75,10.91
22/06/2025 21:00,22/06/2025 21:30,23.29,11.14
22/06/2025 21:30,22/06/2025 22:00,22.71,10.89
22/06/2025 22:00,22/06/2025 22:30,21.61,10.41
22/06/2025 22:30,22/06/2025 23:00,18.50,9.04
22/06/2025 23:00,22/06/2025 23:30,10.28,5.42
22/06/2025 23:30,23/06/2025 00:00,5.51,3.32
23/06/2025 00:00,23/06/2025 00:30,4.92,3.07
23/06/2025 00:30,23/06/2025 01:00,3.97,2.65
23/06/2025 01:00,23/06/2025 01:30,3.96,2.64
23/06/2025 01:30,23/06/2025 02:00,2.87,2.16
23/06/2025 02:00,23/06/2025 02:30,3.31,2.36
23/06/2025 02:30,23/06/2025 03:00,0.66,1.19
23/06/2025 03:00,23/06/2025 03:30,0.00,0.90
23/06/2025 03:30,23/06/2025 04:00,-1.54,0.22
23/06/2025 04:00,23/06/2025 04:30,-0.88,0.51
23/06/2025 04:30,23/06/2025 05:00,-1.98,0.03
23/06/2025 05:00,23/06/2025 05:30,2.70,2.09
23/06/2025 05:30,23/06/2025 06:00,3.91,2.62
23/06/2025 06:00,23/06/2025 06:30,3.97,2.65
23/06/2025 06:30,23/06/2025 07:00,5.51,3.32
23/06/2025 07:00,23/06/2025 07:30,7.72,4.30
23/06/2025 07:30,23/06/2025 08:00,8.52,4.64
23/06/2025 08:00,23/06/2025 08:30,3.97,2.65
23/06/2025 08:30,23/06/2025 09:00,0.49,1.12
23/06/2025 09:00,23/06/2025 09:30,0.10,0.95
23/06/2025 09:30,23/06/2025 10:00,-1.74,0.13
23/06/2025 10:00,23/06/2025 10:30,2.71,2.09
23/06/2025 10:30,23/06/2025 11:00,1.70,1.65
23/06/2025 11:00,23/06/2025 11:30,1.47,1.55
23/06/2025 11:30,23/06/2025 12:00,-0.44,0.71
23/06/2025 12:00,23/06/2025 12:30,-0.44,0.71
23/06/2025 12:30,23/06/2025 13:00,0.00,0.90
23/06/2025 13:00,23/06/2025 13:30,-4.41,0.00
23/06/2025 13:30,23/06/2025 14:00,-4.41,0.00
23/06/2025 14:00,23/06/2025 14:30,0.00,0.90
23/06/2025 14:30,23/06/2025 15:00,0.00,0.90
23/06/2025 15:00,23/06/2025 15:30,-0.44,0.71
23/06/2025 15:30,23/06/2025 16:00,1.48,1.55
23/06/2025 16:00,23/06/2025 16:30,13.21,4.56
23/06/2025 16:30,23/06/2025 17:00,18.01,6.66
23/06/2025 17:00,23/06/2025 17:30,13.39,4.63
23/06/2025 17:30,23/06/2025 18:00,17.62,6.50
23/06/2025 18:00,23/06/2025 18:30,24.68,9.60
23/06/2025 18:30,23/06/2025 19:00,27.32,10.76
23/06/2025 19:00,23/06/2025 19:30,15.56,7.74
23/06/2025 19:30,23/06/2025 20:00,19.60,9.53
23/06/2025 20:00,23/06/2025 20:30,19.76,9.59
23/06/2025 20:30,23/06/2025 21:00,19.76,9.59
23/06/2025 21:00,23/06/2025 21:30,18.30,8.95
23/06/2025 21:30,23/06/2025 22:00,18.52,9.05
23/06/2025 22:00,23/06/2025 22:30,18.61,9.09
23/06/2025 22:30,23/06/2025 23:00,16.32,8.08
23/06/2025 23:00,23/06/2025 23:30,15.66,7.79
23/06/2025 23:30,24/06/2025 00:00,12.35,6.33
24/06/2025 00:00,24/06/2025 00:30,11.33,5.89
24/06/2025 00:30,24/06/2025 01:00,10.21,5.39
24/06/2025 01:00,24/06/2025 01:30,10.58,5.56
24/06/2025 01:30,24/06/2025 02:00,9.70,5.17
24/06/2025 02:00,24/06/2025 02:30,7.65,4.27
24/06/2025 02:30,24/06/2025 03:00,7.36,4.14
24/06/2025 03:00,24/06/2025 03:30,6.62,3.81
24/06/2025 03:30,24/06/2025 04:00,8.44,4.62
24/06/2025 04:00,24/06/2025 04:30,7.19,4.07
24/06/2025 04:30,24/06/2025 05:00,6.75,3.87
24/06/2025 05:00,24/06/2025 05:30,10.35,5.45
24/06/2025 05:30,24/06/2025 06:00,10.58,5.56
24/06/2025 06:00,24/06/2025 06:30,13.52,6.85
24/06/2025 06:30,24/06/2025 07:00,16.32,8.08
24/06/2025 07:00,24/06/2025 07:30,12.33,6.32
24/06/2025 07:30,24/06/2025 08:00,14.15,7.13
24/06/2025 08:00,24/06/2025 08:30,9.88,5.25
24/06/2025 08:30,24/06/2025 09:00,7.92,4.38
24/06/2025 09:00,24/06/2025 09:30,8.28,4.54
24/06/2025 09:30,24/06/2025 10:00,4.99,3.09
24/06/2025 10:00,24/06/2025 10:30,5.29,3.23
24/06/2025 10:30,24/06/2025 11:00,3.86,2.60
24/06/2025 11:00,24/06/2025 11:30,4.19,2.74
24/06/2025 11:30,24/06/2025 12:00,3.31,2.36
24/06/2025 12:00,24/06/2025 12:30,3.97,2.65
24/06/2025 12:30,24/06/2025 13:00,2.75,2.11
24/06/2025 13:00,24/06/2025 13:30,3.09,2.26
24/06/2025 13:30,24/06/2025 14:00,2.36,1.94
24/06/2025 14:00,24/06/2025 14:30,2.67,2.07
24/06/2025 14:30,24/06/2025 15:00,2.67,2.07
24/06/2025 15:00,24/06/2025 15:30,3.09,2.26
24/06/2025 15:30,24/06/2025 16:00,5.29,3.23
24/06/2025 16:00,24/06/2025 16:30,15.77,5.68
24/06/2025 16:30,24/06/2025 17:00,20.71,7.85
24/06/2025 17:00,24/06/2025 17:30,26.72,10.50
24/06/2025 17:30,24/06/2025 18:00,30.41,12.12
24/06/2025 18:00,24/06/2025 18:30,33.08,13.30
24/06/2025 18:30,24/06/2025 19:00,33.72,13.58
24/06/2025 19:00,24/06/2025 19:30,23.58,11.28
24/06/2025 19:30,24/06/2025 20:00,24.70,11.76
24/06/2025 20:00,24/06/2025 20:30,23.14,11.08
24/06/2025 20:30,24/06/2025 21:00,23.99,11.45
24/06/2025 21:00,24/06/2025 21:30,23.99,11.45
24/06/2025 21:30,24/06/2025 22:00,23.39,11.19
24/06/2025 22:00,24/06/2025 22:30,21.08,10.17
24/06/2025 22:30,24/06/2025 23:00,18.70,9.13
24/06/2025 23:00,24/06/2025 23:30,18.52,9.05
24/06/2025 23:30,25/06/2025 00:00,14.33,7.20
25/06/2025 00:00,25/06/2025 00:30,13.67,6.91
25/06/2025 00:30,25/06/2025 01:00,13.67,6.91
25/06/2025 01:00,25/06/2025 01:30,16.44,8.13
25/06/2025 01:30,25/06/2025 02:00,16.42,8.13
25/06/2025 02:00,25/06/2025 02:30,16.84,8.31
25/06/2025 02:30,25/06/2025 03:00,16.37,8.10
25/06/2025 03:00,25/06/2025 03:30,17.86,8.76
25/06/2025 03:30,25/06/2025 04:00,16.76,8.27
25/06/2025 04:00,25/06/2025 04:30,18.96,9.24
25/06/2025 04:30,25/06/2025 05:00,18.94,9.23
25/06/2025 05:00,25/06/2025 05:30,21.63,10.42
25/06/2025 05:30,25/06/2025 06:00,18.86,9.19
25/06/2025 06:00,25/06/2025 06:30,21.47,10.35
25/06/2025 06:30,25/06/2025 07:00,21.22,10.24
25/06/2025 07:00,25/06/2025 07:30,23.44,11.21
25/06/2025 07:30,25/06/2025 08:00,24.36,11.61
25/06/2025 08:00,25/06/2025 08:30,24.03,11.47
25/06/2025 08:30,25/06/2025 09:00,22.84,10.95
25/06/2025 09:00,25/06/2025 09:30,22.93,10.99
25/06/2025 09:30,25/06/2025 10:00,21.45,10.34
25/06/2025 10:00,25/06/2025 10:30,22.43,10.77
25/06/2025 10:30,25/06/2025 11:00,20.67,9.99
25/06/2025 11:00,25/06/2025 11:30,19.24,9.36
25/06/2025 11:30,25/06/2025 12:00,16.76,8.27
25/06/2025 12:00,25/06/2025 12:30,16.76,8.27
25/06/2025 12:30,25/06/2025 13:00,16.54,8.18
25/06/2025 13:00,25/06/2025 13:30,15.57,7.75
25/06/2025 13:30,25/06/2025 14:00,14.89,7.45
25/06/2025 14:00,25/06/2025 14:30,14.33,7.20
25/06/2025 14:30,25/06/2025 15:00,14.33,7.20
25/06/2025 15:00,25/06/2025 15:30,13.67,6.91
25/06/2025 15:30,25/06/2025 16:00,14.42,7.24
25/06/2025 16:00,25/06/2025 16:30,27.84,10.99
25/06/2025 16:30,25/06/2025 17:00,28.04,11.08
25/06/2025 17:00,25/06/2025 17:30,32.27,12.94
25/06/2025 17:30,25/06/2025 18:00,30.63,12.22
25/06/2025 18:00,25/06/2025 18:30,37.91,15.42
25/06/2025 18:30,25/06/2025 19:00,38.52,15.69
25/06/2025 19:00,25/06/2025 19:30,26.46,12.54
25/06/2025 19:30,25/06/2025 20:00,26.32,12.48
25/06/2025 20:00,25/06/2025 20:30,26.65,12.62
25/06/2025 20:30,25/06/2025 21:00,26.53,12.57
25/06/2025 21:00,25/06/2025 21:30,26.46,12.54
25/06/2025 21:30,25/06/2025 22:00,25.49,12.11
25/06/2025 22:00,25/06/2025 22:30,22.92,10.99
25/06/2025 22:30,25/06/2025 23:00,21.90,10.54
25/06/2025 23:00,25/06/2025 23:30,21.21,10.23
25/06/2025 23:30,26/06/2025 00:00,20.81,10.06
26/06/2025 00:00,26/06/2025 00:30,18.52,9.05
26/06/2025 00:30,26/06/2025 01:00,18.85,9.19
26/06/2025 01:00,26/06/2025 01:30,16.93,8.34
26/06/2025 01:30,26/06/2025 02:00,17.55,8.62
26/06/2025 02:00,26/06/2025 02:30,15.52,7.73
26/06/2025 02:30,26/06/2025 03:00,14.89,7.45
26/06/2025 03:00,26/06/2025 03:30,15.47,7.70
26/06/2025 03:30,26/06/2025 04:00,15.44,7.69
26/06/2025 04:00,26/06/2025 04:30,15.44,7.69
26/06/2025 04:30,26/06/2025 05:00,14.86,7.44
26/06/2025 05:00,26/06/2025 05:30,15.60,7.76
26/06/2025 05:30,26/06/2025 06:00,14.98,7.49
26/06/2025 06:00,26/06/2025 06:30,20.17,9.77
26/06/2025 06:30,26/06/2025 07:00,22.23,10.68
26/06/2025 07:00,26/06/2025 07:30,20.64,9.98
26/06/2025 07:30,26/06/2025 08:00,21.61,10.41
26/06/2025 08:00,26/06/2025 08:30,22.70,10.89
26/06/2025 08:30,26/06/2025 09:00,21.83,10.50
26/06/2025 09:00,26/06/2025 09:30,19.30,9.39
26/06/2025 09:30,26/06/2025 10:00,18.66,9.11
26/06/2025 10:00,26/06/2025 10:30,17.34,8.52
26/06/2025 10:30,26/06/2025 11:00,17.20,8.47
26/06/2025 11:00,26/06/2025 11:30,16.76,8.27
26/06/2025 11:30,26/06/2025 12:00,14.52,7.29
26/06/2025 12:00,26/06/2025 12:30,14.28,7.18
26/06/2025 12:30,26/06/2025 13:00,11.99,6.18
26/06/2025 13:00,26/06/2025 13:30,12.13,6.24
26/06/2025 13:30,26/06/2025 14:00,10.36,5.46
26/06/2025 14:00,26/06/2025 14:30,11.25,5.85
26/06/2025 14:30,26/06/2025 15:00,10.89,5.69
26/06/2025 15:00,26/06/2025 15:30,9.38,5.03
26/06/2025 15:30,26/06/2025 16:00,10.46,5.50
26/06/2025 16:00,26/06/2025 16:30,24.37,9.47
26/06/2025 16:30,26/06/2025 17:00,27.25,10.73
26/06/2025 17:00,26/06/2025 17:30,29.17,11.58
26/06/2025 17:30,26/06/2025 18:00,31.73,12.70
26/06/2025 18:00,26/06/2025 18:30,32.35,12.98
26/06/2025 18:30,26/06/2025 19:00,31.84,12.75
26/06/2025 19:00,26/06/2025 19:30,21.52,10.37
26/06/2025 19:30,26/06/2025 20:00,22.13,10.64
26/06/2025 20:00,26/06/2025 20:30,21.44,10.33
26/06/2025 20:30,26/06/2025 21:00,22.23,10.68
26/06/2025 21:00,26/06/2025 21:30,21.17,10.21
26/06/2025 21:30,26/06/2025 22:00,21.41,10.32
26/06/2025 22:00,26/06/2025 22:30,20.79,10.05
26/06/2025 22:30,26/06/2025 23:00,17.78,8.72
26/06/2025 23:00,26/06/2025 23:30,17.64,8.66
26/06/2025 23:30,27/06/2025 00:00,17.06,8.41
27/06/2025 00:00,27/06/2025 00:30,16.98,8.37
27/06/2025 00:30,27/06/2025 01:00,16.73,8.26
27/06/2025 01:00,27/06/2025 01:30,17.00,8.38
27/06/2025 01:30,27/06/2025 02:00,17.01,8.38
27/06/2025 02:00,27/06/2025 02:30,16.42,8.12
27/06/2025 02:30,27/06/2025 03:00,15.71,7.81
27/06/2025 03:00,27/06/2025 03:30,15.73,7.82
27/06/2025 03:30,27/06/2025 04:00,14.97,7.49
27/06/2025 04:00,27/06/2025 04:30,16.53,8.17
27/06/2025 04:30,27/06/2025 05:00,14.93,7.47
27/06/2025 05:00,27/06/2025 05:30,17.86,8.76
27/06/2025 05:30,27/06/2025 06:00,17.86,8.76
27/06/2025 06:00,27/06/2025 06:30,20.24,9.80
27/06/2025 06:30,27/06/2025 07:00,20.73,10.02
27/06/2025 07:00,27/06/2025 07:30,19.54,9.50
27/06/2025 07:30,27/06/2025 08:00,20.83,10.07
27/06/2025 08:00,27/06/2025 08:30,18.84,9.19
27/06/2025 08:30,27/06/2025 09:00,17.54,8.61
27/06/2025 09:00,27/06/2025 09:30,18.74,9.14
27/06/2025 09:30,27/06/2025 10:00,16.98,8.37
27/06/2025 10:00,27/06/2025 10:30,14.99,7.50
27/06/2025 10:30,27/06/2025 11:00,12.83,6.55
27/06/2025 11:00,27/06/2025 11:30,13.58,6.87
27/06/2025 11:30,27/06/2025 12:00,11.47,5.94
27/06/2025 12:00,27/06/2025 12:30,8.82,4.78
27/06/2025 12:30,27/06/2025 13:00,6.32,3.68
27/06/2025 13:00,27/06/2025 13:30,4.26,2.78
27/06/2025 13:30,27/06/2025 14:00,2.34,1.93
27/06/2025 14:00,27/06/2025 14:30,3.55,2.46
27/06/2025 14:30,27/06/2025 15:00,3.00,2.22
27/06/2025 15:00,27/06/2025 15:30,4.41,2.84
27/06/2025 15:30,27/06/2025 16:00,6.13,3.60
27/06/2025 16:00,27/06/2025 16:30,25.12,9.79
27/06/2025 16:30,27/06/2025 17:00,29.10,11.54
27/06/2025 17:00,27/06/2025 17:30,29.61,11.77
27/06/2025 17:30,27/06/2025 18:00,29.88,11.89
27/06/2025 18:00,27/06/2025 18:30,31.51,12.61
27/06/2025 18:30,27/06/2025 19:00,31.74,12.71
27/06/2025 19:00,27/06/2025 19:30,20.73,10.02
27/06/2025 19:30,27/06/2025 20:00,20.76,10.03
27/06/2025 20:00,27/06/2025 20:30,21.77,10.47
27/06/2025 20:30,27/06/2025 21:00,21.65,10.43
27/06/2025 21:00,27/06/2025 21:30,22.05,10.60
27/06/2025 21:30,27/06/2025 22:00,20.76,10.03
27/06/2025 22:00,27/06/2025 22:30,17.90,8.78
27/06/2025 22:30,27/06/2025 23:00,16.02,7.95
27/06/2025 23:00,27/06/2025 23:30,16.21,8.03
27/06/2025 23:30,28/06/2025 00:00,13.89,7.01
28/06/2025 00:00,28/06/2025 00:30,11.37,5.90
28/06/2025 00:30,28/06/2025 01:00,11.03,5.75
28/06/2025 01:00,28/06/2025 01:30,8.48,4.63
28/06/2025 01:30,28/06/2025 02:00,8.82,4.78
28/06/2025 02:00,28/06/2025 02:30,6.62,3.81
28/06/2025 02:30,28/06/2025 03:00,5.29,3.23
28/06/2025 03:00,28/06/2025 03:30,5.51,3.32
28/06/2025 03:30,28/06/2025 04:00,5.16,3.17
28/06/2025 04:00,28/06/2025 04:30,5.29,3.23
28/06/2025 04:30,28/06/2025 05:00,4.19,2.74
28/06/2025 05:00,28/06/2025 05:30,4.41,2.84
28/06/2025 05:30,28/06/2025 06:00,4.00,2.66
28/06/2025 06:00,28/06/2025 06:30,7.25,4.09
28/06/2025 06:30,28/06/2025 07:00,7.46,4.18
28/06/2025 07:00,28/06/2025 07:30,5.29,3.23
28/06/2025 07:30,28/06/2025 08:00,6.79,3.89
28/06/2025 08:00,28/06/2025 08:30,0.47,1.11
28/06/2025 08:30,28/06/2025 09:00,2.54,2.02
28/06/2025 09:00,28/06/2025 09:30,1.76,1.68
28/06/2025 09:30,28/06/2025 10:00,-0.22,0.80
28/06/2025 10:00,28/06/2025 10:30,2.21,1.87
28/06/2025 10:30,28/06/2025 11:00,0.88,1.29
28/06/2025 11:00,28/06/2025 11:30,0.88,1.29
28/06/2025 11:30,28/06/2025 12:00,0.00,0.90
28/06/2025 12:00,28/06/2025 12:30,0.00,0.90
28/06/2025 12:30,28/06/2025 13:00,0.00,0.90
28/06/2025 13:00,28/06/2025 13:30,0.36,1.06
28/06/2025 13:30,28/06/2025 14:00,0.00,0.90
28/06/2025 14:00,28/06/2025 14:30,-1.02,0.45
28/06/2025 14:30,28/06/2025 15:00,-1.10,0.42
28/06/2025 15:00,28/06/2025 15:30,-0.10,0.85
28/06/2025 15:30,28/06/2025 16:00,0.62,1.17
28/06/2025 16:00,28/06/2025 16:30,14.82,5.26
28/06/2025 16:30,28/06/2025 17:00,16.37,5.95
28/06/2025 17:00,28/06/2025 17:30,25.34,9.89
28/06/2025 17:30,28/06/2025 18:00,28.64,11.35
28/06/2025 18:00,28/06/2025 18:30,32.17,12.90
28/06/2025 18:30,28/06/2025 19:00,33.94,13.67
28/06/2025 19:00,28/06/2025 19:30,20.29,9.82
28/06/2025 19:30,28/06/2025 20:00,21.83,10.50
28/06/2025 20:00,28/06/2025 20:30,20.11,9.75
28/06/2025 20:30,28/06/2025 21:00,20.73,10.02
28/06/2025 21:00,28/06/2025 21:30,22.08,10.61
28/06/2025 21:30,28/06/2025 22:00,20.73,10.02
28/06/2025 22:00,28/06/2025 22:30,20.95,10.12
28/06/2025 22:30,28/06/2025 23:00,17.30,8.51
28/06/2025 23:00,28/06/2025 23:30,15.68,7.80
28/06/2025 23:30,29/06/2025 00:00,15.93,7.91
29/06/2025 00:00,29/06/2025 00:30,15.67,7.79
29/06/2025 00:30,29/06/2025 01:00,15.93,7.91
29/06/2025 01:00,29/06/2025 01:30,15.93,7.91
29/06/2025 01:30,29/06/2025 02:00,15.93,7.91
29/06/2025 02:00,29/06/2025 02:30,15.93,7.91
29/06/2025 02:30,29/06/2025 03:00,15.93,7.91
29/06/2025 03:00,29/06/2025 03:30,15.99,7.93
29/06/2025 03:30,29/06/2025 04:00,15.93,7.91
29/06/2025 04:00,29/06/2025 04:30,15.93,7.91
29/06/2025 04:30,29/06/2025 05:00,15.69,7.80
29/06/2025 05:00,29/06/2025 05:30,16.13,8.00
29/06/2025 05:30,29/06/2025 06:00,16.20,8.03
29/06/2025 06:00,29/06/2025 06:30,15.93,7.91
29/06/2025 06:30,29/06/2025 07:00,17.32,8.52
29/06/2025 07:00,29/06/2025 07:30,15.88,7.88
29/06/2025 07:30,29/06/2025 08:00,15.93,7.91
29/06/2025 08:00,29/06/2025 08:30,15.93,7.91
29/06/2025 08:30,29/06/2025 09:00,16.62,8.21
29/06/2025 09:00,29/06/2025 09:30,17.64,8.66
29/06/2025 09:30,29/06/2025 10:00,17.64,8.66
29/06/2025 10:00,29/06/2025 10:30,16.95,8.36
29/06/2025 10:30,29/06/2025 11:00,17.34,8.53
29/06/2025 11:00,29/06/2025 11:30,18.52,9.05
29/06/2025 11:30,29/06/2025 12:00,15.93,7.91
29/06/2025 12:00,29/06/2025 12:30,15.93,7.91
29/06/2025 12:30,29/06/2025 13:00,15.93,7.91
29/06/2025 13:00,29/06/2025 13:30,15.93,7.91
29/06/2025 13:30,29/06/2025 14:00,15.93,7.91
29/06/2025 14:00,29/06/2025 14:30,15.67,7.79
29/06/2025 14:30,29/06/2025 15:00,15.67,7.79
29/06/2025 15:00,29/06/2025 15:30,15.93,7.91
29/06/2025 15:30,29/06/2025 16:00,15.63,7.78
29/06/2025 16:00,29/06/2025 16:30,28.98,11.49
29/06/2025 16:30,29/06/2025 17:00,28.98,11.49
29/06/2025 17:00,29/06/2025 17:30,29.31,11.64
29/06/2025 17:30,29/06/2025 18:00,28.42,11.25
29/06/2025 18:00,29/06/2025 18:30,33.05,13.29
29/06/2025 18:30,29/06/2025 19:00,31.45,12.58
29/06/2025 19:00,29/06/2025 19:30,21.39,10.31
29/06/2025 19:30,29/06/2025 20:00,21.07,10.17
29/06/2025 20:00,29/06/2025 20:30,22.83,10.94
29/06/2025 20:30,29/06/2025 21:00,21.36,10.30
29/06/2025 21:00,29/06/2025 21:30,22.32,10.72
29/06/2025 21:30,29/06/2025 22:00,20.73,10.02
29/06/2025 22:00,29/06/2025 22:30,21.72,10.46
29/06/2025 22:30,29/06/2025 23:00,18.86,9.19
29/06/2025 23:00,29/06/2025 23:30,18.52,9.05
29/06/2025 23:30,30/06/2025 00:00,16.65,8.22
30/06/2025 00:00,30/06/2025 00:30,15.70,7.81
30/06/2025 00:30,30/06/2025 01:00,14.77,7.40
30/06/2025 01:00,30/06/2025 01:30,14.55,7.30
30/06/2025 01:30,30/06/2025 02:00,15.44,7.69
30/06/2025 02:00,30/06/2025 02:30,15.54,7.74
30/06/2025 02:30,30/06/2025 03:00,14.55,7.30
30/06/2025 03:00,30/06/2025 03:30,14.55,7.30
30/06/2025 03:30,30/06/2025 04:00,14.35,7.21
30/06/2025 04:00,30/06/2025 04:30,15.44,7.69
30/06/2025 04:30,30/06/2025 05:00,14.49,7.27
30/06/2025 05:00,30/06/2025 05:30,15.88,7.88
30/06/2025 05:30,30/06/2025 06:00,16.98,8.37
30/06/2025 06:00,30/06/2025 06:30,19.40,9.44
30/06/2025 06:30,30/06/2025 07:00,23.37,11.18
30/06/2025 07:00,30/06/2025 07:30,20.04,9.72
30/06/2025 07:30,30/06/2025 08:00,23.15,11.08
30/06/2025 08:00,30/06/2025 08:30,16.51,8.16
30/06/2025 08:30,30/06/2025 09:00,13.47,6.83
30/06/2025 09:00,30/06/2025 09:30,15.66,7.79
30/06/2025 09:30,30/06/2025 10:00,13.74,6.94
30/06/2025 10:00,30/06/2025 10:30,15.88,7.88
30/06/2025 10:30,30/06/2025 11:00,15.66,7.79
30/06/2025 11:00,30/06/2025 11:30,15.88,7.88
30/06/2025 11:30,30/06/2025 12:00,13.38,6.78
30/06/2025 12:00,30/06/2025 12:30,11.25,5.85
30/06/2025 12:30,30/06/2025 13:00,10.88,5.69
30/06/2025 13:00,30/06/2025 13:30,10.80,5.65
30/06/2025 13:30,30/06/2025 14:00,8.58,4.68
30/06/2025 14:00,30/06/2025 14:30,13.01,6.62
30/06/2025 14:30,30/06/2025 15:00,12.15,6.24
30/06/2025 15:00,30/06/2025 15:30,15.44,7.69
30/06/2025 15:30,30/06/2025 16:00,15.88,7.88
30/06/2025 16:00,30/06/2025 16:30,26.19,10.26
30/06/2025 16:30,30/06/2025 17:00,27.58,10.88
30/06/2025 17:00,30/06/2025 17:30,32.02,12.83
30/06/2025 17:30,30/06/2025 18:00,34.99,14.14
30/06/2025 18:00,30/06/2025 18:30,38.02,15.47
30/06/2025 18:30,30/06/2025 19:00,38.79,15.81
30/06/2025 19:00,30/06/2025 19:30,25.33,12.04
30/06/2025 19:30,30/06/2025 20:00,27.01,12.78
30/06/2025 20:00,30/06/2025 20:30,25.58,12.15
30/06/2025 20:30,30/06/2025 21:00,25.09,11.94
30/06/2025 21:00,30/06/2025 21:30,25.09,11.94
30/06/2025 21:30,30/06/2025 22:00,24.06,11.48
30/06/2025 22:00,30/06/2025 22:30,24.07,11.48
30/06/2025 22:30,30/06/2025 23:00,20.36,9.86
30/06/2025 23:00,30/06/2025 23:30,21.17,10.21
30/06/2025 23:30,01/07/2025 00:00,19.10,9.30
01/07/2025 00:00,01/07/2025 00:30,15.44,7.69
01/07/2025 00:30,01/07/2025 01:00,15.60,7.76
01/07/2025 01:00,01/07/2025 01:30,15.98,7.93
01/07/2025 01:30,01/07/2025 02:00,16.98,8.37
01/07/2025 02:00,01/07/2025 02:30,16.58,8.19
01/07/2025 02:30,01/07/2025 03:00,16.53,8.17
01/07/2025 03:00,01/07/2025 03:30,15.57,7.75
01/07/2025 03:30,01/07/2025 04:00,15.06,7.52
01/07/2025 04:00,01/07/2025 04:30,15.77,7.84
01/07/2025 04:30,01/07/2025 05:00,15.44,7.69
01/07/2025 05:00,01/07/2025 05:30,18.96,9.24
01/07/2025 05:30,01/07/2025 06:00,19.20,9.35
01/07/2025 06:00,01/07/2025 06:30,20.75,10.03
01/07/2025 06:30,01/07/2025 07:00,22.05,10.60
01/07/2025 07:00,01/07/2025 07:30,19.76,9.59
01/07/2025 07:30,01/07/2025 08:00,22.49,10.79
01/07/2025 08:00,01/07/2025 08:30,20.13,9.76
01/07/2025 08:30,01/07/2025 09:00,18.96,9.24
01/07/2025 09:00,01/07/2025 09:30,18.08,8.85
01/07/2025 09:30,01/07/2025 10:00,16.98,8.37
01/07/2025 10:00,01/07/2025 10:30,15.77,7.84
01/07/2025 10:30,01/07/2025 11:00,15.00,7.50
01/07/2025 11:00,01/07/2025 11:30,15.06,7.52
01/07/2025 11:30,01/07/2025 12:00,14.57,7.31
01/07/2025 12:00,01/07/2025 12:30,15.17,7.57
01/07/2025 12:30,01/07/2025 13:00,15.06,7.52
01/07/2025 13:00,01/07/2025 13:30,15.08,7.53
01/07/2025 13:30,01/07/2025 14:00,14.22,7.16
01/07/2025 14:00,01/07/2025 14:30,14.22,7.16
01/07/2025 14:30,01/07/2025 15:00,14.22,7.16
01/07/2025 15:00,01/07/2025 15:30,16.23,8.04
01/07/2025 15:30,01/07/2025 16:00,16.32,8.08
01/07/2025 16:00,01/07/2025 16:30,32.68,13.12
01/07/2025 16:30,01/07/2025 17:00,33.49,13.48
01/07/2025 17:00,01/07/2025 17:30,39.23,16.00
01/07/2025 17:30,01/07/2025 18:00,41.45,16.98
01/07/2025 18:00,01/07/2025 18:30,55.68,23.24
01/07/2025 18:30,01/07/2025 19:00,58.50,24.48
01/07/2025 19:00,01/07/2025 19:30,42.38,19.54
01/07/2025 19:30,01/07/2025 20:00,45.82,21.06
01/07/2025 20:00,01/07/2025 20:30,43.22,19.91
01/07/2025 20:30,01/07/2025 21:00,43.88,20.20
01/07/2025 21:00,01/07/2025 21:30,40.47,18.70
01/07/2025 21:30,01/07/2025 22:00,37.15,17.24
01/07/2025 22:00,01/07/2025 22:30,29.06,13.69
01/07/2025 22:30,01/07/2025 23:00,26.46,12.54
01/07/2025 23:00,01/07/2025 23:30,23.56,11.27
01/07/2025 23:30,02/07/2025 00:00,21.39,10.31
02/07/2025 00:00,02/07/2025 00:30,18.60,9.08
02/07/2025 00:30,02/07/2025 01:00,17.20,8.47
02/07/2025 01:00,02/07/2025 01:30,16.38,8.11
02/07/2025 01:30,02/07/2025 02:00,15.94,7.91
02/07/2025 02:00,02/07/2025 02:30,16.59,8.20
02/07/2025 02:30,02/07/2025 03:00,15.66,7.79
02/07/2025 03:00,02/07/2025 03:30,16.10,7.98
02/07/2025 03:30,02/07/2025 04:00,15.44,7.69
02/07/2025 04:00,02/07/2025 04:30,15.66,7.79
02/07/2025 04:30,02/07/2025 05:00,15.30,7.63
02/07/2025 05:00,02/07/2025 05:30,18.70,9.13
02/07/2025 05:30,02/07/2025 06:00,18.74,9.14
02/07/2025 06:00,02/07/2025 06:30,17.64,8.66
02/07/2025 06:30,02/07/2025 07:00,22.45,10.77
02/07/2025 07:00,02/07/2025 07:30,20.04,9.72
02/07/2025 07:30,02/07/2025 08:00,22.05,10.60
02/07/2025 08:00,02/07/2025 08:30,20.73,10.02
02/07/2025 08:30,02/07/2025 09:00,19.60,9.52
02/07/2025 09:00,02/07/2025 09:30,17.80,8.73
02/07/2025 09:30,02/07/2025 10:00,15.88,7.88
02/07/2025 10:00,02/07/2025 10:30,17.64,8.66
02/07/2025 10:30,02/07/2025 11:00,16.11,7.98
02/07/2025 11:00,02/07/2025 11:30,16.76,8.27
02/07/2025 11:30,02/07/2025 12:00,14.55,7.30
02/07/2025 12:00,02/07/2025 12:30,16.32,8.08
02/07/2025 12:30,02/07/2025 13:00,14.24,7.16
02/07/2025 13:00,02/07/2025 13:30,14.11,7.11
02/07/2025 13:30,02/07/2025 14:00,14.01,7.06
02/07/2025 14:00,02/07/2025 14:30,14.11,7.11
02/07/2025 14:30,02/07/2025 15:00,13.93,7.03
02/07/2025 15:00,02/07/2025 15:30,14.22,7.16
02/07/2025 15:30,02/07/2025 16:00,14.13,7.12
02/07/2025 16:00,02/07/2025 16:30,29.77,11.84
02/07/2025 16:30,02/07/2025 17:00,29.83,11.87
02/07/2025 17:00,02/07/2025 17:30,28.34,11.21
02/07/2025 17:30,02/07/2025 18:00,31.09,12.42
02/07/2025 18:00,02/07/2025 18:30,36.80,14.94
02/07/2025 18:30,02/07/2025 19:00,39.81,16.25
02/07/2025 19:00,02/07/2025 19:30,25.91,12.30
02/07/2025 19:30,02/07/2025 20:00,26.24,12.44
02/07/2025 20:00,02/07/2025 20:30,24.76,11.79
02/07/2025 20:30,02/07/2025 21:00,26.46,12.54
02/07/2025 21:00,02/07/2025 21:30,24.94,11.87
02/07/2025 21:30,02/07/2025 22:00,22.51,10.80
02/07/2025 22:00,02/07/2025 22:30,21.39,10.31
02/07/2025 22:30,02/07/2025 23:00,17.42,8.56
02/07/2025 23:00,02/07/2025 23:30,17.00,8.38
02/07/2025 23:30,03/07/2025 00:00,16.21,8.03
03/07/2025 00:00,03/07/2025 00:30,17.64,8.66
03/07/2025 00:30,03/07/2025 01:00,17.27,8.50
03/07/2025 01:00,03/07/2025 01:30,16.05,7.96
03/07/2025 01:30,03/07/2025 02:00,17.26,8.49
03/07/2025 02:00,03/07/2025 02:30,16.41,8.12
03/07/2025 02:30,03/07/2025 03:00,16.42,8.13
03/07/2025 03:00,03/07/2025 03:30,16.63,8.22
03/07/2025 03:30,03/07/2025 04:00,15.90,7.89
03/07/2025 04:00,03/07/2025 04:30,17.09,8.42
03/07/2025 04:30,03/07/2025 05:00,16.76,8.27
03/07/2025 05:00,03/07/2025 05:30,19.00,9.26
03/07/2025 05:30,03/07/2025 06:00,19.84,9.63
03/07/2025 06:00,03/07/2025 06:30,20.59,9.96
03/07/2025 06:30,03/07/2025 07:00,21.52,10.37
03/07/2025 07:00,03/07/2025 07:30,21.19,10.22
03/07/2025 07:30,03/07/2025 08:00,21.43,10.33
03/07/2025 08:00,03/07/2025 08:30,19.25,9.37
03/07/2025 08:30,03/07/2025 09:00,16.58,8.19
03/07/2025 09:00,03/07/2025 09:30,17.10,8.42
03/07/2025 09:30,03/07/2025 10:00,15.17,7.57
03/07/2025 10:00,03/07/2025 10:30,15.17,7.57
03/07/2025 10:30,03/07/2025 11:00,13.17,6.69
03/07/2025 11:00,03/07/2025 11:30,12.25,6.29
03/07/2025 11:30,03/07/2025 12:00,11.15,5.80
03/07/2025 12:00,03/07/2025 12:30,11.45,5.93
03/07/2025 12:30,03/07/2025 13:00,10.58,5.56
03/07/2025 13:00,03/07/2025 13:30,9.86,5.24
03/07/2025 13:30,03/07/2025 14:00,9.66,5.15
03/07/2025 14:00,03/07/2025 14:30,10.54,5.54
03/07/2025 14:30,03/07/2025 15:00,9.70,5.17
03/07/2025 15:00,03/07/2025 15:30,11.22,5.84
03/07/2025 15:30,03/07/2025 16:00,12.29,6.30
03/07/2025 16:00,03/07/2025 16:30,29.75,11.83
03/07/2025 16:30,03/07/2025 17:00,29.88,11.89
03/07/2025 17:00,03/07/2025 17:30,30.41,12.12
03/07/2025 17:30,03/07/2025 18:00,30.39,12.11
03/07/2025 18:00,03/07/2025 18:30,32.70,13.13
03/07/2025 18:30,03/07/2025 19:00,33.16,13.33
03/07/2025 19:00,03/07/2025 19:30,21.47,10.35
03/07/2025 19:30,03/07/2025 20:00,22.40,10.75
03/07/2025 20:00,03/07/2025 20:30,21.06,10.16
03/07/2025 20:30,03/07/2025 21:00,21.17,10.21
03/07/2025 21:00,03/07/2025 21:30,20.95,10.12
03/07/2025 21:30,03/07/2025 22:00,20.75,10.03
03/07/2025 22:00,03/07/2025 22:30,19.35,9.41
03/07/2025 22:30,03/07/2025 23:00,15.78,7.84
03/07/2025 23:00,03/07/2025 23:30,17.44,8.57
03/07/2025 23:30,04/07/2025 00:00,18.50,9.04
04/07/2025 00:00,04/07/2025 00:30,16.98,8.37
04/07/2025 00:30,04/07/2025 01:00,17.44,8.57
04/07/2025 01:00,04/07/2025 01:30,17.58,8.63
04/07/2025 01:30,04/07/2025 02:00,17.54,8.61
04/07/2025 02:00,04/07/2025 02:30,16.15,8.00
04/07/2025 02:30,04/07/2025 03:00,15.02,7.51
04/07/2025 03:00,04/07/2025 03:30,13.47,6.83
04/07/2025 03:30,04/07/2025 04:00,13.23,6.72
04/07/2025 04:00,04/07/2025 04:30,15.05,7.52
04/07/2025 04:30,04/07/2025 05:00,14.11,7.11
04/07/2025 05:00,04/07/2025 05:30,15.66,7.79
04/07/2025 05:30,04/07/2025 06:00,15.88,7.88
04/07/2025 06:00,04/07/2025 06:30,18.86,9.19
04/07/2025 06:30,04/07/2025 07:00,19.05,9.28
04/07/2025 07:00,04/07/2025 07:30,16.76,8.27
04/07/2025 07:30,04/07/2025 08:00,17.88,8.77
04/07/2025 08:00,04/07/2025 08:30,17.14,8.44
04/07/2025 08:30,04/07/2025 09:00,16.15,8.00
04/07/2025 09:00,04/07/2025 09:30,12.13,6.24
04/07/2025 09:30,04/07/2025 10:00,9.70,5.17
04/07/2025 10:00,04/07/2025 10:30,7.28,4.10
04/07/2025 10:30,04/07/2025 11:00,3.73,2.54
04/07/2025 11:00,04/07/2025 11:30,3.81,2.58
04/07/2025 11:30,04/07/2025 12:00,3.53,2.45
04/07/2025 12:00,04/07/2025 12:30,3.18,2.30
04/07/2025 12:30,04/07/2025 13:00,1.83,1.71
04/07/2025 13:00,04/07/2025 13:30,2.21,1.87
04/07/2025 13:30,04/07/2025 14:00,1.10,1.39
04/07/2025 14:00,04/07/2025 14:30,1.76,1.68
04/07/2025 14:30,04/07/2025 15:00,1.76,1.68
04/07/2025 15:00,04/07/2025 15:30,-0.53,0.67
04/07/2025 15:30,04/07/2025 16:00,2.21,1.87
04/07/2025 16:00,04/07/2025 16:30,22.47,8.63
04/07/2025 16:30,04/07/2025 17:00,26.66,10.47
04/07/2025 17:00,04/07/2025 17:30,28.20,11.15
04/07/2025 17:30,04/07/2025 18:00,29.53,11.73
04/07/2025 18:00,04/07/2025 18:30,31.51,12.61
04/07/2025 18:30,04/07/2025 19:00,31.29,12.51
04/07/2025 19:00,04/07/2025 19:30,19.40,9.44
04/07/2025 19:30,04/07/2025 20:00,19.40,9.44
04/07/2025 20:00,04/07/2025 20:30,18.98,9.25
04/07/2025 20:30,04/07/2025 21:00,18.06,8.84
04/07/2025 21:00,04/07/2025 21:30,21.39,10.31
04/07/2025 21:30,04/07/2025 22:00,19.40,9.44
04/07/2025 22:00,04/07/2025 22:30,18.39,8.99
04/07/2025 22:30,04/07/2025 23:00,16.10,7.98
04/07/2025 23:00,04/07/2025 23:30,10.23,5.40
04/07/2025 23:30,05/07/2025 00:00,6.51,3.76
05/07/2025 00:00,05/07/2025 00:30,5.29,3.23
05/07/2025 00:30,05/07/2025 01:00,4.19,2.74
05/07/2025 01:00,05/07/2025 01:30,3.97,2.65
05/07/2025 01:30,05/07/2025 02:00,4.19,2.74
05/07/2025 02:00,05/07/2025 02:30,4.54,2.90
05/07/2025 02:30,05/07/2025 03:00,2.98,2.21
05/07/2025 03:00,05/07/2025 03:30,4.41,2.84
05/07/2025 03:30,05/07/2025 04:00,3.01,2.23
05/07/2025 04:00,05/07/2025 04:30,3.53,2.45
05/07/2025 04:30,05/07/2025 05:00,2.21,1.87
05/07/2025 05:00,05/07/2025 05:30,3.53,2.45
05/07/2025 05:30,05/07/2025 06:00,2.21,1.87
05/07/2025 06:00,05/07/2025 06:30,4.07,2.69
05/07/2025 06:30,05/07/2025 07:00,6.35,3.69
05/07/2025 07:00,05/07/2025 07:30,2.21,1.87
05/07/2025 07:30,05/07/2025 08:00,3.62,2.50
05/07/2025 08:00,05/07/2025 08:30,0.70,1.21
05/07/2025 08:30,05/07/2025 09:00,0.70,1.21
05/07/2025 09:00,05/07/2025 09:30,0.36,1.06
05/07/2025 09:30,05/07/2025 10:00,-0.34,0.75
05/07/2025 10:00,05/07/2025 10:30,0.99,1.34
05/07/2025 10:30,05/07/2025 11:00,0.22,1.00
05/07/2025 11:00,05/07/2025 11:30,0.30,1.04
05/07/2025 11:30,05/07/2025 12:00,0.22,1.00
05/07/2025 12:00,05/07/2025 12:30,0.22,1.00
05/07/2025 12:30,05/07/2025 13:00,0.10,0.95
05/07/2025 13:00,05/07/2025 13:30,0.00,0.90
05/07/2025 13:30,05/07/2025 14:00,-1.10,0.42
05/07/2025 14:00,05/07/2025 14:30,0.22,1.00
05/07/2025 14:30,05/07/2025 15:00,0.02,0.91
05/07/2025 15:00,05/07/2025 15:30,-0.75,0.57
05/07/2025 15:30,05/07/2025 16:00,-0.02,0.89
05/07/2025 16:00,05/07/2025 16:30,14.35,5.06
05/07/2025 16:30,05/07/2025 17:00,16.60,6.05
05/07/2025 17:00,05/07/2025 17:30,21.59,8.24
05/07/2025 17:30,05/07/2025 18:00,24.68,9.60
05/07/2025 18:00,05/07/2025 18:30,27.14,10.69
05/07/2025 18:30,05/07/2025 19:00,30.41,12.12
05/07/2025 19:00,05/07/2025 19:30,14.55,7.30
05/07/2025 19:30,05/07/2025 20:00,16.21,8.03
05/07/2025 20:00,05/07/2025 20:30,18.47,9.02
05/07/2025 20:30,05/07/2025 21:00,19.40,9.44
05/07/2025 21:00,05/07/2025 21:30,21.61,10.41
05/07/2025 21:30,05/07/2025 22:00,21.61,10.41
05/07/2025 22:00,05/07/2025 22:30,22.43,10.76
05/07/2025 22:30,05/07/2025 23:00,20.95,10.12
05/07/2025 23:00,05/07/2025 23:30,19.62,9.53
05/07/2025 23:30,06/07/2025 00:00,17.24,8.49
06/07/2025 00:00,06/07/2025 00:30,15.44,7.69
06/07/2025 00:30,06/07/2025 01:00,15.60,7.76
06/07/2025 01:00,06/07/2025 01:30,15.28,7.62
06/07/2025 01:30,06/07/2025 02:00,15.78,7.84
06/07/2025 02:00,06/07/2025 02:30,16.16,8.01
06/07/2025 02:30,06/07/2025 03:00,14.60,7.32
06/07/2025 03:00,06/07/2025 03:30,15.60,7.76
06/07/2025 03:30,06/07/2025 04:00,15.14,7.56
06/07/2025 04:00,06/07/2025 04:30,17.64,8.66
06/07/2025 04:30,06/07/2025 05:00,16.48,8.15
06/07/2025 05:00,06/07/2025 05:30,17.64,8.66
06/07/2025 05:30,06/07/2025 06:00,16.32,8.08
06/07/2025 06:00,06/07/2025 06:30,16.05,7.96
06/07/2025 06:30,06/07/2025 07:00,18.74,9.14
06/07/2025 07:00,06/07/2025 07:30,15.66,7.79
06/07/2025 07:30,06/07/2025 08:00,18.08,8.85
06/07/2025 08:00,06/07/2025 08:30,18.08,8.85
06/07/2025 08:30,06/07/2025 09:00,19.69,9.56
06/07/2025 09:00,06/07/2025 09:30,20.29,9.82
06/07/2025 09:30,06/07/2025 10:00,19.89,9.65
06/07/2025 10:00,06/07/2025 10:30,19.84,9.63
06/07/2025 10:30,06/07/2025 11:00,19.76,9.59
06/07/2025 11:00,06/07/2025 11:30,19.84,9.63
06/07/2025 11:30,06/07/2025 12:00,18.94,9.23
06/07/2025 12:00,06/07/2025 12:30,19.40,9.44
06/07/2025 12:30,06/07/2025 13:00,17.86,8.76
06/07/2025 13:00,06/07/2025 13:30,17.17,8.45
06/07/2025 13:30,06/07/2025 14:00,14.84,7.43
06/07/2025 14:00,06/07/2025 14:30,13.16,6.69
06/07/2025 14:30,06/07/2025 15:00,12.55,6.42
06/07/2025 15:00,06/07/2025 15:30,16.21,8.03
06/07/2025 15:30,06/07/2025 16:00,15.19,7.58
06/07/2025 16:00,06/07/2025 16:30,33.45,13.46
06/07/2025 16:30,06/07/2025 17:00,34.56,13.95
06/07/2025 17:00,06/07/2025 17:30,33.49,13.48
06/07/2025 17:30,06/07/2025 18:00,32.72,13.14
06/07/2025 18:00,06/07/2025 18:30,32.83,13.19
06/07/2025 18:30,06/07/2025 19:00,32.61,13.09
06/07/2025 19:00,06/07/2025 19:30,20.02,9.71
06/07/2025 19:30,06/07/2025 20:00,19.76,9.59
06/07/2025 20:00,06/07/2025 20:30,21.17,10.21
06/07/2025 20:30,06/07/2025 21:00,19.76,9.59
06/07/2025 21:00,06/07/2025 21:30,20.95,10.12
06/07/2025 21:30,06/07/2025 22:00,19.23,9.36
06/07/2025 22:00,06/07/2025 22:30,20.24,9.81
06/07/2025 22:30,06/07/2025 23:00,18.93,9.23
06/07/2025 23:00,06/07/2025 23:30,19.25,9.37
06/07/2025 23:30,07/07/2025 00:00,17.86,8.76
07/07/2025 00:00,07/07/2025 00:30,18.52,9.05
07/07/2025 00:30,07/07/2025 01:00,16.93,8.34
07/07/2025 01:00,07/07/2025 01:30,18.22,8.91
07/07/2025 01:30,07/07/2025 02:00,19.40,9.44
07/07/2025 02:00,07/07/2025 02:30,18.74,9.14
07/07/2025 02:30,07/07/2025 03:00,16.76,8.27
07/07/2025 03:00,07/07/2025 03:30,15.74,7.82
07/07/2025 03:30,07/07/2025 04:00,13.23,6.72
07/07/2025 04:00,07/07/2025 04:30,15.66,7.79
07/07/2025 04:30,07/07/2025 05:00,13.49,6.84
07/07/2025 05:00,07/07/2025 05:30,15.66,7.79
07/07/2025 05:30,07/07/2025 06:00,15.74,7.82
07/07/2025 06:00,07/07/2025 06:30,16.78,8.28
07/07/2025 06:30,07/07/2025 07:00,20.07,9.73
07/07/2025 07:00,07/07/2025 07:30,21.35,10.29
07/07/2025 07:30,07/07/2025 08:00,21.62,10.41
07/07/2025 08:00,07/07/2025 08:30,21.83,10.50
07/07/2025 08:30,07/07/2025 09:00,20.42,9.88
07/07/2025 09:00,07/07/2025 09:30,20.51,9.92
07/07/2025 09:30,07/07/2025 10:00,17.34,8.52
07/07/2025 10:00,07/07/2025 10:30,16.13,8.00
07/07/2025 10:30,07/07/2025 11:00,13.45,6.82
07/07/2025 11:00,07/07/2025 11:30,12.13,6.24
07/07/2025 11:30,07/07/2025 12:00,10.06,5.32
07/07/2025 12:00,07/07/2025 12:30,7.28,4.10
07/07/2025 12:30,07/07/2025 13:00,6.00,3.54
07/07/2025 13:00,07/07/2025 13:30,4.29,2.79
07/07/2025 13:30,07/07/2025 14:00,3.31,2.36
07/07/2025 14:00,07/07/2025 14:30,1.31,1.48
07/07/2025 14:30,07/07/2025 15:00,1.03,1.35
07/07/2025 15:00,07/07/2025 15:30,2.12,1.83
07/07/2025 15:30,07/07/2025 16:00,3.24,2.33
07/07/2025 16:00,07/07/2025 16:30,21.59,8.24
07/07/2025 16:30,07/07/2025 17:00,23.57,9.12
07/07/2025 17:00,07/07/2025 17:30,26.00,10.18
07/07/2025 17:30,07/07/2025 18:00,29.39,11.67
07/07/2025 18:00,07/07/2025 18:30,29.39,11.67
07/07/2025 18:30,07/07/2025 19:00,30.85,12.32
07/07/2025 19:00,07/07/2025 19:30,20.29,9.82
07/07/2025 19:30,07/07/2025 20:00,20.51,9.92
07/07/2025 20:00,07/07/2025 20:30,21.95,10.55
07/07/2025 20:30,07/07/2025 21:00,21.63,10.41
07/07/2025 21:00,07/07/2025 21:30,22.05,10.60
07/07/2025 21:30,07/07/2025 22:00,21.17,10.21
07/07/2025 22:00,07/07/2025 22:30,20.67,9.99
07/07/2025 22:30,07/07/2025 23:00,18.00,8.82
07/07/2025 23:00,07/07/2025 23:30,18.86,9.20
07/07/2025 23:30,08/07/2025 00:00,16.76,8.27
08/07/2025 00:00,08/07/2025 00:30,15.90,7.89
08/07/2025 00:30,08/07/2025 01:00,15.82,7.86
08/07/2025 01:00,08/07/2025 01:30,13.57,6.87
08/07/2025 01:30,08/07/2025 02:00,13.76,6.95
08/07/2025 02:00,08/07/2025 02:30,13.81,6.97
08/07/2025 02:30,08/07/2025 03:00,13.57,6.87
08/07/2025 03:00,08/07/2025 03:30,13.25,6.73
08/07/2025 03:30,08/07/2025 04:00,13.01,6.62
08/07/2025 04:00,08/07/2025 04:30,13.25,6.73
08/07/2025 04:30,08/07/2025 05:00,13.41,6.80
08/07/2025 05:00,08/07/2025 05:30,14.47,7.26
08/07/2025 05:30,08/07/2025 06:00,11.47,5.94
08/07/2025 06:00,08/07/2025 06:30,18.70,9.13
08/07/2025 06:30,08/07/2025 07:00,21.61,10.41
08/07/2025 07:00,08/07/2025 07:30,21.36,10.29
08/07/2025 07:30,08/07/2025 08:00,22.05,10.60
08/07/2025 08:00,08/07/2025 08:30,20.81,10.06
08/07/2025 08:30,08/07/2025 09:00,19.80,9.61
08/07/2025 09:00,08/07/2025 09:30,18.32,8.96
08/07/2025 09:30,08/07/2025 10:00,16.72,8.25
08/07/2025 10:00,08/07/2025 10:30,15.75,7.83
08/07/2025 10:30,08/07/2025 11:00,14.55,7.30
08/07/2025 11:00,08/07/2025 11:30,14.55,7.30
08/07/2025 11:30,08/07/2025 12:00,14.55,7.30
08/07/2025 12:00,08/07/2025 12:30,14.11,7.11
08/07/2025 12:30,08/07/2025 13:00,11.91,6.14
08/07/2025 13:00,08/07/2025 13:30,11.91,6.14
08/07/2025 13:30,08/07/2025 14:00,11.60,6.00
08/07/2025 14:00,08/07/2025 14:30,12.23,6.28
08/07/2025 14:30,08/07/2025 15:00,11.99,6.17
08/07/2025 15:00,08/07/2025 15:30,14.33,7.20
08/07/2025 15:30,08/07/2025 16:00,12.71,6.49
08/07/2025 16:00,08/07/2025 16:30,30.16,12.01
08/07/2025 16:30,08/07/2025 17:00,30.03,11.95
08/07/2025 17:00,08/07/2025 17:30,31.07,12.41
08/07/2025 17:30,08/07/2025 18:00,31.25,12.49
08/07/2025 18:00,08/07/2025 18:30,32.06,12.85
08/07/2025 18:30,08/07/2025 19:00,33.25,13.37
08/07/2025 19:00,08/07/2025 19:30,22.93,10.99
08/07/2025 19:30,08/07/2025 20:00,23.64,11.30
08/07/2025 20:00,08/07/2025 20:30,23.60,11.28
08/07/2025 20:30,08/07/2025 21:00,22.80,10.93
08/07/2025 21:00,08/07/2025 21:30,22.60,10.84
08/07/2025 21:30,08/07/2025 22:00,21.39,10.31
08/07/2025 22:00,08/07/2025 22:30,19.18,9.34
08/07/2025 22:30,08/07/2025 23:00,16.10,7.98
08/07/2025 23:00,08/07/2025 23:30,20.46,9.90
08/07/2025 23:30,09/07/2025 00:00,18.08,8.85
09/07/2025 00:00,09/07/2025 00:30,17.86,8.76
09/07/2025 00:30,09/07/2025 01:00,17.30,8.51
09/07/2025 01:00,09/07/2025 01:30,16.27,8.06
09/07/2025 01:30,09/07/2025 02:00,16.30,8.07
09/07/2025 02:00,09/07/2025 02:30,16.00,7.94
09/07/2025 02:30,09/07/2025 03:00,15.73,7.82
09/07/2025 03:00,09/07/2025 03:30,16.00,7.94
09/07/2025 03:30,09/07/2025 04:00,15.98,7.93
09/07/2025 04:00,09/07/2025 04:30,16.00,7.94
09/07/2025 04:30,09/07/2025 05:00,16.00,7.94
09/07/2025 05:00,09/07/2025 05:30,14.45,7.25
09/07/2025 05:30,09/07/2025 06:00,16.00,7.94
09/07/2025 06:00,09/07/2025 06:30,19.66,9.55
09/07/2025 06:30,09/07/2025 07:00,22.93,10.99
09/07/2025 07:00,09/07/2025 07:30,22.93,10.99
09/07/2025 07:30,09/07/2025 08:00,23.92,11.42
09/07/2025 08:00,09/07/2025 08:30,21.69,10.44
09/07/2025 08:30,09/07/2025 09:00,19.69,9.56
09/07/2025 09:00,09/07/2025 09:30,17.34,8.52
09/07/2025 09:30,09/07/2025 10:00,16.86,8.32
09/07/2025 10:00,09/07/2025 10:30,16.98,8.37
09/07/2025 10:30,09/07/2025 11:00,16.00,7.94
09/07/2025 11:00,09/07/2025 11:30,16.11,7.98
09/07/2025 11:30,09/07/2025 12:00,16.00,7.94
09/07/2025 12:00,09/07/2025 12:30,16.27,8.06
09/07/2025 12:30,09/07/2025 13:00,16.00,7.94
09/07/2025 13:00,09/07/2025 13:30,16.00,7.94
09/07/2025 13:30,09/07/2025 14:00,16.00,7.94
09/07/2025 14:00,09/07/2025 14:30,15.48,7.71
09/07/2025 14:30,09/07/2025 15:00,15.15,7.56
09/07/2025 15:00,09/07/2025 15:30,16.21,8.03
09/07/2025 15:30,09/07/2025 16:00,14.70,7.37
09/07/2025 16:00,09/07/2025 16:30,29.31,11.64
09/07/2025 16:30,09/07/2025 17:00,29.97,11.93
09/07/2025 17:00,09/07/2025 17:30,33.40,13.44
09/07/2025 17:30,09/07/2025 18:00,32.50,13.04
09/07/2025 18:00,09/07/2025 18:30,33.91,13.66
09/07/2025 18:30,09/07/2025 19:00,35.36,14.30
09/07/2025 19:00,09/07/2025 19:30,24.70,11.76
09/07/2025 19:30,09/07/2025 20:00,24.78,11.80
09/07/2025 20:00,09/07/2025 20:30,24.25,11.57
09/07/2025 20:30,09/07/2025 21:00,24.03,11.47
09/07/2025 21:00,09/07/2025 21:30,22.93,10.99
09/07/2025 21:30,09/07/2025 22:00,20.83,10.07
09/07/2025 22:00,09/07/2025 22:30,19.40,9.44
09/07/2025 22:30,09/07/2025 23:00,15.59,7.76
09/07/2025 23:00,09/07/2025 23:30,20.39,9.87
09/07/2025 23:30,10/07/2025 00:00,18.97,9.25
10/07/2025 00:00,10/07/2025 00:30,18.74,9.14
10/07/2025 00:30,10/07/2025 01:00,17.66,8.67
10/07/2025 01:00,10/07/2025 01:30,16.98,8.37
10/07/2025 01:30,10/07/2025 02:00,17.02,8.39
10/07/2025 02:00,10/07/2025 02:30,15.68,7.80
10/07/2025 02:30,10/07/2025 03:00,14.40,7.23
10/07/2025 03:00,10/07/2025 03:30,15.44,7.69
10/07/2025 03:30,10/07/2025 04:00,15.51,7.72
10/07/2025 04:00,10/07/2025 04:30,15.35,7.65
10/07/2025 04:30,10/07/2025 05:00,15.46,7.70
10/07/2025 05:00,10/07/2025 05:30,15.77,7.84
10/07/2025 05:30,10/07/2025 06:00,15.61,7.77
10/07/2025 06:00,10/07/2025 06:30,17.50,8.60
10/07/2025 06:30,10/07/2025 07:00,21.17,10.21
10/07/2025 07:00,10/07/2025 07:30,19.20,9.35
10/07/2025 07:30,10/07/2025 08:00,20.81,10.06
10/07/2025 08:00,10/07/2025 08:30,18.86,9.19
10/07/2025 08:30,10/07/2025 09:00,18.36,8.98
10/07/2025 09:00,10/07/2025 09:30,16.87,8.32
10/07/2025 09:30,10/07/2025 10:00,16.50,8.16
10/07/2025 10:00,10/07/2025 10:30,14.89,7.45
10/07/2025 10:30,10/07/2025 11:00,14.11,7.11
10/07/2025 11:00,10/07/2025 11:30,14.15,7.12
10/07/2025 11:30,10/07/2025 12:00,14.31,7.20
10/07/2025 12:00,10/07/2025 12:30,14.33,7.20
10/07/2025 12:30,10/07/2025 13:00,14.11,7.11
10/07/2025 13:00,10/07/2025 13:30,14.13,7.12
10/07/2025 13:30,10/07/2025 14:00,14.11,7.11
10/07/2025 14:00,10/07/2025 14:30,14.33,7.20
10/07/2025 14:30,10/07/2025 15:00,14.11,7.11
10/07/2025 15:00,10/07/2025 15:30,14.11,7.11
10/07/2025 15:30,10/07/2025 16:00,13.69,6.92
10/07/2025 16:00,10/07/2025 16:30,29.09,11.54
10/07/2025 16:30,10/07/2025 17:00,30.20,12.03
10/07/2025 17:00,10/07/2025 17:30,31.77,12.72
10/07/2025 17:30,10/07/2025 18:00,31.65,12.67
10/07/2025 18:00,10/07/2025 18:30,35.52,14.37
10/07/2025 18:30,10/07/2025 19:00,36.80,14.94
10/07/2025 19:00,10/07/2025 19:30,25.39,12.07
10/07/2025 19:30,10/07/2025 20:00,25.76,12.23
10/07/2025 20:00,10/07/2025 20:30,25.36,12.06
10/07/2025 20:30,10/07/2025 21:00,25.32,12.04
10/07/2025 21:00,10/07/2025 21:30,24.25,11.57
10/07/2025 21:30,10/07/2025 22:00,23.00,11.02
10/07/2025 22:00,10/07/2025 22:30,22.34,10.73
10/07/2025 22:30,10/07/2025 23:00,19.84,9.63
10/07/2025 23:00,10/07/2025 23:30,20.29,9.82
10/07/2025 23:30,11/07/2025 00:00,20.29,9.82
11/07/2025 00:00,11/07/2025 00:30,20.18,9.78
11/07/2025 00:30,11/07/2025 01:00,19.56,9.50
11/07/2025 01:00,11/07/2025 01:30,17.28,8.50
11/07/2025 01:30,11/07/2025 02:00,16.58,8.20
11/07/2025 02:00,11/07/2025 02:30,16.58,8.20
11/07/2025 02:30,11/07/2025 03:00,16.58,8.20
11/07/2025 03:00,11/07/2025 03:30,16.98,8.37
11/07/2025 03:30,11/07/2025 04:00,17.07,8.41
11/07/2025 04:00,11/07/2025 04:30,16.58,8.20
11/07/2025 04:30,11/07/2025 05:00,16.58,8.20
11/07/2025 05:00,11/07/2025 05:30,17.77,8.72
11/07/2025 05:30,11/07/2025 06:00,18.03,8.83
11/07/2025 06:00,11/07/2025 06:30,20.91,10.09
11/07/2025 06:30,11/07/2025 07:00,22.49,10.79
11/07/2025 07:00,11/07/2025 07:30,21.39,10.31
11/07/2025 07:30,11/07/2025 08:00,21.61,10.41
11/07/2025 08:00,11/07/2025 08:30,20.73,10.02
11/07/2025 08:30,11/07/2025 09:00,19.87,9.64
11/07/2025 09:00,11/07/2025 09:30,19.82,9.62
11/07/2025 09:30,11/07/2025 10:00,18.30,8.95
11/07/2025 10:00,11/07/2025 10:30,18.34,8.97
11/07/2025 10:30,11/07/2025 11:00,17.64,8.66
11/07/2025 11:00,11/07/2025 11:30,17.43,8.57
11/07/2025 11:30,11/07/2025 12:00,16.58,8.20
11/07/2025 12:00,11/07/2025 12:30,16.58,8.20
11/07/2025 12:30,11/07/2025 13:00,15.66,7.79
11/07/2025 13:00,11/07/2025 13:30,15.21,7.59
11/07/2025 13:30,11/07/2025 14:00,14.99,7.50
11/07/2025 14:00,11/07/2025 14:30,15.31,7.63
11/07/2025 14:30,11/07/2025 15:00,15.25,7.60
11/07/2025 15:00,11/07/2025 15:30,15.09,7.54
11/07/2025 15:30,11/07/2025 16:00,15.53,7.73
11/07/2025 16:00,11/07/2025 16:30,30.23,12.05
11/07/2025 16:30,11/07/2025 17:00,30.74,12.27
11/07/2025 17:00,11/07/2025 17:30,31.18,12.46
11/07/2025 17:30,11/07/2025 18:00,30.95,12.36
11/07/2025 18:00,11/07/2025 18:30,32.83,13.19
11/07/2025 18:30,11/07/2025 19:00,34.60,13.96
11/07/2025 19:00,11/07/2025 19:30,23.28,11.14
11/07/2025 19:30,11/07/2025 20:00,23.47,11.22
11/07/2025 20:00,11/07/2025 20:30,23.79,11.37
11/07/2025 20:30,11/07/2025 21:00,23.84,11.39
11/07/2025 21:00,11/07/2025 21:30,22.03,10.59
11/07/2025 21:30,11/07/2025 22:00,21.83,10.50
11/07/2025 22:00,11/07/2025 22:30,20.73,10.02
11/07/2025 22:30,11/07/2025 23:00,19.20,9.35
11/07/2025 23:00,11/07/2025 23:30,20.95,10.12
11/07/2025 23:30,12/07/2025 00:00,20.23,9.80
12/07/2025 00:00,12/07/2025 00:30,19.66,9.55
12/07/2025 00:30,12/07/2025 01:00,20.29,9.82
12/07/2025 01:00,12/07/2025 01:30,16.76,8.27
12/07/2025 01:30,12/07/2025 02:00,19.91,9.66
12/07/2025 02:00,12/07/2025 02:30,18.59,9.08
12/07/2025 02:30,12/07/2025 03:00,17.37,8.54
12/07/2025 03:00,12/07/2025 03:30,18.30,8.95
12/07/2025 03:30,12/07/2025 04:00,18.86,9.19
12/07/2025 04:00,12/07/2025 04:30,18.96,9.24
12/07/2025 04:30,12/07/2025 05:00,17.59,8.64
12/07/2025 05:00,12/07/2025 05:30,16.44,8.13
12/07/2025 05:30,12/07/2025 06:00,16.34,8.09
12/07/2025 06:00,12/07/2025 06:30,16.34,8.09
12/07/2025 06:30,12/07/2025 07:00,16.70,8.24
12/07/2025 07:00,12/07/2025 07:30,16.34,8.09
12/07/2025 07:30,12/07/2025 08:00,18.28,8.94
12/07/2025 08:00,12/07/2025 08:30,18.06,8.85
12/07/2025 08:30,12/07/2025 09:00,18.80,9.17
12/07/2025 09:00,12/07/2025 09:30,17.47,8.59
12/07/2025 09:30,12/07/2025 10:00,15.34,7.65
12/07/2025 10:00,12/07/2025 10:30,16.76,8.27
12/07/2025 10:30,12/07/2025 11:00,17.20,8.47
12/07/2025 11:00,12/07/2025 11:30,16.32,8.08
12/07/2025 11:30,12/07/2025 12:00,15.36,7.66
12/07/2025 12:00,12/07/2025 12:30,14.57,7.31
12/07/2025 12:30,12/07/2025 13:00,14.29,7.19
12/07/2025 13:00,12/07/2025 13:30,14.33,7.20
12/07/2025 13:30,12/07/2025 14:00,12.76,6.51
12/07/2025 14:00,12/07/2025 14:30,12.33,6.32
12/07/2025 14:30,12/07/2025 15:00,11.82,6.10
12/07/2025 15:00,12/07/2025 15:30,12.33,6.32
12/07/2025 15:30,12/07/2025 16:00,13.01,6.62
12/07/2025 16:00,12/07/2025 16:30,28.75,11.39
12/07/2025 16:30,12/07/2025 17:00,29.77,11.84
12/07/2025 17:00,12/07/2025 17:30,32.39,13.00
12/07/2025 17:30,12/07/2025 18:00,31.07,12.41
12/07/2025 18:00,12/07/2025 18:30,32.04,12.84
12/07/2025 18:30,12/07/2025 19:00,34.46,13.91
12/07/2025 19:00,12/07/2025 19:30,23.56,11.26
12/07/2025 19:30,12/07/2025 20:00,22.97,11.01
12/07/2025 20:00,12/07/2025 20:30,23.79,11.37
12/07/2025 20:30,12/07/2025 21:00,23.46,11.22
12/07/2025 21:00,12/07/2025 21:30,22.91,10.98
12/07/2025 21:30,12/07/2025 22:00,22.05,10.60
12/07/2025 22:00,12/07/2025 22:30,22.05,10.60
12/07/2025 22:30,12/07/2025 23:00,20.11,9.75
12/07/2025 23:00,12/07/2025 23:30,20.62,9.97
12/07/2025 23:30,13/07/2025 00:00,20.00,9.70
13/07/2025 00:00,13/07/2025 00:30,19.30,9.39
13/07/2025 00:30,13/07/2025 01:00,18.74,9.14
13/07/2025 01:00,13/07/2025 01:30,18.11,8.87
13/07/2025 01:30,13/07/2025 02:00,19.40,9.44
13/07/2025 02:00,13/07/2025 02:30,17.42,8.56
13/07/2025 02:30,13/07/2025 03:00,17.46,8.58
13/07/2025 03:00,13/07/2025 03:30,18.08,8.85
13/07/2025 03:30,13/07/2025 04:00,17.72,8.70
13/07/2025 04:00,13/07/2025 04:30,17.49,8.60
13/07/2025 04:30,13/07/2025 05:00,16.46,8.14
13/07/2025 05:00,13/07/2025 05:30,17.44,8.57
13/07/2025 05:30,13/07/2025 06:00,16.52,8.17
13/07/2025 06:00,13/07/2025 06:30,16.65,8.22
13/07/2025 06:30,13/07/2025 07:00,17.46,8.58
13/07/2025 07:00,13/07/2025 07:30,16.52,8.17
13/07/2025 07:30,13/07/2025 08:00,16.84,8.31
13/07/2025 08:00,13/07/2025 08:30,15.52,7.73
13/07/2025 08:30,13/07/2025 09:00,15.90,7.89
13/07/2025 09:00,13/07/2025 09:30,16.43,8.13
13/07/2025 09:30,13/07/2025 10:00,15.44,7.69
13/07/2025 10:00,13/07/2025 10:30,16.10,7.98
13/07/2025 10:30,13/07/2025 11:00,15.81,7.85
13/07/2025 11:00,13/07/2025 11:30,15.88,7.88
13/07/2025 11:30,13/07/2025 12:00,15.21,7.59
13/07/2025 12:00,13/07/2025 12:30,15.66,7.79
13/07/2025 12:30,13/07/2025 13:00,16.23,8.04
13/07/2025 13:00,13/07/2025 13:30,16.32,8.08
13/07/2025 13:30,13/07/2025 14:00,16.36,8.10
13/07/2025 14:00,13/07/2025 14:30,16.43,8.13
13/07/2025 14:30,13/07/2025 15:00,16.18,8.02
13/07/2025 15:00,13/07/2025 15:30,16.18,8.02
13/07/2025 15:30,13/07/2025 16:00,13.34,6.77
13/07/2025 16:00,13/07/2025 16:30,29.17,11.58
13/07/2025 16:30,13/07/2025 17:00,30.19,12.02
13/07/2025 17:00,13/07/2025 17:30,31.82,12.74
13/07/2025 17:30,13/07/2025 18:00,32.39,13.00
13/07/2025 18:00,13/07/2025 18:30,33.72,13.58
13/07/2025 18:30,13/07/2025 19:00,35.48,14.35
13/07/2025 19:00,13/07/2025 19:30,23.64,11.30
13/07/2025 19:30,13/07/2025 20:00,23.53,11.25
13/07/2025 20:00,13/07/2025 20:30,22.93,10.99
13/07/2025 20:30,13/07/2025 21:00,22.27,10.70
13/07/2025 21:00,13/07/2025 21:30,22.93,10.99
13/07/2025 21:30,13/07/2025 22:00,22.30,10.71
13/07/2025 22:00,13/07/2025 22:30,21.50,10.36
13/07/2025 22:30,13/07/2025 23:00,20.33,9.84
13/07/2025 23:00,13/07/2025 23:30,18.67,9.11
13/07/2025 23:30,14/07/2025 00:00,19.81,9.62
14/07/2025 00:00,14/07/2025 00:30,18.74,9.14
14/07/2025 00:30,14/07/2025 01:00,18.02,8.83
14/07/2025 01:00,14/07/2025 01:30,16.98,8.37
14/07/2025 01:30,14/07/2025 02:00,16.98,8.37
14/07/2025 02:00,14/07/2025 02:30,16.76,8.27
14/07/2025 02:30,14/07/2025 03:00,16.51,8.16
14/07/2025 03:00,14/07/2025 03:30,16.51,8.16
14/07/2025 03:30,14/07/2025 04:00,16.46,8.14
14/07/2025 04:00,14/07/2025 04:30,15.63,7.78
14/07/2025 04:30,14/07/2025 05:00,15.54,7.74
14/07/2025 05:00,14/07/2025 05:30,16.76,8.27
14/07/2025 05:30,14/07/2025 06:00,16.98,8.37
14/07/2025 06:00,14/07/2025 06:30,20.39,9.87
14/07/2025 06:30,14/07/2025 07:00,22.05,10.60
14/07/2025 07:00,14/07/2025 07:30,21.48,10.35
14/07/2025 07:30,14/07/2025 08:00,22.74,10.91
14/07/2025 08:00,14/07/2025 08:30,19.27,9.38
14/07/2025 08:30,14/07/2025 09:00,18.52,9.05
14/07/2025 09:00,14/07/2025 09:30,18.30,8.95
14/07/2025 09:30,14/07/2025 10:00,18.46,9.02
14/07/2025 10:00,14/07/2025 10:30,17.42,8.56
14/07/2025 10:30,14/07/2025 11:00,16.98,8.37
14/07/2025 11:00,14/07/2025 11:30,15.88,7.88
14/07/2025 11:30,14/07/2025 12:00,13.90,7.02
14/07/2025 12:00,14/07/2025 12:30,13.65,6.90
14/07/2025 12:30,14/07/2025 13:00,12.05,6.20
14/07/2025 13:00,14/07/2025 13:30,12.05,6.20
14/07/2025 13:30,14/07/2025 14:00,11.03,5.75
14/07/2025 14:00,14/07/2025 14:30,11.03,5.75
14/07/2025 14:30,14/07/2025 15:00,10.10,5.34
14/07/2025 15:00,14/07/2025 15:30,13.27,6.74
14/07/2025 15:30,14/07/2025 16:00,13.23,6.72
14/07/2025 16:00,14/07/2025 16:30,29.39,11.68
14/07/2025 16:30,14/07/2025 17:00,30.85,12.32
14/07/2025 17:00,14/07/2025 17:30,30.24,12.05
14/07/2025 17:30,14/07/2025 18:00,30.11,11.99
14/07/2025 18:00,14/07/2025 18:30,30.29,12.07
14/07/2025 18:30,14/07/2025 19:00,31.92,12.79
14/07/2025 19:00,14/07/2025 19:30,20.95,10.12
14/07/2025 19:30,14/07/2025 20:00,22.23,10.68
14/07/2025 20:00,14/07/2025 20:30,22.71,10.89
14/07/2025 20:30,14/07/2025 21:00,22.27,10.70
14/07/2025 21:00,14/07/2025 21:30,22.57,10.83
14/07/2025 21:30,14/07/2025 22:00,22.49,10.79
14/07/2025 22:00,14/07/2025 22:30,22.53,10.81
14/07/2025 22:30,14/07/2025 23:00,20.04,9.72
14/07/2025 23:00,14/07/2025 23:30,18.08,8.85
14/07/2025 23:30,15/07/2025 00:00,19.89,9.65
15/07/2025 00:00,15/07/2025 00:30,17.00,8.38
15/07/2025 00:30,15/07/2025 01:00,16.32,8.08
15/07/2025 01:00,15/07/2025 01:30,15.68,7.80
15/07/2025 01:30,15/07/2025 02:00,16.39,8.11
15/07/2025 02:00,15/07/2025 02:30,15.29,7.62
15/07/2025 02:30,15/07/2025 03:00,15.21,7.59
15/07/2025 03:00,15/07/2025 03:30,15.22,7.60
15/07/2025 03:30,15/07/2025 04:00,14.55,7.30
15/07/2025 04:00,15/07/2025 04:30,17.24,8.49
15/07/2025 04:30,15/07/2025 05:00,17.00,8.38
15/07/2025 05:00,15/07/2025 05:30,16.76,8.27
15/07/2025 05:30,15/07/2025 06:00,16.65,8.22
15/07/2025 06:00,15/07/2025 06:30,20.29,9.82
15/07/2025 06:30,15/07/2025 07:00,21.87,10.52
15/07/2025 07:00,15/07/2025 07:30,18.08,8.85
15/07/2025 07:30,15/07/2025 08:00,20.05,9.72
15/07/2025 08:00,15/07/2025 08:30,16.84,8.31
15/07/2025 08:30,15/07/2025 09:00,16.25,8.05
15/07/2025 09:00,15/07/2025 09:30,16.25,8.05
15/07/2025 09:30,15/07/2025 10:00,16.10,7.98
15/07/2025 10:00,15/07/2025 10:30,15.55,7.74
15/07/2025 10:30,15/07/2025 11:00,15.17,7.58
15/07/2025 11:00,15/07/2025 11:30,15.21,7.59
15/07/2025 11:30,15/07/2025 12:00,15.21,7.59
15/07/2025 12:00,15/07/2025 12:30,15.21,7.59
15/07/2025 12:30,15/07/2025 13:00,15.21,7.59
15/07/2025 13:00,15/07/2025 13:30,14.82,7.42
15/07/2025 13:30,15/07/2025 14:00,15.21,7.59
15/07/2025 14:00,15/07/2025 14:30,14.88,7.44
15/07/2025 14:30,15/07/2025 15:00,14.40,7.23
15/07/2025 15:00,15/07/2025 15:30,14.51,7.28
15/07/2025 15:30,15/07/2025 16:00,14.33,7.20
15/07/2025 16:00,15/07/2025 16:30,29.75,11.83
15/07/2025 16:30,15/07/2025 17:00,30.19,12.02
15/07/2025 17:00,15/07/2025 17:30,31.11,12.43
15/07/2025 17:30,15/07/2025 18:00,31.13,12.44
15/07/2025 18:00,15/07/2025 18:30,31.21,12.47
15/07/2025 18:30,15/07/2025 19:00,31.73,12.70
15/07/2025 19:00,15/07/2025 19:30,20.46,9.90
15/07/2025 19:30,15/07/2025 20:00,20.51,9.92
15/07/2025 20:00,15/07/2025 20:30,21.54,10.37
15/07/2025 20:30,15/07/2025 21:00,21.41,10.32
15/07/2025 21:00,15/07/2025 21:30,22.05,10.60
15/07/2025 21:30,15/07/2025 22:00,21.87,10.52
15/07/2025 22:00,15/07/2025 22:30,20.29,9.82
15/07/2025 22:30,15/07/2025 23:00,17.54,8.61
15/07/2025 23:00,15/07/2025 23:30,17.09,8.42
15/07/2025 23:30,16/07/2025 00:00,16.12,7.99
16/07/2025 00:00,16/07/2025 00:30,15.68,7.79
16/07/2025 00:30,16/07/2025 01:00,15.88,7.88
16/07/2025 01:00,16/07/2025 01:30,14.99,7.50
16/07/2025 01:30,16/07/2025 02:00,15.25,7.61
16/07/2025 02:00,16/07/2025 02:30,15.13,7.56
16/07/2025 02:30,16/07/2025 03:00,14.88,7.45
16/07/2025 03:00,16/07/2025 03:30,14.93,7.47
16/07/2025 03:30,16/07/2025 04:00,14.98,7.49
16/07/2025 04:00,16/07/2025 04:30,14.99,7.50
16/07/2025 04:30,16/07/2025 05:00,14.75,7.39
16/07/2025 05:00,16/07/2025 05:30,15.55,7.74
16/07/2025 05:30,16/07/2025 06:00,15.17,7.58
16/07/2025 06:00,16/07/2025 06:30,17.10,8.43
16/07/2025 06:30,16/07/2025 07:00,19.04,9.27
16/07/2025 07:00,16/07/2025 07:30,19.76,9.59
16/07/2025 07:30,16/07/2025 08:00,20.99,10.13
16/07/2025 08:00,16/07/2025 08:30,20.83,10.07
16/07/2025 08:30,16/07/2025 09:00,20.86,10.08
16/07/2025 09:00,16/07/2025 09:30,18.86,9.19
16/07/2025 09:30,16/07/2025 10:00,17.64,8.66
16/07/2025 10:00,16/07/2025 10:30,17.51,8.60
16/07/2025 10:30,16/07/2025 11:00,16.82,8.30
16/07/2025 11:00,16/07/2025 11:30,17.75,8.71
16/07/2025 11:30,16/07/2025 12:00,17.20,8.47
16/07/2025 12:00,16/07/2025 12:30,18.08,8.85
16/07/2025 12:30,16/07/2025 13:00,17.64,8.66
16/07/2025 13:00,16/07/2025 13:30,17.61,8.64
16/07/2025 13:30,16/07/2025 14:00,17.61,8.64
16/07/2025 14:00,16/07/2025 14:30,17.55,8.62
16/07/2025 14:30,16/07/2025 15:00,17.64,8.66
16/07/2025 15:00,16/07/2025 15:30,17.30,8.51
16/07/2025 15:30,16/07/2025 16:00,18.16,8.89
16/07/2025 16:00,16/07/2025 16:30,31.69,12.68
16/07/2025 16:30,16/07/2025 17:00,31.29,12.51
16/07/2025 17:00,16/07/2025 17:30,33.49,13.48
16/07/2025 17:30,16/07/2025 18:00,33.49,13.48
16/07/2025 18:00,16/07/2025 18:30,35.70,14.45
16/07/2025 18:30,16/07/2025 19:00,37.02,15.03
16/07/2025 19:00,16/07/2025 19:30,24.25,11.57
16/07/2025 19:30,16/07/2025 20:00,24.25,11.57
16/07/2025 20:00,16/07/2025 20:30,25.58,12.15
16/07/2025 20:30,16/07/2025 21:00,24.86,11.84
16/07/2025 21:00,16/07/2025 21:30,24.89,11.85
16/07/2025 21:30,16/07/2025 22:00,24.19,11.54
16/07/2025 22:00,16/07/2025 22:30,22.33,10.73
16/07/2025 22:30,16/07/2025 23:00,19.62,9.53
16/07/2025 23:00,16/07/2025 23:30,20.73,10.02
16/07/2025 23:30,17/07/2025 00:00,20.39,9.87
17/07/2025 00:00,17/07/2025 00:30,20.95,10.12
17/07/2025 00:30,17/07/2025 01:00,20.42,9.88
17/07/2025 01:00,17/07/2025 01:30,18.50,9.04
17/07/2025 01:30,17/07/2025 02:00,18.50,9.04
17/07/2025 02:00,17/07/2025 02:30,17.93,8.79
17/07/2025 02:30,17/07/2025 03:00,16.86,8.32
17/07/2025 03:00,17/07/2025 03:30,16.86,8.32
17/07/2025 03:30,17/07/2025 04:00,16.70,8.24
17/07/2025 04:00,17/07/2025 04:30,16.86,8.32
17/07/2025 04:30,17/07/2025 05:00,16.38,8.11
17/07/2025 05:00,17/07/2025 05:30,16.86,8.32
17/07/2025 05:30,17/07/2025 06:00,17.17,8.45
17/07/2025 06:00,17/07/2025 06:30,18.25,8.93
17/07/2025 06:30,17/07/2025 07:00,21.61,10.41
17/07/2025 07:00,17/07/2025 07:30,20.41,9.88
17/07/2025 07:30,17/07/2025 08:00,22.93,10.99
17/07/2025 08:00,17/07/2025 08:30,21.25,10.25
17/07/2025 08:30,17/07/2025 09:00,20.83,10.07
17/07/2025 09:00,17/07/2025 09:30,21.17,10.21
17/07/2025 09:30,17/07/2025 10:00,20.46,9.90
17/07/2025 10:00,17/07/2025 10:30,20.52,9.93
17/07/2025 10:30,17/07/2025 11:00,20.21,9.79
17/07/2025 11:00,17/07/2025 11:30,19.06,9.29
17/07/2025 11:30,17/07/2025 12:00,17.66,8.67
17/07/2025 12:00,17/07/2025 12:30,18.74,9.14
17/07/2025 12:30,17/07/2025 13:00,17.39,8.55
17/07/2025 13:00,17/07/2025 13:30,16.86,8.32
17/07/2025 13:30,17/07/2025 14:00,15.88,7.88
17/07/2025 14:00,17/07/2025 14:30,14.99,7.50
17/07/2025 14:30,17/07/2025 15:00,14.99,7.50
17/07/2025 15:00,17/07/2025 15:30,15.03,7.51
17/07/2025 15:30,17/07/2025 16:00,15.24,7.60
17/07/2025 16:00,17/07/2025 16:30,31.23,12.48
17/07/2025 16:30,17/07/2025 17:00,30.77,12.28
17/07/2025 17:00,17/07/2025 17:30,32.57,13.07
17/07/2025 17:30,17/07/2025 18:00,31.73,12.70
17/07/2025 18:00,17/07/2025 18:30,34.87,14.08
17/07/2025 18:30,17/07/2025 19:00,35.11,14.19
17/07/2025 19:00,17/07/2025 19:30,23.37,11.18
17/07/2025 19:30,17/07/2025 20:00,23.32,11.16
17/07/2025 20:00,17/07/2025 20:30,24.25,11.57
17/07/2025 20:30,17/07/2025 21:00,24.03,11.47
17/07/2025 21:00,17/07/2025 21:30,23.81,11.38
17/07/2025 21:30,17/07/2025 22:00,22.64,10.86
17/07/2025 22:00,17/07/2025 22:30,22.64,10.86
17/07/2025 22:30,17/07/2025 23:00,19.74,9.58
17/07/2025 23:00,17/07/2025 23:30,21.52,10.37
17/07/2025 23:30,18/07/2025 00:00,19.33,9.40
18/07/2025 00:00,18/07/2025 00:30,18.74,9.14
18/07/2025 00:30,18/07/2025 01:00,17.05,8.40
18/07/2025 01:00,18/07/2025 01:30,18.29,8.94
18/07/2025 01:30,18/07/2025 02:00,18.32,8.96
18/07/2025 02:00,18/07/2025 02:30,16.76,8.27
18/07/2025 02:30,18/07/2025 03:00,16.58,8.19
18/07/2025 03:00,18/07/2025 03:30,16.58,8.19
18/07/2025 03:30,18/07/2025 04:00,16.46,8.14
18/07/2025 04:00,18/07/2025 04:30,16.96,8.36
18/07/2025 04:30,18/07/2025 05:00,16.76,8.27
18/07/2025 05:00,18/07/2025 05:30,17.36,8.53
18/07/2025 05:30,18/07/2025 06:00,18.11,8.87
18/07/2025 06:00,18/07/2025 06:30,20.94,10.11
18/07/2025 06:30,18/07/2025 07:00,22.67,10.87
18/07/2025 07:00,18/07/2025 07:30,19.91,9.66
18/07/2025 07:30,18/07/2025 08:00,21.85,10.51
18/07/2025 08:00,18/07/2025 08:30,19.77,9.60
18/07/2025 08:30,18/07/2025 09:00,19.36,9.42
18/07/2025 09:00,18/07/2025 09:30,18.30,8.95
18/07/2025 09:30,18/07/2025 10:00,19.21,9.35
18/07/2025 10:00,18/07/2025 10:30,20.07,9.73
18/07/2025 10:30,18/07/2025 11:00,19.40,9.44
18/07/2025 11:00,18/07/2025 11:30,17.64,8.66
18/07/2025 11:30,18/07/2025 12:00,16.76,8.27
18/07/2025 12:00,18/07/2025 12:30,16.76,8.27
18/07/2025 12:30,18/07/2025 13:00,16.54,8.18
18/07/2025 13:00,18/07/2025 13:30,16.54,8.18
18/07/2025 13:30,18/07/2025 14:00,16.54,8.18
18/07/2025 14:00,18/07/2025 14:30,16.10,7.98
18/07/2025 14:30,18/07/2025 15:00,15.21,7.59
18/07/2025 15:00,18/07/2025 15:30,16.92,8.34
18/07/2025 15:30,18/07/2025 16:00,16.54,8.18
18/07/2025 16:00,18/07/2025 16:30,29.66,11.79
18/07/2025 16:30,18/07/2025 17:00,29.79,11.85
18/07/2025 17:00,18/07/2025 17:30,32.39,13.00
18/07/2025 17:30,18/07/2025 18:00,32.00,12.83
18/07/2025 18:00,18/07/2025 18:30,35.04,14.16
18/07/2025 18:30,18/07/2025 19:00,36.80,14.94
18/07/2025 19:00,18/07/2025 19:30,25.36,12.06
18/07/2025 19:30,18/07/2025 20:00,25.36,12.06
18/07/2025 20:00,18/07/2025 20:30,25.35,12.05
18/07/2025 20:30,18/07/2025 21:00,25.35,12.05
18/07/2025 21:00,18/07/2025 21:30,24.07,11.49
18/07/2025 21:30,18/07/2025 22:00,24.07,11.49
18/07/2025 22:00,18/07/2025 22:30,21.87,10.52
18/07/2025 22:30,18/07/2025 23:00,21.19,10.22
18/07/2025 23:00,18/07/2025 23:30,22.65,10.86
18/07/2025 23:30,19/07/2025 00:00,21.83,10.50
19/07/2025 00:00,19/07/2025 00:30,19.94,9.67
19/07/2025 00:30,19/07/2025 01:00,19.07,9.29
19/07/2025 01:00,19/07/2025 01:30,19.07,9.29
19/07/2025 01:30,19/07/2025 02:00,18.61,9.09
19/07/2025 02:00,19/07/2025 02:30,16.93,8.35
19/07/2025 02:30,19/07/2025 03:00,15.96,7.92
19/07/2025 03:00,19/07/2025 03:30,16.47,8.15
19/07/2025 03:30,19/07/2025 04:00,16.21,8.03
19/07/2025 04:00,19/07/2025 04:30,16.98,8.37
19/07/2025 04:30,19/07/2025 05:00,16.75,8.27
19/07/2025 05:00,19/07/2025 05:30,16.78,8.28
19/07/2025 05:30,19/07/2025 06:00,16.21,8.03
19/07/2025 06:00,19/07/2025 06:30,16.34,8.09
19/07/2025 06:30,19/07/2025 07:00,17.98,8.81
19/07/2025 07:00,19/07/2025 07:30,16.21,8.03
19/07/2025 07:30,19/07/2025 08:00,16.76,8.27
19/07/2025 08:00,19/07/2025 08:30,17.45,8.58
19/07/2025 08:30,19/07/2025 09:00,19.43,9.45
19/07/2025 09:00,19/07/2025 09:30,21.06,10.16
19/07/2025 09:30,19/07/2025 10:00,21.06,10.16
19/07/2025 10:00,19/07/2025 10:30,21.23,10.24
19/07/2025 10:30,19/07/2025 11:00,20.39,9.87
19/07/2025 11:00,19/07/2025 11:30,19.69,9.56
19/07/2025 11:30,19/07/2025 12:00,18.68,9.12
19/07/2025 12:00,19/07/2025 12:30,18.68,9.12
19/07/2025 12:30,19/07/2025 13:00,17.20,8.47
19/07/2025 13:00,19/07/2025 13:30,15.88,7.88
19/07/2025 13:30,19/07/2025 14:00,14.55,7.30
19/07/2025 14:00,19/07/2025 14:30,14.16,7.13
19/07/2025 14:30,19/07/2025 15:00,13.45,6.82
19/07/2025 15:00,19/07/2025 15:30,13.64,6.90
19/07/2025 15:30,19/07/2025 16:00,13.59,6.88
19/07/2025 16:00,19/07/2025 16:30,30.19,12.02
19/07/2025 16:30,19/07/2025 17:00,30.85,12.32
19/07/2025 17:00,19/07/2025 17:30,33.49,13.48
19/07/2025 17:30,19/07/2025 18:00,33.94,13.67
19/07/2025 18:00,19/07/2025 18:30,33.21,13.36
19/07/2025 18:30,19/07/2025 19:00,33.49,13.48
19/07/2025 19:00,19/07/2025 19:30,21.33,10.28
19/07/2025 19:30,19/07/2025 20:00,20.95,10.12
19/07/2025 20:00,19/07/2025 20:30,21.79,10.48
19/07/2025 20:30,19/07/2025 21:00,20.95,10.12
19/07/2025 21:00,19/07/2025 21:30,21.23,10.24
19/07/2025 21:30,19/07/2025 22:00,20.93,10.11
19/07/2025 22:00,19/07/2025 22:30,19.78,9.60
19/07/2025 22:30,19/07/2025 23:00,18.00,8.82
19/07/2025 23:00,19/07/2025 23:30,17.70,8.69
19/07/2025 23:30,20/07/2025 00:00,18.04,8.83
20/07/2025 00:00,20/07/2025 00:30,18.52,9.05
20/07/2025 00:30,20/07/2025 01:00,16.70,8.24
20/07/2025 01:00,20/07/2025 01:30,16.94,8.35
20/07/2025 01:30,20/07/2025 02:00,17.81,8.74
20/07/2025 02:00,20/07/2025 02:30,18.00,8.82
20/07/2025 02:30,20/07/2025 03:00,16.86,8.32
20/07/2025 03:00,20/07/2025 03:30,18.70,9.13
20/07/2025 03:30,20/07/2025 04:00,18.40,8.99
20/07/2025 04:00,20/07/2025 04:30,18.22,8.91
20/07/2025 04:30,20/07/2025 05:00,17.89,8.77
20/07/2025 05:00,20/07/2025 05:30,17.64,8.66
20/07/2025 05:30,20/07/2025 06:00,17.11,8.43
20/07/2025 06:00,20/07/2025 06:30,17.68,8.68
20/07/2025 06:30,20/07/2025 07:00,18.29,8.95
20/07/2025 07:00,20/07/2025 07:30,16.47,8.15
20/07/2025 07:30,20/07/2025 08:00,18.30,8.95
20/07/2025 08:00,20/07/2025 08:30,15.88,7.88
20/07/2025 08:30,20/07/2025 09:00,16.54,8.18
20/07/2025 09:00,20/07/2025 09:30,16.99,8.37
20/07/2025 09:30,20/07/2025 10:00,18.33,8.96
20/07/2025 10:00,20/07/2025 10:30,18.11,8.87
20/07/2025 10:30,20/07/2025 11:00,18.44,9.01
20/07/2025 11:00,20/07/2025 11:30,16.23,8.04
20/07/2025 11:30,20/07/2025 12:00,16.23,8.04
20/07/2025 12:00,20/07/2025 12:30,14.95,7.48
20/07/2025 12:30,20/07/2025 13:00,14.64,7.34
20/07/2025 13:00,20/07/2025 13:30,13.88,7.01
20/07/2025 13:30,20/07/2025 14:00,12.53,6.41
20/07/2025 14:00,20/07/2025 14:30,12.35,6.33
20/07/2025 14:30,20/07/2025 15:00,12.71,6.49
20/07/2025 15:00,20/07/2025 15:30,13.86,7.00
20/07/2025 15:30,20/07/2025 16:00,14.37,7.22
20/07/2025 16:00,20/07/2025 16:30,31.99,12.82
20/07/2025 16:30,20/07/2025 17:00,31.73,12.70
20/07/2025 17:00,20/07/2025 17:30,34.38,13.87
20/07/2025 17:30,20/07/2025 18:00,32.39,13.00
20/07/2025 18:00,20/07/2025 18:30,33.64,13.54
20/07/2025 18:30,20/07/2025 19:00,34.65,13.99
20/07/2025 19:00,20/07/2025 19:30,22.71,10.89
20/07/2025 19:30,20/07/2025 20:00,22.93,10.99
20/07/2025 20:00,20/07/2025 20:30,21.24,10.24
20/07/2025 20:30,20/07/2025 21:00,21.69,10.44
20/07/2025 21:00,20/07/2025 21:30,21.17,10.21
20/07/2025 21:30,20/07/2025 22:00,21.09,10.18
20/07/2025 22:00,20/07/2025 22:30,20.51,9.92
20/07/2025 22:30,20/07/2025 23:00,18.24,8.92
20/07/2025 23:00,20/07/2025 23:30,18.23,8.92
20/07/2025 23:30,21/07/2025 00:00,16.54,8.18
21/07/2025 00:00,21/07/2025 00:30,16.22,8.04
21/07/2025 00:30,21/07/2025 01:00,16.10,7.98
21/07/2025 01:00,21/07/2025 01:30,15.90,7.89
21/07/2025 01:30,21/07/2025 02:00,16.10,7.98
21/07/2025 02:00,21/07/2025 02:30,16.10,7.98
21/07/2025 02:30,21/07/2025 03:00,15.49,7.71
21/07/2025 03:00,21/07/2025 03:30,14.99,7.50
21/07/2025 03:30,21/07/2025 04:00,14.87,7.44
21/07/2025 04:00,21/07/2025 04:30,15.73,7.82
21/07/2025 04:30,21/07/2025 05:00,15.70,7.81
21/07/2025 05:00,21/07/2025 05:30,16.32,8.08
21/07/2025 05:30,21/07/2025 06:00,16.13,8.00
21/07/2025 06:00,21/07/2025 06:30,18.01,8.82
21/07/2025 06:30,21/07/2025 07:00,19.92,9.66
21/07/2025 07:00,21/07/2025 07:30,19.05,9.28
21/07/2025 07:30,21/07/2025 08:00,20.29,9.82
21/07/2025 08:00,21/07/2025 08:30,21.27,10.26
21/07/2025 08:30,21/07/2025 09:00,20.73,10.02
21/07/2025 09:00,21/07/2025 09:30,20.56,9.95
21/07/2025 09:30,21/07/2025 10:00,19.62,9.53
21/07/2025 10:00,21/07/2025 10:30,19.05,9.28
21/07/2025 10:30,21/07/2025 11:00,18.50,9.04
21/07/2025 11:00,21/07/2025 11:30,17.42,8.56
21/07/2025 11:30,21/07/2025 12:00,16.94,8.35
21/07/2025 12:00,21/07/2025 12:30,16.48,8.15
21/07/2025 12:30,21/07/2025 13:00,16.13,8.00
21/07/2025 13:00,21/07/2025 13:30,18.00,8.82
21/07/2025 13:30,21/07/2025 14:00,17.37,8.54
21/07/2025 14:00,21/07/2025 14:30,17.64,8.66
21/07/2025 14:30,21/07/2025 15:00,17.64,8.66
21/07/2025 15:00,21/07/2025 15:30,17.24,8.49
21/07/2025 15:30,21/07/2025 16:00,17.57,8.63
21/07/2025 16:00,21/07/2025 16:30,33.20,13.35
21/07/2025 16:30,21/07/2025 17:00,33.05,13.29
21/07/2025 17:00,21/07/2025 17:30,33.52,13.49
21/07/2025 17:30,21/07/2025 18:00,33.49,13.48
21/07/2025 18:00,21/07/2025 18:30,36.94,14.99
21/07/2025 18:30,21/07/2025 19:00,37.24,15.13
21/07/2025 19:00,21/07/2025 19:30,24.54,11.69
21/07/2025 19:30,21/07/2025 20:00,24.10,11.50
21/07/2025 20:00,21/07/2025 20:30,24.25,11.57
21/07/2025 20:30,21/07/2025 21:00,22.94,10.99
21/07/2025 21:00,21/07/2025 21:30,21.41,10.32
21/07/2025 21:30,21/07/2025 22:00,19.76,9.59
21/07/2025 22:00,21/07/2025 22:30,18.96,9.24
21/07/2025 22:30,21/07/2025 23:00,16.88,8.33
21/07/2025 23:00,21/07/2025 23:30,18.74,9.14
21/07/2025 23:30,22/07/2025 00:00,17.64,8.66
22/07/2025 00:00,22/07/2025 00:30,18.08,8.85
22/07/2025 00:30,22/07/2025 01:00,17.20,8.47
22/07/2025 01:00,22/07/2025 01:30,16.42,8.13
22/07/2025 01:30,22/07/2025 02:00,16.34,8.09
22/07/2025 02:00,22/07/2025 02:30,16.05,7.96
22/07/2025 02:30,22/07/2025 03:00,15.70,7.81
22/07/2025 03:00,22/07/2025 03:30,15.46,7.70
22/07/2025 03:30,22/07/2025 04:00,15.44,7.69
22/07/2025 04:00,22/07/2025 04:30,15.66,7.79
22/07/2025 04:30,22/07/2025 05:00,15.17,7.57
22/07/2025 05:00,22/07/2025 05:30,16.76,8.27
22/07/2025 05:30,22/07/2025 06:00,17.64,8.66
22/07/2025 06:00,22/07/2025 06:30,18.69,9.12
22/07/2025 06:30,22/07/2025 07:00,19.84,9.63
22/07/2025 07:00,22/07/2025 07:30,18.34,8.97
22/07/2025 07:30,22/07/2025 08:00,19.67,9.55
22/07/2025 08:00,22/07/2025 08:30,18.94,9.23
22/07/2025 08:30,22/07/2025 09:00,18.08,8.85
22/07/2025 09:00,22/07/2025 09:30,19.40,9.44
22/07/2025 09:30,22/07/2025 10:00,18.52,9.05
22/07/2025 10:00,22/07/2025 10:30,18.96,9.24
22/07/2025 10:30,22/07/2025 11:00,19.07,9.29
22/07/2025 11:00,22/07/2025 11:30,19.40,9.44
22/07/2025 11:30,22/07/2025 12:00,17.42,8.56
22/07/2025 12:00,22/07/2025 12:30,18.08,8.85
22/07/2025 12:30,22/07/2025 13:00,16.24,8.05
22/07/2025 13:00,22/07/2025 13:30,16.32,8.08
22/07/2025 13:30,22/07/2025 14:00,16.10,7.98
22/07/2025 14:00,22/07/2025 14:30,15.69,7.80
22/07/2025 14:30,22/07/2025 15:00,15.66,7.79
22/07/2025 15:00,22/07/2025 15:30,15.57,7.75
22/07/2025 15:30,22/07/2025 16:00,15.44,7.69
22/07/2025 16:00,22/07/2025 16:30,29.31,11.64
22/07/2025 16:30,22/07/2025 17:00,29.70,11.81
22/07/2025 17:00,22/07/2025 17:30,31.18,12.46
22/07/2025 17:30,22/07/2025 18:00,30.61,12.21
22/07/2025 18:00,22/07/2025 18:30,33.49,13.48
22/07/2025 18:30,22/07/2025 19:00,34.20,13.79
22/07/2025 19:00,22/07/2025 19:30,22.25,10.69
22/07/2025 19:30,22/07/2025 20:00,22.25,10.69
22/07/2025 20:00,22/07/2025 20:30,22.60,10.84
22/07/2025 20:30,22/07/2025 21:00,22.05,10.60
22/07/2025 21:00,22/07/2025 21:30,21.83,10.50
22/07/2025 21:30,22/07/2025 22:00,20.73,10.02
22/07/2025 22:00,22/07/2025 22:30,20.10,9.74
22/07/2025 22:30,22/07/2025 23:00,17.20,8.47
22/07/2025 23:00,22/07/2025 23:30,19.09,9.30
22/07/2025 23:30,23/07/2025 00:00,17.18,8.46
23/07/2025 00:00,23/07/2025 00:30,16.76,8.27
23/07/2025 00:30,23/07/2025 01:00,15.95,7.92
23/07/2025 01:00,23/07/2025 01:30,16.53,8.17
23/07/2025 01:30,23/07/2025 02:00,15.95,7.92
23/07/2025 02:00,23/07/2025 02:30,16.01,7.94
23/07/2025 02:30,23/07/2025 03:00,15.95,7.92
23/07/2025 03:00,23/07/2025 03:30,15.51,7.72
23/07/2025 03:30,23/07/2025 04:00,15.28,7.62
23/07/2025 04:00,23/07/2025 04:30,15.95,7.92
23/07/2025 04:30,23/07/2025 05:00,15.44,7.69
23/07/2025 05:00,23/07/2025 05:30,16.27,8.06
23/07/2025 05:30,23/07/2025 06:00,16.98,8.37
23/07/2025 06:00,23/07/2025 06:30,18.30,8.95
23/07/2025 06:30,23/07/2025 07:00,20.57,9.95
23/07/2025 07:00,23/07/2025 07:30,20.46,9.90
23/07/2025 07:30,23/07/2025 08:00,21.27,10.26
23/07/2025 08:00,23/07/2025 08:30,20.22,9.79
23/07/2025 08:30,23/07/2025 09:00,20.02,9.71
23/07/2025 09:00,23/07/2025 09:30,19.84,9.63
23/07/2025 09:30,23/07/2025 10:00,19.07,9.29
23/07/2025 10:00,23/07/2025 10:30,18.23,8.92
23/07/2025 10:30,23/07/2025 11:00,18.29,8.95
23/07/2025 11:00,23/07/2025 11:30,18.66,9.11
23/07/2025 11:30,23/07/2025 12:00,17.64,8.66
23/07/2025 12:00,23/07/2025 12:30,17.40,8.55
23/07/2025 12:30,23/07/2025 13:00,17.20,8.47
23/07/2025 13:00,23/07/2025 13:30,16.64,8.22
23/07/2025 13:30,23/07/2025 14:00,16.19,8.02
23/07/2025 14:00,23/07/2025 14:30,16.48,8.15
23/07/2025 14:30,23/07/2025 15:00,16.93,8.35
23/07/2025 15:00,23/07/2025 15:30,16.32,8.08
23/07/2025 15:30,23/07/2025 16:00,16.32,8.08
23/07/2025 16:00,23/07/2025 16:30,30.30,12.08
23/07/2025 16:30,23/07/2025 17:00,30.51,12.17
23/07/2025 17:00,23/07/2025 17:30,31.84,12.75
23/07/2025 17:30,23/07/2025 18:00,30.41,12.12
23/07/2025 18:00,23/07/2025 18:30,34.14,13.76
23/07/2025 18:30,23/07/2025 19:00,35.10,14.19
23/07/2025 19:00,23/07/2025 19:30,22.00,10.58
23/07/2025 19:30,23/07/2025 20:00,21.71,10.45
23/07/2025 20:00,23/07/2025 20:30,22.60,10.84
23/07/2025 20:30,23/07/2025 21:00,22.16,10.65
23/07/2025 21:00,23/07/2025 21:30,22.62,10.85
23/07/2025 21:30,23/07/2025 22:00,21.81,10.49
23/07/2025 22:00,23/07/2025 22:30,19.40,9.44
23/07/2025 22:30,23/07/2025 23:00,18.70,9.13
23/07/2025 23:00,23/07/2025 23:30,17.98,8.81
23/07/2025 23:30,24/07/2025 00:00,17.89,8.77
24/07/2025 00:00,24/07/2025 00:30,17.59,8.64
24/07/2025 00:30,24/07/2025 01:00,17.35,8.53
24/07/2025 01:00,24/07/2025 01:30,16.04,7.96
24/07/2025 01:30,24/07/2025 02:00,16.52,8.17
24/07/2025 02:00,24/07/2025 02:30,15.84,7.87
24/07/2025 02:30,24/07/2025 03:00,15.84,7.87
24/07/2025 03:00,24/07/2025 03:30,15.84,7.87
24/07/2025 03:30,24/07/2025 04:00,15.44,7.69
24/07/2025 04:00,24/07/2025 04:30,16.00,7.94
24/07/2025 04:30,24/07/2025 05:00,15.84,7.87
24/07/2025 05:00,24/07/2025 05:30,16.24,8.05
24/07/2025 05:30,24/07/2025 06:00,15.84,7.87
24/07/2025 06:00,24/07/2025 06:30,16.09,7.98
24/07/2025 06:30,24/07/2025 07:00,18.91,9.22
24/07/2025 07:00,24/07/2025 07:30,18.96,9.24
24/07/2025 07:30,24/07/2025 08:00,20.51,9.92
24/07/2025 08:00,24/07/2025 08:30,18.96,9.24
24/07/2025 08:30,24/07/2025 09:00,19.05,9.28
24/07/2025 09:00,24/07/2025 09:30,18.08,8.85
24/07/2025 09:30,24/07/2025 10:00,16.76,8.27
24/07/2025 10:00,24/07/2025 10:30,17.20,8.47
24/07/2025 10:30,24/07/2025 11:00,17.17,8.45
24/07/2025 11:00,24/07/2025 11:30,17.44,8.57
24/07/2025 11:30,24/07/2025 12:00,16.52,8.17
24/07/2025 12:00,24/07/2025 12:30,16.10,7.98
24/07/2025 12:30,24/07/2025 13:00,15.88,7.88
24/07/2025 13:00,24/07/2025 13:30,15.84,7.87
24/07/2025 13:30,24/07/2025 14:00,15.84,7.87
24/07/2025 14:00,24/07/2025 14:30,16.94,8.35
24/07/2025 14:30,24/07/2025 15:00,16.25,8.05
24/07/2025 15:00,24/07/2025 15:30,16.58,8.19
24/07/2025 15:30,24/07/2025 16:00,16.45,8.14
24/07/2025 16:00,24/07/2025 16:30,31.65,12.67
24/07/2025 16:30,24/07/2025 17:00,31.13,12.44
24/07/2025 17:00,24/07/2025 17:30,32.92,13.23
24/07/2025 17:30,24/07/2025 18:00,31.55,12.63
24/07/2025 18:00,24/07/2025 18:30,32.35,12.98
24/07/2025 18:30,24/07/2025 19:00,33.94,13.67
24/07/2025 19:00,24/07/2025 19:30,21.61,10.41
24/07/2025 19:30,24/07/2025 20:00,22.01,10.58
24/07/2025 20:00,24/07/2025 20:30,22.69,10.88
24/07/2025 20:30,24/07/2025 21:00,22.69,10.88
24/07/2025 21:00,24/07/2025 21:30,22.05,10.60
24/07/2025 21:30,24/07/2025 22:00,22.05,10.60
24/07/2025 22:00,24/07/2025 22:30,20.29,9.82
24/07/2025 22:30,24/07/2025 23:00,18.52,9.05
24/07/2025 23:00,24/07/2025 23:30,20.73,10.02
24/07/2025 23:30,25/07/2025 00:00,20.29,9.82
25/07/2025 00:00,25/07/2025 00:30,19.18,9.34
25/07/2025 00:30,25/07/2025 01:00,19.24,9.36
25/07/2025 01:00,25/07/2025 01:30,17.92,8.79
25/07/2025 01:30,25/07/2025 02:00,17.76,8.71
25/07/2025 02:00,25/07/2025 02:30,17.22,8.48
25/07/2025 02:30,25/07/2025 03:00,16.74,8.26
25/07/2025 03:00,25/07/2025 03:30,16.68,8.24
25/07/2025 03:30,25/07/2025 04:00,16.21,8.03
25/07/2025 04:00,25/07/2025 04:30,16.78,8.28
25/07/2025 04:30,25/07/2025 05:00,16.54,8.18
25/07/2025 05:00,25/07/2025 05:30,16.84,8.31
25/07/2025 05:30,25/07/2025 06:00,16.40,8.11
25/07/2025 06:00,25/07/2025 06:30,18.52,9.05
25/07/2025 06:30,25/07/2025 07:00,19.84,9.63
25/07/2025 07:00,25/07/2025 07:30,20.29,9.82
25/07/2025 07:30,25/07/2025 08:00,20.73,10.02
25/07/2025 08:00,25/07/2025 08:30,19.59,9.52
25/07/2025 08:30,25/07/2025 09:00,18.52,9.05
25/07/2025 09:00,25/07/2025 09:30,17.77,8.72
25/07/2025 09:30,25/07/2025 10:00,17.82,8.74
25/07/2025 10:00,25/07/2025 10:30,16.71,8.25
25/07/2025 10:30,25/07/2025 11:00,17.15,8.44
25/07/2025 11:00,25/07/2025 11:30,15.98,7.93
25/07/2025 11:30,25/07/2025 12:00,15.66,7.79
25/07/2025 12:00,25/07/2025 12:30,14.95,7.48
25/07/2025 12:30,25/07/2025 13:00,14.65,7.34
25/07/2025 13:00,25/07/2025 13:30,14.11,7.11
25/07/2025 13:30,25/07/2025 14:00,13.57,6.87
25/07/2025 14:00,25/07/2025 14:30,14.71,7.37
25/07/2025 14:30,25/07/2025 15:00,13.67,6.91
25/07/2025 15:00,25/07/2025 15:30,14.11,7.11
25/07/2025 15:30,25/07/2025 16:00,14.27,7.18
25/07/2025 16:00,25/07/2025 16:30,29.09,11.54
25/07/2025 16:30,25/07/2025 17:00,29.53,11.73
25/07/2025 17:00,25/07/2025 17:30,30.85,12.32
25/07/2025 17:30,25/07/2025 18:00,30.40,12.12
25/07/2025 18:00,25/07/2025 18:30,31.82,12.74
25/07/2025 18:30,25/07/2025 19:00,32.38,12.99
25/07/2025 19:00,25/07/2025 19:30,20.73,10.02
25/07/2025 19:30,25/07/2025 20:00,21.63,10.42
25/07/2025 20:00,25/07/2025 20:30,22.07,10.61
25/07/2025 20:30,25/07/2025 21:00,21.83,10.50
25/07/2025 21:00,25/07/2025 21:30,21.83,10.50
25/07/2025 21:30,25/07/2025 22:00,21.17,10.21
25/07/2025 22:00,25/07/2025 22:30,20.09,9.74
25/07/2025 22:30,25/07/2025 23:00,19.26,9.37
25/07/2025 23:00,25/07/2025 23:30,20.22,9.79
25/07/2025 23:30,26/07/2025 00:00,18.96,9.24
26/07/2025 00:00,26/07/2025 00:30,18.49,9.04
26/07/2025 00:30,26/07/2025 01:00,17.50,8.60
26/07/2025 01:00,26/07/2025 01:30,16.76,8.27
26/07/2025 01:30,26/07/2025 02:00,17.19,8.46
26/07/2025 02:00,26/07/2025 02:30,16.42,8.13
26/07/2025 02:30,26/07/2025 03:00,16.44,8.14
26/07/2025 03:00,26/07/2025 03:30,16.88,8.33
26/07/2025 03:30,26/07/2025 04:00,16.30,8.07
26/07/2025 04:00,26/07/2025 04:30,16.80,8.29
26/07/2025 04:30,26/07/2025 05:00,16.36,8.09
26/07/2025 05:00,26/07/2025 05:30,17.73,8.70
26/07/2025 05:30,26/07/2025 06:00,16.59,8.20
26/07/2025 06:00,26/07/2025 06:30,16.70,8.24
26/07/2025 06:30,26/07/2025 07:00,17.94,8.79
26/07/2025 07:00,26/07/2025 07:30,16.89,8.33
26/07/2025 07:30,26/07/2025 08:00,17.42,8.56
26/07/2025 08:00,26/07/2025 08:30,17.02,8.39
26/07/2025 08:30,26/07/2025 09:00,17.64,8.66
26/07/2025 09:00,26/07/2025 09:30,17.64,8.66
26/07/2025 09:30,26/07/2025 10:00,17.64,8.66
26/07/2025 10:00,26/07/2025 10:30,18.31,8.96
26/07/2025 10:30,26/07/2025 11:00,18.80,9.17
26/07/2025 11:00,26/07/2025 11:30,18.50,9.04
26/07/2025 11:30,26/07/2025 12:00,17.28,8.50
26/07/2025 12:00,26/07/2025 12:30,17.02,8.39
26/07/2025 12:30,26/07/2025 13:00,15.76,7.83
26/07/2025 13:00,26/07/2025 13:30,15.70,7.81
26/07/2025 13:30,26/07/2025 14:00,14.55,7.30
26/07/2025 14:00,26/07/2025 14:30,14.45,7.25
26/07/2025 14:30,26/07/2025 15:00,13.45,6.82
26/07/2025 15:00,26/07/2025 15:30,14.71,7.37
26/07/2025 15:30,26/07/2025 16:00,14.55,7.30
26/07/2025 16:00,26/07/2025 16:30,28.71,11.38
26/07/2025 16:30,26/07/2025 17:00,29.31,11.64
26/07/2025 17:00,26/07/2025 17:30,31.88,12.77
26/07/2025 17:30,26/07/2025 18:00,31.18,12.46
26/07/2025 18:00,26/07/2025 18:30,30.85,12.32
26/07/2025 18:30,26/07/2025 19:00,32.14,12.88
26/07/2025 19:00,26/07/2025 19:30,20.35,9.85
26/07/2025 19:30,26/07/2025 20:00,20.35,9.85
26/07/2025 20:00,26/07/2025 20:30,21.84,10.51
26/07/2025 20:30,26/07/2025 21:00,21.83,10.50
26/07/2025 21:00,26/07/2025 21:30,21.11,10.18
26/07/2025 21:30,26/07/2025 22:00,20.91,10.10
26/07/2025 22:00,26/07/2025 22:30,20.63,9.97
26/07/2025 22:30,26/07/2025 23:00,18.81,9.17
26/07/2025 23:00,26/07/2025 23:30,17.56,8.62
26/07/2025 23:30,27/07/2025 00:00,18.93,9.23
27/07/2025 00:00,27/07/2025 00:30,19.00,9.26
27/07/2025 00:30,27/07/2025 01:00,17.29,8.51
27/07/2025 01:00,27/07/2025 01:30,17.48,8.59
27/07/2025 01:30,27/07/2025 02:00,19.40,9.44
27/07/2025 02:00,27/07/2025 02:30,18.19,8.90
27/07/2025 02:30,27/07/2025 03:00,16.13,8.00
27/07/2025 03:00,27/07/2025 03:30,16.94,8.35
27/07/2025 03:30,27/07/2025 04:00,16.05,7.96
27/07/2025 04:00,27/07/2025 04:30,16.96,8.36
27/07/2025 04:30,27/07/2025 05:00,17.40,8.55
27/07/2025 05:00,27/07/2025 05:30,18.11,8.87
27/07/2025 05:30,27/07/2025 06:00,17.64,8.66
27/07/2025 06:00,27/07/2025 06:30,16.98,8.37
27/07/2025 06:30,27/07/2025 07:00,17.75,8.71
27/07/2025 07:00,27/07/2025 07:30,16.32,8.08
27/07/2025 07:30,27/07/2025 08:00,18.08,8.85
27/07/2025 08:00,27/07/2025 08:30,15.77,7.84
27/07/2025 08:30,27/07/2025 09:00,16.58,8.19
27/07/2025 09:00,27/07/2025 09:30,15.28,7.62
27/07/2025 09:30,27/07/2025 10:00,15.83,7.87
27/07/2025 10:00,27/07/2025 10:30,15.88,7.88
27/07/2025 10:30,27/07/2025 11:00,15.83,7.87
27/07/2025 11:00,27/07/2025 11:30,15.44,7.69
27/07/2025 11:30,27/07/2025 12:00,14.77,7.40
27/07/2025 12:00,27/07/2025 12:30,14.99,7.50
27/07/2025 12:30,27/07/2025 13:00,15.44,7.69
27/07/2025 13:00,27/07/2025 13:30,15.61,7.77
27/07/2025 13:30,27/07/2025 14:00,15.44,7.69
27/07/2025 14:00,27/07/2025 14:30,15.61,7.77
27/07/2025 14:30,27/07/2025 15:00,16.32,8.08
27/07/2025 15:00,27/07/2025 15:30,15.88,7.88
27/07/2025 15:30,27/07/2025 16:00,18.08,8.85
27/07/2025 16:00,27/07/2025 16:30,30.78,12.28
27/07/2025 16:30,27/07/2025 17:00,31.07,12.41
27/07/2025 17:00,27/07/2025 17:30,32.74,13.15
27/07/2025 17:30,27/07/2025 18:00,30.41,12.12
27/07/2025 18:00,27/07/2025 18:30,32.37,12.99
27/07/2025 18:30,27/07/2025 19:00,33.94,13.67
27/07/2025 19:00,27/07/2025 19:30,21.11,10.19
27/07/2025 19:30,27/07/2025 20:00,21.17,10.21
27/07/2025 20:00,27/07/2025 20:30,20.95,10.11
27/07/2025 20:30,27/07/2025 21:00,21.17,10.21
27/07/2025 21:00,27/07/2025 21:30,21.17,10.21
27/07/2025 21:30,27/07/2025 22:00,20.83,10.07
27/07/2025 22:00,27/07/2025 22:30,20.81,10.06
27/07/2025 22:30,27/07/2025 23:00,18.52,9.05
27/07/2025 23:00,27/07/2025 23:30,18.52,9.05
27/07/2025 23:30,28/07/2025 00:00,17.98,8.81
28/07/2025 00:00,28/07/2025 00:30,17.63,8.66
28/07/2025 00:30,28/07/2025 01:00,16.09,7.98
28/07/2025 01:00,28/07/2025 01:30,15.88,7.88
28/07/2025 01:30,28/07/2025 02:00,15.83,7.87
28/07/2025 02:00,28/07/2025 02:30,15.70,7.81
28/07/2025 02:30,28/07/2025 03:00,14.55,7.30
28/07/2025 03:00,28/07/2025 03:30,15.33,7.64
28/07/2025 03:30,28/07/2025 04:00,14.99,7.50
28/07/2025 04:00,28/07/2025 04:30,15.21,7.59
28/07/2025 04:30,28/07/2025 05:00,14.95,7.48
28/07/2025 05:00,28/07/2025 05:30,15.83,7.87
28/07/2025 05:30,28/07/2025 06:00,14.99,7.50
28/07/2025 06:00,28/07/2025 06:30,16.62,8.21
28/07/2025 06:30,28/07/2025 07:00,19.98,9.69
28/07/2025 07:00,28/07/2025 07:30,19.05,9.28
28/07/2025 07:30,28/07/2025 08:00,19.84,9.63
28/07/2025 08:00,28/07/2025 08:30,18.68,9.12
28/07/2025 08:30,28/07/2025 09:00,18.52,9.05
28/07/2025 09:00,28/07/2025 09:30,17.62,8.65
28/07/2025 09:30,28/07/2025 10:00,15.88,7.88
28/07/2025 10:00,28/07/2025 10:30,15.83,7.87
28/07/2025 10:30,28/07/2025 11:00,15.83,7.87
28/07/2025 11:00,28/07/2025 11:30,15.83,7.87
28/07/2025 11:30,28/07/2025 12:00,15.77,7.84
28/07/2025 12:00,28/07/2025 12:30,15.83,7.87
28/07/2025 12:30,28/07/2025 13:00,15.83,7.87
28/07/2025 13:00,28/07/2025 13:30,15.74,7.83
28/07/2025 13:30,28/07/2025 14:00,14.99,7.50
28/07/2025 14:00,28/07/2025 14:30,14.57,7.31
28/07/2025 14:30,28/07/2025 15:00,15.02,7.50
28/07/2025 15:00,28/07/2025 15:30,14.57,7.31
28/07/2025 15:30,28/07/2025 16:00,15.83,7.87
28/07/2025 16:00,28/07/2025 16:30,30.07,11.98
28/07/2025 16:30,28/07/2025 17:00,30.19,12.02
28/07/2025 17:00,28/07/2025 17:30,30.41,12.12
28/07/2025 17:30,28/07/2025 18:00,31.24,12.49
28/07/2025 18:00,28/07/2025 18:30,31.82,12.74
28/07/2025 18:30,28/07/2025 19:00,34.60,13.96
28/07/2025 19:00,28/07/2025 19:30,22.85,10.95
28/07/2025 19:30,28/07/2025 20:00,23.07,11.05
28/07/2025 20:00,28/07/2025 20:30,22.83,10.94
28/07/2025 20:30,28/07/2025 21:00,22.57,10.83
28/07/2025 21:00,28/07/2025 21:30,21.61,10.41
28/07/2025 21:30,28/07/2025 22:00,20.95,10.12
28/07/2025 22:00,28/07/2025 22:30,19.71,9.57
28/07/2025 22:30,28/07/2025 23:00,17.20,8.47
28/07/2025 23:00,28/07/2025 23:30,17.11,8.43
28/07/2025 23:30,29/07/2025 00:00,16.65,8.22
29/07/2025 00:00,29/07/2025 00:30,17.64,8.66
29/07/2025 00:30,29/07/2025 01:00,16.26,8.06
29/07/2025 01:00,29/07/2025 01:30,16.47,8.15
29/07/2025 01:30,29/07/2025 02:00,16.40,8.12
29/07/2025 02:00,29/07/2025 02:30,15.91,7.90
29/07/2025 02:30,29/07/2025 03:00,15.48,7.71
29/07/2025 03:00,29/07/2025 03:30,15.98,7.93
29/07/2025 03:30,29/07/2025 04:00,15.70,7.81
29/07/2025 04:00,29/07/2025 04:30,16.65,8.22
29/07/2025 04:30,29/07/2025 05:00,16.32,8.08
29/07/2025 05:00,29/07/2025 05:30,18.08,8.85
29/07/2025 05:30,29/07/2025 06:00,18.19,8.90
29/07/2025 06:00,29/07/2025 06:30,18.74,9.14
29/07/2025 06:30,29/07/2025 07:00,19.93,9.67
29/07/2025 07:00,29/07/2025 07:30,17.42,8.56
29/07/2025 07:30,29/07/2025 08:00,18.63,9.10
29/07/2025 08:00,29/07/2025 08:30,19.07,9.29
29/07/2025 08:30,29/07/2025 09:00,19.62,9.53
29/07/2025 09:00,29/07/2025 09:30,20.07,9.73
29/07/2025 09:30,29/07/2025 10:00,19.91,9.66
29/07/2025 10:00,29/07/2025 10:30,19.39,9.43
29/07/2025 10:30,29/07/2025 11:00,19.49,9.47
29/07/2025 11:00,29/07/2025 11:30,19.95,9.68
29/07/2025 11:30,29/07/2025 12:00,19.40,9.44
29/07/2025 12:00,29/07/2025 12:30,18.96,9.24
29/07/2025 12:30,29/07/2025 13:00,18.04,8.83
29/07/2025 13:00,29/07/2025 13:30,18.05,8.84
29/07/2025 13:30,29/07/2025 14:00,17.28,8.50
29/07/2025 14:00,29/07/2025 14:30,16.76,8.27
29/07/2025 14:30,29/07/2025 15:00,16.65,8.22
29/07/2025 15:00,29/07/2025 15:30,16.74,8.26
29/07/2025 15:30,29/07/2025 16:00,16.68,8.24
29/07/2025 16:00,29/07/2025 16:30,30.85,12.32
29/07/2025 16:30,29/07/2025 17:00,31.73,12.70
29/07/2025 17:00,29/07/2025 17:30,32.13,12.88
29/07/2025 17:30,29/07/2025 18:00,32.70,13.13
29/07/2025 18:00,29/07/2025 18:30,36.92,14.98
29/07/2025 18:30,29/07/2025 19:00,37.18,15.10
29/07/2025 19:00,29/07/2025 19:30,24.03,11.47
29/07/2025 19:30,29/07/2025 20:00,23.81,11.38
29/07/2025 20:00,29/07/2025 20:30,23.81,11.38
29/07/2025 20:30,29/07/2025 21:00,23.81,11.38
29/07/2025 21:00,29/07/2025 21:30,22.93,10.99
29/07/2025 21:30,29/07/2025 22:00,21.82,10.50
29/07/2025 22:00,29/07/2025 22:30,20.53,9.93
29/07/2025 22:30,29/07/2025 23:00,18.52,9.05
29/07/2025 23:00,29/07/2025 23:30,18.74,9.14
29/07/2025 23:30,30/07/2025 00:00,18.40,8.99
30/07/2025 00:00,30/07/2025 00:30,16.32,8.08
30/07/2025 00:30,30/07/2025 01:00,15.36,7.66
30/07/2025 01:00,30/07/2025 01:30,15.36,7.66
30/07/2025 01:30,30/07/2025 02:00,16.25,8.05
30/07/2025 02:00,30/07/2025 02:30,15.54,7.74
30/07/2025 02:30,30/07/2025 03:00,15.36,7.66
30/07/2025 03:00,30/07/2025 03:30,15.36,7.66
30/07/2025 03:30,30/07/2025 04:00,15.21,7.59
30/07/2025 04:00,30/07/2025 04:30,14.77,7.40
30/07/2025 04:30,30/07/2025 05:00,14.55,7.30
30/07/2025 05:00,30/07/2025 05:30,15.58,7.75
30/07/2025 05:30,30/07/2025 06:00,15.36,7.66
30/07/2025 06:00,30/07/2025 06:30,16.65,8.23
30/07/2025 06:30,30/07/2025 07:00,19.24,9.36
30/07/2025 07:00,30/07/2025 07:30,17.34,8.52
30/07/2025 07:30,30/07/2025 08:00,19.91,9.66
30/07/2025 08:00,30/07/2025 08:30,19.76,9.59
30/07/2025 08:30,30/07/2025 09:00,19.84,9.63
30/07/2025 09:00,30/07/2025 09:30,20.02,9.71
30/07/2025 09:30,30/07/2025 10:00,19.76,9.59
30/07/2025 10:00,30/07/2025 10:30,19.84,9.63
30/07/2025 10:30,30/07/2025 11:00,19.76,9.59
30/07/2025 11:00,30/07/2025 11:30,19.89,9.65
30/07/2025 11:30,30/07/2025 12:00,19.45,9.46
30/07/2025 12:00,30/07/2025 12:30,19.45,9.46
30/07/2025 12:30,30/07/2025 13:00,18.96,9.24
30/07/2025 13:00,30/07/2025 13:30,18.74,9.14
30/07/2025 13:30,30/07/2025 14:00,17.56,8.63
30/07/2025 14:00,30/07/2025 14:30,16.76,8.27
30/07/2025 14:30,30/07/2025 15:00,16.65,8.23
30/07/2025 15:00,30/07/2025 15:30,16.65,8.23
30/07/2025 15:30,30/07/2025 16:00,17.18,8.46
30/07/2025 16:00,30/07/2025 16:30,30.41,12.12
30/07/2025 16:30,30/07/2025 17:00,32.35,12.98
30/07/2025 17:00,30/07/2025 17:30,31.95,12.80
30/07/2025 17:30,30/07/2025 18:00,32.52,13.05
30/07/2025 18:00,30/07/2025 18:30,32.61,13.09
30/07/2025 18:30,30/07/2025 19:00,34.66,13.99
30/07/2025 19:00,30/07/2025 19:30,20.73,10.02
30/07/2025 19:30,30/07/2025 20:00,20.51,9.92
30/07/2025 20:00,30/07/2025 20:30,20.73,10.02
30/07/2025 20:30,30/07/2025 21:00,20.66,9.99
30/07/2025 21:00,30/07/2025 21:30,21.59,10.40
30/07/2025 21:30,30/07/2025 22:00,19.80,9.61
30/07/2025 22:00,30/07/2025 22:30,19.62,9.53
30/07/2025 22:30,30/07/2025 23:00,17.20,8.47
30/07/2025 23:00,30/07/2025 23:30,17.86,8.76
30/07/2025 23:30,31/07/2025 00:00,17.86,8.76
31/07/2025 00:00,31/07/2025 00:30,16.68,8.24
31/07/2025 00:30,31/07/2025 01:00,15.80,7.85
31/07/2025 01:00,31/07/2025 01:30,16.24,8.05
31/07/2025 01:30,31/07/2025 02:00,16.24,8.05
31/07/2025 02:00,31/07/2025 02:30,16.05,7.96
31/07/2025 02:30,31/07/2025 03:00,15.08,7.53
31/07/2025 03:00,31/07/2025 03:30,15.53,7.73
31/07/2025 03:30,31/07/2025 04:00,14.99,7.50
31/07/2025 04:00,31/07/2025 04:30,14.99,7.50
31/07/2025 04:30,31/07/2025 05:00,14.99,7.50
31/07/2025 05:00,31/07/2025 05:30,17.19,8.46
31/07/2025 05:30,31/07/2025 06:00,16.95,8.35
31/07/2025 06:00,31/07/2025 06:30,18.30,8.95
31/07/2025 06:30,31/07/2025 07:00,20.07,9.73
31/07/2025 07:00,31/07/2025 07:30,18.84,9.19
31/07/2025 07:30,31/07/2025 08:00,20.42,9.88
31/07/2025 08:00,31/07/2025 08:30,20.81,10.06
31/07/2025 08:30,31/07/2025 09:00,20.95,10.12
31/07/2025 09:00,31/07/2025 09:30,20.73,10.02
31/07/2025 09:30,31/07/2025 10:00,20.55,9.94
31/07/2025 10:00,31/07/2025 10:30,20.22,9.79
31/07/2025 10:30,31/07/2025 11:00,19.77,9.60
31/07/2025 11:00,31/07/2025 11:30,19.40,9.44
31/07/2025 11:30,31/07/2025 12:00,18.96,9.24
31/07/2025 12:00,31/07/2025 12:30,18.52,9.05
31/07/2025 12:30,31/07/2025 13:00,17.72,8.70
31/07/2025 13:00,31/07/2025 13:30,16.34,8.09
31/07/2025 13:30,31/07/2025 14:00,15.55,7.74
31/07/2025 14:00,31/07/2025 14:30,15.86,7.87
31/07/2025 14:30,31/07/2025 15:00,15.24,7.60
31/07/2025 15:00,31/07/2025 15:30,14.99,7.50
31/07/2025 15:30,31/07/2025 16:00,15.26,7.61
31/07/2025 16:00,31/07/2025 16:30,29.54,11.74
31/07/2025 16:30,31/07/2025 17:00,29.97,11.93
31/07/2025 17:00,31/07/2025 17:30,31.41,12.56
31/07/2025 17:30,31/07/2025 18:00,31.95,12.80
31/07/2025 18:00,31/07/2025 18:30,33.30,13.39
31/07/2025 18:30,31/07/2025 19:00,34.23,13.80
31/07/2025 19:00,31/07/2025 19:30,22.30,10.71
31/07/2025 19:30,31/07/2025 20:00,22.71,10.89
31/07/2025 20:00,31/07/2025 20:30,22.07,10.61
31/07/2025 20:30,31/07/2025 21:00,22.05,10.60
31/07/2025 21:00,31/07/2025 21:30,22.35,10.74
31/07/2025 21:30,31/07/2025 22:00,21.55,10.38
31/07/2025 22:00,31/07/2025 22:30,19.07,9.29
31/07/2025 22:30,31/07/2025 23:00,16.86,8.32
31/07/2025 23:00,31/07/2025 23:30,18.30,8.95
31/07/2025 23:30,01/08/2025 00:00,19.18,9.34
01/08/2025 00:00,01/08/2025 00:30,17.42,8.56
01/08/2025 00:30,01/08/2025 01:00,17.06,8.41
01/08/2025 01:00,01/08/2025 01:30,16.47,8.15
01/08/2025 01:30,01/08/2025 02:00,16.73,8.26
01/08/2025 02:00,01/08/2025 02:30,16.03,7.95
01/08/2025 02:30,01/08/2025 03:00,15.59,7.76
01/08/2025 03:00,01/08/2025 03:30,15.44,7.69
01/08/2025 03:30,01/08/2025 04:00,15.26,7.61
01/08/2025 04:00,01/08/2025 04:30,14.79,7.41
01/08/2025 04:30,01/08/2025 05:00,14.45,7.26
01/08/2025 05:00,01/08/2025 05:30,16.02,7.95
01/08/2025 05:30,01/08/2025 06:00,16.18,8.02
01/08/2025 06:00,01/08/2025 06:30,18.52,9.05
01/08/2025 06:30,01/08/2025 07:00,19.49,9.47
01/08/2025 07:00,01/08/2025 07:30,20.05,9.72
01/08/2025 07:30,01/08/2025 08:00,19.84,9.63
01/08/2025 08:00,01/08/2025 08:30,19.84,9.63
01/08/2025 08:30,01/08/2025 09:00,20.07,9.73
01/08/2025 09:00,01/08/2025 09:30,19.40,9.44
01/08/2025 09:30,01/08/2025 10:00,18.45,9.02
01/08/2025 10:00,01/08/2025 10:30,18.63,9.10
01/08/2025 10:30,01/08/2025 11:00,18.08,8.85
01/08/2025 11:00,01/08/2025 11:30,15.70,7.81
01/08/2025 11:30,01/08/2025 12:00,14.55,7.30
01/08/2025 12:00,01/08/2025 12:30,14.60,7.32
01/08/2025 12:30,01/08/2025 13:00,13.24,6.72
01/08/2025 13:00,01/08/2025 13:30,13.67,6.91
01/08/2025 13:30,01/08/2025 14:00,12.88,6.57
01/08/2025 14:00,01/08/2025 14:30,14.15,7.13
01/08/2025 14:30,01/08/2025 15:00,12.35,6.33
01/08/2025 15:00,01/08/2025 15:30,13.67,6.91
01/08/2025 15:30,01/08/2025 16:00,14.11,7.11
01/08/2025 16:00,01/08/2025 16:30,26.74,10.51
01/08/2025 16:30,01/08/2025 17:00,28.07,11.09
01/08/2025 17:00,01/08/2025 17:30,31.11,12.43
01/08/2025 17:30,01/08/2025 18:00,31.29,12.51
01/08/2025 18:00,01/08/2025 18:30,32.39,13.00
01/08/2025 18:30,01/08/2025 19:00,32.39,13.00
01/08/2025 19:00,01/08/2025 19:30,21.52,10.37
01/08/2025 19:30,01/08/2025 20:00,22.32,10.72
01/08/2025 20:00,01/08/2025 20:30,22.41,10.76
01/08/2025 20:30,01/08/2025 21:00,21.61,10.41
01/08/2025 21:00,01/08/2025 21:30,21.17,10.21
01/08/2025 21:30,01/08/2025 22:00,21.14,10.20
01/08/2025 22:00,01/08/2025 22:30,20.48,9.91
01/08/2025 22:30,01/08/2025 23:00,18.92,9.23
01/08/2025 23:00,01/08/2025 23:30,18.26,8.93
01/08/2025 23:30,02/08/2025 00:00,16.62,8.21
02/08/2025 00:00,02/08/2025 00:30,16.62,8.21
02/08/2025 00:30,02/08/2025 01:00,16.62,8.21
02/08/2025 01:00,02/08/2025 01:30,16.98,8.37
02/08/2025 01:30,02/08/2025 02:00,17.14,8.44
02/08/2025 02:00,02/08/2025 02:30,16.62,8.21
02/08/2025 02:30,02/08/2025 03:00,14.66,7.35
02/08/2025 03:00,02/08/2025 03:30,14.69,7.36
02/08/2025 03:30,02/08/2025 04:00,14.11,7.11
02/08/2025 04:00,02/08/2025 04:30,14.45,7.25
02/08/2025 04:30,02/08/2025 05:00,14.44,7.25
02/08/2025 05:00,02/08/2025 05:30,15.15,7.56
02/08/2025 05:30,02/08/2025 06:00,14.99,7.50
02/08/2025 06:00,02/08/2025 06:30,14.99,7.50
02/08/2025 06:30,02/08/2025 07:00,15.78,7.84
02/08/2025 07:00,02/08/2025 07:30,14.33,7.20
02/08/2025 07:30,02/08/2025 08:00,15.44,7.69
02/08/2025 08:00,02/08/2025 08:30,14.13,7.12
02/08/2025 08:30,02/08/2025 09:00,15.44,7.69
02/08/2025 09:00,02/08/2025 09:30,15.21,7.59
02/08/2025 09:30,02/08/2025 10:00,14.80,7.41
02/08/2025 10:00,02/08/2025 10:30,15.21,7.59
02/08/2025 10:30,02/08/2025 11:00,14.55,7.30
02/08/2025 11:00,02/08/2025 11:30,15.76,7.83
02/08/2025 11:30,02/08/2025 12:00,15.91,7.90
02/08/2025 12:00,02/08/2025 12:30,16.11,7.99
02/08/2025 12:30,02/08/2025 13:00,15.66,7.79
02/08/2025 13:00,02/08/2025 13:30,14.99,7.50
02/08/2025 13:30,02/08/2025 14:00,15.42,7.69
02/08/2025 14:00,02/08/2025 14:30,15.04,7.52
02/08/2025 14:30,02/08/2025 15:00,15.66,7.79
02/08/2025 15:00,02/08/2025 15:30,15.10,7.54
02/08/2025 15:30,02/08/2025 16:00,14.99,7.50
02/08/2025 16:00,02/08/2025 16:30,30.12,12.00
02/08/2025 16:30,02/08/2025 17:00,30.19,12.02
02/08/2025 17:00,02/08/2025 17:30,31.29,12.51
02/08/2025 17:30,02/08/2025 18:00,31.73,12.70
02/08/2025 18:00,02/08/2025 18:30,33.41,13.44
02/08/2025 18:30,02/08/2025 19:00,34.46,13.91
02/08/2025 19:00,02/08/2025 19:30,21.87,10.52
02/08/2025 19:30,02/08/2025 20:00,22.09,10.62
02/08/2025 20:00,02/08/2025 20:30,21.83,10.50
02/08/2025 20:30,02/08/2025 21:00,21.84,10.51
02/08/2025 21:00,02/08/2025 21:30,20.91,10.10
02/08/2025 21:30,02/08/2025 22:00,20.05,9.72
02/08/2025 22:00,02/08/2025 22:30,20.51,9.92
02/08/2025 22:30,02/08/2025 23:00,18.06,8.84
02/08/2025 23:00,02/08/2025 23:30,17.18,8.46
02/08/2025 23:30,03/08/2025 00:00,16.41,8.12
03/08/2025 00:00,03/08/2025 00:30,16.27,8.06
03/08/2025 00:30,03/08/2025 01:00,15.44,7.69
03/08/2025 01:00,03/08/2025 01:30,15.35,7.65
03/08/2025 01:30,03/08/2025 02:00,14.99,7.50
03/08/2025 02:00,03/08/2025 02:30,14.55,7.30
03/08/2025 02:30,03/08/2025 03:00,12.68,6.48
03/08/2025 03:00,03/08/2025 03:30,13.48,6.83
03/08/2025 03:30,03/08/2025 04:00,12.89,6.57
03/08/2025 04:00,03/08/2025 04:30,13.31,6.76
03/08/2025 04:30,03/08/2025 05:00,12.79,6.53
03/08/2025 05:00,03/08/2025 05:30,10.49,5.52
03/08/2025 05:30,03/08/2025 06:00,10.02,5.31
03/08/2025 06:00,03/08/2025 06:30,9.31,5.00
03/08/2025 06:30,03/08/2025 07:00,9.48,5.07
03/08/2025 07:00,03/08/2025 07:30,5.83,3.46
03/08/2025 07:30,03/08/2025 08:00,7.54,4.22
03/08/2025 08:00,03/08/2025 08:30,7.72,4.30
03/08/2025 08:30,03/08/2025 09:00,9.92,5.26
03/08/2025 09:00,03/08/2025 09:30,9.10,4.91
03/08/2025 09:30,03/08/2025 10:00,10.04,5.31
03/08/2025 10:00,03/08/2025 10:30,9.26,4.97
03/08/2025 10:30,03/08/2025 11:00,9.70,5.17
03/08/2025 11:00,03/08/2025 11:30,9.70,5.17
03/08/2025 11:30,03/08/2025 12:00,8.60,4.68
03/08/2025 12:00,03/08/2025 12:30,7.01,3.98
03/08/2025 12:30,03/08/2025 13:00,7.06,4.00
03/08/2025 13:00,03/08/2025 13:30,7.89,4.37
03/08/2025 13:30,03/08/2025 14:00,6.62,3.81
03/08/2025 14:00,03/08/2025 14:30,7.06,4.00
03/08/2025 14:30,03/08/2025 15:00,6.62,3.81
03/08/2025 15:00,03/08/2025 15:30,7.85,4.36
03/08/2025 15:30,03/08/2025 16:00,8.25,4.53
03/08/2025 16:00,03/08/2025 16:30,25.96,10.16
03/08/2025 16:30,03/08/2025 17:00,28.61,11.33
03/08/2025 17:00,03/08/2025 17:30,31.73,12.70
03/08/2025 17:30,03/08/2025 18:00,32.48,13.03
03/08/2025 18:00,03/08/2025 18:30,32.61,13.09
03/08/2025 18:30,03/08/2025 19:00,32.85,13.20
03/08/2025 19:00,03/08/2025 19:30,20.95,10.12
03/08/2025 19:30,03/08/2025 20:00,21.47,10.35
03/08/2025 20:00,03/08/2025 20:30,21.17,10.21
03/08/2025 20:30,03/08/2025 21:00,21.52,10.37
03/08/2025 21:00,03/08/2025 21:30,22.60,10.84
03/08/2025 21:30,03/08/2025 22:00,21.61,10.41
03/08/2025 22:00,03/08/2025 22:30,22.14,10.64
03/08/2025 22:30,03/08/2025 23:00,20.80,10.05
03/08/2025 23:00,03/08/2025 23:30,18.96,9.24
03/08/2025 23:30,04/08/2025 00:00,19.40,9.44
04/08/2025 00:00,04/08/2025 00:30,18.30,8.95
04/08/2025 00:30,04/08/2025 01:00,18.43,9.00
04/08/2025 01:00,04/08/2025 01:30,17.95,8.80
04/08/2025 01:30,04/08/2025 02:00,17.79,8.72
04/08/2025 02:00,04/08/2025 02:30,17.42,8.56
04/08/2025 02:30,04/08/2025 03:00,16.46,8.14
04/08/2025 03:00,04/08/2025 03:30,15.99,7.94
04/08/2025 03:30,04/08/2025 04:00,13.89,7.01
04/08/2025 04:00,04/08/2025 04:30,18.30,8.95
04/08/2025 04:30,04/08/2025 05:00,15.83,7.86
04/08/2025 05:00,04/08/2025 05:30,18.34,8.97
04/08/2025 05:30,04/08/2025 06:00,15.44,7.69
04/08/2025 06:00,04/08/2025 06:30,18.30,8.95
04/08/2025 06:30,04/08/2025 07:00,18.08,8.85
04/08/2025 07:00,04/08/2025 07:30,17.82,8.74
04/08/2025 07:30,04/08/2025 08:00,16.27,8.06
04/08/2025 08:00,04/08/2025 08:30,16.89,8.33
04/08/2025 08:30,04/08/2025 09:00,15.66,7.79
04/08/2025 09:00,04/08/2025 09:30,14.54,7.30
04/08/2025 09:30,04/08/2025 10:00,10.13,5.36
04/08/2025 10:00,04/08/2025 10:30,5.93,3.51
04/08/2025 10:30,04/08/2025 11:00,4.41,2.84
04/08/2025 11:00,04/08/2025 11:30,1.43,1.53
04/08/2025 11:30,04/08/2025 12:00,1.76,1.68
04/08/2025 12:00,04/08/2025 12:30,0.08,0.94
04/08/2025 12:30,04/08/2025 13:00,0.00,0.90
04/08/2025 13:00,04/08/2025 13:30,-0.16,0.83
04/08/2025 13:30,04/08/2025 14:00,0.00,0.90
04/08/2025 14:00,04/08/2025 14:30,0.96,1.32
04/08/2025 14:30,04/08/2025 15:00,0.22,1.00
04/08/2025 15:00,04/08/2025 15:30,2.11,1.83
04/08/2025 15:30,04/08/2025 16:00,2.11,1.83
04/08/2025 16:00,04/08/2025 16:30,17.40,6.40
04/08/2025 16:30,04/08/2025 17:00,20.29,7.67
04/08/2025 17:00,04/08/2025 17:30,20.46,7.75
04/08/2025 17:30,04/08/2025 18:00,22.91,8.82
04/08/2025 18:00,04/08/2025 18:30,24.87,9.69
04/08/2025 18:30,04/08/2025 19:00,25.83,10.11
04/08/2025 19:00,04/08/2025 19:30,12.52,6.41
04/08/2025 19:30,04/08/2025 20:00,12.79,6.53
04/08/2025 20:00,04/08/2025 20:30,13.01,6.62
04/08/2025 20:30,04/08/2025 21:00,13.01,6.62
04/08/2025 21:00,04/08/2025 21:30,13.27,6.74
04/08/2025 21:30,04/08/2025 22:00,11.47,5.94
04/08/2025 22:00,04/08/2025 22:30,9.48,5.07
04/08/2025 22:30,04/08/2025 23:00,5.73,3.42
04/08/2025 23:00,04/08/2025 23:30,1.93,1.75
04/08/2025 23:30,05/08/2025 00:00,-1.59,0.20
05/08/2025 00:00,05/08/2025 00:30,-0.36,0.74
05/08/2025 00:30,05/08/2025 01:00,-1.28,0.34
05/08/2025 01:00,05/08/2025 01:30,-0.44,0.71
05/08/2025 01:30,05/08/2025 02:00,-0.96,0.48
05/08/2025 02:00,05/08/2025 02:30,-0.96,0.48
05/08/2025 02:30,05/08/2025 03:00,-2.21,0.00
05/08/2025 03:00,05/08/2025 03:30,-0.96,0.48
05/08/2025 03:30,05/08/2025 04:00,-0.55,0.66
05/08/2025 04:00,05/08/2025 04:30,-0.87,0.52
05/08/2025 04:30,05/08/2025 05:00,-1.84,0.09
05/08/2025 05:00,05/08/2025 05:30,-0.93,0.49
05/08/2025 05:30,05/08/2025 06:00,0.06,0.93
05/08/2025 06:00,05/08/2025 06:30,-1.42,0.27
05/08/2025 06:30,05/08/2025 07:00,1.43,1.53
05/08/2025 07:00,05/08/2025 07:30,-0.29,0.77
05/08/2025 07:30,05/08/2025 08:00,1.05,1.36
05/08/2025 08:00,05/08/2025 08:30,0.96,1.32
05/08/2025 08:30,05/08/2025 09:00,0.22,1.00
05/08/2025 09:00,05/08/2025 09:30,0.10,0.94
05/08/2025 09:30,05/08/2025 10:00,-1.28,0.34
05/08/2025 10:00,05/08/2025 10:30,-0.79,0.55
05/08/2025 10:30,05/08/2025 11:00,-1.02,0.45
05/08/2025 11:00,05/08/2025 11:30,-1.10,0.42
05/08/2025 11:30,05/08/2025 12:00,-1.72,0.14
05/08/2025 12:00,05/08/2025 12:30,-4.41,0.00
05/08/2025 12:30,05/08/2025 13:00,-3.25,0.00
05/08/2025 13:00,05/08/2025 13:30,-4.33,0.00
05/08/2025 13:30,05/08/2025 14:00,-2.21,0.00
05/08/2025 14:00,05/08/2025 14:30,-1.92,0.06
05/08/2025 14:30,05/08/2025 15:00,-1.87,0.08
05/08/2025 15:00,05/08/2025 15:30,-4.41,0.00
05/08/2025 15:30,05/08/2025 16:00,-0.44,0.71
05/08/2025 16:00,05/08/2025 16:30,11.45,3.78
05/08/2025 16:30,05/08/2025 17:00,15.86,5.72
05/08/2025 17:00,05/08/2025 17:30,11.45,3.78
05/08/2025 17:30,05/08/2025 18:00,16.47,5.99
05/08/2025 18:00,05/08/2025 18:30,22.25,8.53
05/08/2025 18:30,05/08/2025 19:00,27.31,10.76
05/08/2025 19:00,05/08/2025 19:30,12.45,6.38
05/08/2025 19:30,05/08/2025 20:00,17.59,8.64
05/08/2025 20:00,05/08/2025 20:30,16.86,8.32
05/08/2025 20:30,05/08/2025 21:00,16.95,8.36
05/08/2025 21:00,05/08/2025 21:30,17.60,8.64
05/08/2025 21:30,05/08/2025 22:00,15.88,7.88
05/08/2025 22:00,05/08/2025 22:30,19.05,9.28
05/08/2025 22:30,05/08/2025 23:00,14.01,7.06
05/08/2025 23:00,05/08/2025 23:30,16.76,8.27
05/08/2025 23:30,06/08/2025 00:00,13.23,6.72
06/08/2025 00:00,06/08/2025 00:30,8.82,4.78
06/08/2025 00:30,06/08/2025 01:00,7.28,4.10
06/08/2025 01:00,06/08/2025 01:30,8.17,4.49
06/08/2025 01:30,06/08/2025 02:00,7.94,4.39
06/08/2025 02:00,06/08/2025 02:30,7.36,4.14
06/08/2025 02:30,06/08/2025 03:00,6.79,3.89
06/08/2025 03:00,06/08/2025 03:30,9.74,5.19
06/08/2025 03:30,06/08/2025 04:00,8.15,4.48
06/08/2025 04:00,06/08/2025 04:30,7.94,4.39
06/08/2025 04:30,06/08/2025 05:00,8.63,4.70
06/08/2025 05:00,06/08/2025 05:30,7.94,4.39
06/08/2025 05:30,06/08/2025 06:00,9.74,5.19
06/08/2025 06:00,06/08/2025 06:30,13.89,7.01
06/08/2025 06:30,06/08/2025 07:00,18.03,8.83
06/08/2025 07:00,06/08/2025 07:30,16.32,8.08
06/08/2025 07:30,06/08/2025 08:00,17.09,8.42
06/08/2025 08:00,06/08/2025 08:30,16.54,8.18
06/08/2025 08:30,06/08/2025 09:00,14.55,7.30
06/08/2025 09:00,06/08/2025 09:30,15.98,7.93
06/08/2025 09:30,06/08/2025 10:00,13.05,6.64
06/08/2025 10:00,06/08/2025 10:30,14.11,7.11
06/08/2025 10:30,06/08/2025 11:00,12.51,6.40
06/08/2025 11:00,06/08/2025 11:30,14.77,7.40
06/08/2025 11:30,06/08/2025 12:00,13.30,6.75
06/08/2025 12:00,06/08/2025 12:30,13.49,6.84
06/08/2025 12:30,06/08/2025 13:00,14.35,7.21
06/08/2025 13:00,06/08/2025 13:30,16.37,8.10
06/08/2025 13:30,06/08/2025 14:00,16.37,8.10
06/08/2025 14:00,06/08/2025 14:30,16.37,8.10
06/08/2025 14:30,06/08/2025 15:00,17.61,8.65
06/08/2025 15:00,06/08/2025 15:30,17.44,8.57
06/08/2025 15:30,06/08/2025 16:00,18.31,8.95
06/08/2025 16:00,06/08/2025 16:30,31.73,12.70
06/08/2025 16:30,06/08/2025 17:00,31.73,12.70
06/08/2025 17:00,06/08/2025 17:30,30.65,12.23
06/08/2025 17:30,06/08/2025 18:00,31.54,12.62
06/08/2025 18:00,06/08/2025 18:30,35.92,14.55
06/08/2025 18:30,06/08/2025 19:00,35.90,14.54
06/08/2025 19:00,06/08/2025 19:30,23.01,11.02
06/08/2025 19:30,06/08/2025 20:00,22.10,10.62
06/08/2025 20:00,06/08/2025 20:30,22.45,10.77
06/08/2025 20:30,06/08/2025 21:00,22.07,10.61
06/08/2025 21:00,06/08/2025 21:30,21.17,10.21
06/08/2025 21:30,06/08/2025 22:00,19.84,9.63
06/08/2025 22:00,06/08/2025 22:30,18.45,9.01
06/08/2025 22:30,06/08/2025 23:00,15.88,7.88
06/08/2025 23:00,06/08/2025 23:30,16.74,8.26
06/08/2025 23:30,07/08/2025 00:00,16.32,8.08
07/08/2025 00:00,07/08/2025 00:30,13.68,6.92
07/08/2025 00:30,07/08/2025 01:00,12.04,6.20
07/08/2025 01:00,07/08/2025 01:30,8.82,4.78
07/08/2025 01:30,07/08/2025 02:00,7.76,4.31
07/08/2025 02:00,07/08/2025 02:30,6.80,3.89
07/08/2025 02:30,07/08/2025 03:00,5.12,3.16
07/08/2025 03:00,07/08/2025 03:30,6.84,3.91
07/08/2025 03:30,07/08/2025 04:00,6.17,3.62
07/08/2025 04:00,07/08/2025 04:30,7.86,4.36
07/08/2025 04:30,07/08/2025 05:00,6.70,3.85
07/08/2025 05:00,07/08/2025 05:30,5.73,3.42
07/08/2025 05:30,07/08/2025 06:00,7.76,4.31
07/08/2025 06:00,07/08/2025 06:30,12.84,6.55
07/08/2025 06:30,07/08/2025 07:00,15.83,7.86
07/08/2025 07:00,07/08/2025 07:30,14.85,7.43
07/08/2025 07:30,07/08/2025 08:00,16.62,8.21
07/08/2025 08:00,07/08/2025 08:30,14.71,7.37
07/08/2025 08:30,07/08/2025 09:00,15.62,7.78
07/08/2025 09:00,07/08/2025 09:30,9.36,5.02
07/08/2025 09:30,07/08/2025 10:00,7.54,4.21
07/08/2025 10:00,07/08/2025 10:30,6.86,3.92
07/08/2025 10:30,07/08/2025 11:00,4.41,2.84
07/08/2025 11:00,07/08/2025 11:30,2.78,2.12
07/08/2025 11:30,07/08/2025 12:00,2.21,1.87
07/08/2025 12:00,07/08/2025 12:30,3.09,2.26
07/08/2025 12:30,07/08/2025 13:00,3.31,2.36
07/08/2025 13:00,07/08/2025 13:30,2.21,1.87
07/08/2025 13:30,07/08/2025 14:00,1.52,1.57
07/08/2025 14:00,07/08/2025 14:30,0.22,1.00
07/08/2025 14:30,07/08/2025 15:00,0.00,0.90
07/08/2025 15:00,07/08/2025 15:30,2.90,2.18
07/08/2025 15:30,07/08/2025 16:00,3.88,2.61
07/08/2025 16:00,07/08/2025 16:30,23.35,9.02
07/08/2025 16:30,07/08/2025 17:00,26.74,10.51
07/08/2025 17:00,07/08/2025 17:30,29.88,11.89
07/08/2025 17:30,07/08/2025 18:00,29.75,11.83
07/08/2025 18:00,07/08/2025 18:30,31.69,12.68
07/08/2025 18:30,07/08/2025 19:00,32.35,12.98
07/08/2025 19:00,07/08/2025 19:30,21.29,10.27
07/08/2025 19:30,07/08/2025 20:00,22.05,10.60
07/08/2025 20:00,07/08/2025 20:30,21.62,10.41
07/08/2025 20:30,07/08/2025 21:00,21.97,10.56
07/08/2025 21:00,07/08/2025 21:30,21.17,10.21
07/08/2025 21:30,07/08/2025 22:00,20.88,10.09
07/08/2025 22:00,07/08/2025 22:30,20.29,9.82
07/08/2025 22:30,07/08/2025 23:00,18.00,8.82
07/08/2025 23:00,07/08/2025 23:30,18.30,8.95
07/08/2025 23:30,08/08/2025 00:00,17.64,8.66
08/08/2025 00:00,08/08/2025 00:30,15.81,7.86
08/08/2025 00:30,08/08/2025 01:00,16.70,8.24
08/08/2025 01:00,08/08/2025 01:30,15.88,7.88
08/08/2025 01:30,08/08/2025 02:00,15.70,7.80
08/08/2025 02:00,08/08/2025 02:30,14.69,7.36
08/08/2025 02:30,08/08/2025 03:00,13.49,6.83
08/08/2025 03:00,08/08/2025 03:30,14.33,7.20
08/08/2025 03:30,08/08/2025 04:00,13.23,6.72
08/08/2025 04:00,08/08/2025 04:30,14.88,7.45
08/08/2025 04:30,08/08/2025 05:00,14.60,7.32
08/08/2025 05:00,08/08/2025 05:30,15.80,7.85
08/08/2025 05:30,08/08/2025 06:00,15.70,7.81
08/08/2025 06:00,08/08/2025 06:30,17.64,8.66
08/08/2025 06:30,08/08/2025 07:00,18.34,8.97
08/08/2025 07:00,08/08/2025 07:30,18.83,9.18
08/08/2025 07:30,08/08/2025 08:00,18.78,9.16
08/08/2025 08:00,08/08/2025 08:30,18.08,8.85
08/08/2025 08:30,08/08/2025 09:00,16.62,8.21
08/08/2025 09:00,08/08/2025 09:30,13.67,6.91
08/08/2025 09:30,08/08/2025 10:00,11.18,5.82
08/08/2025 10:00,08/08/2025 10:30,3.31,2.36
08/08/2025 10:30,08/08/2025 11:00,1.90,1.73
08/08/2025 11:00,08/08/2025 11:30,2.05,1.80
08/08/2025 11:30,08/08/2025 12:00,0.73,1.22
08/08/2025 12:00,08/08/2025 12:30,0.97,1.33
08/08/2025 12:30,08/08/2025 13:00,0.22,1.00
08/08/2025 13:00,08/08/2025 13:30,-0.44,0.70
08/08/2025 13:30,08/08/2025 14:00,-0.53,0.67
08/08/2025 14:00,08/08/2025 14:30,-0.42,0.71
08/08/2025 14:30,08/08/2025 15:00,0.00,0.90
08/08/2025 15:00,08/08/2025 15:30,2.21,1.87
08/08/2025 15:30,08/08/2025 16:00,3.93,2.63
08/08/2025 16:00,08/08/2025 16:30,23.73,9.19
08/08/2025 16:30,08/08/2025 17:00,27.06,10.65
08/08/2025 17:00,08/08/2025 17:30,28.91,11.46
08/08/2025 17:30,08/08/2025 18:00,29.97,11.93
08/08/2025 18:00,08/08/2025 18:30,32.28,12.95
08/08/2025 18:30,08/08/2025 19:00,32.61,13.09
08/08/2025 19:00,08/08/2025 19:30,20.73,10.02
08/08/2025 19:30,08/08/2025 20:00,21.20,10.22
08/08/2025 20:00,08/08/2025 20:30,21.17,10.21
08/08/2025 20:30,08/08/2025 21:00,21.39,10.31
08/08/2025 21:00,08/08/2025 21:30,20.73,10.02
08/08/2025 21:30,08/08/2025 22:00,19.40,9.44
08/08/2025 22:00,08/08/2025 22:30,18.29,8.95
08/08/2025 22:30,08/08/2025 23:00,15.44,7.69
08/08/2025 23:00,08/08/2025 23:30,17.19,8.46
08/08/2025 23:30,09/08/2025 00:00,16.94,8.35
09/08/2025 00:00,09/08/2025 00:30,16.83,8.30
09/08/2025 00:30,09/08/2025 01:00,15.97,7.93
09/08/2025 01:00,09/08/2025 01:30,14.92,7.46
09/08/2025 01:30,09/08/2025 02:00,14.82,7.42
09/08/2025 02:00,09/08/2025 02:30,14.55,7.30
09/08/2025 02:30,09/08/2025 03:00,12.21,6.27
09/08/2025 03:00,09/08/2025 03:30,10.23,5.40
09/08/2025 03:30,09/08/2025 04:00,8.67,4.72
09/08/2025 04:00,09/08/2025 04:30,8.55,4.66
09/08/2025 04:30,09/08/2025 05:00,7.94,4.39
09/08/2025 05:00,09/08/2025 05:30,10.66,5.59
09/08/2025 05:30,09/08/2025 06:00,8.76,4.75
09/08/2025 06:00,09/08/2025 06:30,8.60,4.68
09/08/2025 06:30,09/08/2025 07:00,8.93,4.82
09/08/2025 07:00,09/08/2025 07:30,11.03,5.75
09/08/2025 07:30,09/08/2025 08:00,11.03,5.75
09/08/2025 08:00,09/08/2025 08:30,3.06,2.25
09/08/2025 08:30,09/08/2025 09:00,2.47,1.99
09/08/2025 09:00,09/08/2025 09:30,2.21,1.87
09/08/2025 09:30,09/08/2025 10:00,2.03,1.79
09/08/2025 10:00,09/08/2025 10:30,1.94,1.75
09/08/2025 10:30,09/08/2025 11:00,2.21,1.87
09/08/2025 11:00,09/08/2025 11:30,0.16,0.97
09/08/2025 11:30,09/08/2025 12:00,0.55,1.14
09/08/2025 12:00,09/08/2025 12:30,-0.96,0.48
09/08/2025 12:30,09/08/2025 13:00,-1.08,0.42
09/08/2025 13:00,09/08/2025 13:30,-0.50,0.68
09/08/2025 13:30,09/08/2025 14:00,-0.68,0.60
09/08/2025 14:00,09/08/2025 14:30,0.07,0.93
09/08/2025 14:30,09/08/2025 15:00,-0.44,0.71
09/08/2025 15:00,09/08/2025 15:30,-0.44,0.71
09/08/2025 15:30,09/08/2025 16:00,0.41,1.08
09/08/2025 16:00,09/08/2025 16:30,13.13,4.52
09/08/2025 16:30,09/08/2025 17:00,15.42,5.53
09/08/2025 17:00,09/08/2025 17:30,22.83,8.79
09/08/2025 17:30,09/08/2025 18:00,26.88,10.57
09/08/2025 18:00,09/08/2025 18:30,29.28,11.63
09/08/2025 18:30,09/08/2025 19:00,30.51,12.17
09/08/2025 19:00,09/08/2025 19:30,20.22,9.79
09/08/2025 19:30,09/08/2025 20:00,21.17,10.21
09/08/2025 20:00,09/08/2025 20:30,20.91,10.10
09/08/2025 20:30,09/08/2025 21:00,21.22,10.24
09/08/2025 21:00,09/08/2025 21:30,20.54,9.93
09/08/2025 21:30,09/08/2025 22:00,21.17,10.21
09/08/2025 22:00,09/08/2025 22:30,19.80,9.61
09/08/2025 22:30,09/08/2025 23:00,16.89,8.33
09/08/2025 23:00,09/08/2025 23:30,17.64,8.66
09/08/2025 23:30,10/08/2025 00:00,17.38,8.55
10/08/2025 00:00,10/08/2025 00:30,17.32,8.52
10/08/2025 00:30,10/08/2025 01:00,17.89,8.77
10/08/2025 01:00,10/08/2025 01:30,17.38,8.54
10/08/2025 01:30,10/08/2025 02:00,17.82,8.74
10/08/2025 02:00,10/08/2025 02:30,16.40,8.12
10/08/2025 02:30,10/08/2025 03:00,15.21,7.59
10/08/2025 03:00,10/08/2025 03:30,16.47,8.15
10/08/2025 03:30,10/08/2025 04:00,16.23,8.04
10/08/2025 04:00,10/08/2025 04:30,17.20,8.47
10/08/2025 04:30,10/08/2025 05:00,17.66,8.67
10/08/2025 05:00,10/08/2025 05:30,18.10,8.86
10/08/2025 05:30,10/08/2025 06:00,18.89,9.21
10/08/2025 06:00,10/08/2025 06:30,17.22,8.48
10/08/2025 06:30,10/08/2025 07:00,17.79,8.72
10/08/2025 07:00,10/08/2025 07:30,18.92,9.22
10/08/2025 07:30,10/08/2025 08:00,18.98,9.25
10/08/2025 08:00,10/08/2025 08:30,18.88,9.20
10/08/2025 08:30,10/08/2025 09:00,18.74,9.14
10/08/2025 09:00,10/08/2025 09:30,17.90,8.78
10/08/2025 09:30,10/08/2025 10:00,16.32,8.08
10/08/2025 10:00,10/08/2025 10:30,16.76,8.27
10/08/2025 10:30,10/08/2025 11:00,15.62,7.77
10/08/2025 11:00,10/08/2025 11:30,14.75,7.39
10/08/2025 11:30,10/08/2025 12:00,11.38,5.91
10/08/2025 12:00,10/08/2025 12:30,10.94,5.71
10/08/2025 12:30,10/08/2025 13:00,10.14,5.36
10/08/2025 13:00,10/08/2025 13:30,11.69,6.04
10/08/2025 13:30,10/08/2025 14:00,11.69,6.04
10/08/2025 14:00,10/08/2025 14:30,9.51,5.09
10/08/2025 14:30,10/08/2025 15:00,10.39,5.47
10/08/2025 15:00,10/08/2025 15:30,10.67,5.59
10/08/2025 15:30,10/08/2025 16:00,12.35,6.33
10/08/2025 16:00,10/08/2025 16:30,28.49,11.28
10/08/2025 16:30,10/08/2025 17:00,29.43,11.69
10/08/2025 17:00,10/08/2025 17:30,30.55,12.19
10/08/2025 17:30,10/08/2025 18:00,31.08,12.42
10/08/2025 18:00,10/08/2025 18:30,33.49,13.48
10/08/2025 18:30,10/08/2025 19:00,34.80,14.05
10/08/2025 19:00,10/08/2025 19:30,22.27,10.70
10/08/2025 19:30,10/08/2025 20:00,22.27,10.70
10/08/2025 20:00,10/08/2025 20:30,21.80,10.49
10/08/2025 20:30,10/08/2025 21:00,21.88,10.53
10/08/2025 21:00,10/08/2025 21:30,21.61,10.41
10/08/2025 21:30,10/08/2025 22:00,20.51,9.92
10/08/2025 22:00,10/08/2025 22:30,19.40,9.44
10/08/2025 22:30,10/08/2025 23:00,17.48,8.59
10/08/2025 23:00,10/08/2025 23:30,19.43,9.45
10/08/2025 23:30,11/08/2025 00:00,17.68,8.68
11/08/2025 00:00,11/08/2025 00:30,17.09,8.42
11/08/2025 00:30,11/08/2025 01:00,16.23,8.04
11/08/2025 01:00,11/08/2025 01:30,16.98,8.37
11/08/2025 01:30,11/08/2025 02:00,15.64,7.78
11/08/2025 02:00,11/08/2025 02:30,15.88,7.88
11/08/2025 02:30,11/08/2025 03:00,15.77,7.84
11/08/2025 03:00,11/08/2025 03:30,15.26,7.61
11/08/2025 03:30,11/08/2025 04:00,14.95,7.48
11/08/2025 04:00,11/08/2025 04:30,15.07,7.53
11/08/2025 04:30,11/08/2025 05:00,14.77,7.40
11/08/2025 05:00,11/08/2025 05:30,17.64,8.66
11/08/2025 05:30,11/08/2025 06:00,17.50,8.60
11/08/2025 06:00,11/08/2025 06:30,18.96,9.24
11/08/2025 06:30,11/08/2025 07:00,19.84,9.63
11/08/2025 07:00,11/08/2025 07:30,17.64,8.66
11/08/2025 07:30,11/08/2025 08:00,19.40,9.44
11/08/2025 08:00,11/08/2025 08:30,18.04,8.83
11/08/2025 08:30,11/08/2025 09:00,18.48,9.03
11/08/2025 09:00,11/08/2025 09:30,18.20,8.91
11/08/2025 09:30,11/08/2025 10:00,16.40,8.12
11/08/2025 10:00,11/08/2025 10:30,17.28,8.50
11/08/2025 10:30,11/08/2025 11:00,17.20,8.47
11/08/2025 11:00,11/08/2025 11:30,16.32,8.08
11/08/2025 11:30,11/08/2025 12:00,16.31,8.07
11/08/2025 12:00,11/08/2025 12:30,17.20,8.47
11/08/2025 12:30,11/08/2025 13:00,17.20,8.47
11/08/2025 13:00,11/08/2025 13:30,15.81,7.85
11/08/2025 13:30,11/08/2025 14:00,15.44,7.69
11/08/2025 14:00,11/08/2025 14:30,15.88,7.88
11/08/2025 14:30,11/08/2025 15:00,15.44,7.69
11/08/2025 15:00,11/08/2025 15:30,14.99,7.50
11/08/2025 15:30,11/08/2025 16:00,15.44,7.69
11/08/2025 16:00,11/08/2025 16:30,28.64,11.35
11/08/2025 16:30,11/08/2025 17:00,29.43,11.69
11/08/2025 17:00,11/08/2025 17:30,33.49,13.48
11/08/2025 17:30,11/08/2025 18:00,35.51,14.37
11/08/2025 18:00,11/08/2025 18:30,40.81,16.70
11/08/2025 18:30,11/08/2025 19:00,41.14,16.84
11/08/2025 19:00,11/08/2025 19:30,29.15,13.72
11/08/2025 19:30,11/08/2025 20:00,29.19,13.74
11/08/2025 20:00,11/08/2025 20:30,27.12,12.83
11/08/2025 20:30,11/08/2025 21:00,27.04,12.80
11/08/2025 21:00,11/08/2025 21:30,23.81,11.38
11/08/2025 21:30,11/08/2025 22:00,20.79,10.05
11/08/2025 22:00,11/08/2025 22:30,20.12,9.75
11/08/2025 22:30,11/08/2025 23:00,16.81,8.30
11/08/2025 23:00,11/08/2025 23:30,17.64,8.66
11/08/2025 23:30,12/08/2025 00:00,17.86,8.76
12/08/2025 00:00,12/08/2025 00:30,18.10,8.86
12/08/2025 00:30,12/08/2025 01:00,17.64,8.66
12/08/2025 01:00,12/08/2025 01:30,16.32,8.08
12/08/2025 01:30,12/08/2025 02:00,15.90,7.89
12/08/2025 02:00,12/08/2025 02:30,16.64,8.22
12/08/2025 02:30,12/08/2025 03:00,16.24,8.05
12/08/2025 03:00,12/08/2025 03:30,16.56,8.18
12/08/2025 03:30,12/08/2025 04:00,16.23,8.04
12/08/2025 04:00,12/08/2025 04:30,16.54,8.18
12/08/2025 04:30,12/08/2025 05:00,16.47,8.15
12/08/2025 05:00,12/08/2025 05:30,18.52,9.05
12/08/2025 05:30,12/08/2025 06:00,18.75,9.15
12/08/2025 06:00,12/08/2025 06:30,19.76,9.59
12/08/2025 06:30,12/08/2025 07:00,21.58,10.39
12/08/2025 07:00,12/08/2025 07:30,16.86,8.32
12/08/2025 07:30,12/08/2025 08:00,20.29,9.82
12/08/2025 08:00,12/08/2025 08:30,18.52,9.05
12/08/2025 08:30,12/08/2025 09:00,18.70,9.13
12/08/2025 09:00,12/08/2025 09:30,18.98,9.25
12/08/2025 09:30,12/08/2025 10:00,18.34,8.97
12/08/2025 10:00,12/08/2025 10:30,19.40,9.44
12/08/2025 10:30,12/08/2025 11:00,18.26,8.93
12/08/2025 11:00,12/08/2025 11:30,17.64,8.66
12/08/2025 11:30,12/08/2025 12:00,17.20,8.47
12/08/2025 12:00,12/08/2025 12:30,15.96,7.92
12/08/2025 12:30,12/08/2025 13:00,16.23,8.04
12/08/2025 13:00,12/08/2025 13:30,15.70,7.81
12/08/2025 13:30,12/08/2025 14:00,15.26,7.61
12/08/2025 14:00,12/08/2025 14:30,15.17,7.57
12/08/2025 14:30,12/08/2025 15:00,15.54,7.73
12/08/2025 15:00,12/08/2025 15:30,15.67,7.79
12/08/2025 15:30,12/08/2025 16:00,15.54,7.73
12/08/2025 16:00,12/08/2025 16:30,30.59,12.20
12/08/2025 16:30,12/08/2025 17:00,30.44,12.14
12/08/2025 17:00,12/08/2025 17:30,35.26,14.26
12/08/2025 17:30,12/08/2025 18:00,37.52,15.25
12/08/2025 18:00,12/08/2025 18:30,41.17,16.86
12/08/2025 18:30,12/08/2025 19:00,41.98,17.21
12/08/2025 19:00,12/08/2025 19:30,28.33,13.36
12/08/2025 19:30,12/08/2025 20:00,29.13,13.71
12/08/2025 20:00,12/08/2025 20:30,27.74,13.10
12/08/2025 20:30,12/08/2025 21:00,28.23,13.32
12/08/2025 21:00,12/08/2025 21:30,25.14,11.96
12/08/2025 21:30,12/08/2025 22:00,22.93,10.99
12/08/2025 22:00,12/08/2025 22:30,21.15,10.20
12/08/2025 22:30,12/08/2025 23:00,19.65,9.54
12/08/2025 23:00,12/08/2025 23:30,20.62,9.97
12/08/2025 23:30,13/08/2025 00:00,19.07,9.29
13/08/2025 00:00,13/08/2025 00:30,18.34,8.97
13/08/2025 00:30,13/08/2025 01:00,17.86,8.76
13/08/2025 01:00,13/08/2025 01:30,18.08,8.85
13/08/2025 01:30,13/08/2025 02:00,17.40,8.55
13/08/2025 02:00,13/08/2025 02:30,17.09,8.42
13/08/2025 02:30,13/08/2025 03:00,16.89,8.33
13/08/2025 03:00,13/08/2025 03:30,16.48,8.15
13/08/2025 03:30,13/08/2025 04:00,16.48,8.15
13/08/2025 04:00,13/08/2025 04:30,18.09,8.86
13/08/2025 04:30,13/08/2025 05:00,17.42,8.56
13/08/2025 05:00,13/08/2025 05:30,19.84,9.63
13/08/2025 05:30,13/08/2025 06:00,20.15,9.77
13/08/2025 06:00,13/08/2025 06:30,20.29,9.82
13/08/2025 06:30,13/08/2025 07:00,21.17,10.21
13/08/2025 07:00,13/08/2025 07:30,20.11,9.75
13/08/2025 07:30,13/08/2025 08:00,21.17,10.21
13/08/2025 08:00,13/08/2025 08:30,20.12,9.75
13/08/2025 08:30,13/08/2025 09:00,20.27,9.82
13/08/2025 09:00,13/08/2025 09:30,19.74,9.58
13/08/2025 09:30,13/08/2025 10:00,18.76,9.16
13/08/2025 10:00,13/08/2025 10:30,17.20,8.47
13/08/2025 10:30,13/08/2025 11:00,16.23,8.04
13/08/2025 11:00,13/08/2025 11:30,16.19,8.02
13/08/2025 11:30,13/08/2025 12:00,15.52,7.73
13/08/2025 12:00,13/08/2025 12:30,15.21,7.59
13/08/2025 12:30,13/08/2025 13:00,15.21,7.59
13/08/2025 13:00,13/08/2025 13:30,15.50,7.72
13/08/2025 13:30,13/08/2025 14:00,15.49,7.71
13/08/2025 14:00,13/08/2025 14:30,15.66,7.79
13/08/2025 14:30,13/08/2025 15:00,15.57,7.75
13/08/2025 15:00,13/08/2025 15:30,16.21,8.03
13/08/2025 15:30,13/08/2025 16:00,16.98,8.37
13/08/2025 16:00,13/08/2025 16:30,31.93,12.79
13/08/2025 16:30,13/08/2025 17:00,32.92,13.23
13/08/2025 17:00,13/08/2025 17:30,37.19,15.10
13/08/2025 17:30,13/08/2025 18:00,38.35,15.61
13/08/2025 18:00,13/08/2025 18:30,43.44,17.85
13/08/2025 18:30,13/08/2025 19:00,43.20,17.75
13/08/2025 19:00,13/08/2025 19:30,30.89,14.49
13/08/2025 19:30,13/08/2025 20:00,30.72,14.42
13/08/2025 20:00,13/08/2025 20:30,29.79,14.00
13/08/2025 20:30,13/08/2025 21:00,30.28,14.22
13/08/2025 21:00,13/08/2025 21:30,26.10,12.38
13/08/2025 21:30,13/08/2025 22:00,24.56,11.70
13/08/2025 22:00,13/08/2025 22:30,22.75,10.91
13/08/2025 22:30,13/08/2025 23:00,20.33,9.84
13/08/2025 23:00,13/08/2025 23:30,18.30,8.95
13/08/2025 23:30,14/08/2025 00:00,19.10,9.30
14/08/2025 00:00,14/08/2025 00:30,17.95,8.80
14/08/2025 00:30,14/08/2025 01:00,16.60,8.20
14/08/2025 01:00,14/08/2025 01:30,16.33,8.08
14/08/2025 01:30,14/08/2025 02:00,16.68,8.24
14/08/2025 02:00,14/08/2025 02:30,16.41,8.12
14/08/2025 02:30,14/08/2025 03:00,16.24,8.05
14/08/2025 03:00,14/08/2025 03:30,16.41,8.12
14/08/2025 03:30,14/08/2025 04:00,16.24,8.05
14/08/2025 04:00,14/08/2025 04:30,16.20,8.03
14/08/2025 04:30,14/08/2025 05:00,15.77,7.84
14/08/2025 05:00,14/08/2025 05:30,17.40,8.55
14/08/2025 05:30,14/08/2025 06:00,16.76,8.27
14/08/2025 06:00,14/08/2025 06:30,18.42,9.00
14/08/2025 06:30,14/08/2025 07:00,20.46,9.90
14/08/2025 07:00,14/08/2025 07:30,17.20,8.47
14/08/2025 07:30,14/08/2025 08:00,19.76,9.59
14/08/2025 08:00,14/08/2025 08:30,17.64,8.66
14/08/2025 08:30,14/08/2025 09:00,17.86,8.76
14/08/2025 09:00,14/08/2025 09:30,17.64,8.66
14/08/2025 09:30,14/08/2025 10:00,16.24,8.05
14/08/2025 10:00,14/08/2025 10:30,17.20,8.47
14/08/2025 10:30,14/08/2025 11:00,16.54,8.18
14/08/2025 11:00,14/08/2025 11:30,16.24,8.05
14/08/2025 11:30,14/08/2025 12:00,16.24,8.05
14/08/2025 12:00,14/08/2025 12:30,16.24,8.05
14/08/2025 12:30,14/08/2025 13:00,15.98,7.93
14/08/2025 13:00,14/08/2025 13:30,15.88,7.88
14/08/2025 13:30,14/08/2025 14:00,15.81,7.85
14/08/2025 14:00,14/08/2025 14:30,15.92,7.90
14/08/2025 14:30,14/08/2025 15:00,15.39,7.67
14/08/2025 15:00,14/08/2025 15:30,15.88,7.88
14/08/2025 15:30,14/08/2025 16:00,15.83,7.86
14/08/2025 16:00,14/08/2025 16:30,30.74,12.27
14/08/2025 16:30,14/08/2025 17:00,29.53,11.73
14/08/2025 17:00,14/08/2025 17:30,32.93,13.23
14/08/2025 17:30,14/08/2025 18:00,35.04,14.16
14/08/2025 18:00,14/08/2025 18:30,39.67,16.20
14/08/2025 18:30,14/08/2025 19:00,40.33,16.49
14/08/2025 19:00,14/08/2025 19:30,27.56,13.02
14/08/2025 19:30,14/08/2025 20:00,27.34,12.93
14/08/2025 20:00,14/08/2025 20:30,27.12,12.83
14/08/2025 20:30,14/08/2025 21:00,27.34,12.93
14/08/2025 21:00,14/08/2025 21:30,22.93,10.99
14/08/2025 21:30,14/08/2025 22:00,20.07,9.73
14/08/2025 22:00,14/08/2025 22:30,20.34,9.85
14/08/2025 22:30,14/08/2025 23:00,17.36,8.53
14/08/2025 23:00,14/08/2025 23:30,18.30,8.95
14/08/2025 23:30,15/08/2025 00:00,18.30,8.95
15/08/2025 00:00,15/08/2025 00:30,18.08,8.85
15/08/2025 00:30,15/08/2025 01:00,17.60,8.64
15/08/2025 01:00,15/08/2025 01:30,17.20,8.47
15/08/2025 01:30,15/08/2025 02:00,16.84,8.31
15/08/2025 02:00,15/08/2025 02:30,16.13,7.99
15/08/2025 02:30,15/08/2025 03:00,16.13,7.99
15/08/2025 03:00,15/08/2025 03:30,16.16,8.01
15/08/2025 03:30,15/08/2025 04:00,16.12,7.99
15/08/2025 04:00,15/08/2025 04:30,16.12,7.99
15/08/2025 04:30,15/08/2025 05:00,15.66,7.79
15/08/2025 05:00,15/08/2025 05:30,16.12,7.99
15/08/2025 05:30,15/08/2025 06:00,16.15,8.00
15/08/2025 06:00,15/08/2025 06:30,18.08,8.85
15/08/2025 06:30,15/08/2025 07:00,18.96,9.24
15/08/2025 07:00,15/08/2025 07:30,17.58,8.63
15/08/2025 07:30,15/08/2025 08:00,18.83,9.18
15/08/2025 08:00,15/08/2025 08:30,18.12,8.87
15/08/2025 08:30,15/08/2025 09:00,18.82,9.18
15/08/2025 09:00,15/08/2025 09:30,18.12,8.87
15/08/2025 09:30,15/08/2025 10:00,17.36,8.53
15/08/2025 10:00,15/08/2025 10:30,16.45,8.14
15/08/2025 10:30,15/08/2025 11:00,16.32,8.08
15/08/2025 11:00,15/08/2025 11:30,16.41,8.12
15/08/2025 11:30,15/08/2025 12:00,15.88,7.88
15/08/2025 12:00,15/08/2025 12:30,15.44,7.69
15/08/2025 12:30,15/08/2025 13:00,15.21,7.59
15/08/2025 13:00,15/08/2025 13:30,15.21,7.59
15/08/2025 13:30,15/08/2025 14:00,15.21,7.59
15/08/2025 14:00,15/08/2025 14:30,15.44,7.69
15/08/2025 14:30,15/08/2025 15:00,15.66,7.79
15/08/2025 15:00,15/08/2025 15:30,15.22,7.60
15/08/2025 15:30,15/08/2025 16:00,16.05,7.96
15/08/2025 16:00,15/08/2025 16:30,29.16,11.57
15/08/2025 16:30,15/08/2025 17:00,29.75,11.83
15/08/2025 17:00,15/08/2025 17:30,31.18,12.46
15/08/2025 17:30,15/08/2025 18:00,31.95,12.80
15/08/2025 18:00,15/08/2025 18:30,33.49,13.48
15/08/2025 18:30,15/08/2025 19:00,35.15,14.21
15/08/2025 19:00,15/08/2025 19:30,21.95,10.55
15/08/2025 19:30,15/08/2025 20:00,22.27,10.70
15/08/2025 20:00,15/08/2025 20:30,21.83,10.50
15/08/2025 20:30,15/08/2025 21:00,22.05,10.60
15/08/2025 21:00,15/08/2025 21:30,22.05,10.60
15/08/2025 21:30,15/08/2025 22:00,20.21,9.79
15/08/2025 22:00,15/08/2025 22:30,18.68,9.12
15/08/2025 22:30,15/08/2025 23:00,16.64,8.22
15/08/2025 23:00,15/08/2025 23:30,19.00,9.26
15/08/2025 23:30,16/08/2025 00:00,19.40,9.44
16/08/2025 00:00,16/08/2025 00:30,17.29,8.51
16/08/2025 00:30,16/08/2025 01:00,17.61,8.65
16/08/2025 01:00,16/08/2025 01:30,16.89,8.33
16/08/2025 01:30,16/08/2025 02:00,16.18,8.02
16/08/2025 02:00,16/08/2025 02:30,16.32,8.08
16/08/2025 02:30,16/08/2025 03:00,16.21,8.03
16/08/2025 03:00,16/08/2025 03:30,15.73,7.82
16/08/2025 03:30,16/08/2025 04:00,15.44,7.69
16/08/2025 04:00,16/08/2025 04:30,16.03,7.95
16/08/2025 04:30,16/08/2025 05:00,15.45,7.70
16/08/2025 05:00,16/08/2025 05:30,16.02,7.95
16/08/2025 05:30,16/08/2025 06:00,15.44,7.69
16/08/2025 06:00,16/08/2025 06:30,15.83,7.86
16/08/2025 06:30,16/08/2025 07:00,15.88,7.88
16/08/2025 07:00,16/08/2025 07:30,15.73,7.82
16/08/2025 07:30,16/08/2025 08:00,16.54,8.18
16/08/2025 08:00,16/08/2025 08:30,17.28,8.50
16/08/2025 08:30,16/08/2025 09:00,17.63,8.65
16/08/2025 09:00,16/08/2025 09:30,18.66,9.11
16/08/2025 09:30,16/08/2025 10:00,18.66,9.11
16/08/2025 10:00,16/08/2025 10:30,17.78,8.72
16/08/2025 10:30,16/08/2025 11:00,17.20,8.47
16/08/2025 11:00,16/08/2025 11:30,16.10,7.98
16/08/2025 11:30,16/08/2025 12:00,15.73,7.82
16/08/2025 12:00,16/08/2025 12:30,15.44,7.69
16/08/2025 12:30,16/08/2025 13:00,14.48,7.27
16/08/2025 13:00,16/08/2025 13:30,14.11,7.11
16/08/2025 13:30,16/08/2025 14:00,13.47,6.83
16/08/2025 14:00,16/08/2025 14:30,13.77,6.95
16/08/2025 14:30,16/08/2025 15:00,13.77,6.95
16/08/2025 15:00,16/08/2025 15:30,13.34,6.77
16/08/2025 15:30,16/08/2025 16:00,13.89,7.01
16/08/2025 16:00,16/08/2025 16:30,26.98,10.62
16/08/2025 16:30,16/08/2025 17:00,28.86,11.44
16/08/2025 17:00,16/08/2025 17:30,30.12,12.00
16/08/2025 17:30,16/08/2025 18:00,31.97,12.81
16/08/2025 18:00,16/08/2025 18:30,33.49,13.48
16/08/2025 18:30,16/08/2025 19:00,34.16,13.77
16/08/2025 19:00,16/08/2025 19:30,20.75,10.03
16/08/2025 19:30,16/08/2025 20:00,20.95,10.12
16/08/2025 20:00,16/08/2025 20:30,20.81,10.06
16/08/2025 20:30,16/08/2025 21:00,21.17,10.21
16/08/2025 21:00,16/08/2025 21:30,20.95,10.12
16/08/2025 21:30,16/08/2025 22:00,20.46,9.90
16/08/2025 22:00,16/08/2025 22:30,18.78,9.16
16/08/2025 22:30,16/08/2025 23:00,17.34,8.52
16/08/2025 23:00,16/08/2025 23:30,18.03,8.83
16/08/2025 23:30,17/08/2025 00:00,17.47,8.59
17/08/2025 00:00,17/08/2025 00:30,16.76,8.27
17/08/2025 00:30,17/08/2025 01:00,16.98,8.37
17/08/2025 01:00,17/08/2025 01:30,16.76,8.27
17/08/2025 01:30,17/08/2025 02:00,16.76,8.27
17/08/2025 02:00,17/08/2025 02:30,16.58,8.19
17/08/2025 02:30,17/08/2025 03:00,15.94,7.91
17/08/2025 03:00,17/08/2025 03:30,16.54,8.18
17/08/2025 03:30,17/08/2025 04:00,16.23,8.04
17/08/2025 04:00,17/08/2025 04:30,16.54,8.18
17/08/2025 04:30,17/08/2025 05:00,15.88,7.88
17/08/2025 05:00,17/08/2025 05:30,16.46,8.14
17/08/2025 05:30,17/08/2025 06:00,15.90,7.89
17/08/2025 06:00,17/08/2025 06:30,15.90,7.89
17/08/2025 06:30,17/08/2025 07:00,15.88,7.88
17/08/2025 07:00,17/08/2025 07:30,15.66,7.79
17/08/2025 07:30,17/08/2025 08:00,16.25,8.05
17/08/2025 08:00,17/08/2025 08:30,15.52,7.73
17/08/2025 08:30,17/08/2025 09:00,16.08,7.97
17/08/2025 09:00,17/08/2025 09:30,16.38,8.11
17/08/2025 09:30,17/08/2025 10:00,16.32,8.08
17/08/2025 10:00,17/08/2025 10:30,16.18,8.02
17/08/2025 10:30,17/08/2025 11:00,15.73,7.82
17/08/2025 11:00,17/08/2025 11:30,16.10,7.98
17/08/2025 11:30,17/08/2025 12:00,15.44,7.69
17/08/2025 12:00,17/08/2025 12:30,15.88,7.88
17/08/2025 12:30,17/08/2025 13:00,15.88,7.88
17/08/2025 13:00,17/08/2025 13:30,15.48,7.71
17/08/2025 13:30,17/08/2025 14:00,14.99,7.50
17/08/2025 14:00,17/08/2025 14:30,14.77,7.40
17/08/2025 14:30,17/08/2025 15:00,14.89,7.45
17/08/2025 15:00,17/08/2025 15:30,14.01,7.06
17/08/2025 15:30,17/08/2025 16:00,14.99,7.50
17/08/2025 16:00,17/08/2025 16:30,29.53,11.73
17/08/2025 16:30,17/08/2025 17:00,29.53,11.73
17/08/2025 17:00,17/08/2025 17:30,30.77,12.28
17/08/2025 17:30,17/08/2025 18:00,29.09,11.54
17/08/2025 18:00,17/08/2025 18:30,33.20,13.35
17/08/2025 18:30,17/08/2025 19:00,35.11,14.19
17/08/2025 19:00,17/08/2025 19:30,22.05,10.60
17/08/2025 19:30,17/08/2025 20:00,21.27,10.26
17/08/2025 20:00,17/08/2025 20:30,21.48,10.35
17/08/2025 20:30,17/08/2025 21:00,21.69,10.44
17/08/2025 21:00,17/08/2025 21:30,21.17,10.21
17/08/2025 21:30,17/08/2025 22:00,20.46,9.90
17/08/2025 22:00,17/08/2025 22:30,20.11,9.75
17/08/2025 22:30,17/08/2025 23:00,18.08,8.85
17/08/2025 23:00,17/08/2025 23:30,18.52,9.05
17/08/2025 23:30,18/08/2025 00:00,16.79,8.29
18/08/2025 00:00,18/08/2025 00:30,16.77,8.28
18/08/2025 00:30,18/08/2025 01:00,16.48,8.15
18/08/2025 01:00,18/08/2025 01:30,16.10,7.98
18/08/2025 01:30,18/08/2025 02:00,16.16,8.01
18/08/2025 02:00,18/08/2025 02:30,16.18,8.02
18/08/2025 02:30,18/08/2025 03:00,16.10,7.98
18/08/2025 03:00,18/08/2025 03:30,16.55,8.18
18/08/2025 03:30,18/08/2025 04:00,17.59,8.63
18/08/2025 04:00,18/08/2025 04:30,17.40,8.56
18/08/2025 04:30,18/08/2025 05:00,16.25,8.05
18/08/2025 05:00,18/08/2025 05:30,18.81,9.17
18/08/2025 05:30,18/08/2025 06:00,18.74,9.14
18/08/2025 06:00,18/08/2025 06:30,19.89,9.65
18/08/2025 06:30,18/08/2025 07:00,21.61,10.41
18/08/2025 07:00,18/08/2025 07:30,18.98,9.25
18/08/2025 07:30,18/08/2025 08:00,20.65,9.99
18/08/2025 08:00,18/08/2025 08:30,18.08,8.85
18/08/2025 08:30,18/08/2025 09:00,19.19,9.34
18/08/2025 09:00,18/08/2025 09:30,19.55,9.50
18/08/2025 09:30,18/08/2025 10:00,19.36,9.42
18/08/2025 10:00,18/08/2025 10:30,19.27,9.38
18/08/2025 10:30,18/08/2025 11:00,18.96,9.24
18/08/2025 11:00,18/08/2025 11:30,18.34,8.97
18/08/2025 11:30,18/08/2025 12:00,17.66,8.67
18/08/2025 12:00,18/08/2025 12:30,17.65,8.66
18/08/2025 12:30,18/08/2025 13:00,16.84,8.31
18/08/2025 13:00,18/08/2025 13:30,16.76,8.27
18/08/2025 13:30,18/08/2025 14:00,16.32,8.08
18/08/2025 14:00,18/08/2025 14:30,15.48,7.71
18/08/2025 14:30,18/08/2025 15:00,16.54,8.18
18/08/2025 15:00,18/08/2025 15:30,16.30,8.07
18/08/2025 15:30,18/08/2025 16:00,15.86,7.87
18/08/2025 16:00,18/08/2025 16:30,29.59,11.76
18/08/2025 16:30,18/08/2025 17:00,30.65,12.23
18/08/2025 17:00,18/08/2025 17:30,32.37,12.99
18/08/2025 17:30,18/08/2025 18:00,34.11,13.75
18/08/2025 18:00,18/08/2025 18:30,38.55,15.70
18/08/2025 18:30,18/08/2025 19:00,39.01,15.90
18/08/2025 19:00,18/08/2025 19:30,25.36,12.06
18/08/2025 19:30,18/08/2025 20:00,25.36,12.06
18/08/2025 20:00,18/08/2025 20:30,23.86,11.40
18/08/2025 20:30,18/08/2025 21:00,22.67,10.87
18/08/2025 21:00,18/08/2025 21:30,22.05,10.60
18/08/2025 21:30,18/08/2025 22:00,19.00,9.26
18/08/2025 22:00,18/08/2025 22:30,18.16,8.89
18/08/2025 22:30,18/08/2025 23:00,17.09,8.42
18/08/2025 23:00,18/08/2025 23:30,17.86,8.76
18/08/2025 23:30,19/08/2025 00:00,17.86,8.76
19/08/2025 00:00,19/08/2025 00:30,16.54,8.18
19/08/2025 00:30,19/08/2025 01:00,16.37,8.10
19/08/2025 01:00,19/08/2025 01:30,16.76,8.27
19/08/2025 01:30,19/08/2025 02:00,16.54,8.18
19/08/2025 02:00,19/08/2025 02:30,16.45,8.14
19/08/2025 02:30,19/08/2025 03:00,15.92,7.90
19/08/2025 03:00,19/08/2025 03:30,16.33,8.08
19/08/2025 03:30,19/08/2025 04:00,15.68,7.80
19/08/2025 04:00,19/08/2025 04:30,15.92,7.90
19/08/2025 04:30,19/08/2025 05:00,15.68,7.80
19/08/2025 05:00,19/08/2025 05:30,16.32,8.08
19/08/2025 05:30,19/08/2025 06:00,16.40,8.12
19/08/2025 06:00,19/08/2025 06:30,18.30,8.95
19/08/2025 06:30,19/08/2025 07:00,19.35,9.41
19/08/2025 07:00,19/08/2025 07:30,18.08,8.85
19/08/2025 07:30,19/08/2025 08:00,19.65,9.54
19/08/2025 08:00,19/08/2025 08:30,17.20,8.47
19/08/2025 08:30,19/08/2025 09:00,17.90,8.78
19/08/2025 09:00,19/08/2025 09:30,18.34,8.97
19/08/2025 09:30,19/08/2025 10:00,18.00,8.82
19/08/2025 10:00,19/08/2025 10:30,16.50,8.15
19/08/2025 10:30,19/08/2025 11:00,15.83,7.86
19/08/2025 11:00,19/08/2025 11:30,15.68,7.80
19/08/2025 11:30,19/08/2025 12:00,15.21,7.59
19/08/2025 12:00,19/08/2025 12:30,14.99,7.50
19/08/2025 12:30,19/08/2025 13:00,14.83,7.42
19/08/2025 13:00,19/08/2025 13:30,14.57,7.31
19/08/2025 13:30,19/08/2025 14:00,14.89,7.45
19/08/2025 14:00,19/08/2025 14:30,14.79,7.41
19/08/2025 14:30,19/08/2025 15:00,14.79,7.41
19/08/2025 15:00,19/08/2025 15:30,14.89,7.45
19/08/2025 15:30,19/08/2025 16:00,14.62,7.33
19/08/2025 16:00,19/08/2025 16:30,28.64,11.35
19/08/2025 16:30,19/08/2025 17:00,28.86,11.44
19/08/2025 17:00,19/08/2025 17:30,29.59,11.76
19/08/2025 17:30,19/08/2025 18:00,31.51,12.61
19/08/2025 18:00,19/08/2025 18:30,34.46,13.91
19/08/2025 18:30,19/08/2025 19:00,34.00,13.70
19/08/2025 19:00,19/08/2025 19:30,20.95,10.12
19/08/2025 19:30,19/08/2025 20:00,20.99,10.13
19/08/2025 20:00,19/08/2025 20:30,20.74,10.02
19/08/2025 20:30,19/08/2025 21:00,20.61,9.97
19/08/2025 21:00,19/08/2025 21:30,21.61,10.41
19/08/2025 21:30,19/08/2025 22:00,19.62,9.53
19/08/2025 22:00,19/08/2025 22:30,16.71,8.25
19/08/2025 22:30,19/08/2025 23:00,15.94,7.91
19/08/2025 23:00,19/08/2025 23:30,16.61,8.21
19/08/2025 23:30,20/08/2025 00:00,16.76,8.27
20/08/2025 00:00,20/08/2025 00:30,16.76,8.27
20/08/2025 00:30,20/08/2025 01:00,16.12,7.99
20/08/2025 01:00,20/08/2025 01:30,14.91,7.46
20/08/2025 01:30,20/08/2025 02:00,15.44,7.69
20/08/2025 02:00,20/08/2025 02:30,15.84,7.87
20/08/2025 02:30,20/08/2025 03:00,15.34,7.65
20/08/2025 03:00,20/08/2025 03:30,14.68,7.36
20/08/2025 03:30,20/08/2025 04:00,14.46,7.26
20/08/2025 04:00,20/08/2025 04:30,14.61,7.32
20/08/2025 04:30,20/08/2025 05:00,14.61,7.32
20/08/2025 05:00,20/08/2025 05:30,15.87,7.88
20/08/2025 05:30,20/08/2025 06:00,15.84,7.87
20/08/2025 06:00,20/08/2025 06:30,18.11,8.87
20/08/2025 06:30,20/08/2025 07:00,18.93,9.23
20/08/2025 07:00,20/08/2025 07:30,18.49,9.04
20/08/2025 07:30,20/08/2025 08:00,20.41,9.88
20/08/2025 08:00,20/08/2025 08:30,18.16,8.89
20/08/2025 08:30,20/08/2025 09:00,19.40,9.44
20/08/2025 09:00,20/08/2025 09:30,18.52,9.05
20/08/2025 09:30,20/08/2025 10:00,17.64,8.66
20/08/2025 10:00,20/08/2025 10:30,18.76,9.15
20/08/2025 10:30,20/08/2025 11:00,17.86,8.76
20/08/2025 11:00,20/08/2025 11:30,17.64,8.66
20/08/2025 11:30,20/08/2025 12:00,17.30,8.51
20/08/2025 12:00,20/08/2025 12:30,17.75,8.71
20/08/2025 12:30,20/08/2025 13:00,16.70,8.24
20/08/2025 13:00,20/08/2025 13:30,15.99,7.93
20/08/2025 13:30,20/08/2025 14:00,15.84,7.87
20/08/2025 14:00,20/08/2025 14:30,15.56,7.74
20/08/2025 14:30,20/08/2025 15:00,15.66,7.79
20/08/2025 15:00,20/08/2025 15:30,16.56,8.18
20/08/2025 15:30,20/08/2025 16:00,15.84,7.87
20/08/2025 16:00,20/08/2025 16:30,31.73,12.70
20/08/2025 16:30,20/08/2025 17:00,31.65,12.67
20/08/2025 17:00,20/08/2025 17:30,31.21,12.47
20/08/2025 17:30,20/08/2025 18:00,33.05,13.29
20/08/2025 18:00,20/08/2025 18:30,33.83,13.63
20/08/2025 18:30,20/08/2025 19:00,35.48,14.35
20/08/2025 19:00,20/08/2025 19:30,21.27,10.26
20/08/2025 19:30,20/08/2025 20:00,21.43,10.33
20/08/2025 20:00,20/08/2025 20:30,21.04,10.16
20/08/2025 20:30,20/08/2025 21:00,21.55,10.38
20/08/2025 21:00,20/08/2025 21:30,20.52,9.93
20/08/2025 21:30,20/08/2025 22:00,18.26,8.93
20/08/2025 22:00,20/08/2025 22:30,17.86,8.76
20/08/2025 22:30,20/08/2025 23:00,15.68,7.80
20/08/2025 23:00,20/08/2025 23:30,20.73,10.02
20/08/2025 23:30,21/08/2025 00:00,18.63,9.10
21/08/2025 00:00,21/08/2025 00:30,17.44,8.57
21/08/2025 00:30,21/08/2025 01:00,17.28,8.50
21/08/2025 01:00,21/08/2025 01:30,16.78,8.28
21/08/2025 01:30,21/08/2025 02:00,16.75,8.27
21/08/2025 02:00,21/08/2025 02:30,16.65,8.22
21/08/2025 02:30,21/08/2025 03:00,16.19,8.02
21/08/2025 03:00,21/08/2025 03:30,17.02,8.39
21/08/2025 03:30,21/08/2025 04:00,16.54,8.18
21/08/2025 04:00,21/08/2025 04:30,16.82,8.30
21/08/2025 04:30,21/08/2025 05:00,16.58,8.19
21/08/2025 05:00,21/08/2025 05:30,16.98,8.37
21/08/2025 05:30,21/08/2025 06:00,18.08,8.85
21/08/2025 06:00,21/08/2025 06:30,19.76,9.59
21/08/2025 06:30,21/08/2025 07:00,21.50,10.36
21/08/2025 07:00,21/08/2025 07:30,19.13,9.31
21/08/2025 07:30,21/08/2025 08:00,20.88,10.09
21/08/2025 08:00,21/08/2025 08:30,17.90,8.78
21/08/2025 08:30,21/08/2025 09:00,18.34,8.97
21/08/2025 09:00,21/08/2025 09:30,17.64,8.66
21/08/2025 09:30,21/08/2025 10:00,16.65,8.22
21/08/2025 10:00,21/08/2025 10:30,16.76,8.27
21/08/2025 10:30,21/08/2025 11:00,16.53,8.17
21/08/2025 11:00,21/08/2025 11:30,16.78,8.28
21/08/2025 11:30,21/08/2025 12:00,16.58,8.19
21/08/2025 12:00,21/08/2025 12:30,16.58,8.19
21/08/2025 12:30,21/08/2025 13:00,16.94,8.35
21/08/2025 13:00,21/08/2025 13:30,16.58,8.19
21/08/2025 13:30,21/08/2025 14:00,16.36,8.10
21/08/2025 14:00,21/08/2025 14:30,16.73,8.26
21/08/2025 14:30,21/08/2025 15:00,16.23,8.04
21/08/2025 15:00,21/08/2025 15:30,16.24,8.05
21/08/2025 15:30,21/08/2025 16:00,16.25,8.05
21/08/2025 16:00,21/08/2025 16:30,30.22,12.04
21/08/2025 16:30,21/08/2025 17:00,31.29,12.51
21/08/2025 17:00,21/08/2025 17:30,31.29,12.51
21/08/2025 17:30,21/08/2025 18:00,33.19,13.34
21/08/2025 18:00,21/08/2025 18:30,33.05,13.29
21/08/2025 18:30,21/08/2025 19:00,34.38,13.87
21/08/2025 19:00,21/08/2025 19:30,21.83,10.50
21/08/2025 19:30,21/08/2025 20:00,21.52,10.37
21/08/2025 20:00,21/08/2025 20:30,21.61,10.41
21/08/2025 20:30,21/08/2025 21:00,21.50,10.36
21/08/2025 21:00,21/08/2025 21:30,21.63,10.42
21/08/2025 21:30,21/08/2025 22:00,19.94,9.67
21/08/2025 22:00,21/08/2025 22:30,18.76,9.15
21/08/2025 22:30,21/08/2025 23:00,16.76,8.27
21/08/2025 23:00,21/08/2025 23:30,20.73,10.02
21/08/2025 23:30,22/08/2025 00:00,18.47,9.03
22/08/2025 00:00,22/08/2025 00:30,18.21,8.91
22/08/2025 00:30,22/08/2025 01:00,17.31,8.52
22/08/2025 01:00,22/08/2025 01:30,17.64,8.66
22/08/2025 01:30,22/08/2025 02:00,17.24,8.49
22/08/2025 02:00,22/08/2025 02:30,16.63,8.22
22/08/2025 02:30,22/08/2025 03:00,16.54,8.18
22/08/2025 03:00,22/08/2025 03:30,16.63,8.22
22/08/2025 03:30,22/08/2025 04:00,16.54,8.18
22/08/2025 04:00,22/08/2025 04:30,16.54,8.18
22/08/2025 04:30,22/08/2025 05:00,16.54,8.18
22/08/2025 05:00,22/08/2025 05:30,18.96,9.24
22/08/2025 05:30,22/08/2025 06:00,18.96,9.24
22/08/2025 06:00,22/08/2025 06:30,20.11,9.75
22/08/2025 06:30,22/08/2025 07:00,23.15,11.08
22/08/2025 07:00,22/08/2025 07:30,19.40,9.44
22/08/2025 07:30,22/08/2025 08:00,21.61,10.41
22/08/2025 08:00,22/08/2025 08:30,18.96,9.24
22/08/2025 08:30,22/08/2025 09:00,19.67,9.55
22/08/2025 09:00,22/08/2025 09:30,19.84,9.63
22/08/2025 09:30,22/08/2025 10:00,18.24,8.92
22/08/2025 10:00,22/08/2025 10:30,17.38,8.55
22/08/2025 10:30,22/08/2025 11:00,16.92,8.34
22/08/2025 11:00,22/08/2025 11:30,17.69,8.68
22/08/2025 11:30,22/08/2025 12:00,17.20,8.47
22/08/2025 12:00,22/08/2025 12:30,17.64,8.66
22/08/2025 12:30,22/08/2025 13:00,16.82,8.30
22/08/2025 13:00,22/08/2025 13:30,17.11,8.43
22/08/2025 13:30,22/08/2025 14:00,16.98,8.37
22/08/2025 14:00,22/08/2025 14:30,16.63,8.22
22/08/2025 14:30,22/08/2025 15:00,17.20,8.47
22/08/2025 15:00,22/08/2025 15:30,16.94,8.35
22/08/2025 15:30,22/08/2025 16:00,18.08,8.85
22/08/2025 16:00,22/08/2025 16:30,30.80,12.29
22/08/2025 16:30,22/08/2025 17:00,32.33,12.97
22/08/2025 17:00,22/08/2025 17:30,31.89,12.77
22/08/2025 17:30,22/08/2025 18:00,34.38,13.87
22/08/2025 18:00,22/08/2025 18:30,35.98,14.58
22/08/2025 18:30,22/08/2025 19:00,37.02,15.03
22/08/2025 19:00,22/08/2025 19:30,23.07,11.05
22/08/2025 19:30,22/08/2025 20:00,22.50,10.80
22/08/2025 20:00,22/08/2025 20:30,21.25,10.25
22/08/2025 20:30,22/08/2025 21:00,21.86,10.52
22/08/2025 21:00,22/08/2025 21:30,21.39,10.31
22/08/2025 21:30,22/08/2025 22:00,19.32,9.40
22/08/2025 22:00,22/08/2025 22:30,19.19,9.34
22/08/2025 22:30,22/08/2025 23:00,18.13,8.88
22/08/2025 23:00,22/08/2025 23:30,20.11,9.75
22/08/2025 23:30,23/08/2025 00:00,18.51,9.04
23/08/2025 00:00,23/08/2025 00:30,18.19,8.90
23/08/2025 00:30,23/08/2025 01:00,18.23,8.92
23/08/2025 01:00,23/08/2025 01:30,17.72,8.70
23/08/2025 01:30,23/08/2025 02:00,17.97,8.80
23/08/2025 02:00,23/08/2025 02:30,17.42,8.56
23/08/2025 02:30,23/08/2025 03:00,16.71,8.25
23/08/2025 03:00,23/08/2025 03:30,16.60,8.20
23/08/2025 03:30,23/08/2025 04:00,16.10,7.98
23/08/2025 04:00,23/08/2025 04:30,16.98,8.37
23/08/2025 04:30,23/08/2025 05:00,16.71,8.25
23/08/2025 05:00,23/08/2025 05:30,17.24,8.49
23/08/2025 05:30,23/08/2025 06:00,16.73,8.26
23/08/2025 06:00,23/08/2025 06:30,17.16,8.45
23/08/2025 06:30,23/08/2025 07:00,18.26,8.93
23/08/2025 07:00,23/08/2025 07:30,16.98,8.37
23/08/2025 07:30,23/08/2025 08:00,18.03,8.83
23/08/2025 08:00,23/08/2025 08:30,16.32,8.08
23/08/2025 08:30,23/08/2025 09:00,17.20,8.47
23/08/2025 09:00,23/08/2025 09:30,18.08,8.85
23/08/2025 09:30,23/08/2025 10:00,18.52,9.05
23/08/2025 10:00,23/08/2025 10:30,18.39,8.99
23/08/2025 10:30,23/08/2025 11:00,18.52,9.05
23/08/2025 11:00,23/08/2025 11:30,18.08,8.85
23/08/2025 11:30,23/08/2025 12:00,18.12,8.87
23/08/2025 12:00,23/08/2025 12:30,18.53,9.05
23/08/2025 12:30,23/08/2025 13:00,18.30,8.95
23/08/2025 13:00,23/08/2025 13:30,18.33,8.96
23/08/2025 13:30,23/08/2025 14:00,18.51,9.04
23/08/2025 14:00,23/08/2025 14:30,18.42,9.00
23/08/2025 14:30,23/08/2025 15:00,18.30,8.95
23/08/2025 15:00,23/08/2025 15:30,17.92,8.79
23/08/2025 15:30,23/08/2025 16:00,18.80,9.17
23/08/2025 16:00,23/08/2025 16:30,31.73,12.70
23/08/2025 16:30,23/08/2025 17:00,32.70,13.13
23/08/2025 17:00,23/08/2025 17:30,33.26,13.38
23/08/2025 17:30,23/08/2025 18:00,34.38,13.87
23/08/2025 18:00,23/08/2025 18:30,36.09,14.62
23/08/2025 18:30,23/08/2025 19:00,36.76,14.92
23/08/2025 19:00,23/08/2025 19:30,22.41,10.76
23/08/2025 19:30,23/08/2025 20:00,22.51,10.80
23/08/2025 20:00,23/08/2025 20:30,22.27,10.70
23/08/2025 20:30,23/08/2025 21:00,22.38,10.74
23/08/2025 21:00,23/08/2025 21:30,22.11,10.63
23/08/2025 21:30,23/08/2025 22:00,21.45,10.34
23/08/2025 22:00,23/08/2025 22:30,20.49,9.91
23/08/2025 22:30,23/08/2025 23:00,19.12,9.31
23/08/2025 23:00,23/08/2025 23:30,18.74,9.14
23/08/2025 23:30,24/08/2025 00:00,19.33,9.40
24/08/2025 00:00,24/08/2025 00:30,18.32,8.96
24/08/2025 00:30,24/08/2025 01:00,19.23,9.36
24/08/2025 01:00,24/08/2025 01:30,18.96,9.24
24/08/2025 01:30,24/08/2025 02:00,18.62,9.09
24/08/2025 02:00,24/08/2025 02:30,18.96,9.24
24/08/2025 02:30,24/08/2025 03:00,18.63,9.10
24/08/2025 03:00,24/08/2025 03:30,19.07,9.29
24/08/2025 03:30,24/08/2025 04:00,18.52,9.05
24/08/2025 04:00,24/08/2025 04:30,18.83,9.18
24/08/2025 04:30,24/08/2025 05:00,18.10,8.86
24/08/2025 05:00,24/08/2025 05:30,17.86,8.76
24/08/2025 05:30,24/08/2025 06:00,18.08,8.85
24/08/2025 06:00,24/08/2025 06:30,17.09,8.42
24/08/2025 06:30,24/08/2025 07:00,17.86,8.76
24/08/2025 07:00,24/08/2025 07:30,16.56,8.18
24/08/2025 07:30,24/08/2025 08:00,17.02,8.39
24/08/2025 08:00,24/08/2025 08:30,16.58,8.19
24/08/2025 08:30,24/08/2025 09:00,17.42,8.56
24/08/2025 09:00,24/08/2025 09:30,17.43,8.57
24/08/2025 09:30,24/08/2025 10:00,16.04,7.96
24/08/2025 10:00,24/08/2025 10:30,16.73,8.26
24/08/2025 10:30,24/08/2025 11:00,16.86,8.32
24/08/2025 11:00,24/08/2025 11:30,17.13,8.43
24/08/2025 11:30,24/08/2025 12:00,16.45,8.14
24/08/2025 12:00,24/08/2025 12:30,17.34,8.52
24/08/2025 12:30,24/08/2025 13:00,17.62,8.65
24/08/2025 13:00,24/08/2025 13:30,16.67,8.23
24/08/2025 13:30,24/08/2025 14:00,17.11,8.43
24/08/2025 14:00,24/08/2025 14:30,17.02,8.39
24/08/2025 14:30,24/08/2025 15:00,17.44,8.57
24/08/2025 15:00,24/08/2025 15:30,18.42,9.00
24/08/2025 15:30,24/08/2025 16:00,17.69,8.69
24/08/2025 16:00,24/08/2025 16:30,29.53,11.73
24/08/2025 16:30,24/08/2025 17:00,31.18,12.46
24/08/2025 17:00,24/08/2025 17:30,32.07,12.85
24/08/2025 17:30,24/08/2025 18:00,33.66,13.55
24/08/2025 18:00,24/08/2025 18:30,35.19,14.22
24/08/2025 18:30,24/08/2025 19:00,35.04,14.16
24/08/2025 19:00,24/08/2025 19:30,22.69,10.88
24/08/2025 19:30,24/08/2025 20:00,22.23,10.68
24/08/2025 20:00,24/08/2025 20:30,22.05,10.60
24/08/2025 20:30,24/08/2025 21:00,22.51,10.80
24/08/2025 21:00,24/08/2025 21:30,22.34,10.73
24/08/2025 21:30,24/08/2025 22:00,20.73,10.02
24/08/2025 22:00,24/08/2025 22:30,20.99,10.13
24/08/2025 22:30,24/08/2025 23:00,18.96,9.24
24/08/2025 23:00,24/08/2025 23:30,18.08,8.85
24/08/2025 23:30,25/08/2025 00:00,18.96,9.24
25/08/2025 00:00,25/08/2025 00:30,18.52,9.05
25/08/2025 00:30,25/08/2025 01:00,18.66,9.11
25/08/2025 01:00,25/08/2025 01:30,18.08,8.85
25/08/2025 01:30,25/08/2025 02:00,18.08,8.85
25/08/2025 02:00,25/08/2025 02:30,18.05,8.84
25/08/2025 02:30,25/08/2025 03:00,17.20,8.47
25/08/2025 03:00,25/08/2025 03:30,17.20,8.47
25/08/2025 03:30,25/08/2025 04:00,17.20,8.47
25/08/2025 04:00,25/08/2025 04:30,18.28,8.94
25/08/2025 04:30,25/08/2025 05:00,17.48,8.59
25/08/2025 05:00,25/08/2025 05:30,20.54,9.93
25/08/2025 05:30,25/08/2025 06:00,20.31,9.83
25/08/2025 06:00,25/08/2025 06:30,21.83,10.50
25/08/2025 06:30,25/08/2025 07:00,21.81,10.49
25/08/2025 07:00,25/08/2025 07:30,19.62,9.53
25/08/2025 07:30,25/08/2025 08:00,20.11,9.75
25/08/2025 08:00,25/08/2025 08:30,17.20,8.47
25/08/2025 08:30,25/08/2025 09:00,18.96,9.24
25/08/2025 09:00,25/08/2025 09:30,17.42,8.56
25/08/2025 09:30,25/08/2025 10:00,16.46,8.14
25/08/2025 10:00,25/08/2025 10:30,14.55,7.30
25/08/2025 10:30,25/08/2025 11:00,12.79,6.53
25/08/2025 11:00,25/08/2025 11:30,9.45,5.06
25/08/2025 11:30,25/08/2025 12:00,6.32,3.68
25/08/2025 12:00,25/08/2025 12:30,2.25,1.89
25/08/2025 12:30,25/08/2025 13:00,2.21,1.87
25/08/2025 13:00,25/08/2025 13:30,1.36,1.50
25/08/2025 13:30,25/08/2025 14:00,0.93,1.31
25/08/2025 14:00,25/08/2025 14:30,2.12,1.83
25/08/2025 14:30,25/08/2025 15:00,1.59,1.60
25/08/2025 15:00,25/08/2025 15:30,9.42,5.04
25/08/2025 15:30,25/08/2025 16:00,9.63,5.13
25/08/2025 16:00,25/08/2025 16:30,26.67,10.48
25/08/2025 16:30,25/08/2025 17:00,28.54,11.30
25/08/2025 17:00,25/08/2025 17:30,33.05,13.29
25/08/2025 17:30,25/08/2025 18:00,34.65,13.99
25/08/2025 18:00,25/08/2025 18:30,35.70,14.45
25/08/2025 18:30,25/08/2025 19:00,34.84,14.07
25/08/2025 19:00,25/08/2025 19:30,22.98,11.01
25/08/2025 19:30,25/08/2025 20:00,23.29,11.14
25/08/2025 20:00,25/08/2025 20:30,23.33,11.16
25/08/2025 20:30,25/08/2025 21:00,22.49,10.79
25/08/2025 21:00,25/08/2025 21:30,22.11,10.63
25/08/2025 21:30,25/08/2025 22:00,19.84,9.63
25/08/2025 22:00,25/08/2025 22:30,18.80,9.17
25/08/2025 22:30,25/08/2025 23:00,16.50,8.16
25/08/2025 23:00,25/08/2025 23:30,17.64,8.66
25/08/2025 23:30,26/08/2025 00:00,18.96,9.24
26/08/2025 00:00,26/08/2025 00:30,18.52,9.05
26/08/2025 00:30,26/08/2025 01:00,17.87,8.76
26/08/2025 01:00,26/08/2025 01:30,15.86,7.88
26/08/2025 01:30,26/08/2025 02:00,16.32,8.08
26/08/2025 02:00,26/08/2025 02:30,15.10,7.54
26/08/2025 02:30,26/08/2025 03:00,15.10,7.54
26/08/2025 03:00,26/08/2025 03:30,14.96,7.48
26/08/2025 03:30,26/08/2025 04:00,14.96,7.48
26/08/2025 04:00,26/08/2025 04:30,15.88,7.88
26/08/2025 04:30,26/08/2025 05:00,15.91,7.90
26/08/2025 05:00,26/08/2025 05:30,19.05,9.28
26/08/2025 05:30,26/08/2025 06:00,20.19,9.78
26/08/2025 06:00,26/08/2025 06:30,20.83,10.07
26/08/2025 06:30,26/08/2025 07:00,22.57,10.83
26/08/2025 07:00,26/08/2025 07:30,22.05,10.60
26/08/2025 07:30,26/08/2025 08:00,22.49,10.79
26/08/2025 08:00,26/08/2025 08:30,21.61,10.41
26/08/2025 08:30,26/08/2025 09:00,21.61,10.41
26/08/2025 09:00,26/08/2025 09:30,19.84,9.63
26/08/2025 09:30,26/08/2025 10:00,19.84,9.63
26/08/2025 10:00,26/08/2025 10:30,17.20,8.47
26/08/2025 10:30,26/08/2025 11:00,17.20,8.47
26/08/2025 11:00,26/08/2025 11:30,16.54,8.18
26/08/2025 11:30,26/08/2025 12:00,16.54,8.18
26/08/2025 12:00,26/08/2025 12:30,16.54,8.18
26/08/2025 12:30,26/08/2025 13:00,16.54,8.18
26/08/2025 13:00,26/08/2025 13:30,16.54,8.18
26/08/2025 13:30,26/08/2025 14:00,16.32,8.08
26/08/2025 14:00,26/08/2025 14:30,16.54,8.18
26/08/2025 14:30,26/08/2025 15:00,16.54,8.18
26/08/2025 15:00,26/08/2025 15:30,18.74,9.14
26/08/2025 15:30,26/08/2025 16:00,18.00,8.82
26/08/2025 16:00,26/08/2025 16:30,32.92,13.23
26/08/2025 16:30,26/08/2025 17:00,31.95,12.80
26/08/2025 17:00,26/08/2025 17:30,32.18,12.90
26/08/2025 17:30,26/08/2025 18:00,33.05,13.29
26/08/2025 18:00,26/08/2025 18:30,36.24,14.69
26/08/2025 18:30,26/08/2025 19:00,37.30,15.15
26/08/2025 19:00,26/08/2025 19:30,25.16,11.97
26/08/2025 19:30,26/08/2025 20:00,25.36,12.06
26/08/2025 20:00,26/08/2025 20:30,24.32,11.60
26/08/2025 20:30,26/08/2025 21:00,24.69,11.76
26/08/2025 21:00,26/08/2025 21:30,23.81,11.38
26/08/2025 21:30,26/08/2025 22:00,20.95,10.12
26/08/2025 22:00,26/08/2025 22:30,20.07,9.73
26/08/2025 22:30,26/08/2025 23:00,19.18,9.34
26/08/2025 23:00,26/08/2025 23:30,19.89,9.65
26/08/2025 23:30,27/08/2025 00:00,19.40,9.44
27/08/2025 00:00,27/08/2025 00:30,17.56,8.62
27/08/2025 00:30,27/08/2025 01:00,17.97,8.80
27/08/2025 01:00,27/08/2025 01:30,17.16,8.45
27/08/2025 01:30,27/08/2025 02:00,17.20,8.47
27/08/2025 02:00,27/08/2025 02:30,16.78,8.28
27/08/2025 02:30,27/08/2025 03:00,16.64,8.22
27/08/2025 03:00,27/08/2025 03:30,16.46,8.14
27/08/2025 03:30,27/08/2025 04:00,16.14,8.00
27/08/2025 04:00,27/08/2025 04:30,17.09,8.42
27/08/2025 04:30,27/08/2025 05:00,16.51,8.16
27/08/2025 05:00,27/08/2025 05:30,19.38,9.43
27/08/2025 05:30,27/08/2025 06:00,20.46,9.90
27/08/2025 06:00,27/08/2025 06:30,21.68,10.44
27/08/2025 06:30,27/08/2025 07:00,22.49,10.79
27/08/2025 07:00,27/08/2025 07:30,21.61,10.41
27/08/2025 07:30,27/08/2025 08:00,22.59,10.83
27/08/2025 08:00,27/08/2025 08:30,20.14,9.76
27/08/2025 08:30,27/08/2025 09:00,20.11,9.75
27/08/2025 09:00,27/08/2025 09:30,18.42,9.00
27/08/2025 09:30,27/08/2025 10:00,17.86,8.76
27/08/2025 10:00,27/08/2025 10:30,17.02,8.39
27/08/2025 10:30,27/08/2025 11:00,16.81,8.30
27/08/2025 11:00,27/08/2025 11:30,16.30,8.07
27/08/2025 11:30,27/08/2025 12:00,15.88,7.88
27/08/2025 12:00,27/08/2025 12:30,15.52,7.73
27/08/2025 12:30,27/08/2025 13:00,14.77,7.40
27/08/2025 13:00,27/08/2025 13:30,14.97,7.49
27/08/2025 13:30,27/08/2025 14:00,14.40,7.23
27/08/2025 14:00,27/08/2025 14:30,14.77,7.40
27/08/2025 14:30,27/08/2025 15:00,14.31,7.20
27/08/2025 15:00,27/08/2025 15:30,14.11,7.11
27/08/2025 15:30,27/08/2025 16:00,14.38,7.23
27/08/2025 16:00,27/08/2025 16:30,30.72,12.26
27/08/2025 16:30,27/08/2025 17:00,31.23,12.48
27/08/2025 17:00,27/08/2025 17:30,32.31,12.96
27/08/2025 17:30,27/08/2025 18:00,33.76,13.60
27/08/2025 18:00,27/08/2025 18:30,34.68,14.00
27/08/2025 18:30,27/08/2025 19:00,35.43,14.33
27/08/2025 19:00,27/08/2025 19:30,22.80,10.93
27/08/2025 19:30,27/08/2025 20:00,21.97,10.57
27/08/2025 20:00,27/08/2025 20:30,22.91,10.98
27/08/2025 20:30,27/08/2025 21:00,22.36,10.74
27/08/2025 21:00,27/08/2025 21:30,22.07,10.61
27/08/2025 21:30,27/08/2025 22:00,20.51,9.92
27/08/2025 22:00,27/08/2025 22:30,19.84,9.63
27/08/2025 22:30,27/08/2025 23:00,18.30,8.95
27/08/2025 23:00,27/08/2025 23:30,18.07,8.85
27/08/2025 23:30,28/08/2025 00:00,18.07,8.85
28/08/2025 00:00,28/08/2025 00:30,16.79,8.28
28/08/2025 00:30,28/08/2025 01:00,16.82,8.30
28/08/2025 01:00,28/08/2025 01:30,16.55,8.18
28/08/2025 01:30,28/08/2025 02:00,17.26,8.49
28/08/2025 02:00,28/08/2025 02:30,16.17,8.01
28/08/2025 02:30,28/08/2025 03:00,16.13,7.99
28/08/2025 03:00,28/08/2025 03:30,15.12,7.55
28/08/2025 03:30,28/08/2025 04:00,14.99,7.50
28/08/2025 04:00,28/08/2025 04:30,16.34,8.09
28/08/2025 04:30,28/08/2025 05:00,15.98,7.93
28/08/2025 05:00,28/08/2025 05:30,17.64,8.66
28/08/2025 05:30,28/08/2025 06:00,16.96,8.36
28/08/2025 06:00,28/08/2025 06:30,20.81,10.06
28/08/2025 06:30,28/08/2025 07:00,21.57,10.39
28/08/2025 07:00,28/08/2025 07:30,22.71,10.89
28/08/2025 07:30,28/08/2025 08:00,22.67,10.87
28/08/2025 08:00,28/08/2025 08:30,22.45,10.77
28/08/2025 08:30,28/08/2025 09:00,22.43,10.76
28/08/2025 09:00,28/08/2025 09:30,20.66,9.99
28/08/2025 09:30,28/08/2025 10:00,18.72,9.14
28/08/2025 10:00,28/08/2025 10:30,16.92,8.34
28/08/2025 10:30,28/08/2025 11:00,18.47,9.03
28/08/2025 11:00,28/08/2025 11:30,18.11,8.87
28/08/2025 11:30,28/08/2025 12:00,18.19,8.90
28/08/2025 12:00,28/08/2025 12:30,17.64,8.66
28/08/2025 12:30,28/08/2025 13:00,17.11,8.43
28/08/2025 13:00,28/08/2025 13:30,15.93,7.91
28/08/2025 13:30,28/08/2025 14:00,15.33,7.64
28/08/2025 14:00,28/08/2025 14:30,14.99,7.50
28/08/2025 14:30,28/08/2025 15:00,14.99,7.50
28/08/2025 15:00,28/08/2025 15:30,14.99,7.50
28/08/2025 15:30,28/08/2025 16:00,14.99,7.50
28/08/2025 16:00,28/08/2025 16:30,28.64,11.35
28/08/2025 16:30,28/08/2025 17:00,29.10,11.54
28/08/2025 17:00,28/08/2025 17:30,29.39,11.68
28/08/2025 17:30,28/08/2025 18:00,31.29,12.51
28/08/2025 18:00,28/08/2025 18:30,31.95,12.80
28/08/2025 18:30,28/08/2025 19:00,33.49,13.48
28/08/2025 19:00,28/08/2025 19:30,20.07,9.73
28/08/2025 19:30,28/08/2025 20:00,20.11,9.74
28/08/2025 20:00,28/08/2025 20:30,20.49,9.91
28/08/2025 20:30,28/08/2025 21:00,20.95,10.12
28/08/2025 21:00,28/08/2025 21:30,19.76,9.59
28/08/2025 21:30,28/08/2025 22:00,17.64,8.66
28/08/2025 22:00,28/08/2025 22:30,15.75,7.83
28/08/2025 22:30,28/08/2025 23:00,14.99,7.50
28/08/2025 23:00,28/08/2025 23:30,15.88,7.88
28/08/2025 23:30,29/08/2025 00:00,15.30,7.63
29/08/2025 00:00,29/08/2025 00:30,14.57,7.31
29/08/2025 00:30,29/08/2025 01:00,14.68,7.36
29/08/2025 01:00,29/08/2025 01:30,15.12,7.55
29/08/2025 01:30,29/08/2025 02:00,15.37,7.66
29/08/2025 02:00,29/08/2025 02:30,14.71,7.37
29/08/2025 02:30,29/08/2025 03:00,14.55,7.30
29/08/2025 03:00,29/08/2025 03:30,14.55,7.30
29/08/2025 03:30,29/08/2025 04:00,14.55,7.30
29/08/2025 04:00,29/08/2025 04:30,14.55,7.30
29/08/2025 04:30,29/08/2025 05:00,14.55,7.30
29/08/2025 05:00,29/08/2025 05:30,18.08,8.85
29/08/2025 05:30,29/08/2025 06:00,17.42,8.56
29/08/2025 06:00,29/08/2025 06:30,19.54,9.50
29/08/2025 06:30,29/08/2025 07:00,19.40,9.44
29/08/2025 07:00,29/08/2025 07:30,20.73,10.02
29/08/2025 07:30,29/08/2025 08:00,21.61,10.41
29/08/2025 08:00,29/08/2025 08:30,20.71,10.01
29/08/2025 08:30,29/08/2025 09:00,21.06,10.16
29/08/2025 09:00,29/08/2025 09:30,20.64,9.98
29/08/2025 09:30,29/08/2025 10:00,20.46,9.90
29/08/2025 10:00,29/08/2025 10:30,18.52,9.05
29/08/2025 10:30,29/08/2025 11:00,18.30,8.95
29/08/2025 11:00,29/08/2025 11:30,17.24,8.49
29/08/2025 11:30,29/08/2025 12:00,16.76,8.27
29/08/2025 12:00,29/08/2025 12:30,16.32,8.08
29/08/2025 12:30,29/08/2025 13:00,15.07,7.53
29/08/2025 13:00,29/08/2025 13:30,15.48,7.71
29/08/2025 13:30,29/08/2025 14:00,14.55,7.30
29/08/2025 14:00,29/08/2025 14:30,14.73,7.38
29/08/2025 14:30,29/08/2025 15:00,14.55,7.30
29/08/2025 15:00,29/08/2025 15:30,14.55,7.30
29/08/2025 15:30,29/08/2025 16:00,14.55,7.30
29/08/2025 16:00,29/08/2025 16:30,29.09,11.54
29/08/2025 16:30,29/08/2025 17:00,29.97,11.93
29/08/2025 17:00,29/08/2025 17:30,31.29,12.51
29/08/2025 17:30,29/08/2025 18:00,33.76,13.60
29/08/2025 18:00,29/08/2025 18:30,36.02,14.59
29/08/2025 18:30,29/08/2025 19:00,35.92,14.55
29/08/2025 19:00,29/08/2025 19:30,21.86,10.52
29/08/2025 19:30,29/08/2025 20:00,21.95,10.55
29/08/2025 20:00,29/08/2025 20:30,20.77,10.04
29/08/2025 20:30,29/08/2025 21:00,20.33,9.84
29/08/2025 21:00,29/08/2025 21:30,18.92,9.22
29/08/2025 21:30,29/08/2025 22:00,16.98,8.37
29/08/2025 22:00,29/08/2025 22:30,16.76,8.27
29/08/2025 22:30,29/08/2025 23:00,16.54,8.18
29/08/2025 23:00,29/08/2025 23:30,18.08,8.85
29/08/2025 23:30,30/08/2025 00:00,17.54,8.61
30/08/2025 00:00,30/08/2025 00:30,16.27,8.06
30/08/2025 00:30,30/08/2025 01:00,15.99,7.94
30/08/2025 01:00,30/08/2025 01:30,18.08,8.85
30/08/2025 01:30,30/08/2025 02:00,18.08,8.85
30/08/2025 02:00,30/08/2025 02:30,17.28,8.50
30/08/2025 02:30,30/08/2025 03:00,16.58,8.19
30/08/2025 03:00,30/08/2025 03:30,16.05,7.96
30/08/2025 03:30,30/08/2025 04:00,15.99,7.94
30/08/2025 04:00,30/08/2025 04:30,16.76,8.27
30/08/2025 04:30,30/08/2025 05:00,16.41,8.12
30/08/2025 05:00,30/08/2025 05:30,17.20,8.47
30/08/2025 05:30,30/08/2025 06:00,17.42,8.56
30/08/2025 06:00,30/08/2025 06:30,18.30,8.95
30/08/2025 06:30,30/08/2025 07:00,19.66,9.54
30/08/2025 07:00,30/08/2025 07:30,18.32,8.96
30/08/2025 07:30,30/08/2025 08:00,19.84,9.63
30/08/2025 08:00,30/08/2025 08:30,17.64,8.66
30/08/2025 08:30,30/08/2025 09:00,18.96,9.24
30/08/2025 09:00,30/08/2025 09:30,18.86,9.19
30/08/2025 09:30,30/08/2025 10:00,17.86,8.76
30/08/2025 10:00,30/08/2025 10:30,16.08,7.97
30/08/2025 10:30,30/08/2025 11:00,15.44,7.69
30/08/2025 11:00,30/08/2025 11:30,15.74,7.82
30/08/2025 11:30,30/08/2025 12:00,16.10,7.98
30/08/2025 12:00,30/08/2025 12:30,14.36,7.22
30/08/2025 12:30,30/08/2025 13:00,12.78,6.52
30/08/2025 13:00,30/08/2025 13:30,9.33,5.01
30/08/2025 13:30,30/08/2025 14:00,7.60,4.25
30/08/2025 14:00,30/08/2025 14:30,4.19,2.74
30/08/2025 14:30,30/08/2025 15:00,2.98,2.21
30/08/2025 15:00,30/08/2025 15:30,3.43,2.41
30/08/2025 15:30,30/08/2025 16:00,3.24,2.33
30/08/2025 16:00,30/08/2025 16:30,23.84,9.23
30/08/2025 16:30,30/08/2025 17:00,26.66,10.47
30/08/2025 17:00,30/08/2025 17:30,28.12,11.11
30/08/2025 17:30,30/08/2025 18:00,27.79,10.97
30/08/2025 18:00,30/08/2025 18:30,27.68,10.92
30/08/2025 18:30,30/08/2025 19:00,27.92,11.03
30/08/2025 19:00,30/08/2025 19:30,14.62,7.33
30/08/2025 19:30,30/08/2025 20:00,14.18,7.14
30/08/2025 20:00,30/08/2025 20:30,15.06,7.53
30/08/2025 20:30,30/08/2025 21:00,13.78,6.96
30/08/2025 21:00,30/08/2025 21:30,12.03,6.19
30/08/2025 21:30,30/08/2025 22:00,8.82,4.78
30/08/2025 22:00,30/08/2025 22:30,9.48,5.07
30/08/2025 22:30,30/08/2025 23:00,6.33,3.68
30/08/2025 23:00,30/08/2025 23:30,2.21,1.87
30/08/2025 23:30,31/08/2025 00:00,0.88,1.29
31/08/2025 00:00,31/08/2025 00:30,0.66,1.19
31/08/2025 00:30,31/08/2025 01:00,0.66,1.19
31/08/2025 01:00,31/08/2025 01:30,0.66,1.19
31/08/2025 01:30,31/08/2025 02:00,1.22,1.43
31/08/2025 02:00,31/08/2025 02:30,0.96,1.32
31/08/2025 02:30,31/08/2025 03:00,1.06,1.37
31/08/2025 03:00,31/08/2025 03:30,0.96,1.32
31/08/2025 03:30,31/08/2025 04:00,0.66,1.19
31/08/2025 04:00,31/08/2025 04:30,0.94,1.32
31/08/2025 04:30,31/08/2025 05:00,0.66,1.19
31/08/2025 05:00,31/08/2025 05:30,0.66,1.19
31/08/2025 05:30,31/08/2025 06:00,0.44,1.09
31/08/2025 06:00,31/08/2025 06:30,-0.96,0.48
31/08/2025 06:30,31/08/2025 07:00,-0.61,0.63
31/08/2025 07:00,31/08/2025 07:30,1.10,1.38
31/08/2025 07:30,31/08/2025 08:00,2.21,1.87
31/08/2025 08:00,31/08/2025 08:30,0.66,1.19
31/08/2025 08:30,31/08/2025 09:00,0.66,1.19
31/08/2025 09:00,31/08/2025 09:30,0.02,0.91
31/08/2025 09:30,31/08/2025 10:00,0.02,0.91
31/08/2025 10:00,31/08/2025 10:30,-0.49,0.68
31/08/2025 10:30,31/08/2025 11:00,0.00,0.90
31/08/2025 11:00,31/08/2025 11:30,0.02,0.91
31/08/2025 11:30,31/08/2025 12:00,0.02,0.91
31/08/2025 12:00,31/08/2025 12:30,-0.44,0.71
31/08/2025 12:30,31/08/2025 13:00,0.00,0.90
31/08/2025 13:00,31/08/2025 13:30,0.02,0.91
31/08/2025 13:30,31/08/2025 14:00,0.02,0.91
31/08/2025 14:00,31/08/2025 14:30,-0.97,0.47
31/08/2025 14:30,31/08/2025 15:00,0.02,0.91
31/08/2025 15:00,31/08/2025 15:30,0.02,0.91
31/08/2025 15:30,31/08/2025 16:00,0.02,0.91
31/08/2025 16:00,31/08/2025 16:30,13.67,4.76
31/08/2025 16:30,31/08/2025 17:00,15.56,5.59
31/08/2025 17:00,31/08/2025 17:30,15.87,5.72
31/08/2025 17:30,31/08/2025 18:00,20.87,7.93
31/08/2025 18:00,31/08/2025 18:30,21.34,8.13
31/08/2025 18:30,31/08/2025 19:00,23.57,9.12
31/08/2025 19:00,31/08/2025 19:30,14.11,7.11
31/08/2025 19:30,31/08/2025 20:00,13.23,6.72
31/08/2025 20:00,31/08/2025 20:30,14.13,7.12
31/08/2025 20:30,31/08/2025 21:00,13.78,6.96
31/08/2025 21:00,31/08/2025 21:30,14.34,7.21
31/08/2025 21:30,31/08/2025 22:00,14.26,7.17
31/08/2025 22:00,31/08/2025 22:30,11.61,6.01
31/08/2025 22:30,31/08/2025 23:00,7.06,4.00
31/08/2025 23:00,31/08/2025 23:30,10.58,5.56
31/08/2025 23:30,01/09/2025 00:00,5.29,3.23
01/09/2025 00:00,01/09/2025 00:30,5.44,3.29
01/09/2025 00:30,01/09/2025 01:00,4.93,3.07
01/09/2025 01:00,01/09/2025 01:30,4.41,2.84
01/09/2025 01:30,01/09/2025 02:00,4.41,2.84
01/09/2025 02:00,01/09/2025 02:30,5.29,3.23
01/09/2025 02:30,01/09/2025 03:00,4.46,2.86
01/09/2025 03:00,01/09/2025 03:30,4.41,2.84
01/09/2025 03:30,01/09/2025 04:00,4.41,2.84
01/09/2025 04:00,01/09/2025 04:30,5.69,3.40
01/09/2025 04:30,01/09/2025 05:00,4.41,2.84
01/09/2025 05:00,01/09/2025 05:30,4.09,2.70
01/09/2025 05:30,01/09/2025 06:00,5.51,3.32
01/09/2025 06:00,01/09/2025 06:30,9.70,5.17
01/09/2025 06:30,01/09/2025 07:00,16.32,8.08
01/09/2025 07:00,01/09/2025 07:30,14.31,7.20
01/09/2025 07:30,01/09/2025 08:00,16.12,7.99
01/09/2025 08:00,01/09/2025 08:30,17.64,8.66
01/09/2025 08:30,01/09/2025 09:00,18.67,9.11
01/09/2025 09:00,01/09/2025 09:30,17.26,8.50
01/09/2025 09:30,01/09/2025 10:00,14.41,7.24
01/09/2025 10:00,01/09/2025 10:30,14.55,7.30
01/09/2025 10:30,01/09/2025 11:00,13.20,6.70
01/09/2025 11:00,01/09/2025 11:30,9.70,5.17
01/09/2025 11:30,01/09/2025 12:00,7.86,4.36
01/09/2025 12:00,01/09/2025 12:30,6.39,3.71
01/09/2025 12:30,01/09/2025 13:00,5.29,3.23
01/09/2025 13:00,01/09/2025 13:30,3.42,2.40
01/09/2025 13:30,01/09/2025 14:00,2.21,1.87
01/09/2025 14:00,01/09/2025 14:30,6.93,3.95
01/09/2025 14:30,01/09/2025 15:00,6.12,3.59
01/09/2025 15:00,01/09/2025 15:30,7.06,4.00
01/09/2025 15:30,01/09/2025 16:00,9.18,4.94
01/09/2025 16:00,01/09/2025 16:30,28.57,11.31
01/09/2025 16:30,01/09/2025 17:00,31.73,12.70
01/09/2025 17:00,01/09/2025 17:30,29.09,11.54
01/09/2025 17:30,01/09/2025 18:00,32.01,12.83
01/09/2025 18:00,01/09/2025 18:30,34.76,14.03
01/09/2025 18:30,01/09/2025 19:00,35.48,14.35
01/09/2025 19:00,01/09/2025 19:30,23.24,11.12
01/09/2025 19:30,01/09/2025 20:00,23.00,11.02
01/09/2025 20:00,01/09/2025 20:30,22.77,10.92
01/09/2025 20:30,01/09/2025 21:00,21.89,10.53
01/09/2025 21:00,01/09/2025 21:30,22.05,10.60
01/09/2025 21:30,01/09/2025 22:00,18.31,8.95
01/09/2025 22:00,01/09/2025 22:30,17.54,8.61
01/09/2025 22:30,01/09/2025 23:00,15.88,7.88
01/09/2025 23:00,01/09/2025 23:30,15.44,7.69
01/09/2025 23:30,02/09/2025 00:00,15.44,7.69
02/09/2025 00:00,02/09/2025 00:30,15.88,7.88
02/09/2025 00:30,02/09/2025 01:00,15.88,7.88
02/09/2025 01:00,02/09/2025 01:30,15.44,7.69
02/09/2025 01:30,02/09/2025 02:00,15.44,7.69
02/09/2025 02:00,02/09/2025 02:30,15.44,7.69
02/09/2025 02:30,02/09/2025 03:00,15.44,7.69
02/09/2025 03:00,02/09/2025 03:30,15.44,7.69
02/09/2025 03:30,02/09/2025 04:00,15.66,7.79
02/09/2025 04:00,02/09/2025 04:30,17.64,8.66
02/09/2025 04:30,02/09/2025 05:00,17.64,8.66
02/09/2025 05:00,02/09/2025 05:30,18.52,9.05
02/09/2025 05:30,02/09/2025 06:00,18.52,9.05
02/09/2025 06:00,02/09/2025 06:30,19.18,9.34
02/09/2025 06:30,02/09/2025 07:00,19.40,9.44
02/09/2025 07:00,02/09/2025 07:30,20.18,9.78
02/09/2025 07:30,02/09/2025 08:00,21.35,10.29
02/09/2025 08:00,02/09/2025 08:30,20.57,9.95
02/09/2025 08:30,02/09/2025 09:00,19.62,9.53
02/09/2025 09:00,02/09/2025 09:30,19.84,9.63
02/09/2025 09:30,02/09/2025 10:00,18.88,9.21
02/09/2025 10:00,02/09/2025 10:30,16.98,8.37
02/09/2025 10:30,02/09/2025 11:00,16.98,8.37
02/09/2025 11:00,02/09/2025 11:30,16.60,8.20
02/09/2025 11:30,02/09/2025 12:00,16.54,8.18
02/09/2025 12:00,02/09/2025 12:30,16.54,8.18
02/09/2025 12:30,02/09/2025 13:00,16.54,8.18
02/09/2025 13:00,02/09/2025 13:30,16.34,8.09
02/09/2025 13:30,02/09/2025 14:00,16.10,7.98
02/09/2025 14:00,02/09/2025 14:30,16.52,8.17
02/09/2025 14:30,02/09/2025 15:00,16.65,8.22
02/09/2025 15:00,02/09/2025 15:30,16.99,8.37
02/09/2025 15:30,02/09/2025 16:00,16.72,8.25
02/09/2025 16:00,02/09/2025 16:30,31.36,12.54
02/09/2025 16:30,02/09/2025 17:00,32.39,13.00
02/09/2025 17:00,02/09/2025 17:30,33.94,13.67
02/09/2025 17:30,02/09/2025 18:00,35.36,14.30
02/09/2025 18:00,02/09/2025 18:30,36.42,14.77
02/09/2025 18:30,02/09/2025 19:00,36.58,14.84
02/09/2025 19:00,02/09/2025 19:30,23.37,11.18
02/09/2025 19:30,02/09/2025 20:00,23.35,11.17
02/09/2025 20:00,02/09/2025 20:30,21.71,10.45
02/09/2025 20:30,02/09/2025 21:00,20.62,9.97
02/09/2025 21:00,02/09/2025 21:30,18.99,9.26
02/09/2025 21:30,02/09/2025 22:00,17.20,8.47
02/09/2025 22:00,02/09/2025 22:30,18.56,9.07
02/09/2025 22:30,02/09/2025 23:00,15.44,7.69
02/09/2025 23:00,02/09/2025 23:30,16.98,8.37
02/09/2025 23:30,03/09/2025 00:00,18.30,8.95
03/09/2025 00:00,03/09/2025 00:30,17.32,8.52
03/09/2025 00:30,03/09/2025 01:00,16.80,8.29
03/09/2025 01:00,03/09/2025 01:30,16.21,8.03
03/09/2025 01:30,03/09/2025 02:00,16.14,8.00
03/09/2025 02:00,03/09/2025 02:30,15.67,7.79
03/09/2025 02:30,03/09/2025 03:00,14.99,7.50
03/09/2025 03:00,03/09/2025 03:30,15.24,7.60
03/09/2025 03:30,03/09/2025 04:00,15.24,7.60
03/09/2025 04:00,03/09/2025 04:30,15.69,7.80
03/09/2025 04:30,03/09/2025 05:00,15.44,7.69
03/09/2025 05:00,03/09/2025 05:30,16.33,8.08
03/09/2025 05:30,03/09/2025 06:00,16.47,8.15
03/09/2025 06:00,03/09/2025 06:30,18.30,8.95
03/09/2025 06:30,03/09/2025 07:00,20.81,10.06
03/09/2025 07:00,03/09/2025 07:30,19.45,9.46
03/09/2025 07:30,03/09/2025 08:00,20.95,10.12
03/09/2025 08:00,03/09/2025 08:30,20.44,9.89
03/09/2025 08:30,03/09/2025 09:00,20.42,9.88
03/09/2025 09:00,03/09/2025 09:30,19.84,9.63
03/09/2025 09:30,03/09/2025 10:00,18.96,9.24
03/09/2025 10:00,03/09/2025 10:30,20.07,9.73
03/09/2025 10:30,03/09/2025 11:00,19.50,9.48
03/09/2025 11:00,03/09/2025 11:30,17.00,8.38
03/09/2025 11:30,03/09/2025 12:00,17.66,8.67
03/09/2025 12:00,03/09/2025 12:30,18.06,8.84
03/09/2025 12:30,03/09/2025 13:00,17.86,8.76
03/09/2025 13:00,03/09/2025 13:30,16.19,8.02
03/09/2025 13:30,03/09/2025 14:00,15.63,7.78
03/09/2025 14:00,03/09/2025 14:30,15.55,7.74
03/09/2025 14:30,03/09/2025 15:00,15.21,7.59
03/09/2025 15:00,03/09/2025 15:30,13.57,6.87
03/09/2025 15:30,03/09/2025 16:00,14.99,7.50
03/09/2025 16:00,03/09/2025 16:30,26.88,10.57
03/09/2025 16:30,03/09/2025 17:00,29.21,11.60
03/09/2025 17:00,03/09/2025 17:30,29.97,11.93
03/09/2025 17:30,03/09/2025 18:00,34.07,13.73
03/09/2025 18:00,03/09/2025 18:30,35.40,14.31
03/09/2025 18:30,03/09/2025 19:00,35.10,14.19
03/09/2025 19:00,03/09/2025 19:30,20.73,10.02
03/09/2025 19:30,03/09/2025 20:00,20.75,10.03
03/09/2025 20:00,03/09/2025 20:30,21.17,10.21
03/09/2025 20:30,03/09/2025 21:00,19.25,9.37
03/09/2025 21:00,03/09/2025 21:30,17.44,8.57
03/09/2025 21:30,03/09/2025 22:00,11.03,5.75
03/09/2025 22:00,03/09/2025 22:30,12.35,6.33
03/09/2025 22:30,03/09/2025 23:00,7.94,4.39
03/09/2025 23:00,03/09/2025 23:30,11.13,5.80
03/09/2025 23:30,04/09/2025 00:00,9.29,4.99
04/09/2025 00:00,04/09/2025 00:30,8.82,4.78
04/09/2025 00:30,04/09/2025 01:00,8.62,4.69
04/09/2025 01:00,04/09/2025 01:30,8.79,4.77
04/09/2025 01:30,04/09/2025 02:00,9.44,5.05
04/09/2025 02:00,04/09/2025 02:30,10.07,5.33
04/09/2025 02:30,04/09/2025 03:00,7.60,4.25
04/09/2025 03:00,04/09/2025 03:30,9.04,4.88
04/09/2025 03:30,04/09/2025 04:00,9.47,5.06
04/09/2025 04:00,04/09/2025 04:30,11.69,6.04
04/09/2025 04:30,04/09/2025 05:00,11.69,6.04
04/09/2025 05:00,04/09/2025 05:30,15.37,7.66
04/09/2025 05:30,04/09/2025 06:00,16.32,8.08
04/09/2025 06:00,04/09/2025 06:30,16.76,8.27
04/09/2025 06:30,04/09/2025 07:00,19.40,9.44
04/09/2025 07:00,04/09/2025 07:30,18.52,9.05
04/09/2025 07:30,04/09/2025 08:00,20.20,9.79
04/09/2025 08:00,04/09/2025 08:30,20.72,10.01
04/09/2025 08:30,04/09/2025 09:00,20.03,9.72
04/09/2025 09:00,04/09/2025 09:30,19.84,9.63
04/09/2025 09:30,04/09/2025 10:00,18.78,9.16
04/09/2025 10:00,04/09/2025 10:30,19.05,9.28
04/09/2025 10:30,04/09/2025 11:00,18.50,9.04
04/09/2025 11:00,04/09/2025 11:30,17.62,8.65
04/09/2025 11:30,04/09/2025 12:00,16.40,8.12
04/09/2025 12:00,04/09/2025 12:30,15.21,7.59
04/09/2025 12:30,04/09/2025 13:00,13.67,6.91
04/09/2025 13:00,04/09/2025 13:30,13.01,6.62
04/09/2025 13:30,04/09/2025 14:00,11.91,6.14
04/09/2025 14:00,04/09/2025 14:30,13.93,7.03
04/09/2025 14:30,04/09/2025 15:00,13.67,6.91
04/09/2025 15:00,04/09/2025 15:30,14.09,7.10
04/09/2025 15:30,04/09/2025 16:00,14.55,7.30
04/09/2025 16:00,04/09/2025 16:30,31.11,12.43
04/09/2025 16:30,04/09/2025 17:00,33.05,13.29
04/09/2025 17:00,04/09/2025 17:30,34.05,13.72
04/09/2025 17:30,04/09/2025 18:00,36.93,14.99
04/09/2025 18:00,04/09/2025 18:30,37.36,15.18
04/09/2025 18:30,04/09/2025 19:00,38.16,15.53
04/09/2025 19:00,04/09/2025 19:30,25.98,12.33
04/09/2025 19:30,04/09/2025 20:00,26.02,12.35
04/09/2025 20:00,04/09/2025 20:30,24.78,11.80
04/09/2025 20:30,04/09/2025 21:00,22.60,10.84
04/09/2025 21:00,04/09/2025 21:30,20.42,9.88
04/09/2025 21:30,04/09/2025 22:00,17.03,8.39
04/09/2025 22:00,04/09/2025 22:30,17.70,8.69
04/09/2025 22:30,04/09/2025 23:00,16.76,8.27
04/09/2025 23:00,04/09/2025 23:30,15.88,7.88
04/09/2025 23:30,05/09/2025 00:00,14.66,7.35
05/09/2025 00:00,05/09/2025 00:30,15.74,7.83
05/09/2025 00:30,05/09/2025 01:00,14.71,7.37
05/09/2025 01:00,05/09/2025 01:30,15.29,7.63
05/09/2025 01:30,05/09/2025 02:00,15.50,7.72
05/09/2025 02:00,05/09/2025 02:30,15.35,7.65
05/09/2025 02:30,05/09/2025 03:00,14.66,7.35
05/09/2025 03:00,05/09/2025 03:30,14.77,7.40
05/09/2025 03:30,05/09/2025 04:00,14.66,7.35
05/09/2025 04:00,05/09/2025 04:30,15.44,7.69
05/09/2025 04:30,05/09/2025 05:00,14.87,7.44
05/09/2025 05:00,05/09/2025 05:30,14.97,7.49
05/09/2025 05:30,05/09/2025 06:00,16.78,8.28
05/09/2025 06:00,05/09/2025 06:30,20.29,9.82
05/09/2025 06:30,05/09/2025 07:00,20.95,10.12
05/09/2025 07:00,05/09/2025 07:30,21.17,10.21
05/09/2025 07:30,05/09/2025 08:00,23.09,11.06
05/09/2025 08:00,05/09/2025 08:30,22.18,10.65
05/09/2025 08:30,05/09/2025 09:00,20.73,10.02
05/09/2025 09:00,05/09/2025 09:30,17.71,8.69
05/09/2025 09:30,05/09/2025 10:00,17.20,8.47
05/09/2025 10:00,05/09/2025 10:30,17.42,8.56
05/09/2025 10:30,05/09/2025 11:00,16.32,8.08
05/09/2025 11:00,05/09/2025 11:30,15.49,7.71
05/09/2025 11:30,05/09/2025 12:00,15.36,7.66
05/09/2025 12:00,05/09/2025 12:30,15.24,7.60
05/09/2025 12:30,05/09/2025 13:00,15.21,7.59
05/09/2025 13:00,05/09/2025 13:30,15.91,7.90
05/09/2025 13:30,05/09/2025 14:00,15.76,7.83
05/09/2025 14:00,05/09/2025 14:30,15.71,7.81
05/09/2025 14:30,05/09/2025 15:00,15.71,7.81
05/09/2025 15:00,05/09/2025 15:30,16.42,8.12
05/09/2025 15:30,05/09/2025 16:00,17.28,8.50
05/09/2025 16:00,05/09/2025 16:30,28.70,11.37
05/09/2025 16:30,05/09/2025 17:00,30.59,12.20
05/09/2025 17:00,05/09/2025 17:30,28.86,11.44
05/09/2025 17:30,05/09/2025 18:00,34.30,13.84
05/09/2025 18:00,05/09/2025 18:30,37.24,15.13
05/09/2025 18:30,05/09/2025 19:00,39.01,15.90
05/09/2025 19:00,05/09/2025 19:30,26.57,12.59
05/09/2025 19:30,05/09/2025 20:00,27.52,13.01
05/09/2025 20:00,05/09/2025 20:30,22.73,10.90
05/09/2025 20:30,05/09/2025 21:00,19.29,9.38
05/09/2025 21:00,05/09/2025 21:30,21.52,10.37
05/09/2025 21:30,05/09/2025 22:00,17.64,8.66
05/09/2025 22:00,05/09/2025 22:30,18.83,9.18
05/09/2025 22:30,05/09/2025 23:00,15.21,7.59
05/09/2025 23:00,05/09/2025 23:30,17.86,8.76
05/09/2025 23:30,06/09/2025 00:00,18.47,9.02
06/09/2025 00:00,06/09/2025 00:30,18.35,8.98
06/09/2025 00:30,06/09/2025 01:00,18.96,9.24
06/09/2025 01:00,06/09/2025 01:30,18.74,9.14
06/09/2025 01:30,06/09/2025 02:00,18.71,9.13
06/09/2025 02:00,06/09/2025 02:30,17.87,8.76
06/09/2025 02:30,06/09/2025 03:00,16.76,8.27
06/09/2025 03:00,06/09/2025 03:30,16.91,8.34
06/09/2025 03:30,06/09/2025 04:00,16.54,8.18
06/09/2025 04:00,06/09/2025 04:30,16.68,8.24
06/09/2025 04:30,06/09/2025 05:00,15.57,7.75
06/09/2025 05:00,06/09/2025 05:30,17.18,8.46
06/09/2025 05:30,06/09/2025 06:00,16.76,8.27
06/09/2025 06:00,06/09/2025 06:30,18.36,8.98
06/09/2025 06:30,06/09/2025 07:00,18.01,8.82
06/09/2025 07:00,06/09/2025 07:30,17.57,8.63
06/09/2025 07:30,06/09/2025 08:00,18.86,9.20
06/09/2025 08:00,06/09/2025 08:30,16.96,8.36
06/09/2025 08:30,06/09/2025 09:00,18.28,8.94
06/09/2025 09:00,06/09/2025 09:30,18.07,8.85
06/09/2025 09:30,06/09/2025 10:00,16.11,7.99
06/09/2025 10:00,06/09/2025 10:30,12.14,6.24
06/09/2025 10:30,06/09/2025 11:00,8.46,4.62
06/09/2025 11:00,06/09/2025 11:30,3.94,2.63
06/09/2025 11:30,06/09/2025 12:00,2.03,1.79
06/09/2025 12:00,06/09/2025 12:30,4.37,2.82
06/09/2025 12:30,06/09/2025 13:00,2.02,1.79
06/09/2025 13:00,06/09/2025 13:30,1.54,1.58
06/09/2025 13:30,06/09/2025 14:00,1.10,1.38
06/09/2025 14:00,06/09/2025 14:30,0.69,1.20
06/09/2025 14:30,06/09/2025 15:00,0.18,0.98
06/09/2025 15:00,06/09/2025 15:30,2.54,2.02
06/09/2025 15:30,06/09/2025 16:00,3.53,2.45
06/09/2025 16:00,06/09/2025 16:30,20.04,7.56
06/09/2025 16:30,06/09/2025 17:00,28.54,11.30
06/09/2025 17:00,06/09/2025 17:30,24.00,9.30
06/09/2025 17:30,06/09/2025 18:00,29.53,11.73
06/09/2025 18:00,06/09/2025 18:30,27.89,11.01
06/09/2025 18:30,06/09/2025 19:00,28.98,11.49
06/09/2025 19:00,06/09/2025 19:30,15.44,7.69
06/09/2025 19:30,06/09/2025 20:00,14.72,7.38
06/09/2025 20:00,06/09/2025 20:30,14.99,7.50
06/09/2025 20:30,06/09/2025 21:00,11.38,5.91
06/09/2025 21:00,06/09/2025 21:30,12.04,6.20
06/09/2025 21:30,06/09/2025 22:00,7.94,4.39
06/09/2025 22:00,06/09/2025 22:30,3.82,2.58
06/09/2025 22:30,06/09/2025 23:00,0.00,0.90
06/09/2025 23:00,06/09/2025 23:30,0.00,0.90
06/09/2025 23:30,07/09/2025 00:00,-0.50,0.68
07/09/2025 00:00,07/09/2025 00:30,0.00,0.90
07/09/2025 00:30,07/09/2025 01:00,0.38,1.06
07/09/2025 01:00,07/09/2025 01:30,1.64,1.62
07/09/2025 01:30,07/09/2025 02:00,3.21,2.31
07/09/2025 02:00,07/09/2025 02:30,4.41,2.84
07/09/2025 02:30,07/09/2025 03:00,2.65,2.06
07/09/2025 03:00,07/09/2025 03:30,0.72,1.22
07/09/2025 03:30,07/09/2025 04:00,0.00,0.90
07/09/2025 04:00,07/09/2025 04:30,1.64,1.62
07/09/2025 04:30,07/09/2025 05:00,2.03,1.79
07/09/2025 05:00,07/09/2025 05:30,2.03,1.79
07/09/2025 05:30,07/09/2025 06:00,2.03,1.79
07/09/2025 06:00,07/09/2025 06:30,2.03,1.79
07/09/2025 06:30,07/09/2025 07:00,1.41,1.52
07/09/2025 07:00,07/09/2025 07:30,0.70,1.21
07/09/2025 07:30,07/09/2025 08:00,0.44,1.09
07/09/2025 08:00,07/09/2025 08:30,1.33,1.49
07/09/2025 08:30,07/09/2025 09:00,4.41,2.84
07/09/2025 09:00,07/09/2025 09:30,-0.44,0.71
07/09/2025 09:30,07/09/2025 10:00,0.22,1.00
07/09/2025 10:00,07/09/2025 10:30,-0.96,0.48
07/09/2025 10:30,07/09/2025 11:00,-0.15,0.83
07/09/2025 11:00,07/09/2025 11:30,-1.64,0.18
07/09/2025 11:30,07/09/2025 12:00,-4.12,0.00
07/09/2025 12:00,07/09/2025 12:30,-4.59,0.00
07/09/2025 12:30,07/09/2025 13:00,-3.04,0.00
07/09/2025 13:00,07/09/2025 13:30,-1.50,0.24
07/09/2025 13:30,07/09/2025 14:00,-2.73,0.00
07/09/2025 14:00,07/09/2025 14:30,-2.67,0.00
07/09/2025 14:30,07/09/2025 15:00,0.16,0.97
07/09/2025 15:00,07/09/2025 15:30,-0.50,0.68
07/09/2025 15:30,07/09/2025 16:00,4.41,2.84
07/09/2025 16:00,07/09/2025 16:30,15.77,5.68
07/09/2025 16:30,07/09/2025 17:00,29.53,11.73
07/09/2025 17:00,07/09/2025 17:30,30.93,12.35
07/09/2025 17:30,07/09/2025 18:00,35.88,14.53
07/09/2025 18:00,07/09/2025 18:30,31.29,12.51
07/09/2025 18:30,07/09/2025 19:00,32.83,13.19
07/09/2025 19:00,07/09/2025 19:30,18.70,9.13
07/09/2025 19:30,07/09/2025 20:00,18.70,9.13
07/09/2025 20:00,07/09/2025 20:30,19.76,9.59
07/09/2025 20:30,07/09/2025 21:00,18.34,8.97
07/09/2025 21:00,07/09/2025 21:30,17.86,8.76
07/09/2025 21:30,07/09/2025 22:00,12.35,6.33
07/09/2025 22:00,07/09/2025 22:30,20.00,9.70
07/09/2025 22:30,07/09/2025 23:00,13.89,7.01
07/09/2025 23:00,07/09/2025 23:30,14.89,7.45
07/09/2025 23:30,08/09/2025 00:00,13.45,6.82
08/09/2025 00:00,08/09/2025 00:30,12.68,6.48
08/09/2025 00:30,08/09/2025 01:00,12.13,6.24
08/09/2025 01:00,08/09/2025 01:30,11.91,6.14
08/09/2025 01:30,08/09/2025 02:00,12.98,6.61
08/09/2025 02:00,08/09/2025 02:30,13.93,7.03
08/09/2025 02:30,08/09/2025 03:00,13.93,7.03
08/09/2025 03:00,08/09/2025 03:30,14.95,7.48
08/09/2025 03:30,08/09/2025 04:00,14.55,7.30
08/09/2025 04:00,08/09/2025 04:30,15.21,7.59
08/09/2025 04:30,08/09/2025 05:00,15.21,7.59
08/09/2025 05:00,08/09/2025 05:30,19.18,9.34
08/09/2025 05:30,08/09/2025 06:00,18.52,9.05
08/09/2025 06:00,08/09/2025 06:30,19.76,9.59
08/09/2025 06:30,08/09/2025 07:00,22.05,10.60
08/09/2025 07:00,08/09/2025 07:30,24.09,11.50
08/09/2025 07:30,08/09/2025 08:00,25.05,11.92
08/09/2025 08:00,08/09/2025 08:30,23.37,11.18
08/09/2025 08:30,08/09/2025 09:00,22.57,10.83
08/09/2025 09:00,08/09/2025 09:30,19.40,9.44
08/09/2025 09:30,08/09/2025 10:00,18.96,9.24
08/09/2025 10:00,08/09/2025 10:30,18.96,9.24
08/09/2025 10:30,08/09/2025 11:00,18.98,9.25
08/09/2025 11:00,08/09/2025 11:30,16.96,8.36
08/09/2025 11:30,08/09/2025 12:00,16.61,8.21
08/09/2025 12:00,08/09/2025 12:30,17.72,8.69
08/09/2025 12:30,08/09/2025 13:00,16.00,7.94
08/09/2025 13:00,08/09/2025 13:30,14.99,7.50
08/09/2025 13:30,08/09/2025 14:00,13.67,6.91
08/09/2025 14:00,08/09/2025 14:30,14.56,7.31
08/09/2025 14:30,08/09/2025 15:00,13.76,6.95
08/09/2025 15:00,08/09/2025 15:30,16.94,8.35
08/09/2025 15:30,08/09/2025 16:00,17.28,8.50
08/09/2025 16:00,08/09/2025 16:30,31.99,12.82
08/09/2025 16:30,08/09/2025 17:00,33.01,13.27
08/09/2025 17:00,08/09/2025 17:30,36.80,14.94
08/09/2025 17:30,08/09/2025 18:00,40.41,16.52
08/09/2025 18:00,08/09/2025 18:30,42.31,17.36
08/09/2025 18:30,08/09/2025 19:00,42.31,17.36
08/09/2025 19:00,08/09/2025 19:30,31.50,14.76
08/09/2025 19:30,08/09/2025 20:00,31.97,14.96
08/09/2025 20:00,08/09/2025 20:30,29.55,13.90
08/09/2025 20:30,08/09/2025 21:00,27.34,12.93
08/09/2025 21:00,08/09/2025 21:30,25.49,12.11
08/09/2025 21:30,08/09/2025 22:00,21.17,10.21
08/09/2025 22:00,08/09/2025 22:30,18.80,9.17
08/09/2025 22:30,08/09/2025 23:00,18.46,9.02
08/09/2025 23:00,08/09/2025 23:30,14.89,7.45
08/09/2025 23:30,09/09/2025 00:00,13.45,6.82
09/09/2025 00:00,09/09/2025 00:30,12.68,6.48
09/09/2025 00:30,09/09/2025 01:00,12.13,6.24
09/09/2025 01:00,09/09/2025 01:30,11.91,6.14
09/09/2025 01:30,09/09/2025 02:00,12.98,6.61
09/09/2025 02:00,09/09/2025 02:30,13.93,7.03
09/09/2025 02:30,09/09/2025 03:00,13.93,7.03
09/09/2025 03:00,09/09/2025 03:30,14.95,7.48
09/09/2025 03:30,09/09/2025 04:00,14.55,7.30
09/09/2025 04:00,09/09/2025 04:30,15.21,7.59
09/09/2025 04:30,09/09/2025 05:00,15.21,7.59
09/09/2025 05:00,09/09/2025 05:30,19.18,9.34
09/09/2025 05:30,09/09/2025 06:00,18.52,9.05
09/09/2025 06:00,09/09/2025 06:30,19.76,9.59
09/09/2025 06:30,09/09/2025 07:00,22.05,10.60
09/09/2025 07:00,09/09/2025 07:30,24.09,11.50
09/09/2025 07:30,09/09/2025 08:00,25.05,11.92
09/09/2025 08:00,09/09/2025 08:30,23.37,11.18
09/09/2025 08:30,09/09/2025 09:00,22.57,10.83
09/09/2025 09:00,09/09/2025 09:30,19.40,9.44
09/09/2025 09:30,09/09/2025 10:00,18.96,9.24
09/09/2025 10:00,09/09/2025 10:30,18.96,9.24
09/09/2025 10:30,09/09/2025 11:00,18.98,9.25
09/09/2025 11:00,09/09/2025 11:30,16.96,8.36
09/09/2025 11:30,09/09/2025 12:00,16.61,8.21
09/09/2025 12:00,09/09/2025 12:30,17.72,8.69
09/09/2025 12:30,09/09/2025 13:00,16.00,7.94
09/09/2025 13:00,09/09/2025 13:30,14.99,7.50
09/09/2025 13:30,09/09/2025 14:00,13.67,6.91
09/09/2025 14:00,09/09/2025 14:30,14.56,7.31
09/09/2025 14:30,09/09/2025 15:00,13.76,6.95
09/09/2025 15:00,09/09/2025 15:30,16.94,8.35
09/09/2025 15:30,09/09/2025 16:00,17.28,8.50
09/09/2025 16:00,09/09/2025 16:30,31.99,12.82
09/09/2025 16:30,09/09/2025 17:00,33.01,13.27
09/09/2025 17:00,09/09/2025 17:30,36.80,14.94
09/09/2025 17:30,09/09/2025 18:00,40.41,16.52
09/09/2025 18:00,09/09/2025 18:30,42.31,17.36
09/09/2025 18:30,09/09/2025 19:00,42.31,17.36
09/09/2025 19:00,09/09/2025 19:30,31.50,14.76
09/09/2025 19:30,09/09/2025 20:00,31.97,14.96
09/09/2025 20:00,09/09/2025 20:30,29.55,13.90
09/09/2025 20:30,09/09/2025 21:00,27.34,12.93
09/09/2025 21:00,09/09/2025 21:30,25.49,12.11
09/09/2025 21:30,09/09/2025 22:00,21.17,10.21
09/09/2025 22:00,09/09/2025 22:30,18.80,9.17
09/09/2025 22:30,09/09/2025 23:00,18.46,9.02
09/09/2025 23:00,09/09/2025 23:30,14.99,7.50
09/09/2025 23:30,10/09/2025 00:00,10.58,5.56
10/09/2025 00:00,10/09/2025 00:30,11.47,5.94
10/09/2025 00:30,10/09/2025 01:00,10.58,5.56
10/09/2025 01:00,10/09/2025 01:30,13.48,6.83
10/09/2025 01:30,10/09/2025 02:00,11.95,6.16
10/09/2025 02:00,10/09/2025 02:30,14.97,7.49
10/09/2025 02:30,10/09/2025 03:00,10.16,5.37
10/09/2025 03:00,10/09/2025 03:30,13.45,6.82
10/09/2025 03:30,10/09/2025 04:00,12.21,6.27
10/09/2025 04:00,10/09/2025 04:30,13.52,6.85
10/09/2025 04:30,10/09/2025 05:00,13.34,6.77
10/09/2025 05:00,10/09/2025 05:30,10.58,5.56
10/09/2025 05:30,10/09/2025 06:00,14.01,7.06
10/09/2025 06:00,10/09/2025 06:30,18.52,9.05
10/09/2025 06:30,10/09/2025 07:00,23.02,11.03
10/09/2025 07:00,10/09/2025 07:30,21.40,10.31
10/09/2025 07:30,10/09/2025 08:00,25.83,12.26
10/09/2025 08:00,10/09/2025 08:30,22.63,10.86
10/09/2025 08:30,10/09/2025 09:00,21.97,10.56
10/09/2025 09:00,10/09/2025 09:30,19.87,9.64
10/09/2025 09:30,10/09/2025 10:00,16.40,8.11
10/09/2025 10:00,10/09/2025 10:30,18.10,8.86
10/09/2025 10:30,10/09/2025 11:00,14.35,7.21
10/09/2025 11:00,10/09/2025 11:30,15.21,7.59
10/09/2025 11:30,10/09/2025 12:00,13.36,6.78
10/09/2025 12:00,10/09/2025 12:30,14.47,7.26
10/09/2025 12:30,10/09/2025 13:00,12.34,6.33
10/09/2025 13:00,10/09/2025 13:30,15.54,7.74
10/09/2025 13:30,10/09/2025 14:00,14.15,7.13
10/09/2025 14:00,10/09/2025 14:30,15.24,7.60
10/09/2025 14:30,10/09/2025 15:00,13.18,6.70
10/09/2025 15:00,10/09/2025 15:30,14.01,7.06
10/09/2025 15:30,10/09/2025 16:00,16.15,8.01
10/09/2025 16:00,10/09/2025 16:30,27.06,10.65
10/09/2025 16:30,10/09/2025 17:00,32.88,13.21
10/09/2025 17:00,10/09/2025 17:30,33.93,13.67
10/09/2025 17:30,10/09/2025 18:00,38.01,15.46
10/09/2025 18:00,10/09/2025 18:30,35.76,14.48
10/09/2025 18:30,10/09/2025 19:00,36.14,14.64
10/09/2025 19:00,10/09/2025 19:30,22.27,10.70
10/09/2025 19:30,10/09/2025 20:00,22.43,10.77
10/09/2025 20:00,10/09/2025 20:30,22.27,10.70
10/09/2025 20:30,10/09/2025 21:00,17.88,8.77
10/09/2025 21:00,10/09/2025 21:30,17.75,8.71
10/09/2025 21:30,10/09/2025 22:00,12.74,6.50
10/09/2025 22:00,10/09/2025 22:30,12.96,6.60
10/09/2025 22:30,10/09/2025 23:00,4.85,3.03
10/09/2025 23:00,10/09/2025 23:30,4.33,2.80
10/09/2025 23:30,11/09/2025 00:00,-1.32,0.32
11/09/2025 00:00,11/09/2025 00:30,4.14,2.72
11/09/2025 00:30,11/09/2025 01:00,3.92,2.62
11/09/2025 01:00,11/09/2025 01:30,3.32,2.36
11/09/2025 01:30,11/09/2025 02:00,2.28,1.90
11/09/2025 02:00,11/09/2025 02:30,2.06,1.80
11/09/2025 02:30,11/09/2025 03:00,-0.22,0.80
11/09/2025 03:00,11/09/2025 03:30,0.22,1.00
11/09/2025 03:30,11/09/2025 04:00,-1.32,0.32
11/09/2025 04:00,11/09/2025 04:30,1.98,1.77
11/09/2025 04:30,11/09/2025 05:00,1.11,1.39
11/09/2025 05:00,11/09/2025 05:30,1.85,1.71
11/09/2025 05:30,11/09/2025 06:00,1.98,1.77
11/09/2025 06:00,11/09/2025 06:30,8.82,4.78
11/09/2025 06:30,11/09/2025 07:00,16.98,8.37
11/09/2025 07:00,11/09/2025 07:30,13.67,6.91
11/09/2025 07:30,11/09/2025 08:00,15.44,7.69
11/09/2025 08:00,11/09/2025 08:30,14.89,7.45
11/09/2025 08:30,11/09/2025 09:00,13.91,7.02
11/09/2025 09:00,11/09/2025 09:30,13.86,7.00
11/09/2025 09:30,11/09/2025 10:00,10.14,5.36
11/09/2025 10:00,11/09/2025 10:30,4.79,3.01
11/09/2025 10:30,11/09/2025 11:00,2.21,1.87
11/09/2025 11:00,11/09/2025 11:30,2.21,1.87
11/09/2025 11:30,11/09/2025 12:00,2.21,1.87
11/09/2025 12:00,11/09/2025 12:30,1.95,1.76
11/09/2025 12:30,11/09/2025 13:00,1.05,1.36
11/09/2025 13:00,11/09/2025 13:30,1.76,1.68
11/09/2025 13:30,11/09/2025 14:00,0.66,1.19
11/09/2025 14:00,11/09/2025 14:30,1.76,1.68
11/09/2025 14:30,11/09/2025 15:00,1.90,1.74
11/09/2025 15:00,11/09/2025 15:30,-0.78,0.56
11/09/2025 15:30,11/09/2025 16:00,4.08,2.70
11/09/2025 16:00,11/09/2025 16:30,23.17,8.94
11/09/2025 16:30,11/09/2025 17:00,29.09,11.54
11/09/2025 17:00,11/09/2025 17:30,32.41,13.00
11/09/2025 17:30,11/09/2025 18:00,34.14,13.76
11/09/2025 18:00,11/09/2025 18:30,36.14,14.64
11/09/2025 18:30,11/09/2025 19:00,38.22,15.56
11/09/2025 19:00,11/09/2025 19:30,23.28,11.14
11/09/2025 19:30,11/09/2025 20:00,23.39,11.19
11/09/2025 20:00,11/09/2025 20:30,24.02,11.47
11/09/2025 20:30,11/09/2025 21:00,20.34,9.85
11/09/2025 21:00,11/09/2025 21:30,18.96,9.24
11/09/2025 21:30,11/09/2025 22:00,16.63,8.22
11/09/2025 22:00,11/09/2025 22:30,16.71,8.25
11/09/2025 22:30,11/09/2025 23:00,12.13,6.24
11/09/2025 23:00,11/09/2025 23:30,0.90,1.30
11/09/2025 23:30,12/09/2025 00:00,-3.09,0.00
12/09/2025 00:00,12/09/2025 00:30,0.00,0.90
12/09/2025 00:30,12/09/2025 01:00,0.00,0.90
12/09/2025 01:00,12/09/2025 01:30,0.00,0.90
12/09/2025 01:30,12/09/2025 02:00,0.41,1.08
12/09/2025 02:00,12/09/2025 02:30,-0.22,0.80
12/09/2025 02:30,12/09/2025 03:00,-0.22,0.80
12/09/2025 03:00,12/09/2025 03:30,0.00,0.90
12/09/2025 03:30,12/09/2025 04:00,0.21,0.99
12/09/2025 04:00,12/09/2025 04:30,0.44,1.09
12/09/2025 04:30,12/09/2025 05:00,0.93,1.31
12/09/2025 05:00,12/09/2025 05:30,0.02,0.91
12/09/2025 05:30,12/09/2025 06:00,0.20,0.99
12/09/2025 06:00,12/09/2025 06:30,1.54,1.58
12/09/2025 06:30,12/09/2025 07:00,9.92,5.26
12/09/2025 07:00,12/09/2025 07:30,6.39,3.71
12/09/2025 07:30,12/09/2025 08:00,14.11,7.11
12/09/2025 08:00,12/09/2025 08:30,8.82,4.78
12/09/2025 08:30,12/09/2025 09:00,3.53,2.45
12/09/2025 09:00,12/09/2025 09:30,2.21,1.87
12/09/2025 09:30,12/09/2025 10:00,-1.72,0.14
12/09/2025 10:00,12/09/2025 10:30,2.21,1.87
12/09/2025 10:30,12/09/2025 11:00,-1.43,0.27
12/09/2025 11:00,12/09/2025 11:30,0.00,0.90
12/09/2025 11:30,12/09/2025 12:00,-0.44,0.71
12/09/2025 12:00,12/09/2025 12:30,-0.30,0.76
12/09/2025 12:30,12/09/2025 13:00,-2.21,0.00
12/09/2025 13:00,12/09/2025 13:30,0.42,1.08
12/09/2025 13:30,12/09/2025 14:00,0.00,0.90
12/09/2025 14:00,12/09/2025 14:30,-0.22,0.80
12/09/2025 14:30,12/09/2025 15:00,-0.22,0.80
12/09/2025 15:00,12/09/2025 15:30,-1.98,0.03
12/09/2025 15:30,12/09/2025 16:00,1.83,1.70
12/09/2025 16:00,12/09/2025 16:30,16.77,6.12
12/09/2025 16:30,12/09/2025 17:00,25.64,10.03
12/09/2025 17:00,12/09/2025 17:30,28.84,11.43
12/09/2025 17:30,12/09/2025 18:00,32.63,13.10
12/09/2025 18:00,12/09/2025 18:30,36.78,14.93
12/09/2025 18:30,12/09/2025 19:00,39.08,15.94
12/09/2025 19:00,12/09/2025 19:30,24.22,11.56
12/09/2025 19:30,12/09/2025 20:00,24.96,11.88
12/09/2025 20:00,12/09/2025 20:30,23.99,11.45
12/09/2025 20:30,12/09/2025 21:00,20.53,9.93
12/09/2025 21:00,12/09/2025 21:30,18.28,8.94
12/09/2025 21:30,12/09/2025 22:00,17.58,8.63
12/09/2025 22:00,12/09/2025 22:30,17.68,8.68
12/09/2025 22:30,12/09/2025 23:00,11.03,5.75
12/09/2025 23:00,12/09/2025 23:30,12.94,6.59
12/09/2025 23:30,13/09/2025 00:00,6.00,3.54
13/09/2025 00:00,13/09/2025 00:30,9.04,4.88
13/09/2025 00:30,13/09/2025 01:00,4.57,2.91
13/09/2025 01:00,13/09/2025 01:30,7.19,4.06
13/09/2025 01:30,13/09/2025 02:00,5.07,3.13
13/09/2025 02:00,13/09/2025 02:30,6.84,3.91
13/09/2025 02:30,13/09/2025 03:00,4.63,2.94
13/09/2025 03:00,13/09/2025 03:30,5.29,3.23
13/09/2025 03:30,13/09/2025 04:00,2.65,2.06
13/09/2025 04:00,13/09/2025 04:30,5.29,3.23
13/09/2025 04:30,13/09/2025 05:00,3.75,2.55
13/09/2025 05:00,13/09/2025 05:30,5.07,3.13
13/09/2025 05:30,13/09/2025 06:00,5.95,3.52
13/09/2025 06:00,13/09/2025 06:30,6.84,3.91
13/09/2025 06:30,13/09/2025 07:00,7.94,4.39
13/09/2025 07:00,13/09/2025 07:30,6.84,3.91
13/09/2025 07:30,13/09/2025 08:00,9.04,4.88
13/09/2025 08:00,13/09/2025 08:30,8.26,4.53
13/09/2025 08:30,13/09/2025 09:00,9.71,5.17
13/09/2025 09:00,13/09/2025 09:30,4.83,3.03
13/09/2025 09:30,13/09/2025 10:00,2.34,1.93
13/09/2025 10:00,13/09/2025 10:30,3.37,2.38
13/09/2025 10:30,13/09/2025 11:00,2.65,2.06
13/09/2025 11:00,13/09/2025 11:30,1.60,1.60
13/09/2025 11:30,13/09/2025 12:00,1.10,1.38
13/09/2025 12:00,13/09/2025 12:30,1.46,1.54
13/09/2025 12:30,13/09/2025 13:00,1.24,1.44
13/09/2025 13:00,13/09/2025 13:30,1.76,1.68
13/09/2025 13:30,13/09/2025 14:00,1.08,1.38
13/09/2025 14:00,13/09/2025 14:30,1.28,1.46
13/09/2025 14:30,13/09/2025 15:00,1.94,1.75
13/09/2025 15:00,13/09/2025 15:30,4.41,2.84
13/09/2025 15:30,13/09/2025 16:00,5.73,3.42
13/09/2025 16:00,13/09/2025 16:30,25.64,10.02
13/09/2025 16:30,13/09/2025 17:00,31.29,12.51
13/09/2025 17:00,13/09/2025 17:30,33.04,13.28
13/09/2025 17:30,13/09/2025 18:00,34.73,14.03
13/09/2025 18:00,13/09/2025 18:30,36.36,14.74
13/09/2025 18:30,13/09/2025 19:00,37.68,15.32
13/09/2025 19:00,13/09/2025 19:30,25.36,12.06
13/09/2025 19:30,13/09/2025 20:00,25.58,12.15
13/09/2025 20:00,13/09/2025 20:30,26.40,12.51
13/09/2025 20:30,13/09/2025 21:00,22.45,10.77
13/09/2025 21:00,13/09/2025 21:30,21.61,10.41
13/09/2025 21:30,13/09/2025 22:00,19.32,9.40
13/09/2025 22:00,13/09/2025 22:30,19.86,9.64
13/09/2025 22:30,13/09/2025 23:00,16.26,8.05
13/09/2025 23:00,13/09/2025 23:30,20.10,9.74
13/09/2025 23:30,14/09/2025 00:00,16.07,7.97
14/09/2025 00:00,14/09/2025 00:30,16.76,8.27
14/09/2025 00:30,14/09/2025 01:00,17.64,8.66
14/09/2025 01:00,14/09/2025 01:30,16.32,8.08
14/09/2025 01:30,14/09/2025 02:00,16.37,8.10
14/09/2025 02:00,14/09/2025 02:30,16.98,8.37
14/09/2025 02:30,14/09/2025 03:00,14.45,7.26
14/09/2025 03:00,14/09/2025 03:30,17.86,8.76
14/09/2025 03:30,14/09/2025 04:00,16.54,8.18
14/09/2025 04:00,14/09/2025 04:30,15.83,7.86
14/09/2025 04:30,14/09/2025 05:00,14.99,7.50
14/09/2025 05:00,14/09/2025 05:30,16.50,8.16
14/09/2025 05:30,14/09/2025 06:00,17.46,8.58
14/09/2025 06:00,14/09/2025 06:30,18.71,9.13
14/09/2025 06:30,14/09/2025 07:00,20.44,9.89
14/09/2025 07:00,14/09/2025 07:30,18.63,9.10
14/09/2025 07:30,14/09/2025 08:00,20.29,9.82
14/09/2025 08:00,14/09/2025 08:30,17.91,8.78
14/09/2025 08:30,14/09/2025 09:00,18.96,9.24
14/09/2025 09:00,14/09/2025 09:30,17.20,8.47
14/09/2025 09:30,14/09/2025 10:00,16.76,8.27
14/09/2025 10:00,14/09/2025 10:30,20.07,9.73
14/09/2025 10:30,14/09/2025 11:00,18.08,8.85
14/09/2025 11:00,14/09/2025 11:30,18.32,8.96
14/09/2025 11:30,14/09/2025 12:00,18.31,8.95
14/09/2025 12:00,14/09/2025 12:30,18.74,9.14
14/09/2025 12:30,14/09/2025 13:00,17.64,8.66
14/09/2025 13:00,14/09/2025 13:30,12.64,6.46
14/09/2025 13:30,14/09/2025 14:00,11.69,6.04
14/09/2025 14:00,14/09/2025 14:30,8.56,4.66
14/09/2025 14:30,14/09/2025 15:00,9.32,5.00
14/09/2025 15:00,14/09/2025 15:30,8.09,4.46
14/09/2025 15:30,14/09/2025 16:00,8.60,4.68
14/09/2025 16:00,14/09/2025 16:30,26.22,10.28
14/09/2025 16:30,14/09/2025 17:00,30.85,12.32
14/09/2025 17:00,14/09/2025 17:30,27.98,11.06
14/09/2025 17:30,14/09/2025 18:00,28.42,11.25
14/09/2025 18:00,14/09/2025 18:30,28.42,11.25
14/09/2025 18:30,14/09/2025 19:00,28.42,11.25
14/09/2025 19:00,14/09/2025 19:30,17.11,8.43
14/09/2025 19:30,14/09/2025 20:00,14.93,7.47
14/09/2025 20:00,14/09/2025 20:30,16.76,8.27
14/09/2025 20:30,14/09/2025 21:00,11.10,5.78
14/09/2025 21:00,14/09/2025 21:30,12.35,6.33
14/09/2025 21:30,14/09/2025 22:00,6.79,3.89
14/09/2025 22:00,14/09/2025 22:30,8.32,4.56
14/09/2025 22:30,14/09/2025 23:00,1.10,1.38
14/09/2025 23:00,14/09/2025 23:30,4.45,2.86
14/09/2025 23:30,15/09/2025 00:00,1.10,1.39
15/09/2025 00:00,15/09/2025 00:30,1.76,1.68
15/09/2025 00:30,15/09/2025 01:00,1.10,1.38
15/09/2025 01:00,15/09/2025 01:30,1.76,1.68
15/09/2025 01:30,15/09/2025 02:00,0.94,1.32
15/09/2025 02:00,15/09/2025 02:30,0.89,1.29
15/09/2025 02:30,15/09/2025 03:00,1.47,1.55
15/09/2025 03:00,15/09/2025 03:30,1.51,1.57
15/09/2025 03:30,15/09/2025 04:00,0.55,1.14
15/09/2025 04:00,15/09/2025 04:30,1.19,1.42
15/09/2025 04:30,15/09/2025 05:00,0.44,1.09
15/09/2025 05:00,15/09/2025 05:30,1.10,1.38
15/09/2025 05:30,15/09/2025 06:00,1.63,1.62
15/09/2025 06:00,15/09/2025 06:30,2.28,1.90
15/09/2025 06:30,15/09/2025 07:00,13.23,6.72
15/09/2025 07:00,15/09/2025 07:30,6.26,3.65
15/09/2025 07:30,15/09/2025 08:00,8.23,4.52
15/09/2025 08:00,15/09/2025 08:30,8.51,4.64
15/09/2025 08:30,15/09/2025 09:00,7.47,4.18
15/09/2025 09:00,15/09/2025 09:30,6.46,3.74
15/09/2025 09:30,15/09/2025 10:00,4.45,2.86
15/09/2025 10:00,15/09/2025 10:30,4.41,2.84
15/09/2025 10:30,15/09/2025 11:00,2.71,2.09
15/09/2025 11:00,15/09/2025 11:30,2.21,1.87
15/09/2025 11:30,15/09/2025 12:00,1.52,1.57
15/09/2025 12:00,15/09/2025 12:30,2.04,1.79
15/09/2025 12:30,15/09/2025 13:00,0.99,1.33
15/09/2025 13:00,15/09/2025 13:30,1.10,1.38
15/09/2025 13:30,15/09/2025 14:00,1.10,1.38
15/09/2025 14:00,15/09/2025 14:30,1.10,1.38
15/09/2025 14:30,15/09/2025 15:00,1.10,1.38
15/09/2025 15:00,15/09/2025 15:30,0.88,1.29
15/09/2025 15:30,15/09/2025 16:00,2.21,1.87
15/09/2025 16:00,15/09/2025 16:30,13.20,4.55
15/09/2025 16:30,15/09/2025 17:00,16.75,6.11
15/09/2025 17:00,15/09/2025 17:30,15.88,5.73
15/09/2025 17:30,15/09/2025 18:00,20.73,7.86
15/09/2025 18:00,15/09/2025 18:30,20.93,7.95
15/09/2025 18:30,15/09/2025 19:00,21.81,8.34
15/09/2025 19:00,15/09/2025 19:30,8.82,4.78
15/09/2025 19:30,15/09/2025 20:00,7.94,4.39
15/09/2025 20:00,15/09/2025 20:30,9.35,5.01
15/09/2025 20:30,15/09/2025 21:00,3.88,2.61
15/09/2025 21:00,15/09/2025 21:30,7.28,4.10
15/09/2025 21:30,15/09/2025 22:00,0.66,1.19
15/09/2025 22:00,15/09/2025 22:30,2.12,1.83
15/09/2025 22:30,15/09/2025 23:00,-0.48,0.69
15/09/2025 23:00,15/09/2025 23:30,1.48,1.55
15/09/2025 23:30,16/09/2025 00:00,-0.42,0.71
16/09/2025 00:00,16/09/2025 00:30,-0.44,0.71
16/09/2025 00:30,16/09/2025 01:00,0.06,0.93
16/09/2025 01:00,16/09/2025 01:30,-0.44,0.71
16/09/2025 01:30,16/09/2025 02:00,0.22,1.00
16/09/2025 02:00,16/09/2025 02:30,-0.16,0.83
16/09/2025 02:30,16/09/2025 03:00,-0.37,0.74
16/09/2025 03:00,16/09/2025 03:30,0.07,0.93
16/09/2025 03:30,16/09/2025 04:00,-0.46,0.70
16/09/2025 04:00,16/09/2025 04:30,-0.21,0.81
16/09/2025 04:30,16/09/2025 05:00,-0.07,0.87
16/09/2025 05:00,16/09/2025 05:30,0.90,1.30
16/09/2025 05:30,16/09/2025 06:00,1.02,1.35
16/09/2025 06:00,16/09/2025 06:30,0.00,0.90
16/09/2025 06:30,16/09/2025 07:00,9.70,5.17
16/09/2025 07:00,16/09/2025 07:30,5.51,3.32
16/09/2025 07:30,16/09/2025 08:00,8.82,4.78
16/09/2025 08:00,16/09/2025 08:30,7.06,4.00
16/09/2025 08:30,16/09/2025 09:00,3.19,2.31
16/09/2025 09:00,16/09/2025 09:30,4.63,2.94
16/09/2025 09:30,16/09/2025 10:00,0.44,1.09
16/09/2025 10:00,16/09/2025 10:30,1.54,1.58
16/09/2025 10:30,16/09/2025 11:00,0.36,1.06
16/09/2025 11:00,16/09/2025 11:30,0.35,1.05
16/09/2025 11:30,16/09/2025 12:00,-0.44,0.71
16/09/2025 12:00,16/09/2025 12:30,0.88,1.29
16/09/2025 12:30,16/09/2025 13:00,0.59,1.16
16/09/2025 13:00,16/09/2025 13:30,2.22,1.87
16/09/2025 13:30,16/09/2025 14:00,1.19,1.42
16/09/2025 14:00,16/09/2025 14:30,1.71,1.65
16/09/2025 14:30,16/09/2025 15:00,0.57,1.15
16/09/2025 15:00,16/09/2025 15:30,0.28,1.03
16/09/2025 15:30,16/09/2025 16:00,5.71,3.41
16/09/2025 16:00,16/09/2025 16:30,16.82,6.15
16/09/2025 16:30,16/09/2025 17:00,25.70,10.05
16/09/2025 17:00,16/09/2025 17:30,30.85,12.32
16/09/2025 17:30,16/09/2025 18:00,36.07,14.61
16/09/2025 18:00,16/09/2025 18:30,34.38,13.87
16/09/2025 18:30,16/09/2025 19:00,36.30,14.71
16/09/2025 19:00,16/09/2025 19:30,23.04,11.04
16/09/2025 19:30,16/09/2025 20:00,24.25,11.57
16/09/2025 20:00,16/09/2025 20:30,23.18,11.10
16/09/2025 20:30,16/09/2025 21:00,20.73,10.02
16/09/2025 21:00,16/09/2025 21:30,18.88,9.20
16/09/2025 21:30,16/09/2025 22:00,17.68,8.68
16/09/2025 22:00,16/09/2025 22:30,17.11,8.43
16/09/2025 22:30,16/09/2025 23:00,12.35,6.33
16/09/2025 23:00,16/09/2025 23:30,18.08,8.85
16/09/2025 23:30,17/09/2025 00:00,17.64,8.66
17/09/2025 00:00,17/09/2025 00:30,16.22,8.04
17/09/2025 00:30,17/09/2025 01:00,15.27,7.62
17/09/2025 01:00,17/09/2025 01:30,15.93,7.91
17/09/2025 01:30,17/09/2025 02:00,15.44,7.69
17/09/2025 02:00,17/09/2025 02:30,15.92,7.90
17/09/2025 02:30,17/09/2025 03:00,14.11,7.11
17/09/2025 03:00,17/09/2025 03:30,13.24,6.73
17/09/2025 03:30,17/09/2025 04:00,12.35,6.33
17/09/2025 04:00,17/09/2025 04:30,15.83,7.86
17/09/2025 04:30,17/09/2025 05:00,14.77,7.40
17/09/2025 05:00,17/09/2025 05:30,15.25,7.61
17/09/2025 05:30,17/09/2025 06:00,14.33,7.20
17/09/2025 06:00,17/09/2025 06:30,18.29,8.95
17/09/2025 06:30,17/09/2025 07:00,20.73,10.02
17/09/2025 07:00,17/09/2025 07:30,21.11,10.18
17/09/2025 07:30,17/09/2025 08:00,21.83,10.50
17/09/2025 08:00,17/09/2025 08:30,21.42,10.32
17/09/2025 08:30,17/09/2025 09:00,20.49,9.91
17/09/2025 09:00,17/09/2025 09:30,22.90,10.97
17/09/2025 09:30,17/09/2025 10:00,21.46,10.34
17/09/2025 10:00,17/09/2025 10:30,17.20,8.47
17/09/2025 10:30,17/09/2025 11:00,15.72,7.82
17/09/2025 11:00,17/09/2025 11:30,16.76,8.27
17/09/2025 11:30,17/09/2025 12:00,17.19,8.46
17/09/2025 12:00,17/09/2025 12:30,13.92,7.02
17/09/2025 12:30,17/09/2025 13:00,12.55,6.42
17/09/2025 13:00,17/09/2025 13:30,11.40,5.92
17/09/2025 13:30,17/09/2025 14:00,11.03,5.75
17/09/2025 14:00,17/09/2025 14:30,10.86,5.68
17/09/2025 14:30,17/09/2025 15:00,10.56,5.55
17/09/2025 15:00,17/09/2025 15:30,12.13,6.24
17/09/2025 15:30,17/09/2025 16:00,12.96,6.60
17/09/2025 16:00,17/09/2025 16:30,24.90,9.70
17/09/2025 16:30,17/09/2025 17:00,29.03,11.52
17/09/2025 17:00,17/09/2025 17:30,29.81,11.86
17/09/2025 17:30,17/09/2025 18:00,33.57,13.51
17/09/2025 18:00,17/09/2025 18:30,35.04,14.16
17/09/2025 18:30,17/09/2025 19:00,35.09,14.18
17/09/2025 19:00,17/09/2025 19:30,21.65,10.43
17/09/2025 19:30,17/09/2025 20:00,21.96,10.56
17/09/2025 20:00,17/09/2025 20:30,20.95,10.12
17/09/2025 20:30,17/09/2025 21:00,16.32,8.08
17/09/2025 21:00,17/09/2025 21:30,18.08,8.85
17/09/2025 21:30,17/09/2025 22:00,14.45,7.25
17/09/2025 22:00,17/09/2025 22:30,13.54,6.86
17/09/2025 22:30,17/09/2025 23:00,10.95,5.72
17/09/2025 23:00,17/09/2025 23:30,6.62,3.81
17/09/2025 23:30,18/09/2025 00:00,3.93,2.63
18/09/2025 00:00,18/09/2025 00:30,6.23,3.64
18/09/2025 00:30,18/09/2025 01:00,4.45,2.86
18/09/2025 01:00,18/09/2025 01:30,5.08,3.14
18/09/2025 01:30,18/09/2025 02:00,4.70,2.97
18/09/2025 02:00,18/09/2025 02:30,3.53,2.45
18/09/2025 02:30,18/09/2025 03:00,3.53,2.45
18/09/2025 03:00,18/09/2025 03:30,4.41,2.84
18/09/2025 03:30,18/09/2025 04:00,2.65,2.06
18/09/2025 04:00,18/09/2025 04:30,3.31,2.36
18/09/2025 04:30,18/09/2025 05:00,3.31,2.36
18/09/2025 05:00,18/09/2025 05:30,5.84,3.47
18/09/2025 05:30,18/09/2025 06:00,9.70,5.17
18/09/2025 06:00,18/09/2025 06:30,15.44,7.69
18/09/2025 06:30,18/09/2025 07:00,20.95,10.12
18/09/2025 07:00,18/09/2025 07:30,16.98,8.37
18/09/2025 07:30,18/09/2025 08:00,20.50,9.92
18/09/2025 08:00,18/09/2025 08:30,15.88,7.88
18/09/2025 08:30,18/09/2025 09:00,15.54,7.74
18/09/2025 09:00,18/09/2025 09:30,16.04,7.96
18/09/2025 09:30,18/09/2025 10:00,11.84,6.11
18/09/2025 10:00,18/09/2025 10:30,11.64,6.02
18/09/2025 10:30,18/09/2025 11:00,10.27,5.42
18/09/2025 11:00,18/09/2025 11:30,8.14,4.48
18/09/2025 11:30,18/09/2025 12:00,6.04,3.56
18/09/2025 12:00,18/09/2025 12:30,6.55,3.78
18/09/2025 12:30,18/09/2025 13:00,4.84,3.03
18/09/2025 13:00,18/09/2025 13:30,4.41,2.84
18/09/2025 13:30,18/09/2025 14:00,3.75,2.55
18/09/2025 14:00,18/09/2025 14:30,4.41,2.84
18/09/2025 14:30,18/09/2025 15:00,4.41,2.84
18/09/2025 15:00,18/09/2025 15:30,1.76,1.68
18/09/2025 15:30,18/09/2025 16:00,7.48,4.19
18/09/2025 16:00,18/09/2025 16:30,22.25,8.53
18/09/2025 16:30,18/09/2025 17:00,28.13,11.12
18/09/2025 17:00,18/09/2025 17:30,30.70,12.25
18/09/2025 17:30,18/09/2025 18:00,33.59,13.52
18/09/2025 18:00,18/09/2025 18:30,36.13,14.64
18/09/2025 18:30,18/09/2025 19:00,37.24,15.13
18/09/2025 19:00,18/09/2025 19:30,22.57,10.83
18/09/2025 19:30,18/09/2025 20:00,23.84,11.38
18/09/2025 20:00,18/09/2025 20:30,21.43,10.33
18/09/2025 20:30,18/09/2025 21:00,19.32,9.40
18/09/2025 21:00,18/09/2025 21:30,21.17,10.21
18/09/2025 21:30,18/09/2025 22:00,17.64,8.66
18/09/2025 22:00,18/09/2025 22:30,17.23,8.48
18/09/2025 22:30,18/09/2025 23:00,13.32,6.76
18/09/2025 23:00,18/09/2025 23:30,13.47,6.83
18/09/2025 23:30,19/09/2025 00:00,12.71,6.49
19/09/2025 00:00,19/09/2025 00:30,12.13,6.24
19/09/2025 00:30,19/09/2025 01:00,9.96,5.29
19/09/2025 01:00,19/09/2025 01:30,10.57,5.55
19/09/2025 01:30,19/09/2025 02:00,10.80,5.65
19/09/2025 02:00,19/09/2025 02:30,9.42,5.04
19/09/2025 02:30,19/09/2025 03:00,7.08,4.01
19/09/2025 03:00,19/09/2025 03:30,8.93,4.83
19/09/2025 03:30,19/09/2025 04:00,8.93,4.83
19/09/2025 04:00,19/09/2025 04:30,9.04,4.88
19/09/2025 04:30,19/09/2025 05:00,9.70,5.17
19/09/2025 05:00,19/09/2025 05:30,5.75,3.43
19/09/2025 05:30,19/09/2025 06:00,11.89,6.13
19/09/2025 06:00,19/09/2025 06:30,11.99,6.18
19/09/2025 06:30,19/09/2025 07:00,21.03,10.15
19/09/2025 07:00,19/09/2025 07:30,21.66,10.43
19/09/2025 07:30,19/09/2025 08:00,23.91,11.42
19/09/2025 08:00,19/09/2025 08:30,22.05,10.60
19/09/2025 08:30,19/09/2025 09:00,22.93,10.99
19/09/2025 09:00,19/09/2025 09:30,25.19,11.98
19/09/2025 09:30,19/09/2025 10:00,21.80,10.49
19/09/2025 10:00,19/09/2025 10:30,19.35,9.41
19/09/2025 10:30,19/09/2025 11:00,16.71,8.25
19/09/2025 11:00,19/09/2025 11:30,12.77,6.52
19/09/2025 11:30,19/09/2025 12:00,10.58,5.56
19/09/2025 12:00,19/09/2025 12:30,13.45,6.82
19/09/2025 12:30,19/09/2025 13:00,11.76,6.07
19/09/2025 13:00,19/09/2025 13:30,12.83,6.54
19/09/2025 13:30,19/09/2025 14:00,11.91,6.14
19/09/2025 14:00,19/09/2025 14:30,12.71,6.49
19/09/2025 14:30,19/09/2025 15:00,11.91,6.14
19/09/2025 15:00,19/09/2025 15:30,15.09,7.54
19/09/2025 15:30,19/09/2025 16:00,16.10,7.98
19/09/2025 16:00,19/09/2025 16:30,30.43,12.13
19/09/2025 16:30,19/09/2025 17:00,31.29,12.51
19/09/2025 17:00,19/09/2025 17:30,32.73,13.14
19/09/2025 17:30,19/09/2025 18:00,36.80,14.94
19/09/2025 18:00,19/09/2025 18:30,40.11,16.39
19/09/2025 18:30,19/09/2025 19:00,40.86,16.72
19/09/2025 19:00,19/09/2025 19:30,26.94,12.75
19/09/2025 19:30,19/09/2025 20:00,27.88,13.16
19/09/2025 20:00,19/09/2025 20:30,22.60,10.84
19/09/2025 20:30,19/09/2025 21:00,19.40,9.44
19/09/2025 21:00,19/09/2025 21:30,19.92,9.66
19/09/2025 21:30,19/09/2025 22:00,17.45,8.57
19/09/2025 22:00,19/09/2025 22:30,19.26,9.37
19/09/2025 22:30,19/09/2025 23:00,16.14,8.00
19/09/2025 23:00,19/09/2025 23:30,17.24,8.49
19/09/2025 23:30,20/09/2025 00:00,17.98,8.81
20/09/2025 00:00,20/09/2025 00:30,18.81,9.17
20/09/2025 00:30,20/09/2025 01:00,17.64,8.66
20/09/2025 01:00,20/09/2025 01:30,17.20,8.47
20/09/2025 01:30,20/09/2025 02:00,17.01,8.38
20/09/2025 02:00,20/09/2025 02:30,17.44,8.57
20/09/2025 02:30,20/09/2025 03:00,16.98,8.37
20/09/2025 03:00,20/09/2025 03:30,17.64,8.66
20/09/2025 03:30,20/09/2025 04:00,16.66,8.23
20/09/2025 04:00,20/09/2025 04:30,16.00,7.94
20/09/2025 04:30,20/09/2025 05:00,16.07,7.97
20/09/2025 05:00,20/09/2025 05:30,17.20,8.47
20/09/2025 05:30,20/09/2025 06:00,16.76,8.27
20/09/2025 06:00,20/09/2025 06:30,17.64,8.66
20/09/2025 06:30,20/09/2025 07:00,17.64,8.66
20/09/2025 07:00,20/09/2025 07:30,16.76,8.27
20/09/2025 07:30,20/09/2025 08:00,19.72,9.57
20/09/2025 08:00,20/09/2025 08:30,22.04,10.60
20/09/2025 08:30,20/09/2025 09:00,22.49,10.79
20/09/2025 09:00,20/09/2025 09:30,21.91,10.54
20/09/2025 09:30,20/09/2025 10:00,22.70,10.88
20/09/2025 10:00,20/09/2025 10:30,20.94,10.11
20/09/2025 10:30,20/09/2025 11:00,21.14,10.20
20/09/2025 11:00,20/09/2025 11:30,19.40,9.44
20/09/2025 11:30,20/09/2025 12:00,19.38,9.43
20/09/2025 12:00,20/09/2025 12:30,19.32,9.40
20/09/2025 12:30,20/09/2025 13:00,19.19,9.34
20/09/2025 13:00,20/09/2025 13:30,19.34,9.41
20/09/2025 13:30,20/09/2025 14:00,18.10,8.86
20/09/2025 14:00,20/09/2025 14:30,18.54,9.06
20/09/2025 14:30,20/09/2025 15:00,16.52,8.17
20/09/2025 15:00,20/09/2025 15:30,17.50,8.60
20/09/2025 15:30,20/09/2025 16:00,18.52,9.05
20/09/2025 16:00,20/09/2025 16:30,29.70,11.81
20/09/2025 16:30,20/09/2025 17:00,30.46,12.15
20/09/2025 17:00,20/09/2025 17:30,33.05,13.29
20/09/2025 17:30,20/09/2025 18:00,34.19,13.79
20/09/2025 18:00,20/09/2025 18:30,33.89,13.65
20/09/2025 18:30,20/09/2025 19:00,34.08,13.74
20/09/2025 19:00,20/09/2025 19:30,17.64,8.66
20/09/2025 19:30,20/09/2025 20:00,18.73,9.14
20/09/2025 20:00,20/09/2025 20:30,16.54,8.18
20/09/2025 20:30,20/09/2025 21:00,14.84,7.43
20/09/2025 21:00,20/09/2025 21:30,15.44,7.69
20/09/2025 21:30,20/09/2025 22:00,9.70,5.17
20/09/2025 22:00,20/09/2025 22:30,9.26,4.97
20/09/2025 22:30,20/09/2025 23:00,5.07,3.13
20/09/2025 23:00,20/09/2025 23:30,1.76,1.68
20/09/2025 23:30,21/09/2025 00:00,-2.21,0.00
21/09/2025 00:00,21/09/2025 00:30,0.00,0.90
21/09/2025 00:30,21/09/2025 01:00,-0.03,0.88
21/09/2025 01:00,21/09/2025 01:30,-0.36,0.74
21/09/2025 01:30,21/09/2025 02:00,0.00,0.90
21/09/2025 02:00,21/09/2025 02:30,0.16,0.97
21/09/2025 02:30,21/09/2025 03:00,0.82,1.26
21/09/2025 03:00,21/09/2025 03:30,0.84,1.27
21/09/2025 03:30,21/09/2025 04:00,0.93,1.31
21/09/2025 04:00,21/09/2025 04:30,0.44,1.09
21/09/2025 04:30,21/09/2025 05:00,0.34,1.05
21/09/2025 05:00,21/09/2025 05:30,0.00,0.90
21/09/2025 05:30,21/09/2025 06:00,0.04,0.92
21/09/2025 06:00,21/09/2025 06:30,-1.10,0.42
21/09/2025 06:30,21/09/2025 07:00,2.65,2.06
21/09/2025 07:00,21/09/2025 07:30,-1.10,0.42
21/09/2025 07:30,21/09/2025 08:00,0.88,1.29
21/09/2025 08:00,21/09/2025 08:30,-1.10,0.42
21/09/2025 08:30,21/09/2025 09:00,2.48,1.99
21/09/2025 09:00,21/09/2025 09:30,1.84,1.71
21/09/2025 09:30,21/09/2025 10:00,3.31,2.36
21/09/2025 10:00,21/09/2025 10:30,2.04,1.80
21/09/2025 10:30,21/09/2025 11:00,0.81,1.25
21/09/2025 11:00,21/09/2025 11:30,2.21,1.87
21/09/2025 11:30,21/09/2025 12:00,2.76,2.12
21/09/2025 12:00,21/09/2025 12:30,3.31,2.36
21/09/2025 12:30,21/09/2025 13:00,2.08,1.81
21/09/2025 13:00,21/09/2025 13:30,1.20,1.43
21/09/2025 13:30,21/09/2025 14:00,-0.28,0.78
21/09/2025 14:00,21/09/2025 14:30,1.22,1.43
21/09/2025 14:30,21/09/2025 15:00,4.85,3.03
21/09/2025 15:00,21/09/2025 15:30,3.53,2.45
21/09/2025 15:30,21/09/2025 16:00,6.17,3.62
21/09/2025 16:00,21/09/2025 16:30,20.04,7.56
21/09/2025 16:30,21/09/2025 17:00,27.98,11.06
21/09/2025 17:00,21/09/2025 17:30,31.21,12.47
21/09/2025 17:30,21/09/2025 18:00,33.23,13.36
21/09/2025 18:00,21/09/2025 18:30,32.31,12.96
21/09/2025 18:30,21/09/2025 19:00,33.69,13.57
21/09/2025 19:00,21/09/2025 19:30,20.49,9.91
21/09/2025 19:30,21/09/2025 20:00,21.28,10.26
21/09/2025 20:00,21/09/2025 20:30,22.43,10.76
21/09/2025 20:30,21/09/2025 21:00,20.84,10.07
21/09/2025 21:00,21/09/2025 21:30,21.17,10.21
21/09/2025 21:30,21/09/2025 22:00,14.11,7.11
21/09/2025 22:00,21/09/2025 22:30,18.04,8.84
21/09/2025 22:30,21/09/2025 23:00,16.10,7.98
21/09/2025 23:00,21/09/2025 23:30,18.96,9.24
21/09/2025 23:30,22/09/2025 00:00,15.52,7.73
22/09/2025 00:00,22/09/2025 00:30,15.81,7.85
22/09/2025 00:30,22/09/2025 01:00,14.06,7.08
22/09/2025 01:00,22/09/2025 01:30,13.23,6.72
22/09/2025 01:30,22/09/2025 02:00,13.45,6.82
22/09/2025 02:00,22/09/2025 02:30,14.16,7.13
22/09/2025 02:30,22/09/2025 03:00,13.45,6.82
22/09/2025 03:00,22/09/2025 03:30,13.60,6.88
22/09/2025 03:30,22/09/2025 04:00,13.45,6.82
22/09/2025 04:00,22/09/2025 04:30,13.23,6.72
22/09/2025 04:30,22/09/2025 05:00,13.23,6.72
22/09/2025 05:00,22/09/2025 05:30,12.19,6.26
22/09/2025 05:30,22/09/2025 06:00,13.87,7.00
22/09/2025 06:00,22/09/2025 06:30,21.97,10.56
22/09/2025 06:30,22/09/2025 07:00,21.43,10.33
22/09/2025 07:00,22/09/2025 07:30,23.59,11.28
22/09/2025 07:30,22/09/2025 08:00,24.50,11.68
22/09/2025 08:00,22/09/2025 08:30,22.63,10.85
22/09/2025 08:30,22/09/2025 09:00,21.83,10.50
22/09/2025 09:00,22/09/2025 09:30,19.40,9.44
22/09/2025 09:30,22/09/2025 10:00,18.99,9.26
22/09/2025 10:00,22/09/2025 10:30,17.64,8.66
22/09/2025 10:30,22/09/2025 11:00,18.08,8.85
22/09/2025 11:00,22/09/2025 11:30,16.34,8.09
22/09/2025 11:30,22/09/2025 12:00,15.41,7.68
22/09/2025 12:00,22/09/2025 12:30,15.39,7.67
22/09/2025 12:30,22/09/2025 13:00,15.42,7.68
22/09/2025 13:00,22/09/2025 13:30,16.05,7.96
22/09/2025 13:30,22/09/2025 14:00,15.54,7.74
22/09/2025 14:00,22/09/2025 14:30,14.66,7.35
22/09/2025 14:30,22/09/2025 15:00,14.66,7.35
22/09/2025 15:00,22/09/2025 15:30,16.66,8.23
22/09/2025 15:30,22/09/2025 16:00,16.32,8.08
22/09/2025 16:00,22/09/2025 16:30,29.19,11.58
22/09/2025 16:30,22/09/2025 17:00,29.88,11.89
22/09/2025 17:00,22/09/2025 17:30,34.94,14.12
22/09/2025 17:30,22/09/2025 18:00,39.51,16.13
22/09/2025 18:00,22/09/2025 18:30,40.41,16.53
22/09/2025 18:30,22/09/2025 19:00,40.81,16.70
22/09/2025 19:00,22/09/2025 19:30,25.24,12.00
22/09/2025 19:30,22/09/2025 20:00,26.02,12.35
22/09/2025 20:00,22/09/2025 20:30,24.25,11.57
22/09/2025 20:30,22/09/2025 21:00,20.85,10.07
22/09/2025 21:00,22/09/2025 21:30,21.02,10.15
22/09/2025 21:30,22/09/2025 22:00,16.79,8.29
22/09/2025 22:00,22/09/2025 22:30,19.58,9.51
22/09/2025 22:30,22/09/2025 23:00,18.30,8.95
22/09/2025 23:00,22/09/2025 23:30,18.96,9.24
22/09/2025 23:30,23/09/2025 00:00,18.52,9.05
23/09/2025 00:00,23/09/2025 00:30,18.08,8.85
23/09/2025 00:30,23/09/2025 01:00,17.20,8.47
23/09/2025 01:00,23/09/2025 01:30,18.74,9.14
23/09/2025 01:30,23/09/2025 02:00,19.40,9.44
23/09/2025 02:00,23/09/2025 02:30,18.50,9.04
23/09/2025 02:30,23/09/2025 03:00,17.51,8.61
23/09/2025 03:00,23/09/2025 03:30,18.25,8.93
23/09/2025 03:30,23/09/2025 04:00,17.64,8.66
23/09/2025 04:00,23/09/2025 04:30,17.42,8.56
23/09/2025 04:30,23/09/2025 05:00,16.91,8.34
23/09/2025 05:00,23/09/2025 05:30,17.58,8.63
23/09/2025 05:30,23/09/2025 06:00,17.13,8.43
23/09/2025 06:00,23/09/2025 06:30,17.06,8.41
23/09/2025 06:30,23/09/2025 07:00,22.49,10.79
23/09/2025 07:00,23/09/2025 07:30,28.00,13.22
23/09/2025 07:30,23/09/2025 08:00,30.21,14.19
23/09/2025 08:00,23/09/2025 08:30,26.46,12.54
23/09/2025 08:30,23/09/2025 09:00,25.07,11.93
23/09/2025 09:00,23/09/2025 09:30,22.57,10.83
23/09/2025 09:30,23/09/2025 10:00,19.41,9.44
23/09/2025 10:00,23/09/2025 10:30,16.97,8.36
23/09/2025 10:30,23/09/2025 11:00,16.74,8.26
23/09/2025 11:00,23/09/2025 11:30,16.10,7.98
23/09/2025 11:30,23/09/2025 12:00,15.92,7.90
23/09/2025 12:00,23/09/2025 12:30,16.10,7.98
23/09/2025 12:30,23/09/2025 13:00,16.10,7.98
23/09/2025 13:00,23/09/2025 13:30,16.10,7.98
23/09/2025 13:30,23/09/2025 14:00,15.80,7.85
23/09/2025 14:00,23/09/2025 14:30,15.93,7.91
23/09/2025 14:30,23/09/2025 15:00,15.61,7.77
23/09/2025 15:00,23/09/2025 15:30,17.69,8.68
23/09/2025 15:30,23/09/2025 16:00,18.52,9.05
23/09/2025 16:00,23/09/2025 16:30,33.05,13.29
23/09/2025 16:30,23/09/2025 17:00,36.78,14.93
23/09/2025 17:00,23/09/2025 17:30,40.33,16.49
23/09/2025 17:30,23/09/2025 18:00,43.42,17.84
23/09/2025 18:00,23/09/2025 18:30,42.31,17.36
23/09/2025 18:30,23/09/2025 19:00,44.52,18.33
23/09/2025 19:00,23/09/2025 19:30,26.37,12.50
23/09/2025 19:30,23/09/2025 20:00,26.02,12.35
23/09/2025 20:00,23/09/2025 20:30,24.71,11.77
23/09/2025 20:30,23/09/2025 21:00,21.17,10.21
23/09/2025 21:00,23/09/2025 21:30,20.13,9.76
23/09/2025 21:30,23/09/2025 22:00,18.25,8.93
23/09/2025 22:00,23/09/2025 22:30,18.30,8.95
23/09/2025 22:30,23/09/2025 23:00,16.34,8.09
23/09/2025 23:00,23/09/2025 23:30,19.64,9.54
23/09/2025 23:30,24/09/2025 00:00,18.52,9.05
24/09/2025 00:00,24/09/2025 00:30,16.98,8.37
24/09/2025 00:30,24/09/2025 01:00,16.98,8.37
24/09/2025 01:00,24/09/2025 01:30,16.51,8.16
24/09/2025 01:30,24/09/2025 02:00,16.85,8.32
24/09/2025 02:00,24/09/2025 02:30,17.00,8.38
24/09/2025 02:30,24/09/2025 03:00,16.76,8.27
24/09/2025 03:00,24/09/2025 03:30,17.20,8.47
24/09/2025 03:30,24/09/2025 04:00,16.63,8.22
24/09/2025 04:00,24/09/2025 04:30,16.54,8.18
24/09/2025 04:30,24/09/2025 05:00,16.10,7.98
24/09/2025 05:00,24/09/2025 05:30,17.64,8.66
24/09/2025 05:30,24/09/2025 06:00,16.10,7.98
24/09/2025 06:00,24/09/2025 06:30,20.76,10.03
24/09/2025 06:30,24/09/2025 07:00,22.05,10.60
24/09/2025 07:00,24/09/2025 07:30,24.30,11.59
24/09/2025 07:30,24/09/2025 08:00,25.58,12.15
24/09/2025 08:00,24/09/2025 08:30,24.70,11.76
24/09/2025 08:30,24/09/2025 09:00,23.59,11.28
24/09/2025 09:00,24/09/2025 09:30,21.49,10.35
24/09/2025 09:30,24/09/2025 10:00,20.73,10.02
24/09/2025 10:00,24/09/2025 10:30,17.46,8.58
24/09/2025 10:30,24/09/2025 11:00,16.10,7.98
24/09/2025 11:00,24/09/2025 11:30,16.10,7.98
24/09/2025 11:30,24/09/2025 12:00,15.90,7.89
24/09/2025 12:00,24/09/2025 12:30,15.88,7.88
24/09/2025 12:30,24/09/2025 13:00,15.88,7.88
24/09/2025 13:00,24/09/2025 13:30,15.53,7.73
24/09/2025 13:30,24/09/2025 14:00,15.87,7.88
24/09/2025 14:00,24/09/2025 14:30,15.90,7.89
24/09/2025 14:30,24/09/2025 15:00,15.44,7.69
24/09/2025 15:00,24/09/2025 15:30,15.88,7.88
24/09/2025 15:30,24/09/2025 16:00,16.10,7.98
24/09/2025 16:00,24/09/2025 16:30,29.53,11.73
24/09/2025 16:30,24/09/2025 17:00,33.05,13.29
24/09/2025 17:00,24/09/2025 17:30,35.82,14.50
24/09/2025 17:30,24/09/2025 18:00,40.11,16.39
24/09/2025 18:00,24/09/2025 18:30,37.08,15.05
24/09/2025 18:30,24/09/2025 19:00,37.91,15.42
24/09/2025 19:00,24/09/2025 19:30,25.14,11.96
24/09/2025 19:30,24/09/2025 20:00,25.05,11.92
24/09/2025 20:00,24/09/2025 20:30,24.25,11.57
24/09/2025 20:30,24/09/2025 21:00,19.84,9.63
24/09/2025 21:00,24/09/2025 21:30,18.95,9.24
24/09/2025 21:30,24/09/2025 22:00,18.34,8.97
24/09/2025 22:00,24/09/2025 22:30,17.64,8.66
24/09/2025 22:30,24/09/2025 23:00,16.89,8.33
24/09/2025 23:00,24/09/2025 23:30,17.34,8.52
24/09/2025 23:30,25/09/2025 00:00,15.57,7.75
25/09/2025 00:00,25/09/2025 00:30,16.11,7.99
25/09/2025 00:30,25/09/2025 01:00,16.00,7.94
25/09/2025 01:00,25/09/2025 01:30,16.25,8.05
25/09/2025 01:30,25/09/2025 02:00,15.80,7.85
25/09/2025 02:00,25/09/2025 02:30,15.62,7.77
25/09/2025 02:30,25/09/2025 03:00,15.92,7.90
25/09/2025 03:00,25/09/2025 03:30,16.76,8.27
25/09/2025 03:30,25/09/2025 04:00,15.88,7.88
25/09/2025 04:00,25/09/2025 04:30,15.28,7.62
25/09/2025 04:30,25/09/2025 05:00,14.56,7.30
25/09/2025 05:00,25/09/2025 05:30,17.64,8.66
25/09/2025 05:30,25/09/2025 06:00,18.45,9.02
25/09/2025 06:00,25/09/2025 06:30,19.94,9.67
25/09/2025 06:30,25/09/2025 07:00,22.67,10.87
25/09/2025 07:00,25/09/2025 07:30,24.19,11.54
25/09/2025 07:30,25/09/2025 08:00,25.36,12.06
25/09/2025 08:00,25/09/2025 08:30,23.15,11.08
25/09/2025 08:30,25/09/2025 09:00,22.62,10.85
25/09/2025 09:00,25/09/2025 09:30,21.05,10.16
25/09/2025 09:30,25/09/2025 10:00,17.37,8.54
25/09/2025 10:00,25/09/2025 10:30,16.32,8.08
25/09/2025 10:30,25/09/2025 11:00,16.16,8.01
25/09/2025 11:00,25/09/2025 11:30,16.51,8.16
25/09/2025 11:30,25/09/2025 12:00,16.41,8.12
25/09/2025 12:00,25/09/2025 12:30,15.18,7.58
25/09/2025 12:30,25/09/2025 13:00,15.10,7.54
25/09/2025 13:00,25/09/2025 13:30,14.33,7.20
25/09/2025 13:30,25/09/2025 14:00,14.33,7.20
25/09/2025 14:00,25/09/2025 14:30,14.33,7.20
25/09/2025 14:30,25/09/2025 15:00,14.33,7.20
25/09/2025 15:00,25/09/2025 15:30,15.72,7.81
25/09/2025 15:30,25/09/2025 16:00,15.72,7.81
25/09/2025 16:00,25/09/2025 16:30,30.10,11.99
25/09/2025 16:30,25/09/2025 17:00,33.30,13.39
25/09/2025 17:00,25/09/2025 17:30,33.01,13.27
25/09/2025 17:30,25/09/2025 18:00,35.94,14.56
25/09/2025 18:00,25/09/2025 18:30,36.80,14.94
25/09/2025 18:30,25/09/2025 19:00,37.91,15.42
25/09/2025 19:00,25/09/2025 19:30,24.42,11.65
25/09/2025 19:30,25/09/2025 20:00,24.50,11.68
25/09/2025 20:00,25/09/2025 20:30,21.32,10.28
25/09/2025 20:30,25/09/2025 21:00,19.32,9.40
25/09/2025 21:00,25/09/2025 21:30,17.64,8.66
25/09/2025 21:30,25/09/2025 22:00,17.28,8.50
25/09/2025 22:00,25/09/2025 22:30,17.64,8.66
25/09/2025 22:30,25/09/2025 23:00,15.44,7.69
25/09/2025 23:00,25/09/2025 23:30,17.93,8.79
25/09/2025 23:30,26/09/2025 00:00,15.44,7.69
26/09/2025 00:00,26/09/2025 00:30,15.47,7.71
26/09/2025 00:30,26/09/2025 01:00,14.56,7.31
26/09/2025 01:00,26/09/2025 01:30,15.28,7.62
26/09/2025 01:30,26/09/2025 02:00,14.72,7.37
26/09/2025 02:00,26/09/2025 02:30,14.71,7.37
26/09/2025 02:30,26/09/2025 03:00,14.71,7.37
26/09/2025 03:00,26/09/2025 03:30,15.41,7.68
26/09/2025 03:30,26/09/2025 04:00,14.96,7.48
26/09/2025 04:00,26/09/2025 04:30,15.27,7.62
26/09/2025 04:30,26/09/2025 05:00,14.94,7.47
26/09/2025 05:00,26/09/2025 05:30,16.88,8.33
26/09/2025 05:30,26/09/2025 06:00,15.98,7.93
26/09/2025 06:00,26/09/2025 06:30,19.18,9.34
26/09/2025 06:30,26/09/2025 07:00,20.51,9.92
26/09/2025 07:00,26/09/2025 07:30,22.80,10.93
26/09/2025 07:30,26/09/2025 08:00,24.25,11.57
26/09/2025 08:00,26/09/2025 08:30,23.81,11.38
26/09/2025 08:30,26/09/2025 09:00,22.74,10.90
26/09/2025 09:00,26/09/2025 09:30,21.51,10.36
26/09/2025 09:30,26/09/2025 10:00,18.40,8.99
26/09/2025 10:00,26/09/2025 10:30,16.84,8.31
26/09/2025 10:30,26/09/2025 11:00,16.66,8.23
26/09/2025 11:00,26/09/2025 11:30,14.90,7.46
26/09/2025 11:30,26/09/2025 12:00,14.73,7.38
26/09/2025 12:00,26/09/2025 12:30,15.21,7.59
26/09/2025 12:30,26/09/2025 13:00,14.99,7.50
26/09/2025 13:00,26/09/2025 13:30,15.44,7.69
26/09/2025 13:30,26/09/2025 14:00,15.02,7.51
26/09/2025 14:00,26/09/2025 14:30,15.61,7.77
26/09/2025 14:30,26/09/2025 15:00,15.81,7.86
26/09/2025 15:00,26/09/2025 15:30,15.77,7.84
26/09/2025 15:30,26/09/2025 16:00,15.77,7.84
26/09/2025 16:00,26/09/2025 16:30,31.78,12.73
26/09/2025 16:30,26/09/2025 17:00,34.19,13.78
26/09/2025 17:00,26/09/2025 17:30,32.43,13.01
26/09/2025 17:30,26/09/2025 18:00,36.80,14.94
26/09/2025 18:00,26/09/2025 18:30,36.88,14.97
26/09/2025 18:30,26/09/2025 19:00,37.46,15.23
26/09/2025 19:00,26/09/2025 19:30,22.75,10.91
26/09/2025 19:30,26/09/2025 20:00,22.29,10.71
26/09/2025 20:00,26/09/2025 20:30,22.27,10.70
26/09/2025 20:30,26/09/2025 21:00,18.73,9.14
26/09/2025 21:00,26/09/2025 21:30,19.17,9.33
26/09/2025 21:30,26/09/2025 22:00,18.40,8.99
26/09/2025 22:00,26/09/2025 22:30,17.48,8.59
26/09/2025 22:30,26/09/2025 23:00,14.27,7.18
26/09/2025 23:00,26/09/2025 23:30,17.42,8.56
26/09/2025 23:30,27/09/2025 00:00,14.91,7.46
27/09/2025 00:00,27/09/2025 00:30,15.00,7.50
27/09/2025 00:30,27/09/2025 01:00,14.33,7.20
27/09/2025 01:00,27/09/2025 01:30,15.59,7.76
27/09/2025 01:30,27/09/2025 02:00,15.66,7.79
27/09/2025 02:00,27/09/2025 02:30,15.12,7.55
27/09/2025 02:30,27/09/2025 03:00,15.09,7.54
27/09/2025 03:00,27/09/2025 03:30,15.75,7.83
27/09/2025 03:30,27/09/2025 04:00,15.08,7.53
27/09/2025 04:00,27/09/2025 04:30,15.33,7.64
27/09/2025 04:30,27/09/2025 05:00,14.99,7.50
27/09/2025 05:00,27/09/2025 05:30,15.94,7.91
27/09/2025 05:30,27/09/2025 06:00,15.81,7.85
27/09/2025 06:00,27/09/2025 06:30,18.08,8.85
27/09/2025 06:30,27/09/2025 07:00,17.64,8.66
27/09/2025 07:00,27/09/2025 07:30,18.02,8.82
27/09/2025 07:30,27/09/2025 08:00,19.53,9.49
27/09/2025 08:00,27/09/2025 08:30,18.85,9.19
27/09/2025 08:30,27/09/2025 09:00,19.40,9.44
27/09/2025 09:00,27/09/2025 09:30,20.55,9.94
27/09/2025 09:30,27/09/2025 10:00,19.84,9.63
27/09/2025 10:00,27/09/2025 10:30,18.52,9.05
27/09/2025 10:30,27/09/2025 11:00,16.45,8.14
27/09/2025 11:00,27/09/2025 11:30,17.00,8.38
27/09/2025 11:30,27/09/2025 12:00,17.20,8.47
27/09/2025 12:00,27/09/2025 12:30,16.73,8.26
27/09/2025 12:30,27/09/2025 13:00,16.70,8.24
27/09/2025 13:00,27/09/2025 13:30,16.76,8.27
27/09/2025 13:30,27/09/2025 14:00,15.94,7.91
27/09/2025 14:00,27/09/2025 14:30,16.19,8.02
27/09/2025 14:30,27/09/2025 15:00,16.72,8.25
27/09/2025 15:00,27/09/2025 15:30,16.98,8.37
27/09/2025 15:30,27/09/2025 16:00,16.56,8.18
27/09/2025 16:00,27/09/2025 16:30,32.43,13.01
27/09/2025 16:30,27/09/2025 17:00,33.94,13.67
27/09/2025 17:00,27/09/2025 17:30,35.29,14.27
27/09/2025 17:30,27/09/2025 18:00,38.47,15.67
27/09/2025 18:00,27/09/2025 18:30,37.02,15.03
27/09/2025 18:30,27/09/2025 19:00,38.27,15.58
27/09/2025 19:00,27/09/2025 19:30,22.49,10.79
27/09/2025 19:30,27/09/2025 20:00,20.98,10.13
27/09/2025 20:00,27/09/2025 20:30,21.39,10.31
27/09/2025 20:30,27/09/2025 21:00,18.52,9.05
27/09/2025 21:00,27/09/2025 21:30,19.20,9.35
27/09/2025 21:30,27/09/2025 22:00,18.52,9.05
27/09/2025 22:00,27/09/2025 22:30,17.82,8.74
27/09/2025 22:30,27/09/2025 23:00,16.42,8.13
27/09/2025 23:00,27/09/2025 23:30,16.54,8.18
27/09/2025 23:30,28/09/2025 00:00,15.46,7.70
28/09/2025 00:00,28/09/2025 00:30,15.80,7.85
28/09/2025 00:30,28/09/2025 01:00,15.90,7.89
28/09/2025 01:00,28/09/2025 01:30,16.56,8.18
28/09/2025 01:30,28/09/2025 02:00,17.17,8.45
28/09/2025 02:00,28/09/2025 02:30,16.86,8.32
28/09/2025 02:30,28/09/2025 03:00,16.54,8.18
28/09/2025 03:00,28/09/2025 03:30,16.76,8.27
28/09/2025 03:30,28/09/2025 04:00,16.52,8.17
28/09/2025 04:00,28/09/2025 04:30,16.40,8.12
28/09/2025 04:30,28/09/2025 05:00,16.10,7.98
28/09/2025 05:00,28/09/2025 05:30,17.28,8.50
28/09/2025 05:30,28/09/2025 06:00,16.92,8.34
28/09/2025 06:00,28/09/2025 06:30,18.52,9.05
28/09/2025 06:30,28/09/2025 07:00,17.70,8.69
28/09/2025 07:00,28/09/2025 07:30,17.24,8.49
28/09/2025 07:30,28/09/2025 08:00,18.34,8.97
28/09/2025 08:00,28/09/2025 08:30,19.12,9.31
28/09/2025 08:30,28/09/2025 09:00,19.65,9.54
28/09/2025 09:00,28/09/2025 09:30,20.07,9.73
28/09/2025 09:30,28/09/2025 10:00,19.82,9.62
28/09/2025 10:00,28/09/2025 10:30,19.05,9.28
28/09/2025 10:30,28/09/2025 11:00,18.66,9.11
28/09/2025 11:00,28/09/2025 11:30,18.56,9.07
28/09/2025 11:30,28/09/2025 12:00,17.60,8.64
28/09/2025 12:00,28/09/2025 12:30,17.91,8.78
28/09/2025 12:30,28/09/2025 13:00,17.93,8.79
28/09/2025 13:00,28/09/2025 13:30,17.64,8.66
28/09/2025 13:30,28/09/2025 14:00,15.88,7.88
28/09/2025 14:00,28/09/2025 14:30,16.45,8.14
28/09/2025 14:30,28/09/2025 15:00,16.32,8.08
28/09/2025 15:00,28/09/2025 15:30,17.79,8.72
28/09/2025 15:30,28/09/2025 16:00,17.64,8.66
28/09/2025 16:00,28/09/2025 16:30,33.19,13.35
28/09/2025 16:30,28/09/2025 17:00,36.80,14.94
28/09/2025 17:00,28/09/2025 17:30,39.16,15.97
28/09/2025 17:30,28/09/2025 18:00,41.96,17.20
28/09/2025 18:00,28/09/2025 18:30,40.33,16.49
28/09/2025 18:30,28/09/2025 19:00,41.92,17.19
28/09/2025 19:00,28/09/2025 19:30,27.13,12.83
28/09/2025 19:30,28/09/2025 20:00,27.01,12.78
28/09/2025 20:00,28/09/2025 20:30,27.22,12.87
28/09/2025 20:30,28/09/2025 21:00,24.93,11.87
28/09/2025 21:00,28/09/2025 21:30,25.41,12.08
28/09/2025 21:30,28/09/2025 22:00,18.98,9.25
28/09/2025 22:00,28/09/2025 22:30,20.68,10.00
28/09/2025 22:30,28/09/2025 23:00,15.88,7.88
28/09/2025 23:00,28/09/2025 23:30,18.54,9.06
28/09/2025 23:30,29/09/2025 00:00,16.32,8.08
29/09/2025 00:00,29/09/2025 00:30,17.11,8.43
29/09/2025 00:30,29/09/2025 01:00,16.54,8.18
29/09/2025 01:00,29/09/2025 01:30,16.54,8.18
29/09/2025 01:30,29/09/2025 02:00,16.54,8.18
29/09/2025 02:00,29/09/2025 02:30,16.54,8.18
29/09/2025 02:30,29/09/2025 03:00,16.25,8.05
29/09/2025 03:00,29/09/2025 03:30,16.54,8.18
29/09/2025 03:30,29/09/2025 04:00,16.45,8.14
29/09/2025 04:00,29/09/2025 04:30,16.54,8.18
29/09/2025 04:30,29/09/2025 05:00,16.27,8.06
29/09/2025 05:00,29/09/2025 05:30,17.20,8.47
29/09/2025 05:30,29/09/2025 06:00,16.93,8.34
29/09/2025 06:00,29/09/2025 06:30,22.05,10.60
29/09/2025 06:30,29/09/2025 07:00,24.03,11.47
29/09/2025 07:00,29/09/2025 07:30,25.80,12.25
29/09/2025 07:30,29/09/2025 08:00,28.89,13.61
29/09/2025 08:00,29/09/2025 08:30,24.25,11.57
29/09/2025 08:30,29/09/2025 09:00,23.49,11.23
29/09/2025 09:00,29/09/2025 09:30,20.78,10.04
29/09/2025 09:30,29/09/2025 10:00,17.43,8.57
29/09/2025 10:00,29/09/2025 10:30,18.19,8.90
29/09/2025 10:30,29/09/2025 11:00,18.84,9.19
29/09/2025 11:00,29/09/2025 11:30,16.32,8.08
29/09/2025 11:30,29/09/2025 12:00,15.93,7.91
29/09/2025 12:00,29/09/2025 12:30,16.09,7.98
29/09/2025 12:30,29/09/2025 13:00,15.73,7.82
29/09/2025 13:00,29/09/2025 13:30,15.96,7.92
29/09/2025 13:30,29/09/2025 14:00,15.82,7.86
29/09/2025 14:00,29/09/2025 14:30,16.10,7.98
29/09/2025 14:30,29/09/2025 15:00,16.30,8.07
29/09/2025 15:00,29/09/2025 15:30,16.91,8.34
29/09/2025 15:30,29/09/2025 16:00,15.34,7.65
29/09/2025 16:00,29/09/2025 16:30,32.92,13.23
29/09/2025 16:30,29/09/2025 17:00,35.82,14.50
29/09/2025 17:00,29/09/2025 17:30,45.32,18.68
29/09/2025 17:30,29/09/2025 18:00,47.56,19.67
29/09/2025 18:00,29/09/2025 18:30,50.89,21.13
29/09/2025 18:30,29/09/2025 19:00,51.07,21.21
29/09/2025 19:00,29/09/2025 19:30,30.65,14.38
29/09/2025 19:30,29/09/2025 20:00,28.95,13.63
29/09/2025 20:00,29/09/2025 20:30,23.81,11.38
29/09/2025 20:30,29/09/2025 21:00,19.62,9.53
29/09/2025 21:00,29/09/2025 21:30,20.17,9.77
29/09/2025 21:30,29/09/2025 22:00,18.36,8.98
29/09/2025 22:00,29/09/2025 22:30,18.44,9.01
29/09/2025 22:30,29/09/2025 23:00,16.01,7.94
29/09/2025 23:00,29/09/2025 23:30,18.97,9.25
29/09/2025 23:30,30/09/2025 00:00,16.10,7.98
30/09/2025 00:00,30/09/2025 00:30,16.85,8.31
30/09/2025 00:30,30/09/2025 01:00,15.89,7.89
30/09/2025 01:00,30/09/2025 01:30,16.35,8.09
30/09/2025 01:30,30/09/2025 02:00,15.86,7.88
30/09/2025 02:00,30/09/2025 02:30,15.92,7.90
30/09/2025 02:30,30/09/2025 03:00,15.44,7.69
30/09/2025 03:00,30/09/2025 03:30,16.32,8.08
30/09/2025 03:30,30/09/2025 04:00,15.44,7.69
30/09/2025 04:00,30/09/2025 04:30,14.79,7.41
30/09/2025 04:30,30/09/2025 05:00,14.33,7.20
30/09/2025 05:00,30/09/2025 05:30,14.33,7.20
30/09/2025 05:30,30/09/2025 06:00,13.26,6.73
30/09/2025 06:00,30/09/2025 06:30,17.62,8.65
30/09/2025 06:30,30/09/2025 07:00,20.95,10.12
30/09/2025 07:00,30/09/2025 07:30,23.59,11.28
30/09/2025 07:30,30/09/2025 08:00,25.04,11.91
30/09/2025 08:00,30/09/2025 08:30,24.59,11.72
30/09/2025 08:30,30/09/2025 09:00,23.79,11.37
30/09/2025 09:00,30/09/2025 09:30,21.40,10.32
30/09/2025 09:30,30/09/2025 10:00,18.74,9.14
30/09/2025 10:00,30/09/2025 10:30,16.70,8.24
30/09/2025 10:30,30/09/2025 11:00,15.49,7.71
30/09/2025 11:00,30/09/2025 11:30,15.79,7.85
30/09/2025 11:30,30/09/2025 12:00,14.86,7.44
30/09/2025 12:00,30/09/2025 12:30,15.54,7.74
30/09/2025 12:30,30/09/2025 13:00,14.99,7.50
30/09/2025 13:00,30/09/2025 13:30,16.16,8.01
30/09/2025 13:30,30/09/2025 14:00,15.18,7.58
30/09/2025 14:00,30/09/2025 14:30,14.55,7.30
30/09/2025 14:30,30/09/2025 15:00,14.77,7.40
30/09/2025 15:00,30/09/2025 15:30,14.99,7.50
30/09/2025 15:30,30/09/2025 16:00,15.44,7.69
30/09/2025 16:00,30/09/2025 16:30,28.20,11.15
30/09/2025 16:30,30/09/2025 17:00,32.39,13.00
30/09/2025 17:00,30/09/2025 17:30,37.19,15.11
30/09/2025 17:30,30/09/2025 18:00,39.97,16.33
30/09/2025 18:00,30/09/2025 18:30,38.15,15.53
30/09/2025 18:30,30/09/2025 19:00,40.75,16.67
30/09/2025 19:00,30/09/2025 19:30,24.77,11.80
30/09/2025 19:30,30/09/2025 20:00,23.37,11.18
30/09/2025 20:00,30/09/2025 20:30,19.38,9.43
30/09/2025 20:30,30/09/2025 21:00,15.44,7.69
30/09/2025 21:00,30/09/2025 21:30,19.19,9.34
30/09/2025 21:30,30/09/2025 22:00,16.47,8.15
30/09/2025 22:00,30/09/2025 22:30,17.83,8.74
30/09/2025 22:30,30/09/2025 23:00,15.30,7.63
30/09/2025 23:00,30/09/2025 23:30,17.64,8.66
30/09/2025 23:30,01/10/2025 00:00,18.30,8.95
01/10/2025 00:00,01/10/2025 00:30,16.32,8.08
01/10/2025 00:30,01/10/2025 01:00,16.04,7.96
01/10/2025 01:00,01/10/2025 01:30,15.40,7.68
01/10/2025 01:30,01/10/2025 02:00,15.45,7.69
01/10/2025 02:00,01/10/2025 02:30,14.95,7.48
01/10/2025 02:30,01/10/2025 03:00,15.19,7.58
01/10/2025 03:00,01/10/2025 03:30,15.37,7.66
01/10/2025 03:30,01/10/2025 04:00,14.92,7.46
01/10/2025 04:00,01/10/2025 04:30,14.79,7.41
01/10/2025 04:30,01/10/2025 05:00,13.89,7.01
01/10/2025 05:00,01/10/2025 05:30,15.44,7.69
01/10/2025 05:30,01/10/2025 06:00,14.11,7.11
01/10/2025 06:00,01/10/2025 06:30,19.18,9.34
01/10/2025 06:30,01/10/2025 07:00,19.84,9.63
01/10/2025 07:00,01/10/2025 07:30,22.05,10.60
01/10/2025 07:30,01/10/2025 08:00,24.03,11.47
01/10/2025 08:00,01/10/2025 08:30,21.07,10.17
01/10/2025 08:30,01/10/2025 09:00,20.38,9.87
01/10/2025 09:00,01/10/2025 09:30,17.36,8.53
01/10/2025 09:30,01/10/2025 10:00,16.56,8.18
01/10/2025 10:00,01/10/2025 10:30,14.11,7.11
01/10/2025 10:30,01/10/2025 11:00,13.72,6.94
01/10/2025 11:00,01/10/2025 11:30,14.55,7.30
01/10/2025 11:30,01/10/2025 12:00,15.44,7.69
01/10/2025 12:00,01/10/2025 12:30,15.44,7.69
01/10/2025 12:30,01/10/2025 13:00,15.66,7.79
01/10/2025 13:00,01/10/2025 13:30,16.04,7.96
01/10/2025 13:30,01/10/2025 14:00,15.21,7.59
01/10/2025 14:00,01/10/2025 14:30,15.44,7.69
01/10/2025 14:30,01/10/2025 15:00,15.21,7.59
01/10/2025 15:00,01/10/2025 15:30,17.20,8.47
01/10/2025 15:30,01/10/2025 16:00,17.20,8.47
01/10/2025 16:00,01/10/2025 16:30,32.38,12.99
01/10/2025 16:30,01/10/2025 17:00,31.87,12.77
01/10/2025 17:00,01/10/2025 17:30,35.26,14.26
01/10/2025 17:30,01/10/2025 18:00,37.68,15.32
01/10/2025 18:00,01/10/2025 18:30,38.79,15.81
01/10/2025 18:30,01/10/2025 19:00,38.79,15.81
01/10/2025 19:00,01/10/2025 19:30,23.58,11.27
01/10/2025 19:30,01/10/2025 20:00,23.07,11.05
01/10/2025 20:00,01/10/2025 20:30,19.00,9.26
01/10/2025 20:30,01/10/2025 21:00,17.94,8.79
01/10/2025 21:00,01/10/2025 21:30,17.64,8.66
01/10/2025 21:30,01/10/2025 22:00,16.76,8.27
01/10/2025 22:00,01/10/2025 22:30,16.32,8.08
01/10/2025 22:30,01/10/2025 23:00,16.02,7.95
01/10/2025 23:00,01/10/2025 23:30,16.98,8.37
01/10/2025 23:30,02/10/2025 00:00,16.56,8.18
02/10/2025 00:00,02/10/2025 00:30,15.99,7.94
02/10/2025 00:30,02/10/2025 01:00,16.54,8.18
02/10/2025 01:00,02/10/2025 01:30,16.52,8.17
02/10/2025 01:30,02/10/2025 02:00,16.54,8.18
02/10/2025 02:00,02/10/2025 02:30,16.54,8.18
02/10/2025 02:30,02/10/2025 03:00,16.32,8.08
02/10/2025 03:00,02/10/2025 03:30,16.54,8.18
02/10/2025 03:30,02/10/2025 04:00,15.87,7.88
02/10/2025 04:00,02/10/2025 04:30,17.64,8.66
02/10/2025 04:30,02/10/2025 05:00,16.78,8.28
02/10/2025 05:00,02/10/2025 05:30,17.65,8.66
02/10/2025 05:30,02/10/2025 06:00,16.54,8.18
02/10/2025 06:00,02/10/2025 06:30,18.55,9.06
02/10/2025 06:30,02/10/2025 07:00,22.63,10.85
02/10/2025 07:00,02/10/2025 07:30,23.37,11.18
02/10/2025 07:30,02/10/2025 08:00,25.69,12.20
02/10/2025 08:00,02/10/2025 08:30,21.17,10.21
02/10/2025 08:30,02/10/2025 09:00,21.11,10.18
02/10/2025 09:00,02/10/2025 09:30,20.08,9.73
02/10/2025 09:30,02/10/2025 10:00,18.00,8.82
02/10/2025 10:00,02/10/2025 10:30,16.54,8.18
02/10/2025 10:30,02/10/2025 11:00,16.76,8.27
02/10/2025 11:00,02/10/2025 11:30,17.19,8.46
02/10/2025 11:30,02/10/2025 12:00,18.30,8.95
02/10/2025 12:00,02/10/2025 12:30,17.31,8.52
02/10/2025 12:30,02/10/2025 13:00,17.19,8.46
02/10/2025 13:00,02/10/2025 13:30,14.24,7.16
02/10/2025 13:30,02/10/2025 14:00,13.67,6.91
02/10/2025 14:00,02/10/2025 14:30,14.29,7.19
02/10/2025 14:30,02/10/2025 15:00,13.53,6.85
02/10/2025 15:00,02/10/2025 15:30,14.01,7.06
02/10/2025 15:30,02/10/2025 16:00,14.55,7.30
02/10/2025 16:00,02/10/2025 16:30,29.53,11.73
02/10/2025 16:30,02/10/2025 17:00,31.39,12.56
02/10/2025 17:00,02/10/2025 17:30,33.27,13.38
02/10/2025 17:30,02/10/2025 18:00,34.38,13.87
02/10/2025 18:00,02/10/2025 18:30,35.43,14.33
02/10/2025 18:30,02/10/2025 19:00,35.73,14.46
02/10/2025 19:00,02/10/2025 19:30,19.32,9.40
02/10/2025 19:30,02/10/2025 20:00,18.19,8.90
02/10/2025 20:00,02/10/2025 20:30,15.41,7.68
02/10/2025 20:30,02/10/2025 21:00,14.41,7.24
02/10/2025 21:00,02/10/2025 21:30,13.89,7.01
02/10/2025 21:30,02/10/2025 22:00,11.21,5.83
02/10/2025 22:00,02/10/2025 22:30,9.84,5.23
02/10/2025 22:30,02/10/2025 23:00,6.48,3.75
02/10/2025 23:00,02/10/2025 23:30,6.62,3.81
02/10/2025 23:30,03/10/2025 00:00,5.51,3.32
03/10/2025 00:00,03/10/2025 00:30,4.85,3.03
03/10/2025 00:30,03/10/2025 01:00,5.33,3.25
03/10/2025 01:00,03/10/2025 01:30,5.53,3.33
03/10/2025 01:30,03/10/2025 02:00,5.49,3.32
03/10/2025 02:00,03/10/2025 02:30,6.63,3.81
03/10/2025 02:30,03/10/2025 03:00,6.66,3.83
03/10/2025 03:00,03/10/2025 03:30,7.50,4.20
03/10/2025 03:30,03/10/2025 04:00,7.06,4.00
03/10/2025 04:00,03/10/2025 04:30,5.73,3.42
03/10/2025 04:30,03/10/2025 05:00,5.29,3.23
03/10/2025 05:00,03/10/2025 05:30,5.63,3.37
03/10/2025 05:30,03/10/2025 06:00,9.00,4.86
03/10/2025 06:00,03/10/2025 06:30,15.75,7.83
03/10/2025 06:30,03/10/2025 07:00,17.30,8.51
03/10/2025 07:00,03/10/2025 07:30,19.84,9.63
03/10/2025 07:30,03/10/2025 08:00,20.95,10.12
03/10/2025 08:00,03/10/2025 08:30,20.73,10.02
03/10/2025 08:30,03/10/2025 09:00,20.50,9.92
03/10/2025 09:00,03/10/2025 09:30,19.62,9.53
03/10/2025 09:30,03/10/2025 10:00,18.54,9.06
03/10/2025 10:00,03/10/2025 10:30,18.81,9.17
03/10/2025 10:30,03/10/2025 11:00,15.44,7.69
03/10/2025 11:00,03/10/2025 11:30,15.10,7.54
03/10/2025 11:30,03/10/2025 12:00,14.26,7.17
03/10/2025 12:00,03/10/2025 12:30,14.99,7.50
03/10/2025 12:30,03/10/2025 13:00,14.38,7.23
03/10/2025 13:00,03/10/2025 13:30,12.13,6.24
03/10/2025 13:30,03/10/2025 14:00,11.47,5.94
03/10/2025 14:00,03/10/2025 14:30,10.92,5.70
03/10/2025 14:30,03/10/2025 15:00,10.66,5.59
03/10/2025 15:00,03/10/2025 15:30,11.03,5.75
03/10/2025 15:30,03/10/2025 16:00,11.08,5.77
03/10/2025 16:00,03/10/2025 16:30,23.63,9.14
03/10/2025 16:30,03/10/2025 17:00,25.80,10.09
03/10/2025 17:00,03/10/2025 17:30,22.42,8.61
03/10/2025 17:30,03/10/2025 18:00,24.68,9.60
03/10/2025 18:00,03/10/2025 18:30,25.09,9.79
03/10/2025 18:30,03/10/2025 19:00,27.09,10.66
03/10/2025 19:00,03/10/2025 19:30,12.26,6.29
03/10/2025 19:30,03/10/2025 20:00,10.52,5.53
03/10/2025 20:00,03/10/2025 20:30,7.72,4.30
03/10/2025 20:30,03/10/2025 21:00,7.72,4.30
03/10/2025 21:00,03/10/2025 21:30,4.59,2.92
03/10/2025 21:30,03/10/2025 22:00,4.41,2.84
03/10/2025 22:00,03/10/2025 22:30,6.62,3.81
03/10/2025 22:30,03/10/2025 23:00,2.19,1.87
03/10/2025 23:00,03/10/2025 23:30,3.53,2.45
03/10/2025 23:30,04/10/2025 00:00,-0.15,0.84
04/10/2025 00:00,04/10/2025 00:30,0.97,1.32
04/10/2025 00:30,04/10/2025 01:00,0.80,1.25
04/10/2025 01:00,04/10/2025 01:30,-0.44,0.71
04/10/2025 01:30,04/10/2025 02:00,-0.43,0.71
04/10/2025 02:00,04/10/2025 02:30,0.04,0.92
04/10/2025 02:30,04/10/2025 03:00,-0.22,0.80
04/10/2025 03:00,04/10/2025 03:30,-0.22,0.80
04/10/2025 03:30,04/10/2025 04:00,-0.22,0.80
04/10/2025 04:00,04/10/2025 04:30,-0.22,0.80
04/10/2025 04:30,04/10/2025 05:00,-0.22,0.80
04/10/2025 05:00,04/10/2025 05:30,0.19,0.99
04/10/2025 05:30,04/10/2025 06:00,-0.19,0.81
04/10/2025 06:00,04/10/2025 06:30,-0.21,0.81
04/10/2025 06:30,04/10/2025 07:00,2.40,1.96
04/10/2025 07:00,04/10/2025 07:30,-0.46,0.70
04/10/2025 07:30,04/10/2025 08:00,2.67,2.07
04/10/2025 08:00,04/10/2025 08:30,2.88,2.17
04/10/2025 08:30,04/10/2025 09:00,4.63,2.94
04/10/2025 09:00,04/10/2025 09:30,1.10,1.38
04/10/2025 09:30,04/10/2025 10:00,1.16,1.41
04/10/2025 10:00,04/10/2025 10:30,0.05,0.93
04/10/2025 10:30,04/10/2025 11:00,-0.46,0.70
04/10/2025 11:00,04/10/2025 11:30,0.09,0.94
04/10/2025 11:30,04/10/2025 12:00,-0.22,0.80
04/10/2025 12:00,04/10/2025 12:30,1.54,1.58
04/10/2025 12:30,04/10/2025 13:00,-0.22,0.80
04/10/2025 13:00,04/10/2025 13:30,0.16,0.97
04/10/2025 13:30,04/10/2025 14:00,-0.22,0.80
04/10/2025 14:00,04/10/2025 14:30,-0.46,0.70
04/10/2025 14:30,04/10/2025 15:00,-0.41,0.72
04/10/2025 15:00,04/10/2025 15:30,0.13,0.96
04/10/2025 15:30,04/10/2025 16:00,0.53,1.13
04/10/2025 16:00,04/10/2025 16:30,13.19,4.55
04/10/2025 16:30,04/10/2025 17:00,15.86,5.72
04/10/2025 17:00,04/10/2025 17:30,11.89,3.97
04/10/2025 17:30,04/10/2025 18:00,16.30,5.91
04/10/2025 18:00,04/10/2025 18:30,16.04,5.80
04/10/2025 18:30,04/10/2025 19:00,17.72,6.54
04/10/2025 19:00,04/10/2025 19:30,3.27,2.34
04/10/2025 19:30,04/10/2025 20:00,1.14,1.40
04/10/2025 20:00,04/10/2025 20:30,2.21,1.87
04/10/2025 20:30,04/10/2025 21:00,0.00,0.90
04/10/2025 21:00,04/10/2025 21:30,1.53,1.58
04/10/2025 21:30,04/10/2025 22:00,-0.46,0.70
04/10/2025 22:00,04/10/2025 22:30,0.70,1.21
04/10/2025 22:30,04/10/2025 23:00,-0.46,0.70
04/10/2025 23:00,04/10/2025 23:30,1.98,1.77
04/10/2025 23:30,05/10/2025 00:00,0.00,0.90
05/10/2025 00:00,05/10/2025 00:30,-0.46,0.70
05/10/2025 00:30,05/10/2025 01:00,-0.22,0.80
05/10/2025 01:00,05/10/2025 01:30,-0.88,0.51
05/10/2025 01:30,05/10/2025 02:00,-0.46,0.70
05/10/2025 02:00,05/10/2025 02:30,-0.46,0.70
05/10/2025 02:30,05/10/2025 03:00,-0.44,0.71
05/10/2025 03:00,05/10/2025 03:30,-0.22,0.80
05/10/2025 03:30,05/10/2025 04:00,-0.42,0.72
05/10/2025 04:00,05/10/2025 04:30,-1.34,0.31
05/10/2025 04:30,05/10/2025 05:00,-0.84,0.53
05/10/2025 05:00,05/10/2025 05:30,-0.22,0.80
05/10/2025 05:30,05/10/2025 06:00,-0.46,0.70
05/10/2025 06:00,05/10/2025 06:30,-0.28,0.77
05/10/2025 06:30,05/10/2025 07:00,-0.02,0.89
05/10/2025 07:00,05/10/2025 07:30,0.04,0.92
05/10/2025 07:30,05/10/2025 08:00,1.26,1.45
05/10/2025 08:00,05/10/2025 08:30,1.54,1.58
05/10/2025 08:30,05/10/2025 09:00,2.21,1.87
05/10/2025 09:00,05/10/2025 09:30,1.63,1.62
05/10/2025 09:30,05/10/2025 10:00,1.76,1.68
05/10/2025 10:00,05/10/2025 10:30,0.22,1.00
05/10/2025 10:30,05/10/2025 11:00,-0.22,0.80
05/10/2025 11:00,05/10/2025 11:30,0.46,1.10
05/10/2025 11:30,05/10/2025 12:00,-0.46,0.70
05/10/2025 12:00,05/10/2025 12:30,0.28,1.03
05/10/2025 12:30,05/10/2025 13:00,0.88,1.29
05/10/2025 13:00,05/10/2025 13:30,0.40,1.07
05/10/2025 13:30,05/10/2025 14:00,0.85,1.28
05/10/2025 14:00,05/10/2025 14:30,0.72,1.22
05/10/2025 14:30,05/10/2025 15:00,0.99,1.34
05/10/2025 15:00,05/10/2025 15:30,0.22,1.00
05/10/2025 15:30,05/10/2025 16:00,0.99,1.33
05/10/2025 16:00,05/10/2025 16:30,11.99,4.02
05/10/2025 16:30,05/10/2025 17:00,20.51,7.77
05/10/2025 17:00,05/10/2025 17:30,25.68,10.04
05/10/2025 17:30,05/10/2025 18:00,29.68,11.80
05/10/2025 18:00,05/10/2025 18:30,27.48,10.83
05/10/2025 18:30,05/10/2025 19:00,29.26,11.62
05/10/2025 19:00,05/10/2025 19:30,16.52,8.17
05/10/2025 19:30,05/10/2025 20:00,14.43,7.25
05/10/2025 20:00,05/10/2025 20:30,13.76,6.95
05/10/2025 20:30,05/10/2025 21:00,9.70,5.17
05/10/2025 21:00,05/10/2025 21:30,10.87,5.68
05/10/2025 21:30,05/10/2025 22:00,5.45,3.30
05/10/2025 22:00,05/10/2025 22:30,7.36,4.14
05/10/2025 22:30,05/10/2025 23:00,2.56,2.03
05/10/2025 23:00,05/10/2025 23:30,8.59,4.68
05/10/2025 23:30,06/10/2025 00:00,3.93,2.63
06/10/2025 00:00,06/10/2025 00:30,4.19,2.74
06/10/2025 00:30,06/10/2025 01:00,2.65,2.06
06/10/2025 01:00,06/10/2025 01:30,2.73,2.10
06/10/2025 01:30,06/10/2025 02:00,2.87,2.16
06/10/2025 02:00,06/10/2025 02:30,4.17,2.73
06/10/2025 02:30,06/10/2025 03:00,3.31,2.36
06/10/2025 03:00,06/10/2025 03:30,4.41,2.84
06/10/2025 03:30,06/10/2025 04:00,4.01,2.67
06/10/2025 04:00,06/10/2025 04:30,4.01,2.67
06/10/2025 04:30,06/10/2025 05:00,2.45,1.98
06/10/2025 05:00,06/10/2025 05:30,13.07,6.65
06/10/2025 05:30,06/10/2025 06:00,14.84,7.43
06/10/2025 06:00,06/10/2025 06:30,17.19,8.46
06/10/2025 06:30,06/10/2025 07:00,18.74,9.14
06/10/2025 07:00,06/10/2025 07:30,21.75,10.46
06/10/2025 07:30,06/10/2025 08:00,24.48,11.67
06/10/2025 08:00,06/10/2025 08:30,23.67,11.31
06/10/2025 08:30,06/10/2025 09:00,21.76,10.47
06/10/2025 09:00,06/10/2025 09:30,20.95,10.12
06/10/2025 09:30,06/10/2025 10:00,18.21,8.91
06/10/2025 10:00,06/10/2025 10:30,17.29,8.51
06/10/2025 10:30,06/10/2025 11:00,15.93,7.91
06/10/2025 11:00,06/10/2025 11:30,16.32,8.08
06/10/2025 11:30,06/10/2025 12:00,14.55,7.30
06/10/2025 12:00,06/10/2025 12:30,14.82,7.42
06/10/2025 12:30,06/10/2025 13:00,14.33,7.20
06/10/2025 13:00,06/10/2025 13:30,14.33,7.20
06/10/2025 13:30,06/10/2025 14:00,14.12,7.11
06/10/2025 14:00,06/10/2025 14:30,14.33,7.20
06/10/2025 14:30,06/10/2025 15:00,14.69,7.36
06/10/2025 15:00,06/10/2025 15:30,14.33,7.20
06/10/2025 15:30,06/10/2025 16:00,14.89,7.45
06/10/2025 16:00,06/10/2025 16:30,31.38,12.55
06/10/2025 16:30,06/10/2025 17:00,31.38,12.55
06/10/2025 17:00,06/10/2025 17:30,31.68,12.68
06/10/2025 17:30,06/10/2025 18:00,36.19,14.67
06/10/2025 18:00,06/10/2025 18:30,40.04,16.36
06/10/2025 18:30,06/10/2025 19:00,40.92,16.74
06/10/2025 19:00,06/10/2025 19:30,27.12,12.83
06/10/2025 19:30,06/10/2025 20:00,25.24,12.00
06/10/2025 20:00,06/10/2025 20:30,22.27,10.70
06/10/2025 20:30,06/10/2025 21:00,19.64,9.54
06/10/2025 21:00,06/10/2025 21:30,18.98,9.25
06/10/2025 21:30,06/10/2025 22:00,16.91,8.34
06/10/2025 22:00,06/10/2025 22:30,17.64,8.66
06/10/2025 22:30,06/10/2025 23:00,17.69,8.68
06/10/2025 23:00,06/10/2025 23:30,18.30,8.95
06/10/2025 23:30,07/10/2025 00:00,16.83,8.30
07/10/2025 00:00,07/10/2025 00:30,16.76,8.27
07/10/2025 00:30,07/10/2025 01:00,15.92,7.90
07/10/2025 01:00,07/10/2025 01:30,16.58,8.19
07/10/2025 01:30,07/10/2025 02:00,15.92,7.90
07/10/2025 02:00,07/10/2025 02:30,14.92,7.47
07/10/2025 02:30,07/10/2025 03:00,14.36,7.22
07/10/2025 03:00,07/10/2025 03:30,14.90,7.45
07/10/2025 03:30,07/10/2025 04:00,14.24,7.16
07/10/2025 04:00,07/10/2025 04:30,14.79,7.41
07/10/2025 04:30,07/10/2025 05:00,14.96,7.48
07/10/2025 05:00,07/10/2025 05:30,17.64,8.66
07/10/2025 05:30,07/10/2025 06:00,17.42,8.56
07/10/2025 06:00,07/10/2025 06:30,20.95,10.12
07/10/2025 06:30,07/10/2025 07:00,21.17,10.21
07/10/2025 07:00,07/10/2025 07:30,20.29,9.82
07/10/2025 07:30,07/10/2025 08:00,22.93,10.99
07/10/2025 08:00,07/10/2025 08:30,22.33,10.73
07/10/2025 08:30,07/10/2025 09:00,22.33,10.73
07/10/2025 09:00,07/10/2025 09:30,21.85,10.51
07/10/2025 09:30,07/10/2025 10:00,21.28,10.26
07/10/2025 10:00,07/10/2025 10:30,18.92,9.22
07/10/2025 10:30,07/10/2025 11:00,18.61,9.09
07/10/2025 11:00,07/10/2025 11:30,17.85,8.75
07/10/2025 11:30,07/10/2025 12:00,16.98,8.37
07/10/2025 12:00,07/10/2025 12:30,17.21,8.47
07/10/2025 12:30,07/10/2025 13:00,16.76,8.27
07/10/2025 13:00,07/10/2025 13:30,16.59,8.20
07/10/2025 13:30,07/10/2025 14:00,16.70,8.24
07/10/2025 14:00,07/10/2025 14:30,17.36,8.53
07/10/2025 14:30,07/10/2025 15:00,18.42,9.00
07/10/2025 15:00,07/10/2025 15:30,20.38,9.86
07/10/2025 15:30,07/10/2025 16:00,19.04,9.27
07/10/2025 16:00,07/10/2025 16:30,30.41,12.12
07/10/2025 16:30,07/10/2025 17:00,35.32,14.29
07/10/2025 17:00,07/10/2025 17:30,39.30,16.03
07/10/2025 17:30,07/10/2025 18:00,40.79,16.69
07/10/2025 18:00,07/10/2025 18:30,41.93,17.19
07/10/2025 18:30,07/10/2025 19:00,44.70,18.41
07/10/2025 19:00,07/10/2025 19:30,28.31,13.35
07/10/2025 19:30,07/10/2025 20:00,27.00,12.78
07/10/2025 20:00,07/10/2025 20:30,23.38,11.19
07/10/2025 20:30,07/10/2025 21:00,19.95,9.68
07/10/2025 21:00,07/10/2025 21:30,19.88,9.64
07/10/2025 21:30,07/10/2025 22:00,18.15,8.89
07/10/2025 22:00,07/10/2025 22:30,19.10,9.30
07/10/2025 22:30,07/10/2025 23:00,17.64,8.66
07/10/2025 23:00,07/10/2025 23:30,19.05,9.28
07/10/2025 23:30,08/10/2025 00:00,18.97,9.25
08/10/2025 00:00,08/10/2025 00:30,18.52,9.05
08/10/2025 00:30,08/10/2025 01:00,17.86,8.76
08/10/2025 01:00,08/10/2025 01:30,18.50,9.04
08/10/2025 01:30,08/10/2025 02:00,18.42,9.00
08/10/2025 02:00,08/10/2025 02:30,16.76,8.27
08/10/2025 02:30,08/10/2025 03:00,16.54,8.18
08/10/2025 03:00,08/10/2025 03:30,16.34,8.09
08/10/2025 03:30,08/10/2025 04:00,16.21,8.03
08/10/2025 04:00,08/10/2025 04:30,16.60,8.20
08/10/2025 04:30,08/10/2025 05:00,16.42,8.13
08/10/2025 05:00,08/10/2025 05:30,18.32,8.96
08/10/2025 05:30,08/10/2025 06:00,18.08,8.85
08/10/2025 06:00,08/10/2025 06:30,20.95,10.12
08/10/2025 06:30,08/10/2025 07:00,24.33,11.60
08/10/2025 07:00,08/10/2025 07:30,26.06,12.37
08/10/2025 07:30,08/10/2025 08:00,26.90,12.73
08/10/2025 08:00,08/10/2025 08:30,23.81,11.38
08/10/2025 08:30,08/10/2025 09:00,25.62,12.17
08/10/2025 09:00,08/10/2025 09:30,24.25,11.57
08/10/2025 09:30,08/10/2025 10:00,21.17,10.21
08/10/2025 10:00,08/10/2025 10:30,19.80,9.61
08/10/2025 10:30,08/10/2025 11:00,18.26,8.93
08/10/2025 11:00,08/10/2025 11:30,17.55,8.62
08/10/2025 11:30,08/10/2025 12:00,16.76,8.27
08/10/2025 12:00,08/10/2025 12:30,17.09,8.42
08/10/2025 12:30,08/10/2025 13:00,16.42,8.13
08/10/2025 13:00,08/10/2025 13:30,16.52,8.17
08/10/2025 13:30,08/10/2025 14:00,16.42,8.13
08/10/2025 14:00,08/10/2025 14:30,16.92,8.34
08/10/2025 14:30,08/10/2025 15:00,16.48,8.15
08/10/2025 15:00,08/10/2025 15:30,16.96,8.36
08/10/2025 15:30,08/10/2025 16:00,16.98,8.37
08/10/2025 16:00,08/10/2025 16:30,30.63,12.22
08/10/2025 16:30,08/10/2025 17:00,34.20,13.79
08/10/2025 17:00,08/10/2025 17:30,35.54,14.38
08/10/2025 17:30,08/10/2025 18:00,39.51,16.13
08/10/2025 18:00,08/10/2025 18:30,40.11,16.39
08/10/2025 18:30,08/10/2025 19:00,41.43,16.97
08/10/2025 19:00,08/10/2025 19:30,26.02,12.35
08/10/2025 19:30,08/10/2025 20:00,23.09,11.06
08/10/2025 20:00,08/10/2025 20:30,22.53,10.81
08/10/2025 20:30,08/10/2025 21:00,21.17,10.21
08/10/2025 21:00,08/10/2025 21:30,19.70,9.57
08/10/2025 21:30,08/10/2025 22:00,17.40,8.55
08/10/2025 22:00,08/10/2025 22:30,16.98,8.37
08/10/2025 22:30,08/10/2025 23:00,16.42,8.13
08/10/2025 23:00,08/10/2025 23:30,18.19,8.90
08/10/2025 23:30,09/10/2025 00:00,17.87,8.76
09/10/2025 00:00,09/10/2025 00:30,18.93,9.23
09/10/2025 00:30,09/10/2025 01:00,17.38,8.54
09/10/2025 01:00,09/10/2025 01:30,16.72,8.25
09/10/2025 01:30,09/10/2025 02:00,16.67,8.23
09/10/2025 02:00,09/10/2025 02:30,17.06,8.41
09/10/2025 02:30,09/10/2025 03:00,16.61,8.21
09/10/2025 03:00,09/10/2025 03:30,17.64,8.66
09/10/2025 03:30,09/10/2025 04:00,17.06,8.40
09/10/2025 04:00,09/10/2025 04:30,17.20,8.47
09/10/2025 04:30,09/10/2025 05:00,16.54,8.17
09/10/2025 05:00,09/10/2025 05:30,17.42,8.56
09/10/2025 05:30,09/10/2025 06:00,17.30,8.51
09/10/2025 06:00,09/10/2025 06:30,18.96,9.24
09/10/2025 06:30,09/10/2025 07:00,22.28,10.70
09/10/2025 07:00,09/10/2025 07:30,25.15,11.96
09/10/2025 07:30,09/10/2025 08:00,26.40,12.51
09/10/2025 08:00,09/10/2025 08:30,25.38,12.06
09/10/2025 08:30,09/10/2025 09:00,24.21,11.55
09/10/2025 09:00,09/10/2025 09:30,21.17,10.21
09/10/2025 09:30,09/10/2025 10:00,18.84,9.19
09/10/2025 10:00,09/10/2025 10:30,17.64,8.66
09/10/2025 10:30,09/10/2025 11:00,17.80,8.73
09/10/2025 11:00,09/10/2025 11:30,17.57,8.63
09/10/2025 11:30,09/10/2025 12:00,16.78,8.28
09/10/2025 12:00,09/10/2025 12:30,16.32,8.08
09/10/2025 12:30,09/10/2025 13:00,16.54,8.18
09/10/2025 13:00,09/10/2025 13:30,15.89,7.89
09/10/2025 13:30,09/10/2025 14:00,15.42,7.69
09/10/2025 14:00,09/10/2025 14:30,14.99,7.50
09/10/2025 14:30,09/10/2025 15:00,15.21,7.59
09/10/2025 15:00,09/10/2025 15:30,16.98,8.37
09/10/2025 15:30,09/10/2025 16:00,18.08,8.85
09/10/2025 16:00,09/10/2025 16:30,32.42,13.01
09/10/2025 16:30,09/10/2025 17:00,31.76,12.72
09/10/2025 17:00,09/10/2025 17:30,35.28,14.27
09/10/2025 17:30,09/10/2025 18:00,39.56,16.15
09/10/2025 18:00,09/10/2025 18:30,38.21,15.56
09/10/2025 18:30,09/10/2025 19:00,39.89,16.29
09/10/2025 19:00,09/10/2025 19:30,23.59,11.28
09/10/2025 19:30,09/10/2025 20:00,22.27,10.70
09/10/2025 20:00,09/10/2025 20:30,20.52,9.92
09/10/2025 20:30,09/10/2025 21:00,19.16,9.33
09/10/2025 21:00,09/10/2025 21:30,20.80,10.05
09/10/2025 21:30,09/10/2025 22:00,19.10,9.30
09/10/2025 22:00,09/10/2025 22:30,18.08,8.85
09/10/2025 22:30,09/10/2025 23:00,14.95,7.48
09/10/2025 23:00,09/10/2025 23:30,18.61,9.09
09/10/2025 23:30,10/10/2025 00:00,16.26,8.06
10/10/2025 00:00,10/10/2025 00:30,17.02,8.39
10/10/2025 00:30,10/10/2025 01:00,16.17,8.01
10/10/2025 01:00,10/10/2025 01:30,15.68,7.80
10/10/2025 01:30,10/10/2025 02:00,15.90,7.89
10/10/2025 02:00,10/10/2025 02:30,16.26,8.06
10/10/2025 02:30,10/10/2025 03:00,15.94,7.91
10/10/2025 03:00,10/10/2025 03:30,15.90,7.89
10/10/2025 03:30,10/10/2025 04:00,15.54,7.74
10/10/2025 04:00,10/10/2025 04:30,16.31,8.07
10/10/2025 04:30,10/10/2025 05:00,16.21,8.03
10/10/2025 05:00,10/10/2025 05:30,15.87,7.88
10/10/2025 05:30,10/10/2025 06:00,17.64,8.66
10/10/2025 06:00,10/10/2025 06:30,18.38,8.98
10/10/2025 06:30,10/10/2025 07:00,19.84,9.63
10/10/2025 07:00,10/10/2025 07:30,21.99,10.57
10/10/2025 07:30,10/10/2025 08:00,24.83,11.82
10/10/2025 08:00,10/10/2025 08:30,22.40,10.75
10/10/2025 08:30,10/10/2025 09:00,22.51,10.80
10/10/2025 09:00,10/10/2025 09:30,21.06,10.16
10/10/2025 09:30,10/10/2025 10:00,19.27,9.38
10/10/2025 10:00,10/10/2025 10:30,18.78,9.17
10/10/2025 10:30,10/10/2025 11:00,17.68,8.68
10/10/2025 11:00,10/10/2025 11:30,18.78,9.16
10/10/2025 11:30,10/10/2025 12:00,18.20,8.90
10/10/2025 12:00,10/10/2025 12:30,17.64,8.66
10/10/2025 12:30,10/10/2025 13:00,17.09,8.42
10/10/2025 13:00,10/10/2025 13:30,17.49,8.60
10/10/2025 13:30,10/10/2025 14:00,16.83,8.30
10/10/2025 14:00,10/10/2025 14:30,16.77,8.28
10/10/2025 14:30,10/10/2025 15:00,16.55,8.18
10/10/2025 15:00,10/10/2025 15:30,17.18,8.46
10/10/2025 15:30,10/10/2025 16:00,17.20,8.47
10/10/2025 16:00,10/10/2025 16:30,33.05,13.29
10/10/2025 16:30,10/10/2025 17:00,33.83,13.63
10/10/2025 17:00,10/10/2025 17:30,35.77,14.48
10/10/2025 17:30,10/10/2025 18:00,37.91,15.42
10/10/2025 18:00,10/10/2025 18:30,37.29,15.15
10/10/2025 18:30,10/10/2025 19:00,39.67,16.20
10/10/2025 19:00,10/10/2025 19:30,24.18,11.54
10/10/2025 19:30,10/10/2025 20:00,22.33,10.73
10/10/2025 20:00,10/10/2025 20:30,23.37,11.18
10/10/2025 20:30,10/10/2025 21:00,21.26,10.25
10/10/2025 21:00,10/10/2025 21:30,20.53,9.93
10/10/2025 21:30,10/10/2025 22:00,19.12,9.31
10/10/2025 22:00,10/10/2025 22:30,18.99,9.25
10/10/2025 22:30,10/10/2025 23:00,17.86,8.76
10/10/2025 23:00,10/10/2025 23:30,18.32,8.96
10/10/2025 23:30,11/10/2025 00:00,15.98,7.93
11/10/2025 00:00,11/10/2025 00:30,17.54,8.61
11/10/2025 00:30,11/10/2025 01:00,17.14,8.44
11/10/2025 01:00,11/10/2025 01:30,16.98,8.37
11/10/2025 01:30,11/10/2025 02:00,17.03,8.39
11/10/2025 02:00,11/10/2025 02:30,16.98,8.37
11/10/2025 02:30,11/10/2025 03:00,16.27,8.06
11/10/2025 03:00,11/10/2025 03:30,16.98,8.37
11/10/2025 03:30,11/10/2025 04:00,17.42,8.56
11/10/2025 04:00,11/10/2025 04:30,19.18,9.34
11/10/2025 04:30,11/10/2025 05:00,18.56,9.07
11/10/2025 05:00,11/10/2025 05:30,17.16,8.45
11/10/2025 05:30,11/10/2025 06:00,16.93,8.35
11/10/2025 06:00,11/10/2025 06:30,18.03,8.83
11/10/2025 06:30,11/10/2025 07:00,19.62,9.53
11/10/2025 07:00,11/10/2025 07:30,19.98,9.69
11/10/2025 07:30,11/10/2025 08:00,22.16,10.65
11/10/2025 08:00,11/10/2025 08:30,22.57,10.83
11/10/2025 08:30,11/10/2025 09:00,21.96,10.56
11/10/2025 09:00,11/10/2025 09:30,21.23,10.24
11/10/2025 09:30,11/10/2025 10:00,21.93,10.55
11/10/2025 10:00,11/10/2025 10:30,20.81,10.05
11/10/2025 10:30,11/10/2025 11:00,19.16,9.33
11/10/2025 11:00,11/10/2025 11:30,17.66,8.67
11/10/2025 11:30,11/10/2025 12:00,17.11,8.43
11/10/2025 12:00,11/10/2025 12:30,16.64,8.22
11/10/2025 12:30,11/10/2025 13:00,16.37,8.10
11/10/2025 13:00,11/10/2025 13:30,16.32,8.08
11/10/2025 13:30,11/10/2025 14:00,16.32,8.08
11/10/2025 14:00,11/10/2025 14:30,16.32,8.08
11/10/2025 14:30,11/10/2025 15:00,16.27,8.06
11/10/2025 15:00,11/10/2025 15:30,17.20,8.47
11/10/2025 15:30,11/10/2025 16:00,17.67,8.67
11/10/2025 16:00,11/10/2025 16:30,32.60,13.09
11/10/2025 16:30,11/10/2025 17:00,34.64,13.99
11/10/2025 17:00,11/10/2025 17:30,36.78,14.93
11/10/2025 17:30,11/10/2025 18:00,39.45,16.10
11/10/2025 18:00,11/10/2025 18:30,38.35,15.61
11/10/2025 18:30,11/10/2025 19:00,39.56,16.15
11/10/2025 19:00,11/10/2025 19:30,25.63,12.18
11/10/2025 19:30,11/10/2025 20:00,24.91,11.85
11/10/2025 20:00,11/10/2025 20:30,25.24,12.00
11/10/2025 20:30,11/10/2025 21:00,21.61,10.41
11/10/2025 21:00,11/10/2025 21:30,20.80,10.05
11/10/2025 21:30,11/10/2025 22:00,19.62,9.53
11/10/2025 22:00,11/10/2025 22:30,18.55,9.06
11/10/2025 22:30,11/10/2025 23:00,17.72,8.70
11/10/2025 23:00,11/10/2025 23:30,20.29,9.82
11/10/2025 23:30,12/10/2025 00:00,18.94,9.23
12/10/2025 00:00,12/10/2025 00:30,19.43,9.45
12/10/2025 00:30,12/10/2025 01:00,18.52,9.05
12/10/2025 01:00,12/10/2025 01:30,18.77,9.16
12/10/2025 01:30,12/10/2025 02:00,18.82,9.18
12/10/2025 02:00,12/10/2025 02:30,17.64,8.66
12/10/2025 02:30,12/10/2025 03:00,16.51,8.16
12/10/2025 03:00,12/10/2025 03:30,17.20,8.47
12/10/2025 03:30,12/10/2025 04:00,16.68,8.24
12/10/2025 04:00,12/10/2025 04:30,18.45,9.02
12/10/2025 04:30,12/10/2025 05:00,17.28,8.50
12/10/2025 05:00,12/10/2025 05:30,16.93,8.35
12/10/2025 05:30,12/10/2025 06:00,16.93,8.35
12/10/2025 06:00,12/10/2025 06:30,17.64,8.66
12/10/2025 06:30,12/10/2025 07:00,17.52,8.61
12/10/2025 07:00,12/10/2025 07:30,16.25,8.05
12/10/2025 07:30,12/10/2025 08:00,17.86,8.76
12/10/2025 08:00,12/10/2025 08:30,18.52,9.05
12/10/2025 08:30,12/10/2025 09:00,20.77,10.04
12/10/2025 09:00,12/10/2025 09:30,20.00,9.70
12/10/2025 09:30,12/10/2025 10:00,20.33,9.84
12/10/2025 10:00,12/10/2025 10:30,19.45,9.45
12/10/2025 10:30,12/10/2025 11:00,19.45,9.45
12/10/2025 11:00,12/10/2025 11:30,18.74,9.15
12/10/2025 11:30,12/10/2025 12:00,17.90,8.77
12/10/2025 12:00,12/10/2025 12:30,18.21,8.91
12/10/2025 12:30,12/10/2025 13:00,18.60,9.08
12/10/2025 13:00,12/10/2025 13:30,17.71,8.69
12/10/2025 13:30,12/10/2025 14:00,16.32,8.08
12/10/2025 14:00,12/10/2025 14:30,16.39,8.11
12/10/2025 14:30,12/10/2025 15:00,16.32,8.08
12/10/2025 15:00,12/10/2025 15:30,17.65,8.66
12/10/2025 15:30,12/10/2025 16:00,17.97,8.80
12/10/2025 16:00,12/10/2025 16:30,33.16,13.33
12/10/2025 16:30,12/10/2025 17:00,37.59,15.28
12/10/2025 17:00,12/10/2025 17:30,35.70,14.45
12/10/2025 17:30,12/10/2025 18:00,38.79,15.81
12/10/2025 18:00,12/10/2025 18:30,37.97,15.45
12/10/2025 18:30,12/10/2025 19:00,39.67,16.20
12/10/2025 19:00,12/10/2025 19:30,24.70,11.77
12/10/2025 19:30,12/10/2025 20:00,22.69,10.88
12/10/2025 20:00,12/10/2025 20:30,25.58,12.15
12/10/2025 20:30,12/10/2025 21:00,21.61,10.41
12/10/2025 21:00,12/10/2025 21:30,22.87,10.96
12/10/2025 21:30,12/10/2025 22:00,17.54,8.61
12/10/2025 22:00,12/10/2025 22:30,17.59,8.64
12/10/2025 22:30,12/10/2025 23:00,17.16,8.45
12/10/2025 23:00,12/10/2025 23:30,18.52,9.05
12/10/2025 23:30,13/10/2025 00:00,16.93,8.35
13/10/2025 00:00,13/10/2025 00:30,16.93,8.35
13/10/2025 00:30,13/10/2025 01:00,16.32,8.08
13/10/2025 01:00,13/10/2025 01:30,16.32,8.08
13/10/2025 01:30,13/10/2025 02:00,16.32,8.08
13/10/2025 02:00,13/10/2025 02:30,16.32,8.08
13/10/2025 02:30,13/10/2025 03:00,16.32,8.08
13/10/2025 03:00,13/10/2025 03:30,16.32,8.08
13/10/2025 03:30,13/10/2025 04:00,16.10,7.98
13/10/2025 04:00,13/10/2025 04:30,16.15,8.00
13/10/2025 04:30,13/10/2025 05:00,15.88,7.88
13/10/2025 05:00,13/10/2025 05:30,17.42,8.56
13/10/2025 05:30,13/10/2025 06:00,16.76,8.27
13/10/2025 06:00,13/10/2025 06:30,18.74,9.14
13/10/2025 06:30,13/10/2025 07:00,22.19,10.66
13/10/2025 07:00,13/10/2025 07:30,20.57,9.95
13/10/2025 07:30,13/10/2025 08:00,24.83,11.82
13/10/2025 08:00,13/10/2025 08:30,25.38,12.06
13/10/2025 08:30,13/10/2025 09:00,24.70,11.76
13/10/2025 09:00,13/10/2025 09:30,22.09,10.62
13/10/2025 09:30,13/10/2025 10:00,22.77,10.92
13/10/2025 10:00,13/10/2025 10:30,22.42,10.76
13/10/2025 10:30,13/10/2025 11:00,21.72,10.46
13/10/2025 11:00,13/10/2025 11:30,20.24,9.80
13/10/2025 11:30,13/10/2025 12:00,19.47,9.46
13/10/2025 12:00,13/10/2025 12:30,20.21,9.79
13/10/2025 12:30,13/10/2025 13:00,20.36,9.86
13/10/2025 13:00,13/10/2025 13:30,20.51,9.92
13/10/2025 13:30,13/10/2025 14:00,19.84,9.63
13/10/2025 14:00,13/10/2025 14:30,20.07,9.73
13/10/2025 14:30,13/10/2025 15:00,20.14,9.76
13/10/2025 15:00,13/10/2025 15:30,22.34,10.73
13/10/2025 15:30,13/10/2025 16:00,23.08,11.05
13/10/2025 16:00,13/10/2025 16:30,41.21,16.88
13/10/2025 16:30,13/10/2025 17:00,46.77,19.32
13/10/2025 17:00,13/10/2025 17:30,55.46,23.15
13/10/2025 17:30,13/10/2025 18:00,58.67,24.56
13/10/2025 18:00,13/10/2025 18:30,60.76,25.48
13/10/2025 18:30,13/10/2025 19:00,61.91,25.98
13/10/2025 19:00,13/10/2025 19:30,40.89,18.89
13/10/2025 19:30,13/10/2025 20:00,33.08,15.45
13/10/2025 20:00,13/10/2025 20:30,28.65,13.51
13/10/2025 20:30,13/10/2025 21:00,25.56,12.14
13/10/2025 21:00,13/10/2025 21:30,23.38,11.19
13/10/2025 21:30,13/10/2025 22:00,20.30,9.83
13/10/2025 22:00,13/10/2025 22:30,18.08,8.85
13/10/2025 22:30,13/10/2025 23:00,18.22,8.91
13/10/2025 23:00,13/10/2025 23:30,19.64,9.54
13/10/2025 23:30,14/10/2025 00:00,18.74,9.14
14/10/2025 00:00,14/10/2025 00:30,17.20,8.47
14/10/2025 00:30,14/10/2025 01:00,16.82,8.30
14/10/2025 01:00,14/10/2025 01:30,16.56,8.18
14/10/2025 01:30,14/10/2025 02:00,16.60,8.20
14/10/2025 02:00,14/10/2025 02:30,16.15,8.01
14/10/2025 02:30,14/10/2025 03:00,16.15,8.01
14/10/2025 03:00,14/10/2025 03:30,16.15,8.01
14/10/2025 03:30,14/10/2025 04:00,16.15,8.01
14/10/2025 04:00,14/10/2025 04:30,17.28,8.50
14/10/2025 04:30,14/10/2025 05:00,16.15,8.00
14/10/2025 05:00,14/10/2025 05:30,16.94,8.35
14/10/2025 05:30,14/10/2025 06:00,16.15,8.00
14/10/2025 06:00,14/10/2025 06:30,16.98,8.37
14/10/2025 06:30,14/10/2025 07:00,19.76,9.59
14/10/2025 07:00,14/10/2025 07:30,24.25,11.57
14/10/2025 07:30,14/10/2025 08:00,25.41,12.08
14/10/2025 08:00,14/10/2025 08:30,24.70,11.76
14/10/2025 08:30,14/10/2025 09:00,24.70,11.76
14/10/2025 09:00,14/10/2025 09:30,24.70,11.76
14/10/2025 09:30,14/10/2025 10:00,24.25,11.57
14/10/2025 10:00,14/10/2025 10:30,21.88,10.53
14/10/2025 10:30,14/10/2025 11:00,20.83,10.07
14/10/2025 11:00,14/10/2025 11:30,19.54,9.49
14/10/2025 11:30,14/10/2025 12:00,18.96,9.24
14/10/2025 12:00,14/10/2025 12:30,20.13,9.75
14/10/2025 12:30,14/10/2025 13:00,19.96,9.68
14/10/2025 13:00,14/10/2025 13:30,19.03,9.27
14/10/2025 13:30,14/10/2025 14:00,19.48,9.47
14/10/2025 14:00,14/10/2025 14:30,19.62,9.53
14/10/2025 14:30,14/10/2025 15:00,21.61,10.41
14/10/2025 15:00,14/10/2025 15:30,24.25,11.57
14/10/2025 15:30,14/10/2025 16:00,24.70,11.76
14/10/2025 16:00,14/10/2025 16:30,39.93,16.31
14/10/2025 16:30,14/10/2025 17:00,46.28,19.11
14/10/2025 17:00,14/10/2025 17:30,46.92,19.39
14/10/2025 17:30,14/10/2025 18:00,52.89,22.01
14/10/2025 18:00,14/10/2025 18:30,54.66,22.79
14/10/2025 18:30,14/10/2025 19:00,60.95,25.56
14/10/2025 19:00,14/10/2025 19:30,36.20,16.83
14/10/2025 19:30,14/10/2025 20:00,31.31,14.67
14/10/2025 20:00,14/10/2025 20:30,27.16,12.85
14/10/2025 20:30,14/10/2025 21:00,24.25,11.57
14/10/2025 21:00,14/10/2025 21:30,26.12,12.39
14/10/2025 21:30,14/10/2025 22:00,21.84,10.51
14/10/2025 22:00,14/10/2025 22:30,20.29,9.83
14/10/2025 22:30,14/10/2025 23:00,18.47,9.03
14/10/2025 23:00,14/10/2025 23:30,17.93,8.79
14/10/2025 23:30,15/10/2025 00:00,16.66,8.23
15/10/2025 00:00,15/10/2025 00:30,17.20,8.47
15/10/2025 00:30,15/10/2025 01:00,16.54,8.18
15/10/2025 01:00,15/10/2025 01:30,17.03,8.39
15/10/2025 01:30,15/10/2025 02:00,17.05,8.40
15/10/2025 02:00,15/10/2025 02:30,16.54,8.18
15/10/2025 02:30,15/10/2025 03:00,16.65,8.23
15/10/2025 03:00,15/10/2025 03:30,16.33,8.08
15/10/2025 03:30,15/10/2025 04:00,16.54,8.18
15/10/2025 04:00,15/10/2025 04:30,16.54,8.17
15/10/2025 04:30,15/10/2025 05:00,16.54,8.18
15/10/2025 05:00,15/10/2025 05:30,16.32,8.08
15/10/2025 05:30,15/10/2025 06:00,16.32,8.08
15/10/2025 06:00,15/10/2025 06:30,16.61,8.21
15/10/2025 06:30,15/10/2025 07:00,20.86,10.08
15/10/2025 07:00,15/10/2025 07:30,25.59,12.16
15/10/2025 07:30,15/10/2025 08:00,26.68,12.64
15/10/2025 08:00,15/10/2025 08:30,25.36,12.06
15/10/2025 08:30,15/10/2025 09:00,25.36,12.06
15/10/2025 09:00,15/10/2025 09:30,26.02,12.35
15/10/2025 09:30,15/10/2025 10:00,25.16,11.97
15/10/2025 10:00,15/10/2025 10:30,22.71,10.89
15/10/2025 10:30,15/10/2025 11:00,22.47,10.78
15/10/2025 11:00,15/10/2025 11:30,20.64,9.98
15/10/2025 11:30,15/10/2025 12:00,20.46,9.90
15/10/2025 12:00,15/10/2025 12:30,20.09,9.74
15/10/2025 12:30,15/10/2025 13:00,20.24,9.81
15/10/2025 13:00,15/10/2025 13:30,20.45,9.90
15/10/2025 13:30,15/10/2025 14:00,21.45,10.34
15/10/2025 14:00,15/10/2025 14:30,20.62,9.97
15/10/2025 14:30,15/10/2025 15:00,20.46,9.90
15/10/2025 15:00,15/10/2025 15:30,24.25,11.57
15/10/2025 15:30,15/10/2025 16:00,25.38,12.06
15/10/2025 16:00,15/10/2025 16:30,42.56,17.47
15/10/2025 16:30,15/10/2025 17:00,48.49,20.08
15/10/2025 17:00,15/10/2025 17:30,51.55,21.43
15/10/2025 17:30,15/10/2025 18:00,62.60,26.28
15/10/2025 18:00,15/10/2025 18:30,54.04,22.52
15/10/2025 18:30,15/10/2025 19:00,56.65,23.66
15/10/2025 19:00,15/10/2025 19:30,33.06,15.45
15/10/2025 19:30,15/10/2025 20:00,29.32,13.80
15/10/2025 20:00,15/10/2025 20:30,26.46,12.54
15/10/2025 20:30,15/10/2025 21:00,21.83,10.50
15/10/2025 21:00,15/10/2025 21:30,21.86,10.52
15/10/2025 21:30,15/10/2025 22:00,18.92,9.22
15/10/2025 22:00,15/10/2025 22:30,19.18,9.34
15/10/2025 22:30,15/10/2025 23:00,16.55,8.18
15/10/2025 23:00,15/10/2025 23:30,17.64,8.66
15/10/2025 23:30,16/10/2025 00:00,17.29,8.51
16/10/2025 00:00,16/10/2025 00:30,17.08,8.42
16/10/2025 00:30,16/10/2025 01:00,17.10,8.42
16/10/2025 01:00,16/10/2025 01:30,16.32,8.08
16/10/2025 01:30,16/10/2025 02:00,16.32,8.08
16/10/2025 02:00,16/10/2025 02:30,16.31,8.07
16/10/2025 02:30,16/10/2025 03:00,16.31,8.07
16/10/2025 03:00,16/10/2025 03:30,16.31,8.07
16/10/2025 03:30,16/10/2025 04:00,16.31,8.07
16/10/2025 04:00,16/10/2025 04:30,16.13,7.99
16/10/2025 04:30,16/10/2025 05:00,15.66,7.79
16/10/2025 05:00,16/10/2025 05:30,17.20,8.47
16/10/2025 05:30,16/10/2025 06:00,16.76,8.27
16/10/2025 06:00,16/10/2025 06:30,18.12,8.87
16/10/2025 06:30,16/10/2025 07:00,20.29,9.82
16/10/2025 07:00,16/10/2025 07:30,20.28,9.82
16/10/2025 07:30,16/10/2025 08:00,24.25,11.57
16/10/2025 08:00,16/10/2025 08:30,22.89,10.97
16/10/2025 08:30,16/10/2025 09:00,23.15,11.08
16/10/2025 09:00,16/10/2025 09:30,22.52,10.81
16/10/2025 09:30,16/10/2025 10:00,21.06,10.17
16/10/2025 10:00,16/10/2025 10:30,18.40,8.99
16/10/2025 10:30,16/10/2025 11:00,17.40,8.55
16/10/2025 11:00,16/10/2025 11:30,17.62,8.65
16/10/2025 11:30,16/10/2025 12:00,17.64,8.66
16/10/2025 12:00,16/10/2025 12:30,17.64,8.66
16/10/2025 12:30,16/10/2025 13:00,17.42,8.56
16/10/2025 13:00,16/10/2025 13:30,17.42,8.56
16/10/2025 13:30,16/10/2025 14:00,17.26,8.50
16/10/2025 14:00,16/10/2025 14:30,18.52,9.05
16/10/2025 14:30,16/10/2025 15:00,18.08,8.85
16/10/2025 15:00,16/10/2025 15:30,17.50,8.60
16/10/2025 15:30,16/10/2025 16:00,18.90,9.22
16/10/2025 16:00,16/10/2025 16:30,30.41,12.12
16/10/2025 16:30,16/10/2025 17:00,37.09,15.06
16/10/2025 17:00,16/10/2025 17:30,35.67,14.44
16/10/2025 17:30,16/10/2025 18:00,40.75,16.67
16/10/2025 18:00,16/10/2025 18:30,41.52,17.01
16/10/2025 18:30,16/10/2025 19:00,44.08,18.14
16/10/2025 19:00,16/10/2025 19:30,28.65,13.51
16/10/2025 19:30,16/10/2025 20:00,23.15,11.08
16/10/2025 20:00,16/10/2025 20:30,25.21,11.99
16/10/2025 20:30,16/10/2025 21:00,20.57,9.95
16/10/2025 21:00,16/10/2025 21:30,20.27,9.81
16/10/2025 21:30,16/10/2025 22:00,19.18,9.34
16/10/2025 22:00,16/10/2025 22:30,19.40,9.44
16/10/2025 22:30,16/10/2025 23:00,17.06,8.41
16/10/2025 23:00,16/10/2025 23:30,18.74,9.14
16/10/2025 23:30,17/10/2025 00:00,17.63,8.65
17/10/2025 00:00,17/10/2025 00:30,16.92,8.34
17/10/2025 00:30,17/10/2025 01:00,17.02,8.39
17/10/2025 01:00,17/10/2025 01:30,16.71,8.25
17/10/2025 01:30,17/10/2025 02:00,16.76,8.27
17/10/2025 02:00,17/10/2025 02:30,16.76,8.27
17/10/2025 02:30,17/10/2025 03:00,16.76,8.27
17/10/2025 03:00,17/10/2025 03:30,16.60,8.20
17/10/2025 03:30,17/10/2025 04:00,16.45,8.14
17/10/2025 04:00,17/10/2025 04:30,16.32,8.08
17/10/2025 04:30,17/10/2025 05:00,16.10,7.98
17/10/2025 05:00,17/10/2025 05:30,18.41,9.00
17/10/2025 05:30,17/10/2025 06:00,18.63,9.10
17/10/2025 06:00,17/10/2025 06:30,20.02,9.71
17/10/2025 06:30,17/10/2025 07:00,21.39,10.31
17/10/2025 07:00,17/10/2025 07:30,25.49,12.12
17/10/2025 07:30,17/10/2025 08:00,27.34,12.93
17/10/2025 08:00,17/10/2025 08:30,24.80,11.81
17/10/2025 08:30,17/10/2025 09:00,25.36,12.06
17/10/2025 09:00,17/10/2025 09:30,23.10,11.06
17/10/2025 09:30,17/10/2025 10:00,22.16,10.65
17/10/2025 10:00,17/10/2025 10:30,19.70,9.57
17/10/2025 10:30,17/10/2025 11:00,19.55,9.50
17/10/2025 11:00,17/10/2025 11:30,18.74,9.14
17/10/2025 11:30,17/10/2025 12:00,18.30,8.95
17/10/2025 12:00,17/10/2025 12:30,17.64,8.66
17/10/2025 12:30,17/10/2025 13:00,16.73,8.26
17/10/2025 13:00,17/10/2025 13:30,17.64,8.66
17/10/2025 13:30,17/10/2025 14:00,17.54,8.61
17/10/2025 14:00,17/10/2025 14:30,17.59,8.64
17/10/2025 14:30,17/10/2025 15:00,17.40,8.55
17/10/2025 15:00,17/10/2025 15:30,16.93,8.35
17/10/2025 15:30,17/10/2025 16:00,18.35,8.98
17/10/2025 16:00,17/10/2025 16:30,32.98,13.25
17/10/2025 16:30,17/10/2025 17:00,36.53,14.82
17/10/2025 17:00,17/10/2025 17:30,37.00,15.02
17/10/2025 17:30,17/10/2025 18:00,39.45,16.10
17/10/2025 18:00,17/10/2025 18:30,39.54,16.14
17/10/2025 18:30,17/10/2025 19:00,39.82,16.26
17/10/2025 19:00,17/10/2025 19:30,24.70,11.76
17/10/2025 19:30,17/10/2025 20:00,21.59,10.40
17/10/2025 20:00,17/10/2025 20:30,19.84,9.63
17/10/2025 20:30,17/10/2025 21:00,19.05,9.28
17/10/2025 21:00,17/10/2025 21:30,19.33,9.40
17/10/2025 21:30,17/10/2025 22:00,18.22,8.91
17/10/2025 22:00,17/10/2025 22:30,18.03,8.83
17/10/2025 22:30,17/10/2025 23:00,16.32,8.08
17/10/2025 23:00,17/10/2025 23:30,18.30,8.95
17/10/2025 23:30,18/10/2025 00:00,18.96,9.24
18/10/2025 00:00,18/10/2025 00:30,18.87,9.20
18/10/2025 00:30,18/10/2025 01:00,18.28,8.94
18/10/2025 01:00,18/10/2025 01:30,17.64,8.66
18/10/2025 01:30,18/10/2025 02:00,17.84,8.75
18/10/2025 02:00,18/10/2025 02:30,17.64,8.66
18/10/2025 02:30,18/10/2025 03:00,16.85,8.32
18/10/2025 03:00,18/10/2025 03:30,17.11,8.43
18/10/2025 03:30,18/10/2025 04:00,17.04,8.40
18/10/2025 04:00,18/10/2025 04:30,17.72,8.70
18/10/2025 04:30,18/10/2025 05:00,16.93,8.34
18/10/2025 05:00,18/10/2025 05:30,17.31,8.52
18/10/2025 05:30,18/10/2025 06:00,16.98,8.37
18/10/2025 06:00,18/10/2025 06:30,17.76,8.71
18/10/2025 06:30,18/10/2025 07:00,19.40,9.44
18/10/2025 07:00,18/10/2025 07:30,18.52,9.05
18/10/2025 07:30,18/10/2025 08:00,20.53,9.93
18/10/2025 08:00,18/10/2025 08:30,19.18,9.34
18/10/2025 08:30,18/10/2025 09:00,19.92,9.66
18/10/2025 09:00,18/10/2025 09:30,19.46,9.46
18/10/2025 09:30,18/10/2025 10:00,18.88,9.20
18/10/2025 10:00,18/10/2025 10:30,19.40,9.44
18/10/2025 10:30,18/10/2025 11:00,18.10,8.86
18/10/2025 11:00,18/10/2025 11:30,16.58,8.19
18/10/2025 11:30,18/10/2025 12:00,16.32,8.08
18/10/2025 12:00,18/10/2025 12:30,16.32,8.08
18/10/2025 12:30,18/10/2025 13:00,16.32,8.08
18/10/2025 13:00,18/10/2025 13:30,15.88,7.88
18/10/2025 13:30,18/10/2025 14:00,15.75,7.83
18/10/2025 14:00,18/10/2025 14:30,16.32,8.08
18/10/2025 14:30,18/10/2025 15:00,16.54,8.18
18/10/2025 15:00,18/10/2025 15:30,17.49,8.60
18/10/2025 15:30,18/10/2025 16:00,17.30,8.51
18/10/2025 16:00,18/10/2025 16:30,33.16,13.33
18/10/2025 16:30,18/10/2025 17:00,34.49,13.92
18/10/2025 17:00,18/10/2025 17:30,36.00,14.58
18/10/2025 17:30,18/10/2025 18:00,36.46,14.78
18/10/2025 18:00,18/10/2025 18:30,36.63,14.86
18/10/2025 18:30,18/10/2025 19:00,37.68,15.32
18/10/2025 19:00,18/10/2025 19:30,22.30,10.71
18/10/2025 19:30,18/10/2025 20:00,18.74,9.14
18/10/2025 20:00,18/10/2025 20:30,18.05,8.84
18/10/2025 20:30,18/10/2025 21:00,16.95,8.35
18/10/2025 21:00,18/10/2025 21:30,17.86,8.76
18/10/2025 21:30,18/10/2025 22:00,17.86,8.76
18/10/2025 22:00,18/10/2025 22:30,16.54,8.18
18/10/2025 22:30,18/10/2025 23:00,16.98,8.37
18/10/2025 23:00,18/10/2025 23:30,18.74,9.14
18/10/2025 23:30,19/10/2025 00:00,16.32,8.08
19/10/2025 00:00,19/10/2025 00:30,16.88,8.33
19/10/2025 00:30,19/10/2025 01:00,15.09,7.54
19/10/2025 01:00,19/10/2025 01:30,13.95,7.04
19/10/2025 01:30,19/10/2025 02:00,14.27,7.18
19/10/2025 02:00,19/10/2025 02:30,14.11,7.11
19/10/2025 02:30,19/10/2025 03:00,11.69,6.04
19/10/2025 03:00,19/10/2025 03:30,10.90,5.69
19/10/2025 03:30,19/10/2025 04:00,9.04,4.88
19/10/2025 04:00,19/10/2025 04:30,9.49,5.07
19/10/2025 04:30,19/10/2025 05:00,8.78,4.76
19/10/2025 05:00,19/10/2025 05:30,9.97,5.29
19/10/2025 05:30,19/10/2025 06:00,10.80,5.65
19/10/2025 06:00,19/10/2025 06:30,11.53,5.97
19/10/2025 06:30,19/10/2025 07:00,13.03,6.63
19/10/2025 07:00,19/10/2025 07:30,11.39,5.91
19/10/2025 07:30,19/10/2025 08:00,13.31,6.76
19/10/2025 08:00,19/10/2025 08:30,11.20,5.83
19/10/2025 08:30,19/10/2025 09:00,14.93,7.47
19/10/2025 09:00,19/10/2025 09:30,13.45,6.82
19/10/2025 09:30,19/10/2025 10:00,14.55,7.30
19/10/2025 10:00,19/10/2025 10:30,13.23,6.72
19/10/2025 10:30,19/10/2025 11:00,13.95,7.04
19/10/2025 11:00,19/10/2025 11:30,9.92,5.26
19/10/2025 11:30,19/10/2025 12:00,11.91,6.14
19/10/2025 12:00,19/10/2025 12:30,11.91,6.14
19/10/2025 12:30,19/10/2025 13:00,12.00,6.18
19/10/2025 13:00,19/10/2025 13:30,11.70,6.05
19/10/2025 13:30,19/10/2025 14:00,10.58,5.56
19/10/2025 14:00,19/10/2025 14:30,12.79,6.53
19/10/2025 14:30,19/10/2025 15:00,13.67,6.91
19/10/2025 15:00,19/10/2025 15:30,16.10,7.98
19/10/2025 15:30,19/10/2025 16:00,17.99,8.81
19/10/2025 16:00,19/10/2025 16:30,31.03,12.39
19/10/2025 16:30,19/10/2025 17:00,34.74,14.03
19/10/2025 17:00,19/10/2025 17:30,31.84,12.75
19/10/2025 17:30,19/10/2025 18:00,35.92,14.55
19/10/2025 18:00,19/10/2025 18:30,34.38,13.87
19/10/2025 18:30,19/10/2025 19:00,33.05,13.29
19/10/2025 19:00,19/10/2025 19:30,22.49,10.79
19/10/2025 19:30,19/10/2025 20:00,19.74,9.58
19/10/2025 20:00,19/10/2025 20:30,19.62,9.53
19/10/2025 20:30,19/10/2025 21:00,16.32,8.08
19/10/2025 21:00,19/10/2025 21:30,16.54,8.18
19/10/2025 21:30,19/10/2025 22:00,10.58,5.56
19/10/2025 22:00,19/10/2025 22:30,12.13,6.24
19/10/2025 22:30,19/10/2025 23:00,10.36,5.46
19/10/2025 23:00,19/10/2025 23:30,13.67,6.91
19/10/2025 23:30,20/10/2025 00:00,11.03,5.75
20/10/2025 00:00,20/10/2025 00:30,11.03,5.75
20/10/2025 00:30,20/10/2025 01:00,11.03,5.75
20/10/2025 01:00,20/10/2025 01:30,10.89,5.69
20/10/2025 01:30,20/10/2025 02:00,11.03,5.75
20/10/2025 02:00,20/10/2025 02:30,11.47,5.94
20/10/2025 02:30,20/10/2025 03:00,11.03,5.75
20/10/2025 03:00,20/10/2025 03:30,11.23,5.84
20/10/2025 03:30,20/10/2025 04:00,10.68,5.60
20/10/2025 04:00,20/10/2025 04:30,12.79,6.53
20/10/2025 04:30,20/10/2025 05:00,12.57,6.43
20/10/2025 05:00,20/10/2025 05:30,15.03,7.51
20/10/2025 05:30,20/10/2025 06:00,13.23,6.72
20/10/2025 06:00,20/10/2025 06:30,15.44,7.69
20/10/2025 06:30,20/10/2025 07:00,17.20,8.47
20/10/2025 07:00,20/10/2025 07:30,17.34,8.53
20/10/2025 07:30,20/10/2025 08:00,19.66,9.55
20/10/2025 08:00,20/10/2025 08:30,17.94,8.80
20/10/2025 08:30,20/10/2025 09:00,19.16,9.33
20/10/2025 09:00,20/10/2025 09:30,18.96,9.24
20/10/2025 09:30,20/10/2025 10:00,18.19,8.90
20/10/2025 10:00,20/10/2025 10:30,17.64,8.66
20/10/2025 10:30,20/10/2025 11:00,18.32,8.96
20/10/2025 11:00,20/10/2025 11:30,18.33,8.96
20/10/2025 11:30,20/10/2025 12:00,17.98,8.81
20/10/2025 12:00,20/10/2025 12:30,19.18,9.34
20/10/2025 12:30,20/10/2025 13:00,18.30,8.95
20/10/2025 13:00,20/10/2025 13:30,19.18,9.34
20/10/2025 13:30,20/10/2025 14:00,18.22,8.91
20/10/2025 14:00,20/10/2025 14:30,18.32,8.96
20/10/2025 14:30,20/10/2025 15:00,18.08,8.85
20/10/2025 15:00,20/10/2025 15:30,17.75,8.71
20/10/2025 15:30,20/10/2025 16:00,18.86,9.19
20/10/2025 16:00,20/10/2025 16:30,31.73,12.70
20/10/2025 16:30,20/10/2025 17:00,34.92,14.11
20/10/2025 17:00,20/10/2025 17:30,35.66,14.43
20/10/2025 17:30,20/10/2025 18:00,38.13,15.52
20/10/2025 18:00,20/10/2025 18:30,38.34,15.61
20/10/2025 18:30,20/10/2025 19:00,38.15,15.53
20/10/2025 19:00,20/10/2025 19:30,23.68,11.32
20/10/2025 19:30,20/10/2025 20:00,20.73,10.02
20/10/2025 20:00,20/10/2025 20:30,20.95,10.12
20/10/2025 20:30,20/10/2025 21:00,17.88,8.77
20/10/2025 21:00,20/10/2025 21:30,20.29,9.82
20/10/2025 21:30,20/10/2025 22:00,18.34,8.97
20/10/2025 22:00,20/10/2025 22:30,20.29,9.82
20/10/2025 22:30,20/10/2025 23:00,18.52,9.05
20/10/2025 23:00,20/10/2025 23:30,19.62,9.53
20/10/2025 23:30,21/10/2025 00:00,18.08,8.85
21/10/2025 00:00,21/10/2025 00:30,19.62,9.53
21/10/2025 00:30,21/10/2025 01:00,20.09,9.74
21/10/2025 01:00,21/10/2025 01:30,17.64,8.66
21/10/2025 01:30,21/10/2025 02:00,17.64,8.66
21/10/2025 02:00,21/10/2025 02:30,16.32,8.08
21/10/2025 02:30,21/10/2025 03:00,15.32,7.64
21/10/2025 03:00,21/10/2025 03:30,15.63,7.78
21/10/2025 03:30,21/10/2025 04:00,15.07,7.53
21/10/2025 04:00,21/10/2025 04:30,14.41,7.24
21/10/2025 04:30,21/10/2025 05:00,14.20,7.15
21/10/2025 05:00,21/10/2025 05:30,14.33,7.20
21/10/2025 05:30,21/10/2025 06:00,14.43,7.25
21/10/2025 06:00,21/10/2025 06:30,15.88,7.88
21/10/2025 06:30,21/10/2025 07:00,16.32,8.08
21/10/2025 07:00,21/10/2025 07:30,19.20,9.35
21/10/2025 07:30,21/10/2025 08:00,20.97,10.13
21/10/2025 08:00,21/10/2025 08:30,22.05,10.60
21/10/2025 08:30,21/10/2025 09:00,19.84,9.63
21/10/2025 09:00,21/10/2025 09:30,20.73,10.02
21/10/2025 09:30,21/10/2025 10:00,20.53,9.93
21/10/2025 10:00,21/10/2025 10:30,19.35,9.41
21/10/2025 10:30,21/10/2025 11:00,18.51,9.04
21/10/2025 11:00,21/10/2025 11:30,17.44,8.57
21/10/2025 11:30,21/10/2025 12:00,17.75,8.71
21/10/2025 12:00,21/10/2025 12:30,16.37,8.10
21/10/2025 12:30,21/10/2025 13:00,16.30,8.07
21/10/2025 13:00,21/10/2025 13:30,14.55,7.30
21/10/2025 13:30,21/10/2025 14:00,14.55,7.30
21/10/2025 14:00,21/10/2025 14:30,14.55,7.30
21/10/2025 14:30,21/10/2025 15:00,14.85,7.43
21/10/2025 15:00,21/10/2025 15:30,14.55,7.30
21/10/2025 15:30,21/10/2025 16:00,14.56,7.31
21/10/2025 16:00,21/10/2025 16:30,28.86,11.44
21/10/2025 16:30,21/10/2025 17:00,31.47,12.59
21/10/2025 17:00,21/10/2025 17:30,33.49,13.48
21/10/2025 17:30,21/10/2025 18:00,35.73,14.46
21/10/2025 18:00,21/10/2025 18:30,36.58,14.84
21/10/2025 18:30,21/10/2025 19:00,36.37,14.75
21/10/2025 19:00,21/10/2025 19:30,20.73,10.02
21/10/2025 19:30,21/10/2025 20:00,19.30,9.39
21/10/2025 20:00,21/10/2025 20:30,19.10,9.30
21/10/2025 20:30,21/10/2025 21:00,16.65,8.22
21/10/2025 21:00,21/10/2025 21:30,15.44,7.69
21/10/2025 21:30,21/10/2025 22:00,13.78,6.96
21/10/2025 22:00,21/10/2025 22:30,14.99,7.50
21/10/2025 22:30,21/10/2025 23:00,12.13,6.24
21/10/2025 23:00,21/10/2025 23:30,14.46,7.26
21/10/2025 23:30,22/10/2025 00:00,12.90,6.58
22/10/2025 00:00,22/10/2025 00:30,12.35,6.33
22/10/2025 00:30,22/10/2025 01:00,12.41,6.36
22/10/2025 01:00,22/10/2025 01:30,13.67,6.91
22/10/2025 01:30,22/10/2025 02:00,13.92,7.02
22/10/2025 02:00,22/10/2025 02:30,13.27,6.74
22/10/2025 02:30,22/10/2025 03:00,12.84,6.55
22/10/2025 03:00,22/10/2025 03:30,12.79,6.53
22/10/2025 03:30,22/10/2025 04:00,12.79,6.53
22/10/2025 04:00,22/10/2025 04:30,12.97,6.60
22/10/2025 04:30,22/10/2025 05:00,12.48,6.39
22/10/2025 05:00,22/10/2025 05:30,14.11,7.11
22/10/2025 05:30,22/10/2025 06:00,13.43,6.81
22/10/2025 06:00,22/10/2025 06:30,16.71,8.25
22/10/2025 06:30,22/10/2025 07:00,17.20,8.47
22/10/2025 07:00,22/10/2025 07:30,17.98,8.81
22/10/2025 07:30,22/10/2025 08:00,20.08,9.73
22/10/2025 08:00,22/10/2025 08:30,21.17,10.21
22/10/2025 08:30,22/10/2025 09:00,21.19,10.22
22/10/2025 09:00,22/10/2025 09:30,20.07,9.73
22/10/2025 09:30,22/10/2025 10:00,19.72,9.58
22/10/2025 10:00,22/10/2025 10:30,18.60,9.08
22/10/2025 10:30,22/10/2025 11:00,18.08,8.85
22/10/2025 11:00,22/10/2025 11:30,17.31,8.52
22/10/2025 11:30,22/10/2025 12:00,16.85,8.31
22/10/2025 12:00,22/10/2025 12:30,16.94,8.35
22/10/2025 12:30,22/10/2025 13:00,17.20,8.47
22/10/2025 13:00,22/10/2025 13:30,17.46,8.58
22/10/2025 13:30,22/10/2025 14:00,16.80,8.29
22/10/2025 14:00,22/10/2025 14:30,18.74,9.14
22/10/2025 14:30,22/10/2025 15:00,18.74,9.14
22/10/2025 15:00,22/10/2025 15:30,18.96,9.24
22/10/2025 15:30,22/10/2025 16:00,19.40,9.44
22/10/2025 16:00,22/10/2025 16:30,35.70,14.45
22/10/2025 16:30,22/10/2025 17:00,39.89,16.29
22/10/2025 17:00,22/10/2025 17:30,47.17,19.49
22/10/2025 17:30,22/10/2025 18:00,52.35,21.77
22/10/2025 18:00,22/10/2025 18:30,57.31,23.96
22/10/2025 18:30,22/10/2025 19:00,59.07,24.73
22/10/2025 19:00,22/10/2025 19:30,35.28,16.42
22/10/2025 19:30,22/10/2025 20:00,28.44,13.41
22/10/2025 20:00,22/10/2025 20:30,25.80,12.25
22/10/2025 20:30,22/10/2025 21:00,22.36,10.74
22/10/2025 21:00,22/10/2025 21:30,21.17,10.21
22/10/2025 21:30,22/10/2025 22:00,20.30,9.83
22/10/2025 22:00,22/10/2025 22:30,18.71,9.13
22/10/2025 22:30,22/10/2025 23:00,18.24,8.92
22/10/2025 23:00,22/10/2025 23:30,20.04,9.72
22/10/2025 23:30,23/10/2025 00:00,19.65,9.54
23/10/2025 00:00,23/10/2025 00:30,17.64,8.66
23/10/2025 00:30,23/10/2025 01:00,18.52,9.05
23/10/2025 01:00,23/10/2025 01:30,19.99,9.69
23/10/2025 01:30,23/10/2025 02:00,19.84,9.63
23/10/2025 02:00,23/10/2025 02:30,17.03,8.39
23/10/2025 02:30,23/10/2025 03:00,16.03,7.95
23/10/2025 03:00,23/10/2025 03:30,13.34,6.77
23/10/2025 03:30,23/10/2025 04:00,13.78,6.96
23/10/2025 04:00,23/10/2025 04:30,13.39,6.79
23/10/2025 04:30,23/10/2025 05:00,12.75,6.51
23/10/2025 05:00,23/10/2025 05:30,13.21,6.71
23/10/2025 05:30,23/10/2025 06:00,12.76,6.51
23/10/2025 06:00,23/10/2025 06:30,12.35,6.33
23/10/2025 06:30,23/10/2025 07:00,16.17,8.01
23/10/2025 07:00,23/10/2025 07:30,17.63,8.65
23/10/2025 07:30,23/10/2025 08:00,21.83,10.50
23/10/2025 08:00,23/10/2025 08:30,20.39,9.87
23/10/2025 08:30,23/10/2025 09:00,20.73,10.02
23/10/2025 09:00,23/10/2025 09:30,20.31,9.83
23/10/2025 09:30,23/10/2025 10:00,20.18,9.78
23/10/2025 10:00,23/10/2025 10:30,22.35,10.74
23/10/2025 10:30,23/10/2025 11:00,20.44,9.89
23/10/2025 11:00,23/10/2025 11:30,19.23,9.36
23/10/2025 11:30,23/10/2025 12:00,18.30,8.95
23/10/2025 12:00,23/10/2025 12:30,16.89,8.33
23/10/2025 12:30,23/10/2025 13:00,16.45,8.14
23/10/2025 13:00,23/10/2025 13:30,16.38,8.11
23/10/2025 13:30,23/10/2025 14:00,15.00,7.50
23/10/2025 14:00,23/10/2025 14:30,16.75,8.27
23/10/2025 14:30,23/10/2025 15:00,16.58,8.19
23/10/2025 15:00,23/10/2025 15:30,15.71,7.81
23/10/2025 15:30,23/10/2025 16:00,16.38,8.11
23/10/2025 16:00,23/10/2025 16:30,30.82,12.30
23/10/2025 16:30,23/10/2025 17:00,33.91,13.66
23/10/2025 17:00,23/10/2025 17:30,34.16,13.77
23/10/2025 17:30,23/10/2025 18:00,35.26,14.26
23/10/2025 18:00,23/10/2025 18:30,34.82,14.06
23/10/2025 18:30,23/10/2025 19:00,35.26,14.26
23/10/2025 19:00,23/10/2025 19:30,20.07,9.73
23/10/2025 19:30,23/10/2025 20:00,18.92,9.22
23/10/2025 20:00,23/10/2025 20:30,18.38,8.98
23/10/2025 20:30,23/10/2025 21:00,17.03,8.39
23/10/2025 21:00,23/10/2025 21:30,15.88,7.88
23/10/2025 21:30,23/10/2025 22:00,14.50,7.28
23/10/2025 22:00,23/10/2025 22:30,12.61,6.45
23/10/2025 22:30,23/10/2025 23:00,9.42,5.04
23/10/2025 23:00,23/10/2025 23:30,5.03,3.11
23/10/2025 23:30,24/10/2025 00:00,2.60,2.04
24/10/2025 00:00,24/10/2025 00:30,2.87,2.16
24/10/2025 00:30,24/10/2025 01:00,2.10,1.82
24/10/2025 01:00,24/10/2025 01:30,1.42,1.53
24/10/2025 01:30,24/10/2025 02:00,2.16,1.85
24/10/2025 02:00,24/10/2025 02:30,1.36,1.50
24/10/2025 02:30,24/10/2025 03:00,1.35,1.49
24/10/2025 03:00,24/10/2025 03:30,1.27,1.46
24/10/2025 03:30,24/10/2025 04:00,0.98,1.33
24/10/2025 04:00,24/10/2025 04:30,0.86,1.28
24/10/2025 04:30,24/10/2025 05:00,1.42,1.53
24/10/2025 05:00,24/10/2025 05:30,2.65,2.06
24/10/2025 05:30,24/10/2025 06:00,5.20,3.19
24/10/2025 06:00,24/10/2025 06:30,11.11,5.79
24/10/2025 06:30,24/10/2025 07:00,17.32,8.52
24/10/2025 07:00,24/10/2025 07:30,18.65,9.10
24/10/2025 07:30,24/10/2025 08:00,22.35,10.74
24/10/2025 08:00,24/10/2025 08:30,22.93,10.99
24/10/2025 08:30,24/10/2025 09:00,20.51,9.92
24/10/2025 09:00,24/10/2025 09:30,21.75,10.47
24/10/2025 09:30,24/10/2025 10:00,20.18,9.78
24/10/2025 10:00,24/10/2025 10:30,18.67,9.11
24/10/2025 10:30,24/10/2025 11:00,15.54,7.74
24/10/2025 11:00,24/10/2025 11:30,14.55,7.30
24/10/2025 11:30,24/10/2025 12:00,11.91,6.14
24/10/2025 12:00,24/10/2025 12:30,13.31,6.76
24/10/2025 12:30,24/10/2025 13:00,12.04,6.20
24/10/2025 13:00,24/10/2025 13:30,11.43,5.93
24/10/2025 13:30,24/10/2025 14:00,11.34,5.89
24/10/2025 14:00,24/10/2025 14:30,11.16,5.81
24/10/2025 14:30,24/10/2025 15:00,11.03,5.75
24/10/2025 15:00,24/10/2025 15:30,9.88,5.25
24/10/2025 15:30,24/10/2025 16:00,13.89,7.01
24/10/2025 16:00,24/10/2025 16:30,27.37,10.79
24/10/2025 16:30,24/10/2025 17:00,32.41,13.00
24/10/2025 17:00,24/10/2025 17:30,32.63,13.10
24/10/2025 17:30,24/10/2025 18:00,35.48,14.35
24/10/2025 18:00,24/10/2025 18:30,35.26,14.26
24/10/2025 18:30,24/10/2025 19:00,35.55,14.39
24/10/2025 19:00,24/10/2025 19:30,19.24,9.36
24/10/2025 19:30,24/10/2025 20:00,14.99,7.50
24/10/2025 20:00,24/10/2025 20:30,13.23,6.72
24/10/2025 20:30,24/10/2025 21:00,8.75,4.75
24/10/2025 21:00,24/10/2025 21:30,10.29,5.43
24/10/2025 21:30,24/10/2025 22:00,5.51,3.32
24/10/2025 22:00,24/10/2025 22:30,7.32,4.12
24/10/2025 22:30,24/10/2025 23:00,2.21,1.87
24/10/2025 23:00,24/10/2025 23:30,2.21,1.87
24/10/2025 23:30,25/10/2025 00:00,1.10,1.38
25/10/2025 00:00,25/10/2025 00:30,0.75,1.23
25/10/2025 00:30,25/10/2025 01:00,0.46,1.10
25/10/2025 01:00,25/10/2025 01:30,0.00,0.90
25/10/2025 01:30,25/10/2025 02:00,0.20,0.99
25/10/2025 02:00,25/10/2025 02:30,0.00,0.90
25/10/2025 02:30,25/10/2025 03:00,0.00,0.90
25/10/2025 03:00,25/10/2025 03:30,-0.44,0.71
25/10/2025 03:30,25/10/2025 04:00,-0.41,0.72
25/10/2025 04:00,25/10/2025 04:30,-0.22,0.80
25/10/2025 04:30,25/10/2025 05:00,0.00,0.90
25/10/2025 05:00,25/10/2025 05:30,-0.15,0.84
25/10/2025 05:30,25/10/2025 06:00,-0.14,0.84
25/10/2025 06:00,25/10/2025 06:30,0.66,1.19
25/10/2025 06:30,25/10/2025 07:00,3.53,2.45
25/10/2025 07:00,25/10/2025 07:30,-0.14,0.84
25/10/2025 07:30,25/10/2025 08:00,4.55,2.90
25/10/2025 08:00,25/10/2025 08:30,1.76,1.68
25/10/2025 08:30,25/10/2025 09:00,2.91,2.18
25/10/2025 09:00,25/10/2025 09:30,1.95,1.76
25/10/2025 09:30,25/10/2025 10:00,2.21,1.87
25/10/2025 10:00,25/10/2025 10:30,2.85,2.15
25/10/2025 10:30,25/10/2025 11:00,2.18,1.86
25/10/2025 11:00,25/10/2025 11:30,2.21,1.87
25/10/2025 11:30,25/10/2025 12:00,1.66,1.63
25/10/2025 12:00,25/10/2025 12:30,1.24,1.44
25/10/2025 12:30,25/10/2025 13:00,2.08,1.81
25/10/2025 13:00,25/10/2025 13:30,2.65,2.06
25/10/2025 13:30,25/10/2025 14:00,1.76,1.68
25/10/2025 14:00,25/10/2025 14:30,1.02,1.35
25/10/2025 14:30,25/10/2025 15:00,2.12,1.83
25/10/2025 15:00,25/10/2025 15:30,1.76,1.68
25/10/2025 15:30,25/10/2025 16:00,3.17,2.30
25/10/2025 16:00,25/10/2025 16:30,16.30,5.91
25/10/2025 16:30,25/10/2025 17:00,24.37,9.46
25/10/2025 17:00,25/10/2025 17:30,26.88,10.57
25/10/2025 17:30,25/10/2025 18:00,30.27,12.06
25/10/2025 18:00,25/10/2025 18:30,30.12,12.00
25/10/2025 18:30,25/10/2025 19:00,30.72,12.26
25/10/2025 19:00,25/10/2025 19:30,15.44,7.69
25/10/2025 19:30,25/10/2025 20:00,11.63,6.02
25/10/2025 20:00,25/10/2025 20:30,11.91,6.14
25/10/2025 20:30,25/10/2025 21:00,7.94,4.39
25/10/2025 21:00,25/10/2025 21:30,9.31,5.00
25/10/2025 21:30,25/10/2025 22:00,3.98,2.65
25/10/2025 22:00,25/10/2025 22:30,6.17,3.62
25/10/2025 22:30,25/10/2025 23:00,2.63,2.06
25/10/2025 23:00,25/10/2025 23:30,5.29,3.23
25/10/2025 23:30,26/10/2025 00:00,1.47,1.55
26/10/2025 00:00,26/10/2025 00:30,2.95,2.20
26/10/2025 00:30,26/10/2025 01:00,1.76,1.68
26/10/2025 01:00,26/10/2025 01:30,0.02,0.91
26/10/2025 01:30,26/10/2025 02:00,2.21,1.87
26/10/2025 02:00,26/10/2025 02:30,0.99,1.34
26/10/2025 02:30,26/10/2025 03:00,-4.41,0.00
26/10/2025 03:00,26/10/2025 03:30,-0.44,0.71
26/10/2025 03:30,26/10/2025 04:00,-0.88,0.51
26/10/2025 04:00,26/10/2025 04:30,-0.44,0.71
26/10/2025 04:30,26/10/2025 05:00,-0.44,0.71
26/10/2025 05:00,26/10/2025 05:30,-0.22,0.80
26/10/2025 05:30,26/10/2025 06:00,1.76,1.68
26/10/2025 06:00,26/10/2025 06:30,-0.02,0.89
26/10/2025 06:30,26/10/2025 07:00,3.53,2.45
26/10/2025 07:00,26/10/2025 07:30,-0.22,0.80
26/10/2025 07:30,26/10/2025 08:00,3.88,2.61
26/10/2025 08:00,26/10/2025 08:30,-0.34,0.75
26/10/2025 08:30,26/10/2025 09:00,3.93,2.63
26/10/2025 09:00,26/10/2025 09:30,5.29,3.23
26/10/2025 09:30,26/10/2025 10:00,7.94,4.39
26/10/2025 10:00,26/10/2025 10:30,5.23,3.20
26/10/2025 10:30,26/10/2025 11:00,5.76,3.44
26/10/2025 11:00,26/10/2025 11:30,8.16,4.49
26/10/2025 11:30,26/10/2025 12:00,9.70,5.17
26/10/2025 12:00,26/10/2025 12:30,12.07,6.21
26/10/2025 12:30,26/10/2025 13:00,13.23,6.72
26/10/2025 13:00,26/10/2025 13:30,14.60,7.32
26/10/2025 13:30,26/10/2025 14:00,14.55,7.30
26/10/2025 14:00,26/10/2025 14:30,14.55,7.30
26/10/2025 14:30,26/10/2025 15:00,14.78,7.41
26/10/2025 15:00,26/10/2025 15:30,13.98,7.05
26/10/2025 15:30,26/10/2025 16:00,18.78,9.16
26/10/2025 16:00,26/10/2025 16:30,31.93,12.79
26/10/2025 16:30,26/10/2025 17:00,37.33,15.17
26/10/2025 17:00,26/10/2025 17:30,36.58,14.84
26/10/2025 17:30,26/10/2025 18:00,35.26,14.26
26/10/2025 18:00,26/10/2025 18:30,37.18,15.10
26/10/2025 18:30,26/10/2025 19:00,32.72,13.14
26/10/2025 19:00,26/10/2025 19:30,16.32,8.08
26/10/2025 19:30,26/10/2025 20:00,12.13,6.24
26/10/2025 20:00,26/10/2025 20:30,11.26,5.85
26/10/2025 20:30,26/10/2025 21:00,4.19,2.74
26/10/2025 21:00,26/10/2025 21:30,9.20,4.94
26/10/2025 21:30,26/10/2025 22:00,1.16,1.41
26/10/2025 22:00,26/10/2025 22:30,4.49,2.87
26/10/2025 22:30,26/10/2025 23:00,-0.97,0.48
26/10/2025 23:00,26/10/2025 23:30,1.92,1.75
26/10/2025 23:30,27/10/2025 00:00,1.39,1.51
27/10/2025 00:00,27/10/2025 00:30,-0.90,0.50
27/10/2025 00:30,27/10/2025 01:00,0.44,1.09
27/10/2025 01:00,27/10/2025 01:30,0.66,1.19
27/10/2025 01:30,27/10/2025 02:00,0.47,1.11
27/10/2025 02:00,27/10/2025 02:30,0.49,1.12
27/10/2025 02:30,27/10/2025 03:00,0.83,1.27
27/10/2025 03:00,27/10/2025 03:30,0.26,1.02
27/10/2025 03:30,27/10/2025 04:00,0.66,1.19
27/10/2025 04:00,27/10/2025 04:30,1.98,1.77
27/10/2025 04:30,27/10/2025 05:00,0.68,1.20
27/10/2025 05:00,27/10/2025 05:30,1.84,1.71
27/10/2025 05:30,27/10/2025 06:00,5.32,3.24
27/10/2025 06:00,27/10/2025 06:30,13.91,7.02
27/10/2025 06:30,27/10/2025 07:00,14.90,7.45
27/10/2025 07:00,27/10/2025 07:30,18.27,8.94
27/10/2025 07:30,27/10/2025 08:00,20.03,9.71
27/10/2025 08:00,27/10/2025 08:30,20.29,9.82
27/10/2025 08:30,27/10/2025 09:00,20.29,9.82
27/10/2025 09:00,27/10/2025 09:30,18.73,9.14
27/10/2025 09:30,27/10/2025 10:00,17.64,8.66
27/10/2025 10:00,27/10/2025 10:30,16.76,8.27
27/10/2025 10:30,27/10/2025 11:00,16.76,8.27
27/10/2025 11:00,27/10/2025 11:30,16.54,8.18
27/10/2025 11:30,27/10/2025 12:00,16.45,8.14
27/10/2025 12:00,27/10/2025 12:30,14.69,7.36
27/10/2025 12:30,27/10/2025 13:00,15.42,7.69
27/10/2025 13:00,27/10/2025 13:30,17.42,8.56
27/10/2025 13:30,27/10/2025 14:00,15.44,7.69
27/10/2025 14:00,27/10/2025 14:30,17.20,8.47
27/10/2025 14:30,27/10/2025 15:00,17.30,8.51
27/10/2025 15:00,27/10/2025 15:30,17.75,8.71
27/10/2025 15:30,27/10/2025 16:00,19.00,9.26
27/10/2025 16:00,27/10/2025 16:30,33.49,13.48
27/10/2025 16:30,27/10/2025 17:00,39.01,15.90
27/10/2025 17:00,27/10/2025 17:30,36.88,14.97
27/10/2025 17:30,27/10/2025 18:00,38.51,15.69
27/10/2025 18:00,27/10/2025 18:30,37.68,15.32
27/10/2025 18:30,27/10/2025 19:00,36.80,14.94
27/10/2025 19:00,27/10/2025 19:30,20.57,9.95
27/10/2025 19:30,27/10/2025 20:00,18.22,8.91
27/10/2025 20:00,27/10/2025 20:30,18.00,8.82
27/10/2025 20:30,27/10/2025 21:00,16.03,7.95
27/10/2025 21:00,27/10/2025 21:30,17.64,8.66
27/10/2025 21:30,27/10/2025 22:00,17.75,8.71
27/10/2025 22:00,27/10/2025 22:30,15.66,7.79
27/10/2025 22:30,27/10/2025 23:00,14.33,7.20
27/10/2025 23:00,27/10/2025 23:30,11.12,5.79
27/10/2025 23:30,28/10/2025 00:00,7.06,4.00
28/10/2025 00:00,28/10/2025 00:30,5.50,3.32
28/10/2025 00:30,28/10/2025 01:00,6.20,3.63
28/10/2025 01:00,28/10/2025 01:30,4.89,3.05
28/10/2025 01:30,28/10/2025 02:00,4.38,2.82
28/10/2025 02:00,28/10/2025 02:30,3.87,2.60
28/10/2025 02:30,28/10/2025 03:00,3.23,2.32
28/10/2025 03:00,28/10/2025 03:30,3.92,2.62
28/10/2025 03:30,28/10/2025 04:00,3.16,2.29
28/10/2025 04:00,28/10/2025 04:30,4.19,2.74
28/10/2025 04:30,28/10/2025 05:00,4.85,3.03
28/10/2025 05:00,28/10/2025 05:30,9.18,4.94
28/10/2025 05:30,28/10/2025 06:00,11.42,5.92
28/10/2025 06:00,28/10/2025 06:30,11.98,6.17
28/10/2025 06:30,28/10/2025 07:00,14.33,7.20
28/10/2025 07:00,28/10/2025 07:30,16.00,7.94
28/10/2025 07:30,28/10/2025 08:00,16.50,8.16
28/10/2025 08:00,28/10/2025 08:30,16.01,7.95
28/10/2025 08:30,28/10/2025 09:00,17.20,8.47
28/10/2025 09:00,28/10/2025 09:30,15.28,7.62
28/10/2025 09:30,28/10/2025 10:00,13.85,6.99
28/10/2025 10:00,28/10/2025 10:30,12.64,6.46
28/10/2025 10:30,28/10/2025 11:00,12.67,6.47
28/10/2025 11:00,28/10/2025 11:30,11.85,6.11
28/10/2025 11:30,28/10/2025 12:00,11.93,6.15
28/10/2025 12:00,28/10/2025 12:30,11.84,6.11
28/10/2025 12:30,28/10/2025 13:00,12.15,6.24
28/10/2025 13:00,28/10/2025 13:30,12.66,6.47
28/10/2025 13:30,28/10/2025 14:00,13.17,6.69
28/10/2025 14:00,28/10/2025 14:30,14.56,7.31
28/10/2025 14:30,28/10/2025 15:00,15.66,7.79
28/10/2025 15:00,28/10/2025 15:30,16.75,8.27
28/10/2025 15:30,28/10/2025 16:00,16.84,8.31
28/10/2025 16:00,28/10/2025 16:30,32.21,12.92
28/10/2025 16:30,28/10/2025 17:00,35.42,14.32
28/10/2025 17:00,28/10/2025 17:30,36.15,14.65
28/10/2025 17:30,28/10/2025 18:00,36.55,14.82
28/10/2025 18:00,28/10/2025 18:30,35.63,14.42
28/10/2025 18:30,28/10/2025 19:00,34.82,14.06
28/10/2025 19:00,28/10/2025 19:30,19.66,9.55
28/10/2025 19:30,28/10/2025 20:00,18.96,9.24
28/10/2025 20:00,28/10/2025 20:30,17.26,8.50
28/10/2025 20:30,28/10/2025 21:00,17.15,8.44
28/10/2025 21:00,28/10/2025 21:30,16.57,8.19
28/10/2025 21:30,28/10/2025 22:00,16.51,8.16
28/10/2025 22:00,28/10/2025 22:30,14.55,7.30
28/10/2025 22:30,28/10/2025 23:00,13.23,6.72
28/10/2025 23:00,28/10/2025 23:30,13.37,6.78
28/10/2025 23:30,29/10/2025 00:00,12.13,6.24
29/10/2025 00:00,29/10/2025 00:30,12.13,6.24
29/10/2025 00:30,29/10/2025 01:00,12.13,6.24
29/10/2025 01:00,29/10/2025 01:30,11.81,6.09
29/10/2025 01:30,29/10/2025 02:00,11.08,5.78
29/10/2025 02:00,29/10/2025 02:30,11.49,5.95
29/10/2025 02:30,29/10/2025 03:00,10.80,5.65
29/10/2025 03:00,29/10/2025 03:30,11.47,5.94
29/10/2025 03:30,29/10/2025 04:00,10.94,5.71
29/10/2025 04:00,29/10/2025 04:30,12.69,6.48
29/10/2025 04:30,29/10/2025 05:00,12.52,6.41
29/10/2025 05:00,29/10/2025 05:30,16.12,7.99
29/10/2025 05:30,29/10/2025 06:00,16.34,8.09
29/10/2025 06:00,29/10/2025 06:30,18.74,9.14
29/10/2025 06:30,29/10/2025 07:00,18.30,8.95
29/10/2025 07:00,29/10/2025 07:30,17.20,8.47
29/10/2025 07:30,29/10/2025 08:00,20.62,9.97
29/10/2025 08:00,29/10/2025 08:30,17.50,8.60
29/10/2025 08:30,29/10/2025 09:00,18.74,9.14
29/10/2025 09:00,29/10/2025 09:30,17.36,8.53
29/10/2025 09:30,29/10/2025 10:00,17.04,8.40
29/10/2025 10:00,29/10/2025 10:30,16.17,8.01
29/10/2025 10:30,29/10/2025 11:00,16.05,7.96
29/10/2025 11:00,29/10/2025 11:30,16.67,8.23
29/10/2025 11:30,29/10/2025 12:00,16.43,8.13
29/10/2025 12:00,29/10/2025 12:30,16.67,8.23
29/10/2025 12:30,29/10/2025 13:00,16.76,8.27
29/10/2025 13:00,29/10/2025 13:30,17.69,8.68
29/10/2025 13:30,29/10/2025 14:00,17.49,8.60
29/10/2025 14:00,29/10/2025 14:30,19.84,9.63
29/10/2025 14:30,29/10/2025 15:00,19.21,9.35
29/10/2025 15:00,29/10/2025 15:30,18.08,8.85
29/10/2025 15:30,29/10/2025 16:00,19.07,9.29
29/10/2025 16:00,29/10/2025 16:30,34.60,13.96
29/10/2025 16:30,29/10/2025 17:00,39.57,16.15
29/10/2025 17:00,29/10/2025 17:30,38.70,15.77
29/10/2025 17:30,29/10/2025 18:00,38.61,15.73
29/10/2025 18:00,29/10/2025 18:30,37.24,15.13
29/10/2025 18:30,29/10/2025 19:00,36.89,14.97
29/10/2025 19:00,29/10/2025 19:30,19.84,9.63
29/10/2025 19:30,29/10/2025 20:00,18.08,8.85
29/10/2025 20:00,29/10/2025 20:30,20.20,9.79
29/10/2025 20:30,29/10/2025 21:00,19.00,9.26
29/10/2025 21:00,29/10/2025 21:30,18.34,8.97
29/10/2025 21:30,29/10/2025 22:00,18.00,8.82
29/10/2025 22:00,29/10/2025 22:30,17.47,8.59
29/10/2025 22:30,29/10/2025 23:00,16.76,8.27
29/10/2025 23:00,29/10/2025 23:30,15.88,7.88
29/10/2025 23:30,30/10/2025 00:00,15.32,7.64
30/10/2025 00:00,30/10/2025 00:30,13.48,6.83
30/10/2025 00:30,30/10/2025 01:00,14.74,7.39
30/10/2025 01:00,30/10/2025 01:30,14.99,7.50
30/10/2025 01:30,30/10/2025 02:00,14.99,7.50
30/10/2025 02:00,30/10/2025 02:30,13.78,6.96
30/10/2025 02:30,30/10/2025 03:00,13.21,6.71
30/10/2025 03:00,30/10/2025 03:30,13.78,6.96
30/10/2025 03:30,30/10/2025 04:00,13.61,6.89
30/10/2025 04:00,30/10/2025 04:30,14.11,7.11
30/10/2025 04:30,30/10/2025 05:00,14.11,7.11
30/10/2025 05:00,30/10/2025 05:30,15.83,7.86
30/10/2025 05:30,30/10/2025 06:00,16.10,7.98
30/10/2025 06:00,30/10/2025 06:30,15.68,7.80
30/10/2025 06:30,30/10/2025 07:00,17.86,8.76
30/10/2025 07:00,30/10/2025 07:30,19.78,9.60
30/10/2025 07:30,30/10/2025 08:00,20.60,9.96
30/10/2025 08:00,30/10/2025 08:30,21.06,10.16
30/10/2025 08:30,30/10/2025 09:00,21.06,10.16
30/10/2025 09:00,30/10/2025 09:30,20.73,10.02
30/10/2025 09:30,30/10/2025 10:00,20.07,9.73
30/10/2025 10:00,30/10/2025 10:30,19.66,9.55
30/10/2025 10:30,30/10/2025 11:00,19.26,9.37
30/10/2025 11:00,30/10/2025 11:30,18.01,8.82
30/10/2025 11:30,30/10/2025 12:00,17.46,8.58
30/10/2025 12:00,30/10/2025 12:30,16.91,8.34
30/10/2025 12:30,30/10/2025 13:00,16.58,8.19
30/10/2025 13:00,30/10/2025 13:30,15.93,7.91
30/10/2025 13:30,30/10/2025 14:00,15.83,7.87
30/10/2025 14:00,30/10/2025 14:30,16.81,8.30
30/10/2025 14:30,30/10/2025 15:00,16.63,8.21
30/10/2025 15:00,30/10/2025 15:30,18.13,8.88
30/10/2025 15:30,30/10/2025 16:00,18.91,9.22
30/10/2025 16:00,30/10/2025 16:30,31.48,12.59
30/10/2025 16:30,30/10/2025 17:00,33.31,13.40
30/10/2025 17:00,30/10/2025 17:30,34.38,13.87
30/10/2025 17:30,30/10/2025 18:00,35.10,14.19
30/10/2025 18:00,30/10/2025 18:30,32.75,13.15
30/10/2025 18:30,30/10/2025 19:00,31.30,12.52
30/10/2025 19:00,30/10/2025 19:30,16.98,8.37
30/10/2025 19:30,30/10/2025 20:00,17.64,8.66
30/10/2025 20:00,30/10/2025 20:30,16.32,8.08
30/10/2025 20:30,30/10/2025 21:00,14.33,7.20
30/10/2025 21:00,30/10/2025 21:30,12.65,6.47
30/10/2025 21:30,30/10/2025 22:00,8.59,4.68
30/10/2025 22:00,30/10/2025 22:30,6.62,3.81
30/10/2025 22:30,30/10/2025 23:00,1.94,1.75
30/10/2025 23:00,30/10/2025 23:30,3.61,2.49
30/10/2025 23:30,31/10/2025 00:00,1.68,1.64
31/10/2025 00:00,31/10/2025 00:30,1.94,1.75
31/10/2025 00:30,31/10/2025 01:00,2.91,2.18
31/10/2025 01:00,31/10/2025 01:30,2.87,2.16
31/10/2025 01:30,31/10/2025 02:00,2.28,1.90
31/10/2025 02:00,31/10/2025 02:30,1.75,1.67
31/10/2025 02:30,31/10/2025 03:00,2.26,1.89
31/10/2025 03:00,31/10/2025 03:30,1.85,1.71
31/10/2025 03:30,31/10/2025 04:00,1.68,1.64
31/10/2025 04:00,31/10/2025 04:30,2.42,1.96
31/10/2025 04:30,31/10/2025 05:00,2.00,1.78
31/10/2025 05:00,31/10/2025 05:30,2.33,1.92
31/10/2025 05:30,31/10/2025 06:00,4.17,2.73
31/10/2025 06:00,31/10/2025 06:30,9.20,4.95
31/10/2025 06:30,31/10/2025 07:00,10.74,5.63
31/10/2025 07:00,31/10/2025 07:30,16.76,8.27
31/10/2025 07:30,31/10/2025 08:00,18.11,8.87
31/10/2025 08:00,31/10/2025 08:30,15.64,7.78
31/10/2025 08:30,31/10/2025 09:00,16.40,8.11
31/10/2025 09:00,31/10/2025 09:30,15.97,7.93
31/10/2025 09:30,31/10/2025 10:00,15.73,7.82
31/10/2025 10:00,31/10/2025 10:30,14.66,7.35
31/10/2025 10:30,31/10/2025 11:00,14.36,7.22
31/10/2025 11:00,31/10/2025 11:30,14.55,7.30
31/10/2025 11:30,31/10/2025 12:00,14.35,7.21
31/10/2025 12:00,31/10/2025 12:30,14.47,7.26
31/10/2025 12:30,31/10/2025 13:00,14.20,7.15
31/10/2025 13:00,31/10/2025 13:30,14.38,7.23
31/10/2025 13:30,31/10/2025 14:00,13.22,6.71
31/10/2025 14:00,31/10/2025 14:30,14.36,7.22
31/10/2025 14:30,31/10/2025 15:00,14.35,7.21
31/10/2025 15:00,31/10/2025 15:30,14.55,7.30
31/10/2025 15:30,31/10/2025 16:00,16.54,8.18
31/10/2025 16:00,31/10/2025 16:30,29.64,11.78
31/10/2025 16:30,31/10/2025 17:00,31.98,12.82
31/10/2025 17:00,31/10/2025 17:30,32.40,13.00
31/10/2025 17:30,31/10/2025 18:00,33.05,13.29
31/10/2025 18:00,31/10/2025 18:30,31.93,12.79
31/10/2025 18:30,31/10/2025 19:00,31.29,12.51
31/10/2025 19:00,31/10/2025 19:30,16.25,8.05
31/10/2025 19:30,31/10/2025 20:00,15.42,7.69
31/10/2025 20:00,31/10/2025 20:30,14.73,7.38
31/10/2025 20:30,31/10/2025 21:00,14.35,7.22
31/10/2025 21:00,31/10/2025 21:30,16.76,8.27
31/10/2025 21:30,31/10/2025 22:00,13.23,6.72
31/10/2025 22:00,31/10/2025 22:30,10.80,5.65
31/10/2025 22:30,31/10/2025 23:00,7.37,4.14
31/10/2025 23:00,31/10/2025 23:30,12.35,6.33
31/10/2025 23:30,01/11/2025 00:00,8.13,4.48
01/11/2025 00:00,01/11/2025 00:30,9.70,5.17
01/11/2025 00:30,01/11/2025 01:00,10.04,5.32
01/11/2025 01:00,01/11/2025 01:30,8.71,4.74
01/11/2025 01:30,01/11/2025 02:00,3.67,2.52
01/11/2025 02:00,01/11/2025 02:30,3.51,2.44
01/11/2025 02:30,01/11/2025 03:00,3.31,2.36
01/11/2025 03:00,01/11/2025 03:30,3.88,2.61
01/11/2025 03:30,01/11/2025 04:00,3.11,2.27
01/11/2025 04:00,01/11/2025 04:30,3.09,2.26
01/11/2025 04:30,01/11/2025 05:00,2.72,2.09
01/11/2025 05:00,01/11/2025 05:30,2.72,2.10
01/11/2025 05:30,01/11/2025 06:00,3.13,2.28
01/11/2025 06:00,01/11/2025 06:30,2.21,1.87
01/11/2025 06:30,01/11/2025 07:00,7.06,4.00
01/11/2025 07:00,01/11/2025 07:30,1.76,1.68
01/11/2025 07:30,01/11/2025 08:00,7.94,4.39
01/11/2025 08:00,01/11/2025 08:30,4.71,2.98
01/11/2025 08:30,01/11/2025 09:00,6.31,3.67
01/11/2025 09:00,01/11/2025 09:30,4.82,3.02
01/11/2025 09:30,01/11/2025 10:00,3.53,2.45
01/11/2025 10:00,01/11/2025 10:30,3.60,2.48
01/11/2025 10:30,01/11/2025 11:00,4.34,2.81
01/11/2025 11:00,01/11/2025 11:30,5.60,3.36
01/11/2025 11:30,01/11/2025 12:00,6.17,3.62
01/11/2025 12:00,01/11/2025 12:30,7.06,4.00
01/11/2025 12:30,01/11/2025 13:00,5.95,3.52
01/11/2025 13:00,01/11/2025 13:30,6.25,3.65
01/11/2025 13:30,01/11/2025 14:00,6.25,3.65
01/11/2025 14:00,01/11/2025 14:30,6.17,3.62
01/11/2025 14:30,01/11/2025 15:00,11.03,5.75
01/11/2025 15:00,01/11/2025 15:30,9.92,5.26
01/11/2025 15:30,01/11/2025 16:00,13.46,6.82
01/11/2025 16:00,01/11/2025 16:30,29.09,11.54
01/11/2025 16:30,01/11/2025 17:00,34.38,13.87
01/11/2025 17:00,01/11/2025 17:30,35.91,14.54
01/11/2025 17:30,01/11/2025 18:00,35.48,14.35
01/11/2025 18:00,01/11/2025 18:30,35.92,14.55
01/11/2025 18:30,01/11/2025 19:00,34.34,13.85
01/11/2025 19:00,01/11/2025 19:30,19.16,9.33
01/11/2025 19:30,01/11/2025 20:00,17.28,8.50
01/11/2025 20:00,01/11/2025 20:30,14.99,7.50
01/11/2025 20:30,01/11/2025 21:00,15.08,7.53
01/11/2025 21:00,01/11/2025 21:30,18.74,9.14
01/11/2025 21:30,01/11/2025 22:00,14.09,7.10
01/11/2025 22:00,01/11/2025 22:30,15.41,7.68
01/11/2025 22:30,01/11/2025 23:00,11.03,5.75
01/11/2025 23:00,01/11/2025 23:30,15.21,7.59
01/11/2025 23:30,02/11/2025 00:00,9.27,4.98
02/11/2025 00:00,02/11/2025 00:30,11.03,5.75
02/11/2025 00:30,02/11/2025 01:00,12.84,6.55
02/11/2025 01:00,02/11/2025 01:30,13.61,6.88
02/11/2025 01:30,02/11/2025 02:00,12.06,6.21
02/11/2025 02:00,02/11/2025 02:30,13.23,6.72
02/11/2025 02:30,02/11/2025 03:00,10.88,5.69
02/11/2025 03:00,02/11/2025 03:30,12.51,6.40
02/11/2025 03:30,02/11/2025 04:00,10.84,5.67
02/11/2025 04:00,02/11/2025 04:30,11.73,6.06
02/11/2025 04:30,02/11/2025 05:00,10.58,5.56
02/11/2025 05:00,02/11/2025 05:30,13.23,6.72
02/11/2025 05:30,02/11/2025 06:00,13.23,6.72
02/11/2025 06:00,02/11/2025 06:30,12.84,6.55
02/11/2025 06:30,02/11/2025 07:00,13.15,6.68
02/11/2025 07:00,02/11/2025 07:30,11.33,5.89
02/11/2025 07:30,02/11/2025 08:00,14.33,7.20
02/11/2025 08:00,02/11/2025 08:30,10.58,5.56
02/11/2025 08:30,02/11/2025 09:00,13.23,6.72
02/11/2025 09:00,02/11/2025 09:30,12.79,6.53
02/11/2025 09:30,02/11/2025 10:00,11.47,5.94
02/11/2025 10:00,02/11/2025 10:30,10.58,5.56
02/11/2025 10:30,02/11/2025 11:00,11.13,5.80
02/11/2025 11:00,02/11/2025 11:30,11.11,5.79
02/11/2025 11:30,02/11/2025 12:00,10.47,5.51
02/11/2025 12:00,02/11/2025 12:30,10.58,5.56
02/11/2025 12:30,02/11/2025 13:00,11.14,5.80
02/11/2025 13:00,02/11/2025 13:30,12.17,6.25
02/11/2025 13:30,02/11/2025 14:00,12.57,6.43
02/11/2025 14:00,02/11/2025 14:30,14.73,7.38
02/11/2025 14:30,02/11/2025 15:00,16.54,8.18
02/11/2025 15:00,02/11/2025 15:30,16.76,8.27
02/11/2025 15:30,02/11/2025 16:00,18.42,9.00
02/11/2025 16:00,02/11/2025 16:30,31.29,12.51
02/11/2025 16:30,02/11/2025 17:00,37.38,15.19
02/11/2025 17:00,02/11/2025 17:30,37.21,15.12
02/11/2025 17:30,02/11/2025 18:00,36.65,14.86
02/11/2025 18:00,02/11/2025 18:30,35.89,14.53
02/11/2025 18:30,02/11/2025 19:00,34.09,13.74
02/11/2025 19:00,02/11/2025 19:30,17.86,8.76
02/11/2025 19:30,02/11/2025 20:00,17.16,8.45
02/11/2025 20:00,02/11/2025 20:30,18.08,8.85
02/11/2025 20:30,02/11/2025 21:00,15.56,7.75
02/11/2025 21:00,02/11/2025 21:30,17.86,8.76
02/11/2025 21:30,02/11/2025 22:00,12.71,6.49
02/11/2025 22:00,02/11/2025 22:30,12.13,6.24
02/11/2025 22:30,02/11/2025 23:00,7.01,3.98
02/11/2025 23:00,02/11/2025 23:30,11.95,6.16
02/11/2025 23:30,03/11/2025 00:00,9.18,4.94
03/11/2025 00:00,03/11/2025 00:30,6.63,3.81
03/11/2025 00:30,03/11/2025 01:00,7.81,4.34
03/11/2025 01:00,03/11/2025 01:30,7.01,3.99
03/11/2025 01:30,03/11/2025 02:00,3.93,2.63
03/11/2025 02:00,03/11/2025 02:30,4.55,2.90
03/11/2025 02:30,03/11/2025 03:00,2.58,2.03
03/11/2025 03:00,03/11/2025 03:30,4.17,2.73
03/11/2025 03:30,03/11/2025 04:00,2.46,1.98
03/11/2025 04:00,03/11/2025 04:30,3.06,2.24
03/11/2025 04:30,03/11/2025 05:00,3.75,2.55
03/11/2025 05:00,03/11/2025 05:30,5.06,3.13
03/11/2025 05:30,03/11/2025 06:00,5.07,3.13
03/11/2025 06:00,03/11/2025 06:30,10.25,5.41
03/11/2025 06:30,03/11/2025 07:00,17.64,8.66
03/11/2025 07:00,03/11/2025 07:30,15.02,7.51
03/11/2025 07:30,03/11/2025 08:00,18.78,9.16
03/11/2025 08:00,03/11/2025 08:30,17.02,8.39
03/11/2025 08:30,03/11/2025 09:00,18.96,9.24
03/11/2025 09:00,03/11/2025 09:30,17.81,8.73
03/11/2025 09:30,03/11/2025 10:00,17.02,8.39
03/11/2025 10:00,03/11/2025 10:30,14.45,7.25
03/11/2025 10:30,03/11/2025 11:00,14.49,7.27
03/11/2025 11:00,03/11/2025 11:30,14.38,7.23
03/11/2025 11:30,03/11/2025 12:00,13.72,6.94
03/11/2025 12:00,03/11/2025 12:30,13.76,6.95
03/11/2025 12:30,03/11/2025 13:00,13.39,6.79
03/11/2025 13:00,03/11/2025 13:30,14.42,7.24
03/11/2025 13:30,03/11/2025 14:00,13.93,7.03
03/11/2025 14:00,03/11/2025 14:30,15.17,7.57
03/11/2025 14:30,03/11/2025 15:00,14.77,7.40
03/11/2025 15:00,03/11/2025 15:30,13.89,7.01
03/11/2025 15:30,03/11/2025 16:00,16.91,8.34
03/11/2025 16:00,03/11/2025 16:30,31.77,12.72
03/11/2025 16:30,03/11/2025 17:00,36.14,14.64
03/11/2025 17:00,03/11/2025 17:30,32.28,12.95
03/11/2025 17:30,03/11/2025 18:00,32.22,12.92
03/11/2025 18:00,03/11/2025 18:30,32.76,13.16
03/11/2025 18:30,03/11/2025 19:00,31.73,12.70
03/11/2025 19:00,03/11/2025 19:30,16.67,8.24
03/11/2025 19:30,03/11/2025 20:00,13.80,6.97
03/11/2025 20:00,03/11/2025 20:30,13.98,7.05
03/11/2025 20:30,03/11/2025 21:00,10.72,5.62
03/11/2025 21:00,03/11/2025 21:30,10.77,5.64
03/11/2025 21:30,03/11/2025 22:00,6.31,3.67
03/11/2025 22:00,03/11/2025 22:30,7.34,4.13
03/11/2025 22:30,03/11/2025 23:00,4.56,2.90
03/11/2025 23:00,03/11/2025 23:30,3.84,2.59
03/11/2025 23:30,04/11/2025 00:00,0.22,1.00
04/11/2025 00:00,04/11/2025 00:30,1.32,1.48
04/11/2025 00:30,04/11/2025 01:00,2.65,2.06
04/11/2025 01:00,04/11/2025 01:30,2.27,1.90
04/11/2025 01:30,04/11/2025 02:00,2.21,1.87
04/11/2025 02:00,04/11/2025 02:30,2.06,1.80
04/11/2025 02:30,04/11/2025 03:00,2.16,1.85
04/11/2025 03:00,04/11/2025 03:30,2.56,2.03
04/11/2025 03:30,04/11/2025 04:00,2.02,1.78
04/11/2025 04:00,04/11/2025 04:30,3.21,2.31
04/11/2025 04:30,04/11/2025 05:00,2.91,2.18
04/11/2025 05:00,04/11/2025 05:30,5.29,3.23
04/11/2025 05:30,04/11/2025 06:00,7.40,4.16
04/11/2025 06:00,04/11/2025 06:30,8.45,4.62
04/11/2025 06:30,04/11/2025 07:00,13.23,6.72
04/11/2025 07:00,04/11/2025 07:30,15.59,7.76
04/11/2025 07:30,04/11/2025 08:00,18.08,8.85
04/11/2025 08:00,04/11/2025 08:30,17.44,8.57
04/11/2025 08:30,04/11/2025 09:00,18.08,8.85
04/11/2025 09:00,04/11/2025 09:30,16.76,8.27
04/11/2025 09:30,04/11/2025 10:00,16.33,8.08
04/11/2025 10:00,04/11/2025 10:30,15.88,7.88
04/11/2025 10:30,04/11/2025 11:00,15.95,7.92
04/11/2025 11:00,04/11/2025 11:30,15.95,7.92
04/11/2025 11:30,04/11/2025 12:00,15.95,7.92
04/11/2025 12:00,04/11/2025 12:30,16.98,8.37
04/11/2025 12:30,04/11/2025 13:00,16.98,8.37
04/11/2025 13:00,04/11/2025 13:30,16.98,8.37
04/11/2025 13:30,04/11/2025 14:00,16.76,8.27
04/11/2025 14:00,04/11/2025 14:30,16.76,8.27
04/11/2025 14:30,04/11/2025 15:00,16.94,8.35
04/11/2025 15:00,04/11/2025 15:30,16.95,8.36
04/11/2025 15:30,04/11/2025 16:00,19.40,9.44
04/11/2025 16:00,04/11/2025 16:30,31.93,12.79
04/11/2025 16:30,04/11/2025 17:00,36.12,14.63
04/11/2025 17:00,04/11/2025 17:30,35.22,14.24
04/11/2025 17:30,04/11/2025 18:00,35.51,14.37
04/11/2025 18:00,04/11/2025 18:30,34.62,13.97
04/11/2025 18:30,04/11/2025 19:00,34.18,13.78
04/11/2025 19:00,04/11/2025 19:30,18.26,8.93
04/11/2025 19:30,04/11/2025 20:00,16.54,8.18
04/11/2025 20:00,04/11/2025 20:30,17.65,8.67
04/11/2025 20:30,04/11/2025 21:00,15.95,7.92
04/11/2025 21:00,04/11/2025 21:30,16.84,8.31
04/11/2025 21:30,04/11/2025 22:00,14.91,7.46
04/11/2025 22:00,04/11/2025 22:30,14.95,7.48
04/11/2025 22:30,04/11/2025 23:00,11.47,5.94
04/11/2025 23:00,04/11/2025 23:30,15.44,7.69
04/11/2025 23:30,05/11/2025 00:00,14.05,7.08
05/11/2025 00:00,05/11/2025 00:30,14.16,7.13
05/11/2025 00:30,05/11/2025 01:00,15.41,7.68
05/11/2025 01:00,05/11/2025 01:30,14.49,7.27
05/11/2025 01:30,05/11/2025 02:00,14.03,7.07
05/11/2025 02:00,05/11/2025 02:30,14.33,7.20
05/11/2025 02:30,05/11/2025 03:00,14.05,7.08
05/11/2025 03:00,05/11/2025 03:30,14.55,7.30
05/11/2025 03:30,05/11/2025 04:00,13.45,6.82
05/11/2025 04:00,05/11/2025 04:30,13.78,6.96
05/11/2025 04:30,05/11/2025 05:00,13.76,6.95
05/11/2025 05:00,05/11/2025 05:30,14.63,7.33
05/11/2025 05:30,05/11/2025 06:00,13.94,7.04
05/11/2025 06:00,05/11/2025 06:30,18.43,9.01
05/11/2025 06:30,05/11/2025 07:00,16.54,8.18
05/11/2025 07:00,05/11/2025 07:30,18.34,8.97
05/11/2025 07:30,05/11/2025 08:00,20.09,9.74
05/11/2025 08:00,05/11/2025 08:30,19.61,9.53
05/11/2025 08:30,05/11/2025 09:00,19.62,9.53
05/11/2025 09:00,05/11/2025 09:30,19.40,9.44
05/11/2025 09:30,05/11/2025 10:00,19.05,9.28
05/11/2025 10:00,05/11/2025 10:30,17.78,8.72
05/11/2025 10:30,05/11/2025 11:00,17.19,8.46
05/11/2025 11:00,05/11/2025 11:30,15.74,7.82
05/11/2025 11:30,05/11/2025 12:00,16.07,7.97
05/11/2025 12:00,05/11/2025 12:30,16.32,8.08
05/11/2025 12:30,05/11/2025 13:00,16.32,8.08
05/11/2025 13:00,05/11/2025 13:30,16.98,8.37
05/11/2025 13:30,05/11/2025 14:00,16.32,8.08
05/11/2025 14:00,05/11/2025 14:30,18.08,8.85
05/11/2025 14:30,05/11/2025 15:00,17.42,8.56
05/11/2025 15:00,05/11/2025 15:30,17.80,8.73
05/11/2025 15:30,05/11/2025 16:00,19.62,9.53
05/11/2025 16:00,05/11/2025 16:30,33.49,13.48
05/11/2025 16:30,05/11/2025 17:00,36.72,14.90
05/11/2025 17:00,05/11/2025 17:30,35.48,14.35
05/11/2025 17:30,05/11/2025 18:00,35.70,14.45
05/11/2025 18:00,05/11/2025 18:30,35.06,14.17
05/11/2025 18:30,05/11/2025 19:00,33.49,13.48
05/11/2025 19:00,05/11/2025 19:30,19.87,9.64
05/11/2025 19:30,05/11/2025 20:00,18.18,8.89
05/11/2025 20:00,05/11/2025 20:30,18.13,8.88
05/11/2025 20:30,05/11/2025 21:00,16.66,8.23
05/11/2025 21:00,05/11/2025 21:30,18.30,8.95
05/11/2025 21:30,05/11/2025 22:00,15.44,7.69
05/11/2025 22:00,05/11/2025 22:30,15.88,7.88
05/11/2025 22:30,05/11/2025 23:00,12.90,6.58
05/11/2025 23:00,05/11/2025 23:30,16.24,8.05
05/11/2025 23:30,06/11/2025 00:00,16.10,7.98
06/11/2025 00:00,06/11/2025 00:30,16.24,8.05
06/11/2025 00:30,06/11/2025 01:00,16.65,8.22
06/11/2025 01:00,06/11/2025 01:30,16.10,7.98
06/11/2025 01:30,06/11/2025 02:00,15.82,7.86
06/11/2025 02:00,06/11/2025 02:30,16.01,7.94
06/11/2025 02:30,06/11/2025 03:00,15.83,7.86
06/11/2025 03:00,06/11/2025 03:30,15.44,7.69
06/11/2025 03:30,06/11/2025 04:00,15.44,7.69
06/11/2025 04:00,06/11/2025 04:30,16.27,8.06
06/11/2025 04:30,06/11/2025 05:00,16.04,7.96
06/11/2025 05:00,06/11/2025 05:30,17.06,8.40
06/11/2025 05:30,06/11/2025 06:00,16.76,8.27
06/11/2025 06:00,06/11/2025 06:30,18.74,9.14
06/11/2025 06:30,06/11/2025 07:00,18.74,9.14
06/11/2025 07:00,06/11/2025 07:30,17.04,8.40
06/11/2025 07:30,06/11/2025 08:00,20.04,9.72
06/11/2025 08:00,06/11/2025 08:30,18.90,9.22
06/11/2025 08:30,06/11/2025 09:00,19.03,9.27
06/11/2025 09:00,06/11/2025 09:30,17.60,8.64
06/11/2025 09:30,06/11/2025 10:00,17.78,8.72
06/11/2025 10:00,06/11/2025 10:30,17.65,8.66
06/11/2025 10:30,06/11/2025 11:00,17.60,8.64
06/11/2025 11:00,06/11/2025 11:30,18.12,8.87
06/11/2025 11:30,06/11/2025 12:00,18.06,8.85
06/11/2025 12:00,06/11/2025 12:30,18.96,9.24
06/11/2025 12:30,06/11/2025 13:00,18.70,9.13
06/11/2025 13:00,06/11/2025 13:30,21.25,10.25
06/11/2025 13:30,06/11/2025 14:00,19.49,9.47
06/11/2025 14:00,06/11/2025 14:30,22.25,10.69
06/11/2025 14:30,06/11/2025 15:00,21.58,10.39
06/11/2025 15:00,06/11/2025 15:30,22.79,10.92
06/11/2025 15:30,06/11/2025 16:00,25.54,12.13
06/11/2025 16:00,06/11/2025 16:30,38.02,15.47
06/11/2025 16:30,06/11/2025 17:00,42.33,17.36
06/11/2025 17:00,06/11/2025 17:30,40.29,16.47
06/11/2025 17:30,06/11/2025 18:00,40.98,16.77
06/11/2025 18:00,06/11/2025 18:30,39.89,16.29
06/11/2025 18:30,06/11/2025 19:00,38.74,15.79
06/11/2025 19:00,06/11/2025 19:30,23.37,11.18
06/11/2025 19:30,06/11/2025 20:00,21.39,10.31
06/11/2025 20:00,06/11/2025 20:30,20.73,10.02
06/11/2025 20:30,06/11/2025 21:00,19.25,9.37
06/11/2025 21:00,06/11/2025 21:30,18.89,9.21
06/11/2025 21:30,06/11/2025 22:00,17.20,8.47
06/11/2025 22:00,06/11/2025 22:30,17.65,8.67
06/11/2025 22:30,06/11/2025 23:00,16.94,8.35
06/11/2025 23:00,06/11/2025 23:30,17.66,8.67
06/11/2025 23:30,07/11/2025 00:00,17.19,8.46
07/11/2025 00:00,07/11/2025 00:30,16.54,8.18
07/11/2025 00:30,07/11/2025 01:00,16.64,8.22
07/11/2025 01:00,07/11/2025 01:30,16.54,8.18
07/11/2025 01:30,07/11/2025 02:00,16.19,8.02
07/11/2025 02:00,07/11/2025 02:30,16.54,8.18
07/11/2025 02:30,07/11/2025 03:00,16.40,8.12
07/11/2025 03:00,07/11/2025 03:30,16.50,8.16
07/11/2025 03:30,07/11/2025 04:00,16.27,8.06
07/11/2025 04:00,07/11/2025 04:30,16.54,8.18
07/11/2025 04:30,07/11/2025 05:00,16.19,8.02
07/11/2025 05:00,07/11/2025 05:30,17.75,8.71
07/11/2025 05:30,07/11/2025 06:00,16.61,8.21
07/11/2025 06:00,07/11/2025 06:30,17.76,8.71
07/11/2025 06:30,07/11/2025 07:00,19.92,9.66
07/11/2025 07:00,07/11/2025 07:30,20.14,9.76
07/11/2025 07:30,07/11/2025 08:00,22.22,10.67
07/11/2025 08:00,07/11/2025 08:30,20.95,10.12
07/11/2025 08:30,07/11/2025 09:00,20.95,10.12
07/11/2025 09:00,07/11/2025 09:30,19.40,9.44
07/11/2025 09:30,07/11/2025 10:00,18.70,9.13
07/11/2025 10:00,07/11/2025 10:30,17.84,8.75
07/11/2025 10:30,07/11/2025 11:00,17.42,8.56
07/11/2025 11:00,07/11/2025 11:30,17.10,8.43
07/11/2025 11:30,07/11/2025 12:00,17.08,8.42
07/11/2025 12:00,07/11/2025 12:30,17.20,8.47
07/11/2025 12:30,07/11/2025 13:00,17.10,8.43
07/11/2025 13:00,07/11/2025 13:30,18.30,8.95
07/11/2025 13:30,07/11/2025 14:00,18.25,8.93
07/11/2025 14:00,07/11/2025 14:30,19.99,9.69
07/11/2025 14:30,07/11/2025 15:00,20.15,9.77
07/11/2025 15:00,07/11/2025 15:30,19.84,9.63
07/11/2025 15:30,07/11/2025 16:00,20.95,10.12
07/11/2025 16:00,07/11/2025 16:30,34.60,13.96
07/11/2025 16:30,07/11/2025 17:00,37.24,15.13
07/11/2025 17:00,07/11/2025 17:30,36.69,14.89
07/11/2025 17:30,07/11/2025 18:00,36.42,14.77
07/11/2025 18:00,07/11/2025 18:30,36.80,14.94
07/11/2025 18:30,07/11/2025 19:00,35.37,14.31
07/11/2025 19:00,07/11/2025 19:30,19.84,9.63
07/11/2025 19:30,07/11/2025 20:00,18.02,8.83
07/11/2025 20:00,07/11/2025 20:30,19.43,9.44
07/11/2025 20:30,07/11/2025 21:00,18.34,8.97
07/11/2025 21:00,07/11/2025 21:30,19.45,9.46
07/11/2025 21:30,07/11/2025 22:00,17.87,8.76
07/11/2025 22:00,07/11/2025 22:30,18.08,8.85
07/11/2025 22:30,07/11/2025 23:00,17.37,8.54
07/11/2025 23:00,07/11/2025 23:30,18.86,9.19
07/11/2025 23:30,08/11/2025 00:00,17.50,8.60
08/11/2025 00:00,08/11/2025 00:30,15.95,7.92
08/11/2025 00:30,08/11/2025 01:00,17.25,8.49
08/11/2025 01:00,08/11/2025 01:30,16.59,8.20
08/11/2025 01:30,08/11/2025 02:00,16.54,8.18
08/11/2025 02:00,08/11/2025 02:30,16.39,8.11
08/11/2025 02:30,08/11/2025 03:00,16.47,8.15
08/11/2025 03:00,08/11/2025 03:30,16.89,8.33
08/11/2025 03:30,08/11/2025 04:00,16.10,7.98
08/11/2025 04:00,08/11/2025 04:30,16.10,7.98
08/11/2025 04:30,08/11/2025 05:00,15.73,7.82
08/11/2025 05:00,08/11/2025 05:30,16.50,8.16
08/11/2025 05:30,08/11/2025 06:00,16.29,8.07
08/11/2025 06:00,08/11/2025 06:30,17.56,8.62
08/11/2025 06:30,08/11/2025 07:00,17.86,8.76
08/11/2025 07:00,08/11/2025 07:30,16.92,8.34
08/11/2025 07:30,08/11/2025 08:00,18.52,9.05
08/11/2025 08:00,08/11/2025 08:30,18.39,8.99
08/11/2025 08:30,08/11/2025 09:00,18.73,9.14
08/11/2025 09:00,08/11/2025 09:30,19.00,9.26
08/11/2025 09:30,08/11/2025 10:00,18.80,9.17
08/11/2025 10:00,08/11/2025 10:30,17.69,8.68
08/11/2025 10:30,08/11/2025 11:00,17.64,8.66
08/11/2025 11:00,08/11/2025 11:30,17.15,8.44
08/11/2025 11:30,08/11/2025 12:00,16.96,8.36
08/11/2025 12:00,08/11/2025 12:30,16.98,8.37
08/11/2025 12:30,08/11/2025 13:00,16.54,8.18
08/11/2025 13:00,08/11/2025 13:30,17.38,8.54
08/11/2025 13:30,08/11/2025 14:00,16.93,8.34
08/11/2025 14:00,08/11/2025 14:30,18.70,9.13
08/11/2025 14:30,08/11/2025 15:00,18.30,8.95
08/11/2025 15:00,08/11/2025 15:30,19.69,9.56
08/11/2025 15:30,08/11/2025 16:00,20.39,9.87
08/11/2025 16:00,08/11/2025 16:30,35.59,14.41
08/11/2025 16:30,08/11/2025 17:00,37.68,15.32
08/11/2025 17:00,08/11/2025 17:30,36.80,14.94
08/11/2025 17:30,08/11/2025 18:00,36.52,14.81
08/11/2025 18:00,08/11/2025 18:30,37.24,15.13
08/11/2025 18:30,08/11/2025 19:00,34.77,14.04
08/11/2025 19:00,08/11/2025 19:30,20.73,10.02
08/11/2025 19:30,08/11/2025 20:00,18.11,8.87
08/11/2025 20:00,08/11/2025 20:30,18.08,8.85
08/11/2025 20:30,08/11/2025 21:00,18.25,8.93
08/11/2025 21:00,08/11/2025 21:30,17.60,8.64
08/11/2025 21:30,08/11/2025 22:00,15.44,7.69
08/11/2025 22:00,08/11/2025 22:30,15.74,7.83
08/11/2025 22:30,08/11/2025 23:00,15.44,7.69
08/11/2025 23:00,08/11/2025 23:30,16.54,8.18
08/11/2025 23:30,09/11/2025 00:00,15.71,7.81
09/11/2025 00:00,09/11/2025 00:30,15.78,7.84
09/11/2025 00:30,09/11/2025 01:00,18.08,8.85
09/11/2025 01:00,09/11/2025 01:30,18.74,9.14
09/11/2025 01:30,09/11/2025 02:00,16.98,8.37
09/11/2025 02:00,09/11/2025 02:30,16.76,8.27
09/11/2025 02:30,09/11/2025 03:00,15.88,7.88
09/11/2025 03:00,09/11/2025 03:30,16.36,8.10
09/11/2025 03:30,09/11/2025 04:00,15.73,7.82
09/11/2025 04:00,09/11/2025 04:30,15.78,7.84
09/11/2025 04:30,09/11/2025 05:00,15.44,7.69
09/11/2025 05:00,09/11/2025 05:30,15.34,7.65
09/11/2025 05:30,09/11/2025 06:00,15.21,7.59
09/11/2025 06:00,09/11/2025 06:30,15.78,7.84
09/11/2025 06:30,09/11/2025 07:00,16.26,8.05
09/11/2025 07:00,09/11/2025 07:30,15.78,7.84
09/11/2025 07:30,09/11/2025 08:00,16.82,8.30
09/11/2025 08:00,09/11/2025 08:30,15.44,7.69
09/11/2025 08:30,09/11/2025 09:00,17.64,8.66
09/11/2025 09:00,09/11/2025 09:30,16.29,8.07
09/11/2025 09:30,09/11/2025 10:00,17.57,8.63
09/11/2025 10:00,09/11/2025 10:30,16.51,8.16
09/11/2025 10:30,09/11/2025 11:00,16.32,8.08
09/11/2025 11:00,09/11/2025 11:30,15.78,7.84
09/11/2025 11:30,09/11/2025 12:00,16.94,8.35
09/11/2025 12:00,09/11/2025 12:30,15.08,7.53
09/11/2025 12:30,09/11/2025 13:00,16.76,8.27
09/11/2025 13:00,09/11/2025 13:30,18.30,8.95
09/11/2025 13:30,09/11/2025 14:00,17.64,8.66
09/11/2025 14:00,09/11/2025 14:30,16.98,8.37
09/11/2025 14:30,09/11/2025 15:00,17.90,8.78
09/11/2025 15:00,09/11/2025 15:30,18.50,9.04
09/11/2025 15:30,09/11/2025 16:00,18.74,9.14
09/11/2025 16:00,09/11/2025 16:30,35.32,14.28
09/11/2025 16:30,09/11/2025 17:00,36.58,14.84
09/11/2025 17:00,09/11/2025 17:30,37.68,15.32
09/11/2025 17:30,09/11/2025 18:00,37.40,15.20
09/11/2025 18:00,09/11/2025 18:30,37.68,15.32
09/11/2025 18:30,09/11/2025 19:00,36.04,14.60
09/11/2025 19:00,09/11/2025 19:30,20.62,9.97
09/11/2025 19:30,09/11/2025 20:00,18.74,9.14
09/11/2025 20:00,09/11/2025 20:30,18.74,9.14
09/11/2025 20:30,09/11/2025 21:00,18.03,8.83
09/11/2025 21:00,09/11/2025 21:30,17.62,8.65
09/11/2025 21:30,09/11/2025 22:00,17.63,8.65
09/11/2025 22:00,09/11/2025 22:30,19.16,9.33
09/11/2025 22:30,09/11/2025 23:00,16.82,8.30
09/11/2025 23:00,09/11/2025 23:30,16.63,8.22
09/11/2025 23:30,10/11/2025 00:00,17.01,8.38
10/11/2025 00:00,10/11/2025 00:30,15.66,7.79
10/11/2025 00:30,10/11/2025 01:00,16.32,8.08
10/11/2025 01:00,10/11/2025 01:30,15.88,7.88
10/11/2025 01:30,10/11/2025 02:00,15.51,7.72
10/11/2025 02:00,10/11/2025 02:30,15.35,7.65
10/11/2025 02:30,10/11/2025 03:00,14.55,7.30
10/11/2025 03:00,10/11/2025 03:30,14.83,7.42
10/11/2025 03:30,10/11/2025 04:00,14.16,7.13
10/11/2025 04:00,10/11/2025 04:30,15.09,7.54
10/11/2025 04:30,10/11/2025 05:00,14.50,7.28
10/11/2025 05:00,10/11/2025 05:30,15.68,7.79
10/11/2025 05:30,10/11/2025 06:00,14.50,7.28
10/11/2025 06:00,10/11/2025 06:30,17.06,8.41
10/11/2025 06:30,10/11/2025 07:00,16.76,8.27
10/11/2025 07:00,10/11/2025 07:30,16.98,8.37
10/11/2025 07:30,10/11/2025 08:00,18.18,8.90
10/11/2025 08:00,10/11/2025 08:30,17.42,8.56
10/11/2025 08:30,10/11/2025 09:00,17.36,8.53
10/11/2025 09:00,10/11/2025 09:30,17.30,8.51
10/11/2025 09:30,10/11/2025 10:00,17.16,8.45
10/11/2025 10:00,10/11/2025 10:30,16.38,8.11
10/11/2025 10:30,10/11/2025 11:00,16.32,8.08
10/11/2025 11:00,10/11/2025 11:30,17.29,8.51
10/11/2025 11:30,10/11/2025 12:00,17.42,8.56
10/11/2025 12:00,10/11/2025 12:30,17.34,8.52
10/11/2025 12:30,10/11/2025 13:00,17.38,8.55
10/11/2025 13:00,10/11/2025 13:30,17.80,8.73
10/11/2025 13:30,10/11/2025 14:00,18.06,8.84
10/11/2025 14:00,10/11/2025 14:30,18.19,8.90
10/11/2025 14:30,10/11/2025 15:00,18.42,9.00
10/11/2025 15:00,10/11/2025 15:30,17.28,8.50
10/11/2025 15:30,10/11/2025 16:00,19.72,9.57
10/11/2025 16:00,10/11/2025 16:30,32.48,13.03
10/11/2025 16:30,10/11/2025 17:00,36.58,14.84
10/11/2025 17:00,10/11/2025 17:30,33.94,13.67
10/11/2025 17:30,10/11/2025 18:00,36.74,14.91
10/11/2025 18:00,10/11/2025 18:30,35.70,14.45
10/11/2025 18:30,10/11/2025 19:00,34.38,13.87
10/11/2025 19:00,10/11/2025 19:30,18.81,9.17
10/11/2025 19:30,10/11/2025 20:00,17.70,8.69
10/11/2025 20:00,10/11/2025 20:30,17.38,8.55
10/11/2025 20:30,10/11/2025 21:00,16.54,8.18
10/11/2025 21:00,10/11/2025 21:30,17.64,8.66
10/11/2025 21:30,10/11/2025 22:00,16.32,8.08
10/11/2025 22:00,10/11/2025 22:30,15.66,7.79
10/11/2025 22:30,10/11/2025 23:00,15.66,7.79
10/11/2025 23:00,10/11/2025 23:30,17.14,8.44
10/11/2025 23:30,11/11/2025 00:00,15.71,7.81
11/11/2025 00:00,11/11/2025 00:30,15.58,7.76
11/11/2025 00:30,11/11/2025 01:00,16.10,7.98
11/11/2025 01:00,11/11/2025 01:30,15.21,7.59
11/11/2025 01:30,11/11/2025 02:00,14.33,7.20
11/11/2025 02:00,11/11/2025 02:30,14.55,7.30
11/11/2025 02:30,11/11/2025 03:00,13.84,6.99
11/11/2025 03:00,11/11/2025 03:30,14.49,7.28
11/11/2025 03:30,11/11/2025 04:00,14.18,7.13
11/11/2025 04:00,11/11/2025 04:30,14.46,7.26
11/11/2025 04:30,11/11/2025 05:00,13.92,7.03
11/11/2025 05:00,11/11/2025 05:30,15.13,7.56
11/11/2025 05:30,11/11/2025 06:00,15.27,7.62
11/11/2025 06:00,11/11/2025 06:30,16.89,8.33
11/11/2025 06:30,11/11/2025 07:00,18.52,9.05
11/11/2025 07:00,11/11/2025 07:30,18.52,9.05
11/11/2025 07:30,11/11/2025 08:00,20.07,9.73
11/11/2025 08:00,11/11/2025 08:30,19.11,9.31
11/11/2025 08:30,11/11/2025 09:00,19.19,9.35
11/11/2025 09:00,11/11/2025 09:30,18.56,9.07
11/11/2025 09:30,11/11/2025 10:00,17.20,8.47
11/11/2025 10:00,11/11/2025 10:30,16.80,8.29
11/11/2025 10:30,11/11/2025 11:00,16.25,8.05
11/11/2025 11:00,11/11/2025 11:30,15.71,7.81
11/11/2025 11:30,11/11/2025 12:00,15.32,7.64
11/11/2025 12:00,11/11/2025 12:30,15.66,7.79
11/11/2025 12:30,11/11/2025 13:00,15.44,7.69
11/11/2025 13:00,11/11/2025 13:30,16.98,8.37
11/11/2025 13:30,11/11/2025 14:00,16.75,8.27
11/11/2025 14:00,11/11/2025 14:30,17.86,8.76
11/11/2025 14:30,11/11/2025 15:00,17.86,8.76
11/11/2025 15:00,11/11/2025 15:30,16.84,8.31
11/11/2025 15:30,11/11/2025 16:00,18.59,9.08
11/11/2025 16:00,11/11/2025 16:30,33.47,13.47
11/11/2025 16:30,11/11/2025 17:00,35.78,14.49
11/11/2025 17:00,11/11/2025 17:30,34.31,13.84
11/11/2025 17:30,11/11/2025 18:00,34.24,13.81
11/11/2025 18:00,11/11/2025 18:30,32.45,13.02
11/11/2025 18:30,11/11/2025 19:00,31.63,12.66
11/11/2025 19:00,11/11/2025 19:30,16.76,8.27
11/11/2025 19:30,11/11/2025 20:00,17.92,8.78
11/11/2025 20:00,11/11/2025 20:30,17.56,8.62
11/11/2025 20:30,11/11/2025 21:00,16.81,8.30
11/11/2025 21:00,11/11/2025 21:30,16.62,8.21
11/11/2025 21:30,11/11/2025 22:00,14.25,7.17
11/11/2025 22:00,11/11/2025 22:30,14.36,7.22
11/11/2025 22:30,11/11/2025 23:00,11.98,6.17
11/11/2025 23:00,11/11/2025 23:30,12.13,6.24
11/11/2025 23:30,12/11/2025 00:00,9.95,5.28
12/11/2025 00:00,12/11/2025 00:30,10.27,5.42
12/11/2025 00:30,12/11/2025 01:00,11.63,6.02
12/11/2025 01:00,12/11/2025 01:30,9.70,5.17
12/11/2025 01:30,12/11/2025 02:00,9.25,4.97
12/11/2025 02:00,12/11/2025 02:30,8.82,4.78
12/11/2025 02:30,12/11/2025 03:00,8.56,4.67
12/11/2025 03:00,12/11/2025 03:30,8.87,4.80
12/11/2025 03:30,12/11/2025 04:00,8.90,4.81
12/11/2025 04:00,12/11/2025 04:30,9.18,4.94
12/11/2025 04:30,12/11/2025 05:00,8.60,4.68
12/11/2025 05:00,12/11/2025 05:30,7.72,4.30
12/11/2025 05:30,12/11/2025 06:00,8.96,4.84
12/11/2025 06:00,12/11/2025 06:30,14.31,7.20
12/11/2025 06:30,12/11/2025 07:00,15.88,7.88
12/11/2025 07:00,12/11/2025 07:30,14.33,7.20
12/11/2025 07:30,12/11/2025 08:00,16.54,8.18
12/11/2025 08:00,12/11/2025 08:30,13.89,7.01
12/11/2025 08:30,12/11/2025 09:00,14.40,7.23
12/11/2025 09:00,12/11/2025 09:30,15.21,7.59
12/11/2025 09:30,12/11/2025 10:00,15.66,7.79
12/11/2025 10:00,12/11/2025 10:30,16.10,7.98
12/11/2025 10:30,12/11/2025 11:00,16.33,8.08
12/11/2025 11:00,12/11/2025 11:30,16.54,8.18
12/11/2025 11:30,12/11/2025 12:00,15.98,7.93
12/11/2025 12:00,12/11/2025 12:30,16.70,8.24
12/11/2025 12:30,12/11/2025 13:00,16.70,8.24
12/11/2025 13:00,12/11/2025 13:30,16.98,8.37
12/11/2025 13:30,12/11/2025 14:00,16.64,8.22
12/11/2025 14:00,12/11/2025 14:30,17.28,8.50
12/11/2025 14:30,12/11/2025 15:00,17.31,8.52
12/11/2025 15:00,12/11/2025 15:30,17.64,8.66
12/11/2025 15:30,12/11/2025 16:00,18.52,9.05
12/11/2025 16:00,12/11/2025 16:30,32.95,13.24
12/11/2025 16:30,12/11/2025 17:00,35.04,14.16
12/11/2025 17:00,12/11/2025 17:30,33.05,13.29
12/11/2025 17:30,12/11/2025 18:00,33.54,13.50
12/11/2025 18:00,12/11/2025 18:30,31.77,12.72
12/11/2025 18:30,12/11/2025 19:00,30.19,12.02
12/11/2025 19:00,12/11/2025 19:30,16.60,8.20
12/11/2025 19:30,12/11/2025 20:00,15.44,7.69
12/11/2025 20:00,12/11/2025 20:30,16.22,8.04
12/11/2025 20:30,12/11/2025 21:00,16.09,7.98
12/11/2025 21:00,12/11/2025 21:30,16.54,8.18
12/11/2025 21:30,12/11/2025 22:00,16.32,8.08
12/11/2025 22:00,12/11/2025 22:30,14.11,7.11
12/11/2025 22:30,12/11/2025 23:00,12.35,6.33
12/11/2025 23:00,12/11/2025 23:30,8.64,4.70
12/11/2025 23:30,13/11/2025 00:00,3.86,2.60
13/11/2025 00:00,13/11/2025 00:30,3.53,2.45
13/11/2025 00:30,13/11/2025 01:00,4.41,2.84
13/11/2025 01:00,13/11/2025 01:30,3.87,2.61
13/11/2025 01:30,13/11/2025 02:00,3.09,2.26
13/11/2025 02:00,13/11/2025 02:30,3.50,2.44
13/11/2025 02:30,13/11/2025 03:00,2.01,1.78
13/11/2025 03:00,13/11/2025 03:30,2.21,1.87
13/11/2025 03:30,13/11/2025 04:00,0.44,1.09
13/11/2025 04:00,13/11/2025 04:30,3.27,2.34
13/11/2025 04:30,13/11/2025 05:00,4.19,2.74
13/11/2025 05:00,13/11/2025 05:30,5.57,3.35
13/11/2025 05:30,13/11/2025 06:00,7.46,4.18
13/11/2025 06:00,13/11/2025 06:30,9.70,5.17
13/11/2025 06:30,13/11/2025 07:00,13.23,6.72
13/11/2025 07:00,13/11/2025 07:30,16.12,7.99
13/11/2025 07:30,13/11/2025 08:00,16.98,8.37
13/11/2025 08:00,13/11/2025 08:30,16.67,8.23
13/11/2025 08:30,13/11/2025 09:00,15.39,7.67
13/11/2025 09:00,13/11/2025 09:30,15.88,7.88
13/11/2025 09:30,13/11/2025 10:00,15.44,7.69
13/11/2025 10:00,13/11/2025 10:30,15.68,7.80
13/11/2025 10:30,13/11/2025 11:00,16.10,7.98
13/11/2025 11:00,13/11/2025 11:30,16.10,7.98
13/11/2025 11:30,13/11/2025 12:00,15.77,7.84
13/11/2025 12:00,13/11/2025 12:30,16.76,8.27
13/11/2025 12:30,13/11/2025 13:00,17.24,8.49
13/11/2025 13:00,13/11/2025 13:30,16.48,8.15
13/11/2025 13:30,13/11/2025 14:00,16.54,8.18
13/11/2025 14:00,13/11/2025 14:30,16.21,8.03
13/11/2025 14:30,13/11/2025 15:00,16.32,8.08
13/11/2025 15:00,13/11/2025 15:30,16.76,8.27
13/11/2025 15:30,13/11/2025 16:00,18.52,9.05
13/11/2025 16:00,13/11/2025 16:30,34.60,13.96
13/11/2025 16:30,13/11/2025 17:00,37.24,15.13
13/11/2025 17:00,13/11/2025 17:30,35.48,14.35
13/11/2025 17:30,13/11/2025 18:00,35.70,14.45
13/11/2025 18:00,13/11/2025 18:30,36.50,14.80
13/11/2025 18:30,13/11/2025 19:00,34.47,13.91
13/11/2025 19:00,13/11/2025 19:30,18.34,8.97
13/11/2025 19:30,13/11/2025 20:00,17.64,8.66
13/11/2025 20:00,13/11/2025 20:30,18.08,8.85
13/11/2025 20:30,13/11/2025 21:00,17.20,8.47
13/11/2025 21:00,13/11/2025 21:30,17.22,8.48
13/11/2025 21:30,13/11/2025 22:00,16.54,8.18
13/11/2025 22:00,13/11/2025 22:30,16.92,8.34
13/11/2025 22:30,13/11/2025 23:00,16.24,8.05
13/11/2025 23:00,13/11/2025 23:30,16.14,8.00
13/11/2025 23:30,14/11/2025 00:00,15.88,7.88
14/11/2025 00:00,14/11/2025 00:30,16.50,8.16
14/11/2025 00:30,14/11/2025 01:00,16.73,8.26
14/11/2025 01:00,14/11/2025 01:30,15.44,7.69
14/11/2025 01:30,14/11/2025 02:00,13.78,6.96
14/11/2025 02:00,14/11/2025 02:30,13.81,6.97
14/11/2025 02:30,14/11/2025 03:00,11.71,6.05
14/11/2025 03:00,14/11/2025 03:30,12.72,6.49
14/11/2025 03:30,14/11/2025 04:00,12.44,6.37
14/11/2025 04:00,14/11/2025 04:30,12.53,6.41
14/11/2025 04:30,14/11/2025 05:00,12.14,6.24
14/11/2025 05:00,14/11/2025 05:30,11.60,6.00
14/11/2025 05:30,14/11/2025 06:00,12.30,6.31
14/11/2025 06:00,14/11/2025 06:30,14.95,7.48
14/11/2025 06:30,14/11/2025 07:00,15.88,7.88
14/11/2025 07:00,14/11/2025 07:30,17.60,8.64
14/11/2025 07:30,14/11/2025 08:00,18.74,9.14
14/11/2025 08:00,14/11/2025 08:30,18.30,8.95
14/11/2025 08:30,14/11/2025 09:00,18.49,9.03
14/11/2025 09:00,14/11/2025 09:30,18.72,9.14
14/11/2025 09:30,14/11/2025 10:00,18.31,8.96
14/11/2025 10:00,14/11/2025 10:30,18.42,9.00
14/11/2025 10:30,14/11/2025 11:00,18.30,8.95
14/11/2025 11:00,14/11/2025 11:30,18.08,8.85
14/11/2025 11:30,14/11/2025 12:00,18.08,8.85
14/11/2025 12:00,14/11/2025 12:30,17.84,8.75
14/11/2025 12:30,14/11/2025 13:00,17.57,8.63
14/11/2025 13:00,14/11/2025 13:30,17.25,8.49
14/11/2025 13:30,14/11/2025 14:00,16.76,8.27
14/11/2025 14:00,14/11/2025 14:30,16.96,8.36
14/11/2025 14:30,14/11/2025 15:00,16.12,7.99
14/11/2025 15:00,14/11/2025 15:30,14.64,7.34
14/11/2025 15:30,14/11/2025 16:00,16.14,8.00
14/11/2025 16:00,14/11/2025 16:30,28.78,11.40
14/11/2025 16:30,14/11/2025 17:00,30.85,12.32
14/11/2025 17:00,14/11/2025 17:30,30.27,12.06
14/11/2025 17:30,14/11/2025 18:00,30.31,12.08
14/11/2025 18:00,14/11/2025 18:30,30.41,12.12
14/11/2025 18:30,14/11/2025 19:00,28.86,11.44
14/11/2025 19:00,14/11/2025 19:30,15.89,7.89
14/11/2025 19:30,14/11/2025 20:00,16.14,8.00
14/11/2025 20:00,14/11/2025 20:30,14.77,7.40
14/11/2025 20:30,14/11/2025 21:00,12.85,6.56
14/11/2025 21:00,14/11/2025 21:30,13.69,6.92
14/11/2025 21:30,14/11/2025 22:00,11.79,6.09
14/11/2025 22:00,14/11/2025 22:30,11.89,6.13
14/11/2025 22:30,14/11/2025 23:00,10.58,5.56
14/11/2025 23:00,14/11/2025 23:30,11.93,6.15
14/11/2025 23:30,15/11/2025 00:00,8.60,4.68
15/11/2025 00:00,15/11/2025 00:30,9.74,5.19
15/11/2025 00:30,15/11/2025 01:00,11.03,5.75
15/11/2025 01:00,15/11/2025 01:30,11.36,5.90
15/11/2025 01:30,15/11/2025 02:00,9.48,5.07
15/11/2025 02:00,15/11/2025 02:30,10.16,5.37
15/11/2025 02:30,15/11/2025 03:00,9.24,4.97
15/11/2025 03:00,15/11/2025 03:30,9.26,4.97
15/11/2025 03:30,15/11/2025 04:00,8.60,4.68
15/11/2025 04:00,15/11/2025 04:30,7.60,4.25
15/11/2025 04:30,15/11/2025 05:00,8.23,4.52
15/11/2025 05:00,15/11/2025 05:30,8.56,4.66
15/11/2025 05:30,15/11/2025 06:00,7.50,4.20
15/11/2025 06:00,15/11/2025 06:30,10.02,5.30
15/11/2025 06:30,15/11/2025 07:00,15.44,7.69
15/11/2025 07:00,15/11/2025 07:30,12.46,6.38
15/11/2025 07:30,15/11/2025 08:00,14.94,7.47
15/11/2025 08:00,15/11/2025 08:30,15.98,7.93
15/11/2025 08:30,15/11/2025 09:00,17.84,8.75
15/11/2025 09:00,15/11/2025 09:30,17.20,8.47
15/11/2025 09:30,15/11/2025 10:00,18.03,8.83
15/11/2025 10:00,15/11/2025 10:30,16.88,8.33
15/11/2025 10:30,15/11/2025 11:00,16.32,8.08
15/11/2025 11:00,15/11/2025 11:30,15.66,7.79
15/11/2025 11:30,15/11/2025 12:00,16.70,8.24
15/11/2025 12:00,15/11/2025 12:30,16.80,8.29
15/11/2025 12:30,15/11/2025 13:00,17.17,8.45
15/11/2025 13:00,15/11/2025 13:30,17.55,8.62
15/11/2025 13:30,15/11/2025 14:00,16.10,7.98
15/11/2025 14:00,15/11/2025 14:30,17.17,8.45
15/11/2025 14:30,15/11/2025 15:00,17.11,8.43
15/11/2025 15:00,15/11/2025 15:30,17.98,8.81
15/11/2025 15:30,15/11/2025 16:00,19.58,9.51
15/11/2025 16:00,15/11/2025 16:30,34.49,13.92
15/11/2025 16:30,15/11/2025 17:00,37.68,15.32
15/11/2025 17:00,15/11/2025 17:30,35.03,14.16
15/11/2025 17:30,15/11/2025 18:00,33.91,13.66
15/11/2025 18:00,15/11/2025 18:30,34.82,14.06
15/11/2025 18:30,15/11/2025 19:00,33.94,13.67
15/11/2025 19:00,15/11/2025 19:30,20.57,9.95
15/11/2025 19:30,15/11/2025 20:00,18.74,9.14
15/11/2025 20:00,15/11/2025 20:30,19.84,9.63
15/11/2025 20:30,15/11/2025 21:00,18.52,9.05
15/11/2025 21:00,15/11/2025 21:30,19.10,9.30
15/11/2025 21:30,15/11/2025 22:00,17.92,8.78
15/11/2025 22:00,15/11/2025 22:30,19.84,9.63
15/11/2025 22:30,15/11/2025 23:00,17.66,8.67
15/11/2025 23:00,15/11/2025 23:30,16.98,8.37
15/11/2025 23:30,16/11/2025 00:00,16.82,8.30
16/11/2025 00:00,16/11/2025 00:30,17.56,8.63
16/11/2025 00:30,16/11/2025 01:00,18.74,9.14
16/11/2025 01:00,16/11/2025 01:30,18.56,9.07
16/11/2025 01:30,16/11/2025 02:00,17.04,8.40
16/11/2025 02:00,16/11/2025 02:30,16.87,8.32
16/11/2025 02:30,16/11/2025 03:00,16.05,7.96
16/11/2025 03:00,16/11/2025 03:30,16.30,8.07
16/11/2025 03:30,16/11/2025 04:00,15.20,7.59
16/11/2025 04:00,16/11/2025 04:30,15.76,7.83
16/11/2025 04:30,16/11/2025 05:00,15.73,7.82
16/11/2025 05:00,16/11/2025 05:30,15.57,7.75
16/11/2025 05:30,16/11/2025 06:00,15.44,7.69
16/11/2025 06:00,16/11/2025 06:30,15.47,7.70
16/11/2025 06:30,16/11/2025 07:00,15.99,7.94
16/11/2025 07:00,16/11/2025 07:30,16.19,8.02
16/11/2025 07:30,16/11/2025 08:00,16.72,8.25
16/11/2025 08:00,16/11/2025 08:30,16.53,8.17
16/11/2025 08:30,16/11/2025 09:00,16.98,8.37
16/11/2025 09:00,16/11/2025 09:30,17.20,8.47
16/11/2025 09:30,16/11/2025 10:00,18.96,9.24
16/11/2025 10:00,16/11/2025 10:30,18.46,9.02
16/11/2025 10:30,16/11/2025 11:00,18.46,9.02
16/11/2025 11:00,16/11/2025 11:30,18.39,8.99
16/11/2025 11:30,16/11/2025 12:00,19.46,9.46
16/11/2025 12:00,16/11/2025 12:30,18.42,9.00
16/11/2025 12:30,16/11/2025 13:00,19.02,9.26
16/11/2025 13:00,16/11/2025 13:30,18.30,8.95
16/11/2025 13:30,16/11/2025 14:00,16.76,8.27
16/11/2025 14:00,16/11/2025 14:30,18.08,8.85
16/11/2025 14:30,16/11/2025 15:00,18.36,8.98
16/11/2025 15:00,16/11/2025 15:30,18.74,9.14
16/11/2025 15:30,16/11/2025 16:00,21.22,10.24
16/11/2025 16:00,16/11/2025 16:30,35.24,14.25
16/11/2025 16:30,16/11/2025 17:00,35.96,14.57
16/11/2025 17:00,16/11/2025 17:30,35.70,14.45
16/11/2025 17:30,16/11/2025 18:00,35.70,14.45
16/11/2025 18:00,16/11/2025 18:30,36.21,14.68
16/11/2025 18:30,16/11/2025 19:00,33.72,13.58
16/11/2025 19:00,16/11/2025 19:30,19.60,9.52
16/11/2025 19:30,16/11/2025 20:00,18.52,9.05
16/11/2025 20:00,16/11/2025 20:30,19.21,9.35
16/11/2025 20:30,16/11/2025 21:00,17.71,8.69
16/11/2025 21:00,16/11/2025 21:30,17.64,8.66
16/11/2025 21:30,16/11/2025 22:00,16.56,8.18
16/11/2025 22:00,16/11/2025 22:30,16.15,8.01
16/11/2025 22:30,16/11/2025 23:00,14.45,7.25
16/11/2025 23:00,16/11/2025 23:30,15.21,7.59
16/11/2025 23:30,17/11/2025 00:00,13.89,7.01
17/11/2025 00:00,17/11/2025 00:30,13.25,6.73
17/11/2025 00:30,17/11/2025 01:00,14.03,7.07
17/11/2025 01:00,17/11/2025 01:30,13.27,6.74
17/11/2025 01:30,17/11/2025 02:00,12.73,6.50
17/11/2025 02:00,17/11/2025 02:30,13.17,6.69
17/11/2025 02:30,17/11/2025 03:00,12.35,6.33
17/11/2025 03:00,17/11/2025 03:30,12.35,6.33
17/11/2025 03:30,17/11/2025 04:00,11.91,6.14
17/11/2025 04:00,17/11/2025 04:30,12.39,6.35
17/11/2025 04:30,17/11/2025 05:00,12.51,6.40
17/11/2025 05:00,17/11/2025 05:30,12.35,6.33
17/11/2025 05:30,17/11/2025 06:00,15.22,7.60
17/11/2025 06:00,17/11/2025 06:30,17.24,8.49
17/11/2025 06:30,17/11/2025 07:00,17.20,8.47
17/11/2025 07:00,17/11/2025 07:30,17.64,8.66
17/11/2025 07:30,17/11/2025 08:00,20.51,9.92
17/11/2025 08:00,17/11/2025 08:30,19.46,9.46
17/11/2025 08:30,17/11/2025 09:00,19.62,9.53
17/11/2025 09:00,17/11/2025 09:30,17.81,8.73
17/11/2025 09:30,17/11/2025 10:00,17.23,8.48
17/11/2025 10:00,17/11/2025 10:30,16.25,8.05
17/11/2025 10:30,17/11/2025 11:00,16.32,8.08
17/11/2025 11:00,17/11/2025 11:30,16.22,8.04
17/11/2025 11:30,17/11/2025 12:00,16.22,8.04
17/11/2025 12:00,17/11/2025 12:30,16.29,8.06
17/11/2025 12:30,17/11/2025 13:00,15.51,7.72
17/11/2025 13:00,17/11/2025 13:30,17.24,8.49
17/11/2025 13:30,17/11/2025 14:00,17.22,8.48
17/11/2025 14:00,17/11/2025 14:30,17.42,8.56
17/11/2025 14:30,17/11/2025 15:00,16.98,8.37
17/11/2025 15:00,17/11/2025 15:30,18.57,9.07
17/11/2025 15:30,17/11/2025 16:00,19.79,9.61
17/11/2025 16:00,17/11/2025 16:30,35.29,14.27
17/11/2025 16:30,17/11/2025 17:00,38.37,15.62
17/11/2025 17:00,17/11/2025 17:30,36.36,14.74
17/11/2025 17:30,17/11/2025 18:00,37.68,15.32
17/11/2025 18:00,17/11/2025 18:30,37.91,15.42
17/11/2025 18:30,17/11/2025 19:00,37.37,15.18
17/11/2025 19:00,17/11/2025 19:30,22.05,10.60
17/11/2025 19:30,17/11/2025 20:00,21.13,10.19
17/11/2025 20:00,17/11/2025 20:30,19.84,9.63
17/11/2025 20:30,17/11/2025 21:00,18.86,9.19
17/11/2025 21:00,17/11/2025 21:30,18.73,9.14
17/11/2025 21:30,17/11/2025 22:00,19.17,9.34
17/11/2025 22:00,17/11/2025 22:30,19.16,9.33
17/11/2025 22:30,17/11/2025 23:00,19.82,9.62
17/11/2025 23:00,17/11/2025 23:30,18.34,8.97
17/11/2025 23:30,18/11/2025 00:00,17.21,8.47
18/11/2025 00:00,18/11/2025 00:30,17.04,8.40
18/11/2025 00:30,18/11/2025 01:00,17.92,8.79
18/11/2025 01:00,18/11/2025 01:30,17.67,8.68
18/11/2025 01:30,18/11/2025 02:00,16.85,8.32
18/11/2025 02:00,18/11/2025 02:30,16.85,8.31
18/11/2025 02:30,18/11/2025 03:00,16.46,8.14
18/11/2025 03:00,18/11/2025 03:30,17.36,8.53
18/11/2025 03:30,18/11/2025 04:00,16.60,8.20
18/11/2025 04:00,18/11/2025 04:30,16.54,8.18
18/11/2025 04:30,18/11/2025 05:00,16.17,8.01
18/11/2025 05:00,18/11/2025 05:30,18.20,8.91
18/11/2025 05:30,18/11/2025 06:00,17.86,8.76
18/11/2025 06:00,18/11/2025 06:30,18.54,9.06
18/11/2025 06:30,18/11/2025 07:00,22.19,10.66
18/11/2025 07:00,18/11/2025 07:30,21.71,10.45
18/11/2025 07:30,18/11/2025 08:00,24.00,11.46
18/11/2025 08:00,18/11/2025 08:30,21.97,10.56
18/11/2025 08:30,18/11/2025 09:00,22.13,10.64
18/11/2025 09:00,18/11/2025 09:30,20.50,9.92
18/11/2025 09:30,18/11/2025 10:00,19.93,9.67
18/11/2025 10:00,18/11/2025 10:30,19.17,9.34
18/11/2025 10:30,18/11/2025 11:00,18.96,9.24
18/11/2025 11:00,18/11/2025 11:30,19.23,9.36
18/11/2025 11:30,18/11/2025 12:00,18.94,9.23
18/11/2025 12:00,18/11/2025 12:30,18.30,8.95
18/11/2025 12:30,18/11/2025 13:00,17.94,8.79
18/11/2025 13:00,18/11/2025 13:30,18.24,8.92
18/11/2025 13:30,18/11/2025 14:00,17.64,8.66
18/11/2025 14:00,18/11/2025 14:30,19.59,9.52
18/11/2025 14:30,18/11/2025 15:00,19.30,9.39
18/11/2025 15:00,18/11/2025 15:30,22.05,10.60
18/11/2025 15:30,18/11/2025 16:00,24.25,11.57
18/11/2025 16:00,18/11/2025 16:30,37.46,15.23
18/11/2025 16:30,18/11/2025 17:00,38.46,15.67
18/11/2025 17:00,18/11/2025 17:30,38.68,15.76
18/11/2025 17:30,18/11/2025 18:00,38.57,15.71
18/11/2025 18:00,18/11/2025 18:30,39.01,15.90
18/11/2025 18:30,18/11/2025 19:00,38.57,15.71
18/11/2025 19:00,18/11/2025 19:30,21.48,10.35
18/11/2025 19:30,18/11/2025 20:00,19.28,9.38
18/11/2025 20:00,18/11/2025 20:30,18.83,9.18
18/11/2025 20:30,18/11/2025 21:00,18.52,9.05
18/11/2025 21:00,18/11/2025 21:30,19.26,9.37
18/11/2025 21:30,18/11/2025 22:00,17.73,8.70
18/11/2025 22:00,18/11/2025 22:30,17.42,8.56
18/11/2025 22:30,18/11/2025 23:00,17.20,8.47
18/11/2025 23:00,18/11/2025 23:30,17.82,8.74
18/11/2025 23:30,19/11/2025 00:00,16.68,8.24
19/11/2025 00:00,19/11/2025 00:30,16.74,8.26
19/11/2025 00:30,19/11/2025 01:00,17.09,8.42
19/11/2025 01:00,19/11/2025 01:30,17.37,8.54
19/11/2025 01:30,19/11/2025 02:00,16.74,8.26
19/11/2025 02:00,19/11/2025 02:30,17.40,8.55
19/11/2025 02:30,19/11/2025 03:00,16.76,8.27
19/11/2025 03:00,19/11/2025 03:30,16.74,8.26
19/11/2025 03:30,19/11/2025 04:00,16.62,8.21
19/11/2025 04:00,19/11/2025 04:30,16.74,8.26
19/11/2025 04:30,19/11/2025 05:00,16.74,8.26
19/11/2025 05:00,19/11/2025 05:30,18.80,9.17
19/11/2025 05:30,19/11/2025 06:00,16.74,8.26
19/11/2025 06:00,19/11/2025 06:30,19.40,9.44
19/11/2025 06:30,19/11/2025 07:00,18.96,9.24
19/11/2025 07:00,19/11/2025 07:30,19.60,9.52
19/11/2025 07:30,19/11/2025 08:00,23.41,11.20
19/11/2025 08:00,19/11/2025 08:30,20.76,10.03
19/11/2025 08:30,19/11/2025 09:00,21.52,10.37
19/11/2025 09:00,19/11/2025 09:30,19.56,9.50
19/11/2025 09:30,19/11/2025 10:00,18.70,9.13
19/11/2025 10:00,19/11/2025 10:30,17.50,8.60
19/11/2025 10:30,19/11/2025 11:00,17.64,8.66
19/11/2025 11:00,19/11/2025 11:30,17.03,8.39
19/11/2025 11:30,19/11/2025 12:00,17.24,8.49
19/11/2025 12:00,19/11/2025 12:30,17.14,8.44
19/11/2025 12:30,19/11/2025 13:00,17.11,8.43
19/11/2025 13:00,19/11/2025 13:30,17.15,8.44
19/11/2025 13:30,19/11/2025 14:00,17.72,8.69
19/11/2025 14:00,19/11/2025 14:30,18.69,9.12
19/11/2025 14:30,19/11/2025 15:00,18.41,9.00
19/11/2025 15:00,19/11/2025 15:30,18.52,9.05
19/11/2025 15:30,19/11/2025 16:00,22.60,10.84
19/11/2025 16:00,19/11/2025 16:30,36.58,14.84
19/11/2025 16:30,19/11/2025 17:00,37.91,15.42
19/11/2025 17:00,19/11/2025 17:30,37.45,15.22
19/11/2025 17:30,19/11/2025 18:00,37.46,15.23
19/11/2025 18:00,19/11/2025 18:30,37.46,15.23
19/11/2025 18:30,19/11/2025 19:00,37.65,15.31
19/11/2025 19:00,19/11/2025 19:30,22.05,10.60
19/11/2025 19:30,19/11/2025 20:00,20.64,9.98
19/11/2025 20:00,19/11/2025 20:30,19.77,9.60
19/11/2025 20:30,19/11/2025 21:00,18.13,8.88
19/11/2025 21:00,19/11/2025 21:30,18.42,9.00
19/11/2025 21:30,19/11/2025 22:00,18.35,8.97
19/11/2025 22:00,19/11/2025 22:30,18.52,9.05
19/11/2025 22:30,19/11/2025 23:00,16.74,8.26
19/11/2025 23:00,19/11/2025 23:30,17.64,8.66
19/11/2025 23:30,20/11/2025 00:00,15.87,7.88
20/11/2025 00:00,20/11/2025 00:30,15.66,7.79
20/11/2025 00:30,20/11/2025 01:00,16.54,8.18
20/11/2025 01:00,20/11/2025 01:30,16.67,8.23
20/11/2025 01:30,20/11/2025 02:00,16.32,8.08
20/11/2025 02:00,20/11/2025 02:30,16.32,8.08
20/11/2025 02:30,20/11/2025 03:00,16.04,7.96
20/11/2025 03:00,20/11/2025 03:30,16.14,8.00
20/11/2025 03:30,20/11/2025 04:00,15.98,7.93
20/11/2025 04:00,20/11/2025 04:30,16.82,8.30
20/11/2025 04:30,20/11/2025 05:00,16.13,8.00
20/11/2025 05:00,20/11/2025 05:30,19.10,9.30
20/11/2025 05:30,20/11/2025 06:00,17.95,8.80
20/11/2025 06:00,20/11/2025 06:30,19.95,9.68
20/11/2025 06:30,20/11/2025 07:00,19.62,9.53
20/11/2025 07:00,20/11/2025 07:30,19.84,9.63
20/11/2025 07:30,20/11/2025 08:00,23.75,11.35
20/11/2025 08:00,20/11/2025 08:30,22.80,10.93
20/11/2025 08:30,20/11/2025 09:00,23.15,11.08
20/11/2025 09:00,20/11/2025 09:30,21.77,10.47
20/11/2025 09:30,20/11/2025 10:00,20.81,10.05
20/11/2025 10:00,20/11/2025 10:30,19.64,9.54
20/11/2025 10:30,20/11/2025 11:00,19.34,9.41
20/11/2025 11:00,20/11/2025 11:30,19.23,9.36
20/11/2025 11:30,20/11/2025 12:00,19.18,9.34
20/11/2025 12:00,20/11/2025 12:30,18.95,9.24
20/11/2025 12:30,20/11/2025 13:00,18.91,9.22
20/11/2025 13:00,20/11/2025 13:30,19.06,9.28
20/11/2025 13:30,20/11/2025 14:00,19.12,9.31
20/11/2025 14:00,20/11/2025 14:30,21.21,10.23
20/11/2025 14:30,20/11/2025 15:00,22.00,10.58
20/11/2025 15:00,20/11/2025 15:30,22.93,10.99
20/11/2025 15:30,20/11/2025 16:00,26.46,12.54
20/11/2025 16:00,20/11/2025 16:30,40.63,16.62
20/11/2025 16:30,20/11/2025 17:00,41.45,16.98
20/11/2025 17:00,20/11/2025 17:30,42.60,17.49
20/11/2025 17:30,20/11/2025 18:00,42.88,17.61
20/11/2025 18:00,20/11/2025 18:30,42.09,17.26
20/11/2025 18:30,20/11/2025 19:00,42.88,17.61
20/11/2025 19:00,20/11/2025 19:30,27.12,12.83
20/11/2025 19:30,20/11/2025 20:00,25.24,12.00
20/11/2025 20:00,20/11/2025 20:30,22.65,10.86
20/11/2025 20:30,20/11/2025 21:00,21.60,10.40
20/11/2025 21:00,20/11/2025 21:30,21.54,10.37
20/11/2025 21:30,20/11/2025 22:00,19.84,9.63
20/11/2025 22:00,20/11/2025 22:30,19.41,9.44
20/11/2025 22:30,20/11/2025 23:00,16.54,8.18
20/11/2025 23:00,20/11/2025 23:30,18.05,8.84
20/11/2025 23:30,21/11/2025 00:00,16.76,8.27
21/11/2025 00:00,21/11/2025 00:30,16.75,8.27
21/11/2025 00:30,21/11/2025 01:00,18.73,9.14
21/11/2025 01:00,21/11/2025 01:30,17.64,8.66
21/11/2025 01:30,21/11/2025 02:00,17.32,8.52
21/11/2025 02:00,21/11/2025 02:30,17.42,8.56
21/11/2025 02:30,21/11/2025 03:00,16.57,8.19
21/11/2025 03:00,21/11/2025 03:30,16.65,8.23
21/11/2025 03:30,21/11/2025 04:00,16.10,7.98
21/11/2025 04:00,21/11/2025 04:30,17.26,8.50
21/11/2025 04:30,21/11/2025 05:00,16.42,8.13
21/11/2025 05:00,21/11/2025 05:30,19.75,9.59
21/11/2025 05:30,21/11/2025 06:00,19.47,9.46
21/11/2025 06:00,21/11/2025 06:30,27.34,12.93
21/11/2025 06:30,21/11/2025 07:00,31.42,14.72
21/11/2025 07:00,21/11/2025 07:30,34.03,15.87
21/11/2025 07:30,21/11/2025 08:00,41.01,18.94
21/11/2025 08:00,21/11/2025 08:30,35.83,16.66
21/11/2025 08:30,21/11/2025 09:00,37.02,17.19
21/11/2025 09:00,21/11/2025 09:30,32.63,15.26
21/11/2025 09:30,21/11/2025 10:00,31.09,14.58
21/11/2025 10:00,21/11/2025 10:30,27.84,13.15
21/11/2025 10:30,21/11/2025 11:00,27.34,12.93
21/11/2025 11:00,21/11/2025 11:30,27.21,12.87
21/11/2025 11:30,21/11/2025 12:00,26.02,12.35
21/11/2025 12:00,21/11/2025 12:30,26.55,12.58
21/11/2025 12:30,21/11/2025 13:00,26.90,12.73
21/11/2025 13:00,21/11/2025 13:30,27.65,13.06
21/11/2025 13:30,21/11/2025 14:00,26.90,12.73
21/11/2025 14:00,21/11/2025 14:30,27.34,12.93
21/11/2025 14:30,21/11/2025 15:00,27.34,12.93
21/11/2025 15:00,21/11/2025 15:30,32.41,15.16
21/11/2025 15:30,21/11/2025 16:00,34.62,16.13
21/11/2025 16:00,21/11/2025 16:30,49.99,20.74
21/11/2025 16:30,21/11/2025 17:00,51.34,21.33
21/11/2025 17:00,21/11/2025 17:30,50.25,20.85
21/11/2025 17:30,21/11/2025 18:00,51.37,21.34
21/11/2025 18:00,21/11/2025 18:30,46.53,19.21
21/11/2025 18:30,21/11/2025 19:00,45.88,18.93
21/11/2025 19:00,21/11/2025 19:30,27.82,13.14
21/11/2025 19:30,21/11/2025 20:00,25.15,11.96
21/11/2025 20:00,21/11/2025 20:30,23.19,11.10
21/11/2025 20:30,21/11/2025 21:00,21.05,10.16
21/11/2025 21:00,21/11/2025 21:30,19.61,9.53
21/11/2025 21:30,21/11/2025 22:00,19.12,9.31
21/11/2025 22:00,21/11/2025 22:30,19.55,9.50
21/11/2025 22:30,21/11/2025 23:00,18.90,9.21
21/11/2025 23:00,21/11/2025 23:30,17.64,8.66
21/11/2025 23:30,22/11/2025 00:00,17.22,8.48
22/11/2025 00:00,22/11/2025 00:30,17.20,8.47
22/11/2025 00:30,22/11/2025 01:00,18.34,8.97
22/11/2025 01:00,22/11/2025 01:30,18.06,8.84
22/11/2025 01:30,22/11/2025 02:00,16.34,8.09
22/11/2025 02:00,22/11/2025 02:30,16.53,8.17
22/11/2025 02:30,22/11/2025 03:00,16.32,8.08
22/11/2025 03:00,22/11/2025 03:30,16.58,8.19
22/11/2025 03:30,22/11/2025 04:00,16.19,8.02
22/11/2025 04:00,22/11/2025 04:30,16.27,8.06
22/11/2025 04:30,22/11/2025 05:00,16.05,7.96
22/11/2025 05:00,22/11/2025 05:30,15.88,7.88
22/11/2025 05:30,22/11/2025 06:00,16.22,8.04
22/11/2025 06:00,22/11/2025 06:30,16.48,8.15
22/11/2025 06:30,22/11/2025 07:00,18.57,9.07
22/11/2025 07:00,22/11/2025 07:30,17.06,8.40
22/11/2025 07:30,22/11/2025 08:00,19.66,9.55
22/11/2025 08:00,22/11/2025 08:30,16.32,8.08
22/11/2025 08:30,22/11/2025 09:00,19.75,9.59
22/11/2025 09:00,22/11/2025 09:30,15.88,7.88
22/11/2025 09:30,22/11/2025 10:00,17.87,8.76
22/11/2025 10:00,22/11/2025 10:30,18.22,8.91
22/11/2025 10:30,22/11/2025 11:00,18.69,9.12
22/11/2025 11:00,22/11/2025 11:30,18.89,9.21
22/11/2025 11:30,22/11/2025 12:00,19.55,9.50
22/11/2025 12:00,22/11/2025 12:30,19.16,9.33
22/11/2025 12:30,22/11/2025 13:00,19.62,9.53
22/11/2025 13:00,22/11/2025 13:30,19.12,9.31
22/11/2025 13:30,22/11/2025 14:00,19.54,9.49
22/11/2025 14:00,22/11/2025 14:30,18.96,9.24
22/11/2025 14:30,22/11/2025 15:00,18.12,8.87
22/11/2025 15:00,22/11/2025 15:30,17.70,8.69
22/11/2025 15:30,22/11/2025 16:00,19.92,9.66
22/11/2025 16:00,22/11/2025 16:30,33.27,13.38
22/11/2025 16:30,22/11/2025 17:00,36.25,14.69
22/11/2025 17:00,22/11/2025 17:30,34.60,13.96
22/11/2025 17:30,22/11/2025 18:00,33.72,13.58
22/11/2025 18:00,22/11/2025 18:30,36.45,14.78
22/11/2025 18:30,22/11/2025 19:00,35.82,14.50
22/11/2025 19:00,22/11/2025 19:30,20.79,10.05
22/11/2025 19:30,22/11/2025 20:00,19.23,9.36
22/11/2025 20:00,22/11/2025 20:30,19.84,9.63
22/11/2025 20:30,22/11/2025 21:00,18.98,9.25
22/11/2025 21:00,22/11/2025 21:30,20.07,9.73
22/11/2025 21:30,22/11/2025 22:00,18.48,9.03
22/11/2025 22:00,22/11/2025 22:30,19.32,9.40
22/11/2025 22:30,22/11/2025 23:00,16.34,8.09
22/11/2025 23:00,22/11/2025 23:30,16.54,8.18
22/11/2025 23:30,23/11/2025 00:00,18.64,9.10
23/11/2025 00:00,23/11/2025 00:30,17.48,8.59
23/11/2025 00:30,23/11/2025 01:00,17.84,8.75
23/11/2025 01:00,23/11/2025 01:30,16.54,8.18
23/11/2025 01:30,23/11/2025 02:00,15.04,7.52
23/11/2025 02:00,23/11/2025 02:30,15.44,7.69
23/11/2025 02:30,23/11/2025 03:00,14.25,7.17
23/11/2025 03:00,23/11/2025 03:30,13.71,6.93
23/11/2025 03:30,23/11/2025 04:00,13.08,6.65
23/11/2025 04:00,23/11/2025 04:30,13.67,6.91
23/11/2025 04:30,23/11/2025 05:00,13.45,6.82
23/11/2025 05:00,23/11/2025 05:30,14.13,7.12
23/11/2025 05:30,23/11/2025 06:00,13.67,6.91
23/11/2025 06:00,23/11/2025 06:30,14.40,7.23
23/11/2025 06:30,23/11/2025 07:00,13.67,6.91
23/11/2025 07:00,23/11/2025 07:30,13.82,6.98
23/11/2025 07:30,23/11/2025 08:00,15.12,7.55
23/11/2025 08:00,23/11/2025 08:30,13.98,7.05
23/11/2025 08:30,23/11/2025 09:00,16.15,8.00
23/11/2025 09:00,23/11/2025 09:30,15.66,7.79
23/11/2025 09:30,23/11/2025 10:00,17.19,8.46
23/11/2025 10:00,23/11/2025 10:30,16.76,8.27
23/11/2025 10:30,23/11/2025 11:00,16.57,8.19
23/11/2025 11:00,23/11/2025 11:30,15.53,7.73
23/11/2025 11:30,23/11/2025 12:00,16.13,8.00
23/11/2025 12:00,23/11/2025 12:30,16.15,8.00
23/11/2025 12:30,23/11/2025 13:00,17.20,8.47
23/11/2025 13:00,23/11/2025 13:30,17.28,8.50
23/11/2025 13:30,23/11/2025 14:00,17.82,8.74
23/11/2025 14:00,23/11/2025 14:30,18.61,9.09
23/11/2025 14:30,23/11/2025 15:00,18.08,8.85
23/11/2025 15:00,23/11/2025 15:30,17.60,8.64
23/11/2025 15:30,23/11/2025 16:00,18.74,9.14
23/11/2025 16:00,23/11/2025 16:30,33.67,13.56
23/11/2025 16:30,23/11/2025 17:00,35.70,14.45
23/11/2025 17:00,23/11/2025 17:30,36.06,14.61
23/11/2025 17:30,23/11/2025 18:00,36.51,14.81
23/11/2025 18:00,23/11/2025 18:30,36.36,14.74
23/11/2025 18:30,23/11/2025 19:00,34.68,14.00
23/11/2025 19:00,23/11/2025 19:30,19.89,9.65
23/11/2025 19:30,23/11/2025 20:00,17.00,8.38
23/11/2025 20:00,23/11/2025 20:30,17.05,8.40
23/11/2025 20:30,23/11/2025 21:00,16.94,8.35
23/11/2025 21:00,23/11/2025 21:30,17.54,8.61
23/11/2025 21:30,23/11/2025 22:00,16.66,8.23
23/11/2025 22:00,23/11/2025 22:30,16.97,8.36
23/11/2025 22:30,23/11/2025 23:00,14.31,7.20
23/11/2025 23:00,23/11/2025 23:30,16.36,8.10
23/11/2025 23:30,24/11/2025 00:00,14.61,7.33
24/11/2025 00:00,24/11/2025 00:30,14.11,7.11
24/11/2025 00:30,24/11/2025 01:00,15.31,7.63
24/11/2025 01:00,24/11/2025 01:30,15.30,7.63
24/11/2025 01:30,24/11/2025 02:00,14.55,7.30
24/11/2025 02:00,24/11/2025 02:30,13.90,7.01
24/11/2025 02:30,24/11/2025 03:00,13.04,6.64
24/11/2025 03:00,24/11/2025 03:30,13.88,7.01
24/11/2025 03:30,24/11/2025 04:00,13.10,6.66
24/11/2025 04:00,24/11/2025 04:30,13.92,7.02
24/11/2025 04:30,24/11/2025 05:00,13.01,6.62
24/11/2025 05:00,24/11/2025 05:30,16.64,8.22
24/11/2025 05:30,24/11/2025 06:00,11.69,6.04
24/11/2025 06:00,24/11/2025 06:30,16.76,8.27
24/11/2025 06:30,24/11/2025 07:00,17.64,8.66
24/11/2025 07:00,24/11/2025 07:30,18.63,9.09
24/11/2025 07:30,24/11/2025 08:00,20.15,9.77
24/11/2025 08:00,24/11/2025 08:30,21.29,10.27
24/11/2025 08:30,24/11/2025 09:00,21.39,10.31
24/11/2025 09:00,24/11/2025 09:30,22.46,10.78
24/11/2025 09:30,24/11/2025 10:00,22.42,10.76
24/11/2025 10:00,24/11/2025 10:30,23.05,11.04
24/11/2025 10:30,24/11/2025 11:00,22.61,10.84
24/11/2025 11:00,24/11/2025 11:30,22.13,10.64
24/11/2025 11:30,24/11/2025 12:00,21.48,10.35
24/11/2025 12:00,24/11/2025 12:30,21.61,10.41
24/11/2025 12:30,24/11/2025 13:00,20.66,9.99
24/11/2025 13:00,24/11/2025 13:30,21.24,10.24
24/11/2025 13:30,24/11/2025 14:00,20.60,9.96
24/11/2025 14:00,24/11/2025 14:30,19.62,9.53
24/11/2025 14:30,24/11/2025 15:00,19.38,9.43
24/11/2025 15:00,24/11/2025 15:30,18.77,9.16
24/11/2025 15:30,24/11/2025 16:00,21.17,10.21
24/11/2025 16:00,24/11/2025 16:30,33.83,13.63
24/11/2025 16:30,24/11/2025 17:00,36.98,15.01
24/11/2025 17:00,24/11/2025 17:30,35.99,14.58
24/11/2025 17:30,24/11/2025 18:00,36.80,14.94
24/11/2025 18:00,24/11/2025 18:30,37.56,15.27
24/11/2025 18:30,24/11/2025 19:00,37.38,15.19
24/11/2025 19:00,24/11/2025 19:30,21.43,10.33
24/11/2025 19:30,24/11/2025 20:00,20.40,9.87
24/11/2025 20:00,24/11/2025 20:30,19.04,9.27
24/11/2025 20:30,24/11/2025 21:00,18.74,9.14
24/11/2025 21:00,24/11/2025 21:30,19.40,9.44
24/11/2025 21:30,24/11/2025 22:00,17.93,8.79
24/11/2025 22:00,24/11/2025 22:30,16.46,8.14
24/11/2025 22:30,24/11/2025 23:00,13.67,6.91
24/11/2025 23:00,24/11/2025 23:30,16.54,8.18
24/11/2025 23:30,25/11/2025 00:00,15.97,7.92
25/11/2025 00:00,25/11/2025 00:30,15.66,7.79
25/11/2025 00:30,25/11/2025 01:00,16.54,8.18
25/11/2025 01:00,25/11/2025 01:30,15.82,7.86
25/11/2025 01:30,25/11/2025 02:00,15.84,7.87
25/11/2025 02:00,25/11/2025 02:30,15.66,7.79
25/11/2025 02:30,25/11/2025 03:00,15.76,7.83
25/11/2025 03:00,25/11/2025 03:30,15.66,7.79
25/11/2025 03:30,25/11/2025 04:00,15.63,7.78
25/11/2025 04:00,25/11/2025 04:30,15.88,7.88
25/11/2025 04:30,25/11/2025 05:00,15.66,7.79
25/11/2025 05:00,25/11/2025 05:30,15.52,7.73
25/11/2025 05:30,25/11/2025 06:00,15.66,7.79
25/11/2025 06:00,25/11/2025 06:30,18.30,8.95
25/11/2025 06:30,25/11/2025 07:00,18.08,8.85
25/11/2025 07:00,25/11/2025 07:30,17.66,8.67
25/11/2025 07:30,25/11/2025 08:00,21.96,10.56
25/11/2025 08:00,25/11/2025 08:30,25.01,11.90
25/11/2025 08:30,25/11/2025 09:00,24.22,11.56
25/11/2025 09:00,25/11/2025 09:30,24.46,11.66
25/11/2025 09:30,25/11/2025 10:00,23.15,11.08
25/11/2025 10:00,25/11/2025 10:30,20.09,9.73
25/11/2025 10:30,25/11/2025 11:00,19.84,9.63
25/11/2025 11:00,25/11/2025 11:30,21.17,10.21
25/11/2025 11:30,25/11/2025 12:00,20.36,9.86
25/11/2025 12:00,25/11/2025 12:30,19.84,9.63
25/11/2025 12:30,25/11/2025 13:00,21.46,10.34
25/11/2025 13:00,25/11/2025 13:30,23.91,11.42
25/11/2025 13:30,25/11/2025 14:00,24.92,11.86
25/11/2025 14:00,25/11/2025 14:30,27.34,12.93
25/11/2025 14:30,25/11/2025 15:00,29.93,14.06
25/11/2025 15:00,25/11/2025 15:30,29.30,13.79
25/11/2025 15:30,25/11/2025 16:00,39.53,18.29
25/11/2025 16:00,25/11/2025 16:30,52.90,22.02
25/11/2025 16:30,25/11/2025 17:00,62.01,26.02
25/11/2025 17:00,25/11/2025 17:30,58.09,24.30
25/11/2025 17:30,25/11/2025 18:00,60.18,25.22
25/11/2025 18:00,25/11/2025 18:30,57.75,24.15
25/11/2025 18:30,25/11/2025 19:00,57.31,23.96
25/11/2025 19:00,25/11/2025 19:30,34.76,16.19
25/11/2025 19:30,25/11/2025 20:00,28.49,13.43
25/11/2025 20:00,25/11/2025 20:30,27.78,13.12
25/11/2025 20:30,25/11/2025 21:00,22.67,10.87
25/11/2025 21:00,25/11/2025 21:30,21.87,10.52
25/11/2025 21:30,25/11/2025 22:00,19.30,9.39
25/11/2025 22:00,25/11/2025 22:30,18.08,8.85
25/11/2025 22:30,25/11/2025 23:00,16.61,8.21
25/11/2025 23:00,25/11/2025 23:30,16.54,8.18
25/11/2025 23:30,26/11/2025 00:00,15.88,7.88
26/11/2025 00:00,26/11/2025 00:30,16.32,8.08
26/11/2025 00:30,26/11/2025 01:00,17.39,8.55
26/11/2025 01:00,26/11/2025 01:30,17.42,8.56
26/11/2025 01:30,26/11/2025 02:00,15.72,7.82
26/11/2025 02:00,26/11/2025 02:30,16.45,8.14
26/11/2025 02:30,26/11/2025 03:00,15.98,7.93
26/11/2025 03:00,26/11/2025 03:30,16.36,8.10
26/11/2025 03:30,26/11/2025 04:00,16.32,8.08
26/11/2025 04:00,26/11/2025 04:30,16.32,8.08
26/11/2025 04:30,26/11/2025 05:00,15.68,7.80
26/11/2025 05:00,26/11/2025 05:30,16.75,8.27
26/11/2025 05:30,26/11/2025 06:00,16.10,7.98
26/11/2025 06:00,26/11/2025 06:30,18.76,9.15
26/11/2025 06:30,26/11/2025 07:00,20.95,10.12
26/11/2025 07:00,26/11/2025 07:30,23.56,11.26
26/11/2025 07:30,26/11/2025 08:00,24.95,11.88
26/11/2025 08:00,26/11/2025 08:30,24.25,11.57
26/11/2025 08:30,26/11/2025 09:00,25.24,12.00
26/11/2025 09:00,26/11/2025 09:30,25.52,12.12
26/11/2025 09:30,26/11/2025 10:00,24.25,11.57
26/11/2025 10:00,26/11/2025 10:30,23.53,11.25
26/11/2025 10:30,26/11/2025 11:00,22.93,10.99
26/11/2025 11:00,26/11/2025 11:30,21.03,10.15
26/11/2025 11:30,26/11/2025 12:00,20.07,9.73
26/11/2025 12:00,26/11/2025 12:30,17.64,8.66
26/11/2025 12:30,26/11/2025 13:00,19.23,9.36
26/11/2025 13:00,26/11/2025 13:30,20.32,9.84
26/11/2025 13:30,26/11/2025 14:00,20.73,10.02
26/11/2025 14:00,26/11/2025 14:30,22.75,10.91
26/11/2025 14:30,26/11/2025 15:00,24.08,11.49
26/11/2025 15:00,26/11/2025 15:30,21.87,10.52
26/11/2025 15:30,26/11/2025 16:00,27.79,13.13
26/11/2025 16:00,26/11/2025 16:30,42.04,17.24
26/11/2025 16:30,26/11/2025 17:00,46.73,19.30
26/11/2025 17:00,26/11/2025 17:30,46.55,19.22
26/11/2025 17:30,26/11/2025 18:00,48.53,20.10
26/11/2025 18:00,26/11/2025 18:30,45.33,18.69
26/11/2025 18:30,26/11/2025 19:00,42.13,17.27
26/11/2025 19:00,26/11/2025 19:30,24.50,11.68
26/11/2025 19:30,26/11/2025 20:00,22.45,10.77
26/11/2025 20:00,26/11/2025 20:30,20.22,9.79
26/11/2025 20:30,26/11/2025 21:00,19.25,9.37
26/11/2025 21:00,26/11/2025 21:30,18.54,9.06
26/11/2025 21:30,26/11/2025 22:00,16.95,8.36
26/11/2025 22:00,26/11/2025 22:30,17.20,8.47
26/11/2025 22:30,26/11/2025 23:00,16.54,8.18
26/11/2025 23:00,26/11/2025 23:30,16.10,7.98
26/11/2025 23:30,27/11/2025 00:00,16.17,8.01
27/11/2025 00:00,27/11/2025 00:30,15.04,7.52
27/11/2025 00:30,27/11/2025 01:00,15.47,7.70
27/11/2025 01:00,27/11/2025 01:30,14.90,7.46
27/11/2025 01:30,27/11/2025 02:00,13.76,6.95
27/11/2025 02:00,27/11/2025 02:30,13.45,6.82
27/11/2025 02:30,27/11/2025 03:00,12.79,6.53
27/11/2025 03:00,27/11/2025 03:30,13.17,6.69
27/11/2025 03:30,27/11/2025 04:00,13.07,6.65
27/11/2025 04:00,27/11/2025 04:30,14.08,7.09
27/11/2025 04:30,27/11/2025 05:00,13.18,6.69
27/11/2025 05:00,27/11/2025 05:30,14.55,7.30
27/11/2025 05:30,27/11/2025 06:00,14.09,7.10
27/11/2025 06:00,27/11/2025 06:30,16.18,8.02
27/11/2025 06:30,27/11/2025 07:00,18.08,8.85
27/11/2025 07:00,27/11/2025 07:30,19.15,9.33
27/11/2025 07:30,27/11/2025 08:00,20.07,9.73
27/11/2025 08:00,27/11/2025 08:30,18.63,9.09
27/11/2025 08:30,27/11/2025 09:00,19.02,9.27
27/11/2025 09:00,27/11/2025 09:30,18.25,8.93
27/11/2025 09:30,27/11/2025 10:00,17.78,8.72
27/11/2025 10:00,27/11/2025 10:30,17.25,8.49
27/11/2025 10:30,27/11/2025 11:00,16.45,8.14
27/11/2025 11:00,27/11/2025 11:30,15.48,7.71
27/11/2025 11:30,27/11/2025 12:00,15.39,7.67
27/11/2025 12:00,27/11/2025 12:30,14.91,7.46
27/11/2025 12:30,27/11/2025 13:00,15.05,7.52
27/11/2025 13:00,27/11/2025 13:30,15.45,7.69
27/11/2025 13:30,27/11/2025 14:00,15.30,7.63
27/11/2025 14:00,27/11/2025 14:30,15.17,7.57
27/11/2025 14:30,27/11/2025 15:00,15.17,7.57
27/11/2025 15:00,27/11/2025 15:30,15.52,7.73
27/11/2025 15:30,27/11/2025 16:00,17.64,8.66
27/11/2025 16:00,27/11/2025 16:30,31.70,12.69
27/11/2025 16:30,27/11/2025 17:00,32.80,13.18
27/11/2025 17:00,27/11/2025 17:30,32.39,13.00
27/11/2025 17:30,27/11/2025 18:00,32.39,13.00
27/11/2025 18:00,27/11/2025 18:30,32.05,12.84
27/11/2025 18:30,27/11/2025 19:00,30.80,12.29
27/11/2025 19:00,27/11/2025 19:30,16.54,8.18
27/11/2025 19:30,27/11/2025 20:00,16.45,8.14
27/11/2025 20:00,27/11/2025 20:30,16.18,8.02
27/11/2025 20:30,27/11/2025 21:00,14.71,7.37
27/11/2025 21:00,27/11/2025 21:30,16.34,8.09
27/11/2025 21:30,27/11/2025 22:00,13.73,6.94
27/11/2025 22:00,27/11/2025 22:30,14.40,7.23
27/11/2025 22:30,27/11/2025 23:00,11.25,5.85
27/11/2025 23:00,27/11/2025 23:30,9.11,4.91
27/11/2025 23:30,28/11/2025 00:00,7.63,4.26
28/11/2025 00:00,28/11/2025 00:30,7.94,4.39
28/11/2025 00:30,28/11/2025 01:00,9.28,4.98
28/11/2025 01:00,28/11/2025 01:30,8.61,4.69
28/11/2025 01:30,28/11/2025 02:00,7.15,4.04
28/11/2025 02:00,28/11/2025 02:30,7.97,4.41
28/11/2025 02:30,28/11/2025 03:00,7.86,4.36
28/11/2025 03:00,28/11/2025 03:30,8.46,4.62
28/11/2025 03:30,28/11/2025 04:00,6.49,3.75
28/11/2025 04:00,28/11/2025 04:30,7.57,4.23
28/11/2025 04:30,28/11/2025 05:00,6.54,3.78
28/11/2025 05:00,28/11/2025 05:30,7.54,4.22
28/11/2025 05:30,28/11/2025 06:00,8.34,4.57
28/11/2025 06:00,28/11/2025 06:30,11.69,6.04
28/11/2025 06:30,28/11/2025 07:00,17.46,8.58
28/11/2025 07:00,28/11/2025 07:30,18.34,8.97
28/11/2025 07:30,28/11/2025 08:00,20.18,9.78
28/11/2025 08:00,28/11/2025 08:30,19.40,9.44
28/11/2025 08:30,28/11/2025 09:00,19.40,9.44
28/11/2025 09:00,28/11/2025 09:30,19.36,9.42
28/11/2025 09:30,28/11/2025 10:00,18.35,8.98
28/11/2025 10:00,28/11/2025 10:30,17.83,8.74
28/11/2025 10:30,28/11/2025 11:00,16.38,8.11
28/11/2025 11:00,28/11/2025 11:30,16.32,8.08
28/11/2025 11:30,28/11/2025 12:00,15.92,7.90
28/11/2025 12:00,28/11/2025 12:30,15.44,7.69
28/11/2025 12:30,28/11/2025 13:00,15.42,7.69
28/11/2025 13:00,28/11/2025 13:30,15.66,7.79
28/11/2025 13:30,28/11/2025 14:00,15.61,7.77
28/11/2025 14:00,28/11/2025 14:30,15.88,7.88
28/11/2025 14:30,28/11/2025 15:00,15.88,7.88
28/11/2025 15:00,28/11/2025 15:30,15.35,7.65
28/11/2025 15:30,28/11/2025 16:00,17.79,8.73
28/11/2025 16:00,28/11/2025 16:30,31.17,12.46
28/11/2025 16:30,28/11/2025 17:00,33.19,13.34
28/11/2025 17:00,28/11/2025 17:30,33.23,13.36
28/11/2025 17:30,28/11/2025 18:00,33.74,13.59
28/11/2025 18:00,28/11/2025 18:30,33.65,13.55
28/11/2025 18:30,28/11/2025 19:00,33.27,13.38
28/11/2025 19:00,28/11/2025 19:30,17.64,8.66
28/11/2025 19:30,28/11/2025 20:00,17.64,8.66
28/11/2025 20:00,28/11/2025 20:30,18.99,9.26
28/11/2025 20:30,28/11/2025 21:00,17.64,8.66
28/11/2025 21:00,28/11/2025 21:30,18.96,9.24
28/11/2025 21:30,28/11/2025 22:00,16.35,8.09
28/11/2025 22:00,28/11/2025 22:30,16.98,8.37
28/11/2025 22:30,28/11/2025 23:00,15.39,7.67
28/11/2025 23:00,28/11/2025 23:30,18.74,9.14
28/11/2025 23:30,29/11/2025 00:00,16.54,8.18
29/11/2025 00:00,29/11/2025 00:30,16.11,7.98
29/11/2025 00:30,29/11/2025 01:00,17.28,8.50
29/11/2025 01:00,29/11/2025 01:30,17.64,8.66
29/11/2025 01:30,29/11/2025 02:00,17.11,8.43
29/11/2025 02:00,29/11/2025 02:30,17.68,8.68
29/11/2025 02:30,29/11/2025 03:00,17.86,8.76
29/11/2025 03:00,29/11/2025 03:30,18.52,9.05
29/11/2025 03:30,29/11/2025 04:00,16.54,8.18
29/11/2025 04:00,29/11/2025 04:30,17.28,8.50
29/11/2025 04:30,29/11/2025 05:00,16.54,8.18
29/11/2025 05:00,29/11/2025 05:30,16.76,8.27
29/11/2025 05:30,29/11/2025 06:00,16.76,8.27
29/11/2025 06:00,29/11/2025 06:30,17.64,8.66
29/11/2025 06:30,29/11/2025 07:00,17.00,8.38
29/11/2025 07:00,29/11/2025 07:30,16.16,8.01
29/11/2025 07:30,29/11/2025 08:00,17.42,8.56
29/11/2025 08:00,29/11/2025 08:30,16.50,8.16
29/11/2025 08:30,29/11/2025 09:00,18.50,9.04
29/11/2025 09:00,29/11/2025 09:30,18.04,8.84
29/11/2025 09:30,29/11/2025 10:00,18.69,9.12
29/11/2025 10:00,29/11/2025 10:30,18.74,9.14
29/11/2025 10:30,29/11/2025 11:00,18.32,8.96
29/11/2025 11:00,29/11/2025 11:30,18.10,8.86
29/11/2025 11:30,29/11/2025 12:00,17.98,8.81
29/11/2025 12:00,29/11/2025 12:30,17.38,8.54
29/11/2025 12:30,29/11/2025 13:00,17.28,8.50
29/11/2025 13:00,29/11/2025 13:30,17.54,8.61
29/11/2025 13:30,29/11/2025 14:00,16.47,8.15
29/11/2025 14:00,29/11/2025 14:30,17.05,8.40
29/11/2025 14:30,29/11/2025 15:00,17.03,8.39
29/11/2025 15:00,29/11/2025 15:30,17.70,8.69
29/11/2025 15:30,29/11/2025 16:00,19.00,9.26
29/11/2025 16:00,29/11/2025 16:30,33.94,13.67
29/11/2025 16:30,29/11/2025 17:00,34.86,14.08
29/11/2025 17:00,29/11/2025 17:30,34.60,13.96
29/11/2025 17:30,29/11/2025 18:00,34.60,13.96
29/11/2025 18:00,29/11/2025 18:30,33.59,13.52
29/11/2025 18:30,29/11/2025 19:00,32.74,13.15
29/11/2025 19:00,29/11/2025 19:30,18.39,8.99
29/11/2025 19:30,29/11/2025 20:00,16.76,8.27
29/11/2025 20:00,29/11/2025 20:30,16.76,8.27
29/11/2025 20:30,29/11/2025 21:00,16.70,8.24
29/11/2025 21:00,29/11/2025 21:30,17.20,8.47
29/11/2025 21:30,29/11/2025 22:00,16.70,8.24
29/11/2025 22:00,29/11/2025 22:30,16.70,8.24
29/11/2025 22:30,29/11/2025 23:00,14.11,7.11
29/11/2025 23:00,29/11/2025 23:30,16.05,7.96
29/11/2025 23:30,30/11/2025 00:00,10.58,5.56
30/11/2025 00:00,30/11/2025 00:30,10.69,5.60
30/11/2025 00:30,30/11/2025 01:00,13.37,6.78
30/11/2025 01:00,30/11/2025 01:30,12.79,6.53
30/11/2025 01:30,30/11/2025 02:00,10.83,5.66
30/11/2025 02:00,30/11/2025 02:30,10.58,5.56
30/11/2025 02:30,30/11/2025 03:00,9.79,5.21
30/11/2025 03:00,30/11/2025 03:30,10.24,5.41
30/11/2025 03:30,30/11/2025 04:00,10.51,5.52
30/11/2025 04:00,30/11/2025 04:30,11.45,5.94
30/11/2025 04:30,30/11/2025 05:00,12.57,6.43
30/11/2025 05:00,30/11/2025 05:30,11.28,5.86
30/11/2025 05:30,30/11/2025 06:00,10.73,5.62
30/11/2025 06:00,30/11/2025 06:30,9.64,5.14
30/11/2025 06:30,30/11/2025 07:00,13.49,6.84
30/11/2025 07:00,30/11/2025 07:30,13.94,7.04
30/11/2025 07:30,30/11/2025 08:00,17.79,8.73
30/11/2025 08:00,30/11/2025 08:30,15.88,7.88
30/11/2025 08:30,30/11/2025 09:00,16.54,8.18
30/11/2025 09:00,30/11/2025 09:30,16.10,7.98
30/11/2025 09:30,30/11/2025 10:00,16.76,8.27
30/11/2025 10:00,30/11/2025 10:30,15.75,7.83
30/11/2025 10:30,30/11/2025 11:00,15.75,7.83
30/11/2025 11:00,30/11/2025 11:30,16.41,8.12
30/11/2025 11:30,30/11/2025 12:00,15.68,7.80
30/11/2025 12:00,30/11/2025 12:30,15.82,7.86
30/11/2025 12:30,30/11/2025 13:00,16.75,8.27
30/11/2025 13:00,30/11/2025 13:30,16.48,8.15
30/11/2025 13:30,30/11/2025 14:00,16.18,8.02
30/11/2025 14:00,30/11/2025 14:30,16.54,8.18
30/11/2025 14:30,30/11/2025 15:00,16.76,8.27
30/11/2025 15:00,30/11/2025 15:30,17.42,8.56
30/11/2025 15:30,30/11/2025 16:00,19.84,9.63
30/11/2025 16:00,30/11/2025 16:30,34.18,13.78
30/11/2025 16:30,30/11/2025 17:00,36.14,14.64
30/11/2025 17:00,30/11/2025 17:30,35.28,14.27
30/11/2025 17:30,30/11/2025 18:00,34.32,13.84
30/11/2025 18:00,30/11/2025 18:30,35.26,14.26
30/11/2025 18:30,30/11/2025 19:00,32.61,13.09
30/11/2025 19:00,30/11/2025 19:30,19.05,9.28
30/11/2025 19:30,30/11/2025 20:00,16.89,8.33
30/11/2025 20:00,30/11/2025 20:30,16.98,8.37
30/11/2025 20:30,30/11/2025 21:00,16.54,8.18
30/11/2025 21:00,30/11/2025 21:30,17.20,8.47
30/11/2025 21:30,30/11/2025 22:00,15.38,7.67
30/11/2025 22:00,30/11/2025 22:30,16.16,8.01
30/11/2025 22:30,30/11/2025 23:00,14.42,7.24
30/11/2025 23:00,30/11/2025 23:30,14.35,7.22
30/11/2025 23:30,01/12/2025 00:00,10.73,5.62
01/12/2025 00:00,01/12/2025 00:30,11.03,5.75
01/12/2025 00:30,01/12/2025 01:00,12.80,6.53
01/12/2025 01:00,01/12/2025 01:30,13.39,6.79
01/12/2025 01:30,01/12/2025 02:00,11.13,5.80
01/12/2025 02:00,01/12/2025 02:30,11.79,6.09
01/12/2025 02:30,01/12/2025 03:00,12.35,6.33
01/12/2025 03:00,01/12/2025 03:30,10.80,5.65
01/12/2025 03:30,01/12/2025 04:00,11.12,5.79
01/12/2025 04:00,01/12/2025 04:30,12.36,6.34
01/12/2025 04:30,01/12/2025 05:00,10.72,5.61
01/12/2025 05:00,01/12/2025 05:30,13.22,6.72
01/12/2025 05:30,01/12/2025 06:00,15.08,7.53
01/12/2025 06:00,01/12/2025 06:30,17.20,8.47
01/12/2025 06:30,01/12/2025 07:00,17.20,8.47
01/12/2025 07:00,01/12/2025 07:30,16.87,8.32
01/12/2025 07:30,01/12/2025 08:00,19.84,9.63
01/12/2025 08:00,01/12/2025 08:30,17.86,8.76
01/12/2025 08:30,01/12/2025 09:00,19.32,9.40
01/12/2025 09:00,01/12/2025 09:30,17.63,8.66
01/12/2025 09:30,01/12/2025 10:00,18.25,8.93
01/12/2025 10:00,01/12/2025 10:30,18.00,8.82
01/12/2025 10:30,01/12/2025 11:00,18.70,9.13
01/12/2025 11:00,01/12/2025 11:30,18.72,9.14
01/12/2025 11:30,01/12/2025 12:00,17.60,8.64
01/12/2025 12:00,01/12/2025 12:30,18.52,9.05
01/12/2025 12:30,01/12/2025 13:00,18.52,9.05
01/12/2025 13:00,01/12/2025 13:30,19.84,9.63
01/12/2025 13:30,01/12/2025 14:00,19.76,9.59
01/12/2025 14:00,01/12/2025 14:30,19.84,9.63
01/12/2025 14:30,01/12/2025 15:00,19.84,9.63
01/12/2025 15:00,01/12/2025 15:30,18.78,9.17
01/12/2025 15:30,01/12/2025 16:00,20.02,9.71
01/12/2025 16:00,01/12/2025 16:30,33.13,13.32
01/12/2025 16:30,01/12/2025 17:00,35.00,14.14
01/12/2025 17:00,01/12/2025 17:30,33.44,13.46
01/12/2025 17:30,01/12/2025 18:00,33.94,13.67
01/12/2025 18:00,01/12/2025 18:30,34.31,13.84
01/12/2025 18:30,01/12/2025 19:00,32.34,12.97
01/12/2025 19:00,01/12/2025 19:30,17.64,8.66
01/12/2025 19:30,01/12/2025 20:00,17.58,8.63
01/12/2025 20:00,01/12/2025 20:30,18.08,8.85
01/12/2025 20:30,01/12/2025 21:00,17.56,8.62
01/12/2025 21:00,01/12/2025 21:30,18.54,9.06
01/12/2025 21:30,01/12/2025 22:00,15.88,7.88
01/12/2025 22:00,01/12/2025 22:30,14.99,7.50
01/12/2025 22:30,01/12/2025 23:00,12.06,6.21
01/12/2025 23:00,01/12/2025 23:30,15.78,7.84
01/12/2025 23:30,02/12/2025 00:00,12.23,6.28
02/12/2025 00:00,02/12/2025 00:30,12.01,6.18
02/12/2025 00:30,02/12/2025 01:00,12.59,6.44
02/12/2025 01:00,02/12/2025 01:30,12.79,6.53
02/12/2025 01:30,02/12/2025 02:00,11.45,5.93
02/12/2025 02:00,02/12/2025 02:30,12.03,6.19
02/12/2025 02:30,02/12/2025 03:00,11.37,5.90
02/12/2025 03:00,02/12/2025 03:30,12.03,6.19
02/12/2025 03:30,02/12/2025 04:00,10.50,5.52
02/12/2025 04:00,02/12/2025 04:30,11.58,6.00
02/12/2025 04:30,02/12/2025 05:00,11.47,5.94
02/12/2025 05:00,02/12/2025 05:30,13.38,6.78
02/12/2025 05:30,02/12/2025 06:00,13.61,6.89
02/12/2025 06:00,02/12/2025 06:30,16.42,8.13
02/12/2025 06:30,02/12/2025 07:00,16.32,8.08
02/12/2025 07:00,02/12/2025 07:30,16.76,8.27
02/12/2025 07:30,02/12/2025 08:00,18.74,9.14
02/12/2025 08:00,02/12/2025 08:30,17.73,8.70
02/12/2025 08:30,02/12/2025 09:00,18.30,8.95
02/12/2025 09:00,02/12/2025 09:30,17.66,8.67
02/12/2025 09:30,02/12/2025 10:00,17.10,8.42
02/12/2025 10:00,02/12/2025 10:30,16.24,8.05
02/12/2025 10:30,02/12/2025 11:00,15.93,7.91
02/12/2025 11:00,02/12/2025 11:30,16.25,8.05
02/12/2025 11:30,02/12/2025 12:00,15.44,7.69
02/12/2025 12:00,02/12/2025 12:30,16.71,8.25
02/12/2025 12:30,02/12/2025 13:00,16.73,8.26
02/12/2025 13:00,02/12/2025 13:30,18.22,8.92
02/12/2025 13:30,02/12/2025 14:00,18.01,8.82
02/12/2025 14:00,02/12/2025 14:30,18.55,9.06
02/12/2025 14:30,02/12/2025 15:00,17.86,8.76
02/12/2025 15:00,02/12/2025 15:30,18.94,9.23
02/12/2025 15:30,02/12/2025 16:00,20.61,9.97
02/12/2025 16:00,02/12/2025 16:30,35.83,14.51
02/12/2025 16:30,02/12/2025 17:00,38.89,15.86
02/12/2025 17:00,02/12/2025 17:30,38.21,15.56
02/12/2025 17:30,02/12/2025 18:00,37.91,15.42
02/12/2025 18:00,02/12/2025 18:30,36.71,14.89
02/12/2025 18:30,02/12/2025 19:00,36.58,14.84
02/12/2025 19:00,02/12/2025 19:30,22.93,10.99
02/12/2025 19:30,02/12/2025 20:00,20.60,9.96
02/12/2025 20:00,02/12/2025 20:30,18.59,9.07
02/12/2025 20:30,02/12/2025 21:00,18.07,8.85
02/12/2025 21:00,02/12/2025 21:30,17.64,8.66
02/12/2025 21:30,02/12/2025 22:00,17.68,8.68
02/12/2025 22:00,02/12/2025 22:30,17.21,8.47
02/12/2025 22:30,02/12/2025 23:00,16.09,7.98
02/12/2025 23:00,02/12/2025 23:30,15.44,7.69
02/12/2025 23:30,03/12/2025 00:00,15.71,7.81
03/12/2025 00:00,03/12/2025 00:30,15.55,7.74
03/12/2025 00:30,03/12/2025 01:00,15.93,7.91
03/12/2025 01:00,03/12/2025 01:30,15.88,7.88
03/12/2025 01:30,03/12/2025 02:00,15.71,7.81
03/12/2025 02:00,03/12/2025 02:30,15.88,7.88
03/12/2025 02:30,03/12/2025 03:00,15.71,7.81
03/12/2025 03:00,03/12/2025 03:30,16.16,8.01
03/12/2025 03:30,03/12/2025 04:00,15.88,7.88
03/12/2025 04:00,03/12/2025 04:30,15.88,7.88
03/12/2025 04:30,03/12/2025 05:00,15.44,7.69
03/12/2025 05:00,03/12/2025 05:30,15.46,7.70
03/12/2025 05:30,03/12/2025 06:00,15.88,7.88
03/12/2025 06:00,03/12/2025 06:30,17.66,8.67
03/12/2025 06:30,03/12/2025 07:00,18.08,8.85
03/12/2025 07:00,03/12/2025 07:30,21.36,10.29
03/12/2025 07:30,03/12/2025 08:00,22.26,10.69
03/12/2025 08:00,03/12/2025 08:30,21.51,10.36
03/12/2025 08:30,03/12/2025 09:00,20.85,10.07
03/12/2025 09:00,03/12/2025 09:30,20.73,10.02
03/12/2025 09:30,03/12/2025 10:00,19.06,9.29
03/12/2025 10:00,03/12/2025 10:30,18.62,9.09
03/12/2025 10:30,03/12/2025 11:00,17.63,8.65
03/12/2025 11:00,03/12/2025 11:30,18.18,8.89
03/12/2025 11:30,03/12/2025 12:00,17.72,8.69
03/12/2025 12:00,03/12/2025 12:30,18.08,8.85
03/12/2025 12:30,03/12/2025 13:00,17.79,8.73
03/12/2025 13:00,03/12/2025 13:30,18.01,8.82
03/12/2025 13:30,03/12/2025 14:00,17.86,8.76
03/12/2025 14:00,03/12/2025 14:30,20.16,9.77
03/12/2025 14:30,03/12/2025 15:00,20.85,10.07
03/12/2025 15:00,03/12/2025 15:30,22.60,10.84
03/12/2025 15:30,03/12/2025 16:00,25.14,11.96
03/12/2025 16:00,03/12/2025 16:30,39.23,16.00
03/12/2025 16:30,03/12/2025 17:00,39.70,16.21
03/12/2025 17:00,03/12/2025 17:30,39.77,16.24
03/12/2025 17:30,03/12/2025 18:00,39.77,16.24
03/12/2025 18:00,03/12/2025 18:30,37.91,15.42
03/12/2025 18:30,03/12/2025 19:00,36.74,14.91
03/12/2025 19:00,03/12/2025 19:30,21.62,10.41
03/12/2025 19:30,03/12/2025 20:00,19.10,9.30
03/12/2025 20:00,03/12/2025 20:30,18.11,8.87
03/12/2025 20:30,03/12/2025 21:00,18.08,8.85
03/12/2025 21:00,03/12/2025 21:30,17.03,8.39
03/12/2025 21:30,03/12/2025 22:00,15.73,7.82
03/12/2025 22:00,03/12/2025 22:30,15.35,7.65
03/12/2025 22:30,03/12/2025 23:00,14.33,7.20
03/12/2025 23:00,03/12/2025 23:30,17.43,8.57
03/12/2025 23:30,04/12/2025 00:00,17.20,8.47
04/12/2025 00:00,04/12/2025 00:30,16.98,8.37
04/12/2025 00:30,04/12/2025 01:00,17.54,8.61
04/12/2025 01:00,04/12/2025 01:30,16.82,8.30
04/12/2025 01:30,04/12/2025 02:00,15.88,7.88
04/12/2025 02:00,04/12/2025 02:30,15.54,7.74
04/12/2025 02:30,04/12/2025 03:00,14.87,7.44
04/12/2025 03:00,04/12/2025 03:30,15.26,7.61
04/12/2025 03:30,04/12/2025 04:00,15.21,7.59
04/12/2025 04:00,04/12/2025 04:30,15.46,7.70
04/12/2025 04:30,04/12/2025 05:00,15.21,7.59
04/12/2025 05:00,04/12/2025 05:30,15.58,7.75
04/12/2025 05:30,04/12/2025 06:00,14.33,7.20
04/12/2025 06:00,04/12/2025 06:30,16.98,8.37
04/12/2025 06:30,04/12/2025 07:00,16.54,8.18
04/12/2025 07:00,04/12/2025 07:30,16.97,8.37
04/12/2025 07:30,04/12/2025 08:00,17.65,8.66
04/12/2025 08:00,04/12/2025 08:30,16.76,8.27
04/12/2025 08:30,04/12/2025 09:00,17.64,8.66
04/12/2025 09:00,04/12/2025 09:30,18.44,9.01
04/12/2025 09:30,04/12/2025 10:00,18.32,8.96
04/12/2025 10:00,04/12/2025 10:30,18.56,9.07
04/12/2025 10:30,04/12/2025 11:00,18.44,9.01
04/12/2025 11:00,04/12/2025 11:30,17.86,8.76
04/12/2025 11:30,04/12/2025 12:00,18.03,8.83
04/12/2025 12:00,04/12/2025 12:30,19.02,9.27
04/12/2025 12:30,04/12/2025 13:00,18.08,8.85
04/12/2025 13:00,04/12/2025 13:30,18.96,9.24
04/12/2025 13:30,04/12/2025 14:00,19.23,9.36
04/12/2025 14:00,04/12/2025 14:30,19.27,9.38
04/12/2025 14:30,04/12/2025 15:00,19.47,9.47
04/12/2025 15:00,04/12/2025 15:30,19.96,9.68
04/12/2025 15:30,04/12/2025 16:00,22.05,10.60
04/12/2025 16:00,04/12/2025 16:30,36.58,14.84
04/12/2025 16:30,04/12/2025 17:00,38.79,15.81
04/12/2025 17:00,04/12/2025 17:30,36.48,14.79
04/12/2025 17:30,04/12/2025 18:00,37.46,15.23
04/12/2025 18:00,04/12/2025 18:30,36.96,15.01
04/12/2025 18:30,04/12/2025 19:00,36.97,15.01
04/12/2025 19:00,04/12/2025 19:30,23.81,11.38
04/12/2025 19:30,04/12/2025 20:00,21.52,10.37
04/12/2025 20:00,04/12/2025 20:30,19.40,9.44
04/12/2025 20:30,04/12/2025 21:00,18.42,9.00
04/12/2025 21:00,04/12/2025 21:30,18.04,8.83
04/12/2025 21:30,04/12/2025 22:00,18.30,8.95
04/12/2025 22:00,04/12/2025 22:30,17.11,8.43
04/12/2025 22:30,04/12/2025 23:00,14.77,7.40
04/12/2025 23:00,04/12/2025 23:30,16.03,7.95
04/12/2025 23:30,05/12/2025 00:00,16.14,8.00
05/12/2025 00:00,05/12/2025 00:30,15.74,7.82
05/12/2025 00:30,05/12/2025 01:00,16.60,8.20
05/12/2025 01:00,05/12/2025 01:30,15.97,7.92
05/12/2025 01:30,05/12/2025 02:00,14.99,7.50
05/12/2025 02:00,05/12/2025 02:30,14.99,7.50
05/12/2025 02:30,05/12/2025 03:00,14.99,7.50
05/12/2025 03:00,05/12/2025 03:30,15.21,7.59
05/12/2025 03:30,05/12/2025 04:00,14.77,7.40
05/12/2025 04:00,05/12/2025 04:30,15.21,7.59
05/12/2025 04:30,05/12/2025 05:00,14.99,7.50
05/12/2025 05:00,05/12/2025 05:30,16.76,8.27
05/12/2025 05:30,05/12/2025 06:00,15.88,7.88
05/12/2025 06:00,05/12/2025 06:30,18.24,8.92
05/12/2025 06:30,05/12/2025 07:00,19.52,9.49
05/12/2025 07:00,05/12/2025 07:30,20.29,9.82
05/12/2025 07:30,05/12/2025 08:00,20.98,10.13
05/12/2025 08:00,05/12/2025 08:30,20.52,9.93
05/12/2025 08:30,05/12/2025 09:00,21.83,10.50
05/12/2025 09:00,05/12/2025 09:30,21.63,10.42
05/12/2025 09:30,05/12/2025 10:00,20.39,9.87
05/12/2025 10:00,05/12/2025 10:30,20.16,9.77
05/12/2025 10:30,05/12/2025 11:00,18.94,9.23
05/12/2025 11:00,05/12/2025 11:30,17.86,8.76
05/12/2025 11:30,05/12/2025 12:00,17.86,8.76
05/12/2025 12:00,05/12/2025 12:30,17.21,8.47
05/12/2025 12:30,05/12/2025 13:00,17.62,8.65
05/12/2025 13:00,05/12/2025 13:30,17.14,8.44
05/12/2025 13:30,05/12/2025 14:00,17.25,8.49
05/12/2025 14:00,05/12/2025 14:30,16.70,8.24
05/12/2025 14:30,05/12/2025 15:00,16.50,8.16
05/12/2025 15:00,05/12/2025 15:30,15.44,7.69
05/12/2025 15:30,05/12/2025 16:00,16.21,8.03
05/12/2025 16:00,05/12/2025 16:30,29.83,11.87
05/12/2025 16:30,05/12/2025 17:00,31.41,12.56
05/12/2025 17:00,05/12/2025 17:30,31.54,12.62
05/12/2025 17:30,05/12/2025 18:00,31.07,12.41
05/12/2025 18:00,05/12/2025 18:30,29.99,11.94
05/12/2025 18:30,05/12/2025 19:00,29.94,11.91
05/12/2025 19:00,05/12/2025 19:30,15.88,7.88
05/12/2025 19:30,05/12/2025 20:00,17.09,8.42
05/12/2025 20:00,05/12/2025 20:30,16.32,8.08
05/12/2025 20:30,05/12/2025 21:00,15.78,7.84
05/12/2025 21:00,05/12/2025 21:30,16.42,8.13
05/12/2025 21:30,05/12/2025 22:00,15.77,7.84
05/12/2025 22:00,05/12/2025 22:30,15.66,7.79
05/12/2025 22:30,05/12/2025 23:00,13.89,7.01
05/12/2025 23:00,05/12/2025 23:30,14.93,7.47
05/12/2025 23:30,06/12/2025 00:00,13.23,6.72
06/12/2025 00:00,06/12/2025 00:30,12.45,6.38
06/12/2025 00:30,06/12/2025 01:00,14.55,7.30
06/12/2025 01:00,06/12/2025 01:30,12.45,6.38
06/12/2025 01:30,06/12/2025 02:00,11.68,6.04
06/12/2025 02:00,06/12/2025 02:30,12.33,6.32
06/12/2025 02:30,06/12/2025 03:00,11.80,6.09
06/12/2025 03:00,06/12/2025 03:30,12.17,6.25
06/12/2025 03:30,06/12/2025 04:00,11.64,6.02
06/12/2025 04:00,06/12/2025 04:30,12.32,6.32
06/12/2025 04:30,06/12/2025 05:00,12.41,6.36
06/12/2025 05:00,06/12/2025 05:30,12.35,6.33
06/12/2025 05:30,06/12/2025 06:00,11.83,6.11
06/12/2025 06:00,06/12/2025 06:30,11.49,5.95
06/12/2025 06:30,06/12/2025 07:00,14.11,7.11
06/12/2025 07:00,06/12/2025 07:30,13.52,6.85
06/12/2025 07:30,06/12/2025 08:00,14.58,7.32
06/12/2025 08:00,06/12/2025 08:30,15.66,7.79
06/12/2025 08:30,06/12/2025 09:00,17.42,8.56
06/12/2025 09:00,06/12/2025 09:30,16.82,8.30
06/12/2025 09:30,06/12/2025 10:00,17.20,8.47
06/12/2025 10:00,06/12/2025 10:30,17.82,8.74
06/12/2025 10:30,06/12/2025 11:00,17.20,8.47
06/12/2025 11:00,06/12/2025 11:30,17.42,8.56
06/12/2025 11:30,06/12/2025 12:00,16.92,8.34
06/12/2025 12:00,06/12/2025 12:30,18.63,9.10
06/12/2025 12:30,06/12/2025 13:00,18.86,9.19
06/12/2025 13:00,06/12/2025 13:30,18.88,9.20
06/12/2025 13:30,06/12/2025 14:00,16.93,8.34
06/12/2025 14:00,06/12/2025 14:30,17.15,8.44
06/12/2025 14:30,06/12/2025 15:00,16.76,8.27
06/12/2025 15:00,06/12/2025 15:30,17.64,8.66
06/12/2025 15:30,06/12/2025 16:00,18.08,8.85
06/12/2025 16:00,06/12/2025 16:30,31.69,12.68
06/12/2025 16:30,06/12/2025 17:00,32.83,13.19
06/12/2025 17:00,06/12/2025 17:30,32.83,13.19
06/12/2025 17:30,06/12/2025 18:00,32.83,13.19
06/12/2025 18:00,06/12/2025 18:30,33.33,13.41
06/12/2025 18:30,06/12/2025 19:00,32.78,13.17
06/12/2025 19:00,06/12/2025 19:30,18.74,9.14
06/12/2025 19:30,06/12/2025 20:00,16.10,7.98
06/12/2025 20:00,06/12/2025 20:30,16.10,7.98
06/12/2025 20:30,06/12/2025 21:00,15.90,7.89
06/12/2025 21:00,06/12/2025 21:30,16.53,8.17
06/12/2025 21:30,06/12/2025 22:00,16.98,8.37
06/12/2025 22:00,06/12/2025 22:30,17.36,8.53
06/12/2025 22:30,06/12/2025 23:00,15.86,7.87
06/12/2025 23:00,06/12/2025 23:30,15.88,7.88
06/12/2025 23:30,07/12/2025 00:00,14.55,7.30
07/12/2025 00:00,07/12/2025 00:30,13.87,7.00
07/12/2025 00:30,07/12/2025 01:00,16.01,7.94
07/12/2025 01:00,07/12/2025 01:30,15.88,7.88
07/12/2025 01:30,07/12/2025 02:00,15.26,7.61
07/12/2025 02:00,07/12/2025 02:30,14.82,7.42
07/12/2025 02:30,07/12/2025 03:00,14.63,7.33
07/12/2025 03:00,07/12/2025 03:30,14.99,7.50
07/12/2025 03:30,07/12/2025 04:00,15.10,7.54
07/12/2025 04:00,07/12/2025 04:30,15.48,7.71
07/12/2025 04:30,07/12/2025 05:00,15.35,7.65
07/12/2025 05:00,07/12/2025 05:30,15.44,7.69
07/12/2025 05:30,07/12/2025 06:00,14.83,7.42
07/12/2025 06:00,07/12/2025 06:30,16.18,8.02
07/12/2025 06:30,07/12/2025 07:00,16.98,8.37
07/12/2025 07:00,07/12/2025 07:30,15.67,7.79
07/12/2025 07:30,07/12/2025 08:00,16.26,8.05
07/12/2025 08:00,07/12/2025 08:30,16.25,8.05
07/12/2025 08:30,07/12/2025 09:00,17.79,8.73
07/12/2025 09:00,07/12/2025 09:30,18.93,9.23
07/12/2025 09:30,07/12/2025 10:00,19.13,9.32
07/12/2025 10:00,07/12/2025 10:30,18.36,8.98
07/12/2025 10:30,07/12/2025 11:00,18.14,8.88
07/12/2025 11:00,07/12/2025 11:30,17.64,8.66
07/12/2025 11:30,07/12/2025 12:00,17.72,8.70
07/12/2025 12:00,07/12/2025 12:30,17.64,8.66
07/12/2025 12:30,07/12/2025 13:00,17.64,8.66
07/12/2025 13:00,07/12/2025 13:30,17.28,8.50
07/12/2025 13:30,07/12/2025 14:00,19.62,9.53
07/12/2025 14:00,07/12/2025 14:30,18.96,9.24
07/12/2025 14:30,07/12/2025 15:00,18.49,9.04
07/12/2025 15:00,07/12/2025 15:30,17.06,8.40
07/12/2025 15:30,07/12/2025 16:00,18.04,8.83
07/12/2025 16:00,07/12/2025 16:30,32.75,13.15
07/12/2025 16:30,07/12/2025 17:00,35.33,14.29
07/12/2025 17:00,07/12/2025 17:30,31.05,12.40
07/12/2025 17:30,07/12/2025 18:00,30.21,12.03
07/12/2025 18:00,07/12/2025 18:30,31.18,12.46
07/12/2025 18:30,07/12/2025 19:00,30.24,12.05
07/12/2025 19:00,07/12/2025 19:30,17.11,8.43
07/12/2025 19:30,07/12/2025 20:00,16.32,8.08
07/12/2025 20:00,07/12/2025 20:30,16.72,8.25
07/12/2025 20:30,07/12/2025 21:00,15.44,7.69
07/12/2025 21:00,07/12/2025 21:30,16.76,8.27
07/12/2025 21:30,07/12/2025 22:00,13.66,6.91
07/12/2025 22:00,07/12/2025 22:30,13.23,6.72
07/12/2025 22:30,07/12/2025 23:00,9.35,5.01
07/12/2025 23:00,07/12/2025 23:30,5.63,3.37
07/12/2025 23:30,08/12/2025 00:00,4.49,2.88
08/12/2025 00:00,08/12/2025 00:30,3.04,2.24
08/12/2025 00:30,08/12/2025 01:00,3.23,2.32
08/12/2025 01:00,08/12/2025 01:30,3.24,2.33
08/12/2025 01:30,08/12/2025 02:00,3.27,2.34
08/12/2025 02:00,08/12/2025 02:30,2.98,2.21
08/12/2025 02:30,08/12/2025 03:00,2.59,2.04
08/12/2025 03:00,08/12/2025 03:30,2.87,2.16
08/12/2025 03:30,08/12/2025 04:00,1.98,1.77
08/12/2025 04:00,08/12/2025 04:30,3.60,2.48
08/12/2025 04:30,08/12/2025 05:00,3.78,2.56
08/12/2025 05:00,08/12/2025 05:30,8.42,4.61
08/12/2025 05:30,08/12/2025 06:00,9.48,5.07
08/12/2025 06:00,08/12/2025 06:30,12.23,6.28
08/12/2025 06:30,08/12/2025 07:00,14.33,7.20
08/12/2025 07:00,08/12/2025 07:30,16.74,8.26
08/12/2025 07:30,08/12/2025 08:00,18.08,8.85
08/12/2025 08:00,08/12/2025 08:30,16.76,8.27
08/12/2025 08:30,08/12/2025 09:00,17.20,8.47
08/12/2025 09:00,08/12/2025 09:30,17.20,8.47
08/12/2025 09:30,08/12/2025 10:00,16.37,8.10
08/12/2025 10:00,08/12/2025 10:30,15.88,7.88
08/12/2025 10:30,08/12/2025 11:00,14.89,7.45
08/12/2025 11:00,08/12/2025 11:30,15.05,7.52
08/12/2025 11:30,08/12/2025 12:00,14.47,7.26
08/12/2025 12:00,08/12/2025 12:30,14.47,7.26
08/12/2025 12:30,08/12/2025 13:00,14.74,7.38
08/12/2025 13:00,08/12/2025 13:30,15.87,7.88
08/12/2025 13:30,08/12/2025 14:00,16.12,7.99
08/12/2025 14:00,08/12/2025 14:30,16.66,8.23
08/12/2025 14:30,08/12/2025 15:00,15.88,7.88
08/12/2025 15:00,08/12/2025 15:30,16.10,7.98
08/12/2025 15:30,08/12/2025 16:00,17.28,8.50
08/12/2025 16:00,08/12/2025 16:30,31.91,12.78
08/12/2025 16:30,08/12/2025 17:00,34.38,13.87
08/12/2025 17:00,08/12/2025 17:30,32.48,13.03
08/12/2025 17:30,08/12/2025 18:00,32.83,13.19
08/12/2025 18:00,08/12/2025 18:30,32.81,13.18
08/12/2025 18:30,08/12/2025 19:00,33.46,13.47
08/12/2025 19:00,08/12/2025 19:30,19.62,9.53
08/12/2025 19:30,08/12/2025 20:00,19.07,9.29
08/12/2025 20:00,08/12/2025 20:30,19.74,9.58
08/12/2025 20:30,08/12/2025 21:00,17.66,8.67
08/12/2025 21:00,08/12/2025 21:30,17.35,8.53
08/12/2025 21:30,08/12/2025 22:00,15.71,7.81
08/12/2025 22:00,08/12/2025 22:30,15.21,7.59
08/12/2025 22:30,08/12/2025 23:00,14.48,7.27
08/12/2025 23:00,08/12/2025 23:30,16.21,8.03
08/12/2025 23:30,09/12/2025 00:00,15.07,7.53
09/12/2025 00:00,09/12/2025 00:30,14.44,7.25
09/12/2025 00:30,09/12/2025 01:00,14.50,7.28
09/12/2025 01:00,09/12/2025 01:30,14.03,7.07
09/12/2025 01:30,09/12/2025 02:00,12.35,6.33
09/12/2025 02:00,09/12/2025 02:30,12.89,6.57
09/12/2025 02:30,09/12/2025 03:00,12.13,6.24
09/12/2025 03:00,09/12/2025 03:30,12.13,6.24
09/12/2025 03:30,09/12/2025 04:00,11.69,6.04
09/12/2025 04:00,09/12/2025 04:30,12.13,6.24
09/12/2025 04:30,09/12/2025 05:00,11.91,6.14
09/12/2025 05:00,09/12/2025 05:30,12.06,6.21
09/12/2025 05:30,09/12/2025 06:00,11.40,5.92
09/12/2025 06:00,09/12/2025 06:30,14.11,7.11
09/12/2025 06:30,09/12/2025 07:00,15.88,7.88
09/12/2025 07:00,09/12/2025 07:30,16.54,8.18
09/12/2025 07:30,09/12/2025 08:00,18.85,9.19
09/12/2025 08:00,09/12/2025 08:30,16.76,8.27
09/12/2025 08:30,09/12/2025 09:00,17.00,8.38
09/12/2025 09:00,09/12/2025 09:30,17.64,8.66
09/12/2025 09:30,09/12/2025 10:00,17.40,8.55
09/12/2025 10:00,09/12/2025 10:30,17.14,8.44
09/12/2025 10:30,09/12/2025 11:00,16.72,8.25
09/12/2025 11:00,09/12/2025 11:30,16.48,8.15
09/12/2025 11:30,09/12/2025 12:00,16.16,8.01
09/12/2025 12:00,09/12/2025 12:30,16.09,7.97
09/12/2025 12:30,09/12/2025 13:00,16.42,8.13
09/12/2025 13:00,09/12/2025 13:30,17.51,8.61
09/12/2025 13:30,09/12/2025 14:00,17.18,8.46
09/12/2025 14:00,09/12/2025 14:30,17.73,8.70
09/12/2025 14:30,09/12/2025 15:00,17.42,8.56
09/12/2025 15:00,09/12/2025 15:30,16.78,8.28
09/12/2025 15:30,09/12/2025 16:00,18.72,9.14
09/12/2025 16:00,09/12/2025 16:30,31.06,12.41
09/12/2025 16:30,09/12/2025 17:00,32.39,13.00
09/12/2025 17:00,09/12/2025 17:30,31.73,12.70
09/12/2025 17:30,09/12/2025 18:00,32.07,12.85
09/12/2025 18:00,09/12/2025 18:30,30.89,12.33
09/12/2025 18:30,09/12/2025 19:00,30.25,12.05
09/12/2025 19:00,09/12/2025 19:30,16.87,8.32
09/12/2025 19:30,09/12/2025 20:00,15.44,7.69
09/12/2025 20:00,09/12/2025 20:30,15.21,7.59
09/12/2025 20:30,09/12/2025 21:00,14.11,7.11
09/12/2025 21:00,09/12/2025 21:30,14.77,7.40
09/12/2025 21:30,09/12/2025 22:00,11.03,5.75
09/12/2025 22:00,09/12/2025 22:30,11.47,5.94
09/12/2025 22:30,09/12/2025 23:00,7.94,4.39
09/12/2025 23:00,09/12/2025 23:30,7.89,4.37
09/12/2025 23:30,10/12/2025 00:00,5.70,3.41
10/12/2025 00:00,10/12/2025 00:30,5.50,3.32
10/12/2025 00:30,10/12/2025 01:00,6.97,3.97
10/12/2025 01:00,10/12/2025 01:30,6.04,3.56
10/12/2025 01:30,10/12/2025 02:00,3.65,2.51
10/12/2025 02:00,10/12/2025 02:30,4.41,2.84
10/12/2025 02:30,10/12/2025 03:00,3.95,2.64
10/12/2025 03:00,10/12/2025 03:30,4.19,2.74
10/12/2025 03:30,10/12/2025 04:00,4.23,2.76
10/12/2025 04:00,10/12/2025 04:30,4.92,3.06
10/12/2025 04:30,10/12/2025 05:00,4.59,2.92
10/12/2025 05:00,10/12/2025 05:30,6.90,3.94
10/12/2025 05:30,10/12/2025 06:00,7.06,4.00
10/12/2025 06:00,10/12/2025 06:30,13.01,6.62
10/12/2025 06:30,10/12/2025 07:00,16.84,8.31
10/12/2025 07:00,10/12/2025 07:30,16.76,8.27
10/12/2025 07:30,10/12/2025 08:00,17.11,8.43
10/12/2025 08:00,10/12/2025 08:30,16.33,8.08
10/12/2025 08:30,10/12/2025 09:00,16.36,8.10
10/12/2025 09:00,10/12/2025 09:30,16.32,8.08
10/12/2025 09:30,10/12/2025 10:00,15.44,7.69
10/12/2025 10:00,10/12/2025 10:30,14.85,7.43
10/12/2025 10:30,10/12/2025 11:00,13.86,7.00
10/12/2025 11:00,10/12/2025 11:30,13.90,7.01
10/12/2025 11:30,10/12/2025 12:00,13.86,7.00
10/12/2025 12:00,10/12/2025 12:30,13.72,6.94
10/12/2025 12:30,10/12/2025 13:00,13.73,6.94
10/12/2025 13:00,10/12/2025 13:30,13.67,6.91
10/12/2025 13:30,10/12/2025 14:00,13.67,6.91
10/12/2025 14:00,10/12/2025 14:30,15.30,7.63
10/12/2025 14:30,10/12/2025 15:00,16.23,8.04
10/12/2025 15:00,10/12/2025 15:30,15.12,7.55
10/12/2025 15:30,10/12/2025 16:00,17.58,8.63
10/12/2025 16:00,10/12/2025 16:30,31.80,12.74
10/12/2025 16:30,10/12/2025 17:00,33.94,13.67
10/12/2025 17:00,10/12/2025 17:30,33.74,13.58
10/12/2025 17:30,10/12/2025 18:00,33.05,13.29
10/12/2025 18:00,10/12/2025 18:30,32.80,13.17
10/12/2025 18:30,10/12/2025 19:00,32.61,13.09
10/12/2025 19:00,10/12/2025 19:30,17.42,8.56
10/12/2025 19:30,10/12/2025 20:00,16.32,8.08
10/12/2025 20:00,10/12/2025 20:30,17.62,8.65
10/12/2025 20:30,10/12/2025 21:00,16.31,8.08
10/12/2025 21:00,10/12/2025 21:30,17.64,8.66
10/12/2025 21:30,10/12/2025 22:00,14.77,7.40
10/12/2025 22:00,10/12/2025 22:30,15.13,7.56
10/12/2025 22:30,10/12/2025 23:00,12.45,6.38
10/12/2025 23:00,10/12/2025 23:30,13.10,6.67
10/12/2025 23:30,11/12/2025 00:00,12.13,6.24
11/12/2025 00:00,11/12/2025 00:30,9.52,5.09
11/12/2025 00:30,11/12/2025 01:00,11.61,6.01
11/12/2025 01:00,11/12/2025 01:30,11.58,6.00
11/12/2025 01:30,11/12/2025 02:00,9.74,5.19
11/12/2025 02:00,11/12/2025 02:30,10.22,5.39
11/12/2025 02:30,11/12/2025 03:00,10.03,5.31
11/12/2025 03:00,11/12/2025 03:30,10.45,5.50
11/12/2025 03:30,11/12/2025 04:00,9.70,5.17
11/12/2025 04:00,11/12/2025 04:30,11.18,5.82
11/12/2025 04:30,11/12/2025 05:00,9.31,5.00
11/12/2025 05:00,11/12/2025 05:30,11.64,6.02
11/12/2025 05:30,11/12/2025 06:00,11.47,5.94
11/12/2025 06:00,11/12/2025 06:30,14.09,7.10
11/12/2025 06:30,11/12/2025 07:00,15.88,7.88
11/12/2025 07:00,11/12/2025 07:30,16.32,8.08
11/12/2025 07:30,11/12/2025 08:00,18.43,9.01
11/12/2025 08:00,11/12/2025 08:30,16.98,8.37
11/12/2025 08:30,11/12/2025 09:00,18.14,8.88
11/12/2025 09:00,11/12/2025 09:30,16.94,8.35
11/12/2025 09:30,11/12/2025 10:00,16.45,8.14
11/12/2025 10:00,11/12/2025 10:30,14.97,7.49
11/12/2025 10:30,11/12/2025 11:00,15.13,7.55
11/12/2025 11:00,11/12/2025 11:30,14.99,7.50
11/12/2025 11:30,11/12/2025 12:00,14.40,7.23
11/12/2025 12:00,11/12/2025 12:30,15.10,7.54
11/12/2025 12:30,11/12/2025 13:00,14.63,7.34
11/12/2025 13:00,11/12/2025 13:30,16.05,7.96
11/12/2025 13:30,11/12/2025 14:00,15.47,7.70
11/12/2025 14:00,11/12/2025 14:30,16.31,8.07
11/12/2025 14:30,11/12/2025 15:00,16.54,8.18
11/12/2025 15:00,11/12/2025 15:30,16.58,8.19
11/12/2025 15:30,11/12/2025 16:00,18.42,9.00
11/12/2025 16:00,11/12/2025 16:30,32.61,13.09
11/12/2025 16:30,11/12/2025 17:00,34.60,13.96
11/12/2025 17:00,11/12/2025 17:30,33.90,13.66
11/12/2025 17:30,11/12/2025 18:00,33.17,13.34
11/12/2025 18:00,11/12/2025 18:30,33.27,13.38
11/12/2025 18:30,11/12/2025 19:00,32.66,13.11
11/12/2025 19:00,11/12/2025 19:30,18.55,9.06
11/12/2025 19:30,11/12/2025 20:00,18.19,8.90
11/12/2025 20:00,11/12/2025 20:30,17.36,8.53
11/12/2025 20:30,11/12/2025 21:00,16.54,8.18
11/12/2025 21:00,11/12/2025 21:30,17.42,8.56
11/12/2025 21:30,11/12/2025 22:00,15.90,7.89
11/12/2025 22:00,11/12/2025 22:30,16.58,8.19
11/12/2025 22:30,11/12/2025 23:00,15.77,7.84
11/12/2025 23:00,11/12/2025 23:30,14.11,7.11
11/12/2025 23:30,12/12/2025 00:00,14.11,7.11
12/12/2025 00:00,12/12/2025 00:30,14.11,7.11
12/12/2025 00:30,12/12/2025 01:00,14.76,7.39
12/12/2025 01:00,12/12/2025 01:30,14.94,7.47
12/12/2025 01:30,12/12/2025 02:00,14.71,7.37
12/12/2025 02:00,12/12/2025 02:30,14.76,7.40
12/12/2025 02:30,12/12/2025 03:00,14.37,7.22
12/12/2025 03:00,12/12/2025 03:30,14.99,7.50
12/12/2025 03:30,12/12/2025 04:00,14.77,7.40
12/12/2025 04:00,12/12/2025 04:30,14.94,7.47
12/12/2025 04:30,12/12/2025 05:00,14.55,7.30
12/12/2025 05:00,12/12/2025 05:30,16.10,7.98
12/12/2025 05:30,12/12/2025 06:00,15.61,7.77
12/12/2025 06:00,12/12/2025 06:30,17.18,8.46
12/12/2025 06:30,12/12/2025 07:00,17.62,8.65
12/12/2025 07:00,12/12/2025 07:30,19.62,9.53
12/12/2025 07:30,12/12/2025 08:00,21.61,10.41
12/12/2025 08:00,12/12/2025 08:30,20.33,9.84
12/12/2025 08:30,12/12/2025 09:00,20.77,10.03
12/12/2025 09:00,12/12/2025 09:30,21.11,10.18
12/12/2025 09:30,12/12/2025 10:00,20.35,9.85
12/12/2025 10:00,12/12/2025 10:30,19.82,9.62
12/12/2025 10:30,12/12/2025 11:00,18.74,9.14
12/12/2025 11:00,12/12/2025 11:30,18.08,8.85
12/12/2025 11:30,12/12/2025 12:00,17.64,8.66
12/12/2025 12:00,12/12/2025 12:30,16.87,8.32
12/12/2025 12:30,12/12/2025 13:00,16.79,8.28
12/12/2025 13:00,12/12/2025 13:30,17.42,8.56
12/12/2025 13:30,12/12/2025 14:00,17.30,8.51
12/12/2025 14:00,12/12/2025 14:30,17.45,8.57
12/12/2025 14:30,12/12/2025 15:00,17.50,8.60
12/12/2025 15:00,12/12/2025 15:30,17.82,8.74
12/12/2025 15:30,12/12/2025 16:00,18.88,9.20
12/12/2025 16:00,12/12/2025 16:30,34.53,13.94
12/12/2025 16:30,12/12/2025 17:00,35.54,14.38
12/12/2025 17:00,12/12/2025 17:30,35.65,14.43
12/12/2025 17:30,12/12/2025 18:00,35.58,14.40
12/12/2025 18:00,12/12/2025 18:30,36.14,14.64
12/12/2025 18:30,12/12/2025 19:00,35.04,14.16
12/12/2025 19:00,12/12/2025 19:30,20.31,9.83
12/12/2025 19:30,12/12/2025 20:00,18.61,9.09
12/12/2025 20:00,12/12/2025 20:30,17.03,8.39
12/12/2025 20:30,12/12/2025 21:00,16.01,7.94
12/12/2025 21:00,12/12/2025 21:30,17.64,8.66
12/12/2025 21:30,12/12/2025 22:00,16.76,8.27
12/12/2025 22:00,12/12/2025 22:30,16.91,8.34
12/12/2025 22:30,12/12/2025 23:00,15.81,7.86
12/12/2025 23:00,12/12/2025 23:30,16.32,8.08
12/12/2025 23:30,13/12/2025 00:00,17.42,8.56
13/12/2025 00:00,13/12/2025 00:30,16.33,8.08
13/12/2025 00:30,13/12/2025 01:00,18.22,8.91
13/12/2025 01:00,13/12/2025 01:30,17.42,8.56
13/12/2025 01:30,13/12/2025 02:00,16.40,8.12
13/12/2025 02:00,13/12/2025 02:30,17.18,8.46
13/12/2025 02:30,13/12/2025 03:00,16.54,8.18
13/12/2025 03:00,13/12/2025 03:30,15.44,7.69
13/12/2025 03:30,13/12/2025 04:00,15.42,7.68
13/12/2025 04:00,13/12/2025 04:30,15.13,7.55
13/12/2025 04:30,13/12/2025 05:00,14.95,7.48
13/12/2025 05:00,13/12/2025 05:30,15.28,7.62
13/12/2025 05:30,13/12/2025 06:00,14.90,7.46
13/12/2025 06:00,13/12/2025 06:30,15.42,7.69
13/12/2025 06:30,13/12/2025 07:00,15.66,7.79
13/12/2025 07:00,13/12/2025 07:30,16.37,8.10
13/12/2025 07:30,13/12/2025 08:00,17.38,8.54
13/12/2025 08:00,13/12/2025 08:30,17.95,8.80
13/12/2025 08:30,13/12/2025 09:00,18.19,8.90
13/12/2025 09:00,13/12/2025 09:30,17.64,8.66
13/12/2025 09:30,13/12/2025 10:00,17.64,8.66
13/12/2025 10:00,13/12/2025 10:30,17.20,8.47
13/12/2025 10:30,13/12/2025 11:00,16.37,8.10
13/12/2025 11:00,13/12/2025 11:30,15.88,7.88
13/12/2025 11:30,13/12/2025 12:00,15.78,7.84
13/12/2025 12:00,13/12/2025 12:30,15.42,7.69
13/12/2025 12:30,13/12/2025 13:00,15.42,7.69
13/12/2025 13:00,13/12/2025 13:30,14.97,7.49
13/12/2025 13:30,13/12/2025 14:00,14.93,7.47
13/12/2025 14:00,13/12/2025 14:30,15.21,7.59
13/12/2025 14:30,13/12/2025 15:00,15.31,7.63
13/12/2025 15:00,13/12/2025 15:30,16.30,8.07
13/12/2025 15:30,13/12/2025 16:00,17.10,8.42
13/12/2025 16:00,13/12/2025 16:30,33.05,13.29
13/12/2025 16:30,13/12/2025 17:00,34.24,13.81
13/12/2025 17:00,13/12/2025 17:30,32.79,13.17
13/12/2025 17:30,13/12/2025 18:00,32.33,12.97
13/12/2025 18:00,13/12/2025 18:30,32.57,13.08
13/12/2025 18:30,13/12/2025 19:00,31.95,12.80
13/12/2025 19:00,13/12/2025 19:30,17.16,8.45
13/12/2025 19:30,13/12/2025 20:00,16.80,8.29
13/12/2025 20:00,13/12/2025 20:30,17.15,8.44
13/12/2025 20:30,13/12/2025 21:00,16.08,7.97
13/12/2025 21:00,13/12/2025 21:30,15.66,7.79
13/12/2025 21:30,13/12/2025 22:00,13.77,6.96
13/12/2025 22:00,13/12/2025 22:30,14.55,7.30
13/12/2025 22:30,13/12/2025 23:00,12.48,6.39
13/12/2025 23:00,13/12/2025 23:30,11.52,5.97
13/12/2025 23:30,14/12/2025 00:00,9.04,4.88
14/12/2025 00:00,14/12/2025 00:30,7.01,3.98
14/12/2025 00:30,14/12/2025 01:00,9.26,4.97
14/12/2025 01:00,14/12/2025 01:30,8.97,4.84
14/12/2025 01:30,14/12/2025 02:00,7.08,4.01
14/12/2025 02:00,14/12/2025 02:30,7.50,4.20
14/12/2025 02:30,14/12/2025 03:00,6.26,3.65
14/12/2025 03:00,14/12/2025 03:30,6.81,3.90
14/12/2025 03:30,14/12/2025 04:00,6.75,3.87
14/12/2025 04:00,14/12/2025 04:30,7.41,4.16
14/12/2025 04:30,14/12/2025 05:00,6.97,3.97
14/12/2025 05:00,14/12/2025 05:30,7.72,4.30
14/12/2025 05:30,14/12/2025 06:00,6.74,3.87
14/12/2025 06:00,14/12/2025 06:30,7.14,4.04
14/12/2025 06:30,14/12/2025 07:00,8.10,4.46
14/12/2025 07:00,14/12/2025 07:30,7.90,4.37
14/12/2025 07:30,14/12/2025 08:00,11.08,5.77
14/12/2025 08:00,14/12/2025 08:30,9.54,5.10
14/12/2025 08:30,14/12/2025 09:00,13.45,6.82
14/12/2025 09:00,14/12/2025 09:30,11.25,5.85
14/12/2025 09:30,14/12/2025 10:00,11.93,6.15
14/12/2025 10:00,14/12/2025 10:30,11.52,5.97
14/12/2025 10:30,14/12/2025 11:00,11.54,5.98
14/12/2025 11:00,14/12/2025 11:30,11.93,6.15
14/12/2025 11:30,14/12/2025 12:00,11.47,5.94
14/12/2025 12:00,14/12/2025 12:30,12.01,6.19
14/12/2025 12:30,14/12/2025 13:00,12.26,6.29
14/12/2025 13:00,14/12/2025 13:30,13.23,6.72
14/12/2025 13:30,14/12/2025 14:00,13.23,6.72
14/12/2025 14:00,14/12/2025 14:30,13.68,6.92
14/12/2025 14:30,14/12/2025 15:00,14.45,7.25
14/12/2025 15:00,14/12/2025 15:30,14.18,7.14
14/12/2025 15:30,14/12/2025 16:00,15.77,7.84
14/12/2025 16:00,14/12/2025 16:30,30.19,12.02
14/12/2025 16:30,14/12/2025 17:00,31.29,12.51
14/12/2025 17:00,14/12/2025 17:30,31.29,12.51
14/12/2025 17:30,14/12/2025 18:00,30.85,12.32
14/12/2025 18:00,14/12/2025 18:30,31.29,12.51
14/12/2025 18:30,14/12/2025 19:00,31.29,12.51
14/12/2025 19:00,14/12/2025 19:30,17.64,8.66
14/12/2025 19:30,14/12/2025 20:00,16.08,7.97
14/12/2025 20:00,14/12/2025 20:30,15.90,7.89
14/12/2025 20:30,14/12/2025 21:00,14.77,7.40
14/12/2025 21:00,14/12/2025 21:30,14.37,7.22
14/12/2025 21:30,14/12/2025 22:00,12.13,6.24
14/12/2025 22:00,14/12/2025 22:30,11.48,5.95
14/12/2025 22:30,14/12/2025 23:00,9.92,5.26
14/12/2025 23:00,14/12/2025 23:30,15.44,7.69
14/12/2025 23:30,15/12/2025 00:00,13.67,6.91
15/12/2025 00:00,15/12/2025 00:30,13.45,6.82
15/12/2025 00:30,15/12/2025 01:00,14.33,7.20
15/12/2025 01:00,15/12/2025 01:30,13.14,6.68
15/12/2025 01:30,15/12/2025 02:00,12.04,6.20
15/12/2025 02:00,15/12/2025 02:30,12.35,6.33
15/12/2025 02:30,15/12/2025 03:00,12.39,6.35
15/12/2025 03:00,15/12/2025 03:30,12.35,6.33
15/12/2025 03:30,15/12/2025 04:00,12.35,6.33
15/12/2025 04:00,15/12/2025 04:30,12.39,6.35
15/12/2025 04:30,15/12/2025 05:00,12.39,6.35
15/12/2025 05:00,15/12/2025 05:30,15.44,7.69
15/12/2025 05:30,15/12/2025 06:00,12.39,6.35
15/12/2025 06:00,15/12/2025 06:30,17.42,8.56
15/12/2025 06:30,15/12/2025 07:00,17.41,8.56
15/12/2025 07:00,15/12/2025 07:30,18.06,8.85
15/12/2025 07:30,15/12/2025 08:00,19.40,9.44
15/12/2025 08:00,15/12/2025 08:30,18.52,9.05
15/12/2025 08:30,15/12/2025 09:00,18.96,9.24
15/12/2025 09:00,15/12/2025 09:30,18.52,9.05
15/12/2025 09:30,15/12/2025 10:00,18.52,9.05
15/12/2025 10:00,15/12/2025 10:30,18.06,8.84
15/12/2025 10:30,15/12/2025 11:00,17.64,8.66
15/12/2025 11:00,15/12/2025 11:30,18.16,8.89
15/12/2025 11:30,15/12/2025 12:00,18.08,8.85
15/12/2025 12:00,15/12/2025 12:30,18.44,9.01
15/12/2025 12:30,15/12/2025 13:00,18.46,9.02
15/12/2025 13:00,15/12/2025 13:30,18.67,9.11
15/12/2025 13:30,15/12/2025 14:00,18.74,9.14
15/12/2025 14:00,15/12/2025 14:30,20.91,10.10
15/12/2025 14:30,15/12/2025 15:00,20.93,10.11
15/12/2025 15:00,15/12/2025 15:30,20.73,10.02
15/12/2025 15:30,15/12/2025 16:00,23.15,11.08
15/12/2025 16:00,15/12/2025 16:30,33.49,13.48
15/12/2025 16:30,15/12/2025 17:00,35.04,14.16
15/12/2025 17:00,15/12/2025 17:30,34.00,13.70
15/12/2025 17:30,15/12/2025 18:00,34.31,13.84
15/12/2025 18:00,15/12/2025 18:30,32.17,12.90
15/12/2025 18:30,15/12/2025 19:00,32.39,13.00
15/12/2025 19:00,15/12/2025 19:30,18.43,9.01
15/12/2025 19:30,15/12/2025 20:00,16.81,8.29
15/12/2025 20:00,15/12/2025 20:30,16.99,8.37
15/12/2025 20:30,15/12/2025 21:00,16.91,8.34
15/12/2025 21:00,15/12/2025 21:30,16.78,8.28
15/12/2025 21:30,15/12/2025 22:00,14.33,7.20
15/12/2025 22:00,15/12/2025 22:30,15.44,7.69
15/12/2025 22:30,15/12/2025 23:00,14.14,7.12
15/12/2025 23:00,15/12/2025 23:30,15.44,7.69
15/12/2025 23:30,16/12/2025 00:00,14.55,7.30
16/12/2025 00:00,16/12/2025 00:30,15.10,7.54
16/12/2025 00:30,16/12/2025 01:00,15.88,7.88
16/12/2025 01:00,16/12/2025 01:30,15.70,7.81
16/12/2025 01:30,16/12/2025 02:00,15.25,7.61
16/12/2025 02:00,16/12/2025 02:30,15.18,7.58
16/12/2025 02:30,16/12/2025 03:00,14.91,7.46
16/12/2025 03:00,16/12/2025 03:30,15.58,7.76
16/12/2025 03:30,16/12/2025 04:00,15.21,7.59
16/12/2025 04:00,16/12/2025 04:30,15.44,7.69
16/12/2025 04:30,16/12/2025 05:00,15.00,7.50
16/12/2025 05:00,16/12/2025 05:30,15.66,7.79
16/12/2025 05:30,16/12/2025 06:00,14.13,7.12
16/12/2025 06:00,16/12/2025 06:30,16.78,8.28
16/12/2025 06:30,16/12/2025 07:00,17.16,8.45
16/12/2025 07:00,16/12/2025 07:30,19.26,9.37
16/12/2025 07:30,16/12/2025 08:00,22.05,10.60
16/12/2025 08:00,16/12/2025 08:30,19.77,9.60
16/12/2025 08:30,16/12/2025 09:00,19.84,9.63
16/12/2025 09:00,16/12/2025 09:30,19.02,9.26
16/12/2025 09:30,16/12/2025 10:00,18.95,9.24
16/12/2025 10:00,16/12/2025 10:30,18.07,8.85
16/12/2025 10:30,16/12/2025 11:00,17.86,8.76
16/12/2025 11:00,16/12/2025 11:30,18.52,9.05
16/12/2025 11:30,16/12/2025 12:00,18.74,9.14
16/12/2025 12:00,16/12/2025 12:30,19.84,9.63
16/12/2025 12:30,16/12/2025 13:00,19.72,9.58
16/12/2025 13:00,16/12/2025 13:30,21.88,10.53
16/12/2025 13:30,16/12/2025 14:00,22.05,10.60
16/12/2025 14:00,16/12/2025 14:30,21.12,10.19
16/12/2025 14:30,16/12/2025 15:00,22.05,10.60
16/12/2025 15:00,16/12/2025 15:30,23.34,11.17
16/12/2025 15:30,16/12/2025 16:00,25.81,12.25
16/12/2025 16:00,16/12/2025 16:30,39.92,16.31
16/12/2025 16:30,16/12/2025 17:00,41.66,17.07
16/12/2025 17:00,16/12/2025 17:30,40.99,16.78
16/12/2025 17:30,16/12/2025 18:00,40.33,16.49
16/12/2025 18:00,16/12/2025 18:30,41.41,16.96
16/12/2025 18:30,16/12/2025 19:00,39.57,16.15
16/12/2025 19:00,16/12/2025 19:30,24.78,11.80
16/12/2025 19:30,16/12/2025 20:00,22.05,10.60
16/12/2025 20:00,16/12/2025 20:30,22.05,10.60
16/12/2025 20:30,16/12/2025 21:00,19.89,9.65
16/12/2025 21:00,16/12/2025 21:30,18.62,9.09
16/12/2025 21:30,16/12/2025 22:00,17.35,8.53
16/12/2025 22:00,16/12/2025 22:30,17.64,8.66
16/12/2025 22:30,16/12/2025 23:00,15.70,7.80
16/12/2025 23:00,16/12/2025 23:30,16.09,7.97
16/12/2025 23:30,17/12/2025 00:00,16.53,8.17
17/12/2025 00:00,17/12/2025 00:30,16.12,7.99
17/12/2025 00:30,17/12/2025 01:00,16.74,8.26
17/12/2025 01:00,17/12/2025 01:30,16.12,7.99
17/12/2025 01:30,17/12/2025 02:00,15.21,7.59
17/12/2025 02:00,17/12/2025 02:30,15.39,7.67
17/12/2025 02:30,17/12/2025 03:00,13.83,6.98
17/12/2025 03:00,17/12/2025 03:30,13.78,6.96
17/12/2025 03:30,17/12/2025 04:00,13.67,6.91
17/12/2025 04:00,17/12/2025 04:30,14.11,7.11
17/12/2025 04:30,17/12/2025 05:00,13.78,6.96
17/12/2025 05:00,17/12/2025 05:30,14.11,7.11
17/12/2025 05:30,17/12/2025 06:00,14.73,7.38
17/12/2025 06:00,17/12/2025 06:30,16.47,8.15
17/12/2025 06:30,17/12/2025 07:00,17.65,8.66
17/12/2025 07:00,17/12/2025 07:30,18.05,8.84
17/12/2025 07:30,17/12/2025 08:00,20.29,9.82
17/12/2025 08:00,17/12/2025 08:30,19.95,9.68
17/12/2025 08:30,17/12/2025 09:00,20.52,9.92
17/12/2025 09:00,17/12/2025 09:30,18.89,9.21
17/12/2025 09:30,17/12/2025 10:00,18.39,8.99
17/12/2025 10:00,17/12/2025 10:30,17.20,8.47
17/12/2025 10:30,17/12/2025 11:00,16.98,8.37
17/12/2025 11:00,17/12/2025 11:30,16.59,8.20
17/12/2025 11:30,17/12/2025 12:00,16.63,8.22
17/12/2025 12:00,17/12/2025 12:30,16.58,8.19
17/12/2025 12:30,17/12/2025 13:00,16.46,8.14
17/12/2025 13:00,17/12/2025 13:30,17.42,8.56
17/12/2025 13:30,17/12/2025 14:00,16.98,8.37
17/12/2025 14:00,17/12/2025 14:30,17.78,8.72
17/12/2025 14:30,17/12/2025 15:00,17.90,8.78
17/12/2025 15:00,17/12/2025 15:30,17.42,8.56
17/12/2025 15:30,17/12/2025 16:00,18.96,9.24
17/12/2025 16:00,17/12/2025 16:30,32.35,12.98
17/12/2025 16:30,17/12/2025 17:00,33.39,13.43
17/12/2025 17:00,17/12/2025 17:30,31.12,12.44
17/12/2025 17:30,17/12/2025 18:00,31.52,12.61
17/12/2025 18:00,17/12/2025 18:30,31.53,12.62
17/12/2025 18:30,17/12/2025 19:00,30.01,11.95
17/12/2025 19:00,17/12/2025 19:30,17.58,8.63
17/12/2025 19:30,17/12/2025 20:00,17.30,8.51
17/12/2025 20:00,17/12/2025 20:30,17.28,8.50
17/12/2025 20:30,17/12/2025 21:00,16.85,8.31
17/12/2025 21:00,17/12/2025 21:30,19.07,9.29
17/12/2025 21:30,17/12/2025 22:00,18.12,8.87
17/12/2025 22:00,17/12/2025 22:30,16.32,8.08
17/12/2025 22:30,17/12/2025 23:00,14.11,7.11
17/12/2025 23:00,17/12/2025 23:30,13.39,6.79
17/12/2025 23:30,18/12/2025 00:00,13.01,6.62
18/12/2025 00:00,18/12/2025 00:30,11.38,5.91
18/12/2025 00:30,18/12/2025 01:00,11.95,6.16
18/12/2025 01:00,18/12/2025 01:30,10.37,5.47
18/12/2025 01:30,18/12/2025 02:00,8.74,4.74
18/12/2025 02:00,18/12/2025 02:30,8.70,4.73
18/12/2025 02:30,18/12/2025 03:00,8.23,4.52
18/12/2025 03:00,18/12/2025 03:30,7.16,4.05
18/12/2025 03:30,18/12/2025 04:00,6.62,3.81
18/12/2025 04:00,18/12/2025 04:30,7.41,4.16
18/12/2025 04:30,18/12/2025 05:00,7.64,4.26
18/12/2025 05:00,18/12/2025 05:30,8.71,4.73
18/12/2025 05:30,18/12/2025 06:00,9.88,5.25
18/12/2025 06:00,18/12/2025 06:30,13.95,7.04
18/12/2025 06:30,18/12/2025 07:00,15.91,7.90
18/12/2025 07:00,18/12/2025 07:30,16.21,8.03
18/12/2025 07:30,18/12/2025 08:00,16.80,8.29
18/12/2025 08:00,18/12/2025 08:30,16.93,8.34
18/12/2025 08:30,18/12/2025 09:00,18.24,8.92
18/12/2025 09:00,18/12/2025 09:30,18.45,9.02
18/12/2025 09:30,18/12/2025 10:00,18.34,8.97
18/12/2025 10:00,18/12/2025 10:30,18.25,8.93
18/12/2025 10:30,18/12/2025 11:00,18.13,8.88
18/12/2025 11:00,18/12/2025 11:30,18.08,8.85
18/12/2025 11:30,18/12/2025 12:00,17.88,8.77
18/12/2025 12:00,18/12/2025 12:30,17.98,8.81
18/12/2025 12:30,18/12/2025 13:00,18.39,8.99
18/12/2025 13:00,18/12/2025 13:30,18.47,9.02
18/12/2025 13:30,18/12/2025 14:00,18.44,9.01
18/12/2025 14:00,18/12/2025 14:30,18.34,8.97
18/12/2025 14:30,18/12/2025 15:00,18.09,8.86
18/12/2025 15:00,18/12/2025 15:30,17.39,8.55
18/12/2025 15:30,18/12/2025 16:00,18.40,8.99
18/12/2025 16:00,18/12/2025 16:30,32.17,12.90
18/12/2025 16:30,18/12/2025 17:00,32.39,13.00
18/12/2025 17:00,18/12/2025 17:30,31.18,12.46
18/12/2025 17:30,18/12/2025 18:00,31.11,12.43
18/12/2025 18:00,18/12/2025 18:30,30.19,12.02
18/12/2025 18:30,18/12/2025 19:00,29.83,11.87
18/12/2025 19:00,18/12/2025 19:30,16.54,8.18
18/12/2025 19:30,18/12/2025 20:00,16.65,8.23
18/12/2025 20:00,18/12/2025 20:30,16.34,8.09
18/12/2025 20:30,18/12/2025 21:00,15.77,7.84
18/12/2025 21:00,18/12/2025 21:30,12.74,6.50
18/12/2025 21:30,18/12/2025 22:00,8.82,4.78
18/12/2025 22:00,18/12/2025 22:30,5.73,3.42
18/12/2025 22:30,18/12/2025 23:00,0.00,0.90
18/12/2025 23:00,18/12/2025 23:30,3.28,2.34
18/12/2025 23:30,19/12/2025 00:00,0.55,1.14
19/12/2025 00:00,19/12/2025 00:30,-0.22,0.80
19/12/2025 00:30,19/12/2025 01:00,0.88,1.29
19/12/2025 01:00,19/12/2025 01:30,1.66,1.63
19/12/2025 01:30,19/12/2025 02:00,1.59,1.60
19/12/2025 02:00,19/12/2025 02:30,1.72,1.66
19/12/2025 02:30,19/12/2025 03:00,1.51,1.56
19/12/2025 03:00,19/12/2025 03:30,2.19,1.86
19/12/2025 03:30,19/12/2025 04:00,0.35,1.05
19/12/2025 04:00,19/12/2025 04:30,0.00,0.90
19/12/2025 04:30,19/12/2025 05:00,-0.22,0.80
19/12/2025 05:00,19/12/2025 05:30,7.09,4.02
19/12/2025 05:30,19/12/2025 06:00,7.54,4.22
19/12/2025 06:00,19/12/2025 06:30,13.23,6.72
19/12/2025 06:30,19/12/2025 07:00,14.55,7.30
19/12/2025 07:00,19/12/2025 07:30,15.88,7.88
19/12/2025 07:30,19/12/2025 08:00,17.28,8.50
19/12/2025 08:00,19/12/2025 08:30,16.67,8.24
19/12/2025 08:30,19/12/2025 09:00,17.68,8.68
19/12/2025 09:00,19/12/2025 09:30,16.54,8.18
19/12/2025 09:30,19/12/2025 10:00,15.88,7.88
19/12/2025 10:00,19/12/2025 10:30,15.35,7.65
19/12/2025 10:30,19/12/2025 11:00,14.47,7.27
19/12/2025 11:00,19/12/2025 11:30,15.44,7.69
19/12/2025 11:30,19/12/2025 12:00,15.09,7.54
19/12/2025 12:00,19/12/2025 12:30,14.73,7.38
19/12/2025 12:30,19/12/2025 13:00,14.33,7.20
19/12/2025 13:00,19/12/2025 13:30,14.57,7.31
19/12/2025 13:30,19/12/2025 14:00,15.25,7.61
19/12/2025 14:00,19/12/2025 14:30,15.64,7.78
19/12/2025 14:30,19/12/2025 15:00,16.32,8.08
19/12/2025 15:00,19/12/2025 15:30,15.71,7.81
19/12/2025 15:30,19/12/2025 16:00,17.50,8.60
19/12/2025 16:00,19/12/2025 16:30,33.33,13.40
19/12/2025 16:30,19/12/2025 17:00,35.26,14.26
19/12/2025 17:00,19/12/2025 17:30,33.49,13.48
19/12/2025 17:30,19/12/2025 18:00,33.94,13.67
19/12/2025 18:00,19/12/2025 18:30,34.36,13.86
19/12/2025 18:30,19/12/2025 19:00,33.74,13.58
19/12/2025 19:00,19/12/2025 19:30,18.52,9.05
19/12/2025 19:30,19/12/2025 20:00,17.75,8.70
19/12/2025 20:00,19/12/2025 20:30,17.26,8.50
19/12/2025 20:30,19/12/2025 21:00,15.54,7.73
19/12/2025 21:00,19/12/2025 21:30,17.67,8.67
19/12/2025 21:30,19/12/2025 22:00,17.04,8.40
19/12/2025 22:00,19/12/2025 22:30,17.39,8.55
19/12/2025 22:30,19/12/2025 23:00,16.38,8.11
19/12/2025 23:00,19/12/2025 23:30,16.72,8.25
19/12/2025 23:30,20/12/2025 00:00,15.68,7.80
20/12/2025 00:00,20/12/2025 00:30,15.58,7.75
20/12/2025 00:30,20/12/2025 01:00,16.84,8.31
20/12/2025 01:00,20/12/2025 01:30,16.48,8.15
20/12/2025 01:30,20/12/2025 02:00,15.73,7.82
20/12/2025 02:00,20/12/2025 02:30,16.03,7.95
20/12/2025 02:30,20/12/2025 03:00,15.26,7.61
20/12/2025 03:00,20/12/2025 03:30,15.48,7.71
20/12/2025 03:30,20/12/2025 04:00,14.90,7.45
20/12/2025 04:00,20/12/2025 04:30,16.34,8.09
20/12/2025 04:30,20/12/2025 05:00,16.40,8.12
20/12/2025 05:00,20/12/2025 05:30,17.20,8.47
20/12/2025 05:30,20/12/2025 06:00,15.66,7.79
20/12/2025 06:00,20/12/2025 06:30,16.73,8.26
20/12/2025 06:30,20/12/2025 07:00,16.32,8.08
20/12/2025 07:00,20/12/2025 07:30,17.25,8.49
20/12/2025 07:30,20/12/2025 08:00,17.69,8.69
20/12/2025 08:00,20/12/2025 08:30,18.52,9.05
20/12/2025 08:30,20/12/2025 09:00,19.84,9.63
20/12/2025 09:00,20/12/2025 09:30,18.98,9.25
20/12/2025 09:30,20/12/2025 10:00,19.10,9.30
20/12/2025 10:00,20/12/2025 10:30,19.84,9.63
20/12/2025 10:30,20/12/2025 11:00,18.71,9.13
20/12/2025 11:00,20/12/2025 11:30,18.63,9.10
20/12/2025 11:30,20/12/2025 12:00,18.08,8.85
20/12/2025 12:00,20/12/2025 12:30,18.41,9.00
20/12/2025 12:30,20/12/2025 13:00,18.81,9.17
20/12/2025 13:00,20/12/2025 13:30,20.73,10.02
20/12/2025 13:30,20/12/2025 14:00,19.98,9.69
20/12/2025 14:00,20/12/2025 14:30,19.43,9.44
20/12/2025 14:30,20/12/2025 15:00,19.53,9.49
20/12/2025 15:00,20/12/2025 15:30,19.81,9.61
20/12/2025 15:30,20/12/2025 16:00,21.06,10.16
20/12/2025 16:00,20/12/2025 16:30,34.38,13.87
20/12/2025 16:30,20/12/2025 17:00,34.66,13.99
20/12/2025 17:00,20/12/2025 17:30,34.60,13.96
20/12/2025 17:30,20/12/2025 18:00,35.04,14.16
20/12/2025 18:00,20/12/2025 18:30,34.99,14.13
20/12/2025 18:30,20/12/2025 19:00,33.49,13.48
20/12/2025 19:00,20/12/2025 19:30,19.18,9.34
20/12/2025 19:30,20/12/2025 20:00,18.08,8.85
20/12/2025 20:00,20/12/2025 20:30,17.17,8.45
20/12/2025 20:30,20/12/2025 21:00,15.35,7.66
20/12/2025 21:00,20/12/2025 21:30,16.98,8.37
20/12/2025 21:30,20/12/2025 22:00,16.54,8.18
20/12/2025 22:00,20/12/2025 22:30,16.54,8.18
20/12/2025 22:30,20/12/2025 23:00,15.13,7.56
20/12/2025 23:00,20/12/2025 23:30,16.54,8.18
20/12/2025 23:30,21/12/2025 00:00,16.38,8.10
21/12/2025 00:00,21/12/2025 00:30,14.88,7.45
21/12/2025 00:30,21/12/2025 01:00,16.15,8.01
21/12/2025 01:00,21/12/2025 01:30,16.10,7.98
21/12/2025 01:30,21/12/2025 02:00,15.70,7.81
21/12/2025 02:00,21/12/2025 02:30,16.05,7.96
21/12/2025 02:30,21/12/2025 03:00,15.33,7.64
21/12/2025 03:00,21/12/2025 03:30,15.33,7.64
21/12/2025 03:30,21/12/2025 04:00,15.58,7.76
21/12/2025 04:00,21/12/2025 04:30,15.33,7.64
21/12/2025 04:30,21/12/2025 05:00,15.33,7.64
21/12/2025 05:00,21/12/2025 05:30,15.72,7.81
21/12/2025 05:30,21/12/2025 06:00,15.33,7.64
21/12/2025 06:00,21/12/2025 06:30,16.03,7.95
21/12/2025 06:30,21/12/2025 07:00,16.21,8.03
21/12/2025 07:00,21/12/2025 07:30,17.14,8.44
21/12/2025 07:30,21/12/2025 08:00,18.35,8.98
21/12/2025 08:00,21/12/2025 08:30,18.08,8.85
21/12/2025 08:30,21/12/2025 09:00,18.74,9.14
21/12/2025 09:00,21/12/2025 09:30,18.59,9.08
21/12/2025 09:30,21/12/2025 10:00,18.39,8.99
21/12/2025 10:00,21/12/2025 10:30,17.86,8.76
21/12/2025 10:30,21/12/2025 11:00,18.06,8.84
21/12/2025 11:00,21/12/2025 11:30,19.14,9.32
21/12/2025 11:30,21/12/2025 12:00,19.64,9.54
21/12/2025 12:00,21/12/2025 12:30,19.31,9.39
21/12/2025 12:30,21/12/2025 13:00,20.16,9.77
21/12/2025 13:00,21/12/2025 13:30,20.64,9.98
21/12/2025 13:30,21/12/2025 14:00,20.67,10.00
21/12/2025 14:00,21/12/2025 14:30,20.23,9.80
21/12/2025 14:30,21/12/2025 15:00,20.29,9.82
21/12/2025 15:00,21/12/2025 15:30,19.28,9.38
21/12/2025 15:30,21/12/2025 16:00,19.93,9.67
21/12/2025 16:00,21/12/2025 16:30,32.49,13.04
21/12/2025 16:30,21/12/2025 17:00,34.64,13.98
21/12/2025 17:00,21/12/2025 17:30,34.60,13.96
21/12/2025 17:30,21/12/2025 18:00,34.60,13.96
21/12/2025 18:00,21/12/2025 18:30,34.60,13.96
21/12/2025 18:30,21/12/2025 19:00,32.19,12.91
21/12/2025 19:00,21/12/2025 19:30,17.77,8.72
21/12/2025 19:30,21/12/2025 20:00,18.49,9.03
21/12/2025 20:00,21/12/2025 20:30,17.64,8.66
21/12/2025 20:30,21/12/2025 21:00,17.54,8.61
21/12/2025 21:00,21/12/2025 21:30,18.52,9.05
21/12/2025 21:30,21/12/2025 22:00,16.98,8.37
21/12/2025 22:00,21/12/2025 22:30,17.64,8.66
21/12/2025 22:30,21/12/2025 23:00,15.50,7.72
21/12/2025 23:00,21/12/2025 23:30,14.31,7.20
21/12/2025 23:30,22/12/2025 00:00,13.89,7.01
22/12/2025 00:00,22/12/2025 00:30,12.74,6.50
22/12/2025 00:30,22/12/2025 01:00,13.67,6.91
22/12/2025 01:00,22/12/2025 01:30,13.31,6.76
22/12/2025 01:30,22/12/2025 02:00,12.01,6.19
22/12/2025 02:00,22/12/2025 02:30,11.76,6.07
22/12/2025 02:30,22/12/2025 03:00,12.37,6.34
22/12/2025 03:00,22/12/2025 03:30,13.04,6.64
22/12/2025 03:30,22/12/2025 04:00,12.37,6.34
22/12/2025 04:00,22/12/2025 04:30,12.79,6.52
22/12/2025 04:30,22/12/2025 05:00,10.58,5.56
22/12/2025 05:00,22/12/2025 05:30,13.60,6.88
22/12/2025 05:30,22/12/2025 06:00,14.11,7.11
22/12/2025 06:00,22/12/2025 06:30,14.95,7.48
22/12/2025 06:30,22/12/2025 07:00,15.77,7.84
22/12/2025 07:00,22/12/2025 07:30,17.98,8.81
22/12/2025 07:30,22/12/2025 08:00,19.40,9.44
22/12/2025 08:00,22/12/2025 08:30,17.71,8.69
22/12/2025 08:30,22/12/2025 09:00,18.74,9.14
22/12/2025 09:00,22/12/2025 09:30,18.10,8.86
22/12/2025 09:30,22/12/2025 10:00,18.56,9.07
22/12/2025 10:00,22/12/2025 10:30,17.60,8.64
22/12/2025 10:30,22/12/2025 11:00,17.90,8.78
22/12/2025 11:00,22/12/2025 11:30,18.52,9.05
22/12/2025 11:30,22/12/2025 12:00,17.50,8.60
22/12/2025 12:00,22/12/2025 12:30,18.24,8.92
22/12/2025 12:30,22/12/2025 13:00,18.32,8.96
22/12/2025 13:00,22/12/2025 13:30,19.05,9.28
22/12/2025 13:30,22/12/2025 14:00,19.21,9.35
22/12/2025 14:00,22/12/2025 14:30,20.73,10.02
22/12/2025 14:30,22/12/2025 15:00,21.34,10.28
22/12/2025 15:00,22/12/2025 15:30,19.53,9.49
22/12/2025 15:30,22/12/2025 16:00,21.15,10.20
22/12/2025 16:00,22/12/2025 16:30,34.68,14.00
22/12/2025 16:30,22/12/2025 17:00,35.53,14.38
22/12/2025 17:00,22/12/2025 17:30,35.04,14.16
22/12/2025 17:30,22/12/2025 18:00,35.48,14.35
22/12/2025 18:00,22/12/2025 18:30,34.46,13.91
22/12/2025 18:30,22/12/2025 19:00,33.60,13.53
22/12/2025 19:00,22/12/2025 19:30,19.89,9.65
22/12/2025 19:30,22/12/2025 20:00,18.86,9.19
22/12/2025 20:00,22/12/2025 20:30,18.24,8.92
22/12/2025 20:30,22/12/2025 21:00,18.08,8.85
22/12/2025 21:00,22/12/2025 21:30,18.28,8.94
22/12/2025 21:30,22/12/2025 22:00,17.77,8.72
22/12/2025 22:00,22/12/2025 22:30,16.76,8.27
22/12/2025 22:30,22/12/2025 23:00,14.99,7.50
22/12/2025 23:00,22/12/2025 23:30,18.08,8.85
22/12/2025 23:30,23/12/2025 00:00,16.73,8.26
23/12/2025 00:00,23/12/2025 00:30,16.51,8.16
23/12/2025 00:30,23/12/2025 01:00,19.20,9.35
23/12/2025 01:00,23/12/2025 01:30,18.52,9.05
23/12/2025 01:30,23/12/2025 02:00,16.48,8.15
23/12/2025 02:00,23/12/2025 02:30,16.02,7.95
23/12/2025 02:30,23/12/2025 03:00,15.40,7.67
23/12/2025 03:00,23/12/2025 03:30,14.97,7.49
23/12/2025 03:30,23/12/2025 04:00,14.77,7.40
23/12/2025 04:00,23/12/2025 04:30,14.55,7.30
23/12/2025 04:30,23/12/2025 05:00,14.33,7.20
23/12/2025 05:00,23/12/2025 05:30,14.55,7.30
23/12/2025 05:30,23/12/2025 06:00,14.50,7.28
23/12/2025 06:00,23/12/2025 06:30,14.77,7.40
23/12/2025 06:30,23/12/2025 07:00,16.02,7.95
23/12/2025 07:00,23/12/2025 07:30,14.77,7.40
23/12/2025 07:30,23/12/2025 08:00,17.10,8.43
23/12/2025 08:00,23/12/2025 08:30,16.32,8.08
23/12/2025 08:30,23/12/2025 09:00,18.52,9.05
23/12/2025 09:00,23/12/2025 09:30,18.32,8.96
23/12/2025 09:30,23/12/2025 10:00,18.70,9.12
23/12/2025 10:00,23/12/2025 10:30,18.72,9.13
23/12/2025 10:30,23/12/2025 11:00,18.82,9.18
23/12/2025 11:00,23/12/2025 11:30,18.74,9.15
23/12/2025 11:30,23/12/2025 12:00,18.74,9.15
23/12/2025 12:00,23/12/2025 12:30,18.84,9.19
23/12/2025 12:30,23/12/2025 13:00,19.09,9.30
23/12/2025 13:00,23/12/2025 13:30,19.40,9.44
23/12/2025 13:30,23/12/2025 14:00,19.40,9.44
23/12/2025 14:00,23/12/2025 14:30,18.35,8.97
23/12/2025 14:30,23/12/2025 15:00,18.52,9.05
23/12/2025 15:00,23/12/2025 15:30,18.13,8.88
23/12/2025 15:30,23/12/2025 16:00,18.74,9.14
23/12/2025 16:00,23/12/2025 16:30,33.19,13.35
23/12/2025 16:30,23/12/2025 17:00,34.29,13.83
23/12/2025 17:00,23/12/2025 17:30,32.97,13.25
23/12/2025 17:30,23/12/2025 18:00,33.39,13.43
23/12/2025 18:00,23/12/2025 18:30,33.40,13.44
23/12/2025 18:30,23/12/2025 19:00,32.68,13.12
23/12/2025 19:00,23/12/2025 19:30,18.69,9.12
23/12/2025 19:30,23/12/2025 20:00,18.51,9.04
23/12/2025 20:00,23/12/2025 20:30,18.01,8.82
23/12/2025 20:30,23/12/2025 21:00,17.67,8.67
23/12/2025 21:00,23/12/2025 21:30,17.60,8.64
23/12/2025 21:30,23/12/2025 22:00,16.92,8.34
23/12/2025 22:00,23/12/2025 22:30,16.32,8.08
23/12/2025 22:30,23/12/2025 23:00,15.66,7.79
23/12/2025 23:00,23/12/2025 23:30,15.66,7.79
23/12/2025 23:30,24/12/2025 00:00,12.35,6.33
24/12/2025 00:00,24/12/2025 00:30,12.39,6.35
24/12/2025 00:30,24/12/2025 01:00,14.77,7.40
24/12/2025 01:00,24/12/2025 01:30,14.11,7.11
24/12/2025 01:30,24/12/2025 02:00,13.23,6.72
24/12/2025 02:00,24/12/2025 02:30,13.23,6.72
24/12/2025 02:30,24/12/2025 03:00,12.79,6.53
24/12/2025 03:00,24/12/2025 03:30,12.43,6.37
24/12/2025 03:30,24/12/2025 04:00,12.13,6.24
24/12/2025 04:00,24/12/2025 04:30,13.23,6.72
24/12/2025 04:30,24/12/2025 05:00,13.23,6.72
24/12/2025 05:00,24/12/2025 05:30,13.23,6.72
24/12/2025 05:30,24/12/2025 06:00,13.23,6.72
24/12/2025 06:00,24/12/2025 06:30,13.09,6.66
24/12/2025 06:30,24/12/2025 07:00,14.69,7.36
24/12/2025 07:00,24/12/2025 07:30,16.27,8.06
24/12/2025 07:30,24/12/2025 08:00,16.86,8.32
24/12/2025 08:00,24/12/2025 08:30,15.97,7.92
24/12/2025 08:30,24/12/2025 09:00,17.64,8.66
24/12/2025 09:00,24/12/2025 09:30,17.57,8.63
24/12/2025 09:30,24/12/2025 10:00,18.10,8.86
24/12/2025 10:00,24/12/2025 10:30,18.16,8.89
24/12/2025 10:30,24/12/2025 11:00,18.04,8.84
24/12/2025 11:00,24/12/2025 11:30,17.64,8.66
24/12/2025 11:30,24/12/2025 12:00,17.30,8.51
24/12/2025 12:00,24/12/2025 12:30,17.68,8.68
24/12/2025 12:30,24/12/2025 13:00,18.22,8.91
24/12/2025 13:00,24/12/2025 13:30,18.78,9.16
24/12/2025 13:30,24/12/2025 14:00,19.40,9.44
24/12/2025 14:00,24/12/2025 14:30,19.18,9.34
24/12/2025 14:30,24/12/2025 15:00,19.57,9.51
24/12/2025 15:00,24/12/2025 15:30,17.77,8.71
24/12/2025 15:30,24/12/2025 16:00,18.74,9.15
24/12/2025 16:00,24/12/2025 16:30,33.39,13.43
24/12/2025 16:30,24/12/2025 17:00,33.72,13.58
24/12/2025 17:00,24/12/2025 17:30,32.12,12.87
24/12/2025 17:30,24/12/2025 18:00,32.61,13.09
24/12/2025 18:00,24/12/2025 18:30,33.05,13.29
24/12/2025 18:30,24/12/2025 19:00,32.17,12.90
24/12/2025 19:00,24/12/2025 19:30,18.22,8.91
24/12/2025 19:30,24/12/2025 20:00,18.28,8.94
24/12/2025 20:00,24/12/2025 20:30,17.31,8.52
24/12/2025 20:30,24/12/2025 21:00,16.67,8.23
24/12/2025 21:00,24/12/2025 21:30,17.17,8.45
24/12/2025 21:30,24/12/2025 22:00,16.32,8.08
24/12/2025 22:00,24/12/2025 22:30,16.32,8.08
24/12/2025 22:30,24/12/2025 23:00,16.32,8.08
24/12/2025 23:00,24/12/2025 23:30,17.06,8.41
24/12/2025 23:30,25/12/2025 00:00,14.99,7.50
25/12/2025 00:00,25/12/2025 00:30,14.77,7.40
25/12/2025 00:30,25/12/2025 01:00,15.91,7.90
25/12/2025 01:00,25/12/2025 01:30,14.99,7.50
25/12/2025 01:30,25/12/2025 02:00,14.08,7.09
25/12/2025 02:00,25/12/2025 02:30,12.45,6.38
25/12/2025 02:30,25/12/2025 03:00,11.52,5.97
25/12/2025 03:00,25/12/2025 03:30,11.25,5.85
25/12/2025 03:30,25/12/2025 04:00,11.72,6.05
25/12/2025 04:00,25/12/2025 04:30,11.41,5.92
25/12/2025 04:30,25/12/2025 05:00,11.74,6.06
25/12/2025 05:00,25/12/2025 05:30,11.03,5.75
25/12/2025 05:30,25/12/2025 06:00,10.42,5.48
25/12/2025 06:00,25/12/2025 06:30,8.95,4.83
25/12/2025 06:30,25/12/2025 07:00,11.45,5.93
25/12/2025 07:00,25/12/2025 07:30,11.47,5.94
25/12/2025 07:30,25/12/2025 08:00,14.11,7.11
25/12/2025 08:00,25/12/2025 08:30,16.33,8.08
25/12/2025 08:30,25/12/2025 09:00,19.19,9.34
25/12/2025 09:00,25/12/2025 09:30,17.82,8.74
25/12/2025 09:30,25/12/2025 10:00,17.88,8.77
25/12/2025 10:00,25/12/2025 10:30,17.80,8.73
25/12/2025 10:30,25/12/2025 11:00,18.00,8.82
25/12/2025 11:00,25/12/2025 11:30,17.58,8.63
25/12/2025 11:30,25/12/2025 12:00,18.22,8.92
25/12/2025 12:00,25/12/2025 12:30,20.35,9.85
25/12/2025 12:30,25/12/2025 13:00,20.29,9.82
25/12/2025 13:00,25/12/2025 13:30,17.28,8.50
25/12/2025 13:30,25/12/2025 14:00,18.74,9.14
25/12/2025 14:00,25/12/2025 14:30,19.45,9.46
25/12/2025 14:30,25/12/2025 15:00,19.66,9.55
25/12/2025 15:00,25/12/2025 15:30,19.57,9.51
25/12/2025 15:30,25/12/2025 16:00,18.84,9.19
25/12/2025 16:00,25/12/2025 16:30,33.03,13.28
25/12/2025 16:30,25/12/2025 17:00,32.37,12.99
25/12/2025 17:00,25/12/2025 17:30,32.75,13.15
25/12/2025 17:30,25/12/2025 18:00,31.82,12.74
25/12/2025 18:00,25/12/2025 18:30,31.82,12.74
25/12/2025 18:30,25/12/2025 19:00,31.28,12.50
25/12/2025 19:00,25/12/2025 19:30,17.50,8.60
25/12/2025 19:30,25/12/2025 20:00,16.50,8.16
25/12/2025 20:00,25/12/2025 20:30,16.76,8.27
25/12/2025 20:30,25/12/2025 21:00,16.61,8.21
25/12/2025 21:00,25/12/2025 21:30,17.86,8.76
25/12/2025 21:30,25/12/2025 22:00,17.40,8.56
25/12/2025 22:00,25/12/2025 22:30,17.69,8.68
25/12/2025 22:30,25/12/2025 23:00,17.88,8.77
25/12/2025 23:00,25/12/2025 23:30,18.87,9.20
25/12/2025 23:30,26/12/2025 00:00,18.13,8.88
26/12/2025 00:00,26/12/2025 00:30,16.80,8.29
26/12/2025 00:30,26/12/2025 01:00,18.24,8.92
26/12/2025 01:00,26/12/2025 01:30,17.00,8.38
26/12/2025 01:30,26/12/2025 02:00,16.15,8.00
26/12/2025 02:00,26/12/2025 02:30,16.15,8.00
26/12/2025 02:30,26/12/2025 03:00,15.99,7.94
26/12/2025 03:00,26/12/2025 03:30,15.88,7.88
26/12/2025 03:30,26/12/2025 04:00,15.44,7.69
26/12/2025 04:00,26/12/2025 04:30,16.00,7.94
26/12/2025 04:30,26/12/2025 05:00,15.44,7.69
26/12/2025 05:00,26/12/2025 05:30,15.66,7.79
26/12/2025 05:30,26/12/2025 06:00,15.86,7.87
26/12/2025 06:00,26/12/2025 06:30,17.01,8.38
26/12/2025 06:30,26/12/2025 07:00,17.20,8.47
26/12/2025 07:00,26/12/2025 07:30,18.13,8.88
26/12/2025 07:30,26/12/2025 08:00,18.30,8.95
26/12/2025 08:00,26/12/2025 08:30,16.98,8.37
26/12/2025 08:30,26/12/2025 09:00,18.08,8.85
26/12/2025 09:00,26/12/2025 09:30,16.78,8.28
26/12/2025 09:30,26/12/2025 10:00,17.20,8.47
26/12/2025 10:00,26/12/2025 10:30,16.81,8.29
26/12/2025 10:30,26/12/2025 11:00,16.96,8.36
26/12/2025 11:00,26/12/2025 11:30,17.41,8.56
26/12/2025 11:30,26/12/2025 12:00,17.41,8.56
26/12/2025 12:00,26/12/2025 12:30,17.91,8.78
26/12/2025 12:30,26/12/2025 13:00,17.92,8.79
26/12/2025 13:00,26/12/2025 13:30,18.01,8.82
26/12/2025 13:30,26/12/2025 14:00,17.75,8.71
26/12/2025 14:00,26/12/2025 14:30,19.74,9.58
26/12/2025 14:30,26/12/2025 15:00,19.59,9.52
26/12/2025 15:00,26/12/2025 15:30,19.40,9.44
26/12/2025 15:30,26/12/2025 16:00,19.84,9.63
26/12/2025 16:00,26/12/2025 16:30,34.70,14.01
26/12/2025 16:30,26/12/2025 17:00,35.04,14.16
26/12/2025 17:00,26/12/2025 17:30,33.49,13.48
26/12/2025 17:30,26/12/2025 18:00,34.14,13.76
26/12/2025 18:00,26/12/2025 18:30,34.98,14.13
26/12/2025 18:30,26/12/2025 19:00,34.57,13.95
26/12/2025 19:00,26/12/2025 19:30,20.95,10.12
26/12/2025 19:30,26/12/2025 20:00,19.76,9.59
26/12/2025 20:00,26/12/2025 20:30,20.44,9.89
26/12/2025 20:30,26/12/2025 21:00,19.10,9.30
26/12/2025 21:00,26/12/2025 21:30,19.40,9.44
26/12/2025 21:30,26/12/2025 22:00,17.80,8.73
26/12/2025 22:00,26/12/2025 22:30,18.72,9.14
26/12/2025 22:30,26/12/2025 23:00,17.73,8.70
26/12/2025 23:00,26/12/2025 23:30,18.52,9.05
26/12/2025 23:30,27/12/2025 00:00,17.93,8.79
27/12/2025 00:00,27/12/2025 00:30,17.63,8.65
27/12/2025 00:30,27/12/2025 01:00,18.30,8.95
27/12/2025 01:00,27/12/2025 01:30,17.92,8.78
27/12/2025 01:30,27/12/2025 02:00,16.91,8.34
27/12/2025 02:00,27/12/2025 02:30,16.61,8.21
27/12/2025 02:30,27/12/2025 03:00,17.20,8.47
27/12/2025 03:00,27/12/2025 03:30,15.98,7.93
27/12/2025 03:30,27/12/2025 04:00,14.62,7.33
27/12/2025 04:00,27/12/2025 04:30,15.79,7.85
27/12/2025 04:30,27/12/2025 05:00,14.85,7.43
27/12/2025 05:00,27/12/2025 05:30,16.10,7.98
27/12/2025 05:30,27/12/2025 06:00,16.12,7.99
27/12/2025 06:00,27/12/2025 06:30,17.20,8.47
27/12/2025 06:30,27/12/2025 07:00,17.20,8.47
27/12/2025 07:00,27/12/2025 07:30,17.42,8.56
27/12/2025 07:30,27/12/2025 08:00,18.06,8.84
27/12/2025 08:00,27/12/2025 08:30,17.42,8.56
27/12/2025 08:30,27/12/2025 09:00,18.22,8.91
27/12/2025 09:00,27/12/2025 09:30,17.64,8.66
27/12/2025 09:30,27/12/2025 10:00,17.98,8.81
27/12/2025 10:00,27/12/2025 10:30,17.75,8.71
27/12/2025 10:30,27/12/2025 11:00,17.54,8.61
27/12/2025 11:00,27/12/2025 11:30,16.85,8.31
27/12/2025 11:30,27/12/2025 12:00,16.45,8.14
27/12/2025 12:00,27/12/2025 12:30,16.62,8.21
27/12/2025 12:30,27/12/2025 13:00,16.86,8.32
27/12/2025 13:00,27/12/2025 13:30,17.64,8.66
27/12/2025 13:30,27/12/2025 14:00,16.65,8.23
27/12/2025 14:00,27/12/2025 14:30,16.94,8.35
27/12/2025 14:30,27/12/2025 15:00,17.66,8.67
27/12/2025 15:00,27/12/2025 15:30,18.21,8.91
27/12/2025 15:30,27/12/2025 16:00,19.28,9.38
27/12/2025 16:00,27/12/2025 16:30,33.15,13.33
27/12/2025 16:30,27/12/2025 17:00,34.52,13.93
27/12/2025 17:00,27/12/2025 17:30,34.60,13.96
27/12/2025 17:30,27/12/2025 18:00,34.81,14.06
27/12/2025 18:00,27/12/2025 18:30,34.66,13.99
27/12/2025 18:30,27/12/2025 19:00,34.09,13.74
27/12/2025 19:00,27/12/2025 19:30,19.89,9.65
27/12/2025 19:30,27/12/2025 20:00,18.96,9.24
27/12/2025 20:00,27/12/2025 20:30,18.74,9.14
27/12/2025 20:30,27/12/2025 21:00,17.67,8.68
27/12/2025 21:00,27/12/2025 21:30,18.09,8.86
27/12/2025 21:30,27/12/2025 22:00,17.00,8.38
27/12/2025 22:00,27/12/2025 22:30,17.18,8.46
27/12/2025 22:30,27/12/2025 23:00,15.21,7.59
27/12/2025 23:00,27/12/2025 23:30,16.91,8.34
27/12/2025 23:30,28/12/2025 00:00,17.03,8.39
28/12/2025 00:00,28/12/2025 00:30,16.23,8.04
28/12/2025 00:30,28/12/2025 01:00,16.65,8.23
28/12/2025 01:00,28/12/2025 01:30,16.52,8.16
28/12/2025 01:30,28/12/2025 02:00,16.10,7.98
28/12/2025 02:00,28/12/2025 02:30,16.10,7.98
28/12/2025 02:30,28/12/2025 03:00,16.10,7.98
28/12/2025 03:00,28/12/2025 03:30,16.16,8.01
28/12/2025 03:30,28/12/2025 04:00,15.88,7.88
28/12/2025 04:00,28/12/2025 04:30,16.10,7.98
28/12/2025 04:30,28/12/2025 05:00,16.14,8.00
28/12/2025 05:00,28/12/2025 05:30,16.54,8.17
28/12/2025 05:30,28/12/2025 06:00,16.23,8.04
28/12/2025 06:00,28/12/2025 06:30,17.42,8.56
28/12/2025 06:30,28/12/2025 07:00,17.38,8.55
28/12/2025 07:00,28/12/2025 07:30,17.66,8.67
28/12/2025 07:30,28/12/2025 08:00,18.47,9.02
28/12/2025 08:00,28/12/2025 08:30,17.80,8.73
28/12/2025 08:30,28/12/2025 09:00,19.88,9.64
28/12/2025 09:00,28/12/2025 09:30,18.12,8.87
28/12/2025 09:30,28/12/2025 10:00,19.40,9.44
28/12/2025 10:00,28/12/2025 10:30,19.03,9.27
28/12/2025 10:30,28/12/2025 11:00,19.82,9.62
28/12/2025 11:00,28/12/2025 11:30,19.84,9.63
28/12/2025 11:30,28/12/2025 12:00,19.62,9.53
28/12/2025 12:00,28/12/2025 12:30,18.48,9.03
28/12/2025 12:30,28/12/2025 13:00,18.45,9.02
28/12/2025 13:00,28/12/2025 13:30,18.55,9.06
28/12/2025 13:30,28/12/2025 14:00,19.07,9.29
28/12/2025 14:00,28/12/2025 14:30,18.90,9.21
28/12/2025 14:30,28/12/2025 15:00,19.67,9.55
28/12/2025 15:00,28/12/2025 15:30,19.84,9.63
28/12/2025 15:30,28/12/2025 16:00,21.39,10.31
28/12/2025 16:00,28/12/2025 16:30,35.04,14.16
28/12/2025 16:30,28/12/2025 17:00,35.88,14.53
28/12/2025 17:00,28/12/2025 17:30,36.26,14.70
28/12/2025 17:30,28/12/2025 18:00,36.44,14.77
28/12/2025 18:00,28/12/2025 18:30,37.02,15.03
28/12/2025 18:30,28/12/2025 19:00,35.50,14.36
28/12/2025 19:00,28/12/2025 19:30,23.20,11.11
28/12/2025 19:30,28/12/2025 20:00,19.41,9.44
28/12/2025 20:00,28/12/2025 20:30,20.29,9.82
28/12/2025 20:30,28/12/2025 21:00,18.35,8.98
28/12/2025 21:00,28/12/2025 21:30,20.07,9.73
28/12/2025 21:30,28/12/2025 22:00,18.23,8.92
28/12/2025 22:00,28/12/2025 22:30,19.89,9.65
28/12/2025 22:30,28/12/2025 23:00,17.20,8.47
28/12/2025 23:00,28/12/2025 23:30,18.08,8.85
28/12/2025 23:30,29/12/2025 00:00,17.42,8.56
29/12/2025 00:00,29/12/2025 00:30,16.71,8.25
29/12/2025 00:30,29/12/2025 01:00,17.64,8.66
29/12/2025 01:00,29/12/2025 01:30,16.96,8.36
29/12/2025 01:30,29/12/2025 02:00,16.20,8.03
29/12/2025 02:00,29/12/2025 02:30,15.88,7.88
29/12/2025 02:30,29/12/2025 03:00,15.71,7.81
29/12/2025 03:00,29/12/2025 03:30,15.57,7.75
29/12/2025 03:30,29/12/2025 04:00,15.55,7.74
29/12/2025 04:00,29/12/2025 04:30,16.10,7.98
29/12/2025 04:30,29/12/2025 05:00,15.44,7.69
29/12/2025 05:00,29/12/2025 05:30,17.20,8.47
29/12/2025 05:30,29/12/2025 06:00,16.32,8.08
29/12/2025 06:00,29/12/2025 06:30,18.72,9.14
29/12/2025 06:30,29/12/2025 07:00,18.76,9.15
29/12/2025 07:00,29/12/2025 07:30,19.33,9.40
29/12/2025 07:30,29/12/2025 08:00,20.67,10.00
29/12/2025 08:00,29/12/2025 08:30,18.96,9.24
29/12/2025 08:30,29/12/2025 09:00,20.30,9.83
29/12/2025 09:00,29/12/2025 09:30,19.65,9.54
29/12/2025 09:30,29/12/2025 10:00,20.07,9.73
29/12/2025 10:00,29/12/2025 10:30,19.49,9.47
29/12/2025 10:30,29/12/2025 11:00,19.84,9.63
29/12/2025 11:00,29/12/2025 11:30,19.98,9.69
29/12/2025 11:30,29/12/2025 12:00,20.20,9.79
29/12/2025 12:00,29/12/2025 12:30,20.10,9.74
29/12/2025 12:30,29/12/2025 13:00,20.30,9.83
29/12/2025 13:00,29/12/2025 13:30,20.22,9.79
29/12/2025 13:30,29/12/2025 14:00,19.50,9.48
29/12/2025 14:00,29/12/2025 14:30,19.84,9.63
29/12/2025 14:30,29/12/2025 15:00,19.62,9.53
29/12/2025 15:00,29/12/2025 15:30,19.83,9.63
29/12/2025 15:30,29/12/2025 16:00,19.95,9.68
29/12/2025 16:00,29/12/2025 16:30,33.94,13.67
29/12/2025 16:30,29/12/2025 17:00,33.94,13.67
29/12/2025 17:00,29/12/2025 17:30,34.68,14.00
29/12/2025 17:30,29/12/2025 18:00,34.16,13.77
29/12/2025 18:00,29/12/2025 18:30,33.61,13.53
29/12/2025 18:30,29/12/2025 19:00,32.61,13.09
29/12/2025 19:00,29/12/2025 19:30,18.32,8.96
29/12/2025 19:30,29/12/2025 20:00,17.64,8.66
29/12/2025 20:00,29/12/2025 20:30,17.42,8.56
29/12/2025 20:30,29/12/2025 21:00,17.54,8.61
29/12/2025 21:00,29/12/2025 21:30,17.49,8.59
29/12/2025 21:30,29/12/2025 22:00,16.76,8.27
29/12/2025 22:00,29/12/2025 22:30,16.71,8.25
29/12/2025 22:30,29/12/2025 23:00,14.33,7.20
29/12/2025 23:00,29/12/2025 23:30,17.42,8.56
29/12/2025 23:30,30/12/2025 00:00,16.76,8.27
30/12/2025 00:00,30/12/2025 00:30,15.83,7.86
30/12/2025 00:30,30/12/2025 01:00,16.89,8.33
30/12/2025 01:00,30/12/2025 01:30,16.65,8.22
30/12/2025 01:30,30/12/2025 02:00,15.59,7.76
30/12/2025 02:00,30/12/2025 02:30,15.98,7.93
30/12/2025 02:30,30/12/2025 03:00,15.54,7.74
30/12/2025 03:00,30/12/2025 03:30,15.77,7.84
30/12/2025 03:30,30/12/2025 04:00,15.50,7.72
30/12/2025 04:00,30/12/2025 04:30,15.75,7.83
30/12/2025 04:30,30/12/2025 05:00,15.53,7.73
30/12/2025 05:00,30/12/2025 05:30,16.32,8.08
30/12/2025 05:30,30/12/2025 06:00,16.47,8.15
30/12/2025 06:00,30/12/2025 06:30,18.08,8.85
30/12/2025 06:30,30/12/2025 07:00,16.98,8.37
30/12/2025 07:00,30/12/2025 07:30,15.88,7.88
30/12/2025 07:30,30/12/2025 08:00,18.08,8.85
30/12/2025 08:00,30/12/2025 08:30,17.08,8.42
30/12/2025 08:30,30/12/2025 09:00,19.50,9.48
30/12/2025 09:00,30/12/2025 09:30,18.30,8.95
30/12/2025 09:30,30/12/2025 10:00,18.42,9.00
30/12/2025 10:00,30/12/2025 10:30,18.08,8.85
30/12/2025 10:30,30/12/2025 11:00,18.32,8.96
30/12/2025 11:00,30/12/2025 11:30,18.74,9.14
30/12/2025 11:30,30/12/2025 12:00,18.86,9.19
30/12/2025 12:00,30/12/2025 12:30,19.46,9.46
30/12/2025 12:30,30/12/2025 13:00,19.62,9.53
30/12/2025 13:00,30/12/2025 13:30,19.38,9.43
30/12/2025 13:30,30/12/2025 14:00,19.38,9.43
30/12/2025 14:00,30/12/2025 14:30,19.68,9.55
30/12/2025 14:30,30/12/2025 15:00,19.76,9.59
30/12/2025 15:00,30/12/2025 15:30,20.45,9.90
30/12/2025 15:30,30/12/2025 16:00,21.35,10.29
30/12/2025 16:00,30/12/2025 16:30,35.11,14.19
30/12/2025 16:30,30/12/2025 17:00,36.16,14.65
30/12/2025 17:00,30/12/2025 17:30,35.26,14.26
30/12/2025 17:30,30/12/2025 18:00,35.04,14.16
30/12/2025 18:00,30/12/2025 18:30,35.21,14.23
30/12/2025 18:30,30/12/2025 19:00,34.60,13.96
30/12/2025 19:00,30/12/2025 19:30,21.17,10.21
30/12/2025 19:30,30/12/2025 20:00,19.43,9.44
30/12/2025 20:00,30/12/2025 20:30,19.72,9.57
30/12/2025 20:30,30/12/2025 21:00,18.52,9.05
30/12/2025 21:00,30/12/2025 21:30,19.69,9.56
30/12/2025 21:30,30/12/2025 22:00,18.81,9.17
30/12/2025 22:00,30/12/2025 22:30,16.19,8.02
30/12/2025 22:30,30/12/2025 23:00,15.88,7.88
30/12/2025 23:00,30/12/2025 23:30,17.64,8.66
30/12/2025 23:30,31/12/2025 00:00,18.27,8.94
31/12/2025 00:00,31/12/2025 00:30,17.14,8.44
31/12/2025 00:30,31/12/2025 01:00,18.42,9.00
31/12/2025 01:00,31/12/2025 01:30,17.42,8.56
31/12/2025 01:30,31/12/2025 02:00,16.37,8.10
31/12/2025 02:00,31/12/2025 02:30,16.10,7.98
31/12/2025 02:30,31/12/2025 03:00,14.99,7.50
31/12/2025 03:00,31/12/2025 03:30,14.99,7.50
31/12/2025 03:30,31/12/2025 04:00,14.99,7.50
31/12/2025 04:00,31/12/2025 04:30,15.44,7.69
31/12/2025 04:30,31/12/2025 05:00,14.99,7.50
31/12/2025 05:00,31/12/2025 05:30,16.10,7.98
31/12/2025 05:30,31/12/2025 06:00,15.88,7.88
31/12/2025 06:00,31/12/2025 06:30,17.42,8.56
31/12/2025 06:30,31/12/2025 07:00,17.64,8.66
31/12/2025 07:00,31/12/2025 07:30,17.20,8.47
31/12/2025 07:30,31/12/2025 08:00,19.02,9.26
31/12/2025 08:00,31/12/2025 08:30,18.71,9.13
31/12/2025 08:30,31/12/2025 09:00,20.29,9.82
31/12/2025 09:00,31/12/2025 09:30,19.39,9.43
31/12/2025 09:30,31/12/2025 10:00,19.36,9.42
31/12/2025 10:00,31/12/2025 10:30,19.62,9.53
31/12/2025 10:30,31/12/2025 11:00,18.95,9.24
31/12/2025 11:00,31/12/2025 11:30,17.32,8.52
31/12/2025 11:30,31/12/2025 12:00,17.08,8.42
31/12/2025 12:00,31/12/2025 12:30,16.84,8.31
31/12/2025 12:30,31/12/2025 13:00,17.06,8.40
31/12/2025 13:00,31/12/2025 13:30,17.72,8.70
31/12/2025 13:30,31/12/2025 14:00,17.59,8.64
31/12/2025 14:00,31/12/2025 14:30,17.42,8.56
31/12/2025 14:30,31/12/2025 15:00,18.25,8.93
31/12/2025 15:00,31/12/2025 15:30,19.62,9.53
31/12/2025 15:30,31/12/2025 16:00,21.61,10.41
31/12/2025 16:00,31/12/2025 16:30,33.86,13.64
31/12/2025 16:30,31/12/2025 17:00,34.48,13.92
31/12/2025 17:00,31/12/2025 17:30,34.60,13.97
31/12/2025 17:30,31/12/2025 18:00,34.60,13.96
31/12/2025 18:00,31/12/2025 18:30,33.85,13.64
31/12/2025 18:30,31/12/2025 19:00,32.15,12.89
31/12/2025 19:00,31/12/2025 19:30,17.20,8.47
31/12/2025 19:30,31/12/2025 20:00,18.30,8.95
31/12/2025 20:00,31/12/2025 20:30,17.20,8.47
31/12/2025 20:30,31/12/2025 21:00,16.21,8.03
31/12/2025 21:00,31/12/2025 21:30,17.20,8.47
31/12/2025 21:30,31/12/2025 22:00,16.16,8.01
31/12/2025 22:00,31/12/2025 22:30,16.32,8.08
31/12/2025 22:30,31/12/2025 23:00,12.89,6.57
31/12/2025 23:00,31/12/2025 23:30,16.76,8.27
31/12/2025 23:30,01/01/2026 00:00,11.54,5.98