Latitude (decimal degrees):	57.479
Longitude (decimal degrees):	-4.222
Elevation (m):	21
Radiation database:	PVGIS-SARAH3


Slope: 35 deg. 
Azimuth: 0 deg. 
Nominal power of the PV system (c-Si) (kWp):	2.0
System losses (%):	14.0
time,P,G(i),H_sun,T2m,WS10m,Int
20230101:0011,0.0,0.0,0.0,0.17,2.14,0.0
20230101:0111,0.0,0.0,0.0,0.38,1.93,0.0
20230101:0211,0.0,0.0,0.0,0.32,1.86,0.0
20230101:0311,0.0,0.0,0.0,0.06,1.59,0.0
20230101:0411,0.0,0.0,0.0,-0.36,1.31,0.0
20230101:0511,0.0,0.0,0.0,-1.01,1.38,0.0
20230101:0611,0.0,0.0,0.0,-0.94,1.24,0.0
20230101:0711,0.0,0.0,0.0,-0.02,1.31,0.0
20230101:0811,0.0,0.0,0.0,0.11,1.17,0.0
20230101:0911,0.0,0.0,0.0,0.17,1.03,0.0
20230101:1011,0.04,5.56,5.1,0.17,0.69,0.0
20230101:1111,50.68,42.51,8.22,0.45,0.41,0.0
20230101:1211,31.8,30.59,9.49,0.55,0.34,0.0
20230101:1311,23.54,25.03,8.8,0.65,0.55,0.0
20230101:1411,0.04,5.56,6.22,0.83,0.83,0.0
20230101:1511,0.0,0.87,1.94,0.65,1.03,0.0
20230101:1611,0.0,0.0,0.0,0.17,1.38,0.0
20230101:1711,0.0,0.0,0.0,0.06,1.52,0.0
20230101:1811,0.0,0.0,0.0,-0.08,1.66,0.0
20230101:1911,0.0,0.0,0.0,0.34,2.07,0.0
20230101:2011,0.0,0.0,0.0,0.0,2.0,0.0
20230101:2111,0.0,0.0,0.0,-0.11,1.93,0.0
20230101:2211,0.0,0.0,0.0,-0.3,2.0,0.0
20230101:2311,0.0,0.0,0.0,-0.29,1.93,0.0
20230102:0011,0.0,0.0,0.0,-0.47,1.93,0.0
20230102:0111,0.0,0.0,0.0,-0.74,1.86,0.0
20230102:0211,0.0,0.0,0.0,-1.27,1.93,0.0
20230102:0311,0.0,0.0,0.0,-2.06,2.14,0.0
20230102:0411,0.0,0.0,0.0,-2.48,2.21,0.0
20230102:0511,0.0,0.0,0.0,-2.41,2.28,0.0
20230102:0611,0.0,0.0,0.0,-2.32,2.28,0.0
20230102:0711,0.0,0.0,0.0,-1.76,2.41,0.0
20230102:0811,0.0,0.0,0.0,-1.55,2.41,0.0
20230102:0911,0.0,0.0,0.0,-1.46,2.48,0.0
20230102:1011,319.56,191.61,5.15,-0.91,2.41,0.0
20230102:1111,457.9,267.53,8.29,0.14,2.55,0.0
20230102:1211,357.64,212.32,9.57,0.32,2.76,0.0
20230102:1311,276.84,169.12,8.9,1.32,2.69,0.0
20230102:1411,10.82,15.76,6.33,1.52,2.62,0.0
20230102:1511,0.0,0.87,2.05,1.07,2.55,0.0
20230102:1611,0.0,0.0,0.0,0.34,2.48,0.0
20230102:1711,0.0,0.0,0.0,-0.14,2.48,0.0
20230102:1811,0.0,0.0,0.0,-0.3,2.48,0.0
20230102:1911,0.0,0.0,0.0,0.03,2.41,0.0
20230102:2011,0.0,0.0,0.0,0.15,2.48,0.0
20230102:2111,0.0,0.0,0.0,0.34,2.62,0.0
20230102:2211,0.0,0.0,0.0,0.41,2.69,0.0
20230102:2311,0.0,0.0,0.0,0.28,2.62,0.0
20230103:0011,0.0,0.0,0.0,0.39,2.76,0.0
20230103:0111,0.0,0.0,0.0,0.52,2.97,0.0
20230103:0211,0.0,0.0,0.0,0.6,3.17,0.0
20230103:0311,0.0,0.0,0.0,0.75,3.24,0.0
20230103:0411,0.0,0.0,0.0,0.74,3.1,0.0
20230103:0511,0.0,0.0,0.0,0.92,2.9,0.0
20230103:0611,0.0,0.0,0.0,1.22,3.1,0.0
20230103:0711,0.0,0.0,0.0,1.9,3.86,0.0
20230103:0811,0.0,0.0,0.0,2.04,3.86,0.0
20230103:0911,0.0,0.0,0.0,2.17,4.14,0.0
20230103:1011,264.98,163.53,5.21,2.46,4.21,0.0
20230103:1111,422.9,250.12,8.36,2.72,3.59,0.0
20230103:1211,140.72,95.22,9.66,3.07,2.76,0.0
20230103:1311,212.36,135.27,9.01,3.49,2.21,0.0
20230103:1411,0.74,6.49,6.44,3.51,1.93,0.0
20230103:1511,0.0,2.62,2.18,3.48,1.52,0.0
20230103:1611,0.0,0.0,0.0,2.94,1.31,0.0
20230103:1711,0.0,0.0,0.0,2.35,1.03,0.0
20230103:1811,0.0,0.0,0.0,2.5,0.83,0.0
20230103:1911,0.0,0.0,0.0,2.58,0.83,0.0
20230103:2011,0.0,0.0,0.0,2.85,0.69,0.0
20230103:2111,0.0,0.0,0.0,3.12,0.55,0.0
20230103:2211,0.0,0.0,0.0,3.31,0.21,0.0
20230103:2311,0.0,0.0,0.0,3.32,0.21,0.0
20230104:0011,0.0,0.0,0.0,3.21,0.48,0.0
20230104:0111,0.0,0.0,0.0,3.2,0.34,0.0
20230104:0211,0.0,0.0,0.0,3.19,0.48,0.0
20230104:0311,0.0,0.0,0.0,2.35,0.97,0.0
20230104:0411,0.0,0.0,0.0,2.34,1.38,0.0
20230104:0511,0.0,0.0,0.0,2.7,1.66,0.0
20230104:0611,0.0,0.0,0.0,3.17,2.0,0.0
20230104:0711,0.0,0.0,0.0,3.64,2.14,0.0
20230104:0811,0.0,0.0,0.0,3.84,2.0,0.0
20230104:0911,0.0,0.0,0.0,3.89,1.93,0.0
20230104:1011,15.46,19.47,5.28,3.94,2.0,0.0
20230104:1111,31.24,30.59,8.45,4.16,2.14,0.0
20230104:1211,263.58,164.1,9.76,4.24,2.21,0.0
20230104:1311,156.08,104.33,9.12,4.39,2.48,0.0
20230104:1411,11.8,16.69,6.57,4.41,2.62,0.0
20230104:1511,37.1,34.53,2.31,4.05,2.69,0.0
20230104:1611,0.0,0.0,0.0,3.99,2.76,0.0
20230104:1711,0.0,0.0,0.0,4.13,2.83,0.0
20230104:1811,0.0,0.0,0.0,4.24,2.97,0.0
20230104:1911,0.0,0.0,0.0,4.31,2.83,0.0
20230104:2011,0.0,0.0,0.0,4.41,2.76,0.0
20230104:2111,0.0,0.0,0.0,4.31,2.55,0.0
20230104:2211,0.0,0.0,0.0,4.07,2.34,0.0
20230104:2311,0.0,0.0,0.0,3.81,2.28,0.0
20230105:0011,0.0,0.0,0.0,3.64,2.41,0.0
20230105:0111,0.0,0.0,0.0,3.56,2.55,0.0
20230105:0211,0.0,0.0,0.0,3.26,2.41,0.0
20230105:0311,0.0,0.0,0.0,3.01,2.34,0.0
20230105:0411,0.0,0.0,0.0,2.63,2.28,0.0
20230105:0511,0.0,0.0,0.0,2.28,2.28,0.0
20230105:0611,0.0,0.0,0.0,1.9,2.21,0.0
20230105:0711,0.0,0.0,0.0,2.55,1.86,0.0
20230105:0811,0.0,0.0,0.0,2.32,1.72,0.0
20230105:0911,0.0,0.0,0.0,2.05,1.59,0.0
20230105:1011,128.82,88.16,5.36,1.72,1.38,0.0
20230105:1111,122.6,84.89,8.54,2.35,1.31,0.0
20230105:1211,13.08,17.62,9.87,3.07,1.31,0.0
20230105:1311,41.24,37.08,9.24,3.44,1.38,0.0
20230105:1411,8.42,13.91,6.7,3.55,1.79,0.0
20230105:1511,0.0,1.85,2.45,3.85,2.0,0.0
20230105:1611,0.0,0.0,0.0,4.49,2.55,0.0
20230105:1711,0.0,0.0,0.0,5.58,3.52,0.0
20230105:1811,0.0,0.0,0.0,6.67,4.97,0.0
20230105:1911,0.0,0.0,0.0,7.27,5.79,0.0
20230105:2011,0.0,0.0,0.0,6.29,5.93,0.0
20230105:2111,0.0,0.0,0.0,5.5,5.86,0.0
20230105:2211,0.0,0.0,0.0,5.06,5.93,0.0
20230105:2311,0.0,0.0,0.0,4.99,6.21,0.0
20230106:0011,0.0,0.0,0.0,4.99,6.48,0.0
20230106:0111,0.0,0.0,0.0,5.04,7.1,0.0
20230106:0211,0.0,0.0,0.0,5.3,7.72,0.0
20230106:0311,0.0,0.0,0.0,5.07,8.34,0.0
20230106:0411,0.0,0.0,0.0,4.96,8.62,0.0
20230106:0511,0.0,0.0,0.0,5.08,8.34,0.0
20230106:0611,0.0,0.0,0.0,5.02,8.0,0.0
20230106:0711,0.0,0.0,0.0,5.11,7.66,0.0
20230106:0811,0.0,0.0,0.0,5.07,7.31,0.0
20230106:0911,0.0,0.0,0.0,4.82,7.03,0.0
20230106:1011,143.06,96.83,5.44,4.71,6.69,0.0
20230106:1111,262.08,162.57,8.64,4.91,6.34,0.0
20230106:1211,799.8,465.15,9.98,5.25,5.93,0.0
20230106:1311,281.46,173.76,9.36,5.46,5.52,0.0
20230106:1411,585.66,344.77,6.83,5.32,4.83,0.0
20230106:1511,2.34,8.34,2.59,5.16,3.79,0.0
20230106:1611,0.0,0.0,0.0,4.87,2.9,0.0
20230106:1711,0.0,0.0,0.0,4.72,2.62,0.0
20230106:1811,0.0,0.0,0.0,4.79,2.76,0.0
20230106:1911,0.0,0.0,0.0,4.23,3.03,0.0
20230106:2011,0.0,0.0,0.0,3.96,2.97,0.0
20230106:2111,0.0,0.0,0.0,4.2,2.97,0.0
20230106:2211,0.0,0.0,0.0,4.57,2.83,0.0
20230106:2311,0.0,0.0,0.0,4.86,2.55,0.0
20230107:0011,0.0,0.0,0.0,4.84,2.28,0.0
20230107:0111,0.0,0.0,0.0,5.16,2.21,0.0
20230107:0211,0.0,0.0,0.0,5.6,2.14,0.0
20230107:0311,0.0,0.0,0.0,5.87,2.07,0.0
20230107:0411,0.0,0.0,0.0,5.93,1.59,0.0
20230107:0511,0.0,0.0,0.0,5.66,1.1,0.0
20230107:0611,0.0,0.0,0.0,5.56,1.45,0.0
20230107:0711,0.0,0.0,0.0,5.68,1.66,0.0
20230107:0811,0.0,0.0,0.0,5.6,1.66,0.0
20230107:0911,0.0,0.0,0.0,5.39,1.52,0.0
20230107:1011,48.18,41.59,5.53,5.28,1.45,0.0
20230107:1111,481.26,289.22,8.74,5.95,1.59,0.0
20230107:1211,78.62,60.55,10.1,6.33,2.28,0.0
20230107:1311,156.76,105.58,9.5,6.33,2.55,0.0
20230107:1411,412.02,249.22,6.98,6.12,2.48,0.0
20230107:1511,164.1,110.68,2.74,5.49,2.62,0.0
20230107:1611,0.0,0.0,0.0,4.54,2.9,0.0
20230107:1711,0.0,0.0,0.0,4.26,3.38,0.0
20230107:1811,0.0,0.0,0.0,4.23,3.86,0.0
20230107:1911,0.0,0.0,0.0,4.11,4.62,0.0
20230107:2011,0.0,0.0,0.0,3.98,4.97,0.0
20230107:2111,0.0,0.0,0.0,4.02,5.24,0.0
20230107:2211,0.0,0.0,0.0,4.38,5.52,0.0
20230107:2311,0.0,0.0,0.0,4.6,5.59,0.0
20230108:0011,0.0,0.0,0.0,4.9,5.72,0.0
20230108:0111,0.0,0.0,0.0,5.05,6.0,0.0
20230108:0211,0.0,0.0,0.0,5.21,6.34,0.0
20230108:0311,0.0,0.0,0.0,5.09,6.41,0.0
20230108:0411,0.0,0.0,0.0,4.77,6.28,0.0
20230108:0511,0.0,0.0,0.0,4.36,5.79,0.0
20230108:0611,0.0,0.0,0.0,3.89,5.86,0.0
20230108:0711,0.0,0.0,0.0,3.97,6.28,0.0
20230108:0811,0.0,0.0,0.0,3.76,6.48,0.0
20230108:0911,0.0,0.0,0.0,3.65,6.83,0.0
20230108:1011,338.38,203.9,5.62,3.74,7.31,0.0
20230108:1111,63.06,50.6,8.86,4.1,7.86,0.0
20230108:1211,488.66,285.51,10.23,4.39,7.72,0.0
20230108:1311,202.54,129.59,9.64,4.5,7.24,0.0
20230108:1411,85.76,63.97,7.13,4.39,6.55,0.0
20230108:1511,71.66,56.0,2.9,4.16,5.79,0.0
20230108:1611,0.0,0.0,0.0,3.85,5.24,0.0
20230108:1711,0.0,0.0,0.0,3.64,4.83,0.0
20230108:1811,0.0,0.0,0.0,3.35,4.41,0.0
20230108:1911,0.0,0.0,0.0,2.89,3.66,0.0
20230108:2011,0.0,0.0,0.0,2.9,3.45,0.0
20230108:2111,0.0,0.0,0.0,2.84,3.1,0.0
20230108:2211,0.0,0.0,0.0,2.6,3.03,0.0
20230108:2311,0.0,0.0,0.0,2.43,2.97,0.0
20230109:0011,0.0,0.0,0.0,2.35,2.9,0.0
20230109:0111,0.0,0.0,0.0,2.41,2.83,0.0
20230109:0211,0.0,0.0,0.0,2.58,2.9,0.0
20230109:0311,0.0,0.0,0.0,2.8,3.03,0.0
20230109:0411,0.0,0.0,0.0,2.97,3.24,0.0
20230109:0511,0.0,0.0,0.0,2.76,3.24,0.0
20230109:0611,0.0,0.0,0.0,2.9,3.52,0.0
20230109:0711,0.0,0.0,0.0,2.81,3.45,0.0
20230109:0811,0.0,0.0,0.0,2.74,3.52,0.0
20230109:0911,0.0,0.0,0.0,2.67,3.66,0.0
20230109:1011,498.2,294.02,5.73,3.04,3.72,0.0
20230109:1111,733.78,428.19,8.98,3.49,3.72,0.0
20230109:1211,732.96,428.38,10.37,3.93,3.59,0.0
20230109:1311,52.82,44.5,9.79,4.2,3.45,0.0
20230109:1411,498.96,295.15,7.29,4.11,3.45,0.0
20230109:1511,20.22,22.94,3.06,3.85,3.24,0.0
20230109:1611,0.0,0.0,0.0,3.66,3.31,0.0
20230109:1711,0.0,0.0,0.0,3.74,3.45,0.0
20230109:1811,0.0,0.0,0.0,3.7,3.72,0.0
20230109:1911,0.0,0.0,0.0,3.81,3.86,0.0
20230109:2011,0.0,0.0,0.0,3.66,3.79,0.0
20230109:2111,0.0,0.0,0.0,3.47,4.07,0.0
20230109:2211,0.0,0.0,0.0,3.42,4.21,0.0
20230109:2311,0.0,0.0,0.0,3.27,4.07,0.0
20230110:0011,0.0,0.0,0.0,2.95,3.86,0.0
20230110:0111,0.0,0.0,0.0,2.98,3.79,0.0
20230110:0211,0.0,0.0,0.0,3.07,3.59,0.0
20230110:0311,0.0,0.0,0.0,3.1,3.31,0.0
20230110:0411,0.0,0.0,0.0,3.07,3.03,0.0
20230110:0511,0.0,0.0,0.0,3.08,2.83,0.0
20230110:0611,0.0,0.0,0.0,3.06,2.48,0.0
20230110:0711,0.0,0.0,0.0,3.7,2.83,0.0
20230110:0811,0.0,0.0,0.0,3.68,2.55,0.0
20230110:0911,0.0,0.0,0.0,3.37,2.34,0.0
20230110:1011,33.12,31.61,5.84,3.06,2.76,0.0
20230110:1111,8.46,13.91,9.1,3.05,3.24,0.0
20230110:1211,34.22,32.45,10.51,3.18,3.72,0.0
20230110:1311,31.42,30.59,9.94,3.22,3.72,0.0
20230110:1411,25.92,26.89,7.45,3.3,3.1,0.0
20230110:1511,0.0,1.85,3.23,3.46,2.41,0.0
20230110:1611,0.0,0.0,0.0,3.63,2.0,0.0
20230110:1711,0.0,0.0,0.0,3.88,2.34,0.0
20230110:1811,0.0,0.0,0.0,4.86,4.34,0.0
20230110:1911,0.0,0.0,0.0,6.0,5.03,0.0
20230110:2011,0.0,0.0,0.0,6.71,6.9,0.0
20230110:2111,0.0,0.0,0.0,6.37,7.45,0.0
20230110:2211,0.0,0.0,0.0,5.99,7.24,0.0
20230110:2311,0.0,0.0,0.0,5.16,6.9,0.0
20230111:0011,0.0,0.0,0.0,4.37,6.62,0.0
20230111:0111,0.0,0.0,0.0,3.76,6.41,0.0
20230111:0211,0.0,0.0,0.0,3.74,6.34,0.0
20230111:0311,0.0,0.0,0.0,3.81,6.14,0.0
20230111:0411,0.0,0.0,0.0,3.96,5.93,0.0
20230111:0511,0.0,0.0,0.0,3.97,6.07,0.0
20230111:0611,0.0,0.0,0.0,4.05,6.0,0.0
20230111:0711,0.0,0.0,0.0,3.5,5.31,0.0
20230111:0811,0.0,0.0,0.0,3.21,5.45,0.0
20230111:0911,0.0,0.0,0.0,3.31,5.66,0.0
20230111:1011,315.2,191.47,5.96,3.37,5.59,0.0
20230111:1111,727.88,421.16,9.24,3.55,5.52,0.0
20230111:1211,880.02,511.02,10.66,3.96,5.31,0.0
20230111:1311,786.62,456.43,10.1,4.18,5.38,0.0
20230111:1411,15.46,19.47,7.62,4.1,5.31,0.0
20230111:1511,239.68,151.87,3.4,4.0,5.31,0.0
20230111:1611,0.0,0.0,0.0,3.7,4.97,0.0
20230111:1711,0.0,0.0,0.0,3.43,4.69,0.0
20230111:1811,0.0,0.0,0.0,3.17,4.48,0.0
20230111:1911,0.0,0.0,0.0,2.78,3.59,0.0
20230111:2011,0.0,0.0,0.0,2.94,3.31,0.0
20230111:2111,0.0,0.0,0.0,3.34,3.31,0.0
20230111:2211,0.0,0.0,0.0,3.85,3.38,0.0
20230111:2311,0.0,0.0,0.0,3.88,3.38,0.0
20230112:0011,0.0,0.0,0.0,3.7,2.97,0.0
20230112:0111,0.0,0.0,0.0,3.89,2.9,0.0
20230112:0211,0.0,0.0,0.0,3.78,2.62,0.0
20230112:0311,0.0,0.0,0.0,3.68,2.41,0.0
20230112:0411,0.0,0.0,0.0,3.47,2.28,0.0
20230112:0511,0.0,0.0,0.0,3.38,2.28,0.0
20230112:0611,0.0,0.0,0.0,3.27,2.28,0.0
20230112:0711,0.0,0.0,0.0,1.48,1.93,0.0
20230112:0811,0.0,0.0,0.0,1.28,1.86,0.0
20230112:0911,0.0,0.0,0.0,1.13,1.66,0.0
20230112:1011,2.42,8.34,6.09,1.16,1.45,0.0
20230112:1111,4.3,10.2,9.38,1.82,1.31,0.0
20230112:1211,10.78,15.76,10.82,2.12,1.45,0.0
20230112:1311,63.8,50.93,10.27,2.75,2.0,0.0
20230112:1411,21.9,24.1,7.79,3.26,1.72,0.0
20230112:1511,5.24,11.13,3.58,3.5,2.28,0.0
20230112:1611,0.0,0.0,0.0,3.43,2.97,0.0
20230112:1711,0.0,0.0,0.0,3.29,3.1,0.0
20230112:1811,0.0,0.0,0.0,3.18,2.69,0.0
20230112:1911,0.0,0.0,0.0,2.92,1.38,0.0
20230112:2011,0.0,0.0,0.0,3.29,0.41,0.0
20230112:2111,0.0,0.0,0.0,1.79,0.83,0.0
20230112:2211,0.0,0.0,0.0,1.47,1.31,0.0
20230112:2311,0.0,0.0,0.0,1.44,1.38,0.0
20230113:0011,0.0,0.0,0.0,1.49,1.59,0.0
20230113:0111,0.0,0.0,0.0,1.46,1.93,0.0
20230113:0211,0.0,0.0,0.0,1.72,2.41,0.0
20230113:0311,0.0,0.0,0.0,2.2,2.83,0.0
20230113:0411,0.0,0.0,0.0,2.3,2.83,0.0
20230113:0511,0.0,0.0,0.0,2.48,2.97,0.0
20230113:0611,0.0,0.0,0.0,2.66,2.83,0.0
20230113:0711,0.0,0.0,0.0,3.06,2.55,0.0
20230113:0811,0.0,0.0,0.0,3.16,2.28,0.0
20230113:0911,0.0,0.0,0.0,3.03,2.14,0.0
20230113:1011,11.9,16.69,6.22,3.08,2.14,0.0
20230113:1111,408.04,243.85,9.53,3.59,2.41,0.0
20230113:1211,718.06,423.16,10.98,4.03,2.34,0.0
20230113:1311,173.84,114.43,10.45,4.37,2.48,0.0
20230113:1411,199.02,128.36,7.98,4.25,2.28,0.0
20230113:1511,23.3,25.1,3.77,3.82,2.14,0.0
20230113:1611,0.0,0.0,0.0,2.87,2.14,0.0
20230113:1711,0.0,0.0,0.0,2.41,2.21,0.0
20230113:1811,0.0,0.0,0.0,2.26,2.21,0.0
20230113:1911,0.0,0.0,0.0,2.37,2.21,0.0
20230113:2011,0.0,0.0,0.0,2.19,2.28,0.0
20230113:2111,0.0,0.0,0.0,2.13,2.21,0.0
20230113:2211,0.0,0.0,0.0,1.68,2.0,0.0
20230113:2311,0.0,0.0,0.0,1.28,1.79,0.0
20230114:0011,0.0,0.0,0.0,0.92,1.59,0.0
20230114:0111,0.0,0.0,0.0,0.48,1.52,0.0
20230114:0211,0.0,0.0,0.0,0.33,1.66,0.0
20230114:0311,0.0,0.0,0.0,0.7,1.93,0.0
20230114:0411,0.0,0.0,0.0,1.06,2.0,0.0
20230114:0511,0.0,0.0,0.0,1.15,2.0,0.0
20230114:0611,0.0,0.0,0.0,1.34,1.79,0.0
20230114:0711,0.0,0.0,0.0,1.27,1.38,0.0
20230114:0811,0.0,0.0,0.0,1.32,1.1,0.0
20230114:0911,0.0,0.0,0.0,1.06,1.31,0.0
20230114:1011,15.72,19.47,6.36,1.08,1.79,0.0
20230114:1111,777.14,455.3,9.69,2.13,2.28,0.0
20230114:1211,820.14,479.45,11.15,2.73,2.97,0.0
20230114:1311,790.34,460.86,10.63,2.92,3.38,0.0
20230114:1411,24.64,25.96,8.17,2.88,3.79,0.0
20230114:1511,0.0,2.78,3.96,2.51,3.93,0.0
20230114:1611,0.0,0.0,0.0,2.0,3.45,0.0
20230114:1711,0.0,0.0,0.0,1.42,2.62,0.0
20230114:1811,0.0,0.0,0.0,1.1,1.52,0.0
20230114:1911,0.0,0.0,0.0,-0.26,1.72,0.0
20230114:2011,0.0,0.0,0.0,-0.26,2.07,0.0
20230114:2111,0.0,0.0,0.0,0.28,2.69,0.0
20230114:2211,0.0,0.0,0.0,0.55,3.59,0.0
20230114:2311,0.0,0.0,0.0,0.8,4.21,0.0
20230115:0011,0.0,0.0,0.0,1.45,4.9,0.0
20230115:0111,0.0,0.0,0.0,1.92,4.83,0.0
20230115:0211,0.0,0.0,0.0,2.04,4.28,0.0
20230115:0311,0.0,0.0,0.0,2.11,3.86,0.0
20230115:0411,0.0,0.0,0.0,2.1,3.66,0.0
20230115:0511,0.0,0.0,0.0,1.98,3.45,0.0
20230115:0611,0.0,0.0,0.0,1.95,3.38,0.0
20230115:0711,0.0,0.0,0.0,1.5,3.31,0.0
20230115:0811,0.0,0.0,0.0,1.44,3.38,0.0
20230115:0911,0.0,0.87,1.55,1.2,3.31,0.0
20230115:1011,469.1,275.64,6.51,1.22,3.45,0.0
20230115:1111,72.22,55.71,9.85,1.53,3.66,0.0
20230115:1211,20.8,23.18,11.33,1.59,3.38,0.0
20230115:1311,343.32,205.62,10.82,1.5,2.97,0.0
20230115:1411,625.62,364.22,8.36,1.3,2.69,0.0
20230115:1511,81.08,60.76,4.16,0.67,2.55,0.0
20230115:1611,0.0,0.0,0.0,0.0,2.21,0.0
20230115:1711,0.0,0.0,0.0,-0.58,2.14,0.0
20230115:1811,0.0,0.0,0.0,-1.34,2.0,0.0
20230115:1911,0.0,0.0,0.0,-0.81,1.72,0.0
20230115:2011,0.0,0.0,0.0,-1.4,1.72,0.0
20230115:2111,0.0,0.0,0.0,-1.69,2.0,0.0
20230115:2211,0.0,0.0,0.0,-1.91,1.72,0.0
20230115:2311,0.0,0.0,0.0,-2.38,1.45,0.0
20230116:0011,0.0,0.0,0.0,-3.43,1.72,0.0
20230116:0111,0.0,0.0,0.0,-4.11,2.0,0.0
20230116:0211,0.0,0.0,0.0,-4.33,2.21,0.0
20230116:0311,0.0,0.0,0.0,-4.14,2.34,0.0
20230116:0411,0.0,0.0,0.0,-3.84,2.62,0.0
20230116:0511,0.0,0.0,0.0,-3.57,2.83,0.0
20230116:0611,0.0,0.0,0.0,-3.26,2.97,0.0
20230116:0711,0.0,0.0,0.0,-3.27,2.9,0.0
20230116:0811,0.0,0.0,0.0,-3.27,2.76,0.0
20230116:0911,0.0,2.62,1.69,-3.16,2.62,0.0
20230116:1011,253.62,154.59,6.66,-2.66,2.48,0.0
20230116:1111,29.44,28.74,10.02,-2.0,2.41,0.0
20230116:1211,8.7,13.91,11.51,-1.35,2.62,0.0
20230116:1311,7.56,12.98,11.01,-1.06,2.69,0.0
20230116:1411,3.4,9.27,8.56,-0.91,2.62,0.0
20230116:1511,0.06,5.56,4.36,-1.03,2.48,0.0
20230116:1611,0.0,0.0,0.0,-1.68,2.48,0.0
20230116:1711,0.0,0.0,0.0,-2.15,2.48,0.0
20230116:1811,0.0,0.0,0.0,-2.63,2.34,0.0
20230116:1911,0.0,0.0,0.0,-2.42,2.69,0.0
20230116:2011,0.0,0.0,0.0,-2.53,2.83,0.0
20230116:2111,0.0,0.0,0.0,-2.58,2.97,0.0
20230116:2211,0.0,0.0,0.0,-2.68,2.83,0.0
20230116:2311,0.0,0.0,0.0,-3.09,2.55,0.0
20230117:0011,0.0,0.0,0.0,-3.52,2.28,0.0
20230117:0111,0.0,0.0,0.0,-3.64,2.28,0.0
20230117:0211,0.0,0.0,0.0,-3.69,2.34,0.0
20230117:0311,0.0,0.0,0.0,-3.49,2.48,0.0
20230117:0411,0.0,0.0,0.0,-3.43,2.62,0.0
20230117:0511,0.0,0.0,0.0,-3.32,2.76,0.0
20230117:0611,0.0,0.0,0.0,-3.05,2.97,0.0
20230117:0711,0.0,0.0,0.0,-2.97,2.83,0.0
20230117:0811,0.0,0.0,0.0,-2.67,3.03,0.0
20230117:0911,0.0,0.87,1.84,-2.49,3.1,0.0
20230117:1011,4.42,10.2,6.82,-2.19,3.03,0.0
20230117:1111,46.84,39.87,10.2,-1.66,3.03,0.0
20230117:1211,21.12,23.18,11.7,-1.18,2.9,0.0
20230117:1311,26.46,26.89,11.21,-0.55,3.1,0.0
20230117:1411,219.06,136.75,8.77,-0.34,3.31,0.0
20230117:1511,96.52,69.35,4.57,-0.57,3.1,0.0
20230117:1611,0.0,0.0,0.0,-0.87,3.24,0.0
20230117:1711,0.0,0.0,0.0,-0.97,3.45,0.0
20230117:1811,0.0,0.0,0.0,-0.88,3.66,0.0
20230117:1911,0.0,0.0,0.0,-0.56,3.93,0.0
20230117:2011,0.0,0.0,0.0,-0.5,3.86,0.0
20230117:2111,0.0,0.0,0.0,-0.38,3.66,0.0
20230117:2211,0.0,0.0,0.0,-0.2,3.66,0.0
20230117:2311,0.0,0.0,0.0,0.0,3.52,0.0
20230118:0011,0.0,0.0,0.0,0.1,3.31,0.0
20230118:0111,0.0,0.0,0.0,0.2,2.9,0.0
20230118:0211,0.0,0.0,0.0,0.0,2.48,0.0
20230118:0311,0.0,0.0,0.0,-0.26,2.21,0.0
20230118:0411,0.0,0.0,0.0,-0.7,2.14,0.0
20230118:0511,0.0,0.0,0.0,-0.69,2.34,0.0
20230118:0611,0.0,0.0,0.0,-0.51,2.69,0.0
20230118:0711,0.0,0.0,0.0,-1.03,2.48,0.0
20230118:0811,0.0,0.0,0.0,-1.12,2.48,0.0
20230118:0911,0.0,1.75,1.99,-1.03,2.9,0.0
20230118:1011,30.62,29.67,6.99,-0.45,3.45,0.0
20230118:1111,165.32,107.8,10.38,0.04,2.62,0.0
20230118:1211,26.38,26.89,11.9,0.01,2.55,0.0
20230118:1311,15.8,19.47,11.42,0.32,2.97,0.0
20230118:1411,109.76,76.86,8.98,0.16,3.1,0.0
20230118:1511,10.96,15.76,4.79,-0.45,2.76,0.0
20230118:1611,0.0,0.0,0.0,-1.16,2.41,0.0
20230118:1711,0.0,0.0,0.0,-2.05,2.34,0.0
20230118:1811,0.0,0.0,0.0,-2.69,2.55,0.0
20230118:1911,0.0,0.0,0.0,-2.27,2.55,0.0
20230118:2011,0.0,0.0,0.0,-2.2,2.55,0.0
20230118:2111,0.0,0.0,0.0,-2.05,2.69,0.0
20230118:2211,0.0,0.0,0.0,-2.42,2.69,0.0
20230118:2311,0.0,0.0,0.0,-2.9,2.69,0.0
20230119:0011,0.0,0.0,0.0,-3.17,2.69,0.0
20230119:0111,0.0,0.0,0.0,-3.41,2.76,0.0
20230119:0211,0.0,0.0,0.0,-3.72,2.83,0.0
20230119:0311,0.0,0.0,0.0,-3.85,2.9,0.0
20230119:0411,0.0,0.0,0.0,-3.92,3.03,0.0
20230119:0511,0.0,0.0,0.0,-3.91,3.24,0.0
20230119:0611,0.0,0.0,0.0,-3.48,3.45,0.0
20230119:0711,0.0,0.0,0.0,-2.1,4.28,0.0
20230119:0811,0.0,0.0,0.0,-1.33,4.97,0.0
20230119:0911,0.0,0.87,2.15,-0.53,5.24,0.0
20230119:1011,1.58,7.42,7.16,0.1,4.83,0.0
20230119:1111,6.38,12.05,10.57,0.77,4.07,0.0
20230119:1211,40.26,36.16,12.1,1.51,3.66,0.0
20230119:1311,187.56,120.88,11.63,1.86,3.38,0.0
20230119:1411,261.84,161.5,9.2,2.05,3.38,0.0
20230119:1511,0.0,4.64,5.01,1.9,3.24,0.0
20230119:1611,0.0,0.0,0.0,1.68,3.03,0.0
20230119:1711,0.0,0.0,0.0,1.54,2.97,0.0
20230119:1811,0.0,0.0,0.0,1.25,2.76,0.0
20230119:1911,0.0,0.0,0.0,0.89,2.69,0.0
20230119:2011,0.0,0.0,0.0,0.71,2.48,0.0
20230119:2111,0.0,0.0,0.0,0.76,2.41,0.0
20230119:2211,0.0,0.0,0.0,0.63,2.21,0.0
20230119:2311,0.0,0.0,0.0,0.39,1.93,0.0
20230120:0011,0.0,0.0,0.0,0.07,1.72,0.0
20230120:0111,0.0,0.0,0.0,-0.19,1.72,0.0
20230120:0211,0.0,0.0,0.0,-0.36,1.66,0.0
20230120:0311,0.0,0.0,0.0,-1.09,1.59,0.0
20230120:0411,0.0,0.0,0.0,-2.17,1.52,0.0
20230120:0511,0.0,0.0,0.0,-2.21,1.45,0.0
20230120:0611,0.0,0.0,0.0,-2.32,1.38,0.0
20230120:0711,0.0,0.0,0.0,-2.99,1.24,0.0
20230120:0811,0.0,0.0,0.0,-3.5,1.17,0.0
20230120:0911,1.28,7.0,2.31,-3.89,1.17,0.0
20230120:1011,649.66,373.96,7.35,-4.12,1.17,0.0
20230120:1111,903.84,522.61,10.77,-3.91,1.24,0.0
20230120:1211,634.4,364.2,12.31,-3.23,1.24,0.0
20230120:1311,460.78,267.27,11.85,-2.92,1.24,0.0
20230120:1411,727.84,419.8,9.43,-2.8,1.31,0.0
20230120:1511,449.56,263.55,5.23,-3.16,1.45,0.0
20230120:1611,0.0,0.0,0.0,-4.03,1.52,0.0
20230120:1711,0.0,0.0,0.0,-4.78,1.79,0.0
20230120:1811,0.0,0.0,0.0,-5.07,1.93,0.0
20230120:1911,0.0,0.0,0.0,-5.36,1.86,0.0
20230120:2011,0.0,0.0,0.0,-5.4,1.93,0.0
20230120:2111,0.0,0.0,0.0,-5.26,1.93,0.0
20230120:2211,0.0,0.0,0.0,-4.95,2.07,0.0
20230120:2311,0.0,0.0,0.0,-3.86,2.34,0.0
20230121:0011,0.0,0.0,0.0,-2.21,2.69,0.0
20230121:0111,0.0,0.0,0.0,-0.29,3.24,0.0
20230121:0211,0.0,0.0,0.0,0.81,3.86,0.0
20230121:0311,0.0,0.0,0.0,1.4,4.21,0.0
20230121:0411,0.0,0.0,0.0,1.76,4.34,0.0
20230121:0511,0.0,0.0,0.0,1.92,4.48,0.0
20230121:0611,0.0,0.0,0.0,2.01,4.62,0.0
20230121:0711,0.0,0.0,0.0,2.14,4.69,0.0
20230121:0811,0.0,0.0,0.0,2.39,4.83,0.0
20230121:0911,0.0,1.75,2.49,2.59,4.83,0.0
20230121:1011,1.54,7.42,7.53,2.82,4.97,0.0
20230121:1111,6.28,12.05,10.97,3.1,5.03,0.0
20230121:1211,25.92,26.89,12.53,3.4,5.03,0.0
20230121:1311,52.98,44.5,12.08,3.73,5.03,0.0
20230121:1411,4.22,10.2,9.66,3.82,4.9,0.0
20230121:1511,2.36,8.34,5.46,3.85,4.83,0.0
20230121:1611,0.0,0.0,0.0,3.65,4.69,0.0
20230121:1711,0.0,0.0,0.0,3.49,4.69,0.0
20230121:1811,0.0,0.0,0.0,3.52,4.76,0.0
20230121:1911,0.0,0.0,0.0,3.72,4.97,0.0
20230121:2011,0.0,0.0,0.0,3.87,4.97,0.0
20230121:2111,0.0,0.0,0.0,3.98,4.97,0.0
20230121:2211,0.0,0.0,0.0,4.08,5.03,0.0
20230121:2311,0.0,0.0,0.0,4.14,5.03,0.0
20230122:0011,0.0,0.0,0.0,4.22,4.97,0.0
20230122:0111,0.0,0.0,0.0,4.28,4.9,0.0
20230122:0211,0.0,0.0,0.0,4.35,4.9,0.0
20230122:0311,0.0,0.0,0.0,4.54,4.83,0.0
20230122:0411,0.0,0.0,0.0,4.7,4.76,0.0
20230122:0511,0.0,0.0,0.0,4.86,4.9,0.0
20230122:0611,0.0,0.0,0.0,5.05,4.9,0.0
20230122:0711,0.0,0.0,0.0,5.94,4.97,0.0
20230122:0811,0.0,0.0,0.0,6.16,4.83,0.0
20230122:0911,0.0,2.62,2.67,6.31,4.55,0.0
20230122:1011,26.8,27.81,7.73,6.54,4.34,0.0
20230122:1111,171.68,114.18,11.18,6.72,4.07,0.0
20230122:1211,100.44,73.74,12.75,6.93,3.86,0.0
20230122:1311,41.94,38.01,12.31,7.12,3.59,0.0
20230122:1411,18.9,22.25,9.89,7.1,3.38,0.0
20230122:1511,7.16,12.98,5.7,7.04,3.17,0.0
20230122:1611,0.0,0.0,0.0,6.93,2.76,0.0
20230122:1711,0.0,0.0,0.0,6.75,2.48,0.0
20230122:1811,0.0,0.0,0.0,6.56,2.28,0.0
20230122:1911,0.0,0.0,0.0,6.92,2.34,0.0
20230122:2011,0.0,0.0,0.0,7.04,2.41,0.0
20230122:2111,0.0,0.0,0.0,7.05,2.34,0.0
20230122:2211,0.0,0.0,0.0,7.07,2.34,0.0
20230122:2311,0.0,0.0,0.0,7.03,2.34,0.0
20230123:0011,0.0,0.0,0.0,7.07,2.62,0.0
20230123:0111,0.0,0.0,0.0,7.14,2.83,0.0
20230123:0211,0.0,0.0,0.0,7.12,2.97,0.0
20230123:0311,0.0,0.0,0.0,7.13,3.03,0.0
20230123:0411,0.0,0.0,0.0,7.13,3.24,0.0
20230123:0511,0.0,0.0,0.0,7.18,3.31,0.0
20230123:0611,0.0,0.0,0.0,7.19,3.31,0.0
20230123:0711,0.0,0.0,0.0,7.64,3.72,0.0
20230123:0811,0.0,0.0,0.0,7.67,3.86,0.0
20230123:0911,0.0,1.75,2.85,7.54,4.07,0.0
20230123:1011,25.34,26.89,7.93,7.53,4.34,0.0
20230123:1111,62.26,50.99,11.4,7.63,4.55,0.0
20230123:1211,60.76,50.06,12.98,7.7,4.62,0.0
20230123:1311,111.84,80.6,12.55,7.82,4.62,0.0
20230123:1411,48.98,42.65,10.13,7.78,4.55,0.0
20230123:1511,7.14,12.98,5.94,7.66,4.34,0.0
20230123:1611,0.0,0.0,0.0,7.39,4.0,0.0
20230123:1711,0.0,0.0,0.0,7.13,3.79,0.0
20230123:1811,0.0,0.0,0.0,7.06,3.59,0.0
20230123:1911,0.0,0.0,0.0,7.61,3.86,0.0
20230123:2011,0.0,0.0,0.0,7.68,3.86,0.0
20230123:2111,0.0,0.0,0.0,7.64,3.86,0.0
20230123:2211,0.0,0.0,0.0,7.65,3.79,0.0
20230123:2311,0.0,0.0,0.0,7.68,3.66,0.0
20230124:0011,0.0,0.0,0.0,7.69,3.52,0.0
20230124:0111,0.0,0.0,0.0,7.79,3.31,0.0
20230124:0211,0.0,0.0,0.0,7.78,3.24,0.0
20230124:0311,0.0,0.0,0.0,7.85,3.24,0.0
20230124:0411,0.0,0.0,0.0,7.92,3.17,0.0
20230124:0511,0.0,0.0,0.0,7.97,3.17,0.0
20230124:0611,0.0,0.0,0.0,7.92,3.24,0.0
20230124:0711,0.0,0.0,0.0,8.08,3.24,0.0
20230124:0811,0.0,0.0,0.0,7.98,3.24,0.0
20230124:0911,0.0,1.75,3.04,7.99,3.31,0.0
20230124:1011,231.88,149.15,8.14,8.25,3.45,0.0
20230124:1111,608.68,363.95,11.62,8.54,3.72,0.0
20230124:1211,447.82,270.95,13.22,8.76,3.93,0.0
20230124:1311,841.58,502.88,12.79,8.81,4.21,0.0
20230124:1411,135.24,94.3,10.38,8.78,4.41,0.0
20230124:1511,322.4,201.31,6.18,8.73,4.55,0.0
20230124:1611,0.0,0.0,0.0,8.53,4.69,0.0
20230124:1711,0.0,0.0,0.0,8.24,4.76,0.0
20230124:1811,0.0,0.0,0.0,8.09,4.9,0.0
20230124:1911,0.0,0.0,0.0,8.66,5.03,0.0
20230124:2011,0.0,0.0,0.0,8.39,5.1,0.0
20230124:2111,0.0,0.0,0.0,7.92,4.97,0.0
20230124:2211,0.0,0.0,0.0,7.71,5.03,0.0
20230124:2311,0.0,0.0,0.0,7.8,5.03,0.0
20230125:0011,0.0,0.0,0.0,7.97,5.1,0.0
20230125:0111,0.0,0.0,0.0,8.03,5.03,0.0
20230125:0211,0.0,0.0,0.0,8.05,4.97,0.0
20230125:0311,0.0,0.0,0.0,8.07,4.76,0.0
20230125:0411,0.0,0.0,0.0,8.14,4.41,0.0
20230125:0511,0.0,0.0,0.0,7.86,4.62,0.0
20230125:0611,0.0,0.0,0.0,7.19,4.48,0.0
20230125:0711,0.0,0.0,0.0,6.88,4.0,0.0
20230125:0811,0.0,0.0,0.0,6.18,4.14,0.0
20230125:0911,0.0,1.75,3.24,5.52,3.86,0.0
20230125:1011,456.14,272.04,8.35,5.01,4.21,0.0
20230125:1111,828.66,486.4,11.85,4.9,4.14,0.0
20230125:1211,360.2,218.21,13.46,5.21,3.66,0.0
20230125:1311,168.86,112.32,13.04,5.5,3.45,0.0
20230125:1411,166.34,110.79,10.63,5.69,3.52,0.0
20230125:1511,274.6,171.89,6.43,5.41,3.72,0.0
20230125:1611,0.0,0.0,0.0,4.97,3.38,0.0
20230125:1711,0.0,0.0,0.0,4.54,3.1,0.0
20230125:1811,0.0,0.0,0.0,4.42,2.97,0.0
20230125:1911,0.0,0.0,0.0,4.54,2.9,0.0
20230125:2011,0.0,0.0,0.0,4.52,2.69,0.0
20230125:2111,0.0,0.0,0.0,4.47,2.41,0.0
20230125:2211,0.0,0.0,0.0,4.33,2.0,0.0
20230125:2311,0.0,0.0,0.0,4.08,1.59,0.0
20230126:0011,0.0,0.0,0.0,3.6,1.38,0.0
20230126:0111,0.0,0.0,0.0,3.36,1.38,0.0
20230126:0211,0.0,0.0,0.0,3.49,1.59,0.0
20230126:0311,0.0,0.0,0.0,3.64,1.93,0.0
20230126:0411,0.0,0.0,0.0,3.31,1.72,0.0
20230126:0511,0.0,0.0,0.0,3.1,1.59,0.0
20230126:0611,0.0,0.0,0.0,2.79,1.52,0.0
20230126:0711,0.0,0.0,0.0,2.67,1.59,0.0
20230126:0811,0.0,0.0,0.0,2.14,1.52,0.0
20230126:0911,2.8,8.74,3.45,1.78,1.45,0.0
20230126:1011,53.44,44.57,8.57,2.55,1.52,0.0
20230126:1111,464.42,276.45,12.08,3.29,1.59,0.0
20230126:1211,492.0,291.65,13.71,3.71,2.28,0.0
20230126:1311,77.14,59.33,13.29,3.86,2.69,0.0
20230126:1411,272.74,169.46,10.88,4.04,2.14,0.0
20230126:1511,41.12,37.01,6.68,3.91,1.52,0.0
20230126:1611,0.0,0.0,0.0,3.42,1.1,0.0
20230126:1711,0.0,0.0,0.0,2.63,0.76,0.0
20230126:1811,0.0,0.0,0.0,1.91,0.97,0.0
20230126:1911,0.0,0.0,0.0,1.51,1.03,0.0
20230126:2011,0.0,0.0,0.0,1.29,1.03,0.0
20230126:2111,0.0,0.0,0.0,0.95,1.1,0.0
20230126:2211,0.0,0.0,0.0,0.34,1.38,0.0
20230126:2311,0.0,0.0,0.0,0.41,1.59,0.0
20230127:0011,0.0,0.0,0.0,0.37,1.86,0.0
20230127:0111,0.0,0.0,0.0,-0.34,2.07,0.0
20230127:0211,0.0,0.0,0.0,-0.71,2.14,0.0
20230127:0311,0.0,0.0,0.0,-0.78,2.21,0.0
20230127:0411,0.0,0.0,0.0,-0.38,2.28,0.0
20230127:0511,0.0,0.0,0.0,0.23,2.34,0.0
20230127:0611,0.0,0.0,0.0,0.62,2.41,0.0
20230127:0711,0.0,0.0,0.0,0.92,2.76,0.0
20230127:0811,0.0,0.0,0.0,1.47,2.83,0.0
20230127:0911,0.0,2.62,3.66,2.02,2.97,0.0
20230127:1011,265.48,164.36,8.8,2.72,3.24,0.0
20230127:1111,634.62,371.29,12.32,3.47,3.31,0.0
20230127:1211,910.56,533.64,13.96,4.19,4.14,0.0
20230127:1311,795.84,464.93,13.55,4.64,4.48,0.0
20230127:1411,247.76,155.5,11.14,4.8,4.14,0.0
20230127:1511,11.76,16.69,6.94,4.94,4.0,0.0
20230127:1611,0.0,0.0,0.0,4.93,3.93,0.0
20230127:1711,0.0,0.0,0.0,4.96,3.93,0.0
20230127:1811,0.0,0.0,0.0,5.07,3.79,0.0
20230127:1911,0.0,0.0,0.0,5.43,3.86,0.0
20230127:2011,0.0,0.0,0.0,5.68,3.66,0.0
20230127:2111,0.0,0.0,0.0,5.84,3.17,0.0
20230127:2211,0.0,0.0,0.0,5.93,2.41,0.0
20230127:2311,0.0,0.0,0.0,5.84,1.86,0.0
20230128:0011,0.0,0.0,0.0,5.58,1.86,0.0
20230128:0111,0.0,0.0,0.0,5.16,2.07,0.0
20230128:0211,0.0,0.0,0.0,4.51,1.72,0.0
20230128:0311,0.0,0.0,0.0,3.59,1.66,0.0
20230128:0411,0.0,0.0,0.0,3.0,1.66,0.0
20230128:0511,0.0,0.0,0.0,2.52,1.72,0.0
20230128:0611,0.0,0.0,0.0,2.17,1.93,0.0
20230128:0711,0.0,0.0,0.0,1.8,2.07,0.0
20230128:0811,0.0,0.0,0.0,1.91,2.14,0.0
20230128:0911,7.56,13.12,3.87,2.08,2.14,0.0
20230128:1011,106.78,76.13,9.03,2.74,2.14,0.0
20230128:1111,114.8,81.17,12.57,3.57,2.21,0.0
20230128:1211,784.72,462.25,14.22,4.33,2.9,0.0
20230128:1311,743.28,437.41,13.82,4.78,3.24,0.0
20230128:1411,435.98,260.77,11.41,5.03,3.24,0.0
20230128:1511,239.68,152.05,7.2,4.84,2.97,0.0
20230128:1611,0.0,0.0,0.0,4.41,2.69,0.0
20230128:1711,0.0,0.0,0.0,3.48,2.62,0.0
20230128:1811,0.0,0.0,0.0,3.21,2.76,0.0
20230128:1911,0.0,0.0,0.0,3.73,3.24,0.0
20230128:2011,0.0,0.0,0.0,3.66,3.66,0.0
20230128:2111,0.0,0.0,0.0,3.5,3.93,0.0
20230128:2211,0.0,0.0,0.0,3.52,4.28,0.0
20230128:2311,0.0,0.0,0.0,3.64,4.69,0.0
20230129:0011,0.0,0.0,0.0,3.84,5.03,0.0
20230129:0111,0.0,0.0,0.0,4.21,5.31,0.0
20230129:0211,0.0,0.0,0.0,4.37,5.38,0.0
20230129:0311,0.0,0.0,0.0,4.59,5.38,0.0
20230129:0411,0.0,0.0,0.0,4.77,5.52,0.0
20230129:0511,0.0,0.0,0.0,5.13,5.72,0.0
20230129:0611,0.0,0.0,0.0,5.47,5.93,0.0
20230129:0711,0.0,0.0,0.0,6.39,6.21,0.0
20230129:0811,0.0,0.0,0.0,6.89,6.34,0.0
20230129:0911,14.88,19.24,4.1,7.3,6.41,0.0
20230129:1011,16.36,20.4,9.27,7.71,6.48,0.0
20230129:1111,114.04,81.89,12.82,8.05,6.48,0.0
20230129:1211,12.7,17.62,14.48,8.33,6.69,0.0
20230129:1311,114.58,82.36,14.09,8.23,6.83,0.0
20230129:1411,7.14,12.98,11.68,7.68,6.76,0.0
20230129:1511,2.32,8.34,7.47,6.18,6.34,0.0
20230129:1611,0.0,0.87,1.78,5.0,5.86,0.0
20230129:1711,0.0,0.0,0.0,4.1,5.72,0.0
20230129:1811,0.0,0.0,0.0,3.02,5.45,0.0
20230129:1911,0.0,0.0,0.0,2.91,5.52,0.0
20230129:2011,0.0,0.0,0.0,2.71,5.52,0.0
20230129:2111,0.0,0.0,0.0,2.39,5.52,0.0
20230129:2211,0.0,0.0,0.0,2.55,6.0,0.0
20230129:2311,0.0,0.0,0.0,2.58,6.07,0.0
20230130:0011,0.0,0.0,0.0,2.75,6.07,0.0
20230130:0111,0.0,0.0,0.0,3.02,6.0,0.0
20230130:0211,0.0,0.0,0.0,3.45,5.86,0.0
20230130:0311,0.0,0.0,0.0,3.68,5.31,0.0
20230130:0411,0.0,0.0,0.0,3.48,5.03,0.0
20230130:0511,0.0,0.0,0.0,3.29,4.69,0.0
20230130:0611,0.0,0.0,0.0,3.11,4.21,0.0
20230130:0711,0.0,0.0,0.0,3.14,3.52,0.0
20230130:0811,0.0,0.0,0.0,2.82,3.03,0.0
20230130:0911,71.5,56.0,4.33,2.55,2.76,0.0
20230130:1011,578.12,340.3,9.51,2.93,2.76,0.0
20230130:1111,899.38,532.82,13.08,3.64,2.48,0.0
20230130:1211,103.26,74.88,14.75,4.52,2.9,0.0
20230130:1311,375.6,227.05,14.36,4.92,3.1,0.0
20230130:1411,203.0,131.26,11.96,5.27,3.45,0.0
20230130:1511,505.22,302.63,7.74,5.13,3.03,0.0
20230130:1611,0.0,3.5,2.04,4.74,2.97,0.0
20230130:1711,0.0,0.0,0.0,4.36,3.03,0.0
20230130:1811,0.0,0.0,0.0,4.2,3.45,0.0
20230130:1911,0.0,0.0,0.0,4.24,4.14,0.0
20230130:2011,0.0,0.0,0.0,4.35,4.9,0.0
20230130:2111,0.0,0.0,0.0,4.78,5.38,0.0
20230130:2211,0.0,0.0,0.0,5.6,5.24,0.0
20230130:2311,0.0,0.0,0.0,6.43,5.17,0.0
20230131:0011,0.0,0.0,0.0,6.97,5.03,0.0
20230131:0111,0.0,0.0,0.0,6.98,5.66,0.0
20230131:0211,0.0,0.0,0.0,5.52,5.59,0.0
20230131:0311,0.0,0.0,0.0,4.43,5.45,0.0
20230131:0411,0.0,0.0,0.0,3.6,5.86,0.0
20230131:0511,0.0,0.0,0.0,2.31,5.79,0.0
20230131:0611,0.0,0.0,0.0,1.82,5.93,0.0
20230131:0711,0.0,0.0,0.0,1.81,5.59,0.0
20230131:0811,0.0,0.0,0.0,1.59,5.93,0.0
20230131:0911,0.0,3.71,4.56,1.73,5.72,0.0
20230131:1011,20.78,23.18,9.76,2.06,5.93,0.0
20230131:1111,10.78,15.76,13.35,2.3,6.34,0.0
20230131:1211,905.7,521.4,15.02,2.86,6.21,0.0
20230131:1311,13.1,17.62,14.64,3.13,6.21,0.0
20230131:1411,8.44,13.91,12.23,3.34,6.0,0.0
20230131:1511,528.74,309.61,8.02,2.99,6.34,0.0
20230131:1611,0.0,0.93,2.31,2.81,6.07,0.0
20230131:1711,0.0,0.0,0.0,2.27,5.59,0.0
20230131:1811,0.0,0.0,0.0,2.22,5.38,0.0
20230131:1911,0.0,0.0,0.0,2.54,5.31,0.0
20230131:2011,0.0,0.0,0.0,2.68,5.31,0.0
20230131:2111,0.0,0.0,0.0,2.56,5.45,0.0
20230131:2211,0.0,0.0,0.0,2.46,5.59,0.0
20230131:2311,0.0,0.0,0.0,2.5,6.0,0.0
20230201:0011,0.0,0.0,0.0,2.64,6.14,0.0
20230201:0111,0.0,0.0,0.0,2.8,5.93,0.0
20230201:0211,0.0,0.0,0.0,2.82,5.72,0.0
20230201:0311,0.0,0.0,0.0,2.82,5.38,0.0
20230201:0411,0.0,0.0,0.0,2.8,5.59,0.0
20230201:0511,0.0,0.0,0.0,2.6,5.52,0.0
20230201:0611,0.0,0.0,0.0,2.52,5.38,0.0
20230201:0711,0.0,0.0,0.0,2.58,5.03,0.0
20230201:0811,0.0,0.0,0.0,2.49,5.03,0.0
20230201:0911,10.78,15.76,4.8,2.29,4.83,0.0
20230201:1011,273.06,168.07,10.02,2.61,4.69,0.0
20230201:1111,525.18,307.07,13.62,3.11,4.55,0.0
20230201:1211,75.8,58.41,15.3,3.58,4.28,0.0
20230201:1311,74.12,57.48,14.93,3.91,4.07,0.0
20230201:1411,112.62,79.91,12.52,3.93,3.79,0.0
20230201:1511,29.92,29.67,8.29,3.9,3.24,0.0
20230201:1611,0.02,5.56,2.58,3.52,2.9,0.0
20230201:1711,0.0,0.0,0.0,2.83,2.62,0.0
20230201:1811,0.0,0.0,0.0,2.46,2.41,0.0
20230201:1911,0.0,0.0,0.0,2.69,2.34,0.0
20230201:2011,0.0,0.0,0.0,2.4,2.07,0.0
20230201:2111,0.0,0.0,0.0,2.25,2.07,0.0
20230201:2211,0.0,0.0,0.0,2.28,1.93,0.0
20230201:2311,0.0,0.0,0.0,2.56,1.93,0.0
20230202:0011,0.0,0.0,0.0,3.13,1.93,0.0
20230202:0111,0.0,0.0,0.0,3.79,2.0,0.0
20230202:0211,0.0,0.0,0.0,4.46,2.21,0.0
20230202:0311,0.0,0.0,0.0,5.03,2.41,0.0
20230202:0411,0.0,0.0,0.0,5.56,3.24,0.0
20230202:0511,0.0,0.0,0.0,6.36,4.0,0.0
20230202:0611,0.0,0.0,0.0,6.92,4.07,0.0
20230202:0711,0.0,0.0,0.0,6.74,3.72,0.0
20230202:0811,0.0,0.0,0.0,7.08,4.07,0.0
20230202:0911,3.18,9.27,5.05,7.46,4.9,0.0
20230202:1011,24.0,25.96,10.28,7.73,5.24,0.0
20230202:1111,50.42,43.57,13.89,7.88,5.45,0.0
20230202:1211,305.8,189.85,15.59,7.89,5.66,0.0
20230202:1311,92.68,69.53,15.22,7.9,5.72,0.0
20230202:1411,294.4,183.12,12.81,7.85,6.14,0.0
20230202:1511,383.28,233.52,8.58,7.79,6.48,0.0
20230202:1611,0.0,4.64,2.85,7.64,6.69,0.0
20230202:1711,0.0,0.0,0.0,7.76,6.97,0.0
20230202:1811,0.0,0.0,0.0,8.01,6.55,0.0
20230202:1911,0.0,0.0,0.0,8.03,6.07,0.0
20230202:2011,0.0,0.0,0.0,8.1,6.34,0.0
20230202:2111,0.0,0.0,0.0,8.24,6.69,0.0
20230202:2211,0.0,0.0,0.0,7.53,7.31,0.0
20230202:2311,0.0,0.0,0.0,6.31,6.55,0.0
20230203:0011,0.0,0.0,0.0,5.88,6.0,0.0
20230203:0111,0.0,0.0,0.0,5.52,5.66,0.0
20230203:0211,0.0,0.0,0.0,5.2,5.38,0.0
20230203:0311,0.0,0.0,0.0,5.06,5.24,0.0
20230203:0411,0.0,0.0,0.0,4.83,5.03,0.0
20230203:0511,0.0,0.0,0.0,4.54,4.83,0.0
20230203:0611,0.0,0.0,0.0,4.35,4.34,0.0
20230203:0711,0.0,0.0,0.0,4.41,3.79,0.0
20230203:0811,0.0,0.0,0.0,4.12,3.1,0.0
20230203:0911,3.26,9.27,5.3,4.04,2.48,0.0
20230203:1011,17.9,21.32,10.55,4.52,2.0,0.0
20230203:1111,38.1,35.23,14.17,4.9,2.0,0.0
20230203:1211,252.46,159.59,15.88,5.36,2.21,0.0
20230203:1311,347.76,212.83,15.51,5.85,2.69,0.0
20230203:1411,384.28,233.4,13.1,6.39,3.1,0.0
20230203:1511,323.0,200.22,8.86,6.97,3.31,0.0
20230203:1611,0.0,3.71,3.13,7.47,3.45,0.0
20230203:1711,0.0,0.0,0.0,7.38,3.52,0.0
20230203:1811,0.0,0.0,0.0,7.09,3.45,0.0
20230203:1911,0.0,0.0,0.0,7.56,3.24,0.0
20230203:2011,0.0,0.0,0.0,7.63,3.1,0.0
20230203:2111,0.0,0.0,0.0,7.57,3.03,0.0
20230203:2211,0.0,0.0,0.0,7.64,3.03,0.0
20230203:2311,0.0,0.0,0.0,7.66,3.17,0.0
20230204:0011,0.0,0.0,0.0,7.7,3.24,0.0
20230204:0111,0.0,0.0,0.0,7.5,3.31,0.0
20230204:0211,0.0,0.0,0.0,7.24,3.45,0.0
20230204:0311,0.0,0.0,0.0,6.96,3.66,0.0
20230204:0411,0.0,0.0,0.0,6.92,3.86,0.0
20230204:0511,0.0,0.0,0.0,6.84,3.93,0.0
20230204:0611,0.0,0.0,0.0,6.81,4.07,0.0
20230204:0711,0.0,0.0,0.0,7.48,3.93,0.0
20230204:0811,0.0,0.0,0.0,7.41,4.14,0.0
20230204:0911,11.6,16.69,5.56,7.43,4.41,0.0
20230204:1011,32.08,31.52,10.82,7.52,4.62,0.0
20230204:1111,177.38,118.14,14.46,7.64,4.83,0.0
20230204:1211,344.32,211.56,16.18,7.78,4.97,0.0
20230204:1311,38.98,36.16,15.81,7.77,5.03,0.0
20230204:1411,255.22,161.17,13.39,7.19,5.45,0.0
20230204:1511,24.36,25.96,9.15,5.03,4.9,0.0
20230204:1611,0.0,2.78,3.41,3.55,3.59,0.0
20230204:1711,0.0,0.0,0.0,3.14,3.79,0.0
20230204:1811,0.0,0.0,0.0,2.56,3.93,0.0
20230204:1911,0.0,0.0,0.0,2.49,3.52,0.0
20230204:2011,0.0,0.0,0.0,2.24,3.24,0.0
20230204:2111,0.0,0.0,0.0,1.89,3.1,0.0
20230204:2211,0.0,0.0,0.0,1.55,2.97,0.0
20230204:2311,0.0,0.0,0.0,1.25,2.62,0.0
20230205:0011,0.0,0.0,0.0,0.9,2.34,0.0
20230205:0111,0.0,0.0,0.0,0.7,2.41,0.0
20230205:0211,0.0,0.0,0.0,0.87,2.34,0.0
20230205:0311,0.0,0.0,0.0,0.64,2.41,0.0
20230205:0411,0.0,0.0,0.0,0.37,2.55,0.0
20230205:0511,0.0,0.0,0.0,0.37,2.55,0.0
20230205:0611,0.0,0.0,0.0,0.22,2.48,0.0
20230205:0711,0.0,0.0,0.0,1.47,2.48,0.0
20230205:0811,0.0,0.0,0.0,1.35,2.41,0.0
20230205:0911,0.04,5.56,5.82,1.37,2.21,0.0
20230205:1011,40.08,36.16,11.1,2.22,2.21,0.0
20230205:1111,65.1,51.92,14.75,3.18,2.55,0.0
20230205:1211,283.42,175.97,16.48,4.26,2.62,0.0
20230205:1311,207.96,134.17,16.11,4.86,3.86,0.0
20230205:1411,240.5,151.89,13.69,4.94,4.34,0.0
20230205:1511,28.42,28.74,9.44,4.8,4.41,0.0
20230205:1611,0.0,2.78,3.69,4.5,4.21,0.0
20230205:1711,0.0,0.0,0.0,3.9,4.14,0.0
20230205:1811,0.0,0.0,0.0,3.64,4.14,0.0
20230205:1911,0.0,0.0,0.0,4.49,4.41,0.0
20230205:2011,0.0,0.0,0.0,4.65,4.34,0.0
20230205:2111,0.0,0.0,0.0,4.67,4.41,0.0
20230205:2211,0.0,0.0,0.0,4.74,4.41,0.0
20230205:2311,0.0,0.0,0.0,4.8,4.28,0.0
20230206:0011,0.0,0.0,0.0,4.91,4.14,0.0
20230206:0111,0.0,0.0,0.0,5.04,4.14,0.0
20230206:0211,0.0,0.0,0.0,5.11,4.14,0.0
20230206:0311,0.0,0.0,0.0,5.25,4.28,0.0
20230206:0411,0.0,0.0,0.0,5.17,4.28,0.0
20230206:0511,0.0,0.0,0.0,5.06,4.34,0.0
20230206:0611,0.0,0.0,0.0,5.04,4.41,0.0
20230206:0711,0.0,0.0,0.0,5.25,4.41,0.0
20230206:0811,0.0,0.0,0.0,5.31,4.55,0.0
20230206:0911,203.84,133.42,6.09,5.43,4.62,0.0
20230206:1011,365.52,221.83,11.38,5.75,4.48,0.0
20230206:1111,110.2,79.33,15.05,6.11,4.62,0.0
20230206:1211,43.52,38.94,16.78,6.63,5.93,0.0
20230206:1311,49.24,42.65,16.42,6.87,5.86,0.0
20230206:1411,308.26,190.64,14.0,7.06,5.24,0.0
20230206:1511,74.34,58.14,9.74,6.97,4.9,0.0
20230206:1611,0.0,4.64,3.98,6.78,4.55,0.0
20230206:1711,0.0,0.0,0.0,6.55,4.28,0.0
20230206:1811,0.0,0.0,0.0,6.33,4.21,0.0
20230206:1911,0.0,0.0,0.0,6.65,4.55,0.0
20230206:2011,0.0,0.0,0.0,6.54,4.55,0.0
20230206:2111,0.0,0.0,0.0,6.41,4.55,0.0
20230206:2211,0.0,0.0,0.0,6.38,4.41,0.0
20230206:2311,0.0,0.0,0.0,6.42,4.28,0.0
20230207:0011,0.0,0.0,0.0,6.46,4.21,0.0
20230207:0111,0.0,0.0,0.0,6.44,4.14,0.0
20230207:0211,0.0,0.0,0.0,6.43,4.07,0.0
20230207:0311,0.0,0.0,0.0,6.47,4.0,0.0
20230207:0411,0.0,0.0,0.0,6.49,3.59,0.0
20230207:0511,0.0,0.0,0.0,6.5,2.9,0.0
20230207:0611,0.0,0.0,0.0,6.38,2.0,0.0
20230207:0711,0.0,0.0,0.0,6.4,2.0,0.0
20230207:0811,0.0,0.0,0.0,6.14,1.93,0.0
20230207:0911,343.46,214.72,6.37,5.9,2.0,0.0
20230207:1011,423.36,256.31,11.67,5.68,1.93,0.0
20230207:1111,551.76,329.32,15.35,5.76,2.28,0.0
20230207:1211,719.04,427.97,17.09,5.98,2.48,0.0
20230207:1311,502.74,300.78,16.73,6.24,2.97,0.0
20230207:1411,933.66,558.0,14.3,6.34,3.31,0.0
20230207:1511,678.86,404.96,10.03,5.99,3.17,0.0
20230207:1611,11.72,16.69,4.27,5.61,3.38,0.0
20230207:1711,0.0,0.0,0.0,4.65,3.38,0.0
20230207:1811,0.0,0.0,0.0,3.89,3.45,0.0
20230207:1911,0.0,0.0,0.0,3.96,3.93,0.0
20230207:2011,0.0,0.0,0.0,3.63,4.21,0.0
20230207:2111,0.0,0.0,0.0,3.5,4.48,0.0
20230207:2211,0.0,0.0,0.0,3.3,4.69,0.0
20230207:2311,0.0,0.0,0.0,3.14,4.9,0.0
20230208:0011,0.0,0.0,0.0,3.07,4.97,0.0
20230208:0111,0.0,0.0,0.0,3.14,5.24,0.0
20230208:0211,0.0,0.0,0.0,3.18,5.45,0.0
20230208:0311,0.0,0.0,0.0,3.27,5.59,0.0
20230208:0411,0.0,0.0,0.0,3.21,5.86,0.0
20230208:0511,0.0,0.0,0.0,3.42,6.21,0.0
20230208:0611,0.0,0.0,0.0,3.88,6.55,0.0
20230208:0711,0.0,0.0,0.0,4.9,6.69,0.0
20230208:0811,0.0,0.0,0.0,5.3,6.97,0.0
20230208:0911,59.68,48.96,6.65,5.33,7.24,0.0
20230208:1011,320.32,195.6,11.96,5.54,7.38,0.0
20230208:1111,273.5,170.2,15.65,5.89,7.72,0.0
20230208:1211,316.96,194.94,17.4,6.43,6.48,0.0
20230208:1311,348.42,212.22,17.05,6.68,7.24,0.0
20230208:1411,316.86,194.33,14.61,6.45,7.66,0.0
20230208:1511,137.62,94.65,10.34,6.12,7.86,0.0
20230208:1611,0.0,5.56,4.56,5.51,8.0,0.0
20230208:1711,0.0,0.0,0.0,4.91,6.97,0.0
20230208:1811,0.0,0.0,0.0,2.9,5.24,0.0
20230208:1911,0.0,0.0,0.0,2.28,4.55,0.0
20230208:2011,0.0,0.0,0.0,1.84,4.9,0.0
20230208:2111,0.0,0.0,0.0,1.76,4.97,0.0
20230208:2211,0.0,0.0,0.0,1.66,4.9,0.0
20230208:2311,0.0,0.0,0.0,1.46,5.03,0.0
20230209:0011,0.0,0.0,0.0,1.42,5.24,0.0
20230209:0111,0.0,0.0,0.0,1.46,5.86,0.0
20230209:0211,0.0,0.0,0.0,1.61,5.93,0.0
20230209:0311,0.0,0.0,0.0,1.68,5.86,0.0
20230209:0411,0.0,0.0,0.0,1.61,5.79,0.0
20230209:0511,0.0,0.0,0.0,1.61,5.66,0.0
20230209:0611,0.0,0.0,0.0,1.63,5.52,0.0
20230209:0711,0.0,0.0,0.0,2.24,5.93,0.0
20230209:0811,0.0,0.0,0.0,2.32,5.93,0.0
20230209:0911,9.6,14.83,6.93,2.81,5.93,0.0
20230209:1011,157.72,105.02,12.26,3.4,6.14,0.0
20230209:1111,302.9,185.41,15.96,3.91,5.31,0.0
20230209:1211,379.54,227.81,17.72,4.35,5.59,0.0
20230209:1311,123.5,86.48,17.36,4.51,5.66,0.0
20230209:1411,465.46,275.43,14.93,4.57,5.24,0.0
20230209:1511,322.24,196.85,10.64,4.52,5.1,0.0
20230209:1611,13.0,17.62,4.85,4.36,4.69,0.0
20230209:1711,0.0,0.0,0.0,4.02,4.14,0.0
20230209:1811,0.0,0.0,0.0,3.8,3.66,0.0
20230209:1911,0.0,0.0,0.0,4.07,3.52,0.0
20230209:2011,0.0,0.0,0.0,4.1,3.38,0.0
20230209:2111,0.0,0.0,0.0,4.16,3.31,0.0
20230209:2211,0.0,0.0,0.0,4.23,3.31,0.0
20230209:2311,0.0,0.0,0.0,4.25,3.38,0.0
20230210:0011,0.0,0.0,0.0,4.28,3.52,0.0
20230210:0111,0.0,0.0,0.0,4.5,4.07,0.0
20230210:0211,0.0,0.0,0.0,4.63,4.48,0.0
20230210:0311,0.0,0.0,0.0,4.61,4.69,0.0
20230210:0411,0.0,0.0,0.0,4.57,4.9,0.0
20230210:0511,0.0,0.0,0.0,4.74,5.17,0.0
20230210:0611,0.0,0.0,0.0,5.32,5.59,0.0
20230210:0711,0.0,0.0,0.0,6.09,5.93,0.0
20230210:0811,0.0,0.0,0.0,6.93,5.66,0.0
20230210:0911,108.22,78.71,7.22,7.48,6.07,0.0
20230210:1011,325.68,200.76,12.56,7.76,6.21,0.0
20230210:1111,275.6,173.22,16.28,8.0,6.14,0.0
20230210:1211,419.5,253.61,18.04,8.15,6.14,0.0
20230210:1311,645.34,381.84,17.69,8.27,6.07,0.0
20230210:1411,272.52,171.66,15.24,8.25,5.93,0.0
20230210:1511,72.62,57.41,10.95,8.22,5.59,0.0
20230210:1611,3.16,9.27,5.14,8.2,5.45,0.0
20230210:1711,0.0,0.0,0.0,8.14,5.38,0.0
20230210:1811,0.0,0.0,0.0,8.08,5.24,0.0
20230210:1911,0.0,0.0,0.0,8.38,5.52,0.0
20230210:2011,0.0,0.0,0.0,8.36,5.45,0.0
20230210:2111,0.0,0.0,0.0,8.4,5.31,0.0
20230210:2211,0.0,0.0,0.0,8.38,5.03,0.0
20230210:2311,0.0,0.0,0.0,8.28,4.69,0.0
20230211:0011,0.0,0.0,0.0,8.16,4.28,0.0
20230211:0111,0.0,0.0,0.0,8.1,4.0,0.0
20230211:0211,0.0,0.0,0.0,7.98,3.93,0.0
20230211:0311,0.0,0.0,0.0,7.88,3.93,0.0
20230211:0411,0.0,0.0,0.0,7.76,3.86,0.0
20230211:0511,0.0,0.0,0.0,7.67,3.86,0.0
20230211:0611,0.0,0.0,0.0,7.5,4.0,0.0
20230211:0711,0.0,0.0,0.0,7.64,3.93,0.0
20230211:0811,0.0,0.0,0.0,7.54,3.86,0.0
20230211:0911,7.14,12.98,7.51,7.43,3.86,0.0
20230211:1011,59.32,49.14,12.87,7.41,3.86,0.0
20230211:1111,49.0,42.65,16.6,7.62,4.07,0.0
20230211:1211,83.22,63.97,18.37,8.12,3.86,0.0
20230211:1311,185.72,123.76,18.01,8.4,4.14,0.0
20230211:1411,209.44,136.89,15.56,8.39,4.14,0.0
20230211:1511,69.3,55.45,11.26,8.35,4.21,0.0
20230211:1611,0.0,5.56,5.44,7.83,4.28,0.0
20230211:1711,0.0,0.0,0.0,7.16,4.07,0.0
20230211:1811,0.0,0.0,0.0,6.78,3.86,0.0
20230211:1911,0.0,0.0,0.0,7.02,3.66,0.0
20230211:2011,0.0,0.0,0.0,6.93,3.59,0.0
20230211:2111,0.0,0.0,0.0,6.91,3.66,0.0
20230211:2211,0.0,0.0,0.0,6.79,3.72,0.0
20230211:2311,0.0,0.0,0.0,6.65,3.79,0.0
20230212:0011,0.0,0.0,0.0,6.34,3.86,0.0
20230212:0111,0.0,0.0,0.0,6.1,3.93,0.0
20230212:0211,0.0,0.0,0.0,5.91,3.79,0.0
20230212:0311,0.0,0.0,0.0,5.76,3.59,0.0
20230212:0411,0.0,0.0,0.0,5.61,3.45,0.0
20230212:0511,0.0,0.0,0.0,5.71,3.52,0.0
20230212:0611,0.0,0.0,0.0,6.0,3.52,0.0
20230212:0711,0.0,0.0,0.0,6.13,3.38,0.0
20230212:0811,0.0,0.0,0.0,6.21,3.31,0.0
20230212:0911,85.68,65.03,7.81,6.26,3.38,0.0
20230212:1011,188.48,124.13,13.18,6.45,3.17,0.0
20230212:1111,409.56,248.1,16.92,6.8,3.72,0.0
20230212:1211,97.62,72.31,18.7,7.02,4.07,0.0
20230212:1311,111.74,80.66,18.34,6.99,4.0,0.0
20230212:1411,74.52,58.41,15.89,6.98,4.07,0.0
20230212:1511,40.54,37.08,11.57,7.0,3.79,0.0
20230212:1611,0.0,5.56,5.74,6.83,3.24,0.0
20230212:1711,0.0,0.0,0.0,6.36,2.83,0.0
20230212:1811,0.0,0.0,0.0,5.86,2.9,0.0
20230212:1911,0.0,0.0,0.0,5.72,2.9,0.0
20230212:2011,0.0,0.0,0.0,5.34,2.97,0.0
20230212:2111,0.0,0.0,0.0,4.97,2.97,0.0
20230212:2211,0.0,0.0,0.0,4.56,2.9,0.0
20230212:2311,0.0,0.0,0.0,4.17,2.69,0.0
20230213:0011,0.0,0.0,0.0,3.78,2.55,0.0
20230213:0111,0.0,0.0,0.0,3.34,2.34,0.0
20230213:0211,0.0,0.0,0.0,2.87,2.21,0.0
20230213:0311,0.0,0.0,0.0,2.7,2.07,0.0
20230213:0411,0.0,0.0,0.0,2.46,2.0,0.0
20230213:0511,0.0,0.0,0.0,2.28,1.93,0.0
20230213:0611,0.0,0.0,0.0,2.04,1.79,0.0
20230213:0711,0.0,0.0,0.0,2.32,1.79,0.0
20230213:0811,0.0,0.0,0.0,2.35,1.72,0.0
20230213:0911,525.66,317.08,8.12,2.74,1.52,0.0
20230213:1011,813.5,487.51,13.5,4.28,1.45,0.0
20230213:1111,1084.7,661.56,17.25,5.78,2.14,0.0
20230213:1211,1180.54,723.67,19.04,6.71,2.83,0.0
20230213:1311,1183.34,725.06,18.68,7.52,3.24,0.0
20230213:1411,1024.34,619.77,16.21,7.87,3.45,0.0
20230213:1511,740.86,445.18,11.88,7.81,3.31,0.0
20230213:1611,329.74,210.03,6.04,7.24,2.9,0.0
20230213:1711,0.0,0.0,0.0,6.35,2.48,0.0
20230213:1811,0.0,0.0,0.0,5.32,2.21,0.0
20230213:1911,0.0,0.0,0.0,4.58,2.14,0.0
20230213:2011,0.0,0.0,0.0,4.03,2.28,0.0
20230213:2111,0.0,0.0,0.0,3.57,2.28,0.0
20230213:2211,0.0,0.0,0.0,3.09,2.14,0.0
20230213:2311,0.0,0.0,0.0,2.51,2.14,0.0
20230214:0011,0.0,0.0,0.0,2.44,2.28,0.0
20230214:0111,0.0,0.0,0.0,2.4,2.34,0.0
20230214:0211,0.0,0.0,0.0,2.58,2.28,0.0
20230214:0311,0.0,0.0,0.0,2.52,2.28,0.0
20230214:0411,0.0,0.0,0.0,2.31,2.34,0.0
20230214:0511,0.0,0.0,0.0,2.39,2.62,0.0
20230214:0611,0.0,0.0,0.0,2.73,2.9,0.0
20230214:0711,0.0,0.0,0.0,2.91,3.24,0.0
20230214:0811,0.0,0.87,1.78,3.07,3.03,0.0
20230214:0911,434.98,263.61,8.42,3.72,2.76,0.0
20230214:1011,176.52,116.81,13.82,4.99,2.69,0.0
20230214:1111,676.34,402.07,17.58,6.59,3.24,0.0
20230214:1211,320.06,199.17,19.37,7.89,3.86,0.0
20230214:1311,420.42,256.25,19.01,8.75,4.21,0.0
20230214:1411,148.68,102.75,16.54,8.93,4.0,0.0
20230214:1511,242.88,156.12,12.2,8.87,3.93,0.0
20230214:1611,31.56,31.39,6.35,8.6,4.0,0.0
20230214:1711,0.0,0.0,0.0,8.33,3.93,0.0
20230214:1811,0.0,0.0,0.0,8.3,4.0,0.0
20230214:1911,0.0,0.0,0.0,8.36,4.34,0.0
20230214:2011,0.0,0.0,0.0,8.57,4.41,0.0
20230214:2111,0.0,0.0,0.0,8.27,4.41,0.0
20230214:2211,0.0,0.0,0.0,7.85,4.34,0.0
20230214:2311,0.0,0.0,0.0,7.79,4.41,0.0
20230215:0011,0.0,0.0,0.0,7.71,4.41,0.0
20230215:0111,0.0,0.0,0.0,7.55,4.55,0.0
20230215:0211,0.0,0.0,0.0,7.39,4.62,0.0
20230215:0311,0.0,0.0,0.0,7.23,4.76,0.0
20230215:0411,0.0,0.0,0.0,7.14,4.83,0.0
20230215:0511,0.0,0.0,0.0,7.08,4.97,0.0
20230215:0611,0.0,0.0,0.0,6.77,5.03,0.0
20230215:0711,0.0,0.0,0.0,6.27,4.83,0.0
20230215:0811,0.0,1.75,2.09,5.88,4.62,0.0
20230215:0911,11.74,16.69,8.74,5.42,4.55,0.0
20230215:1011,60.0,49.14,14.15,5.24,4.21,0.0
20230215:1111,967.08,571.9,17.92,5.03,4.0,0.0
20230215:1211,1180.68,708.07,19.72,5.22,4.07,0.0
20230215:1311,1049.1,621.36,19.35,5.81,4.9,0.0
20230215:1411,671.74,394.76,16.87,6.0,5.1,0.0
20230215:1511,70.36,55.63,12.52,6.03,5.38,0.0
20230215:1611,17.8,21.32,6.65,5.81,5.31,0.0
20230215:1711,0.0,0.0,0.0,5.6,5.45,0.0
20230215:1811,0.0,0.0,0.0,5.42,4.9,0.0
20230215:1911,0.0,0.0,0.0,5.64,4.41,0.0
20230215:2011,0.0,0.0,0.0,5.27,3.93,0.0
20230215:2111,0.0,0.0,0.0,4.9,3.52,0.0
20230215:2211,0.0,0.0,0.0,4.56,3.1,0.0
20230215:2311,0.0,0.0,0.0,4.18,2.76,0.0
20230216:0011,0.0,0.0,0.0,4.05,2.41,0.0
20230216:0111,0.0,0.0,0.0,3.69,2.14,0.0
20230216:0211,0.0,0.0,0.0,3.33,1.79,0.0
20230216:0311,0.0,0.0,0.0,2.84,1.72,0.0
20230216:0411,0.0,0.0,0.0,2.64,1.66,0.0
20230216:0511,0.0,0.0,0.0,2.38,1.66,0.0
20230216:0611,0.0,0.0,0.0,2.24,1.59,0.0
20230216:0711,0.0,0.0,0.0,2.23,1.24,0.0
20230216:0811,0.0,0.87,2.39,2.42,1.1,0.0
20230216:0911,60.58,49.15,9.05,2.91,0.97,0.0
20230216:1011,104.16,75.38,14.48,3.79,1.03,0.0
20230216:1111,368.82,224.97,18.26,4.26,1.1,0.0
20230216:1211,146.4,100.1,20.06,4.41,1.31,0.0
20230216:1311,119.16,84.37,19.7,4.47,1.79,0.0
20230216:1411,86.14,64.9,17.21,4.48,2.14,0.0
20230216:1511,82.32,62.51,12.84,4.26,2.0,0.0
20230216:1611,36.02,33.82,6.96,4.06,2.21,0.0
20230216:1711,0.0,0.0,0.0,3.7,2.28,0.0
20230216:1811,0.0,0.0,0.0,3.37,2.21,0.0
20230216:1911,0.0,0.0,0.0,4.22,1.72,0.0
20230216:2011,0.0,0.0,0.0,4.37,1.93,0.0
20230216:2111,0.0,0.0,0.0,4.6,2.07,0.0
20230216:2211,0.0,0.0,0.0,5.06,2.55,0.0
20230216:2311,0.0,0.0,0.0,6.19,3.79,0.0
20230217:0011,0.0,0.0,0.0,7.92,5.24,0.0
20230217:0111,0.0,0.0,0.0,8.83,6.28,0.0
20230217:0211,0.0,0.0,0.0,9.07,7.1,0.0
20230217:0311,0.0,0.0,0.0,9.24,8.0,0.0
20230217:0411,0.0,0.0,0.0,8.67,8.83,0.0
20230217:0511,0.0,0.0,0.0,8.1,9.59,0.0
20230217:0611,0.0,0.0,0.0,6.7,9.31,0.0
20230217:0711,0.0,0.0,0.0,5.26,8.48,0.0
20230217:0811,0.42,6.12,2.7,4.37,7.1,0.0
20230217:0911,15.46,19.47,9.37,4.24,6.76,0.0
20230217:1011,188.04,122.69,14.81,4.51,5.52,0.0
20230217:1111,361.18,218.45,18.6,4.87,5.59,0.0
20230217:1211,209.62,135.45,20.41,5.13,5.38,0.0
20230217:1311,327.46,200.66,20.04,5.42,5.38,0.0
20230217:1411,666.2,390.59,17.55,5.53,5.24,0.0
20230217:1511,387.1,233.83,13.16,5.19,4.34,0.0
20230217:1611,95.66,70.97,7.27,4.84,3.86,0.0
20230217:1711,0.0,0.0,0.0,4.44,3.38,0.0
20230217:1811,0.0,0.0,0.0,4.07,2.83,0.0
20230217:1911,0.0,0.0,0.0,4.05,2.55,0.0
20230217:2011,0.0,0.0,0.0,3.87,2.21,0.0
20230217:2111,0.0,0.0,0.0,3.7,1.93,0.0
20230217:2211,0.0,0.0,0.0,3.48,1.86,0.0
20230217:2311,0.0,0.0,0.0,3.14,1.59,0.0
20230218:0011,0.0,0.0,0.0,2.67,1.24,0.0
20230218:0111,0.0,0.0,0.0,2.47,0.97,0.0
20230218:0211,0.0,0.0,0.0,2.32,0.83,0.0
20230218:0311,0.0,0.0,0.0,2.06,1.31,0.0
20230218:0411,0.0,0.0,0.0,1.64,1.45,0.0
20230218:0511,0.0,0.0,0.0,1.39,1.38,0.0
20230218:0611,0.0,0.0,0.0,1.35,1.31,0.0
20230218:0711,0.0,0.0,0.0,1.59,1.59,0.0
20230218:0811,0.0,4.37,3.01,1.45,1.31,0.0
20230218:0911,133.9,91.93,9.7,1.67,0.76,0.0
20230218:1011,63.74,50.99,15.15,2.38,1.1,0.0
20230218:1111,203.94,132.01,18.95,2.95,0.83,0.0
20230218:1211,180.94,119.5,20.76,3.43,0.83,0.0
20230218:1311,427.24,258.51,20.39,3.83,0.62,0.0
20230218:1411,343.56,211.12,17.88,4.04,0.48,0.0
20230218:1511,107.82,77.6,13.49,4.06,0.62,0.0
20230218:1611,34.02,32.45,7.58,3.97,0.9,0.0
20230218:1711,0.0,0.0,0.0,3.73,0.97,0.0
20230218:1811,0.0,0.0,0.0,3.28,1.17,0.0
20230218:1911,0.0,0.0,0.0,2.69,1.38,0.0
20230218:2011,0.0,0.0,0.0,1.87,1.03,0.0
20230218:2111,0.0,0.0,0.0,2.03,0.69,0.0
20230218:2211,0.0,0.0,0.0,0.83,1.52,0.0
20230218:2311,0.0,0.0,0.0,0.28,1.66,0.0
20230219:0011,0.0,0.0,0.0,-0.1,1.79,0.0
20230219:0111,0.0,0.0,0.0,-0.05,2.0,0.0
20230219:0211,0.0,0.0,0.0,-0.06,2.28,0.0
20230219:0311,0.0,0.0,0.0,0.21,2.55,0.0
20230219:0411,0.0,0.0,0.0,0.38,2.62,0.0
20230219:0511,0.0,0.0,0.0,0.43,2.9,0.0
20230219:0611,0.0,0.0,0.0,1.21,3.38,0.0
20230219:0711,0.0,0.0,0.0,2.78,3.93,0.0
20230219:0811,0.0,3.5,3.33,3.71,4.28,0.0
20230219:0911,46.78,40.79,10.03,4.89,4.48,0.0
20230219:1011,25.56,26.89,15.49,5.96,4.55,0.0
20230219:1111,107.28,77.88,19.3,6.68,4.9,0.0
20230219:1211,97.74,72.31,21.12,7.05,5.66,0.0
20230219:1311,156.56,106.51,20.74,7.21,6.55,0.0
20230219:1411,633.04,372.45,18.23,7.28,6.97,0.0
20230219:1511,126.94,89.22,13.81,7.34,7.31,0.0
20230219:1611,104.1,76.56,7.89,7.59,7.59,0.0
20230219:1711,0.0,0.0,0.0,7.79,7.59,0.0
20230219:1811,0.0,0.0,0.0,8.02,7.38,0.0
20230219:1911,0.0,0.0,0.0,8.27,7.79,0.0
20230219:2011,0.0,0.0,0.0,8.23,7.93,0.0
20230219:2111,0.0,0.0,0.0,8.11,8.21,0.0
20230219:2211,0.0,0.0,0.0,8.18,8.55,0.0
20230219:2311,0.0,0.0,0.0,8.4,8.62,0.0
20230220:0011,0.0,0.0,0.0,8.59,8.62,0.0
20230220:0111,0.0,0.0,0.0,8.77,8.62,0.0
20230220:0211,0.0,0.0,0.0,8.97,8.34,0.0
20230220:0311,0.0,0.0,0.0,9.05,7.24,0.0
20230220:0411,0.0,0.0,0.0,8.58,6.28,0.0
20230220:0511,0.0,0.0,0.0,7.67,5.93,0.0
20230220:0611,0.0,0.0,0.0,6.62,5.86,0.0
20230220:0711,0.0,0.0,0.0,5.71,5.59,0.0
20230220:0811,1.48,7.42,3.65,5.41,5.31,0.0
20230220:0911,388.18,236.25,10.36,5.43,5.24,0.0
20230220:1011,405.12,243.78,15.84,5.71,5.1,0.0
20230220:1111,358.14,218.46,19.66,6.25,5.03,0.0
20230220:1211,792.5,466.26,21.48,6.97,5.79,0.0
20230220:1311,867.92,511.7,21.1,7.11,5.66,0.0
20230220:1411,615.16,364.45,18.57,7.07,4.9,0.0
20230220:1511,683.98,406.32,14.14,6.92,4.34,0.0
20230220:1611,378.06,235.65,8.2,6.66,3.93,0.0
20230220:1711,0.0,0.0,0.0,6.1,3.31,0.0
20230220:1811,0.0,0.0,0.0,5.58,3.1,0.0
20230220:1911,0.0,0.0,0.0,5.53,2.62,0.0
20230220:2011,0.0,0.0,0.0,5.42,2.41,0.0
20230220:2111,0.0,0.0,0.0,5.3,2.41,0.0
20230220:2211,0.0,0.0,0.0,5.29,2.21,0.0
20230220:2311,0.0,0.0,0.0,5.33,2.0,0.0
20230221:0011,0.0,0.0,0.0,5.43,1.93,0.0
20230221:0111,0.0,0.0,0.0,5.88,2.0,0.0
20230221:0211,0.0,0.0,0.0,6.61,2.34,0.0
20230221:0311,0.0,0.0,0.0,7.19,2.28,0.0
20230221:0411,0.0,0.0,0.0,7.49,2.21,0.0
20230221:0511,0.0,0.0,0.0,7.64,2.41,0.0
20230221:0611,0.0,0.0,0.0,7.69,2.41,0.0
20230221:0711,0.0,0.0,0.0,7.94,2.83,0.0
20230221:0811,6.08,12.05,3.98,8.02,3.03,0.0
20230221:0911,475.34,291.03,10.7,8.24,3.38,0.0
20230221:1011,86.12,65.82,16.18,8.45,3.72,0.0
20230221:1111,84.42,64.9,20.02,8.86,3.72,0.0
20230221:1211,132.54,93.64,21.84,9.19,4.28,0.0
20230221:1311,76.7,60.26,21.46,9.27,4.41,0.0
20230221:1411,603.2,362.38,18.91,9.2,4.07,0.0
20230221:1511,323.58,202.13,14.47,9.25,4.14,0.0
20230221:1611,440.64,274.62,8.51,9.01,4.34,0.0
20230221:1711,0.0,0.0,0.0,8.37,4.14,0.0
20230221:1811,0.0,0.0,0.0,7.84,3.93,0.0
20230221:1911,0.0,0.0,0.0,7.56,3.93,0.0
20230221:2011,0.0,0.0,0.0,7.44,3.79,0.0
20230221:2111,0.0,0.0,0.0,7.5,3.66,0.0
20230221:2211,0.0,0.0,0.0,7.57,3.31,0.0
20230221:2311,0.0,0.0,0.0,7.54,2.62,0.0
20230222:0011,0.0,0.0,0.0,7.08,2.28,0.0
20230222:0111,0.0,0.0,0.0,6.01,2.97,0.0
20230222:0211,0.0,0.0,0.0,4.66,3.03,0.0
20230222:0311,0.0,0.0,0.0,3.57,2.28,0.0
20230222:0411,0.0,0.0,0.0,3.27,2.0,0.0
20230222:0511,0.0,0.0,0.0,3.15,1.79,0.0
20230222:0611,0.0,0.0,0.0,3.03,1.72,0.0
20230222:0711,0.0,0.0,0.0,3.06,1.24,0.0
20230222:0811,1.54,7.42,4.31,3.01,1.38,0.0
20230222:0911,86.38,64.77,11.04,3.44,1.59,0.0
20230222:1011,921.48,552.39,16.54,4.0,1.86,0.0
20230222:1111,560.88,332.46,20.38,4.49,2.9,0.0
20230222:1211,191.5,125.72,22.2,4.86,3.1,0.0
20230222:1311,112.56,80.66,21.82,5.28,3.1,0.0
20230222:1411,31.12,30.59,19.26,5.0,3.17,0.0
20230222:1511,293.56,182.08,14.8,4.78,3.17,0.0
20230222:1611,464.26,283.19,8.83,4.07,3.17,0.0
20230222:1711,0.0,0.87,1.77,3.28,3.31,0.0
20230222:1811,0.0,0.0,0.0,2.49,2.69,0.0
20230222:1911,0.0,0.0,0.0,2.25,2.21,0.0
20230222:2011,0.0,0.0,0.0,1.62,1.86,0.0
20230222:2111,0.0,0.0,0.0,1.13,1.79,0.0
20230222:2211,0.0,0.0,0.0,0.82,1.79,0.0
20230222:2311,0.0,0.0,0.0,0.39,1.66,0.0
20230223:0011,0.0,0.0,0.0,0.24,1.66,0.0
20230223:0111,0.0,0.0,0.0,-0.2,1.66,0.0
20230223:0211,0.0,0.0,0.0,-0.83,1.86,0.0
20230223:0311,0.0,0.0,0.0,-1.19,1.93,0.0
20230223:0411,0.0,0.0,0.0,-1.41,2.14,0.0
20230223:0511,0.0,0.0,0.0,-1.03,2.21,0.0
20230223:0611,0.0,0.0,0.0,-0.98,2.41,0.0
20230223:0711,0.0,0.0,0.0,-0.5,2.69,0.0
20230223:0811,0.0,3.71,4.64,0.0,2.9,0.0
20230223:0911,221.4,140.42,11.38,1.38,3.1,0.0
20230223:1011,139.76,95.42,16.89,2.93,2.97,0.0
20230223:1111,38.3,35.23,20.74,4.11,3.72,0.0
20230223:1211,97.14,71.39,22.57,4.84,4.48,0.0
20230223:1311,103.16,75.1,22.18,5.42,4.62,0.0
20230223:1411,76.46,59.33,19.61,5.97,4.76,0.0
20230223:1511,76.4,59.33,15.13,6.15,5.03,0.0
20230223:1611,62.94,51.18,9.14,6.13,4.69,0.0
20230223:1711,0.0,1.75,2.07,5.83,4.48,0.0
20230223:1811,0.0,0.0,0.0,5.69,4.48,0.0
20230223:1911,0.0,0.0,0.0,6.12,4.62,0.0
20230223:2011,0.0,0.0,0.0,6.21,4.48,0.0
20230223:2111,0.0,0.0,0.0,6.27,4.34,0.0
20230223:2211,0.0,0.0,0.0,6.37,4.07,0.0
20230223:2311,0.0,0.0,0.0,6.44,3.72,0.0
20230224:0011,0.0,0.0,0.0,6.42,3.38,0.0
20230224:0111,0.0,0.0,0.0,6.18,3.17,0.0
20230224:0211,0.0,0.0,0.0,5.89,3.17,0.0
20230224:0311,0.0,0.0,0.0,5.44,3.03,0.0
20230224:0411,0.0,0.0,0.0,4.82,2.83,0.0
20230224:0511,0.0,0.0,0.0,4.45,2.62,0.0
20230224:0611,0.0,0.0,0.0,4.09,2.41,0.0
20230224:0711,0.0,0.0,0.0,4.04,2.41,0.0
20230224:0811,7.3,12.98,4.98,4.16,2.55,0.0
20230224:0911,55.7,46.36,11.73,4.39,2.76,0.0
20230224:1011,333.08,204.24,17.25,4.87,3.03,0.0
20230224:1111,684.58,404.39,21.11,5.0,3.31,0.0
20230224:1211,669.0,394.96,22.94,5.04,3.59,0.0
20230224:1311,439.08,263.66,22.54,5.25,3.93,0.0
20230224:1411,528.94,314.04,19.96,5.21,3.79,0.0
20230224:1511,137.22,94.62,15.47,4.99,3.86,0.0
20230224:1611,499.66,303.96,9.46,4.5,3.31,0.0
20230224:1711,0.0,1.75,2.37,3.7,2.9,0.0
20230224:1811,0.0,0.0,0.0,3.06,2.76,0.0
20230224:1911,0.0,0.0,0.0,2.39,2.48,0.0
20230224:2011,0.0,0.0,0.0,2.02,2.34,0.0
20230224:2111,0.0,0.0,0.0,1.7,2.28,0.0
20230224:2211,0.0,0.0,0.0,1.51,2.0,0.0
20230224:2311,0.0,0.0,0.0,1.17,1.79,0.0
20230225:0011,0.0,0.0,0.0,1.09,1.72,0.0
20230225:0111,0.0,0.0,0.0,1.07,1.66,0.0
20230225:0211,0.0,0.0,0.0,0.87,1.66,0.0
20230225:0311,0.0,0.0,0.0,0.92,1.66,0.0
20230225:0411,0.0,0.0,0.0,0.88,1.66,0.0
20230225:0511,0.0,0.0,0.0,0.82,1.59,0.0
20230225:0611,0.0,0.0,0.0,0.87,1.66,0.0
20230225:0711,0.0,0.0,0.0,0.89,1.72,0.0
20230225:0811,5.34,11.13,5.32,0.87,2.0,0.0
20230225:0911,162.08,107.39,12.08,1.16,2.14,0.0
20230225:1011,112.96,79.73,17.61,1.69,3.24,0.0
20230225:1111,150.1,101.05,21.48,2.15,3.72,0.0
20230225:1211,91.84,67.68,23.31,2.5,3.52,0.0
20230225:1311,311.68,191.2,22.91,2.82,3.17,0.0
20230225:1411,362.62,219.22,20.31,2.86,2.83,0.0
20230225:1511,189.84,123.53,15.8,2.87,2.62,0.0
20230225:1611,48.72,41.72,9.78,2.74,2.55,0.0
20230225:1711,0.0,2.78,2.68,2.37,2.07,0.0
20230225:1811,0.0,0.0,0.0,1.77,1.72,0.0
20230225:1911,0.0,0.0,0.0,1.28,1.38,0.0
20230225:2011,0.0,0.0,0.0,0.33,1.17,0.0
20230225:2111,0.0,0.0,0.0,-0.08,1.1,0.0
20230225:2211,0.0,0.0,0.0,0.21,0.97,0.0
20230225:2311,0.0,0.0,0.0,0.87,0.76,0.0
20230226:0011,0.0,0.0,0.0,0.8,0.48,0.0
20230226:0111,0.0,0.0,0.0,0.78,0.41,0.0
20230226:0211,0.0,0.0,0.0,0.64,0.62,0.0
20230226:0311,0.0,0.0,0.0,0.42,0.69,0.0
20230226:0411,0.0,0.0,0.0,-0.05,0.76,0.0
20230226:0511,0.0,0.0,0.0,-0.47,0.76,0.0
20230226:0611,0.0,0.0,0.0,-0.88,0.9,0.0
20230226:0711,0.0,0.0,0.0,-0.72,0.48,0.0
20230226:0811,240.1,160.47,5.66,-0.77,0.48,0.0
20230226:0911,662.1,394.61,12.44,0.01,0.41,0.0
20230226:1011,933.2,563.5,17.98,1.79,0.48,0.0
20230226:1111,1213.9,761.36,21.85,3.12,0.55,0.0
20230226:1211,1129.82,704.14,23.69,4.17,0.62,0.0
20230226:1311,1246.5,793.26,23.27,5.05,0.62,0.0
20230226:1411,1147.2,723.17,20.67,5.64,0.55,0.0
20230226:1511,889.96,547.89,16.14,5.87,0.48,0.0
20230226:1611,545.56,337.55,10.09,5.72,0.69,0.0
20230226:1711,3.24,9.27,2.98,4.89,1.1,0.0
20230226:1811,0.0,0.0,0.0,2.59,1.17,0.0
20230226:1911,0.0,0.0,0.0,2.96,1.03,0.0
20230226:2011,0.0,0.0,0.0,3.02,0.83,0.0
20230226:2111,0.0,0.0,0.0,2.5,0.48,0.0
20230226:2211,0.0,0.0,0.0,2.07,0.21,0.0
20230226:2311,0.0,0.0,0.0,1.66,0.0,0.0
20230227:0011,0.0,0.0,0.0,1.24,0.14,0.0
20230227:0111,0.0,0.0,0.0,0.92,0.34,0.0
20230227:0211,0.0,0.0,0.0,0.52,0.62,0.0
20230227:0311,0.0,0.0,0.0,0.19,0.69,0.0
20230227:0411,0.0,0.0,0.0,-0.11,0.62,0.0
20230227:0511,0.0,0.0,0.0,-0.4,0.55,0.0
20230227:0611,0.0,0.0,0.0,-1.45,0.62,0.0
20230227:0711,0.0,0.0,0.0,-2.63,0.55,0.0
20230227:0811,197.74,132.62,6.01,-2.6,0.28,0.0
20230227:0911,342.6,207.06,12.79,-1.6,0.14,0.0
20230227:1011,398.56,238.39,18.35,-0.32,0.28,0.0
20230227:1111,329.5,201.26,22.23,0.99,0.41,0.0
20230227:1211,89.94,66.75,24.06,2.52,0.69,0.0
20230227:1311,220.26,141.85,23.64,3.42,0.83,0.0
20230227:1411,198.98,129.99,21.02,3.92,0.9,0.0
20230227:1511,212.78,137.52,16.47,4.18,1.03,0.0
20230227:1611,119.6,84.63,10.41,3.92,1.31,0.0
20230227:1711,0.0,3.71,3.28,3.0,1.52,0.0
20230227:1811,0.0,0.0,0.0,1.43,1.59,0.0
20230227:1911,0.0,0.0,0.0,-0.21,1.45,0.0
20230227:2011,0.0,0.0,0.0,-0.04,1.1,0.0
20230227:2111,0.0,0.0,0.0,1.03,0.62,0.0
20230227:2211,0.0,0.0,0.0,0.88,0.28,0.0
20230227:2311,0.0,0.0,0.0,0.61,0.28,0.0
20230228:0011,0.0,0.0,0.0,0.16,0.28,0.0
20230228:0111,0.0,0.0,0.0,-0.21,0.55,0.0
20230228:0211,0.0,0.0,0.0,-0.82,0.76,0.0
20230228:0311,0.0,0.0,0.0,-0.58,0.9,0.0
20230228:0411,0.0,0.0,0.0,-0.52,0.9,0.0
20230228:0511,0.0,0.0,0.0,-0.56,0.9,0.0
20230228:0611,0.0,0.0,0.0,-0.66,0.9,0.0
20230228:0711,0.0,0.0,0.0,-0.19,0.76,0.0
20230228:0811,29.84,29.45,6.36,-0.01,0.83,0.0
20230228:0911,71.8,55.63,13.15,1.13,0.55,0.0
20230228:1011,76.08,58.41,18.72,2.09,0.48,0.0
20230228:1111,150.36,101.98,22.61,3.09,1.03,0.0
20230228:1211,63.3,50.99,24.44,3.93,1.79,0.0
20230228:1311,478.06,287.07,24.02,4.35,1.93,0.0
20230228:1411,158.92,107.21,21.38,4.44,2.0,0.0
20230228:1511,101.82,74.17,16.81,4.4,2.0,0.0
20230228:1611,63.34,51.09,10.73,4.22,1.86,0.0
20230228:1711,0.0,5.56,3.59,4.01,1.66,0.0
20230228:1811,0.0,0.0,0.0,3.61,1.45,0.0
20230228:1911,0.0,0.0,0.0,3.08,1.66,0.0
20230228:2011,0.0,0.0,0.0,2.91,1.66,0.0
20230228:2111,0.0,0.0,0.0,2.49,1.45,0.0
20230228:2211,0.0,0.0,0.0,2.3,1.31,0.0
20230228:2311,0.0,0.0,0.0,2.01,1.31,0.0
20230301:0011,0.0,0.0,0.0,1.84,1.31,0.0
20230301:0111,0.0,0.0,0.0,1.57,1.31,0.0
20230301:0211,0.0,0.0,0.0,1.55,1.31,0.0
20230301:0311,0.0,0.0,0.0,1.64,1.45,0.0
20230301:0411,0.0,0.0,0.0,1.97,1.59,0.0
20230301:0511,0.0,0.0,0.0,2.04,1.86,0.0
20230301:0611,0.0,0.0,0.0,2.17,2.14,0.0
20230301:0711,0.0,0.0,0.0,2.05,2.28,0.0
20230301:0811,47.38,41.17,6.71,1.96,2.28,0.0
20230301:0911,66.82,52.85,13.51,2.51,2.07,0.0
20230301:1011,456.88,272.47,19.09,3.18,2.48,0.0
20230301:1111,91.12,67.68,22.99,4.01,3.03,0.0
20230301:1211,84.66,63.97,24.82,4.49,3.1,0.0
20230301:1311,108.04,77.88,24.39,4.92,3.38,0.0
20230301:1411,67.52,53.77,21.73,5.12,3.03,0.0
20230301:1511,124.88,87.83,17.15,5.27,2.48,0.0
20230301:1611,125.24,88.22,11.05,5.11,1.86,0.0
20230301:1711,16.28,20.74,3.89,4.89,1.86,0.0
20230301:1811,0.0,0.0,0.0,4.28,1.72,0.0
20230301:1911,0.0,0.0,0.0,3.46,1.79,0.0
20230301:2011,0.0,0.0,0.0,3.2,2.14,0.0
20230301:2111,0.0,0.0,0.0,3.5,2.62,0.0
20230301:2211,0.0,0.0,0.0,3.25,2.62,0.0
20230301:2311,0.0,0.0,0.0,3.03,2.34,0.0
20230302:0011,0.0,0.0,0.0,2.8,2.0,0.0
20230302:0111,0.0,0.0,0.0,2.73,1.79,0.0
20230302:0211,0.0,0.0,0.0,2.12,1.66,0.0
20230302:0311,0.0,0.0,0.0,2.15,1.66,0.0
20230302:0411,0.0,0.0,0.0,2.29,1.72,0.0
20230302:0511,0.0,0.0,0.0,2.32,1.79,0.0
20230302:0611,0.0,0.0,0.0,2.46,1.93,0.0
20230302:0711,0.0,0.0,0.0,2.45,2.0,0.0
20230302:0811,78.26,60.9,7.06,2.57,1.93,0.0
20230302:0911,111.8,79.49,13.88,3.05,2.55,0.0
20230302:1011,261.4,163.9,19.47,3.69,2.97,0.0
20230302:1111,216.64,139.81,23.37,4.57,2.97,0.0
20230302:1211,234.08,149.92,25.21,4.96,3.03,0.0
20230302:1311,175.3,116.82,24.76,5.1,2.9,0.0
20230302:1411,131.76,91.78,22.09,5.07,2.76,0.0
20230302:1511,114.28,81.59,17.49,4.97,2.83,0.0
20230302:1611,152.96,104.01,11.37,4.68,2.76,0.0
20230302:1711,6.24,12.05,4.2,4.22,2.34,0.0
20230302:1811,0.0,0.0,0.0,3.44,1.86,0.0
20230302:1911,0.0,0.0,0.0,3.05,1.66,0.0
20230302:2011,0.0,0.0,0.0,2.19,1.45,0.0
20230302:2111,0.0,0.0,0.0,1.33,1.31,0.0
20230302:2211,0.0,0.0,0.0,1.25,1.1,0.0
20230302:2311,0.0,0.0,0.0,1.75,0.97,0.0
20230303:0011,0.0,0.0,0.0,1.95,0.9,0.0
20230303:0111,0.0,0.0,0.0,1.45,0.9,0.0
20230303:0211,0.0,0.0,0.0,1.29,0.9,0.0
20230303:0311,0.0,0.0,0.0,0.47,0.83,0.0
20230303:0411,0.0,0.0,0.0,-0.05,0.83,0.0
20230303:0511,0.0,0.0,0.0,-0.44,0.83,0.0
20230303:0611,0.0,0.0,0.0,-0.38,0.69,0.0
20230303:0711,0.0,0.0,0.0,0.41,0.55,0.0
20230303:0811,69.0,54.54,7.42,0.52,0.48,0.0
20230303:0911,107.76,76.76,14.25,1.06,0.41,0.0
20230303:1011,133.26,91.78,19.84,1.94,0.62,0.0
20230303:1111,149.06,101.05,23.76,2.57,0.83,0.0
20230303:1211,138.9,95.49,25.59,3.38,1.1,0.0
20230303:1311,401.88,244.49,25.14,4.0,1.17,0.0
20230303:1411,357.2,219.15,22.45,4.41,1.31,0.0
20230303:1511,282.44,176.89,17.82,4.6,1.45,0.0
20230303:1611,164.74,110.9,11.69,4.56,1.59,0.0
20230303:1711,7.3,12.98,4.5,4.03,1.38,0.0
20230303:1811,0.0,0.0,0.0,3.1,1.38,0.0
20230303:1911,0.0,0.0,0.0,2.11,1.24,0.0
20230303:2011,0.0,0.0,0.0,1.39,1.31,0.0
20230303:2111,0.0,0.0,0.0,1.57,1.03,0.0
20230303:2211,0.0,0.0,0.0,1.98,0.9,0.0
20230303:2311,0.0,0.0,0.0,1.21,1.03,0.0
20230304:0011,0.0,0.0,0.0,0.59,1.17,0.0
20230304:0111,0.0,0.0,0.0,0.06,1.24,0.0
20230304:0211,0.0,0.0,0.0,-0.31,1.31,0.0
20230304:0311,0.0,0.0,0.0,-0.69,1.45,0.0
20230304:0411,0.0,0.0,0.0,-0.47,1.45,0.0
20230304:0511,0.0,0.0,0.0,0.0,1.52,0.0
20230304:0611,0.0,0.0,0.0,0.57,1.52,0.0
20230304:0711,0.0,0.0,0.0,1.04,1.45,0.0
20230304:0811,89.24,67.13,7.78,1.3,1.38,0.0
20230304:0911,204.4,131.66,14.62,1.8,1.1,0.0
20230304:1011,132.8,91.78,20.22,2.85,1.03,0.0
20230304:1111,257.24,162.63,24.14,3.5,1.1,0.0
20230304:1211,144.9,99.2,25.98,3.83,0.69,0.0
20230304:1311,482.94,292.45,25.51,4.29,0.48,0.0
20230304:1411,381.42,234.02,22.81,4.28,0.21,0.0
20230304:1511,368.46,226.38,18.16,4.34,0.21,0.0
20230304:1611,258.46,164.92,12.01,4.24,0.48,0.0
20230304:1711,9.52,14.83,4.81,3.91,0.41,0.0
20230304:1811,0.0,0.0,0.0,3.87,0.34,0.0
20230304:1911,0.0,0.0,0.0,2.56,1.1,0.0
20230304:2011,0.0,0.0,0.0,2.58,1.52,0.0
20230304:2111,0.0,0.0,0.0,2.66,1.86,0.0
20230304:2211,0.0,0.0,0.0,2.47,2.0,0.0
20230304:2311,0.0,0.0,0.0,2.22,2.07,0.0
20230305:0011,0.0,0.0,0.0,1.84,2.14,0.0
20230305:0111,0.0,0.0,0.0,1.51,2.21,0.0
20230305:0211,0.0,0.0,0.0,1.37,2.34,0.0
20230305:0311,0.0,0.0,0.0,1.36,2.34,0.0
20230305:0411,0.0,0.0,0.0,1.35,2.28,0.0
20230305:0511,0.0,0.0,0.0,1.26,2.21,0.0
20230305:0611,0.0,0.0,0.0,1.31,2.07,0.0
20230305:0711,0.0,0.0,0.0,1.48,1.86,0.0
20230305:0811,78.2,60.27,8.14,1.62,1.79,0.0
20230305:0911,173.0,114.15,14.99,2.3,1.72,0.0
20230305:1011,162.98,108.97,20.61,3.1,1.86,0.0
20230305:1111,422.52,255.35,24.53,3.9,1.72,0.0
20230305:1211,579.46,346.78,26.37,3.88,1.17,0.0
20230305:1311,655.76,392.91,25.89,3.69,0.76,0.0
20230305:1411,520.12,311.85,23.17,3.36,0.76,0.0
20230305:1511,591.5,353.07,18.5,3.16,0.9,0.0
20230305:1611,211.38,136.69,12.33,2.71,1.1,0.0
20230305:1711,4.28,10.2,5.12,2.07,1.17,0.0
20230305:1811,0.0,0.0,0.0,1.31,0.97,0.0
20230305:1911,0.0,0.0,0.0,1.81,0.55,0.0
20230305:2011,0.0,0.0,0.0,1.09,1.03,0.0
20230305:2111,0.0,0.0,0.0,1.13,1.38,0.0
20230305:2211,0.0,0.0,0.0,1.69,1.79,0.0
20230305:2311,0.0,0.0,0.0,2.17,2.41,0.0
20230306:0011,0.0,0.0,0.0,2.34,2.83,0.0
20230306:0111,0.0,0.0,0.0,2.41,2.97,0.0
20230306:0211,0.0,0.0,0.0,2.36,2.76,0.0
20230306:0311,0.0,0.0,0.0,2.1,2.97,0.0
20230306:0411,0.0,0.0,0.0,1.76,3.1,0.0
20230306:0511,0.0,0.0,0.0,1.14,3.03,0.0
20230306:0611,0.0,0.0,0.0,0.37,3.66,0.0
20230306:0711,0.0,0.0,0.0,0.02,3.86,0.0
20230306:0811,141.84,97.57,8.51,-0.3,3.72,0.0
20230306:0911,27.8,27.81,15.36,-0.25,3.66,0.0
20230306:1011,279.48,171.34,20.99,0.37,3.93,0.0
20230306:1111,161.12,106.62,24.92,0.66,3.93,0.0
20230306:1211,180.46,117.74,26.76,1.31,4.0,0.0
20230306:1311,249.56,156.13,26.27,1.48,4.0,0.0
20230306:1411,181.12,118.16,23.53,1.63,4.14,0.0
20230306:1511,369.66,220.73,18.84,1.1,4.34,0.0
20230306:1611,14.54,18.54,12.65,0.47,4.21,0.0
20230306:1711,161.94,118.91,5.42,-0.1,3.24,0.0
20230306:1811,0.0,0.0,0.0,-0.78,2.69,0.0
20230306:1911,0.0,0.0,0.0,-1.33,3.17,0.0
20230306:2011,0.0,0.0,0.0,-1.53,3.17,0.0
20230306:2111,0.0,0.0,0.0,-1.79,2.62,0.0
20230306:2211,0.0,0.0,0.0,-2.0,2.41,0.0
20230306:2311,0.0,0.0,0.0,-2.07,2.55,0.0
20230307:0011,0.0,0.0,0.0,-2.39,2.48,0.0
20230307:0111,0.0,0.0,0.0,-2.61,2.28,0.0
20230307:0211,0.0,0.0,0.0,-2.8,2.28,0.0
20230307:0311,0.0,0.0,0.0,-3.15,2.14,0.0
20230307:0411,0.0,0.0,0.0,-3.26,2.07,0.0
20230307:0511,0.0,0.0,0.0,-3.51,1.79,0.0
20230307:0611,0.0,0.0,0.0,-3.71,1.79,0.0
20230307:0711,0.0,0.0,0.0,-3.68,1.66,0.0
20230307:0811,120.42,83.82,8.87,-3.34,1.86,0.0
20230307:0911,73.16,55.63,15.74,-2.26,2.48,0.0
20230307:1011,233.96,145.75,21.38,-1.42,3.03,0.0
20230307:1111,632.66,365.41,25.32,-0.68,3.38,0.0
20230307:1211,912.72,529.1,27.15,-0.21,3.45,0.0
20230307:1311,541.96,315.76,26.65,0.05,3.52,0.0
20230307:1411,454.32,266.4,23.89,-0.3,3.66,0.0
20230307:1511,373.52,221.91,19.18,-0.6,3.31,0.0
20230307:1611,303.1,184.9,12.97,-0.96,2.83,0.0
20230307:1711,105.5,80.58,5.73,-1.56,2.34,0.0
20230307:1811,0.0,0.0,0.0,-2.52,2.07,0.0
20230307:1911,0.0,0.0,0.0,-3.06,2.0,0.0
20230307:2011,0.0,0.0,0.0,-3.72,1.66,0.0
20230307:2111,0.0,0.0,0.0,-4.71,1.31,0.0
20230307:2211,0.0,0.0,0.0,-4.59,1.03,0.0
20230307:2311,0.0,0.0,0.0,-4.67,0.97,0.0
20230308:0011,0.0,0.0,0.0,-4.96,0.97,0.0
20230308:0111,0.0,0.0,0.0,-5.61,1.03,0.0
20230308:0211,0.0,0.0,0.0,-6.08,1.03,0.0
20230308:0311,0.0,0.0,0.0,-6.16,0.97,0.0
20230308:0411,0.0,0.0,0.0,-6.49,0.83,0.0
20230308:0511,0.0,0.0,0.0,-6.76,0.76,0.0
20230308:0611,0.0,0.0,0.0,-6.49,0.83,0.0
20230308:0711,0.0,0.0,0.0,-5.84,0.34,0.0
20230308:0811,412.68,253.16,9.24,-5.7,0.34,0.0
20230308:0911,808.38,472.71,16.12,-4.72,0.34,0.0
20230308:1011,1094.66,656.45,21.76,-3.22,0.34,0.0
20230308:1111,1300.74,807.7,25.71,-1.88,0.34,0.0
20230308:1211,1418.88,894.58,27.54,-0.73,0.76,0.0
20230308:1311,1262.4,774.82,27.03,0.05,1.17,0.0
20230308:1411,986.6,586.95,24.25,0.44,1.45,0.0
20230308:1511,960.66,569.76,19.52,0.46,1.66,0.0
20230308:1611,670.9,399.31,13.29,0.12,1.72,0.0
20230308:1711,196.44,139.03,6.03,-0.59,1.38,0.0
20230308:1811,0.0,0.0,0.0,-1.61,1.03,0.0
20230308:1911,0.0,0.0,0.0,-3.0,0.9,0.0
20230308:2011,0.0,0.0,0.0,-2.43,0.28,0.0
20230308:2111,0.0,0.0,0.0,-2.84,0.21,0.0
20230308:2211,0.0,0.0,0.0,-3.11,0.41,0.0
20230308:2311,0.0,0.0,0.0,-3.29,0.55,0.0
20230309:0011,0.0,0.0,0.0,-3.5,0.48,0.0
20230309:0111,0.0,0.0,0.0,-3.72,0.48,0.0
20230309:0211,0.0,0.0,0.0,-3.96,0.48,0.0
20230309:0311,0.0,0.0,0.0,-4.15,0.48,0.0
20230309:0411,0.0,0.0,0.0,-4.43,0.48,0.0
20230309:0511,0.0,0.0,0.0,-4.7,0.62,0.0
20230309:0611,0.0,0.0,0.0,-4.82,0.62,0.0
20230309:0711,0.0,1.75,1.96,-5.48,0.41,0.0
20230309:0811,336.88,208.49,9.61,-5.14,0.21,0.0
20230309:0911,493.22,289.39,16.5,-3.6,0.14,0.0
20230309:1011,830.64,487.34,22.15,-1.43,0.97,0.0
20230309:1111,1235.92,744.57,26.1,-0.13,2.0,0.0
20230309:1211,1186.34,707.69,27.93,1.15,2.97,0.0
20230309:1311,1144.6,679.43,27.42,1.61,3.31,0.0
20230309:1411,556.68,326.54,24.62,1.93,3.45,0.0
20230309:1511,499.8,294.21,19.86,1.82,3.52,0.0
20230309:1611,312.7,191.81,13.61,1.35,3.24,0.0
20230309:1711,190.3,134.73,6.34,0.43,2.83,0.0
20230309:1811,0.0,0.0,0.0,-0.8,2.48,0.0
20230309:1911,0.0,0.0,0.0,-1.26,2.28,0.0
20230309:2011,0.0,0.0,0.0,-1.68,2.07,0.0
20230309:2111,0.0,0.0,0.0,-2.12,1.86,0.0
20230309:2211,0.0,0.0,0.0,-2.57,1.79,0.0
20230309:2311,0.0,0.0,0.0,-3.03,1.66,0.0
20230310:0011,0.0,0.0,0.0,-3.3,1.52,0.0
20230310:0111,0.0,0.0,0.0,-3.48,1.31,0.0
20230310:0211,0.0,0.0,0.0,-3.43,1.17,0.0
20230310:0311,0.0,0.0,0.0,-3.55,1.1,0.0
20230310:0411,0.0,0.0,0.0,-3.55,1.1,0.0
20230310:0511,0.0,0.0,0.0,-4.04,1.24,0.0
20230310:0611,0.0,0.0,0.0,-4.63,1.38,0.0
20230310:0711,0.0,4.37,2.32,-4.18,1.38,0.0
20230310:0811,439.82,269.08,9.99,-3.75,1.38,0.0
20230310:0911,815.1,479.72,16.88,-0.76,1.52,0.0
20230310:1011,1112.18,662.23,22.54,0.64,2.28,0.0
20230310:1111,1336.56,810.8,26.5,1.51,2.83,0.0
20230310:1211,686.84,402.87,28.33,2.29,3.03,0.0
20230310:1311,1106.22,658.79,27.8,2.78,3.31,0.0
20230310:1411,382.14,230.71,24.98,3.0,3.17,0.0
20230310:1511,590.92,348.22,20.2,3.08,3.1,0.0
20230310:1611,290.18,180.46,13.93,2.85,2.9,0.0
20230310:1711,113.24,85.15,6.64,2.03,2.28,0.0
20230310:1811,0.0,0.0,0.0,0.75,2.0,0.0
20230310:1911,0.0,0.0,0.0,-0.34,2.14,0.0
20230310:2011,0.0,0.0,0.0,-1.3,1.79,0.0
20230310:2111,0.0,0.0,0.0,-2.42,1.45,0.0
20230310:2211,0.0,0.0,0.0,-2.64,1.17,0.0
20230310:2311,0.0,0.0,0.0,-2.41,0.97,0.0
20230311:0011,0.0,0.0,0.0,-2.07,0.76,0.0
20230311:0111,0.0,0.0,0.0,-1.91,0.69,0.0
20230311:0211,0.0,0.0,0.0,-2.03,0.62,0.0
20230311:0311,0.0,0.0,0.0,-2.02,0.41,0.0
20230311:0411,0.0,0.0,0.0,-2.11,0.41,0.0
20230311:0511,0.0,0.0,0.0,-2.3,0.41,0.0
20230311:0611,0.0,0.0,0.0,-2.47,0.69,0.0
20230311:0711,2.56,8.34,2.69,-4.05,0.55,0.0
20230311:0811,443.74,272.04,10.36,-4.21,0.21,0.0
20230311:0911,843.42,498.39,17.26,-3.24,0.21,0.0
20230311:1011,1170.82,701.82,22.94,-1.94,1.24,0.0
20230311:1111,1335.12,819.57,26.9,-0.73,1.38,0.0
20230311:1211,1434.04,893.11,28.72,0.36,1.66,0.0
20230311:1311,1350.32,827.81,28.18,1.3,2.21,0.0
20230311:1411,1243.2,750.28,25.34,1.82,2.62,0.0
20230311:1511,758.42,444.56,20.54,1.93,2.76,0.0
20230311:1611,547.08,326.58,14.25,1.85,2.48,0.0
20230311:1711,87.6,67.88,6.95,1.02,2.14,0.0
20230311:1811,0.0,0.0,0.0,-0.29,2.0,0.0
20230311:1911,0.0,0.0,0.0,-0.45,2.0,0.0
20230311:2011,0.0,0.0,0.0,-0.59,2.28,0.0
20230311:2111,0.0,0.0,0.0,-0.57,2.28,0.0
20230311:2211,0.0,0.0,0.0,-0.51,2.07,0.0
20230311:2311,0.0,0.0,0.0,-0.27,2.28,0.0
20230312:0011,0.0,0.0,0.0,-0.07,2.21,0.0
20230312:0111,0.0,0.0,0.0,-0.02,2.07,0.0
20230312:0211,0.0,0.0,0.0,-0.11,1.66,0.0
20230312:0311,0.0,0.0,0.0,-0.19,0.97,0.0
20230312:0411,0.0,0.0,0.0,-0.25,0.48,0.0
20230312:0511,0.0,0.0,0.0,-0.34,0.41,0.0
20230312:0611,0.0,0.0,0.0,-0.6,0.62,0.0
20230312:0711,0.0,3.71,3.06,-0.01,1.17,0.0
20230312:0811,78.14,59.43,10.74,0.62,1.52,0.0
20230312:0911,146.5,99.01,17.65,1.65,1.66,0.0
20230312:1011,592.64,350.75,23.33,3.05,2.14,0.0
20230312:1111,749.7,444.63,27.3,4.26,2.62,0.0
20230312:1211,131.76,91.78,29.12,5.35,3.86,0.0
20230312:1311,199.28,130.72,28.56,5.52,2.9,0.0
20230312:1411,235.88,151.12,25.71,5.07,2.76,0.0
20230312:1511,215.72,139.42,20.88,4.97,2.97,0.0
20230312:1611,160.48,108.47,14.57,5.25,2.34,0.0
20230312:1711,112.8,85.41,7.25,5.3,2.55,0.0
20230312:1811,0.0,0.0,0.0,5.1,2.62,0.0
20230312:1911,0.0,0.0,0.0,5.13,1.45,0.0
20230312:2011,0.0,0.0,0.0,4.68,1.31,0.0
20230312:2111,0.0,0.0,0.0,4.21,1.31,0.0
20230312:2211,0.0,0.0,0.0,3.82,1.24,0.0
20230312:2311,0.0,0.0,0.0,3.59,1.1,0.0
20230313:0011,0.0,0.0,0.0,3.87,0.76,0.0
20230313:0111,0.0,0.0,0.0,3.81,0.62,0.0
20230313:0211,0.0,0.0,0.0,2.71,1.17,0.0
20230313:0311,0.0,0.0,0.0,2.92,1.66,0.0
20230313:0411,0.0,0.0,0.0,2.94,2.55,0.0
20230313:0511,0.0,0.0,0.0,1.99,3.59,0.0
20230313:0611,0.0,0.0,0.0,0.79,3.79,0.0
20230313:0711,0.0,1.85,3.43,0.55,4.07,0.0
20230313:0811,30.52,29.67,11.11,0.18,4.0,0.0
20230313:0911,104.24,74.17,18.03,0.04,4.0,0.0
20230313:1011,31.92,30.59,23.73,0.25,3.93,0.0
20230313:1111,73.8,56.55,27.7,0.58,4.34,0.0
20230313:1211,209.36,133.5,29.52,1.09,5.45,0.0
20230313:1311,196.16,126.09,28.95,0.9,5.45,0.0
20230313:1411,167.52,110.33,26.07,1.12,4.62,0.0
20230313:1511,183.74,119.28,21.22,1.08,4.41,0.0
20230313:1611,44.8,38.94,14.89,0.96,5.1,0.0
20230313:1711,76.56,60.13,7.55,0.81,4.62,0.0
20230313:1811,0.0,0.0,0.0,0.29,3.79,0.0
20230313:1911,0.0,0.0,0.0,0.06,3.17,0.0
20230313:2011,0.0,0.0,0.0,-0.39,2.83,0.0
20230313:2111,0.0,0.0,0.0,-1.23,2.55,0.0
20230313:2211,0.0,0.0,0.0,-1.93,2.28,0.0
20230313:2311,0.0,0.0,0.0,-3.08,1.79,0.0
20230314:0011,0.0,0.0,0.0,-4.33,1.66,0.0
20230314:0111,0.0,0.0,0.0,-4.96,1.79,0.0
20230314:0211,0.0,0.0,0.0,-6.17,2.07,0.0
20230314:0311,0.0,0.0,0.0,-4.28,2.34,0.0
20230314:0411,0.0,0.0,0.0,-3.93,2.55,0.0
20230314:0511,0.0,0.0,0.0,-3.81,2.69,0.0
20230314:0611,0.0,0.0,0.0,-3.37,2.76,0.0
20230314:0711,0.0,3.71,3.8,-3.2,1.86,0.0
20230314:0811,166.6,109.96,11.49,-2.34,1.45,0.0
20230314:0911,21.12,23.18,18.42,-1.25,2.07,0.0
20230314:1011,160.76,105.69,24.12,-1.27,3.17,0.0
20230314:1111,273.52,168.61,28.1,-0.23,2.97,0.0
20230314:1211,543.74,318.99,29.91,0.47,2.76,0.0
20230314:1311,266.22,165.52,29.33,0.88,2.62,0.0
20230314:1411,368.56,221.94,26.43,1.25,2.83,0.0
20230314:1511,299.72,183.65,21.56,1.38,3.1,0.0
20230314:1611,73.58,56.55,15.21,1.08,3.31,0.0
20230314:1711,125.04,90.72,7.86,0.51,2.76,0.0
20230314:1811,0.0,0.0,0.0,-0.55,2.48,0.0
20230314:1911,0.0,0.0,0.0,-1.54,2.62,0.0
20230314:2011,0.0,0.0,0.0,-2.4,2.55,0.0
20230314:2111,0.0,0.0,0.0,-3.33,2.48,0.0
20230314:2211,0.0,0.0,0.0,-4.31,2.55,0.0
20230314:2311,0.0,0.0,0.0,-5.11,2.69,0.0
20230315:0011,0.0,0.0,0.0,-5.51,2.76,0.0
20230315:0111,0.0,0.0,0.0,-6.1,2.62,0.0
20230315:0211,0.0,0.0,0.0,-6.86,2.48,0.0
20230315:0311,0.0,0.0,0.0,-7.49,2.55,0.0
20230315:0411,0.0,0.0,0.0,-8.12,2.48,0.0
20230315:0511,0.0,0.0,0.0,-8.48,2.48,0.0
20230315:0611,0.0,0.0,0.0,-8.61,2.41,0.0
20230315:0711,12.04,17.16,4.17,-3.37,1.66,0.0
20230315:0811,209.86,134.4,11.87,-2.54,1.59,0.0
20230315:0911,137.66,92.02,18.81,-3.51,2.14,0.0
20230315:1011,267.72,166.04,24.52,0.9,2.69,0.0
20230315:1111,614.16,361.56,28.5,2.34,2.76,0.0
20230315:1211,419.78,252.56,30.31,3.06,2.97,0.0
20230315:1311,827.86,489.31,29.71,3.46,2.97,0.0
20230315:1411,367.22,223.36,26.79,3.38,2.69,0.0
20230315:1511,170.76,113.34,21.9,3.14,2.34,0.0
20230315:1611,86.86,64.9,15.53,2.76,1.93,0.0
20230315:1711,38.64,35.23,8.16,2.09,1.52,0.0
20230315:1811,0.0,0.0,0.0,2.18,1.66,0.0
20230315:1911,0.0,0.0,0.0,1.93,1.86,0.0
20230315:2011,0.0,0.0,0.0,1.48,1.93,0.0
20230315:2111,0.0,0.0,0.0,1.09,2.0,0.0
20230315:2211,0.0,0.0,0.0,0.94,2.07,0.0
20230315:2311,0.0,0.0,0.0,0.78,1.79,0.0
20230316:0011,0.0,0.0,0.0,0.86,1.52,0.0
20230316:0111,0.0,0.0,0.0,0.79,1.24,0.0
20230316:0211,0.0,0.0,0.0,0.62,0.97,0.0
20230316:0311,0.0,0.0,0.0,0.57,0.83,0.0
20230316:0411,0.0,0.0,0.0,0.67,0.76,0.0
20230316:0511,0.0,0.0,0.0,0.95,0.55,0.0
20230316:0611,0.0,0.0,0.0,1.2,0.41,0.0
20230316:0711,1.56,7.42,4.55,1.03,0.55,0.0
20230316:0811,60.98,49.14,12.25,1.38,0.62,0.0
20230316:0911,115.52,81.59,19.19,2.05,0.62,0.0
20230316:1011,115.22,81.59,24.91,2.61,0.69,0.0
20230316:1111,213.66,138.14,28.9,3.12,0.9,0.0
20230316:1211,69.4,54.7,30.71,3.68,0.9,0.0
20230316:1311,695.52,418.61,30.1,4.35,0.9,0.0
20230316:1411,491.8,297.62,27.15,5.03,1.17,0.0
20230316:1511,491.56,296.92,22.24,5.4,1.59,0.0
20230316:1611,451.86,276.39,15.84,5.89,2.21,0.0
20230316:1711,91.04,70.49,8.46,6.65,2.69,0.0
20230316:1811,0.0,0.0,0.0,7.04,3.1,0.0
20230316:1911,0.0,0.0,0.0,6.94,2.69,0.0
20230316:2011,0.0,0.0,0.0,7.03,2.62,0.0
20230316:2111,0.0,0.0,0.0,7.06,2.55,0.0
20230316:2211,0.0,0.0,0.0,6.99,2.34,0.0
20230316:2311,0.0,0.0,0.0,6.8,2.28,0.0
20230317:0011,0.0,0.0,0.0,6.59,2.34,0.0
20230317:0111,0.0,0.0,0.0,6.63,2.28,0.0
20230317:0211,0.0,0.0,0.0,6.62,2.28,0.0
20230317:0311,0.0,0.0,0.0,6.42,2.28,0.0
20230317:0411,0.0,0.0,0.0,6.3,2.28,0.0
20230317:0511,0.0,0.0,0.0,6.08,2.28,0.0
20230317:0611,0.0,0.0,0.0,6.06,2.41,0.0
20230317:0711,5.12,11.13,4.92,6.54,2.48,0.0
20230317:0811,482.72,303.47,12.63,6.76,2.55,0.0
20230317:0911,865.16,524.45,19.58,7.42,2.76,0.0
20230317:1011,648.6,391.71,25.31,8.57,2.97,0.0
20230317:1111,813.06,496.07,29.3,9.37,2.48,0.0
20230317:1211,441.18,274.07,31.11,9.84,1.72,0.0
20230317:1311,82.06,63.97,30.48,10.23,0.83,0.0
20230317:1411,280.14,181.42,27.52,10.13,0.21,0.0
20230317:1511,54.22,46.36,22.58,9.37,0.97,0.0
20230317:1611,176.4,119.22,16.16,8.31,1.66,0.0
20230317:1711,178.48,127.77,8.76,7.58,1.93,0.0
20230317:1811,0.0,0.0,0.0,6.19,2.0,0.0
20230317:1911,0.0,0.0,0.0,5.1,2.21,0.0
20230317:2011,0.0,0.0,0.0,4.47,1.93,0.0
20230317:2111,0.0,0.0,0.0,3.87,1.72,0.0
20230317:2211,0.0,0.0,0.0,3.76,1.59,0.0
20230317:2311,0.0,0.0,0.0,3.68,1.38,0.0
20230318:0011,0.0,0.0,0.0,3.68,1.38,0.0
20230318:0111,0.0,0.0,0.0,3.8,1.59,0.0
20230318:0211,0.0,0.0,0.0,3.94,1.86,0.0
20230318:0311,0.0,0.0,0.0,4.09,1.79,0.0
20230318:0411,0.0,0.0,0.0,4.12,1.72,0.0
20230318:0511,0.0,0.0,0.0,4.25,1.79,0.0
20230318:0611,0.0,0.0,0.0,4.23,1.1,0.0
20230318:0711,0.72,6.49,5.3,4.49,1.45,0.0
20230318:0811,204.58,135.1,13.01,4.82,1.52,0.0
20230318:0911,110.66,79.73,19.97,5.4,1.45,0.0
20230318:1011,386.34,237.57,25.71,5.9,1.45,0.0
20230318:1111,261.76,167.39,29.71,6.46,1.45,0.0
20230318:1211,268.88,171.85,31.51,7.04,1.72,0.0
20230318:1311,331.7,208.59,30.87,7.7,1.38,0.0
20230318:1411,191.26,127.94,27.88,8.21,1.38,0.0
20230318:1511,113.72,82.51,22.91,8.47,1.66,0.0
20230318:1611,87.48,66.75,16.47,8.45,1.86,0.0
20230318:1711,56.14,47.73,9.07,8.12,2.41,0.0
20230318:1811,0.0,0.0,0.0,7.01,2.97,0.0
20230318:1911,0.0,0.0,0.0,6.48,2.55,0.0
20230318:2011,0.0,0.0,0.0,5.83,2.34,0.0
20230318:2111,0.0,0.0,0.0,5.31,2.34,0.0
20230318:2211,0.0,0.0,0.0,4.95,2.41,0.0
20230318:2311,0.0,0.0,0.0,4.87,2.62,0.0
20230319:0011,0.0,0.0,0.0,4.75,2.69,0.0
20230319:0111,0.0,0.0,0.0,4.95,2.55,0.0
20230319:0211,0.0,0.0,0.0,5.44,2.55,0.0
20230319:0311,0.0,0.0,0.0,5.48,2.62,0.0
20230319:0411,0.0,0.0,0.0,5.08,3.03,0.0
20230319:0511,0.0,0.0,0.0,4.47,2.83,0.0
20230319:0611,0.0,0.0,0.0,4.01,2.21,0.0
20230319:0711,0.02,5.56,5.67,3.48,1.45,0.0
20230319:0811,203.6,133.73,13.39,3.62,1.31,0.0
20230319:0911,345.68,212.42,20.36,4.1,1.72,0.0
20230319:1011,414.32,251.97,26.11,4.67,1.72,0.0
20230319:1111,530.12,320.06,30.11,5.32,1.59,0.0
20230319:1211,991.6,606.99,31.9,5.98,1.66,0.0
20230319:1311,439.5,268.86,31.25,6.25,1.66,0.0
20230319:1411,108.56,78.8,28.24,6.46,1.66,0.0
20230319:1511,169.2,114.16,23.25,6.57,1.79,0.0
20230319:1611,33.64,32.45,16.79,6.12,1.45,0.0
20230319:1711,36.52,34.3,9.37,5.63,1.1,0.0
20230319:1811,0.0,0.0,0.0,5.2,1.1,0.0
20230319:1911,0.0,0.0,0.0,5.0,0.97,0.0
20230319:2011,0.0,0.0,0.0,3.96,1.24,0.0
20230319:2111,0.0,0.0,0.0,3.34,1.17,0.0
20230319:2211,0.0,0.0,0.0,3.02,1.03,0.0
20230319:2311,0.0,0.0,0.0,2.36,1.17,0.0
20230320:0011,0.0,0.0,0.0,1.91,1.1,0.0
20230320:0111,0.0,0.0,0.0,1.9,0.9,0.0
20230320:0211,0.0,0.0,0.0,1.56,0.83,0.0
20230320:0311,0.0,0.0,0.0,1.01,0.83,0.0
20230320:0411,0.0,0.0,0.0,0.61,0.69,0.0
20230320:0511,0.0,0.0,0.0,0.37,0.62,0.0
20230320:0611,0.0,0.0,0.0,-0.49,0.76,0.0
20230320:0711,45.06,41.5,6.05,0.26,0.55,0.0
20230320:0811,487.06,299.75,13.77,1.0,0.62,0.0
20230320:0911,777.26,464.03,20.75,1.91,0.97,0.0
20230320:1011,490.78,294.24,26.51,2.95,1.17,0.0
20230320:1111,812.46,488.33,30.51,4.33,1.45,0.0
20230320:1211,739.66,446.03,32.3,5.49,1.52,0.0
20230320:1311,553.06,335.56,31.63,6.46,1.52,0.0
20230320:1411,368.94,228.73,28.6,6.99,1.79,0.0
20230320:1511,184.7,123.42,23.58,6.97,1.38,0.0
20230320:1611,116.5,83.54,17.1,6.51,1.24,0.0
20230320:1711,26.82,27.81,9.67,6.21,1.38,0.0
20230320:1811,0.0,0.87,1.73,5.9,1.38,0.0
20230320:1911,0.0,0.0,0.0,5.93,1.52,0.0
20230320:2011,0.0,0.0,0.0,5.77,1.52,0.0
20230320:2111,0.0,0.0,0.0,5.64,1.52,0.0
20230320:2211,0.0,0.0,0.0,5.51,1.52,0.0
20230320:2311,0.0,0.0,0.0,5.45,1.45,0.0
20230321:0011,0.0,0.0,0.0,5.43,1.38,0.0
20230321:0111,0.0,0.0,0.0,5.2,1.38,0.0
20230321:0211,0.0,0.0,0.0,5.08,1.31,0.0
20230321:0311,0.0,0.0,0.0,5.1,1.38,0.0
20230321:0411,0.0,0.0,0.0,5.1,1.45,0.0
20230321:0511,0.0,0.0,0.0,5.21,1.52,0.0
20230321:0611,0.0,0.0,0.0,5.75,1.86,0.0
20230321:0711,0.0,0.0,0.0,6.48,2.34,0.0
20230321:0811,0.0,0.0,0.0,7.37,2.83,0.0
20230321:0911,90.84,68.61,21.14,8.09,3.17,0.0
20230321:1011,269.34,172.33,26.91,8.95,4.14,0.0
20230321:1111,1261.62,782.33,30.92,9.42,3.93,0.0
20230321:1211,1343.24,841.91,32.7,9.84,3.93,0.0
20230321:1311,995.26,606.08,32.02,10.24,4.41,0.0
20230321:1411,1242.4,770.64,28.96,10.22,4.07,0.0
20230321:1511,1030.34,631.38,23.92,10.19,3.72,0.0
20230321:1611,647.36,397.36,17.42,9.88,3.45,0.0
20230321:1711,244.94,171.05,9.96,9.37,2.62,0.0
20230321:1811,0.0,3.5,2.02,8.4,2.14,0.0
20230321:1911,0.0,0.0,0.0,8.38,2.41,0.0
20230321:2011,0.0,0.0,0.0,8.0,2.55,0.0
20230321:2111,0.0,0.0,0.0,7.88,2.69,0.0
20230321:2211,0.0,0.0,0.0,7.6,2.83,0.0
20230321:2311,0.0,0.0,0.0,7.43,3.03,0.0
20230322:0011,0.0,0.0,0.0,7.37,3.31,0.0
20230322:0111,0.0,0.0,0.0,7.16,3.38,0.0
20230322:0211,0.0,0.0,0.0,7.15,3.1,0.0
20230322:0311,0.0,0.0,0.0,7.25,3.1,0.0
20230322:0411,0.0,0.0,0.0,7.41,3.52,0.0
20230322:0511,0.0,0.0,0.0,7.42,6.14,0.0
20230322:0611,0.0,0.0,0.0,5.08,6.48,0.0
20230322:0711,0.0,0.0,0.0,4.66,6.48,0.0
20230322:0811,376.3,231.54,14.53,4.37,7.03,0.0
20230322:0911,338.16,206.19,21.53,4.09,5.72,0.0
20230322:1011,94.52,69.53,27.3,4.14,7.72,0.0
20230322:1111,320.06,196.34,31.32,4.21,7.38,0.0
20230322:1211,304.1,188.52,33.1,5.0,6.41,0.0
20230322:1311,1190.32,703.73,32.4,5.98,7.1,0.0
20230322:1411,1283.52,762.15,29.32,6.2,7.1,0.0
20230322:1511,546.54,323.65,24.25,6.07,6.76,0.0
20230322:1611,296.2,184.98,17.73,6.11,6.21,0.0
20230322:1711,197.1,136.08,10.26,5.86,5.79,0.0
20230322:1811,0.0,4.37,2.31,5.57,4.55,0.0
20230322:1911,0.0,0.0,0.0,5.54,3.38,0.0
20230322:2011,0.0,0.0,0.0,4.97,2.48,0.0
20230322:2111,0.0,0.0,0.0,4.28,1.72,0.0
20230322:2211,0.0,0.0,0.0,3.07,1.24,0.0
20230322:2311,0.0,0.0,0.0,1.9,1.45,0.0
20230323:0011,0.0,0.0,0.0,2.05,1.31,0.0
20230323:0111,0.0,0.0,0.0,2.6,1.1,0.0
20230323:0211,0.0,0.0,0.0,2.6,1.24,0.0
20230323:0311,0.0,0.0,0.0,3.2,1.93,0.0
20230323:0411,0.0,0.0,0.0,3.11,2.83,0.0
20230323:0511,0.0,0.0,0.0,3.23,3.52,0.0
20230323:0611,0.0,0.0,0.0,3.3,3.72,0.0
20230323:0711,141.02,114.36,7.18,3.93,3.93,0.0
20230323:0811,542.86,331.24,14.92,4.37,4.28,0.0
20230323:0911,927.14,548.34,21.92,4.95,4.69,0.0
20230323:1011,1198.4,717.69,27.7,5.79,4.97,0.0
20230323:1111,1221.34,736.13,31.72,6.41,4.97,0.0
20230323:1211,1215.8,738.16,33.5,7.37,4.76,0.0
20230323:1311,1138.46,690.95,32.78,8.37,4.76,0.0
20230323:1411,798.88,480.12,29.67,8.63,4.14,0.0
20230323:1511,370.96,230.03,24.58,8.82,3.72,0.0
20230323:1611,353.46,221.31,18.04,8.94,3.31,0.0
20230323:1711,199.46,139.87,10.56,8.69,1.86,0.0
20230323:1811,0.0,3.71,2.6,8.11,1.38,0.0
20230323:1911,0.0,0.0,0.0,6.79,1.79,0.0
20230323:2011,0.0,0.0,0.0,5.57,1.79,0.0
20230323:2111,0.0,0.0,0.0,4.66,1.79,0.0
20230323:2211,0.0,0.0,0.0,3.76,1.59,0.0
20230323:2311,0.0,0.0,0.0,3.41,1.45,0.0
20230324:0011,0.0,0.0,0.0,3.47,1.24,0.0
20230324:0111,0.0,0.0,0.0,3.38,1.24,0.0
20230324:0211,0.0,0.0,0.0,3.4,1.1,0.0
20230324:0311,0.0,0.0,0.0,3.58,1.03,0.0
20230324:0411,0.0,0.0,0.0,3.58,1.1,0.0
20230324:0511,0.0,0.0,0.0,3.63,1.52,0.0
20230324:0611,0.0,0.0,0.0,4.08,1.66,0.0
20230324:0711,13.02,17.62,7.55,4.04,1.24,0.0
20230324:0811,191.22,126.61,15.3,4.86,1.59,0.0
20230324:0911,421.76,256.54,22.31,5.16,2.0,0.0
20230324:1011,520.34,313.26,28.1,5.7,2.48,0.0
20230324:1111,346.18,215.04,32.12,6.5,2.55,0.0
20230324:1211,587.8,356.87,33.89,7.32,2.0,0.0
20230324:1311,665.38,404.39,33.16,7.62,1.79,0.0
20230324:1411,757.96,461.72,30.03,7.85,1.66,0.0
20230324:1511,841.82,515.91,24.92,7.69,1.31,0.0
20230324:1611,497.78,306.84,18.35,7.43,1.17,0.0
20230324:1711,200.08,139.14,10.86,6.78,0.62,0.0
20230324:1811,0.0,3.71,2.89,5.8,1.03,0.0
20230324:1911,0.0,0.0,0.0,5.46,1.86,0.0
20230324:2011,0.0,0.0,0.0,4.66,2.21,0.0
20230324:2111,0.0,0.0,0.0,4.32,2.48,0.0
20230324:2211,0.0,0.0,0.0,4.19,2.48,0.0
20230324:2311,0.0,0.0,0.0,4.32,2.41,0.0
20230325:0011,0.0,0.0,0.0,4.2,2.97,0.0
20230325:0111,0.0,0.0,0.0,3.8,3.1,0.0
20230325:0211,0.0,0.0,0.0,3.4,2.83,0.0
20230325:0311,0.0,0.0,0.0,2.97,3.17,0.0
20230325:0411,0.0,0.0,0.0,2.67,3.03,0.0
20230325:0511,0.0,0.0,0.0,2.43,2.76,0.0
20230325:0611,0.0,0.0,0.0,2.16,2.69,0.0
20230325:0711,67.78,55.48,7.93,2.4,2.9,0.0
20230325:0811,247.44,157.19,15.68,2.67,2.83,0.0
20230325:0911,316.14,194.25,22.7,3.27,3.59,0.0
20230325:1011,408.68,246.3,28.5,3.89,4.07,0.0
20230325:1111,681.32,403.19,32.52,4.71,3.86,0.0
20230325:1211,505.1,303.34,34.29,5.16,3.45,0.0
20230325:1311,319.28,198.66,33.54,5.31,2.9,0.0
20230325:1411,471.7,284.89,30.39,5.39,2.76,0.0
20230325:1511,259.3,164.4,25.25,5.2,2.83,0.0
20230325:1611,371.82,228.1,18.66,4.97,3.03,0.0
20230325:1711,128.74,91.89,11.15,4.7,3.17,0.0
20230325:1811,0.0,3.71,3.18,4.05,2.97,0.0
20230325:1911,0.0,0.0,0.0,3.37,3.24,0.0
20230325:2011,0.0,0.0,0.0,2.88,3.17,0.0
20230325:2111,0.0,0.0,0.0,2.47,2.83,0.0
20230325:2211,0.0,0.0,0.0,2.07,2.62,0.0
20230325:2311,0.0,0.0,0.0,1.7,2.28,0.0
20230326:0011,0.0,0.0,0.0,1.27,1.93,0.0
20230326:0111,0.0,0.0,0.0,1.06,1.79,0.0
20230326:0211,0.0,0.0,0.0,0.85,1.93,0.0
20230326:0311,0.0,0.0,0.0,0.6,2.21,0.0
20230326:0411,0.0,0.0,0.0,0.23,2.28,0.0
20230326:0511,0.0,0.0,0.0,-0.13,2.21,0.0
20230326:0611,0.0,0.0,0.0,-0.35,2.21,0.0
20230326:0711,129.56,98.47,8.3,0.13,1.86,0.0
20230326:0811,281.46,175.08,16.06,0.68,2.62,0.0
20230326:0911,479.06,283.13,23.09,1.09,2.97,0.0
20230326:1011,785.5,459.84,28.9,1.75,3.1,0.0
20230326:1111,919.4,541.38,32.93,2.13,3.24,0.0
20230326:1211,283.4,176.17,34.68,2.54,3.24,0.0
20230326:1311,113.98,80.66,33.92,2.71,3.17,0.0
20230326:1411,335.48,205.36,30.74,2.95,3.24,0.0
20230326:1511,759.58,446.2,25.57,2.85,3.31,0.0
20230326:1611,512.64,305.46,18.97,2.62,3.38,0.0
20230326:1711,229.22,152.85,11.44,1.98,3.24,0.0
20230326:1811,5.32,11.13,3.47,1.25,2.62,0.0
20230326:1911,0.0,0.0,0.0,0.38,2.07,0.0
20230326:2011,0.0,0.0,0.0,-0.32,1.79,0.0
20230326:2111,0.0,0.0,0.0,-1.1,1.66,0.0
20230326:2211,0.0,0.0,0.0,-2.19,1.59,0.0
20230326:2311,0.0,0.0,0.0,-2.81,1.45,0.0
20230327:0011,0.0,0.0,0.0,-2.74,1.31,0.0
20230327:0111,0.0,0.0,0.0,-2.97,1.38,0.0
20230327:0211,0.0,0.0,0.0,-3.29,1.38,0.0
20230327:0311,0.0,0.0,0.0,-3.66,1.45,0.0
20230327:0411,0.0,0.0,0.0,-3.46,1.31,0.0
20230327:0511,0.0,0.0,0.0,-3.22,1.17,0.0
20230327:0611,0.0,0.0,0.0,-3.99,1.45,0.0
20230327:0711,198.46,147.13,8.68,-3.7,1.45,0.0
20230327:0811,641.58,386.35,16.44,-0.8,1.24,0.0
20230327:0911,1035.02,626.03,23.48,0.79,0.97,0.0
20230327:1011,1287.76,815.19,29.29,1.97,0.41,0.0
20230327:1111,1477.06,949.05,33.33,2.8,1.24,0.0
20230327:1211,1565.74,1004.78,35.08,3.5,2.07,0.0
20230327:1311,1465.24,924.12,34.3,4.41,2.48,0.0
20230327:1411,1405.44,877.89,31.09,4.87,2.69,0.0
20230327:1511,1120.44,680.04,25.9,5.13,2.83,0.0
20230327:1611,804.04,485.79,19.27,5.03,2.69,0.0
20230327:1711,343.7,229.61,11.74,4.69,2.28,0.0
20230327:1811,12.72,19.29,3.76,3.83,1.79,0.0
20230327:1911,0.0,0.0,0.0,2.76,2.07,0.0
20230327:2011,0.0,0.0,0.0,1.29,2.14,0.0
20230327:2111,0.0,0.0,0.0,-0.04,2.21,0.0
20230327:2211,0.0,0.0,0.0,-1.12,2.21,0.0
20230327:2311,0.0,0.0,0.0,-1.59,2.21,0.0
20230328:0011,0.0,0.0,0.0,-2.09,2.21,0.0
20230328:0111,0.0,0.0,0.0,-2.1,2.14,0.0
20230328:0211,0.0,0.0,0.0,-2.05,2.0,0.0
20230328:0311,0.0,0.0,0.0,-1.45,1.86,0.0
20230328:0411,0.0,0.0,0.0,-0.77,1.66,0.0
20230328:0511,0.0,0.0,0.0,-0.57,1.59,0.0
20230328:0611,0.0,0.0,0.0,-0.28,1.38,0.0
20230328:0711,33.3,31.52,9.05,0.13,1.24,0.0
20230328:0811,206.38,133.38,16.82,1.45,0.97,0.0
20230328:0911,298.02,185.37,23.86,2.9,0.9,0.0
20230328:1011,532.96,320.44,29.69,3.84,1.17,0.0
20230328:1111,364.88,224.67,33.72,4.33,1.38,0.0
20230328:1211,119.02,84.37,35.47,4.64,1.59,0.0
20230328:1311,141.26,97.35,34.67,4.98,2.0,0.0
20230328:1411,205.64,134.43,31.45,5.15,1.79,0.0
20230328:1511,70.34,55.63,26.23,5.62,2.21,0.0
20230328:1611,87.08,65.82,19.58,5.92,2.14,0.0
20230328:1711,26.84,27.81,12.03,6.09,1.93,0.0
20230328:1811,7.22,12.98,4.04,5.69,1.24,0.0
20230328:1911,0.0,0.0,0.0,4.95,1.24,0.0
20230328:2011,0.0,0.0,0.0,4.51,1.17,0.0
20230328:2111,0.0,0.0,0.0,4.16,1.17,0.0
20230328:2211,0.0,0.0,0.0,3.99,1.17,0.0
20230328:2311,0.0,0.0,0.0,3.87,1.31,0.0
20230329:0011,0.0,0.0,0.0,3.98,1.24,0.0
20230329:0111,0.0,0.0,0.0,3.79,1.31,0.0
20230329:0211,0.0,0.0,0.0,3.49,1.31,0.0
20230329:0311,0.0,0.0,0.0,3.43,1.31,0.0
20230329:0411,0.0,0.0,0.0,3.49,1.31,0.0
20230329:0511,0.0,0.0,0.0,3.7,1.31,0.0
20230329:0611,0.0,0.0,0.0,3.77,1.24,0.0
20230329:0711,69.7,56.02,9.43,3.79,1.31,0.0
20230329:0811,95.22,70.46,17.19,4.88,1.31,0.0
20230329:0911,186.5,124.15,24.25,6.26,1.24,0.0
20230329:1011,236.48,153.86,30.08,7.85,1.52,0.0
20230329:1111,136.92,96.42,34.12,9.2,2.41,0.0
20230329:1211,280.46,179.84,35.87,9.78,3.72,0.0
20230329:1311,153.82,106.62,35.05,10.18,3.59,0.0
20230329:1411,126.96,90.86,31.8,10.27,3.17,0.0
20230329:1511,113.16,82.51,26.55,9.93,3.31,0.0
20230329:1611,51.38,44.5,19.88,9.52,3.31,0.0
20230329:1711,25.08,26.89,12.32,9.23,3.17,0.0
20230329:1811,0.0,2.78,4.33,9.07,2.97,0.0
20230329:1911,0.0,0.0,0.0,9.07,2.48,0.0
20230329:2011,0.0,0.0,0.0,8.79,2.28,0.0
20230329:2111,0.0,0.0,0.0,8.56,2.28,0.0
20230329:2211,0.0,0.0,0.0,8.35,2.41,0.0
20230329:2311,0.0,0.0,0.0,8.1,2.48,0.0
20230330:0011,0.0,0.0,0.0,7.74,2.55,0.0
20230330:0111,0.0,0.0,0.0,7.5,2.48,0.0
20230330:0211,0.0,0.0,0.0,7.28,2.55,0.0
20230330:0311,0.0,0.0,0.0,6.88,2.55,0.0
20230330:0411,0.0,0.0,0.0,6.61,2.62,0.0
20230330:0511,0.0,0.0,0.0,6.41,2.69,0.0
20230330:0611,0.0,0.87,1.75,6.18,2.62,0.0
20230330:0711,25.46,26.89,9.8,6.56,2.48,0.0
20230330:0811,336.22,211.88,17.57,7.44,2.55,0.0
20230330:0911,583.26,352.56,24.63,8.44,3.59,0.0
20230330:1011,783.98,475.02,30.47,9.75,3.72,0.0
20230330:1111,915.74,561.21,34.52,10.64,3.52,0.0
20230330:1211,493.22,305.36,36.26,11.29,3.24,0.0
20230330:1311,578.84,356.98,35.42,11.67,3.03,0.0
20230330:1411,601.7,370.97,32.15,12.03,2.97,0.0
20230330:1511,522.48,323.75,26.88,12.28,2.76,0.0
20230330:1611,399.08,252.28,20.19,12.15,2.21,0.0
20230330:1711,331.18,228.32,12.61,11.8,1.72,0.0
20230330:1811,19.14,24.36,4.62,11.1,1.52,0.0
20230330:1911,0.0,0.0,0.0,9.41,1.38,0.0
20230330:2011,0.0,0.0,0.0,8.33,1.1,0.0
20230330:2111,0.0,0.0,0.0,7.36,1.03,0.0
20230330:2211,0.0,0.0,0.0,6.21,1.1,0.0
20230330:2311,0.0,0.0,0.0,5.73,1.03,0.0
20230331:0011,0.0,0.0,0.0,5.59,0.9,0.0
20230331:0111,0.0,0.0,0.0,4.98,0.97,0.0
20230331:0211,0.0,0.0,0.0,4.54,0.83,0.0
20230331:0311,0.0,0.0,0.0,4.07,0.48,0.0
20230331:0411,0.0,0.0,0.0,3.43,0.28,0.0
20230331:0511,0.0,0.0,0.0,3.12,0.34,0.0
20230331:0611,0.0,0.87,2.12,2.52,0.55,0.0
20230331:0711,85.4,65.57,10.17,3.33,0.34,0.0
20230331:0811,330.96,207.59,17.95,4.95,0.9,0.0
20230331:0911,444.1,271.68,25.02,6.87,1.93,0.0
20230331:1011,286.4,182.44,30.87,8.17,2.34,0.0
20230331:1111,479.44,294.49,34.92,8.95,2.83,0.0
20230331:1211,763.16,463.88,36.65,9.31,3.24,0.0
20230331:1311,350.98,220.55,35.8,9.62,3.31,0.0
20230331:1411,780.02,475.13,32.49,9.74,3.03,0.0
20230331:1511,415.94,256.98,27.2,9.2,3.1,0.0
20230331:1611,342.8,215.06,20.49,8.75,3.03,0.0
20230331:1711,208.52,142.35,12.9,8.05,2.83,0.0
20230331:1811,18.1,22.68,4.9,7.26,2.62,0.0
20230331:1911,0.0,0.0,0.0,6.85,2.48,0.0
20230331:2011,0.0,0.0,0.0,6.26,2.28,0.0
20230331:2111,0.0,0.0,0.0,5.85,2.21,0.0
20230331:2211,0.0,0.0,0.0,5.55,2.14,0.0
20230331:2311,0.0,0.0,0.0,5.25,2.14,0.0
20230401:0011,0.0,0.0,0.0,4.88,1.93,0.0
20230401:0111,0.0,0.0,0.0,4.52,1.86,0.0
20230401:0211,0.0,0.0,0.0,4.17,1.93,0.0
20230401:0311,0.0,0.0,0.0,3.83,1.93,0.0
20230401:0411,0.0,0.0,0.0,3.55,1.79,0.0
20230401:0511,0.0,0.0,0.0,3.32,1.59,0.0
20230401:0611,0.0,5.25,2.49,2.99,1.45,0.0
20230401:0711,221.92,162.12,10.54,3.49,1.59,0.0
20230401:0811,635.34,387.5,18.32,4.01,1.86,0.0
20230401:0911,1013.86,616.14,25.4,4.57,1.86,0.0
20230401:1011,1024.5,622.79,31.26,5.31,2.14,0.0
20230401:1111,669.6,403.41,35.31,6.15,2.21,0.0
20230401:1211,1003.46,615.16,37.04,6.8,2.14,0.0
20230401:1311,902.04,551.93,36.17,7.39,1.93,0.0
20230401:1411,239.92,155.75,32.84,7.7,1.66,0.0
20230401:1511,389.08,241.67,27.52,7.82,1.38,0.0
20230401:1611,304.38,193.26,20.79,7.82,1.1,0.0
20230401:1711,188.06,129.2,13.19,7.58,1.66,0.0
20230401:1811,23.16,26.29,5.18,6.97,1.72,0.0
20230401:1911,0.0,0.0,0.0,6.51,1.17,0.0
20230401:2011,0.0,0.0,0.0,5.99,0.97,0.0
20230401:2111,0.0,0.0,0.0,5.53,0.69,0.0
20230401:2211,0.0,0.0,0.0,5.72,0.28,0.0
20230401:2311,0.0,0.0,0.0,5.62,0.28,0.0
20230402:0011,0.0,0.0,0.0,5.16,0.69,0.0
20230402:0111,0.0,0.0,0.0,4.26,0.97,0.0
20230402:0211,0.0,0.0,0.0,4.0,1.24,0.0
20230402:0311,0.0,0.0,0.0,4.39,1.24,0.0
20230402:0411,0.0,0.0,0.0,4.56,1.24,0.0
20230402:0511,0.0,0.0,0.0,4.76,1.1,0.0
20230402:0611,0.0,3.5,2.86,4.88,1.1,0.0
20230402:0711,156.26,113.55,10.9,5.34,1.1,0.0
20230402:0811,294.38,186.69,18.69,5.88,1.1,0.0
20230402:0911,413.48,253.92,25.78,6.08,1.31,0.0
20230402:1011,522.62,318.86,31.65,6.48,1.03,0.0
20230402:1111,341.9,214.83,35.7,6.79,0.48,0.0
20230402:1211,864.62,536.22,37.42,7.35,0.62,0.0
20230402:1311,381.78,238.88,36.54,7.77,0.69,0.0
20230402:1411,578.08,355.62,33.19,8.43,0.9,0.0
20230402:1511,374.72,234.81,27.84,8.61,0.83,0.0
20230402:1611,283.62,182.13,21.09,8.64,0.69,0.0
20230402:1711,126.34,91.14,13.47,8.59,0.48,0.0
20230402:1811,6.06,12.05,5.47,8.4,0.97,0.0
20230402:1911,0.0,0.0,0.0,7.37,1.17,0.0
20230402:2011,0.0,0.0,0.0,5.8,1.24,0.0
20230402:2111,0.0,0.0,0.0,4.72,1.45,0.0
20230402:2211,0.0,0.0,0.0,3.97,1.66,0.0
20230402:2311,0.0,0.0,0.0,3.35,1.79,0.0
20230403:0011,0.0,0.0,0.0,3.04,1.72,0.0
20230403:0111,0.0,0.0,0.0,2.31,1.72,0.0
20230403:0211,0.0,0.0,0.0,1.23,1.66,0.0
20230403:0311,0.0,0.0,0.0,0.51,1.59,0.0
20230403:0411,0.0,0.0,0.0,-0.01,1.52,0.0
20230403:0511,0.0,0.0,0.0,-0.76,1.52,0.0
20230403:0611,4.72,10.49,3.23,-1.36,1.59,0.0
20230403:0711,216.36,151.81,11.27,0.06,1.24,0.0
20230403:0811,667.08,406.96,19.06,3.16,1.17,0.0
20230403:0911,1040.72,641.81,26.16,5.69,1.38,0.0
20230403:1011,1314.54,827.28,32.03,7.52,2.48,0.0
20230403:1111,1487.86,952.23,36.1,8.78,3.24,0.0
20230403:1211,1476.44,946.85,37.81,9.8,3.45,0.0
20230403:1311,1379.7,876.76,36.91,10.33,3.52,0.0
20230403:1411,1236.2,773.56,33.53,10.56,3.59,0.0
20230403:1511,825.74,503.88,28.16,10.53,3.45,0.0
20230403:1611,471.42,291.69,21.38,10.32,3.38,0.0
20230403:1711,217.96,148.73,13.76,9.87,2.97,0.0
20230403:1811,40.84,50.96,5.75,8.99,2.55,0.0
20230403:1911,0.0,0.0,0.0,8.12,2.62,0.0
20230403:2011,0.0,0.0,0.0,6.75,2.48,0.0
20230403:2111,0.0,0.0,0.0,5.59,2.41,0.0
20230403:2211,0.0,0.0,0.0,4.66,2.41,0.0
20230403:2311,0.0,0.0,0.0,3.98,2.28,0.0
20230404:0011,0.0,0.0,0.0,3.33,2.28,0.0
20230404:0111,0.0,0.0,0.0,2.68,2.28,0.0
20230404:0211,0.0,0.0,0.0,2.23,2.21,0.0
20230404:0311,0.0,0.0,0.0,1.82,2.28,0.0
20230404:0411,0.0,0.0,0.0,1.45,2.34,0.0
20230404:0511,0.0,0.0,0.0,1.58,2.41,0.0
20230404:0611,7.18,12.82,3.59,1.91,2.48,0.0
20230404:0711,18.0,21.32,11.63,3.62,2.9,0.0
20230404:0811,31.06,30.59,19.43,5.3,2.97,0.0
20230404:0911,155.08,105.69,26.54,6.44,3.79,0.0
20230404:1011,236.56,152.97,32.42,7.45,3.72,0.0
20230404:1111,596.24,360.48,36.49,8.2,3.79,0.0
20230404:1211,219.38,143.7,38.19,8.42,3.79,0.0
20230404:1311,502.0,305.98,37.27,8.94,4.48,0.0
20230404:1411,658.66,397.62,33.87,9.74,4.9,0.0
20230404:1511,821.86,497.0,28.47,10.2,4.55,0.0
20230404:1611,167.22,114.47,21.68,10.46,4.28,0.0
20230404:1711,82.94,64.45,14.04,10.2,4.0,0.0
20230404:1811,27.24,29.25,6.03,9.15,3.86,0.0
20230404:1911,0.0,0.0,0.0,7.93,3.59,0.0
20230404:2011,0.0,0.0,0.0,7.23,3.66,0.0
20230404:2111,0.0,0.0,0.0,6.72,3.52,0.0
20230404:2211,0.0,0.0,0.0,6.46,3.45,0.0
20230404:2311,0.0,0.0,0.0,6.31,3.31,0.0
20230405:0011,0.0,0.0,0.0,6.44,3.38,0.0
20230405:0111,0.0,0.0,0.0,6.62,3.59,0.0
20230405:0211,0.0,0.0,0.0,6.72,3.72,0.0
20230405:0311,0.0,0.0,0.0,6.55,3.72,0.0
20230405:0411,0.0,0.0,0.0,6.56,3.79,0.0
20230405:0511,0.0,0.0,0.0,6.62,3.66,0.0
20230405:0611,5.12,11.13,3.95,6.7,3.52,0.0
20230405:0711,71.6,56.91,12.0,7.28,3.59,0.0
20230405:0811,281.42,179.53,19.8,8.0,3.31,0.0
20230405:0911,210.5,138.87,26.91,9.09,4.14,0.0
20230405:1011,415.4,256.86,32.8,10.14,4.9,0.0
20230405:1111,465.74,287.03,36.87,10.7,4.76,0.0
20230405:1211,612.68,374.11,38.58,11.08,4.55,0.0
20230405:1311,571.02,349.82,37.64,11.19,4.34,0.0
20230405:1411,862.04,526.68,34.21,11.57,4.28,0.0
20230405:1511,538.52,331.3,28.79,11.47,3.45,0.0
20230405:1611,344.32,218.47,21.98,11.12,2.62,0.0
20230405:1711,106.58,79.3,14.32,10.83,2.48,0.0
20230405:1811,13.72,18.54,6.31,10.21,2.14,0.0
20230405:1911,0.0,0.0,0.0,9.7,1.72,0.0
20230405:2011,0.0,0.0,0.0,9.01,1.59,0.0
20230405:2111,0.0,0.0,0.0,8.31,1.52,0.0
20230405:2211,0.0,0.0,0.0,7.63,1.52,0.0
20230405:2311,0.0,0.0,0.0,7.19,1.59,0.0
20230406:0011,0.0,0.0,0.0,7.08,1.66,0.0
20230406:0111,0.0,0.0,0.0,6.73,1.72,0.0
20230406:0211,0.0,0.0,0.0,6.47,1.79,0.0
20230406:0311,0.0,0.0,0.0,6.1,1.93,0.0
20230406:0411,0.0,0.0,0.0,6.06,2.0,0.0
20230406:0511,0.0,0.0,0.0,5.94,2.0,0.0
20230406:0611,0.0,3.71,4.31,5.81,2.0,0.0
20230406:0711,89.08,67.44,12.36,6.05,2.28,0.0
20230406:0811,437.82,269.24,20.17,6.5,2.9,0.0
20230406:0911,543.24,327.45,27.29,7.16,3.66,0.0
20230406:1011,683.6,409.6,33.19,7.52,4.14,0.0
20230406:1111,775.32,466.52,37.26,7.81,3.79,0.0
20230406:1211,367.78,228.51,38.96,8.09,3.86,0.0
20230406:1311,415.78,255.92,38.0,8.25,4.21,0.0
20230406:1411,211.5,139.07,34.55,8.42,4.28,0.0
20230406:1511,440.5,269.19,29.1,8.25,4.34,0.0
20230406:1611,258.32,165.61,22.27,8.14,4.21,0.0
20230406:1711,140.88,98.77,14.61,7.61,3.86,0.0
20230406:1811,36.54,36.05,6.59,6.96,2.97,0.0
20230406:1911,0.0,0.0,0.0,5.92,2.21,0.0
20230406:2011,0.0,0.0,0.0,5.18,1.93,0.0
20230406:2111,0.0,0.0,0.0,4.55,1.86,0.0
20230406:2211,0.0,0.0,0.0,3.95,1.72,0.0
20230406:2311,0.0,0.0,0.0,3.2,1.45,0.0
20230407:0011,0.0,0.0,0.0,2.28,1.45,0.0
20230407:0111,0.0,0.0,0.0,1.63,1.45,0.0
20230407:0211,0.0,0.0,0.0,1.38,1.31,0.0
20230407:0311,0.0,0.0,0.0,0.76,1.38,0.0
20230407:0411,0.0,0.0,0.0,-0.37,1.24,0.0
20230407:0511,0.0,0.0,0.0,-0.75,1.1,0.0
20230407:0611,13.4,17.62,4.67,-0.96,1.03,0.0
20230407:0711,268.6,186.29,12.72,1.55,0.48,0.0
20230407:0811,694.54,427.05,20.53,3.71,0.41,0.0
20230407:0911,1029.54,635.74,27.66,5.2,1.03,0.0
20230407:1011,1209.86,760.47,33.57,6.64,1.59,0.0
20230407:1111,1403.86,908.39,37.65,8.01,1.86,0.0
20230407:1211,1405.02,916.69,39.34,9.16,1.86,0.0
20230407:1311,1415.28,928.74,38.36,10.02,1.86,0.0
20230407:1411,1258.0,809.93,34.88,10.87,1.93,0.0
20230407:1511,913.32,568.52,29.41,11.16,2.07,0.0
20230407:1611,751.6,467.28,22.56,10.88,2.21,0.0
20230407:1711,382.08,256.84,14.89,10.17,2.34,0.0
20230407:1811,53.46,60.07,6.86,9.07,1.93,0.0
20230407:1911,0.0,0.0,0.0,7.86,2.07,0.0
20230407:2011,0.0,0.0,0.0,6.34,1.79,0.0
20230407:2111,0.0,0.0,0.0,4.77,1.52,0.0
20230407:2211,0.0,0.0,0.0,3.75,1.45,0.0
20230407:2311,0.0,0.0,0.0,3.31,1.59,0.0
20230408:0011,0.0,0.0,0.0,3.06,1.72,0.0
20230408:0111,0.0,0.0,0.0,3.01,1.66,0.0
20230408:0211,0.0,0.0,0.0,2.84,1.66,0.0
20230408:0311,0.0,0.0,0.0,3.14,1.66,0.0
20230408:0411,0.0,0.0,0.0,3.64,1.66,0.0
20230408:0511,0.0,0.0,0.0,3.54,1.59,0.0
20230408:0611,4.24,10.2,5.02,3.46,1.52,0.0
20230408:0711,283.52,198.22,13.07,4.36,1.24,0.0
20230408:0811,691.9,424.86,20.89,6.51,2.0,0.0
20230408:0911,1063.3,650.96,28.03,7.71,2.97,0.0
20230408:1011,1351.14,851.16,33.94,8.78,3.17,0.0
20230408:1111,1423.2,908.96,38.03,9.83,3.31,0.0
20230408:1211,1505.1,976.64,39.71,10.52,3.24,0.0
20230408:1311,1498.66,975.43,38.72,11.05,3.17,0.0
20230408:1411,1391.46,893.77,35.22,11.33,3.17,0.0
20230408:1511,1095.58,683.19,29.72,11.51,3.24,0.0
20230408:1611,540.98,334.78,22.85,11.39,3.31,0.0
20230408:1711,346.28,231.98,15.16,10.91,2.97,0.0
20230408:1811,54.66,63.54,7.14,10.02,2.48,0.0
20230408:1911,0.0,0.0,0.0,8.82,2.28,0.0
20230408:2011,0.0,0.0,0.0,7.12,2.07,0.0
20230408:2111,0.0,0.0,0.0,5.73,1.86,0.0
20230408:2211,0.0,0.0,0.0,4.46,1.79,0.0
20230408:2311,0.0,0.0,0.0,3.41,1.66,0.0
20230409:0011,0.0,0.0,0.0,2.84,1.59,0.0
20230409:0111,0.0,0.0,0.0,2.71,1.45,0.0
20230409:0211,0.0,0.0,0.0,2.48,1.38,0.0
20230409:0311,0.0,0.0,0.0,2.46,1.31,0.0
20230409:0411,0.0,0.0,0.0,2.25,1.24,0.0
20230409:0511,0.0,0.0,0.0,2.31,1.1,0.0
20230409:0611,8.46,13.91,5.38,2.64,1.03,0.0
20230409:0711,28.48,28.74,13.42,4.1,1.1,0.0
20230409:0811,97.28,72.31,21.25,7.09,1.38,0.0
20230409:0911,194.78,129.79,28.39,8.37,2.41,0.0
20230409:1011,347.58,218.42,34.32,9.7,3.59,0.0
20230409:1111,277.86,178.93,38.41,10.85,4.55,0.0
20230409:1211,309.12,197.32,40.09,11.36,4.9,0.0
20230409:1311,300.36,192.67,39.08,11.93,4.97,0.0
20230409:1411,174.78,119.6,35.55,12.04,4.97,0.0
20230409:1511,107.62,79.73,30.03,11.87,4.83,0.0
20230409:1611,134.2,95.49,23.14,11.5,4.55,0.0
20230409:1711,35.58,34.3,15.44,10.87,4.34,0.0
20230409:1811,17.38,21.32,7.41,9.9,4.48,0.0
20230409:1911,0.0,0.0,0.0,8.84,4.0,0.0
20230409:2011,0.0,0.0,0.0,8.25,3.72,0.0
20230409:2111,0.0,0.0,0.0,7.81,3.72,0.0
20230409:2211,0.0,0.0,0.0,7.82,3.66,0.0
20230409:2311,0.0,0.0,0.0,7.88,3.45,0.0
20230410:0011,0.0,0.0,0.0,7.93,3.31,0.0
20230410:0111,0.0,0.0,0.0,7.7,3.31,0.0
20230410:0211,0.0,0.0,0.0,7.56,2.97,0.0
20230410:0311,0.0,0.0,0.0,7.48,2.62,0.0
20230410:0411,0.0,0.0,0.0,7.43,2.21,0.0
20230410:0511,0.0,0.0,0.0,7.22,1.86,0.0
20230410:0611,6.12,12.05,5.73,6.89,2.41,0.0
20230410:0711,158.12,110.63,13.78,7.21,3.52,0.0
20230410:0811,37.76,35.23,21.6,6.76,3.93,0.0
20230410:0911,932.18,559.13,28.76,7.04,4.07,0.0
20230410:1011,538.54,324.1,34.69,7.62,5.24,0.0
20230410:1111,1507.46,933.22,38.79,8.21,5.66,0.0
20230410:1211,887.54,531.41,40.46,8.29,5.59,0.0
20230410:1311,1349.56,827.31,39.43,8.35,5.52,0.0
20230410:1411,1130.88,681.79,35.88,7.98,5.38,0.0
20230410:1511,1130.52,680.51,30.33,7.78,5.24,0.0
20230410:1611,694.46,415.23,23.42,6.62,5.1,0.0
20230410:1711,200.3,133.39,15.72,5.77,4.48,0.0
20230410:1811,56.5,50.44,7.68,4.94,4.28,0.0
20230410:1911,0.0,0.0,0.0,4.97,4.0,0.0
20230410:2011,0.0,0.0,0.0,4.55,3.59,0.0
20230410:2111,0.0,0.0,0.0,4.37,3.38,0.0
20230410:2211,0.0,0.0,0.0,4.19,2.97,0.0
20230410:2311,0.0,0.0,0.0,4.05,2.9,0.0
20230411:0011,0.0,0.0,0.0,3.88,3.03,0.0
20230411:0111,0.0,0.0,0.0,3.66,3.17,0.0
20230411:0211,0.0,0.0,0.0,3.43,3.17,0.0
20230411:0311,0.0,0.0,0.0,3.26,2.97,0.0
20230411:0411,0.0,0.0,0.0,2.91,2.69,0.0
20230411:0511,0.0,0.0,0.0,2.76,2.69,0.0
20230411:0611,31.26,31.08,6.08,2.62,2.69,0.0
20230411:0711,305.38,207.52,14.12,3.43,3.45,0.0
20230411:0811,694.92,415.77,21.96,4.09,4.0,0.0
20230411:0911,917.42,545.29,29.12,5.02,3.93,0.0
20230411:1011,960.2,571.47,35.06,5.76,4.55,0.0
20230411:1111,1327.94,814.09,39.16,6.43,4.34,0.0
20230411:1211,935.08,562.58,40.83,7.09,4.14,0.0
20230411:1311,1482.46,936.07,39.79,7.67,3.72,0.0
20230411:1411,720.44,436.58,36.21,8.38,3.03,0.0
20230411:1511,714.64,435.42,30.64,8.93,2.41,0.0
20230411:1611,239.8,156.18,23.71,9.33,3.03,0.0
20230411:1711,116.08,84.12,15.99,8.84,3.03,0.0
20230411:1811,18.82,22.25,7.96,7.96,3.52,0.0
20230411:1911,0.0,0.0,0.0,6.92,3.52,0.0
20230411:2011,0.0,0.0,0.0,5.95,4.0,0.0
20230411:2111,0.0,0.0,0.0,4.85,4.34,0.0
20230411:2211,0.0,0.0,0.0,3.91,4.76,0.0
20230411:2311,0.0,0.0,0.0,3.54,4.76,0.0
20230412:0011,0.0,0.0,0.0,3.11,4.9,0.0
20230412:0111,0.0,0.0,0.0,2.8,4.21,0.0
20230412:0211,0.0,0.0,0.0,2.63,4.34,0.0
20230412:0311,0.0,0.0,0.0,2.92,2.07,0.0
20230412:0411,0.0,0.0,0.0,2.9,1.31,0.0
20230412:0511,0.0,0.0,0.0,2.57,3.1,0.0
20230412:0611,32.84,32.08,6.42,2.15,4.9,0.0
20230412:0711,183.96,123.49,14.47,2.29,4.41,0.0
20230412:0811,293.8,181.68,22.31,2.82,5.03,0.0
20230412:0911,258.18,161.68,29.47,3.06,5.86,0.0
20230412:1011,345.38,210.34,35.43,3.36,5.86,0.0
20230412:1111,594.0,350.9,39.53,4.04,5.31,0.0
20230412:1211,361.38,221.23,41.2,4.98,5.31,0.0
20230412:1311,325.12,201.92,40.14,6.15,5.1,0.0
20230412:1411,292.62,184.27,36.53,6.87,4.48,0.0
20230412:1511,404.14,247.32,30.94,6.76,4.0,0.0
20230412:1611,132.42,92.71,23.99,6.85,4.07,0.0
20230412:1711,280.34,182.67,16.26,6.14,3.79,0.0
20230412:1811,54.36,47.34,8.23,5.33,2.9,0.0
20230412:1911,0.0,0.0,0.0,4.51,3.03,0.0
20230412:2011,0.0,0.0,0.0,3.83,2.55,0.0
20230412:2111,0.0,0.0,0.0,3.0,2.28,0.0
20230412:2211,0.0,0.0,0.0,2.26,2.21,0.0
20230412:2311,0.0,0.0,0.0,1.79,2.34,0.0
20230413:0011,0.0,0.0,0.0,1.7,2.34,0.0
20230413:0111,0.0,0.0,0.0,1.77,2.21,0.0
20230413:0211,0.0,0.0,0.0,1.7,2.0,0.0
20230413:0311,0.0,0.0,0.0,1.47,1.93,0.0
20230413:0411,0.0,0.0,0.0,1.58,1.86,0.0
20230413:0511,0.0,0.0,0.0,1.6,1.66,0.0
20230413:0611,3.34,9.27,6.76,1.62,1.52,0.0
20230413:0711,55.98,46.36,14.81,3.3,1.79,0.0
20230413:0811,382.78,235.0,22.65,4.18,1.86,0.0
20230413:0911,251.9,160.72,29.83,5.1,1.86,0.0
20230413:1011,211.9,138.14,35.79,5.44,1.93,0.0
20230413:1111,397.12,244.43,39.9,5.83,2.07,0.0
20230413:1211,469.52,287.01,41.56,6.7,2.41,0.0
20230413:1311,170.34,114.96,40.48,6.93,2.21,0.0
20230413:1411,74.34,58.41,36.86,7.09,2.07,0.0
20230413:1511,46.22,40.79,31.24,6.91,1.93,0.0
20230413:1611,407.2,251.36,24.27,6.88,1.93,0.0
20230413:1711,118.34,84.67,16.53,6.57,2.0,0.0
20230413:1811,36.54,34.3,8.5,5.71,2.21,0.0
20230413:1911,0.0,0.0,0.0,4.71,1.66,0.0
20230413:2011,0.0,0.0,0.0,4.07,1.38,0.0
20230413:2111,0.0,0.0,0.0,3.6,1.03,0.0
20230413:2211,0.0,0.0,0.0,3.31,0.62,0.0
20230413:2311,0.0,0.0,0.0,3.2,0.55,0.0
20230414:0011,0.0,0.0,0.0,2.53,0.83,0.0
20230414:0111,0.0,0.0,0.0,2.13,1.1,0.0
20230414:0211,0.0,0.0,0.0,1.69,1.24,0.0
20230414:0311,0.0,0.0,0.0,1.57,1.31,0.0
20230414:0411,0.0,0.0,0.0,1.73,1.31,0.0
20230414:0511,0.0,0.0,0.0,1.87,1.38,0.0
20230414:0611,38.64,45.29,7.1,2.11,1.52,0.0
20230414:0711,347.1,235.08,15.15,3.47,1.93,0.0
20230414:0811,762.5,461.11,23.0,4.55,2.62,0.0
20230414:0911,667.12,400.56,30.18,5.58,2.28,0.0
20230414:1011,652.24,393.89,36.16,6.63,2.34,0.0
20230414:1111,1105.98,684.63,40.27,7.46,2.41,0.0
20230414:1211,683.56,417.35,41.93,8.23,2.14,0.0
20230414:1311,771.0,472.82,40.83,8.97,2.14,0.0
20230414:1411,855.44,525.88,37.18,9.12,2.14,0.0
20230414:1511,576.1,352.19,31.54,8.95,2.28,0.0
20230414:1611,671.92,411.27,24.55,8.55,2.41,0.0
20230414:1711,336.92,219.94,16.8,7.07,2.28,0.0
20230414:1811,72.98,76.83,8.76,6.5,1.79,0.0
20230414:1911,0.0,0.0,0.0,6.01,0.83,0.0
20230414:2011,0.0,0.0,0.0,4.47,1.17,0.0
20230414:2111,0.0,0.0,0.0,3.06,1.31,0.0
20230414:2211,0.0,0.0,0.0,2.14,1.31,0.0
20230414:2311,0.0,0.0,0.0,1.45,1.31,0.0
20230415:0011,0.0,0.0,0.0,-0.41,1.31,0.0
20230415:0111,0.0,0.0,0.0,-1.41,1.17,0.0
20230415:0211,0.0,0.0,0.0,-1.21,1.17,0.0
20230415:0311,0.0,0.0,0.0,-0.96,1.17,0.0
20230415:0411,0.0,0.0,0.0,-1.03,1.31,0.0
20230415:0511,0.0,0.0,0.0,-0.95,1.45,0.0
20230415:0611,41.46,48.12,7.44,-0.68,1.38,0.0
20230415:0711,348.8,231.46,15.49,0.19,1.52,0.0
20230415:0811,785.64,474.14,23.34,1.88,1.38,0.0
20230415:0911,1127.88,694.07,30.53,3.94,1.45,0.0
20230415:1011,1335.38,849.34,36.51,5.71,1.52,0.0
20230415:1111,1459.86,951.35,40.63,8.04,1.93,0.0
20230415:1211,1362.3,873.52,42.29,9.84,2.76,0.0
20230415:1311,1447.32,937.96,41.17,11.12,3.1,0.0
20230415:1411,1342.48,860.18,37.5,11.81,3.17,0.0
20230415:1511,1032.56,644.42,31.83,12.13,3.1,0.0
20230415:1611,654.78,405.93,24.83,11.96,2.97,0.0
20230415:1711,226.8,153.09,17.07,11.7,2.55,0.0
20230415:1811,45.66,41.33,9.03,10.81,2.21,0.0
20230415:1911,0.0,0.0,0.0,9.76,2.28,0.0
20230415:2011,0.0,0.0,0.0,8.8,2.41,0.0
20230415:2111,0.0,0.0,0.0,8.15,2.48,0.0
20230415:2211,0.0,0.0,0.0,7.8,2.62,0.0
20230415:2311,0.0,0.0,0.0,7.51,2.76,0.0
20230416:0011,0.0,0.0,0.0,7.32,2.9,0.0
20230416:0111,0.0,0.0,0.0,7.23,3.1,0.0
20230416:0211,0.0,0.0,0.0,7.06,3.24,0.0
20230416:0311,0.0,0.0,0.0,6.96,3.31,0.0
20230416:0411,0.0,0.0,0.0,6.84,3.38,0.0
20230416:0511,0.0,0.0,0.0,6.57,3.24,0.0
20230416:0611,6.14,12.05,7.77,6.44,2.97,0.0
20230416:0711,147.32,102.43,15.82,6.71,2.41,0.0
20230416:0811,491.02,301.13,23.67,7.23,2.41,0.0
20230416:0911,583.82,354.62,30.88,7.98,2.55,0.0
20230416:1011,893.34,545.81,36.87,9.26,3.03,0.0
20230416:1111,861.36,529.3,41.0,10.35,3.03,0.0
20230416:1211,440.42,275.13,42.64,11.09,2.83,0.0
20230416:1311,718.42,442.89,41.51,11.62,3.03,0.0
20230416:1411,482.56,300.11,37.81,11.75,3.1,0.0
20230416:1511,257.22,168.09,32.12,11.93,3.17,0.0
20230416:1611,469.6,292.85,25.1,11.64,2.9,0.0
20230416:1711,133.1,95.35,17.34,11.52,2.48,0.0
20230416:1811,22.22,25.03,9.29,11.32,2.28,0.0
20230416:1911,0.0,0.0,0.0,11.52,1.66,0.0
20230416:2011,0.0,0.0,0.0,10.77,1.59,0.0
20230416:2111,0.0,0.0,0.0,10.18,1.52,0.0
20230416:2211,0.0,0.0,0.0,9.93,1.38,0.0
20230416:2311,0.0,0.0,0.0,9.49,1.38,0.0
20230417:0011,0.0,0.0,0.0,9.15,1.31,0.0
20230417:0111,0.0,0.0,0.0,8.86,1.24,0.0
20230417:0211,0.0,0.0,0.0,8.66,1.17,0.0
20230417:0311,0.0,0.0,0.0,8.01,1.24,0.0
20230417:0411,0.0,0.0,0.0,7.17,1.31,0.0
20230417:0511,0.0,0.0,0.0,6.96,1.31,0.0
20230417:0611,48.4,53.61,8.1,6.75,1.31,0.0
20230417:0711,323.34,221.72,16.15,8.57,0.9,0.0
20230417:0811,704.9,446.22,24.01,11.5,0.83,0.0
20230417:0911,931.28,592.02,31.22,12.82,1.17,0.0
20230417:1011,309.12,201.29,37.22,14.28,1.93,0.0
20230417:1111,364.68,235.27,41.35,15.09,2.14,0.0
20230417:1211,742.34,467.29,43.0,15.13,2.62,0.0
20230417:1311,916.8,579.93,41.85,15.13,2.83,0.0
20230417:1411,645.3,405.07,38.13,15.31,2.83,0.0
20230417:1511,726.42,455.82,32.41,15.23,2.62,0.0
20230417:1611,587.88,371.47,25.38,15.13,2.34,0.0
20230417:1711,399.62,271.87,17.6,14.69,2.14,0.0
20230417:1811,61.82,53.57,9.56,14.1,2.07,0.0
20230417:1911,0.0,0.0,0.0,13.22,1.72,0.0
20230417:2011,0.0,0.0,0.0,12.28,1.66,0.0
20230417:2111,0.0,0.0,0.0,11.43,1.59,0.0
20230417:2211,0.0,0.0,0.0,10.5,1.59,0.0
20230417:2311,0.0,0.0,0.0,9.79,1.52,0.0
20230418:0011,0.0,0.0,0.0,9.13,1.52,0.0
20230418:0111,0.0,0.0,0.0,8.73,1.52,0.0
20230418:0211,0.0,0.0,0.0,8.51,1.45,0.0
20230418:0311,0.0,0.0,0.0,8.23,1.45,0.0
20230418:0411,0.0,0.0,0.0,7.98,1.38,0.0
20230418:0511,0.0,0.0,0.0,7.51,1.31,0.0
20230418:0611,49.16,43.47,8.43,7.11,1.38,0.0
20230418:0711,200.9,136.74,16.48,8.74,1.17,0.0
20230418:0811,716.46,448.9,24.34,9.96,1.1,0.0
20230418:0911,944.58,598.34,31.56,11.26,0.97,0.0
20230418:1011,1247.64,818.09,37.57,12.73,1.45,0.0
20230418:1111,1403.08,933.77,41.71,13.62,2.14,0.0
20230418:1211,1535.12,1038.27,43.35,14.36,2.55,0.0
20230418:1311,1499.66,1006.33,42.19,14.77,2.76,0.0
20230418:1411,1371.76,901.77,38.44,14.95,2.9,0.0
20230418:1511,1143.52,731.25,32.7,14.81,2.97,0.0
20230418:1611,816.2,514.56,25.65,14.42,2.9,0.0
20230418:1711,428.04,288.83,17.86,13.71,2.76,0.0
20230418:1811,80.4,84.94,9.82,12.73,2.48,0.0
20230418:1911,0.0,1.75,1.92,11.38,2.07,0.0
20230418:2011,0.0,0.0,0.0,9.54,1.79,0.0
20230418:2111,0.0,0.0,0.0,7.27,1.45,0.0
20230418:2211,0.0,0.0,0.0,5.96,1.31,0.0
20230418:2311,0.0,0.0,0.0,5.03,1.24,0.0
20230419:0011,0.0,0.0,0.0,4.59,1.1,0.0
20230419:0111,0.0,0.0,0.0,4.98,0.97,0.0
20230419:0211,0.0,0.0,0.0,4.57,0.9,0.0
20230419:0311,0.0,0.0,0.0,4.12,0.83,0.0
20230419:0411,0.0,0.0,0.0,3.68,0.9,0.0
20230419:0511,0.0,0.0,0.0,2.66,1.03,0.0
20230419:0611,55.04,61.07,8.75,1.98,1.17,0.0
20230419:0711,379.0,252.99,16.8,3.67,1.03,0.0
20230419:0811,796.94,490.89,24.67,6.78,1.66,0.0
20230419:0911,1141.18,711.55,31.89,8.72,2.41,0.0
20230419:1011,1395.34,888.33,37.92,10.21,3.38,0.0
20230419:1111,1564.96,1014.65,42.06,11.32,4.0,0.0
20230419:1211,1613.98,1055.16,43.7,12.12,4.21,0.0
20230419:1311,1574.16,1026.59,42.52,12.64,4.21,0.0
20230419:1411,1404.66,900.31,38.75,12.89,4.07,0.0
20230419:1511,1175.7,738.67,32.99,12.89,3.86,0.0
20230419:1611,837.42,520.97,25.92,12.63,3.59,0.0
20230419:1711,445.38,297.32,18.12,12.08,3.24,0.0
20230419:1811,84.42,89.43,10.08,11.21,2.69,0.0
20230419:1911,0.0,2.62,2.18,9.86,2.28,0.0
20230419:2011,0.0,0.0,0.0,8.18,2.07,0.0
20230419:2111,0.0,0.0,0.0,6.78,1.86,0.0
20230419:2211,0.0,0.0,0.0,5.31,1.66,0.0
20230419:2311,0.0,0.0,0.0,3.74,1.52,0.0
20230420:0011,0.0,0.0,0.0,3.22,1.38,0.0
20230420:0111,0.0,0.0,0.0,3.1,1.17,0.0
20230420:0211,0.0,0.0,0.0,3.57,1.03,0.0
20230420:0311,0.0,0.0,0.0,3.76,0.9,0.0
20230420:0411,0.0,0.0,0.0,3.85,0.83,0.0
20230420:0511,0.0,0.0,0.0,3.76,0.76,0.0
20230420:0611,73.36,63.07,9.07,3.49,0.69,0.0
20230420:0711,270.46,177.23,17.12,4.14,1.03,0.0
20230420:0811,642.46,392.42,24.99,6.27,1.59,0.0
20230420:0911,1048.12,647.21,32.23,7.9,2.21,0.0
20230420:1011,1367.7,872.0,38.26,9.34,2.76,0.0
20230420:1111,1545.48,1007.86,42.41,10.55,3.24,0.0
20230420:1211,1578.44,1034.91,44.04,11.4,3.52,0.0
20230420:1311,1514.48,984.3,42.85,11.98,3.72,0.0
20230420:1411,1377.6,882.22,39.06,12.27,3.66,0.0
20230420:1511,1146.94,719.66,33.27,12.41,3.52,0.0
20230420:1611,828.66,515.22,26.19,12.32,3.38,0.0
20230420:1711,443.6,295.53,18.38,11.95,3.17,0.0
20230420:1811,85.84,89.8,10.34,11.12,2.55,0.0
20230420:1911,0.0,2.62,2.45,9.54,2.28,0.0
20230420:2011,0.0,0.0,0.0,7.86,2.0,0.0
20230420:2111,0.0,0.0,0.0,6.43,1.72,0.0
20230420:2211,0.0,0.0,0.0,4.67,1.59,0.0
20230420:2311,0.0,0.0,0.0,3.3,1.52,0.0
20230421:0011,0.0,0.0,0.0,2.81,1.38,0.0
20230421:0111,0.0,0.0,0.0,2.46,1.38,0.0
20230421:0211,0.0,0.0,0.0,2.39,1.24,0.0
20230421:0311,0.0,0.0,0.0,2.53,1.17,0.0
20230421:0411,0.0,0.0,0.0,3.15,1.03,0.0
20230421:0511,0.0,0.0,0.0,3.62,0.9,0.0
20230421:0611,69.8,56.43,9.39,3.64,0.9,0.0
20230421:0711,221.02,145.43,17.43,3.75,0.76,0.0
20230421:0811,552.98,338.56,25.31,6.45,1.38,0.0
20230421:0911,1139.84,713.54,32.55,8.23,1.93,0.0
20230421:1011,1355.42,870.46,38.6,9.8,2.41,0.0
20230421:1111,1522.64,1001.08,42.75,11.06,2.83,0.0
20230421:1211,1551.9,1026.05,44.38,12.04,3.1,0.0
20230421:1311,1504.18,987.69,43.17,12.71,3.31,0.0
20230421:1411,1374.52,885.66,39.36,13.02,3.52,0.0
20230421:1511,1143.26,718.44,33.55,12.99,3.66,0.0
20230421:1611,818.1,507.67,26.45,12.53,3.72,0.0
20230421:1711,439.88,291.64,18.64,11.63,3.59,0.0
20230421:1811,92.88,90.99,10.59,10.43,2.97,0.0
20230421:1911,0.0,3.5,2.71,8.84,2.55,0.0
20230421:2011,0.0,0.0,0.0,7.07,2.21,0.0
20230421:2111,0.0,0.0,0.0,5.7,1.93,0.0
20230421:2211,0.0,0.0,0.0,4.61,1.79,0.0
20230421:2311,0.0,0.0,0.0,3.37,1.59,0.0
20230422:0011,0.0,0.0,0.0,2.16,1.52,0.0
20230422:0111,0.0,0.0,0.0,1.79,1.45,0.0
20230422:0211,0.0,0.0,0.0,1.31,1.52,0.0
20230422:0311,0.0,0.0,0.0,0.7,1.66,0.0
20230422:0411,0.0,0.0,0.0,0.22,1.72,0.0
20230422:0511,0.0,0.87,1.88,-0.08,1.79,0.0
20230422:0611,24.88,25.96,9.7,0.81,1.72,0.0
20230422:0711,94.68,69.53,17.74,3.02,2.62,0.0
20230422:0811,129.36,89.93,25.62,3.86,3.03,0.0
20230422:0911,143.22,98.27,32.88,4.9,3.38,0.0
20230422:1011,137.82,95.49,38.93,5.83,3.66,0.0
20230422:1111,193.62,127.94,43.1,6.77,4.0,0.0
20230422:1211,333.7,208.6,44.72,7.69,4.28,0.0
20230422:1311,453.08,277.45,43.5,8.31,4.69,0.0
20230422:1411,432.38,265.45,39.66,8.5,4.83,0.0
20230422:1511,599.04,361.44,33.83,8.56,4.69,0.0
20230422:1611,240.64,155.62,26.71,8.31,4.48,0.0
20230422:1711,262.54,170.67,18.89,7.78,4.21,0.0
20230422:1811,94.16,73.78,10.85,7.13,3.86,0.0
20230422:1911,1.12,7.0,2.97,5.86,3.52,0.0
20230422:2011,0.0,0.0,0.0,5.16,2.83,0.0
20230422:2111,0.0,0.0,0.0,4.8,2.41,0.0
20230422:2211,0.0,0.0,0.0,4.67,2.21,0.0
20230422:2311,0.0,0.0,0.0,4.39,2.07,0.0
20230423:0011,0.0,0.0,0.0,4.4,2.28,0.0
20230423:0111,0.0,0.0,0.0,4.2,2.07,0.0
20230423:0211,0.0,0.0,0.0,4.32,2.14,0.0
20230423:0311,0.0,0.0,0.0,4.26,2.0,0.0
20230423:0411,0.0,0.0,0.0,4.28,2.21,0.0
20230423:0511,0.0,0.87,2.19,4.08,2.0,0.0
20230423:0611,9.52,14.83,10.01,4.1,2.28,0.0
20230423:0711,132.34,91.9,18.05,4.49,4.0,0.0
20230423:0811,104.88,76.02,25.93,4.98,3.72,0.0
20230423:0911,126.9,89.0,33.2,5.39,3.59,0.0
20230423:1011,142.82,98.27,39.26,5.57,3.72,0.0
20230423:1111,154.2,104.76,43.43,5.53,4.0,0.0
20230423:1211,215.84,139.99,45.06,5.57,3.72,0.0
20230423:1311,366.98,225.63,43.82,5.7,4.28,0.0
20230423:1411,279.9,176.15,39.96,5.66,4.55,0.0
20230423:1511,263.08,166.48,34.11,5.51,4.55,0.0
20230423:1611,165.96,111.25,26.97,5.07,4.34,0.0
20230423:1711,119.66,84.37,19.15,4.32,4.62,0.0
20230423:1811,10.7,15.76,11.1,3.53,4.62,0.0
20230423:1911,0.0,2.62,3.23,3.02,4.14,0.0
20230423:2011,0.0,0.0,0.0,2.42,3.72,0.0
20230423:2111,0.0,0.0,0.0,1.91,3.66,0.0
20230423:2211,0.0,0.0,0.0,1.71,3.52,0.0
20230423:2311,0.0,0.0,0.0,1.36,3.17,0.0
20230424:0011,0.0,0.0,0.0,1.22,3.03,0.0
20230424:0111,0.0,0.0,0.0,1.1,2.9,0.0
20230424:0211,0.0,0.0,0.0,0.86,2.83,0.0
20230424:0311,0.0,0.0,0.0,0.94,2.83,0.0
20230424:0411,0.0,0.0,0.0,0.88,2.9,0.0
20230424:0511,0.0,1.75,2.5,0.67,2.62,0.0
20230424:0611,56.82,46.69,10.31,0.92,2.55,0.0
20230424:0711,109.76,77.88,18.35,1.63,3.17,0.0
20230424:0811,169.58,112.18,26.24,2.28,3.31,0.0
20230424:0911,490.72,292.8,33.51,3.03,3.38,0.0
20230424:1011,628.78,373.4,39.59,3.96,3.59,0.0
20230424:1111,358.88,220.35,43.77,4.58,3.66,0.0
20230424:1211,358.28,220.35,45.39,5.07,3.86,0.0
20230424:1311,575.12,344.18,44.13,5.17,4.0,0.0
20230424:1411,1113.7,668.96,40.25,4.82,4.0,0.0
20230424:1511,274.94,172.96,34.38,4.93,3.93,0.0
20230424:1611,243.62,155.12,27.23,4.73,3.93,0.0
20230424:1711,317.06,200.76,19.4,4.21,3.79,0.0
20230424:1811,113.66,94.18,11.35,3.6,3.45,0.0
20230424:1911,0.0,3.5,3.49,2.84,2.62,0.0
20230424:2011,0.0,0.0,0.0,2.16,2.14,0.0
20230424:2111,0.0,0.0,0.0,1.44,2.0,0.0
20230424:2211,0.0,0.0,0.0,1.01,1.79,0.0
20230424:2311,0.0,0.0,0.0,0.17,1.66,0.0
20230425:0011,0.0,0.0,0.0,-0.9,1.59,0.0
20230425:0111,0.0,0.0,0.0,-1.67,1.52,0.0
20230425:0211,0.0,0.0,0.0,-1.67,1.45,0.0
20230425:0311,0.0,0.0,0.0,-1.83,1.45,0.0
20230425:0411,0.0,0.0,0.0,-2.15,1.45,0.0
20230425:0511,0.0,1.75,2.8,-2.33,1.52,0.0
20230425:0611,96.7,73.48,10.61,-1.44,1.38,0.0
20230425:0711,249.2,158.78,18.65,0.55,2.14,0.0
20230425:0811,388.74,234.97,26.54,1.55,2.34,0.0
20230425:0911,643.68,381.05,33.82,2.4,2.48,0.0
20230425:1011,911.82,544.66,39.91,3.28,2.55,0.0
20230425:1111,663.16,396.21,44.1,4.13,2.69,0.0
20230425:1211,617.36,370.47,45.72,4.91,2.83,0.0
20230425:1311,616.02,370.34,44.45,5.12,2.62,0.0
20230425:1411,460.64,280.01,40.54,5.36,2.55,0.0
20230425:1511,539.62,325.48,34.65,5.63,2.62,0.0
20230425:1611,448.54,272.8,27.49,5.36,2.69,0.0
20230425:1711,217.96,142.03,19.65,4.82,2.69,0.0
20230425:1811,71.22,56.1,11.6,4.12,2.34,0.0
20230425:1911,0.0,4.37,3.74,3.41,1.86,0.0
20230425:2011,0.0,0.0,0.0,2.37,1.52,0.0
20230425:2111,0.0,0.0,0.0,0.84,1.17,0.0
20230425:2211,0.0,0.0,0.0,1.29,0.83,0.0
20230425:2311,0.0,0.0,0.0,1.4,0.48,0.0
20230426:0011,0.0,0.0,0.0,1.01,0.34,0.0
20230426:0111,0.0,0.0,0.0,0.7,0.28,0.0
20230426:0211,0.0,0.0,0.0,0.34,0.28,0.0
20230426:0311,0.0,0.0,0.0,0.0,0.34,0.0
20230426:0411,0.0,0.0,0.0,-0.3,0.34,0.0
20230426:0511,0.0,1.75,3.1,-0.75,0.34,0.0
20230426:0611,102.56,80.03,10.9,-0.71,0.28,0.0
20230426:0711,384.38,246.35,18.95,0.62,0.21,0.0
20230426:0811,831.9,504.91,26.84,1.97,0.76,0.0
20230426:0911,1154.92,713.26,34.13,2.98,1.1,0.0
20230426:1011,1329.82,849.51,40.23,4.05,0.9,0.0
20230426:1111,1334.44,859.77,44.42,4.91,0.9,0.0
20230426:1211,1385.36,902.55,46.04,5.61,0.97,0.0
20230426:1311,1459.24,963.5,44.76,6.06,0.97,0.0
20230426:1411,1342.3,864.46,40.83,6.16,1.17,0.0
20230426:1511,1140.6,714.15,34.92,6.21,1.24,0.0
20230426:1611,444.54,272.75,27.74,6.19,1.66,0.0
20230426:1711,222.98,145.74,19.89,5.87,2.14,0.0
20230426:1811,103.04,77.28,11.85,5.03,2.62,0.0
20230426:1911,1.92,7.87,4.0,3.96,2.69,0.0
20230426:2011,0.0,0.0,0.0,3.03,2.21,0.0
20230426:2111,0.0,0.0,0.0,2.2,2.07,0.0
20230426:2211,0.0,0.0,0.0,1.72,1.86,0.0
20230426:2311,0.0,0.0,0.0,1.25,1.72,0.0
20230427:0011,0.0,0.0,0.0,1.06,1.66,0.0
20230427:0111,0.0,0.0,0.0,1.11,1.45,0.0
20230427:0211,0.0,0.0,0.0,0.94,1.31,0.0
20230427:0311,0.0,0.0,0.0,0.76,1.24,0.0
20230427:0411,0.0,0.0,0.0,0.68,1.17,0.0
20230427:0511,0.0,2.62,3.4,0.66,1.03,0.0
20230427:0611,20.8,23.18,11.19,1.5,0.9,0.0
20230427:0711,77.46,59.33,19.24,2.59,0.69,0.0
20230427:0811,154.92,104.76,27.14,3.54,1.1,0.0
20230427:0911,304.24,190.61,34.43,4.9,1.59,0.0
20230427:1011,222.82,144.63,40.54,6.02,2.28,0.0
20230427:1111,224.3,145.56,44.74,6.23,2.41,0.0
20230427:1211,251.78,161.32,46.36,6.31,2.48,0.0
20230427:1311,344.9,214.75,45.07,6.45,2.62,0.0
20230427:1411,277.18,176.15,41.12,6.56,2.28,0.0
20230427:1511,252.7,162.24,35.19,6.77,2.28,0.0
20230427:1611,114.8,82.51,27.99,6.58,1.79,0.0
20230427:1711,124.38,88.08,20.14,6.38,1.79,0.0
20230427:1811,40.66,37.08,12.09,6.19,1.52,0.0
20230427:1911,0.0,4.37,4.25,6.16,0.97,0.0
20230427:2011,0.0,0.0,0.0,5.71,1.1,0.0
20230427:2111,0.0,0.0,0.0,5.29,1.1,0.0
20230427:2211,0.0,0.0,0.0,5.06,0.97,0.0
20230427:2311,0.0,0.0,0.0,4.93,0.83,0.0
20230428:0011,0.0,0.0,0.0,4.92,0.83,0.0
20230428:0111,0.0,0.0,0.0,4.9,0.76,0.0
20230428:0211,0.0,0.0,0.0,4.9,0.76,0.0
20230428:0311,0.0,0.0,0.0,4.89,0.83,0.0
20230428:0411,0.0,0.0,0.0,4.89,0.83,0.0
20230428:0511,1.9,7.87,3.69,4.95,0.9,0.0
20230428:0611,88.22,67.82,11.48,5.18,0.9,0.0
20230428:0711,374.48,245.09,19.52,6.17,0.69,0.0
20230428:0811,740.8,458.85,27.43,7.17,0.69,0.0
20230428:0911,491.8,304.24,34.73,8.33,0.9,0.0
20230428:1011,432.7,269.94,40.85,9.3,1.45,0.0
20230428:1111,427.32,268.19,45.06,10.39,1.52,0.0
20230428:1211,290.26,187.28,46.68,10.81,1.93,0.0
20230428:1311,182.96,124.23,45.37,10.81,2.28,0.0
20230428:1411,118.68,86.22,41.4,10.98,2.69,0.0
20230428:1511,162.72,112.18,35.45,10.64,2.69,0.0
20230428:1611,109.92,80.66,28.24,10.09,3.03,0.0
20230428:1711,70.66,56.55,20.38,9.15,3.31,0.0
20230428:1811,30.62,30.59,12.33,7.97,3.24,0.0
20230428:1911,0.0,5.25,4.5,7.1,2.69,0.0
20230428:2011,0.0,0.0,0.0,6.29,2.69,0.0
20230428:2111,0.0,0.0,0.0,5.55,2.41,0.0
20230428:2211,0.0,0.0,0.0,5.0,2.34,0.0
20230428:2311,0.0,0.0,0.0,4.43,2.21,0.0
20230429:0011,0.0,0.0,0.0,3.97,2.21,0.0
20230429:0111,0.0,0.0,0.0,3.74,2.28,0.0
20230429:0211,0.0,0.0,0.0,3.33,2.34,0.0
20230429:0311,0.0,0.0,0.0,2.93,2.14,0.0
20230429:0411,0.0,0.0,0.0,2.63,2.14,0.0
20230429:0511,0.0,3.5,3.98,2.31,1.93,0.0
20230429:0611,64.06,51.35,11.76,2.26,2.0,0.0
20230429:0711,156.0,104.89,19.8,2.47,2.34,0.0
20230429:0811,198.22,128.87,27.71,2.95,2.34,0.0
20230429:0911,311.58,193.34,35.02,3.64,2.28,0.0
20230429:1011,227.9,146.48,41.15,4.33,2.28,0.0
20230429:1111,309.96,193.77,45.38,5.01,2.14,0.0
20230429:1211,332.76,207.67,46.99,5.73,1.86,0.0
20230429:1311,374.08,232.02,45.67,6.11,1.66,0.0
20230429:1411,239.34,154.83,41.68,6.73,1.52,0.0
20230429:1511,307.38,194.29,35.71,6.86,1.24,0.0
20230429:1611,236.52,153.68,28.49,7.23,1.1,0.0
20230429:1711,115.8,83.44,20.62,7.4,1.24,0.0
20230429:1811,104.52,78.6,12.57,7.31,1.38,0.0
20230429:1911,2.66,8.74,4.75,7.45,1.45,0.0
20230429:2011,0.0,0.0,0.0,6.44,1.66,0.0
20230429:2111,0.0,0.0,0.0,5.73,1.38,0.0
20230429:2211,0.0,0.0,0.0,5.34,1.03,0.0
20230429:2311,0.0,0.0,0.0,4.79,0.97,0.0
20230430:0011,0.0,0.0,0.0,4.49,0.97,0.0
20230430:0111,0.0,0.0,0.0,4.39,0.97,0.0
20230430:0211,0.0,0.0,0.0,4.28,0.97,0.0
20230430:0311,0.0,0.0,0.0,4.53,0.97,0.0
20230430:0411,0.0,0.0,0.0,4.7,1.1,0.0
20230430:0511,0.0,2.62,4.26,4.78,1.03,0.0
20230430:0611,61.32,50.06,12.04,5.31,1.03,0.0
20230430:0711,68.62,54.7,20.08,5.99,1.17,0.0
20230430:0811,171.5,115.89,27.99,7.0,1.17,0.0
20230430:0911,318.94,202.14,35.31,8.18,1.24,0.0
20230430:1011,301.88,193.36,41.45,9.69,1.52,0.0
20230430:1111,377.46,238.15,45.68,10.22,1.79,0.0
20230430:1211,481.78,300.09,47.3,11.1,2.69,0.0
20230430:1311,283.54,183.57,45.96,11.56,2.62,0.0
20230430:1411,296.16,190.98,41.96,11.68,2.83,0.0
20230430:1511,187.08,127.01,35.97,11.79,3.03,0.0
20230430:1611,539.38,334.25,28.73,11.59,3.17,0.0
20230430:1711,319.86,208.7,20.86,11.01,2.76,0.0
20230430:1811,73.42,58.86,12.81,10.69,2.83,0.0
20230430:1911,0.0,5.25,4.99,10.3,2.41,0.0
20230430:2011,0.0,0.0,0.0,9.63,2.34,0.0
20230430:2111,0.0,0.0,0.0,9.27,2.41,0.0
20230430:2211,0.0,0.0,0.0,9.13,2.62,0.0
20230430:2311,0.0,0.0,0.0,8.89,2.69,0.0
20230501:0011,0.0,0.0,0.0,8.67,2.69,0.0
20230501:0111,0.0,0.0,0.0,8.54,2.83,0.0
20230501:0211,0.0,0.0,0.0,8.52,2.83,0.0
20230501:0311,0.0,0.0,0.0,8.49,2.76,0.0
20230501:0411,0.0,0.0,0.0,8.55,2.9,0.0
20230501:0511,0.38,6.12,4.53,8.16,2.83,0.0
20230501:0611,52.02,44.5,12.31,7.08,3.03,0.0
20230501:0711,124.5,88.08,20.35,6.63,3.31,0.0
20230501:0811,202.5,132.58,28.26,5.75,3.38,0.0
20230501:0911,361.16,222.58,35.59,5.57,3.24,0.0
20230501:1011,179.74,119.6,41.75,5.69,3.17,0.0
20230501:1111,401.1,246.49,45.99,6.2,3.1,0.0
20230501:1211,527.74,320.19,47.6,6.36,2.97,0.0
20230501:1311,302.22,190.06,46.26,6.32,2.83,0.0
20230501:1411,530.94,321.59,42.23,6.12,2.76,0.0
20230501:1511,652.3,392.06,36.22,5.98,2.76,0.0
20230501:1611,431.12,263.4,28.98,5.87,2.69,0.0
20230501:1711,181.4,120.87,21.09,5.59,2.62,0.0
20230501:1811,93.12,69.93,13.05,5.26,2.41,0.0
20230501:1911,1.12,7.0,5.23,5.2,2.0,0.0
20230501:2011,0.0,0.0,0.0,4.78,1.72,0.0
20230501:2111,0.0,0.0,0.0,4.37,1.59,0.0
20230501:2211,0.0,0.0,0.0,3.74,1.38,0.0
20230501:2311,0.0,0.0,0.0,2.92,0.97,0.0
20230502:0011,0.0,0.0,0.0,3.43,0.55,0.0
20230502:0111,0.0,0.0,0.0,3.05,0.14,0.0
20230502:0211,0.0,0.0,0.0,2.61,0.07,0.0
20230502:0311,0.0,0.0,0.0,2.28,0.21,0.0
20230502:0411,0.0,0.0,0.0,2.09,0.34,0.0
20230502:0511,0.0,3.5,4.81,2.02,0.41,0.0
20230502:0611,59.2,48.21,12.58,2.24,0.28,0.0
20230502:0711,0.0,0.0,0.0,3.49,0.83,0.0
20230502:0811,467.12,284.93,28.53,4.58,1.1,0.0
20230502:0911,575.14,349.26,35.87,5.41,1.1,0.0
20230502:1011,738.82,451.36,42.04,6.46,1.17,0.0
20230502:1111,1411.38,932.84,46.29,7.51,0.97,0.0
20230502:1211,1343.44,886.69,47.91,8.55,0.9,0.0
20230502:1311,1335.7,880.0,46.55,9.42,1.1,0.0
20230502:1411,1122.62,722.85,42.5,10.04,0.9,0.0
20230502:1511,945.82,602.48,36.47,10.43,0.41,0.0
20230502:1611,699.7,439.91,29.21,10.41,0.41,0.0
20230502:1711,449.22,294.78,21.33,10.04,1.1,0.0
20230502:1811,122.38,91.22,13.28,9.41,1.38,0.0
20230502:1911,7.22,13.12,5.47,8.81,1.45,0.0
20230502:2011,0.0,0.0,0.0,7.85,1.45,0.0
20230502:2111,0.0,0.0,0.0,6.71,1.24,0.0
20230502:2211,0.0,0.0,0.0,5.7,1.1,0.0
20230502:2311,0.0,0.0,0.0,4.71,0.97,0.0
20230503:0011,0.0,0.0,0.0,5.18,0.34,0.0
20230503:0111,0.0,0.0,0.0,4.78,0.07,0.0
20230503:0211,0.0,0.0,0.0,4.48,0.07,0.0
20230503:0311,0.0,0.0,0.0,4.34,0.41,0.0
20230503:0411,0.0,0.0,0.0,4.22,0.48,0.0
20230503:0511,1.92,7.87,5.07,4.2,0.55,0.0
20230503:0611,73.86,57.85,12.84,4.54,0.48,0.0
20230503:0711,252.44,164.32,20.88,6.14,0.62,0.0
20230503:0811,516.74,320.54,28.8,7.99,0.48,0.0
20230503:0911,801.64,501.3,36.15,9.76,0.62,0.0
20230503:1011,780.0,489.56,42.32,11.06,0.9,0.0
20230503:1111,629.48,395.81,46.58,12.27,1.03,0.0
20230503:1211,622.22,392.68,48.2,12.92,1.03,0.0
20230503:1311,440.94,280.57,46.83,13.0,0.97,0.0
20230503:1411,305.92,198.91,42.77,12.86,0.97,0.0
20230503:1511,273.56,179.37,36.72,12.14,0.41,0.0
20230503:1611,203.1,137.21,29.45,11.85,0.55,0.0
20230503:1711,173.76,119.8,21.56,11.54,0.62,0.0
20230503:1811,42.36,38.94,13.51,11.18,0.83,0.0
20230503:1911,1.78,7.87,5.71,10.77,1.24,0.0
20230503:2011,0.0,0.0,0.0,9.89,1.24,0.0
20230503:2111,0.0,0.0,0.0,9.0,0.97,0.0
20230503:2211,0.0,0.0,0.0,8.41,0.76,0.0
20230503:2311,0.0,0.0,0.0,8.09,0.62,0.0
20230504:0011,0.0,0.0,0.0,7.8,0.55,0.0
20230504:0111,0.0,0.0,0.0,7.6,0.48,0.0
20230504:0211,0.0,0.0,0.0,7.36,0.48,0.0
20230504:0311,0.0,0.0,0.0,6.47,0.83,0.0
20230504:0411,0.0,0.0,0.0,6.07,1.03,0.0
20230504:0511,3.58,9.62,5.34,5.48,1.17,0.0
20230504:0611,119.44,88.56,13.1,6.37,1.24,0.0
20230504:0711,235.46,154.58,21.13,7.92,1.79,0.0
20230504:0811,456.72,281.05,29.06,8.38,3.1,0.0
20230504:0911,637.14,386.68,36.41,9.0,3.66,0.0
20230504:1011,964.22,589.2,42.6,9.65,3.93,0.0
20230504:1111,1501.5,958.45,46.87,10.57,4.28,0.0
20230504:1211,1552.04,995.12,48.49,11.1,4.62,0.0
20230504:1311,1382.42,870.63,47.11,11.13,4.76,0.0
20230504:1411,1396.42,877.16,43.03,10.85,4.69,0.0
20230504:1511,1192.16,735.62,36.97,10.59,4.55,0.0
20230504:1611,652.66,398.02,29.68,10.01,4.21,0.0
20230504:1711,299.36,193.01,21.78,9.34,4.0,0.0
20230504:1811,115.22,84.98,13.74,8.49,3.93,0.0
20230504:1911,7.3,13.12,5.95,7.56,3.31,0.0
20230504:2011,0.0,0.0,0.0,6.49,3.31,0.0
20230504:2111,0.0,0.0,0.0,5.68,3.24,0.0
20230504:2211,0.0,0.0,0.0,5.17,3.17,0.0
20230504:2311,0.0,0.0,0.0,4.95,2.83,0.0
20230505:0011,0.0,0.0,0.0,4.83,2.48,0.0
20230505:0111,0.0,0.0,0.0,4.71,2.28,0.0
20230505:0211,0.0,0.0,0.0,4.49,2.28,0.0
20230505:0311,0.0,0.0,0.0,4.68,2.34,0.0
20230505:0411,0.0,0.0,0.0,4.86,2.41,0.0
20230505:0511,8.44,13.99,5.59,5.15,2.55,0.0
20230505:0611,110.58,81.26,13.35,5.77,2.14,0.0
20230505:0711,263.1,169.61,21.38,6.74,3.52,0.0
20230505:0811,535.06,324.82,29.31,7.79,4.21,0.0
20230505:0911,251.44,162.24,36.68,8.88,4.55,0.0
20230505:1011,261.56,168.73,42.88,9.82,4.55,0.0
20230505:1111,609.56,372.97,47.16,10.83,4.62,0.0
20230505:1211,626.46,384.33,48.78,11.33,4.48,0.0
20230505:1311,616.16,378.91,47.39,11.65,4.28,0.0
20230505:1411,231.6,152.97,43.29,11.94,3.93,0.0
20230505:1511,685.36,421.9,37.21,12.03,3.52,0.0
20230505:1611,743.36,461.18,29.92,12.13,3.03,0.0
20230505:1711,446.7,293.29,22.01,12.3,2.62,0.0
20230505:1811,127.2,116.53,13.97,12.18,2.07,0.0
20230505:1911,27.58,28.86,6.18,11.22,2.34,0.0
20230505:2011,0.0,0.0,0.0,9.91,1.86,0.0
20230505:2111,0.0,0.0,0.0,8.89,1.38,0.0
20230505:2211,0.0,0.0,0.0,7.77,1.1,0.0
20230505:2311,0.0,0.0,0.0,7.0,0.97,0.0
20230506:0011,0.0,0.0,0.0,6.74,0.83,0.0
20230506:0111,0.0,0.0,0.0,6.16,0.83,0.0
20230506:0211,0.0,0.0,0.0,5.96,0.83,0.0
20230506:0311,0.0,0.0,0.0,5.86,0.76,0.0
20230506:0411,0.0,0.0,0.0,5.75,0.83,0.0
20230506:0511,25.82,27.11,5.84,5.96,0.83,0.0
20230506:0611,134.72,103.71,13.59,6.89,1.31,0.0
20230506:0711,337.5,218.03,21.63,7.87,1.17,0.0
20230506:0811,358.28,226.74,29.56,9.86,1.31,0.0
20230506:0911,584.0,362.15,36.94,11.57,2.28,0.0
20230506:1011,184.02,126.09,43.15,13.25,2.55,0.0
20230506:1111,839.38,530.63,47.44,14.23,2.21,0.0
20230506:1211,688.86,435.1,49.06,15.09,2.34,0.0
20230506:1311,299.8,196.55,47.66,15.57,2.69,0.0
20230506:1411,696.84,439.1,43.55,15.84,2.97,0.0
20230506:1511,813.7,512.35,37.45,15.6,2.97,0.0
20230506:1611,358.64,230.78,30.14,14.91,2.83,0.0
20230506:1711,80.46,63.97,22.23,14.52,2.34,0.0
20230506:1811,79.7,63.48,14.19,13.56,2.0,0.0
20230506:1911,3.36,9.62,6.41,12.71,2.34,0.0
20230506:2011,0.0,0.0,0.0,11.94,1.79,0.0
20230506:2111,0.0,0.0,0.0,11.17,1.59,0.0
20230506:2211,0.0,0.0,0.0,10.3,1.45,0.0
20230506:2311,0.0,0.0,0.0,9.11,1.17,0.0
20230507:0011,0.0,0.0,0.0,8.92,0.97,0.0
20230507:0111,0.0,0.0,0.0,8.9,0.9,0.0
20230507:0211,0.0,0.0,0.0,8.79,0.9,0.0
20230507:0311,0.0,0.0,0.0,8.36,1.03,0.0
20230507:0411,0.0,0.0,0.0,8.18,1.03,0.0
20230507:0511,29.26,29.73,6.09,8.32,0.97,0.0
20230507:0611,135.14,108.14,13.84,9.49,0.9,0.0
20230507:0711,346.46,226.1,21.87,10.44,1.45,0.0
20230507:0811,605.28,375.89,29.81,11.46,2.41,0.0
20230507:0911,1027.14,642.48,37.19,12.49,3.1,0.0
20230507:1011,1213.82,777.21,43.41,13.34,2.97,0.0
20230507:1111,811.82,508.93,47.71,14.2,3.03,0.0
20230507:1211,202.7,138.14,49.34,15.14,3.03,0.0
20230507:1311,154.26,109.4,47.93,15.62,3.03,0.0
20230507:1411,257.76,171.51,43.8,15.97,3.1,0.0
20230507:1511,643.84,405.39,37.69,16.29,3.24,0.0
20230507:1611,359.72,232.46,30.37,16.19,3.24,0.0
20230507:1711,425.48,282.35,22.45,15.79,3.1,0.0
20230507:1811,145.38,114.97,14.41,15.2,2.69,0.0
20230507:1911,22.24,25.36,6.64,14.68,2.62,0.0
20230507:2011,0.0,0.0,0.0,13.3,2.62,0.0
20230507:2111,0.0,0.0,0.0,12.24,2.69,0.0
20230507:2211,0.0,0.0,0.0,11.73,2.76,0.0
20230507:2311,0.0,0.0,0.0,11.37,2.76,0.0
20230508:0011,0.0,0.0,0.0,11.26,3.03,0.0
20230508:0111,0.0,0.0,0.0,10.96,3.03,0.0
20230508:0211,0.0,0.0,0.0,10.53,2.97,0.0
20230508:0311,0.0,0.0,0.0,10.09,3.1,0.0
20230508:0411,0.0,0.0,0.0,9.89,3.03,0.0
20230508:0511,0.0,5.25,6.33,9.89,3.52,0.0
20230508:0611,48.38,42.65,14.07,10.08,3.72,0.0
20230508:0711,224.14,148.49,22.1,10.49,3.86,0.0
20230508:0811,266.88,172.88,30.05,10.9,3.52,0.0
20230508:0911,205.08,137.21,37.43,11.58,4.14,0.0
20230508:1011,248.98,163.17,43.67,11.95,3.79,0.0
20230508:1111,362.92,230.44,47.99,12.25,3.45,0.0
20230508:1211,347.16,221.58,49.61,12.56,3.31,0.0
20230508:1311,299.42,193.77,48.2,13.13,3.59,0.0
20230508:1411,570.86,355.08,44.05,13.27,3.66,0.0
20230508:1511,598.68,371.41,37.92,13.18,3.52,0.0
20230508:1611,621.62,386.81,30.59,13.6,3.66,0.0
20230508:1711,329.68,215.8,22.67,13.23,2.83,0.0
20230508:1811,147.34,112.33,14.63,12.99,2.62,0.0
20230508:1911,0.0,5.25,6.86,13.29,2.28,0.0
20230508:2011,0.0,0.0,0.0,12.3,2.07,0.0
20230508:2111,0.0,0.0,0.0,11.41,1.86,0.0
20230508:2211,0.0,0.0,0.0,10.87,1.66,0.0
20230508:2311,0.0,0.0,0.0,10.43,1.66,0.0
20230509:0011,0.0,0.0,0.0,10.33,1.59,0.0
20230509:0111,0.0,0.0,0.0,10.33,1.59,0.0
20230509:0211,0.0,0.0,0.0,10.32,1.59,0.0
20230509:0311,0.0,0.0,0.0,10.2,1.66,0.0
20230509:0411,0.0,0.0,0.0,10.05,1.72,0.0
20230509:0511,31.56,31.48,6.57,9.86,1.79,0.0
20230509:0611,125.04,112.97,14.3,9.83,1.86,0.0
20230509:0711,477.36,314.74,22.33,9.88,2.07,0.0
20230509:0811,739.58,456.84,30.28,10.23,2.48,0.0
20230509:0911,611.16,376.89,37.68,10.94,2.62,0.0
20230509:1011,535.38,333.57,43.92,12.1,2.62,0.0
20230509:1111,582.6,364.42,48.25,13.28,2.69,0.0
20230509:1211,1171.52,752.53,49.88,13.51,2.76,0.0
20230509:1311,824.18,517.38,48.46,13.74,2.69,0.0
20230509:1411,556.3,348.47,44.29,13.77,2.9,0.0
20230509:1511,1105.6,702.57,38.15,13.8,2.83,0.0
20230509:1611,706.96,444.51,30.81,14.02,2.34,0.0
20230509:1711,400.92,263.38,22.89,13.51,1.72,0.0
20230509:1811,142.6,124.62,14.85,13.12,1.24,0.0
20230509:1911,5.14,11.37,7.08,12.49,0.28,0.0
20230509:2011,0.0,0.0,0.0,11.89,0.34,0.0
20230509:2111,0.0,0.0,0.0,11.24,0.34,0.0
20230509:2211,0.0,0.0,0.0,10.79,0.28,0.0
20230509:2311,0.0,0.0,0.0,10.14,0.48,0.0
20230510:0011,0.0,0.0,0.0,9.59,0.62,0.0
20230510:0111,0.0,0.0,0.0,9.03,0.69,0.0
20230510:0211,0.0,0.0,0.0,8.47,0.69,0.0
20230510:0311,0.0,0.0,0.0,7.96,0.69,0.0
20230510:0411,0.0,0.0,0.0,7.53,0.76,0.0
20230510:0511,0.4,6.12,6.8,7.0,0.83,0.0
20230510:0611,91.24,68.98,14.53,7.18,0.62,0.0
20230510:0711,282.76,184.67,22.56,9.56,0.69,0.0
20230510:0811,615.02,383.29,30.51,10.96,1.52,0.0
20230510:0911,341.42,218.04,37.91,12.1,2.55,0.0
20230510:1011,412.26,261.17,44.17,12.87,2.41,0.0
20230510:1111,752.22,472.53,48.51,13.54,2.21,0.0
20230510:1211,492.94,311.68,50.15,13.81,2.14,0.0
20230510:1311,264.14,174.3,48.71,14.2,2.34,0.0
20230510:1411,138.46,99.2,44.53,13.91,2.62,0.0
20230510:1511,149.3,105.69,38.38,13.72,2.21,0.0
20230510:1611,63.32,52.85,31.03,13.09,1.72,0.0
20230510:1711,246.78,163.59,23.1,12.15,1.93,0.0
20230510:1811,157.84,122.94,15.06,11.57,1.17,0.0
20230510:1911,35.14,34.1,7.3,11.32,1.38,0.0
20230510:2011,0.0,0.0,0.0,10.67,1.31,0.0
20230510:2111,0.0,0.0,0.0,9.16,1.45,0.0
20230510:2211,0.0,0.0,0.0,8.01,1.38,0.0
20230510:2311,0.0,0.0,0.0,7.65,1.24,0.0
20230511:0011,0.0,0.0,0.0,7.72,1.03,0.0
20230511:0111,0.0,0.0,0.0,7.71,0.97,0.0
20230511:0211,0.0,0.0,0.0,7.94,0.83,0.0
20230511:0311,0.0,0.0,0.0,7.68,0.55,0.0
20230511:0411,0.0,0.0,0.0,7.46,0.28,0.0
20230511:0511,42.52,38.48,7.03,7.17,0.14,0.0
20230511:0611,150.58,110.15,14.75,7.72,0.34,0.0
20230511:0711,296.78,191.93,22.78,8.85,1.72,0.0
20230511:0811,356.72,224.59,30.73,9.32,2.14,0.0
20230511:0911,342.5,216.68,38.14,10.0,2.55,0.0
20230511:1011,210.42,139.99,44.41,10.52,2.9,0.0
20230511:1111,298.04,190.98,48.76,10.56,3.17,0.0
20230511:1211,314.14,200.25,50.41,10.58,3.45,0.0
20230511:1311,278.92,179.86,48.96,10.88,3.72,0.0
20230511:1411,231.22,152.05,44.77,10.86,3.93,0.0
20230511:1511,185.04,125.16,38.6,10.82,3.79,0.0
20230511:1611,175.78,119.6,31.24,10.42,3.45,0.0
20230511:1711,103.8,76.95,23.31,9.95,2.9,0.0
20230511:1811,22.46,25.03,15.27,9.44,2.41,0.0
20230511:1911,0.36,6.12,7.52,9.2,2.34,0.0
20230511:2011,0.0,0.0,0.0,8.57,2.07,0.0
20230511:2111,0.0,0.0,0.0,8.03,1.93,0.0
20230511:2211,0.0,0.0,0.0,7.68,1.72,0.0
20230511:2311,0.0,0.0,0.0,7.43,1.59,0.0
20230512:0011,0.0,0.0,0.0,7.22,1.45,0.0
20230512:0111,0.0,0.0,0.0,6.95,1.31,0.0
20230512:0211,0.0,0.0,0.0,6.5,1.31,0.0
20230512:0311,0.0,0.0,0.0,6.33,1.1,0.0
20230512:0411,0.0,0.0,0.0,6.1,0.97,0.0
20230512:0511,8.38,13.99,7.24,6.01,1.03,0.0
20230512:0611,133.34,95.35,14.96,6.09,0.97,0.0
20230512:0711,267.3,173.25,22.99,7.5,0.76,0.0
20230512:0811,361.94,228.72,30.94,8.55,0.28,0.0
20230512:0911,398.98,252.4,38.37,10.04,0.28,0.0
20230512:1011,347.84,223.43,44.65,11.4,0.21,0.0
20230512:1111,937.14,608.2,49.01,12.64,0.21,0.0
20230512:1211,1415.82,1005.02,50.66,13.83,0.07,0.0
20230512:1311,1419.7,1017.23,49.21,14.79,0.0,0.0
20230512:1411,1304.28,910.63,45.0,15.4,0.07,0.0
20230512:1511,1121.46,757.18,38.82,15.91,0.14,0.0
20230512:1611,843.94,547.79,31.45,15.65,0.76,0.0
20230512:1711,491.48,331.23,23.51,15.19,0.69,0.0
20230512:1811,138.28,130.85,15.48,14.82,0.55,0.0
20230512:1911,46.12,41.97,7.73,14.49,0.41,0.0
20230512:2011,0.0,0.0,0.0,12.96,0.76,0.0
20230512:2111,0.0,0.0,0.0,11.95,0.69,0.0
20230512:2211,0.0,0.0,0.0,11.41,0.69,0.0
20230512:2311,0.0,0.0,0.0,9.99,0.97,0.0
20230513:0011,0.0,0.0,0.0,9.01,1.24,0.0
20230513:0111,0.0,0.0,0.0,8.52,1.31,0.0
20230513:0211,0.0,0.0,0.0,8.2,1.45,0.0
20230513:0311,0.0,0.0,0.0,8.36,1.52,0.0
20230513:0411,0.0,0.0,0.0,8.14,1.59,0.0
20230513:0511,21.8,24.48,7.46,8.46,1.79,0.0
20230513:0611,103.02,76.77,15.17,9.31,1.79,0.0
20230513:0711,277.44,180.53,23.2,9.8,1.86,0.0
20230513:0811,638.1,397.09,31.15,11.06,1.79,0.0
20230513:0911,1145.78,736.87,38.59,12.62,1.79,0.0
20230513:1011,1297.2,860.47,44.88,14.19,1.72,0.0
20230513:1111,1179.24,777.17,49.26,15.55,1.86,0.0
20230513:1211,1505.4,1035.63,50.91,16.62,2.28,0.0
20230513:1311,1277.58,849.81,49.45,17.34,2.62,0.0
20230513:1411,1300.34,860.97,45.23,17.75,3.03,0.0
20230513:1511,995.02,637.92,39.03,17.67,3.24,0.0
20230513:1611,484.42,309.36,31.65,17.29,3.31,0.0
20230513:1711,324.5,214.84,23.72,16.56,2.97,0.0
20230513:1811,96.74,74.6,15.68,15.59,2.48,0.0
20230513:1911,19.86,23.61,7.94,14.98,2.07,0.0
20230513:2011,0.0,0.0,0.0,13.98,1.93,0.0
20230513:2111,0.0,0.0,0.0,12.94,1.86,0.0
20230513:2211,0.0,0.0,0.0,12.09,1.93,0.0
20230513:2311,0.0,0.0,0.0,11.44,2.0,0.0
20230514:0011,0.0,0.0,0.0,10.98,2.07,0.0
20230514:0111,0.0,0.0,0.0,10.83,2.07,0.0
20230514:0211,0.0,0.0,0.0,10.66,2.14,0.0
20230514:0311,0.0,0.0,0.0,10.31,2.14,0.0
20230514:0411,0.0,0.0,0.0,10.17,2.14,0.0
20230514:0511,1.04,7.0,7.67,10.25,2.21,0.0
20230514:0611,41.12,38.01,15.37,10.71,2.34,0.0
20230514:0711,282.26,184.08,23.4,11.24,2.9,0.0
20230514:0811,275.06,178.02,31.36,11.28,3.31,0.0
20230514:0911,232.28,152.97,38.8,11.01,3.17,0.0
20230514:1011,254.98,165.95,45.11,10.54,2.97,0.0
20230514:1111,388.88,243.89,49.5,10.13,2.9,0.0
20230514:1211,380.6,238.77,51.15,9.81,2.83,0.0
20230514:1311,702.32,432.08,49.69,9.87,2.55,0.0
20230514:1411,301.86,192.84,45.46,9.88,2.76,0.0
20230514:1511,263.9,170.59,39.25,9.78,2.97,0.0
20230514:1611,308.88,196.47,31.86,9.8,3.31,0.0
20230514:1711,301.7,194.0,23.92,9.86,3.59,0.0
20230514:1811,146.04,104.09,15.88,9.46,3.52,0.0
20230514:1911,47.56,41.97,8.15,9.05,3.1,0.0
20230514:2011,0.0,0.0,0.0,8.07,2.83,0.0
20230514:2111,0.0,0.0,0.0,7.01,2.34,0.0
20230514:2211,0.0,0.0,0.0,6.38,2.21,0.0
20230514:2311,0.0,0.0,0.0,5.79,2.28,0.0
20230515:0011,0.0,0.0,0.0,5.32,2.14,0.0
20230515:0111,0.0,0.0,0.0,4.91,2.21,0.0
20230515:0211,0.0,0.0,0.0,4.84,2.28,0.0
20230515:0311,0.0,0.0,0.0,4.44,2.28,0.0
20230515:0411,0.0,0.0,0.0,4.16,2.34,0.0
20230515:0511,45.9,40.23,7.87,4.55,2.28,0.0
20230515:0611,159.92,112.43,15.57,5.46,3.38,0.0
20230515:0711,258.7,165.64,23.59,6.35,4.07,0.0
20230515:0811,258.48,165.48,31.56,7.54,4.0,0.0
20230515:0911,393.48,243.57,39.01,8.5,4.21,0.0
20230515:1011,1217.7,751.93,45.33,9.39,4.41,0.0
20230515:1111,1140.76,704.36,49.73,9.73,4.28,0.0
20230515:1211,1028.86,632.43,51.39,10.14,4.34,0.0
20230515:1311,1411.32,894.3,49.92,10.35,4.21,0.0
20230515:1411,1178.72,733.29,45.68,10.51,4.0,0.0
20230515:1511,1098.92,675.91,39.45,10.45,4.34,0.0
20230515:1611,737.32,449.84,32.06,10.4,4.41,0.0
20230515:1711,337.28,215.26,24.11,9.88,4.14,0.0
20230515:1811,165.04,116.88,16.08,9.5,3.93,0.0
20230515:1911,46.22,41.1,8.35,9.09,3.79,0.0
20230515:2011,0.0,0.0,0.0,8.63,3.1,0.0
20230515:2111,0.0,0.0,0.0,7.75,2.9,0.0
20230515:2211,0.0,0.0,0.0,7.5,3.17,0.0
20230515:2311,0.0,0.0,0.0,7.41,3.45,0.0
20230516:0011,0.0,0.0,0.0,7.28,3.59,0.0
20230516:0111,0.0,0.0,0.0,7.1,3.52,0.0
20230516:0211,0.0,0.0,0.0,6.95,3.45,0.0
20230516:0311,0.0,0.0,0.0,6.87,3.45,0.0
20230516:0411,0.0,0.0,0.0,6.88,3.45,0.0
20230516:0511,9.38,14.87,8.07,7.09,3.45,0.0
20230516:0611,60.72,50.06,15.76,7.56,2.83,0.0
20230516:0711,218.9,143.52,23.78,8.05,4.0,0.0
20230516:0811,258.96,166.39,31.75,8.51,4.14,0.0
20230516:0911,196.26,130.72,39.21,9.1,4.0,0.0
20230516:1011,579.58,354.36,45.54,9.62,3.79,0.0
20230516:1111,538.08,330.98,49.95,10.13,3.72,0.0
20230516:1211,911.18,560.63,51.62,10.67,3.86,0.0
20230516:1311,1049.92,652.08,50.15,11.12,3.79,0.0
20230516:1411,1224.84,769.14,45.89,11.21,3.79,0.0
20230516:1511,1055.96,655.6,39.66,11.4,3.59,0.0
20230516:1611,830.84,513.05,32.25,11.01,3.24,0.0
20230516:1711,452.06,289.85,24.31,10.55,2.97,0.0
20230516:1811,155.6,110.43,16.28,10.06,2.55,0.0
20230516:1911,19.22,22.74,8.55,10.09,2.14,0.0
20230516:2011,0.0,0.0,0.0,9.33,1.45,0.0
20230516:2111,0.0,0.0,0.0,8.06,0.76,0.0
20230516:2211,0.0,0.0,0.0,8.11,0.34,0.0
20230516:2311,0.0,0.0,0.0,7.77,0.41,0.0
20230517:0011,0.0,0.0,0.0,6.7,0.83,0.0
20230517:0111,0.0,0.0,0.0,5.62,1.31,0.0
20230517:0211,0.0,0.0,0.0,5.81,1.66,0.0
20230517:0311,0.0,0.0,0.0,6.49,1.79,0.0
20230517:0411,0.0,0.0,0.0,7.04,2.0,0.0
20230517:0511,49.28,42.85,8.26,7.51,2.14,0.0
20230517:0611,161.94,115.7,15.95,8.31,2.55,0.0
20230517:0711,486.76,314.62,23.97,9.15,3.1,0.0
20230517:0811,812.22,499.44,31.94,10.1,3.24,0.0
20230517:0911,819.74,502.78,39.4,10.79,3.45,0.0
20230517:1011,864.18,532.01,45.75,11.46,3.79,0.0
20230517:1111,862.58,532.02,50.17,11.93,4.07,0.0
20230517:1211,724.74,446.0,51.85,12.07,4.34,0.0
20230517:1311,610.84,375.63,50.38,11.73,4.62,0.0
20230517:1411,348.48,220.16,46.11,11.37,5.1,0.0
20230517:1511,266.96,172.44,39.86,10.79,4.97,0.0
20230517:1611,136.52,96.42,32.45,10.32,4.28,0.0
20230517:1711,184.06,124.22,24.5,10.06,3.93,0.0
20230517:1811,108.96,80.16,16.47,9.88,3.66,0.0
20230517:1911,50.16,43.72,8.74,9.63,4.07,0.0
20230517:2011,0.0,0.87,1.68,9.2,4.14,0.0
20230517:2111,0.0,0.0,0.0,8.84,4.07,0.0
20230517:2211,0.0,0.0,0.0,8.61,4.07,0.0
20230517:2311,0.0,0.0,0.0,8.43,4.0,0.0
20230518:0011,0.0,0.0,0.0,8.19,3.86,0.0
20230518:0111,0.0,0.0,0.0,8.09,3.79,0.0
20230518:0211,0.0,0.0,0.0,7.99,3.66,0.0
20230518:0311,0.0,0.0,0.0,7.83,3.52,0.0
20230518:0411,0.0,0.0,0.0,7.96,3.38,0.0
20230518:0511,20.66,23.61,8.44,8.14,3.38,0.0
20230518:0611,104.82,77.33,16.13,8.64,3.17,0.0
20230518:0711,125.8,89.93,24.15,9.95,4.48,0.0
20230518:0811,424.74,264.35,32.12,11.05,4.55,0.0
20230518:0911,550.9,339.82,39.59,12.16,4.55,0.0
20230518:1011,329.74,210.88,45.95,12.86,4.55,0.0
20230518:1111,393.04,248.49,50.39,13.18,4.55,0.0
20230518:1211,462.84,289.99,52.07,13.31,4.55,0.0
20230518:1311,387.78,245.7,50.59,13.52,4.62,0.0
20230518:1411,401.68,253.47,46.31,13.26,4.69,0.0
20230518:1511,481.82,300.14,40.06,12.9,4.48,0.0
20230518:1611,481.92,300.08,32.64,12.62,4.34,0.0
20230518:1711,62.28,51.92,24.68,12.19,4.07,0.0
20230518:1811,78.62,62.12,16.66,11.98,3.86,0.0
20230518:1911,33.82,33.23,8.94,11.78,3.17,0.0
20230518:2011,0.0,0.87,1.88,11.43,3.1,0.0
20230518:2111,0.0,0.0,0.0,10.76,2.9,0.0
20230518:2211,0.0,0.0,0.0,10.01,2.9,0.0
20230518:2311,0.0,0.0,0.0,9.47,2.83,0.0
20230519:0011,0.0,0.0,0.0,9.0,2.83,0.0
20230519:0111,0.0,0.0,0.0,8.54,2.62,0.0
20230519:0211,0.0,0.0,0.0,8.52,2.62,0.0
20230519:0311,0.0,0.0,0.0,8.61,2.69,0.0
20230519:0411,0.0,0.87,1.63,8.37,2.34,0.0
20230519:0511,24.28,26.23,8.62,8.34,2.28,0.0
20230519:0611,145.66,130.53,16.3,8.77,2.83,0.0
20230519:0711,448.82,288.4,24.32,9.85,2.97,0.0
20230519:0811,632.44,389.77,32.29,10.8,3.1,0.0
20230519:0911,771.26,476.29,39.77,11.64,2.97,0.0
20230519:1011,891.28,558.7,46.14,12.89,2.62,0.0
20230519:1111,1349.52,889.59,50.6,14.16,2.55,0.0
20230519:1211,1274.56,837.72,52.29,15.19,2.62,0.0
20230519:1311,1220.62,798.41,50.81,15.71,2.69,0.0
20230519:1411,1356.66,898.86,46.52,16.05,2.76,0.0
20230519:1511,1101.12,707.49,40.25,15.82,2.83,0.0
20230519:1611,523.14,331.07,32.82,15.52,2.9,0.0
20230519:1711,370.98,241.84,24.87,14.63,2.9,0.0
20230519:1811,184.32,138.28,16.84,14.01,2.9,0.0
20230519:1911,16.56,20.99,9.13,13.43,2.34,0.0
20230519:2011,0.0,1.75,2.07,12.29,2.21,0.0
20230519:2111,0.0,0.0,0.0,11.24,2.0,0.0
20230519:2211,0.0,0.0,0.0,10.71,1.86,0.0
20230519:2311,0.0,0.0,0.0,10.38,1.79,0.0
20230520:0011,0.0,0.0,0.0,10.06,1.79,0.0
20230520:0111,0.0,0.0,0.0,9.88,1.86,0.0
20230520:0211,0.0,0.0,0.0,9.6,1.93,0.0
20230520:0311,0.0,0.0,0.0,9.5,1.93,0.0
20230520:0411,0.0,0.87,1.81,9.46,1.86,0.0
20230520:0511,15.8,20.11,8.8,9.53,1.86,0.0
20230520:0611,96.08,72.31,16.47,9.74,1.86,0.0
20230520:0711,252.16,165.31,24.49,10.36,2.14,0.0
20230520:0811,304.08,195.23,32.46,11.02,2.34,0.0
20230520:0911,345.64,220.19,39.95,11.65,2.48,0.0
20230520:1011,205.18,138.14,46.33,12.73,3.24,0.0
20230520:1111,639.46,397.46,50.8,13.21,3.59,0.0
20230520:1211,511.34,320.41,52.5,13.76,3.79,0.0
20230520:1311,316.92,204.89,51.02,14.42,4.34,0.0
20230520:1411,173.88,120.52,46.72,14.78,4.34,0.0
20230520:1511,312.76,202.8,40.44,14.76,4.0,0.0
20230520:1611,121.46,89.0,33.01,14.28,3.45,0.0
20230520:1711,88.24,68.61,25.05,13.88,3.1,0.0
20230520:1811,14.64,19.47,17.02,13.22,2.76,0.0
20230520:1911,2.54,8.74,9.31,12.24,2.48,0.0
20230520:2011,0.0,0.87,2.26,11.74,2.28,0.0
20230520:2111,0.0,0.0,0.0,11.37,2.0,0.0
20230520:2211,0.0,0.0,0.0,11.16,1.66,0.0
20230520:2311,0.0,0.0,0.0,11.01,1.45,0.0
20230521:0011,0.0,0.0,0.0,10.9,1.31,0.0
20230521:0111,0.0,0.0,0.0,10.92,1.1,0.0
20230521:0211,0.0,0.0,0.0,10.87,1.03,0.0
20230521:0311,0.0,0.0,0.0,10.58,1.52,0.0
20230521:0411,0.0,0.87,1.98,9.96,1.79,0.0
20230521:0511,8.22,13.99,8.96,9.24,1.86,0.0
20230521:0611,101.54,75.48,16.63,8.72,2.0,0.0
20230521:0711,331.38,211.24,24.65,8.29,2.41,0.0
20230521:0811,456.74,281.64,32.63,8.12,2.34,0.0
20230521:0911,595.98,364.51,40.12,8.28,2.14,0.0
20230521:1011,866.64,534.21,46.52,8.48,1.93,0.0
20230521:1111,699.7,430.64,51.0,8.61,1.72,0.0
20230521:1211,535.98,331.11,52.71,8.79,1.72,0.0
20230521:1311,652.12,402.04,51.22,9.03,1.72,0.0
20230521:1411,340.7,215.5,46.91,9.12,1.72,0.0
20230521:1511,395.74,248.0,40.62,9.34,1.66,0.0
20230521:1611,241.34,157.81,33.18,9.53,1.59,0.0
20230521:1711,172.5,117.71,25.22,9.63,1.59,0.0
20230521:1811,76.3,60.26,17.2,9.74,1.45,0.0
20230521:1911,47.08,41.97,9.49,10.77,1.17,0.0
20230521:2011,0.0,0.87,2.45,10.45,1.24,0.0
20230521:2111,0.0,0.0,0.0,10.15,1.1,0.0
20230521:2211,0.0,0.0,0.0,9.96,0.9,0.0
20230521:2311,0.0,0.0,0.0,9.81,0.83,0.0
20230522:0011,0.0,0.0,0.0,9.69,1.03,0.0
20230522:0111,0.0,0.0,0.0,9.42,1.24,0.0
20230522:0211,0.0,0.0,0.0,9.16,1.52,0.0
20230522:0311,0.0,0.0,0.0,8.67,1.86,0.0
20230522:0411,0.0,0.87,2.15,7.95,1.79,0.0
20230522:0511,14.82,19.24,9.13,7.61,1.59,0.0
20230522:0611,178.26,137.11,16.79,7.8,1.66,0.0
20230522:0711,389.76,247.93,24.8,8.27,1.93,0.0
20230522:0811,447.98,277.57,32.78,9.09,2.48,0.0
20230522:0911,686.5,420.92,40.29,10.01,2.83,0.0
20230522:1011,657.7,404.98,46.69,11.13,3.31,0.0
20230522:1111,1017.92,635.47,51.19,11.7,3.38,0.0
20230522:1211,556.22,345.17,52.91,12.3,3.86,0.0
20230522:1311,511.7,318.74,51.42,12.33,3.66,0.0
20230522:1411,659.18,408.05,47.1,12.62,3.66,0.0
20230522:1511,767.88,474.46,40.8,13.01,3.93,0.0
20230522:1611,579.02,359.41,33.36,13.06,4.0,0.0
20230522:1711,462.94,297.36,25.39,12.31,3.66,0.0
20230522:1811,176.44,124.34,17.37,11.5,3.24,0.0
20230522:1911,67.8,55.09,9.67,10.53,2.97,0.0
20230522:2011,0.0,1.75,2.64,9.75,2.55,0.0
20230522:2111,0.0,0.0,0.0,8.87,2.0,0.0
20230522:2211,0.0,0.0,0.0,8.04,1.79,0.0
20230522:2311,0.0,0.0,0.0,7.46,1.93,0.0
20230523:0011,0.0,0.0,0.0,7.39,2.07,0.0
20230523:0111,0.0,0.0,0.0,7.36,2.07,0.0
20230523:0211,0.0,0.0,0.0,7.11,2.14,0.0
20230523:0311,0.0,0.0,0.0,6.75,2.28,0.0
20230523:0411,0.0,0.87,2.32,6.58,2.48,0.0
20230523:0511,56.36,47.22,9.28,6.89,2.69,0.0
20230523:0611,114.72,82.89,16.94,7.73,3.38,0.0
20230523:0711,199.42,132.45,24.95,8.66,3.79,0.0
20230523:0811,575.08,350.67,32.94,9.75,4.76,0.0
20230523:0911,505.82,310.63,40.45,10.57,4.97,0.0
20230523:1011,302.44,192.84,46.86,10.46,4.62,0.0
20230523:1111,494.62,305.13,51.37,10.45,4.34,0.0
20230523:1211,311.22,198.4,53.1,10.81,4.21,0.0
20230523:1311,228.04,150.19,51.61,10.96,4.21,0.0
20230523:1411,196.4,131.65,47.29,10.71,4.21,0.0
20230523:1511,358.76,225.73,40.98,10.62,4.28,0.0
20230523:1611,244.9,159.66,33.53,10.61,4.48,0.0
20230523:1711,199.2,133.43,25.56,10.88,4.41,0.0
20230523:1811,170.76,120.01,17.54,11.18,3.79,0.0
20230523:1911,3.42,9.62,9.85,11.26,4.21,0.0
20230523:2011,0.0,1.75,2.81,10.72,4.14,0.0
20230523:2111,0.0,0.0,0.0,9.67,4.0,0.0
20230523:2211,0.0,0.0,0.0,8.81,4.07,0.0
20230523:2311,0.0,0.0,0.0,8.17,4.0,0.0
20230524:0011,0.0,0.0,0.0,7.84,3.79,0.0
20230524:0111,0.0,0.0,0.0,7.59,3.66,0.0
20230524:0211,0.0,0.0,0.0,7.54,3.66,0.0
20230524:0311,0.0,0.0,0.0,7.38,3.38,0.0
20230524:0411,0.0,0.87,2.47,7.48,3.45,0.0
20230524:0511,4.4,10.49,9.43,8.08,3.59,0.0
20230524:0611,96.76,72.31,17.09,8.68,3.31,0.0
20230524:0711,181.24,122.31,25.09,9.49,3.79,0.0
20230524:0811,325.86,206.45,33.08,10.37,4.14,0.0
20230524:0911,506.62,312.71,40.6,11.41,4.55,0.0
20230524:1011,1038.04,641.95,47.03,12.3,4.76,0.0
20230524:1111,1556.16,1008.46,51.55,12.77,4.55,0.0
20230524:1211,1603.88,1050.67,53.29,13.37,4.48,0.0
20230524:1311,1541.6,1006.69,51.8,13.65,4.28,0.0
20230524:1411,1435.52,925.9,47.47,13.56,4.14,0.0
20230524:1511,1213.04,765.62,41.15,13.43,4.0,0.0
20230524:1611,895.32,558.08,33.7,13.26,3.72,0.0
20230524:1711,542.08,353.12,25.73,12.91,3.45,0.0
20230524:1811,173.12,150.08,17.71,12.25,3.17,0.0
20230524:1911,52.28,45.47,10.02,11.7,2.76,0.0
20230524:2011,0.0,3.5,2.99,10.69,2.28,0.0
20230524:2111,0.0,0.0,0.0,9.35,1.93,0.0
20230524:2211,0.0,0.0,0.0,8.13,1.72,0.0
20230524:2311,0.0,0.0,0.0,6.88,1.66,0.0
20230525:0011,0.0,0.0,0.0,5.56,1.72,0.0
20230525:0111,0.0,0.0,0.0,4.72,1.79,0.0
20230525:0211,0.0,0.0,0.0,4.53,1.79,0.0
20230525:0311,0.0,0.0,0.0,4.07,1.79,0.0
20230525:0411,0.0,1.75,2.63,4.07,1.86,0.0
20230525:0511,72.54,56.84,9.58,4.93,1.79,0.0
20230525:0611,151.92,138.94,17.22,7.17,2.14,0.0
20230525:0711,532.58,344.52,25.23,8.36,2.34,0.0
20230525:0811,910.66,564.09,33.22,9.76,2.69,0.0
20230525:0911,1214.84,767.0,40.74,10.91,2.9,0.0
20230525:1011,1444.98,939.06,47.19,11.88,3.1,0.0
20230525:1111,1566.64,1038.02,51.72,12.77,3.31,0.0
20230525:1211,1599.2,1069.31,53.47,13.61,3.38,0.0
20230525:1311,1525.6,1012.75,51.98,14.16,3.38,0.0
20230525:1411,1431.3,937.39,47.64,14.43,3.45,0.0
20230525:1511,1208.86,772.94,41.32,14.45,3.38,0.0
20230525:1611,905.86,570.69,33.86,14.31,3.17,0.0
20230525:1711,534.34,349.54,25.89,13.93,2.97,0.0
20230525:1811,177.84,153.53,17.87,13.27,2.76,0.0
20230525:1911,60.14,50.72,10.18,12.66,2.34,0.0
20230525:2011,0.0,2.62,3.16,11.42,1.93,0.0
20230525:2111,0.0,0.0,0.0,10.03,1.59,0.0
20230525:2211,0.0,0.0,0.0,8.26,1.24,0.0
20230525:2311,0.0,0.0,0.0,7.44,1.17,0.0
20230526:0011,0.0,0.0,0.0,6.86,1.17,0.0
20230526:0111,0.0,0.0,0.0,6.26,1.17,0.0
20230526:0211,0.0,0.0,0.0,5.86,1.17,0.0
20230526:0311,0.0,0.0,0.0,5.22,1.24,0.0
20230526:0411,0.0,3.5,2.77,4.7,1.31,0.0
20230526:0511,59.76,48.97,9.71,4.67,1.31,0.0
20230526:0611,161.36,138.36,17.36,7.09,1.45,0.0
20230526:0711,522.86,339.4,25.36,8.89,2.14,0.0
20230526:0811,750.36,464.06,33.35,10.17,2.28,0.0
20230526:0911,972.54,608.24,40.88,11.33,2.34,0.0
20230526:1011,929.78,584.42,47.34,12.55,2.41,0.0
20230526:1111,956.64,605.57,51.89,13.41,2.48,0.0
20230526:1211,964.48,612.52,53.64,14.24,2.69,0.0
20230526:1311,755.16,474.1,52.16,14.37,2.97,0.0
20230526:1411,681.3,425.99,47.81,14.2,3.17,0.0
20230526:1511,587.66,367.29,41.49,13.99,3.17,0.0
20230526:1611,421.28,267.14,34.02,14.01,3.03,0.0
20230526:1711,180.32,124.19,26.05,13.89,2.97,0.0
20230526:1811,58.86,50.06,18.03,13.67,2.9,0.0
20230526:1911,26.02,27.98,10.34,13.46,2.41,0.0
20230526:2011,0.0,2.62,3.33,12.95,2.28,0.0
20230526:2111,0.0,0.0,0.0,12.34,2.14,0.0
20230526:2211,0.0,0.0,0.0,11.92,2.28,0.0
20230526:2311,0.0,0.0,0.0,11.37,2.41,0.0
20230527:0011,0.0,0.0,0.0,11.05,2.76,0.0
20230527:0111,0.0,0.0,0.0,10.61,2.97,0.0
20230527:0211,0.0,0.0,0.0,10.12,3.1,0.0
20230527:0311,0.0,0.0,0.0,9.6,3.31,0.0
20230527:0411,0.0,1.75,2.91,9.21,3.52,0.0
20230527:0511,25.4,27.11,9.84,9.2,3.66,0.0
20230527:0611,131.64,93.8,17.48,9.6,4.28,0.0
20230527:0711,294.6,189.4,25.48,10.29,4.48,0.0
20230527:0811,523.72,321.87,33.48,11.1,5.31,0.0
20230527:0911,537.7,330.61,41.02,11.9,5.66,0.0
20230527:1011,391.88,245.95,47.48,12.38,6.14,0.0
20230527:1111,758.74,464.16,52.05,12.74,6.28,0.0
20230527:1211,535.7,332.14,53.81,13.17,5.66,0.0
20230527:1311,477.78,297.56,52.33,13.2,5.93,0.0
20230527:1411,359.08,227.54,47.98,12.85,5.72,0.0
20230527:1511,703.62,432.69,41.65,12.79,4.69,0.0
20230527:1611,817.54,503.5,34.18,12.51,4.62,0.0
20230527:1711,548.22,351.76,26.2,11.31,4.55,0.0
20230527:1811,193.64,134.64,18.18,10.33,4.28,0.0
20230527:1911,78.14,61.21,10.5,9.42,3.86,0.0
20230527:2011,0.0,5.25,3.49,8.8,3.17,0.0
20230527:2111,0.0,0.0,0.0,8.35,2.76,0.0
20230527:2211,0.0,0.0,0.0,7.88,2.34,0.0
20230527:2311,0.0,0.0,0.0,7.56,2.28,0.0
20230528:0011,0.0,0.0,0.0,7.02,2.07,0.0
20230528:0111,0.0,0.0,0.0,6.59,1.93,0.0
20230528:0211,0.0,0.0,0.0,6.31,1.86,0.0
20230528:0311,0.0,0.0,0.0,5.89,1.72,0.0
20230528:0411,0.0,2.62,3.04,5.48,1.59,0.0
20230528:0511,62.24,50.72,9.97,5.74,1.31,0.0
20230528:0611,115.0,82.89,17.6,6.88,2.0,0.0
20230528:0711,328.04,207.99,25.6,7.24,2.0,0.0
20230528:0811,518.94,318.65,33.6,7.75,1.93,0.0
20230528:0911,619.66,380.01,41.14,8.25,1.72,0.0
20230528:1011,694.2,427.61,47.62,9.03,1.79,0.0
20230528:1111,960.1,601.13,52.2,9.8,1.86,0.0
20230528:1211,878.94,550.83,53.98,10.63,1.72,0.0
20230528:1311,1019.28,648.82,52.5,11.52,1.66,0.0
20230528:1411,1005.84,640.07,48.14,12.16,1.72,0.0
20230528:1511,705.62,441.01,41.8,12.4,1.86,0.0
20230528:1611,592.82,371.3,34.33,12.57,1.86,0.0
20230528:1711,395.38,254.67,26.35,12.49,1.86,0.0
20230528:1811,202.38,159.23,18.33,12.08,1.59,0.0
20230528:1911,80.08,62.96,10.65,11.2,1.38,0.0
20230528:2011,0.36,6.12,3.65,10.48,1.24,0.0
20230528:2111,0.0,0.0,0.0,9.11,1.24,0.0
20230528:2211,0.0,0.0,0.0,7.97,0.97,0.0
20230528:2311,0.0,0.0,0.0,7.12,1.03,0.0
20230529:0011,0.0,0.0,0.0,6.44,1.1,0.0
20230529:0111,0.0,0.0,0.0,6.33,1.03,0.0
20230529:0211,0.0,0.0,0.0,5.9,1.03,0.0
20230529:0311,0.0,0.0,0.0,5.53,1.03,0.0
20230529:0411,0.0,4.37,3.17,4.91,1.1,0.0
20230529:0511,72.68,56.84,10.09,4.36,1.17,0.0
20230529:0611,171.82,143.01,17.72,6.4,0.9,0.0
20230529:0711,531.36,345.18,25.71,8.31,1.38,0.0
20230529:0811,894.28,558.13,33.71,9.53,1.72,0.0
20230529:0911,1186.9,758.09,41.26,10.74,1.86,0.0
20230529:1011,1377.36,910.7,47.75,12.05,1.79,0.0
20230529:1111,1536.92,1051.89,52.35,13.24,1.79,0.0
20230529:1211,1541.32,1068.4,54.13,14.33,1.66,0.0
20230529:1311,1473.06,1017.98,52.66,15.26,1.52,0.0
20230529:1411,1360.12,927.71,48.3,15.97,1.38,0.0
20230529:1511,1148.82,760.98,41.95,16.47,1.38,0.0
20230529:1611,885.88,574.25,34.47,16.63,1.45,0.0
20230529:1711,540.74,361.35,26.49,16.54,1.45,0.0
20230529:1811,186.62,159.8,18.48,16.21,1.38,0.0
20230529:1911,54.0,47.22,10.8,15.08,1.86,0.0
20230529:2011,1.0,7.0,3.8,13.78,1.79,0.0
20230529:2111,0.0,0.0,0.0,12.12,1.79,0.0
20230529:2211,0.0,0.0,0.0,10.69,1.66,0.0
20230529:2311,0.0,0.0,0.0,9.24,1.52,0.0
20230530:0011,0.0,0.0,0.0,7.96,1.38,0.0
20230530:0111,0.0,0.0,0.0,7.48,1.24,0.0
20230530:0211,0.0,0.0,0.0,7.55,1.1,0.0
20230530:0311,0.0,0.0,0.0,8.27,0.83,0.0
20230530:0411,0.0,1.75,3.29,7.05,0.41,0.0
20230530:0511,43.98,39.35,10.2,6.67,0.21,0.0
20230530:0611,175.04,121.7,17.82,8.02,0.21,0.0
20230530:0711,338.4,217.3,25.82,9.21,0.76,0.0
20230530:0811,624.82,391.76,33.82,11.01,0.83,0.0
20230530:0911,1140.36,745.7,41.38,13.31,1.03,0.0
20230530:1011,1335.48,905.49,47.88,15.19,1.24,0.0
20230530:1111,1426.04,989.39,52.49,16.63,1.38,0.0
20230530:1211,1488.64,1057.37,54.29,17.99,1.31,0.0
20230530:1311,1411.64,995.91,52.81,18.98,1.24,0.0
20230530:1411,1299.54,901.3,48.45,19.72,1.24,0.0
20230530:1511,1078.7,724.8,42.1,20.18,1.31,0.0
20230530:1611,822.78,540.42,34.62,20.19,1.52,0.0
20230530:1711,502.14,337.43,26.64,19.77,2.0,0.0
20230530:1811,199.04,159.72,18.62,18.53,2.48,0.0
20230530:1911,77.98,62.96,10.95,16.66,2.41,0.0
20230530:2011,0.3,6.12,3.95,14.93,2.21,0.0
20230530:2111,0.0,0.0,0.0,13.08,2.07,0.0
20230530:2211,0.0,0.0,0.0,11.68,1.86,0.0
20230530:2311,0.0,0.0,0.0,10.63,1.72,0.0
20230531:0011,0.0,0.0,0.0,9.97,1.59,0.0
20230531:0111,0.0,0.0,0.0,9.6,1.31,0.0
20230531:0211,0.0,0.0,0.0,9.34,1.17,0.0
20230531:0311,0.0,0.0,0.0,9.42,0.9,0.0
20230531:0411,0.0,2.62,3.4,9.44,0.69,0.0
20230531:0511,19.28,22.74,10.31,9.39,0.34,0.0
20230531:0611,105.02,77.88,17.93,9.71,0.14,0.0
20230531:0711,191.5,129.71,25.92,10.5,0.34,0.0
20230531:0811,252.74,166.11,33.92,11.17,0.69,0.0
20230531:0911,314.22,203.33,41.49,12.1,0.83,0.0
20230531:1011,356.06,229.37,48.0,12.99,0.83,0.0
20230531:1111,810.3,519.52,52.62,14.15,0.9,0.0
20230531:1211,1481.92,1042.77,54.43,15.48,1.03,0.0
20230531:1311,1450.92,1011.72,52.96,16.68,1.38,0.0
20230531:1411,1349.58,921.95,48.59,17.58,1.66,0.0
20230531:1511,1155.6,765.66,42.24,18.1,1.93,0.0
20230531:1611,884.52,572.15,34.75,18.1,2.28,0.0
20230531:1711,548.02,365.2,26.77,17.6,2.62,0.0
20230531:1811,187.08,162.51,18.76,16.69,2.62,0.0
20230531:1911,59.24,50.72,11.09,15.59,2.41,0.0
20230531:2011,0.32,6.12,4.09,14.31,2.21,0.0
20230531:2111,0.0,0.0,0.0,12.9,1.86,0.0
20230531:2211,0.0,0.0,0.0,11.82,1.59,0.0
20230531:2311,0.0,0.0,0.0,10.85,1.45,0.0
20230601:0011,0.0,0.0,0.0,10.19,1.38,0.0
20230601:0111,0.0,0.0,0.0,9.56,1.52,0.0
20230601:0211,0.0,0.0,0.0,9.24,1.59,0.0
20230601:0311,0.0,0.0,0.0,9.01,1.52,0.0
20230601:0411,0.0,2.62,3.51,8.76,1.59,0.0
20230601:0511,15.86,20.11,10.41,8.72,1.66,0.0
20230601:0611,104.22,76.95,18.02,8.83,1.72,0.0
20230601:0711,201.2,134.25,26.01,9.11,1.66,0.0
20230601:0811,275.2,177.39,34.02,9.46,1.86,0.0
20230601:0911,432.6,270.2,41.59,9.99,2.0,0.0
20230601:1011,394.66,248.69,48.11,10.78,2.14,0.0
20230601:1111,705.32,438.56,52.75,11.46,2.28,0.0
20230601:1211,731.48,456.82,54.57,12.3,2.34,0.0
20230601:1311,720.24,450.93,53.1,13.03,2.41,0.0
20230601:1411,1141.44,732.56,48.74,13.43,2.48,0.0
20230601:1511,1056.14,671.02,42.38,13.74,2.62,0.0
20230601:1611,905.24,570.13,34.89,13.65,2.76,0.0
20230601:1711,567.34,369.19,26.91,13.01,2.97,0.0
20230601:1811,192.16,163.93,18.89,12.03,3.03,0.0
20230601:1911,55.12,47.22,11.22,11.24,2.83,0.0
20230601:2011,3.44,9.62,4.23,9.97,2.48,0.0
20230601:2111,0.0,0.0,0.0,8.67,2.14,0.0
20230601:2211,0.0,0.0,0.0,7.65,1.86,0.0
20230601:2311,0.0,0.0,0.0,6.95,1.66,0.0
20230602:0011,0.0,0.0,0.0,6.08,1.45,0.0
20230602:0111,0.0,0.0,0.0,5.04,1.24,0.0
20230602:0211,0.0,0.0,0.0,5.29,0.97,0.0
20230602:0311,0.0,0.0,0.0,6.2,0.76,0.0
20230602:0411,0.0,5.25,3.61,6.35,0.41,0.0
20230602:0511,59.08,48.97,10.5,6.65,0.14,0.0
20230602:0611,160.62,143.18,18.11,7.92,0.34,0.0
20230602:0711,526.72,347.05,26.1,9.73,0.41,0.0
20230602:0811,867.34,554.05,34.11,11.55,0.55,0.0
20230602:0911,1029.86,668.07,41.68,13.09,0.76,0.0
20230602:1011,1059.82,691.75,48.22,14.41,1.17,0.0
20230602:1111,1378.38,952.5,52.87,15.42,0.97,0.0
20230602:1211,1469.98,1046.43,54.7,16.22,0.76,0.0
20230602:1311,1358.24,951.83,53.24,16.88,0.69,0.0
20230602:1411,1151.72,779.4,48.87,17.3,0.76,0.0
20230602:1511,1102.5,738.85,42.51,17.63,0.83,0.0
20230602:1611,767.44,497.36,35.02,17.51,1.17,0.0
20230602:1711,504.06,334.04,27.03,16.83,1.45,0.0
20230602:1811,211.82,163.11,19.02,16.2,1.79,0.0
20230602:1911,44.62,41.1,11.35,15.64,2.41,0.0
20230602:2011,0.0,3.5,4.36,14.36,2.14,0.0
20230602:2111,0.0,0.0,0.0,13.03,2.0,0.0
20230602:2211,0.0,0.0,0.0,12.0,2.0,0.0
20230602:2311,0.0,0.0,0.0,11.48,1.79,0.0
20230603:0011,0.0,0.0,0.0,10.75,1.45,0.0
20230603:0111,0.0,0.0,0.0,10.22,1.17,0.0
20230603:0211,0.0,0.0,0.0,9.24,1.03,0.0
20230603:0311,0.0,0.0,0.0,8.63,0.69,0.0
20230603:0411,0.0,2.62,3.71,8.7,0.34,0.0
20230603:0511,64.0,52.47,10.59,8.74,0.21,0.0
20230603:0611,162.62,143.57,18.19,9.76,0.14,0.0
20230603:0711,520.14,344.74,26.18,11.24,0.55,0.0
20230603:0811,865.2,553.92,34.19,12.56,0.76,0.0
20230603:0911,1144.82,755.28,41.77,14.28,0.9,0.0
20230603:1011,1323.94,901.22,48.32,15.29,1.03,0.0
20230603:1111,1419.58,990.48,52.98,16.48,1.1,0.0
20230603:1211,1470.1,1039.36,54.83,17.21,1.17,0.0
20230603:1311,1431.88,1004.18,53.37,18.1,1.38,0.0
20230603:1411,1311.98,898.87,49.0,18.73,1.59,0.0
20230603:1511,1143.72,758.09,42.63,18.8,2.07,0.0
20230603:1611,872.66,560.9,35.14,18.1,2.83,0.0
20230603:1711,547.14,361.62,27.16,17.23,3.31,0.0
20230603:1811,200.44,165.16,19.15,16.28,3.31,0.0
20230603:1911,75.98,61.21,11.48,14.85,2.97,0.0
20230603:2011,1.0,7.0,4.49,13.65,2.48,0.0
20230603:2111,0.0,0.0,0.0,12.32,2.28,0.0
20230603:2211,0.0,0.0,0.0,11.2,2.14,0.0
20230603:2311,0.0,0.0,0.0,10.38,1.86,0.0
20230604:0011,0.0,0.0,0.0,9.74,1.59,0.0
20230604:0111,0.0,0.0,0.0,9.3,1.38,0.0
20230604:0211,0.0,0.0,0.0,8.7,1.24,0.0
20230604:0311,0.0,0.0,0.0,7.96,1.1,0.0
20230604:0411,0.0,2.62,3.79,7.67,1.03,0.0
20230604:0511,20.58,23.61,10.67,8.54,0.83,0.0
20230604:0611,99.16,74.17,18.27,9.35,0.69,0.0
20230604:0711,200.92,135.16,26.26,10.2,0.34,0.0
20230604:0811,304.44,197.31,34.27,11.48,0.34,0.0
20230604:0911,365.18,235.12,41.86,12.94,0.48,0.0
20230604:1011,398.44,257.4,48.41,14.58,0.48,0.0
20230604:1111,695.56,449.25,53.09,15.84,0.48,0.0
20230604:1211,1034.28,694.16,54.95,16.93,0.41,0.0
20230604:1311,1379.28,984.5,53.49,18.1,0.48,0.0
20230604:1411,1294.78,905.47,49.13,18.83,0.69,0.0
20230604:1511,1144.16,766.8,42.76,18.86,1.45,0.0
20230604:1611,877.56,568.7,35.26,18.32,2.14,0.0
20230604:1711,560.98,372.36,27.28,17.28,2.83,0.0
20230604:1811,196.06,167.17,19.27,16.12,2.97,0.0
20230604:1911,70.66,57.71,11.6,14.27,3.1,0.0
20230604:2011,0.0,3.5,4.61,12.93,2.62,0.0
20230604:2111,0.0,0.0,0.0,11.77,2.41,0.0
20230604:2211,0.0,0.0,0.0,10.96,2.21,0.0
20230604:2311,0.0,0.0,0.0,10.36,2.07,0.0
20230605:0011,0.0,0.0,0.0,10.01,1.93,0.0
20230605:0111,0.0,0.0,0.0,9.58,1.86,0.0
20230605:0211,0.0,0.0,0.0,9.27,1.72,0.0
20230605:0311,0.0,0.0,0.0,9.04,1.59,0.0
20230605:0411,0.0,2.62,3.88,8.9,1.45,0.0
20230605:0511,20.52,23.61,10.75,9.07,1.38,0.0
20230605:0611,97.76,73.24,18.34,9.26,1.24,0.0
20230605:0711,183.08,124.13,26.33,9.76,1.03,0.0
20230605:0811,247.94,162.38,34.34,10.27,1.17,0.0
20230605:0911,286.3,185.42,41.93,11.0,1.38,0.0
20230605:1011,227.06,151.12,48.5,11.97,1.45,0.0
20230605:1111,342.78,220.65,53.19,12.91,1.52,0.0
20230605:1211,422.34,269.73,55.06,13.64,1.38,0.0
20230605:1311,460.82,295.56,53.61,15.09,1.17,0.0
20230605:1411,774.34,500.89,49.24,16.49,0.9,0.0
20230605:1511,1030.48,681.25,42.87,17.28,1.03,0.0
20230605:1611,875.18,566.86,35.38,17.5,1.79,0.0
20230605:1711,568.1,376.26,27.39,16.76,2.69,0.0
20230605:1811,198.54,170.05,19.38,15.42,3.17,0.0
20230605:1911,57.16,48.97,11.72,13.65,3.1,0.0
20230605:2011,16.7,20.99,4.73,12.04,2.69,0.0
20230605:2111,0.0,0.0,0.0,10.65,2.34,0.0
20230605:2211,0.0,0.0,0.0,9.62,2.0,0.0
20230605:2311,0.0,0.0,0.0,8.92,1.72,0.0
20230606:0011,0.0,0.0,0.0,8.34,1.45,0.0
20230606:0111,0.0,0.0,0.0,7.53,1.38,0.0
20230606:0211,0.0,0.0,0.0,7.05,1.24,0.0
20230606:0311,0.0,0.0,0.0,6.71,1.17,0.0
20230606:0411,0.0,2.62,3.95,6.87,1.03,0.0
20230606:0511,20.68,23.61,10.82,7.65,0.76,0.0
20230606:0611,110.08,80.66,18.41,9.05,0.62,0.0
20230606:0711,0.0,0.0,0.0,9.78,0.41,0.0
20230606:0811,308.4,199.14,34.4,10.8,0.28,0.0
20230606:0911,335.86,216.59,42.0,12.0,0.41,0.0
20230606:1011,282.6,185.42,48.58,13.06,0.62,0.0
20230606:1111,422.7,271.97,53.28,14.45,0.69,0.0
20230606:1211,621.42,398.35,55.16,15.47,0.9,0.0
20230606:1311,745.9,482.36,53.73,16.49,0.9,0.0
20230606:1411,1142.82,767.52,49.36,17.16,1.03,0.0
20230606:1511,1116.44,740.39,42.99,17.51,1.45,0.0
20230606:1611,869.28,557.58,35.49,17.1,2.48,0.0
20230606:1711,386.5,251.46,27.5,16.11,3.1,0.0
20230606:1811,202.04,170.51,19.49,14.93,3.17,0.0
20230606:1911,58.46,49.84,11.83,13.79,2.83,0.0
20230606:2011,20.1,23.61,4.84,12.85,2.41,0.0
20230606:2111,0.0,0.0,0.0,11.66,2.07,0.0
20230606:2211,0.0,0.0,0.0,10.46,1.79,0.0
20230606:2311,0.0,0.0,0.0,9.65,1.45,0.0
20230607:0011,0.0,0.0,0.0,8.85,1.24,0.0
20230607:0111,0.0,0.0,0.0,7.97,1.03,0.0
20230607:0211,0.0,0.0,0.0,7.82,0.9,0.0
20230607:0311,0.0,0.0,0.0,7.78,0.83,0.0
20230607:0411,0.38,6.12,4.02,8.21,0.62,0.0
20230607:0511,38.22,35.85,10.88,8.69,0.41,0.0
20230607:0611,128.54,92.14,18.47,9.77,0.48,0.0
20230607:0711,295.8,192.57,26.45,10.74,0.41,0.0
20230607:0811,433.28,275.21,34.46,11.95,0.55,0.0
20230607:0911,747.66,478.19,42.07,13.44,0.28,0.0
20230607:1011,1087.9,724.14,48.65,14.44,0.34,0.0
20230607:1111,1280.34,888.27,53.37,15.55,0.28,0.0
20230607:1211,1323.68,921.21,55.26,16.24,0.62,0.0
20230607:1311,1135.14,761.25,53.83,16.95,1.1,0.0
20230607:1411,909.26,589.84,49.47,17.36,1.79,0.0
20230607:1511,743.8,473.4,43.09,17.11,2.62,0.0
20230607:1611,763.68,484.57,35.59,16.81,3.1,0.0
20230607:1711,510.3,331.88,27.61,16.04,3.52,0.0
20230607:1811,210.06,170.71,19.6,15.21,3.59,0.0
20230607:1911,70.52,57.71,11.93,14.66,3.17,0.0
20230607:2011,0.0,5.25,4.95,13.6,2.83,0.0
20230607:2111,0.0,0.0,0.0,12.28,2.41,0.0
20230607:2211,0.0,0.0,0.0,11.26,2.07,0.0
20230607:2311,0.0,0.0,0.0,10.49,1.79,0.0
20230608:0011,0.0,0.0,0.0,9.87,1.66,0.0
20230608:0111,0.0,0.0,0.0,9.35,1.45,0.0
20230608:0211,0.0,0.0,0.0,9.05,1.24,0.0
20230608:0311,0.0,0.0,0.0,9.06,1.17,0.0
20230608:0411,0.0,2.62,4.09,8.74,1.17,0.0
20230608:0511,35.54,34.1,10.94,9.2,1.31,0.0
20230608:0611,204.86,148.5,18.52,9.73,1.59,0.0
20230608:0711,491.36,319.21,26.5,10.66,1.59,0.0
20230608:0811,801.22,501.91,34.51,11.68,1.93,0.0
20230608:0911,1121.24,715.86,42.12,12.94,2.28,0.0
20230608:1011,1310.52,857.41,48.72,13.91,2.48,0.0
20230608:1111,1440.54,965.93,53.45,15.1,2.55,0.0
20230608:1211,1422.28,959.5,55.35,16.03,2.48,0.0
20230608:1311,1378.38,926.41,53.93,16.52,2.48,0.0
20230608:1411,1327.24,873.95,49.57,16.57,3.17,0.0
20230608:1511,1089.06,691.0,43.19,15.83,4.0,0.0
20230608:1611,906.1,568.29,35.69,15.24,4.21,0.0
20230608:1711,562.5,364.2,27.71,14.65,4.28,0.0
20230608:1811,206.48,173.86,19.7,13.81,4.21,0.0
20230608:1911,71.0,57.71,12.04,13.42,3.66,0.0
20230608:2011,20.16,23.61,5.05,12.32,2.97,0.0
20230608:2111,0.0,0.0,0.0,11.28,2.48,0.0
20230608:2211,0.0,0.0,0.0,10.38,1.79,0.0
20230608:2311,0.0,0.0,0.0,9.63,1.31,0.0
20230609:0011,0.0,0.0,0.0,8.56,1.03,0.0
20230609:0111,0.0,0.0,0.0,8.11,0.9,0.0
20230609:0211,0.0,0.0,0.0,8.24,0.76,0.0
20230609:0311,0.0,0.0,0.0,8.21,0.62,0.0
20230609:0411,0.0,2.62,4.14,7.89,0.41,0.0
20230609:0511,78.38,61.21,10.99,8.03,0.34,0.0
20230609:0611,201.84,150.5,18.57,8.83,0.34,0.0
20230609:0711,520.26,342.36,26.54,10.2,0.69,0.0
20230609:0811,864.94,549.09,34.56,11.42,0.97,0.0
20230609:0911,1146.42,747.79,42.17,13.16,1.17,0.0
20230609:1011,1334.5,902.09,48.78,14.69,1.24,0.0
20230609:1111,1411.52,978.41,53.52,16.21,1.24,0.0
20230609:1211,1468.66,1036.09,55.44,17.51,1.31,0.0
20230609:1311,1398.62,981.13,54.03,18.66,1.31,0.0
20230609:1411,1320.74,916.43,49.67,19.45,1.31,0.0
20230609:1511,1128.92,760.32,43.29,19.95,1.45,0.0
20230609:1611,896.1,591.89,35.79,20.12,1.45,0.0
20230609:1711,560.9,379.35,27.8,19.97,1.52,0.0
20230609:1811,201.74,175.15,19.79,19.37,1.59,0.0
20230609:1911,56.92,49.84,12.13,18.64,1.24,0.0
20230609:2011,19.58,23.61,5.15,17.26,1.1,0.0
20230609:2111,0.0,0.0,0.0,14.98,0.97,0.0
20230609:2211,0.0,0.0,0.0,14.34,0.55,0.0
20230609:2311,0.0,0.0,0.0,13.21,0.14,0.0
20230610:0011,0.0,0.0,0.0,12.27,0.14,0.0
20230610:0111,0.0,0.0,0.0,11.39,0.48,0.0
20230610:0211,0.0,0.0,0.0,10.65,0.69,0.0
20230610:0311,0.0,0.0,0.0,10.11,0.9,0.0
20230610:0411,15.84,20.11,4.19,9.01,1.03,0.0
20230610:0511,82.34,63.84,11.03,9.02,0.97,0.0
20230610:0611,180.52,147.26,18.61,11.62,0.55,0.0
20230610:0711,476.42,316.34,26.58,13.77,0.62,0.0
20230610:0811,817.32,532.03,34.6,16.09,0.62,0.0
20230610:0911,1055.78,705.99,42.22,18.33,0.83,0.0
20230610:1011,1202.82,821.4,48.83,20.27,1.45,0.0
20230610:1111,1394.78,979.45,53.58,21.84,2.0,0.0
20230610:1211,1406.82,989.77,55.52,23.1,2.41,0.0
20230610:1311,1282.2,883.45,54.11,24.02,2.9,0.0
20230610:1411,1228.1,839.08,49.76,24.5,3.03,0.0
20230610:1511,1095.74,731.6,43.38,24.57,3.59,0.0
20230610:1611,804.84,528.38,35.88,24.21,3.66,0.0
20230610:1711,472.86,318.25,27.89,23.41,3.38,0.0
20230610:1811,208.1,151.53,19.88,22.54,3.1,0.0
20230610:1911,53.5,48.1,12.22,21.72,2.83,0.0
20230610:2011,22.68,26.23,5.24,20.44,2.34,0.0
20230610:2111,0.0,0.0,0.0,19.05,2.14,0.0
20230610:2211,0.0,0.0,0.0,17.68,2.14,0.0
20230610:2311,0.0,0.0,0.0,16.63,2.07,0.0
20230611:0011,0.0,0.0,0.0,15.6,1.93,0.0
20230611:0111,0.0,0.0,0.0,14.66,1.93,0.0
20230611:0211,0.0,0.0,0.0,13.91,1.72,0.0
20230611:0311,0.0,0.0,0.0,13.41,1.52,0.0
20230611:0411,16.6,20.99,4.24,13.09,1.52,0.0
20230611:0511,73.66,59.46,11.07,13.3,1.38,0.0
20230611:0611,16.96,21.32,18.64,13.94,1.17,0.0
20230611:0711,61.2,51.92,26.61,15.05,1.03,0.0
20230611:0811,100.7,76.95,34.63,15.5,1.03,0.0
20230611:0911,294.16,194.96,42.26,16.36,0.9,0.0
20230611:1011,252.46,170.59,48.88,17.32,0.55,0.0
20230611:1111,1027.94,692.39,53.64,18.64,0.62,0.0
20230611:1211,884.64,584.17,55.59,19.99,1.45,0.0
20230611:1311,338.8,226.21,54.2,20.96,1.72,0.0
20230611:1411,76.1,63.04,49.84,21.54,1.38,0.0
20230611:1511,164.96,119.6,43.47,22.31,1.1,0.0
20230611:1611,465.12,308.21,35.96,22.62,1.31,0.0
20230611:1711,322.52,217.82,27.98,21.72,1.93,0.0
20230611:1811,200.4,144.13,19.97,20.08,2.07,0.0
20230611:1911,94.32,74.33,12.31,19.93,1.1,0.0
20230611:2011,22.88,26.23,5.33,18.78,0.9,0.0
20230611:2111,0.0,0.0,0.0,18.05,0.83,0.0
20230611:2211,0.0,0.0,0.0,17.47,0.62,0.0
20230611:2311,0.0,0.0,0.0,17.28,0.41,0.0
20230612:0011,0.0,0.0,0.0,16.88,0.28,0.0
20230612:0111,0.0,0.0,0.0,16.49,0.21,0.0
20230612:0211,0.0,0.0,0.0,15.91,0.21,0.0
20230612:0311,0.0,0.0,0.0,14.75,0.41,0.0
20230612:0411,0.0,2.62,4.28,14.45,0.41,0.0
20230612:0511,22.24,25.36,11.1,14.43,0.41,0.0
20230612:0611,121.92,90.28,18.67,15.36,0.14,0.0
20230612:0711,295.5,197.31,26.64,15.98,0.28,0.0
20230612:0811,704.22,460.01,34.66,17.77,0.41,0.0
20230612:0911,0.0,0.0,0.0,19.41,0.76,0.0
20230612:1011,866.88,575.85,48.92,20.95,1.1,0.0
20230612:1111,704.22,465.1,53.7,21.95,1.31,0.0
20230612:1211,1194.2,828.45,55.66,22.55,1.45,0.0
20230612:1311,698.02,458.1,54.27,22.09,2.07,0.0
20230612:1411,98.0,76.95,49.92,21.32,2.55,0.0
20230612:1511,98.44,76.95,43.55,20.45,2.62,0.0
20230612:1611,73.98,61.19,36.04,19.62,1.24,0.0
20230612:1711,35.24,35.23,28.06,19.44,1.66,0.0
20230612:1811,18.88,23.18,20.05,18.57,1.66,0.0
20230612:1911,5.86,12.24,12.39,17.96,1.31,0.0
20230612:2011,0.0,4.37,5.41,17.36,1.59,0.0
20230612:2111,0.0,0.0,0.0,16.4,1.38,0.0
20230612:2211,0.0,0.0,0.0,15.49,1.31,0.0
20230612:2311,0.0,0.0,0.0,14.84,1.31,0.0
20230613:0011,0.0,0.0,0.0,14.06,1.31,0.0
20230613:0111,0.0,0.0,0.0,13.49,1.24,0.0
20230613:0211,0.0,0.0,0.0,13.19,1.17,0.0
20230613:0311,0.0,0.0,0.0,12.86,0.97,0.0
20230613:0411,0.0,2.62,4.31,12.76,0.69,0.0
20230613:0511,20.06,23.61,11.13,13.01,0.62,0.0
20230613:0611,80.74,63.97,18.69,13.44,0.83,0.0
20230613:0711,272.4,181.64,26.66,15.05,0.76,0.0
20230613:0811,318.86,210.74,34.68,17.05,0.76,0.0
20230613:0911,533.52,347.61,42.32,18.91,0.69,0.0
20230613:1011,646.58,425.85,48.95,20.78,0.69,0.0
20230613:1111,1181.02,829.19,53.74,22.46,0.76,0.0
20230613:1211,924.08,631.61,55.72,23.73,0.76,0.0
20230613:1311,119.22,91.78,54.34,24.47,0.76,0.0
20230613:1411,98.88,78.8,49.99,24.75,0.76,0.0
20230613:1511,394.82,266.65,43.62,24.55,0.83,0.0
20230613:1611,464.3,311.29,36.12,23.86,0.48,0.0
20230613:1711,76.84,63.97,28.13,23.17,1.03,0.0
20230613:1811,48.2,44.5,20.13,21.47,1.52,0.0
20230613:1911,5.7,12.24,12.46,21.86,1.52,0.0
20230613:2011,0.0,4.37,5.48,20.54,0.9,0.0
20230613:2111,0.0,0.0,0.0,21.12,0.28,0.0
20230613:2211,0.0,0.0,0.0,20.38,0.55,0.0
20230613:2311,0.0,0.0,0.0,19.16,0.83,0.0
20230614:0011,0.0,0.0,0.0,18.18,0.9,0.0
20230614:0111,0.0,0.0,0.0,16.56,1.03,0.0
20230614:0211,0.0,0.0,0.0,14.78,1.24,0.0
20230614:0311,0.0,0.0,0.0,13.53,1.38,0.0
20230614:0411,9.04,14.87,4.33,12.6,1.45,0.0
20230614:0511,58.54,49.84,11.15,13.26,1.24,0.0
20230614:0611,184.8,146.69,18.71,16.22,0.9,0.0
20230614:0711,490.32,335.13,26.68,18.01,0.9,0.0
20230614:0811,787.26,518.23,34.7,19.81,1.1,0.0
20230614:0911,731.22,479.1,42.34,21.27,1.59,0.0
20230614:1011,1239.42,857.5,48.98,22.23,1.59,0.0
20230614:1111,1305.02,928.79,53.78,23.04,1.17,0.0
20230614:1211,1342.78,979.18,55.77,23.68,0.76,0.0
20230614:1311,1290.84,940.13,54.4,24.17,0.55,0.0
20230614:1411,1056.52,739.66,50.06,24.33,0.48,0.0
20230614:1511,703.46,474.49,43.69,24.37,0.34,0.0
20230614:1611,865.08,595.42,36.19,24.6,0.14,0.0
20230614:1711,557.26,383.95,28.2,23.33,1.17,0.0
20230614:1811,217.66,174.89,20.2,21.61,1.79,0.0
20230614:1911,85.26,69.08,12.53,21.95,1.59,0.0
20230614:2011,22.62,26.23,5.55,20.94,1.59,0.0
20230614:2111,0.0,0.0,0.0,19.29,1.66,0.0
20230614:2211,0.0,0.0,0.0,17.3,1.79,0.0
20230614:2311,0.0,0.0,0.0,15.58,1.93,0.0
20230615:0011,0.0,0.0,0.0,14.16,2.0,0.0
20230615:0111,0.0,0.0,0.0,12.96,1.93,0.0
20230615:0211,0.0,0.0,0.0,11.81,1.86,0.0
20230615:0311,0.0,0.0,0.0,10.87,1.72,0.0
20230615:0411,14.58,19.24,4.35,10.38,1.66,0.0
20230615:0511,59.14,49.84,11.17,11.32,1.45,0.0
20230615:0611,153.58,143.21,18.72,14.08,1.24,0.0
20230615:0711,510.6,346.51,26.69,16.73,1.38,0.0
20230615:0811,861.2,562.53,34.71,18.49,1.66,0.0
20230615:0911,1137.06,760.72,42.35,19.79,1.79,0.0
20230615:1011,1330.42,924.17,49.0,20.86,1.66,0.0
20230615:1111,1440.06,1033.51,53.81,21.75,1.45,0.0
20230615:1211,1445.16,1046.89,55.81,22.51,1.38,0.0
20230615:1311,1416.24,1025.67,54.45,23.11,1.31,0.0
20230615:1411,1298.4,922.27,50.12,23.52,1.24,0.0
20230615:1511,1136.22,789.19,43.76,23.7,1.03,0.0
20230615:1611,866.14,586.11,36.25,23.75,0.9,0.0
20230615:1711,548.54,378.93,28.27,23.61,0.76,0.0
20230615:1811,207.16,179.9,20.26,23.33,0.83,0.0
20230615:1911,63.56,55.09,12.6,22.67,1.17,0.0
20230615:2011,23.72,27.11,5.61,21.31,1.52,0.0
20230615:2111,0.0,0.0,0.0,19.06,1.59,0.0
20230615:2211,0.0,0.0,0.0,17.24,1.52,0.0
20230615:2311,0.0,0.0,0.0,15.79,1.38,0.0
20230616:0011,0.0,0.0,0.0,14.54,1.38,0.0
20230616:0111,0.0,0.0,0.0,13.19,1.52,0.0
20230616:0211,0.0,0.0,0.0,12.16,1.59,0.0
20230616:0311,0.0,0.0,0.0,11.49,1.52,0.0
20230616:0411,16.78,20.99,4.36,11.2,1.45,0.0
20230616:0511,60.26,50.72,11.17,12.08,1.24,0.0
20230616:0611,153.7,142.66,18.73,15.11,0.83,0.0
20230616:0711,503.1,343.93,26.69,17.25,0.69,0.0
20230616:0811,829.94,550.19,34.72,19.04,0.55,0.0
20230616:0911,1088.38,746.29,42.36,20.43,0.41,0.0
20230616:1011,1263.6,892.08,49.02,21.59,0.76,0.0
20230616:1111,1387.1,1000.12,53.84,22.42,1.1,0.0
20230616:1211,1421.04,1033.1,55.85,23.13,1.24,0.0
20230616:1311,1398.28,1013.35,54.5,23.73,1.31,0.0
20230616:1411,1292.62,916.75,50.18,23.98,1.38,0.0
20230616:1511,1109.66,763.78,43.81,23.96,1.38,0.0
20230616:1611,801.22,536.75,36.31,23.86,1.31,0.0
20230616:1711,551.12,379.06,28.33,23.49,1.17,0.0
20230616:1811,209.74,179.31,20.32,22.88,1.1,0.0
20230616:1911,70.34,59.46,12.66,22.14,0.9,0.0
20230616:2011,24.86,27.98,5.67,21.51,1.1,0.0
20230616:2111,0.0,0.0,0.0,19.56,1.1,0.0
20230616:2211,0.0,0.0,0.0,19.21,0.83,0.0
20230616:2311,0.0,0.0,0.0,18.25,0.62,0.0
20230617:0011,0.0,0.0,0.0,17.06,0.41,0.0
20230617:0111,0.0,0.0,0.0,16.03,0.21,0.0
20230617:0211,0.0,0.0,0.0,15.18,0.14,0.0
20230617:0311,0.0,0.0,0.0,14.54,0.07,0.0
20230617:0411,0.0,3.5,4.37,13.99,0.07,0.0
20230617:0511,8.96,14.87,11.18,13.86,0.14,0.0
20230617:0611,198.32,144.46,18.73,14.07,0.28,0.0
20230617:0711,466.6,313.57,26.69,16.28,0.83,0.0
20230617:0811,804.74,523.85,34.72,17.71,1.24,0.0
20230617:0911,1086.44,718.9,42.36,19.08,1.86,0.0
20230617:1011,1257.8,852.37,49.03,20.33,2.21,0.0
20230617:1111,1191.48,806.49,53.86,21.32,2.34,0.0
20230617:1211,975.74,649.12,55.88,21.84,2.28,0.0
20230617:1311,867.44,574.36,54.55,22.44,2.21,0.0
20230617:1411,262.64,179.86,50.23,22.32,2.14,0.0
20230617:1511,138.66,102.91,43.87,22.16,2.07,0.0
20230617:1611,153.7,112.18,36.37,21.88,1.93,0.0
20230617:1711,332.9,224.24,28.38,21.44,1.66,0.0
20230617:1811,80.64,65.82,20.37,20.93,1.38,0.0
20230617:1911,62.98,54.22,12.71,20.49,1.31,0.0
20230617:2011,0.0,4.37,5.72,19.33,1.59,0.0
20230617:2111,0.0,0.0,0.0,17.77,1.1,0.0
20230617:2211,0.0,0.0,0.0,17.98,0.69,0.0
20230617:2311,0.0,0.0,0.0,17.24,0.76,0.0
20230618:0011,0.0,0.0,0.0,16.45,0.76,0.0
20230618:0111,0.0,0.0,0.0,16.21,0.69,0.0
20230618:0211,0.0,0.0,0.0,15.27,0.83,0.0
20230618:0311,0.0,0.0,0.0,14.68,0.83,0.0
20230618:0411,0.0,3.5,4.37,13.96,0.83,0.0
20230618:0511,6.98,13.12,11.17,13.72,0.76,0.0
20230618:0611,169.26,120.53,18.72,14.62,0.41,0.0
20230618:0711,225.24,153.25,26.68,16.03,0.83,0.0
20230618:0811,691.4,447.41,34.71,17.43,1.1,0.0
20230618:0911,1075.96,714.78,42.36,18.77,1.45,0.0
20230618:1011,1279.74,874.86,49.03,20.01,1.79,0.0
20230618:1111,1362.36,943.09,53.87,21.03,2.21,0.0
20230618:1211,1274.42,871.46,55.91,21.78,2.55,0.0
20230618:1311,1361.82,940.05,54.58,22.07,2.69,0.0
20230618:1411,961.34,636.06,50.27,22.18,2.62,0.0
20230618:1511,919.62,606.8,43.91,22.37,2.48,0.0
20230618:1611,729.56,478.79,36.42,22.39,2.21,0.0
20230618:1711,505.36,339.49,28.43,22.16,2.41,0.0
20230618:1811,231.6,171.46,20.42,21.46,2.69,0.0
20230618:1911,101.16,78.7,12.76,20.42,2.21,0.0
20230618:2011,8.66,14.87,5.77,19.13,2.21,0.0
20230618:2111,0.0,0.0,0.0,17.83,1.93,0.0
20230618:2211,0.0,0.0,0.0,16.68,1.52,0.0
20230618:2311,0.0,0.0,0.0,15.57,1.45,0.0
20230619:0011,0.0,0.0,0.0,14.72,1.45,0.0
20230619:0111,0.0,0.0,0.0,14.26,1.66,0.0
20230619:0211,0.0,0.0,0.0,13.63,2.0,0.0
20230619:0311,0.0,0.0,0.0,13.08,2.55,0.0
20230619:0411,0.0,3.5,4.37,12.79,3.03,0.0
20230619:0511,4.24,10.49,11.16,12.81,2.34,0.0
20230619:0611,20.74,24.1,18.71,13.17,2.28,0.0
20230619:0711,185.0,125.95,26.67,12.66,5.03,0.0
20230619:0811,111.5,82.51,34.7,13.13,4.34,0.0
20230619:0911,346.36,222.38,42.35,14.0,3.38,0.0
20230619:1011,456.04,291.44,49.02,15.65,2.28,0.0
20230619:1111,821.06,522.98,53.88,16.63,2.83,0.0
20230619:1211,469.82,298.3,55.92,16.13,4.34,0.0
20230619:1311,320.96,207.67,54.61,15.06,4.76,0.0
20230619:1411,356.8,229.35,50.3,15.02,3.93,0.0
20230619:1511,340.6,220.3,43.95,15.98,4.48,0.0
20230619:1611,227.9,153.9,36.46,16.81,4.28,0.0
20230619:1711,311.42,204.61,28.48,17.04,4.48,0.0
20230619:1811,228.5,161.16,20.47,16.78,4.0,0.0
20230619:1911,7.84,13.99,12.8,16.18,3.52,0.0
20230619:2011,0.0,4.37,5.81,15.73,3.38,0.0
20230619:2111,0.0,0.0,0.0,15.14,3.1,0.0
20230619:2211,0.0,0.0,0.0,14.59,3.03,0.0
20230619:2311,0.0,0.0,0.0,14.19,2.69,0.0
20230620:0011,0.0,0.0,0.0,13.94,2.48,0.0
20230620:0111,0.0,0.0,0.0,13.66,2.41,0.0
20230620:0211,0.0,0.0,0.0,13.7,2.41,0.0
20230620:0311,0.0,0.0,0.0,13.81,2.41,0.0
20230620:0411,0.0,3.5,4.35,13.98,2.34,0.0
20230620:0511,77.54,62.09,11.15,14.27,2.28,0.0
20230620:0611,156.78,140.23,18.69,14.9,2.62,0.0
20230620:0711,486.4,323.87,26.65,16.07,3.52,0.0
20230620:0811,385.0,248.61,34.68,17.15,3.66,0.0
20230620:0911,684.68,434.5,42.33,18.02,3.59,0.0
20230620:1011,1092.68,707.39,49.01,18.26,3.52,0.0
20230620:1111,705.98,450.49,53.87,18.76,3.72,0.0
20230620:1211,827.72,533.03,55.93,19.38,3.31,0.0
20230620:1311,1025.76,672.54,54.63,19.7,2.83,0.0
20230620:1411,693.24,448.01,50.33,19.85,2.48,0.0
20230620:1511,656.26,423.59,43.99,19.45,2.14,0.0
20230620:1611,308.1,204.78,36.5,18.98,2.28,0.0
20230620:1711,196.0,136.22,28.51,18.24,2.07,0.0
20230620:1811,236.84,179.08,20.5,17.63,1.72,0.0
20230620:1911,91.08,71.71,12.84,18.12,1.38,0.0
20230620:2011,20.78,24.48,5.84,17.0,1.17,0.0
20230620:2111,0.0,0.0,0.0,15.99,1.31,0.0
20230620:2211,0.0,0.0,0.0,14.42,1.38,0.0
20230620:2311,0.0,0.0,0.0,13.15,1.59,0.0
20230621:0011,0.0,0.0,0.0,12.2,1.72,0.0
20230621:0111,0.0,0.0,0.0,11.39,1.79,0.0
20230621:0211,0.0,0.0,0.0,10.63,1.66,0.0
20230621:0311,0.0,0.0,0.0,10.28,1.72,0.0
20230621:0411,9.18,14.87,4.34,10.25,1.79,0.0
20230621:0511,79.92,62.96,11.13,11.71,1.79,0.0
20230621:0611,155.64,139.56,18.67,13.34,2.34,0.0
20230621:0711,506.42,337.57,26.63,14.61,2.97,0.0
20230621:0811,664.1,418.58,34.65,15.71,3.38,0.0
20230621:0911,701.1,440.3,42.31,16.28,3.93,0.0
20230621:1011,995.44,629.92,49.0,16.43,4.28,0.0
20230621:1111,854.5,538.57,53.87,16.35,4.21,0.0
20230621:1211,399.28,256.29,55.94,16.7,4.55,0.0
20230621:1311,1014.54,642.78,54.65,16.69,4.69,0.0
20230621:1411,1171.1,748.64,50.36,16.81,4.62,0.0
20230621:1511,804.92,504.42,44.02,16.6,4.69,0.0
20230621:1611,728.82,456.9,36.53,16.4,4.55,0.0
20230621:1711,495.56,318.9,28.55,15.82,4.41,0.0
20230621:1811,241.96,180.79,20.54,15.12,4.21,0.0
20230621:1911,104.0,78.7,12.87,15.23,3.45,0.0
20230621:2011,28.32,29.73,5.87,14.49,2.97,0.0
20230621:2111,0.0,0.0,0.0,13.59,2.62,0.0
20230621:2211,0.0,0.0,0.0,12.61,2.48,0.0
20230621:2311,0.0,0.0,0.0,11.84,2.41,0.0
20230622:0011,0.0,0.0,0.0,11.2,2.41,0.0
20230622:0111,0.0,0.0,0.0,10.71,2.48,0.0
20230622:0211,0.0,0.0,0.0,10.69,2.55,0.0
20230622:0311,0.0,0.0,0.0,10.71,2.69,0.0
20230622:0411,0.0,3.5,4.31,10.58,2.48,0.0
20230622:0511,63.44,52.47,11.1,10.94,2.34,0.0
20230622:0611,168.86,142.72,18.64,11.72,2.9,0.0
20230622:0711,501.74,329.95,26.6,12.84,3.31,0.0
20230622:0811,746.48,465.96,34.62,13.86,3.66,0.0
20230622:0911,574.1,359.94,42.28,14.85,3.59,0.0
20230622:1011,893.22,564.7,48.98,15.69,3.38,0.0
20230622:1111,1184.54,769.16,53.85,16.31,3.24,0.0
20230622:1211,992.12,637.59,55.93,16.97,3.17,0.0
20230622:1311,1229.7,807.63,54.66,17.18,3.1,0.0
20230622:1411,1127.32,734.6,50.38,17.39,2.9,0.0
20230622:1511,1101.18,716.97,44.04,17.26,2.48,0.0
20230622:1611,885.04,570.91,36.56,17.49,2.14,0.0
20230622:1711,573.22,379.31,28.57,17.51,2.0,0.0
20230622:1811,224.86,185.72,20.56,17.2,1.72,0.0
20230622:1911,72.1,59.46,12.89,17.23,0.55,0.0
20230622:2011,29.1,30.61,5.89,17.0,0.14,0.0
20230622:2111,0.0,0.0,0.0,15.98,0.62,0.0
20230622:2211,0.0,0.0,0.0,15.68,0.62,0.0
20230622:2311,0.0,0.0,0.0,14.87,0.69,0.0
20230623:0011,0.0,0.0,0.0,13.71,0.97,0.0
20230623:0111,0.0,0.0,0.0,11.68,1.17,0.0
20230623:0211,0.0,0.0,0.0,10.51,1.31,0.0
20230623:0311,0.0,0.0,0.0,9.52,1.45,0.0
20230623:0411,0.0,2.62,4.28,9.0,1.59,0.0
20230623:0511,4.34,10.49,11.07,9.74,1.45,0.0
20230623:0611,23.44,25.96,18.6,11.64,1.31,0.0
20230623:0711,77.78,62.12,26.56,13.61,1.52,0.0
20230623:0811,308.42,200.99,34.59,14.21,1.79,0.0
20230623:0911,597.7,375.82,42.25,14.37,2.41,0.0
20230623:1011,640.6,401.84,48.95,15.21,3.59,0.0
20230623:1111,521.16,329.86,53.83,16.35,4.21,0.0
20230623:1211,797.16,501.4,55.92,17.35,5.24,0.0
20230623:1311,401.84,258.54,54.66,17.96,5.66,0.0
20230623:1411,934.2,592.83,50.39,18.99,5.38,0.0
20230623:1511,390.06,253.35,44.06,19.37,4.9,0.0
20230623:1611,471.08,303.24,36.58,19.07,3.72,0.0
20230623:1711,175.08,123.31,28.59,18.47,3.45,0.0
20230623:1811,54.72,48.21,20.58,18.06,2.9,0.0
20230623:1911,6.8,13.12,12.91,17.8,2.97,0.0
20230623:2011,0.0,4.37,5.9,17.05,2.14,0.0
20230623:2111,0.0,0.0,0.0,16.11,2.0,0.0
20230623:2211,0.0,0.0,0.0,15.72,2.07,0.0
20230623:2311,0.0,0.0,0.0,15.46,2.28,0.0
20230624:0011,0.0,0.0,0.0,15.32,2.41,0.0
20230624:0111,0.0,0.0,0.0,15.06,2.21,0.0
20230624:0211,0.0,0.0,0.0,14.93,1.93,0.0
20230624:0311,0.0,0.0,0.0,14.58,2.07,0.0
20230624:0411,13.14,18.36,4.25,14.61,2.21,0.0
20230624:0511,69.02,56.84,11.03,14.89,2.41,0.0
20230624:0611,190.92,142.76,18.56,15.58,3.1,0.0
20230624:0711,382.34,252.26,26.52,16.73,2.9,0.0
20230624:0811,295.38,195.29,34.55,17.63,3.31,0.0
20230624:0911,318.68,210.05,42.21,18.45,3.45,0.0
20230624:1011,337.48,221.92,48.91,19.09,3.79,0.0
20230624:1111,928.9,597.18,53.8,19.88,4.28,0.0
20230624:1211,615.8,394.45,55.91,20.35,4.76,0.0
20230624:1311,671.32,430.08,54.65,20.7,4.76,0.0
20230624:1411,592.14,381.17,50.39,21.37,4.69,0.0
20230624:1511,1129.64,738.16,44.07,21.9,4.41,0.0
20230624:1611,860.08,556.88,36.59,22.14,4.21,0.0
20230624:1711,559.04,374.79,28.61,22.16,3.79,0.0
20230624:1811,227.62,180.17,20.6,22.02,3.24,0.0
20230624:1911,83.98,68.21,12.92,21.99,2.48,0.0
20230624:2011,26.12,28.86,5.91,21.03,2.41,0.0
20230624:2111,0.0,0.0,0.0,19.81,2.48,0.0
20230624:2211,0.0,0.0,0.0,18.93,2.48,0.0
20230624:2311,0.0,0.0,0.0,18.25,3.03,0.0
20230625:0011,0.0,0.0,0.0,17.66,3.38,0.0
20230625:0111,0.0,0.0,0.0,17.01,3.52,0.0
20230625:0211,0.0,0.0,0.0,16.67,3.45,0.0
20230625:0311,0.0,0.0,0.0,16.26,3.45,0.0
20230625:0411,16.32,20.99,4.2,16.17,3.45,0.0
20230625:0511,71.2,58.59,10.98,16.65,3.45,0.0
20230625:0611,169.46,141.12,18.52,17.12,3.1,0.0
20230625:0711,385.46,255.32,26.47,18.21,3.86,0.0
20230625:0811,549.14,351.13,34.5,19.17,4.41,0.0
20230625:0911,370.24,242.03,42.17,20.04,4.9,0.0
20230625:1011,127.12,94.56,48.87,20.16,4.97,0.0
20230625:1111,175.96,124.23,53.77,19.67,4.9,0.0
20230625:1211,160.34,114.03,55.88,18.11,4.41,0.0
20230625:1311,120.48,89.0,54.64,16.06,4.07,0.0
20230625:1411,134.92,97.35,50.39,14.71,3.03,0.0
20230625:1511,127.46,92.71,44.08,14.15,2.34,0.0
20230625:1611,95.52,73.24,36.6,14.16,2.07,0.0
20230625:1711,52.9,46.36,28.62,14.31,1.72,0.0
20230625:1811,58.5,50.06,20.61,14.71,2.14,0.0
20230625:1911,12.04,17.49,12.93,14.84,1.93,0.0
20230625:2011,30.78,31.48,5.92,14.54,1.52,0.0
20230625:2111,0.0,0.0,0.0,13.9,1.24,0.0
20230625:2211,0.0,0.0,0.0,12.48,1.17,0.0
20230625:2311,0.0,0.0,0.0,11.32,1.17,0.0
20230626:0011,0.0,0.0,0.0,10.61,1.45,0.0
20230626:0111,0.0,0.0,0.0,10.11,1.79,0.0
20230626:0211,0.0,0.0,0.0,9.78,1.93,0.0
20230626:0311,0.0,0.0,0.0,9.8,2.0,0.0
20230626:0411,16.94,20.99,4.16,9.58,2.21,0.0
20230626:0511,60.9,50.72,10.93,10.26,2.34,0.0
20230626:0611,187.28,130.69,18.47,11.1,2.76,0.0
20230626:0711,512.3,337.25,26.42,12.07,3.72,0.0
20230626:0811,601.78,373.38,34.45,12.69,3.86,0.0
20230626:0911,1062.9,664.39,42.12,13.33,4.0,0.0
20230626:1011,791.02,491.07,48.82,13.81,4.21,0.0
20230626:1111,1202.24,763.16,53.73,14.43,4.48,0.0
20230626:1211,756.28,471.4,55.85,14.74,4.55,0.0
20230626:1311,327.3,211.38,54.62,15.0,4.76,0.0
20230626:1411,1102.28,694.25,50.38,15.09,4.83,0.0
20230626:1511,1121.26,705.99,44.07,15.28,4.76,0.0
20230626:1611,448.4,282.94,36.6,14.82,4.62,0.0
20230626:1711,403.48,258.62,28.62,14.71,4.28,0.0
20230626:1811,251.32,180.53,20.61,14.43,3.72,0.0
20230626:1911,21.1,24.48,12.93,14.4,3.1,0.0
20230626:2011,2.5,8.74,5.91,13.86,2.62,0.0
20230626:2111,0.0,0.0,0.0,13.01,2.28,0.0
20230626:2211,0.0,0.0,0.0,12.23,2.0,0.0
20230626:2311,0.0,0.0,0.0,11.74,2.0,0.0
20230627:0011,0.0,0.0,0.0,11.15,2.0,0.0
20230627:0111,0.0,0.0,0.0,10.73,1.93,0.0
20230627:0211,0.0,0.0,0.0,10.53,1.93,0.0
20230627:0311,0.0,0.0,0.0,10.25,1.86,0.0
20230627:0411,8.16,13.99,4.1,10.26,1.79,0.0
20230627:0511,17.98,21.86,10.88,10.83,1.79,0.0
20230627:0611,185.64,131.38,18.41,11.89,1.86,0.0
20230627:0711,168.52,116.82,26.37,12.99,2.21,0.0
20230627:0811,579.24,363.2,34.4,13.94,3.03,0.0
20230627:0911,258.64,170.59,42.06,14.16,3.38,0.0
20230627:1011,150.64,106.62,48.77,14.6,4.07,0.0
20230627:1111,203.36,138.14,53.68,14.92,4.21,0.0
20230627:1211,139.82,100.13,55.81,14.34,3.24,0.0
20230627:1311,180.14,124.23,54.6,14.43,3.38,0.0
20230627:1411,112.18,83.44,50.37,14.54,3.72,0.0
20230627:1511,181.82,125.16,44.07,14.09,2.83,0.0
20230627:1611,89.62,69.53,36.6,14.11,2.83,0.0
20230627:1711,130.4,94.56,28.62,14.47,2.69,0.0
20230627:1811,186.88,130.29,20.61,14.98,2.69,0.0
20230627:1911,75.7,61.21,12.92,15.6,3.17,0.0
20230627:2011,0.0,5.25,5.9,15.69,2.97,0.0
20230627:2111,0.0,0.0,0.0,15.62,2.9,0.0
20230627:2211,0.0,0.0,0.0,15.25,2.9,0.0
20230627:2311,0.0,0.0,0.0,14.74,2.83,0.0
20230628:0011,0.0,0.0,0.0,14.18,2.9,0.0
20230628:0111,0.0,0.0,0.0,13.62,2.76,0.0
20230628:0211,0.0,0.0,0.0,13.06,2.55,0.0
20230628:0311,0.0,0.0,0.0,12.53,2.76,0.0
20230628:0411,0.0,2.62,4.04,12.17,2.55,0.0
20230628:0511,4.26,10.49,10.82,12.11,2.34,0.0
20230628:0611,91.92,70.46,18.35,12.32,2.62,0.0
20230628:0711,287.12,188.19,26.3,13.28,2.69,0.0
20230628:0811,407.2,258.65,34.33,13.54,2.69,0.0
20230628:0911,497.24,312.8,42.0,13.65,2.69,0.0
20230628:1011,374.5,238.97,48.71,13.51,2.97,0.0
20230628:1111,157.68,110.33,53.63,12.94,2.34,0.0
20230628:1211,246.08,162.24,55.77,12.42,2.48,0.0
20230628:1311,444.06,279.79,54.56,12.79,2.97,0.0
20230628:1411,1247.2,799.25,50.35,13.47,3.31,0.0
20230628:1511,771.92,480.5,44.05,13.75,3.45,0.0
20230628:1611,436.02,275.18,36.59,13.87,3.66,0.0
20230628:1711,445.64,284.92,28.61,14.15,3.66,0.0
20230628:1811,215.98,148.76,20.6,13.72,3.24,0.0
20230628:1911,104.74,78.7,12.91,13.71,2.97,0.0
20230628:2011,23.66,26.23,5.89,13.05,2.69,0.0
20230628:2111,0.0,0.0,0.0,12.18,2.48,0.0
20230628:2211,0.0,0.0,0.0,11.25,2.41,0.0
20230628:2311,0.0,0.0,0.0,10.51,2.41,0.0
20230629:0011,0.0,0.0,0.0,9.86,2.34,0.0
20230629:0111,0.0,0.0,0.0,9.32,2.34,0.0
20230629:0211,0.0,0.0,0.0,9.36,2.28,0.0
20230629:0311,0.0,0.0,0.0,9.37,2.21,0.0
20230629:0411,0.0,2.62,3.98,9.36,2.14,0.0
20230629:0511,20.44,23.61,10.75,9.79,2.07,0.0
20230629:0611,74.52,59.33,18.28,10.78,2.69,0.0
20230629:0711,421.4,271.57,26.24,11.27,2.76,0.0
20230629:0811,836.52,521.03,34.27,12.03,3.1,0.0
20230629:0911,997.82,625.01,41.94,12.79,3.1,0.0
20230629:1011,419.08,265.1,48.65,13.27,3.17,0.0
20230629:1111,1106.48,701.14,53.57,14.0,3.72,0.0
20230629:1211,701.42,437.99,55.72,14.5,4.0,0.0
20230629:1311,713.26,445.34,54.52,14.7,4.14,0.0
20230629:1411,824.8,514.59,50.32,14.91,4.41,0.0
20230629:1511,523.34,328.06,44.04,14.97,4.62,0.0
20230629:1611,492.32,309.42,36.58,14.74,4.28,0.0
20230629:1711,149.08,105.69,28.6,14.58,4.0,0.0
20230629:1811,120.08,88.08,20.58,14.16,4.0,0.0
20230629:1911,39.92,37.6,12.9,13.53,3.59,0.0
20230629:2011,1.74,7.87,5.87,13.01,3.45,0.0
20230629:2111,0.0,0.0,0.0,12.09,3.31,0.0
20230629:2211,0.0,0.0,0.0,11.19,3.03,0.0
20230629:2311,0.0,0.0,0.0,10.55,3.17,0.0
20230630:0011,0.0,0.0,0.0,10.63,3.24,0.0
20230630:0111,0.0,0.0,0.0,10.78,3.52,0.0
20230630:0211,0.0,0.0,0.0,10.9,3.59,0.0
20230630:0311,0.0,0.0,0.0,10.96,3.38,0.0
20230630:0411,0.0,2.62,3.91,11.0,3.03,0.0
20230630:0511,4.28,10.49,10.68,11.19,2.76,0.0
20230630:0611,90.76,69.53,18.21,11.59,2.76,0.0
20230630:0711,105.66,78.8,26.17,12.27,2.9,0.0
20230630:0811,267.26,174.53,34.19,12.56,3.17,0.0
20230630:0911,605.94,377.53,41.86,12.68,2.55,0.0
20230630:1011,272.1,178.0,48.58,13.17,2.83,0.0
20230630:1111,0.0,0.0,0.0,13.67,2.69,0.0
20230630:1211,224.34,150.19,55.66,13.59,2.48,0.0
20230630:1311,121.68,89.0,54.48,13.69,2.62,0.0
20230630:1411,163.26,114.03,50.29,13.89,2.69,0.0
20230630:1511,209.94,141.85,44.01,13.77,2.21,0.0
20230630:1611,238.12,158.54,36.55,13.66,2.14,0.0
20230630:1711,271.76,178.53,28.58,13.29,2.07,0.0
20230630:1811,43.36,39.87,20.56,13.09,2.0,0.0
20230630:1911,7.98,13.99,12.87,13.48,1.24,0.0
20230630:2011,0.0,4.37,5.84,13.25,1.03,0.0
20230630:2111,0.0,0.0,0.0,12.75,1.03,0.0
20230630:2211,0.0,0.0,0.0,12.57,1.03,0.0
20230630:2311,0.0,0.0,0.0,12.49,1.17,0.0
20230701:0011,0.0,0.0,0.0,12.55,1.38,0.0
20230701:0111,0.0,0.0,0.0,12.47,1.66,0.0
20230701:0211,0.0,0.0,0.0,12.29,2.14,0.0
20230701:0311,0.0,0.0,0.0,12.06,2.55,0.0
20230701:0411,0.0,2.62,3.83,12.02,2.55,0.0
20230701:0511,5.18,11.37,10.6,11.98,2.76,0.0
20230701:0611,113.54,83.75,18.13,12.28,2.83,0.0
20230701:0711,310.18,201.74,26.09,12.5,2.69,0.0
20230701:0811,567.0,354.64,34.12,13.21,2.97,0.0
20230701:0911,611.46,380.74,41.79,14.11,3.93,0.0
20230701:1011,185.24,126.09,48.5,12.82,5.31,0.0
20230701:1111,527.16,326.73,53.43,12.59,5.1,0.0
20230701:1211,1530.82,976.48,55.6,12.82,5.72,0.0
20230701:1311,270.08,176.15,54.43,13.7,6.07,0.0
20230701:1411,420.92,263.89,50.25,13.4,6.62,0.0
20230701:1511,261.86,170.59,43.98,12.81,6.48,0.0
20230701:1611,364.7,229.9,36.53,12.46,6.55,0.0
20230701:1711,136.0,96.42,28.56,11.58,6.76,0.0
20230701:1811,212.88,143.8,20.54,11.17,6.0,0.0
20230701:1911,106.46,78.7,12.84,10.93,5.45,0.0
20230701:2011,1.04,7.0,5.81,10.44,4.97,0.0
20230701:2111,0.0,0.0,0.0,9.9,4.48,0.0
20230701:2211,0.0,0.0,0.0,9.52,4.41,0.0
20230701:2311,0.0,0.0,0.0,9.32,4.62,0.0
20230702:0011,0.0,0.0,0.0,9.32,4.62,0.0
20230702:0111,0.0,0.0,0.0,9.2,4.55,0.0
20230702:0211,0.0,0.0,0.0,9.21,4.55,0.0
20230702:0311,0.0,0.0,0.0,9.09,4.41,0.0
20230702:0411,0.0,3.5,3.75,9.04,4.28,0.0
20230702:0511,73.94,58.59,10.52,9.3,4.21,0.0
20230702:0611,189.06,131.56,18.05,9.8,4.9,0.0
20230702:0711,376.78,239.79,26.01,10.45,5.17,0.0
20230702:0811,260.54,168.85,34.04,11.02,5.1,0.0
20230702:0911,635.88,388.61,41.7,11.37,5.1,0.0
20230702:1011,496.82,307.53,48.42,11.9,5.17,0.0
20230702:1111,786.52,482.08,53.35,12.44,5.59,0.0
20230702:1211,220.42,146.48,55.52,12.53,5.45,0.0
20230702:1311,280.4,181.71,54.37,12.96,5.66,0.0
20230702:1411,835.24,513.09,50.2,12.96,5.52,0.0
20230702:1511,1216.26,755.66,43.94,12.96,5.52,0.0
20230702:1611,562.92,346.7,36.49,12.21,5.17,0.0
20230702:1711,440.28,277.07,28.53,11.75,4.9,0.0
20230702:1811,118.76,86.22,20.51,11.34,4.9,0.0
20230702:1911,94.9,71.71,12.81,10.63,4.41,0.0
20230702:2011,30.3,30.61,5.77,10.08,3.79,0.0
20230702:2111,0.0,0.0,0.0,9.43,3.86,0.0
20230702:2211,0.0,0.0,0.0,8.95,3.86,0.0
20230702:2311,0.0,0.0,0.0,8.57,3.93,0.0
20230703:0011,0.0,0.0,0.0,8.5,4.0,0.0
20230703:0111,0.0,0.0,0.0,8.48,3.93,0.0
20230703:0211,0.0,0.0,0.0,8.55,4.0,0.0
20230703:0311,0.0,0.0,0.0,8.5,4.0,0.0
20230703:0411,0.0,2.62,3.66,8.63,4.07,0.0
20230703:0511,7.22,13.12,10.43,8.85,3.72,0.0
20230703:0611,171.3,118.45,17.96,9.06,4.14,0.0
20230703:0711,157.5,108.47,25.92,9.86,4.9,0.0
20230703:0811,235.3,153.9,33.95,10.32,4.55,0.0
20230703:0911,503.56,309.87,41.62,10.47,4.41,0.0
20230703:1011,571.08,351.0,48.33,11.18,4.55,0.0
20230703:1111,506.62,313.39,53.26,11.56,4.76,0.0
20230703:1211,643.78,396.24,55.45,11.87,4.55,0.0
20230703:1311,327.88,209.53,54.3,12.32,4.14,0.0
20230703:1411,305.94,196.55,50.14,12.29,4.34,0.0
20230703:1511,255.4,166.88,43.9,12.04,4.14,0.0
20230703:1611,228.66,151.12,36.46,11.71,3.86,0.0
20230703:1711,214.66,142.73,28.49,11.29,3.79,0.0
20230703:1811,109.6,80.66,20.47,10.84,3.66,0.0
20230703:1911,19.2,22.74,12.77,10.44,4.14,0.0
20230703:2011,4.32,10.49,5.72,10.12,3.86,0.0
20230703:2111,0.0,0.0,0.0,10.05,3.24,0.0
20230703:2211,0.0,0.0,0.0,10.04,2.69,0.0
20230703:2311,0.0,0.0,0.0,10.07,2.34,0.0
20230704:0011,0.0,0.0,0.0,9.96,1.59,0.0
20230704:0111,0.0,0.0,0.0,9.83,1.24,0.0
20230704:0211,0.0,0.0,0.0,9.6,1.31,0.0
20230704:0311,0.0,0.0,0.0,9.38,1.24,0.0
20230704:0411,0.0,2.62,3.57,9.11,0.9,0.0
20230704:0511,5.28,11.37,10.34,9.2,0.69,0.0
20230704:0611,136.94,97.27,17.87,9.42,0.83,0.0
20230704:0711,289.88,188.18,25.83,9.66,0.62,0.0
20230704:0811,474.06,297.63,33.86,10.04,0.55,0.0
20230704:0911,589.78,369.29,41.52,11.09,0.83,0.0
20230704:1011,609.26,382.17,48.24,11.58,1.03,0.0
20230704:1111,835.82,528.94,53.17,12.25,1.31,0.0
20230704:1211,476.16,301.16,55.36,12.73,1.52,0.0
20230704:1311,705.98,444.87,54.23,12.99,1.59,0.0
20230704:1411,485.96,307.02,50.08,12.95,1.66,0.0
20230704:1511,746.36,470.44,43.84,13.1,1.45,0.0
20230704:1611,638.42,400.92,36.41,12.88,1.59,0.0
20230704:1711,327.5,211.56,28.45,12.42,1.72,0.0
20230704:1811,96.58,73.24,20.42,11.85,1.72,0.0
20230704:1911,20.22,23.61,12.72,11.68,1.52,0.0
20230704:2011,0.0,4.37,5.67,11.12,1.31,0.0
20230704:2111,0.0,0.0,0.0,10.51,1.24,0.0
20230704:2211,0.0,0.0,0.0,9.92,1.1,0.0
20230704:2311,0.0,0.0,0.0,9.43,1.1,0.0
20230705:0011,0.0,0.0,0.0,8.61,1.03,0.0
20230705:0111,0.0,0.0,0.0,8.47,0.83,0.0
20230705:0211,0.0,0.0,0.0,8.88,0.62,0.0
20230705:0311,0.0,0.0,0.0,8.79,0.48,0.0
20230705:0411,0.0,3.5,3.47,8.71,0.55,0.0
20230705:0511,48.98,42.85,10.24,8.4,0.69,0.0
20230705:0611,42.78,38.94,17.77,9.22,0.48,0.0
20230705:0711,0.0,0.0,0.0,9.86,0.83,0.0
20230705:0811,593.16,371.62,33.76,10.55,0.76,0.0
20230705:0911,570.12,356.98,41.43,11.26,0.97,0.0
20230705:1011,863.36,547.93,48.14,11.95,0.97,0.0
20230705:1111,785.7,499.56,53.08,12.97,0.97,0.0
20230705:1211,1277.98,858.93,55.27,13.34,0.97,0.0
20230705:1311,875.88,561.38,54.15,14.3,1.38,0.0
20230705:1411,863.46,552.47,50.02,14.71,1.52,0.0
20230705:1511,781.4,497.5,43.79,14.98,1.52,0.0
20230705:1611,879.74,561.69,36.36,14.74,1.72,0.0
20230705:1711,508.68,328.13,28.4,14.58,2.14,0.0
20230705:1811,221.68,153.28,20.37,14.37,2.34,0.0
20230705:1911,98.76,75.2,12.67,13.98,2.0,0.0
20230705:2011,0.0,4.37,5.61,13.17,1.93,0.0
20230705:2111,0.0,0.0,0.0,12.32,1.66,0.0
20230705:2211,0.0,0.0,0.0,11.44,1.66,0.0
20230705:2311,0.0,0.0,0.0,10.6,1.79,0.0
20230706:0011,0.0,0.0,0.0,10.06,1.72,0.0
20230706:0111,0.0,0.0,0.0,9.54,1.79,0.0
20230706:0211,0.0,0.0,0.0,9.05,1.79,0.0
20230706:0311,0.0,0.0,0.0,8.87,1.79,0.0
20230706:0411,1.08,7.0,3.37,8.73,1.86,0.0
20230706:0511,75.18,59.46,10.14,9.36,1.93,0.0
20230706:0611,162.98,114.66,17.67,10.63,2.21,0.0
20230706:0711,299.54,194.77,25.63,11.89,2.83,0.0
20230706:0811,549.72,343.87,33.66,12.92,2.83,0.0
20230706:0911,582.12,364.48,41.32,13.82,2.76,0.0
20230706:1011,420.3,268.31,48.04,14.68,2.41,0.0
20230706:1111,532.22,337.9,52.97,15.35,2.34,0.0
20230706:1211,192.18,132.58,55.17,16.07,2.28,0.0
20230706:1311,900.34,579.43,54.06,16.35,2.07,0.0
20230706:1411,561.56,359.6,49.94,16.72,1.72,0.0
20230706:1511,314.24,207.05,43.72,16.79,1.59,0.0
20230706:1611,138.76,100.13,36.3,15.64,2.41,0.0
20230706:1711,74.74,60.26,28.34,14.14,2.83,0.0
20230706:1811,43.36,39.87,20.32,13.24,2.76,0.0
20230706:1911,62.84,52.47,12.61,12.82,2.48,0.0
20230706:2011,0.0,4.37,5.54,12.29,2.9,0.0
20230706:2111,0.0,0.0,0.0,11.9,3.45,0.0
20230706:2211,0.0,0.0,0.0,11.8,3.79,0.0
20230706:2311,0.0,0.0,0.0,11.82,4.14,0.0
20230707:0011,0.0,0.0,0.0,11.82,4.07,0.0
20230707:0111,0.0,0.0,0.0,11.9,3.66,0.0
20230707:0211,0.0,0.0,0.0,12.05,3.17,0.0
20230707:0311,0.0,0.0,0.0,12.18,2.55,0.0
20230707:0411,3.38,9.62,3.26,12.29,2.07,0.0
20230707:0511,58.72,49.84,10.03,12.78,1.86,0.0
20230707:0611,100.28,76.02,17.57,13.61,1.86,0.0
20230707:0711,255.1,170.49,25.52,14.93,2.0,0.0
20230707:0811,307.14,201.3,33.55,16.22,2.97,0.0
20230707:0911,409.68,263.66,41.22,17.46,3.79,0.0
20230707:1011,855.94,541.33,47.93,18.2,4.76,0.0
20230707:1111,483.64,309.75,52.86,18.88,5.03,0.0
20230707:1211,462.44,297.91,55.07,19.81,5.31,0.0
20230707:1311,624.72,398.94,53.97,20.33,5.31,0.0
20230707:1411,616.84,393.34,49.86,20.46,5.66,0.0
20230707:1511,793.98,505.4,43.65,20.39,5.1,0.0
20230707:1611,311.44,206.96,36.24,20.58,4.69,0.0
20230707:1711,194.68,136.25,28.28,20.51,4.14,0.0
20230707:1811,187.58,133.81,20.25,20.02,3.52,0.0
20230707:1911,82.52,66.46,12.54,19.12,2.76,0.0
20230707:2011,2.4,8.74,5.47,18.43,2.34,0.0
20230707:2111,0.0,0.0,0.0,17.35,2.07,0.0
20230707:2211,0.0,0.0,0.0,16.21,1.72,0.0
20230707:2311,0.0,0.0,0.0,14.77,1.59,0.0
20230708:0011,0.0,0.0,0.0,13.22,1.66,0.0
20230708:0111,0.0,0.0,0.0,12.17,1.66,0.0
20230708:0211,0.0,0.0,0.0,11.56,1.72,0.0
20230708:0311,0.0,0.0,0.0,11.19,1.72,0.0
20230708:0411,8.12,13.99,3.15,10.88,1.72,0.0
20230708:0511,63.18,52.47,9.92,11.62,1.52,0.0
20230708:0611,134.76,124.27,17.46,14.85,1.38,0.0
20230708:0711,455.16,311.93,25.41,17.4,1.93,0.0
20230708:0811,796.06,517.11,33.44,19.42,2.41,0.0
20230708:0911,1080.68,708.26,41.11,21.13,3.38,0.0
20230708:1011,1296.66,868.64,47.81,22.53,4.0,0.0
20230708:1111,1059.02,698.31,52.75,23.71,4.55,0.0
20230708:1211,461.66,303.95,54.96,24.37,5.17,0.0
20230708:1311,760.34,494.41,53.87,24.41,5.38,0.0
20230708:1411,876.66,570.71,49.78,23.9,4.97,0.0
20230708:1511,171.1,123.31,43.58,23.33,4.21,0.0
20230708:1611,114.84,88.08,36.17,22.96,3.66,0.0
20230708:1711,66.0,56.55,28.21,22.32,2.48,0.0
20230708:1811,27.1,29.67,20.19,21.92,2.14,0.0
20230708:1911,5.74,12.24,12.47,20.65,2.28,0.0
20230708:2011,0.0,4.37,5.39,19.45,1.79,0.0
20230708:2111,0.0,0.0,0.0,18.24,1.72,0.0
20230708:2211,0.0,0.0,0.0,17.48,1.93,0.0
20230708:2311,0.0,0.0,0.0,16.76,1.93,0.0
20230709:0011,0.0,0.0,0.0,16.2,1.72,0.0
20230709:0111,0.0,0.0,0.0,15.69,1.66,0.0
20230709:0211,0.0,0.0,0.0,15.06,0.9,0.0
20230709:0311,0.0,0.0,0.0,14.5,0.97,0.0
20230709:0411,0.0,1.75,3.03,13.91,1.1,0.0
20230709:0511,3.32,9.62,9.8,14.29,0.9,0.0
20230709:0611,41.6,38.94,17.34,14.65,0.83,0.0
20230709:0711,89.04,69.53,25.3,14.97,1.24,0.0
20230709:0811,248.48,166.2,33.33,15.54,1.72,0.0
20230709:0911,361.86,235.64,40.99,16.7,1.79,0.0
20230709:1011,646.64,414.85,47.69,17.45,1.72,0.0
20230709:1111,580.56,373.2,52.63,17.73,1.86,0.0
20230709:1211,631.94,406.5,54.84,18.28,2.14,0.0
20230709:1311,479.84,310.82,53.76,19.0,2.41,0.0
20230709:1411,1152.48,765.19,49.68,19.28,2.41,0.0
20230709:1511,1054.46,693.67,43.5,19.53,2.28,0.0
20230709:1611,865.8,561.83,36.09,19.46,2.34,0.0
20230709:1711,507.68,335.01,28.14,19.27,2.48,0.0
20230709:1811,233.62,169.61,20.11,18.91,2.48,0.0
20230709:1911,82.68,66.46,12.39,18.51,1.86,0.0
20230709:2011,2.42,8.74,5.31,17.67,1.38,0.0
20230709:2111,0.0,0.0,0.0,16.29,1.17,0.0
20230709:2211,0.0,0.0,0.0,15.41,1.24,0.0
20230709:2311,0.0,0.0,0.0,14.5,1.31,0.0
20230710:0011,0.0,0.0,0.0,14.09,1.17,0.0
20230710:0111,0.0,0.0,0.0,13.14,1.31,0.0
20230710:0211,0.0,0.0,0.0,12.74,1.31,0.0
20230710:0311,0.0,0.0,0.0,12.72,1.17,0.0
20230710:0411,5.16,11.37,2.9,12.08,1.24,0.0
20230710:0511,71.52,57.71,9.68,11.56,1.52,0.0
20230710:0611,127.9,121.72,17.22,13.78,1.86,0.0
20230710:0711,464.62,314.21,25.18,14.73,2.41,0.0
20230710:0811,821.7,523.46,33.21,15.64,2.62,0.0
20230710:0911,1049.7,675.14,40.87,16.65,2.76,0.0
20230710:1011,317.04,208.6,47.57,17.36,2.62,0.0
20230710:1111,708.16,454.34,52.5,17.69,2.14,0.0
20230710:1211,652.52,419.31,54.72,17.73,1.93,0.0
20230710:1311,968.84,631.89,53.65,17.77,2.0,0.0
20230710:1411,431.64,280.03,49.58,17.96,1.93,0.0
20230710:1511,403.76,262.91,43.41,18.35,2.07,0.0
20230710:1611,688.4,440.66,36.01,17.97,2.34,0.0
20230710:1711,315.32,208.22,28.06,16.99,2.14,0.0
20230710:1811,25.34,27.81,20.03,16.64,2.0,0.0
20230710:1911,5.96,12.24,12.3,15.32,1.66,0.0
20230710:2011,0.0,4.37,5.22,14.19,1.66,0.0
20230710:2111,0.0,0.0,0.0,13.51,1.79,0.0
20230710:2211,0.0,0.0,0.0,13.18,1.79,0.0
20230710:2311,0.0,0.0,0.0,12.95,1.93,0.0
20230711:0011,0.0,0.0,0.0,12.71,2.28,0.0
20230711:0111,0.0,0.0,0.0,12.32,2.55,0.0
20230711:0211,0.0,0.0,0.0,11.88,2.62,0.0
20230711:0311,0.0,0.0,0.0,11.68,2.21,0.0
20230711:0411,0.0,1.75,2.77,11.71,2.0,0.0
20230711:0511,2.56,8.74,9.56,11.72,2.0,0.0
20230711:0611,52.18,45.43,17.1,11.81,2.21,0.0
20230711:0711,49.2,43.57,25.06,12.33,2.41,0.0
20230711:0811,99.38,75.1,33.08,12.51,2.41,0.0
20230711:0911,156.38,109.4,40.74,12.58,2.28,0.0
20230711:1011,569.52,358.05,47.44,13.44,2.0,0.0
20230711:1111,513.0,323.73,52.37,13.94,2.41,0.0
20230711:1211,307.48,200.25,54.59,14.34,2.34,0.0
20230711:1311,327.54,213.23,53.53,15.47,2.48,0.0
20230711:1411,342.56,222.89,49.48,16.11,2.48,0.0
20230711:1511,350.74,228.11,43.31,16.55,2.62,0.0
20230711:1611,264.14,175.41,35.92,15.97,2.83,0.0
20230711:1711,153.6,108.47,27.97,14.4,2.83,0.0
20230711:1811,64.64,53.77,19.94,13.59,2.34,0.0
20230711:1911,66.66,55.09,12.21,13.68,2.07,0.0
20230711:2011,1.0,7.0,5.12,13.24,2.14,0.0
20230711:2111,0.0,0.0,0.0,12.47,2.21,0.0
20230711:2211,0.0,0.0,0.0,12.06,2.21,0.0
20230711:2311,0.0,0.0,0.0,11.76,2.41,0.0
20230712:0011,0.0,0.0,0.0,11.62,2.34,0.0
20230712:0111,0.0,0.0,0.0,11.56,2.41,0.0
20230712:0211,0.0,0.0,0.0,11.15,2.41,0.0
20230712:0311,0.0,0.0,0.0,11.25,2.48,0.0
20230712:0411,2.58,8.74,2.64,11.15,2.83,0.0
20230712:0511,23.88,26.23,9.42,11.29,2.28,0.0
20230712:0611,74.2,59.33,16.97,11.56,2.28,0.0
20230712:0711,85.98,66.75,24.93,12.25,3.45,0.0
20230712:0811,265.62,173.64,32.95,12.65,3.17,0.0
20230712:0911,257.94,169.66,40.61,13.22,2.9,0.0
20230712:1011,233.64,155.75,47.31,13.84,2.83,0.0
20230712:1111,203.42,138.14,52.23,14.41,3.03,0.0
20230712:1211,378.82,242.41,54.45,14.45,3.24,0.0
20230712:1311,394.46,250.75,53.4,13.67,3.45,0.0
20230712:1411,391.96,250.59,49.36,14.41,2.76,0.0
20230712:1511,589.36,370.6,43.21,14.5,2.55,0.0
20230712:1611,494.52,313.41,35.83,14.93,2.34,0.0
20230712:1711,399.62,258.1,27.88,14.85,2.48,0.0
20230712:1811,100.08,76.02,19.85,14.19,2.62,0.0
20230712:1911,65.22,54.22,12.12,13.91,2.14,0.0
20230712:2011,0.0,3.5,5.01,13.48,1.79,0.0
20230712:2111,0.0,0.0,0.0,12.87,1.45,0.0
20230712:2211,0.0,0.0,0.0,11.97,1.52,0.0
20230712:2311,0.0,0.0,0.0,11.52,1.59,0.0
20230713:0011,0.0,0.0,0.0,11.03,1.59,0.0
20230713:0111,0.0,0.0,0.0,11.02,1.59,0.0
20230713:0211,0.0,0.0,0.0,10.67,1.52,0.0
20230713:0311,0.0,0.0,0.0,10.51,1.45,0.0
20230713:0411,0.0,1.75,2.5,10.3,1.38,0.0
20230713:0511,56.6,48.1,9.29,10.6,1.1,0.0
20230713:0611,167.46,120.8,16.83,11.46,1.17,0.0
20230713:0711,407.2,267.72,24.8,11.93,1.52,0.0
20230713:0811,545.5,343.03,32.82,12.45,1.59,0.0
20230713:0911,512.98,322.68,40.47,12.87,1.72,0.0
20230713:1011,937.26,596.44,47.17,13.54,1.79,0.0
20230713:1111,1003.28,644.3,52.09,14.26,1.93,0.0
20230713:1211,385.54,247.05,54.31,14.17,2.21,0.0
20230713:1311,724.22,457.55,53.27,14.9,2.41,0.0
20230713:1411,571.84,362.0,49.24,15.49,2.55,0.0
20230713:1511,537.18,340.38,43.1,15.55,2.48,0.0
20230713:1611,226.94,152.97,35.73,15.44,2.41,0.0
20230713:1711,213.14,144.6,27.78,15.15,2.41,0.0
20230713:1811,227.24,158.71,19.75,14.34,2.69,0.0
20230713:1911,21.14,24.48,12.01,13.9,1.52,0.0
20230713:2011,18.88,22.74,4.9,13.31,1.38,0.0
20230713:2111,0.0,0.0,0.0,12.53,1.03,0.0
20230713:2211,0.0,0.0,0.0,12.34,0.55,0.0
20230713:2311,0.0,0.0,0.0,12.16,0.28,0.0
20230714:0011,0.0,0.0,0.0,11.88,0.55,0.0
20230714:0111,0.0,0.0,0.0,11.58,0.62,0.0
20230714:0211,0.0,0.0,0.0,11.13,0.62,0.0
20230714:0311,0.0,0.0,0.0,10.57,0.76,0.0
20230714:0411,0.0,1.75,2.36,9.49,0.76,0.0
20230714:0511,3.48,9.62,9.15,9.01,0.83,0.0
20230714:0611,67.12,54.7,16.7,10.31,1.03,0.0
20230714:0711,117.98,86.22,24.66,11.87,1.72,0.0
20230714:0811,204.96,138.14,32.69,12.33,1.86,0.0
20230714:0911,544.06,340.63,40.33,12.79,2.14,0.0
20230714:1011,421.16,266.97,47.02,12.95,2.14,0.0
20230714:1111,249.88,165.02,51.94,13.25,2.62,0.0
20230714:1211,278.96,182.64,54.16,13.52,2.21,0.0
20230714:1311,633.06,398.82,53.13,13.75,1.93,0.0
20230714:1411,566.42,357.92,49.12,14.49,2.07,0.0
20230714:1511,362.42,234.05,42.99,15.0,2.0,0.0
20230714:1611,348.74,225.82,35.62,15.72,2.76,0.0
20230714:1711,108.4,81.59,27.68,15.65,2.83,0.0
20230714:1811,29.44,30.59,19.65,15.21,2.76,0.0
20230714:1911,6.0,12.24,11.9,14.56,2.97,0.0
20230714:2011,0.0,3.5,4.79,13.63,3.31,0.0
20230714:2111,0.0,0.0,0.0,12.99,3.17,0.0
20230714:2211,0.0,0.0,0.0,12.57,3.59,0.0
20230714:2311,0.0,0.0,0.0,12.28,4.14,0.0
20230715:0011,0.0,0.0,0.0,12.1,4.62,0.0
20230715:0111,0.0,0.0,0.0,11.96,4.97,0.0
20230715:0211,0.0,0.0,0.0,12.01,4.9,0.0
20230715:0311,0.0,0.0,0.0,12.06,4.9,0.0
20230715:0411,0.0,3.5,2.21,11.89,4.21,0.0
20230715:0511,61.84,51.59,9.0,11.79,3.38,0.0
20230715:0611,158.02,123.47,16.55,11.76,2.62,0.0
20230715:0711,386.44,254.51,24.52,12.67,1.72,0.0
20230715:0811,690.46,439.92,32.54,13.79,0.97,0.0
20230715:0911,486.3,310.4,40.19,15.23,1.38,0.0
20230715:1011,456.66,293.58,46.87,16.48,1.79,0.0
20230715:1111,823.56,529.58,51.78,17.23,2.07,0.0
20230715:1211,332.54,218.8,54.01,18.11,2.55,0.0
20230715:1311,660.4,422.53,52.98,18.24,2.83,0.0
20230715:1411,574.66,366.34,48.99,17.26,2.76,0.0
20230715:1511,521.24,332.42,42.87,16.3,2.07,0.0
20230715:1611,340.52,222.85,35.51,16.63,1.45,0.0
20230715:1711,94.3,73.24,27.57,16.62,1.72,0.0
20230715:1811,123.96,91.37,19.54,15.77,2.14,0.0
20230715:1911,88.36,69.08,11.79,14.86,1.17,0.0
20230715:2011,17.6,21.86,4.67,14.34,1.1,0.0
20230715:2111,0.0,0.0,0.0,13.51,1.24,0.0
20230715:2211,0.0,0.0,0.0,12.69,1.52,0.0
20230715:2311,0.0,0.0,0.0,12.11,1.72,0.0
20230716:0011,0.0,0.0,0.0,11.93,1.79,0.0
20230716:0111,0.0,0.0,0.0,11.81,2.0,0.0
20230716:0211,0.0,0.0,0.0,11.52,2.14,0.0
20230716:0311,0.0,0.0,0.0,11.5,2.28,0.0
20230716:0411,0.0,0.87,2.06,11.51,2.76,0.0
20230716:0511,1.76,7.87,8.86,11.91,2.9,0.0
20230716:0611,25.96,27.81,16.41,12.32,2.69,0.0
20230716:0711,342.04,224.39,24.38,13.08,2.21,0.0
20230716:0811,545.76,342.45,32.4,13.56,2.9,0.0
20230716:0911,542.58,338.78,40.04,13.94,3.79,0.0
20230716:1011,425.44,269.27,46.72,14.23,3.93,0.0
20230716:1111,601.36,375.75,51.62,14.31,3.86,0.0
20230716:1211,118.62,87.15,53.85,14.14,4.48,0.0
20230716:1311,136.86,98.27,52.83,14.46,4.34,0.0
20230716:1411,141.34,101.05,48.85,14.75,4.62,0.0
20230716:1511,384.36,244.05,42.74,14.3,5.17,0.0
20230716:1611,293.44,189.77,35.39,13.47,5.38,0.0
20230716:1711,169.3,116.82,27.45,12.92,4.9,0.0
20230716:1811,141.0,100.23,19.42,12.49,4.48,0.0
20230716:1911,19.08,22.74,11.67,11.56,4.21,0.0
20230716:2011,0.0,3.5,4.54,11.01,3.72,0.0
20230716:2111,0.0,0.0,0.0,10.39,3.38,0.0
20230716:2211,0.0,0.0,0.0,9.99,3.38,0.0
20230716:2311,0.0,0.0,0.0,9.55,3.24,0.0
20230717:0011,0.0,0.0,0.0,9.36,3.17,0.0
20230717:0111,0.0,0.0,0.0,9.28,3.17,0.0
20230717:0211,0.0,0.0,0.0,9.26,3.03,0.0
20230717:0311,0.0,0.0,0.0,9.18,2.83,0.0
20230717:0411,0.0,0.87,1.9,9.12,2.62,0.0
20230717:0511,1.82,7.87,8.7,9.15,2.69,0.0
20230717:0611,75.04,59.33,16.26,9.38,2.55,0.0
20230717:0711,208.14,138.56,24.23,9.93,3.03,0.0
20230717:0811,210.54,139.99,32.25,10.52,3.17,0.0
20230717:0911,485.96,301.55,39.89,11.08,3.24,0.0
20230717:1011,619.18,382.62,46.56,11.88,3.45,0.0
20230717:1111,1090.38,685.01,51.46,12.86,3.79,0.0
20230717:1211,869.04,541.78,53.68,13.48,3.79,0.0
20230717:1311,392.12,248.91,52.67,13.74,4.14,0.0
20230717:1411,483.38,303.24,48.7,13.84,4.14,0.0
20230717:1511,429.14,270.39,42.61,13.81,4.48,0.0
20230717:1611,324.08,208.09,35.26,13.47,4.41,0.0
20230717:1711,351.62,225.6,27.33,13.01,3.66,0.0
20230717:1811,135.48,96.94,19.29,12.59,3.45,0.0
20230717:1911,28.68,29.73,11.54,12.22,2.76,0.0
20230717:2011,9.1,14.87,4.4,11.51,2.07,0.0
20230717:2111,0.0,0.0,0.0,11.0,1.72,0.0
20230717:2211,0.0,0.0,0.0,10.58,1.66,0.0
20230717:2311,0.0,0.0,0.0,10.06,1.66,0.0
20230718:0011,0.0,0.0,0.0,9.62,1.59,0.0
20230718:0111,0.0,0.0,0.0,9.04,1.52,0.0
20230718:0211,0.0,0.0,0.0,8.4,1.52,0.0
20230718:0311,0.0,0.0,0.0,7.69,1.52,0.0
20230718:0411,0.0,0.87,1.74,7.34,1.45,0.0
20230718:0511,52.02,44.6,8.55,7.39,1.38,0.0
20230718:0611,156.94,112.65,16.11,9.46,1.24,0.0
20230718:0711,331.82,215.73,24.08,10.46,1.52,0.0
20230718:0811,667.02,417.17,32.1,11.49,1.72,0.0
20230718:0911,631.24,394.59,39.73,12.41,1.72,0.0
20230718:1011,853.14,539.61,46.39,13.29,1.72,0.0
20230718:1111,1497.44,1018.31,51.29,13.95,1.93,0.0
20230718:1211,1015.1,651.08,53.51,14.2,2.14,0.0
20230718:1311,930.96,594.44,52.51,14.94,2.28,0.0
20230718:1411,907.06,578.54,48.55,15.15,2.21,0.0
20230718:1511,514.3,326.71,42.47,15.19,1.93,0.0
20230718:1611,554.18,350.67,35.13,15.32,2.34,0.0
20230718:1711,409.4,264.24,27.2,14.9,2.69,0.0
20230718:1811,235.78,173.38,19.16,13.89,2.41,0.0
20230718:1911,5.14,11.37,11.4,12.57,1.24,0.0
20230718:2011,15.54,20.11,4.26,12.16,0.62,0.0
20230718:2111,0.0,0.0,0.0,11.6,0.9,0.0
20230718:2211,0.0,0.0,0.0,11.05,1.03,0.0
20230718:2311,0.0,0.0,0.0,10.04,1.17,0.0
20230719:0011,0.0,0.0,0.0,9.8,1.24,0.0
20230719:0111,0.0,0.0,0.0,9.53,1.31,0.0
20230719:0211,0.0,0.0,0.0,8.92,1.38,0.0
20230719:0311,0.0,0.0,0.0,8.98,1.31,0.0
20230719:0411,0.0,0.87,1.57,8.8,1.38,0.0
20230719:0511,54.24,46.35,8.39,9.26,1.31,0.0
20230719:0611,158.28,115.19,15.95,10.33,1.79,0.0
20230719:0711,376.7,245.39,23.92,10.81,2.34,0.0
20230719:0811,281.28,182.34,31.94,11.76,2.69,0.0
20230719:0911,292.5,189.43,39.57,12.53,2.97,0.0
20230719:1011,129.86,93.64,46.23,13.01,2.97,0.0
20230719:1111,315.94,203.96,51.11,13.23,2.9,0.0
20230719:1211,808.56,506.2,53.33,13.37,2.9,0.0
20230719:1311,347.54,223.43,52.34,13.97,2.97,0.0
20230719:1411,368.76,236.32,48.39,14.14,2.83,0.0
20230719:1511,215.4,145.56,42.32,14.74,2.69,0.0
20230719:1611,232.46,155.75,34.99,14.85,2.76,0.0
20230719:1711,327.06,212.75,27.07,14.6,2.9,0.0
20230719:1811,197.16,137.63,19.03,14.16,2.9,0.0
20230719:1911,89.28,69.08,11.26,13.17,2.69,0.0
20230719:2011,0.0,4.37,4.12,12.54,2.48,0.0
20230719:2111,0.0,0.0,0.0,11.69,2.28,0.0
20230719:2211,0.0,0.0,0.0,11.07,2.34,0.0
20230719:2311,0.0,0.0,0.0,10.46,2.28,0.0
20230720:0011,0.0,0.0,0.0,10.2,2.34,0.0
20230720:0111,0.0,0.0,0.0,10.02,2.41,0.0
20230720:0211,0.0,0.0,0.0,9.85,2.41,0.0
20230720:0311,0.0,0.0,0.0,10.04,2.55,0.0
20230720:0411,0.0,0.87,1.4,9.65,2.14,0.0
20230720:0511,22.86,25.36,8.22,9.85,2.21,0.0
20230720:0611,92.94,70.46,15.79,10.05,2.41,0.0
20230720:0711,282.36,184.09,23.76,10.35,2.28,0.0
20230720:0811,645.94,400.83,31.78,10.74,2.28,0.0
20230720:0911,730.2,451.43,39.41,11.38,2.55,0.0
20230720:1011,716.62,443.94,46.05,12.11,2.97,0.0
20230720:1111,631.38,393.29,50.93,12.95,3.03,0.0
20230720:1211,754.9,471.43,53.15,13.55,3.17,0.0
20230720:1311,381.42,243.35,52.16,13.8,3.1,0.0
20230720:1411,260.26,171.51,48.23,13.99,3.1,0.0
20230720:1511,516.96,324.18,42.17,13.9,3.24,0.0
20230720:1611,237.26,157.61,34.85,13.46,2.9,0.0
20230720:1711,70.86,57.48,26.93,12.67,2.83,0.0
20230720:1811,18.38,22.25,18.89,11.95,2.48,0.0
20230720:1911,5.18,11.37,11.12,11.42,1.72,0.0
20230720:2011,0.0,2.62,3.96,10.94,1.1,0.0
20230720:2111,0.0,0.0,0.0,10.61,1.03,0.0
20230720:2211,0.0,0.0,0.0,9.67,1.03,0.0
20230720:2311,0.0,0.0,0.0,9.19,1.17,0.0
20230721:0011,0.0,0.0,0.0,8.42,1.38,0.0
20230721:0111,0.0,0.0,0.0,8.17,1.38,0.0
20230721:0211,0.0,0.0,0.0,7.89,1.52,0.0
20230721:0311,0.0,0.0,0.0,7.75,1.59,0.0
20230721:0411,0.0,0.0,0.0,7.81,1.66,0.0
20230721:0511,11.44,16.61,8.05,8.0,1.72,0.0
20230721:0611,93.42,70.46,15.62,8.87,1.86,0.0
20230721:0711,139.62,98.27,23.6,9.85,2.41,0.0
20230721:0811,232.96,153.13,31.62,10.36,2.55,0.0
20230721:0911,375.78,237.17,39.24,11.15,2.76,0.0
20230721:1011,570.16,354.28,45.88,11.92,2.76,0.0
20230721:1111,416.76,263.74,50.74,13.01,2.9,0.0
20230721:1211,395.56,251.71,52.96,13.48,2.83,0.0
20230721:1311,619.72,388.56,51.98,14.05,2.9,0.0
20230721:1411,1125.24,720.22,48.06,14.24,2.9,0.0
20230721:1511,1155.62,739.36,42.01,14.31,2.9,0.0
20230721:1611,405.8,258.25,34.7,14.33,2.97,0.0
20230721:1711,189.72,129.81,26.78,13.91,2.76,0.0
20230721:1811,122.36,89.53,18.74,13.52,2.48,0.0
20230721:1911,72.18,58.59,10.97,13.51,1.24,0.0
20230721:2011,0.0,5.25,3.8,12.86,0.62,0.0
20230721:2111,0.0,0.0,0.0,11.81,0.76,0.0
20230721:2211,0.0,0.0,0.0,11.05,0.97,0.0
20230721:2311,0.0,0.0,0.0,11.12,0.83,0.0
20230722:0011,0.0,0.0,0.0,10.75,0.69,0.0
20230722:0111,0.0,0.0,0.0,10.43,0.62,0.0
20230722:0211,0.0,0.0,0.0,9.98,0.69,0.0
20230722:0311,0.0,0.0,0.0,9.51,0.76,0.0
20230722:0411,0.0,0.0,0.0,8.34,0.83,0.0
20230722:0511,52.02,44.6,7.88,7.28,0.76,0.0
20230722:0611,120.24,108.56,15.46,8.22,0.83,0.0
20230722:0711,423.02,280.01,23.44,10.46,2.28,0.0
20230722:0811,796.9,497.11,31.45,11.78,2.83,0.0
20230722:0911,907.18,566.72,39.06,13.07,2.97,0.0
20230722:1011,758.32,473.75,45.69,13.86,3.03,0.0
20230722:1111,1509.08,1006.37,50.55,14.61,3.1,0.0
20230722:1211,1234.58,799.24,52.76,14.71,3.17,0.0
20230722:1311,1258.0,818.41,51.79,14.92,3.03,0.0
20230722:1411,1113.54,714.27,47.88,15.14,3.03,0.0
20230722:1511,910.18,574.07,41.85,14.7,2.9,0.0
20230722:1611,769.36,482.79,34.54,14.61,2.97,0.0
20230722:1711,450.82,289.39,26.63,14.19,3.1,0.0
20230722:1811,226.76,163.2,18.59,13.55,3.38,0.0
20230722:1911,83.68,65.58,10.81,13.2,3.38,0.0
20230722:2011,0.0,4.37,3.64,12.49,3.24,0.0
20230722:2111,0.0,0.0,0.0,11.48,2.97,0.0
20230722:2211,0.0,0.0,0.0,10.65,2.76,0.0
20230722:2311,0.0,0.0,0.0,10.07,2.62,0.0
20230723:0011,0.0,0.0,0.0,9.52,2.41,0.0
20230723:0111,0.0,0.0,0.0,9.4,2.48,0.0
20230723:0211,0.0,0.0,0.0,9.4,2.41,0.0
20230723:0311,0.0,0.0,0.0,9.39,2.14,0.0
20230723:0411,0.0,0.0,0.0,9.26,2.21,0.0
20230723:0511,10.28,15.74,7.7,9.34,2.83,0.0
20230723:0611,150.48,109.01,15.28,9.74,4.0,0.0
20230723:0711,184.8,124.94,23.27,10.57,4.41,0.0
20230723:0811,265.34,172.03,31.28,11.33,4.48,0.0
20230723:0911,296.4,190.37,38.89,11.63,4.34,0.0
20230723:1011,231.18,152.97,45.51,12.26,3.79,0.0
20230723:1111,596.52,370.14,50.36,12.94,4.0,0.0
20230723:1211,618.98,384.29,52.56,13.13,4.0,0.0
20230723:1311,1577.06,1034.42,51.59,12.94,4.0,0.0
20230723:1411,1106.22,696.21,47.7,13.09,3.72,0.0
20230723:1511,738.1,457.55,41.67,13.29,3.59,0.0
20230723:1611,332.7,213.39,34.38,13.22,3.45,0.0
20230723:1711,252.2,166.16,26.47,12.87,3.24,0.0
20230723:1811,90.42,69.53,18.43,12.39,3.03,0.0
20230723:1911,19.04,22.74,10.64,11.91,2.97,0.0
20230723:2011,0.0,2.62,3.47,11.4,2.55,0.0
20230723:2111,0.0,0.0,0.0,10.77,2.28,0.0
20230723:2211,0.0,0.0,0.0,10.32,2.21,0.0
20230723:2311,0.0,0.0,0.0,9.86,2.14,0.0
20230724:0011,0.0,0.0,0.0,9.16,1.86,0.0
20230724:0111,0.0,0.0,0.0,8.75,1.66,0.0
20230724:0211,0.0,0.0,0.0,8.59,1.66,0.0
20230724:0311,0.0,0.0,0.0,8.23,1.66,0.0
20230724:0411,0.0,0.0,0.0,8.08,1.52,0.0
20230724:0511,8.26,13.99,7.52,8.14,1.59,0.0
20230724:0611,95.24,71.63,15.11,8.57,2.14,0.0
20230724:0711,212.62,141.21,23.09,9.53,2.69,0.0
20230724:0811,360.68,227.23,31.11,10.0,2.76,0.0
20230724:0911,357.1,225.45,38.71,10.46,2.83,0.0
20230724:1011,451.86,282.01,45.32,10.75,2.55,0.0
20230724:1111,201.58,135.36,50.16,11.36,2.69,0.0
20230724:1211,468.22,293.67,52.36,12.13,2.69,0.0
20230724:1311,424.84,268.0,51.39,12.45,2.76,0.0
20230724:1411,422.14,266.0,47.51,12.49,3.1,0.0
20230724:1511,715.66,442.15,41.5,12.35,3.38,0.0
20230724:1611,471.36,294.81,34.21,12.6,3.31,0.0
20230724:1711,300.22,194.47,26.3,12.25,2.97,0.0
20230724:1811,170.76,119.22,18.26,12.02,2.76,0.0
20230724:1911,20.18,23.61,10.47,12.13,2.34,0.0
20230724:2011,0.0,3.5,3.29,11.58,2.41,0.0
20230724:2111,0.0,0.0,0.0,10.91,2.55,0.0
20230724:2211,0.0,0.0,0.0,10.52,2.55,0.0
20230724:2311,0.0,0.0,0.0,10.3,2.62,0.0
20230725:0011,0.0,0.0,0.0,10.16,2.48,0.0
20230725:0111,0.0,0.0,0.0,10.14,2.76,0.0
20230725:0211,0.0,0.0,0.0,10.02,2.62,0.0
20230725:0311,0.0,0.0,0.0,9.86,2.48,0.0
20230725:0411,0.0,0.0,0.0,9.75,2.48,0.0
20230725:0511,0.36,6.12,7.34,9.64,2.69,0.0
20230725:0611,93.26,70.7,14.93,9.68,2.9,0.0
20230725:0711,173.7,118.46,22.92,9.84,2.34,0.0
20230725:0811,218.68,144.63,30.93,9.86,2.14,0.0
20230725:0911,559.24,346.43,38.52,10.33,1.79,0.0
20230725:1011,342.68,218.29,45.12,10.85,1.79,0.0
20230725:1111,323.74,207.67,49.95,11.55,1.93,0.0
20230725:1211,1230.84,799.34,52.15,12.44,2.07,0.0
20230725:1311,706.92,442.33,51.19,12.9,2.28,0.0
20230725:1411,274.4,179.86,47.31,13.68,2.62,0.0
20230725:1511,265.12,174.3,41.31,13.55,2.55,0.0
20230725:1611,339.38,218.65,34.03,13.85,2.34,0.0
20230725:1711,220.88,148.47,26.13,13.66,2.07,0.0
20230725:1811,134.14,96.55,18.09,12.78,2.21,0.0
20230725:1911,20.18,23.61,10.3,12.02,1.31,0.0
20230725:2011,0.0,2.62,3.11,11.76,0.34,0.0
20230725:2111,0.0,0.0,0.0,11.5,0.14,0.0
20230725:2211,0.0,0.0,0.0,10.95,0.41,0.0
20230725:2311,0.0,0.0,0.0,10.42,0.55,0.0
20230726:0011,0.0,0.0,0.0,10.06,0.76,0.0
20230726:0111,0.0,0.0,0.0,9.27,0.9,0.0
20230726:0211,0.0,0.0,0.0,8.21,0.9,0.0
20230726:0311,0.0,0.0,0.0,7.58,0.9,0.0
20230726:0411,0.0,0.0,0.0,7.19,0.97,0.0
20230726:0511,37.24,34.98,7.15,7.07,1.03,0.0
20230726:0611,132.08,107.89,14.75,8.53,0.83,0.0
20230726:0711,377.44,249.72,22.74,9.92,0.34,0.0
20230726:0811,728.96,460.88,30.75,11.24,0.76,0.0
20230726:0911,1058.96,692.19,38.34,12.42,0.28,0.0
20230726:1011,1251.32,852.65,44.93,13.61,0.14,0.0
20230726:1111,1384.1,967.12,49.74,14.92,0.48,0.0
20230726:1211,1458.96,1033.6,51.93,16.25,0.83,0.0
20230726:1311,1407.42,994.76,50.97,17.19,0.76,0.0
20230726:1411,1340.4,931.6,47.11,17.51,0.9,0.0
20230726:1511,963.82,624.7,41.13,17.15,1.86,0.0
20230726:1611,292.94,192.95,33.85,16.28,2.69,0.0
20230726:1711,428.94,277.95,25.95,15.57,2.83,0.0
20230726:1811,218.02,164.76,17.91,15.05,2.83,0.0
20230726:1911,68.9,56.84,10.12,15.15,2.07,0.0
20230726:2011,6.98,13.12,2.92,14.07,1.79,0.0
20230726:2111,0.0,0.0,0.0,12.94,1.59,0.0
20230726:2211,0.0,0.0,0.0,12.43,1.52,0.0
20230726:2311,0.0,0.0,0.0,12.06,1.52,0.0
20230727:0011,0.0,0.0,0.0,11.95,1.52,0.0
20230727:0111,0.0,0.0,0.0,12.03,1.52,0.0
20230727:0211,0.0,0.0,0.0,12.0,1.45,0.0
20230727:0311,0.0,0.0,0.0,12.02,1.45,0.0
20230727:0411,0.0,0.0,0.0,11.93,1.45,0.0
20230727:0511,17.88,21.86,6.96,11.7,1.45,0.0
20230727:0611,78.26,62.12,14.57,12.34,1.17,0.0
20230727:0711,185.32,127.56,22.55,13.54,1.66,0.0
20230727:0811,544.76,344.38,30.56,14.52,2.41,0.0
20230727:0911,291.96,191.66,38.14,15.36,2.55,0.0
20230727:1011,217.36,147.41,44.72,15.89,2.83,0.0
20230727:1111,93.18,72.31,49.53,16.05,2.62,0.0
20230727:1211,437.32,280.24,51.71,16.03,2.55,0.0
20230727:1311,271.08,179.86,50.75,16.3,2.83,0.0
20230727:1411,380.18,245.65,46.9,16.24,2.55,0.0
20230727:1511,394.22,253.78,40.93,16.21,2.69,0.0
20230727:1611,279.18,184.61,33.67,15.81,2.07,0.0
20230727:1711,359.78,235.57,25.77,15.59,1.66,0.0
20230727:1811,185.02,132.69,17.73,15.42,1.72,0.0
20230727:1911,43.12,40.23,9.93,16.38,1.52,0.0
20230727:2011,2.46,8.74,2.72,16.09,1.66,0.0
20230727:2111,0.0,0.0,0.0,15.45,1.72,0.0
20230727:2211,0.0,0.0,0.0,15.03,1.72,0.0
20230727:2311,0.0,0.0,0.0,14.72,1.59,0.0
20230728:0011,0.0,0.0,0.0,14.39,1.52,0.0
20230728:0111,0.0,0.0,0.0,14.03,1.38,0.0
20230728:0211,0.0,0.0,0.0,13.75,1.24,0.0
20230728:0311,0.0,0.0,0.0,13.31,1.1,0.0
20230728:0411,0.0,0.0,0.0,12.89,1.17,0.0
20230728:0511,18.98,22.74,6.77,12.32,1.1,0.0
20230728:0611,80.96,63.97,14.38,12.91,0.76,0.0
20230728:0711,197.92,135.74,22.37,13.85,0.69,0.0
20230728:0811,664.1,425.08,30.37,14.45,0.83,0.0
20230728:0911,490.82,313.75,37.95,15.37,1.1,0.0
20230728:1011,348.82,227.08,44.52,16.28,2.14,0.0
20230728:1111,1027.56,663.88,49.31,17.19,2.83,0.0
20230728:1211,961.68,620.98,51.48,18.25,3.03,0.0
20230728:1311,979.54,635.07,50.53,18.98,3.1,0.0
20230728:1411,1326.1,887.3,46.69,19.47,3.17,0.0
20230728:1511,1073.22,700.41,40.73,19.55,3.03,0.0
20230728:1611,859.14,553.17,33.48,19.21,3.03,0.0
20230728:1711,523.68,345.63,25.58,18.55,2.97,0.0
20230728:1811,201.28,170.12,17.54,17.6,2.83,0.0
20230728:1911,68.44,56.84,9.73,16.55,2.69,0.0
20230728:2011,0.0,5.25,2.52,15.63,2.07,0.0
20230728:2111,0.0,0.0,0.0,14.59,1.79,0.0
20230728:2211,0.0,0.0,0.0,13.77,1.72,0.0
20230728:2311,0.0,0.0,0.0,12.96,1.66,0.0
20230729:0011,0.0,0.0,0.0,12.39,1.52,0.0
20230729:0111,0.0,0.0,0.0,11.87,1.38,0.0
20230729:0211,0.0,0.0,0.0,11.73,1.31,0.0
20230729:0311,0.0,0.0,0.0,11.73,1.31,0.0
20230729:0411,0.0,0.0,0.0,11.77,1.31,0.0
20230729:0511,17.86,21.86,6.57,11.88,1.31,0.0
20230729:0611,119.34,89.21,14.19,12.53,1.38,0.0
20230729:0711,124.72,90.86,22.18,13.54,2.0,0.0
20230729:0811,534.74,337.47,30.18,14.14,2.48,0.0
20230729:0911,1060.4,674.16,37.75,14.79,2.9,0.0
20230729:1011,966.52,613.5,44.31,15.62,3.1,0.0
20230729:1111,971.92,616.94,49.08,16.07,3.59,0.0
20230729:1211,257.66,171.51,51.25,16.39,3.79,0.0
20230729:1311,300.24,196.55,50.3,16.12,4.21,0.0
20230729:1411,1191.12,764.45,46.47,16.4,4.07,0.0
20230729:1511,765.34,479.8,40.52,16.23,4.0,0.0
20230729:1611,678.58,423.65,33.28,15.05,3.93,0.0
20230729:1711,461.04,296.61,25.39,14.43,3.66,0.0
20230729:1811,117.98,87.3,17.34,14.45,3.59,0.0
20230729:1911,63.78,53.34,9.54,14.26,3.24,0.0
20230729:2011,0.0,1.75,2.32,13.46,3.31,0.0
20230729:2111,0.0,0.0,0.0,12.77,2.97,0.0
20230729:2211,0.0,0.0,0.0,12.12,2.76,0.0
20230729:2311,0.0,0.0,0.0,11.68,2.69,0.0
20230730:0011,0.0,0.0,0.0,11.43,2.62,0.0
20230730:0111,0.0,0.0,0.0,11.12,2.41,0.0
20230730:0211,0.0,0.0,0.0,10.97,2.21,0.0
20230730:0311,0.0,0.0,0.0,10.82,2.07,0.0
20230730:0411,0.0,0.0,0.0,10.7,1.72,0.0
20230730:0511,6.16,12.24,6.37,10.68,1.45,0.0
20230730:0611,130.76,101.7,13.99,11.16,1.03,0.0
20230730:0711,403.38,275.52,21.99,12.46,0.9,0.0
20230730:0811,767.44,486.84,29.99,12.95,1.52,0.0
20230730:0911,974.4,622.02,37.55,13.49,1.52,0.0
20230730:1011,968.32,621.54,44.09,14.76,1.72,0.0
20230730:1111,143.34,102.91,48.86,15.53,2.07,0.0
20230730:1211,656.7,417.53,51.01,16.48,2.41,0.0
20230730:1311,1053.94,682.68,50.06,16.76,2.62,0.0
20230730:1411,1286.88,852.4,46.25,17.16,2.69,0.0
20230730:1511,698.04,444.37,40.31,17.49,2.55,0.0
20230730:1611,250.46,168.35,33.07,17.37,2.55,0.0
20230730:1711,367.4,241.5,25.19,17.0,2.28,0.0
20230730:1811,194.5,163.62,17.14,16.56,2.0,0.0
20230730:1911,67.04,55.97,9.33,16.27,0.76,0.0
20230730:2011,0.0,1.75,2.1,16.05,0.07,0.0
20230730:2111,0.0,0.0,0.0,15.2,0.62,0.0
20230730:2211,0.0,0.0,0.0,13.77,0.9,0.0
20230730:2311,0.0,0.0,0.0,13.16,0.9,0.0
20230731:0011,0.0,0.0,0.0,12.27,0.97,0.0
20230731:0111,0.0,0.0,0.0,10.94,1.31,0.0
20230731:0211,0.0,0.0,0.0,9.66,1.59,0.0
20230731:0311,0.0,0.0,0.0,9.1,1.52,0.0
20230731:0411,0.0,0.0,0.0,8.96,1.45,0.0
20230731:0511,33.0,32.35,6.17,8.93,1.38,0.0
20230731:0611,111.38,96.71,13.79,10.65,1.66,0.0
20230731:0711,164.38,113.88,21.79,11.61,2.21,0.0
20230731:0811,124.94,90.86,29.79,13.27,2.28,0.0
20230731:0911,273.94,180.21,37.34,14.55,2.69,0.0
20230731:1011,266.22,176.15,43.87,15.43,3.1,0.0
20230731:1111,270.8,178.93,48.62,15.33,2.83,0.0
20230731:1211,208.86,141.85,50.77,15.18,2.97,0.0
20230731:1311,265.34,175.22,49.82,15.01,3.31,0.0
20230731:1411,330.72,213.7,46.02,14.56,3.31,0.0
20230731:1511,330.32,213.52,40.09,14.3,2.69,0.0
20230731:1611,263.86,173.93,32.86,14.07,2.48,0.0
20230731:1711,73.32,59.33,24.98,13.94,2.55,0.0
20230731:1811,50.26,44.5,16.94,13.64,2.41,0.0
20230731:1911,6.98,13.12,9.12,13.85,2.28,0.0
20230731:2011,0.0,0.87,1.89,13.43,2.76,0.0
20230731:2111,0.0,0.0,0.0,13.09,3.03,0.0
20230731:2211,0.0,0.0,0.0,12.9,2.83,0.0
20230731:2311,0.0,0.0,0.0,12.78,2.48,0.0
20230801:0011,0.0,0.0,0.0,12.57,2.34,0.0
20230801:0111,0.0,0.0,0.0,12.34,2.28,0.0
20230801:0211,0.0,0.0,0.0,11.98,2.28,0.0
20230801:0311,0.0,0.0,0.0,11.76,2.07,0.0
20230801:0411,0.0,0.0,0.0,11.52,1.93,0.0
20230801:0511,2.56,8.74,5.96,11.33,1.79,0.0
20230801:0611,52.3,45.43,13.6,11.36,2.34,0.0
20230801:0711,216.58,145.63,21.6,12.06,2.69,0.0
20230801:0811,452.94,284.92,29.59,12.62,2.83,0.0
20230801:0911,380.34,241.99,37.14,13.45,3.03,0.0
20230801:1011,554.02,348.48,43.65,14.48,2.69,0.0
20230801:1111,587.72,372.09,48.39,15.29,2.21,0.0
20230801:1211,839.76,538.89,50.52,16.18,1.79,0.0
20230801:1311,961.8,628.13,49.58,16.82,1.38,0.0
20230801:1411,1355.7,936.39,45.78,17.39,1.17,0.0
20230801:1511,1185.28,787.4,39.87,17.44,1.72,0.0
20230801:1611,875.48,563.3,32.65,17.42,2.21,0.0
20230801:1711,542.86,358.01,24.77,16.87,2.69,0.0
20230801:1811,188.86,158.31,16.73,16.03,2.97,0.0
20230801:1911,51.4,45.47,8.9,14.99,3.03,0.0
20230801:2011,0.0,0.87,1.66,14.05,2.76,0.0
20230801:2111,0.0,0.0,0.0,13.27,2.55,0.0
20230801:2211,0.0,0.0,0.0,12.56,2.14,0.0
20230801:2311,0.0,0.0,0.0,11.87,1.86,0.0
20230802:0011,0.0,0.0,0.0,11.07,1.72,0.0
20230802:0111,0.0,0.0,0.0,10.54,1.66,0.0
20230802:0211,0.0,0.0,0.0,10.25,1.59,0.0
20230802:0311,0.0,0.0,0.0,10.04,1.72,0.0
20230802:0411,0.0,0.0,0.0,9.76,1.79,0.0
20230802:0511,31.6,31.48,5.75,9.73,2.07,0.0
20230802:0611,113.38,95.43,13.39,10.02,2.69,0.0
20230802:0711,267.72,176.84,21.4,11.61,3.72,0.0
20230802:0811,249.98,164.06,29.39,12.6,4.21,0.0
20230802:0911,244.32,161.32,36.92,13.52,4.55,0.0
20230802:1011,188.68,128.87,43.43,14.02,4.55,0.0
20230802:1111,726.08,450.82,48.15,14.06,4.21,0.0
20230802:1211,1029.46,647.05,50.27,14.57,4.28,0.0
20230802:1311,1280.0,824.28,49.33,14.84,3.86,0.0
20230802:1411,1193.3,765.36,45.54,14.98,3.45,0.0
20230802:1511,1079.68,686.1,39.64,14.88,3.17,0.0
20230802:1611,545.18,342.54,32.43,14.85,3.24,0.0
20230802:1711,183.28,126.22,24.55,14.35,2.97,0.0
20230802:1811,86.74,67.68,16.51,13.95,3.38,0.0
20230802:1911,29.86,30.61,8.68,12.63,3.24,0.0
20230802:2011,0.0,0.87,1.43,12.16,2.41,0.0
20230802:2111,0.0,0.0,0.0,12.07,2.34,0.0
20230802:2211,0.0,0.0,0.0,11.97,2.21,0.0
20230802:2311,0.0,0.0,0.0,11.73,2.14,0.0
20230803:0011,0.0,0.0,0.0,11.61,1.93,0.0
20230803:0111,0.0,0.0,0.0,11.54,1.86,0.0
20230803:0211,0.0,0.0,0.0,11.52,2.0,0.0
20230803:0311,0.0,0.0,0.0,11.43,2.07,0.0
20230803:0411,0.0,0.0,0.0,11.41,2.07,0.0
20230803:0511,2.56,8.74,5.54,11.44,1.93,0.0
20230803:0611,13.6,18.54,13.19,11.63,1.93,0.0
20230803:0711,78.5,62.12,21.19,11.99,2.34,0.0
20230803:0811,100.94,76.02,29.18,12.47,2.48,0.0
20230803:0911,78.16,62.12,36.71,12.91,2.62,0.0
20230803:1011,88.58,68.61,43.2,13.09,2.9,0.0
20230803:1111,120.46,88.08,47.9,13.36,3.38,0.0
20230803:1211,254.82,167.81,50.01,13.42,3.31,0.0
20230803:1311,250.08,165.02,49.07,13.47,3.38,0.0
20230803:1411,225.0,150.19,45.29,13.43,3.45,0.0
20230803:1511,355.8,226.94,39.4,13.06,3.31,0.0
20230803:1611,181.52,124.23,32.2,12.78,3.17,0.0
20230803:1711,102.46,76.95,24.33,12.58,3.03,0.0
20230803:1811,185.18,134.49,16.28,12.29,2.97,0.0
20230803:1911,23.78,26.23,8.45,12.1,2.69,0.0
20230803:2011,0.0,0.0,0.0,11.68,2.48,0.0
20230803:2111,0.0,0.0,0.0,11.31,2.62,0.0
20230803:2211,0.0,0.0,0.0,11.1,2.48,0.0
20230803:2311,0.0,0.0,0.0,10.91,2.62,0.0
20230804:0011,0.0,0.0,0.0,10.66,2.55,0.0
20230804:0111,0.0,0.0,0.0,10.3,2.62,0.0
20230804:0211,0.0,0.0,0.0,10.0,2.62,0.0
20230804:0311,0.0,0.0,0.0,9.67,2.48,0.0
20230804:0411,0.0,0.0,0.0,9.33,2.28,0.0
20230804:0511,11.38,16.61,5.32,8.97,2.07,0.0
20230804:0611,49.96,43.57,12.98,9.42,2.97,0.0
20230804:0711,147.62,102.85,20.99,9.65,3.52,0.0
20230804:0811,250.72,163.19,28.97,10.49,3.66,0.0
20230804:0911,276.04,178.38,36.49,11.15,3.66,0.0
20230804:1011,275.84,178.93,42.97,11.86,3.45,0.0
20230804:1111,371.04,235.59,47.65,12.44,3.17,0.0
20230804:1211,297.56,192.84,49.75,12.9,2.83,0.0
20230804:1311,776.2,485.37,48.81,13.39,2.76,0.0
20230804:1411,645.78,403.63,45.04,13.62,2.69,0.0
20230804:1511,268.08,176.15,39.16,13.64,2.48,0.0
20230804:1611,529.14,333.02,31.97,13.73,2.07,0.0
20230804:1711,417.18,270.8,24.1,13.73,1.59,0.0
20230804:1811,173.04,125.68,16.06,13.7,1.17,0.0
20230804:1911,57.08,48.97,8.22,13.51,0.69,0.0
20230804:2011,0.0,0.0,0.0,13.0,0.41,0.0
20230804:2111,0.0,0.0,0.0,12.46,0.21,0.0
20230804:2211,0.0,0.0,0.0,11.99,0.41,0.0
20230804:2311,0.0,0.0,0.0,11.5,0.55,0.0
20230805:0011,0.0,0.0,0.0,10.94,0.69,0.0
20230805:0111,0.0,0.0,0.0,10.1,0.9,0.0
20230805:0211,0.0,0.0,0.0,9.54,1.03,0.0
20230805:0311,0.0,0.0,0.0,9.12,1.1,0.0
20230805:0411,0.0,0.0,0.0,8.94,1.03,0.0
20230805:0511,1.06,7.0,5.11,8.85,1.03,0.0
20230805:0611,14.98,19.47,12.77,9.2,0.83,0.0
20230805:0711,128.24,91.78,20.78,10.12,1.31,0.0
20230805:0811,356.42,226.57,28.76,10.75,1.45,0.0
20230805:0911,478.92,299.59,36.27,11.11,1.45,0.0
20230805:1011,401.64,254.28,42.73,11.64,1.52,0.0
20230805:1111,616.84,386.46,47.4,12.58,1.72,0.0
20230805:1211,831.82,523.06,49.49,12.75,2.0,0.0
20230805:1311,818.2,513.47,48.54,12.93,2.21,0.0
20230805:1411,326.54,210.02,44.78,12.55,2.21,0.0
20230805:1511,176.9,121.45,38.91,12.31,2.21,0.0
20230805:1611,105.6,78.8,31.73,12.28,2.41,0.0
20230805:1711,82.72,64.9,23.87,12.54,1.79,0.0
20230805:1811,105.04,78.97,15.82,12.29,1.24,0.0
20230805:1911,29.98,30.61,7.98,11.71,1.38,0.0
20230805:2011,0.0,0.0,0.0,11.21,1.24,0.0
20230805:2111,0.0,0.0,0.0,10.35,1.03,0.0
20230805:2211,0.0,0.0,0.0,9.91,0.83,0.0
20230805:2311,0.0,0.0,0.0,10.44,0.55,0.0
20230806:0011,0.0,0.0,0.0,10.18,0.41,0.0
20230806:0111,0.0,0.0,0.0,9.66,0.34,0.0
20230806:0211,0.0,0.0,0.0,9.08,0.69,0.0
20230806:0311,0.0,0.0,0.0,7.77,0.97,0.0
20230806:0411,0.0,0.0,0.0,6.74,1.03,0.0
20230806:0511,18.42,21.86,4.89,6.55,0.97,0.0
20230806:0611,111.56,89.98,12.56,7.33,0.9,0.0
20230806:0711,386.38,261.23,20.57,9.19,0.69,0.0
20230806:0811,710.9,447.33,28.55,10.3,0.76,0.0
20230806:0911,906.72,575.64,36.05,11.73,0.83,0.0
20230806:1011,1054.98,680.25,42.49,12.5,1.1,0.0
20230806:1111,1097.26,713.97,47.14,13.11,1.17,0.0
20230806:1211,1073.48,698.81,49.22,13.51,1.17,0.0
20230806:1311,770.84,490.43,48.27,13.89,1.1,0.0
20230806:1411,1378.32,937.17,44.52,14.57,1.24,0.0
20230806:1511,1147.34,749.74,38.66,14.51,1.45,0.0
20230806:1611,882.04,564.71,31.49,14.49,1.38,0.0
20230806:1711,526.2,346.63,23.63,14.38,1.31,0.0
20230806:1811,176.16,131.77,15.58,13.82,1.17,0.0
20230806:1911,51.64,45.47,7.74,13.76,0.9,0.0
20230806:2011,0.0,0.0,0.0,13.01,0.9,0.0
20230806:2111,0.0,0.0,0.0,12.13,0.9,0.0
20230806:2211,0.0,0.0,0.0,12.41,0.48,0.0
20230806:2311,0.0,0.0,0.0,12.23,0.14,0.0
20230807:0011,0.0,0.0,0.0,11.11,0.76,0.0
20230807:0111,0.0,0.0,0.0,9.79,1.24,0.0
20230807:0211,0.0,0.0,0.0,8.61,1.52,0.0
20230807:0311,0.0,0.0,0.0,7.68,1.72,0.0
20230807:0411,0.0,0.0,0.0,7.1,1.86,0.0
20230807:0511,9.38,14.87,4.66,7.0,1.79,0.0
20230807:0611,102.76,77.92,12.34,8.32,1.52,0.0
20230807:0711,295.96,196.53,20.36,10.95,1.93,0.0
20230807:0811,559.98,350.25,28.33,12.08,2.28,0.0
20230807:0911,833.44,520.22,35.82,12.92,2.48,0.0
20230807:1011,812.34,509.05,42.25,13.72,2.55,0.0
20230807:1111,932.16,589.44,46.88,14.26,2.69,0.0
20230807:1211,509.2,321.47,48.94,14.63,2.9,0.0
20230807:1311,463.18,293.67,47.99,14.8,2.97,0.0
20230807:1411,455.28,288.47,44.25,14.8,3.17,0.0
20230807:1511,225.26,151.12,38.4,14.54,3.24,0.0
20230807:1611,684.54,426.49,31.24,13.9,3.31,0.0
20230807:1711,303.8,198.44,23.39,13.56,3.17,0.0
20230807:1811,147.66,107.25,15.34,12.9,3.1,0.0
20230807:1911,46.86,41.97,7.49,11.9,2.55,0.0
20230807:2011,0.0,0.0,0.0,11.13,2.55,0.0
20230807:2111,0.0,0.0,0.0,10.61,2.62,0.0
20230807:2211,0.0,0.0,0.0,10.08,2.41,0.0
20230807:2311,0.0,0.0,0.0,9.6,2.48,0.0
20230808:0011,0.0,0.0,0.0,9.19,2.55,0.0
20230808:0111,0.0,0.0,0.0,8.77,2.48,0.0
20230808:0211,0.0,0.0,0.0,8.61,2.55,0.0
20230808:0311,0.0,0.0,0.0,8.56,2.55,0.0
20230808:0411,0.0,0.0,0.0,8.62,2.62,0.0
20230808:0511,17.02,20.99,4.44,8.72,2.62,0.0
20230808:0611,78.32,80.53,12.12,9.14,2.9,0.0
20230808:0711,401.52,271.12,20.14,9.74,3.59,0.0
20230808:0811,774.54,478.19,28.11,10.66,3.66,0.0
20230808:0911,977.1,605.23,35.59,11.62,3.38,0.0
20230808:1011,592.88,367.15,42.0,12.63,3.66,0.0
20230808:1111,861.66,533.89,46.61,13.38,4.28,0.0
20230808:1211,1061.24,664.36,48.66,14.12,4.69,0.0
20230808:1311,319.26,205.82,47.71,14.12,4.76,0.0
20230808:1411,442.72,278.55,43.97,13.9,4.48,0.0
20230808:1511,464.94,291.75,38.14,14.06,4.28,0.0
20230808:1611,498.28,311.64,30.98,14.07,4.28,0.0
20230808:1711,350.08,226.65,23.14,13.48,3.72,0.0
20230808:1811,177.76,140.76,15.09,13.06,3.66,0.0
20230808:1911,46.68,41.97,7.24,12.71,3.24,0.0
20230808:2011,0.0,0.0,0.0,11.89,3.03,0.0
20230808:2111,0.0,0.0,0.0,10.89,2.76,0.0
20230808:2211,0.0,0.0,0.0,10.28,2.76,0.0
20230808:2311,0.0,0.0,0.0,9.88,2.76,0.0
20230809:0011,0.0,0.0,0.0,9.67,2.9,0.0
20230809:0111,0.0,0.0,0.0,9.73,3.03,0.0
20230809:0211,0.0,0.0,0.0,9.55,2.9,0.0
20230809:0311,0.0,0.0,0.0,9.43,2.76,0.0
20230809:0411,0.0,0.0,0.0,9.26,2.69,0.0
20230809:0511,9.26,14.87,4.21,9.07,2.69,0.0
20230809:0611,78.06,61.61,11.9,9.43,2.69,0.0
20230809:0711,258.06,170.95,19.92,10.19,3.31,0.0
20230809:0811,545.02,337.43,27.89,10.92,3.31,0.0
20230809:0911,530.04,327.76,35.36,11.5,3.24,0.0
20230809:1011,593.44,367.22,41.75,12.06,3.17,0.0
20230809:1111,849.32,527.92,46.35,12.36,3.03,0.0
20230809:1211,668.92,415.84,48.38,12.84,3.03,0.0
20230809:1311,977.82,615.74,47.43,13.14,2.83,0.0
20230809:1411,1211.02,778.24,43.69,13.32,2.69,0.0
20230809:1511,833.38,521.7,37.87,13.75,2.62,0.0
20230809:1611,392.22,250.21,30.72,13.98,2.28,0.0
20230809:1711,265.08,175.98,22.88,14.25,2.21,0.0
20230809:1811,109.76,82.85,14.83,14.22,1.93,0.0
20230809:1911,25.76,27.98,6.98,15.1,1.31,0.0
20230809:2011,0.0,0.0,0.0,14.46,1.17,0.0
20230809:2111,0.0,0.0,0.0,13.54,1.31,0.0
20230809:2211,0.0,0.0,0.0,13.18,1.45,0.0
20230809:2311,0.0,0.0,0.0,13.26,1.52,0.0
20230810:0011,0.0,0.0,0.0,13.31,1.52,0.0
20230810:0111,0.0,0.0,0.0,13.4,1.52,0.0
20230810:0211,0.0,0.0,0.0,13.57,1.52,0.0
20230810:0311,0.0,0.0,0.0,13.58,1.59,0.0
20230810:0411,0.0,0.0,0.0,13.65,1.52,0.0
20230810:0511,5.1,11.37,3.98,13.66,1.45,0.0
20230810:0611,97.72,78.68,11.68,14.07,1.1,0.0
20230810:0711,320.54,221.05,19.7,15.33,0.9,0.0
20230810:0811,508.2,328.0,27.67,16.39,0.83,0.0
20230810:0911,663.36,426.45,35.12,17.37,1.03,0.0
20230810:1011,554.18,357.45,41.5,18.47,1.52,0.0
20230810:1111,947.7,622.25,46.07,19.36,1.79,0.0
20230810:1211,1012.26,671.27,48.09,19.92,1.79,0.0
20230810:1311,679.46,442.56,47.13,20.87,1.93,0.0
20230810:1411,701.2,456.78,43.41,22.05,2.55,0.0
20230810:1511,565.26,369.18,37.6,22.63,2.48,0.0
20230810:1611,632.4,413.62,30.46,22.79,2.48,0.0
20230810:1711,411.12,279.59,22.62,22.78,2.55,0.0
20230810:1811,152.16,135.94,14.58,22.11,2.41,0.0
20230810:1911,37.02,36.73,6.72,21.32,2.14,0.0
20230810:2011,0.0,0.0,0.0,19.93,1.93,0.0
20230810:2111,0.0,0.0,0.0,18.75,1.59,0.0
20230810:2211,0.0,0.0,0.0,17.52,1.59,0.0
20230810:2311,0.0,0.0,0.0,16.37,1.59,0.0
20230811:0011,0.0,0.0,0.0,15.61,1.45,0.0
20230811:0111,0.0,0.0,0.0,15.02,1.31,0.0
20230811:0211,0.0,0.0,0.0,14.44,1.31,0.0
20230811:0311,0.0,0.0,0.0,14.35,1.38,0.0
20230811:0411,0.0,0.0,0.0,14.54,1.52,0.0
20230811:0511,13.12,18.36,3.75,14.67,1.93,0.0
20230811:0611,70.18,74.7,11.45,15.54,2.14,0.0
20230811:0711,185.42,129.76,19.48,16.35,2.41,0.0
20230811:0811,461.62,294.39,27.44,16.31,3.52,0.0
20230811:0911,431.46,274.18,34.89,15.75,3.79,0.0
20230811:1011,1084.94,689.99,41.24,15.93,3.72,0.0
20230811:1111,1358.34,888.93,45.8,17.02,4.0,0.0
20230811:1211,1427.94,940.13,47.8,18.06,4.62,0.0
20230811:1311,1408.7,927.29,46.84,18.16,4.48,0.0
20230811:1411,542.04,344.25,43.12,18.03,4.28,0.0
20230811:1511,909.22,576.07,37.32,17.52,3.79,0.0
20230811:1611,502.44,319.83,30.19,17.51,3.66,0.0
20230811:1711,352.7,233.63,22.36,17.51,3.38,0.0
20230811:1811,158.48,129.19,14.31,17.19,2.83,0.0
20230811:1911,31.6,32.35,6.45,17.06,2.21,0.0
20230811:2011,0.0,0.0,0.0,16.18,2.0,0.0
20230811:2111,0.0,0.0,0.0,15.25,2.0,0.0
20230811:2211,0.0,0.0,0.0,14.68,2.07,0.0
20230811:2311,0.0,0.0,0.0,14.51,2.21,0.0
20230812:0011,0.0,0.0,0.0,14.19,2.07,0.0
20230812:0111,0.0,0.0,0.0,13.84,2.07,0.0
20230812:0211,0.0,0.0,0.0,13.81,2.14,0.0
20230812:0311,0.0,0.0,0.0,13.89,2.34,0.0
20230812:0411,0.0,0.0,0.0,14.03,2.48,0.0
20230812:0511,8.96,14.87,3.51,14.04,2.62,0.0
20230812:0611,67.38,56.04,11.23,14.25,2.76,0.0
20230812:0711,19.32,23.18,19.25,14.77,2.48,0.0
20230812:0811,107.3,80.66,27.21,14.86,2.69,0.0
20230812:0911,232.36,155.75,34.64,14.94,2.76,0.0
20230812:1011,529.08,334.17,40.99,15.27,2.69,0.0
20230812:1111,470.3,298.27,45.52,15.13,2.97,0.0
20230812:1211,622.56,392.54,47.5,15.04,2.48,0.0
20230812:1311,120.28,89.0,46.54,15.91,2.34,0.0
20230812:1411,197.34,136.28,42.83,17.08,2.21,0.0
20230812:1511,600.76,383.04,37.04,17.72,2.34,0.0
20230812:1611,846.86,541.41,29.92,17.63,2.9,0.0
20230812:1711,110.48,83.44,22.09,17.35,2.76,0.0
20230812:1811,98.78,76.75,14.04,16.89,2.14,0.0
20230812:1911,35.6,34.98,6.17,15.78,2.76,0.0
20230812:2011,0.0,0.0,0.0,14.81,2.41,0.0
20230812:2111,0.0,0.0,0.0,14.21,2.34,0.0
20230812:2211,0.0,0.0,0.0,13.66,2.41,0.0
20230812:2311,0.0,0.0,0.0,13.42,2.41,0.0
20230813:0011,0.0,0.0,0.0,13.08,2.34,0.0
20230813:0111,0.0,0.0,0.0,12.9,2.21,0.0
20230813:0211,0.0,0.0,0.0,12.68,2.14,0.0
20230813:0311,0.0,0.0,0.0,12.78,2.07,0.0
20230813:0411,0.0,0.0,0.0,12.8,2.14,0.0
20230813:0511,9.04,14.87,3.28,12.8,2.28,0.0
20230813:0611,75.12,61.25,11.0,12.9,2.55,0.0
20230813:0711,275.36,186.49,19.03,13.51,2.55,0.0
20230813:0811,718.96,452.1,26.98,13.74,2.97,0.0
20230813:0911,833.98,520.96,34.4,14.04,2.97,0.0
20230813:1011,846.94,530.8,40.72,14.91,3.31,0.0
20230813:1111,1303.64,848.36,45.23,15.8,3.52,0.0
20230813:1211,915.98,580.42,47.2,16.54,3.66,0.0
20230813:1311,822.44,518.95,46.24,16.52,3.66,0.0
20230813:1411,969.78,618.52,42.53,16.74,3.17,0.0
20230813:1511,1001.62,639.5,36.75,16.96,3.17,0.0
20230813:1611,724.38,458.4,29.64,16.44,2.9,0.0
20230813:1711,253.2,170.25,21.81,16.31,3.1,0.0
20230813:1811,77.52,62.67,13.77,15.82,2.34,0.0
20230813:1911,0.0,5.25,5.9,15.16,2.07,0.0
20230813:2011,0.0,0.0,0.0,14.58,1.93,0.0
20230813:2111,0.0,0.0,0.0,13.93,1.72,0.0
20230813:2211,0.0,0.0,0.0,13.36,1.72,0.0
20230813:2311,0.0,0.0,0.0,12.75,1.59,0.0
20230814:0011,0.0,0.0,0.0,12.62,1.52,0.0
20230814:0111,0.0,0.0,0.0,12.31,1.38,0.0
20230814:0211,0.0,0.0,0.0,11.93,1.31,0.0
20230814:0311,0.0,0.0,0.0,11.82,1.03,0.0
20230814:0411,0.0,0.0,0.0,11.88,0.9,0.0
20230814:0511,6.12,12.24,3.04,11.61,0.9,0.0
20230814:0611,88.02,72.31,10.77,11.62,0.97,0.0
20230814:0711,353.68,246.37,18.8,13.33,1.03,0.0
20230814:0811,730.3,465.65,26.74,14.17,1.59,0.0
20230814:0911,902.18,578.03,34.15,15.11,1.38,0.0
20230814:1011,791.2,507.68,40.46,15.92,1.1,0.0
20230814:1111,1132.02,760.7,44.95,16.7,0.76,0.0
20230814:1211,588.32,381.29,46.9,17.37,0.41,0.0
20230814:1311,540.38,350.51,45.93,17.86,0.62,0.0
20230814:1411,231.12,157.61,42.23,17.63,0.9,0.0
20230814:1511,474.08,305.45,36.46,17.02,1.1,0.0
20230814:1611,441.1,284.12,29.35,16.75,1.52,0.0
20230814:1711,302.2,202.25,21.53,16.55,1.45,0.0
20230814:1811,121.92,93.29,13.49,16.32,1.24,0.0
20230814:1911,22.06,25.36,5.61,16.1,1.38,0.0
20230814:2011,0.0,0.0,0.0,15.18,1.38,0.0
20230814:2111,0.0,0.0,0.0,14.34,1.45,0.0
20230814:2211,0.0,0.0,0.0,13.74,1.38,0.0
20230814:2311,0.0,0.0,0.0,12.6,1.38,0.0
20230815:0011,0.0,0.0,0.0,11.96,1.24,0.0
20230815:0111,0.0,0.0,0.0,11.73,1.1,0.0
20230815:0211,0.0,0.0,0.0,11.45,1.17,0.0
20230815:0311,0.0,0.0,0.0,11.46,1.1,0.0
20230815:0411,0.0,0.0,0.0,11.6,1.1,0.0
20230815:0511,0.0,2.62,2.8,11.87,0.97,0.0
20230815:0611,47.82,42.65,10.54,11.9,0.9,0.0
20230815:0711,126.5,91.81,18.57,12.62,1.17,0.0
20230815:0811,158.96,111.25,26.51,12.92,1.45,0.0
20230815:0911,472.16,298.31,33.91,13.44,1.52,0.0
20230815:1011,176.22,122.38,40.19,14.62,1.59,0.0
20230815:1111,319.32,209.18,44.66,15.67,1.45,0.0
20230815:1211,325.88,213.83,46.59,16.43,1.52,0.0
20230815:1311,610.36,390.65,45.61,16.71,1.45,0.0
20230815:1411,154.14,110.33,41.92,17.26,1.66,0.0
20230815:1511,459.98,296.11,36.16,17.51,1.86,0.0
20230815:1611,632.56,403.84,29.06,17.34,2.14,0.0
20230815:1711,317.12,211.75,21.25,16.9,2.21,0.0
20230815:1811,132.1,102.69,13.2,16.23,2.14,0.0
20230815:1911,8.84,14.87,5.33,16.0,1.72,0.0
20230815:2011,0.0,0.0,0.0,14.9,1.52,0.0
20230815:2111,0.0,0.0,0.0,13.65,1.31,0.0
20230815:2211,0.0,0.0,0.0,12.66,1.17,0.0
20230815:2311,0.0,0.0,0.0,12.28,1.1,0.0
20230816:0011,0.0,0.0,0.0,11.85,1.1,0.0
20230816:0111,0.0,0.0,0.0,11.76,0.97,0.0
20230816:0211,0.0,0.0,0.0,11.41,0.83,0.0
20230816:0311,0.0,0.0,0.0,11.0,0.9,0.0
20230816:0411,0.0,0.0,0.0,10.85,0.9,0.0
20230816:0511,0.0,1.75,2.55,10.91,1.03,0.0
20230816:0611,59.46,50.27,10.3,11.34,1.03,0.0
20230816:0711,221.52,151.51,18.34,12.81,1.17,0.0
20230816:0811,343.08,221.68,26.27,13.8,1.45,0.0
20230816:0911,496.5,315.66,33.65,14.83,1.24,0.0
20230816:1011,345.86,225.34,39.92,15.64,1.17,0.0
20230816:1111,621.7,396.55,44.36,16.21,1.52,0.0
20230816:1211,457.4,293.28,46.28,16.07,1.86,0.0
20230816:1311,687.36,437.09,45.3,16.22,2.0,0.0
20230816:1411,274.48,182.64,41.61,16.71,2.0,0.0
20230816:1511,366.26,238.2,35.86,16.97,1.93,0.0
20230816:1611,353.34,230.3,28.77,16.95,1.93,0.0
20230816:1711,177.08,124.13,20.96,16.63,2.07,0.0
20230816:1811,85.24,67.86,12.92,16.04,2.14,0.0
20230816:1911,5.04,11.37,5.03,15.59,1.86,0.0
20230816:2011,0.0,0.0,0.0,14.78,1.72,0.0
20230816:2111,0.0,0.0,0.0,14.21,1.45,0.0
20230816:2211,0.0,0.0,0.0,13.67,1.1,0.0
20230816:2311,0.0,0.0,0.0,13.02,0.76,0.0
20230817:0011,0.0,0.0,0.0,13.07,0.48,0.0
20230817:0111,0.0,0.0,0.0,13.04,0.28,0.0
20230817:0211,0.0,0.0,0.0,12.88,0.14,0.0
20230817:0311,0.0,0.0,0.0,12.72,0.28,0.0
20230817:0411,0.0,0.0,0.0,12.53,0.55,0.0
20230817:0511,0.0,1.75,2.31,12.43,0.55,0.0
20230817:0611,43.54,39.87,10.06,12.08,0.62,0.0
20230817:0711,211.62,146.05,18.1,13.83,0.97,0.0
20230817:0811,360.88,233.06,26.03,14.72,1.79,0.0
20230817:0911,407.46,260.66,33.4,15.6,2.62,0.0
20230817:1011,289.5,190.61,39.65,16.2,3.17,0.0
20230817:1111,134.94,98.27,44.07,17.07,3.45,0.0
20230817:1211,374.02,242.93,45.97,17.91,3.59,0.0
20230817:1311,908.16,581.83,44.98,18.33,3.31,0.0
20230817:1411,1299.14,859.65,41.29,18.85,3.38,0.0
20230817:1511,1021.96,659.63,35.55,18.78,3.17,0.0
20230817:1611,827.62,530.49,28.47,18.61,3.17,0.0
20230817:1711,454.1,305.23,20.67,18.37,3.17,0.0
20230817:1811,126.52,119.5,12.62,17.62,3.03,0.0
20230817:1911,23.18,26.23,4.74,16.61,3.1,0.0
20230817:2011,0.0,0.0,0.0,15.45,3.03,0.0
20230817:2111,0.0,0.0,0.0,14.35,2.9,0.0
20230817:2211,0.0,0.0,0.0,13.29,2.62,0.0
20230817:2311,0.0,0.0,0.0,12.6,2.41,0.0
20230818:0011,0.0,0.0,0.0,12.17,2.28,0.0
20230818:0111,0.0,0.0,0.0,11.81,2.14,0.0
20230818:0211,0.0,0.0,0.0,11.6,2.07,0.0
20230818:0311,0.0,0.0,0.0,11.29,2.0,0.0
20230818:0411,0.0,0.0,0.0,11.26,2.14,0.0
20230818:0511,1.04,7.0,2.06,11.19,2.21,0.0
20230818:0611,70.44,67.16,9.83,11.53,2.28,0.0
20230818:0711,344.4,237.77,17.86,12.59,3.17,0.0
20230818:0811,488.54,306.69,25.79,13.65,3.93,0.0
20230818:0911,667.92,413.83,33.15,14.33,4.14,0.0
20230818:1011,551.02,344.41,39.37,14.92,4.21,0.0
20230818:1111,599.08,374.89,43.77,15.44,4.21,0.0
20230818:1211,382.74,245.45,45.65,15.87,4.21,0.0
20230818:1311,245.56,164.1,44.65,16.37,4.41,0.0
20230818:1411,335.72,217.8,40.97,16.42,4.34,0.0
20230818:1511,472.04,298.77,35.24,16.07,3.86,0.0
20230818:1611,499.38,315.46,28.17,16.03,3.93,0.0
20230818:1711,418.88,277.02,20.37,15.65,3.59,0.0
20230818:1811,129.22,109.26,12.33,15.21,3.45,0.0
20230818:1911,16.46,20.99,4.44,14.65,3.86,0.0
20230818:2011,0.0,0.0,0.0,14.37,3.66,0.0
20230818:2111,0.0,0.0,0.0,14.49,3.86,0.0
20230818:2211,0.0,0.0,0.0,14.4,3.93,0.0
20230818:2311,0.0,0.0,0.0,14.22,4.07,0.0
20230819:0011,0.0,0.0,0.0,14.13,4.07,0.0
20230819:0111,0.0,0.0,0.0,14.03,4.21,0.0
20230819:0211,0.0,0.0,0.0,14.03,4.41,0.0
20230819:0311,0.0,0.0,0.0,14.13,4.48,0.0
20230819:0411,0.0,0.0,0.0,14.15,4.55,0.0
20230819:0511,0.0,0.87,1.82,14.41,4.62,0.0
20230819:0611,4.82,11.13,9.59,14.81,4.9,0.0
20230819:0711,271.2,186.36,17.62,14.82,4.55,0.0
20230819:0811,137.82,99.2,25.54,15.28,4.21,0.0
20230819:0911,531.5,334.37,32.89,16.24,4.0,0.0
20230819:1011,601.68,381.86,39.09,18.01,3.38,0.0
20230819:1111,905.26,574.31,43.46,19.3,5.1,0.0
20230819:1211,1259.64,814.35,45.33,19.26,5.45,0.0
20230819:1311,691.78,436.93,44.32,18.71,4.97,0.0
20230819:1411,602.84,380.21,40.65,18.13,4.97,0.0
20230819:1511,461.42,293.44,34.93,17.38,4.48,0.0
20230819:1611,696.6,437.7,27.87,16.87,4.41,0.0
20230819:1711,382.34,254.55,20.07,17.3,4.76,0.0
20230819:1811,116.56,110.02,12.02,17.49,4.21,0.0
20230819:1911,4.98,11.37,4.13,16.87,4.34,0.0
20230819:2011,0.0,0.0,0.0,16.1,3.93,0.0
20230819:2111,0.0,0.0,0.0,15.6,3.72,0.0
20230819:2211,0.0,0.0,0.0,15.21,3.52,0.0
20230819:2311,0.0,0.0,0.0,14.97,3.38,0.0
20230820:0011,0.0,0.0,0.0,15.14,3.17,0.0
20230820:0111,0.0,0.0,0.0,15.19,2.97,0.0
20230820:0211,0.0,0.0,0.0,15.27,2.76,0.0
20230820:0311,0.0,0.0,0.0,15.17,2.55,0.0
20230820:0411,0.0,0.0,0.0,15.11,2.34,0.0
20230820:0511,0.0,0.87,1.57,15.02,2.34,0.0
20230820:0611,67.98,58.55,9.34,14.96,2.55,0.0
20230820:0711,195.46,136.31,17.38,15.25,2.9,0.0
20230820:0811,352.72,227.83,25.3,15.62,3.38,0.0
20230820:0911,776.46,487.18,32.63,15.99,3.38,0.0
20230820:1011,654.36,411.17,38.81,16.62,3.79,0.0
20230820:1111,554.82,350.77,43.16,17.25,4.28,0.0
20230820:1211,275.02,182.64,45.0,17.71,4.62,0.0
20230820:1311,677.36,427.29,43.99,17.66,4.28,0.0
20230820:1411,582.1,368.11,40.32,17.76,4.21,0.0
20230820:1511,613.98,387.1,34.61,17.75,4.21,0.0
20230820:1611,212.98,145.48,27.55,17.47,3.79,0.0
20230820:1711,327.64,219.45,19.76,17.19,3.24,0.0
20230820:1811,116.34,95.23,11.72,16.98,2.9,0.0
20230820:1911,6.86,13.12,3.82,16.4,2.9,0.0
20230820:2011,0.0,0.0,0.0,15.68,2.76,0.0
20230820:2111,0.0,0.0,0.0,15.27,2.83,0.0
20230820:2211,0.0,0.0,0.0,14.81,2.9,0.0
20230820:2311,0.0,0.0,0.0,14.54,2.97,0.0
20230821:0011,0.0,0.0,0.0,14.43,2.97,0.0
20230821:0111,0.0,0.0,0.0,14.17,2.97,0.0
20230821:0211,0.0,0.0,0.0,14.02,3.03,0.0
20230821:0311,0.0,0.0,0.0,13.9,3.1,0.0
20230821:0411,0.0,0.0,0.0,13.97,3.1,0.0
20230821:0511,0.0,0.0,0.0,13.89,3.1,0.0
20230821:0611,66.74,57.8,9.1,14.19,3.38,0.0
20230821:0711,102.88,77.96,17.14,14.69,3.38,0.0
20230821:0811,111.84,83.44,25.05,15.3,4.48,0.0
20230821:0911,128.0,93.64,32.36,16.24,4.28,0.0
20230821:1011,368.24,237.69,38.52,17.17,4.62,0.0
20230821:1111,729.94,457.85,42.85,16.82,4.41,0.0
20230821:1211,846.74,531.97,44.68,17.35,4.97,0.0
20230821:1311,658.8,414.29,43.66,17.85,5.17,0.0
20230821:1411,147.08,105.69,39.99,17.66,5.31,0.0
20230821:1511,255.0,170.21,34.29,17.23,4.76,0.0
20230821:1611,429.98,274.34,27.24,16.86,4.28,0.0
20230821:1711,224.04,152.79,19.45,16.59,4.69,0.0
20230821:1811,81.7,66.18,11.41,16.39,4.69,0.0
20230821:1911,0.0,2.62,3.51,15.73,4.48,0.0
20230821:2011,0.0,0.0,0.0,15.35,4.55,0.0
20230821:2111,0.0,0.0,0.0,14.71,4.62,0.0
20230821:2211,0.0,0.0,0.0,14.61,4.62,0.0
20230821:2311,0.0,0.0,0.0,14.51,4.41,0.0
20230822:0011,0.0,0.0,0.0,14.35,4.28,0.0
20230822:0111,0.0,0.0,0.0,14.25,4.14,0.0
20230822:0211,0.0,0.0,0.0,14.25,3.79,0.0
20230822:0311,0.0,0.0,0.0,14.18,3.38,0.0
20230822:0411,0.0,0.0,0.0,14.1,3.1,0.0
20230822:0511,0.0,0.0,0.0,13.88,3.17,0.0
20230822:0611,53.0,46.96,8.85,13.79,3.1,0.0
20230822:0711,195.9,136.15,16.9,14.11,3.38,0.0
20230822:0811,500.0,315.34,24.8,14.37,3.45,0.0
20230822:0911,970.46,605.37,32.1,14.8,4.21,0.0
20230822:1011,1197.18,756.62,38.24,15.49,4.83,0.0
20230822:1111,1277.32,813.81,42.54,16.14,5.24,0.0
20230822:1211,610.66,382.34,44.35,16.36,4.97,0.0
20230822:1311,385.18,246.92,43.32,16.22,4.62,0.0
20230822:1411,483.16,305.52,39.65,16.34,4.41,0.0
20230822:1511,611.7,382.2,33.96,16.25,4.55,0.0
20230822:1611,721.14,451.19,26.92,15.85,4.41,0.0
20230822:1711,286.98,191.68,19.14,15.13,3.86,0.0
20230822:1811,88.66,71.14,11.09,14.34,3.52,0.0
20230822:1911,0.0,1.75,3.19,14.12,3.45,0.0
20230822:2011,0.0,0.0,0.0,13.4,2.9,0.0
20230822:2111,0.0,0.0,0.0,12.81,2.76,0.0
20230822:2211,0.0,0.0,0.0,12.24,2.76,0.0
20230822:2311,0.0,0.0,0.0,11.69,2.83,0.0
20230823:0011,0.0,0.0,0.0,11.21,2.62,0.0
20230823:0111,0.0,0.0,0.0,10.77,2.28,0.0
20230823:0211,0.0,0.0,0.0,10.45,2.07,0.0
20230823:0311,0.0,0.0,0.0,9.95,2.21,0.0
20230823:0411,0.0,0.0,0.0,9.47,2.28,0.0
20230823:0511,0.0,0.0,0.0,9.27,2.21,0.0
20230823:0611,22.46,25.03,8.61,9.44,2.21,0.0
20230823:0711,342.02,236.38,16.65,10.25,2.83,0.0
20230823:0811,570.9,355.07,24.54,11.44,2.9,0.0
20230823:0911,700.14,433.23,31.83,12.81,2.97,0.0
20230823:1011,549.3,343.41,37.95,14.15,3.24,0.0
20230823:1111,596.98,374.57,42.22,15.43,3.52,0.0
20230823:1211,191.16,131.65,44.01,16.09,3.66,0.0
20230823:1311,161.82,114.03,42.98,15.97,3.52,0.0
20230823:1411,199.46,136.28,39.32,15.49,3.59,0.0
20230823:1511,292.82,191.45,33.63,15.12,3.38,0.0
20230823:1611,340.36,219.57,26.6,14.9,3.03,0.0
20230823:1711,141.5,101.5,18.82,14.67,2.69,0.0
20230823:1811,6.8,12.98,10.78,14.4,2.34,0.0
20230823:1911,0.0,1.75,2.87,14.04,2.28,0.0
20230823:2011,0.0,0.0,0.0,13.75,2.0,0.0
20230823:2111,0.0,0.0,0.0,13.48,1.86,0.0
20230823:2211,0.0,0.0,0.0,13.29,1.59,0.0
20230823:2311,0.0,0.0,0.0,12.89,1.52,0.0
20230824:0011,0.0,0.0,0.0,12.6,1.38,0.0
20230824:0111,0.0,0.0,0.0,12.38,1.59,0.0
20230824:0211,0.0,0.0,0.0,12.04,1.66,0.0
20230824:0311,0.0,0.0,0.0,11.81,1.79,0.0
20230824:0411,0.0,0.0,0.0,11.43,1.86,0.0
20230824:0511,0.0,0.0,0.0,10.89,1.93,0.0
20230824:0611,59.2,51.74,8.36,10.63,2.0,0.0
20230824:0711,330.48,230.14,16.41,11.39,2.07,0.0
20230824:0811,698.74,436.61,24.29,11.64,2.48,0.0
20230824:0911,1030.0,641.77,31.56,12.36,3.31,0.0
20230824:1011,1016.28,635.19,37.65,13.24,3.52,0.0
20230824:1111,1362.8,879.96,41.91,13.97,3.72,0.0
20230824:1211,1245.84,796.74,43.67,14.36,3.86,0.0
20230824:1311,1116.92,706.62,42.63,14.44,3.86,0.0
20230824:1411,323.16,208.68,38.97,14.38,3.72,0.0
20230824:1511,341.28,219.31,33.29,14.18,3.17,0.0
20230824:1611,239.5,159.08,26.27,13.85,3.03,0.0
20230824:1711,96.02,73.24,18.5,13.22,2.48,0.0
20230824:1811,9.0,14.83,10.46,12.69,1.79,0.0
20230824:1911,0.0,2.62,2.55,11.8,1.03,0.0
20230824:2011,0.0,0.0,0.0,11.48,0.76,0.0
20230824:2111,0.0,0.0,0.0,10.41,0.83,0.0
20230824:2211,0.0,0.0,0.0,10.71,0.62,0.0
20230824:2311,0.0,0.0,0.0,10.74,0.48,0.0
20230825:0011,0.0,0.0,0.0,10.3,0.55,0.0
20230825:0111,0.0,0.0,0.0,9.9,0.69,0.0
20230825:0211,0.0,0.0,0.0,9.23,0.97,0.0
20230825:0311,0.0,0.0,0.0,8.76,1.1,0.0
20230825:0411,0.0,0.0,0.0,8.77,0.9,0.0
20230825:0511,0.0,0.0,0.0,8.54,0.9,0.0
20230825:0611,48.5,43.46,8.11,8.56,0.83,0.0
20230825:0711,262.26,179.42,16.16,9.79,0.69,0.0
20230825:0811,615.44,386.48,24.03,11.18,1.24,0.0
20230825:0911,996.06,629.7,31.29,11.98,1.66,0.0
20230825:1011,1217.26,784.89,37.36,12.73,2.14,0.0
20230825:1111,202.92,137.21,41.59,13.07,2.41,0.0
20230825:1211,252.72,166.88,43.33,13.53,2.69,0.0
20230825:1311,379.6,240.82,42.28,12.74,3.17,0.0
20230825:1411,255.24,167.81,38.63,13.01,3.17,0.0
20230825:1511,99.58,75.1,32.95,12.26,3.1,0.0
20230825:1611,52.18,45.43,25.94,11.93,3.1,0.0
20230825:1711,135.86,96.91,18.17,11.75,2.9,0.0
20230825:1811,91.72,75.04,10.13,11.56,2.83,0.0
20230825:1911,0.0,1.75,2.22,11.34,0.9,0.0
20230825:2011,0.0,0.0,0.0,11.06,0.9,0.0
20230825:2111,0.0,0.0,0.0,10.64,1.03,0.0
20230825:2211,0.0,0.0,0.0,10.46,1.03,0.0
20230825:2311,0.0,0.0,0.0,10.57,1.24,0.0
20230826:0011,0.0,0.0,0.0,10.64,1.59,0.0
20230826:0111,0.0,0.0,0.0,10.6,1.66,0.0
20230826:0211,0.0,0.0,0.0,10.51,1.66,0.0
20230826:0311,0.0,0.0,0.0,10.58,1.72,0.0
20230826:0411,0.0,0.0,0.0,10.51,1.86,0.0
20230826:0511,0.0,0.0,0.0,10.35,1.52,0.0
20230826:0611,23.62,25.96,7.86,10.39,1.59,0.0
20230826:0711,103.2,77.11,15.91,10.84,1.66,0.0
20230826:0811,53.74,46.36,23.78,11.18,1.45,0.0
20230826:0911,114.88,84.37,31.01,11.81,1.45,0.0
20230826:1011,154.8,108.47,37.06,12.39,1.72,0.0
20230826:1111,175.38,120.52,41.26,12.1,1.86,0.0
20230826:1211,343.4,220.19,42.99,12.19,1.52,0.0
20230826:1311,156.34,109.4,41.93,12.23,1.31,0.0
20230826:1411,188.72,128.87,38.28,12.66,1.31,0.0
20230826:1511,172.26,119.6,32.61,13.64,1.24,0.0
20230826:1611,168.96,117.74,25.61,13.96,1.38,0.0
20230826:1711,100.16,76.02,17.84,13.79,1.72,0.0
20230826:1811,3.94,10.2,9.8,12.8,2.07,0.0
20230826:1911,0.0,0.87,1.89,12.43,2.07,0.0
20230826:2011,0.0,0.0,0.0,12.02,1.45,0.0
20230826:2111,0.0,0.0,0.0,11.93,1.38,0.0
20230826:2211,0.0,0.0,0.0,11.92,1.52,0.0
20230826:2311,0.0,0.0,0.0,11.73,1.38,0.0
20230827:0011,0.0,0.0,0.0,11.63,1.24,0.0
20230827:0111,0.0,0.0,0.0,11.37,1.17,0.0
20230827:0211,0.0,0.0,0.0,11.24,1.24,0.0
20230827:0311,0.0,0.0,0.0,11.24,1.24,0.0
20230827:0411,0.0,0.0,0.0,11.07,0.97,0.0
20230827:0511,0.0,0.0,0.0,10.76,0.97,0.0
20230827:0611,14.84,19.47,7.61,10.77,0.83,0.0
20230827:0711,101.42,76.2,15.65,11.24,1.17,0.0
20230827:0811,167.14,115.41,23.52,11.34,1.24,0.0
20230827:0911,259.04,169.59,30.74,11.64,1.59,0.0
20230827:1011,381.2,242.16,36.76,12.18,1.72,0.0
20230827:1111,393.56,250.51,40.94,12.87,1.72,0.0
20230827:1211,621.98,390.41,42.64,13.87,2.07,0.0
20230827:1311,1226.88,797.3,41.57,14.6,2.55,0.0
20230827:1411,840.1,528.05,37.92,14.97,2.83,0.0
20230827:1511,427.48,271.76,32.27,15.17,2.76,0.0
20230827:1611,87.68,68.61,25.27,15.1,2.76,0.0
20230827:1711,21.78,25.03,17.51,14.89,2.69,0.0
20230827:1811,3.88,10.2,9.47,14.47,2.48,0.0
20230827:1911,0.0,0.87,1.55,13.11,2.48,0.0
20230827:2011,0.0,0.0,0.0,12.84,2.48,0.0
20230827:2111,0.0,0.0,0.0,12.66,2.69,0.0
20230827:2211,0.0,0.0,0.0,12.17,3.1,0.0
20230827:2311,0.0,0.0,0.0,11.59,2.62,0.0
20230828:0011,0.0,0.0,0.0,10.92,2.21,0.0
20230828:0111,0.0,0.0,0.0,10.3,2.28,0.0
20230828:0211,0.0,0.0,0.0,9.99,2.28,0.0
20230828:0311,0.0,0.0,0.0,9.78,2.28,0.0
20230828:0411,0.0,0.0,0.0,9.73,2.28,0.0
20230828:0511,0.0,0.0,0.0,9.9,2.28,0.0
20230828:0611,39.78,37.51,7.35,10.09,2.21,0.0
20230828:0711,282.92,195.4,15.4,10.61,2.14,0.0
20230828:0811,383.46,242.12,23.25,11.6,3.17,0.0
20230828:0911,464.14,289.28,30.46,12.56,3.52,0.0
20230828:1011,444.82,278.89,36.46,13.22,3.79,0.0
20230828:1111,652.74,404.48,40.61,13.72,3.93,0.0
20230828:1211,874.66,544.77,42.29,14.23,3.93,0.0
20230828:1311,526.62,329.7,41.21,14.44,3.79,0.0
20230828:1411,497.22,311.95,37.57,14.58,3.79,0.0
20230828:1511,400.66,254.33,31.92,14.67,3.72,0.0
20230828:1611,388.14,247.33,24.93,14.51,3.38,0.0
20230828:1711,178.08,124.1,17.18,14.35,3.31,0.0
20230828:1811,60.26,52.26,9.14,13.94,2.9,0.0
20230828:1911,0.0,0.87,1.21,13.27,2.83,0.0
20230828:2011,0.0,0.0,0.0,12.81,2.9,0.0
20230828:2111,0.0,0.0,0.0,12.57,3.17,0.0
20230828:2211,0.0,0.0,0.0,12.43,3.24,0.0
20230828:2311,0.0,0.0,0.0,12.4,3.31,0.0
20230829:0011,0.0,0.0,0.0,12.23,3.31,0.0
20230829:0111,0.0,0.0,0.0,11.88,3.1,0.0
20230829:0211,0.0,0.0,0.0,11.47,3.17,0.0
20230829:0311,0.0,0.0,0.0,10.89,3.03,0.0
20230829:0411,0.0,0.0,0.0,10.41,3.03,0.0
20230829:0511,0.0,0.0,0.0,10.05,2.97,0.0
20230829:0611,48.32,47.58,7.1,9.88,2.69,0.0
20230829:0711,327.22,228.1,15.14,10.25,2.97,0.0
20230829:0811,519.9,321.95,22.99,10.75,3.66,0.0
20230829:0911,1082.08,668.06,30.18,11.54,4.21,0.0
20230829:1011,1103.0,682.63,36.16,11.95,4.41,0.0
20230829:1111,266.48,173.37,40.28,12.27,4.62,0.0
20230829:1211,197.96,133.5,41.94,12.5,4.48,0.0
20230829:1311,1374.4,874.03,40.85,12.43,4.34,0.0
20230829:1411,177.34,121.45,37.21,12.54,4.28,0.0
20230829:1511,183.64,125.16,31.57,12.57,4.34,0.0
20230829:1611,337.1,214.33,24.58,12.21,4.34,0.0
20230829:1711,349.44,231.99,16.84,11.8,3.86,0.0
20230829:1811,72.76,62.1,8.8,11.0,3.03,0.0
20230829:1911,0.0,0.0,0.0,10.51,3.24,0.0
20230829:2011,0.0,0.0,0.0,9.8,2.55,0.0
20230829:2111,0.0,0.0,0.0,9.34,2.41,0.0
20230829:2211,0.0,0.0,0.0,9.09,2.28,0.0
20230829:2311,0.0,0.0,0.0,8.94,2.21,0.0
20230830:0011,0.0,0.0,0.0,9.07,2.28,0.0
20230830:0111,0.0,0.0,0.0,9.09,2.28,0.0
20230830:0211,0.0,0.0,0.0,9.33,2.34,0.0
20230830:0311,0.0,0.0,0.0,9.22,1.72,0.0
20230830:0411,0.0,0.0,0.0,9.03,1.52,0.0
20230830:0511,0.0,0.0,0.0,8.68,1.45,0.0
20230830:0611,41.32,38.84,6.84,8.66,1.31,0.0
20230830:0711,64.48,52.85,14.89,9.41,1.24,0.0
20230830:0811,131.28,93.64,22.73,10.48,2.0,0.0
20230830:0911,250.38,164.14,29.9,11.59,2.28,0.0
20230830:1011,364.52,231.79,35.85,11.98,2.0,0.0
20230830:1111,513.14,321.09,39.95,12.53,2.14,0.0
20230830:1211,816.96,510.08,41.59,12.53,2.28,0.0
20230830:1311,1255.36,813.94,40.49,13.05,2.34,0.0
20230830:1411,683.28,426.27,36.84,13.29,2.21,0.0
20230830:1511,248.62,164.46,31.21,13.51,2.41,0.0
20230830:1611,230.68,153.52,24.24,12.97,2.28,0.0
20230830:1711,191.02,131.72,16.49,12.58,2.07,0.0
20230830:1811,63.36,55.31,8.46,12.28,1.45,0.0
20230830:1911,0.0,0.0,0.0,11.76,1.03,0.0
20230830:2011,0.0,0.0,0.0,11.14,0.76,0.0
20230830:2111,0.0,0.0,0.0,11.34,0.28,0.0
20230830:2211,0.0,0.0,0.0,11.16,0.0,0.0
20230830:2311,0.0,0.0,0.0,10.95,0.07,0.0
20230831:0011,0.0,0.0,0.0,10.12,0.14,0.0
20230831:0111,0.0,0.0,0.0,9.79,0.28,0.0
20230831:0211,0.0,0.0,0.0,9.59,0.41,0.0
20230831:0311,0.0,0.0,0.0,9.35,0.41,0.0
20230831:0411,0.0,0.0,0.0,9.14,0.55,0.0
20230831:0511,0.0,0.0,0.0,8.4,0.69,0.0
20230831:0611,25.28,27.13,6.58,7.63,0.83,0.0
20230831:0711,260.02,179.07,14.63,8.68,0.83,0.0
20230831:0811,370.74,234.56,22.46,9.41,0.76,0.0
20230831:0911,845.22,529.19,29.61,10.81,1.03,0.0
20230831:1011,1264.74,830.28,35.54,12.67,1.45,0.0
20230831:1111,971.94,624.38,39.61,14.02,1.31,0.0
20230831:1211,984.66,638.73,41.23,15.07,1.17,0.0
20230831:1311,985.38,641.12,40.12,15.5,1.1,0.0
20230831:1411,922.06,594.4,36.48,15.74,1.31,0.0
20230831:1511,590.74,374.6,30.85,16.03,1.66,0.0
20230831:1611,535.4,341.04,23.89,15.83,1.86,0.0
20230831:1711,240.72,165.51,16.15,15.25,2.21,0.0
20230831:1811,69.1,64.73,8.11,14.34,2.28,0.0
20230831:1911,0.0,0.0,0.0,13.69,2.0,0.0
20230831:2011,0.0,0.0,0.0,12.85,1.66,0.0
20230831:2111,0.0,0.0,0.0,11.99,1.38,0.0
20230831:2211,0.0,0.0,0.0,10.81,1.1,0.0
20230831:2311,0.0,0.0,0.0,10.72,0.83,0.0
20230901:0011,0.0,0.0,0.0,10.94,0.48,0.0
20230901:0111,0.0,0.0,0.0,10.52,0.34,0.0
20230901:0211,0.0,0.0,0.0,10.36,0.28,0.0
20230901:0311,0.0,0.0,0.0,10.16,0.21,0.0
20230901:0411,0.0,0.0,0.0,9.92,0.21,0.0
20230901:0511,0.0,0.0,0.0,9.52,0.28,0.0
20230901:0611,30.3,31.05,6.32,9.25,0.41,0.0
20230901:0711,211.94,146.97,14.37,9.18,0.41,0.0
20230901:0811,347.04,221.45,22.19,10.48,0.83,0.0
20230901:0911,765.98,478.88,29.33,11.73,1.17,0.0
20230901:1011,1270.78,834.07,35.23,13.24,1.66,0.0
20230901:1111,1412.44,953.33,39.27,14.63,1.79,0.0
20230901:1211,1383.62,938.25,40.87,15.66,1.72,0.0
20230901:1311,1313.82,887.28,39.75,16.32,1.59,0.0
20230901:1411,1236.98,827.85,36.11,16.54,1.45,0.0
20230901:1511,1041.74,676.44,30.49,16.78,1.86,0.0
20230901:1611,724.52,460.3,23.53,16.05,2.62,0.0
20230901:1711,279.76,191.34,15.8,15.1,2.69,0.0
20230901:1811,63.76,59.1,7.76,14.21,2.34,0.0
20230901:1911,0.0,0.0,0.0,13.71,2.0,0.0
20230901:2011,0.0,0.0,0.0,12.69,1.59,0.0
20230901:2111,0.0,0.0,0.0,11.72,1.17,0.0
20230901:2211,0.0,0.0,0.0,11.63,0.69,0.0
20230901:2311,0.0,0.0,0.0,11.61,0.48,0.0
20230902:0011,0.0,0.0,0.0,10.77,0.83,0.0
20230902:0111,0.0,0.0,0.0,9.07,1.24,0.0
20230902:0211,0.0,0.0,0.0,8.34,1.38,0.0
20230902:0311,0.0,0.0,0.0,7.76,1.52,0.0
20230902:0411,0.0,0.0,0.0,7.3,1.59,0.0
20230902:0511,0.0,0.0,0.0,6.86,1.52,0.0
20230902:0611,37.98,39.28,6.06,7.39,1.52,0.0
20230902:0711,315.06,220.97,14.11,8.8,1.59,0.0
20230902:0811,694.12,434.4,21.92,10.66,1.79,0.0
20230902:0911,1021.52,647.44,29.04,12.98,2.0,0.0
20230902:1011,1268.58,827.78,34.92,15.1,2.55,0.0
20230902:1111,1326.96,869.35,38.93,16.65,3.45,0.0
20230902:1211,1416.66,932.45,40.51,17.65,4.28,0.0
20230902:1311,1382.38,903.83,39.38,18.02,4.62,0.0
20230902:1411,771.0,484.82,35.74,17.94,4.48,0.0
20230902:1511,298.98,196.66,30.13,17.71,4.55,0.0
20230902:1611,142.6,102.91,23.18,17.11,3.79,0.0
20230902:1711,110.24,83.21,15.45,16.65,3.66,0.0
20230902:1811,17.96,22.25,7.41,16.05,3.45,0.0
20230902:1911,0.0,0.0,0.0,15.54,4.14,0.0
20230902:2011,0.0,0.0,0.0,14.95,4.0,0.0
20230902:2111,0.0,0.0,0.0,14.45,3.93,0.0
20230902:2211,0.0,0.0,0.0,14.13,4.34,0.0
20230902:2311,0.0,0.0,0.0,14.07,4.76,0.0
20230903:0011,0.0,0.0,0.0,13.92,4.97,0.0
20230903:0111,0.0,0.0,0.0,14.07,5.1,0.0
20230903:0211,0.0,0.0,0.0,14.12,5.1,0.0
20230903:0311,0.0,0.0,0.0,14.03,5.03,0.0
20230903:0411,0.0,0.0,0.0,13.94,4.97,0.0
20230903:0511,0.0,0.0,0.0,13.94,4.97,0.0
20230903:0611,1.34,7.42,5.8,13.99,5.03,0.0
20230903:0711,19.38,23.18,13.85,14.37,5.03,0.0
20230903:0811,52.94,46.36,21.65,14.57,4.9,0.0
20230903:0911,241.78,160.6,28.75,15.26,5.79,0.0
20230903:1011,549.78,341.78,34.6,15.92,6.41,0.0
20230903:1111,627.48,389.14,38.59,16.56,6.97,0.0
20230903:1211,1428.88,916.56,40.15,16.79,6.07,0.0
20230903:1311,1405.5,899.2,39.01,17.03,6.21,0.0
20230903:1411,1261.92,797.13,35.37,17.04,6.21,0.0
20230903:1511,1017.66,633.86,29.76,16.95,6.07,0.0
20230903:1611,622.28,390.17,22.82,16.76,5.72,0.0
20230903:1711,333.02,230.31,15.1,16.26,5.03,0.0
20230903:1811,21.7,25.03,7.06,15.71,4.55,0.0
20230903:1911,0.0,0.0,0.0,15.46,4.21,0.0
20230903:2011,0.0,0.0,0.0,14.87,3.79,0.0
20230903:2111,0.0,0.0,0.0,14.51,3.59,0.0
20230903:2211,0.0,0.0,0.0,14.26,3.52,0.0
20230903:2311,0.0,0.0,0.0,14.09,3.45,0.0
20230904:0011,0.0,0.0,0.0,13.9,3.38,0.0
20230904:0111,0.0,0.0,0.0,13.7,3.38,0.0
20230904:0211,0.0,0.0,0.0,13.49,3.45,0.0
20230904:0311,0.0,0.0,0.0,13.5,3.66,0.0
20230904:0411,0.0,0.0,0.0,13.55,3.79,0.0
20230904:0511,0.0,0.0,0.0,13.82,3.93,0.0
20230904:0611,27.84,32.48,5.54,14.02,4.0,0.0
20230904:0711,268.1,190.8,13.58,14.22,4.41,0.0
20230904:0811,649.38,407.24,21.38,14.85,4.69,0.0
20230904:0911,1050.72,658.62,28.46,15.85,4.76,0.0
20230904:1011,1288.84,823.6,34.29,16.76,5.03,0.0
20230904:1111,1449.58,946.87,38.25,17.51,4.97,0.0
20230904:1211,1456.8,960.26,39.78,18.19,4.69,0.0
20230904:1311,1419.08,936.48,38.63,18.71,4.48,0.0
20230904:1411,1272.98,829.26,34.99,18.93,4.28,0.0
20230904:1511,1030.64,659.97,29.39,19.01,4.0,0.0
20230904:1611,703.84,450.63,22.46,18.82,3.59,0.0
20230904:1711,347.34,244.98,14.74,18.34,3.17,0.0
20230904:1811,49.34,52.87,6.7,17.53,2.69,0.0
20230904:1911,0.0,0.0,0.0,16.62,2.41,0.0
20230904:2011,0.0,0.0,0.0,15.24,2.28,0.0
20230904:2111,0.0,0.0,0.0,14.13,2.14,0.0
20230904:2211,0.0,0.0,0.0,13.14,2.0,0.0
20230904:2311,0.0,0.0,0.0,12.23,1.93,0.0
20230905:0011,0.0,0.0,0.0,11.52,1.93,0.0
20230905:0111,0.0,0.0,0.0,10.79,1.93,0.0
20230905:0211,0.0,0.0,0.0,9.76,1.72,0.0
20230905:0311,0.0,0.0,0.0,9.02,1.45,0.0
20230905:0411,0.0,0.0,0.0,8.52,1.31,0.0
20230905:0511,0.0,0.0,0.0,8.21,1.38,0.0
20230905:0611,26.94,30.77,5.28,8.12,1.31,0.0
20230905:0711,281.96,199.72,13.32,9.93,0.48,0.0
20230905:0811,671.24,428.61,21.1,11.58,0.14,0.0
20230905:0911,999.3,651.59,28.16,13.8,0.34,0.0
20230905:1011,1225.28,823.48,33.97,16.15,1.03,0.0
20230905:1111,1376.64,948.68,37.9,17.84,1.52,0.0
20230905:1211,1383.24,959.63,39.41,19.13,1.66,0.0
20230905:1311,1362.84,947.73,38.25,20.14,1.66,0.0
20230905:1411,1217.46,828.58,34.61,20.81,1.72,0.0
20230905:1511,1011.68,668.26,29.02,21.12,2.14,0.0
20230905:1611,681.9,443.8,22.09,20.8,2.62,0.0
20230905:1711,260.88,185.32,14.38,19.8,2.69,0.0
20230905:1811,18.92,23.18,6.35,18.28,2.62,0.0
20230905:1911,0.0,0.0,0.0,16.63,2.21,0.0
20230905:2011,0.0,0.0,0.0,15.03,1.79,0.0
20230905:2111,0.0,0.0,0.0,13.59,1.31,0.0
20230905:2211,0.0,0.0,0.0,12.64,0.9,0.0
20230905:2311,0.0,0.0,0.0,13.04,0.62,0.0
20230906:0011,0.0,0.0,0.0,12.68,0.34,0.0
20230906:0111,0.0,0.0,0.0,12.39,0.14,0.0
20230906:0211,0.0,0.0,0.0,12.13,0.28,0.0
20230906:0311,0.0,0.0,0.0,11.75,0.55,0.0
20230906:0411,0.0,0.0,0.0,11.05,0.83,0.0
20230906:0511,0.0,0.0,0.0,9.91,0.97,0.0
20230906:0611,4.06,10.2,5.01,9.09,1.17,0.0
20230906:0711,194.92,138.03,13.05,10.51,1.17,0.0
20230906:0811,318.66,206.3,20.82,12.76,1.31,0.0
20230906:0911,490.84,311.16,27.87,14.82,1.31,0.0
20230906:1011,910.16,589.7,33.65,17.01,1.24,0.0
20230906:1111,1296.04,887.21,37.55,18.98,1.52,0.0
20230906:1211,1268.62,865.85,39.04,20.41,1.93,0.0
20230906:1311,1303.88,890.04,37.87,21.55,2.48,0.0
20230906:1411,1102.64,732.98,34.23,22.1,2.76,0.0
20230906:1511,567.18,368.05,28.65,22.45,2.83,0.0
20230906:1611,138.2,102.6,21.73,22.38,2.76,0.0
20230906:1711,293.2,212.17,14.02,22.03,2.62,0.0
20230906:1811,39.02,43.4,5.99,21.34,2.28,0.0
20230906:1911,0.0,0.0,0.0,19.51,2.21,0.0
20230906:2011,0.0,0.0,0.0,18.17,2.07,0.0
20230906:2111,0.0,0.0,0.0,17.27,2.07,0.0
20230906:2211,0.0,0.0,0.0,16.72,2.0,0.0
20230906:2311,0.0,0.0,0.0,16.52,1.86,0.0
20230907:0011,0.0,0.0,0.0,15.98,1.79,0.0
20230907:0111,0.0,0.0,0.0,15.05,1.66,0.0
20230907:0211,0.0,0.0,0.0,14.09,1.59,0.0
20230907:0311,0.0,0.0,0.0,13.28,1.59,0.0
20230907:0411,0.0,0.0,0.0,12.66,1.52,0.0
20230907:0511,0.0,0.0,0.0,12.19,1.52,0.0
20230907:0611,21.62,26.33,4.74,11.74,1.45,0.0
20230907:0711,263.72,190.83,12.79,13.34,1.31,0.0
20230907:0811,564.32,360.6,20.55,14.54,1.24,0.0
20230907:0911,944.7,609.36,27.57,15.94,1.31,0.0
20230907:1011,1158.62,778.77,33.33,18.24,1.1,0.0
20230907:1111,1292.5,900.39,37.2,20.6,1.17,0.0
20230907:1211,1317.16,928.29,38.67,22.73,1.45,0.0
20230907:1311,1260.68,872.27,37.49,23.99,2.21,0.0
20230907:1411,1119.52,756.4,33.85,24.61,2.69,0.0
20230907:1511,637.34,417.63,28.27,24.79,2.83,0.0
20230907:1611,177.9,128.49,21.36,24.6,2.69,0.0
20230907:1711,28.06,30.59,13.66,23.89,2.34,0.0
20230907:1811,0.0,4.64,5.63,22.67,1.93,0.0
20230907:1911,0.0,0.0,0.0,21.13,2.14,0.0
20230907:2011,0.0,0.0,0.0,19.67,2.07,0.0
20230907:2111,0.0,0.0,0.0,18.61,1.72,0.0
20230907:2211,0.0,0.0,0.0,18.01,1.72,0.0
20230907:2311,0.0,0.0,0.0,17.68,1.72,0.0
20230908:0011,0.0,0.0,0.0,17.25,1.59,0.0
20230908:0111,0.0,0.0,0.0,16.54,1.52,0.0
20230908:0211,0.0,0.0,0.0,15.76,1.52,0.0
20230908:0311,0.0,0.0,0.0,15.2,1.66,0.0
20230908:0411,0.0,0.0,0.0,14.46,1.79,0.0
20230908:0511,0.0,0.0,0.0,13.77,1.79,0.0
20230908:0611,17.24,22.66,4.48,13.4,1.72,0.0
20230908:0711,243.26,177.07,12.52,14.83,1.31,0.0
20230908:0811,584.34,378.36,20.27,17.03,1.17,0.0
20230908:0911,924.88,607.98,27.27,19.03,1.03,0.0
20230908:1011,1081.92,730.41,33.0,20.99,1.17,0.0
20230908:1111,1241.2,867.2,36.85,22.48,1.17,0.0
20230908:1211,1245.74,878.6,38.3,23.7,1.17,0.0
20230908:1311,1121.48,781.88,37.1,24.62,1.03,0.0
20230908:1411,1001.84,688.28,33.47,25.25,1.03,0.0
20230908:1511,639.8,426.78,27.9,25.46,1.03,0.0
20230908:1611,505.66,341.48,20.99,25.38,0.62,0.0
20230908:1711,274.46,205.56,13.29,24.81,0.28,0.0
20230908:1811,26.34,34.43,5.26,23.74,0.76,0.0
20230908:1911,0.0,0.0,0.0,21.86,1.17,0.0
20230908:2011,0.0,0.0,0.0,19.86,1.59,0.0
20230908:2111,0.0,0.0,0.0,18.29,2.0,0.0
20230908:2211,0.0,0.0,0.0,17.44,2.21,0.0
20230908:2311,0.0,0.0,0.0,17.09,2.21,0.0
20230909:0011,0.0,0.0,0.0,16.7,2.21,0.0
20230909:0111,0.0,0.0,0.0,16.53,2.28,0.0
20230909:0211,0.0,0.0,0.0,16.63,2.34,0.0
20230909:0311,0.0,0.0,0.0,16.79,2.48,0.0
20230909:0411,0.0,0.0,0.0,16.79,2.69,0.0
20230909:0511,0.0,0.0,0.0,16.73,2.9,0.0
20230909:0611,9.86,15.76,4.21,16.53,2.97,0.0
20230909:0711,166.8,123.41,12.25,17.07,2.62,0.0
20230909:0811,391.0,253.11,19.99,17.66,3.93,0.0
20230909:0911,967.04,611.17,26.97,18.65,4.9,0.0
20230909:1011,1188.78,761.01,32.68,19.42,5.45,0.0
20230909:1111,1306.2,847.44,36.5,19.84,5.45,0.0
20230909:1211,861.06,547.03,37.92,19.77,4.69,0.0
20230909:1311,967.14,617.97,36.72,19.99,4.62,0.0
20230909:1411,854.38,542.32,33.08,20.12,4.76,0.0
20230909:1511,715.18,452.12,27.52,19.86,4.76,0.0
20230909:1611,269.94,180.94,20.62,19.53,4.62,0.0
20230909:1711,141.06,105.04,12.92,18.81,4.0,0.0
20230909:1811,21.24,25.68,4.9,17.82,3.59,0.0
20230909:1911,0.0,0.0,0.0,17.06,3.45,0.0
20230909:2011,0.0,0.0,0.0,16.37,3.24,0.0
20230909:2111,0.0,0.0,0.0,15.73,3.1,0.0
20230909:2211,0.0,0.0,0.0,15.33,2.9,0.0
20230909:2311,0.0,0.0,0.0,15.06,2.62,0.0
20230910:0011,0.0,0.0,0.0,14.91,2.41,0.0
20230910:0111,0.0,0.0,0.0,14.81,2.28,0.0
20230910:0211,0.0,0.0,0.0,14.77,2.21,0.0
20230910:0311,0.0,0.0,0.0,14.68,2.0,0.0
20230910:0411,0.0,0.0,0.0,14.7,2.0,0.0
20230910:0511,0.0,0.0,0.0,14.7,1.93,0.0
20230910:0611,0.0,2.78,3.94,14.65,1.79,0.0
20230910:0711,6.8,12.98,11.98,14.69,1.86,0.0
20230910:0811,61.26,51.92,19.7,15.12,2.48,0.0
20230910:0911,171.0,119.6,26.67,15.64,2.34,0.0
20230910:1011,385.3,247.59,32.35,16.28,2.83,0.0
20230910:1111,463.2,295.37,36.14,16.67,2.69,0.0
20230910:1211,667.06,421.99,37.54,17.34,2.97,0.0
20230910:1311,128.34,94.56,36.33,17.75,2.97,0.0
20230910:1411,242.64,164.0,32.69,18.05,2.83,0.0
20230910:1511,86.32,68.61,27.14,18.1,2.48,0.0
20230910:1611,53.32,47.28,20.24,17.88,1.72,0.0
20230910:1711,57.58,50.06,12.55,17.51,0.97,0.0
20230910:1811,20.82,26.55,4.53,17.12,0.69,0.0
20230910:1911,0.0,0.0,0.0,16.43,0.97,0.0
20230910:2011,0.0,0.0,0.0,16.01,0.9,0.0
20230910:2111,0.0,0.0,0.0,15.64,0.62,0.0
20230910:2211,0.0,0.0,0.0,15.5,0.62,0.0
20230910:2311,0.0,0.0,0.0,15.44,0.76,0.0
20230911:0011,0.0,0.0,0.0,15.34,0.9,0.0
20230911:0111,0.0,0.0,0.0,15.17,0.97,0.0
20230911:0211,0.0,0.0,0.0,15.21,1.17,0.0
20230911:0311,0.0,0.0,0.0,15.21,1.45,0.0
20230911:0411,0.0,0.0,0.0,15.19,2.83,0.0
20230911:0511,0.0,0.0,0.0,14.78,3.59,0.0
20230911:0611,4.84,11.13,3.67,13.89,3.24,0.0
20230911:0711,115.48,86.94,11.7,12.96,2.48,0.0
20230911:0811,341.54,219.16,19.42,12.59,2.28,0.0
20230911:0911,954.76,597.12,26.37,12.76,2.55,0.0
20230911:1011,1151.86,727.15,32.02,13.26,3.31,0.0
20230911:1111,841.06,521.03,35.79,14.15,4.07,0.0
20230911:1211,1283.38,818.0,37.16,14.45,4.28,0.0
20230911:1311,1261.9,801.93,35.94,14.66,4.41,0.0
20230911:1411,321.6,207.28,32.31,14.39,4.07,0.0
20230911:1511,222.6,148.92,26.75,14.05,3.86,0.0
20230911:1611,389.02,247.28,19.87,13.57,3.52,0.0
20230911:1711,109.06,82.12,12.18,12.98,3.1,0.0
20230911:1811,0.0,3.71,4.16,12.26,2.55,0.0
20230911:1911,0.0,0.0,0.0,11.77,2.34,0.0
20230911:2011,0.0,0.0,0.0,11.3,2.14,0.0
20230911:2111,0.0,0.0,0.0,10.99,2.14,0.0
20230911:2211,0.0,0.0,0.0,10.69,2.14,0.0
20230911:2311,0.0,0.0,0.0,10.27,2.14,0.0
20230912:0011,0.0,0.0,0.0,9.86,2.07,0.0
20230912:0111,0.0,0.0,0.0,9.24,2.0,0.0
20230912:0211,0.0,0.0,0.0,8.75,1.86,0.0
20230912:0311,0.0,0.0,0.0,8.01,1.79,0.0
20230912:0411,0.0,0.0,0.0,7.14,1.72,0.0
20230912:0511,0.0,0.0,0.0,6.54,1.59,0.0
20230912:0611,10.14,16.13,3.4,6.52,1.45,0.0
20230912:0711,207.74,146.75,11.43,7.26,1.24,0.0
20230912:0811,386.96,243.67,19.14,9.78,1.86,0.0
20230912:0911,723.36,445.62,26.07,10.44,1.79,0.0
20230912:1011,547.08,338.5,31.69,11.12,2.0,0.0
20230912:1111,1222.5,786.14,35.43,11.72,2.07,0.0
20230912:1211,1263.72,820.38,36.78,12.16,2.0,0.0
20230912:1311,979.34,618.28,35.55,12.42,1.93,0.0
20230912:1411,636.52,395.97,31.92,12.7,1.93,0.0
20230912:1511,974.62,613.94,26.37,12.7,2.07,0.0
20230912:1611,678.08,425.88,19.49,12.33,2.28,0.0
20230912:1711,217.24,153.96,11.81,11.66,2.34,0.0
20230912:1811,15.6,21.3,3.79,10.82,2.21,0.0
20230912:1911,0.0,0.0,0.0,10.44,2.0,0.0
20230912:2011,0.0,0.0,0.0,9.55,1.86,0.0
20230912:2111,0.0,0.0,0.0,8.58,1.66,0.0
20230912:2211,0.0,0.0,0.0,7.61,1.38,0.0
20230912:2311,0.0,0.0,0.0,6.94,1.24,0.0
20230913:0011,0.0,0.0,0.0,7.45,0.97,0.0
20230913:0111,0.0,0.0,0.0,7.98,0.9,0.0
20230913:0211,0.0,0.0,0.0,7.67,0.69,0.0
20230913:0311,0.0,0.0,0.0,6.75,0.97,0.0
20230913:0411,0.0,0.0,0.0,4.94,1.03,0.0
20230913:0511,0.0,0.0,0.0,4.59,0.9,0.0
20230913:0611,10.9,17.37,3.13,4.72,0.97,0.0
20230913:0711,66.16,53.41,11.16,6.1,1.24,0.0
20230913:0811,282.86,180.72,18.85,7.41,1.31,0.0
20230913:0911,350.04,220.1,25.76,9.0,1.45,0.0
20230913:1011,524.16,323.3,31.36,10.35,2.14,0.0
20230913:1111,291.66,188.14,35.07,11.34,2.41,0.0
20230913:1211,189.9,128.87,36.4,12.08,2.83,0.0
20230913:1311,467.82,292.08,35.16,12.41,2.97,0.0
20230913:1411,167.72,115.89,31.52,12.42,3.17,0.0
20230913:1511,72.56,58.41,25.98,12.13,3.1,0.0
20230913:1611,167.28,115.32,19.11,11.6,2.76,0.0
20230913:1711,6.96,12.98,11.44,11.04,3.03,0.0
20230913:1811,0.0,5.56,3.42,10.27,3.45,0.0
20230913:1911,0.0,0.0,0.0,9.59,3.66,0.0
20230913:2011,0.0,0.0,0.0,9.39,3.93,0.0
20230913:2111,0.0,0.0,0.0,9.58,4.07,0.0
20230913:2211,0.0,0.0,0.0,9.97,4.34,0.0
20230913:2311,0.0,0.0,0.0,10.22,4.55,0.0
20230914:0011,0.0,0.0,0.0,10.5,4.62,0.0
20230914:0111,0.0,0.0,0.0,10.94,4.55,0.0
20230914:0211,0.0,0.0,0.0,11.35,4.97,0.0
20230914:0311,0.0,0.0,0.0,11.19,5.52,0.0
20230914:0411,0.0,0.0,0.0,10.69,5.52,0.0
20230914:0511,0.0,0.0,0.0,10.46,5.17,0.0
20230914:0611,0.0,4.64,2.86,10.29,4.9,0.0
20230914:0711,212.52,152.22,10.88,10.77,5.1,0.0
20230914:0811,573.02,354.38,18.56,11.23,4.55,0.0
20230914:0911,905.62,549.46,25.45,12.17,6.0,0.0
20230914:1011,1028.3,623.24,31.02,12.45,7.1,0.0
20230914:1111,1255.18,774.8,34.71,12.67,6.41,0.0
20230914:1211,1333.88,830.16,36.02,12.98,6.34,0.0
20230914:1311,980.44,599.89,34.76,13.48,6.28,0.0
20230914:1411,790.7,482.13,31.13,13.65,6.14,0.0
20230914:1511,234.0,154.64,25.6,13.28,5.79,0.0
20230914:1611,488.08,304.26,18.73,12.8,5.45,0.0
20230914:1711,243.84,174.22,11.06,12.23,4.76,0.0
20230914:1811,10.8,17.52,3.04,11.41,4.41,0.0
20230914:1911,0.0,0.0,0.0,10.75,3.66,0.0
20230914:2011,0.0,0.0,0.0,10.03,3.17,0.0
20230914:2111,0.0,0.0,0.0,9.61,3.03,0.0
20230914:2211,0.0,0.0,0.0,9.32,2.83,0.0
20230914:2311,0.0,0.0,0.0,9.2,2.83,0.0
20230915:0011,0.0,0.0,0.0,9.19,2.69,0.0
20230915:0111,0.0,0.0,0.0,9.07,2.48,0.0
20230915:0211,0.0,0.0,0.0,9.02,2.21,0.0
20230915:0311,0.0,0.0,0.0,8.74,2.07,0.0
20230915:0411,0.0,0.0,0.0,8.59,1.93,0.0
20230915:0511,0.0,0.0,0.0,8.51,1.79,0.0
20230915:0611,0.0,1.85,2.58,8.38,1.72,0.0
20230915:0711,88.0,68.21,10.6,8.61,1.52,0.0
20230915:0811,313.02,200.28,18.27,9.74,1.45,0.0
20230915:0911,214.26,142.65,25.14,10.98,1.93,0.0
20230915:1011,567.62,353.05,30.69,11.93,1.52,0.0
20230915:1111,452.02,285.39,34.34,12.66,1.17,0.0
20230915:1211,489.8,309.26,35.64,13.03,0.97,0.0
20230915:1311,367.6,235.93,34.37,13.21,0.83,0.0
20230915:1411,421.32,267.53,30.74,13.11,0.9,0.0
20230915:1511,209.04,140.84,25.21,12.57,1.17,0.0
20230915:1611,110.24,81.59,18.35,11.92,1.52,0.0
20230915:1711,66.06,54.42,10.69,11.26,1.59,0.0
20230915:1811,2.22,8.34,2.67,10.68,1.52,0.0
20230915:1911,0.0,0.0,0.0,9.99,1.45,0.0
20230915:2011,0.0,0.0,0.0,9.49,1.52,0.0
20230915:2111,0.0,0.0,0.0,9.05,1.38,0.0
20230915:2211,0.0,0.0,0.0,8.85,1.45,0.0
20230915:2311,0.0,0.0,0.0,8.66,1.52,0.0
20230916:0011,0.0,0.0,0.0,8.51,1.52,0.0
20230916:0111,0.0,0.0,0.0,8.46,1.52,0.0
20230916:0211,0.0,0.0,0.0,8.38,1.31,0.0
20230916:0311,0.0,0.0,0.0,8.32,1.24,0.0
20230916:0411,0.0,0.0,0.0,8.13,1.24,0.0
20230916:0511,0.0,0.0,0.0,7.97,1.1,0.0
20230916:0611,0.0,1.85,2.31,7.6,0.97,0.0
20230916:0711,141.38,103.45,10.33,7.9,0.9,0.0
20230916:0811,384.94,241.36,17.99,8.57,1.79,0.0
20230916:0911,445.58,275.04,24.83,9.32,2.21,0.0
20230916:1011,910.34,561.1,30.35,10.18,2.41,0.0
20230916:1111,791.0,486.64,33.98,10.87,2.55,0.0
20230916:1211,600.6,370.37,35.25,11.3,2.55,0.0
20230916:1311,623.44,385.31,33.97,11.75,2.34,0.0
20230916:1411,1005.92,631.7,30.34,12.04,2.21,0.0
20230916:1511,625.34,387.2,24.82,12.06,2.0,0.0
20230916:1611,292.1,189.47,17.97,11.85,1.86,0.0
20230916:1711,210.44,153.26,10.31,11.57,1.79,0.0
20230916:1811,2.58,8.74,2.29,10.94,1.45,0.0
20230916:1911,0.0,0.0,0.0,9.91,1.45,0.0
20230916:2011,0.0,0.0,0.0,8.73,1.52,0.0
20230916:2111,0.0,0.0,0.0,7.57,1.52,0.0
20230916:2211,0.0,0.0,0.0,6.84,1.31,0.0
20230916:2311,0.0,0.0,0.0,7.09,1.1,0.0
20230917:0011,0.0,0.0,0.0,7.07,1.03,0.0
20230917:0111,0.0,0.0,0.0,6.49,1.03,0.0
20230917:0211,0.0,0.0,0.0,6.04,1.03,0.0
20230917:0311,0.0,0.0,0.0,5.5,1.03,0.0
20230917:0411,0.0,0.0,0.0,4.84,1.1,0.0
20230917:0511,0.0,0.0,0.0,4.4,1.24,0.0
20230917:0611,0.0,0.87,2.03,4.8,1.17,0.0
20230917:0711,117.98,87.68,10.05,6.3,0.48,0.0
20230917:0811,501.24,312.05,17.69,7.54,0.55,0.0
20230917:0911,923.44,576.53,24.52,8.87,0.83,0.0
20230917:1011,249.36,163.2,30.01,10.73,1.66,0.0
20230917:1111,96.8,73.24,33.61,11.67,2.76,0.0
20230917:1211,320.3,205.13,34.86,12.45,3.59,0.0
20230917:1311,102.1,76.95,33.58,13.47,3.79,0.0
20230917:1411,120.18,88.08,29.95,13.97,4.0,0.0
20230917:1511,134.16,96.42,24.43,13.59,3.24,0.0
20230917:1611,36.54,35.23,17.59,12.88,2.48,0.0
20230917:1711,29.92,30.59,9.94,12.2,2.21,0.0
20230917:1811,0.0,4.37,1.92,11.92,2.0,0.0
20230917:1911,0.0,0.0,0.0,11.87,2.07,0.0
20230917:2011,0.0,0.0,0.0,11.95,2.21,0.0
20230917:2111,0.0,0.0,0.0,12.04,2.14,0.0
20230917:2211,0.0,0.0,0.0,12.14,2.07,0.0
20230917:2311,0.0,0.0,0.0,12.2,2.07,0.0
20230918:0011,0.0,0.0,0.0,12.25,2.21,0.0
20230918:0111,0.0,0.0,0.0,12.18,2.07,0.0
20230918:0211,0.0,0.0,0.0,12.12,1.79,0.0
20230918:0311,0.0,0.0,0.0,11.96,1.66,0.0
20230918:0411,0.0,0.0,0.0,11.8,1.52,0.0
20230918:0511,0.0,0.0,0.0,11.78,1.31,0.0
20230918:0611,0.0,3.5,1.76,11.65,1.1,0.0
20230918:0711,3.98,10.2,9.77,11.67,0.34,0.0
20230918:0811,59.4,50.06,17.4,11.42,0.41,0.0
20230918:0911,47.92,42.65,24.21,11.61,1.59,0.0
20230918:1011,107.5,79.73,29.67,11.56,2.41,0.0
20230918:1111,115.28,84.37,33.25,11.56,2.97,0.0
20230918:1211,204.9,137.21,34.48,11.45,3.31,0.0
20230918:1311,313.7,200.58,33.18,11.81,3.79,0.0
20230918:1411,558.38,342.18,29.55,11.86,4.28,0.0
20230918:1511,228.2,150.36,24.04,11.46,4.28,0.0
20230918:1611,310.74,198.8,17.21,11.1,4.21,0.0
20230918:1711,164.98,121.86,9.56,10.19,3.79,0.0
20230918:1811,0.0,2.62,1.54,9.21,3.45,0.0
20230918:1911,0.0,0.0,0.0,8.85,3.38,0.0
20230918:2011,0.0,0.0,0.0,8.31,3.45,0.0
20230918:2111,0.0,0.0,0.0,8.13,3.45,0.0
20230918:2211,0.0,0.0,0.0,7.76,3.52,0.0
20230918:2311,0.0,0.0,0.0,7.65,3.79,0.0
20230919:0011,0.0,0.0,0.0,7.77,4.0,0.0
20230919:0111,0.0,0.0,0.0,7.87,4.34,0.0
20230919:0211,0.0,0.0,0.0,7.53,4.28,0.0
20230919:0311,0.0,0.0,0.0,7.38,4.07,0.0
20230919:0411,0.0,0.0,0.0,7.51,4.14,0.0
20230919:0511,0.0,0.0,0.0,7.44,4.21,0.0
20230919:0611,0.0,3.5,1.48,7.18,3.86,0.0
20230919:0711,233.68,168.7,9.49,7.76,3.86,0.0
20230919:0811,562.52,344.13,17.11,8.63,4.62,0.0
20230919:0911,146.84,101.98,23.89,9.27,5.03,0.0
20230919:1011,610.34,368.45,29.33,9.96,5.1,0.0
20230919:1111,723.74,437.33,32.88,10.69,5.17,0.0
20230919:1211,1039.08,633.72,34.09,11.01,5.17,0.0
20230919:1311,196.1,131.65,32.78,11.31,5.1,0.0
20230919:1411,80.48,63.04,29.15,11.28,5.03,0.0
20230919:1511,58.24,49.14,23.65,11.07,4.07,0.0
20230919:1611,16.06,20.4,16.82,10.81,4.07,0.0
20230919:1711,12.56,17.62,9.18,10.1,3.45,0.0
20230919:1811,0.0,0.87,1.17,9.3,2.62,0.0
20230919:1911,0.0,0.0,0.0,9.19,1.66,0.0
20230919:2011,0.0,0.0,0.0,9.02,1.59,0.0
20230919:2111,0.0,0.0,0.0,8.92,2.07,0.0
20230919:2211,0.0,0.0,0.0,8.91,2.41,0.0
20230919:2311,0.0,0.0,0.0,8.8,2.28,0.0
20230920:0011,0.0,0.0,0.0,8.83,1.59,0.0
20230920:0111,0.0,0.0,0.0,9.03,0.62,0.0
20230920:0211,0.0,0.0,0.0,9.76,0.14,0.0
20230920:0311,0.0,0.0,0.0,10.27,0.21,0.0
20230920:0411,0.0,0.0,0.0,10.58,0.34,0.0
20230920:0511,0.0,0.0,0.0,10.62,0.76,0.0
20230920:0611,0.0,0.0,0.0,11.0,1.24,0.0
20230920:0711,106.06,82.3,9.21,11.59,1.1,0.0
20230920:0811,143.76,102.13,16.81,12.6,1.03,0.0
20230920:0911,394.58,251.11,23.58,13.68,1.24,0.0
20230920:1011,490.4,308.79,28.99,15.03,2.55,0.0
20230920:1111,506.98,318.19,32.51,15.58,3.93,0.0
20230920:1211,1056.62,664.66,33.7,15.63,4.34,0.0
20230920:1311,979.26,608.63,32.39,15.59,5.24,0.0
20230920:1411,543.62,336.0,28.75,14.61,5.66,0.0
20230920:1511,644.78,394.3,23.26,13.67,5.79,0.0
20230920:1611,560.48,348.29,16.44,12.62,6.34,0.0
20230920:1711,24.88,26.89,8.8,11.03,6.83,0.0
20230920:1811,0.0,0.0,0.0,9.88,6.76,0.0
20230920:1911,0.0,0.0,0.0,9.68,7.86,0.0
20230920:2011,0.0,0.0,0.0,8.81,7.79,0.0
20230920:2111,0.0,0.0,0.0,8.28,7.17,0.0
20230920:2211,0.0,0.0,0.0,8.19,6.28,0.0
20230920:2311,0.0,0.0,0.0,8.39,5.66,0.0
20230921:0011,0.0,0.0,0.0,8.46,5.52,0.0
20230921:0111,0.0,0.0,0.0,8.58,5.52,0.0
20230921:0211,0.0,0.0,0.0,8.58,5.52,0.0
20230921:0311,0.0,0.0,0.0,8.38,5.52,0.0
20230921:0411,0.0,0.0,0.0,8.38,5.52,0.0
20230921:0511,0.0,0.0,0.0,8.43,5.59,0.0
20230921:0611,0.0,0.0,0.0,8.53,5.66,0.0
20230921:0711,41.56,38.01,8.93,9.07,6.07,0.0
20230921:0811,23.8,25.96,16.52,9.35,6.07,0.0
20230921:0911,537.1,324.56,23.26,9.81,5.86,0.0
20230921:1011,582.8,351.51,28.65,9.92,5.66,0.0
20230921:1111,298.34,189.56,32.14,9.96,5.24,0.0
20230921:1211,431.18,265.68,33.31,9.99,4.9,0.0
20230921:1311,319.3,201.91,31.99,10.09,4.55,0.0
20230921:1411,249.22,161.6,28.36,10.13,4.69,0.0
20230921:1511,235.62,153.73,22.87,10.35,4.76,0.0
20230921:1611,213.94,141.89,16.05,10.41,4.48,0.0
20230921:1711,28.96,29.67,8.42,10.09,4.62,0.0
20230921:1811,0.0,0.0,0.0,9.44,4.07,0.0
20230921:1911,0.0,0.0,0.0,9.51,3.66,0.0
20230921:2011,0.0,0.0,0.0,9.37,3.31,0.0
20230921:2111,0.0,0.0,0.0,9.12,3.03,0.0
20230921:2211,0.0,0.0,0.0,9.05,2.76,0.0
20230921:2311,0.0,0.0,0.0,9.01,2.62,0.0
20230922:0011,0.0,0.0,0.0,9.05,2.48,0.0
20230922:0111,0.0,0.0,0.0,8.95,2.48,0.0
20230922:0211,0.0,0.0,0.0,8.72,2.48,0.0
20230922:0311,0.0,0.0,0.0,8.51,2.69,0.0
20230922:0411,0.0,0.0,0.0,8.4,2.76,0.0
20230922:0511,0.0,0.0,0.0,8.38,2.76,0.0
20230922:0611,0.0,0.0,0.0,8.43,2.76,0.0
20230922:0711,45.38,40.81,8.64,8.89,2.28,0.0
20230922:0811,137.12,96.71,16.22,9.4,2.0,0.0
20230922:0911,80.74,63.04,22.95,10.11,2.14,0.0
20230922:1011,104.92,77.88,28.31,10.6,2.21,0.0
20230922:1111,106.28,78.8,31.78,10.98,2.48,0.0
20230922:1211,165.38,114.03,32.92,11.33,2.9,0.0
20230922:1311,455.8,282.78,31.59,11.27,3.17,0.0
20230922:1411,188.14,127.01,27.96,10.75,3.31,0.0
20230922:1511,205.66,136.74,22.47,10.26,3.45,0.0
20230922:1611,73.44,58.41,15.67,9.73,3.24,0.0
20230922:1711,45.26,40.82,8.04,9.24,2.97,0.0
20230922:1811,0.0,0.0,0.0,8.29,2.69,0.0
20230922:1911,0.0,0.0,0.0,8.32,2.34,0.0
20230922:2011,0.0,0.0,0.0,7.87,2.14,0.0
20230922:2111,0.0,0.0,0.0,7.67,2.21,0.0
20230922:2211,0.0,0.0,0.0,7.14,2.21,0.0
20230922:2311,0.0,0.0,0.0,6.89,2.14,0.0
20230923:0011,0.0,0.0,0.0,6.69,2.07,0.0
20230923:0111,0.0,0.0,0.0,6.46,1.86,0.0
20230923:0211,0.0,0.0,0.0,6.23,1.79,0.0
20230923:0311,0.0,0.0,0.0,5.94,1.72,0.0
20230923:0411,0.0,0.0,0.0,5.77,1.72,0.0
20230923:0511,0.0,0.0,0.0,5.59,1.79,0.0
20230923:0611,0.0,0.0,0.0,5.57,1.79,0.0
20230923:0711,180.1,131.86,8.36,5.82,1.45,0.0
20230923:0811,589.46,364.63,15.93,7.14,1.31,0.0
20230923:0911,869.14,535.12,22.63,7.96,1.24,0.0
20230923:1011,953.7,593.1,27.96,8.63,1.17,0.0
20230923:1111,705.06,433.02,31.4,9.05,1.31,0.0
20230923:1211,839.96,518.91,32.53,9.44,1.52,0.0
20230923:1311,1068.66,672.81,31.19,9.97,1.66,0.0
20230923:1411,616.68,379.01,27.56,10.23,1.72,0.0
20230923:1511,785.3,484.87,22.08,10.48,1.79,0.0
20230923:1611,225.42,149.53,15.28,10.71,2.21,0.0
20230923:1711,26.2,27.81,7.66,10.46,1.79,0.0
20230923:1811,0.0,0.0,0.0,9.64,1.86,0.0
20230923:1911,0.0,0.0,0.0,9.02,2.14,0.0
20230923:2011,0.0,0.0,0.0,8.58,2.34,0.0
20230923:2111,0.0,0.0,0.0,8.5,2.55,0.0
20230923:2211,0.0,0.0,0.0,8.56,2.41,0.0
20230923:2311,0.0,0.0,0.0,8.84,2.55,0.0
20230924:0011,0.0,0.0,0.0,9.31,2.83,0.0
20230924:0111,0.0,0.0,0.0,9.68,3.17,0.0
20230924:0211,0.0,0.0,0.0,9.78,3.45,0.0
20230924:0311,0.0,0.0,0.0,9.88,3.66,0.0
20230924:0411,0.0,0.0,0.0,10.18,3.59,0.0
20230924:0511,0.0,0.0,0.0,10.5,3.17,0.0
20230924:0611,0.0,0.0,0.0,10.68,2.83,0.0
20230924:0711,26.18,27.81,8.07,10.7,2.34,0.0
20230924:0811,156.1,108.83,15.63,11.55,2.41,0.0
20230924:0911,66.42,54.7,22.31,12.71,2.48,0.0
20230924:1011,183.6,126.09,27.62,13.84,2.83,0.0
20230924:1111,230.52,154.02,31.03,14.62,3.93,0.0
20230924:1211,238.96,159.59,32.14,15.63,4.41,0.0
20230924:1311,105.42,79.73,30.79,15.91,4.21,0.0
20230924:1411,205.84,140.13,27.16,15.75,3.79,0.0
20230924:1511,72.92,59.33,21.69,15.14,3.24,0.0
20230924:1611,125.14,91.51,14.9,14.58,2.83,0.0
20230924:1711,3.9,10.2,7.28,13.96,2.21,0.0
20230924:1811,0.0,0.0,0.0,14.11,3.59,0.0
20230924:1911,0.0,0.0,0.0,14.63,6.07,0.0
20230924:2011,0.0,0.0,0.0,14.54,6.41,0.0
20230924:2111,0.0,0.0,0.0,14.59,6.48,0.0
20230924:2211,0.0,0.0,0.0,14.4,7.38,0.0
20230924:2311,0.0,0.0,0.0,12.62,6.62,0.0
20230925:0011,0.0,0.0,0.0,11.82,5.72,0.0
20230925:0111,0.0,0.0,0.0,11.56,6.0,0.0
20230925:0211,0.0,0.0,0.0,11.65,5.72,0.0
20230925:0311,0.0,0.0,0.0,11.4,5.66,0.0
20230925:0411,0.0,0.0,0.0,11.4,5.66,0.0
20230925:0511,0.0,0.0,0.0,11.37,5.79,0.0
20230925:0611,0.0,0.0,0.0,11.62,5.45,0.0
20230925:0711,112.0,87.79,7.79,11.66,5.38,0.0
20230925:0811,512.5,319.33,15.33,12.15,5.24,0.0
20230925:0911,197.74,133.32,21.99,12.84,4.76,0.0
20230925:1011,639.12,391.2,27.27,13.34,4.97,0.0
20230925:1111,203.44,137.21,30.66,13.76,5.86,0.0
20230925:1211,475.0,294.55,31.75,13.47,5.66,0.0
20230925:1311,682.26,416.49,30.39,13.1,5.31,0.0
20230925:1411,395.84,247.89,26.76,13.36,5.79,0.0
20230925:1511,812.36,495.82,21.3,13.39,5.66,0.0
20230925:1611,464.58,293.38,14.52,13.44,5.79,0.0
20230925:1711,106.1,86.86,6.9,13.24,5.03,0.0
20230925:1811,0.0,0.0,0.0,12.64,4.28,0.0
20230925:1911,0.0,0.0,0.0,12.27,3.86,0.0
20230925:2011,0.0,0.0,0.0,12.05,3.79,0.0
20230925:2111,0.0,0.0,0.0,12.05,4.0,0.0
20230925:2211,0.0,0.0,0.0,12.52,4.28,0.0
20230925:2311,0.0,0.0,0.0,12.83,4.41,0.0
20230926:0011,0.0,0.0,0.0,12.56,4.34,0.0
20230926:0111,0.0,0.0,0.0,12.32,4.34,0.0
20230926:0211,0.0,0.0,0.0,12.08,4.48,0.0
20230926:0311,0.0,0.0,0.0,12.02,4.62,0.0
20230926:0411,0.0,0.0,0.0,11.96,4.62,0.0
20230926:0511,0.0,0.0,0.0,11.86,4.55,0.0
20230926:0611,0.0,0.0,0.0,11.78,4.48,0.0
20230926:0711,36.66,35.51,7.5,12.11,4.48,0.0
20230926:0811,43.56,39.87,15.03,12.49,4.28,0.0
20230926:0911,154.0,107.72,21.67,12.83,4.62,0.0
20230926:1011,211.5,142.02,26.92,13.39,3.93,0.0
20230926:1111,254.24,167.24,30.29,13.82,4.48,0.0
20230926:1211,71.96,58.41,31.36,13.88,3.86,0.0
20230926:1311,186.18,127.01,29.99,13.12,3.93,0.0
20230926:1411,81.36,63.97,26.36,12.79,4.9,0.0
20230926:1511,428.76,266.61,20.91,12.56,4.48,0.0
20230926:1611,345.58,222.23,14.13,12.65,3.86,0.0
20230926:1711,147.18,119.05,6.53,12.07,3.59,0.0
20230926:1811,0.0,0.0,0.0,11.39,3.66,0.0
20230926:1911,0.0,0.0,0.0,10.92,3.66,0.0
20230926:2011,0.0,0.0,0.0,10.56,3.45,0.0
20230926:2111,0.0,0.0,0.0,10.23,3.38,0.0
20230926:2211,0.0,0.0,0.0,9.88,3.1,0.0
20230926:2311,0.0,0.0,0.0,9.72,2.9,0.0
20230927:0011,0.0,0.0,0.0,9.5,2.97,0.0
20230927:0111,0.0,0.0,0.0,9.28,2.97,0.0
20230927:0211,0.0,0.0,0.0,9.06,2.9,0.0
20230927:0311,0.0,0.0,0.0,8.77,2.83,0.0
20230927:0411,0.0,0.0,0.0,8.68,2.76,0.0
20230927:0511,0.0,0.0,0.0,8.54,2.62,0.0
20230927:0611,0.0,0.0,0.0,8.33,2.34,0.0
20230927:0711,172.62,130.36,7.22,8.26,2.0,0.0
20230927:0811,259.76,168.71,14.73,9.08,1.59,0.0
20230927:0911,139.08,98.27,21.35,10.36,1.66,0.0
20230927:1011,227.82,150.82,26.58,11.55,2.21,0.0
20230927:1111,283.18,183.74,29.92,12.35,2.41,0.0
20230927:1211,189.06,128.87,30.97,13.0,2.83,0.0
20230927:1311,111.38,82.51,29.59,13.08,3.17,0.0
20230927:1411,76.86,61.19,25.97,12.5,3.03,0.0
20230927:1511,69.8,56.55,20.52,11.6,3.38,0.0
20230927:1611,53.98,46.36,13.75,10.73,3.93,0.0
20230927:1711,7.0,12.98,6.15,10.58,4.34,0.0
20230927:1811,0.0,0.0,0.0,10.75,4.21,0.0
20230927:1911,0.0,0.0,0.0,10.85,4.07,0.0
20230927:2011,0.0,0.0,0.0,11.38,3.52,0.0
20230927:2111,0.0,0.0,0.0,12.05,3.03,0.0
20230927:2211,0.0,0.0,0.0,12.48,2.55,0.0
20230927:2311,0.0,0.0,0.0,12.86,2.34,0.0
20230928:0011,0.0,0.0,0.0,13.1,2.07,0.0
20230928:0111,0.0,0.0,0.0,12.82,1.45,0.0
20230928:0211,0.0,0.0,0.0,12.6,1.59,0.0
20230928:0311,0.0,0.0,0.0,12.76,3.17,0.0
20230928:0411,0.0,0.0,0.0,12.87,4.55,0.0
20230928:0511,0.0,0.0,0.0,12.85,5.1,0.0
20230928:0611,0.0,0.0,0.0,12.55,6.0,0.0
20230928:0711,144.92,113.12,6.93,12.75,5.66,0.0
20230928:0811,308.78,198.41,14.43,12.42,6.07,0.0
20230928:0911,543.1,331.63,21.02,12.44,5.86,0.0
20230928:1011,675.86,411.42,26.23,13.05,5.52,0.0
20230928:1111,765.54,466.09,29.55,13.71,6.21,0.0
20230928:1211,233.26,155.03,30.58,14.49,6.28,0.0
20230928:1311,435.08,272.65,29.19,14.63,5.24,0.0
20230928:1411,562.3,347.37,25.57,14.52,4.76,0.0
20230928:1511,292.34,189.25,20.12,14.44,4.48,0.0
20230928:1611,79.64,63.32,13.36,14.18,4.28,0.0
20230928:1711,32.56,33.53,5.77,13.63,4.21,0.0
20230928:1811,0.0,0.0,0.0,12.93,4.0,0.0
20230928:1911,0.0,0.0,0.0,12.37,4.0,0.0
20230928:2011,0.0,0.0,0.0,12.08,4.21,0.0
20230928:2111,0.0,0.0,0.0,11.73,4.21,0.0
20230928:2211,0.0,0.0,0.0,11.56,4.07,0.0
20230928:2311,0.0,0.0,0.0,11.07,4.34,0.0
20230929:0011,0.0,0.0,0.0,10.53,4.62,0.0
20230929:0111,0.0,0.0,0.0,10.41,5.03,0.0
20230929:0211,0.0,0.0,0.0,10.4,5.24,0.0
20230929:0311,0.0,0.0,0.0,10.08,5.45,0.0
20230929:0411,0.0,0.0,0.0,9.99,5.79,0.0
20230929:0511,0.0,0.0,0.0,10.02,6.07,0.0
20230929:0611,0.0,0.0,0.0,10.19,6.28,0.0
20230929:0711,126.34,99.24,6.64,10.8,6.76,0.0
20230929:0811,417.16,260.41,14.12,11.17,6.97,0.0
20230929:0911,659.42,398.42,20.7,11.67,6.14,0.0
20230929:1011,871.4,525.11,25.88,12.01,6.62,0.0
20230929:1111,1126.22,684.34,29.17,12.31,7.1,0.0
20230929:1211,1247.7,762.88,30.19,12.69,7.52,0.0
20230929:1311,1146.86,704.71,28.79,12.69,5.86,0.0
20230929:1411,660.26,399.08,25.17,12.78,7.31,0.0
20230929:1511,547.48,333.07,19.73,12.21,7.03,0.0
20230929:1611,356.36,227.35,12.98,11.7,6.0,0.0
20230929:1711,31.32,32.46,5.39,11.29,6.55,0.0
20230929:1811,0.0,0.0,0.0,10.73,5.72,0.0
20230929:1911,0.0,0.0,0.0,10.5,5.17,0.0
20230929:2011,0.0,0.0,0.0,10.16,4.69,0.0
20230929:2111,0.0,0.0,0.0,9.93,4.28,0.0
20230929:2211,0.0,0.0,0.0,9.63,3.93,0.0
20230929:2311,0.0,0.0,0.0,9.53,3.66,0.0
20230930:0011,0.0,0.0,0.0,9.47,3.31,0.0
20230930:0111,0.0,0.0,0.0,9.15,3.03,0.0
20230930:0211,0.0,0.0,0.0,9.23,2.83,0.0
20230930:0311,0.0,0.0,0.0,9.22,2.55,0.0
20230930:0411,0.0,0.0,0.0,9.12,2.21,0.0
20230930:0511,0.0,0.0,0.0,9.13,1.93,0.0
20230930:0611,0.0,0.0,0.0,9.1,1.93,0.0
20230930:0711,44.12,40.97,6.35,9.41,1.79,0.0
20230930:0811,144.28,101.25,13.82,9.82,1.72,0.0
20230930:0911,260.64,168.68,20.38,10.43,2.28,0.0
20230930:1011,361.34,227.76,25.53,11.07,2.14,0.0
20230930:1111,286.42,185.3,28.8,11.7,1.93,0.0
20230930:1211,293.48,189.9,29.8,12.32,2.07,0.0
20230930:1311,242.04,159.99,28.4,12.81,2.48,0.0
20230930:1411,94.58,72.31,24.78,13.06,2.48,0.0
20230930:1511,152.5,107.23,19.35,12.89,1.72,0.0
20230930:1611,32.5,32.45,12.6,12.65,1.86,0.0
20230930:1711,1.38,7.42,5.02,12.03,1.79,0.0
20230930:1811,0.0,0.0,0.0,11.13,2.0,0.0
20230930:1911,0.0,0.0,0.0,11.22,2.14,0.0
20230930:2011,0.0,0.0,0.0,10.88,2.28,0.0
20230930:2111,0.0,0.0,0.0,10.43,2.21,0.0
20230930:2211,0.0,0.0,0.0,10.31,2.48,0.0
20230930:2311,0.0,0.0,0.0,10.44,2.69,0.0
20231001:0011,0.0,0.0,0.0,10.57,2.83,0.0
20231001:0111,0.0,0.0,0.0,10.78,2.76,0.0
20231001:0211,0.0,0.0,0.0,11.02,2.69,0.0
20231001:0311,0.0,0.0,0.0,11.25,2.55,0.0
20231001:0411,0.0,0.0,0.0,11.55,2.9,0.0
20231001:0511,0.0,0.0,0.0,11.9,3.1,0.0
20231001:0611,0.0,0.0,0.0,12.07,2.9,0.0
20231001:0711,20.82,24.1,6.06,12.42,2.69,0.0
20231001:0811,10.08,15.76,13.52,12.88,3.03,0.0
20231001:0911,478.34,297.49,20.05,13.37,3.38,0.0
20231001:1011,201.06,135.93,25.18,13.68,4.14,0.0
20231001:1111,1014.12,627.98,28.43,13.51,4.34,0.0
20231001:1211,1114.76,696.32,29.41,13.82,4.34,0.0
20231001:1311,1124.0,701.6,28.0,14.04,4.55,0.0
20231001:1411,939.66,577.7,24.38,14.01,5.03,0.0
20231001:1511,733.66,450.45,18.96,13.66,4.69,0.0
20231001:1611,382.32,246.66,12.22,13.17,3.52,0.0
20231001:1711,41.96,42.46,4.65,12.55,3.45,0.0
20231001:1811,0.0,0.0,0.0,11.68,3.17,0.0
20231001:1911,0.0,0.0,0.0,11.38,3.03,0.0
20231001:2011,0.0,0.0,0.0,10.87,3.03,0.0
20231001:2111,0.0,0.0,0.0,10.63,3.03,0.0
20231001:2211,0.0,0.0,0.0,10.21,2.97,0.0
20231001:2311,0.0,0.0,0.0,10.05,2.97,0.0
20231002:0011,0.0,0.0,0.0,9.95,3.1,0.0
20231002:0111,0.0,0.0,0.0,10.04,3.31,0.0
20231002:0211,0.0,0.0,0.0,9.95,3.52,0.0
20231002:0311,0.0,0.0,0.0,9.93,3.66,0.0
20231002:0411,0.0,0.0,0.0,9.82,3.86,0.0
20231002:0511,0.0,0.0,0.0,9.73,4.07,0.0
20231002:0611,0.0,0.0,0.0,9.52,4.14,0.0
20231002:0711,146.52,114.87,5.77,9.56,4.21,0.0
20231002:0811,458.94,285.93,13.21,10.17,4.48,0.0
20231002:0911,684.56,412.33,19.73,10.78,5.66,0.0
20231002:1011,1024.96,618.96,24.83,11.35,6.34,0.0
20231002:1111,462.44,284.0,28.06,11.87,6.55,0.0
20231002:1211,649.1,392.92,29.02,12.2,6.55,0.0
20231002:1311,809.76,489.24,27.6,12.08,6.07,0.0
20231002:1411,201.54,135.08,23.99,12.18,5.66,0.0
20231002:1511,146.32,102.72,18.57,11.92,4.83,0.0
20231002:1611,340.18,219.07,11.84,11.58,4.55,0.0
20231002:1711,6.96,12.98,4.27,11.17,4.34,0.0
20231002:1811,0.0,0.0,0.0,10.52,3.79,0.0
20231002:1911,0.0,0.0,0.0,10.15,3.93,0.0
20231002:2011,0.0,0.0,0.0,9.74,3.72,0.0
20231002:2111,0.0,0.0,0.0,9.77,3.93,0.0
20231002:2211,0.0,0.0,0.0,9.61,4.0,0.0
20231002:2311,0.0,0.0,0.0,9.54,4.07,0.0
20231003:0011,0.0,0.0,0.0,9.4,4.21,0.0
20231003:0111,0.0,0.0,0.0,9.43,4.28,0.0
20231003:0211,0.0,0.0,0.0,9.3,4.41,0.0
20231003:0311,0.0,0.0,0.0,9.5,4.69,0.0
20231003:0411,0.0,0.0,0.0,9.6,4.76,0.0
20231003:0511,0.0,0.0,0.0,9.49,4.41,0.0
20231003:0611,0.0,0.0,0.0,9.12,4.0,0.0
20231003:0711,99.86,83.02,5.48,9.52,4.07,0.0
20231003:0811,556.98,345.4,12.91,9.77,3.93,0.0
20231003:0911,297.92,189.0,19.4,10.19,4.07,0.0
20231003:1011,758.1,456.17,24.49,10.33,4.9,0.0
20231003:1111,803.58,484.96,27.68,10.76,4.97,0.0
20231003:1211,854.24,516.58,28.63,10.98,5.03,0.0
20231003:1311,439.7,270.59,27.21,10.99,5.31,0.0
20231003:1411,319.06,201.39,23.59,11.01,5.52,0.0
20231003:1511,379.58,235.66,18.18,10.82,5.38,0.0
20231003:1611,161.68,112.0,11.47,10.55,5.38,0.0
20231003:1711,37.54,39.94,3.9,10.13,4.34,0.0
20231003:1811,0.0,0.0,0.0,9.48,3.93,0.0
20231003:1911,0.0,0.0,0.0,9.41,3.72,0.0
20231003:2011,0.0,0.0,0.0,9.23,3.93,0.0
20231003:2111,0.0,0.0,0.0,9.15,3.59,0.0
20231003:2211,0.0,0.0,0.0,9.01,3.38,0.0
20231003:2311,0.0,0.0,0.0,9.13,3.45,0.0
20231004:0011,0.0,0.0,0.0,9.2,3.66,0.0
20231004:0111,0.0,0.0,0.0,9.26,3.79,0.0
20231004:0211,0.0,0.0,0.0,9.42,3.93,0.0
20231004:0311,0.0,0.0,0.0,9.62,4.07,0.0
20231004:0411,0.0,0.0,0.0,9.79,4.34,0.0
20231004:0511,0.0,0.0,0.0,9.9,4.14,0.0
20231004:0611,0.0,0.0,0.0,10.07,3.66,0.0
20231004:0711,2.22,8.34,5.19,10.33,3.86,0.0
20231004:0811,21.06,24.1,12.6,10.56,3.86,0.0
20231004:0911,34.26,33.38,19.08,10.62,4.0,0.0
20231004:1011,92.94,70.46,24.14,10.38,3.86,0.0
20231004:1111,251.0,162.74,27.31,10.11,3.86,0.0
20231004:1211,604.26,365.76,28.24,10.46,4.76,0.0
20231004:1311,351.3,220.36,26.81,10.82,4.48,0.0
20231004:1411,811.54,491.26,23.2,11.11,4.55,0.0
20231004:1511,265.16,170.99,17.8,11.18,4.34,0.0
20231004:1611,185.2,126.53,11.09,10.69,3.52,0.0
20231004:1711,8.08,13.91,3.53,10.06,3.24,0.0
20231004:1811,0.0,0.0,0.0,9.31,2.9,0.0
20231004:1911,0.0,0.0,0.0,9.07,3.17,0.0
20231004:2011,0.0,0.0,0.0,8.86,2.97,0.0
20231004:2111,0.0,0.0,0.0,8.35,2.83,0.0
20231004:2211,0.0,0.0,0.0,8.12,2.62,0.0
20231004:2311,0.0,0.0,0.0,8.09,2.62,0.0
20231005:0011,0.0,0.0,0.0,8.08,2.62,0.0
20231005:0111,0.0,0.0,0.0,8.13,2.48,0.0
20231005:0211,0.0,0.0,0.0,8.17,2.41,0.0
20231005:0311,0.0,0.0,0.0,8.06,2.41,0.0
20231005:0411,0.0,0.0,0.0,8.06,2.28,0.0
20231005:0511,0.0,0.0,0.0,8.1,2.0,0.0
20231005:0611,0.0,0.0,0.0,8.17,1.79,0.0
20231005:0711,23.48,26.12,4.9,7.58,1.79,0.0
20231005:0811,74.8,58.98,12.3,8.11,1.31,0.0
20231005:0911,114.74,83.44,18.75,9.24,1.17,0.0
20231005:1011,91.34,69.53,23.79,9.9,1.24,0.0
20231005:1111,59.68,50.06,26.94,10.66,1.24,0.0
20231005:1211,141.7,100.13,27.86,10.93,1.24,0.0
20231005:1311,87.78,67.68,26.42,11.24,1.86,0.0
20231005:1411,49.44,43.57,22.81,11.4,2.41,0.0
20231005:1511,428.88,266.68,17.42,11.59,3.03,0.0
20231005:1611,79.18,62.58,10.71,11.84,3.52,0.0
20231005:1711,9.8,16.4,3.16,12.01,3.72,0.0
20231005:1811,0.0,0.0,0.0,12.27,3.66,0.0
20231005:1911,0.0,0.0,0.0,13.43,4.28,0.0
20231005:2011,0.0,0.0,0.0,13.73,4.76,0.0
20231005:2111,0.0,0.0,0.0,13.46,5.17,0.0
20231005:2211,0.0,0.0,0.0,13.05,5.45,0.0
20231005:2311,0.0,0.0,0.0,12.79,5.72,0.0
20231006:0011,0.0,0.0,0.0,12.56,6.07,0.0
20231006:0111,0.0,0.0,0.0,12.43,6.41,0.0
20231006:0211,0.0,0.0,0.0,12.28,6.69,0.0
20231006:0311,0.0,0.0,0.0,12.11,6.9,0.0
20231006:0411,0.0,0.0,0.0,11.98,6.97,0.0
20231006:0511,0.0,0.0,0.0,11.92,6.76,0.0
20231006:0611,0.0,0.0,0.0,11.83,6.55,0.0
20231006:0711,89.7,78.18,4.61,12.0,6.48,0.0
20231006:0811,530.78,330.42,11.99,11.96,6.62,0.0
20231006:0911,484.82,296.9,18.42,12.21,6.21,0.0
20231006:1011,711.4,429.43,23.44,12.54,6.55,0.0
20231006:1111,708.0,428.24,26.57,12.65,6.41,0.0
20231006:1211,223.34,148.15,27.47,13.07,6.62,0.0
20231006:1311,142.64,101.05,26.03,13.02,5.17,0.0
20231006:1411,144.2,101.98,22.42,12.69,3.86,0.0
20231006:1511,198.54,133.73,17.04,12.42,2.76,0.0
20231006:1611,17.16,21.32,10.34,11.92,2.0,0.0
20231006:1711,1.38,7.42,2.8,11.23,2.07,0.0
20231006:1811,0.0,0.0,0.0,10.49,2.28,0.0
20231006:1911,0.0,0.0,0.0,9.9,2.55,0.0
20231006:2011,0.0,0.0,0.0,9.14,2.14,0.0
20231006:2111,0.0,0.0,0.0,8.83,2.0,0.0
20231006:2211,0.0,0.0,0.0,8.57,2.14,0.0
20231006:2311,0.0,0.0,0.0,8.42,2.34,0.0
20231007:0011,0.0,0.0,0.0,8.33,2.41,0.0
20231007:0111,0.0,0.0,0.0,8.26,2.62,0.0
20231007:0211,0.0,0.0,0.0,8.17,2.9,0.0
20231007:0311,0.0,0.0,0.0,7.99,2.97,0.0
20231007:0411,0.0,0.0,0.0,7.79,3.17,0.0
20231007:0511,0.0,0.0,0.0,7.56,3.59,0.0
20231007:0611,0.0,0.0,0.0,7.19,3.72,0.0
20231007:0711,7.14,12.98,4.31,7.67,3.93,0.0
20231007:0811,60.86,50.06,11.69,7.26,3.86,0.0
20231007:0911,22.8,25.03,18.1,6.83,3.86,0.0
20231007:1011,29.54,29.67,23.09,6.3,3.93,0.0
20231007:1111,220.78,142.65,26.2,5.61,3.79,0.0
20231007:1211,82.98,63.04,27.09,4.89,3.59,0.0
20231007:1311,97.22,71.39,25.64,4.45,3.24,0.0
20231007:1411,70.8,55.63,22.03,4.44,2.9,0.0
20231007:1511,63.12,50.99,16.66,4.64,2.62,0.0
20231007:1611,40.96,37.08,9.97,4.89,2.48,0.0
20231007:1711,0.0,4.37,2.43,4.99,2.07,0.0
20231007:1811,0.0,0.0,0.0,5.09,1.86,0.0
20231007:1911,0.0,0.0,0.0,6.26,2.55,0.0
20231007:2011,0.0,0.0,0.0,6.32,2.9,0.0
20231007:2111,0.0,0.0,0.0,6.21,2.83,0.0
20231007:2211,0.0,0.0,0.0,6.14,2.55,0.0
20231007:2311,0.0,0.0,0.0,6.08,2.55,0.0
20231008:0011,0.0,0.0,0.0,6.01,2.34,0.0
20231008:0111,0.0,0.0,0.0,6.11,2.21,0.0
20231008:0211,0.0,0.0,0.0,6.16,2.28,0.0
20231008:0311,0.0,0.0,0.0,6.29,2.28,0.0
20231008:0411,0.0,0.0,0.0,6.43,2.34,0.0
20231008:0511,0.0,0.0,0.0,6.63,2.28,0.0
20231008:0611,0.0,0.0,0.0,6.84,1.86,0.0
20231008:0711,0.68,6.49,4.02,7.61,1.59,0.0
20231008:0811,22.64,25.03,11.38,8.0,2.34,0.0
20231008:0911,20.0,23.18,17.77,8.55,2.55,0.0
20231008:1011,67.62,54.7,22.74,9.08,2.0,0.0
20231008:1111,91.5,69.53,25.83,9.7,1.72,0.0
20231008:1211,125.08,89.93,26.7,10.36,1.72,0.0
20231008:1311,39.7,37.08,25.25,10.66,1.52,0.0
20231008:1411,90.92,69.53,21.65,10.87,1.38,0.0
20231008:1511,14.82,19.47,16.28,11.07,1.66,0.0
20231008:1611,3.98,10.2,9.6,11.29,2.28,0.0
20231008:1711,0.0,5.25,2.07,11.52,2.76,0.0
20231008:1811,0.0,0.0,0.0,11.84,2.9,0.0
20231008:1911,0.0,0.0,0.0,11.6,2.14,0.0
20231008:2011,0.0,0.0,0.0,11.77,2.14,0.0
20231008:2111,0.0,0.0,0.0,11.95,2.0,0.0
20231008:2211,0.0,0.0,0.0,12.04,1.86,0.0
20231008:2311,0.0,0.0,0.0,12.1,1.79,0.0
20231009:0011,0.0,0.0,0.0,12.04,1.66,0.0
20231009:0111,0.0,0.0,0.0,11.97,1.59,0.0
20231009:0211,0.0,0.0,0.0,11.94,1.66,0.0
20231009:0311,0.0,0.0,0.0,11.8,1.79,0.0
20231009:0411,0.0,0.0,0.0,11.49,1.93,0.0
20231009:0511,0.0,0.0,0.0,11.06,1.93,0.0
20231009:0611,0.0,0.0,0.0,10.56,1.72,0.0
20231009:0711,46.84,46.62,3.73,10.62,1.24,0.0
20231009:0811,201.18,135.94,11.07,10.65,1.17,0.0
20231009:0911,475.86,294.62,17.45,10.77,1.66,0.0
20231009:1011,495.96,306.01,22.39,11.06,2.07,0.0
20231009:1111,942.98,584.13,25.46,11.39,2.48,0.0
20231009:1211,582.84,357.94,26.32,11.64,2.76,0.0
20231009:1311,260.32,169.51,24.86,11.94,3.03,0.0
20231009:1411,1039.2,648.04,21.27,12.23,2.9,0.0
20231009:1511,701.68,433.01,15.9,12.35,2.9,0.0
20231009:1611,81.46,64.39,9.24,12.3,2.83,0.0
20231009:1711,0.0,2.62,1.71,11.76,2.07,0.0
20231009:1811,0.0,0.0,0.0,11.29,2.21,0.0
20231009:1911,0.0,0.0,0.0,11.58,2.41,0.0
20231009:2011,0.0,0.0,0.0,11.69,2.21,0.0
20231009:2111,0.0,0.0,0.0,11.97,2.41,0.0
20231009:2211,0.0,0.0,0.0,12.73,3.03,0.0
20231009:2311,0.0,0.0,0.0,13.24,3.52,0.0
20231010:0011,0.0,0.0,0.0,13.58,3.72,0.0
20231010:0111,0.0,0.0,0.0,13.79,3.93,0.0
20231010:0211,0.0,0.0,0.0,13.8,4.28,0.0
20231010:0311,0.0,0.0,0.0,13.6,4.76,0.0
20231010:0411,0.0,0.0,0.0,13.31,5.1,0.0
20231010:0511,0.0,0.0,0.0,12.99,5.31,0.0
20231010:0611,0.0,0.0,0.0,12.75,5.1,0.0
20231010:0711,44.18,45.64,3.44,13.2,5.31,0.0
20231010:0811,296.0,192.96,10.77,13.72,6.21,0.0
20231010:0911,39.14,37.08,17.12,13.93,6.62,0.0
20231010:1011,111.1,82.51,22.04,14.26,6.76,0.0
20231010:1111,479.68,296.59,25.09,14.58,6.83,0.0
20231010:1211,548.98,337.73,25.94,14.89,6.62,0.0
20231010:1311,182.72,125.63,24.48,15.21,6.48,0.0
20231010:1411,55.66,48.21,20.88,15.19,6.14,0.0
20231010:1511,107.16,80.39,15.53,15.05,5.59,0.0
20231010:1611,157.38,112.2,8.87,14.14,5.24,0.0
20231010:1711,0.0,0.87,1.35,12.78,4.9,0.0
20231010:1811,0.0,0.0,0.0,11.54,4.83,0.0
20231010:1911,0.0,0.0,0.0,10.7,4.55,0.0
20231010:2011,0.0,0.0,0.0,9.83,4.69,0.0
20231010:2111,0.0,0.0,0.0,8.78,4.83,0.0
20231010:2211,0.0,0.0,0.0,8.06,4.69,0.0
20231010:2311,0.0,0.0,0.0,7.67,4.76,0.0
20231011:0011,0.0,0.0,0.0,7.46,4.76,0.0
20231011:0111,0.0,0.0,0.0,7.33,4.97,0.0
20231011:0211,0.0,0.0,0.0,7.02,5.24,0.0
20231011:0311,0.0,0.0,0.0,6.56,5.31,0.0
20231011:0411,0.0,0.0,0.0,6.22,5.38,0.0
20231011:0511,0.0,0.0,0.0,6.05,5.59,0.0
20231011:0611,0.0,0.0,0.0,6.03,5.52,0.0
20231011:0711,1.48,7.42,3.15,6.06,5.24,0.0
20231011:0811,410.26,253.19,10.46,6.31,5.45,0.0
20231011:0911,562.06,333.85,16.79,6.93,6.07,0.0
20231011:1011,993.98,585.3,21.69,7.39,7.1,0.0
20231011:1111,1066.2,631.63,24.73,8.15,7.24,0.0
20231011:1211,1313.92,790.8,25.56,8.5,7.03,0.0
20231011:1311,476.58,287.1,24.09,9.3,8.34,0.0
20231011:1411,329.52,204.93,20.5,9.4,7.38,0.0
20231011:1511,63.26,51.92,15.16,9.38,6.69,0.0
20231011:1611,199.86,135.49,8.51,9.12,5.03,0.0
20231011:1711,0.0,0.0,0.0,8.59,4.14,0.0
20231011:1811,0.0,0.0,0.0,8.04,3.66,0.0
20231011:1911,0.0,0.0,0.0,8.05,3.52,0.0
20231011:2011,0.0,0.0,0.0,7.67,3.1,0.0
20231011:2111,0.0,0.0,0.0,7.3,2.9,0.0
20231011:2211,0.0,0.0,0.0,6.75,2.55,0.0
20231011:2311,0.0,0.0,0.0,6.28,2.34,0.0
20231012:0011,0.0,0.0,0.0,5.85,2.28,0.0
20231012:0111,0.0,0.0,0.0,5.33,1.86,0.0
20231012:0211,0.0,0.0,0.0,4.86,1.79,0.0
20231012:0311,0.0,0.0,0.0,4.53,2.0,0.0
20231012:0411,0.0,0.0,0.0,4.44,2.14,0.0
20231012:0511,0.0,0.0,0.0,4.43,2.14,0.0
20231012:0611,0.0,0.0,0.0,4.47,2.21,0.0
20231012:0711,23.28,28.01,2.85,5.29,2.41,0.0
20231012:0811,194.58,129.33,10.15,6.23,2.76,0.0
20231012:0911,564.52,339.94,16.47,7.35,2.9,0.0
20231012:1011,602.56,361.7,21.35,8.63,4.07,0.0
20231012:1111,726.08,435.82,24.36,9.24,4.28,0.0
20231012:1211,439.28,269.21,25.18,9.63,4.21,0.0
20231012:1311,199.46,132.74,23.71,9.75,4.14,0.0
20231012:1411,153.84,106.29,20.13,9.89,4.69,0.0
20231012:1511,197.08,130.92,14.79,9.69,4.62,0.0
20231012:1611,6.02,12.05,8.15,9.27,4.62,0.0
20231012:1711,0.0,0.0,0.0,8.69,4.55,0.0
20231012:1811,0.0,0.0,0.0,8.24,4.55,0.0
20231012:1911,0.0,0.0,0.0,7.93,4.69,0.0
20231012:2011,0.0,0.0,0.0,7.86,4.76,0.0
20231012:2111,0.0,0.0,0.0,7.85,4.9,0.0
20231012:2211,0.0,0.0,0.0,7.9,5.03,0.0
20231012:2311,0.0,0.0,0.0,8.0,5.1,0.0
20231013:0011,0.0,0.0,0.0,8.07,5.17,0.0
20231013:0111,0.0,0.0,0.0,8.39,5.24,0.0
20231013:0211,0.0,0.0,0.0,8.62,4.83,0.0
20231013:0311,0.0,0.0,0.0,8.55,4.14,0.0
20231013:0411,0.0,0.0,0.0,8.17,4.0,0.0
20231013:0511,0.0,0.0,0.0,7.6,4.14,0.0
20231013:0611,0.0,0.0,0.0,7.07,4.28,0.0
20231013:0711,5.38,11.37,2.56,6.62,4.34,0.0
20231013:0811,251.88,162.34,9.85,6.62,4.83,0.0
20231013:0911,781.44,463.69,16.14,7.01,4.97,0.0
20231013:1011,1142.64,680.41,21.0,7.43,6.21,0.0
20231013:1111,245.04,156.9,23.99,7.63,6.48,0.0
20231013:1211,691.52,409.2,24.8,8.03,6.48,0.0
20231013:1311,831.1,491.01,23.33,7.98,6.34,0.0
20231013:1411,457.7,275.31,19.75,8.08,6.9,0.0
20231013:1511,722.78,429.77,14.42,8.11,6.62,0.0
20231013:1611,9.3,14.83,7.79,7.65,5.79,0.0
20231013:1711,0.0,0.0,0.0,6.99,6.0,0.0
20231013:1811,0.0,0.0,0.0,6.36,5.72,0.0
20231013:1911,0.0,0.0,0.0,5.97,5.52,0.0
20231013:2011,0.0,0.0,0.0,5.74,5.24,0.0
20231013:2111,0.0,0.0,0.0,5.47,4.97,0.0
20231013:2211,0.0,0.0,0.0,5.13,4.9,0.0
20231013:2311,0.0,0.0,0.0,4.92,5.03,0.0
20231014:0011,0.0,0.0,0.0,4.53,4.76,0.0
20231014:0111,0.0,0.0,0.0,4.22,4.55,0.0
20231014:0211,0.0,0.0,0.0,4.11,4.69,0.0
20231014:0311,0.0,0.0,0.0,3.95,4.83,0.0
20231014:0411,0.0,0.0,0.0,3.63,4.9,0.0
20231014:0511,0.0,0.0,0.0,3.52,4.83,0.0
20231014:0611,0.0,0.0,0.0,3.38,4.69,0.0
20231014:0711,0.44,6.12,2.27,3.57,4.21,0.0
20231014:0811,208.02,135.56,9.54,3.76,4.21,0.0
20231014:0911,230.12,146.09,15.82,4.09,5.24,0.0
20231014:1011,232.42,147.72,20.66,4.39,5.66,0.0
20231014:1111,341.06,208.22,23.63,4.69,5.31,0.0
20231014:1211,1012.44,596.51,24.43,5.12,5.24,0.0
20231014:1311,89.18,66.75,22.95,5.18,4.9,0.0
20231014:1411,1046.02,618.87,19.38,4.61,4.48,0.0
20231014:1511,163.98,109.6,14.06,4.57,4.48,0.0
20231014:1611,43.3,38.58,7.44,3.91,4.07,0.0
20231014:1711,0.0,0.0,0.0,3.23,3.93,0.0
20231014:1811,0.0,0.0,0.0,2.48,3.24,0.0
20231014:1911,0.0,0.0,0.0,2.43,3.38,0.0
20231014:2011,0.0,0.0,0.0,2.01,3.1,0.0
20231014:2111,0.0,0.0,0.0,1.84,3.03,0.0
20231014:2211,0.0,0.0,0.0,1.65,2.9,0.0
20231014:2311,0.0,0.0,0.0,1.62,2.83,0.0
20231015:0011,0.0,0.0,0.0,1.76,2.83,0.0
20231015:0111,0.0,0.0,0.0,2.12,2.69,0.0
20231015:0211,0.0,0.0,0.0,2.21,2.62,0.0
20231015:0311,0.0,0.0,0.0,2.6,2.83,0.0
20231015:0411,0.0,0.0,0.0,3.01,2.83,0.0
20231015:0511,0.0,0.0,0.0,3.32,2.76,0.0
20231015:0611,0.0,0.0,0.0,3.74,2.62,0.0
20231015:0711,0.0,2.62,1.98,4.15,2.69,0.0
20231015:0811,87.02,65.69,9.23,4.9,3.03,0.0
20231015:0911,46.58,40.79,15.49,5.61,3.52,0.0
20231015:1011,215.7,139.74,20.31,6.13,3.93,0.0
20231015:1111,185.3,122.98,23.27,6.63,4.28,0.0
20231015:1211,262.08,166.81,24.05,7.12,3.59,0.0
20231015:1311,325.02,202.19,22.58,7.44,3.72,0.0
20231015:1411,275.8,174.43,19.01,7.48,3.31,0.0
20231015:1511,113.2,81.63,13.7,7.4,3.24,0.0
20231015:1611,44.26,39.68,7.09,6.95,2.69,0.0
20231015:1711,0.0,0.0,0.0,6.51,2.34,0.0
20231015:1811,0.0,0.0,0.0,6.09,2.21,0.0
20231015:1911,0.0,0.0,0.0,5.96,2.41,0.0
20231015:2011,0.0,0.0,0.0,5.68,2.34,0.0
20231015:2111,0.0,0.0,0.0,5.35,2.34,0.0
20231015:2211,0.0,0.0,0.0,4.91,2.28,0.0
20231015:2311,0.0,0.0,0.0,4.51,2.34,0.0
20231016:0011,0.0,0.0,0.0,4.25,2.34,0.0
20231016:0111,0.0,0.0,0.0,4.02,2.28,0.0
20231016:0211,0.0,0.0,0.0,3.9,2.28,0.0
20231016:0311,0.0,0.0,0.0,3.84,2.21,0.0
20231016:0411,0.0,0.0,0.0,3.74,2.14,0.0
20231016:0511,0.0,0.0,0.0,3.74,2.07,0.0
20231016:0611,0.0,0.0,0.0,3.84,2.07,0.0
20231016:0711,0.0,3.5,1.68,3.58,2.14,0.0
20231016:0811,362.38,226.16,8.93,4.14,2.07,0.0
20231016:0911,768.98,460.95,15.17,5.49,2.21,0.0
20231016:1011,1052.08,636.64,19.97,6.9,3.17,0.0
20231016:1111,195.18,129.24,22.91,7.67,3.59,0.0
20231016:1211,336.4,209.58,23.68,8.14,3.24,0.0
20231016:1311,379.26,234.08,22.21,8.4,3.03,0.0
20231016:1411,280.2,177.69,18.64,8.61,3.24,0.0
20231016:1511,191.4,127.34,13.34,8.53,2.83,0.0
20231016:1611,94.1,72.0,6.74,8.13,2.28,0.0
20231016:1711,0.0,0.0,0.0,7.37,2.14,0.0
20231016:1811,0.0,0.0,0.0,6.67,2.0,0.0
20231016:1911,0.0,0.0,0.0,6.5,2.21,0.0
20231016:2011,0.0,0.0,0.0,6.05,2.28,0.0
20231016:2111,0.0,0.0,0.0,5.43,2.28,0.0
20231016:2211,0.0,0.0,0.0,4.79,2.21,0.0
20231016:2311,0.0,0.0,0.0,4.16,2.07,0.0
20231017:0011,0.0,0.0,0.0,3.69,2.07,0.0
20231017:0111,0.0,0.0,0.0,3.24,2.14,0.0
20231017:0211,0.0,0.0,0.0,2.82,2.07,0.0
20231017:0311,0.0,0.0,0.0,2.28,2.07,0.0
20231017:0411,0.0,0.0,0.0,1.76,2.0,0.0
20231017:0511,0.0,0.0,0.0,1.13,1.93,0.0
20231017:0611,0.0,0.0,0.0,0.39,1.72,0.0
20231017:0711,0.0,1.75,1.39,0.43,1.72,0.0
20231017:0811,371.68,229.68,8.62,1.55,1.45,0.0
20231017:0911,809.52,484.42,14.85,3.09,1.31,0.0
20231017:1011,1078.06,663.46,19.63,4.66,1.1,0.0
20231017:1111,1187.44,753.2,22.55,6.29,0.69,0.0
20231017:1211,1181.64,759.83,23.31,7.71,0.41,0.0
20231017:1311,1143.26,731.32,21.84,8.83,0.69,0.0
20231017:1411,796.6,490.36,18.28,9.5,1.24,0.0
20231017:1511,619.96,381.8,12.99,9.7,1.59,0.0
20231017:1611,76.84,61.59,6.39,9.2,1.24,0.0
20231017:1711,0.0,0.0,0.0,7.8,1.52,0.0
20231017:1811,0.0,0.0,0.0,5.65,1.52,0.0
20231017:1911,0.0,0.0,0.0,4.12,1.52,0.0
20231017:2011,0.0,0.0,0.0,3.82,1.38,0.0
20231017:2111,0.0,0.0,0.0,3.19,1.45,0.0
20231017:2211,0.0,0.0,0.0,3.04,1.38,0.0
20231017:2311,0.0,0.0,0.0,3.41,1.38,0.0
20231018:0011,0.0,0.0,0.0,3.79,1.52,0.0
20231018:0111,0.0,0.0,0.0,4.19,1.59,0.0
20231018:0211,0.0,0.0,0.0,4.86,1.66,0.0
20231018:0311,0.0,0.0,0.0,5.31,1.66,0.0
20231018:0411,0.0,0.0,0.0,5.73,1.79,0.0
20231018:0511,0.0,0.0,0.0,6.07,2.0,0.0
20231018:0611,0.0,0.0,0.0,6.56,2.07,0.0
20231018:0711,0.0,0.0,0.0,7.97,3.17,0.0
20231018:0811,31.9,31.52,8.32,8.49,3.52,0.0
20231018:0911,23.82,25.96,14.52,8.96,3.86,0.0
20231018:1011,110.42,80.66,19.28,9.43,4.14,0.0
20231018:1111,444.2,272.32,22.19,9.93,3.59,0.0
20231018:1211,437.66,269.13,22.95,10.34,3.66,0.0
20231018:1311,291.42,185.6,21.47,10.66,4.0,0.0
20231018:1411,89.7,68.61,17.91,10.81,4.07,0.0
20231018:1511,455.26,280.45,12.63,10.61,4.0,0.0
20231018:1611,50.46,44.6,6.05,10.17,4.14,0.0
20231018:1711,0.0,0.0,0.0,9.64,4.0,0.0
20231018:1811,0.0,0.0,0.0,9.16,3.93,0.0
20231018:1911,0.0,0.0,0.0,8.95,3.93,0.0
20231018:2011,0.0,0.0,0.0,8.73,3.93,0.0
20231018:2111,0.0,0.0,0.0,8.64,4.0,0.0
20231018:2211,0.0,0.0,0.0,8.45,4.0,0.0
20231018:2311,0.0,0.0,0.0,8.42,3.86,0.0
20231019:0011,0.0,0.0,0.0,8.47,4.0,0.0
20231019:0111,0.0,0.0,0.0,8.57,4.14,0.0
20231019:0211,0.0,0.0,0.0,8.75,4.28,0.0
20231019:0311,0.0,0.0,0.0,8.93,4.55,0.0
20231019:0411,0.0,0.0,0.0,8.87,4.9,0.0
20231019:0511,0.0,0.0,0.0,8.86,5.1,0.0
20231019:0611,0.0,0.0,0.0,8.86,5.31,0.0
20231019:0711,0.0,0.0,0.0,8.94,5.66,0.0
20231019:0811,4.06,10.2,8.01,9.0,5.86,0.0
20231019:0911,23.82,25.96,14.2,9.18,5.86,0.0
20231019:1011,21.2,24.1,18.94,9.39,5.45,0.0
20231019:1111,170.5,115.68,21.84,9.56,5.93,0.0
20231019:1211,31.8,31.52,22.58,9.26,7.17,0.0
20231019:1311,99.84,74.17,21.1,9.33,7.24,0.0
20231019:1411,34.52,33.38,17.56,9.36,6.9,0.0
20231019:1511,22.48,25.03,12.29,9.47,6.62,0.0
20231019:1611,0.0,5.56,5.71,9.4,6.34,0.0
20231019:1711,0.0,0.0,0.0,9.3,6.14,0.0
20231019:1811,0.0,0.0,0.0,9.24,6.07,0.0
20231019:1911,0.0,0.0,0.0,9.01,6.21,0.0
20231019:2011,0.0,0.0,0.0,9.04,6.14,0.0
20231019:2111,0.0,0.0,0.0,8.99,6.07,0.0
20231019:2211,0.0,0.0,0.0,8.96,6.07,0.0
20231019:2311,0.0,0.0,0.0,8.86,6.14,0.0
20231020:0011,0.0,0.0,0.0,8.58,6.0,0.0
20231020:0111,0.0,0.0,0.0,8.19,5.93,0.0
20231020:0211,0.0,0.0,0.0,7.85,5.93,0.0
20231020:0311,0.0,0.0,0.0,7.51,5.79,0.0
20231020:0411,0.0,0.0,0.0,7.16,5.66,0.0
20231020:0511,0.0,0.0,0.0,6.89,5.52,0.0
20231020:0611,0.0,0.0,0.0,6.71,5.38,0.0
20231020:0711,0.0,0.0,0.0,6.64,5.45,0.0
20231020:0811,3.2,9.27,7.71,6.4,5.52,0.0
20231020:0911,36.48,34.3,13.88,6.32,5.72,0.0
20231020:1011,171.88,114.84,18.61,6.35,5.59,0.0
20231020:1111,286.48,178.93,21.48,6.3,5.59,0.0
20231020:1211,760.7,446.77,22.22,6.49,5.86,0.0
20231020:1311,472.2,281.86,20.74,6.51,6.07,0.0
20231020:1411,455.54,272.41,17.2,6.32,5.59,0.0
20231020:1511,498.56,298.54,11.94,6.27,5.66,0.0
20231020:1611,16.54,20.4,5.38,5.89,5.66,0.0
20231020:1711,0.0,0.0,0.0,5.44,5.45,0.0
20231020:1811,0.0,0.0,0.0,4.94,5.03,0.0
20231020:1911,0.0,0.0,0.0,4.3,4.83,0.0
20231020:2011,0.0,0.0,0.0,4.03,4.9,0.0
20231020:2111,0.0,0.0,0.0,4.07,5.1,0.0
20231020:2211,0.0,0.0,0.0,3.95,5.03,0.0
20231020:2311,0.0,0.0,0.0,3.66,5.17,0.0
20231021:0011,0.0,0.0,0.0,3.69,5.03,0.0
20231021:0111,0.0,0.0,0.0,3.75,5.17,0.0
20231021:0211,0.0,0.0,0.0,3.65,5.17,0.0
20231021:0311,0.0,0.0,0.0,3.41,4.97,0.0
20231021:0411,0.0,0.0,0.0,3.08,4.55,0.0
20231021:0511,0.0,0.0,0.0,2.93,5.45,0.0
20231021:0611,0.0,0.0,0.0,3.07,4.9,0.0
20231021:0711,0.0,0.0,0.0,2.94,4.76,0.0
20231021:0811,6.28,12.05,7.41,3.33,4.62,0.0
20231021:0911,11.86,16.69,13.56,3.57,4.62,0.0
20231021:1011,27.2,27.81,18.27,3.82,4.62,0.0
20231021:1111,27.14,27.81,21.13,4.29,4.48,0.0
20231021:1211,31.22,30.59,21.86,4.46,4.62,0.0
20231021:1311,31.18,30.59,20.38,4.7,4.69,0.0
20231021:1411,17.88,21.32,16.85,4.8,4.14,0.0
20231021:1511,27.04,27.81,11.6,4.95,3.38,0.0
20231021:1611,4.2,10.2,5.05,4.92,2.83,0.0
20231021:1711,0.0,0.0,0.0,4.79,2.9,0.0
20231021:1811,0.0,0.0,0.0,4.51,3.17,0.0
20231021:1911,0.0,0.0,0.0,4.14,3.52,0.0
20231021:2011,0.0,0.0,0.0,4.42,3.79,0.0
20231021:2111,0.0,0.0,0.0,4.86,3.72,0.0
20231021:2211,0.0,0.0,0.0,5.38,3.72,0.0
20231021:2311,0.0,0.0,0.0,5.75,3.86,0.0
20231022:0011,0.0,0.0,0.0,5.99,3.79,0.0
20231022:0111,0.0,0.0,0.0,5.98,3.66,0.0
20231022:0211,0.0,0.0,0.0,5.82,3.45,0.0
20231022:0311,0.0,0.0,0.0,5.38,3.24,0.0
20231022:0411,0.0,0.0,0.0,5.02,3.03,0.0
20231022:0511,0.0,0.0,0.0,4.78,2.83,0.0
20231022:0611,0.0,0.0,0.0,4.61,2.69,0.0
20231022:0711,0.0,0.0,0.0,4.46,2.62,0.0
20231022:0811,306.24,194.61,7.11,4.65,2.55,0.0
20231022:0911,696.08,416.43,13.24,5.6,2.41,0.0
20231022:1011,1028.68,622.23,17.93,6.74,2.97,0.0
20231022:1111,1137.72,693.85,20.78,7.58,3.38,0.0
20231022:1211,1046.22,635.59,21.51,8.26,3.45,0.0
20231022:1311,1073.74,654.37,20.03,8.8,3.59,0.0
20231022:1411,831.66,501.76,16.5,8.73,3.24,0.0
20231022:1511,516.08,314.88,11.26,8.47,2.97,0.0
20231022:1611,121.6,90.66,4.72,7.9,2.48,0.0
20231022:1711,0.0,0.0,0.0,6.68,2.14,0.0
20231022:1811,0.0,0.0,0.0,5.69,2.07,0.0
20231022:1911,0.0,0.0,0.0,5.22,2.21,0.0
20231022:2011,0.0,0.0,0.0,4.74,2.14,0.0
20231022:2111,0.0,0.0,0.0,4.06,2.14,0.0
20231022:2211,0.0,0.0,0.0,3.46,2.07,0.0
20231022:2311,0.0,0.0,0.0,2.97,2.0,0.0
20231023:0011,0.0,0.0,0.0,2.27,2.0,0.0
20231023:0111,0.0,0.0,0.0,1.41,1.93,0.0
20231023:0211,0.0,0.0,0.0,0.9,1.86,0.0
20231023:0311,0.0,0.0,0.0,1.03,1.66,0.0
20231023:0411,0.0,0.0,0.0,0.88,1.45,0.0
20231023:0511,0.0,0.0,0.0,0.64,1.31,0.0
20231023:0611,0.0,0.0,0.0,0.68,1.17,0.0
20231023:0711,0.0,0.0,0.0,-0.96,0.97,0.0
20231023:0811,218.22,140.91,6.8,-0.57,0.76,0.0
20231023:0911,378.74,228.39,12.93,1.19,0.69,0.0
20231023:1011,1058.62,651.77,17.6,3.17,0.48,0.0
20231023:1111,1100.4,687.84,20.44,5.08,0.48,0.0
20231023:1211,1120.0,704.17,21.15,6.6,0.76,0.0
20231023:1311,1050.94,655.44,19.67,7.73,1.1,0.0
20231023:1411,715.12,434.07,16.15,8.44,1.79,0.0
20231023:1511,494.8,303.83,10.93,8.63,2.14,0.0
20231023:1611,65.36,55.01,4.4,8.1,1.79,0.0
20231023:1711,0.0,0.0,0.0,7.12,1.79,0.0
20231023:1811,0.0,0.0,0.0,6.01,1.79,0.0
20231023:1911,0.0,0.0,0.0,6.47,1.79,0.0
20231023:2011,0.0,0.0,0.0,6.52,1.66,0.0
20231023:2111,0.0,0.0,0.0,6.49,1.45,0.0
20231023:2211,0.0,0.0,0.0,6.42,1.52,0.0
20231023:2311,0.0,0.0,0.0,6.22,1.45,0.0
20231024:0011,0.0,0.0,0.0,5.89,1.38,0.0
20231024:0111,0.0,0.0,0.0,5.55,1.31,0.0
20231024:0211,0.0,0.0,0.0,5.71,1.38,0.0
20231024:0311,0.0,0.0,0.0,6.17,1.45,0.0
20231024:0411,0.0,0.0,0.0,6.44,1.59,0.0
20231024:0511,0.0,0.0,0.0,6.61,1.66,0.0
20231024:0611,0.0,0.0,0.0,6.74,1.72,0.0
20231024:0711,0.0,0.0,0.0,6.77,1.66,0.0
20231024:0811,92.02,69.83,6.5,6.94,1.86,0.0
20231024:0911,98.84,73.13,12.61,7.41,2.41,0.0
20231024:1011,143.18,99.4,17.27,7.89,2.48,0.0
20231024:1111,56.04,47.28,20.09,8.33,2.34,0.0
20231024:1211,31.8,31.52,20.8,8.94,2.34,0.0
20231024:1311,72.1,57.48,19.32,9.13,2.28,0.0
20231024:1411,323.7,202.92,15.81,9.17,2.34,0.0
20231024:1511,243.8,157.91,10.6,8.95,2.21,0.0
20231024:1611,5.06,11.13,4.08,8.27,1.93,0.0
20231024:1711,0.0,0.0,0.0,7.23,1.86,0.0
20231024:1811,0.0,0.0,0.0,6.28,1.79,0.0
20231024:1911,0.0,0.0,0.0,5.77,1.66,0.0
20231024:2011,0.0,0.0,0.0,4.9,1.45,0.0
20231024:2111,0.0,0.0,0.0,4.55,1.1,0.0
20231024:2211,0.0,0.0,0.0,4.62,0.97,0.0
20231024:2311,0.0,0.0,0.0,4.19,0.9,0.0
20231025:0011,0.0,0.0,0.0,4.03,0.9,0.0
20231025:0111,0.0,0.0,0.0,3.81,0.9,0.0
20231025:0211,0.0,0.0,0.0,3.75,1.03,0.0
20231025:0311,0.0,0.0,0.0,4.73,1.1,0.0
20231025:0411,0.0,0.0,0.0,5.39,1.31,0.0
20231025:0511,0.0,0.0,0.0,5.76,1.52,0.0
20231025:0611,0.0,0.0,0.0,6.14,2.07,0.0
20231025:0711,0.0,0.0,0.0,5.91,1.59,0.0
20231025:0811,16.48,20.4,6.21,6.29,1.79,0.0
20231025:0911,10.48,15.76,12.3,6.77,2.14,0.0
20231025:1011,33.48,32.45,16.94,7.24,2.48,0.0
20231025:1111,59.24,49.14,19.75,7.58,2.97,0.0
20231025:1211,57.7,48.21,20.45,7.85,3.24,0.0
20231025:1311,54.72,46.36,18.98,7.92,2.76,0.0
20231025:1411,17.58,21.32,15.47,7.77,2.97,0.0
20231025:1511,43.26,38.94,10.27,7.52,3.1,0.0
20231025:1611,4.12,10.2,3.76,7.14,2.97,0.0
20231025:1711,0.0,0.0,0.0,6.9,2.9,0.0
20231025:1811,0.0,0.0,0.0,6.84,2.9,0.0
20231025:1911,0.0,0.0,0.0,6.85,2.76,0.0
20231025:2011,0.0,0.0,0.0,6.82,2.69,0.0
20231025:2111,0.0,0.0,0.0,6.73,2.69,0.0
20231025:2211,0.0,0.0,0.0,6.63,2.76,0.0
20231025:2311,0.0,0.0,0.0,6.47,2.69,0.0
20231026:0011,0.0,0.0,0.0,6.29,2.55,0.0
20231026:0111,0.0,0.0,0.0,6.19,2.21,0.0
20231026:0211,0.0,0.0,0.0,6.11,1.93,0.0
20231026:0311,0.0,0.0,0.0,6.09,1.66,0.0
20231026:0411,0.0,0.0,0.0,6.17,1.24,0.0
20231026:0511,0.0,0.0,0.0,6.12,0.83,0.0
20231026:0611,0.0,0.0,0.0,6.02,0.76,0.0
20231026:0711,0.0,0.0,0.0,6.18,0.55,0.0
20231026:0811,54.98,46.67,5.91,6.22,0.69,0.0
20231026:0911,24.04,25.96,11.98,7.1,0.97,0.0
20231026:1011,78.54,61.19,16.61,7.97,1.93,0.0
20231026:1111,22.54,25.03,19.41,8.84,2.83,0.0
20231026:1211,173.76,117.81,20.11,9.36,2.9,0.0
20231026:1311,54.32,46.36,18.64,9.35,2.76,0.0
20231026:1411,79.6,62.12,15.14,9.29,2.55,0.0
20231026:1511,65.98,53.64,9.95,9.06,2.34,0.0
20231026:1611,0.0,4.64,3.45,8.92,2.55,0.0
20231026:1711,0.0,0.0,0.0,8.59,2.76,0.0
20231026:1811,0.0,0.0,0.0,8.09,2.97,0.0
20231026:1911,0.0,0.0,0.0,8.22,3.03,0.0
20231026:2011,0.0,0.0,0.0,8.62,3.59,0.0
20231026:2111,0.0,0.0,0.0,8.79,3.79,0.0
20231026:2211,0.0,0.0,0.0,8.74,3.72,0.0
20231026:2311,0.0,0.0,0.0,8.6,3.66,0.0
20231027:0011,0.0,0.0,0.0,8.47,3.52,0.0
20231027:0111,0.0,0.0,0.0,8.42,3.52,0.0
20231027:0211,0.0,0.0,0.0,8.37,3.59,0.0
20231027:0311,0.0,0.0,0.0,8.12,3.31,0.0
20231027:0411,0.0,0.0,0.0,7.86,3.31,0.0
20231027:0511,0.0,0.0,0.0,7.83,3.45,0.0
20231027:0611,0.0,0.0,0.0,7.92,3.52,0.0
20231027:0711,0.0,0.0,0.0,8.15,3.72,0.0
20231027:0811,9.28,14.83,5.61,8.14,3.79,0.0
20231027:0911,54.68,46.36,11.67,8.18,4.0,0.0
20231027:1011,221.62,143.9,16.29,8.28,3.72,0.0
20231027:1111,175.56,118.08,19.07,8.34,4.0,0.0
20231027:1211,136.12,95.49,19.77,8.48,4.0,0.0
20231027:1311,95.3,71.39,18.3,8.62,4.0,0.0
20231027:1411,40.16,37.08,14.81,8.79,4.07,0.0
20231027:1511,29.18,29.67,9.63,8.54,3.59,0.0
20231027:1611,0.0,3.71,3.14,8.06,3.72,0.0
20231027:1711,0.0,0.0,0.0,7.63,3.59,0.0
20231027:1811,0.0,0.0,0.0,7.41,3.45,0.0
20231027:1911,0.0,0.0,0.0,7.17,3.86,0.0
20231027:2011,0.0,0.0,0.0,7.04,4.0,0.0
20231027:2111,0.0,0.0,0.0,7.14,3.93,0.0
20231027:2211,0.0,0.0,0.0,7.3,3.66,0.0
20231027:2311,0.0,0.0,0.0,7.39,3.45,0.0
20231028:0011,0.0,0.0,0.0,7.47,3.45,0.0
20231028:0111,0.0,0.0,0.0,7.55,3.45,0.0
20231028:0211,0.0,0.0,0.0,7.57,3.52,0.0
20231028:0311,0.0,0.0,0.0,7.5,3.52,0.0
20231028:0411,0.0,0.0,0.0,7.41,3.59,0.0
20231028:0511,0.0,0.0,0.0,7.25,3.59,0.0
20231028:0611,0.0,0.0,0.0,7.15,3.72,0.0
20231028:0711,0.0,0.0,0.0,7.22,3.66,0.0
20231028:0811,66.8,54.5,5.32,7.24,3.72,0.0
20231028:0911,367.3,225.47,11.36,7.49,4.14,0.0
20231028:1011,442.96,267.87,15.96,8.07,4.41,0.0
20231028:1111,117.22,84.37,18.74,8.45,4.14,0.0
20231028:1211,428.16,260.7,19.43,8.57,4.0,0.0
20231028:1311,160.0,109.0,17.96,8.37,4.69,0.0
20231028:1411,115.82,83.27,14.48,8.17,4.34,0.0
20231028:1511,311.82,195.34,9.31,7.78,4.21,0.0
20231028:1611,56.8,50.3,2.84,7.48,4.14,0.0
20231028:1711,0.0,0.0,0.0,7.2,4.14,0.0
20231028:1811,0.0,0.0,0.0,7.08,4.07,0.0
20231028:1911,0.0,0.0,0.0,7.44,4.14,0.0
20231028:2011,0.0,0.0,0.0,7.47,3.66,0.0
20231028:2111,0.0,0.0,0.0,7.48,3.31,0.0
20231028:2211,0.0,0.0,0.0,7.51,3.45,0.0
20231028:2311,0.0,0.0,0.0,7.69,3.31,0.0
20231029:0011,0.0,0.0,0.0,7.95,3.86,0.0
20231029:0111,0.0,0.0,0.0,8.11,4.41,0.0
20231029:0211,0.0,0.0,0.0,8.06,5.03,0.0
20231029:0311,0.0,0.0,0.0,7.71,5.24,0.0
20231029:0411,0.0,0.0,0.0,7.25,4.97,0.0
20231029:0511,0.0,0.0,0.0,7.04,4.62,0.0
20231029:0611,0.0,0.0,0.0,6.8,4.9,0.0
20231029:0711,0.0,0.0,0.0,7.09,4.9,0.0
20231029:0811,55.9,47.54,5.02,6.98,4.83,0.0
20231029:0911,39.2,36.16,11.06,6.75,4.97,0.0
20231029:1011,93.24,69.53,15.64,6.59,5.1,0.0
20231029:1111,65.66,52.85,18.41,6.47,4.97,0.0
20231029:1211,39.26,36.16,19.1,6.46,4.83,0.0
20231029:1311,59.7,49.14,17.63,6.28,4.69,0.0
20231029:1411,67.2,53.77,14.16,6.25,4.34,0.0
20231029:1511,17.76,21.32,9.0,6.13,4.76,0.0
20231029:1611,0.0,5.25,2.54,6.03,4.34,0.0
20231029:1711,0.0,0.0,0.0,5.95,3.72,0.0
20231029:1811,0.0,0.0,0.0,5.9,4.0,0.0
20231029:1911,0.0,0.0,0.0,6.09,3.59,0.0
20231029:2011,0.0,0.0,0.0,6.05,3.52,0.0
20231029:2111,0.0,0.0,0.0,6.03,3.45,0.0
20231029:2211,0.0,0.0,0.0,6.03,3.59,0.0
20231029:2311,0.0,0.0,0.0,5.85,3.52,0.0
20231030:0011,0.0,0.0,0.0,5.49,3.66,0.0
20231030:0111,0.0,0.0,0.0,5.3,3.38,0.0
20231030:0211,0.0,0.0,0.0,5.02,3.1,0.0
20231030:0311,0.0,0.0,0.0,4.88,2.97,0.0
20231030:0411,0.0,0.0,0.0,4.84,2.97,0.0
20231030:0511,0.0,0.0,0.0,4.57,2.9,0.0
20231030:0611,0.0,0.0,0.0,4.53,3.03,0.0
20231030:0711,0.0,0.0,0.0,4.62,3.24,0.0
20231030:0811,9.48,14.83,4.73,4.61,3.38,0.0
20231030:0911,73.68,57.38,10.75,4.9,3.72,0.0
20231030:1011,288.5,178.94,15.32,5.09,3.93,0.0
20231030:1111,731.94,429.56,18.08,5.53,4.76,0.0
20231030:1211,783.22,460.2,18.76,5.68,4.69,0.0
20231030:1311,118.8,84.37,17.3,5.91,5.03,0.0
20231030:1411,174.98,116.02,13.85,5.73,4.55,0.0
20231030:1511,169.12,113.02,8.7,5.54,4.28,0.0
20231030:1611,0.0,4.37,2.25,5.11,3.59,0.0
20231030:1711,0.0,0.0,0.0,4.39,3.17,0.0
20231030:1811,0.0,0.0,0.0,3.91,3.1,0.0
20231030:1911,0.0,0.0,0.0,4.12,3.24,0.0
20231030:2011,0.0,0.0,0.0,4.17,3.24,0.0
20231030:2111,0.0,0.0,0.0,4.14,3.24,0.0
20231030:2211,0.0,0.0,0.0,3.94,3.24,0.0
20231030:2311,0.0,0.0,0.0,3.81,3.17,0.0
20231031:0011,0.0,0.0,0.0,3.55,3.1,0.0
20231031:0111,0.0,0.0,0.0,3.42,2.97,0.0
20231031:0211,0.0,0.0,0.0,3.17,2.76,0.0
20231031:0311,0.0,0.0,0.0,3.12,2.55,0.0
20231031:0411,0.0,0.0,0.0,2.86,2.55,0.0
20231031:0511,0.0,0.0,0.0,2.62,2.55,0.0
20231031:0611,0.0,0.0,0.0,2.76,2.55,0.0
20231031:0711,0.0,0.0,0.0,2.89,2.83,0.0
20231031:0811,153.94,106.42,4.44,2.84,2.69,0.0
20231031:0911,619.26,366.92,10.45,3.36,2.55,0.0
20231031:1011,583.0,346.03,15.01,4.41,2.14,0.0
20231031:1111,1012.1,606.65,17.76,5.32,2.97,0.0
20231031:1211,413.04,248.71,18.44,5.61,4.14,0.0
20231031:1311,611.46,360.89,16.98,5.76,4.28,0.0
20231031:1411,453.34,271.62,13.53,5.76,3.79,0.0
20231031:1511,206.64,134.54,8.4,5.45,2.97,0.0
20231031:1611,0.0,5.25,1.96,4.7,2.55,0.0
20231031:1711,0.0,0.0,0.0,3.57,2.21,0.0
20231031:1811,0.0,0.0,0.0,2.67,2.07,0.0
20231031:1911,0.0,0.0,0.0,2.52,2.0,0.0
20231031:2011,0.0,0.0,0.0,1.81,1.79,0.0
20231031:2111,0.0,0.0,0.0,0.64,1.72,0.0
20231031:2211,0.0,0.0,0.0,-0.44,1.86,0.0
20231031:2311,0.0,0.0,0.0,-1.22,1.86,0.0
20231101:0011,0.0,0.0,0.0,-1.45,2.0,0.0
20231101:0111,0.0,0.0,0.0,-1.44,1.93,0.0
20231101:0211,0.0,0.0,0.0,-1.74,2.0,0.0
20231101:0311,0.0,0.0,0.0,-0.94,2.41,0.0
20231101:0411,0.0,0.0,0.0,0.09,2.83,0.0
20231101:0511,0.0,0.0,0.0,0.8,3.1,0.0
20231101:0611,0.0,0.0,0.0,1.28,3.45,0.0
20231101:0711,0.0,0.0,0.0,1.95,3.93,0.0
20231101:0811,0.0,4.64,4.15,2.29,4.07,0.0
20231101:0911,64.12,51.04,10.15,2.3,4.34,0.0
20231101:1011,24.7,25.96,14.7,2.47,4.34,0.0
20231101:1111,68.44,53.77,17.44,2.62,4.41,0.0
20231101:1211,37.22,34.3,18.11,2.35,4.28,0.0
20231101:1311,85.84,63.97,16.66,2.0,5.03,0.0
20231101:1411,94.94,69.19,13.22,1.79,4.0,0.0
20231101:1511,2.4,8.34,8.1,2.09,3.72,0.0
20231101:1611,0.0,0.87,1.67,2.87,3.45,0.0
20231101:1711,0.0,0.0,0.0,3.74,3.38,0.0
20231101:1811,0.0,0.0,0.0,4.58,3.03,0.0
20231101:1911,0.0,0.0,0.0,4.68,2.41,0.0
20231101:2011,0.0,0.0,0.0,4.86,0.48,0.0
20231101:2111,0.0,0.0,0.0,4.73,1.45,0.0
20231101:2211,0.0,0.0,0.0,4.72,2.0,0.0
20231101:2311,0.0,0.0,0.0,5.07,2.83,0.0
20231102:0011,0.0,0.0,0.0,5.42,3.17,0.0
20231102:0111,0.0,0.0,0.0,5.38,3.1,0.0
20231102:0211,0.0,0.0,0.0,5.37,2.9,0.0
20231102:0311,0.0,0.0,0.0,5.2,2.48,0.0
20231102:0411,0.0,0.0,0.0,4.82,1.93,0.0
20231102:0511,0.0,0.0,0.0,4.2,1.45,0.0
20231102:0611,0.0,0.0,0.0,2.85,1.24,0.0
20231102:0711,0.0,0.0,0.0,1.24,1.24,0.0
20231102:0811,16.62,20.11,3.87,0.65,0.83,0.0
20231102:0911,601.22,357.55,9.85,0.86,0.41,0.0
20231102:1011,579.24,344.18,14.39,2.51,0.62,0.0
20231102:1111,682.92,406.41,17.12,3.74,1.1,0.0
20231102:1211,104.84,76.02,17.79,4.65,2.0,0.0
20231102:1311,79.52,61.19,16.35,5.68,2.83,0.0
20231102:1411,24.16,25.96,12.92,6.41,3.24,0.0
20231102:1511,34.96,33.38,7.81,6.79,3.31,0.0
20231102:1611,0.0,0.87,1.4,6.63,2.83,0.0
20231102:1711,0.0,0.0,0.0,6.51,2.97,0.0
20231102:1811,0.0,0.0,0.0,6.42,3.1,0.0
20231102:1911,0.0,0.0,0.0,6.09,2.28,0.0
20231102:2011,0.0,0.0,0.0,5.96,2.07,0.0
20231102:2111,0.0,0.0,0.0,5.91,2.69,0.0
20231102:2211,0.0,0.0,0.0,5.93,2.83,0.0
20231102:2311,0.0,0.0,0.0,5.98,2.83,0.0
20231103:0011,0.0,0.0,0.0,6.09,3.52,0.0
20231103:0111,0.0,0.0,0.0,6.01,3.52,0.0
20231103:0211,0.0,0.0,0.0,5.87,3.1,0.0
20231103:0311,0.0,0.0,0.0,5.81,3.1,0.0
20231103:0411,0.0,0.0,0.0,5.73,3.03,0.0
20231103:0511,0.0,0.0,0.0,5.71,2.83,0.0
20231103:0611,0.0,0.0,0.0,5.73,2.69,0.0
20231103:0711,0.0,0.0,0.0,6.12,2.76,0.0
20231103:0811,0.0,4.37,3.58,6.21,2.83,0.0
20231103:0911,8.28,13.91,9.55,6.25,2.9,0.0
20231103:1011,11.66,16.69,14.08,6.39,3.03,0.0
20231103:1111,119.0,84.7,16.8,6.46,3.31,0.0
20231103:1211,18.96,22.25,17.48,6.58,2.97,0.0
20231103:1311,63.96,51.92,16.04,6.76,2.97,0.0
20231103:1411,225.66,145.14,12.62,6.58,2.62,0.0
20231103:1511,80.78,62.13,7.52,6.48,2.14,0.0
20231103:1611,0.0,0.0,0.0,6.2,1.93,0.0
20231103:1711,0.0,0.0,0.0,6.03,1.38,0.0
20231103:1811,0.0,0.0,0.0,5.85,1.17,0.0
20231103:1911,0.0,0.0,0.0,5.73,0.97,0.0
20231103:2011,0.0,0.0,0.0,5.77,0.97,0.0
20231103:2111,0.0,0.0,0.0,5.84,0.83,0.0
20231103:2211,0.0,0.0,0.0,5.75,0.83,0.0
20231103:2311,0.0,0.0,0.0,5.64,0.62,0.0
20231104:0011,0.0,0.0,0.0,5.54,0.48,0.0
20231104:0111,0.0,0.0,0.0,5.62,0.34,0.0
20231104:0211,0.0,0.0,0.0,5.67,0.28,0.0
20231104:0311,0.0,0.0,0.0,5.43,0.07,0.0
20231104:0411,0.0,0.0,0.0,5.13,0.21,0.0
20231104:0511,0.0,0.0,0.0,4.8,0.41,0.0
20231104:0611,0.0,0.0,0.0,4.4,0.41,0.0
20231104:0711,0.0,0.0,0.0,3.88,0.55,0.0
20231104:0811,11.76,16.61,3.3,3.53,0.62,0.0
20231104:0911,130.62,90.38,9.26,3.57,0.9,0.0
20231104:1011,562.54,336.0,13.77,4.27,1.03,0.0
20231104:1111,563.6,338.0,16.49,4.78,0.76,0.0
20231104:1211,475.02,287.87,17.17,5.49,0.41,0.0
20231104:1311,583.86,352.89,15.73,6.18,0.55,0.0
20231104:1411,228.64,147.16,12.33,6.4,1.1,0.0
20231104:1511,295.04,186.5,7.24,6.42,1.45,0.0
20231104:1611,0.0,0.0,0.0,5.87,1.59,0.0
20231104:1711,0.0,0.0,0.0,5.32,1.45,0.0
20231104:1811,0.0,0.0,0.0,5.11,1.17,0.0
20231104:1911,0.0,0.0,0.0,5.24,1.31,0.0
20231104:2011,0.0,0.0,0.0,4.39,1.1,0.0
20231104:2111,0.0,0.0,0.0,4.03,0.9,0.0
20231104:2211,0.0,0.0,0.0,3.93,0.69,0.0
20231104:2311,0.0,0.0,0.0,4.02,0.55,0.0
20231105:0011,0.0,0.0,0.0,3.56,0.55,0.0
20231105:0111,0.0,0.0,0.0,3.23,0.55,0.0
20231105:0211,0.0,0.0,0.0,2.69,0.55,0.0
20231105:0311,0.0,0.0,0.0,2.62,0.62,0.0
20231105:0411,0.0,0.0,0.0,2.79,0.76,0.0
20231105:0511,0.0,0.0,0.0,2.9,0.97,0.0
20231105:0611,0.0,0.0,0.0,3.19,1.24,0.0
20231105:0711,0.0,0.0,0.0,3.14,1.45,0.0
20231105:0811,9.62,14.87,3.02,3.0,1.66,0.0
20231105:0911,544.68,324.39,8.97,3.11,2.0,0.0
20231105:1011,700.06,413.28,13.47,3.49,2.07,0.0
20231105:1111,1003.1,603.55,16.19,4.19,1.93,0.0
20231105:1211,1003.84,606.83,16.86,5.08,1.93,0.0
20231105:1311,357.62,219.05,15.43,5.95,2.0,0.0
20231105:1411,101.08,74.14,12.04,6.36,1.93,0.0
20231105:1511,136.32,95.03,6.97,6.4,1.52,0.0
20231105:1611,0.0,0.0,0.0,5.99,1.45,0.0
20231105:1711,0.0,0.0,0.0,5.32,1.59,0.0
20231105:1811,0.0,0.0,0.0,4.6,1.72,0.0
20231105:1911,0.0,0.0,0.0,4.03,1.52,0.0
20231105:2011,0.0,0.0,0.0,2.99,1.52,0.0
20231105:2111,0.0,0.0,0.0,2.37,1.52,0.0
20231105:2211,0.0,0.0,0.0,2.32,1.38,0.0
20231105:2311,0.0,0.0,0.0,1.9,1.38,0.0
20231106:0011,0.0,0.0,0.0,1.98,1.38,0.0
20231106:0111,0.0,0.0,0.0,2.04,1.38,0.0
20231106:0211,0.0,0.0,0.0,2.09,1.38,0.0
20231106:0311,0.0,0.0,0.0,2.23,1.45,0.0
20231106:0411,0.0,0.0,0.0,2.33,1.52,0.0
20231106:0511,0.0,0.0,0.0,2.52,1.52,0.0
20231106:0611,0.0,0.0,0.0,2.55,1.59,0.0
20231106:0711,0.0,0.0,0.0,2.32,1.66,0.0
20231106:0811,8.58,13.99,2.74,2.3,1.66,0.0
20231106:0911,474.04,284.31,8.68,3.11,1.52,0.0
20231106:1011,770.5,461.57,13.18,5.17,1.52,0.0
20231106:1111,954.38,580.85,15.88,6.55,1.66,0.0
20231106:1211,834.2,503.08,16.56,7.43,2.21,0.0
20231106:1311,647.68,390.53,15.14,7.8,1.79,0.0
20231106:1411,534.28,324.32,11.75,8.04,1.59,0.0
20231106:1511,113.64,82.31,6.7,8.02,1.45,0.0
20231106:1611,0.0,0.0,0.0,7.54,1.24,0.0
20231106:1711,0.0,0.0,0.0,6.22,1.1,0.0
20231106:1811,0.0,0.0,0.0,5.26,1.24,0.0
20231106:1911,0.0,0.0,0.0,5.68,0.76,0.0
20231106:2011,0.0,0.0,0.0,5.87,0.41,0.0
20231106:2111,0.0,0.0,0.0,5.77,0.21,0.0
20231106:2211,0.0,0.0,0.0,4.26,0.83,0.0
20231106:2311,0.0,0.0,0.0,4.1,1.17,0.0
20231107:0011,0.0,0.0,0.0,4.09,1.1,0.0
20231107:0111,0.0,0.0,0.0,4.29,1.03,0.0
20231107:0211,0.0,0.0,0.0,4.52,1.17,0.0
20231107:0311,0.0,0.0,0.0,4.71,1.31,0.0
20231107:0411,0.0,0.0,0.0,4.85,1.45,0.0
20231107:0511,0.0,0.0,0.0,4.62,1.59,0.0
20231107:0611,0.0,0.0,0.0,4.72,1.66,0.0
20231107:0711,0.0,0.0,0.0,4.54,1.59,0.0
20231107:0811,4.5,10.49,2.47,4.63,1.72,0.0
20231107:0911,3.24,9.27,8.39,5.27,1.79,0.0
20231107:1011,386.72,235.19,12.88,5.83,2.07,0.0
20231107:1111,44.88,39.87,15.59,6.56,2.41,0.0
20231107:1211,37.66,35.23,16.26,7.13,2.62,0.0
20231107:1311,46.1,40.79,14.85,7.48,2.34,0.0
20231107:1411,209.44,136.54,11.47,7.4,1.93,0.0
20231107:1511,122.56,87.31,6.43,7.3,1.93,0.0
20231107:1611,0.0,0.0,0.0,6.38,1.72,0.0
20231107:1711,0.0,0.0,0.0,5.47,1.72,0.0
20231107:1811,0.0,0.0,0.0,4.65,1.79,0.0
20231107:1911,0.0,0.0,0.0,3.88,1.86,0.0
20231107:2011,0.0,0.0,0.0,2.86,1.79,0.0
20231107:2111,0.0,0.0,0.0,1.8,1.79,0.0
20231107:2211,0.0,0.0,0.0,0.67,1.79,0.0
20231107:2311,0.0,0.0,0.0,0.18,1.66,0.0
20231108:0011,0.0,0.0,0.0,0.05,1.45,0.0
20231108:0111,0.0,0.0,0.0,-0.09,1.52,0.0
20231108:0211,0.0,0.0,0.0,-0.02,1.38,0.0
20231108:0311,0.0,0.0,0.0,0.34,1.52,0.0
20231108:0411,0.0,0.0,0.0,0.88,1.31,0.0
20231108:0511,0.0,0.0,0.0,1.82,1.52,0.0
20231108:0611,0.0,0.0,0.0,2.88,2.21,0.0
20231108:0711,0.0,0.0,0.0,4.11,3.24,0.0
20231108:0811,0.0,1.75,2.19,4.59,4.34,0.0
20231108:0911,17.88,21.32,8.11,4.83,4.83,0.0
20231108:1011,19.14,22.25,12.59,4.99,5.03,0.0
20231108:1111,933.94,550.64,15.29,5.21,4.28,0.0
20231108:1211,926.16,548.15,15.97,5.57,3.93,0.0
20231108:1311,58.26,48.21,14.56,6.05,4.21,0.0
20231108:1411,385.46,232.95,11.2,5.72,4.28,0.0
20231108:1511,84.34,63.88,6.17,5.17,4.76,0.0
20231108:1611,0.0,0.0,0.0,4.54,4.69,0.0
20231108:1711,0.0,0.0,0.0,4.24,4.41,0.0
20231108:1811,0.0,0.0,0.0,4.03,4.28,0.0
20231108:1911,0.0,0.0,0.0,4.31,4.28,0.0
20231108:2011,0.0,0.0,0.0,4.31,4.62,0.0
20231108:2111,0.0,0.0,0.0,4.36,4.48,0.0
20231108:2211,0.0,0.0,0.0,4.24,4.41,0.0
20231108:2311,0.0,0.0,0.0,4.03,4.14,0.0
20231109:0011,0.0,0.0,0.0,3.75,3.86,0.0
20231109:0111,0.0,0.0,0.0,3.55,3.45,0.0
20231109:0211,0.0,0.0,0.0,3.46,3.03,0.0
20231109:0311,0.0,0.0,0.0,3.65,2.76,0.0
20231109:0411,0.0,0.0,0.0,3.95,2.76,0.0
20231109:0511,0.0,0.0,0.0,4.1,2.76,0.0
20231109:0611,0.0,0.0,0.0,4.07,2.76,0.0
20231109:0711,0.0,0.0,0.0,3.46,2.69,0.0
20231109:0811,1.16,7.0,1.92,3.27,2.55,0.0
20231109:0911,453.98,272.41,7.83,3.4,2.28,0.0
20231109:1011,739.62,437.33,12.31,3.95,2.28,0.0
20231109:1111,954.24,570.45,15.0,4.66,2.41,0.0
20231109:1211,991.46,595.28,15.68,5.31,2.55,0.0
20231109:1311,804.48,481.02,14.28,5.83,2.14,0.0
20231109:1411,657.78,395.96,10.93,5.98,1.24,0.0
20231109:1511,309.52,195.26,5.91,5.72,0.69,0.0
20231109:1611,0.0,0.0,0.0,4.61,1.1,0.0
20231109:1711,0.0,0.0,0.0,3.08,1.31,0.0
20231109:1811,0.0,0.0,0.0,2.47,1.24,0.0
20231109:1911,0.0,0.0,0.0,3.34,0.41,0.0
20231109:2011,0.0,0.0,0.0,2.24,0.07,0.0
20231109:2111,0.0,0.0,0.0,1.67,0.48,0.0
20231109:2211,0.0,0.0,0.0,0.91,0.97,0.0
20231109:2311,0.0,0.0,0.0,-0.05,0.97,0.0
20231110:0011,0.0,0.0,0.0,-0.72,0.62,0.0
20231110:0111,0.0,0.0,0.0,-1.49,0.76,0.0
20231110:0211,0.0,0.0,0.0,-1.56,0.9,0.0
20231110:0311,0.0,0.0,0.0,-1.59,1.1,0.0
20231110:0411,0.0,0.0,0.0,-1.75,1.31,0.0
20231110:0511,0.0,0.0,0.0,-1.72,1.38,0.0
20231110:0611,0.0,0.0,0.0,-1.65,1.52,0.0
20231110:0711,0.0,0.0,0.0,-1.37,1.59,0.0
20231110:0811,0.0,0.87,1.66,-0.95,1.66,0.0
20231110:0911,6.44,12.05,7.56,-0.58,1.72,0.0
20231110:1011,18.32,21.32,12.02,0.48,1.52,0.0
20231110:1111,191.28,123.39,14.71,1.33,1.79,0.0
20231110:1211,88.28,65.82,15.4,3.1,1.93,0.0
20231110:1311,73.78,57.48,14.0,4.43,1.86,0.0
20231110:1411,132.54,91.78,10.67,4.87,1.52,0.0
20231110:1511,12.94,17.62,5.67,4.87,1.45,0.0
20231110:1611,0.0,0.0,0.0,4.39,1.66,0.0
20231110:1711,0.0,0.0,0.0,3.64,1.72,0.0
20231110:1811,0.0,0.0,0.0,3.03,1.86,0.0
20231110:1911,0.0,0.0,0.0,3.95,2.69,0.0
20231110:2011,0.0,0.0,0.0,3.71,2.9,0.0
20231110:2111,0.0,0.0,0.0,3.51,2.41,0.0
20231110:2211,0.0,0.0,0.0,3.32,1.86,0.0
20231110:2311,0.0,0.0,0.0,3.27,1.45,0.0
20231111:0011,0.0,0.0,0.0,3.01,1.45,0.0
20231111:0111,0.0,0.0,0.0,2.6,1.52,0.0
20231111:0211,0.0,0.0,0.0,2.53,1.66,0.0
20231111:0311,0.0,0.0,0.0,2.31,1.79,0.0
20231111:0411,0.0,0.0,0.0,2.5,1.79,0.0
20231111:0511,0.0,0.0,0.0,2.63,1.79,0.0
20231111:0611,0.0,0.0,0.0,2.65,1.66,0.0
20231111:0711,0.0,0.0,0.0,3.15,1.38,0.0
20231111:0811,0.0,0.87,1.39,2.88,1.31,0.0
20231111:0911,9.56,14.83,7.29,3.33,1.1,0.0
20231111:1011,94.88,69.91,11.74,4.26,1.03,0.0
20231111:1111,547.62,327.68,14.43,5.47,1.52,0.0
20231111:1211,392.9,238.83,15.12,5.84,1.86,0.0
20231111:1311,113.64,81.44,13.73,5.96,1.59,0.0
20231111:1411,55.18,46.36,10.41,5.96,1.17,0.0
20231111:1511,44.48,39.54,5.42,5.69,0.55,0.0
20231111:1611,0.0,0.0,0.0,5.25,0.28,0.0
20231111:1711,0.0,0.0,0.0,4.58,0.14,0.0
20231111:1811,0.0,0.0,0.0,4.14,0.21,0.0
20231111:1911,0.0,0.0,0.0,3.06,0.28,0.0
20231111:2011,0.0,0.0,0.0,2.44,0.55,0.0
20231111:2111,0.0,0.0,0.0,2.17,0.55,0.0
20231111:2211,0.0,0.0,0.0,1.93,0.55,0.0
20231111:2311,0.0,0.0,0.0,1.59,0.62,0.0
20231112:0011,0.0,0.0,0.0,0.97,0.76,0.0
20231112:0111,0.0,0.0,0.0,0.27,0.9,0.0
20231112:0211,0.0,0.0,0.0,0.13,0.97,0.0
20231112:0311,0.0,0.0,0.0,0.0,0.97,0.0
20231112:0411,0.0,0.0,0.0,-0.33,0.97,0.0
20231112:0511,0.0,0.0,0.0,-0.62,1.03,0.0
20231112:0611,0.0,0.0,0.0,-0.96,1.1,0.0
20231112:0711,0.0,0.0,0.0,-1.62,1.1,0.0
20231112:0811,0.0,0.0,0.0,-1.8,1.1,0.0
20231112:0911,278.14,170.11,7.02,-1.81,0.9,0.0
20231112:1011,546.7,319.44,11.47,-1.15,0.69,0.0
20231112:1111,699.86,409.37,14.15,-0.45,0.76,0.0
20231112:1211,663.04,389.11,14.84,0.53,0.83,0.0
20231112:1311,581.68,342.72,13.47,1.53,0.97,0.0
20231112:1411,513.54,304.89,10.16,2.57,1.31,0.0
20231112:1511,264.06,166.74,5.18,2.72,1.24,0.0
20231112:1611,0.0,0.0,0.0,2.27,1.38,0.0
20231112:1711,0.0,0.0,0.0,1.76,1.59,0.0
20231112:1811,0.0,0.0,0.0,1.82,1.72,0.0
20231112:1911,0.0,0.0,0.0,2.37,2.14,0.0
20231112:2011,0.0,0.0,0.0,2.46,2.21,0.0
20231112:2111,0.0,0.0,0.0,2.59,2.21,0.0
20231112:2211,0.0,0.0,0.0,2.84,2.07,0.0
20231112:2311,0.0,0.0,0.0,3.1,2.14,0.0
20231113:0011,0.0,0.0,0.0,3.55,2.07,0.0
20231113:0111,0.0,0.0,0.0,4.01,2.0,0.0
20231113:0211,0.0,0.0,0.0,4.38,1.86,0.0
20231113:0311,0.0,0.0,0.0,4.67,1.79,0.0
20231113:0411,0.0,0.0,0.0,4.84,1.72,0.0
20231113:0511,0.0,0.0,0.0,4.95,1.79,0.0
20231113:0611,0.0,0.0,0.0,4.87,1.93,0.0
20231113:0711,0.0,0.0,0.0,5.53,2.41,0.0
20231113:0811,0.0,0.0,0.0,5.89,2.55,0.0
20231113:0911,24.18,25.96,6.75,6.26,2.97,0.0
20231113:1011,21.52,24.1,11.2,6.63,3.45,0.0
20231113:1111,24.12,25.96,13.88,6.77,3.86,0.0
20231113:1211,493.04,294.45,14.57,6.82,4.0,0.0
20231113:1311,47.74,41.72,13.21,6.9,3.93,0.0
20231113:1411,52.08,44.5,9.91,6.97,3.72,0.0
20231113:1511,39.8,36.63,4.95,6.81,3.24,0.0
20231113:1611,0.0,0.0,0.0,6.63,2.83,0.0
20231113:1711,0.0,0.0,0.0,6.52,2.41,0.0
20231113:1811,0.0,0.0,0.0,6.44,2.28,0.0
20231113:1911,0.0,0.0,0.0,6.53,2.97,0.0
20231113:2011,0.0,0.0,0.0,6.42,2.62,0.0
20231113:2111,0.0,0.0,0.0,6.19,2.41,0.0
20231113:2211,0.0,0.0,0.0,5.95,1.93,0.0
20231113:2311,0.0,0.0,0.0,5.72,1.59,0.0
20231114:0011,0.0,0.0,0.0,5.42,1.52,0.0
20231114:0111,0.0,0.0,0.0,5.02,1.52,0.0
20231114:0211,0.0,0.0,0.0,4.91,1.66,0.0
20231114:0311,0.0,0.0,0.0,4.82,1.79,0.0
20231114:0411,0.0,0.0,0.0,4.81,1.79,0.0
20231114:0511,0.0,0.0,0.0,4.75,1.93,0.0
20231114:0611,0.0,0.0,0.0,4.73,2.14,0.0
20231114:0711,0.0,0.0,0.0,5.11,2.34,0.0
20231114:0811,0.0,0.0,0.0,5.15,2.41,0.0
20231114:0911,1.5,7.42,6.49,5.26,2.41,0.0
20231114:1011,7.24,12.98,10.93,5.43,2.55,0.0
20231114:1111,28.24,28.74,13.61,5.77,2.62,0.0
20231114:1211,47.88,41.72,14.31,6.12,2.55,0.0
20231114:1311,168.82,112.86,12.95,6.13,2.14,0.0
20231114:1411,255.66,161.42,9.67,5.97,2.28,0.0
20231114:1511,90.2,67.72,4.73,5.48,2.41,0.0
20231114:1611,0.0,0.0,0.0,4.99,2.28,0.0
20231114:1711,0.0,0.0,0.0,4.72,2.07,0.0
20231114:1811,0.0,0.0,0.0,4.59,2.0,0.0
20231114:1911,0.0,0.0,0.0,5.04,2.21,0.0
20231114:2011,0.0,0.0,0.0,4.89,2.34,0.0
20231114:2111,0.0,0.0,0.0,4.75,2.34,0.0
20231114:2211,0.0,0.0,0.0,4.61,2.34,0.0
20231114:2311,0.0,0.0,0.0,4.49,2.34,0.0
20231115:0011,0.0,0.0,0.0,4.4,2.34,0.0
20231115:0111,0.0,0.0,0.0,4.29,2.28,0.0
20231115:0211,0.0,0.0,0.0,4.2,2.21,0.0
20231115:0311,0.0,0.0,0.0,4.03,2.14,0.0
20231115:0411,0.0,0.0,0.0,3.94,2.14,0.0
20231115:0511,0.0,0.0,0.0,3.89,2.07,0.0
20231115:0611,0.0,0.0,0.0,3.87,2.0,0.0
20231115:0711,0.0,0.0,0.0,4.11,1.52,0.0
20231115:0811,0.0,0.0,0.0,4.04,1.31,0.0
20231115:0911,74.46,57.66,6.23,3.93,0.97,0.0
20231115:1011,58.62,48.21,10.67,4.3,0.76,0.0
20231115:1111,350.34,214.61,13.35,4.86,0.76,0.0
20231115:1211,235.3,150.28,14.05,5.45,1.1,0.0
20231115:1311,542.68,326.26,12.71,5.74,0.97,0.0
20231115:1411,596.1,359.97,9.44,5.86,0.76,0.0
20231115:1511,260.66,167.49,4.51,5.69,0.69,0.0
20231115:1611,0.0,0.0,0.0,4.6,0.76,0.0
20231115:1711,0.0,0.0,0.0,3.94,0.83,0.0
20231115:1811,0.0,0.0,0.0,3.5,0.9,0.0
20231115:1911,0.0,0.0,0.0,2.34,0.83,0.0
20231115:2011,0.0,0.0,0.0,0.76,1.1,0.0
20231115:2111,0.0,0.0,0.0,-0.14,1.1,0.0
20231115:2211,0.0,0.0,0.0,-1.06,1.03,0.0
20231115:2311,0.0,0.0,0.0,-1.81,1.03,0.0
20231116:0011,0.0,0.0,0.0,-1.76,0.97,0.0
20231116:0111,0.0,0.0,0.0,-1.62,0.97,0.0
20231116:0211,0.0,0.0,0.0,-1.24,0.9,0.0
20231116:0311,0.0,0.0,0.0,-0.8,0.83,0.0
20231116:0411,0.0,0.0,0.0,-0.6,0.83,0.0
20231116:0511,0.0,0.0,0.0,0.17,0.62,0.0
20231116:0611,0.0,0.0,0.0,0.77,0.48,0.0
20231116:0711,0.0,0.0,0.0,0.84,0.55,0.0
20231116:0811,0.0,0.0,0.0,1.34,0.55,0.0
20231116:0911,9.66,14.83,5.98,1.6,0.62,0.0
20231116:1011,160.54,106.73,10.41,2.52,0.55,0.0
20231116:1111,402.36,242.86,13.09,3.37,0.48,0.0
20231116:1211,217.0,139.37,13.8,3.98,0.41,0.0
20231116:1311,92.78,68.81,12.46,4.34,0.62,0.0
20231116:1411,140.78,96.38,9.21,4.64,0.69,0.0
20231116:1511,114.94,82.44,4.29,4.77,0.55,0.0
20231116:1611,0.0,0.0,0.0,3.8,0.83,0.0
20231116:1711,0.0,0.0,0.0,2.99,0.9,0.0
20231116:1811,0.0,0.0,0.0,2.25,1.03,0.0
20231116:1911,0.0,0.0,0.0,2.19,1.03,0.0
20231116:2011,0.0,0.0,0.0,1.99,0.83,0.0
20231116:2111,0.0,0.0,0.0,0.38,1.03,0.0
20231116:2211,0.0,0.0,0.0,0.26,0.76,0.0
20231116:2311,0.0,0.0,0.0,0.71,0.55,0.0
20231117:0011,0.0,0.0,0.0,0.45,0.62,0.0
20231117:0111,0.0,0.0,0.0,0.16,0.55,0.0
20231117:0211,0.0,0.0,0.0,0.06,0.55,0.0
20231117:0311,0.0,0.0,0.0,0.09,0.62,0.0
20231117:0411,0.0,0.0,0.0,-0.42,0.62,0.0
20231117:0511,0.0,0.0,0.0,-0.71,0.55,0.0
20231117:0611,0.0,0.0,0.0,-0.9,0.55,0.0
20231117:0711,0.0,0.0,0.0,-0.5,0.41,0.0
20231117:0811,0.0,0.0,0.0,-0.62,0.55,0.0
20231117:0911,18.38,21.32,5.73,-0.34,0.28,0.0
20231117:1011,84.02,62.55,10.16,0.44,0.34,0.0
20231117:1111,245.24,153.11,12.84,0.98,0.41,0.0
20231117:1211,201.28,129.29,13.55,1.65,0.48,0.0
20231117:1311,105.78,75.7,12.23,2.09,0.69,0.0
20231117:1411,180.68,117.97,8.98,2.49,0.62,0.0
20231117:1511,36.66,34.09,4.08,2.51,0.9,0.0
20231117:1611,0.0,0.0,0.0,2.24,0.9,0.0
20231117:1711,0.0,0.0,0.0,1.66,0.9,0.0
20231117:1811,0.0,0.0,0.0,1.5,1.03,0.0
20231117:1911,0.0,0.0,0.0,1.8,0.97,0.0
20231117:2011,0.0,0.0,0.0,1.82,0.97,0.0
20231117:2111,0.0,0.0,0.0,1.94,1.03,0.0
20231117:2211,0.0,0.0,0.0,2.02,1.31,0.0
20231117:2311,0.0,0.0,0.0,2.26,1.45,0.0
20231118:0011,0.0,0.0,0.0,2.72,1.59,0.0
20231118:0111,0.0,0.0,0.0,3.05,1.79,0.0
20231118:0211,0.0,0.0,0.0,3.45,2.14,0.0
20231118:0311,0.0,0.0,0.0,3.78,2.76,0.0
20231118:0411,0.0,0.0,0.0,3.77,3.1,0.0
20231118:0511,0.0,0.0,0.0,3.73,3.24,0.0
20231118:0611,0.0,0.0,0.0,3.7,3.38,0.0
20231118:0711,0.0,0.0,0.0,4.23,2.9,0.0
20231118:0811,0.0,0.0,0.0,4.67,2.76,0.0
20231118:0911,117.68,83.36,5.48,5.06,2.34,0.0
20231118:1011,32.44,31.52,9.91,5.23,1.93,0.0
20231118:1111,9.42,14.83,12.59,5.43,1.66,0.0
20231118:1211,274.8,172.23,13.31,5.71,1.45,0.0
20231118:1311,476.32,287.15,12.0,5.98,1.24,0.0
20231118:1411,590.7,356.32,8.77,6.19,1.1,0.0
20231118:1511,0.0,4.64,3.88,6.09,1.17,0.0
20231118:1611,0.0,0.0,0.0,5.68,1.38,0.0
20231118:1711,0.0,0.0,0.0,5.34,1.52,0.0
20231118:1811,0.0,0.0,0.0,5.26,1.72,0.0
20231118:1911,0.0,0.0,0.0,6.15,1.79,0.0
20231118:2011,0.0,0.0,0.0,6.6,1.86,0.0
20231118:2111,0.0,0.0,0.0,7.04,2.0,0.0
20231118:2211,0.0,0.0,0.0,7.36,2.07,0.0
20231118:2311,0.0,0.0,0.0,7.56,2.28,0.0
20231119:0011,0.0,0.0,0.0,7.58,2.21,0.0
20231119:0111,0.0,0.0,0.0,7.59,2.34,0.0
20231119:0211,0.0,0.0,0.0,7.79,2.69,0.0
20231119:0311,0.0,0.0,0.0,8.05,2.9,0.0
20231119:0411,0.0,0.0,0.0,8.15,2.9,0.0
20231119:0511,0.0,0.0,0.0,8.24,2.83,0.0
20231119:0611,0.0,0.0,0.0,8.19,2.76,0.0
20231119:0711,0.0,0.0,0.0,8.05,2.55,0.0
20231119:0811,0.0,0.0,0.0,8.24,2.34,0.0
20231119:0911,248.6,160.37,5.24,8.34,2.14,0.0
20231119:1011,588.56,355.9,9.67,8.6,2.14,0.0
20231119:1111,611.86,369.37,12.35,8.87,2.21,0.0
20231119:1211,338.84,210.54,13.08,9.14,2.48,0.0
20231119:1311,236.62,152.64,11.77,9.33,2.55,0.0
20231119:1411,101.62,75.01,8.56,9.36,2.34,0.0
20231119:1511,36.12,34.56,3.69,9.0,2.28,0.0
20231119:1611,0.0,0.0,0.0,8.5,2.14,0.0
20231119:1711,0.0,0.0,0.0,8.0,2.0,0.0
20231119:1811,0.0,0.0,0.0,7.99,1.86,0.0
20231119:1911,0.0,0.0,0.0,8.03,1.79,0.0
20231119:2011,0.0,0.0,0.0,7.8,1.79,0.0
20231119:2111,0.0,0.0,0.0,7.75,1.79,0.0
20231119:2211,0.0,0.0,0.0,7.82,1.79,0.0
20231119:2311,0.0,0.0,0.0,7.99,1.72,0.0
20231120:0011,0.0,0.0,0.0,8.3,1.66,0.0
20231120:0111,0.0,0.0,0.0,8.4,1.59,0.0
20231120:0211,0.0,0.0,0.0,8.44,1.52,0.0
20231120:0311,0.0,0.0,0.0,8.38,1.38,0.0
20231120:0411,0.0,0.0,0.0,8.18,1.45,0.0
20231120:0511,0.0,0.0,0.0,8.05,1.59,0.0
20231120:0611,0.0,0.0,0.0,7.91,1.66,0.0
20231120:0711,0.0,0.0,0.0,8.23,1.59,0.0
20231120:0811,0.0,0.0,0.0,8.28,1.86,0.0
20231120:0911,0.0,4.64,5.01,8.31,2.0,0.0
20231120:1011,7.1,12.98,9.43,8.38,2.41,0.0
20231120:1111,8.18,13.91,12.12,8.04,3.79,0.0
20231120:1211,9.32,14.83,12.85,7.39,3.79,0.0
20231120:1311,21.5,24.1,11.55,6.88,3.86,0.0
20231120:1411,3.2,9.27,8.35,6.61,4.14,0.0
20231120:1511,0.0,2.78,3.5,6.32,4.14,0.0
20231120:1611,0.0,0.0,0.0,6.01,4.14,0.0
20231120:1711,0.0,0.0,0.0,5.73,4.14,0.0
20231120:1811,0.0,0.0,0.0,5.56,4.0,0.0
20231120:1911,0.0,0.0,0.0,5.34,3.59,0.0
20231120:2011,0.0,0.0,0.0,5.02,3.24,0.0
20231120:2111,0.0,0.0,0.0,4.78,3.1,0.0
20231120:2211,0.0,0.0,0.0,4.49,2.83,0.0
20231120:2311,0.0,0.0,0.0,4.26,2.48,0.0
20231121:0011,0.0,0.0,0.0,4.13,2.07,0.0
20231121:0111,0.0,0.0,0.0,3.98,1.66,0.0
20231121:0211,0.0,0.0,0.0,3.53,1.38,0.0
20231121:0311,0.0,0.0,0.0,2.98,1.24,0.0
20231121:0411,0.0,0.0,0.0,2.16,1.31,0.0
20231121:0511,0.0,0.0,0.0,2.12,1.17,0.0
20231121:0611,0.0,0.0,0.0,1.82,1.17,0.0
20231121:0711,0.0,0.0,0.0,1.68,1.38,0.0
20231121:0811,0.0,0.0,0.0,1.55,1.66,0.0
20231121:0911,9.66,14.83,4.77,1.67,1.79,0.0
20231121:1011,101.7,73.15,9.2,2.58,1.79,0.0
20231121:1111,102.7,74.16,11.89,3.42,2.0,0.0
20231121:1211,161.42,107.68,12.62,4.07,2.28,0.0
20231121:1311,49.7,42.65,11.34,4.67,2.34,0.0
20231121:1411,36.66,34.3,8.16,5.08,2.76,0.0
20231121:1511,0.0,4.64,3.32,5.06,3.17,0.0
20231121:1611,0.0,0.0,0.0,5.0,3.52,0.0
20231121:1711,0.0,0.0,0.0,4.88,3.79,0.0
20231121:1811,0.0,0.0,0.0,5.21,4.14,0.0
20231121:1911,0.0,0.0,0.0,5.94,4.41,0.0
20231121:2011,0.0,0.0,0.0,6.45,4.83,0.0
20231121:2111,0.0,0.0,0.0,7.14,5.03,0.0
20231121:2211,0.0,0.0,0.0,7.71,5.24,0.0
20231121:2311,0.0,0.0,0.0,8.17,5.38,0.0
20231122:0011,0.0,0.0,0.0,8.52,5.52,0.0
20231122:0111,0.0,0.0,0.0,8.71,5.72,0.0
20231122:0211,0.0,0.0,0.0,8.85,5.66,0.0
20231122:0311,0.0,0.0,0.0,9.17,5.59,0.0
20231122:0411,0.0,0.0,0.0,9.55,5.66,0.0
20231122:0511,0.0,0.0,0.0,9.97,5.59,0.0
20231122:0611,0.0,0.0,0.0,10.21,5.59,0.0
20231122:0711,0.0,0.0,0.0,10.22,5.66,0.0
20231122:0811,0.0,0.0,0.0,10.31,5.66,0.0
20231122:0911,90.12,68.54,4.55,10.39,5.59,0.0
20231122:1011,126.3,89.58,8.97,10.48,5.52,0.0
20231122:1111,10.24,15.76,11.66,10.59,5.66,0.0
20231122:1211,30.22,30.59,12.4,10.59,5.79,0.0
20231122:1311,24.92,26.89,11.14,10.63,6.0,0.0
20231122:1411,2.22,8.34,7.96,10.55,6.21,0.0
20231122:1511,0.0,2.78,3.14,10.47,6.48,0.0
20231122:1611,0.0,0.0,0.0,10.34,6.9,0.0
20231122:1711,0.0,0.0,0.0,10.24,7.1,0.0
20231122:1811,0.0,0.0,0.0,10.25,7.24,0.0
20231122:1911,0.0,0.0,0.0,10.49,7.1,0.0
20231122:2011,0.0,0.0,0.0,10.58,7.24,0.0
20231122:2111,0.0,0.0,0.0,10.75,7.38,0.0
20231122:2211,0.0,0.0,0.0,10.7,7.31,0.0
20231122:2311,0.0,0.0,0.0,10.37,7.31,0.0
20231123:0011,0.0,0.0,0.0,9.91,7.45,0.0
20231123:0111,0.0,0.0,0.0,9.48,7.45,0.0
20231123:0211,0.0,0.0,0.0,9.21,7.45,0.0
20231123:0311,0.0,0.0,0.0,8.85,7.17,0.0
20231123:0411,0.0,0.0,0.0,8.54,6.83,0.0
20231123:0511,0.0,0.0,0.0,8.36,6.48,0.0
20231123:0611,0.0,0.0,0.0,7.75,6.14,0.0
20231123:0711,0.0,0.0,0.0,7.94,6.55,0.0
20231123:0811,0.0,0.0,0.0,7.18,6.48,0.0
20231123:0911,0.0,3.71,4.32,6.41,6.28,0.0
20231123:1011,3.22,9.27,8.74,6.04,6.21,0.0
20231123:1111,454.06,269.52,11.44,5.97,6.07,0.0
20231123:1211,9.42,14.83,12.19,5.93,6.07,0.0
20231123:1311,11.72,16.69,10.94,5.77,6.0,0.0
20231123:1411,4.18,10.2,7.78,5.22,6.62,0.0
20231123:1511,0.0,1.85,2.97,5.01,6.07,0.0
20231123:1611,0.0,0.0,0.0,4.5,5.38,0.0
20231123:1711,0.0,0.0,0.0,4.03,5.17,0.0
20231123:1811,0.0,0.0,0.0,3.67,4.83,0.0
20231123:1911,0.0,0.0,0.0,3.88,4.62,0.0
20231123:2011,0.0,0.0,0.0,3.58,4.41,0.0
20231123:2111,0.0,0.0,0.0,3.33,4.21,0.0
20231123:2211,0.0,0.0,0.0,2.99,4.41,0.0
20231123:2311,0.0,0.0,0.0,2.62,4.28,0.0
20231124:0011,0.0,0.0,0.0,2.34,4.34,0.0
20231124:0111,0.0,0.0,0.0,2.14,4.28,0.0
20231124:0211,0.0,0.0,0.0,1.92,4.34,0.0
20231124:0311,0.0,0.0,0.0,1.82,4.28,0.0
20231124:0411,0.0,0.0,0.0,1.45,4.21,0.0
20231124:0511,0.0,0.0,0.0,1.32,4.0,0.0
20231124:0611,0.0,0.0,0.0,1.48,3.93,0.0
20231124:0711,0.0,0.0,0.0,1.53,3.79,0.0
20231124:0811,0.0,0.0,0.0,1.66,3.66,0.0
20231124:0911,0.0,3.5,4.11,1.87,3.52,0.0
20231124:1011,5.28,11.13,8.53,2.19,3.52,0.0
20231124:1111,18.1,21.32,11.23,2.73,2.9,0.0
20231124:1211,14.3,18.54,11.99,3.09,2.9,0.0
20231124:1311,45.68,39.87,10.74,3.26,3.1,0.0
20231124:1411,9.56,14.83,7.6,3.18,3.17,0.0
20231124:1511,0.0,2.78,2.81,2.86,2.41,0.0
20231124:1611,0.0,0.0,0.0,2.39,2.07,0.0
20231124:1711,0.0,0.0,0.0,1.86,1.93,0.0
20231124:1811,0.0,0.0,0.0,1.57,1.86,0.0
20231124:1911,0.0,0.0,0.0,1.01,1.66,0.0
20231124:2011,0.0,0.0,0.0,0.86,1.79,0.0
20231124:2111,0.0,0.0,0.0,0.53,1.86,0.0
20231124:2211,0.0,0.0,0.0,-0.01,1.72,0.0
20231124:2311,0.0,0.0,0.0,-0.4,1.66,0.0
20231125:0011,0.0,0.0,0.0,-0.33,1.52,0.0
20231125:0111,0.0,0.0,0.0,-0.27,1.52,0.0
20231125:0211,0.0,0.0,0.0,-0.3,1.52,0.0
20231125:0311,0.0,0.0,0.0,-0.39,1.52,0.0
20231125:0411,0.0,0.0,0.0,-0.42,1.45,0.0
20231125:0511,0.0,0.0,0.0,-0.39,1.38,0.0
20231125:0611,0.0,0.0,0.0,-0.55,1.38,0.0
20231125:0711,0.0,0.0,0.0,-0.18,1.1,0.0
20231125:0811,0.0,0.0,0.0,0.41,0.9,0.0
20231125:0911,0.0,3.5,3.89,0.67,0.83,0.0
20231125:1011,130.82,89.24,8.31,1.03,0.76,0.0
20231125:1111,526.54,311.11,11.02,1.49,0.62,0.0
20231125:1211,597.8,353.83,11.79,2.17,0.55,0.0
20231125:1311,787.44,470.24,10.56,2.59,0.55,0.0
20231125:1411,476.38,285.01,7.43,2.63,0.55,0.0
20231125:1511,19.82,22.63,2.65,2.07,0.69,0.0
20231125:1611,0.0,0.0,0.0,1.85,0.76,0.0
20231125:1711,0.0,0.0,0.0,1.68,0.83,0.0
20231125:1811,0.0,0.0,0.0,0.97,0.97,0.0
20231125:1911,0.0,0.0,0.0,1.15,0.83,0.0
20231125:2011,0.0,0.0,0.0,0.65,0.9,0.0
20231125:2111,0.0,0.0,0.0,0.25,0.9,0.0
20231125:2211,0.0,0.0,0.0,-0.96,1.03,0.0
20231125:2311,0.0,0.0,0.0,-1.52,1.1,0.0
20231126:0011,0.0,0.0,0.0,-2.16,1.17,0.0
20231126:0111,0.0,0.0,0.0,-2.68,1.31,0.0
20231126:0211,0.0,0.0,0.0,-2.72,1.24,0.0
20231126:0311,0.0,0.0,0.0,-2.51,1.31,0.0
20231126:0411,0.0,0.0,0.0,-2.43,1.31,0.0
20231126:0511,0.0,0.0,0.0,-2.52,1.17,0.0
20231126:0611,0.0,0.0,0.0,-2.56,1.17,0.0
20231126:0711,0.0,0.0,0.0,-1.9,1.38,0.0
20231126:0811,0.0,0.0,0.0,-1.32,1.52,0.0
20231126:0911,15.62,19.24,3.69,-1.53,1.31,0.0
20231126:1011,183.42,117.58,8.11,-0.86,0.97,0.0
20231126:1111,139.56,94.25,10.82,0.95,0.76,0.0
20231126:1211,724.06,428.33,11.6,1.83,0.69,0.0
20231126:1311,701.18,416.36,10.38,2.18,0.48,0.0
20231126:1411,420.2,252.28,7.27,2.18,0.48,0.0
20231126:1511,0.0,3.71,2.5,2.08,0.41,0.0
20231126:1611,0.0,0.0,0.0,1.9,0.34,0.0
20231126:1711,0.0,0.0,0.0,1.65,0.28,0.0
20231126:1811,0.0,0.0,0.0,1.52,0.41,0.0
20231126:1911,0.0,0.0,0.0,1.17,0.69,0.0
20231126:2011,0.0,0.0,0.0,1.05,0.62,0.0
20231126:2111,0.0,0.0,0.0,0.86,0.69,0.0
20231126:2211,0.0,0.0,0.0,0.27,0.9,0.0
20231126:2311,0.0,0.0,0.0,0.14,1.03,0.0
20231127:0011,0.0,0.0,0.0,0.17,1.1,0.0
20231127:0111,0.0,0.0,0.0,0.3,1.1,0.0
20231127:0211,0.0,0.0,0.0,0.52,1.24,0.0
20231127:0311,0.0,0.0,0.0,0.91,1.79,0.0
20231127:0411,0.0,0.0,0.0,1.38,2.28,0.0
20231127:0511,0.0,0.0,0.0,2.08,2.76,0.0
20231127:0611,0.0,0.0,0.0,2.3,2.97,0.0
20231127:0711,0.0,0.0,0.0,2.48,3.66,0.0
20231127:0811,0.0,0.0,0.0,2.37,3.45,0.0
20231127:0911,0.0,2.62,3.48,2.49,3.45,0.0
20231127:1011,11.92,16.69,7.91,2.68,3.45,0.0
20231127:1111,9.58,14.83,10.62,3.11,3.45,0.0
20231127:1211,29.98,29.67,11.41,3.51,2.97,0.0
20231127:1311,340.8,206.53,10.21,3.9,2.76,0.0
20231127:1411,19.22,22.25,7.11,4.19,2.97,0.0
20231127:1511,0.0,1.85,2.36,4.19,2.83,0.0
20231127:1611,0.0,0.0,0.0,3.73,2.41,0.0
20231127:1711,0.0,0.0,0.0,3.39,2.07,0.0
20231127:1811,0.0,0.0,0.0,3.1,1.93,0.0
20231127:1911,0.0,0.0,0.0,3.22,1.93,0.0
20231127:2011,0.0,0.0,0.0,3.01,1.59,0.0
20231127:2111,0.0,0.0,0.0,2.58,1.38,0.0
20231127:2211,0.0,0.0,0.0,2.17,1.17,0.0
20231127:2311,0.0,0.0,0.0,1.57,1.03,0.0
20231128:0011,0.0,0.0,0.0,0.74,0.9,0.0
20231128:0111,0.0,0.0,0.0,0.0,1.03,0.0
20231128:0211,0.0,0.0,0.0,-0.34,1.03,0.0
20231128:0311,0.0,0.0,0.0,-0.3,1.03,0.0
20231128:0411,0.0,0.0,0.0,-0.28,0.97,0.0
20231128:0511,0.0,0.0,0.0,-0.29,0.97,0.0
20231128:0611,0.0,0.0,0.0,-0.12,0.97,0.0
20231128:0711,0.0,0.0,0.0,-0.21,1.1,0.0
20231128:0811,0.0,0.0,0.0,-0.49,1.17,0.0
20231128:0911,0.0,2.62,3.29,-0.95,1.24,0.0
20231128:1011,12.14,16.69,7.71,-0.24,1.1,0.0
20231128:1111,23.62,25.03,10.43,0.12,1.1,0.0
20231128:1211,270.06,165.85,11.23,0.66,1.24,0.0
20231128:1311,722.44,422.93,10.04,0.94,1.45,0.0
20231128:1411,147.2,98.31,6.96,1.1,1.52,0.0
20231128:1511,0.0,1.75,2.23,0.7,1.52,0.0
20231128:1611,0.0,0.0,0.0,0.12,1.59,0.0
20231128:1711,0.0,0.0,0.0,-0.21,1.52,0.0
20231128:1811,0.0,0.0,0.0,-0.5,1.38,0.0
20231128:1911,0.0,0.0,0.0,-0.5,1.93,0.0
20231128:2011,0.0,0.0,0.0,-1.0,1.79,0.0
20231128:2111,0.0,0.0,0.0,-1.53,1.79,0.0
20231128:2211,0.0,0.0,0.0,-1.26,1.86,0.0
20231128:2311,0.0,0.0,0.0,-1.2,1.79,0.0
20231129:0011,0.0,0.0,0.0,-1.44,1.66,0.0
20231129:0111,0.0,0.0,0.0,-1.54,1.59,0.0
20231129:0211,0.0,0.0,0.0,-1.62,1.59,0.0
20231129:0311,0.0,0.0,0.0,-1.46,1.45,0.0
20231129:0411,0.0,0.0,0.0,-1.58,1.38,0.0
20231129:0511,0.0,0.0,0.0,-1.86,1.24,0.0
20231129:0611,0.0,0.0,0.0,-1.89,1.17,0.0
20231129:0711,0.0,0.0,0.0,-2.41,1.45,0.0
20231129:0811,0.0,0.0,0.0,-2.52,1.52,0.0
20231129:0911,7.76,13.12,3.09,-1.98,1.52,0.0
20231129:1011,261.72,160.33,7.52,-0.7,1.52,0.0
20231129:1111,17.08,20.4,10.25,0.07,1.66,0.0
20231129:1211,19.62,22.25,11.06,0.48,1.72,0.0
20231129:1311,47.74,40.79,9.88,0.67,2.21,0.0
20231129:1411,2.44,8.34,6.81,0.53,2.28,0.0
20231129:1511,0.0,1.75,2.1,0.11,2.48,0.0
20231129:1611,0.0,0.0,0.0,-0.43,2.0,0.0
20231129:1711,0.0,0.0,0.0,-0.93,1.79,0.0
20231129:1811,0.0,0.0,0.0,-1.06,1.52,0.0
20231129:1911,0.0,0.0,0.0,-1.03,0.97,0.0
20231129:2011,0.0,0.0,0.0,-0.96,0.83,0.0
20231129:2111,0.0,0.0,0.0,-0.98,0.76,0.0
20231129:2211,0.0,0.0,0.0,-1.32,0.97,0.0
20231129:2311,0.0,0.0,0.0,-1.45,1.03,0.0
20231130:0011,0.0,0.0,0.0,-1.13,1.1,0.0
20231130:0111,0.0,0.0,0.0,-0.99,1.1,0.0
20231130:0211,0.0,0.0,0.0,-0.86,0.97,0.0
20231130:0311,0.0,0.0,0.0,-0.75,1.03,0.0
20231130:0411,0.0,0.0,0.0,-1.11,1.17,0.0
20231130:0511,0.0,0.0,0.0,-0.93,1.24,0.0
20231130:0611,0.0,0.0,0.0,-0.81,1.38,0.0
20231130:0711,0.0,0.0,0.0,-0.39,1.52,0.0
20231130:0811,0.0,0.0,0.0,-0.56,1.52,0.0
20231130:0911,0.0,3.5,2.91,-1.01,1.38,0.0
20231130:1011,89.24,65.02,7.34,-0.6,1.24,0.0
20231130:1111,302.9,183.67,10.07,0.46,1.17,0.0
20231130:1211,7.46,12.98,10.89,0.96,1.17,0.0
20231130:1311,206.82,131.42,9.73,1.19,1.17,0.0
20231130:1411,195.02,125.06,6.68,1.31,1.17,0.0
20231130:1511,0.0,1.75,1.98,0.84,1.17,0.0
20231130:1611,0.0,0.0,0.0,-0.03,1.17,0.0
20231130:1711,0.0,0.0,0.0,-0.35,1.1,0.0
20231130:1811,0.0,0.0,0.0,-0.65,1.1,0.0
20231130:1911,0.0,0.0,0.0,-0.89,1.24,0.0
20231130:2011,0.0,0.0,0.0,-1.44,1.31,0.0
20231130:2111,0.0,0.0,0.0,-1.86,1.38,0.0
20231130:2211,0.0,0.0,0.0,-2.28,1.31,0.0
20231130:2311,0.0,0.0,0.0,-2.5,1.45,0.0
20231201:0011,0.0,0.0,0.0,-2.65,1.38,0.0
20231201:0111,0.0,0.0,0.0,-2.55,1.17,0.0
20231201:0211,0.0,0.0,0.0,-2.65,1.1,0.0
20231201:0311,0.0,0.0,0.0,-2.92,1.24,0.0
20231201:0411,0.0,0.0,0.0,-3.19,1.24,0.0
20231201:0511,0.0,0.0,0.0,-3.22,1.24,0.0
20231201:0611,0.0,0.0,0.0,-3.66,1.24,0.0
20231201:0711,0.0,0.0,0.0,-3.32,0.9,0.0
20231201:0811,0.0,0.0,0.0,-3.42,0.83,0.0
20231201:0911,7.84,13.12,2.73,-3.35,0.76,0.0
20231201:1011,103.66,72.63,7.16,-2.97,0.76,0.0
20231201:1111,298.22,179.41,9.9,-2.15,0.69,0.0
20231201:1211,245.08,151.06,10.73,-1.38,0.76,0.0
20231201:1311,613.4,357.29,9.58,-0.99,0.76,0.0
20231201:1411,398.84,236.36,6.55,-1.02,0.83,0.0
20231201:1511,0.0,2.62,1.86,-1.57,0.9,0.0
20231201:1611,0.0,0.0,0.0,-2.51,1.17,0.0
20231201:1711,0.0,0.0,0.0,-3.38,1.24,0.0
20231201:1811,0.0,0.0,0.0,-4.09,1.38,0.0
20231201:1911,0.0,0.0,0.0,-3.58,1.31,0.0
20231201:2011,0.0,0.0,0.0,-4.17,1.31,0.0
20231201:2111,0.0,0.0,0.0,-4.56,1.38,0.0
20231201:2211,0.0,0.0,0.0,-4.97,1.38,0.0
20231201:2311,0.0,0.0,0.0,-5.21,1.45,0.0
20231202:0011,0.0,0.0,0.0,-5.31,1.52,0.0
20231202:0111,0.0,0.0,0.0,-5.37,1.59,0.0
20231202:0211,0.0,0.0,0.0,-5.39,1.59,0.0
20231202:0311,0.0,0.0,0.0,-5.4,1.59,0.0
20231202:0411,0.0,0.0,0.0,-5.31,1.52,0.0
20231202:0511,0.0,0.0,0.0,-5.22,1.45,0.0
20231202:0611,0.0,0.0,0.0,-5.12,1.38,0.0
20231202:0711,0.0,0.0,0.0,-5.59,1.45,0.0
20231202:0811,0.0,0.0,0.0,-5.66,1.45,0.0
20231202:0911,3.0,8.74,2.55,-5.56,1.38,0.0
20231202:1011,215.22,132.54,6.99,-5.23,1.24,0.0
20231202:1111,519.2,297.95,9.74,-4.43,1.03,0.0
20231202:1211,378.76,221.75,10.58,-3.53,1.03,0.0
20231202:1311,347.14,205.11,9.44,-2.93,1.03,0.0
20231202:1411,288.04,173.54,6.42,-2.95,1.03,0.0
20231202:1511,0.0,1.75,1.76,-3.33,1.17,0.0
20231202:1611,0.0,0.0,0.0,-4.17,1.31,0.0
20231202:1711,0.0,0.0,0.0,-4.49,1.31,0.0
20231202:1811,0.0,0.0,0.0,-4.69,1.31,0.0
20231202:1911,0.0,0.0,0.0,-4.61,1.31,0.0
20231202:2011,0.0,0.0,0.0,-4.86,1.17,0.0
20231202:2111,0.0,0.0,0.0,-5.15,1.1,0.0
20231202:2211,0.0,0.0,0.0,-5.33,1.1,0.0
20231202:2311,0.0,0.0,0.0,-5.86,1.17,0.0
20231203:0011,0.0,0.0,0.0,-6.26,1.1,0.0
20231203:0111,0.0,0.0,0.0,-6.8,1.03,0.0
20231203:0211,0.0,0.0,0.0,-7.16,1.03,0.0
20231203:0311,0.0,0.0,0.0,-7.07,0.9,0.0
20231203:0411,0.0,0.0,0.0,-7.33,0.9,0.0
20231203:0511,0.0,0.0,0.0,-7.3,0.83,0.0
20231203:0611,0.0,0.0,0.0,-7.35,0.76,0.0
20231203:0711,0.0,0.0,0.0,-7.13,0.76,0.0
20231203:0811,0.0,0.0,0.0,-7.17,0.62,0.0
20231203:0911,0.56,6.12,2.38,-7.14,0.55,0.0
20231203:1011,182.14,114.39,6.83,-6.44,0.48,0.0
20231203:1111,416.94,241.48,9.58,-5.4,0.34,0.0
20231203:1211,316.68,187.96,10.44,-4.52,0.21,0.0
20231203:1311,261.68,158.6,9.31,-4.06,0.07,0.0
20231203:1411,241.38,147.96,6.31,-3.92,0.14,0.0
20231203:1511,0.0,0.87,1.65,-4.12,0.14,0.0
20231203:1611,0.0,0.0,0.0,-4.6,0.0,0.0
20231203:1711,0.0,0.0,0.0,-4.58,0.0,0.0
20231203:1811,0.0,0.0,0.0,-4.18,0.07,0.0
20231203:1911,0.0,0.0,0.0,-3.47,0.28,0.0
20231203:2011,0.0,0.0,0.0,-3.21,0.41,0.0
20231203:2111,0.0,0.0,0.0,-3.05,0.55,0.0
20231203:2211,0.0,0.0,0.0,-3.05,0.62,0.0
20231203:2311,0.0,0.0,0.0,-3.01,0.69,0.0
20231204:0011,0.0,0.0,0.0,-2.85,0.97,0.0
20231204:0111,0.0,0.0,0.0,-2.54,1.1,0.0
20231204:0211,0.0,0.0,0.0,-2.07,1.38,0.0
20231204:0311,0.0,0.0,0.0,-1.78,1.45,0.0
20231204:0411,0.0,0.0,0.0,-1.56,1.72,0.0
20231204:0511,0.0,0.0,0.0,-1.17,1.86,0.0
20231204:0611,0.0,0.0,0.0,-0.66,2.07,0.0
20231204:0711,0.0,0.0,0.0,0.34,2.9,0.0
20231204:0811,0.0,0.0,0.0,0.64,2.9,0.0
20231204:0911,0.0,1.75,2.22,0.69,2.83,0.0
20231204:1011,8.56,13.91,6.67,1.03,2.69,0.0
20231204:1111,592.52,343.96,9.43,1.4,3.1,0.0
20231204:1211,382.42,227.03,10.3,1.53,2.97,0.0
20231204:1311,206.72,131.05,9.19,1.78,3.45,0.0
20231204:1411,0.76,6.49,6.2,1.78,2.69,0.0
20231204:1511,0.0,0.87,1.56,1.58,2.83,0.0
20231204:1611,0.0,0.0,0.0,1.23,2.69,0.0
20231204:1711,0.0,0.0,0.0,1.12,2.55,0.0
20231204:1811,0.0,0.0,0.0,0.95,2.34,0.0
20231204:1911,0.0,0.0,0.0,0.73,2.28,0.0
20231204:2011,0.0,0.0,0.0,0.72,2.21,0.0
20231204:2111,0.0,0.0,0.0,0.74,2.14,0.0
20231204:2211,0.0,0.0,0.0,0.67,1.93,0.0
20231204:2311,0.0,0.0,0.0,0.66,1.79,0.0
20231205:0011,0.0,0.0,0.0,0.66,1.72,0.0
20231205:0111,0.0,0.0,0.0,0.5,1.59,0.0
20231205:0211,0.0,0.0,0.0,0.25,1.52,0.0
20231205:0311,0.0,0.0,0.0,0.16,1.31,0.0
20231205:0411,0.0,0.0,0.0,-0.01,1.17,0.0
20231205:0511,0.0,0.0,0.0,-0.29,1.03,0.0
20231205:0611,0.0,0.0,0.0,-0.55,0.9,0.0
20231205:0711,0.0,0.0,0.0,-0.44,1.03,0.0
20231205:0811,0.0,0.0,0.0,-0.46,0.69,0.0
20231205:0911,0.0,1.75,2.06,-0.52,0.55,0.0
20231205:1011,8.64,13.91,6.52,-0.38,0.55,0.0
20231205:1111,121.18,83.47,9.29,-0.14,0.48,0.0
20231205:1211,56.8,46.36,10.17,0.11,0.48,0.0
20231205:1311,129.56,88.24,9.07,0.1,0.34,0.0
20231205:1411,9.76,14.83,6.1,0.0,0.41,0.0
20231205:1511,0.0,0.87,1.48,-0.52,0.34,0.0
20231205:1611,0.0,0.0,0.0,-1.45,0.55,0.0
20231205:1711,0.0,0.0,0.0,-2.21,0.76,0.0
20231205:1811,0.0,0.0,0.0,-2.76,0.97,0.0
20231205:1911,0.0,0.0,0.0,-3.1,1.1,0.0
20231205:2011,0.0,0.0,0.0,-3.61,1.1,0.0
20231205:2111,0.0,0.0,0.0,-4.03,1.1,0.0
20231205:2211,0.0,0.0,0.0,-4.74,1.1,0.0
20231205:2311,0.0,0.0,0.0,-4.97,1.17,0.0
20231206:0011,0.0,0.0,0.0,-5.15,1.17,0.0
20231206:0111,0.0,0.0,0.0,-5.22,1.1,0.0
20231206:0211,0.0,0.0,0.0,-5.38,1.17,0.0
20231206:0311,0.0,0.0,0.0,-5.39,1.1,0.0
20231206:0411,0.0,0.0,0.0,-5.54,1.17,0.0
20231206:0511,0.0,0.0,0.0,-5.65,1.17,0.0
20231206:0611,0.0,0.0,0.0,-5.51,1.1,0.0
20231206:0711,0.0,0.0,0.0,-5.78,1.17,0.0
20231206:0811,0.0,0.0,0.0,-6.13,1.17,0.0
20231206:0911,0.0,0.87,1.91,-6.26,1.1,0.0
20231206:1011,41.68,36.03,6.37,-5.62,1.03,0.0
20231206:1111,82.44,60.36,9.15,-4.44,0.97,0.0
20231206:1211,101.14,71.24,10.04,-3.39,0.9,0.0
20231206:1311,109.2,75.97,8.96,-2.49,0.83,0.0
20231206:1411,112.14,77.68,6.01,-1.84,0.83,0.0
20231206:1511,0.0,0.87,1.4,-1.69,1.03,0.0
20231206:1611,0.0,0.0,0.0,-2.03,1.45,0.0
20231206:1711,0.0,0.0,0.0,-1.87,1.86,0.0
20231206:1811,0.0,0.0,0.0,-1.7,2.21,0.0
20231206:1911,0.0,0.0,0.0,-1.21,2.48,0.0
20231206:2011,0.0,0.0,0.0,-0.5,2.76,0.0
20231206:2111,0.0,0.0,0.0,0.13,2.9,0.0
20231206:2211,0.0,0.0,0.0,0.66,3.24,0.0
20231206:2311,0.0,0.0,0.0,0.93,3.45,0.0
20231207:0011,0.0,0.0,0.0,0.99,3.66,0.0
20231207:0111,0.0,0.0,0.0,1.22,3.72,0.0
20231207:0211,0.0,0.0,0.0,1.41,3.72,0.0
20231207:0311,0.0,0.0,0.0,1.51,3.66,0.0
20231207:0411,0.0,0.0,0.0,1.67,3.52,0.0
20231207:0511,0.0,0.0,0.0,1.8,3.45,0.0
20231207:0611,0.0,0.0,0.0,1.95,3.66,0.0
20231207:0711,0.0,0.0,0.0,2.58,3.93,0.0
20231207:0811,0.0,0.0,0.0,2.85,4.0,0.0
20231207:0911,0.0,0.87,1.77,3.19,4.28,0.0
20231207:1011,37.08,34.25,6.23,3.7,4.62,0.0
20231207:1111,38.34,35.23,9.03,4.02,4.97,0.0
20231207:1211,19.22,22.25,9.93,4.26,4.97,0.0
20231207:1311,9.5,14.83,8.86,4.3,4.76,0.0
20231207:1411,4.22,10.2,5.92,4.22,4.62,0.0
20231207:1511,0.0,0.0,0.0,4.07,4.55,0.0
20231207:1611,0.0,0.0,0.0,4.03,4.55,0.0
20231207:1711,0.0,0.0,0.0,4.07,4.69,0.0
20231207:1811,0.0,0.0,0.0,3.94,4.62,0.0
20231207:1911,0.0,0.0,0.0,4.18,4.55,0.0
20231207:2011,0.0,0.0,0.0,3.91,4.34,0.0
20231207:2111,0.0,0.0,0.0,3.58,4.14,0.0
20231207:2211,0.0,0.0,0.0,3.29,3.72,0.0
20231207:2311,0.0,0.0,0.0,3.04,3.17,0.0
20231208:0011,0.0,0.0,0.0,3.0,2.41,0.0
20231208:0111,0.0,0.0,0.0,2.83,1.93,0.0
20231208:0211,0.0,0.0,0.0,2.73,1.66,0.0
20231208:0311,0.0,0.0,0.0,2.42,1.45,0.0
20231208:0411,0.0,0.0,0.0,1.98,1.38,0.0
20231208:0511,0.0,0.0,0.0,1.64,1.31,0.0
20231208:0611,0.0,0.0,0.0,1.21,1.38,0.0
20231208:0711,0.0,0.0,0.0,1.06,1.45,0.0
20231208:0811,0.0,0.0,0.0,1.27,1.31,0.0
20231208:0911,0.0,0.87,1.63,1.56,1.31,0.0
20231208:1011,23.38,25.03,6.1,1.98,1.38,0.0
20231208:1111,304.42,186.23,8.9,3.01,1.45,0.0
20231208:1211,84.78,63.71,9.82,3.92,1.59,0.0
20231208:1311,70.1,55.02,8.77,4.61,1.79,0.0
20231208:1411,11.78,16.69,5.84,4.76,1.93,0.0
20231208:1511,0.0,0.0,0.0,4.63,2.07,0.0
20231208:1611,0.0,0.0,0.0,4.4,1.93,0.0
20231208:1711,0.0,0.0,0.0,4.14,1.93,0.0
20231208:1811,0.0,0.0,0.0,4.06,1.86,0.0
20231208:1911,0.0,0.0,0.0,4.42,2.07,0.0
20231208:2011,0.0,0.0,0.0,4.49,2.14,0.0
20231208:2111,0.0,0.0,0.0,4.56,2.21,0.0
20231208:2211,0.0,0.0,0.0,4.73,2.21,0.0
20231208:2311,0.0,0.0,0.0,4.7,2.07,0.0
20231209:0011,0.0,0.0,0.0,4.75,2.07,0.0
20231209:0111,0.0,0.0,0.0,4.74,2.28,0.0
20231209:0211,0.0,0.0,0.0,4.66,2.34,0.0
20231209:0311,0.0,0.0,0.0,4.53,2.28,0.0
20231209:0411,0.0,0.0,0.0,4.3,2.28,0.0
20231209:0511,0.0,0.0,0.0,4.17,1.93,0.0
20231209:0611,0.0,0.0,0.0,3.98,1.66,0.0
20231209:0711,0.0,0.0,0.0,4.57,1.66,0.0
20231209:0811,0.0,0.0,0.0,4.73,1.72,0.0
20231209:0911,0.0,0.87,1.5,4.8,1.66,0.0
20231209:1011,12.94,17.62,5.98,4.83,1.45,0.0
20231209:1111,309.74,190.8,8.79,5.03,1.45,0.0
20231209:1211,337.04,206.38,9.71,5.43,1.52,0.0
20231209:1311,122.08,85.66,8.68,5.63,1.66,0.0
20231209:1411,185.58,121.77,5.77,5.69,1.86,0.0
20231209:1511,0.0,0.0,0.0,5.38,2.14,0.0
20231209:1611,0.0,0.0,0.0,5.21,2.14,0.0
20231209:1711,0.0,0.0,0.0,5.17,2.07,0.0
20231209:1811,0.0,0.0,0.0,5.19,2.0,0.0
20231209:1911,0.0,0.0,0.0,5.06,1.38,0.0
20231209:2011,0.0,0.0,0.0,4.76,1.1,0.0
20231209:2111,0.0,0.0,0.0,4.28,0.97,0.0
20231209:2211,0.0,0.0,0.0,4.6,0.69,0.0
20231209:2311,0.0,0.0,0.0,5.05,0.34,0.0
20231210:0011,0.0,0.0,0.0,4.88,0.62,0.0
20231210:0111,0.0,0.0,0.0,4.02,0.76,0.0
20231210:0211,0.0,0.0,0.0,3.16,1.03,0.0
20231210:0311,0.0,0.0,0.0,2.85,1.03,0.0
20231210:0411,0.0,0.0,0.0,2.21,1.17,0.0
20231210:0511,0.0,0.0,0.0,2.0,1.03,0.0
20231210:0611,0.0,0.0,0.0,1.79,1.1,0.0
20231210:0711,0.0,0.0,0.0,2.71,1.45,0.0
20231210:0811,0.0,0.0,0.0,3.03,1.45,0.0
20231210:0911,0.0,0.87,1.37,3.08,1.38,0.0
20231210:1011,16.76,20.4,5.86,3.36,1.31,0.0
20231210:1111,45.48,39.87,8.68,3.82,1.24,0.0
20231210:1211,16.68,20.4,9.62,4.17,1.31,0.0
20231210:1311,14.18,18.54,8.6,4.52,1.38,0.0
20231210:1411,4.2,10.2,5.71,4.52,1.45,0.0
20231210:1511,0.0,0.0,0.0,4.38,1.52,0.0
20231210:1611,0.0,0.0,0.0,4.18,1.59,0.0
20231210:1711,0.0,0.0,0.0,4.1,1.93,0.0
20231210:1811,0.0,0.0,0.0,4.1,2.41,0.0
20231210:1911,0.0,0.0,0.0,4.11,2.76,0.0
20231210:2011,0.0,0.0,0.0,3.97,2.48,0.0
20231210:2111,0.0,0.0,0.0,3.81,2.28,0.0
20231210:2211,0.0,0.0,0.0,3.7,2.14,0.0
20231210:2311,0.0,0.0,0.0,3.63,2.14,0.0
20231211:0011,0.0,0.0,0.0,3.61,2.21,0.0
20231211:0111,0.0,0.0,0.0,3.48,2.55,0.0
20231211:0211,0.0,0.0,0.0,3.47,2.48,0.0
20231211:0311,0.0,0.0,0.0,3.47,2.62,0.0
20231211:0411,0.0,0.0,0.0,3.39,2.55,0.0
20231211:0511,0.0,0.0,0.0,3.38,2.62,0.0
20231211:0611,0.0,0.0,0.0,3.27,2.55,0.0
20231211:0711,0.0,0.0,0.0,3.43,2.48,0.0
20231211:0811,0.0,0.0,0.0,3.35,2.14,0.0
20231211:0911,0.0,0.0,0.0,3.33,2.0,0.0
20231211:1011,4.24,10.2,5.75,3.36,2.0,0.0
20231211:1111,61.88,49.89,8.58,3.55,2.48,0.0
20231211:1211,80.66,61.14,9.53,3.67,2.28,0.0
20231211:1311,44.08,38.94,8.53,3.69,2.0,0.0
20231211:1411,3.28,9.27,5.65,3.69,1.79,0.0
20231211:1511,0.0,0.0,0.0,3.15,1.66,0.0
20231211:1611,0.0,0.0,0.0,2.55,1.72,0.0
20231211:1711,0.0,0.0,0.0,2.35,1.79,0.0
20231211:1811,0.0,0.0,0.0,2.32,1.79,0.0
20231211:1911,0.0,0.0,0.0,2.91,2.07,0.0
20231211:2011,0.0,0.0,0.0,2.82,2.28,0.0
20231211:2111,0.0,0.0,0.0,2.91,2.28,0.0
20231211:2211,0.0,0.0,0.0,2.95,2.14,0.0
20231211:2311,0.0,0.0,0.0,2.91,2.28,0.0
20231212:0011,0.0,0.0,0.0,2.96,2.55,0.0
20231212:0111,0.0,0.0,0.0,2.84,2.76,0.0
20231212:0211,0.0,0.0,0.0,2.81,2.9,0.0
20231212:0311,0.0,0.0,0.0,2.84,3.03,0.0
20231212:0411,0.0,0.0,0.0,2.94,3.17,0.0
20231212:0511,0.0,0.0,0.0,3.08,3.17,0.0
20231212:0611,0.0,0.0,0.0,3.12,3.17,0.0
20231212:0711,0.0,0.0,0.0,3.58,3.17,0.0
20231212:0811,0.0,0.0,0.0,3.61,3.03,0.0
20231212:0911,0.0,0.0,0.0,3.72,2.97,0.0
20231212:1011,9.52,14.83,5.64,3.86,2.83,0.0
20231212:1111,17.96,21.32,8.49,3.95,2.83,0.0
20231212:1211,49.9,42.65,9.45,3.95,2.83,0.0
20231212:1311,8.4,13.91,8.46,3.92,2.76,0.0
20231212:1411,32.02,30.95,5.6,3.83,2.76,0.0
20231212:1511,0.0,0.0,0.0,3.68,2.55,0.0
20231212:1611,0.0,0.0,0.0,3.54,2.69,0.0
20231212:1711,0.0,0.0,0.0,3.42,2.55,0.0
20231212:1811,0.0,0.0,0.0,3.38,2.41,0.0
20231212:1911,0.0,0.0,0.0,3.34,2.41,0.0
20231212:2011,0.0,0.0,0.0,3.08,2.14,0.0
20231212:2111,0.0,0.0,0.0,2.85,2.07,0.0
20231212:2211,0.0,0.0,0.0,2.75,1.86,0.0
20231212:2311,0.0,0.0,0.0,2.54,1.86,0.0
20231213:0011,0.0,0.0,0.0,2.31,1.72,0.0
20231213:0111,0.0,0.0,0.0,2.27,1.66,0.0
20231213:0211,0.0,0.0,0.0,1.97,1.52,0.0
20231213:0311,0.0,0.0,0.0,2.11,1.38,0.0
20231213:0411,0.0,0.0,0.0,1.81,1.1,0.0
20231213:0511,0.0,0.0,0.0,1.86,1.1,0.0
20231213:0611,0.0,0.0,0.0,1.84,0.76,0.0
20231213:0711,0.0,0.0,0.0,1.6,0.69,0.0
20231213:0811,0.0,0.0,0.0,1.42,0.69,0.0
20231213:0911,0.0,0.0,0.0,1.11,0.9,0.0
20231213:1011,51.26,42.88,5.55,1.3,0.76,0.0
20231213:1111,736.52,434.22,8.4,1.69,1.1,0.0
20231213:1211,742.66,436.16,9.38,1.82,1.52,0.0
20231213:1311,535.8,315.31,8.41,2.19,1.66,0.0
20231213:1411,494.44,292.53,5.56,2.43,2.14,0.0
20231213:1511,0.0,0.0,0.0,2.28,2.28,0.0
20231213:1611,0.0,0.0,0.0,1.69,2.48,0.0
20231213:1711,0.0,0.0,0.0,1.2,2.83,0.0
20231213:1811,0.0,0.0,0.0,1.07,3.1,0.0
20231213:1911,0.0,0.0,0.0,1.26,3.24,0.0
20231213:2011,0.0,0.0,0.0,1.35,3.59,0.0
20231213:2111,0.0,0.0,0.0,1.77,4.14,0.0
20231213:2211,0.0,0.0,0.0,2.12,4.48,0.0
20231213:2311,0.0,0.0,0.0,2.56,4.69,0.0
20231214:0011,0.0,0.0,0.0,2.78,4.9,0.0
20231214:0111,0.0,0.0,0.0,3.14,5.03,0.0
20231214:0211,0.0,0.0,0.0,3.49,5.03,0.0
20231214:0311,0.0,0.0,0.0,3.84,4.76,0.0
20231214:0411,0.0,0.0,0.0,4.36,4.14,0.0
20231214:0511,0.0,0.0,0.0,4.9,3.66,0.0
20231214:0611,0.0,0.0,0.0,4.81,3.52,0.0
20231214:0711,0.0,0.0,0.0,5.2,3.59,0.0
20231214:0811,0.0,0.0,0.0,5.28,3.93,0.0
20231214:0911,0.0,0.0,0.0,5.25,4.07,0.0
20231214:1011,90.08,66.75,5.46,5.33,4.07,0.0
20231214:1111,131.64,90.77,8.32,5.53,4.14,0.0
20231214:1211,712.26,418.31,9.32,5.86,4.34,0.0
20231214:1311,37.92,35.23,8.36,6.07,4.28,0.0
20231214:1411,0.0,5.56,5.52,6.05,4.14,0.0
20231214:1511,0.0,0.0,0.0,5.6,3.79,0.0
20231214:1611,0.0,0.0,0.0,5.32,3.59,0.0
20231214:1711,0.0,0.0,0.0,5.22,3.52,0.0
20231214:1811,0.0,0.0,0.0,5.1,3.52,0.0
20231214:1911,0.0,0.0,0.0,5.8,4.07,0.0
20231214:2011,0.0,0.0,0.0,5.89,4.21,0.0
20231214:2111,0.0,0.0,0.0,5.79,4.28,0.0
20231214:2211,0.0,0.0,0.0,5.92,4.41,0.0
20231214:2311,0.0,0.0,0.0,6.03,4.41,0.0
20231215:0011,0.0,0.0,0.0,6.12,4.28,0.0
20231215:0111,0.0,0.0,0.0,6.11,4.14,0.0
20231215:0211,0.0,0.0,0.0,6.24,4.14,0.0
20231215:0311,0.0,0.0,0.0,6.19,3.93,0.0
20231215:0411,0.0,0.0,0.0,6.14,3.86,0.0
20231215:0511,0.0,0.0,0.0,6.06,3.79,0.0
20231215:0611,0.0,0.0,0.0,6.09,3.86,0.0
20231215:0711,0.0,0.0,0.0,6.3,4.14,0.0
20231215:0811,0.0,0.0,0.0,6.23,4.07,0.0
20231215:0911,0.0,0.0,0.0,6.26,4.07,0.0
20231215:1011,14.02,18.54,5.37,6.68,4.21,0.0
20231215:1111,36.3,34.3,8.25,7.16,4.48,0.0
20231215:1211,22.72,25.03,9.26,7.51,4.9,0.0
20231215:1311,65.5,52.73,8.32,7.75,5.17,0.0
20231215:1411,0.0,5.56,5.5,8.06,5.93,0.0
20231215:1511,0.0,0.0,0.0,8.66,6.41,0.0
20231215:1611,0.0,0.0,0.0,9.17,6.69,0.0
20231215:1711,0.0,0.0,0.0,9.23,6.83,0.0
20231215:1811,0.0,0.0,0.0,9.15,6.83,0.0
20231215:1911,0.0,0.0,0.0,9.45,6.62,0.0
20231215:2011,0.0,0.0,0.0,9.44,6.55,0.0
20231215:2111,0.0,0.0,0.0,9.43,6.34,0.0
20231215:2211,0.0,0.0,0.0,9.39,6.21,0.0
20231215:2311,0.0,0.0,0.0,9.37,6.28,0.0
20231216:0011,0.0,0.0,0.0,9.42,6.28,0.0
20231216:0111,0.0,0.0,0.0,9.46,6.14,0.0
20231216:0211,0.0,0.0,0.0,9.53,6.28,0.0
20231216:0311,0.0,0.0,0.0,9.54,6.48,0.0
20231216:0411,0.0,0.0,0.0,9.43,6.55,0.0
20231216:0511,0.0,0.0,0.0,9.3,6.48,0.0
20231216:0611,0.0,0.0,0.0,9.24,6.55,0.0
20231216:0711,0.0,0.0,0.0,9.7,6.62,0.0
20231216:0811,0.0,0.0,0.0,9.85,6.76,0.0
20231216:0911,0.0,0.0,0.0,9.92,6.9,0.0
20231216:1011,221.18,143.2,5.3,9.97,7.17,0.0
20231216:1111,689.82,408.66,8.19,10.01,7.38,0.0
20231216:1211,44.22,39.87,9.21,9.87,7.24,0.0
20231216:1311,3.12,9.27,8.28,9.92,7.03,0.0
20231216:1411,5.0,11.13,5.48,9.81,6.55,0.0
20231216:1511,0.0,0.0,0.0,9.7,6.14,0.0
20231216:1611,0.0,0.0,0.0,9.64,5.86,0.0
20231216:1711,0.0,0.0,0.0,9.63,5.72,0.0
20231216:1811,0.0,0.0,0.0,9.59,5.59,0.0
20231216:1911,0.0,0.0,0.0,9.73,5.17,0.0
20231216:2011,0.0,0.0,0.0,9.7,5.1,0.0
20231216:2111,0.0,0.0,0.0,9.61,5.1,0.0
20231216:2211,0.0,0.0,0.0,9.42,5.45,0.0
20231216:2311,0.0,0.0,0.0,9.19,5.79,0.0
20231217:0011,0.0,0.0,0.0,8.98,6.07,0.0
20231217:0111,0.0,0.0,0.0,8.95,6.21,0.0
20231217:0211,0.0,0.0,0.0,8.91,6.21,0.0
20231217:0311,0.0,0.0,0.0,8.96,6.28,0.0
20231217:0411,0.0,0.0,0.0,9.0,6.48,0.0
20231217:0511,0.0,0.0,0.0,8.85,6.76,0.0
20231217:0611,0.0,0.0,0.0,8.7,6.83,0.0
20231217:0711,0.0,0.0,0.0,9.04,6.97,0.0
20231217:0811,0.0,0.0,0.0,9.18,6.97,0.0
20231217:0911,0.0,0.0,0.0,9.33,6.97,0.0
20231217:1011,10.3,15.76,5.23,9.6,6.83,0.0
20231217:1111,38.58,36.16,8.13,9.89,6.69,0.0
20231217:1211,176.4,117.85,9.17,10.14,6.48,0.0
20231217:1311,139.52,96.93,8.26,10.4,6.07,0.0
20231217:1411,16.1,20.4,5.47,10.46,5.52,0.0
20231217:1511,0.0,0.0,0.0,10.36,5.03,0.0
20231217:1611,0.0,0.0,0.0,10.27,4.69,0.0
20231217:1711,0.0,0.0,0.0,10.22,4.41,0.0
20231217:1811,0.0,0.0,0.0,10.2,4.14,0.0
20231217:1911,0.0,0.0,0.0,10.36,3.79,0.0
20231217:2011,0.0,0.0,0.0,10.2,3.38,0.0
20231217:2111,0.0,0.0,0.0,10.0,2.97,0.0
20231217:2211,0.0,0.0,0.0,9.74,2.83,0.0
20231217:2311,0.0,0.0,0.0,9.43,2.76,0.0
20231218:0011,0.0,0.0,0.0,9.22,2.83,0.0
20231218:0111,0.0,0.0,0.0,8.93,2.69,0.0
20231218:0211,0.0,0.0,0.0,8.74,2.41,0.0
20231218:0311,0.0,0.0,0.0,8.57,2.21,0.0
20231218:0411,0.0,0.0,0.0,8.37,2.0,0.0
20231218:0511,0.0,0.0,0.0,8.26,1.86,0.0
20231218:0611,0.0,0.0,0.0,8.32,1.72,0.0
20231218:0711,0.0,0.0,0.0,8.97,1.72,0.0
20231218:0811,0.0,0.0,0.0,9.13,1.79,0.0
20231218:0911,0.0,0.0,0.0,9.09,2.21,0.0
20231218:1011,116.92,83.56,5.17,8.88,2.97,0.0
20231218:1111,5.04,11.13,8.08,8.47,3.66,0.0
20231218:1211,33.36,32.45,9.13,8.05,4.21,0.0
20231218:1311,83.04,63.34,8.24,7.85,4.69,0.0
20231218:1411,0.0,5.56,5.46,7.72,5.24,0.0
20231218:1511,0.0,0.0,0.0,7.39,5.38,0.0
20231218:1611,0.0,0.0,0.0,7.03,5.52,0.0
20231218:1711,0.0,0.0,0.0,6.87,5.17,0.0
20231218:1811,0.0,0.0,0.0,5.86,4.76,0.0
20231218:1911,0.0,0.0,0.0,6.26,4.14,0.0
20231218:2011,0.0,0.0,0.0,5.58,3.93,0.0
20231218:2111,0.0,0.0,0.0,4.92,3.59,0.0
20231218:2211,0.0,0.0,0.0,4.33,3.38,0.0
20231218:2311,0.0,0.0,0.0,3.69,3.24,0.0
20231219:0011,0.0,0.0,0.0,3.15,3.1,0.0
20231219:0111,0.0,0.0,0.0,2.84,3.17,0.0
20231219:0211,0.0,0.0,0.0,2.78,3.17,0.0
20231219:0311,0.0,0.0,0.0,2.37,3.24,0.0
20231219:0411,0.0,0.0,0.0,2.26,3.66,0.0
20231219:0511,0.0,0.0,0.0,2.35,4.0,0.0
20231219:0611,0.0,0.0,0.0,2.72,4.48,0.0
20231219:0711,0.0,0.0,0.0,3.18,4.55,0.0
20231219:0811,0.0,0.0,0.0,3.53,4.83,0.0
20231219:0911,0.0,0.0,0.0,3.73,5.03,0.0
20231219:1011,348.5,210.19,5.11,3.79,4.9,0.0
20231219:1111,455.54,268.44,8.04,3.99,5.24,0.0
20231219:1211,197.72,127.06,9.11,4.42,5.52,0.0
20231219:1311,342.86,206.67,8.23,4.6,5.72,0.0
20231219:1411,120.18,83.77,5.47,4.54,5.79,0.0
20231219:1511,0.0,0.0,0.0,4.2,5.66,0.0
20231219:1611,0.0,0.0,0.0,3.89,5.17,0.0
20231219:1711,0.0,0.0,0.0,3.7,5.24,0.0
20231219:1811,0.0,0.0,0.0,3.76,5.24,0.0
20231219:1911,0.0,0.0,0.0,4.23,5.1,0.0
20231219:2011,0.0,0.0,0.0,3.99,4.9,0.0
20231219:2111,0.0,0.0,0.0,4.15,4.97,0.0
20231219:2211,0.0,0.0,0.0,4.17,5.24,0.0
20231219:2311,0.0,0.0,0.0,3.85,5.17,0.0
20231220:0011,0.0,0.0,0.0,3.2,5.17,0.0
20231220:0111,0.0,0.0,0.0,2.85,4.83,0.0
20231220:0211,0.0,0.0,0.0,2.63,4.69,0.0
20231220:0311,0.0,0.0,0.0,2.6,4.55,0.0
20231220:0411,0.0,0.0,0.0,2.52,4.28,0.0
20231220:0511,0.0,0.0,0.0,2.64,4.21,0.0
20231220:0611,0.0,0.0,0.0,2.69,4.0,0.0
20231220:0711,0.0,0.0,0.0,3.09,3.79,0.0
20231220:0811,0.0,0.0,0.0,3.28,3.52,0.0
20231220:0911,0.0,0.0,0.0,3.59,3.17,0.0
20231220:1011,0.0,4.64,5.07,4.44,3.52,0.0
20231220:1111,17.78,21.32,8.01,5.83,4.55,0.0
20231220:1211,16.44,20.4,9.09,6.9,5.17,0.0
20231220:1311,22.74,25.03,8.22,7.34,5.1,0.0
20231220:1411,20.14,23.18,5.48,7.49,4.9,0.0
20231220:1511,0.0,0.0,0.0,7.64,4.83,0.0
20231220:1611,0.0,0.0,0.0,7.65,4.76,0.0
20231220:1711,0.0,0.0,0.0,7.79,4.97,0.0
20231220:1811,0.0,0.0,0.0,7.89,5.17,0.0
20231220:1911,0.0,0.0,0.0,7.68,5.45,0.0
20231220:2011,0.0,0.0,0.0,7.79,5.72,0.0
20231220:2111,0.0,0.0,0.0,7.93,6.14,0.0
20231220:2211,0.0,0.0,0.0,8.1,6.83,0.0
20231220:2311,0.0,0.0,0.0,7.64,6.76,0.0
20231221:0011,0.0,0.0,0.0,7.42,6.69,0.0
20231221:0111,0.0,0.0,0.0,7.39,6.34,0.0
20231221:0211,0.0,0.0,0.0,7.67,6.55,0.0
20231221:0311,0.0,0.0,0.0,7.93,7.38,0.0
20231221:0411,0.0,0.0,0.0,7.95,8.21,0.0
20231221:0511,0.0,0.0,0.0,7.04,8.0,0.0
20231221:0611,0.0,0.0,0.0,6.59,7.59,0.0
20231221:0711,0.0,0.0,0.0,5.91,6.97,0.0
20231221:0811,0.0,0.0,0.0,5.16,7.03,0.0
20231221:0911,0.0,0.0,0.0,4.58,6.69,0.0
20231221:1011,63.52,50.7,5.03,4.27,6.55,0.0
20231221:1111,10.68,15.76,7.98,3.97,6.21,0.0
20231221:1211,13.06,17.62,9.08,3.7,6.41,0.0
20231221:1311,70.38,54.81,8.23,3.46,5.59,0.0
20231221:1411,20.62,23.18,5.5,3.36,5.72,0.0
20231221:1511,0.0,0.0,0.0,3.0,5.52,0.0
20231221:1611,0.0,0.0,0.0,2.39,5.24,0.0
20231221:1711,0.0,0.0,0.0,2.11,4.97,0.0
20231221:1811,0.0,0.0,0.0,2.19,4.69,0.0
20231221:1911,0.0,0.0,0.0,2.5,4.83,0.0
20231221:2011,0.0,0.0,0.0,2.34,4.62,0.0
20231221:2111,0.0,0.0,0.0,2.27,4.41,0.0
20231221:2211,0.0,0.0,0.0,2.28,4.07,0.0
20231221:2311,0.0,0.0,0.0,2.39,3.86,0.0
20231222:0011,0.0,0.0,0.0,2.08,3.45,0.0
20231222:0111,0.0,0.0,0.0,2.24,2.97,0.0
20231222:0211,0.0,0.0,0.0,2.48,3.1,0.0
20231222:0311,0.0,0.0,0.0,2.88,3.17,0.0
20231222:0411,0.0,0.0,0.0,3.13,3.38,0.0
20231222:0511,0.0,0.0,0.0,2.94,3.72,0.0
20231222:0611,0.0,0.0,0.0,2.66,3.79,0.0
20231222:0711,0.0,0.0,0.0,4.16,4.48,0.0
20231222:0811,0.0,0.0,0.0,4.01,4.14,0.0
20231222:0911,0.0,0.0,0.0,3.59,3.59,0.0
20231222:1011,0.02,5.56,5.0,3.25,3.79,0.0
20231222:1111,31.44,30.59,7.96,3.1,4.14,0.0
20231222:1211,58.84,47.83,9.08,2.85,4.55,0.0
20231222:1311,53.42,44.45,8.24,2.61,4.34,0.0
20231222:1411,49.8,42.06,5.52,2.48,4.34,0.0
20231222:1511,0.0,0.0,0.0,2.06,4.0,0.0
20231222:1611,0.0,0.0,0.0,1.7,3.66,0.0
20231222:1711,0.0,0.0,0.0,1.66,3.31,0.0
20231222:1811,0.0,0.0,0.0,1.6,2.97,0.0
20231222:1911,0.0,0.0,0.0,2.09,2.69,0.0
20231222:2011,0.0,0.0,0.0,1.72,2.0,0.0
20231222:2111,0.0,0.0,0.0,1.59,1.45,0.0
20231222:2211,0.0,0.0,0.0,1.23,0.9,0.0
20231222:2311,0.0,0.0,0.0,1.08,0.69,0.0
20231223:0011,0.0,0.0,0.0,1.05,0.48,0.0
20231223:0111,0.0,0.0,0.0,1.25,0.48,0.0
20231223:0211,0.0,0.0,0.0,1.35,0.55,0.0
20231223:0311,0.0,0.0,0.0,1.34,0.76,0.0
20231223:0411,0.0,0.0,0.0,1.31,0.97,0.0
20231223:0511,0.0,0.0,0.0,1.3,1.03,0.0
20231223:0611,0.0,0.0,0.0,1.32,1.1,0.0
20231223:0711,0.0,0.0,0.0,1.54,1.45,0.0
20231223:0811,0.0,0.0,0.0,1.74,1.24,0.0
20231223:0911,0.0,0.0,0.0,1.95,0.97,0.0
20231223:1011,7.38,12.98,4.97,2.29,0.55,0.0
20231223:1111,14.32,18.54,7.95,2.71,0.21,0.0
20231223:1211,16.74,20.4,9.08,3.39,0.69,0.0
20231223:1311,9.5,14.83,8.26,4.4,1.86,0.0
20231223:1411,2.32,8.34,5.56,6.08,3.31,0.0
20231223:1511,0.0,0.0,0.0,7.86,4.41,0.0
20231223:1611,0.0,0.0,0.0,8.4,4.55,0.0
20231223:1711,0.0,0.0,0.0,8.57,4.76,0.0
20231223:1811,0.0,0.0,0.0,8.64,4.55,0.0
20231223:1911,0.0,0.0,0.0,8.94,4.55,0.0
20231223:2011,0.0,0.0,0.0,9.05,4.83,0.0
20231223:2111,0.0,0.0,0.0,9.21,5.24,0.0
20231223:2211,0.0,0.0,0.0,9.56,5.59,0.0
20231223:2311,0.0,0.0,0.0,9.8,5.86,0.0
20231224:0011,0.0,0.0,0.0,9.69,6.07,0.0
20231224:0111,0.0,0.0,0.0,9.02,6.28,0.0
20231224:0211,0.0,0.0,0.0,8.11,6.48,0.0
20231224:0311,0.0,0.0,0.0,7.69,6.55,0.0
20231224:0411,0.0,0.0,0.0,7.76,6.55,0.0
20231224:0511,0.0,0.0,0.0,7.67,6.41,0.0
20231224:0611,0.0,0.0,0.0,7.28,6.55,0.0
20231224:0711,0.0,0.0,0.0,6.64,6.48,0.0
20231224:0811,0.0,0.0,0.0,5.98,6.21,0.0
20231224:0911,0.0,0.0,0.0,6.02,6.48,0.0
20231224:1011,0.0,4.64,4.95,6.21,6.69,0.0
20231224:1111,2.32,8.34,7.95,6.23,6.97,0.0
20231224:1211,40.72,37.08,9.09,6.44,7.24,0.0
20231224:1311,309.76,189.7,8.29,6.74,7.72,0.0
20231224:1411,107.0,76.82,5.6,6.76,8.21,0.0
20231224:1511,0.0,0.0,0.0,6.56,8.14,0.0
20231224:1611,0.0,0.0,0.0,6.26,7.93,0.0
20231224:1711,0.0,0.0,0.0,6.04,6.62,0.0
20231224:1811,0.0,0.0,0.0,4.83,6.0,0.0
20231224:1911,0.0,0.0,0.0,4.31,5.59,0.0
20231224:2011,0.0,0.0,0.0,3.81,5.59,0.0
20231224:2111,0.0,0.0,0.0,3.31,5.31,0.0
20231224:2211,0.0,0.0,0.0,2.83,4.9,0.0
20231224:2311,0.0,0.0,0.0,2.43,4.34,0.0
20231225:0011,0.0,0.0,0.0,2.08,3.93,0.0
20231225:0111,0.0,0.0,0.0,1.75,3.66,0.0
20231225:0211,0.0,0.0,0.0,1.36,3.45,0.0
20231225:0311,0.0,0.0,0.0,1.24,3.38,0.0
20231225:0411,0.0,0.0,0.0,1.22,3.17,0.0
20231225:0511,0.0,0.0,0.0,1.19,2.97,0.0
20231225:0611,0.0,0.0,0.0,0.89,2.55,0.0
20231225:0711,0.0,0.0,0.0,1.1,2.28,0.0
20231225:0811,0.0,0.0,0.0,1.27,2.0,0.0
20231225:0911,0.0,0.0,0.0,1.1,1.86,0.0
20231225:1011,12.04,16.69,4.94,1.17,1.45,0.0
20231225:1111,6.36,12.05,7.96,1.22,1.03,0.0
20231225:1211,4.28,10.2,9.11,1.93,1.03,0.0
20231225:1311,35.82,33.38,8.32,1.85,1.03,0.0
20231225:1411,9.66,14.83,5.65,1.48,1.24,0.0
20231225:1511,0.0,0.0,0.0,0.8,1.52,0.0
20231225:1611,0.0,0.0,0.0,0.5,1.72,0.0
20231225:1711,0.0,0.0,0.0,0.27,1.86,0.0
20231225:1811,0.0,0.0,0.0,0.15,1.86,0.0
20231225:1911,0.0,0.0,0.0,0.3,2.0,0.0
20231225:2011,0.0,0.0,0.0,0.25,1.79,0.0
20231225:2111,0.0,0.0,0.0,0.15,1.45,0.0
20231225:2211,0.0,0.0,0.0,-0.1,1.17,0.0
20231225:2311,0.0,0.0,0.0,-0.41,1.31,0.0
20231226:0011,0.0,0.0,0.0,-0.81,1.66,0.0
20231226:0111,0.0,0.0,0.0,-1.32,2.14,0.0
20231226:0211,0.0,0.0,0.0,-1.2,2.34,0.0
20231226:0311,0.0,0.0,0.0,-1.13,2.55,0.0
20231226:0411,0.0,0.0,0.0,-1.17,2.69,0.0
20231226:0511,0.0,0.0,0.0,-1.21,2.76,0.0
20231226:0611,0.0,0.0,0.0,-1.18,2.76,0.0
20231226:0711,0.0,0.0,0.0,-0.92,2.76,0.0
20231226:0811,0.0,0.0,0.0,-0.96,2.69,0.0
20231226:0911,0.0,0.0,0.0,-0.99,2.62,0.0
20231226:1011,420.82,247.41,4.94,-0.68,2.48,0.0
20231226:1111,400.36,235.93,7.97,0.0,2.21,0.0
20231226:1211,448.02,263.41,9.14,0.87,1.93,0.0
20231226:1311,559.84,327.43,8.36,1.27,1.79,0.0
20231226:1411,189.44,121.58,5.7,1.18,1.72,0.0
20231226:1511,0.0,0.0,0.0,0.45,1.86,0.0
20231226:1611,0.0,0.0,0.0,-0.58,1.86,0.0
20231226:1711,0.0,0.0,0.0,-1.79,1.59,0.0
20231226:1811,0.0,0.0,0.0,-3.12,1.59,0.0
20231226:1911,0.0,0.0,0.0,-2.9,1.31,0.0
20231226:2011,0.0,0.0,0.0,-2.75,1.03,0.0
20231226:2111,0.0,0.0,0.0,-3.03,1.1,0.0
20231226:2211,0.0,0.0,0.0,-3.08,1.24,0.0
20231226:2311,0.0,0.0,0.0,-2.38,1.24,0.0
20231227:0011,0.0,0.0,0.0,-1.68,1.66,0.0
20231227:0111,0.0,0.0,0.0,-0.64,2.07,0.0
20231227:0211,0.0,0.0,0.0,0.13,2.83,0.0
20231227:0311,0.0,0.0,0.0,0.67,3.45,0.0
20231227:0411,0.0,0.0,0.0,1.21,4.0,0.0
20231227:0511,0.0,0.0,0.0,1.6,4.62,0.0
20231227:0611,0.0,0.0,0.0,1.41,5.17,0.0
20231227:0711,0.0,0.0,0.0,1.72,5.59,0.0
20231227:0811,0.0,0.0,0.0,1.65,6.07,0.0
20231227:0911,0.0,0.0,0.0,1.6,6.55,0.0
20231227:1011,5.3,11.13,4.95,1.66,6.69,0.0
20231227:1111,9.66,14.83,7.99,1.79,6.9,0.0
20231227:1211,4.3,10.2,9.18,1.88,7.1,0.0
20231227:1311,7.42,12.98,8.42,1.86,6.41,0.0
20231227:1411,1.56,7.42,5.77,1.91,5.17,0.0
20231227:1511,0.0,0.0,0.0,2.23,2.55,0.0
20231227:1611,0.0,0.0,0.0,2.14,0.62,0.0
20231227:1711,0.0,0.0,0.0,2.07,2.0,0.0
20231227:1811,0.0,0.0,0.0,2.71,3.24,0.0
20231227:1911,0.0,0.0,0.0,3.66,4.0,0.0
20231227:2011,0.0,0.0,0.0,3.05,4.76,0.0
20231227:2111,0.0,0.0,0.0,3.33,5.17,0.0
20231227:2211,0.0,0.0,0.0,3.72,5.59,0.0
20231227:2311,0.0,0.0,0.0,3.96,5.59,0.0
20231228:0011,0.0,0.0,0.0,3.9,5.59,0.0
20231228:0111,0.0,0.0,0.0,3.74,5.52,0.0
20231228:0211,0.0,0.0,0.0,3.67,5.59,0.0
20231228:0311,0.0,0.0,0.0,3.9,5.72,0.0
20231228:0411,0.0,0.0,0.0,4.14,6.0,0.0
20231228:0511,0.0,0.0,0.0,4.12,6.0,0.0
20231228:0611,0.0,0.0,0.0,4.11,5.79,0.0
20231228:0711,0.0,0.0,0.0,4.25,5.17,0.0
20231228:0811,0.0,0.0,0.0,4.18,4.9,0.0
20231228:0911,0.0,0.0,0.0,3.97,4.83,0.0
20231228:1011,0.72,6.49,4.96,3.98,4.9,0.0
20231228:1111,202.86,129.72,8.02,3.99,4.83,0.0
20231228:1211,835.2,486.35,9.22,4.38,4.97,0.0
20231228:1311,783.9,458.13,8.47,4.9,4.69,0.0
20231228:1411,19.14,22.25,5.84,4.93,4.28,0.0
20231228:1511,0.0,0.87,1.51,4.56,4.14,0.0
20231228:1611,0.0,0.0,0.0,4.03,4.41,0.0
20231228:1711,0.0,0.0,0.0,3.94,4.07,0.0
20231228:1811,0.0,0.0,0.0,3.62,3.31,0.0
20231228:1911,0.0,0.0,0.0,2.73,2.83,0.0
20231228:2011,0.0,0.0,0.0,3.04,2.69,0.0
20231228:2111,0.0,0.0,0.0,3.33,2.55,0.0
20231228:2211,0.0,0.0,0.0,3.47,2.14,0.0
20231228:2311,0.0,0.0,0.0,3.51,1.59,0.0
20231229:0011,0.0,0.0,0.0,3.16,0.9,0.0
20231229:0111,0.0,0.0,0.0,3.12,1.31,0.0
20231229:0211,0.0,0.0,0.0,2.93,2.41,0.0
20231229:0311,0.0,0.0,0.0,2.52,2.34,0.0
20231229:0411,0.0,0.0,0.0,2.12,1.93,0.0
20231229:0511,0.0,0.0,0.0,1.76,1.79,0.0
20231229:0611,0.0,0.0,0.0,1.35,2.0,0.0
20231229:0711,0.0,0.0,0.0,1.51,1.93,0.0
20231229:0811,0.0,0.0,0.0,0.99,2.0,0.0
20231229:0911,0.0,0.0,0.0,0.59,2.07,0.0
20231229:1011,4.34,10.2,4.98,0.38,2.0,0.0
20231229:1111,524.8,306.53,8.05,0.73,1.93,0.0
20231229:1211,715.18,416.75,9.27,1.37,2.14,0.0
20231229:1311,390.76,232.45,8.54,1.79,2.14,0.0
20231229:1411,330.0,199.35,5.92,1.82,2.28,0.0
20231229:1511,0.0,0.87,1.6,1.5,2.28,0.0
20231229:1611,0.0,0.0,0.0,0.56,2.28,0.0
20231229:1711,0.0,0.0,0.0,0.28,2.28,0.0
20231229:1811,0.0,0.0,0.0,0.15,2.34,0.0
20231229:1911,0.0,0.0,0.0,-0.01,2.55,0.0
20231229:2011,0.0,0.0,0.0,0.43,2.55,0.0
20231229:2111,0.0,0.0,0.0,0.5,2.55,0.0
20231229:2211,0.0,0.0,0.0,0.58,2.62,0.0
20231229:2311,0.0,0.0,0.0,0.85,2.55,0.0
20231230:0011,0.0,0.0,0.0,0.94,2.55,0.0
20231230:0111,0.0,0.0,0.0,0.98,2.41,0.0
20231230:0211,0.0,0.0,0.0,0.81,2.21,0.0
20231230:0311,0.0,0.0,0.0,0.61,1.93,0.0
20231230:0411,0.0,0.0,0.0,0.21,1.79,0.0
20231230:0511,0.0,0.0,0.0,-0.52,1.45,0.0
20231230:0611,0.0,0.0,0.0,-1.31,1.45,0.0
20231230:0711,0.0,0.0,0.0,-1.74,1.24,0.0
20231230:0811,0.0,0.0,0.0,-1.58,0.9,0.0
20231230:0911,0.0,0.0,0.0,-1.26,1.45,0.0
20231230:1011,7.52,12.98,5.01,-0.28,1.59,0.0
20231230:1111,10.88,15.76,8.1,0.71,2.28,0.0
20231230:1211,16.92,20.4,9.33,1.68,3.52,0.0
20231230:1311,13.16,17.62,8.61,2.19,4.34,0.0
20231230:1411,3.32,9.27,6.0,1.96,4.9,0.0
20231230:1511,0.0,0.87,1.7,1.38,5.03,0.0
20231230:1611,0.0,0.0,0.0,1.1,4.97,0.0
20231230:1711,0.0,0.0,0.0,1.2,4.76,0.0
20231230:1811,0.0,0.0,0.0,1.53,4.07,0.0
20231230:1911,0.0,0.0,0.0,2.62,2.48,0.0
20231230:2011,0.0,0.0,0.0,2.6,1.93,0.0
20231230:2111,0.0,0.0,0.0,2.4,1.17,0.0
20231230:2211,0.0,0.0,0.0,2.25,0.9,0.0
20231230:2311,0.0,0.0,0.0,2.46,0.69,0.0
20231231:0011,0.0,0.0,0.0,2.68,0.55,0.0
20231231:0111,0.0,0.0,0.0,1.9,0.97,0.0
20231231:0211,0.0,0.0,0.0,1.66,1.24,0.0
20231231:0311,0.0,0.0,0.0,1.42,1.17,0.0
20231231:0411,0.0,0.0,0.0,1.65,1.03,0.0
20231231:0511,0.0,0.0,0.0,1.46,1.24,0.0
20231231:0611,0.0,0.0,0.0,1.53,1.24,0.0
20231231:0711,0.0,0.0,0.0,1.0,1.17,0.0
20231231:0811,0.0,0.0,0.0,0.82,1.1,0.0
20231231:0911,0.0,0.0,0.0,1.11,0.9,0.0
20231231:1011,497.18,295.28,5.05,1.38,0.83,0.0
20231231:1111,27.44,27.81,8.15,1.95,0.9,0.0
20231231:1211,371.08,223.23,9.4,2.68,1.1,0.0
20231231:1311,63.48,50.79,8.69,2.99,1.31,0.0
20231231:1411,96.08,69.85,6.09,2.9,0.48,0.0
20231231:1511,0.0,0.87,1.8,2.34,0.48,0.0
20231231:1611,0.0,0.0,0.0,1.85,0.69,0.0
20231231:1711,0.0,0.0,0.0,1.1,0.97,0.0
20231231:1811,0.0,0.0,0.0,1.35,1.17,0.0
20231231:1911,0.0,0.0,0.0,1.32,1.1,0.0
20231231:2011,0.0,0.0,0.0,1.03,1.17,0.0
20231231:2111,0.0,0.0,0.0,0.89,1.24,0.0
20231231:2211,0.0,0.0,0.0,0.97,1.52,0.0
20231231:2311,0.0,0.0,0.0,1.15,1.93,0.0

P: PV system power (W)
G(i): Global irradiance on the inclined plane (plane of the array) (W/m2)
H_sun: Sun height (degree)
T2m: 2-m air temperature (degree Celsius)
WS10m: 10-m total wind speed (m/s)
Int: 1 means solar radiation values are reconstructed



PVGIS (c) European Union, 2001-2026