Latitude (decimal degrees):	57.479
Longitude (decimal degrees):	-4.222
Elevation (m):	21
Radiation database:	PVGIS-SARAH3


Slope: 35 deg. 
Azimuth: 0 deg. 
Nominal power of the PV system (c-Si) (kWp):	6.0
System losses (%):	14.0
time,P,G(i),H_sun,T2m,WS10m,Int
20230101:0011,0.0,0.0,0.0,0.17,2.14,0.0
20230101:0111,0.0,0.0,0.0,0.38,1.93,0.0
20230101:0211,0.0,0.0,0.0,0.32,1.86,0.0
20230101:0311,0.0,0.0,0.0,0.06,1.59,0.0
20230101:0411,0.0,0.0,0.0,-0.36,1.31,0.0
20230101:0511,0.0,0.0,0.0,-1.01,1.38,0.0
20230101:0611,0.0,0.0,0.0,-0.94,1.24,0.0
20230101:0711,0.0,0.0,0.0,-0.02,1.31,0.0
20230101:0811,0.0,0.0,0.0,0.11,1.17,0.0
20230101:0911,0.0,0.0,0.0,0.17,1.03,0.0
20230101:1011,0.12,5.56,5.1,0.17,0.69,0.0
20230101:1111,152.04,42.51,8.22,0.45,0.41,0.0
20230101:1211,95.4,30.59,9.49,0.55,0.34,0.0
20230101:1311,70.62,25.03,8.8,0.65,0.55,0.0
20230101:1411,0.12,5.56,6.22,0.83,0.83,0.0
20230101:1511,0.0,0.87,1.94,0.65,1.03,0.0
20230101:1611,0.0,0.0,0.0,0.17,1.38,0.0
20230101:1711,0.0,0.0,0.0,0.06,1.52,0.0
20230101:1811,0.0,0.0,0.0,-0.08,1.66,0.0
20230101:1911,0.0,0.0,0.0,0.34,2.07,0.0
20230101:2011,0.0,0.0,0.0,0.0,2.0,0.0
20230101:2111,0.0,0.0,0.0,-0.11,1.93,0.0
20230101:2211,0.0,0.0,0.0,-0.3,2.0,0.0
20230101:2311,0.0,0.0,0.0,-0.29,1.93,0.0
20230102:0011,0.0,0.0,0.0,-0.47,1.93,0.0
20230102:0111,0.0,0.0,0.0,-0.74,1.86,0.0
20230102:0211,0.0,0.0,0.0,-1.27,1.93,0.0
20230102:0311,0.0,0.0,0.0,-2.06,2.14,0.0
20230102:0411,0.0,0.0,0.0,-2.48,2.21,0.0
20230102:0511,0.0,0.0,0.0,-2.41,2.28,0.0
20230102:0611,0.0,0.0,0.0,-2.32,2.28,0.0
20230102:0711,0.0,0.0,0.0,-1.76,2.41,0.0
20230102:0811,0.0,0.0,0.0,-1.55,2.41,0.0
20230102:0911,0.0,0.0,0.0,-1.46,2.48,0.0
20230102:1011,958.68,191.61,5.15,-0.91,2.41,0.0
20230102:1111,1373.7,267.53,8.29,0.14,2.55,0.0
20230102:1211,1072.92,212.32,9.57,0.32,2.76,0.0
20230102:1311,830.52,169.12,8.9,1.32,2.69,0.0
20230102:1411,32.46,15.76,6.33,1.52,2.62,0.0
20230102:1511,0.0,0.87,2.05,1.07,2.55,0.0
20230102:1611,0.0,0.0,0.0,0.34,2.48,0.0
20230102:1711,0.0,0.0,0.0,-0.14,2.48,0.0
20230102:1811,0.0,0.0,0.0,-0.3,2.48,0.0
20230102:1911,0.0,0.0,0.0,0.03,2.41,0.0
20230102:2011,0.0,0.0,0.0,0.15,2.48,0.0
20230102:2111,0.0,0.0,0.0,0.34,2.62,0.0
20230102:2211,0.0,0.0,0.0,0.41,2.69,0.0
20230102:2311,0.0,0.0,0.0,0.28,2.62,0.0
20230103:0011,0.0,0.0,0.0,0.39,2.76,0.0
20230103:0111,0.0,0.0,0.0,0.52,2.97,0.0
20230103:0211,0.0,0.0,0.0,0.6,3.17,0.0
20230103:0311,0.0,0.0,0.0,0.75,3.24,0.0
20230103:0411,0.0,0.0,0.0,0.74,3.1,0.0
20230103:0511,0.0,0.0,0.0,0.92,2.9,0.0
20230103:0611,0.0,0.0,0.0,1.22,3.1,0.0
20230103:0711,0.0,0.0,0.0,1.9,3.86,0.0
20230103:0811,0.0,0.0,0.0,2.04,3.86,0.0
20230103:0911,0.0,0.0,0.0,2.17,4.14,0.0
20230103:1011,794.94,163.53,5.21,2.46,4.21,0.0
20230103:1111,1268.7,250.12,8.36,2.72,3.59,0.0
20230103:1211,422.16,95.22,9.66,3.07,2.76,0.0
20230103:1311,637.08,135.27,9.01,3.49,2.21,0.0
20230103:1411,2.22,6.49,6.44,3.51,1.93,0.0
20230103:1511,0.0,2.62,2.18,3.48,1.52,0.0
20230103:1611,0.0,0.0,0.0,2.94,1.31,0.0
20230103:1711,0.0,0.0,0.0,2.35,1.03,0.0
20230103:1811,0.0,0.0,0.0,2.5,0.83,0.0
20230103:1911,0.0,0.0,0.0,2.58,0.83,0.0
20230103:2011,0.0,0.0,0.0,2.85,0.69,0.0
20230103:2111,0.0,0.0,0.0,3.12,0.55,0.0
20230103:2211,0.0,0.0,0.0,3.31,0.21,0.0
20230103:2311,0.0,0.0,0.0,3.32,0.21,0.0
20230104:0011,0.0,0.0,0.0,3.21,0.48,0.0
20230104:0111,0.0,0.0,0.0,3.2,0.34,0.0
20230104:0211,0.0,0.0,0.0,3.19,0.48,0.0
20230104:0311,0.0,0.0,0.0,2.35,0.97,0.0
20230104:0411,0.0,0.0,0.0,2.34,1.38,0.0
20230104:0511,0.0,0.0,0.0,2.7,1.66,0.0
20230104:0611,0.0,0.0,0.0,3.17,2.0,0.0
20230104:0711,0.0,0.0,0.0,3.64,2.14,0.0
20230104:0811,0.0,0.0,0.0,3.84,2.0,0.0
20230104:0911,0.0,0.0,0.0,3.89,1.93,0.0
20230104:1011,46.38,19.47,5.28,3.94,2.0,0.0
20230104:1111,93.72,30.59,8.45,4.16,2.14,0.0
20230104:1211,790.74,164.1,9.76,4.24,2.21,0.0
20230104:1311,468.24,104.33,9.12,4.39,2.48,0.0
20230104:1411,35.4,16.69,6.57,4.41,2.62,0.0
20230104:1511,111.3,34.53,2.31,4.05,2.69,0.0
20230104:1611,0.0,0.0,0.0,3.99,2.76,0.0
20230104:1711,0.0,0.0,0.0,4.13,2.83,0.0
20230104:1811,0.0,0.0,0.0,4.24,2.97,0.0
20230104:1911,0.0,0.0,0.0,4.31,2.83,0.0
20230104:2011,0.0,0.0,0.0,4.41,2.76,0.0
20230104:2111,0.0,0.0,0.0,4.31,2.55,0.0
20230104:2211,0.0,0.0,0.0,4.07,2.34,0.0
20230104:2311,0.0,0.0,0.0,3.81,2.28,0.0
20230105:0011,0.0,0.0,0.0,3.64,2.41,0.0
20230105:0111,0.0,0.0,0.0,3.56,2.55,0.0
20230105:0211,0.0,0.0,0.0,3.26,2.41,0.0
20230105:0311,0.0,0.0,0.0,3.01,2.34,0.0
20230105:0411,0.0,0.0,0.0,2.63,2.28,0.0
20230105:0511,0.0,0.0,0.0,2.28,2.28,0.0
20230105:0611,0.0,0.0,0.0,1.9,2.21,0.0
20230105:0711,0.0,0.0,0.0,2.55,1.86,0.0
20230105:0811,0.0,0.0,0.0,2.32,1.72,0.0
20230105:0911,0.0,0.0,0.0,2.05,1.59,0.0
20230105:1011,386.46,88.16,5.36,1.72,1.38,0.0
20230105:1111,367.8,84.89,8.54,2.35,1.31,0.0
20230105:1211,39.24,17.62,9.87,3.07,1.31,0.0
20230105:1311,123.72,37.08,9.24,3.44,1.38,0.0
20230105:1411,25.26,13.91,6.7,3.55,1.79,0.0
20230105:1511,0.0,1.85,2.45,3.85,2.0,0.0
20230105:1611,0.0,0.0,0.0,4.49,2.55,0.0
20230105:1711,0.0,0.0,0.0,5.58,3.52,0.0
20230105:1811,0.0,0.0,0.0,6.67,4.97,0.0
20230105:1911,0.0,0.0,0.0,7.27,5.79,0.0
20230105:2011,0.0,0.0,0.0,6.29,5.93,0.0
20230105:2111,0.0,0.0,0.0,5.5,5.86,0.0
20230105:2211,0.0,0.0,0.0,5.06,5.93,0.0
20230105:2311,0.0,0.0,0.0,4.99,6.21,0.0
20230106:0011,0.0,0.0,0.0,4.99,6.48,0.0
20230106:0111,0.0,0.0,0.0,5.04,7.1,0.0
20230106:0211,0.0,0.0,0.0,5.3,7.72,0.0
20230106:0311,0.0,0.0,0.0,5.07,8.34,0.0
20230106:0411,0.0,0.0,0.0,4.96,8.62,0.0
20230106:0511,0.0,0.0,0.0,5.08,8.34,0.0
20230106:0611,0.0,0.0,0.0,5.02,8.0,0.0
20230106:0711,0.0,0.0,0.0,5.11,7.66,0.0
20230106:0811,0.0,0.0,0.0,5.07,7.31,0.0
20230106:0911,0.0,0.0,0.0,4.82,7.03,0.0
20230106:1011,429.18,96.83,5.44,4.71,6.69,0.0
20230106:1111,786.24,162.57,8.64,4.91,6.34,0.0
20230106:1211,2399.4,465.15,9.98,5.25,5.93,0.0
20230106:1311,844.38,173.76,9.36,5.46,5.52,0.0
20230106:1411,1756.98,344.77,6.83,5.32,4.83,0.0
20230106:1511,7.02,8.34,2.59,5.16,3.79,0.0
20230106:1611,0.0,0.0,0.0,4.87,2.9,0.0
20230106:1711,0.0,0.0,0.0,4.72,2.62,0.0
20230106:1811,0.0,0.0,0.0,4.79,2.76,0.0
20230106:1911,0.0,0.0,0.0,4.23,3.03,0.0
20230106:2011,0.0,0.0,0.0,3.96,2.97,0.0
20230106:2111,0.0,0.0,0.0,4.2,2.97,0.0
20230106:2211,0.0,0.0,0.0,4.57,2.83,0.0
20230106:2311,0.0,0.0,0.0,4.86,2.55,0.0
20230107:0011,0.0,0.0,0.0,4.84,2.28,0.0
20230107:0111,0.0,0.0,0.0,5.16,2.21,0.0
20230107:0211,0.0,0.0,0.0,5.6,2.14,0.0
20230107:0311,0.0,0.0,0.0,5.87,2.07,0.0
20230107:0411,0.0,0.0,0.0,5.93,1.59,0.0
20230107:0511,0.0,0.0,0.0,5.66,1.1,0.0
20230107:0611,0.0,0.0,0.0,5.56,1.45,0.0
20230107:0711,0.0,0.0,0.0,5.68,1.66,0.0
20230107:0811,0.0,0.0,0.0,5.6,1.66,0.0
20230107:0911,0.0,0.0,0.0,5.39,1.52,0.0
20230107:1011,144.54,41.59,5.53,5.28,1.45,0.0
20230107:1111,1443.78,289.22,8.74,5.95,1.59,0.0
20230107:1211,235.86,60.55,10.1,6.33,2.28,0.0
20230107:1311,470.28,105.58,9.5,6.33,2.55,0.0
20230107:1411,1236.06,249.22,6.98,6.12,2.48,0.0
20230107:1511,492.3,110.68,2.74,5.49,2.62,0.0
20230107:1611,0.0,0.0,0.0,4.54,2.9,0.0
20230107:1711,0.0,0.0,0.0,4.26,3.38,0.0
20230107:1811,0.0,0.0,0.0,4.23,3.86,0.0
20230107:1911,0.0,0.0,0.0,4.11,4.62,0.0
20230107:2011,0.0,0.0,0.0,3.98,4.97,0.0
20230107:2111,0.0,0.0,0.0,4.02,5.24,0.0
20230107:2211,0.0,0.0,0.0,4.38,5.52,0.0
20230107:2311,0.0,0.0,0.0,4.6,5.59,0.0
20230108:0011,0.0,0.0,0.0,4.9,5.72,0.0
20230108:0111,0.0,0.0,0.0,5.05,6.0,0.0
20230108:0211,0.0,0.0,0.0,5.21,6.34,0.0
20230108:0311,0.0,0.0,0.0,5.09,6.41,0.0
20230108:0411,0.0,0.0,0.0,4.77,6.28,0.0
20230108:0511,0.0,0.0,0.0,4.36,5.79,0.0
20230108:0611,0.0,0.0,0.0,3.89,5.86,0.0
20230108:0711,0.0,0.0,0.0,3.97,6.28,0.0
20230108:0811,0.0,0.0,0.0,3.76,6.48,0.0
20230108:0911,0.0,0.0,0.0,3.65,6.83,0.0
20230108:1011,1015.14,203.9,5.62,3.74,7.31,0.0
20230108:1111,189.18,50.6,8.86,4.1,7.86,0.0
20230108:1211,1465.98,285.51,10.23,4.39,7.72,0.0
20230108:1311,607.62,129.59,9.64,4.5,7.24,0.0
20230108:1411,257.28,63.97,7.13,4.39,6.55,0.0
20230108:1511,214.98,56.0,2.9,4.16,5.79,0.0
20230108:1611,0.0,0.0,0.0,3.85,5.24,0.0
20230108:1711,0.0,0.0,0.0,3.64,4.83,0.0
20230108:1811,0.0,0.0,0.0,3.35,4.41,0.0
20230108:1911,0.0,0.0,0.0,2.89,3.66,0.0
20230108:2011,0.0,0.0,0.0,2.9,3.45,0.0
20230108:2111,0.0,0.0,0.0,2.84,3.1,0.0
20230108:2211,0.0,0.0,0.0,2.6,3.03,0.0
20230108:2311,0.0,0.0,0.0,2.43,2.97,0.0
20230109:0011,0.0,0.0,0.0,2.35,2.9,0.0
20230109:0111,0.0,0.0,0.0,2.41,2.83,0.0
20230109:0211,0.0,0.0,0.0,2.58,2.9,0.0
20230109:0311,0.0,0.0,0.0,2.8,3.03,0.0
20230109:0411,0.0,0.0,0.0,2.97,3.24,0.0
20230109:0511,0.0,0.0,0.0,2.76,3.24,0.0
20230109:0611,0.0,0.0,0.0,2.9,3.52,0.0
20230109:0711,0.0,0.0,0.0,2.81,3.45,0.0
20230109:0811,0.0,0.0,0.0,2.74,3.52,0.0
20230109:0911,0.0,0.0,0.0,2.67,3.66,0.0
20230109:1011,1494.6,294.02,5.73,3.04,3.72,0.0
20230109:1111,2201.34,428.19,8.98,3.49,3.72,0.0
20230109:1211,2198.88,428.38,10.37,3.93,3.59,0.0
20230109:1311,158.46,44.5,9.79,4.2,3.45,0.0
20230109:1411,1496.88,295.15,7.29,4.11,3.45,0.0
20230109:1511,60.66,22.94,3.06,3.85,3.24,0.0
20230109:1611,0.0,0.0,0.0,3.66,3.31,0.0
20230109:1711,0.0,0.0,0.0,3.74,3.45,0.0
20230109:1811,0.0,0.0,0.0,3.7,3.72,0.0
20230109:1911,0.0,0.0,0.0,3.81,3.86,0.0
20230109:2011,0.0,0.0,0.0,3.66,3.79,0.0
20230109:2111,0.0,0.0,0.0,3.47,4.07,0.0
20230109:2211,0.0,0.0,0.0,3.42,4.21,0.0
20230109:2311,0.0,0.0,0.0,3.27,4.07,0.0
20230110:0011,0.0,0.0,0.0,2.95,3.86,0.0
20230110:0111,0.0,0.0,0.0,2.98,3.79,0.0
20230110:0211,0.0,0.0,0.0,3.07,3.59,0.0
20230110:0311,0.0,0.0,0.0,3.1,3.31,0.0
20230110:0411,0.0,0.0,0.0,3.07,3.03,0.0
20230110:0511,0.0,0.0,0.0,3.08,2.83,0.0
20230110:0611,0.0,0.0,0.0,3.06,2.48,0.0
20230110:0711,0.0,0.0,0.0,3.7,2.83,0.0
20230110:0811,0.0,0.0,0.0,3.68,2.55,0.0
20230110:0911,0.0,0.0,0.0,3.37,2.34,0.0
20230110:1011,99.36,31.61,5.84,3.06,2.76,0.0
20230110:1111,25.38,13.91,9.1,3.05,3.24,0.0
20230110:1211,102.66,32.45,10.51,3.18,3.72,0.0
20230110:1311,94.26,30.59,9.94,3.22,3.72,0.0
20230110:1411,77.76,26.89,7.45,3.3,3.1,0.0
20230110:1511,0.0,1.85,3.23,3.46,2.41,0.0
20230110:1611,0.0,0.0,0.0,3.63,2.0,0.0
20230110:1711,0.0,0.0,0.0,3.88,2.34,0.0
20230110:1811,0.0,0.0,0.0,4.86,4.34,0.0
20230110:1911,0.0,0.0,0.0,6.0,5.03,0.0
20230110:2011,0.0,0.0,0.0,6.71,6.9,0.0
20230110:2111,0.0,0.0,0.0,6.37,7.45,0.0
20230110:2211,0.0,0.0,0.0,5.99,7.24,0.0
20230110:2311,0.0,0.0,0.0,5.16,6.9,0.0
20230111:0011,0.0,0.0,0.0,4.37,6.62,0.0
20230111:0111,0.0,0.0,0.0,3.76,6.41,0.0
20230111:0211,0.0,0.0,0.0,3.74,6.34,0.0
20230111:0311,0.0,0.0,0.0,3.81,6.14,0.0
20230111:0411,0.0,0.0,0.0,3.96,5.93,0.0
20230111:0511,0.0,0.0,0.0,3.97,6.07,0.0
20230111:0611,0.0,0.0,0.0,4.05,6.0,0.0
20230111:0711,0.0,0.0,0.0,3.5,5.31,0.0
20230111:0811,0.0,0.0,0.0,3.21,5.45,0.0
20230111:0911,0.0,0.0,0.0,3.31,5.66,0.0
20230111:1011,945.6,191.47,5.96,3.37,5.59,0.0
20230111:1111,2183.64,421.16,9.24,3.55,5.52,0.0
20230111:1211,2640.06,511.02,10.66,3.96,5.31,0.0
20230111:1311,2359.86,456.43,10.1,4.18,5.38,0.0
20230111:1411,46.38,19.47,7.62,4.1,5.31,0.0
20230111:1511,719.04,151.87,3.4,4.0,5.31,0.0
20230111:1611,0.0,0.0,0.0,3.7,4.97,0.0
20230111:1711,0.0,0.0,0.0,3.43,4.69,0.0
20230111:1811,0.0,0.0,0.0,3.17,4.48,0.0
20230111:1911,0.0,0.0,0.0,2.78,3.59,0.0
20230111:2011,0.0,0.0,0.0,2.94,3.31,0.0
20230111:2111,0.0,0.0,0.0,3.34,3.31,0.0
20230111:2211,0.0,0.0,0.0,3.85,3.38,0.0
20230111:2311,0.0,0.0,0.0,3.88,3.38,0.0
20230112:0011,0.0,0.0,0.0,3.7,2.97,0.0
20230112:0111,0.0,0.0,0.0,3.89,2.9,0.0
20230112:0211,0.0,0.0,0.0,3.78,2.62,0.0
20230112:0311,0.0,0.0,0.0,3.68,2.41,0.0
20230112:0411,0.0,0.0,0.0,3.47,2.28,0.0
20230112:0511,0.0,0.0,0.0,3.38,2.28,0.0
20230112:0611,0.0,0.0,0.0,3.27,2.28,0.0
20230112:0711,0.0,0.0,0.0,1.48,1.93,0.0
20230112:0811,0.0,0.0,0.0,1.28,1.86,0.0
20230112:0911,0.0,0.0,0.0,1.13,1.66,0.0
20230112:1011,7.26,8.34,6.09,1.16,1.45,0.0
20230112:1111,12.9,10.2,9.38,1.82,1.31,0.0
20230112:1211,32.34,15.76,10.82,2.12,1.45,0.0
20230112:1311,191.4,50.93,10.27,2.75,2.0,0.0
20230112:1411,65.7,24.1,7.79,3.26,1.72,0.0
20230112:1511,15.72,11.13,3.58,3.5,2.28,0.0
20230112:1611,0.0,0.0,0.0,3.43,2.97,0.0
20230112:1711,0.0,0.0,0.0,3.29,3.1,0.0
20230112:1811,0.0,0.0,0.0,3.18,2.69,0.0
20230112:1911,0.0,0.0,0.0,2.92,1.38,0.0
20230112:2011,0.0,0.0,0.0,3.29,0.41,0.0
20230112:2111,0.0,0.0,0.0,1.79,0.83,0.0
20230112:2211,0.0,0.0,0.0,1.47,1.31,0.0
20230112:2311,0.0,0.0,0.0,1.44,1.38,0.0
20230113:0011,0.0,0.0,0.0,1.49,1.59,0.0
20230113:0111,0.0,0.0,0.0,1.46,1.93,0.0
20230113:0211,0.0,0.0,0.0,1.72,2.41,0.0
20230113:0311,0.0,0.0,0.0,2.2,2.83,0.0
20230113:0411,0.0,0.0,0.0,2.3,2.83,0.0
20230113:0511,0.0,0.0,0.0,2.48,2.97,0.0
20230113:0611,0.0,0.0,0.0,2.66,2.83,0.0
20230113:0711,0.0,0.0,0.0,3.06,2.55,0.0
20230113:0811,0.0,0.0,0.0,3.16,2.28,0.0
20230113:0911,0.0,0.0,0.0,3.03,2.14,0.0
20230113:1011,35.7,16.69,6.22,3.08,2.14,0.0
20230113:1111,1224.12,243.85,9.53,3.59,2.41,0.0
20230113:1211,2154.18,423.16,10.98,4.03,2.34,0.0
20230113:1311,521.52,114.43,10.45,4.37,2.48,0.0
20230113:1411,597.06,128.36,7.98,4.25,2.28,0.0
20230113:1511,69.9,25.1,3.77,3.82,2.14,0.0
20230113:1611,0.0,0.0,0.0,2.87,2.14,0.0
20230113:1711,0.0,0.0,0.0,2.41,2.21,0.0
20230113:1811,0.0,0.0,0.0,2.26,2.21,0.0
20230113:1911,0.0,0.0,0.0,2.37,2.21,0.0
20230113:2011,0.0,0.0,0.0,2.19,2.28,0.0
20230113:2111,0.0,0.0,0.0,2.13,2.21,0.0
20230113:2211,0.0,0.0,0.0,1.68,2.0,0.0
20230113:2311,0.0,0.0,0.0,1.28,1.79,0.0
20230114:0011,0.0,0.0,0.0,0.92,1.59,0.0
20230114:0111,0.0,0.0,0.0,0.48,1.52,0.0
20230114:0211,0.0,0.0,0.0,0.33,1.66,0.0
20230114:0311,0.0,0.0,0.0,0.7,1.93,0.0
20230114:0411,0.0,0.0,0.0,1.06,2.0,0.0
20230114:0511,0.0,0.0,0.0,1.15,2.0,0.0
20230114:0611,0.0,0.0,0.0,1.34,1.79,0.0
20230114:0711,0.0,0.0,0.0,1.27,1.38,0.0
20230114:0811,0.0,0.0,0.0,1.32,1.1,0.0
20230114:0911,0.0,0.0,0.0,1.06,1.31,0.0
20230114:1011,47.16,19.47,6.36,1.08,1.79,0.0
20230114:1111,2331.42,455.3,9.69,2.13,2.28,0.0
20230114:1211,2460.42,479.45,11.15,2.73,2.97,0.0
20230114:1311,2371.02,460.86,10.63,2.92,3.38,0.0
20230114:1411,73.92,25.96,8.17,2.88,3.79,0.0
20230114:1511,0.0,2.78,3.96,2.51,3.93,0.0
20230114:1611,0.0,0.0,0.0,2.0,3.45,0.0
20230114:1711,0.0,0.0,0.0,1.42,2.62,0.0
20230114:1811,0.0,0.0,0.0,1.1,1.52,0.0
20230114:1911,0.0,0.0,0.0,-0.26,1.72,0.0
20230114:2011,0.0,0.0,0.0,-0.26,2.07,0.0
20230114:2111,0.0,0.0,0.0,0.28,2.69,0.0
20230114:2211,0.0,0.0,0.0,0.55,3.59,0.0
20230114:2311,0.0,0.0,0.0,0.8,4.21,0.0
20230115:0011,0.0,0.0,0.0,1.45,4.9,0.0
20230115:0111,0.0,0.0,0.0,1.92,4.83,0.0
20230115:0211,0.0,0.0,0.0,2.04,4.28,0.0
20230115:0311,0.0,0.0,0.0,2.11,3.86,0.0
20230115:0411,0.0,0.0,0.0,2.1,3.66,0.0
20230115:0511,0.0,0.0,0.0,1.98,3.45,0.0
20230115:0611,0.0,0.0,0.0,1.95,3.38,0.0
20230115:0711,0.0,0.0,0.0,1.5,3.31,0.0
20230115:0811,0.0,0.0,0.0,1.44,3.38,0.0
20230115:0911,0.0,0.87,1.55,1.2,3.31,0.0
20230115:1011,1407.3,275.64,6.51,1.22,3.45,0.0
20230115:1111,216.66,55.71,9.85,1.53,3.66,0.0
20230115:1211,62.4,23.18,11.33,1.59,3.38,0.0
20230115:1311,1029.96,205.62,10.82,1.5,2.97,0.0
20230115:1411,1876.86,364.22,8.36,1.3,2.69,0.0
20230115:1511,243.24,60.76,4.16,0.67,2.55,0.0
20230115:1611,0.0,0.0,0.0,0.0,2.21,0.0
20230115:1711,0.0,0.0,0.0,-0.58,2.14,0.0
20230115:1811,0.0,0.0,0.0,-1.34,2.0,0.0
20230115:1911,0.0,0.0,0.0,-0.81,1.72,0.0
20230115:2011,0.0,0.0,0.0,-1.4,1.72,0.0
20230115:2111,0.0,0.0,0.0,-1.69,2.0,0.0
20230115:2211,0.0,0.0,0.0,-1.91,1.72,0.0
20230115:2311,0.0,0.0,0.0,-2.38,1.45,0.0
20230116:0011,0.0,0.0,0.0,-3.43,1.72,0.0
20230116:0111,0.0,0.0,0.0,-4.11,2.0,0.0
20230116:0211,0.0,0.0,0.0,-4.33,2.21,0.0
20230116:0311,0.0,0.0,0.0,-4.14,2.34,0.0
20230116:0411,0.0,0.0,0.0,-3.84,2.62,0.0
20230116:0511,0.0,0.0,0.0,-3.57,2.83,0.0
20230116:0611,0.0,0.0,0.0,-3.26,2.97,0.0
20230116:0711,0.0,0.0,0.0,-3.27,2.9,0.0
20230116:0811,0.0,0.0,0.0,-3.27,2.76,0.0
20230116:0911,0.0,2.62,1.69,-3.16,2.62,0.0
20230116:1011,760.86,154.59,6.66,-2.66,2.48,0.0
20230116:1111,88.32,28.74,10.02,-2.0,2.41,0.0
20230116:1211,26.1,13.91,11.51,-1.35,2.62,0.0
20230116:1311,22.68,12.98,11.01,-1.06,2.69,0.0
20230116:1411,10.2,9.27,8.56,-0.91,2.62,0.0
20230116:1511,0.18,5.56,4.36,-1.03,2.48,0.0
20230116:1611,0.0,0.0,0.0,-1.68,2.48,0.0
20230116:1711,0.0,0.0,0.0,-2.15,2.48,0.0
20230116:1811,0.0,0.0,0.0,-2.63,2.34,0.0
20230116:1911,0.0,0.0,0.0,-2.42,2.69,0.0
20230116:2011,0.0,0.0,0.0,-2.53,2.83,0.0
20230116:2111,0.0,0.0,0.0,-2.58,2.97,0.0
20230116:2211,0.0,0.0,0.0,-2.68,2.83,0.0
20230116:2311,0.0,0.0,0.0,-3.09,2.55,0.0
20230117:0011,0.0,0.0,0.0,-3.52,2.28,0.0
20230117:0111,0.0,0.0,0.0,-3.64,2.28,0.0
20230117:0211,0.0,0.0,0.0,-3.69,2.34,0.0
20230117:0311,0.0,0.0,0.0,-3.49,2.48,0.0
20230117:0411,0.0,0.0,0.0,-3.43,2.62,0.0
20230117:0511,0.0,0.0,0.0,-3.32,2.76,0.0
20230117:0611,0.0,0.0,0.0,-3.05,2.97,0.0
20230117:0711,0.0,0.0,0.0,-2.97,2.83,0.0
20230117:0811,0.0,0.0,0.0,-2.67,3.03,0.0
20230117:0911,0.0,0.87,1.84,-2.49,3.1,0.0
20230117:1011,13.26,10.2,6.82,-2.19,3.03,0.0
20230117:1111,140.52,39.87,10.2,-1.66,3.03,0.0
20230117:1211,63.36,23.18,11.7,-1.18,2.9,0.0
20230117:1311,79.38,26.89,11.21,-0.55,3.1,0.0
20230117:1411,657.18,136.75,8.77,-0.34,3.31,0.0
20230117:1511,289.56,69.35,4.57,-0.57,3.1,0.0
20230117:1611,0.0,0.0,0.0,-0.87,3.24,0.0
20230117:1711,0.0,0.0,0.0,-0.97,3.45,0.0
20230117:1811,0.0,0.0,0.0,-0.88,3.66,0.0
20230117:1911,0.0,0.0,0.0,-0.56,3.93,0.0
20230117:2011,0.0,0.0,0.0,-0.5,3.86,0.0
20230117:2111,0.0,0.0,0.0,-0.38,3.66,0.0
20230117:2211,0.0,0.0,0.0,-0.2,3.66,0.0
20230117:2311,0.0,0.0,0.0,0.0,3.52,0.0
20230118:0011,0.0,0.0,0.0,0.1,3.31,0.0
20230118:0111,0.0,0.0,0.0,0.2,2.9,0.0
20230118:0211,0.0,0.0,0.0,0.0,2.48,0.0
20230118:0311,0.0,0.0,0.0,-0.26,2.21,0.0
20230118:0411,0.0,0.0,0.0,-0.7,2.14,0.0
20230118:0511,0.0,0.0,0.0,-0.69,2.34,0.0
20230118:0611,0.0,0.0,0.0,-0.51,2.69,0.0
20230118:0711,0.0,0.0,0.0,-1.03,2.48,0.0
20230118:0811,0.0,0.0,0.0,-1.12,2.48,0.0
20230118:0911,0.0,1.75,1.99,-1.03,2.9,0.0
20230118:1011,91.86,29.67,6.99,-0.45,3.45,0.0
20230118:1111,495.96,107.8,10.38,0.04,2.62,0.0
20230118:1211,79.14,26.89,11.9,0.01,2.55,0.0
20230118:1311,47.4,19.47,11.42,0.32,2.97,0.0
20230118:1411,329.28,76.86,8.98,0.16,3.1,0.0
20230118:1511,32.88,15.76,4.79,-0.45,2.76,0.0
20230118:1611,0.0,0.0,0.0,-1.16,2.41,0.0
20230118:1711,0.0,0.0,0.0,-2.05,2.34,0.0
20230118:1811,0.0,0.0,0.0,-2.69,2.55,0.0
20230118:1911,0.0,0.0,0.0,-2.27,2.55,0.0
20230118:2011,0.0,0.0,0.0,-2.2,2.55,0.0
20230118:2111,0.0,0.0,0.0,-2.05,2.69,0.0
20230118:2211,0.0,0.0,0.0,-2.42,2.69,0.0
20230118:2311,0.0,0.0,0.0,-2.9,2.69,0.0
20230119:0011,0.0,0.0,0.0,-3.17,2.69,0.0
20230119:0111,0.0,0.0,0.0,-3.41,2.76,0.0
20230119:0211,0.0,0.0,0.0,-3.72,2.83,0.0
20230119:0311,0.0,0.0,0.0,-3.85,2.9,0.0
20230119:0411,0.0,0.0,0.0,-3.92,3.03,0.0
20230119:0511,0.0,0.0,0.0,-3.91,3.24,0.0
20230119:0611,0.0,0.0,0.0,-3.48,3.45,0.0
20230119:0711,0.0,0.0,0.0,-2.1,4.28,0.0
20230119:0811,0.0,0.0,0.0,-1.33,4.97,0.0
20230119:0911,0.0,0.87,2.15,-0.53,5.24,0.0
20230119:1011,4.74,7.42,7.16,0.1,4.83,0.0
20230119:1111,19.14,12.05,10.57,0.77,4.07,0.0
20230119:1211,120.78,36.16,12.1,1.51,3.66,0.0
20230119:1311,562.68,120.88,11.63,1.86,3.38,0.0
20230119:1411,785.52,161.5,9.2,2.05,3.38,0.0
20230119:1511,0.0,4.64,5.01,1.9,3.24,0.0
20230119:1611,0.0,0.0,0.0,1.68,3.03,0.0
20230119:1711,0.0,0.0,0.0,1.54,2.97,0.0
20230119:1811,0.0,0.0,0.0,1.25,2.76,0.0
20230119:1911,0.0,0.0,0.0,0.89,2.69,0.0
20230119:2011,0.0,0.0,0.0,0.71,2.48,0.0
20230119:2111,0.0,0.0,0.0,0.76,2.41,0.0
20230119:2211,0.0,0.0,0.0,0.63,2.21,0.0
20230119:2311,0.0,0.0,0.0,0.39,1.93,0.0
20230120:0011,0.0,0.0,0.0,0.07,1.72,0.0
20230120:0111,0.0,0.0,0.0,-0.19,1.72,0.0
20230120:0211,0.0,0.0,0.0,-0.36,1.66,0.0
20230120:0311,0.0,0.0,0.0,-1.09,1.59,0.0
20230120:0411,0.0,0.0,0.0,-2.17,1.52,0.0
20230120:0511,0.0,0.0,0.0,-2.21,1.45,0.0
20230120:0611,0.0,0.0,0.0,-2.32,1.38,0.0
20230120:0711,0.0,0.0,0.0,-2.99,1.24,0.0
20230120:0811,0.0,0.0,0.0,-3.5,1.17,0.0
20230120:0911,3.84,7.0,2.31,-3.89,1.17,0.0
20230120:1011,1948.98,373.96,7.35,-4.12,1.17,0.0
20230120:1111,2711.52,522.61,10.77,-3.91,1.24,0.0
20230120:1211,1903.2,364.2,12.31,-3.23,1.24,0.0
20230120:1311,1382.34,267.27,11.85,-2.92,1.24,0.0
20230120:1411,2183.52,419.8,9.43,-2.8,1.31,0.0
20230120:1511,1348.68,263.55,5.23,-3.16,1.45,0.0
20230120:1611,0.0,0.0,0.0,-4.03,1.52,0.0
20230120:1711,0.0,0.0,0.0,-4.78,1.79,0.0
20230120:1811,0.0,0.0,0.0,-5.07,1.93,0.0
20230120:1911,0.0,0.0,0.0,-5.36,1.86,0.0
20230120:2011,0.0,0.0,0.0,-5.4,1.93,0.0
20230120:2111,0.0,0.0,0.0,-5.26,1.93,0.0
20230120:2211,0.0,0.0,0.0,-4.95,2.07,0.0
20230120:2311,0.0,0.0,0.0,-3.86,2.34,0.0
20230121:0011,0.0,0.0,0.0,-2.21,2.69,0.0
20230121:0111,0.0,0.0,0.0,-0.29,3.24,0.0
20230121:0211,0.0,0.0,0.0,0.81,3.86,0.0
20230121:0311,0.0,0.0,0.0,1.4,4.21,0.0
20230121:0411,0.0,0.0,0.0,1.76,4.34,0.0
20230121:0511,0.0,0.0,0.0,1.92,4.48,0.0
20230121:0611,0.0,0.0,0.0,2.01,4.62,0.0
20230121:0711,0.0,0.0,0.0,2.14,4.69,0.0
20230121:0811,0.0,0.0,0.0,2.39,4.83,0.0
20230121:0911,0.0,1.75,2.49,2.59,4.83,0.0
20230121:1011,4.62,7.42,7.53,2.82,4.97,0.0
20230121:1111,18.84,12.05,10.97,3.1,5.03,0.0
20230121:1211,77.76,26.89,12.53,3.4,5.03,0.0
20230121:1311,158.94,44.5,12.08,3.73,5.03,0.0
20230121:1411,12.66,10.2,9.66,3.82,4.9,0.0
20230121:1511,7.08,8.34,5.46,3.85,4.83,0.0
20230121:1611,0.0,0.0,0.0,3.65,4.69,0.0
20230121:1711,0.0,0.0,0.0,3.49,4.69,0.0
20230121:1811,0.0,0.0,0.0,3.52,4.76,0.0
20230121:1911,0.0,0.0,0.0,3.72,4.97,0.0
20230121:2011,0.0,0.0,0.0,3.87,4.97,0.0
20230121:2111,0.0,0.0,0.0,3.98,4.97,0.0
20230121:2211,0.0,0.0,0.0,4.08,5.03,0.0
20230121:2311,0.0,0.0,0.0,4.14,5.03,0.0
20230122:0011,0.0,0.0,0.0,4.22,4.97,0.0
20230122:0111,0.0,0.0,0.0,4.28,4.9,0.0
20230122:0211,0.0,0.0,0.0,4.35,4.9,0.0
20230122:0311,0.0,0.0,0.0,4.54,4.83,0.0
20230122:0411,0.0,0.0,0.0,4.7,4.76,0.0
20230122:0511,0.0,0.0,0.0,4.86,4.9,0.0
20230122:0611,0.0,0.0,0.0,5.05,4.9,0.0
20230122:0711,0.0,0.0,0.0,5.94,4.97,0.0
20230122:0811,0.0,0.0,0.0,6.16,4.83,0.0
20230122:0911,0.0,2.62,2.67,6.31,4.55,0.0
20230122:1011,80.4,27.81,7.73,6.54,4.34,0.0
20230122:1111,515.04,114.18,11.18,6.72,4.07,0.0
20230122:1211,301.32,73.74,12.75,6.93,3.86,0.0
20230122:1311,125.82,38.01,12.31,7.12,3.59,0.0
20230122:1411,56.7,22.25,9.89,7.1,3.38,0.0
20230122:1511,21.48,12.98,5.7,7.04,3.17,0.0
20230122:1611,0.0,0.0,0.0,6.93,2.76,0.0
20230122:1711,0.0,0.0,0.0,6.75,2.48,0.0
20230122:1811,0.0,0.0,0.0,6.56,2.28,0.0
20230122:1911,0.0,0.0,0.0,6.92,2.34,0.0
20230122:2011,0.0,0.0,0.0,7.04,2.41,0.0
20230122:2111,0.0,0.0,0.0,7.05,2.34,0.0
20230122:2211,0.0,0.0,0.0,7.07,2.34,0.0
20230122:2311,0.0,0.0,0.0,7.03,2.34,0.0
20230123:0011,0.0,0.0,0.0,7.07,2.62,0.0
20230123:0111,0.0,0.0,0.0,7.14,2.83,0.0
20230123:0211,0.0,0.0,0.0,7.12,2.97,0.0
20230123:0311,0.0,0.0,0.0,7.13,3.03,0.0
20230123:0411,0.0,0.0,0.0,7.13,3.24,0.0
20230123:0511,0.0,0.0,0.0,7.18,3.31,0.0
20230123:0611,0.0,0.0,0.0,7.19,3.31,0.0
20230123:0711,0.0,0.0,0.0,7.64,3.72,0.0
20230123:0811,0.0,0.0,0.0,7.67,3.86,0.0
20230123:0911,0.0,1.75,2.85,7.54,4.07,0.0
20230123:1011,76.02,26.89,7.93,7.53,4.34,0.0
20230123:1111,186.78,50.99,11.4,7.63,4.55,0.0
20230123:1211,182.28,50.06,12.98,7.7,4.62,0.0
20230123:1311,335.52,80.6,12.55,7.82,4.62,0.0
20230123:1411,146.94,42.65,10.13,7.78,4.55,0.0
20230123:1511,21.42,12.98,5.94,7.66,4.34,0.0
20230123:1611,0.0,0.0,0.0,7.39,4.0,0.0
20230123:1711,0.0,0.0,0.0,7.13,3.79,0.0
20230123:1811,0.0,0.0,0.0,7.06,3.59,0.0
20230123:1911,0.0,0.0,0.0,7.61,3.86,0.0
20230123:2011,0.0,0.0,0.0,7.68,3.86,0.0
20230123:2111,0.0,0.0,0.0,7.64,3.86,0.0
20230123:2211,0.0,0.0,0.0,7.65,3.79,0.0
20230123:2311,0.0,0.0,0.0,7.68,3.66,0.0
20230124:0011,0.0,0.0,0.0,7.69,3.52,0.0
20230124:0111,0.0,0.0,0.0,7.79,3.31,0.0
20230124:0211,0.0,0.0,0.0,7.78,3.24,0.0
20230124:0311,0.0,0.0,0.0,7.85,3.24,0.0
20230124:0411,0.0,0.0,0.0,7.92,3.17,0.0
20230124:0511,0.0,0.0,0.0,7.97,3.17,0.0
20230124:0611,0.0,0.0,0.0,7.92,3.24,0.0
20230124:0711,0.0,0.0,0.0,8.08,3.24,0.0
20230124:0811,0.0,0.0,0.0,7.98,3.24,0.0
20230124:0911,0.0,1.75,3.04,7.99,3.31,0.0
20230124:1011,695.64,149.15,8.14,8.25,3.45,0.0
20230124:1111,1826.04,363.95,11.62,8.54,3.72,0.0
20230124:1211,1343.46,270.95,13.22,8.76,3.93,0.0
20230124:1311,2524.74,502.88,12.79,8.81,4.21,0.0
20230124:1411,405.72,94.3,10.38,8.78,4.41,0.0
20230124:1511,967.2,201.31,6.18,8.73,4.55,0.0
20230124:1611,0.0,0.0,0.0,8.53,4.69,0.0
20230124:1711,0.0,0.0,0.0,8.24,4.76,0.0
20230124:1811,0.0,0.0,0.0,8.09,4.9,0.0
20230124:1911,0.0,0.0,0.0,8.66,5.03,0.0
20230124:2011,0.0,0.0,0.0,8.39,5.1,0.0
20230124:2111,0.0,0.0,0.0,7.92,4.97,0.0
20230124:2211,0.0,0.0,0.0,7.71,5.03,0.0
20230124:2311,0.0,0.0,0.0,7.8,5.03,0.0
20230125:0011,0.0,0.0,0.0,7.97,5.1,0.0
20230125:0111,0.0,0.0,0.0,8.03,5.03,0.0
20230125:0211,0.0,0.0,0.0,8.05,4.97,0.0
20230125:0311,0.0,0.0,0.0,8.07,4.76,0.0
20230125:0411,0.0,0.0,0.0,8.14,4.41,0.0
20230125:0511,0.0,0.0,0.0,7.86,4.62,0.0
20230125:0611,0.0,0.0,0.0,7.19,4.48,0.0
20230125:0711,0.0,0.0,0.0,6.88,4.0,0.0
20230125:0811,0.0,0.0,0.0,6.18,4.14,0.0
20230125:0911,0.0,1.75,3.24,5.52,3.86,0.0
20230125:1011,1368.42,272.04,8.35,5.01,4.21,0.0
20230125:1111,2485.98,486.4,11.85,4.9,4.14,0.0
20230125:1211,1080.6,218.21,13.46,5.21,3.66,0.0
20230125:1311,506.58,112.32,13.04,5.5,3.45,0.0
20230125:1411,499.02,110.79,10.63,5.69,3.52,0.0
20230125:1511,823.8,171.89,6.43,5.41,3.72,0.0
20230125:1611,0.0,0.0,0.0,4.97,3.38,0.0
20230125:1711,0.0,0.0,0.0,4.54,3.1,0.0
20230125:1811,0.0,0.0,0.0,4.42,2.97,0.0
20230125:1911,0.0,0.0,0.0,4.54,2.9,0.0
20230125:2011,0.0,0.0,0.0,4.52,2.69,0.0
20230125:2111,0.0,0.0,0.0,4.47,2.41,0.0
20230125:2211,0.0,0.0,0.0,4.33,2.0,0.0
20230125:2311,0.0,0.0,0.0,4.08,1.59,0.0
20230126:0011,0.0,0.0,0.0,3.6,1.38,0.0
20230126:0111,0.0,0.0,0.0,3.36,1.38,0.0
20230126:0211,0.0,0.0,0.0,3.49,1.59,0.0
20230126:0311,0.0,0.0,0.0,3.64,1.93,0.0
20230126:0411,0.0,0.0,0.0,3.31,1.72,0.0
20230126:0511,0.0,0.0,0.0,3.1,1.59,0.0
20230126:0611,0.0,0.0,0.0,2.79,1.52,0.0
20230126:0711,0.0,0.0,0.0,2.67,1.59,0.0
20230126:0811,0.0,0.0,0.0,2.14,1.52,0.0
20230126:0911,8.4,8.74,3.45,1.78,1.45,0.0
20230126:1011,160.32,44.57,8.57,2.55,1.52,0.0
20230126:1111,1393.26,276.45,12.08,3.29,1.59,0.0
20230126:1211,1476.0,291.65,13.71,3.71,2.28,0.0
20230126:1311,231.42,59.33,13.29,3.86,2.69,0.0
20230126:1411,818.22,169.46,10.88,4.04,2.14,0.0
20230126:1511,123.36,37.01,6.68,3.91,1.52,0.0
20230126:1611,0.0,0.0,0.0,3.42,1.1,0.0
20230126:1711,0.0,0.0,0.0,2.63,0.76,0.0
20230126:1811,0.0,0.0,0.0,1.91,0.97,0.0
20230126:1911,0.0,0.0,0.0,1.51,1.03,0.0
20230126:2011,0.0,0.0,0.0,1.29,1.03,0.0
20230126:2111,0.0,0.0,0.0,0.95,1.1,0.0
20230126:2211,0.0,0.0,0.0,0.34,1.38,0.0
20230126:2311,0.0,0.0,0.0,0.41,1.59,0.0
20230127:0011,0.0,0.0,0.0,0.37,1.86,0.0
20230127:0111,0.0,0.0,0.0,-0.34,2.07,0.0
20230127:0211,0.0,0.0,0.0,-0.71,2.14,0.0
20230127:0311,0.0,0.0,0.0,-0.78,2.21,0.0
20230127:0411,0.0,0.0,0.0,-0.38,2.28,0.0
20230127:0511,0.0,0.0,0.0,0.23,2.34,0.0
20230127:0611,0.0,0.0,0.0,0.62,2.41,0.0
20230127:0711,0.0,0.0,0.0,0.92,2.76,0.0
20230127:0811,0.0,0.0,0.0,1.47,2.83,0.0
20230127:0911,0.0,2.62,3.66,2.02,2.97,0.0
20230127:1011,796.44,164.36,8.8,2.72,3.24,0.0
20230127:1111,1903.86,371.29,12.32,3.47,3.31,0.0
20230127:1211,2731.68,533.64,13.96,4.19,4.14,0.0
20230127:1311,2387.52,464.93,13.55,4.64,4.48,0.0
20230127:1411,743.28,155.5,11.14,4.8,4.14,0.0
20230127:1511,35.28,16.69,6.94,4.94,4.0,0.0
20230127:1611,0.0,0.0,0.0,4.93,3.93,0.0
20230127:1711,0.0,0.0,0.0,4.96,3.93,0.0
20230127:1811,0.0,0.0,0.0,5.07,3.79,0.0
20230127:1911,0.0,0.0,0.0,5.43,3.86,0.0
20230127:2011,0.0,0.0,0.0,5.68,3.66,0.0
20230127:2111,0.0,0.0,0.0,5.84,3.17,0.0
20230127:2211,0.0,0.0,0.0,5.93,2.41,0.0
20230127:2311,0.0,0.0,0.0,5.84,1.86,0.0
20230128:0011,0.0,0.0,0.0,5.58,1.86,0.0
20230128:0111,0.0,0.0,0.0,5.16,2.07,0.0
20230128:0211,0.0,0.0,0.0,4.51,1.72,0.0
20230128:0311,0.0,0.0,0.0,3.59,1.66,0.0
20230128:0411,0.0,0.0,0.0,3.0,1.66,0.0
20230128:0511,0.0,0.0,0.0,2.52,1.72,0.0
20230128:0611,0.0,0.0,0.0,2.17,1.93,0.0
20230128:0711,0.0,0.0,0.0,1.8,2.07,0.0
20230128:0811,0.0,0.0,0.0,1.91,2.14,0.0
20230128:0911,22.68,13.12,3.87,2.08,2.14,0.0
20230128:1011,320.34,76.13,9.03,2.74,2.14,0.0
20230128:1111,344.4,81.17,12.57,3.57,2.21,0.0
20230128:1211,2354.16,462.25,14.22,4.33,2.9,0.0
20230128:1311,2229.84,437.41,13.82,4.78,3.24,0.0
20230128:1411,1307.94,260.77,11.41,5.03,3.24,0.0
20230128:1511,719.04,152.05,7.2,4.84,2.97,0.0
20230128:1611,0.0,0.0,0.0,4.41,2.69,0.0
20230128:1711,0.0,0.0,0.0,3.48,2.62,0.0
20230128:1811,0.0,0.0,0.0,3.21,2.76,0.0
20230128:1911,0.0,0.0,0.0,3.73,3.24,0.0
20230128:2011,0.0,0.0,0.0,3.66,3.66,0.0
20230128:2111,0.0,0.0,0.0,3.5,3.93,0.0
20230128:2211,0.0,0.0,0.0,3.52,4.28,0.0
20230128:2311,0.0,0.0,0.0,3.64,4.69,0.0
20230129:0011,0.0,0.0,0.0,3.84,5.03,0.0
20230129:0111,0.0,0.0,0.0,4.21,5.31,0.0
20230129:0211,0.0,0.0,0.0,4.37,5.38,0.0
20230129:0311,0.0,0.0,0.0,4.59,5.38,0.0
20230129:0411,0.0,0.0,0.0,4.77,5.52,0.0
20230129:0511,0.0,0.0,0.0,5.13,5.72,0.0
20230129:0611,0.0,0.0,0.0,5.47,5.93,0.0
20230129:0711,0.0,0.0,0.0,6.39,6.21,0.0
20230129:0811,0.0,0.0,0.0,6.89,6.34,0.0
20230129:0911,44.64,19.24,4.1,7.3,6.41,0.0
20230129:1011,49.08,20.4,9.27,7.71,6.48,0.0
20230129:1111,342.12,81.89,12.82,8.05,6.48,0.0
20230129:1211,38.1,17.62,14.48,8.33,6.69,0.0
20230129:1311,343.74,82.36,14.09,8.23,6.83,0.0
20230129:1411,21.42,12.98,11.68,7.68,6.76,0.0
20230129:1511,6.96,8.34,7.47,6.18,6.34,0.0
20230129:1611,0.0,0.87,1.78,5.0,5.86,0.0
20230129:1711,0.0,0.0,0.0,4.1,5.72,0.0
20230129:1811,0.0,0.0,0.0,3.02,5.45,0.0
20230129:1911,0.0,0.0,0.0,2.91,5.52,0.0
20230129:2011,0.0,0.0,0.0,2.71,5.52,0.0
20230129:2111,0.0,0.0,0.0,2.39,5.52,0.0
20230129:2211,0.0,0.0,0.0,2.55,6.0,0.0
20230129:2311,0.0,0.0,0.0,2.58,6.07,0.0
20230130:0011,0.0,0.0,0.0,2.75,6.07,0.0
20230130:0111,0.0,0.0,0.0,3.02,6.0,0.0
20230130:0211,0.0,0.0,0.0,3.45,5.86,0.0
20230130:0311,0.0,0.0,0.0,3.68,5.31,0.0
20230130:0411,0.0,0.0,0.0,3.48,5.03,0.0
20230130:0511,0.0,0.0,0.0,3.29,4.69,0.0
20230130:0611,0.0,0.0,0.0,3.11,4.21,0.0
20230130:0711,0.0,0.0,0.0,3.14,3.52,0.0
20230130:0811,0.0,0.0,0.0,2.82,3.03,0.0
20230130:0911,214.5,56.0,4.33,2.55,2.76,0.0
20230130:1011,1734.36,340.3,9.51,2.93,2.76,0.0
20230130:1111,2698.14,532.82,13.08,3.64,2.48,0.0
20230130:1211,309.78,74.88,14.75,4.52,2.9,0.0
20230130:1311,1126.8,227.05,14.36,4.92,3.1,0.0
20230130:1411,609.0,131.26,11.96,5.27,3.45,0.0
20230130:1511,1515.66,302.63,7.74,5.13,3.03,0.0
20230130:1611,0.0,3.5,2.04,4.74,2.97,0.0
20230130:1711,0.0,0.0,0.0,4.36,3.03,0.0
20230130:1811,0.0,0.0,0.0,4.2,3.45,0.0
20230130:1911,0.0,0.0,0.0,4.24,4.14,0.0
20230130:2011,0.0,0.0,0.0,4.35,4.9,0.0
20230130:2111,0.0,0.0,0.0,4.78,5.38,0.0
20230130:2211,0.0,0.0,0.0,5.6,5.24,0.0
20230130:2311,0.0,0.0,0.0,6.43,5.17,0.0
20230131:0011,0.0,0.0,0.0,6.97,5.03,0.0
20230131:0111,0.0,0.0,0.0,6.98,5.66,0.0
20230131:0211,0.0,0.0,0.0,5.52,5.59,0.0
20230131:0311,0.0,0.0,0.0,4.43,5.45,0.0
20230131:0411,0.0,0.0,0.0,3.6,5.86,0.0
20230131:0511,0.0,0.0,0.0,2.31,5.79,0.0
20230131:0611,0.0,0.0,0.0,1.82,5.93,0.0
20230131:0711,0.0,0.0,0.0,1.81,5.59,0.0
20230131:0811,0.0,0.0,0.0,1.59,5.93,0.0
20230131:0911,0.0,3.71,4.56,1.73,5.72,0.0
20230131:1011,62.34,23.18,9.76,2.06,5.93,0.0
20230131:1111,32.34,15.76,13.35,2.3,6.34,0.0
20230131:1211,2717.1,521.4,15.02,2.86,6.21,0.0
20230131:1311,39.3,17.62,14.64,3.13,6.21,0.0
20230131:1411,25.32,13.91,12.23,3.34,6.0,0.0
20230131:1511,1586.22,309.61,8.02,2.99,6.34,0.0
20230131:1611,0.0,0.93,2.31,2.81,6.07,0.0
20230131:1711,0.0,0.0,0.0,2.27,5.59,0.0
20230131:1811,0.0,0.0,0.0,2.22,5.38,0.0
20230131:1911,0.0,0.0,0.0,2.54,5.31,0.0
20230131:2011,0.0,0.0,0.0,2.68,5.31,0.0
20230131:2111,0.0,0.0,0.0,2.56,5.45,0.0
20230131:2211,0.0,0.0,0.0,2.46,5.59,0.0
20230131:2311,0.0,0.0,0.0,2.5,6.0,0.0
20230201:0011,0.0,0.0,0.0,2.64,6.14,0.0
20230201:0111,0.0,0.0,0.0,2.8,5.93,0.0
20230201:0211,0.0,0.0,0.0,2.82,5.72,0.0
20230201:0311,0.0,0.0,0.0,2.82,5.38,0.0
20230201:0411,0.0,0.0,0.0,2.8,5.59,0.0
20230201:0511,0.0,0.0,0.0,2.6,5.52,0.0
20230201:0611,0.0,0.0,0.0,2.52,5.38,0.0
20230201:0711,0.0,0.0,0.0,2.58,5.03,0.0
20230201:0811,0.0,0.0,0.0,2.49,5.03,0.0
20230201:0911,32.34,15.76,4.8,2.29,4.83,0.0
20230201:1011,819.18,168.07,10.02,2.61,4.69,0.0
20230201:1111,1575.54,307.07,13.62,3.11,4.55,0.0
20230201:1211,227.4,58.41,15.3,3.58,4.28,0.0
20230201:1311,222.36,57.48,14.93,3.91,4.07,0.0
20230201:1411,337.86,79.91,12.52,3.93,3.79,0.0
20230201:1511,89.76,29.67,8.29,3.9,3.24,0.0
20230201:1611,0.06,5.56,2.58,3.52,2.9,0.0
20230201:1711,0.0,0.0,0.0,2.83,2.62,0.0
20230201:1811,0.0,0.0,0.0,2.46,2.41,0.0
20230201:1911,0.0,0.0,0.0,2.69,2.34,0.0
20230201:2011,0.0,0.0,0.0,2.4,2.07,0.0
20230201:2111,0.0,0.0,0.0,2.25,2.07,0.0
20230201:2211,0.0,0.0,0.0,2.28,1.93,0.0
20230201:2311,0.0,0.0,0.0,2.56,1.93,0.0
20230202:0011,0.0,0.0,0.0,3.13,1.93,0.0
20230202:0111,0.0,0.0,0.0,3.79,2.0,0.0
20230202:0211,0.0,0.0,0.0,4.46,2.21,0.0
20230202:0311,0.0,0.0,0.0,5.03,2.41,0.0
20230202:0411,0.0,0.0,0.0,5.56,3.24,0.0
20230202:0511,0.0,0.0,0.0,6.36,4.0,0.0
20230202:0611,0.0,0.0,0.0,6.92,4.07,0.0
20230202:0711,0.0,0.0,0.0,6.74,3.72,0.0
20230202:0811,0.0,0.0,0.0,7.08,4.07,0.0
20230202:0911,9.54,9.27,5.05,7.46,4.9,0.0
20230202:1011,72.0,25.96,10.28,7.73,5.24,0.0
20230202:1111,151.26,43.57,13.89,7.88,5.45,0.0
20230202:1211,917.4,189.85,15.59,7.89,5.66,0.0
20230202:1311,278.04,69.53,15.22,7.9,5.72,0.0
20230202:1411,883.2,183.12,12.81,7.85,6.14,0.0
20230202:1511,1149.84,233.52,8.58,7.79,6.48,0.0
20230202:1611,0.0,4.64,2.85,7.64,6.69,0.0
20230202:1711,0.0,0.0,0.0,7.76,6.97,0.0
20230202:1811,0.0,0.0,0.0,8.01,6.55,0.0
20230202:1911,0.0,0.0,0.0,8.03,6.07,0.0
20230202:2011,0.0,0.0,0.0,8.1,6.34,0.0
20230202:2111,0.0,0.0,0.0,8.24,6.69,0.0
20230202:2211,0.0,0.0,0.0,7.53,7.31,0.0
20230202:2311,0.0,0.0,0.0,6.31,6.55,0.0
20230203:0011,0.0,0.0,0.0,5.88,6.0,0.0
20230203:0111,0.0,0.0,0.0,5.52,5.66,0.0
20230203:0211,0.0,0.0,0.0,5.2,5.38,0.0
20230203:0311,0.0,0.0,0.0,5.06,5.24,0.0
20230203:0411,0.0,0.0,0.0,4.83,5.03,0.0
20230203:0511,0.0,0.0,0.0,4.54,4.83,0.0
20230203:0611,0.0,0.0,0.0,4.35,4.34,0.0
20230203:0711,0.0,0.0,0.0,4.41,3.79,0.0
20230203:0811,0.0,0.0,0.0,4.12,3.1,0.0
20230203:0911,9.78,9.27,5.3,4.04,2.48,0.0
20230203:1011,53.7,21.32,10.55,4.52,2.0,0.0
20230203:1111,114.3,35.23,14.17,4.9,2.0,0.0
20230203:1211,757.38,159.59,15.88,5.36,2.21,0.0
20230203:1311,1043.28,212.83,15.51,5.85,2.69,0.0
20230203:1411,1152.84,233.4,13.1,6.39,3.1,0.0
20230203:1511,969.0,200.22,8.86,6.97,3.31,0.0
20230203:1611,0.0,3.71,3.13,7.47,3.45,0.0
20230203:1711,0.0,0.0,0.0,7.38,3.52,0.0
20230203:1811,0.0,0.0,0.0,7.09,3.45,0.0
20230203:1911,0.0,0.0,0.0,7.56,3.24,0.0
20230203:2011,0.0,0.0,0.0,7.63,3.1,0.0
20230203:2111,0.0,0.0,0.0,7.57,3.03,0.0
20230203:2211,0.0,0.0,0.0,7.64,3.03,0.0
20230203:2311,0.0,0.0,0.0,7.66,3.17,0.0
20230204:0011,0.0,0.0,0.0,7.7,3.24,0.0
20230204:0111,0.0,0.0,0.0,7.5,3.31,0.0
20230204:0211,0.0,0.0,0.0,7.24,3.45,0.0
20230204:0311,0.0,0.0,0.0,6.96,3.66,0.0
20230204:0411,0.0,0.0,0.0,6.92,3.86,0.0
20230204:0511,0.0,0.0,0.0,6.84,3.93,0.0
20230204:0611,0.0,0.0,0.0,6.81,4.07,0.0
20230204:0711,0.0,0.0,0.0,7.48,3.93,0.0
20230204:0811,0.0,0.0,0.0,7.41,4.14,0.0
20230204:0911,34.8,16.69,5.56,7.43,4.41,0.0
20230204:1011,96.24,31.52,10.82,7.52,4.62,0.0
20230204:1111,532.14,118.14,14.46,7.64,4.83,0.0
20230204:1211,1032.96,211.56,16.18,7.78,4.97,0.0
20230204:1311,116.94,36.16,15.81,7.77,5.03,0.0
20230204:1411,765.66,161.17,13.39,7.19,5.45,0.0
20230204:1511,73.08,25.96,9.15,5.03,4.9,0.0
20230204:1611,0.0,2.78,3.41,3.55,3.59,0.0
20230204:1711,0.0,0.0,0.0,3.14,3.79,0.0
20230204:1811,0.0,0.0,0.0,2.56,3.93,0.0
20230204:1911,0.0,0.0,0.0,2.49,3.52,0.0
20230204:2011,0.0,0.0,0.0,2.24,3.24,0.0
20230204:2111,0.0,0.0,0.0,1.89,3.1,0.0
20230204:2211,0.0,0.0,0.0,1.55,2.97,0.0
20230204:2311,0.0,0.0,0.0,1.25,2.62,0.0
20230205:0011,0.0,0.0,0.0,0.9,2.34,0.0
20230205:0111,0.0,0.0,0.0,0.7,2.41,0.0
20230205:0211,0.0,0.0,0.0,0.87,2.34,0.0
20230205:0311,0.0,0.0,0.0,0.64,2.41,0.0
20230205:0411,0.0,0.0,0.0,0.37,2.55,0.0
20230205:0511,0.0,0.0,0.0,0.37,2.55,0.0
20230205:0611,0.0,0.0,0.0,0.22,2.48,0.0
20230205:0711,0.0,0.0,0.0,1.47,2.48,0.0
20230205:0811,0.0,0.0,0.0,1.35,2.41,0.0
20230205:0911,0.12,5.56,5.82,1.37,2.21,0.0
20230205:1011,120.24,36.16,11.1,2.22,2.21,0.0
20230205:1111,195.3,51.92,14.75,3.18,2.55,0.0
20230205:1211,850.26,175.97,16.48,4.26,2.62,0.0
20230205:1311,623.88,134.17,16.11,4.86,3.86,0.0
20230205:1411,721.5,151.89,13.69,4.94,4.34,0.0
20230205:1511,85.26,28.74,9.44,4.8,4.41,0.0
20230205:1611,0.0,2.78,3.69,4.5,4.21,0.0
20230205:1711,0.0,0.0,0.0,3.9,4.14,0.0
20230205:1811,0.0,0.0,0.0,3.64,4.14,0.0
20230205:1911,0.0,0.0,0.0,4.49,4.41,0.0
20230205:2011,0.0,0.0,0.0,4.65,4.34,0.0
20230205:2111,0.0,0.0,0.0,4.67,4.41,0.0
20230205:2211,0.0,0.0,0.0,4.74,4.41,0.0
20230205:2311,0.0,0.0,0.0,4.8,4.28,0.0
20230206:0011,0.0,0.0,0.0,4.91,4.14,0.0
20230206:0111,0.0,0.0,0.0,5.04,4.14,0.0
20230206:0211,0.0,0.0,0.0,5.11,4.14,0.0
20230206:0311,0.0,0.0,0.0,5.25,4.28,0.0
20230206:0411,0.0,0.0,0.0,5.17,4.28,0.0
20230206:0511,0.0,0.0,0.0,5.06,4.34,0.0
20230206:0611,0.0,0.0,0.0,5.04,4.41,0.0
20230206:0711,0.0,0.0,0.0,5.25,4.41,0.0
20230206:0811,0.0,0.0,0.0,5.31,4.55,0.0
20230206:0911,611.52,133.42,6.09,5.43,4.62,0.0
20230206:1011,1096.56,221.83,11.38,5.75,4.48,0.0
20230206:1111,330.6,79.33,15.05,6.11,4.62,0.0
20230206:1211,130.56,38.94,16.78,6.63,5.93,0.0
20230206:1311,147.72,42.65,16.42,6.87,5.86,0.0
20230206:1411,924.78,190.64,14.0,7.06,5.24,0.0
20230206:1511,223.02,58.14,9.74,6.97,4.9,0.0
20230206:1611,0.0,4.64,3.98,6.78,4.55,0.0
20230206:1711,0.0,0.0,0.0,6.55,4.28,0.0
20230206:1811,0.0,0.0,0.0,6.33,4.21,0.0
20230206:1911,0.0,0.0,0.0,6.65,4.55,0.0
20230206:2011,0.0,0.0,0.0,6.54,4.55,0.0
20230206:2111,0.0,0.0,0.0,6.41,4.55,0.0
20230206:2211,0.0,0.0,0.0,6.38,4.41,0.0
20230206:2311,0.0,0.0,0.0,6.42,4.28,0.0
20230207:0011,0.0,0.0,0.0,6.46,4.21,0.0
20230207:0111,0.0,0.0,0.0,6.44,4.14,0.0
20230207:0211,0.0,0.0,0.0,6.43,4.07,0.0
20230207:0311,0.0,0.0,0.0,6.47,4.0,0.0
20230207:0411,0.0,0.0,0.0,6.49,3.59,0.0
20230207:0511,0.0,0.0,0.0,6.5,2.9,0.0
20230207:0611,0.0,0.0,0.0,6.38,2.0,0.0
20230207:0711,0.0,0.0,0.0,6.4,2.0,0.0
20230207:0811,0.0,0.0,0.0,6.14,1.93,0.0
20230207:0911,1030.38,214.72,6.37,5.9,2.0,0.0
20230207:1011,1270.08,256.31,11.67,5.68,1.93,0.0
20230207:1111,1655.28,329.32,15.35,5.76,2.28,0.0
20230207:1211,2157.12,427.97,17.09,5.98,2.48,0.0
20230207:1311,1508.22,300.78,16.73,6.24,2.97,0.0
20230207:1411,2800.98,558.0,14.3,6.34,3.31,0.0
20230207:1511,2036.58,404.96,10.03,5.99,3.17,0.0
20230207:1611,35.16,16.69,4.27,5.61,3.38,0.0
20230207:1711,0.0,0.0,0.0,4.65,3.38,0.0
20230207:1811,0.0,0.0,0.0,3.89,3.45,0.0
20230207:1911,0.0,0.0,0.0,3.96,3.93,0.0
20230207:2011,0.0,0.0,0.0,3.63,4.21,0.0
20230207:2111,0.0,0.0,0.0,3.5,4.48,0.0
20230207:2211,0.0,0.0,0.0,3.3,4.69,0.0
20230207:2311,0.0,0.0,0.0,3.14,4.9,0.0
20230208:0011,0.0,0.0,0.0,3.07,4.97,0.0
20230208:0111,0.0,0.0,0.0,3.14,5.24,0.0
20230208:0211,0.0,0.0,0.0,3.18,5.45,0.0
20230208:0311,0.0,0.0,0.0,3.27,5.59,0.0
20230208:0411,0.0,0.0,0.0,3.21,5.86,0.0
20230208:0511,0.0,0.0,0.0,3.42,6.21,0.0
20230208:0611,0.0,0.0,0.0,3.88,6.55,0.0
20230208:0711,0.0,0.0,0.0,4.9,6.69,0.0
20230208:0811,0.0,0.0,0.0,5.3,6.97,0.0
20230208:0911,179.04,48.96,6.65,5.33,7.24,0.0
20230208:1011,960.96,195.6,11.96,5.54,7.38,0.0
20230208:1111,820.5,170.2,15.65,5.89,7.72,0.0
20230208:1211,950.88,194.94,17.4,6.43,6.48,0.0
20230208:1311,1045.26,212.22,17.05,6.68,7.24,0.0
20230208:1411,950.58,194.33,14.61,6.45,7.66,0.0
20230208:1511,412.86,94.65,10.34,6.12,7.86,0.0
20230208:1611,0.0,5.56,4.56,5.51,8.0,0.0
20230208:1711,0.0,0.0,0.0,4.91,6.97,0.0
20230208:1811,0.0,0.0,0.0,2.9,5.24,0.0
20230208:1911,0.0,0.0,0.0,2.28,4.55,0.0
20230208:2011,0.0,0.0,0.0,1.84,4.9,0.0
20230208:2111,0.0,0.0,0.0,1.76,4.97,0.0
20230208:2211,0.0,0.0,0.0,1.66,4.9,0.0
20230208:2311,0.0,0.0,0.0,1.46,5.03,0.0
20230209:0011,0.0,0.0,0.0,1.42,5.24,0.0
20230209:0111,0.0,0.0,0.0,1.46,5.86,0.0
20230209:0211,0.0,0.0,0.0,1.61,5.93,0.0
20230209:0311,0.0,0.0,0.0,1.68,5.86,0.0
20230209:0411,0.0,0.0,0.0,1.61,5.79,0.0
20230209:0511,0.0,0.0,0.0,1.61,5.66,0.0
20230209:0611,0.0,0.0,0.0,1.63,5.52,0.0
20230209:0711,0.0,0.0,0.0,2.24,5.93,0.0
20230209:0811,0.0,0.0,0.0,2.32,5.93,0.0
20230209:0911,28.8,14.83,6.93,2.81,5.93,0.0
20230209:1011,473.16,105.02,12.26,3.4,6.14,0.0
20230209:1111,908.7,185.41,15.96,3.91,5.31,0.0
20230209:1211,1138.62,227.81,17.72,4.35,5.59,0.0
20230209:1311,370.5,86.48,17.36,4.51,5.66,0.0
20230209:1411,1396.38,275.43,14.93,4.57,5.24,0.0
20230209:1511,966.72,196.85,10.64,4.52,5.1,0.0
20230209:1611,39.0,17.62,4.85,4.36,4.69,0.0
20230209:1711,0.0,0.0,0.0,4.02,4.14,0.0
20230209:1811,0.0,0.0,0.0,3.8,3.66,0.0
20230209:1911,0.0,0.0,0.0,4.07,3.52,0.0
20230209:2011,0.0,0.0,0.0,4.1,3.38,0.0
20230209:2111,0.0,0.0,0.0,4.16,3.31,0.0
20230209:2211,0.0,0.0,0.0,4.23,3.31,0.0
20230209:2311,0.0,0.0,0.0,4.25,3.38,0.0
20230210:0011,0.0,0.0,0.0,4.28,3.52,0.0
20230210:0111,0.0,0.0,0.0,4.5,4.07,0.0
20230210:0211,0.0,0.0,0.0,4.63,4.48,0.0
20230210:0311,0.0,0.0,0.0,4.61,4.69,0.0
20230210:0411,0.0,0.0,0.0,4.57,4.9,0.0
20230210:0511,0.0,0.0,0.0,4.74,5.17,0.0
20230210:0611,0.0,0.0,0.0,5.32,5.59,0.0
20230210:0711,0.0,0.0,0.0,6.09,5.93,0.0
20230210:0811,0.0,0.0,0.0,6.93,5.66,0.0
20230210:0911,324.66,78.71,7.22,7.48,6.07,0.0
20230210:1011,977.04,200.76,12.56,7.76,6.21,0.0
20230210:1111,826.8,173.22,16.28,8.0,6.14,0.0
20230210:1211,1258.5,253.61,18.04,8.15,6.14,0.0
20230210:1311,1936.02,381.84,17.69,8.27,6.07,0.0
20230210:1411,817.56,171.66,15.24,8.25,5.93,0.0
20230210:1511,217.86,57.41,10.95,8.22,5.59,0.0
20230210:1611,9.48,9.27,5.14,8.2,5.45,0.0
20230210:1711,0.0,0.0,0.0,8.14,5.38,0.0
20230210:1811,0.0,0.0,0.0,8.08,5.24,0.0
20230210:1911,0.0,0.0,0.0,8.38,5.52,0.0
20230210:2011,0.0,0.0,0.0,8.36,5.45,0.0
20230210:2111,0.0,0.0,0.0,8.4,5.31,0.0
20230210:2211,0.0,0.0,0.0,8.38,5.03,0.0
20230210:2311,0.0,0.0,0.0,8.28,4.69,0.0
20230211:0011,0.0,0.0,0.0,8.16,4.28,0.0
20230211:0111,0.0,0.0,0.0,8.1,4.0,0.0
20230211:0211,0.0,0.0,0.0,7.98,3.93,0.0
20230211:0311,0.0,0.0,0.0,7.88,3.93,0.0
20230211:0411,0.0,0.0,0.0,7.76,3.86,0.0
20230211:0511,0.0,0.0,0.0,7.67,3.86,0.0
20230211:0611,0.0,0.0,0.0,7.5,4.0,0.0
20230211:0711,0.0,0.0,0.0,7.64,3.93,0.0
20230211:0811,0.0,0.0,0.0,7.54,3.86,0.0
20230211:0911,21.42,12.98,7.51,7.43,3.86,0.0
20230211:1011,177.96,49.14,12.87,7.41,3.86,0.0
20230211:1111,147.0,42.65,16.6,7.62,4.07,0.0
20230211:1211,249.66,63.97,18.37,8.12,3.86,0.0
20230211:1311,557.16,123.76,18.01,8.4,4.14,0.0
20230211:1411,628.32,136.89,15.56,8.39,4.14,0.0
20230211:1511,207.9,55.45,11.26,8.35,4.21,0.0
20230211:1611,0.0,5.56,5.44,7.83,4.28,0.0
20230211:1711,0.0,0.0,0.0,7.16,4.07,0.0
20230211:1811,0.0,0.0,0.0,6.78,3.86,0.0
20230211:1911,0.0,0.0,0.0,7.02,3.66,0.0
20230211:2011,0.0,0.0,0.0,6.93,3.59,0.0
20230211:2111,0.0,0.0,0.0,6.91,3.66,0.0
20230211:2211,0.0,0.0,0.0,6.79,3.72,0.0
20230211:2311,0.0,0.0,0.0,6.65,3.79,0.0
20230212:0011,0.0,0.0,0.0,6.34,3.86,0.0
20230212:0111,0.0,0.0,0.0,6.1,3.93,0.0
20230212:0211,0.0,0.0,0.0,5.91,3.79,0.0
20230212:0311,0.0,0.0,0.0,5.76,3.59,0.0
20230212:0411,0.0,0.0,0.0,5.61,3.45,0.0
20230212:0511,0.0,0.0,0.0,5.71,3.52,0.0
20230212:0611,0.0,0.0,0.0,6.0,3.52,0.0
20230212:0711,0.0,0.0,0.0,6.13,3.38,0.0
20230212:0811,0.0,0.0,0.0,6.21,3.31,0.0
20230212:0911,257.04,65.03,7.81,6.26,3.38,0.0
20230212:1011,565.44,124.13,13.18,6.45,3.17,0.0
20230212:1111,1228.68,248.1,16.92,6.8,3.72,0.0
20230212:1211,292.86,72.31,18.7,7.02,4.07,0.0
20230212:1311,335.22,80.66,18.34,6.99,4.0,0.0
20230212:1411,223.56,58.41,15.89,6.98,4.07,0.0
20230212:1511,121.62,37.08,11.57,7.0,3.79,0.0
20230212:1611,0.0,5.56,5.74,6.83,3.24,0.0
20230212:1711,0.0,0.0,0.0,6.36,2.83,0.0
20230212:1811,0.0,0.0,0.0,5.86,2.9,0.0
20230212:1911,0.0,0.0,0.0,5.72,2.9,0.0
20230212:2011,0.0,0.0,0.0,5.34,2.97,0.0
20230212:2111,0.0,0.0,0.0,4.97,2.97,0.0
20230212:2211,0.0,0.0,0.0,4.56,2.9,0.0
20230212:2311,0.0,0.0,0.0,4.17,2.69,0.0
20230213:0011,0.0,0.0,0.0,3.78,2.55,0.0
20230213:0111,0.0,0.0,0.0,3.34,2.34,0.0
20230213:0211,0.0,0.0,0.0,2.87,2.21,0.0
20230213:0311,0.0,0.0,0.0,2.7,2.07,0.0
20230213:0411,0.0,0.0,0.0,2.46,2.0,0.0
20230213:0511,0.0,0.0,0.0,2.28,1.93,0.0
20230213:0611,0.0,0.0,0.0,2.04,1.79,0.0
20230213:0711,0.0,0.0,0.0,2.32,1.79,0.0
20230213:0811,0.0,0.0,0.0,2.35,1.72,0.0
20230213:0911,1576.98,317.08,8.12,2.74,1.52,0.0
20230213:1011,2440.5,487.51,13.5,4.28,1.45,0.0
20230213:1111,3254.1,661.56,17.25,5.78,2.14,0.0
20230213:1211,3541.62,723.67,19.04,6.71,2.83,0.0
20230213:1311,3550.02,725.06,18.68,7.52,3.24,0.0
20230213:1411,3073.02,619.77,16.21,7.87,3.45,0.0
20230213:1511,2222.58,445.18,11.88,7.81,3.31,0.0
20230213:1611,989.22,210.03,6.04,7.24,2.9,0.0
20230213:1711,0.0,0.0,0.0,6.35,2.48,0.0
20230213:1811,0.0,0.0,0.0,5.32,2.21,0.0
20230213:1911,0.0,0.0,0.0,4.58,2.14,0.0
20230213:2011,0.0,0.0,0.0,4.03,2.28,0.0
20230213:2111,0.0,0.0,0.0,3.57,2.28,0.0
20230213:2211,0.0,0.0,0.0,3.09,2.14,0.0
20230213:2311,0.0,0.0,0.0,2.51,2.14,0.0
20230214:0011,0.0,0.0,0.0,2.44,2.28,0.0
20230214:0111,0.0,0.0,0.0,2.4,2.34,0.0
20230214:0211,0.0,0.0,0.0,2.58,2.28,0.0
20230214:0311,0.0,0.0,0.0,2.52,2.28,0.0
20230214:0411,0.0,0.0,0.0,2.31,2.34,0.0
20230214:0511,0.0,0.0,0.0,2.39,2.62,0.0
20230214:0611,0.0,0.0,0.0,2.73,2.9,0.0
20230214:0711,0.0,0.0,0.0,2.91,3.24,0.0
20230214:0811,0.0,0.87,1.78,3.07,3.03,0.0
20230214:0911,1304.94,263.61,8.42,3.72,2.76,0.0
20230214:1011,529.56,116.81,13.82,4.99,2.69,0.0
20230214:1111,2029.02,402.07,17.58,6.59,3.24,0.0
20230214:1211,960.18,199.17,19.37,7.89,3.86,0.0
20230214:1311,1261.26,256.25,19.01,8.75,4.21,0.0
20230214:1411,446.04,102.75,16.54,8.93,4.0,0.0
20230214:1511,728.64,156.12,12.2,8.87,3.93,0.0
20230214:1611,94.68,31.39,6.35,8.6,4.0,0.0
20230214:1711,0.0,0.0,0.0,8.33,3.93,0.0
20230214:1811,0.0,0.0,0.0,8.3,4.0,0.0
20230214:1911,0.0,0.0,0.0,8.36,4.34,0.0
20230214:2011,0.0,0.0,0.0,8.57,4.41,0.0
20230214:2111,0.0,0.0,0.0,8.27,4.41,0.0
20230214:2211,0.0,0.0,0.0,7.85,4.34,0.0
20230214:2311,0.0,0.0,0.0,7.79,4.41,0.0
20230215:0011,0.0,0.0,0.0,7.71,4.41,0.0
20230215:0111,0.0,0.0,0.0,7.55,4.55,0.0
20230215:0211,0.0,0.0,0.0,7.39,4.62,0.0
20230215:0311,0.0,0.0,0.0,7.23,4.76,0.0
20230215:0411,0.0,0.0,0.0,7.14,4.83,0.0
20230215:0511,0.0,0.0,0.0,7.08,4.97,0.0
20230215:0611,0.0,0.0,0.0,6.77,5.03,0.0
20230215:0711,0.0,0.0,0.0,6.27,4.83,0.0
20230215:0811,0.0,1.75,2.09,5.88,4.62,0.0
20230215:0911,35.22,16.69,8.74,5.42,4.55,0.0
20230215:1011,180.0,49.14,14.15,5.24,4.21,0.0
20230215:1111,2901.24,571.9,17.92,5.03,4.0,0.0
20230215:1211,3542.04,708.07,19.72,5.22,4.07,0.0
20230215:1311,3147.3,621.36,19.35,5.81,4.9,0.0
20230215:1411,2015.22,394.76,16.87,6.0,5.1,0.0
20230215:1511,211.08,55.63,12.52,6.03,5.38,0.0
20230215:1611,53.4,21.32,6.65,5.81,5.31,0.0
20230215:1711,0.0,0.0,0.0,5.6,5.45,0.0
20230215:1811,0.0,0.0,0.0,5.42,4.9,0.0
20230215:1911,0.0,0.0,0.0,5.64,4.41,0.0
20230215:2011,0.0,0.0,0.0,5.27,3.93,0.0
20230215:2111,0.0,0.0,0.0,4.9,3.52,0.0
20230215:2211,0.0,0.0,0.0,4.56,3.1,0.0
20230215:2311,0.0,0.0,0.0,4.18,2.76,0.0
20230216:0011,0.0,0.0,0.0,4.05,2.41,0.0
20230216:0111,0.0,0.0,0.0,3.69,2.14,0.0
20230216:0211,0.0,0.0,0.0,3.33,1.79,0.0
20230216:0311,0.0,0.0,0.0,2.84,1.72,0.0
20230216:0411,0.0,0.0,0.0,2.64,1.66,0.0
20230216:0511,0.0,0.0,0.0,2.38,1.66,0.0
20230216:0611,0.0,0.0,0.0,2.24,1.59,0.0
20230216:0711,0.0,0.0,0.0,2.23,1.24,0.0
20230216:0811,0.0,0.87,2.39,2.42,1.1,0.0
20230216:0911,181.74,49.15,9.05,2.91,0.97,0.0
20230216:1011,312.48,75.38,14.48,3.79,1.03,0.0
20230216:1111,1106.46,224.97,18.26,4.26,1.1,0.0
20230216:1211,439.2,100.1,20.06,4.41,1.31,0.0
20230216:1311,357.48,84.37,19.7,4.47,1.79,0.0
20230216:1411,258.42,64.9,17.21,4.48,2.14,0.0
20230216:1511,246.96,62.51,12.84,4.26,2.0,0.0
20230216:1611,108.06,33.82,6.96,4.06,2.21,0.0
20230216:1711,0.0,0.0,0.0,3.7,2.28,0.0
20230216:1811,0.0,0.0,0.0,3.37,2.21,0.0
20230216:1911,0.0,0.0,0.0,4.22,1.72,0.0
20230216:2011,0.0,0.0,0.0,4.37,1.93,0.0
20230216:2111,0.0,0.0,0.0,4.6,2.07,0.0
20230216:2211,0.0,0.0,0.0,5.06,2.55,0.0
20230216:2311,0.0,0.0,0.0,6.19,3.79,0.0
20230217:0011,0.0,0.0,0.0,7.92,5.24,0.0
20230217:0111,0.0,0.0,0.0,8.83,6.28,0.0
20230217:0211,0.0,0.0,0.0,9.07,7.1,0.0
20230217:0311,0.0,0.0,0.0,9.24,8.0,0.0
20230217:0411,0.0,0.0,0.0,8.67,8.83,0.0
20230217:0511,0.0,0.0,0.0,8.1,9.59,0.0
20230217:0611,0.0,0.0,0.0,6.7,9.31,0.0
20230217:0711,0.0,0.0,0.0,5.26,8.48,0.0
20230217:0811,1.26,6.12,2.7,4.37,7.1,0.0
20230217:0911,46.38,19.47,9.37,4.24,6.76,0.0
20230217:1011,564.12,122.69,14.81,4.51,5.52,0.0
20230217:1111,1083.54,218.45,18.6,4.87,5.59,0.0
20230217:1211,628.86,135.45,20.41,5.13,5.38,0.0
20230217:1311,982.38,200.66,20.04,5.42,5.38,0.0
20230217:1411,1998.6,390.59,17.55,5.53,5.24,0.0
20230217:1511,1161.3,233.83,13.16,5.19,4.34,0.0
20230217:1611,286.98,70.97,7.27,4.84,3.86,0.0
20230217:1711,0.0,0.0,0.0,4.44,3.38,0.0
20230217:1811,0.0,0.0,0.0,4.07,2.83,0.0
20230217:1911,0.0,0.0,0.0,4.05,2.55,0.0
20230217:2011,0.0,0.0,0.0,3.87,2.21,0.0
20230217:2111,0.0,0.0,0.0,3.7,1.93,0.0
20230217:2211,0.0,0.0,0.0,3.48,1.86,0.0
20230217:2311,0.0,0.0,0.0,3.14,1.59,0.0
20230218:0011,0.0,0.0,0.0,2.67,1.24,0.0
20230218:0111,0.0,0.0,0.0,2.47,0.97,0.0
20230218:0211,0.0,0.0,0.0,2.32,0.83,0.0
20230218:0311,0.0,0.0,0.0,2.06,1.31,0.0
20230218:0411,0.0,0.0,0.0,1.64,1.45,0.0
20230218:0511,0.0,0.0,0.0,1.39,1.38,0.0
20230218:0611,0.0,0.0,0.0,1.35,1.31,0.0
20230218:0711,0.0,0.0,0.0,1.59,1.59,0.0
20230218:0811,0.0,4.37,3.01,1.45,1.31,0.0
20230218:0911,401.7,91.93,9.7,1.67,0.76,0.0
20230218:1011,191.22,50.99,15.15,2.38,1.1,0.0
20230218:1111,611.82,132.01,18.95,2.95,0.83,0.0
20230218:1211,542.82,119.5,20.76,3.43,0.83,0.0
20230218:1311,1281.72,258.51,20.39,3.83,0.62,0.0
20230218:1411,1030.68,211.12,17.88,4.04,0.48,0.0
20230218:1511,323.46,77.6,13.49,4.06,0.62,0.0
20230218:1611,102.06,32.45,7.58,3.97,0.9,0.0
20230218:1711,0.0,0.0,0.0,3.73,0.97,0.0
20230218:1811,0.0,0.0,0.0,3.28,1.17,0.0
20230218:1911,0.0,0.0,0.0,2.69,1.38,0.0
20230218:2011,0.0,0.0,0.0,1.87,1.03,0.0
20230218:2111,0.0,0.0,0.0,2.03,0.69,0.0
20230218:2211,0.0,0.0,0.0,0.83,1.52,0.0
20230218:2311,0.0,0.0,0.0,0.28,1.66,0.0
20230219:0011,0.0,0.0,0.0,-0.1,1.79,0.0
20230219:0111,0.0,0.0,0.0,-0.05,2.0,0.0
20230219:0211,0.0,0.0,0.0,-0.06,2.28,0.0
20230219:0311,0.0,0.0,0.0,0.21,2.55,0.0
20230219:0411,0.0,0.0,0.0,0.38,2.62,0.0
20230219:0511,0.0,0.0,0.0,0.43,2.9,0.0
20230219:0611,0.0,0.0,0.0,1.21,3.38,0.0
20230219:0711,0.0,0.0,0.0,2.78,3.93,0.0
20230219:0811,0.0,3.5,3.33,3.71,4.28,0.0
20230219:0911,140.34,40.79,10.03,4.89,4.48,0.0
20230219:1011,76.68,26.89,15.49,5.96,4.55,0.0
20230219:1111,321.84,77.88,19.3,6.68,4.9,0.0
20230219:1211,293.22,72.31,21.12,7.05,5.66,0.0
20230219:1311,469.68,106.51,20.74,7.21,6.55,0.0
20230219:1411,1899.12,372.45,18.23,7.28,6.97,0.0
20230219:1511,380.82,89.22,13.81,7.34,7.31,0.0
20230219:1611,312.3,76.56,7.89,7.59,7.59,0.0
20230219:1711,0.0,0.0,0.0,7.79,7.59,0.0
20230219:1811,0.0,0.0,0.0,8.02,7.38,0.0
20230219:1911,0.0,0.0,0.0,8.27,7.79,0.0
20230219:2011,0.0,0.0,0.0,8.23,7.93,0.0
20230219:2111,0.0,0.0,0.0,8.11,8.21,0.0
20230219:2211,0.0,0.0,0.0,8.18,8.55,0.0
20230219:2311,0.0,0.0,0.0,8.4,8.62,0.0
20230220:0011,0.0,0.0,0.0,8.59,8.62,0.0
20230220:0111,0.0,0.0,0.0,8.77,8.62,0.0
20230220:0211,0.0,0.0,0.0,8.97,8.34,0.0
20230220:0311,0.0,0.0,0.0,9.05,7.24,0.0
20230220:0411,0.0,0.0,0.0,8.58,6.28,0.0
20230220:0511,0.0,0.0,0.0,7.67,5.93,0.0
20230220:0611,0.0,0.0,0.0,6.62,5.86,0.0
20230220:0711,0.0,0.0,0.0,5.71,5.59,0.0
20230220:0811,4.44,7.42,3.65,5.41,5.31,0.0
20230220:0911,1164.54,236.25,10.36,5.43,5.24,0.0
20230220:1011,1215.36,243.78,15.84,5.71,5.1,0.0
20230220:1111,1074.42,218.46,19.66,6.25,5.03,0.0
20230220:1211,2377.5,466.26,21.48,6.97,5.79,0.0
20230220:1311,2603.76,511.7,21.1,7.11,5.66,0.0
20230220:1411,1845.48,364.45,18.57,7.07,4.9,0.0
20230220:1511,2051.94,406.32,14.14,6.92,4.34,0.0
20230220:1611,1134.18,235.65,8.2,6.66,3.93,0.0
20230220:1711,0.0,0.0,0.0,6.1,3.31,0.0
20230220:1811,0.0,0.0,0.0,5.58,3.1,0.0
20230220:1911,0.0,0.0,0.0,5.53,2.62,0.0
20230220:2011,0.0,0.0,0.0,5.42,2.41,0.0
20230220:2111,0.0,0.0,0.0,5.3,2.41,0.0
20230220:2211,0.0,0.0,0.0,5.29,2.21,0.0
20230220:2311,0.0,0.0,0.0,5.33,2.0,0.0
20230221:0011,0.0,0.0,0.0,5.43,1.93,0.0
20230221:0111,0.0,0.0,0.0,5.88,2.0,0.0
20230221:0211,0.0,0.0,0.0,6.61,2.34,0.0
20230221:0311,0.0,0.0,0.0,7.19,2.28,0.0
20230221:0411,0.0,0.0,0.0,7.49,2.21,0.0
20230221:0511,0.0,0.0,0.0,7.64,2.41,0.0
20230221:0611,0.0,0.0,0.0,7.69,2.41,0.0
20230221:0711,0.0,0.0,0.0,7.94,2.83,0.0
20230221:0811,18.24,12.05,3.98,8.02,3.03,0.0
20230221:0911,1426.02,291.03,10.7,8.24,3.38,0.0
20230221:1011,258.36,65.82,16.18,8.45,3.72,0.0
20230221:1111,253.26,64.9,20.02,8.86,3.72,0.0
20230221:1211,397.62,93.64,21.84,9.19,4.28,0.0
20230221:1311,230.1,60.26,21.46,9.27,4.41,0.0
20230221:1411,1809.6,362.38,18.91,9.2,4.07,0.0
20230221:1511,970.74,202.13,14.47,9.25,4.14,0.0
20230221:1611,1321.92,274.62,8.51,9.01,4.34,0.0
20230221:1711,0.0,0.0,0.0,8.37,4.14,0.0
20230221:1811,0.0,0.0,0.0,7.84,3.93,0.0
20230221:1911,0.0,0.0,0.0,7.56,3.93,0.0
20230221:2011,0.0,0.0,0.0,7.44,3.79,0.0
20230221:2111,0.0,0.0,0.0,7.5,3.66,0.0
20230221:2211,0.0,0.0,0.0,7.57,3.31,0.0
20230221:2311,0.0,0.0,0.0,7.54,2.62,0.0
20230222:0011,0.0,0.0,0.0,7.08,2.28,0.0
20230222:0111,0.0,0.0,0.0,6.01,2.97,0.0
20230222:0211,0.0,0.0,0.0,4.66,3.03,0.0
20230222:0311,0.0,0.0,0.0,3.57,2.28,0.0
20230222:0411,0.0,0.0,0.0,3.27,2.0,0.0
20230222:0511,0.0,0.0,0.0,3.15,1.79,0.0
20230222:0611,0.0,0.0,0.0,3.03,1.72,0.0
20230222:0711,0.0,0.0,0.0,3.06,1.24,0.0
20230222:0811,4.62,7.42,4.31,3.01,1.38,0.0
20230222:0911,259.14,64.77,11.04,3.44,1.59,0.0
20230222:1011,2764.44,552.39,16.54,4.0,1.86,0.0
20230222:1111,1682.64,332.46,20.38,4.49,2.9,0.0
20230222:1211,574.5,125.72,22.2,4.86,3.1,0.0
20230222:1311,337.68,80.66,21.82,5.28,3.1,0.0
20230222:1411,93.36,30.59,19.26,5.0,3.17,0.0
20230222:1511,880.68,182.08,14.8,4.78,3.17,0.0
20230222:1611,1392.78,283.19,8.83,4.07,3.17,0.0
20230222:1711,0.0,0.87,1.77,3.28,3.31,0.0
20230222:1811,0.0,0.0,0.0,2.49,2.69,0.0
20230222:1911,0.0,0.0,0.0,2.25,2.21,0.0
20230222:2011,0.0,0.0,0.0,1.62,1.86,0.0
20230222:2111,0.0,0.0,0.0,1.13,1.79,0.0
20230222:2211,0.0,0.0,0.0,0.82,1.79,0.0
20230222:2311,0.0,0.0,0.0,0.39,1.66,0.0
20230223:0011,0.0,0.0,0.0,0.24,1.66,0.0
20230223:0111,0.0,0.0,0.0,-0.2,1.66,0.0
20230223:0211,0.0,0.0,0.0,-0.83,1.86,0.0
20230223:0311,0.0,0.0,0.0,-1.19,1.93,0.0
20230223:0411,0.0,0.0,0.0,-1.41,2.14,0.0
20230223:0511,0.0,0.0,0.0,-1.03,2.21,0.0
20230223:0611,0.0,0.0,0.0,-0.98,2.41,0.0
20230223:0711,0.0,0.0,0.0,-0.5,2.69,0.0
20230223:0811,0.0,3.71,4.64,0.0,2.9,0.0
20230223:0911,664.2,140.42,11.38,1.38,3.1,0.0
20230223:1011,419.28,95.42,16.89,2.93,2.97,0.0
20230223:1111,114.9,35.23,20.74,4.11,3.72,0.0
20230223:1211,291.42,71.39,22.57,4.84,4.48,0.0
20230223:1311,309.48,75.1,22.18,5.42,4.62,0.0
20230223:1411,229.38,59.33,19.61,5.97,4.76,0.0
20230223:1511,229.2,59.33,15.13,6.15,5.03,0.0
20230223:1611,188.82,51.18,9.14,6.13,4.69,0.0
20230223:1711,0.0,1.75,2.07,5.83,4.48,0.0
20230223:1811,0.0,0.0,0.0,5.69,4.48,0.0
20230223:1911,0.0,0.0,0.0,6.12,4.62,0.0
20230223:2011,0.0,0.0,0.0,6.21,4.48,0.0
20230223:2111,0.0,0.0,0.0,6.27,4.34,0.0
20230223:2211,0.0,0.0,0.0,6.37,4.07,0.0
20230223:2311,0.0,0.0,0.0,6.44,3.72,0.0
20230224:0011,0.0,0.0,0.0,6.42,3.38,0.0
20230224:0111,0.0,0.0,0.0,6.18,3.17,0.0
20230224:0211,0.0,0.0,0.0,5.89,3.17,0.0
20230224:0311,0.0,0.0,0.0,5.44,3.03,0.0
20230224:0411,0.0,0.0,0.0,4.82,2.83,0.0
20230224:0511,0.0,0.0,0.0,4.45,2.62,0.0
20230224:0611,0.0,0.0,0.0,4.09,2.41,0.0
20230224:0711,0.0,0.0,0.0,4.04,2.41,0.0
20230224:0811,21.9,12.98,4.98,4.16,2.55,0.0
20230224:0911,167.1,46.36,11.73,4.39,2.76,0.0
20230224:1011,999.24,204.24,17.25,4.87,3.03,0.0
20230224:1111,2053.74,404.39,21.11,5.0,3.31,0.0
20230224:1211,2007.0,394.96,22.94,5.04,3.59,0.0
20230224:1311,1317.24,263.66,22.54,5.25,3.93,0.0
20230224:1411,1586.82,314.04,19.96,5.21,3.79,0.0
20230224:1511,411.66,94.62,15.47,4.99,3.86,0.0
20230224:1611,1498.98,303.96,9.46,4.5,3.31,0.0
20230224:1711,0.0,1.75,2.37,3.7,2.9,0.0
20230224:1811,0.0,0.0,0.0,3.06,2.76,0.0
20230224:1911,0.0,0.0,0.0,2.39,2.48,0.0
20230224:2011,0.0,0.0,0.0,2.02,2.34,0.0
20230224:2111,0.0,0.0,0.0,1.7,2.28,0.0
20230224:2211,0.0,0.0,0.0,1.51,2.0,0.0
20230224:2311,0.0,0.0,0.0,1.17,1.79,0.0
20230225:0011,0.0,0.0,0.0,1.09,1.72,0.0
20230225:0111,0.0,0.0,0.0,1.07,1.66,0.0
20230225:0211,0.0,0.0,0.0,0.87,1.66,0.0
20230225:0311,0.0,0.0,0.0,0.92,1.66,0.0
20230225:0411,0.0,0.0,0.0,0.88,1.66,0.0
20230225:0511,0.0,0.0,0.0,0.82,1.59,0.0
20230225:0611,0.0,0.0,0.0,0.87,1.66,0.0
20230225:0711,0.0,0.0,0.0,0.89,1.72,0.0
20230225:0811,16.02,11.13,5.32,0.87,2.0,0.0
20230225:0911,486.24,107.39,12.08,1.16,2.14,0.0
20230225:1011,338.88,79.73,17.61,1.69,3.24,0.0
20230225:1111,450.3,101.05,21.48,2.15,3.72,0.0
20230225:1211,275.52,67.68,23.31,2.5,3.52,0.0
20230225:1311,935.04,191.2,22.91,2.82,3.17,0.0
20230225:1411,1087.86,219.22,20.31,2.86,2.83,0.0
20230225:1511,569.52,123.53,15.8,2.87,2.62,0.0
20230225:1611,146.16,41.72,9.78,2.74,2.55,0.0
20230225:1711,0.0,2.78,2.68,2.37,2.07,0.0
20230225:1811,0.0,0.0,0.0,1.77,1.72,0.0
20230225:1911,0.0,0.0,0.0,1.28,1.38,0.0
20230225:2011,0.0,0.0,0.0,0.33,1.17,0.0
20230225:2111,0.0,0.0,0.0,-0.08,1.1,0.0
20230225:2211,0.0,0.0,0.0,0.21,0.97,0.0
20230225:2311,0.0,0.0,0.0,0.87,0.76,0.0
20230226:0011,0.0,0.0,0.0,0.8,0.48,0.0
20230226:0111,0.0,0.0,0.0,0.78,0.41,0.0
20230226:0211,0.0,0.0,0.0,0.64,0.62,0.0
20230226:0311,0.0,0.0,0.0,0.42,0.69,0.0
20230226:0411,0.0,0.0,0.0,-0.05,0.76,0.0
20230226:0511,0.0,0.0,0.0,-0.47,0.76,0.0
20230226:0611,0.0,0.0,0.0,-0.88,0.9,0.0
20230226:0711,0.0,0.0,0.0,-0.72,0.48,0.0
20230226:0811,720.3,160.47,5.66,-0.77,0.48,0.0
20230226:0911,1986.3,394.61,12.44,0.01,0.41,0.0
20230226:1011,2799.6,563.5,17.98,1.79,0.48,0.0
20230226:1111,3641.7,761.36,21.85,3.12,0.55,0.0
20230226:1211,3389.46,704.14,23.69,4.17,0.62,0.0
20230226:1311,3739.5,793.26,23.27,5.05,0.62,0.0
20230226:1411,3441.6,723.17,20.67,5.64,0.55,0.0
20230226:1511,2669.88,547.89,16.14,5.87,0.48,0.0
20230226:1611,1636.68,337.55,10.09,5.72,0.69,0.0
20230226:1711,9.72,9.27,2.98,4.89,1.1,0.0
20230226:1811,0.0,0.0,0.0,2.59,1.17,0.0
20230226:1911,0.0,0.0,0.0,2.96,1.03,0.0
20230226:2011,0.0,0.0,0.0,3.02,0.83,0.0
20230226:2111,0.0,0.0,0.0,2.5,0.48,0.0
20230226:2211,0.0,0.0,0.0,2.07,0.21,0.0
20230226:2311,0.0,0.0,0.0,1.66,0.0,0.0
20230227:0011,0.0,0.0,0.0,1.24,0.14,0.0
20230227:0111,0.0,0.0,0.0,0.92,0.34,0.0
20230227:0211,0.0,0.0,0.0,0.52,0.62,0.0
20230227:0311,0.0,0.0,0.0,0.19,0.69,0.0
20230227:0411,0.0,0.0,0.0,-0.11,0.62,0.0
20230227:0511,0.0,0.0,0.0,-0.4,0.55,0.0
20230227:0611,0.0,0.0,0.0,-1.45,0.62,0.0
20230227:0711,0.0,0.0,0.0,-2.63,0.55,0.0
20230227:0811,593.22,132.62,6.01,-2.6,0.28,0.0
20230227:0911,1027.8,207.06,12.79,-1.6,0.14,0.0
20230227:1011,1195.68,238.39,18.35,-0.32,0.28,0.0
20230227:1111,988.5,201.26,22.23,0.99,0.41,0.0
20230227:1211,269.82,66.75,24.06,2.52,0.69,0.0
20230227:1311,660.78,141.85,23.64,3.42,0.83,0.0
20230227:1411,596.94,129.99,21.02,3.92,0.9,0.0
20230227:1511,638.34,137.52,16.47,4.18,1.03,0.0
20230227:1611,358.8,84.63,10.41,3.92,1.31,0.0
20230227:1711,0.0,3.71,3.28,3.0,1.52,0.0
20230227:1811,0.0,0.0,0.0,1.43,1.59,0.0
20230227:1911,0.0,0.0,0.0,-0.21,1.45,0.0
20230227:2011,0.0,0.0,0.0,-0.04,1.1,0.0
20230227:2111,0.0,0.0,0.0,1.03,0.62,0.0
20230227:2211,0.0,0.0,0.0,0.88,0.28,0.0
20230227:2311,0.0,0.0,0.0,0.61,0.28,0.0
20230228:0011,0.0,0.0,0.0,0.16,0.28,0.0
20230228:0111,0.0,0.0,0.0,-0.21,0.55,0.0
20230228:0211,0.0,0.0,0.0,-0.82,0.76,0.0
20230228:0311,0.0,0.0,0.0,-0.58,0.9,0.0
20230228:0411,0.0,0.0,0.0,-0.52,0.9,0.0
20230228:0511,0.0,0.0,0.0,-0.56,0.9,0.0
20230228:0611,0.0,0.0,0.0,-0.66,0.9,0.0
20230228:0711,0.0,0.0,0.0,-0.19,0.76,0.0
20230228:0811,89.52,29.45,6.36,-0.01,0.83,0.0
20230228:0911,215.4,55.63,13.15,1.13,0.55,0.0
20230228:1011,228.24,58.41,18.72,2.09,0.48,0.0
20230228:1111,451.08,101.98,22.61,3.09,1.03,0.0
20230228:1211,189.9,50.99,24.44,3.93,1.79,0.0
20230228:1311,1434.18,287.07,24.02,4.35,1.93,0.0
20230228:1411,476.76,107.21,21.38,4.44,2.0,0.0
20230228:1511,305.46,74.17,16.81,4.4,2.0,0.0
20230228:1611,190.02,51.09,10.73,4.22,1.86,0.0
20230228:1711,0.0,5.56,3.59,4.01,1.66,0.0
20230228:1811,0.0,0.0,0.0,3.61,1.45,0.0
20230228:1911,0.0,0.0,0.0,3.08,1.66,0.0
20230228:2011,0.0,0.0,0.0,2.91,1.66,0.0
20230228:2111,0.0,0.0,0.0,2.49,1.45,0.0
20230228:2211,0.0,0.0,0.0,2.3,1.31,0.0
20230228:2311,0.0,0.0,0.0,2.01,1.31,0.0
20230301:0011,0.0,0.0,0.0,1.84,1.31,0.0
20230301:0111,0.0,0.0,0.0,1.57,1.31,0.0
20230301:0211,0.0,0.0,0.0,1.55,1.31,0.0
20230301:0311,0.0,0.0,0.0,1.64,1.45,0.0
20230301:0411,0.0,0.0,0.0,1.97,1.59,0.0
20230301:0511,0.0,0.0,0.0,2.04,1.86,0.0
20230301:0611,0.0,0.0,0.0,2.17,2.14,0.0
20230301:0711,0.0,0.0,0.0,2.05,2.28,0.0
20230301:0811,142.14,41.17,6.71,1.96,2.28,0.0
20230301:0911,200.46,52.85,13.51,2.51,2.07,0.0
20230301:1011,1370.64,272.47,19.09,3.18,2.48,0.0
20230301:1111,273.36,67.68,22.99,4.01,3.03,0.0
20230301:1211,253.98,63.97,24.82,4.49,3.1,0.0
20230301:1311,324.12,77.88,24.39,4.92,3.38,0.0
20230301:1411,202.56,53.77,21.73,5.12,3.03,0.0
20230301:1511,374.64,87.83,17.15,5.27,2.48,0.0
20230301:1611,375.72,88.22,11.05,5.11,1.86,0.0
20230301:1711,48.84,20.74,3.89,4.89,1.86,0.0
20230301:1811,0.0,0.0,0.0,4.28,1.72,0.0
20230301:1911,0.0,0.0,0.0,3.46,1.79,0.0
20230301:2011,0.0,0.0,0.0,3.2,2.14,0.0
20230301:2111,0.0,0.0,0.0,3.5,2.62,0.0
20230301:2211,0.0,0.0,0.0,3.25,2.62,0.0
20230301:2311,0.0,0.0,0.0,3.03,2.34,0.0
20230302:0011,0.0,0.0,0.0,2.8,2.0,0.0
20230302:0111,0.0,0.0,0.0,2.73,1.79,0.0
20230302:0211,0.0,0.0,0.0,2.12,1.66,0.0
20230302:0311,0.0,0.0,0.0,2.15,1.66,0.0
20230302:0411,0.0,0.0,0.0,2.29,1.72,0.0
20230302:0511,0.0,0.0,0.0,2.32,1.79,0.0
20230302:0611,0.0,0.0,0.0,2.46,1.93,0.0
20230302:0711,0.0,0.0,0.0,2.45,2.0,0.0
20230302:0811,234.78,60.9,7.06,2.57,1.93,0.0
20230302:0911,335.4,79.49,13.88,3.05,2.55,0.0
20230302:1011,784.2,163.9,19.47,3.69,2.97,0.0
20230302:1111,649.92,139.81,23.37,4.57,2.97,0.0
20230302:1211,702.24,149.92,25.21,4.96,3.03,0.0
20230302:1311,525.9,116.82,24.76,5.1,2.9,0.0
20230302:1411,395.28,91.78,22.09,5.07,2.76,0.0
20230302:1511,342.84,81.59,17.49,4.97,2.83,0.0
20230302:1611,458.88,104.01,11.37,4.68,2.76,0.0
20230302:1711,18.72,12.05,4.2,4.22,2.34,0.0
20230302:1811,0.0,0.0,0.0,3.44,1.86,0.0
20230302:1911,0.0,0.0,0.0,3.05,1.66,0.0
20230302:2011,0.0,0.0,0.0,2.19,1.45,0.0
20230302:2111,0.0,0.0,0.0,1.33,1.31,0.0
20230302:2211,0.0,0.0,0.0,1.25,1.1,0.0
20230302:2311,0.0,0.0,0.0,1.75,0.97,0.0
20230303:0011,0.0,0.0,0.0,1.95,0.9,0.0
20230303:0111,0.0,0.0,0.0,1.45,0.9,0.0
20230303:0211,0.0,0.0,0.0,1.29,0.9,0.0
20230303:0311,0.0,0.0,0.0,0.47,0.83,0.0
20230303:0411,0.0,0.0,0.0,-0.05,0.83,0.0
20230303:0511,0.0,0.0,0.0,-0.44,0.83,0.0
20230303:0611,0.0,0.0,0.0,-0.38,0.69,0.0
20230303:0711,0.0,0.0,0.0,0.41,0.55,0.0
20230303:0811,207.0,54.54,7.42,0.52,0.48,0.0
20230303:0911,323.28,76.76,14.25,1.06,0.41,0.0
20230303:1011,399.78,91.78,19.84,1.94,0.62,0.0
20230303:1111,447.18,101.05,23.76,2.57,0.83,0.0
20230303:1211,416.7,95.49,25.59,3.38,1.1,0.0
20230303:1311,1205.64,244.49,25.14,4.0,1.17,0.0
20230303:1411,1071.6,219.15,22.45,4.41,1.31,0.0
20230303:1511,847.32,176.89,17.82,4.6,1.45,0.0
20230303:1611,494.22,110.9,11.69,4.56,1.59,0.0
20230303:1711,21.9,12.98,4.5,4.03,1.38,0.0
20230303:1811,0.0,0.0,0.0,3.1,1.38,0.0
20230303:1911,0.0,0.0,0.0,2.11,1.24,0.0
20230303:2011,0.0,0.0,0.0,1.39,1.31,0.0
20230303:2111,0.0,0.0,0.0,1.57,1.03,0.0
20230303:2211,0.0,0.0,0.0,1.98,0.9,0.0
20230303:2311,0.0,0.0,0.0,1.21,1.03,0.0
20230304:0011,0.0,0.0,0.0,0.59,1.17,0.0
20230304:0111,0.0,0.0,0.0,0.06,1.24,0.0
20230304:0211,0.0,0.0,0.0,-0.31,1.31,0.0
20230304:0311,0.0,0.0,0.0,-0.69,1.45,0.0
20230304:0411,0.0,0.0,0.0,-0.47,1.45,0.0
20230304:0511,0.0,0.0,0.0,0.0,1.52,0.0
20230304:0611,0.0,0.0,0.0,0.57,1.52,0.0
20230304:0711,0.0,0.0,0.0,1.04,1.45,0.0
20230304:0811,267.72,67.13,7.78,1.3,1.38,0.0
20230304:0911,613.2,131.66,14.62,1.8,1.1,0.0
20230304:1011,398.4,91.78,20.22,2.85,1.03,0.0
20230304:1111,771.72,162.63,24.14,3.5,1.1,0.0
20230304:1211,434.7,99.2,25.98,3.83,0.69,0.0
20230304:1311,1448.82,292.45,25.51,4.29,0.48,0.0
20230304:1411,1144.26,234.02,22.81,4.28,0.21,0.0
20230304:1511,1105.38,226.38,18.16,4.34,0.21,0.0
20230304:1611,775.38,164.92,12.01,4.24,0.48,0.0
20230304:1711,28.56,14.83,4.81,3.91,0.41,0.0
20230304:1811,0.0,0.0,0.0,3.87,0.34,0.0
20230304:1911,0.0,0.0,0.0,2.56,1.1,0.0
20230304:2011,0.0,0.0,0.0,2.58,1.52,0.0
20230304:2111,0.0,0.0,0.0,2.66,1.86,0.0
20230304:2211,0.0,0.0,0.0,2.47,2.0,0.0
20230304:2311,0.0,0.0,0.0,2.22,2.07,0.0
20230305:0011,0.0,0.0,0.0,1.84,2.14,0.0
20230305:0111,0.0,0.0,0.0,1.51,2.21,0.0
20230305:0211,0.0,0.0,0.0,1.37,2.34,0.0
20230305:0311,0.0,0.0,0.0,1.36,2.34,0.0
20230305:0411,0.0,0.0,0.0,1.35,2.28,0.0
20230305:0511,0.0,0.0,0.0,1.26,2.21,0.0
20230305:0611,0.0,0.0,0.0,1.31,2.07,0.0
20230305:0711,0.0,0.0,0.0,1.48,1.86,0.0
20230305:0811,234.6,60.27,8.14,1.62,1.79,0.0
20230305:0911,519.0,114.15,14.99,2.3,1.72,0.0
20230305:1011,488.94,108.97,20.61,3.1,1.86,0.0
20230305:1111,1267.56,255.35,24.53,3.9,1.72,0.0
20230305:1211,1738.38,346.78,26.37,3.88,1.17,0.0
20230305:1311,1967.28,392.91,25.89,3.69,0.76,0.0
20230305:1411,1560.36,311.85,23.17,3.36,0.76,0.0
20230305:1511,1774.5,353.07,18.5,3.16,0.9,0.0
20230305:1611,634.14,136.69,12.33,2.71,1.1,0.0
20230305:1711,12.84,10.2,5.12,2.07,1.17,0.0
20230305:1811,0.0,0.0,0.0,1.31,0.97,0.0
20230305:1911,0.0,0.0,0.0,1.81,0.55,0.0
20230305:2011,0.0,0.0,0.0,1.09,1.03,0.0
20230305:2111,0.0,0.0,0.0,1.13,1.38,0.0
20230305:2211,0.0,0.0,0.0,1.69,1.79,0.0
20230305:2311,0.0,0.0,0.0,2.17,2.41,0.0
20230306:0011,0.0,0.0,0.0,2.34,2.83,0.0
20230306:0111,0.0,0.0,0.0,2.41,2.97,0.0
20230306:0211,0.0,0.0,0.0,2.36,2.76,0.0
20230306:0311,0.0,0.0,0.0,2.1,2.97,0.0
20230306:0411,0.0,0.0,0.0,1.76,3.1,0.0
20230306:0511,0.0,0.0,0.0,1.14,3.03,0.0
20230306:0611,0.0,0.0,0.0,0.37,3.66,0.0
20230306:0711,0.0,0.0,0.0,0.02,3.86,0.0
20230306:0811,425.52,97.57,8.51,-0.3,3.72,0.0
20230306:0911,83.4,27.81,15.36,-0.25,3.66,0.0
20230306:1011,838.44,171.34,20.99,0.37,3.93,0.0
20230306:1111,483.36,106.62,24.92,0.66,3.93,0.0
20230306:1211,541.38,117.74,26.76,1.31,4.0,0.0
20230306:1311,748.68,156.13,26.27,1.48,4.0,0.0
20230306:1411,543.36,118.16,23.53,1.63,4.14,0.0
20230306:1511,1108.98,220.73,18.84,1.1,4.34,0.0
20230306:1611,43.62,18.54,12.65,0.47,4.21,0.0
20230306:1711,485.82,118.91,5.42,-0.1,3.24,0.0
20230306:1811,0.0,0.0,0.0,-0.78,2.69,0.0
20230306:1911,0.0,0.0,0.0,-1.33,3.17,0.0
20230306:2011,0.0,0.0,0.0,-1.53,3.17,0.0
20230306:2111,0.0,0.0,0.0,-1.79,2.62,0.0
20230306:2211,0.0,0.0,0.0,-2.0,2.41,0.0
20230306:2311,0.0,0.0,0.0,-2.07,2.55,0.0
20230307:0011,0.0,0.0,0.0,-2.39,2.48,0.0
20230307:0111,0.0,0.0,0.0,-2.61,2.28,0.0
20230307:0211,0.0,0.0,0.0,-2.8,2.28,0.0
20230307:0311,0.0,0.0,0.0,-3.15,2.14,0.0
20230307:0411,0.0,0.0,0.0,-3.26,2.07,0.0
20230307:0511,0.0,0.0,0.0,-3.51,1.79,0.0
20230307:0611,0.0,0.0,0.0,-3.71,1.79,0.0
20230307:0711,0.0,0.0,0.0,-3.68,1.66,0.0
20230307:0811,361.26,83.82,8.87,-3.34,1.86,0.0
20230307:0911,219.48,55.63,15.74,-2.26,2.48,0.0
20230307:1011,701.88,145.75,21.38,-1.42,3.03,0.0
20230307:1111,1897.98,365.41,25.32,-0.68,3.38,0.0
20230307:1211,2738.16,529.1,27.15,-0.21,3.45,0.0
20230307:1311,1625.88,315.76,26.65,0.05,3.52,0.0
20230307:1411,1362.96,266.4,23.89,-0.3,3.66,0.0
20230307:1511,1120.56,221.91,19.18,-0.6,3.31,0.0
20230307:1611,909.3,184.9,12.97,-0.96,2.83,0.0
20230307:1711,316.5,80.58,5.73,-1.56,2.34,0.0
20230307:1811,0.0,0.0,0.0,-2.52,2.07,0.0
20230307:1911,0.0,0.0,0.0,-3.06,2.0,0.0
20230307:2011,0.0,0.0,0.0,-3.72,1.66,0.0
20230307:2111,0.0,0.0,0.0,-4.71,1.31,0.0
20230307:2211,0.0,0.0,0.0,-4.59,1.03,0.0
20230307:2311,0.0,0.0,0.0,-4.67,0.97,0.0
20230308:0011,0.0,0.0,0.0,-4.96,0.97,0.0
20230308:0111,0.0,0.0,0.0,-5.61,1.03,0.0
20230308:0211,0.0,0.0,0.0,-6.08,1.03,0.0
20230308:0311,0.0,0.0,0.0,-6.16,0.97,0.0
20230308:0411,0.0,0.0,0.0,-6.49,0.83,0.0
20230308:0511,0.0,0.0,0.0,-6.76,0.76,0.0
20230308:0611,0.0,0.0,0.0,-6.49,0.83,0.0
20230308:0711,0.0,0.0,0.0,-5.84,0.34,0.0
20230308:0811,1238.04,253.16,9.24,-5.7,0.34,0.0
20230308:0911,2425.14,472.71,16.12,-4.72,0.34,0.0
20230308:1011,3283.98,656.45,21.76,-3.22,0.34,0.0
20230308:1111,3902.22,807.7,25.71,-1.88,0.34,0.0
20230308:1211,4256.64,894.58,27.54,-0.73,0.76,0.0
20230308:1311,3787.2,774.82,27.03,0.05,1.17,0.0
20230308:1411,2959.8,586.95,24.25,0.44,1.45,0.0
20230308:1511,2881.98,569.76,19.52,0.46,1.66,0.0
20230308:1611,2012.7,399.31,13.29,0.12,1.72,0.0
20230308:1711,589.32,139.03,6.03,-0.59,1.38,0.0
20230308:1811,0.0,0.0,0.0,-1.61,1.03,0.0
20230308:1911,0.0,0.0,0.0,-3.0,0.9,0.0
20230308:2011,0.0,0.0,0.0,-2.43,0.28,0.0
20230308:2111,0.0,0.0,0.0,-2.84,0.21,0.0
20230308:2211,0.0,0.0,0.0,-3.11,0.41,0.0
20230308:2311,0.0,0.0,0.0,-3.29,0.55,0.0
20230309:0011,0.0,0.0,0.0,-3.5,0.48,0.0
20230309:0111,0.0,0.0,0.0,-3.72,0.48,0.0
20230309:0211,0.0,0.0,0.0,-3.96,0.48,0.0
20230309:0311,0.0,0.0,0.0,-4.15,0.48,0.0
20230309:0411,0.0,0.0,0.0,-4.43,0.48,0.0
20230309:0511,0.0,0.0,0.0,-4.7,0.62,0.0
20230309:0611,0.0,0.0,0.0,-4.82,0.62,0.0
20230309:0711,0.0,1.75,1.96,-5.48,0.41,0.0
20230309:0811,1010.64,208.49,9.61,-5.14,0.21,0.0
20230309:0911,1479.66,289.39,16.5,-3.6,0.14,0.0
20230309:1011,2491.92,487.34,22.15,-1.43,0.97,0.0
20230309:1111,3707.76,744.57,26.1,-0.13,2.0,0.0
20230309:1211,3559.02,707.69,27.93,1.15,2.97,0.0
20230309:1311,3433.8,679.43,27.42,1.61,3.31,0.0
20230309:1411,1670.04,326.54,24.62,1.93,3.45,0.0
20230309:1511,1499.4,294.21,19.86,1.82,3.52,0.0
20230309:1611,938.1,191.81,13.61,1.35,3.24,0.0
20230309:1711,570.9,134.73,6.34,0.43,2.83,0.0
20230309:1811,0.0,0.0,0.0,-0.8,2.48,0.0
20230309:1911,0.0,0.0,0.0,-1.26,2.28,0.0
20230309:2011,0.0,0.0,0.0,-1.68,2.07,0.0
20230309:2111,0.0,0.0,0.0,-2.12,1.86,0.0
20230309:2211,0.0,0.0,0.0,-2.57,1.79,0.0
20230309:2311,0.0,0.0,0.0,-3.03,1.66,0.0
20230310:0011,0.0,0.0,0.0,-3.3,1.52,0.0
20230310:0111,0.0,0.0,0.0,-3.48,1.31,0.0
20230310:0211,0.0,0.0,0.0,-3.43,1.17,0.0
20230310:0311,0.0,0.0,0.0,-3.55,1.1,0.0
20230310:0411,0.0,0.0,0.0,-3.55,1.1,0.0
20230310:0511,0.0,0.0,0.0,-4.04,1.24,0.0
20230310:0611,0.0,0.0,0.0,-4.63,1.38,0.0
20230310:0711,0.0,4.37,2.32,-4.18,1.38,0.0
20230310:0811,1319.46,269.08,9.99,-3.75,1.38,0.0
20230310:0911,2445.3,479.72,16.88,-0.76,1.52,0.0
20230310:1011,3336.54,662.23,22.54,0.64,2.28,0.0
20230310:1111,4009.68,810.8,26.5,1.51,2.83,0.0
20230310:1211,2060.52,402.87,28.33,2.29,3.03,0.0
20230310:1311,3318.66,658.79,27.8,2.78,3.31,0.0
20230310:1411,1146.42,230.71,24.98,3.0,3.17,0.0
20230310:1511,1772.76,348.22,20.2,3.08,3.1,0.0
20230310:1611,870.54,180.46,13.93,2.85,2.9,0.0
20230310:1711,339.72,85.15,6.64,2.03,2.28,0.0
20230310:1811,0.0,0.0,0.0,0.75,2.0,0.0
20230310:1911,0.0,0.0,0.0,-0.34,2.14,0.0
20230310:2011,0.0,0.0,0.0,-1.3,1.79,0.0
20230310:2111,0.0,0.0,0.0,-2.42,1.45,0.0
20230310:2211,0.0,0.0,0.0,-2.64,1.17,0.0
20230310:2311,0.0,0.0,0.0,-2.41,0.97,0.0
20230311:0011,0.0,0.0,0.0,-2.07,0.76,0.0
20230311:0111,0.0,0.0,0.0,-1.91,0.69,0.0
20230311:0211,0.0,0.0,0.0,-2.03,0.62,0.0
20230311:0311,0.0,0.0,0.0,-2.02,0.41,0.0
20230311:0411,0.0,0.0,0.0,-2.11,0.41,0.0
20230311:0511,0.0,0.0,0.0,-2.3,0.41,0.0
20230311:0611,0.0,0.0,0.0,-2.47,0.69,0.0
20230311:0711,7.68,8.34,2.69,-4.05,0.55,0.0
20230311:0811,1331.22,272.04,10.36,-4.21,0.21,0.0
20230311:0911,2530.26,498.39,17.26,-3.24,0.21,0.0
20230311:1011,3512.46,701.82,22.94,-1.94,1.24,0.0
20230311:1111,4005.36,819.57,26.9,-0.73,1.38,0.0
20230311:1211,4302.12,893.11,28.72,0.36,1.66,0.0
20230311:1311,4050.96,827.81,28.18,1.3,2.21,0.0
20230311:1411,3729.6,750.28,25.34,1.82,2.62,0.0
20230311:1511,2275.26,444.56,20.54,1.93,2.76,0.0
20230311:1611,1641.24,326.58,14.25,1.85,2.48,0.0
20230311:1711,262.8,67.88,6.95,1.02,2.14,0.0
20230311:1811,0.0,0.0,0.0,-0.29,2.0,0.0
20230311:1911,0.0,0.0,0.0,-0.45,2.0,0.0
20230311:2011,0.0,0.0,0.0,-0.59,2.28,0.0
20230311:2111,0.0,0.0,0.0,-0.57,2.28,0.0
20230311:2211,0.0,0.0,0.0,-0.51,2.07,0.0
20230311:2311,0.0,0.0,0.0,-0.27,2.28,0.0
20230312:0011,0.0,0.0,0.0,-0.07,2.21,0.0
20230312:0111,0.0,0.0,0.0,-0.02,2.07,0.0
20230312:0211,0.0,0.0,0.0,-0.11,1.66,0.0
20230312:0311,0.0,0.0,0.0,-0.19,0.97,0.0
20230312:0411,0.0,0.0,0.0,-0.25,0.48,0.0
20230312:0511,0.0,0.0,0.0,-0.34,0.41,0.0
20230312:0611,0.0,0.0,0.0,-0.6,0.62,0.0
20230312:0711,0.0,3.71,3.06,-0.01,1.17,0.0
20230312:0811,234.42,59.43,10.74,0.62,1.52,0.0
20230312:0911,439.5,99.01,17.65,1.65,1.66,0.0
20230312:1011,1777.92,350.75,23.33,3.05,2.14,0.0
20230312:1111,2249.1,444.63,27.3,4.26,2.62,0.0
20230312:1211,395.28,91.78,29.12,5.35,3.86,0.0
20230312:1311,597.84,130.72,28.56,5.52,2.9,0.0
20230312:1411,707.64,151.12,25.71,5.07,2.76,0.0
20230312:1511,647.16,139.42,20.88,4.97,2.97,0.0
20230312:1611,481.44,108.47,14.57,5.25,2.34,0.0
20230312:1711,338.4,85.41,7.25,5.3,2.55,0.0
20230312:1811,0.0,0.0,0.0,5.1,2.62,0.0
20230312:1911,0.0,0.0,0.0,5.13,1.45,0.0
20230312:2011,0.0,0.0,0.0,4.68,1.31,0.0
20230312:2111,0.0,0.0,0.0,4.21,1.31,0.0
20230312:2211,0.0,0.0,0.0,3.82,1.24,0.0
20230312:2311,0.0,0.0,0.0,3.59,1.1,0.0
20230313:0011,0.0,0.0,0.0,3.87,0.76,0.0
20230313:0111,0.0,0.0,0.0,3.81,0.62,0.0
20230313:0211,0.0,0.0,0.0,2.71,1.17,0.0
20230313:0311,0.0,0.0,0.0,2.92,1.66,0.0
20230313:0411,0.0,0.0,0.0,2.94,2.55,0.0
20230313:0511,0.0,0.0,0.0,1.99,3.59,0.0
20230313:0611,0.0,0.0,0.0,0.79,3.79,0.0
20230313:0711,0.0,1.85,3.43,0.55,4.07,0.0
20230313:0811,91.56,29.67,11.11,0.18,4.0,0.0
20230313:0911,312.72,74.17,18.03,0.04,4.0,0.0
20230313:1011,95.76,30.59,23.73,0.25,3.93,0.0
20230313:1111,221.4,56.55,27.7,0.58,4.34,0.0
20230313:1211,628.08,133.5,29.52,1.09,5.45,0.0
20230313:1311,588.48,126.09,28.95,0.9,5.45,0.0
20230313:1411,502.56,110.33,26.07,1.12,4.62,0.0
20230313:1511,551.22,119.28,21.22,1.08,4.41,0.0
20230313:1611,134.4,38.94,14.89,0.96,5.1,0.0
20230313:1711,229.68,60.13,7.55,0.81,4.62,0.0
20230313:1811,0.0,0.0,0.0,0.29,3.79,0.0
20230313:1911,0.0,0.0,0.0,0.06,3.17,0.0
20230313:2011,0.0,0.0,0.0,-0.39,2.83,0.0
20230313:2111,0.0,0.0,0.0,-1.23,2.55,0.0
20230313:2211,0.0,0.0,0.0,-1.93,2.28,0.0
20230313:2311,0.0,0.0,0.0,-3.08,1.79,0.0
20230314:0011,0.0,0.0,0.0,-4.33,1.66,0.0
20230314:0111,0.0,0.0,0.0,-4.96,1.79,0.0
20230314:0211,0.0,0.0,0.0,-6.17,2.07,0.0
20230314:0311,0.0,0.0,0.0,-4.28,2.34,0.0
20230314:0411,0.0,0.0,0.0,-3.93,2.55,0.0
20230314:0511,0.0,0.0,0.0,-3.81,2.69,0.0
20230314:0611,0.0,0.0,0.0,-3.37,2.76,0.0
20230314:0711,0.0,3.71,3.8,-3.2,1.86,0.0
20230314:0811,499.8,109.96,11.49,-2.34,1.45,0.0
20230314:0911,63.36,23.18,18.42,-1.25,2.07,0.0
20230314:1011,482.28,105.69,24.12,-1.27,3.17,0.0
20230314:1111,820.56,168.61,28.1,-0.23,2.97,0.0
20230314:1211,1631.22,318.99,29.91,0.47,2.76,0.0
20230314:1311,798.66,165.52,29.33,0.88,2.62,0.0
20230314:1411,1105.68,221.94,26.43,1.25,2.83,0.0
20230314:1511,899.16,183.65,21.56,1.38,3.1,0.0
20230314:1611,220.74,56.55,15.21,1.08,3.31,0.0
20230314:1711,375.12,90.72,7.86,0.51,2.76,0.0
20230314:1811,0.0,0.0,0.0,-0.55,2.48,0.0
20230314:1911,0.0,0.0,0.0,-1.54,2.62,0.0
20230314:2011,0.0,0.0,0.0,-2.4,2.55,0.0
20230314:2111,0.0,0.0,0.0,-3.33,2.48,0.0
20230314:2211,0.0,0.0,0.0,-4.31,2.55,0.0
20230314:2311,0.0,0.0,0.0,-5.11,2.69,0.0
20230315:0011,0.0,0.0,0.0,-5.51,2.76,0.0
20230315:0111,0.0,0.0,0.0,-6.1,2.62,0.0
20230315:0211,0.0,0.0,0.0,-6.86,2.48,0.0
20230315:0311,0.0,0.0,0.0,-7.49,2.55,0.0
20230315:0411,0.0,0.0,0.0,-8.12,2.48,0.0
20230315:0511,0.0,0.0,0.0,-8.48,2.48,0.0
20230315:0611,0.0,0.0,0.0,-8.61,2.41,0.0
20230315:0711,36.12,17.16,4.17,-3.37,1.66,0.0
20230315:0811,629.58,134.4,11.87,-2.54,1.59,0.0
20230315:0911,412.98,92.02,18.81,-3.51,2.14,0.0
20230315:1011,803.16,166.04,24.52,0.9,2.69,0.0
20230315:1111,1842.48,361.56,28.5,2.34,2.76,0.0
20230315:1211,1259.34,252.56,30.31,3.06,2.97,0.0
20230315:1311,2483.58,489.31,29.71,3.46,2.97,0.0
20230315:1411,1101.66,223.36,26.79,3.38,2.69,0.0
20230315:1511,512.28,113.34,21.9,3.14,2.34,0.0
20230315:1611,260.58,64.9,15.53,2.76,1.93,0.0
20230315:1711,115.92,35.23,8.16,2.09,1.52,0.0
20230315:1811,0.0,0.0,0.0,2.18,1.66,0.0
20230315:1911,0.0,0.0,0.0,1.93,1.86,0.0
20230315:2011,0.0,0.0,0.0,1.48,1.93,0.0
20230315:2111,0.0,0.0,0.0,1.09,2.0,0.0
20230315:2211,0.0,0.0,0.0,0.94,2.07,0.0
20230315:2311,0.0,0.0,0.0,0.78,1.79,0.0
20230316:0011,0.0,0.0,0.0,0.86,1.52,0.0
20230316:0111,0.0,0.0,0.0,0.79,1.24,0.0
20230316:0211,0.0,0.0,0.0,0.62,0.97,0.0
20230316:0311,0.0,0.0,0.0,0.57,0.83,0.0
20230316:0411,0.0,0.0,0.0,0.67,0.76,0.0
20230316:0511,0.0,0.0,0.0,0.95,0.55,0.0
20230316:0611,0.0,0.0,0.0,1.2,0.41,0.0
20230316:0711,4.68,7.42,4.55,1.03,0.55,0.0
20230316:0811,182.94,49.14,12.25,1.38,0.62,0.0
20230316:0911,346.56,81.59,19.19,2.05,0.62,0.0
20230316:1011,345.66,81.59,24.91,2.61,0.69,0.0
20230316:1111,640.98,138.14,28.9,3.12,0.9,0.0
20230316:1211,208.2,54.7,30.71,3.68,0.9,0.0
20230316:1311,2086.56,418.61,30.1,4.35,0.9,0.0
20230316:1411,1475.4,297.62,27.15,5.03,1.17,0.0
20230316:1511,1474.68,296.92,22.24,5.4,1.59,0.0
20230316:1611,1355.58,276.39,15.84,5.89,2.21,0.0
20230316:1711,273.12,70.49,8.46,6.65,2.69,0.0
20230316:1811,0.0,0.0,0.0,7.04,3.1,0.0
20230316:1911,0.0,0.0,0.0,6.94,2.69,0.0
20230316:2011,0.0,0.0,0.0,7.03,2.62,0.0
20230316:2111,0.0,0.0,0.0,7.06,2.55,0.0
20230316:2211,0.0,0.0,0.0,6.99,2.34,0.0
20230316:2311,0.0,0.0,0.0,6.8,2.28,0.0
20230317:0011,0.0,0.0,0.0,6.59,2.34,0.0
20230317:0111,0.0,0.0,0.0,6.63,2.28,0.0
20230317:0211,0.0,0.0,0.0,6.62,2.28,0.0
20230317:0311,0.0,0.0,0.0,6.42,2.28,0.0
20230317:0411,0.0,0.0,0.0,6.3,2.28,0.0
20230317:0511,0.0,0.0,0.0,6.08,2.28,0.0
20230317:0611,0.0,0.0,0.0,6.06,2.41,0.0
20230317:0711,15.36,11.13,4.92,6.54,2.48,0.0
20230317:0811,1448.16,303.47,12.63,6.76,2.55,0.0
20230317:0911,2595.48,524.45,19.58,7.42,2.76,0.0
20230317:1011,1945.8,391.71,25.31,8.57,2.97,0.0
20230317:1111,2439.18,496.07,29.3,9.37,2.48,0.0
20230317:1211,1323.54,274.07,31.11,9.84,1.72,0.0
20230317:1311,246.18,63.97,30.48,10.23,0.83,0.0
20230317:1411,840.42,181.42,27.52,10.13,0.21,0.0
20230317:1511,162.66,46.36,22.58,9.37,0.97,0.0
20230317:1611,529.2,119.22,16.16,8.31,1.66,0.0
20230317:1711,535.44,127.77,8.76,7.58,1.93,0.0
20230317:1811,0.0,0.0,0.0,6.19,2.0,0.0
20230317:1911,0.0,0.0,0.0,5.1,2.21,0.0
20230317:2011,0.0,0.0,0.0,4.47,1.93,0.0
20230317:2111,0.0,0.0,0.0,3.87,1.72,0.0
20230317:2211,0.0,0.0,0.0,3.76,1.59,0.0
20230317:2311,0.0,0.0,0.0,3.68,1.38,0.0
20230318:0011,0.0,0.0,0.0,3.68,1.38,0.0
20230318:0111,0.0,0.0,0.0,3.8,1.59,0.0
20230318:0211,0.0,0.0,0.0,3.94,1.86,0.0
20230318:0311,0.0,0.0,0.0,4.09,1.79,0.0
20230318:0411,0.0,0.0,0.0,4.12,1.72,0.0
20230318:0511,0.0,0.0,0.0,4.25,1.79,0.0
20230318:0611,0.0,0.0,0.0,4.23,1.1,0.0
20230318:0711,2.16,6.49,5.3,4.49,1.45,0.0
20230318:0811,613.74,135.1,13.01,4.82,1.52,0.0
20230318:0911,331.98,79.73,19.97,5.4,1.45,0.0
20230318:1011,1159.02,237.57,25.71,5.9,1.45,0.0
20230318:1111,785.28,167.39,29.71,6.46,1.45,0.0
20230318:1211,806.64,171.85,31.51,7.04,1.72,0.0
20230318:1311,995.1,208.59,30.87,7.7,1.38,0.0
20230318:1411,573.78,127.94,27.88,8.21,1.38,0.0
20230318:1511,341.16,82.51,22.91,8.47,1.66,0.0
20230318:1611,262.44,66.75,16.47,8.45,1.86,0.0
20230318:1711,168.42,47.73,9.07,8.12,2.41,0.0
20230318:1811,0.0,0.0,0.0,7.01,2.97,0.0
20230318:1911,0.0,0.0,0.0,6.48,2.55,0.0
20230318:2011,0.0,0.0,0.0,5.83,2.34,0.0
20230318:2111,0.0,0.0,0.0,5.31,2.34,0.0
20230318:2211,0.0,0.0,0.0,4.95,2.41,0.0
20230318:2311,0.0,0.0,0.0,4.87,2.62,0.0
20230319:0011,0.0,0.0,0.0,4.75,2.69,0.0
20230319:0111,0.0,0.0,0.0,4.95,2.55,0.0
20230319:0211,0.0,0.0,0.0,5.44,2.55,0.0
20230319:0311,0.0,0.0,0.0,5.48,2.62,0.0
20230319:0411,0.0,0.0,0.0,5.08,3.03,0.0
20230319:0511,0.0,0.0,0.0,4.47,2.83,0.0
20230319:0611,0.0,0.0,0.0,4.01,2.21,0.0
20230319:0711,0.06,5.56,5.67,3.48,1.45,0.0
20230319:0811,610.8,133.73,13.39,3.62,1.31,0.0
20230319:0911,1037.04,212.42,20.36,4.1,1.72,0.0
20230319:1011,1242.96,251.97,26.11,4.67,1.72,0.0
20230319:1111,1590.36,320.06,30.11,5.32,1.59,0.0
20230319:1211,2974.8,606.99,31.9,5.98,1.66,0.0
20230319:1311,1318.5,268.86,31.25,6.25,1.66,0.0
20230319:1411,325.68,78.8,28.24,6.46,1.66,0.0
20230319:1511,507.6,114.16,23.25,6.57,1.79,0.0
20230319:1611,100.92,32.45,16.79,6.12,1.45,0.0
20230319:1711,109.56,34.3,9.37,5.63,1.1,0.0
20230319:1811,0.0,0.0,0.0,5.2,1.1,0.0
20230319:1911,0.0,0.0,0.0,5.0,0.97,0.0
20230319:2011,0.0,0.0,0.0,3.96,1.24,0.0
20230319:2111,0.0,0.0,0.0,3.34,1.17,0.0
20230319:2211,0.0,0.0,0.0,3.02,1.03,0.0
20230319:2311,0.0,0.0,0.0,2.36,1.17,0.0
20230320:0011,0.0,0.0,0.0,1.91,1.1,0.0
20230320:0111,0.0,0.0,0.0,1.9,0.9,0.0
20230320:0211,0.0,0.0,0.0,1.56,0.83,0.0
20230320:0311,0.0,0.0,0.0,1.01,0.83,0.0
20230320:0411,0.0,0.0,0.0,0.61,0.69,0.0
20230320:0511,0.0,0.0,0.0,0.37,0.62,0.0
20230320:0611,0.0,0.0,0.0,-0.49,0.76,0.0
20230320:0711,135.18,41.5,6.05,0.26,0.55,0.0
20230320:0811,1461.18,299.75,13.77,1.0,0.62,0.0
20230320:0911,2331.78,464.03,20.75,1.91,0.97,0.0
20230320:1011,1472.34,294.24,26.51,2.95,1.17,0.0
20230320:1111,2437.38,488.33,30.51,4.33,1.45,0.0
20230320:1211,2218.98,446.03,32.3,5.49,1.52,0.0
20230320:1311,1659.18,335.56,31.63,6.46,1.52,0.0
20230320:1411,1106.82,228.73,28.6,6.99,1.79,0.0
20230320:1511,554.1,123.42,23.58,6.97,1.38,0.0
20230320:1611,349.5,83.54,17.1,6.51,1.24,0.0
20230320:1711,80.46,27.81,9.67,6.21,1.38,0.0
20230320:1811,0.0,0.87,1.73,5.9,1.38,0.0
20230320:1911,0.0,0.0,0.0,5.93,1.52,0.0
20230320:2011,0.0,0.0,0.0,5.77,1.52,0.0
20230320:2111,0.0,0.0,0.0,5.64,1.52,0.0
20230320:2211,0.0,0.0,0.0,5.51,1.52,0.0
20230320:2311,0.0,0.0,0.0,5.45,1.45,0.0
20230321:0011,0.0,0.0,0.0,5.43,1.38,0.0
20230321:0111,0.0,0.0,0.0,5.2,1.38,0.0
20230321:0211,0.0,0.0,0.0,5.08,1.31,0.0
20230321:0311,0.0,0.0,0.0,5.1,1.38,0.0
20230321:0411,0.0,0.0,0.0,5.1,1.45,0.0
20230321:0511,0.0,0.0,0.0,5.21,1.52,0.0
20230321:0611,0.0,0.0,0.0,5.75,1.86,0.0
20230321:0711,0.0,0.0,0.0,6.48,2.34,0.0
20230321:0811,0.0,0.0,0.0,7.37,2.83,0.0
20230321:0911,272.52,68.61,21.14,8.09,3.17,0.0
20230321:1011,808.02,172.33,26.91,8.95,4.14,0.0
20230321:1111,3784.86,782.33,30.92,9.42,3.93,0.0
20230321:1211,4029.72,841.91,32.7,9.84,3.93,0.0
20230321:1311,2985.78,606.08,32.02,10.24,4.41,0.0
20230321:1411,3727.2,770.64,28.96,10.22,4.07,0.0
20230321:1511,3091.02,631.38,23.92,10.19,3.72,0.0
20230321:1611,1942.08,397.36,17.42,9.88,3.45,0.0
20230321:1711,734.82,171.05,9.96,9.37,2.62,0.0
20230321:1811,0.0,3.5,2.02,8.4,2.14,0.0
20230321:1911,0.0,0.0,0.0,8.38,2.41,0.0
20230321:2011,0.0,0.0,0.0,8.0,2.55,0.0
20230321:2111,0.0,0.0,0.0,7.88,2.69,0.0
20230321:2211,0.0,0.0,0.0,7.6,2.83,0.0
20230321:2311,0.0,0.0,0.0,7.43,3.03,0.0
20230322:0011,0.0,0.0,0.0,7.37,3.31,0.0
20230322:0111,0.0,0.0,0.0,7.16,3.38,0.0
20230322:0211,0.0,0.0,0.0,7.15,3.1,0.0
20230322:0311,0.0,0.0,0.0,7.25,3.1,0.0
20230322:0411,0.0,0.0,0.0,7.41,3.52,0.0
20230322:0511,0.0,0.0,0.0,7.42,6.14,0.0
20230322:0611,0.0,0.0,0.0,5.08,6.48,0.0
20230322:0711,0.0,0.0,0.0,4.66,6.48,0.0
20230322:0811,1128.9,231.54,14.53,4.37,7.03,0.0
20230322:0911,1014.48,206.19,21.53,4.09,5.72,0.0
20230322:1011,283.56,69.53,27.3,4.14,7.72,0.0
20230322:1111,960.18,196.34,31.32,4.21,7.38,0.0
20230322:1211,912.3,188.52,33.1,5.0,6.41,0.0
20230322:1311,3570.96,703.73,32.4,5.98,7.1,0.0
20230322:1411,3850.56,762.15,29.32,6.2,7.1,0.0
20230322:1511,1639.62,323.65,24.25,6.07,6.76,0.0
20230322:1611,888.6,184.98,17.73,6.11,6.21,0.0
20230322:1711,591.3,136.08,10.26,5.86,5.79,0.0
20230322:1811,0.0,4.37,2.31,5.57,4.55,0.0
20230322:1911,0.0,0.0,0.0,5.54,3.38,0.0
20230322:2011,0.0,0.0,0.0,4.97,2.48,0.0
20230322:2111,0.0,0.0,0.0,4.28,1.72,0.0
20230322:2211,0.0,0.0,0.0,3.07,1.24,0.0
20230322:2311,0.0,0.0,0.0,1.9,1.45,0.0
20230323:0011,0.0,0.0,0.0,2.05,1.31,0.0
20230323:0111,0.0,0.0,0.0,2.6,1.1,0.0
20230323:0211,0.0,0.0,0.0,2.6,1.24,0.0
20230323:0311,0.0,0.0,0.0,3.2,1.93,0.0
20230323:0411,0.0,0.0,0.0,3.11,2.83,0.0
20230323:0511,0.0,0.0,0.0,3.23,3.52,0.0
20230323:0611,0.0,0.0,0.0,3.3,3.72,0.0
20230323:0711,423.06,114.36,7.18,3.93,3.93,0.0
20230323:0811,1628.58,331.24,14.92,4.37,4.28,0.0
20230323:0911,2781.42,548.34,21.92,4.95,4.69,0.0
20230323:1011,3595.2,717.69,27.7,5.79,4.97,0.0
20230323:1111,3664.02,736.13,31.72,6.41,4.97,0.0
20230323:1211,3647.4,738.16,33.5,7.37,4.76,0.0
20230323:1311,3415.38,690.95,32.78,8.37,4.76,0.0
20230323:1411,2396.64,480.12,29.67,8.63,4.14,0.0
20230323:1511,1112.88,230.03,24.58,8.82,3.72,0.0
20230323:1611,1060.38,221.31,18.04,8.94,3.31,0.0
20230323:1711,598.38,139.87,10.56,8.69,1.86,0.0
20230323:1811,0.0,3.71,2.6,8.11,1.38,0.0
20230323:1911,0.0,0.0,0.0,6.79,1.79,0.0
20230323:2011,0.0,0.0,0.0,5.57,1.79,0.0
20230323:2111,0.0,0.0,0.0,4.66,1.79,0.0
20230323:2211,0.0,0.0,0.0,3.76,1.59,0.0
20230323:2311,0.0,0.0,0.0,3.41,1.45,0.0
20230324:0011,0.0,0.0,0.0,3.47,1.24,0.0
20230324:0111,0.0,0.0,0.0,3.38,1.24,0.0
20230324:0211,0.0,0.0,0.0,3.4,1.1,0.0
20230324:0311,0.0,0.0,0.0,3.58,1.03,0.0
20230324:0411,0.0,0.0,0.0,3.58,1.1,0.0
20230324:0511,0.0,0.0,0.0,3.63,1.52,0.0
20230324:0611,0.0,0.0,0.0,4.08,1.66,0.0
20230324:0711,39.06,17.62,7.55,4.04,1.24,0.0
20230324:0811,573.66,126.61,15.3,4.86,1.59,0.0
20230324:0911,1265.28,256.54,22.31,5.16,2.0,0.0
20230324:1011,1561.02,313.26,28.1,5.7,2.48,0.0
20230324:1111,1038.54,215.04,32.12,6.5,2.55,0.0
20230324:1211,1763.4,356.87,33.89,7.32,2.0,0.0
20230324:1311,1996.14,404.39,33.16,7.62,1.79,0.0
20230324:1411,2273.88,461.72,30.03,7.85,1.66,0.0
20230324:1511,2525.46,515.91,24.92,7.69,1.31,0.0
20230324:1611,1493.34,306.84,18.35,7.43,1.17,0.0
20230324:1711,600.24,139.14,10.86,6.78,0.62,0.0
20230324:1811,0.0,3.71,2.89,5.8,1.03,0.0
20230324:1911,0.0,0.0,0.0,5.46,1.86,0.0
20230324:2011,0.0,0.0,0.0,4.66,2.21,0.0
20230324:2111,0.0,0.0,0.0,4.32,2.48,0.0
20230324:2211,0.0,0.0,0.0,4.19,2.48,0.0
20230324:2311,0.0,0.0,0.0,4.32,2.41,0.0
20230325:0011,0.0,0.0,0.0,4.2,2.97,0.0
20230325:0111,0.0,0.0,0.0,3.8,3.1,0.0
20230325:0211,0.0,0.0,0.0,3.4,2.83,0.0
20230325:0311,0.0,0.0,0.0,2.97,3.17,0.0
20230325:0411,0.0,0.0,0.0,2.67,3.03,0.0
20230325:0511,0.0,0.0,0.0,2.43,2.76,0.0
20230325:0611,0.0,0.0,0.0,2.16,2.69,0.0
20230325:0711,203.34,55.48,7.93,2.4,2.9,0.0
20230325:0811,742.32,157.19,15.68,2.67,2.83,0.0
20230325:0911,948.42,194.25,22.7,3.27,3.59,0.0
20230325:1011,1226.04,246.3,28.5,3.89,4.07,0.0
20230325:1111,2043.96,403.19,32.52,4.71,3.86,0.0
20230325:1211,1515.3,303.34,34.29,5.16,3.45,0.0
20230325:1311,957.84,198.66,33.54,5.31,2.9,0.0
20230325:1411,1415.1,284.89,30.39,5.39,2.76,0.0
20230325:1511,777.9,164.4,25.25,5.2,2.83,0.0
20230325:1611,1115.46,228.1,18.66,4.97,3.03,0.0
20230325:1711,386.22,91.89,11.15,4.7,3.17,0.0
20230325:1811,0.0,3.71,3.18,4.05,2.97,0.0
20230325:1911,0.0,0.0,0.0,3.37,3.24,0.0
20230325:2011,0.0,0.0,0.0,2.88,3.17,0.0
20230325:2111,0.0,0.0,0.0,2.47,2.83,0.0
20230325:2211,0.0,0.0,0.0,2.07,2.62,0.0
20230325:2311,0.0,0.0,0.0,1.7,2.28,0.0
20230326:0011,0.0,0.0,0.0,1.27,1.93,0.0
20230326:0111,0.0,0.0,0.0,1.06,1.79,0.0
20230326:0211,0.0,0.0,0.0,0.85,1.93,0.0
20230326:0311,0.0,0.0,0.0,0.6,2.21,0.0
20230326:0411,0.0,0.0,0.0,0.23,2.28,0.0
20230326:0511,0.0,0.0,0.0,-0.13,2.21,0.0
20230326:0611,0.0,0.0,0.0,-0.35,2.21,0.0
20230326:0711,388.68,98.47,8.3,0.13,1.86,0.0
20230326:0811,844.38,175.08,16.06,0.68,2.62,0.0
20230326:0911,1437.18,283.13,23.09,1.09,2.97,0.0
20230326:1011,2356.5,459.84,28.9,1.75,3.1,0.0
20230326:1111,2758.2,541.38,32.93,2.13,3.24,0.0
20230326:1211,850.2,176.17,34.68,2.54,3.24,0.0
20230326:1311,341.94,80.66,33.92,2.71,3.17,0.0
20230326:1411,1006.44,205.36,30.74,2.95,3.24,0.0
20230326:1511,2278.74,446.2,25.57,2.85,3.31,0.0
20230326:1611,1537.92,305.46,18.97,2.62,3.38,0.0
20230326:1711,687.66,152.85,11.44,1.98,3.24,0.0
20230326:1811,15.96,11.13,3.47,1.25,2.62,0.0
20230326:1911,0.0,0.0,0.0,0.38,2.07,0.0
20230326:2011,0.0,0.0,0.0,-0.32,1.79,0.0
20230326:2111,0.0,0.0,0.0,-1.1,1.66,0.0
20230326:2211,0.0,0.0,0.0,-2.19,1.59,0.0
20230326:2311,0.0,0.0,0.0,-2.81,1.45,0.0
20230327:0011,0.0,0.0,0.0,-2.74,1.31,0.0
20230327:0111,0.0,0.0,0.0,-2.97,1.38,0.0
20230327:0211,0.0,0.0,0.0,-3.29,1.38,0.0
20230327:0311,0.0,0.0,0.0,-3.66,1.45,0.0
20230327:0411,0.0,0.0,0.0,-3.46,1.31,0.0
20230327:0511,0.0,0.0,0.0,-3.22,1.17,0.0
20230327:0611,0.0,0.0,0.0,-3.99,1.45,0.0
20230327:0711,595.38,147.13,8.68,-3.7,1.45,0.0
20230327:0811,1924.74,386.35,16.44,-0.8,1.24,0.0
20230327:0911,3105.06,626.03,23.48,0.79,0.97,0.0
20230327:1011,3863.28,815.19,29.29,1.97,0.41,0.0
20230327:1111,4431.18,949.05,33.33,2.8,1.24,0.0
20230327:1211,4697.22,1004.78,35.08,3.5,2.07,0.0
20230327:1311,4395.72,924.12,34.3,4.41,2.48,0.0
20230327:1411,4216.32,877.89,31.09,4.87,2.69,0.0
20230327:1511,3361.32,680.04,25.9,5.13,2.83,0.0
20230327:1611,2412.12,485.79,19.27,5.03,2.69,0.0
20230327:1711,1031.1,229.61,11.74,4.69,2.28,0.0
20230327:1811,38.16,19.29,3.76,3.83,1.79,0.0
20230327:1911,0.0,0.0,0.0,2.76,2.07,0.0
20230327:2011,0.0,0.0,0.0,1.29,2.14,0.0
20230327:2111,0.0,0.0,0.0,-0.04,2.21,0.0
20230327:2211,0.0,0.0,0.0,-1.12,2.21,0.0
20230327:2311,0.0,0.0,0.0,-1.59,2.21,0.0
20230328:0011,0.0,0.0,0.0,-2.09,2.21,0.0
20230328:0111,0.0,0.0,0.0,-2.1,2.14,0.0
20230328:0211,0.0,0.0,0.0,-2.05,2.0,0.0
20230328:0311,0.0,0.0,0.0,-1.45,1.86,0.0
20230328:0411,0.0,0.0,0.0,-0.77,1.66,0.0
20230328:0511,0.0,0.0,0.0,-0.57,1.59,0.0
20230328:0611,0.0,0.0,0.0,-0.28,1.38,0.0
20230328:0711,99.9,31.52,9.05,0.13,1.24,0.0
20230328:0811,619.14,133.38,16.82,1.45,0.97,0.0
20230328:0911,894.06,185.37,23.86,2.9,0.9,0.0
20230328:1011,1598.88,320.44,29.69,3.84,1.17,0.0
20230328:1111,1094.64,224.67,33.72,4.33,1.38,0.0
20230328:1211,357.06,84.37,35.47,4.64,1.59,0.0
20230328:1311,423.78,97.35,34.67,4.98,2.0,0.0
20230328:1411,616.92,134.43,31.45,5.15,1.79,0.0
20230328:1511,211.02,55.63,26.23,5.62,2.21,0.0
20230328:1611,261.24,65.82,19.58,5.92,2.14,0.0
20230328:1711,80.52,27.81,12.03,6.09,1.93,0.0
20230328:1811,21.66,12.98,4.04,5.69,1.24,0.0
20230328:1911,0.0,0.0,0.0,4.95,1.24,0.0
20230328:2011,0.0,0.0,0.0,4.51,1.17,0.0
20230328:2111,0.0,0.0,0.0,4.16,1.17,0.0
20230328:2211,0.0,0.0,0.0,3.99,1.17,0.0
20230328:2311,0.0,0.0,0.0,3.87,1.31,0.0
20230329:0011,0.0,0.0,0.0,3.98,1.24,0.0
20230329:0111,0.0,0.0,0.0,3.79,1.31,0.0
20230329:0211,0.0,0.0,0.0,3.49,1.31,0.0
20230329:0311,0.0,0.0,0.0,3.43,1.31,0.0
20230329:0411,0.0,0.0,0.0,3.49,1.31,0.0
20230329:0511,0.0,0.0,0.0,3.7,1.31,0.0
20230329:0611,0.0,0.0,0.0,3.77,1.24,0.0
20230329:0711,209.1,56.02,9.43,3.79,1.31,0.0
20230329:0811,285.66,70.46,17.19,4.88,1.31,0.0
20230329:0911,559.5,124.15,24.25,6.26,1.24,0.0
20230329:1011,709.44,153.86,30.08,7.85,1.52,0.0
20230329:1111,410.76,96.42,34.12,9.2,2.41,0.0
20230329:1211,841.38,179.84,35.87,9.78,3.72,0.0
20230329:1311,461.46,106.62,35.05,10.18,3.59,0.0
20230329:1411,380.88,90.86,31.8,10.27,3.17,0.0
20230329:1511,339.48,82.51,26.55,9.93,3.31,0.0
20230329:1611,154.14,44.5,19.88,9.52,3.31,0.0
20230329:1711,75.24,26.89,12.32,9.23,3.17,0.0
20230329:1811,0.0,2.78,4.33,9.07,2.97,0.0
20230329:1911,0.0,0.0,0.0,9.07,2.48,0.0
20230329:2011,0.0,0.0,0.0,8.79,2.28,0.0
20230329:2111,0.0,0.0,0.0,8.56,2.28,0.0
20230329:2211,0.0,0.0,0.0,8.35,2.41,0.0
20230329:2311,0.0,0.0,0.0,8.1,2.48,0.0
20230330:0011,0.0,0.0,0.0,7.74,2.55,0.0
20230330:0111,0.0,0.0,0.0,7.5,2.48,0.0
20230330:0211,0.0,0.0,0.0,7.28,2.55,0.0
20230330:0311,0.0,0.0,0.0,6.88,2.55,0.0
20230330:0411,0.0,0.0,0.0,6.61,2.62,0.0
20230330:0511,0.0,0.0,0.0,6.41,2.69,0.0
20230330:0611,0.0,0.87,1.75,6.18,2.62,0.0
20230330:0711,76.38,26.89,9.8,6.56,2.48,0.0
20230330:0811,1008.66,211.88,17.57,7.44,2.55,0.0
20230330:0911,1749.78,352.56,24.63,8.44,3.59,0.0
20230330:1011,2351.94,475.02,30.47,9.75,3.72,0.0
20230330:1111,2747.22,561.21,34.52,10.64,3.52,0.0
20230330:1211,1479.66,305.36,36.26,11.29,3.24,0.0
20230330:1311,1736.52,356.98,35.42,11.67,3.03,0.0
20230330:1411,1805.1,370.97,32.15,12.03,2.97,0.0
20230330:1511,1567.44,323.75,26.88,12.28,2.76,0.0
20230330:1611,1197.24,252.28,20.19,12.15,2.21,0.0
20230330:1711,993.54,228.32,12.61,11.8,1.72,0.0
20230330:1811,57.42,24.36,4.62,11.1,1.52,0.0
20230330:1911,0.0,0.0,0.0,9.41,1.38,0.0
20230330:2011,0.0,0.0,0.0,8.33,1.1,0.0
20230330:2111,0.0,0.0,0.0,7.36,1.03,0.0
20230330:2211,0.0,0.0,0.0,6.21,1.1,0.0
20230330:2311,0.0,0.0,0.0,5.73,1.03,0.0
20230331:0011,0.0,0.0,0.0,5.59,0.9,0.0
20230331:0111,0.0,0.0,0.0,4.98,0.97,0.0
20230331:0211,0.0,0.0,0.0,4.54,0.83,0.0
20230331:0311,0.0,0.0,0.0,4.07,0.48,0.0
20230331:0411,0.0,0.0,0.0,3.43,0.28,0.0
20230331:0511,0.0,0.0,0.0,3.12,0.34,0.0
20230331:0611,0.0,0.87,2.12,2.52,0.55,0.0
20230331:0711,256.2,65.57,10.17,3.33,0.34,0.0
20230331:0811,992.88,207.59,17.95,4.95,0.9,0.0
20230331:0911,1332.3,271.68,25.02,6.87,1.93,0.0
20230331:1011,859.2,182.44,30.87,8.17,2.34,0.0
20230331:1111,1438.32,294.49,34.92,8.95,2.83,0.0
20230331:1211,2289.48,463.88,36.65,9.31,3.24,0.0
20230331:1311,1052.94,220.55,35.8,9.62,3.31,0.0
20230331:1411,2340.06,475.13,32.49,9.74,3.03,0.0
20230331:1511,1247.82,256.98,27.2,9.2,3.1,0.0
20230331:1611,1028.4,215.06,20.49,8.75,3.03,0.0
20230331:1711,625.56,142.35,12.9,8.05,2.83,0.0
20230331:1811,54.3,22.68,4.9,7.26,2.62,0.0
20230331:1911,0.0,0.0,0.0,6.85,2.48,0.0
20230331:2011,0.0,0.0,0.0,6.26,2.28,0.0
20230331:2111,0.0,0.0,0.0,5.85,2.21,0.0
20230331:2211,0.0,0.0,0.0,5.55,2.14,0.0
20230331:2311,0.0,0.0,0.0,5.25,2.14,0.0
20230401:0011,0.0,0.0,0.0,4.88,1.93,0.0
20230401:0111,0.0,0.0,0.0,4.52,1.86,0.0
20230401:0211,0.0,0.0,0.0,4.17,1.93,0.0
20230401:0311,0.0,0.0,0.0,3.83,1.93,0.0
20230401:0411,0.0,0.0,0.0,3.55,1.79,0.0
20230401:0511,0.0,0.0,0.0,3.32,1.59,0.0
20230401:0611,0.0,5.25,2.49,2.99,1.45,0.0
20230401:0711,665.76,162.12,10.54,3.49,1.59,0.0
20230401:0811,1906.02,387.5,18.32,4.01,1.86,0.0
20230401:0911,3041.58,616.14,25.4,4.57,1.86,0.0
20230401:1011,3073.5,622.79,31.26,5.31,2.14,0.0
20230401:1111,2008.8,403.41,35.31,6.15,2.21,0.0
20230401:1211,3010.38,615.16,37.04,6.8,2.14,0.0
20230401:1311,2706.12,551.93,36.17,7.39,1.93,0.0
20230401:1411,719.76,155.75,32.84,7.7,1.66,0.0
20230401:1511,1167.24,241.67,27.52,7.82,1.38,0.0
20230401:1611,913.14,193.26,20.79,7.82,1.1,0.0
20230401:1711,564.18,129.2,13.19,7.58,1.66,0.0
20230401:1811,69.48,26.29,5.18,6.97,1.72,0.0
20230401:1911,0.0,0.0,0.0,6.51,1.17,0.0
20230401:2011,0.0,0.0,0.0,5.99,0.97,0.0
20230401:2111,0.0,0.0,0.0,5.53,0.69,0.0
20230401:2211,0.0,0.0,0.0,5.72,0.28,0.0
20230401:2311,0.0,0.0,0.0,5.62,0.28,0.0
20230402:0011,0.0,0.0,0.0,5.16,0.69,0.0
20230402:0111,0.0,0.0,0.0,4.26,0.97,0.0
20230402:0211,0.0,0.0,0.0,4.0,1.24,0.0
20230402:0311,0.0,0.0,0.0,4.39,1.24,0.0
20230402:0411,0.0,0.0,0.0,4.56,1.24,0.0
20230402:0511,0.0,0.0,0.0,4.76,1.1,0.0
20230402:0611,0.0,3.5,2.86,4.88,1.1,0.0
20230402:0711,468.78,113.55,10.9,5.34,1.1,0.0
20230402:0811,883.14,186.69,18.69,5.88,1.1,0.0
20230402:0911,1240.44,253.92,25.78,6.08,1.31,0.0
20230402:1011,1567.86,318.86,31.65,6.48,1.03,0.0
20230402:1111,1025.7,214.83,35.7,6.79,0.48,0.0
20230402:1211,2593.86,536.22,37.42,7.35,0.62,0.0
20230402:1311,1145.34,238.88,36.54,7.77,0.69,0.0
20230402:1411,1734.24,355.62,33.19,8.43,0.9,0.0
20230402:1511,1124.16,234.81,27.84,8.61,0.83,0.0
20230402:1611,850.86,182.13,21.09,8.64,0.69,0.0
20230402:1711,379.02,91.14,13.47,8.59,0.48,0.0
20230402:1811,18.18,12.05,5.47,8.4,0.97,0.0
20230402:1911,0.0,0.0,0.0,7.37,1.17,0.0
20230402:2011,0.0,0.0,0.0,5.8,1.24,0.0
20230402:2111,0.0,0.0,0.0,4.72,1.45,0.0
20230402:2211,0.0,0.0,0.0,3.97,1.66,0.0
20230402:2311,0.0,0.0,0.0,3.35,1.79,0.0
20230403:0011,0.0,0.0,0.0,3.04,1.72,0.0
20230403:0111,0.0,0.0,0.0,2.31,1.72,0.0
20230403:0211,0.0,0.0,0.0,1.23,1.66,0.0
20230403:0311,0.0,0.0,0.0,0.51,1.59,0.0
20230403:0411,0.0,0.0,0.0,-0.01,1.52,0.0
20230403:0511,0.0,0.0,0.0,-0.76,1.52,0.0
20230403:0611,14.16,10.49,3.23,-1.36,1.59,0.0
20230403:0711,649.08,151.81,11.27,0.06,1.24,0.0
20230403:0811,2001.24,406.96,19.06,3.16,1.17,0.0
20230403:0911,3122.16,641.81,26.16,5.69,1.38,0.0
20230403:1011,3943.62,827.28,32.03,7.52,2.48,0.0
20230403:1111,4463.58,952.23,36.1,8.78,3.24,0.0
20230403:1211,4429.32,946.85,37.81,9.8,3.45,0.0
20230403:1311,4139.1,876.76,36.91,10.33,3.52,0.0
20230403:1411,3708.6,773.56,33.53,10.56,3.59,0.0
20230403:1511,2477.22,503.88,28.16,10.53,3.45,0.0
20230403:1611,1414.26,291.69,21.38,10.32,3.38,0.0
20230403:1711,653.88,148.73,13.76,9.87,2.97,0.0
20230403:1811,122.52,50.96,5.75,8.99,2.55,0.0
20230403:1911,0.0,0.0,0.0,8.12,2.62,0.0
20230403:2011,0.0,0.0,0.0,6.75,2.48,0.0
20230403:2111,0.0,0.0,0.0,5.59,2.41,0.0
20230403:2211,0.0,0.0,0.0,4.66,2.41,0.0
20230403:2311,0.0,0.0,0.0,3.98,2.28,0.0
20230404:0011,0.0,0.0,0.0,3.33,2.28,0.0
20230404:0111,0.0,0.0,0.0,2.68,2.28,0.0
20230404:0211,0.0,0.0,0.0,2.23,2.21,0.0
20230404:0311,0.0,0.0,0.0,1.82,2.28,0.0
20230404:0411,0.0,0.0,0.0,1.45,2.34,0.0
20230404:0511,0.0,0.0,0.0,1.58,2.41,0.0
20230404:0611,21.54,12.82,3.59,1.91,2.48,0.0
20230404:0711,54.0,21.32,11.63,3.62,2.9,0.0
20230404:0811,93.18,30.59,19.43,5.3,2.97,0.0
20230404:0911,465.24,105.69,26.54,6.44,3.79,0.0
20230404:1011,709.68,152.97,32.42,7.45,3.72,0.0
20230404:1111,1788.72,360.48,36.49,8.2,3.79,0.0
20230404:1211,658.14,143.7,38.19,8.42,3.79,0.0
20230404:1311,1506.0,305.98,37.27,8.94,4.48,0.0
20230404:1411,1975.98,397.62,33.87,9.74,4.9,0.0
20230404:1511,2465.58,497.0,28.47,10.2,4.55,0.0
20230404:1611,501.66,114.47,21.68,10.46,4.28,0.0
20230404:1711,248.82,64.45,14.04,10.2,4.0,0.0
20230404:1811,81.72,29.25,6.03,9.15,3.86,0.0
20230404:1911,0.0,0.0,0.0,7.93,3.59,0.0
20230404:2011,0.0,0.0,0.0,7.23,3.66,0.0
20230404:2111,0.0,0.0,0.0,6.72,3.52,0.0
20230404:2211,0.0,0.0,0.0,6.46,3.45,0.0
20230404:2311,0.0,0.0,0.0,6.31,3.31,0.0
20230405:0011,0.0,0.0,0.0,6.44,3.38,0.0
20230405:0111,0.0,0.0,0.0,6.62,3.59,0.0
20230405:0211,0.0,0.0,0.0,6.72,3.72,0.0
20230405:0311,0.0,0.0,0.0,6.55,3.72,0.0
20230405:0411,0.0,0.0,0.0,6.56,3.79,0.0
20230405:0511,0.0,0.0,0.0,6.62,3.66,0.0
20230405:0611,15.36,11.13,3.95,6.7,3.52,0.0
20230405:0711,214.8,56.91,12.0,7.28,3.59,0.0
20230405:0811,844.26,179.53,19.8,8.0,3.31,0.0
20230405:0911,631.5,138.87,26.91,9.09,4.14,0.0
20230405:1011,1246.2,256.86,32.8,10.14,4.9,0.0
20230405:1111,1397.22,287.03,36.87,10.7,4.76,0.0
20230405:1211,1838.04,374.11,38.58,11.08,4.55,0.0
20230405:1311,1713.06,349.82,37.64,11.19,4.34,0.0
20230405:1411,2586.12,526.68,34.21,11.57,4.28,0.0
20230405:1511,1615.56,331.3,28.79,11.47,3.45,0.0
20230405:1611,1032.96,218.47,21.98,11.12,2.62,0.0
20230405:1711,319.74,79.3,14.32,10.83,2.48,0.0
20230405:1811,41.16,18.54,6.31,10.21,2.14,0.0
20230405:1911,0.0,0.0,0.0,9.7,1.72,0.0
20230405:2011,0.0,0.0,0.0,9.01,1.59,0.0
20230405:2111,0.0,0.0,0.0,8.31,1.52,0.0
20230405:2211,0.0,0.0,0.0,7.63,1.52,0.0
20230405:2311,0.0,0.0,0.0,7.19,1.59,0.0
20230406:0011,0.0,0.0,0.0,7.08,1.66,0.0
20230406:0111,0.0,0.0,0.0,6.73,1.72,0.0
20230406:0211,0.0,0.0,0.0,6.47,1.79,0.0
20230406:0311,0.0,0.0,0.0,6.1,1.93,0.0
20230406:0411,0.0,0.0,0.0,6.06,2.0,0.0
20230406:0511,0.0,0.0,0.0,5.94,2.0,0.0
20230406:0611,0.0,3.71,4.31,5.81,2.0,0.0
20230406:0711,267.24,67.44,12.36,6.05,2.28,0.0
20230406:0811,1313.46,269.24,20.17,6.5,2.9,0.0
20230406:0911,1629.72,327.45,27.29,7.16,3.66,0.0
20230406:1011,2050.8,409.6,33.19,7.52,4.14,0.0
20230406:1111,2325.96,466.52,37.26,7.81,3.79,0.0
20230406:1211,1103.34,228.51,38.96,8.09,3.86,0.0
20230406:1311,1247.34,255.92,38.0,8.25,4.21,0.0
20230406:1411,634.5,139.07,34.55,8.42,4.28,0.0
20230406:1511,1321.5,269.19,29.1,8.25,4.34,0.0
20230406:1611,774.96,165.61,22.27,8.14,4.21,0.0
20230406:1711,422.64,98.77,14.61,7.61,3.86,0.0
20230406:1811,109.62,36.05,6.59,6.96,2.97,0.0
20230406:1911,0.0,0.0,0.0,5.92,2.21,0.0
20230406:2011,0.0,0.0,0.0,5.18,1.93,0.0
20230406:2111,0.0,0.0,0.0,4.55,1.86,0.0
20230406:2211,0.0,0.0,0.0,3.95,1.72,0.0
20230406:2311,0.0,0.0,0.0,3.2,1.45,0.0
20230407:0011,0.0,0.0,0.0,2.28,1.45,0.0
20230407:0111,0.0,0.0,0.0,1.63,1.45,0.0
20230407:0211,0.0,0.0,0.0,1.38,1.31,0.0
20230407:0311,0.0,0.0,0.0,0.76,1.38,0.0
20230407:0411,0.0,0.0,0.0,-0.37,1.24,0.0
20230407:0511,0.0,0.0,0.0,-0.75,1.1,0.0
20230407:0611,40.2,17.62,4.67,-0.96,1.03,0.0
20230407:0711,805.8,186.29,12.72,1.55,0.48,0.0
20230407:0811,2083.62,427.05,20.53,3.71,0.41,0.0
20230407:0911,3088.62,635.74,27.66,5.2,1.03,0.0
20230407:1011,3629.58,760.47,33.57,6.64,1.59,0.0
20230407:1111,4211.58,908.39,37.65,8.01,1.86,0.0
20230407:1211,4215.06,916.69,39.34,9.16,1.86,0.0
20230407:1311,4245.84,928.74,38.36,10.02,1.86,0.0
20230407:1411,3774.0,809.93,34.88,10.87,1.93,0.0
20230407:1511,2739.96,568.52,29.41,11.16,2.07,0.0
20230407:1611,2254.8,467.28,22.56,10.88,2.21,0.0
20230407:1711,1146.24,256.84,14.89,10.17,2.34,0.0
20230407:1811,160.38,60.07,6.86,9.07,1.93,0.0
20230407:1911,0.0,0.0,0.0,7.86,2.07,0.0
20230407:2011,0.0,0.0,0.0,6.34,1.79,0.0
20230407:2111,0.0,0.0,0.0,4.77,1.52,0.0
20230407:2211,0.0,0.0,0.0,3.75,1.45,0.0
20230407:2311,0.0,0.0,0.0,3.31,1.59,0.0
20230408:0011,0.0,0.0,0.0,3.06,1.72,0.0
20230408:0111,0.0,0.0,0.0,3.01,1.66,0.0
20230408:0211,0.0,0.0,0.0,2.84,1.66,0.0
20230408:0311,0.0,0.0,0.0,3.14,1.66,0.0
20230408:0411,0.0,0.0,0.0,3.64,1.66,0.0
20230408:0511,0.0,0.0,0.0,3.54,1.59,0.0
20230408:0611,12.72,10.2,5.02,3.46,1.52,0.0
20230408:0711,850.56,198.22,13.07,4.36,1.24,0.0
20230408:0811,2075.7,424.86,20.89,6.51,2.0,0.0
20230408:0911,3189.9,650.96,28.03,7.71,2.97,0.0
20230408:1011,4053.42,851.16,33.94,8.78,3.17,0.0
20230408:1111,4269.6,908.96,38.03,9.83,3.31,0.0
20230408:1211,4515.3,976.64,39.71,10.52,3.24,0.0
20230408:1311,4495.98,975.43,38.72,11.05,3.17,0.0
20230408:1411,4174.38,893.77,35.22,11.33,3.17,0.0
20230408:1511,3286.74,683.19,29.72,11.51,3.24,0.0
20230408:1611,1622.94,334.78,22.85,11.39,3.31,0.0
20230408:1711,1038.84,231.98,15.16,10.91,2.97,0.0
20230408:1811,163.98,63.54,7.14,10.02,2.48,0.0
20230408:1911,0.0,0.0,0.0,8.82,2.28,0.0
20230408:2011,0.0,0.0,0.0,7.12,2.07,0.0
20230408:2111,0.0,0.0,0.0,5.73,1.86,0.0
20230408:2211,0.0,0.0,0.0,4.46,1.79,0.0
20230408:2311,0.0,0.0,0.0,3.41,1.66,0.0
20230409:0011,0.0,0.0,0.0,2.84,1.59,0.0
20230409:0111,0.0,0.0,0.0,2.71,1.45,0.0
20230409:0211,0.0,0.0,0.0,2.48,1.38,0.0
20230409:0311,0.0,0.0,0.0,2.46,1.31,0.0
20230409:0411,0.0,0.0,0.0,2.25,1.24,0.0
20230409:0511,0.0,0.0,0.0,2.31,1.1,0.0
20230409:0611,25.38,13.91,5.38,2.64,1.03,0.0
20230409:0711,85.44,28.74,13.42,4.1,1.1,0.0
20230409:0811,291.84,72.31,21.25,7.09,1.38,0.0
20230409:0911,584.34,129.79,28.39,8.37,2.41,0.0
20230409:1011,1042.74,218.42,34.32,9.7,3.59,0.0
20230409:1111,833.58,178.93,38.41,10.85,4.55,0.0
20230409:1211,927.36,197.32,40.09,11.36,4.9,0.0
20230409:1311,901.08,192.67,39.08,11.93,4.97,0.0
20230409:1411,524.34,119.6,35.55,12.04,4.97,0.0
20230409:1511,322.86,79.73,30.03,11.87,4.83,0.0
20230409:1611,402.6,95.49,23.14,11.5,4.55,0.0
20230409:1711,106.74,34.3,15.44,10.87,4.34,0.0
20230409:1811,52.14,21.32,7.41,9.9,4.48,0.0
20230409:1911,0.0,0.0,0.0,8.84,4.0,0.0
20230409:2011,0.0,0.0,0.0,8.25,3.72,0.0
20230409:2111,0.0,0.0,0.0,7.81,3.72,0.0
20230409:2211,0.0,0.0,0.0,7.82,3.66,0.0
20230409:2311,0.0,0.0,0.0,7.88,3.45,0.0
20230410:0011,0.0,0.0,0.0,7.93,3.31,0.0
20230410:0111,0.0,0.0,0.0,7.7,3.31,0.0
20230410:0211,0.0,0.0,0.0,7.56,2.97,0.0
20230410:0311,0.0,0.0,0.0,7.48,2.62,0.0
20230410:0411,0.0,0.0,0.0,7.43,2.21,0.0
20230410:0511,0.0,0.0,0.0,7.22,1.86,0.0
20230410:0611,18.36,12.05,5.73,6.89,2.41,0.0
20230410:0711,474.36,110.63,13.78,7.21,3.52,0.0
20230410:0811,113.28,35.23,21.6,6.76,3.93,0.0
20230410:0911,2796.54,559.13,28.76,7.04,4.07,0.0
20230410:1011,1615.62,324.1,34.69,7.62,5.24,0.0
20230410:1111,4522.38,933.22,38.79,8.21,5.66,0.0
20230410:1211,2662.62,531.41,40.46,8.29,5.59,0.0
20230410:1311,4048.68,827.31,39.43,8.35,5.52,0.0
20230410:1411,3392.64,681.79,35.88,7.98,5.38,0.0
20230410:1511,3391.56,680.51,30.33,7.78,5.24,0.0
20230410:1611,2083.38,415.23,23.42,6.62,5.1,0.0
20230410:1711,600.9,133.39,15.72,5.77,4.48,0.0
20230410:1811,169.5,50.44,7.68,4.94,4.28,0.0
20230410:1911,0.0,0.0,0.0,4.97,4.0,0.0
20230410:2011,0.0,0.0,0.0,4.55,3.59,0.0
20230410:2111,0.0,0.0,0.0,4.37,3.38,0.0
20230410:2211,0.0,0.0,0.0,4.19,2.97,0.0
20230410:2311,0.0,0.0,0.0,4.05,2.9,0.0
20230411:0011,0.0,0.0,0.0,3.88,3.03,0.0
20230411:0111,0.0,0.0,0.0,3.66,3.17,0.0
20230411:0211,0.0,0.0,0.0,3.43,3.17,0.0
20230411:0311,0.0,0.0,0.0,3.26,2.97,0.0
20230411:0411,0.0,0.0,0.0,2.91,2.69,0.0
20230411:0511,0.0,0.0,0.0,2.76,2.69,0.0
20230411:0611,93.78,31.08,6.08,2.62,2.69,0.0
20230411:0711,916.14,207.52,14.12,3.43,3.45,0.0
20230411:0811,2084.76,415.77,21.96,4.09,4.0,0.0
20230411:0911,2752.26,545.29,29.12,5.02,3.93,0.0
20230411:1011,2880.6,571.47,35.06,5.76,4.55,0.0
20230411:1111,3983.82,814.09,39.16,6.43,4.34,0.0
20230411:1211,2805.24,562.58,40.83,7.09,4.14,0.0
20230411:1311,4447.38,936.07,39.79,7.67,3.72,0.0
20230411:1411,2161.32,436.58,36.21,8.38,3.03,0.0
20230411:1511,2143.92,435.42,30.64,8.93,2.41,0.0
20230411:1611,719.4,156.18,23.71,9.33,3.03,0.0
20230411:1711,348.24,84.12,15.99,8.84,3.03,0.0
20230411:1811,56.46,22.25,7.96,7.96,3.52,0.0
20230411:1911,0.0,0.0,0.0,6.92,3.52,0.0
20230411:2011,0.0,0.0,0.0,5.95,4.0,0.0
20230411:2111,0.0,0.0,0.0,4.85,4.34,0.0
20230411:2211,0.0,0.0,0.0,3.91,4.76,0.0
20230411:2311,0.0,0.0,0.0,3.54,4.76,0.0
20230412:0011,0.0,0.0,0.0,3.11,4.9,0.0
20230412:0111,0.0,0.0,0.0,2.8,4.21,0.0
20230412:0211,0.0,0.0,0.0,2.63,4.34,0.0
20230412:0311,0.0,0.0,0.0,2.92,2.07,0.0
20230412:0411,0.0,0.0,0.0,2.9,1.31,0.0
20230412:0511,0.0,0.0,0.0,2.57,3.1,0.0
20230412:0611,98.52,32.08,6.42,2.15,4.9,0.0
20230412:0711,551.88,123.49,14.47,2.29,4.41,0.0
20230412:0811,881.4,181.68,22.31,2.82,5.03,0.0
20230412:0911,774.54,161.68,29.47,3.06,5.86,0.0
20230412:1011,1036.14,210.34,35.43,3.36,5.86,0.0
20230412:1111,1782.0,350.9,39.53,4.04,5.31,0.0
20230412:1211,1084.14,221.23,41.2,4.98,5.31,0.0
20230412:1311,975.36,201.92,40.14,6.15,5.1,0.0
20230412:1411,877.86,184.27,36.53,6.87,4.48,0.0
20230412:1511,1212.42,247.32,30.94,6.76,4.0,0.0
20230412:1611,397.26,92.71,23.99,6.85,4.07,0.0
20230412:1711,841.02,182.67,16.26,6.14,3.79,0.0
20230412:1811,163.08,47.34,8.23,5.33,2.9,0.0
20230412:1911,0.0,0.0,0.0,4.51,3.03,0.0
20230412:2011,0.0,0.0,0.0,3.83,2.55,0.0
20230412:2111,0.0,0.0,0.0,3.0,2.28,0.0
20230412:2211,0.0,0.0,0.0,2.26,2.21,0.0
20230412:2311,0.0,0.0,0.0,1.79,2.34,0.0
20230413:0011,0.0,0.0,0.0,1.7,2.34,0.0
20230413:0111,0.0,0.0,0.0,1.77,2.21,0.0
20230413:0211,0.0,0.0,0.0,1.7,2.0,0.0
20230413:0311,0.0,0.0,0.0,1.47,1.93,0.0
20230413:0411,0.0,0.0,0.0,1.58,1.86,0.0
20230413:0511,0.0,0.0,0.0,1.6,1.66,0.0
20230413:0611,10.02,9.27,6.76,1.62,1.52,0.0
20230413:0711,167.94,46.36,14.81,3.3,1.79,0.0
20230413:0811,1148.34,235.0,22.65,4.18,1.86,0.0
20230413:0911,755.7,160.72,29.83,5.1,1.86,0.0
20230413:1011,635.7,138.14,35.79,5.44,1.93,0.0
20230413:1111,1191.36,244.43,39.9,5.83,2.07,0.0
20230413:1211,1408.56,287.01,41.56,6.7,2.41,0.0
20230413:1311,511.02,114.96,40.48,6.93,2.21,0.0
20230413:1411,223.02,58.41,36.86,7.09,2.07,0.0
20230413:1511,138.66,40.79,31.24,6.91,1.93,0.0
20230413:1611,1221.6,251.36,24.27,6.88,1.93,0.0
20230413:1711,355.02,84.67,16.53,6.57,2.0,0.0
20230413:1811,109.62,34.3,8.5,5.71,2.21,0.0
20230413:1911,0.0,0.0,0.0,4.71,1.66,0.0
20230413:2011,0.0,0.0,0.0,4.07,1.38,0.0
20230413:2111,0.0,0.0,0.0,3.6,1.03,0.0
20230413:2211,0.0,0.0,0.0,3.31,0.62,0.0
20230413:2311,0.0,0.0,0.0,3.2,0.55,0.0
20230414:0011,0.0,0.0,0.0,2.53,0.83,0.0
20230414:0111,0.0,0.0,0.0,2.13,1.1,0.0
20230414:0211,0.0,0.0,0.0,1.69,1.24,0.0
20230414:0311,0.0,0.0,0.0,1.57,1.31,0.0
20230414:0411,0.0,0.0,0.0,1.73,1.31,0.0
20230414:0511,0.0,0.0,0.0,1.87,1.38,0.0
20230414:0611,115.92,45.29,7.1,2.11,1.52,0.0
20230414:0711,1041.3,235.08,15.15,3.47,1.93,0.0
20230414:0811,2287.5,461.11,23.0,4.55,2.62,0.0
20230414:0911,2001.36,400.56,30.18,5.58,2.28,0.0
20230414:1011,1956.72,393.89,36.16,6.63,2.34,0.0
20230414:1111,3317.94,684.63,40.27,7.46,2.41,0.0
20230414:1211,2050.68,417.35,41.93,8.23,2.14,0.0
20230414:1311,2313.0,472.82,40.83,8.97,2.14,0.0
20230414:1411,2566.32,525.88,37.18,9.12,2.14,0.0
20230414:1511,1728.3,352.19,31.54,8.95,2.28,0.0
20230414:1611,2015.76,411.27,24.55,8.55,2.41,0.0
20230414:1711,1010.76,219.94,16.8,7.07,2.28,0.0
20230414:1811,218.94,76.83,8.76,6.5,1.79,0.0
20230414:1911,0.0,0.0,0.0,6.01,0.83,0.0
20230414:2011,0.0,0.0,0.0,4.47,1.17,0.0
20230414:2111,0.0,0.0,0.0,3.06,1.31,0.0
20230414:2211,0.0,0.0,0.0,2.14,1.31,0.0
20230414:2311,0.0,0.0,0.0,1.45,1.31,0.0
20230415:0011,0.0,0.0,0.0,-0.41,1.31,0.0
20230415:0111,0.0,0.0,0.0,-1.41,1.17,0.0
20230415:0211,0.0,0.0,0.0,-1.21,1.17,0.0
20230415:0311,0.0,0.0,0.0,-0.96,1.17,0.0
20230415:0411,0.0,0.0,0.0,-1.03,1.31,0.0
20230415:0511,0.0,0.0,0.0,-0.95,1.45,0.0
20230415:0611,124.38,48.12,7.44,-0.68,1.38,0.0
20230415:0711,1046.4,231.46,15.49,0.19,1.52,0.0
20230415:0811,2356.92,474.14,23.34,1.88,1.38,0.0
20230415:0911,3383.64,694.07,30.53,3.94,1.45,0.0
20230415:1011,4006.14,849.34,36.51,5.71,1.52,0.0
20230415:1111,4379.58,951.35,40.63,8.04,1.93,0.0
20230415:1211,4086.9,873.52,42.29,9.84,2.76,0.0
20230415:1311,4341.96,937.96,41.17,11.12,3.1,0.0
20230415:1411,4027.44,860.18,37.5,11.81,3.17,0.0
20230415:1511,3097.68,644.42,31.83,12.13,3.1,0.0
20230415:1611,1964.34,405.93,24.83,11.96,2.97,0.0
20230415:1711,680.4,153.09,17.07,11.7,2.55,0.0
20230415:1811,136.98,41.33,9.03,10.81,2.21,0.0
20230415:1911,0.0,0.0,0.0,9.76,2.28,0.0
20230415:2011,0.0,0.0,0.0,8.8,2.41,0.0
20230415:2111,0.0,0.0,0.0,8.15,2.48,0.0
20230415:2211,0.0,0.0,0.0,7.8,2.62,0.0
20230415:2311,0.0,0.0,0.0,7.51,2.76,0.0
20230416:0011,0.0,0.0,0.0,7.32,2.9,0.0
20230416:0111,0.0,0.0,0.0,7.23,3.1,0.0
20230416:0211,0.0,0.0,0.0,7.06,3.24,0.0
20230416:0311,0.0,0.0,0.0,6.96,3.31,0.0
20230416:0411,0.0,0.0,0.0,6.84,3.38,0.0
20230416:0511,0.0,0.0,0.0,6.57,3.24,0.0
20230416:0611,18.42,12.05,7.77,6.44,2.97,0.0
20230416:0711,441.96,102.43,15.82,6.71,2.41,0.0
20230416:0811,1473.06,301.13,23.67,7.23,2.41,0.0
20230416:0911,1751.46,354.62,30.88,7.98,2.55,0.0
20230416:1011,2680.02,545.81,36.87,9.26,3.03,0.0
20230416:1111,2584.08,529.3,41.0,10.35,3.03,0.0
20230416:1211,1321.26,275.13,42.64,11.09,2.83,0.0
20230416:1311,2155.26,442.89,41.51,11.62,3.03,0.0
20230416:1411,1447.68,300.11,37.81,11.75,3.1,0.0
20230416:1511,771.66,168.09,32.12,11.93,3.17,0.0
20230416:1611,1408.8,292.85,25.1,11.64,2.9,0.0
20230416:1711,399.3,95.35,17.34,11.52,2.48,0.0
20230416:1811,66.66,25.03,9.29,11.32,2.28,0.0
20230416:1911,0.0,0.0,0.0,11.52,1.66,0.0
20230416:2011,0.0,0.0,0.0,10.77,1.59,0.0
20230416:2111,0.0,0.0,0.0,10.18,1.52,0.0
20230416:2211,0.0,0.0,0.0,9.93,1.38,0.0
20230416:2311,0.0,0.0,0.0,9.49,1.38,0.0
20230417:0011,0.0,0.0,0.0,9.15,1.31,0.0
20230417:0111,0.0,0.0,0.0,8.86,1.24,0.0
20230417:0211,0.0,0.0,0.0,8.66,1.17,0.0
20230417:0311,0.0,0.0,0.0,8.01,1.24,0.0
20230417:0411,0.0,0.0,0.0,7.17,1.31,0.0
20230417:0511,0.0,0.0,0.0,6.96,1.31,0.0
20230417:0611,145.2,53.61,8.1,6.75,1.31,0.0
20230417:0711,970.02,221.72,16.15,8.57,0.9,0.0
20230417:0811,2114.7,446.22,24.01,11.5,0.83,0.0
20230417:0911,2793.84,592.02,31.22,12.82,1.17,0.0
20230417:1011,927.36,201.29,37.22,14.28,1.93,0.0
20230417:1111,1094.04,235.27,41.35,15.09,2.14,0.0
20230417:1211,2227.02,467.29,43.0,15.13,2.62,0.0
20230417:1311,2750.4,579.93,41.85,15.13,2.83,0.0
20230417:1411,1935.9,405.07,38.13,15.31,2.83,0.0
20230417:1511,2179.26,455.82,32.41,15.23,2.62,0.0
20230417:1611,1763.64,371.47,25.38,15.13,2.34,0.0
20230417:1711,1198.86,271.87,17.6,14.69,2.14,0.0
20230417:1811,185.46,53.57,9.56,14.1,2.07,0.0
20230417:1911,0.0,0.0,0.0,13.22,1.72,0.0
20230417:2011,0.0,0.0,0.0,12.28,1.66,0.0
20230417:2111,0.0,0.0,0.0,11.43,1.59,0.0
20230417:2211,0.0,0.0,0.0,10.5,1.59,0.0
20230417:2311,0.0,0.0,0.0,9.79,1.52,0.0
20230418:0011,0.0,0.0,0.0,9.13,1.52,0.0
20230418:0111,0.0,0.0,0.0,8.73,1.52,0.0
20230418:0211,0.0,0.0,0.0,8.51,1.45,0.0
20230418:0311,0.0,0.0,0.0,8.23,1.45,0.0
20230418:0411,0.0,0.0,0.0,7.98,1.38,0.0
20230418:0511,0.0,0.0,0.0,7.51,1.31,0.0
20230418:0611,147.48,43.47,8.43,7.11,1.38,0.0
20230418:0711,602.7,136.74,16.48,8.74,1.17,0.0
20230418:0811,2149.38,448.9,24.34,9.96,1.1,0.0
20230418:0911,2833.74,598.34,31.56,11.26,0.97,0.0
20230418:1011,3742.92,818.09,37.57,12.73,1.45,0.0
20230418:1111,4209.24,933.77,41.71,13.62,2.14,0.0
20230418:1211,4605.36,1038.27,43.35,14.36,2.55,0.0
20230418:1311,4498.98,1006.33,42.19,14.77,2.76,0.0
20230418:1411,4115.28,901.77,38.44,14.95,2.9,0.0
20230418:1511,3430.56,731.25,32.7,14.81,2.97,0.0
20230418:1611,2448.6,514.56,25.65,14.42,2.9,0.0
20230418:1711,1284.12,288.83,17.86,13.71,2.76,0.0
20230418:1811,241.2,84.94,9.82,12.73,2.48,0.0
20230418:1911,0.0,1.75,1.92,11.38,2.07,0.0
20230418:2011,0.0,0.0,0.0,9.54,1.79,0.0
20230418:2111,0.0,0.0,0.0,7.27,1.45,0.0
20230418:2211,0.0,0.0,0.0,5.96,1.31,0.0
20230418:2311,0.0,0.0,0.0,5.03,1.24,0.0
20230419:0011,0.0,0.0,0.0,4.59,1.1,0.0
20230419:0111,0.0,0.0,0.0,4.98,0.97,0.0
20230419:0211,0.0,0.0,0.0,4.57,0.9,0.0
20230419:0311,0.0,0.0,0.0,4.12,0.83,0.0
20230419:0411,0.0,0.0,0.0,3.68,0.9,0.0
20230419:0511,0.0,0.0,0.0,2.66,1.03,0.0
20230419:0611,165.12,61.07,8.75,1.98,1.17,0.0
20230419:0711,1137.0,252.99,16.8,3.67,1.03,0.0
20230419:0811,2390.82,490.89,24.67,6.78,1.66,0.0
20230419:0911,3423.54,711.55,31.89,8.72,2.41,0.0
20230419:1011,4186.02,888.33,37.92,10.21,3.38,0.0
20230419:1111,4694.88,1014.65,42.06,11.32,4.0,0.0
20230419:1211,4841.94,1055.16,43.7,12.12,4.21,0.0
20230419:1311,4722.48,1026.59,42.52,12.64,4.21,0.0
20230419:1411,4213.98,900.31,38.75,12.89,4.07,0.0
20230419:1511,3527.1,738.67,32.99,12.89,3.86,0.0
20230419:1611,2512.26,520.97,25.92,12.63,3.59,0.0
20230419:1711,1336.14,297.32,18.12,12.08,3.24,0.0
20230419:1811,253.26,89.43,10.08,11.21,2.69,0.0
20230419:1911,0.0,2.62,2.18,9.86,2.28,0.0
20230419:2011,0.0,0.0,0.0,8.18,2.07,0.0
20230419:2111,0.0,0.0,0.0,6.78,1.86,0.0
20230419:2211,0.0,0.0,0.0,5.31,1.66,0.0
20230419:2311,0.0,0.0,0.0,3.74,1.52,0.0
20230420:0011,0.0,0.0,0.0,3.22,1.38,0.0
20230420:0111,0.0,0.0,0.0,3.1,1.17,0.0
20230420:0211,0.0,0.0,0.0,3.57,1.03,0.0
20230420:0311,0.0,0.0,0.0,3.76,0.9,0.0
20230420:0411,0.0,0.0,0.0,3.85,0.83,0.0
20230420:0511,0.0,0.0,0.0,3.76,0.76,0.0
20230420:0611,220.08,63.07,9.07,3.49,0.69,0.0
20230420:0711,811.38,177.23,17.12,4.14,1.03,0.0
20230420:0811,1927.38,392.42,24.99,6.27,1.59,0.0
20230420:0911,3144.36,647.21,32.23,7.9,2.21,0.0
20230420:1011,4103.1,872.0,38.26,9.34,2.76,0.0
20230420:1111,4636.44,1007.86,42.41,10.55,3.24,0.0
20230420:1211,4735.32,1034.91,44.04,11.4,3.52,0.0
20230420:1311,4543.44,984.3,42.85,11.98,3.72,0.0
20230420:1411,4132.8,882.22,39.06,12.27,3.66,0.0
20230420:1511,3440.82,719.66,33.27,12.41,3.52,0.0
20230420:1611,2485.98,515.22,26.19,12.32,3.38,0.0
20230420:1711,1330.8,295.53,18.38,11.95,3.17,0.0
20230420:1811,257.52,89.8,10.34,11.12,2.55,0.0
20230420:1911,0.0,2.62,2.45,9.54,2.28,0.0
20230420:2011,0.0,0.0,0.0,7.86,2.0,0.0
20230420:2111,0.0,0.0,0.0,6.43,1.72,0.0
20230420:2211,0.0,0.0,0.0,4.67,1.59,0.0
20230420:2311,0.0,0.0,0.0,3.3,1.52,0.0
20230421:0011,0.0,0.0,0.0,2.81,1.38,0.0
20230421:0111,0.0,0.0,0.0,2.46,1.38,0.0
20230421:0211,0.0,0.0,0.0,2.39,1.24,0.0
20230421:0311,0.0,0.0,0.0,2.53,1.17,0.0
20230421:0411,0.0,0.0,0.0,3.15,1.03,0.0
20230421:0511,0.0,0.0,0.0,3.62,0.9,0.0
20230421:0611,209.4,56.43,9.39,3.64,0.9,0.0
20230421:0711,663.06,145.43,17.43,3.75,0.76,0.0
20230421:0811,1658.94,338.56,25.31,6.45,1.38,0.0
20230421:0911,3419.52,713.54,32.55,8.23,1.93,0.0
20230421:1011,4066.26,870.46,38.6,9.8,2.41,0.0
20230421:1111,4567.92,1001.08,42.75,11.06,2.83,0.0
20230421:1211,4655.7,1026.05,44.38,12.04,3.1,0.0
20230421:1311,4512.54,987.69,43.17,12.71,3.31,0.0
20230421:1411,4123.56,885.66,39.36,13.02,3.52,0.0
20230421:1511,3429.78,718.44,33.55,12.99,3.66,0.0
20230421:1611,2454.3,507.67,26.45,12.53,3.72,0.0
20230421:1711,1319.64,291.64,18.64,11.63,3.59,0.0
20230421:1811,278.64,90.99,10.59,10.43,2.97,0.0
20230421:1911,0.0,3.5,2.71,8.84,2.55,0.0
20230421:2011,0.0,0.0,0.0,7.07,2.21,0.0
20230421:2111,0.0,0.0,0.0,5.7,1.93,0.0
20230421:2211,0.0,0.0,0.0,4.61,1.79,0.0
20230421:2311,0.0,0.0,0.0,3.37,1.59,0.0
20230422:0011,0.0,0.0,0.0,2.16,1.52,0.0
20230422:0111,0.0,0.0,0.0,1.79,1.45,0.0
20230422:0211,0.0,0.0,0.0,1.31,1.52,0.0
20230422:0311,0.0,0.0,0.0,0.7,1.66,0.0
20230422:0411,0.0,0.0,0.0,0.22,1.72,0.0
20230422:0511,0.0,0.87,1.88,-0.08,1.79,0.0
20230422:0611,74.64,25.96,9.7,0.81,1.72,0.0
20230422:0711,284.04,69.53,17.74,3.02,2.62,0.0
20230422:0811,388.08,89.93,25.62,3.86,3.03,0.0
20230422:0911,429.66,98.27,32.88,4.9,3.38,0.0
20230422:1011,413.46,95.49,38.93,5.83,3.66,0.0
20230422:1111,580.86,127.94,43.1,6.77,4.0,0.0
20230422:1211,1001.1,208.6,44.72,7.69,4.28,0.0
20230422:1311,1359.24,277.45,43.5,8.31,4.69,0.0
20230422:1411,1297.14,265.45,39.66,8.5,4.83,0.0
20230422:1511,1797.12,361.44,33.83,8.56,4.69,0.0
20230422:1611,721.92,155.62,26.71,8.31,4.48,0.0
20230422:1711,787.62,170.67,18.89,7.78,4.21,0.0
20230422:1811,282.48,73.78,10.85,7.13,3.86,0.0
20230422:1911,3.36,7.0,2.97,5.86,3.52,0.0
20230422:2011,0.0,0.0,0.0,5.16,2.83,0.0
20230422:2111,0.0,0.0,0.0,4.8,2.41,0.0
20230422:2211,0.0,0.0,0.0,4.67,2.21,0.0
20230422:2311,0.0,0.0,0.0,4.39,2.07,0.0
20230423:0011,0.0,0.0,0.0,4.4,2.28,0.0
20230423:0111,0.0,0.0,0.0,4.2,2.07,0.0
20230423:0211,0.0,0.0,0.0,4.32,2.14,0.0
20230423:0311,0.0,0.0,0.0,4.26,2.0,0.0
20230423:0411,0.0,0.0,0.0,4.28,2.21,0.0
20230423:0511,0.0,0.87,2.19,4.08,2.0,0.0
20230423:0611,28.56,14.83,10.01,4.1,2.28,0.0
20230423:0711,397.02,91.9,18.05,4.49,4.0,0.0
20230423:0811,314.64,76.02,25.93,4.98,3.72,0.0
20230423:0911,380.7,89.0,33.2,5.39,3.59,0.0
20230423:1011,428.46,98.27,39.26,5.57,3.72,0.0
20230423:1111,462.6,104.76,43.43,5.53,4.0,0.0
20230423:1211,647.52,139.99,45.06,5.57,3.72,0.0
20230423:1311,1100.94,225.63,43.82,5.7,4.28,0.0
20230423:1411,839.7,176.15,39.96,5.66,4.55,0.0
20230423:1511,789.24,166.48,34.11,5.51,4.55,0.0
20230423:1611,497.88,111.25,26.97,5.07,4.34,0.0
20230423:1711,358.98,84.37,19.15,4.32,4.62,0.0
20230423:1811,32.1,15.76,11.1,3.53,4.62,0.0
20230423:1911,0.0,2.62,3.23,3.02,4.14,0.0
20230423:2011,0.0,0.0,0.0,2.42,3.72,0.0
20230423:2111,0.0,0.0,0.0,1.91,3.66,0.0
20230423:2211,0.0,0.0,0.0,1.71,3.52,0.0
20230423:2311,0.0,0.0,0.0,1.36,3.17,0.0
20230424:0011,0.0,0.0,0.0,1.22,3.03,0.0
20230424:0111,0.0,0.0,0.0,1.1,2.9,0.0
20230424:0211,0.0,0.0,0.0,0.86,2.83,0.0
20230424:0311,0.0,0.0,0.0,0.94,2.83,0.0
20230424:0411,0.0,0.0,0.0,0.88,2.9,0.0
20230424:0511,0.0,1.75,2.5,0.67,2.62,0.0
20230424:0611,170.46,46.69,10.31,0.92,2.55,0.0
20230424:0711,329.28,77.88,18.35,1.63,3.17,0.0
20230424:0811,508.74,112.18,26.24,2.28,3.31,0.0
20230424:0911,1472.16,292.8,33.51,3.03,3.38,0.0
20230424:1011,1886.34,373.4,39.59,3.96,3.59,0.0
20230424:1111,1076.64,220.35,43.77,4.58,3.66,0.0
20230424:1211,1074.84,220.35,45.39,5.07,3.86,0.0
20230424:1311,1725.36,344.18,44.13,5.17,4.0,0.0
20230424:1411,3341.1,668.96,40.25,4.82,4.0,0.0
20230424:1511,824.82,172.96,34.38,4.93,3.93,0.0
20230424:1611,730.86,155.12,27.23,4.73,3.93,0.0
20230424:1711,951.18,200.76,19.4,4.21,3.79,0.0
20230424:1811,340.98,94.18,11.35,3.6,3.45,0.0
20230424:1911,0.0,3.5,3.49,2.84,2.62,0.0
20230424:2011,0.0,0.0,0.0,2.16,2.14,0.0
20230424:2111,0.0,0.0,0.0,1.44,2.0,0.0
20230424:2211,0.0,0.0,0.0,1.01,1.79,0.0
20230424:2311,0.0,0.0,0.0,0.17,1.66,0.0
20230425:0011,0.0,0.0,0.0,-0.9,1.59,0.0
20230425:0111,0.0,0.0,0.0,-1.67,1.52,0.0
20230425:0211,0.0,0.0,0.0,-1.67,1.45,0.0
20230425:0311,0.0,0.0,0.0,-1.83,1.45,0.0
20230425:0411,0.0,0.0,0.0,-2.15,1.45,0.0
20230425:0511,0.0,1.75,2.8,-2.33,1.52,0.0
20230425:0611,290.1,73.48,10.61,-1.44,1.38,0.0
20230425:0711,747.6,158.78,18.65,0.55,2.14,0.0
20230425:0811,1166.22,234.97,26.54,1.55,2.34,0.0
20230425:0911,1931.04,381.05,33.82,2.4,2.48,0.0
20230425:1011,2735.46,544.66,39.91,3.28,2.55,0.0
20230425:1111,1989.48,396.21,44.1,4.13,2.69,0.0
20230425:1211,1852.08,370.47,45.72,4.91,2.83,0.0
20230425:1311,1848.06,370.34,44.45,5.12,2.62,0.0
20230425:1411,1381.92,280.01,40.54,5.36,2.55,0.0
20230425:1511,1618.86,325.48,34.65,5.63,2.62,0.0
20230425:1611,1345.62,272.8,27.49,5.36,2.69,0.0
20230425:1711,653.88,142.03,19.65,4.82,2.69,0.0
20230425:1811,213.66,56.1,11.6,4.12,2.34,0.0
20230425:1911,0.0,4.37,3.74,3.41,1.86,0.0
20230425:2011,0.0,0.0,0.0,2.37,1.52,0.0
20230425:2111,0.0,0.0,0.0,0.84,1.17,0.0
20230425:2211,0.0,0.0,0.0,1.29,0.83,0.0
20230425:2311,0.0,0.0,0.0,1.4,0.48,0.0
20230426:0011,0.0,0.0,0.0,1.01,0.34,0.0
20230426:0111,0.0,0.0,0.0,0.7,0.28,0.0
20230426:0211,0.0,0.0,0.0,0.34,0.28,0.0
20230426:0311,0.0,0.0,0.0,0.0,0.34,0.0
20230426:0411,0.0,0.0,0.0,-0.3,0.34,0.0
20230426:0511,0.0,1.75,3.1,-0.75,0.34,0.0
20230426:0611,307.68,80.03,10.9,-0.71,0.28,0.0
20230426:0711,1153.14,246.35,18.95,0.62,0.21,0.0
20230426:0811,2495.7,504.91,26.84,1.97,0.76,0.0
20230426:0911,3464.76,713.26,34.13,2.98,1.1,0.0
20230426:1011,3989.46,849.51,40.23,4.05,0.9,0.0
20230426:1111,4003.32,859.77,44.42,4.91,0.9,0.0
20230426:1211,4156.08,902.55,46.04,5.61,0.97,0.0
20230426:1311,4377.72,963.5,44.76,6.06,0.97,0.0
20230426:1411,4026.9,864.46,40.83,6.16,1.17,0.0
20230426:1511,3421.8,714.15,34.92,6.21,1.24,0.0
20230426:1611,1333.62,272.75,27.74,6.19,1.66,0.0
20230426:1711,668.94,145.74,19.89,5.87,2.14,0.0
20230426:1811,309.12,77.28,11.85,5.03,2.62,0.0
20230426:1911,5.76,7.87,4.0,3.96,2.69,0.0
20230426:2011,0.0,0.0,0.0,3.03,2.21,0.0
20230426:2111,0.0,0.0,0.0,2.2,2.07,0.0
20230426:2211,0.0,0.0,0.0,1.72,1.86,0.0
20230426:2311,0.0,0.0,0.0,1.25,1.72,0.0
20230427:0011,0.0,0.0,0.0,1.06,1.66,0.0
20230427:0111,0.0,0.0,0.0,1.11,1.45,0.0
20230427:0211,0.0,0.0,0.0,0.94,1.31,0.0
20230427:0311,0.0,0.0,0.0,0.76,1.24,0.0
20230427:0411,0.0,0.0,0.0,0.68,1.17,0.0
20230427:0511,0.0,2.62,3.4,0.66,1.03,0.0
20230427:0611,62.4,23.18,11.19,1.5,0.9,0.0
20230427:0711,232.38,59.33,19.24,2.59,0.69,0.0
20230427:0811,464.76,104.76,27.14,3.54,1.1,0.0
20230427:0911,912.72,190.61,34.43,4.9,1.59,0.0
20230427:1011,668.46,144.63,40.54,6.02,2.28,0.0
20230427:1111,672.9,145.56,44.74,6.23,2.41,0.0
20230427:1211,755.34,161.32,46.36,6.31,2.48,0.0
20230427:1311,1034.7,214.75,45.07,6.45,2.62,0.0
20230427:1411,831.54,176.15,41.12,6.56,2.28,0.0
20230427:1511,758.1,162.24,35.19,6.77,2.28,0.0
20230427:1611,344.4,82.51,27.99,6.58,1.79,0.0
20230427:1711,373.14,88.08,20.14,6.38,1.79,0.0
20230427:1811,121.98,37.08,12.09,6.19,1.52,0.0
20230427:1911,0.0,4.37,4.25,6.16,0.97,0.0
20230427:2011,0.0,0.0,0.0,5.71,1.1,0.0
20230427:2111,0.0,0.0,0.0,5.29,1.1,0.0
20230427:2211,0.0,0.0,0.0,5.06,0.97,0.0
20230427:2311,0.0,0.0,0.0,4.93,0.83,0.0
20230428:0011,0.0,0.0,0.0,4.92,0.83,0.0
20230428:0111,0.0,0.0,0.0,4.9,0.76,0.0
20230428:0211,0.0,0.0,0.0,4.9,0.76,0.0
20230428:0311,0.0,0.0,0.0,4.89,0.83,0.0
20230428:0411,0.0,0.0,0.0,4.89,0.83,0.0
20230428:0511,5.7,7.87,3.69,4.95,0.9,0.0
20230428:0611,264.66,67.82,11.48,5.18,0.9,0.0
20230428:0711,1123.44,245.09,19.52,6.17,0.69,0.0
20230428:0811,2222.4,458.85,27.43,7.17,0.69,0.0
20230428:0911,1475.4,304.24,34.73,8.33,0.9,0.0
20230428:1011,1298.1,269.94,40.85,9.3,1.45,0.0
20230428:1111,1281.96,268.19,45.06,10.39,1.52,0.0
20230428:1211,870.78,187.28,46.68,10.81,1.93,0.0
20230428:1311,548.88,124.23,45.37,10.81,2.28,0.0
20230428:1411,356.04,86.22,41.4,10.98,2.69,0.0
20230428:1511,488.16,112.18,35.45,10.64,2.69,0.0
20230428:1611,329.76,80.66,28.24,10.09,3.03,0.0
20230428:1711,211.98,56.55,20.38,9.15,3.31,0.0
20230428:1811,91.86,30.59,12.33,7.97,3.24,0.0
20230428:1911,0.0,5.25,4.5,7.1,2.69,0.0
20230428:2011,0.0,0.0,0.0,6.29,2.69,0.0
20230428:2111,0.0,0.0,0.0,5.55,2.41,0.0
20230428:2211,0.0,0.0,0.0,5.0,2.34,0.0
20230428:2311,0.0,0.0,0.0,4.43,2.21,0.0
20230429:0011,0.0,0.0,0.0,3.97,2.21,0.0
20230429:0111,0.0,0.0,0.0,3.74,2.28,0.0
20230429:0211,0.0,0.0,0.0,3.33,2.34,0.0
20230429:0311,0.0,0.0,0.0,2.93,2.14,0.0
20230429:0411,0.0,0.0,0.0,2.63,2.14,0.0
20230429:0511,0.0,3.5,3.98,2.31,1.93,0.0
20230429:0611,192.18,51.35,11.76,2.26,2.0,0.0
20230429:0711,468.0,104.89,19.8,2.47,2.34,0.0
20230429:0811,594.66,128.87,27.71,2.95,2.34,0.0
20230429:0911,934.74,193.34,35.02,3.64,2.28,0.0
20230429:1011,683.7,146.48,41.15,4.33,2.28,0.0
20230429:1111,929.88,193.77,45.38,5.01,2.14,0.0
20230429:1211,998.28,207.67,46.99,5.73,1.86,0.0
20230429:1311,1122.24,232.02,45.67,6.11,1.66,0.0
20230429:1411,718.02,154.83,41.68,6.73,1.52,0.0
20230429:1511,922.14,194.29,35.71,6.86,1.24,0.0
20230429:1611,709.56,153.68,28.49,7.23,1.1,0.0
20230429:1711,347.4,83.44,20.62,7.4,1.24,0.0
20230429:1811,313.56,78.6,12.57,7.31,1.38,0.0
20230429:1911,7.98,8.74,4.75,7.45,1.45,0.0
20230429:2011,0.0,0.0,0.0,6.44,1.66,0.0
20230429:2111,0.0,0.0,0.0,5.73,1.38,0.0
20230429:2211,0.0,0.0,0.0,5.34,1.03,0.0
20230429:2311,0.0,0.0,0.0,4.79,0.97,0.0
20230430:0011,0.0,0.0,0.0,4.49,0.97,0.0
20230430:0111,0.0,0.0,0.0,4.39,0.97,0.0
20230430:0211,0.0,0.0,0.0,4.28,0.97,0.0
20230430:0311,0.0,0.0,0.0,4.53,0.97,0.0
20230430:0411,0.0,0.0,0.0,4.7,1.1,0.0
20230430:0511,0.0,2.62,4.26,4.78,1.03,0.0
20230430:0611,183.96,50.06,12.04,5.31,1.03,0.0
20230430:0711,205.86,54.7,20.08,5.99,1.17,0.0
20230430:0811,514.5,115.89,27.99,7.0,1.17,0.0
20230430:0911,956.82,202.14,35.31,8.18,1.24,0.0
20230430:1011,905.64,193.36,41.45,9.69,1.52,0.0
20230430:1111,1132.38,238.15,45.68,10.22,1.79,0.0
20230430:1211,1445.34,300.09,47.3,11.1,2.69,0.0
20230430:1311,850.62,183.57,45.96,11.56,2.62,0.0
20230430:1411,888.48,190.98,41.96,11.68,2.83,0.0
20230430:1511,561.24,127.01,35.97,11.79,3.03,0.0
20230430:1611,1618.14,334.25,28.73,11.59,3.17,0.0
20230430:1711,959.58,208.7,20.86,11.01,2.76,0.0
20230430:1811,220.26,58.86,12.81,10.69,2.83,0.0
20230430:1911,0.0,5.25,4.99,10.3,2.41,0.0
20230430:2011,0.0,0.0,0.0,9.63,2.34,0.0
20230430:2111,0.0,0.0,0.0,9.27,2.41,0.0
20230430:2211,0.0,0.0,0.0,9.13,2.62,0.0
20230430:2311,0.0,0.0,0.0,8.89,2.69,0.0
20230501:0011,0.0,0.0,0.0,8.67,2.69,0.0
20230501:0111,0.0,0.0,0.0,8.54,2.83,0.0
20230501:0211,0.0,0.0,0.0,8.52,2.83,0.0
20230501:0311,0.0,0.0,0.0,8.49,2.76,0.0
20230501:0411,0.0,0.0,0.0,8.55,2.9,0.0
20230501:0511,1.14,6.12,4.53,8.16,2.83,0.0
20230501:0611,156.06,44.5,12.31,7.08,3.03,0.0
20230501:0711,373.5,88.08,20.35,6.63,3.31,0.0
20230501:0811,607.5,132.58,28.26,5.75,3.38,0.0
20230501:0911,1083.48,222.58,35.59,5.57,3.24,0.0
20230501:1011,539.22,119.6,41.75,5.69,3.17,0.0
20230501:1111,1203.3,246.49,45.99,6.2,3.1,0.0
20230501:1211,1583.22,320.19,47.6,6.36,2.97,0.0
20230501:1311,906.66,190.06,46.26,6.32,2.83,0.0
20230501:1411,1592.82,321.59,42.23,6.12,2.76,0.0
20230501:1511,1956.9,392.06,36.22,5.98,2.76,0.0
20230501:1611,1293.36,263.4,28.98,5.87,2.69,0.0
20230501:1711,544.2,120.87,21.09,5.59,2.62,0.0
20230501:1811,279.36,69.93,13.05,5.26,2.41,0.0
20230501:1911,3.36,7.0,5.23,5.2,2.0,0.0
20230501:2011,0.0,0.0,0.0,4.78,1.72,0.0
20230501:2111,0.0,0.0,0.0,4.37,1.59,0.0
20230501:2211,0.0,0.0,0.0,3.74,1.38,0.0
20230501:2311,0.0,0.0,0.0,2.92,0.97,0.0
20230502:0011,0.0,0.0,0.0,3.43,0.55,0.0
20230502:0111,0.0,0.0,0.0,3.05,0.14,0.0
20230502:0211,0.0,0.0,0.0,2.61,0.07,0.0
20230502:0311,0.0,0.0,0.0,2.28,0.21,0.0
20230502:0411,0.0,0.0,0.0,2.09,0.34,0.0
20230502:0511,0.0,3.5,4.81,2.02,0.41,0.0
20230502:0611,177.6,48.21,12.58,2.24,0.28,0.0
20230502:0711,0.0,0.0,0.0,3.49,0.83,0.0
20230502:0811,1401.36,284.93,28.53,4.58,1.1,0.0
20230502:0911,1725.42,349.26,35.87,5.41,1.1,0.0
20230502:1011,2216.46,451.36,42.04,6.46,1.17,0.0
20230502:1111,4234.14,932.84,46.29,7.51,0.97,0.0
20230502:1211,4030.32,886.69,47.91,8.55,0.9,0.0
20230502:1311,4007.1,880.0,46.55,9.42,1.1,0.0
20230502:1411,3367.86,722.85,42.5,10.04,0.9,0.0
20230502:1511,2837.46,602.48,36.47,10.43,0.41,0.0
20230502:1611,2099.1,439.91,29.21,10.41,0.41,0.0
20230502:1711,1347.66,294.78,21.33,10.04,1.1,0.0
20230502:1811,367.14,91.22,13.28,9.41,1.38,0.0
20230502:1911,21.66,13.12,5.47,8.81,1.45,0.0
20230502:2011,0.0,0.0,0.0,7.85,1.45,0.0
20230502:2111,0.0,0.0,0.0,6.71,1.24,0.0
20230502:2211,0.0,0.0,0.0,5.7,1.1,0.0
20230502:2311,0.0,0.0,0.0,4.71,0.97,0.0
20230503:0011,0.0,0.0,0.0,5.18,0.34,0.0
20230503:0111,0.0,0.0,0.0,4.78,0.07,0.0
20230503:0211,0.0,0.0,0.0,4.48,0.07,0.0
20230503:0311,0.0,0.0,0.0,4.34,0.41,0.0
20230503:0411,0.0,0.0,0.0,4.22,0.48,0.0
20230503:0511,5.76,7.87,5.07,4.2,0.55,0.0
20230503:0611,221.58,57.85,12.84,4.54,0.48,0.0
20230503:0711,757.32,164.32,20.88,6.14,0.62,0.0
20230503:0811,1550.22,320.54,28.8,7.99,0.48,0.0
20230503:0911,2404.92,501.3,36.15,9.76,0.62,0.0
20230503:1011,2340.0,489.56,42.32,11.06,0.9,0.0
20230503:1111,1888.44,395.81,46.58,12.27,1.03,0.0
20230503:1211,1866.66,392.68,48.2,12.92,1.03,0.0
20230503:1311,1322.82,280.57,46.83,13.0,0.97,0.0
20230503:1411,917.76,198.91,42.77,12.86,0.97,0.0
20230503:1511,820.68,179.37,36.72,12.14,0.41,0.0
20230503:1611,609.3,137.21,29.45,11.85,0.55,0.0
20230503:1711,521.28,119.8,21.56,11.54,0.62,0.0
20230503:1811,127.08,38.94,13.51,11.18,0.83,0.0
20230503:1911,5.34,7.87,5.71,10.77,1.24,0.0
20230503:2011,0.0,0.0,0.0,9.89,1.24,0.0
20230503:2111,0.0,0.0,0.0,9.0,0.97,0.0
20230503:2211,0.0,0.0,0.0,8.41,0.76,0.0
20230503:2311,0.0,0.0,0.0,8.09,0.62,0.0
20230504:0011,0.0,0.0,0.0,7.8,0.55,0.0
20230504:0111,0.0,0.0,0.0,7.6,0.48,0.0
20230504:0211,0.0,0.0,0.0,7.36,0.48,0.0
20230504:0311,0.0,0.0,0.0,6.47,0.83,0.0
20230504:0411,0.0,0.0,0.0,6.07,1.03,0.0
20230504:0511,10.74,9.62,5.34,5.48,1.17,0.0
20230504:0611,358.32,88.56,13.1,6.37,1.24,0.0
20230504:0711,706.38,154.58,21.13,7.92,1.79,0.0
20230504:0811,1370.16,281.05,29.06,8.38,3.1,0.0
20230504:0911,1911.42,386.68,36.41,9.0,3.66,0.0
20230504:1011,2892.66,589.2,42.6,9.65,3.93,0.0
20230504:1111,4504.5,958.45,46.87,10.57,4.28,0.0
20230504:1211,4656.12,995.12,48.49,11.1,4.62,0.0
20230504:1311,4147.26,870.63,47.11,11.13,4.76,0.0
20230504:1411,4189.26,877.16,43.03,10.85,4.69,0.0
20230504:1511,3576.48,735.62,36.97,10.59,4.55,0.0
20230504:1611,1957.98,398.02,29.68,10.01,4.21,0.0
20230504:1711,898.08,193.01,21.78,9.34,4.0,0.0
20230504:1811,345.66,84.98,13.74,8.49,3.93,0.0
20230504:1911,21.9,13.12,5.95,7.56,3.31,0.0
20230504:2011,0.0,0.0,0.0,6.49,3.31,0.0
20230504:2111,0.0,0.0,0.0,5.68,3.24,0.0
20230504:2211,0.0,0.0,0.0,5.17,3.17,0.0
20230504:2311,0.0,0.0,0.0,4.95,2.83,0.0
20230505:0011,0.0,0.0,0.0,4.83,2.48,0.0
20230505:0111,0.0,0.0,0.0,4.71,2.28,0.0
20230505:0211,0.0,0.0,0.0,4.49,2.28,0.0
20230505:0311,0.0,0.0,0.0,4.68,2.34,0.0
20230505:0411,0.0,0.0,0.0,4.86,2.41,0.0
20230505:0511,25.32,13.99,5.59,5.15,2.55,0.0
20230505:0611,331.74,81.26,13.35,5.77,2.14,0.0
20230505:0711,789.3,169.61,21.38,6.74,3.52,0.0
20230505:0811,1605.18,324.82,29.31,7.79,4.21,0.0
20230505:0911,754.32,162.24,36.68,8.88,4.55,0.0
20230505:1011,784.68,168.73,42.88,9.82,4.55,0.0
20230505:1111,1828.68,372.97,47.16,10.83,4.62,0.0
20230505:1211,1879.38,384.33,48.78,11.33,4.48,0.0
20230505:1311,1848.48,378.91,47.39,11.65,4.28,0.0
20230505:1411,694.8,152.97,43.29,11.94,3.93,0.0
20230505:1511,2056.08,421.9,37.21,12.03,3.52,0.0
20230505:1611,2230.08,461.18,29.92,12.13,3.03,0.0
20230505:1711,1340.1,293.29,22.01,12.3,2.62,0.0
20230505:1811,381.6,116.53,13.97,12.18,2.07,0.0
20230505:1911,82.74,28.86,6.18,11.22,2.34,0.0
20230505:2011,0.0,0.0,0.0,9.91,1.86,0.0
20230505:2111,0.0,0.0,0.0,8.89,1.38,0.0
20230505:2211,0.0,0.0,0.0,7.77,1.1,0.0
20230505:2311,0.0,0.0,0.0,7.0,0.97,0.0
20230506:0011,0.0,0.0,0.0,6.74,0.83,0.0
20230506:0111,0.0,0.0,0.0,6.16,0.83,0.0
20230506:0211,0.0,0.0,0.0,5.96,0.83,0.0
20230506:0311,0.0,0.0,0.0,5.86,0.76,0.0
20230506:0411,0.0,0.0,0.0,5.75,0.83,0.0
20230506:0511,77.46,27.11,5.84,5.96,0.83,0.0
20230506:0611,404.16,103.71,13.59,6.89,1.31,0.0
20230506:0711,1012.5,218.03,21.63,7.87,1.17,0.0
20230506:0811,1074.84,226.74,29.56,9.86,1.31,0.0
20230506:0911,1752.0,362.15,36.94,11.57,2.28,0.0
20230506:1011,552.06,126.09,43.15,13.25,2.55,0.0
20230506:1111,2518.14,530.63,47.44,14.23,2.21,0.0
20230506:1211,2066.58,435.1,49.06,15.09,2.34,0.0
20230506:1311,899.4,196.55,47.66,15.57,2.69,0.0
20230506:1411,2090.52,439.1,43.55,15.84,2.97,0.0
20230506:1511,2441.1,512.35,37.45,15.6,2.97,0.0
20230506:1611,1075.92,230.78,30.14,14.91,2.83,0.0
20230506:1711,241.38,63.97,22.23,14.52,2.34,0.0
20230506:1811,239.1,63.48,14.19,13.56,2.0,0.0
20230506:1911,10.08,9.62,6.41,12.71,2.34,0.0
20230506:2011,0.0,0.0,0.0,11.94,1.79,0.0
20230506:2111,0.0,0.0,0.0,11.17,1.59,0.0
20230506:2211,0.0,0.0,0.0,10.3,1.45,0.0
20230506:2311,0.0,0.0,0.0,9.11,1.17,0.0
20230507:0011,0.0,0.0,0.0,8.92,0.97,0.0
20230507:0111,0.0,0.0,0.0,8.9,0.9,0.0
20230507:0211,0.0,0.0,0.0,8.79,0.9,0.0
20230507:0311,0.0,0.0,0.0,8.36,1.03,0.0
20230507:0411,0.0,0.0,0.0,8.18,1.03,0.0
20230507:0511,87.78,29.73,6.09,8.32,0.97,0.0
20230507:0611,405.42,108.14,13.84,9.49,0.9,0.0
20230507:0711,1039.38,226.1,21.87,10.44,1.45,0.0
20230507:0811,1815.84,375.89,29.81,11.46,2.41,0.0
20230507:0911,3081.42,642.48,37.19,12.49,3.1,0.0
20230507:1011,3641.46,777.21,43.41,13.34,2.97,0.0
20230507:1111,2435.46,508.93,47.71,14.2,3.03,0.0
20230507:1211,608.1,138.14,49.34,15.14,3.03,0.0
20230507:1311,462.78,109.4,47.93,15.62,3.03,0.0
20230507:1411,773.28,171.51,43.8,15.97,3.1,0.0
20230507:1511,1931.52,405.39,37.69,16.29,3.24,0.0
20230507:1611,1079.16,232.46,30.37,16.19,3.24,0.0
20230507:1711,1276.44,282.35,22.45,15.79,3.1,0.0
20230507:1811,436.14,114.97,14.41,15.2,2.69,0.0
20230507:1911,66.72,25.36,6.64,14.68,2.62,0.0
20230507:2011,0.0,0.0,0.0,13.3,2.62,0.0
20230507:2111,0.0,0.0,0.0,12.24,2.69,0.0
20230507:2211,0.0,0.0,0.0,11.73,2.76,0.0
20230507:2311,0.0,0.0,0.0,11.37,2.76,0.0
20230508:0011,0.0,0.0,0.0,11.26,3.03,0.0
20230508:0111,0.0,0.0,0.0,10.96,3.03,0.0
20230508:0211,0.0,0.0,0.0,10.53,2.97,0.0
20230508:0311,0.0,0.0,0.0,10.09,3.1,0.0
20230508:0411,0.0,0.0,0.0,9.89,3.03,0.0
20230508:0511,0.0,5.25,6.33,9.89,3.52,0.0
20230508:0611,145.14,42.65,14.07,10.08,3.72,0.0
20230508:0711,672.42,148.49,22.1,10.49,3.86,0.0
20230508:0811,800.64,172.88,30.05,10.9,3.52,0.0
20230508:0911,615.24,137.21,37.43,11.58,4.14,0.0
20230508:1011,746.94,163.17,43.67,11.95,3.79,0.0
20230508:1111,1088.76,230.44,47.99,12.25,3.45,0.0
20230508:1211,1041.48,221.58,49.61,12.56,3.31,0.0
20230508:1311,898.26,193.77,48.2,13.13,3.59,0.0
20230508:1411,1712.58,355.08,44.05,13.27,3.66,0.0
20230508:1511,1796.04,371.41,37.92,13.18,3.52,0.0
20230508:1611,1864.86,386.81,30.59,13.6,3.66,0.0
20230508:1711,989.04,215.8,22.67,13.23,2.83,0.0
20230508:1811,442.02,112.33,14.63,12.99,2.62,0.0
20230508:1911,0.0,5.25,6.86,13.29,2.28,0.0
20230508:2011,0.0,0.0,0.0,12.3,2.07,0.0
20230508:2111,0.0,0.0,0.0,11.41,1.86,0.0
20230508:2211,0.0,0.0,0.0,10.87,1.66,0.0
20230508:2311,0.0,0.0,0.0,10.43,1.66,0.0
20230509:0011,0.0,0.0,0.0,10.33,1.59,0.0
20230509:0111,0.0,0.0,0.0,10.33,1.59,0.0
20230509:0211,0.0,0.0,0.0,10.32,1.59,0.0
20230509:0311,0.0,0.0,0.0,10.2,1.66,0.0
20230509:0411,0.0,0.0,0.0,10.05,1.72,0.0
20230509:0511,94.68,31.48,6.57,9.86,1.79,0.0
20230509:0611,375.12,112.97,14.3,9.83,1.86,0.0
20230509:0711,1432.08,314.74,22.33,9.88,2.07,0.0
20230509:0811,2218.74,456.84,30.28,10.23,2.48,0.0
20230509:0911,1833.48,376.89,37.68,10.94,2.62,0.0
20230509:1011,1606.14,333.57,43.92,12.1,2.62,0.0
20230509:1111,1747.8,364.42,48.25,13.28,2.69,0.0
20230509:1211,3514.56,752.53,49.88,13.51,2.76,0.0
20230509:1311,2472.54,517.38,48.46,13.74,2.69,0.0
20230509:1411,1668.9,348.47,44.29,13.77,2.9,0.0
20230509:1511,3316.8,702.57,38.15,13.8,2.83,0.0
20230509:1611,2120.88,444.51,30.81,14.02,2.34,0.0
20230509:1711,1202.76,263.38,22.89,13.51,1.72,0.0
20230509:1811,427.8,124.62,14.85,13.12,1.24,0.0
20230509:1911,15.42,11.37,7.08,12.49,0.28,0.0
20230509:2011,0.0,0.0,0.0,11.89,0.34,0.0
20230509:2111,0.0,0.0,0.0,11.24,0.34,0.0
20230509:2211,0.0,0.0,0.0,10.79,0.28,0.0
20230509:2311,0.0,0.0,0.0,10.14,0.48,0.0
20230510:0011,0.0,0.0,0.0,9.59,0.62,0.0
20230510:0111,0.0,0.0,0.0,9.03,0.69,0.0
20230510:0211,0.0,0.0,0.0,8.47,0.69,0.0
20230510:0311,0.0,0.0,0.0,7.96,0.69,0.0
20230510:0411,0.0,0.0,0.0,7.53,0.76,0.0
20230510:0511,1.2,6.12,6.8,7.0,0.83,0.0
20230510:0611,273.72,68.98,14.53,7.18,0.62,0.0
20230510:0711,848.28,184.67,22.56,9.56,0.69,0.0
20230510:0811,1845.06,383.29,30.51,10.96,1.52,0.0
20230510:0911,1024.26,218.04,37.91,12.1,2.55,0.0
20230510:1011,1236.78,261.17,44.17,12.87,2.41,0.0
20230510:1111,2256.66,472.53,48.51,13.54,2.21,0.0
20230510:1211,1478.82,311.68,50.15,13.81,2.14,0.0
20230510:1311,792.42,174.3,48.71,14.2,2.34,0.0
20230510:1411,415.38,99.2,44.53,13.91,2.62,0.0
20230510:1511,447.9,105.69,38.38,13.72,2.21,0.0
20230510:1611,189.96,52.85,31.03,13.09,1.72,0.0
20230510:1711,740.34,163.59,23.1,12.15,1.93,0.0
20230510:1811,473.52,122.94,15.06,11.57,1.17,0.0
20230510:1911,105.42,34.1,7.3,11.32,1.38,0.0
20230510:2011,0.0,0.0,0.0,10.67,1.31,0.0
20230510:2111,0.0,0.0,0.0,9.16,1.45,0.0
20230510:2211,0.0,0.0,0.0,8.01,1.38,0.0
20230510:2311,0.0,0.0,0.0,7.65,1.24,0.0
20230511:0011,0.0,0.0,0.0,7.72,1.03,0.0
20230511:0111,0.0,0.0,0.0,7.71,0.97,0.0
20230511:0211,0.0,0.0,0.0,7.94,0.83,0.0
20230511:0311,0.0,0.0,0.0,7.68,0.55,0.0
20230511:0411,0.0,0.0,0.0,7.46,0.28,0.0
20230511:0511,127.56,38.48,7.03,7.17,0.14,0.0
20230511:0611,451.74,110.15,14.75,7.72,0.34,0.0
20230511:0711,890.34,191.93,22.78,8.85,1.72,0.0
20230511:0811,1070.16,224.59,30.73,9.32,2.14,0.0
20230511:0911,1027.5,216.68,38.14,10.0,2.55,0.0
20230511:1011,631.26,139.99,44.41,10.52,2.9,0.0
20230511:1111,894.12,190.98,48.76,10.56,3.17,0.0
20230511:1211,942.42,200.25,50.41,10.58,3.45,0.0
20230511:1311,836.76,179.86,48.96,10.88,3.72,0.0
20230511:1411,693.66,152.05,44.77,10.86,3.93,0.0
20230511:1511,555.12,125.16,38.6,10.82,3.79,0.0
20230511:1611,527.34,119.6,31.24,10.42,3.45,0.0
20230511:1711,311.4,76.95,23.31,9.95,2.9,0.0
20230511:1811,67.38,25.03,15.27,9.44,2.41,0.0
20230511:1911,1.08,6.12,7.52,9.2,2.34,0.0
20230511:2011,0.0,0.0,0.0,8.57,2.07,0.0
20230511:2111,0.0,0.0,0.0,8.03,1.93,0.0
20230511:2211,0.0,0.0,0.0,7.68,1.72,0.0
20230511:2311,0.0,0.0,0.0,7.43,1.59,0.0
20230512:0011,0.0,0.0,0.0,7.22,1.45,0.0
20230512:0111,0.0,0.0,0.0,6.95,1.31,0.0
20230512:0211,0.0,0.0,0.0,6.5,1.31,0.0
20230512:0311,0.0,0.0,0.0,6.33,1.1,0.0
20230512:0411,0.0,0.0,0.0,6.1,0.97,0.0
20230512:0511,25.14,13.99,7.24,6.01,1.03,0.0
20230512:0611,400.02,95.35,14.96,6.09,0.97,0.0
20230512:0711,801.9,173.25,22.99,7.5,0.76,0.0
20230512:0811,1085.82,228.72,30.94,8.55,0.28,0.0
20230512:0911,1196.94,252.4,38.37,10.04,0.28,0.0
20230512:1011,1043.52,223.43,44.65,11.4,0.21,0.0
20230512:1111,2811.42,608.2,49.01,12.64,0.21,0.0
20230512:1211,4247.46,1005.02,50.66,13.83,0.07,0.0
20230512:1311,4259.1,1017.23,49.21,14.79,0.0,0.0
20230512:1411,3912.84,910.63,45.0,15.4,0.07,0.0
20230512:1511,3364.38,757.18,38.82,15.91,0.14,0.0
20230512:1611,2531.82,547.79,31.45,15.65,0.76,0.0
20230512:1711,1474.44,331.23,23.51,15.19,0.69,0.0
20230512:1811,414.84,130.85,15.48,14.82,0.55,0.0
20230512:1911,138.36,41.97,7.73,14.49,0.41,0.0
20230512:2011,0.0,0.0,0.0,12.96,0.76,0.0
20230512:2111,0.0,0.0,0.0,11.95,0.69,0.0
20230512:2211,0.0,0.0,0.0,11.41,0.69,0.0
20230512:2311,0.0,0.0,0.0,9.99,0.97,0.0
20230513:0011,0.0,0.0,0.0,9.01,1.24,0.0
20230513:0111,0.0,0.0,0.0,8.52,1.31,0.0
20230513:0211,0.0,0.0,0.0,8.2,1.45,0.0
20230513:0311,0.0,0.0,0.0,8.36,1.52,0.0
20230513:0411,0.0,0.0,0.0,8.14,1.59,0.0
20230513:0511,65.4,24.48,7.46,8.46,1.79,0.0
20230513:0611,309.06,76.77,15.17,9.31,1.79,0.0
20230513:0711,832.32,180.53,23.2,9.8,1.86,0.0
20230513:0811,1914.3,397.09,31.15,11.06,1.79,0.0
20230513:0911,3437.34,736.87,38.59,12.62,1.79,0.0
20230513:1011,3891.6,860.47,44.88,14.19,1.72,0.0
20230513:1111,3537.72,777.17,49.26,15.55,1.86,0.0
20230513:1211,4516.2,1035.63,50.91,16.62,2.28,0.0
20230513:1311,3832.74,849.81,49.45,17.34,2.62,0.0
20230513:1411,3901.02,860.97,45.23,17.75,3.03,0.0
20230513:1511,2985.06,637.92,39.03,17.67,3.24,0.0
20230513:1611,1453.26,309.36,31.65,17.29,3.31,0.0
20230513:1711,973.5,214.84,23.72,16.56,2.97,0.0
20230513:1811,290.22,74.6,15.68,15.59,2.48,0.0
20230513:1911,59.58,23.61,7.94,14.98,2.07,0.0
20230513:2011,0.0,0.0,0.0,13.98,1.93,0.0
20230513:2111,0.0,0.0,0.0,12.94,1.86,0.0
20230513:2211,0.0,0.0,0.0,12.09,1.93,0.0
20230513:2311,0.0,0.0,0.0,11.44,2.0,0.0
20230514:0011,0.0,0.0,0.0,10.98,2.07,0.0
20230514:0111,0.0,0.0,0.0,10.83,2.07,0.0
20230514:0211,0.0,0.0,0.0,10.66,2.14,0.0
20230514:0311,0.0,0.0,0.0,10.31,2.14,0.0
20230514:0411,0.0,0.0,0.0,10.17,2.14,0.0
20230514:0511,3.12,7.0,7.67,10.25,2.21,0.0
20230514:0611,123.36,38.01,15.37,10.71,2.34,0.0
20230514:0711,846.78,184.08,23.4,11.24,2.9,0.0
20230514:0811,825.18,178.02,31.36,11.28,3.31,0.0
20230514:0911,696.84,152.97,38.8,11.01,3.17,0.0
20230514:1011,764.94,165.95,45.11,10.54,2.97,0.0
20230514:1111,1166.64,243.89,49.5,10.13,2.9,0.0
20230514:1211,1141.8,238.77,51.15,9.81,2.83,0.0
20230514:1311,2106.96,432.08,49.69,9.87,2.55,0.0
20230514:1411,905.58,192.84,45.46,9.88,2.76,0.0
20230514:1511,791.7,170.59,39.25,9.78,2.97,0.0
20230514:1611,926.64,196.47,31.86,9.8,3.31,0.0
20230514:1711,905.1,194.0,23.92,9.86,3.59,0.0
20230514:1811,438.12,104.09,15.88,9.46,3.52,0.0
20230514:1911,142.68,41.97,8.15,9.05,3.1,0.0
20230514:2011,0.0,0.0,0.0,8.07,2.83,0.0
20230514:2111,0.0,0.0,0.0,7.01,2.34,0.0
20230514:2211,0.0,0.0,0.0,6.38,2.21,0.0
20230514:2311,0.0,0.0,0.0,5.79,2.28,0.0
20230515:0011,0.0,0.0,0.0,5.32,2.14,0.0
20230515:0111,0.0,0.0,0.0,4.91,2.21,0.0
20230515:0211,0.0,0.0,0.0,4.84,2.28,0.0
20230515:0311,0.0,0.0,0.0,4.44,2.28,0.0
20230515:0411,0.0,0.0,0.0,4.16,2.34,0.0
20230515:0511,137.7,40.23,7.87,4.55,2.28,0.0
20230515:0611,479.76,112.43,15.57,5.46,3.38,0.0
20230515:0711,776.1,165.64,23.59,6.35,4.07,0.0
20230515:0811,775.44,165.48,31.56,7.54,4.0,0.0
20230515:0911,1180.44,243.57,39.01,8.5,4.21,0.0
20230515:1011,3653.1,751.93,45.33,9.39,4.41,0.0
20230515:1111,3422.28,704.36,49.73,9.73,4.28,0.0
20230515:1211,3086.58,632.43,51.39,10.14,4.34,0.0
20230515:1311,4233.96,894.3,49.92,10.35,4.21,0.0
20230515:1411,3536.16,733.29,45.68,10.51,4.0,0.0
20230515:1511,3296.76,675.91,39.45,10.45,4.34,0.0
20230515:1611,2211.96,449.84,32.06,10.4,4.41,0.0
20230515:1711,1011.84,215.26,24.11,9.88,4.14,0.0
20230515:1811,495.12,116.88,16.08,9.5,3.93,0.0
20230515:1911,138.66,41.1,8.35,9.09,3.79,0.0
20230515:2011,0.0,0.0,0.0,8.63,3.1,0.0
20230515:2111,0.0,0.0,0.0,7.75,2.9,0.0
20230515:2211,0.0,0.0,0.0,7.5,3.17,0.0
20230515:2311,0.0,0.0,0.0,7.41,3.45,0.0
20230516:0011,0.0,0.0,0.0,7.28,3.59,0.0
20230516:0111,0.0,0.0,0.0,7.1,3.52,0.0
20230516:0211,0.0,0.0,0.0,6.95,3.45,0.0
20230516:0311,0.0,0.0,0.0,6.87,3.45,0.0
20230516:0411,0.0,0.0,0.0,6.88,3.45,0.0
20230516:0511,28.14,14.87,8.07,7.09,3.45,0.0
20230516:0611,182.16,50.06,15.76,7.56,2.83,0.0
20230516:0711,656.7,143.52,23.78,8.05,4.0,0.0
20230516:0811,776.88,166.39,31.75,8.51,4.14,0.0
20230516:0911,588.78,130.72,39.21,9.1,4.0,0.0
20230516:1011,1738.74,354.36,45.54,9.62,3.79,0.0
20230516:1111,1614.24,330.98,49.95,10.13,3.72,0.0
20230516:1211,2733.54,560.63,51.62,10.67,3.86,0.0
20230516:1311,3149.76,652.08,50.15,11.12,3.79,0.0
20230516:1411,3674.52,769.14,45.89,11.21,3.79,0.0
20230516:1511,3167.88,655.6,39.66,11.4,3.59,0.0
20230516:1611,2492.52,513.05,32.25,11.01,3.24,0.0
20230516:1711,1356.18,289.85,24.31,10.55,2.97,0.0
20230516:1811,466.8,110.43,16.28,10.06,2.55,0.0
20230516:1911,57.66,22.74,8.55,10.09,2.14,0.0
20230516:2011,0.0,0.0,0.0,9.33,1.45,0.0
20230516:2111,0.0,0.0,0.0,8.06,0.76,0.0
20230516:2211,0.0,0.0,0.0,8.11,0.34,0.0
20230516:2311,0.0,0.0,0.0,7.77,0.41,0.0
20230517:0011,0.0,0.0,0.0,6.7,0.83,0.0
20230517:0111,0.0,0.0,0.0,5.62,1.31,0.0
20230517:0211,0.0,0.0,0.0,5.81,1.66,0.0
20230517:0311,0.0,0.0,0.0,6.49,1.79,0.0
20230517:0411,0.0,0.0,0.0,7.04,2.0,0.0
20230517:0511,147.84,42.85,8.26,7.51,2.14,0.0
20230517:0611,485.82,115.7,15.95,8.31,2.55,0.0
20230517:0711,1460.28,314.62,23.97,9.15,3.1,0.0
20230517:0811,2436.66,499.44,31.94,10.1,3.24,0.0
20230517:0911,2459.22,502.78,39.4,10.79,3.45,0.0
20230517:1011,2592.54,532.01,45.75,11.46,3.79,0.0
20230517:1111,2587.74,532.02,50.17,11.93,4.07,0.0
20230517:1211,2174.22,446.0,51.85,12.07,4.34,0.0
20230517:1311,1832.52,375.63,50.38,11.73,4.62,0.0
20230517:1411,1045.44,220.16,46.11,11.37,5.1,0.0
20230517:1511,800.88,172.44,39.86,10.79,4.97,0.0
20230517:1611,409.56,96.42,32.45,10.32,4.28,0.0
20230517:1711,552.18,124.22,24.5,10.06,3.93,0.0
20230517:1811,326.88,80.16,16.47,9.88,3.66,0.0
20230517:1911,150.48,43.72,8.74,9.63,4.07,0.0
20230517:2011,0.0,0.87,1.68,9.2,4.14,0.0
20230517:2111,0.0,0.0,0.0,8.84,4.07,0.0
20230517:2211,0.0,0.0,0.0,8.61,4.07,0.0
20230517:2311,0.0,0.0,0.0,8.43,4.0,0.0
20230518:0011,0.0,0.0,0.0,8.19,3.86,0.0
20230518:0111,0.0,0.0,0.0,8.09,3.79,0.0
20230518:0211,0.0,0.0,0.0,7.99,3.66,0.0
20230518:0311,0.0,0.0,0.0,7.83,3.52,0.0
20230518:0411,0.0,0.0,0.0,7.96,3.38,0.0
20230518:0511,61.98,23.61,8.44,8.14,3.38,0.0
20230518:0611,314.46,77.33,16.13,8.64,3.17,0.0
20230518:0711,377.4,89.93,24.15,9.95,4.48,0.0
20230518:0811,1274.22,264.35,32.12,11.05,4.55,0.0
20230518:0911,1652.7,339.82,39.59,12.16,4.55,0.0
20230518:1011,989.22,210.88,45.95,12.86,4.55,0.0
20230518:1111,1179.12,248.49,50.39,13.18,4.55,0.0
20230518:1211,1388.52,289.99,52.07,13.31,4.55,0.0
20230518:1311,1163.34,245.7,50.59,13.52,4.62,0.0
20230518:1411,1205.04,253.47,46.31,13.26,4.69,0.0
20230518:1511,1445.46,300.14,40.06,12.9,4.48,0.0
20230518:1611,1445.76,300.08,32.64,12.62,4.34,0.0
20230518:1711,186.84,51.92,24.68,12.19,4.07,0.0
20230518:1811,235.86,62.12,16.66,11.98,3.86,0.0
20230518:1911,101.46,33.23,8.94,11.78,3.17,0.0
20230518:2011,0.0,0.87,1.88,11.43,3.1,0.0
20230518:2111,0.0,0.0,0.0,10.76,2.9,0.0
20230518:2211,0.0,0.0,0.0,10.01,2.9,0.0
20230518:2311,0.0,0.0,0.0,9.47,2.83,0.0
20230519:0011,0.0,0.0,0.0,9.0,2.83,0.0
20230519:0111,0.0,0.0,0.0,8.54,2.62,0.0
20230519:0211,0.0,0.0,0.0,8.52,2.62,0.0
20230519:0311,0.0,0.0,0.0,8.61,2.69,0.0
20230519:0411,0.0,0.87,1.63,8.37,2.34,0.0
20230519:0511,72.84,26.23,8.62,8.34,2.28,0.0
20230519:0611,436.98,130.53,16.3,8.77,2.83,0.0
20230519:0711,1346.46,288.4,24.32,9.85,2.97,0.0
20230519:0811,1897.32,389.77,32.29,10.8,3.1,0.0
20230519:0911,2313.78,476.29,39.77,11.64,2.97,0.0
20230519:1011,2673.84,558.7,46.14,12.89,2.62,0.0
20230519:1111,4048.56,889.59,50.6,14.16,2.55,0.0
20230519:1211,3823.68,837.72,52.29,15.19,2.62,0.0
20230519:1311,3661.86,798.41,50.81,15.71,2.69,0.0
20230519:1411,4069.98,898.86,46.52,16.05,2.76,0.0
20230519:1511,3303.36,707.49,40.25,15.82,2.83,0.0
20230519:1611,1569.42,331.07,32.82,15.52,2.9,0.0
20230519:1711,1112.94,241.84,24.87,14.63,2.9,0.0
20230519:1811,552.96,138.28,16.84,14.01,2.9,0.0
20230519:1911,49.68,20.99,9.13,13.43,2.34,0.0
20230519:2011,0.0,1.75,2.07,12.29,2.21,0.0
20230519:2111,0.0,0.0,0.0,11.24,2.0,0.0
20230519:2211,0.0,0.0,0.0,10.71,1.86,0.0
20230519:2311,0.0,0.0,0.0,10.38,1.79,0.0
20230520:0011,0.0,0.0,0.0,10.06,1.79,0.0
20230520:0111,0.0,0.0,0.0,9.88,1.86,0.0
20230520:0211,0.0,0.0,0.0,9.6,1.93,0.0
20230520:0311,0.0,0.0,0.0,9.5,1.93,0.0
20230520:0411,0.0,0.87,1.81,9.46,1.86,0.0
20230520:0511,47.4,20.11,8.8,9.53,1.86,0.0
20230520:0611,288.24,72.31,16.47,9.74,1.86,0.0
20230520:0711,756.48,165.31,24.49,10.36,2.14,0.0
20230520:0811,912.24,195.23,32.46,11.02,2.34,0.0
20230520:0911,1036.92,220.19,39.95,11.65,2.48,0.0
20230520:1011,615.54,138.14,46.33,12.73,3.24,0.0
20230520:1111,1918.38,397.46,50.8,13.21,3.59,0.0
20230520:1211,1534.02,320.41,52.5,13.76,3.79,0.0
20230520:1311,950.76,204.89,51.02,14.42,4.34,0.0
20230520:1411,521.64,120.52,46.72,14.78,4.34,0.0
20230520:1511,938.28,202.8,40.44,14.76,4.0,0.0
20230520:1611,364.38,89.0,33.01,14.28,3.45,0.0
20230520:1711,264.72,68.61,25.05,13.88,3.1,0.0
20230520:1811,43.92,19.47,17.02,13.22,2.76,0.0
20230520:1911,7.62,8.74,9.31,12.24,2.48,0.0
20230520:2011,0.0,0.87,2.26,11.74,2.28,0.0
20230520:2111,0.0,0.0,0.0,11.37,2.0,0.0
20230520:2211,0.0,0.0,0.0,11.16,1.66,0.0
20230520:2311,0.0,0.0,0.0,11.01,1.45,0.0
20230521:0011,0.0,0.0,0.0,10.9,1.31,0.0
20230521:0111,0.0,0.0,0.0,10.92,1.1,0.0
20230521:0211,0.0,0.0,0.0,10.87,1.03,0.0
20230521:0311,0.0,0.0,0.0,10.58,1.52,0.0
20230521:0411,0.0,0.87,1.98,9.96,1.79,0.0
20230521:0511,24.66,13.99,8.96,9.24,1.86,0.0
20230521:0611,304.62,75.48,16.63,8.72,2.0,0.0
20230521:0711,994.14,211.24,24.65,8.29,2.41,0.0
20230521:0811,1370.22,281.64,32.63,8.12,2.34,0.0
20230521:0911,1787.94,364.51,40.12,8.28,2.14,0.0
20230521:1011,2599.92,534.21,46.52,8.48,1.93,0.0
20230521:1111,2099.1,430.64,51.0,8.61,1.72,0.0
20230521:1211,1607.94,331.11,52.71,8.79,1.72,0.0
20230521:1311,1956.36,402.04,51.22,9.03,1.72,0.0
20230521:1411,1022.1,215.5,46.91,9.12,1.72,0.0
20230521:1511,1187.22,248.0,40.62,9.34,1.66,0.0
20230521:1611,724.02,157.81,33.18,9.53,1.59,0.0
20230521:1711,517.5,117.71,25.22,9.63,1.59,0.0
20230521:1811,228.9,60.26,17.2,9.74,1.45,0.0
20230521:1911,141.24,41.97,9.49,10.77,1.17,0.0
20230521:2011,0.0,0.87,2.45,10.45,1.24,0.0
20230521:2111,0.0,0.0,0.0,10.15,1.1,0.0
20230521:2211,0.0,0.0,0.0,9.96,0.9,0.0
20230521:2311,0.0,0.0,0.0,9.81,0.83,0.0
20230522:0011,0.0,0.0,0.0,9.69,1.03,0.0
20230522:0111,0.0,0.0,0.0,9.42,1.24,0.0
20230522:0211,0.0,0.0,0.0,9.16,1.52,0.0
20230522:0311,0.0,0.0,0.0,8.67,1.86,0.0
20230522:0411,0.0,0.87,2.15,7.95,1.79,0.0
20230522:0511,44.46,19.24,9.13,7.61,1.59,0.0
20230522:0611,534.78,137.11,16.79,7.8,1.66,0.0
20230522:0711,1169.28,247.93,24.8,8.27,1.93,0.0
20230522:0811,1343.94,277.57,32.78,9.09,2.48,0.0
20230522:0911,2059.5,420.92,40.29,10.01,2.83,0.0
20230522:1011,1973.1,404.98,46.69,11.13,3.31,0.0
20230522:1111,3053.76,635.47,51.19,11.7,3.38,0.0
20230522:1211,1668.66,345.17,52.91,12.3,3.86,0.0
20230522:1311,1535.1,318.74,51.42,12.33,3.66,0.0
20230522:1411,1977.54,408.05,47.1,12.62,3.66,0.0
20230522:1511,2303.64,474.46,40.8,13.01,3.93,0.0
20230522:1611,1737.06,359.41,33.36,13.06,4.0,0.0
20230522:1711,1388.82,297.36,25.39,12.31,3.66,0.0
20230522:1811,529.32,124.34,17.37,11.5,3.24,0.0
20230522:1911,203.4,55.09,9.67,10.53,2.97,0.0
20230522:2011,0.0,1.75,2.64,9.75,2.55,0.0
20230522:2111,0.0,0.0,0.0,8.87,2.0,0.0
20230522:2211,0.0,0.0,0.0,8.04,1.79,0.0
20230522:2311,0.0,0.0,0.0,7.46,1.93,0.0
20230523:0011,0.0,0.0,0.0,7.39,2.07,0.0
20230523:0111,0.0,0.0,0.0,7.36,2.07,0.0
20230523:0211,0.0,0.0,0.0,7.11,2.14,0.0
20230523:0311,0.0,0.0,0.0,6.75,2.28,0.0
20230523:0411,0.0,0.87,2.32,6.58,2.48,0.0
20230523:0511,169.08,47.22,9.28,6.89,2.69,0.0
20230523:0611,344.16,82.89,16.94,7.73,3.38,0.0
20230523:0711,598.26,132.45,24.95,8.66,3.79,0.0
20230523:0811,1725.24,350.67,32.94,9.75,4.76,0.0
20230523:0911,1517.46,310.63,40.45,10.57,4.97,0.0
20230523:1011,907.32,192.84,46.86,10.46,4.62,0.0
20230523:1111,1483.86,305.13,51.37,10.45,4.34,0.0
20230523:1211,933.66,198.4,53.1,10.81,4.21,0.0
20230523:1311,684.12,150.19,51.61,10.96,4.21,0.0
20230523:1411,589.2,131.65,47.29,10.71,4.21,0.0
20230523:1511,1076.28,225.73,40.98,10.62,4.28,0.0
20230523:1611,734.7,159.66,33.53,10.61,4.48,0.0
20230523:1711,597.6,133.43,25.56,10.88,4.41,0.0
20230523:1811,512.28,120.01,17.54,11.18,3.79,0.0
20230523:1911,10.26,9.62,9.85,11.26,4.21,0.0
20230523:2011,0.0,1.75,2.81,10.72,4.14,0.0
20230523:2111,0.0,0.0,0.0,9.67,4.0,0.0
20230523:2211,0.0,0.0,0.0,8.81,4.07,0.0
20230523:2311,0.0,0.0,0.0,8.17,4.0,0.0
20230524:0011,0.0,0.0,0.0,7.84,3.79,0.0
20230524:0111,0.0,0.0,0.0,7.59,3.66,0.0
20230524:0211,0.0,0.0,0.0,7.54,3.66,0.0
20230524:0311,0.0,0.0,0.0,7.38,3.38,0.0
20230524:0411,0.0,0.87,2.47,7.48,3.45,0.0
20230524:0511,13.2,10.49,9.43,8.08,3.59,0.0
20230524:0611,290.28,72.31,17.09,8.68,3.31,0.0
20230524:0711,543.72,122.31,25.09,9.49,3.79,0.0
20230524:0811,977.58,206.45,33.08,10.37,4.14,0.0
20230524:0911,1519.86,312.71,40.6,11.41,4.55,0.0
20230524:1011,3114.12,641.95,47.03,12.3,4.76,0.0
20230524:1111,4668.48,1008.46,51.55,12.77,4.55,0.0
20230524:1211,4811.64,1050.67,53.29,13.37,4.48,0.0
20230524:1311,4624.8,1006.69,51.8,13.65,4.28,0.0
20230524:1411,4306.56,925.9,47.47,13.56,4.14,0.0
20230524:1511,3639.12,765.62,41.15,13.43,4.0,0.0
20230524:1611,2685.96,558.08,33.7,13.26,3.72,0.0
20230524:1711,1626.24,353.12,25.73,12.91,3.45,0.0
20230524:1811,519.36,150.08,17.71,12.25,3.17,0.0
20230524:1911,156.84,45.47,10.02,11.7,2.76,0.0
20230524:2011,0.0,3.5,2.99,10.69,2.28,0.0
20230524:2111,0.0,0.0,0.0,9.35,1.93,0.0
20230524:2211,0.0,0.0,0.0,8.13,1.72,0.0
20230524:2311,0.0,0.0,0.0,6.88,1.66,0.0
20230525:0011,0.0,0.0,0.0,5.56,1.72,0.0
20230525:0111,0.0,0.0,0.0,4.72,1.79,0.0
20230525:0211,0.0,0.0,0.0,4.53,1.79,0.0
20230525:0311,0.0,0.0,0.0,4.07,1.79,0.0
20230525:0411,0.0,1.75,2.63,4.07,1.86,0.0
20230525:0511,217.62,56.84,9.58,4.93,1.79,0.0
20230525:0611,455.76,138.94,17.22,7.17,2.14,0.0
20230525:0711,1597.74,344.52,25.23,8.36,2.34,0.0
20230525:0811,2731.98,564.09,33.22,9.76,2.69,0.0
20230525:0911,3644.52,767.0,40.74,10.91,2.9,0.0
20230525:1011,4334.94,939.06,47.19,11.88,3.1,0.0
20230525:1111,4699.92,1038.02,51.72,12.77,3.31,0.0
20230525:1211,4797.6,1069.31,53.47,13.61,3.38,0.0
20230525:1311,4576.8,1012.75,51.98,14.16,3.38,0.0
20230525:1411,4293.9,937.39,47.64,14.43,3.45,0.0
20230525:1511,3626.58,772.94,41.32,14.45,3.38,0.0
20230525:1611,2717.58,570.69,33.86,14.31,3.17,0.0
20230525:1711,1603.02,349.54,25.89,13.93,2.97,0.0
20230525:1811,533.52,153.53,17.87,13.27,2.76,0.0
20230525:1911,180.42,50.72,10.18,12.66,2.34,0.0
20230525:2011,0.0,2.62,3.16,11.42,1.93,0.0
20230525:2111,0.0,0.0,0.0,10.03,1.59,0.0
20230525:2211,0.0,0.0,0.0,8.26,1.24,0.0
20230525:2311,0.0,0.0,0.0,7.44,1.17,0.0
20230526:0011,0.0,0.0,0.0,6.86,1.17,0.0
20230526:0111,0.0,0.0,0.0,6.26,1.17,0.0
20230526:0211,0.0,0.0,0.0,5.86,1.17,0.0
20230526:0311,0.0,0.0,0.0,5.22,1.24,0.0
20230526:0411,0.0,3.5,2.77,4.7,1.31,0.0
20230526:0511,179.28,48.97,9.71,4.67,1.31,0.0
20230526:0611,484.08,138.36,17.36,7.09,1.45,0.0
20230526:0711,1568.58,339.4,25.36,8.89,2.14,0.0
20230526:0811,2251.08,464.06,33.35,10.17,2.28,0.0
20230526:0911,2917.62,608.24,40.88,11.33,2.34,0.0
20230526:1011,2789.34,584.42,47.34,12.55,2.41,0.0
20230526:1111,2869.92,605.57,51.89,13.41,2.48,0.0
20230526:1211,2893.44,612.52,53.64,14.24,2.69,0.0
20230526:1311,2265.48,474.1,52.16,14.37,2.97,0.0
20230526:1411,2043.9,425.99,47.81,14.2,3.17,0.0
20230526:1511,1762.98,367.29,41.49,13.99,3.17,0.0
20230526:1611,1263.84,267.14,34.02,14.01,3.03,0.0
20230526:1711,540.96,124.19,26.05,13.89,2.97,0.0
20230526:1811,176.58,50.06,18.03,13.67,2.9,0.0
20230526:1911,78.06,27.98,10.34,13.46,2.41,0.0
20230526:2011,0.0,2.62,3.33,12.95,2.28,0.0
20230526:2111,0.0,0.0,0.0,12.34,2.14,0.0
20230526:2211,0.0,0.0,0.0,11.92,2.28,0.0
20230526:2311,0.0,0.0,0.0,11.37,2.41,0.0
20230527:0011,0.0,0.0,0.0,11.05,2.76,0.0
20230527:0111,0.0,0.0,0.0,10.61,2.97,0.0
20230527:0211,0.0,0.0,0.0,10.12,3.1,0.0
20230527:0311,0.0,0.0,0.0,9.6,3.31,0.0
20230527:0411,0.0,1.75,2.91,9.21,3.52,0.0
20230527:0511,76.2,27.11,9.84,9.2,3.66,0.0
20230527:0611,394.92,93.8,17.48,9.6,4.28,0.0
20230527:0711,883.8,189.4,25.48,10.29,4.48,0.0
20230527:0811,1571.16,321.87,33.48,11.1,5.31,0.0
20230527:0911,1613.1,330.61,41.02,11.9,5.66,0.0
20230527:1011,1175.64,245.95,47.48,12.38,6.14,0.0
20230527:1111,2276.22,464.16,52.05,12.74,6.28,0.0
20230527:1211,1607.1,332.14,53.81,13.17,5.66,0.0
20230527:1311,1433.34,297.56,52.33,13.2,5.93,0.0
20230527:1411,1077.24,227.54,47.98,12.85,5.72,0.0
20230527:1511,2110.86,432.69,41.65,12.79,4.69,0.0
20230527:1611,2452.62,503.5,34.18,12.51,4.62,0.0
20230527:1711,1644.66,351.76,26.2,11.31,4.55,0.0
20230527:1811,580.92,134.64,18.18,10.33,4.28,0.0
20230527:1911,234.42,61.21,10.5,9.42,3.86,0.0
20230527:2011,0.0,5.25,3.49,8.8,3.17,0.0
20230527:2111,0.0,0.0,0.0,8.35,2.76,0.0
20230527:2211,0.0,0.0,0.0,7.88,2.34,0.0
20230527:2311,0.0,0.0,0.0,7.56,2.28,0.0
20230528:0011,0.0,0.0,0.0,7.02,2.07,0.0
20230528:0111,0.0,0.0,0.0,6.59,1.93,0.0
20230528:0211,0.0,0.0,0.0,6.31,1.86,0.0
20230528:0311,0.0,0.0,0.0,5.89,1.72,0.0
20230528:0411,0.0,2.62,3.04,5.48,1.59,0.0
20230528:0511,186.72,50.72,9.97,5.74,1.31,0.0
20230528:0611,345.0,82.89,17.6,6.88,2.0,0.0
20230528:0711,984.12,207.99,25.6,7.24,2.0,0.0
20230528:0811,1556.82,318.65,33.6,7.75,1.93,0.0
20230528:0911,1858.98,380.01,41.14,8.25,1.72,0.0
20230528:1011,2082.6,427.61,47.62,9.03,1.79,0.0
20230528:1111,2880.3,601.13,52.2,9.8,1.86,0.0
20230528:1211,2636.82,550.83,53.98,10.63,1.72,0.0
20230528:1311,3057.84,648.82,52.5,11.52,1.66,0.0
20230528:1411,3017.52,640.07,48.14,12.16,1.72,0.0
20230528:1511,2116.86,441.01,41.8,12.4,1.86,0.0
20230528:1611,1778.46,371.3,34.33,12.57,1.86,0.0
20230528:1711,1186.14,254.67,26.35,12.49,1.86,0.0
20230528:1811,607.14,159.23,18.33,12.08,1.59,0.0
20230528:1911,240.24,62.96,10.65,11.2,1.38,0.0
20230528:2011,1.08,6.12,3.65,10.48,1.24,0.0
20230528:2111,0.0,0.0,0.0,9.11,1.24,0.0
20230528:2211,0.0,0.0,0.0,7.97,0.97,0.0
20230528:2311,0.0,0.0,0.0,7.12,1.03,0.0
20230529:0011,0.0,0.0,0.0,6.44,1.1,0.0
20230529:0111,0.0,0.0,0.0,6.33,1.03,0.0
20230529:0211,0.0,0.0,0.0,5.9,1.03,0.0
20230529:0311,0.0,0.0,0.0,5.53,1.03,0.0
20230529:0411,0.0,4.37,3.17,4.91,1.1,0.0
20230529:0511,218.04,56.84,10.09,4.36,1.17,0.0
20230529:0611,515.46,143.01,17.72,6.4,0.9,0.0
20230529:0711,1594.08,345.18,25.71,8.31,1.38,0.0
20230529:0811,2682.84,558.13,33.71,9.53,1.72,0.0
20230529:0911,3560.7,758.09,41.26,10.74,1.86,0.0
20230529:1011,4132.08,910.7,47.75,12.05,1.79,0.0
20230529:1111,4610.76,1051.89,52.35,13.24,1.79,0.0
20230529:1211,4623.96,1068.4,54.13,14.33,1.66,0.0
20230529:1311,4419.18,1017.98,52.66,15.26,1.52,0.0
20230529:1411,4080.36,927.71,48.3,15.97,1.38,0.0
20230529:1511,3446.46,760.98,41.95,16.47,1.38,0.0
20230529:1611,2657.64,574.25,34.47,16.63,1.45,0.0
20230529:1711,1622.22,361.35,26.49,16.54,1.45,0.0
20230529:1811,559.86,159.8,18.48,16.21,1.38,0.0
20230529:1911,162.0,47.22,10.8,15.08,1.86,0.0
20230529:2011,3.0,7.0,3.8,13.78,1.79,0.0
20230529:2111,0.0,0.0,0.0,12.12,1.79,0.0
20230529:2211,0.0,0.0,0.0,10.69,1.66,0.0
20230529:2311,0.0,0.0,0.0,9.24,1.52,0.0
20230530:0011,0.0,0.0,0.0,7.96,1.38,0.0
20230530:0111,0.0,0.0,0.0,7.48,1.24,0.0
20230530:0211,0.0,0.0,0.0,7.55,1.1,0.0
20230530:0311,0.0,0.0,0.0,8.27,0.83,0.0
20230530:0411,0.0,1.75,3.29,7.05,0.41,0.0
20230530:0511,131.94,39.35,10.2,6.67,0.21,0.0
20230530:0611,525.12,121.7,17.82,8.02,0.21,0.0
20230530:0711,1015.2,217.3,25.82,9.21,0.76,0.0
20230530:0811,1874.46,391.76,33.82,11.01,0.83,0.0
20230530:0911,3421.08,745.7,41.38,13.31,1.03,0.0
20230530:1011,4006.44,905.49,47.88,15.19,1.24,0.0
20230530:1111,4278.12,989.39,52.49,16.63,1.38,0.0
20230530:1211,4465.92,1057.37,54.29,17.99,1.31,0.0
20230530:1311,4234.92,995.91,52.81,18.98,1.24,0.0
20230530:1411,3898.62,901.3,48.45,19.72,1.24,0.0
20230530:1511,3236.1,724.8,42.1,20.18,1.31,0.0
20230530:1611,2468.34,540.42,34.62,20.19,1.52,0.0
20230530:1711,1506.42,337.43,26.64,19.77,2.0,0.0
20230530:1811,597.12,159.72,18.62,18.53,2.48,0.0
20230530:1911,233.94,62.96,10.95,16.66,2.41,0.0
20230530:2011,0.9,6.12,3.95,14.93,2.21,0.0
20230530:2111,0.0,0.0,0.0,13.08,2.07,0.0
20230530:2211,0.0,0.0,0.0,11.68,1.86,0.0
20230530:2311,0.0,0.0,0.0,10.63,1.72,0.0
20230531:0011,0.0,0.0,0.0,9.97,1.59,0.0
20230531:0111,0.0,0.0,0.0,9.6,1.31,0.0
20230531:0211,0.0,0.0,0.0,9.34,1.17,0.0
20230531:0311,0.0,0.0,0.0,9.42,0.9,0.0
20230531:0411,0.0,2.62,3.4,9.44,0.69,0.0
20230531:0511,57.84,22.74,10.31,9.39,0.34,0.0
20230531:0611,315.06,77.88,17.93,9.71,0.14,0.0
20230531:0711,574.5,129.71,25.92,10.5,0.34,0.0
20230531:0811,758.22,166.11,33.92,11.17,0.69,0.0
20230531:0911,942.66,203.33,41.49,12.1,0.83,0.0
20230531:1011,1068.18,229.37,48.0,12.99,0.83,0.0
20230531:1111,2430.9,519.52,52.62,14.15,0.9,0.0
20230531:1211,4445.76,1042.77,54.43,15.48,1.03,0.0
20230531:1311,4352.76,1011.72,52.96,16.68,1.38,0.0
20230531:1411,4048.74,921.95,48.59,17.58,1.66,0.0
20230531:1511,3466.8,765.66,42.24,18.1,1.93,0.0
20230531:1611,2653.56,572.15,34.75,18.1,2.28,0.0
20230531:1711,1644.06,365.2,26.77,17.6,2.62,0.0
20230531:1811,561.24,162.51,18.76,16.69,2.62,0.0
20230531:1911,177.72,50.72,11.09,15.59,2.41,0.0
20230531:2011,0.96,6.12,4.09,14.31,2.21,0.0
20230531:2111,0.0,0.0,0.0,12.9,1.86,0.0
20230531:2211,0.0,0.0,0.0,11.82,1.59,0.0
20230531:2311,0.0,0.0,0.0,10.85,1.45,0.0
20230601:0011,0.0,0.0,0.0,10.19,1.38,0.0
20230601:0111,0.0,0.0,0.0,9.56,1.52,0.0
20230601:0211,0.0,0.0,0.0,9.24,1.59,0.0
20230601:0311,0.0,0.0,0.0,9.01,1.52,0.0
20230601:0411,0.0,2.62,3.51,8.76,1.59,0.0
20230601:0511,47.58,20.11,10.41,8.72,1.66,0.0
20230601:0611,312.66,76.95,18.02,8.83,1.72,0.0
20230601:0711,603.6,134.25,26.01,9.11,1.66,0.0
20230601:0811,825.6,177.39,34.02,9.46,1.86,0.0
20230601:0911,1297.8,270.2,41.59,9.99,2.0,0.0
20230601:1011,1183.98,248.69,48.11,10.78,2.14,0.0
20230601:1111,2115.96,438.56,52.75,11.46,2.28,0.0
20230601:1211,2194.44,456.82,54.57,12.3,2.34,0.0
20230601:1311,2160.72,450.93,53.1,13.03,2.41,0.0
20230601:1411,3424.32,732.56,48.74,13.43,2.48,0.0
20230601:1511,3168.42,671.02,42.38,13.74,2.62,0.0
20230601:1611,2715.72,570.13,34.89,13.65,2.76,0.0
20230601:1711,1702.02,369.19,26.91,13.01,2.97,0.0
20230601:1811,576.48,163.93,18.89,12.03,3.03,0.0
20230601:1911,165.36,47.22,11.22,11.24,2.83,0.0
20230601:2011,10.32,9.62,4.23,9.97,2.48,0.0
20230601:2111,0.0,0.0,0.0,8.67,2.14,0.0
20230601:2211,0.0,0.0,0.0,7.65,1.86,0.0
20230601:2311,0.0,0.0,0.0,6.95,1.66,0.0
20230602:0011,0.0,0.0,0.0,6.08,1.45,0.0
20230602:0111,0.0,0.0,0.0,5.04,1.24,0.0
20230602:0211,0.0,0.0,0.0,5.29,0.97,0.0
20230602:0311,0.0,0.0,0.0,6.2,0.76,0.0
20230602:0411,0.0,5.25,3.61,6.35,0.41,0.0
20230602:0511,177.24,48.97,10.5,6.65,0.14,0.0
20230602:0611,481.86,143.18,18.11,7.92,0.34,0.0
20230602:0711,1580.16,347.05,26.1,9.73,0.41,0.0
20230602:0811,2602.02,554.05,34.11,11.55,0.55,0.0
20230602:0911,3089.58,668.07,41.68,13.09,0.76,0.0
20230602:1011,3179.46,691.75,48.22,14.41,1.17,0.0
20230602:1111,4135.14,952.5,52.87,15.42,0.97,0.0
20230602:1211,4409.94,1046.43,54.7,16.22,0.76,0.0
20230602:1311,4074.72,951.83,53.24,16.88,0.69,0.0
20230602:1411,3455.16,779.4,48.87,17.3,0.76,0.0
20230602:1511,3307.5,738.85,42.51,17.63,0.83,0.0
20230602:1611,2302.32,497.36,35.02,17.51,1.17,0.0
20230602:1711,1512.18,334.04,27.03,16.83,1.45,0.0
20230602:1811,635.46,163.11,19.02,16.2,1.79,0.0
20230602:1911,133.86,41.1,11.35,15.64,2.41,0.0
20230602:2011,0.0,3.5,4.36,14.36,2.14,0.0
20230602:2111,0.0,0.0,0.0,13.03,2.0,0.0
20230602:2211,0.0,0.0,0.0,12.0,2.0,0.0
20230602:2311,0.0,0.0,0.0,11.48,1.79,0.0
20230603:0011,0.0,0.0,0.0,10.75,1.45,0.0
20230603:0111,0.0,0.0,0.0,10.22,1.17,0.0
20230603:0211,0.0,0.0,0.0,9.24,1.03,0.0
20230603:0311,0.0,0.0,0.0,8.63,0.69,0.0
20230603:0411,0.0,2.62,3.71,8.7,0.34,0.0
20230603:0511,192.0,52.47,10.59,8.74,0.21,0.0
20230603:0611,487.86,143.57,18.19,9.76,0.14,0.0
20230603:0711,1560.42,344.74,26.18,11.24,0.55,0.0
20230603:0811,2595.6,553.92,34.19,12.56,0.76,0.0
20230603:0911,3434.46,755.28,41.77,14.28,0.9,0.0
20230603:1011,3971.82,901.22,48.32,15.29,1.03,0.0
20230603:1111,4258.74,990.48,52.98,16.48,1.1,0.0
20230603:1211,4410.3,1039.36,54.83,17.21,1.17,0.0
20230603:1311,4295.64,1004.18,53.37,18.1,1.38,0.0
20230603:1411,3935.94,898.87,49.0,18.73,1.59,0.0
20230603:1511,3431.16,758.09,42.63,18.8,2.07,0.0
20230603:1611,2617.98,560.9,35.14,18.1,2.83,0.0
20230603:1711,1641.42,361.62,27.16,17.23,3.31,0.0
20230603:1811,601.32,165.16,19.15,16.28,3.31,0.0
20230603:1911,227.94,61.21,11.48,14.85,2.97,0.0
20230603:2011,3.0,7.0,4.49,13.65,2.48,0.0
20230603:2111,0.0,0.0,0.0,12.32,2.28,0.0
20230603:2211,0.0,0.0,0.0,11.2,2.14,0.0
20230603:2311,0.0,0.0,0.0,10.38,1.86,0.0
20230604:0011,0.0,0.0,0.0,9.74,1.59,0.0
20230604:0111,0.0,0.0,0.0,9.3,1.38,0.0
20230604:0211,0.0,0.0,0.0,8.7,1.24,0.0
20230604:0311,0.0,0.0,0.0,7.96,1.1,0.0
20230604:0411,0.0,2.62,3.79,7.67,1.03,0.0
20230604:0511,61.74,23.61,10.67,8.54,0.83,0.0
20230604:0611,297.48,74.17,18.27,9.35,0.69,0.0
20230604:0711,602.76,135.16,26.26,10.2,0.34,0.0
20230604:0811,913.32,197.31,34.27,11.48,0.34,0.0
20230604:0911,1095.54,235.12,41.86,12.94,0.48,0.0
20230604:1011,1195.32,257.4,48.41,14.58,0.48,0.0
20230604:1111,2086.68,449.25,53.09,15.84,0.48,0.0
20230604:1211,3102.84,694.16,54.95,16.93,0.41,0.0
20230604:1311,4137.84,984.5,53.49,18.1,0.48,0.0
20230604:1411,3884.34,905.47,49.13,18.83,0.69,0.0
20230604:1511,3432.48,766.8,42.76,18.86,1.45,0.0
20230604:1611,2632.68,568.7,35.26,18.32,2.14,0.0
20230604:1711,1682.94,372.36,27.28,17.28,2.83,0.0
20230604:1811,588.18,167.17,19.27,16.12,2.97,0.0
20230604:1911,211.98,57.71,11.6,14.27,3.1,0.0
20230604:2011,0.0,3.5,4.61,12.93,2.62,0.0
20230604:2111,0.0,0.0,0.0,11.77,2.41,0.0
20230604:2211,0.0,0.0,0.0,10.96,2.21,0.0
20230604:2311,0.0,0.0,0.0,10.36,2.07,0.0
20230605:0011,0.0,0.0,0.0,10.01,1.93,0.0
20230605:0111,0.0,0.0,0.0,9.58,1.86,0.0
20230605:0211,0.0,0.0,0.0,9.27,1.72,0.0
20230605:0311,0.0,0.0,0.0,9.04,1.59,0.0
20230605:0411,0.0,2.62,3.88,8.9,1.45,0.0
20230605:0511,61.56,23.61,10.75,9.07,1.38,0.0
20230605:0611,293.28,73.24,18.34,9.26,1.24,0.0
20230605:0711,549.24,124.13,26.33,9.76,1.03,0.0
20230605:0811,743.82,162.38,34.34,10.27,1.17,0.0
20230605:0911,858.9,185.42,41.93,11.0,1.38,0.0
20230605:1011,681.18,151.12,48.5,11.97,1.45,0.0
20230605:1111,1028.34,220.65,53.19,12.91,1.52,0.0
20230605:1211,1267.02,269.73,55.06,13.64,1.38,0.0
20230605:1311,1382.46,295.56,53.61,15.09,1.17,0.0
20230605:1411,2323.02,500.89,49.24,16.49,0.9,0.0
20230605:1511,3091.44,681.25,42.87,17.28,1.03,0.0
20230605:1611,2625.54,566.86,35.38,17.5,1.79,0.0
20230605:1711,1704.3,376.26,27.39,16.76,2.69,0.0
20230605:1811,595.62,170.05,19.38,15.42,3.17,0.0
20230605:1911,171.48,48.97,11.72,13.65,3.1,0.0
20230605:2011,50.1,20.99,4.73,12.04,2.69,0.0
20230605:2111,0.0,0.0,0.0,10.65,2.34,0.0
20230605:2211,0.0,0.0,0.0,9.62,2.0,0.0
20230605:2311,0.0,0.0,0.0,8.92,1.72,0.0
20230606:0011,0.0,0.0,0.0,8.34,1.45,0.0
20230606:0111,0.0,0.0,0.0,7.53,1.38,0.0
20230606:0211,0.0,0.0,0.0,7.05,1.24,0.0
20230606:0311,0.0,0.0,0.0,6.71,1.17,0.0
20230606:0411,0.0,2.62,3.95,6.87,1.03,0.0
20230606:0511,62.04,23.61,10.82,7.65,0.76,0.0
20230606:0611,330.24,80.66,18.41,9.05,0.62,0.0
20230606:0711,0.0,0.0,0.0,9.78,0.41,0.0
20230606:0811,925.2,199.14,34.4,10.8,0.28,0.0
20230606:0911,1007.58,216.59,42.0,12.0,0.41,0.0
20230606:1011,847.8,185.42,48.58,13.06,0.62,0.0
20230606:1111,1268.1,271.97,53.28,14.45,0.69,0.0
20230606:1211,1864.26,398.35,55.16,15.47,0.9,0.0
20230606:1311,2237.7,482.36,53.73,16.49,0.9,0.0
20230606:1411,3428.46,767.52,49.36,17.16,1.03,0.0
20230606:1511,3349.32,740.39,42.99,17.51,1.45,0.0
20230606:1611,2607.84,557.58,35.49,17.1,2.48,0.0
20230606:1711,1159.5,251.46,27.5,16.11,3.1,0.0
20230606:1811,606.12,170.51,19.49,14.93,3.17,0.0
20230606:1911,175.38,49.84,11.83,13.79,2.83,0.0
20230606:2011,60.3,23.61,4.84,12.85,2.41,0.0
20230606:2111,0.0,0.0,0.0,11.66,2.07,0.0
20230606:2211,0.0,0.0,0.0,10.46,1.79,0.0
20230606:2311,0.0,0.0,0.0,9.65,1.45,0.0
20230607:0011,0.0,0.0,0.0,8.85,1.24,0.0
20230607:0111,0.0,0.0,0.0,7.97,1.03,0.0
20230607:0211,0.0,0.0,0.0,7.82,0.9,0.0
20230607:0311,0.0,0.0,0.0,7.78,0.83,0.0
20230607:0411,1.14,6.12,4.02,8.21,0.62,0.0
20230607:0511,114.66,35.85,10.88,8.69,0.41,0.0
20230607:0611,385.62,92.14,18.47,9.77,0.48,0.0
20230607:0711,887.4,192.57,26.45,10.74,0.41,0.0
20230607:0811,1299.84,275.21,34.46,11.95,0.55,0.0
20230607:0911,2242.98,478.19,42.07,13.44,0.28,0.0
20230607:1011,3263.7,724.14,48.65,14.44,0.34,0.0
20230607:1111,3841.02,888.27,53.37,15.55,0.28,0.0
20230607:1211,3971.04,921.21,55.26,16.24,0.62,0.0
20230607:1311,3405.42,761.25,53.83,16.95,1.1,0.0
20230607:1411,2727.78,589.84,49.47,17.36,1.79,0.0
20230607:1511,2231.4,473.4,43.09,17.11,2.62,0.0
20230607:1611,2291.04,484.57,35.59,16.81,3.1,0.0
20230607:1711,1530.9,331.88,27.61,16.04,3.52,0.0
20230607:1811,630.18,170.71,19.6,15.21,3.59,0.0
20230607:1911,211.56,57.71,11.93,14.66,3.17,0.0
20230607:2011,0.0,5.25,4.95,13.6,2.83,0.0
20230607:2111,0.0,0.0,0.0,12.28,2.41,0.0
20230607:2211,0.0,0.0,0.0,11.26,2.07,0.0
20230607:2311,0.0,0.0,0.0,10.49,1.79,0.0
20230608:0011,0.0,0.0,0.0,9.87,1.66,0.0
20230608:0111,0.0,0.0,0.0,9.35,1.45,0.0
20230608:0211,0.0,0.0,0.0,9.05,1.24,0.0
20230608:0311,0.0,0.0,0.0,9.06,1.17,0.0
20230608:0411,0.0,2.62,4.09,8.74,1.17,0.0
20230608:0511,106.62,34.1,10.94,9.2,1.31,0.0
20230608:0611,614.58,148.5,18.52,9.73,1.59,0.0
20230608:0711,1474.08,319.21,26.5,10.66,1.59,0.0
20230608:0811,2403.66,501.91,34.51,11.68,1.93,0.0
20230608:0911,3363.72,715.86,42.12,12.94,2.28,0.0
20230608:1011,3931.56,857.41,48.72,13.91,2.48,0.0
20230608:1111,4321.62,965.93,53.45,15.1,2.55,0.0
20230608:1211,4266.84,959.5,55.35,16.03,2.48,0.0
20230608:1311,4135.14,926.41,53.93,16.52,2.48,0.0
20230608:1411,3981.72,873.95,49.57,16.57,3.17,0.0
20230608:1511,3267.18,691.0,43.19,15.83,4.0,0.0
20230608:1611,2718.3,568.29,35.69,15.24,4.21,0.0
20230608:1711,1687.5,364.2,27.71,14.65,4.28,0.0
20230608:1811,619.44,173.86,19.7,13.81,4.21,0.0
20230608:1911,213.0,57.71,12.04,13.42,3.66,0.0
20230608:2011,60.48,23.61,5.05,12.32,2.97,0.0
20230608:2111,0.0,0.0,0.0,11.28,2.48,0.0
20230608:2211,0.0,0.0,0.0,10.38,1.79,0.0
20230608:2311,0.0,0.0,0.0,9.63,1.31,0.0
20230609:0011,0.0,0.0,0.0,8.56,1.03,0.0
20230609:0111,0.0,0.0,0.0,8.11,0.9,0.0
20230609:0211,0.0,0.0,0.0,8.24,0.76,0.0
20230609:0311,0.0,0.0,0.0,8.21,0.62,0.0
20230609:0411,0.0,2.62,4.14,7.89,0.41,0.0
20230609:0511,235.14,61.21,10.99,8.03,0.34,0.0
20230609:0611,605.52,150.5,18.57,8.83,0.34,0.0
20230609:0711,1560.78,342.36,26.54,10.2,0.69,0.0
20230609:0811,2594.82,549.09,34.56,11.42,0.97,0.0
20230609:0911,3439.26,747.79,42.17,13.16,1.17,0.0
20230609:1011,4003.5,902.09,48.78,14.69,1.24,0.0
20230609:1111,4234.56,978.41,53.52,16.21,1.24,0.0
20230609:1211,4405.98,1036.09,55.44,17.51,1.31,0.0
20230609:1311,4195.86,981.13,54.03,18.66,1.31,0.0
20230609:1411,3962.22,916.43,49.67,19.45,1.31,0.0
20230609:1511,3386.76,760.32,43.29,19.95,1.45,0.0
20230609:1611,2688.3,591.89,35.79,20.12,1.45,0.0
20230609:1711,1682.7,379.35,27.8,19.97,1.52,0.0
20230609:1811,605.22,175.15,19.79,19.37,1.59,0.0
20230609:1911,170.76,49.84,12.13,18.64,1.24,0.0
20230609:2011,58.74,23.61,5.15,17.26,1.1,0.0
20230609:2111,0.0,0.0,0.0,14.98,0.97,0.0
20230609:2211,0.0,0.0,0.0,14.34,0.55,0.0
20230609:2311,0.0,0.0,0.0,13.21,0.14,0.0
20230610:0011,0.0,0.0,0.0,12.27,0.14,0.0
20230610:0111,0.0,0.0,0.0,11.39,0.48,0.0
20230610:0211,0.0,0.0,0.0,10.65,0.69,0.0
20230610:0311,0.0,0.0,0.0,10.11,0.9,0.0
20230610:0411,47.52,20.11,4.19,9.01,1.03,0.0
20230610:0511,247.02,63.84,11.03,9.02,0.97,0.0
20230610:0611,541.56,147.26,18.61,11.62,0.55,0.0
20230610:0711,1429.26,316.34,26.58,13.77,0.62,0.0
20230610:0811,2451.96,532.03,34.6,16.09,0.62,0.0
20230610:0911,3167.34,705.99,42.22,18.33,0.83,0.0
20230610:1011,3608.46,821.4,48.83,20.27,1.45,0.0
20230610:1111,4184.34,979.45,53.58,21.84,2.0,0.0
20230610:1211,4220.46,989.77,55.52,23.1,2.41,0.0
20230610:1311,3846.6,883.45,54.11,24.02,2.9,0.0
20230610:1411,3684.3,839.08,49.76,24.5,3.03,0.0
20230610:1511,3287.22,731.6,43.38,24.57,3.59,0.0
20230610:1611,2414.52,528.38,35.88,24.21,3.66,0.0
20230610:1711,1418.58,318.25,27.89,23.41,3.38,0.0
20230610:1811,624.3,151.53,19.88,22.54,3.1,0.0
20230610:1911,160.5,48.1,12.22,21.72,2.83,0.0
20230610:2011,68.04,26.23,5.24,20.44,2.34,0.0
20230610:2111,0.0,0.0,0.0,19.05,2.14,0.0
20230610:2211,0.0,0.0,0.0,17.68,2.14,0.0
20230610:2311,0.0,0.0,0.0,16.63,2.07,0.0
20230611:0011,0.0,0.0,0.0,15.6,1.93,0.0
20230611:0111,0.0,0.0,0.0,14.66,1.93,0.0
20230611:0211,0.0,0.0,0.0,13.91,1.72,0.0
20230611:0311,0.0,0.0,0.0,13.41,1.52,0.0
20230611:0411,49.8,20.99,4.24,13.09,1.52,0.0
20230611:0511,220.98,59.46,11.07,13.3,1.38,0.0
20230611:0611,50.88,21.32,18.64,13.94,1.17,0.0
20230611:0711,183.6,51.92,26.61,15.05,1.03,0.0
20230611:0811,302.1,76.95,34.63,15.5,1.03,0.0
20230611:0911,882.48,194.96,42.26,16.36,0.9,0.0
20230611:1011,757.38,170.59,48.88,17.32,0.55,0.0
20230611:1111,3083.82,692.39,53.64,18.64,0.62,0.0
20230611:1211,2653.92,584.17,55.59,19.99,1.45,0.0
20230611:1311,1016.4,226.21,54.2,20.96,1.72,0.0
20230611:1411,228.3,63.04,49.84,21.54,1.38,0.0
20230611:1511,494.88,119.6,43.47,22.31,1.1,0.0
20230611:1611,1395.36,308.21,35.96,22.62,1.31,0.0
20230611:1711,967.56,217.82,27.98,21.72,1.93,0.0
20230611:1811,601.2,144.13,19.97,20.08,2.07,0.0
20230611:1911,282.96,74.33,12.31,19.93,1.1,0.0
20230611:2011,68.64,26.23,5.33,18.78,0.9,0.0
20230611:2111,0.0,0.0,0.0,18.05,0.83,0.0
20230611:2211,0.0,0.0,0.0,17.47,0.62,0.0
20230611:2311,0.0,0.0,0.0,17.28,0.41,0.0
20230612:0011,0.0,0.0,0.0,16.88,0.28,0.0
20230612:0111,0.0,0.0,0.0,16.49,0.21,0.0
20230612:0211,0.0,0.0,0.0,15.91,0.21,0.0
20230612:0311,0.0,0.0,0.0,14.75,0.41,0.0
20230612:0411,0.0,2.62,4.28,14.45,0.41,0.0
20230612:0511,66.72,25.36,11.1,14.43,0.41,0.0
20230612:0611,365.76,90.28,18.67,15.36,0.14,0.0
20230612:0711,886.5,197.31,26.64,15.98,0.28,0.0
20230612:0811,2112.66,460.01,34.66,17.77,0.41,0.0
20230612:0911,0.0,0.0,0.0,19.41,0.76,0.0
20230612:1011,2600.64,575.85,48.92,20.95,1.1,0.0
20230612:1111,2112.66,465.1,53.7,21.95,1.31,0.0
20230612:1211,3582.6,828.45,55.66,22.55,1.45,0.0
20230612:1311,2094.06,458.1,54.27,22.09,2.07,0.0
20230612:1411,294.0,76.95,49.92,21.32,2.55,0.0
20230612:1511,295.32,76.95,43.55,20.45,2.62,0.0
20230612:1611,221.94,61.19,36.04,19.62,1.24,0.0
20230612:1711,105.72,35.23,28.06,19.44,1.66,0.0
20230612:1811,56.64,23.18,20.05,18.57,1.66,0.0
20230612:1911,17.58,12.24,12.39,17.96,1.31,0.0
20230612:2011,0.0,4.37,5.41,17.36,1.59,0.0
20230612:2111,0.0,0.0,0.0,16.4,1.38,0.0
20230612:2211,0.0,0.0,0.0,15.49,1.31,0.0
20230612:2311,0.0,0.0,0.0,14.84,1.31,0.0
20230613:0011,0.0,0.0,0.0,14.06,1.31,0.0
20230613:0111,0.0,0.0,0.0,13.49,1.24,0.0
20230613:0211,0.0,0.0,0.0,13.19,1.17,0.0
20230613:0311,0.0,0.0,0.0,12.86,0.97,0.0
20230613:0411,0.0,2.62,4.31,12.76,0.69,0.0
20230613:0511,60.18,23.61,11.13,13.01,0.62,0.0
20230613:0611,242.22,63.97,18.69,13.44,0.83,0.0
20230613:0711,817.2,181.64,26.66,15.05,0.76,0.0
20230613:0811,956.58,210.74,34.68,17.05,0.76,0.0
20230613:0911,1600.56,347.61,42.32,18.91,0.69,0.0
20230613:1011,1939.74,425.85,48.95,20.78,0.69,0.0
20230613:1111,3543.06,829.19,53.74,22.46,0.76,0.0
20230613:1211,2772.24,631.61,55.72,23.73,0.76,0.0
20230613:1311,357.66,91.78,54.34,24.47,0.76,0.0
20230613:1411,296.64,78.8,49.99,24.75,0.76,0.0
20230613:1511,1184.46,266.65,43.62,24.55,0.83,0.0
20230613:1611,1392.9,311.29,36.12,23.86,0.48,0.0
20230613:1711,230.52,63.97,28.13,23.17,1.03,0.0
20230613:1811,144.6,44.5,20.13,21.47,1.52,0.0
20230613:1911,17.1,12.24,12.46,21.86,1.52,0.0
20230613:2011,0.0,4.37,5.48,20.54,0.9,0.0
20230613:2111,0.0,0.0,0.0,21.12,0.28,0.0
20230613:2211,0.0,0.0,0.0,20.38,0.55,0.0
20230613:2311,0.0,0.0,0.0,19.16,0.83,0.0
20230614:0011,0.0,0.0,0.0,18.18,0.9,0.0
20230614:0111,0.0,0.0,0.0,16.56,1.03,0.0
20230614:0211,0.0,0.0,0.0,14.78,1.24,0.0
20230614:0311,0.0,0.0,0.0,13.53,1.38,0.0
20230614:0411,27.12,14.87,4.33,12.6,1.45,0.0
20230614:0511,175.62,49.84,11.15,13.26,1.24,0.0
20230614:0611,554.4,146.69,18.71,16.22,0.9,0.0
20230614:0711,1470.96,335.13,26.68,18.01,0.9,0.0
20230614:0811,2361.78,518.23,34.7,19.81,1.1,0.0
20230614:0911,2193.66,479.1,42.34,21.27,1.59,0.0
20230614:1011,3718.26,857.5,48.98,22.23,1.59,0.0
20230614:1111,3915.06,928.79,53.78,23.04,1.17,0.0
20230614:1211,4028.34,979.18,55.77,23.68,0.76,0.0
20230614:1311,3872.52,940.13,54.4,24.17,0.55,0.0
20230614:1411,3169.56,739.66,50.06,24.33,0.48,0.0
20230614:1511,2110.38,474.49,43.69,24.37,0.34,0.0
20230614:1611,2595.24,595.42,36.19,24.6,0.14,0.0
20230614:1711,1671.78,383.95,28.2,23.33,1.17,0.0
20230614:1811,652.98,174.89,20.2,21.61,1.79,0.0
20230614:1911,255.78,69.08,12.53,21.95,1.59,0.0
20230614:2011,67.86,26.23,5.55,20.94,1.59,0.0
20230614:2111,0.0,0.0,0.0,19.29,1.66,0.0
20230614:2211,0.0,0.0,0.0,17.3,1.79,0.0
20230614:2311,0.0,0.0,0.0,15.58,1.93,0.0
20230615:0011,0.0,0.0,0.0,14.16,2.0,0.0
20230615:0111,0.0,0.0,0.0,12.96,1.93,0.0
20230615:0211,0.0,0.0,0.0,11.81,1.86,0.0
20230615:0311,0.0,0.0,0.0,10.87,1.72,0.0
20230615:0411,43.74,19.24,4.35,10.38,1.66,0.0
20230615:0511,177.42,49.84,11.17,11.32,1.45,0.0
20230615:0611,460.74,143.21,18.72,14.08,1.24,0.0
20230615:0711,1531.8,346.51,26.69,16.73,1.38,0.0
20230615:0811,2583.6,562.53,34.71,18.49,1.66,0.0
20230615:0911,3411.18,760.72,42.35,19.79,1.79,0.0
20230615:1011,3991.26,924.17,49.0,20.86,1.66,0.0
20230615:1111,4320.18,1033.51,53.81,21.75,1.45,0.0
20230615:1211,4335.48,1046.89,55.81,22.51,1.38,0.0
20230615:1311,4248.72,1025.67,54.45,23.11,1.31,0.0
20230615:1411,3895.2,922.27,50.12,23.52,1.24,0.0
20230615:1511,3408.66,789.19,43.76,23.7,1.03,0.0
20230615:1611,2598.42,586.11,36.25,23.75,0.9,0.0
20230615:1711,1645.62,378.93,28.27,23.61,0.76,0.0
20230615:1811,621.48,179.9,20.26,23.33,0.83,0.0
20230615:1911,190.68,55.09,12.6,22.67,1.17,0.0
20230615:2011,71.16,27.11,5.61,21.31,1.52,0.0
20230615:2111,0.0,0.0,0.0,19.06,1.59,0.0
20230615:2211,0.0,0.0,0.0,17.24,1.52,0.0
20230615:2311,0.0,0.0,0.0,15.79,1.38,0.0
20230616:0011,0.0,0.0,0.0,14.54,1.38,0.0
20230616:0111,0.0,0.0,0.0,13.19,1.52,0.0
20230616:0211,0.0,0.0,0.0,12.16,1.59,0.0
20230616:0311,0.0,0.0,0.0,11.49,1.52,0.0
20230616:0411,50.34,20.99,4.36,11.2,1.45,0.0
20230616:0511,180.78,50.72,11.17,12.08,1.24,0.0
20230616:0611,461.1,142.66,18.73,15.11,0.83,0.0
20230616:0711,1509.3,343.93,26.69,17.25,0.69,0.0
20230616:0811,2489.82,550.19,34.72,19.04,0.55,0.0
20230616:0911,3265.14,746.29,42.36,20.43,0.41,0.0
20230616:1011,3790.8,892.08,49.02,21.59,0.76,0.0
20230616:1111,4161.3,1000.12,53.84,22.42,1.1,0.0
20230616:1211,4263.12,1033.1,55.85,23.13,1.24,0.0
20230616:1311,4194.84,1013.35,54.5,23.73,1.31,0.0
20230616:1411,3877.86,916.75,50.18,23.98,1.38,0.0
20230616:1511,3328.98,763.78,43.81,23.96,1.38,0.0
20230616:1611,2403.66,536.75,36.31,23.86,1.31,0.0
20230616:1711,1653.36,379.06,28.33,23.49,1.17,0.0
20230616:1811,629.22,179.31,20.32,22.88,1.1,0.0
20230616:1911,211.02,59.46,12.66,22.14,0.9,0.0
20230616:2011,74.58,27.98,5.67,21.51,1.1,0.0
20230616:2111,0.0,0.0,0.0,19.56,1.1,0.0
20230616:2211,0.0,0.0,0.0,19.21,0.83,0.0
20230616:2311,0.0,0.0,0.0,18.25,0.62,0.0
20230617:0011,0.0,0.0,0.0,17.06,0.41,0.0
20230617:0111,0.0,0.0,0.0,16.03,0.21,0.0
20230617:0211,0.0,0.0,0.0,15.18,0.14,0.0
20230617:0311,0.0,0.0,0.0,14.54,0.07,0.0
20230617:0411,0.0,3.5,4.37,13.99,0.07,0.0
20230617:0511,26.88,14.87,11.18,13.86,0.14,0.0
20230617:0611,594.96,144.46,18.73,14.07,0.28,0.0
20230617:0711,1399.8,313.57,26.69,16.28,0.83,0.0
20230617:0811,2414.22,523.85,34.72,17.71,1.24,0.0
20230617:0911,3259.32,718.9,42.36,19.08,1.86,0.0
20230617:1011,3773.4,852.37,49.03,20.33,2.21,0.0
20230617:1111,3574.44,806.49,53.86,21.32,2.34,0.0
20230617:1211,2927.22,649.12,55.88,21.84,2.28,0.0
20230617:1311,2602.32,574.36,54.55,22.44,2.21,0.0
20230617:1411,787.92,179.86,50.23,22.32,2.14,0.0
20230617:1511,415.98,102.91,43.87,22.16,2.07,0.0
20230617:1611,461.1,112.18,36.37,21.88,1.93,0.0
20230617:1711,998.7,224.24,28.38,21.44,1.66,0.0
20230617:1811,241.92,65.82,20.37,20.93,1.38,0.0
20230617:1911,188.94,54.22,12.71,20.49,1.31,0.0
20230617:2011,0.0,4.37,5.72,19.33,1.59,0.0
20230617:2111,0.0,0.0,0.0,17.77,1.1,0.0
20230617:2211,0.0,0.0,0.0,17.98,0.69,0.0
20230617:2311,0.0,0.0,0.0,17.24,0.76,0.0
20230618:0011,0.0,0.0,0.0,16.45,0.76,0.0
20230618:0111,0.0,0.0,0.0,16.21,0.69,0.0
20230618:0211,0.0,0.0,0.0,15.27,0.83,0.0
20230618:0311,0.0,0.0,0.0,14.68,0.83,0.0
20230618:0411,0.0,3.5,4.37,13.96,0.83,0.0
20230618:0511,20.94,13.12,11.17,13.72,0.76,0.0
20230618:0611,507.78,120.53,18.72,14.62,0.41,0.0
20230618:0711,675.72,153.25,26.68,16.03,0.83,0.0
20230618:0811,2074.2,447.41,34.71,17.43,1.1,0.0
20230618:0911,3227.88,714.78,42.36,18.77,1.45,0.0
20230618:1011,3839.22,874.86,49.03,20.01,1.79,0.0
20230618:1111,4087.08,943.09,53.87,21.03,2.21,0.0
20230618:1211,3823.26,871.46,55.91,21.78,2.55,0.0
20230618:1311,4085.46,940.05,54.58,22.07,2.69,0.0
20230618:1411,2884.02,636.06,50.27,22.18,2.62,0.0
20230618:1511,2758.86,606.8,43.91,22.37,2.48,0.0
20230618:1611,2188.68,478.79,36.42,22.39,2.21,0.0
20230618:1711,1516.08,339.49,28.43,22.16,2.41,0.0
20230618:1811,694.8,171.46,20.42,21.46,2.69,0.0
20230618:1911,303.48,78.7,12.76,20.42,2.21,0.0
20230618:2011,25.98,14.87,5.77,19.13,2.21,0.0
20230618:2111,0.0,0.0,0.0,17.83,1.93,0.0
20230618:2211,0.0,0.0,0.0,16.68,1.52,0.0
20230618:2311,0.0,0.0,0.0,15.57,1.45,0.0
20230619:0011,0.0,0.0,0.0,14.72,1.45,0.0
20230619:0111,0.0,0.0,0.0,14.26,1.66,0.0
20230619:0211,0.0,0.0,0.0,13.63,2.0,0.0
20230619:0311,0.0,0.0,0.0,13.08,2.55,0.0
20230619:0411,0.0,3.5,4.37,12.79,3.03,0.0
20230619:0511,12.72,10.49,11.16,12.81,2.34,0.0
20230619:0611,62.22,24.1,18.71,13.17,2.28,0.0
20230619:0711,555.0,125.95,26.67,12.66,5.03,0.0
20230619:0811,334.5,82.51,34.7,13.13,4.34,0.0
20230619:0911,1039.08,222.38,42.35,14.0,3.38,0.0
20230619:1011,1368.12,291.44,49.02,15.65,2.28,0.0
20230619:1111,2463.18,522.98,53.88,16.63,2.83,0.0
20230619:1211,1409.46,298.3,55.92,16.13,4.34,0.0
20230619:1311,962.88,207.67,54.61,15.06,4.76,0.0
20230619:1411,1070.4,229.35,50.3,15.02,3.93,0.0
20230619:1511,1021.8,220.3,43.95,15.98,4.48,0.0
20230619:1611,683.7,153.9,36.46,16.81,4.28,0.0
20230619:1711,934.26,204.61,28.48,17.04,4.48,0.0
20230619:1811,685.5,161.16,20.47,16.78,4.0,0.0
20230619:1911,23.52,13.99,12.8,16.18,3.52,0.0
20230619:2011,0.0,4.37,5.81,15.73,3.38,0.0
20230619:2111,0.0,0.0,0.0,15.14,3.1,0.0
20230619:2211,0.0,0.0,0.0,14.59,3.03,0.0
20230619:2311,0.0,0.0,0.0,14.19,2.69,0.0
20230620:0011,0.0,0.0,0.0,13.94,2.48,0.0
20230620:0111,0.0,0.0,0.0,13.66,2.41,0.0
20230620:0211,0.0,0.0,0.0,13.7,2.41,0.0
20230620:0311,0.0,0.0,0.0,13.81,2.41,0.0
20230620:0411,0.0,3.5,4.35,13.98,2.34,0.0
20230620:0511,232.62,62.09,11.15,14.27,2.28,0.0
20230620:0611,470.34,140.23,18.69,14.9,2.62,0.0
20230620:0711,1459.2,323.87,26.65,16.07,3.52,0.0
20230620:0811,1155.0,248.61,34.68,17.15,3.66,0.0
20230620:0911,2054.04,434.5,42.33,18.02,3.59,0.0
20230620:1011,3278.04,707.39,49.01,18.26,3.52,0.0
20230620:1111,2117.94,450.49,53.87,18.76,3.72,0.0
20230620:1211,2483.16,533.03,55.93,19.38,3.31,0.0
20230620:1311,3077.28,672.54,54.63,19.7,2.83,0.0
20230620:1411,2079.72,448.01,50.33,19.85,2.48,0.0
20230620:1511,1968.78,423.59,43.99,19.45,2.14,0.0
20230620:1611,924.3,204.78,36.5,18.98,2.28,0.0
20230620:1711,588.0,136.22,28.51,18.24,2.07,0.0
20230620:1811,710.52,179.08,20.5,17.63,1.72,0.0
20230620:1911,273.24,71.71,12.84,18.12,1.38,0.0
20230620:2011,62.34,24.48,5.84,17.0,1.17,0.0
20230620:2111,0.0,0.0,0.0,15.99,1.31,0.0
20230620:2211,0.0,0.0,0.0,14.42,1.38,0.0
20230620:2311,0.0,0.0,0.0,13.15,1.59,0.0
20230621:0011,0.0,0.0,0.0,12.2,1.72,0.0
20230621:0111,0.0,0.0,0.0,11.39,1.79,0.0
20230621:0211,0.0,0.0,0.0,10.63,1.66,0.0
20230621:0311,0.0,0.0,0.0,10.28,1.72,0.0
20230621:0411,27.54,14.87,4.34,10.25,1.79,0.0
20230621:0511,239.76,62.96,11.13,11.71,1.79,0.0
20230621:0611,466.92,139.56,18.67,13.34,2.34,0.0
20230621:0711,1519.26,337.57,26.63,14.61,2.97,0.0
20230621:0811,1992.3,418.58,34.65,15.71,3.38,0.0
20230621:0911,2103.3,440.3,42.31,16.28,3.93,0.0
20230621:1011,2986.32,629.92,49.0,16.43,4.28,0.0
20230621:1111,2563.5,538.57,53.87,16.35,4.21,0.0
20230621:1211,1197.84,256.29,55.94,16.7,4.55,0.0
20230621:1311,3043.62,642.78,54.65,16.69,4.69,0.0
20230621:1411,3513.3,748.64,50.36,16.81,4.62,0.0
20230621:1511,2414.76,504.42,44.02,16.6,4.69,0.0
20230621:1611,2186.46,456.9,36.53,16.4,4.55,0.0
20230621:1711,1486.68,318.9,28.55,15.82,4.41,0.0
20230621:1811,725.88,180.79,20.54,15.12,4.21,0.0
20230621:1911,312.0,78.7,12.87,15.23,3.45,0.0
20230621:2011,84.96,29.73,5.87,14.49,2.97,0.0
20230621:2111,0.0,0.0,0.0,13.59,2.62,0.0
20230621:2211,0.0,0.0,0.0,12.61,2.48,0.0
20230621:2311,0.0,0.0,0.0,11.84,2.41,0.0
20230622:0011,0.0,0.0,0.0,11.2,2.41,0.0
20230622:0111,0.0,0.0,0.0,10.71,2.48,0.0
20230622:0211,0.0,0.0,0.0,10.69,2.55,0.0
20230622:0311,0.0,0.0,0.0,10.71,2.69,0.0
20230622:0411,0.0,3.5,4.31,10.58,2.48,0.0
20230622:0511,190.32,52.47,11.1,10.94,2.34,0.0
20230622:0611,506.58,142.72,18.64,11.72,2.9,0.0
20230622:0711,1505.22,329.95,26.6,12.84,3.31,0.0
20230622:0811,2239.44,465.96,34.62,13.86,3.66,0.0
20230622:0911,1722.3,359.94,42.28,14.85,3.59,0.0
20230622:1011,2679.66,564.7,48.98,15.69,3.38,0.0
20230622:1111,3553.62,769.16,53.85,16.31,3.24,0.0
20230622:1211,2976.36,637.59,55.93,16.97,3.17,0.0
20230622:1311,3689.1,807.63,54.66,17.18,3.1,0.0
20230622:1411,3381.96,734.6,50.38,17.39,2.9,0.0
20230622:1511,3303.54,716.97,44.04,17.26,2.48,0.0
20230622:1611,2655.12,570.91,36.56,17.49,2.14,0.0
20230622:1711,1719.66,379.31,28.57,17.51,2.0,0.0
20230622:1811,674.58,185.72,20.56,17.2,1.72,0.0
20230622:1911,216.3,59.46,12.89,17.23,0.55,0.0
20230622:2011,87.3,30.61,5.89,17.0,0.14,0.0
20230622:2111,0.0,0.0,0.0,15.98,0.62,0.0
20230622:2211,0.0,0.0,0.0,15.68,0.62,0.0
20230622:2311,0.0,0.0,0.0,14.87,0.69,0.0
20230623:0011,0.0,0.0,0.0,13.71,0.97,0.0
20230623:0111,0.0,0.0,0.0,11.68,1.17,0.0
20230623:0211,0.0,0.0,0.0,10.51,1.31,0.0
20230623:0311,0.0,0.0,0.0,9.52,1.45,0.0
20230623:0411,0.0,2.62,4.28,9.0,1.59,0.0
20230623:0511,13.02,10.49,11.07,9.74,1.45,0.0
20230623:0611,70.32,25.96,18.6,11.64,1.31,0.0
20230623:0711,233.34,62.12,26.56,13.61,1.52,0.0
20230623:0811,925.26,200.99,34.59,14.21,1.79,0.0
20230623:0911,1793.1,375.82,42.25,14.37,2.41,0.0
20230623:1011,1921.8,401.84,48.95,15.21,3.59,0.0
20230623:1111,1563.48,329.86,53.83,16.35,4.21,0.0
20230623:1211,2391.48,501.4,55.92,17.35,5.24,0.0
20230623:1311,1205.52,258.54,54.66,17.96,5.66,0.0
20230623:1411,2802.6,592.83,50.39,18.99,5.38,0.0
20230623:1511,1170.18,253.35,44.06,19.37,4.9,0.0
20230623:1611,1413.24,303.24,36.58,19.07,3.72,0.0
20230623:1711,525.24,123.31,28.59,18.47,3.45,0.0
20230623:1811,164.16,48.21,20.58,18.06,2.9,0.0
20230623:1911,20.4,13.12,12.91,17.8,2.97,0.0
20230623:2011,0.0,4.37,5.9,17.05,2.14,0.0
20230623:2111,0.0,0.0,0.0,16.11,2.0,0.0
20230623:2211,0.0,0.0,0.0,15.72,2.07,0.0
20230623:2311,0.0,0.0,0.0,15.46,2.28,0.0
20230624:0011,0.0,0.0,0.0,15.32,2.41,0.0
20230624:0111,0.0,0.0,0.0,15.06,2.21,0.0
20230624:0211,0.0,0.0,0.0,14.93,1.93,0.0
20230624:0311,0.0,0.0,0.0,14.58,2.07,0.0
20230624:0411,39.42,18.36,4.25,14.61,2.21,0.0
20230624:0511,207.06,56.84,11.03,14.89,2.41,0.0
20230624:0611,572.76,142.76,18.56,15.58,3.1,0.0
20230624:0711,1147.02,252.26,26.52,16.73,2.9,0.0
20230624:0811,886.14,195.29,34.55,17.63,3.31,0.0
20230624:0911,956.04,210.05,42.21,18.45,3.45,0.0
20230624:1011,1012.44,221.92,48.91,19.09,3.79,0.0
20230624:1111,2786.7,597.18,53.8,19.88,4.28,0.0
20230624:1211,1847.4,394.45,55.91,20.35,4.76,0.0
20230624:1311,2013.96,430.08,54.65,20.7,4.76,0.0
20230624:1411,1776.42,381.17,50.39,21.37,4.69,0.0
20230624:1511,3388.92,738.16,44.07,21.9,4.41,0.0
20230624:1611,2580.24,556.88,36.59,22.14,4.21,0.0
20230624:1711,1677.12,374.79,28.61,22.16,3.79,0.0
20230624:1811,682.86,180.17,20.6,22.02,3.24,0.0
20230624:1911,251.94,68.21,12.92,21.99,2.48,0.0
20230624:2011,78.36,28.86,5.91,21.03,2.41,0.0
20230624:2111,0.0,0.0,0.0,19.81,2.48,0.0
20230624:2211,0.0,0.0,0.0,18.93,2.48,0.0
20230624:2311,0.0,0.0,0.0,18.25,3.03,0.0
20230625:0011,0.0,0.0,0.0,17.66,3.38,0.0
20230625:0111,0.0,0.0,0.0,17.01,3.52,0.0
20230625:0211,0.0,0.0,0.0,16.67,3.45,0.0
20230625:0311,0.0,0.0,0.0,16.26,3.45,0.0
20230625:0411,48.96,20.99,4.2,16.17,3.45,0.0
20230625:0511,213.6,58.59,10.98,16.65,3.45,0.0
20230625:0611,508.38,141.12,18.52,17.12,3.1,0.0
20230625:0711,1156.38,255.32,26.47,18.21,3.86,0.0
20230625:0811,1647.42,351.13,34.5,19.17,4.41,0.0
20230625:0911,1110.72,242.03,42.17,20.04,4.9,0.0
20230625:1011,381.36,94.56,48.87,20.16,4.97,0.0
20230625:1111,527.88,124.23,53.77,19.67,4.9,0.0
20230625:1211,481.02,114.03,55.88,18.11,4.41,0.0
20230625:1311,361.44,89.0,54.64,16.06,4.07,0.0
20230625:1411,404.76,97.35,50.39,14.71,3.03,0.0
20230625:1511,382.38,92.71,44.08,14.15,2.34,0.0
20230625:1611,286.56,73.24,36.6,14.16,2.07,0.0
20230625:1711,158.7,46.36,28.62,14.31,1.72,0.0
20230625:1811,175.5,50.06,20.61,14.71,2.14,0.0
20230625:1911,36.12,17.49,12.93,14.84,1.93,0.0
20230625:2011,92.34,31.48,5.92,14.54,1.52,0.0
20230625:2111,0.0,0.0,0.0,13.9,1.24,0.0
20230625:2211,0.0,0.0,0.0,12.48,1.17,0.0
20230625:2311,0.0,0.0,0.0,11.32,1.17,0.0
20230626:0011,0.0,0.0,0.0,10.61,1.45,0.0
20230626:0111,0.0,0.0,0.0,10.11,1.79,0.0
20230626:0211,0.0,0.0,0.0,9.78,1.93,0.0
20230626:0311,0.0,0.0,0.0,9.8,2.0,0.0
20230626:0411,50.82,20.99,4.16,9.58,2.21,0.0
20230626:0511,182.7,50.72,10.93,10.26,2.34,0.0
20230626:0611,561.84,130.69,18.47,11.1,2.76,0.0
20230626:0711,1536.9,337.25,26.42,12.07,3.72,0.0
20230626:0811,1805.34,373.38,34.45,12.69,3.86,0.0
20230626:0911,3188.7,664.39,42.12,13.33,4.0,0.0
20230626:1011,2373.06,491.07,48.82,13.81,4.21,0.0
20230626:1111,3606.72,763.16,53.73,14.43,4.48,0.0
20230626:1211,2268.84,471.4,55.85,14.74,4.55,0.0
20230626:1311,981.9,211.38,54.62,15.0,4.76,0.0
20230626:1411,3306.84,694.25,50.38,15.09,4.83,0.0
20230626:1511,3363.78,705.99,44.07,15.28,4.76,0.0
20230626:1611,1345.2,282.94,36.6,14.82,4.62,0.0
20230626:1711,1210.44,258.62,28.62,14.71,4.28,0.0
20230626:1811,753.96,180.53,20.61,14.43,3.72,0.0
20230626:1911,63.3,24.48,12.93,14.4,3.1,0.0
20230626:2011,7.5,8.74,5.91,13.86,2.62,0.0
20230626:2111,0.0,0.0,0.0,13.01,2.28,0.0
20230626:2211,0.0,0.0,0.0,12.23,2.0,0.0
20230626:2311,0.0,0.0,0.0,11.74,2.0,0.0
20230627:0011,0.0,0.0,0.0,11.15,2.0,0.0
20230627:0111,0.0,0.0,0.0,10.73,1.93,0.0
20230627:0211,0.0,0.0,0.0,10.53,1.93,0.0
20230627:0311,0.0,0.0,0.0,10.25,1.86,0.0
20230627:0411,24.48,13.99,4.1,10.26,1.79,0.0
20230627:0511,53.94,21.86,10.88,10.83,1.79,0.0
20230627:0611,556.92,131.38,18.41,11.89,1.86,0.0
20230627:0711,505.56,116.82,26.37,12.99,2.21,0.0
20230627:0811,1737.72,363.2,34.4,13.94,3.03,0.0
20230627:0911,775.92,170.59,42.06,14.16,3.38,0.0
20230627:1011,451.92,106.62,48.77,14.6,4.07,0.0
20230627:1111,610.08,138.14,53.68,14.92,4.21,0.0
20230627:1211,419.46,100.13,55.81,14.34,3.24,0.0
20230627:1311,540.42,124.23,54.6,14.43,3.38,0.0
20230627:1411,336.54,83.44,50.37,14.54,3.72,0.0
20230627:1511,545.46,125.16,44.07,14.09,2.83,0.0
20230627:1611,268.86,69.53,36.6,14.11,2.83,0.0
20230627:1711,391.2,94.56,28.62,14.47,2.69,0.0
20230627:1811,560.64,130.29,20.61,14.98,2.69,0.0
20230627:1911,227.1,61.21,12.92,15.6,3.17,0.0
20230627:2011,0.0,5.25,5.9,15.69,2.97,0.0
20230627:2111,0.0,0.0,0.0,15.62,2.9,0.0
20230627:2211,0.0,0.0,0.0,15.25,2.9,0.0
20230627:2311,0.0,0.0,0.0,14.74,2.83,0.0
20230628:0011,0.0,0.0,0.0,14.18,2.9,0.0
20230628:0111,0.0,0.0,0.0,13.62,2.76,0.0
20230628:0211,0.0,0.0,0.0,13.06,2.55,0.0
20230628:0311,0.0,0.0,0.0,12.53,2.76,0.0
20230628:0411,0.0,2.62,4.04,12.17,2.55,0.0
20230628:0511,12.78,10.49,10.82,12.11,2.34,0.0
20230628:0611,275.76,70.46,18.35,12.32,2.62,0.0
20230628:0711,861.36,188.19,26.3,13.28,2.69,0.0
20230628:0811,1221.6,258.65,34.33,13.54,2.69,0.0
20230628:0911,1491.72,312.8,42.0,13.65,2.69,0.0
20230628:1011,1123.5,238.97,48.71,13.51,2.97,0.0
20230628:1111,473.04,110.33,53.63,12.94,2.34,0.0
20230628:1211,738.24,162.24,55.77,12.42,2.48,0.0
20230628:1311,1332.18,279.79,54.56,12.79,2.97,0.0
20230628:1411,3741.6,799.25,50.35,13.47,3.31,0.0
20230628:1511,2315.76,480.5,44.05,13.75,3.45,0.0
20230628:1611,1308.06,275.18,36.59,13.87,3.66,0.0
20230628:1711,1336.92,284.92,28.61,14.15,3.66,0.0
20230628:1811,647.94,148.76,20.6,13.72,3.24,0.0
20230628:1911,314.22,78.7,12.91,13.71,2.97,0.0
20230628:2011,70.98,26.23,5.89,13.05,2.69,0.0
20230628:2111,0.0,0.0,0.0,12.18,2.48,0.0
20230628:2211,0.0,0.0,0.0,11.25,2.41,0.0
20230628:2311,0.0,0.0,0.0,10.51,2.41,0.0
20230629:0011,0.0,0.0,0.0,9.86,2.34,0.0
20230629:0111,0.0,0.0,0.0,9.32,2.34,0.0
20230629:0211,0.0,0.0,0.0,9.36,2.28,0.0
20230629:0311,0.0,0.0,0.0,9.37,2.21,0.0
20230629:0411,0.0,2.62,3.98,9.36,2.14,0.0
20230629:0511,61.32,23.61,10.75,9.79,2.07,0.0
20230629:0611,223.56,59.33,18.28,10.78,2.69,0.0
20230629:0711,1264.2,271.57,26.24,11.27,2.76,0.0
20230629:0811,2509.56,521.03,34.27,12.03,3.1,0.0
20230629:0911,2993.46,625.01,41.94,12.79,3.1,0.0
20230629:1011,1257.24,265.1,48.65,13.27,3.17,0.0
20230629:1111,3319.44,701.14,53.57,14.0,3.72,0.0
20230629:1211,2104.26,437.99,55.72,14.5,4.0,0.0
20230629:1311,2139.78,445.34,54.52,14.7,4.14,0.0
20230629:1411,2474.4,514.59,50.32,14.91,4.41,0.0
20230629:1511,1570.02,328.06,44.04,14.97,4.62,0.0
20230629:1611,1476.96,309.42,36.58,14.74,4.28,0.0
20230629:1711,447.24,105.69,28.6,14.58,4.0,0.0
20230629:1811,360.24,88.08,20.58,14.16,4.0,0.0
20230629:1911,119.76,37.6,12.9,13.53,3.59,0.0
20230629:2011,5.22,7.87,5.87,13.01,3.45,0.0
20230629:2111,0.0,0.0,0.0,12.09,3.31,0.0
20230629:2211,0.0,0.0,0.0,11.19,3.03,0.0
20230629:2311,0.0,0.0,0.0,10.55,3.17,0.0
20230630:0011,0.0,0.0,0.0,10.63,3.24,0.0
20230630:0111,0.0,0.0,0.0,10.78,3.52,0.0
20230630:0211,0.0,0.0,0.0,10.9,3.59,0.0
20230630:0311,0.0,0.0,0.0,10.96,3.38,0.0
20230630:0411,0.0,2.62,3.91,11.0,3.03,0.0
20230630:0511,12.84,10.49,10.68,11.19,2.76,0.0
20230630:0611,272.28,69.53,18.21,11.59,2.76,0.0
20230630:0711,316.98,78.8,26.17,12.27,2.9,0.0
20230630:0811,801.78,174.53,34.19,12.56,3.17,0.0
20230630:0911,1817.82,377.53,41.86,12.68,2.55,0.0
20230630:1011,816.3,178.0,48.58,13.17,2.83,0.0
20230630:1111,0.0,0.0,0.0,13.67,2.69,0.0
20230630:1211,673.02,150.19,55.66,13.59,2.48,0.0
20230630:1311,365.04,89.0,54.48,13.69,2.62,0.0
20230630:1411,489.78,114.03,50.29,13.89,2.69,0.0
20230630:1511,629.82,141.85,44.01,13.77,2.21,0.0
20230630:1611,714.36,158.54,36.55,13.66,2.14,0.0
20230630:1711,815.28,178.53,28.58,13.29,2.07,0.0
20230630:1811,130.08,39.87,20.56,13.09,2.0,0.0
20230630:1911,23.94,13.99,12.87,13.48,1.24,0.0
20230630:2011,0.0,4.37,5.84,13.25,1.03,0.0
20230630:2111,0.0,0.0,0.0,12.75,1.03,0.0
20230630:2211,0.0,0.0,0.0,12.57,1.03,0.0
20230630:2311,0.0,0.0,0.0,12.49,1.17,0.0
20230701:0011,0.0,0.0,0.0,12.55,1.38,0.0
20230701:0111,0.0,0.0,0.0,12.47,1.66,0.0
20230701:0211,0.0,0.0,0.0,12.29,2.14,0.0
20230701:0311,0.0,0.0,0.0,12.06,2.55,0.0
20230701:0411,0.0,2.62,3.83,12.02,2.55,0.0
20230701:0511,15.54,11.37,10.6,11.98,2.76,0.0
20230701:0611,340.62,83.75,18.13,12.28,2.83,0.0
20230701:0711,930.54,201.74,26.09,12.5,2.69,0.0
20230701:0811,1701.0,354.64,34.12,13.21,2.97,0.0
20230701:0911,1834.38,380.74,41.79,14.11,3.93,0.0
20230701:1011,555.72,126.09,48.5,12.82,5.31,0.0
20230701:1111,1581.48,326.73,53.43,12.59,5.1,0.0
20230701:1211,4592.46,976.48,55.6,12.82,5.72,0.0
20230701:1311,810.24,176.15,54.43,13.7,6.07,0.0
20230701:1411,1262.76,263.89,50.25,13.4,6.62,0.0
20230701:1511,785.58,170.59,43.98,12.81,6.48,0.0
20230701:1611,1094.1,229.9,36.53,12.46,6.55,0.0
20230701:1711,408.0,96.42,28.56,11.58,6.76,0.0
20230701:1811,638.64,143.8,20.54,11.17,6.0,0.0
20230701:1911,319.38,78.7,12.84,10.93,5.45,0.0
20230701:2011,3.12,7.0,5.81,10.44,4.97,0.0
20230701:2111,0.0,0.0,0.0,9.9,4.48,0.0
20230701:2211,0.0,0.0,0.0,9.52,4.41,0.0
20230701:2311,0.0,0.0,0.0,9.32,4.62,0.0
20230702:0011,0.0,0.0,0.0,9.32,4.62,0.0
20230702:0111,0.0,0.0,0.0,9.2,4.55,0.0
20230702:0211,0.0,0.0,0.0,9.21,4.55,0.0
20230702:0311,0.0,0.0,0.0,9.09,4.41,0.0
20230702:0411,0.0,3.5,3.75,9.04,4.28,0.0
20230702:0511,221.82,58.59,10.52,9.3,4.21,0.0
20230702:0611,567.18,131.56,18.05,9.8,4.9,0.0
20230702:0711,1130.34,239.79,26.01,10.45,5.17,0.0
20230702:0811,781.62,168.85,34.04,11.02,5.1,0.0
20230702:0911,1907.64,388.61,41.7,11.37,5.1,0.0
20230702:1011,1490.46,307.53,48.42,11.9,5.17,0.0
20230702:1111,2359.56,482.08,53.35,12.44,5.59,0.0
20230702:1211,661.26,146.48,55.52,12.53,5.45,0.0
20230702:1311,841.2,181.71,54.37,12.96,5.66,0.0
20230702:1411,2505.72,513.09,50.2,12.96,5.52,0.0
20230702:1511,3648.78,755.66,43.94,12.96,5.52,0.0
20230702:1611,1688.76,346.7,36.49,12.21,5.17,0.0
20230702:1711,1320.84,277.07,28.53,11.75,4.9,0.0
20230702:1811,356.28,86.22,20.51,11.34,4.9,0.0
20230702:1911,284.7,71.71,12.81,10.63,4.41,0.0
20230702:2011,90.9,30.61,5.77,10.08,3.79,0.0
20230702:2111,0.0,0.0,0.0,9.43,3.86,0.0
20230702:2211,0.0,0.0,0.0,8.95,3.86,0.0
20230702:2311,0.0,0.0,0.0,8.57,3.93,0.0
20230703:0011,0.0,0.0,0.0,8.5,4.0,0.0
20230703:0111,0.0,0.0,0.0,8.48,3.93,0.0
20230703:0211,0.0,0.0,0.0,8.55,4.0,0.0
20230703:0311,0.0,0.0,0.0,8.5,4.0,0.0
20230703:0411,0.0,2.62,3.66,8.63,4.07,0.0
20230703:0511,21.66,13.12,10.43,8.85,3.72,0.0
20230703:0611,513.9,118.45,17.96,9.06,4.14,0.0
20230703:0711,472.5,108.47,25.92,9.86,4.9,0.0
20230703:0811,705.9,153.9,33.95,10.32,4.55,0.0
20230703:0911,1510.68,309.87,41.62,10.47,4.41,0.0
20230703:1011,1713.24,351.0,48.33,11.18,4.55,0.0
20230703:1111,1519.86,313.39,53.26,11.56,4.76,0.0
20230703:1211,1931.34,396.24,55.45,11.87,4.55,0.0
20230703:1311,983.64,209.53,54.3,12.32,4.14,0.0
20230703:1411,917.82,196.55,50.14,12.29,4.34,0.0
20230703:1511,766.2,166.88,43.9,12.04,4.14,0.0
20230703:1611,685.98,151.12,36.46,11.71,3.86,0.0
20230703:1711,643.98,142.73,28.49,11.29,3.79,0.0
20230703:1811,328.8,80.66,20.47,10.84,3.66,0.0
20230703:1911,57.6,22.74,12.77,10.44,4.14,0.0
20230703:2011,12.96,10.49,5.72,10.12,3.86,0.0
20230703:2111,0.0,0.0,0.0,10.05,3.24,0.0
20230703:2211,0.0,0.0,0.0,10.04,2.69,0.0
20230703:2311,0.0,0.0,0.0,10.07,2.34,0.0
20230704:0011,0.0,0.0,0.0,9.96,1.59,0.0
20230704:0111,0.0,0.0,0.0,9.83,1.24,0.0
20230704:0211,0.0,0.0,0.0,9.6,1.31,0.0
20230704:0311,0.0,0.0,0.0,9.38,1.24,0.0
20230704:0411,0.0,2.62,3.57,9.11,0.9,0.0
20230704:0511,15.84,11.37,10.34,9.2,0.69,0.0
20230704:0611,410.82,97.27,17.87,9.42,0.83,0.0
20230704:0711,869.64,188.18,25.83,9.66,0.62,0.0
20230704:0811,1422.18,297.63,33.86,10.04,0.55,0.0
20230704:0911,1769.34,369.29,41.52,11.09,0.83,0.0
20230704:1011,1827.78,382.17,48.24,11.58,1.03,0.0
20230704:1111,2507.46,528.94,53.17,12.25,1.31,0.0
20230704:1211,1428.48,301.16,55.36,12.73,1.52,0.0
20230704:1311,2117.94,444.87,54.23,12.99,1.59,0.0
20230704:1411,1457.88,307.02,50.08,12.95,1.66,0.0
20230704:1511,2239.08,470.44,43.84,13.1,1.45,0.0
20230704:1611,1915.26,400.92,36.41,12.88,1.59,0.0
20230704:1711,982.5,211.56,28.45,12.42,1.72,0.0
20230704:1811,289.74,73.24,20.42,11.85,1.72,0.0
20230704:1911,60.66,23.61,12.72,11.68,1.52,0.0
20230704:2011,0.0,4.37,5.67,11.12,1.31,0.0
20230704:2111,0.0,0.0,0.0,10.51,1.24,0.0
20230704:2211,0.0,0.0,0.0,9.92,1.1,0.0
20230704:2311,0.0,0.0,0.0,9.43,1.1,0.0
20230705:0011,0.0,0.0,0.0,8.61,1.03,0.0
20230705:0111,0.0,0.0,0.0,8.47,0.83,0.0
20230705:0211,0.0,0.0,0.0,8.88,0.62,0.0
20230705:0311,0.0,0.0,0.0,8.79,0.48,0.0
20230705:0411,0.0,3.5,3.47,8.71,0.55,0.0
20230705:0511,146.94,42.85,10.24,8.4,0.69,0.0
20230705:0611,128.34,38.94,17.77,9.22,0.48,0.0
20230705:0711,0.0,0.0,0.0,9.86,0.83,0.0
20230705:0811,1779.48,371.62,33.76,10.55,0.76,0.0
20230705:0911,1710.36,356.98,41.43,11.26,0.97,0.0
20230705:1011,2590.08,547.93,48.14,11.95,0.97,0.0
20230705:1111,2357.1,499.56,53.08,12.97,0.97,0.0
20230705:1211,3833.94,858.93,55.27,13.34,0.97,0.0
20230705:1311,2627.64,561.38,54.15,14.3,1.38,0.0
20230705:1411,2590.38,552.47,50.02,14.71,1.52,0.0
20230705:1511,2344.2,497.5,43.79,14.98,1.52,0.0
20230705:1611,2639.22,561.69,36.36,14.74,1.72,0.0
20230705:1711,1526.04,328.13,28.4,14.58,2.14,0.0
20230705:1811,665.04,153.28,20.37,14.37,2.34,0.0
20230705:1911,296.28,75.2,12.67,13.98,2.0,0.0
20230705:2011,0.0,4.37,5.61,13.17,1.93,0.0
20230705:2111,0.0,0.0,0.0,12.32,1.66,0.0
20230705:2211,0.0,0.0,0.0,11.44,1.66,0.0
20230705:2311,0.0,0.0,0.0,10.6,1.79,0.0
20230706:0011,0.0,0.0,0.0,10.06,1.72,0.0
20230706:0111,0.0,0.0,0.0,9.54,1.79,0.0
20230706:0211,0.0,0.0,0.0,9.05,1.79,0.0
20230706:0311,0.0,0.0,0.0,8.87,1.79,0.0
20230706:0411,3.24,7.0,3.37,8.73,1.86,0.0
20230706:0511,225.54,59.46,10.14,9.36,1.93,0.0
20230706:0611,488.94,114.66,17.67,10.63,2.21,0.0
20230706:0711,898.62,194.77,25.63,11.89,2.83,0.0
20230706:0811,1649.16,343.87,33.66,12.92,2.83,0.0
20230706:0911,1746.36,364.48,41.32,13.82,2.76,0.0
20230706:1011,1260.9,268.31,48.04,14.68,2.41,0.0
20230706:1111,1596.66,337.9,52.97,15.35,2.34,0.0
20230706:1211,576.54,132.58,55.17,16.07,2.28,0.0
20230706:1311,2701.02,579.43,54.06,16.35,2.07,0.0
20230706:1411,1684.68,359.6,49.94,16.72,1.72,0.0
20230706:1511,942.72,207.05,43.72,16.79,1.59,0.0
20230706:1611,416.28,100.13,36.3,15.64,2.41,0.0
20230706:1711,224.22,60.26,28.34,14.14,2.83,0.0
20230706:1811,130.08,39.87,20.32,13.24,2.76,0.0
20230706:1911,188.52,52.47,12.61,12.82,2.48,0.0
20230706:2011,0.0,4.37,5.54,12.29,2.9,0.0
20230706:2111,0.0,0.0,0.0,11.9,3.45,0.0
20230706:2211,0.0,0.0,0.0,11.8,3.79,0.0
20230706:2311,0.0,0.0,0.0,11.82,4.14,0.0
20230707:0011,0.0,0.0,0.0,11.82,4.07,0.0
20230707:0111,0.0,0.0,0.0,11.9,3.66,0.0
20230707:0211,0.0,0.0,0.0,12.05,3.17,0.0
20230707:0311,0.0,0.0,0.0,12.18,2.55,0.0
20230707:0411,10.14,9.62,3.26,12.29,2.07,0.0
20230707:0511,176.16,49.84,10.03,12.78,1.86,0.0
20230707:0611,300.84,76.02,17.57,13.61,1.86,0.0
20230707:0711,765.3,170.49,25.52,14.93,2.0,0.0
20230707:0811,921.42,201.3,33.55,16.22,2.97,0.0
20230707:0911,1229.04,263.66,41.22,17.46,3.79,0.0
20230707:1011,2567.82,541.33,47.93,18.2,4.76,0.0
20230707:1111,1450.92,309.75,52.86,18.88,5.03,0.0
20230707:1211,1387.32,297.91,55.07,19.81,5.31,0.0
20230707:1311,1874.16,398.94,53.97,20.33,5.31,0.0
20230707:1411,1850.52,393.34,49.86,20.46,5.66,0.0
20230707:1511,2381.94,505.4,43.65,20.39,5.1,0.0
20230707:1611,934.32,206.96,36.24,20.58,4.69,0.0
20230707:1711,584.04,136.25,28.28,20.51,4.14,0.0
20230707:1811,562.74,133.81,20.25,20.02,3.52,0.0
20230707:1911,247.56,66.46,12.54,19.12,2.76,0.0
20230707:2011,7.2,8.74,5.47,18.43,2.34,0.0
20230707:2111,0.0,0.0,0.0,17.35,2.07,0.0
20230707:2211,0.0,0.0,0.0,16.21,1.72,0.0
20230707:2311,0.0,0.0,0.0,14.77,1.59,0.0
20230708:0011,0.0,0.0,0.0,13.22,1.66,0.0
20230708:0111,0.0,0.0,0.0,12.17,1.66,0.0
20230708:0211,0.0,0.0,0.0,11.56,1.72,0.0
20230708:0311,0.0,0.0,0.0,11.19,1.72,0.0
20230708:0411,24.36,13.99,3.15,10.88,1.72,0.0
20230708:0511,189.54,52.47,9.92,11.62,1.52,0.0
20230708:0611,404.28,124.27,17.46,14.85,1.38,0.0
20230708:0711,1365.48,311.93,25.41,17.4,1.93,0.0
20230708:0811,2388.18,517.11,33.44,19.42,2.41,0.0
20230708:0911,3242.04,708.26,41.11,21.13,3.38,0.0
20230708:1011,3889.98,868.64,47.81,22.53,4.0,0.0
20230708:1111,3177.06,698.31,52.75,23.71,4.55,0.0
20230708:1211,1384.98,303.95,54.96,24.37,5.17,0.0
20230708:1311,2281.02,494.41,53.87,24.41,5.38,0.0
20230708:1411,2629.98,570.71,49.78,23.9,4.97,0.0
20230708:1511,513.3,123.31,43.58,23.33,4.21,0.0
20230708:1611,344.52,88.08,36.17,22.96,3.66,0.0
20230708:1711,198.0,56.55,28.21,22.32,2.48,0.0
20230708:1811,81.3,29.67,20.19,21.92,2.14,0.0
20230708:1911,17.22,12.24,12.47,20.65,2.28,0.0
20230708:2011,0.0,4.37,5.39,19.45,1.79,0.0
20230708:2111,0.0,0.0,0.0,18.24,1.72,0.0
20230708:2211,0.0,0.0,0.0,17.48,1.93,0.0
20230708:2311,0.0,0.0,0.0,16.76,1.93,0.0
20230709:0011,0.0,0.0,0.0,16.2,1.72,0.0
20230709:0111,0.0,0.0,0.0,15.69,1.66,0.0
20230709:0211,0.0,0.0,0.0,15.06,0.9,0.0
20230709:0311,0.0,0.0,0.0,14.5,0.97,0.0
20230709:0411,0.0,1.75,3.03,13.91,1.1,0.0
20230709:0511,9.96,9.62,9.8,14.29,0.9,0.0
20230709:0611,124.8,38.94,17.34,14.65,0.83,0.0
20230709:0711,267.12,69.53,25.3,14.97,1.24,0.0
20230709:0811,745.44,166.2,33.33,15.54,1.72,0.0
20230709:0911,1085.58,235.64,40.99,16.7,1.79,0.0
20230709:1011,1939.92,414.85,47.69,17.45,1.72,0.0
20230709:1111,1741.68,373.2,52.63,17.73,1.86,0.0
20230709:1211,1895.82,406.5,54.84,18.28,2.14,0.0
20230709:1311,1439.52,310.82,53.76,19.0,2.41,0.0
20230709:1411,3457.44,765.19,49.68,19.28,2.41,0.0
20230709:1511,3163.38,693.67,43.5,19.53,2.28,0.0
20230709:1611,2597.4,561.83,36.09,19.46,2.34,0.0
20230709:1711,1523.04,335.01,28.14,19.27,2.48,0.0
20230709:1811,700.86,169.61,20.11,18.91,2.48,0.0
20230709:1911,248.04,66.46,12.39,18.51,1.86,0.0
20230709:2011,7.26,8.74,5.31,17.67,1.38,0.0
20230709:2111,0.0,0.0,0.0,16.29,1.17,0.0
20230709:2211,0.0,0.0,0.0,15.41,1.24,0.0
20230709:2311,0.0,0.0,0.0,14.5,1.31,0.0
20230710:0011,0.0,0.0,0.0,14.09,1.17,0.0
20230710:0111,0.0,0.0,0.0,13.14,1.31,0.0
20230710:0211,0.0,0.0,0.0,12.74,1.31,0.0
20230710:0311,0.0,0.0,0.0,12.72,1.17,0.0
20230710:0411,15.48,11.37,2.9,12.08,1.24,0.0
20230710:0511,214.56,57.71,9.68,11.56,1.52,0.0
20230710:0611,383.7,121.72,17.22,13.78,1.86,0.0
20230710:0711,1393.86,314.21,25.18,14.73,2.41,0.0
20230710:0811,2465.1,523.46,33.21,15.64,2.62,0.0
20230710:0911,3149.1,675.14,40.87,16.65,2.76,0.0
20230710:1011,951.12,208.6,47.57,17.36,2.62,0.0
20230710:1111,2124.48,454.34,52.5,17.69,2.14,0.0
20230710:1211,1957.56,419.31,54.72,17.73,1.93,0.0
20230710:1311,2906.52,631.89,53.65,17.77,2.0,0.0
20230710:1411,1294.92,280.03,49.58,17.96,1.93,0.0
20230710:1511,1211.28,262.91,43.41,18.35,2.07,0.0
20230710:1611,2065.2,440.66,36.01,17.97,2.34,0.0
20230710:1711,945.96,208.22,28.06,16.99,2.14,0.0
20230710:1811,76.02,27.81,20.03,16.64,2.0,0.0
20230710:1911,17.88,12.24,12.3,15.32,1.66,0.0
20230710:2011,0.0,4.37,5.22,14.19,1.66,0.0
20230710:2111,0.0,0.0,0.0,13.51,1.79,0.0
20230710:2211,0.0,0.0,0.0,13.18,1.79,0.0
20230710:2311,0.0,0.0,0.0,12.95,1.93,0.0
20230711:0011,0.0,0.0,0.0,12.71,2.28,0.0
20230711:0111,0.0,0.0,0.0,12.32,2.55,0.0
20230711:0211,0.0,0.0,0.0,11.88,2.62,0.0
20230711:0311,0.0,0.0,0.0,11.68,2.21,0.0
20230711:0411,0.0,1.75,2.77,11.71,2.0,0.0
20230711:0511,7.68,8.74,9.56,11.72,2.0,0.0
20230711:0611,156.54,45.43,17.1,11.81,2.21,0.0
20230711:0711,147.6,43.57,25.06,12.33,2.41,0.0
20230711:0811,298.14,75.1,33.08,12.51,2.41,0.0
20230711:0911,469.14,109.4,40.74,12.58,2.28,0.0
20230711:1011,1708.56,358.05,47.44,13.44,2.0,0.0
20230711:1111,1539.0,323.73,52.37,13.94,2.41,0.0
20230711:1211,922.44,200.25,54.59,14.34,2.34,0.0
20230711:1311,982.62,213.23,53.53,15.47,2.48,0.0
20230711:1411,1027.68,222.89,49.48,16.11,2.48,0.0
20230711:1511,1052.22,228.11,43.31,16.55,2.62,0.0
20230711:1611,792.42,175.41,35.92,15.97,2.83,0.0
20230711:1711,460.8,108.47,27.97,14.4,2.83,0.0
20230711:1811,193.92,53.77,19.94,13.59,2.34,0.0
20230711:1911,199.98,55.09,12.21,13.68,2.07,0.0
20230711:2011,3.0,7.0,5.12,13.24,2.14,0.0
20230711:2111,0.0,0.0,0.0,12.47,2.21,0.0
20230711:2211,0.0,0.0,0.0,12.06,2.21,0.0
20230711:2311,0.0,0.0,0.0,11.76,2.41,0.0
20230712:0011,0.0,0.0,0.0,11.62,2.34,0.0
20230712:0111,0.0,0.0,0.0,11.56,2.41,0.0
20230712:0211,0.0,0.0,0.0,11.15,2.41,0.0
20230712:0311,0.0,0.0,0.0,11.25,2.48,0.0
20230712:0411,7.74,8.74,2.64,11.15,2.83,0.0
20230712:0511,71.64,26.23,9.42,11.29,2.28,0.0
20230712:0611,222.6,59.33,16.97,11.56,2.28,0.0
20230712:0711,257.94,66.75,24.93,12.25,3.45,0.0
20230712:0811,796.86,173.64,32.95,12.65,3.17,0.0
20230712:0911,773.82,169.66,40.61,13.22,2.9,0.0
20230712:1011,700.92,155.75,47.31,13.84,2.83,0.0
20230712:1111,610.26,138.14,52.23,14.41,3.03,0.0
20230712:1211,1136.46,242.41,54.45,14.45,3.24,0.0
20230712:1311,1183.38,250.75,53.4,13.67,3.45,0.0
20230712:1411,1175.88,250.59,49.36,14.41,2.76,0.0
20230712:1511,1768.08,370.6,43.21,14.5,2.55,0.0
20230712:1611,1483.56,313.41,35.83,14.93,2.34,0.0
20230712:1711,1198.86,258.1,27.88,14.85,2.48,0.0
20230712:1811,300.24,76.02,19.85,14.19,2.62,0.0
20230712:1911,195.66,54.22,12.12,13.91,2.14,0.0
20230712:2011,0.0,3.5,5.01,13.48,1.79,0.0
20230712:2111,0.0,0.0,0.0,12.87,1.45,0.0
20230712:2211,0.0,0.0,0.0,11.97,1.52,0.0
20230712:2311,0.0,0.0,0.0,11.52,1.59,0.0
20230713:0011,0.0,0.0,0.0,11.03,1.59,0.0
20230713:0111,0.0,0.0,0.0,11.02,1.59,0.0
20230713:0211,0.0,0.0,0.0,10.67,1.52,0.0
20230713:0311,0.0,0.0,0.0,10.51,1.45,0.0
20230713:0411,0.0,1.75,2.5,10.3,1.38,0.0
20230713:0511,169.8,48.1,9.29,10.6,1.1,0.0
20230713:0611,502.38,120.8,16.83,11.46,1.17,0.0
20230713:0711,1221.6,267.72,24.8,11.93,1.52,0.0
20230713:0811,1636.5,343.03,32.82,12.45,1.59,0.0
20230713:0911,1538.94,322.68,40.47,12.87,1.72,0.0
20230713:1011,2811.78,596.44,47.17,13.54,1.79,0.0
20230713:1111,3009.84,644.3,52.09,14.26,1.93,0.0
20230713:1211,1156.62,247.05,54.31,14.17,2.21,0.0
20230713:1311,2172.66,457.55,53.27,14.9,2.41,0.0
20230713:1411,1715.52,362.0,49.24,15.49,2.55,0.0
20230713:1511,1611.54,340.38,43.1,15.55,2.48,0.0
20230713:1611,680.82,152.97,35.73,15.44,2.41,0.0
20230713:1711,639.42,144.6,27.78,15.15,2.41,0.0
20230713:1811,681.72,158.71,19.75,14.34,2.69,0.0
20230713:1911,63.42,24.48,12.01,13.9,1.52,0.0
20230713:2011,56.64,22.74,4.9,13.31,1.38,0.0
20230713:2111,0.0,0.0,0.0,12.53,1.03,0.0
20230713:2211,0.0,0.0,0.0,12.34,0.55,0.0
20230713:2311,0.0,0.0,0.0,12.16,0.28,0.0
20230714:0011,0.0,0.0,0.0,11.88,0.55,0.0
20230714:0111,0.0,0.0,0.0,11.58,0.62,0.0
20230714:0211,0.0,0.0,0.0,11.13,0.62,0.0
20230714:0311,0.0,0.0,0.0,10.57,0.76,0.0
20230714:0411,0.0,1.75,2.36,9.49,0.76,0.0
20230714:0511,10.44,9.62,9.15,9.01,0.83,0.0
20230714:0611,201.36,54.7,16.7,10.31,1.03,0.0
20230714:0711,353.94,86.22,24.66,11.87,1.72,0.0
20230714:0811,614.88,138.14,32.69,12.33,1.86,0.0
20230714:0911,1632.18,340.63,40.33,12.79,2.14,0.0
20230714:1011,1263.48,266.97,47.02,12.95,2.14,0.0
20230714:1111,749.64,165.02,51.94,13.25,2.62,0.0
20230714:1211,836.88,182.64,54.16,13.52,2.21,0.0
20230714:1311,1899.18,398.82,53.13,13.75,1.93,0.0
20230714:1411,1699.26,357.92,49.12,14.49,2.07,0.0
20230714:1511,1087.26,234.05,42.99,15.0,2.0,0.0
20230714:1611,1046.22,225.82,35.62,15.72,2.76,0.0
20230714:1711,325.2,81.59,27.68,15.65,2.83,0.0
20230714:1811,88.32,30.59,19.65,15.21,2.76,0.0
20230714:1911,18.0,12.24,11.9,14.56,2.97,0.0
20230714:2011,0.0,3.5,4.79,13.63,3.31,0.0
20230714:2111,0.0,0.0,0.0,12.99,3.17,0.0
20230714:2211,0.0,0.0,0.0,12.57,3.59,0.0
20230714:2311,0.0,0.0,0.0,12.28,4.14,0.0
20230715:0011,0.0,0.0,0.0,12.1,4.62,0.0
20230715:0111,0.0,0.0,0.0,11.96,4.97,0.0
20230715:0211,0.0,0.0,0.0,12.01,4.9,0.0
20230715:0311,0.0,0.0,0.0,12.06,4.9,0.0
20230715:0411,0.0,3.5,2.21,11.89,4.21,0.0
20230715:0511,185.52,51.59,9.0,11.79,3.38,0.0
20230715:0611,474.06,123.47,16.55,11.76,2.62,0.0
20230715:0711,1159.32,254.51,24.52,12.67,1.72,0.0
20230715:0811,2071.38,439.92,32.54,13.79,0.97,0.0
20230715:0911,1458.9,310.4,40.19,15.23,1.38,0.0
20230715:1011,1369.98,293.58,46.87,16.48,1.79,0.0
20230715:1111,2470.68,529.58,51.78,17.23,2.07,0.0
20230715:1211,997.62,218.8,54.01,18.11,2.55,0.0
20230715:1311,1981.2,422.53,52.98,18.24,2.83,0.0
20230715:1411,1723.98,366.34,48.99,17.26,2.76,0.0
20230715:1511,1563.72,332.42,42.87,16.3,2.07,0.0
20230715:1611,1021.56,222.85,35.51,16.63,1.45,0.0
20230715:1711,282.9,73.24,27.57,16.62,1.72,0.0
20230715:1811,371.88,91.37,19.54,15.77,2.14,0.0
20230715:1911,265.08,69.08,11.79,14.86,1.17,0.0
20230715:2011,52.8,21.86,4.67,14.34,1.1,0.0
20230715:2111,0.0,0.0,0.0,13.51,1.24,0.0
20230715:2211,0.0,0.0,0.0,12.69,1.52,0.0
20230715:2311,0.0,0.0,0.0,12.11,1.72,0.0
20230716:0011,0.0,0.0,0.0,11.93,1.79,0.0
20230716:0111,0.0,0.0,0.0,11.81,2.0,0.0
20230716:0211,0.0,0.0,0.0,11.52,2.14,0.0
20230716:0311,0.0,0.0,0.0,11.5,2.28,0.0
20230716:0411,0.0,0.87,2.06,11.51,2.76,0.0
20230716:0511,5.28,7.87,8.86,11.91,2.9,0.0
20230716:0611,77.88,27.81,16.41,12.32,2.69,0.0
20230716:0711,1026.12,224.39,24.38,13.08,2.21,0.0
20230716:0811,1637.28,342.45,32.4,13.56,2.9,0.0
20230716:0911,1627.74,338.78,40.04,13.94,3.79,0.0
20230716:1011,1276.32,269.27,46.72,14.23,3.93,0.0
20230716:1111,1804.08,375.75,51.62,14.31,3.86,0.0
20230716:1211,355.86,87.15,53.85,14.14,4.48,0.0
20230716:1311,410.58,98.27,52.83,14.46,4.34,0.0
20230716:1411,424.02,101.05,48.85,14.75,4.62,0.0
20230716:1511,1153.08,244.05,42.74,14.3,5.17,0.0
20230716:1611,880.32,189.77,35.39,13.47,5.38,0.0
20230716:1711,507.9,116.82,27.45,12.92,4.9,0.0
20230716:1811,423.0,100.23,19.42,12.49,4.48,0.0
20230716:1911,57.24,22.74,11.67,11.56,4.21,0.0
20230716:2011,0.0,3.5,4.54,11.01,3.72,0.0
20230716:2111,0.0,0.0,0.0,10.39,3.38,0.0
20230716:2211,0.0,0.0,0.0,9.99,3.38,0.0
20230716:2311,0.0,0.0,0.0,9.55,3.24,0.0
20230717:0011,0.0,0.0,0.0,9.36,3.17,0.0
20230717:0111,0.0,0.0,0.0,9.28,3.17,0.0
20230717:0211,0.0,0.0,0.0,9.26,3.03,0.0
20230717:0311,0.0,0.0,0.0,9.18,2.83,0.0
20230717:0411,0.0,0.87,1.9,9.12,2.62,0.0
20230717:0511,5.46,7.87,8.7,9.15,2.69,0.0
20230717:0611,225.12,59.33,16.26,9.38,2.55,0.0
20230717:0711,624.42,138.56,24.23,9.93,3.03,0.0
20230717:0811,631.62,139.99,32.25,10.52,3.17,0.0
20230717:0911,1457.88,301.55,39.89,11.08,3.24,0.0
20230717:1011,1857.54,382.62,46.56,11.88,3.45,0.0
20230717:1111,3271.14,685.01,51.46,12.86,3.79,0.0
20230717:1211,2607.12,541.78,53.68,13.48,3.79,0.0
20230717:1311,1176.36,248.91,52.67,13.74,4.14,0.0
20230717:1411,1450.14,303.24,48.7,13.84,4.14,0.0
20230717:1511,1287.42,270.39,42.61,13.81,4.48,0.0
20230717:1611,972.24,208.09,35.26,13.47,4.41,0.0
20230717:1711,1054.86,225.6,27.33,13.01,3.66,0.0
20230717:1811,406.44,96.94,19.29,12.59,3.45,0.0
20230717:1911,86.04,29.73,11.54,12.22,2.76,0.0
20230717:2011,27.3,14.87,4.4,11.51,2.07,0.0
20230717:2111,0.0,0.0,0.0,11.0,1.72,0.0
20230717:2211,0.0,0.0,0.0,10.58,1.66,0.0
20230717:2311,0.0,0.0,0.0,10.06,1.66,0.0
20230718:0011,0.0,0.0,0.0,9.62,1.59,0.0
20230718:0111,0.0,0.0,0.0,9.04,1.52,0.0
20230718:0211,0.0,0.0,0.0,8.4,1.52,0.0
20230718:0311,0.0,0.0,0.0,7.69,1.52,0.0
20230718:0411,0.0,0.87,1.74,7.34,1.45,0.0
20230718:0511,156.06,44.6,8.55,7.39,1.38,0.0
20230718:0611,470.82,112.65,16.11,9.46,1.24,0.0
20230718:0711,995.46,215.73,24.08,10.46,1.52,0.0
20230718:0811,2001.06,417.17,32.1,11.49,1.72,0.0
20230718:0911,1893.72,394.59,39.73,12.41,1.72,0.0
20230718:1011,2559.42,539.61,46.39,13.29,1.72,0.0
20230718:1111,4492.32,1018.31,51.29,13.95,1.93,0.0
20230718:1211,3045.3,651.08,53.51,14.2,2.14,0.0
20230718:1311,2792.88,594.44,52.51,14.94,2.28,0.0
20230718:1411,2721.18,578.54,48.55,15.15,2.21,0.0
20230718:1511,1542.9,326.71,42.47,15.19,1.93,0.0
20230718:1611,1662.54,350.67,35.13,15.32,2.34,0.0
20230718:1711,1228.2,264.24,27.2,14.9,2.69,0.0
20230718:1811,707.34,173.38,19.16,13.89,2.41,0.0
20230718:1911,15.42,11.37,11.4,12.57,1.24,0.0
20230718:2011,46.62,20.11,4.26,12.16,0.62,0.0
20230718:2111,0.0,0.0,0.0,11.6,0.9,0.0
20230718:2211,0.0,0.0,0.0,11.05,1.03,0.0
20230718:2311,0.0,0.0,0.0,10.04,1.17,0.0
20230719:0011,0.0,0.0,0.0,9.8,1.24,0.0
20230719:0111,0.0,0.0,0.0,9.53,1.31,0.0
20230719:0211,0.0,0.0,0.0,8.92,1.38,0.0
20230719:0311,0.0,0.0,0.0,8.98,1.31,0.0
20230719:0411,0.0,0.87,1.57,8.8,1.38,0.0
20230719:0511,162.72,46.35,8.39,9.26,1.31,0.0
20230719:0611,474.84,115.19,15.95,10.33,1.79,0.0
20230719:0711,1130.1,245.39,23.92,10.81,2.34,0.0
20230719:0811,843.84,182.34,31.94,11.76,2.69,0.0
20230719:0911,877.5,189.43,39.57,12.53,2.97,0.0
20230719:1011,389.58,93.64,46.23,13.01,2.97,0.0
20230719:1111,947.82,203.96,51.11,13.23,2.9,0.0
20230719:1211,2425.68,506.2,53.33,13.37,2.9,0.0
20230719:1311,1042.62,223.43,52.34,13.97,2.97,0.0
20230719:1411,1106.28,236.32,48.39,14.14,2.83,0.0
20230719:1511,646.2,145.56,42.32,14.74,2.69,0.0
20230719:1611,697.38,155.75,34.99,14.85,2.76,0.0
20230719:1711,981.18,212.75,27.07,14.6,2.9,0.0
20230719:1811,591.48,137.63,19.03,14.16,2.9,0.0
20230719:1911,267.84,69.08,11.26,13.17,2.69,0.0
20230719:2011,0.0,4.37,4.12,12.54,2.48,0.0
20230719:2111,0.0,0.0,0.0,11.69,2.28,0.0
20230719:2211,0.0,0.0,0.0,11.07,2.34,0.0
20230719:2311,0.0,0.0,0.0,10.46,2.28,0.0
20230720:0011,0.0,0.0,0.0,10.2,2.34,0.0
20230720:0111,0.0,0.0,0.0,10.02,2.41,0.0
20230720:0211,0.0,0.0,0.0,9.85,2.41,0.0
20230720:0311,0.0,0.0,0.0,10.04,2.55,0.0
20230720:0411,0.0,0.87,1.4,9.65,2.14,0.0
20230720:0511,68.58,25.36,8.22,9.85,2.21,0.0
20230720:0611,278.82,70.46,15.79,10.05,2.41,0.0
20230720:0711,847.08,184.09,23.76,10.35,2.28,0.0
20230720:0811,1937.82,400.83,31.78,10.74,2.28,0.0
20230720:0911,2190.6,451.43,39.41,11.38,2.55,0.0
20230720:1011,2149.86,443.94,46.05,12.11,2.97,0.0
20230720:1111,1894.14,393.29,50.93,12.95,3.03,0.0
20230720:1211,2264.7,471.43,53.15,13.55,3.17,0.0
20230720:1311,1144.26,243.35,52.16,13.8,3.1,0.0
20230720:1411,780.78,171.51,48.23,13.99,3.1,0.0
20230720:1511,1550.88,324.18,42.17,13.9,3.24,0.0
20230720:1611,711.78,157.61,34.85,13.46,2.9,0.0
20230720:1711,212.58,57.48,26.93,12.67,2.83,0.0
20230720:1811,55.14,22.25,18.89,11.95,2.48,0.0
20230720:1911,15.54,11.37,11.12,11.42,1.72,0.0
20230720:2011,0.0,2.62,3.96,10.94,1.1,0.0
20230720:2111,0.0,0.0,0.0,10.61,1.03,0.0
20230720:2211,0.0,0.0,0.0,9.67,1.03,0.0
20230720:2311,0.0,0.0,0.0,9.19,1.17,0.0
20230721:0011,0.0,0.0,0.0,8.42,1.38,0.0
20230721:0111,0.0,0.0,0.0,8.17,1.38,0.0
20230721:0211,0.0,0.0,0.0,7.89,1.52,0.0
20230721:0311,0.0,0.0,0.0,7.75,1.59,0.0
20230721:0411,0.0,0.0,0.0,7.81,1.66,0.0
20230721:0511,34.32,16.61,8.05,8.0,1.72,0.0
20230721:0611,280.26,70.46,15.62,8.87,1.86,0.0
20230721:0711,418.86,98.27,23.6,9.85,2.41,0.0
20230721:0811,698.88,153.13,31.62,10.36,2.55,0.0
20230721:0911,1127.34,237.17,39.24,11.15,2.76,0.0
20230721:1011,1710.48,354.28,45.88,11.92,2.76,0.0
20230721:1111,1250.28,263.74,50.74,13.01,2.9,0.0
20230721:1211,1186.68,251.71,52.96,13.48,2.83,0.0
20230721:1311,1859.16,388.56,51.98,14.05,2.9,0.0
20230721:1411,3375.72,720.22,48.06,14.24,2.9,0.0
20230721:1511,3466.86,739.36,42.01,14.31,2.9,0.0
20230721:1611,1217.4,258.25,34.7,14.33,2.97,0.0
20230721:1711,569.16,129.81,26.78,13.91,2.76,0.0
20230721:1811,367.08,89.53,18.74,13.52,2.48,0.0
20230721:1911,216.54,58.59,10.97,13.51,1.24,0.0
20230721:2011,0.0,5.25,3.8,12.86,0.62,0.0
20230721:2111,0.0,0.0,0.0,11.81,0.76,0.0
20230721:2211,0.0,0.0,0.0,11.05,0.97,0.0
20230721:2311,0.0,0.0,0.0,11.12,0.83,0.0
20230722:0011,0.0,0.0,0.0,10.75,0.69,0.0
20230722:0111,0.0,0.0,0.0,10.43,0.62,0.0
20230722:0211,0.0,0.0,0.0,9.98,0.69,0.0
20230722:0311,0.0,0.0,0.0,9.51,0.76,0.0
20230722:0411,0.0,0.0,0.0,8.34,0.83,0.0
20230722:0511,156.06,44.6,7.88,7.28,0.76,0.0
20230722:0611,360.72,108.56,15.46,8.22,0.83,0.0
20230722:0711,1269.06,280.01,23.44,10.46,2.28,0.0
20230722:0811,2390.7,497.11,31.45,11.78,2.83,0.0
20230722:0911,2721.54,566.72,39.06,13.07,2.97,0.0
20230722:1011,2274.96,473.75,45.69,13.86,3.03,0.0
20230722:1111,4527.24,1006.37,50.55,14.61,3.1,0.0
20230722:1211,3703.74,799.24,52.76,14.71,3.17,0.0
20230722:1311,3774.0,818.41,51.79,14.92,3.03,0.0
20230722:1411,3340.62,714.27,47.88,15.14,3.03,0.0
20230722:1511,2730.54,574.07,41.85,14.7,2.9,0.0
20230722:1611,2308.08,482.79,34.54,14.61,2.97,0.0
20230722:1711,1352.46,289.39,26.63,14.19,3.1,0.0
20230722:1811,680.28,163.2,18.59,13.55,3.38,0.0
20230722:1911,251.04,65.58,10.81,13.2,3.38,0.0
20230722:2011,0.0,4.37,3.64,12.49,3.24,0.0
20230722:2111,0.0,0.0,0.0,11.48,2.97,0.0
20230722:2211,0.0,0.0,0.0,10.65,2.76,0.0
20230722:2311,0.0,0.0,0.0,10.07,2.62,0.0
20230723:0011,0.0,0.0,0.0,9.52,2.41,0.0
20230723:0111,0.0,0.0,0.0,9.4,2.48,0.0
20230723:0211,0.0,0.0,0.0,9.4,2.41,0.0
20230723:0311,0.0,0.0,0.0,9.39,2.14,0.0
20230723:0411,0.0,0.0,0.0,9.26,2.21,0.0
20230723:0511,30.84,15.74,7.7,9.34,2.83,0.0
20230723:0611,451.44,109.01,15.28,9.74,4.0,0.0
20230723:0711,554.4,124.94,23.27,10.57,4.41,0.0
20230723:0811,796.02,172.03,31.28,11.33,4.48,0.0
20230723:0911,889.2,190.37,38.89,11.63,4.34,0.0
20230723:1011,693.54,152.97,45.51,12.26,3.79,0.0
20230723:1111,1789.56,370.14,50.36,12.94,4.0,0.0
20230723:1211,1856.94,384.29,52.56,13.13,4.0,0.0
20230723:1311,4731.18,1034.42,51.59,12.94,4.0,0.0
20230723:1411,3318.66,696.21,47.7,13.09,3.72,0.0
20230723:1511,2214.3,457.55,41.67,13.29,3.59,0.0
20230723:1611,998.1,213.39,34.38,13.22,3.45,0.0
20230723:1711,756.6,166.16,26.47,12.87,3.24,0.0
20230723:1811,271.26,69.53,18.43,12.39,3.03,0.0
20230723:1911,57.12,22.74,10.64,11.91,2.97,0.0
20230723:2011,0.0,2.62,3.47,11.4,2.55,0.0
20230723:2111,0.0,0.0,0.0,10.77,2.28,0.0
20230723:2211,0.0,0.0,0.0,10.32,2.21,0.0
20230723:2311,0.0,0.0,0.0,9.86,2.14,0.0
20230724:0011,0.0,0.0,0.0,9.16,1.86,0.0
20230724:0111,0.0,0.0,0.0,8.75,1.66,0.0
20230724:0211,0.0,0.0,0.0,8.59,1.66,0.0
20230724:0311,0.0,0.0,0.0,8.23,1.66,0.0
20230724:0411,0.0,0.0,0.0,8.08,1.52,0.0
20230724:0511,24.78,13.99,7.52,8.14,1.59,0.0
20230724:0611,285.72,71.63,15.11,8.57,2.14,0.0
20230724:0711,637.86,141.21,23.09,9.53,2.69,0.0
20230724:0811,1082.04,227.23,31.11,10.0,2.76,0.0
20230724:0911,1071.3,225.45,38.71,10.46,2.83,0.0
20230724:1011,1355.58,282.01,45.32,10.75,2.55,0.0
20230724:1111,604.74,135.36,50.16,11.36,2.69,0.0
20230724:1211,1404.66,293.67,52.36,12.13,2.69,0.0
20230724:1311,1274.52,268.0,51.39,12.45,2.76,0.0
20230724:1411,1266.42,266.0,47.51,12.49,3.1,0.0
20230724:1511,2146.98,442.15,41.5,12.35,3.38,0.0
20230724:1611,1414.08,294.81,34.21,12.6,3.31,0.0
20230724:1711,900.66,194.47,26.3,12.25,2.97,0.0
20230724:1811,512.28,119.22,18.26,12.02,2.76,0.0
20230724:1911,60.54,23.61,10.47,12.13,2.34,0.0
20230724:2011,0.0,3.5,3.29,11.58,2.41,0.0
20230724:2111,0.0,0.0,0.0,10.91,2.55,0.0
20230724:2211,0.0,0.0,0.0,10.52,2.55,0.0
20230724:2311,0.0,0.0,0.0,10.3,2.62,0.0
20230725:0011,0.0,0.0,0.0,10.16,2.48,0.0
20230725:0111,0.0,0.0,0.0,10.14,2.76,0.0
20230725:0211,0.0,0.0,0.0,10.02,2.62,0.0
20230725:0311,0.0,0.0,0.0,9.86,2.48,0.0
20230725:0411,0.0,0.0,0.0,9.75,2.48,0.0
20230725:0511,1.08,6.12,7.34,9.64,2.69,0.0
20230725:0611,279.78,70.7,14.93,9.68,2.9,0.0
20230725:0711,521.1,118.46,22.92,9.84,2.34,0.0
20230725:0811,656.04,144.63,30.93,9.86,2.14,0.0
20230725:0911,1677.72,346.43,38.52,10.33,1.79,0.0
20230725:1011,1028.04,218.29,45.12,10.85,1.79,0.0
20230725:1111,971.22,207.67,49.95,11.55,1.93,0.0
20230725:1211,3692.52,799.34,52.15,12.44,2.07,0.0
20230725:1311,2120.76,442.33,51.19,12.9,2.28,0.0
20230725:1411,823.2,179.86,47.31,13.68,2.62,0.0
20230725:1511,795.36,174.3,41.31,13.55,2.55,0.0
20230725:1611,1018.14,218.65,34.03,13.85,2.34,0.0
20230725:1711,662.64,148.47,26.13,13.66,2.07,0.0
20230725:1811,402.42,96.55,18.09,12.78,2.21,0.0
20230725:1911,60.54,23.61,10.3,12.02,1.31,0.0
20230725:2011,0.0,2.62,3.11,11.76,0.34,0.0
20230725:2111,0.0,0.0,0.0,11.5,0.14,0.0
20230725:2211,0.0,0.0,0.0,10.95,0.41,0.0
20230725:2311,0.0,0.0,0.0,10.42,0.55,0.0
20230726:0011,0.0,0.0,0.0,10.06,0.76,0.0
20230726:0111,0.0,0.0,0.0,9.27,0.9,0.0
20230726:0211,0.0,0.0,0.0,8.21,0.9,0.0
20230726:0311,0.0,0.0,0.0,7.58,0.9,0.0
20230726:0411,0.0,0.0,0.0,7.19,0.97,0.0
20230726:0511,111.72,34.98,7.15,7.07,1.03,0.0
20230726:0611,396.24,107.89,14.75,8.53,0.83,0.0
20230726:0711,1132.32,249.72,22.74,9.92,0.34,0.0
20230726:0811,2186.88,460.88,30.75,11.24,0.76,0.0
20230726:0911,3176.88,692.19,38.34,12.42,0.28,0.0
20230726:1011,3753.96,852.65,44.93,13.61,0.14,0.0
20230726:1111,4152.3,967.12,49.74,14.92,0.48,0.0
20230726:1211,4376.88,1033.6,51.93,16.25,0.83,0.0
20230726:1311,4222.26,994.76,50.97,17.19,0.76,0.0
20230726:1411,4021.2,931.6,47.11,17.51,0.9,0.0
20230726:1511,2891.46,624.7,41.13,17.15,1.86,0.0
20230726:1611,878.82,192.95,33.85,16.28,2.69,0.0
20230726:1711,1286.82,277.95,25.95,15.57,2.83,0.0
20230726:1811,654.06,164.76,17.91,15.05,2.83,0.0
20230726:1911,206.7,56.84,10.12,15.15,2.07,0.0
20230726:2011,20.94,13.12,2.92,14.07,1.79,0.0
20230726:2111,0.0,0.0,0.0,12.94,1.59,0.0
20230726:2211,0.0,0.0,0.0,12.43,1.52,0.0
20230726:2311,0.0,0.0,0.0,12.06,1.52,0.0
20230727:0011,0.0,0.0,0.0,11.95,1.52,0.0
20230727:0111,0.0,0.0,0.0,12.03,1.52,0.0
20230727:0211,0.0,0.0,0.0,12.0,1.45,0.0
20230727:0311,0.0,0.0,0.0,12.02,1.45,0.0
20230727:0411,0.0,0.0,0.0,11.93,1.45,0.0
20230727:0511,53.64,21.86,6.96,11.7,1.45,0.0
20230727:0611,234.78,62.12,14.57,12.34,1.17,0.0
20230727:0711,555.96,127.56,22.55,13.54,1.66,0.0
20230727:0811,1634.28,344.38,30.56,14.52,2.41,0.0
20230727:0911,875.88,191.66,38.14,15.36,2.55,0.0
20230727:1011,652.08,147.41,44.72,15.89,2.83,0.0
20230727:1111,279.54,72.31,49.53,16.05,2.62,0.0
20230727:1211,1311.96,280.24,51.71,16.03,2.55,0.0
20230727:1311,813.24,179.86,50.75,16.3,2.83,0.0
20230727:1411,1140.54,245.65,46.9,16.24,2.55,0.0
20230727:1511,1182.66,253.78,40.93,16.21,2.69,0.0
20230727:1611,837.54,184.61,33.67,15.81,2.07,0.0
20230727:1711,1079.34,235.57,25.77,15.59,1.66,0.0
20230727:1811,555.06,132.69,17.73,15.42,1.72,0.0
20230727:1911,129.36,40.23,9.93,16.38,1.52,0.0
20230727:2011,7.38,8.74,2.72,16.09,1.66,0.0
20230727:2111,0.0,0.0,0.0,15.45,1.72,0.0
20230727:2211,0.0,0.0,0.0,15.03,1.72,0.0
20230727:2311,0.0,0.0,0.0,14.72,1.59,0.0
20230728:0011,0.0,0.0,0.0,14.39,1.52,0.0
20230728:0111,0.0,0.0,0.0,14.03,1.38,0.0
20230728:0211,0.0,0.0,0.0,13.75,1.24,0.0
20230728:0311,0.0,0.0,0.0,13.31,1.1,0.0
20230728:0411,0.0,0.0,0.0,12.89,1.17,0.0
20230728:0511,56.94,22.74,6.77,12.32,1.1,0.0
20230728:0611,242.88,63.97,14.38,12.91,0.76,0.0
20230728:0711,593.76,135.74,22.37,13.85,0.69,0.0
20230728:0811,1992.3,425.08,30.37,14.45,0.83,0.0
20230728:0911,1472.46,313.75,37.95,15.37,1.1,0.0
20230728:1011,1046.46,227.08,44.52,16.28,2.14,0.0
20230728:1111,3082.68,663.88,49.31,17.19,2.83,0.0
20230728:1211,2885.04,620.98,51.48,18.25,3.03,0.0
20230728:1311,2938.62,635.07,50.53,18.98,3.1,0.0
20230728:1411,3978.3,887.3,46.69,19.47,3.17,0.0
20230728:1511,3219.66,700.41,40.73,19.55,3.03,0.0
20230728:1611,2577.42,553.17,33.48,19.21,3.03,0.0
20230728:1711,1571.04,345.63,25.58,18.55,2.97,0.0
20230728:1811,603.84,170.12,17.54,17.6,2.83,0.0
20230728:1911,205.32,56.84,9.73,16.55,2.69,0.0
20230728:2011,0.0,5.25,2.52,15.63,2.07,0.0
20230728:2111,0.0,0.0,0.0,14.59,1.79,0.0
20230728:2211,0.0,0.0,0.0,13.77,1.72,0.0
20230728:2311,0.0,0.0,0.0,12.96,1.66,0.0
20230729:0011,0.0,0.0,0.0,12.39,1.52,0.0
20230729:0111,0.0,0.0,0.0,11.87,1.38,0.0
20230729:0211,0.0,0.0,0.0,11.73,1.31,0.0
20230729:0311,0.0,0.0,0.0,11.73,1.31,0.0
20230729:0411,0.0,0.0,0.0,11.77,1.31,0.0
20230729:0511,53.58,21.86,6.57,11.88,1.31,0.0
20230729:0611,358.02,89.21,14.19,12.53,1.38,0.0
20230729:0711,374.16,90.86,22.18,13.54,2.0,0.0
20230729:0811,1604.22,337.47,30.18,14.14,2.48,0.0
20230729:0911,3181.2,674.16,37.75,14.79,2.9,0.0
20230729:1011,2899.56,613.5,44.31,15.62,3.1,0.0
20230729:1111,2915.76,616.94,49.08,16.07,3.59,0.0
20230729:1211,772.98,171.51,51.25,16.39,3.79,0.0
20230729:1311,900.72,196.55,50.3,16.12,4.21,0.0
20230729:1411,3573.36,764.45,46.47,16.4,4.07,0.0
20230729:1511,2296.02,479.8,40.52,16.23,4.0,0.0
20230729:1611,2035.74,423.65,33.28,15.05,3.93,0.0
20230729:1711,1383.12,296.61,25.39,14.43,3.66,0.0
20230729:1811,353.94,87.3,17.34,14.45,3.59,0.0
20230729:1911,191.34,53.34,9.54,14.26,3.24,0.0
20230729:2011,0.0,1.75,2.32,13.46,3.31,0.0
20230729:2111,0.0,0.0,0.0,12.77,2.97,0.0
20230729:2211,0.0,0.0,0.0,12.12,2.76,0.0
20230729:2311,0.0,0.0,0.0,11.68,2.69,0.0
20230730:0011,0.0,0.0,0.0,11.43,2.62,0.0
20230730:0111,0.0,0.0,0.0,11.12,2.41,0.0
20230730:0211,0.0,0.0,0.0,10.97,2.21,0.0
20230730:0311,0.0,0.0,0.0,10.82,2.07,0.0
20230730:0411,0.0,0.0,0.0,10.7,1.72,0.0
20230730:0511,18.48,12.24,6.37,10.68,1.45,0.0
20230730:0611,392.28,101.7,13.99,11.16,1.03,0.0
20230730:0711,1210.14,275.52,21.99,12.46,0.9,0.0
20230730:0811,2302.32,486.84,29.99,12.95,1.52,0.0
20230730:0911,2923.2,622.02,37.55,13.49,1.52,0.0
20230730:1011,2904.96,621.54,44.09,14.76,1.72,0.0
20230730:1111,430.02,102.91,48.86,15.53,2.07,0.0
20230730:1211,1970.1,417.53,51.01,16.48,2.41,0.0
20230730:1311,3161.82,682.68,50.06,16.76,2.62,0.0
20230730:1411,3860.64,852.4,46.25,17.16,2.69,0.0
20230730:1511,2094.12,444.37,40.31,17.49,2.55,0.0
20230730:1611,751.38,168.35,33.07,17.37,2.55,0.0
20230730:1711,1102.2,241.5,25.19,17.0,2.28,0.0
20230730:1811,583.5,163.62,17.14,16.56,2.0,0.0
20230730:1911,201.12,55.97,9.33,16.27,0.76,0.0
20230730:2011,0.0,1.75,2.1,16.05,0.07,0.0
20230730:2111,0.0,0.0,0.0,15.2,0.62,0.0
20230730:2211,0.0,0.0,0.0,13.77,0.9,0.0
20230730:2311,0.0,0.0,0.0,13.16,0.9,0.0
20230731:0011,0.0,0.0,0.0,12.27,0.97,0.0
20230731:0111,0.0,0.0,0.0,10.94,1.31,0.0
20230731:0211,0.0,0.0,0.0,9.66,1.59,0.0
20230731:0311,0.0,0.0,0.0,9.1,1.52,0.0
20230731:0411,0.0,0.0,0.0,8.96,1.45,0.0
20230731:0511,99.0,32.35,6.17,8.93,1.38,0.0
20230731:0611,334.14,96.71,13.79,10.65,1.66,0.0
20230731:0711,493.14,113.88,21.79,11.61,2.21,0.0
20230731:0811,374.82,90.86,29.79,13.27,2.28,0.0
20230731:0911,821.82,180.21,37.34,14.55,2.69,0.0
20230731:1011,798.66,176.15,43.87,15.43,3.1,0.0
20230731:1111,812.4,178.93,48.62,15.33,2.83,0.0
20230731:1211,626.58,141.85,50.77,15.18,2.97,0.0
20230731:1311,796.02,175.22,49.82,15.01,3.31,0.0
20230731:1411,992.16,213.7,46.02,14.56,3.31,0.0
20230731:1511,990.96,213.52,40.09,14.3,2.69,0.0
20230731:1611,791.58,173.93,32.86,14.07,2.48,0.0
20230731:1711,219.96,59.33,24.98,13.94,2.55,0.0
20230731:1811,150.78,44.5,16.94,13.64,2.41,0.0
20230731:1911,20.94,13.12,9.12,13.85,2.28,0.0
20230731:2011,0.0,0.87,1.89,13.43,2.76,0.0
20230731:2111,0.0,0.0,0.0,13.09,3.03,0.0
20230731:2211,0.0,0.0,0.0,12.9,2.83,0.0
20230731:2311,0.0,0.0,0.0,12.78,2.48,0.0
20230801:0011,0.0,0.0,0.0,12.57,2.34,0.0
20230801:0111,0.0,0.0,0.0,12.34,2.28,0.0
20230801:0211,0.0,0.0,0.0,11.98,2.28,0.0
20230801:0311,0.0,0.0,0.0,11.76,2.07,0.0
20230801:0411,0.0,0.0,0.0,11.52,1.93,0.0
20230801:0511,7.68,8.74,5.96,11.33,1.79,0.0
20230801:0611,156.9,45.43,13.6,11.36,2.34,0.0
20230801:0711,649.74,145.63,21.6,12.06,2.69,0.0
20230801:0811,1358.82,284.92,29.59,12.62,2.83,0.0
20230801:0911,1141.02,241.99,37.14,13.45,3.03,0.0
20230801:1011,1662.06,348.48,43.65,14.48,2.69,0.0
20230801:1111,1763.16,372.09,48.39,15.29,2.21,0.0
20230801:1211,2519.28,538.89,50.52,16.18,1.79,0.0
20230801:1311,2885.4,628.13,49.58,16.82,1.38,0.0
20230801:1411,4067.1,936.39,45.78,17.39,1.17,0.0
20230801:1511,3555.84,787.4,39.87,17.44,1.72,0.0
20230801:1611,2626.44,563.3,32.65,17.42,2.21,0.0
20230801:1711,1628.58,358.01,24.77,16.87,2.69,0.0
20230801:1811,566.58,158.31,16.73,16.03,2.97,0.0
20230801:1911,154.2,45.47,8.9,14.99,3.03,0.0
20230801:2011,0.0,0.87,1.66,14.05,2.76,0.0
20230801:2111,0.0,0.0,0.0,13.27,2.55,0.0
20230801:2211,0.0,0.0,0.0,12.56,2.14,0.0
20230801:2311,0.0,0.0,0.0,11.87,1.86,0.0
20230802:0011,0.0,0.0,0.0,11.07,1.72,0.0
20230802:0111,0.0,0.0,0.0,10.54,1.66,0.0
20230802:0211,0.0,0.0,0.0,10.25,1.59,0.0
20230802:0311,0.0,0.0,0.0,10.04,1.72,0.0
20230802:0411,0.0,0.0,0.0,9.76,1.79,0.0
20230802:0511,94.8,31.48,5.75,9.73,2.07,0.0
20230802:0611,340.14,95.43,13.39,10.02,2.69,0.0
20230802:0711,803.16,176.84,21.4,11.61,3.72,0.0
20230802:0811,749.94,164.06,29.39,12.6,4.21,0.0
20230802:0911,732.96,161.32,36.92,13.52,4.55,0.0
20230802:1011,566.04,128.87,43.43,14.02,4.55,0.0
20230802:1111,2178.24,450.82,48.15,14.06,4.21,0.0
20230802:1211,3088.38,647.05,50.27,14.57,4.28,0.0
20230802:1311,3840.0,824.28,49.33,14.84,3.86,0.0
20230802:1411,3579.9,765.36,45.54,14.98,3.45,0.0
20230802:1511,3239.04,686.1,39.64,14.88,3.17,0.0
20230802:1611,1635.54,342.54,32.43,14.85,3.24,0.0
20230802:1711,549.84,126.22,24.55,14.35,2.97,0.0
20230802:1811,260.22,67.68,16.51,13.95,3.38,0.0
20230802:1911,89.58,30.61,8.68,12.63,3.24,0.0
20230802:2011,0.0,0.87,1.43,12.16,2.41,0.0
20230802:2111,0.0,0.0,0.0,12.07,2.34,0.0
20230802:2211,0.0,0.0,0.0,11.97,2.21,0.0
20230802:2311,0.0,0.0,0.0,11.73,2.14,0.0
20230803:0011,0.0,0.0,0.0,11.61,1.93,0.0
20230803:0111,0.0,0.0,0.0,11.54,1.86,0.0
20230803:0211,0.0,0.0,0.0,11.52,2.0,0.0
20230803:0311,0.0,0.0,0.0,11.43,2.07,0.0
20230803:0411,0.0,0.0,0.0,11.41,2.07,0.0
20230803:0511,7.68,8.74,5.54,11.44,1.93,0.0
20230803:0611,40.8,18.54,13.19,11.63,1.93,0.0
20230803:0711,235.5,62.12,21.19,11.99,2.34,0.0
20230803:0811,302.82,76.02,29.18,12.47,2.48,0.0
20230803:0911,234.48,62.12,36.71,12.91,2.62,0.0
20230803:1011,265.74,68.61,43.2,13.09,2.9,0.0
20230803:1111,361.38,88.08,47.9,13.36,3.38,0.0
20230803:1211,764.46,167.81,50.01,13.42,3.31,0.0
20230803:1311,750.24,165.02,49.07,13.47,3.38,0.0
20230803:1411,675.0,150.19,45.29,13.43,3.45,0.0
20230803:1511,1067.4,226.94,39.4,13.06,3.31,0.0
20230803:1611,544.56,124.23,32.2,12.78,3.17,0.0
20230803:1711,307.38,76.95,24.33,12.58,3.03,0.0
20230803:1811,555.54,134.49,16.28,12.29,2.97,0.0
20230803:1911,71.34,26.23,8.45,12.1,2.69,0.0
20230803:2011,0.0,0.0,0.0,11.68,2.48,0.0
20230803:2111,0.0,0.0,0.0,11.31,2.62,0.0
20230803:2211,0.0,0.0,0.0,11.1,2.48,0.0
20230803:2311,0.0,0.0,0.0,10.91,2.62,0.0
20230804:0011,0.0,0.0,0.0,10.66,2.55,0.0
20230804:0111,0.0,0.0,0.0,10.3,2.62,0.0
20230804:0211,0.0,0.0,0.0,10.0,2.62,0.0
20230804:0311,0.0,0.0,0.0,9.67,2.48,0.0
20230804:0411,0.0,0.0,0.0,9.33,2.28,0.0
20230804:0511,34.14,16.61,5.32,8.97,2.07,0.0
20230804:0611,149.88,43.57,12.98,9.42,2.97,0.0
20230804:0711,442.86,102.85,20.99,9.65,3.52,0.0
20230804:0811,752.16,163.19,28.97,10.49,3.66,0.0
20230804:0911,828.12,178.38,36.49,11.15,3.66,0.0
20230804:1011,827.52,178.93,42.97,11.86,3.45,0.0
20230804:1111,1113.12,235.59,47.65,12.44,3.17,0.0
20230804:1211,892.68,192.84,49.75,12.9,2.83,0.0
20230804:1311,2328.6,485.37,48.81,13.39,2.76,0.0
20230804:1411,1937.34,403.63,45.04,13.62,2.69,0.0
20230804:1511,804.24,176.15,39.16,13.64,2.48,0.0
20230804:1611,1587.42,333.02,31.97,13.73,2.07,0.0
20230804:1711,1251.54,270.8,24.1,13.73,1.59,0.0
20230804:1811,519.12,125.68,16.06,13.7,1.17,0.0
20230804:1911,171.24,48.97,8.22,13.51,0.69,0.0
20230804:2011,0.0,0.0,0.0,13.0,0.41,0.0
20230804:2111,0.0,0.0,0.0,12.46,0.21,0.0
20230804:2211,0.0,0.0,0.0,11.99,0.41,0.0
20230804:2311,0.0,0.0,0.0,11.5,0.55,0.0
20230805:0011,0.0,0.0,0.0,10.94,0.69,0.0
20230805:0111,0.0,0.0,0.0,10.1,0.9,0.0
20230805:0211,0.0,0.0,0.0,9.54,1.03,0.0
20230805:0311,0.0,0.0,0.0,9.12,1.1,0.0
20230805:0411,0.0,0.0,0.0,8.94,1.03,0.0
20230805:0511,3.18,7.0,5.11,8.85,1.03,0.0
20230805:0611,44.94,19.47,12.77,9.2,0.83,0.0
20230805:0711,384.72,91.78,20.78,10.12,1.31,0.0
20230805:0811,1069.26,226.57,28.76,10.75,1.45,0.0
20230805:0911,1436.76,299.59,36.27,11.11,1.45,0.0
20230805:1011,1204.92,254.28,42.73,11.64,1.52,0.0
20230805:1111,1850.52,386.46,47.4,12.58,1.72,0.0
20230805:1211,2495.46,523.06,49.49,12.75,2.0,0.0
20230805:1311,2454.6,513.47,48.54,12.93,2.21,0.0
20230805:1411,979.62,210.02,44.78,12.55,2.21,0.0
20230805:1511,530.7,121.45,38.91,12.31,2.21,0.0
20230805:1611,316.8,78.8,31.73,12.28,2.41,0.0
20230805:1711,248.16,64.9,23.87,12.54,1.79,0.0
20230805:1811,315.12,78.97,15.82,12.29,1.24,0.0
20230805:1911,89.94,30.61,7.98,11.71,1.38,0.0
20230805:2011,0.0,0.0,0.0,11.21,1.24,0.0
20230805:2111,0.0,0.0,0.0,10.35,1.03,0.0
20230805:2211,0.0,0.0,0.0,9.91,0.83,0.0
20230805:2311,0.0,0.0,0.0,10.44,0.55,0.0
20230806:0011,0.0,0.0,0.0,10.18,0.41,0.0
20230806:0111,0.0,0.0,0.0,9.66,0.34,0.0
20230806:0211,0.0,0.0,0.0,9.08,0.69,0.0
20230806:0311,0.0,0.0,0.0,7.77,0.97,0.0
20230806:0411,0.0,0.0,0.0,6.74,1.03,0.0
20230806:0511,55.26,21.86,4.89,6.55,0.97,0.0
20230806:0611,334.68,89.98,12.56,7.33,0.9,0.0
20230806:0711,1159.14,261.23,20.57,9.19,0.69,0.0
20230806:0811,2132.7,447.33,28.55,10.3,0.76,0.0
20230806:0911,2720.16,575.64,36.05,11.73,0.83,0.0
20230806:1011,3164.94,680.25,42.49,12.5,1.1,0.0
20230806:1111,3291.78,713.97,47.14,13.11,1.17,0.0
20230806:1211,3220.44,698.81,49.22,13.51,1.17,0.0
20230806:1311,2312.52,490.43,48.27,13.89,1.1,0.0
20230806:1411,4134.96,937.17,44.52,14.57,1.24,0.0
20230806:1511,3442.02,749.74,38.66,14.51,1.45,0.0
20230806:1611,2646.12,564.71,31.49,14.49,1.38,0.0
20230806:1711,1578.6,346.63,23.63,14.38,1.31,0.0
20230806:1811,528.48,131.77,15.58,13.82,1.17,0.0
20230806:1911,154.92,45.47,7.74,13.76,0.9,0.0
20230806:2011,0.0,0.0,0.0,13.01,0.9,0.0
20230806:2111,0.0,0.0,0.0,12.13,0.9,0.0
20230806:2211,0.0,0.0,0.0,12.41,0.48,0.0
20230806:2311,0.0,0.0,0.0,12.23,0.14,0.0
20230807:0011,0.0,0.0,0.0,11.11,0.76,0.0
20230807:0111,0.0,0.0,0.0,9.79,1.24,0.0
20230807:0211,0.0,0.0,0.0,8.61,1.52,0.0
20230807:0311,0.0,0.0,0.0,7.68,1.72,0.0
20230807:0411,0.0,0.0,0.0,7.1,1.86,0.0
20230807:0511,28.14,14.87,4.66,7.0,1.79,0.0
20230807:0611,308.28,77.92,12.34,8.32,1.52,0.0
20230807:0711,887.88,196.53,20.36,10.95,1.93,0.0
20230807:0811,1679.94,350.25,28.33,12.08,2.28,0.0
20230807:0911,2500.32,520.22,35.82,12.92,2.48,0.0
20230807:1011,2437.02,509.05,42.25,13.72,2.55,0.0
20230807:1111,2796.48,589.44,46.88,14.26,2.69,0.0
20230807:1211,1527.6,321.47,48.94,14.63,2.9,0.0
20230807:1311,1389.54,293.67,47.99,14.8,2.97,0.0
20230807:1411,1365.84,288.47,44.25,14.8,3.17,0.0
20230807:1511,675.78,151.12,38.4,14.54,3.24,0.0
20230807:1611,2053.62,426.49,31.24,13.9,3.31,0.0
20230807:1711,911.4,198.44,23.39,13.56,3.17,0.0
20230807:1811,442.98,107.25,15.34,12.9,3.1,0.0
20230807:1911,140.58,41.97,7.49,11.9,2.55,0.0
20230807:2011,0.0,0.0,0.0,11.13,2.55,0.0
20230807:2111,0.0,0.0,0.0,10.61,2.62,0.0
20230807:2211,0.0,0.0,0.0,10.08,2.41,0.0
20230807:2311,0.0,0.0,0.0,9.6,2.48,0.0
20230808:0011,0.0,0.0,0.0,9.19,2.55,0.0
20230808:0111,0.0,0.0,0.0,8.77,2.48,0.0
20230808:0211,0.0,0.0,0.0,8.61,2.55,0.0
20230808:0311,0.0,0.0,0.0,8.56,2.55,0.0
20230808:0411,0.0,0.0,0.0,8.62,2.62,0.0
20230808:0511,51.06,20.99,4.44,8.72,2.62,0.0
20230808:0611,234.96,80.53,12.12,9.14,2.9,0.0
20230808:0711,1204.56,271.12,20.14,9.74,3.59,0.0
20230808:0811,2323.62,478.19,28.11,10.66,3.66,0.0
20230808:0911,2931.3,605.23,35.59,11.62,3.38,0.0
20230808:1011,1778.64,367.15,42.0,12.63,3.66,0.0
20230808:1111,2584.98,533.89,46.61,13.38,4.28,0.0
20230808:1211,3183.72,664.36,48.66,14.12,4.69,0.0
20230808:1311,957.78,205.82,47.71,14.12,4.76,0.0
20230808:1411,1328.16,278.55,43.97,13.9,4.48,0.0
20230808:1511,1394.82,291.75,38.14,14.06,4.28,0.0
20230808:1611,1494.84,311.64,30.98,14.07,4.28,0.0
20230808:1711,1050.24,226.65,23.14,13.48,3.72,0.0
20230808:1811,533.28,140.76,15.09,13.06,3.66,0.0
20230808:1911,140.04,41.97,7.24,12.71,3.24,0.0
20230808:2011,0.0,0.0,0.0,11.89,3.03,0.0
20230808:2111,0.0,0.0,0.0,10.89,2.76,0.0
20230808:2211,0.0,0.0,0.0,10.28,2.76,0.0
20230808:2311,0.0,0.0,0.0,9.88,2.76,0.0
20230809:0011,0.0,0.0,0.0,9.67,2.9,0.0
20230809:0111,0.0,0.0,0.0,9.73,3.03,0.0
20230809:0211,0.0,0.0,0.0,9.55,2.9,0.0
20230809:0311,0.0,0.0,0.0,9.43,2.76,0.0
20230809:0411,0.0,0.0,0.0,9.26,2.69,0.0
20230809:0511,27.78,14.87,4.21,9.07,2.69,0.0
20230809:0611,234.18,61.61,11.9,9.43,2.69,0.0
20230809:0711,774.18,170.95,19.92,10.19,3.31,0.0
20230809:0811,1635.06,337.43,27.89,10.92,3.31,0.0
20230809:0911,1590.12,327.76,35.36,11.5,3.24,0.0
20230809:1011,1780.32,367.22,41.75,12.06,3.17,0.0
20230809:1111,2547.96,527.92,46.35,12.36,3.03,0.0
20230809:1211,2006.76,415.84,48.38,12.84,3.03,0.0
20230809:1311,2933.46,615.74,47.43,13.14,2.83,0.0
20230809:1411,3633.06,778.24,43.69,13.32,2.69,0.0
20230809:1511,2500.14,521.7,37.87,13.75,2.62,0.0
20230809:1611,1176.66,250.21,30.72,13.98,2.28,0.0
20230809:1711,795.24,175.98,22.88,14.25,2.21,0.0
20230809:1811,329.28,82.85,14.83,14.22,1.93,0.0
20230809:1911,77.28,27.98,6.98,15.1,1.31,0.0
20230809:2011,0.0,0.0,0.0,14.46,1.17,0.0
20230809:2111,0.0,0.0,0.0,13.54,1.31,0.0
20230809:2211,0.0,0.0,0.0,13.18,1.45,0.0
20230809:2311,0.0,0.0,0.0,13.26,1.52,0.0
20230810:0011,0.0,0.0,0.0,13.31,1.52,0.0
20230810:0111,0.0,0.0,0.0,13.4,1.52,0.0
20230810:0211,0.0,0.0,0.0,13.57,1.52,0.0
20230810:0311,0.0,0.0,0.0,13.58,1.59,0.0
20230810:0411,0.0,0.0,0.0,13.65,1.52,0.0
20230810:0511,15.3,11.37,3.98,13.66,1.45,0.0
20230810:0611,293.16,78.68,11.68,14.07,1.1,0.0
20230810:0711,961.62,221.05,19.7,15.33,0.9,0.0
20230810:0811,1524.6,328.0,27.67,16.39,0.83,0.0
20230810:0911,1990.08,426.45,35.12,17.37,1.03,0.0
20230810:1011,1662.54,357.45,41.5,18.47,1.52,0.0
20230810:1111,2843.1,622.25,46.07,19.36,1.79,0.0
20230810:1211,3036.78,671.27,48.09,19.92,1.79,0.0
20230810:1311,2038.38,442.56,47.13,20.87,1.93,0.0
20230810:1411,2103.6,456.78,43.41,22.05,2.55,0.0
20230810:1511,1695.78,369.18,37.6,22.63,2.48,0.0
20230810:1611,1897.2,413.62,30.46,22.79,2.48,0.0
20230810:1711,1233.36,279.59,22.62,22.78,2.55,0.0
20230810:1811,456.48,135.94,14.58,22.11,2.41,0.0
20230810:1911,111.06,36.73,6.72,21.32,2.14,0.0
20230810:2011,0.0,0.0,0.0,19.93,1.93,0.0
20230810:2111,0.0,0.0,0.0,18.75,1.59,0.0
20230810:2211,0.0,0.0,0.0,17.52,1.59,0.0
20230810:2311,0.0,0.0,0.0,16.37,1.59,0.0
20230811:0011,0.0,0.0,0.0,15.61,1.45,0.0
20230811:0111,0.0,0.0,0.0,15.02,1.31,0.0
20230811:0211,0.0,0.0,0.0,14.44,1.31,0.0
20230811:0311,0.0,0.0,0.0,14.35,1.38,0.0
20230811:0411,0.0,0.0,0.0,14.54,1.52,0.0
20230811:0511,39.36,18.36,3.75,14.67,1.93,0.0
20230811:0611,210.54,74.7,11.45,15.54,2.14,0.0
20230811:0711,556.26,129.76,19.48,16.35,2.41,0.0
20230811:0811,1384.86,294.39,27.44,16.31,3.52,0.0
20230811:0911,1294.38,274.18,34.89,15.75,3.79,0.0
20230811:1011,3254.82,689.99,41.24,15.93,3.72,0.0
20230811:1111,4075.02,888.93,45.8,17.02,4.0,0.0
20230811:1211,4283.82,940.13,47.8,18.06,4.62,0.0
20230811:1311,4226.1,927.29,46.84,18.16,4.48,0.0
20230811:1411,1626.12,344.25,43.12,18.03,4.28,0.0
20230811:1511,2727.66,576.07,37.32,17.52,3.79,0.0
20230811:1611,1507.32,319.83,30.19,17.51,3.66,0.0
20230811:1711,1058.1,233.63,22.36,17.51,3.38,0.0
20230811:1811,475.44,129.19,14.31,17.19,2.83,0.0
20230811:1911,94.8,32.35,6.45,17.06,2.21,0.0
20230811:2011,0.0,0.0,0.0,16.18,2.0,0.0
20230811:2111,0.0,0.0,0.0,15.25,2.0,0.0
20230811:2211,0.0,0.0,0.0,14.68,2.07,0.0
20230811:2311,0.0,0.0,0.0,14.51,2.21,0.0
20230812:0011,0.0,0.0,0.0,14.19,2.07,0.0
20230812:0111,0.0,0.0,0.0,13.84,2.07,0.0
20230812:0211,0.0,0.0,0.0,13.81,2.14,0.0
20230812:0311,0.0,0.0,0.0,13.89,2.34,0.0
20230812:0411,0.0,0.0,0.0,14.03,2.48,0.0
20230812:0511,26.88,14.87,3.51,14.04,2.62,0.0
20230812:0611,202.14,56.04,11.23,14.25,2.76,0.0
20230812:0711,57.96,23.18,19.25,14.77,2.48,0.0
20230812:0811,321.9,80.66,27.21,14.86,2.69,0.0
20230812:0911,697.08,155.75,34.64,14.94,2.76,0.0
20230812:1011,1587.24,334.17,40.99,15.27,2.69,0.0
20230812:1111,1410.9,298.27,45.52,15.13,2.97,0.0
20230812:1211,1867.68,392.54,47.5,15.04,2.48,0.0
20230812:1311,360.84,89.0,46.54,15.91,2.34,0.0
20230812:1411,592.02,136.28,42.83,17.08,2.21,0.0
20230812:1511,1802.28,383.04,37.04,17.72,2.34,0.0
20230812:1611,2540.58,541.41,29.92,17.63,2.9,0.0
20230812:1711,331.44,83.44,22.09,17.35,2.76,0.0
20230812:1811,296.34,76.75,14.04,16.89,2.14,0.0
20230812:1911,106.8,34.98,6.17,15.78,2.76,0.0
20230812:2011,0.0,0.0,0.0,14.81,2.41,0.0
20230812:2111,0.0,0.0,0.0,14.21,2.34,0.0
20230812:2211,0.0,0.0,0.0,13.66,2.41,0.0
20230812:2311,0.0,0.0,0.0,13.42,2.41,0.0
20230813:0011,0.0,0.0,0.0,13.08,2.34,0.0
20230813:0111,0.0,0.0,0.0,12.9,2.21,0.0
20230813:0211,0.0,0.0,0.0,12.68,2.14,0.0
20230813:0311,0.0,0.0,0.0,12.78,2.07,0.0
20230813:0411,0.0,0.0,0.0,12.8,2.14,0.0
20230813:0511,27.12,14.87,3.28,12.8,2.28,0.0
20230813:0611,225.36,61.25,11.0,12.9,2.55,0.0
20230813:0711,826.08,186.49,19.03,13.51,2.55,0.0
20230813:0811,2156.88,452.1,26.98,13.74,2.97,0.0
20230813:0911,2501.94,520.96,34.4,14.04,2.97,0.0
20230813:1011,2540.82,530.8,40.72,14.91,3.31,0.0
20230813:1111,3910.92,848.36,45.23,15.8,3.52,0.0
20230813:1211,2747.94,580.42,47.2,16.54,3.66,0.0
20230813:1311,2467.32,518.95,46.24,16.52,3.66,0.0
20230813:1411,2909.34,618.52,42.53,16.74,3.17,0.0
20230813:1511,3004.86,639.5,36.75,16.96,3.17,0.0
20230813:1611,2173.14,458.4,29.64,16.44,2.9,0.0
20230813:1711,759.6,170.25,21.81,16.31,3.1,0.0
20230813:1811,232.56,62.67,13.77,15.82,2.34,0.0
20230813:1911,0.0,5.25,5.9,15.16,2.07,0.0
20230813:2011,0.0,0.0,0.0,14.58,1.93,0.0
20230813:2111,0.0,0.0,0.0,13.93,1.72,0.0
20230813:2211,0.0,0.0,0.0,13.36,1.72,0.0
20230813:2311,0.0,0.0,0.0,12.75,1.59,0.0
20230814:0011,0.0,0.0,0.0,12.62,1.52,0.0
20230814:0111,0.0,0.0,0.0,12.31,1.38,0.0
20230814:0211,0.0,0.0,0.0,11.93,1.31,0.0
20230814:0311,0.0,0.0,0.0,11.82,1.03,0.0
20230814:0411,0.0,0.0,0.0,11.88,0.9,0.0
20230814:0511,18.36,12.24,3.04,11.61,0.9,0.0
20230814:0611,264.06,72.31,10.77,11.62,0.97,0.0
20230814:0711,1061.04,246.37,18.8,13.33,1.03,0.0
20230814:0811,2190.9,465.65,26.74,14.17,1.59,0.0
20230814:0911,2706.54,578.03,34.15,15.11,1.38,0.0
20230814:1011,2373.6,507.68,40.46,15.92,1.1,0.0
20230814:1111,3396.06,760.7,44.95,16.7,0.76,0.0
20230814:1211,1764.96,381.29,46.9,17.37,0.41,0.0
20230814:1311,1621.14,350.51,45.93,17.86,0.62,0.0
20230814:1411,693.36,157.61,42.23,17.63,0.9,0.0
20230814:1511,1422.24,305.45,36.46,17.02,1.1,0.0
20230814:1611,1323.3,284.12,29.35,16.75,1.52,0.0
20230814:1711,906.6,202.25,21.53,16.55,1.45,0.0
20230814:1811,365.76,93.29,13.49,16.32,1.24,0.0
20230814:1911,66.18,25.36,5.61,16.1,1.38,0.0
20230814:2011,0.0,0.0,0.0,15.18,1.38,0.0
20230814:2111,0.0,0.0,0.0,14.34,1.45,0.0
20230814:2211,0.0,0.0,0.0,13.74,1.38,0.0
20230814:2311,0.0,0.0,0.0,12.6,1.38,0.0
20230815:0011,0.0,0.0,0.0,11.96,1.24,0.0
20230815:0111,0.0,0.0,0.0,11.73,1.1,0.0
20230815:0211,0.0,0.0,0.0,11.45,1.17,0.0
20230815:0311,0.0,0.0,0.0,11.46,1.1,0.0
20230815:0411,0.0,0.0,0.0,11.6,1.1,0.0
20230815:0511,0.0,2.62,2.8,11.87,0.97,0.0
20230815:0611,143.46,42.65,10.54,11.9,0.9,0.0
20230815:0711,379.5,91.81,18.57,12.62,1.17,0.0
20230815:0811,476.88,111.25,26.51,12.92,1.45,0.0
20230815:0911,1416.48,298.31,33.91,13.44,1.52,0.0
20230815:1011,528.66,122.38,40.19,14.62,1.59,0.0
20230815:1111,957.96,209.18,44.66,15.67,1.45,0.0
20230815:1211,977.64,213.83,46.59,16.43,1.52,0.0
20230815:1311,1831.08,390.65,45.61,16.71,1.45,0.0
20230815:1411,462.42,110.33,41.92,17.26,1.66,0.0
20230815:1511,1379.94,296.11,36.16,17.51,1.86,0.0
20230815:1611,1897.68,403.84,29.06,17.34,2.14,0.0
20230815:1711,951.36,211.75,21.25,16.9,2.21,0.0
20230815:1811,396.3,102.69,13.2,16.23,2.14,0.0
20230815:1911,26.52,14.87,5.33,16.0,1.72,0.0
20230815:2011,0.0,0.0,0.0,14.9,1.52,0.0
20230815:2111,0.0,0.0,0.0,13.65,1.31,0.0
20230815:2211,0.0,0.0,0.0,12.66,1.17,0.0
20230815:2311,0.0,0.0,0.0,12.28,1.1,0.0
20230816:0011,0.0,0.0,0.0,11.85,1.1,0.0
20230816:0111,0.0,0.0,0.0,11.76,0.97,0.0
20230816:0211,0.0,0.0,0.0,11.41,0.83,0.0
20230816:0311,0.0,0.0,0.0,11.0,0.9,0.0
20230816:0411,0.0,0.0,0.0,10.85,0.9,0.0
20230816:0511,0.0,1.75,2.55,10.91,1.03,0.0
20230816:0611,178.38,50.27,10.3,11.34,1.03,0.0
20230816:0711,664.56,151.51,18.34,12.81,1.17,0.0
20230816:0811,1029.24,221.68,26.27,13.8,1.45,0.0
20230816:0911,1489.5,315.66,33.65,14.83,1.24,0.0
20230816:1011,1037.58,225.34,39.92,15.64,1.17,0.0
20230816:1111,1865.1,396.55,44.36,16.21,1.52,0.0
20230816:1211,1372.2,293.28,46.28,16.07,1.86,0.0
20230816:1311,2062.08,437.09,45.3,16.22,2.0,0.0
20230816:1411,823.44,182.64,41.61,16.71,2.0,0.0
20230816:1511,1098.78,238.2,35.86,16.97,1.93,0.0
20230816:1611,1060.02,230.3,28.77,16.95,1.93,0.0
20230816:1711,531.24,124.13,20.96,16.63,2.07,0.0
20230816:1811,255.72,67.86,12.92,16.04,2.14,0.0
20230816:1911,15.12,11.37,5.03,15.59,1.86,0.0
20230816:2011,0.0,0.0,0.0,14.78,1.72,0.0
20230816:2111,0.0,0.0,0.0,14.21,1.45,0.0
20230816:2211,0.0,0.0,0.0,13.67,1.1,0.0
20230816:2311,0.0,0.0,0.0,13.02,0.76,0.0
20230817:0011,0.0,0.0,0.0,13.07,0.48,0.0
20230817:0111,0.0,0.0,0.0,13.04,0.28,0.0
20230817:0211,0.0,0.0,0.0,12.88,0.14,0.0
20230817:0311,0.0,0.0,0.0,12.72,0.28,0.0
20230817:0411,0.0,0.0,0.0,12.53,0.55,0.0
20230817:0511,0.0,1.75,2.31,12.43,0.55,0.0
20230817:0611,130.62,39.87,10.06,12.08,0.62,0.0
20230817:0711,634.86,146.05,18.1,13.83,0.97,0.0
20230817:0811,1082.64,233.06,26.03,14.72,1.79,0.0
20230817:0911,1222.38,260.66,33.4,15.6,2.62,0.0
20230817:1011,868.5,190.61,39.65,16.2,3.17,0.0
20230817:1111,404.82,98.27,44.07,17.07,3.45,0.0
20230817:1211,1122.06,242.93,45.97,17.91,3.59,0.0
20230817:1311,2724.48,581.83,44.98,18.33,3.31,0.0
20230817:1411,3897.42,859.65,41.29,18.85,3.38,0.0
20230817:1511,3065.88,659.63,35.55,18.78,3.17,0.0
20230817:1611,2482.86,530.49,28.47,18.61,3.17,0.0
20230817:1711,1362.3,305.23,20.67,18.37,3.17,0.0
20230817:1811,379.56,119.5,12.62,17.62,3.03,0.0
20230817:1911,69.54,26.23,4.74,16.61,3.1,0.0
20230817:2011,0.0,0.0,0.0,15.45,3.03,0.0
20230817:2111,0.0,0.0,0.0,14.35,2.9,0.0
20230817:2211,0.0,0.0,0.0,13.29,2.62,0.0
20230817:2311,0.0,0.0,0.0,12.6,2.41,0.0
20230818:0011,0.0,0.0,0.0,12.17,2.28,0.0
20230818:0111,0.0,0.0,0.0,11.81,2.14,0.0
20230818:0211,0.0,0.0,0.0,11.6,2.07,0.0
20230818:0311,0.0,0.0,0.0,11.29,2.0,0.0
20230818:0411,0.0,0.0,0.0,11.26,2.14,0.0
20230818:0511,3.12,7.0,2.06,11.19,2.21,0.0
20230818:0611,211.32,67.16,9.83,11.53,2.28,0.0
20230818:0711,1033.2,237.77,17.86,12.59,3.17,0.0
20230818:0811,1465.62,306.69,25.79,13.65,3.93,0.0
20230818:0911,2003.76,413.83,33.15,14.33,4.14,0.0
20230818:1011,1653.06,344.41,39.37,14.92,4.21,0.0
20230818:1111,1797.24,374.89,43.77,15.44,4.21,0.0
20230818:1211,1148.22,245.45,45.65,15.87,4.21,0.0
20230818:1311,736.68,164.1,44.65,16.37,4.41,0.0
20230818:1411,1007.16,217.8,40.97,16.42,4.34,0.0
20230818:1511,1416.12,298.77,35.24,16.07,3.86,0.0
20230818:1611,1498.14,315.46,28.17,16.03,3.93,0.0
20230818:1711,1256.64,277.02,20.37,15.65,3.59,0.0
20230818:1811,387.66,109.26,12.33,15.21,3.45,0.0
20230818:1911,49.38,20.99,4.44,14.65,3.86,0.0
20230818:2011,0.0,0.0,0.0,14.37,3.66,0.0
20230818:2111,0.0,0.0,0.0,14.49,3.86,0.0
20230818:2211,0.0,0.0,0.0,14.4,3.93,0.0
20230818:2311,0.0,0.0,0.0,14.22,4.07,0.0
20230819:0011,0.0,0.0,0.0,14.13,4.07,0.0
20230819:0111,0.0,0.0,0.0,14.03,4.21,0.0
20230819:0211,0.0,0.0,0.0,14.03,4.41,0.0
20230819:0311,0.0,0.0,0.0,14.13,4.48,0.0
20230819:0411,0.0,0.0,0.0,14.15,4.55,0.0
20230819:0511,0.0,0.87,1.82,14.41,4.62,0.0
20230819:0611,14.46,11.13,9.59,14.81,4.9,0.0
20230819:0711,813.6,186.36,17.62,14.82,4.55,0.0
20230819:0811,413.46,99.2,25.54,15.28,4.21,0.0
20230819:0911,1594.5,334.37,32.89,16.24,4.0,0.0
20230819:1011,1805.04,381.86,39.09,18.01,3.38,0.0
20230819:1111,2715.78,574.31,43.46,19.3,5.1,0.0
20230819:1211,3778.92,814.35,45.33,19.26,5.45,0.0
20230819:1311,2075.34,436.93,44.32,18.71,4.97,0.0
20230819:1411,1808.52,380.21,40.65,18.13,4.97,0.0
20230819:1511,1384.26,293.44,34.93,17.38,4.48,0.0
20230819:1611,2089.8,437.7,27.87,16.87,4.41,0.0
20230819:1711,1147.02,254.55,20.07,17.3,4.76,0.0
20230819:1811,349.68,110.02,12.02,17.49,4.21,0.0
20230819:1911,14.94,11.37,4.13,16.87,4.34,0.0
20230819:2011,0.0,0.0,0.0,16.1,3.93,0.0
20230819:2111,0.0,0.0,0.0,15.6,3.72,0.0
20230819:2211,0.0,0.0,0.0,15.21,3.52,0.0
20230819:2311,0.0,0.0,0.0,14.97,3.38,0.0
20230820:0011,0.0,0.0,0.0,15.14,3.17,0.0
20230820:0111,0.0,0.0,0.0,15.19,2.97,0.0
20230820:0211,0.0,0.0,0.0,15.27,2.76,0.0
20230820:0311,0.0,0.0,0.0,15.17,2.55,0.0
20230820:0411,0.0,0.0,0.0,15.11,2.34,0.0
20230820:0511,0.0,0.87,1.57,15.02,2.34,0.0
20230820:0611,203.94,58.55,9.34,14.96,2.55,0.0
20230820:0711,586.38,136.31,17.38,15.25,2.9,0.0
20230820:0811,1058.16,227.83,25.3,15.62,3.38,0.0
20230820:0911,2329.38,487.18,32.63,15.99,3.38,0.0
20230820:1011,1963.08,411.17,38.81,16.62,3.79,0.0
20230820:1111,1664.46,350.77,43.16,17.25,4.28,0.0
20230820:1211,825.06,182.64,45.0,17.71,4.62,0.0
20230820:1311,2032.08,427.29,43.99,17.66,4.28,0.0
20230820:1411,1746.3,368.11,40.32,17.76,4.21,0.0
20230820:1511,1841.94,387.1,34.61,17.75,4.21,0.0
20230820:1611,638.94,145.48,27.55,17.47,3.79,0.0
20230820:1711,982.92,219.45,19.76,17.19,3.24,0.0
20230820:1811,349.02,95.23,11.72,16.98,2.9,0.0
20230820:1911,20.58,13.12,3.82,16.4,2.9,0.0
20230820:2011,0.0,0.0,0.0,15.68,2.76,0.0
20230820:2111,0.0,0.0,0.0,15.27,2.83,0.0
20230820:2211,0.0,0.0,0.0,14.81,2.9,0.0
20230820:2311,0.0,0.0,0.0,14.54,2.97,0.0
20230821:0011,0.0,0.0,0.0,14.43,2.97,0.0
20230821:0111,0.0,0.0,0.0,14.17,2.97,0.0
20230821:0211,0.0,0.0,0.0,14.02,3.03,0.0
20230821:0311,0.0,0.0,0.0,13.9,3.1,0.0
20230821:0411,0.0,0.0,0.0,13.97,3.1,0.0
20230821:0511,0.0,0.0,0.0,13.89,3.1,0.0
20230821:0611,200.22,57.8,9.1,14.19,3.38,0.0
20230821:0711,308.64,77.96,17.14,14.69,3.38,0.0
20230821:0811,335.52,83.44,25.05,15.3,4.48,0.0
20230821:0911,384.0,93.64,32.36,16.24,4.28,0.0
20230821:1011,1104.72,237.69,38.52,17.17,4.62,0.0
20230821:1111,2189.82,457.85,42.85,16.82,4.41,0.0
20230821:1211,2540.22,531.97,44.68,17.35,4.97,0.0
20230821:1311,1976.4,414.29,43.66,17.85,5.17,0.0
20230821:1411,441.24,105.69,39.99,17.66,5.31,0.0
20230821:1511,765.0,170.21,34.29,17.23,4.76,0.0
20230821:1611,1289.94,274.34,27.24,16.86,4.28,0.0
20230821:1711,672.12,152.79,19.45,16.59,4.69,0.0
20230821:1811,245.1,66.18,11.41,16.39,4.69,0.0
20230821:1911,0.0,2.62,3.51,15.73,4.48,0.0
20230821:2011,0.0,0.0,0.0,15.35,4.55,0.0
20230821:2111,0.0,0.0,0.0,14.71,4.62,0.0
20230821:2211,0.0,0.0,0.0,14.61,4.62,0.0
20230821:2311,0.0,0.0,0.0,14.51,4.41,0.0
20230822:0011,0.0,0.0,0.0,14.35,4.28,0.0
20230822:0111,0.0,0.0,0.0,14.25,4.14,0.0
20230822:0211,0.0,0.0,0.0,14.25,3.79,0.0
20230822:0311,0.0,0.0,0.0,14.18,3.38,0.0
20230822:0411,0.0,0.0,0.0,14.1,3.1,0.0
20230822:0511,0.0,0.0,0.0,13.88,3.17,0.0
20230822:0611,159.0,46.96,8.85,13.79,3.1,0.0
20230822:0711,587.7,136.15,16.9,14.11,3.38,0.0
20230822:0811,1500.0,315.34,24.8,14.37,3.45,0.0
20230822:0911,2911.38,605.37,32.1,14.8,4.21,0.0
20230822:1011,3591.54,756.62,38.24,15.49,4.83,0.0
20230822:1111,3831.96,813.81,42.54,16.14,5.24,0.0
20230822:1211,1831.98,382.34,44.35,16.36,4.97,0.0
20230822:1311,1155.54,246.92,43.32,16.22,4.62,0.0
20230822:1411,1449.48,305.52,39.65,16.34,4.41,0.0
20230822:1511,1835.1,382.2,33.96,16.25,4.55,0.0
20230822:1611,2163.42,451.19,26.92,15.85,4.41,0.0
20230822:1711,860.94,191.68,19.14,15.13,3.86,0.0
20230822:1811,265.98,71.14,11.09,14.34,3.52,0.0
20230822:1911,0.0,1.75,3.19,14.12,3.45,0.0
20230822:2011,0.0,0.0,0.0,13.4,2.9,0.0
20230822:2111,0.0,0.0,0.0,12.81,2.76,0.0
20230822:2211,0.0,0.0,0.0,12.24,2.76,0.0
20230822:2311,0.0,0.0,0.0,11.69,2.83,0.0
20230823:0011,0.0,0.0,0.0,11.21,2.62,0.0
20230823:0111,0.0,0.0,0.0,10.77,2.28,0.0
20230823:0211,0.0,0.0,0.0,10.45,2.07,0.0
20230823:0311,0.0,0.0,0.0,9.95,2.21,0.0
20230823:0411,0.0,0.0,0.0,9.47,2.28,0.0
20230823:0511,0.0,0.0,0.0,9.27,2.21,0.0
20230823:0611,67.38,25.03,8.61,9.44,2.21,0.0
20230823:0711,1026.06,236.38,16.65,10.25,2.83,0.0
20230823:0811,1712.7,355.07,24.54,11.44,2.9,0.0
20230823:0911,2100.42,433.23,31.83,12.81,2.97,0.0
20230823:1011,1647.9,343.41,37.95,14.15,3.24,0.0
20230823:1111,1790.94,374.57,42.22,15.43,3.52,0.0
20230823:1211,573.48,131.65,44.01,16.09,3.66,0.0
20230823:1311,485.46,114.03,42.98,15.97,3.52,0.0
20230823:1411,598.38,136.28,39.32,15.49,3.59,0.0
20230823:1511,878.46,191.45,33.63,15.12,3.38,0.0
20230823:1611,1021.08,219.57,26.6,14.9,3.03,0.0
20230823:1711,424.5,101.5,18.82,14.67,2.69,0.0
20230823:1811,20.4,12.98,10.78,14.4,2.34,0.0
20230823:1911,0.0,1.75,2.87,14.04,2.28,0.0
20230823:2011,0.0,0.0,0.0,13.75,2.0,0.0
20230823:2111,0.0,0.0,0.0,13.48,1.86,0.0
20230823:2211,0.0,0.0,0.0,13.29,1.59,0.0
20230823:2311,0.0,0.0,0.0,12.89,1.52,0.0
20230824:0011,0.0,0.0,0.0,12.6,1.38,0.0
20230824:0111,0.0,0.0,0.0,12.38,1.59,0.0
20230824:0211,0.0,0.0,0.0,12.04,1.66,0.0
20230824:0311,0.0,0.0,0.0,11.81,1.79,0.0
20230824:0411,0.0,0.0,0.0,11.43,1.86,0.0
20230824:0511,0.0,0.0,0.0,10.89,1.93,0.0
20230824:0611,177.6,51.74,8.36,10.63,2.0,0.0
20230824:0711,991.44,230.14,16.41,11.39,2.07,0.0
20230824:0811,2096.22,436.61,24.29,11.64,2.48,0.0
20230824:0911,3090.0,641.77,31.56,12.36,3.31,0.0
20230824:1011,3048.84,635.19,37.65,13.24,3.52,0.0
20230824:1111,4088.4,879.96,41.91,13.97,3.72,0.0
20230824:1211,3737.52,796.74,43.67,14.36,3.86,0.0
20230824:1311,3350.76,706.62,42.63,14.44,3.86,0.0
20230824:1411,969.48,208.68,38.97,14.38,3.72,0.0
20230824:1511,1023.84,219.31,33.29,14.18,3.17,0.0
20230824:1611,718.5,159.08,26.27,13.85,3.03,0.0
20230824:1711,288.06,73.24,18.5,13.22,2.48,0.0
20230824:1811,27.0,14.83,10.46,12.69,1.79,0.0
20230824:1911,0.0,2.62,2.55,11.8,1.03,0.0
20230824:2011,0.0,0.0,0.0,11.48,0.76,0.0
20230824:2111,0.0,0.0,0.0,10.41,0.83,0.0
20230824:2211,0.0,0.0,0.0,10.71,0.62,0.0
20230824:2311,0.0,0.0,0.0,10.74,0.48,0.0
20230825:0011,0.0,0.0,0.0,10.3,0.55,0.0
20230825:0111,0.0,0.0,0.0,9.9,0.69,0.0
20230825:0211,0.0,0.0,0.0,9.23,0.97,0.0
20230825:0311,0.0,0.0,0.0,8.76,1.1,0.0
20230825:0411,0.0,0.0,0.0,8.77,0.9,0.0
20230825:0511,0.0,0.0,0.0,8.54,0.9,0.0
20230825:0611,145.5,43.46,8.11,8.56,0.83,0.0
20230825:0711,786.78,179.42,16.16,9.79,0.69,0.0
20230825:0811,1846.32,386.48,24.03,11.18,1.24,0.0
20230825:0911,2988.18,629.7,31.29,11.98,1.66,0.0
20230825:1011,3651.78,784.89,37.36,12.73,2.14,0.0
20230825:1111,608.76,137.21,41.59,13.07,2.41,0.0
20230825:1211,758.16,166.88,43.33,13.53,2.69,0.0
20230825:1311,1138.8,240.82,42.28,12.74,3.17,0.0
20230825:1411,765.72,167.81,38.63,13.01,3.17,0.0
20230825:1511,298.74,75.1,32.95,12.26,3.1,0.0
20230825:1611,156.54,45.43,25.94,11.93,3.1,0.0
20230825:1711,407.58,96.91,18.17,11.75,2.9,0.0
20230825:1811,275.16,75.04,10.13,11.56,2.83,0.0
20230825:1911,0.0,1.75,2.22,11.34,0.9,0.0
20230825:2011,0.0,0.0,0.0,11.06,0.9,0.0
20230825:2111,0.0,0.0,0.0,10.64,1.03,0.0
20230825:2211,0.0,0.0,0.0,10.46,1.03,0.0
20230825:2311,0.0,0.0,0.0,10.57,1.24,0.0
20230826:0011,0.0,0.0,0.0,10.64,1.59,0.0
20230826:0111,0.0,0.0,0.0,10.6,1.66,0.0
20230826:0211,0.0,0.0,0.0,10.51,1.66,0.0
20230826:0311,0.0,0.0,0.0,10.58,1.72,0.0
20230826:0411,0.0,0.0,0.0,10.51,1.86,0.0
20230826:0511,0.0,0.0,0.0,10.35,1.52,0.0
20230826:0611,70.86,25.96,7.86,10.39,1.59,0.0
20230826:0711,309.6,77.11,15.91,10.84,1.66,0.0
20230826:0811,161.22,46.36,23.78,11.18,1.45,0.0
20230826:0911,344.64,84.37,31.01,11.81,1.45,0.0
20230826:1011,464.4,108.47,37.06,12.39,1.72,0.0
20230826:1111,526.14,120.52,41.26,12.1,1.86,0.0
20230826:1211,1030.2,220.19,42.99,12.19,1.52,0.0
20230826:1311,469.02,109.4,41.93,12.23,1.31,0.0
20230826:1411,566.16,128.87,38.28,12.66,1.31,0.0
20230826:1511,516.78,119.6,32.61,13.64,1.24,0.0
20230826:1611,506.88,117.74,25.61,13.96,1.38,0.0
20230826:1711,300.48,76.02,17.84,13.79,1.72,0.0
20230826:1811,11.82,10.2,9.8,12.8,2.07,0.0
20230826:1911,0.0,0.87,1.89,12.43,2.07,0.0
20230826:2011,0.0,0.0,0.0,12.02,1.45,0.0
20230826:2111,0.0,0.0,0.0,11.93,1.38,0.0
20230826:2211,0.0,0.0,0.0,11.92,1.52,0.0
20230826:2311,0.0,0.0,0.0,11.73,1.38,0.0
20230827:0011,0.0,0.0,0.0,11.63,1.24,0.0
20230827:0111,0.0,0.0,0.0,11.37,1.17,0.0
20230827:0211,0.0,0.0,0.0,11.24,1.24,0.0
20230827:0311,0.0,0.0,0.0,11.24,1.24,0.0
20230827:0411,0.0,0.0,0.0,11.07,0.97,0.0
20230827:0511,0.0,0.0,0.0,10.76,0.97,0.0
20230827:0611,44.52,19.47,7.61,10.77,0.83,0.0
20230827:0711,304.26,76.2,15.65,11.24,1.17,0.0
20230827:0811,501.42,115.41,23.52,11.34,1.24,0.0
20230827:0911,777.12,169.59,30.74,11.64,1.59,0.0
20230827:1011,1143.6,242.16,36.76,12.18,1.72,0.0
20230827:1111,1180.68,250.51,40.94,12.87,1.72,0.0
20230827:1211,1865.94,390.41,42.64,13.87,2.07,0.0
20230827:1311,3680.64,797.3,41.57,14.6,2.55,0.0
20230827:1411,2520.3,528.05,37.92,14.97,2.83,0.0
20230827:1511,1282.44,271.76,32.27,15.17,2.76,0.0
20230827:1611,263.04,68.61,25.27,15.1,2.76,0.0
20230827:1711,65.34,25.03,17.51,14.89,2.69,0.0
20230827:1811,11.64,10.2,9.47,14.47,2.48,0.0
20230827:1911,0.0,0.87,1.55,13.11,2.48,0.0
20230827:2011,0.0,0.0,0.0,12.84,2.48,0.0
20230827:2111,0.0,0.0,0.0,12.66,2.69,0.0
20230827:2211,0.0,0.0,0.0,12.17,3.1,0.0
20230827:2311,0.0,0.0,0.0,11.59,2.62,0.0
20230828:0011,0.0,0.0,0.0,10.92,2.21,0.0
20230828:0111,0.0,0.0,0.0,10.3,2.28,0.0
20230828:0211,0.0,0.0,0.0,9.99,2.28,0.0
20230828:0311,0.0,0.0,0.0,9.78,2.28,0.0
20230828:0411,0.0,0.0,0.0,9.73,2.28,0.0
20230828:0511,0.0,0.0,0.0,9.9,2.28,0.0
20230828:0611,119.34,37.51,7.35,10.09,2.21,0.0
20230828:0711,848.76,195.4,15.4,10.61,2.14,0.0
20230828:0811,1150.38,242.12,23.25,11.6,3.17,0.0
20230828:0911,1392.42,289.28,30.46,12.56,3.52,0.0
20230828:1011,1334.46,278.89,36.46,13.22,3.79,0.0
20230828:1111,1958.22,404.48,40.61,13.72,3.93,0.0
20230828:1211,2623.98,544.77,42.29,14.23,3.93,0.0
20230828:1311,1579.86,329.7,41.21,14.44,3.79,0.0
20230828:1411,1491.66,311.95,37.57,14.58,3.79,0.0
20230828:1511,1201.98,254.33,31.92,14.67,3.72,0.0
20230828:1611,1164.42,247.33,24.93,14.51,3.38,0.0
20230828:1711,534.24,124.1,17.18,14.35,3.31,0.0
20230828:1811,180.78,52.26,9.14,13.94,2.9,0.0
20230828:1911,0.0,0.87,1.21,13.27,2.83,0.0
20230828:2011,0.0,0.0,0.0,12.81,2.9,0.0
20230828:2111,0.0,0.0,0.0,12.57,3.17,0.0
20230828:2211,0.0,0.0,0.0,12.43,3.24,0.0
20230828:2311,0.0,0.0,0.0,12.4,3.31,0.0
20230829:0011,0.0,0.0,0.0,12.23,3.31,0.0
20230829:0111,0.0,0.0,0.0,11.88,3.1,0.0
20230829:0211,0.0,0.0,0.0,11.47,3.17,0.0
20230829:0311,0.0,0.0,0.0,10.89,3.03,0.0
20230829:0411,0.0,0.0,0.0,10.41,3.03,0.0
20230829:0511,0.0,0.0,0.0,10.05,2.97,0.0
20230829:0611,144.96,47.58,7.1,9.88,2.69,0.0
20230829:0711,981.66,228.1,15.14,10.25,2.97,0.0
20230829:0811,1559.7,321.95,22.99,10.75,3.66,0.0
20230829:0911,3246.24,668.06,30.18,11.54,4.21,0.0
20230829:1011,3309.0,682.63,36.16,11.95,4.41,0.0
20230829:1111,799.44,173.37,40.28,12.27,4.62,0.0
20230829:1211,593.88,133.5,41.94,12.5,4.48,0.0
20230829:1311,4123.2,874.03,40.85,12.43,4.34,0.0
20230829:1411,532.02,121.45,37.21,12.54,4.28,0.0
20230829:1511,550.92,125.16,31.57,12.57,4.34,0.0
20230829:1611,1011.3,214.33,24.58,12.21,4.34,0.0
20230829:1711,1048.32,231.99,16.84,11.8,3.86,0.0
20230829:1811,218.28,62.1,8.8,11.0,3.03,0.0
20230829:1911,0.0,0.0,0.0,10.51,3.24,0.0
20230829:2011,0.0,0.0,0.0,9.8,2.55,0.0
20230829:2111,0.0,0.0,0.0,9.34,2.41,0.0
20230829:2211,0.0,0.0,0.0,9.09,2.28,0.0
20230829:2311,0.0,0.0,0.0,8.94,2.21,0.0
20230830:0011,0.0,0.0,0.0,9.07,2.28,0.0
20230830:0111,0.0,0.0,0.0,9.09,2.28,0.0
20230830:0211,0.0,0.0,0.0,9.33,2.34,0.0
20230830:0311,0.0,0.0,0.0,9.22,1.72,0.0
20230830:0411,0.0,0.0,0.0,9.03,1.52,0.0
20230830:0511,0.0,0.0,0.0,8.68,1.45,0.0
20230830:0611,123.96,38.84,6.84,8.66,1.31,0.0
20230830:0711,193.44,52.85,14.89,9.41,1.24,0.0
20230830:0811,393.84,93.64,22.73,10.48,2.0,0.0
20230830:0911,751.14,164.14,29.9,11.59,2.28,0.0
20230830:1011,1093.56,231.79,35.85,11.98,2.0,0.0
20230830:1111,1539.42,321.09,39.95,12.53,2.14,0.0
20230830:1211,2450.88,510.08,41.59,12.53,2.28,0.0
20230830:1311,3766.08,813.94,40.49,13.05,2.34,0.0
20230830:1411,2049.84,426.27,36.84,13.29,2.21,0.0
20230830:1511,745.86,164.46,31.21,13.51,2.41,0.0
20230830:1611,692.04,153.52,24.24,12.97,2.28,0.0
20230830:1711,573.06,131.72,16.49,12.58,2.07,0.0
20230830:1811,190.08,55.31,8.46,12.28,1.45,0.0
20230830:1911,0.0,0.0,0.0,11.76,1.03,0.0
20230830:2011,0.0,0.0,0.0,11.14,0.76,0.0
20230830:2111,0.0,0.0,0.0,11.34,0.28,0.0
20230830:2211,0.0,0.0,0.0,11.16,0.0,0.0
20230830:2311,0.0,0.0,0.0,10.95,0.07,0.0
20230831:0011,0.0,0.0,0.0,10.12,0.14,0.0
20230831:0111,0.0,0.0,0.0,9.79,0.28,0.0
20230831:0211,0.0,0.0,0.0,9.59,0.41,0.0
20230831:0311,0.0,0.0,0.0,9.35,0.41,0.0
20230831:0411,0.0,0.0,0.0,9.14,0.55,0.0
20230831:0511,0.0,0.0,0.0,8.4,0.69,0.0
20230831:0611,75.84,27.13,6.58,7.63,0.83,0.0
20230831:0711,780.06,179.07,14.63,8.68,0.83,0.0
20230831:0811,1112.22,234.56,22.46,9.41,0.76,0.0
20230831:0911,2535.66,529.19,29.61,10.81,1.03,0.0
20230831:1011,3794.22,830.28,35.54,12.67,1.45,0.0
20230831:1111,2915.82,624.38,39.61,14.02,1.31,0.0
20230831:1211,2953.98,638.73,41.23,15.07,1.17,0.0
20230831:1311,2956.14,641.12,40.12,15.5,1.1,0.0
20230831:1411,2766.18,594.4,36.48,15.74,1.31,0.0
20230831:1511,1772.22,374.6,30.85,16.03,1.66,0.0
20230831:1611,1606.2,341.04,23.89,15.83,1.86,0.0
20230831:1711,722.16,165.51,16.15,15.25,2.21,0.0
20230831:1811,207.3,64.73,8.11,14.34,2.28,0.0
20230831:1911,0.0,0.0,0.0,13.69,2.0,0.0
20230831:2011,0.0,0.0,0.0,12.85,1.66,0.0
20230831:2111,0.0,0.0,0.0,11.99,1.38,0.0
20230831:2211,0.0,0.0,0.0,10.81,1.1,0.0
20230831:2311,0.0,0.0,0.0,10.72,0.83,0.0
20230901:0011,0.0,0.0,0.0,10.94,0.48,0.0
20230901:0111,0.0,0.0,0.0,10.52,0.34,0.0
20230901:0211,0.0,0.0,0.0,10.36,0.28,0.0
20230901:0311,0.0,0.0,0.0,10.16,0.21,0.0
20230901:0411,0.0,0.0,0.0,9.92,0.21,0.0
20230901:0511,0.0,0.0,0.0,9.52,0.28,0.0
20230901:0611,90.9,31.05,6.32,9.25,0.41,0.0
20230901:0711,635.82,146.97,14.37,9.18,0.41,0.0
20230901:0811,1041.12,221.45,22.19,10.48,0.83,0.0
20230901:0911,2297.94,478.88,29.33,11.73,1.17,0.0
20230901:1011,3812.34,834.07,35.23,13.24,1.66,0.0
20230901:1111,4237.32,953.33,39.27,14.63,1.79,0.0
20230901:1211,4150.86,938.25,40.87,15.66,1.72,0.0
20230901:1311,3941.46,887.28,39.75,16.32,1.59,0.0
20230901:1411,3710.94,827.85,36.11,16.54,1.45,0.0
20230901:1511,3125.22,676.44,30.49,16.78,1.86,0.0
20230901:1611,2173.56,460.3,23.53,16.05,2.62,0.0
20230901:1711,839.28,191.34,15.8,15.1,2.69,0.0
20230901:1811,191.28,59.1,7.76,14.21,2.34,0.0
20230901:1911,0.0,0.0,0.0,13.71,2.0,0.0
20230901:2011,0.0,0.0,0.0,12.69,1.59,0.0
20230901:2111,0.0,0.0,0.0,11.72,1.17,0.0
20230901:2211,0.0,0.0,0.0,11.63,0.69,0.0
20230901:2311,0.0,0.0,0.0,11.61,0.48,0.0
20230902:0011,0.0,0.0,0.0,10.77,0.83,0.0
20230902:0111,0.0,0.0,0.0,9.07,1.24,0.0
20230902:0211,0.0,0.0,0.0,8.34,1.38,0.0
20230902:0311,0.0,0.0,0.0,7.76,1.52,0.0
20230902:0411,0.0,0.0,0.0,7.3,1.59,0.0
20230902:0511,0.0,0.0,0.0,6.86,1.52,0.0
20230902:0611,113.94,39.28,6.06,7.39,1.52,0.0
20230902:0711,945.18,220.97,14.11,8.8,1.59,0.0
20230902:0811,2082.36,434.4,21.92,10.66,1.79,0.0
20230902:0911,3064.56,647.44,29.04,12.98,2.0,0.0
20230902:1011,3805.74,827.78,34.92,15.1,2.55,0.0
20230902:1111,3980.88,869.35,38.93,16.65,3.45,0.0
20230902:1211,4249.98,932.45,40.51,17.65,4.28,0.0
20230902:1311,4147.14,903.83,39.38,18.02,4.62,0.0
20230902:1411,2313.0,484.82,35.74,17.94,4.48,0.0
20230902:1511,896.94,196.66,30.13,17.71,4.55,0.0
20230902:1611,427.8,102.91,23.18,17.11,3.79,0.0
20230902:1711,330.72,83.21,15.45,16.65,3.66,0.0
20230902:1811,53.88,22.25,7.41,16.05,3.45,0.0
20230902:1911,0.0,0.0,0.0,15.54,4.14,0.0
20230902:2011,0.0,0.0,0.0,14.95,4.0,0.0
20230902:2111,0.0,0.0,0.0,14.45,3.93,0.0
20230902:2211,0.0,0.0,0.0,14.13,4.34,0.0
20230902:2311,0.0,0.0,0.0,14.07,4.76,0.0
20230903:0011,0.0,0.0,0.0,13.92,4.97,0.0
20230903:0111,0.0,0.0,0.0,14.07,5.1,0.0
20230903:0211,0.0,0.0,0.0,14.12,5.1,0.0
20230903:0311,0.0,0.0,0.0,14.03,5.03,0.0
20230903:0411,0.0,0.0,0.0,13.94,4.97,0.0
20230903:0511,0.0,0.0,0.0,13.94,4.97,0.0
20230903:0611,4.02,7.42,5.8,13.99,5.03,0.0
20230903:0711,58.14,23.18,13.85,14.37,5.03,0.0
20230903:0811,158.82,46.36,21.65,14.57,4.9,0.0
20230903:0911,725.34,160.6,28.75,15.26,5.79,0.0
20230903:1011,1649.34,341.78,34.6,15.92,6.41,0.0
20230903:1111,1882.44,389.14,38.59,16.56,6.97,0.0
20230903:1211,4286.64,916.56,40.15,16.79,6.07,0.0
20230903:1311,4216.5,899.2,39.01,17.03,6.21,0.0
20230903:1411,3785.76,797.13,35.37,17.04,6.21,0.0
20230903:1511,3052.98,633.86,29.76,16.95,6.07,0.0
20230903:1611,1866.84,390.17,22.82,16.76,5.72,0.0
20230903:1711,999.06,230.31,15.1,16.26,5.03,0.0
20230903:1811,65.1,25.03,7.06,15.71,4.55,0.0
20230903:1911,0.0,0.0,0.0,15.46,4.21,0.0
20230903:2011,0.0,0.0,0.0,14.87,3.79,0.0
20230903:2111,0.0,0.0,0.0,14.51,3.59,0.0
20230903:2211,0.0,0.0,0.0,14.26,3.52,0.0
20230903:2311,0.0,0.0,0.0,14.09,3.45,0.0
20230904:0011,0.0,0.0,0.0,13.9,3.38,0.0
20230904:0111,0.0,0.0,0.0,13.7,3.38,0.0
20230904:0211,0.0,0.0,0.0,13.49,3.45,0.0
20230904:0311,0.0,0.0,0.0,13.5,3.66,0.0
20230904:0411,0.0,0.0,0.0,13.55,3.79,0.0
20230904:0511,0.0,0.0,0.0,13.82,3.93,0.0
20230904:0611,83.52,32.48,5.54,14.02,4.0,0.0
20230904:0711,804.3,190.8,13.58,14.22,4.41,0.0
20230904:0811,1948.14,407.24,21.38,14.85,4.69,0.0
20230904:0911,3152.16,658.62,28.46,15.85,4.76,0.0
20230904:1011,3866.52,823.6,34.29,16.76,5.03,0.0
20230904:1111,4348.74,946.87,38.25,17.51,4.97,0.0
20230904:1211,4370.4,960.26,39.78,18.19,4.69,0.0
20230904:1311,4257.24,936.48,38.63,18.71,4.48,0.0
20230904:1411,3818.94,829.26,34.99,18.93,4.28,0.0
20230904:1511,3091.92,659.97,29.39,19.01,4.0,0.0
20230904:1611,2111.52,450.63,22.46,18.82,3.59,0.0
20230904:1711,1042.02,244.98,14.74,18.34,3.17,0.0
20230904:1811,148.02,52.87,6.7,17.53,2.69,0.0
20230904:1911,0.0,0.0,0.0,16.62,2.41,0.0
20230904:2011,0.0,0.0,0.0,15.24,2.28,0.0
20230904:2111,0.0,0.0,0.0,14.13,2.14,0.0
20230904:2211,0.0,0.0,0.0,13.14,2.0,0.0
20230904:2311,0.0,0.0,0.0,12.23,1.93,0.0
20230905:0011,0.0,0.0,0.0,11.52,1.93,0.0
20230905:0111,0.0,0.0,0.0,10.79,1.93,0.0
20230905:0211,0.0,0.0,0.0,9.76,1.72,0.0
20230905:0311,0.0,0.0,0.0,9.02,1.45,0.0
20230905:0411,0.0,0.0,0.0,8.52,1.31,0.0
20230905:0511,0.0,0.0,0.0,8.21,1.38,0.0
20230905:0611,80.82,30.77,5.28,8.12,1.31,0.0
20230905:0711,845.88,199.72,13.32,9.93,0.48,0.0
20230905:0811,2013.72,428.61,21.1,11.58,0.14,0.0
20230905:0911,2997.9,651.59,28.16,13.8,0.34,0.0
20230905:1011,3675.84,823.48,33.97,16.15,1.03,0.0
20230905:1111,4129.92,948.68,37.9,17.84,1.52,0.0
20230905:1211,4149.72,959.63,39.41,19.13,1.66,0.0
20230905:1311,4088.52,947.73,38.25,20.14,1.66,0.0
20230905:1411,3652.38,828.58,34.61,20.81,1.72,0.0
20230905:1511,3035.04,668.26,29.02,21.12,2.14,0.0
20230905:1611,2045.7,443.8,22.09,20.8,2.62,0.0
20230905:1711,782.64,185.32,14.38,19.8,2.69,0.0
20230905:1811,56.76,23.18,6.35,18.28,2.62,0.0
20230905:1911,0.0,0.0,0.0,16.63,2.21,0.0
20230905:2011,0.0,0.0,0.0,15.03,1.79,0.0
20230905:2111,0.0,0.0,0.0,13.59,1.31,0.0
20230905:2211,0.0,0.0,0.0,12.64,0.9,0.0
20230905:2311,0.0,0.0,0.0,13.04,0.62,0.0
20230906:0011,0.0,0.0,0.0,12.68,0.34,0.0
20230906:0111,0.0,0.0,0.0,12.39,0.14,0.0
20230906:0211,0.0,0.0,0.0,12.13,0.28,0.0
20230906:0311,0.0,0.0,0.0,11.75,0.55,0.0
20230906:0411,0.0,0.0,0.0,11.05,0.83,0.0
20230906:0511,0.0,0.0,0.0,9.91,0.97,0.0
20230906:0611,12.18,10.2,5.01,9.09,1.17,0.0
20230906:0711,584.76,138.03,13.05,10.51,1.17,0.0
20230906:0811,955.98,206.3,20.82,12.76,1.31,0.0
20230906:0911,1472.52,311.16,27.87,14.82,1.31,0.0
20230906:1011,2730.48,589.7,33.65,17.01,1.24,0.0
20230906:1111,3888.12,887.21,37.55,18.98,1.52,0.0
20230906:1211,3805.86,865.85,39.04,20.41,1.93,0.0
20230906:1311,3911.64,890.04,37.87,21.55,2.48,0.0
20230906:1411,3307.92,732.98,34.23,22.1,2.76,0.0
20230906:1511,1701.54,368.05,28.65,22.45,2.83,0.0
20230906:1611,414.6,102.6,21.73,22.38,2.76,0.0
20230906:1711,879.6,212.17,14.02,22.03,2.62,0.0
20230906:1811,117.06,43.4,5.99,21.34,2.28,0.0
20230906:1911,0.0,0.0,0.0,19.51,2.21,0.0
20230906:2011,0.0,0.0,0.0,18.17,2.07,0.0
20230906:2111,0.0,0.0,0.0,17.27,2.07,0.0
20230906:2211,0.0,0.0,0.0,16.72,2.0,0.0
20230906:2311,0.0,0.0,0.0,16.52,1.86,0.0
20230907:0011,0.0,0.0,0.0,15.98,1.79,0.0
20230907:0111,0.0,0.0,0.0,15.05,1.66,0.0
20230907:0211,0.0,0.0,0.0,14.09,1.59,0.0
20230907:0311,0.0,0.0,0.0,13.28,1.59,0.0
20230907:0411,0.0,0.0,0.0,12.66,1.52,0.0
20230907:0511,0.0,0.0,0.0,12.19,1.52,0.0
20230907:0611,64.86,26.33,4.74,11.74,1.45,0.0
20230907:0711,791.16,190.83,12.79,13.34,1.31,0.0
20230907:0811,1692.96,360.6,20.55,14.54,1.24,0.0
20230907:0911,2834.1,609.36,27.57,15.94,1.31,0.0
20230907:1011,3475.86,778.77,33.33,18.24,1.1,0.0
20230907:1111,3877.5,900.39,37.2,20.6,1.17,0.0
20230907:1211,3951.48,928.29,38.67,22.73,1.45,0.0
20230907:1311,3782.04,872.27,37.49,23.99,2.21,0.0
20230907:1411,3358.56,756.4,33.85,24.61,2.69,0.0
20230907:1511,1912.02,417.63,28.27,24.79,2.83,0.0
20230907:1611,533.7,128.49,21.36,24.6,2.69,0.0
20230907:1711,84.18,30.59,13.66,23.89,2.34,0.0
20230907:1811,0.0,4.64,5.63,22.67,1.93,0.0
20230907:1911,0.0,0.0,0.0,21.13,2.14,0.0
20230907:2011,0.0,0.0,0.0,19.67,2.07,0.0
20230907:2111,0.0,0.0,0.0,18.61,1.72,0.0
20230907:2211,0.0,0.0,0.0,18.01,1.72,0.0
20230907:2311,0.0,0.0,0.0,17.68,1.72,0.0
20230908:0011,0.0,0.0,0.0,17.25,1.59,0.0
20230908:0111,0.0,0.0,0.0,16.54,1.52,0.0
20230908:0211,0.0,0.0,0.0,15.76,1.52,0.0
20230908:0311,0.0,0.0,0.0,15.2,1.66,0.0
20230908:0411,0.0,0.0,0.0,14.46,1.79,0.0
20230908:0511,0.0,0.0,0.0,13.77,1.79,0.0
20230908:0611,51.72,22.66,4.48,13.4,1.72,0.0
20230908:0711,729.78,177.07,12.52,14.83,1.31,0.0
20230908:0811,1753.02,378.36,20.27,17.03,1.17,0.0
20230908:0911,2774.64,607.98,27.27,19.03,1.03,0.0
20230908:1011,3245.76,730.41,33.0,20.99,1.17,0.0
20230908:1111,3723.6,867.2,36.85,22.48,1.17,0.0
20230908:1211,3737.22,878.6,38.3,23.7,1.17,0.0
20230908:1311,3364.44,781.88,37.1,24.62,1.03,0.0
20230908:1411,3005.52,688.28,33.47,25.25,1.03,0.0
20230908:1511,1919.4,426.78,27.9,25.46,1.03,0.0
20230908:1611,1516.98,341.48,20.99,25.38,0.62,0.0
20230908:1711,823.38,205.56,13.29,24.81,0.28,0.0
20230908:1811,79.02,34.43,5.26,23.74,0.76,0.0
20230908:1911,0.0,0.0,0.0,21.86,1.17,0.0
20230908:2011,0.0,0.0,0.0,19.86,1.59,0.0
20230908:2111,0.0,0.0,0.0,18.29,2.0,0.0
20230908:2211,0.0,0.0,0.0,17.44,2.21,0.0
20230908:2311,0.0,0.0,0.0,17.09,2.21,0.0
20230909:0011,0.0,0.0,0.0,16.7,2.21,0.0
20230909:0111,0.0,0.0,0.0,16.53,2.28,0.0
20230909:0211,0.0,0.0,0.0,16.63,2.34,0.0
20230909:0311,0.0,0.0,0.0,16.79,2.48,0.0
20230909:0411,0.0,0.0,0.0,16.79,2.69,0.0
20230909:0511,0.0,0.0,0.0,16.73,2.9,0.0
20230909:0611,29.58,15.76,4.21,16.53,2.97,0.0
20230909:0711,500.4,123.41,12.25,17.07,2.62,0.0
20230909:0811,1173.0,253.11,19.99,17.66,3.93,0.0
20230909:0911,2901.12,611.17,26.97,18.65,4.9,0.0
20230909:1011,3566.34,761.01,32.68,19.42,5.45,0.0
20230909:1111,3918.6,847.44,36.5,19.84,5.45,0.0
20230909:1211,2583.18,547.03,37.92,19.77,4.69,0.0
20230909:1311,2901.42,617.97,36.72,19.99,4.62,0.0
20230909:1411,2563.14,542.32,33.08,20.12,4.76,0.0
20230909:1511,2145.54,452.12,27.52,19.86,4.76,0.0
20230909:1611,809.82,180.94,20.62,19.53,4.62,0.0
20230909:1711,423.18,105.04,12.92,18.81,4.0,0.0
20230909:1811,63.72,25.68,4.9,17.82,3.59,0.0
20230909:1911,0.0,0.0,0.0,17.06,3.45,0.0
20230909:2011,0.0,0.0,0.0,16.37,3.24,0.0
20230909:2111,0.0,0.0,0.0,15.73,3.1,0.0
20230909:2211,0.0,0.0,0.0,15.33,2.9,0.0
20230909:2311,0.0,0.0,0.0,15.06,2.62,0.0
20230910:0011,0.0,0.0,0.0,14.91,2.41,0.0
20230910:0111,0.0,0.0,0.0,14.81,2.28,0.0
20230910:0211,0.0,0.0,0.0,14.77,2.21,0.0
20230910:0311,0.0,0.0,0.0,14.68,2.0,0.0
20230910:0411,0.0,0.0,0.0,14.7,2.0,0.0
20230910:0511,0.0,0.0,0.0,14.7,1.93,0.0
20230910:0611,0.0,2.78,3.94,14.65,1.79,0.0
20230910:0711,20.4,12.98,11.98,14.69,1.86,0.0
20230910:0811,183.78,51.92,19.7,15.12,2.48,0.0
20230910:0911,513.0,119.6,26.67,15.64,2.34,0.0
20230910:1011,1155.9,247.59,32.35,16.28,2.83,0.0
20230910:1111,1389.6,295.37,36.14,16.67,2.69,0.0
20230910:1211,2001.18,421.99,37.54,17.34,2.97,0.0
20230910:1311,385.02,94.56,36.33,17.75,2.97,0.0
20230910:1411,727.92,164.0,32.69,18.05,2.83,0.0
20230910:1511,258.96,68.61,27.14,18.1,2.48,0.0
20230910:1611,159.96,47.28,20.24,17.88,1.72,0.0
20230910:1711,172.74,50.06,12.55,17.51,0.97,0.0
20230910:1811,62.46,26.55,4.53,17.12,0.69,0.0
20230910:1911,0.0,0.0,0.0,16.43,0.97,0.0
20230910:2011,0.0,0.0,0.0,16.01,0.9,0.0
20230910:2111,0.0,0.0,0.0,15.64,0.62,0.0
20230910:2211,0.0,0.0,0.0,15.5,0.62,0.0
20230910:2311,0.0,0.0,0.0,15.44,0.76,0.0
20230911:0011,0.0,0.0,0.0,15.34,0.9,0.0
20230911:0111,0.0,0.0,0.0,15.17,0.97,0.0
20230911:0211,0.0,0.0,0.0,15.21,1.17,0.0
20230911:0311,0.0,0.0,0.0,15.21,1.45,0.0
20230911:0411,0.0,0.0,0.0,15.19,2.83,0.0
20230911:0511,0.0,0.0,0.0,14.78,3.59,0.0
20230911:0611,14.52,11.13,3.67,13.89,3.24,0.0
20230911:0711,346.44,86.94,11.7,12.96,2.48,0.0
20230911:0811,1024.62,219.16,19.42,12.59,2.28,0.0
20230911:0911,2864.28,597.12,26.37,12.76,2.55,0.0
20230911:1011,3455.58,727.15,32.02,13.26,3.31,0.0
20230911:1111,2523.18,521.03,35.79,14.15,4.07,0.0
20230911:1211,3850.14,818.0,37.16,14.45,4.28,0.0
20230911:1311,3785.7,801.93,35.94,14.66,4.41,0.0
20230911:1411,964.8,207.28,32.31,14.39,4.07,0.0
20230911:1511,667.8,148.92,26.75,14.05,3.86,0.0
20230911:1611,1167.06,247.28,19.87,13.57,3.52,0.0
20230911:1711,327.18,82.12,12.18,12.98,3.1,0.0
20230911:1811,0.0,3.71,4.16,12.26,2.55,0.0
20230911:1911,0.0,0.0,0.0,11.77,2.34,0.0
20230911:2011,0.0,0.0,0.0,11.3,2.14,0.0
20230911:2111,0.0,0.0,0.0,10.99,2.14,0.0
20230911:2211,0.0,0.0,0.0,10.69,2.14,0.0
20230911:2311,0.0,0.0,0.0,10.27,2.14,0.0
20230912:0011,0.0,0.0,0.0,9.86,2.07,0.0
20230912:0111,0.0,0.0,0.0,9.24,2.0,0.0
20230912:0211,0.0,0.0,0.0,8.75,1.86,0.0
20230912:0311,0.0,0.0,0.0,8.01,1.79,0.0
20230912:0411,0.0,0.0,0.0,7.14,1.72,0.0
20230912:0511,0.0,0.0,0.0,6.54,1.59,0.0
20230912:0611,30.42,16.13,3.4,6.52,1.45,0.0
20230912:0711,623.22,146.75,11.43,7.26,1.24,0.0
20230912:0811,1160.88,243.67,19.14,9.78,1.86,0.0
20230912:0911,2170.08,445.62,26.07,10.44,1.79,0.0
20230912:1011,1641.24,338.5,31.69,11.12,2.0,0.0
20230912:1111,3667.5,786.14,35.43,11.72,2.07,0.0
20230912:1211,3791.16,820.38,36.78,12.16,2.0,0.0
20230912:1311,2938.02,618.28,35.55,12.42,1.93,0.0
20230912:1411,1909.56,395.97,31.92,12.7,1.93,0.0
20230912:1511,2923.86,613.94,26.37,12.7,2.07,0.0
20230912:1611,2034.24,425.88,19.49,12.33,2.28,0.0
20230912:1711,651.72,153.96,11.81,11.66,2.34,0.0
20230912:1811,46.8,21.3,3.79,10.82,2.21,0.0
20230912:1911,0.0,0.0,0.0,10.44,2.0,0.0
20230912:2011,0.0,0.0,0.0,9.55,1.86,0.0
20230912:2111,0.0,0.0,0.0,8.58,1.66,0.0
20230912:2211,0.0,0.0,0.0,7.61,1.38,0.0
20230912:2311,0.0,0.0,0.0,6.94,1.24,0.0
20230913:0011,0.0,0.0,0.0,7.45,0.97,0.0
20230913:0111,0.0,0.0,0.0,7.98,0.9,0.0
20230913:0211,0.0,0.0,0.0,7.67,0.69,0.0
20230913:0311,0.0,0.0,0.0,6.75,0.97,0.0
20230913:0411,0.0,0.0,0.0,4.94,1.03,0.0
20230913:0511,0.0,0.0,0.0,4.59,0.9,0.0
20230913:0611,32.7,17.37,3.13,4.72,0.97,0.0
20230913:0711,198.48,53.41,11.16,6.1,1.24,0.0
20230913:0811,848.58,180.72,18.85,7.41,1.31,0.0
20230913:0911,1050.12,220.1,25.76,9.0,1.45,0.0
20230913:1011,1572.48,323.3,31.36,10.35,2.14,0.0
20230913:1111,874.98,188.14,35.07,11.34,2.41,0.0
20230913:1211,569.7,128.87,36.4,12.08,2.83,0.0
20230913:1311,1403.46,292.08,35.16,12.41,2.97,0.0
20230913:1411,503.16,115.89,31.52,12.42,3.17,0.0
20230913:1511,217.68,58.41,25.98,12.13,3.1,0.0
20230913:1611,501.84,115.32,19.11,11.6,2.76,0.0
20230913:1711,20.88,12.98,11.44,11.04,3.03,0.0
20230913:1811,0.0,5.56,3.42,10.27,3.45,0.0
20230913:1911,0.0,0.0,0.0,9.59,3.66,0.0
20230913:2011,0.0,0.0,0.0,9.39,3.93,0.0
20230913:2111,0.0,0.0,0.0,9.58,4.07,0.0
20230913:2211,0.0,0.0,0.0,9.97,4.34,0.0
20230913:2311,0.0,0.0,0.0,10.22,4.55,0.0
20230914:0011,0.0,0.0,0.0,10.5,4.62,0.0
20230914:0111,0.0,0.0,0.0,10.94,4.55,0.0
20230914:0211,0.0,0.0,0.0,11.35,4.97,0.0
20230914:0311,0.0,0.0,0.0,11.19,5.52,0.0
20230914:0411,0.0,0.0,0.0,10.69,5.52,0.0
20230914:0511,0.0,0.0,0.0,10.46,5.17,0.0
20230914:0611,0.0,4.64,2.86,10.29,4.9,0.0
20230914:0711,637.56,152.22,10.88,10.77,5.1,0.0
20230914:0811,1719.06,354.38,18.56,11.23,4.55,0.0
20230914:0911,2716.86,549.46,25.45,12.17,6.0,0.0
20230914:1011,3084.9,623.24,31.02,12.45,7.1,0.0
20230914:1111,3765.54,774.8,34.71,12.67,6.41,0.0
20230914:1211,4001.64,830.16,36.02,12.98,6.34,0.0
20230914:1311,2941.32,599.89,34.76,13.48,6.28,0.0
20230914:1411,2372.1,482.13,31.13,13.65,6.14,0.0
20230914:1511,702.0,154.64,25.6,13.28,5.79,0.0
20230914:1611,1464.24,304.26,18.73,12.8,5.45,0.0
20230914:1711,731.52,174.22,11.06,12.23,4.76,0.0
20230914:1811,32.4,17.52,3.04,11.41,4.41,0.0
20230914:1911,0.0,0.0,0.0,10.75,3.66,0.0
20230914:2011,0.0,0.0,0.0,10.03,3.17,0.0
20230914:2111,0.0,0.0,0.0,9.61,3.03,0.0
20230914:2211,0.0,0.0,0.0,9.32,2.83,0.0
20230914:2311,0.0,0.0,0.0,9.2,2.83,0.0
20230915:0011,0.0,0.0,0.0,9.19,2.69,0.0
20230915:0111,0.0,0.0,0.0,9.07,2.48,0.0
20230915:0211,0.0,0.0,0.0,9.02,2.21,0.0
20230915:0311,0.0,0.0,0.0,8.74,2.07,0.0
20230915:0411,0.0,0.0,0.0,8.59,1.93,0.0
20230915:0511,0.0,0.0,0.0,8.51,1.79,0.0
20230915:0611,0.0,1.85,2.58,8.38,1.72,0.0
20230915:0711,264.0,68.21,10.6,8.61,1.52,0.0
20230915:0811,939.06,200.28,18.27,9.74,1.45,0.0
20230915:0911,642.78,142.65,25.14,10.98,1.93,0.0
20230915:1011,1702.86,353.05,30.69,11.93,1.52,0.0
20230915:1111,1356.06,285.39,34.34,12.66,1.17,0.0
20230915:1211,1469.4,309.26,35.64,13.03,0.97,0.0
20230915:1311,1102.8,235.93,34.37,13.21,0.83,0.0
20230915:1411,1263.96,267.53,30.74,13.11,0.9,0.0
20230915:1511,627.12,140.84,25.21,12.57,1.17,0.0
20230915:1611,330.72,81.59,18.35,11.92,1.52,0.0
20230915:1711,198.18,54.42,10.69,11.26,1.59,0.0
20230915:1811,6.66,8.34,2.67,10.68,1.52,0.0
20230915:1911,0.0,0.0,0.0,9.99,1.45,0.0
20230915:2011,0.0,0.0,0.0,9.49,1.52,0.0
20230915:2111,0.0,0.0,0.0,9.05,1.38,0.0
20230915:2211,0.0,0.0,0.0,8.85,1.45,0.0
20230915:2311,0.0,0.0,0.0,8.66,1.52,0.0
20230916:0011,0.0,0.0,0.0,8.51,1.52,0.0
20230916:0111,0.0,0.0,0.0,8.46,1.52,0.0
20230916:0211,0.0,0.0,0.0,8.38,1.31,0.0
20230916:0311,0.0,0.0,0.0,8.32,1.24,0.0
20230916:0411,0.0,0.0,0.0,8.13,1.24,0.0
20230916:0511,0.0,0.0,0.0,7.97,1.1,0.0
20230916:0611,0.0,1.85,2.31,7.6,0.97,0.0
20230916:0711,424.14,103.45,10.33,7.9,0.9,0.0
20230916:0811,1154.82,241.36,17.99,8.57,1.79,0.0
20230916:0911,1336.74,275.04,24.83,9.32,2.21,0.0
20230916:1011,2731.02,561.1,30.35,10.18,2.41,0.0
20230916:1111,2373.0,486.64,33.98,10.87,2.55,0.0
20230916:1211,1801.8,370.37,35.25,11.3,2.55,0.0
20230916:1311,1870.32,385.31,33.97,11.75,2.34,0.0
20230916:1411,3017.76,631.7,30.34,12.04,2.21,0.0
20230916:1511,1876.02,387.2,24.82,12.06,2.0,0.0
20230916:1611,876.3,189.47,17.97,11.85,1.86,0.0
20230916:1711,631.32,153.26,10.31,11.57,1.79,0.0
20230916:1811,7.74,8.74,2.29,10.94,1.45,0.0
20230916:1911,0.0,0.0,0.0,9.91,1.45,0.0
20230916:2011,0.0,0.0,0.0,8.73,1.52,0.0
20230916:2111,0.0,0.0,0.0,7.57,1.52,0.0
20230916:2211,0.0,0.0,0.0,6.84,1.31,0.0
20230916:2311,0.0,0.0,0.0,7.09,1.1,0.0
20230917:0011,0.0,0.0,0.0,7.07,1.03,0.0
20230917:0111,0.0,0.0,0.0,6.49,1.03,0.0
20230917:0211,0.0,0.0,0.0,6.04,1.03,0.0
20230917:0311,0.0,0.0,0.0,5.5,1.03,0.0
20230917:0411,0.0,0.0,0.0,4.84,1.1,0.0
20230917:0511,0.0,0.0,0.0,4.4,1.24,0.0
20230917:0611,0.0,0.87,2.03,4.8,1.17,0.0
20230917:0711,353.94,87.68,10.05,6.3,0.48,0.0
20230917:0811,1503.72,312.05,17.69,7.54,0.55,0.0
20230917:0911,2770.32,576.53,24.52,8.87,0.83,0.0
20230917:1011,748.08,163.2,30.01,10.73,1.66,0.0
20230917:1111,290.4,73.24,33.61,11.67,2.76,0.0
20230917:1211,960.9,205.13,34.86,12.45,3.59,0.0
20230917:1311,306.3,76.95,33.58,13.47,3.79,0.0
20230917:1411,360.54,88.08,29.95,13.97,4.0,0.0
20230917:1511,402.48,96.42,24.43,13.59,3.24,0.0
20230917:1611,109.62,35.23,17.59,12.88,2.48,0.0
20230917:1711,89.76,30.59,9.94,12.2,2.21,0.0
20230917:1811,0.0,4.37,1.92,11.92,2.0,0.0
20230917:1911,0.0,0.0,0.0,11.87,2.07,0.0
20230917:2011,0.0,0.0,0.0,11.95,2.21,0.0
20230917:2111,0.0,0.0,0.0,12.04,2.14,0.0
20230917:2211,0.0,0.0,0.0,12.14,2.07,0.0
20230917:2311,0.0,0.0,0.0,12.2,2.07,0.0
20230918:0011,0.0,0.0,0.0,12.25,2.21,0.0
20230918:0111,0.0,0.0,0.0,12.18,2.07,0.0
20230918:0211,0.0,0.0,0.0,12.12,1.79,0.0
20230918:0311,0.0,0.0,0.0,11.96,1.66,0.0
20230918:0411,0.0,0.0,0.0,11.8,1.52,0.0
20230918:0511,0.0,0.0,0.0,11.78,1.31,0.0
20230918:0611,0.0,3.5,1.76,11.65,1.1,0.0
20230918:0711,11.94,10.2,9.77,11.67,0.34,0.0
20230918:0811,178.2,50.06,17.4,11.42,0.41,0.0
20230918:0911,143.76,42.65,24.21,11.61,1.59,0.0
20230918:1011,322.5,79.73,29.67,11.56,2.41,0.0
20230918:1111,345.84,84.37,33.25,11.56,2.97,0.0
20230918:1211,614.7,137.21,34.48,11.45,3.31,0.0
20230918:1311,941.1,200.58,33.18,11.81,3.79,0.0
20230918:1411,1675.14,342.18,29.55,11.86,4.28,0.0
20230918:1511,684.6,150.36,24.04,11.46,4.28,0.0
20230918:1611,932.22,198.8,17.21,11.1,4.21,0.0
20230918:1711,494.94,121.86,9.56,10.19,3.79,0.0
20230918:1811,0.0,2.62,1.54,9.21,3.45,0.0
20230918:1911,0.0,0.0,0.0,8.85,3.38,0.0
20230918:2011,0.0,0.0,0.0,8.31,3.45,0.0
20230918:2111,0.0,0.0,0.0,8.13,3.45,0.0
20230918:2211,0.0,0.0,0.0,7.76,3.52,0.0
20230918:2311,0.0,0.0,0.0,7.65,3.79,0.0
20230919:0011,0.0,0.0,0.0,7.77,4.0,0.0
20230919:0111,0.0,0.0,0.0,7.87,4.34,0.0
20230919:0211,0.0,0.0,0.0,7.53,4.28,0.0
20230919:0311,0.0,0.0,0.0,7.38,4.07,0.0
20230919:0411,0.0,0.0,0.0,7.51,4.14,0.0
20230919:0511,0.0,0.0,0.0,7.44,4.21,0.0
20230919:0611,0.0,3.5,1.48,7.18,3.86,0.0
20230919:0711,701.04,168.7,9.49,7.76,3.86,0.0
20230919:0811,1687.56,344.13,17.11,8.63,4.62,0.0
20230919:0911,440.52,101.98,23.89,9.27,5.03,0.0
20230919:1011,1831.02,368.45,29.33,9.96,5.1,0.0
20230919:1111,2171.22,437.33,32.88,10.69,5.17,0.0
20230919:1211,3117.24,633.72,34.09,11.01,5.17,0.0
20230919:1311,588.3,131.65,32.78,11.31,5.1,0.0
20230919:1411,241.44,63.04,29.15,11.28,5.03,0.0
20230919:1511,174.72,49.14,23.65,11.07,4.07,0.0
20230919:1611,48.18,20.4,16.82,10.81,4.07,0.0
20230919:1711,37.68,17.62,9.18,10.1,3.45,0.0
20230919:1811,0.0,0.87,1.17,9.3,2.62,0.0
20230919:1911,0.0,0.0,0.0,9.19,1.66,0.0
20230919:2011,0.0,0.0,0.0,9.02,1.59,0.0
20230919:2111,0.0,0.0,0.0,8.92,2.07,0.0
20230919:2211,0.0,0.0,0.0,8.91,2.41,0.0
20230919:2311,0.0,0.0,0.0,8.8,2.28,0.0
20230920:0011,0.0,0.0,0.0,8.83,1.59,0.0
20230920:0111,0.0,0.0,0.0,9.03,0.62,0.0
20230920:0211,0.0,0.0,0.0,9.76,0.14,0.0
20230920:0311,0.0,0.0,0.0,10.27,0.21,0.0
20230920:0411,0.0,0.0,0.0,10.58,0.34,0.0
20230920:0511,0.0,0.0,0.0,10.62,0.76,0.0
20230920:0611,0.0,0.0,0.0,11.0,1.24,0.0
20230920:0711,318.18,82.3,9.21,11.59,1.1,0.0
20230920:0811,431.28,102.13,16.81,12.6,1.03,0.0
20230920:0911,1183.74,251.11,23.58,13.68,1.24,0.0
20230920:1011,1471.2,308.79,28.99,15.03,2.55,0.0
20230920:1111,1520.94,318.19,32.51,15.58,3.93,0.0
20230920:1211,3169.86,664.66,33.7,15.63,4.34,0.0
20230920:1311,2937.78,608.63,32.39,15.59,5.24,0.0
20230920:1411,1630.86,336.0,28.75,14.61,5.66,0.0
20230920:1511,1934.34,394.3,23.26,13.67,5.79,0.0
20230920:1611,1681.44,348.29,16.44,12.62,6.34,0.0
20230920:1711,74.64,26.89,8.8,11.03,6.83,0.0
20230920:1811,0.0,0.0,0.0,9.88,6.76,0.0
20230920:1911,0.0,0.0,0.0,9.68,7.86,0.0
20230920:2011,0.0,0.0,0.0,8.81,7.79,0.0
20230920:2111,0.0,0.0,0.0,8.28,7.17,0.0
20230920:2211,0.0,0.0,0.0,8.19,6.28,0.0
20230920:2311,0.0,0.0,0.0,8.39,5.66,0.0
20230921:0011,0.0,0.0,0.0,8.46,5.52,0.0
20230921:0111,0.0,0.0,0.0,8.58,5.52,0.0
20230921:0211,0.0,0.0,0.0,8.58,5.52,0.0
20230921:0311,0.0,0.0,0.0,8.38,5.52,0.0
20230921:0411,0.0,0.0,0.0,8.38,5.52,0.0
20230921:0511,0.0,0.0,0.0,8.43,5.59,0.0
20230921:0611,0.0,0.0,0.0,8.53,5.66,0.0
20230921:0711,124.68,38.01,8.93,9.07,6.07,0.0
20230921:0811,71.4,25.96,16.52,9.35,6.07,0.0
20230921:0911,1611.3,324.56,23.26,9.81,5.86,0.0
20230921:1011,1748.4,351.51,28.65,9.92,5.66,0.0
20230921:1111,895.02,189.56,32.14,9.96,5.24,0.0
20230921:1211,1293.54,265.68,33.31,9.99,4.9,0.0
20230921:1311,957.9,201.91,31.99,10.09,4.55,0.0
20230921:1411,747.66,161.6,28.36,10.13,4.69,0.0
20230921:1511,706.86,153.73,22.87,10.35,4.76,0.0
20230921:1611,641.82,141.89,16.05,10.41,4.48,0.0
20230921:1711,86.88,29.67,8.42,10.09,4.62,0.0
20230921:1811,0.0,0.0,0.0,9.44,4.07,0.0
20230921:1911,0.0,0.0,0.0,9.51,3.66,0.0
20230921:2011,0.0,0.0,0.0,9.37,3.31,0.0
20230921:2111,0.0,0.0,0.0,9.12,3.03,0.0
20230921:2211,0.0,0.0,0.0,9.05,2.76,0.0
20230921:2311,0.0,0.0,0.0,9.01,2.62,0.0
20230922:0011,0.0,0.0,0.0,9.05,2.48,0.0
20230922:0111,0.0,0.0,0.0,8.95,2.48,0.0
20230922:0211,0.0,0.0,0.0,8.72,2.48,0.0
20230922:0311,0.0,0.0,0.0,8.51,2.69,0.0
20230922:0411,0.0,0.0,0.0,8.4,2.76,0.0
20230922:0511,0.0,0.0,0.0,8.38,2.76,0.0
20230922:0611,0.0,0.0,0.0,8.43,2.76,0.0
20230922:0711,136.14,40.81,8.64,8.89,2.28,0.0
20230922:0811,411.36,96.71,16.22,9.4,2.0,0.0
20230922:0911,242.22,63.04,22.95,10.11,2.14,0.0
20230922:1011,314.76,77.88,28.31,10.6,2.21,0.0
20230922:1111,318.84,78.8,31.78,10.98,2.48,0.0
20230922:1211,496.14,114.03,32.92,11.33,2.9,0.0
20230922:1311,1367.4,282.78,31.59,11.27,3.17,0.0
20230922:1411,564.42,127.01,27.96,10.75,3.31,0.0
20230922:1511,616.98,136.74,22.47,10.26,3.45,0.0
20230922:1611,220.32,58.41,15.67,9.73,3.24,0.0
20230922:1711,135.78,40.82,8.04,9.24,2.97,0.0
20230922:1811,0.0,0.0,0.0,8.29,2.69,0.0
20230922:1911,0.0,0.0,0.0,8.32,2.34,0.0
20230922:2011,0.0,0.0,0.0,7.87,2.14,0.0
20230922:2111,0.0,0.0,0.0,7.67,2.21,0.0
20230922:2211,0.0,0.0,0.0,7.14,2.21,0.0
20230922:2311,0.0,0.0,0.0,6.89,2.14,0.0
20230923:0011,0.0,0.0,0.0,6.69,2.07,0.0
20230923:0111,0.0,0.0,0.0,6.46,1.86,0.0
20230923:0211,0.0,0.0,0.0,6.23,1.79,0.0
20230923:0311,0.0,0.0,0.0,5.94,1.72,0.0
20230923:0411,0.0,0.0,0.0,5.77,1.72,0.0
20230923:0511,0.0,0.0,0.0,5.59,1.79,0.0
20230923:0611,0.0,0.0,0.0,5.57,1.79,0.0
20230923:0711,540.3,131.86,8.36,5.82,1.45,0.0
20230923:0811,1768.38,364.63,15.93,7.14,1.31,0.0
20230923:0911,2607.42,535.12,22.63,7.96,1.24,0.0
20230923:1011,2861.1,593.1,27.96,8.63,1.17,0.0
20230923:1111,2115.18,433.02,31.4,9.05,1.31,0.0
20230923:1211,2519.88,518.91,32.53,9.44,1.52,0.0
20230923:1311,3205.98,672.81,31.19,9.97,1.66,0.0
20230923:1411,1850.04,379.01,27.56,10.23,1.72,0.0
20230923:1511,2355.9,484.87,22.08,10.48,1.79,0.0
20230923:1611,676.26,149.53,15.28,10.71,2.21,0.0
20230923:1711,78.6,27.81,7.66,10.46,1.79,0.0
20230923:1811,0.0,0.0,0.0,9.64,1.86,0.0
20230923:1911,0.0,0.0,0.0,9.02,2.14,0.0
20230923:2011,0.0,0.0,0.0,8.58,2.34,0.0
20230923:2111,0.0,0.0,0.0,8.5,2.55,0.0
20230923:2211,0.0,0.0,0.0,8.56,2.41,0.0
20230923:2311,0.0,0.0,0.0,8.84,2.55,0.0
20230924:0011,0.0,0.0,0.0,9.31,2.83,0.0
20230924:0111,0.0,0.0,0.0,9.68,3.17,0.0
20230924:0211,0.0,0.0,0.0,9.78,3.45,0.0
20230924:0311,0.0,0.0,0.0,9.88,3.66,0.0
20230924:0411,0.0,0.0,0.0,10.18,3.59,0.0
20230924:0511,0.0,0.0,0.0,10.5,3.17,0.0
20230924:0611,0.0,0.0,0.0,10.68,2.83,0.0
20230924:0711,78.54,27.81,8.07,10.7,2.34,0.0
20230924:0811,468.3,108.83,15.63,11.55,2.41,0.0
20230924:0911,199.26,54.7,22.31,12.71,2.48,0.0
20230924:1011,550.8,126.09,27.62,13.84,2.83,0.0
20230924:1111,691.56,154.02,31.03,14.62,3.93,0.0
20230924:1211,716.88,159.59,32.14,15.63,4.41,0.0
20230924:1311,316.26,79.73,30.79,15.91,4.21,0.0
20230924:1411,617.52,140.13,27.16,15.75,3.79,0.0
20230924:1511,218.76,59.33,21.69,15.14,3.24,0.0
20230924:1611,375.42,91.51,14.9,14.58,2.83,0.0
20230924:1711,11.7,10.2,7.28,13.96,2.21,0.0
20230924:1811,0.0,0.0,0.0,14.11,3.59,0.0
20230924:1911,0.0,0.0,0.0,14.63,6.07,0.0
20230924:2011,0.0,0.0,0.0,14.54,6.41,0.0
20230924:2111,0.0,0.0,0.0,14.59,6.48,0.0
20230924:2211,0.0,0.0,0.0,14.4,7.38,0.0
20230924:2311,0.0,0.0,0.0,12.62,6.62,0.0
20230925:0011,0.0,0.0,0.0,11.82,5.72,0.0
20230925:0111,0.0,0.0,0.0,11.56,6.0,0.0
20230925:0211,0.0,0.0,0.0,11.65,5.72,0.0
20230925:0311,0.0,0.0,0.0,11.4,5.66,0.0
20230925:0411,0.0,0.0,0.0,11.4,5.66,0.0
20230925:0511,0.0,0.0,0.0,11.37,5.79,0.0
20230925:0611,0.0,0.0,0.0,11.62,5.45,0.0
20230925:0711,336.0,87.79,7.79,11.66,5.38,0.0
20230925:0811,1537.5,319.33,15.33,12.15,5.24,0.0
20230925:0911,593.22,133.32,21.99,12.84,4.76,0.0
20230925:1011,1917.36,391.2,27.27,13.34,4.97,0.0
20230925:1111,610.32,137.21,30.66,13.76,5.86,0.0
20230925:1211,1425.0,294.55,31.75,13.47,5.66,0.0
20230925:1311,2046.78,416.49,30.39,13.1,5.31,0.0
20230925:1411,1187.52,247.89,26.76,13.36,5.79,0.0
20230925:1511,2437.08,495.82,21.3,13.39,5.66,0.0
20230925:1611,1393.74,293.38,14.52,13.44,5.79,0.0
20230925:1711,318.3,86.86,6.9,13.24,5.03,0.0
20230925:1811,0.0,0.0,0.0,12.64,4.28,0.0
20230925:1911,0.0,0.0,0.0,12.27,3.86,0.0
20230925:2011,0.0,0.0,0.0,12.05,3.79,0.0
20230925:2111,0.0,0.0,0.0,12.05,4.0,0.0
20230925:2211,0.0,0.0,0.0,12.52,4.28,0.0
20230925:2311,0.0,0.0,0.0,12.83,4.41,0.0
20230926:0011,0.0,0.0,0.0,12.56,4.34,0.0
20230926:0111,0.0,0.0,0.0,12.32,4.34,0.0
20230926:0211,0.0,0.0,0.0,12.08,4.48,0.0
20230926:0311,0.0,0.0,0.0,12.02,4.62,0.0
20230926:0411,0.0,0.0,0.0,11.96,4.62,0.0
20230926:0511,0.0,0.0,0.0,11.86,4.55,0.0
20230926:0611,0.0,0.0,0.0,11.78,4.48,0.0
20230926:0711,109.98,35.51,7.5,12.11,4.48,0.0
20230926:0811,130.68,39.87,15.03,12.49,4.28,0.0
20230926:0911,462.0,107.72,21.67,12.83,4.62,0.0
20230926:1011,634.5,142.02,26.92,13.39,3.93,0.0
20230926:1111,762.72,167.24,30.29,13.82,4.48,0.0
20230926:1211,215.88,58.41,31.36,13.88,3.86,0.0
20230926:1311,558.54,127.01,29.99,13.12,3.93,0.0
20230926:1411,244.08,63.97,26.36,12.79,4.9,0.0
20230926:1511,1286.28,266.61,20.91,12.56,4.48,0.0
20230926:1611,1036.74,222.23,14.13,12.65,3.86,0.0
20230926:1711,441.54,119.05,6.53,12.07,3.59,0.0
20230926:1811,0.0,0.0,0.0,11.39,3.66,0.0
20230926:1911,0.0,0.0,0.0,10.92,3.66,0.0
20230926:2011,0.0,0.0,0.0,10.56,3.45,0.0
20230926:2111,0.0,0.0,0.0,10.23,3.38,0.0
20230926:2211,0.0,0.0,0.0,9.88,3.1,0.0
20230926:2311,0.0,0.0,0.0,9.72,2.9,0.0
20230927:0011,0.0,0.0,0.0,9.5,2.97,0.0
20230927:0111,0.0,0.0,0.0,9.28,2.97,0.0
20230927:0211,0.0,0.0,0.0,9.06,2.9,0.0
20230927:0311,0.0,0.0,0.0,8.77,2.83,0.0
20230927:0411,0.0,0.0,0.0,8.68,2.76,0.0
20230927:0511,0.0,0.0,0.0,8.54,2.62,0.0
20230927:0611,0.0,0.0,0.0,8.33,2.34,0.0
20230927:0711,517.86,130.36,7.22,8.26,2.0,0.0
20230927:0811,779.28,168.71,14.73,9.08,1.59,0.0
20230927:0911,417.24,98.27,21.35,10.36,1.66,0.0
20230927:1011,683.46,150.82,26.58,11.55,2.21,0.0
20230927:1111,849.54,183.74,29.92,12.35,2.41,0.0
20230927:1211,567.18,128.87,30.97,13.0,2.83,0.0
20230927:1311,334.14,82.51,29.59,13.08,3.17,0.0
20230927:1411,230.58,61.19,25.97,12.5,3.03,0.0
20230927:1511,209.4,56.55,20.52,11.6,3.38,0.0
20230927:1611,161.94,46.36,13.75,10.73,3.93,0.0
20230927:1711,21.0,12.98,6.15,10.58,4.34,0.0
20230927:1811,0.0,0.0,0.0,10.75,4.21,0.0
20230927:1911,0.0,0.0,0.0,10.85,4.07,0.0
20230927:2011,0.0,0.0,0.0,11.38,3.52,0.0
20230927:2111,0.0,0.0,0.0,12.05,3.03,0.0
20230927:2211,0.0,0.0,0.0,12.48,2.55,0.0
20230927:2311,0.0,0.0,0.0,12.86,2.34,0.0
20230928:0011,0.0,0.0,0.0,13.1,2.07,0.0
20230928:0111,0.0,0.0,0.0,12.82,1.45,0.0
20230928:0211,0.0,0.0,0.0,12.6,1.59,0.0
20230928:0311,0.0,0.0,0.0,12.76,3.17,0.0
20230928:0411,0.0,0.0,0.0,12.87,4.55,0.0
20230928:0511,0.0,0.0,0.0,12.85,5.1,0.0
20230928:0611,0.0,0.0,0.0,12.55,6.0,0.0
20230928:0711,434.76,113.12,6.93,12.75,5.66,0.0
20230928:0811,926.34,198.41,14.43,12.42,6.07,0.0
20230928:0911,1629.3,331.63,21.02,12.44,5.86,0.0
20230928:1011,2027.58,411.42,26.23,13.05,5.52,0.0
20230928:1111,2296.62,466.09,29.55,13.71,6.21,0.0
20230928:1211,699.78,155.03,30.58,14.49,6.28,0.0
20230928:1311,1305.24,272.65,29.19,14.63,5.24,0.0
20230928:1411,1686.9,347.37,25.57,14.52,4.76,0.0
20230928:1511,877.02,189.25,20.12,14.44,4.48,0.0
20230928:1611,238.92,63.32,13.36,14.18,4.28,0.0
20230928:1711,97.68,33.53,5.77,13.63,4.21,0.0
20230928:1811,0.0,0.0,0.0,12.93,4.0,0.0
20230928:1911,0.0,0.0,0.0,12.37,4.0,0.0
20230928:2011,0.0,0.0,0.0,12.08,4.21,0.0
20230928:2111,0.0,0.0,0.0,11.73,4.21,0.0
20230928:2211,0.0,0.0,0.0,11.56,4.07,0.0
20230928:2311,0.0,0.0,0.0,11.07,4.34,0.0
20230929:0011,0.0,0.0,0.0,10.53,4.62,0.0
20230929:0111,0.0,0.0,0.0,10.41,5.03,0.0
20230929:0211,0.0,0.0,0.0,10.4,5.24,0.0
20230929:0311,0.0,0.0,0.0,10.08,5.45,0.0
20230929:0411,0.0,0.0,0.0,9.99,5.79,0.0
20230929:0511,0.0,0.0,0.0,10.02,6.07,0.0
20230929:0611,0.0,0.0,0.0,10.19,6.28,0.0
20230929:0711,379.02,99.24,6.64,10.8,6.76,0.0
20230929:0811,1251.48,260.41,14.12,11.17,6.97,0.0
20230929:0911,1978.26,398.42,20.7,11.67,6.14,0.0
20230929:1011,2614.2,525.11,25.88,12.01,6.62,0.0
20230929:1111,3378.66,684.34,29.17,12.31,7.1,0.0
20230929:1211,3743.1,762.88,30.19,12.69,7.52,0.0
20230929:1311,3440.58,704.71,28.79,12.69,5.86,0.0
20230929:1411,1980.78,399.08,25.17,12.78,7.31,0.0
20230929:1511,1642.44,333.07,19.73,12.21,7.03,0.0
20230929:1611,1069.08,227.35,12.98,11.7,6.0,0.0
20230929:1711,93.96,32.46,5.39,11.29,6.55,0.0
20230929:1811,0.0,0.0,0.0,10.73,5.72,0.0
20230929:1911,0.0,0.0,0.0,10.5,5.17,0.0
20230929:2011,0.0,0.0,0.0,10.16,4.69,0.0
20230929:2111,0.0,0.0,0.0,9.93,4.28,0.0
20230929:2211,0.0,0.0,0.0,9.63,3.93,0.0
20230929:2311,0.0,0.0,0.0,9.53,3.66,0.0
20230930:0011,0.0,0.0,0.0,9.47,3.31,0.0
20230930:0111,0.0,0.0,0.0,9.15,3.03,0.0
20230930:0211,0.0,0.0,0.0,9.23,2.83,0.0
20230930:0311,0.0,0.0,0.0,9.22,2.55,0.0
20230930:0411,0.0,0.0,0.0,9.12,2.21,0.0
20230930:0511,0.0,0.0,0.0,9.13,1.93,0.0
20230930:0611,0.0,0.0,0.0,9.1,1.93,0.0
20230930:0711,132.36,40.97,6.35,9.41,1.79,0.0
20230930:0811,432.84,101.25,13.82,9.82,1.72,0.0
20230930:0911,781.92,168.68,20.38,10.43,2.28,0.0
20230930:1011,1084.02,227.76,25.53,11.07,2.14,0.0
20230930:1111,859.26,185.3,28.8,11.7,1.93,0.0
20230930:1211,880.44,189.9,29.8,12.32,2.07,0.0
20230930:1311,726.12,159.99,28.4,12.81,2.48,0.0
20230930:1411,283.74,72.31,24.78,13.06,2.48,0.0
20230930:1511,457.5,107.23,19.35,12.89,1.72,0.0
20230930:1611,97.5,32.45,12.6,12.65,1.86,0.0
20230930:1711,4.14,7.42,5.02,12.03,1.79,0.0
20230930:1811,0.0,0.0,0.0,11.13,2.0,0.0
20230930:1911,0.0,0.0,0.0,11.22,2.14,0.0
20230930:2011,0.0,0.0,0.0,10.88,2.28,0.0
20230930:2111,0.0,0.0,0.0,10.43,2.21,0.0
20230930:2211,0.0,0.0,0.0,10.31,2.48,0.0
20230930:2311,0.0,0.0,0.0,10.44,2.69,0.0
20231001:0011,0.0,0.0,0.0,10.57,2.83,0.0
20231001:0111,0.0,0.0,0.0,10.78,2.76,0.0
20231001:0211,0.0,0.0,0.0,11.02,2.69,0.0
20231001:0311,0.0,0.0,0.0,11.25,2.55,0.0
20231001:0411,0.0,0.0,0.0,11.55,2.9,0.0
20231001:0511,0.0,0.0,0.0,11.9,3.1,0.0
20231001:0611,0.0,0.0,0.0,12.07,2.9,0.0
20231001:0711,62.46,24.1,6.06,12.42,2.69,0.0
20231001:0811,30.24,15.76,13.52,12.88,3.03,0.0
20231001:0911,1435.02,297.49,20.05,13.37,3.38,0.0
20231001:1011,603.18,135.93,25.18,13.68,4.14,0.0
20231001:1111,3042.36,627.98,28.43,13.51,4.34,0.0
20231001:1211,3344.28,696.32,29.41,13.82,4.34,0.0
20231001:1311,3372.0,701.6,28.0,14.04,4.55,0.0
20231001:1411,2818.98,577.7,24.38,14.01,5.03,0.0
20231001:1511,2200.98,450.45,18.96,13.66,4.69,0.0
20231001:1611,1146.96,246.66,12.22,13.17,3.52,0.0
20231001:1711,125.88,42.46,4.65,12.55,3.45,0.0
20231001:1811,0.0,0.0,0.0,11.68,3.17,0.0
20231001:1911,0.0,0.0,0.0,11.38,3.03,0.0
20231001:2011,0.0,0.0,0.0,10.87,3.03,0.0
20231001:2111,0.0,0.0,0.0,10.63,3.03,0.0
20231001:2211,0.0,0.0,0.0,10.21,2.97,0.0
20231001:2311,0.0,0.0,0.0,10.05,2.97,0.0
20231002:0011,0.0,0.0,0.0,9.95,3.1,0.0
20231002:0111,0.0,0.0,0.0,10.04,3.31,0.0
20231002:0211,0.0,0.0,0.0,9.95,3.52,0.0
20231002:0311,0.0,0.0,0.0,9.93,3.66,0.0
20231002:0411,0.0,0.0,0.0,9.82,3.86,0.0
20231002:0511,0.0,0.0,0.0,9.73,4.07,0.0
20231002:0611,0.0,0.0,0.0,9.52,4.14,0.0
20231002:0711,439.56,114.87,5.77,9.56,4.21,0.0
20231002:0811,1376.82,285.93,13.21,10.17,4.48,0.0
20231002:0911,2053.68,412.33,19.73,10.78,5.66,0.0
20231002:1011,3074.88,618.96,24.83,11.35,6.34,0.0
20231002:1111,1387.32,284.0,28.06,11.87,6.55,0.0
20231002:1211,1947.3,392.92,29.02,12.2,6.55,0.0
20231002:1311,2429.28,489.24,27.6,12.08,6.07,0.0
20231002:1411,604.62,135.08,23.99,12.18,5.66,0.0
20231002:1511,438.96,102.72,18.57,11.92,4.83,0.0
20231002:1611,1020.54,219.07,11.84,11.58,4.55,0.0
20231002:1711,20.88,12.98,4.27,11.17,4.34,0.0
20231002:1811,0.0,0.0,0.0,10.52,3.79,0.0
20231002:1911,0.0,0.0,0.0,10.15,3.93,0.0
20231002:2011,0.0,0.0,0.0,9.74,3.72,0.0
20231002:2111,0.0,0.0,0.0,9.77,3.93,0.0
20231002:2211,0.0,0.0,0.0,9.61,4.0,0.0
20231002:2311,0.0,0.0,0.0,9.54,4.07,0.0
20231003:0011,0.0,0.0,0.0,9.4,4.21,0.0
20231003:0111,0.0,0.0,0.0,9.43,4.28,0.0
20231003:0211,0.0,0.0,0.0,9.3,4.41,0.0
20231003:0311,0.0,0.0,0.0,9.5,4.69,0.0
20231003:0411,0.0,0.0,0.0,9.6,4.76,0.0
20231003:0511,0.0,0.0,0.0,9.49,4.41,0.0
20231003:0611,0.0,0.0,0.0,9.12,4.0,0.0
20231003:0711,299.58,83.02,5.48,9.52,4.07,0.0
20231003:0811,1670.94,345.4,12.91,9.77,3.93,0.0
20231003:0911,893.76,189.0,19.4,10.19,4.07,0.0
20231003:1011,2274.3,456.17,24.49,10.33,4.9,0.0
20231003:1111,2410.74,484.96,27.68,10.76,4.97,0.0
20231003:1211,2562.72,516.58,28.63,10.98,5.03,0.0
20231003:1311,1319.1,270.59,27.21,10.99,5.31,0.0
20231003:1411,957.18,201.39,23.59,11.01,5.52,0.0
20231003:1511,1138.74,235.66,18.18,10.82,5.38,0.0
20231003:1611,485.04,112.0,11.47,10.55,5.38,0.0
20231003:1711,112.62,39.94,3.9,10.13,4.34,0.0
20231003:1811,0.0,0.0,0.0,9.48,3.93,0.0
20231003:1911,0.0,0.0,0.0,9.41,3.72,0.0
20231003:2011,0.0,0.0,0.0,9.23,3.93,0.0
20231003:2111,0.0,0.0,0.0,9.15,3.59,0.0
20231003:2211,0.0,0.0,0.0,9.01,3.38,0.0
20231003:2311,0.0,0.0,0.0,9.13,3.45,0.0
20231004:0011,0.0,0.0,0.0,9.2,3.66,0.0
20231004:0111,0.0,0.0,0.0,9.26,3.79,0.0
20231004:0211,0.0,0.0,0.0,9.42,3.93,0.0
20231004:0311,0.0,0.0,0.0,9.62,4.07,0.0
20231004:0411,0.0,0.0,0.0,9.79,4.34,0.0
20231004:0511,0.0,0.0,0.0,9.9,4.14,0.0
20231004:0611,0.0,0.0,0.0,10.07,3.66,0.0
20231004:0711,6.66,8.34,5.19,10.33,3.86,0.0
20231004:0811,63.18,24.1,12.6,10.56,3.86,0.0
20231004:0911,102.78,33.38,19.08,10.62,4.0,0.0
20231004:1011,278.82,70.46,24.14,10.38,3.86,0.0
20231004:1111,753.0,162.74,27.31,10.11,3.86,0.0
20231004:1211,1812.78,365.76,28.24,10.46,4.76,0.0
20231004:1311,1053.9,220.36,26.81,10.82,4.48,0.0
20231004:1411,2434.62,491.26,23.2,11.11,4.55,0.0
20231004:1511,795.48,170.99,17.8,11.18,4.34,0.0
20231004:1611,555.6,126.53,11.09,10.69,3.52,0.0
20231004:1711,24.24,13.91,3.53,10.06,3.24,0.0
20231004:1811,0.0,0.0,0.0,9.31,2.9,0.0
20231004:1911,0.0,0.0,0.0,9.07,3.17,0.0
20231004:2011,0.0,0.0,0.0,8.86,2.97,0.0
20231004:2111,0.0,0.0,0.0,8.35,2.83,0.0
20231004:2211,0.0,0.0,0.0,8.12,2.62,0.0
20231004:2311,0.0,0.0,0.0,8.09,2.62,0.0
20231005:0011,0.0,0.0,0.0,8.08,2.62,0.0
20231005:0111,0.0,0.0,0.0,8.13,2.48,0.0
20231005:0211,0.0,0.0,0.0,8.17,2.41,0.0
20231005:0311,0.0,0.0,0.0,8.06,2.41,0.0
20231005:0411,0.0,0.0,0.0,8.06,2.28,0.0
20231005:0511,0.0,0.0,0.0,8.1,2.0,0.0
20231005:0611,0.0,0.0,0.0,8.17,1.79,0.0
20231005:0711,70.44,26.12,4.9,7.58,1.79,0.0
20231005:0811,224.4,58.98,12.3,8.11,1.31,0.0
20231005:0911,344.22,83.44,18.75,9.24,1.17,0.0
20231005:1011,274.02,69.53,23.79,9.9,1.24,0.0
20231005:1111,179.04,50.06,26.94,10.66,1.24,0.0
20231005:1211,425.1,100.13,27.86,10.93,1.24,0.0
20231005:1311,263.34,67.68,26.42,11.24,1.86,0.0
20231005:1411,148.32,43.57,22.81,11.4,2.41,0.0
20231005:1511,1286.64,266.68,17.42,11.59,3.03,0.0
20231005:1611,237.54,62.58,10.71,11.84,3.52,0.0
20231005:1711,29.4,16.4,3.16,12.01,3.72,0.0
20231005:1811,0.0,0.0,0.0,12.27,3.66,0.0
20231005:1911,0.0,0.0,0.0,13.43,4.28,0.0
20231005:2011,0.0,0.0,0.0,13.73,4.76,0.0
20231005:2111,0.0,0.0,0.0,13.46,5.17,0.0
20231005:2211,0.0,0.0,0.0,13.05,5.45,0.0
20231005:2311,0.0,0.0,0.0,12.79,5.72,0.0
20231006:0011,0.0,0.0,0.0,12.56,6.07,0.0
20231006:0111,0.0,0.0,0.0,12.43,6.41,0.0
20231006:0211,0.0,0.0,0.0,12.28,6.69,0.0
20231006:0311,0.0,0.0,0.0,12.11,6.9,0.0
20231006:0411,0.0,0.0,0.0,11.98,6.97,0.0
20231006:0511,0.0,0.0,0.0,11.92,6.76,0.0
20231006:0611,0.0,0.0,0.0,11.83,6.55,0.0
20231006:0711,269.1,78.18,4.61,12.0,6.48,0.0
20231006:0811,1592.34,330.42,11.99,11.96,6.62,0.0
20231006:0911,1454.46,296.9,18.42,12.21,6.21,0.0
20231006:1011,2134.2,429.43,23.44,12.54,6.55,0.0
20231006:1111,2124.0,428.24,26.57,12.65,6.41,0.0
20231006:1211,670.02,148.15,27.47,13.07,6.62,0.0
20231006:1311,427.92,101.05,26.03,13.02,5.17,0.0
20231006:1411,432.6,101.98,22.42,12.69,3.86,0.0
20231006:1511,595.62,133.73,17.04,12.42,2.76,0.0
20231006:1611,51.48,21.32,10.34,11.92,2.0,0.0
20231006:1711,4.14,7.42,2.8,11.23,2.07,0.0
20231006:1811,0.0,0.0,0.0,10.49,2.28,0.0
20231006:1911,0.0,0.0,0.0,9.9,2.55,0.0
20231006:2011,0.0,0.0,0.0,9.14,2.14,0.0
20231006:2111,0.0,0.0,0.0,8.83,2.0,0.0
20231006:2211,0.0,0.0,0.0,8.57,2.14,0.0
20231006:2311,0.0,0.0,0.0,8.42,2.34,0.0
20231007:0011,0.0,0.0,0.0,8.33,2.41,0.0
20231007:0111,0.0,0.0,0.0,8.26,2.62,0.0
20231007:0211,0.0,0.0,0.0,8.17,2.9,0.0
20231007:0311,0.0,0.0,0.0,7.99,2.97,0.0
20231007:0411,0.0,0.0,0.0,7.79,3.17,0.0
20231007:0511,0.0,0.0,0.0,7.56,3.59,0.0
20231007:0611,0.0,0.0,0.0,7.19,3.72,0.0
20231007:0711,21.42,12.98,4.31,7.67,3.93,0.0
20231007:0811,182.58,50.06,11.69,7.26,3.86,0.0
20231007:0911,68.4,25.03,18.1,6.83,3.86,0.0
20231007:1011,88.62,29.67,23.09,6.3,3.93,0.0
20231007:1111,662.34,142.65,26.2,5.61,3.79,0.0
20231007:1211,248.94,63.04,27.09,4.89,3.59,0.0
20231007:1311,291.66,71.39,25.64,4.45,3.24,0.0
20231007:1411,212.4,55.63,22.03,4.44,2.9,0.0
20231007:1511,189.36,50.99,16.66,4.64,2.62,0.0
20231007:1611,122.88,37.08,9.97,4.89,2.48,0.0
20231007:1711,0.0,4.37,2.43,4.99,2.07,0.0
20231007:1811,0.0,0.0,0.0,5.09,1.86,0.0
20231007:1911,0.0,0.0,0.0,6.26,2.55,0.0
20231007:2011,0.0,0.0,0.0,6.32,2.9,0.0
20231007:2111,0.0,0.0,0.0,6.21,2.83,0.0
20231007:2211,0.0,0.0,0.0,6.14,2.55,0.0
20231007:2311,0.0,0.0,0.0,6.08,2.55,0.0
20231008:0011,0.0,0.0,0.0,6.01,2.34,0.0
20231008:0111,0.0,0.0,0.0,6.11,2.21,0.0
20231008:0211,0.0,0.0,0.0,6.16,2.28,0.0
20231008:0311,0.0,0.0,0.0,6.29,2.28,0.0
20231008:0411,0.0,0.0,0.0,6.43,2.34,0.0
20231008:0511,0.0,0.0,0.0,6.63,2.28,0.0
20231008:0611,0.0,0.0,0.0,6.84,1.86,0.0
20231008:0711,2.04,6.49,4.02,7.61,1.59,0.0
20231008:0811,67.92,25.03,11.38,8.0,2.34,0.0
20231008:0911,60.0,23.18,17.77,8.55,2.55,0.0
20231008:1011,202.86,54.7,22.74,9.08,2.0,0.0
20231008:1111,274.5,69.53,25.83,9.7,1.72,0.0
20231008:1211,375.24,89.93,26.7,10.36,1.72,0.0
20231008:1311,119.1,37.08,25.25,10.66,1.52,0.0
20231008:1411,272.76,69.53,21.65,10.87,1.38,0.0
20231008:1511,44.46,19.47,16.28,11.07,1.66,0.0
20231008:1611,11.94,10.2,9.6,11.29,2.28,0.0
20231008:1711,0.0,5.25,2.07,11.52,2.76,0.0
20231008:1811,0.0,0.0,0.0,11.84,2.9,0.0
20231008:1911,0.0,0.0,0.0,11.6,2.14,0.0
20231008:2011,0.0,0.0,0.0,11.77,2.14,0.0
20231008:2111,0.0,0.0,0.0,11.95,2.0,0.0
20231008:2211,0.0,0.0,0.0,12.04,1.86,0.0
20231008:2311,0.0,0.0,0.0,12.1,1.79,0.0
20231009:0011,0.0,0.0,0.0,12.04,1.66,0.0
20231009:0111,0.0,0.0,0.0,11.97,1.59,0.0
20231009:0211,0.0,0.0,0.0,11.94,1.66,0.0
20231009:0311,0.0,0.0,0.0,11.8,1.79,0.0
20231009:0411,0.0,0.0,0.0,11.49,1.93,0.0
20231009:0511,0.0,0.0,0.0,11.06,1.93,0.0
20231009:0611,0.0,0.0,0.0,10.56,1.72,0.0
20231009:0711,140.52,46.62,3.73,10.62,1.24,0.0
20231009:0811,603.54,135.94,11.07,10.65,1.17,0.0
20231009:0911,1427.58,294.62,17.45,10.77,1.66,0.0
20231009:1011,1487.88,306.01,22.39,11.06,2.07,0.0
20231009:1111,2828.94,584.13,25.46,11.39,2.48,0.0
20231009:1211,1748.52,357.94,26.32,11.64,2.76,0.0
20231009:1311,780.96,169.51,24.86,11.94,3.03,0.0
20231009:1411,3117.6,648.04,21.27,12.23,2.9,0.0
20231009:1511,2105.04,433.01,15.9,12.35,2.9,0.0
20231009:1611,244.38,64.39,9.24,12.3,2.83,0.0
20231009:1711,0.0,2.62,1.71,11.76,2.07,0.0
20231009:1811,0.0,0.0,0.0,11.29,2.21,0.0
20231009:1911,0.0,0.0,0.0,11.58,2.41,0.0
20231009:2011,0.0,0.0,0.0,11.69,2.21,0.0
20231009:2111,0.0,0.0,0.0,11.97,2.41,0.0
20231009:2211,0.0,0.0,0.0,12.73,3.03,0.0
20231009:2311,0.0,0.0,0.0,13.24,3.52,0.0
20231010:0011,0.0,0.0,0.0,13.58,3.72,0.0
20231010:0111,0.0,0.0,0.0,13.79,3.93,0.0
20231010:0211,0.0,0.0,0.0,13.8,4.28,0.0
20231010:0311,0.0,0.0,0.0,13.6,4.76,0.0
20231010:0411,0.0,0.0,0.0,13.31,5.1,0.0
20231010:0511,0.0,0.0,0.0,12.99,5.31,0.0
20231010:0611,0.0,0.0,0.0,12.75,5.1,0.0
20231010:0711,132.54,45.64,3.44,13.2,5.31,0.0
20231010:0811,888.0,192.96,10.77,13.72,6.21,0.0
20231010:0911,117.42,37.08,17.12,13.93,6.62,0.0
20231010:1011,333.3,82.51,22.04,14.26,6.76,0.0
20231010:1111,1439.04,296.59,25.09,14.58,6.83,0.0
20231010:1211,1646.94,337.73,25.94,14.89,6.62,0.0
20231010:1311,548.16,125.63,24.48,15.21,6.48,0.0
20231010:1411,166.98,48.21,20.88,15.19,6.14,0.0
20231010:1511,321.48,80.39,15.53,15.05,5.59,0.0
20231010:1611,472.14,112.2,8.87,14.14,5.24,0.0
20231010:1711,0.0,0.87,1.35,12.78,4.9,0.0
20231010:1811,0.0,0.0,0.0,11.54,4.83,0.0
20231010:1911,0.0,0.0,0.0,10.7,4.55,0.0
20231010:2011,0.0,0.0,0.0,9.83,4.69,0.0
20231010:2111,0.0,0.0,0.0,8.78,4.83,0.0
20231010:2211,0.0,0.0,0.0,8.06,4.69,0.0
20231010:2311,0.0,0.0,0.0,7.67,4.76,0.0
20231011:0011,0.0,0.0,0.0,7.46,4.76,0.0
20231011:0111,0.0,0.0,0.0,7.33,4.97,0.0
20231011:0211,0.0,0.0,0.0,7.02,5.24,0.0
20231011:0311,0.0,0.0,0.0,6.56,5.31,0.0
20231011:0411,0.0,0.0,0.0,6.22,5.38,0.0
20231011:0511,0.0,0.0,0.0,6.05,5.59,0.0
20231011:0611,0.0,0.0,0.0,6.03,5.52,0.0
20231011:0711,4.44,7.42,3.15,6.06,5.24,0.0
20231011:0811,1230.78,253.19,10.46,6.31,5.45,0.0
20231011:0911,1686.18,333.85,16.79,6.93,6.07,0.0
20231011:1011,2981.94,585.3,21.69,7.39,7.1,0.0
20231011:1111,3198.6,631.63,24.73,8.15,7.24,0.0
20231011:1211,3941.76,790.8,25.56,8.5,7.03,0.0
20231011:1311,1429.74,287.1,24.09,9.3,8.34,0.0
20231011:1411,988.56,204.93,20.5,9.4,7.38,0.0
20231011:1511,189.78,51.92,15.16,9.38,6.69,0.0
20231011:1611,599.58,135.49,8.51,9.12,5.03,0.0
20231011:1711,0.0,0.0,0.0,8.59,4.14,0.0
20231011:1811,0.0,0.0,0.0,8.04,3.66,0.0
20231011:1911,0.0,0.0,0.0,8.05,3.52,0.0
20231011:2011,0.0,0.0,0.0,7.67,3.1,0.0
20231011:2111,0.0,0.0,0.0,7.3,2.9,0.0
20231011:2211,0.0,0.0,0.0,6.75,2.55,0.0
20231011:2311,0.0,0.0,0.0,6.28,2.34,0.0
20231012:0011,0.0,0.0,0.0,5.85,2.28,0.0
20231012:0111,0.0,0.0,0.0,5.33,1.86,0.0
20231012:0211,0.0,0.0,0.0,4.86,1.79,0.0
20231012:0311,0.0,0.0,0.0,4.53,2.0,0.0
20231012:0411,0.0,0.0,0.0,4.44,2.14,0.0
20231012:0511,0.0,0.0,0.0,4.43,2.14,0.0
20231012:0611,0.0,0.0,0.0,4.47,2.21,0.0
20231012:0711,69.84,28.01,2.85,5.29,2.41,0.0
20231012:0811,583.74,129.33,10.15,6.23,2.76,0.0
20231012:0911,1693.56,339.94,16.47,7.35,2.9,0.0
20231012:1011,1807.68,361.7,21.35,8.63,4.07,0.0
20231012:1111,2178.24,435.82,24.36,9.24,4.28,0.0
20231012:1211,1317.84,269.21,25.18,9.63,4.21,0.0
20231012:1311,598.38,132.74,23.71,9.75,4.14,0.0
20231012:1411,461.52,106.29,20.13,9.89,4.69,0.0
20231012:1511,591.24,130.92,14.79,9.69,4.62,0.0
20231012:1611,18.06,12.05,8.15,9.27,4.62,0.0
20231012:1711,0.0,0.0,0.0,8.69,4.55,0.0
20231012:1811,0.0,0.0,0.0,8.24,4.55,0.0
20231012:1911,0.0,0.0,0.0,7.93,4.69,0.0
20231012:2011,0.0,0.0,0.0,7.86,4.76,0.0
20231012:2111,0.0,0.0,0.0,7.85,4.9,0.0
20231012:2211,0.0,0.0,0.0,7.9,5.03,0.0
20231012:2311,0.0,0.0,0.0,8.0,5.1,0.0
20231013:0011,0.0,0.0,0.0,8.07,5.17,0.0
20231013:0111,0.0,0.0,0.0,8.39,5.24,0.0
20231013:0211,0.0,0.0,0.0,8.62,4.83,0.0
20231013:0311,0.0,0.0,0.0,8.55,4.14,0.0
20231013:0411,0.0,0.0,0.0,8.17,4.0,0.0
20231013:0511,0.0,0.0,0.0,7.6,4.14,0.0
20231013:0611,0.0,0.0,0.0,7.07,4.28,0.0
20231013:0711,16.14,11.37,2.56,6.62,4.34,0.0
20231013:0811,755.64,162.34,9.85,6.62,4.83,0.0
20231013:0911,2344.32,463.69,16.14,7.01,4.97,0.0
20231013:1011,3427.92,680.41,21.0,7.43,6.21,0.0
20231013:1111,735.12,156.9,23.99,7.63,6.48,0.0
20231013:1211,2074.56,409.2,24.8,8.03,6.48,0.0
20231013:1311,2493.3,491.01,23.33,7.98,6.34,0.0
20231013:1411,1373.1,275.31,19.75,8.08,6.9,0.0
20231013:1511,2168.34,429.77,14.42,8.11,6.62,0.0
20231013:1611,27.9,14.83,7.79,7.65,5.79,0.0
20231013:1711,0.0,0.0,0.0,6.99,6.0,0.0
20231013:1811,0.0,0.0,0.0,6.36,5.72,0.0
20231013:1911,0.0,0.0,0.0,5.97,5.52,0.0
20231013:2011,0.0,0.0,0.0,5.74,5.24,0.0
20231013:2111,0.0,0.0,0.0,5.47,4.97,0.0
20231013:2211,0.0,0.0,0.0,5.13,4.9,0.0
20231013:2311,0.0,0.0,0.0,4.92,5.03,0.0
20231014:0011,0.0,0.0,0.0,4.53,4.76,0.0
20231014:0111,0.0,0.0,0.0,4.22,4.55,0.0
20231014:0211,0.0,0.0,0.0,4.11,4.69,0.0
20231014:0311,0.0,0.0,0.0,3.95,4.83,0.0
20231014:0411,0.0,0.0,0.0,3.63,4.9,0.0
20231014:0511,0.0,0.0,0.0,3.52,4.83,0.0
20231014:0611,0.0,0.0,0.0,3.38,4.69,0.0
20231014:0711,1.32,6.12,2.27,3.57,4.21,0.0
20231014:0811,624.06,135.56,9.54,3.76,4.21,0.0
20231014:0911,690.36,146.09,15.82,4.09,5.24,0.0
20231014:1011,697.26,147.72,20.66,4.39,5.66,0.0
20231014:1111,1023.18,208.22,23.63,4.69,5.31,0.0
20231014:1211,3037.32,596.51,24.43,5.12,5.24,0.0
20231014:1311,267.54,66.75,22.95,5.18,4.9,0.0
20231014:1411,3138.06,618.87,19.38,4.61,4.48,0.0
20231014:1511,491.94,109.6,14.06,4.57,4.48,0.0
20231014:1611,129.9,38.58,7.44,3.91,4.07,0.0
20231014:1711,0.0,0.0,0.0,3.23,3.93,0.0
20231014:1811,0.0,0.0,0.0,2.48,3.24,0.0
20231014:1911,0.0,0.0,0.0,2.43,3.38,0.0
20231014:2011,0.0,0.0,0.0,2.01,3.1,0.0
20231014:2111,0.0,0.0,0.0,1.84,3.03,0.0
20231014:2211,0.0,0.0,0.0,1.65,2.9,0.0
20231014:2311,0.0,0.0,0.0,1.62,2.83,0.0
20231015:0011,0.0,0.0,0.0,1.76,2.83,0.0
20231015:0111,0.0,0.0,0.0,2.12,2.69,0.0
20231015:0211,0.0,0.0,0.0,2.21,2.62,0.0
20231015:0311,0.0,0.0,0.0,2.6,2.83,0.0
20231015:0411,0.0,0.0,0.0,3.01,2.83,0.0
20231015:0511,0.0,0.0,0.0,3.32,2.76,0.0
20231015:0611,0.0,0.0,0.0,3.74,2.62,0.0
20231015:0711,0.0,2.62,1.98,4.15,2.69,0.0
20231015:0811,261.06,65.69,9.23,4.9,3.03,0.0
20231015:0911,139.74,40.79,15.49,5.61,3.52,0.0
20231015:1011,647.1,139.74,20.31,6.13,3.93,0.0
20231015:1111,555.9,122.98,23.27,6.63,4.28,0.0
20231015:1211,786.24,166.81,24.05,7.12,3.59,0.0
20231015:1311,975.06,202.19,22.58,7.44,3.72,0.0
20231015:1411,827.4,174.43,19.01,7.48,3.31,0.0
20231015:1511,339.6,81.63,13.7,7.4,3.24,0.0
20231015:1611,132.78,39.68,7.09,6.95,2.69,0.0
20231015:1711,0.0,0.0,0.0,6.51,2.34,0.0
20231015:1811,0.0,0.0,0.0,6.09,2.21,0.0
20231015:1911,0.0,0.0,0.0,5.96,2.41,0.0
20231015:2011,0.0,0.0,0.0,5.68,2.34,0.0
20231015:2111,0.0,0.0,0.0,5.35,2.34,0.0
20231015:2211,0.0,0.0,0.0,4.91,2.28,0.0
20231015:2311,0.0,0.0,0.0,4.51,2.34,0.0
20231016:0011,0.0,0.0,0.0,4.25,2.34,0.0
20231016:0111,0.0,0.0,0.0,4.02,2.28,0.0
20231016:0211,0.0,0.0,0.0,3.9,2.28,0.0
20231016:0311,0.0,0.0,0.0,3.84,2.21,0.0
20231016:0411,0.0,0.0,0.0,3.74,2.14,0.0
20231016:0511,0.0,0.0,0.0,3.74,2.07,0.0
20231016:0611,0.0,0.0,0.0,3.84,2.07,0.0
20231016:0711,0.0,3.5,1.68,3.58,2.14,0.0
20231016:0811,1087.14,226.16,8.93,4.14,2.07,0.0
20231016:0911,2306.94,460.95,15.17,5.49,2.21,0.0
20231016:1011,3156.24,636.64,19.97,6.9,3.17,0.0
20231016:1111,585.54,129.24,22.91,7.67,3.59,0.0
20231016:1211,1009.2,209.58,23.68,8.14,3.24,0.0
20231016:1311,1137.78,234.08,22.21,8.4,3.03,0.0
20231016:1411,840.6,177.69,18.64,8.61,3.24,0.0
20231016:1511,574.2,127.34,13.34,8.53,2.83,0.0
20231016:1611,282.3,72.0,6.74,8.13,2.28,0.0
20231016:1711,0.0,0.0,0.0,7.37,2.14,0.0
20231016:1811,0.0,0.0,0.0,6.67,2.0,0.0
20231016:1911,0.0,0.0,0.0,6.5,2.21,0.0
20231016:2011,0.0,0.0,0.0,6.05,2.28,0.0
20231016:2111,0.0,0.0,0.0,5.43,2.28,0.0
20231016:2211,0.0,0.0,0.0,4.79,2.21,0.0
20231016:2311,0.0,0.0,0.0,4.16,2.07,0.0
20231017:0011,0.0,0.0,0.0,3.69,2.07,0.0
20231017:0111,0.0,0.0,0.0,3.24,2.14,0.0
20231017:0211,0.0,0.0,0.0,2.82,2.07,0.0
20231017:0311,0.0,0.0,0.0,2.28,2.07,0.0
20231017:0411,0.0,0.0,0.0,1.76,2.0,0.0
20231017:0511,0.0,0.0,0.0,1.13,1.93,0.0
20231017:0611,0.0,0.0,0.0,0.39,1.72,0.0
20231017:0711,0.0,1.75,1.39,0.43,1.72,0.0
20231017:0811,1115.04,229.68,8.62,1.55,1.45,0.0
20231017:0911,2428.56,484.42,14.85,3.09,1.31,0.0
20231017:1011,3234.18,663.46,19.63,4.66,1.1,0.0
20231017:1111,3562.32,753.2,22.55,6.29,0.69,0.0
20231017:1211,3544.92,759.83,23.31,7.71,0.41,0.0
20231017:1311,3429.78,731.32,21.84,8.83,0.69,0.0
20231017:1411,2389.8,490.36,18.28,9.5,1.24,0.0
20231017:1511,1859.88,381.8,12.99,9.7,1.59,0.0
20231017:1611,230.52,61.59,6.39,9.2,1.24,0.0
20231017:1711,0.0,0.0,0.0,7.8,1.52,0.0
20231017:1811,0.0,0.0,0.0,5.65,1.52,0.0
20231017:1911,0.0,0.0,0.0,4.12,1.52,0.0
20231017:2011,0.0,0.0,0.0,3.82,1.38,0.0
20231017:2111,0.0,0.0,0.0,3.19,1.45,0.0
20231017:2211,0.0,0.0,0.0,3.04,1.38,0.0
20231017:2311,0.0,0.0,0.0,3.41,1.38,0.0
20231018:0011,0.0,0.0,0.0,3.79,1.52,0.0
20231018:0111,0.0,0.0,0.0,4.19,1.59,0.0
20231018:0211,0.0,0.0,0.0,4.86,1.66,0.0
20231018:0311,0.0,0.0,0.0,5.31,1.66,0.0
20231018:0411,0.0,0.0,0.0,5.73,1.79,0.0
20231018:0511,0.0,0.0,0.0,6.07,2.0,0.0
20231018:0611,0.0,0.0,0.0,6.56,2.07,0.0
20231018:0711,0.0,0.0,0.0,7.97,3.17,0.0
20231018:0811,95.7,31.52,8.32,8.49,3.52,0.0
20231018:0911,71.46,25.96,14.52,8.96,3.86,0.0
20231018:1011,331.26,80.66,19.28,9.43,4.14,0.0
20231018:1111,1332.6,272.32,22.19,9.93,3.59,0.0
20231018:1211,1312.98,269.13,22.95,10.34,3.66,0.0
20231018:1311,874.26,185.6,21.47,10.66,4.0,0.0
20231018:1411,269.1,68.61,17.91,10.81,4.07,0.0
20231018:1511,1365.78,280.45,12.63,10.61,4.0,0.0
20231018:1611,151.38,44.6,6.05,10.17,4.14,0.0
20231018:1711,0.0,0.0,0.0,9.64,4.0,0.0
20231018:1811,0.0,0.0,0.0,9.16,3.93,0.0
20231018:1911,0.0,0.0,0.0,8.95,3.93,0.0
20231018:2011,0.0,0.0,0.0,8.73,3.93,0.0
20231018:2111,0.0,0.0,0.0,8.64,4.0,0.0
20231018:2211,0.0,0.0,0.0,8.45,4.0,0.0
20231018:2311,0.0,0.0,0.0,8.42,3.86,0.0
20231019:0011,0.0,0.0,0.0,8.47,4.0,0.0
20231019:0111,0.0,0.0,0.0,8.57,4.14,0.0
20231019:0211,0.0,0.0,0.0,8.75,4.28,0.0
20231019:0311,0.0,0.0,0.0,8.93,4.55,0.0
20231019:0411,0.0,0.0,0.0,8.87,4.9,0.0
20231019:0511,0.0,0.0,0.0,8.86,5.1,0.0
20231019:0611,0.0,0.0,0.0,8.86,5.31,0.0
20231019:0711,0.0,0.0,0.0,8.94,5.66,0.0
20231019:0811,12.18,10.2,8.01,9.0,5.86,0.0
20231019:0911,71.46,25.96,14.2,9.18,5.86,0.0
20231019:1011,63.6,24.1,18.94,9.39,5.45,0.0
20231019:1111,511.5,115.68,21.84,9.56,5.93,0.0
20231019:1211,95.4,31.52,22.58,9.26,7.17,0.0
20231019:1311,299.52,74.17,21.1,9.33,7.24,0.0
20231019:1411,103.56,33.38,17.56,9.36,6.9,0.0
20231019:1511,67.44,25.03,12.29,9.47,6.62,0.0
20231019:1611,0.0,5.56,5.71,9.4,6.34,0.0
20231019:1711,0.0,0.0,0.0,9.3,6.14,0.0
20231019:1811,0.0,0.0,0.0,9.24,6.07,0.0
20231019:1911,0.0,0.0,0.0,9.01,6.21,0.0
20231019:2011,0.0,0.0,0.0,9.04,6.14,0.0
20231019:2111,0.0,0.0,0.0,8.99,6.07,0.0
20231019:2211,0.0,0.0,0.0,8.96,6.07,0.0
20231019:2311,0.0,0.0,0.0,8.86,6.14,0.0
20231020:0011,0.0,0.0,0.0,8.58,6.0,0.0
20231020:0111,0.0,0.0,0.0,8.19,5.93,0.0
20231020:0211,0.0,0.0,0.0,7.85,5.93,0.0
20231020:0311,0.0,0.0,0.0,7.51,5.79,0.0
20231020:0411,0.0,0.0,0.0,7.16,5.66,0.0
20231020:0511,0.0,0.0,0.0,6.89,5.52,0.0
20231020:0611,0.0,0.0,0.0,6.71,5.38,0.0
20231020:0711,0.0,0.0,0.0,6.64,5.45,0.0
20231020:0811,9.6,9.27,7.71,6.4,5.52,0.0
20231020:0911,109.44,34.3,13.88,6.32,5.72,0.0
20231020:1011,515.64,114.84,18.61,6.35,5.59,0.0
20231020:1111,859.44,178.93,21.48,6.3,5.59,0.0
20231020:1211,2282.1,446.77,22.22,6.49,5.86,0.0
20231020:1311,1416.6,281.86,20.74,6.51,6.07,0.0
20231020:1411,1366.62,272.41,17.2,6.32,5.59,0.0
20231020:1511,1495.68,298.54,11.94,6.27,5.66,0.0
20231020:1611,49.62,20.4,5.38,5.89,5.66,0.0
20231020:1711,0.0,0.0,0.0,5.44,5.45,0.0
20231020:1811,0.0,0.0,0.0,4.94,5.03,0.0
20231020:1911,0.0,0.0,0.0,4.3,4.83,0.0
20231020:2011,0.0,0.0,0.0,4.03,4.9,0.0
20231020:2111,0.0,0.0,0.0,4.07,5.1,0.0
20231020:2211,0.0,0.0,0.0,3.95,5.03,0.0
20231020:2311,0.0,0.0,0.0,3.66,5.17,0.0
20231021:0011,0.0,0.0,0.0,3.69,5.03,0.0
20231021:0111,0.0,0.0,0.0,3.75,5.17,0.0
20231021:0211,0.0,0.0,0.0,3.65,5.17,0.0
20231021:0311,0.0,0.0,0.0,3.41,4.97,0.0
20231021:0411,0.0,0.0,0.0,3.08,4.55,0.0
20231021:0511,0.0,0.0,0.0,2.93,5.45,0.0
20231021:0611,0.0,0.0,0.0,3.07,4.9,0.0
20231021:0711,0.0,0.0,0.0,2.94,4.76,0.0
20231021:0811,18.84,12.05,7.41,3.33,4.62,0.0
20231021:0911,35.58,16.69,13.56,3.57,4.62,0.0
20231021:1011,81.6,27.81,18.27,3.82,4.62,0.0
20231021:1111,81.42,27.81,21.13,4.29,4.48,0.0
20231021:1211,93.66,30.59,21.86,4.46,4.62,0.0
20231021:1311,93.54,30.59,20.38,4.7,4.69,0.0
20231021:1411,53.64,21.32,16.85,4.8,4.14,0.0
20231021:1511,81.12,27.81,11.6,4.95,3.38,0.0
20231021:1611,12.6,10.2,5.05,4.92,2.83,0.0
20231021:1711,0.0,0.0,0.0,4.79,2.9,0.0
20231021:1811,0.0,0.0,0.0,4.51,3.17,0.0
20231021:1911,0.0,0.0,0.0,4.14,3.52,0.0
20231021:2011,0.0,0.0,0.0,4.42,3.79,0.0
20231021:2111,0.0,0.0,0.0,4.86,3.72,0.0
20231021:2211,0.0,0.0,0.0,5.38,3.72,0.0
20231021:2311,0.0,0.0,0.0,5.75,3.86,0.0
20231022:0011,0.0,0.0,0.0,5.99,3.79,0.0
20231022:0111,0.0,0.0,0.0,5.98,3.66,0.0
20231022:0211,0.0,0.0,0.0,5.82,3.45,0.0
20231022:0311,0.0,0.0,0.0,5.38,3.24,0.0
20231022:0411,0.0,0.0,0.0,5.02,3.03,0.0
20231022:0511,0.0,0.0,0.0,4.78,2.83,0.0
20231022:0611,0.0,0.0,0.0,4.61,2.69,0.0
20231022:0711,0.0,0.0,0.0,4.46,2.62,0.0
20231022:0811,918.72,194.61,7.11,4.65,2.55,0.0
20231022:0911,2088.24,416.43,13.24,5.6,2.41,0.0
20231022:1011,3086.04,622.23,17.93,6.74,2.97,0.0
20231022:1111,3413.16,693.85,20.78,7.58,3.38,0.0
20231022:1211,3138.66,635.59,21.51,8.26,3.45,0.0
20231022:1311,3221.22,654.37,20.03,8.8,3.59,0.0
20231022:1411,2494.98,501.76,16.5,8.73,3.24,0.0
20231022:1511,1548.24,314.88,11.26,8.47,2.97,0.0
20231022:1611,364.8,90.66,4.72,7.9,2.48,0.0
20231022:1711,0.0,0.0,0.0,6.68,2.14,0.0
20231022:1811,0.0,0.0,0.0,5.69,2.07,0.0
20231022:1911,0.0,0.0,0.0,5.22,2.21,0.0
20231022:2011,0.0,0.0,0.0,4.74,2.14,0.0
20231022:2111,0.0,0.0,0.0,4.06,2.14,0.0
20231022:2211,0.0,0.0,0.0,3.46,2.07,0.0
20231022:2311,0.0,0.0,0.0,2.97,2.0,0.0
20231023:0011,0.0,0.0,0.0,2.27,2.0,0.0
20231023:0111,0.0,0.0,0.0,1.41,1.93,0.0
20231023:0211,0.0,0.0,0.0,0.9,1.86,0.0
20231023:0311,0.0,0.0,0.0,1.03,1.66,0.0
20231023:0411,0.0,0.0,0.0,0.88,1.45,0.0
20231023:0511,0.0,0.0,0.0,0.64,1.31,0.0
20231023:0611,0.0,0.0,0.0,0.68,1.17,0.0
20231023:0711,0.0,0.0,0.0,-0.96,0.97,0.0
20231023:0811,654.66,140.91,6.8,-0.57,0.76,0.0
20231023:0911,1136.22,228.39,12.93,1.19,0.69,0.0
20231023:1011,3175.86,651.77,17.6,3.17,0.48,0.0
20231023:1111,3301.2,687.84,20.44,5.08,0.48,0.0
20231023:1211,3360.0,704.17,21.15,6.6,0.76,0.0
20231023:1311,3152.82,655.44,19.67,7.73,1.1,0.0
20231023:1411,2145.36,434.07,16.15,8.44,1.79,0.0
20231023:1511,1484.4,303.83,10.93,8.63,2.14,0.0
20231023:1611,196.08,55.01,4.4,8.1,1.79,0.0
20231023:1711,0.0,0.0,0.0,7.12,1.79,0.0
20231023:1811,0.0,0.0,0.0,6.01,1.79,0.0
20231023:1911,0.0,0.0,0.0,6.47,1.79,0.0
20231023:2011,0.0,0.0,0.0,6.52,1.66,0.0
20231023:2111,0.0,0.0,0.0,6.49,1.45,0.0
20231023:2211,0.0,0.0,0.0,6.42,1.52,0.0
20231023:2311,0.0,0.0,0.0,6.22,1.45,0.0
20231024:0011,0.0,0.0,0.0,5.89,1.38,0.0
20231024:0111,0.0,0.0,0.0,5.55,1.31,0.0
20231024:0211,0.0,0.0,0.0,5.71,1.38,0.0
20231024:0311,0.0,0.0,0.0,6.17,1.45,0.0
20231024:0411,0.0,0.0,0.0,6.44,1.59,0.0
20231024:0511,0.0,0.0,0.0,6.61,1.66,0.0
20231024:0611,0.0,0.0,0.0,6.74,1.72,0.0
20231024:0711,0.0,0.0,0.0,6.77,1.66,0.0
20231024:0811,276.06,69.83,6.5,6.94,1.86,0.0
20231024:0911,296.52,73.13,12.61,7.41,2.41,0.0
20231024:1011,429.54,99.4,17.27,7.89,2.48,0.0
20231024:1111,168.12,47.28,20.09,8.33,2.34,0.0
20231024:1211,95.4,31.52,20.8,8.94,2.34,0.0
20231024:1311,216.3,57.48,19.32,9.13,2.28,0.0
20231024:1411,971.1,202.92,15.81,9.17,2.34,0.0
20231024:1511,731.4,157.91,10.6,8.95,2.21,0.0
20231024:1611,15.18,11.13,4.08,8.27,1.93,0.0
20231024:1711,0.0,0.0,0.0,7.23,1.86,0.0
20231024:1811,0.0,0.0,0.0,6.28,1.79,0.0
20231024:1911,0.0,0.0,0.0,5.77,1.66,0.0
20231024:2011,0.0,0.0,0.0,4.9,1.45,0.0
20231024:2111,0.0,0.0,0.0,4.55,1.1,0.0
20231024:2211,0.0,0.0,0.0,4.62,0.97,0.0
20231024:2311,0.0,0.0,0.0,4.19,0.9,0.0
20231025:0011,0.0,0.0,0.0,4.03,0.9,0.0
20231025:0111,0.0,0.0,0.0,3.81,0.9,0.0
20231025:0211,0.0,0.0,0.0,3.75,1.03,0.0
20231025:0311,0.0,0.0,0.0,4.73,1.1,0.0
20231025:0411,0.0,0.0,0.0,5.39,1.31,0.0
20231025:0511,0.0,0.0,0.0,5.76,1.52,0.0
20231025:0611,0.0,0.0,0.0,6.14,2.07,0.0
20231025:0711,0.0,0.0,0.0,5.91,1.59,0.0
20231025:0811,49.44,20.4,6.21,6.29,1.79,0.0
20231025:0911,31.44,15.76,12.3,6.77,2.14,0.0
20231025:1011,100.44,32.45,16.94,7.24,2.48,0.0
20231025:1111,177.72,49.14,19.75,7.58,2.97,0.0
20231025:1211,173.1,48.21,20.45,7.85,3.24,0.0
20231025:1311,164.16,46.36,18.98,7.92,2.76,0.0
20231025:1411,52.74,21.32,15.47,7.77,2.97,0.0
20231025:1511,129.78,38.94,10.27,7.52,3.1,0.0
20231025:1611,12.36,10.2,3.76,7.14,2.97,0.0
20231025:1711,0.0,0.0,0.0,6.9,2.9,0.0
20231025:1811,0.0,0.0,0.0,6.84,2.9,0.0
20231025:1911,0.0,0.0,0.0,6.85,2.76,0.0
20231025:2011,0.0,0.0,0.0,6.82,2.69,0.0
20231025:2111,0.0,0.0,0.0,6.73,2.69,0.0
20231025:2211,0.0,0.0,0.0,6.63,2.76,0.0
20231025:2311,0.0,0.0,0.0,6.47,2.69,0.0
20231026:0011,0.0,0.0,0.0,6.29,2.55,0.0
20231026:0111,0.0,0.0,0.0,6.19,2.21,0.0
20231026:0211,0.0,0.0,0.0,6.11,1.93,0.0
20231026:0311,0.0,0.0,0.0,6.09,1.66,0.0
20231026:0411,0.0,0.0,0.0,6.17,1.24,0.0
20231026:0511,0.0,0.0,0.0,6.12,0.83,0.0
20231026:0611,0.0,0.0,0.0,6.02,0.76,0.0
20231026:0711,0.0,0.0,0.0,6.18,0.55,0.0
20231026:0811,164.94,46.67,5.91,6.22,0.69,0.0
20231026:0911,72.12,25.96,11.98,7.1,0.97,0.0
20231026:1011,235.62,61.19,16.61,7.97,1.93,0.0
20231026:1111,67.62,25.03,19.41,8.84,2.83,0.0
20231026:1211,521.28,117.81,20.11,9.36,2.9,0.0
20231026:1311,162.96,46.36,18.64,9.35,2.76,0.0
20231026:1411,238.8,62.12,15.14,9.29,2.55,0.0
20231026:1511,197.94,53.64,9.95,9.06,2.34,0.0
20231026:1611,0.0,4.64,3.45,8.92,2.55,0.0
20231026:1711,0.0,0.0,0.0,8.59,2.76,0.0
20231026:1811,0.0,0.0,0.0,8.09,2.97,0.0
20231026:1911,0.0,0.0,0.0,8.22,3.03,0.0
20231026:2011,0.0,0.0,0.0,8.62,3.59,0.0
20231026:2111,0.0,0.0,0.0,8.79,3.79,0.0
20231026:2211,0.0,0.0,0.0,8.74,3.72,0.0
20231026:2311,0.0,0.0,0.0,8.6,3.66,0.0
20231027:0011,0.0,0.0,0.0,8.47,3.52,0.0
20231027:0111,0.0,0.0,0.0,8.42,3.52,0.0
20231027:0211,0.0,0.0,0.0,8.37,3.59,0.0
20231027:0311,0.0,0.0,0.0,8.12,3.31,0.0
20231027:0411,0.0,0.0,0.0,7.86,3.31,0.0
20231027:0511,0.0,0.0,0.0,7.83,3.45,0.0
20231027:0611,0.0,0.0,0.0,7.92,3.52,0.0
20231027:0711,0.0,0.0,0.0,8.15,3.72,0.0
20231027:0811,27.84,14.83,5.61,8.14,3.79,0.0
20231027:0911,164.04,46.36,11.67,8.18,4.0,0.0
20231027:1011,664.86,143.9,16.29,8.28,3.72,0.0
20231027:1111,526.68,118.08,19.07,8.34,4.0,0.0
20231027:1211,408.36,95.49,19.77,8.48,4.0,0.0
20231027:1311,285.9,71.39,18.3,8.62,4.0,0.0
20231027:1411,120.48,37.08,14.81,8.79,4.07,0.0
20231027:1511,87.54,29.67,9.63,8.54,3.59,0.0
20231027:1611,0.0,3.71,3.14,8.06,3.72,0.0
20231027:1711,0.0,0.0,0.0,7.63,3.59,0.0
20231027:1811,0.0,0.0,0.0,7.41,3.45,0.0
20231027:1911,0.0,0.0,0.0,7.17,3.86,0.0
20231027:2011,0.0,0.0,0.0,7.04,4.0,0.0
20231027:2111,0.0,0.0,0.0,7.14,3.93,0.0
20231027:2211,0.0,0.0,0.0,7.3,3.66,0.0
20231027:2311,0.0,0.0,0.0,7.39,3.45,0.0
20231028:0011,0.0,0.0,0.0,7.47,3.45,0.0
20231028:0111,0.0,0.0,0.0,7.55,3.45,0.0
20231028:0211,0.0,0.0,0.0,7.57,3.52,0.0
20231028:0311,0.0,0.0,0.0,7.5,3.52,0.0
20231028:0411,0.0,0.0,0.0,7.41,3.59,0.0
20231028:0511,0.0,0.0,0.0,7.25,3.59,0.0
20231028:0611,0.0,0.0,0.0,7.15,3.72,0.0
20231028:0711,0.0,0.0,0.0,7.22,3.66,0.0
20231028:0811,200.4,54.5,5.32,7.24,3.72,0.0
20231028:0911,1101.9,225.47,11.36,7.49,4.14,0.0
20231028:1011,1328.88,267.87,15.96,8.07,4.41,0.0
20231028:1111,351.66,84.37,18.74,8.45,4.14,0.0
20231028:1211,1284.48,260.7,19.43,8.57,4.0,0.0
20231028:1311,480.0,109.0,17.96,8.37,4.69,0.0
20231028:1411,347.46,83.27,14.48,8.17,4.34,0.0
20231028:1511,935.46,195.34,9.31,7.78,4.21,0.0
20231028:1611,170.4,50.3,2.84,7.48,4.14,0.0
20231028:1711,0.0,0.0,0.0,7.2,4.14,0.0
20231028:1811,0.0,0.0,0.0,7.08,4.07,0.0
20231028:1911,0.0,0.0,0.0,7.44,4.14,0.0
20231028:2011,0.0,0.0,0.0,7.47,3.66,0.0
20231028:2111,0.0,0.0,0.0,7.48,3.31,0.0
20231028:2211,0.0,0.0,0.0,7.51,3.45,0.0
20231028:2311,0.0,0.0,0.0,7.69,3.31,0.0
20231029:0011,0.0,0.0,0.0,7.95,3.86,0.0
20231029:0111,0.0,0.0,0.0,8.11,4.41,0.0
20231029:0211,0.0,0.0,0.0,8.06,5.03,0.0
20231029:0311,0.0,0.0,0.0,7.71,5.24,0.0
20231029:0411,0.0,0.0,0.0,7.25,4.97,0.0
20231029:0511,0.0,0.0,0.0,7.04,4.62,0.0
20231029:0611,0.0,0.0,0.0,6.8,4.9,0.0
20231029:0711,0.0,0.0,0.0,7.09,4.9,0.0
20231029:0811,167.7,47.54,5.02,6.98,4.83,0.0
20231029:0911,117.6,36.16,11.06,6.75,4.97,0.0
20231029:1011,279.72,69.53,15.64,6.59,5.1,0.0
20231029:1111,196.98,52.85,18.41,6.47,4.97,0.0
20231029:1211,117.78,36.16,19.1,6.46,4.83,0.0
20231029:1311,179.1,49.14,17.63,6.28,4.69,0.0
20231029:1411,201.6,53.77,14.16,6.25,4.34,0.0
20231029:1511,53.28,21.32,9.0,6.13,4.76,0.0
20231029:1611,0.0,5.25,2.54,6.03,4.34,0.0
20231029:1711,0.0,0.0,0.0,5.95,3.72,0.0
20231029:1811,0.0,0.0,0.0,5.9,4.0,0.0
20231029:1911,0.0,0.0,0.0,6.09,3.59,0.0
20231029:2011,0.0,0.0,0.0,6.05,3.52,0.0
20231029:2111,0.0,0.0,0.0,6.03,3.45,0.0
20231029:2211,0.0,0.0,0.0,6.03,3.59,0.0
20231029:2311,0.0,0.0,0.0,5.85,3.52,0.0
20231030:0011,0.0,0.0,0.0,5.49,3.66,0.0
20231030:0111,0.0,0.0,0.0,5.3,3.38,0.0
20231030:0211,0.0,0.0,0.0,5.02,3.1,0.0
20231030:0311,0.0,0.0,0.0,4.88,2.97,0.0
20231030:0411,0.0,0.0,0.0,4.84,2.97,0.0
20231030:0511,0.0,0.0,0.0,4.57,2.9,0.0
20231030:0611,0.0,0.0,0.0,4.53,3.03,0.0
20231030:0711,0.0,0.0,0.0,4.62,3.24,0.0
20231030:0811,28.44,14.83,4.73,4.61,3.38,0.0
20231030:0911,221.04,57.38,10.75,4.9,3.72,0.0
20231030:1011,865.5,178.94,15.32,5.09,3.93,0.0
20231030:1111,2195.82,429.56,18.08,5.53,4.76,0.0
20231030:1211,2349.66,460.2,18.76,5.68,4.69,0.0
20231030:1311,356.4,84.37,17.3,5.91,5.03,0.0
20231030:1411,524.94,116.02,13.85,5.73,4.55,0.0
20231030:1511,507.36,113.02,8.7,5.54,4.28,0.0
20231030:1611,0.0,4.37,2.25,5.11,3.59,0.0
20231030:1711,0.0,0.0,0.0,4.39,3.17,0.0
20231030:1811,0.0,0.0,0.0,3.91,3.1,0.0
20231030:1911,0.0,0.0,0.0,4.12,3.24,0.0
20231030:2011,0.0,0.0,0.0,4.17,3.24,0.0
20231030:2111,0.0,0.0,0.0,4.14,3.24,0.0
20231030:2211,0.0,0.0,0.0,3.94,3.24,0.0
20231030:2311,0.0,0.0,0.0,3.81,3.17,0.0
20231031:0011,0.0,0.0,0.0,3.55,3.1,0.0
20231031:0111,0.0,0.0,0.0,3.42,2.97,0.0
20231031:0211,0.0,0.0,0.0,3.17,2.76,0.0
20231031:0311,0.0,0.0,0.0,3.12,2.55,0.0
20231031:0411,0.0,0.0,0.0,2.86,2.55,0.0
20231031:0511,0.0,0.0,0.0,2.62,2.55,0.0
20231031:0611,0.0,0.0,0.0,2.76,2.55,0.0
20231031:0711,0.0,0.0,0.0,2.89,2.83,0.0
20231031:0811,461.82,106.42,4.44,2.84,2.69,0.0
20231031:0911,1857.78,366.92,10.45,3.36,2.55,0.0
20231031:1011,1749.0,346.03,15.01,4.41,2.14,0.0
20231031:1111,3036.3,606.65,17.76,5.32,2.97,0.0
20231031:1211,1239.12,248.71,18.44,5.61,4.14,0.0
20231031:1311,1834.38,360.89,16.98,5.76,4.28,0.0
20231031:1411,1360.02,271.62,13.53,5.76,3.79,0.0
20231031:1511,619.92,134.54,8.4,5.45,2.97,0.0
20231031:1611,0.0,5.25,1.96,4.7,2.55,0.0
20231031:1711,0.0,0.0,0.0,3.57,2.21,0.0
20231031:1811,0.0,0.0,0.0,2.67,2.07,0.0
20231031:1911,0.0,0.0,0.0,2.52,2.0,0.0
20231031:2011,0.0,0.0,0.0,1.81,1.79,0.0
20231031:2111,0.0,0.0,0.0,0.64,1.72,0.0
20231031:2211,0.0,0.0,0.0,-0.44,1.86,0.0
20231031:2311,0.0,0.0,0.0,-1.22,1.86,0.0
20231101:0011,0.0,0.0,0.0,-1.45,2.0,0.0
20231101:0111,0.0,0.0,0.0,-1.44,1.93,0.0
20231101:0211,0.0,0.0,0.0,-1.74,2.0,0.0
20231101:0311,0.0,0.0,0.0,-0.94,2.41,0.0
20231101:0411,0.0,0.0,0.0,0.09,2.83,0.0
20231101:0511,0.0,0.0,0.0,0.8,3.1,0.0
20231101:0611,0.0,0.0,0.0,1.28,3.45,0.0
20231101:0711,0.0,0.0,0.0,1.95,3.93,0.0
20231101:0811,0.0,4.64,4.15,2.29,4.07,0.0
20231101:0911,192.36,51.04,10.15,2.3,4.34,0.0
20231101:1011,74.1,25.96,14.7,2.47,4.34,0.0
20231101:1111,205.32,53.77,17.44,2.62,4.41,0.0
20231101:1211,111.66,34.3,18.11,2.35,4.28,0.0
20231101:1311,257.52,63.97,16.66,2.0,5.03,0.0
20231101:1411,284.82,69.19,13.22,1.79,4.0,0.0
20231101:1511,7.2,8.34,8.1,2.09,3.72,0.0
20231101:1611,0.0,0.87,1.67,2.87,3.45,0.0
20231101:1711,0.0,0.0,0.0,3.74,3.38,0.0
20231101:1811,0.0,0.0,0.0,4.58,3.03,0.0
20231101:1911,0.0,0.0,0.0,4.68,2.41,0.0
20231101:2011,0.0,0.0,0.0,4.86,0.48,0.0
20231101:2111,0.0,0.0,0.0,4.73,1.45,0.0
20231101:2211,0.0,0.0,0.0,4.72,2.0,0.0
20231101:2311,0.0,0.0,0.0,5.07,2.83,0.0
20231102:0011,0.0,0.0,0.0,5.42,3.17,0.0
20231102:0111,0.0,0.0,0.0,5.38,3.1,0.0
20231102:0211,0.0,0.0,0.0,5.37,2.9,0.0
20231102:0311,0.0,0.0,0.0,5.2,2.48,0.0
20231102:0411,0.0,0.0,0.0,4.82,1.93,0.0
20231102:0511,0.0,0.0,0.0,4.2,1.45,0.0
20231102:0611,0.0,0.0,0.0,2.85,1.24,0.0
20231102:0711,0.0,0.0,0.0,1.24,1.24,0.0
20231102:0811,49.86,20.11,3.87,0.65,0.83,0.0
20231102:0911,1803.66,357.55,9.85,0.86,0.41,0.0
20231102:1011,1737.72,344.18,14.39,2.51,0.62,0.0
20231102:1111,2048.76,406.41,17.12,3.74,1.1,0.0
20231102:1211,314.52,76.02,17.79,4.65,2.0,0.0
20231102:1311,238.56,61.19,16.35,5.68,2.83,0.0
20231102:1411,72.48,25.96,12.92,6.41,3.24,0.0
20231102:1511,104.88,33.38,7.81,6.79,3.31,0.0
20231102:1611,0.0,0.87,1.4,6.63,2.83,0.0
20231102:1711,0.0,0.0,0.0,6.51,2.97,0.0
20231102:1811,0.0,0.0,0.0,6.42,3.1,0.0
20231102:1911,0.0,0.0,0.0,6.09,2.28,0.0
20231102:2011,0.0,0.0,0.0,5.96,2.07,0.0
20231102:2111,0.0,0.0,0.0,5.91,2.69,0.0
20231102:2211,0.0,0.0,0.0,5.93,2.83,0.0
20231102:2311,0.0,0.0,0.0,5.98,2.83,0.0
20231103:0011,0.0,0.0,0.0,6.09,3.52,0.0
20231103:0111,0.0,0.0,0.0,6.01,3.52,0.0
20231103:0211,0.0,0.0,0.0,5.87,3.1,0.0
20231103:0311,0.0,0.0,0.0,5.81,3.1,0.0
20231103:0411,0.0,0.0,0.0,5.73,3.03,0.0
20231103:0511,0.0,0.0,0.0,5.71,2.83,0.0
20231103:0611,0.0,0.0,0.0,5.73,2.69,0.0
20231103:0711,0.0,0.0,0.0,6.12,2.76,0.0
20231103:0811,0.0,4.37,3.58,6.21,2.83,0.0
20231103:0911,24.84,13.91,9.55,6.25,2.9,0.0
20231103:1011,34.98,16.69,14.08,6.39,3.03,0.0
20231103:1111,357.0,84.7,16.8,6.46,3.31,0.0
20231103:1211,56.88,22.25,17.48,6.58,2.97,0.0
20231103:1311,191.88,51.92,16.04,6.76,2.97,0.0
20231103:1411,676.98,145.14,12.62,6.58,2.62,0.0
20231103:1511,242.34,62.13,7.52,6.48,2.14,0.0
20231103:1611,0.0,0.0,0.0,6.2,1.93,0.0
20231103:1711,0.0,0.0,0.0,6.03,1.38,0.0
20231103:1811,0.0,0.0,0.0,5.85,1.17,0.0
20231103:1911,0.0,0.0,0.0,5.73,0.97,0.0
20231103:2011,0.0,0.0,0.0,5.77,0.97,0.0
20231103:2111,0.0,0.0,0.0,5.84,0.83,0.0
20231103:2211,0.0,0.0,0.0,5.75,0.83,0.0
20231103:2311,0.0,0.0,0.0,5.64,0.62,0.0
20231104:0011,0.0,0.0,0.0,5.54,0.48,0.0
20231104:0111,0.0,0.0,0.0,5.62,0.34,0.0
20231104:0211,0.0,0.0,0.0,5.67,0.28,0.0
20231104:0311,0.0,0.0,0.0,5.43,0.07,0.0
20231104:0411,0.0,0.0,0.0,5.13,0.21,0.0
20231104:0511,0.0,0.0,0.0,4.8,0.41,0.0
20231104:0611,0.0,0.0,0.0,4.4,0.41,0.0
20231104:0711,0.0,0.0,0.0,3.88,0.55,0.0
20231104:0811,35.28,16.61,3.3,3.53,0.62,0.0
20231104:0911,391.86,90.38,9.26,3.57,0.9,0.0
20231104:1011,1687.62,336.0,13.77,4.27,1.03,0.0
20231104:1111,1690.8,338.0,16.49,4.78,0.76,0.0
20231104:1211,1425.06,287.87,17.17,5.49,0.41,0.0
20231104:1311,1751.58,352.89,15.73,6.18,0.55,0.0
20231104:1411,685.92,147.16,12.33,6.4,1.1,0.0
20231104:1511,885.12,186.5,7.24,6.42,1.45,0.0
20231104:1611,0.0,0.0,0.0,5.87,1.59,0.0
20231104:1711,0.0,0.0,0.0,5.32,1.45,0.0
20231104:1811,0.0,0.0,0.0,5.11,1.17,0.0
20231104:1911,0.0,0.0,0.0,5.24,1.31,0.0
20231104:2011,0.0,0.0,0.0,4.39,1.1,0.0
20231104:2111,0.0,0.0,0.0,4.03,0.9,0.0
20231104:2211,0.0,0.0,0.0,3.93,0.69,0.0
20231104:2311,0.0,0.0,0.0,4.02,0.55,0.0
20231105:0011,0.0,0.0,0.0,3.56,0.55,0.0
20231105:0111,0.0,0.0,0.0,3.23,0.55,0.0
20231105:0211,0.0,0.0,0.0,2.69,0.55,0.0
20231105:0311,0.0,0.0,0.0,2.62,0.62,0.0
20231105:0411,0.0,0.0,0.0,2.79,0.76,0.0
20231105:0511,0.0,0.0,0.0,2.9,0.97,0.0
20231105:0611,0.0,0.0,0.0,3.19,1.24,0.0
20231105:0711,0.0,0.0,0.0,3.14,1.45,0.0
20231105:0811,28.86,14.87,3.02,3.0,1.66,0.0
20231105:0911,1634.04,324.39,8.97,3.11,2.0,0.0
20231105:1011,2100.18,413.28,13.47,3.49,2.07,0.0
20231105:1111,3009.3,603.55,16.19,4.19,1.93,0.0
20231105:1211,3011.52,606.83,16.86,5.08,1.93,0.0
20231105:1311,1072.86,219.05,15.43,5.95,2.0,0.0
20231105:1411,303.24,74.14,12.04,6.36,1.93,0.0
20231105:1511,408.96,95.03,6.97,6.4,1.52,0.0
20231105:1611,0.0,0.0,0.0,5.99,1.45,0.0
20231105:1711,0.0,0.0,0.0,5.32,1.59,0.0
20231105:1811,0.0,0.0,0.0,4.6,1.72,0.0
20231105:1911,0.0,0.0,0.0,4.03,1.52,0.0
20231105:2011,0.0,0.0,0.0,2.99,1.52,0.0
20231105:2111,0.0,0.0,0.0,2.37,1.52,0.0
20231105:2211,0.0,0.0,0.0,2.32,1.38,0.0
20231105:2311,0.0,0.0,0.0,1.9,1.38,0.0
20231106:0011,0.0,0.0,0.0,1.98,1.38,0.0
20231106:0111,0.0,0.0,0.0,2.04,1.38,0.0
20231106:0211,0.0,0.0,0.0,2.09,1.38,0.0
20231106:0311,0.0,0.0,0.0,2.23,1.45,0.0
20231106:0411,0.0,0.0,0.0,2.33,1.52,0.0
20231106:0511,0.0,0.0,0.0,2.52,1.52,0.0
20231106:0611,0.0,0.0,0.0,2.55,1.59,0.0
20231106:0711,0.0,0.0,0.0,2.32,1.66,0.0
20231106:0811,25.74,13.99,2.74,2.3,1.66,0.0
20231106:0911,1422.12,284.31,8.68,3.11,1.52,0.0
20231106:1011,2311.5,461.57,13.18,5.17,1.52,0.0
20231106:1111,2863.14,580.85,15.88,6.55,1.66,0.0
20231106:1211,2502.6,503.08,16.56,7.43,2.21,0.0
20231106:1311,1943.04,390.53,15.14,7.8,1.79,0.0
20231106:1411,1602.84,324.32,11.75,8.04,1.59,0.0
20231106:1511,340.92,82.31,6.7,8.02,1.45,0.0
20231106:1611,0.0,0.0,0.0,7.54,1.24,0.0
20231106:1711,0.0,0.0,0.0,6.22,1.1,0.0
20231106:1811,0.0,0.0,0.0,5.26,1.24,0.0
20231106:1911,0.0,0.0,0.0,5.68,0.76,0.0
20231106:2011,0.0,0.0,0.0,5.87,0.41,0.0
20231106:2111,0.0,0.0,0.0,5.77,0.21,0.0
20231106:2211,0.0,0.0,0.0,4.26,0.83,0.0
20231106:2311,0.0,0.0,0.0,4.1,1.17,0.0
20231107:0011,0.0,0.0,0.0,4.09,1.1,0.0
20231107:0111,0.0,0.0,0.0,4.29,1.03,0.0
20231107:0211,0.0,0.0,0.0,4.52,1.17,0.0
20231107:0311,0.0,0.0,0.0,4.71,1.31,0.0
20231107:0411,0.0,0.0,0.0,4.85,1.45,0.0
20231107:0511,0.0,0.0,0.0,4.62,1.59,0.0
20231107:0611,0.0,0.0,0.0,4.72,1.66,0.0
20231107:0711,0.0,0.0,0.0,4.54,1.59,0.0
20231107:0811,13.5,10.49,2.47,4.63,1.72,0.0
20231107:0911,9.72,9.27,8.39,5.27,1.79,0.0
20231107:1011,1160.16,235.19,12.88,5.83,2.07,0.0
20231107:1111,134.64,39.87,15.59,6.56,2.41,0.0
20231107:1211,112.98,35.23,16.26,7.13,2.62,0.0
20231107:1311,138.3,40.79,14.85,7.48,2.34,0.0
20231107:1411,628.32,136.54,11.47,7.4,1.93,0.0
20231107:1511,367.68,87.31,6.43,7.3,1.93,0.0
20231107:1611,0.0,0.0,0.0,6.38,1.72,0.0
20231107:1711,0.0,0.0,0.0,5.47,1.72,0.0
20231107:1811,0.0,0.0,0.0,4.65,1.79,0.0
20231107:1911,0.0,0.0,0.0,3.88,1.86,0.0
20231107:2011,0.0,0.0,0.0,2.86,1.79,0.0
20231107:2111,0.0,0.0,0.0,1.8,1.79,0.0
20231107:2211,0.0,0.0,0.0,0.67,1.79,0.0
20231107:2311,0.0,0.0,0.0,0.18,1.66,0.0
20231108:0011,0.0,0.0,0.0,0.05,1.45,0.0
20231108:0111,0.0,0.0,0.0,-0.09,1.52,0.0
20231108:0211,0.0,0.0,0.0,-0.02,1.38,0.0
20231108:0311,0.0,0.0,0.0,0.34,1.52,0.0
20231108:0411,0.0,0.0,0.0,0.88,1.31,0.0
20231108:0511,0.0,0.0,0.0,1.82,1.52,0.0
20231108:0611,0.0,0.0,0.0,2.88,2.21,0.0
20231108:0711,0.0,0.0,0.0,4.11,3.24,0.0
20231108:0811,0.0,1.75,2.19,4.59,4.34,0.0
20231108:0911,53.64,21.32,8.11,4.83,4.83,0.0
20231108:1011,57.42,22.25,12.59,4.99,5.03,0.0
20231108:1111,2801.82,550.64,15.29,5.21,4.28,0.0
20231108:1211,2778.48,548.15,15.97,5.57,3.93,0.0
20231108:1311,174.78,48.21,14.56,6.05,4.21,0.0
20231108:1411,1156.38,232.95,11.2,5.72,4.28,0.0
20231108:1511,253.02,63.88,6.17,5.17,4.76,0.0
20231108:1611,0.0,0.0,0.0,4.54,4.69,0.0
20231108:1711,0.0,0.0,0.0,4.24,4.41,0.0
20231108:1811,0.0,0.0,0.0,4.03,4.28,0.0
20231108:1911,0.0,0.0,0.0,4.31,4.28,0.0
20231108:2011,0.0,0.0,0.0,4.31,4.62,0.0
20231108:2111,0.0,0.0,0.0,4.36,4.48,0.0
20231108:2211,0.0,0.0,0.0,4.24,4.41,0.0
20231108:2311,0.0,0.0,0.0,4.03,4.14,0.0
20231109:0011,0.0,0.0,0.0,3.75,3.86,0.0
20231109:0111,0.0,0.0,0.0,3.55,3.45,0.0
20231109:0211,0.0,0.0,0.0,3.46,3.03,0.0
20231109:0311,0.0,0.0,0.0,3.65,2.76,0.0
20231109:0411,0.0,0.0,0.0,3.95,2.76,0.0
20231109:0511,0.0,0.0,0.0,4.1,2.76,0.0
20231109:0611,0.0,0.0,0.0,4.07,2.76,0.0
20231109:0711,0.0,0.0,0.0,3.46,2.69,0.0
20231109:0811,3.48,7.0,1.92,3.27,2.55,0.0
20231109:0911,1361.94,272.41,7.83,3.4,2.28,0.0
20231109:1011,2218.86,437.33,12.31,3.95,2.28,0.0
20231109:1111,2862.72,570.45,15.0,4.66,2.41,0.0
20231109:1211,2974.38,595.28,15.68,5.31,2.55,0.0
20231109:1311,2413.44,481.02,14.28,5.83,2.14,0.0
20231109:1411,1973.34,395.96,10.93,5.98,1.24,0.0
20231109:1511,928.56,195.26,5.91,5.72,0.69,0.0
20231109:1611,0.0,0.0,0.0,4.61,1.1,0.0
20231109:1711,0.0,0.0,0.0,3.08,1.31,0.0
20231109:1811,0.0,0.0,0.0,2.47,1.24,0.0
20231109:1911,0.0,0.0,0.0,3.34,0.41,0.0
20231109:2011,0.0,0.0,0.0,2.24,0.07,0.0
20231109:2111,0.0,0.0,0.0,1.67,0.48,0.0
20231109:2211,0.0,0.0,0.0,0.91,0.97,0.0
20231109:2311,0.0,0.0,0.0,-0.05,0.97,0.0
20231110:0011,0.0,0.0,0.0,-0.72,0.62,0.0
20231110:0111,0.0,0.0,0.0,-1.49,0.76,0.0
20231110:0211,0.0,0.0,0.0,-1.56,0.9,0.0
20231110:0311,0.0,0.0,0.0,-1.59,1.1,0.0
20231110:0411,0.0,0.0,0.0,-1.75,1.31,0.0
20231110:0511,0.0,0.0,0.0,-1.72,1.38,0.0
20231110:0611,0.0,0.0,0.0,-1.65,1.52,0.0
20231110:0711,0.0,0.0,0.0,-1.37,1.59,0.0
20231110:0811,0.0,0.87,1.66,-0.95,1.66,0.0
20231110:0911,19.32,12.05,7.56,-0.58,1.72,0.0
20231110:1011,54.96,21.32,12.02,0.48,1.52,0.0
20231110:1111,573.84,123.39,14.71,1.33,1.79,0.0
20231110:1211,264.84,65.82,15.4,3.1,1.93,0.0
20231110:1311,221.34,57.48,14.0,4.43,1.86,0.0
20231110:1411,397.62,91.78,10.67,4.87,1.52,0.0
20231110:1511,38.82,17.62,5.67,4.87,1.45,0.0
20231110:1611,0.0,0.0,0.0,4.39,1.66,0.0
20231110:1711,0.0,0.0,0.0,3.64,1.72,0.0
20231110:1811,0.0,0.0,0.0,3.03,1.86,0.0
20231110:1911,0.0,0.0,0.0,3.95,2.69,0.0
20231110:2011,0.0,0.0,0.0,3.71,2.9,0.0
20231110:2111,0.0,0.0,0.0,3.51,2.41,0.0
20231110:2211,0.0,0.0,0.0,3.32,1.86,0.0
20231110:2311,0.0,0.0,0.0,3.27,1.45,0.0
20231111:0011,0.0,0.0,0.0,3.01,1.45,0.0
20231111:0111,0.0,0.0,0.0,2.6,1.52,0.0
20231111:0211,0.0,0.0,0.0,2.53,1.66,0.0
20231111:0311,0.0,0.0,0.0,2.31,1.79,0.0
20231111:0411,0.0,0.0,0.0,2.5,1.79,0.0
20231111:0511,0.0,0.0,0.0,2.63,1.79,0.0
20231111:0611,0.0,0.0,0.0,2.65,1.66,0.0
20231111:0711,0.0,0.0,0.0,3.15,1.38,0.0
20231111:0811,0.0,0.87,1.39,2.88,1.31,0.0
20231111:0911,28.68,14.83,7.29,3.33,1.1,0.0
20231111:1011,284.64,69.91,11.74,4.26,1.03,0.0
20231111:1111,1642.86,327.68,14.43,5.47,1.52,0.0
20231111:1211,1178.7,238.83,15.12,5.84,1.86,0.0
20231111:1311,340.92,81.44,13.73,5.96,1.59,0.0
20231111:1411,165.54,46.36,10.41,5.96,1.17,0.0
20231111:1511,133.44,39.54,5.42,5.69,0.55,0.0
20231111:1611,0.0,0.0,0.0,5.25,0.28,0.0
20231111:1711,0.0,0.0,0.0,4.58,0.14,0.0
20231111:1811,0.0,0.0,0.0,4.14,0.21,0.0
20231111:1911,0.0,0.0,0.0,3.06,0.28,0.0
20231111:2011,0.0,0.0,0.0,2.44,0.55,0.0
20231111:2111,0.0,0.0,0.0,2.17,0.55,0.0
20231111:2211,0.0,0.0,0.0,1.93,0.55,0.0
20231111:2311,0.0,0.0,0.0,1.59,0.62,0.0
20231112:0011,0.0,0.0,0.0,0.97,0.76,0.0
20231112:0111,0.0,0.0,0.0,0.27,0.9,0.0
20231112:0211,0.0,0.0,0.0,0.13,0.97,0.0
20231112:0311,0.0,0.0,0.0,0.0,0.97,0.0
20231112:0411,0.0,0.0,0.0,-0.33,0.97,0.0
20231112:0511,0.0,0.0,0.0,-0.62,1.03,0.0
20231112:0611,0.0,0.0,0.0,-0.96,1.1,0.0
20231112:0711,0.0,0.0,0.0,-1.62,1.1,0.0
20231112:0811,0.0,0.0,0.0,-1.8,1.1,0.0
20231112:0911,834.42,170.11,7.02,-1.81,0.9,0.0
20231112:1011,1640.1,319.44,11.47,-1.15,0.69,0.0
20231112:1111,2099.58,409.37,14.15,-0.45,0.76,0.0
20231112:1211,1989.12,389.11,14.84,0.53,0.83,0.0
20231112:1311,1745.04,342.72,13.47,1.53,0.97,0.0
20231112:1411,1540.62,304.89,10.16,2.57,1.31,0.0
20231112:1511,792.18,166.74,5.18,2.72,1.24,0.0
20231112:1611,0.0,0.0,0.0,2.27,1.38,0.0
20231112:1711,0.0,0.0,0.0,1.76,1.59,0.0
20231112:1811,0.0,0.0,0.0,1.82,1.72,0.0
20231112:1911,0.0,0.0,0.0,2.37,2.14,0.0
20231112:2011,0.0,0.0,0.0,2.46,2.21,0.0
20231112:2111,0.0,0.0,0.0,2.59,2.21,0.0
20231112:2211,0.0,0.0,0.0,2.84,2.07,0.0
20231112:2311,0.0,0.0,0.0,3.1,2.14,0.0
20231113:0011,0.0,0.0,0.0,3.55,2.07,0.0
20231113:0111,0.0,0.0,0.0,4.01,2.0,0.0
20231113:0211,0.0,0.0,0.0,4.38,1.86,0.0
20231113:0311,0.0,0.0,0.0,4.67,1.79,0.0
20231113:0411,0.0,0.0,0.0,4.84,1.72,0.0
20231113:0511,0.0,0.0,0.0,4.95,1.79,0.0
20231113:0611,0.0,0.0,0.0,4.87,1.93,0.0
20231113:0711,0.0,0.0,0.0,5.53,2.41,0.0
20231113:0811,0.0,0.0,0.0,5.89,2.55,0.0
20231113:0911,72.54,25.96,6.75,6.26,2.97,0.0
20231113:1011,64.56,24.1,11.2,6.63,3.45,0.0
20231113:1111,72.36,25.96,13.88,6.77,3.86,0.0
20231113:1211,1479.12,294.45,14.57,6.82,4.0,0.0
20231113:1311,143.22,41.72,13.21,6.9,3.93,0.0
20231113:1411,156.24,44.5,9.91,6.97,3.72,0.0
20231113:1511,119.4,36.63,4.95,6.81,3.24,0.0
20231113:1611,0.0,0.0,0.0,6.63,2.83,0.0
20231113:1711,0.0,0.0,0.0,6.52,2.41,0.0
20231113:1811,0.0,0.0,0.0,6.44,2.28,0.0
20231113:1911,0.0,0.0,0.0,6.53,2.97,0.0
20231113:2011,0.0,0.0,0.0,6.42,2.62,0.0
20231113:2111,0.0,0.0,0.0,6.19,2.41,0.0
20231113:2211,0.0,0.0,0.0,5.95,1.93,0.0
20231113:2311,0.0,0.0,0.0,5.72,1.59,0.0
20231114:0011,0.0,0.0,0.0,5.42,1.52,0.0
20231114:0111,0.0,0.0,0.0,5.02,1.52,0.0
20231114:0211,0.0,0.0,0.0,4.91,1.66,0.0
20231114:0311,0.0,0.0,0.0,4.82,1.79,0.0
20231114:0411,0.0,0.0,0.0,4.81,1.79,0.0
20231114:0511,0.0,0.0,0.0,4.75,1.93,0.0
20231114:0611,0.0,0.0,0.0,4.73,2.14,0.0
20231114:0711,0.0,0.0,0.0,5.11,2.34,0.0
20231114:0811,0.0,0.0,0.0,5.15,2.41,0.0
20231114:0911,4.5,7.42,6.49,5.26,2.41,0.0
20231114:1011,21.72,12.98,10.93,5.43,2.55,0.0
20231114:1111,84.72,28.74,13.61,5.77,2.62,0.0
20231114:1211,143.64,41.72,14.31,6.12,2.55,0.0
20231114:1311,506.46,112.86,12.95,6.13,2.14,0.0
20231114:1411,766.98,161.42,9.67,5.97,2.28,0.0
20231114:1511,270.6,67.72,4.73,5.48,2.41,0.0
20231114:1611,0.0,0.0,0.0,4.99,2.28,0.0
20231114:1711,0.0,0.0,0.0,4.72,2.07,0.0
20231114:1811,0.0,0.0,0.0,4.59,2.0,0.0
20231114:1911,0.0,0.0,0.0,5.04,2.21,0.0
20231114:2011,0.0,0.0,0.0,4.89,2.34,0.0
20231114:2111,0.0,0.0,0.0,4.75,2.34,0.0
20231114:2211,0.0,0.0,0.0,4.61,2.34,0.0
20231114:2311,0.0,0.0,0.0,4.49,2.34,0.0
20231115:0011,0.0,0.0,0.0,4.4,2.34,0.0
20231115:0111,0.0,0.0,0.0,4.29,2.28,0.0
20231115:0211,0.0,0.0,0.0,4.2,2.21,0.0
20231115:0311,0.0,0.0,0.0,4.03,2.14,0.0
20231115:0411,0.0,0.0,0.0,3.94,2.14,0.0
20231115:0511,0.0,0.0,0.0,3.89,2.07,0.0
20231115:0611,0.0,0.0,0.0,3.87,2.0,0.0
20231115:0711,0.0,0.0,0.0,4.11,1.52,0.0
20231115:0811,0.0,0.0,0.0,4.04,1.31,0.0
20231115:0911,223.38,57.66,6.23,3.93,0.97,0.0
20231115:1011,175.86,48.21,10.67,4.3,0.76,0.0
20231115:1111,1051.02,214.61,13.35,4.86,0.76,0.0
20231115:1211,705.9,150.28,14.05,5.45,1.1,0.0
20231115:1311,1628.04,326.26,12.71,5.74,0.97,0.0
20231115:1411,1788.3,359.97,9.44,5.86,0.76,0.0
20231115:1511,781.98,167.49,4.51,5.69,0.69,0.0
20231115:1611,0.0,0.0,0.0,4.6,0.76,0.0
20231115:1711,0.0,0.0,0.0,3.94,0.83,0.0
20231115:1811,0.0,0.0,0.0,3.5,0.9,0.0
20231115:1911,0.0,0.0,0.0,2.34,0.83,0.0
20231115:2011,0.0,0.0,0.0,0.76,1.1,0.0
20231115:2111,0.0,0.0,0.0,-0.14,1.1,0.0
20231115:2211,0.0,0.0,0.0,-1.06,1.03,0.0
20231115:2311,0.0,0.0,0.0,-1.81,1.03,0.0
20231116:0011,0.0,0.0,0.0,-1.76,0.97,0.0
20231116:0111,0.0,0.0,0.0,-1.62,0.97,0.0
20231116:0211,0.0,0.0,0.0,-1.24,0.9,0.0
20231116:0311,0.0,0.0,0.0,-0.8,0.83,0.0
20231116:0411,0.0,0.0,0.0,-0.6,0.83,0.0
20231116:0511,0.0,0.0,0.0,0.17,0.62,0.0
20231116:0611,0.0,0.0,0.0,0.77,0.48,0.0
20231116:0711,0.0,0.0,0.0,0.84,0.55,0.0
20231116:0811,0.0,0.0,0.0,1.34,0.55,0.0
20231116:0911,28.98,14.83,5.98,1.6,0.62,0.0
20231116:1011,481.62,106.73,10.41,2.52,0.55,0.0
20231116:1111,1207.08,242.86,13.09,3.37,0.48,0.0
20231116:1211,651.0,139.37,13.8,3.98,0.41,0.0
20231116:1311,278.34,68.81,12.46,4.34,0.62,0.0
20231116:1411,422.34,96.38,9.21,4.64,0.69,0.0
20231116:1511,344.82,82.44,4.29,4.77,0.55,0.0
20231116:1611,0.0,0.0,0.0,3.8,0.83,0.0
20231116:1711,0.0,0.0,0.0,2.99,0.9,0.0
20231116:1811,0.0,0.0,0.0,2.25,1.03,0.0
20231116:1911,0.0,0.0,0.0,2.19,1.03,0.0
20231116:2011,0.0,0.0,0.0,1.99,0.83,0.0
20231116:2111,0.0,0.0,0.0,0.38,1.03,0.0
20231116:2211,0.0,0.0,0.0,0.26,0.76,0.0
20231116:2311,0.0,0.0,0.0,0.71,0.55,0.0
20231117:0011,0.0,0.0,0.0,0.45,0.62,0.0
20231117:0111,0.0,0.0,0.0,0.16,0.55,0.0
20231117:0211,0.0,0.0,0.0,0.06,0.55,0.0
20231117:0311,0.0,0.0,0.0,0.09,0.62,0.0
20231117:0411,0.0,0.0,0.0,-0.42,0.62,0.0
20231117:0511,0.0,0.0,0.0,-0.71,0.55,0.0
20231117:0611,0.0,0.0,0.0,-0.9,0.55,0.0
20231117:0711,0.0,0.0,0.0,-0.5,0.41,0.0
20231117:0811,0.0,0.0,0.0,-0.62,0.55,0.0
20231117:0911,55.14,21.32,5.73,-0.34,0.28,0.0
20231117:1011,252.06,62.55,10.16,0.44,0.34,0.0
20231117:1111,735.72,153.11,12.84,0.98,0.41,0.0
20231117:1211,603.84,129.29,13.55,1.65,0.48,0.0
20231117:1311,317.34,75.7,12.23,2.09,0.69,0.0
20231117:1411,542.04,117.97,8.98,2.49,0.62,0.0
20231117:1511,109.98,34.09,4.08,2.51,0.9,0.0
20231117:1611,0.0,0.0,0.0,2.24,0.9,0.0
20231117:1711,0.0,0.0,0.0,1.66,0.9,0.0
20231117:1811,0.0,0.0,0.0,1.5,1.03,0.0
20231117:1911,0.0,0.0,0.0,1.8,0.97,0.0
20231117:2011,0.0,0.0,0.0,1.82,0.97,0.0
20231117:2111,0.0,0.0,0.0,1.94,1.03,0.0
20231117:2211,0.0,0.0,0.0,2.02,1.31,0.0
20231117:2311,0.0,0.0,0.0,2.26,1.45,0.0
20231118:0011,0.0,0.0,0.0,2.72,1.59,0.0
20231118:0111,0.0,0.0,0.0,3.05,1.79,0.0
20231118:0211,0.0,0.0,0.0,3.45,2.14,0.0
20231118:0311,0.0,0.0,0.0,3.78,2.76,0.0
20231118:0411,0.0,0.0,0.0,3.77,3.1,0.0
20231118:0511,0.0,0.0,0.0,3.73,3.24,0.0
20231118:0611,0.0,0.0,0.0,3.7,3.38,0.0
20231118:0711,0.0,0.0,0.0,4.23,2.9,0.0
20231118:0811,0.0,0.0,0.0,4.67,2.76,0.0
20231118:0911,353.04,83.36,5.48,5.06,2.34,0.0
20231118:1011,97.32,31.52,9.91,5.23,1.93,0.0
20231118:1111,28.26,14.83,12.59,5.43,1.66,0.0
20231118:1211,824.4,172.23,13.31,5.71,1.45,0.0
20231118:1311,1428.96,287.15,12.0,5.98,1.24,0.0
20231118:1411,1772.1,356.32,8.77,6.19,1.1,0.0
20231118:1511,0.0,4.64,3.88,6.09,1.17,0.0
20231118:1611,0.0,0.0,0.0,5.68,1.38,0.0
20231118:1711,0.0,0.0,0.0,5.34,1.52,0.0
20231118:1811,0.0,0.0,0.0,5.26,1.72,0.0
20231118:1911,0.0,0.0,0.0,6.15,1.79,0.0
20231118:2011,0.0,0.0,0.0,6.6,1.86,0.0
20231118:2111,0.0,0.0,0.0,7.04,2.0,0.0
20231118:2211,0.0,0.0,0.0,7.36,2.07,0.0
20231118:2311,0.0,0.0,0.0,7.56,2.28,0.0
20231119:0011,0.0,0.0,0.0,7.58,2.21,0.0
20231119:0111,0.0,0.0,0.0,7.59,2.34,0.0
20231119:0211,0.0,0.0,0.0,7.79,2.69,0.0
20231119:0311,0.0,0.0,0.0,8.05,2.9,0.0
20231119:0411,0.0,0.0,0.0,8.15,2.9,0.0
20231119:0511,0.0,0.0,0.0,8.24,2.83,0.0
20231119:0611,0.0,0.0,0.0,8.19,2.76,0.0
20231119:0711,0.0,0.0,0.0,8.05,2.55,0.0
20231119:0811,0.0,0.0,0.0,8.24,2.34,0.0
20231119:0911,745.8,160.37,5.24,8.34,2.14,0.0
20231119:1011,1765.68,355.9,9.67,8.6,2.14,0.0
20231119:1111,1835.58,369.37,12.35,8.87,2.21,0.0
20231119:1211,1016.52,210.54,13.08,9.14,2.48,0.0
20231119:1311,709.86,152.64,11.77,9.33,2.55,0.0
20231119:1411,304.86,75.01,8.56,9.36,2.34,0.0
20231119:1511,108.36,34.56,3.69,9.0,2.28,0.0
20231119:1611,0.0,0.0,0.0,8.5,2.14,0.0
20231119:1711,0.0,0.0,0.0,8.0,2.0,0.0
20231119:1811,0.0,0.0,0.0,7.99,1.86,0.0
20231119:1911,0.0,0.0,0.0,8.03,1.79,0.0
20231119:2011,0.0,0.0,0.0,7.8,1.79,0.0
20231119:2111,0.0,0.0,0.0,7.75,1.79,0.0
20231119:2211,0.0,0.0,0.0,7.82,1.79,0.0
20231119:2311,0.0,0.0,0.0,7.99,1.72,0.0
20231120:0011,0.0,0.0,0.0,8.3,1.66,0.0
20231120:0111,0.0,0.0,0.0,8.4,1.59,0.0
20231120:0211,0.0,0.0,0.0,8.44,1.52,0.0
20231120:0311,0.0,0.0,0.0,8.38,1.38,0.0
20231120:0411,0.0,0.0,0.0,8.18,1.45,0.0
20231120:0511,0.0,0.0,0.0,8.05,1.59,0.0
20231120:0611,0.0,0.0,0.0,7.91,1.66,0.0
20231120:0711,0.0,0.0,0.0,8.23,1.59,0.0
20231120:0811,0.0,0.0,0.0,8.28,1.86,0.0
20231120:0911,0.0,4.64,5.01,8.31,2.0,0.0
20231120:1011,21.3,12.98,9.43,8.38,2.41,0.0
20231120:1111,24.54,13.91,12.12,8.04,3.79,0.0
20231120:1211,27.96,14.83,12.85,7.39,3.79,0.0
20231120:1311,64.5,24.1,11.55,6.88,3.86,0.0
20231120:1411,9.6,9.27,8.35,6.61,4.14,0.0
20231120:1511,0.0,2.78,3.5,6.32,4.14,0.0
20231120:1611,0.0,0.0,0.0,6.01,4.14,0.0
20231120:1711,0.0,0.0,0.0,5.73,4.14,0.0
20231120:1811,0.0,0.0,0.0,5.56,4.0,0.0
20231120:1911,0.0,0.0,0.0,5.34,3.59,0.0
20231120:2011,0.0,0.0,0.0,5.02,3.24,0.0
20231120:2111,0.0,0.0,0.0,4.78,3.1,0.0
20231120:2211,0.0,0.0,0.0,4.49,2.83,0.0
20231120:2311,0.0,0.0,0.0,4.26,2.48,0.0
20231121:0011,0.0,0.0,0.0,4.13,2.07,0.0
20231121:0111,0.0,0.0,0.0,3.98,1.66,0.0
20231121:0211,0.0,0.0,0.0,3.53,1.38,0.0
20231121:0311,0.0,0.0,0.0,2.98,1.24,0.0
20231121:0411,0.0,0.0,0.0,2.16,1.31,0.0
20231121:0511,0.0,0.0,0.0,2.12,1.17,0.0
20231121:0611,0.0,0.0,0.0,1.82,1.17,0.0
20231121:0711,0.0,0.0,0.0,1.68,1.38,0.0
20231121:0811,0.0,0.0,0.0,1.55,1.66,0.0
20231121:0911,28.98,14.83,4.77,1.67,1.79,0.0
20231121:1011,305.1,73.15,9.2,2.58,1.79,0.0
20231121:1111,308.1,74.16,11.89,3.42,2.0,0.0
20231121:1211,484.26,107.68,12.62,4.07,2.28,0.0
20231121:1311,149.1,42.65,11.34,4.67,2.34,0.0
20231121:1411,109.98,34.3,8.16,5.08,2.76,0.0
20231121:1511,0.0,4.64,3.32,5.06,3.17,0.0
20231121:1611,0.0,0.0,0.0,5.0,3.52,0.0
20231121:1711,0.0,0.0,0.0,4.88,3.79,0.0
20231121:1811,0.0,0.0,0.0,5.21,4.14,0.0
20231121:1911,0.0,0.0,0.0,5.94,4.41,0.0
20231121:2011,0.0,0.0,0.0,6.45,4.83,0.0
20231121:2111,0.0,0.0,0.0,7.14,5.03,0.0
20231121:2211,0.0,0.0,0.0,7.71,5.24,0.0
20231121:2311,0.0,0.0,0.0,8.17,5.38,0.0
20231122:0011,0.0,0.0,0.0,8.52,5.52,0.0
20231122:0111,0.0,0.0,0.0,8.71,5.72,0.0
20231122:0211,0.0,0.0,0.0,8.85,5.66,0.0
20231122:0311,0.0,0.0,0.0,9.17,5.59,0.0
20231122:0411,0.0,0.0,0.0,9.55,5.66,0.0
20231122:0511,0.0,0.0,0.0,9.97,5.59,0.0
20231122:0611,0.0,0.0,0.0,10.21,5.59,0.0
20231122:0711,0.0,0.0,0.0,10.22,5.66,0.0
20231122:0811,0.0,0.0,0.0,10.31,5.66,0.0
20231122:0911,270.36,68.54,4.55,10.39,5.59,0.0
20231122:1011,378.9,89.58,8.97,10.48,5.52,0.0
20231122:1111,30.72,15.76,11.66,10.59,5.66,0.0
20231122:1211,90.66,30.59,12.4,10.59,5.79,0.0
20231122:1311,74.76,26.89,11.14,10.63,6.0,0.0
20231122:1411,6.66,8.34,7.96,10.55,6.21,0.0
20231122:1511,0.0,2.78,3.14,10.47,6.48,0.0
20231122:1611,0.0,0.0,0.0,10.34,6.9,0.0
20231122:1711,0.0,0.0,0.0,10.24,7.1,0.0
20231122:1811,0.0,0.0,0.0,10.25,7.24,0.0
20231122:1911,0.0,0.0,0.0,10.49,7.1,0.0
20231122:2011,0.0,0.0,0.0,10.58,7.24,0.0
20231122:2111,0.0,0.0,0.0,10.75,7.38,0.0
20231122:2211,0.0,0.0,0.0,10.7,7.31,0.0
20231122:2311,0.0,0.0,0.0,10.37,7.31,0.0
20231123:0011,0.0,0.0,0.0,9.91,7.45,0.0
20231123:0111,0.0,0.0,0.0,9.48,7.45,0.0
20231123:0211,0.0,0.0,0.0,9.21,7.45,0.0
20231123:0311,0.0,0.0,0.0,8.85,7.17,0.0
20231123:0411,0.0,0.0,0.0,8.54,6.83,0.0
20231123:0511,0.0,0.0,0.0,8.36,6.48,0.0
20231123:0611,0.0,0.0,0.0,7.75,6.14,0.0
20231123:0711,0.0,0.0,0.0,7.94,6.55,0.0
20231123:0811,0.0,0.0,0.0,7.18,6.48,0.0
20231123:0911,0.0,3.71,4.32,6.41,6.28,0.0
20231123:1011,9.66,9.27,8.74,6.04,6.21,0.0
20231123:1111,1362.18,269.52,11.44,5.97,6.07,0.0
20231123:1211,28.26,14.83,12.19,5.93,6.07,0.0
20231123:1311,35.16,16.69,10.94,5.77,6.0,0.0
20231123:1411,12.54,10.2,7.78,5.22,6.62,0.0
20231123:1511,0.0,1.85,2.97,5.01,6.07,0.0
20231123:1611,0.0,0.0,0.0,4.5,5.38,0.0
20231123:1711,0.0,0.0,0.0,4.03,5.17,0.0
20231123:1811,0.0,0.0,0.0,3.67,4.83,0.0
20231123:1911,0.0,0.0,0.0,3.88,4.62,0.0
20231123:2011,0.0,0.0,0.0,3.58,4.41,0.0
20231123:2111,0.0,0.0,0.0,3.33,4.21,0.0
20231123:2211,0.0,0.0,0.0,2.99,4.41,0.0
20231123:2311,0.0,0.0,0.0,2.62,4.28,0.0
20231124:0011,0.0,0.0,0.0,2.34,4.34,0.0
20231124:0111,0.0,0.0,0.0,2.14,4.28,0.0
20231124:0211,0.0,0.0,0.0,1.92,4.34,0.0
20231124:0311,0.0,0.0,0.0,1.82,4.28,0.0
20231124:0411,0.0,0.0,0.0,1.45,4.21,0.0
20231124:0511,0.0,0.0,0.0,1.32,4.0,0.0
20231124:0611,0.0,0.0,0.0,1.48,3.93,0.0
20231124:0711,0.0,0.0,0.0,1.53,3.79,0.0
20231124:0811,0.0,0.0,0.0,1.66,3.66,0.0
20231124:0911,0.0,3.5,4.11,1.87,3.52,0.0
20231124:1011,15.84,11.13,8.53,2.19,3.52,0.0
20231124:1111,54.3,21.32,11.23,2.73,2.9,0.0
20231124:1211,42.9,18.54,11.99,3.09,2.9,0.0
20231124:1311,137.04,39.87,10.74,3.26,3.1,0.0
20231124:1411,28.68,14.83,7.6,3.18,3.17,0.0
20231124:1511,0.0,2.78,2.81,2.86,2.41,0.0
20231124:1611,0.0,0.0,0.0,2.39,2.07,0.0
20231124:1711,0.0,0.0,0.0,1.86,1.93,0.0
20231124:1811,0.0,0.0,0.0,1.57,1.86,0.0
20231124:1911,0.0,0.0,0.0,1.01,1.66,0.0
20231124:2011,0.0,0.0,0.0,0.86,1.79,0.0
20231124:2111,0.0,0.0,0.0,0.53,1.86,0.0
20231124:2211,0.0,0.0,0.0,-0.01,1.72,0.0
20231124:2311,0.0,0.0,0.0,-0.4,1.66,0.0
20231125:0011,0.0,0.0,0.0,-0.33,1.52,0.0
20231125:0111,0.0,0.0,0.0,-0.27,1.52,0.0
20231125:0211,0.0,0.0,0.0,-0.3,1.52,0.0
20231125:0311,0.0,0.0,0.0,-0.39,1.52,0.0
20231125:0411,0.0,0.0,0.0,-0.42,1.45,0.0
20231125:0511,0.0,0.0,0.0,-0.39,1.38,0.0
20231125:0611,0.0,0.0,0.0,-0.55,1.38,0.0
20231125:0711,0.0,0.0,0.0,-0.18,1.1,0.0
20231125:0811,0.0,0.0,0.0,0.41,0.9,0.0
20231125:0911,0.0,3.5,3.89,0.67,0.83,0.0
20231125:1011,392.46,89.24,8.31,1.03,0.76,0.0
20231125:1111,1579.62,311.11,11.02,1.49,0.62,0.0
20231125:1211,1793.4,353.83,11.79,2.17,0.55,0.0
20231125:1311,2362.32,470.24,10.56,2.59,0.55,0.0
20231125:1411,1429.14,285.01,7.43,2.63,0.55,0.0
20231125:1511,59.46,22.63,2.65,2.07,0.69,0.0
20231125:1611,0.0,0.0,0.0,1.85,0.76,0.0
20231125:1711,0.0,0.0,0.0,1.68,0.83,0.0
20231125:1811,0.0,0.0,0.0,0.97,0.97,0.0
20231125:1911,0.0,0.0,0.0,1.15,0.83,0.0
20231125:2011,0.0,0.0,0.0,0.65,0.9,0.0
20231125:2111,0.0,0.0,0.0,0.25,0.9,0.0
20231125:2211,0.0,0.0,0.0,-0.96,1.03,0.0
20231125:2311,0.0,0.0,0.0,-1.52,1.1,0.0
20231126:0011,0.0,0.0,0.0,-2.16,1.17,0.0
20231126:0111,0.0,0.0,0.0,-2.68,1.31,0.0
20231126:0211,0.0,0.0,0.0,-2.72,1.24,0.0
20231126:0311,0.0,0.0,0.0,-2.51,1.31,0.0
20231126:0411,0.0,0.0,0.0,-2.43,1.31,0.0
20231126:0511,0.0,0.0,0.0,-2.52,1.17,0.0
20231126:0611,0.0,0.0,0.0,-2.56,1.17,0.0
20231126:0711,0.0,0.0,0.0,-1.9,1.38,0.0
20231126:0811,0.0,0.0,0.0,-1.32,1.52,0.0
20231126:0911,46.86,19.24,3.69,-1.53,1.31,0.0
20231126:1011,550.26,117.58,8.11,-0.86,0.97,0.0
20231126:1111,418.68,94.25,10.82,0.95,0.76,0.0
20231126:1211,2172.18,428.33,11.6,1.83,0.69,0.0
20231126:1311,2103.54,416.36,10.38,2.18,0.48,0.0
20231126:1411,1260.6,252.28,7.27,2.18,0.48,0.0
20231126:1511,0.0,3.71,2.5,2.08,0.41,0.0
20231126:1611,0.0,0.0,0.0,1.9,0.34,0.0
20231126:1711,0.0,0.0,0.0,1.65,0.28,0.0
20231126:1811,0.0,0.0,0.0,1.52,0.41,0.0
20231126:1911,0.0,0.0,0.0,1.17,0.69,0.0
20231126:2011,0.0,0.0,0.0,1.05,0.62,0.0
20231126:2111,0.0,0.0,0.0,0.86,0.69,0.0
20231126:2211,0.0,0.0,0.0,0.27,0.9,0.0
20231126:2311,0.0,0.0,0.0,0.14,1.03,0.0
20231127:0011,0.0,0.0,0.0,0.17,1.1,0.0
20231127:0111,0.0,0.0,0.0,0.3,1.1,0.0
20231127:0211,0.0,0.0,0.0,0.52,1.24,0.0
20231127:0311,0.0,0.0,0.0,0.91,1.79,0.0
20231127:0411,0.0,0.0,0.0,1.38,2.28,0.0
20231127:0511,0.0,0.0,0.0,2.08,2.76,0.0
20231127:0611,0.0,0.0,0.0,2.3,2.97,0.0
20231127:0711,0.0,0.0,0.0,2.48,3.66,0.0
20231127:0811,0.0,0.0,0.0,2.37,3.45,0.0
20231127:0911,0.0,2.62,3.48,2.49,3.45,0.0
20231127:1011,35.76,16.69,7.91,2.68,3.45,0.0
20231127:1111,28.74,14.83,10.62,3.11,3.45,0.0
20231127:1211,89.94,29.67,11.41,3.51,2.97,0.0
20231127:1311,1022.4,206.53,10.21,3.9,2.76,0.0
20231127:1411,57.66,22.25,7.11,4.19,2.97,0.0
20231127:1511,0.0,1.85,2.36,4.19,2.83,0.0
20231127:1611,0.0,0.0,0.0,3.73,2.41,0.0
20231127:1711,0.0,0.0,0.0,3.39,2.07,0.0
20231127:1811,0.0,0.0,0.0,3.1,1.93,0.0
20231127:1911,0.0,0.0,0.0,3.22,1.93,0.0
20231127:2011,0.0,0.0,0.0,3.01,1.59,0.0
20231127:2111,0.0,0.0,0.0,2.58,1.38,0.0
20231127:2211,0.0,0.0,0.0,2.17,1.17,0.0
20231127:2311,0.0,0.0,0.0,1.57,1.03,0.0
20231128:0011,0.0,0.0,0.0,0.74,0.9,0.0
20231128:0111,0.0,0.0,0.0,0.0,1.03,0.0
20231128:0211,0.0,0.0,0.0,-0.34,1.03,0.0
20231128:0311,0.0,0.0,0.0,-0.3,1.03,0.0
20231128:0411,0.0,0.0,0.0,-0.28,0.97,0.0
20231128:0511,0.0,0.0,0.0,-0.29,0.97,0.0
20231128:0611,0.0,0.0,0.0,-0.12,0.97,0.0
20231128:0711,0.0,0.0,0.0,-0.21,1.1,0.0
20231128:0811,0.0,0.0,0.0,-0.49,1.17,0.0
20231128:0911,0.0,2.62,3.29,-0.95,1.24,0.0
20231128:1011,36.42,16.69,7.71,-0.24,1.1,0.0
20231128:1111,70.86,25.03,10.43,0.12,1.1,0.0
20231128:1211,810.18,165.85,11.23,0.66,1.24,0.0
20231128:1311,2167.32,422.93,10.04,0.94,1.45,0.0
20231128:1411,441.6,98.31,6.96,1.1,1.52,0.0
20231128:1511,0.0,1.75,2.23,0.7,1.52,0.0
20231128:1611,0.0,0.0,0.0,0.12,1.59,0.0
20231128:1711,0.0,0.0,0.0,-0.21,1.52,0.0
20231128:1811,0.0,0.0,0.0,-0.5,1.38,0.0
20231128:1911,0.0,0.0,0.0,-0.5,1.93,0.0
20231128:2011,0.0,0.0,0.0,-1.0,1.79,0.0
20231128:2111,0.0,0.0,0.0,-1.53,1.79,0.0
20231128:2211,0.0,0.0,0.0,-1.26,1.86,0.0
20231128:2311,0.0,0.0,0.0,-1.2,1.79,0.0
20231129:0011,0.0,0.0,0.0,-1.44,1.66,0.0
20231129:0111,0.0,0.0,0.0,-1.54,1.59,0.0
20231129:0211,0.0,0.0,0.0,-1.62,1.59,0.0
20231129:0311,0.0,0.0,0.0,-1.46,1.45,0.0
20231129:0411,0.0,0.0,0.0,-1.58,1.38,0.0
20231129:0511,0.0,0.0,0.0,-1.86,1.24,0.0
20231129:0611,0.0,0.0,0.0,-1.89,1.17,0.0
20231129:0711,0.0,0.0,0.0,-2.41,1.45,0.0
20231129:0811,0.0,0.0,0.0,-2.52,1.52,0.0
20231129:0911,23.28,13.12,3.09,-1.98,1.52,0.0
20231129:1011,785.16,160.33,7.52,-0.7,1.52,0.0
20231129:1111,51.24,20.4,10.25,0.07,1.66,0.0
20231129:1211,58.86,22.25,11.06,0.48,1.72,0.0
20231129:1311,143.22,40.79,9.88,0.67,2.21,0.0
20231129:1411,7.32,8.34,6.81,0.53,2.28,0.0
20231129:1511,0.0,1.75,2.1,0.11,2.48,0.0
20231129:1611,0.0,0.0,0.0,-0.43,2.0,0.0
20231129:1711,0.0,0.0,0.0,-0.93,1.79,0.0
20231129:1811,0.0,0.0,0.0,-1.06,1.52,0.0
20231129:1911,0.0,0.0,0.0,-1.03,0.97,0.0
20231129:2011,0.0,0.0,0.0,-0.96,0.83,0.0
20231129:2111,0.0,0.0,0.0,-0.98,0.76,0.0
20231129:2211,0.0,0.0,0.0,-1.32,0.97,0.0
20231129:2311,0.0,0.0,0.0,-1.45,1.03,0.0
20231130:0011,0.0,0.0,0.0,-1.13,1.1,0.0
20231130:0111,0.0,0.0,0.0,-0.99,1.1,0.0
20231130:0211,0.0,0.0,0.0,-0.86,0.97,0.0
20231130:0311,0.0,0.0,0.0,-0.75,1.03,0.0
20231130:0411,0.0,0.0,0.0,-1.11,1.17,0.0
20231130:0511,0.0,0.0,0.0,-0.93,1.24,0.0
20231130:0611,0.0,0.0,0.0,-0.81,1.38,0.0
20231130:0711,0.0,0.0,0.0,-0.39,1.52,0.0
20231130:0811,0.0,0.0,0.0,-0.56,1.52,0.0
20231130:0911,0.0,3.5,2.91,-1.01,1.38,0.0
20231130:1011,267.72,65.02,7.34,-0.6,1.24,0.0
20231130:1111,908.7,183.67,10.07,0.46,1.17,0.0
20231130:1211,22.38,12.98,10.89,0.96,1.17,0.0
20231130:1311,620.46,131.42,9.73,1.19,1.17,0.0
20231130:1411,585.06,125.06,6.68,1.31,1.17,0.0
20231130:1511,0.0,1.75,1.98,0.84,1.17,0.0
20231130:1611,0.0,0.0,0.0,-0.03,1.17,0.0
20231130:1711,0.0,0.0,0.0,-0.35,1.1,0.0
20231130:1811,0.0,0.0,0.0,-0.65,1.1,0.0
20231130:1911,0.0,0.0,0.0,-0.89,1.24,0.0
20231130:2011,0.0,0.0,0.0,-1.44,1.31,0.0
20231130:2111,0.0,0.0,0.0,-1.86,1.38,0.0
20231130:2211,0.0,0.0,0.0,-2.28,1.31,0.0
20231130:2311,0.0,0.0,0.0,-2.5,1.45,0.0
20231201:0011,0.0,0.0,0.0,-2.65,1.38,0.0
20231201:0111,0.0,0.0,0.0,-2.55,1.17,0.0
20231201:0211,0.0,0.0,0.0,-2.65,1.1,0.0
20231201:0311,0.0,0.0,0.0,-2.92,1.24,0.0
20231201:0411,0.0,0.0,0.0,-3.19,1.24,0.0
20231201:0511,0.0,0.0,0.0,-3.22,1.24,0.0
20231201:0611,0.0,0.0,0.0,-3.66,1.24,0.0
20231201:0711,0.0,0.0,0.0,-3.32,0.9,0.0
20231201:0811,0.0,0.0,0.0,-3.42,0.83,0.0
20231201:0911,23.52,13.12,2.73,-3.35,0.76,0.0
20231201:1011,310.98,72.63,7.16,-2.97,0.76,0.0
20231201:1111,894.66,179.41,9.9,-2.15,0.69,0.0
20231201:1211,735.24,151.06,10.73,-1.38,0.76,0.0
20231201:1311,1840.2,357.29,9.58,-0.99,0.76,0.0
20231201:1411,1196.52,236.36,6.55,-1.02,0.83,0.0
20231201:1511,0.0,2.62,1.86,-1.57,0.9,0.0
20231201:1611,0.0,0.0,0.0,-2.51,1.17,0.0
20231201:1711,0.0,0.0,0.0,-3.38,1.24,0.0
20231201:1811,0.0,0.0,0.0,-4.09,1.38,0.0
20231201:1911,0.0,0.0,0.0,-3.58,1.31,0.0
20231201:2011,0.0,0.0,0.0,-4.17,1.31,0.0
20231201:2111,0.0,0.0,0.0,-4.56,1.38,0.0
20231201:2211,0.0,0.0,0.0,-4.97,1.38,0.0
20231201:2311,0.0,0.0,0.0,-5.21,1.45,0.0
20231202:0011,0.0,0.0,0.0,-5.31,1.52,0.0
20231202:0111,0.0,0.0,0.0,-5.37,1.59,0.0
20231202:0211,0.0,0.0,0.0,-5.39,1.59,0.0
20231202:0311,0.0,0.0,0.0,-5.4,1.59,0.0
20231202:0411,0.0,0.0,0.0,-5.31,1.52,0.0
20231202:0511,0.0,0.0,0.0,-5.22,1.45,0.0
20231202:0611,0.0,0.0,0.0,-5.12,1.38,0.0
20231202:0711,0.0,0.0,0.0,-5.59,1.45,0.0
20231202:0811,0.0,0.0,0.0,-5.66,1.45,0.0
20231202:0911,9.0,8.74,2.55,-5.56,1.38,0.0
20231202:1011,645.66,132.54,6.99,-5.23,1.24,0.0
20231202:1111,1557.6,297.95,9.74,-4.43,1.03,0.0
20231202:1211,1136.28,221.75,10.58,-3.53,1.03,0.0
20231202:1311,1041.42,205.11,9.44,-2.93,1.03,0.0
20231202:1411,864.12,173.54,6.42,-2.95,1.03,0.0
20231202:1511,0.0,1.75,1.76,-3.33,1.17,0.0
20231202:1611,0.0,0.0,0.0,-4.17,1.31,0.0
20231202:1711,0.0,0.0,0.0,-4.49,1.31,0.0
20231202:1811,0.0,0.0,0.0,-4.69,1.31,0.0
20231202:1911,0.0,0.0,0.0,-4.61,1.31,0.0
20231202:2011,0.0,0.0,0.0,-4.86,1.17,0.0
20231202:2111,0.0,0.0,0.0,-5.15,1.1,0.0
20231202:2211,0.0,0.0,0.0,-5.33,1.1,0.0
20231202:2311,0.0,0.0,0.0,-5.86,1.17,0.0
20231203:0011,0.0,0.0,0.0,-6.26,1.1,0.0
20231203:0111,0.0,0.0,0.0,-6.8,1.03,0.0
20231203:0211,0.0,0.0,0.0,-7.16,1.03,0.0
20231203:0311,0.0,0.0,0.0,-7.07,0.9,0.0
20231203:0411,0.0,0.0,0.0,-7.33,0.9,0.0
20231203:0511,0.0,0.0,0.0,-7.3,0.83,0.0
20231203:0611,0.0,0.0,0.0,-7.35,0.76,0.0
20231203:0711,0.0,0.0,0.0,-7.13,0.76,0.0
20231203:0811,0.0,0.0,0.0,-7.17,0.62,0.0
20231203:0911,1.68,6.12,2.38,-7.14,0.55,0.0
20231203:1011,546.42,114.39,6.83,-6.44,0.48,0.0
20231203:1111,1250.82,241.48,9.58,-5.4,0.34,0.0
20231203:1211,950.04,187.96,10.44,-4.52,0.21,0.0
20231203:1311,785.04,158.6,9.31,-4.06,0.07,0.0
20231203:1411,724.14,147.96,6.31,-3.92,0.14,0.0
20231203:1511,0.0,0.87,1.65,-4.12,0.14,0.0
20231203:1611,0.0,0.0,0.0,-4.6,0.0,0.0
20231203:1711,0.0,0.0,0.0,-4.58,0.0,0.0
20231203:1811,0.0,0.0,0.0,-4.18,0.07,0.0
20231203:1911,0.0,0.0,0.0,-3.47,0.28,0.0
20231203:2011,0.0,0.0,0.0,-3.21,0.41,0.0
20231203:2111,0.0,0.0,0.0,-3.05,0.55,0.0
20231203:2211,0.0,0.0,0.0,-3.05,0.62,0.0
20231203:2311,0.0,0.0,0.0,-3.01,0.69,0.0
20231204:0011,0.0,0.0,0.0,-2.85,0.97,0.0
20231204:0111,0.0,0.0,0.0,-2.54,1.1,0.0
20231204:0211,0.0,0.0,0.0,-2.07,1.38,0.0
20231204:0311,0.0,0.0,0.0,-1.78,1.45,0.0
20231204:0411,0.0,0.0,0.0,-1.56,1.72,0.0
20231204:0511,0.0,0.0,0.0,-1.17,1.86,0.0
20231204:0611,0.0,0.0,0.0,-0.66,2.07,0.0
20231204:0711,0.0,0.0,0.0,0.34,2.9,0.0
20231204:0811,0.0,0.0,0.0,0.64,2.9,0.0
20231204:0911,0.0,1.75,2.22,0.69,2.83,0.0
20231204:1011,25.68,13.91,6.67,1.03,2.69,0.0
20231204:1111,1777.56,343.96,9.43,1.4,3.1,0.0
20231204:1211,1147.26,227.03,10.3,1.53,2.97,0.0
20231204:1311,620.16,131.05,9.19,1.78,3.45,0.0
20231204:1411,2.28,6.49,6.2,1.78,2.69,0.0
20231204:1511,0.0,0.87,1.56,1.58,2.83,0.0
20231204:1611,0.0,0.0,0.0,1.23,2.69,0.0
20231204:1711,0.0,0.0,0.0,1.12,2.55,0.0
20231204:1811,0.0,0.0,0.0,0.95,2.34,0.0
20231204:1911,0.0,0.0,0.0,0.73,2.28,0.0
20231204:2011,0.0,0.0,0.0,0.72,2.21,0.0
20231204:2111,0.0,0.0,0.0,0.74,2.14,0.0
20231204:2211,0.0,0.0,0.0,0.67,1.93,0.0
20231204:2311,0.0,0.0,0.0,0.66,1.79,0.0
20231205:0011,0.0,0.0,0.0,0.66,1.72,0.0
20231205:0111,0.0,0.0,0.0,0.5,1.59,0.0
20231205:0211,0.0,0.0,0.0,0.25,1.52,0.0
20231205:0311,0.0,0.0,0.0,0.16,1.31,0.0
20231205:0411,0.0,0.0,0.0,-0.01,1.17,0.0
20231205:0511,0.0,0.0,0.0,-0.29,1.03,0.0
20231205:0611,0.0,0.0,0.0,-0.55,0.9,0.0
20231205:0711,0.0,0.0,0.0,-0.44,1.03,0.0
20231205:0811,0.0,0.0,0.0,-0.46,0.69,0.0
20231205:0911,0.0,1.75,2.06,-0.52,0.55,0.0
20231205:1011,25.92,13.91,6.52,-0.38,0.55,0.0
20231205:1111,363.54,83.47,9.29,-0.14,0.48,0.0
20231205:1211,170.4,46.36,10.17,0.11,0.48,0.0
20231205:1311,388.68,88.24,9.07,0.1,0.34,0.0
20231205:1411,29.28,14.83,6.1,0.0,0.41,0.0
20231205:1511,0.0,0.87,1.48,-0.52,0.34,0.0
20231205:1611,0.0,0.0,0.0,-1.45,0.55,0.0
20231205:1711,0.0,0.0,0.0,-2.21,0.76,0.0
20231205:1811,0.0,0.0,0.0,-2.76,0.97,0.0
20231205:1911,0.0,0.0,0.0,-3.1,1.1,0.0
20231205:2011,0.0,0.0,0.0,-3.61,1.1,0.0
20231205:2111,0.0,0.0,0.0,-4.03,1.1,0.0
20231205:2211,0.0,0.0,0.0,-4.74,1.1,0.0
20231205:2311,0.0,0.0,0.0,-4.97,1.17,0.0
20231206:0011,0.0,0.0,0.0,-5.15,1.17,0.0
20231206:0111,0.0,0.0,0.0,-5.22,1.1,0.0
20231206:0211,0.0,0.0,0.0,-5.38,1.17,0.0
20231206:0311,0.0,0.0,0.0,-5.39,1.1,0.0
20231206:0411,0.0,0.0,0.0,-5.54,1.17,0.0
20231206:0511,0.0,0.0,0.0,-5.65,1.17,0.0
20231206:0611,0.0,0.0,0.0,-5.51,1.1,0.0
20231206:0711,0.0,0.0,0.0,-5.78,1.17,0.0
20231206:0811,0.0,0.0,0.0,-6.13,1.17,0.0
20231206:0911,0.0,0.87,1.91,-6.26,1.1,0.0
20231206:1011,125.04,36.03,6.37,-5.62,1.03,0.0
20231206:1111,247.32,60.36,9.15,-4.44,0.97,0.0
20231206:1211,303.42,71.24,10.04,-3.39,0.9,0.0
20231206:1311,327.6,75.97,8.96,-2.49,0.83,0.0
20231206:1411,336.42,77.68,6.01,-1.84,0.83,0.0
20231206:1511,0.0,0.87,1.4,-1.69,1.03,0.0
20231206:1611,0.0,0.0,0.0,-2.03,1.45,0.0
20231206:1711,0.0,0.0,0.0,-1.87,1.86,0.0
20231206:1811,0.0,0.0,0.0,-1.7,2.21,0.0
20231206:1911,0.0,0.0,0.0,-1.21,2.48,0.0
20231206:2011,0.0,0.0,0.0,-0.5,2.76,0.0
20231206:2111,0.0,0.0,0.0,0.13,2.9,0.0
20231206:2211,0.0,0.0,0.0,0.66,3.24,0.0
20231206:2311,0.0,0.0,0.0,0.93,3.45,0.0
20231207:0011,0.0,0.0,0.0,0.99,3.66,0.0
20231207:0111,0.0,0.0,0.0,1.22,3.72,0.0
20231207:0211,0.0,0.0,0.0,1.41,3.72,0.0
20231207:0311,0.0,0.0,0.0,1.51,3.66,0.0
20231207:0411,0.0,0.0,0.0,1.67,3.52,0.0
20231207:0511,0.0,0.0,0.0,1.8,3.45,0.0
20231207:0611,0.0,0.0,0.0,1.95,3.66,0.0
20231207:0711,0.0,0.0,0.0,2.58,3.93,0.0
20231207:0811,0.0,0.0,0.0,2.85,4.0,0.0
20231207:0911,0.0,0.87,1.77,3.19,4.28,0.0
20231207:1011,111.24,34.25,6.23,3.7,4.62,0.0
20231207:1111,115.02,35.23,9.03,4.02,4.97,0.0
20231207:1211,57.66,22.25,9.93,4.26,4.97,0.0
20231207:1311,28.5,14.83,8.86,4.3,4.76,0.0
20231207:1411,12.66,10.2,5.92,4.22,4.62,0.0
20231207:1511,0.0,0.0,0.0,4.07,4.55,0.0
20231207:1611,0.0,0.0,0.0,4.03,4.55,0.0
20231207:1711,0.0,0.0,0.0,4.07,4.69,0.0
20231207:1811,0.0,0.0,0.0,3.94,4.62,0.0
20231207:1911,0.0,0.0,0.0,4.18,4.55,0.0
20231207:2011,0.0,0.0,0.0,3.91,4.34,0.0
20231207:2111,0.0,0.0,0.0,3.58,4.14,0.0
20231207:2211,0.0,0.0,0.0,3.29,3.72,0.0
20231207:2311,0.0,0.0,0.0,3.04,3.17,0.0
20231208:0011,0.0,0.0,0.0,3.0,2.41,0.0
20231208:0111,0.0,0.0,0.0,2.83,1.93,0.0
20231208:0211,0.0,0.0,0.0,2.73,1.66,0.0
20231208:0311,0.0,0.0,0.0,2.42,1.45,0.0
20231208:0411,0.0,0.0,0.0,1.98,1.38,0.0
20231208:0511,0.0,0.0,0.0,1.64,1.31,0.0
20231208:0611,0.0,0.0,0.0,1.21,1.38,0.0
20231208:0711,0.0,0.0,0.0,1.06,1.45,0.0
20231208:0811,0.0,0.0,0.0,1.27,1.31,0.0
20231208:0911,0.0,0.87,1.63,1.56,1.31,0.0
20231208:1011,70.14,25.03,6.1,1.98,1.38,0.0
20231208:1111,913.26,186.23,8.9,3.01,1.45,0.0
20231208:1211,254.34,63.71,9.82,3.92,1.59,0.0
20231208:1311,210.3,55.02,8.77,4.61,1.79,0.0
20231208:1411,35.34,16.69,5.84,4.76,1.93,0.0
20231208:1511,0.0,0.0,0.0,4.63,2.07,0.0
20231208:1611,0.0,0.0,0.0,4.4,1.93,0.0
20231208:1711,0.0,0.0,0.0,4.14,1.93,0.0
20231208:1811,0.0,0.0,0.0,4.06,1.86,0.0
20231208:1911,0.0,0.0,0.0,4.42,2.07,0.0
20231208:2011,0.0,0.0,0.0,4.49,2.14,0.0
20231208:2111,0.0,0.0,0.0,4.56,2.21,0.0
20231208:2211,0.0,0.0,0.0,4.73,2.21,0.0
20231208:2311,0.0,0.0,0.0,4.7,2.07,0.0
20231209:0011,0.0,0.0,0.0,4.75,2.07,0.0
20231209:0111,0.0,0.0,0.0,4.74,2.28,0.0
20231209:0211,0.0,0.0,0.0,4.66,2.34,0.0
20231209:0311,0.0,0.0,0.0,4.53,2.28,0.0
20231209:0411,0.0,0.0,0.0,4.3,2.28,0.0
20231209:0511,0.0,0.0,0.0,4.17,1.93,0.0
20231209:0611,0.0,0.0,0.0,3.98,1.66,0.0
20231209:0711,0.0,0.0,0.0,4.57,1.66,0.0
20231209:0811,0.0,0.0,0.0,4.73,1.72,0.0
20231209:0911,0.0,0.87,1.5,4.8,1.66,0.0
20231209:1011,38.82,17.62,5.98,4.83,1.45,0.0
20231209:1111,929.22,190.8,8.79,5.03,1.45,0.0
20231209:1211,1011.12,206.38,9.71,5.43,1.52,0.0
20231209:1311,366.24,85.66,8.68,5.63,1.66,0.0
20231209:1411,556.74,121.77,5.77,5.69,1.86,0.0
20231209:1511,0.0,0.0,0.0,5.38,2.14,0.0
20231209:1611,0.0,0.0,0.0,5.21,2.14,0.0
20231209:1711,0.0,0.0,0.0,5.17,2.07,0.0
20231209:1811,0.0,0.0,0.0,5.19,2.0,0.0
20231209:1911,0.0,0.0,0.0,5.06,1.38,0.0
20231209:2011,0.0,0.0,0.0,4.76,1.1,0.0
20231209:2111,0.0,0.0,0.0,4.28,0.97,0.0
20231209:2211,0.0,0.0,0.0,4.6,0.69,0.0
20231209:2311,0.0,0.0,0.0,5.05,0.34,0.0
20231210:0011,0.0,0.0,0.0,4.88,0.62,0.0
20231210:0111,0.0,0.0,0.0,4.02,0.76,0.0
20231210:0211,0.0,0.0,0.0,3.16,1.03,0.0
20231210:0311,0.0,0.0,0.0,2.85,1.03,0.0
20231210:0411,0.0,0.0,0.0,2.21,1.17,0.0
20231210:0511,0.0,0.0,0.0,2.0,1.03,0.0
20231210:0611,0.0,0.0,0.0,1.79,1.1,0.0
20231210:0711,0.0,0.0,0.0,2.71,1.45,0.0
20231210:0811,0.0,0.0,0.0,3.03,1.45,0.0
20231210:0911,0.0,0.87,1.37,3.08,1.38,0.0
20231210:1011,50.28,20.4,5.86,3.36,1.31,0.0
20231210:1111,136.44,39.87,8.68,3.82,1.24,0.0
20231210:1211,50.04,20.4,9.62,4.17,1.31,0.0
20231210:1311,42.54,18.54,8.6,4.52,1.38,0.0
20231210:1411,12.6,10.2,5.71,4.52,1.45,0.0
20231210:1511,0.0,0.0,0.0,4.38,1.52,0.0
20231210:1611,0.0,0.0,0.0,4.18,1.59,0.0
20231210:1711,0.0,0.0,0.0,4.1,1.93,0.0
20231210:1811,0.0,0.0,0.0,4.1,2.41,0.0
20231210:1911,0.0,0.0,0.0,4.11,2.76,0.0
20231210:2011,0.0,0.0,0.0,3.97,2.48,0.0
20231210:2111,0.0,0.0,0.0,3.81,2.28,0.0
20231210:2211,0.0,0.0,0.0,3.7,2.14,0.0
20231210:2311,0.0,0.0,0.0,3.63,2.14,0.0
20231211:0011,0.0,0.0,0.0,3.61,2.21,0.0
20231211:0111,0.0,0.0,0.0,3.48,2.55,0.0
20231211:0211,0.0,0.0,0.0,3.47,2.48,0.0
20231211:0311,0.0,0.0,0.0,3.47,2.62,0.0
20231211:0411,0.0,0.0,0.0,3.39,2.55,0.0
20231211:0511,0.0,0.0,0.0,3.38,2.62,0.0
20231211:0611,0.0,0.0,0.0,3.27,2.55,0.0
20231211:0711,0.0,0.0,0.0,3.43,2.48,0.0
20231211:0811,0.0,0.0,0.0,3.35,2.14,0.0
20231211:0911,0.0,0.0,0.0,3.33,2.0,0.0
20231211:1011,12.72,10.2,5.75,3.36,2.0,0.0
20231211:1111,185.64,49.89,8.58,3.55,2.48,0.0
20231211:1211,241.98,61.14,9.53,3.67,2.28,0.0
20231211:1311,132.24,38.94,8.53,3.69,2.0,0.0
20231211:1411,9.84,9.27,5.65,3.69,1.79,0.0
20231211:1511,0.0,0.0,0.0,3.15,1.66,0.0
20231211:1611,0.0,0.0,0.0,2.55,1.72,0.0
20231211:1711,0.0,0.0,0.0,2.35,1.79,0.0
20231211:1811,0.0,0.0,0.0,2.32,1.79,0.0
20231211:1911,0.0,0.0,0.0,2.91,2.07,0.0
20231211:2011,0.0,0.0,0.0,2.82,2.28,0.0
20231211:2111,0.0,0.0,0.0,2.91,2.28,0.0
20231211:2211,0.0,0.0,0.0,2.95,2.14,0.0
20231211:2311,0.0,0.0,0.0,2.91,2.28,0.0
20231212:0011,0.0,0.0,0.0,2.96,2.55,0.0
20231212:0111,0.0,0.0,0.0,2.84,2.76,0.0
20231212:0211,0.0,0.0,0.0,2.81,2.9,0.0
20231212:0311,0.0,0.0,0.0,2.84,3.03,0.0
20231212:0411,0.0,0.0,0.0,2.94,3.17,0.0
20231212:0511,0.0,0.0,0.0,3.08,3.17,0.0
20231212:0611,0.0,0.0,0.0,3.12,3.17,0.0
20231212:0711,0.0,0.0,0.0,3.58,3.17,0.0
20231212:0811,0.0,0.0,0.0,3.61,3.03,0.0
20231212:0911,0.0,0.0,0.0,3.72,2.97,0.0
20231212:1011,28.56,14.83,5.64,3.86,2.83,0.0
20231212:1111,53.88,21.32,8.49,3.95,2.83,0.0
20231212:1211,149.7,42.65,9.45,3.95,2.83,0.0
20231212:1311,25.2,13.91,8.46,3.92,2.76,0.0
20231212:1411,96.06,30.95,5.6,3.83,2.76,0.0
20231212:1511,0.0,0.0,0.0,3.68,2.55,0.0
20231212:1611,0.0,0.0,0.0,3.54,2.69,0.0
20231212:1711,0.0,0.0,0.0,3.42,2.55,0.0
20231212:1811,0.0,0.0,0.0,3.38,2.41,0.0
20231212:1911,0.0,0.0,0.0,3.34,2.41,0.0
20231212:2011,0.0,0.0,0.0,3.08,2.14,0.0
20231212:2111,0.0,0.0,0.0,2.85,2.07,0.0
20231212:2211,0.0,0.0,0.0,2.75,1.86,0.0
20231212:2311,0.0,0.0,0.0,2.54,1.86,0.0
20231213:0011,0.0,0.0,0.0,2.31,1.72,0.0
20231213:0111,0.0,0.0,0.0,2.27,1.66,0.0
20231213:0211,0.0,0.0,0.0,1.97,1.52,0.0
20231213:0311,0.0,0.0,0.0,2.11,1.38,0.0
20231213:0411,0.0,0.0,0.0,1.81,1.1,0.0
20231213:0511,0.0,0.0,0.0,1.86,1.1,0.0
20231213:0611,0.0,0.0,0.0,1.84,0.76,0.0
20231213:0711,0.0,0.0,0.0,1.6,0.69,0.0
20231213:0811,0.0,0.0,0.0,1.42,0.69,0.0
20231213:0911,0.0,0.0,0.0,1.11,0.9,0.0
20231213:1011,153.78,42.88,5.55,1.3,0.76,0.0
20231213:1111,2209.56,434.22,8.4,1.69,1.1,0.0
20231213:1211,2227.98,436.16,9.38,1.82,1.52,0.0
20231213:1311,1607.4,315.31,8.41,2.19,1.66,0.0
20231213:1411,1483.32,292.53,5.56,2.43,2.14,0.0
20231213:1511,0.0,0.0,0.0,2.28,2.28,0.0
20231213:1611,0.0,0.0,0.0,1.69,2.48,0.0
20231213:1711,0.0,0.0,0.0,1.2,2.83,0.0
20231213:1811,0.0,0.0,0.0,1.07,3.1,0.0
20231213:1911,0.0,0.0,0.0,1.26,3.24,0.0
20231213:2011,0.0,0.0,0.0,1.35,3.59,0.0
20231213:2111,0.0,0.0,0.0,1.77,4.14,0.0
20231213:2211,0.0,0.0,0.0,2.12,4.48,0.0
20231213:2311,0.0,0.0,0.0,2.56,4.69,0.0
20231214:0011,0.0,0.0,0.0,2.78,4.9,0.0
20231214:0111,0.0,0.0,0.0,3.14,5.03,0.0
20231214:0211,0.0,0.0,0.0,3.49,5.03,0.0
20231214:0311,0.0,0.0,0.0,3.84,4.76,0.0
20231214:0411,0.0,0.0,0.0,4.36,4.14,0.0
20231214:0511,0.0,0.0,0.0,4.9,3.66,0.0
20231214:0611,0.0,0.0,0.0,4.81,3.52,0.0
20231214:0711,0.0,0.0,0.0,5.2,3.59,0.0
20231214:0811,0.0,0.0,0.0,5.28,3.93,0.0
20231214:0911,0.0,0.0,0.0,5.25,4.07,0.0
20231214:1011,270.24,66.75,5.46,5.33,4.07,0.0
20231214:1111,394.92,90.77,8.32,5.53,4.14,0.0
20231214:1211,2136.78,418.31,9.32,5.86,4.34,0.0
20231214:1311,113.76,35.23,8.36,6.07,4.28,0.0
20231214:1411,0.0,5.56,5.52,6.05,4.14,0.0
20231214:1511,0.0,0.0,0.0,5.6,3.79,0.0
20231214:1611,0.0,0.0,0.0,5.32,3.59,0.0
20231214:1711,0.0,0.0,0.0,5.22,3.52,0.0
20231214:1811,0.0,0.0,0.0,5.1,3.52,0.0
20231214:1911,0.0,0.0,0.0,5.8,4.07,0.0
20231214:2011,0.0,0.0,0.0,5.89,4.21,0.0
20231214:2111,0.0,0.0,0.0,5.79,4.28,0.0
20231214:2211,0.0,0.0,0.0,5.92,4.41,0.0
20231214:2311,0.0,0.0,0.0,6.03,4.41,0.0
20231215:0011,0.0,0.0,0.0,6.12,4.28,0.0
20231215:0111,0.0,0.0,0.0,6.11,4.14,0.0
20231215:0211,0.0,0.0,0.0,6.24,4.14,0.0
20231215:0311,0.0,0.0,0.0,6.19,3.93,0.0
20231215:0411,0.0,0.0,0.0,6.14,3.86,0.0
20231215:0511,0.0,0.0,0.0,6.06,3.79,0.0
20231215:0611,0.0,0.0,0.0,6.09,3.86,0.0
20231215:0711,0.0,0.0,0.0,6.3,4.14,0.0
20231215:0811,0.0,0.0,0.0,6.23,4.07,0.0
20231215:0911,0.0,0.0,0.0,6.26,4.07,0.0
20231215:1011,42.06,18.54,5.37,6.68,4.21,0.0
20231215:1111,108.9,34.3,8.25,7.16,4.48,0.0
20231215:1211,68.16,25.03,9.26,7.51,4.9,0.0
20231215:1311,196.5,52.73,8.32,7.75,5.17,0.0
20231215:1411,0.0,5.56,5.5,8.06,5.93,0.0
20231215:1511,0.0,0.0,0.0,8.66,6.41,0.0
20231215:1611,0.0,0.0,0.0,9.17,6.69,0.0
20231215:1711,0.0,0.0,0.0,9.23,6.83,0.0
20231215:1811,0.0,0.0,0.0,9.15,6.83,0.0
20231215:1911,0.0,0.0,0.0,9.45,6.62,0.0
20231215:2011,0.0,0.0,0.0,9.44,6.55,0.0
20231215:2111,0.0,0.0,0.0,9.43,6.34,0.0
20231215:2211,0.0,0.0,0.0,9.39,6.21,0.0
20231215:2311,0.0,0.0,0.0,9.37,6.28,0.0
20231216:0011,0.0,0.0,0.0,9.42,6.28,0.0
20231216:0111,0.0,0.0,0.0,9.46,6.14,0.0
20231216:0211,0.0,0.0,0.0,9.53,6.28,0.0
20231216:0311,0.0,0.0,0.0,9.54,6.48,0.0
20231216:0411,0.0,0.0,0.0,9.43,6.55,0.0
20231216:0511,0.0,0.0,0.0,9.3,6.48,0.0
20231216:0611,0.0,0.0,0.0,9.24,6.55,0.0
20231216:0711,0.0,0.0,0.0,9.7,6.62,0.0
20231216:0811,0.0,0.0,0.0,9.85,6.76,0.0
20231216:0911,0.0,0.0,0.0,9.92,6.9,0.0
20231216:1011,663.54,143.2,5.3,9.97,7.17,0.0
20231216:1111,2069.46,408.66,8.19,10.01,7.38,0.0
20231216:1211,132.66,39.87,9.21,9.87,7.24,0.0
20231216:1311,9.36,9.27,8.28,9.92,7.03,0.0
20231216:1411,15.0,11.13,5.48,9.81,6.55,0.0
20231216:1511,0.0,0.0,0.0,9.7,6.14,0.0
20231216:1611,0.0,0.0,0.0,9.64,5.86,0.0
20231216:1711,0.0,0.0,0.0,9.63,5.72,0.0
20231216:1811,0.0,0.0,0.0,9.59,5.59,0.0
20231216:1911,0.0,0.0,0.0,9.73,5.17,0.0
20231216:2011,0.0,0.0,0.0,9.7,5.1,0.0
20231216:2111,0.0,0.0,0.0,9.61,5.1,0.0
20231216:2211,0.0,0.0,0.0,9.42,5.45,0.0
20231216:2311,0.0,0.0,0.0,9.19,5.79,0.0
20231217:0011,0.0,0.0,0.0,8.98,6.07,0.0
20231217:0111,0.0,0.0,0.0,8.95,6.21,0.0
20231217:0211,0.0,0.0,0.0,8.91,6.21,0.0
20231217:0311,0.0,0.0,0.0,8.96,6.28,0.0
20231217:0411,0.0,0.0,0.0,9.0,6.48,0.0
20231217:0511,0.0,0.0,0.0,8.85,6.76,0.0
20231217:0611,0.0,0.0,0.0,8.7,6.83,0.0
20231217:0711,0.0,0.0,0.0,9.04,6.97,0.0
20231217:0811,0.0,0.0,0.0,9.18,6.97,0.0
20231217:0911,0.0,0.0,0.0,9.33,6.97,0.0
20231217:1011,30.9,15.76,5.23,9.6,6.83,0.0
20231217:1111,115.74,36.16,8.13,9.89,6.69,0.0
20231217:1211,529.2,117.85,9.17,10.14,6.48,0.0
20231217:1311,418.56,96.93,8.26,10.4,6.07,0.0
20231217:1411,48.3,20.4,5.47,10.46,5.52,0.0
20231217:1511,0.0,0.0,0.0,10.36,5.03,0.0
20231217:1611,0.0,0.0,0.0,10.27,4.69,0.0
20231217:1711,0.0,0.0,0.0,10.22,4.41,0.0
20231217:1811,0.0,0.0,0.0,10.2,4.14,0.0
20231217:1911,0.0,0.0,0.0,10.36,3.79,0.0
20231217:2011,0.0,0.0,0.0,10.2,3.38,0.0
20231217:2111,0.0,0.0,0.0,10.0,2.97,0.0
20231217:2211,0.0,0.0,0.0,9.74,2.83,0.0
20231217:2311,0.0,0.0,0.0,9.43,2.76,0.0
20231218:0011,0.0,0.0,0.0,9.22,2.83,0.0
20231218:0111,0.0,0.0,0.0,8.93,2.69,0.0
20231218:0211,0.0,0.0,0.0,8.74,2.41,0.0
20231218:0311,0.0,0.0,0.0,8.57,2.21,0.0
20231218:0411,0.0,0.0,0.0,8.37,2.0,0.0
20231218:0511,0.0,0.0,0.0,8.26,1.86,0.0
20231218:0611,0.0,0.0,0.0,8.32,1.72,0.0
20231218:0711,0.0,0.0,0.0,8.97,1.72,0.0
20231218:0811,0.0,0.0,0.0,9.13,1.79,0.0
20231218:0911,0.0,0.0,0.0,9.09,2.21,0.0
20231218:1011,350.76,83.56,5.17,8.88,2.97,0.0
20231218:1111,15.12,11.13,8.08,8.47,3.66,0.0
20231218:1211,100.08,32.45,9.13,8.05,4.21,0.0
20231218:1311,249.12,63.34,8.24,7.85,4.69,0.0
20231218:1411,0.0,5.56,5.46,7.72,5.24,0.0
20231218:1511,0.0,0.0,0.0,7.39,5.38,0.0
20231218:1611,0.0,0.0,0.0,7.03,5.52,0.0
20231218:1711,0.0,0.0,0.0,6.87,5.17,0.0
20231218:1811,0.0,0.0,0.0,5.86,4.76,0.0
20231218:1911,0.0,0.0,0.0,6.26,4.14,0.0
20231218:2011,0.0,0.0,0.0,5.58,3.93,0.0
20231218:2111,0.0,0.0,0.0,4.92,3.59,0.0
20231218:2211,0.0,0.0,0.0,4.33,3.38,0.0
20231218:2311,0.0,0.0,0.0,3.69,3.24,0.0
20231219:0011,0.0,0.0,0.0,3.15,3.1,0.0
20231219:0111,0.0,0.0,0.0,2.84,3.17,0.0
20231219:0211,0.0,0.0,0.0,2.78,3.17,0.0
20231219:0311,0.0,0.0,0.0,2.37,3.24,0.0
20231219:0411,0.0,0.0,0.0,2.26,3.66,0.0
20231219:0511,0.0,0.0,0.0,2.35,4.0,0.0
20231219:0611,0.0,0.0,0.0,2.72,4.48,0.0
20231219:0711,0.0,0.0,0.0,3.18,4.55,0.0
20231219:0811,0.0,0.0,0.0,3.53,4.83,0.0
20231219:0911,0.0,0.0,0.0,3.73,5.03,0.0
20231219:1011,1045.5,210.19,5.11,3.79,4.9,0.0
20231219:1111,1366.62,268.44,8.04,3.99,5.24,0.0
20231219:1211,593.16,127.06,9.11,4.42,5.52,0.0
20231219:1311,1028.58,206.67,8.23,4.6,5.72,0.0
20231219:1411,360.54,83.77,5.47,4.54,5.79,0.0
20231219:1511,0.0,0.0,0.0,4.2,5.66,0.0
20231219:1611,0.0,0.0,0.0,3.89,5.17,0.0
20231219:1711,0.0,0.0,0.0,3.7,5.24,0.0
20231219:1811,0.0,0.0,0.0,3.76,5.24,0.0
20231219:1911,0.0,0.0,0.0,4.23,5.1,0.0
20231219:2011,0.0,0.0,0.0,3.99,4.9,0.0
20231219:2111,0.0,0.0,0.0,4.15,4.97,0.0
20231219:2211,0.0,0.0,0.0,4.17,5.24,0.0
20231219:2311,0.0,0.0,0.0,3.85,5.17,0.0
20231220:0011,0.0,0.0,0.0,3.2,5.17,0.0
20231220:0111,0.0,0.0,0.0,2.85,4.83,0.0
20231220:0211,0.0,0.0,0.0,2.63,4.69,0.0
20231220:0311,0.0,0.0,0.0,2.6,4.55,0.0
20231220:0411,0.0,0.0,0.0,2.52,4.28,0.0
20231220:0511,0.0,0.0,0.0,2.64,4.21,0.0
20231220:0611,0.0,0.0,0.0,2.69,4.0,0.0
20231220:0711,0.0,0.0,0.0,3.09,3.79,0.0
20231220:0811,0.0,0.0,0.0,3.28,3.52,0.0
20231220:0911,0.0,0.0,0.0,3.59,3.17,0.0
20231220:1011,0.0,4.64,5.07,4.44,3.52,0.0
20231220:1111,53.34,21.32,8.01,5.83,4.55,0.0
20231220:1211,49.32,20.4,9.09,6.9,5.17,0.0
20231220:1311,68.22,25.03,8.22,7.34,5.1,0.0
20231220:1411,60.42,23.18,5.48,7.49,4.9,0.0
20231220:1511,0.0,0.0,0.0,7.64,4.83,0.0
20231220:1611,0.0,0.0,0.0,7.65,4.76,0.0
20231220:1711,0.0,0.0,0.0,7.79,4.97,0.0
20231220:1811,0.0,0.0,0.0,7.89,5.17,0.0
20231220:1911,0.0,0.0,0.0,7.68,5.45,0.0
20231220:2011,0.0,0.0,0.0,7.79,5.72,0.0
20231220:2111,0.0,0.0,0.0,7.93,6.14,0.0
20231220:2211,0.0,0.0,0.0,8.1,6.83,0.0
20231220:2311,0.0,0.0,0.0,7.64,6.76,0.0
20231221:0011,0.0,0.0,0.0,7.42,6.69,0.0
20231221:0111,0.0,0.0,0.0,7.39,6.34,0.0
20231221:0211,0.0,0.0,0.0,7.67,6.55,0.0
20231221:0311,0.0,0.0,0.0,7.93,7.38,0.0
20231221:0411,0.0,0.0,0.0,7.95,8.21,0.0
20231221:0511,0.0,0.0,0.0,7.04,8.0,0.0
20231221:0611,0.0,0.0,0.0,6.59,7.59,0.0
20231221:0711,0.0,0.0,0.0,5.91,6.97,0.0
20231221:0811,0.0,0.0,0.0,5.16,7.03,0.0
20231221:0911,0.0,0.0,0.0,4.58,6.69,0.0
20231221:1011,190.56,50.7,5.03,4.27,6.55,0.0
20231221:1111,32.04,15.76,7.98,3.97,6.21,0.0
20231221:1211,39.18,17.62,9.08,3.7,6.41,0.0
20231221:1311,211.14,54.81,8.23,3.46,5.59,0.0
20231221:1411,61.86,23.18,5.5,3.36,5.72,0.0
20231221:1511,0.0,0.0,0.0,3.0,5.52,0.0
20231221:1611,0.0,0.0,0.0,2.39,5.24,0.0
20231221:1711,0.0,0.0,0.0,2.11,4.97,0.0
20231221:1811,0.0,0.0,0.0,2.19,4.69,0.0
20231221:1911,0.0,0.0,0.0,2.5,4.83,0.0
20231221:2011,0.0,0.0,0.0,2.34,4.62,0.0
20231221:2111,0.0,0.0,0.0,2.27,4.41,0.0
20231221:2211,0.0,0.0,0.0,2.28,4.07,0.0
20231221:2311,0.0,0.0,0.0,2.39,3.86,0.0
20231222:0011,0.0,0.0,0.0,2.08,3.45,0.0
20231222:0111,0.0,0.0,0.0,2.24,2.97,0.0
20231222:0211,0.0,0.0,0.0,2.48,3.1,0.0
20231222:0311,0.0,0.0,0.0,2.88,3.17,0.0
20231222:0411,0.0,0.0,0.0,3.13,3.38,0.0
20231222:0511,0.0,0.0,0.0,2.94,3.72,0.0
20231222:0611,0.0,0.0,0.0,2.66,3.79,0.0
20231222:0711,0.0,0.0,0.0,4.16,4.48,0.0
20231222:0811,0.0,0.0,0.0,4.01,4.14,0.0
20231222:0911,0.0,0.0,0.0,3.59,3.59,0.0
20231222:1011,0.06,5.56,5.0,3.25,3.79,0.0
20231222:1111,94.32,30.59,7.96,3.1,4.14,0.0
20231222:1211,176.52,47.83,9.08,2.85,4.55,0.0
20231222:1311,160.26,44.45,8.24,2.61,4.34,0.0
20231222:1411,149.4,42.06,5.52,2.48,4.34,0.0
20231222:1511,0.0,0.0,0.0,2.06,4.0,0.0
20231222:1611,0.0,0.0,0.0,1.7,3.66,0.0
20231222:1711,0.0,0.0,0.0,1.66,3.31,0.0
20231222:1811,0.0,0.0,0.0,1.6,2.97,0.0
20231222:1911,0.0,0.0,0.0,2.09,2.69,0.0
20231222:2011,0.0,0.0,0.0,1.72,2.0,0.0
20231222:2111,0.0,0.0,0.0,1.59,1.45,0.0
20231222:2211,0.0,0.0,0.0,1.23,0.9,0.0
20231222:2311,0.0,0.0,0.0,1.08,0.69,0.0
20231223:0011,0.0,0.0,0.0,1.05,0.48,0.0
20231223:0111,0.0,0.0,0.0,1.25,0.48,0.0
20231223:0211,0.0,0.0,0.0,1.35,0.55,0.0
20231223:0311,0.0,0.0,0.0,1.34,0.76,0.0
20231223:0411,0.0,0.0,0.0,1.31,0.97,0.0
20231223:0511,0.0,0.0,0.0,1.3,1.03,0.0
20231223:0611,0.0,0.0,0.0,1.32,1.1,0.0
20231223:0711,0.0,0.0,0.0,1.54,1.45,0.0
20231223:0811,0.0,0.0,0.0,1.74,1.24,0.0
20231223:0911,0.0,0.0,0.0,1.95,0.97,0.0
20231223:1011,22.14,12.98,4.97,2.29,0.55,0.0
20231223:1111,42.96,18.54,7.95,2.71,0.21,0.0
20231223:1211,50.22,20.4,9.08,3.39,0.69,0.0
20231223:1311,28.5,14.83,8.26,4.4,1.86,0.0
20231223:1411,6.96,8.34,5.56,6.08,3.31,0.0
20231223:1511,0.0,0.0,0.0,7.86,4.41,0.0
20231223:1611,0.0,0.0,0.0,8.4,4.55,0.0
20231223:1711,0.0,0.0,0.0,8.57,4.76,0.0
20231223:1811,0.0,0.0,0.0,8.64,4.55,0.0
20231223:1911,0.0,0.0,0.0,8.94,4.55,0.0
20231223:2011,0.0,0.0,0.0,9.05,4.83,0.0
20231223:2111,0.0,0.0,0.0,9.21,5.24,0.0
20231223:2211,0.0,0.0,0.0,9.56,5.59,0.0
20231223:2311,0.0,0.0,0.0,9.8,5.86,0.0
20231224:0011,0.0,0.0,0.0,9.69,6.07,0.0
20231224:0111,0.0,0.0,0.0,9.02,6.28,0.0
20231224:0211,0.0,0.0,0.0,8.11,6.48,0.0
20231224:0311,0.0,0.0,0.0,7.69,6.55,0.0
20231224:0411,0.0,0.0,0.0,7.76,6.55,0.0
20231224:0511,0.0,0.0,0.0,7.67,6.41,0.0
20231224:0611,0.0,0.0,0.0,7.28,6.55,0.0
20231224:0711,0.0,0.0,0.0,6.64,6.48,0.0
20231224:0811,0.0,0.0,0.0,5.98,6.21,0.0
20231224:0911,0.0,0.0,0.0,6.02,6.48,0.0
20231224:1011,0.0,4.64,4.95,6.21,6.69,0.0
20231224:1111,6.96,8.34,7.95,6.23,6.97,0.0
20231224:1211,122.16,37.08,9.09,6.44,7.24,0.0
20231224:1311,929.28,189.7,8.29,6.74,7.72,0.0
20231224:1411,321.0,76.82,5.6,6.76,8.21,0.0
20231224:1511,0.0,0.0,0.0,6.56,8.14,0.0
20231224:1611,0.0,0.0,0.0,6.26,7.93,0.0
20231224:1711,0.0,0.0,0.0,6.04,6.62,0.0
20231224:1811,0.0,0.0,0.0,4.83,6.0,0.0
20231224:1911,0.0,0.0,0.0,4.31,5.59,0.0
20231224:2011,0.0,0.0,0.0,3.81,5.59,0.0
20231224:2111,0.0,0.0,0.0,3.31,5.31,0.0
20231224:2211,0.0,0.0,0.0,2.83,4.9,0.0
20231224:2311,0.0,0.0,0.0,2.43,4.34,0.0
20231225:0011,0.0,0.0,0.0,2.08,3.93,0.0
20231225:0111,0.0,0.0,0.0,1.75,3.66,0.0
20231225:0211,0.0,0.0,0.0,1.36,3.45,0.0
20231225:0311,0.0,0.0,0.0,1.24,3.38,0.0
20231225:0411,0.0,0.0,0.0,1.22,3.17,0.0
20231225:0511,0.0,0.0,0.0,1.19,2.97,0.0
20231225:0611,0.0,0.0,0.0,0.89,2.55,0.0
20231225:0711,0.0,0.0,0.0,1.1,2.28,0.0
20231225:0811,0.0,0.0,0.0,1.27,2.0,0.0
20231225:0911,0.0,0.0,0.0,1.1,1.86,0.0
20231225:1011,36.12,16.69,4.94,1.17,1.45,0.0
20231225:1111,19.08,12.05,7.96,1.22,1.03,0.0
20231225:1211,12.84,10.2,9.11,1.93,1.03,0.0
20231225:1311,107.46,33.38,8.32,1.85,1.03,0.0
20231225:1411,28.98,14.83,5.65,1.48,1.24,0.0
20231225:1511,0.0,0.0,0.0,0.8,1.52,0.0
20231225:1611,0.0,0.0,0.0,0.5,1.72,0.0
20231225:1711,0.0,0.0,0.0,0.27,1.86,0.0
20231225:1811,0.0,0.0,0.0,0.15,1.86,0.0
20231225:1911,0.0,0.0,0.0,0.3,2.0,0.0
20231225:2011,0.0,0.0,0.0,0.25,1.79,0.0
20231225:2111,0.0,0.0,0.0,0.15,1.45,0.0
20231225:2211,0.0,0.0,0.0,-0.1,1.17,0.0
20231225:2311,0.0,0.0,0.0,-0.41,1.31,0.0
20231226:0011,0.0,0.0,0.0,-0.81,1.66,0.0
20231226:0111,0.0,0.0,0.0,-1.32,2.14,0.0
20231226:0211,0.0,0.0,0.0,-1.2,2.34,0.0
20231226:0311,0.0,0.0,0.0,-1.13,2.55,0.0
20231226:0411,0.0,0.0,0.0,-1.17,2.69,0.0
20231226:0511,0.0,0.0,0.0,-1.21,2.76,0.0
20231226:0611,0.0,0.0,0.0,-1.18,2.76,0.0
20231226:0711,0.0,0.0,0.0,-0.92,2.76,0.0
20231226:0811,0.0,0.0,0.0,-0.96,2.69,0.0
20231226:0911,0.0,0.0,0.0,-0.99,2.62,0.0
20231226:1011,1262.46,247.41,4.94,-0.68,2.48,0.0
20231226:1111,1201.08,235.93,7.97,0.0,2.21,0.0
20231226:1211,1344.06,263.41,9.14,0.87,1.93,0.0
20231226:1311,1679.52,327.43,8.36,1.27,1.79,0.0
20231226:1411,568.32,121.58,5.7,1.18,1.72,0.0
20231226:1511,0.0,0.0,0.0,0.45,1.86,0.0
20231226:1611,0.0,0.0,0.0,-0.58,1.86,0.0
20231226:1711,0.0,0.0,0.0,-1.79,1.59,0.0
20231226:1811,0.0,0.0,0.0,-3.12,1.59,0.0
20231226:1911,0.0,0.0,0.0,-2.9,1.31,0.0
20231226:2011,0.0,0.0,0.0,-2.75,1.03,0.0
20231226:2111,0.0,0.0,0.0,-3.03,1.1,0.0
20231226:2211,0.0,0.0,0.0,-3.08,1.24,0.0
20231226:2311,0.0,0.0,0.0,-2.38,1.24,0.0
20231227:0011,0.0,0.0,0.0,-1.68,1.66,0.0
20231227:0111,0.0,0.0,0.0,-0.64,2.07,0.0
20231227:0211,0.0,0.0,0.0,0.13,2.83,0.0
20231227:0311,0.0,0.0,0.0,0.67,3.45,0.0
20231227:0411,0.0,0.0,0.0,1.21,4.0,0.0
20231227:0511,0.0,0.0,0.0,1.6,4.62,0.0
20231227:0611,0.0,0.0,0.0,1.41,5.17,0.0
20231227:0711,0.0,0.0,0.0,1.72,5.59,0.0
20231227:0811,0.0,0.0,0.0,1.65,6.07,0.0
20231227:0911,0.0,0.0,0.0,1.6,6.55,0.0
20231227:1011,15.9,11.13,4.95,1.66,6.69,0.0
20231227:1111,28.98,14.83,7.99,1.79,6.9,0.0
20231227:1211,12.9,10.2,9.18,1.88,7.1,0.0
20231227:1311,22.26,12.98,8.42,1.86,6.41,0.0
20231227:1411,4.68,7.42,5.77,1.91,5.17,0.0
20231227:1511,0.0,0.0,0.0,2.23,2.55,0.0
20231227:1611,0.0,0.0,0.0,2.14,0.62,0.0
20231227:1711,0.0,0.0,0.0,2.07,2.0,0.0
20231227:1811,0.0,0.0,0.0,2.71,3.24,0.0
20231227:1911,0.0,0.0,0.0,3.66,4.0,0.0
20231227:2011,0.0,0.0,0.0,3.05,4.76,0.0
20231227:2111,0.0,0.0,0.0,3.33,5.17,0.0
20231227:2211,0.0,0.0,0.0,3.72,5.59,0.0
20231227:2311,0.0,0.0,0.0,3.96,5.59,0.0
20231228:0011,0.0,0.0,0.0,3.9,5.59,0.0
20231228:0111,0.0,0.0,0.0,3.74,5.52,0.0
20231228:0211,0.0,0.0,0.0,3.67,5.59,0.0
20231228:0311,0.0,0.0,0.0,3.9,5.72,0.0
20231228:0411,0.0,0.0,0.0,4.14,6.0,0.0
20231228:0511,0.0,0.0,0.0,4.12,6.0,0.0
20231228:0611,0.0,0.0,0.0,4.11,5.79,0.0
20231228:0711,0.0,0.0,0.0,4.25,5.17,0.0
20231228:0811,0.0,0.0,0.0,4.18,4.9,0.0
20231228:0911,0.0,0.0,0.0,3.97,4.83,0.0
20231228:1011,2.16,6.49,4.96,3.98,4.9,0.0
20231228:1111,608.58,129.72,8.02,3.99,4.83,0.0
20231228:1211,2505.6,486.35,9.22,4.38,4.97,0.0
20231228:1311,2351.7,458.13,8.47,4.9,4.69,0.0
20231228:1411,57.42,22.25,5.84,4.93,4.28,0.0
20231228:1511,0.0,0.87,1.51,4.56,4.14,0.0
20231228:1611,0.0,0.0,0.0,4.03,4.41,0.0
20231228:1711,0.0,0.0,0.0,3.94,4.07,0.0
20231228:1811,0.0,0.0,0.0,3.62,3.31,0.0
20231228:1911,0.0,0.0,0.0,2.73,2.83,0.0
20231228:2011,0.0,0.0,0.0,3.04,2.69,0.0
20231228:2111,0.0,0.0,0.0,3.33,2.55,0.0
20231228:2211,0.0,0.0,0.0,3.47,2.14,0.0
20231228:2311,0.0,0.0,0.0,3.51,1.59,0.0
20231229:0011,0.0,0.0,0.0,3.16,0.9,0.0
20231229:0111,0.0,0.0,0.0,3.12,1.31,0.0
20231229:0211,0.0,0.0,0.0,2.93,2.41,0.0
20231229:0311,0.0,0.0,0.0,2.52,2.34,0.0
20231229:0411,0.0,0.0,0.0,2.12,1.93,0.0
20231229:0511,0.0,0.0,0.0,1.76,1.79,0.0
20231229:0611,0.0,0.0,0.0,1.35,2.0,0.0
20231229:0711,0.0,0.0,0.0,1.51,1.93,0.0
20231229:0811,0.0,0.0,0.0,0.99,2.0,0.0
20231229:0911,0.0,0.0,0.0,0.59,2.07,0.0
20231229:1011,13.02,10.2,4.98,0.38,2.0,0.0
20231229:1111,1574.4,306.53,8.05,0.73,1.93,0.0
20231229:1211,2145.54,416.75,9.27,1.37,2.14,0.0
20231229:1311,1172.28,232.45,8.54,1.79,2.14,0.0
20231229:1411,990.0,199.35,5.92,1.82,2.28,0.0
20231229:1511,0.0,0.87,1.6,1.5,2.28,0.0
20231229:1611,0.0,0.0,0.0,0.56,2.28,0.0
20231229:1711,0.0,0.0,0.0,0.28,2.28,0.0
20231229:1811,0.0,0.0,0.0,0.15,2.34,0.0
20231229:1911,0.0,0.0,0.0,-0.01,2.55,0.0
20231229:2011,0.0,0.0,0.0,0.43,2.55,0.0
20231229:2111,0.0,0.0,0.0,0.5,2.55,0.0
20231229:2211,0.0,0.0,0.0,0.58,2.62,0.0
20231229:2311,0.0,0.0,0.0,0.85,2.55,0.0
20231230:0011,0.0,0.0,0.0,0.94,2.55,0.0
20231230:0111,0.0,0.0,0.0,0.98,2.41,0.0
20231230:0211,0.0,0.0,0.0,0.81,2.21,0.0
20231230:0311,0.0,0.0,0.0,0.61,1.93,0.0
20231230:0411,0.0,0.0,0.0,0.21,1.79,0.0
20231230:0511,0.0,0.0,0.0,-0.52,1.45,0.0
20231230:0611,0.0,0.0,0.0,-1.31,1.45,0.0
20231230:0711,0.0,0.0,0.0,-1.74,1.24,0.0
20231230:0811,0.0,0.0,0.0,-1.58,0.9,0.0
20231230:0911,0.0,0.0,0.0,-1.26,1.45,0.0
20231230:1011,22.56,12.98,5.01,-0.28,1.59,0.0
20231230:1111,32.64,15.76,8.1,0.71,2.28,0.0
20231230:1211,50.76,20.4,9.33,1.68,3.52,0.0
20231230:1311,39.48,17.62,8.61,2.19,4.34,0.0
20231230:1411,9.96,9.27,6.0,1.96,4.9,0.0
20231230:1511,0.0,0.87,1.7,1.38,5.03,0.0
20231230:1611,0.0,0.0,0.0,1.1,4.97,0.0
20231230:1711,0.0,0.0,0.0,1.2,4.76,0.0
20231230:1811,0.0,0.0,0.0,1.53,4.07,0.0
20231230:1911,0.0,0.0,0.0,2.62,2.48,0.0
20231230:2011,0.0,0.0,0.0,2.6,1.93,0.0
20231230:2111,0.0,0.0,0.0,2.4,1.17,0.0
20231230:2211,0.0,0.0,0.0,2.25,0.9,0.0
20231230:2311,0.0,0.0,0.0,2.46,0.69,0.0
20231231:0011,0.0,0.0,0.0,2.68,0.55,0.0
20231231:0111,0.0,0.0,0.0,1.9,0.97,0.0
20231231:0211,0.0,0.0,0.0,1.66,1.24,0.0
20231231:0311,0.0,0.0,0.0,1.42,1.17,0.0
20231231:0411,0.0,0.0,0.0,1.65,1.03,0.0
20231231:0511,0.0,0.0,0.0,1.46,1.24,0.0
20231231:0611,0.0,0.0,0.0,1.53,1.24,0.0
20231231:0711,0.0,0.0,0.0,1.0,1.17,0.0
20231231:0811,0.0,0.0,0.0,0.82,1.1,0.0
20231231:0911,0.0,0.0,0.0,1.11,0.9,0.0
20231231:1011,1491.54,295.28,5.05,1.38,0.83,0.0
20231231:1111,82.32,27.81,8.15,1.95,0.9,0.0
20231231:1211,1113.24,223.23,9.4,2.68,1.1,0.0
20231231:1311,190.44,50.79,8.69,2.99,1.31,0.0
20231231:1411,288.24,69.85,6.09,2.9,0.48,0.0
20231231:1511,0.0,0.87,1.8,2.34,0.48,0.0
20231231:1611,0.0,0.0,0.0,1.85,0.69,0.0
20231231:1711,0.0,0.0,0.0,1.1,0.97,0.0
20231231:1811,0.0,0.0,0.0,1.35,1.17,0.0
20231231:1911,0.0,0.0,0.0,1.32,1.1,0.0
20231231:2011,0.0,0.0,0.0,1.03,1.17,0.0
20231231:2111,0.0,0.0,0.0,0.89,1.24,0.0
20231231:2211,0.0,0.0,0.0,0.97,1.52,0.0
20231231:2311,0.0,0.0,0.0,1.15,1.93,0.0

P: PV system power (W)
G(i): Global irradiance on the inclined plane (plane of the array) (W/m2)
H_sun: Sun height (degree)
T2m: 2-m air temperature (degree Celsius)
WS10m: 10-m total wind speed (m/s)
Int: 1 means solar radiation values are reconstructed



PVGIS (c) European Union, 2001-2026