Latitude (decimal degrees):	57.479
Longitude (decimal degrees):	-4.222
Elevation (m):	21
Radiation database:	PVGIS-SARAH3


Slope: 35 deg. 
Azimuth: 0 deg. 
Nominal power of the PV system (c-Si) (kWp):	3.0
System losses (%):	14.0
time,P,G(i),H_sun,T2m,WS10m,Int
20230101:0011,0.0,0.0,0.0,0.17,2.14,0.0
20230101:0111,0.0,0.0,0.0,0.38,1.93,0.0
20230101:0211,0.0,0.0,0.0,0.32,1.86,0.0
20230101:0311,0.0,0.0,0.0,0.06,1.59,0.0
20230101:0411,0.0,0.0,0.0,-0.36,1.31,0.0
20230101:0511,0.0,0.0,0.0,-1.01,1.38,0.0
20230101:0611,0.0,0.0,0.0,-0.94,1.24,0.0
20230101:0711,0.0,0.0,0.0,-0.02,1.31,0.0
20230101:0811,0.0,0.0,0.0,0.11,1.17,0.0
20230101:0911,0.0,0.0,0.0,0.17,1.03,0.0
20230101:1011,0.06,5.56,5.1,0.17,0.69,0.0
20230101:1111,76.02,42.51,8.22,0.45,0.41,0.0
20230101:1211,47.7,30.59,9.49,0.55,0.34,0.0
20230101:1311,35.31,25.03,8.8,0.65,0.55,0.0
20230101:1411,0.06,5.56,6.22,0.83,0.83,0.0
20230101:1511,0.0,0.87,1.94,0.65,1.03,0.0
20230101:1611,0.0,0.0,0.0,0.17,1.38,0.0
20230101:1711,0.0,0.0,0.0,0.06,1.52,0.0
20230101:1811,0.0,0.0,0.0,-0.08,1.66,0.0
20230101:1911,0.0,0.0,0.0,0.34,2.07,0.0
20230101:2011,0.0,0.0,0.0,0.0,2.0,0.0
20230101:2111,0.0,0.0,0.0,-0.11,1.93,0.0
20230101:2211,0.0,0.0,0.0,-0.3,2.0,0.0
20230101:2311,0.0,0.0,0.0,-0.29,1.93,0.0
20230102:0011,0.0,0.0,0.0,-0.47,1.93,0.0
20230102:0111,0.0,0.0,0.0,-0.74,1.86,0.0
20230102:0211,0.0,0.0,0.0,-1.27,1.93,0.0
20230102:0311,0.0,0.0,0.0,-2.06,2.14,0.0
20230102:0411,0.0,0.0,0.0,-2.48,2.21,0.0
20230102:0511,0.0,0.0,0.0,-2.41,2.28,0.0
20230102:0611,0.0,0.0,0.0,-2.32,2.28,0.0
20230102:0711,0.0,0.0,0.0,-1.76,2.41,0.0
20230102:0811,0.0,0.0,0.0,-1.55,2.41,0.0
20230102:0911,0.0,0.0,0.0,-1.46,2.48,0.0
20230102:1011,479.34,191.61,5.15,-0.91,2.41,0.0
20230102:1111,686.85,267.53,8.29,0.14,2.55,0.0
20230102:1211,536.46,212.32,9.57,0.32,2.76,0.0
20230102:1311,415.26,169.12,8.9,1.32,2.69,0.0
20230102:1411,16.23,15.76,6.33,1.52,2.62,0.0
20230102:1511,0.0,0.87,2.05,1.07,2.55,0.0
20230102:1611,0.0,0.0,0.0,0.34,2.48,0.0
20230102:1711,0.0,0.0,0.0,-0.14,2.48,0.0
20230102:1811,0.0,0.0,0.0,-0.3,2.48,0.0
20230102:1911,0.0,0.0,0.0,0.03,2.41,0.0
20230102:2011,0.0,0.0,0.0,0.15,2.48,0.0
20230102:2111,0.0,0.0,0.0,0.34,2.62,0.0
20230102:2211,0.0,0.0,0.0,0.41,2.69,0.0
20230102:2311,0.0,0.0,0.0,0.28,2.62,0.0
20230103:0011,0.0,0.0,0.0,0.39,2.76,0.0
20230103:0111,0.0,0.0,0.0,0.52,2.97,0.0
20230103:0211,0.0,0.0,0.0,0.6,3.17,0.0
20230103:0311,0.0,0.0,0.0,0.75,3.24,0.0
20230103:0411,0.0,0.0,0.0,0.74,3.1,0.0
20230103:0511,0.0,0.0,0.0,0.92,2.9,0.0
20230103:0611,0.0,0.0,0.0,1.22,3.1,0.0
20230103:0711,0.0,0.0,0.0,1.9,3.86,0.0
20230103:0811,0.0,0.0,0.0,2.04,3.86,0.0
20230103:0911,0.0,0.0,0.0,2.17,4.14,0.0
20230103:1011,397.47,163.53,5.21,2.46,4.21,0.0
20230103:1111,634.35,250.12,8.36,2.72,3.59,0.0
20230103:1211,211.08,95.22,9.66,3.07,2.76,0.0
20230103:1311,318.54,135.27,9.01,3.49,2.21,0.0
20230103:1411,1.11,6.49,6.44,3.51,1.93,0.0
20230103:1511,0.0,2.62,2.18,3.48,1.52,0.0
20230103:1611,0.0,0.0,0.0,2.94,1.31,0.0
20230103:1711,0.0,0.0,0.0,2.35,1.03,0.0
20230103:1811,0.0,0.0,0.0,2.5,0.83,0.0
20230103:1911,0.0,0.0,0.0,2.58,0.83,0.0
20230103:2011,0.0,0.0,0.0,2.85,0.69,0.0
20230103:2111,0.0,0.0,0.0,3.12,0.55,0.0
20230103:2211,0.0,0.0,0.0,3.31,0.21,0.0
20230103:2311,0.0,0.0,0.0,3.32,0.21,0.0
20230104:0011,0.0,0.0,0.0,3.21,0.48,0.0
20230104:0111,0.0,0.0,0.0,3.2,0.34,0.0
20230104:0211,0.0,0.0,0.0,3.19,0.48,0.0
20230104:0311,0.0,0.0,0.0,2.35,0.97,0.0
20230104:0411,0.0,0.0,0.0,2.34,1.38,0.0
20230104:0511,0.0,0.0,0.0,2.7,1.66,0.0
20230104:0611,0.0,0.0,0.0,3.17,2.0,0.0
20230104:0711,0.0,0.0,0.0,3.64,2.14,0.0
20230104:0811,0.0,0.0,0.0,3.84,2.0,0.0
20230104:0911,0.0,0.0,0.0,3.89,1.93,0.0
20230104:1011,23.19,19.47,5.28,3.94,2.0,0.0
20230104:1111,46.86,30.59,8.45,4.16,2.14,0.0
20230104:1211,395.37,164.1,9.76,4.24,2.21,0.0
20230104:1311,234.12,104.33,9.12,4.39,2.48,0.0
20230104:1411,17.7,16.69,6.57,4.41,2.62,0.0
20230104:1511,55.65,34.53,2.31,4.05,2.69,0.0
20230104:1611,0.0,0.0,0.0,3.99,2.76,0.0
20230104:1711,0.0,0.0,0.0,4.13,2.83,0.0
20230104:1811,0.0,0.0,0.0,4.24,2.97,0.0
20230104:1911,0.0,0.0,0.0,4.31,2.83,0.0
20230104:2011,0.0,0.0,0.0,4.41,2.76,0.0
20230104:2111,0.0,0.0,0.0,4.31,2.55,0.0
20230104:2211,0.0,0.0,0.0,4.07,2.34,0.0
20230104:2311,0.0,0.0,0.0,3.81,2.28,0.0
20230105:0011,0.0,0.0,0.0,3.64,2.41,0.0
20230105:0111,0.0,0.0,0.0,3.56,2.55,0.0
20230105:0211,0.0,0.0,0.0,3.26,2.41,0.0
20230105:0311,0.0,0.0,0.0,3.01,2.34,0.0
20230105:0411,0.0,0.0,0.0,2.63,2.28,0.0
20230105:0511,0.0,0.0,0.0,2.28,2.28,0.0
20230105:0611,0.0,0.0,0.0,1.9,2.21,0.0
20230105:0711,0.0,0.0,0.0,2.55,1.86,0.0
20230105:0811,0.0,0.0,0.0,2.32,1.72,0.0
20230105:0911,0.0,0.0,0.0,2.05,1.59,0.0
20230105:1011,193.23,88.16,5.36,1.72,1.38,0.0
20230105:1111,183.9,84.89,8.54,2.35,1.31,0.0
20230105:1211,19.62,17.62,9.87,3.07,1.31,0.0
20230105:1311,61.86,37.08,9.24,3.44,1.38,0.0
20230105:1411,12.63,13.91,6.7,3.55,1.79,0.0
20230105:1511,0.0,1.85,2.45,3.85,2.0,0.0
20230105:1611,0.0,0.0,0.0,4.49,2.55,0.0
20230105:1711,0.0,0.0,0.0,5.58,3.52,0.0
20230105:1811,0.0,0.0,0.0,6.67,4.97,0.0
20230105:1911,0.0,0.0,0.0,7.27,5.79,0.0
20230105:2011,0.0,0.0,0.0,6.29,5.93,0.0
20230105:2111,0.0,0.0,0.0,5.5,5.86,0.0
20230105:2211,0.0,0.0,0.0,5.06,5.93,0.0
20230105:2311,0.0,0.0,0.0,4.99,6.21,0.0
20230106:0011,0.0,0.0,0.0,4.99,6.48,0.0
20230106:0111,0.0,0.0,0.0,5.04,7.1,0.0
20230106:0211,0.0,0.0,0.0,5.3,7.72,0.0
20230106:0311,0.0,0.0,0.0,5.07,8.34,0.0
20230106:0411,0.0,0.0,0.0,4.96,8.62,0.0
20230106:0511,0.0,0.0,0.0,5.08,8.34,0.0
20230106:0611,0.0,0.0,0.0,5.02,8.0,0.0
20230106:0711,0.0,0.0,0.0,5.11,7.66,0.0
20230106:0811,0.0,0.0,0.0,5.07,7.31,0.0
20230106:0911,0.0,0.0,0.0,4.82,7.03,0.0
20230106:1011,214.59,96.83,5.44,4.71,6.69,0.0
20230106:1111,393.12,162.57,8.64,4.91,6.34,0.0
20230106:1211,1199.7,465.15,9.98,5.25,5.93,0.0
20230106:1311,422.19,173.76,9.36,5.46,5.52,0.0
20230106:1411,878.49,344.77,6.83,5.32,4.83,0.0
20230106:1511,3.51,8.34,2.59,5.16,3.79,0.0
20230106:1611,0.0,0.0,0.0,4.87,2.9,0.0
20230106:1711,0.0,0.0,0.0,4.72,2.62,0.0
20230106:1811,0.0,0.0,0.0,4.79,2.76,0.0
20230106:1911,0.0,0.0,0.0,4.23,3.03,0.0
20230106:2011,0.0,0.0,0.0,3.96,2.97,0.0
20230106:2111,0.0,0.0,0.0,4.2,2.97,0.0
20230106:2211,0.0,0.0,0.0,4.57,2.83,0.0
20230106:2311,0.0,0.0,0.0,4.86,2.55,0.0
20230107:0011,0.0,0.0,0.0,4.84,2.28,0.0
20230107:0111,0.0,0.0,0.0,5.16,2.21,0.0
20230107:0211,0.0,0.0,0.0,5.6,2.14,0.0
20230107:0311,0.0,0.0,0.0,5.87,2.07,0.0
20230107:0411,0.0,0.0,0.0,5.93,1.59,0.0
20230107:0511,0.0,0.0,0.0,5.66,1.1,0.0
20230107:0611,0.0,0.0,0.0,5.56,1.45,0.0
20230107:0711,0.0,0.0,0.0,5.68,1.66,0.0
20230107:0811,0.0,0.0,0.0,5.6,1.66,0.0
20230107:0911,0.0,0.0,0.0,5.39,1.52,0.0
20230107:1011,72.27,41.59,5.53,5.28,1.45,0.0
20230107:1111,721.89,289.22,8.74,5.95,1.59,0.0
20230107:1211,117.93,60.55,10.1,6.33,2.28,0.0
20230107:1311,235.14,105.58,9.5,6.33,2.55,0.0
20230107:1411,618.03,249.22,6.98,6.12,2.48,0.0
20230107:1511,246.15,110.68,2.74,5.49,2.62,0.0
20230107:1611,0.0,0.0,0.0,4.54,2.9,0.0
20230107:1711,0.0,0.0,0.0,4.26,3.38,0.0
20230107:1811,0.0,0.0,0.0,4.23,3.86,0.0
20230107:1911,0.0,0.0,0.0,4.11,4.62,0.0
20230107:2011,0.0,0.0,0.0,3.98,4.97,0.0
20230107:2111,0.0,0.0,0.0,4.02,5.24,0.0
20230107:2211,0.0,0.0,0.0,4.38,5.52,0.0
20230107:2311,0.0,0.0,0.0,4.6,5.59,0.0
20230108:0011,0.0,0.0,0.0,4.9,5.72,0.0
20230108:0111,0.0,0.0,0.0,5.05,6.0,0.0
20230108:0211,0.0,0.0,0.0,5.21,6.34,0.0
20230108:0311,0.0,0.0,0.0,5.09,6.41,0.0
20230108:0411,0.0,0.0,0.0,4.77,6.28,0.0
20230108:0511,0.0,0.0,0.0,4.36,5.79,0.0
20230108:0611,0.0,0.0,0.0,3.89,5.86,0.0
20230108:0711,0.0,0.0,0.0,3.97,6.28,0.0
20230108:0811,0.0,0.0,0.0,3.76,6.48,0.0
20230108:0911,0.0,0.0,0.0,3.65,6.83,0.0
20230108:1011,507.57,203.9,5.62,3.74,7.31,0.0
20230108:1111,94.59,50.6,8.86,4.1,7.86,0.0
20230108:1211,732.99,285.51,10.23,4.39,7.72,0.0
20230108:1311,303.81,129.59,9.64,4.5,7.24,0.0
20230108:1411,128.64,63.97,7.13,4.39,6.55,0.0
20230108:1511,107.49,56.0,2.9,4.16,5.79,0.0
20230108:1611,0.0,0.0,0.0,3.85,5.24,0.0
20230108:1711,0.0,0.0,0.0,3.64,4.83,0.0
20230108:1811,0.0,0.0,0.0,3.35,4.41,0.0
20230108:1911,0.0,0.0,0.0,2.89,3.66,0.0
20230108:2011,0.0,0.0,0.0,2.9,3.45,0.0
20230108:2111,0.0,0.0,0.0,2.84,3.1,0.0
20230108:2211,0.0,0.0,0.0,2.6,3.03,0.0
20230108:2311,0.0,0.0,0.0,2.43,2.97,0.0
20230109:0011,0.0,0.0,0.0,2.35,2.9,0.0
20230109:0111,0.0,0.0,0.0,2.41,2.83,0.0
20230109:0211,0.0,0.0,0.0,2.58,2.9,0.0
20230109:0311,0.0,0.0,0.0,2.8,3.03,0.0
20230109:0411,0.0,0.0,0.0,2.97,3.24,0.0
20230109:0511,0.0,0.0,0.0,2.76,3.24,0.0
20230109:0611,0.0,0.0,0.0,2.9,3.52,0.0
20230109:0711,0.0,0.0,0.0,2.81,3.45,0.0
20230109:0811,0.0,0.0,0.0,2.74,3.52,0.0
20230109:0911,0.0,0.0,0.0,2.67,3.66,0.0
20230109:1011,747.3,294.02,5.73,3.04,3.72,0.0
20230109:1111,1100.67,428.19,8.98,3.49,3.72,0.0
20230109:1211,1099.44,428.38,10.37,3.93,3.59,0.0
20230109:1311,79.23,44.5,9.79,4.2,3.45,0.0
20230109:1411,748.44,295.15,7.29,4.11,3.45,0.0
20230109:1511,30.33,22.94,3.06,3.85,3.24,0.0
20230109:1611,0.0,0.0,0.0,3.66,3.31,0.0
20230109:1711,0.0,0.0,0.0,3.74,3.45,0.0
20230109:1811,0.0,0.0,0.0,3.7,3.72,0.0
20230109:1911,0.0,0.0,0.0,3.81,3.86,0.0
20230109:2011,0.0,0.0,0.0,3.66,3.79,0.0
20230109:2111,0.0,0.0,0.0,3.47,4.07,0.0
20230109:2211,0.0,0.0,0.0,3.42,4.21,0.0
20230109:2311,0.0,0.0,0.0,3.27,4.07,0.0
20230110:0011,0.0,0.0,0.0,2.95,3.86,0.0
20230110:0111,0.0,0.0,0.0,2.98,3.79,0.0
20230110:0211,0.0,0.0,0.0,3.07,3.59,0.0
20230110:0311,0.0,0.0,0.0,3.1,3.31,0.0
20230110:0411,0.0,0.0,0.0,3.07,3.03,0.0
20230110:0511,0.0,0.0,0.0,3.08,2.83,0.0
20230110:0611,0.0,0.0,0.0,3.06,2.48,0.0
20230110:0711,0.0,0.0,0.0,3.7,2.83,0.0
20230110:0811,0.0,0.0,0.0,3.68,2.55,0.0
20230110:0911,0.0,0.0,0.0,3.37,2.34,0.0
20230110:1011,49.68,31.61,5.84,3.06,2.76,0.0
20230110:1111,12.69,13.91,9.1,3.05,3.24,0.0
20230110:1211,51.33,32.45,10.51,3.18,3.72,0.0
20230110:1311,47.13,30.59,9.94,3.22,3.72,0.0
20230110:1411,38.88,26.89,7.45,3.3,3.1,0.0
20230110:1511,0.0,1.85,3.23,3.46,2.41,0.0
20230110:1611,0.0,0.0,0.0,3.63,2.0,0.0
20230110:1711,0.0,0.0,0.0,3.88,2.34,0.0
20230110:1811,0.0,0.0,0.0,4.86,4.34,0.0
20230110:1911,0.0,0.0,0.0,6.0,5.03,0.0
20230110:2011,0.0,0.0,0.0,6.71,6.9,0.0
20230110:2111,0.0,0.0,0.0,6.37,7.45,0.0
20230110:2211,0.0,0.0,0.0,5.99,7.24,0.0
20230110:2311,0.0,0.0,0.0,5.16,6.9,0.0
20230111:0011,0.0,0.0,0.0,4.37,6.62,0.0
20230111:0111,0.0,0.0,0.0,3.76,6.41,0.0
20230111:0211,0.0,0.0,0.0,3.74,6.34,0.0
20230111:0311,0.0,0.0,0.0,3.81,6.14,0.0
20230111:0411,0.0,0.0,0.0,3.96,5.93,0.0
20230111:0511,0.0,0.0,0.0,3.97,6.07,0.0
20230111:0611,0.0,0.0,0.0,4.05,6.0,0.0
20230111:0711,0.0,0.0,0.0,3.5,5.31,0.0
20230111:0811,0.0,0.0,0.0,3.21,5.45,0.0
20230111:0911,0.0,0.0,0.0,3.31,5.66,0.0
20230111:1011,472.8,191.47,5.96,3.37,5.59,0.0
20230111:1111,1091.82,421.16,9.24,3.55,5.52,0.0
20230111:1211,1320.03,511.02,10.66,3.96,5.31,0.0
20230111:1311,1179.93,456.43,10.1,4.18,5.38,0.0
20230111:1411,23.19,19.47,7.62,4.1,5.31,0.0
20230111:1511,359.52,151.87,3.4,4.0,5.31,0.0
20230111:1611,0.0,0.0,0.0,3.7,4.97,0.0
20230111:1711,0.0,0.0,0.0,3.43,4.69,0.0
20230111:1811,0.0,0.0,0.0,3.17,4.48,0.0
20230111:1911,0.0,0.0,0.0,2.78,3.59,0.0
20230111:2011,0.0,0.0,0.0,2.94,3.31,0.0
20230111:2111,0.0,0.0,0.0,3.34,3.31,0.0
20230111:2211,0.0,0.0,0.0,3.85,3.38,0.0
20230111:2311,0.0,0.0,0.0,3.88,3.38,0.0
20230112:0011,0.0,0.0,0.0,3.7,2.97,0.0
20230112:0111,0.0,0.0,0.0,3.89,2.9,0.0
20230112:0211,0.0,0.0,0.0,3.78,2.62,0.0
20230112:0311,0.0,0.0,0.0,3.68,2.41,0.0
20230112:0411,0.0,0.0,0.0,3.47,2.28,0.0
20230112:0511,0.0,0.0,0.0,3.38,2.28,0.0
20230112:0611,0.0,0.0,0.0,3.27,2.28,0.0
20230112:0711,0.0,0.0,0.0,1.48,1.93,0.0
20230112:0811,0.0,0.0,0.0,1.28,1.86,0.0
20230112:0911,0.0,0.0,0.0,1.13,1.66,0.0
20230112:1011,3.63,8.34,6.09,1.16,1.45,0.0
20230112:1111,6.45,10.2,9.38,1.82,1.31,0.0
20230112:1211,16.17,15.76,10.82,2.12,1.45,0.0
20230112:1311,95.7,50.93,10.27,2.75,2.0,0.0
20230112:1411,32.85,24.1,7.79,3.26,1.72,0.0
20230112:1511,7.86,11.13,3.58,3.5,2.28,0.0
20230112:1611,0.0,0.0,0.0,3.43,2.97,0.0
20230112:1711,0.0,0.0,0.0,3.29,3.1,0.0
20230112:1811,0.0,0.0,0.0,3.18,2.69,0.0
20230112:1911,0.0,0.0,0.0,2.92,1.38,0.0
20230112:2011,0.0,0.0,0.0,3.29,0.41,0.0
20230112:2111,0.0,0.0,0.0,1.79,0.83,0.0
20230112:2211,0.0,0.0,0.0,1.47,1.31,0.0
20230112:2311,0.0,0.0,0.0,1.44,1.38,0.0
20230113:0011,0.0,0.0,0.0,1.49,1.59,0.0
20230113:0111,0.0,0.0,0.0,1.46,1.93,0.0
20230113:0211,0.0,0.0,0.0,1.72,2.41,0.0
20230113:0311,0.0,0.0,0.0,2.2,2.83,0.0
20230113:0411,0.0,0.0,0.0,2.3,2.83,0.0
20230113:0511,0.0,0.0,0.0,2.48,2.97,0.0
20230113:0611,0.0,0.0,0.0,2.66,2.83,0.0
20230113:0711,0.0,0.0,0.0,3.06,2.55,0.0
20230113:0811,0.0,0.0,0.0,3.16,2.28,0.0
20230113:0911,0.0,0.0,0.0,3.03,2.14,0.0
20230113:1011,17.85,16.69,6.22,3.08,2.14,0.0
20230113:1111,612.06,243.85,9.53,3.59,2.41,0.0
20230113:1211,1077.09,423.16,10.98,4.03,2.34,0.0
20230113:1311,260.76,114.43,10.45,4.37,2.48,0.0
20230113:1411,298.53,128.36,7.98,4.25,2.28,0.0
20230113:1511,34.95,25.1,3.77,3.82,2.14,0.0
20230113:1611,0.0,0.0,0.0,2.87,2.14,0.0
20230113:1711,0.0,0.0,0.0,2.41,2.21,0.0
20230113:1811,0.0,0.0,0.0,2.26,2.21,0.0
20230113:1911,0.0,0.0,0.0,2.37,2.21,0.0
20230113:2011,0.0,0.0,0.0,2.19,2.28,0.0
20230113:2111,0.0,0.0,0.0,2.13,2.21,0.0
20230113:2211,0.0,0.0,0.0,1.68,2.0,0.0
20230113:2311,0.0,0.0,0.0,1.28,1.79,0.0
20230114:0011,0.0,0.0,0.0,0.92,1.59,0.0
20230114:0111,0.0,0.0,0.0,0.48,1.52,0.0
20230114:0211,0.0,0.0,0.0,0.33,1.66,0.0
20230114:0311,0.0,0.0,0.0,0.7,1.93,0.0
20230114:0411,0.0,0.0,0.0,1.06,2.0,0.0
20230114:0511,0.0,0.0,0.0,1.15,2.0,0.0
20230114:0611,0.0,0.0,0.0,1.34,1.79,0.0
20230114:0711,0.0,0.0,0.0,1.27,1.38,0.0
20230114:0811,0.0,0.0,0.0,1.32,1.1,0.0
20230114:0911,0.0,0.0,0.0,1.06,1.31,0.0
20230114:1011,23.58,19.47,6.36,1.08,1.79,0.0
20230114:1111,1165.71,455.3,9.69,2.13,2.28,0.0
20230114:1211,1230.21,479.45,11.15,2.73,2.97,0.0
20230114:1311,1185.51,460.86,10.63,2.92,3.38,0.0
20230114:1411,36.96,25.96,8.17,2.88,3.79,0.0
20230114:1511,0.0,2.78,3.96,2.51,3.93,0.0
20230114:1611,0.0,0.0,0.0,2.0,3.45,0.0
20230114:1711,0.0,0.0,0.0,1.42,2.62,0.0
20230114:1811,0.0,0.0,0.0,1.1,1.52,0.0
20230114:1911,0.0,0.0,0.0,-0.26,1.72,0.0
20230114:2011,0.0,0.0,0.0,-0.26,2.07,0.0
20230114:2111,0.0,0.0,0.0,0.28,2.69,0.0
20230114:2211,0.0,0.0,0.0,0.55,3.59,0.0
20230114:2311,0.0,0.0,0.0,0.8,4.21,0.0
20230115:0011,0.0,0.0,0.0,1.45,4.9,0.0
20230115:0111,0.0,0.0,0.0,1.92,4.83,0.0
20230115:0211,0.0,0.0,0.0,2.04,4.28,0.0
20230115:0311,0.0,0.0,0.0,2.11,3.86,0.0
20230115:0411,0.0,0.0,0.0,2.1,3.66,0.0
20230115:0511,0.0,0.0,0.0,1.98,3.45,0.0
20230115:0611,0.0,0.0,0.0,1.95,3.38,0.0
20230115:0711,0.0,0.0,0.0,1.5,3.31,0.0
20230115:0811,0.0,0.0,0.0,1.44,3.38,0.0
20230115:0911,0.0,0.87,1.55,1.2,3.31,0.0
20230115:1011,703.65,275.64,6.51,1.22,3.45,0.0
20230115:1111,108.33,55.71,9.85,1.53,3.66,0.0
20230115:1211,31.2,23.18,11.33,1.59,3.38,0.0
20230115:1311,514.98,205.62,10.82,1.5,2.97,0.0
20230115:1411,938.43,364.22,8.36,1.3,2.69,0.0
20230115:1511,121.62,60.76,4.16,0.67,2.55,0.0
20230115:1611,0.0,0.0,0.0,0.0,2.21,0.0
20230115:1711,0.0,0.0,0.0,-0.58,2.14,0.0
20230115:1811,0.0,0.0,0.0,-1.34,2.0,0.0
20230115:1911,0.0,0.0,0.0,-0.81,1.72,0.0
20230115:2011,0.0,0.0,0.0,-1.4,1.72,0.0
20230115:2111,0.0,0.0,0.0,-1.69,2.0,0.0
20230115:2211,0.0,0.0,0.0,-1.91,1.72,0.0
20230115:2311,0.0,0.0,0.0,-2.38,1.45,0.0
20230116:0011,0.0,0.0,0.0,-3.43,1.72,0.0
20230116:0111,0.0,0.0,0.0,-4.11,2.0,0.0
20230116:0211,0.0,0.0,0.0,-4.33,2.21,0.0
20230116:0311,0.0,0.0,0.0,-4.14,2.34,0.0
20230116:0411,0.0,0.0,0.0,-3.84,2.62,0.0
20230116:0511,0.0,0.0,0.0,-3.57,2.83,0.0
20230116:0611,0.0,0.0,0.0,-3.26,2.97,0.0
20230116:0711,0.0,0.0,0.0,-3.27,2.9,0.0
20230116:0811,0.0,0.0,0.0,-3.27,2.76,0.0
20230116:0911,0.0,2.62,1.69,-3.16,2.62,0.0
20230116:1011,380.43,154.59,6.66,-2.66,2.48,0.0
20230116:1111,44.16,28.74,10.02,-2.0,2.41,0.0
20230116:1211,13.05,13.91,11.51,-1.35,2.62,0.0
20230116:1311,11.34,12.98,11.01,-1.06,2.69,0.0
20230116:1411,5.1,9.27,8.56,-0.91,2.62,0.0
20230116:1511,0.09,5.56,4.36,-1.03,2.48,0.0
20230116:1611,0.0,0.0,0.0,-1.68,2.48,0.0
20230116:1711,0.0,0.0,0.0,-2.15,2.48,0.0
20230116:1811,0.0,0.0,0.0,-2.63,2.34,0.0
20230116:1911,0.0,0.0,0.0,-2.42,2.69,0.0
20230116:2011,0.0,0.0,0.0,-2.53,2.83,0.0
20230116:2111,0.0,0.0,0.0,-2.58,2.97,0.0
20230116:2211,0.0,0.0,0.0,-2.68,2.83,0.0
20230116:2311,0.0,0.0,0.0,-3.09,2.55,0.0
20230117:0011,0.0,0.0,0.0,-3.52,2.28,0.0
20230117:0111,0.0,0.0,0.0,-3.64,2.28,0.0
20230117:0211,0.0,0.0,0.0,-3.69,2.34,0.0
20230117:0311,0.0,0.0,0.0,-3.49,2.48,0.0
20230117:0411,0.0,0.0,0.0,-3.43,2.62,0.0
20230117:0511,0.0,0.0,0.0,-3.32,2.76,0.0
20230117:0611,0.0,0.0,0.0,-3.05,2.97,0.0
20230117:0711,0.0,0.0,0.0,-2.97,2.83,0.0
20230117:0811,0.0,0.0,0.0,-2.67,3.03,0.0
20230117:0911,0.0,0.87,1.84,-2.49,3.1,0.0
20230117:1011,6.63,10.2,6.82,-2.19,3.03,0.0
20230117:1111,70.26,39.87,10.2,-1.66,3.03,0.0
20230117:1211,31.68,23.18,11.7,-1.18,2.9,0.0
20230117:1311,39.69,26.89,11.21,-0.55,3.1,0.0
20230117:1411,328.59,136.75,8.77,-0.34,3.31,0.0
20230117:1511,144.78,69.35,4.57,-0.57,3.1,0.0
20230117:1611,0.0,0.0,0.0,-0.87,3.24,0.0
20230117:1711,0.0,0.0,0.0,-0.97,3.45,0.0
20230117:1811,0.0,0.0,0.0,-0.88,3.66,0.0
20230117:1911,0.0,0.0,0.0,-0.56,3.93,0.0
20230117:2011,0.0,0.0,0.0,-0.5,3.86,0.0
20230117:2111,0.0,0.0,0.0,-0.38,3.66,0.0
20230117:2211,0.0,0.0,0.0,-0.2,3.66,0.0
20230117:2311,0.0,0.0,0.0,0.0,3.52,0.0
20230118:0011,0.0,0.0,0.0,0.1,3.31,0.0
20230118:0111,0.0,0.0,0.0,0.2,2.9,0.0
20230118:0211,0.0,0.0,0.0,0.0,2.48,0.0
20230118:0311,0.0,0.0,0.0,-0.26,2.21,0.0
20230118:0411,0.0,0.0,0.0,-0.7,2.14,0.0
20230118:0511,0.0,0.0,0.0,-0.69,2.34,0.0
20230118:0611,0.0,0.0,0.0,-0.51,2.69,0.0
20230118:0711,0.0,0.0,0.0,-1.03,2.48,0.0
20230118:0811,0.0,0.0,0.0,-1.12,2.48,0.0
20230118:0911,0.0,1.75,1.99,-1.03,2.9,0.0
20230118:1011,45.93,29.67,6.99,-0.45,3.45,0.0
20230118:1111,247.98,107.8,10.38,0.04,2.62,0.0
20230118:1211,39.57,26.89,11.9,0.01,2.55,0.0
20230118:1311,23.7,19.47,11.42,0.32,2.97,0.0
20230118:1411,164.64,76.86,8.98,0.16,3.1,0.0
20230118:1511,16.44,15.76,4.79,-0.45,2.76,0.0
20230118:1611,0.0,0.0,0.0,-1.16,2.41,0.0
20230118:1711,0.0,0.0,0.0,-2.05,2.34,0.0
20230118:1811,0.0,0.0,0.0,-2.69,2.55,0.0
20230118:1911,0.0,0.0,0.0,-2.27,2.55,0.0
20230118:2011,0.0,0.0,0.0,-2.2,2.55,0.0
20230118:2111,0.0,0.0,0.0,-2.05,2.69,0.0
20230118:2211,0.0,0.0,0.0,-2.42,2.69,0.0
20230118:2311,0.0,0.0,0.0,-2.9,2.69,0.0
20230119:0011,0.0,0.0,0.0,-3.17,2.69,0.0
20230119:0111,0.0,0.0,0.0,-3.41,2.76,0.0
20230119:0211,0.0,0.0,0.0,-3.72,2.83,0.0
20230119:0311,0.0,0.0,0.0,-3.85,2.9,0.0
20230119:0411,0.0,0.0,0.0,-3.92,3.03,0.0
20230119:0511,0.0,0.0,0.0,-3.91,3.24,0.0
20230119:0611,0.0,0.0,0.0,-3.48,3.45,0.0
20230119:0711,0.0,0.0,0.0,-2.1,4.28,0.0
20230119:0811,0.0,0.0,0.0,-1.33,4.97,0.0
20230119:0911,0.0,0.87,2.15,-0.53,5.24,0.0
20230119:1011,2.37,7.42,7.16,0.1,4.83,0.0
20230119:1111,9.57,12.05,10.57,0.77,4.07,0.0
20230119:1211,60.39,36.16,12.1,1.51,3.66,0.0
20230119:1311,281.34,120.88,11.63,1.86,3.38,0.0
20230119:1411,392.76,161.5,9.2,2.05,3.38,0.0
20230119:1511,0.0,4.64,5.01,1.9,3.24,0.0
20230119:1611,0.0,0.0,0.0,1.68,3.03,0.0
20230119:1711,0.0,0.0,0.0,1.54,2.97,0.0
20230119:1811,0.0,0.0,0.0,1.25,2.76,0.0
20230119:1911,0.0,0.0,0.0,0.89,2.69,0.0
20230119:2011,0.0,0.0,0.0,0.71,2.48,0.0
20230119:2111,0.0,0.0,0.0,0.76,2.41,0.0
20230119:2211,0.0,0.0,0.0,0.63,2.21,0.0
20230119:2311,0.0,0.0,0.0,0.39,1.93,0.0
20230120:0011,0.0,0.0,0.0,0.07,1.72,0.0
20230120:0111,0.0,0.0,0.0,-0.19,1.72,0.0
20230120:0211,0.0,0.0,0.0,-0.36,1.66,0.0
20230120:0311,0.0,0.0,0.0,-1.09,1.59,0.0
20230120:0411,0.0,0.0,0.0,-2.17,1.52,0.0
20230120:0511,0.0,0.0,0.0,-2.21,1.45,0.0
20230120:0611,0.0,0.0,0.0,-2.32,1.38,0.0
20230120:0711,0.0,0.0,0.0,-2.99,1.24,0.0
20230120:0811,0.0,0.0,0.0,-3.5,1.17,0.0
20230120:0911,1.92,7.0,2.31,-3.89,1.17,0.0
20230120:1011,974.49,373.96,7.35,-4.12,1.17,0.0
20230120:1111,1355.76,522.61,10.77,-3.91,1.24,0.0
20230120:1211,951.6,364.2,12.31,-3.23,1.24,0.0
20230120:1311,691.17,267.27,11.85,-2.92,1.24,0.0
20230120:1411,1091.76,419.8,9.43,-2.8,1.31,0.0
20230120:1511,674.34,263.55,5.23,-3.16,1.45,0.0
20230120:1611,0.0,0.0,0.0,-4.03,1.52,0.0
20230120:1711,0.0,0.0,0.0,-4.78,1.79,0.0
20230120:1811,0.0,0.0,0.0,-5.07,1.93,0.0
20230120:1911,0.0,0.0,0.0,-5.36,1.86,0.0
20230120:2011,0.0,0.0,0.0,-5.4,1.93,0.0
20230120:2111,0.0,0.0,0.0,-5.26,1.93,0.0
20230120:2211,0.0,0.0,0.0,-4.95,2.07,0.0
20230120:2311,0.0,0.0,0.0,-3.86,2.34,0.0
20230121:0011,0.0,0.0,0.0,-2.21,2.69,0.0
20230121:0111,0.0,0.0,0.0,-0.29,3.24,0.0
20230121:0211,0.0,0.0,0.0,0.81,3.86,0.0
20230121:0311,0.0,0.0,0.0,1.4,4.21,0.0
20230121:0411,0.0,0.0,0.0,1.76,4.34,0.0
20230121:0511,0.0,0.0,0.0,1.92,4.48,0.0
20230121:0611,0.0,0.0,0.0,2.01,4.62,0.0
20230121:0711,0.0,0.0,0.0,2.14,4.69,0.0
20230121:0811,0.0,0.0,0.0,2.39,4.83,0.0
20230121:0911,0.0,1.75,2.49,2.59,4.83,0.0
20230121:1011,2.31,7.42,7.53,2.82,4.97,0.0
20230121:1111,9.42,12.05,10.97,3.1,5.03,0.0
20230121:1211,38.88,26.89,12.53,3.4,5.03,0.0
20230121:1311,79.47,44.5,12.08,3.73,5.03,0.0
20230121:1411,6.33,10.2,9.66,3.82,4.9,0.0
20230121:1511,3.54,8.34,5.46,3.85,4.83,0.0
20230121:1611,0.0,0.0,0.0,3.65,4.69,0.0
20230121:1711,0.0,0.0,0.0,3.49,4.69,0.0
20230121:1811,0.0,0.0,0.0,3.52,4.76,0.0
20230121:1911,0.0,0.0,0.0,3.72,4.97,0.0
20230121:2011,0.0,0.0,0.0,3.87,4.97,0.0
20230121:2111,0.0,0.0,0.0,3.98,4.97,0.0
20230121:2211,0.0,0.0,0.0,4.08,5.03,0.0
20230121:2311,0.0,0.0,0.0,4.14,5.03,0.0
20230122:0011,0.0,0.0,0.0,4.22,4.97,0.0
20230122:0111,0.0,0.0,0.0,4.28,4.9,0.0
20230122:0211,0.0,0.0,0.0,4.35,4.9,0.0
20230122:0311,0.0,0.0,0.0,4.54,4.83,0.0
20230122:0411,0.0,0.0,0.0,4.7,4.76,0.0
20230122:0511,0.0,0.0,0.0,4.86,4.9,0.0
20230122:0611,0.0,0.0,0.0,5.05,4.9,0.0
20230122:0711,0.0,0.0,0.0,5.94,4.97,0.0
20230122:0811,0.0,0.0,0.0,6.16,4.83,0.0
20230122:0911,0.0,2.62,2.67,6.31,4.55,0.0
20230122:1011,40.2,27.81,7.73,6.54,4.34,0.0
20230122:1111,257.52,114.18,11.18,6.72,4.07,0.0
20230122:1211,150.66,73.74,12.75,6.93,3.86,0.0
20230122:1311,62.91,38.01,12.31,7.12,3.59,0.0
20230122:1411,28.35,22.25,9.89,7.1,3.38,0.0
20230122:1511,10.74,12.98,5.7,7.04,3.17,0.0
20230122:1611,0.0,0.0,0.0,6.93,2.76,0.0
20230122:1711,0.0,0.0,0.0,6.75,2.48,0.0
20230122:1811,0.0,0.0,0.0,6.56,2.28,0.0
20230122:1911,0.0,0.0,0.0,6.92,2.34,0.0
20230122:2011,0.0,0.0,0.0,7.04,2.41,0.0
20230122:2111,0.0,0.0,0.0,7.05,2.34,0.0
20230122:2211,0.0,0.0,0.0,7.07,2.34,0.0
20230122:2311,0.0,0.0,0.0,7.03,2.34,0.0
20230123:0011,0.0,0.0,0.0,7.07,2.62,0.0
20230123:0111,0.0,0.0,0.0,7.14,2.83,0.0
20230123:0211,0.0,0.0,0.0,7.12,2.97,0.0
20230123:0311,0.0,0.0,0.0,7.13,3.03,0.0
20230123:0411,0.0,0.0,0.0,7.13,3.24,0.0
20230123:0511,0.0,0.0,0.0,7.18,3.31,0.0
20230123:0611,0.0,0.0,0.0,7.19,3.31,0.0
20230123:0711,0.0,0.0,0.0,7.64,3.72,0.0
20230123:0811,0.0,0.0,0.0,7.67,3.86,0.0
20230123:0911,0.0,1.75,2.85,7.54,4.07,0.0
20230123:1011,38.01,26.89,7.93,7.53,4.34,0.0
20230123:1111,93.39,50.99,11.4,7.63,4.55,0.0
20230123:1211,91.14,50.06,12.98,7.7,4.62,0.0
20230123:1311,167.76,80.6,12.55,7.82,4.62,0.0
20230123:1411,73.47,42.65,10.13,7.78,4.55,0.0
20230123:1511,10.71,12.98,5.94,7.66,4.34,0.0
20230123:1611,0.0,0.0,0.0,7.39,4.0,0.0
20230123:1711,0.0,0.0,0.0,7.13,3.79,0.0
20230123:1811,0.0,0.0,0.0,7.06,3.59,0.0
20230123:1911,0.0,0.0,0.0,7.61,3.86,0.0
20230123:2011,0.0,0.0,0.0,7.68,3.86,0.0
20230123:2111,0.0,0.0,0.0,7.64,3.86,0.0
20230123:2211,0.0,0.0,0.0,7.65,3.79,0.0
20230123:2311,0.0,0.0,0.0,7.68,3.66,0.0
20230124:0011,0.0,0.0,0.0,7.69,3.52,0.0
20230124:0111,0.0,0.0,0.0,7.79,3.31,0.0
20230124:0211,0.0,0.0,0.0,7.78,3.24,0.0
20230124:0311,0.0,0.0,0.0,7.85,3.24,0.0
20230124:0411,0.0,0.0,0.0,7.92,3.17,0.0
20230124:0511,0.0,0.0,0.0,7.97,3.17,0.0
20230124:0611,0.0,0.0,0.0,7.92,3.24,0.0
20230124:0711,0.0,0.0,0.0,8.08,3.24,0.0
20230124:0811,0.0,0.0,0.0,7.98,3.24,0.0
20230124:0911,0.0,1.75,3.04,7.99,3.31,0.0
20230124:1011,347.82,149.15,8.14,8.25,3.45,0.0
20230124:1111,913.02,363.95,11.62,8.54,3.72,0.0
20230124:1211,671.73,270.95,13.22,8.76,3.93,0.0
20230124:1311,1262.37,502.88,12.79,8.81,4.21,0.0
20230124:1411,202.86,94.3,10.38,8.78,4.41,0.0
20230124:1511,483.6,201.31,6.18,8.73,4.55,0.0
20230124:1611,0.0,0.0,0.0,8.53,4.69,0.0
20230124:1711,0.0,0.0,0.0,8.24,4.76,0.0
20230124:1811,0.0,0.0,0.0,8.09,4.9,0.0
20230124:1911,0.0,0.0,0.0,8.66,5.03,0.0
20230124:2011,0.0,0.0,0.0,8.39,5.1,0.0
20230124:2111,0.0,0.0,0.0,7.92,4.97,0.0
20230124:2211,0.0,0.0,0.0,7.71,5.03,0.0
20230124:2311,0.0,0.0,0.0,7.8,5.03,0.0
20230125:0011,0.0,0.0,0.0,7.97,5.1,0.0
20230125:0111,0.0,0.0,0.0,8.03,5.03,0.0
20230125:0211,0.0,0.0,0.0,8.05,4.97,0.0
20230125:0311,0.0,0.0,0.0,8.07,4.76,0.0
20230125:0411,0.0,0.0,0.0,8.14,4.41,0.0
20230125:0511,0.0,0.0,0.0,7.86,4.62,0.0
20230125:0611,0.0,0.0,0.0,7.19,4.48,0.0
20230125:0711,0.0,0.0,0.0,6.88,4.0,0.0
20230125:0811,0.0,0.0,0.0,6.18,4.14,0.0
20230125:0911,0.0,1.75,3.24,5.52,3.86,0.0
20230125:1011,684.21,272.04,8.35,5.01,4.21,0.0
20230125:1111,1242.99,486.4,11.85,4.9,4.14,0.0
20230125:1211,540.3,218.21,13.46,5.21,3.66,0.0
20230125:1311,253.29,112.32,13.04,5.5,3.45,0.0
20230125:1411,249.51,110.79,10.63,5.69,3.52,0.0
20230125:1511,411.9,171.89,6.43,5.41,3.72,0.0
20230125:1611,0.0,0.0,0.0,4.97,3.38,0.0
20230125:1711,0.0,0.0,0.0,4.54,3.1,0.0
20230125:1811,0.0,0.0,0.0,4.42,2.97,0.0
20230125:1911,0.0,0.0,0.0,4.54,2.9,0.0
20230125:2011,0.0,0.0,0.0,4.52,2.69,0.0
20230125:2111,0.0,0.0,0.0,4.47,2.41,0.0
20230125:2211,0.0,0.0,0.0,4.33,2.0,0.0
20230125:2311,0.0,0.0,0.0,4.08,1.59,0.0
20230126:0011,0.0,0.0,0.0,3.6,1.38,0.0
20230126:0111,0.0,0.0,0.0,3.36,1.38,0.0
20230126:0211,0.0,0.0,0.0,3.49,1.59,0.0
20230126:0311,0.0,0.0,0.0,3.64,1.93,0.0
20230126:0411,0.0,0.0,0.0,3.31,1.72,0.0
20230126:0511,0.0,0.0,0.0,3.1,1.59,0.0
20230126:0611,0.0,0.0,0.0,2.79,1.52,0.0
20230126:0711,0.0,0.0,0.0,2.67,1.59,0.0
20230126:0811,0.0,0.0,0.0,2.14,1.52,0.0
20230126:0911,4.2,8.74,3.45,1.78,1.45,0.0
20230126:1011,80.16,44.57,8.57,2.55,1.52,0.0
20230126:1111,696.63,276.45,12.08,3.29,1.59,0.0
20230126:1211,738.0,291.65,13.71,3.71,2.28,0.0
20230126:1311,115.71,59.33,13.29,3.86,2.69,0.0
20230126:1411,409.11,169.46,10.88,4.04,2.14,0.0
20230126:1511,61.68,37.01,6.68,3.91,1.52,0.0
20230126:1611,0.0,0.0,0.0,3.42,1.1,0.0
20230126:1711,0.0,0.0,0.0,2.63,0.76,0.0
20230126:1811,0.0,0.0,0.0,1.91,0.97,0.0
20230126:1911,0.0,0.0,0.0,1.51,1.03,0.0
20230126:2011,0.0,0.0,0.0,1.29,1.03,0.0
20230126:2111,0.0,0.0,0.0,0.95,1.1,0.0
20230126:2211,0.0,0.0,0.0,0.34,1.38,0.0
20230126:2311,0.0,0.0,0.0,0.41,1.59,0.0
20230127:0011,0.0,0.0,0.0,0.37,1.86,0.0
20230127:0111,0.0,0.0,0.0,-0.34,2.07,0.0
20230127:0211,0.0,0.0,0.0,-0.71,2.14,0.0
20230127:0311,0.0,0.0,0.0,-0.78,2.21,0.0
20230127:0411,0.0,0.0,0.0,-0.38,2.28,0.0
20230127:0511,0.0,0.0,0.0,0.23,2.34,0.0
20230127:0611,0.0,0.0,0.0,0.62,2.41,0.0
20230127:0711,0.0,0.0,0.0,0.92,2.76,0.0
20230127:0811,0.0,0.0,0.0,1.47,2.83,0.0
20230127:0911,0.0,2.62,3.66,2.02,2.97,0.0
20230127:1011,398.22,164.36,8.8,2.72,3.24,0.0
20230127:1111,951.93,371.29,12.32,3.47,3.31,0.0
20230127:1211,1365.84,533.64,13.96,4.19,4.14,0.0
20230127:1311,1193.76,464.93,13.55,4.64,4.48,0.0
20230127:1411,371.64,155.5,11.14,4.8,4.14,0.0
20230127:1511,17.64,16.69,6.94,4.94,4.0,0.0
20230127:1611,0.0,0.0,0.0,4.93,3.93,0.0
20230127:1711,0.0,0.0,0.0,4.96,3.93,0.0
20230127:1811,0.0,0.0,0.0,5.07,3.79,0.0
20230127:1911,0.0,0.0,0.0,5.43,3.86,0.0
20230127:2011,0.0,0.0,0.0,5.68,3.66,0.0
20230127:2111,0.0,0.0,0.0,5.84,3.17,0.0
20230127:2211,0.0,0.0,0.0,5.93,2.41,0.0
20230127:2311,0.0,0.0,0.0,5.84,1.86,0.0
20230128:0011,0.0,0.0,0.0,5.58,1.86,0.0
20230128:0111,0.0,0.0,0.0,5.16,2.07,0.0
20230128:0211,0.0,0.0,0.0,4.51,1.72,0.0
20230128:0311,0.0,0.0,0.0,3.59,1.66,0.0
20230128:0411,0.0,0.0,0.0,3.0,1.66,0.0
20230128:0511,0.0,0.0,0.0,2.52,1.72,0.0
20230128:0611,0.0,0.0,0.0,2.17,1.93,0.0
20230128:0711,0.0,0.0,0.0,1.8,2.07,0.0
20230128:0811,0.0,0.0,0.0,1.91,2.14,0.0
20230128:0911,11.34,13.12,3.87,2.08,2.14,0.0
20230128:1011,160.17,76.13,9.03,2.74,2.14,0.0
20230128:1111,172.2,81.17,12.57,3.57,2.21,0.0
20230128:1211,1177.08,462.25,14.22,4.33,2.9,0.0
20230128:1311,1114.92,437.41,13.82,4.78,3.24,0.0
20230128:1411,653.97,260.77,11.41,5.03,3.24,0.0
20230128:1511,359.52,152.05,7.2,4.84,2.97,0.0
20230128:1611,0.0,0.0,0.0,4.41,2.69,0.0
20230128:1711,0.0,0.0,0.0,3.48,2.62,0.0
20230128:1811,0.0,0.0,0.0,3.21,2.76,0.0
20230128:1911,0.0,0.0,0.0,3.73,3.24,0.0
20230128:2011,0.0,0.0,0.0,3.66,3.66,0.0
20230128:2111,0.0,0.0,0.0,3.5,3.93,0.0
20230128:2211,0.0,0.0,0.0,3.52,4.28,0.0
20230128:2311,0.0,0.0,0.0,3.64,4.69,0.0
20230129:0011,0.0,0.0,0.0,3.84,5.03,0.0
20230129:0111,0.0,0.0,0.0,4.21,5.31,0.0
20230129:0211,0.0,0.0,0.0,4.37,5.38,0.0
20230129:0311,0.0,0.0,0.0,4.59,5.38,0.0
20230129:0411,0.0,0.0,0.0,4.77,5.52,0.0
20230129:0511,0.0,0.0,0.0,5.13,5.72,0.0
20230129:0611,0.0,0.0,0.0,5.47,5.93,0.0
20230129:0711,0.0,0.0,0.0,6.39,6.21,0.0
20230129:0811,0.0,0.0,0.0,6.89,6.34,0.0
20230129:0911,22.32,19.24,4.1,7.3,6.41,0.0
20230129:1011,24.54,20.4,9.27,7.71,6.48,0.0
20230129:1111,171.06,81.89,12.82,8.05,6.48,0.0
20230129:1211,19.05,17.62,14.48,8.33,6.69,0.0
20230129:1311,171.87,82.36,14.09,8.23,6.83,0.0
20230129:1411,10.71,12.98,11.68,7.68,6.76,0.0
20230129:1511,3.48,8.34,7.47,6.18,6.34,0.0
20230129:1611,0.0,0.87,1.78,5.0,5.86,0.0
20230129:1711,0.0,0.0,0.0,4.1,5.72,0.0
20230129:1811,0.0,0.0,0.0,3.02,5.45,0.0
20230129:1911,0.0,0.0,0.0,2.91,5.52,0.0
20230129:2011,0.0,0.0,0.0,2.71,5.52,0.0
20230129:2111,0.0,0.0,0.0,2.39,5.52,0.0
20230129:2211,0.0,0.0,0.0,2.55,6.0,0.0
20230129:2311,0.0,0.0,0.0,2.58,6.07,0.0
20230130:0011,0.0,0.0,0.0,2.75,6.07,0.0
20230130:0111,0.0,0.0,0.0,3.02,6.0,0.0
20230130:0211,0.0,0.0,0.0,3.45,5.86,0.0
20230130:0311,0.0,0.0,0.0,3.68,5.31,0.0
20230130:0411,0.0,0.0,0.0,3.48,5.03,0.0
20230130:0511,0.0,0.0,0.0,3.29,4.69,0.0
20230130:0611,0.0,0.0,0.0,3.11,4.21,0.0
20230130:0711,0.0,0.0,0.0,3.14,3.52,0.0
20230130:0811,0.0,0.0,0.0,2.82,3.03,0.0
20230130:0911,107.25,56.0,4.33,2.55,2.76,0.0
20230130:1011,867.18,340.3,9.51,2.93,2.76,0.0
20230130:1111,1349.07,532.82,13.08,3.64,2.48,0.0
20230130:1211,154.89,74.88,14.75,4.52,2.9,0.0
20230130:1311,563.4,227.05,14.36,4.92,3.1,0.0
20230130:1411,304.5,131.26,11.96,5.27,3.45,0.0
20230130:1511,757.83,302.63,7.74,5.13,3.03,0.0
20230130:1611,0.0,3.5,2.04,4.74,2.97,0.0
20230130:1711,0.0,0.0,0.0,4.36,3.03,0.0
20230130:1811,0.0,0.0,0.0,4.2,3.45,0.0
20230130:1911,0.0,0.0,0.0,4.24,4.14,0.0
20230130:2011,0.0,0.0,0.0,4.35,4.9,0.0
20230130:2111,0.0,0.0,0.0,4.78,5.38,0.0
20230130:2211,0.0,0.0,0.0,5.6,5.24,0.0
20230130:2311,0.0,0.0,0.0,6.43,5.17,0.0
20230131:0011,0.0,0.0,0.0,6.97,5.03,0.0
20230131:0111,0.0,0.0,0.0,6.98,5.66,0.0
20230131:0211,0.0,0.0,0.0,5.52,5.59,0.0
20230131:0311,0.0,0.0,0.0,4.43,5.45,0.0
20230131:0411,0.0,0.0,0.0,3.6,5.86,0.0
20230131:0511,0.0,0.0,0.0,2.31,5.79,0.0
20230131:0611,0.0,0.0,0.0,1.82,5.93,0.0
20230131:0711,0.0,0.0,0.0,1.81,5.59,0.0
20230131:0811,0.0,0.0,0.0,1.59,5.93,0.0
20230131:0911,0.0,3.71,4.56,1.73,5.72,0.0
20230131:1011,31.17,23.18,9.76,2.06,5.93,0.0
20230131:1111,16.17,15.76,13.35,2.3,6.34,0.0
20230131:1211,1358.55,521.4,15.02,2.86,6.21,0.0
20230131:1311,19.65,17.62,14.64,3.13,6.21,0.0
20230131:1411,12.66,13.91,12.23,3.34,6.0,0.0
20230131:1511,793.11,309.61,8.02,2.99,6.34,0.0
20230131:1611,0.0,0.93,2.31,2.81,6.07,0.0
20230131:1711,0.0,0.0,0.0,2.27,5.59,0.0
20230131:1811,0.0,0.0,0.0,2.22,5.38,0.0
20230131:1911,0.0,0.0,0.0,2.54,5.31,0.0
20230131:2011,0.0,0.0,0.0,2.68,5.31,0.0
20230131:2111,0.0,0.0,0.0,2.56,5.45,0.0
20230131:2211,0.0,0.0,0.0,2.46,5.59,0.0
20230131:2311,0.0,0.0,0.0,2.5,6.0,0.0
20230201:0011,0.0,0.0,0.0,2.64,6.14,0.0
20230201:0111,0.0,0.0,0.0,2.8,5.93,0.0
20230201:0211,0.0,0.0,0.0,2.82,5.72,0.0
20230201:0311,0.0,0.0,0.0,2.82,5.38,0.0
20230201:0411,0.0,0.0,0.0,2.8,5.59,0.0
20230201:0511,0.0,0.0,0.0,2.6,5.52,0.0
20230201:0611,0.0,0.0,0.0,2.52,5.38,0.0
20230201:0711,0.0,0.0,0.0,2.58,5.03,0.0
20230201:0811,0.0,0.0,0.0,2.49,5.03,0.0
20230201:0911,16.17,15.76,4.8,2.29,4.83,0.0
20230201:1011,409.59,168.07,10.02,2.61,4.69,0.0
20230201:1111,787.77,307.07,13.62,3.11,4.55,0.0
20230201:1211,113.7,58.41,15.3,3.58,4.28,0.0
20230201:1311,111.18,57.48,14.93,3.91,4.07,0.0
20230201:1411,168.93,79.91,12.52,3.93,3.79,0.0
20230201:1511,44.88,29.67,8.29,3.9,3.24,0.0
20230201:1611,0.03,5.56,2.58,3.52,2.9,0.0
20230201:1711,0.0,0.0,0.0,2.83,2.62,0.0
20230201:1811,0.0,0.0,0.0,2.46,2.41,0.0
20230201:1911,0.0,0.0,0.0,2.69,2.34,0.0
20230201:2011,0.0,0.0,0.0,2.4,2.07,0.0
20230201:2111,0.0,0.0,0.0,2.25,2.07,0.0
20230201:2211,0.0,0.0,0.0,2.28,1.93,0.0
20230201:2311,0.0,0.0,0.0,2.56,1.93,0.0
20230202:0011,0.0,0.0,0.0,3.13,1.93,0.0
20230202:0111,0.0,0.0,0.0,3.79,2.0,0.0
20230202:0211,0.0,0.0,0.0,4.46,2.21,0.0
20230202:0311,0.0,0.0,0.0,5.03,2.41,0.0
20230202:0411,0.0,0.0,0.0,5.56,3.24,0.0
20230202:0511,0.0,0.0,0.0,6.36,4.0,0.0
20230202:0611,0.0,0.0,0.0,6.92,4.07,0.0
20230202:0711,0.0,0.0,0.0,6.74,3.72,0.0
20230202:0811,0.0,0.0,0.0,7.08,4.07,0.0
20230202:0911,4.77,9.27,5.05,7.46,4.9,0.0
20230202:1011,36.0,25.96,10.28,7.73,5.24,0.0
20230202:1111,75.63,43.57,13.89,7.88,5.45,0.0
20230202:1211,458.7,189.85,15.59,7.89,5.66,0.0
20230202:1311,139.02,69.53,15.22,7.9,5.72,0.0
20230202:1411,441.6,183.12,12.81,7.85,6.14,0.0
20230202:1511,574.92,233.52,8.58,7.79,6.48,0.0
20230202:1611,0.0,4.64,2.85,7.64,6.69,0.0
20230202:1711,0.0,0.0,0.0,7.76,6.97,0.0
20230202:1811,0.0,0.0,0.0,8.01,6.55,0.0
20230202:1911,0.0,0.0,0.0,8.03,6.07,0.0
20230202:2011,0.0,0.0,0.0,8.1,6.34,0.0
20230202:2111,0.0,0.0,0.0,8.24,6.69,0.0
20230202:2211,0.0,0.0,0.0,7.53,7.31,0.0
20230202:2311,0.0,0.0,0.0,6.31,6.55,0.0
20230203:0011,0.0,0.0,0.0,5.88,6.0,0.0
20230203:0111,0.0,0.0,0.0,5.52,5.66,0.0
20230203:0211,0.0,0.0,0.0,5.2,5.38,0.0
20230203:0311,0.0,0.0,0.0,5.06,5.24,0.0
20230203:0411,0.0,0.0,0.0,4.83,5.03,0.0
20230203:0511,0.0,0.0,0.0,4.54,4.83,0.0
20230203:0611,0.0,0.0,0.0,4.35,4.34,0.0
20230203:0711,0.0,0.0,0.0,4.41,3.79,0.0
20230203:0811,0.0,0.0,0.0,4.12,3.1,0.0
20230203:0911,4.89,9.27,5.3,4.04,2.48,0.0
20230203:1011,26.85,21.32,10.55,4.52,2.0,0.0
20230203:1111,57.15,35.23,14.17,4.9,2.0,0.0
20230203:1211,378.69,159.59,15.88,5.36,2.21,0.0
20230203:1311,521.64,212.83,15.51,5.85,2.69,0.0
20230203:1411,576.42,233.4,13.1,6.39,3.1,0.0
20230203:1511,484.5,200.22,8.86,6.97,3.31,0.0
20230203:1611,0.0,3.71,3.13,7.47,3.45,0.0
20230203:1711,0.0,0.0,0.0,7.38,3.52,0.0
20230203:1811,0.0,0.0,0.0,7.09,3.45,0.0
20230203:1911,0.0,0.0,0.0,7.56,3.24,0.0
20230203:2011,0.0,0.0,0.0,7.63,3.1,0.0
20230203:2111,0.0,0.0,0.0,7.57,3.03,0.0
20230203:2211,0.0,0.0,0.0,7.64,3.03,0.0
20230203:2311,0.0,0.0,0.0,7.66,3.17,0.0
20230204:0011,0.0,0.0,0.0,7.7,3.24,0.0
20230204:0111,0.0,0.0,0.0,7.5,3.31,0.0
20230204:0211,0.0,0.0,0.0,7.24,3.45,0.0
20230204:0311,0.0,0.0,0.0,6.96,3.66,0.0
20230204:0411,0.0,0.0,0.0,6.92,3.86,0.0
20230204:0511,0.0,0.0,0.0,6.84,3.93,0.0
20230204:0611,0.0,0.0,0.0,6.81,4.07,0.0
20230204:0711,0.0,0.0,0.0,7.48,3.93,0.0
20230204:0811,0.0,0.0,0.0,7.41,4.14,0.0
20230204:0911,17.4,16.69,5.56,7.43,4.41,0.0
20230204:1011,48.12,31.52,10.82,7.52,4.62,0.0
20230204:1111,266.07,118.14,14.46,7.64,4.83,0.0
20230204:1211,516.48,211.56,16.18,7.78,4.97,0.0
20230204:1311,58.47,36.16,15.81,7.77,5.03,0.0
20230204:1411,382.83,161.17,13.39,7.19,5.45,0.0
20230204:1511,36.54,25.96,9.15,5.03,4.9,0.0
20230204:1611,0.0,2.78,3.41,3.55,3.59,0.0
20230204:1711,0.0,0.0,0.0,3.14,3.79,0.0
20230204:1811,0.0,0.0,0.0,2.56,3.93,0.0
20230204:1911,0.0,0.0,0.0,2.49,3.52,0.0
20230204:2011,0.0,0.0,0.0,2.24,3.24,0.0
20230204:2111,0.0,0.0,0.0,1.89,3.1,0.0
20230204:2211,0.0,0.0,0.0,1.55,2.97,0.0
20230204:2311,0.0,0.0,0.0,1.25,2.62,0.0
20230205:0011,0.0,0.0,0.0,0.9,2.34,0.0
20230205:0111,0.0,0.0,0.0,0.7,2.41,0.0
20230205:0211,0.0,0.0,0.0,0.87,2.34,0.0
20230205:0311,0.0,0.0,0.0,0.64,2.41,0.0
20230205:0411,0.0,0.0,0.0,0.37,2.55,0.0
20230205:0511,0.0,0.0,0.0,0.37,2.55,0.0
20230205:0611,0.0,0.0,0.0,0.22,2.48,0.0
20230205:0711,0.0,0.0,0.0,1.47,2.48,0.0
20230205:0811,0.0,0.0,0.0,1.35,2.41,0.0
20230205:0911,0.06,5.56,5.82,1.37,2.21,0.0
20230205:1011,60.12,36.16,11.1,2.22,2.21,0.0
20230205:1111,97.65,51.92,14.75,3.18,2.55,0.0
20230205:1211,425.13,175.97,16.48,4.26,2.62,0.0
20230205:1311,311.94,134.17,16.11,4.86,3.86,0.0
20230205:1411,360.75,151.89,13.69,4.94,4.34,0.0
20230205:1511,42.63,28.74,9.44,4.8,4.41,0.0
20230205:1611,0.0,2.78,3.69,4.5,4.21,0.0
20230205:1711,0.0,0.0,0.0,3.9,4.14,0.0
20230205:1811,0.0,0.0,0.0,3.64,4.14,0.0
20230205:1911,0.0,0.0,0.0,4.49,4.41,0.0
20230205:2011,0.0,0.0,0.0,4.65,4.34,0.0
20230205:2111,0.0,0.0,0.0,4.67,4.41,0.0
20230205:2211,0.0,0.0,0.0,4.74,4.41,0.0
20230205:2311,0.0,0.0,0.0,4.8,4.28,0.0
20230206:0011,0.0,0.0,0.0,4.91,4.14,0.0
20230206:0111,0.0,0.0,0.0,5.04,4.14,0.0
20230206:0211,0.0,0.0,0.0,5.11,4.14,0.0
20230206:0311,0.0,0.0,0.0,5.25,4.28,0.0
20230206:0411,0.0,0.0,0.0,5.17,4.28,0.0
20230206:0511,0.0,0.0,0.0,5.06,4.34,0.0
20230206:0611,0.0,0.0,0.0,5.04,4.41,0.0
20230206:0711,0.0,0.0,0.0,5.25,4.41,0.0
20230206:0811,0.0,0.0,0.0,5.31,4.55,0.0
20230206:0911,305.76,133.42,6.09,5.43,4.62,0.0
20230206:1011,548.28,221.83,11.38,5.75,4.48,0.0
20230206:1111,165.3,79.33,15.05,6.11,4.62,0.0
20230206:1211,65.28,38.94,16.78,6.63,5.93,0.0
20230206:1311,73.86,42.65,16.42,6.87,5.86,0.0
20230206:1411,462.39,190.64,14.0,7.06,5.24,0.0
20230206:1511,111.51,58.14,9.74,6.97,4.9,0.0
20230206:1611,0.0,4.64,3.98,6.78,4.55,0.0
20230206:1711,0.0,0.0,0.0,6.55,4.28,0.0
20230206:1811,0.0,0.0,0.0,6.33,4.21,0.0
20230206:1911,0.0,0.0,0.0,6.65,4.55,0.0
20230206:2011,0.0,0.0,0.0,6.54,4.55,0.0
20230206:2111,0.0,0.0,0.0,6.41,4.55,0.0
20230206:2211,0.0,0.0,0.0,6.38,4.41,0.0
20230206:2311,0.0,0.0,0.0,6.42,4.28,0.0
20230207:0011,0.0,0.0,0.0,6.46,4.21,0.0
20230207:0111,0.0,0.0,0.0,6.44,4.14,0.0
20230207:0211,0.0,0.0,0.0,6.43,4.07,0.0
20230207:0311,0.0,0.0,0.0,6.47,4.0,0.0
20230207:0411,0.0,0.0,0.0,6.49,3.59,0.0
20230207:0511,0.0,0.0,0.0,6.5,2.9,0.0
20230207:0611,0.0,0.0,0.0,6.38,2.0,0.0
20230207:0711,0.0,0.0,0.0,6.4,2.0,0.0
20230207:0811,0.0,0.0,0.0,6.14,1.93,0.0
20230207:0911,515.19,214.72,6.37,5.9,2.0,0.0
20230207:1011,635.04,256.31,11.67,5.68,1.93,0.0
20230207:1111,827.64,329.32,15.35,5.76,2.28,0.0
20230207:1211,1078.56,427.97,17.09,5.98,2.48,0.0
20230207:1311,754.11,300.78,16.73,6.24,2.97,0.0
20230207:1411,1400.49,558.0,14.3,6.34,3.31,0.0
20230207:1511,1018.29,404.96,10.03,5.99,3.17,0.0
20230207:1611,17.58,16.69,4.27,5.61,3.38,0.0
20230207:1711,0.0,0.0,0.0,4.65,3.38,0.0
20230207:1811,0.0,0.0,0.0,3.89,3.45,0.0
20230207:1911,0.0,0.0,0.0,3.96,3.93,0.0
20230207:2011,0.0,0.0,0.0,3.63,4.21,0.0
20230207:2111,0.0,0.0,0.0,3.5,4.48,0.0
20230207:2211,0.0,0.0,0.0,3.3,4.69,0.0
20230207:2311,0.0,0.0,0.0,3.14,4.9,0.0
20230208:0011,0.0,0.0,0.0,3.07,4.97,0.0
20230208:0111,0.0,0.0,0.0,3.14,5.24,0.0
20230208:0211,0.0,0.0,0.0,3.18,5.45,0.0
20230208:0311,0.0,0.0,0.0,3.27,5.59,0.0
20230208:0411,0.0,0.0,0.0,3.21,5.86,0.0
20230208:0511,0.0,0.0,0.0,3.42,6.21,0.0
20230208:0611,0.0,0.0,0.0,3.88,6.55,0.0
20230208:0711,0.0,0.0,0.0,4.9,6.69,0.0
20230208:0811,0.0,0.0,0.0,5.3,6.97,0.0
20230208:0911,89.52,48.96,6.65,5.33,7.24,0.0
20230208:1011,480.48,195.6,11.96,5.54,7.38,0.0
20230208:1111,410.25,170.2,15.65,5.89,7.72,0.0
20230208:1211,475.44,194.94,17.4,6.43,6.48,0.0
20230208:1311,522.63,212.22,17.05,6.68,7.24,0.0
20230208:1411,475.29,194.33,14.61,6.45,7.66,0.0
20230208:1511,206.43,94.65,10.34,6.12,7.86,0.0
20230208:1611,0.0,5.56,4.56,5.51,8.0,0.0
20230208:1711,0.0,0.0,0.0,4.91,6.97,0.0
20230208:1811,0.0,0.0,0.0,2.9,5.24,0.0
20230208:1911,0.0,0.0,0.0,2.28,4.55,0.0
20230208:2011,0.0,0.0,0.0,1.84,4.9,0.0
20230208:2111,0.0,0.0,0.0,1.76,4.97,0.0
20230208:2211,0.0,0.0,0.0,1.66,4.9,0.0
20230208:2311,0.0,0.0,0.0,1.46,5.03,0.0
20230209:0011,0.0,0.0,0.0,1.42,5.24,0.0
20230209:0111,0.0,0.0,0.0,1.46,5.86,0.0
20230209:0211,0.0,0.0,0.0,1.61,5.93,0.0
20230209:0311,0.0,0.0,0.0,1.68,5.86,0.0
20230209:0411,0.0,0.0,0.0,1.61,5.79,0.0
20230209:0511,0.0,0.0,0.0,1.61,5.66,0.0
20230209:0611,0.0,0.0,0.0,1.63,5.52,0.0
20230209:0711,0.0,0.0,0.0,2.24,5.93,0.0
20230209:0811,0.0,0.0,0.0,2.32,5.93,0.0
20230209:0911,14.4,14.83,6.93,2.81,5.93,0.0
20230209:1011,236.58,105.02,12.26,3.4,6.14,0.0
20230209:1111,454.35,185.41,15.96,3.91,5.31,0.0
20230209:1211,569.31,227.81,17.72,4.35,5.59,0.0
20230209:1311,185.25,86.48,17.36,4.51,5.66,0.0
20230209:1411,698.19,275.43,14.93,4.57,5.24,0.0
20230209:1511,483.36,196.85,10.64,4.52,5.1,0.0
20230209:1611,19.5,17.62,4.85,4.36,4.69,0.0
20230209:1711,0.0,0.0,0.0,4.02,4.14,0.0
20230209:1811,0.0,0.0,0.0,3.8,3.66,0.0
20230209:1911,0.0,0.0,0.0,4.07,3.52,0.0
20230209:2011,0.0,0.0,0.0,4.1,3.38,0.0
20230209:2111,0.0,0.0,0.0,4.16,3.31,0.0
20230209:2211,0.0,0.0,0.0,4.23,3.31,0.0
20230209:2311,0.0,0.0,0.0,4.25,3.38,0.0
20230210:0011,0.0,0.0,0.0,4.28,3.52,0.0
20230210:0111,0.0,0.0,0.0,4.5,4.07,0.0
20230210:0211,0.0,0.0,0.0,4.63,4.48,0.0
20230210:0311,0.0,0.0,0.0,4.61,4.69,0.0
20230210:0411,0.0,0.0,0.0,4.57,4.9,0.0
20230210:0511,0.0,0.0,0.0,4.74,5.17,0.0
20230210:0611,0.0,0.0,0.0,5.32,5.59,0.0
20230210:0711,0.0,0.0,0.0,6.09,5.93,0.0
20230210:0811,0.0,0.0,0.0,6.93,5.66,0.0
20230210:0911,162.33,78.71,7.22,7.48,6.07,0.0
20230210:1011,488.52,200.76,12.56,7.76,6.21,0.0
20230210:1111,413.4,173.22,16.28,8.0,6.14,0.0
20230210:1211,629.25,253.61,18.04,8.15,6.14,0.0
20230210:1311,968.01,381.84,17.69,8.27,6.07,0.0
20230210:1411,408.78,171.66,15.24,8.25,5.93,0.0
20230210:1511,108.93,57.41,10.95,8.22,5.59,0.0
20230210:1611,4.74,9.27,5.14,8.2,5.45,0.0
20230210:1711,0.0,0.0,0.0,8.14,5.38,0.0
20230210:1811,0.0,0.0,0.0,8.08,5.24,0.0
20230210:1911,0.0,0.0,0.0,8.38,5.52,0.0
20230210:2011,0.0,0.0,0.0,8.36,5.45,0.0
20230210:2111,0.0,0.0,0.0,8.4,5.31,0.0
20230210:2211,0.0,0.0,0.0,8.38,5.03,0.0
20230210:2311,0.0,0.0,0.0,8.28,4.69,0.0
20230211:0011,0.0,0.0,0.0,8.16,4.28,0.0
20230211:0111,0.0,0.0,0.0,8.1,4.0,0.0
20230211:0211,0.0,0.0,0.0,7.98,3.93,0.0
20230211:0311,0.0,0.0,0.0,7.88,3.93,0.0
20230211:0411,0.0,0.0,0.0,7.76,3.86,0.0
20230211:0511,0.0,0.0,0.0,7.67,3.86,0.0
20230211:0611,0.0,0.0,0.0,7.5,4.0,0.0
20230211:0711,0.0,0.0,0.0,7.64,3.93,0.0
20230211:0811,0.0,0.0,0.0,7.54,3.86,0.0
20230211:0911,10.71,12.98,7.51,7.43,3.86,0.0
20230211:1011,88.98,49.14,12.87,7.41,3.86,0.0
20230211:1111,73.5,42.65,16.6,7.62,4.07,0.0
20230211:1211,124.83,63.97,18.37,8.12,3.86,0.0
20230211:1311,278.58,123.76,18.01,8.4,4.14,0.0
20230211:1411,314.16,136.89,15.56,8.39,4.14,0.0
20230211:1511,103.95,55.45,11.26,8.35,4.21,0.0
20230211:1611,0.0,5.56,5.44,7.83,4.28,0.0
20230211:1711,0.0,0.0,0.0,7.16,4.07,0.0
20230211:1811,0.0,0.0,0.0,6.78,3.86,0.0
20230211:1911,0.0,0.0,0.0,7.02,3.66,0.0
20230211:2011,0.0,0.0,0.0,6.93,3.59,0.0
20230211:2111,0.0,0.0,0.0,6.91,3.66,0.0
20230211:2211,0.0,0.0,0.0,6.79,3.72,0.0
20230211:2311,0.0,0.0,0.0,6.65,3.79,0.0
20230212:0011,0.0,0.0,0.0,6.34,3.86,0.0
20230212:0111,0.0,0.0,0.0,6.1,3.93,0.0
20230212:0211,0.0,0.0,0.0,5.91,3.79,0.0
20230212:0311,0.0,0.0,0.0,5.76,3.59,0.0
20230212:0411,0.0,0.0,0.0,5.61,3.45,0.0
20230212:0511,0.0,0.0,0.0,5.71,3.52,0.0
20230212:0611,0.0,0.0,0.0,6.0,3.52,0.0
20230212:0711,0.0,0.0,0.0,6.13,3.38,0.0
20230212:0811,0.0,0.0,0.0,6.21,3.31,0.0
20230212:0911,128.52,65.03,7.81,6.26,3.38,0.0
20230212:1011,282.72,124.13,13.18,6.45,3.17,0.0
20230212:1111,614.34,248.1,16.92,6.8,3.72,0.0
20230212:1211,146.43,72.31,18.7,7.02,4.07,0.0
20230212:1311,167.61,80.66,18.34,6.99,4.0,0.0
20230212:1411,111.78,58.41,15.89,6.98,4.07,0.0
20230212:1511,60.81,37.08,11.57,7.0,3.79,0.0
20230212:1611,0.0,5.56,5.74,6.83,3.24,0.0
20230212:1711,0.0,0.0,0.0,6.36,2.83,0.0
20230212:1811,0.0,0.0,0.0,5.86,2.9,0.0
20230212:1911,0.0,0.0,0.0,5.72,2.9,0.0
20230212:2011,0.0,0.0,0.0,5.34,2.97,0.0
20230212:2111,0.0,0.0,0.0,4.97,2.97,0.0
20230212:2211,0.0,0.0,0.0,4.56,2.9,0.0
20230212:2311,0.0,0.0,0.0,4.17,2.69,0.0
20230213:0011,0.0,0.0,0.0,3.78,2.55,0.0
20230213:0111,0.0,0.0,0.0,3.34,2.34,0.0
20230213:0211,0.0,0.0,0.0,2.87,2.21,0.0
20230213:0311,0.0,0.0,0.0,2.7,2.07,0.0
20230213:0411,0.0,0.0,0.0,2.46,2.0,0.0
20230213:0511,0.0,0.0,0.0,2.28,1.93,0.0
20230213:0611,0.0,0.0,0.0,2.04,1.79,0.0
20230213:0711,0.0,0.0,0.0,2.32,1.79,0.0
20230213:0811,0.0,0.0,0.0,2.35,1.72,0.0
20230213:0911,788.49,317.08,8.12,2.74,1.52,0.0
20230213:1011,1220.25,487.51,13.5,4.28,1.45,0.0
20230213:1111,1627.05,661.56,17.25,5.78,2.14,0.0
20230213:1211,1770.81,723.67,19.04,6.71,2.83,0.0
20230213:1311,1775.01,725.06,18.68,7.52,3.24,0.0
20230213:1411,1536.51,619.77,16.21,7.87,3.45,0.0
20230213:1511,1111.29,445.18,11.88,7.81,3.31,0.0
20230213:1611,494.61,210.03,6.04,7.24,2.9,0.0
20230213:1711,0.0,0.0,0.0,6.35,2.48,0.0
20230213:1811,0.0,0.0,0.0,5.32,2.21,0.0
20230213:1911,0.0,0.0,0.0,4.58,2.14,0.0
20230213:2011,0.0,0.0,0.0,4.03,2.28,0.0
20230213:2111,0.0,0.0,0.0,3.57,2.28,0.0
20230213:2211,0.0,0.0,0.0,3.09,2.14,0.0
20230213:2311,0.0,0.0,0.0,2.51,2.14,0.0
20230214:0011,0.0,0.0,0.0,2.44,2.28,0.0
20230214:0111,0.0,0.0,0.0,2.4,2.34,0.0
20230214:0211,0.0,0.0,0.0,2.58,2.28,0.0
20230214:0311,0.0,0.0,0.0,2.52,2.28,0.0
20230214:0411,0.0,0.0,0.0,2.31,2.34,0.0
20230214:0511,0.0,0.0,0.0,2.39,2.62,0.0
20230214:0611,0.0,0.0,0.0,2.73,2.9,0.0
20230214:0711,0.0,0.0,0.0,2.91,3.24,0.0
20230214:0811,0.0,0.87,1.78,3.07,3.03,0.0
20230214:0911,652.47,263.61,8.42,3.72,2.76,0.0
20230214:1011,264.78,116.81,13.82,4.99,2.69,0.0
20230214:1111,1014.51,402.07,17.58,6.59,3.24,0.0
20230214:1211,480.09,199.17,19.37,7.89,3.86,0.0
20230214:1311,630.63,256.25,19.01,8.75,4.21,0.0
20230214:1411,223.02,102.75,16.54,8.93,4.0,0.0
20230214:1511,364.32,156.12,12.2,8.87,3.93,0.0
20230214:1611,47.34,31.39,6.35,8.6,4.0,0.0
20230214:1711,0.0,0.0,0.0,8.33,3.93,0.0
20230214:1811,0.0,0.0,0.0,8.3,4.0,0.0
20230214:1911,0.0,0.0,0.0,8.36,4.34,0.0
20230214:2011,0.0,0.0,0.0,8.57,4.41,0.0
20230214:2111,0.0,0.0,0.0,8.27,4.41,0.0
20230214:2211,0.0,0.0,0.0,7.85,4.34,0.0
20230214:2311,0.0,0.0,0.0,7.79,4.41,0.0
20230215:0011,0.0,0.0,0.0,7.71,4.41,0.0
20230215:0111,0.0,0.0,0.0,7.55,4.55,0.0
20230215:0211,0.0,0.0,0.0,7.39,4.62,0.0
20230215:0311,0.0,0.0,0.0,7.23,4.76,0.0
20230215:0411,0.0,0.0,0.0,7.14,4.83,0.0
20230215:0511,0.0,0.0,0.0,7.08,4.97,0.0
20230215:0611,0.0,0.0,0.0,6.77,5.03,0.0
20230215:0711,0.0,0.0,0.0,6.27,4.83,0.0
20230215:0811,0.0,1.75,2.09,5.88,4.62,0.0
20230215:0911,17.61,16.69,8.74,5.42,4.55,0.0
20230215:1011,90.0,49.14,14.15,5.24,4.21,0.0
20230215:1111,1450.62,571.9,17.92,5.03,4.0,0.0
20230215:1211,1771.02,708.07,19.72,5.22,4.07,0.0
20230215:1311,1573.65,621.36,19.35,5.81,4.9,0.0
20230215:1411,1007.61,394.76,16.87,6.0,5.1,0.0
20230215:1511,105.54,55.63,12.52,6.03,5.38,0.0
20230215:1611,26.7,21.32,6.65,5.81,5.31,0.0
20230215:1711,0.0,0.0,0.0,5.6,5.45,0.0
20230215:1811,0.0,0.0,0.0,5.42,4.9,0.0
20230215:1911,0.0,0.0,0.0,5.64,4.41,0.0
20230215:2011,0.0,0.0,0.0,5.27,3.93,0.0
20230215:2111,0.0,0.0,0.0,4.9,3.52,0.0
20230215:2211,0.0,0.0,0.0,4.56,3.1,0.0
20230215:2311,0.0,0.0,0.0,4.18,2.76,0.0
20230216:0011,0.0,0.0,0.0,4.05,2.41,0.0
20230216:0111,0.0,0.0,0.0,3.69,2.14,0.0
20230216:0211,0.0,0.0,0.0,3.33,1.79,0.0
20230216:0311,0.0,0.0,0.0,2.84,1.72,0.0
20230216:0411,0.0,0.0,0.0,2.64,1.66,0.0
20230216:0511,0.0,0.0,0.0,2.38,1.66,0.0
20230216:0611,0.0,0.0,0.0,2.24,1.59,0.0
20230216:0711,0.0,0.0,0.0,2.23,1.24,0.0
20230216:0811,0.0,0.87,2.39,2.42,1.1,0.0
20230216:0911,90.87,49.15,9.05,2.91,0.97,0.0
20230216:1011,156.24,75.38,14.48,3.79,1.03,0.0
20230216:1111,553.23,224.97,18.26,4.26,1.1,0.0
20230216:1211,219.6,100.1,20.06,4.41,1.31,0.0
20230216:1311,178.74,84.37,19.7,4.47,1.79,0.0
20230216:1411,129.21,64.9,17.21,4.48,2.14,0.0
20230216:1511,123.48,62.51,12.84,4.26,2.0,0.0
20230216:1611,54.03,33.82,6.96,4.06,2.21,0.0
20230216:1711,0.0,0.0,0.0,3.7,2.28,0.0
20230216:1811,0.0,0.0,0.0,3.37,2.21,0.0
20230216:1911,0.0,0.0,0.0,4.22,1.72,0.0
20230216:2011,0.0,0.0,0.0,4.37,1.93,0.0
20230216:2111,0.0,0.0,0.0,4.6,2.07,0.0
20230216:2211,0.0,0.0,0.0,5.06,2.55,0.0
20230216:2311,0.0,0.0,0.0,6.19,3.79,0.0
20230217:0011,0.0,0.0,0.0,7.92,5.24,0.0
20230217:0111,0.0,0.0,0.0,8.83,6.28,0.0
20230217:0211,0.0,0.0,0.0,9.07,7.1,0.0
20230217:0311,0.0,0.0,0.0,9.24,8.0,0.0
20230217:0411,0.0,0.0,0.0,8.67,8.83,0.0
20230217:0511,0.0,0.0,0.0,8.1,9.59,0.0
20230217:0611,0.0,0.0,0.0,6.7,9.31,0.0
20230217:0711,0.0,0.0,0.0,5.26,8.48,0.0
20230217:0811,0.63,6.12,2.7,4.37,7.1,0.0
20230217:0911,23.19,19.47,9.37,4.24,6.76,0.0
20230217:1011,282.06,122.69,14.81,4.51,5.52,0.0
20230217:1111,541.77,218.45,18.6,4.87,5.59,0.0
20230217:1211,314.43,135.45,20.41,5.13,5.38,0.0
20230217:1311,491.19,200.66,20.04,5.42,5.38,0.0
20230217:1411,999.3,390.59,17.55,5.53,5.24,0.0
20230217:1511,580.65,233.83,13.16,5.19,4.34,0.0
20230217:1611,143.49,70.97,7.27,4.84,3.86,0.0
20230217:1711,0.0,0.0,0.0,4.44,3.38,0.0
20230217:1811,0.0,0.0,0.0,4.07,2.83,0.0
20230217:1911,0.0,0.0,0.0,4.05,2.55,0.0
20230217:2011,0.0,0.0,0.0,3.87,2.21,0.0
20230217:2111,0.0,0.0,0.0,3.7,1.93,0.0
20230217:2211,0.0,0.0,0.0,3.48,1.86,0.0
20230217:2311,0.0,0.0,0.0,3.14,1.59,0.0
20230218:0011,0.0,0.0,0.0,2.67,1.24,0.0
20230218:0111,0.0,0.0,0.0,2.47,0.97,0.0
20230218:0211,0.0,0.0,0.0,2.32,0.83,0.0
20230218:0311,0.0,0.0,0.0,2.06,1.31,0.0
20230218:0411,0.0,0.0,0.0,1.64,1.45,0.0
20230218:0511,0.0,0.0,0.0,1.39,1.38,0.0
20230218:0611,0.0,0.0,0.0,1.35,1.31,0.0
20230218:0711,0.0,0.0,0.0,1.59,1.59,0.0
20230218:0811,0.0,4.37,3.01,1.45,1.31,0.0
20230218:0911,200.85,91.93,9.7,1.67,0.76,0.0
20230218:1011,95.61,50.99,15.15,2.38,1.1,0.0
20230218:1111,305.91,132.01,18.95,2.95,0.83,0.0
20230218:1211,271.41,119.5,20.76,3.43,0.83,0.0
20230218:1311,640.86,258.51,20.39,3.83,0.62,0.0
20230218:1411,515.34,211.12,17.88,4.04,0.48,0.0
20230218:1511,161.73,77.6,13.49,4.06,0.62,0.0
20230218:1611,51.03,32.45,7.58,3.97,0.9,0.0
20230218:1711,0.0,0.0,0.0,3.73,0.97,0.0
20230218:1811,0.0,0.0,0.0,3.28,1.17,0.0
20230218:1911,0.0,0.0,0.0,2.69,1.38,0.0
20230218:2011,0.0,0.0,0.0,1.87,1.03,0.0
20230218:2111,0.0,0.0,0.0,2.03,0.69,0.0
20230218:2211,0.0,0.0,0.0,0.83,1.52,0.0
20230218:2311,0.0,0.0,0.0,0.28,1.66,0.0
20230219:0011,0.0,0.0,0.0,-0.1,1.79,0.0
20230219:0111,0.0,0.0,0.0,-0.05,2.0,0.0
20230219:0211,0.0,0.0,0.0,-0.06,2.28,0.0
20230219:0311,0.0,0.0,0.0,0.21,2.55,0.0
20230219:0411,0.0,0.0,0.0,0.38,2.62,0.0
20230219:0511,0.0,0.0,0.0,0.43,2.9,0.0
20230219:0611,0.0,0.0,0.0,1.21,3.38,0.0
20230219:0711,0.0,0.0,0.0,2.78,3.93,0.0
20230219:0811,0.0,3.5,3.33,3.71,4.28,0.0
20230219:0911,70.17,40.79,10.03,4.89,4.48,0.0
20230219:1011,38.34,26.89,15.49,5.96,4.55,0.0
20230219:1111,160.92,77.88,19.3,6.68,4.9,0.0
20230219:1211,146.61,72.31,21.12,7.05,5.66,0.0
20230219:1311,234.84,106.51,20.74,7.21,6.55,0.0
20230219:1411,949.56,372.45,18.23,7.28,6.97,0.0
20230219:1511,190.41,89.22,13.81,7.34,7.31,0.0
20230219:1611,156.15,76.56,7.89,7.59,7.59,0.0
20230219:1711,0.0,0.0,0.0,7.79,7.59,0.0
20230219:1811,0.0,0.0,0.0,8.02,7.38,0.0
20230219:1911,0.0,0.0,0.0,8.27,7.79,0.0
20230219:2011,0.0,0.0,0.0,8.23,7.93,0.0
20230219:2111,0.0,0.0,0.0,8.11,8.21,0.0
20230219:2211,0.0,0.0,0.0,8.18,8.55,0.0
20230219:2311,0.0,0.0,0.0,8.4,8.62,0.0
20230220:0011,0.0,0.0,0.0,8.59,8.62,0.0
20230220:0111,0.0,0.0,0.0,8.77,8.62,0.0
20230220:0211,0.0,0.0,0.0,8.97,8.34,0.0
20230220:0311,0.0,0.0,0.0,9.05,7.24,0.0
20230220:0411,0.0,0.0,0.0,8.58,6.28,0.0
20230220:0511,0.0,0.0,0.0,7.67,5.93,0.0
20230220:0611,0.0,0.0,0.0,6.62,5.86,0.0
20230220:0711,0.0,0.0,0.0,5.71,5.59,0.0
20230220:0811,2.22,7.42,3.65,5.41,5.31,0.0
20230220:0911,582.27,236.25,10.36,5.43,5.24,0.0
20230220:1011,607.68,243.78,15.84,5.71,5.1,0.0
20230220:1111,537.21,218.46,19.66,6.25,5.03,0.0
20230220:1211,1188.75,466.26,21.48,6.97,5.79,0.0
20230220:1311,1301.88,511.7,21.1,7.11,5.66,0.0
20230220:1411,922.74,364.45,18.57,7.07,4.9,0.0
20230220:1511,1025.97,406.32,14.14,6.92,4.34,0.0
20230220:1611,567.09,235.65,8.2,6.66,3.93,0.0
20230220:1711,0.0,0.0,0.0,6.1,3.31,0.0
20230220:1811,0.0,0.0,0.0,5.58,3.1,0.0
20230220:1911,0.0,0.0,0.0,5.53,2.62,0.0
20230220:2011,0.0,0.0,0.0,5.42,2.41,0.0
20230220:2111,0.0,0.0,0.0,5.3,2.41,0.0
20230220:2211,0.0,0.0,0.0,5.29,2.21,0.0
20230220:2311,0.0,0.0,0.0,5.33,2.0,0.0
20230221:0011,0.0,0.0,0.0,5.43,1.93,0.0
20230221:0111,0.0,0.0,0.0,5.88,2.0,0.0
20230221:0211,0.0,0.0,0.0,6.61,2.34,0.0
20230221:0311,0.0,0.0,0.0,7.19,2.28,0.0
20230221:0411,0.0,0.0,0.0,7.49,2.21,0.0
20230221:0511,0.0,0.0,0.0,7.64,2.41,0.0
20230221:0611,0.0,0.0,0.0,7.69,2.41,0.0
20230221:0711,0.0,0.0,0.0,7.94,2.83,0.0
20230221:0811,9.12,12.05,3.98,8.02,3.03,0.0
20230221:0911,713.01,291.03,10.7,8.24,3.38,0.0
20230221:1011,129.18,65.82,16.18,8.45,3.72,0.0
20230221:1111,126.63,64.9,20.02,8.86,3.72,0.0
20230221:1211,198.81,93.64,21.84,9.19,4.28,0.0
20230221:1311,115.05,60.26,21.46,9.27,4.41,0.0
20230221:1411,904.8,362.38,18.91,9.2,4.07,0.0
20230221:1511,485.37,202.13,14.47,9.25,4.14,0.0
20230221:1611,660.96,274.62,8.51,9.01,4.34,0.0
20230221:1711,0.0,0.0,0.0,8.37,4.14,0.0
20230221:1811,0.0,0.0,0.0,7.84,3.93,0.0
20230221:1911,0.0,0.0,0.0,7.56,3.93,0.0
20230221:2011,0.0,0.0,0.0,7.44,3.79,0.0
20230221:2111,0.0,0.0,0.0,7.5,3.66,0.0
20230221:2211,0.0,0.0,0.0,7.57,3.31,0.0
20230221:2311,0.0,0.0,0.0,7.54,2.62,0.0
20230222:0011,0.0,0.0,0.0,7.08,2.28,0.0
20230222:0111,0.0,0.0,0.0,6.01,2.97,0.0
20230222:0211,0.0,0.0,0.0,4.66,3.03,0.0
20230222:0311,0.0,0.0,0.0,3.57,2.28,0.0
20230222:0411,0.0,0.0,0.0,3.27,2.0,0.0
20230222:0511,0.0,0.0,0.0,3.15,1.79,0.0
20230222:0611,0.0,0.0,0.0,3.03,1.72,0.0
20230222:0711,0.0,0.0,0.0,3.06,1.24,0.0
20230222:0811,2.31,7.42,4.31,3.01,1.38,0.0
20230222:0911,129.57,64.77,11.04,3.44,1.59,0.0
20230222:1011,1382.22,552.39,16.54,4.0,1.86,0.0
20230222:1111,841.32,332.46,20.38,4.49,2.9,0.0
20230222:1211,287.25,125.72,22.2,4.86,3.1,0.0
20230222:1311,168.84,80.66,21.82,5.28,3.1,0.0
20230222:1411,46.68,30.59,19.26,5.0,3.17,0.0
20230222:1511,440.34,182.08,14.8,4.78,3.17,0.0
20230222:1611,696.39,283.19,8.83,4.07,3.17,0.0
20230222:1711,0.0,0.87,1.77,3.28,3.31,0.0
20230222:1811,0.0,0.0,0.0,2.49,2.69,0.0
20230222:1911,0.0,0.0,0.0,2.25,2.21,0.0
20230222:2011,0.0,0.0,0.0,1.62,1.86,0.0
20230222:2111,0.0,0.0,0.0,1.13,1.79,0.0
20230222:2211,0.0,0.0,0.0,0.82,1.79,0.0
20230222:2311,0.0,0.0,0.0,0.39,1.66,0.0
20230223:0011,0.0,0.0,0.0,0.24,1.66,0.0
20230223:0111,0.0,0.0,0.0,-0.2,1.66,0.0
20230223:0211,0.0,0.0,0.0,-0.83,1.86,0.0
20230223:0311,0.0,0.0,0.0,-1.19,1.93,0.0
20230223:0411,0.0,0.0,0.0,-1.41,2.14,0.0
20230223:0511,0.0,0.0,0.0,-1.03,2.21,0.0
20230223:0611,0.0,0.0,0.0,-0.98,2.41,0.0
20230223:0711,0.0,0.0,0.0,-0.5,2.69,0.0
20230223:0811,0.0,3.71,4.64,0.0,2.9,0.0
20230223:0911,332.1,140.42,11.38,1.38,3.1,0.0
20230223:1011,209.64,95.42,16.89,2.93,2.97,0.0
20230223:1111,57.45,35.23,20.74,4.11,3.72,0.0
20230223:1211,145.71,71.39,22.57,4.84,4.48,0.0
20230223:1311,154.74,75.1,22.18,5.42,4.62,0.0
20230223:1411,114.69,59.33,19.61,5.97,4.76,0.0
20230223:1511,114.6,59.33,15.13,6.15,5.03,0.0
20230223:1611,94.41,51.18,9.14,6.13,4.69,0.0
20230223:1711,0.0,1.75,2.07,5.83,4.48,0.0
20230223:1811,0.0,0.0,0.0,5.69,4.48,0.0
20230223:1911,0.0,0.0,0.0,6.12,4.62,0.0
20230223:2011,0.0,0.0,0.0,6.21,4.48,0.0
20230223:2111,0.0,0.0,0.0,6.27,4.34,0.0
20230223:2211,0.0,0.0,0.0,6.37,4.07,0.0
20230223:2311,0.0,0.0,0.0,6.44,3.72,0.0
20230224:0011,0.0,0.0,0.0,6.42,3.38,0.0
20230224:0111,0.0,0.0,0.0,6.18,3.17,0.0
20230224:0211,0.0,0.0,0.0,5.89,3.17,0.0
20230224:0311,0.0,0.0,0.0,5.44,3.03,0.0
20230224:0411,0.0,0.0,0.0,4.82,2.83,0.0
20230224:0511,0.0,0.0,0.0,4.45,2.62,0.0
20230224:0611,0.0,0.0,0.0,4.09,2.41,0.0
20230224:0711,0.0,0.0,0.0,4.04,2.41,0.0
20230224:0811,10.95,12.98,4.98,4.16,2.55,0.0
20230224:0911,83.55,46.36,11.73,4.39,2.76,0.0
20230224:1011,499.62,204.24,17.25,4.87,3.03,0.0
20230224:1111,1026.87,404.39,21.11,5.0,3.31,0.0
20230224:1211,1003.5,394.96,22.94,5.04,3.59,0.0
20230224:1311,658.62,263.66,22.54,5.25,3.93,0.0
20230224:1411,793.41,314.04,19.96,5.21,3.79,0.0
20230224:1511,205.83,94.62,15.47,4.99,3.86,0.0
20230224:1611,749.49,303.96,9.46,4.5,3.31,0.0
20230224:1711,0.0,1.75,2.37,3.7,2.9,0.0
20230224:1811,0.0,0.0,0.0,3.06,2.76,0.0
20230224:1911,0.0,0.0,0.0,2.39,2.48,0.0
20230224:2011,0.0,0.0,0.0,2.02,2.34,0.0
20230224:2111,0.0,0.0,0.0,1.7,2.28,0.0
20230224:2211,0.0,0.0,0.0,1.51,2.0,0.0
20230224:2311,0.0,0.0,0.0,1.17,1.79,0.0
20230225:0011,0.0,0.0,0.0,1.09,1.72,0.0
20230225:0111,0.0,0.0,0.0,1.07,1.66,0.0
20230225:0211,0.0,0.0,0.0,0.87,1.66,0.0
20230225:0311,0.0,0.0,0.0,0.92,1.66,0.0
20230225:0411,0.0,0.0,0.0,0.88,1.66,0.0
20230225:0511,0.0,0.0,0.0,0.82,1.59,0.0
20230225:0611,0.0,0.0,0.0,0.87,1.66,0.0
20230225:0711,0.0,0.0,0.0,0.89,1.72,0.0
20230225:0811,8.01,11.13,5.32,0.87,2.0,0.0
20230225:0911,243.12,107.39,12.08,1.16,2.14,0.0
20230225:1011,169.44,79.73,17.61,1.69,3.24,0.0
20230225:1111,225.15,101.05,21.48,2.15,3.72,0.0
20230225:1211,137.76,67.68,23.31,2.5,3.52,0.0
20230225:1311,467.52,191.2,22.91,2.82,3.17,0.0
20230225:1411,543.93,219.22,20.31,2.86,2.83,0.0
20230225:1511,284.76,123.53,15.8,2.87,2.62,0.0
20230225:1611,73.08,41.72,9.78,2.74,2.55,0.0
20230225:1711,0.0,2.78,2.68,2.37,2.07,0.0
20230225:1811,0.0,0.0,0.0,1.77,1.72,0.0
20230225:1911,0.0,0.0,0.0,1.28,1.38,0.0
20230225:2011,0.0,0.0,0.0,0.33,1.17,0.0
20230225:2111,0.0,0.0,0.0,-0.08,1.1,0.0
20230225:2211,0.0,0.0,0.0,0.21,0.97,0.0
20230225:2311,0.0,0.0,0.0,0.87,0.76,0.0
20230226:0011,0.0,0.0,0.0,0.8,0.48,0.0
20230226:0111,0.0,0.0,0.0,0.78,0.41,0.0
20230226:0211,0.0,0.0,0.0,0.64,0.62,0.0
20230226:0311,0.0,0.0,0.0,0.42,0.69,0.0
20230226:0411,0.0,0.0,0.0,-0.05,0.76,0.0
20230226:0511,0.0,0.0,0.0,-0.47,0.76,0.0
20230226:0611,0.0,0.0,0.0,-0.88,0.9,0.0
20230226:0711,0.0,0.0,0.0,-0.72,0.48,0.0
20230226:0811,360.15,160.47,5.66,-0.77,0.48,0.0
20230226:0911,993.15,394.61,12.44,0.01,0.41,0.0
20230226:1011,1399.8,563.5,17.98,1.79,0.48,0.0
20230226:1111,1820.85,761.36,21.85,3.12,0.55,0.0
20230226:1211,1694.73,704.14,23.69,4.17,0.62,0.0
20230226:1311,1869.75,793.26,23.27,5.05,0.62,0.0
20230226:1411,1720.8,723.17,20.67,5.64,0.55,0.0
20230226:1511,1334.94,547.89,16.14,5.87,0.48,0.0
20230226:1611,818.34,337.55,10.09,5.72,0.69,0.0
20230226:1711,4.86,9.27,2.98,4.89,1.1,0.0
20230226:1811,0.0,0.0,0.0,2.59,1.17,0.0
20230226:1911,0.0,0.0,0.0,2.96,1.03,0.0
20230226:2011,0.0,0.0,0.0,3.02,0.83,0.0
20230226:2111,0.0,0.0,0.0,2.5,0.48,0.0
20230226:2211,0.0,0.0,0.0,2.07,0.21,0.0
20230226:2311,0.0,0.0,0.0,1.66,0.0,0.0
20230227:0011,0.0,0.0,0.0,1.24,0.14,0.0
20230227:0111,0.0,0.0,0.0,0.92,0.34,0.0
20230227:0211,0.0,0.0,0.0,0.52,0.62,0.0
20230227:0311,0.0,0.0,0.0,0.19,0.69,0.0
20230227:0411,0.0,0.0,0.0,-0.11,0.62,0.0
20230227:0511,0.0,0.0,0.0,-0.4,0.55,0.0
20230227:0611,0.0,0.0,0.0,-1.45,0.62,0.0
20230227:0711,0.0,0.0,0.0,-2.63,0.55,0.0
20230227:0811,296.61,132.62,6.01,-2.6,0.28,0.0
20230227:0911,513.9,207.06,12.79,-1.6,0.14,0.0
20230227:1011,597.84,238.39,18.35,-0.32,0.28,0.0
20230227:1111,494.25,201.26,22.23,0.99,0.41,0.0
20230227:1211,134.91,66.75,24.06,2.52,0.69,0.0
20230227:1311,330.39,141.85,23.64,3.42,0.83,0.0
20230227:1411,298.47,129.99,21.02,3.92,0.9,0.0
20230227:1511,319.17,137.52,16.47,4.18,1.03,0.0
20230227:1611,179.4,84.63,10.41,3.92,1.31,0.0
20230227:1711,0.0,3.71,3.28,3.0,1.52,0.0
20230227:1811,0.0,0.0,0.0,1.43,1.59,0.0
20230227:1911,0.0,0.0,0.0,-0.21,1.45,0.0
20230227:2011,0.0,0.0,0.0,-0.04,1.1,0.0
20230227:2111,0.0,0.0,0.0,1.03,0.62,0.0
20230227:2211,0.0,0.0,0.0,0.88,0.28,0.0
20230227:2311,0.0,0.0,0.0,0.61,0.28,0.0
20230228:0011,0.0,0.0,0.0,0.16,0.28,0.0
20230228:0111,0.0,0.0,0.0,-0.21,0.55,0.0
20230228:0211,0.0,0.0,0.0,-0.82,0.76,0.0
20230228:0311,0.0,0.0,0.0,-0.58,0.9,0.0
20230228:0411,0.0,0.0,0.0,-0.52,0.9,0.0
20230228:0511,0.0,0.0,0.0,-0.56,0.9,0.0
20230228:0611,0.0,0.0,0.0,-0.66,0.9,0.0
20230228:0711,0.0,0.0,0.0,-0.19,0.76,0.0
20230228:0811,44.76,29.45,6.36,-0.01,0.83,0.0
20230228:0911,107.7,55.63,13.15,1.13,0.55,0.0
20230228:1011,114.12,58.41,18.72,2.09,0.48,0.0
20230228:1111,225.54,101.98,22.61,3.09,1.03,0.0
20230228:1211,94.95,50.99,24.44,3.93,1.79,0.0
20230228:1311,717.09,287.07,24.02,4.35,1.93,0.0
20230228:1411,238.38,107.21,21.38,4.44,2.0,0.0
20230228:1511,152.73,74.17,16.81,4.4,2.0,0.0
20230228:1611,95.01,51.09,10.73,4.22,1.86,0.0
20230228:1711,0.0,5.56,3.59,4.01,1.66,0.0
20230228:1811,0.0,0.0,0.0,3.61,1.45,0.0
20230228:1911,0.0,0.0,0.0,3.08,1.66,0.0
20230228:2011,0.0,0.0,0.0,2.91,1.66,0.0
20230228:2111,0.0,0.0,0.0,2.49,1.45,0.0
20230228:2211,0.0,0.0,0.0,2.3,1.31,0.0
20230228:2311,0.0,0.0,0.0,2.01,1.31,0.0
20230301:0011,0.0,0.0,0.0,1.84,1.31,0.0
20230301:0111,0.0,0.0,0.0,1.57,1.31,0.0
20230301:0211,0.0,0.0,0.0,1.55,1.31,0.0
20230301:0311,0.0,0.0,0.0,1.64,1.45,0.0
20230301:0411,0.0,0.0,0.0,1.97,1.59,0.0
20230301:0511,0.0,0.0,0.0,2.04,1.86,0.0
20230301:0611,0.0,0.0,0.0,2.17,2.14,0.0
20230301:0711,0.0,0.0,0.0,2.05,2.28,0.0
20230301:0811,71.07,41.17,6.71,1.96,2.28,0.0
20230301:0911,100.23,52.85,13.51,2.51,2.07,0.0
20230301:1011,685.32,272.47,19.09,3.18,2.48,0.0
20230301:1111,136.68,67.68,22.99,4.01,3.03,0.0
20230301:1211,126.99,63.97,24.82,4.49,3.1,0.0
20230301:1311,162.06,77.88,24.39,4.92,3.38,0.0
20230301:1411,101.28,53.77,21.73,5.12,3.03,0.0
20230301:1511,187.32,87.83,17.15,5.27,2.48,0.0
20230301:1611,187.86,88.22,11.05,5.11,1.86,0.0
20230301:1711,24.42,20.74,3.89,4.89,1.86,0.0
20230301:1811,0.0,0.0,0.0,4.28,1.72,0.0
20230301:1911,0.0,0.0,0.0,3.46,1.79,0.0
20230301:2011,0.0,0.0,0.0,3.2,2.14,0.0
20230301:2111,0.0,0.0,0.0,3.5,2.62,0.0
20230301:2211,0.0,0.0,0.0,3.25,2.62,0.0
20230301:2311,0.0,0.0,0.0,3.03,2.34,0.0
20230302:0011,0.0,0.0,0.0,2.8,2.0,0.0
20230302:0111,0.0,0.0,0.0,2.73,1.79,0.0
20230302:0211,0.0,0.0,0.0,2.12,1.66,0.0
20230302:0311,0.0,0.0,0.0,2.15,1.66,0.0
20230302:0411,0.0,0.0,0.0,2.29,1.72,0.0
20230302:0511,0.0,0.0,0.0,2.32,1.79,0.0
20230302:0611,0.0,0.0,0.0,2.46,1.93,0.0
20230302:0711,0.0,0.0,0.0,2.45,2.0,0.0
20230302:0811,117.39,60.9,7.06,2.57,1.93,0.0
20230302:0911,167.7,79.49,13.88,3.05,2.55,0.0
20230302:1011,392.1,163.9,19.47,3.69,2.97,0.0
20230302:1111,324.96,139.81,23.37,4.57,2.97,0.0
20230302:1211,351.12,149.92,25.21,4.96,3.03,0.0
20230302:1311,262.95,116.82,24.76,5.1,2.9,0.0
20230302:1411,197.64,91.78,22.09,5.07,2.76,0.0
20230302:1511,171.42,81.59,17.49,4.97,2.83,0.0
20230302:1611,229.44,104.01,11.37,4.68,2.76,0.0
20230302:1711,9.36,12.05,4.2,4.22,2.34,0.0
20230302:1811,0.0,0.0,0.0,3.44,1.86,0.0
20230302:1911,0.0,0.0,0.0,3.05,1.66,0.0
20230302:2011,0.0,0.0,0.0,2.19,1.45,0.0
20230302:2111,0.0,0.0,0.0,1.33,1.31,0.0
20230302:2211,0.0,0.0,0.0,1.25,1.1,0.0
20230302:2311,0.0,0.0,0.0,1.75,0.97,0.0
20230303:0011,0.0,0.0,0.0,1.95,0.9,0.0
20230303:0111,0.0,0.0,0.0,1.45,0.9,0.0
20230303:0211,0.0,0.0,0.0,1.29,0.9,0.0
20230303:0311,0.0,0.0,0.0,0.47,0.83,0.0
20230303:0411,0.0,0.0,0.0,-0.05,0.83,0.0
20230303:0511,0.0,0.0,0.0,-0.44,0.83,0.0
20230303:0611,0.0,0.0,0.0,-0.38,0.69,0.0
20230303:0711,0.0,0.0,0.0,0.41,0.55,0.0
20230303:0811,103.5,54.54,7.42,0.52,0.48,0.0
20230303:0911,161.64,76.76,14.25,1.06,0.41,0.0
20230303:1011,199.89,91.78,19.84,1.94,0.62,0.0
20230303:1111,223.59,101.05,23.76,2.57,0.83,0.0
20230303:1211,208.35,95.49,25.59,3.38,1.1,0.0
20230303:1311,602.82,244.49,25.14,4.0,1.17,0.0
20230303:1411,535.8,219.15,22.45,4.41,1.31,0.0
20230303:1511,423.66,176.89,17.82,4.6,1.45,0.0
20230303:1611,247.11,110.9,11.69,4.56,1.59,0.0
20230303:1711,10.95,12.98,4.5,4.03,1.38,0.0
20230303:1811,0.0,0.0,0.0,3.1,1.38,0.0
20230303:1911,0.0,0.0,0.0,2.11,1.24,0.0
20230303:2011,0.0,0.0,0.0,1.39,1.31,0.0
20230303:2111,0.0,0.0,0.0,1.57,1.03,0.0
20230303:2211,0.0,0.0,0.0,1.98,0.9,0.0
20230303:2311,0.0,0.0,0.0,1.21,1.03,0.0
20230304:0011,0.0,0.0,0.0,0.59,1.17,0.0
20230304:0111,0.0,0.0,0.0,0.06,1.24,0.0
20230304:0211,0.0,0.0,0.0,-0.31,1.31,0.0
20230304:0311,0.0,0.0,0.0,-0.69,1.45,0.0
20230304:0411,0.0,0.0,0.0,-0.47,1.45,0.0
20230304:0511,0.0,0.0,0.0,0.0,1.52,0.0
20230304:0611,0.0,0.0,0.0,0.57,1.52,0.0
20230304:0711,0.0,0.0,0.0,1.04,1.45,0.0
20230304:0811,133.86,67.13,7.78,1.3,1.38,0.0
20230304:0911,306.6,131.66,14.62,1.8,1.1,0.0
20230304:1011,199.2,91.78,20.22,2.85,1.03,0.0
20230304:1111,385.86,162.63,24.14,3.5,1.1,0.0
20230304:1211,217.35,99.2,25.98,3.83,0.69,0.0
20230304:1311,724.41,292.45,25.51,4.29,0.48,0.0
20230304:1411,572.13,234.02,22.81,4.28,0.21,0.0
20230304:1511,552.69,226.38,18.16,4.34,0.21,0.0
20230304:1611,387.69,164.92,12.01,4.24,0.48,0.0
20230304:1711,14.28,14.83,4.81,3.91,0.41,0.0
20230304:1811,0.0,0.0,0.0,3.87,0.34,0.0
20230304:1911,0.0,0.0,0.0,2.56,1.1,0.0
20230304:2011,0.0,0.0,0.0,2.58,1.52,0.0
20230304:2111,0.0,0.0,0.0,2.66,1.86,0.0
20230304:2211,0.0,0.0,0.0,2.47,2.0,0.0
20230304:2311,0.0,0.0,0.0,2.22,2.07,0.0
20230305:0011,0.0,0.0,0.0,1.84,2.14,0.0
20230305:0111,0.0,0.0,0.0,1.51,2.21,0.0
20230305:0211,0.0,0.0,0.0,1.37,2.34,0.0
20230305:0311,0.0,0.0,0.0,1.36,2.34,0.0
20230305:0411,0.0,0.0,0.0,1.35,2.28,0.0
20230305:0511,0.0,0.0,0.0,1.26,2.21,0.0
20230305:0611,0.0,0.0,0.0,1.31,2.07,0.0
20230305:0711,0.0,0.0,0.0,1.48,1.86,0.0
20230305:0811,117.3,60.27,8.14,1.62,1.79,0.0
20230305:0911,259.5,114.15,14.99,2.3,1.72,0.0
20230305:1011,244.47,108.97,20.61,3.1,1.86,0.0
20230305:1111,633.78,255.35,24.53,3.9,1.72,0.0
20230305:1211,869.19,346.78,26.37,3.88,1.17,0.0
20230305:1311,983.64,392.91,25.89,3.69,0.76,0.0
20230305:1411,780.18,311.85,23.17,3.36,0.76,0.0
20230305:1511,887.25,353.07,18.5,3.16,0.9,0.0
20230305:1611,317.07,136.69,12.33,2.71,1.1,0.0
20230305:1711,6.42,10.2,5.12,2.07,1.17,0.0
20230305:1811,0.0,0.0,0.0,1.31,0.97,0.0
20230305:1911,0.0,0.0,0.0,1.81,0.55,0.0
20230305:2011,0.0,0.0,0.0,1.09,1.03,0.0
20230305:2111,0.0,0.0,0.0,1.13,1.38,0.0
20230305:2211,0.0,0.0,0.0,1.69,1.79,0.0
20230305:2311,0.0,0.0,0.0,2.17,2.41,0.0
20230306:0011,0.0,0.0,0.0,2.34,2.83,0.0
20230306:0111,0.0,0.0,0.0,2.41,2.97,0.0
20230306:0211,0.0,0.0,0.0,2.36,2.76,0.0
20230306:0311,0.0,0.0,0.0,2.1,2.97,0.0
20230306:0411,0.0,0.0,0.0,1.76,3.1,0.0
20230306:0511,0.0,0.0,0.0,1.14,3.03,0.0
20230306:0611,0.0,0.0,0.0,0.37,3.66,0.0
20230306:0711,0.0,0.0,0.0,0.02,3.86,0.0
20230306:0811,212.76,97.57,8.51,-0.3,3.72,0.0
20230306:0911,41.7,27.81,15.36,-0.25,3.66,0.0
20230306:1011,419.22,171.34,20.99,0.37,3.93,0.0
20230306:1111,241.68,106.62,24.92,0.66,3.93,0.0
20230306:1211,270.69,117.74,26.76,1.31,4.0,0.0
20230306:1311,374.34,156.13,26.27,1.48,4.0,0.0
20230306:1411,271.68,118.16,23.53,1.63,4.14,0.0
20230306:1511,554.49,220.73,18.84,1.1,4.34,0.0
20230306:1611,21.81,18.54,12.65,0.47,4.21,0.0
20230306:1711,242.91,118.91,5.42,-0.1,3.24,0.0
20230306:1811,0.0,0.0,0.0,-0.78,2.69,0.0
20230306:1911,0.0,0.0,0.0,-1.33,3.17,0.0
20230306:2011,0.0,0.0,0.0,-1.53,3.17,0.0
20230306:2111,0.0,0.0,0.0,-1.79,2.62,0.0
20230306:2211,0.0,0.0,0.0,-2.0,2.41,0.0
20230306:2311,0.0,0.0,0.0,-2.07,2.55,0.0
20230307:0011,0.0,0.0,0.0,-2.39,2.48,0.0
20230307:0111,0.0,0.0,0.0,-2.61,2.28,0.0
20230307:0211,0.0,0.0,0.0,-2.8,2.28,0.0
20230307:0311,0.0,0.0,0.0,-3.15,2.14,0.0
20230307:0411,0.0,0.0,0.0,-3.26,2.07,0.0
20230307:0511,0.0,0.0,0.0,-3.51,1.79,0.0
20230307:0611,0.0,0.0,0.0,-3.71,1.79,0.0
20230307:0711,0.0,0.0,0.0,-3.68,1.66,0.0
20230307:0811,180.63,83.82,8.87,-3.34,1.86,0.0
20230307:0911,109.74,55.63,15.74,-2.26,2.48,0.0
20230307:1011,350.94,145.75,21.38,-1.42,3.03,0.0
20230307:1111,948.99,365.41,25.32,-0.68,3.38,0.0
20230307:1211,1369.08,529.1,27.15,-0.21,3.45,0.0
20230307:1311,812.94,315.76,26.65,0.05,3.52,0.0
20230307:1411,681.48,266.4,23.89,-0.3,3.66,0.0
20230307:1511,560.28,221.91,19.18,-0.6,3.31,0.0
20230307:1611,454.65,184.9,12.97,-0.96,2.83,0.0
20230307:1711,158.25,80.58,5.73,-1.56,2.34,0.0
20230307:1811,0.0,0.0,0.0,-2.52,2.07,0.0
20230307:1911,0.0,0.0,0.0,-3.06,2.0,0.0
20230307:2011,0.0,0.0,0.0,-3.72,1.66,0.0
20230307:2111,0.0,0.0,0.0,-4.71,1.31,0.0
20230307:2211,0.0,0.0,0.0,-4.59,1.03,0.0
20230307:2311,0.0,0.0,0.0,-4.67,0.97,0.0
20230308:0011,0.0,0.0,0.0,-4.96,0.97,0.0
20230308:0111,0.0,0.0,0.0,-5.61,1.03,0.0
20230308:0211,0.0,0.0,0.0,-6.08,1.03,0.0
20230308:0311,0.0,0.0,0.0,-6.16,0.97,0.0
20230308:0411,0.0,0.0,0.0,-6.49,0.83,0.0
20230308:0511,0.0,0.0,0.0,-6.76,0.76,0.0
20230308:0611,0.0,0.0,0.0,-6.49,0.83,0.0
20230308:0711,0.0,0.0,0.0,-5.84,0.34,0.0
20230308:0811,619.02,253.16,9.24,-5.7,0.34,0.0
20230308:0911,1212.57,472.71,16.12,-4.72,0.34,0.0
20230308:1011,1641.99,656.45,21.76,-3.22,0.34,0.0
20230308:1111,1951.11,807.7,25.71,-1.88,0.34,0.0
20230308:1211,2128.32,894.58,27.54,-0.73,0.76,0.0
20230308:1311,1893.6,774.82,27.03,0.05,1.17,0.0
20230308:1411,1479.9,586.95,24.25,0.44,1.45,0.0
20230308:1511,1440.99,569.76,19.52,0.46,1.66,0.0
20230308:1611,1006.35,399.31,13.29,0.12,1.72,0.0
20230308:1711,294.66,139.03,6.03,-0.59,1.38,0.0
20230308:1811,0.0,0.0,0.0,-1.61,1.03,0.0
20230308:1911,0.0,0.0,0.0,-3.0,0.9,0.0
20230308:2011,0.0,0.0,0.0,-2.43,0.28,0.0
20230308:2111,0.0,0.0,0.0,-2.84,0.21,0.0
20230308:2211,0.0,0.0,0.0,-3.11,0.41,0.0
20230308:2311,0.0,0.0,0.0,-3.29,0.55,0.0
20230309:0011,0.0,0.0,0.0,-3.5,0.48,0.0
20230309:0111,0.0,0.0,0.0,-3.72,0.48,0.0
20230309:0211,0.0,0.0,0.0,-3.96,0.48,0.0
20230309:0311,0.0,0.0,0.0,-4.15,0.48,0.0
20230309:0411,0.0,0.0,0.0,-4.43,0.48,0.0
20230309:0511,0.0,0.0,0.0,-4.7,0.62,0.0
20230309:0611,0.0,0.0,0.0,-4.82,0.62,0.0
20230309:0711,0.0,1.75,1.96,-5.48,0.41,0.0
20230309:0811,505.32,208.49,9.61,-5.14,0.21,0.0
20230309:0911,739.83,289.39,16.5,-3.6,0.14,0.0
20230309:1011,1245.96,487.34,22.15,-1.43,0.97,0.0
20230309:1111,1853.88,744.57,26.1,-0.13,2.0,0.0
20230309:1211,1779.51,707.69,27.93,1.15,2.97,0.0
20230309:1311,1716.9,679.43,27.42,1.61,3.31,0.0
20230309:1411,835.02,326.54,24.62,1.93,3.45,0.0
20230309:1511,749.7,294.21,19.86,1.82,3.52,0.0
20230309:1611,469.05,191.81,13.61,1.35,3.24,0.0
20230309:1711,285.45,134.73,6.34,0.43,2.83,0.0
20230309:1811,0.0,0.0,0.0,-0.8,2.48,0.0
20230309:1911,0.0,0.0,0.0,-1.26,2.28,0.0
20230309:2011,0.0,0.0,0.0,-1.68,2.07,0.0
20230309:2111,0.0,0.0,0.0,-2.12,1.86,0.0
20230309:2211,0.0,0.0,0.0,-2.57,1.79,0.0
20230309:2311,0.0,0.0,0.0,-3.03,1.66,0.0
20230310:0011,0.0,0.0,0.0,-3.3,1.52,0.0
20230310:0111,0.0,0.0,0.0,-3.48,1.31,0.0
20230310:0211,0.0,0.0,0.0,-3.43,1.17,0.0
20230310:0311,0.0,0.0,0.0,-3.55,1.1,0.0
20230310:0411,0.0,0.0,0.0,-3.55,1.1,0.0
20230310:0511,0.0,0.0,0.0,-4.04,1.24,0.0
20230310:0611,0.0,0.0,0.0,-4.63,1.38,0.0
20230310:0711,0.0,4.37,2.32,-4.18,1.38,0.0
20230310:0811,659.73,269.08,9.99,-3.75,1.38,0.0
20230310:0911,1222.65,479.72,16.88,-0.76,1.52,0.0
20230310:1011,1668.27,662.23,22.54,0.64,2.28,0.0
20230310:1111,2004.84,810.8,26.5,1.51,2.83,0.0
20230310:1211,1030.26,402.87,28.33,2.29,3.03,0.0
20230310:1311,1659.33,658.79,27.8,2.78,3.31,0.0
20230310:1411,573.21,230.71,24.98,3.0,3.17,0.0
20230310:1511,886.38,348.22,20.2,3.08,3.1,0.0
20230310:1611,435.27,180.46,13.93,2.85,2.9,0.0
20230310:1711,169.86,85.15,6.64,2.03,2.28,0.0
20230310:1811,0.0,0.0,0.0,0.75,2.0,0.0
20230310:1911,0.0,0.0,0.0,-0.34,2.14,0.0
20230310:2011,0.0,0.0,0.0,-1.3,1.79,0.0
20230310:2111,0.0,0.0,0.0,-2.42,1.45,0.0
20230310:2211,0.0,0.0,0.0,-2.64,1.17,0.0
20230310:2311,0.0,0.0,0.0,-2.41,0.97,0.0
20230311:0011,0.0,0.0,0.0,-2.07,0.76,0.0
20230311:0111,0.0,0.0,0.0,-1.91,0.69,0.0
20230311:0211,0.0,0.0,0.0,-2.03,0.62,0.0
20230311:0311,0.0,0.0,0.0,-2.02,0.41,0.0
20230311:0411,0.0,0.0,0.0,-2.11,0.41,0.0
20230311:0511,0.0,0.0,0.0,-2.3,0.41,0.0
20230311:0611,0.0,0.0,0.0,-2.47,0.69,0.0
20230311:0711,3.84,8.34,2.69,-4.05,0.55,0.0
20230311:0811,665.61,272.04,10.36,-4.21,0.21,0.0
20230311:0911,1265.13,498.39,17.26,-3.24,0.21,0.0
20230311:1011,1756.23,701.82,22.94,-1.94,1.24,0.0
20230311:1111,2002.68,819.57,26.9,-0.73,1.38,0.0
20230311:1211,2151.06,893.11,28.72,0.36,1.66,0.0
20230311:1311,2025.48,827.81,28.18,1.3,2.21,0.0
20230311:1411,1864.8,750.28,25.34,1.82,2.62,0.0
20230311:1511,1137.63,444.56,20.54,1.93,2.76,0.0
20230311:1611,820.62,326.58,14.25,1.85,2.48,0.0
20230311:1711,131.4,67.88,6.95,1.02,2.14,0.0
20230311:1811,0.0,0.0,0.0,-0.29,2.0,0.0
20230311:1911,0.0,0.0,0.0,-0.45,2.0,0.0
20230311:2011,0.0,0.0,0.0,-0.59,2.28,0.0
20230311:2111,0.0,0.0,0.0,-0.57,2.28,0.0
20230311:2211,0.0,0.0,0.0,-0.51,2.07,0.0
20230311:2311,0.0,0.0,0.0,-0.27,2.28,0.0
20230312:0011,0.0,0.0,0.0,-0.07,2.21,0.0
20230312:0111,0.0,0.0,0.0,-0.02,2.07,0.0
20230312:0211,0.0,0.0,0.0,-0.11,1.66,0.0
20230312:0311,0.0,0.0,0.0,-0.19,0.97,0.0
20230312:0411,0.0,0.0,0.0,-0.25,0.48,0.0
20230312:0511,0.0,0.0,0.0,-0.34,0.41,0.0
20230312:0611,0.0,0.0,0.0,-0.6,0.62,0.0
20230312:0711,0.0,3.71,3.06,-0.01,1.17,0.0
20230312:0811,117.21,59.43,10.74,0.62,1.52,0.0
20230312:0911,219.75,99.01,17.65,1.65,1.66,0.0
20230312:1011,888.96,350.75,23.33,3.05,2.14,0.0
20230312:1111,1124.55,444.63,27.3,4.26,2.62,0.0
20230312:1211,197.64,91.78,29.12,5.35,3.86,0.0
20230312:1311,298.92,130.72,28.56,5.52,2.9,0.0
20230312:1411,353.82,151.12,25.71,5.07,2.76,0.0
20230312:1511,323.58,139.42,20.88,4.97,2.97,0.0
20230312:1611,240.72,108.47,14.57,5.25,2.34,0.0
20230312:1711,169.2,85.41,7.25,5.3,2.55,0.0
20230312:1811,0.0,0.0,0.0,5.1,2.62,0.0
20230312:1911,0.0,0.0,0.0,5.13,1.45,0.0
20230312:2011,0.0,0.0,0.0,4.68,1.31,0.0
20230312:2111,0.0,0.0,0.0,4.21,1.31,0.0
20230312:2211,0.0,0.0,0.0,3.82,1.24,0.0
20230312:2311,0.0,0.0,0.0,3.59,1.1,0.0
20230313:0011,0.0,0.0,0.0,3.87,0.76,0.0
20230313:0111,0.0,0.0,0.0,3.81,0.62,0.0
20230313:0211,0.0,0.0,0.0,2.71,1.17,0.0
20230313:0311,0.0,0.0,0.0,2.92,1.66,0.0
20230313:0411,0.0,0.0,0.0,2.94,2.55,0.0
20230313:0511,0.0,0.0,0.0,1.99,3.59,0.0
20230313:0611,0.0,0.0,0.0,0.79,3.79,0.0
20230313:0711,0.0,1.85,3.43,0.55,4.07,0.0
20230313:0811,45.78,29.67,11.11,0.18,4.0,0.0
20230313:0911,156.36,74.17,18.03,0.04,4.0,0.0
20230313:1011,47.88,30.59,23.73,0.25,3.93,0.0
20230313:1111,110.7,56.55,27.7,0.58,4.34,0.0
20230313:1211,314.04,133.5,29.52,1.09,5.45,0.0
20230313:1311,294.24,126.09,28.95,0.9,5.45,0.0
20230313:1411,251.28,110.33,26.07,1.12,4.62,0.0
20230313:1511,275.61,119.28,21.22,1.08,4.41,0.0
20230313:1611,67.2,38.94,14.89,0.96,5.1,0.0
20230313:1711,114.84,60.13,7.55,0.81,4.62,0.0
20230313:1811,0.0,0.0,0.0,0.29,3.79,0.0
20230313:1911,0.0,0.0,0.0,0.06,3.17,0.0
20230313:2011,0.0,0.0,0.0,-0.39,2.83,0.0
20230313:2111,0.0,0.0,0.0,-1.23,2.55,0.0
20230313:2211,0.0,0.0,0.0,-1.93,2.28,0.0
20230313:2311,0.0,0.0,0.0,-3.08,1.79,0.0
20230314:0011,0.0,0.0,0.0,-4.33,1.66,0.0
20230314:0111,0.0,0.0,0.0,-4.96,1.79,0.0
20230314:0211,0.0,0.0,0.0,-6.17,2.07,0.0
20230314:0311,0.0,0.0,0.0,-4.28,2.34,0.0
20230314:0411,0.0,0.0,0.0,-3.93,2.55,0.0
20230314:0511,0.0,0.0,0.0,-3.81,2.69,0.0
20230314:0611,0.0,0.0,0.0,-3.37,2.76,0.0
20230314:0711,0.0,3.71,3.8,-3.2,1.86,0.0
20230314:0811,249.9,109.96,11.49,-2.34,1.45,0.0
20230314:0911,31.68,23.18,18.42,-1.25,2.07,0.0
20230314:1011,241.14,105.69,24.12,-1.27,3.17,0.0
20230314:1111,410.28,168.61,28.1,-0.23,2.97,0.0
20230314:1211,815.61,318.99,29.91,0.47,2.76,0.0
20230314:1311,399.33,165.52,29.33,0.88,2.62,0.0
20230314:1411,552.84,221.94,26.43,1.25,2.83,0.0
20230314:1511,449.58,183.65,21.56,1.38,3.1,0.0
20230314:1611,110.37,56.55,15.21,1.08,3.31,0.0
20230314:1711,187.56,90.72,7.86,0.51,2.76,0.0
20230314:1811,0.0,0.0,0.0,-0.55,2.48,0.0
20230314:1911,0.0,0.0,0.0,-1.54,2.62,0.0
20230314:2011,0.0,0.0,0.0,-2.4,2.55,0.0
20230314:2111,0.0,0.0,0.0,-3.33,2.48,0.0
20230314:2211,0.0,0.0,0.0,-4.31,2.55,0.0
20230314:2311,0.0,0.0,0.0,-5.11,2.69,0.0
20230315:0011,0.0,0.0,0.0,-5.51,2.76,0.0
20230315:0111,0.0,0.0,0.0,-6.1,2.62,0.0
20230315:0211,0.0,0.0,0.0,-6.86,2.48,0.0
20230315:0311,0.0,0.0,0.0,-7.49,2.55,0.0
20230315:0411,0.0,0.0,0.0,-8.12,2.48,0.0
20230315:0511,0.0,0.0,0.0,-8.48,2.48,0.0
20230315:0611,0.0,0.0,0.0,-8.61,2.41,0.0
20230315:0711,18.06,17.16,4.17,-3.37,1.66,0.0
20230315:0811,314.79,134.4,11.87,-2.54,1.59,0.0
20230315:0911,206.49,92.02,18.81,-3.51,2.14,0.0
20230315:1011,401.58,166.04,24.52,0.9,2.69,0.0
20230315:1111,921.24,361.56,28.5,2.34,2.76,0.0
20230315:1211,629.67,252.56,30.31,3.06,2.97,0.0
20230315:1311,1241.79,489.31,29.71,3.46,2.97,0.0
20230315:1411,550.83,223.36,26.79,3.38,2.69,0.0
20230315:1511,256.14,113.34,21.9,3.14,2.34,0.0
20230315:1611,130.29,64.9,15.53,2.76,1.93,0.0
20230315:1711,57.96,35.23,8.16,2.09,1.52,0.0
20230315:1811,0.0,0.0,0.0,2.18,1.66,0.0
20230315:1911,0.0,0.0,0.0,1.93,1.86,0.0
20230315:2011,0.0,0.0,0.0,1.48,1.93,0.0
20230315:2111,0.0,0.0,0.0,1.09,2.0,0.0
20230315:2211,0.0,0.0,0.0,0.94,2.07,0.0
20230315:2311,0.0,0.0,0.0,0.78,1.79,0.0
20230316:0011,0.0,0.0,0.0,0.86,1.52,0.0
20230316:0111,0.0,0.0,0.0,0.79,1.24,0.0
20230316:0211,0.0,0.0,0.0,0.62,0.97,0.0
20230316:0311,0.0,0.0,0.0,0.57,0.83,0.0
20230316:0411,0.0,0.0,0.0,0.67,0.76,0.0
20230316:0511,0.0,0.0,0.0,0.95,0.55,0.0
20230316:0611,0.0,0.0,0.0,1.2,0.41,0.0
20230316:0711,2.34,7.42,4.55,1.03,0.55,0.0
20230316:0811,91.47,49.14,12.25,1.38,0.62,0.0
20230316:0911,173.28,81.59,19.19,2.05,0.62,0.0
20230316:1011,172.83,81.59,24.91,2.61,0.69,0.0
20230316:1111,320.49,138.14,28.9,3.12,0.9,0.0
20230316:1211,104.1,54.7,30.71,3.68,0.9,0.0
20230316:1311,1043.28,418.61,30.1,4.35,0.9,0.0
20230316:1411,737.7,297.62,27.15,5.03,1.17,0.0
20230316:1511,737.34,296.92,22.24,5.4,1.59,0.0
20230316:1611,677.79,276.39,15.84,5.89,2.21,0.0
20230316:1711,136.56,70.49,8.46,6.65,2.69,0.0
20230316:1811,0.0,0.0,0.0,7.04,3.1,0.0
20230316:1911,0.0,0.0,0.0,6.94,2.69,0.0
20230316:2011,0.0,0.0,0.0,7.03,2.62,0.0
20230316:2111,0.0,0.0,0.0,7.06,2.55,0.0
20230316:2211,0.0,0.0,0.0,6.99,2.34,0.0
20230316:2311,0.0,0.0,0.0,6.8,2.28,0.0
20230317:0011,0.0,0.0,0.0,6.59,2.34,0.0
20230317:0111,0.0,0.0,0.0,6.63,2.28,0.0
20230317:0211,0.0,0.0,0.0,6.62,2.28,0.0
20230317:0311,0.0,0.0,0.0,6.42,2.28,0.0
20230317:0411,0.0,0.0,0.0,6.3,2.28,0.0
20230317:0511,0.0,0.0,0.0,6.08,2.28,0.0
20230317:0611,0.0,0.0,0.0,6.06,2.41,0.0
20230317:0711,7.68,11.13,4.92,6.54,2.48,0.0
20230317:0811,724.08,303.47,12.63,6.76,2.55,0.0
20230317:0911,1297.74,524.45,19.58,7.42,2.76,0.0
20230317:1011,972.9,391.71,25.31,8.57,2.97,0.0
20230317:1111,1219.59,496.07,29.3,9.37,2.48,0.0
20230317:1211,661.77,274.07,31.11,9.84,1.72,0.0
20230317:1311,123.09,63.97,30.48,10.23,0.83,0.0
20230317:1411,420.21,181.42,27.52,10.13,0.21,0.0
20230317:1511,81.33,46.36,22.58,9.37,0.97,0.0
20230317:1611,264.6,119.22,16.16,8.31,1.66,0.0
20230317:1711,267.72,127.77,8.76,7.58,1.93,0.0
20230317:1811,0.0,0.0,0.0,6.19,2.0,0.0
20230317:1911,0.0,0.0,0.0,5.1,2.21,0.0
20230317:2011,0.0,0.0,0.0,4.47,1.93,0.0
20230317:2111,0.0,0.0,0.0,3.87,1.72,0.0
20230317:2211,0.0,0.0,0.0,3.76,1.59,0.0
20230317:2311,0.0,0.0,0.0,3.68,1.38,0.0
20230318:0011,0.0,0.0,0.0,3.68,1.38,0.0
20230318:0111,0.0,0.0,0.0,3.8,1.59,0.0
20230318:0211,0.0,0.0,0.0,3.94,1.86,0.0
20230318:0311,0.0,0.0,0.0,4.09,1.79,0.0
20230318:0411,0.0,0.0,0.0,4.12,1.72,0.0
20230318:0511,0.0,0.0,0.0,4.25,1.79,0.0
20230318:0611,0.0,0.0,0.0,4.23,1.1,0.0
20230318:0711,1.08,6.49,5.3,4.49,1.45,0.0
20230318:0811,306.87,135.1,13.01,4.82,1.52,0.0
20230318:0911,165.99,79.73,19.97,5.4,1.45,0.0
20230318:1011,579.51,237.57,25.71,5.9,1.45,0.0
20230318:1111,392.64,167.39,29.71,6.46,1.45,0.0
20230318:1211,403.32,171.85,31.51,7.04,1.72,0.0
20230318:1311,497.55,208.59,30.87,7.7,1.38,0.0
20230318:1411,286.89,127.94,27.88,8.21,1.38,0.0
20230318:1511,170.58,82.51,22.91,8.47,1.66,0.0
20230318:1611,131.22,66.75,16.47,8.45,1.86,0.0
20230318:1711,84.21,47.73,9.07,8.12,2.41,0.0
20230318:1811,0.0,0.0,0.0,7.01,2.97,0.0
20230318:1911,0.0,0.0,0.0,6.48,2.55,0.0
20230318:2011,0.0,0.0,0.0,5.83,2.34,0.0
20230318:2111,0.0,0.0,0.0,5.31,2.34,0.0
20230318:2211,0.0,0.0,0.0,4.95,2.41,0.0
20230318:2311,0.0,0.0,0.0,4.87,2.62,0.0
20230319:0011,0.0,0.0,0.0,4.75,2.69,0.0
20230319:0111,0.0,0.0,0.0,4.95,2.55,0.0
20230319:0211,0.0,0.0,0.0,5.44,2.55,0.0
20230319:0311,0.0,0.0,0.0,5.48,2.62,0.0
20230319:0411,0.0,0.0,0.0,5.08,3.03,0.0
20230319:0511,0.0,0.0,0.0,4.47,2.83,0.0
20230319:0611,0.0,0.0,0.0,4.01,2.21,0.0
20230319:0711,0.03,5.56,5.67,3.48,1.45,0.0
20230319:0811,305.4,133.73,13.39,3.62,1.31,0.0
20230319:0911,518.52,212.42,20.36,4.1,1.72,0.0
20230319:1011,621.48,251.97,26.11,4.67,1.72,0.0
20230319:1111,795.18,320.06,30.11,5.32,1.59,0.0
20230319:1211,1487.4,606.99,31.9,5.98,1.66,0.0
20230319:1311,659.25,268.86,31.25,6.25,1.66,0.0
20230319:1411,162.84,78.8,28.24,6.46,1.66,0.0
20230319:1511,253.8,114.16,23.25,6.57,1.79,0.0
20230319:1611,50.46,32.45,16.79,6.12,1.45,0.0
20230319:1711,54.78,34.3,9.37,5.63,1.1,0.0
20230319:1811,0.0,0.0,0.0,5.2,1.1,0.0
20230319:1911,0.0,0.0,0.0,5.0,0.97,0.0
20230319:2011,0.0,0.0,0.0,3.96,1.24,0.0
20230319:2111,0.0,0.0,0.0,3.34,1.17,0.0
20230319:2211,0.0,0.0,0.0,3.02,1.03,0.0
20230319:2311,0.0,0.0,0.0,2.36,1.17,0.0
20230320:0011,0.0,0.0,0.0,1.91,1.1,0.0
20230320:0111,0.0,0.0,0.0,1.9,0.9,0.0
20230320:0211,0.0,0.0,0.0,1.56,0.83,0.0
20230320:0311,0.0,0.0,0.0,1.01,0.83,0.0
20230320:0411,0.0,0.0,0.0,0.61,0.69,0.0
20230320:0511,0.0,0.0,0.0,0.37,0.62,0.0
20230320:0611,0.0,0.0,0.0,-0.49,0.76,0.0
20230320:0711,67.59,41.5,6.05,0.26,0.55,0.0
20230320:0811,730.59,299.75,13.77,1.0,0.62,0.0
20230320:0911,1165.89,464.03,20.75,1.91,0.97,0.0
20230320:1011,736.17,294.24,26.51,2.95,1.17,0.0
20230320:1111,1218.69,488.33,30.51,4.33,1.45,0.0
20230320:1211,1109.49,446.03,32.3,5.49,1.52,0.0
20230320:1311,829.59,335.56,31.63,6.46,1.52,0.0
20230320:1411,553.41,228.73,28.6,6.99,1.79,0.0
20230320:1511,277.05,123.42,23.58,6.97,1.38,0.0
20230320:1611,174.75,83.54,17.1,6.51,1.24,0.0
20230320:1711,40.23,27.81,9.67,6.21,1.38,0.0
20230320:1811,0.0,0.87,1.73,5.9,1.38,0.0
20230320:1911,0.0,0.0,0.0,5.93,1.52,0.0
20230320:2011,0.0,0.0,0.0,5.77,1.52,0.0
20230320:2111,0.0,0.0,0.0,5.64,1.52,0.0
20230320:2211,0.0,0.0,0.0,5.51,1.52,0.0
20230320:2311,0.0,0.0,0.0,5.45,1.45,0.0
20230321:0011,0.0,0.0,0.0,5.43,1.38,0.0
20230321:0111,0.0,0.0,0.0,5.2,1.38,0.0
20230321:0211,0.0,0.0,0.0,5.08,1.31,0.0
20230321:0311,0.0,0.0,0.0,5.1,1.38,0.0
20230321:0411,0.0,0.0,0.0,5.1,1.45,0.0
20230321:0511,0.0,0.0,0.0,5.21,1.52,0.0
20230321:0611,0.0,0.0,0.0,5.75,1.86,0.0
20230321:0711,0.0,0.0,0.0,6.48,2.34,0.0
20230321:0811,0.0,0.0,0.0,7.37,2.83,0.0
20230321:0911,136.26,68.61,21.14,8.09,3.17,0.0
20230321:1011,404.01,172.33,26.91,8.95,4.14,0.0
20230321:1111,1892.43,782.33,30.92,9.42,3.93,0.0
20230321:1211,2014.86,841.91,32.7,9.84,3.93,0.0
20230321:1311,1492.89,606.08,32.02,10.24,4.41,0.0
20230321:1411,1863.6,770.64,28.96,10.22,4.07,0.0
20230321:1511,1545.51,631.38,23.92,10.19,3.72,0.0
20230321:1611,971.04,397.36,17.42,9.88,3.45,0.0
20230321:1711,367.41,171.05,9.96,9.37,2.62,0.0
20230321:1811,0.0,3.5,2.02,8.4,2.14,0.0
20230321:1911,0.0,0.0,0.0,8.38,2.41,0.0
20230321:2011,0.0,0.0,0.0,8.0,2.55,0.0
20230321:2111,0.0,0.0,0.0,7.88,2.69,0.0
20230321:2211,0.0,0.0,0.0,7.6,2.83,0.0
20230321:2311,0.0,0.0,0.0,7.43,3.03,0.0
20230322:0011,0.0,0.0,0.0,7.37,3.31,0.0
20230322:0111,0.0,0.0,0.0,7.16,3.38,0.0
20230322:0211,0.0,0.0,0.0,7.15,3.1,0.0
20230322:0311,0.0,0.0,0.0,7.25,3.1,0.0
20230322:0411,0.0,0.0,0.0,7.41,3.52,0.0
20230322:0511,0.0,0.0,0.0,7.42,6.14,0.0
20230322:0611,0.0,0.0,0.0,5.08,6.48,0.0
20230322:0711,0.0,0.0,0.0,4.66,6.48,0.0
20230322:0811,564.45,231.54,14.53,4.37,7.03,0.0
20230322:0911,507.24,206.19,21.53,4.09,5.72,0.0
20230322:1011,141.78,69.53,27.3,4.14,7.72,0.0
20230322:1111,480.09,196.34,31.32,4.21,7.38,0.0
20230322:1211,456.15,188.52,33.1,5.0,6.41,0.0
20230322:1311,1785.48,703.73,32.4,5.98,7.1,0.0
20230322:1411,1925.28,762.15,29.32,6.2,7.1,0.0
20230322:1511,819.81,323.65,24.25,6.07,6.76,0.0
20230322:1611,444.3,184.98,17.73,6.11,6.21,0.0
20230322:1711,295.65,136.08,10.26,5.86,5.79,0.0
20230322:1811,0.0,4.37,2.31,5.57,4.55,0.0
20230322:1911,0.0,0.0,0.0,5.54,3.38,0.0
20230322:2011,0.0,0.0,0.0,4.97,2.48,0.0
20230322:2111,0.0,0.0,0.0,4.28,1.72,0.0
20230322:2211,0.0,0.0,0.0,3.07,1.24,0.0
20230322:2311,0.0,0.0,0.0,1.9,1.45,0.0
20230323:0011,0.0,0.0,0.0,2.05,1.31,0.0
20230323:0111,0.0,0.0,0.0,2.6,1.1,0.0
20230323:0211,0.0,0.0,0.0,2.6,1.24,0.0
20230323:0311,0.0,0.0,0.0,3.2,1.93,0.0
20230323:0411,0.0,0.0,0.0,3.11,2.83,0.0
20230323:0511,0.0,0.0,0.0,3.23,3.52,0.0
20230323:0611,0.0,0.0,0.0,3.3,3.72,0.0
20230323:0711,211.53,114.36,7.18,3.93,3.93,0.0
20230323:0811,814.29,331.24,14.92,4.37,4.28,0.0
20230323:0911,1390.71,548.34,21.92,4.95,4.69,0.0
20230323:1011,1797.6,717.69,27.7,5.79,4.97,0.0
20230323:1111,1832.01,736.13,31.72,6.41,4.97,0.0
20230323:1211,1823.7,738.16,33.5,7.37,4.76,0.0
20230323:1311,1707.69,690.95,32.78,8.37,4.76,0.0
20230323:1411,1198.32,480.12,29.67,8.63,4.14,0.0
20230323:1511,556.44,230.03,24.58,8.82,3.72,0.0
20230323:1611,530.19,221.31,18.04,8.94,3.31,0.0
20230323:1711,299.19,139.87,10.56,8.69,1.86,0.0
20230323:1811,0.0,3.71,2.6,8.11,1.38,0.0
20230323:1911,0.0,0.0,0.0,6.79,1.79,0.0
20230323:2011,0.0,0.0,0.0,5.57,1.79,0.0
20230323:2111,0.0,0.0,0.0,4.66,1.79,0.0
20230323:2211,0.0,0.0,0.0,3.76,1.59,0.0
20230323:2311,0.0,0.0,0.0,3.41,1.45,0.0
20230324:0011,0.0,0.0,0.0,3.47,1.24,0.0
20230324:0111,0.0,0.0,0.0,3.38,1.24,0.0
20230324:0211,0.0,0.0,0.0,3.4,1.1,0.0
20230324:0311,0.0,0.0,0.0,3.58,1.03,0.0
20230324:0411,0.0,0.0,0.0,3.58,1.1,0.0
20230324:0511,0.0,0.0,0.0,3.63,1.52,0.0
20230324:0611,0.0,0.0,0.0,4.08,1.66,0.0
20230324:0711,19.53,17.62,7.55,4.04,1.24,0.0
20230324:0811,286.83,126.61,15.3,4.86,1.59,0.0
20230324:0911,632.64,256.54,22.31,5.16,2.0,0.0
20230324:1011,780.51,313.26,28.1,5.7,2.48,0.0
20230324:1111,519.27,215.04,32.12,6.5,2.55,0.0
20230324:1211,881.7,356.87,33.89,7.32,2.0,0.0
20230324:1311,998.07,404.39,33.16,7.62,1.79,0.0
20230324:1411,1136.94,461.72,30.03,7.85,1.66,0.0
20230324:1511,1262.73,515.91,24.92,7.69,1.31,0.0
20230324:1611,746.67,306.84,18.35,7.43,1.17,0.0
20230324:1711,300.12,139.14,10.86,6.78,0.62,0.0
20230324:1811,0.0,3.71,2.89,5.8,1.03,0.0
20230324:1911,0.0,0.0,0.0,5.46,1.86,0.0
20230324:2011,0.0,0.0,0.0,4.66,2.21,0.0
20230324:2111,0.0,0.0,0.0,4.32,2.48,0.0
20230324:2211,0.0,0.0,0.0,4.19,2.48,0.0
20230324:2311,0.0,0.0,0.0,4.32,2.41,0.0
20230325:0011,0.0,0.0,0.0,4.2,2.97,0.0
20230325:0111,0.0,0.0,0.0,3.8,3.1,0.0
20230325:0211,0.0,0.0,0.0,3.4,2.83,0.0
20230325:0311,0.0,0.0,0.0,2.97,3.17,0.0
20230325:0411,0.0,0.0,0.0,2.67,3.03,0.0
20230325:0511,0.0,0.0,0.0,2.43,2.76,0.0
20230325:0611,0.0,0.0,0.0,2.16,2.69,0.0
20230325:0711,101.67,55.48,7.93,2.4,2.9,0.0
20230325:0811,371.16,157.19,15.68,2.67,2.83,0.0
20230325:0911,474.21,194.25,22.7,3.27,3.59,0.0
20230325:1011,613.02,246.3,28.5,3.89,4.07,0.0
20230325:1111,1021.98,403.19,32.52,4.71,3.86,0.0
20230325:1211,757.65,303.34,34.29,5.16,3.45,0.0
20230325:1311,478.92,198.66,33.54,5.31,2.9,0.0
20230325:1411,707.55,284.89,30.39,5.39,2.76,0.0
20230325:1511,388.95,164.4,25.25,5.2,2.83,0.0
20230325:1611,557.73,228.1,18.66,4.97,3.03,0.0
20230325:1711,193.11,91.89,11.15,4.7,3.17,0.0
20230325:1811,0.0,3.71,3.18,4.05,2.97,0.0
20230325:1911,0.0,0.0,0.0,3.37,3.24,0.0
20230325:2011,0.0,0.0,0.0,2.88,3.17,0.0
20230325:2111,0.0,0.0,0.0,2.47,2.83,0.0
20230325:2211,0.0,0.0,0.0,2.07,2.62,0.0
20230325:2311,0.0,0.0,0.0,1.7,2.28,0.0
20230326:0011,0.0,0.0,0.0,1.27,1.93,0.0
20230326:0111,0.0,0.0,0.0,1.06,1.79,0.0
20230326:0211,0.0,0.0,0.0,0.85,1.93,0.0
20230326:0311,0.0,0.0,0.0,0.6,2.21,0.0
20230326:0411,0.0,0.0,0.0,0.23,2.28,0.0
20230326:0511,0.0,0.0,0.0,-0.13,2.21,0.0
20230326:0611,0.0,0.0,0.0,-0.35,2.21,0.0
20230326:0711,194.34,98.47,8.3,0.13,1.86,0.0
20230326:0811,422.19,175.08,16.06,0.68,2.62,0.0
20230326:0911,718.59,283.13,23.09,1.09,2.97,0.0
20230326:1011,1178.25,459.84,28.9,1.75,3.1,0.0
20230326:1111,1379.1,541.38,32.93,2.13,3.24,0.0
20230326:1211,425.1,176.17,34.68,2.54,3.24,0.0
20230326:1311,170.97,80.66,33.92,2.71,3.17,0.0
20230326:1411,503.22,205.36,30.74,2.95,3.24,0.0
20230326:1511,1139.37,446.2,25.57,2.85,3.31,0.0
20230326:1611,768.96,305.46,18.97,2.62,3.38,0.0
20230326:1711,343.83,152.85,11.44,1.98,3.24,0.0
20230326:1811,7.98,11.13,3.47,1.25,2.62,0.0
20230326:1911,0.0,0.0,0.0,0.38,2.07,0.0
20230326:2011,0.0,0.0,0.0,-0.32,1.79,0.0
20230326:2111,0.0,0.0,0.0,-1.1,1.66,0.0
20230326:2211,0.0,0.0,0.0,-2.19,1.59,0.0
20230326:2311,0.0,0.0,0.0,-2.81,1.45,0.0
20230327:0011,0.0,0.0,0.0,-2.74,1.31,0.0
20230327:0111,0.0,0.0,0.0,-2.97,1.38,0.0
20230327:0211,0.0,0.0,0.0,-3.29,1.38,0.0
20230327:0311,0.0,0.0,0.0,-3.66,1.45,0.0
20230327:0411,0.0,0.0,0.0,-3.46,1.31,0.0
20230327:0511,0.0,0.0,0.0,-3.22,1.17,0.0
20230327:0611,0.0,0.0,0.0,-3.99,1.45,0.0
20230327:0711,297.69,147.13,8.68,-3.7,1.45,0.0
20230327:0811,962.37,386.35,16.44,-0.8,1.24,0.0
20230327:0911,1552.53,626.03,23.48,0.79,0.97,0.0
20230327:1011,1931.64,815.19,29.29,1.97,0.41,0.0
20230327:1111,2215.59,949.05,33.33,2.8,1.24,0.0
20230327:1211,2348.61,1004.78,35.08,3.5,2.07,0.0
20230327:1311,2197.86,924.12,34.3,4.41,2.48,0.0
20230327:1411,2108.16,877.89,31.09,4.87,2.69,0.0
20230327:1511,1680.66,680.04,25.9,5.13,2.83,0.0
20230327:1611,1206.06,485.79,19.27,5.03,2.69,0.0
20230327:1711,515.55,229.61,11.74,4.69,2.28,0.0
20230327:1811,19.08,19.29,3.76,3.83,1.79,0.0
20230327:1911,0.0,0.0,0.0,2.76,2.07,0.0
20230327:2011,0.0,0.0,0.0,1.29,2.14,0.0
20230327:2111,0.0,0.0,0.0,-0.04,2.21,0.0
20230327:2211,0.0,0.0,0.0,-1.12,2.21,0.0
20230327:2311,0.0,0.0,0.0,-1.59,2.21,0.0
20230328:0011,0.0,0.0,0.0,-2.09,2.21,0.0
20230328:0111,0.0,0.0,0.0,-2.1,2.14,0.0
20230328:0211,0.0,0.0,0.0,-2.05,2.0,0.0
20230328:0311,0.0,0.0,0.0,-1.45,1.86,0.0
20230328:0411,0.0,0.0,0.0,-0.77,1.66,0.0
20230328:0511,0.0,0.0,0.0,-0.57,1.59,0.0
20230328:0611,0.0,0.0,0.0,-0.28,1.38,0.0
20230328:0711,49.95,31.52,9.05,0.13,1.24,0.0
20230328:0811,309.57,133.38,16.82,1.45,0.97,0.0
20230328:0911,447.03,185.37,23.86,2.9,0.9,0.0
20230328:1011,799.44,320.44,29.69,3.84,1.17,0.0
20230328:1111,547.32,224.67,33.72,4.33,1.38,0.0
20230328:1211,178.53,84.37,35.47,4.64,1.59,0.0
20230328:1311,211.89,97.35,34.67,4.98,2.0,0.0
20230328:1411,308.46,134.43,31.45,5.15,1.79,0.0
20230328:1511,105.51,55.63,26.23,5.62,2.21,0.0
20230328:1611,130.62,65.82,19.58,5.92,2.14,0.0
20230328:1711,40.26,27.81,12.03,6.09,1.93,0.0
20230328:1811,10.83,12.98,4.04,5.69,1.24,0.0
20230328:1911,0.0,0.0,0.0,4.95,1.24,0.0
20230328:2011,0.0,0.0,0.0,4.51,1.17,0.0
20230328:2111,0.0,0.0,0.0,4.16,1.17,0.0
20230328:2211,0.0,0.0,0.0,3.99,1.17,0.0
20230328:2311,0.0,0.0,0.0,3.87,1.31,0.0
20230329:0011,0.0,0.0,0.0,3.98,1.24,0.0
20230329:0111,0.0,0.0,0.0,3.79,1.31,0.0
20230329:0211,0.0,0.0,0.0,3.49,1.31,0.0
20230329:0311,0.0,0.0,0.0,3.43,1.31,0.0
20230329:0411,0.0,0.0,0.0,3.49,1.31,0.0
20230329:0511,0.0,0.0,0.0,3.7,1.31,0.0
20230329:0611,0.0,0.0,0.0,3.77,1.24,0.0
20230329:0711,104.55,56.02,9.43,3.79,1.31,0.0
20230329:0811,142.83,70.46,17.19,4.88,1.31,0.0
20230329:0911,279.75,124.15,24.25,6.26,1.24,0.0
20230329:1011,354.72,153.86,30.08,7.85,1.52,0.0
20230329:1111,205.38,96.42,34.12,9.2,2.41,0.0
20230329:1211,420.69,179.84,35.87,9.78,3.72,0.0
20230329:1311,230.73,106.62,35.05,10.18,3.59,0.0
20230329:1411,190.44,90.86,31.8,10.27,3.17,0.0
20230329:1511,169.74,82.51,26.55,9.93,3.31,0.0
20230329:1611,77.07,44.5,19.88,9.52,3.31,0.0
20230329:1711,37.62,26.89,12.32,9.23,3.17,0.0
20230329:1811,0.0,2.78,4.33,9.07,2.97,0.0
20230329:1911,0.0,0.0,0.0,9.07,2.48,0.0
20230329:2011,0.0,0.0,0.0,8.79,2.28,0.0
20230329:2111,0.0,0.0,0.0,8.56,2.28,0.0
20230329:2211,0.0,0.0,0.0,8.35,2.41,0.0
20230329:2311,0.0,0.0,0.0,8.1,2.48,0.0
20230330:0011,0.0,0.0,0.0,7.74,2.55,0.0
20230330:0111,0.0,0.0,0.0,7.5,2.48,0.0
20230330:0211,0.0,0.0,0.0,7.28,2.55,0.0
20230330:0311,0.0,0.0,0.0,6.88,2.55,0.0
20230330:0411,0.0,0.0,0.0,6.61,2.62,0.0
20230330:0511,0.0,0.0,0.0,6.41,2.69,0.0
20230330:0611,0.0,0.87,1.75,6.18,2.62,0.0
20230330:0711,38.19,26.89,9.8,6.56,2.48,0.0
20230330:0811,504.33,211.88,17.57,7.44,2.55,0.0
20230330:0911,874.89,352.56,24.63,8.44,3.59,0.0
20230330:1011,1175.97,475.02,30.47,9.75,3.72,0.0
20230330:1111,1373.61,561.21,34.52,10.64,3.52,0.0
20230330:1211,739.83,305.36,36.26,11.29,3.24,0.0
20230330:1311,868.26,356.98,35.42,11.67,3.03,0.0
20230330:1411,902.55,370.97,32.15,12.03,2.97,0.0
20230330:1511,783.72,323.75,26.88,12.28,2.76,0.0
20230330:1611,598.62,252.28,20.19,12.15,2.21,0.0
20230330:1711,496.77,228.32,12.61,11.8,1.72,0.0
20230330:1811,28.71,24.36,4.62,11.1,1.52,0.0
20230330:1911,0.0,0.0,0.0,9.41,1.38,0.0
20230330:2011,0.0,0.0,0.0,8.33,1.1,0.0
20230330:2111,0.0,0.0,0.0,7.36,1.03,0.0
20230330:2211,0.0,0.0,0.0,6.21,1.1,0.0
20230330:2311,0.0,0.0,0.0,5.73,1.03,0.0
20230331:0011,0.0,0.0,0.0,5.59,0.9,0.0
20230331:0111,0.0,0.0,0.0,4.98,0.97,0.0
20230331:0211,0.0,0.0,0.0,4.54,0.83,0.0
20230331:0311,0.0,0.0,0.0,4.07,0.48,0.0
20230331:0411,0.0,0.0,0.0,3.43,0.28,0.0
20230331:0511,0.0,0.0,0.0,3.12,0.34,0.0
20230331:0611,0.0,0.87,2.12,2.52,0.55,0.0
20230331:0711,128.1,65.57,10.17,3.33,0.34,0.0
20230331:0811,496.44,207.59,17.95,4.95,0.9,0.0
20230331:0911,666.15,271.68,25.02,6.87,1.93,0.0
20230331:1011,429.6,182.44,30.87,8.17,2.34,0.0
20230331:1111,719.16,294.49,34.92,8.95,2.83,0.0
20230331:1211,1144.74,463.88,36.65,9.31,3.24,0.0
20230331:1311,526.47,220.55,35.8,9.62,3.31,0.0
20230331:1411,1170.03,475.13,32.49,9.74,3.03,0.0
20230331:1511,623.91,256.98,27.2,9.2,3.1,0.0
20230331:1611,514.2,215.06,20.49,8.75,3.03,0.0
20230331:1711,312.78,142.35,12.9,8.05,2.83,0.0
20230331:1811,27.15,22.68,4.9,7.26,2.62,0.0
20230331:1911,0.0,0.0,0.0,6.85,2.48,0.0
20230331:2011,0.0,0.0,0.0,6.26,2.28,0.0
20230331:2111,0.0,0.0,0.0,5.85,2.21,0.0
20230331:2211,0.0,0.0,0.0,5.55,2.14,0.0
20230331:2311,0.0,0.0,0.0,5.25,2.14,0.0
20230401:0011,0.0,0.0,0.0,4.88,1.93,0.0
20230401:0111,0.0,0.0,0.0,4.52,1.86,0.0
20230401:0211,0.0,0.0,0.0,4.17,1.93,0.0
20230401:0311,0.0,0.0,0.0,3.83,1.93,0.0
20230401:0411,0.0,0.0,0.0,3.55,1.79,0.0
20230401:0511,0.0,0.0,0.0,3.32,1.59,0.0
20230401:0611,0.0,5.25,2.49,2.99,1.45,0.0
20230401:0711,332.88,162.12,10.54,3.49,1.59,0.0
20230401:0811,953.01,387.5,18.32,4.01,1.86,0.0
20230401:0911,1520.79,616.14,25.4,4.57,1.86,0.0
20230401:1011,1536.75,622.79,31.26,5.31,2.14,0.0
20230401:1111,1004.4,403.41,35.31,6.15,2.21,0.0
20230401:1211,1505.19,615.16,37.04,6.8,2.14,0.0
20230401:1311,1353.06,551.93,36.17,7.39,1.93,0.0
20230401:1411,359.88,155.75,32.84,7.7,1.66,0.0
20230401:1511,583.62,241.67,27.52,7.82,1.38,0.0
20230401:1611,456.57,193.26,20.79,7.82,1.1,0.0
20230401:1711,282.09,129.2,13.19,7.58,1.66,0.0
20230401:1811,34.74,26.29,5.18,6.97,1.72,0.0
20230401:1911,0.0,0.0,0.0,6.51,1.17,0.0
20230401:2011,0.0,0.0,0.0,5.99,0.97,0.0
20230401:2111,0.0,0.0,0.0,5.53,0.69,0.0
20230401:2211,0.0,0.0,0.0,5.72,0.28,0.0
20230401:2311,0.0,0.0,0.0,5.62,0.28,0.0
20230402:0011,0.0,0.0,0.0,5.16,0.69,0.0
20230402:0111,0.0,0.0,0.0,4.26,0.97,0.0
20230402:0211,0.0,0.0,0.0,4.0,1.24,0.0
20230402:0311,0.0,0.0,0.0,4.39,1.24,0.0
20230402:0411,0.0,0.0,0.0,4.56,1.24,0.0
20230402:0511,0.0,0.0,0.0,4.76,1.1,0.0
20230402:0611,0.0,3.5,2.86,4.88,1.1,0.0
20230402:0711,234.39,113.55,10.9,5.34,1.1,0.0
20230402:0811,441.57,186.69,18.69,5.88,1.1,0.0
20230402:0911,620.22,253.92,25.78,6.08,1.31,0.0
20230402:1011,783.93,318.86,31.65,6.48,1.03,0.0
20230402:1111,512.85,214.83,35.7,6.79,0.48,0.0
20230402:1211,1296.93,536.22,37.42,7.35,0.62,0.0
20230402:1311,572.67,238.88,36.54,7.77,0.69,0.0
20230402:1411,867.12,355.62,33.19,8.43,0.9,0.0
20230402:1511,562.08,234.81,27.84,8.61,0.83,0.0
20230402:1611,425.43,182.13,21.09,8.64,0.69,0.0
20230402:1711,189.51,91.14,13.47,8.59,0.48,0.0
20230402:1811,9.09,12.05,5.47,8.4,0.97,0.0
20230402:1911,0.0,0.0,0.0,7.37,1.17,0.0
20230402:2011,0.0,0.0,0.0,5.8,1.24,0.0
20230402:2111,0.0,0.0,0.0,4.72,1.45,0.0
20230402:2211,0.0,0.0,0.0,3.97,1.66,0.0
20230402:2311,0.0,0.0,0.0,3.35,1.79,0.0
20230403:0011,0.0,0.0,0.0,3.04,1.72,0.0
20230403:0111,0.0,0.0,0.0,2.31,1.72,0.0
20230403:0211,0.0,0.0,0.0,1.23,1.66,0.0
20230403:0311,0.0,0.0,0.0,0.51,1.59,0.0
20230403:0411,0.0,0.0,0.0,-0.01,1.52,0.0
20230403:0511,0.0,0.0,0.0,-0.76,1.52,0.0
20230403:0611,7.08,10.49,3.23,-1.36,1.59,0.0
20230403:0711,324.54,151.81,11.27,0.06,1.24,0.0
20230403:0811,1000.62,406.96,19.06,3.16,1.17,0.0
20230403:0911,1561.08,641.81,26.16,5.69,1.38,0.0
20230403:1011,1971.81,827.28,32.03,7.52,2.48,0.0
20230403:1111,2231.79,952.23,36.1,8.78,3.24,0.0
20230403:1211,2214.66,946.85,37.81,9.8,3.45,0.0
20230403:1311,2069.55,876.76,36.91,10.33,3.52,0.0
20230403:1411,1854.3,773.56,33.53,10.56,3.59,0.0
20230403:1511,1238.61,503.88,28.16,10.53,3.45,0.0
20230403:1611,707.13,291.69,21.38,10.32,3.38,0.0
20230403:1711,326.94,148.73,13.76,9.87,2.97,0.0
20230403:1811,61.26,50.96,5.75,8.99,2.55,0.0
20230403:1911,0.0,0.0,0.0,8.12,2.62,0.0
20230403:2011,0.0,0.0,0.0,6.75,2.48,0.0
20230403:2111,0.0,0.0,0.0,5.59,2.41,0.0
20230403:2211,0.0,0.0,0.0,4.66,2.41,0.0
20230403:2311,0.0,0.0,0.0,3.98,2.28,0.0
20230404:0011,0.0,0.0,0.0,3.33,2.28,0.0
20230404:0111,0.0,0.0,0.0,2.68,2.28,0.0
20230404:0211,0.0,0.0,0.0,2.23,2.21,0.0
20230404:0311,0.0,0.0,0.0,1.82,2.28,0.0
20230404:0411,0.0,0.0,0.0,1.45,2.34,0.0
20230404:0511,0.0,0.0,0.0,1.58,2.41,0.0
20230404:0611,10.77,12.82,3.59,1.91,2.48,0.0
20230404:0711,27.0,21.32,11.63,3.62,2.9,0.0
20230404:0811,46.59,30.59,19.43,5.3,2.97,0.0
20230404:0911,232.62,105.69,26.54,6.44,3.79,0.0
20230404:1011,354.84,152.97,32.42,7.45,3.72,0.0
20230404:1111,894.36,360.48,36.49,8.2,3.79,0.0
20230404:1211,329.07,143.7,38.19,8.42,3.79,0.0
20230404:1311,753.0,305.98,37.27,8.94,4.48,0.0
20230404:1411,987.99,397.62,33.87,9.74,4.9,0.0
20230404:1511,1232.79,497.0,28.47,10.2,4.55,0.0
20230404:1611,250.83,114.47,21.68,10.46,4.28,0.0
20230404:1711,124.41,64.45,14.04,10.2,4.0,0.0
20230404:1811,40.86,29.25,6.03,9.15,3.86,0.0
20230404:1911,0.0,0.0,0.0,7.93,3.59,0.0
20230404:2011,0.0,0.0,0.0,7.23,3.66,0.0
20230404:2111,0.0,0.0,0.0,6.72,3.52,0.0
20230404:2211,0.0,0.0,0.0,6.46,3.45,0.0
20230404:2311,0.0,0.0,0.0,6.31,3.31,0.0
20230405:0011,0.0,0.0,0.0,6.44,3.38,0.0
20230405:0111,0.0,0.0,0.0,6.62,3.59,0.0
20230405:0211,0.0,0.0,0.0,6.72,3.72,0.0
20230405:0311,0.0,0.0,0.0,6.55,3.72,0.0
20230405:0411,0.0,0.0,0.0,6.56,3.79,0.0
20230405:0511,0.0,0.0,0.0,6.62,3.66,0.0
20230405:0611,7.68,11.13,3.95,6.7,3.52,0.0
20230405:0711,107.4,56.91,12.0,7.28,3.59,0.0
20230405:0811,422.13,179.53,19.8,8.0,3.31,0.0
20230405:0911,315.75,138.87,26.91,9.09,4.14,0.0
20230405:1011,623.1,256.86,32.8,10.14,4.9,0.0
20230405:1111,698.61,287.03,36.87,10.7,4.76,0.0
20230405:1211,919.02,374.11,38.58,11.08,4.55,0.0
20230405:1311,856.53,349.82,37.64,11.19,4.34,0.0
20230405:1411,1293.06,526.68,34.21,11.57,4.28,0.0
20230405:1511,807.78,331.3,28.79,11.47,3.45,0.0
20230405:1611,516.48,218.47,21.98,11.12,2.62,0.0
20230405:1711,159.87,79.3,14.32,10.83,2.48,0.0
20230405:1811,20.58,18.54,6.31,10.21,2.14,0.0
20230405:1911,0.0,0.0,0.0,9.7,1.72,0.0
20230405:2011,0.0,0.0,0.0,9.01,1.59,0.0
20230405:2111,0.0,0.0,0.0,8.31,1.52,0.0
20230405:2211,0.0,0.0,0.0,7.63,1.52,0.0
20230405:2311,0.0,0.0,0.0,7.19,1.59,0.0
20230406:0011,0.0,0.0,0.0,7.08,1.66,0.0
20230406:0111,0.0,0.0,0.0,6.73,1.72,0.0
20230406:0211,0.0,0.0,0.0,6.47,1.79,0.0
20230406:0311,0.0,0.0,0.0,6.1,1.93,0.0
20230406:0411,0.0,0.0,0.0,6.06,2.0,0.0
20230406:0511,0.0,0.0,0.0,5.94,2.0,0.0
20230406:0611,0.0,3.71,4.31,5.81,2.0,0.0
20230406:0711,133.62,67.44,12.36,6.05,2.28,0.0
20230406:0811,656.73,269.24,20.17,6.5,2.9,0.0
20230406:0911,814.86,327.45,27.29,7.16,3.66,0.0
20230406:1011,1025.4,409.6,33.19,7.52,4.14,0.0
20230406:1111,1162.98,466.52,37.26,7.81,3.79,0.0
20230406:1211,551.67,228.51,38.96,8.09,3.86,0.0
20230406:1311,623.67,255.92,38.0,8.25,4.21,0.0
20230406:1411,317.25,139.07,34.55,8.42,4.28,0.0
20230406:1511,660.75,269.19,29.1,8.25,4.34,0.0
20230406:1611,387.48,165.61,22.27,8.14,4.21,0.0
20230406:1711,211.32,98.77,14.61,7.61,3.86,0.0
20230406:1811,54.81,36.05,6.59,6.96,2.97,0.0
20230406:1911,0.0,0.0,0.0,5.92,2.21,0.0
20230406:2011,0.0,0.0,0.0,5.18,1.93,0.0
20230406:2111,0.0,0.0,0.0,4.55,1.86,0.0
20230406:2211,0.0,0.0,0.0,3.95,1.72,0.0
20230406:2311,0.0,0.0,0.0,3.2,1.45,0.0
20230407:0011,0.0,0.0,0.0,2.28,1.45,0.0
20230407:0111,0.0,0.0,0.0,1.63,1.45,0.0
20230407:0211,0.0,0.0,0.0,1.38,1.31,0.0
20230407:0311,0.0,0.0,0.0,0.76,1.38,0.0
20230407:0411,0.0,0.0,0.0,-0.37,1.24,0.0
20230407:0511,0.0,0.0,0.0,-0.75,1.1,0.0
20230407:0611,20.1,17.62,4.67,-0.96,1.03,0.0
20230407:0711,402.9,186.29,12.72,1.55,0.48,0.0
20230407:0811,1041.81,427.05,20.53,3.71,0.41,0.0
20230407:0911,1544.31,635.74,27.66,5.2,1.03,0.0
20230407:1011,1814.79,760.47,33.57,6.64,1.59,0.0
20230407:1111,2105.79,908.39,37.65,8.01,1.86,0.0
20230407:1211,2107.53,916.69,39.34,9.16,1.86,0.0
20230407:1311,2122.92,928.74,38.36,10.02,1.86,0.0
20230407:1411,1887.0,809.93,34.88,10.87,1.93,0.0
20230407:1511,1369.98,568.52,29.41,11.16,2.07,0.0
20230407:1611,1127.4,467.28,22.56,10.88,2.21,0.0
20230407:1711,573.12,256.84,14.89,10.17,2.34,0.0
20230407:1811,80.19,60.07,6.86,9.07,1.93,0.0
20230407:1911,0.0,0.0,0.0,7.86,2.07,0.0
20230407:2011,0.0,0.0,0.0,6.34,1.79,0.0
20230407:2111,0.0,0.0,0.0,4.77,1.52,0.0
20230407:2211,0.0,0.0,0.0,3.75,1.45,0.0
20230407:2311,0.0,0.0,0.0,3.31,1.59,0.0
20230408:0011,0.0,0.0,0.0,3.06,1.72,0.0
20230408:0111,0.0,0.0,0.0,3.01,1.66,0.0
20230408:0211,0.0,0.0,0.0,2.84,1.66,0.0
20230408:0311,0.0,0.0,0.0,3.14,1.66,0.0
20230408:0411,0.0,0.0,0.0,3.64,1.66,0.0
20230408:0511,0.0,0.0,0.0,3.54,1.59,0.0
20230408:0611,6.36,10.2,5.02,3.46,1.52,0.0
20230408:0711,425.28,198.22,13.07,4.36,1.24,0.0
20230408:0811,1037.85,424.86,20.89,6.51,2.0,0.0
20230408:0911,1594.95,650.96,28.03,7.71,2.97,0.0
20230408:1011,2026.71,851.16,33.94,8.78,3.17,0.0
20230408:1111,2134.8,908.96,38.03,9.83,3.31,0.0
20230408:1211,2257.65,976.64,39.71,10.52,3.24,0.0
20230408:1311,2247.99,975.43,38.72,11.05,3.17,0.0
20230408:1411,2087.19,893.77,35.22,11.33,3.17,0.0
20230408:1511,1643.37,683.19,29.72,11.51,3.24,0.0
20230408:1611,811.47,334.78,22.85,11.39,3.31,0.0
20230408:1711,519.42,231.98,15.16,10.91,2.97,0.0
20230408:1811,81.99,63.54,7.14,10.02,2.48,0.0
20230408:1911,0.0,0.0,0.0,8.82,2.28,0.0
20230408:2011,0.0,0.0,0.0,7.12,2.07,0.0
20230408:2111,0.0,0.0,0.0,5.73,1.86,0.0
20230408:2211,0.0,0.0,0.0,4.46,1.79,0.0
20230408:2311,0.0,0.0,0.0,3.41,1.66,0.0
20230409:0011,0.0,0.0,0.0,2.84,1.59,0.0
20230409:0111,0.0,0.0,0.0,2.71,1.45,0.0
20230409:0211,0.0,0.0,0.0,2.48,1.38,0.0
20230409:0311,0.0,0.0,0.0,2.46,1.31,0.0
20230409:0411,0.0,0.0,0.0,2.25,1.24,0.0
20230409:0511,0.0,0.0,0.0,2.31,1.1,0.0
20230409:0611,12.69,13.91,5.38,2.64,1.03,0.0
20230409:0711,42.72,28.74,13.42,4.1,1.1,0.0
20230409:0811,145.92,72.31,21.25,7.09,1.38,0.0
20230409:0911,292.17,129.79,28.39,8.37,2.41,0.0
20230409:1011,521.37,218.42,34.32,9.7,3.59,0.0
20230409:1111,416.79,178.93,38.41,10.85,4.55,0.0
20230409:1211,463.68,197.32,40.09,11.36,4.9,0.0
20230409:1311,450.54,192.67,39.08,11.93,4.97,0.0
20230409:1411,262.17,119.6,35.55,12.04,4.97,0.0
20230409:1511,161.43,79.73,30.03,11.87,4.83,0.0
20230409:1611,201.3,95.49,23.14,11.5,4.55,0.0
20230409:1711,53.37,34.3,15.44,10.87,4.34,0.0
20230409:1811,26.07,21.32,7.41,9.9,4.48,0.0
20230409:1911,0.0,0.0,0.0,8.84,4.0,0.0
20230409:2011,0.0,0.0,0.0,8.25,3.72,0.0
20230409:2111,0.0,0.0,0.0,7.81,3.72,0.0
20230409:2211,0.0,0.0,0.0,7.82,3.66,0.0
20230409:2311,0.0,0.0,0.0,7.88,3.45,0.0
20230410:0011,0.0,0.0,0.0,7.93,3.31,0.0
20230410:0111,0.0,0.0,0.0,7.7,3.31,0.0
20230410:0211,0.0,0.0,0.0,7.56,2.97,0.0
20230410:0311,0.0,0.0,0.0,7.48,2.62,0.0
20230410:0411,0.0,0.0,0.0,7.43,2.21,0.0
20230410:0511,0.0,0.0,0.0,7.22,1.86,0.0
20230410:0611,9.18,12.05,5.73,6.89,2.41,0.0
20230410:0711,237.18,110.63,13.78,7.21,3.52,0.0
20230410:0811,56.64,35.23,21.6,6.76,3.93,0.0
20230410:0911,1398.27,559.13,28.76,7.04,4.07,0.0
20230410:1011,807.81,324.1,34.69,7.62,5.24,0.0
20230410:1111,2261.19,933.22,38.79,8.21,5.66,0.0
20230410:1211,1331.31,531.41,40.46,8.29,5.59,0.0
20230410:1311,2024.34,827.31,39.43,8.35,5.52,0.0
20230410:1411,1696.32,681.79,35.88,7.98,5.38,0.0
20230410:1511,1695.78,680.51,30.33,7.78,5.24,0.0
20230410:1611,1041.69,415.23,23.42,6.62,5.1,0.0
20230410:1711,300.45,133.39,15.72,5.77,4.48,0.0
20230410:1811,84.75,50.44,7.68,4.94,4.28,0.0
20230410:1911,0.0,0.0,0.0,4.97,4.0,0.0
20230410:2011,0.0,0.0,0.0,4.55,3.59,0.0
20230410:2111,0.0,0.0,0.0,4.37,3.38,0.0
20230410:2211,0.0,0.0,0.0,4.19,2.97,0.0
20230410:2311,0.0,0.0,0.0,4.05,2.9,0.0
20230411:0011,0.0,0.0,0.0,3.88,3.03,0.0
20230411:0111,0.0,0.0,0.0,3.66,3.17,0.0
20230411:0211,0.0,0.0,0.0,3.43,3.17,0.0
20230411:0311,0.0,0.0,0.0,3.26,2.97,0.0
20230411:0411,0.0,0.0,0.0,2.91,2.69,0.0
20230411:0511,0.0,0.0,0.0,2.76,2.69,0.0
20230411:0611,46.89,31.08,6.08,2.62,2.69,0.0
20230411:0711,458.07,207.52,14.12,3.43,3.45,0.0
20230411:0811,1042.38,415.77,21.96,4.09,4.0,0.0
20230411:0911,1376.13,545.29,29.12,5.02,3.93,0.0
20230411:1011,1440.3,571.47,35.06,5.76,4.55,0.0
20230411:1111,1991.91,814.09,39.16,6.43,4.34,0.0
20230411:1211,1402.62,562.58,40.83,7.09,4.14,0.0
20230411:1311,2223.69,936.07,39.79,7.67,3.72,0.0
20230411:1411,1080.66,436.58,36.21,8.38,3.03,0.0
20230411:1511,1071.96,435.42,30.64,8.93,2.41,0.0
20230411:1611,359.7,156.18,23.71,9.33,3.03,0.0
20230411:1711,174.12,84.12,15.99,8.84,3.03,0.0
20230411:1811,28.23,22.25,7.96,7.96,3.52,0.0
20230411:1911,0.0,0.0,0.0,6.92,3.52,0.0
20230411:2011,0.0,0.0,0.0,5.95,4.0,0.0
20230411:2111,0.0,0.0,0.0,4.85,4.34,0.0
20230411:2211,0.0,0.0,0.0,3.91,4.76,0.0
20230411:2311,0.0,0.0,0.0,3.54,4.76,0.0
20230412:0011,0.0,0.0,0.0,3.11,4.9,0.0
20230412:0111,0.0,0.0,0.0,2.8,4.21,0.0
20230412:0211,0.0,0.0,0.0,2.63,4.34,0.0
20230412:0311,0.0,0.0,0.0,2.92,2.07,0.0
20230412:0411,0.0,0.0,0.0,2.9,1.31,0.0
20230412:0511,0.0,0.0,0.0,2.57,3.1,0.0
20230412:0611,49.26,32.08,6.42,2.15,4.9,0.0
20230412:0711,275.94,123.49,14.47,2.29,4.41,0.0
20230412:0811,440.7,181.68,22.31,2.82,5.03,0.0
20230412:0911,387.27,161.68,29.47,3.06,5.86,0.0
20230412:1011,518.07,210.34,35.43,3.36,5.86,0.0
20230412:1111,891.0,350.9,39.53,4.04,5.31,0.0
20230412:1211,542.07,221.23,41.2,4.98,5.31,0.0
20230412:1311,487.68,201.92,40.14,6.15,5.1,0.0
20230412:1411,438.93,184.27,36.53,6.87,4.48,0.0
20230412:1511,606.21,247.32,30.94,6.76,4.0,0.0
20230412:1611,198.63,92.71,23.99,6.85,4.07,0.0
20230412:1711,420.51,182.67,16.26,6.14,3.79,0.0
20230412:1811,81.54,47.34,8.23,5.33,2.9,0.0
20230412:1911,0.0,0.0,0.0,4.51,3.03,0.0
20230412:2011,0.0,0.0,0.0,3.83,2.55,0.0
20230412:2111,0.0,0.0,0.0,3.0,2.28,0.0
20230412:2211,0.0,0.0,0.0,2.26,2.21,0.0
20230412:2311,0.0,0.0,0.0,1.79,2.34,0.0
20230413:0011,0.0,0.0,0.0,1.7,2.34,0.0
20230413:0111,0.0,0.0,0.0,1.77,2.21,0.0
20230413:0211,0.0,0.0,0.0,1.7,2.0,0.0
20230413:0311,0.0,0.0,0.0,1.47,1.93,0.0
20230413:0411,0.0,0.0,0.0,1.58,1.86,0.0
20230413:0511,0.0,0.0,0.0,1.6,1.66,0.0
20230413:0611,5.01,9.27,6.76,1.62,1.52,0.0
20230413:0711,83.97,46.36,14.81,3.3,1.79,0.0
20230413:0811,574.17,235.0,22.65,4.18,1.86,0.0
20230413:0911,377.85,160.72,29.83,5.1,1.86,0.0
20230413:1011,317.85,138.14,35.79,5.44,1.93,0.0
20230413:1111,595.68,244.43,39.9,5.83,2.07,0.0
20230413:1211,704.28,287.01,41.56,6.7,2.41,0.0
20230413:1311,255.51,114.96,40.48,6.93,2.21,0.0
20230413:1411,111.51,58.41,36.86,7.09,2.07,0.0
20230413:1511,69.33,40.79,31.24,6.91,1.93,0.0
20230413:1611,610.8,251.36,24.27,6.88,1.93,0.0
20230413:1711,177.51,84.67,16.53,6.57,2.0,0.0
20230413:1811,54.81,34.3,8.5,5.71,2.21,0.0
20230413:1911,0.0,0.0,0.0,4.71,1.66,0.0
20230413:2011,0.0,0.0,0.0,4.07,1.38,0.0
20230413:2111,0.0,0.0,0.0,3.6,1.03,0.0
20230413:2211,0.0,0.0,0.0,3.31,0.62,0.0
20230413:2311,0.0,0.0,0.0,3.2,0.55,0.0
20230414:0011,0.0,0.0,0.0,2.53,0.83,0.0
20230414:0111,0.0,0.0,0.0,2.13,1.1,0.0
20230414:0211,0.0,0.0,0.0,1.69,1.24,0.0
20230414:0311,0.0,0.0,0.0,1.57,1.31,0.0
20230414:0411,0.0,0.0,0.0,1.73,1.31,0.0
20230414:0511,0.0,0.0,0.0,1.87,1.38,0.0
20230414:0611,57.96,45.29,7.1,2.11,1.52,0.0
20230414:0711,520.65,235.08,15.15,3.47,1.93,0.0
20230414:0811,1143.75,461.11,23.0,4.55,2.62,0.0
20230414:0911,1000.68,400.56,30.18,5.58,2.28,0.0
20230414:1011,978.36,393.89,36.16,6.63,2.34,0.0
20230414:1111,1658.97,684.63,40.27,7.46,2.41,0.0
20230414:1211,1025.34,417.35,41.93,8.23,2.14,0.0
20230414:1311,1156.5,472.82,40.83,8.97,2.14,0.0
20230414:1411,1283.16,525.88,37.18,9.12,2.14,0.0
20230414:1511,864.15,352.19,31.54,8.95,2.28,0.0
20230414:1611,1007.88,411.27,24.55,8.55,2.41,0.0
20230414:1711,505.38,219.94,16.8,7.07,2.28,0.0
20230414:1811,109.47,76.83,8.76,6.5,1.79,0.0
20230414:1911,0.0,0.0,0.0,6.01,0.83,0.0
20230414:2011,0.0,0.0,0.0,4.47,1.17,0.0
20230414:2111,0.0,0.0,0.0,3.06,1.31,0.0
20230414:2211,0.0,0.0,0.0,2.14,1.31,0.0
20230414:2311,0.0,0.0,0.0,1.45,1.31,0.0
20230415:0011,0.0,0.0,0.0,-0.41,1.31,0.0
20230415:0111,0.0,0.0,0.0,-1.41,1.17,0.0
20230415:0211,0.0,0.0,0.0,-1.21,1.17,0.0
20230415:0311,0.0,0.0,0.0,-0.96,1.17,0.0
20230415:0411,0.0,0.0,0.0,-1.03,1.31,0.0
20230415:0511,0.0,0.0,0.0,-0.95,1.45,0.0
20230415:0611,62.19,48.12,7.44,-0.68,1.38,0.0
20230415:0711,523.2,231.46,15.49,0.19,1.52,0.0
20230415:0811,1178.46,474.14,23.34,1.88,1.38,0.0
20230415:0911,1691.82,694.07,30.53,3.94,1.45,0.0
20230415:1011,2003.07,849.34,36.51,5.71,1.52,0.0
20230415:1111,2189.79,951.35,40.63,8.04,1.93,0.0
20230415:1211,2043.45,873.52,42.29,9.84,2.76,0.0
20230415:1311,2170.98,937.96,41.17,11.12,3.1,0.0
20230415:1411,2013.72,860.18,37.5,11.81,3.17,0.0
20230415:1511,1548.84,644.42,31.83,12.13,3.1,0.0
20230415:1611,982.17,405.93,24.83,11.96,2.97,0.0
20230415:1711,340.2,153.09,17.07,11.7,2.55,0.0
20230415:1811,68.49,41.33,9.03,10.81,2.21,0.0
20230415:1911,0.0,0.0,0.0,9.76,2.28,0.0
20230415:2011,0.0,0.0,0.0,8.8,2.41,0.0
20230415:2111,0.0,0.0,0.0,8.15,2.48,0.0
20230415:2211,0.0,0.0,0.0,7.8,2.62,0.0
20230415:2311,0.0,0.0,0.0,7.51,2.76,0.0
20230416:0011,0.0,0.0,0.0,7.32,2.9,0.0
20230416:0111,0.0,0.0,0.0,7.23,3.1,0.0
20230416:0211,0.0,0.0,0.0,7.06,3.24,0.0
20230416:0311,0.0,0.0,0.0,6.96,3.31,0.0
20230416:0411,0.0,0.0,0.0,6.84,3.38,0.0
20230416:0511,0.0,0.0,0.0,6.57,3.24,0.0
20230416:0611,9.21,12.05,7.77,6.44,2.97,0.0
20230416:0711,220.98,102.43,15.82,6.71,2.41,0.0
20230416:0811,736.53,301.13,23.67,7.23,2.41,0.0
20230416:0911,875.73,354.62,30.88,7.98,2.55,0.0
20230416:1011,1340.01,545.81,36.87,9.26,3.03,0.0
20230416:1111,1292.04,529.3,41.0,10.35,3.03,0.0
20230416:1211,660.63,275.13,42.64,11.09,2.83,0.0
20230416:1311,1077.63,442.89,41.51,11.62,3.03,0.0
20230416:1411,723.84,300.11,37.81,11.75,3.1,0.0
20230416:1511,385.83,168.09,32.12,11.93,3.17,0.0
20230416:1611,704.4,292.85,25.1,11.64,2.9,0.0
20230416:1711,199.65,95.35,17.34,11.52,2.48,0.0
20230416:1811,33.33,25.03,9.29,11.32,2.28,0.0
20230416:1911,0.0,0.0,0.0,11.52,1.66,0.0
20230416:2011,0.0,0.0,0.0,10.77,1.59,0.0
20230416:2111,0.0,0.0,0.0,10.18,1.52,0.0
20230416:2211,0.0,0.0,0.0,9.93,1.38,0.0
20230416:2311,0.0,0.0,0.0,9.49,1.38,0.0
20230417:0011,0.0,0.0,0.0,9.15,1.31,0.0
20230417:0111,0.0,0.0,0.0,8.86,1.24,0.0
20230417:0211,0.0,0.0,0.0,8.66,1.17,0.0
20230417:0311,0.0,0.0,0.0,8.01,1.24,0.0
20230417:0411,0.0,0.0,0.0,7.17,1.31,0.0
20230417:0511,0.0,0.0,0.0,6.96,1.31,0.0
20230417:0611,72.6,53.61,8.1,6.75,1.31,0.0
20230417:0711,485.01,221.72,16.15,8.57,0.9,0.0
20230417:0811,1057.35,446.22,24.01,11.5,0.83,0.0
20230417:0911,1396.92,592.02,31.22,12.82,1.17,0.0
20230417:1011,463.68,201.29,37.22,14.28,1.93,0.0
20230417:1111,547.02,235.27,41.35,15.09,2.14,0.0
20230417:1211,1113.51,467.29,43.0,15.13,2.62,0.0
20230417:1311,1375.2,579.93,41.85,15.13,2.83,0.0
20230417:1411,967.95,405.07,38.13,15.31,2.83,0.0
20230417:1511,1089.63,455.82,32.41,15.23,2.62,0.0
20230417:1611,881.82,371.47,25.38,15.13,2.34,0.0
20230417:1711,599.43,271.87,17.6,14.69,2.14,0.0
20230417:1811,92.73,53.57,9.56,14.1,2.07,0.0
20230417:1911,0.0,0.0,0.0,13.22,1.72,0.0
20230417:2011,0.0,0.0,0.0,12.28,1.66,0.0
20230417:2111,0.0,0.0,0.0,11.43,1.59,0.0
20230417:2211,0.0,0.0,0.0,10.5,1.59,0.0
20230417:2311,0.0,0.0,0.0,9.79,1.52,0.0
20230418:0011,0.0,0.0,0.0,9.13,1.52,0.0
20230418:0111,0.0,0.0,0.0,8.73,1.52,0.0
20230418:0211,0.0,0.0,0.0,8.51,1.45,0.0
20230418:0311,0.0,0.0,0.0,8.23,1.45,0.0
20230418:0411,0.0,0.0,0.0,7.98,1.38,0.0
20230418:0511,0.0,0.0,0.0,7.51,1.31,0.0
20230418:0611,73.74,43.47,8.43,7.11,1.38,0.0
20230418:0711,301.35,136.74,16.48,8.74,1.17,0.0
20230418:0811,1074.69,448.9,24.34,9.96,1.1,0.0
20230418:0911,1416.87,598.34,31.56,11.26,0.97,0.0
20230418:1011,1871.46,818.09,37.57,12.73,1.45,0.0
20230418:1111,2104.62,933.77,41.71,13.62,2.14,0.0
20230418:1211,2302.68,1038.27,43.35,14.36,2.55,0.0
20230418:1311,2249.49,1006.33,42.19,14.77,2.76,0.0
20230418:1411,2057.64,901.77,38.44,14.95,2.9,0.0
20230418:1511,1715.28,731.25,32.7,14.81,2.97,0.0
20230418:1611,1224.3,514.56,25.65,14.42,2.9,0.0
20230418:1711,642.06,288.83,17.86,13.71,2.76,0.0
20230418:1811,120.6,84.94,9.82,12.73,2.48,0.0
20230418:1911,0.0,1.75,1.92,11.38,2.07,0.0
20230418:2011,0.0,0.0,0.0,9.54,1.79,0.0
20230418:2111,0.0,0.0,0.0,7.27,1.45,0.0
20230418:2211,0.0,0.0,0.0,5.96,1.31,0.0
20230418:2311,0.0,0.0,0.0,5.03,1.24,0.0
20230419:0011,0.0,0.0,0.0,4.59,1.1,0.0
20230419:0111,0.0,0.0,0.0,4.98,0.97,0.0
20230419:0211,0.0,0.0,0.0,4.57,0.9,0.0
20230419:0311,0.0,0.0,0.0,4.12,0.83,0.0
20230419:0411,0.0,0.0,0.0,3.68,0.9,0.0
20230419:0511,0.0,0.0,0.0,2.66,1.03,0.0
20230419:0611,82.56,61.07,8.75,1.98,1.17,0.0
20230419:0711,568.5,252.99,16.8,3.67,1.03,0.0
20230419:0811,1195.41,490.89,24.67,6.78,1.66,0.0
20230419:0911,1711.77,711.55,31.89,8.72,2.41,0.0
20230419:1011,2093.01,888.33,37.92,10.21,3.38,0.0
20230419:1111,2347.44,1014.65,42.06,11.32,4.0,0.0
20230419:1211,2420.97,1055.16,43.7,12.12,4.21,0.0
20230419:1311,2361.24,1026.59,42.52,12.64,4.21,0.0
20230419:1411,2106.99,900.31,38.75,12.89,4.07,0.0
20230419:1511,1763.55,738.67,32.99,12.89,3.86,0.0
20230419:1611,1256.13,520.97,25.92,12.63,3.59,0.0
20230419:1711,668.07,297.32,18.12,12.08,3.24,0.0
20230419:1811,126.63,89.43,10.08,11.21,2.69,0.0
20230419:1911,0.0,2.62,2.18,9.86,2.28,0.0
20230419:2011,0.0,0.0,0.0,8.18,2.07,0.0
20230419:2111,0.0,0.0,0.0,6.78,1.86,0.0
20230419:2211,0.0,0.0,0.0,5.31,1.66,0.0
20230419:2311,0.0,0.0,0.0,3.74,1.52,0.0
20230420:0011,0.0,0.0,0.0,3.22,1.38,0.0
20230420:0111,0.0,0.0,0.0,3.1,1.17,0.0
20230420:0211,0.0,0.0,0.0,3.57,1.03,0.0
20230420:0311,0.0,0.0,0.0,3.76,0.9,0.0
20230420:0411,0.0,0.0,0.0,3.85,0.83,0.0
20230420:0511,0.0,0.0,0.0,3.76,0.76,0.0
20230420:0611,110.04,63.07,9.07,3.49,0.69,0.0
20230420:0711,405.69,177.23,17.12,4.14,1.03,0.0
20230420:0811,963.69,392.42,24.99,6.27,1.59,0.0
20230420:0911,1572.18,647.21,32.23,7.9,2.21,0.0
20230420:1011,2051.55,872.0,38.26,9.34,2.76,0.0
20230420:1111,2318.22,1007.86,42.41,10.55,3.24,0.0
20230420:1211,2367.66,1034.91,44.04,11.4,3.52,0.0
20230420:1311,2271.72,984.3,42.85,11.98,3.72,0.0
20230420:1411,2066.4,882.22,39.06,12.27,3.66,0.0
20230420:1511,1720.41,719.66,33.27,12.41,3.52,0.0
20230420:1611,1242.99,515.22,26.19,12.32,3.38,0.0
20230420:1711,665.4,295.53,18.38,11.95,3.17,0.0
20230420:1811,128.76,89.8,10.34,11.12,2.55,0.0
20230420:1911,0.0,2.62,2.45,9.54,2.28,0.0
20230420:2011,0.0,0.0,0.0,7.86,2.0,0.0
20230420:2111,0.0,0.0,0.0,6.43,1.72,0.0
20230420:2211,0.0,0.0,0.0,4.67,1.59,0.0
20230420:2311,0.0,0.0,0.0,3.3,1.52,0.0
20230421:0011,0.0,0.0,0.0,2.81,1.38,0.0
20230421:0111,0.0,0.0,0.0,2.46,1.38,0.0
20230421:0211,0.0,0.0,0.0,2.39,1.24,0.0
20230421:0311,0.0,0.0,0.0,2.53,1.17,0.0
20230421:0411,0.0,0.0,0.0,3.15,1.03,0.0
20230421:0511,0.0,0.0,0.0,3.62,0.9,0.0
20230421:0611,104.7,56.43,9.39,3.64,0.9,0.0
20230421:0711,331.53,145.43,17.43,3.75,0.76,0.0
20230421:0811,829.47,338.56,25.31,6.45,1.38,0.0
20230421:0911,1709.76,713.54,32.55,8.23,1.93,0.0
20230421:1011,2033.13,870.46,38.6,9.8,2.41,0.0
20230421:1111,2283.96,1001.08,42.75,11.06,2.83,0.0
20230421:1211,2327.85,1026.05,44.38,12.04,3.1,0.0
20230421:1311,2256.27,987.69,43.17,12.71,3.31,0.0
20230421:1411,2061.78,885.66,39.36,13.02,3.52,0.0
20230421:1511,1714.89,718.44,33.55,12.99,3.66,0.0
20230421:1611,1227.15,507.67,26.45,12.53,3.72,0.0
20230421:1711,659.82,291.64,18.64,11.63,3.59,0.0
20230421:1811,139.32,90.99,10.59,10.43,2.97,0.0
20230421:1911,0.0,3.5,2.71,8.84,2.55,0.0
20230421:2011,0.0,0.0,0.0,7.07,2.21,0.0
20230421:2111,0.0,0.0,0.0,5.7,1.93,0.0
20230421:2211,0.0,0.0,0.0,4.61,1.79,0.0
20230421:2311,0.0,0.0,0.0,3.37,1.59,0.0
20230422:0011,0.0,0.0,0.0,2.16,1.52,0.0
20230422:0111,0.0,0.0,0.0,1.79,1.45,0.0
20230422:0211,0.0,0.0,0.0,1.31,1.52,0.0
20230422:0311,0.0,0.0,0.0,0.7,1.66,0.0
20230422:0411,0.0,0.0,0.0,0.22,1.72,0.0
20230422:0511,0.0,0.87,1.88,-0.08,1.79,0.0
20230422:0611,37.32,25.96,9.7,0.81,1.72,0.0
20230422:0711,142.02,69.53,17.74,3.02,2.62,0.0
20230422:0811,194.04,89.93,25.62,3.86,3.03,0.0
20230422:0911,214.83,98.27,32.88,4.9,3.38,0.0
20230422:1011,206.73,95.49,38.93,5.83,3.66,0.0
20230422:1111,290.43,127.94,43.1,6.77,4.0,0.0
20230422:1211,500.55,208.6,44.72,7.69,4.28,0.0
20230422:1311,679.62,277.45,43.5,8.31,4.69,0.0
20230422:1411,648.57,265.45,39.66,8.5,4.83,0.0
20230422:1511,898.56,361.44,33.83,8.56,4.69,0.0
20230422:1611,360.96,155.62,26.71,8.31,4.48,0.0
20230422:1711,393.81,170.67,18.89,7.78,4.21,0.0
20230422:1811,141.24,73.78,10.85,7.13,3.86,0.0
20230422:1911,1.68,7.0,2.97,5.86,3.52,0.0
20230422:2011,0.0,0.0,0.0,5.16,2.83,0.0
20230422:2111,0.0,0.0,0.0,4.8,2.41,0.0
20230422:2211,0.0,0.0,0.0,4.67,2.21,0.0
20230422:2311,0.0,0.0,0.0,4.39,2.07,0.0
20230423:0011,0.0,0.0,0.0,4.4,2.28,0.0
20230423:0111,0.0,0.0,0.0,4.2,2.07,0.0
20230423:0211,0.0,0.0,0.0,4.32,2.14,0.0
20230423:0311,0.0,0.0,0.0,4.26,2.0,0.0
20230423:0411,0.0,0.0,0.0,4.28,2.21,0.0
20230423:0511,0.0,0.87,2.19,4.08,2.0,0.0
20230423:0611,14.28,14.83,10.01,4.1,2.28,0.0
20230423:0711,198.51,91.9,18.05,4.49,4.0,0.0
20230423:0811,157.32,76.02,25.93,4.98,3.72,0.0
20230423:0911,190.35,89.0,33.2,5.39,3.59,0.0
20230423:1011,214.23,98.27,39.26,5.57,3.72,0.0
20230423:1111,231.3,104.76,43.43,5.53,4.0,0.0
20230423:1211,323.76,139.99,45.06,5.57,3.72,0.0
20230423:1311,550.47,225.63,43.82,5.7,4.28,0.0
20230423:1411,419.85,176.15,39.96,5.66,4.55,0.0
20230423:1511,394.62,166.48,34.11,5.51,4.55,0.0
20230423:1611,248.94,111.25,26.97,5.07,4.34,0.0
20230423:1711,179.49,84.37,19.15,4.32,4.62,0.0
20230423:1811,16.05,15.76,11.1,3.53,4.62,0.0
20230423:1911,0.0,2.62,3.23,3.02,4.14,0.0
20230423:2011,0.0,0.0,0.0,2.42,3.72,0.0
20230423:2111,0.0,0.0,0.0,1.91,3.66,0.0
20230423:2211,0.0,0.0,0.0,1.71,3.52,0.0
20230423:2311,0.0,0.0,0.0,1.36,3.17,0.0
20230424:0011,0.0,0.0,0.0,1.22,3.03,0.0
20230424:0111,0.0,0.0,0.0,1.1,2.9,0.0
20230424:0211,0.0,0.0,0.0,0.86,2.83,0.0
20230424:0311,0.0,0.0,0.0,0.94,2.83,0.0
20230424:0411,0.0,0.0,0.0,0.88,2.9,0.0
20230424:0511,0.0,1.75,2.5,0.67,2.62,0.0
20230424:0611,85.23,46.69,10.31,0.92,2.55,0.0
20230424:0711,164.64,77.88,18.35,1.63,3.17,0.0
20230424:0811,254.37,112.18,26.24,2.28,3.31,0.0
20230424:0911,736.08,292.8,33.51,3.03,3.38,0.0
20230424:1011,943.17,373.4,39.59,3.96,3.59,0.0
20230424:1111,538.32,220.35,43.77,4.58,3.66,0.0
20230424:1211,537.42,220.35,45.39,5.07,3.86,0.0
20230424:1311,862.68,344.18,44.13,5.17,4.0,0.0
20230424:1411,1670.55,668.96,40.25,4.82,4.0,0.0
20230424:1511,412.41,172.96,34.38,4.93,3.93,0.0
20230424:1611,365.43,155.12,27.23,4.73,3.93,0.0
20230424:1711,475.59,200.76,19.4,4.21,3.79,0.0
20230424:1811,170.49,94.18,11.35,3.6,3.45,0.0
20230424:1911,0.0,3.5,3.49,2.84,2.62,0.0
20230424:2011,0.0,0.0,0.0,2.16,2.14,0.0
20230424:2111,0.0,0.0,0.0,1.44,2.0,0.0
20230424:2211,0.0,0.0,0.0,1.01,1.79,0.0
20230424:2311,0.0,0.0,0.0,0.17,1.66,0.0
20230425:0011,0.0,0.0,0.0,-0.9,1.59,0.0
20230425:0111,0.0,0.0,0.0,-1.67,1.52,0.0
20230425:0211,0.0,0.0,0.0,-1.67,1.45,0.0
20230425:0311,0.0,0.0,0.0,-1.83,1.45,0.0
20230425:0411,0.0,0.0,0.0,-2.15,1.45,0.0
20230425:0511,0.0,1.75,2.8,-2.33,1.52,0.0
20230425:0611,145.05,73.48,10.61,-1.44,1.38,0.0
20230425:0711,373.8,158.78,18.65,0.55,2.14,0.0
20230425:0811,583.11,234.97,26.54,1.55,2.34,0.0
20230425:0911,965.52,381.05,33.82,2.4,2.48,0.0
20230425:1011,1367.73,544.66,39.91,3.28,2.55,0.0
20230425:1111,994.74,396.21,44.1,4.13,2.69,0.0
20230425:1211,926.04,370.47,45.72,4.91,2.83,0.0
20230425:1311,924.03,370.34,44.45,5.12,2.62,0.0
20230425:1411,690.96,280.01,40.54,5.36,2.55,0.0
20230425:1511,809.43,325.48,34.65,5.63,2.62,0.0
20230425:1611,672.81,272.8,27.49,5.36,2.69,0.0
20230425:1711,326.94,142.03,19.65,4.82,2.69,0.0
20230425:1811,106.83,56.1,11.6,4.12,2.34,0.0
20230425:1911,0.0,4.37,3.74,3.41,1.86,0.0
20230425:2011,0.0,0.0,0.0,2.37,1.52,0.0
20230425:2111,0.0,0.0,0.0,0.84,1.17,0.0
20230425:2211,0.0,0.0,0.0,1.29,0.83,0.0
20230425:2311,0.0,0.0,0.0,1.4,0.48,0.0
20230426:0011,0.0,0.0,0.0,1.01,0.34,0.0
20230426:0111,0.0,0.0,0.0,0.7,0.28,0.0
20230426:0211,0.0,0.0,0.0,0.34,0.28,0.0
20230426:0311,0.0,0.0,0.0,0.0,0.34,0.0
20230426:0411,0.0,0.0,0.0,-0.3,0.34,0.0
20230426:0511,0.0,1.75,3.1,-0.75,0.34,0.0
20230426:0611,153.84,80.03,10.9,-0.71,0.28,0.0
20230426:0711,576.57,246.35,18.95,0.62,0.21,0.0
20230426:0811,1247.85,504.91,26.84,1.97,0.76,0.0
20230426:0911,1732.38,713.26,34.13,2.98,1.1,0.0
20230426:1011,1994.73,849.51,40.23,4.05,0.9,0.0
20230426:1111,2001.66,859.77,44.42,4.91,0.9,0.0
20230426:1211,2078.04,902.55,46.04,5.61,0.97,0.0
20230426:1311,2188.86,963.5,44.76,6.06,0.97,0.0
20230426:1411,2013.45,864.46,40.83,6.16,1.17,0.0
20230426:1511,1710.9,714.15,34.92,6.21,1.24,0.0
20230426:1611,666.81,272.75,27.74,6.19,1.66,0.0
20230426:1711,334.47,145.74,19.89,5.87,2.14,0.0
20230426:1811,154.56,77.28,11.85,5.03,2.62,0.0
20230426:1911,2.88,7.87,4.0,3.96,2.69,0.0
20230426:2011,0.0,0.0,0.0,3.03,2.21,0.0
20230426:2111,0.0,0.0,0.0,2.2,2.07,0.0
20230426:2211,0.0,0.0,0.0,1.72,1.86,0.0
20230426:2311,0.0,0.0,0.0,1.25,1.72,0.0
20230427:0011,0.0,0.0,0.0,1.06,1.66,0.0
20230427:0111,0.0,0.0,0.0,1.11,1.45,0.0
20230427:0211,0.0,0.0,0.0,0.94,1.31,0.0
20230427:0311,0.0,0.0,0.0,0.76,1.24,0.0
20230427:0411,0.0,0.0,0.0,0.68,1.17,0.0
20230427:0511,0.0,2.62,3.4,0.66,1.03,0.0
20230427:0611,31.2,23.18,11.19,1.5,0.9,0.0
20230427:0711,116.19,59.33,19.24,2.59,0.69,0.0
20230427:0811,232.38,104.76,27.14,3.54,1.1,0.0
20230427:0911,456.36,190.61,34.43,4.9,1.59,0.0
20230427:1011,334.23,144.63,40.54,6.02,2.28,0.0
20230427:1111,336.45,145.56,44.74,6.23,2.41,0.0
20230427:1211,377.67,161.32,46.36,6.31,2.48,0.0
20230427:1311,517.35,214.75,45.07,6.45,2.62,0.0
20230427:1411,415.77,176.15,41.12,6.56,2.28,0.0
20230427:1511,379.05,162.24,35.19,6.77,2.28,0.0
20230427:1611,172.2,82.51,27.99,6.58,1.79,0.0
20230427:1711,186.57,88.08,20.14,6.38,1.79,0.0
20230427:1811,60.99,37.08,12.09,6.19,1.52,0.0
20230427:1911,0.0,4.37,4.25,6.16,0.97,0.0
20230427:2011,0.0,0.0,0.0,5.71,1.1,0.0
20230427:2111,0.0,0.0,0.0,5.29,1.1,0.0
20230427:2211,0.0,0.0,0.0,5.06,0.97,0.0
20230427:2311,0.0,0.0,0.0,4.93,0.83,0.0
20230428:0011,0.0,0.0,0.0,4.92,0.83,0.0
20230428:0111,0.0,0.0,0.0,4.9,0.76,0.0
20230428:0211,0.0,0.0,0.0,4.9,0.76,0.0
20230428:0311,0.0,0.0,0.0,4.89,0.83,0.0
20230428:0411,0.0,0.0,0.0,4.89,0.83,0.0
20230428:0511,2.85,7.87,3.69,4.95,0.9,0.0
20230428:0611,132.33,67.82,11.48,5.18,0.9,0.0
20230428:0711,561.72,245.09,19.52,6.17,0.69,0.0
20230428:0811,1111.2,458.85,27.43,7.17,0.69,0.0
20230428:0911,737.7,304.24,34.73,8.33,0.9,0.0
20230428:1011,649.05,269.94,40.85,9.3,1.45,0.0
20230428:1111,640.98,268.19,45.06,10.39,1.52,0.0
20230428:1211,435.39,187.28,46.68,10.81,1.93,0.0
20230428:1311,274.44,124.23,45.37,10.81,2.28,0.0
20230428:1411,178.02,86.22,41.4,10.98,2.69,0.0
20230428:1511,244.08,112.18,35.45,10.64,2.69,0.0
20230428:1611,164.88,80.66,28.24,10.09,3.03,0.0
20230428:1711,105.99,56.55,20.38,9.15,3.31,0.0
20230428:1811,45.93,30.59,12.33,7.97,3.24,0.0
20230428:1911,0.0,5.25,4.5,7.1,2.69,0.0
20230428:2011,0.0,0.0,0.0,6.29,2.69,0.0
20230428:2111,0.0,0.0,0.0,5.55,2.41,0.0
20230428:2211,0.0,0.0,0.0,5.0,2.34,0.0
20230428:2311,0.0,0.0,0.0,4.43,2.21,0.0
20230429:0011,0.0,0.0,0.0,3.97,2.21,0.0
20230429:0111,0.0,0.0,0.0,3.74,2.28,0.0
20230429:0211,0.0,0.0,0.0,3.33,2.34,0.0
20230429:0311,0.0,0.0,0.0,2.93,2.14,0.0
20230429:0411,0.0,0.0,0.0,2.63,2.14,0.0
20230429:0511,0.0,3.5,3.98,2.31,1.93,0.0
20230429:0611,96.09,51.35,11.76,2.26,2.0,0.0
20230429:0711,234.0,104.89,19.8,2.47,2.34,0.0
20230429:0811,297.33,128.87,27.71,2.95,2.34,0.0
20230429:0911,467.37,193.34,35.02,3.64,2.28,0.0
20230429:1011,341.85,146.48,41.15,4.33,2.28,0.0
20230429:1111,464.94,193.77,45.38,5.01,2.14,0.0
20230429:1211,499.14,207.67,46.99,5.73,1.86,0.0
20230429:1311,561.12,232.02,45.67,6.11,1.66,0.0
20230429:1411,359.01,154.83,41.68,6.73,1.52,0.0
20230429:1511,461.07,194.29,35.71,6.86,1.24,0.0
20230429:1611,354.78,153.68,28.49,7.23,1.1,0.0
20230429:1711,173.7,83.44,20.62,7.4,1.24,0.0
20230429:1811,156.78,78.6,12.57,7.31,1.38,0.0
20230429:1911,3.99,8.74,4.75,7.45,1.45,0.0
20230429:2011,0.0,0.0,0.0,6.44,1.66,0.0
20230429:2111,0.0,0.0,0.0,5.73,1.38,0.0
20230429:2211,0.0,0.0,0.0,5.34,1.03,0.0
20230429:2311,0.0,0.0,0.0,4.79,0.97,0.0
20230430:0011,0.0,0.0,0.0,4.49,0.97,0.0
20230430:0111,0.0,0.0,0.0,4.39,0.97,0.0
20230430:0211,0.0,0.0,0.0,4.28,0.97,0.0
20230430:0311,0.0,0.0,0.0,4.53,0.97,0.0
20230430:0411,0.0,0.0,0.0,4.7,1.1,0.0
20230430:0511,0.0,2.62,4.26,4.78,1.03,0.0
20230430:0611,91.98,50.06,12.04,5.31,1.03,0.0
20230430:0711,102.93,54.7,20.08,5.99,1.17,0.0
20230430:0811,257.25,115.89,27.99,7.0,1.17,0.0
20230430:0911,478.41,202.14,35.31,8.18,1.24,0.0
20230430:1011,452.82,193.36,41.45,9.69,1.52,0.0
20230430:1111,566.19,238.15,45.68,10.22,1.79,0.0
20230430:1211,722.67,300.09,47.3,11.1,2.69,0.0
20230430:1311,425.31,183.57,45.96,11.56,2.62,0.0
20230430:1411,444.24,190.98,41.96,11.68,2.83,0.0
20230430:1511,280.62,127.01,35.97,11.79,3.03,0.0
20230430:1611,809.07,334.25,28.73,11.59,3.17,0.0
20230430:1711,479.79,208.7,20.86,11.01,2.76,0.0
20230430:1811,110.13,58.86,12.81,10.69,2.83,0.0
20230430:1911,0.0,5.25,4.99,10.3,2.41,0.0
20230430:2011,0.0,0.0,0.0,9.63,2.34,0.0
20230430:2111,0.0,0.0,0.0,9.27,2.41,0.0
20230430:2211,0.0,0.0,0.0,9.13,2.62,0.0
20230430:2311,0.0,0.0,0.0,8.89,2.69,0.0
20230501:0011,0.0,0.0,0.0,8.67,2.69,0.0
20230501:0111,0.0,0.0,0.0,8.54,2.83,0.0
20230501:0211,0.0,0.0,0.0,8.52,2.83,0.0
20230501:0311,0.0,0.0,0.0,8.49,2.76,0.0
20230501:0411,0.0,0.0,0.0,8.55,2.9,0.0
20230501:0511,0.57,6.12,4.53,8.16,2.83,0.0
20230501:0611,78.03,44.5,12.31,7.08,3.03,0.0
20230501:0711,186.75,88.08,20.35,6.63,3.31,0.0
20230501:0811,303.75,132.58,28.26,5.75,3.38,0.0
20230501:0911,541.74,222.58,35.59,5.57,3.24,0.0
20230501:1011,269.61,119.6,41.75,5.69,3.17,0.0
20230501:1111,601.65,246.49,45.99,6.2,3.1,0.0
20230501:1211,791.61,320.19,47.6,6.36,2.97,0.0
20230501:1311,453.33,190.06,46.26,6.32,2.83,0.0
20230501:1411,796.41,321.59,42.23,6.12,2.76,0.0
20230501:1511,978.45,392.06,36.22,5.98,2.76,0.0
20230501:1611,646.68,263.4,28.98,5.87,2.69,0.0
20230501:1711,272.1,120.87,21.09,5.59,2.62,0.0
20230501:1811,139.68,69.93,13.05,5.26,2.41,0.0
20230501:1911,1.68,7.0,5.23,5.2,2.0,0.0
20230501:2011,0.0,0.0,0.0,4.78,1.72,0.0
20230501:2111,0.0,0.0,0.0,4.37,1.59,0.0
20230501:2211,0.0,0.0,0.0,3.74,1.38,0.0
20230501:2311,0.0,0.0,0.0,2.92,0.97,0.0
20230502:0011,0.0,0.0,0.0,3.43,0.55,0.0
20230502:0111,0.0,0.0,0.0,3.05,0.14,0.0
20230502:0211,0.0,0.0,0.0,2.61,0.07,0.0
20230502:0311,0.0,0.0,0.0,2.28,0.21,0.0
20230502:0411,0.0,0.0,0.0,2.09,0.34,0.0
20230502:0511,0.0,3.5,4.81,2.02,0.41,0.0
20230502:0611,88.8,48.21,12.58,2.24,0.28,0.0
20230502:0711,0.0,0.0,0.0,3.49,0.83,0.0
20230502:0811,700.68,284.93,28.53,4.58,1.1,0.0
20230502:0911,862.71,349.26,35.87,5.41,1.1,0.0
20230502:1011,1108.23,451.36,42.04,6.46,1.17,0.0
20230502:1111,2117.07,932.84,46.29,7.51,0.97,0.0
20230502:1211,2015.16,886.69,47.91,8.55,0.9,0.0
20230502:1311,2003.55,880.0,46.55,9.42,1.1,0.0
20230502:1411,1683.93,722.85,42.5,10.04,0.9,0.0
20230502:1511,1418.73,602.48,36.47,10.43,0.41,0.0
20230502:1611,1049.55,439.91,29.21,10.41,0.41,0.0
20230502:1711,673.83,294.78,21.33,10.04,1.1,0.0
20230502:1811,183.57,91.22,13.28,9.41,1.38,0.0
20230502:1911,10.83,13.12,5.47,8.81,1.45,0.0
20230502:2011,0.0,0.0,0.0,7.85,1.45,0.0
20230502:2111,0.0,0.0,0.0,6.71,1.24,0.0
20230502:2211,0.0,0.0,0.0,5.7,1.1,0.0
20230502:2311,0.0,0.0,0.0,4.71,0.97,0.0
20230503:0011,0.0,0.0,0.0,5.18,0.34,0.0
20230503:0111,0.0,0.0,0.0,4.78,0.07,0.0
20230503:0211,0.0,0.0,0.0,4.48,0.07,0.0
20230503:0311,0.0,0.0,0.0,4.34,0.41,0.0
20230503:0411,0.0,0.0,0.0,4.22,0.48,0.0
20230503:0511,2.88,7.87,5.07,4.2,0.55,0.0
20230503:0611,110.79,57.85,12.84,4.54,0.48,0.0
20230503:0711,378.66,164.32,20.88,6.14,0.62,0.0
20230503:0811,775.11,320.54,28.8,7.99,0.48,0.0
20230503:0911,1202.46,501.3,36.15,9.76,0.62,0.0
20230503:1011,1170.0,489.56,42.32,11.06,0.9,0.0
20230503:1111,944.22,395.81,46.58,12.27,1.03,0.0
20230503:1211,933.33,392.68,48.2,12.92,1.03,0.0
20230503:1311,661.41,280.57,46.83,13.0,0.97,0.0
20230503:1411,458.88,198.91,42.77,12.86,0.97,0.0
20230503:1511,410.34,179.37,36.72,12.14,0.41,0.0
20230503:1611,304.65,137.21,29.45,11.85,0.55,0.0
20230503:1711,260.64,119.8,21.56,11.54,0.62,0.0
20230503:1811,63.54,38.94,13.51,11.18,0.83,0.0
20230503:1911,2.67,7.87,5.71,10.77,1.24,0.0
20230503:2011,0.0,0.0,0.0,9.89,1.24,0.0
20230503:2111,0.0,0.0,0.0,9.0,0.97,0.0
20230503:2211,0.0,0.0,0.0,8.41,0.76,0.0
20230503:2311,0.0,0.0,0.0,8.09,0.62,0.0
20230504:0011,0.0,0.0,0.0,7.8,0.55,0.0
20230504:0111,0.0,0.0,0.0,7.6,0.48,0.0
20230504:0211,0.0,0.0,0.0,7.36,0.48,0.0
20230504:0311,0.0,0.0,0.0,6.47,0.83,0.0
20230504:0411,0.0,0.0,0.0,6.07,1.03,0.0
20230504:0511,5.37,9.62,5.34,5.48,1.17,0.0
20230504:0611,179.16,88.56,13.1,6.37,1.24,0.0
20230504:0711,353.19,154.58,21.13,7.92,1.79,0.0
20230504:0811,685.08,281.05,29.06,8.38,3.1,0.0
20230504:0911,955.71,386.68,36.41,9.0,3.66,0.0
20230504:1011,1446.33,589.2,42.6,9.65,3.93,0.0
20230504:1111,2252.25,958.45,46.87,10.57,4.28,0.0
20230504:1211,2328.06,995.12,48.49,11.1,4.62,0.0
20230504:1311,2073.63,870.63,47.11,11.13,4.76,0.0
20230504:1411,2094.63,877.16,43.03,10.85,4.69,0.0
20230504:1511,1788.24,735.62,36.97,10.59,4.55,0.0
20230504:1611,978.99,398.02,29.68,10.01,4.21,0.0
20230504:1711,449.04,193.01,21.78,9.34,4.0,0.0
20230504:1811,172.83,84.98,13.74,8.49,3.93,0.0
20230504:1911,10.95,13.12,5.95,7.56,3.31,0.0
20230504:2011,0.0,0.0,0.0,6.49,3.31,0.0
20230504:2111,0.0,0.0,0.0,5.68,3.24,0.0
20230504:2211,0.0,0.0,0.0,5.17,3.17,0.0
20230504:2311,0.0,0.0,0.0,4.95,2.83,0.0
20230505:0011,0.0,0.0,0.0,4.83,2.48,0.0
20230505:0111,0.0,0.0,0.0,4.71,2.28,0.0
20230505:0211,0.0,0.0,0.0,4.49,2.28,0.0
20230505:0311,0.0,0.0,0.0,4.68,2.34,0.0
20230505:0411,0.0,0.0,0.0,4.86,2.41,0.0
20230505:0511,12.66,13.99,5.59,5.15,2.55,0.0
20230505:0611,165.87,81.26,13.35,5.77,2.14,0.0
20230505:0711,394.65,169.61,21.38,6.74,3.52,0.0
20230505:0811,802.59,324.82,29.31,7.79,4.21,0.0
20230505:0911,377.16,162.24,36.68,8.88,4.55,0.0
20230505:1011,392.34,168.73,42.88,9.82,4.55,0.0
20230505:1111,914.34,372.97,47.16,10.83,4.62,0.0
20230505:1211,939.69,384.33,48.78,11.33,4.48,0.0
20230505:1311,924.24,378.91,47.39,11.65,4.28,0.0
20230505:1411,347.4,152.97,43.29,11.94,3.93,0.0
20230505:1511,1028.04,421.9,37.21,12.03,3.52,0.0
20230505:1611,1115.04,461.18,29.92,12.13,3.03,0.0
20230505:1711,670.05,293.29,22.01,12.3,2.62,0.0
20230505:1811,190.8,116.53,13.97,12.18,2.07,0.0
20230505:1911,41.37,28.86,6.18,11.22,2.34,0.0
20230505:2011,0.0,0.0,0.0,9.91,1.86,0.0
20230505:2111,0.0,0.0,0.0,8.89,1.38,0.0
20230505:2211,0.0,0.0,0.0,7.77,1.1,0.0
20230505:2311,0.0,0.0,0.0,7.0,0.97,0.0
20230506:0011,0.0,0.0,0.0,6.74,0.83,0.0
20230506:0111,0.0,0.0,0.0,6.16,0.83,0.0
20230506:0211,0.0,0.0,0.0,5.96,0.83,0.0
20230506:0311,0.0,0.0,0.0,5.86,0.76,0.0
20230506:0411,0.0,0.0,0.0,5.75,0.83,0.0
20230506:0511,38.73,27.11,5.84,5.96,0.83,0.0
20230506:0611,202.08,103.71,13.59,6.89,1.31,0.0
20230506:0711,506.25,218.03,21.63,7.87,1.17,0.0
20230506:0811,537.42,226.74,29.56,9.86,1.31,0.0
20230506:0911,876.0,362.15,36.94,11.57,2.28,0.0
20230506:1011,276.03,126.09,43.15,13.25,2.55,0.0
20230506:1111,1259.07,530.63,47.44,14.23,2.21,0.0
20230506:1211,1033.29,435.1,49.06,15.09,2.34,0.0
20230506:1311,449.7,196.55,47.66,15.57,2.69,0.0
20230506:1411,1045.26,439.1,43.55,15.84,2.97,0.0
20230506:1511,1220.55,512.35,37.45,15.6,2.97,0.0
20230506:1611,537.96,230.78,30.14,14.91,2.83,0.0
20230506:1711,120.69,63.97,22.23,14.52,2.34,0.0
20230506:1811,119.55,63.48,14.19,13.56,2.0,0.0
20230506:1911,5.04,9.62,6.41,12.71,2.34,0.0
20230506:2011,0.0,0.0,0.0,11.94,1.79,0.0
20230506:2111,0.0,0.0,0.0,11.17,1.59,0.0
20230506:2211,0.0,0.0,0.0,10.3,1.45,0.0
20230506:2311,0.0,0.0,0.0,9.11,1.17,0.0
20230507:0011,0.0,0.0,0.0,8.92,0.97,0.0
20230507:0111,0.0,0.0,0.0,8.9,0.9,0.0
20230507:0211,0.0,0.0,0.0,8.79,0.9,0.0
20230507:0311,0.0,0.0,0.0,8.36,1.03,0.0
20230507:0411,0.0,0.0,0.0,8.18,1.03,0.0
20230507:0511,43.89,29.73,6.09,8.32,0.97,0.0
20230507:0611,202.71,108.14,13.84,9.49,0.9,0.0
20230507:0711,519.69,226.1,21.87,10.44,1.45,0.0
20230507:0811,907.92,375.89,29.81,11.46,2.41,0.0
20230507:0911,1540.71,642.48,37.19,12.49,3.1,0.0
20230507:1011,1820.73,777.21,43.41,13.34,2.97,0.0
20230507:1111,1217.73,508.93,47.71,14.2,3.03,0.0
20230507:1211,304.05,138.14,49.34,15.14,3.03,0.0
20230507:1311,231.39,109.4,47.93,15.62,3.03,0.0
20230507:1411,386.64,171.51,43.8,15.97,3.1,0.0
20230507:1511,965.76,405.39,37.69,16.29,3.24,0.0
20230507:1611,539.58,232.46,30.37,16.19,3.24,0.0
20230507:1711,638.22,282.35,22.45,15.79,3.1,0.0
20230507:1811,218.07,114.97,14.41,15.2,2.69,0.0
20230507:1911,33.36,25.36,6.64,14.68,2.62,0.0
20230507:2011,0.0,0.0,0.0,13.3,2.62,0.0
20230507:2111,0.0,0.0,0.0,12.24,2.69,0.0
20230507:2211,0.0,0.0,0.0,11.73,2.76,0.0
20230507:2311,0.0,0.0,0.0,11.37,2.76,0.0
20230508:0011,0.0,0.0,0.0,11.26,3.03,0.0
20230508:0111,0.0,0.0,0.0,10.96,3.03,0.0
20230508:0211,0.0,0.0,0.0,10.53,2.97,0.0
20230508:0311,0.0,0.0,0.0,10.09,3.1,0.0
20230508:0411,0.0,0.0,0.0,9.89,3.03,0.0
20230508:0511,0.0,5.25,6.33,9.89,3.52,0.0
20230508:0611,72.57,42.65,14.07,10.08,3.72,0.0
20230508:0711,336.21,148.49,22.1,10.49,3.86,0.0
20230508:0811,400.32,172.88,30.05,10.9,3.52,0.0
20230508:0911,307.62,137.21,37.43,11.58,4.14,0.0
20230508:1011,373.47,163.17,43.67,11.95,3.79,0.0
20230508:1111,544.38,230.44,47.99,12.25,3.45,0.0
20230508:1211,520.74,221.58,49.61,12.56,3.31,0.0
20230508:1311,449.13,193.77,48.2,13.13,3.59,0.0
20230508:1411,856.29,355.08,44.05,13.27,3.66,0.0
20230508:1511,898.02,371.41,37.92,13.18,3.52,0.0
20230508:1611,932.43,386.81,30.59,13.6,3.66,0.0
20230508:1711,494.52,215.8,22.67,13.23,2.83,0.0
20230508:1811,221.01,112.33,14.63,12.99,2.62,0.0
20230508:1911,0.0,5.25,6.86,13.29,2.28,0.0
20230508:2011,0.0,0.0,0.0,12.3,2.07,0.0
20230508:2111,0.0,0.0,0.0,11.41,1.86,0.0
20230508:2211,0.0,0.0,0.0,10.87,1.66,0.0
20230508:2311,0.0,0.0,0.0,10.43,1.66,0.0
20230509:0011,0.0,0.0,0.0,10.33,1.59,0.0
20230509:0111,0.0,0.0,0.0,10.33,1.59,0.0
20230509:0211,0.0,0.0,0.0,10.32,1.59,0.0
20230509:0311,0.0,0.0,0.0,10.2,1.66,0.0
20230509:0411,0.0,0.0,0.0,10.05,1.72,0.0
20230509:0511,47.34,31.48,6.57,9.86,1.79,0.0
20230509:0611,187.56,112.97,14.3,9.83,1.86,0.0
20230509:0711,716.04,314.74,22.33,9.88,2.07,0.0
20230509:0811,1109.37,456.84,30.28,10.23,2.48,0.0
20230509:0911,916.74,376.89,37.68,10.94,2.62,0.0
20230509:1011,803.07,333.57,43.92,12.1,2.62,0.0
20230509:1111,873.9,364.42,48.25,13.28,2.69,0.0
20230509:1211,1757.28,752.53,49.88,13.51,2.76,0.0
20230509:1311,1236.27,517.38,48.46,13.74,2.69,0.0
20230509:1411,834.45,348.47,44.29,13.77,2.9,0.0
20230509:1511,1658.4,702.57,38.15,13.8,2.83,0.0
20230509:1611,1060.44,444.51,30.81,14.02,2.34,0.0
20230509:1711,601.38,263.38,22.89,13.51,1.72,0.0
20230509:1811,213.9,124.62,14.85,13.12,1.24,0.0
20230509:1911,7.71,11.37,7.08,12.49,0.28,0.0
20230509:2011,0.0,0.0,0.0,11.89,0.34,0.0
20230509:2111,0.0,0.0,0.0,11.24,0.34,0.0
20230509:2211,0.0,0.0,0.0,10.79,0.28,0.0
20230509:2311,0.0,0.0,0.0,10.14,0.48,0.0
20230510:0011,0.0,0.0,0.0,9.59,0.62,0.0
20230510:0111,0.0,0.0,0.0,9.03,0.69,0.0
20230510:0211,0.0,0.0,0.0,8.47,0.69,0.0
20230510:0311,0.0,0.0,0.0,7.96,0.69,0.0
20230510:0411,0.0,0.0,0.0,7.53,0.76,0.0
20230510:0511,0.6,6.12,6.8,7.0,0.83,0.0
20230510:0611,136.86,68.98,14.53,7.18,0.62,0.0
20230510:0711,424.14,184.67,22.56,9.56,0.69,0.0
20230510:0811,922.53,383.29,30.51,10.96,1.52,0.0
20230510:0911,512.13,218.04,37.91,12.1,2.55,0.0
20230510:1011,618.39,261.17,44.17,12.87,2.41,0.0
20230510:1111,1128.33,472.53,48.51,13.54,2.21,0.0
20230510:1211,739.41,311.68,50.15,13.81,2.14,0.0
20230510:1311,396.21,174.3,48.71,14.2,2.34,0.0
20230510:1411,207.69,99.2,44.53,13.91,2.62,0.0
20230510:1511,223.95,105.69,38.38,13.72,2.21,0.0
20230510:1611,94.98,52.85,31.03,13.09,1.72,0.0
20230510:1711,370.17,163.59,23.1,12.15,1.93,0.0
20230510:1811,236.76,122.94,15.06,11.57,1.17,0.0
20230510:1911,52.71,34.1,7.3,11.32,1.38,0.0
20230510:2011,0.0,0.0,0.0,10.67,1.31,0.0
20230510:2111,0.0,0.0,0.0,9.16,1.45,0.0
20230510:2211,0.0,0.0,0.0,8.01,1.38,0.0
20230510:2311,0.0,0.0,0.0,7.65,1.24,0.0
20230511:0011,0.0,0.0,0.0,7.72,1.03,0.0
20230511:0111,0.0,0.0,0.0,7.71,0.97,0.0
20230511:0211,0.0,0.0,0.0,7.94,0.83,0.0
20230511:0311,0.0,0.0,0.0,7.68,0.55,0.0
20230511:0411,0.0,0.0,0.0,7.46,0.28,0.0
20230511:0511,63.78,38.48,7.03,7.17,0.14,0.0
20230511:0611,225.87,110.15,14.75,7.72,0.34,0.0
20230511:0711,445.17,191.93,22.78,8.85,1.72,0.0
20230511:0811,535.08,224.59,30.73,9.32,2.14,0.0
20230511:0911,513.75,216.68,38.14,10.0,2.55,0.0
20230511:1011,315.63,139.99,44.41,10.52,2.9,0.0
20230511:1111,447.06,190.98,48.76,10.56,3.17,0.0
20230511:1211,471.21,200.25,50.41,10.58,3.45,0.0
20230511:1311,418.38,179.86,48.96,10.88,3.72,0.0
20230511:1411,346.83,152.05,44.77,10.86,3.93,0.0
20230511:1511,277.56,125.16,38.6,10.82,3.79,0.0
20230511:1611,263.67,119.6,31.24,10.42,3.45,0.0
20230511:1711,155.7,76.95,23.31,9.95,2.9,0.0
20230511:1811,33.69,25.03,15.27,9.44,2.41,0.0
20230511:1911,0.54,6.12,7.52,9.2,2.34,0.0
20230511:2011,0.0,0.0,0.0,8.57,2.07,0.0
20230511:2111,0.0,0.0,0.0,8.03,1.93,0.0
20230511:2211,0.0,0.0,0.0,7.68,1.72,0.0
20230511:2311,0.0,0.0,0.0,7.43,1.59,0.0
20230512:0011,0.0,0.0,0.0,7.22,1.45,0.0
20230512:0111,0.0,0.0,0.0,6.95,1.31,0.0
20230512:0211,0.0,0.0,0.0,6.5,1.31,0.0
20230512:0311,0.0,0.0,0.0,6.33,1.1,0.0
20230512:0411,0.0,0.0,0.0,6.1,0.97,0.0
20230512:0511,12.57,13.99,7.24,6.01,1.03,0.0
20230512:0611,200.01,95.35,14.96,6.09,0.97,0.0
20230512:0711,400.95,173.25,22.99,7.5,0.76,0.0
20230512:0811,542.91,228.72,30.94,8.55,0.28,0.0
20230512:0911,598.47,252.4,38.37,10.04,0.28,0.0
20230512:1011,521.76,223.43,44.65,11.4,0.21,0.0
20230512:1111,1405.71,608.2,49.01,12.64,0.21,0.0
20230512:1211,2123.73,1005.02,50.66,13.83,0.07,0.0
20230512:1311,2129.55,1017.23,49.21,14.79,0.0,0.0
20230512:1411,1956.42,910.63,45.0,15.4,0.07,0.0
20230512:1511,1682.19,757.18,38.82,15.91,0.14,0.0
20230512:1611,1265.91,547.79,31.45,15.65,0.76,0.0
20230512:1711,737.22,331.23,23.51,15.19,0.69,0.0
20230512:1811,207.42,130.85,15.48,14.82,0.55,0.0
20230512:1911,69.18,41.97,7.73,14.49,0.41,0.0
20230512:2011,0.0,0.0,0.0,12.96,0.76,0.0
20230512:2111,0.0,0.0,0.0,11.95,0.69,0.0
20230512:2211,0.0,0.0,0.0,11.41,0.69,0.0
20230512:2311,0.0,0.0,0.0,9.99,0.97,0.0
20230513:0011,0.0,0.0,0.0,9.01,1.24,0.0
20230513:0111,0.0,0.0,0.0,8.52,1.31,0.0
20230513:0211,0.0,0.0,0.0,8.2,1.45,0.0
20230513:0311,0.0,0.0,0.0,8.36,1.52,0.0
20230513:0411,0.0,0.0,0.0,8.14,1.59,0.0
20230513:0511,32.7,24.48,7.46,8.46,1.79,0.0
20230513:0611,154.53,76.77,15.17,9.31,1.79,0.0
20230513:0711,416.16,180.53,23.2,9.8,1.86,0.0
20230513:0811,957.15,397.09,31.15,11.06,1.79,0.0
20230513:0911,1718.67,736.87,38.59,12.62,1.79,0.0
20230513:1011,1945.8,860.47,44.88,14.19,1.72,0.0
20230513:1111,1768.86,777.17,49.26,15.55,1.86,0.0
20230513:1211,2258.1,1035.63,50.91,16.62,2.28,0.0
20230513:1311,1916.37,849.81,49.45,17.34,2.62,0.0
20230513:1411,1950.51,860.97,45.23,17.75,3.03,0.0
20230513:1511,1492.53,637.92,39.03,17.67,3.24,0.0
20230513:1611,726.63,309.36,31.65,17.29,3.31,0.0
20230513:1711,486.75,214.84,23.72,16.56,2.97,0.0
20230513:1811,145.11,74.6,15.68,15.59,2.48,0.0
20230513:1911,29.79,23.61,7.94,14.98,2.07,0.0
20230513:2011,0.0,0.0,0.0,13.98,1.93,0.0
20230513:2111,0.0,0.0,0.0,12.94,1.86,0.0
20230513:2211,0.0,0.0,0.0,12.09,1.93,0.0
20230513:2311,0.0,0.0,0.0,11.44,2.0,0.0
20230514:0011,0.0,0.0,0.0,10.98,2.07,0.0
20230514:0111,0.0,0.0,0.0,10.83,2.07,0.0
20230514:0211,0.0,0.0,0.0,10.66,2.14,0.0
20230514:0311,0.0,0.0,0.0,10.31,2.14,0.0
20230514:0411,0.0,0.0,0.0,10.17,2.14,0.0
20230514:0511,1.56,7.0,7.67,10.25,2.21,0.0
20230514:0611,61.68,38.01,15.37,10.71,2.34,0.0
20230514:0711,423.39,184.08,23.4,11.24,2.9,0.0
20230514:0811,412.59,178.02,31.36,11.28,3.31,0.0
20230514:0911,348.42,152.97,38.8,11.01,3.17,0.0
20230514:1011,382.47,165.95,45.11,10.54,2.97,0.0
20230514:1111,583.32,243.89,49.5,10.13,2.9,0.0
20230514:1211,570.9,238.77,51.15,9.81,2.83,0.0
20230514:1311,1053.48,432.08,49.69,9.87,2.55,0.0
20230514:1411,452.79,192.84,45.46,9.88,2.76,0.0
20230514:1511,395.85,170.59,39.25,9.78,2.97,0.0
20230514:1611,463.32,196.47,31.86,9.8,3.31,0.0
20230514:1711,452.55,194.0,23.92,9.86,3.59,0.0
20230514:1811,219.06,104.09,15.88,9.46,3.52,0.0
20230514:1911,71.34,41.97,8.15,9.05,3.1,0.0
20230514:2011,0.0,0.0,0.0,8.07,2.83,0.0
20230514:2111,0.0,0.0,0.0,7.01,2.34,0.0
20230514:2211,0.0,0.0,0.0,6.38,2.21,0.0
20230514:2311,0.0,0.0,0.0,5.79,2.28,0.0
20230515:0011,0.0,0.0,0.0,5.32,2.14,0.0
20230515:0111,0.0,0.0,0.0,4.91,2.21,0.0
20230515:0211,0.0,0.0,0.0,4.84,2.28,0.0
20230515:0311,0.0,0.0,0.0,4.44,2.28,0.0
20230515:0411,0.0,0.0,0.0,4.16,2.34,0.0
20230515:0511,68.85,40.23,7.87,4.55,2.28,0.0
20230515:0611,239.88,112.43,15.57,5.46,3.38,0.0
20230515:0711,388.05,165.64,23.59,6.35,4.07,0.0
20230515:0811,387.72,165.48,31.56,7.54,4.0,0.0
20230515:0911,590.22,243.57,39.01,8.5,4.21,0.0
20230515:1011,1826.55,751.93,45.33,9.39,4.41,0.0
20230515:1111,1711.14,704.36,49.73,9.73,4.28,0.0
20230515:1211,1543.29,632.43,51.39,10.14,4.34,0.0
20230515:1311,2116.98,894.3,49.92,10.35,4.21,0.0
20230515:1411,1768.08,733.29,45.68,10.51,4.0,0.0
20230515:1511,1648.38,675.91,39.45,10.45,4.34,0.0
20230515:1611,1105.98,449.84,32.06,10.4,4.41,0.0
20230515:1711,505.92,215.26,24.11,9.88,4.14,0.0
20230515:1811,247.56,116.88,16.08,9.5,3.93,0.0
20230515:1911,69.33,41.1,8.35,9.09,3.79,0.0
20230515:2011,0.0,0.0,0.0,8.63,3.1,0.0
20230515:2111,0.0,0.0,0.0,7.75,2.9,0.0
20230515:2211,0.0,0.0,0.0,7.5,3.17,0.0
20230515:2311,0.0,0.0,0.0,7.41,3.45,0.0
20230516:0011,0.0,0.0,0.0,7.28,3.59,0.0
20230516:0111,0.0,0.0,0.0,7.1,3.52,0.0
20230516:0211,0.0,0.0,0.0,6.95,3.45,0.0
20230516:0311,0.0,0.0,0.0,6.87,3.45,0.0
20230516:0411,0.0,0.0,0.0,6.88,3.45,0.0
20230516:0511,14.07,14.87,8.07,7.09,3.45,0.0
20230516:0611,91.08,50.06,15.76,7.56,2.83,0.0
20230516:0711,328.35,143.52,23.78,8.05,4.0,0.0
20230516:0811,388.44,166.39,31.75,8.51,4.14,0.0
20230516:0911,294.39,130.72,39.21,9.1,4.0,0.0
20230516:1011,869.37,354.36,45.54,9.62,3.79,0.0
20230516:1111,807.12,330.98,49.95,10.13,3.72,0.0
20230516:1211,1366.77,560.63,51.62,10.67,3.86,0.0
20230516:1311,1574.88,652.08,50.15,11.12,3.79,0.0
20230516:1411,1837.26,769.14,45.89,11.21,3.79,0.0
20230516:1511,1583.94,655.6,39.66,11.4,3.59,0.0
20230516:1611,1246.26,513.05,32.25,11.01,3.24,0.0
20230516:1711,678.09,289.85,24.31,10.55,2.97,0.0
20230516:1811,233.4,110.43,16.28,10.06,2.55,0.0
20230516:1911,28.83,22.74,8.55,10.09,2.14,0.0
20230516:2011,0.0,0.0,0.0,9.33,1.45,0.0
20230516:2111,0.0,0.0,0.0,8.06,0.76,0.0
20230516:2211,0.0,0.0,0.0,8.11,0.34,0.0
20230516:2311,0.0,0.0,0.0,7.77,0.41,0.0
20230517:0011,0.0,0.0,0.0,6.7,0.83,0.0
20230517:0111,0.0,0.0,0.0,5.62,1.31,0.0
20230517:0211,0.0,0.0,0.0,5.81,1.66,0.0
20230517:0311,0.0,0.0,0.0,6.49,1.79,0.0
20230517:0411,0.0,0.0,0.0,7.04,2.0,0.0
20230517:0511,73.92,42.85,8.26,7.51,2.14,0.0
20230517:0611,242.91,115.7,15.95,8.31,2.55,0.0
20230517:0711,730.14,314.62,23.97,9.15,3.1,0.0
20230517:0811,1218.33,499.44,31.94,10.1,3.24,0.0
20230517:0911,1229.61,502.78,39.4,10.79,3.45,0.0
20230517:1011,1296.27,532.01,45.75,11.46,3.79,0.0
20230517:1111,1293.87,532.02,50.17,11.93,4.07,0.0
20230517:1211,1087.11,446.0,51.85,12.07,4.34,0.0
20230517:1311,916.26,375.63,50.38,11.73,4.62,0.0
20230517:1411,522.72,220.16,46.11,11.37,5.1,0.0
20230517:1511,400.44,172.44,39.86,10.79,4.97,0.0
20230517:1611,204.78,96.42,32.45,10.32,4.28,0.0
20230517:1711,276.09,124.22,24.5,10.06,3.93,0.0
20230517:1811,163.44,80.16,16.47,9.88,3.66,0.0
20230517:1911,75.24,43.72,8.74,9.63,4.07,0.0
20230517:2011,0.0,0.87,1.68,9.2,4.14,0.0
20230517:2111,0.0,0.0,0.0,8.84,4.07,0.0
20230517:2211,0.0,0.0,0.0,8.61,4.07,0.0
20230517:2311,0.0,0.0,0.0,8.43,4.0,0.0
20230518:0011,0.0,0.0,0.0,8.19,3.86,0.0
20230518:0111,0.0,0.0,0.0,8.09,3.79,0.0
20230518:0211,0.0,0.0,0.0,7.99,3.66,0.0
20230518:0311,0.0,0.0,0.0,7.83,3.52,0.0
20230518:0411,0.0,0.0,0.0,7.96,3.38,0.0
20230518:0511,30.99,23.61,8.44,8.14,3.38,0.0
20230518:0611,157.23,77.33,16.13,8.64,3.17,0.0
20230518:0711,188.7,89.93,24.15,9.95,4.48,0.0
20230518:0811,637.11,264.35,32.12,11.05,4.55,0.0
20230518:0911,826.35,339.82,39.59,12.16,4.55,0.0
20230518:1011,494.61,210.88,45.95,12.86,4.55,0.0
20230518:1111,589.56,248.49,50.39,13.18,4.55,0.0
20230518:1211,694.26,289.99,52.07,13.31,4.55,0.0
20230518:1311,581.67,245.7,50.59,13.52,4.62,0.0
20230518:1411,602.52,253.47,46.31,13.26,4.69,0.0
20230518:1511,722.73,300.14,40.06,12.9,4.48,0.0
20230518:1611,722.88,300.08,32.64,12.62,4.34,0.0
20230518:1711,93.42,51.92,24.68,12.19,4.07,0.0
20230518:1811,117.93,62.12,16.66,11.98,3.86,0.0
20230518:1911,50.73,33.23,8.94,11.78,3.17,0.0
20230518:2011,0.0,0.87,1.88,11.43,3.1,0.0
20230518:2111,0.0,0.0,0.0,10.76,2.9,0.0
20230518:2211,0.0,0.0,0.0,10.01,2.9,0.0
20230518:2311,0.0,0.0,0.0,9.47,2.83,0.0
20230519:0011,0.0,0.0,0.0,9.0,2.83,0.0
20230519:0111,0.0,0.0,0.0,8.54,2.62,0.0
20230519:0211,0.0,0.0,0.0,8.52,2.62,0.0
20230519:0311,0.0,0.0,0.0,8.61,2.69,0.0
20230519:0411,0.0,0.87,1.63,8.37,2.34,0.0
20230519:0511,36.42,26.23,8.62,8.34,2.28,0.0
20230519:0611,218.49,130.53,16.3,8.77,2.83,0.0
20230519:0711,673.23,288.4,24.32,9.85,2.97,0.0
20230519:0811,948.66,389.77,32.29,10.8,3.1,0.0
20230519:0911,1156.89,476.29,39.77,11.64,2.97,0.0
20230519:1011,1336.92,558.7,46.14,12.89,2.62,0.0
20230519:1111,2024.28,889.59,50.6,14.16,2.55,0.0
20230519:1211,1911.84,837.72,52.29,15.19,2.62,0.0
20230519:1311,1830.93,798.41,50.81,15.71,2.69,0.0
20230519:1411,2034.99,898.86,46.52,16.05,2.76,0.0
20230519:1511,1651.68,707.49,40.25,15.82,2.83,0.0
20230519:1611,784.71,331.07,32.82,15.52,2.9,0.0
20230519:1711,556.47,241.84,24.87,14.63,2.9,0.0
20230519:1811,276.48,138.28,16.84,14.01,2.9,0.0
20230519:1911,24.84,20.99,9.13,13.43,2.34,0.0
20230519:2011,0.0,1.75,2.07,12.29,2.21,0.0
20230519:2111,0.0,0.0,0.0,11.24,2.0,0.0
20230519:2211,0.0,0.0,0.0,10.71,1.86,0.0
20230519:2311,0.0,0.0,0.0,10.38,1.79,0.0
20230520:0011,0.0,0.0,0.0,10.06,1.79,0.0
20230520:0111,0.0,0.0,0.0,9.88,1.86,0.0
20230520:0211,0.0,0.0,0.0,9.6,1.93,0.0
20230520:0311,0.0,0.0,0.0,9.5,1.93,0.0
20230520:0411,0.0,0.87,1.81,9.46,1.86,0.0
20230520:0511,23.7,20.11,8.8,9.53,1.86,0.0
20230520:0611,144.12,72.31,16.47,9.74,1.86,0.0
20230520:0711,378.24,165.31,24.49,10.36,2.14,0.0
20230520:0811,456.12,195.23,32.46,11.02,2.34,0.0
20230520:0911,518.46,220.19,39.95,11.65,2.48,0.0
20230520:1011,307.77,138.14,46.33,12.73,3.24,0.0
20230520:1111,959.19,397.46,50.8,13.21,3.59,0.0
20230520:1211,767.01,320.41,52.5,13.76,3.79,0.0
20230520:1311,475.38,204.89,51.02,14.42,4.34,0.0
20230520:1411,260.82,120.52,46.72,14.78,4.34,0.0
20230520:1511,469.14,202.8,40.44,14.76,4.0,0.0
20230520:1611,182.19,89.0,33.01,14.28,3.45,0.0
20230520:1711,132.36,68.61,25.05,13.88,3.1,0.0
20230520:1811,21.96,19.47,17.02,13.22,2.76,0.0
20230520:1911,3.81,8.74,9.31,12.24,2.48,0.0
20230520:2011,0.0,0.87,2.26,11.74,2.28,0.0
20230520:2111,0.0,0.0,0.0,11.37,2.0,0.0
20230520:2211,0.0,0.0,0.0,11.16,1.66,0.0
20230520:2311,0.0,0.0,0.0,11.01,1.45,0.0
20230521:0011,0.0,0.0,0.0,10.9,1.31,0.0
20230521:0111,0.0,0.0,0.0,10.92,1.1,0.0
20230521:0211,0.0,0.0,0.0,10.87,1.03,0.0
20230521:0311,0.0,0.0,0.0,10.58,1.52,0.0
20230521:0411,0.0,0.87,1.98,9.96,1.79,0.0
20230521:0511,12.33,13.99,8.96,9.24,1.86,0.0
20230521:0611,152.31,75.48,16.63,8.72,2.0,0.0
20230521:0711,497.07,211.24,24.65,8.29,2.41,0.0
20230521:0811,685.11,281.64,32.63,8.12,2.34,0.0
20230521:0911,893.97,364.51,40.12,8.28,2.14,0.0
20230521:1011,1299.96,534.21,46.52,8.48,1.93,0.0
20230521:1111,1049.55,430.64,51.0,8.61,1.72,0.0
20230521:1211,803.97,331.11,52.71,8.79,1.72,0.0
20230521:1311,978.18,402.04,51.22,9.03,1.72,0.0
20230521:1411,511.05,215.5,46.91,9.12,1.72,0.0
20230521:1511,593.61,248.0,40.62,9.34,1.66,0.0
20230521:1611,362.01,157.81,33.18,9.53,1.59,0.0
20230521:1711,258.75,117.71,25.22,9.63,1.59,0.0
20230521:1811,114.45,60.26,17.2,9.74,1.45,0.0
20230521:1911,70.62,41.97,9.49,10.77,1.17,0.0
20230521:2011,0.0,0.87,2.45,10.45,1.24,0.0
20230521:2111,0.0,0.0,0.0,10.15,1.1,0.0
20230521:2211,0.0,0.0,0.0,9.96,0.9,0.0
20230521:2311,0.0,0.0,0.0,9.81,0.83,0.0
20230522:0011,0.0,0.0,0.0,9.69,1.03,0.0
20230522:0111,0.0,0.0,0.0,9.42,1.24,0.0
20230522:0211,0.0,0.0,0.0,9.16,1.52,0.0
20230522:0311,0.0,0.0,0.0,8.67,1.86,0.0
20230522:0411,0.0,0.87,2.15,7.95,1.79,0.0
20230522:0511,22.23,19.24,9.13,7.61,1.59,0.0
20230522:0611,267.39,137.11,16.79,7.8,1.66,0.0
20230522:0711,584.64,247.93,24.8,8.27,1.93,0.0
20230522:0811,671.97,277.57,32.78,9.09,2.48,0.0
20230522:0911,1029.75,420.92,40.29,10.01,2.83,0.0
20230522:1011,986.55,404.98,46.69,11.13,3.31,0.0
20230522:1111,1526.88,635.47,51.19,11.7,3.38,0.0
20230522:1211,834.33,345.17,52.91,12.3,3.86,0.0
20230522:1311,767.55,318.74,51.42,12.33,3.66,0.0
20230522:1411,988.77,408.05,47.1,12.62,3.66,0.0
20230522:1511,1151.82,474.46,40.8,13.01,3.93,0.0
20230522:1611,868.53,359.41,33.36,13.06,4.0,0.0
20230522:1711,694.41,297.36,25.39,12.31,3.66,0.0
20230522:1811,264.66,124.34,17.37,11.5,3.24,0.0
20230522:1911,101.7,55.09,9.67,10.53,2.97,0.0
20230522:2011,0.0,1.75,2.64,9.75,2.55,0.0
20230522:2111,0.0,0.0,0.0,8.87,2.0,0.0
20230522:2211,0.0,0.0,0.0,8.04,1.79,0.0
20230522:2311,0.0,0.0,0.0,7.46,1.93,0.0
20230523:0011,0.0,0.0,0.0,7.39,2.07,0.0
20230523:0111,0.0,0.0,0.0,7.36,2.07,0.0
20230523:0211,0.0,0.0,0.0,7.11,2.14,0.0
20230523:0311,0.0,0.0,0.0,6.75,2.28,0.0
20230523:0411,0.0,0.87,2.32,6.58,2.48,0.0
20230523:0511,84.54,47.22,9.28,6.89,2.69,0.0
20230523:0611,172.08,82.89,16.94,7.73,3.38,0.0
20230523:0711,299.13,132.45,24.95,8.66,3.79,0.0
20230523:0811,862.62,350.67,32.94,9.75,4.76,0.0
20230523:0911,758.73,310.63,40.45,10.57,4.97,0.0
20230523:1011,453.66,192.84,46.86,10.46,4.62,0.0
20230523:1111,741.93,305.13,51.37,10.45,4.34,0.0
20230523:1211,466.83,198.4,53.1,10.81,4.21,0.0
20230523:1311,342.06,150.19,51.61,10.96,4.21,0.0
20230523:1411,294.6,131.65,47.29,10.71,4.21,0.0
20230523:1511,538.14,225.73,40.98,10.62,4.28,0.0
20230523:1611,367.35,159.66,33.53,10.61,4.48,0.0
20230523:1711,298.8,133.43,25.56,10.88,4.41,0.0
20230523:1811,256.14,120.01,17.54,11.18,3.79,0.0
20230523:1911,5.13,9.62,9.85,11.26,4.21,0.0
20230523:2011,0.0,1.75,2.81,10.72,4.14,0.0
20230523:2111,0.0,0.0,0.0,9.67,4.0,0.0
20230523:2211,0.0,0.0,0.0,8.81,4.07,0.0
20230523:2311,0.0,0.0,0.0,8.17,4.0,0.0
20230524:0011,0.0,0.0,0.0,7.84,3.79,0.0
20230524:0111,0.0,0.0,0.0,7.59,3.66,0.0
20230524:0211,0.0,0.0,0.0,7.54,3.66,0.0
20230524:0311,0.0,0.0,0.0,7.38,3.38,0.0
20230524:0411,0.0,0.87,2.47,7.48,3.45,0.0
20230524:0511,6.6,10.49,9.43,8.08,3.59,0.0
20230524:0611,145.14,72.31,17.09,8.68,3.31,0.0
20230524:0711,271.86,122.31,25.09,9.49,3.79,0.0
20230524:0811,488.79,206.45,33.08,10.37,4.14,0.0
20230524:0911,759.93,312.71,40.6,11.41,4.55,0.0
20230524:1011,1557.06,641.95,47.03,12.3,4.76,0.0
20230524:1111,2334.24,1008.46,51.55,12.77,4.55,0.0
20230524:1211,2405.82,1050.67,53.29,13.37,4.48,0.0
20230524:1311,2312.4,1006.69,51.8,13.65,4.28,0.0
20230524:1411,2153.28,925.9,47.47,13.56,4.14,0.0
20230524:1511,1819.56,765.62,41.15,13.43,4.0,0.0
20230524:1611,1342.98,558.08,33.7,13.26,3.72,0.0
20230524:1711,813.12,353.12,25.73,12.91,3.45,0.0
20230524:1811,259.68,150.08,17.71,12.25,3.17,0.0
20230524:1911,78.42,45.47,10.02,11.7,2.76,0.0
20230524:2011,0.0,3.5,2.99,10.69,2.28,0.0
20230524:2111,0.0,0.0,0.0,9.35,1.93,0.0
20230524:2211,0.0,0.0,0.0,8.13,1.72,0.0
20230524:2311,0.0,0.0,0.0,6.88,1.66,0.0
20230525:0011,0.0,0.0,0.0,5.56,1.72,0.0
20230525:0111,0.0,0.0,0.0,4.72,1.79,0.0
20230525:0211,0.0,0.0,0.0,4.53,1.79,0.0
20230525:0311,0.0,0.0,0.0,4.07,1.79,0.0
20230525:0411,0.0,1.75,2.63,4.07,1.86,0.0
20230525:0511,108.81,56.84,9.58,4.93,1.79,0.0
20230525:0611,227.88,138.94,17.22,7.17,2.14,0.0
20230525:0711,798.87,344.52,25.23,8.36,2.34,0.0
20230525:0811,1365.99,564.09,33.22,9.76,2.69,0.0
20230525:0911,1822.26,767.0,40.74,10.91,2.9,0.0
20230525:1011,2167.47,939.06,47.19,11.88,3.1,0.0
20230525:1111,2349.96,1038.02,51.72,12.77,3.31,0.0
20230525:1211,2398.8,1069.31,53.47,13.61,3.38,0.0
20230525:1311,2288.4,1012.75,51.98,14.16,3.38,0.0
20230525:1411,2146.95,937.39,47.64,14.43,3.45,0.0
20230525:1511,1813.29,772.94,41.32,14.45,3.38,0.0
20230525:1611,1358.79,570.69,33.86,14.31,3.17,0.0
20230525:1711,801.51,349.54,25.89,13.93,2.97,0.0
20230525:1811,266.76,153.53,17.87,13.27,2.76,0.0
20230525:1911,90.21,50.72,10.18,12.66,2.34,0.0
20230525:2011,0.0,2.62,3.16,11.42,1.93,0.0
20230525:2111,0.0,0.0,0.0,10.03,1.59,0.0
20230525:2211,0.0,0.0,0.0,8.26,1.24,0.0
20230525:2311,0.0,0.0,0.0,7.44,1.17,0.0
20230526:0011,0.0,0.0,0.0,6.86,1.17,0.0
20230526:0111,0.0,0.0,0.0,6.26,1.17,0.0
20230526:0211,0.0,0.0,0.0,5.86,1.17,0.0
20230526:0311,0.0,0.0,0.0,5.22,1.24,0.0
20230526:0411,0.0,3.5,2.77,4.7,1.31,0.0
20230526:0511,89.64,48.97,9.71,4.67,1.31,0.0
20230526:0611,242.04,138.36,17.36,7.09,1.45,0.0
20230526:0711,784.29,339.4,25.36,8.89,2.14,0.0
20230526:0811,1125.54,464.06,33.35,10.17,2.28,0.0
20230526:0911,1458.81,608.24,40.88,11.33,2.34,0.0
20230526:1011,1394.67,584.42,47.34,12.55,2.41,0.0
20230526:1111,1434.96,605.57,51.89,13.41,2.48,0.0
20230526:1211,1446.72,612.52,53.64,14.24,2.69,0.0
20230526:1311,1132.74,474.1,52.16,14.37,2.97,0.0
20230526:1411,1021.95,425.99,47.81,14.2,3.17,0.0
20230526:1511,881.49,367.29,41.49,13.99,3.17,0.0
20230526:1611,631.92,267.14,34.02,14.01,3.03,0.0
20230526:1711,270.48,124.19,26.05,13.89,2.97,0.0
20230526:1811,88.29,50.06,18.03,13.67,2.9,0.0
20230526:1911,39.03,27.98,10.34,13.46,2.41,0.0
20230526:2011,0.0,2.62,3.33,12.95,2.28,0.0
20230526:2111,0.0,0.0,0.0,12.34,2.14,0.0
20230526:2211,0.0,0.0,0.0,11.92,2.28,0.0
20230526:2311,0.0,0.0,0.0,11.37,2.41,0.0
20230527:0011,0.0,0.0,0.0,11.05,2.76,0.0
20230527:0111,0.0,0.0,0.0,10.61,2.97,0.0
20230527:0211,0.0,0.0,0.0,10.12,3.1,0.0
20230527:0311,0.0,0.0,0.0,9.6,3.31,0.0
20230527:0411,0.0,1.75,2.91,9.21,3.52,0.0
20230527:0511,38.1,27.11,9.84,9.2,3.66,0.0
20230527:0611,197.46,93.8,17.48,9.6,4.28,0.0
20230527:0711,441.9,189.4,25.48,10.29,4.48,0.0
20230527:0811,785.58,321.87,33.48,11.1,5.31,0.0
20230527:0911,806.55,330.61,41.02,11.9,5.66,0.0
20230527:1011,587.82,245.95,47.48,12.38,6.14,0.0
20230527:1111,1138.11,464.16,52.05,12.74,6.28,0.0
20230527:1211,803.55,332.14,53.81,13.17,5.66,0.0
20230527:1311,716.67,297.56,52.33,13.2,5.93,0.0
20230527:1411,538.62,227.54,47.98,12.85,5.72,0.0
20230527:1511,1055.43,432.69,41.65,12.79,4.69,0.0
20230527:1611,1226.31,503.5,34.18,12.51,4.62,0.0
20230527:1711,822.33,351.76,26.2,11.31,4.55,0.0
20230527:1811,290.46,134.64,18.18,10.33,4.28,0.0
20230527:1911,117.21,61.21,10.5,9.42,3.86,0.0
20230527:2011,0.0,5.25,3.49,8.8,3.17,0.0
20230527:2111,0.0,0.0,0.0,8.35,2.76,0.0
20230527:2211,0.0,0.0,0.0,7.88,2.34,0.0
20230527:2311,0.0,0.0,0.0,7.56,2.28,0.0
20230528:0011,0.0,0.0,0.0,7.02,2.07,0.0
20230528:0111,0.0,0.0,0.0,6.59,1.93,0.0
20230528:0211,0.0,0.0,0.0,6.31,1.86,0.0
20230528:0311,0.0,0.0,0.0,5.89,1.72,0.0
20230528:0411,0.0,2.62,3.04,5.48,1.59,0.0
20230528:0511,93.36,50.72,9.97,5.74,1.31,0.0
20230528:0611,172.5,82.89,17.6,6.88,2.0,0.0
20230528:0711,492.06,207.99,25.6,7.24,2.0,0.0
20230528:0811,778.41,318.65,33.6,7.75,1.93,0.0
20230528:0911,929.49,380.01,41.14,8.25,1.72,0.0
20230528:1011,1041.3,427.61,47.62,9.03,1.79,0.0
20230528:1111,1440.15,601.13,52.2,9.8,1.86,0.0
20230528:1211,1318.41,550.83,53.98,10.63,1.72,0.0
20230528:1311,1528.92,648.82,52.5,11.52,1.66,0.0
20230528:1411,1508.76,640.07,48.14,12.16,1.72,0.0
20230528:1511,1058.43,441.01,41.8,12.4,1.86,0.0
20230528:1611,889.23,371.3,34.33,12.57,1.86,0.0
20230528:1711,593.07,254.67,26.35,12.49,1.86,0.0
20230528:1811,303.57,159.23,18.33,12.08,1.59,0.0
20230528:1911,120.12,62.96,10.65,11.2,1.38,0.0
20230528:2011,0.54,6.12,3.65,10.48,1.24,0.0
20230528:2111,0.0,0.0,0.0,9.11,1.24,0.0
20230528:2211,0.0,0.0,0.0,7.97,0.97,0.0
20230528:2311,0.0,0.0,0.0,7.12,1.03,0.0
20230529:0011,0.0,0.0,0.0,6.44,1.1,0.0
20230529:0111,0.0,0.0,0.0,6.33,1.03,0.0
20230529:0211,0.0,0.0,0.0,5.9,1.03,0.0
20230529:0311,0.0,0.0,0.0,5.53,1.03,0.0
20230529:0411,0.0,4.37,3.17,4.91,1.1,0.0
20230529:0511,109.02,56.84,10.09,4.36,1.17,0.0
20230529:0611,257.73,143.01,17.72,6.4,0.9,0.0
20230529:0711,797.04,345.18,25.71,8.31,1.38,0.0
20230529:0811,1341.42,558.13,33.71,9.53,1.72,0.0
20230529:0911,1780.35,758.09,41.26,10.74,1.86,0.0
20230529:1011,2066.04,910.7,47.75,12.05,1.79,0.0
20230529:1111,2305.38,1051.89,52.35,13.24,1.79,0.0
20230529:1211,2311.98,1068.4,54.13,14.33,1.66,0.0
20230529:1311,2209.59,1017.98,52.66,15.26,1.52,0.0
20230529:1411,2040.18,927.71,48.3,15.97,1.38,0.0
20230529:1511,1723.23,760.98,41.95,16.47,1.38,0.0
20230529:1611,1328.82,574.25,34.47,16.63,1.45,0.0
20230529:1711,811.11,361.35,26.49,16.54,1.45,0.0
20230529:1811,279.93,159.8,18.48,16.21,1.38,0.0
20230529:1911,81.0,47.22,10.8,15.08,1.86,0.0
20230529:2011,1.5,7.0,3.8,13.78,1.79,0.0
20230529:2111,0.0,0.0,0.0,12.12,1.79,0.0
20230529:2211,0.0,0.0,0.0,10.69,1.66,0.0
20230529:2311,0.0,0.0,0.0,9.24,1.52,0.0
20230530:0011,0.0,0.0,0.0,7.96,1.38,0.0
20230530:0111,0.0,0.0,0.0,7.48,1.24,0.0
20230530:0211,0.0,0.0,0.0,7.55,1.1,0.0
20230530:0311,0.0,0.0,0.0,8.27,0.83,0.0
20230530:0411,0.0,1.75,3.29,7.05,0.41,0.0
20230530:0511,65.97,39.35,10.2,6.67,0.21,0.0
20230530:0611,262.56,121.7,17.82,8.02,0.21,0.0
20230530:0711,507.6,217.3,25.82,9.21,0.76,0.0
20230530:0811,937.23,391.76,33.82,11.01,0.83,0.0
20230530:0911,1710.54,745.7,41.38,13.31,1.03,0.0
20230530:1011,2003.22,905.49,47.88,15.19,1.24,0.0
20230530:1111,2139.06,989.39,52.49,16.63,1.38,0.0
20230530:1211,2232.96,1057.37,54.29,17.99,1.31,0.0
20230530:1311,2117.46,995.91,52.81,18.98,1.24,0.0
20230530:1411,1949.31,901.3,48.45,19.72,1.24,0.0
20230530:1511,1618.05,724.8,42.1,20.18,1.31,0.0
20230530:1611,1234.17,540.42,34.62,20.19,1.52,0.0
20230530:1711,753.21,337.43,26.64,19.77,2.0,0.0
20230530:1811,298.56,159.72,18.62,18.53,2.48,0.0
20230530:1911,116.97,62.96,10.95,16.66,2.41,0.0
20230530:2011,0.45,6.12,3.95,14.93,2.21,0.0
20230530:2111,0.0,0.0,0.0,13.08,2.07,0.0
20230530:2211,0.0,0.0,0.0,11.68,1.86,0.0
20230530:2311,0.0,0.0,0.0,10.63,1.72,0.0
20230531:0011,0.0,0.0,0.0,9.97,1.59,0.0
20230531:0111,0.0,0.0,0.0,9.6,1.31,0.0
20230531:0211,0.0,0.0,0.0,9.34,1.17,0.0
20230531:0311,0.0,0.0,0.0,9.42,0.9,0.0
20230531:0411,0.0,2.62,3.4,9.44,0.69,0.0
20230531:0511,28.92,22.74,10.31,9.39,0.34,0.0
20230531:0611,157.53,77.88,17.93,9.71,0.14,0.0
20230531:0711,287.25,129.71,25.92,10.5,0.34,0.0
20230531:0811,379.11,166.11,33.92,11.17,0.69,0.0
20230531:0911,471.33,203.33,41.49,12.1,0.83,0.0
20230531:1011,534.09,229.37,48.0,12.99,0.83,0.0
20230531:1111,1215.45,519.52,52.62,14.15,0.9,0.0
20230531:1211,2222.88,1042.77,54.43,15.48,1.03,0.0
20230531:1311,2176.38,1011.72,52.96,16.68,1.38,0.0
20230531:1411,2024.37,921.95,48.59,17.58,1.66,0.0
20230531:1511,1733.4,765.66,42.24,18.1,1.93,0.0
20230531:1611,1326.78,572.15,34.75,18.1,2.28,0.0
20230531:1711,822.03,365.2,26.77,17.6,2.62,0.0
20230531:1811,280.62,162.51,18.76,16.69,2.62,0.0
20230531:1911,88.86,50.72,11.09,15.59,2.41,0.0
20230531:2011,0.48,6.12,4.09,14.31,2.21,0.0
20230531:2111,0.0,0.0,0.0,12.9,1.86,0.0
20230531:2211,0.0,0.0,0.0,11.82,1.59,0.0
20230531:2311,0.0,0.0,0.0,10.85,1.45,0.0
20230601:0011,0.0,0.0,0.0,10.19,1.38,0.0
20230601:0111,0.0,0.0,0.0,9.56,1.52,0.0
20230601:0211,0.0,0.0,0.0,9.24,1.59,0.0
20230601:0311,0.0,0.0,0.0,9.01,1.52,0.0
20230601:0411,0.0,2.62,3.51,8.76,1.59,0.0
20230601:0511,23.79,20.11,10.41,8.72,1.66,0.0
20230601:0611,156.33,76.95,18.02,8.83,1.72,0.0
20230601:0711,301.8,134.25,26.01,9.11,1.66,0.0
20230601:0811,412.8,177.39,34.02,9.46,1.86,0.0
20230601:0911,648.9,270.2,41.59,9.99,2.0,0.0
20230601:1011,591.99,248.69,48.11,10.78,2.14,0.0
20230601:1111,1057.98,438.56,52.75,11.46,2.28,0.0
20230601:1211,1097.22,456.82,54.57,12.3,2.34,0.0
20230601:1311,1080.36,450.93,53.1,13.03,2.41,0.0
20230601:1411,1712.16,732.56,48.74,13.43,2.48,0.0
20230601:1511,1584.21,671.02,42.38,13.74,2.62,0.0
20230601:1611,1357.86,570.13,34.89,13.65,2.76,0.0
20230601:1711,851.01,369.19,26.91,13.01,2.97,0.0
20230601:1811,288.24,163.93,18.89,12.03,3.03,0.0
20230601:1911,82.68,47.22,11.22,11.24,2.83,0.0
20230601:2011,5.16,9.62,4.23,9.97,2.48,0.0
20230601:2111,0.0,0.0,0.0,8.67,2.14,0.0
20230601:2211,0.0,0.0,0.0,7.65,1.86,0.0
20230601:2311,0.0,0.0,0.0,6.95,1.66,0.0
20230602:0011,0.0,0.0,0.0,6.08,1.45,0.0
20230602:0111,0.0,0.0,0.0,5.04,1.24,0.0
20230602:0211,0.0,0.0,0.0,5.29,0.97,0.0
20230602:0311,0.0,0.0,0.0,6.2,0.76,0.0
20230602:0411,0.0,5.25,3.61,6.35,0.41,0.0
20230602:0511,88.62,48.97,10.5,6.65,0.14,0.0
20230602:0611,240.93,143.18,18.11,7.92,0.34,0.0
20230602:0711,790.08,347.05,26.1,9.73,0.41,0.0
20230602:0811,1301.01,554.05,34.11,11.55,0.55,0.0
20230602:0911,1544.79,668.07,41.68,13.09,0.76,0.0
20230602:1011,1589.73,691.75,48.22,14.41,1.17,0.0
20230602:1111,2067.57,952.5,52.87,15.42,0.97,0.0
20230602:1211,2204.97,1046.43,54.7,16.22,0.76,0.0
20230602:1311,2037.36,951.83,53.24,16.88,0.69,0.0
20230602:1411,1727.58,779.4,48.87,17.3,0.76,0.0
20230602:1511,1653.75,738.85,42.51,17.63,0.83,0.0
20230602:1611,1151.16,497.36,35.02,17.51,1.17,0.0
20230602:1711,756.09,334.04,27.03,16.83,1.45,0.0
20230602:1811,317.73,163.11,19.02,16.2,1.79,0.0
20230602:1911,66.93,41.1,11.35,15.64,2.41,0.0
20230602:2011,0.0,3.5,4.36,14.36,2.14,0.0
20230602:2111,0.0,0.0,0.0,13.03,2.0,0.0
20230602:2211,0.0,0.0,0.0,12.0,2.0,0.0
20230602:2311,0.0,0.0,0.0,11.48,1.79,0.0
20230603:0011,0.0,0.0,0.0,10.75,1.45,0.0
20230603:0111,0.0,0.0,0.0,10.22,1.17,0.0
20230603:0211,0.0,0.0,0.0,9.24,1.03,0.0
20230603:0311,0.0,0.0,0.0,8.63,0.69,0.0
20230603:0411,0.0,2.62,3.71,8.7,0.34,0.0
20230603:0511,96.0,52.47,10.59,8.74,0.21,0.0
20230603:0611,243.93,143.57,18.19,9.76,0.14,0.0
20230603:0711,780.21,344.74,26.18,11.24,0.55,0.0
20230603:0811,1297.8,553.92,34.19,12.56,0.76,0.0
20230603:0911,1717.23,755.28,41.77,14.28,0.9,0.0
20230603:1011,1985.91,901.22,48.32,15.29,1.03,0.0
20230603:1111,2129.37,990.48,52.98,16.48,1.1,0.0
20230603:1211,2205.15,1039.36,54.83,17.21,1.17,0.0
20230603:1311,2147.82,1004.18,53.37,18.1,1.38,0.0
20230603:1411,1967.97,898.87,49.0,18.73,1.59,0.0
20230603:1511,1715.58,758.09,42.63,18.8,2.07,0.0
20230603:1611,1308.99,560.9,35.14,18.1,2.83,0.0
20230603:1711,820.71,361.62,27.16,17.23,3.31,0.0
20230603:1811,300.66,165.16,19.15,16.28,3.31,0.0
20230603:1911,113.97,61.21,11.48,14.85,2.97,0.0
20230603:2011,1.5,7.0,4.49,13.65,2.48,0.0
20230603:2111,0.0,0.0,0.0,12.32,2.28,0.0
20230603:2211,0.0,0.0,0.0,11.2,2.14,0.0
20230603:2311,0.0,0.0,0.0,10.38,1.86,0.0
20230604:0011,0.0,0.0,0.0,9.74,1.59,0.0
20230604:0111,0.0,0.0,0.0,9.3,1.38,0.0
20230604:0211,0.0,0.0,0.0,8.7,1.24,0.0
20230604:0311,0.0,0.0,0.0,7.96,1.1,0.0
20230604:0411,0.0,2.62,3.79,7.67,1.03,0.0
20230604:0511,30.87,23.61,10.67,8.54,0.83,0.0
20230604:0611,148.74,74.17,18.27,9.35,0.69,0.0
20230604:0711,301.38,135.16,26.26,10.2,0.34,0.0
20230604:0811,456.66,197.31,34.27,11.48,0.34,0.0
20230604:0911,547.77,235.12,41.86,12.94,0.48,0.0
20230604:1011,597.66,257.4,48.41,14.58,0.48,0.0
20230604:1111,1043.34,449.25,53.09,15.84,0.48,0.0
20230604:1211,1551.42,694.16,54.95,16.93,0.41,0.0
20230604:1311,2068.92,984.5,53.49,18.1,0.48,0.0
20230604:1411,1942.17,905.47,49.13,18.83,0.69,0.0
20230604:1511,1716.24,766.8,42.76,18.86,1.45,0.0
20230604:1611,1316.34,568.7,35.26,18.32,2.14,0.0
20230604:1711,841.47,372.36,27.28,17.28,2.83,0.0
20230604:1811,294.09,167.17,19.27,16.12,2.97,0.0
20230604:1911,105.99,57.71,11.6,14.27,3.1,0.0
20230604:2011,0.0,3.5,4.61,12.93,2.62,0.0
20230604:2111,0.0,0.0,0.0,11.77,2.41,0.0
20230604:2211,0.0,0.0,0.0,10.96,2.21,0.0
20230604:2311,0.0,0.0,0.0,10.36,2.07,0.0
20230605:0011,0.0,0.0,0.0,10.01,1.93,0.0
20230605:0111,0.0,0.0,0.0,9.58,1.86,0.0
20230605:0211,0.0,0.0,0.0,9.27,1.72,0.0
20230605:0311,0.0,0.0,0.0,9.04,1.59,0.0
20230605:0411,0.0,2.62,3.88,8.9,1.45,0.0
20230605:0511,30.78,23.61,10.75,9.07,1.38,0.0
20230605:0611,146.64,73.24,18.34,9.26,1.24,0.0
20230605:0711,274.62,124.13,26.33,9.76,1.03,0.0
20230605:0811,371.91,162.38,34.34,10.27,1.17,0.0
20230605:0911,429.45,185.42,41.93,11.0,1.38,0.0
20230605:1011,340.59,151.12,48.5,11.97,1.45,0.0
20230605:1111,514.17,220.65,53.19,12.91,1.52,0.0
20230605:1211,633.51,269.73,55.06,13.64,1.38,0.0
20230605:1311,691.23,295.56,53.61,15.09,1.17,0.0
20230605:1411,1161.51,500.89,49.24,16.49,0.9,0.0
20230605:1511,1545.72,681.25,42.87,17.28,1.03,0.0
20230605:1611,1312.77,566.86,35.38,17.5,1.79,0.0
20230605:1711,852.15,376.26,27.39,16.76,2.69,0.0
20230605:1811,297.81,170.05,19.38,15.42,3.17,0.0
20230605:1911,85.74,48.97,11.72,13.65,3.1,0.0
20230605:2011,25.05,20.99,4.73,12.04,2.69,0.0
20230605:2111,0.0,0.0,0.0,10.65,2.34,0.0
20230605:2211,0.0,0.0,0.0,9.62,2.0,0.0
20230605:2311,0.0,0.0,0.0,8.92,1.72,0.0
20230606:0011,0.0,0.0,0.0,8.34,1.45,0.0
20230606:0111,0.0,0.0,0.0,7.53,1.38,0.0
20230606:0211,0.0,0.0,0.0,7.05,1.24,0.0
20230606:0311,0.0,0.0,0.0,6.71,1.17,0.0
20230606:0411,0.0,2.62,3.95,6.87,1.03,0.0
20230606:0511,31.02,23.61,10.82,7.65,0.76,0.0
20230606:0611,165.12,80.66,18.41,9.05,0.62,0.0
20230606:0711,0.0,0.0,0.0,9.78,0.41,0.0
20230606:0811,462.6,199.14,34.4,10.8,0.28,0.0
20230606:0911,503.79,216.59,42.0,12.0,0.41,0.0
20230606:1011,423.9,185.42,48.58,13.06,0.62,0.0
20230606:1111,634.05,271.97,53.28,14.45,0.69,0.0
20230606:1211,932.13,398.35,55.16,15.47,0.9,0.0
20230606:1311,1118.85,482.36,53.73,16.49,0.9,0.0
20230606:1411,1714.23,767.52,49.36,17.16,1.03,0.0
20230606:1511,1674.66,740.39,42.99,17.51,1.45,0.0
20230606:1611,1303.92,557.58,35.49,17.1,2.48,0.0
20230606:1711,579.75,251.46,27.5,16.11,3.1,0.0
20230606:1811,303.06,170.51,19.49,14.93,3.17,0.0
20230606:1911,87.69,49.84,11.83,13.79,2.83,0.0
20230606:2011,30.15,23.61,4.84,12.85,2.41,0.0
20230606:2111,0.0,0.0,0.0,11.66,2.07,0.0
20230606:2211,0.0,0.0,0.0,10.46,1.79,0.0
20230606:2311,0.0,0.0,0.0,9.65,1.45,0.0
20230607:0011,0.0,0.0,0.0,8.85,1.24,0.0
20230607:0111,0.0,0.0,0.0,7.97,1.03,0.0
20230607:0211,0.0,0.0,0.0,7.82,0.9,0.0
20230607:0311,0.0,0.0,0.0,7.78,0.83,0.0
20230607:0411,0.57,6.12,4.02,8.21,0.62,0.0
20230607:0511,57.33,35.85,10.88,8.69,0.41,0.0
20230607:0611,192.81,92.14,18.47,9.77,0.48,0.0
20230607:0711,443.7,192.57,26.45,10.74,0.41,0.0
20230607:0811,649.92,275.21,34.46,11.95,0.55,0.0
20230607:0911,1121.49,478.19,42.07,13.44,0.28,0.0
20230607:1011,1631.85,724.14,48.65,14.44,0.34,0.0
20230607:1111,1920.51,888.27,53.37,15.55,0.28,0.0
20230607:1211,1985.52,921.21,55.26,16.24,0.62,0.0
20230607:1311,1702.71,761.25,53.83,16.95,1.1,0.0
20230607:1411,1363.89,589.84,49.47,17.36,1.79,0.0
20230607:1511,1115.7,473.4,43.09,17.11,2.62,0.0
20230607:1611,1145.52,484.57,35.59,16.81,3.1,0.0
20230607:1711,765.45,331.88,27.61,16.04,3.52,0.0
20230607:1811,315.09,170.71,19.6,15.21,3.59,0.0
20230607:1911,105.78,57.71,11.93,14.66,3.17,0.0
20230607:2011,0.0,5.25,4.95,13.6,2.83,0.0
20230607:2111,0.0,0.0,0.0,12.28,2.41,0.0
20230607:2211,0.0,0.0,0.0,11.26,2.07,0.0
20230607:2311,0.0,0.0,0.0,10.49,1.79,0.0
20230608:0011,0.0,0.0,0.0,9.87,1.66,0.0
20230608:0111,0.0,0.0,0.0,9.35,1.45,0.0
20230608:0211,0.0,0.0,0.0,9.05,1.24,0.0
20230608:0311,0.0,0.0,0.0,9.06,1.17,0.0
20230608:0411,0.0,2.62,4.09,8.74,1.17,0.0
20230608:0511,53.31,34.1,10.94,9.2,1.31,0.0
20230608:0611,307.29,148.5,18.52,9.73,1.59,0.0
20230608:0711,737.04,319.21,26.5,10.66,1.59,0.0
20230608:0811,1201.83,501.91,34.51,11.68,1.93,0.0
20230608:0911,1681.86,715.86,42.12,12.94,2.28,0.0
20230608:1011,1965.78,857.41,48.72,13.91,2.48,0.0
20230608:1111,2160.81,965.93,53.45,15.1,2.55,0.0
20230608:1211,2133.42,959.5,55.35,16.03,2.48,0.0
20230608:1311,2067.57,926.41,53.93,16.52,2.48,0.0
20230608:1411,1990.86,873.95,49.57,16.57,3.17,0.0
20230608:1511,1633.59,691.0,43.19,15.83,4.0,0.0
20230608:1611,1359.15,568.29,35.69,15.24,4.21,0.0
20230608:1711,843.75,364.2,27.71,14.65,4.28,0.0
20230608:1811,309.72,173.86,19.7,13.81,4.21,0.0
20230608:1911,106.5,57.71,12.04,13.42,3.66,0.0
20230608:2011,30.24,23.61,5.05,12.32,2.97,0.0
20230608:2111,0.0,0.0,0.0,11.28,2.48,0.0
20230608:2211,0.0,0.0,0.0,10.38,1.79,0.0
20230608:2311,0.0,0.0,0.0,9.63,1.31,0.0
20230609:0011,0.0,0.0,0.0,8.56,1.03,0.0
20230609:0111,0.0,0.0,0.0,8.11,0.9,0.0
20230609:0211,0.0,0.0,0.0,8.24,0.76,0.0
20230609:0311,0.0,0.0,0.0,8.21,0.62,0.0
20230609:0411,0.0,2.62,4.14,7.89,0.41,0.0
20230609:0511,117.57,61.21,10.99,8.03,0.34,0.0
20230609:0611,302.76,150.5,18.57,8.83,0.34,0.0
20230609:0711,780.39,342.36,26.54,10.2,0.69,0.0
20230609:0811,1297.41,549.09,34.56,11.42,0.97,0.0
20230609:0911,1719.63,747.79,42.17,13.16,1.17,0.0
20230609:1011,2001.75,902.09,48.78,14.69,1.24,0.0
20230609:1111,2117.28,978.41,53.52,16.21,1.24,0.0
20230609:1211,2202.99,1036.09,55.44,17.51,1.31,0.0
20230609:1311,2097.93,981.13,54.03,18.66,1.31,0.0
20230609:1411,1981.11,916.43,49.67,19.45,1.31,0.0
20230609:1511,1693.38,760.32,43.29,19.95,1.45,0.0
20230609:1611,1344.15,591.89,35.79,20.12,1.45,0.0
20230609:1711,841.35,379.35,27.8,19.97,1.52,0.0
20230609:1811,302.61,175.15,19.79,19.37,1.59,0.0
20230609:1911,85.38,49.84,12.13,18.64,1.24,0.0
20230609:2011,29.37,23.61,5.15,17.26,1.1,0.0
20230609:2111,0.0,0.0,0.0,14.98,0.97,0.0
20230609:2211,0.0,0.0,0.0,14.34,0.55,0.0
20230609:2311,0.0,0.0,0.0,13.21,0.14,0.0
20230610:0011,0.0,0.0,0.0,12.27,0.14,0.0
20230610:0111,0.0,0.0,0.0,11.39,0.48,0.0
20230610:0211,0.0,0.0,0.0,10.65,0.69,0.0
20230610:0311,0.0,0.0,0.0,10.11,0.9,0.0
20230610:0411,23.76,20.11,4.19,9.01,1.03,0.0
20230610:0511,123.51,63.84,11.03,9.02,0.97,0.0
20230610:0611,270.78,147.26,18.61,11.62,0.55,0.0
20230610:0711,714.63,316.34,26.58,13.77,0.62,0.0
20230610:0811,1225.98,532.03,34.6,16.09,0.62,0.0
20230610:0911,1583.67,705.99,42.22,18.33,0.83,0.0
20230610:1011,1804.23,821.4,48.83,20.27,1.45,0.0
20230610:1111,2092.17,979.45,53.58,21.84,2.0,0.0
20230610:1211,2110.23,989.77,55.52,23.1,2.41,0.0
20230610:1311,1923.3,883.45,54.11,24.02,2.9,0.0
20230610:1411,1842.15,839.08,49.76,24.5,3.03,0.0
20230610:1511,1643.61,731.6,43.38,24.57,3.59,0.0
20230610:1611,1207.26,528.38,35.88,24.21,3.66,0.0
20230610:1711,709.29,318.25,27.89,23.41,3.38,0.0
20230610:1811,312.15,151.53,19.88,22.54,3.1,0.0
20230610:1911,80.25,48.1,12.22,21.72,2.83,0.0
20230610:2011,34.02,26.23,5.24,20.44,2.34,0.0
20230610:2111,0.0,0.0,0.0,19.05,2.14,0.0
20230610:2211,0.0,0.0,0.0,17.68,2.14,0.0
20230610:2311,0.0,0.0,0.0,16.63,2.07,0.0
20230611:0011,0.0,0.0,0.0,15.6,1.93,0.0
20230611:0111,0.0,0.0,0.0,14.66,1.93,0.0
20230611:0211,0.0,0.0,0.0,13.91,1.72,0.0
20230611:0311,0.0,0.0,0.0,13.41,1.52,0.0
20230611:0411,24.9,20.99,4.24,13.09,1.52,0.0
20230611:0511,110.49,59.46,11.07,13.3,1.38,0.0
20230611:0611,25.44,21.32,18.64,13.94,1.17,0.0
20230611:0711,91.8,51.92,26.61,15.05,1.03,0.0
20230611:0811,151.05,76.95,34.63,15.5,1.03,0.0
20230611:0911,441.24,194.96,42.26,16.36,0.9,0.0
20230611:1011,378.69,170.59,48.88,17.32,0.55,0.0
20230611:1111,1541.91,692.39,53.64,18.64,0.62,0.0
20230611:1211,1326.96,584.17,55.59,19.99,1.45,0.0
20230611:1311,508.2,226.21,54.2,20.96,1.72,0.0
20230611:1411,114.15,63.04,49.84,21.54,1.38,0.0
20230611:1511,247.44,119.6,43.47,22.31,1.1,0.0
20230611:1611,697.68,308.21,35.96,22.62,1.31,0.0
20230611:1711,483.78,217.82,27.98,21.72,1.93,0.0
20230611:1811,300.6,144.13,19.97,20.08,2.07,0.0
20230611:1911,141.48,74.33,12.31,19.93,1.1,0.0
20230611:2011,34.32,26.23,5.33,18.78,0.9,0.0
20230611:2111,0.0,0.0,0.0,18.05,0.83,0.0
20230611:2211,0.0,0.0,0.0,17.47,0.62,0.0
20230611:2311,0.0,0.0,0.0,17.28,0.41,0.0
20230612:0011,0.0,0.0,0.0,16.88,0.28,0.0
20230612:0111,0.0,0.0,0.0,16.49,0.21,0.0
20230612:0211,0.0,0.0,0.0,15.91,0.21,0.0
20230612:0311,0.0,0.0,0.0,14.75,0.41,0.0
20230612:0411,0.0,2.62,4.28,14.45,0.41,0.0
20230612:0511,33.36,25.36,11.1,14.43,0.41,0.0
20230612:0611,182.88,90.28,18.67,15.36,0.14,0.0
20230612:0711,443.25,197.31,26.64,15.98,0.28,0.0
20230612:0811,1056.33,460.01,34.66,17.77,0.41,0.0
20230612:0911,0.0,0.0,0.0,19.41,0.76,0.0
20230612:1011,1300.32,575.85,48.92,20.95,1.1,0.0
20230612:1111,1056.33,465.1,53.7,21.95,1.31,0.0
20230612:1211,1791.3,828.45,55.66,22.55,1.45,0.0
20230612:1311,1047.03,458.1,54.27,22.09,2.07,0.0
20230612:1411,147.0,76.95,49.92,21.32,2.55,0.0
20230612:1511,147.66,76.95,43.55,20.45,2.62,0.0
20230612:1611,110.97,61.19,36.04,19.62,1.24,0.0
20230612:1711,52.86,35.23,28.06,19.44,1.66,0.0
20230612:1811,28.32,23.18,20.05,18.57,1.66,0.0
20230612:1911,8.79,12.24,12.39,17.96,1.31,0.0
20230612:2011,0.0,4.37,5.41,17.36,1.59,0.0
20230612:2111,0.0,0.0,0.0,16.4,1.38,0.0
20230612:2211,0.0,0.0,0.0,15.49,1.31,0.0
20230612:2311,0.0,0.0,0.0,14.84,1.31,0.0
20230613:0011,0.0,0.0,0.0,14.06,1.31,0.0
20230613:0111,0.0,0.0,0.0,13.49,1.24,0.0
20230613:0211,0.0,0.0,0.0,13.19,1.17,0.0
20230613:0311,0.0,0.0,0.0,12.86,0.97,0.0
20230613:0411,0.0,2.62,4.31,12.76,0.69,0.0
20230613:0511,30.09,23.61,11.13,13.01,0.62,0.0
20230613:0611,121.11,63.97,18.69,13.44,0.83,0.0
20230613:0711,408.6,181.64,26.66,15.05,0.76,0.0
20230613:0811,478.29,210.74,34.68,17.05,0.76,0.0
20230613:0911,800.28,347.61,42.32,18.91,0.69,0.0
20230613:1011,969.87,425.85,48.95,20.78,0.69,0.0
20230613:1111,1771.53,829.19,53.74,22.46,0.76,0.0
20230613:1211,1386.12,631.61,55.72,23.73,0.76,0.0
20230613:1311,178.83,91.78,54.34,24.47,0.76,0.0
20230613:1411,148.32,78.8,49.99,24.75,0.76,0.0
20230613:1511,592.23,266.65,43.62,24.55,0.83,0.0
20230613:1611,696.45,311.29,36.12,23.86,0.48,0.0
20230613:1711,115.26,63.97,28.13,23.17,1.03,0.0
20230613:1811,72.3,44.5,20.13,21.47,1.52,0.0
20230613:1911,8.55,12.24,12.46,21.86,1.52,0.0
20230613:2011,0.0,4.37,5.48,20.54,0.9,0.0
20230613:2111,0.0,0.0,0.0,21.12,0.28,0.0
20230613:2211,0.0,0.0,0.0,20.38,0.55,0.0
20230613:2311,0.0,0.0,0.0,19.16,0.83,0.0
20230614:0011,0.0,0.0,0.0,18.18,0.9,0.0
20230614:0111,0.0,0.0,0.0,16.56,1.03,0.0
20230614:0211,0.0,0.0,0.0,14.78,1.24,0.0
20230614:0311,0.0,0.0,0.0,13.53,1.38,0.0
20230614:0411,13.56,14.87,4.33,12.6,1.45,0.0
20230614:0511,87.81,49.84,11.15,13.26,1.24,0.0
20230614:0611,277.2,146.69,18.71,16.22,0.9,0.0
20230614:0711,735.48,335.13,26.68,18.01,0.9,0.0
20230614:0811,1180.89,518.23,34.7,19.81,1.1,0.0
20230614:0911,1096.83,479.1,42.34,21.27,1.59,0.0
20230614:1011,1859.13,857.5,48.98,22.23,1.59,0.0
20230614:1111,1957.53,928.79,53.78,23.04,1.17,0.0
20230614:1211,2014.17,979.18,55.77,23.68,0.76,0.0
20230614:1311,1936.26,940.13,54.4,24.17,0.55,0.0
20230614:1411,1584.78,739.66,50.06,24.33,0.48,0.0
20230614:1511,1055.19,474.49,43.69,24.37,0.34,0.0
20230614:1611,1297.62,595.42,36.19,24.6,0.14,0.0
20230614:1711,835.89,383.95,28.2,23.33,1.17,0.0
20230614:1811,326.49,174.89,20.2,21.61,1.79,0.0
20230614:1911,127.89,69.08,12.53,21.95,1.59,0.0
20230614:2011,33.93,26.23,5.55,20.94,1.59,0.0
20230614:2111,0.0,0.0,0.0,19.29,1.66,0.0
20230614:2211,0.0,0.0,0.0,17.3,1.79,0.0
20230614:2311,0.0,0.0,0.0,15.58,1.93,0.0
20230615:0011,0.0,0.0,0.0,14.16,2.0,0.0
20230615:0111,0.0,0.0,0.0,12.96,1.93,0.0
20230615:0211,0.0,0.0,0.0,11.81,1.86,0.0
20230615:0311,0.0,0.0,0.0,10.87,1.72,0.0
20230615:0411,21.87,19.24,4.35,10.38,1.66,0.0
20230615:0511,88.71,49.84,11.17,11.32,1.45,0.0
20230615:0611,230.37,143.21,18.72,14.08,1.24,0.0
20230615:0711,765.9,346.51,26.69,16.73,1.38,0.0
20230615:0811,1291.8,562.53,34.71,18.49,1.66,0.0
20230615:0911,1705.59,760.72,42.35,19.79,1.79,0.0
20230615:1011,1995.63,924.17,49.0,20.86,1.66,0.0
20230615:1111,2160.09,1033.51,53.81,21.75,1.45,0.0
20230615:1211,2167.74,1046.89,55.81,22.51,1.38,0.0
20230615:1311,2124.36,1025.67,54.45,23.11,1.31,0.0
20230615:1411,1947.6,922.27,50.12,23.52,1.24,0.0
20230615:1511,1704.33,789.19,43.76,23.7,1.03,0.0
20230615:1611,1299.21,586.11,36.25,23.75,0.9,0.0
20230615:1711,822.81,378.93,28.27,23.61,0.76,0.0
20230615:1811,310.74,179.9,20.26,23.33,0.83,0.0
20230615:1911,95.34,55.09,12.6,22.67,1.17,0.0
20230615:2011,35.58,27.11,5.61,21.31,1.52,0.0
20230615:2111,0.0,0.0,0.0,19.06,1.59,0.0
20230615:2211,0.0,0.0,0.0,17.24,1.52,0.0
20230615:2311,0.0,0.0,0.0,15.79,1.38,0.0
20230616:0011,0.0,0.0,0.0,14.54,1.38,0.0
20230616:0111,0.0,0.0,0.0,13.19,1.52,0.0
20230616:0211,0.0,0.0,0.0,12.16,1.59,0.0
20230616:0311,0.0,0.0,0.0,11.49,1.52,0.0
20230616:0411,25.17,20.99,4.36,11.2,1.45,0.0
20230616:0511,90.39,50.72,11.17,12.08,1.24,0.0
20230616:0611,230.55,142.66,18.73,15.11,0.83,0.0
20230616:0711,754.65,343.93,26.69,17.25,0.69,0.0
20230616:0811,1244.91,550.19,34.72,19.04,0.55,0.0
20230616:0911,1632.57,746.29,42.36,20.43,0.41,0.0
20230616:1011,1895.4,892.08,49.02,21.59,0.76,0.0
20230616:1111,2080.65,1000.12,53.84,22.42,1.1,0.0
20230616:1211,2131.56,1033.1,55.85,23.13,1.24,0.0
20230616:1311,2097.42,1013.35,54.5,23.73,1.31,0.0
20230616:1411,1938.93,916.75,50.18,23.98,1.38,0.0
20230616:1511,1664.49,763.78,43.81,23.96,1.38,0.0
20230616:1611,1201.83,536.75,36.31,23.86,1.31,0.0
20230616:1711,826.68,379.06,28.33,23.49,1.17,0.0
20230616:1811,314.61,179.31,20.32,22.88,1.1,0.0
20230616:1911,105.51,59.46,12.66,22.14,0.9,0.0
20230616:2011,37.29,27.98,5.67,21.51,1.1,0.0
20230616:2111,0.0,0.0,0.0,19.56,1.1,0.0
20230616:2211,0.0,0.0,0.0,19.21,0.83,0.0
20230616:2311,0.0,0.0,0.0,18.25,0.62,0.0
20230617:0011,0.0,0.0,0.0,17.06,0.41,0.0
20230617:0111,0.0,0.0,0.0,16.03,0.21,0.0
20230617:0211,0.0,0.0,0.0,15.18,0.14,0.0
20230617:0311,0.0,0.0,0.0,14.54,0.07,0.0
20230617:0411,0.0,3.5,4.37,13.99,0.07,0.0
20230617:0511,13.44,14.87,11.18,13.86,0.14,0.0
20230617:0611,297.48,144.46,18.73,14.07,0.28,0.0
20230617:0711,699.9,313.57,26.69,16.28,0.83,0.0
20230617:0811,1207.11,523.85,34.72,17.71,1.24,0.0
20230617:0911,1629.66,718.9,42.36,19.08,1.86,0.0
20230617:1011,1886.7,852.37,49.03,20.33,2.21,0.0
20230617:1111,1787.22,806.49,53.86,21.32,2.34,0.0
20230617:1211,1463.61,649.12,55.88,21.84,2.28,0.0
20230617:1311,1301.16,574.36,54.55,22.44,2.21,0.0
20230617:1411,393.96,179.86,50.23,22.32,2.14,0.0
20230617:1511,207.99,102.91,43.87,22.16,2.07,0.0
20230617:1611,230.55,112.18,36.37,21.88,1.93,0.0
20230617:1711,499.35,224.24,28.38,21.44,1.66,0.0
20230617:1811,120.96,65.82,20.37,20.93,1.38,0.0
20230617:1911,94.47,54.22,12.71,20.49,1.31,0.0
20230617:2011,0.0,4.37,5.72,19.33,1.59,0.0
20230617:2111,0.0,0.0,0.0,17.77,1.1,0.0
20230617:2211,0.0,0.0,0.0,17.98,0.69,0.0
20230617:2311,0.0,0.0,0.0,17.24,0.76,0.0
20230618:0011,0.0,0.0,0.0,16.45,0.76,0.0
20230618:0111,0.0,0.0,0.0,16.21,0.69,0.0
20230618:0211,0.0,0.0,0.0,15.27,0.83,0.0
20230618:0311,0.0,0.0,0.0,14.68,0.83,0.0
20230618:0411,0.0,3.5,4.37,13.96,0.83,0.0
20230618:0511,10.47,13.12,11.17,13.72,0.76,0.0
20230618:0611,253.89,120.53,18.72,14.62,0.41,0.0
20230618:0711,337.86,153.25,26.68,16.03,0.83,0.0
20230618:0811,1037.1,447.41,34.71,17.43,1.1,0.0
20230618:0911,1613.94,714.78,42.36,18.77,1.45,0.0
20230618:1011,1919.61,874.86,49.03,20.01,1.79,0.0
20230618:1111,2043.54,943.09,53.87,21.03,2.21,0.0
20230618:1211,1911.63,871.46,55.91,21.78,2.55,0.0
20230618:1311,2042.73,940.05,54.58,22.07,2.69,0.0
20230618:1411,1442.01,636.06,50.27,22.18,2.62,0.0
20230618:1511,1379.43,606.8,43.91,22.37,2.48,0.0
20230618:1611,1094.34,478.79,36.42,22.39,2.21,0.0
20230618:1711,758.04,339.49,28.43,22.16,2.41,0.0
20230618:1811,347.4,171.46,20.42,21.46,2.69,0.0
20230618:1911,151.74,78.7,12.76,20.42,2.21,0.0
20230618:2011,12.99,14.87,5.77,19.13,2.21,0.0
20230618:2111,0.0,0.0,0.0,17.83,1.93,0.0
20230618:2211,0.0,0.0,0.0,16.68,1.52,0.0
20230618:2311,0.0,0.0,0.0,15.57,1.45,0.0
20230619:0011,0.0,0.0,0.0,14.72,1.45,0.0
20230619:0111,0.0,0.0,0.0,14.26,1.66,0.0
20230619:0211,0.0,0.0,0.0,13.63,2.0,0.0
20230619:0311,0.0,0.0,0.0,13.08,2.55,0.0
20230619:0411,0.0,3.5,4.37,12.79,3.03,0.0
20230619:0511,6.36,10.49,11.16,12.81,2.34,0.0
20230619:0611,31.11,24.1,18.71,13.17,2.28,0.0
20230619:0711,277.5,125.95,26.67,12.66,5.03,0.0
20230619:0811,167.25,82.51,34.7,13.13,4.34,0.0
20230619:0911,519.54,222.38,42.35,14.0,3.38,0.0
20230619:1011,684.06,291.44,49.02,15.65,2.28,0.0
20230619:1111,1231.59,522.98,53.88,16.63,2.83,0.0
20230619:1211,704.73,298.3,55.92,16.13,4.34,0.0
20230619:1311,481.44,207.67,54.61,15.06,4.76,0.0
20230619:1411,535.2,229.35,50.3,15.02,3.93,0.0
20230619:1511,510.9,220.3,43.95,15.98,4.48,0.0
20230619:1611,341.85,153.9,36.46,16.81,4.28,0.0
20230619:1711,467.13,204.61,28.48,17.04,4.48,0.0
20230619:1811,342.75,161.16,20.47,16.78,4.0,0.0
20230619:1911,11.76,13.99,12.8,16.18,3.52,0.0
20230619:2011,0.0,4.37,5.81,15.73,3.38,0.0
20230619:2111,0.0,0.0,0.0,15.14,3.1,0.0
20230619:2211,0.0,0.0,0.0,14.59,3.03,0.0
20230619:2311,0.0,0.0,0.0,14.19,2.69,0.0
20230620:0011,0.0,0.0,0.0,13.94,2.48,0.0
20230620:0111,0.0,0.0,0.0,13.66,2.41,0.0
20230620:0211,0.0,0.0,0.0,13.7,2.41,0.0
20230620:0311,0.0,0.0,0.0,13.81,2.41,0.0
20230620:0411,0.0,3.5,4.35,13.98,2.34,0.0
20230620:0511,116.31,62.09,11.15,14.27,2.28,0.0
20230620:0611,235.17,140.23,18.69,14.9,2.62,0.0
20230620:0711,729.6,323.87,26.65,16.07,3.52,0.0
20230620:0811,577.5,248.61,34.68,17.15,3.66,0.0
20230620:0911,1027.02,434.5,42.33,18.02,3.59,0.0
20230620:1011,1639.02,707.39,49.01,18.26,3.52,0.0
20230620:1111,1058.97,450.49,53.87,18.76,3.72,0.0
20230620:1211,1241.58,533.03,55.93,19.38,3.31,0.0
20230620:1311,1538.64,672.54,54.63,19.7,2.83,0.0
20230620:1411,1039.86,448.01,50.33,19.85,2.48,0.0
20230620:1511,984.39,423.59,43.99,19.45,2.14,0.0
20230620:1611,462.15,204.78,36.5,18.98,2.28,0.0
20230620:1711,294.0,136.22,28.51,18.24,2.07,0.0
20230620:1811,355.26,179.08,20.5,17.63,1.72,0.0
20230620:1911,136.62,71.71,12.84,18.12,1.38,0.0
20230620:2011,31.17,24.48,5.84,17.0,1.17,0.0
20230620:2111,0.0,0.0,0.0,15.99,1.31,0.0
20230620:2211,0.0,0.0,0.0,14.42,1.38,0.0
20230620:2311,0.0,0.0,0.0,13.15,1.59,0.0
20230621:0011,0.0,0.0,0.0,12.2,1.72,0.0
20230621:0111,0.0,0.0,0.0,11.39,1.79,0.0
20230621:0211,0.0,0.0,0.0,10.63,1.66,0.0
20230621:0311,0.0,0.0,0.0,10.28,1.72,0.0
20230621:0411,13.77,14.87,4.34,10.25,1.79,0.0
20230621:0511,119.88,62.96,11.13,11.71,1.79,0.0
20230621:0611,233.46,139.56,18.67,13.34,2.34,0.0
20230621:0711,759.63,337.57,26.63,14.61,2.97,0.0
20230621:0811,996.15,418.58,34.65,15.71,3.38,0.0
20230621:0911,1051.65,440.3,42.31,16.28,3.93,0.0
20230621:1011,1493.16,629.92,49.0,16.43,4.28,0.0
20230621:1111,1281.75,538.57,53.87,16.35,4.21,0.0
20230621:1211,598.92,256.29,55.94,16.7,4.55,0.0
20230621:1311,1521.81,642.78,54.65,16.69,4.69,0.0
20230621:1411,1756.65,748.64,50.36,16.81,4.62,0.0
20230621:1511,1207.38,504.42,44.02,16.6,4.69,0.0
20230621:1611,1093.23,456.9,36.53,16.4,4.55,0.0
20230621:1711,743.34,318.9,28.55,15.82,4.41,0.0
20230621:1811,362.94,180.79,20.54,15.12,4.21,0.0
20230621:1911,156.0,78.7,12.87,15.23,3.45,0.0
20230621:2011,42.48,29.73,5.87,14.49,2.97,0.0
20230621:2111,0.0,0.0,0.0,13.59,2.62,0.0
20230621:2211,0.0,0.0,0.0,12.61,2.48,0.0
20230621:2311,0.0,0.0,0.0,11.84,2.41,0.0
20230622:0011,0.0,0.0,0.0,11.2,2.41,0.0
20230622:0111,0.0,0.0,0.0,10.71,2.48,0.0
20230622:0211,0.0,0.0,0.0,10.69,2.55,0.0
20230622:0311,0.0,0.0,0.0,10.71,2.69,0.0
20230622:0411,0.0,3.5,4.31,10.58,2.48,0.0
20230622:0511,95.16,52.47,11.1,10.94,2.34,0.0
20230622:0611,253.29,142.72,18.64,11.72,2.9,0.0
20230622:0711,752.61,329.95,26.6,12.84,3.31,0.0
20230622:0811,1119.72,465.96,34.62,13.86,3.66,0.0
20230622:0911,861.15,359.94,42.28,14.85,3.59,0.0
20230622:1011,1339.83,564.7,48.98,15.69,3.38,0.0
20230622:1111,1776.81,769.16,53.85,16.31,3.24,0.0
20230622:1211,1488.18,637.59,55.93,16.97,3.17,0.0
20230622:1311,1844.55,807.63,54.66,17.18,3.1,0.0
20230622:1411,1690.98,734.6,50.38,17.39,2.9,0.0
20230622:1511,1651.77,716.97,44.04,17.26,2.48,0.0
20230622:1611,1327.56,570.91,36.56,17.49,2.14,0.0
20230622:1711,859.83,379.31,28.57,17.51,2.0,0.0
20230622:1811,337.29,185.72,20.56,17.2,1.72,0.0
20230622:1911,108.15,59.46,12.89,17.23,0.55,0.0
20230622:2011,43.65,30.61,5.89,17.0,0.14,0.0
20230622:2111,0.0,0.0,0.0,15.98,0.62,0.0
20230622:2211,0.0,0.0,0.0,15.68,0.62,0.0
20230622:2311,0.0,0.0,0.0,14.87,0.69,0.0
20230623:0011,0.0,0.0,0.0,13.71,0.97,0.0
20230623:0111,0.0,0.0,0.0,11.68,1.17,0.0
20230623:0211,0.0,0.0,0.0,10.51,1.31,0.0
20230623:0311,0.0,0.0,0.0,9.52,1.45,0.0
20230623:0411,0.0,2.62,4.28,9.0,1.59,0.0
20230623:0511,6.51,10.49,11.07,9.74,1.45,0.0
20230623:0611,35.16,25.96,18.6,11.64,1.31,0.0
20230623:0711,116.67,62.12,26.56,13.61,1.52,0.0
20230623:0811,462.63,200.99,34.59,14.21,1.79,0.0
20230623:0911,896.55,375.82,42.25,14.37,2.41,0.0
20230623:1011,960.9,401.84,48.95,15.21,3.59,0.0
20230623:1111,781.74,329.86,53.83,16.35,4.21,0.0
20230623:1211,1195.74,501.4,55.92,17.35,5.24,0.0
20230623:1311,602.76,258.54,54.66,17.96,5.66,0.0
20230623:1411,1401.3,592.83,50.39,18.99,5.38,0.0
20230623:1511,585.09,253.35,44.06,19.37,4.9,0.0
20230623:1611,706.62,303.24,36.58,19.07,3.72,0.0
20230623:1711,262.62,123.31,28.59,18.47,3.45,0.0
20230623:1811,82.08,48.21,20.58,18.06,2.9,0.0
20230623:1911,10.2,13.12,12.91,17.8,2.97,0.0
20230623:2011,0.0,4.37,5.9,17.05,2.14,0.0
20230623:2111,0.0,0.0,0.0,16.11,2.0,0.0
20230623:2211,0.0,0.0,0.0,15.72,2.07,0.0
20230623:2311,0.0,0.0,0.0,15.46,2.28,0.0
20230624:0011,0.0,0.0,0.0,15.32,2.41,0.0
20230624:0111,0.0,0.0,0.0,15.06,2.21,0.0
20230624:0211,0.0,0.0,0.0,14.93,1.93,0.0
20230624:0311,0.0,0.0,0.0,14.58,2.07,0.0
20230624:0411,19.71,18.36,4.25,14.61,2.21,0.0
20230624:0511,103.53,56.84,11.03,14.89,2.41,0.0
20230624:0611,286.38,142.76,18.56,15.58,3.1,0.0
20230624:0711,573.51,252.26,26.52,16.73,2.9,0.0
20230624:0811,443.07,195.29,34.55,17.63,3.31,0.0
20230624:0911,478.02,210.05,42.21,18.45,3.45,0.0
20230624:1011,506.22,221.92,48.91,19.09,3.79,0.0
20230624:1111,1393.35,597.18,53.8,19.88,4.28,0.0
20230624:1211,923.7,394.45,55.91,20.35,4.76,0.0
20230624:1311,1006.98,430.08,54.65,20.7,4.76,0.0
20230624:1411,888.21,381.17,50.39,21.37,4.69,0.0
20230624:1511,1694.46,738.16,44.07,21.9,4.41,0.0
20230624:1611,1290.12,556.88,36.59,22.14,4.21,0.0
20230624:1711,838.56,374.79,28.61,22.16,3.79,0.0
20230624:1811,341.43,180.17,20.6,22.02,3.24,0.0
20230624:1911,125.97,68.21,12.92,21.99,2.48,0.0
20230624:2011,39.18,28.86,5.91,21.03,2.41,0.0
20230624:2111,0.0,0.0,0.0,19.81,2.48,0.0
20230624:2211,0.0,0.0,0.0,18.93,2.48,0.0
20230624:2311,0.0,0.0,0.0,18.25,3.03,0.0
20230625:0011,0.0,0.0,0.0,17.66,3.38,0.0
20230625:0111,0.0,0.0,0.0,17.01,3.52,0.0
20230625:0211,0.0,0.0,0.0,16.67,3.45,0.0
20230625:0311,0.0,0.0,0.0,16.26,3.45,0.0
20230625:0411,24.48,20.99,4.2,16.17,3.45,0.0
20230625:0511,106.8,58.59,10.98,16.65,3.45,0.0
20230625:0611,254.19,141.12,18.52,17.12,3.1,0.0
20230625:0711,578.19,255.32,26.47,18.21,3.86,0.0
20230625:0811,823.71,351.13,34.5,19.17,4.41,0.0
20230625:0911,555.36,242.03,42.17,20.04,4.9,0.0
20230625:1011,190.68,94.56,48.87,20.16,4.97,0.0
20230625:1111,263.94,124.23,53.77,19.67,4.9,0.0
20230625:1211,240.51,114.03,55.88,18.11,4.41,0.0
20230625:1311,180.72,89.0,54.64,16.06,4.07,0.0
20230625:1411,202.38,97.35,50.39,14.71,3.03,0.0
20230625:1511,191.19,92.71,44.08,14.15,2.34,0.0
20230625:1611,143.28,73.24,36.6,14.16,2.07,0.0
20230625:1711,79.35,46.36,28.62,14.31,1.72,0.0
20230625:1811,87.75,50.06,20.61,14.71,2.14,0.0
20230625:1911,18.06,17.49,12.93,14.84,1.93,0.0
20230625:2011,46.17,31.48,5.92,14.54,1.52,0.0
20230625:2111,0.0,0.0,0.0,13.9,1.24,0.0
20230625:2211,0.0,0.0,0.0,12.48,1.17,0.0
20230625:2311,0.0,0.0,0.0,11.32,1.17,0.0
20230626:0011,0.0,0.0,0.0,10.61,1.45,0.0
20230626:0111,0.0,0.0,0.0,10.11,1.79,0.0
20230626:0211,0.0,0.0,0.0,9.78,1.93,0.0
20230626:0311,0.0,0.0,0.0,9.8,2.0,0.0
20230626:0411,25.41,20.99,4.16,9.58,2.21,0.0
20230626:0511,91.35,50.72,10.93,10.26,2.34,0.0
20230626:0611,280.92,130.69,18.47,11.1,2.76,0.0
20230626:0711,768.45,337.25,26.42,12.07,3.72,0.0
20230626:0811,902.67,373.38,34.45,12.69,3.86,0.0
20230626:0911,1594.35,664.39,42.12,13.33,4.0,0.0
20230626:1011,1186.53,491.07,48.82,13.81,4.21,0.0
20230626:1111,1803.36,763.16,53.73,14.43,4.48,0.0
20230626:1211,1134.42,471.4,55.85,14.74,4.55,0.0
20230626:1311,490.95,211.38,54.62,15.0,4.76,0.0
20230626:1411,1653.42,694.25,50.38,15.09,4.83,0.0
20230626:1511,1681.89,705.99,44.07,15.28,4.76,0.0
20230626:1611,672.6,282.94,36.6,14.82,4.62,0.0
20230626:1711,605.22,258.62,28.62,14.71,4.28,0.0
20230626:1811,376.98,180.53,20.61,14.43,3.72,0.0
20230626:1911,31.65,24.48,12.93,14.4,3.1,0.0
20230626:2011,3.75,8.74,5.91,13.86,2.62,0.0
20230626:2111,0.0,0.0,0.0,13.01,2.28,0.0
20230626:2211,0.0,0.0,0.0,12.23,2.0,0.0
20230626:2311,0.0,0.0,0.0,11.74,2.0,0.0
20230627:0011,0.0,0.0,0.0,11.15,2.0,0.0
20230627:0111,0.0,0.0,0.0,10.73,1.93,0.0
20230627:0211,0.0,0.0,0.0,10.53,1.93,0.0
20230627:0311,0.0,0.0,0.0,10.25,1.86,0.0
20230627:0411,12.24,13.99,4.1,10.26,1.79,0.0
20230627:0511,26.97,21.86,10.88,10.83,1.79,0.0
20230627:0611,278.46,131.38,18.41,11.89,1.86,0.0
20230627:0711,252.78,116.82,26.37,12.99,2.21,0.0
20230627:0811,868.86,363.2,34.4,13.94,3.03,0.0
20230627:0911,387.96,170.59,42.06,14.16,3.38,0.0
20230627:1011,225.96,106.62,48.77,14.6,4.07,0.0
20230627:1111,305.04,138.14,53.68,14.92,4.21,0.0
20230627:1211,209.73,100.13,55.81,14.34,3.24,0.0
20230627:1311,270.21,124.23,54.6,14.43,3.38,0.0
20230627:1411,168.27,83.44,50.37,14.54,3.72,0.0
20230627:1511,272.73,125.16,44.07,14.09,2.83,0.0
20230627:1611,134.43,69.53,36.6,14.11,2.83,0.0
20230627:1711,195.6,94.56,28.62,14.47,2.69,0.0
20230627:1811,280.32,130.29,20.61,14.98,2.69,0.0
20230627:1911,113.55,61.21,12.92,15.6,3.17,0.0
20230627:2011,0.0,5.25,5.9,15.69,2.97,0.0
20230627:2111,0.0,0.0,0.0,15.62,2.9,0.0
20230627:2211,0.0,0.0,0.0,15.25,2.9,0.0
20230627:2311,0.0,0.0,0.0,14.74,2.83,0.0
20230628:0011,0.0,0.0,0.0,14.18,2.9,0.0
20230628:0111,0.0,0.0,0.0,13.62,2.76,0.0
20230628:0211,0.0,0.0,0.0,13.06,2.55,0.0
20230628:0311,0.0,0.0,0.0,12.53,2.76,0.0
20230628:0411,0.0,2.62,4.04,12.17,2.55,0.0
20230628:0511,6.39,10.49,10.82,12.11,2.34,0.0
20230628:0611,137.88,70.46,18.35,12.32,2.62,0.0
20230628:0711,430.68,188.19,26.3,13.28,2.69,0.0
20230628:0811,610.8,258.65,34.33,13.54,2.69,0.0
20230628:0911,745.86,312.8,42.0,13.65,2.69,0.0
20230628:1011,561.75,238.97,48.71,13.51,2.97,0.0
20230628:1111,236.52,110.33,53.63,12.94,2.34,0.0
20230628:1211,369.12,162.24,55.77,12.42,2.48,0.0
20230628:1311,666.09,279.79,54.56,12.79,2.97,0.0
20230628:1411,1870.8,799.25,50.35,13.47,3.31,0.0
20230628:1511,1157.88,480.5,44.05,13.75,3.45,0.0
20230628:1611,654.03,275.18,36.59,13.87,3.66,0.0
20230628:1711,668.46,284.92,28.61,14.15,3.66,0.0
20230628:1811,323.97,148.76,20.6,13.72,3.24,0.0
20230628:1911,157.11,78.7,12.91,13.71,2.97,0.0
20230628:2011,35.49,26.23,5.89,13.05,2.69,0.0
20230628:2111,0.0,0.0,0.0,12.18,2.48,0.0
20230628:2211,0.0,0.0,0.0,11.25,2.41,0.0
20230628:2311,0.0,0.0,0.0,10.51,2.41,0.0
20230629:0011,0.0,0.0,0.0,9.86,2.34,0.0
20230629:0111,0.0,0.0,0.0,9.32,2.34,0.0
20230629:0211,0.0,0.0,0.0,9.36,2.28,0.0
20230629:0311,0.0,0.0,0.0,9.37,2.21,0.0
20230629:0411,0.0,2.62,3.98,9.36,2.14,0.0
20230629:0511,30.66,23.61,10.75,9.79,2.07,0.0
20230629:0611,111.78,59.33,18.28,10.78,2.69,0.0
20230629:0711,632.1,271.57,26.24,11.27,2.76,0.0
20230629:0811,1254.78,521.03,34.27,12.03,3.1,0.0
20230629:0911,1496.73,625.01,41.94,12.79,3.1,0.0
20230629:1011,628.62,265.1,48.65,13.27,3.17,0.0
20230629:1111,1659.72,701.14,53.57,14.0,3.72,0.0
20230629:1211,1052.13,437.99,55.72,14.5,4.0,0.0
20230629:1311,1069.89,445.34,54.52,14.7,4.14,0.0
20230629:1411,1237.2,514.59,50.32,14.91,4.41,0.0
20230629:1511,785.01,328.06,44.04,14.97,4.62,0.0
20230629:1611,738.48,309.42,36.58,14.74,4.28,0.0
20230629:1711,223.62,105.69,28.6,14.58,4.0,0.0
20230629:1811,180.12,88.08,20.58,14.16,4.0,0.0
20230629:1911,59.88,37.6,12.9,13.53,3.59,0.0
20230629:2011,2.61,7.87,5.87,13.01,3.45,0.0
20230629:2111,0.0,0.0,0.0,12.09,3.31,0.0
20230629:2211,0.0,0.0,0.0,11.19,3.03,0.0
20230629:2311,0.0,0.0,0.0,10.55,3.17,0.0
20230630:0011,0.0,0.0,0.0,10.63,3.24,0.0
20230630:0111,0.0,0.0,0.0,10.78,3.52,0.0
20230630:0211,0.0,0.0,0.0,10.9,3.59,0.0
20230630:0311,0.0,0.0,0.0,10.96,3.38,0.0
20230630:0411,0.0,2.62,3.91,11.0,3.03,0.0
20230630:0511,6.42,10.49,10.68,11.19,2.76,0.0
20230630:0611,136.14,69.53,18.21,11.59,2.76,0.0
20230630:0711,158.49,78.8,26.17,12.27,2.9,0.0
20230630:0811,400.89,174.53,34.19,12.56,3.17,0.0
20230630:0911,908.91,377.53,41.86,12.68,2.55,0.0
20230630:1011,408.15,178.0,48.58,13.17,2.83,0.0
20230630:1111,0.0,0.0,0.0,13.67,2.69,0.0
20230630:1211,336.51,150.19,55.66,13.59,2.48,0.0
20230630:1311,182.52,89.0,54.48,13.69,2.62,0.0
20230630:1411,244.89,114.03,50.29,13.89,2.69,0.0
20230630:1511,314.91,141.85,44.01,13.77,2.21,0.0
20230630:1611,357.18,158.54,36.55,13.66,2.14,0.0
20230630:1711,407.64,178.53,28.58,13.29,2.07,0.0
20230630:1811,65.04,39.87,20.56,13.09,2.0,0.0
20230630:1911,11.97,13.99,12.87,13.48,1.24,0.0
20230630:2011,0.0,4.37,5.84,13.25,1.03,0.0
20230630:2111,0.0,0.0,0.0,12.75,1.03,0.0
20230630:2211,0.0,0.0,0.0,12.57,1.03,0.0
20230630:2311,0.0,0.0,0.0,12.49,1.17,0.0
20230701:0011,0.0,0.0,0.0,12.55,1.38,0.0
20230701:0111,0.0,0.0,0.0,12.47,1.66,0.0
20230701:0211,0.0,0.0,0.0,12.29,2.14,0.0
20230701:0311,0.0,0.0,0.0,12.06,2.55,0.0
20230701:0411,0.0,2.62,3.83,12.02,2.55,0.0
20230701:0511,7.77,11.37,10.6,11.98,2.76,0.0
20230701:0611,170.31,83.75,18.13,12.28,2.83,0.0
20230701:0711,465.27,201.74,26.09,12.5,2.69,0.0
20230701:0811,850.5,354.64,34.12,13.21,2.97,0.0
20230701:0911,917.19,380.74,41.79,14.11,3.93,0.0
20230701:1011,277.86,126.09,48.5,12.82,5.31,0.0
20230701:1111,790.74,326.73,53.43,12.59,5.1,0.0
20230701:1211,2296.23,976.48,55.6,12.82,5.72,0.0
20230701:1311,405.12,176.15,54.43,13.7,6.07,0.0
20230701:1411,631.38,263.89,50.25,13.4,6.62,0.0
20230701:1511,392.79,170.59,43.98,12.81,6.48,0.0
20230701:1611,547.05,229.9,36.53,12.46,6.55,0.0
20230701:1711,204.0,96.42,28.56,11.58,6.76,0.0
20230701:1811,319.32,143.8,20.54,11.17,6.0,0.0
20230701:1911,159.69,78.7,12.84,10.93,5.45,0.0
20230701:2011,1.56,7.0,5.81,10.44,4.97,0.0
20230701:2111,0.0,0.0,0.0,9.9,4.48,0.0
20230701:2211,0.0,0.0,0.0,9.52,4.41,0.0
20230701:2311,0.0,0.0,0.0,9.32,4.62,0.0
20230702:0011,0.0,0.0,0.0,9.32,4.62,0.0
20230702:0111,0.0,0.0,0.0,9.2,4.55,0.0
20230702:0211,0.0,0.0,0.0,9.21,4.55,0.0
20230702:0311,0.0,0.0,0.0,9.09,4.41,0.0
20230702:0411,0.0,3.5,3.75,9.04,4.28,0.0
20230702:0511,110.91,58.59,10.52,9.3,4.21,0.0
20230702:0611,283.59,131.56,18.05,9.8,4.9,0.0
20230702:0711,565.17,239.79,26.01,10.45,5.17,0.0
20230702:0811,390.81,168.85,34.04,11.02,5.1,0.0
20230702:0911,953.82,388.61,41.7,11.37,5.1,0.0
20230702:1011,745.23,307.53,48.42,11.9,5.17,0.0
20230702:1111,1179.78,482.08,53.35,12.44,5.59,0.0
20230702:1211,330.63,146.48,55.52,12.53,5.45,0.0
20230702:1311,420.6,181.71,54.37,12.96,5.66,0.0
20230702:1411,1252.86,513.09,50.2,12.96,5.52,0.0
20230702:1511,1824.39,755.66,43.94,12.96,5.52,0.0
20230702:1611,844.38,346.7,36.49,12.21,5.17,0.0
20230702:1711,660.42,277.07,28.53,11.75,4.9,0.0
20230702:1811,178.14,86.22,20.51,11.34,4.9,0.0
20230702:1911,142.35,71.71,12.81,10.63,4.41,0.0
20230702:2011,45.45,30.61,5.77,10.08,3.79,0.0
20230702:2111,0.0,0.0,0.0,9.43,3.86,0.0
20230702:2211,0.0,0.0,0.0,8.95,3.86,0.0
20230702:2311,0.0,0.0,0.0,8.57,3.93,0.0
20230703:0011,0.0,0.0,0.0,8.5,4.0,0.0
20230703:0111,0.0,0.0,0.0,8.48,3.93,0.0
20230703:0211,0.0,0.0,0.0,8.55,4.0,0.0
20230703:0311,0.0,0.0,0.0,8.5,4.0,0.0
20230703:0411,0.0,2.62,3.66,8.63,4.07,0.0
20230703:0511,10.83,13.12,10.43,8.85,3.72,0.0
20230703:0611,256.95,118.45,17.96,9.06,4.14,0.0
20230703:0711,236.25,108.47,25.92,9.86,4.9,0.0
20230703:0811,352.95,153.9,33.95,10.32,4.55,0.0
20230703:0911,755.34,309.87,41.62,10.47,4.41,0.0
20230703:1011,856.62,351.0,48.33,11.18,4.55,0.0
20230703:1111,759.93,313.39,53.26,11.56,4.76,0.0
20230703:1211,965.67,396.24,55.45,11.87,4.55,0.0
20230703:1311,491.82,209.53,54.3,12.32,4.14,0.0
20230703:1411,458.91,196.55,50.14,12.29,4.34,0.0
20230703:1511,383.1,166.88,43.9,12.04,4.14,0.0
20230703:1611,342.99,151.12,36.46,11.71,3.86,0.0
20230703:1711,321.99,142.73,28.49,11.29,3.79,0.0
20230703:1811,164.4,80.66,20.47,10.84,3.66,0.0
20230703:1911,28.8,22.74,12.77,10.44,4.14,0.0
20230703:2011,6.48,10.49,5.72,10.12,3.86,0.0
20230703:2111,0.0,0.0,0.0,10.05,3.24,0.0
20230703:2211,0.0,0.0,0.0,10.04,2.69,0.0
20230703:2311,0.0,0.0,0.0,10.07,2.34,0.0
20230704:0011,0.0,0.0,0.0,9.96,1.59,0.0
20230704:0111,0.0,0.0,0.0,9.83,1.24,0.0
20230704:0211,0.0,0.0,0.0,9.6,1.31,0.0
20230704:0311,0.0,0.0,0.0,9.38,1.24,0.0
20230704:0411,0.0,2.62,3.57,9.11,0.9,0.0
20230704:0511,7.92,11.37,10.34,9.2,0.69,0.0
20230704:0611,205.41,97.27,17.87,9.42,0.83,0.0
20230704:0711,434.82,188.18,25.83,9.66,0.62,0.0
20230704:0811,711.09,297.63,33.86,10.04,0.55,0.0
20230704:0911,884.67,369.29,41.52,11.09,0.83,0.0
20230704:1011,913.89,382.17,48.24,11.58,1.03,0.0
20230704:1111,1253.73,528.94,53.17,12.25,1.31,0.0
20230704:1211,714.24,301.16,55.36,12.73,1.52,0.0
20230704:1311,1058.97,444.87,54.23,12.99,1.59,0.0
20230704:1411,728.94,307.02,50.08,12.95,1.66,0.0
20230704:1511,1119.54,470.44,43.84,13.1,1.45,0.0
20230704:1611,957.63,400.92,36.41,12.88,1.59,0.0
20230704:1711,491.25,211.56,28.45,12.42,1.72,0.0
20230704:1811,144.87,73.24,20.42,11.85,1.72,0.0
20230704:1911,30.33,23.61,12.72,11.68,1.52,0.0
20230704:2011,0.0,4.37,5.67,11.12,1.31,0.0
20230704:2111,0.0,0.0,0.0,10.51,1.24,0.0
20230704:2211,0.0,0.0,0.0,9.92,1.1,0.0
20230704:2311,0.0,0.0,0.0,9.43,1.1,0.0
20230705:0011,0.0,0.0,0.0,8.61,1.03,0.0
20230705:0111,0.0,0.0,0.0,8.47,0.83,0.0
20230705:0211,0.0,0.0,0.0,8.88,0.62,0.0
20230705:0311,0.0,0.0,0.0,8.79,0.48,0.0
20230705:0411,0.0,3.5,3.47,8.71,0.55,0.0
20230705:0511,73.47,42.85,10.24,8.4,0.69,0.0
20230705:0611,64.17,38.94,17.77,9.22,0.48,0.0
20230705:0711,0.0,0.0,0.0,9.86,0.83,0.0
20230705:0811,889.74,371.62,33.76,10.55,0.76,0.0
20230705:0911,855.18,356.98,41.43,11.26,0.97,0.0
20230705:1011,1295.04,547.93,48.14,11.95,0.97,0.0
20230705:1111,1178.55,499.56,53.08,12.97,0.97,0.0
20230705:1211,1916.97,858.93,55.27,13.34,0.97,0.0
20230705:1311,1313.82,561.38,54.15,14.3,1.38,0.0
20230705:1411,1295.19,552.47,50.02,14.71,1.52,0.0
20230705:1511,1172.1,497.5,43.79,14.98,1.52,0.0
20230705:1611,1319.61,561.69,36.36,14.74,1.72,0.0
20230705:1711,763.02,328.13,28.4,14.58,2.14,0.0
20230705:1811,332.52,153.28,20.37,14.37,2.34,0.0
20230705:1911,148.14,75.2,12.67,13.98,2.0,0.0
20230705:2011,0.0,4.37,5.61,13.17,1.93,0.0
20230705:2111,0.0,0.0,0.0,12.32,1.66,0.0
20230705:2211,0.0,0.0,0.0,11.44,1.66,0.0
20230705:2311,0.0,0.0,0.0,10.6,1.79,0.0
20230706:0011,0.0,0.0,0.0,10.06,1.72,0.0
20230706:0111,0.0,0.0,0.0,9.54,1.79,0.0
20230706:0211,0.0,0.0,0.0,9.05,1.79,0.0
20230706:0311,0.0,0.0,0.0,8.87,1.79,0.0
20230706:0411,1.62,7.0,3.37,8.73,1.86,0.0
20230706:0511,112.77,59.46,10.14,9.36,1.93,0.0
20230706:0611,244.47,114.66,17.67,10.63,2.21,0.0
20230706:0711,449.31,194.77,25.63,11.89,2.83,0.0
20230706:0811,824.58,343.87,33.66,12.92,2.83,0.0
20230706:0911,873.18,364.48,41.32,13.82,2.76,0.0
20230706:1011,630.45,268.31,48.04,14.68,2.41,0.0
20230706:1111,798.33,337.9,52.97,15.35,2.34,0.0
20230706:1211,288.27,132.58,55.17,16.07,2.28,0.0
20230706:1311,1350.51,579.43,54.06,16.35,2.07,0.0
20230706:1411,842.34,359.6,49.94,16.72,1.72,0.0
20230706:1511,471.36,207.05,43.72,16.79,1.59,0.0
20230706:1611,208.14,100.13,36.3,15.64,2.41,0.0
20230706:1711,112.11,60.26,28.34,14.14,2.83,0.0
20230706:1811,65.04,39.87,20.32,13.24,2.76,0.0
20230706:1911,94.26,52.47,12.61,12.82,2.48,0.0
20230706:2011,0.0,4.37,5.54,12.29,2.9,0.0
20230706:2111,0.0,0.0,0.0,11.9,3.45,0.0
20230706:2211,0.0,0.0,0.0,11.8,3.79,0.0
20230706:2311,0.0,0.0,0.0,11.82,4.14,0.0
20230707:0011,0.0,0.0,0.0,11.82,4.07,0.0
20230707:0111,0.0,0.0,0.0,11.9,3.66,0.0
20230707:0211,0.0,0.0,0.0,12.05,3.17,0.0
20230707:0311,0.0,0.0,0.0,12.18,2.55,0.0
20230707:0411,5.07,9.62,3.26,12.29,2.07,0.0
20230707:0511,88.08,49.84,10.03,12.78,1.86,0.0
20230707:0611,150.42,76.02,17.57,13.61,1.86,0.0
20230707:0711,382.65,170.49,25.52,14.93,2.0,0.0
20230707:0811,460.71,201.3,33.55,16.22,2.97,0.0
20230707:0911,614.52,263.66,41.22,17.46,3.79,0.0
20230707:1011,1283.91,541.33,47.93,18.2,4.76,0.0
20230707:1111,725.46,309.75,52.86,18.88,5.03,0.0
20230707:1211,693.66,297.91,55.07,19.81,5.31,0.0
20230707:1311,937.08,398.94,53.97,20.33,5.31,0.0
20230707:1411,925.26,393.34,49.86,20.46,5.66,0.0
20230707:1511,1190.97,505.4,43.65,20.39,5.1,0.0
20230707:1611,467.16,206.96,36.24,20.58,4.69,0.0
20230707:1711,292.02,136.25,28.28,20.51,4.14,0.0
20230707:1811,281.37,133.81,20.25,20.02,3.52,0.0
20230707:1911,123.78,66.46,12.54,19.12,2.76,0.0
20230707:2011,3.6,8.74,5.47,18.43,2.34,0.0
20230707:2111,0.0,0.0,0.0,17.35,2.07,0.0
20230707:2211,0.0,0.0,0.0,16.21,1.72,0.0
20230707:2311,0.0,0.0,0.0,14.77,1.59,0.0
20230708:0011,0.0,0.0,0.0,13.22,1.66,0.0
20230708:0111,0.0,0.0,0.0,12.17,1.66,0.0
20230708:0211,0.0,0.0,0.0,11.56,1.72,0.0
20230708:0311,0.0,0.0,0.0,11.19,1.72,0.0
20230708:0411,12.18,13.99,3.15,10.88,1.72,0.0
20230708:0511,94.77,52.47,9.92,11.62,1.52,0.0
20230708:0611,202.14,124.27,17.46,14.85,1.38,0.0
20230708:0711,682.74,311.93,25.41,17.4,1.93,0.0
20230708:0811,1194.09,517.11,33.44,19.42,2.41,0.0
20230708:0911,1621.02,708.26,41.11,21.13,3.38,0.0
20230708:1011,1944.99,868.64,47.81,22.53,4.0,0.0
20230708:1111,1588.53,698.31,52.75,23.71,4.55,0.0
20230708:1211,692.49,303.95,54.96,24.37,5.17,0.0
20230708:1311,1140.51,494.41,53.87,24.41,5.38,0.0
20230708:1411,1314.99,570.71,49.78,23.9,4.97,0.0
20230708:1511,256.65,123.31,43.58,23.33,4.21,0.0
20230708:1611,172.26,88.08,36.17,22.96,3.66,0.0
20230708:1711,99.0,56.55,28.21,22.32,2.48,0.0
20230708:1811,40.65,29.67,20.19,21.92,2.14,0.0
20230708:1911,8.61,12.24,12.47,20.65,2.28,0.0
20230708:2011,0.0,4.37,5.39,19.45,1.79,0.0
20230708:2111,0.0,0.0,0.0,18.24,1.72,0.0
20230708:2211,0.0,0.0,0.0,17.48,1.93,0.0
20230708:2311,0.0,0.0,0.0,16.76,1.93,0.0
20230709:0011,0.0,0.0,0.0,16.2,1.72,0.0
20230709:0111,0.0,0.0,0.0,15.69,1.66,0.0
20230709:0211,0.0,0.0,0.0,15.06,0.9,0.0
20230709:0311,0.0,0.0,0.0,14.5,0.97,0.0
20230709:0411,0.0,1.75,3.03,13.91,1.1,0.0
20230709:0511,4.98,9.62,9.8,14.29,0.9,0.0
20230709:0611,62.4,38.94,17.34,14.65,0.83,0.0
20230709:0711,133.56,69.53,25.3,14.97,1.24,0.0
20230709:0811,372.72,166.2,33.33,15.54,1.72,0.0
20230709:0911,542.79,235.64,40.99,16.7,1.79,0.0
20230709:1011,969.96,414.85,47.69,17.45,1.72,0.0
20230709:1111,870.84,373.2,52.63,17.73,1.86,0.0
20230709:1211,947.91,406.5,54.84,18.28,2.14,0.0
20230709:1311,719.76,310.82,53.76,19.0,2.41,0.0
20230709:1411,1728.72,765.19,49.68,19.28,2.41,0.0
20230709:1511,1581.69,693.67,43.5,19.53,2.28,0.0
20230709:1611,1298.7,561.83,36.09,19.46,2.34,0.0
20230709:1711,761.52,335.01,28.14,19.27,2.48,0.0
20230709:1811,350.43,169.61,20.11,18.91,2.48,0.0
20230709:1911,124.02,66.46,12.39,18.51,1.86,0.0
20230709:2011,3.63,8.74,5.31,17.67,1.38,0.0
20230709:2111,0.0,0.0,0.0,16.29,1.17,0.0
20230709:2211,0.0,0.0,0.0,15.41,1.24,0.0
20230709:2311,0.0,0.0,0.0,14.5,1.31,0.0
20230710:0011,0.0,0.0,0.0,14.09,1.17,0.0
20230710:0111,0.0,0.0,0.0,13.14,1.31,0.0
20230710:0211,0.0,0.0,0.0,12.74,1.31,0.0
20230710:0311,0.0,0.0,0.0,12.72,1.17,0.0
20230710:0411,7.74,11.37,2.9,12.08,1.24,0.0
20230710:0511,107.28,57.71,9.68,11.56,1.52,0.0
20230710:0611,191.85,121.72,17.22,13.78,1.86,0.0
20230710:0711,696.93,314.21,25.18,14.73,2.41,0.0
20230710:0811,1232.55,523.46,33.21,15.64,2.62,0.0
20230710:0911,1574.55,675.14,40.87,16.65,2.76,0.0
20230710:1011,475.56,208.6,47.57,17.36,2.62,0.0
20230710:1111,1062.24,454.34,52.5,17.69,2.14,0.0
20230710:1211,978.78,419.31,54.72,17.73,1.93,0.0
20230710:1311,1453.26,631.89,53.65,17.77,2.0,0.0
20230710:1411,647.46,280.03,49.58,17.96,1.93,0.0
20230710:1511,605.64,262.91,43.41,18.35,2.07,0.0
20230710:1611,1032.6,440.66,36.01,17.97,2.34,0.0
20230710:1711,472.98,208.22,28.06,16.99,2.14,0.0
20230710:1811,38.01,27.81,20.03,16.64,2.0,0.0
20230710:1911,8.94,12.24,12.3,15.32,1.66,0.0
20230710:2011,0.0,4.37,5.22,14.19,1.66,0.0
20230710:2111,0.0,0.0,0.0,13.51,1.79,0.0
20230710:2211,0.0,0.0,0.0,13.18,1.79,0.0
20230710:2311,0.0,0.0,0.0,12.95,1.93,0.0
20230711:0011,0.0,0.0,0.0,12.71,2.28,0.0
20230711:0111,0.0,0.0,0.0,12.32,2.55,0.0
20230711:0211,0.0,0.0,0.0,11.88,2.62,0.0
20230711:0311,0.0,0.0,0.0,11.68,2.21,0.0
20230711:0411,0.0,1.75,2.77,11.71,2.0,0.0
20230711:0511,3.84,8.74,9.56,11.72,2.0,0.0
20230711:0611,78.27,45.43,17.1,11.81,2.21,0.0
20230711:0711,73.8,43.57,25.06,12.33,2.41,0.0
20230711:0811,149.07,75.1,33.08,12.51,2.41,0.0
20230711:0911,234.57,109.4,40.74,12.58,2.28,0.0
20230711:1011,854.28,358.05,47.44,13.44,2.0,0.0
20230711:1111,769.5,323.73,52.37,13.94,2.41,0.0
20230711:1211,461.22,200.25,54.59,14.34,2.34,0.0
20230711:1311,491.31,213.23,53.53,15.47,2.48,0.0
20230711:1411,513.84,222.89,49.48,16.11,2.48,0.0
20230711:1511,526.11,228.11,43.31,16.55,2.62,0.0
20230711:1611,396.21,175.41,35.92,15.97,2.83,0.0
20230711:1711,230.4,108.47,27.97,14.4,2.83,0.0
20230711:1811,96.96,53.77,19.94,13.59,2.34,0.0
20230711:1911,99.99,55.09,12.21,13.68,2.07,0.0
20230711:2011,1.5,7.0,5.12,13.24,2.14,0.0
20230711:2111,0.0,0.0,0.0,12.47,2.21,0.0
20230711:2211,0.0,0.0,0.0,12.06,2.21,0.0
20230711:2311,0.0,0.0,0.0,11.76,2.41,0.0
20230712:0011,0.0,0.0,0.0,11.62,2.34,0.0
20230712:0111,0.0,0.0,0.0,11.56,2.41,0.0
20230712:0211,0.0,0.0,0.0,11.15,2.41,0.0
20230712:0311,0.0,0.0,0.0,11.25,2.48,0.0
20230712:0411,3.87,8.74,2.64,11.15,2.83,0.0
20230712:0511,35.82,26.23,9.42,11.29,2.28,0.0
20230712:0611,111.3,59.33,16.97,11.56,2.28,0.0
20230712:0711,128.97,66.75,24.93,12.25,3.45,0.0
20230712:0811,398.43,173.64,32.95,12.65,3.17,0.0
20230712:0911,386.91,169.66,40.61,13.22,2.9,0.0
20230712:1011,350.46,155.75,47.31,13.84,2.83,0.0
20230712:1111,305.13,138.14,52.23,14.41,3.03,0.0
20230712:1211,568.23,242.41,54.45,14.45,3.24,0.0
20230712:1311,591.69,250.75,53.4,13.67,3.45,0.0
20230712:1411,587.94,250.59,49.36,14.41,2.76,0.0
20230712:1511,884.04,370.6,43.21,14.5,2.55,0.0
20230712:1611,741.78,313.41,35.83,14.93,2.34,0.0
20230712:1711,599.43,258.1,27.88,14.85,2.48,0.0
20230712:1811,150.12,76.02,19.85,14.19,2.62,0.0
20230712:1911,97.83,54.22,12.12,13.91,2.14,0.0
20230712:2011,0.0,3.5,5.01,13.48,1.79,0.0
20230712:2111,0.0,0.0,0.0,12.87,1.45,0.0
20230712:2211,0.0,0.0,0.0,11.97,1.52,0.0
20230712:2311,0.0,0.0,0.0,11.52,1.59,0.0
20230713:0011,0.0,0.0,0.0,11.03,1.59,0.0
20230713:0111,0.0,0.0,0.0,11.02,1.59,0.0
20230713:0211,0.0,0.0,0.0,10.67,1.52,0.0
20230713:0311,0.0,0.0,0.0,10.51,1.45,0.0
20230713:0411,0.0,1.75,2.5,10.3,1.38,0.0
20230713:0511,84.9,48.1,9.29,10.6,1.1,0.0
20230713:0611,251.19,120.8,16.83,11.46,1.17,0.0
20230713:0711,610.8,267.72,24.8,11.93,1.52,0.0
20230713:0811,818.25,343.03,32.82,12.45,1.59,0.0
20230713:0911,769.47,322.68,40.47,12.87,1.72,0.0
20230713:1011,1405.89,596.44,47.17,13.54,1.79,0.0
20230713:1111,1504.92,644.3,52.09,14.26,1.93,0.0
20230713:1211,578.31,247.05,54.31,14.17,2.21,0.0
20230713:1311,1086.33,457.55,53.27,14.9,2.41,0.0
20230713:1411,857.76,362.0,49.24,15.49,2.55,0.0
20230713:1511,805.77,340.38,43.1,15.55,2.48,0.0
20230713:1611,340.41,152.97,35.73,15.44,2.41,0.0
20230713:1711,319.71,144.6,27.78,15.15,2.41,0.0
20230713:1811,340.86,158.71,19.75,14.34,2.69,0.0
20230713:1911,31.71,24.48,12.01,13.9,1.52,0.0
20230713:2011,28.32,22.74,4.9,13.31,1.38,0.0
20230713:2111,0.0,0.0,0.0,12.53,1.03,0.0
20230713:2211,0.0,0.0,0.0,12.34,0.55,0.0
20230713:2311,0.0,0.0,0.0,12.16,0.28,0.0
20230714:0011,0.0,0.0,0.0,11.88,0.55,0.0
20230714:0111,0.0,0.0,0.0,11.58,0.62,0.0
20230714:0211,0.0,0.0,0.0,11.13,0.62,0.0
20230714:0311,0.0,0.0,0.0,10.57,0.76,0.0
20230714:0411,0.0,1.75,2.36,9.49,0.76,0.0
20230714:0511,5.22,9.62,9.15,9.01,0.83,0.0
20230714:0611,100.68,54.7,16.7,10.31,1.03,0.0
20230714:0711,176.97,86.22,24.66,11.87,1.72,0.0
20230714:0811,307.44,138.14,32.69,12.33,1.86,0.0
20230714:0911,816.09,340.63,40.33,12.79,2.14,0.0
20230714:1011,631.74,266.97,47.02,12.95,2.14,0.0
20230714:1111,374.82,165.02,51.94,13.25,2.62,0.0
20230714:1211,418.44,182.64,54.16,13.52,2.21,0.0
20230714:1311,949.59,398.82,53.13,13.75,1.93,0.0
20230714:1411,849.63,357.92,49.12,14.49,2.07,0.0
20230714:1511,543.63,234.05,42.99,15.0,2.0,0.0
20230714:1611,523.11,225.82,35.62,15.72,2.76,0.0
20230714:1711,162.6,81.59,27.68,15.65,2.83,0.0
20230714:1811,44.16,30.59,19.65,15.21,2.76,0.0
20230714:1911,9.0,12.24,11.9,14.56,2.97,0.0
20230714:2011,0.0,3.5,4.79,13.63,3.31,0.0
20230714:2111,0.0,0.0,0.0,12.99,3.17,0.0
20230714:2211,0.0,0.0,0.0,12.57,3.59,0.0
20230714:2311,0.0,0.0,0.0,12.28,4.14,0.0
20230715:0011,0.0,0.0,0.0,12.1,4.62,0.0
20230715:0111,0.0,0.0,0.0,11.96,4.97,0.0
20230715:0211,0.0,0.0,0.0,12.01,4.9,0.0
20230715:0311,0.0,0.0,0.0,12.06,4.9,0.0
20230715:0411,0.0,3.5,2.21,11.89,4.21,0.0
20230715:0511,92.76,51.59,9.0,11.79,3.38,0.0
20230715:0611,237.03,123.47,16.55,11.76,2.62,0.0
20230715:0711,579.66,254.51,24.52,12.67,1.72,0.0
20230715:0811,1035.69,439.92,32.54,13.79,0.97,0.0
20230715:0911,729.45,310.4,40.19,15.23,1.38,0.0
20230715:1011,684.99,293.58,46.87,16.48,1.79,0.0
20230715:1111,1235.34,529.58,51.78,17.23,2.07,0.0
20230715:1211,498.81,218.8,54.01,18.11,2.55,0.0
20230715:1311,990.6,422.53,52.98,18.24,2.83,0.0
20230715:1411,861.99,366.34,48.99,17.26,2.76,0.0
20230715:1511,781.86,332.42,42.87,16.3,2.07,0.0
20230715:1611,510.78,222.85,35.51,16.63,1.45,0.0
20230715:1711,141.45,73.24,27.57,16.62,1.72,0.0
20230715:1811,185.94,91.37,19.54,15.77,2.14,0.0
20230715:1911,132.54,69.08,11.79,14.86,1.17,0.0
20230715:2011,26.4,21.86,4.67,14.34,1.1,0.0
20230715:2111,0.0,0.0,0.0,13.51,1.24,0.0
20230715:2211,0.0,0.0,0.0,12.69,1.52,0.0
20230715:2311,0.0,0.0,0.0,12.11,1.72,0.0
20230716:0011,0.0,0.0,0.0,11.93,1.79,0.0
20230716:0111,0.0,0.0,0.0,11.81,2.0,0.0
20230716:0211,0.0,0.0,0.0,11.52,2.14,0.0
20230716:0311,0.0,0.0,0.0,11.5,2.28,0.0
20230716:0411,0.0,0.87,2.06,11.51,2.76,0.0
20230716:0511,2.64,7.87,8.86,11.91,2.9,0.0
20230716:0611,38.94,27.81,16.41,12.32,2.69,0.0
20230716:0711,513.06,224.39,24.38,13.08,2.21,0.0
20230716:0811,818.64,342.45,32.4,13.56,2.9,0.0
20230716:0911,813.87,338.78,40.04,13.94,3.79,0.0
20230716:1011,638.16,269.27,46.72,14.23,3.93,0.0
20230716:1111,902.04,375.75,51.62,14.31,3.86,0.0
20230716:1211,177.93,87.15,53.85,14.14,4.48,0.0
20230716:1311,205.29,98.27,52.83,14.46,4.34,0.0
20230716:1411,212.01,101.05,48.85,14.75,4.62,0.0
20230716:1511,576.54,244.05,42.74,14.3,5.17,0.0
20230716:1611,440.16,189.77,35.39,13.47,5.38,0.0
20230716:1711,253.95,116.82,27.45,12.92,4.9,0.0
20230716:1811,211.5,100.23,19.42,12.49,4.48,0.0
20230716:1911,28.62,22.74,11.67,11.56,4.21,0.0
20230716:2011,0.0,3.5,4.54,11.01,3.72,0.0
20230716:2111,0.0,0.0,0.0,10.39,3.38,0.0
20230716:2211,0.0,0.0,0.0,9.99,3.38,0.0
20230716:2311,0.0,0.0,0.0,9.55,3.24,0.0
20230717:0011,0.0,0.0,0.0,9.36,3.17,0.0
20230717:0111,0.0,0.0,0.0,9.28,3.17,0.0
20230717:0211,0.0,0.0,0.0,9.26,3.03,0.0
20230717:0311,0.0,0.0,0.0,9.18,2.83,0.0
20230717:0411,0.0,0.87,1.9,9.12,2.62,0.0
20230717:0511,2.73,7.87,8.7,9.15,2.69,0.0
20230717:0611,112.56,59.33,16.26,9.38,2.55,0.0
20230717:0711,312.21,138.56,24.23,9.93,3.03,0.0
20230717:0811,315.81,139.99,32.25,10.52,3.17,0.0
20230717:0911,728.94,301.55,39.89,11.08,3.24,0.0
20230717:1011,928.77,382.62,46.56,11.88,3.45,0.0
20230717:1111,1635.57,685.01,51.46,12.86,3.79,0.0
20230717:1211,1303.56,541.78,53.68,13.48,3.79,0.0
20230717:1311,588.18,248.91,52.67,13.74,4.14,0.0
20230717:1411,725.07,303.24,48.7,13.84,4.14,0.0
20230717:1511,643.71,270.39,42.61,13.81,4.48,0.0
20230717:1611,486.12,208.09,35.26,13.47,4.41,0.0
20230717:1711,527.43,225.6,27.33,13.01,3.66,0.0
20230717:1811,203.22,96.94,19.29,12.59,3.45,0.0
20230717:1911,43.02,29.73,11.54,12.22,2.76,0.0
20230717:2011,13.65,14.87,4.4,11.51,2.07,0.0
20230717:2111,0.0,0.0,0.0,11.0,1.72,0.0
20230717:2211,0.0,0.0,0.0,10.58,1.66,0.0
20230717:2311,0.0,0.0,0.0,10.06,1.66,0.0
20230718:0011,0.0,0.0,0.0,9.62,1.59,0.0
20230718:0111,0.0,0.0,0.0,9.04,1.52,0.0
20230718:0211,0.0,0.0,0.0,8.4,1.52,0.0
20230718:0311,0.0,0.0,0.0,7.69,1.52,0.0
20230718:0411,0.0,0.87,1.74,7.34,1.45,0.0
20230718:0511,78.03,44.6,8.55,7.39,1.38,0.0
20230718:0611,235.41,112.65,16.11,9.46,1.24,0.0
20230718:0711,497.73,215.73,24.08,10.46,1.52,0.0
20230718:0811,1000.53,417.17,32.1,11.49,1.72,0.0
20230718:0911,946.86,394.59,39.73,12.41,1.72,0.0
20230718:1011,1279.71,539.61,46.39,13.29,1.72,0.0
20230718:1111,2246.16,1018.31,51.29,13.95,1.93,0.0
20230718:1211,1522.65,651.08,53.51,14.2,2.14,0.0
20230718:1311,1396.44,594.44,52.51,14.94,2.28,0.0
20230718:1411,1360.59,578.54,48.55,15.15,2.21,0.0
20230718:1511,771.45,326.71,42.47,15.19,1.93,0.0
20230718:1611,831.27,350.67,35.13,15.32,2.34,0.0
20230718:1711,614.1,264.24,27.2,14.9,2.69,0.0
20230718:1811,353.67,173.38,19.16,13.89,2.41,0.0
20230718:1911,7.71,11.37,11.4,12.57,1.24,0.0
20230718:2011,23.31,20.11,4.26,12.16,0.62,0.0
20230718:2111,0.0,0.0,0.0,11.6,0.9,0.0
20230718:2211,0.0,0.0,0.0,11.05,1.03,0.0
20230718:2311,0.0,0.0,0.0,10.04,1.17,0.0
20230719:0011,0.0,0.0,0.0,9.8,1.24,0.0
20230719:0111,0.0,0.0,0.0,9.53,1.31,0.0
20230719:0211,0.0,0.0,0.0,8.92,1.38,0.0
20230719:0311,0.0,0.0,0.0,8.98,1.31,0.0
20230719:0411,0.0,0.87,1.57,8.8,1.38,0.0
20230719:0511,81.36,46.35,8.39,9.26,1.31,0.0
20230719:0611,237.42,115.19,15.95,10.33,1.79,0.0
20230719:0711,565.05,245.39,23.92,10.81,2.34,0.0
20230719:0811,421.92,182.34,31.94,11.76,2.69,0.0
20230719:0911,438.75,189.43,39.57,12.53,2.97,0.0
20230719:1011,194.79,93.64,46.23,13.01,2.97,0.0
20230719:1111,473.91,203.96,51.11,13.23,2.9,0.0
20230719:1211,1212.84,506.2,53.33,13.37,2.9,0.0
20230719:1311,521.31,223.43,52.34,13.97,2.97,0.0
20230719:1411,553.14,236.32,48.39,14.14,2.83,0.0
20230719:1511,323.1,145.56,42.32,14.74,2.69,0.0
20230719:1611,348.69,155.75,34.99,14.85,2.76,0.0
20230719:1711,490.59,212.75,27.07,14.6,2.9,0.0
20230719:1811,295.74,137.63,19.03,14.16,2.9,0.0
20230719:1911,133.92,69.08,11.26,13.17,2.69,0.0
20230719:2011,0.0,4.37,4.12,12.54,2.48,0.0
20230719:2111,0.0,0.0,0.0,11.69,2.28,0.0
20230719:2211,0.0,0.0,0.0,11.07,2.34,0.0
20230719:2311,0.0,0.0,0.0,10.46,2.28,0.0
20230720:0011,0.0,0.0,0.0,10.2,2.34,0.0
20230720:0111,0.0,0.0,0.0,10.02,2.41,0.0
20230720:0211,0.0,0.0,0.0,9.85,2.41,0.0
20230720:0311,0.0,0.0,0.0,10.04,2.55,0.0
20230720:0411,0.0,0.87,1.4,9.65,2.14,0.0
20230720:0511,34.29,25.36,8.22,9.85,2.21,0.0
20230720:0611,139.41,70.46,15.79,10.05,2.41,0.0
20230720:0711,423.54,184.09,23.76,10.35,2.28,0.0
20230720:0811,968.91,400.83,31.78,10.74,2.28,0.0
20230720:0911,1095.3,451.43,39.41,11.38,2.55,0.0
20230720:1011,1074.93,443.94,46.05,12.11,2.97,0.0
20230720:1111,947.07,393.29,50.93,12.95,3.03,0.0
20230720:1211,1132.35,471.43,53.15,13.55,3.17,0.0
20230720:1311,572.13,243.35,52.16,13.8,3.1,0.0
20230720:1411,390.39,171.51,48.23,13.99,3.1,0.0
20230720:1511,775.44,324.18,42.17,13.9,3.24,0.0
20230720:1611,355.89,157.61,34.85,13.46,2.9,0.0
20230720:1711,106.29,57.48,26.93,12.67,2.83,0.0
20230720:1811,27.57,22.25,18.89,11.95,2.48,0.0
20230720:1911,7.77,11.37,11.12,11.42,1.72,0.0
20230720:2011,0.0,2.62,3.96,10.94,1.1,0.0
20230720:2111,0.0,0.0,0.0,10.61,1.03,0.0
20230720:2211,0.0,0.0,0.0,9.67,1.03,0.0
20230720:2311,0.0,0.0,0.0,9.19,1.17,0.0
20230721:0011,0.0,0.0,0.0,8.42,1.38,0.0
20230721:0111,0.0,0.0,0.0,8.17,1.38,0.0
20230721:0211,0.0,0.0,0.0,7.89,1.52,0.0
20230721:0311,0.0,0.0,0.0,7.75,1.59,0.0
20230721:0411,0.0,0.0,0.0,7.81,1.66,0.0
20230721:0511,17.16,16.61,8.05,8.0,1.72,0.0
20230721:0611,140.13,70.46,15.62,8.87,1.86,0.0
20230721:0711,209.43,98.27,23.6,9.85,2.41,0.0
20230721:0811,349.44,153.13,31.62,10.36,2.55,0.0
20230721:0911,563.67,237.17,39.24,11.15,2.76,0.0
20230721:1011,855.24,354.28,45.88,11.92,2.76,0.0
20230721:1111,625.14,263.74,50.74,13.01,2.9,0.0
20230721:1211,593.34,251.71,52.96,13.48,2.83,0.0
20230721:1311,929.58,388.56,51.98,14.05,2.9,0.0
20230721:1411,1687.86,720.22,48.06,14.24,2.9,0.0
20230721:1511,1733.43,739.36,42.01,14.31,2.9,0.0
20230721:1611,608.7,258.25,34.7,14.33,2.97,0.0
20230721:1711,284.58,129.81,26.78,13.91,2.76,0.0
20230721:1811,183.54,89.53,18.74,13.52,2.48,0.0
20230721:1911,108.27,58.59,10.97,13.51,1.24,0.0
20230721:2011,0.0,5.25,3.8,12.86,0.62,0.0
20230721:2111,0.0,0.0,0.0,11.81,0.76,0.0
20230721:2211,0.0,0.0,0.0,11.05,0.97,0.0
20230721:2311,0.0,0.0,0.0,11.12,0.83,0.0
20230722:0011,0.0,0.0,0.0,10.75,0.69,0.0
20230722:0111,0.0,0.0,0.0,10.43,0.62,0.0
20230722:0211,0.0,0.0,0.0,9.98,0.69,0.0
20230722:0311,0.0,0.0,0.0,9.51,0.76,0.0
20230722:0411,0.0,0.0,0.0,8.34,0.83,0.0
20230722:0511,78.03,44.6,7.88,7.28,0.76,0.0
20230722:0611,180.36,108.56,15.46,8.22,0.83,0.0
20230722:0711,634.53,280.01,23.44,10.46,2.28,0.0
20230722:0811,1195.35,497.11,31.45,11.78,2.83,0.0
20230722:0911,1360.77,566.72,39.06,13.07,2.97,0.0
20230722:1011,1137.48,473.75,45.69,13.86,3.03,0.0
20230722:1111,2263.62,1006.37,50.55,14.61,3.1,0.0
20230722:1211,1851.87,799.24,52.76,14.71,3.17,0.0
20230722:1311,1887.0,818.41,51.79,14.92,3.03,0.0
20230722:1411,1670.31,714.27,47.88,15.14,3.03,0.0
20230722:1511,1365.27,574.07,41.85,14.7,2.9,0.0
20230722:1611,1154.04,482.79,34.54,14.61,2.97,0.0
20230722:1711,676.23,289.39,26.63,14.19,3.1,0.0
20230722:1811,340.14,163.2,18.59,13.55,3.38,0.0
20230722:1911,125.52,65.58,10.81,13.2,3.38,0.0
20230722:2011,0.0,4.37,3.64,12.49,3.24,0.0
20230722:2111,0.0,0.0,0.0,11.48,2.97,0.0
20230722:2211,0.0,0.0,0.0,10.65,2.76,0.0
20230722:2311,0.0,0.0,0.0,10.07,2.62,0.0
20230723:0011,0.0,0.0,0.0,9.52,2.41,0.0
20230723:0111,0.0,0.0,0.0,9.4,2.48,0.0
20230723:0211,0.0,0.0,0.0,9.4,2.41,0.0
20230723:0311,0.0,0.0,0.0,9.39,2.14,0.0
20230723:0411,0.0,0.0,0.0,9.26,2.21,0.0
20230723:0511,15.42,15.74,7.7,9.34,2.83,0.0
20230723:0611,225.72,109.01,15.28,9.74,4.0,0.0
20230723:0711,277.2,124.94,23.27,10.57,4.41,0.0
20230723:0811,398.01,172.03,31.28,11.33,4.48,0.0
20230723:0911,444.6,190.37,38.89,11.63,4.34,0.0
20230723:1011,346.77,152.97,45.51,12.26,3.79,0.0
20230723:1111,894.78,370.14,50.36,12.94,4.0,0.0
20230723:1211,928.47,384.29,52.56,13.13,4.0,0.0
20230723:1311,2365.59,1034.42,51.59,12.94,4.0,0.0
20230723:1411,1659.33,696.21,47.7,13.09,3.72,0.0
20230723:1511,1107.15,457.55,41.67,13.29,3.59,0.0
20230723:1611,499.05,213.39,34.38,13.22,3.45,0.0
20230723:1711,378.3,166.16,26.47,12.87,3.24,0.0
20230723:1811,135.63,69.53,18.43,12.39,3.03,0.0
20230723:1911,28.56,22.74,10.64,11.91,2.97,0.0
20230723:2011,0.0,2.62,3.47,11.4,2.55,0.0
20230723:2111,0.0,0.0,0.0,10.77,2.28,0.0
20230723:2211,0.0,0.0,0.0,10.32,2.21,0.0
20230723:2311,0.0,0.0,0.0,9.86,2.14,0.0
20230724:0011,0.0,0.0,0.0,9.16,1.86,0.0
20230724:0111,0.0,0.0,0.0,8.75,1.66,0.0
20230724:0211,0.0,0.0,0.0,8.59,1.66,0.0
20230724:0311,0.0,0.0,0.0,8.23,1.66,0.0
20230724:0411,0.0,0.0,0.0,8.08,1.52,0.0
20230724:0511,12.39,13.99,7.52,8.14,1.59,0.0
20230724:0611,142.86,71.63,15.11,8.57,2.14,0.0
20230724:0711,318.93,141.21,23.09,9.53,2.69,0.0
20230724:0811,541.02,227.23,31.11,10.0,2.76,0.0
20230724:0911,535.65,225.45,38.71,10.46,2.83,0.0
20230724:1011,677.79,282.01,45.32,10.75,2.55,0.0
20230724:1111,302.37,135.36,50.16,11.36,2.69,0.0
20230724:1211,702.33,293.67,52.36,12.13,2.69,0.0
20230724:1311,637.26,268.0,51.39,12.45,2.76,0.0
20230724:1411,633.21,266.0,47.51,12.49,3.1,0.0
20230724:1511,1073.49,442.15,41.5,12.35,3.38,0.0
20230724:1611,707.04,294.81,34.21,12.6,3.31,0.0
20230724:1711,450.33,194.47,26.3,12.25,2.97,0.0
20230724:1811,256.14,119.22,18.26,12.02,2.76,0.0
20230724:1911,30.27,23.61,10.47,12.13,2.34,0.0
20230724:2011,0.0,3.5,3.29,11.58,2.41,0.0
20230724:2111,0.0,0.0,0.0,10.91,2.55,0.0
20230724:2211,0.0,0.0,0.0,10.52,2.55,0.0
20230724:2311,0.0,0.0,0.0,10.3,2.62,0.0
20230725:0011,0.0,0.0,0.0,10.16,2.48,0.0
20230725:0111,0.0,0.0,0.0,10.14,2.76,0.0
20230725:0211,0.0,0.0,0.0,10.02,2.62,0.0
20230725:0311,0.0,0.0,0.0,9.86,2.48,0.0
20230725:0411,0.0,0.0,0.0,9.75,2.48,0.0
20230725:0511,0.54,6.12,7.34,9.64,2.69,0.0
20230725:0611,139.89,70.7,14.93,9.68,2.9,0.0
20230725:0711,260.55,118.46,22.92,9.84,2.34,0.0
20230725:0811,328.02,144.63,30.93,9.86,2.14,0.0
20230725:0911,838.86,346.43,38.52,10.33,1.79,0.0
20230725:1011,514.02,218.29,45.12,10.85,1.79,0.0
20230725:1111,485.61,207.67,49.95,11.55,1.93,0.0
20230725:1211,1846.26,799.34,52.15,12.44,2.07,0.0
20230725:1311,1060.38,442.33,51.19,12.9,2.28,0.0
20230725:1411,411.6,179.86,47.31,13.68,2.62,0.0
20230725:1511,397.68,174.3,41.31,13.55,2.55,0.0
20230725:1611,509.07,218.65,34.03,13.85,2.34,0.0
20230725:1711,331.32,148.47,26.13,13.66,2.07,0.0
20230725:1811,201.21,96.55,18.09,12.78,2.21,0.0
20230725:1911,30.27,23.61,10.3,12.02,1.31,0.0
20230725:2011,0.0,2.62,3.11,11.76,0.34,0.0
20230725:2111,0.0,0.0,0.0,11.5,0.14,0.0
20230725:2211,0.0,0.0,0.0,10.95,0.41,0.0
20230725:2311,0.0,0.0,0.0,10.42,0.55,0.0
20230726:0011,0.0,0.0,0.0,10.06,0.76,0.0
20230726:0111,0.0,0.0,0.0,9.27,0.9,0.0
20230726:0211,0.0,0.0,0.0,8.21,0.9,0.0
20230726:0311,0.0,0.0,0.0,7.58,0.9,0.0
20230726:0411,0.0,0.0,0.0,7.19,0.97,0.0
20230726:0511,55.86,34.98,7.15,7.07,1.03,0.0
20230726:0611,198.12,107.89,14.75,8.53,0.83,0.0
20230726:0711,566.16,249.72,22.74,9.92,0.34,0.0
20230726:0811,1093.44,460.88,30.75,11.24,0.76,0.0
20230726:0911,1588.44,692.19,38.34,12.42,0.28,0.0
20230726:1011,1876.98,852.65,44.93,13.61,0.14,0.0
20230726:1111,2076.15,967.12,49.74,14.92,0.48,0.0
20230726:1211,2188.44,1033.6,51.93,16.25,0.83,0.0
20230726:1311,2111.13,994.76,50.97,17.19,0.76,0.0
20230726:1411,2010.6,931.6,47.11,17.51,0.9,0.0
20230726:1511,1445.73,624.7,41.13,17.15,1.86,0.0
20230726:1611,439.41,192.95,33.85,16.28,2.69,0.0
20230726:1711,643.41,277.95,25.95,15.57,2.83,0.0
20230726:1811,327.03,164.76,17.91,15.05,2.83,0.0
20230726:1911,103.35,56.84,10.12,15.15,2.07,0.0
20230726:2011,10.47,13.12,2.92,14.07,1.79,0.0
20230726:2111,0.0,0.0,0.0,12.94,1.59,0.0
20230726:2211,0.0,0.0,0.0,12.43,1.52,0.0
20230726:2311,0.0,0.0,0.0,12.06,1.52,0.0
20230727:0011,0.0,0.0,0.0,11.95,1.52,0.0
20230727:0111,0.0,0.0,0.0,12.03,1.52,0.0
20230727:0211,0.0,0.0,0.0,12.0,1.45,0.0
20230727:0311,0.0,0.0,0.0,12.02,1.45,0.0
20230727:0411,0.0,0.0,0.0,11.93,1.45,0.0
20230727:0511,26.82,21.86,6.96,11.7,1.45,0.0
20230727:0611,117.39,62.12,14.57,12.34,1.17,0.0
20230727:0711,277.98,127.56,22.55,13.54,1.66,0.0
20230727:0811,817.14,344.38,30.56,14.52,2.41,0.0
20230727:0911,437.94,191.66,38.14,15.36,2.55,0.0
20230727:1011,326.04,147.41,44.72,15.89,2.83,0.0
20230727:1111,139.77,72.31,49.53,16.05,2.62,0.0
20230727:1211,655.98,280.24,51.71,16.03,2.55,0.0
20230727:1311,406.62,179.86,50.75,16.3,2.83,0.0
20230727:1411,570.27,245.65,46.9,16.24,2.55,0.0
20230727:1511,591.33,253.78,40.93,16.21,2.69,0.0
20230727:1611,418.77,184.61,33.67,15.81,2.07,0.0
20230727:1711,539.67,235.57,25.77,15.59,1.66,0.0
20230727:1811,277.53,132.69,17.73,15.42,1.72,0.0
20230727:1911,64.68,40.23,9.93,16.38,1.52,0.0
20230727:2011,3.69,8.74,2.72,16.09,1.66,0.0
20230727:2111,0.0,0.0,0.0,15.45,1.72,0.0
20230727:2211,0.0,0.0,0.0,15.03,1.72,0.0
20230727:2311,0.0,0.0,0.0,14.72,1.59,0.0
20230728:0011,0.0,0.0,0.0,14.39,1.52,0.0
20230728:0111,0.0,0.0,0.0,14.03,1.38,0.0
20230728:0211,0.0,0.0,0.0,13.75,1.24,0.0
20230728:0311,0.0,0.0,0.0,13.31,1.1,0.0
20230728:0411,0.0,0.0,0.0,12.89,1.17,0.0
20230728:0511,28.47,22.74,6.77,12.32,1.1,0.0
20230728:0611,121.44,63.97,14.38,12.91,0.76,0.0
20230728:0711,296.88,135.74,22.37,13.85,0.69,0.0
20230728:0811,996.15,425.08,30.37,14.45,0.83,0.0
20230728:0911,736.23,313.75,37.95,15.37,1.1,0.0
20230728:1011,523.23,227.08,44.52,16.28,2.14,0.0
20230728:1111,1541.34,663.88,49.31,17.19,2.83,0.0
20230728:1211,1442.52,620.98,51.48,18.25,3.03,0.0
20230728:1311,1469.31,635.07,50.53,18.98,3.1,0.0
20230728:1411,1989.15,887.3,46.69,19.47,3.17,0.0
20230728:1511,1609.83,700.41,40.73,19.55,3.03,0.0
20230728:1611,1288.71,553.17,33.48,19.21,3.03,0.0
20230728:1711,785.52,345.63,25.58,18.55,2.97,0.0
20230728:1811,301.92,170.12,17.54,17.6,2.83,0.0
20230728:1911,102.66,56.84,9.73,16.55,2.69,0.0
20230728:2011,0.0,5.25,2.52,15.63,2.07,0.0
20230728:2111,0.0,0.0,0.0,14.59,1.79,0.0
20230728:2211,0.0,0.0,0.0,13.77,1.72,0.0
20230728:2311,0.0,0.0,0.0,12.96,1.66,0.0
20230729:0011,0.0,0.0,0.0,12.39,1.52,0.0
20230729:0111,0.0,0.0,0.0,11.87,1.38,0.0
20230729:0211,0.0,0.0,0.0,11.73,1.31,0.0
20230729:0311,0.0,0.0,0.0,11.73,1.31,0.0
20230729:0411,0.0,0.0,0.0,11.77,1.31,0.0
20230729:0511,26.79,21.86,6.57,11.88,1.31,0.0
20230729:0611,179.01,89.21,14.19,12.53,1.38,0.0
20230729:0711,187.08,90.86,22.18,13.54,2.0,0.0
20230729:0811,802.11,337.47,30.18,14.14,2.48,0.0
20230729:0911,1590.6,674.16,37.75,14.79,2.9,0.0
20230729:1011,1449.78,613.5,44.31,15.62,3.1,0.0
20230729:1111,1457.88,616.94,49.08,16.07,3.59,0.0
20230729:1211,386.49,171.51,51.25,16.39,3.79,0.0
20230729:1311,450.36,196.55,50.3,16.12,4.21,0.0
20230729:1411,1786.68,764.45,46.47,16.4,4.07,0.0
20230729:1511,1148.01,479.8,40.52,16.23,4.0,0.0
20230729:1611,1017.87,423.65,33.28,15.05,3.93,0.0
20230729:1711,691.56,296.61,25.39,14.43,3.66,0.0
20230729:1811,176.97,87.3,17.34,14.45,3.59,0.0
20230729:1911,95.67,53.34,9.54,14.26,3.24,0.0
20230729:2011,0.0,1.75,2.32,13.46,3.31,0.0
20230729:2111,0.0,0.0,0.0,12.77,2.97,0.0
20230729:2211,0.0,0.0,0.0,12.12,2.76,0.0
20230729:2311,0.0,0.0,0.0,11.68,2.69,0.0
20230730:0011,0.0,0.0,0.0,11.43,2.62,0.0
20230730:0111,0.0,0.0,0.0,11.12,2.41,0.0
20230730:0211,0.0,0.0,0.0,10.97,2.21,0.0
20230730:0311,0.0,0.0,0.0,10.82,2.07,0.0
20230730:0411,0.0,0.0,0.0,10.7,1.72,0.0
20230730:0511,9.24,12.24,6.37,10.68,1.45,0.0
20230730:0611,196.14,101.7,13.99,11.16,1.03,0.0
20230730:0711,605.07,275.52,21.99,12.46,0.9,0.0
20230730:0811,1151.16,486.84,29.99,12.95,1.52,0.0
20230730:0911,1461.6,622.02,37.55,13.49,1.52,0.0
20230730:1011,1452.48,621.54,44.09,14.76,1.72,0.0
20230730:1111,215.01,102.91,48.86,15.53,2.07,0.0
20230730:1211,985.05,417.53,51.01,16.48,2.41,0.0
20230730:1311,1580.91,682.68,50.06,16.76,2.62,0.0
20230730:1411,1930.32,852.4,46.25,17.16,2.69,0.0
20230730:1511,1047.06,444.37,40.31,17.49,2.55,0.0
20230730:1611,375.69,168.35,33.07,17.37,2.55,0.0
20230730:1711,551.1,241.5,25.19,17.0,2.28,0.0
20230730:1811,291.75,163.62,17.14,16.56,2.0,0.0
20230730:1911,100.56,55.97,9.33,16.27,0.76,0.0
20230730:2011,0.0,1.75,2.1,16.05,0.07,0.0
20230730:2111,0.0,0.0,0.0,15.2,0.62,0.0
20230730:2211,0.0,0.0,0.0,13.77,0.9,0.0
20230730:2311,0.0,0.0,0.0,13.16,0.9,0.0
20230731:0011,0.0,0.0,0.0,12.27,0.97,0.0
20230731:0111,0.0,0.0,0.0,10.94,1.31,0.0
20230731:0211,0.0,0.0,0.0,9.66,1.59,0.0
20230731:0311,0.0,0.0,0.0,9.1,1.52,0.0
20230731:0411,0.0,0.0,0.0,8.96,1.45,0.0
20230731:0511,49.5,32.35,6.17,8.93,1.38,0.0
20230731:0611,167.07,96.71,13.79,10.65,1.66,0.0
20230731:0711,246.57,113.88,21.79,11.61,2.21,0.0
20230731:0811,187.41,90.86,29.79,13.27,2.28,0.0
20230731:0911,410.91,180.21,37.34,14.55,2.69,0.0
20230731:1011,399.33,176.15,43.87,15.43,3.1,0.0
20230731:1111,406.2,178.93,48.62,15.33,2.83,0.0
20230731:1211,313.29,141.85,50.77,15.18,2.97,0.0
20230731:1311,398.01,175.22,49.82,15.01,3.31,0.0
20230731:1411,496.08,213.7,46.02,14.56,3.31,0.0
20230731:1511,495.48,213.52,40.09,14.3,2.69,0.0
20230731:1611,395.79,173.93,32.86,14.07,2.48,0.0
20230731:1711,109.98,59.33,24.98,13.94,2.55,0.0
20230731:1811,75.39,44.5,16.94,13.64,2.41,0.0
20230731:1911,10.47,13.12,9.12,13.85,2.28,0.0
20230731:2011,0.0,0.87,1.89,13.43,2.76,0.0
20230731:2111,0.0,0.0,0.0,13.09,3.03,0.0
20230731:2211,0.0,0.0,0.0,12.9,2.83,0.0
20230731:2311,0.0,0.0,0.0,12.78,2.48,0.0
20230801:0011,0.0,0.0,0.0,12.57,2.34,0.0
20230801:0111,0.0,0.0,0.0,12.34,2.28,0.0
20230801:0211,0.0,0.0,0.0,11.98,2.28,0.0
20230801:0311,0.0,0.0,0.0,11.76,2.07,0.0
20230801:0411,0.0,0.0,0.0,11.52,1.93,0.0
20230801:0511,3.84,8.74,5.96,11.33,1.79,0.0
20230801:0611,78.45,45.43,13.6,11.36,2.34,0.0
20230801:0711,324.87,145.63,21.6,12.06,2.69,0.0
20230801:0811,679.41,284.92,29.59,12.62,2.83,0.0
20230801:0911,570.51,241.99,37.14,13.45,3.03,0.0
20230801:1011,831.03,348.48,43.65,14.48,2.69,0.0
20230801:1111,881.58,372.09,48.39,15.29,2.21,0.0
20230801:1211,1259.64,538.89,50.52,16.18,1.79,0.0
20230801:1311,1442.7,628.13,49.58,16.82,1.38,0.0
20230801:1411,2033.55,936.39,45.78,17.39,1.17,0.0
20230801:1511,1777.92,787.4,39.87,17.44,1.72,0.0
20230801:1611,1313.22,563.3,32.65,17.42,2.21,0.0
20230801:1711,814.29,358.01,24.77,16.87,2.69,0.0
20230801:1811,283.29,158.31,16.73,16.03,2.97,0.0
20230801:1911,77.1,45.47,8.9,14.99,3.03,0.0
20230801:2011,0.0,0.87,1.66,14.05,2.76,0.0
20230801:2111,0.0,0.0,0.0,13.27,2.55,0.0
20230801:2211,0.0,0.0,0.0,12.56,2.14,0.0
20230801:2311,0.0,0.0,0.0,11.87,1.86,0.0
20230802:0011,0.0,0.0,0.0,11.07,1.72,0.0
20230802:0111,0.0,0.0,0.0,10.54,1.66,0.0
20230802:0211,0.0,0.0,0.0,10.25,1.59,0.0
20230802:0311,0.0,0.0,0.0,10.04,1.72,0.0
20230802:0411,0.0,0.0,0.0,9.76,1.79,0.0
20230802:0511,47.4,31.48,5.75,9.73,2.07,0.0
20230802:0611,170.07,95.43,13.39,10.02,2.69,0.0
20230802:0711,401.58,176.84,21.4,11.61,3.72,0.0
20230802:0811,374.97,164.06,29.39,12.6,4.21,0.0
20230802:0911,366.48,161.32,36.92,13.52,4.55,0.0
20230802:1011,283.02,128.87,43.43,14.02,4.55,0.0
20230802:1111,1089.12,450.82,48.15,14.06,4.21,0.0
20230802:1211,1544.19,647.05,50.27,14.57,4.28,0.0
20230802:1311,1920.0,824.28,49.33,14.84,3.86,0.0
20230802:1411,1789.95,765.36,45.54,14.98,3.45,0.0
20230802:1511,1619.52,686.1,39.64,14.88,3.17,0.0
20230802:1611,817.77,342.54,32.43,14.85,3.24,0.0
20230802:1711,274.92,126.22,24.55,14.35,2.97,0.0
20230802:1811,130.11,67.68,16.51,13.95,3.38,0.0
20230802:1911,44.79,30.61,8.68,12.63,3.24,0.0
20230802:2011,0.0,0.87,1.43,12.16,2.41,0.0
20230802:2111,0.0,0.0,0.0,12.07,2.34,0.0
20230802:2211,0.0,0.0,0.0,11.97,2.21,0.0
20230802:2311,0.0,0.0,0.0,11.73,2.14,0.0
20230803:0011,0.0,0.0,0.0,11.61,1.93,0.0
20230803:0111,0.0,0.0,0.0,11.54,1.86,0.0
20230803:0211,0.0,0.0,0.0,11.52,2.0,0.0
20230803:0311,0.0,0.0,0.0,11.43,2.07,0.0
20230803:0411,0.0,0.0,0.0,11.41,2.07,0.0
20230803:0511,3.84,8.74,5.54,11.44,1.93,0.0
20230803:0611,20.4,18.54,13.19,11.63,1.93,0.0
20230803:0711,117.75,62.12,21.19,11.99,2.34,0.0
20230803:0811,151.41,76.02,29.18,12.47,2.48,0.0
20230803:0911,117.24,62.12,36.71,12.91,2.62,0.0
20230803:1011,132.87,68.61,43.2,13.09,2.9,0.0
20230803:1111,180.69,88.08,47.9,13.36,3.38,0.0
20230803:1211,382.23,167.81,50.01,13.42,3.31,0.0
20230803:1311,375.12,165.02,49.07,13.47,3.38,0.0
20230803:1411,337.5,150.19,45.29,13.43,3.45,0.0
20230803:1511,533.7,226.94,39.4,13.06,3.31,0.0
20230803:1611,272.28,124.23,32.2,12.78,3.17,0.0
20230803:1711,153.69,76.95,24.33,12.58,3.03,0.0
20230803:1811,277.77,134.49,16.28,12.29,2.97,0.0
20230803:1911,35.67,26.23,8.45,12.1,2.69,0.0
20230803:2011,0.0,0.0,0.0,11.68,2.48,0.0
20230803:2111,0.0,0.0,0.0,11.31,2.62,0.0
20230803:2211,0.0,0.0,0.0,11.1,2.48,0.0
20230803:2311,0.0,0.0,0.0,10.91,2.62,0.0
20230804:0011,0.0,0.0,0.0,10.66,2.55,0.0
20230804:0111,0.0,0.0,0.0,10.3,2.62,0.0
20230804:0211,0.0,0.0,0.0,10.0,2.62,0.0
20230804:0311,0.0,0.0,0.0,9.67,2.48,0.0
20230804:0411,0.0,0.0,0.0,9.33,2.28,0.0
20230804:0511,17.07,16.61,5.32,8.97,2.07,0.0
20230804:0611,74.94,43.57,12.98,9.42,2.97,0.0
20230804:0711,221.43,102.85,20.99,9.65,3.52,0.0
20230804:0811,376.08,163.19,28.97,10.49,3.66,0.0
20230804:0911,414.06,178.38,36.49,11.15,3.66,0.0
20230804:1011,413.76,178.93,42.97,11.86,3.45,0.0
20230804:1111,556.56,235.59,47.65,12.44,3.17,0.0
20230804:1211,446.34,192.84,49.75,12.9,2.83,0.0
20230804:1311,1164.3,485.37,48.81,13.39,2.76,0.0
20230804:1411,968.67,403.63,45.04,13.62,2.69,0.0
20230804:1511,402.12,176.15,39.16,13.64,2.48,0.0
20230804:1611,793.71,333.02,31.97,13.73,2.07,0.0
20230804:1711,625.77,270.8,24.1,13.73,1.59,0.0
20230804:1811,259.56,125.68,16.06,13.7,1.17,0.0
20230804:1911,85.62,48.97,8.22,13.51,0.69,0.0
20230804:2011,0.0,0.0,0.0,13.0,0.41,0.0
20230804:2111,0.0,0.0,0.0,12.46,0.21,0.0
20230804:2211,0.0,0.0,0.0,11.99,0.41,0.0
20230804:2311,0.0,0.0,0.0,11.5,0.55,0.0
20230805:0011,0.0,0.0,0.0,10.94,0.69,0.0
20230805:0111,0.0,0.0,0.0,10.1,0.9,0.0
20230805:0211,0.0,0.0,0.0,9.54,1.03,0.0
20230805:0311,0.0,0.0,0.0,9.12,1.1,0.0
20230805:0411,0.0,0.0,0.0,8.94,1.03,0.0
20230805:0511,1.59,7.0,5.11,8.85,1.03,0.0
20230805:0611,22.47,19.47,12.77,9.2,0.83,0.0
20230805:0711,192.36,91.78,20.78,10.12,1.31,0.0
20230805:0811,534.63,226.57,28.76,10.75,1.45,0.0
20230805:0911,718.38,299.59,36.27,11.11,1.45,0.0
20230805:1011,602.46,254.28,42.73,11.64,1.52,0.0
20230805:1111,925.26,386.46,47.4,12.58,1.72,0.0
20230805:1211,1247.73,523.06,49.49,12.75,2.0,0.0
20230805:1311,1227.3,513.47,48.54,12.93,2.21,0.0
20230805:1411,489.81,210.02,44.78,12.55,2.21,0.0
20230805:1511,265.35,121.45,38.91,12.31,2.21,0.0
20230805:1611,158.4,78.8,31.73,12.28,2.41,0.0
20230805:1711,124.08,64.9,23.87,12.54,1.79,0.0
20230805:1811,157.56,78.97,15.82,12.29,1.24,0.0
20230805:1911,44.97,30.61,7.98,11.71,1.38,0.0
20230805:2011,0.0,0.0,0.0,11.21,1.24,0.0
20230805:2111,0.0,0.0,0.0,10.35,1.03,0.0
20230805:2211,0.0,0.0,0.0,9.91,0.83,0.0
20230805:2311,0.0,0.0,0.0,10.44,0.55,0.0
20230806:0011,0.0,0.0,0.0,10.18,0.41,0.0
20230806:0111,0.0,0.0,0.0,9.66,0.34,0.0
20230806:0211,0.0,0.0,0.0,9.08,0.69,0.0
20230806:0311,0.0,0.0,0.0,7.77,0.97,0.0
20230806:0411,0.0,0.0,0.0,6.74,1.03,0.0
20230806:0511,27.63,21.86,4.89,6.55,0.97,0.0
20230806:0611,167.34,89.98,12.56,7.33,0.9,0.0
20230806:0711,579.57,261.23,20.57,9.19,0.69,0.0
20230806:0811,1066.35,447.33,28.55,10.3,0.76,0.0
20230806:0911,1360.08,575.64,36.05,11.73,0.83,0.0
20230806:1011,1582.47,680.25,42.49,12.5,1.1,0.0
20230806:1111,1645.89,713.97,47.14,13.11,1.17,0.0
20230806:1211,1610.22,698.81,49.22,13.51,1.17,0.0
20230806:1311,1156.26,490.43,48.27,13.89,1.1,0.0
20230806:1411,2067.48,937.17,44.52,14.57,1.24,0.0
20230806:1511,1721.01,749.74,38.66,14.51,1.45,0.0
20230806:1611,1323.06,564.71,31.49,14.49,1.38,0.0
20230806:1711,789.3,346.63,23.63,14.38,1.31,0.0
20230806:1811,264.24,131.77,15.58,13.82,1.17,0.0
20230806:1911,77.46,45.47,7.74,13.76,0.9,0.0
20230806:2011,0.0,0.0,0.0,13.01,0.9,0.0
20230806:2111,0.0,0.0,0.0,12.13,0.9,0.0
20230806:2211,0.0,0.0,0.0,12.41,0.48,0.0
20230806:2311,0.0,0.0,0.0,12.23,0.14,0.0
20230807:0011,0.0,0.0,0.0,11.11,0.76,0.0
20230807:0111,0.0,0.0,0.0,9.79,1.24,0.0
20230807:0211,0.0,0.0,0.0,8.61,1.52,0.0
20230807:0311,0.0,0.0,0.0,7.68,1.72,0.0
20230807:0411,0.0,0.0,0.0,7.1,1.86,0.0
20230807:0511,14.07,14.87,4.66,7.0,1.79,0.0
20230807:0611,154.14,77.92,12.34,8.32,1.52,0.0
20230807:0711,443.94,196.53,20.36,10.95,1.93,0.0
20230807:0811,839.97,350.25,28.33,12.08,2.28,0.0
20230807:0911,1250.16,520.22,35.82,12.92,2.48,0.0
20230807:1011,1218.51,509.05,42.25,13.72,2.55,0.0
20230807:1111,1398.24,589.44,46.88,14.26,2.69,0.0
20230807:1211,763.8,321.47,48.94,14.63,2.9,0.0
20230807:1311,694.77,293.67,47.99,14.8,2.97,0.0
20230807:1411,682.92,288.47,44.25,14.8,3.17,0.0
20230807:1511,337.89,151.12,38.4,14.54,3.24,0.0
20230807:1611,1026.81,426.49,31.24,13.9,3.31,0.0
20230807:1711,455.7,198.44,23.39,13.56,3.17,0.0
20230807:1811,221.49,107.25,15.34,12.9,3.1,0.0
20230807:1911,70.29,41.97,7.49,11.9,2.55,0.0
20230807:2011,0.0,0.0,0.0,11.13,2.55,0.0
20230807:2111,0.0,0.0,0.0,10.61,2.62,0.0
20230807:2211,0.0,0.0,0.0,10.08,2.41,0.0
20230807:2311,0.0,0.0,0.0,9.6,2.48,0.0
20230808:0011,0.0,0.0,0.0,9.19,2.55,0.0
20230808:0111,0.0,0.0,0.0,8.77,2.48,0.0
20230808:0211,0.0,0.0,0.0,8.61,2.55,0.0
20230808:0311,0.0,0.0,0.0,8.56,2.55,0.0
20230808:0411,0.0,0.0,0.0,8.62,2.62,0.0
20230808:0511,25.53,20.99,4.44,8.72,2.62,0.0
20230808:0611,117.48,80.53,12.12,9.14,2.9,0.0
20230808:0711,602.28,271.12,20.14,9.74,3.59,0.0
20230808:0811,1161.81,478.19,28.11,10.66,3.66,0.0
20230808:0911,1465.65,605.23,35.59,11.62,3.38,0.0
20230808:1011,889.32,367.15,42.0,12.63,3.66,0.0
20230808:1111,1292.49,533.89,46.61,13.38,4.28,0.0
20230808:1211,1591.86,664.36,48.66,14.12,4.69,0.0
20230808:1311,478.89,205.82,47.71,14.12,4.76,0.0
20230808:1411,664.08,278.55,43.97,13.9,4.48,0.0
20230808:1511,697.41,291.75,38.14,14.06,4.28,0.0
20230808:1611,747.42,311.64,30.98,14.07,4.28,0.0
20230808:1711,525.12,226.65,23.14,13.48,3.72,0.0
20230808:1811,266.64,140.76,15.09,13.06,3.66,0.0
20230808:1911,70.02,41.97,7.24,12.71,3.24,0.0
20230808:2011,0.0,0.0,0.0,11.89,3.03,0.0
20230808:2111,0.0,0.0,0.0,10.89,2.76,0.0
20230808:2211,0.0,0.0,0.0,10.28,2.76,0.0
20230808:2311,0.0,0.0,0.0,9.88,2.76,0.0
20230809:0011,0.0,0.0,0.0,9.67,2.9,0.0
20230809:0111,0.0,0.0,0.0,9.73,3.03,0.0
20230809:0211,0.0,0.0,0.0,9.55,2.9,0.0
20230809:0311,0.0,0.0,0.0,9.43,2.76,0.0
20230809:0411,0.0,0.0,0.0,9.26,2.69,0.0
20230809:0511,13.89,14.87,4.21,9.07,2.69,0.0
20230809:0611,117.09,61.61,11.9,9.43,2.69,0.0
20230809:0711,387.09,170.95,19.92,10.19,3.31,0.0
20230809:0811,817.53,337.43,27.89,10.92,3.31,0.0
20230809:0911,795.06,327.76,35.36,11.5,3.24,0.0
20230809:1011,890.16,367.22,41.75,12.06,3.17,0.0
20230809:1111,1273.98,527.92,46.35,12.36,3.03,0.0
20230809:1211,1003.38,415.84,48.38,12.84,3.03,0.0
20230809:1311,1466.73,615.74,47.43,13.14,2.83,0.0
20230809:1411,1816.53,778.24,43.69,13.32,2.69,0.0
20230809:1511,1250.07,521.7,37.87,13.75,2.62,0.0
20230809:1611,588.33,250.21,30.72,13.98,2.28,0.0
20230809:1711,397.62,175.98,22.88,14.25,2.21,0.0
20230809:1811,164.64,82.85,14.83,14.22,1.93,0.0
20230809:1911,38.64,27.98,6.98,15.1,1.31,0.0
20230809:2011,0.0,0.0,0.0,14.46,1.17,0.0
20230809:2111,0.0,0.0,0.0,13.54,1.31,0.0
20230809:2211,0.0,0.0,0.0,13.18,1.45,0.0
20230809:2311,0.0,0.0,0.0,13.26,1.52,0.0
20230810:0011,0.0,0.0,0.0,13.31,1.52,0.0
20230810:0111,0.0,0.0,0.0,13.4,1.52,0.0
20230810:0211,0.0,0.0,0.0,13.57,1.52,0.0
20230810:0311,0.0,0.0,0.0,13.58,1.59,0.0
20230810:0411,0.0,0.0,0.0,13.65,1.52,0.0
20230810:0511,7.65,11.37,3.98,13.66,1.45,0.0
20230810:0611,146.58,78.68,11.68,14.07,1.1,0.0
20230810:0711,480.81,221.05,19.7,15.33,0.9,0.0
20230810:0811,762.3,328.0,27.67,16.39,0.83,0.0
20230810:0911,995.04,426.45,35.12,17.37,1.03,0.0
20230810:1011,831.27,357.45,41.5,18.47,1.52,0.0
20230810:1111,1421.55,622.25,46.07,19.36,1.79,0.0
20230810:1211,1518.39,671.27,48.09,19.92,1.79,0.0
20230810:1311,1019.19,442.56,47.13,20.87,1.93,0.0
20230810:1411,1051.8,456.78,43.41,22.05,2.55,0.0
20230810:1511,847.89,369.18,37.6,22.63,2.48,0.0
20230810:1611,948.6,413.62,30.46,22.79,2.48,0.0
20230810:1711,616.68,279.59,22.62,22.78,2.55,0.0
20230810:1811,228.24,135.94,14.58,22.11,2.41,0.0
20230810:1911,55.53,36.73,6.72,21.32,2.14,0.0
20230810:2011,0.0,0.0,0.0,19.93,1.93,0.0
20230810:2111,0.0,0.0,0.0,18.75,1.59,0.0
20230810:2211,0.0,0.0,0.0,17.52,1.59,0.0
20230810:2311,0.0,0.0,0.0,16.37,1.59,0.0
20230811:0011,0.0,0.0,0.0,15.61,1.45,0.0
20230811:0111,0.0,0.0,0.0,15.02,1.31,0.0
20230811:0211,0.0,0.0,0.0,14.44,1.31,0.0
20230811:0311,0.0,0.0,0.0,14.35,1.38,0.0
20230811:0411,0.0,0.0,0.0,14.54,1.52,0.0
20230811:0511,19.68,18.36,3.75,14.67,1.93,0.0
20230811:0611,105.27,74.7,11.45,15.54,2.14,0.0
20230811:0711,278.13,129.76,19.48,16.35,2.41,0.0
20230811:0811,692.43,294.39,27.44,16.31,3.52,0.0
20230811:0911,647.19,274.18,34.89,15.75,3.79,0.0
20230811:1011,1627.41,689.99,41.24,15.93,3.72,0.0
20230811:1111,2037.51,888.93,45.8,17.02,4.0,0.0
20230811:1211,2141.91,940.13,47.8,18.06,4.62,0.0
20230811:1311,2113.05,927.29,46.84,18.16,4.48,0.0
20230811:1411,813.06,344.25,43.12,18.03,4.28,0.0
20230811:1511,1363.83,576.07,37.32,17.52,3.79,0.0
20230811:1611,753.66,319.83,30.19,17.51,3.66,0.0
20230811:1711,529.05,233.63,22.36,17.51,3.38,0.0
20230811:1811,237.72,129.19,14.31,17.19,2.83,0.0
20230811:1911,47.4,32.35,6.45,17.06,2.21,0.0
20230811:2011,0.0,0.0,0.0,16.18,2.0,0.0
20230811:2111,0.0,0.0,0.0,15.25,2.0,0.0
20230811:2211,0.0,0.0,0.0,14.68,2.07,0.0
20230811:2311,0.0,0.0,0.0,14.51,2.21,0.0
20230812:0011,0.0,0.0,0.0,14.19,2.07,0.0
20230812:0111,0.0,0.0,0.0,13.84,2.07,0.0
20230812:0211,0.0,0.0,0.0,13.81,2.14,0.0
20230812:0311,0.0,0.0,0.0,13.89,2.34,0.0
20230812:0411,0.0,0.0,0.0,14.03,2.48,0.0
20230812:0511,13.44,14.87,3.51,14.04,2.62,0.0
20230812:0611,101.07,56.04,11.23,14.25,2.76,0.0
20230812:0711,28.98,23.18,19.25,14.77,2.48,0.0
20230812:0811,160.95,80.66,27.21,14.86,2.69,0.0
20230812:0911,348.54,155.75,34.64,14.94,2.76,0.0
20230812:1011,793.62,334.17,40.99,15.27,2.69,0.0
20230812:1111,705.45,298.27,45.52,15.13,2.97,0.0
20230812:1211,933.84,392.54,47.5,15.04,2.48,0.0
20230812:1311,180.42,89.0,46.54,15.91,2.34,0.0
20230812:1411,296.01,136.28,42.83,17.08,2.21,0.0
20230812:1511,901.14,383.04,37.04,17.72,2.34,0.0
20230812:1611,1270.29,541.41,29.92,17.63,2.9,0.0
20230812:1711,165.72,83.44,22.09,17.35,2.76,0.0
20230812:1811,148.17,76.75,14.04,16.89,2.14,0.0
20230812:1911,53.4,34.98,6.17,15.78,2.76,0.0
20230812:2011,0.0,0.0,0.0,14.81,2.41,0.0
20230812:2111,0.0,0.0,0.0,14.21,2.34,0.0
20230812:2211,0.0,0.0,0.0,13.66,2.41,0.0
20230812:2311,0.0,0.0,0.0,13.42,2.41,0.0
20230813:0011,0.0,0.0,0.0,13.08,2.34,0.0
20230813:0111,0.0,0.0,0.0,12.9,2.21,0.0
20230813:0211,0.0,0.0,0.0,12.68,2.14,0.0
20230813:0311,0.0,0.0,0.0,12.78,2.07,0.0
20230813:0411,0.0,0.0,0.0,12.8,2.14,0.0
20230813:0511,13.56,14.87,3.28,12.8,2.28,0.0
20230813:0611,112.68,61.25,11.0,12.9,2.55,0.0
20230813:0711,413.04,186.49,19.03,13.51,2.55,0.0
20230813:0811,1078.44,452.1,26.98,13.74,2.97,0.0
20230813:0911,1250.97,520.96,34.4,14.04,2.97,0.0
20230813:1011,1270.41,530.8,40.72,14.91,3.31,0.0
20230813:1111,1955.46,848.36,45.23,15.8,3.52,0.0
20230813:1211,1373.97,580.42,47.2,16.54,3.66,0.0
20230813:1311,1233.66,518.95,46.24,16.52,3.66,0.0
20230813:1411,1454.67,618.52,42.53,16.74,3.17,0.0
20230813:1511,1502.43,639.5,36.75,16.96,3.17,0.0
20230813:1611,1086.57,458.4,29.64,16.44,2.9,0.0
20230813:1711,379.8,170.25,21.81,16.31,3.1,0.0
20230813:1811,116.28,62.67,13.77,15.82,2.34,0.0
20230813:1911,0.0,5.25,5.9,15.16,2.07,0.0
20230813:2011,0.0,0.0,0.0,14.58,1.93,0.0
20230813:2111,0.0,0.0,0.0,13.93,1.72,0.0
20230813:2211,0.0,0.0,0.0,13.36,1.72,0.0
20230813:2311,0.0,0.0,0.0,12.75,1.59,0.0
20230814:0011,0.0,0.0,0.0,12.62,1.52,0.0
20230814:0111,0.0,0.0,0.0,12.31,1.38,0.0
20230814:0211,0.0,0.0,0.0,11.93,1.31,0.0
20230814:0311,0.0,0.0,0.0,11.82,1.03,0.0
20230814:0411,0.0,0.0,0.0,11.88,0.9,0.0
20230814:0511,9.18,12.24,3.04,11.61,0.9,0.0
20230814:0611,132.03,72.31,10.77,11.62,0.97,0.0
20230814:0711,530.52,246.37,18.8,13.33,1.03,0.0
20230814:0811,1095.45,465.65,26.74,14.17,1.59,0.0
20230814:0911,1353.27,578.03,34.15,15.11,1.38,0.0
20230814:1011,1186.8,507.68,40.46,15.92,1.1,0.0
20230814:1111,1698.03,760.7,44.95,16.7,0.76,0.0
20230814:1211,882.48,381.29,46.9,17.37,0.41,0.0
20230814:1311,810.57,350.51,45.93,17.86,0.62,0.0
20230814:1411,346.68,157.61,42.23,17.63,0.9,0.0
20230814:1511,711.12,305.45,36.46,17.02,1.1,0.0
20230814:1611,661.65,284.12,29.35,16.75,1.52,0.0
20230814:1711,453.3,202.25,21.53,16.55,1.45,0.0
20230814:1811,182.88,93.29,13.49,16.32,1.24,0.0
20230814:1911,33.09,25.36,5.61,16.1,1.38,0.0
20230814:2011,0.0,0.0,0.0,15.18,1.38,0.0
20230814:2111,0.0,0.0,0.0,14.34,1.45,0.0
20230814:2211,0.0,0.0,0.0,13.74,1.38,0.0
20230814:2311,0.0,0.0,0.0,12.6,1.38,0.0
20230815:0011,0.0,0.0,0.0,11.96,1.24,0.0
20230815:0111,0.0,0.0,0.0,11.73,1.1,0.0
20230815:0211,0.0,0.0,0.0,11.45,1.17,0.0
20230815:0311,0.0,0.0,0.0,11.46,1.1,0.0
20230815:0411,0.0,0.0,0.0,11.6,1.1,0.0
20230815:0511,0.0,2.62,2.8,11.87,0.97,0.0
20230815:0611,71.73,42.65,10.54,11.9,0.9,0.0
20230815:0711,189.75,91.81,18.57,12.62,1.17,0.0
20230815:0811,238.44,111.25,26.51,12.92,1.45,0.0
20230815:0911,708.24,298.31,33.91,13.44,1.52,0.0
20230815:1011,264.33,122.38,40.19,14.62,1.59,0.0
20230815:1111,478.98,209.18,44.66,15.67,1.45,0.0
20230815:1211,488.82,213.83,46.59,16.43,1.52,0.0
20230815:1311,915.54,390.65,45.61,16.71,1.45,0.0
20230815:1411,231.21,110.33,41.92,17.26,1.66,0.0
20230815:1511,689.97,296.11,36.16,17.51,1.86,0.0
20230815:1611,948.84,403.84,29.06,17.34,2.14,0.0
20230815:1711,475.68,211.75,21.25,16.9,2.21,0.0
20230815:1811,198.15,102.69,13.2,16.23,2.14,0.0
20230815:1911,13.26,14.87,5.33,16.0,1.72,0.0
20230815:2011,0.0,0.0,0.0,14.9,1.52,0.0
20230815:2111,0.0,0.0,0.0,13.65,1.31,0.0
20230815:2211,0.0,0.0,0.0,12.66,1.17,0.0
20230815:2311,0.0,0.0,0.0,12.28,1.1,0.0
20230816:0011,0.0,0.0,0.0,11.85,1.1,0.0
20230816:0111,0.0,0.0,0.0,11.76,0.97,0.0
20230816:0211,0.0,0.0,0.0,11.41,0.83,0.0
20230816:0311,0.0,0.0,0.0,11.0,0.9,0.0
20230816:0411,0.0,0.0,0.0,10.85,0.9,0.0
20230816:0511,0.0,1.75,2.55,10.91,1.03,0.0
20230816:0611,89.19,50.27,10.3,11.34,1.03,0.0
20230816:0711,332.28,151.51,18.34,12.81,1.17,0.0
20230816:0811,514.62,221.68,26.27,13.8,1.45,0.0
20230816:0911,744.75,315.66,33.65,14.83,1.24,0.0
20230816:1011,518.79,225.34,39.92,15.64,1.17,0.0
20230816:1111,932.55,396.55,44.36,16.21,1.52,0.0
20230816:1211,686.1,293.28,46.28,16.07,1.86,0.0
20230816:1311,1031.04,437.09,45.3,16.22,2.0,0.0
20230816:1411,411.72,182.64,41.61,16.71,2.0,0.0
20230816:1511,549.39,238.2,35.86,16.97,1.93,0.0
20230816:1611,530.01,230.3,28.77,16.95,1.93,0.0
20230816:1711,265.62,124.13,20.96,16.63,2.07,0.0
20230816:1811,127.86,67.86,12.92,16.04,2.14,0.0
20230816:1911,7.56,11.37,5.03,15.59,1.86,0.0
20230816:2011,0.0,0.0,0.0,14.78,1.72,0.0
20230816:2111,0.0,0.0,0.0,14.21,1.45,0.0
20230816:2211,0.0,0.0,0.0,13.67,1.1,0.0
20230816:2311,0.0,0.0,0.0,13.02,0.76,0.0
20230817:0011,0.0,0.0,0.0,13.07,0.48,0.0
20230817:0111,0.0,0.0,0.0,13.04,0.28,0.0
20230817:0211,0.0,0.0,0.0,12.88,0.14,0.0
20230817:0311,0.0,0.0,0.0,12.72,0.28,0.0
20230817:0411,0.0,0.0,0.0,12.53,0.55,0.0
20230817:0511,0.0,1.75,2.31,12.43,0.55,0.0
20230817:0611,65.31,39.87,10.06,12.08,0.62,0.0
20230817:0711,317.43,146.05,18.1,13.83,0.97,0.0
20230817:0811,541.32,233.06,26.03,14.72,1.79,0.0
20230817:0911,611.19,260.66,33.4,15.6,2.62,0.0
20230817:1011,434.25,190.61,39.65,16.2,3.17,0.0
20230817:1111,202.41,98.27,44.07,17.07,3.45,0.0
20230817:1211,561.03,242.93,45.97,17.91,3.59,0.0
20230817:1311,1362.24,581.83,44.98,18.33,3.31,0.0
20230817:1411,1948.71,859.65,41.29,18.85,3.38,0.0
20230817:1511,1532.94,659.63,35.55,18.78,3.17,0.0
20230817:1611,1241.43,530.49,28.47,18.61,3.17,0.0
20230817:1711,681.15,305.23,20.67,18.37,3.17,0.0
20230817:1811,189.78,119.5,12.62,17.62,3.03,0.0
20230817:1911,34.77,26.23,4.74,16.61,3.1,0.0
20230817:2011,0.0,0.0,0.0,15.45,3.03,0.0
20230817:2111,0.0,0.0,0.0,14.35,2.9,0.0
20230817:2211,0.0,0.0,0.0,13.29,2.62,0.0
20230817:2311,0.0,0.0,0.0,12.6,2.41,0.0
20230818:0011,0.0,0.0,0.0,12.17,2.28,0.0
20230818:0111,0.0,0.0,0.0,11.81,2.14,0.0
20230818:0211,0.0,0.0,0.0,11.6,2.07,0.0
20230818:0311,0.0,0.0,0.0,11.29,2.0,0.0
20230818:0411,0.0,0.0,0.0,11.26,2.14,0.0
20230818:0511,1.56,7.0,2.06,11.19,2.21,0.0
20230818:0611,105.66,67.16,9.83,11.53,2.28,0.0
20230818:0711,516.6,237.77,17.86,12.59,3.17,0.0
20230818:0811,732.81,306.69,25.79,13.65,3.93,0.0
20230818:0911,1001.88,413.83,33.15,14.33,4.14,0.0
20230818:1011,826.53,344.41,39.37,14.92,4.21,0.0
20230818:1111,898.62,374.89,43.77,15.44,4.21,0.0
20230818:1211,574.11,245.45,45.65,15.87,4.21,0.0
20230818:1311,368.34,164.1,44.65,16.37,4.41,0.0
20230818:1411,503.58,217.8,40.97,16.42,4.34,0.0
20230818:1511,708.06,298.77,35.24,16.07,3.86,0.0
20230818:1611,749.07,315.46,28.17,16.03,3.93,0.0
20230818:1711,628.32,277.02,20.37,15.65,3.59,0.0
20230818:1811,193.83,109.26,12.33,15.21,3.45,0.0
20230818:1911,24.69,20.99,4.44,14.65,3.86,0.0
20230818:2011,0.0,0.0,0.0,14.37,3.66,0.0
20230818:2111,0.0,0.0,0.0,14.49,3.86,0.0
20230818:2211,0.0,0.0,0.0,14.4,3.93,0.0
20230818:2311,0.0,0.0,0.0,14.22,4.07,0.0
20230819:0011,0.0,0.0,0.0,14.13,4.07,0.0
20230819:0111,0.0,0.0,0.0,14.03,4.21,0.0
20230819:0211,0.0,0.0,0.0,14.03,4.41,0.0
20230819:0311,0.0,0.0,0.0,14.13,4.48,0.0
20230819:0411,0.0,0.0,0.0,14.15,4.55,0.0
20230819:0511,0.0,0.87,1.82,14.41,4.62,0.0
20230819:0611,7.23,11.13,9.59,14.81,4.9,0.0
20230819:0711,406.8,186.36,17.62,14.82,4.55,0.0
20230819:0811,206.73,99.2,25.54,15.28,4.21,0.0
20230819:0911,797.25,334.37,32.89,16.24,4.0,0.0
20230819:1011,902.52,381.86,39.09,18.01,3.38,0.0
20230819:1111,1357.89,574.31,43.46,19.3,5.1,0.0
20230819:1211,1889.46,814.35,45.33,19.26,5.45,0.0
20230819:1311,1037.67,436.93,44.32,18.71,4.97,0.0
20230819:1411,904.26,380.21,40.65,18.13,4.97,0.0
20230819:1511,692.13,293.44,34.93,17.38,4.48,0.0
20230819:1611,1044.9,437.7,27.87,16.87,4.41,0.0
20230819:1711,573.51,254.55,20.07,17.3,4.76,0.0
20230819:1811,174.84,110.02,12.02,17.49,4.21,0.0
20230819:1911,7.47,11.37,4.13,16.87,4.34,0.0
20230819:2011,0.0,0.0,0.0,16.1,3.93,0.0
20230819:2111,0.0,0.0,0.0,15.6,3.72,0.0
20230819:2211,0.0,0.0,0.0,15.21,3.52,0.0
20230819:2311,0.0,0.0,0.0,14.97,3.38,0.0
20230820:0011,0.0,0.0,0.0,15.14,3.17,0.0
20230820:0111,0.0,0.0,0.0,15.19,2.97,0.0
20230820:0211,0.0,0.0,0.0,15.27,2.76,0.0
20230820:0311,0.0,0.0,0.0,15.17,2.55,0.0
20230820:0411,0.0,0.0,0.0,15.11,2.34,0.0
20230820:0511,0.0,0.87,1.57,15.02,2.34,0.0
20230820:0611,101.97,58.55,9.34,14.96,2.55,0.0
20230820:0711,293.19,136.31,17.38,15.25,2.9,0.0
20230820:0811,529.08,227.83,25.3,15.62,3.38,0.0
20230820:0911,1164.69,487.18,32.63,15.99,3.38,0.0
20230820:1011,981.54,411.17,38.81,16.62,3.79,0.0
20230820:1111,832.23,350.77,43.16,17.25,4.28,0.0
20230820:1211,412.53,182.64,45.0,17.71,4.62,0.0
20230820:1311,1016.04,427.29,43.99,17.66,4.28,0.0
20230820:1411,873.15,368.11,40.32,17.76,4.21,0.0
20230820:1511,920.97,387.1,34.61,17.75,4.21,0.0
20230820:1611,319.47,145.48,27.55,17.47,3.79,0.0
20230820:1711,491.46,219.45,19.76,17.19,3.24,0.0
20230820:1811,174.51,95.23,11.72,16.98,2.9,0.0
20230820:1911,10.29,13.12,3.82,16.4,2.9,0.0
20230820:2011,0.0,0.0,0.0,15.68,2.76,0.0
20230820:2111,0.0,0.0,0.0,15.27,2.83,0.0
20230820:2211,0.0,0.0,0.0,14.81,2.9,0.0
20230820:2311,0.0,0.0,0.0,14.54,2.97,0.0
20230821:0011,0.0,0.0,0.0,14.43,2.97,0.0
20230821:0111,0.0,0.0,0.0,14.17,2.97,0.0
20230821:0211,0.0,0.0,0.0,14.02,3.03,0.0
20230821:0311,0.0,0.0,0.0,13.9,3.1,0.0
20230821:0411,0.0,0.0,0.0,13.97,3.1,0.0
20230821:0511,0.0,0.0,0.0,13.89,3.1,0.0
20230821:0611,100.11,57.8,9.1,14.19,3.38,0.0
20230821:0711,154.32,77.96,17.14,14.69,3.38,0.0
20230821:0811,167.76,83.44,25.05,15.3,4.48,0.0
20230821:0911,192.0,93.64,32.36,16.24,4.28,0.0
20230821:1011,552.36,237.69,38.52,17.17,4.62,0.0
20230821:1111,1094.91,457.85,42.85,16.82,4.41,0.0
20230821:1211,1270.11,531.97,44.68,17.35,4.97,0.0
20230821:1311,988.2,414.29,43.66,17.85,5.17,0.0
20230821:1411,220.62,105.69,39.99,17.66,5.31,0.0
20230821:1511,382.5,170.21,34.29,17.23,4.76,0.0
20230821:1611,644.97,274.34,27.24,16.86,4.28,0.0
20230821:1711,336.06,152.79,19.45,16.59,4.69,0.0
20230821:1811,122.55,66.18,11.41,16.39,4.69,0.0
20230821:1911,0.0,2.62,3.51,15.73,4.48,0.0
20230821:2011,0.0,0.0,0.0,15.35,4.55,0.0
20230821:2111,0.0,0.0,0.0,14.71,4.62,0.0
20230821:2211,0.0,0.0,0.0,14.61,4.62,0.0
20230821:2311,0.0,0.0,0.0,14.51,4.41,0.0
20230822:0011,0.0,0.0,0.0,14.35,4.28,0.0
20230822:0111,0.0,0.0,0.0,14.25,4.14,0.0
20230822:0211,0.0,0.0,0.0,14.25,3.79,0.0
20230822:0311,0.0,0.0,0.0,14.18,3.38,0.0
20230822:0411,0.0,0.0,0.0,14.1,3.1,0.0
20230822:0511,0.0,0.0,0.0,13.88,3.17,0.0
20230822:0611,79.5,46.96,8.85,13.79,3.1,0.0
20230822:0711,293.85,136.15,16.9,14.11,3.38,0.0
20230822:0811,750.0,315.34,24.8,14.37,3.45,0.0
20230822:0911,1455.69,605.37,32.1,14.8,4.21,0.0
20230822:1011,1795.77,756.62,38.24,15.49,4.83,0.0
20230822:1111,1915.98,813.81,42.54,16.14,5.24,0.0
20230822:1211,915.99,382.34,44.35,16.36,4.97,0.0
20230822:1311,577.77,246.92,43.32,16.22,4.62,0.0
20230822:1411,724.74,305.52,39.65,16.34,4.41,0.0
20230822:1511,917.55,382.2,33.96,16.25,4.55,0.0
20230822:1611,1081.71,451.19,26.92,15.85,4.41,0.0
20230822:1711,430.47,191.68,19.14,15.13,3.86,0.0
20230822:1811,132.99,71.14,11.09,14.34,3.52,0.0
20230822:1911,0.0,1.75,3.19,14.12,3.45,0.0
20230822:2011,0.0,0.0,0.0,13.4,2.9,0.0
20230822:2111,0.0,0.0,0.0,12.81,2.76,0.0
20230822:2211,0.0,0.0,0.0,12.24,2.76,0.0
20230822:2311,0.0,0.0,0.0,11.69,2.83,0.0
20230823:0011,0.0,0.0,0.0,11.21,2.62,0.0
20230823:0111,0.0,0.0,0.0,10.77,2.28,0.0
20230823:0211,0.0,0.0,0.0,10.45,2.07,0.0
20230823:0311,0.0,0.0,0.0,9.95,2.21,0.0
20230823:0411,0.0,0.0,0.0,9.47,2.28,0.0
20230823:0511,0.0,0.0,0.0,9.27,2.21,0.0
20230823:0611,33.69,25.03,8.61,9.44,2.21,0.0
20230823:0711,513.03,236.38,16.65,10.25,2.83,0.0
20230823:0811,856.35,355.07,24.54,11.44,2.9,0.0
20230823:0911,1050.21,433.23,31.83,12.81,2.97,0.0
20230823:1011,823.95,343.41,37.95,14.15,3.24,0.0
20230823:1111,895.47,374.57,42.22,15.43,3.52,0.0
20230823:1211,286.74,131.65,44.01,16.09,3.66,0.0
20230823:1311,242.73,114.03,42.98,15.97,3.52,0.0
20230823:1411,299.19,136.28,39.32,15.49,3.59,0.0
20230823:1511,439.23,191.45,33.63,15.12,3.38,0.0
20230823:1611,510.54,219.57,26.6,14.9,3.03,0.0
20230823:1711,212.25,101.5,18.82,14.67,2.69,0.0
20230823:1811,10.2,12.98,10.78,14.4,2.34,0.0
20230823:1911,0.0,1.75,2.87,14.04,2.28,0.0
20230823:2011,0.0,0.0,0.0,13.75,2.0,0.0
20230823:2111,0.0,0.0,0.0,13.48,1.86,0.0
20230823:2211,0.0,0.0,0.0,13.29,1.59,0.0
20230823:2311,0.0,0.0,0.0,12.89,1.52,0.0
20230824:0011,0.0,0.0,0.0,12.6,1.38,0.0
20230824:0111,0.0,0.0,0.0,12.38,1.59,0.0
20230824:0211,0.0,0.0,0.0,12.04,1.66,0.0
20230824:0311,0.0,0.0,0.0,11.81,1.79,0.0
20230824:0411,0.0,0.0,0.0,11.43,1.86,0.0
20230824:0511,0.0,0.0,0.0,10.89,1.93,0.0
20230824:0611,88.8,51.74,8.36,10.63,2.0,0.0
20230824:0711,495.72,230.14,16.41,11.39,2.07,0.0
20230824:0811,1048.11,436.61,24.29,11.64,2.48,0.0
20230824:0911,1545.0,641.77,31.56,12.36,3.31,0.0
20230824:1011,1524.42,635.19,37.65,13.24,3.52,0.0
20230824:1111,2044.2,879.96,41.91,13.97,3.72,0.0
20230824:1211,1868.76,796.74,43.67,14.36,3.86,0.0
20230824:1311,1675.38,706.62,42.63,14.44,3.86,0.0
20230824:1411,484.74,208.68,38.97,14.38,3.72,0.0
20230824:1511,511.92,219.31,33.29,14.18,3.17,0.0
20230824:1611,359.25,159.08,26.27,13.85,3.03,0.0
20230824:1711,144.03,73.24,18.5,13.22,2.48,0.0
20230824:1811,13.5,14.83,10.46,12.69,1.79,0.0
20230824:1911,0.0,2.62,2.55,11.8,1.03,0.0
20230824:2011,0.0,0.0,0.0,11.48,0.76,0.0
20230824:2111,0.0,0.0,0.0,10.41,0.83,0.0
20230824:2211,0.0,0.0,0.0,10.71,0.62,0.0
20230824:2311,0.0,0.0,0.0,10.74,0.48,0.0
20230825:0011,0.0,0.0,0.0,10.3,0.55,0.0
20230825:0111,0.0,0.0,0.0,9.9,0.69,0.0
20230825:0211,0.0,0.0,0.0,9.23,0.97,0.0
20230825:0311,0.0,0.0,0.0,8.76,1.1,0.0
20230825:0411,0.0,0.0,0.0,8.77,0.9,0.0
20230825:0511,0.0,0.0,0.0,8.54,0.9,0.0
20230825:0611,72.75,43.46,8.11,8.56,0.83,0.0
20230825:0711,393.39,179.42,16.16,9.79,0.69,0.0
20230825:0811,923.16,386.48,24.03,11.18,1.24,0.0
20230825:0911,1494.09,629.7,31.29,11.98,1.66,0.0
20230825:1011,1825.89,784.89,37.36,12.73,2.14,0.0
20230825:1111,304.38,137.21,41.59,13.07,2.41,0.0
20230825:1211,379.08,166.88,43.33,13.53,2.69,0.0
20230825:1311,569.4,240.82,42.28,12.74,3.17,0.0
20230825:1411,382.86,167.81,38.63,13.01,3.17,0.0
20230825:1511,149.37,75.1,32.95,12.26,3.1,0.0
20230825:1611,78.27,45.43,25.94,11.93,3.1,0.0
20230825:1711,203.79,96.91,18.17,11.75,2.9,0.0
20230825:1811,137.58,75.04,10.13,11.56,2.83,0.0
20230825:1911,0.0,1.75,2.22,11.34,0.9,0.0
20230825:2011,0.0,0.0,0.0,11.06,0.9,0.0
20230825:2111,0.0,0.0,0.0,10.64,1.03,0.0
20230825:2211,0.0,0.0,0.0,10.46,1.03,0.0
20230825:2311,0.0,0.0,0.0,10.57,1.24,0.0
20230826:0011,0.0,0.0,0.0,10.64,1.59,0.0
20230826:0111,0.0,0.0,0.0,10.6,1.66,0.0
20230826:0211,0.0,0.0,0.0,10.51,1.66,0.0
20230826:0311,0.0,0.0,0.0,10.58,1.72,0.0
20230826:0411,0.0,0.0,0.0,10.51,1.86,0.0
20230826:0511,0.0,0.0,0.0,10.35,1.52,0.0
20230826:0611,35.43,25.96,7.86,10.39,1.59,0.0
20230826:0711,154.8,77.11,15.91,10.84,1.66,0.0
20230826:0811,80.61,46.36,23.78,11.18,1.45,0.0
20230826:0911,172.32,84.37,31.01,11.81,1.45,0.0
20230826:1011,232.2,108.47,37.06,12.39,1.72,0.0
20230826:1111,263.07,120.52,41.26,12.1,1.86,0.0
20230826:1211,515.1,220.19,42.99,12.19,1.52,0.0
20230826:1311,234.51,109.4,41.93,12.23,1.31,0.0
20230826:1411,283.08,128.87,38.28,12.66,1.31,0.0
20230826:1511,258.39,119.6,32.61,13.64,1.24,0.0
20230826:1611,253.44,117.74,25.61,13.96,1.38,0.0
20230826:1711,150.24,76.02,17.84,13.79,1.72,0.0
20230826:1811,5.91,10.2,9.8,12.8,2.07,0.0
20230826:1911,0.0,0.87,1.89,12.43,2.07,0.0
20230826:2011,0.0,0.0,0.0,12.02,1.45,0.0
20230826:2111,0.0,0.0,0.0,11.93,1.38,0.0
20230826:2211,0.0,0.0,0.0,11.92,1.52,0.0
20230826:2311,0.0,0.0,0.0,11.73,1.38,0.0
20230827:0011,0.0,0.0,0.0,11.63,1.24,0.0
20230827:0111,0.0,0.0,0.0,11.37,1.17,0.0
20230827:0211,0.0,0.0,0.0,11.24,1.24,0.0
20230827:0311,0.0,0.0,0.0,11.24,1.24,0.0
20230827:0411,0.0,0.0,0.0,11.07,0.97,0.0
20230827:0511,0.0,0.0,0.0,10.76,0.97,0.0
20230827:0611,22.26,19.47,7.61,10.77,0.83,0.0
20230827:0711,152.13,76.2,15.65,11.24,1.17,0.0
20230827:0811,250.71,115.41,23.52,11.34,1.24,0.0
20230827:0911,388.56,169.59,30.74,11.64,1.59,0.0
20230827:1011,571.8,242.16,36.76,12.18,1.72,0.0
20230827:1111,590.34,250.51,40.94,12.87,1.72,0.0
20230827:1211,932.97,390.41,42.64,13.87,2.07,0.0
20230827:1311,1840.32,797.3,41.57,14.6,2.55,0.0
20230827:1411,1260.15,528.05,37.92,14.97,2.83,0.0
20230827:1511,641.22,271.76,32.27,15.17,2.76,0.0
20230827:1611,131.52,68.61,25.27,15.1,2.76,0.0
20230827:1711,32.67,25.03,17.51,14.89,2.69,0.0
20230827:1811,5.82,10.2,9.47,14.47,2.48,0.0
20230827:1911,0.0,0.87,1.55,13.11,2.48,0.0
20230827:2011,0.0,0.0,0.0,12.84,2.48,0.0
20230827:2111,0.0,0.0,0.0,12.66,2.69,0.0
20230827:2211,0.0,0.0,0.0,12.17,3.1,0.0
20230827:2311,0.0,0.0,0.0,11.59,2.62,0.0
20230828:0011,0.0,0.0,0.0,10.92,2.21,0.0
20230828:0111,0.0,0.0,0.0,10.3,2.28,0.0
20230828:0211,0.0,0.0,0.0,9.99,2.28,0.0
20230828:0311,0.0,0.0,0.0,9.78,2.28,0.0
20230828:0411,0.0,0.0,0.0,9.73,2.28,0.0
20230828:0511,0.0,0.0,0.0,9.9,2.28,0.0
20230828:0611,59.67,37.51,7.35,10.09,2.21,0.0
20230828:0711,424.38,195.4,15.4,10.61,2.14,0.0
20230828:0811,575.19,242.12,23.25,11.6,3.17,0.0
20230828:0911,696.21,289.28,30.46,12.56,3.52,0.0
20230828:1011,667.23,278.89,36.46,13.22,3.79,0.0
20230828:1111,979.11,404.48,40.61,13.72,3.93,0.0
20230828:1211,1311.99,544.77,42.29,14.23,3.93,0.0
20230828:1311,789.93,329.7,41.21,14.44,3.79,0.0
20230828:1411,745.83,311.95,37.57,14.58,3.79,0.0
20230828:1511,600.99,254.33,31.92,14.67,3.72,0.0
20230828:1611,582.21,247.33,24.93,14.51,3.38,0.0
20230828:1711,267.12,124.1,17.18,14.35,3.31,0.0
20230828:1811,90.39,52.26,9.14,13.94,2.9,0.0
20230828:1911,0.0,0.87,1.21,13.27,2.83,0.0
20230828:2011,0.0,0.0,0.0,12.81,2.9,0.0
20230828:2111,0.0,0.0,0.0,12.57,3.17,0.0
20230828:2211,0.0,0.0,0.0,12.43,3.24,0.0
20230828:2311,0.0,0.0,0.0,12.4,3.31,0.0
20230829:0011,0.0,0.0,0.0,12.23,3.31,0.0
20230829:0111,0.0,0.0,0.0,11.88,3.1,0.0
20230829:0211,0.0,0.0,0.0,11.47,3.17,0.0
20230829:0311,0.0,0.0,0.0,10.89,3.03,0.0
20230829:0411,0.0,0.0,0.0,10.41,3.03,0.0
20230829:0511,0.0,0.0,0.0,10.05,2.97,0.0
20230829:0611,72.48,47.58,7.1,9.88,2.69,0.0
20230829:0711,490.83,228.1,15.14,10.25,2.97,0.0
20230829:0811,779.85,321.95,22.99,10.75,3.66,0.0
20230829:0911,1623.12,668.06,30.18,11.54,4.21,0.0
20230829:1011,1654.5,682.63,36.16,11.95,4.41,0.0
20230829:1111,399.72,173.37,40.28,12.27,4.62,0.0
20230829:1211,296.94,133.5,41.94,12.5,4.48,0.0
20230829:1311,2061.6,874.03,40.85,12.43,4.34,0.0
20230829:1411,266.01,121.45,37.21,12.54,4.28,0.0
20230829:1511,275.46,125.16,31.57,12.57,4.34,0.0
20230829:1611,505.65,214.33,24.58,12.21,4.34,0.0
20230829:1711,524.16,231.99,16.84,11.8,3.86,0.0
20230829:1811,109.14,62.1,8.8,11.0,3.03,0.0
20230829:1911,0.0,0.0,0.0,10.51,3.24,0.0
20230829:2011,0.0,0.0,0.0,9.8,2.55,0.0
20230829:2111,0.0,0.0,0.0,9.34,2.41,0.0
20230829:2211,0.0,0.0,0.0,9.09,2.28,0.0
20230829:2311,0.0,0.0,0.0,8.94,2.21,0.0
20230830:0011,0.0,0.0,0.0,9.07,2.28,0.0
20230830:0111,0.0,0.0,0.0,9.09,2.28,0.0
20230830:0211,0.0,0.0,0.0,9.33,2.34,0.0
20230830:0311,0.0,0.0,0.0,9.22,1.72,0.0
20230830:0411,0.0,0.0,0.0,9.03,1.52,0.0
20230830:0511,0.0,0.0,0.0,8.68,1.45,0.0
20230830:0611,61.98,38.84,6.84,8.66,1.31,0.0
20230830:0711,96.72,52.85,14.89,9.41,1.24,0.0
20230830:0811,196.92,93.64,22.73,10.48,2.0,0.0
20230830:0911,375.57,164.14,29.9,11.59,2.28,0.0
20230830:1011,546.78,231.79,35.85,11.98,2.0,0.0
20230830:1111,769.71,321.09,39.95,12.53,2.14,0.0
20230830:1211,1225.44,510.08,41.59,12.53,2.28,0.0
20230830:1311,1883.04,813.94,40.49,13.05,2.34,0.0
20230830:1411,1024.92,426.27,36.84,13.29,2.21,0.0
20230830:1511,372.93,164.46,31.21,13.51,2.41,0.0
20230830:1611,346.02,153.52,24.24,12.97,2.28,0.0
20230830:1711,286.53,131.72,16.49,12.58,2.07,0.0
20230830:1811,95.04,55.31,8.46,12.28,1.45,0.0
20230830:1911,0.0,0.0,0.0,11.76,1.03,0.0
20230830:2011,0.0,0.0,0.0,11.14,0.76,0.0
20230830:2111,0.0,0.0,0.0,11.34,0.28,0.0
20230830:2211,0.0,0.0,0.0,11.16,0.0,0.0
20230830:2311,0.0,0.0,0.0,10.95,0.07,0.0
20230831:0011,0.0,0.0,0.0,10.12,0.14,0.0
20230831:0111,0.0,0.0,0.0,9.79,0.28,0.0
20230831:0211,0.0,0.0,0.0,9.59,0.41,0.0
20230831:0311,0.0,0.0,0.0,9.35,0.41,0.0
20230831:0411,0.0,0.0,0.0,9.14,0.55,0.0
20230831:0511,0.0,0.0,0.0,8.4,0.69,0.0
20230831:0611,37.92,27.13,6.58,7.63,0.83,0.0
20230831:0711,390.03,179.07,14.63,8.68,0.83,0.0
20230831:0811,556.11,234.56,22.46,9.41,0.76,0.0
20230831:0911,1267.83,529.19,29.61,10.81,1.03,0.0
20230831:1011,1897.11,830.28,35.54,12.67,1.45,0.0
20230831:1111,1457.91,624.38,39.61,14.02,1.31,0.0
20230831:1211,1476.99,638.73,41.23,15.07,1.17,0.0
20230831:1311,1478.07,641.12,40.12,15.5,1.1,0.0
20230831:1411,1383.09,594.4,36.48,15.74,1.31,0.0
20230831:1511,886.11,374.6,30.85,16.03,1.66,0.0
20230831:1611,803.1,341.04,23.89,15.83,1.86,0.0
20230831:1711,361.08,165.51,16.15,15.25,2.21,0.0
20230831:1811,103.65,64.73,8.11,14.34,2.28,0.0
20230831:1911,0.0,0.0,0.0,13.69,2.0,0.0
20230831:2011,0.0,0.0,0.0,12.85,1.66,0.0
20230831:2111,0.0,0.0,0.0,11.99,1.38,0.0
20230831:2211,0.0,0.0,0.0,10.81,1.1,0.0
20230831:2311,0.0,0.0,0.0,10.72,0.83,0.0
20230901:0011,0.0,0.0,0.0,10.94,0.48,0.0
20230901:0111,0.0,0.0,0.0,10.52,0.34,0.0
20230901:0211,0.0,0.0,0.0,10.36,0.28,0.0
20230901:0311,0.0,0.0,0.0,10.16,0.21,0.0
20230901:0411,0.0,0.0,0.0,9.92,0.21,0.0
20230901:0511,0.0,0.0,0.0,9.52,0.28,0.0
20230901:0611,45.45,31.05,6.32,9.25,0.41,0.0
20230901:0711,317.91,146.97,14.37,9.18,0.41,0.0
20230901:0811,520.56,221.45,22.19,10.48,0.83,0.0
20230901:0911,1148.97,478.88,29.33,11.73,1.17,0.0
20230901:1011,1906.17,834.07,35.23,13.24,1.66,0.0
20230901:1111,2118.66,953.33,39.27,14.63,1.79,0.0
20230901:1211,2075.43,938.25,40.87,15.66,1.72,0.0
20230901:1311,1970.73,887.28,39.75,16.32,1.59,0.0
20230901:1411,1855.47,827.85,36.11,16.54,1.45,0.0
20230901:1511,1562.61,676.44,30.49,16.78,1.86,0.0
20230901:1611,1086.78,460.3,23.53,16.05,2.62,0.0
20230901:1711,419.64,191.34,15.8,15.1,2.69,0.0
20230901:1811,95.64,59.1,7.76,14.21,2.34,0.0
20230901:1911,0.0,0.0,0.0,13.71,2.0,0.0
20230901:2011,0.0,0.0,0.0,12.69,1.59,0.0
20230901:2111,0.0,0.0,0.0,11.72,1.17,0.0
20230901:2211,0.0,0.0,0.0,11.63,0.69,0.0
20230901:2311,0.0,0.0,0.0,11.61,0.48,0.0
20230902:0011,0.0,0.0,0.0,10.77,0.83,0.0
20230902:0111,0.0,0.0,0.0,9.07,1.24,0.0
20230902:0211,0.0,0.0,0.0,8.34,1.38,0.0
20230902:0311,0.0,0.0,0.0,7.76,1.52,0.0
20230902:0411,0.0,0.0,0.0,7.3,1.59,0.0
20230902:0511,0.0,0.0,0.0,6.86,1.52,0.0
20230902:0611,56.97,39.28,6.06,7.39,1.52,0.0
20230902:0711,472.59,220.97,14.11,8.8,1.59,0.0
20230902:0811,1041.18,434.4,21.92,10.66,1.79,0.0
20230902:0911,1532.28,647.44,29.04,12.98,2.0,0.0
20230902:1011,1902.87,827.78,34.92,15.1,2.55,0.0
20230902:1111,1990.44,869.35,38.93,16.65,3.45,0.0
20230902:1211,2124.99,932.45,40.51,17.65,4.28,0.0
20230902:1311,2073.57,903.83,39.38,18.02,4.62,0.0
20230902:1411,1156.5,484.82,35.74,17.94,4.48,0.0
20230902:1511,448.47,196.66,30.13,17.71,4.55,0.0
20230902:1611,213.9,102.91,23.18,17.11,3.79,0.0
20230902:1711,165.36,83.21,15.45,16.65,3.66,0.0
20230902:1811,26.94,22.25,7.41,16.05,3.45,0.0
20230902:1911,0.0,0.0,0.0,15.54,4.14,0.0
20230902:2011,0.0,0.0,0.0,14.95,4.0,0.0
20230902:2111,0.0,0.0,0.0,14.45,3.93,0.0
20230902:2211,0.0,0.0,0.0,14.13,4.34,0.0
20230902:2311,0.0,0.0,0.0,14.07,4.76,0.0
20230903:0011,0.0,0.0,0.0,13.92,4.97,0.0
20230903:0111,0.0,0.0,0.0,14.07,5.1,0.0
20230903:0211,0.0,0.0,0.0,14.12,5.1,0.0
20230903:0311,0.0,0.0,0.0,14.03,5.03,0.0
20230903:0411,0.0,0.0,0.0,13.94,4.97,0.0
20230903:0511,0.0,0.0,0.0,13.94,4.97,0.0
20230903:0611,2.01,7.42,5.8,13.99,5.03,0.0
20230903:0711,29.07,23.18,13.85,14.37,5.03,0.0
20230903:0811,79.41,46.36,21.65,14.57,4.9,0.0
20230903:0911,362.67,160.6,28.75,15.26,5.79,0.0
20230903:1011,824.67,341.78,34.6,15.92,6.41,0.0
20230903:1111,941.22,389.14,38.59,16.56,6.97,0.0
20230903:1211,2143.32,916.56,40.15,16.79,6.07,0.0
20230903:1311,2108.25,899.2,39.01,17.03,6.21,0.0
20230903:1411,1892.88,797.13,35.37,17.04,6.21,0.0
20230903:1511,1526.49,633.86,29.76,16.95,6.07,0.0
20230903:1611,933.42,390.17,22.82,16.76,5.72,0.0
20230903:1711,499.53,230.31,15.1,16.26,5.03,0.0
20230903:1811,32.55,25.03,7.06,15.71,4.55,0.0
20230903:1911,0.0,0.0,0.0,15.46,4.21,0.0
20230903:2011,0.0,0.0,0.0,14.87,3.79,0.0
20230903:2111,0.0,0.0,0.0,14.51,3.59,0.0
20230903:2211,0.0,0.0,0.0,14.26,3.52,0.0
20230903:2311,0.0,0.0,0.0,14.09,3.45,0.0
20230904:0011,0.0,0.0,0.0,13.9,3.38,0.0
20230904:0111,0.0,0.0,0.0,13.7,3.38,0.0
20230904:0211,0.0,0.0,0.0,13.49,3.45,0.0
20230904:0311,0.0,0.0,0.0,13.5,3.66,0.0
20230904:0411,0.0,0.0,0.0,13.55,3.79,0.0
20230904:0511,0.0,0.0,0.0,13.82,3.93,0.0
20230904:0611,41.76,32.48,5.54,14.02,4.0,0.0
20230904:0711,402.15,190.8,13.58,14.22,4.41,0.0
20230904:0811,974.07,407.24,21.38,14.85,4.69,0.0
20230904:0911,1576.08,658.62,28.46,15.85,4.76,0.0
20230904:1011,1933.26,823.6,34.29,16.76,5.03,0.0
20230904:1111,2174.37,946.87,38.25,17.51,4.97,0.0
20230904:1211,2185.2,960.26,39.78,18.19,4.69,0.0
20230904:1311,2128.62,936.48,38.63,18.71,4.48,0.0
20230904:1411,1909.47,829.26,34.99,18.93,4.28,0.0
20230904:1511,1545.96,659.97,29.39,19.01,4.0,0.0
20230904:1611,1055.76,450.63,22.46,18.82,3.59,0.0
20230904:1711,521.01,244.98,14.74,18.34,3.17,0.0
20230904:1811,74.01,52.87,6.7,17.53,2.69,0.0
20230904:1911,0.0,0.0,0.0,16.62,2.41,0.0
20230904:2011,0.0,0.0,0.0,15.24,2.28,0.0
20230904:2111,0.0,0.0,0.0,14.13,2.14,0.0
20230904:2211,0.0,0.0,0.0,13.14,2.0,0.0
20230904:2311,0.0,0.0,0.0,12.23,1.93,0.0
20230905:0011,0.0,0.0,0.0,11.52,1.93,0.0
20230905:0111,0.0,0.0,0.0,10.79,1.93,0.0
20230905:0211,0.0,0.0,0.0,9.76,1.72,0.0
20230905:0311,0.0,0.0,0.0,9.02,1.45,0.0
20230905:0411,0.0,0.0,0.0,8.52,1.31,0.0
20230905:0511,0.0,0.0,0.0,8.21,1.38,0.0
20230905:0611,40.41,30.77,5.28,8.12,1.31,0.0
20230905:0711,422.94,199.72,13.32,9.93,0.48,0.0
20230905:0811,1006.86,428.61,21.1,11.58,0.14,0.0
20230905:0911,1498.95,651.59,28.16,13.8,0.34,0.0
20230905:1011,1837.92,823.48,33.97,16.15,1.03,0.0
20230905:1111,2064.96,948.68,37.9,17.84,1.52,0.0
20230905:1211,2074.86,959.63,39.41,19.13,1.66,0.0
20230905:1311,2044.26,947.73,38.25,20.14,1.66,0.0
20230905:1411,1826.19,828.58,34.61,20.81,1.72,0.0
20230905:1511,1517.52,668.26,29.02,21.12,2.14,0.0
20230905:1611,1022.85,443.8,22.09,20.8,2.62,0.0
20230905:1711,391.32,185.32,14.38,19.8,2.69,0.0
20230905:1811,28.38,23.18,6.35,18.28,2.62,0.0
20230905:1911,0.0,0.0,0.0,16.63,2.21,0.0
20230905:2011,0.0,0.0,0.0,15.03,1.79,0.0
20230905:2111,0.0,0.0,0.0,13.59,1.31,0.0
20230905:2211,0.0,0.0,0.0,12.64,0.9,0.0
20230905:2311,0.0,0.0,0.0,13.04,0.62,0.0
20230906:0011,0.0,0.0,0.0,12.68,0.34,0.0
20230906:0111,0.0,0.0,0.0,12.39,0.14,0.0
20230906:0211,0.0,0.0,0.0,12.13,0.28,0.0
20230906:0311,0.0,0.0,0.0,11.75,0.55,0.0
20230906:0411,0.0,0.0,0.0,11.05,0.83,0.0
20230906:0511,0.0,0.0,0.0,9.91,0.97,0.0
20230906:0611,6.09,10.2,5.01,9.09,1.17,0.0
20230906:0711,292.38,138.03,13.05,10.51,1.17,0.0
20230906:0811,477.99,206.3,20.82,12.76,1.31,0.0
20230906:0911,736.26,311.16,27.87,14.82,1.31,0.0
20230906:1011,1365.24,589.7,33.65,17.01,1.24,0.0
20230906:1111,1944.06,887.21,37.55,18.98,1.52,0.0
20230906:1211,1902.93,865.85,39.04,20.41,1.93,0.0
20230906:1311,1955.82,890.04,37.87,21.55,2.48,0.0
20230906:1411,1653.96,732.98,34.23,22.1,2.76,0.0
20230906:1511,850.77,368.05,28.65,22.45,2.83,0.0
20230906:1611,207.3,102.6,21.73,22.38,2.76,0.0
20230906:1711,439.8,212.17,14.02,22.03,2.62,0.0
20230906:1811,58.53,43.4,5.99,21.34,2.28,0.0
20230906:1911,0.0,0.0,0.0,19.51,2.21,0.0
20230906:2011,0.0,0.0,0.0,18.17,2.07,0.0
20230906:2111,0.0,0.0,0.0,17.27,2.07,0.0
20230906:2211,0.0,0.0,0.0,16.72,2.0,0.0
20230906:2311,0.0,0.0,0.0,16.52,1.86,0.0
20230907:0011,0.0,0.0,0.0,15.98,1.79,0.0
20230907:0111,0.0,0.0,0.0,15.05,1.66,0.0
20230907:0211,0.0,0.0,0.0,14.09,1.59,0.0
20230907:0311,0.0,0.0,0.0,13.28,1.59,0.0
20230907:0411,0.0,0.0,0.0,12.66,1.52,0.0
20230907:0511,0.0,0.0,0.0,12.19,1.52,0.0
20230907:0611,32.43,26.33,4.74,11.74,1.45,0.0
20230907:0711,395.58,190.83,12.79,13.34,1.31,0.0
20230907:0811,846.48,360.6,20.55,14.54,1.24,0.0
20230907:0911,1417.05,609.36,27.57,15.94,1.31,0.0
20230907:1011,1737.93,778.77,33.33,18.24,1.1,0.0
20230907:1111,1938.75,900.39,37.2,20.6,1.17,0.0
20230907:1211,1975.74,928.29,38.67,22.73,1.45,0.0
20230907:1311,1891.02,872.27,37.49,23.99,2.21,0.0
20230907:1411,1679.28,756.4,33.85,24.61,2.69,0.0
20230907:1511,956.01,417.63,28.27,24.79,2.83,0.0
20230907:1611,266.85,128.49,21.36,24.6,2.69,0.0
20230907:1711,42.09,30.59,13.66,23.89,2.34,0.0
20230907:1811,0.0,4.64,5.63,22.67,1.93,0.0
20230907:1911,0.0,0.0,0.0,21.13,2.14,0.0
20230907:2011,0.0,0.0,0.0,19.67,2.07,0.0
20230907:2111,0.0,0.0,0.0,18.61,1.72,0.0
20230907:2211,0.0,0.0,0.0,18.01,1.72,0.0
20230907:2311,0.0,0.0,0.0,17.68,1.72,0.0
20230908:0011,0.0,0.0,0.0,17.25,1.59,0.0
20230908:0111,0.0,0.0,0.0,16.54,1.52,0.0
20230908:0211,0.0,0.0,0.0,15.76,1.52,0.0
20230908:0311,0.0,0.0,0.0,15.2,1.66,0.0
20230908:0411,0.0,0.0,0.0,14.46,1.79,0.0
20230908:0511,0.0,0.0,0.0,13.77,1.79,0.0
20230908:0611,25.86,22.66,4.48,13.4,1.72,0.0
20230908:0711,364.89,177.07,12.52,14.83,1.31,0.0
20230908:0811,876.51,378.36,20.27,17.03,1.17,0.0
20230908:0911,1387.32,607.98,27.27,19.03,1.03,0.0
20230908:1011,1622.88,730.41,33.0,20.99,1.17,0.0
20230908:1111,1861.8,867.2,36.85,22.48,1.17,0.0
20230908:1211,1868.61,878.6,38.3,23.7,1.17,0.0
20230908:1311,1682.22,781.88,37.1,24.62,1.03,0.0
20230908:1411,1502.76,688.28,33.47,25.25,1.03,0.0
20230908:1511,959.7,426.78,27.9,25.46,1.03,0.0
20230908:1611,758.49,341.48,20.99,25.38,0.62,0.0
20230908:1711,411.69,205.56,13.29,24.81,0.28,0.0
20230908:1811,39.51,34.43,5.26,23.74,0.76,0.0
20230908:1911,0.0,0.0,0.0,21.86,1.17,0.0
20230908:2011,0.0,0.0,0.0,19.86,1.59,0.0
20230908:2111,0.0,0.0,0.0,18.29,2.0,0.0
20230908:2211,0.0,0.0,0.0,17.44,2.21,0.0
20230908:2311,0.0,0.0,0.0,17.09,2.21,0.0
20230909:0011,0.0,0.0,0.0,16.7,2.21,0.0
20230909:0111,0.0,0.0,0.0,16.53,2.28,0.0
20230909:0211,0.0,0.0,0.0,16.63,2.34,0.0
20230909:0311,0.0,0.0,0.0,16.79,2.48,0.0
20230909:0411,0.0,0.0,0.0,16.79,2.69,0.0
20230909:0511,0.0,0.0,0.0,16.73,2.9,0.0
20230909:0611,14.79,15.76,4.21,16.53,2.97,0.0
20230909:0711,250.2,123.41,12.25,17.07,2.62,0.0
20230909:0811,586.5,253.11,19.99,17.66,3.93,0.0
20230909:0911,1450.56,611.17,26.97,18.65,4.9,0.0
20230909:1011,1783.17,761.01,32.68,19.42,5.45,0.0
20230909:1111,1959.3,847.44,36.5,19.84,5.45,0.0
20230909:1211,1291.59,547.03,37.92,19.77,4.69,0.0
20230909:1311,1450.71,617.97,36.72,19.99,4.62,0.0
20230909:1411,1281.57,542.32,33.08,20.12,4.76,0.0
20230909:1511,1072.77,452.12,27.52,19.86,4.76,0.0
20230909:1611,404.91,180.94,20.62,19.53,4.62,0.0
20230909:1711,211.59,105.04,12.92,18.81,4.0,0.0
20230909:1811,31.86,25.68,4.9,17.82,3.59,0.0
20230909:1911,0.0,0.0,0.0,17.06,3.45,0.0
20230909:2011,0.0,0.0,0.0,16.37,3.24,0.0
20230909:2111,0.0,0.0,0.0,15.73,3.1,0.0
20230909:2211,0.0,0.0,0.0,15.33,2.9,0.0
20230909:2311,0.0,0.0,0.0,15.06,2.62,0.0
20230910:0011,0.0,0.0,0.0,14.91,2.41,0.0
20230910:0111,0.0,0.0,0.0,14.81,2.28,0.0
20230910:0211,0.0,0.0,0.0,14.77,2.21,0.0
20230910:0311,0.0,0.0,0.0,14.68,2.0,0.0
20230910:0411,0.0,0.0,0.0,14.7,2.0,0.0
20230910:0511,0.0,0.0,0.0,14.7,1.93,0.0
20230910:0611,0.0,2.78,3.94,14.65,1.79,0.0
20230910:0711,10.2,12.98,11.98,14.69,1.86,0.0
20230910:0811,91.89,51.92,19.7,15.12,2.48,0.0
20230910:0911,256.5,119.6,26.67,15.64,2.34,0.0
20230910:1011,577.95,247.59,32.35,16.28,2.83,0.0
20230910:1111,694.8,295.37,36.14,16.67,2.69,0.0
20230910:1211,1000.59,421.99,37.54,17.34,2.97,0.0
20230910:1311,192.51,94.56,36.33,17.75,2.97,0.0
20230910:1411,363.96,164.0,32.69,18.05,2.83,0.0
20230910:1511,129.48,68.61,27.14,18.1,2.48,0.0
20230910:1611,79.98,47.28,20.24,17.88,1.72,0.0
20230910:1711,86.37,50.06,12.55,17.51,0.97,0.0
20230910:1811,31.23,26.55,4.53,17.12,0.69,0.0
20230910:1911,0.0,0.0,0.0,16.43,0.97,0.0
20230910:2011,0.0,0.0,0.0,16.01,0.9,0.0
20230910:2111,0.0,0.0,0.0,15.64,0.62,0.0
20230910:2211,0.0,0.0,0.0,15.5,0.62,0.0
20230910:2311,0.0,0.0,0.0,15.44,0.76,0.0
20230911:0011,0.0,0.0,0.0,15.34,0.9,0.0
20230911:0111,0.0,0.0,0.0,15.17,0.97,0.0
20230911:0211,0.0,0.0,0.0,15.21,1.17,0.0
20230911:0311,0.0,0.0,0.0,15.21,1.45,0.0
20230911:0411,0.0,0.0,0.0,15.19,2.83,0.0
20230911:0511,0.0,0.0,0.0,14.78,3.59,0.0
20230911:0611,7.26,11.13,3.67,13.89,3.24,0.0
20230911:0711,173.22,86.94,11.7,12.96,2.48,0.0
20230911:0811,512.31,219.16,19.42,12.59,2.28,0.0
20230911:0911,1432.14,597.12,26.37,12.76,2.55,0.0
20230911:1011,1727.79,727.15,32.02,13.26,3.31,0.0
20230911:1111,1261.59,521.03,35.79,14.15,4.07,0.0
20230911:1211,1925.07,818.0,37.16,14.45,4.28,0.0
20230911:1311,1892.85,801.93,35.94,14.66,4.41,0.0
20230911:1411,482.4,207.28,32.31,14.39,4.07,0.0
20230911:1511,333.9,148.92,26.75,14.05,3.86,0.0
20230911:1611,583.53,247.28,19.87,13.57,3.52,0.0
20230911:1711,163.59,82.12,12.18,12.98,3.1,0.0
20230911:1811,0.0,3.71,4.16,12.26,2.55,0.0
20230911:1911,0.0,0.0,0.0,11.77,2.34,0.0
20230911:2011,0.0,0.0,0.0,11.3,2.14,0.0
20230911:2111,0.0,0.0,0.0,10.99,2.14,0.0
20230911:2211,0.0,0.0,0.0,10.69,2.14,0.0
20230911:2311,0.0,0.0,0.0,10.27,2.14,0.0
20230912:0011,0.0,0.0,0.0,9.86,2.07,0.0
20230912:0111,0.0,0.0,0.0,9.24,2.0,0.0
20230912:0211,0.0,0.0,0.0,8.75,1.86,0.0
20230912:0311,0.0,0.0,0.0,8.01,1.79,0.0
20230912:0411,0.0,0.0,0.0,7.14,1.72,0.0
20230912:0511,0.0,0.0,0.0,6.54,1.59,0.0
20230912:0611,15.21,16.13,3.4,6.52,1.45,0.0
20230912:0711,311.61,146.75,11.43,7.26,1.24,0.0
20230912:0811,580.44,243.67,19.14,9.78,1.86,0.0
20230912:0911,1085.04,445.62,26.07,10.44,1.79,0.0
20230912:1011,820.62,338.5,31.69,11.12,2.0,0.0
20230912:1111,1833.75,786.14,35.43,11.72,2.07,0.0
20230912:1211,1895.58,820.38,36.78,12.16,2.0,0.0
20230912:1311,1469.01,618.28,35.55,12.42,1.93,0.0
20230912:1411,954.78,395.97,31.92,12.7,1.93,0.0
20230912:1511,1461.93,613.94,26.37,12.7,2.07,0.0
20230912:1611,1017.12,425.88,19.49,12.33,2.28,0.0
20230912:1711,325.86,153.96,11.81,11.66,2.34,0.0
20230912:1811,23.4,21.3,3.79,10.82,2.21,0.0
20230912:1911,0.0,0.0,0.0,10.44,2.0,0.0
20230912:2011,0.0,0.0,0.0,9.55,1.86,0.0
20230912:2111,0.0,0.0,0.0,8.58,1.66,0.0
20230912:2211,0.0,0.0,0.0,7.61,1.38,0.0
20230912:2311,0.0,0.0,0.0,6.94,1.24,0.0
20230913:0011,0.0,0.0,0.0,7.45,0.97,0.0
20230913:0111,0.0,0.0,0.0,7.98,0.9,0.0
20230913:0211,0.0,0.0,0.0,7.67,0.69,0.0
20230913:0311,0.0,0.0,0.0,6.75,0.97,0.0
20230913:0411,0.0,0.0,0.0,4.94,1.03,0.0
20230913:0511,0.0,0.0,0.0,4.59,0.9,0.0
20230913:0611,16.35,17.37,3.13,4.72,0.97,0.0
20230913:0711,99.24,53.41,11.16,6.1,1.24,0.0
20230913:0811,424.29,180.72,18.85,7.41,1.31,0.0
20230913:0911,525.06,220.1,25.76,9.0,1.45,0.0
20230913:1011,786.24,323.3,31.36,10.35,2.14,0.0
20230913:1111,437.49,188.14,35.07,11.34,2.41,0.0
20230913:1211,284.85,128.87,36.4,12.08,2.83,0.0
20230913:1311,701.73,292.08,35.16,12.41,2.97,0.0
20230913:1411,251.58,115.89,31.52,12.42,3.17,0.0
20230913:1511,108.84,58.41,25.98,12.13,3.1,0.0
20230913:1611,250.92,115.32,19.11,11.6,2.76,0.0
20230913:1711,10.44,12.98,11.44,11.04,3.03,0.0
20230913:1811,0.0,5.56,3.42,10.27,3.45,0.0
20230913:1911,0.0,0.0,0.0,9.59,3.66,0.0
20230913:2011,0.0,0.0,0.0,9.39,3.93,0.0
20230913:2111,0.0,0.0,0.0,9.58,4.07,0.0
20230913:2211,0.0,0.0,0.0,9.97,4.34,0.0
20230913:2311,0.0,0.0,0.0,10.22,4.55,0.0
20230914:0011,0.0,0.0,0.0,10.5,4.62,0.0
20230914:0111,0.0,0.0,0.0,10.94,4.55,0.0
20230914:0211,0.0,0.0,0.0,11.35,4.97,0.0
20230914:0311,0.0,0.0,0.0,11.19,5.52,0.0
20230914:0411,0.0,0.0,0.0,10.69,5.52,0.0
20230914:0511,0.0,0.0,0.0,10.46,5.17,0.0
20230914:0611,0.0,4.64,2.86,10.29,4.9,0.0
20230914:0711,318.78,152.22,10.88,10.77,5.1,0.0
20230914:0811,859.53,354.38,18.56,11.23,4.55,0.0
20230914:0911,1358.43,549.46,25.45,12.17,6.0,0.0
20230914:1011,1542.45,623.24,31.02,12.45,7.1,0.0
20230914:1111,1882.77,774.8,34.71,12.67,6.41,0.0
20230914:1211,2000.82,830.16,36.02,12.98,6.34,0.0
20230914:1311,1470.66,599.89,34.76,13.48,6.28,0.0
20230914:1411,1186.05,482.13,31.13,13.65,6.14,0.0
20230914:1511,351.0,154.64,25.6,13.28,5.79,0.0
20230914:1611,732.12,304.26,18.73,12.8,5.45,0.0
20230914:1711,365.76,174.22,11.06,12.23,4.76,0.0
20230914:1811,16.2,17.52,3.04,11.41,4.41,0.0
20230914:1911,0.0,0.0,0.0,10.75,3.66,0.0
20230914:2011,0.0,0.0,0.0,10.03,3.17,0.0
20230914:2111,0.0,0.0,0.0,9.61,3.03,0.0
20230914:2211,0.0,0.0,0.0,9.32,2.83,0.0
20230914:2311,0.0,0.0,0.0,9.2,2.83,0.0
20230915:0011,0.0,0.0,0.0,9.19,2.69,0.0
20230915:0111,0.0,0.0,0.0,9.07,2.48,0.0
20230915:0211,0.0,0.0,0.0,9.02,2.21,0.0
20230915:0311,0.0,0.0,0.0,8.74,2.07,0.0
20230915:0411,0.0,0.0,0.0,8.59,1.93,0.0
20230915:0511,0.0,0.0,0.0,8.51,1.79,0.0
20230915:0611,0.0,1.85,2.58,8.38,1.72,0.0
20230915:0711,132.0,68.21,10.6,8.61,1.52,0.0
20230915:0811,469.53,200.28,18.27,9.74,1.45,0.0
20230915:0911,321.39,142.65,25.14,10.98,1.93,0.0
20230915:1011,851.43,353.05,30.69,11.93,1.52,0.0
20230915:1111,678.03,285.39,34.34,12.66,1.17,0.0
20230915:1211,734.7,309.26,35.64,13.03,0.97,0.0
20230915:1311,551.4,235.93,34.37,13.21,0.83,0.0
20230915:1411,631.98,267.53,30.74,13.11,0.9,0.0
20230915:1511,313.56,140.84,25.21,12.57,1.17,0.0
20230915:1611,165.36,81.59,18.35,11.92,1.52,0.0
20230915:1711,99.09,54.42,10.69,11.26,1.59,0.0
20230915:1811,3.33,8.34,2.67,10.68,1.52,0.0
20230915:1911,0.0,0.0,0.0,9.99,1.45,0.0
20230915:2011,0.0,0.0,0.0,9.49,1.52,0.0
20230915:2111,0.0,0.0,0.0,9.05,1.38,0.0
20230915:2211,0.0,0.0,0.0,8.85,1.45,0.0
20230915:2311,0.0,0.0,0.0,8.66,1.52,0.0
20230916:0011,0.0,0.0,0.0,8.51,1.52,0.0
20230916:0111,0.0,0.0,0.0,8.46,1.52,0.0
20230916:0211,0.0,0.0,0.0,8.38,1.31,0.0
20230916:0311,0.0,0.0,0.0,8.32,1.24,0.0
20230916:0411,0.0,0.0,0.0,8.13,1.24,0.0
20230916:0511,0.0,0.0,0.0,7.97,1.1,0.0
20230916:0611,0.0,1.85,2.31,7.6,0.97,0.0
20230916:0711,212.07,103.45,10.33,7.9,0.9,0.0
20230916:0811,577.41,241.36,17.99,8.57,1.79,0.0
20230916:0911,668.37,275.04,24.83,9.32,2.21,0.0
20230916:1011,1365.51,561.1,30.35,10.18,2.41,0.0
20230916:1111,1186.5,486.64,33.98,10.87,2.55,0.0
20230916:1211,900.9,370.37,35.25,11.3,2.55,0.0
20230916:1311,935.16,385.31,33.97,11.75,2.34,0.0
20230916:1411,1508.88,631.7,30.34,12.04,2.21,0.0
20230916:1511,938.01,387.2,24.82,12.06,2.0,0.0
20230916:1611,438.15,189.47,17.97,11.85,1.86,0.0
20230916:1711,315.66,153.26,10.31,11.57,1.79,0.0
20230916:1811,3.87,8.74,2.29,10.94,1.45,0.0
20230916:1911,0.0,0.0,0.0,9.91,1.45,0.0
20230916:2011,0.0,0.0,0.0,8.73,1.52,0.0
20230916:2111,0.0,0.0,0.0,7.57,1.52,0.0
20230916:2211,0.0,0.0,0.0,6.84,1.31,0.0
20230916:2311,0.0,0.0,0.0,7.09,1.1,0.0
20230917:0011,0.0,0.0,0.0,7.07,1.03,0.0
20230917:0111,0.0,0.0,0.0,6.49,1.03,0.0
20230917:0211,0.0,0.0,0.0,6.04,1.03,0.0
20230917:0311,0.0,0.0,0.0,5.5,1.03,0.0
20230917:0411,0.0,0.0,0.0,4.84,1.1,0.0
20230917:0511,0.0,0.0,0.0,4.4,1.24,0.0
20230917:0611,0.0,0.87,2.03,4.8,1.17,0.0
20230917:0711,176.97,87.68,10.05,6.3,0.48,0.0
20230917:0811,751.86,312.05,17.69,7.54,0.55,0.0
20230917:0911,1385.16,576.53,24.52,8.87,0.83,0.0
20230917:1011,374.04,163.2,30.01,10.73,1.66,0.0
20230917:1111,145.2,73.24,33.61,11.67,2.76,0.0
20230917:1211,480.45,205.13,34.86,12.45,3.59,0.0
20230917:1311,153.15,76.95,33.58,13.47,3.79,0.0
20230917:1411,180.27,88.08,29.95,13.97,4.0,0.0
20230917:1511,201.24,96.42,24.43,13.59,3.24,0.0
20230917:1611,54.81,35.23,17.59,12.88,2.48,0.0
20230917:1711,44.88,30.59,9.94,12.2,2.21,0.0
20230917:1811,0.0,4.37,1.92,11.92,2.0,0.0
20230917:1911,0.0,0.0,0.0,11.87,2.07,0.0
20230917:2011,0.0,0.0,0.0,11.95,2.21,0.0
20230917:2111,0.0,0.0,0.0,12.04,2.14,0.0
20230917:2211,0.0,0.0,0.0,12.14,2.07,0.0
20230917:2311,0.0,0.0,0.0,12.2,2.07,0.0
20230918:0011,0.0,0.0,0.0,12.25,2.21,0.0
20230918:0111,0.0,0.0,0.0,12.18,2.07,0.0
20230918:0211,0.0,0.0,0.0,12.12,1.79,0.0
20230918:0311,0.0,0.0,0.0,11.96,1.66,0.0
20230918:0411,0.0,0.0,0.0,11.8,1.52,0.0
20230918:0511,0.0,0.0,0.0,11.78,1.31,0.0
20230918:0611,0.0,3.5,1.76,11.65,1.1,0.0
20230918:0711,5.97,10.2,9.77,11.67,0.34,0.0
20230918:0811,89.1,50.06,17.4,11.42,0.41,0.0
20230918:0911,71.88,42.65,24.21,11.61,1.59,0.0
20230918:1011,161.25,79.73,29.67,11.56,2.41,0.0
20230918:1111,172.92,84.37,33.25,11.56,2.97,0.0
20230918:1211,307.35,137.21,34.48,11.45,3.31,0.0
20230918:1311,470.55,200.58,33.18,11.81,3.79,0.0
20230918:1411,837.57,342.18,29.55,11.86,4.28,0.0
20230918:1511,342.3,150.36,24.04,11.46,4.28,0.0
20230918:1611,466.11,198.8,17.21,11.1,4.21,0.0
20230918:1711,247.47,121.86,9.56,10.19,3.79,0.0
20230918:1811,0.0,2.62,1.54,9.21,3.45,0.0
20230918:1911,0.0,0.0,0.0,8.85,3.38,0.0
20230918:2011,0.0,0.0,0.0,8.31,3.45,0.0
20230918:2111,0.0,0.0,0.0,8.13,3.45,0.0
20230918:2211,0.0,0.0,0.0,7.76,3.52,0.0
20230918:2311,0.0,0.0,0.0,7.65,3.79,0.0
20230919:0011,0.0,0.0,0.0,7.77,4.0,0.0
20230919:0111,0.0,0.0,0.0,7.87,4.34,0.0
20230919:0211,0.0,0.0,0.0,7.53,4.28,0.0
20230919:0311,0.0,0.0,0.0,7.38,4.07,0.0
20230919:0411,0.0,0.0,0.0,7.51,4.14,0.0
20230919:0511,0.0,0.0,0.0,7.44,4.21,0.0
20230919:0611,0.0,3.5,1.48,7.18,3.86,0.0
20230919:0711,350.52,168.7,9.49,7.76,3.86,0.0
20230919:0811,843.78,344.13,17.11,8.63,4.62,0.0
20230919:0911,220.26,101.98,23.89,9.27,5.03,0.0
20230919:1011,915.51,368.45,29.33,9.96,5.1,0.0
20230919:1111,1085.61,437.33,32.88,10.69,5.17,0.0
20230919:1211,1558.62,633.72,34.09,11.01,5.17,0.0
20230919:1311,294.15,131.65,32.78,11.31,5.1,0.0
20230919:1411,120.72,63.04,29.15,11.28,5.03,0.0
20230919:1511,87.36,49.14,23.65,11.07,4.07,0.0
20230919:1611,24.09,20.4,16.82,10.81,4.07,0.0
20230919:1711,18.84,17.62,9.18,10.1,3.45,0.0
20230919:1811,0.0,0.87,1.17,9.3,2.62,0.0
20230919:1911,0.0,0.0,0.0,9.19,1.66,0.0
20230919:2011,0.0,0.0,0.0,9.02,1.59,0.0
20230919:2111,0.0,0.0,0.0,8.92,2.07,0.0
20230919:2211,0.0,0.0,0.0,8.91,2.41,0.0
20230919:2311,0.0,0.0,0.0,8.8,2.28,0.0
20230920:0011,0.0,0.0,0.0,8.83,1.59,0.0
20230920:0111,0.0,0.0,0.0,9.03,0.62,0.0
20230920:0211,0.0,0.0,0.0,9.76,0.14,0.0
20230920:0311,0.0,0.0,0.0,10.27,0.21,0.0
20230920:0411,0.0,0.0,0.0,10.58,0.34,0.0
20230920:0511,0.0,0.0,0.0,10.62,0.76,0.0
20230920:0611,0.0,0.0,0.0,11.0,1.24,0.0
20230920:0711,159.09,82.3,9.21,11.59,1.1,0.0
20230920:0811,215.64,102.13,16.81,12.6,1.03,0.0
20230920:0911,591.87,251.11,23.58,13.68,1.24,0.0
20230920:1011,735.6,308.79,28.99,15.03,2.55,0.0
20230920:1111,760.47,318.19,32.51,15.58,3.93,0.0
20230920:1211,1584.93,664.66,33.7,15.63,4.34,0.0
20230920:1311,1468.89,608.63,32.39,15.59,5.24,0.0
20230920:1411,815.43,336.0,28.75,14.61,5.66,0.0
20230920:1511,967.17,394.3,23.26,13.67,5.79,0.0
20230920:1611,840.72,348.29,16.44,12.62,6.34,0.0
20230920:1711,37.32,26.89,8.8,11.03,6.83,0.0
20230920:1811,0.0,0.0,0.0,9.88,6.76,0.0
20230920:1911,0.0,0.0,0.0,9.68,7.86,0.0
20230920:2011,0.0,0.0,0.0,8.81,7.79,0.0
20230920:2111,0.0,0.0,0.0,8.28,7.17,0.0
20230920:2211,0.0,0.0,0.0,8.19,6.28,0.0
20230920:2311,0.0,0.0,0.0,8.39,5.66,0.0
20230921:0011,0.0,0.0,0.0,8.46,5.52,0.0
20230921:0111,0.0,0.0,0.0,8.58,5.52,0.0
20230921:0211,0.0,0.0,0.0,8.58,5.52,0.0
20230921:0311,0.0,0.0,0.0,8.38,5.52,0.0
20230921:0411,0.0,0.0,0.0,8.38,5.52,0.0
20230921:0511,0.0,0.0,0.0,8.43,5.59,0.0
20230921:0611,0.0,0.0,0.0,8.53,5.66,0.0
20230921:0711,62.34,38.01,8.93,9.07,6.07,0.0
20230921:0811,35.7,25.96,16.52,9.35,6.07,0.0
20230921:0911,805.65,324.56,23.26,9.81,5.86,0.0
20230921:1011,874.2,351.51,28.65,9.92,5.66,0.0
20230921:1111,447.51,189.56,32.14,9.96,5.24,0.0
20230921:1211,646.77,265.68,33.31,9.99,4.9,0.0
20230921:1311,478.95,201.91,31.99,10.09,4.55,0.0
20230921:1411,373.83,161.6,28.36,10.13,4.69,0.0
20230921:1511,353.43,153.73,22.87,10.35,4.76,0.0
20230921:1611,320.91,141.89,16.05,10.41,4.48,0.0
20230921:1711,43.44,29.67,8.42,10.09,4.62,0.0
20230921:1811,0.0,0.0,0.0,9.44,4.07,0.0
20230921:1911,0.0,0.0,0.0,9.51,3.66,0.0
20230921:2011,0.0,0.0,0.0,9.37,3.31,0.0
20230921:2111,0.0,0.0,0.0,9.12,3.03,0.0
20230921:2211,0.0,0.0,0.0,9.05,2.76,0.0
20230921:2311,0.0,0.0,0.0,9.01,2.62,0.0
20230922:0011,0.0,0.0,0.0,9.05,2.48,0.0
20230922:0111,0.0,0.0,0.0,8.95,2.48,0.0
20230922:0211,0.0,0.0,0.0,8.72,2.48,0.0
20230922:0311,0.0,0.0,0.0,8.51,2.69,0.0
20230922:0411,0.0,0.0,0.0,8.4,2.76,0.0
20230922:0511,0.0,0.0,0.0,8.38,2.76,0.0
20230922:0611,0.0,0.0,0.0,8.43,2.76,0.0
20230922:0711,68.07,40.81,8.64,8.89,2.28,0.0
20230922:0811,205.68,96.71,16.22,9.4,2.0,0.0
20230922:0911,121.11,63.04,22.95,10.11,2.14,0.0
20230922:1011,157.38,77.88,28.31,10.6,2.21,0.0
20230922:1111,159.42,78.8,31.78,10.98,2.48,0.0
20230922:1211,248.07,114.03,32.92,11.33,2.9,0.0
20230922:1311,683.7,282.78,31.59,11.27,3.17,0.0
20230922:1411,282.21,127.01,27.96,10.75,3.31,0.0
20230922:1511,308.49,136.74,22.47,10.26,3.45,0.0
20230922:1611,110.16,58.41,15.67,9.73,3.24,0.0
20230922:1711,67.89,40.82,8.04,9.24,2.97,0.0
20230922:1811,0.0,0.0,0.0,8.29,2.69,0.0
20230922:1911,0.0,0.0,0.0,8.32,2.34,0.0
20230922:2011,0.0,0.0,0.0,7.87,2.14,0.0
20230922:2111,0.0,0.0,0.0,7.67,2.21,0.0
20230922:2211,0.0,0.0,0.0,7.14,2.21,0.0
20230922:2311,0.0,0.0,0.0,6.89,2.14,0.0
20230923:0011,0.0,0.0,0.0,6.69,2.07,0.0
20230923:0111,0.0,0.0,0.0,6.46,1.86,0.0
20230923:0211,0.0,0.0,0.0,6.23,1.79,0.0
20230923:0311,0.0,0.0,0.0,5.94,1.72,0.0
20230923:0411,0.0,0.0,0.0,5.77,1.72,0.0
20230923:0511,0.0,0.0,0.0,5.59,1.79,0.0
20230923:0611,0.0,0.0,0.0,5.57,1.79,0.0
20230923:0711,270.15,131.86,8.36,5.82,1.45,0.0
20230923:0811,884.19,364.63,15.93,7.14,1.31,0.0
20230923:0911,1303.71,535.12,22.63,7.96,1.24,0.0
20230923:1011,1430.55,593.1,27.96,8.63,1.17,0.0
20230923:1111,1057.59,433.02,31.4,9.05,1.31,0.0
20230923:1211,1259.94,518.91,32.53,9.44,1.52,0.0
20230923:1311,1602.99,672.81,31.19,9.97,1.66,0.0
20230923:1411,925.02,379.01,27.56,10.23,1.72,0.0
20230923:1511,1177.95,484.87,22.08,10.48,1.79,0.0
20230923:1611,338.13,149.53,15.28,10.71,2.21,0.0
20230923:1711,39.3,27.81,7.66,10.46,1.79,0.0
20230923:1811,0.0,0.0,0.0,9.64,1.86,0.0
20230923:1911,0.0,0.0,0.0,9.02,2.14,0.0
20230923:2011,0.0,0.0,0.0,8.58,2.34,0.0
20230923:2111,0.0,0.0,0.0,8.5,2.55,0.0
20230923:2211,0.0,0.0,0.0,8.56,2.41,0.0
20230923:2311,0.0,0.0,0.0,8.84,2.55,0.0
20230924:0011,0.0,0.0,0.0,9.31,2.83,0.0
20230924:0111,0.0,0.0,0.0,9.68,3.17,0.0
20230924:0211,0.0,0.0,0.0,9.78,3.45,0.0
20230924:0311,0.0,0.0,0.0,9.88,3.66,0.0
20230924:0411,0.0,0.0,0.0,10.18,3.59,0.0
20230924:0511,0.0,0.0,0.0,10.5,3.17,0.0
20230924:0611,0.0,0.0,0.0,10.68,2.83,0.0
20230924:0711,39.27,27.81,8.07,10.7,2.34,0.0
20230924:0811,234.15,108.83,15.63,11.55,2.41,0.0
20230924:0911,99.63,54.7,22.31,12.71,2.48,0.0
20230924:1011,275.4,126.09,27.62,13.84,2.83,0.0
20230924:1111,345.78,154.02,31.03,14.62,3.93,0.0
20230924:1211,358.44,159.59,32.14,15.63,4.41,0.0
20230924:1311,158.13,79.73,30.79,15.91,4.21,0.0
20230924:1411,308.76,140.13,27.16,15.75,3.79,0.0
20230924:1511,109.38,59.33,21.69,15.14,3.24,0.0
20230924:1611,187.71,91.51,14.9,14.58,2.83,0.0
20230924:1711,5.85,10.2,7.28,13.96,2.21,0.0
20230924:1811,0.0,0.0,0.0,14.11,3.59,0.0
20230924:1911,0.0,0.0,0.0,14.63,6.07,0.0
20230924:2011,0.0,0.0,0.0,14.54,6.41,0.0
20230924:2111,0.0,0.0,0.0,14.59,6.48,0.0
20230924:2211,0.0,0.0,0.0,14.4,7.38,0.0
20230924:2311,0.0,0.0,0.0,12.62,6.62,0.0
20230925:0011,0.0,0.0,0.0,11.82,5.72,0.0
20230925:0111,0.0,0.0,0.0,11.56,6.0,0.0
20230925:0211,0.0,0.0,0.0,11.65,5.72,0.0
20230925:0311,0.0,0.0,0.0,11.4,5.66,0.0
20230925:0411,0.0,0.0,0.0,11.4,5.66,0.0
20230925:0511,0.0,0.0,0.0,11.37,5.79,0.0
20230925:0611,0.0,0.0,0.0,11.62,5.45,0.0
20230925:0711,168.0,87.79,7.79,11.66,5.38,0.0
20230925:0811,768.75,319.33,15.33,12.15,5.24,0.0
20230925:0911,296.61,133.32,21.99,12.84,4.76,0.0
20230925:1011,958.68,391.2,27.27,13.34,4.97,0.0
20230925:1111,305.16,137.21,30.66,13.76,5.86,0.0
20230925:1211,712.5,294.55,31.75,13.47,5.66,0.0
20230925:1311,1023.39,416.49,30.39,13.1,5.31,0.0
20230925:1411,593.76,247.89,26.76,13.36,5.79,0.0
20230925:1511,1218.54,495.82,21.3,13.39,5.66,0.0
20230925:1611,696.87,293.38,14.52,13.44,5.79,0.0
20230925:1711,159.15,86.86,6.9,13.24,5.03,0.0
20230925:1811,0.0,0.0,0.0,12.64,4.28,0.0
20230925:1911,0.0,0.0,0.0,12.27,3.86,0.0
20230925:2011,0.0,0.0,0.0,12.05,3.79,0.0
20230925:2111,0.0,0.0,0.0,12.05,4.0,0.0
20230925:2211,0.0,0.0,0.0,12.52,4.28,0.0
20230925:2311,0.0,0.0,0.0,12.83,4.41,0.0
20230926:0011,0.0,0.0,0.0,12.56,4.34,0.0
20230926:0111,0.0,0.0,0.0,12.32,4.34,0.0
20230926:0211,0.0,0.0,0.0,12.08,4.48,0.0
20230926:0311,0.0,0.0,0.0,12.02,4.62,0.0
20230926:0411,0.0,0.0,0.0,11.96,4.62,0.0
20230926:0511,0.0,0.0,0.0,11.86,4.55,0.0
20230926:0611,0.0,0.0,0.0,11.78,4.48,0.0
20230926:0711,54.99,35.51,7.5,12.11,4.48,0.0
20230926:0811,65.34,39.87,15.03,12.49,4.28,0.0
20230926:0911,231.0,107.72,21.67,12.83,4.62,0.0
20230926:1011,317.25,142.02,26.92,13.39,3.93,0.0
20230926:1111,381.36,167.24,30.29,13.82,4.48,0.0
20230926:1211,107.94,58.41,31.36,13.88,3.86,0.0
20230926:1311,279.27,127.01,29.99,13.12,3.93,0.0
20230926:1411,122.04,63.97,26.36,12.79,4.9,0.0
20230926:1511,643.14,266.61,20.91,12.56,4.48,0.0
20230926:1611,518.37,222.23,14.13,12.65,3.86,0.0
20230926:1711,220.77,119.05,6.53,12.07,3.59,0.0
20230926:1811,0.0,0.0,0.0,11.39,3.66,0.0
20230926:1911,0.0,0.0,0.0,10.92,3.66,0.0
20230926:2011,0.0,0.0,0.0,10.56,3.45,0.0
20230926:2111,0.0,0.0,0.0,10.23,3.38,0.0
20230926:2211,0.0,0.0,0.0,9.88,3.1,0.0
20230926:2311,0.0,0.0,0.0,9.72,2.9,0.0
20230927:0011,0.0,0.0,0.0,9.5,2.97,0.0
20230927:0111,0.0,0.0,0.0,9.28,2.97,0.0
20230927:0211,0.0,0.0,0.0,9.06,2.9,0.0
20230927:0311,0.0,0.0,0.0,8.77,2.83,0.0
20230927:0411,0.0,0.0,0.0,8.68,2.76,0.0
20230927:0511,0.0,0.0,0.0,8.54,2.62,0.0
20230927:0611,0.0,0.0,0.0,8.33,2.34,0.0
20230927:0711,258.93,130.36,7.22,8.26,2.0,0.0
20230927:0811,389.64,168.71,14.73,9.08,1.59,0.0
20230927:0911,208.62,98.27,21.35,10.36,1.66,0.0
20230927:1011,341.73,150.82,26.58,11.55,2.21,0.0
20230927:1111,424.77,183.74,29.92,12.35,2.41,0.0
20230927:1211,283.59,128.87,30.97,13.0,2.83,0.0
20230927:1311,167.07,82.51,29.59,13.08,3.17,0.0
20230927:1411,115.29,61.19,25.97,12.5,3.03,0.0
20230927:1511,104.7,56.55,20.52,11.6,3.38,0.0
20230927:1611,80.97,46.36,13.75,10.73,3.93,0.0
20230927:1711,10.5,12.98,6.15,10.58,4.34,0.0
20230927:1811,0.0,0.0,0.0,10.75,4.21,0.0
20230927:1911,0.0,0.0,0.0,10.85,4.07,0.0
20230927:2011,0.0,0.0,0.0,11.38,3.52,0.0
20230927:2111,0.0,0.0,0.0,12.05,3.03,0.0
20230927:2211,0.0,0.0,0.0,12.48,2.55,0.0
20230927:2311,0.0,0.0,0.0,12.86,2.34,0.0
20230928:0011,0.0,0.0,0.0,13.1,2.07,0.0
20230928:0111,0.0,0.0,0.0,12.82,1.45,0.0
20230928:0211,0.0,0.0,0.0,12.6,1.59,0.0
20230928:0311,0.0,0.0,0.0,12.76,3.17,0.0
20230928:0411,0.0,0.0,0.0,12.87,4.55,0.0
20230928:0511,0.0,0.0,0.0,12.85,5.1,0.0
20230928:0611,0.0,0.0,0.0,12.55,6.0,0.0
20230928:0711,217.38,113.12,6.93,12.75,5.66,0.0
20230928:0811,463.17,198.41,14.43,12.42,6.07,0.0
20230928:0911,814.65,331.63,21.02,12.44,5.86,0.0
20230928:1011,1013.79,411.42,26.23,13.05,5.52,0.0
20230928:1111,1148.31,466.09,29.55,13.71,6.21,0.0
20230928:1211,349.89,155.03,30.58,14.49,6.28,0.0
20230928:1311,652.62,272.65,29.19,14.63,5.24,0.0
20230928:1411,843.45,347.37,25.57,14.52,4.76,0.0
20230928:1511,438.51,189.25,20.12,14.44,4.48,0.0
20230928:1611,119.46,63.32,13.36,14.18,4.28,0.0
20230928:1711,48.84,33.53,5.77,13.63,4.21,0.0
20230928:1811,0.0,0.0,0.0,12.93,4.0,0.0
20230928:1911,0.0,0.0,0.0,12.37,4.0,0.0
20230928:2011,0.0,0.0,0.0,12.08,4.21,0.0
20230928:2111,0.0,0.0,0.0,11.73,4.21,0.0
20230928:2211,0.0,0.0,0.0,11.56,4.07,0.0
20230928:2311,0.0,0.0,0.0,11.07,4.34,0.0
20230929:0011,0.0,0.0,0.0,10.53,4.62,0.0
20230929:0111,0.0,0.0,0.0,10.41,5.03,0.0
20230929:0211,0.0,0.0,0.0,10.4,5.24,0.0
20230929:0311,0.0,0.0,0.0,10.08,5.45,0.0
20230929:0411,0.0,0.0,0.0,9.99,5.79,0.0
20230929:0511,0.0,0.0,0.0,10.02,6.07,0.0
20230929:0611,0.0,0.0,0.0,10.19,6.28,0.0
20230929:0711,189.51,99.24,6.64,10.8,6.76,0.0
20230929:0811,625.74,260.41,14.12,11.17,6.97,0.0
20230929:0911,989.13,398.42,20.7,11.67,6.14,0.0
20230929:1011,1307.1,525.11,25.88,12.01,6.62,0.0
20230929:1111,1689.33,684.34,29.17,12.31,7.1,0.0
20230929:1211,1871.55,762.88,30.19,12.69,7.52,0.0
20230929:1311,1720.29,704.71,28.79,12.69,5.86,0.0
20230929:1411,990.39,399.08,25.17,12.78,7.31,0.0
20230929:1511,821.22,333.07,19.73,12.21,7.03,0.0
20230929:1611,534.54,227.35,12.98,11.7,6.0,0.0
20230929:1711,46.98,32.46,5.39,11.29,6.55,0.0
20230929:1811,0.0,0.0,0.0,10.73,5.72,0.0
20230929:1911,0.0,0.0,0.0,10.5,5.17,0.0
20230929:2011,0.0,0.0,0.0,10.16,4.69,0.0
20230929:2111,0.0,0.0,0.0,9.93,4.28,0.0
20230929:2211,0.0,0.0,0.0,9.63,3.93,0.0
20230929:2311,0.0,0.0,0.0,9.53,3.66,0.0
20230930:0011,0.0,0.0,0.0,9.47,3.31,0.0
20230930:0111,0.0,0.0,0.0,9.15,3.03,0.0
20230930:0211,0.0,0.0,0.0,9.23,2.83,0.0
20230930:0311,0.0,0.0,0.0,9.22,2.55,0.0
20230930:0411,0.0,0.0,0.0,9.12,2.21,0.0
20230930:0511,0.0,0.0,0.0,9.13,1.93,0.0
20230930:0611,0.0,0.0,0.0,9.1,1.93,0.0
20230930:0711,66.18,40.97,6.35,9.41,1.79,0.0
20230930:0811,216.42,101.25,13.82,9.82,1.72,0.0
20230930:0911,390.96,168.68,20.38,10.43,2.28,0.0
20230930:1011,542.01,227.76,25.53,11.07,2.14,0.0
20230930:1111,429.63,185.3,28.8,11.7,1.93,0.0
20230930:1211,440.22,189.9,29.8,12.32,2.07,0.0
20230930:1311,363.06,159.99,28.4,12.81,2.48,0.0
20230930:1411,141.87,72.31,24.78,13.06,2.48,0.0
20230930:1511,228.75,107.23,19.35,12.89,1.72,0.0
20230930:1611,48.75,32.45,12.6,12.65,1.86,0.0
20230930:1711,2.07,7.42,5.02,12.03,1.79,0.0
20230930:1811,0.0,0.0,0.0,11.13,2.0,0.0
20230930:1911,0.0,0.0,0.0,11.22,2.14,0.0
20230930:2011,0.0,0.0,0.0,10.88,2.28,0.0
20230930:2111,0.0,0.0,0.0,10.43,2.21,0.0
20230930:2211,0.0,0.0,0.0,10.31,2.48,0.0
20230930:2311,0.0,0.0,0.0,10.44,2.69,0.0
20231001:0011,0.0,0.0,0.0,10.57,2.83,0.0
20231001:0111,0.0,0.0,0.0,10.78,2.76,0.0
20231001:0211,0.0,0.0,0.0,11.02,2.69,0.0
20231001:0311,0.0,0.0,0.0,11.25,2.55,0.0
20231001:0411,0.0,0.0,0.0,11.55,2.9,0.0
20231001:0511,0.0,0.0,0.0,11.9,3.1,0.0
20231001:0611,0.0,0.0,0.0,12.07,2.9,0.0
20231001:0711,31.23,24.1,6.06,12.42,2.69,0.0
20231001:0811,15.12,15.76,13.52,12.88,3.03,0.0
20231001:0911,717.51,297.49,20.05,13.37,3.38,0.0
20231001:1011,301.59,135.93,25.18,13.68,4.14,0.0
20231001:1111,1521.18,627.98,28.43,13.51,4.34,0.0
20231001:1211,1672.14,696.32,29.41,13.82,4.34,0.0
20231001:1311,1686.0,701.6,28.0,14.04,4.55,0.0
20231001:1411,1409.49,577.7,24.38,14.01,5.03,0.0
20231001:1511,1100.49,450.45,18.96,13.66,4.69,0.0
20231001:1611,573.48,246.66,12.22,13.17,3.52,0.0
20231001:1711,62.94,42.46,4.65,12.55,3.45,0.0
20231001:1811,0.0,0.0,0.0,11.68,3.17,0.0
20231001:1911,0.0,0.0,0.0,11.38,3.03,0.0
20231001:2011,0.0,0.0,0.0,10.87,3.03,0.0
20231001:2111,0.0,0.0,0.0,10.63,3.03,0.0
20231001:2211,0.0,0.0,0.0,10.21,2.97,0.0
20231001:2311,0.0,0.0,0.0,10.05,2.97,0.0
20231002:0011,0.0,0.0,0.0,9.95,3.1,0.0
20231002:0111,0.0,0.0,0.0,10.04,3.31,0.0
20231002:0211,0.0,0.0,0.0,9.95,3.52,0.0
20231002:0311,0.0,0.0,0.0,9.93,3.66,0.0
20231002:0411,0.0,0.0,0.0,9.82,3.86,0.0
20231002:0511,0.0,0.0,0.0,9.73,4.07,0.0
20231002:0611,0.0,0.0,0.0,9.52,4.14,0.0
20231002:0711,219.78,114.87,5.77,9.56,4.21,0.0
20231002:0811,688.41,285.93,13.21,10.17,4.48,0.0
20231002:0911,1026.84,412.33,19.73,10.78,5.66,0.0
20231002:1011,1537.44,618.96,24.83,11.35,6.34,0.0
20231002:1111,693.66,284.0,28.06,11.87,6.55,0.0
20231002:1211,973.65,392.92,29.02,12.2,6.55,0.0
20231002:1311,1214.64,489.24,27.6,12.08,6.07,0.0
20231002:1411,302.31,135.08,23.99,12.18,5.66,0.0
20231002:1511,219.48,102.72,18.57,11.92,4.83,0.0
20231002:1611,510.27,219.07,11.84,11.58,4.55,0.0
20231002:1711,10.44,12.98,4.27,11.17,4.34,0.0
20231002:1811,0.0,0.0,0.0,10.52,3.79,0.0
20231002:1911,0.0,0.0,0.0,10.15,3.93,0.0
20231002:2011,0.0,0.0,0.0,9.74,3.72,0.0
20231002:2111,0.0,0.0,0.0,9.77,3.93,0.0
20231002:2211,0.0,0.0,0.0,9.61,4.0,0.0
20231002:2311,0.0,0.0,0.0,9.54,4.07,0.0
20231003:0011,0.0,0.0,0.0,9.4,4.21,0.0
20231003:0111,0.0,0.0,0.0,9.43,4.28,0.0
20231003:0211,0.0,0.0,0.0,9.3,4.41,0.0
20231003:0311,0.0,0.0,0.0,9.5,4.69,0.0
20231003:0411,0.0,0.0,0.0,9.6,4.76,0.0
20231003:0511,0.0,0.0,0.0,9.49,4.41,0.0
20231003:0611,0.0,0.0,0.0,9.12,4.0,0.0
20231003:0711,149.79,83.02,5.48,9.52,4.07,0.0
20231003:0811,835.47,345.4,12.91,9.77,3.93,0.0
20231003:0911,446.88,189.0,19.4,10.19,4.07,0.0
20231003:1011,1137.15,456.17,24.49,10.33,4.9,0.0
20231003:1111,1205.37,484.96,27.68,10.76,4.97,0.0
20231003:1211,1281.36,516.58,28.63,10.98,5.03,0.0
20231003:1311,659.55,270.59,27.21,10.99,5.31,0.0
20231003:1411,478.59,201.39,23.59,11.01,5.52,0.0
20231003:1511,569.37,235.66,18.18,10.82,5.38,0.0
20231003:1611,242.52,112.0,11.47,10.55,5.38,0.0
20231003:1711,56.31,39.94,3.9,10.13,4.34,0.0
20231003:1811,0.0,0.0,0.0,9.48,3.93,0.0
20231003:1911,0.0,0.0,0.0,9.41,3.72,0.0
20231003:2011,0.0,0.0,0.0,9.23,3.93,0.0
20231003:2111,0.0,0.0,0.0,9.15,3.59,0.0
20231003:2211,0.0,0.0,0.0,9.01,3.38,0.0
20231003:2311,0.0,0.0,0.0,9.13,3.45,0.0
20231004:0011,0.0,0.0,0.0,9.2,3.66,0.0
20231004:0111,0.0,0.0,0.0,9.26,3.79,0.0
20231004:0211,0.0,0.0,0.0,9.42,3.93,0.0
20231004:0311,0.0,0.0,0.0,9.62,4.07,0.0
20231004:0411,0.0,0.0,0.0,9.79,4.34,0.0
20231004:0511,0.0,0.0,0.0,9.9,4.14,0.0
20231004:0611,0.0,0.0,0.0,10.07,3.66,0.0
20231004:0711,3.33,8.34,5.19,10.33,3.86,0.0
20231004:0811,31.59,24.1,12.6,10.56,3.86,0.0
20231004:0911,51.39,33.38,19.08,10.62,4.0,0.0
20231004:1011,139.41,70.46,24.14,10.38,3.86,0.0
20231004:1111,376.5,162.74,27.31,10.11,3.86,0.0
20231004:1211,906.39,365.76,28.24,10.46,4.76,0.0
20231004:1311,526.95,220.36,26.81,10.82,4.48,0.0
20231004:1411,1217.31,491.26,23.2,11.11,4.55,0.0
20231004:1511,397.74,170.99,17.8,11.18,4.34,0.0
20231004:1611,277.8,126.53,11.09,10.69,3.52,0.0
20231004:1711,12.12,13.91,3.53,10.06,3.24,0.0
20231004:1811,0.0,0.0,0.0,9.31,2.9,0.0
20231004:1911,0.0,0.0,0.0,9.07,3.17,0.0
20231004:2011,0.0,0.0,0.0,8.86,2.97,0.0
20231004:2111,0.0,0.0,0.0,8.35,2.83,0.0
20231004:2211,0.0,0.0,0.0,8.12,2.62,0.0
20231004:2311,0.0,0.0,0.0,8.09,2.62,0.0
20231005:0011,0.0,0.0,0.0,8.08,2.62,0.0
20231005:0111,0.0,0.0,0.0,8.13,2.48,0.0
20231005:0211,0.0,0.0,0.0,8.17,2.41,0.0
20231005:0311,0.0,0.0,0.0,8.06,2.41,0.0
20231005:0411,0.0,0.0,0.0,8.06,2.28,0.0
20231005:0511,0.0,0.0,0.0,8.1,2.0,0.0
20231005:0611,0.0,0.0,0.0,8.17,1.79,0.0
20231005:0711,35.22,26.12,4.9,7.58,1.79,0.0
20231005:0811,112.2,58.98,12.3,8.11,1.31,0.0
20231005:0911,172.11,83.44,18.75,9.24,1.17,0.0
20231005:1011,137.01,69.53,23.79,9.9,1.24,0.0
20231005:1111,89.52,50.06,26.94,10.66,1.24,0.0
20231005:1211,212.55,100.13,27.86,10.93,1.24,0.0
20231005:1311,131.67,67.68,26.42,11.24,1.86,0.0
20231005:1411,74.16,43.57,22.81,11.4,2.41,0.0
20231005:1511,643.32,266.68,17.42,11.59,3.03,0.0
20231005:1611,118.77,62.58,10.71,11.84,3.52,0.0
20231005:1711,14.7,16.4,3.16,12.01,3.72,0.0
20231005:1811,0.0,0.0,0.0,12.27,3.66,0.0
20231005:1911,0.0,0.0,0.0,13.43,4.28,0.0
20231005:2011,0.0,0.0,0.0,13.73,4.76,0.0
20231005:2111,0.0,0.0,0.0,13.46,5.17,0.0
20231005:2211,0.0,0.0,0.0,13.05,5.45,0.0
20231005:2311,0.0,0.0,0.0,12.79,5.72,0.0
20231006:0011,0.0,0.0,0.0,12.56,6.07,0.0
20231006:0111,0.0,0.0,0.0,12.43,6.41,0.0
20231006:0211,0.0,0.0,0.0,12.28,6.69,0.0
20231006:0311,0.0,0.0,0.0,12.11,6.9,0.0
20231006:0411,0.0,0.0,0.0,11.98,6.97,0.0
20231006:0511,0.0,0.0,0.0,11.92,6.76,0.0
20231006:0611,0.0,0.0,0.0,11.83,6.55,0.0
20231006:0711,134.55,78.18,4.61,12.0,6.48,0.0
20231006:0811,796.17,330.42,11.99,11.96,6.62,0.0
20231006:0911,727.23,296.9,18.42,12.21,6.21,0.0
20231006:1011,1067.1,429.43,23.44,12.54,6.55,0.0
20231006:1111,1062.0,428.24,26.57,12.65,6.41,0.0
20231006:1211,335.01,148.15,27.47,13.07,6.62,0.0
20231006:1311,213.96,101.05,26.03,13.02,5.17,0.0
20231006:1411,216.3,101.98,22.42,12.69,3.86,0.0
20231006:1511,297.81,133.73,17.04,12.42,2.76,0.0
20231006:1611,25.74,21.32,10.34,11.92,2.0,0.0
20231006:1711,2.07,7.42,2.8,11.23,2.07,0.0
20231006:1811,0.0,0.0,0.0,10.49,2.28,0.0
20231006:1911,0.0,0.0,0.0,9.9,2.55,0.0
20231006:2011,0.0,0.0,0.0,9.14,2.14,0.0
20231006:2111,0.0,0.0,0.0,8.83,2.0,0.0
20231006:2211,0.0,0.0,0.0,8.57,2.14,0.0
20231006:2311,0.0,0.0,0.0,8.42,2.34,0.0
20231007:0011,0.0,0.0,0.0,8.33,2.41,0.0
20231007:0111,0.0,0.0,0.0,8.26,2.62,0.0
20231007:0211,0.0,0.0,0.0,8.17,2.9,0.0
20231007:0311,0.0,0.0,0.0,7.99,2.97,0.0
20231007:0411,0.0,0.0,0.0,7.79,3.17,0.0
20231007:0511,0.0,0.0,0.0,7.56,3.59,0.0
20231007:0611,0.0,0.0,0.0,7.19,3.72,0.0
20231007:0711,10.71,12.98,4.31,7.67,3.93,0.0
20231007:0811,91.29,50.06,11.69,7.26,3.86,0.0
20231007:0911,34.2,25.03,18.1,6.83,3.86,0.0
20231007:1011,44.31,29.67,23.09,6.3,3.93,0.0
20231007:1111,331.17,142.65,26.2,5.61,3.79,0.0
20231007:1211,124.47,63.04,27.09,4.89,3.59,0.0
20231007:1311,145.83,71.39,25.64,4.45,3.24,0.0
20231007:1411,106.2,55.63,22.03,4.44,2.9,0.0
20231007:1511,94.68,50.99,16.66,4.64,2.62,0.0
20231007:1611,61.44,37.08,9.97,4.89,2.48,0.0
20231007:1711,0.0,4.37,2.43,4.99,2.07,0.0
20231007:1811,0.0,0.0,0.0,5.09,1.86,0.0
20231007:1911,0.0,0.0,0.0,6.26,2.55,0.0
20231007:2011,0.0,0.0,0.0,6.32,2.9,0.0
20231007:2111,0.0,0.0,0.0,6.21,2.83,0.0
20231007:2211,0.0,0.0,0.0,6.14,2.55,0.0
20231007:2311,0.0,0.0,0.0,6.08,2.55,0.0
20231008:0011,0.0,0.0,0.0,6.01,2.34,0.0
20231008:0111,0.0,0.0,0.0,6.11,2.21,0.0
20231008:0211,0.0,0.0,0.0,6.16,2.28,0.0
20231008:0311,0.0,0.0,0.0,6.29,2.28,0.0
20231008:0411,0.0,0.0,0.0,6.43,2.34,0.0
20231008:0511,0.0,0.0,0.0,6.63,2.28,0.0
20231008:0611,0.0,0.0,0.0,6.84,1.86,0.0
20231008:0711,1.02,6.49,4.02,7.61,1.59,0.0
20231008:0811,33.96,25.03,11.38,8.0,2.34,0.0
20231008:0911,30.0,23.18,17.77,8.55,2.55,0.0
20231008:1011,101.43,54.7,22.74,9.08,2.0,0.0
20231008:1111,137.25,69.53,25.83,9.7,1.72,0.0
20231008:1211,187.62,89.93,26.7,10.36,1.72,0.0
20231008:1311,59.55,37.08,25.25,10.66,1.52,0.0
20231008:1411,136.38,69.53,21.65,10.87,1.38,0.0
20231008:1511,22.23,19.47,16.28,11.07,1.66,0.0
20231008:1611,5.97,10.2,9.6,11.29,2.28,0.0
20231008:1711,0.0,5.25,2.07,11.52,2.76,0.0
20231008:1811,0.0,0.0,0.0,11.84,2.9,0.0
20231008:1911,0.0,0.0,0.0,11.6,2.14,0.0
20231008:2011,0.0,0.0,0.0,11.77,2.14,0.0
20231008:2111,0.0,0.0,0.0,11.95,2.0,0.0
20231008:2211,0.0,0.0,0.0,12.04,1.86,0.0
20231008:2311,0.0,0.0,0.0,12.1,1.79,0.0
20231009:0011,0.0,0.0,0.0,12.04,1.66,0.0
20231009:0111,0.0,0.0,0.0,11.97,1.59,0.0
20231009:0211,0.0,0.0,0.0,11.94,1.66,0.0
20231009:0311,0.0,0.0,0.0,11.8,1.79,0.0
20231009:0411,0.0,0.0,0.0,11.49,1.93,0.0
20231009:0511,0.0,0.0,0.0,11.06,1.93,0.0
20231009:0611,0.0,0.0,0.0,10.56,1.72,0.0
20231009:0711,70.26,46.62,3.73,10.62,1.24,0.0
20231009:0811,301.77,135.94,11.07,10.65,1.17,0.0
20231009:0911,713.79,294.62,17.45,10.77,1.66,0.0
20231009:1011,743.94,306.01,22.39,11.06,2.07,0.0
20231009:1111,1414.47,584.13,25.46,11.39,2.48,0.0
20231009:1211,874.26,357.94,26.32,11.64,2.76,0.0
20231009:1311,390.48,169.51,24.86,11.94,3.03,0.0
20231009:1411,1558.8,648.04,21.27,12.23,2.9,0.0
20231009:1511,1052.52,433.01,15.9,12.35,2.9,0.0
20231009:1611,122.19,64.39,9.24,12.3,2.83,0.0
20231009:1711,0.0,2.62,1.71,11.76,2.07,0.0
20231009:1811,0.0,0.0,0.0,11.29,2.21,0.0
20231009:1911,0.0,0.0,0.0,11.58,2.41,0.0
20231009:2011,0.0,0.0,0.0,11.69,2.21,0.0
20231009:2111,0.0,0.0,0.0,11.97,2.41,0.0
20231009:2211,0.0,0.0,0.0,12.73,3.03,0.0
20231009:2311,0.0,0.0,0.0,13.24,3.52,0.0
20231010:0011,0.0,0.0,0.0,13.58,3.72,0.0
20231010:0111,0.0,0.0,0.0,13.79,3.93,0.0
20231010:0211,0.0,0.0,0.0,13.8,4.28,0.0
20231010:0311,0.0,0.0,0.0,13.6,4.76,0.0
20231010:0411,0.0,0.0,0.0,13.31,5.1,0.0
20231010:0511,0.0,0.0,0.0,12.99,5.31,0.0
20231010:0611,0.0,0.0,0.0,12.75,5.1,0.0
20231010:0711,66.27,45.64,3.44,13.2,5.31,0.0
20231010:0811,444.0,192.96,10.77,13.72,6.21,0.0
20231010:0911,58.71,37.08,17.12,13.93,6.62,0.0
20231010:1011,166.65,82.51,22.04,14.26,6.76,0.0
20231010:1111,719.52,296.59,25.09,14.58,6.83,0.0
20231010:1211,823.47,337.73,25.94,14.89,6.62,0.0
20231010:1311,274.08,125.63,24.48,15.21,6.48,0.0
20231010:1411,83.49,48.21,20.88,15.19,6.14,0.0
20231010:1511,160.74,80.39,15.53,15.05,5.59,0.0
20231010:1611,236.07,112.2,8.87,14.14,5.24,0.0
20231010:1711,0.0,0.87,1.35,12.78,4.9,0.0
20231010:1811,0.0,0.0,0.0,11.54,4.83,0.0
20231010:1911,0.0,0.0,0.0,10.7,4.55,0.0
20231010:2011,0.0,0.0,0.0,9.83,4.69,0.0
20231010:2111,0.0,0.0,0.0,8.78,4.83,0.0
20231010:2211,0.0,0.0,0.0,8.06,4.69,0.0
20231010:2311,0.0,0.0,0.0,7.67,4.76,0.0
20231011:0011,0.0,0.0,0.0,7.46,4.76,0.0
20231011:0111,0.0,0.0,0.0,7.33,4.97,0.0
20231011:0211,0.0,0.0,0.0,7.02,5.24,0.0
20231011:0311,0.0,0.0,0.0,6.56,5.31,0.0
20231011:0411,0.0,0.0,0.0,6.22,5.38,0.0
20231011:0511,0.0,0.0,0.0,6.05,5.59,0.0
20231011:0611,0.0,0.0,0.0,6.03,5.52,0.0
20231011:0711,2.22,7.42,3.15,6.06,5.24,0.0
20231011:0811,615.39,253.19,10.46,6.31,5.45,0.0
20231011:0911,843.09,333.85,16.79,6.93,6.07,0.0
20231011:1011,1490.97,585.3,21.69,7.39,7.1,0.0
20231011:1111,1599.3,631.63,24.73,8.15,7.24,0.0
20231011:1211,1970.88,790.8,25.56,8.5,7.03,0.0
20231011:1311,714.87,287.1,24.09,9.3,8.34,0.0
20231011:1411,494.28,204.93,20.5,9.4,7.38,0.0
20231011:1511,94.89,51.92,15.16,9.38,6.69,0.0
20231011:1611,299.79,135.49,8.51,9.12,5.03,0.0
20231011:1711,0.0,0.0,0.0,8.59,4.14,0.0
20231011:1811,0.0,0.0,0.0,8.04,3.66,0.0
20231011:1911,0.0,0.0,0.0,8.05,3.52,0.0
20231011:2011,0.0,0.0,0.0,7.67,3.1,0.0
20231011:2111,0.0,0.0,0.0,7.3,2.9,0.0
20231011:2211,0.0,0.0,0.0,6.75,2.55,0.0
20231011:2311,0.0,0.0,0.0,6.28,2.34,0.0
20231012:0011,0.0,0.0,0.0,5.85,2.28,0.0
20231012:0111,0.0,0.0,0.0,5.33,1.86,0.0
20231012:0211,0.0,0.0,0.0,4.86,1.79,0.0
20231012:0311,0.0,0.0,0.0,4.53,2.0,0.0
20231012:0411,0.0,0.0,0.0,4.44,2.14,0.0
20231012:0511,0.0,0.0,0.0,4.43,2.14,0.0
20231012:0611,0.0,0.0,0.0,4.47,2.21,0.0
20231012:0711,34.92,28.01,2.85,5.29,2.41,0.0
20231012:0811,291.87,129.33,10.15,6.23,2.76,0.0
20231012:0911,846.78,339.94,16.47,7.35,2.9,0.0
20231012:1011,903.84,361.7,21.35,8.63,4.07,0.0
20231012:1111,1089.12,435.82,24.36,9.24,4.28,0.0
20231012:1211,658.92,269.21,25.18,9.63,4.21,0.0
20231012:1311,299.19,132.74,23.71,9.75,4.14,0.0
20231012:1411,230.76,106.29,20.13,9.89,4.69,0.0
20231012:1511,295.62,130.92,14.79,9.69,4.62,0.0
20231012:1611,9.03,12.05,8.15,9.27,4.62,0.0
20231012:1711,0.0,0.0,0.0,8.69,4.55,0.0
20231012:1811,0.0,0.0,0.0,8.24,4.55,0.0
20231012:1911,0.0,0.0,0.0,7.93,4.69,0.0
20231012:2011,0.0,0.0,0.0,7.86,4.76,0.0
20231012:2111,0.0,0.0,0.0,7.85,4.9,0.0
20231012:2211,0.0,0.0,0.0,7.9,5.03,0.0
20231012:2311,0.0,0.0,0.0,8.0,5.1,0.0
20231013:0011,0.0,0.0,0.0,8.07,5.17,0.0
20231013:0111,0.0,0.0,0.0,8.39,5.24,0.0
20231013:0211,0.0,0.0,0.0,8.62,4.83,0.0
20231013:0311,0.0,0.0,0.0,8.55,4.14,0.0
20231013:0411,0.0,0.0,0.0,8.17,4.0,0.0
20231013:0511,0.0,0.0,0.0,7.6,4.14,0.0
20231013:0611,0.0,0.0,0.0,7.07,4.28,0.0
20231013:0711,8.07,11.37,2.56,6.62,4.34,0.0
20231013:0811,377.82,162.34,9.85,6.62,4.83,0.0
20231013:0911,1172.16,463.69,16.14,7.01,4.97,0.0
20231013:1011,1713.96,680.41,21.0,7.43,6.21,0.0
20231013:1111,367.56,156.9,23.99,7.63,6.48,0.0
20231013:1211,1037.28,409.2,24.8,8.03,6.48,0.0
20231013:1311,1246.65,491.01,23.33,7.98,6.34,0.0
20231013:1411,686.55,275.31,19.75,8.08,6.9,0.0
20231013:1511,1084.17,429.77,14.42,8.11,6.62,0.0
20231013:1611,13.95,14.83,7.79,7.65,5.79,0.0
20231013:1711,0.0,0.0,0.0,6.99,6.0,0.0
20231013:1811,0.0,0.0,0.0,6.36,5.72,0.0
20231013:1911,0.0,0.0,0.0,5.97,5.52,0.0
20231013:2011,0.0,0.0,0.0,5.74,5.24,0.0
20231013:2111,0.0,0.0,0.0,5.47,4.97,0.0
20231013:2211,0.0,0.0,0.0,5.13,4.9,0.0
20231013:2311,0.0,0.0,0.0,4.92,5.03,0.0
20231014:0011,0.0,0.0,0.0,4.53,4.76,0.0
20231014:0111,0.0,0.0,0.0,4.22,4.55,0.0
20231014:0211,0.0,0.0,0.0,4.11,4.69,0.0
20231014:0311,0.0,0.0,0.0,3.95,4.83,0.0
20231014:0411,0.0,0.0,0.0,3.63,4.9,0.0
20231014:0511,0.0,0.0,0.0,3.52,4.83,0.0
20231014:0611,0.0,0.0,0.0,3.38,4.69,0.0
20231014:0711,0.66,6.12,2.27,3.57,4.21,0.0
20231014:0811,312.03,135.56,9.54,3.76,4.21,0.0
20231014:0911,345.18,146.09,15.82,4.09,5.24,0.0
20231014:1011,348.63,147.72,20.66,4.39,5.66,0.0
20231014:1111,511.59,208.22,23.63,4.69,5.31,0.0
20231014:1211,1518.66,596.51,24.43,5.12,5.24,0.0
20231014:1311,133.77,66.75,22.95,5.18,4.9,0.0
20231014:1411,1569.03,618.87,19.38,4.61,4.48,0.0
20231014:1511,245.97,109.6,14.06,4.57,4.48,0.0
20231014:1611,64.95,38.58,7.44,3.91,4.07,0.0
20231014:1711,0.0,0.0,0.0,3.23,3.93,0.0
20231014:1811,0.0,0.0,0.0,2.48,3.24,0.0
20231014:1911,0.0,0.0,0.0,2.43,3.38,0.0
20231014:2011,0.0,0.0,0.0,2.01,3.1,0.0
20231014:2111,0.0,0.0,0.0,1.84,3.03,0.0
20231014:2211,0.0,0.0,0.0,1.65,2.9,0.0
20231014:2311,0.0,0.0,0.0,1.62,2.83,0.0
20231015:0011,0.0,0.0,0.0,1.76,2.83,0.0
20231015:0111,0.0,0.0,0.0,2.12,2.69,0.0
20231015:0211,0.0,0.0,0.0,2.21,2.62,0.0
20231015:0311,0.0,0.0,0.0,2.6,2.83,0.0
20231015:0411,0.0,0.0,0.0,3.01,2.83,0.0
20231015:0511,0.0,0.0,0.0,3.32,2.76,0.0
20231015:0611,0.0,0.0,0.0,3.74,2.62,0.0
20231015:0711,0.0,2.62,1.98,4.15,2.69,0.0
20231015:0811,130.53,65.69,9.23,4.9,3.03,0.0
20231015:0911,69.87,40.79,15.49,5.61,3.52,0.0
20231015:1011,323.55,139.74,20.31,6.13,3.93,0.0
20231015:1111,277.95,122.98,23.27,6.63,4.28,0.0
20231015:1211,393.12,166.81,24.05,7.12,3.59,0.0
20231015:1311,487.53,202.19,22.58,7.44,3.72,0.0
20231015:1411,413.7,174.43,19.01,7.48,3.31,0.0
20231015:1511,169.8,81.63,13.7,7.4,3.24,0.0
20231015:1611,66.39,39.68,7.09,6.95,2.69,0.0
20231015:1711,0.0,0.0,0.0,6.51,2.34,0.0
20231015:1811,0.0,0.0,0.0,6.09,2.21,0.0
20231015:1911,0.0,0.0,0.0,5.96,2.41,0.0
20231015:2011,0.0,0.0,0.0,5.68,2.34,0.0
20231015:2111,0.0,0.0,0.0,5.35,2.34,0.0
20231015:2211,0.0,0.0,0.0,4.91,2.28,0.0
20231015:2311,0.0,0.0,0.0,4.51,2.34,0.0
20231016:0011,0.0,0.0,0.0,4.25,2.34,0.0
20231016:0111,0.0,0.0,0.0,4.02,2.28,0.0
20231016:0211,0.0,0.0,0.0,3.9,2.28,0.0
20231016:0311,0.0,0.0,0.0,3.84,2.21,0.0
20231016:0411,0.0,0.0,0.0,3.74,2.14,0.0
20231016:0511,0.0,0.0,0.0,3.74,2.07,0.0
20231016:0611,0.0,0.0,0.0,3.84,2.07,0.0
20231016:0711,0.0,3.5,1.68,3.58,2.14,0.0
20231016:0811,543.57,226.16,8.93,4.14,2.07,0.0
20231016:0911,1153.47,460.95,15.17,5.49,2.21,0.0
20231016:1011,1578.12,636.64,19.97,6.9,3.17,0.0
20231016:1111,292.77,129.24,22.91,7.67,3.59,0.0
20231016:1211,504.6,209.58,23.68,8.14,3.24,0.0
20231016:1311,568.89,234.08,22.21,8.4,3.03,0.0
20231016:1411,420.3,177.69,18.64,8.61,3.24,0.0
20231016:1511,287.1,127.34,13.34,8.53,2.83,0.0
20231016:1611,141.15,72.0,6.74,8.13,2.28,0.0
20231016:1711,0.0,0.0,0.0,7.37,2.14,0.0
20231016:1811,0.0,0.0,0.0,6.67,2.0,0.0
20231016:1911,0.0,0.0,0.0,6.5,2.21,0.0
20231016:2011,0.0,0.0,0.0,6.05,2.28,0.0
20231016:2111,0.0,0.0,0.0,5.43,2.28,0.0
20231016:2211,0.0,0.0,0.0,4.79,2.21,0.0
20231016:2311,0.0,0.0,0.0,4.16,2.07,0.0
20231017:0011,0.0,0.0,0.0,3.69,2.07,0.0
20231017:0111,0.0,0.0,0.0,3.24,2.14,0.0
20231017:0211,0.0,0.0,0.0,2.82,2.07,0.0
20231017:0311,0.0,0.0,0.0,2.28,2.07,0.0
20231017:0411,0.0,0.0,0.0,1.76,2.0,0.0
20231017:0511,0.0,0.0,0.0,1.13,1.93,0.0
20231017:0611,0.0,0.0,0.0,0.39,1.72,0.0
20231017:0711,0.0,1.75,1.39,0.43,1.72,0.0
20231017:0811,557.52,229.68,8.62,1.55,1.45,0.0
20231017:0911,1214.28,484.42,14.85,3.09,1.31,0.0
20231017:1011,1617.09,663.46,19.63,4.66,1.1,0.0
20231017:1111,1781.16,753.2,22.55,6.29,0.69,0.0
20231017:1211,1772.46,759.83,23.31,7.71,0.41,0.0
20231017:1311,1714.89,731.32,21.84,8.83,0.69,0.0
20231017:1411,1194.9,490.36,18.28,9.5,1.24,0.0
20231017:1511,929.94,381.8,12.99,9.7,1.59,0.0
20231017:1611,115.26,61.59,6.39,9.2,1.24,0.0
20231017:1711,0.0,0.0,0.0,7.8,1.52,0.0
20231017:1811,0.0,0.0,0.0,5.65,1.52,0.0
20231017:1911,0.0,0.0,0.0,4.12,1.52,0.0
20231017:2011,0.0,0.0,0.0,3.82,1.38,0.0
20231017:2111,0.0,0.0,0.0,3.19,1.45,0.0
20231017:2211,0.0,0.0,0.0,3.04,1.38,0.0
20231017:2311,0.0,0.0,0.0,3.41,1.38,0.0
20231018:0011,0.0,0.0,0.0,3.79,1.52,0.0
20231018:0111,0.0,0.0,0.0,4.19,1.59,0.0
20231018:0211,0.0,0.0,0.0,4.86,1.66,0.0
20231018:0311,0.0,0.0,0.0,5.31,1.66,0.0
20231018:0411,0.0,0.0,0.0,5.73,1.79,0.0
20231018:0511,0.0,0.0,0.0,6.07,2.0,0.0
20231018:0611,0.0,0.0,0.0,6.56,2.07,0.0
20231018:0711,0.0,0.0,0.0,7.97,3.17,0.0
20231018:0811,47.85,31.52,8.32,8.49,3.52,0.0
20231018:0911,35.73,25.96,14.52,8.96,3.86,0.0
20231018:1011,165.63,80.66,19.28,9.43,4.14,0.0
20231018:1111,666.3,272.32,22.19,9.93,3.59,0.0
20231018:1211,656.49,269.13,22.95,10.34,3.66,0.0
20231018:1311,437.13,185.6,21.47,10.66,4.0,0.0
20231018:1411,134.55,68.61,17.91,10.81,4.07,0.0
20231018:1511,682.89,280.45,12.63,10.61,4.0,0.0
20231018:1611,75.69,44.6,6.05,10.17,4.14,0.0
20231018:1711,0.0,0.0,0.0,9.64,4.0,0.0
20231018:1811,0.0,0.0,0.0,9.16,3.93,0.0
20231018:1911,0.0,0.0,0.0,8.95,3.93,0.0
20231018:2011,0.0,0.0,0.0,8.73,3.93,0.0
20231018:2111,0.0,0.0,0.0,8.64,4.0,0.0
20231018:2211,0.0,0.0,0.0,8.45,4.0,0.0
20231018:2311,0.0,0.0,0.0,8.42,3.86,0.0
20231019:0011,0.0,0.0,0.0,8.47,4.0,0.0
20231019:0111,0.0,0.0,0.0,8.57,4.14,0.0
20231019:0211,0.0,0.0,0.0,8.75,4.28,0.0
20231019:0311,0.0,0.0,0.0,8.93,4.55,0.0
20231019:0411,0.0,0.0,0.0,8.87,4.9,0.0
20231019:0511,0.0,0.0,0.0,8.86,5.1,0.0
20231019:0611,0.0,0.0,0.0,8.86,5.31,0.0
20231019:0711,0.0,0.0,0.0,8.94,5.66,0.0
20231019:0811,6.09,10.2,8.01,9.0,5.86,0.0
20231019:0911,35.73,25.96,14.2,9.18,5.86,0.0
20231019:1011,31.8,24.1,18.94,9.39,5.45,0.0
20231019:1111,255.75,115.68,21.84,9.56,5.93,0.0
20231019:1211,47.7,31.52,22.58,9.26,7.17,0.0
20231019:1311,149.76,74.17,21.1,9.33,7.24,0.0
20231019:1411,51.78,33.38,17.56,9.36,6.9,0.0
20231019:1511,33.72,25.03,12.29,9.47,6.62,0.0
20231019:1611,0.0,5.56,5.71,9.4,6.34,0.0
20231019:1711,0.0,0.0,0.0,9.3,6.14,0.0
20231019:1811,0.0,0.0,0.0,9.24,6.07,0.0
20231019:1911,0.0,0.0,0.0,9.01,6.21,0.0
20231019:2011,0.0,0.0,0.0,9.04,6.14,0.0
20231019:2111,0.0,0.0,0.0,8.99,6.07,0.0
20231019:2211,0.0,0.0,0.0,8.96,6.07,0.0
20231019:2311,0.0,0.0,0.0,8.86,6.14,0.0
20231020:0011,0.0,0.0,0.0,8.58,6.0,0.0
20231020:0111,0.0,0.0,0.0,8.19,5.93,0.0
20231020:0211,0.0,0.0,0.0,7.85,5.93,0.0
20231020:0311,0.0,0.0,0.0,7.51,5.79,0.0
20231020:0411,0.0,0.0,0.0,7.16,5.66,0.0
20231020:0511,0.0,0.0,0.0,6.89,5.52,0.0
20231020:0611,0.0,0.0,0.0,6.71,5.38,0.0
20231020:0711,0.0,0.0,0.0,6.64,5.45,0.0
20231020:0811,4.8,9.27,7.71,6.4,5.52,0.0
20231020:0911,54.72,34.3,13.88,6.32,5.72,0.0
20231020:1011,257.82,114.84,18.61,6.35,5.59,0.0
20231020:1111,429.72,178.93,21.48,6.3,5.59,0.0
20231020:1211,1141.05,446.77,22.22,6.49,5.86,0.0
20231020:1311,708.3,281.86,20.74,6.51,6.07,0.0
20231020:1411,683.31,272.41,17.2,6.32,5.59,0.0
20231020:1511,747.84,298.54,11.94,6.27,5.66,0.0
20231020:1611,24.81,20.4,5.38,5.89,5.66,0.0
20231020:1711,0.0,0.0,0.0,5.44,5.45,0.0
20231020:1811,0.0,0.0,0.0,4.94,5.03,0.0
20231020:1911,0.0,0.0,0.0,4.3,4.83,0.0
20231020:2011,0.0,0.0,0.0,4.03,4.9,0.0
20231020:2111,0.0,0.0,0.0,4.07,5.1,0.0
20231020:2211,0.0,0.0,0.0,3.95,5.03,0.0
20231020:2311,0.0,0.0,0.0,3.66,5.17,0.0
20231021:0011,0.0,0.0,0.0,3.69,5.03,0.0
20231021:0111,0.0,0.0,0.0,3.75,5.17,0.0
20231021:0211,0.0,0.0,0.0,3.65,5.17,0.0
20231021:0311,0.0,0.0,0.0,3.41,4.97,0.0
20231021:0411,0.0,0.0,0.0,3.08,4.55,0.0
20231021:0511,0.0,0.0,0.0,2.93,5.45,0.0
20231021:0611,0.0,0.0,0.0,3.07,4.9,0.0
20231021:0711,0.0,0.0,0.0,2.94,4.76,0.0
20231021:0811,9.42,12.05,7.41,3.33,4.62,0.0
20231021:0911,17.79,16.69,13.56,3.57,4.62,0.0
20231021:1011,40.8,27.81,18.27,3.82,4.62,0.0
20231021:1111,40.71,27.81,21.13,4.29,4.48,0.0
20231021:1211,46.83,30.59,21.86,4.46,4.62,0.0
20231021:1311,46.77,30.59,20.38,4.7,4.69,0.0
20231021:1411,26.82,21.32,16.85,4.8,4.14,0.0
20231021:1511,40.56,27.81,11.6,4.95,3.38,0.0
20231021:1611,6.3,10.2,5.05,4.92,2.83,0.0
20231021:1711,0.0,0.0,0.0,4.79,2.9,0.0
20231021:1811,0.0,0.0,0.0,4.51,3.17,0.0
20231021:1911,0.0,0.0,0.0,4.14,3.52,0.0
20231021:2011,0.0,0.0,0.0,4.42,3.79,0.0
20231021:2111,0.0,0.0,0.0,4.86,3.72,0.0
20231021:2211,0.0,0.0,0.0,5.38,3.72,0.0
20231021:2311,0.0,0.0,0.0,5.75,3.86,0.0
20231022:0011,0.0,0.0,0.0,5.99,3.79,0.0
20231022:0111,0.0,0.0,0.0,5.98,3.66,0.0
20231022:0211,0.0,0.0,0.0,5.82,3.45,0.0
20231022:0311,0.0,0.0,0.0,5.38,3.24,0.0
20231022:0411,0.0,0.0,0.0,5.02,3.03,0.0
20231022:0511,0.0,0.0,0.0,4.78,2.83,0.0
20231022:0611,0.0,0.0,0.0,4.61,2.69,0.0
20231022:0711,0.0,0.0,0.0,4.46,2.62,0.0
20231022:0811,459.36,194.61,7.11,4.65,2.55,0.0
20231022:0911,1044.12,416.43,13.24,5.6,2.41,0.0
20231022:1011,1543.02,622.23,17.93,6.74,2.97,0.0
20231022:1111,1706.58,693.85,20.78,7.58,3.38,0.0
20231022:1211,1569.33,635.59,21.51,8.26,3.45,0.0
20231022:1311,1610.61,654.37,20.03,8.8,3.59,0.0
20231022:1411,1247.49,501.76,16.5,8.73,3.24,0.0
20231022:1511,774.12,314.88,11.26,8.47,2.97,0.0
20231022:1611,182.4,90.66,4.72,7.9,2.48,0.0
20231022:1711,0.0,0.0,0.0,6.68,2.14,0.0
20231022:1811,0.0,0.0,0.0,5.69,2.07,0.0
20231022:1911,0.0,0.0,0.0,5.22,2.21,0.0
20231022:2011,0.0,0.0,0.0,4.74,2.14,0.0
20231022:2111,0.0,0.0,0.0,4.06,2.14,0.0
20231022:2211,0.0,0.0,0.0,3.46,2.07,0.0
20231022:2311,0.0,0.0,0.0,2.97,2.0,0.0
20231023:0011,0.0,0.0,0.0,2.27,2.0,0.0
20231023:0111,0.0,0.0,0.0,1.41,1.93,0.0
20231023:0211,0.0,0.0,0.0,0.9,1.86,0.0
20231023:0311,0.0,0.0,0.0,1.03,1.66,0.0
20231023:0411,0.0,0.0,0.0,0.88,1.45,0.0
20231023:0511,0.0,0.0,0.0,0.64,1.31,0.0
20231023:0611,0.0,0.0,0.0,0.68,1.17,0.0
20231023:0711,0.0,0.0,0.0,-0.96,0.97,0.0
20231023:0811,327.33,140.91,6.8,-0.57,0.76,0.0
20231023:0911,568.11,228.39,12.93,1.19,0.69,0.0
20231023:1011,1587.93,651.77,17.6,3.17,0.48,0.0
20231023:1111,1650.6,687.84,20.44,5.08,0.48,0.0
20231023:1211,1680.0,704.17,21.15,6.6,0.76,0.0
20231023:1311,1576.41,655.44,19.67,7.73,1.1,0.0
20231023:1411,1072.68,434.07,16.15,8.44,1.79,0.0
20231023:1511,742.2,303.83,10.93,8.63,2.14,0.0
20231023:1611,98.04,55.01,4.4,8.1,1.79,0.0
20231023:1711,0.0,0.0,0.0,7.12,1.79,0.0
20231023:1811,0.0,0.0,0.0,6.01,1.79,0.0
20231023:1911,0.0,0.0,0.0,6.47,1.79,0.0
20231023:2011,0.0,0.0,0.0,6.52,1.66,0.0
20231023:2111,0.0,0.0,0.0,6.49,1.45,0.0
20231023:2211,0.0,0.0,0.0,6.42,1.52,0.0
20231023:2311,0.0,0.0,0.0,6.22,1.45,0.0
20231024:0011,0.0,0.0,0.0,5.89,1.38,0.0
20231024:0111,0.0,0.0,0.0,5.55,1.31,0.0
20231024:0211,0.0,0.0,0.0,5.71,1.38,0.0
20231024:0311,0.0,0.0,0.0,6.17,1.45,0.0
20231024:0411,0.0,0.0,0.0,6.44,1.59,0.0
20231024:0511,0.0,0.0,0.0,6.61,1.66,0.0
20231024:0611,0.0,0.0,0.0,6.74,1.72,0.0
20231024:0711,0.0,0.0,0.0,6.77,1.66,0.0
20231024:0811,138.03,69.83,6.5,6.94,1.86,0.0
20231024:0911,148.26,73.13,12.61,7.41,2.41,0.0
20231024:1011,214.77,99.4,17.27,7.89,2.48,0.0
20231024:1111,84.06,47.28,20.09,8.33,2.34,0.0
20231024:1211,47.7,31.52,20.8,8.94,2.34,0.0
20231024:1311,108.15,57.48,19.32,9.13,2.28,0.0
20231024:1411,485.55,202.92,15.81,9.17,2.34,0.0
20231024:1511,365.7,157.91,10.6,8.95,2.21,0.0
20231024:1611,7.59,11.13,4.08,8.27,1.93,0.0
20231024:1711,0.0,0.0,0.0,7.23,1.86,0.0
20231024:1811,0.0,0.0,0.0,6.28,1.79,0.0
20231024:1911,0.0,0.0,0.0,5.77,1.66,0.0
20231024:2011,0.0,0.0,0.0,4.9,1.45,0.0
20231024:2111,0.0,0.0,0.0,4.55,1.1,0.0
20231024:2211,0.0,0.0,0.0,4.62,0.97,0.0
20231024:2311,0.0,0.0,0.0,4.19,0.9,0.0
20231025:0011,0.0,0.0,0.0,4.03,0.9,0.0
20231025:0111,0.0,0.0,0.0,3.81,0.9,0.0
20231025:0211,0.0,0.0,0.0,3.75,1.03,0.0
20231025:0311,0.0,0.0,0.0,4.73,1.1,0.0
20231025:0411,0.0,0.0,0.0,5.39,1.31,0.0
20231025:0511,0.0,0.0,0.0,5.76,1.52,0.0
20231025:0611,0.0,0.0,0.0,6.14,2.07,0.0
20231025:0711,0.0,0.0,0.0,5.91,1.59,0.0
20231025:0811,24.72,20.4,6.21,6.29,1.79,0.0
20231025:0911,15.72,15.76,12.3,6.77,2.14,0.0
20231025:1011,50.22,32.45,16.94,7.24,2.48,0.0
20231025:1111,88.86,49.14,19.75,7.58,2.97,0.0
20231025:1211,86.55,48.21,20.45,7.85,3.24,0.0
20231025:1311,82.08,46.36,18.98,7.92,2.76,0.0
20231025:1411,26.37,21.32,15.47,7.77,2.97,0.0
20231025:1511,64.89,38.94,10.27,7.52,3.1,0.0
20231025:1611,6.18,10.2,3.76,7.14,2.97,0.0
20231025:1711,0.0,0.0,0.0,6.9,2.9,0.0
20231025:1811,0.0,0.0,0.0,6.84,2.9,0.0
20231025:1911,0.0,0.0,0.0,6.85,2.76,0.0
20231025:2011,0.0,0.0,0.0,6.82,2.69,0.0
20231025:2111,0.0,0.0,0.0,6.73,2.69,0.0
20231025:2211,0.0,0.0,0.0,6.63,2.76,0.0
20231025:2311,0.0,0.0,0.0,6.47,2.69,0.0
20231026:0011,0.0,0.0,0.0,6.29,2.55,0.0
20231026:0111,0.0,0.0,0.0,6.19,2.21,0.0
20231026:0211,0.0,0.0,0.0,6.11,1.93,0.0
20231026:0311,0.0,0.0,0.0,6.09,1.66,0.0
20231026:0411,0.0,0.0,0.0,6.17,1.24,0.0
20231026:0511,0.0,0.0,0.0,6.12,0.83,0.0
20231026:0611,0.0,0.0,0.0,6.02,0.76,0.0
20231026:0711,0.0,0.0,0.0,6.18,0.55,0.0
20231026:0811,82.47,46.67,5.91,6.22,0.69,0.0
20231026:0911,36.06,25.96,11.98,7.1,0.97,0.0
20231026:1011,117.81,61.19,16.61,7.97,1.93,0.0
20231026:1111,33.81,25.03,19.41,8.84,2.83,0.0
20231026:1211,260.64,117.81,20.11,9.36,2.9,0.0
20231026:1311,81.48,46.36,18.64,9.35,2.76,0.0
20231026:1411,119.4,62.12,15.14,9.29,2.55,0.0
20231026:1511,98.97,53.64,9.95,9.06,2.34,0.0
20231026:1611,0.0,4.64,3.45,8.92,2.55,0.0
20231026:1711,0.0,0.0,0.0,8.59,2.76,0.0
20231026:1811,0.0,0.0,0.0,8.09,2.97,0.0
20231026:1911,0.0,0.0,0.0,8.22,3.03,0.0
20231026:2011,0.0,0.0,0.0,8.62,3.59,0.0
20231026:2111,0.0,0.0,0.0,8.79,3.79,0.0
20231026:2211,0.0,0.0,0.0,8.74,3.72,0.0
20231026:2311,0.0,0.0,0.0,8.6,3.66,0.0
20231027:0011,0.0,0.0,0.0,8.47,3.52,0.0
20231027:0111,0.0,0.0,0.0,8.42,3.52,0.0
20231027:0211,0.0,0.0,0.0,8.37,3.59,0.0
20231027:0311,0.0,0.0,0.0,8.12,3.31,0.0
20231027:0411,0.0,0.0,0.0,7.86,3.31,0.0
20231027:0511,0.0,0.0,0.0,7.83,3.45,0.0
20231027:0611,0.0,0.0,0.0,7.92,3.52,0.0
20231027:0711,0.0,0.0,0.0,8.15,3.72,0.0
20231027:0811,13.92,14.83,5.61,8.14,3.79,0.0
20231027:0911,82.02,46.36,11.67,8.18,4.0,0.0
20231027:1011,332.43,143.9,16.29,8.28,3.72,0.0
20231027:1111,263.34,118.08,19.07,8.34,4.0,0.0
20231027:1211,204.18,95.49,19.77,8.48,4.0,0.0
20231027:1311,142.95,71.39,18.3,8.62,4.0,0.0
20231027:1411,60.24,37.08,14.81,8.79,4.07,0.0
20231027:1511,43.77,29.67,9.63,8.54,3.59,0.0
20231027:1611,0.0,3.71,3.14,8.06,3.72,0.0
20231027:1711,0.0,0.0,0.0,7.63,3.59,0.0
20231027:1811,0.0,0.0,0.0,7.41,3.45,0.0
20231027:1911,0.0,0.0,0.0,7.17,3.86,0.0
20231027:2011,0.0,0.0,0.0,7.04,4.0,0.0
20231027:2111,0.0,0.0,0.0,7.14,3.93,0.0
20231027:2211,0.0,0.0,0.0,7.3,3.66,0.0
20231027:2311,0.0,0.0,0.0,7.39,3.45,0.0
20231028:0011,0.0,0.0,0.0,7.47,3.45,0.0
20231028:0111,0.0,0.0,0.0,7.55,3.45,0.0
20231028:0211,0.0,0.0,0.0,7.57,3.52,0.0
20231028:0311,0.0,0.0,0.0,7.5,3.52,0.0
20231028:0411,0.0,0.0,0.0,7.41,3.59,0.0
20231028:0511,0.0,0.0,0.0,7.25,3.59,0.0
20231028:0611,0.0,0.0,0.0,7.15,3.72,0.0
20231028:0711,0.0,0.0,0.0,7.22,3.66,0.0
20231028:0811,100.2,54.5,5.32,7.24,3.72,0.0
20231028:0911,550.95,225.47,11.36,7.49,4.14,0.0
20231028:1011,664.44,267.87,15.96,8.07,4.41,0.0
20231028:1111,175.83,84.37,18.74,8.45,4.14,0.0
20231028:1211,642.24,260.7,19.43,8.57,4.0,0.0
20231028:1311,240.0,109.0,17.96,8.37,4.69,0.0
20231028:1411,173.73,83.27,14.48,8.17,4.34,0.0
20231028:1511,467.73,195.34,9.31,7.78,4.21,0.0
20231028:1611,85.2,50.3,2.84,7.48,4.14,0.0
20231028:1711,0.0,0.0,0.0,7.2,4.14,0.0
20231028:1811,0.0,0.0,0.0,7.08,4.07,0.0
20231028:1911,0.0,0.0,0.0,7.44,4.14,0.0
20231028:2011,0.0,0.0,0.0,7.47,3.66,0.0
20231028:2111,0.0,0.0,0.0,7.48,3.31,0.0
20231028:2211,0.0,0.0,0.0,7.51,3.45,0.0
20231028:2311,0.0,0.0,0.0,7.69,3.31,0.0
20231029:0011,0.0,0.0,0.0,7.95,3.86,0.0
20231029:0111,0.0,0.0,0.0,8.11,4.41,0.0
20231029:0211,0.0,0.0,0.0,8.06,5.03,0.0
20231029:0311,0.0,0.0,0.0,7.71,5.24,0.0
20231029:0411,0.0,0.0,0.0,7.25,4.97,0.0
20231029:0511,0.0,0.0,0.0,7.04,4.62,0.0
20231029:0611,0.0,0.0,0.0,6.8,4.9,0.0
20231029:0711,0.0,0.0,0.0,7.09,4.9,0.0
20231029:0811,83.85,47.54,5.02,6.98,4.83,0.0
20231029:0911,58.8,36.16,11.06,6.75,4.97,0.0
20231029:1011,139.86,69.53,15.64,6.59,5.1,0.0
20231029:1111,98.49,52.85,18.41,6.47,4.97,0.0
20231029:1211,58.89,36.16,19.1,6.46,4.83,0.0
20231029:1311,89.55,49.14,17.63,6.28,4.69,0.0
20231029:1411,100.8,53.77,14.16,6.25,4.34,0.0
20231029:1511,26.64,21.32,9.0,6.13,4.76,0.0
20231029:1611,0.0,5.25,2.54,6.03,4.34,0.0
20231029:1711,0.0,0.0,0.0,5.95,3.72,0.0
20231029:1811,0.0,0.0,0.0,5.9,4.0,0.0
20231029:1911,0.0,0.0,0.0,6.09,3.59,0.0
20231029:2011,0.0,0.0,0.0,6.05,3.52,0.0
20231029:2111,0.0,0.0,0.0,6.03,3.45,0.0
20231029:2211,0.0,0.0,0.0,6.03,3.59,0.0
20231029:2311,0.0,0.0,0.0,5.85,3.52,0.0
20231030:0011,0.0,0.0,0.0,5.49,3.66,0.0
20231030:0111,0.0,0.0,0.0,5.3,3.38,0.0
20231030:0211,0.0,0.0,0.0,5.02,3.1,0.0
20231030:0311,0.0,0.0,0.0,4.88,2.97,0.0
20231030:0411,0.0,0.0,0.0,4.84,2.97,0.0
20231030:0511,0.0,0.0,0.0,4.57,2.9,0.0
20231030:0611,0.0,0.0,0.0,4.53,3.03,0.0
20231030:0711,0.0,0.0,0.0,4.62,3.24,0.0
20231030:0811,14.22,14.83,4.73,4.61,3.38,0.0
20231030:0911,110.52,57.38,10.75,4.9,3.72,0.0
20231030:1011,432.75,178.94,15.32,5.09,3.93,0.0
20231030:1111,1097.91,429.56,18.08,5.53,4.76,0.0
20231030:1211,1174.83,460.2,18.76,5.68,4.69,0.0
20231030:1311,178.2,84.37,17.3,5.91,5.03,0.0
20231030:1411,262.47,116.02,13.85,5.73,4.55,0.0
20231030:1511,253.68,113.02,8.7,5.54,4.28,0.0
20231030:1611,0.0,4.37,2.25,5.11,3.59,0.0
20231030:1711,0.0,0.0,0.0,4.39,3.17,0.0
20231030:1811,0.0,0.0,0.0,3.91,3.1,0.0
20231030:1911,0.0,0.0,0.0,4.12,3.24,0.0
20231030:2011,0.0,0.0,0.0,4.17,3.24,0.0
20231030:2111,0.0,0.0,0.0,4.14,3.24,0.0
20231030:2211,0.0,0.0,0.0,3.94,3.24,0.0
20231030:2311,0.0,0.0,0.0,3.81,3.17,0.0
20231031:0011,0.0,0.0,0.0,3.55,3.1,0.0
20231031:0111,0.0,0.0,0.0,3.42,2.97,0.0
20231031:0211,0.0,0.0,0.0,3.17,2.76,0.0
20231031:0311,0.0,0.0,0.0,3.12,2.55,0.0
20231031:0411,0.0,0.0,0.0,2.86,2.55,0.0
20231031:0511,0.0,0.0,0.0,2.62,2.55,0.0
20231031:0611,0.0,0.0,0.0,2.76,2.55,0.0
20231031:0711,0.0,0.0,0.0,2.89,2.83,0.0
20231031:0811,230.91,106.42,4.44,2.84,2.69,0.0
20231031:0911,928.89,366.92,10.45,3.36,2.55,0.0
20231031:1011,874.5,346.03,15.01,4.41,2.14,0.0
20231031:1111,1518.15,606.65,17.76,5.32,2.97,0.0
20231031:1211,619.56,248.71,18.44,5.61,4.14,0.0
20231031:1311,917.19,360.89,16.98,5.76,4.28,0.0
20231031:1411,680.01,271.62,13.53,5.76,3.79,0.0
20231031:1511,309.96,134.54,8.4,5.45,2.97,0.0
20231031:1611,0.0,5.25,1.96,4.7,2.55,0.0
20231031:1711,0.0,0.0,0.0,3.57,2.21,0.0
20231031:1811,0.0,0.0,0.0,2.67,2.07,0.0
20231031:1911,0.0,0.0,0.0,2.52,2.0,0.0
20231031:2011,0.0,0.0,0.0,1.81,1.79,0.0
20231031:2111,0.0,0.0,0.0,0.64,1.72,0.0
20231031:2211,0.0,0.0,0.0,-0.44,1.86,0.0
20231031:2311,0.0,0.0,0.0,-1.22,1.86,0.0
20231101:0011,0.0,0.0,0.0,-1.45,2.0,0.0
20231101:0111,0.0,0.0,0.0,-1.44,1.93,0.0
20231101:0211,0.0,0.0,0.0,-1.74,2.0,0.0
20231101:0311,0.0,0.0,0.0,-0.94,2.41,0.0
20231101:0411,0.0,0.0,0.0,0.09,2.83,0.0
20231101:0511,0.0,0.0,0.0,0.8,3.1,0.0
20231101:0611,0.0,0.0,0.0,1.28,3.45,0.0
20231101:0711,0.0,0.0,0.0,1.95,3.93,0.0
20231101:0811,0.0,4.64,4.15,2.29,4.07,0.0
20231101:0911,96.18,51.04,10.15,2.3,4.34,0.0
20231101:1011,37.05,25.96,14.7,2.47,4.34,0.0
20231101:1111,102.66,53.77,17.44,2.62,4.41,0.0
20231101:1211,55.83,34.3,18.11,2.35,4.28,0.0
20231101:1311,128.76,63.97,16.66,2.0,5.03,0.0
20231101:1411,142.41,69.19,13.22,1.79,4.0,0.0
20231101:1511,3.6,8.34,8.1,2.09,3.72,0.0
20231101:1611,0.0,0.87,1.67,2.87,3.45,0.0
20231101:1711,0.0,0.0,0.0,3.74,3.38,0.0
20231101:1811,0.0,0.0,0.0,4.58,3.03,0.0
20231101:1911,0.0,0.0,0.0,4.68,2.41,0.0
20231101:2011,0.0,0.0,0.0,4.86,0.48,0.0
20231101:2111,0.0,0.0,0.0,4.73,1.45,0.0
20231101:2211,0.0,0.0,0.0,4.72,2.0,0.0
20231101:2311,0.0,0.0,0.0,5.07,2.83,0.0
20231102:0011,0.0,0.0,0.0,5.42,3.17,0.0
20231102:0111,0.0,0.0,0.0,5.38,3.1,0.0
20231102:0211,0.0,0.0,0.0,5.37,2.9,0.0
20231102:0311,0.0,0.0,0.0,5.2,2.48,0.0
20231102:0411,0.0,0.0,0.0,4.82,1.93,0.0
20231102:0511,0.0,0.0,0.0,4.2,1.45,0.0
20231102:0611,0.0,0.0,0.0,2.85,1.24,0.0
20231102:0711,0.0,0.0,0.0,1.24,1.24,0.0
20231102:0811,24.93,20.11,3.87,0.65,0.83,0.0
20231102:0911,901.83,357.55,9.85,0.86,0.41,0.0
20231102:1011,868.86,344.18,14.39,2.51,0.62,0.0
20231102:1111,1024.38,406.41,17.12,3.74,1.1,0.0
20231102:1211,157.26,76.02,17.79,4.65,2.0,0.0
20231102:1311,119.28,61.19,16.35,5.68,2.83,0.0
20231102:1411,36.24,25.96,12.92,6.41,3.24,0.0
20231102:1511,52.44,33.38,7.81,6.79,3.31,0.0
20231102:1611,0.0,0.87,1.4,6.63,2.83,0.0
20231102:1711,0.0,0.0,0.0,6.51,2.97,0.0
20231102:1811,0.0,0.0,0.0,6.42,3.1,0.0
20231102:1911,0.0,0.0,0.0,6.09,2.28,0.0
20231102:2011,0.0,0.0,0.0,5.96,2.07,0.0
20231102:2111,0.0,0.0,0.0,5.91,2.69,0.0
20231102:2211,0.0,0.0,0.0,5.93,2.83,0.0
20231102:2311,0.0,0.0,0.0,5.98,2.83,0.0
20231103:0011,0.0,0.0,0.0,6.09,3.52,0.0
20231103:0111,0.0,0.0,0.0,6.01,3.52,0.0
20231103:0211,0.0,0.0,0.0,5.87,3.1,0.0
20231103:0311,0.0,0.0,0.0,5.81,3.1,0.0
20231103:0411,0.0,0.0,0.0,5.73,3.03,0.0
20231103:0511,0.0,0.0,0.0,5.71,2.83,0.0
20231103:0611,0.0,0.0,0.0,5.73,2.69,0.0
20231103:0711,0.0,0.0,0.0,6.12,2.76,0.0
20231103:0811,0.0,4.37,3.58,6.21,2.83,0.0
20231103:0911,12.42,13.91,9.55,6.25,2.9,0.0
20231103:1011,17.49,16.69,14.08,6.39,3.03,0.0
20231103:1111,178.5,84.7,16.8,6.46,3.31,0.0
20231103:1211,28.44,22.25,17.48,6.58,2.97,0.0
20231103:1311,95.94,51.92,16.04,6.76,2.97,0.0
20231103:1411,338.49,145.14,12.62,6.58,2.62,0.0
20231103:1511,121.17,62.13,7.52,6.48,2.14,0.0
20231103:1611,0.0,0.0,0.0,6.2,1.93,0.0
20231103:1711,0.0,0.0,0.0,6.03,1.38,0.0
20231103:1811,0.0,0.0,0.0,5.85,1.17,0.0
20231103:1911,0.0,0.0,0.0,5.73,0.97,0.0
20231103:2011,0.0,0.0,0.0,5.77,0.97,0.0
20231103:2111,0.0,0.0,0.0,5.84,0.83,0.0
20231103:2211,0.0,0.0,0.0,5.75,0.83,0.0
20231103:2311,0.0,0.0,0.0,5.64,0.62,0.0
20231104:0011,0.0,0.0,0.0,5.54,0.48,0.0
20231104:0111,0.0,0.0,0.0,5.62,0.34,0.0
20231104:0211,0.0,0.0,0.0,5.67,0.28,0.0
20231104:0311,0.0,0.0,0.0,5.43,0.07,0.0
20231104:0411,0.0,0.0,0.0,5.13,0.21,0.0
20231104:0511,0.0,0.0,0.0,4.8,0.41,0.0
20231104:0611,0.0,0.0,0.0,4.4,0.41,0.0
20231104:0711,0.0,0.0,0.0,3.88,0.55,0.0
20231104:0811,17.64,16.61,3.3,3.53,0.62,0.0
20231104:0911,195.93,90.38,9.26,3.57,0.9,0.0
20231104:1011,843.81,336.0,13.77,4.27,1.03,0.0
20231104:1111,845.4,338.0,16.49,4.78,0.76,0.0
20231104:1211,712.53,287.87,17.17,5.49,0.41,0.0
20231104:1311,875.79,352.89,15.73,6.18,0.55,0.0
20231104:1411,342.96,147.16,12.33,6.4,1.1,0.0
20231104:1511,442.56,186.5,7.24,6.42,1.45,0.0
20231104:1611,0.0,0.0,0.0,5.87,1.59,0.0
20231104:1711,0.0,0.0,0.0,5.32,1.45,0.0
20231104:1811,0.0,0.0,0.0,5.11,1.17,0.0
20231104:1911,0.0,0.0,0.0,5.24,1.31,0.0
20231104:2011,0.0,0.0,0.0,4.39,1.1,0.0
20231104:2111,0.0,0.0,0.0,4.03,0.9,0.0
20231104:2211,0.0,0.0,0.0,3.93,0.69,0.0
20231104:2311,0.0,0.0,0.0,4.02,0.55,0.0
20231105:0011,0.0,0.0,0.0,3.56,0.55,0.0
20231105:0111,0.0,0.0,0.0,3.23,0.55,0.0
20231105:0211,0.0,0.0,0.0,2.69,0.55,0.0
20231105:0311,0.0,0.0,0.0,2.62,0.62,0.0
20231105:0411,0.0,0.0,0.0,2.79,0.76,0.0
20231105:0511,0.0,0.0,0.0,2.9,0.97,0.0
20231105:0611,0.0,0.0,0.0,3.19,1.24,0.0
20231105:0711,0.0,0.0,0.0,3.14,1.45,0.0
20231105:0811,14.43,14.87,3.02,3.0,1.66,0.0
20231105:0911,817.02,324.39,8.97,3.11,2.0,0.0
20231105:1011,1050.09,413.28,13.47,3.49,2.07,0.0
20231105:1111,1504.65,603.55,16.19,4.19,1.93,0.0
20231105:1211,1505.76,606.83,16.86,5.08,1.93,0.0
20231105:1311,536.43,219.05,15.43,5.95,2.0,0.0
20231105:1411,151.62,74.14,12.04,6.36,1.93,0.0
20231105:1511,204.48,95.03,6.97,6.4,1.52,0.0
20231105:1611,0.0,0.0,0.0,5.99,1.45,0.0
20231105:1711,0.0,0.0,0.0,5.32,1.59,0.0
20231105:1811,0.0,0.0,0.0,4.6,1.72,0.0
20231105:1911,0.0,0.0,0.0,4.03,1.52,0.0
20231105:2011,0.0,0.0,0.0,2.99,1.52,0.0
20231105:2111,0.0,0.0,0.0,2.37,1.52,0.0
20231105:2211,0.0,0.0,0.0,2.32,1.38,0.0
20231105:2311,0.0,0.0,0.0,1.9,1.38,0.0
20231106:0011,0.0,0.0,0.0,1.98,1.38,0.0
20231106:0111,0.0,0.0,0.0,2.04,1.38,0.0
20231106:0211,0.0,0.0,0.0,2.09,1.38,0.0
20231106:0311,0.0,0.0,0.0,2.23,1.45,0.0
20231106:0411,0.0,0.0,0.0,2.33,1.52,0.0
20231106:0511,0.0,0.0,0.0,2.52,1.52,0.0
20231106:0611,0.0,0.0,0.0,2.55,1.59,0.0
20231106:0711,0.0,0.0,0.0,2.32,1.66,0.0
20231106:0811,12.87,13.99,2.74,2.3,1.66,0.0
20231106:0911,711.06,284.31,8.68,3.11,1.52,0.0
20231106:1011,1155.75,461.57,13.18,5.17,1.52,0.0
20231106:1111,1431.57,580.85,15.88,6.55,1.66,0.0
20231106:1211,1251.3,503.08,16.56,7.43,2.21,0.0
20231106:1311,971.52,390.53,15.14,7.8,1.79,0.0
20231106:1411,801.42,324.32,11.75,8.04,1.59,0.0
20231106:1511,170.46,82.31,6.7,8.02,1.45,0.0
20231106:1611,0.0,0.0,0.0,7.54,1.24,0.0
20231106:1711,0.0,0.0,0.0,6.22,1.1,0.0
20231106:1811,0.0,0.0,0.0,5.26,1.24,0.0
20231106:1911,0.0,0.0,0.0,5.68,0.76,0.0
20231106:2011,0.0,0.0,0.0,5.87,0.41,0.0
20231106:2111,0.0,0.0,0.0,5.77,0.21,0.0
20231106:2211,0.0,0.0,0.0,4.26,0.83,0.0
20231106:2311,0.0,0.0,0.0,4.1,1.17,0.0
20231107:0011,0.0,0.0,0.0,4.09,1.1,0.0
20231107:0111,0.0,0.0,0.0,4.29,1.03,0.0
20231107:0211,0.0,0.0,0.0,4.52,1.17,0.0
20231107:0311,0.0,0.0,0.0,4.71,1.31,0.0
20231107:0411,0.0,0.0,0.0,4.85,1.45,0.0
20231107:0511,0.0,0.0,0.0,4.62,1.59,0.0
20231107:0611,0.0,0.0,0.0,4.72,1.66,0.0
20231107:0711,0.0,0.0,0.0,4.54,1.59,0.0
20231107:0811,6.75,10.49,2.47,4.63,1.72,0.0
20231107:0911,4.86,9.27,8.39,5.27,1.79,0.0
20231107:1011,580.08,235.19,12.88,5.83,2.07,0.0
20231107:1111,67.32,39.87,15.59,6.56,2.41,0.0
20231107:1211,56.49,35.23,16.26,7.13,2.62,0.0
20231107:1311,69.15,40.79,14.85,7.48,2.34,0.0
20231107:1411,314.16,136.54,11.47,7.4,1.93,0.0
20231107:1511,183.84,87.31,6.43,7.3,1.93,0.0
20231107:1611,0.0,0.0,0.0,6.38,1.72,0.0
20231107:1711,0.0,0.0,0.0,5.47,1.72,0.0
20231107:1811,0.0,0.0,0.0,4.65,1.79,0.0
20231107:1911,0.0,0.0,0.0,3.88,1.86,0.0
20231107:2011,0.0,0.0,0.0,2.86,1.79,0.0
20231107:2111,0.0,0.0,0.0,1.8,1.79,0.0
20231107:2211,0.0,0.0,0.0,0.67,1.79,0.0
20231107:2311,0.0,0.0,0.0,0.18,1.66,0.0
20231108:0011,0.0,0.0,0.0,0.05,1.45,0.0
20231108:0111,0.0,0.0,0.0,-0.09,1.52,0.0
20231108:0211,0.0,0.0,0.0,-0.02,1.38,0.0
20231108:0311,0.0,0.0,0.0,0.34,1.52,0.0
20231108:0411,0.0,0.0,0.0,0.88,1.31,0.0
20231108:0511,0.0,0.0,0.0,1.82,1.52,0.0
20231108:0611,0.0,0.0,0.0,2.88,2.21,0.0
20231108:0711,0.0,0.0,0.0,4.11,3.24,0.0
20231108:0811,0.0,1.75,2.19,4.59,4.34,0.0
20231108:0911,26.82,21.32,8.11,4.83,4.83,0.0
20231108:1011,28.71,22.25,12.59,4.99,5.03,0.0
20231108:1111,1400.91,550.64,15.29,5.21,4.28,0.0
20231108:1211,1389.24,548.15,15.97,5.57,3.93,0.0
20231108:1311,87.39,48.21,14.56,6.05,4.21,0.0
20231108:1411,578.19,232.95,11.2,5.72,4.28,0.0
20231108:1511,126.51,63.88,6.17,5.17,4.76,0.0
20231108:1611,0.0,0.0,0.0,4.54,4.69,0.0
20231108:1711,0.0,0.0,0.0,4.24,4.41,0.0
20231108:1811,0.0,0.0,0.0,4.03,4.28,0.0
20231108:1911,0.0,0.0,0.0,4.31,4.28,0.0
20231108:2011,0.0,0.0,0.0,4.31,4.62,0.0
20231108:2111,0.0,0.0,0.0,4.36,4.48,0.0
20231108:2211,0.0,0.0,0.0,4.24,4.41,0.0
20231108:2311,0.0,0.0,0.0,4.03,4.14,0.0
20231109:0011,0.0,0.0,0.0,3.75,3.86,0.0
20231109:0111,0.0,0.0,0.0,3.55,3.45,0.0
20231109:0211,0.0,0.0,0.0,3.46,3.03,0.0
20231109:0311,0.0,0.0,0.0,3.65,2.76,0.0
20231109:0411,0.0,0.0,0.0,3.95,2.76,0.0
20231109:0511,0.0,0.0,0.0,4.1,2.76,0.0
20231109:0611,0.0,0.0,0.0,4.07,2.76,0.0
20231109:0711,0.0,0.0,0.0,3.46,2.69,0.0
20231109:0811,1.74,7.0,1.92,3.27,2.55,0.0
20231109:0911,680.97,272.41,7.83,3.4,2.28,0.0
20231109:1011,1109.43,437.33,12.31,3.95,2.28,0.0
20231109:1111,1431.36,570.45,15.0,4.66,2.41,0.0
20231109:1211,1487.19,595.28,15.68,5.31,2.55,0.0
20231109:1311,1206.72,481.02,14.28,5.83,2.14,0.0
20231109:1411,986.67,395.96,10.93,5.98,1.24,0.0
20231109:1511,464.28,195.26,5.91,5.72,0.69,0.0
20231109:1611,0.0,0.0,0.0,4.61,1.1,0.0
20231109:1711,0.0,0.0,0.0,3.08,1.31,0.0
20231109:1811,0.0,0.0,0.0,2.47,1.24,0.0
20231109:1911,0.0,0.0,0.0,3.34,0.41,0.0
20231109:2011,0.0,0.0,0.0,2.24,0.07,0.0
20231109:2111,0.0,0.0,0.0,1.67,0.48,0.0
20231109:2211,0.0,0.0,0.0,0.91,0.97,0.0
20231109:2311,0.0,0.0,0.0,-0.05,0.97,0.0
20231110:0011,0.0,0.0,0.0,-0.72,0.62,0.0
20231110:0111,0.0,0.0,0.0,-1.49,0.76,0.0
20231110:0211,0.0,0.0,0.0,-1.56,0.9,0.0
20231110:0311,0.0,0.0,0.0,-1.59,1.1,0.0
20231110:0411,0.0,0.0,0.0,-1.75,1.31,0.0
20231110:0511,0.0,0.0,0.0,-1.72,1.38,0.0
20231110:0611,0.0,0.0,0.0,-1.65,1.52,0.0
20231110:0711,0.0,0.0,0.0,-1.37,1.59,0.0
20231110:0811,0.0,0.87,1.66,-0.95,1.66,0.0
20231110:0911,9.66,12.05,7.56,-0.58,1.72,0.0
20231110:1011,27.48,21.32,12.02,0.48,1.52,0.0
20231110:1111,286.92,123.39,14.71,1.33,1.79,0.0
20231110:1211,132.42,65.82,15.4,3.1,1.93,0.0
20231110:1311,110.67,57.48,14.0,4.43,1.86,0.0
20231110:1411,198.81,91.78,10.67,4.87,1.52,0.0
20231110:1511,19.41,17.62,5.67,4.87,1.45,0.0
20231110:1611,0.0,0.0,0.0,4.39,1.66,0.0
20231110:1711,0.0,0.0,0.0,3.64,1.72,0.0
20231110:1811,0.0,0.0,0.0,3.03,1.86,0.0
20231110:1911,0.0,0.0,0.0,3.95,2.69,0.0
20231110:2011,0.0,0.0,0.0,3.71,2.9,0.0
20231110:2111,0.0,0.0,0.0,3.51,2.41,0.0
20231110:2211,0.0,0.0,0.0,3.32,1.86,0.0
20231110:2311,0.0,0.0,0.0,3.27,1.45,0.0
20231111:0011,0.0,0.0,0.0,3.01,1.45,0.0
20231111:0111,0.0,0.0,0.0,2.6,1.52,0.0
20231111:0211,0.0,0.0,0.0,2.53,1.66,0.0
20231111:0311,0.0,0.0,0.0,2.31,1.79,0.0
20231111:0411,0.0,0.0,0.0,2.5,1.79,0.0
20231111:0511,0.0,0.0,0.0,2.63,1.79,0.0
20231111:0611,0.0,0.0,0.0,2.65,1.66,0.0
20231111:0711,0.0,0.0,0.0,3.15,1.38,0.0
20231111:0811,0.0,0.87,1.39,2.88,1.31,0.0
20231111:0911,14.34,14.83,7.29,3.33,1.1,0.0
20231111:1011,142.32,69.91,11.74,4.26,1.03,0.0
20231111:1111,821.43,327.68,14.43,5.47,1.52,0.0
20231111:1211,589.35,238.83,15.12,5.84,1.86,0.0
20231111:1311,170.46,81.44,13.73,5.96,1.59,0.0
20231111:1411,82.77,46.36,10.41,5.96,1.17,0.0
20231111:1511,66.72,39.54,5.42,5.69,0.55,0.0
20231111:1611,0.0,0.0,0.0,5.25,0.28,0.0
20231111:1711,0.0,0.0,0.0,4.58,0.14,0.0
20231111:1811,0.0,0.0,0.0,4.14,0.21,0.0
20231111:1911,0.0,0.0,0.0,3.06,0.28,0.0
20231111:2011,0.0,0.0,0.0,2.44,0.55,0.0
20231111:2111,0.0,0.0,0.0,2.17,0.55,0.0
20231111:2211,0.0,0.0,0.0,1.93,0.55,0.0
20231111:2311,0.0,0.0,0.0,1.59,0.62,0.0
20231112:0011,0.0,0.0,0.0,0.97,0.76,0.0
20231112:0111,0.0,0.0,0.0,0.27,0.9,0.0
20231112:0211,0.0,0.0,0.0,0.13,0.97,0.0
20231112:0311,0.0,0.0,0.0,0.0,0.97,0.0
20231112:0411,0.0,0.0,0.0,-0.33,0.97,0.0
20231112:0511,0.0,0.0,0.0,-0.62,1.03,0.0
20231112:0611,0.0,0.0,0.0,-0.96,1.1,0.0
20231112:0711,0.0,0.0,0.0,-1.62,1.1,0.0
20231112:0811,0.0,0.0,0.0,-1.8,1.1,0.0
20231112:0911,417.21,170.11,7.02,-1.81,0.9,0.0
20231112:1011,820.05,319.44,11.47,-1.15,0.69,0.0
20231112:1111,1049.79,409.37,14.15,-0.45,0.76,0.0
20231112:1211,994.56,389.11,14.84,0.53,0.83,0.0
20231112:1311,872.52,342.72,13.47,1.53,0.97,0.0
20231112:1411,770.31,304.89,10.16,2.57,1.31,0.0
20231112:1511,396.09,166.74,5.18,2.72,1.24,0.0
20231112:1611,0.0,0.0,0.0,2.27,1.38,0.0
20231112:1711,0.0,0.0,0.0,1.76,1.59,0.0
20231112:1811,0.0,0.0,0.0,1.82,1.72,0.0
20231112:1911,0.0,0.0,0.0,2.37,2.14,0.0
20231112:2011,0.0,0.0,0.0,2.46,2.21,0.0
20231112:2111,0.0,0.0,0.0,2.59,2.21,0.0
20231112:2211,0.0,0.0,0.0,2.84,2.07,0.0
20231112:2311,0.0,0.0,0.0,3.1,2.14,0.0
20231113:0011,0.0,0.0,0.0,3.55,2.07,0.0
20231113:0111,0.0,0.0,0.0,4.01,2.0,0.0
20231113:0211,0.0,0.0,0.0,4.38,1.86,0.0
20231113:0311,0.0,0.0,0.0,4.67,1.79,0.0
20231113:0411,0.0,0.0,0.0,4.84,1.72,0.0
20231113:0511,0.0,0.0,0.0,4.95,1.79,0.0
20231113:0611,0.0,0.0,0.0,4.87,1.93,0.0
20231113:0711,0.0,0.0,0.0,5.53,2.41,0.0
20231113:0811,0.0,0.0,0.0,5.89,2.55,0.0
20231113:0911,36.27,25.96,6.75,6.26,2.97,0.0
20231113:1011,32.28,24.1,11.2,6.63,3.45,0.0
20231113:1111,36.18,25.96,13.88,6.77,3.86,0.0
20231113:1211,739.56,294.45,14.57,6.82,4.0,0.0
20231113:1311,71.61,41.72,13.21,6.9,3.93,0.0
20231113:1411,78.12,44.5,9.91,6.97,3.72,0.0
20231113:1511,59.7,36.63,4.95,6.81,3.24,0.0
20231113:1611,0.0,0.0,0.0,6.63,2.83,0.0
20231113:1711,0.0,0.0,0.0,6.52,2.41,0.0
20231113:1811,0.0,0.0,0.0,6.44,2.28,0.0
20231113:1911,0.0,0.0,0.0,6.53,2.97,0.0
20231113:2011,0.0,0.0,0.0,6.42,2.62,0.0
20231113:2111,0.0,0.0,0.0,6.19,2.41,0.0
20231113:2211,0.0,0.0,0.0,5.95,1.93,0.0
20231113:2311,0.0,0.0,0.0,5.72,1.59,0.0
20231114:0011,0.0,0.0,0.0,5.42,1.52,0.0
20231114:0111,0.0,0.0,0.0,5.02,1.52,0.0
20231114:0211,0.0,0.0,0.0,4.91,1.66,0.0
20231114:0311,0.0,0.0,0.0,4.82,1.79,0.0
20231114:0411,0.0,0.0,0.0,4.81,1.79,0.0
20231114:0511,0.0,0.0,0.0,4.75,1.93,0.0
20231114:0611,0.0,0.0,0.0,4.73,2.14,0.0
20231114:0711,0.0,0.0,0.0,5.11,2.34,0.0
20231114:0811,0.0,0.0,0.0,5.15,2.41,0.0
20231114:0911,2.25,7.42,6.49,5.26,2.41,0.0
20231114:1011,10.86,12.98,10.93,5.43,2.55,0.0
20231114:1111,42.36,28.74,13.61,5.77,2.62,0.0
20231114:1211,71.82,41.72,14.31,6.12,2.55,0.0
20231114:1311,253.23,112.86,12.95,6.13,2.14,0.0
20231114:1411,383.49,161.42,9.67,5.97,2.28,0.0
20231114:1511,135.3,67.72,4.73,5.48,2.41,0.0
20231114:1611,0.0,0.0,0.0,4.99,2.28,0.0
20231114:1711,0.0,0.0,0.0,4.72,2.07,0.0
20231114:1811,0.0,0.0,0.0,4.59,2.0,0.0
20231114:1911,0.0,0.0,0.0,5.04,2.21,0.0
20231114:2011,0.0,0.0,0.0,4.89,2.34,0.0
20231114:2111,0.0,0.0,0.0,4.75,2.34,0.0
20231114:2211,0.0,0.0,0.0,4.61,2.34,0.0
20231114:2311,0.0,0.0,0.0,4.49,2.34,0.0
20231115:0011,0.0,0.0,0.0,4.4,2.34,0.0
20231115:0111,0.0,0.0,0.0,4.29,2.28,0.0
20231115:0211,0.0,0.0,0.0,4.2,2.21,0.0
20231115:0311,0.0,0.0,0.0,4.03,2.14,0.0
20231115:0411,0.0,0.0,0.0,3.94,2.14,0.0
20231115:0511,0.0,0.0,0.0,3.89,2.07,0.0
20231115:0611,0.0,0.0,0.0,3.87,2.0,0.0
20231115:0711,0.0,0.0,0.0,4.11,1.52,0.0
20231115:0811,0.0,0.0,0.0,4.04,1.31,0.0
20231115:0911,111.69,57.66,6.23,3.93,0.97,0.0
20231115:1011,87.93,48.21,10.67,4.3,0.76,0.0
20231115:1111,525.51,214.61,13.35,4.86,0.76,0.0
20231115:1211,352.95,150.28,14.05,5.45,1.1,0.0
20231115:1311,814.02,326.26,12.71,5.74,0.97,0.0
20231115:1411,894.15,359.97,9.44,5.86,0.76,0.0
20231115:1511,390.99,167.49,4.51,5.69,0.69,0.0
20231115:1611,0.0,0.0,0.0,4.6,0.76,0.0
20231115:1711,0.0,0.0,0.0,3.94,0.83,0.0
20231115:1811,0.0,0.0,0.0,3.5,0.9,0.0
20231115:1911,0.0,0.0,0.0,2.34,0.83,0.0
20231115:2011,0.0,0.0,0.0,0.76,1.1,0.0
20231115:2111,0.0,0.0,0.0,-0.14,1.1,0.0
20231115:2211,0.0,0.0,0.0,-1.06,1.03,0.0
20231115:2311,0.0,0.0,0.0,-1.81,1.03,0.0
20231116:0011,0.0,0.0,0.0,-1.76,0.97,0.0
20231116:0111,0.0,0.0,0.0,-1.62,0.97,0.0
20231116:0211,0.0,0.0,0.0,-1.24,0.9,0.0
20231116:0311,0.0,0.0,0.0,-0.8,0.83,0.0
20231116:0411,0.0,0.0,0.0,-0.6,0.83,0.0
20231116:0511,0.0,0.0,0.0,0.17,0.62,0.0
20231116:0611,0.0,0.0,0.0,0.77,0.48,0.0
20231116:0711,0.0,0.0,0.0,0.84,0.55,0.0
20231116:0811,0.0,0.0,0.0,1.34,0.55,0.0
20231116:0911,14.49,14.83,5.98,1.6,0.62,0.0
20231116:1011,240.81,106.73,10.41,2.52,0.55,0.0
20231116:1111,603.54,242.86,13.09,3.37,0.48,0.0
20231116:1211,325.5,139.37,13.8,3.98,0.41,0.0
20231116:1311,139.17,68.81,12.46,4.34,0.62,0.0
20231116:1411,211.17,96.38,9.21,4.64,0.69,0.0
20231116:1511,172.41,82.44,4.29,4.77,0.55,0.0
20231116:1611,0.0,0.0,0.0,3.8,0.83,0.0
20231116:1711,0.0,0.0,0.0,2.99,0.9,0.0
20231116:1811,0.0,0.0,0.0,2.25,1.03,0.0
20231116:1911,0.0,0.0,0.0,2.19,1.03,0.0
20231116:2011,0.0,0.0,0.0,1.99,0.83,0.0
20231116:2111,0.0,0.0,0.0,0.38,1.03,0.0
20231116:2211,0.0,0.0,0.0,0.26,0.76,0.0
20231116:2311,0.0,0.0,0.0,0.71,0.55,0.0
20231117:0011,0.0,0.0,0.0,0.45,0.62,0.0
20231117:0111,0.0,0.0,0.0,0.16,0.55,0.0
20231117:0211,0.0,0.0,0.0,0.06,0.55,0.0
20231117:0311,0.0,0.0,0.0,0.09,0.62,0.0
20231117:0411,0.0,0.0,0.0,-0.42,0.62,0.0
20231117:0511,0.0,0.0,0.0,-0.71,0.55,0.0
20231117:0611,0.0,0.0,0.0,-0.9,0.55,0.0
20231117:0711,0.0,0.0,0.0,-0.5,0.41,0.0
20231117:0811,0.0,0.0,0.0,-0.62,0.55,0.0
20231117:0911,27.57,21.32,5.73,-0.34,0.28,0.0
20231117:1011,126.03,62.55,10.16,0.44,0.34,0.0
20231117:1111,367.86,153.11,12.84,0.98,0.41,0.0
20231117:1211,301.92,129.29,13.55,1.65,0.48,0.0
20231117:1311,158.67,75.7,12.23,2.09,0.69,0.0
20231117:1411,271.02,117.97,8.98,2.49,0.62,0.0
20231117:1511,54.99,34.09,4.08,2.51,0.9,0.0
20231117:1611,0.0,0.0,0.0,2.24,0.9,0.0
20231117:1711,0.0,0.0,0.0,1.66,0.9,0.0
20231117:1811,0.0,0.0,0.0,1.5,1.03,0.0
20231117:1911,0.0,0.0,0.0,1.8,0.97,0.0
20231117:2011,0.0,0.0,0.0,1.82,0.97,0.0
20231117:2111,0.0,0.0,0.0,1.94,1.03,0.0
20231117:2211,0.0,0.0,0.0,2.02,1.31,0.0
20231117:2311,0.0,0.0,0.0,2.26,1.45,0.0
20231118:0011,0.0,0.0,0.0,2.72,1.59,0.0
20231118:0111,0.0,0.0,0.0,3.05,1.79,0.0
20231118:0211,0.0,0.0,0.0,3.45,2.14,0.0
20231118:0311,0.0,0.0,0.0,3.78,2.76,0.0
20231118:0411,0.0,0.0,0.0,3.77,3.1,0.0
20231118:0511,0.0,0.0,0.0,3.73,3.24,0.0
20231118:0611,0.0,0.0,0.0,3.7,3.38,0.0
20231118:0711,0.0,0.0,0.0,4.23,2.9,0.0
20231118:0811,0.0,0.0,0.0,4.67,2.76,0.0
20231118:0911,176.52,83.36,5.48,5.06,2.34,0.0
20231118:1011,48.66,31.52,9.91,5.23,1.93,0.0
20231118:1111,14.13,14.83,12.59,5.43,1.66,0.0
20231118:1211,412.2,172.23,13.31,5.71,1.45,0.0
20231118:1311,714.48,287.15,12.0,5.98,1.24,0.0
20231118:1411,886.05,356.32,8.77,6.19,1.1,0.0
20231118:1511,0.0,4.64,3.88,6.09,1.17,0.0
20231118:1611,0.0,0.0,0.0,5.68,1.38,0.0
20231118:1711,0.0,0.0,0.0,5.34,1.52,0.0
20231118:1811,0.0,0.0,0.0,5.26,1.72,0.0
20231118:1911,0.0,0.0,0.0,6.15,1.79,0.0
20231118:2011,0.0,0.0,0.0,6.6,1.86,0.0
20231118:2111,0.0,0.0,0.0,7.04,2.0,0.0
20231118:2211,0.0,0.0,0.0,7.36,2.07,0.0
20231118:2311,0.0,0.0,0.0,7.56,2.28,0.0
20231119:0011,0.0,0.0,0.0,7.58,2.21,0.0
20231119:0111,0.0,0.0,0.0,7.59,2.34,0.0
20231119:0211,0.0,0.0,0.0,7.79,2.69,0.0
20231119:0311,0.0,0.0,0.0,8.05,2.9,0.0
20231119:0411,0.0,0.0,0.0,8.15,2.9,0.0
20231119:0511,0.0,0.0,0.0,8.24,2.83,0.0
20231119:0611,0.0,0.0,0.0,8.19,2.76,0.0
20231119:0711,0.0,0.0,0.0,8.05,2.55,0.0
20231119:0811,0.0,0.0,0.0,8.24,2.34,0.0
20231119:0911,372.9,160.37,5.24,8.34,2.14,0.0
20231119:1011,882.84,355.9,9.67,8.6,2.14,0.0
20231119:1111,917.79,369.37,12.35,8.87,2.21,0.0
20231119:1211,508.26,210.54,13.08,9.14,2.48,0.0
20231119:1311,354.93,152.64,11.77,9.33,2.55,0.0
20231119:1411,152.43,75.01,8.56,9.36,2.34,0.0
20231119:1511,54.18,34.56,3.69,9.0,2.28,0.0
20231119:1611,0.0,0.0,0.0,8.5,2.14,0.0
20231119:1711,0.0,0.0,0.0,8.0,2.0,0.0
20231119:1811,0.0,0.0,0.0,7.99,1.86,0.0
20231119:1911,0.0,0.0,0.0,8.03,1.79,0.0
20231119:2011,0.0,0.0,0.0,7.8,1.79,0.0
20231119:2111,0.0,0.0,0.0,7.75,1.79,0.0
20231119:2211,0.0,0.0,0.0,7.82,1.79,0.0
20231119:2311,0.0,0.0,0.0,7.99,1.72,0.0
20231120:0011,0.0,0.0,0.0,8.3,1.66,0.0
20231120:0111,0.0,0.0,0.0,8.4,1.59,0.0
20231120:0211,0.0,0.0,0.0,8.44,1.52,0.0
20231120:0311,0.0,0.0,0.0,8.38,1.38,0.0
20231120:0411,0.0,0.0,0.0,8.18,1.45,0.0
20231120:0511,0.0,0.0,0.0,8.05,1.59,0.0
20231120:0611,0.0,0.0,0.0,7.91,1.66,0.0
20231120:0711,0.0,0.0,0.0,8.23,1.59,0.0
20231120:0811,0.0,0.0,0.0,8.28,1.86,0.0
20231120:0911,0.0,4.64,5.01,8.31,2.0,0.0
20231120:1011,10.65,12.98,9.43,8.38,2.41,0.0
20231120:1111,12.27,13.91,12.12,8.04,3.79,0.0
20231120:1211,13.98,14.83,12.85,7.39,3.79,0.0
20231120:1311,32.25,24.1,11.55,6.88,3.86,0.0
20231120:1411,4.8,9.27,8.35,6.61,4.14,0.0
20231120:1511,0.0,2.78,3.5,6.32,4.14,0.0
20231120:1611,0.0,0.0,0.0,6.01,4.14,0.0
20231120:1711,0.0,0.0,0.0,5.73,4.14,0.0
20231120:1811,0.0,0.0,0.0,5.56,4.0,0.0
20231120:1911,0.0,0.0,0.0,5.34,3.59,0.0
20231120:2011,0.0,0.0,0.0,5.02,3.24,0.0
20231120:2111,0.0,0.0,0.0,4.78,3.1,0.0
20231120:2211,0.0,0.0,0.0,4.49,2.83,0.0
20231120:2311,0.0,0.0,0.0,4.26,2.48,0.0
20231121:0011,0.0,0.0,0.0,4.13,2.07,0.0
20231121:0111,0.0,0.0,0.0,3.98,1.66,0.0
20231121:0211,0.0,0.0,0.0,3.53,1.38,0.0
20231121:0311,0.0,0.0,0.0,2.98,1.24,0.0
20231121:0411,0.0,0.0,0.0,2.16,1.31,0.0
20231121:0511,0.0,0.0,0.0,2.12,1.17,0.0
20231121:0611,0.0,0.0,0.0,1.82,1.17,0.0
20231121:0711,0.0,0.0,0.0,1.68,1.38,0.0
20231121:0811,0.0,0.0,0.0,1.55,1.66,0.0
20231121:0911,14.49,14.83,4.77,1.67,1.79,0.0
20231121:1011,152.55,73.15,9.2,2.58,1.79,0.0
20231121:1111,154.05,74.16,11.89,3.42,2.0,0.0
20231121:1211,242.13,107.68,12.62,4.07,2.28,0.0
20231121:1311,74.55,42.65,11.34,4.67,2.34,0.0
20231121:1411,54.99,34.3,8.16,5.08,2.76,0.0
20231121:1511,0.0,4.64,3.32,5.06,3.17,0.0
20231121:1611,0.0,0.0,0.0,5.0,3.52,0.0
20231121:1711,0.0,0.0,0.0,4.88,3.79,0.0
20231121:1811,0.0,0.0,0.0,5.21,4.14,0.0
20231121:1911,0.0,0.0,0.0,5.94,4.41,0.0
20231121:2011,0.0,0.0,0.0,6.45,4.83,0.0
20231121:2111,0.0,0.0,0.0,7.14,5.03,0.0
20231121:2211,0.0,0.0,0.0,7.71,5.24,0.0
20231121:2311,0.0,0.0,0.0,8.17,5.38,0.0
20231122:0011,0.0,0.0,0.0,8.52,5.52,0.0
20231122:0111,0.0,0.0,0.0,8.71,5.72,0.0
20231122:0211,0.0,0.0,0.0,8.85,5.66,0.0
20231122:0311,0.0,0.0,0.0,9.17,5.59,0.0
20231122:0411,0.0,0.0,0.0,9.55,5.66,0.0
20231122:0511,0.0,0.0,0.0,9.97,5.59,0.0
20231122:0611,0.0,0.0,0.0,10.21,5.59,0.0
20231122:0711,0.0,0.0,0.0,10.22,5.66,0.0
20231122:0811,0.0,0.0,0.0,10.31,5.66,0.0
20231122:0911,135.18,68.54,4.55,10.39,5.59,0.0
20231122:1011,189.45,89.58,8.97,10.48,5.52,0.0
20231122:1111,15.36,15.76,11.66,10.59,5.66,0.0
20231122:1211,45.33,30.59,12.4,10.59,5.79,0.0
20231122:1311,37.38,26.89,11.14,10.63,6.0,0.0
20231122:1411,3.33,8.34,7.96,10.55,6.21,0.0
20231122:1511,0.0,2.78,3.14,10.47,6.48,0.0
20231122:1611,0.0,0.0,0.0,10.34,6.9,0.0
20231122:1711,0.0,0.0,0.0,10.24,7.1,0.0
20231122:1811,0.0,0.0,0.0,10.25,7.24,0.0
20231122:1911,0.0,0.0,0.0,10.49,7.1,0.0
20231122:2011,0.0,0.0,0.0,10.58,7.24,0.0
20231122:2111,0.0,0.0,0.0,10.75,7.38,0.0
20231122:2211,0.0,0.0,0.0,10.7,7.31,0.0
20231122:2311,0.0,0.0,0.0,10.37,7.31,0.0
20231123:0011,0.0,0.0,0.0,9.91,7.45,0.0
20231123:0111,0.0,0.0,0.0,9.48,7.45,0.0
20231123:0211,0.0,0.0,0.0,9.21,7.45,0.0
20231123:0311,0.0,0.0,0.0,8.85,7.17,0.0
20231123:0411,0.0,0.0,0.0,8.54,6.83,0.0
20231123:0511,0.0,0.0,0.0,8.36,6.48,0.0
20231123:0611,0.0,0.0,0.0,7.75,6.14,0.0
20231123:0711,0.0,0.0,0.0,7.94,6.55,0.0
20231123:0811,0.0,0.0,0.0,7.18,6.48,0.0
20231123:0911,0.0,3.71,4.32,6.41,6.28,0.0
20231123:1011,4.83,9.27,8.74,6.04,6.21,0.0
20231123:1111,681.09,269.52,11.44,5.97,6.07,0.0
20231123:1211,14.13,14.83,12.19,5.93,6.07,0.0
20231123:1311,17.58,16.69,10.94,5.77,6.0,0.0
20231123:1411,6.27,10.2,7.78,5.22,6.62,0.0
20231123:1511,0.0,1.85,2.97,5.01,6.07,0.0
20231123:1611,0.0,0.0,0.0,4.5,5.38,0.0
20231123:1711,0.0,0.0,0.0,4.03,5.17,0.0
20231123:1811,0.0,0.0,0.0,3.67,4.83,0.0
20231123:1911,0.0,0.0,0.0,3.88,4.62,0.0
20231123:2011,0.0,0.0,0.0,3.58,4.41,0.0
20231123:2111,0.0,0.0,0.0,3.33,4.21,0.0
20231123:2211,0.0,0.0,0.0,2.99,4.41,0.0
20231123:2311,0.0,0.0,0.0,2.62,4.28,0.0
20231124:0011,0.0,0.0,0.0,2.34,4.34,0.0
20231124:0111,0.0,0.0,0.0,2.14,4.28,0.0
20231124:0211,0.0,0.0,0.0,1.92,4.34,0.0
20231124:0311,0.0,0.0,0.0,1.82,4.28,0.0
20231124:0411,0.0,0.0,0.0,1.45,4.21,0.0
20231124:0511,0.0,0.0,0.0,1.32,4.0,0.0
20231124:0611,0.0,0.0,0.0,1.48,3.93,0.0
20231124:0711,0.0,0.0,0.0,1.53,3.79,0.0
20231124:0811,0.0,0.0,0.0,1.66,3.66,0.0
20231124:0911,0.0,3.5,4.11,1.87,3.52,0.0
20231124:1011,7.92,11.13,8.53,2.19,3.52,0.0
20231124:1111,27.15,21.32,11.23,2.73,2.9,0.0
20231124:1211,21.45,18.54,11.99,3.09,2.9,0.0
20231124:1311,68.52,39.87,10.74,3.26,3.1,0.0
20231124:1411,14.34,14.83,7.6,3.18,3.17,0.0
20231124:1511,0.0,2.78,2.81,2.86,2.41,0.0
20231124:1611,0.0,0.0,0.0,2.39,2.07,0.0
20231124:1711,0.0,0.0,0.0,1.86,1.93,0.0
20231124:1811,0.0,0.0,0.0,1.57,1.86,0.0
20231124:1911,0.0,0.0,0.0,1.01,1.66,0.0
20231124:2011,0.0,0.0,0.0,0.86,1.79,0.0
20231124:2111,0.0,0.0,0.0,0.53,1.86,0.0
20231124:2211,0.0,0.0,0.0,-0.01,1.72,0.0
20231124:2311,0.0,0.0,0.0,-0.4,1.66,0.0
20231125:0011,0.0,0.0,0.0,-0.33,1.52,0.0
20231125:0111,0.0,0.0,0.0,-0.27,1.52,0.0
20231125:0211,0.0,0.0,0.0,-0.3,1.52,0.0
20231125:0311,0.0,0.0,0.0,-0.39,1.52,0.0
20231125:0411,0.0,0.0,0.0,-0.42,1.45,0.0
20231125:0511,0.0,0.0,0.0,-0.39,1.38,0.0
20231125:0611,0.0,0.0,0.0,-0.55,1.38,0.0
20231125:0711,0.0,0.0,0.0,-0.18,1.1,0.0
20231125:0811,0.0,0.0,0.0,0.41,0.9,0.0
20231125:0911,0.0,3.5,3.89,0.67,0.83,0.0
20231125:1011,196.23,89.24,8.31,1.03,0.76,0.0
20231125:1111,789.81,311.11,11.02,1.49,0.62,0.0
20231125:1211,896.7,353.83,11.79,2.17,0.55,0.0
20231125:1311,1181.16,470.24,10.56,2.59,0.55,0.0
20231125:1411,714.57,285.01,7.43,2.63,0.55,0.0
20231125:1511,29.73,22.63,2.65,2.07,0.69,0.0
20231125:1611,0.0,0.0,0.0,1.85,0.76,0.0
20231125:1711,0.0,0.0,0.0,1.68,0.83,0.0
20231125:1811,0.0,0.0,0.0,0.97,0.97,0.0
20231125:1911,0.0,0.0,0.0,1.15,0.83,0.0
20231125:2011,0.0,0.0,0.0,0.65,0.9,0.0
20231125:2111,0.0,0.0,0.0,0.25,0.9,0.0
20231125:2211,0.0,0.0,0.0,-0.96,1.03,0.0
20231125:2311,0.0,0.0,0.0,-1.52,1.1,0.0
20231126:0011,0.0,0.0,0.0,-2.16,1.17,0.0
20231126:0111,0.0,0.0,0.0,-2.68,1.31,0.0
20231126:0211,0.0,0.0,0.0,-2.72,1.24,0.0
20231126:0311,0.0,0.0,0.0,-2.51,1.31,0.0
20231126:0411,0.0,0.0,0.0,-2.43,1.31,0.0
20231126:0511,0.0,0.0,0.0,-2.52,1.17,0.0
20231126:0611,0.0,0.0,0.0,-2.56,1.17,0.0
20231126:0711,0.0,0.0,0.0,-1.9,1.38,0.0
20231126:0811,0.0,0.0,0.0,-1.32,1.52,0.0
20231126:0911,23.43,19.24,3.69,-1.53,1.31,0.0
20231126:1011,275.13,117.58,8.11,-0.86,0.97,0.0
20231126:1111,209.34,94.25,10.82,0.95,0.76,0.0
20231126:1211,1086.09,428.33,11.6,1.83,0.69,0.0
20231126:1311,1051.77,416.36,10.38,2.18,0.48,0.0
20231126:1411,630.3,252.28,7.27,2.18,0.48,0.0
20231126:1511,0.0,3.71,2.5,2.08,0.41,0.0
20231126:1611,0.0,0.0,0.0,1.9,0.34,0.0
20231126:1711,0.0,0.0,0.0,1.65,0.28,0.0
20231126:1811,0.0,0.0,0.0,1.52,0.41,0.0
20231126:1911,0.0,0.0,0.0,1.17,0.69,0.0
20231126:2011,0.0,0.0,0.0,1.05,0.62,0.0
20231126:2111,0.0,0.0,0.0,0.86,0.69,0.0
20231126:2211,0.0,0.0,0.0,0.27,0.9,0.0
20231126:2311,0.0,0.0,0.0,0.14,1.03,0.0
20231127:0011,0.0,0.0,0.0,0.17,1.1,0.0
20231127:0111,0.0,0.0,0.0,0.3,1.1,0.0
20231127:0211,0.0,0.0,0.0,0.52,1.24,0.0
20231127:0311,0.0,0.0,0.0,0.91,1.79,0.0
20231127:0411,0.0,0.0,0.0,1.38,2.28,0.0
20231127:0511,0.0,0.0,0.0,2.08,2.76,0.0
20231127:0611,0.0,0.0,0.0,2.3,2.97,0.0
20231127:0711,0.0,0.0,0.0,2.48,3.66,0.0
20231127:0811,0.0,0.0,0.0,2.37,3.45,0.0
20231127:0911,0.0,2.62,3.48,2.49,3.45,0.0
20231127:1011,17.88,16.69,7.91,2.68,3.45,0.0
20231127:1111,14.37,14.83,10.62,3.11,3.45,0.0
20231127:1211,44.97,29.67,11.41,3.51,2.97,0.0
20231127:1311,511.2,206.53,10.21,3.9,2.76,0.0
20231127:1411,28.83,22.25,7.11,4.19,2.97,0.0
20231127:1511,0.0,1.85,2.36,4.19,2.83,0.0
20231127:1611,0.0,0.0,0.0,3.73,2.41,0.0
20231127:1711,0.0,0.0,0.0,3.39,2.07,0.0
20231127:1811,0.0,0.0,0.0,3.1,1.93,0.0
20231127:1911,0.0,0.0,0.0,3.22,1.93,0.0
20231127:2011,0.0,0.0,0.0,3.01,1.59,0.0
20231127:2111,0.0,0.0,0.0,2.58,1.38,0.0
20231127:2211,0.0,0.0,0.0,2.17,1.17,0.0
20231127:2311,0.0,0.0,0.0,1.57,1.03,0.0
20231128:0011,0.0,0.0,0.0,0.74,0.9,0.0
20231128:0111,0.0,0.0,0.0,0.0,1.03,0.0
20231128:0211,0.0,0.0,0.0,-0.34,1.03,0.0
20231128:0311,0.0,0.0,0.0,-0.3,1.03,0.0
20231128:0411,0.0,0.0,0.0,-0.28,0.97,0.0
20231128:0511,0.0,0.0,0.0,-0.29,0.97,0.0
20231128:0611,0.0,0.0,0.0,-0.12,0.97,0.0
20231128:0711,0.0,0.0,0.0,-0.21,1.1,0.0
20231128:0811,0.0,0.0,0.0,-0.49,1.17,0.0
20231128:0911,0.0,2.62,3.29,-0.95,1.24,0.0
20231128:1011,18.21,16.69,7.71,-0.24,1.1,0.0
20231128:1111,35.43,25.03,10.43,0.12,1.1,0.0
20231128:1211,405.09,165.85,11.23,0.66,1.24,0.0
20231128:1311,1083.66,422.93,10.04,0.94,1.45,0.0
20231128:1411,220.8,98.31,6.96,1.1,1.52,0.0
20231128:1511,0.0,1.75,2.23,0.7,1.52,0.0
20231128:1611,0.0,0.0,0.0,0.12,1.59,0.0
20231128:1711,0.0,0.0,0.0,-0.21,1.52,0.0
20231128:1811,0.0,0.0,0.0,-0.5,1.38,0.0
20231128:1911,0.0,0.0,0.0,-0.5,1.93,0.0
20231128:2011,0.0,0.0,0.0,-1.0,1.79,0.0
20231128:2111,0.0,0.0,0.0,-1.53,1.79,0.0
20231128:2211,0.0,0.0,0.0,-1.26,1.86,0.0
20231128:2311,0.0,0.0,0.0,-1.2,1.79,0.0
20231129:0011,0.0,0.0,0.0,-1.44,1.66,0.0
20231129:0111,0.0,0.0,0.0,-1.54,1.59,0.0
20231129:0211,0.0,0.0,0.0,-1.62,1.59,0.0
20231129:0311,0.0,0.0,0.0,-1.46,1.45,0.0
20231129:0411,0.0,0.0,0.0,-1.58,1.38,0.0
20231129:0511,0.0,0.0,0.0,-1.86,1.24,0.0
20231129:0611,0.0,0.0,0.0,-1.89,1.17,0.0
20231129:0711,0.0,0.0,0.0,-2.41,1.45,0.0
20231129:0811,0.0,0.0,0.0,-2.52,1.52,0.0
20231129:0911,11.64,13.12,3.09,-1.98,1.52,0.0
20231129:1011,392.58,160.33,7.52,-0.7,1.52,0.0
20231129:1111,25.62,20.4,10.25,0.07,1.66,0.0
20231129:1211,29.43,22.25,11.06,0.48,1.72,0.0
20231129:1311,71.61,40.79,9.88,0.67,2.21,0.0
20231129:1411,3.66,8.34,6.81,0.53,2.28,0.0
20231129:1511,0.0,1.75,2.1,0.11,2.48,0.0
20231129:1611,0.0,0.0,0.0,-0.43,2.0,0.0
20231129:1711,0.0,0.0,0.0,-0.93,1.79,0.0
20231129:1811,0.0,0.0,0.0,-1.06,1.52,0.0
20231129:1911,0.0,0.0,0.0,-1.03,0.97,0.0
20231129:2011,0.0,0.0,0.0,-0.96,0.83,0.0
20231129:2111,0.0,0.0,0.0,-0.98,0.76,0.0
20231129:2211,0.0,0.0,0.0,-1.32,0.97,0.0
20231129:2311,0.0,0.0,0.0,-1.45,1.03,0.0
20231130:0011,0.0,0.0,0.0,-1.13,1.1,0.0
20231130:0111,0.0,0.0,0.0,-0.99,1.1,0.0
20231130:0211,0.0,0.0,0.0,-0.86,0.97,0.0
20231130:0311,0.0,0.0,0.0,-0.75,1.03,0.0
20231130:0411,0.0,0.0,0.0,-1.11,1.17,0.0
20231130:0511,0.0,0.0,0.0,-0.93,1.24,0.0
20231130:0611,0.0,0.0,0.0,-0.81,1.38,0.0
20231130:0711,0.0,0.0,0.0,-0.39,1.52,0.0
20231130:0811,0.0,0.0,0.0,-0.56,1.52,0.0
20231130:0911,0.0,3.5,2.91,-1.01,1.38,0.0
20231130:1011,133.86,65.02,7.34,-0.6,1.24,0.0
20231130:1111,454.35,183.67,10.07,0.46,1.17,0.0
20231130:1211,11.19,12.98,10.89,0.96,1.17,0.0
20231130:1311,310.23,131.42,9.73,1.19,1.17,0.0
20231130:1411,292.53,125.06,6.68,1.31,1.17,0.0
20231130:1511,0.0,1.75,1.98,0.84,1.17,0.0
20231130:1611,0.0,0.0,0.0,-0.03,1.17,0.0
20231130:1711,0.0,0.0,0.0,-0.35,1.1,0.0
20231130:1811,0.0,0.0,0.0,-0.65,1.1,0.0
20231130:1911,0.0,0.0,0.0,-0.89,1.24,0.0
20231130:2011,0.0,0.0,0.0,-1.44,1.31,0.0
20231130:2111,0.0,0.0,0.0,-1.86,1.38,0.0
20231130:2211,0.0,0.0,0.0,-2.28,1.31,0.0
20231130:2311,0.0,0.0,0.0,-2.5,1.45,0.0
20231201:0011,0.0,0.0,0.0,-2.65,1.38,0.0
20231201:0111,0.0,0.0,0.0,-2.55,1.17,0.0
20231201:0211,0.0,0.0,0.0,-2.65,1.1,0.0
20231201:0311,0.0,0.0,0.0,-2.92,1.24,0.0
20231201:0411,0.0,0.0,0.0,-3.19,1.24,0.0
20231201:0511,0.0,0.0,0.0,-3.22,1.24,0.0
20231201:0611,0.0,0.0,0.0,-3.66,1.24,0.0
20231201:0711,0.0,0.0,0.0,-3.32,0.9,0.0
20231201:0811,0.0,0.0,0.0,-3.42,0.83,0.0
20231201:0911,11.76,13.12,2.73,-3.35,0.76,0.0
20231201:1011,155.49,72.63,7.16,-2.97,0.76,0.0
20231201:1111,447.33,179.41,9.9,-2.15,0.69,0.0
20231201:1211,367.62,151.06,10.73,-1.38,0.76,0.0
20231201:1311,920.1,357.29,9.58,-0.99,0.76,0.0
20231201:1411,598.26,236.36,6.55,-1.02,0.83,0.0
20231201:1511,0.0,2.62,1.86,-1.57,0.9,0.0
20231201:1611,0.0,0.0,0.0,-2.51,1.17,0.0
20231201:1711,0.0,0.0,0.0,-3.38,1.24,0.0
20231201:1811,0.0,0.0,0.0,-4.09,1.38,0.0
20231201:1911,0.0,0.0,0.0,-3.58,1.31,0.0
20231201:2011,0.0,0.0,0.0,-4.17,1.31,0.0
20231201:2111,0.0,0.0,0.0,-4.56,1.38,0.0
20231201:2211,0.0,0.0,0.0,-4.97,1.38,0.0
20231201:2311,0.0,0.0,0.0,-5.21,1.45,0.0
20231202:0011,0.0,0.0,0.0,-5.31,1.52,0.0
20231202:0111,0.0,0.0,0.0,-5.37,1.59,0.0
20231202:0211,0.0,0.0,0.0,-5.39,1.59,0.0
20231202:0311,0.0,0.0,0.0,-5.4,1.59,0.0
20231202:0411,0.0,0.0,0.0,-5.31,1.52,0.0
20231202:0511,0.0,0.0,0.0,-5.22,1.45,0.0
20231202:0611,0.0,0.0,0.0,-5.12,1.38,0.0
20231202:0711,0.0,0.0,0.0,-5.59,1.45,0.0
20231202:0811,0.0,0.0,0.0,-5.66,1.45,0.0
20231202:0911,4.5,8.74,2.55,-5.56,1.38,0.0
20231202:1011,322.83,132.54,6.99,-5.23,1.24,0.0
20231202:1111,778.8,297.95,9.74,-4.43,1.03,0.0
20231202:1211,568.14,221.75,10.58,-3.53,1.03,0.0
20231202:1311,520.71,205.11,9.44,-2.93,1.03,0.0
20231202:1411,432.06,173.54,6.42,-2.95,1.03,0.0
20231202:1511,0.0,1.75,1.76,-3.33,1.17,0.0
20231202:1611,0.0,0.0,0.0,-4.17,1.31,0.0
20231202:1711,0.0,0.0,0.0,-4.49,1.31,0.0
20231202:1811,0.0,0.0,0.0,-4.69,1.31,0.0
20231202:1911,0.0,0.0,0.0,-4.61,1.31,0.0
20231202:2011,0.0,0.0,0.0,-4.86,1.17,0.0
20231202:2111,0.0,0.0,0.0,-5.15,1.1,0.0
20231202:2211,0.0,0.0,0.0,-5.33,1.1,0.0
20231202:2311,0.0,0.0,0.0,-5.86,1.17,0.0
20231203:0011,0.0,0.0,0.0,-6.26,1.1,0.0
20231203:0111,0.0,0.0,0.0,-6.8,1.03,0.0
20231203:0211,0.0,0.0,0.0,-7.16,1.03,0.0
20231203:0311,0.0,0.0,0.0,-7.07,0.9,0.0
20231203:0411,0.0,0.0,0.0,-7.33,0.9,0.0
20231203:0511,0.0,0.0,0.0,-7.3,0.83,0.0
20231203:0611,0.0,0.0,0.0,-7.35,0.76,0.0
20231203:0711,0.0,0.0,0.0,-7.13,0.76,0.0
20231203:0811,0.0,0.0,0.0,-7.17,0.62,0.0
20231203:0911,0.84,6.12,2.38,-7.14,0.55,0.0
20231203:1011,273.21,114.39,6.83,-6.44,0.48,0.0
20231203:1111,625.41,241.48,9.58,-5.4,0.34,0.0
20231203:1211,475.02,187.96,10.44,-4.52,0.21,0.0
20231203:1311,392.52,158.6,9.31,-4.06,0.07,0.0
20231203:1411,362.07,147.96,6.31,-3.92,0.14,0.0
20231203:1511,0.0,0.87,1.65,-4.12,0.14,0.0
20231203:1611,0.0,0.0,0.0,-4.6,0.0,0.0
20231203:1711,0.0,0.0,0.0,-4.58,0.0,0.0
20231203:1811,0.0,0.0,0.0,-4.18,0.07,0.0
20231203:1911,0.0,0.0,0.0,-3.47,0.28,0.0
20231203:2011,0.0,0.0,0.0,-3.21,0.41,0.0
20231203:2111,0.0,0.0,0.0,-3.05,0.55,0.0
20231203:2211,0.0,0.0,0.0,-3.05,0.62,0.0
20231203:2311,0.0,0.0,0.0,-3.01,0.69,0.0
20231204:0011,0.0,0.0,0.0,-2.85,0.97,0.0
20231204:0111,0.0,0.0,0.0,-2.54,1.1,0.0
20231204:0211,0.0,0.0,0.0,-2.07,1.38,0.0
20231204:0311,0.0,0.0,0.0,-1.78,1.45,0.0
20231204:0411,0.0,0.0,0.0,-1.56,1.72,0.0
20231204:0511,0.0,0.0,0.0,-1.17,1.86,0.0
20231204:0611,0.0,0.0,0.0,-0.66,2.07,0.0
20231204:0711,0.0,0.0,0.0,0.34,2.9,0.0
20231204:0811,0.0,0.0,0.0,0.64,2.9,0.0
20231204:0911,0.0,1.75,2.22,0.69,2.83,0.0
20231204:1011,12.84,13.91,6.67,1.03,2.69,0.0
20231204:1111,888.78,343.96,9.43,1.4,3.1,0.0
20231204:1211,573.63,227.03,10.3,1.53,2.97,0.0
20231204:1311,310.08,131.05,9.19,1.78,3.45,0.0
20231204:1411,1.14,6.49,6.2,1.78,2.69,0.0
20231204:1511,0.0,0.87,1.56,1.58,2.83,0.0
20231204:1611,0.0,0.0,0.0,1.23,2.69,0.0
20231204:1711,0.0,0.0,0.0,1.12,2.55,0.0
20231204:1811,0.0,0.0,0.0,0.95,2.34,0.0
20231204:1911,0.0,0.0,0.0,0.73,2.28,0.0
20231204:2011,0.0,0.0,0.0,0.72,2.21,0.0
20231204:2111,0.0,0.0,0.0,0.74,2.14,0.0
20231204:2211,0.0,0.0,0.0,0.67,1.93,0.0
20231204:2311,0.0,0.0,0.0,0.66,1.79,0.0
20231205:0011,0.0,0.0,0.0,0.66,1.72,0.0
20231205:0111,0.0,0.0,0.0,0.5,1.59,0.0
20231205:0211,0.0,0.0,0.0,0.25,1.52,0.0
20231205:0311,0.0,0.0,0.0,0.16,1.31,0.0
20231205:0411,0.0,0.0,0.0,-0.01,1.17,0.0
20231205:0511,0.0,0.0,0.0,-0.29,1.03,0.0
20231205:0611,0.0,0.0,0.0,-0.55,0.9,0.0
20231205:0711,0.0,0.0,0.0,-0.44,1.03,0.0
20231205:0811,0.0,0.0,0.0,-0.46,0.69,0.0
20231205:0911,0.0,1.75,2.06,-0.52,0.55,0.0
20231205:1011,12.96,13.91,6.52,-0.38,0.55,0.0
20231205:1111,181.77,83.47,9.29,-0.14,0.48,0.0
20231205:1211,85.2,46.36,10.17,0.11,0.48,0.0
20231205:1311,194.34,88.24,9.07,0.1,0.34,0.0
20231205:1411,14.64,14.83,6.1,0.0,0.41,0.0
20231205:1511,0.0,0.87,1.48,-0.52,0.34,0.0
20231205:1611,0.0,0.0,0.0,-1.45,0.55,0.0
20231205:1711,0.0,0.0,0.0,-2.21,0.76,0.0
20231205:1811,0.0,0.0,0.0,-2.76,0.97,0.0
20231205:1911,0.0,0.0,0.0,-3.1,1.1,0.0
20231205:2011,0.0,0.0,0.0,-3.61,1.1,0.0
20231205:2111,0.0,0.0,0.0,-4.03,1.1,0.0
20231205:2211,0.0,0.0,0.0,-4.74,1.1,0.0
20231205:2311,0.0,0.0,0.0,-4.97,1.17,0.0
20231206:0011,0.0,0.0,0.0,-5.15,1.17,0.0
20231206:0111,0.0,0.0,0.0,-5.22,1.1,0.0
20231206:0211,0.0,0.0,0.0,-5.38,1.17,0.0
20231206:0311,0.0,0.0,0.0,-5.39,1.1,0.0
20231206:0411,0.0,0.0,0.0,-5.54,1.17,0.0
20231206:0511,0.0,0.0,0.0,-5.65,1.17,0.0
20231206:0611,0.0,0.0,0.0,-5.51,1.1,0.0
20231206:0711,0.0,0.0,0.0,-5.78,1.17,0.0
20231206:0811,0.0,0.0,0.0,-6.13,1.17,0.0
20231206:0911,0.0,0.87,1.91,-6.26,1.1,0.0
20231206:1011,62.52,36.03,6.37,-5.62,1.03,0.0
20231206:1111,123.66,60.36,9.15,-4.44,0.97,0.0
20231206:1211,151.71,71.24,10.04,-3.39,0.9,0.0
20231206:1311,163.8,75.97,8.96,-2.49,0.83,0.0
20231206:1411,168.21,77.68,6.01,-1.84,0.83,0.0
20231206:1511,0.0,0.87,1.4,-1.69,1.03,0.0
20231206:1611,0.0,0.0,0.0,-2.03,1.45,0.0
20231206:1711,0.0,0.0,0.0,-1.87,1.86,0.0
20231206:1811,0.0,0.0,0.0,-1.7,2.21,0.0
20231206:1911,0.0,0.0,0.0,-1.21,2.48,0.0
20231206:2011,0.0,0.0,0.0,-0.5,2.76,0.0
20231206:2111,0.0,0.0,0.0,0.13,2.9,0.0
20231206:2211,0.0,0.0,0.0,0.66,3.24,0.0
20231206:2311,0.0,0.0,0.0,0.93,3.45,0.0
20231207:0011,0.0,0.0,0.0,0.99,3.66,0.0
20231207:0111,0.0,0.0,0.0,1.22,3.72,0.0
20231207:0211,0.0,0.0,0.0,1.41,3.72,0.0
20231207:0311,0.0,0.0,0.0,1.51,3.66,0.0
20231207:0411,0.0,0.0,0.0,1.67,3.52,0.0
20231207:0511,0.0,0.0,0.0,1.8,3.45,0.0
20231207:0611,0.0,0.0,0.0,1.95,3.66,0.0
20231207:0711,0.0,0.0,0.0,2.58,3.93,0.0
20231207:0811,0.0,0.0,0.0,2.85,4.0,0.0
20231207:0911,0.0,0.87,1.77,3.19,4.28,0.0
20231207:1011,55.62,34.25,6.23,3.7,4.62,0.0
20231207:1111,57.51,35.23,9.03,4.02,4.97,0.0
20231207:1211,28.83,22.25,9.93,4.26,4.97,0.0
20231207:1311,14.25,14.83,8.86,4.3,4.76,0.0
20231207:1411,6.33,10.2,5.92,4.22,4.62,0.0
20231207:1511,0.0,0.0,0.0,4.07,4.55,0.0
20231207:1611,0.0,0.0,0.0,4.03,4.55,0.0
20231207:1711,0.0,0.0,0.0,4.07,4.69,0.0
20231207:1811,0.0,0.0,0.0,3.94,4.62,0.0
20231207:1911,0.0,0.0,0.0,4.18,4.55,0.0
20231207:2011,0.0,0.0,0.0,3.91,4.34,0.0
20231207:2111,0.0,0.0,0.0,3.58,4.14,0.0
20231207:2211,0.0,0.0,0.0,3.29,3.72,0.0
20231207:2311,0.0,0.0,0.0,3.04,3.17,0.0
20231208:0011,0.0,0.0,0.0,3.0,2.41,0.0
20231208:0111,0.0,0.0,0.0,2.83,1.93,0.0
20231208:0211,0.0,0.0,0.0,2.73,1.66,0.0
20231208:0311,0.0,0.0,0.0,2.42,1.45,0.0
20231208:0411,0.0,0.0,0.0,1.98,1.38,0.0
20231208:0511,0.0,0.0,0.0,1.64,1.31,0.0
20231208:0611,0.0,0.0,0.0,1.21,1.38,0.0
20231208:0711,0.0,0.0,0.0,1.06,1.45,0.0
20231208:0811,0.0,0.0,0.0,1.27,1.31,0.0
20231208:0911,0.0,0.87,1.63,1.56,1.31,0.0
20231208:1011,35.07,25.03,6.1,1.98,1.38,0.0
20231208:1111,456.63,186.23,8.9,3.01,1.45,0.0
20231208:1211,127.17,63.71,9.82,3.92,1.59,0.0
20231208:1311,105.15,55.02,8.77,4.61,1.79,0.0
20231208:1411,17.67,16.69,5.84,4.76,1.93,0.0
20231208:1511,0.0,0.0,0.0,4.63,2.07,0.0
20231208:1611,0.0,0.0,0.0,4.4,1.93,0.0
20231208:1711,0.0,0.0,0.0,4.14,1.93,0.0
20231208:1811,0.0,0.0,0.0,4.06,1.86,0.0
20231208:1911,0.0,0.0,0.0,4.42,2.07,0.0
20231208:2011,0.0,0.0,0.0,4.49,2.14,0.0
20231208:2111,0.0,0.0,0.0,4.56,2.21,0.0
20231208:2211,0.0,0.0,0.0,4.73,2.21,0.0
20231208:2311,0.0,0.0,0.0,4.7,2.07,0.0
20231209:0011,0.0,0.0,0.0,4.75,2.07,0.0
20231209:0111,0.0,0.0,0.0,4.74,2.28,0.0
20231209:0211,0.0,0.0,0.0,4.66,2.34,0.0
20231209:0311,0.0,0.0,0.0,4.53,2.28,0.0
20231209:0411,0.0,0.0,0.0,4.3,2.28,0.0
20231209:0511,0.0,0.0,0.0,4.17,1.93,0.0
20231209:0611,0.0,0.0,0.0,3.98,1.66,0.0
20231209:0711,0.0,0.0,0.0,4.57,1.66,0.0
20231209:0811,0.0,0.0,0.0,4.73,1.72,0.0
20231209:0911,0.0,0.87,1.5,4.8,1.66,0.0
20231209:1011,19.41,17.62,5.98,4.83,1.45,0.0
20231209:1111,464.61,190.8,8.79,5.03,1.45,0.0
20231209:1211,505.56,206.38,9.71,5.43,1.52,0.0
20231209:1311,183.12,85.66,8.68,5.63,1.66,0.0
20231209:1411,278.37,121.77,5.77,5.69,1.86,0.0
20231209:1511,0.0,0.0,0.0,5.38,2.14,0.0
20231209:1611,0.0,0.0,0.0,5.21,2.14,0.0
20231209:1711,0.0,0.0,0.0,5.17,2.07,0.0
20231209:1811,0.0,0.0,0.0,5.19,2.0,0.0
20231209:1911,0.0,0.0,0.0,5.06,1.38,0.0
20231209:2011,0.0,0.0,0.0,4.76,1.1,0.0
20231209:2111,0.0,0.0,0.0,4.28,0.97,0.0
20231209:2211,0.0,0.0,0.0,4.6,0.69,0.0
20231209:2311,0.0,0.0,0.0,5.05,0.34,0.0
20231210:0011,0.0,0.0,0.0,4.88,0.62,0.0
20231210:0111,0.0,0.0,0.0,4.02,0.76,0.0
20231210:0211,0.0,0.0,0.0,3.16,1.03,0.0
20231210:0311,0.0,0.0,0.0,2.85,1.03,0.0
20231210:0411,0.0,0.0,0.0,2.21,1.17,0.0
20231210:0511,0.0,0.0,0.0,2.0,1.03,0.0
20231210:0611,0.0,0.0,0.0,1.79,1.1,0.0
20231210:0711,0.0,0.0,0.0,2.71,1.45,0.0
20231210:0811,0.0,0.0,0.0,3.03,1.45,0.0
20231210:0911,0.0,0.87,1.37,3.08,1.38,0.0
20231210:1011,25.14,20.4,5.86,3.36,1.31,0.0
20231210:1111,68.22,39.87,8.68,3.82,1.24,0.0
20231210:1211,25.02,20.4,9.62,4.17,1.31,0.0
20231210:1311,21.27,18.54,8.6,4.52,1.38,0.0
20231210:1411,6.3,10.2,5.71,4.52,1.45,0.0
20231210:1511,0.0,0.0,0.0,4.38,1.52,0.0
20231210:1611,0.0,0.0,0.0,4.18,1.59,0.0
20231210:1711,0.0,0.0,0.0,4.1,1.93,0.0
20231210:1811,0.0,0.0,0.0,4.1,2.41,0.0
20231210:1911,0.0,0.0,0.0,4.11,2.76,0.0
20231210:2011,0.0,0.0,0.0,3.97,2.48,0.0
20231210:2111,0.0,0.0,0.0,3.81,2.28,0.0
20231210:2211,0.0,0.0,0.0,3.7,2.14,0.0
20231210:2311,0.0,0.0,0.0,3.63,2.14,0.0
20231211:0011,0.0,0.0,0.0,3.61,2.21,0.0
20231211:0111,0.0,0.0,0.0,3.48,2.55,0.0
20231211:0211,0.0,0.0,0.0,3.47,2.48,0.0
20231211:0311,0.0,0.0,0.0,3.47,2.62,0.0
20231211:0411,0.0,0.0,0.0,3.39,2.55,0.0
20231211:0511,0.0,0.0,0.0,3.38,2.62,0.0
20231211:0611,0.0,0.0,0.0,3.27,2.55,0.0
20231211:0711,0.0,0.0,0.0,3.43,2.48,0.0
20231211:0811,0.0,0.0,0.0,3.35,2.14,0.0
20231211:0911,0.0,0.0,0.0,3.33,2.0,0.0
20231211:1011,6.36,10.2,5.75,3.36,2.0,0.0
20231211:1111,92.82,49.89,8.58,3.55,2.48,0.0
20231211:1211,120.99,61.14,9.53,3.67,2.28,0.0
20231211:1311,66.12,38.94,8.53,3.69,2.0,0.0
20231211:1411,4.92,9.27,5.65,3.69,1.79,0.0
20231211:1511,0.0,0.0,0.0,3.15,1.66,0.0
20231211:1611,0.0,0.0,0.0,2.55,1.72,0.0
20231211:1711,0.0,0.0,0.0,2.35,1.79,0.0
20231211:1811,0.0,0.0,0.0,2.32,1.79,0.0
20231211:1911,0.0,0.0,0.0,2.91,2.07,0.0
20231211:2011,0.0,0.0,0.0,2.82,2.28,0.0
20231211:2111,0.0,0.0,0.0,2.91,2.28,0.0
20231211:2211,0.0,0.0,0.0,2.95,2.14,0.0
20231211:2311,0.0,0.0,0.0,2.91,2.28,0.0
20231212:0011,0.0,0.0,0.0,2.96,2.55,0.0
20231212:0111,0.0,0.0,0.0,2.84,2.76,0.0
20231212:0211,0.0,0.0,0.0,2.81,2.9,0.0
20231212:0311,0.0,0.0,0.0,2.84,3.03,0.0
20231212:0411,0.0,0.0,0.0,2.94,3.17,0.0
20231212:0511,0.0,0.0,0.0,3.08,3.17,0.0
20231212:0611,0.0,0.0,0.0,3.12,3.17,0.0
20231212:0711,0.0,0.0,0.0,3.58,3.17,0.0
20231212:0811,0.0,0.0,0.0,3.61,3.03,0.0
20231212:0911,0.0,0.0,0.0,3.72,2.97,0.0
20231212:1011,14.28,14.83,5.64,3.86,2.83,0.0
20231212:1111,26.94,21.32,8.49,3.95,2.83,0.0
20231212:1211,74.85,42.65,9.45,3.95,2.83,0.0
20231212:1311,12.6,13.91,8.46,3.92,2.76,0.0
20231212:1411,48.03,30.95,5.6,3.83,2.76,0.0
20231212:1511,0.0,0.0,0.0,3.68,2.55,0.0
20231212:1611,0.0,0.0,0.0,3.54,2.69,0.0
20231212:1711,0.0,0.0,0.0,3.42,2.55,0.0
20231212:1811,0.0,0.0,0.0,3.38,2.41,0.0
20231212:1911,0.0,0.0,0.0,3.34,2.41,0.0
20231212:2011,0.0,0.0,0.0,3.08,2.14,0.0
20231212:2111,0.0,0.0,0.0,2.85,2.07,0.0
20231212:2211,0.0,0.0,0.0,2.75,1.86,0.0
20231212:2311,0.0,0.0,0.0,2.54,1.86,0.0
20231213:0011,0.0,0.0,0.0,2.31,1.72,0.0
20231213:0111,0.0,0.0,0.0,2.27,1.66,0.0
20231213:0211,0.0,0.0,0.0,1.97,1.52,0.0
20231213:0311,0.0,0.0,0.0,2.11,1.38,0.0
20231213:0411,0.0,0.0,0.0,1.81,1.1,0.0
20231213:0511,0.0,0.0,0.0,1.86,1.1,0.0
20231213:0611,0.0,0.0,0.0,1.84,0.76,0.0
20231213:0711,0.0,0.0,0.0,1.6,0.69,0.0
20231213:0811,0.0,0.0,0.0,1.42,0.69,0.0
20231213:0911,0.0,0.0,0.0,1.11,0.9,0.0
20231213:1011,76.89,42.88,5.55,1.3,0.76,0.0
20231213:1111,1104.78,434.22,8.4,1.69,1.1,0.0
20231213:1211,1113.99,436.16,9.38,1.82,1.52,0.0
20231213:1311,803.7,315.31,8.41,2.19,1.66,0.0
20231213:1411,741.66,292.53,5.56,2.43,2.14,0.0
20231213:1511,0.0,0.0,0.0,2.28,2.28,0.0
20231213:1611,0.0,0.0,0.0,1.69,2.48,0.0
20231213:1711,0.0,0.0,0.0,1.2,2.83,0.0
20231213:1811,0.0,0.0,0.0,1.07,3.1,0.0
20231213:1911,0.0,0.0,0.0,1.26,3.24,0.0
20231213:2011,0.0,0.0,0.0,1.35,3.59,0.0
20231213:2111,0.0,0.0,0.0,1.77,4.14,0.0
20231213:2211,0.0,0.0,0.0,2.12,4.48,0.0
20231213:2311,0.0,0.0,0.0,2.56,4.69,0.0
20231214:0011,0.0,0.0,0.0,2.78,4.9,0.0
20231214:0111,0.0,0.0,0.0,3.14,5.03,0.0
20231214:0211,0.0,0.0,0.0,3.49,5.03,0.0
20231214:0311,0.0,0.0,0.0,3.84,4.76,0.0
20231214:0411,0.0,0.0,0.0,4.36,4.14,0.0
20231214:0511,0.0,0.0,0.0,4.9,3.66,0.0
20231214:0611,0.0,0.0,0.0,4.81,3.52,0.0
20231214:0711,0.0,0.0,0.0,5.2,3.59,0.0
20231214:0811,0.0,0.0,0.0,5.28,3.93,0.0
20231214:0911,0.0,0.0,0.0,5.25,4.07,0.0
20231214:1011,135.12,66.75,5.46,5.33,4.07,0.0
20231214:1111,197.46,90.77,8.32,5.53,4.14,0.0
20231214:1211,1068.39,418.31,9.32,5.86,4.34,0.0
20231214:1311,56.88,35.23,8.36,6.07,4.28,0.0
20231214:1411,0.0,5.56,5.52,6.05,4.14,0.0
20231214:1511,0.0,0.0,0.0,5.6,3.79,0.0
20231214:1611,0.0,0.0,0.0,5.32,3.59,0.0
20231214:1711,0.0,0.0,0.0,5.22,3.52,0.0
20231214:1811,0.0,0.0,0.0,5.1,3.52,0.0
20231214:1911,0.0,0.0,0.0,5.8,4.07,0.0
20231214:2011,0.0,0.0,0.0,5.89,4.21,0.0
20231214:2111,0.0,0.0,0.0,5.79,4.28,0.0
20231214:2211,0.0,0.0,0.0,5.92,4.41,0.0
20231214:2311,0.0,0.0,0.0,6.03,4.41,0.0
20231215:0011,0.0,0.0,0.0,6.12,4.28,0.0
20231215:0111,0.0,0.0,0.0,6.11,4.14,0.0
20231215:0211,0.0,0.0,0.0,6.24,4.14,0.0
20231215:0311,0.0,0.0,0.0,6.19,3.93,0.0
20231215:0411,0.0,0.0,0.0,6.14,3.86,0.0
20231215:0511,0.0,0.0,0.0,6.06,3.79,0.0
20231215:0611,0.0,0.0,0.0,6.09,3.86,0.0
20231215:0711,0.0,0.0,0.0,6.3,4.14,0.0
20231215:0811,0.0,0.0,0.0,6.23,4.07,0.0
20231215:0911,0.0,0.0,0.0,6.26,4.07,0.0
20231215:1011,21.03,18.54,5.37,6.68,4.21,0.0
20231215:1111,54.45,34.3,8.25,7.16,4.48,0.0
20231215:1211,34.08,25.03,9.26,7.51,4.9,0.0
20231215:1311,98.25,52.73,8.32,7.75,5.17,0.0
20231215:1411,0.0,5.56,5.5,8.06,5.93,0.0
20231215:1511,0.0,0.0,0.0,8.66,6.41,0.0
20231215:1611,0.0,0.0,0.0,9.17,6.69,0.0
20231215:1711,0.0,0.0,0.0,9.23,6.83,0.0
20231215:1811,0.0,0.0,0.0,9.15,6.83,0.0
20231215:1911,0.0,0.0,0.0,9.45,6.62,0.0
20231215:2011,0.0,0.0,0.0,9.44,6.55,0.0
20231215:2111,0.0,0.0,0.0,9.43,6.34,0.0
20231215:2211,0.0,0.0,0.0,9.39,6.21,0.0
20231215:2311,0.0,0.0,0.0,9.37,6.28,0.0
20231216:0011,0.0,0.0,0.0,9.42,6.28,0.0
20231216:0111,0.0,0.0,0.0,9.46,6.14,0.0
20231216:0211,0.0,0.0,0.0,9.53,6.28,0.0
20231216:0311,0.0,0.0,0.0,9.54,6.48,0.0
20231216:0411,0.0,0.0,0.0,9.43,6.55,0.0
20231216:0511,0.0,0.0,0.0,9.3,6.48,0.0
20231216:0611,0.0,0.0,0.0,9.24,6.55,0.0
20231216:0711,0.0,0.0,0.0,9.7,6.62,0.0
20231216:0811,0.0,0.0,0.0,9.85,6.76,0.0
20231216:0911,0.0,0.0,0.0,9.92,6.9,0.0
20231216:1011,331.77,143.2,5.3,9.97,7.17,0.0
20231216:1111,1034.73,408.66,8.19,10.01,7.38,0.0
20231216:1211,66.33,39.87,9.21,9.87,7.24,0.0
20231216:1311,4.68,9.27,8.28,9.92,7.03,0.0
20231216:1411,7.5,11.13,5.48,9.81,6.55,0.0
20231216:1511,0.0,0.0,0.0,9.7,6.14,0.0
20231216:1611,0.0,0.0,0.0,9.64,5.86,0.0
20231216:1711,0.0,0.0,0.0,9.63,5.72,0.0
20231216:1811,0.0,0.0,0.0,9.59,5.59,0.0
20231216:1911,0.0,0.0,0.0,9.73,5.17,0.0
20231216:2011,0.0,0.0,0.0,9.7,5.1,0.0
20231216:2111,0.0,0.0,0.0,9.61,5.1,0.0
20231216:2211,0.0,0.0,0.0,9.42,5.45,0.0
20231216:2311,0.0,0.0,0.0,9.19,5.79,0.0
20231217:0011,0.0,0.0,0.0,8.98,6.07,0.0
20231217:0111,0.0,0.0,0.0,8.95,6.21,0.0
20231217:0211,0.0,0.0,0.0,8.91,6.21,0.0
20231217:0311,0.0,0.0,0.0,8.96,6.28,0.0
20231217:0411,0.0,0.0,0.0,9.0,6.48,0.0
20231217:0511,0.0,0.0,0.0,8.85,6.76,0.0
20231217:0611,0.0,0.0,0.0,8.7,6.83,0.0
20231217:0711,0.0,0.0,0.0,9.04,6.97,0.0
20231217:0811,0.0,0.0,0.0,9.18,6.97,0.0
20231217:0911,0.0,0.0,0.0,9.33,6.97,0.0
20231217:1011,15.45,15.76,5.23,9.6,6.83,0.0
20231217:1111,57.87,36.16,8.13,9.89,6.69,0.0
20231217:1211,264.6,117.85,9.17,10.14,6.48,0.0
20231217:1311,209.28,96.93,8.26,10.4,6.07,0.0
20231217:1411,24.15,20.4,5.47,10.46,5.52,0.0
20231217:1511,0.0,0.0,0.0,10.36,5.03,0.0
20231217:1611,0.0,0.0,0.0,10.27,4.69,0.0
20231217:1711,0.0,0.0,0.0,10.22,4.41,0.0
20231217:1811,0.0,0.0,0.0,10.2,4.14,0.0
20231217:1911,0.0,0.0,0.0,10.36,3.79,0.0
20231217:2011,0.0,0.0,0.0,10.2,3.38,0.0
20231217:2111,0.0,0.0,0.0,10.0,2.97,0.0
20231217:2211,0.0,0.0,0.0,9.74,2.83,0.0
20231217:2311,0.0,0.0,0.0,9.43,2.76,0.0
20231218:0011,0.0,0.0,0.0,9.22,2.83,0.0
20231218:0111,0.0,0.0,0.0,8.93,2.69,0.0
20231218:0211,0.0,0.0,0.0,8.74,2.41,0.0
20231218:0311,0.0,0.0,0.0,8.57,2.21,0.0
20231218:0411,0.0,0.0,0.0,8.37,2.0,0.0
20231218:0511,0.0,0.0,0.0,8.26,1.86,0.0
20231218:0611,0.0,0.0,0.0,8.32,1.72,0.0
20231218:0711,0.0,0.0,0.0,8.97,1.72,0.0
20231218:0811,0.0,0.0,0.0,9.13,1.79,0.0
20231218:0911,0.0,0.0,0.0,9.09,2.21,0.0
20231218:1011,175.38,83.56,5.17,8.88,2.97,0.0
20231218:1111,7.56,11.13,8.08,8.47,3.66,0.0
20231218:1211,50.04,32.45,9.13,8.05,4.21,0.0
20231218:1311,124.56,63.34,8.24,7.85,4.69,0.0
20231218:1411,0.0,5.56,5.46,7.72,5.24,0.0
20231218:1511,0.0,0.0,0.0,7.39,5.38,0.0
20231218:1611,0.0,0.0,0.0,7.03,5.52,0.0
20231218:1711,0.0,0.0,0.0,6.87,5.17,0.0
20231218:1811,0.0,0.0,0.0,5.86,4.76,0.0
20231218:1911,0.0,0.0,0.0,6.26,4.14,0.0
20231218:2011,0.0,0.0,0.0,5.58,3.93,0.0
20231218:2111,0.0,0.0,0.0,4.92,3.59,0.0
20231218:2211,0.0,0.0,0.0,4.33,3.38,0.0
20231218:2311,0.0,0.0,0.0,3.69,3.24,0.0
20231219:0011,0.0,0.0,0.0,3.15,3.1,0.0
20231219:0111,0.0,0.0,0.0,2.84,3.17,0.0
20231219:0211,0.0,0.0,0.0,2.78,3.17,0.0
20231219:0311,0.0,0.0,0.0,2.37,3.24,0.0
20231219:0411,0.0,0.0,0.0,2.26,3.66,0.0
20231219:0511,0.0,0.0,0.0,2.35,4.0,0.0
20231219:0611,0.0,0.0,0.0,2.72,4.48,0.0
20231219:0711,0.0,0.0,0.0,3.18,4.55,0.0
20231219:0811,0.0,0.0,0.0,3.53,4.83,0.0
20231219:0911,0.0,0.0,0.0,3.73,5.03,0.0
20231219:1011,522.75,210.19,5.11,3.79,4.9,0.0
20231219:1111,683.31,268.44,8.04,3.99,5.24,0.0
20231219:1211,296.58,127.06,9.11,4.42,5.52,0.0
20231219:1311,514.29,206.67,8.23,4.6,5.72,0.0
20231219:1411,180.27,83.77,5.47,4.54,5.79,0.0
20231219:1511,0.0,0.0,0.0,4.2,5.66,0.0
20231219:1611,0.0,0.0,0.0,3.89,5.17,0.0
20231219:1711,0.0,0.0,0.0,3.7,5.24,0.0
20231219:1811,0.0,0.0,0.0,3.76,5.24,0.0
20231219:1911,0.0,0.0,0.0,4.23,5.1,0.0
20231219:2011,0.0,0.0,0.0,3.99,4.9,0.0
20231219:2111,0.0,0.0,0.0,4.15,4.97,0.0
20231219:2211,0.0,0.0,0.0,4.17,5.24,0.0
20231219:2311,0.0,0.0,0.0,3.85,5.17,0.0
20231220:0011,0.0,0.0,0.0,3.2,5.17,0.0
20231220:0111,0.0,0.0,0.0,2.85,4.83,0.0
20231220:0211,0.0,0.0,0.0,2.63,4.69,0.0
20231220:0311,0.0,0.0,0.0,2.6,4.55,0.0
20231220:0411,0.0,0.0,0.0,2.52,4.28,0.0
20231220:0511,0.0,0.0,0.0,2.64,4.21,0.0
20231220:0611,0.0,0.0,0.0,2.69,4.0,0.0
20231220:0711,0.0,0.0,0.0,3.09,3.79,0.0
20231220:0811,0.0,0.0,0.0,3.28,3.52,0.0
20231220:0911,0.0,0.0,0.0,3.59,3.17,0.0
20231220:1011,0.0,4.64,5.07,4.44,3.52,0.0
20231220:1111,26.67,21.32,8.01,5.83,4.55,0.0
20231220:1211,24.66,20.4,9.09,6.9,5.17,0.0
20231220:1311,34.11,25.03,8.22,7.34,5.1,0.0
20231220:1411,30.21,23.18,5.48,7.49,4.9,0.0
20231220:1511,0.0,0.0,0.0,7.64,4.83,0.0
20231220:1611,0.0,0.0,0.0,7.65,4.76,0.0
20231220:1711,0.0,0.0,0.0,7.79,4.97,0.0
20231220:1811,0.0,0.0,0.0,7.89,5.17,0.0
20231220:1911,0.0,0.0,0.0,7.68,5.45,0.0
20231220:2011,0.0,0.0,0.0,7.79,5.72,0.0
20231220:2111,0.0,0.0,0.0,7.93,6.14,0.0
20231220:2211,0.0,0.0,0.0,8.1,6.83,0.0
20231220:2311,0.0,0.0,0.0,7.64,6.76,0.0
20231221:0011,0.0,0.0,0.0,7.42,6.69,0.0
20231221:0111,0.0,0.0,0.0,7.39,6.34,0.0
20231221:0211,0.0,0.0,0.0,7.67,6.55,0.0
20231221:0311,0.0,0.0,0.0,7.93,7.38,0.0
20231221:0411,0.0,0.0,0.0,7.95,8.21,0.0
20231221:0511,0.0,0.0,0.0,7.04,8.0,0.0
20231221:0611,0.0,0.0,0.0,6.59,7.59,0.0
20231221:0711,0.0,0.0,0.0,5.91,6.97,0.0
20231221:0811,0.0,0.0,0.0,5.16,7.03,0.0
20231221:0911,0.0,0.0,0.0,4.58,6.69,0.0
20231221:1011,95.28,50.7,5.03,4.27,6.55,0.0
20231221:1111,16.02,15.76,7.98,3.97,6.21,0.0
20231221:1211,19.59,17.62,9.08,3.7,6.41,0.0
20231221:1311,105.57,54.81,8.23,3.46,5.59,0.0
20231221:1411,30.93,23.18,5.5,3.36,5.72,0.0
20231221:1511,0.0,0.0,0.0,3.0,5.52,0.0
20231221:1611,0.0,0.0,0.0,2.39,5.24,0.0
20231221:1711,0.0,0.0,0.0,2.11,4.97,0.0
20231221:1811,0.0,0.0,0.0,2.19,4.69,0.0
20231221:1911,0.0,0.0,0.0,2.5,4.83,0.0
20231221:2011,0.0,0.0,0.0,2.34,4.62,0.0
20231221:2111,0.0,0.0,0.0,2.27,4.41,0.0
20231221:2211,0.0,0.0,0.0,2.28,4.07,0.0
20231221:2311,0.0,0.0,0.0,2.39,3.86,0.0
20231222:0011,0.0,0.0,0.0,2.08,3.45,0.0
20231222:0111,0.0,0.0,0.0,2.24,2.97,0.0
20231222:0211,0.0,0.0,0.0,2.48,3.1,0.0
20231222:0311,0.0,0.0,0.0,2.88,3.17,0.0
20231222:0411,0.0,0.0,0.0,3.13,3.38,0.0
20231222:0511,0.0,0.0,0.0,2.94,3.72,0.0
20231222:0611,0.0,0.0,0.0,2.66,3.79,0.0
20231222:0711,0.0,0.0,0.0,4.16,4.48,0.0
20231222:0811,0.0,0.0,0.0,4.01,4.14,0.0
20231222:0911,0.0,0.0,0.0,3.59,3.59,0.0
20231222:1011,0.03,5.56,5.0,3.25,3.79,0.0
20231222:1111,47.16,30.59,7.96,3.1,4.14,0.0
20231222:1211,88.26,47.83,9.08,2.85,4.55,0.0
20231222:1311,80.13,44.45,8.24,2.61,4.34,0.0
20231222:1411,74.7,42.06,5.52,2.48,4.34,0.0
20231222:1511,0.0,0.0,0.0,2.06,4.0,0.0
20231222:1611,0.0,0.0,0.0,1.7,3.66,0.0
20231222:1711,0.0,0.0,0.0,1.66,3.31,0.0
20231222:1811,0.0,0.0,0.0,1.6,2.97,0.0
20231222:1911,0.0,0.0,0.0,2.09,2.69,0.0
20231222:2011,0.0,0.0,0.0,1.72,2.0,0.0
20231222:2111,0.0,0.0,0.0,1.59,1.45,0.0
20231222:2211,0.0,0.0,0.0,1.23,0.9,0.0
20231222:2311,0.0,0.0,0.0,1.08,0.69,0.0
20231223:0011,0.0,0.0,0.0,1.05,0.48,0.0
20231223:0111,0.0,0.0,0.0,1.25,0.48,0.0
20231223:0211,0.0,0.0,0.0,1.35,0.55,0.0
20231223:0311,0.0,0.0,0.0,1.34,0.76,0.0
20231223:0411,0.0,0.0,0.0,1.31,0.97,0.0
20231223:0511,0.0,0.0,0.0,1.3,1.03,0.0
20231223:0611,0.0,0.0,0.0,1.32,1.1,0.0
20231223:0711,0.0,0.0,0.0,1.54,1.45,0.0
20231223:0811,0.0,0.0,0.0,1.74,1.24,0.0
20231223:0911,0.0,0.0,0.0,1.95,0.97,0.0
20231223:1011,11.07,12.98,4.97,2.29,0.55,0.0
20231223:1111,21.48,18.54,7.95,2.71,0.21,0.0
20231223:1211,25.11,20.4,9.08,3.39,0.69,0.0
20231223:1311,14.25,14.83,8.26,4.4,1.86,0.0
20231223:1411,3.48,8.34,5.56,6.08,3.31,0.0
20231223:1511,0.0,0.0,0.0,7.86,4.41,0.0
20231223:1611,0.0,0.0,0.0,8.4,4.55,0.0
20231223:1711,0.0,0.0,0.0,8.57,4.76,0.0
20231223:1811,0.0,0.0,0.0,8.64,4.55,0.0
20231223:1911,0.0,0.0,0.0,8.94,4.55,0.0
20231223:2011,0.0,0.0,0.0,9.05,4.83,0.0
20231223:2111,0.0,0.0,0.0,9.21,5.24,0.0
20231223:2211,0.0,0.0,0.0,9.56,5.59,0.0
20231223:2311,0.0,0.0,0.0,9.8,5.86,0.0
20231224:0011,0.0,0.0,0.0,9.69,6.07,0.0
20231224:0111,0.0,0.0,0.0,9.02,6.28,0.0
20231224:0211,0.0,0.0,0.0,8.11,6.48,0.0
20231224:0311,0.0,0.0,0.0,7.69,6.55,0.0
20231224:0411,0.0,0.0,0.0,7.76,6.55,0.0
20231224:0511,0.0,0.0,0.0,7.67,6.41,0.0
20231224:0611,0.0,0.0,0.0,7.28,6.55,0.0
20231224:0711,0.0,0.0,0.0,6.64,6.48,0.0
20231224:0811,0.0,0.0,0.0,5.98,6.21,0.0
20231224:0911,0.0,0.0,0.0,6.02,6.48,0.0
20231224:1011,0.0,4.64,4.95,6.21,6.69,0.0
20231224:1111,3.48,8.34,7.95,6.23,6.97,0.0
20231224:1211,61.08,37.08,9.09,6.44,7.24,0.0
20231224:1311,464.64,189.7,8.29,6.74,7.72,0.0
20231224:1411,160.5,76.82,5.6,6.76,8.21,0.0
20231224:1511,0.0,0.0,0.0,6.56,8.14,0.0
20231224:1611,0.0,0.0,0.0,6.26,7.93,0.0
20231224:1711,0.0,0.0,0.0,6.04,6.62,0.0
20231224:1811,0.0,0.0,0.0,4.83,6.0,0.0
20231224:1911,0.0,0.0,0.0,4.31,5.59,0.0
20231224:2011,0.0,0.0,0.0,3.81,5.59,0.0
20231224:2111,0.0,0.0,0.0,3.31,5.31,0.0
20231224:2211,0.0,0.0,0.0,2.83,4.9,0.0
20231224:2311,0.0,0.0,0.0,2.43,4.34,0.0
20231225:0011,0.0,0.0,0.0,2.08,3.93,0.0
20231225:0111,0.0,0.0,0.0,1.75,3.66,0.0
20231225:0211,0.0,0.0,0.0,1.36,3.45,0.0
20231225:0311,0.0,0.0,0.0,1.24,3.38,0.0
20231225:0411,0.0,0.0,0.0,1.22,3.17,0.0
20231225:0511,0.0,0.0,0.0,1.19,2.97,0.0
20231225:0611,0.0,0.0,0.0,0.89,2.55,0.0
20231225:0711,0.0,0.0,0.0,1.1,2.28,0.0
20231225:0811,0.0,0.0,0.0,1.27,2.0,0.0
20231225:0911,0.0,0.0,0.0,1.1,1.86,0.0
20231225:1011,18.06,16.69,4.94,1.17,1.45,0.0
20231225:1111,9.54,12.05,7.96,1.22,1.03,0.0
20231225:1211,6.42,10.2,9.11,1.93,1.03,0.0
20231225:1311,53.73,33.38,8.32,1.85,1.03,0.0
20231225:1411,14.49,14.83,5.65,1.48,1.24,0.0
20231225:1511,0.0,0.0,0.0,0.8,1.52,0.0
20231225:1611,0.0,0.0,0.0,0.5,1.72,0.0
20231225:1711,0.0,0.0,0.0,0.27,1.86,0.0
20231225:1811,0.0,0.0,0.0,0.15,1.86,0.0
20231225:1911,0.0,0.0,0.0,0.3,2.0,0.0
20231225:2011,0.0,0.0,0.0,0.25,1.79,0.0
20231225:2111,0.0,0.0,0.0,0.15,1.45,0.0
20231225:2211,0.0,0.0,0.0,-0.1,1.17,0.0
20231225:2311,0.0,0.0,0.0,-0.41,1.31,0.0
20231226:0011,0.0,0.0,0.0,-0.81,1.66,0.0
20231226:0111,0.0,0.0,0.0,-1.32,2.14,0.0
20231226:0211,0.0,0.0,0.0,-1.2,2.34,0.0
20231226:0311,0.0,0.0,0.0,-1.13,2.55,0.0
20231226:0411,0.0,0.0,0.0,-1.17,2.69,0.0
20231226:0511,0.0,0.0,0.0,-1.21,2.76,0.0
20231226:0611,0.0,0.0,0.0,-1.18,2.76,0.0
20231226:0711,0.0,0.0,0.0,-0.92,2.76,0.0
20231226:0811,0.0,0.0,0.0,-0.96,2.69,0.0
20231226:0911,0.0,0.0,0.0,-0.99,2.62,0.0
20231226:1011,631.23,247.41,4.94,-0.68,2.48,0.0
20231226:1111,600.54,235.93,7.97,0.0,2.21,0.0
20231226:1211,672.03,263.41,9.14,0.87,1.93,0.0
20231226:1311,839.76,327.43,8.36,1.27,1.79,0.0
20231226:1411,284.16,121.58,5.7,1.18,1.72,0.0
20231226:1511,0.0,0.0,0.0,0.45,1.86,0.0
20231226:1611,0.0,0.0,0.0,-0.58,1.86,0.0
20231226:1711,0.0,0.0,0.0,-1.79,1.59,0.0
20231226:1811,0.0,0.0,0.0,-3.12,1.59,0.0
20231226:1911,0.0,0.0,0.0,-2.9,1.31,0.0
20231226:2011,0.0,0.0,0.0,-2.75,1.03,0.0
20231226:2111,0.0,0.0,0.0,-3.03,1.1,0.0
20231226:2211,0.0,0.0,0.0,-3.08,1.24,0.0
20231226:2311,0.0,0.0,0.0,-2.38,1.24,0.0
20231227:0011,0.0,0.0,0.0,-1.68,1.66,0.0
20231227:0111,0.0,0.0,0.0,-0.64,2.07,0.0
20231227:0211,0.0,0.0,0.0,0.13,2.83,0.0
20231227:0311,0.0,0.0,0.0,0.67,3.45,0.0
20231227:0411,0.0,0.0,0.0,1.21,4.0,0.0
20231227:0511,0.0,0.0,0.0,1.6,4.62,0.0
20231227:0611,0.0,0.0,0.0,1.41,5.17,0.0
20231227:0711,0.0,0.0,0.0,1.72,5.59,0.0
20231227:0811,0.0,0.0,0.0,1.65,6.07,0.0
20231227:0911,0.0,0.0,0.0,1.6,6.55,0.0
20231227:1011,7.95,11.13,4.95,1.66,6.69,0.0
20231227:1111,14.49,14.83,7.99,1.79,6.9,0.0
20231227:1211,6.45,10.2,9.18,1.88,7.1,0.0
20231227:1311,11.13,12.98,8.42,1.86,6.41,0.0
20231227:1411,2.34,7.42,5.77,1.91,5.17,0.0
20231227:1511,0.0,0.0,0.0,2.23,2.55,0.0
20231227:1611,0.0,0.0,0.0,2.14,0.62,0.0
20231227:1711,0.0,0.0,0.0,2.07,2.0,0.0
20231227:1811,0.0,0.0,0.0,2.71,3.24,0.0
20231227:1911,0.0,0.0,0.0,3.66,4.0,0.0
20231227:2011,0.0,0.0,0.0,3.05,4.76,0.0
20231227:2111,0.0,0.0,0.0,3.33,5.17,0.0
20231227:2211,0.0,0.0,0.0,3.72,5.59,0.0
20231227:2311,0.0,0.0,0.0,3.96,5.59,0.0
20231228:0011,0.0,0.0,0.0,3.9,5.59,0.0
20231228:0111,0.0,0.0,0.0,3.74,5.52,0.0
20231228:0211,0.0,0.0,0.0,3.67,5.59,0.0
20231228:0311,0.0,0.0,0.0,3.9,5.72,0.0
20231228:0411,0.0,0.0,0.0,4.14,6.0,0.0
20231228:0511,0.0,0.0,0.0,4.12,6.0,0.0
20231228:0611,0.0,0.0,0.0,4.11,5.79,0.0
20231228:0711,0.0,0.0,0.0,4.25,5.17,0.0
20231228:0811,0.0,0.0,0.0,4.18,4.9,0.0
20231228:0911,0.0,0.0,0.0,3.97,4.83,0.0
20231228:1011,1.08,6.49,4.96,3.98,4.9,0.0
20231228:1111,304.29,129.72,8.02,3.99,4.83,0.0
20231228:1211,1252.8,486.35,9.22,4.38,4.97,0.0
20231228:1311,1175.85,458.13,8.47,4.9,4.69,0.0
20231228:1411,28.71,22.25,5.84,4.93,4.28,0.0
20231228:1511,0.0,0.87,1.51,4.56,4.14,0.0
20231228:1611,0.0,0.0,0.0,4.03,4.41,0.0
20231228:1711,0.0,0.0,0.0,3.94,4.07,0.0
20231228:1811,0.0,0.0,0.0,3.62,3.31,0.0
20231228:1911,0.0,0.0,0.0,2.73,2.83,0.0
20231228:2011,0.0,0.0,0.0,3.04,2.69,0.0
20231228:2111,0.0,0.0,0.0,3.33,2.55,0.0
20231228:2211,0.0,0.0,0.0,3.47,2.14,0.0
20231228:2311,0.0,0.0,0.0,3.51,1.59,0.0
20231229:0011,0.0,0.0,0.0,3.16,0.9,0.0
20231229:0111,0.0,0.0,0.0,3.12,1.31,0.0
20231229:0211,0.0,0.0,0.0,2.93,2.41,0.0
20231229:0311,0.0,0.0,0.0,2.52,2.34,0.0
20231229:0411,0.0,0.0,0.0,2.12,1.93,0.0
20231229:0511,0.0,0.0,0.0,1.76,1.79,0.0
20231229:0611,0.0,0.0,0.0,1.35,2.0,0.0
20231229:0711,0.0,0.0,0.0,1.51,1.93,0.0
20231229:0811,0.0,0.0,0.0,0.99,2.0,0.0
20231229:0911,0.0,0.0,0.0,0.59,2.07,0.0
20231229:1011,6.51,10.2,4.98,0.38,2.0,0.0
20231229:1111,787.2,306.53,8.05,0.73,1.93,0.0
20231229:1211,1072.77,416.75,9.27,1.37,2.14,0.0
20231229:1311,586.14,232.45,8.54,1.79,2.14,0.0
20231229:1411,495.0,199.35,5.92,1.82,2.28,0.0
20231229:1511,0.0,0.87,1.6,1.5,2.28,0.0
20231229:1611,0.0,0.0,0.0,0.56,2.28,0.0
20231229:1711,0.0,0.0,0.0,0.28,2.28,0.0
20231229:1811,0.0,0.0,0.0,0.15,2.34,0.0
20231229:1911,0.0,0.0,0.0,-0.01,2.55,0.0
20231229:2011,0.0,0.0,0.0,0.43,2.55,0.0
20231229:2111,0.0,0.0,0.0,0.5,2.55,0.0
20231229:2211,0.0,0.0,0.0,0.58,2.62,0.0
20231229:2311,0.0,0.0,0.0,0.85,2.55,0.0
20231230:0011,0.0,0.0,0.0,0.94,2.55,0.0
20231230:0111,0.0,0.0,0.0,0.98,2.41,0.0
20231230:0211,0.0,0.0,0.0,0.81,2.21,0.0
20231230:0311,0.0,0.0,0.0,0.61,1.93,0.0
20231230:0411,0.0,0.0,0.0,0.21,1.79,0.0
20231230:0511,0.0,0.0,0.0,-0.52,1.45,0.0
20231230:0611,0.0,0.0,0.0,-1.31,1.45,0.0
20231230:0711,0.0,0.0,0.0,-1.74,1.24,0.0
20231230:0811,0.0,0.0,0.0,-1.58,0.9,0.0
20231230:0911,0.0,0.0,0.0,-1.26,1.45,0.0
20231230:1011,11.28,12.98,5.01,-0.28,1.59,0.0
20231230:1111,16.32,15.76,8.1,0.71,2.28,0.0
20231230:1211,25.38,20.4,9.33,1.68,3.52,0.0
20231230:1311,19.74,17.62,8.61,2.19,4.34,0.0
20231230:1411,4.98,9.27,6.0,1.96,4.9,0.0
20231230:1511,0.0,0.87,1.7,1.38,5.03,0.0
20231230:1611,0.0,0.0,0.0,1.1,4.97,0.0
20231230:1711,0.0,0.0,0.0,1.2,4.76,0.0
20231230:1811,0.0,0.0,0.0,1.53,4.07,0.0
20231230:1911,0.0,0.0,0.0,2.62,2.48,0.0
20231230:2011,0.0,0.0,0.0,2.6,1.93,0.0
20231230:2111,0.0,0.0,0.0,2.4,1.17,0.0
20231230:2211,0.0,0.0,0.0,2.25,0.9,0.0
20231230:2311,0.0,0.0,0.0,2.46,0.69,0.0
20231231:0011,0.0,0.0,0.0,2.68,0.55,0.0
20231231:0111,0.0,0.0,0.0,1.9,0.97,0.0
20231231:0211,0.0,0.0,0.0,1.66,1.24,0.0
20231231:0311,0.0,0.0,0.0,1.42,1.17,0.0
20231231:0411,0.0,0.0,0.0,1.65,1.03,0.0
20231231:0511,0.0,0.0,0.0,1.46,1.24,0.0
20231231:0611,0.0,0.0,0.0,1.53,1.24,0.0
20231231:0711,0.0,0.0,0.0,1.0,1.17,0.0
20231231:0811,0.0,0.0,0.0,0.82,1.1,0.0
20231231:0911,0.0,0.0,0.0,1.11,0.9,0.0
20231231:1011,745.77,295.28,5.05,1.38,0.83,0.0
20231231:1111,41.16,27.81,8.15,1.95,0.9,0.0
20231231:1211,556.62,223.23,9.4,2.68,1.1,0.0
20231231:1311,95.22,50.79,8.69,2.99,1.31,0.0
20231231:1411,144.12,69.85,6.09,2.9,0.48,0.0
20231231:1511,0.0,0.87,1.8,2.34,0.48,0.0
20231231:1611,0.0,0.0,0.0,1.85,0.69,0.0
20231231:1711,0.0,0.0,0.0,1.1,0.97,0.0
20231231:1811,0.0,0.0,0.0,1.35,1.17,0.0
20231231:1911,0.0,0.0,0.0,1.32,1.1,0.0
20231231:2011,0.0,0.0,0.0,1.03,1.17,0.0
20231231:2111,0.0,0.0,0.0,0.89,1.24,0.0
20231231:2211,0.0,0.0,0.0,0.97,1.52,0.0
20231231:2311,0.0,0.0,0.0,1.15,1.93,0.0

P: PV system power (W)
G(i): Global irradiance on the inclined plane (plane of the array) (W/m2)
H_sun: Sun height (degree)
T2m: 2-m air temperature (degree Celsius)
WS10m: 10-m total wind speed (m/s)
Int: 1 means solar radiation values are reconstructed



PVGIS (c) European Union, 2001-2026