Latitude (decimal degrees):	57.479
Longitude (decimal degrees):	-4.222
Elevation (m):	21
Radiation database:	PVGIS-SARAH3


Slope: 35 deg. 
Azimuth: 0 deg. 
Nominal power of the PV system (c-Si) (kWp):	5.0
System losses (%):	14.0
time,P,G(i),H_sun,T2m,WS10m,Int
20230101:0011,0.0,0.0,0.0,0.17,2.14,0.0
20230101:0111,0.0,0.0,0.0,0.38,1.93,0.0
20230101:0211,0.0,0.0,0.0,0.32,1.86,0.0
20230101:0311,0.0,0.0,0.0,0.06,1.59,0.0
20230101:0411,0.0,0.0,0.0,-0.36,1.31,0.0
20230101:0511,0.0,0.0,0.0,-1.01,1.38,0.0
20230101:0611,0.0,0.0,0.0,-0.94,1.24,0.0
20230101:0711,0.0,0.0,0.0,-0.02,1.31,0.0
20230101:0811,0.0,0.0,0.0,0.11,1.17,0.0
20230101:0911,0.0,0.0,0.0,0.17,1.03,0.0
20230101:1011,0.1,5.56,5.1,0.17,0.69,0.0
20230101:1111,126.7,42.51,8.22,0.45,0.41,0.0
20230101:1211,79.5,30.59,9.49,0.55,0.34,0.0
20230101:1311,58.85,25.03,8.8,0.65,0.55,0.0
20230101:1411,0.1,5.56,6.22,0.83,0.83,0.0
20230101:1511,0.0,0.87,1.94,0.65,1.03,0.0
20230101:1611,0.0,0.0,0.0,0.17,1.38,0.0
20230101:1711,0.0,0.0,0.0,0.06,1.52,0.0
20230101:1811,0.0,0.0,0.0,-0.08,1.66,0.0
20230101:1911,0.0,0.0,0.0,0.34,2.07,0.0
20230101:2011,0.0,0.0,0.0,0.0,2.0,0.0
20230101:2111,0.0,0.0,0.0,-0.11,1.93,0.0
20230101:2211,0.0,0.0,0.0,-0.3,2.0,0.0
20230101:2311,0.0,0.0,0.0,-0.29,1.93,0.0
20230102:0011,0.0,0.0,0.0,-0.47,1.93,0.0
20230102:0111,0.0,0.0,0.0,-0.74,1.86,0.0
20230102:0211,0.0,0.0,0.0,-1.27,1.93,0.0
20230102:0311,0.0,0.0,0.0,-2.06,2.14,0.0
20230102:0411,0.0,0.0,0.0,-2.48,2.21,0.0
20230102:0511,0.0,0.0,0.0,-2.41,2.28,0.0
20230102:0611,0.0,0.0,0.0,-2.32,2.28,0.0
20230102:0711,0.0,0.0,0.0,-1.76,2.41,0.0
20230102:0811,0.0,0.0,0.0,-1.55,2.41,0.0
20230102:0911,0.0,0.0,0.0,-1.46,2.48,0.0
20230102:1011,798.9,191.61,5.15,-0.91,2.41,0.0
20230102:1111,1144.75,267.53,8.29,0.14,2.55,0.0
20230102:1211,894.1,212.32,9.57,0.32,2.76,0.0
20230102:1311,692.1,169.12,8.9,1.32,2.69,0.0
20230102:1411,27.05,15.76,6.33,1.52,2.62,0.0
20230102:1511,0.0,0.87,2.05,1.07,2.55,0.0
20230102:1611,0.0,0.0,0.0,0.34,2.48,0.0
20230102:1711,0.0,0.0,0.0,-0.14,2.48,0.0
20230102:1811,0.0,0.0,0.0,-0.3,2.48,0.0
20230102:1911,0.0,0.0,0.0,0.03,2.41,0.0
20230102:2011,0.0,0.0,0.0,0.15,2.48,0.0
20230102:2111,0.0,0.0,0.0,0.34,2.62,0.0
20230102:2211,0.0,0.0,0.0,0.41,2.69,0.0
20230102:2311,0.0,0.0,0.0,0.28,2.62,0.0
20230103:0011,0.0,0.0,0.0,0.39,2.76,0.0
20230103:0111,0.0,0.0,0.0,0.52,2.97,0.0
20230103:0211,0.0,0.0,0.0,0.6,3.17,0.0
20230103:0311,0.0,0.0,0.0,0.75,3.24,0.0
20230103:0411,0.0,0.0,0.0,0.74,3.1,0.0
20230103:0511,0.0,0.0,0.0,0.92,2.9,0.0
20230103:0611,0.0,0.0,0.0,1.22,3.1,0.0
20230103:0711,0.0,0.0,0.0,1.9,3.86,0.0
20230103:0811,0.0,0.0,0.0,2.04,3.86,0.0
20230103:0911,0.0,0.0,0.0,2.17,4.14,0.0
20230103:1011,662.45,163.53,5.21,2.46,4.21,0.0
20230103:1111,1057.25,250.12,8.36,2.72,3.59,0.0
20230103:1211,351.8,95.22,9.66,3.07,2.76,0.0
20230103:1311,530.9,135.27,9.01,3.49,2.21,0.0
20230103:1411,1.85,6.49,6.44,3.51,1.93,0.0
20230103:1511,0.0,2.62,2.18,3.48,1.52,0.0
20230103:1611,0.0,0.0,0.0,2.94,1.31,0.0
20230103:1711,0.0,0.0,0.0,2.35,1.03,0.0
20230103:1811,0.0,0.0,0.0,2.5,0.83,0.0
20230103:1911,0.0,0.0,0.0,2.58,0.83,0.0
20230103:2011,0.0,0.0,0.0,2.85,0.69,0.0
20230103:2111,0.0,0.0,0.0,3.12,0.55,0.0
20230103:2211,0.0,0.0,0.0,3.31,0.21,0.0
20230103:2311,0.0,0.0,0.0,3.32,0.21,0.0
20230104:0011,0.0,0.0,0.0,3.21,0.48,0.0
20230104:0111,0.0,0.0,0.0,3.2,0.34,0.0
20230104:0211,0.0,0.0,0.0,3.19,0.48,0.0
20230104:0311,0.0,0.0,0.0,2.35,0.97,0.0
20230104:0411,0.0,0.0,0.0,2.34,1.38,0.0
20230104:0511,0.0,0.0,0.0,2.7,1.66,0.0
20230104:0611,0.0,0.0,0.0,3.17,2.0,0.0
20230104:0711,0.0,0.0,0.0,3.64,2.14,0.0
20230104:0811,0.0,0.0,0.0,3.84,2.0,0.0
20230104:0911,0.0,0.0,0.0,3.89,1.93,0.0
20230104:1011,38.65,19.47,5.28,3.94,2.0,0.0
20230104:1111,78.1,30.59,8.45,4.16,2.14,0.0
20230104:1211,658.95,164.1,9.76,4.24,2.21,0.0
20230104:1311,390.2,104.33,9.12,4.39,2.48,0.0
20230104:1411,29.5,16.69,6.57,4.41,2.62,0.0
20230104:1511,92.75,34.53,2.31,4.05,2.69,0.0
20230104:1611,0.0,0.0,0.0,3.99,2.76,0.0
20230104:1711,0.0,0.0,0.0,4.13,2.83,0.0
20230104:1811,0.0,0.0,0.0,4.24,2.97,0.0
20230104:1911,0.0,0.0,0.0,4.31,2.83,0.0
20230104:2011,0.0,0.0,0.0,4.41,2.76,0.0
20230104:2111,0.0,0.0,0.0,4.31,2.55,0.0
20230104:2211,0.0,0.0,0.0,4.07,2.34,0.0
20230104:2311,0.0,0.0,0.0,3.81,2.28,0.0
20230105:0011,0.0,0.0,0.0,3.64,2.41,0.0
20230105:0111,0.0,0.0,0.0,3.56,2.55,0.0
20230105:0211,0.0,0.0,0.0,3.26,2.41,0.0
20230105:0311,0.0,0.0,0.0,3.01,2.34,0.0
20230105:0411,0.0,0.0,0.0,2.63,2.28,0.0
20230105:0511,0.0,0.0,0.0,2.28,2.28,0.0
20230105:0611,0.0,0.0,0.0,1.9,2.21,0.0
20230105:0711,0.0,0.0,0.0,2.55,1.86,0.0
20230105:0811,0.0,0.0,0.0,2.32,1.72,0.0
20230105:0911,0.0,0.0,0.0,2.05,1.59,0.0
20230105:1011,322.05,88.16,5.36,1.72,1.38,0.0
20230105:1111,306.5,84.89,8.54,2.35,1.31,0.0
20230105:1211,32.7,17.62,9.87,3.07,1.31,0.0
20230105:1311,103.1,37.08,9.24,3.44,1.38,0.0
20230105:1411,21.05,13.91,6.7,3.55,1.79,0.0
20230105:1511,0.0,1.85,2.45,3.85,2.0,0.0
20230105:1611,0.0,0.0,0.0,4.49,2.55,0.0
20230105:1711,0.0,0.0,0.0,5.58,3.52,0.0
20230105:1811,0.0,0.0,0.0,6.67,4.97,0.0
20230105:1911,0.0,0.0,0.0,7.27,5.79,0.0
20230105:2011,0.0,0.0,0.0,6.29,5.93,0.0
20230105:2111,0.0,0.0,0.0,5.5,5.86,0.0
20230105:2211,0.0,0.0,0.0,5.06,5.93,0.0
20230105:2311,0.0,0.0,0.0,4.99,6.21,0.0
20230106:0011,0.0,0.0,0.0,4.99,6.48,0.0
20230106:0111,0.0,0.0,0.0,5.04,7.1,0.0
20230106:0211,0.0,0.0,0.0,5.3,7.72,0.0
20230106:0311,0.0,0.0,0.0,5.07,8.34,0.0
20230106:0411,0.0,0.0,0.0,4.96,8.62,0.0
20230106:0511,0.0,0.0,0.0,5.08,8.34,0.0
20230106:0611,0.0,0.0,0.0,5.02,8.0,0.0
20230106:0711,0.0,0.0,0.0,5.11,7.66,0.0
20230106:0811,0.0,0.0,0.0,5.07,7.31,0.0
20230106:0911,0.0,0.0,0.0,4.82,7.03,0.0
20230106:1011,357.65,96.83,5.44,4.71,6.69,0.0
20230106:1111,655.2,162.57,8.64,4.91,6.34,0.0
20230106:1211,1999.5,465.15,9.98,5.25,5.93,0.0
20230106:1311,703.65,173.76,9.36,5.46,5.52,0.0
20230106:1411,1464.15,344.77,6.83,5.32,4.83,0.0
20230106:1511,5.85,8.34,2.59,5.16,3.79,0.0
20230106:1611,0.0,0.0,0.0,4.87,2.9,0.0
20230106:1711,0.0,0.0,0.0,4.72,2.62,0.0
20230106:1811,0.0,0.0,0.0,4.79,2.76,0.0
20230106:1911,0.0,0.0,0.0,4.23,3.03,0.0
20230106:2011,0.0,0.0,0.0,3.96,2.97,0.0
20230106:2111,0.0,0.0,0.0,4.2,2.97,0.0
20230106:2211,0.0,0.0,0.0,4.57,2.83,0.0
20230106:2311,0.0,0.0,0.0,4.86,2.55,0.0
20230107:0011,0.0,0.0,0.0,4.84,2.28,0.0
20230107:0111,0.0,0.0,0.0,5.16,2.21,0.0
20230107:0211,0.0,0.0,0.0,5.6,2.14,0.0
20230107:0311,0.0,0.0,0.0,5.87,2.07,0.0
20230107:0411,0.0,0.0,0.0,5.93,1.59,0.0
20230107:0511,0.0,0.0,0.0,5.66,1.1,0.0
20230107:0611,0.0,0.0,0.0,5.56,1.45,0.0
20230107:0711,0.0,0.0,0.0,5.68,1.66,0.0
20230107:0811,0.0,0.0,0.0,5.6,1.66,0.0
20230107:0911,0.0,0.0,0.0,5.39,1.52,0.0
20230107:1011,120.45,41.59,5.53,5.28,1.45,0.0
20230107:1111,1203.15,289.22,8.74,5.95,1.59,0.0
20230107:1211,196.55,60.55,10.1,6.33,2.28,0.0
20230107:1311,391.9,105.58,9.5,6.33,2.55,0.0
20230107:1411,1030.05,249.22,6.98,6.12,2.48,0.0
20230107:1511,410.25,110.68,2.74,5.49,2.62,0.0
20230107:1611,0.0,0.0,0.0,4.54,2.9,0.0
20230107:1711,0.0,0.0,0.0,4.26,3.38,0.0
20230107:1811,0.0,0.0,0.0,4.23,3.86,0.0
20230107:1911,0.0,0.0,0.0,4.11,4.62,0.0
20230107:2011,0.0,0.0,0.0,3.98,4.97,0.0
20230107:2111,0.0,0.0,0.0,4.02,5.24,0.0
20230107:2211,0.0,0.0,0.0,4.38,5.52,0.0
20230107:2311,0.0,0.0,0.0,4.6,5.59,0.0
20230108:0011,0.0,0.0,0.0,4.9,5.72,0.0
20230108:0111,0.0,0.0,0.0,5.05,6.0,0.0
20230108:0211,0.0,0.0,0.0,5.21,6.34,0.0
20230108:0311,0.0,0.0,0.0,5.09,6.41,0.0
20230108:0411,0.0,0.0,0.0,4.77,6.28,0.0
20230108:0511,0.0,0.0,0.0,4.36,5.79,0.0
20230108:0611,0.0,0.0,0.0,3.89,5.86,0.0
20230108:0711,0.0,0.0,0.0,3.97,6.28,0.0
20230108:0811,0.0,0.0,0.0,3.76,6.48,0.0
20230108:0911,0.0,0.0,0.0,3.65,6.83,0.0
20230108:1011,845.95,203.9,5.62,3.74,7.31,0.0
20230108:1111,157.65,50.6,8.86,4.1,7.86,0.0
20230108:1211,1221.65,285.51,10.23,4.39,7.72,0.0
20230108:1311,506.35,129.59,9.64,4.5,7.24,0.0
20230108:1411,214.4,63.97,7.13,4.39,6.55,0.0
20230108:1511,179.15,56.0,2.9,4.16,5.79,0.0
20230108:1611,0.0,0.0,0.0,3.85,5.24,0.0
20230108:1711,0.0,0.0,0.0,3.64,4.83,0.0
20230108:1811,0.0,0.0,0.0,3.35,4.41,0.0
20230108:1911,0.0,0.0,0.0,2.89,3.66,0.0
20230108:2011,0.0,0.0,0.0,2.9,3.45,0.0
20230108:2111,0.0,0.0,0.0,2.84,3.1,0.0
20230108:2211,0.0,0.0,0.0,2.6,3.03,0.0
20230108:2311,0.0,0.0,0.0,2.43,2.97,0.0
20230109:0011,0.0,0.0,0.0,2.35,2.9,0.0
20230109:0111,0.0,0.0,0.0,2.41,2.83,0.0
20230109:0211,0.0,0.0,0.0,2.58,2.9,0.0
20230109:0311,0.0,0.0,0.0,2.8,3.03,0.0
20230109:0411,0.0,0.0,0.0,2.97,3.24,0.0
20230109:0511,0.0,0.0,0.0,2.76,3.24,0.0
20230109:0611,0.0,0.0,0.0,2.9,3.52,0.0
20230109:0711,0.0,0.0,0.0,2.81,3.45,0.0
20230109:0811,0.0,0.0,0.0,2.74,3.52,0.0
20230109:0911,0.0,0.0,0.0,2.67,3.66,0.0
20230109:1011,1245.5,294.02,5.73,3.04,3.72,0.0
20230109:1111,1834.45,428.19,8.98,3.49,3.72,0.0
20230109:1211,1832.4,428.38,10.37,3.93,3.59,0.0
20230109:1311,132.05,44.5,9.79,4.2,3.45,0.0
20230109:1411,1247.4,295.15,7.29,4.11,3.45,0.0
20230109:1511,50.55,22.94,3.06,3.85,3.24,0.0
20230109:1611,0.0,0.0,0.0,3.66,3.31,0.0
20230109:1711,0.0,0.0,0.0,3.74,3.45,0.0
20230109:1811,0.0,0.0,0.0,3.7,3.72,0.0
20230109:1911,0.0,0.0,0.0,3.81,3.86,0.0
20230109:2011,0.0,0.0,0.0,3.66,3.79,0.0
20230109:2111,0.0,0.0,0.0,3.47,4.07,0.0
20230109:2211,0.0,0.0,0.0,3.42,4.21,0.0
20230109:2311,0.0,0.0,0.0,3.27,4.07,0.0
20230110:0011,0.0,0.0,0.0,2.95,3.86,0.0
20230110:0111,0.0,0.0,0.0,2.98,3.79,0.0
20230110:0211,0.0,0.0,0.0,3.07,3.59,0.0
20230110:0311,0.0,0.0,0.0,3.1,3.31,0.0
20230110:0411,0.0,0.0,0.0,3.07,3.03,0.0
20230110:0511,0.0,0.0,0.0,3.08,2.83,0.0
20230110:0611,0.0,0.0,0.0,3.06,2.48,0.0
20230110:0711,0.0,0.0,0.0,3.7,2.83,0.0
20230110:0811,0.0,0.0,0.0,3.68,2.55,0.0
20230110:0911,0.0,0.0,0.0,3.37,2.34,0.0
20230110:1011,82.8,31.61,5.84,3.06,2.76,0.0
20230110:1111,21.15,13.91,9.1,3.05,3.24,0.0
20230110:1211,85.55,32.45,10.51,3.18,3.72,0.0
20230110:1311,78.55,30.59,9.94,3.22,3.72,0.0
20230110:1411,64.8,26.89,7.45,3.3,3.1,0.0
20230110:1511,0.0,1.85,3.23,3.46,2.41,0.0
20230110:1611,0.0,0.0,0.0,3.63,2.0,0.0
20230110:1711,0.0,0.0,0.0,3.88,2.34,0.0
20230110:1811,0.0,0.0,0.0,4.86,4.34,0.0
20230110:1911,0.0,0.0,0.0,6.0,5.03,0.0
20230110:2011,0.0,0.0,0.0,6.71,6.9,0.0
20230110:2111,0.0,0.0,0.0,6.37,7.45,0.0
20230110:2211,0.0,0.0,0.0,5.99,7.24,0.0
20230110:2311,0.0,0.0,0.0,5.16,6.9,0.0
20230111:0011,0.0,0.0,0.0,4.37,6.62,0.0
20230111:0111,0.0,0.0,0.0,3.76,6.41,0.0
20230111:0211,0.0,0.0,0.0,3.74,6.34,0.0
20230111:0311,0.0,0.0,0.0,3.81,6.14,0.0
20230111:0411,0.0,0.0,0.0,3.96,5.93,0.0
20230111:0511,0.0,0.0,0.0,3.97,6.07,0.0
20230111:0611,0.0,0.0,0.0,4.05,6.0,0.0
20230111:0711,0.0,0.0,0.0,3.5,5.31,0.0
20230111:0811,0.0,0.0,0.0,3.21,5.45,0.0
20230111:0911,0.0,0.0,0.0,3.31,5.66,0.0
20230111:1011,788.0,191.47,5.96,3.37,5.59,0.0
20230111:1111,1819.7,421.16,9.24,3.55,5.52,0.0
20230111:1211,2200.05,511.02,10.66,3.96,5.31,0.0
20230111:1311,1966.55,456.43,10.1,4.18,5.38,0.0
20230111:1411,38.65,19.47,7.62,4.1,5.31,0.0
20230111:1511,599.2,151.87,3.4,4.0,5.31,0.0
20230111:1611,0.0,0.0,0.0,3.7,4.97,0.0
20230111:1711,0.0,0.0,0.0,3.43,4.69,0.0
20230111:1811,0.0,0.0,0.0,3.17,4.48,0.0
20230111:1911,0.0,0.0,0.0,2.78,3.59,0.0
20230111:2011,0.0,0.0,0.0,2.94,3.31,0.0
20230111:2111,0.0,0.0,0.0,3.34,3.31,0.0
20230111:2211,0.0,0.0,0.0,3.85,3.38,0.0
20230111:2311,0.0,0.0,0.0,3.88,3.38,0.0
20230112:0011,0.0,0.0,0.0,3.7,2.97,0.0
20230112:0111,0.0,0.0,0.0,3.89,2.9,0.0
20230112:0211,0.0,0.0,0.0,3.78,2.62,0.0
20230112:0311,0.0,0.0,0.0,3.68,2.41,0.0
20230112:0411,0.0,0.0,0.0,3.47,2.28,0.0
20230112:0511,0.0,0.0,0.0,3.38,2.28,0.0
20230112:0611,0.0,0.0,0.0,3.27,2.28,0.0
20230112:0711,0.0,0.0,0.0,1.48,1.93,0.0
20230112:0811,0.0,0.0,0.0,1.28,1.86,0.0
20230112:0911,0.0,0.0,0.0,1.13,1.66,0.0
20230112:1011,6.05,8.34,6.09,1.16,1.45,0.0
20230112:1111,10.75,10.2,9.38,1.82,1.31,0.0
20230112:1211,26.95,15.76,10.82,2.12,1.45,0.0
20230112:1311,159.5,50.93,10.27,2.75,2.0,0.0
20230112:1411,54.75,24.1,7.79,3.26,1.72,0.0
20230112:1511,13.1,11.13,3.58,3.5,2.28,0.0
20230112:1611,0.0,0.0,0.0,3.43,2.97,0.0
20230112:1711,0.0,0.0,0.0,3.29,3.1,0.0
20230112:1811,0.0,0.0,0.0,3.18,2.69,0.0
20230112:1911,0.0,0.0,0.0,2.92,1.38,0.0
20230112:2011,0.0,0.0,0.0,3.29,0.41,0.0
20230112:2111,0.0,0.0,0.0,1.79,0.83,0.0
20230112:2211,0.0,0.0,0.0,1.47,1.31,0.0
20230112:2311,0.0,0.0,0.0,1.44,1.38,0.0
20230113:0011,0.0,0.0,0.0,1.49,1.59,0.0
20230113:0111,0.0,0.0,0.0,1.46,1.93,0.0
20230113:0211,0.0,0.0,0.0,1.72,2.41,0.0
20230113:0311,0.0,0.0,0.0,2.2,2.83,0.0
20230113:0411,0.0,0.0,0.0,2.3,2.83,0.0
20230113:0511,0.0,0.0,0.0,2.48,2.97,0.0
20230113:0611,0.0,0.0,0.0,2.66,2.83,0.0
20230113:0711,0.0,0.0,0.0,3.06,2.55,0.0
20230113:0811,0.0,0.0,0.0,3.16,2.28,0.0
20230113:0911,0.0,0.0,0.0,3.03,2.14,0.0
20230113:1011,29.75,16.69,6.22,3.08,2.14,0.0
20230113:1111,1020.1,243.85,9.53,3.59,2.41,0.0
20230113:1211,1795.15,423.16,10.98,4.03,2.34,0.0
20230113:1311,434.6,114.43,10.45,4.37,2.48,0.0
20230113:1411,497.55,128.36,7.98,4.25,2.28,0.0
20230113:1511,58.25,25.1,3.77,3.82,2.14,0.0
20230113:1611,0.0,0.0,0.0,2.87,2.14,0.0
20230113:1711,0.0,0.0,0.0,2.41,2.21,0.0
20230113:1811,0.0,0.0,0.0,2.26,2.21,0.0
20230113:1911,0.0,0.0,0.0,2.37,2.21,0.0
20230113:2011,0.0,0.0,0.0,2.19,2.28,0.0
20230113:2111,0.0,0.0,0.0,2.13,2.21,0.0
20230113:2211,0.0,0.0,0.0,1.68,2.0,0.0
20230113:2311,0.0,0.0,0.0,1.28,1.79,0.0
20230114:0011,0.0,0.0,0.0,0.92,1.59,0.0
20230114:0111,0.0,0.0,0.0,0.48,1.52,0.0
20230114:0211,0.0,0.0,0.0,0.33,1.66,0.0
20230114:0311,0.0,0.0,0.0,0.7,1.93,0.0
20230114:0411,0.0,0.0,0.0,1.06,2.0,0.0
20230114:0511,0.0,0.0,0.0,1.15,2.0,0.0
20230114:0611,0.0,0.0,0.0,1.34,1.79,0.0
20230114:0711,0.0,0.0,0.0,1.27,1.38,0.0
20230114:0811,0.0,0.0,0.0,1.32,1.1,0.0
20230114:0911,0.0,0.0,0.0,1.06,1.31,0.0
20230114:1011,39.3,19.47,6.36,1.08,1.79,0.0
20230114:1111,1942.85,455.3,9.69,2.13,2.28,0.0
20230114:1211,2050.35,479.45,11.15,2.73,2.97,0.0
20230114:1311,1975.85,460.86,10.63,2.92,3.38,0.0
20230114:1411,61.6,25.96,8.17,2.88,3.79,0.0
20230114:1511,0.0,2.78,3.96,2.51,3.93,0.0
20230114:1611,0.0,0.0,0.0,2.0,3.45,0.0
20230114:1711,0.0,0.0,0.0,1.42,2.62,0.0
20230114:1811,0.0,0.0,0.0,1.1,1.52,0.0
20230114:1911,0.0,0.0,0.0,-0.26,1.72,0.0
20230114:2011,0.0,0.0,0.0,-0.26,2.07,0.0
20230114:2111,0.0,0.0,0.0,0.28,2.69,0.0
20230114:2211,0.0,0.0,0.0,0.55,3.59,0.0
20230114:2311,0.0,0.0,0.0,0.8,4.21,0.0
20230115:0011,0.0,0.0,0.0,1.45,4.9,0.0
20230115:0111,0.0,0.0,0.0,1.92,4.83,0.0
20230115:0211,0.0,0.0,0.0,2.04,4.28,0.0
20230115:0311,0.0,0.0,0.0,2.11,3.86,0.0
20230115:0411,0.0,0.0,0.0,2.1,3.66,0.0
20230115:0511,0.0,0.0,0.0,1.98,3.45,0.0
20230115:0611,0.0,0.0,0.0,1.95,3.38,0.0
20230115:0711,0.0,0.0,0.0,1.5,3.31,0.0
20230115:0811,0.0,0.0,0.0,1.44,3.38,0.0
20230115:0911,0.0,0.87,1.55,1.2,3.31,0.0
20230115:1011,1172.75,275.64,6.51,1.22,3.45,0.0
20230115:1111,180.55,55.71,9.85,1.53,3.66,0.0
20230115:1211,52.0,23.18,11.33,1.59,3.38,0.0
20230115:1311,858.3,205.62,10.82,1.5,2.97,0.0
20230115:1411,1564.05,364.22,8.36,1.3,2.69,0.0
20230115:1511,202.7,60.76,4.16,0.67,2.55,0.0
20230115:1611,0.0,0.0,0.0,0.0,2.21,0.0
20230115:1711,0.0,0.0,0.0,-0.58,2.14,0.0
20230115:1811,0.0,0.0,0.0,-1.34,2.0,0.0
20230115:1911,0.0,0.0,0.0,-0.81,1.72,0.0
20230115:2011,0.0,0.0,0.0,-1.4,1.72,0.0
20230115:2111,0.0,0.0,0.0,-1.69,2.0,0.0
20230115:2211,0.0,0.0,0.0,-1.91,1.72,0.0
20230115:2311,0.0,0.0,0.0,-2.38,1.45,0.0
20230116:0011,0.0,0.0,0.0,-3.43,1.72,0.0
20230116:0111,0.0,0.0,0.0,-4.11,2.0,0.0
20230116:0211,0.0,0.0,0.0,-4.33,2.21,0.0
20230116:0311,0.0,0.0,0.0,-4.14,2.34,0.0
20230116:0411,0.0,0.0,0.0,-3.84,2.62,0.0
20230116:0511,0.0,0.0,0.0,-3.57,2.83,0.0
20230116:0611,0.0,0.0,0.0,-3.26,2.97,0.0
20230116:0711,0.0,0.0,0.0,-3.27,2.9,0.0
20230116:0811,0.0,0.0,0.0,-3.27,2.76,0.0
20230116:0911,0.0,2.62,1.69,-3.16,2.62,0.0
20230116:1011,634.05,154.59,6.66,-2.66,2.48,0.0
20230116:1111,73.6,28.74,10.02,-2.0,2.41,0.0
20230116:1211,21.75,13.91,11.51,-1.35,2.62,0.0
20230116:1311,18.9,12.98,11.01,-1.06,2.69,0.0
20230116:1411,8.5,9.27,8.56,-0.91,2.62,0.0
20230116:1511,0.15,5.56,4.36,-1.03,2.48,0.0
20230116:1611,0.0,0.0,0.0,-1.68,2.48,0.0
20230116:1711,0.0,0.0,0.0,-2.15,2.48,0.0
20230116:1811,0.0,0.0,0.0,-2.63,2.34,0.0
20230116:1911,0.0,0.0,0.0,-2.42,2.69,0.0
20230116:2011,0.0,0.0,0.0,-2.53,2.83,0.0
20230116:2111,0.0,0.0,0.0,-2.58,2.97,0.0
20230116:2211,0.0,0.0,0.0,-2.68,2.83,0.0
20230116:2311,0.0,0.0,0.0,-3.09,2.55,0.0
20230117:0011,0.0,0.0,0.0,-3.52,2.28,0.0
20230117:0111,0.0,0.0,0.0,-3.64,2.28,0.0
20230117:0211,0.0,0.0,0.0,-3.69,2.34,0.0
20230117:0311,0.0,0.0,0.0,-3.49,2.48,0.0
20230117:0411,0.0,0.0,0.0,-3.43,2.62,0.0
20230117:0511,0.0,0.0,0.0,-3.32,2.76,0.0
20230117:0611,0.0,0.0,0.0,-3.05,2.97,0.0
20230117:0711,0.0,0.0,0.0,-2.97,2.83,0.0
20230117:0811,0.0,0.0,0.0,-2.67,3.03,0.0
20230117:0911,0.0,0.87,1.84,-2.49,3.1,0.0
20230117:1011,11.05,10.2,6.82,-2.19,3.03,0.0
20230117:1111,117.1,39.87,10.2,-1.66,3.03,0.0
20230117:1211,52.8,23.18,11.7,-1.18,2.9,0.0
20230117:1311,66.15,26.89,11.21,-0.55,3.1,0.0
20230117:1411,547.65,136.75,8.77,-0.34,3.31,0.0
20230117:1511,241.3,69.35,4.57,-0.57,3.1,0.0
20230117:1611,0.0,0.0,0.0,-0.87,3.24,0.0
20230117:1711,0.0,0.0,0.0,-0.97,3.45,0.0
20230117:1811,0.0,0.0,0.0,-0.88,3.66,0.0
20230117:1911,0.0,0.0,0.0,-0.56,3.93,0.0
20230117:2011,0.0,0.0,0.0,-0.5,3.86,0.0
20230117:2111,0.0,0.0,0.0,-0.38,3.66,0.0
20230117:2211,0.0,0.0,0.0,-0.2,3.66,0.0
20230117:2311,0.0,0.0,0.0,0.0,3.52,0.0
20230118:0011,0.0,0.0,0.0,0.1,3.31,0.0
20230118:0111,0.0,0.0,0.0,0.2,2.9,0.0
20230118:0211,0.0,0.0,0.0,0.0,2.48,0.0
20230118:0311,0.0,0.0,0.0,-0.26,2.21,0.0
20230118:0411,0.0,0.0,0.0,-0.7,2.14,0.0
20230118:0511,0.0,0.0,0.0,-0.69,2.34,0.0
20230118:0611,0.0,0.0,0.0,-0.51,2.69,0.0
20230118:0711,0.0,0.0,0.0,-1.03,2.48,0.0
20230118:0811,0.0,0.0,0.0,-1.12,2.48,0.0
20230118:0911,0.0,1.75,1.99,-1.03,2.9,0.0
20230118:1011,76.55,29.67,6.99,-0.45,3.45,0.0
20230118:1111,413.3,107.8,10.38,0.04,2.62,0.0
20230118:1211,65.95,26.89,11.9,0.01,2.55,0.0
20230118:1311,39.5,19.47,11.42,0.32,2.97,0.0
20230118:1411,274.4,76.86,8.98,0.16,3.1,0.0
20230118:1511,27.4,15.76,4.79,-0.45,2.76,0.0
20230118:1611,0.0,0.0,0.0,-1.16,2.41,0.0
20230118:1711,0.0,0.0,0.0,-2.05,2.34,0.0
20230118:1811,0.0,0.0,0.0,-2.69,2.55,0.0
20230118:1911,0.0,0.0,0.0,-2.27,2.55,0.0
20230118:2011,0.0,0.0,0.0,-2.2,2.55,0.0
20230118:2111,0.0,0.0,0.0,-2.05,2.69,0.0
20230118:2211,0.0,0.0,0.0,-2.42,2.69,0.0
20230118:2311,0.0,0.0,0.0,-2.9,2.69,0.0
20230119:0011,0.0,0.0,0.0,-3.17,2.69,0.0
20230119:0111,0.0,0.0,0.0,-3.41,2.76,0.0
20230119:0211,0.0,0.0,0.0,-3.72,2.83,0.0
20230119:0311,0.0,0.0,0.0,-3.85,2.9,0.0
20230119:0411,0.0,0.0,0.0,-3.92,3.03,0.0
20230119:0511,0.0,0.0,0.0,-3.91,3.24,0.0
20230119:0611,0.0,0.0,0.0,-3.48,3.45,0.0
20230119:0711,0.0,0.0,0.0,-2.1,4.28,0.0
20230119:0811,0.0,0.0,0.0,-1.33,4.97,0.0
20230119:0911,0.0,0.87,2.15,-0.53,5.24,0.0
20230119:1011,3.95,7.42,7.16,0.1,4.83,0.0
20230119:1111,15.95,12.05,10.57,0.77,4.07,0.0
20230119:1211,100.65,36.16,12.1,1.51,3.66,0.0
20230119:1311,468.9,120.88,11.63,1.86,3.38,0.0
20230119:1411,654.6,161.5,9.2,2.05,3.38,0.0
20230119:1511,0.0,4.64,5.01,1.9,3.24,0.0
20230119:1611,0.0,0.0,0.0,1.68,3.03,0.0
20230119:1711,0.0,0.0,0.0,1.54,2.97,0.0
20230119:1811,0.0,0.0,0.0,1.25,2.76,0.0
20230119:1911,0.0,0.0,0.0,0.89,2.69,0.0
20230119:2011,0.0,0.0,0.0,0.71,2.48,0.0
20230119:2111,0.0,0.0,0.0,0.76,2.41,0.0
20230119:2211,0.0,0.0,0.0,0.63,2.21,0.0
20230119:2311,0.0,0.0,0.0,0.39,1.93,0.0
20230120:0011,0.0,0.0,0.0,0.07,1.72,0.0
20230120:0111,0.0,0.0,0.0,-0.19,1.72,0.0
20230120:0211,0.0,0.0,0.0,-0.36,1.66,0.0
20230120:0311,0.0,0.0,0.0,-1.09,1.59,0.0
20230120:0411,0.0,0.0,0.0,-2.17,1.52,0.0
20230120:0511,0.0,0.0,0.0,-2.21,1.45,0.0
20230120:0611,0.0,0.0,0.0,-2.32,1.38,0.0
20230120:0711,0.0,0.0,0.0,-2.99,1.24,0.0
20230120:0811,0.0,0.0,0.0,-3.5,1.17,0.0
20230120:0911,3.2,7.0,2.31,-3.89,1.17,0.0
20230120:1011,1624.15,373.96,7.35,-4.12,1.17,0.0
20230120:1111,2259.6,522.61,10.77,-3.91,1.24,0.0
20230120:1211,1586.0,364.2,12.31,-3.23,1.24,0.0
20230120:1311,1151.95,267.27,11.85,-2.92,1.24,0.0
20230120:1411,1819.6,419.8,9.43,-2.8,1.31,0.0
20230120:1511,1123.9,263.55,5.23,-3.16,1.45,0.0
20230120:1611,0.0,0.0,0.0,-4.03,1.52,0.0
20230120:1711,0.0,0.0,0.0,-4.78,1.79,0.0
20230120:1811,0.0,0.0,0.0,-5.07,1.93,0.0
20230120:1911,0.0,0.0,0.0,-5.36,1.86,0.0
20230120:2011,0.0,0.0,0.0,-5.4,1.93,0.0
20230120:2111,0.0,0.0,0.0,-5.26,1.93,0.0
20230120:2211,0.0,0.0,0.0,-4.95,2.07,0.0
20230120:2311,0.0,0.0,0.0,-3.86,2.34,0.0
20230121:0011,0.0,0.0,0.0,-2.21,2.69,0.0
20230121:0111,0.0,0.0,0.0,-0.29,3.24,0.0
20230121:0211,0.0,0.0,0.0,0.81,3.86,0.0
20230121:0311,0.0,0.0,0.0,1.4,4.21,0.0
20230121:0411,0.0,0.0,0.0,1.76,4.34,0.0
20230121:0511,0.0,0.0,0.0,1.92,4.48,0.0
20230121:0611,0.0,0.0,0.0,2.01,4.62,0.0
20230121:0711,0.0,0.0,0.0,2.14,4.69,0.0
20230121:0811,0.0,0.0,0.0,2.39,4.83,0.0
20230121:0911,0.0,1.75,2.49,2.59,4.83,0.0
20230121:1011,3.85,7.42,7.53,2.82,4.97,0.0
20230121:1111,15.7,12.05,10.97,3.1,5.03,0.0
20230121:1211,64.8,26.89,12.53,3.4,5.03,0.0
20230121:1311,132.45,44.5,12.08,3.73,5.03,0.0
20230121:1411,10.55,10.2,9.66,3.82,4.9,0.0
20230121:1511,5.9,8.34,5.46,3.85,4.83,0.0
20230121:1611,0.0,0.0,0.0,3.65,4.69,0.0
20230121:1711,0.0,0.0,0.0,3.49,4.69,0.0
20230121:1811,0.0,0.0,0.0,3.52,4.76,0.0
20230121:1911,0.0,0.0,0.0,3.72,4.97,0.0
20230121:2011,0.0,0.0,0.0,3.87,4.97,0.0
20230121:2111,0.0,0.0,0.0,3.98,4.97,0.0
20230121:2211,0.0,0.0,0.0,4.08,5.03,0.0
20230121:2311,0.0,0.0,0.0,4.14,5.03,0.0
20230122:0011,0.0,0.0,0.0,4.22,4.97,0.0
20230122:0111,0.0,0.0,0.0,4.28,4.9,0.0
20230122:0211,0.0,0.0,0.0,4.35,4.9,0.0
20230122:0311,0.0,0.0,0.0,4.54,4.83,0.0
20230122:0411,0.0,0.0,0.0,4.7,4.76,0.0
20230122:0511,0.0,0.0,0.0,4.86,4.9,0.0
20230122:0611,0.0,0.0,0.0,5.05,4.9,0.0
20230122:0711,0.0,0.0,0.0,5.94,4.97,0.0
20230122:0811,0.0,0.0,0.0,6.16,4.83,0.0
20230122:0911,0.0,2.62,2.67,6.31,4.55,0.0
20230122:1011,67.0,27.81,7.73,6.54,4.34,0.0
20230122:1111,429.2,114.18,11.18,6.72,4.07,0.0
20230122:1211,251.1,73.74,12.75,6.93,3.86,0.0
20230122:1311,104.85,38.01,12.31,7.12,3.59,0.0
20230122:1411,47.25,22.25,9.89,7.1,3.38,0.0
20230122:1511,17.9,12.98,5.7,7.04,3.17,0.0
20230122:1611,0.0,0.0,0.0,6.93,2.76,0.0
20230122:1711,0.0,0.0,0.0,6.75,2.48,0.0
20230122:1811,0.0,0.0,0.0,6.56,2.28,0.0
20230122:1911,0.0,0.0,0.0,6.92,2.34,0.0
20230122:2011,0.0,0.0,0.0,7.04,2.41,0.0
20230122:2111,0.0,0.0,0.0,7.05,2.34,0.0
20230122:2211,0.0,0.0,0.0,7.07,2.34,0.0
20230122:2311,0.0,0.0,0.0,7.03,2.34,0.0
20230123:0011,0.0,0.0,0.0,7.07,2.62,0.0
20230123:0111,0.0,0.0,0.0,7.14,2.83,0.0
20230123:0211,0.0,0.0,0.0,7.12,2.97,0.0
20230123:0311,0.0,0.0,0.0,7.13,3.03,0.0
20230123:0411,0.0,0.0,0.0,7.13,3.24,0.0
20230123:0511,0.0,0.0,0.0,7.18,3.31,0.0
20230123:0611,0.0,0.0,0.0,7.19,3.31,0.0
20230123:0711,0.0,0.0,0.0,7.64,3.72,0.0
20230123:0811,0.0,0.0,0.0,7.67,3.86,0.0
20230123:0911,0.0,1.75,2.85,7.54,4.07,0.0
20230123:1011,63.35,26.89,7.93,7.53,4.34,0.0
20230123:1111,155.65,50.99,11.4,7.63,4.55,0.0
20230123:1211,151.9,50.06,12.98,7.7,4.62,0.0
20230123:1311,279.6,80.6,12.55,7.82,4.62,0.0
20230123:1411,122.45,42.65,10.13,7.78,4.55,0.0
20230123:1511,17.85,12.98,5.94,7.66,4.34,0.0
20230123:1611,0.0,0.0,0.0,7.39,4.0,0.0
20230123:1711,0.0,0.0,0.0,7.13,3.79,0.0
20230123:1811,0.0,0.0,0.0,7.06,3.59,0.0
20230123:1911,0.0,0.0,0.0,7.61,3.86,0.0
20230123:2011,0.0,0.0,0.0,7.68,3.86,0.0
20230123:2111,0.0,0.0,0.0,7.64,3.86,0.0
20230123:2211,0.0,0.0,0.0,7.65,3.79,0.0
20230123:2311,0.0,0.0,0.0,7.68,3.66,0.0
20230124:0011,0.0,0.0,0.0,7.69,3.52,0.0
20230124:0111,0.0,0.0,0.0,7.79,3.31,0.0
20230124:0211,0.0,0.0,0.0,7.78,3.24,0.0
20230124:0311,0.0,0.0,0.0,7.85,3.24,0.0
20230124:0411,0.0,0.0,0.0,7.92,3.17,0.0
20230124:0511,0.0,0.0,0.0,7.97,3.17,0.0
20230124:0611,0.0,0.0,0.0,7.92,3.24,0.0
20230124:0711,0.0,0.0,0.0,8.08,3.24,0.0
20230124:0811,0.0,0.0,0.0,7.98,3.24,0.0
20230124:0911,0.0,1.75,3.04,7.99,3.31,0.0
20230124:1011,579.7,149.15,8.14,8.25,3.45,0.0
20230124:1111,1521.7,363.95,11.62,8.54,3.72,0.0
20230124:1211,1119.55,270.95,13.22,8.76,3.93,0.0
20230124:1311,2103.95,502.88,12.79,8.81,4.21,0.0
20230124:1411,338.1,94.3,10.38,8.78,4.41,0.0
20230124:1511,806.0,201.31,6.18,8.73,4.55,0.0
20230124:1611,0.0,0.0,0.0,8.53,4.69,0.0
20230124:1711,0.0,0.0,0.0,8.24,4.76,0.0
20230124:1811,0.0,0.0,0.0,8.09,4.9,0.0
20230124:1911,0.0,0.0,0.0,8.66,5.03,0.0
20230124:2011,0.0,0.0,0.0,8.39,5.1,0.0
20230124:2111,0.0,0.0,0.0,7.92,4.97,0.0
20230124:2211,0.0,0.0,0.0,7.71,5.03,0.0
20230124:2311,0.0,0.0,0.0,7.8,5.03,0.0
20230125:0011,0.0,0.0,0.0,7.97,5.1,0.0
20230125:0111,0.0,0.0,0.0,8.03,5.03,0.0
20230125:0211,0.0,0.0,0.0,8.05,4.97,0.0
20230125:0311,0.0,0.0,0.0,8.07,4.76,0.0
20230125:0411,0.0,0.0,0.0,8.14,4.41,0.0
20230125:0511,0.0,0.0,0.0,7.86,4.62,0.0
20230125:0611,0.0,0.0,0.0,7.19,4.48,0.0
20230125:0711,0.0,0.0,0.0,6.88,4.0,0.0
20230125:0811,0.0,0.0,0.0,6.18,4.14,0.0
20230125:0911,0.0,1.75,3.24,5.52,3.86,0.0
20230125:1011,1140.35,272.04,8.35,5.01,4.21,0.0
20230125:1111,2071.65,486.4,11.85,4.9,4.14,0.0
20230125:1211,900.5,218.21,13.46,5.21,3.66,0.0
20230125:1311,422.15,112.32,13.04,5.5,3.45,0.0
20230125:1411,415.85,110.79,10.63,5.69,3.52,0.0
20230125:1511,686.5,171.89,6.43,5.41,3.72,0.0
20230125:1611,0.0,0.0,0.0,4.97,3.38,0.0
20230125:1711,0.0,0.0,0.0,4.54,3.1,0.0
20230125:1811,0.0,0.0,0.0,4.42,2.97,0.0
20230125:1911,0.0,0.0,0.0,4.54,2.9,0.0
20230125:2011,0.0,0.0,0.0,4.52,2.69,0.0
20230125:2111,0.0,0.0,0.0,4.47,2.41,0.0
20230125:2211,0.0,0.0,0.0,4.33,2.0,0.0
20230125:2311,0.0,0.0,0.0,4.08,1.59,0.0
20230126:0011,0.0,0.0,0.0,3.6,1.38,0.0
20230126:0111,0.0,0.0,0.0,3.36,1.38,0.0
20230126:0211,0.0,0.0,0.0,3.49,1.59,0.0
20230126:0311,0.0,0.0,0.0,3.64,1.93,0.0
20230126:0411,0.0,0.0,0.0,3.31,1.72,0.0
20230126:0511,0.0,0.0,0.0,3.1,1.59,0.0
20230126:0611,0.0,0.0,0.0,2.79,1.52,0.0
20230126:0711,0.0,0.0,0.0,2.67,1.59,0.0
20230126:0811,0.0,0.0,0.0,2.14,1.52,0.0
20230126:0911,7.0,8.74,3.45,1.78,1.45,0.0
20230126:1011,133.6,44.57,8.57,2.55,1.52,0.0
20230126:1111,1161.05,276.45,12.08,3.29,1.59,0.0
20230126:1211,1230.0,291.65,13.71,3.71,2.28,0.0
20230126:1311,192.85,59.33,13.29,3.86,2.69,0.0
20230126:1411,681.85,169.46,10.88,4.04,2.14,0.0
20230126:1511,102.8,37.01,6.68,3.91,1.52,0.0
20230126:1611,0.0,0.0,0.0,3.42,1.1,0.0
20230126:1711,0.0,0.0,0.0,2.63,0.76,0.0
20230126:1811,0.0,0.0,0.0,1.91,0.97,0.0
20230126:1911,0.0,0.0,0.0,1.51,1.03,0.0
20230126:2011,0.0,0.0,0.0,1.29,1.03,0.0
20230126:2111,0.0,0.0,0.0,0.95,1.1,0.0
20230126:2211,0.0,0.0,0.0,0.34,1.38,0.0
20230126:2311,0.0,0.0,0.0,0.41,1.59,0.0
20230127:0011,0.0,0.0,0.0,0.37,1.86,0.0
20230127:0111,0.0,0.0,0.0,-0.34,2.07,0.0
20230127:0211,0.0,0.0,0.0,-0.71,2.14,0.0
20230127:0311,0.0,0.0,0.0,-0.78,2.21,0.0
20230127:0411,0.0,0.0,0.0,-0.38,2.28,0.0
20230127:0511,0.0,0.0,0.0,0.23,2.34,0.0
20230127:0611,0.0,0.0,0.0,0.62,2.41,0.0
20230127:0711,0.0,0.0,0.0,0.92,2.76,0.0
20230127:0811,0.0,0.0,0.0,1.47,2.83,0.0
20230127:0911,0.0,2.62,3.66,2.02,2.97,0.0
20230127:1011,663.7,164.36,8.8,2.72,3.24,0.0
20230127:1111,1586.55,371.29,12.32,3.47,3.31,0.0
20230127:1211,2276.4,533.64,13.96,4.19,4.14,0.0
20230127:1311,1989.6,464.93,13.55,4.64,4.48,0.0
20230127:1411,619.4,155.5,11.14,4.8,4.14,0.0
20230127:1511,29.4,16.69,6.94,4.94,4.0,0.0
20230127:1611,0.0,0.0,0.0,4.93,3.93,0.0
20230127:1711,0.0,0.0,0.0,4.96,3.93,0.0
20230127:1811,0.0,0.0,0.0,5.07,3.79,0.0
20230127:1911,0.0,0.0,0.0,5.43,3.86,0.0
20230127:2011,0.0,0.0,0.0,5.68,3.66,0.0
20230127:2111,0.0,0.0,0.0,5.84,3.17,0.0
20230127:2211,0.0,0.0,0.0,5.93,2.41,0.0
20230127:2311,0.0,0.0,0.0,5.84,1.86,0.0
20230128:0011,0.0,0.0,0.0,5.58,1.86,0.0
20230128:0111,0.0,0.0,0.0,5.16,2.07,0.0
20230128:0211,0.0,0.0,0.0,4.51,1.72,0.0
20230128:0311,0.0,0.0,0.0,3.59,1.66,0.0
20230128:0411,0.0,0.0,0.0,3.0,1.66,0.0
20230128:0511,0.0,0.0,0.0,2.52,1.72,0.0
20230128:0611,0.0,0.0,0.0,2.17,1.93,0.0
20230128:0711,0.0,0.0,0.0,1.8,2.07,0.0
20230128:0811,0.0,0.0,0.0,1.91,2.14,0.0
20230128:0911,18.9,13.12,3.87,2.08,2.14,0.0
20230128:1011,266.95,76.13,9.03,2.74,2.14,0.0
20230128:1111,287.0,81.17,12.57,3.57,2.21,0.0
20230128:1211,1961.8,462.25,14.22,4.33,2.9,0.0
20230128:1311,1858.2,437.41,13.82,4.78,3.24,0.0
20230128:1411,1089.95,260.77,11.41,5.03,3.24,0.0
20230128:1511,599.2,152.05,7.2,4.84,2.97,0.0
20230128:1611,0.0,0.0,0.0,4.41,2.69,0.0
20230128:1711,0.0,0.0,0.0,3.48,2.62,0.0
20230128:1811,0.0,0.0,0.0,3.21,2.76,0.0
20230128:1911,0.0,0.0,0.0,3.73,3.24,0.0
20230128:2011,0.0,0.0,0.0,3.66,3.66,0.0
20230128:2111,0.0,0.0,0.0,3.5,3.93,0.0
20230128:2211,0.0,0.0,0.0,3.52,4.28,0.0
20230128:2311,0.0,0.0,0.0,3.64,4.69,0.0
20230129:0011,0.0,0.0,0.0,3.84,5.03,0.0
20230129:0111,0.0,0.0,0.0,4.21,5.31,0.0
20230129:0211,0.0,0.0,0.0,4.37,5.38,0.0
20230129:0311,0.0,0.0,0.0,4.59,5.38,0.0
20230129:0411,0.0,0.0,0.0,4.77,5.52,0.0
20230129:0511,0.0,0.0,0.0,5.13,5.72,0.0
20230129:0611,0.0,0.0,0.0,5.47,5.93,0.0
20230129:0711,0.0,0.0,0.0,6.39,6.21,0.0
20230129:0811,0.0,0.0,0.0,6.89,6.34,0.0
20230129:0911,37.2,19.24,4.1,7.3,6.41,0.0
20230129:1011,40.9,20.4,9.27,7.71,6.48,0.0
20230129:1111,285.1,81.89,12.82,8.05,6.48,0.0
20230129:1211,31.75,17.62,14.48,8.33,6.69,0.0
20230129:1311,286.45,82.36,14.09,8.23,6.83,0.0
20230129:1411,17.85,12.98,11.68,7.68,6.76,0.0
20230129:1511,5.8,8.34,7.47,6.18,6.34,0.0
20230129:1611,0.0,0.87,1.78,5.0,5.86,0.0
20230129:1711,0.0,0.0,0.0,4.1,5.72,0.0
20230129:1811,0.0,0.0,0.0,3.02,5.45,0.0
20230129:1911,0.0,0.0,0.0,2.91,5.52,0.0
20230129:2011,0.0,0.0,0.0,2.71,5.52,0.0
20230129:2111,0.0,0.0,0.0,2.39,5.52,0.0
20230129:2211,0.0,0.0,0.0,2.55,6.0,0.0
20230129:2311,0.0,0.0,0.0,2.58,6.07,0.0
20230130:0011,0.0,0.0,0.0,2.75,6.07,0.0
20230130:0111,0.0,0.0,0.0,3.02,6.0,0.0
20230130:0211,0.0,0.0,0.0,3.45,5.86,0.0
20230130:0311,0.0,0.0,0.0,3.68,5.31,0.0
20230130:0411,0.0,0.0,0.0,3.48,5.03,0.0
20230130:0511,0.0,0.0,0.0,3.29,4.69,0.0
20230130:0611,0.0,0.0,0.0,3.11,4.21,0.0
20230130:0711,0.0,0.0,0.0,3.14,3.52,0.0
20230130:0811,0.0,0.0,0.0,2.82,3.03,0.0
20230130:0911,178.75,56.0,4.33,2.55,2.76,0.0
20230130:1011,1445.3,340.3,9.51,2.93,2.76,0.0
20230130:1111,2248.45,532.82,13.08,3.64,2.48,0.0
20230130:1211,258.15,74.88,14.75,4.52,2.9,0.0
20230130:1311,939.0,227.05,14.36,4.92,3.1,0.0
20230130:1411,507.5,131.26,11.96,5.27,3.45,0.0
20230130:1511,1263.05,302.63,7.74,5.13,3.03,0.0
20230130:1611,0.0,3.5,2.04,4.74,2.97,0.0
20230130:1711,0.0,0.0,0.0,4.36,3.03,0.0
20230130:1811,0.0,0.0,0.0,4.2,3.45,0.0
20230130:1911,0.0,0.0,0.0,4.24,4.14,0.0
20230130:2011,0.0,0.0,0.0,4.35,4.9,0.0
20230130:2111,0.0,0.0,0.0,4.78,5.38,0.0
20230130:2211,0.0,0.0,0.0,5.6,5.24,0.0
20230130:2311,0.0,0.0,0.0,6.43,5.17,0.0
20230131:0011,0.0,0.0,0.0,6.97,5.03,0.0
20230131:0111,0.0,0.0,0.0,6.98,5.66,0.0
20230131:0211,0.0,0.0,0.0,5.52,5.59,0.0
20230131:0311,0.0,0.0,0.0,4.43,5.45,0.0
20230131:0411,0.0,0.0,0.0,3.6,5.86,0.0
20230131:0511,0.0,0.0,0.0,2.31,5.79,0.0
20230131:0611,0.0,0.0,0.0,1.82,5.93,0.0
20230131:0711,0.0,0.0,0.0,1.81,5.59,0.0
20230131:0811,0.0,0.0,0.0,1.59,5.93,0.0
20230131:0911,0.0,3.71,4.56,1.73,5.72,0.0
20230131:1011,51.95,23.18,9.76,2.06,5.93,0.0
20230131:1111,26.95,15.76,13.35,2.3,6.34,0.0
20230131:1211,2264.25,521.4,15.02,2.86,6.21,0.0
20230131:1311,32.75,17.62,14.64,3.13,6.21,0.0
20230131:1411,21.1,13.91,12.23,3.34,6.0,0.0
20230131:1511,1321.85,309.61,8.02,2.99,6.34,0.0
20230131:1611,0.0,0.93,2.31,2.81,6.07,0.0
20230131:1711,0.0,0.0,0.0,2.27,5.59,0.0
20230131:1811,0.0,0.0,0.0,2.22,5.38,0.0
20230131:1911,0.0,0.0,0.0,2.54,5.31,0.0
20230131:2011,0.0,0.0,0.0,2.68,5.31,0.0
20230131:2111,0.0,0.0,0.0,2.56,5.45,0.0
20230131:2211,0.0,0.0,0.0,2.46,5.59,0.0
20230131:2311,0.0,0.0,0.0,2.5,6.0,0.0
20230201:0011,0.0,0.0,0.0,2.64,6.14,0.0
20230201:0111,0.0,0.0,0.0,2.8,5.93,0.0
20230201:0211,0.0,0.0,0.0,2.82,5.72,0.0
20230201:0311,0.0,0.0,0.0,2.82,5.38,0.0
20230201:0411,0.0,0.0,0.0,2.8,5.59,0.0
20230201:0511,0.0,0.0,0.0,2.6,5.52,0.0
20230201:0611,0.0,0.0,0.0,2.52,5.38,0.0
20230201:0711,0.0,0.0,0.0,2.58,5.03,0.0
20230201:0811,0.0,0.0,0.0,2.49,5.03,0.0
20230201:0911,26.95,15.76,4.8,2.29,4.83,0.0
20230201:1011,682.65,168.07,10.02,2.61,4.69,0.0
20230201:1111,1312.95,307.07,13.62,3.11,4.55,0.0
20230201:1211,189.5,58.41,15.3,3.58,4.28,0.0
20230201:1311,185.3,57.48,14.93,3.91,4.07,0.0
20230201:1411,281.55,79.91,12.52,3.93,3.79,0.0
20230201:1511,74.8,29.67,8.29,3.9,3.24,0.0
20230201:1611,0.05,5.56,2.58,3.52,2.9,0.0
20230201:1711,0.0,0.0,0.0,2.83,2.62,0.0
20230201:1811,0.0,0.0,0.0,2.46,2.41,0.0
20230201:1911,0.0,0.0,0.0,2.69,2.34,0.0
20230201:2011,0.0,0.0,0.0,2.4,2.07,0.0
20230201:2111,0.0,0.0,0.0,2.25,2.07,0.0
20230201:2211,0.0,0.0,0.0,2.28,1.93,0.0
20230201:2311,0.0,0.0,0.0,2.56,1.93,0.0
20230202:0011,0.0,0.0,0.0,3.13,1.93,0.0
20230202:0111,0.0,0.0,0.0,3.79,2.0,0.0
20230202:0211,0.0,0.0,0.0,4.46,2.21,0.0
20230202:0311,0.0,0.0,0.0,5.03,2.41,0.0
20230202:0411,0.0,0.0,0.0,5.56,3.24,0.0
20230202:0511,0.0,0.0,0.0,6.36,4.0,0.0
20230202:0611,0.0,0.0,0.0,6.92,4.07,0.0
20230202:0711,0.0,0.0,0.0,6.74,3.72,0.0
20230202:0811,0.0,0.0,0.0,7.08,4.07,0.0
20230202:0911,7.95,9.27,5.05,7.46,4.9,0.0
20230202:1011,60.0,25.96,10.28,7.73,5.24,0.0
20230202:1111,126.05,43.57,13.89,7.88,5.45,0.0
20230202:1211,764.5,189.85,15.59,7.89,5.66,0.0
20230202:1311,231.7,69.53,15.22,7.9,5.72,0.0
20230202:1411,736.0,183.12,12.81,7.85,6.14,0.0
20230202:1511,958.2,233.52,8.58,7.79,6.48,0.0
20230202:1611,0.0,4.64,2.85,7.64,6.69,0.0
20230202:1711,0.0,0.0,0.0,7.76,6.97,0.0
20230202:1811,0.0,0.0,0.0,8.01,6.55,0.0
20230202:1911,0.0,0.0,0.0,8.03,6.07,0.0
20230202:2011,0.0,0.0,0.0,8.1,6.34,0.0
20230202:2111,0.0,0.0,0.0,8.24,6.69,0.0
20230202:2211,0.0,0.0,0.0,7.53,7.31,0.0
20230202:2311,0.0,0.0,0.0,6.31,6.55,0.0
20230203:0011,0.0,0.0,0.0,5.88,6.0,0.0
20230203:0111,0.0,0.0,0.0,5.52,5.66,0.0
20230203:0211,0.0,0.0,0.0,5.2,5.38,0.0
20230203:0311,0.0,0.0,0.0,5.06,5.24,0.0
20230203:0411,0.0,0.0,0.0,4.83,5.03,0.0
20230203:0511,0.0,0.0,0.0,4.54,4.83,0.0
20230203:0611,0.0,0.0,0.0,4.35,4.34,0.0
20230203:0711,0.0,0.0,0.0,4.41,3.79,0.0
20230203:0811,0.0,0.0,0.0,4.12,3.1,0.0
20230203:0911,8.15,9.27,5.3,4.04,2.48,0.0
20230203:1011,44.75,21.32,10.55,4.52,2.0,0.0
20230203:1111,95.25,35.23,14.17,4.9,2.0,0.0
20230203:1211,631.15,159.59,15.88,5.36,2.21,0.0
20230203:1311,869.4,212.83,15.51,5.85,2.69,0.0
20230203:1411,960.7,233.4,13.1,6.39,3.1,0.0
20230203:1511,807.5,200.22,8.86,6.97,3.31,0.0
20230203:1611,0.0,3.71,3.13,7.47,3.45,0.0
20230203:1711,0.0,0.0,0.0,7.38,3.52,0.0
20230203:1811,0.0,0.0,0.0,7.09,3.45,0.0
20230203:1911,0.0,0.0,0.0,7.56,3.24,0.0
20230203:2011,0.0,0.0,0.0,7.63,3.1,0.0
20230203:2111,0.0,0.0,0.0,7.57,3.03,0.0
20230203:2211,0.0,0.0,0.0,7.64,3.03,0.0
20230203:2311,0.0,0.0,0.0,7.66,3.17,0.0
20230204:0011,0.0,0.0,0.0,7.7,3.24,0.0
20230204:0111,0.0,0.0,0.0,7.5,3.31,0.0
20230204:0211,0.0,0.0,0.0,7.24,3.45,0.0
20230204:0311,0.0,0.0,0.0,6.96,3.66,0.0
20230204:0411,0.0,0.0,0.0,6.92,3.86,0.0
20230204:0511,0.0,0.0,0.0,6.84,3.93,0.0
20230204:0611,0.0,0.0,0.0,6.81,4.07,0.0
20230204:0711,0.0,0.0,0.0,7.48,3.93,0.0
20230204:0811,0.0,0.0,0.0,7.41,4.14,0.0
20230204:0911,29.0,16.69,5.56,7.43,4.41,0.0
20230204:1011,80.2,31.52,10.82,7.52,4.62,0.0
20230204:1111,443.45,118.14,14.46,7.64,4.83,0.0
20230204:1211,860.8,211.56,16.18,7.78,4.97,0.0
20230204:1311,97.45,36.16,15.81,7.77,5.03,0.0
20230204:1411,638.05,161.17,13.39,7.19,5.45,0.0
20230204:1511,60.9,25.96,9.15,5.03,4.9,0.0
20230204:1611,0.0,2.78,3.41,3.55,3.59,0.0
20230204:1711,0.0,0.0,0.0,3.14,3.79,0.0
20230204:1811,0.0,0.0,0.0,2.56,3.93,0.0
20230204:1911,0.0,0.0,0.0,2.49,3.52,0.0
20230204:2011,0.0,0.0,0.0,2.24,3.24,0.0
20230204:2111,0.0,0.0,0.0,1.89,3.1,0.0
20230204:2211,0.0,0.0,0.0,1.55,2.97,0.0
20230204:2311,0.0,0.0,0.0,1.25,2.62,0.0
20230205:0011,0.0,0.0,0.0,0.9,2.34,0.0
20230205:0111,0.0,0.0,0.0,0.7,2.41,0.0
20230205:0211,0.0,0.0,0.0,0.87,2.34,0.0
20230205:0311,0.0,0.0,0.0,0.64,2.41,0.0
20230205:0411,0.0,0.0,0.0,0.37,2.55,0.0
20230205:0511,0.0,0.0,0.0,0.37,2.55,0.0
20230205:0611,0.0,0.0,0.0,0.22,2.48,0.0
20230205:0711,0.0,0.0,0.0,1.47,2.48,0.0
20230205:0811,0.0,0.0,0.0,1.35,2.41,0.0
20230205:0911,0.1,5.56,5.82,1.37,2.21,0.0
20230205:1011,100.2,36.16,11.1,2.22,2.21,0.0
20230205:1111,162.75,51.92,14.75,3.18,2.55,0.0
20230205:1211,708.55,175.97,16.48,4.26,2.62,0.0
20230205:1311,519.9,134.17,16.11,4.86,3.86,0.0
20230205:1411,601.25,151.89,13.69,4.94,4.34,0.0
20230205:1511,71.05,28.74,9.44,4.8,4.41,0.0
20230205:1611,0.0,2.78,3.69,4.5,4.21,0.0
20230205:1711,0.0,0.0,0.0,3.9,4.14,0.0
20230205:1811,0.0,0.0,0.0,3.64,4.14,0.0
20230205:1911,0.0,0.0,0.0,4.49,4.41,0.0
20230205:2011,0.0,0.0,0.0,4.65,4.34,0.0
20230205:2111,0.0,0.0,0.0,4.67,4.41,0.0
20230205:2211,0.0,0.0,0.0,4.74,4.41,0.0
20230205:2311,0.0,0.0,0.0,4.8,4.28,0.0
20230206:0011,0.0,0.0,0.0,4.91,4.14,0.0
20230206:0111,0.0,0.0,0.0,5.04,4.14,0.0
20230206:0211,0.0,0.0,0.0,5.11,4.14,0.0
20230206:0311,0.0,0.0,0.0,5.25,4.28,0.0
20230206:0411,0.0,0.0,0.0,5.17,4.28,0.0
20230206:0511,0.0,0.0,0.0,5.06,4.34,0.0
20230206:0611,0.0,0.0,0.0,5.04,4.41,0.0
20230206:0711,0.0,0.0,0.0,5.25,4.41,0.0
20230206:0811,0.0,0.0,0.0,5.31,4.55,0.0
20230206:0911,509.6,133.42,6.09,5.43,4.62,0.0
20230206:1011,913.8,221.83,11.38,5.75,4.48,0.0
20230206:1111,275.5,79.33,15.05,6.11,4.62,0.0
20230206:1211,108.8,38.94,16.78,6.63,5.93,0.0
20230206:1311,123.1,42.65,16.42,6.87,5.86,0.0
20230206:1411,770.65,190.64,14.0,7.06,5.24,0.0
20230206:1511,185.85,58.14,9.74,6.97,4.9,0.0
20230206:1611,0.0,4.64,3.98,6.78,4.55,0.0
20230206:1711,0.0,0.0,0.0,6.55,4.28,0.0
20230206:1811,0.0,0.0,0.0,6.33,4.21,0.0
20230206:1911,0.0,0.0,0.0,6.65,4.55,0.0
20230206:2011,0.0,0.0,0.0,6.54,4.55,0.0
20230206:2111,0.0,0.0,0.0,6.41,4.55,0.0
20230206:2211,0.0,0.0,0.0,6.38,4.41,0.0
20230206:2311,0.0,0.0,0.0,6.42,4.28,0.0
20230207:0011,0.0,0.0,0.0,6.46,4.21,0.0
20230207:0111,0.0,0.0,0.0,6.44,4.14,0.0
20230207:0211,0.0,0.0,0.0,6.43,4.07,0.0
20230207:0311,0.0,0.0,0.0,6.47,4.0,0.0
20230207:0411,0.0,0.0,0.0,6.49,3.59,0.0
20230207:0511,0.0,0.0,0.0,6.5,2.9,0.0
20230207:0611,0.0,0.0,0.0,6.38,2.0,0.0
20230207:0711,0.0,0.0,0.0,6.4,2.0,0.0
20230207:0811,0.0,0.0,0.0,6.14,1.93,0.0
20230207:0911,858.65,214.72,6.37,5.9,2.0,0.0
20230207:1011,1058.4,256.31,11.67,5.68,1.93,0.0
20230207:1111,1379.4,329.32,15.35,5.76,2.28,0.0
20230207:1211,1797.6,427.97,17.09,5.98,2.48,0.0
20230207:1311,1256.85,300.78,16.73,6.24,2.97,0.0
20230207:1411,2334.15,558.0,14.3,6.34,3.31,0.0
20230207:1511,1697.15,404.96,10.03,5.99,3.17,0.0
20230207:1611,29.3,16.69,4.27,5.61,3.38,0.0
20230207:1711,0.0,0.0,0.0,4.65,3.38,0.0
20230207:1811,0.0,0.0,0.0,3.89,3.45,0.0
20230207:1911,0.0,0.0,0.0,3.96,3.93,0.0
20230207:2011,0.0,0.0,0.0,3.63,4.21,0.0
20230207:2111,0.0,0.0,0.0,3.5,4.48,0.0
20230207:2211,0.0,0.0,0.0,3.3,4.69,0.0
20230207:2311,0.0,0.0,0.0,3.14,4.9,0.0
20230208:0011,0.0,0.0,0.0,3.07,4.97,0.0
20230208:0111,0.0,0.0,0.0,3.14,5.24,0.0
20230208:0211,0.0,0.0,0.0,3.18,5.45,0.0
20230208:0311,0.0,0.0,0.0,3.27,5.59,0.0
20230208:0411,0.0,0.0,0.0,3.21,5.86,0.0
20230208:0511,0.0,0.0,0.0,3.42,6.21,0.0
20230208:0611,0.0,0.0,0.0,3.88,6.55,0.0
20230208:0711,0.0,0.0,0.0,4.9,6.69,0.0
20230208:0811,0.0,0.0,0.0,5.3,6.97,0.0
20230208:0911,149.2,48.96,6.65,5.33,7.24,0.0
20230208:1011,800.8,195.6,11.96,5.54,7.38,0.0
20230208:1111,683.75,170.2,15.65,5.89,7.72,0.0
20230208:1211,792.4,194.94,17.4,6.43,6.48,0.0
20230208:1311,871.05,212.22,17.05,6.68,7.24,0.0
20230208:1411,792.15,194.33,14.61,6.45,7.66,0.0
20230208:1511,344.05,94.65,10.34,6.12,7.86,0.0
20230208:1611,0.0,5.56,4.56,5.51,8.0,0.0
20230208:1711,0.0,0.0,0.0,4.91,6.97,0.0
20230208:1811,0.0,0.0,0.0,2.9,5.24,0.0
20230208:1911,0.0,0.0,0.0,2.28,4.55,0.0
20230208:2011,0.0,0.0,0.0,1.84,4.9,0.0
20230208:2111,0.0,0.0,0.0,1.76,4.97,0.0
20230208:2211,0.0,0.0,0.0,1.66,4.9,0.0
20230208:2311,0.0,0.0,0.0,1.46,5.03,0.0
20230209:0011,0.0,0.0,0.0,1.42,5.24,0.0
20230209:0111,0.0,0.0,0.0,1.46,5.86,0.0
20230209:0211,0.0,0.0,0.0,1.61,5.93,0.0
20230209:0311,0.0,0.0,0.0,1.68,5.86,0.0
20230209:0411,0.0,0.0,0.0,1.61,5.79,0.0
20230209:0511,0.0,0.0,0.0,1.61,5.66,0.0
20230209:0611,0.0,0.0,0.0,1.63,5.52,0.0
20230209:0711,0.0,0.0,0.0,2.24,5.93,0.0
20230209:0811,0.0,0.0,0.0,2.32,5.93,0.0
20230209:0911,24.0,14.83,6.93,2.81,5.93,0.0
20230209:1011,394.3,105.02,12.26,3.4,6.14,0.0
20230209:1111,757.25,185.41,15.96,3.91,5.31,0.0
20230209:1211,948.85,227.81,17.72,4.35,5.59,0.0
20230209:1311,308.75,86.48,17.36,4.51,5.66,0.0
20230209:1411,1163.65,275.43,14.93,4.57,5.24,0.0
20230209:1511,805.6,196.85,10.64,4.52,5.1,0.0
20230209:1611,32.5,17.62,4.85,4.36,4.69,0.0
20230209:1711,0.0,0.0,0.0,4.02,4.14,0.0
20230209:1811,0.0,0.0,0.0,3.8,3.66,0.0
20230209:1911,0.0,0.0,0.0,4.07,3.52,0.0
20230209:2011,0.0,0.0,0.0,4.1,3.38,0.0
20230209:2111,0.0,0.0,0.0,4.16,3.31,0.0
20230209:2211,0.0,0.0,0.0,4.23,3.31,0.0
20230209:2311,0.0,0.0,0.0,4.25,3.38,0.0
20230210:0011,0.0,0.0,0.0,4.28,3.52,0.0
20230210:0111,0.0,0.0,0.0,4.5,4.07,0.0
20230210:0211,0.0,0.0,0.0,4.63,4.48,0.0
20230210:0311,0.0,0.0,0.0,4.61,4.69,0.0
20230210:0411,0.0,0.0,0.0,4.57,4.9,0.0
20230210:0511,0.0,0.0,0.0,4.74,5.17,0.0
20230210:0611,0.0,0.0,0.0,5.32,5.59,0.0
20230210:0711,0.0,0.0,0.0,6.09,5.93,0.0
20230210:0811,0.0,0.0,0.0,6.93,5.66,0.0
20230210:0911,270.55,78.71,7.22,7.48,6.07,0.0
20230210:1011,814.2,200.76,12.56,7.76,6.21,0.0
20230210:1111,689.0,173.22,16.28,8.0,6.14,0.0
20230210:1211,1048.75,253.61,18.04,8.15,6.14,0.0
20230210:1311,1613.35,381.84,17.69,8.27,6.07,0.0
20230210:1411,681.3,171.66,15.24,8.25,5.93,0.0
20230210:1511,181.55,57.41,10.95,8.22,5.59,0.0
20230210:1611,7.9,9.27,5.14,8.2,5.45,0.0
20230210:1711,0.0,0.0,0.0,8.14,5.38,0.0
20230210:1811,0.0,0.0,0.0,8.08,5.24,0.0
20230210:1911,0.0,0.0,0.0,8.38,5.52,0.0
20230210:2011,0.0,0.0,0.0,8.36,5.45,0.0
20230210:2111,0.0,0.0,0.0,8.4,5.31,0.0
20230210:2211,0.0,0.0,0.0,8.38,5.03,0.0
20230210:2311,0.0,0.0,0.0,8.28,4.69,0.0
20230211:0011,0.0,0.0,0.0,8.16,4.28,0.0
20230211:0111,0.0,0.0,0.0,8.1,4.0,0.0
20230211:0211,0.0,0.0,0.0,7.98,3.93,0.0
20230211:0311,0.0,0.0,0.0,7.88,3.93,0.0
20230211:0411,0.0,0.0,0.0,7.76,3.86,0.0
20230211:0511,0.0,0.0,0.0,7.67,3.86,0.0
20230211:0611,0.0,0.0,0.0,7.5,4.0,0.0
20230211:0711,0.0,0.0,0.0,7.64,3.93,0.0
20230211:0811,0.0,0.0,0.0,7.54,3.86,0.0
20230211:0911,17.85,12.98,7.51,7.43,3.86,0.0
20230211:1011,148.3,49.14,12.87,7.41,3.86,0.0
20230211:1111,122.5,42.65,16.6,7.62,4.07,0.0
20230211:1211,208.05,63.97,18.37,8.12,3.86,0.0
20230211:1311,464.3,123.76,18.01,8.4,4.14,0.0
20230211:1411,523.6,136.89,15.56,8.39,4.14,0.0
20230211:1511,173.25,55.45,11.26,8.35,4.21,0.0
20230211:1611,0.0,5.56,5.44,7.83,4.28,0.0
20230211:1711,0.0,0.0,0.0,7.16,4.07,0.0
20230211:1811,0.0,0.0,0.0,6.78,3.86,0.0
20230211:1911,0.0,0.0,0.0,7.02,3.66,0.0
20230211:2011,0.0,0.0,0.0,6.93,3.59,0.0
20230211:2111,0.0,0.0,0.0,6.91,3.66,0.0
20230211:2211,0.0,0.0,0.0,6.79,3.72,0.0
20230211:2311,0.0,0.0,0.0,6.65,3.79,0.0
20230212:0011,0.0,0.0,0.0,6.34,3.86,0.0
20230212:0111,0.0,0.0,0.0,6.1,3.93,0.0
20230212:0211,0.0,0.0,0.0,5.91,3.79,0.0
20230212:0311,0.0,0.0,0.0,5.76,3.59,0.0
20230212:0411,0.0,0.0,0.0,5.61,3.45,0.0
20230212:0511,0.0,0.0,0.0,5.71,3.52,0.0
20230212:0611,0.0,0.0,0.0,6.0,3.52,0.0
20230212:0711,0.0,0.0,0.0,6.13,3.38,0.0
20230212:0811,0.0,0.0,0.0,6.21,3.31,0.0
20230212:0911,214.2,65.03,7.81,6.26,3.38,0.0
20230212:1011,471.2,124.13,13.18,6.45,3.17,0.0
20230212:1111,1023.9,248.1,16.92,6.8,3.72,0.0
20230212:1211,244.05,72.31,18.7,7.02,4.07,0.0
20230212:1311,279.35,80.66,18.34,6.99,4.0,0.0
20230212:1411,186.3,58.41,15.89,6.98,4.07,0.0
20230212:1511,101.35,37.08,11.57,7.0,3.79,0.0
20230212:1611,0.0,5.56,5.74,6.83,3.24,0.0
20230212:1711,0.0,0.0,0.0,6.36,2.83,0.0
20230212:1811,0.0,0.0,0.0,5.86,2.9,0.0
20230212:1911,0.0,0.0,0.0,5.72,2.9,0.0
20230212:2011,0.0,0.0,0.0,5.34,2.97,0.0
20230212:2111,0.0,0.0,0.0,4.97,2.97,0.0
20230212:2211,0.0,0.0,0.0,4.56,2.9,0.0
20230212:2311,0.0,0.0,0.0,4.17,2.69,0.0
20230213:0011,0.0,0.0,0.0,3.78,2.55,0.0
20230213:0111,0.0,0.0,0.0,3.34,2.34,0.0
20230213:0211,0.0,0.0,0.0,2.87,2.21,0.0
20230213:0311,0.0,0.0,0.0,2.7,2.07,0.0
20230213:0411,0.0,0.0,0.0,2.46,2.0,0.0
20230213:0511,0.0,0.0,0.0,2.28,1.93,0.0
20230213:0611,0.0,0.0,0.0,2.04,1.79,0.0
20230213:0711,0.0,0.0,0.0,2.32,1.79,0.0
20230213:0811,0.0,0.0,0.0,2.35,1.72,0.0
20230213:0911,1314.15,317.08,8.12,2.74,1.52,0.0
20230213:1011,2033.75,487.51,13.5,4.28,1.45,0.0
20230213:1111,2711.75,661.56,17.25,5.78,2.14,0.0
20230213:1211,2951.35,723.67,19.04,6.71,2.83,0.0
20230213:1311,2958.35,725.06,18.68,7.52,3.24,0.0
20230213:1411,2560.85,619.77,16.21,7.87,3.45,0.0
20230213:1511,1852.15,445.18,11.88,7.81,3.31,0.0
20230213:1611,824.35,210.03,6.04,7.24,2.9,0.0
20230213:1711,0.0,0.0,0.0,6.35,2.48,0.0
20230213:1811,0.0,0.0,0.0,5.32,2.21,0.0
20230213:1911,0.0,0.0,0.0,4.58,2.14,0.0
20230213:2011,0.0,0.0,0.0,4.03,2.28,0.0
20230213:2111,0.0,0.0,0.0,3.57,2.28,0.0
20230213:2211,0.0,0.0,0.0,3.09,2.14,0.0
20230213:2311,0.0,0.0,0.0,2.51,2.14,0.0
20230214:0011,0.0,0.0,0.0,2.44,2.28,0.0
20230214:0111,0.0,0.0,0.0,2.4,2.34,0.0
20230214:0211,0.0,0.0,0.0,2.58,2.28,0.0
20230214:0311,0.0,0.0,0.0,2.52,2.28,0.0
20230214:0411,0.0,0.0,0.0,2.31,2.34,0.0
20230214:0511,0.0,0.0,0.0,2.39,2.62,0.0
20230214:0611,0.0,0.0,0.0,2.73,2.9,0.0
20230214:0711,0.0,0.0,0.0,2.91,3.24,0.0
20230214:0811,0.0,0.87,1.78,3.07,3.03,0.0
20230214:0911,1087.45,263.61,8.42,3.72,2.76,0.0
20230214:1011,441.3,116.81,13.82,4.99,2.69,0.0
20230214:1111,1690.85,402.07,17.58,6.59,3.24,0.0
20230214:1211,800.15,199.17,19.37,7.89,3.86,0.0
20230214:1311,1051.05,256.25,19.01,8.75,4.21,0.0
20230214:1411,371.7,102.75,16.54,8.93,4.0,0.0
20230214:1511,607.2,156.12,12.2,8.87,3.93,0.0
20230214:1611,78.9,31.39,6.35,8.6,4.0,0.0
20230214:1711,0.0,0.0,0.0,8.33,3.93,0.0
20230214:1811,0.0,0.0,0.0,8.3,4.0,0.0
20230214:1911,0.0,0.0,0.0,8.36,4.34,0.0
20230214:2011,0.0,0.0,0.0,8.57,4.41,0.0
20230214:2111,0.0,0.0,0.0,8.27,4.41,0.0
20230214:2211,0.0,0.0,0.0,7.85,4.34,0.0
20230214:2311,0.0,0.0,0.0,7.79,4.41,0.0
20230215:0011,0.0,0.0,0.0,7.71,4.41,0.0
20230215:0111,0.0,0.0,0.0,7.55,4.55,0.0
20230215:0211,0.0,0.0,0.0,7.39,4.62,0.0
20230215:0311,0.0,0.0,0.0,7.23,4.76,0.0
20230215:0411,0.0,0.0,0.0,7.14,4.83,0.0
20230215:0511,0.0,0.0,0.0,7.08,4.97,0.0
20230215:0611,0.0,0.0,0.0,6.77,5.03,0.0
20230215:0711,0.0,0.0,0.0,6.27,4.83,0.0
20230215:0811,0.0,1.75,2.09,5.88,4.62,0.0
20230215:0911,29.35,16.69,8.74,5.42,4.55,0.0
20230215:1011,150.0,49.14,14.15,5.24,4.21,0.0
20230215:1111,2417.7,571.9,17.92,5.03,4.0,0.0
20230215:1211,2951.7,708.07,19.72,5.22,4.07,0.0
20230215:1311,2622.75,621.36,19.35,5.81,4.9,0.0
20230215:1411,1679.35,394.76,16.87,6.0,5.1,0.0
20230215:1511,175.9,55.63,12.52,6.03,5.38,0.0
20230215:1611,44.5,21.32,6.65,5.81,5.31,0.0
20230215:1711,0.0,0.0,0.0,5.6,5.45,0.0
20230215:1811,0.0,0.0,0.0,5.42,4.9,0.0
20230215:1911,0.0,0.0,0.0,5.64,4.41,0.0
20230215:2011,0.0,0.0,0.0,5.27,3.93,0.0
20230215:2111,0.0,0.0,0.0,4.9,3.52,0.0
20230215:2211,0.0,0.0,0.0,4.56,3.1,0.0
20230215:2311,0.0,0.0,0.0,4.18,2.76,0.0
20230216:0011,0.0,0.0,0.0,4.05,2.41,0.0
20230216:0111,0.0,0.0,0.0,3.69,2.14,0.0
20230216:0211,0.0,0.0,0.0,3.33,1.79,0.0
20230216:0311,0.0,0.0,0.0,2.84,1.72,0.0
20230216:0411,0.0,0.0,0.0,2.64,1.66,0.0
20230216:0511,0.0,0.0,0.0,2.38,1.66,0.0
20230216:0611,0.0,0.0,0.0,2.24,1.59,0.0
20230216:0711,0.0,0.0,0.0,2.23,1.24,0.0
20230216:0811,0.0,0.87,2.39,2.42,1.1,0.0
20230216:0911,151.45,49.15,9.05,2.91,0.97,0.0
20230216:1011,260.4,75.38,14.48,3.79,1.03,0.0
20230216:1111,922.05,224.97,18.26,4.26,1.1,0.0
20230216:1211,366.0,100.1,20.06,4.41,1.31,0.0
20230216:1311,297.9,84.37,19.7,4.47,1.79,0.0
20230216:1411,215.35,64.9,17.21,4.48,2.14,0.0
20230216:1511,205.8,62.51,12.84,4.26,2.0,0.0
20230216:1611,90.05,33.82,6.96,4.06,2.21,0.0
20230216:1711,0.0,0.0,0.0,3.7,2.28,0.0
20230216:1811,0.0,0.0,0.0,3.37,2.21,0.0
20230216:1911,0.0,0.0,0.0,4.22,1.72,0.0
20230216:2011,0.0,0.0,0.0,4.37,1.93,0.0
20230216:2111,0.0,0.0,0.0,4.6,2.07,0.0
20230216:2211,0.0,0.0,0.0,5.06,2.55,0.0
20230216:2311,0.0,0.0,0.0,6.19,3.79,0.0
20230217:0011,0.0,0.0,0.0,7.92,5.24,0.0
20230217:0111,0.0,0.0,0.0,8.83,6.28,0.0
20230217:0211,0.0,0.0,0.0,9.07,7.1,0.0
20230217:0311,0.0,0.0,0.0,9.24,8.0,0.0
20230217:0411,0.0,0.0,0.0,8.67,8.83,0.0
20230217:0511,0.0,0.0,0.0,8.1,9.59,0.0
20230217:0611,0.0,0.0,0.0,6.7,9.31,0.0
20230217:0711,0.0,0.0,0.0,5.26,8.48,0.0
20230217:0811,1.05,6.12,2.7,4.37,7.1,0.0
20230217:0911,38.65,19.47,9.37,4.24,6.76,0.0
20230217:1011,470.1,122.69,14.81,4.51,5.52,0.0
20230217:1111,902.95,218.45,18.6,4.87,5.59,0.0
20230217:1211,524.05,135.45,20.41,5.13,5.38,0.0
20230217:1311,818.65,200.66,20.04,5.42,5.38,0.0
20230217:1411,1665.5,390.59,17.55,5.53,5.24,0.0
20230217:1511,967.75,233.83,13.16,5.19,4.34,0.0
20230217:1611,239.15,70.97,7.27,4.84,3.86,0.0
20230217:1711,0.0,0.0,0.0,4.44,3.38,0.0
20230217:1811,0.0,0.0,0.0,4.07,2.83,0.0
20230217:1911,0.0,0.0,0.0,4.05,2.55,0.0
20230217:2011,0.0,0.0,0.0,3.87,2.21,0.0
20230217:2111,0.0,0.0,0.0,3.7,1.93,0.0
20230217:2211,0.0,0.0,0.0,3.48,1.86,0.0
20230217:2311,0.0,0.0,0.0,3.14,1.59,0.0
20230218:0011,0.0,0.0,0.0,2.67,1.24,0.0
20230218:0111,0.0,0.0,0.0,2.47,0.97,0.0
20230218:0211,0.0,0.0,0.0,2.32,0.83,0.0
20230218:0311,0.0,0.0,0.0,2.06,1.31,0.0
20230218:0411,0.0,0.0,0.0,1.64,1.45,0.0
20230218:0511,0.0,0.0,0.0,1.39,1.38,0.0
20230218:0611,0.0,0.0,0.0,1.35,1.31,0.0
20230218:0711,0.0,0.0,0.0,1.59,1.59,0.0
20230218:0811,0.0,4.37,3.01,1.45,1.31,0.0
20230218:0911,334.75,91.93,9.7,1.67,0.76,0.0
20230218:1011,159.35,50.99,15.15,2.38,1.1,0.0
20230218:1111,509.85,132.01,18.95,2.95,0.83,0.0
20230218:1211,452.35,119.5,20.76,3.43,0.83,0.0
20230218:1311,1068.1,258.51,20.39,3.83,0.62,0.0
20230218:1411,858.9,211.12,17.88,4.04,0.48,0.0
20230218:1511,269.55,77.6,13.49,4.06,0.62,0.0
20230218:1611,85.05,32.45,7.58,3.97,0.9,0.0
20230218:1711,0.0,0.0,0.0,3.73,0.97,0.0
20230218:1811,0.0,0.0,0.0,3.28,1.17,0.0
20230218:1911,0.0,0.0,0.0,2.69,1.38,0.0
20230218:2011,0.0,0.0,0.0,1.87,1.03,0.0
20230218:2111,0.0,0.0,0.0,2.03,0.69,0.0
20230218:2211,0.0,0.0,0.0,0.83,1.52,0.0
20230218:2311,0.0,0.0,0.0,0.28,1.66,0.0
20230219:0011,0.0,0.0,0.0,-0.1,1.79,0.0
20230219:0111,0.0,0.0,0.0,-0.05,2.0,0.0
20230219:0211,0.0,0.0,0.0,-0.06,2.28,0.0
20230219:0311,0.0,0.0,0.0,0.21,2.55,0.0
20230219:0411,0.0,0.0,0.0,0.38,2.62,0.0
20230219:0511,0.0,0.0,0.0,0.43,2.9,0.0
20230219:0611,0.0,0.0,0.0,1.21,3.38,0.0
20230219:0711,0.0,0.0,0.0,2.78,3.93,0.0
20230219:0811,0.0,3.5,3.33,3.71,4.28,0.0
20230219:0911,116.95,40.79,10.03,4.89,4.48,0.0
20230219:1011,63.9,26.89,15.49,5.96,4.55,0.0
20230219:1111,268.2,77.88,19.3,6.68,4.9,0.0
20230219:1211,244.35,72.31,21.12,7.05,5.66,0.0
20230219:1311,391.4,106.51,20.74,7.21,6.55,0.0
20230219:1411,1582.6,372.45,18.23,7.28,6.97,0.0
20230219:1511,317.35,89.22,13.81,7.34,7.31,0.0
20230219:1611,260.25,76.56,7.89,7.59,7.59,0.0
20230219:1711,0.0,0.0,0.0,7.79,7.59,0.0
20230219:1811,0.0,0.0,0.0,8.02,7.38,0.0
20230219:1911,0.0,0.0,0.0,8.27,7.79,0.0
20230219:2011,0.0,0.0,0.0,8.23,7.93,0.0
20230219:2111,0.0,0.0,0.0,8.11,8.21,0.0
20230219:2211,0.0,0.0,0.0,8.18,8.55,0.0
20230219:2311,0.0,0.0,0.0,8.4,8.62,0.0
20230220:0011,0.0,0.0,0.0,8.59,8.62,0.0
20230220:0111,0.0,0.0,0.0,8.77,8.62,0.0
20230220:0211,0.0,0.0,0.0,8.97,8.34,0.0
20230220:0311,0.0,0.0,0.0,9.05,7.24,0.0
20230220:0411,0.0,0.0,0.0,8.58,6.28,0.0
20230220:0511,0.0,0.0,0.0,7.67,5.93,0.0
20230220:0611,0.0,0.0,0.0,6.62,5.86,0.0
20230220:0711,0.0,0.0,0.0,5.71,5.59,0.0
20230220:0811,3.7,7.42,3.65,5.41,5.31,0.0
20230220:0911,970.45,236.25,10.36,5.43,5.24,0.0
20230220:1011,1012.8,243.78,15.84,5.71,5.1,0.0
20230220:1111,895.35,218.46,19.66,6.25,5.03,0.0
20230220:1211,1981.25,466.26,21.48,6.97,5.79,0.0
20230220:1311,2169.8,511.7,21.1,7.11,5.66,0.0
20230220:1411,1537.9,364.45,18.57,7.07,4.9,0.0
20230220:1511,1709.95,406.32,14.14,6.92,4.34,0.0
20230220:1611,945.15,235.65,8.2,6.66,3.93,0.0
20230220:1711,0.0,0.0,0.0,6.1,3.31,0.0
20230220:1811,0.0,0.0,0.0,5.58,3.1,0.0
20230220:1911,0.0,0.0,0.0,5.53,2.62,0.0
20230220:2011,0.0,0.0,0.0,5.42,2.41,0.0
20230220:2111,0.0,0.0,0.0,5.3,2.41,0.0
20230220:2211,0.0,0.0,0.0,5.29,2.21,0.0
20230220:2311,0.0,0.0,0.0,5.33,2.0,0.0
20230221:0011,0.0,0.0,0.0,5.43,1.93,0.0
20230221:0111,0.0,0.0,0.0,5.88,2.0,0.0
20230221:0211,0.0,0.0,0.0,6.61,2.34,0.0
20230221:0311,0.0,0.0,0.0,7.19,2.28,0.0
20230221:0411,0.0,0.0,0.0,7.49,2.21,0.0
20230221:0511,0.0,0.0,0.0,7.64,2.41,0.0
20230221:0611,0.0,0.0,0.0,7.69,2.41,0.0
20230221:0711,0.0,0.0,0.0,7.94,2.83,0.0
20230221:0811,15.2,12.05,3.98,8.02,3.03,0.0
20230221:0911,1188.35,291.03,10.7,8.24,3.38,0.0
20230221:1011,215.3,65.82,16.18,8.45,3.72,0.0
20230221:1111,211.05,64.9,20.02,8.86,3.72,0.0
20230221:1211,331.35,93.64,21.84,9.19,4.28,0.0
20230221:1311,191.75,60.26,21.46,9.27,4.41,0.0
20230221:1411,1508.0,362.38,18.91,9.2,4.07,0.0
20230221:1511,808.95,202.13,14.47,9.25,4.14,0.0
20230221:1611,1101.6,274.62,8.51,9.01,4.34,0.0
20230221:1711,0.0,0.0,0.0,8.37,4.14,0.0
20230221:1811,0.0,0.0,0.0,7.84,3.93,0.0
20230221:1911,0.0,0.0,0.0,7.56,3.93,0.0
20230221:2011,0.0,0.0,0.0,7.44,3.79,0.0
20230221:2111,0.0,0.0,0.0,7.5,3.66,0.0
20230221:2211,0.0,0.0,0.0,7.57,3.31,0.0
20230221:2311,0.0,0.0,0.0,7.54,2.62,0.0
20230222:0011,0.0,0.0,0.0,7.08,2.28,0.0
20230222:0111,0.0,0.0,0.0,6.01,2.97,0.0
20230222:0211,0.0,0.0,0.0,4.66,3.03,0.0
20230222:0311,0.0,0.0,0.0,3.57,2.28,0.0
20230222:0411,0.0,0.0,0.0,3.27,2.0,0.0
20230222:0511,0.0,0.0,0.0,3.15,1.79,0.0
20230222:0611,0.0,0.0,0.0,3.03,1.72,0.0
20230222:0711,0.0,0.0,0.0,3.06,1.24,0.0
20230222:0811,3.85,7.42,4.31,3.01,1.38,0.0
20230222:0911,215.95,64.77,11.04,3.44,1.59,0.0
20230222:1011,2303.7,552.39,16.54,4.0,1.86,0.0
20230222:1111,1402.2,332.46,20.38,4.49,2.9,0.0
20230222:1211,478.75,125.72,22.2,4.86,3.1,0.0
20230222:1311,281.4,80.66,21.82,5.28,3.1,0.0
20230222:1411,77.8,30.59,19.26,5.0,3.17,0.0
20230222:1511,733.9,182.08,14.8,4.78,3.17,0.0
20230222:1611,1160.65,283.19,8.83,4.07,3.17,0.0
20230222:1711,0.0,0.87,1.77,3.28,3.31,0.0
20230222:1811,0.0,0.0,0.0,2.49,2.69,0.0
20230222:1911,0.0,0.0,0.0,2.25,2.21,0.0
20230222:2011,0.0,0.0,0.0,1.62,1.86,0.0
20230222:2111,0.0,0.0,0.0,1.13,1.79,0.0
20230222:2211,0.0,0.0,0.0,0.82,1.79,0.0
20230222:2311,0.0,0.0,0.0,0.39,1.66,0.0
20230223:0011,0.0,0.0,0.0,0.24,1.66,0.0
20230223:0111,0.0,0.0,0.0,-0.2,1.66,0.0
20230223:0211,0.0,0.0,0.0,-0.83,1.86,0.0
20230223:0311,0.0,0.0,0.0,-1.19,1.93,0.0
20230223:0411,0.0,0.0,0.0,-1.41,2.14,0.0
20230223:0511,0.0,0.0,0.0,-1.03,2.21,0.0
20230223:0611,0.0,0.0,0.0,-0.98,2.41,0.0
20230223:0711,0.0,0.0,0.0,-0.5,2.69,0.0
20230223:0811,0.0,3.71,4.64,0.0,2.9,0.0
20230223:0911,553.5,140.42,11.38,1.38,3.1,0.0
20230223:1011,349.4,95.42,16.89,2.93,2.97,0.0
20230223:1111,95.75,35.23,20.74,4.11,3.72,0.0
20230223:1211,242.85,71.39,22.57,4.84,4.48,0.0
20230223:1311,257.9,75.1,22.18,5.42,4.62,0.0
20230223:1411,191.15,59.33,19.61,5.97,4.76,0.0
20230223:1511,191.0,59.33,15.13,6.15,5.03,0.0
20230223:1611,157.35,51.18,9.14,6.13,4.69,0.0
20230223:1711,0.0,1.75,2.07,5.83,4.48,0.0
20230223:1811,0.0,0.0,0.0,5.69,4.48,0.0
20230223:1911,0.0,0.0,0.0,6.12,4.62,0.0
20230223:2011,0.0,0.0,0.0,6.21,4.48,0.0
20230223:2111,0.0,0.0,0.0,6.27,4.34,0.0
20230223:2211,0.0,0.0,0.0,6.37,4.07,0.0
20230223:2311,0.0,0.0,0.0,6.44,3.72,0.0
20230224:0011,0.0,0.0,0.0,6.42,3.38,0.0
20230224:0111,0.0,0.0,0.0,6.18,3.17,0.0
20230224:0211,0.0,0.0,0.0,5.89,3.17,0.0
20230224:0311,0.0,0.0,0.0,5.44,3.03,0.0
20230224:0411,0.0,0.0,0.0,4.82,2.83,0.0
20230224:0511,0.0,0.0,0.0,4.45,2.62,0.0
20230224:0611,0.0,0.0,0.0,4.09,2.41,0.0
20230224:0711,0.0,0.0,0.0,4.04,2.41,0.0
20230224:0811,18.25,12.98,4.98,4.16,2.55,0.0
20230224:0911,139.25,46.36,11.73,4.39,2.76,0.0
20230224:1011,832.7,204.24,17.25,4.87,3.03,0.0
20230224:1111,1711.45,404.39,21.11,5.0,3.31,0.0
20230224:1211,1672.5,394.96,22.94,5.04,3.59,0.0
20230224:1311,1097.7,263.66,22.54,5.25,3.93,0.0
20230224:1411,1322.35,314.04,19.96,5.21,3.79,0.0
20230224:1511,343.05,94.62,15.47,4.99,3.86,0.0
20230224:1611,1249.15,303.96,9.46,4.5,3.31,0.0
20230224:1711,0.0,1.75,2.37,3.7,2.9,0.0
20230224:1811,0.0,0.0,0.0,3.06,2.76,0.0
20230224:1911,0.0,0.0,0.0,2.39,2.48,0.0
20230224:2011,0.0,0.0,0.0,2.02,2.34,0.0
20230224:2111,0.0,0.0,0.0,1.7,2.28,0.0
20230224:2211,0.0,0.0,0.0,1.51,2.0,0.0
20230224:2311,0.0,0.0,0.0,1.17,1.79,0.0
20230225:0011,0.0,0.0,0.0,1.09,1.72,0.0
20230225:0111,0.0,0.0,0.0,1.07,1.66,0.0
20230225:0211,0.0,0.0,0.0,0.87,1.66,0.0
20230225:0311,0.0,0.0,0.0,0.92,1.66,0.0
20230225:0411,0.0,0.0,0.0,0.88,1.66,0.0
20230225:0511,0.0,0.0,0.0,0.82,1.59,0.0
20230225:0611,0.0,0.0,0.0,0.87,1.66,0.0
20230225:0711,0.0,0.0,0.0,0.89,1.72,0.0
20230225:0811,13.35,11.13,5.32,0.87,2.0,0.0
20230225:0911,405.2,107.39,12.08,1.16,2.14,0.0
20230225:1011,282.4,79.73,17.61,1.69,3.24,0.0
20230225:1111,375.25,101.05,21.48,2.15,3.72,0.0
20230225:1211,229.6,67.68,23.31,2.5,3.52,0.0
20230225:1311,779.2,191.2,22.91,2.82,3.17,0.0
20230225:1411,906.55,219.22,20.31,2.86,2.83,0.0
20230225:1511,474.6,123.53,15.8,2.87,2.62,0.0
20230225:1611,121.8,41.72,9.78,2.74,2.55,0.0
20230225:1711,0.0,2.78,2.68,2.37,2.07,0.0
20230225:1811,0.0,0.0,0.0,1.77,1.72,0.0
20230225:1911,0.0,0.0,0.0,1.28,1.38,0.0
20230225:2011,0.0,0.0,0.0,0.33,1.17,0.0
20230225:2111,0.0,0.0,0.0,-0.08,1.1,0.0
20230225:2211,0.0,0.0,0.0,0.21,0.97,0.0
20230225:2311,0.0,0.0,0.0,0.87,0.76,0.0
20230226:0011,0.0,0.0,0.0,0.8,0.48,0.0
20230226:0111,0.0,0.0,0.0,0.78,0.41,0.0
20230226:0211,0.0,0.0,0.0,0.64,0.62,0.0
20230226:0311,0.0,0.0,0.0,0.42,0.69,0.0
20230226:0411,0.0,0.0,0.0,-0.05,0.76,0.0
20230226:0511,0.0,0.0,0.0,-0.47,0.76,0.0
20230226:0611,0.0,0.0,0.0,-0.88,0.9,0.0
20230226:0711,0.0,0.0,0.0,-0.72,0.48,0.0
20230226:0811,600.25,160.47,5.66,-0.77,0.48,0.0
20230226:0911,1655.25,394.61,12.44,0.01,0.41,0.0
20230226:1011,2333.0,563.5,17.98,1.79,0.48,0.0
20230226:1111,3034.75,761.36,21.85,3.12,0.55,0.0
20230226:1211,2824.55,704.14,23.69,4.17,0.62,0.0
20230226:1311,3116.25,793.26,23.27,5.05,0.62,0.0
20230226:1411,2868.0,723.17,20.67,5.64,0.55,0.0
20230226:1511,2224.9,547.89,16.14,5.87,0.48,0.0
20230226:1611,1363.9,337.55,10.09,5.72,0.69,0.0
20230226:1711,8.1,9.27,2.98,4.89,1.1,0.0
20230226:1811,0.0,0.0,0.0,2.59,1.17,0.0
20230226:1911,0.0,0.0,0.0,2.96,1.03,0.0
20230226:2011,0.0,0.0,0.0,3.02,0.83,0.0
20230226:2111,0.0,0.0,0.0,2.5,0.48,0.0
20230226:2211,0.0,0.0,0.0,2.07,0.21,0.0
20230226:2311,0.0,0.0,0.0,1.66,0.0,0.0
20230227:0011,0.0,0.0,0.0,1.24,0.14,0.0
20230227:0111,0.0,0.0,0.0,0.92,0.34,0.0
20230227:0211,0.0,0.0,0.0,0.52,0.62,0.0
20230227:0311,0.0,0.0,0.0,0.19,0.69,0.0
20230227:0411,0.0,0.0,0.0,-0.11,0.62,0.0
20230227:0511,0.0,0.0,0.0,-0.4,0.55,0.0
20230227:0611,0.0,0.0,0.0,-1.45,0.62,0.0
20230227:0711,0.0,0.0,0.0,-2.63,0.55,0.0
20230227:0811,494.35,132.62,6.01,-2.6,0.28,0.0
20230227:0911,856.5,207.06,12.79,-1.6,0.14,0.0
20230227:1011,996.4,238.39,18.35,-0.32,0.28,0.0
20230227:1111,823.75,201.26,22.23,0.99,0.41,0.0
20230227:1211,224.85,66.75,24.06,2.52,0.69,0.0
20230227:1311,550.65,141.85,23.64,3.42,0.83,0.0
20230227:1411,497.45,129.99,21.02,3.92,0.9,0.0
20230227:1511,531.95,137.52,16.47,4.18,1.03,0.0
20230227:1611,299.0,84.63,10.41,3.92,1.31,0.0
20230227:1711,0.0,3.71,3.28,3.0,1.52,0.0
20230227:1811,0.0,0.0,0.0,1.43,1.59,0.0
20230227:1911,0.0,0.0,0.0,-0.21,1.45,0.0
20230227:2011,0.0,0.0,0.0,-0.04,1.1,0.0
20230227:2111,0.0,0.0,0.0,1.03,0.62,0.0
20230227:2211,0.0,0.0,0.0,0.88,0.28,0.0
20230227:2311,0.0,0.0,0.0,0.61,0.28,0.0
20230228:0011,0.0,0.0,0.0,0.16,0.28,0.0
20230228:0111,0.0,0.0,0.0,-0.21,0.55,0.0
20230228:0211,0.0,0.0,0.0,-0.82,0.76,0.0
20230228:0311,0.0,0.0,0.0,-0.58,0.9,0.0
20230228:0411,0.0,0.0,0.0,-0.52,0.9,0.0
20230228:0511,0.0,0.0,0.0,-0.56,0.9,0.0
20230228:0611,0.0,0.0,0.0,-0.66,0.9,0.0
20230228:0711,0.0,0.0,0.0,-0.19,0.76,0.0
20230228:0811,74.6,29.45,6.36,-0.01,0.83,0.0
20230228:0911,179.5,55.63,13.15,1.13,0.55,0.0
20230228:1011,190.2,58.41,18.72,2.09,0.48,0.0
20230228:1111,375.9,101.98,22.61,3.09,1.03,0.0
20230228:1211,158.25,50.99,24.44,3.93,1.79,0.0
20230228:1311,1195.15,287.07,24.02,4.35,1.93,0.0
20230228:1411,397.3,107.21,21.38,4.44,2.0,0.0
20230228:1511,254.55,74.17,16.81,4.4,2.0,0.0
20230228:1611,158.35,51.09,10.73,4.22,1.86,0.0
20230228:1711,0.0,5.56,3.59,4.01,1.66,0.0
20230228:1811,0.0,0.0,0.0,3.61,1.45,0.0
20230228:1911,0.0,0.0,0.0,3.08,1.66,0.0
20230228:2011,0.0,0.0,0.0,2.91,1.66,0.0
20230228:2111,0.0,0.0,0.0,2.49,1.45,0.0
20230228:2211,0.0,0.0,0.0,2.3,1.31,0.0
20230228:2311,0.0,0.0,0.0,2.01,1.31,0.0
20230301:0011,0.0,0.0,0.0,1.84,1.31,0.0
20230301:0111,0.0,0.0,0.0,1.57,1.31,0.0
20230301:0211,0.0,0.0,0.0,1.55,1.31,0.0
20230301:0311,0.0,0.0,0.0,1.64,1.45,0.0
20230301:0411,0.0,0.0,0.0,1.97,1.59,0.0
20230301:0511,0.0,0.0,0.0,2.04,1.86,0.0
20230301:0611,0.0,0.0,0.0,2.17,2.14,0.0
20230301:0711,0.0,0.0,0.0,2.05,2.28,0.0
20230301:0811,118.45,41.17,6.71,1.96,2.28,0.0
20230301:0911,167.05,52.85,13.51,2.51,2.07,0.0
20230301:1011,1142.2,272.47,19.09,3.18,2.48,0.0
20230301:1111,227.8,67.68,22.99,4.01,3.03,0.0
20230301:1211,211.65,63.97,24.82,4.49,3.1,0.0
20230301:1311,270.1,77.88,24.39,4.92,3.38,0.0
20230301:1411,168.8,53.77,21.73,5.12,3.03,0.0
20230301:1511,312.2,87.83,17.15,5.27,2.48,0.0
20230301:1611,313.1,88.22,11.05,5.11,1.86,0.0
20230301:1711,40.7,20.74,3.89,4.89,1.86,0.0
20230301:1811,0.0,0.0,0.0,4.28,1.72,0.0
20230301:1911,0.0,0.0,0.0,3.46,1.79,0.0
20230301:2011,0.0,0.0,0.0,3.2,2.14,0.0
20230301:2111,0.0,0.0,0.0,3.5,2.62,0.0
20230301:2211,0.0,0.0,0.0,3.25,2.62,0.0
20230301:2311,0.0,0.0,0.0,3.03,2.34,0.0
20230302:0011,0.0,0.0,0.0,2.8,2.0,0.0
20230302:0111,0.0,0.0,0.0,2.73,1.79,0.0
20230302:0211,0.0,0.0,0.0,2.12,1.66,0.0
20230302:0311,0.0,0.0,0.0,2.15,1.66,0.0
20230302:0411,0.0,0.0,0.0,2.29,1.72,0.0
20230302:0511,0.0,0.0,0.0,2.32,1.79,0.0
20230302:0611,0.0,0.0,0.0,2.46,1.93,0.0
20230302:0711,0.0,0.0,0.0,2.45,2.0,0.0
20230302:0811,195.65,60.9,7.06,2.57,1.93,0.0
20230302:0911,279.5,79.49,13.88,3.05,2.55,0.0
20230302:1011,653.5,163.9,19.47,3.69,2.97,0.0
20230302:1111,541.6,139.81,23.37,4.57,2.97,0.0
20230302:1211,585.2,149.92,25.21,4.96,3.03,0.0
20230302:1311,438.25,116.82,24.76,5.1,2.9,0.0
20230302:1411,329.4,91.78,22.09,5.07,2.76,0.0
20230302:1511,285.7,81.59,17.49,4.97,2.83,0.0
20230302:1611,382.4,104.01,11.37,4.68,2.76,0.0
20230302:1711,15.6,12.05,4.2,4.22,2.34,0.0
20230302:1811,0.0,0.0,0.0,3.44,1.86,0.0
20230302:1911,0.0,0.0,0.0,3.05,1.66,0.0
20230302:2011,0.0,0.0,0.0,2.19,1.45,0.0
20230302:2111,0.0,0.0,0.0,1.33,1.31,0.0
20230302:2211,0.0,0.0,0.0,1.25,1.1,0.0
20230302:2311,0.0,0.0,0.0,1.75,0.97,0.0
20230303:0011,0.0,0.0,0.0,1.95,0.9,0.0
20230303:0111,0.0,0.0,0.0,1.45,0.9,0.0
20230303:0211,0.0,0.0,0.0,1.29,0.9,0.0
20230303:0311,0.0,0.0,0.0,0.47,0.83,0.0
20230303:0411,0.0,0.0,0.0,-0.05,0.83,0.0
20230303:0511,0.0,0.0,0.0,-0.44,0.83,0.0
20230303:0611,0.0,0.0,0.0,-0.38,0.69,0.0
20230303:0711,0.0,0.0,0.0,0.41,0.55,0.0
20230303:0811,172.5,54.54,7.42,0.52,0.48,0.0
20230303:0911,269.4,76.76,14.25,1.06,0.41,0.0
20230303:1011,333.15,91.78,19.84,1.94,0.62,0.0
20230303:1111,372.65,101.05,23.76,2.57,0.83,0.0
20230303:1211,347.25,95.49,25.59,3.38,1.1,0.0
20230303:1311,1004.7,244.49,25.14,4.0,1.17,0.0
20230303:1411,893.0,219.15,22.45,4.41,1.31,0.0
20230303:1511,706.1,176.89,17.82,4.6,1.45,0.0
20230303:1611,411.85,110.9,11.69,4.56,1.59,0.0
20230303:1711,18.25,12.98,4.5,4.03,1.38,0.0
20230303:1811,0.0,0.0,0.0,3.1,1.38,0.0
20230303:1911,0.0,0.0,0.0,2.11,1.24,0.0
20230303:2011,0.0,0.0,0.0,1.39,1.31,0.0
20230303:2111,0.0,0.0,0.0,1.57,1.03,0.0
20230303:2211,0.0,0.0,0.0,1.98,0.9,0.0
20230303:2311,0.0,0.0,0.0,1.21,1.03,0.0
20230304:0011,0.0,0.0,0.0,0.59,1.17,0.0
20230304:0111,0.0,0.0,0.0,0.06,1.24,0.0
20230304:0211,0.0,0.0,0.0,-0.31,1.31,0.0
20230304:0311,0.0,0.0,0.0,-0.69,1.45,0.0
20230304:0411,0.0,0.0,0.0,-0.47,1.45,0.0
20230304:0511,0.0,0.0,0.0,0.0,1.52,0.0
20230304:0611,0.0,0.0,0.0,0.57,1.52,0.0
20230304:0711,0.0,0.0,0.0,1.04,1.45,0.0
20230304:0811,223.1,67.13,7.78,1.3,1.38,0.0
20230304:0911,511.0,131.66,14.62,1.8,1.1,0.0
20230304:1011,332.0,91.78,20.22,2.85,1.03,0.0
20230304:1111,643.1,162.63,24.14,3.5,1.1,0.0
20230304:1211,362.25,99.2,25.98,3.83,0.69,0.0
20230304:1311,1207.35,292.45,25.51,4.29,0.48,0.0
20230304:1411,953.55,234.02,22.81,4.28,0.21,0.0
20230304:1511,921.15,226.38,18.16,4.34,0.21,0.0
20230304:1611,646.15,164.92,12.01,4.24,0.48,0.0
20230304:1711,23.8,14.83,4.81,3.91,0.41,0.0
20230304:1811,0.0,0.0,0.0,3.87,0.34,0.0
20230304:1911,0.0,0.0,0.0,2.56,1.1,0.0
20230304:2011,0.0,0.0,0.0,2.58,1.52,0.0
20230304:2111,0.0,0.0,0.0,2.66,1.86,0.0
20230304:2211,0.0,0.0,0.0,2.47,2.0,0.0
20230304:2311,0.0,0.0,0.0,2.22,2.07,0.0
20230305:0011,0.0,0.0,0.0,1.84,2.14,0.0
20230305:0111,0.0,0.0,0.0,1.51,2.21,0.0
20230305:0211,0.0,0.0,0.0,1.37,2.34,0.0
20230305:0311,0.0,0.0,0.0,1.36,2.34,0.0
20230305:0411,0.0,0.0,0.0,1.35,2.28,0.0
20230305:0511,0.0,0.0,0.0,1.26,2.21,0.0
20230305:0611,0.0,0.0,0.0,1.31,2.07,0.0
20230305:0711,0.0,0.0,0.0,1.48,1.86,0.0
20230305:0811,195.5,60.27,8.14,1.62,1.79,0.0
20230305:0911,432.5,114.15,14.99,2.3,1.72,0.0
20230305:1011,407.45,108.97,20.61,3.1,1.86,0.0
20230305:1111,1056.3,255.35,24.53,3.9,1.72,0.0
20230305:1211,1448.65,346.78,26.37,3.88,1.17,0.0
20230305:1311,1639.4,392.91,25.89,3.69,0.76,0.0
20230305:1411,1300.3,311.85,23.17,3.36,0.76,0.0
20230305:1511,1478.75,353.07,18.5,3.16,0.9,0.0
20230305:1611,528.45,136.69,12.33,2.71,1.1,0.0
20230305:1711,10.7,10.2,5.12,2.07,1.17,0.0
20230305:1811,0.0,0.0,0.0,1.31,0.97,0.0
20230305:1911,0.0,0.0,0.0,1.81,0.55,0.0
20230305:2011,0.0,0.0,0.0,1.09,1.03,0.0
20230305:2111,0.0,0.0,0.0,1.13,1.38,0.0
20230305:2211,0.0,0.0,0.0,1.69,1.79,0.0
20230305:2311,0.0,0.0,0.0,2.17,2.41,0.0
20230306:0011,0.0,0.0,0.0,2.34,2.83,0.0
20230306:0111,0.0,0.0,0.0,2.41,2.97,0.0
20230306:0211,0.0,0.0,0.0,2.36,2.76,0.0
20230306:0311,0.0,0.0,0.0,2.1,2.97,0.0
20230306:0411,0.0,0.0,0.0,1.76,3.1,0.0
20230306:0511,0.0,0.0,0.0,1.14,3.03,0.0
20230306:0611,0.0,0.0,0.0,0.37,3.66,0.0
20230306:0711,0.0,0.0,0.0,0.02,3.86,0.0
20230306:0811,354.6,97.57,8.51,-0.3,3.72,0.0
20230306:0911,69.5,27.81,15.36,-0.25,3.66,0.0
20230306:1011,698.7,171.34,20.99,0.37,3.93,0.0
20230306:1111,402.8,106.62,24.92,0.66,3.93,0.0
20230306:1211,451.15,117.74,26.76,1.31,4.0,0.0
20230306:1311,623.9,156.13,26.27,1.48,4.0,0.0
20230306:1411,452.8,118.16,23.53,1.63,4.14,0.0
20230306:1511,924.15,220.73,18.84,1.1,4.34,0.0
20230306:1611,36.35,18.54,12.65,0.47,4.21,0.0
20230306:1711,404.85,118.91,5.42,-0.1,3.24,0.0
20230306:1811,0.0,0.0,0.0,-0.78,2.69,0.0
20230306:1911,0.0,0.0,0.0,-1.33,3.17,0.0
20230306:2011,0.0,0.0,0.0,-1.53,3.17,0.0
20230306:2111,0.0,0.0,0.0,-1.79,2.62,0.0
20230306:2211,0.0,0.0,0.0,-2.0,2.41,0.0
20230306:2311,0.0,0.0,0.0,-2.07,2.55,0.0
20230307:0011,0.0,0.0,0.0,-2.39,2.48,0.0
20230307:0111,0.0,0.0,0.0,-2.61,2.28,0.0
20230307:0211,0.0,0.0,0.0,-2.8,2.28,0.0
20230307:0311,0.0,0.0,0.0,-3.15,2.14,0.0
20230307:0411,0.0,0.0,0.0,-3.26,2.07,0.0
20230307:0511,0.0,0.0,0.0,-3.51,1.79,0.0
20230307:0611,0.0,0.0,0.0,-3.71,1.79,0.0
20230307:0711,0.0,0.0,0.0,-3.68,1.66,0.0
20230307:0811,301.05,83.82,8.87,-3.34,1.86,0.0
20230307:0911,182.9,55.63,15.74,-2.26,2.48,0.0
20230307:1011,584.9,145.75,21.38,-1.42,3.03,0.0
20230307:1111,1581.65,365.41,25.32,-0.68,3.38,0.0
20230307:1211,2281.8,529.1,27.15,-0.21,3.45,0.0
20230307:1311,1354.9,315.76,26.65,0.05,3.52,0.0
20230307:1411,1135.8,266.4,23.89,-0.3,3.66,0.0
20230307:1511,933.8,221.91,19.18,-0.6,3.31,0.0
20230307:1611,757.75,184.9,12.97,-0.96,2.83,0.0
20230307:1711,263.75,80.58,5.73,-1.56,2.34,0.0
20230307:1811,0.0,0.0,0.0,-2.52,2.07,0.0
20230307:1911,0.0,0.0,0.0,-3.06,2.0,0.0
20230307:2011,0.0,0.0,0.0,-3.72,1.66,0.0
20230307:2111,0.0,0.0,0.0,-4.71,1.31,0.0
20230307:2211,0.0,0.0,0.0,-4.59,1.03,0.0
20230307:2311,0.0,0.0,0.0,-4.67,0.97,0.0
20230308:0011,0.0,0.0,0.0,-4.96,0.97,0.0
20230308:0111,0.0,0.0,0.0,-5.61,1.03,0.0
20230308:0211,0.0,0.0,0.0,-6.08,1.03,0.0
20230308:0311,0.0,0.0,0.0,-6.16,0.97,0.0
20230308:0411,0.0,0.0,0.0,-6.49,0.83,0.0
20230308:0511,0.0,0.0,0.0,-6.76,0.76,0.0
20230308:0611,0.0,0.0,0.0,-6.49,0.83,0.0
20230308:0711,0.0,0.0,0.0,-5.84,0.34,0.0
20230308:0811,1031.7,253.16,9.24,-5.7,0.34,0.0
20230308:0911,2020.95,472.71,16.12,-4.72,0.34,0.0
20230308:1011,2736.65,656.45,21.76,-3.22,0.34,0.0
20230308:1111,3251.85,807.7,25.71,-1.88,0.34,0.0
20230308:1211,3547.2,894.58,27.54,-0.73,0.76,0.0
20230308:1311,3156.0,774.82,27.03,0.05,1.17,0.0
20230308:1411,2466.5,586.95,24.25,0.44,1.45,0.0
20230308:1511,2401.65,569.76,19.52,0.46,1.66,0.0
20230308:1611,1677.25,399.31,13.29,0.12,1.72,0.0
20230308:1711,491.1,139.03,6.03,-0.59,1.38,0.0
20230308:1811,0.0,0.0,0.0,-1.61,1.03,0.0
20230308:1911,0.0,0.0,0.0,-3.0,0.9,0.0
20230308:2011,0.0,0.0,0.0,-2.43,0.28,0.0
20230308:2111,0.0,0.0,0.0,-2.84,0.21,0.0
20230308:2211,0.0,0.0,0.0,-3.11,0.41,0.0
20230308:2311,0.0,0.0,0.0,-3.29,0.55,0.0
20230309:0011,0.0,0.0,0.0,-3.5,0.48,0.0
20230309:0111,0.0,0.0,0.0,-3.72,0.48,0.0
20230309:0211,0.0,0.0,0.0,-3.96,0.48,0.0
20230309:0311,0.0,0.0,0.0,-4.15,0.48,0.0
20230309:0411,0.0,0.0,0.0,-4.43,0.48,0.0
20230309:0511,0.0,0.0,0.0,-4.7,0.62,0.0
20230309:0611,0.0,0.0,0.0,-4.82,0.62,0.0
20230309:0711,0.0,1.75,1.96,-5.48,0.41,0.0
20230309:0811,842.2,208.49,9.61,-5.14,0.21,0.0
20230309:0911,1233.05,289.39,16.5,-3.6,0.14,0.0
20230309:1011,2076.6,487.34,22.15,-1.43,0.97,0.0
20230309:1111,3089.8,744.57,26.1,-0.13,2.0,0.0
20230309:1211,2965.85,707.69,27.93,1.15,2.97,0.0
20230309:1311,2861.5,679.43,27.42,1.61,3.31,0.0
20230309:1411,1391.7,326.54,24.62,1.93,3.45,0.0
20230309:1511,1249.5,294.21,19.86,1.82,3.52,0.0
20230309:1611,781.75,191.81,13.61,1.35,3.24,0.0
20230309:1711,475.75,134.73,6.34,0.43,2.83,0.0
20230309:1811,0.0,0.0,0.0,-0.8,2.48,0.0
20230309:1911,0.0,0.0,0.0,-1.26,2.28,0.0
20230309:2011,0.0,0.0,0.0,-1.68,2.07,0.0
20230309:2111,0.0,0.0,0.0,-2.12,1.86,0.0
20230309:2211,0.0,0.0,0.0,-2.57,1.79,0.0
20230309:2311,0.0,0.0,0.0,-3.03,1.66,0.0
20230310:0011,0.0,0.0,0.0,-3.3,1.52,0.0
20230310:0111,0.0,0.0,0.0,-3.48,1.31,0.0
20230310:0211,0.0,0.0,0.0,-3.43,1.17,0.0
20230310:0311,0.0,0.0,0.0,-3.55,1.1,0.0
20230310:0411,0.0,0.0,0.0,-3.55,1.1,0.0
20230310:0511,0.0,0.0,0.0,-4.04,1.24,0.0
20230310:0611,0.0,0.0,0.0,-4.63,1.38,0.0
20230310:0711,0.0,4.37,2.32,-4.18,1.38,0.0
20230310:0811,1099.55,269.08,9.99,-3.75,1.38,0.0
20230310:0911,2037.75,479.72,16.88,-0.76,1.52,0.0
20230310:1011,2780.45,662.23,22.54,0.64,2.28,0.0
20230310:1111,3341.4,810.8,26.5,1.51,2.83,0.0
20230310:1211,1717.1,402.87,28.33,2.29,3.03,0.0
20230310:1311,2765.55,658.79,27.8,2.78,3.31,0.0
20230310:1411,955.35,230.71,24.98,3.0,3.17,0.0
20230310:1511,1477.3,348.22,20.2,3.08,3.1,0.0
20230310:1611,725.45,180.46,13.93,2.85,2.9,0.0
20230310:1711,283.1,85.15,6.64,2.03,2.28,0.0
20230310:1811,0.0,0.0,0.0,0.75,2.0,0.0
20230310:1911,0.0,0.0,0.0,-0.34,2.14,0.0
20230310:2011,0.0,0.0,0.0,-1.3,1.79,0.0
20230310:2111,0.0,0.0,0.0,-2.42,1.45,0.0
20230310:2211,0.0,0.0,0.0,-2.64,1.17,0.0
20230310:2311,0.0,0.0,0.0,-2.41,0.97,0.0
20230311:0011,0.0,0.0,0.0,-2.07,0.76,0.0
20230311:0111,0.0,0.0,0.0,-1.91,0.69,0.0
20230311:0211,0.0,0.0,0.0,-2.03,0.62,0.0
20230311:0311,0.0,0.0,0.0,-2.02,0.41,0.0
20230311:0411,0.0,0.0,0.0,-2.11,0.41,0.0
20230311:0511,0.0,0.0,0.0,-2.3,0.41,0.0
20230311:0611,0.0,0.0,0.0,-2.47,0.69,0.0
20230311:0711,6.4,8.34,2.69,-4.05,0.55,0.0
20230311:0811,1109.35,272.04,10.36,-4.21,0.21,0.0
20230311:0911,2108.55,498.39,17.26,-3.24,0.21,0.0
20230311:1011,2927.05,701.82,22.94,-1.94,1.24,0.0
20230311:1111,3337.8,819.57,26.9,-0.73,1.38,0.0
20230311:1211,3585.1,893.11,28.72,0.36,1.66,0.0
20230311:1311,3375.8,827.81,28.18,1.3,2.21,0.0
20230311:1411,3108.0,750.28,25.34,1.82,2.62,0.0
20230311:1511,1896.05,444.56,20.54,1.93,2.76,0.0
20230311:1611,1367.7,326.58,14.25,1.85,2.48,0.0
20230311:1711,219.0,67.88,6.95,1.02,2.14,0.0
20230311:1811,0.0,0.0,0.0,-0.29,2.0,0.0
20230311:1911,0.0,0.0,0.0,-0.45,2.0,0.0
20230311:2011,0.0,0.0,0.0,-0.59,2.28,0.0
20230311:2111,0.0,0.0,0.0,-0.57,2.28,0.0
20230311:2211,0.0,0.0,0.0,-0.51,2.07,0.0
20230311:2311,0.0,0.0,0.0,-0.27,2.28,0.0
20230312:0011,0.0,0.0,0.0,-0.07,2.21,0.0
20230312:0111,0.0,0.0,0.0,-0.02,2.07,0.0
20230312:0211,0.0,0.0,0.0,-0.11,1.66,0.0
20230312:0311,0.0,0.0,0.0,-0.19,0.97,0.0
20230312:0411,0.0,0.0,0.0,-0.25,0.48,0.0
20230312:0511,0.0,0.0,0.0,-0.34,0.41,0.0
20230312:0611,0.0,0.0,0.0,-0.6,0.62,0.0
20230312:0711,0.0,3.71,3.06,-0.01,1.17,0.0
20230312:0811,195.35,59.43,10.74,0.62,1.52,0.0
20230312:0911,366.25,99.01,17.65,1.65,1.66,0.0
20230312:1011,1481.6,350.75,23.33,3.05,2.14,0.0
20230312:1111,1874.25,444.63,27.3,4.26,2.62,0.0
20230312:1211,329.4,91.78,29.12,5.35,3.86,0.0
20230312:1311,498.2,130.72,28.56,5.52,2.9,0.0
20230312:1411,589.7,151.12,25.71,5.07,2.76,0.0
20230312:1511,539.3,139.42,20.88,4.97,2.97,0.0
20230312:1611,401.2,108.47,14.57,5.25,2.34,0.0
20230312:1711,282.0,85.41,7.25,5.3,2.55,0.0
20230312:1811,0.0,0.0,0.0,5.1,2.62,0.0
20230312:1911,0.0,0.0,0.0,5.13,1.45,0.0
20230312:2011,0.0,0.0,0.0,4.68,1.31,0.0
20230312:2111,0.0,0.0,0.0,4.21,1.31,0.0
20230312:2211,0.0,0.0,0.0,3.82,1.24,0.0
20230312:2311,0.0,0.0,0.0,3.59,1.1,0.0
20230313:0011,0.0,0.0,0.0,3.87,0.76,0.0
20230313:0111,0.0,0.0,0.0,3.81,0.62,0.0
20230313:0211,0.0,0.0,0.0,2.71,1.17,0.0
20230313:0311,0.0,0.0,0.0,2.92,1.66,0.0
20230313:0411,0.0,0.0,0.0,2.94,2.55,0.0
20230313:0511,0.0,0.0,0.0,1.99,3.59,0.0
20230313:0611,0.0,0.0,0.0,0.79,3.79,0.0
20230313:0711,0.0,1.85,3.43,0.55,4.07,0.0
20230313:0811,76.3,29.67,11.11,0.18,4.0,0.0
20230313:0911,260.6,74.17,18.03,0.04,4.0,0.0
20230313:1011,79.8,30.59,23.73,0.25,3.93,0.0
20230313:1111,184.5,56.55,27.7,0.58,4.34,0.0
20230313:1211,523.4,133.5,29.52,1.09,5.45,0.0
20230313:1311,490.4,126.09,28.95,0.9,5.45,0.0
20230313:1411,418.8,110.33,26.07,1.12,4.62,0.0
20230313:1511,459.35,119.28,21.22,1.08,4.41,0.0
20230313:1611,112.0,38.94,14.89,0.96,5.1,0.0
20230313:1711,191.4,60.13,7.55,0.81,4.62,0.0
20230313:1811,0.0,0.0,0.0,0.29,3.79,0.0
20230313:1911,0.0,0.0,0.0,0.06,3.17,0.0
20230313:2011,0.0,0.0,0.0,-0.39,2.83,0.0
20230313:2111,0.0,0.0,0.0,-1.23,2.55,0.0
20230313:2211,0.0,0.0,0.0,-1.93,2.28,0.0
20230313:2311,0.0,0.0,0.0,-3.08,1.79,0.0
20230314:0011,0.0,0.0,0.0,-4.33,1.66,0.0
20230314:0111,0.0,0.0,0.0,-4.96,1.79,0.0
20230314:0211,0.0,0.0,0.0,-6.17,2.07,0.0
20230314:0311,0.0,0.0,0.0,-4.28,2.34,0.0
20230314:0411,0.0,0.0,0.0,-3.93,2.55,0.0
20230314:0511,0.0,0.0,0.0,-3.81,2.69,0.0
20230314:0611,0.0,0.0,0.0,-3.37,2.76,0.0
20230314:0711,0.0,3.71,3.8,-3.2,1.86,0.0
20230314:0811,416.5,109.96,11.49,-2.34,1.45,0.0
20230314:0911,52.8,23.18,18.42,-1.25,2.07,0.0
20230314:1011,401.9,105.69,24.12,-1.27,3.17,0.0
20230314:1111,683.8,168.61,28.1,-0.23,2.97,0.0
20230314:1211,1359.35,318.99,29.91,0.47,2.76,0.0
20230314:1311,665.55,165.52,29.33,0.88,2.62,0.0
20230314:1411,921.4,221.94,26.43,1.25,2.83,0.0
20230314:1511,749.3,183.65,21.56,1.38,3.1,0.0
20230314:1611,183.95,56.55,15.21,1.08,3.31,0.0
20230314:1711,312.6,90.72,7.86,0.51,2.76,0.0
20230314:1811,0.0,0.0,0.0,-0.55,2.48,0.0
20230314:1911,0.0,0.0,0.0,-1.54,2.62,0.0
20230314:2011,0.0,0.0,0.0,-2.4,2.55,0.0
20230314:2111,0.0,0.0,0.0,-3.33,2.48,0.0
20230314:2211,0.0,0.0,0.0,-4.31,2.55,0.0
20230314:2311,0.0,0.0,0.0,-5.11,2.69,0.0
20230315:0011,0.0,0.0,0.0,-5.51,2.76,0.0
20230315:0111,0.0,0.0,0.0,-6.1,2.62,0.0
20230315:0211,0.0,0.0,0.0,-6.86,2.48,0.0
20230315:0311,0.0,0.0,0.0,-7.49,2.55,0.0
20230315:0411,0.0,0.0,0.0,-8.12,2.48,0.0
20230315:0511,0.0,0.0,0.0,-8.48,2.48,0.0
20230315:0611,0.0,0.0,0.0,-8.61,2.41,0.0
20230315:0711,30.1,17.16,4.17,-3.37,1.66,0.0
20230315:0811,524.65,134.4,11.87,-2.54,1.59,0.0
20230315:0911,344.15,92.02,18.81,-3.51,2.14,0.0
20230315:1011,669.3,166.04,24.52,0.9,2.69,0.0
20230315:1111,1535.4,361.56,28.5,2.34,2.76,0.0
20230315:1211,1049.45,252.56,30.31,3.06,2.97,0.0
20230315:1311,2069.65,489.31,29.71,3.46,2.97,0.0
20230315:1411,918.05,223.36,26.79,3.38,2.69,0.0
20230315:1511,426.9,113.34,21.9,3.14,2.34,0.0
20230315:1611,217.15,64.9,15.53,2.76,1.93,0.0
20230315:1711,96.6,35.23,8.16,2.09,1.52,0.0
20230315:1811,0.0,0.0,0.0,2.18,1.66,0.0
20230315:1911,0.0,0.0,0.0,1.93,1.86,0.0
20230315:2011,0.0,0.0,0.0,1.48,1.93,0.0
20230315:2111,0.0,0.0,0.0,1.09,2.0,0.0
20230315:2211,0.0,0.0,0.0,0.94,2.07,0.0
20230315:2311,0.0,0.0,0.0,0.78,1.79,0.0
20230316:0011,0.0,0.0,0.0,0.86,1.52,0.0
20230316:0111,0.0,0.0,0.0,0.79,1.24,0.0
20230316:0211,0.0,0.0,0.0,0.62,0.97,0.0
20230316:0311,0.0,0.0,0.0,0.57,0.83,0.0
20230316:0411,0.0,0.0,0.0,0.67,0.76,0.0
20230316:0511,0.0,0.0,0.0,0.95,0.55,0.0
20230316:0611,0.0,0.0,0.0,1.2,0.41,0.0
20230316:0711,3.9,7.42,4.55,1.03,0.55,0.0
20230316:0811,152.45,49.14,12.25,1.38,0.62,0.0
20230316:0911,288.8,81.59,19.19,2.05,0.62,0.0
20230316:1011,288.05,81.59,24.91,2.61,0.69,0.0
20230316:1111,534.15,138.14,28.9,3.12,0.9,0.0
20230316:1211,173.5,54.7,30.71,3.68,0.9,0.0
20230316:1311,1738.8,418.61,30.1,4.35,0.9,0.0
20230316:1411,1229.5,297.62,27.15,5.03,1.17,0.0
20230316:1511,1228.9,296.92,22.24,5.4,1.59,0.0
20230316:1611,1129.65,276.39,15.84,5.89,2.21,0.0
20230316:1711,227.6,70.49,8.46,6.65,2.69,0.0
20230316:1811,0.0,0.0,0.0,7.04,3.1,0.0
20230316:1911,0.0,0.0,0.0,6.94,2.69,0.0
20230316:2011,0.0,0.0,0.0,7.03,2.62,0.0
20230316:2111,0.0,0.0,0.0,7.06,2.55,0.0
20230316:2211,0.0,0.0,0.0,6.99,2.34,0.0
20230316:2311,0.0,0.0,0.0,6.8,2.28,0.0
20230317:0011,0.0,0.0,0.0,6.59,2.34,0.0
20230317:0111,0.0,0.0,0.0,6.63,2.28,0.0
20230317:0211,0.0,0.0,0.0,6.62,2.28,0.0
20230317:0311,0.0,0.0,0.0,6.42,2.28,0.0
20230317:0411,0.0,0.0,0.0,6.3,2.28,0.0
20230317:0511,0.0,0.0,0.0,6.08,2.28,0.0
20230317:0611,0.0,0.0,0.0,6.06,2.41,0.0
20230317:0711,12.8,11.13,4.92,6.54,2.48,0.0
20230317:0811,1206.8,303.47,12.63,6.76,2.55,0.0
20230317:0911,2162.9,524.45,19.58,7.42,2.76,0.0
20230317:1011,1621.5,391.71,25.31,8.57,2.97,0.0
20230317:1111,2032.65,496.07,29.3,9.37,2.48,0.0
20230317:1211,1102.95,274.07,31.11,9.84,1.72,0.0
20230317:1311,205.15,63.97,30.48,10.23,0.83,0.0
20230317:1411,700.35,181.42,27.52,10.13,0.21,0.0
20230317:1511,135.55,46.36,22.58,9.37,0.97,0.0
20230317:1611,441.0,119.22,16.16,8.31,1.66,0.0
20230317:1711,446.2,127.77,8.76,7.58,1.93,0.0
20230317:1811,0.0,0.0,0.0,6.19,2.0,0.0
20230317:1911,0.0,0.0,0.0,5.1,2.21,0.0
20230317:2011,0.0,0.0,0.0,4.47,1.93,0.0
20230317:2111,0.0,0.0,0.0,3.87,1.72,0.0
20230317:2211,0.0,0.0,0.0,3.76,1.59,0.0
20230317:2311,0.0,0.0,0.0,3.68,1.38,0.0
20230318:0011,0.0,0.0,0.0,3.68,1.38,0.0
20230318:0111,0.0,0.0,0.0,3.8,1.59,0.0
20230318:0211,0.0,0.0,0.0,3.94,1.86,0.0
20230318:0311,0.0,0.0,0.0,4.09,1.79,0.0
20230318:0411,0.0,0.0,0.0,4.12,1.72,0.0
20230318:0511,0.0,0.0,0.0,4.25,1.79,0.0
20230318:0611,0.0,0.0,0.0,4.23,1.1,0.0
20230318:0711,1.8,6.49,5.3,4.49,1.45,0.0
20230318:0811,511.45,135.1,13.01,4.82,1.52,0.0
20230318:0911,276.65,79.73,19.97,5.4,1.45,0.0
20230318:1011,965.85,237.57,25.71,5.9,1.45,0.0
20230318:1111,654.4,167.39,29.71,6.46,1.45,0.0
20230318:1211,672.2,171.85,31.51,7.04,1.72,0.0
20230318:1311,829.25,208.59,30.87,7.7,1.38,0.0
20230318:1411,478.15,127.94,27.88,8.21,1.38,0.0
20230318:1511,284.3,82.51,22.91,8.47,1.66,0.0
20230318:1611,218.7,66.75,16.47,8.45,1.86,0.0
20230318:1711,140.35,47.73,9.07,8.12,2.41,0.0
20230318:1811,0.0,0.0,0.0,7.01,2.97,0.0
20230318:1911,0.0,0.0,0.0,6.48,2.55,0.0
20230318:2011,0.0,0.0,0.0,5.83,2.34,0.0
20230318:2111,0.0,0.0,0.0,5.31,2.34,0.0
20230318:2211,0.0,0.0,0.0,4.95,2.41,0.0
20230318:2311,0.0,0.0,0.0,4.87,2.62,0.0
20230319:0011,0.0,0.0,0.0,4.75,2.69,0.0
20230319:0111,0.0,0.0,0.0,4.95,2.55,0.0
20230319:0211,0.0,0.0,0.0,5.44,2.55,0.0
20230319:0311,0.0,0.0,0.0,5.48,2.62,0.0
20230319:0411,0.0,0.0,0.0,5.08,3.03,0.0
20230319:0511,0.0,0.0,0.0,4.47,2.83,0.0
20230319:0611,0.0,0.0,0.0,4.01,2.21,0.0
20230319:0711,0.05,5.56,5.67,3.48,1.45,0.0
20230319:0811,509.0,133.73,13.39,3.62,1.31,0.0
20230319:0911,864.2,212.42,20.36,4.1,1.72,0.0
20230319:1011,1035.8,251.97,26.11,4.67,1.72,0.0
20230319:1111,1325.3,320.06,30.11,5.32,1.59,0.0
20230319:1211,2479.0,606.99,31.9,5.98,1.66,0.0
20230319:1311,1098.75,268.86,31.25,6.25,1.66,0.0
20230319:1411,271.4,78.8,28.24,6.46,1.66,0.0
20230319:1511,423.0,114.16,23.25,6.57,1.79,0.0
20230319:1611,84.1,32.45,16.79,6.12,1.45,0.0
20230319:1711,91.3,34.3,9.37,5.63,1.1,0.0
20230319:1811,0.0,0.0,0.0,5.2,1.1,0.0
20230319:1911,0.0,0.0,0.0,5.0,0.97,0.0
20230319:2011,0.0,0.0,0.0,3.96,1.24,0.0
20230319:2111,0.0,0.0,0.0,3.34,1.17,0.0
20230319:2211,0.0,0.0,0.0,3.02,1.03,0.0
20230319:2311,0.0,0.0,0.0,2.36,1.17,0.0
20230320:0011,0.0,0.0,0.0,1.91,1.1,0.0
20230320:0111,0.0,0.0,0.0,1.9,0.9,0.0
20230320:0211,0.0,0.0,0.0,1.56,0.83,0.0
20230320:0311,0.0,0.0,0.0,1.01,0.83,0.0
20230320:0411,0.0,0.0,0.0,0.61,0.69,0.0
20230320:0511,0.0,0.0,0.0,0.37,0.62,0.0
20230320:0611,0.0,0.0,0.0,-0.49,0.76,0.0
20230320:0711,112.65,41.5,6.05,0.26,0.55,0.0
20230320:0811,1217.65,299.75,13.77,1.0,0.62,0.0
20230320:0911,1943.15,464.03,20.75,1.91,0.97,0.0
20230320:1011,1226.95,294.24,26.51,2.95,1.17,0.0
20230320:1111,2031.15,488.33,30.51,4.33,1.45,0.0
20230320:1211,1849.15,446.03,32.3,5.49,1.52,0.0
20230320:1311,1382.65,335.56,31.63,6.46,1.52,0.0
20230320:1411,922.35,228.73,28.6,6.99,1.79,0.0
20230320:1511,461.75,123.42,23.58,6.97,1.38,0.0
20230320:1611,291.25,83.54,17.1,6.51,1.24,0.0
20230320:1711,67.05,27.81,9.67,6.21,1.38,0.0
20230320:1811,0.0,0.87,1.73,5.9,1.38,0.0
20230320:1911,0.0,0.0,0.0,5.93,1.52,0.0
20230320:2011,0.0,0.0,0.0,5.77,1.52,0.0
20230320:2111,0.0,0.0,0.0,5.64,1.52,0.0
20230320:2211,0.0,0.0,0.0,5.51,1.52,0.0
20230320:2311,0.0,0.0,0.0,5.45,1.45,0.0
20230321:0011,0.0,0.0,0.0,5.43,1.38,0.0
20230321:0111,0.0,0.0,0.0,5.2,1.38,0.0
20230321:0211,0.0,0.0,0.0,5.08,1.31,0.0
20230321:0311,0.0,0.0,0.0,5.1,1.38,0.0
20230321:0411,0.0,0.0,0.0,5.1,1.45,0.0
20230321:0511,0.0,0.0,0.0,5.21,1.52,0.0
20230321:0611,0.0,0.0,0.0,5.75,1.86,0.0
20230321:0711,0.0,0.0,0.0,6.48,2.34,0.0
20230321:0811,0.0,0.0,0.0,7.37,2.83,0.0
20230321:0911,227.1,68.61,21.14,8.09,3.17,0.0
20230321:1011,673.35,172.33,26.91,8.95,4.14,0.0
20230321:1111,3154.05,782.33,30.92,9.42,3.93,0.0
20230321:1211,3358.1,841.91,32.7,9.84,3.93,0.0
20230321:1311,2488.15,606.08,32.02,10.24,4.41,0.0
20230321:1411,3106.0,770.64,28.96,10.22,4.07,0.0
20230321:1511,2575.85,631.38,23.92,10.19,3.72,0.0
20230321:1611,1618.4,397.36,17.42,9.88,3.45,0.0
20230321:1711,612.35,171.05,9.96,9.37,2.62,0.0
20230321:1811,0.0,3.5,2.02,8.4,2.14,0.0
20230321:1911,0.0,0.0,0.0,8.38,2.41,0.0
20230321:2011,0.0,0.0,0.0,8.0,2.55,0.0
20230321:2111,0.0,0.0,0.0,7.88,2.69,0.0
20230321:2211,0.0,0.0,0.0,7.6,2.83,0.0
20230321:2311,0.0,0.0,0.0,7.43,3.03,0.0
20230322:0011,0.0,0.0,0.0,7.37,3.31,0.0
20230322:0111,0.0,0.0,0.0,7.16,3.38,0.0
20230322:0211,0.0,0.0,0.0,7.15,3.1,0.0
20230322:0311,0.0,0.0,0.0,7.25,3.1,0.0
20230322:0411,0.0,0.0,0.0,7.41,3.52,0.0
20230322:0511,0.0,0.0,0.0,7.42,6.14,0.0
20230322:0611,0.0,0.0,0.0,5.08,6.48,0.0
20230322:0711,0.0,0.0,0.0,4.66,6.48,0.0
20230322:0811,940.75,231.54,14.53,4.37,7.03,0.0
20230322:0911,845.4,206.19,21.53,4.09,5.72,0.0
20230322:1011,236.3,69.53,27.3,4.14,7.72,0.0
20230322:1111,800.15,196.34,31.32,4.21,7.38,0.0
20230322:1211,760.25,188.52,33.1,5.0,6.41,0.0
20230322:1311,2975.8,703.73,32.4,5.98,7.1,0.0
20230322:1411,3208.8,762.15,29.32,6.2,7.1,0.0
20230322:1511,1366.35,323.65,24.25,6.07,6.76,0.0
20230322:1611,740.5,184.98,17.73,6.11,6.21,0.0
20230322:1711,492.75,136.08,10.26,5.86,5.79,0.0
20230322:1811,0.0,4.37,2.31,5.57,4.55,0.0
20230322:1911,0.0,0.0,0.0,5.54,3.38,0.0
20230322:2011,0.0,0.0,0.0,4.97,2.48,0.0
20230322:2111,0.0,0.0,0.0,4.28,1.72,0.0
20230322:2211,0.0,0.0,0.0,3.07,1.24,0.0
20230322:2311,0.0,0.0,0.0,1.9,1.45,0.0
20230323:0011,0.0,0.0,0.0,2.05,1.31,0.0
20230323:0111,0.0,0.0,0.0,2.6,1.1,0.0
20230323:0211,0.0,0.0,0.0,2.6,1.24,0.0
20230323:0311,0.0,0.0,0.0,3.2,1.93,0.0
20230323:0411,0.0,0.0,0.0,3.11,2.83,0.0
20230323:0511,0.0,0.0,0.0,3.23,3.52,0.0
20230323:0611,0.0,0.0,0.0,3.3,3.72,0.0
20230323:0711,352.55,114.36,7.18,3.93,3.93,0.0
20230323:0811,1357.15,331.24,14.92,4.37,4.28,0.0
20230323:0911,2317.85,548.34,21.92,4.95,4.69,0.0
20230323:1011,2996.0,717.69,27.7,5.79,4.97,0.0
20230323:1111,3053.35,736.13,31.72,6.41,4.97,0.0
20230323:1211,3039.5,738.16,33.5,7.37,4.76,0.0
20230323:1311,2846.15,690.95,32.78,8.37,4.76,0.0
20230323:1411,1997.2,480.12,29.67,8.63,4.14,0.0
20230323:1511,927.4,230.03,24.58,8.82,3.72,0.0
20230323:1611,883.65,221.31,18.04,8.94,3.31,0.0
20230323:1711,498.65,139.87,10.56,8.69,1.86,0.0
20230323:1811,0.0,3.71,2.6,8.11,1.38,0.0
20230323:1911,0.0,0.0,0.0,6.79,1.79,0.0
20230323:2011,0.0,0.0,0.0,5.57,1.79,0.0
20230323:2111,0.0,0.0,0.0,4.66,1.79,0.0
20230323:2211,0.0,0.0,0.0,3.76,1.59,0.0
20230323:2311,0.0,0.0,0.0,3.41,1.45,0.0
20230324:0011,0.0,0.0,0.0,3.47,1.24,0.0
20230324:0111,0.0,0.0,0.0,3.38,1.24,0.0
20230324:0211,0.0,0.0,0.0,3.4,1.1,0.0
20230324:0311,0.0,0.0,0.0,3.58,1.03,0.0
20230324:0411,0.0,0.0,0.0,3.58,1.1,0.0
20230324:0511,0.0,0.0,0.0,3.63,1.52,0.0
20230324:0611,0.0,0.0,0.0,4.08,1.66,0.0
20230324:0711,32.55,17.62,7.55,4.04,1.24,0.0
20230324:0811,478.05,126.61,15.3,4.86,1.59,0.0
20230324:0911,1054.4,256.54,22.31,5.16,2.0,0.0
20230324:1011,1300.85,313.26,28.1,5.7,2.48,0.0
20230324:1111,865.45,215.04,32.12,6.5,2.55,0.0
20230324:1211,1469.5,356.87,33.89,7.32,2.0,0.0
20230324:1311,1663.45,404.39,33.16,7.62,1.79,0.0
20230324:1411,1894.9,461.72,30.03,7.85,1.66,0.0
20230324:1511,2104.55,515.91,24.92,7.69,1.31,0.0
20230324:1611,1244.45,306.84,18.35,7.43,1.17,0.0
20230324:1711,500.2,139.14,10.86,6.78,0.62,0.0
20230324:1811,0.0,3.71,2.89,5.8,1.03,0.0
20230324:1911,0.0,0.0,0.0,5.46,1.86,0.0
20230324:2011,0.0,0.0,0.0,4.66,2.21,0.0
20230324:2111,0.0,0.0,0.0,4.32,2.48,0.0
20230324:2211,0.0,0.0,0.0,4.19,2.48,0.0
20230324:2311,0.0,0.0,0.0,4.32,2.41,0.0
20230325:0011,0.0,0.0,0.0,4.2,2.97,0.0
20230325:0111,0.0,0.0,0.0,3.8,3.1,0.0
20230325:0211,0.0,0.0,0.0,3.4,2.83,0.0
20230325:0311,0.0,0.0,0.0,2.97,3.17,0.0
20230325:0411,0.0,0.0,0.0,2.67,3.03,0.0
20230325:0511,0.0,0.0,0.0,2.43,2.76,0.0
20230325:0611,0.0,0.0,0.0,2.16,2.69,0.0
20230325:0711,169.45,55.48,7.93,2.4,2.9,0.0
20230325:0811,618.6,157.19,15.68,2.67,2.83,0.0
20230325:0911,790.35,194.25,22.7,3.27,3.59,0.0
20230325:1011,1021.7,246.3,28.5,3.89,4.07,0.0
20230325:1111,1703.3,403.19,32.52,4.71,3.86,0.0
20230325:1211,1262.75,303.34,34.29,5.16,3.45,0.0
20230325:1311,798.2,198.66,33.54,5.31,2.9,0.0
20230325:1411,1179.25,284.89,30.39,5.39,2.76,0.0
20230325:1511,648.25,164.4,25.25,5.2,2.83,0.0
20230325:1611,929.55,228.1,18.66,4.97,3.03,0.0
20230325:1711,321.85,91.89,11.15,4.7,3.17,0.0
20230325:1811,0.0,3.71,3.18,4.05,2.97,0.0
20230325:1911,0.0,0.0,0.0,3.37,3.24,0.0
20230325:2011,0.0,0.0,0.0,2.88,3.17,0.0
20230325:2111,0.0,0.0,0.0,2.47,2.83,0.0
20230325:2211,0.0,0.0,0.0,2.07,2.62,0.0
20230325:2311,0.0,0.0,0.0,1.7,2.28,0.0
20230326:0011,0.0,0.0,0.0,1.27,1.93,0.0
20230326:0111,0.0,0.0,0.0,1.06,1.79,0.0
20230326:0211,0.0,0.0,0.0,0.85,1.93,0.0
20230326:0311,0.0,0.0,0.0,0.6,2.21,0.0
20230326:0411,0.0,0.0,0.0,0.23,2.28,0.0
20230326:0511,0.0,0.0,0.0,-0.13,2.21,0.0
20230326:0611,0.0,0.0,0.0,-0.35,2.21,0.0
20230326:0711,323.9,98.47,8.3,0.13,1.86,0.0
20230326:0811,703.65,175.08,16.06,0.68,2.62,0.0
20230326:0911,1197.65,283.13,23.09,1.09,2.97,0.0
20230326:1011,1963.75,459.84,28.9,1.75,3.1,0.0
20230326:1111,2298.5,541.38,32.93,2.13,3.24,0.0
20230326:1211,708.5,176.17,34.68,2.54,3.24,0.0
20230326:1311,284.95,80.66,33.92,2.71,3.17,0.0
20230326:1411,838.7,205.36,30.74,2.95,3.24,0.0
20230326:1511,1898.95,446.2,25.57,2.85,3.31,0.0
20230326:1611,1281.6,305.46,18.97,2.62,3.38,0.0
20230326:1711,573.05,152.85,11.44,1.98,3.24,0.0
20230326:1811,13.3,11.13,3.47,1.25,2.62,0.0
20230326:1911,0.0,0.0,0.0,0.38,2.07,0.0
20230326:2011,0.0,0.0,0.0,-0.32,1.79,0.0
20230326:2111,0.0,0.0,0.0,-1.1,1.66,0.0
20230326:2211,0.0,0.0,0.0,-2.19,1.59,0.0
20230326:2311,0.0,0.0,0.0,-2.81,1.45,0.0
20230327:0011,0.0,0.0,0.0,-2.74,1.31,0.0
20230327:0111,0.0,0.0,0.0,-2.97,1.38,0.0
20230327:0211,0.0,0.0,0.0,-3.29,1.38,0.0
20230327:0311,0.0,0.0,0.0,-3.66,1.45,0.0
20230327:0411,0.0,0.0,0.0,-3.46,1.31,0.0
20230327:0511,0.0,0.0,0.0,-3.22,1.17,0.0
20230327:0611,0.0,0.0,0.0,-3.99,1.45,0.0
20230327:0711,496.15,147.13,8.68,-3.7,1.45,0.0
20230327:0811,1603.95,386.35,16.44,-0.8,1.24,0.0
20230327:0911,2587.55,626.03,23.48,0.79,0.97,0.0
20230327:1011,3219.4,815.19,29.29,1.97,0.41,0.0
20230327:1111,3692.65,949.05,33.33,2.8,1.24,0.0
20230327:1211,3914.35,1004.78,35.08,3.5,2.07,0.0
20230327:1311,3663.1,924.12,34.3,4.41,2.48,0.0
20230327:1411,3513.6,877.89,31.09,4.87,2.69,0.0
20230327:1511,2801.1,680.04,25.9,5.13,2.83,0.0
20230327:1611,2010.1,485.79,19.27,5.03,2.69,0.0
20230327:1711,859.25,229.61,11.74,4.69,2.28,0.0
20230327:1811,31.8,19.29,3.76,3.83,1.79,0.0
20230327:1911,0.0,0.0,0.0,2.76,2.07,0.0
20230327:2011,0.0,0.0,0.0,1.29,2.14,0.0
20230327:2111,0.0,0.0,0.0,-0.04,2.21,0.0
20230327:2211,0.0,0.0,0.0,-1.12,2.21,0.0
20230327:2311,0.0,0.0,0.0,-1.59,2.21,0.0
20230328:0011,0.0,0.0,0.0,-2.09,2.21,0.0
20230328:0111,0.0,0.0,0.0,-2.1,2.14,0.0
20230328:0211,0.0,0.0,0.0,-2.05,2.0,0.0
20230328:0311,0.0,0.0,0.0,-1.45,1.86,0.0
20230328:0411,0.0,0.0,0.0,-0.77,1.66,0.0
20230328:0511,0.0,0.0,0.0,-0.57,1.59,0.0
20230328:0611,0.0,0.0,0.0,-0.28,1.38,0.0
20230328:0711,83.25,31.52,9.05,0.13,1.24,0.0
20230328:0811,515.95,133.38,16.82,1.45,0.97,0.0
20230328:0911,745.05,185.37,23.86,2.9,0.9,0.0
20230328:1011,1332.4,320.44,29.69,3.84,1.17,0.0
20230328:1111,912.2,224.67,33.72,4.33,1.38,0.0
20230328:1211,297.55,84.37,35.47,4.64,1.59,0.0
20230328:1311,353.15,97.35,34.67,4.98,2.0,0.0
20230328:1411,514.1,134.43,31.45,5.15,1.79,0.0
20230328:1511,175.85,55.63,26.23,5.62,2.21,0.0
20230328:1611,217.7,65.82,19.58,5.92,2.14,0.0
20230328:1711,67.1,27.81,12.03,6.09,1.93,0.0
20230328:1811,18.05,12.98,4.04,5.69,1.24,0.0
20230328:1911,0.0,0.0,0.0,4.95,1.24,0.0
20230328:2011,0.0,0.0,0.0,4.51,1.17,0.0
20230328:2111,0.0,0.0,0.0,4.16,1.17,0.0
20230328:2211,0.0,0.0,0.0,3.99,1.17,0.0
20230328:2311,0.0,0.0,0.0,3.87,1.31,0.0
20230329:0011,0.0,0.0,0.0,3.98,1.24,0.0
20230329:0111,0.0,0.0,0.0,3.79,1.31,0.0
20230329:0211,0.0,0.0,0.0,3.49,1.31,0.0
20230329:0311,0.0,0.0,0.0,3.43,1.31,0.0
20230329:0411,0.0,0.0,0.0,3.49,1.31,0.0
20230329:0511,0.0,0.0,0.0,3.7,1.31,0.0
20230329:0611,0.0,0.0,0.0,3.77,1.24,0.0
20230329:0711,174.25,56.02,9.43,3.79,1.31,0.0
20230329:0811,238.05,70.46,17.19,4.88,1.31,0.0
20230329:0911,466.25,124.15,24.25,6.26,1.24,0.0
20230329:1011,591.2,153.86,30.08,7.85,1.52,0.0
20230329:1111,342.3,96.42,34.12,9.2,2.41,0.0
20230329:1211,701.15,179.84,35.87,9.78,3.72,0.0
20230329:1311,384.55,106.62,35.05,10.18,3.59,0.0
20230329:1411,317.4,90.86,31.8,10.27,3.17,0.0
20230329:1511,282.9,82.51,26.55,9.93,3.31,0.0
20230329:1611,128.45,44.5,19.88,9.52,3.31,0.0
20230329:1711,62.7,26.89,12.32,9.23,3.17,0.0
20230329:1811,0.0,2.78,4.33,9.07,2.97,0.0
20230329:1911,0.0,0.0,0.0,9.07,2.48,0.0
20230329:2011,0.0,0.0,0.0,8.79,2.28,0.0
20230329:2111,0.0,0.0,0.0,8.56,2.28,0.0
20230329:2211,0.0,0.0,0.0,8.35,2.41,0.0
20230329:2311,0.0,0.0,0.0,8.1,2.48,0.0
20230330:0011,0.0,0.0,0.0,7.74,2.55,0.0
20230330:0111,0.0,0.0,0.0,7.5,2.48,0.0
20230330:0211,0.0,0.0,0.0,7.28,2.55,0.0
20230330:0311,0.0,0.0,0.0,6.88,2.55,0.0
20230330:0411,0.0,0.0,0.0,6.61,2.62,0.0
20230330:0511,0.0,0.0,0.0,6.41,2.69,0.0
20230330:0611,0.0,0.87,1.75,6.18,2.62,0.0
20230330:0711,63.65,26.89,9.8,6.56,2.48,0.0
20230330:0811,840.55,211.88,17.57,7.44,2.55,0.0
20230330:0911,1458.15,352.56,24.63,8.44,3.59,0.0
20230330:1011,1959.95,475.02,30.47,9.75,3.72,0.0
20230330:1111,2289.35,561.21,34.52,10.64,3.52,0.0
20230330:1211,1233.05,305.36,36.26,11.29,3.24,0.0
20230330:1311,1447.1,356.98,35.42,11.67,3.03,0.0
20230330:1411,1504.25,370.97,32.15,12.03,2.97,0.0
20230330:1511,1306.2,323.75,26.88,12.28,2.76,0.0
20230330:1611,997.7,252.28,20.19,12.15,2.21,0.0
20230330:1711,827.95,228.32,12.61,11.8,1.72,0.0
20230330:1811,47.85,24.36,4.62,11.1,1.52,0.0
20230330:1911,0.0,0.0,0.0,9.41,1.38,0.0
20230330:2011,0.0,0.0,0.0,8.33,1.1,0.0
20230330:2111,0.0,0.0,0.0,7.36,1.03,0.0
20230330:2211,0.0,0.0,0.0,6.21,1.1,0.0
20230330:2311,0.0,0.0,0.0,5.73,1.03,0.0
20230331:0011,0.0,0.0,0.0,5.59,0.9,0.0
20230331:0111,0.0,0.0,0.0,4.98,0.97,0.0
20230331:0211,0.0,0.0,0.0,4.54,0.83,0.0
20230331:0311,0.0,0.0,0.0,4.07,0.48,0.0
20230331:0411,0.0,0.0,0.0,3.43,0.28,0.0
20230331:0511,0.0,0.0,0.0,3.12,0.34,0.0
20230331:0611,0.0,0.87,2.12,2.52,0.55,0.0
20230331:0711,213.5,65.57,10.17,3.33,0.34,0.0
20230331:0811,827.4,207.59,17.95,4.95,0.9,0.0
20230331:0911,1110.25,271.68,25.02,6.87,1.93,0.0
20230331:1011,716.0,182.44,30.87,8.17,2.34,0.0
20230331:1111,1198.6,294.49,34.92,8.95,2.83,0.0
20230331:1211,1907.9,463.88,36.65,9.31,3.24,0.0
20230331:1311,877.45,220.55,35.8,9.62,3.31,0.0
20230331:1411,1950.05,475.13,32.49,9.74,3.03,0.0
20230331:1511,1039.85,256.98,27.2,9.2,3.1,0.0
20230331:1611,857.0,215.06,20.49,8.75,3.03,0.0
20230331:1711,521.3,142.35,12.9,8.05,2.83,0.0
20230331:1811,45.25,22.68,4.9,7.26,2.62,0.0
20230331:1911,0.0,0.0,0.0,6.85,2.48,0.0
20230331:2011,0.0,0.0,0.0,6.26,2.28,0.0
20230331:2111,0.0,0.0,0.0,5.85,2.21,0.0
20230331:2211,0.0,0.0,0.0,5.55,2.14,0.0
20230331:2311,0.0,0.0,0.0,5.25,2.14,0.0
20230401:0011,0.0,0.0,0.0,4.88,1.93,0.0
20230401:0111,0.0,0.0,0.0,4.52,1.86,0.0
20230401:0211,0.0,0.0,0.0,4.17,1.93,0.0
20230401:0311,0.0,0.0,0.0,3.83,1.93,0.0
20230401:0411,0.0,0.0,0.0,3.55,1.79,0.0
20230401:0511,0.0,0.0,0.0,3.32,1.59,0.0
20230401:0611,0.0,5.25,2.49,2.99,1.45,0.0
20230401:0711,554.8,162.12,10.54,3.49,1.59,0.0
20230401:0811,1588.35,387.5,18.32,4.01,1.86,0.0
20230401:0911,2534.65,616.14,25.4,4.57,1.86,0.0
20230401:1011,2561.25,622.79,31.26,5.31,2.14,0.0
20230401:1111,1674.0,403.41,35.31,6.15,2.21,0.0
20230401:1211,2508.65,615.16,37.04,6.8,2.14,0.0
20230401:1311,2255.1,551.93,36.17,7.39,1.93,0.0
20230401:1411,599.8,155.75,32.84,7.7,1.66,0.0
20230401:1511,972.7,241.67,27.52,7.82,1.38,0.0
20230401:1611,760.95,193.26,20.79,7.82,1.1,0.0
20230401:1711,470.15,129.2,13.19,7.58,1.66,0.0
20230401:1811,57.9,26.29,5.18,6.97,1.72,0.0
20230401:1911,0.0,0.0,0.0,6.51,1.17,0.0
20230401:2011,0.0,0.0,0.0,5.99,0.97,0.0
20230401:2111,0.0,0.0,0.0,5.53,0.69,0.0
20230401:2211,0.0,0.0,0.0,5.72,0.28,0.0
20230401:2311,0.0,0.0,0.0,5.62,0.28,0.0
20230402:0011,0.0,0.0,0.0,5.16,0.69,0.0
20230402:0111,0.0,0.0,0.0,4.26,0.97,0.0
20230402:0211,0.0,0.0,0.0,4.0,1.24,0.0
20230402:0311,0.0,0.0,0.0,4.39,1.24,0.0
20230402:0411,0.0,0.0,0.0,4.56,1.24,0.0
20230402:0511,0.0,0.0,0.0,4.76,1.1,0.0
20230402:0611,0.0,3.5,2.86,4.88,1.1,0.0
20230402:0711,390.65,113.55,10.9,5.34,1.1,0.0
20230402:0811,735.95,186.69,18.69,5.88,1.1,0.0
20230402:0911,1033.7,253.92,25.78,6.08,1.31,0.0
20230402:1011,1306.55,318.86,31.65,6.48,1.03,0.0
20230402:1111,854.75,214.83,35.7,6.79,0.48,0.0
20230402:1211,2161.55,536.22,37.42,7.35,0.62,0.0
20230402:1311,954.45,238.88,36.54,7.77,0.69,0.0
20230402:1411,1445.2,355.62,33.19,8.43,0.9,0.0
20230402:1511,936.8,234.81,27.84,8.61,0.83,0.0
20230402:1611,709.05,182.13,21.09,8.64,0.69,0.0
20230402:1711,315.85,91.14,13.47,8.59,0.48,0.0
20230402:1811,15.15,12.05,5.47,8.4,0.97,0.0
20230402:1911,0.0,0.0,0.0,7.37,1.17,0.0
20230402:2011,0.0,0.0,0.0,5.8,1.24,0.0
20230402:2111,0.0,0.0,0.0,4.72,1.45,0.0
20230402:2211,0.0,0.0,0.0,3.97,1.66,0.0
20230402:2311,0.0,0.0,0.0,3.35,1.79,0.0
20230403:0011,0.0,0.0,0.0,3.04,1.72,0.0
20230403:0111,0.0,0.0,0.0,2.31,1.72,0.0
20230403:0211,0.0,0.0,0.0,1.23,1.66,0.0
20230403:0311,0.0,0.0,0.0,0.51,1.59,0.0
20230403:0411,0.0,0.0,0.0,-0.01,1.52,0.0
20230403:0511,0.0,0.0,0.0,-0.76,1.52,0.0
20230403:0611,11.8,10.49,3.23,-1.36,1.59,0.0
20230403:0711,540.9,151.81,11.27,0.06,1.24,0.0
20230403:0811,1667.7,406.96,19.06,3.16,1.17,0.0
20230403:0911,2601.8,641.81,26.16,5.69,1.38,0.0
20230403:1011,3286.35,827.28,32.03,7.52,2.48,0.0
20230403:1111,3719.65,952.23,36.1,8.78,3.24,0.0
20230403:1211,3691.1,946.85,37.81,9.8,3.45,0.0
20230403:1311,3449.25,876.76,36.91,10.33,3.52,0.0
20230403:1411,3090.5,773.56,33.53,10.56,3.59,0.0
20230403:1511,2064.35,503.88,28.16,10.53,3.45,0.0
20230403:1611,1178.55,291.69,21.38,10.32,3.38,0.0
20230403:1711,544.9,148.73,13.76,9.87,2.97,0.0
20230403:1811,102.1,50.96,5.75,8.99,2.55,0.0
20230403:1911,0.0,0.0,0.0,8.12,2.62,0.0
20230403:2011,0.0,0.0,0.0,6.75,2.48,0.0
20230403:2111,0.0,0.0,0.0,5.59,2.41,0.0
20230403:2211,0.0,0.0,0.0,4.66,2.41,0.0
20230403:2311,0.0,0.0,0.0,3.98,2.28,0.0
20230404:0011,0.0,0.0,0.0,3.33,2.28,0.0
20230404:0111,0.0,0.0,0.0,2.68,2.28,0.0
20230404:0211,0.0,0.0,0.0,2.23,2.21,0.0
20230404:0311,0.0,0.0,0.0,1.82,2.28,0.0
20230404:0411,0.0,0.0,0.0,1.45,2.34,0.0
20230404:0511,0.0,0.0,0.0,1.58,2.41,0.0
20230404:0611,17.95,12.82,3.59,1.91,2.48,0.0
20230404:0711,45.0,21.32,11.63,3.62,2.9,0.0
20230404:0811,77.65,30.59,19.43,5.3,2.97,0.0
20230404:0911,387.7,105.69,26.54,6.44,3.79,0.0
20230404:1011,591.4,152.97,32.42,7.45,3.72,0.0
20230404:1111,1490.6,360.48,36.49,8.2,3.79,0.0
20230404:1211,548.45,143.7,38.19,8.42,3.79,0.0
20230404:1311,1255.0,305.98,37.27,8.94,4.48,0.0
20230404:1411,1646.65,397.62,33.87,9.74,4.9,0.0
20230404:1511,2054.65,497.0,28.47,10.2,4.55,0.0
20230404:1611,418.05,114.47,21.68,10.46,4.28,0.0
20230404:1711,207.35,64.45,14.04,10.2,4.0,0.0
20230404:1811,68.1,29.25,6.03,9.15,3.86,0.0
20230404:1911,0.0,0.0,0.0,7.93,3.59,0.0
20230404:2011,0.0,0.0,0.0,7.23,3.66,0.0
20230404:2111,0.0,0.0,0.0,6.72,3.52,0.0
20230404:2211,0.0,0.0,0.0,6.46,3.45,0.0
20230404:2311,0.0,0.0,0.0,6.31,3.31,0.0
20230405:0011,0.0,0.0,0.0,6.44,3.38,0.0
20230405:0111,0.0,0.0,0.0,6.62,3.59,0.0
20230405:0211,0.0,0.0,0.0,6.72,3.72,0.0
20230405:0311,0.0,0.0,0.0,6.55,3.72,0.0
20230405:0411,0.0,0.0,0.0,6.56,3.79,0.0
20230405:0511,0.0,0.0,0.0,6.62,3.66,0.0
20230405:0611,12.8,11.13,3.95,6.7,3.52,0.0
20230405:0711,179.0,56.91,12.0,7.28,3.59,0.0
20230405:0811,703.55,179.53,19.8,8.0,3.31,0.0
20230405:0911,526.25,138.87,26.91,9.09,4.14,0.0
20230405:1011,1038.5,256.86,32.8,10.14,4.9,0.0
20230405:1111,1164.35,287.03,36.87,10.7,4.76,0.0
20230405:1211,1531.7,374.11,38.58,11.08,4.55,0.0
20230405:1311,1427.55,349.82,37.64,11.19,4.34,0.0
20230405:1411,2155.1,526.68,34.21,11.57,4.28,0.0
20230405:1511,1346.3,331.3,28.79,11.47,3.45,0.0
20230405:1611,860.8,218.47,21.98,11.12,2.62,0.0
20230405:1711,266.45,79.3,14.32,10.83,2.48,0.0
20230405:1811,34.3,18.54,6.31,10.21,2.14,0.0
20230405:1911,0.0,0.0,0.0,9.7,1.72,0.0
20230405:2011,0.0,0.0,0.0,9.01,1.59,0.0
20230405:2111,0.0,0.0,0.0,8.31,1.52,0.0
20230405:2211,0.0,0.0,0.0,7.63,1.52,0.0
20230405:2311,0.0,0.0,0.0,7.19,1.59,0.0
20230406:0011,0.0,0.0,0.0,7.08,1.66,0.0
20230406:0111,0.0,0.0,0.0,6.73,1.72,0.0
20230406:0211,0.0,0.0,0.0,6.47,1.79,0.0
20230406:0311,0.0,0.0,0.0,6.1,1.93,0.0
20230406:0411,0.0,0.0,0.0,6.06,2.0,0.0
20230406:0511,0.0,0.0,0.0,5.94,2.0,0.0
20230406:0611,0.0,3.71,4.31,5.81,2.0,0.0
20230406:0711,222.7,67.44,12.36,6.05,2.28,0.0
20230406:0811,1094.55,269.24,20.17,6.5,2.9,0.0
20230406:0911,1358.1,327.45,27.29,7.16,3.66,0.0
20230406:1011,1709.0,409.6,33.19,7.52,4.14,0.0
20230406:1111,1938.3,466.52,37.26,7.81,3.79,0.0
20230406:1211,919.45,228.51,38.96,8.09,3.86,0.0
20230406:1311,1039.45,255.92,38.0,8.25,4.21,0.0
20230406:1411,528.75,139.07,34.55,8.42,4.28,0.0
20230406:1511,1101.25,269.19,29.1,8.25,4.34,0.0
20230406:1611,645.8,165.61,22.27,8.14,4.21,0.0
20230406:1711,352.2,98.77,14.61,7.61,3.86,0.0
20230406:1811,91.35,36.05,6.59,6.96,2.97,0.0
20230406:1911,0.0,0.0,0.0,5.92,2.21,0.0
20230406:2011,0.0,0.0,0.0,5.18,1.93,0.0
20230406:2111,0.0,0.0,0.0,4.55,1.86,0.0
20230406:2211,0.0,0.0,0.0,3.95,1.72,0.0
20230406:2311,0.0,0.0,0.0,3.2,1.45,0.0
20230407:0011,0.0,0.0,0.0,2.28,1.45,0.0
20230407:0111,0.0,0.0,0.0,1.63,1.45,0.0
20230407:0211,0.0,0.0,0.0,1.38,1.31,0.0
20230407:0311,0.0,0.0,0.0,0.76,1.38,0.0
20230407:0411,0.0,0.0,0.0,-0.37,1.24,0.0
20230407:0511,0.0,0.0,0.0,-0.75,1.1,0.0
20230407:0611,33.5,17.62,4.67,-0.96,1.03,0.0
20230407:0711,671.5,186.29,12.72,1.55,0.48,0.0
20230407:0811,1736.35,427.05,20.53,3.71,0.41,0.0
20230407:0911,2573.85,635.74,27.66,5.2,1.03,0.0
20230407:1011,3024.65,760.47,33.57,6.64,1.59,0.0
20230407:1111,3509.65,908.39,37.65,8.01,1.86,0.0
20230407:1211,3512.55,916.69,39.34,9.16,1.86,0.0
20230407:1311,3538.2,928.74,38.36,10.02,1.86,0.0
20230407:1411,3145.0,809.93,34.88,10.87,1.93,0.0
20230407:1511,2283.3,568.52,29.41,11.16,2.07,0.0
20230407:1611,1879.0,467.28,22.56,10.88,2.21,0.0
20230407:1711,955.2,256.84,14.89,10.17,2.34,0.0
20230407:1811,133.65,60.07,6.86,9.07,1.93,0.0
20230407:1911,0.0,0.0,0.0,7.86,2.07,0.0
20230407:2011,0.0,0.0,0.0,6.34,1.79,0.0
20230407:2111,0.0,0.0,0.0,4.77,1.52,0.0
20230407:2211,0.0,0.0,0.0,3.75,1.45,0.0
20230407:2311,0.0,0.0,0.0,3.31,1.59,0.0
20230408:0011,0.0,0.0,0.0,3.06,1.72,0.0
20230408:0111,0.0,0.0,0.0,3.01,1.66,0.0
20230408:0211,0.0,0.0,0.0,2.84,1.66,0.0
20230408:0311,0.0,0.0,0.0,3.14,1.66,0.0
20230408:0411,0.0,0.0,0.0,3.64,1.66,0.0
20230408:0511,0.0,0.0,0.0,3.54,1.59,0.0
20230408:0611,10.6,10.2,5.02,3.46,1.52,0.0
20230408:0711,708.8,198.22,13.07,4.36,1.24,0.0
20230408:0811,1729.75,424.86,20.89,6.51,2.0,0.0
20230408:0911,2658.25,650.96,28.03,7.71,2.97,0.0
20230408:1011,3377.85,851.16,33.94,8.78,3.17,0.0
20230408:1111,3558.0,908.96,38.03,9.83,3.31,0.0
20230408:1211,3762.75,976.64,39.71,10.52,3.24,0.0
20230408:1311,3746.65,975.43,38.72,11.05,3.17,0.0
20230408:1411,3478.65,893.77,35.22,11.33,3.17,0.0
20230408:1511,2738.95,683.19,29.72,11.51,3.24,0.0
20230408:1611,1352.45,334.78,22.85,11.39,3.31,0.0
20230408:1711,865.7,231.98,15.16,10.91,2.97,0.0
20230408:1811,136.65,63.54,7.14,10.02,2.48,0.0
20230408:1911,0.0,0.0,0.0,8.82,2.28,0.0
20230408:2011,0.0,0.0,0.0,7.12,2.07,0.0
20230408:2111,0.0,0.0,0.0,5.73,1.86,0.0
20230408:2211,0.0,0.0,0.0,4.46,1.79,0.0
20230408:2311,0.0,0.0,0.0,3.41,1.66,0.0
20230409:0011,0.0,0.0,0.0,2.84,1.59,0.0
20230409:0111,0.0,0.0,0.0,2.71,1.45,0.0
20230409:0211,0.0,0.0,0.0,2.48,1.38,0.0
20230409:0311,0.0,0.0,0.0,2.46,1.31,0.0
20230409:0411,0.0,0.0,0.0,2.25,1.24,0.0
20230409:0511,0.0,0.0,0.0,2.31,1.1,0.0
20230409:0611,21.15,13.91,5.38,2.64,1.03,0.0
20230409:0711,71.2,28.74,13.42,4.1,1.1,0.0
20230409:0811,243.2,72.31,21.25,7.09,1.38,0.0
20230409:0911,486.95,129.79,28.39,8.37,2.41,0.0
20230409:1011,868.95,218.42,34.32,9.7,3.59,0.0
20230409:1111,694.65,178.93,38.41,10.85,4.55,0.0
20230409:1211,772.8,197.32,40.09,11.36,4.9,0.0
20230409:1311,750.9,192.67,39.08,11.93,4.97,0.0
20230409:1411,436.95,119.6,35.55,12.04,4.97,0.0
20230409:1511,269.05,79.73,30.03,11.87,4.83,0.0
20230409:1611,335.5,95.49,23.14,11.5,4.55,0.0
20230409:1711,88.95,34.3,15.44,10.87,4.34,0.0
20230409:1811,43.45,21.32,7.41,9.9,4.48,0.0
20230409:1911,0.0,0.0,0.0,8.84,4.0,0.0
20230409:2011,0.0,0.0,0.0,8.25,3.72,0.0
20230409:2111,0.0,0.0,0.0,7.81,3.72,0.0
20230409:2211,0.0,0.0,0.0,7.82,3.66,0.0
20230409:2311,0.0,0.0,0.0,7.88,3.45,0.0
20230410:0011,0.0,0.0,0.0,7.93,3.31,0.0
20230410:0111,0.0,0.0,0.0,7.7,3.31,0.0
20230410:0211,0.0,0.0,0.0,7.56,2.97,0.0
20230410:0311,0.0,0.0,0.0,7.48,2.62,0.0
20230410:0411,0.0,0.0,0.0,7.43,2.21,0.0
20230410:0511,0.0,0.0,0.0,7.22,1.86,0.0
20230410:0611,15.3,12.05,5.73,6.89,2.41,0.0
20230410:0711,395.3,110.63,13.78,7.21,3.52,0.0
20230410:0811,94.4,35.23,21.6,6.76,3.93,0.0
20230410:0911,2330.45,559.13,28.76,7.04,4.07,0.0
20230410:1011,1346.35,324.1,34.69,7.62,5.24,0.0
20230410:1111,3768.65,933.22,38.79,8.21,5.66,0.0
20230410:1211,2218.85,531.41,40.46,8.29,5.59,0.0
20230410:1311,3373.9,827.31,39.43,8.35,5.52,0.0
20230410:1411,2827.2,681.79,35.88,7.98,5.38,0.0
20230410:1511,2826.3,680.51,30.33,7.78,5.24,0.0
20230410:1611,1736.15,415.23,23.42,6.62,5.1,0.0
20230410:1711,500.75,133.39,15.72,5.77,4.48,0.0
20230410:1811,141.25,50.44,7.68,4.94,4.28,0.0
20230410:1911,0.0,0.0,0.0,4.97,4.0,0.0
20230410:2011,0.0,0.0,0.0,4.55,3.59,0.0
20230410:2111,0.0,0.0,0.0,4.37,3.38,0.0
20230410:2211,0.0,0.0,0.0,4.19,2.97,0.0
20230410:2311,0.0,0.0,0.0,4.05,2.9,0.0
20230411:0011,0.0,0.0,0.0,3.88,3.03,0.0
20230411:0111,0.0,0.0,0.0,3.66,3.17,0.0
20230411:0211,0.0,0.0,0.0,3.43,3.17,0.0
20230411:0311,0.0,0.0,0.0,3.26,2.97,0.0
20230411:0411,0.0,0.0,0.0,2.91,2.69,0.0
20230411:0511,0.0,0.0,0.0,2.76,2.69,0.0
20230411:0611,78.15,31.08,6.08,2.62,2.69,0.0
20230411:0711,763.45,207.52,14.12,3.43,3.45,0.0
20230411:0811,1737.3,415.77,21.96,4.09,4.0,0.0
20230411:0911,2293.55,545.29,29.12,5.02,3.93,0.0
20230411:1011,2400.5,571.47,35.06,5.76,4.55,0.0
20230411:1111,3319.85,814.09,39.16,6.43,4.34,0.0
20230411:1211,2337.7,562.58,40.83,7.09,4.14,0.0
20230411:1311,3706.15,936.07,39.79,7.67,3.72,0.0
20230411:1411,1801.1,436.58,36.21,8.38,3.03,0.0
20230411:1511,1786.6,435.42,30.64,8.93,2.41,0.0
20230411:1611,599.5,156.18,23.71,9.33,3.03,0.0
20230411:1711,290.2,84.12,15.99,8.84,3.03,0.0
20230411:1811,47.05,22.25,7.96,7.96,3.52,0.0
20230411:1911,0.0,0.0,0.0,6.92,3.52,0.0
20230411:2011,0.0,0.0,0.0,5.95,4.0,0.0
20230411:2111,0.0,0.0,0.0,4.85,4.34,0.0
20230411:2211,0.0,0.0,0.0,3.91,4.76,0.0
20230411:2311,0.0,0.0,0.0,3.54,4.76,0.0
20230412:0011,0.0,0.0,0.0,3.11,4.9,0.0
20230412:0111,0.0,0.0,0.0,2.8,4.21,0.0
20230412:0211,0.0,0.0,0.0,2.63,4.34,0.0
20230412:0311,0.0,0.0,0.0,2.92,2.07,0.0
20230412:0411,0.0,0.0,0.0,2.9,1.31,0.0
20230412:0511,0.0,0.0,0.0,2.57,3.1,0.0
20230412:0611,82.1,32.08,6.42,2.15,4.9,0.0
20230412:0711,459.9,123.49,14.47,2.29,4.41,0.0
20230412:0811,734.5,181.68,22.31,2.82,5.03,0.0
20230412:0911,645.45,161.68,29.47,3.06,5.86,0.0
20230412:1011,863.45,210.34,35.43,3.36,5.86,0.0
20230412:1111,1485.0,350.9,39.53,4.04,5.31,0.0
20230412:1211,903.45,221.23,41.2,4.98,5.31,0.0
20230412:1311,812.8,201.92,40.14,6.15,5.1,0.0
20230412:1411,731.55,184.27,36.53,6.87,4.48,0.0
20230412:1511,1010.35,247.32,30.94,6.76,4.0,0.0
20230412:1611,331.05,92.71,23.99,6.85,4.07,0.0
20230412:1711,700.85,182.67,16.26,6.14,3.79,0.0
20230412:1811,135.9,47.34,8.23,5.33,2.9,0.0
20230412:1911,0.0,0.0,0.0,4.51,3.03,0.0
20230412:2011,0.0,0.0,0.0,3.83,2.55,0.0
20230412:2111,0.0,0.0,0.0,3.0,2.28,0.0
20230412:2211,0.0,0.0,0.0,2.26,2.21,0.0
20230412:2311,0.0,0.0,0.0,1.79,2.34,0.0
20230413:0011,0.0,0.0,0.0,1.7,2.34,0.0
20230413:0111,0.0,0.0,0.0,1.77,2.21,0.0
20230413:0211,0.0,0.0,0.0,1.7,2.0,0.0
20230413:0311,0.0,0.0,0.0,1.47,1.93,0.0
20230413:0411,0.0,0.0,0.0,1.58,1.86,0.0
20230413:0511,0.0,0.0,0.0,1.6,1.66,0.0
20230413:0611,8.35,9.27,6.76,1.62,1.52,0.0
20230413:0711,139.95,46.36,14.81,3.3,1.79,0.0
20230413:0811,956.95,235.0,22.65,4.18,1.86,0.0
20230413:0911,629.75,160.72,29.83,5.1,1.86,0.0
20230413:1011,529.75,138.14,35.79,5.44,1.93,0.0
20230413:1111,992.8,244.43,39.9,5.83,2.07,0.0
20230413:1211,1173.8,287.01,41.56,6.7,2.41,0.0
20230413:1311,425.85,114.96,40.48,6.93,2.21,0.0
20230413:1411,185.85,58.41,36.86,7.09,2.07,0.0
20230413:1511,115.55,40.79,31.24,6.91,1.93,0.0
20230413:1611,1018.0,251.36,24.27,6.88,1.93,0.0
20230413:1711,295.85,84.67,16.53,6.57,2.0,0.0
20230413:1811,91.35,34.3,8.5,5.71,2.21,0.0
20230413:1911,0.0,0.0,0.0,4.71,1.66,0.0
20230413:2011,0.0,0.0,0.0,4.07,1.38,0.0
20230413:2111,0.0,0.0,0.0,3.6,1.03,0.0
20230413:2211,0.0,0.0,0.0,3.31,0.62,0.0
20230413:2311,0.0,0.0,0.0,3.2,0.55,0.0
20230414:0011,0.0,0.0,0.0,2.53,0.83,0.0
20230414:0111,0.0,0.0,0.0,2.13,1.1,0.0
20230414:0211,0.0,0.0,0.0,1.69,1.24,0.0
20230414:0311,0.0,0.0,0.0,1.57,1.31,0.0
20230414:0411,0.0,0.0,0.0,1.73,1.31,0.0
20230414:0511,0.0,0.0,0.0,1.87,1.38,0.0
20230414:0611,96.6,45.29,7.1,2.11,1.52,0.0
20230414:0711,867.75,235.08,15.15,3.47,1.93,0.0
20230414:0811,1906.25,461.11,23.0,4.55,2.62,0.0
20230414:0911,1667.8,400.56,30.18,5.58,2.28,0.0
20230414:1011,1630.6,393.89,36.16,6.63,2.34,0.0
20230414:1111,2764.95,684.63,40.27,7.46,2.41,0.0
20230414:1211,1708.9,417.35,41.93,8.23,2.14,0.0
20230414:1311,1927.5,472.82,40.83,8.97,2.14,0.0
20230414:1411,2138.6,525.88,37.18,9.12,2.14,0.0
20230414:1511,1440.25,352.19,31.54,8.95,2.28,0.0
20230414:1611,1679.8,411.27,24.55,8.55,2.41,0.0
20230414:1711,842.3,219.94,16.8,7.07,2.28,0.0
20230414:1811,182.45,76.83,8.76,6.5,1.79,0.0
20230414:1911,0.0,0.0,0.0,6.01,0.83,0.0
20230414:2011,0.0,0.0,0.0,4.47,1.17,0.0
20230414:2111,0.0,0.0,0.0,3.06,1.31,0.0
20230414:2211,0.0,0.0,0.0,2.14,1.31,0.0
20230414:2311,0.0,0.0,0.0,1.45,1.31,0.0
20230415:0011,0.0,0.0,0.0,-0.41,1.31,0.0
20230415:0111,0.0,0.0,0.0,-1.41,1.17,0.0
20230415:0211,0.0,0.0,0.0,-1.21,1.17,0.0
20230415:0311,0.0,0.0,0.0,-0.96,1.17,0.0
20230415:0411,0.0,0.0,0.0,-1.03,1.31,0.0
20230415:0511,0.0,0.0,0.0,-0.95,1.45,0.0
20230415:0611,103.65,48.12,7.44,-0.68,1.38,0.0
20230415:0711,872.0,231.46,15.49,0.19,1.52,0.0
20230415:0811,1964.1,474.14,23.34,1.88,1.38,0.0
20230415:0911,2819.7,694.07,30.53,3.94,1.45,0.0
20230415:1011,3338.45,849.34,36.51,5.71,1.52,0.0
20230415:1111,3649.65,951.35,40.63,8.04,1.93,0.0
20230415:1211,3405.75,873.52,42.29,9.84,2.76,0.0
20230415:1311,3618.3,937.96,41.17,11.12,3.1,0.0
20230415:1411,3356.2,860.18,37.5,11.81,3.17,0.0
20230415:1511,2581.4,644.42,31.83,12.13,3.1,0.0
20230415:1611,1636.95,405.93,24.83,11.96,2.97,0.0
20230415:1711,567.0,153.09,17.07,11.7,2.55,0.0
20230415:1811,114.15,41.33,9.03,10.81,2.21,0.0
20230415:1911,0.0,0.0,0.0,9.76,2.28,0.0
20230415:2011,0.0,0.0,0.0,8.8,2.41,0.0
20230415:2111,0.0,0.0,0.0,8.15,2.48,0.0
20230415:2211,0.0,0.0,0.0,7.8,2.62,0.0
20230415:2311,0.0,0.0,0.0,7.51,2.76,0.0
20230416:0011,0.0,0.0,0.0,7.32,2.9,0.0
20230416:0111,0.0,0.0,0.0,7.23,3.1,0.0
20230416:0211,0.0,0.0,0.0,7.06,3.24,0.0
20230416:0311,0.0,0.0,0.0,6.96,3.31,0.0
20230416:0411,0.0,0.0,0.0,6.84,3.38,0.0
20230416:0511,0.0,0.0,0.0,6.57,3.24,0.0
20230416:0611,15.35,12.05,7.77,6.44,2.97,0.0
20230416:0711,368.3,102.43,15.82,6.71,2.41,0.0
20230416:0811,1227.55,301.13,23.67,7.23,2.41,0.0
20230416:0911,1459.55,354.62,30.88,7.98,2.55,0.0
20230416:1011,2233.35,545.81,36.87,9.26,3.03,0.0
20230416:1111,2153.4,529.3,41.0,10.35,3.03,0.0
20230416:1211,1101.05,275.13,42.64,11.09,2.83,0.0
20230416:1311,1796.05,442.89,41.51,11.62,3.03,0.0
20230416:1411,1206.4,300.11,37.81,11.75,3.1,0.0
20230416:1511,643.05,168.09,32.12,11.93,3.17,0.0
20230416:1611,1174.0,292.85,25.1,11.64,2.9,0.0
20230416:1711,332.75,95.35,17.34,11.52,2.48,0.0
20230416:1811,55.55,25.03,9.29,11.32,2.28,0.0
20230416:1911,0.0,0.0,0.0,11.52,1.66,0.0
20230416:2011,0.0,0.0,0.0,10.77,1.59,0.0
20230416:2111,0.0,0.0,0.0,10.18,1.52,0.0
20230416:2211,0.0,0.0,0.0,9.93,1.38,0.0
20230416:2311,0.0,0.0,0.0,9.49,1.38,0.0
20230417:0011,0.0,0.0,0.0,9.15,1.31,0.0
20230417:0111,0.0,0.0,0.0,8.86,1.24,0.0
20230417:0211,0.0,0.0,0.0,8.66,1.17,0.0
20230417:0311,0.0,0.0,0.0,8.01,1.24,0.0
20230417:0411,0.0,0.0,0.0,7.17,1.31,0.0
20230417:0511,0.0,0.0,0.0,6.96,1.31,0.0
20230417:0611,121.0,53.61,8.1,6.75,1.31,0.0
20230417:0711,808.35,221.72,16.15,8.57,0.9,0.0
20230417:0811,1762.25,446.22,24.01,11.5,0.83,0.0
20230417:0911,2328.2,592.02,31.22,12.82,1.17,0.0
20230417:1011,772.8,201.29,37.22,14.28,1.93,0.0
20230417:1111,911.7,235.27,41.35,15.09,2.14,0.0
20230417:1211,1855.85,467.29,43.0,15.13,2.62,0.0
20230417:1311,2292.0,579.93,41.85,15.13,2.83,0.0
20230417:1411,1613.25,405.07,38.13,15.31,2.83,0.0
20230417:1511,1816.05,455.82,32.41,15.23,2.62,0.0
20230417:1611,1469.7,371.47,25.38,15.13,2.34,0.0
20230417:1711,999.05,271.87,17.6,14.69,2.14,0.0
20230417:1811,154.55,53.57,9.56,14.1,2.07,0.0
20230417:1911,0.0,0.0,0.0,13.22,1.72,0.0
20230417:2011,0.0,0.0,0.0,12.28,1.66,0.0
20230417:2111,0.0,0.0,0.0,11.43,1.59,0.0
20230417:2211,0.0,0.0,0.0,10.5,1.59,0.0
20230417:2311,0.0,0.0,0.0,9.79,1.52,0.0
20230418:0011,0.0,0.0,0.0,9.13,1.52,0.0
20230418:0111,0.0,0.0,0.0,8.73,1.52,0.0
20230418:0211,0.0,0.0,0.0,8.51,1.45,0.0
20230418:0311,0.0,0.0,0.0,8.23,1.45,0.0
20230418:0411,0.0,0.0,0.0,7.98,1.38,0.0
20230418:0511,0.0,0.0,0.0,7.51,1.31,0.0
20230418:0611,122.9,43.47,8.43,7.11,1.38,0.0
20230418:0711,502.25,136.74,16.48,8.74,1.17,0.0
20230418:0811,1791.15,448.9,24.34,9.96,1.1,0.0
20230418:0911,2361.45,598.34,31.56,11.26,0.97,0.0
20230418:1011,3119.1,818.09,37.57,12.73,1.45,0.0
20230418:1111,3507.7,933.77,41.71,13.62,2.14,0.0
20230418:1211,3837.8,1038.27,43.35,14.36,2.55,0.0
20230418:1311,3749.15,1006.33,42.19,14.77,2.76,0.0
20230418:1411,3429.4,901.77,38.44,14.95,2.9,0.0
20230418:1511,2858.8,731.25,32.7,14.81,2.97,0.0
20230418:1611,2040.5,514.56,25.65,14.42,2.9,0.0
20230418:1711,1070.1,288.83,17.86,13.71,2.76,0.0
20230418:1811,201.0,84.94,9.82,12.73,2.48,0.0
20230418:1911,0.0,1.75,1.92,11.38,2.07,0.0
20230418:2011,0.0,0.0,0.0,9.54,1.79,0.0
20230418:2111,0.0,0.0,0.0,7.27,1.45,0.0
20230418:2211,0.0,0.0,0.0,5.96,1.31,0.0
20230418:2311,0.0,0.0,0.0,5.03,1.24,0.0
20230419:0011,0.0,0.0,0.0,4.59,1.1,0.0
20230419:0111,0.0,0.0,0.0,4.98,0.97,0.0
20230419:0211,0.0,0.0,0.0,4.57,0.9,0.0
20230419:0311,0.0,0.0,0.0,4.12,0.83,0.0
20230419:0411,0.0,0.0,0.0,3.68,0.9,0.0
20230419:0511,0.0,0.0,0.0,2.66,1.03,0.0
20230419:0611,137.6,61.07,8.75,1.98,1.17,0.0
20230419:0711,947.5,252.99,16.8,3.67,1.03,0.0
20230419:0811,1992.35,490.89,24.67,6.78,1.66,0.0
20230419:0911,2852.95,711.55,31.89,8.72,2.41,0.0
20230419:1011,3488.35,888.33,37.92,10.21,3.38,0.0
20230419:1111,3912.4,1014.65,42.06,11.32,4.0,0.0
20230419:1211,4034.95,1055.16,43.7,12.12,4.21,0.0
20230419:1311,3935.4,1026.59,42.52,12.64,4.21,0.0
20230419:1411,3511.65,900.31,38.75,12.89,4.07,0.0
20230419:1511,2939.25,738.67,32.99,12.89,3.86,0.0
20230419:1611,2093.55,520.97,25.92,12.63,3.59,0.0
20230419:1711,1113.45,297.32,18.12,12.08,3.24,0.0
20230419:1811,211.05,89.43,10.08,11.21,2.69,0.0
20230419:1911,0.0,2.62,2.18,9.86,2.28,0.0
20230419:2011,0.0,0.0,0.0,8.18,2.07,0.0
20230419:2111,0.0,0.0,0.0,6.78,1.86,0.0
20230419:2211,0.0,0.0,0.0,5.31,1.66,0.0
20230419:2311,0.0,0.0,0.0,3.74,1.52,0.0
20230420:0011,0.0,0.0,0.0,3.22,1.38,0.0
20230420:0111,0.0,0.0,0.0,3.1,1.17,0.0
20230420:0211,0.0,0.0,0.0,3.57,1.03,0.0
20230420:0311,0.0,0.0,0.0,3.76,0.9,0.0
20230420:0411,0.0,0.0,0.0,3.85,0.83,0.0
20230420:0511,0.0,0.0,0.0,3.76,0.76,0.0
20230420:0611,183.4,63.07,9.07,3.49,0.69,0.0
20230420:0711,676.15,177.23,17.12,4.14,1.03,0.0
20230420:0811,1606.15,392.42,24.99,6.27,1.59,0.0
20230420:0911,2620.3,647.21,32.23,7.9,2.21,0.0
20230420:1011,3419.25,872.0,38.26,9.34,2.76,0.0
20230420:1111,3863.7,1007.86,42.41,10.55,3.24,0.0
20230420:1211,3946.1,1034.91,44.04,11.4,3.52,0.0
20230420:1311,3786.2,984.3,42.85,11.98,3.72,0.0
20230420:1411,3444.0,882.22,39.06,12.27,3.66,0.0
20230420:1511,2867.35,719.66,33.27,12.41,3.52,0.0
20230420:1611,2071.65,515.22,26.19,12.32,3.38,0.0
20230420:1711,1109.0,295.53,18.38,11.95,3.17,0.0
20230420:1811,214.6,89.8,10.34,11.12,2.55,0.0
20230420:1911,0.0,2.62,2.45,9.54,2.28,0.0
20230420:2011,0.0,0.0,0.0,7.86,2.0,0.0
20230420:2111,0.0,0.0,0.0,6.43,1.72,0.0
20230420:2211,0.0,0.0,0.0,4.67,1.59,0.0
20230420:2311,0.0,0.0,0.0,3.3,1.52,0.0
20230421:0011,0.0,0.0,0.0,2.81,1.38,0.0
20230421:0111,0.0,0.0,0.0,2.46,1.38,0.0
20230421:0211,0.0,0.0,0.0,2.39,1.24,0.0
20230421:0311,0.0,0.0,0.0,2.53,1.17,0.0
20230421:0411,0.0,0.0,0.0,3.15,1.03,0.0
20230421:0511,0.0,0.0,0.0,3.62,0.9,0.0
20230421:0611,174.5,56.43,9.39,3.64,0.9,0.0
20230421:0711,552.55,145.43,17.43,3.75,0.76,0.0
20230421:0811,1382.45,338.56,25.31,6.45,1.38,0.0
20230421:0911,2849.6,713.54,32.55,8.23,1.93,0.0
20230421:1011,3388.55,870.46,38.6,9.8,2.41,0.0
20230421:1111,3806.6,1001.08,42.75,11.06,2.83,0.0
20230421:1211,3879.75,1026.05,44.38,12.04,3.1,0.0
20230421:1311,3760.45,987.69,43.17,12.71,3.31,0.0
20230421:1411,3436.3,885.66,39.36,13.02,3.52,0.0
20230421:1511,2858.15,718.44,33.55,12.99,3.66,0.0
20230421:1611,2045.25,507.67,26.45,12.53,3.72,0.0
20230421:1711,1099.7,291.64,18.64,11.63,3.59,0.0
20230421:1811,232.2,90.99,10.59,10.43,2.97,0.0
20230421:1911,0.0,3.5,2.71,8.84,2.55,0.0
20230421:2011,0.0,0.0,0.0,7.07,2.21,0.0
20230421:2111,0.0,0.0,0.0,5.7,1.93,0.0
20230421:2211,0.0,0.0,0.0,4.61,1.79,0.0
20230421:2311,0.0,0.0,0.0,3.37,1.59,0.0
20230422:0011,0.0,0.0,0.0,2.16,1.52,0.0
20230422:0111,0.0,0.0,0.0,1.79,1.45,0.0
20230422:0211,0.0,0.0,0.0,1.31,1.52,0.0
20230422:0311,0.0,0.0,0.0,0.7,1.66,0.0
20230422:0411,0.0,0.0,0.0,0.22,1.72,0.0
20230422:0511,0.0,0.87,1.88,-0.08,1.79,0.0
20230422:0611,62.2,25.96,9.7,0.81,1.72,0.0
20230422:0711,236.7,69.53,17.74,3.02,2.62,0.0
20230422:0811,323.4,89.93,25.62,3.86,3.03,0.0
20230422:0911,358.05,98.27,32.88,4.9,3.38,0.0
20230422:1011,344.55,95.49,38.93,5.83,3.66,0.0
20230422:1111,484.05,127.94,43.1,6.77,4.0,0.0
20230422:1211,834.25,208.6,44.72,7.69,4.28,0.0
20230422:1311,1132.7,277.45,43.5,8.31,4.69,0.0
20230422:1411,1080.95,265.45,39.66,8.5,4.83,0.0
20230422:1511,1497.6,361.44,33.83,8.56,4.69,0.0
20230422:1611,601.6,155.62,26.71,8.31,4.48,0.0
20230422:1711,656.35,170.67,18.89,7.78,4.21,0.0
20230422:1811,235.4,73.78,10.85,7.13,3.86,0.0
20230422:1911,2.8,7.0,2.97,5.86,3.52,0.0
20230422:2011,0.0,0.0,0.0,5.16,2.83,0.0
20230422:2111,0.0,0.0,0.0,4.8,2.41,0.0
20230422:2211,0.0,0.0,0.0,4.67,2.21,0.0
20230422:2311,0.0,0.0,0.0,4.39,2.07,0.0
20230423:0011,0.0,0.0,0.0,4.4,2.28,0.0
20230423:0111,0.0,0.0,0.0,4.2,2.07,0.0
20230423:0211,0.0,0.0,0.0,4.32,2.14,0.0
20230423:0311,0.0,0.0,0.0,4.26,2.0,0.0
20230423:0411,0.0,0.0,0.0,4.28,2.21,0.0
20230423:0511,0.0,0.87,2.19,4.08,2.0,0.0
20230423:0611,23.8,14.83,10.01,4.1,2.28,0.0
20230423:0711,330.85,91.9,18.05,4.49,4.0,0.0
20230423:0811,262.2,76.02,25.93,4.98,3.72,0.0
20230423:0911,317.25,89.0,33.2,5.39,3.59,0.0
20230423:1011,357.05,98.27,39.26,5.57,3.72,0.0
20230423:1111,385.5,104.76,43.43,5.53,4.0,0.0
20230423:1211,539.6,139.99,45.06,5.57,3.72,0.0
20230423:1311,917.45,225.63,43.82,5.7,4.28,0.0
20230423:1411,699.75,176.15,39.96,5.66,4.55,0.0
20230423:1511,657.7,166.48,34.11,5.51,4.55,0.0
20230423:1611,414.9,111.25,26.97,5.07,4.34,0.0
20230423:1711,299.15,84.37,19.15,4.32,4.62,0.0
20230423:1811,26.75,15.76,11.1,3.53,4.62,0.0
20230423:1911,0.0,2.62,3.23,3.02,4.14,0.0
20230423:2011,0.0,0.0,0.0,2.42,3.72,0.0
20230423:2111,0.0,0.0,0.0,1.91,3.66,0.0
20230423:2211,0.0,0.0,0.0,1.71,3.52,0.0
20230423:2311,0.0,0.0,0.0,1.36,3.17,0.0
20230424:0011,0.0,0.0,0.0,1.22,3.03,0.0
20230424:0111,0.0,0.0,0.0,1.1,2.9,0.0
20230424:0211,0.0,0.0,0.0,0.86,2.83,0.0
20230424:0311,0.0,0.0,0.0,0.94,2.83,0.0
20230424:0411,0.0,0.0,0.0,0.88,2.9,0.0
20230424:0511,0.0,1.75,2.5,0.67,2.62,0.0
20230424:0611,142.05,46.69,10.31,0.92,2.55,0.0
20230424:0711,274.4,77.88,18.35,1.63,3.17,0.0
20230424:0811,423.95,112.18,26.24,2.28,3.31,0.0
20230424:0911,1226.8,292.8,33.51,3.03,3.38,0.0
20230424:1011,1571.95,373.4,39.59,3.96,3.59,0.0
20230424:1111,897.2,220.35,43.77,4.58,3.66,0.0
20230424:1211,895.7,220.35,45.39,5.07,3.86,0.0
20230424:1311,1437.8,344.18,44.13,5.17,4.0,0.0
20230424:1411,2784.25,668.96,40.25,4.82,4.0,0.0
20230424:1511,687.35,172.96,34.38,4.93,3.93,0.0
20230424:1611,609.05,155.12,27.23,4.73,3.93,0.0
20230424:1711,792.65,200.76,19.4,4.21,3.79,0.0
20230424:1811,284.15,94.18,11.35,3.6,3.45,0.0
20230424:1911,0.0,3.5,3.49,2.84,2.62,0.0
20230424:2011,0.0,0.0,0.0,2.16,2.14,0.0
20230424:2111,0.0,0.0,0.0,1.44,2.0,0.0
20230424:2211,0.0,0.0,0.0,1.01,1.79,0.0
20230424:2311,0.0,0.0,0.0,0.17,1.66,0.0
20230425:0011,0.0,0.0,0.0,-0.9,1.59,0.0
20230425:0111,0.0,0.0,0.0,-1.67,1.52,0.0
20230425:0211,0.0,0.0,0.0,-1.67,1.45,0.0
20230425:0311,0.0,0.0,0.0,-1.83,1.45,0.0
20230425:0411,0.0,0.0,0.0,-2.15,1.45,0.0
20230425:0511,0.0,1.75,2.8,-2.33,1.52,0.0
20230425:0611,241.75,73.48,10.61,-1.44,1.38,0.0
20230425:0711,623.0,158.78,18.65,0.55,2.14,0.0
20230425:0811,971.85,234.97,26.54,1.55,2.34,0.0
20230425:0911,1609.2,381.05,33.82,2.4,2.48,0.0
20230425:1011,2279.55,544.66,39.91,3.28,2.55,0.0
20230425:1111,1657.9,396.21,44.1,4.13,2.69,0.0
20230425:1211,1543.4,370.47,45.72,4.91,2.83,0.0
20230425:1311,1540.05,370.34,44.45,5.12,2.62,0.0
20230425:1411,1151.6,280.01,40.54,5.36,2.55,0.0
20230425:1511,1349.05,325.48,34.65,5.63,2.62,0.0
20230425:1611,1121.35,272.8,27.49,5.36,2.69,0.0
20230425:1711,544.9,142.03,19.65,4.82,2.69,0.0
20230425:1811,178.05,56.1,11.6,4.12,2.34,0.0
20230425:1911,0.0,4.37,3.74,3.41,1.86,0.0
20230425:2011,0.0,0.0,0.0,2.37,1.52,0.0
20230425:2111,0.0,0.0,0.0,0.84,1.17,0.0
20230425:2211,0.0,0.0,0.0,1.29,0.83,0.0
20230425:2311,0.0,0.0,0.0,1.4,0.48,0.0
20230426:0011,0.0,0.0,0.0,1.01,0.34,0.0
20230426:0111,0.0,0.0,0.0,0.7,0.28,0.0
20230426:0211,0.0,0.0,0.0,0.34,0.28,0.0
20230426:0311,0.0,0.0,0.0,0.0,0.34,0.0
20230426:0411,0.0,0.0,0.0,-0.3,0.34,0.0
20230426:0511,0.0,1.75,3.1,-0.75,0.34,0.0
20230426:0611,256.4,80.03,10.9,-0.71,0.28,0.0
20230426:0711,960.95,246.35,18.95,0.62,0.21,0.0
20230426:0811,2079.75,504.91,26.84,1.97,0.76,0.0
20230426:0911,2887.3,713.26,34.13,2.98,1.1,0.0
20230426:1011,3324.55,849.51,40.23,4.05,0.9,0.0
20230426:1111,3336.1,859.77,44.42,4.91,0.9,0.0
20230426:1211,3463.4,902.55,46.04,5.61,0.97,0.0
20230426:1311,3648.1,963.5,44.76,6.06,0.97,0.0
20230426:1411,3355.75,864.46,40.83,6.16,1.17,0.0
20230426:1511,2851.5,714.15,34.92,6.21,1.24,0.0
20230426:1611,1111.35,272.75,27.74,6.19,1.66,0.0
20230426:1711,557.45,145.74,19.89,5.87,2.14,0.0
20230426:1811,257.6,77.28,11.85,5.03,2.62,0.0
20230426:1911,4.8,7.87,4.0,3.96,2.69,0.0
20230426:2011,0.0,0.0,0.0,3.03,2.21,0.0
20230426:2111,0.0,0.0,0.0,2.2,2.07,0.0
20230426:2211,0.0,0.0,0.0,1.72,1.86,0.0
20230426:2311,0.0,0.0,0.0,1.25,1.72,0.0
20230427:0011,0.0,0.0,0.0,1.06,1.66,0.0
20230427:0111,0.0,0.0,0.0,1.11,1.45,0.0
20230427:0211,0.0,0.0,0.0,0.94,1.31,0.0
20230427:0311,0.0,0.0,0.0,0.76,1.24,0.0
20230427:0411,0.0,0.0,0.0,0.68,1.17,0.0
20230427:0511,0.0,2.62,3.4,0.66,1.03,0.0
20230427:0611,52.0,23.18,11.19,1.5,0.9,0.0
20230427:0711,193.65,59.33,19.24,2.59,0.69,0.0
20230427:0811,387.3,104.76,27.14,3.54,1.1,0.0
20230427:0911,760.6,190.61,34.43,4.9,1.59,0.0
20230427:1011,557.05,144.63,40.54,6.02,2.28,0.0
20230427:1111,560.75,145.56,44.74,6.23,2.41,0.0
20230427:1211,629.45,161.32,46.36,6.31,2.48,0.0
20230427:1311,862.25,214.75,45.07,6.45,2.62,0.0
20230427:1411,692.95,176.15,41.12,6.56,2.28,0.0
20230427:1511,631.75,162.24,35.19,6.77,2.28,0.0
20230427:1611,287.0,82.51,27.99,6.58,1.79,0.0
20230427:1711,310.95,88.08,20.14,6.38,1.79,0.0
20230427:1811,101.65,37.08,12.09,6.19,1.52,0.0
20230427:1911,0.0,4.37,4.25,6.16,0.97,0.0
20230427:2011,0.0,0.0,0.0,5.71,1.1,0.0
20230427:2111,0.0,0.0,0.0,5.29,1.1,0.0
20230427:2211,0.0,0.0,0.0,5.06,0.97,0.0
20230427:2311,0.0,0.0,0.0,4.93,0.83,0.0
20230428:0011,0.0,0.0,0.0,4.92,0.83,0.0
20230428:0111,0.0,0.0,0.0,4.9,0.76,0.0
20230428:0211,0.0,0.0,0.0,4.9,0.76,0.0
20230428:0311,0.0,0.0,0.0,4.89,0.83,0.0
20230428:0411,0.0,0.0,0.0,4.89,0.83,0.0
20230428:0511,4.75,7.87,3.69,4.95,0.9,0.0
20230428:0611,220.55,67.82,11.48,5.18,0.9,0.0
20230428:0711,936.2,245.09,19.52,6.17,0.69,0.0
20230428:0811,1852.0,458.85,27.43,7.17,0.69,0.0
20230428:0911,1229.5,304.24,34.73,8.33,0.9,0.0
20230428:1011,1081.75,269.94,40.85,9.3,1.45,0.0
20230428:1111,1068.3,268.19,45.06,10.39,1.52,0.0
20230428:1211,725.65,187.28,46.68,10.81,1.93,0.0
20230428:1311,457.4,124.23,45.37,10.81,2.28,0.0
20230428:1411,296.7,86.22,41.4,10.98,2.69,0.0
20230428:1511,406.8,112.18,35.45,10.64,2.69,0.0
20230428:1611,274.8,80.66,28.24,10.09,3.03,0.0
20230428:1711,176.65,56.55,20.38,9.15,3.31,0.0
20230428:1811,76.55,30.59,12.33,7.97,3.24,0.0
20230428:1911,0.0,5.25,4.5,7.1,2.69,0.0
20230428:2011,0.0,0.0,0.0,6.29,2.69,0.0
20230428:2111,0.0,0.0,0.0,5.55,2.41,0.0
20230428:2211,0.0,0.0,0.0,5.0,2.34,0.0
20230428:2311,0.0,0.0,0.0,4.43,2.21,0.0
20230429:0011,0.0,0.0,0.0,3.97,2.21,0.0
20230429:0111,0.0,0.0,0.0,3.74,2.28,0.0
20230429:0211,0.0,0.0,0.0,3.33,2.34,0.0
20230429:0311,0.0,0.0,0.0,2.93,2.14,0.0
20230429:0411,0.0,0.0,0.0,2.63,2.14,0.0
20230429:0511,0.0,3.5,3.98,2.31,1.93,0.0
20230429:0611,160.15,51.35,11.76,2.26,2.0,0.0
20230429:0711,390.0,104.89,19.8,2.47,2.34,0.0
20230429:0811,495.55,128.87,27.71,2.95,2.34,0.0
20230429:0911,778.95,193.34,35.02,3.64,2.28,0.0
20230429:1011,569.75,146.48,41.15,4.33,2.28,0.0
20230429:1111,774.9,193.77,45.38,5.01,2.14,0.0
20230429:1211,831.9,207.67,46.99,5.73,1.86,0.0
20230429:1311,935.2,232.02,45.67,6.11,1.66,0.0
20230429:1411,598.35,154.83,41.68,6.73,1.52,0.0
20230429:1511,768.45,194.29,35.71,6.86,1.24,0.0
20230429:1611,591.3,153.68,28.49,7.23,1.1,0.0
20230429:1711,289.5,83.44,20.62,7.4,1.24,0.0
20230429:1811,261.3,78.6,12.57,7.31,1.38,0.0
20230429:1911,6.65,8.74,4.75,7.45,1.45,0.0
20230429:2011,0.0,0.0,0.0,6.44,1.66,0.0
20230429:2111,0.0,0.0,0.0,5.73,1.38,0.0
20230429:2211,0.0,0.0,0.0,5.34,1.03,0.0
20230429:2311,0.0,0.0,0.0,4.79,0.97,0.0
20230430:0011,0.0,0.0,0.0,4.49,0.97,0.0
20230430:0111,0.0,0.0,0.0,4.39,0.97,0.0
20230430:0211,0.0,0.0,0.0,4.28,0.97,0.0
20230430:0311,0.0,0.0,0.0,4.53,0.97,0.0
20230430:0411,0.0,0.0,0.0,4.7,1.1,0.0
20230430:0511,0.0,2.62,4.26,4.78,1.03,0.0
20230430:0611,153.3,50.06,12.04,5.31,1.03,0.0
20230430:0711,171.55,54.7,20.08,5.99,1.17,0.0
20230430:0811,428.75,115.89,27.99,7.0,1.17,0.0
20230430:0911,797.35,202.14,35.31,8.18,1.24,0.0
20230430:1011,754.7,193.36,41.45,9.69,1.52,0.0
20230430:1111,943.65,238.15,45.68,10.22,1.79,0.0
20230430:1211,1204.45,300.09,47.3,11.1,2.69,0.0
20230430:1311,708.85,183.57,45.96,11.56,2.62,0.0
20230430:1411,740.4,190.98,41.96,11.68,2.83,0.0
20230430:1511,467.7,127.01,35.97,11.79,3.03,0.0
20230430:1611,1348.45,334.25,28.73,11.59,3.17,0.0
20230430:1711,799.65,208.7,20.86,11.01,2.76,0.0
20230430:1811,183.55,58.86,12.81,10.69,2.83,0.0
20230430:1911,0.0,5.25,4.99,10.3,2.41,0.0
20230430:2011,0.0,0.0,0.0,9.63,2.34,0.0
20230430:2111,0.0,0.0,0.0,9.27,2.41,0.0
20230430:2211,0.0,0.0,0.0,9.13,2.62,0.0
20230430:2311,0.0,0.0,0.0,8.89,2.69,0.0
20230501:0011,0.0,0.0,0.0,8.67,2.69,0.0
20230501:0111,0.0,0.0,0.0,8.54,2.83,0.0
20230501:0211,0.0,0.0,0.0,8.52,2.83,0.0
20230501:0311,0.0,0.0,0.0,8.49,2.76,0.0
20230501:0411,0.0,0.0,0.0,8.55,2.9,0.0
20230501:0511,0.95,6.12,4.53,8.16,2.83,0.0
20230501:0611,130.05,44.5,12.31,7.08,3.03,0.0
20230501:0711,311.25,88.08,20.35,6.63,3.31,0.0
20230501:0811,506.25,132.58,28.26,5.75,3.38,0.0
20230501:0911,902.9,222.58,35.59,5.57,3.24,0.0
20230501:1011,449.35,119.6,41.75,5.69,3.17,0.0
20230501:1111,1002.75,246.49,45.99,6.2,3.1,0.0
20230501:1211,1319.35,320.19,47.6,6.36,2.97,0.0
20230501:1311,755.55,190.06,46.26,6.32,2.83,0.0
20230501:1411,1327.35,321.59,42.23,6.12,2.76,0.0
20230501:1511,1630.75,392.06,36.22,5.98,2.76,0.0
20230501:1611,1077.8,263.4,28.98,5.87,2.69,0.0
20230501:1711,453.5,120.87,21.09,5.59,2.62,0.0
20230501:1811,232.8,69.93,13.05,5.26,2.41,0.0
20230501:1911,2.8,7.0,5.23,5.2,2.0,0.0
20230501:2011,0.0,0.0,0.0,4.78,1.72,0.0
20230501:2111,0.0,0.0,0.0,4.37,1.59,0.0
20230501:2211,0.0,0.0,0.0,3.74,1.38,0.0
20230501:2311,0.0,0.0,0.0,2.92,0.97,0.0
20230502:0011,0.0,0.0,0.0,3.43,0.55,0.0
20230502:0111,0.0,0.0,0.0,3.05,0.14,0.0
20230502:0211,0.0,0.0,0.0,2.61,0.07,0.0
20230502:0311,0.0,0.0,0.0,2.28,0.21,0.0
20230502:0411,0.0,0.0,0.0,2.09,0.34,0.0
20230502:0511,0.0,3.5,4.81,2.02,0.41,0.0
20230502:0611,148.0,48.21,12.58,2.24,0.28,0.0
20230502:0711,0.0,0.0,0.0,3.49,0.83,0.0
20230502:0811,1167.8,284.93,28.53,4.58,1.1,0.0
20230502:0911,1437.85,349.26,35.87,5.41,1.1,0.0
20230502:1011,1847.05,451.36,42.04,6.46,1.17,0.0
20230502:1111,3528.45,932.84,46.29,7.51,0.97,0.0
20230502:1211,3358.6,886.69,47.91,8.55,0.9,0.0
20230502:1311,3339.25,880.0,46.55,9.42,1.1,0.0
20230502:1411,2806.55,722.85,42.5,10.04,0.9,0.0
20230502:1511,2364.55,602.48,36.47,10.43,0.41,0.0
20230502:1611,1749.25,439.91,29.21,10.41,0.41,0.0
20230502:1711,1123.05,294.78,21.33,10.04,1.1,0.0
20230502:1811,305.95,91.22,13.28,9.41,1.38,0.0
20230502:1911,18.05,13.12,5.47,8.81,1.45,0.0
20230502:2011,0.0,0.0,0.0,7.85,1.45,0.0
20230502:2111,0.0,0.0,0.0,6.71,1.24,0.0
20230502:2211,0.0,0.0,0.0,5.7,1.1,0.0
20230502:2311,0.0,0.0,0.0,4.71,0.97,0.0
20230503:0011,0.0,0.0,0.0,5.18,0.34,0.0
20230503:0111,0.0,0.0,0.0,4.78,0.07,0.0
20230503:0211,0.0,0.0,0.0,4.48,0.07,0.0
20230503:0311,0.0,0.0,0.0,4.34,0.41,0.0
20230503:0411,0.0,0.0,0.0,4.22,0.48,0.0
20230503:0511,4.8,7.87,5.07,4.2,0.55,0.0
20230503:0611,184.65,57.85,12.84,4.54,0.48,0.0
20230503:0711,631.1,164.32,20.88,6.14,0.62,0.0
20230503:0811,1291.85,320.54,28.8,7.99,0.48,0.0
20230503:0911,2004.1,501.3,36.15,9.76,0.62,0.0
20230503:1011,1950.0,489.56,42.32,11.06,0.9,0.0
20230503:1111,1573.7,395.81,46.58,12.27,1.03,0.0
20230503:1211,1555.55,392.68,48.2,12.92,1.03,0.0
20230503:1311,1102.35,280.57,46.83,13.0,0.97,0.0
20230503:1411,764.8,198.91,42.77,12.86,0.97,0.0
20230503:1511,683.9,179.37,36.72,12.14,0.41,0.0
20230503:1611,507.75,137.21,29.45,11.85,0.55,0.0
20230503:1711,434.4,119.8,21.56,11.54,0.62,0.0
20230503:1811,105.9,38.94,13.51,11.18,0.83,0.0
20230503:1911,4.45,7.87,5.71,10.77,1.24,0.0
20230503:2011,0.0,0.0,0.0,9.89,1.24,0.0
20230503:2111,0.0,0.0,0.0,9.0,0.97,0.0
20230503:2211,0.0,0.0,0.0,8.41,0.76,0.0
20230503:2311,0.0,0.0,0.0,8.09,0.62,0.0
20230504:0011,0.0,0.0,0.0,7.8,0.55,0.0
20230504:0111,0.0,0.0,0.0,7.6,0.48,0.0
20230504:0211,0.0,0.0,0.0,7.36,0.48,0.0
20230504:0311,0.0,0.0,0.0,6.47,0.83,0.0
20230504:0411,0.0,0.0,0.0,6.07,1.03,0.0
20230504:0511,8.95,9.62,5.34,5.48,1.17,0.0
20230504:0611,298.6,88.56,13.1,6.37,1.24,0.0
20230504:0711,588.65,154.58,21.13,7.92,1.79,0.0
20230504:0811,1141.8,281.05,29.06,8.38,3.1,0.0
20230504:0911,1592.85,386.68,36.41,9.0,3.66,0.0
20230504:1011,2410.55,589.2,42.6,9.65,3.93,0.0
20230504:1111,3753.75,958.45,46.87,10.57,4.28,0.0
20230504:1211,3880.1,995.12,48.49,11.1,4.62,0.0
20230504:1311,3456.05,870.63,47.11,11.13,4.76,0.0
20230504:1411,3491.05,877.16,43.03,10.85,4.69,0.0
20230504:1511,2980.4,735.62,36.97,10.59,4.55,0.0
20230504:1611,1631.65,398.02,29.68,10.01,4.21,0.0
20230504:1711,748.4,193.01,21.78,9.34,4.0,0.0
20230504:1811,288.05,84.98,13.74,8.49,3.93,0.0
20230504:1911,18.25,13.12,5.95,7.56,3.31,0.0
20230504:2011,0.0,0.0,0.0,6.49,3.31,0.0
20230504:2111,0.0,0.0,0.0,5.68,3.24,0.0
20230504:2211,0.0,0.0,0.0,5.17,3.17,0.0
20230504:2311,0.0,0.0,0.0,4.95,2.83,0.0
20230505:0011,0.0,0.0,0.0,4.83,2.48,0.0
20230505:0111,0.0,0.0,0.0,4.71,2.28,0.0
20230505:0211,0.0,0.0,0.0,4.49,2.28,0.0
20230505:0311,0.0,0.0,0.0,4.68,2.34,0.0
20230505:0411,0.0,0.0,0.0,4.86,2.41,0.0
20230505:0511,21.1,13.99,5.59,5.15,2.55,0.0
20230505:0611,276.45,81.26,13.35,5.77,2.14,0.0
20230505:0711,657.75,169.61,21.38,6.74,3.52,0.0
20230505:0811,1337.65,324.82,29.31,7.79,4.21,0.0
20230505:0911,628.6,162.24,36.68,8.88,4.55,0.0
20230505:1011,653.9,168.73,42.88,9.82,4.55,0.0
20230505:1111,1523.9,372.97,47.16,10.83,4.62,0.0
20230505:1211,1566.15,384.33,48.78,11.33,4.48,0.0
20230505:1311,1540.4,378.91,47.39,11.65,4.28,0.0
20230505:1411,579.0,152.97,43.29,11.94,3.93,0.0
20230505:1511,1713.4,421.9,37.21,12.03,3.52,0.0
20230505:1611,1858.4,461.18,29.92,12.13,3.03,0.0
20230505:1711,1116.75,293.29,22.01,12.3,2.62,0.0
20230505:1811,318.0,116.53,13.97,12.18,2.07,0.0
20230505:1911,68.95,28.86,6.18,11.22,2.34,0.0
20230505:2011,0.0,0.0,0.0,9.91,1.86,0.0
20230505:2111,0.0,0.0,0.0,8.89,1.38,0.0
20230505:2211,0.0,0.0,0.0,7.77,1.1,0.0
20230505:2311,0.0,0.0,0.0,7.0,0.97,0.0
20230506:0011,0.0,0.0,0.0,6.74,0.83,0.0
20230506:0111,0.0,0.0,0.0,6.16,0.83,0.0
20230506:0211,0.0,0.0,0.0,5.96,0.83,0.0
20230506:0311,0.0,0.0,0.0,5.86,0.76,0.0
20230506:0411,0.0,0.0,0.0,5.75,0.83,0.0
20230506:0511,64.55,27.11,5.84,5.96,0.83,0.0
20230506:0611,336.8,103.71,13.59,6.89,1.31,0.0
20230506:0711,843.75,218.03,21.63,7.87,1.17,0.0
20230506:0811,895.7,226.74,29.56,9.86,1.31,0.0
20230506:0911,1460.0,362.15,36.94,11.57,2.28,0.0
20230506:1011,460.05,126.09,43.15,13.25,2.55,0.0
20230506:1111,2098.45,530.63,47.44,14.23,2.21,0.0
20230506:1211,1722.15,435.1,49.06,15.09,2.34,0.0
20230506:1311,749.5,196.55,47.66,15.57,2.69,0.0
20230506:1411,1742.1,439.1,43.55,15.84,2.97,0.0
20230506:1511,2034.25,512.35,37.45,15.6,2.97,0.0
20230506:1611,896.6,230.78,30.14,14.91,2.83,0.0
20230506:1711,201.15,63.97,22.23,14.52,2.34,0.0
20230506:1811,199.25,63.48,14.19,13.56,2.0,0.0
20230506:1911,8.4,9.62,6.41,12.71,2.34,0.0
20230506:2011,0.0,0.0,0.0,11.94,1.79,0.0
20230506:2111,0.0,0.0,0.0,11.17,1.59,0.0
20230506:2211,0.0,0.0,0.0,10.3,1.45,0.0
20230506:2311,0.0,0.0,0.0,9.11,1.17,0.0
20230507:0011,0.0,0.0,0.0,8.92,0.97,0.0
20230507:0111,0.0,0.0,0.0,8.9,0.9,0.0
20230507:0211,0.0,0.0,0.0,8.79,0.9,0.0
20230507:0311,0.0,0.0,0.0,8.36,1.03,0.0
20230507:0411,0.0,0.0,0.0,8.18,1.03,0.0
20230507:0511,73.15,29.73,6.09,8.32,0.97,0.0
20230507:0611,337.85,108.14,13.84,9.49,0.9,0.0
20230507:0711,866.15,226.1,21.87,10.44,1.45,0.0
20230507:0811,1513.2,375.89,29.81,11.46,2.41,0.0
20230507:0911,2567.85,642.48,37.19,12.49,3.1,0.0
20230507:1011,3034.55,777.21,43.41,13.34,2.97,0.0
20230507:1111,2029.55,508.93,47.71,14.2,3.03,0.0
20230507:1211,506.75,138.14,49.34,15.14,3.03,0.0
20230507:1311,385.65,109.4,47.93,15.62,3.03,0.0
20230507:1411,644.4,171.51,43.8,15.97,3.1,0.0
20230507:1511,1609.6,405.39,37.69,16.29,3.24,0.0
20230507:1611,899.3,232.46,30.37,16.19,3.24,0.0
20230507:1711,1063.7,282.35,22.45,15.79,3.1,0.0
20230507:1811,363.45,114.97,14.41,15.2,2.69,0.0
20230507:1911,55.6,25.36,6.64,14.68,2.62,0.0
20230507:2011,0.0,0.0,0.0,13.3,2.62,0.0
20230507:2111,0.0,0.0,0.0,12.24,2.69,0.0
20230507:2211,0.0,0.0,0.0,11.73,2.76,0.0
20230507:2311,0.0,0.0,0.0,11.37,2.76,0.0
20230508:0011,0.0,0.0,0.0,11.26,3.03,0.0
20230508:0111,0.0,0.0,0.0,10.96,3.03,0.0
20230508:0211,0.0,0.0,0.0,10.53,2.97,0.0
20230508:0311,0.0,0.0,0.0,10.09,3.1,0.0
20230508:0411,0.0,0.0,0.0,9.89,3.03,0.0
20230508:0511,0.0,5.25,6.33,9.89,3.52,0.0
20230508:0611,120.95,42.65,14.07,10.08,3.72,0.0
20230508:0711,560.35,148.49,22.1,10.49,3.86,0.0
20230508:0811,667.2,172.88,30.05,10.9,3.52,0.0
20230508:0911,512.7,137.21,37.43,11.58,4.14,0.0
20230508:1011,622.45,163.17,43.67,11.95,3.79,0.0
20230508:1111,907.3,230.44,47.99,12.25,3.45,0.0
20230508:1211,867.9,221.58,49.61,12.56,3.31,0.0
20230508:1311,748.55,193.77,48.2,13.13,3.59,0.0
20230508:1411,1427.15,355.08,44.05,13.27,3.66,0.0
20230508:1511,1496.7,371.41,37.92,13.18,3.52,0.0
20230508:1611,1554.05,386.81,30.59,13.6,3.66,0.0
20230508:1711,824.2,215.8,22.67,13.23,2.83,0.0
20230508:1811,368.35,112.33,14.63,12.99,2.62,0.0
20230508:1911,0.0,5.25,6.86,13.29,2.28,0.0
20230508:2011,0.0,0.0,0.0,12.3,2.07,0.0
20230508:2111,0.0,0.0,0.0,11.41,1.86,0.0
20230508:2211,0.0,0.0,0.0,10.87,1.66,0.0
20230508:2311,0.0,0.0,0.0,10.43,1.66,0.0
20230509:0011,0.0,0.0,0.0,10.33,1.59,0.0
20230509:0111,0.0,0.0,0.0,10.33,1.59,0.0
20230509:0211,0.0,0.0,0.0,10.32,1.59,0.0
20230509:0311,0.0,0.0,0.0,10.2,1.66,0.0
20230509:0411,0.0,0.0,0.0,10.05,1.72,0.0
20230509:0511,78.9,31.48,6.57,9.86,1.79,0.0
20230509:0611,312.6,112.97,14.3,9.83,1.86,0.0
20230509:0711,1193.4,314.74,22.33,9.88,2.07,0.0
20230509:0811,1848.95,456.84,30.28,10.23,2.48,0.0
20230509:0911,1527.9,376.89,37.68,10.94,2.62,0.0
20230509:1011,1338.45,333.57,43.92,12.1,2.62,0.0
20230509:1111,1456.5,364.42,48.25,13.28,2.69,0.0
20230509:1211,2928.8,752.53,49.88,13.51,2.76,0.0
20230509:1311,2060.45,517.38,48.46,13.74,2.69,0.0
20230509:1411,1390.75,348.47,44.29,13.77,2.9,0.0
20230509:1511,2764.0,702.57,38.15,13.8,2.83,0.0
20230509:1611,1767.4,444.51,30.81,14.02,2.34,0.0
20230509:1711,1002.3,263.38,22.89,13.51,1.72,0.0
20230509:1811,356.5,124.62,14.85,13.12,1.24,0.0
20230509:1911,12.85,11.37,7.08,12.49,0.28,0.0
20230509:2011,0.0,0.0,0.0,11.89,0.34,0.0
20230509:2111,0.0,0.0,0.0,11.24,0.34,0.0
20230509:2211,0.0,0.0,0.0,10.79,0.28,0.0
20230509:2311,0.0,0.0,0.0,10.14,0.48,0.0
20230510:0011,0.0,0.0,0.0,9.59,0.62,0.0
20230510:0111,0.0,0.0,0.0,9.03,0.69,0.0
20230510:0211,0.0,0.0,0.0,8.47,0.69,0.0
20230510:0311,0.0,0.0,0.0,7.96,0.69,0.0
20230510:0411,0.0,0.0,0.0,7.53,0.76,0.0
20230510:0511,1.0,6.12,6.8,7.0,0.83,0.0
20230510:0611,228.1,68.98,14.53,7.18,0.62,0.0
20230510:0711,706.9,184.67,22.56,9.56,0.69,0.0
20230510:0811,1537.55,383.29,30.51,10.96,1.52,0.0
20230510:0911,853.55,218.04,37.91,12.1,2.55,0.0
20230510:1011,1030.65,261.17,44.17,12.87,2.41,0.0
20230510:1111,1880.55,472.53,48.51,13.54,2.21,0.0
20230510:1211,1232.35,311.68,50.15,13.81,2.14,0.0
20230510:1311,660.35,174.3,48.71,14.2,2.34,0.0
20230510:1411,346.15,99.2,44.53,13.91,2.62,0.0
20230510:1511,373.25,105.69,38.38,13.72,2.21,0.0
20230510:1611,158.3,52.85,31.03,13.09,1.72,0.0
20230510:1711,616.95,163.59,23.1,12.15,1.93,0.0
20230510:1811,394.6,122.94,15.06,11.57,1.17,0.0
20230510:1911,87.85,34.1,7.3,11.32,1.38,0.0
20230510:2011,0.0,0.0,0.0,10.67,1.31,0.0
20230510:2111,0.0,0.0,0.0,9.16,1.45,0.0
20230510:2211,0.0,0.0,0.0,8.01,1.38,0.0
20230510:2311,0.0,0.0,0.0,7.65,1.24,0.0
20230511:0011,0.0,0.0,0.0,7.72,1.03,0.0
20230511:0111,0.0,0.0,0.0,7.71,0.97,0.0
20230511:0211,0.0,0.0,0.0,7.94,0.83,0.0
20230511:0311,0.0,0.0,0.0,7.68,0.55,0.0
20230511:0411,0.0,0.0,0.0,7.46,0.28,0.0
20230511:0511,106.3,38.48,7.03,7.17,0.14,0.0
20230511:0611,376.45,110.15,14.75,7.72,0.34,0.0
20230511:0711,741.95,191.93,22.78,8.85,1.72,0.0
20230511:0811,891.8,224.59,30.73,9.32,2.14,0.0
20230511:0911,856.25,216.68,38.14,10.0,2.55,0.0
20230511:1011,526.05,139.99,44.41,10.52,2.9,0.0
20230511:1111,745.1,190.98,48.76,10.56,3.17,0.0
20230511:1211,785.35,200.25,50.41,10.58,3.45,0.0
20230511:1311,697.3,179.86,48.96,10.88,3.72,0.0
20230511:1411,578.05,152.05,44.77,10.86,3.93,0.0
20230511:1511,462.6,125.16,38.6,10.82,3.79,0.0
20230511:1611,439.45,119.6,31.24,10.42,3.45,0.0
20230511:1711,259.5,76.95,23.31,9.95,2.9,0.0
20230511:1811,56.15,25.03,15.27,9.44,2.41,0.0
20230511:1911,0.9,6.12,7.52,9.2,2.34,0.0
20230511:2011,0.0,0.0,0.0,8.57,2.07,0.0
20230511:2111,0.0,0.0,0.0,8.03,1.93,0.0
20230511:2211,0.0,0.0,0.0,7.68,1.72,0.0
20230511:2311,0.0,0.0,0.0,7.43,1.59,0.0
20230512:0011,0.0,0.0,0.0,7.22,1.45,0.0
20230512:0111,0.0,0.0,0.0,6.95,1.31,0.0
20230512:0211,0.0,0.0,0.0,6.5,1.31,0.0
20230512:0311,0.0,0.0,0.0,6.33,1.1,0.0
20230512:0411,0.0,0.0,0.0,6.1,0.97,0.0
20230512:0511,20.95,13.99,7.24,6.01,1.03,0.0
20230512:0611,333.35,95.35,14.96,6.09,0.97,0.0
20230512:0711,668.25,173.25,22.99,7.5,0.76,0.0
20230512:0811,904.85,228.72,30.94,8.55,0.28,0.0
20230512:0911,997.45,252.4,38.37,10.04,0.28,0.0
20230512:1011,869.6,223.43,44.65,11.4,0.21,0.0
20230512:1111,2342.85,608.2,49.01,12.64,0.21,0.0
20230512:1211,3539.55,1005.02,50.66,13.83,0.07,0.0
20230512:1311,3549.25,1017.23,49.21,14.79,0.0,0.0
20230512:1411,3260.7,910.63,45.0,15.4,0.07,0.0
20230512:1511,2803.65,757.18,38.82,15.91,0.14,0.0
20230512:1611,2109.85,547.79,31.45,15.65,0.76,0.0
20230512:1711,1228.7,331.23,23.51,15.19,0.69,0.0
20230512:1811,345.7,130.85,15.48,14.82,0.55,0.0
20230512:1911,115.3,41.97,7.73,14.49,0.41,0.0
20230512:2011,0.0,0.0,0.0,12.96,0.76,0.0
20230512:2111,0.0,0.0,0.0,11.95,0.69,0.0
20230512:2211,0.0,0.0,0.0,11.41,0.69,0.0
20230512:2311,0.0,0.0,0.0,9.99,0.97,0.0
20230513:0011,0.0,0.0,0.0,9.01,1.24,0.0
20230513:0111,0.0,0.0,0.0,8.52,1.31,0.0
20230513:0211,0.0,0.0,0.0,8.2,1.45,0.0
20230513:0311,0.0,0.0,0.0,8.36,1.52,0.0
20230513:0411,0.0,0.0,0.0,8.14,1.59,0.0
20230513:0511,54.5,24.48,7.46,8.46,1.79,0.0
20230513:0611,257.55,76.77,15.17,9.31,1.79,0.0
20230513:0711,693.6,180.53,23.2,9.8,1.86,0.0
20230513:0811,1595.25,397.09,31.15,11.06,1.79,0.0
20230513:0911,2864.45,736.87,38.59,12.62,1.79,0.0
20230513:1011,3243.0,860.47,44.88,14.19,1.72,0.0
20230513:1111,2948.1,777.17,49.26,15.55,1.86,0.0
20230513:1211,3763.5,1035.63,50.91,16.62,2.28,0.0
20230513:1311,3193.95,849.81,49.45,17.34,2.62,0.0
20230513:1411,3250.85,860.97,45.23,17.75,3.03,0.0
20230513:1511,2487.55,637.92,39.03,17.67,3.24,0.0
20230513:1611,1211.05,309.36,31.65,17.29,3.31,0.0
20230513:1711,811.25,214.84,23.72,16.56,2.97,0.0
20230513:1811,241.85,74.6,15.68,15.59,2.48,0.0
20230513:1911,49.65,23.61,7.94,14.98,2.07,0.0
20230513:2011,0.0,0.0,0.0,13.98,1.93,0.0
20230513:2111,0.0,0.0,0.0,12.94,1.86,0.0
20230513:2211,0.0,0.0,0.0,12.09,1.93,0.0
20230513:2311,0.0,0.0,0.0,11.44,2.0,0.0
20230514:0011,0.0,0.0,0.0,10.98,2.07,0.0
20230514:0111,0.0,0.0,0.0,10.83,2.07,0.0
20230514:0211,0.0,0.0,0.0,10.66,2.14,0.0
20230514:0311,0.0,0.0,0.0,10.31,2.14,0.0
20230514:0411,0.0,0.0,0.0,10.17,2.14,0.0
20230514:0511,2.6,7.0,7.67,10.25,2.21,0.0
20230514:0611,102.8,38.01,15.37,10.71,2.34,0.0
20230514:0711,705.65,184.08,23.4,11.24,2.9,0.0
20230514:0811,687.65,178.02,31.36,11.28,3.31,0.0
20230514:0911,580.7,152.97,38.8,11.01,3.17,0.0
20230514:1011,637.45,165.95,45.11,10.54,2.97,0.0
20230514:1111,972.2,243.89,49.5,10.13,2.9,0.0
20230514:1211,951.5,238.77,51.15,9.81,2.83,0.0
20230514:1311,1755.8,432.08,49.69,9.87,2.55,0.0
20230514:1411,754.65,192.84,45.46,9.88,2.76,0.0
20230514:1511,659.75,170.59,39.25,9.78,2.97,0.0
20230514:1611,772.2,196.47,31.86,9.8,3.31,0.0
20230514:1711,754.25,194.0,23.92,9.86,3.59,0.0
20230514:1811,365.1,104.09,15.88,9.46,3.52,0.0
20230514:1911,118.9,41.97,8.15,9.05,3.1,0.0
20230514:2011,0.0,0.0,0.0,8.07,2.83,0.0
20230514:2111,0.0,0.0,0.0,7.01,2.34,0.0
20230514:2211,0.0,0.0,0.0,6.38,2.21,0.0
20230514:2311,0.0,0.0,0.0,5.79,2.28,0.0
20230515:0011,0.0,0.0,0.0,5.32,2.14,0.0
20230515:0111,0.0,0.0,0.0,4.91,2.21,0.0
20230515:0211,0.0,0.0,0.0,4.84,2.28,0.0
20230515:0311,0.0,0.0,0.0,4.44,2.28,0.0
20230515:0411,0.0,0.0,0.0,4.16,2.34,0.0
20230515:0511,114.75,40.23,7.87,4.55,2.28,0.0
20230515:0611,399.8,112.43,15.57,5.46,3.38,0.0
20230515:0711,646.75,165.64,23.59,6.35,4.07,0.0
20230515:0811,646.2,165.48,31.56,7.54,4.0,0.0
20230515:0911,983.7,243.57,39.01,8.5,4.21,0.0
20230515:1011,3044.25,751.93,45.33,9.39,4.41,0.0
20230515:1111,2851.9,704.36,49.73,9.73,4.28,0.0
20230515:1211,2572.15,632.43,51.39,10.14,4.34,0.0
20230515:1311,3528.3,894.3,49.92,10.35,4.21,0.0
20230515:1411,2946.8,733.29,45.68,10.51,4.0,0.0
20230515:1511,2747.3,675.91,39.45,10.45,4.34,0.0
20230515:1611,1843.3,449.84,32.06,10.4,4.41,0.0
20230515:1711,843.2,215.26,24.11,9.88,4.14,0.0
20230515:1811,412.6,116.88,16.08,9.5,3.93,0.0
20230515:1911,115.55,41.1,8.35,9.09,3.79,0.0
20230515:2011,0.0,0.0,0.0,8.63,3.1,0.0
20230515:2111,0.0,0.0,0.0,7.75,2.9,0.0
20230515:2211,0.0,0.0,0.0,7.5,3.17,0.0
20230515:2311,0.0,0.0,0.0,7.41,3.45,0.0
20230516:0011,0.0,0.0,0.0,7.28,3.59,0.0
20230516:0111,0.0,0.0,0.0,7.1,3.52,0.0
20230516:0211,0.0,0.0,0.0,6.95,3.45,0.0
20230516:0311,0.0,0.0,0.0,6.87,3.45,0.0
20230516:0411,0.0,0.0,0.0,6.88,3.45,0.0
20230516:0511,23.45,14.87,8.07,7.09,3.45,0.0
20230516:0611,151.8,50.06,15.76,7.56,2.83,0.0
20230516:0711,547.25,143.52,23.78,8.05,4.0,0.0
20230516:0811,647.4,166.39,31.75,8.51,4.14,0.0
20230516:0911,490.65,130.72,39.21,9.1,4.0,0.0
20230516:1011,1448.95,354.36,45.54,9.62,3.79,0.0
20230516:1111,1345.2,330.98,49.95,10.13,3.72,0.0
20230516:1211,2277.95,560.63,51.62,10.67,3.86,0.0
20230516:1311,2624.8,652.08,50.15,11.12,3.79,0.0
20230516:1411,3062.1,769.14,45.89,11.21,3.79,0.0
20230516:1511,2639.9,655.6,39.66,11.4,3.59,0.0
20230516:1611,2077.1,513.05,32.25,11.01,3.24,0.0
20230516:1711,1130.15,289.85,24.31,10.55,2.97,0.0
20230516:1811,389.0,110.43,16.28,10.06,2.55,0.0
20230516:1911,48.05,22.74,8.55,10.09,2.14,0.0
20230516:2011,0.0,0.0,0.0,9.33,1.45,0.0
20230516:2111,0.0,0.0,0.0,8.06,0.76,0.0
20230516:2211,0.0,0.0,0.0,8.11,0.34,0.0
20230516:2311,0.0,0.0,0.0,7.77,0.41,0.0
20230517:0011,0.0,0.0,0.0,6.7,0.83,0.0
20230517:0111,0.0,0.0,0.0,5.62,1.31,0.0
20230517:0211,0.0,0.0,0.0,5.81,1.66,0.0
20230517:0311,0.0,0.0,0.0,6.49,1.79,0.0
20230517:0411,0.0,0.0,0.0,7.04,2.0,0.0
20230517:0511,123.2,42.85,8.26,7.51,2.14,0.0
20230517:0611,404.85,115.7,15.95,8.31,2.55,0.0
20230517:0711,1216.9,314.62,23.97,9.15,3.1,0.0
20230517:0811,2030.55,499.44,31.94,10.1,3.24,0.0
20230517:0911,2049.35,502.78,39.4,10.79,3.45,0.0
20230517:1011,2160.45,532.01,45.75,11.46,3.79,0.0
20230517:1111,2156.45,532.02,50.17,11.93,4.07,0.0
20230517:1211,1811.85,446.0,51.85,12.07,4.34,0.0
20230517:1311,1527.1,375.63,50.38,11.73,4.62,0.0
20230517:1411,871.2,220.16,46.11,11.37,5.1,0.0
20230517:1511,667.4,172.44,39.86,10.79,4.97,0.0
20230517:1611,341.3,96.42,32.45,10.32,4.28,0.0
20230517:1711,460.15,124.22,24.5,10.06,3.93,0.0
20230517:1811,272.4,80.16,16.47,9.88,3.66,0.0
20230517:1911,125.4,43.72,8.74,9.63,4.07,0.0
20230517:2011,0.0,0.87,1.68,9.2,4.14,0.0
20230517:2111,0.0,0.0,0.0,8.84,4.07,0.0
20230517:2211,0.0,0.0,0.0,8.61,4.07,0.0
20230517:2311,0.0,0.0,0.0,8.43,4.0,0.0
20230518:0011,0.0,0.0,0.0,8.19,3.86,0.0
20230518:0111,0.0,0.0,0.0,8.09,3.79,0.0
20230518:0211,0.0,0.0,0.0,7.99,3.66,0.0
20230518:0311,0.0,0.0,0.0,7.83,3.52,0.0
20230518:0411,0.0,0.0,0.0,7.96,3.38,0.0
20230518:0511,51.65,23.61,8.44,8.14,3.38,0.0
20230518:0611,262.05,77.33,16.13,8.64,3.17,0.0
20230518:0711,314.5,89.93,24.15,9.95,4.48,0.0
20230518:0811,1061.85,264.35,32.12,11.05,4.55,0.0
20230518:0911,1377.25,339.82,39.59,12.16,4.55,0.0
20230518:1011,824.35,210.88,45.95,12.86,4.55,0.0
20230518:1111,982.6,248.49,50.39,13.18,4.55,0.0
20230518:1211,1157.1,289.99,52.07,13.31,4.55,0.0
20230518:1311,969.45,245.7,50.59,13.52,4.62,0.0
20230518:1411,1004.2,253.47,46.31,13.26,4.69,0.0
20230518:1511,1204.55,300.14,40.06,12.9,4.48,0.0
20230518:1611,1204.8,300.08,32.64,12.62,4.34,0.0
20230518:1711,155.7,51.92,24.68,12.19,4.07,0.0
20230518:1811,196.55,62.12,16.66,11.98,3.86,0.0
20230518:1911,84.55,33.23,8.94,11.78,3.17,0.0
20230518:2011,0.0,0.87,1.88,11.43,3.1,0.0
20230518:2111,0.0,0.0,0.0,10.76,2.9,0.0
20230518:2211,0.0,0.0,0.0,10.01,2.9,0.0
20230518:2311,0.0,0.0,0.0,9.47,2.83,0.0
20230519:0011,0.0,0.0,0.0,9.0,2.83,0.0
20230519:0111,0.0,0.0,0.0,8.54,2.62,0.0
20230519:0211,0.0,0.0,0.0,8.52,2.62,0.0
20230519:0311,0.0,0.0,0.0,8.61,2.69,0.0
20230519:0411,0.0,0.87,1.63,8.37,2.34,0.0
20230519:0511,60.7,26.23,8.62,8.34,2.28,0.0
20230519:0611,364.15,130.53,16.3,8.77,2.83,0.0
20230519:0711,1122.05,288.4,24.32,9.85,2.97,0.0
20230519:0811,1581.1,389.77,32.29,10.8,3.1,0.0
20230519:0911,1928.15,476.29,39.77,11.64,2.97,0.0
20230519:1011,2228.2,558.7,46.14,12.89,2.62,0.0
20230519:1111,3373.8,889.59,50.6,14.16,2.55,0.0
20230519:1211,3186.4,837.72,52.29,15.19,2.62,0.0
20230519:1311,3051.55,798.41,50.81,15.71,2.69,0.0
20230519:1411,3391.65,898.86,46.52,16.05,2.76,0.0
20230519:1511,2752.8,707.49,40.25,15.82,2.83,0.0
20230519:1611,1307.85,331.07,32.82,15.52,2.9,0.0
20230519:1711,927.45,241.84,24.87,14.63,2.9,0.0
20230519:1811,460.8,138.28,16.84,14.01,2.9,0.0
20230519:1911,41.4,20.99,9.13,13.43,2.34,0.0
20230519:2011,0.0,1.75,2.07,12.29,2.21,0.0
20230519:2111,0.0,0.0,0.0,11.24,2.0,0.0
20230519:2211,0.0,0.0,0.0,10.71,1.86,0.0
20230519:2311,0.0,0.0,0.0,10.38,1.79,0.0
20230520:0011,0.0,0.0,0.0,10.06,1.79,0.0
20230520:0111,0.0,0.0,0.0,9.88,1.86,0.0
20230520:0211,0.0,0.0,0.0,9.6,1.93,0.0
20230520:0311,0.0,0.0,0.0,9.5,1.93,0.0
20230520:0411,0.0,0.87,1.81,9.46,1.86,0.0
20230520:0511,39.5,20.11,8.8,9.53,1.86,0.0
20230520:0611,240.2,72.31,16.47,9.74,1.86,0.0
20230520:0711,630.4,165.31,24.49,10.36,2.14,0.0
20230520:0811,760.2,195.23,32.46,11.02,2.34,0.0
20230520:0911,864.1,220.19,39.95,11.65,2.48,0.0
20230520:1011,512.95,138.14,46.33,12.73,3.24,0.0
20230520:1111,1598.65,397.46,50.8,13.21,3.59,0.0
20230520:1211,1278.35,320.41,52.5,13.76,3.79,0.0
20230520:1311,792.3,204.89,51.02,14.42,4.34,0.0
20230520:1411,434.7,120.52,46.72,14.78,4.34,0.0
20230520:1511,781.9,202.8,40.44,14.76,4.0,0.0
20230520:1611,303.65,89.0,33.01,14.28,3.45,0.0
20230520:1711,220.6,68.61,25.05,13.88,3.1,0.0
20230520:1811,36.6,19.47,17.02,13.22,2.76,0.0
20230520:1911,6.35,8.74,9.31,12.24,2.48,0.0
20230520:2011,0.0,0.87,2.26,11.74,2.28,0.0
20230520:2111,0.0,0.0,0.0,11.37,2.0,0.0
20230520:2211,0.0,0.0,0.0,11.16,1.66,0.0
20230520:2311,0.0,0.0,0.0,11.01,1.45,0.0
20230521:0011,0.0,0.0,0.0,10.9,1.31,0.0
20230521:0111,0.0,0.0,0.0,10.92,1.1,0.0
20230521:0211,0.0,0.0,0.0,10.87,1.03,0.0
20230521:0311,0.0,0.0,0.0,10.58,1.52,0.0
20230521:0411,0.0,0.87,1.98,9.96,1.79,0.0
20230521:0511,20.55,13.99,8.96,9.24,1.86,0.0
20230521:0611,253.85,75.48,16.63,8.72,2.0,0.0
20230521:0711,828.45,211.24,24.65,8.29,2.41,0.0
20230521:0811,1141.85,281.64,32.63,8.12,2.34,0.0
20230521:0911,1489.95,364.51,40.12,8.28,2.14,0.0
20230521:1011,2166.6,534.21,46.52,8.48,1.93,0.0
20230521:1111,1749.25,430.64,51.0,8.61,1.72,0.0
20230521:1211,1339.95,331.11,52.71,8.79,1.72,0.0
20230521:1311,1630.3,402.04,51.22,9.03,1.72,0.0
20230521:1411,851.75,215.5,46.91,9.12,1.72,0.0
20230521:1511,989.35,248.0,40.62,9.34,1.66,0.0
20230521:1611,603.35,157.81,33.18,9.53,1.59,0.0
20230521:1711,431.25,117.71,25.22,9.63,1.59,0.0
20230521:1811,190.75,60.26,17.2,9.74,1.45,0.0
20230521:1911,117.7,41.97,9.49,10.77,1.17,0.0
20230521:2011,0.0,0.87,2.45,10.45,1.24,0.0
20230521:2111,0.0,0.0,0.0,10.15,1.1,0.0
20230521:2211,0.0,0.0,0.0,9.96,0.9,0.0
20230521:2311,0.0,0.0,0.0,9.81,0.83,0.0
20230522:0011,0.0,0.0,0.0,9.69,1.03,0.0
20230522:0111,0.0,0.0,0.0,9.42,1.24,0.0
20230522:0211,0.0,0.0,0.0,9.16,1.52,0.0
20230522:0311,0.0,0.0,0.0,8.67,1.86,0.0
20230522:0411,0.0,0.87,2.15,7.95,1.79,0.0
20230522:0511,37.05,19.24,9.13,7.61,1.59,0.0
20230522:0611,445.65,137.11,16.79,7.8,1.66,0.0
20230522:0711,974.4,247.93,24.8,8.27,1.93,0.0
20230522:0811,1119.95,277.57,32.78,9.09,2.48,0.0
20230522:0911,1716.25,420.92,40.29,10.01,2.83,0.0
20230522:1011,1644.25,404.98,46.69,11.13,3.31,0.0
20230522:1111,2544.8,635.47,51.19,11.7,3.38,0.0
20230522:1211,1390.55,345.17,52.91,12.3,3.86,0.0
20230522:1311,1279.25,318.74,51.42,12.33,3.66,0.0
20230522:1411,1647.95,408.05,47.1,12.62,3.66,0.0
20230522:1511,1919.7,474.46,40.8,13.01,3.93,0.0
20230522:1611,1447.55,359.41,33.36,13.06,4.0,0.0
20230522:1711,1157.35,297.36,25.39,12.31,3.66,0.0
20230522:1811,441.1,124.34,17.37,11.5,3.24,0.0
20230522:1911,169.5,55.09,9.67,10.53,2.97,0.0
20230522:2011,0.0,1.75,2.64,9.75,2.55,0.0
20230522:2111,0.0,0.0,0.0,8.87,2.0,0.0
20230522:2211,0.0,0.0,0.0,8.04,1.79,0.0
20230522:2311,0.0,0.0,0.0,7.46,1.93,0.0
20230523:0011,0.0,0.0,0.0,7.39,2.07,0.0
20230523:0111,0.0,0.0,0.0,7.36,2.07,0.0
20230523:0211,0.0,0.0,0.0,7.11,2.14,0.0
20230523:0311,0.0,0.0,0.0,6.75,2.28,0.0
20230523:0411,0.0,0.87,2.32,6.58,2.48,0.0
20230523:0511,140.9,47.22,9.28,6.89,2.69,0.0
20230523:0611,286.8,82.89,16.94,7.73,3.38,0.0
20230523:0711,498.55,132.45,24.95,8.66,3.79,0.0
20230523:0811,1437.7,350.67,32.94,9.75,4.76,0.0
20230523:0911,1264.55,310.63,40.45,10.57,4.97,0.0
20230523:1011,756.1,192.84,46.86,10.46,4.62,0.0
20230523:1111,1236.55,305.13,51.37,10.45,4.34,0.0
20230523:1211,778.05,198.4,53.1,10.81,4.21,0.0
20230523:1311,570.1,150.19,51.61,10.96,4.21,0.0
20230523:1411,491.0,131.65,47.29,10.71,4.21,0.0
20230523:1511,896.9,225.73,40.98,10.62,4.28,0.0
20230523:1611,612.25,159.66,33.53,10.61,4.48,0.0
20230523:1711,498.0,133.43,25.56,10.88,4.41,0.0
20230523:1811,426.9,120.01,17.54,11.18,3.79,0.0
20230523:1911,8.55,9.62,9.85,11.26,4.21,0.0
20230523:2011,0.0,1.75,2.81,10.72,4.14,0.0
20230523:2111,0.0,0.0,0.0,9.67,4.0,0.0
20230523:2211,0.0,0.0,0.0,8.81,4.07,0.0
20230523:2311,0.0,0.0,0.0,8.17,4.0,0.0
20230524:0011,0.0,0.0,0.0,7.84,3.79,0.0
20230524:0111,0.0,0.0,0.0,7.59,3.66,0.0
20230524:0211,0.0,0.0,0.0,7.54,3.66,0.0
20230524:0311,0.0,0.0,0.0,7.38,3.38,0.0
20230524:0411,0.0,0.87,2.47,7.48,3.45,0.0
20230524:0511,11.0,10.49,9.43,8.08,3.59,0.0
20230524:0611,241.9,72.31,17.09,8.68,3.31,0.0
20230524:0711,453.1,122.31,25.09,9.49,3.79,0.0
20230524:0811,814.65,206.45,33.08,10.37,4.14,0.0
20230524:0911,1266.55,312.71,40.6,11.41,4.55,0.0
20230524:1011,2595.1,641.95,47.03,12.3,4.76,0.0
20230524:1111,3890.4,1008.46,51.55,12.77,4.55,0.0
20230524:1211,4009.7,1050.67,53.29,13.37,4.48,0.0
20230524:1311,3854.0,1006.69,51.8,13.65,4.28,0.0
20230524:1411,3588.8,925.9,47.47,13.56,4.14,0.0
20230524:1511,3032.6,765.62,41.15,13.43,4.0,0.0
20230524:1611,2238.3,558.08,33.7,13.26,3.72,0.0
20230524:1711,1355.2,353.12,25.73,12.91,3.45,0.0
20230524:1811,432.8,150.08,17.71,12.25,3.17,0.0
20230524:1911,130.7,45.47,10.02,11.7,2.76,0.0
20230524:2011,0.0,3.5,2.99,10.69,2.28,0.0
20230524:2111,0.0,0.0,0.0,9.35,1.93,0.0
20230524:2211,0.0,0.0,0.0,8.13,1.72,0.0
20230524:2311,0.0,0.0,0.0,6.88,1.66,0.0
20230525:0011,0.0,0.0,0.0,5.56,1.72,0.0
20230525:0111,0.0,0.0,0.0,4.72,1.79,0.0
20230525:0211,0.0,0.0,0.0,4.53,1.79,0.0
20230525:0311,0.0,0.0,0.0,4.07,1.79,0.0
20230525:0411,0.0,1.75,2.63,4.07,1.86,0.0
20230525:0511,181.35,56.84,9.58,4.93,1.79,0.0
20230525:0611,379.8,138.94,17.22,7.17,2.14,0.0
20230525:0711,1331.45,344.52,25.23,8.36,2.34,0.0
20230525:0811,2276.65,564.09,33.22,9.76,2.69,0.0
20230525:0911,3037.1,767.0,40.74,10.91,2.9,0.0
20230525:1011,3612.45,939.06,47.19,11.88,3.1,0.0
20230525:1111,3916.6,1038.02,51.72,12.77,3.31,0.0
20230525:1211,3998.0,1069.31,53.47,13.61,3.38,0.0
20230525:1311,3814.0,1012.75,51.98,14.16,3.38,0.0
20230525:1411,3578.25,937.39,47.64,14.43,3.45,0.0
20230525:1511,3022.15,772.94,41.32,14.45,3.38,0.0
20230525:1611,2264.65,570.69,33.86,14.31,3.17,0.0
20230525:1711,1335.85,349.54,25.89,13.93,2.97,0.0
20230525:1811,444.6,153.53,17.87,13.27,2.76,0.0
20230525:1911,150.35,50.72,10.18,12.66,2.34,0.0
20230525:2011,0.0,2.62,3.16,11.42,1.93,0.0
20230525:2111,0.0,0.0,0.0,10.03,1.59,0.0
20230525:2211,0.0,0.0,0.0,8.26,1.24,0.0
20230525:2311,0.0,0.0,0.0,7.44,1.17,0.0
20230526:0011,0.0,0.0,0.0,6.86,1.17,0.0
20230526:0111,0.0,0.0,0.0,6.26,1.17,0.0
20230526:0211,0.0,0.0,0.0,5.86,1.17,0.0
20230526:0311,0.0,0.0,0.0,5.22,1.24,0.0
20230526:0411,0.0,3.5,2.77,4.7,1.31,0.0
20230526:0511,149.4,48.97,9.71,4.67,1.31,0.0
20230526:0611,403.4,138.36,17.36,7.09,1.45,0.0
20230526:0711,1307.15,339.4,25.36,8.89,2.14,0.0
20230526:0811,1875.9,464.06,33.35,10.17,2.28,0.0
20230526:0911,2431.35,608.24,40.88,11.33,2.34,0.0
20230526:1011,2324.45,584.42,47.34,12.55,2.41,0.0
20230526:1111,2391.6,605.57,51.89,13.41,2.48,0.0
20230526:1211,2411.2,612.52,53.64,14.24,2.69,0.0
20230526:1311,1887.9,474.1,52.16,14.37,2.97,0.0
20230526:1411,1703.25,425.99,47.81,14.2,3.17,0.0
20230526:1511,1469.15,367.29,41.49,13.99,3.17,0.0
20230526:1611,1053.2,267.14,34.02,14.01,3.03,0.0
20230526:1711,450.8,124.19,26.05,13.89,2.97,0.0
20230526:1811,147.15,50.06,18.03,13.67,2.9,0.0
20230526:1911,65.05,27.98,10.34,13.46,2.41,0.0
20230526:2011,0.0,2.62,3.33,12.95,2.28,0.0
20230526:2111,0.0,0.0,0.0,12.34,2.14,0.0
20230526:2211,0.0,0.0,0.0,11.92,2.28,0.0
20230526:2311,0.0,0.0,0.0,11.37,2.41,0.0
20230527:0011,0.0,0.0,0.0,11.05,2.76,0.0
20230527:0111,0.0,0.0,0.0,10.61,2.97,0.0
20230527:0211,0.0,0.0,0.0,10.12,3.1,0.0
20230527:0311,0.0,0.0,0.0,9.6,3.31,0.0
20230527:0411,0.0,1.75,2.91,9.21,3.52,0.0
20230527:0511,63.5,27.11,9.84,9.2,3.66,0.0
20230527:0611,329.1,93.8,17.48,9.6,4.28,0.0
20230527:0711,736.5,189.4,25.48,10.29,4.48,0.0
20230527:0811,1309.3,321.87,33.48,11.1,5.31,0.0
20230527:0911,1344.25,330.61,41.02,11.9,5.66,0.0
20230527:1011,979.7,245.95,47.48,12.38,6.14,0.0
20230527:1111,1896.85,464.16,52.05,12.74,6.28,0.0
20230527:1211,1339.25,332.14,53.81,13.17,5.66,0.0
20230527:1311,1194.45,297.56,52.33,13.2,5.93,0.0
20230527:1411,897.7,227.54,47.98,12.85,5.72,0.0
20230527:1511,1759.05,432.69,41.65,12.79,4.69,0.0
20230527:1611,2043.85,503.5,34.18,12.51,4.62,0.0
20230527:1711,1370.55,351.76,26.2,11.31,4.55,0.0
20230527:1811,484.1,134.64,18.18,10.33,4.28,0.0
20230527:1911,195.35,61.21,10.5,9.42,3.86,0.0
20230527:2011,0.0,5.25,3.49,8.8,3.17,0.0
20230527:2111,0.0,0.0,0.0,8.35,2.76,0.0
20230527:2211,0.0,0.0,0.0,7.88,2.34,0.0
20230527:2311,0.0,0.0,0.0,7.56,2.28,0.0
20230528:0011,0.0,0.0,0.0,7.02,2.07,0.0
20230528:0111,0.0,0.0,0.0,6.59,1.93,0.0
20230528:0211,0.0,0.0,0.0,6.31,1.86,0.0
20230528:0311,0.0,0.0,0.0,5.89,1.72,0.0
20230528:0411,0.0,2.62,3.04,5.48,1.59,0.0
20230528:0511,155.6,50.72,9.97,5.74,1.31,0.0
20230528:0611,287.5,82.89,17.6,6.88,2.0,0.0
20230528:0711,820.1,207.99,25.6,7.24,2.0,0.0
20230528:0811,1297.35,318.65,33.6,7.75,1.93,0.0
20230528:0911,1549.15,380.01,41.14,8.25,1.72,0.0
20230528:1011,1735.5,427.61,47.62,9.03,1.79,0.0
20230528:1111,2400.25,601.13,52.2,9.8,1.86,0.0
20230528:1211,2197.35,550.83,53.98,10.63,1.72,0.0
20230528:1311,2548.2,648.82,52.5,11.52,1.66,0.0
20230528:1411,2514.6,640.07,48.14,12.16,1.72,0.0
20230528:1511,1764.05,441.01,41.8,12.4,1.86,0.0
20230528:1611,1482.05,371.3,34.33,12.57,1.86,0.0
20230528:1711,988.45,254.67,26.35,12.49,1.86,0.0
20230528:1811,505.95,159.23,18.33,12.08,1.59,0.0
20230528:1911,200.2,62.96,10.65,11.2,1.38,0.0
20230528:2011,0.9,6.12,3.65,10.48,1.24,0.0
20230528:2111,0.0,0.0,0.0,9.11,1.24,0.0
20230528:2211,0.0,0.0,0.0,7.97,0.97,0.0
20230528:2311,0.0,0.0,0.0,7.12,1.03,0.0
20230529:0011,0.0,0.0,0.0,6.44,1.1,0.0
20230529:0111,0.0,0.0,0.0,6.33,1.03,0.0
20230529:0211,0.0,0.0,0.0,5.9,1.03,0.0
20230529:0311,0.0,0.0,0.0,5.53,1.03,0.0
20230529:0411,0.0,4.37,3.17,4.91,1.1,0.0
20230529:0511,181.7,56.84,10.09,4.36,1.17,0.0
20230529:0611,429.55,143.01,17.72,6.4,0.9,0.0
20230529:0711,1328.4,345.18,25.71,8.31,1.38,0.0
20230529:0811,2235.7,558.13,33.71,9.53,1.72,0.0
20230529:0911,2967.25,758.09,41.26,10.74,1.86,0.0
20230529:1011,3443.4,910.7,47.75,12.05,1.79,0.0
20230529:1111,3842.3,1051.89,52.35,13.24,1.79,0.0
20230529:1211,3853.3,1068.4,54.13,14.33,1.66,0.0
20230529:1311,3682.65,1017.98,52.66,15.26,1.52,0.0
20230529:1411,3400.3,927.71,48.3,15.97,1.38,0.0
20230529:1511,2872.05,760.98,41.95,16.47,1.38,0.0
20230529:1611,2214.7,574.25,34.47,16.63,1.45,0.0
20230529:1711,1351.85,361.35,26.49,16.54,1.45,0.0
20230529:1811,466.55,159.8,18.48,16.21,1.38,0.0
20230529:1911,135.0,47.22,10.8,15.08,1.86,0.0
20230529:2011,2.5,7.0,3.8,13.78,1.79,0.0
20230529:2111,0.0,0.0,0.0,12.12,1.79,0.0
20230529:2211,0.0,0.0,0.0,10.69,1.66,0.0
20230529:2311,0.0,0.0,0.0,9.24,1.52,0.0
20230530:0011,0.0,0.0,0.0,7.96,1.38,0.0
20230530:0111,0.0,0.0,0.0,7.48,1.24,0.0
20230530:0211,0.0,0.0,0.0,7.55,1.1,0.0
20230530:0311,0.0,0.0,0.0,8.27,0.83,0.0
20230530:0411,0.0,1.75,3.29,7.05,0.41,0.0
20230530:0511,109.95,39.35,10.2,6.67,0.21,0.0
20230530:0611,437.6,121.7,17.82,8.02,0.21,0.0
20230530:0711,846.0,217.3,25.82,9.21,0.76,0.0
20230530:0811,1562.05,391.76,33.82,11.01,0.83,0.0
20230530:0911,2850.9,745.7,41.38,13.31,1.03,0.0
20230530:1011,3338.7,905.49,47.88,15.19,1.24,0.0
20230530:1111,3565.1,989.39,52.49,16.63,1.38,0.0
20230530:1211,3721.6,1057.37,54.29,17.99,1.31,0.0
20230530:1311,3529.1,995.91,52.81,18.98,1.24,0.0
20230530:1411,3248.85,901.3,48.45,19.72,1.24,0.0
20230530:1511,2696.75,724.8,42.1,20.18,1.31,0.0
20230530:1611,2056.95,540.42,34.62,20.19,1.52,0.0
20230530:1711,1255.35,337.43,26.64,19.77,2.0,0.0
20230530:1811,497.6,159.72,18.62,18.53,2.48,0.0
20230530:1911,194.95,62.96,10.95,16.66,2.41,0.0
20230530:2011,0.75,6.12,3.95,14.93,2.21,0.0
20230530:2111,0.0,0.0,0.0,13.08,2.07,0.0
20230530:2211,0.0,0.0,0.0,11.68,1.86,0.0
20230530:2311,0.0,0.0,0.0,10.63,1.72,0.0
20230531:0011,0.0,0.0,0.0,9.97,1.59,0.0
20230531:0111,0.0,0.0,0.0,9.6,1.31,0.0
20230531:0211,0.0,0.0,0.0,9.34,1.17,0.0
20230531:0311,0.0,0.0,0.0,9.42,0.9,0.0
20230531:0411,0.0,2.62,3.4,9.44,0.69,0.0
20230531:0511,48.2,22.74,10.31,9.39,0.34,0.0
20230531:0611,262.55,77.88,17.93,9.71,0.14,0.0
20230531:0711,478.75,129.71,25.92,10.5,0.34,0.0
20230531:0811,631.85,166.11,33.92,11.17,0.69,0.0
20230531:0911,785.55,203.33,41.49,12.1,0.83,0.0
20230531:1011,890.15,229.37,48.0,12.99,0.83,0.0
20230531:1111,2025.75,519.52,52.62,14.15,0.9,0.0
20230531:1211,3704.8,1042.77,54.43,15.48,1.03,0.0
20230531:1311,3627.3,1011.72,52.96,16.68,1.38,0.0
20230531:1411,3373.95,921.95,48.59,17.58,1.66,0.0
20230531:1511,2889.0,765.66,42.24,18.1,1.93,0.0
20230531:1611,2211.3,572.15,34.75,18.1,2.28,0.0
20230531:1711,1370.05,365.2,26.77,17.6,2.62,0.0
20230531:1811,467.7,162.51,18.76,16.69,2.62,0.0
20230531:1911,148.1,50.72,11.09,15.59,2.41,0.0
20230531:2011,0.8,6.12,4.09,14.31,2.21,0.0
20230531:2111,0.0,0.0,0.0,12.9,1.86,0.0
20230531:2211,0.0,0.0,0.0,11.82,1.59,0.0
20230531:2311,0.0,0.0,0.0,10.85,1.45,0.0
20230601:0011,0.0,0.0,0.0,10.19,1.38,0.0
20230601:0111,0.0,0.0,0.0,9.56,1.52,0.0
20230601:0211,0.0,0.0,0.0,9.24,1.59,0.0
20230601:0311,0.0,0.0,0.0,9.01,1.52,0.0
20230601:0411,0.0,2.62,3.51,8.76,1.59,0.0
20230601:0511,39.65,20.11,10.41,8.72,1.66,0.0
20230601:0611,260.55,76.95,18.02,8.83,1.72,0.0
20230601:0711,503.0,134.25,26.01,9.11,1.66,0.0
20230601:0811,688.0,177.39,34.02,9.46,1.86,0.0
20230601:0911,1081.5,270.2,41.59,9.99,2.0,0.0
20230601:1011,986.65,248.69,48.11,10.78,2.14,0.0
20230601:1111,1763.3,438.56,52.75,11.46,2.28,0.0
20230601:1211,1828.7,456.82,54.57,12.3,2.34,0.0
20230601:1311,1800.6,450.93,53.1,13.03,2.41,0.0
20230601:1411,2853.6,732.56,48.74,13.43,2.48,0.0
20230601:1511,2640.35,671.02,42.38,13.74,2.62,0.0
20230601:1611,2263.1,570.13,34.89,13.65,2.76,0.0
20230601:1711,1418.35,369.19,26.91,13.01,2.97,0.0
20230601:1811,480.4,163.93,18.89,12.03,3.03,0.0
20230601:1911,137.8,47.22,11.22,11.24,2.83,0.0
20230601:2011,8.6,9.62,4.23,9.97,2.48,0.0
20230601:2111,0.0,0.0,0.0,8.67,2.14,0.0
20230601:2211,0.0,0.0,0.0,7.65,1.86,0.0
20230601:2311,0.0,0.0,0.0,6.95,1.66,0.0
20230602:0011,0.0,0.0,0.0,6.08,1.45,0.0
20230602:0111,0.0,0.0,0.0,5.04,1.24,0.0
20230602:0211,0.0,0.0,0.0,5.29,0.97,0.0
20230602:0311,0.0,0.0,0.0,6.2,0.76,0.0
20230602:0411,0.0,5.25,3.61,6.35,0.41,0.0
20230602:0511,147.7,48.97,10.5,6.65,0.14,0.0
20230602:0611,401.55,143.18,18.11,7.92,0.34,0.0
20230602:0711,1316.8,347.05,26.1,9.73,0.41,0.0
20230602:0811,2168.35,554.05,34.11,11.55,0.55,0.0
20230602:0911,2574.65,668.07,41.68,13.09,0.76,0.0
20230602:1011,2649.55,691.75,48.22,14.41,1.17,0.0
20230602:1111,3445.95,952.5,52.87,15.42,0.97,0.0
20230602:1211,3674.95,1046.43,54.7,16.22,0.76,0.0
20230602:1311,3395.6,951.83,53.24,16.88,0.69,0.0
20230602:1411,2879.3,779.4,48.87,17.3,0.76,0.0
20230602:1511,2756.25,738.85,42.51,17.63,0.83,0.0
20230602:1611,1918.6,497.36,35.02,17.51,1.17,0.0
20230602:1711,1260.15,334.04,27.03,16.83,1.45,0.0
20230602:1811,529.55,163.11,19.02,16.2,1.79,0.0
20230602:1911,111.55,41.1,11.35,15.64,2.41,0.0
20230602:2011,0.0,3.5,4.36,14.36,2.14,0.0
20230602:2111,0.0,0.0,0.0,13.03,2.0,0.0
20230602:2211,0.0,0.0,0.0,12.0,2.0,0.0
20230602:2311,0.0,0.0,0.0,11.48,1.79,0.0
20230603:0011,0.0,0.0,0.0,10.75,1.45,0.0
20230603:0111,0.0,0.0,0.0,10.22,1.17,0.0
20230603:0211,0.0,0.0,0.0,9.24,1.03,0.0
20230603:0311,0.0,0.0,0.0,8.63,0.69,0.0
20230603:0411,0.0,2.62,3.71,8.7,0.34,0.0
20230603:0511,160.0,52.47,10.59,8.74,0.21,0.0
20230603:0611,406.55,143.57,18.19,9.76,0.14,0.0
20230603:0711,1300.35,344.74,26.18,11.24,0.55,0.0
20230603:0811,2163.0,553.92,34.19,12.56,0.76,0.0
20230603:0911,2862.05,755.28,41.77,14.28,0.9,0.0
20230603:1011,3309.85,901.22,48.32,15.29,1.03,0.0
20230603:1111,3548.95,990.48,52.98,16.48,1.1,0.0
20230603:1211,3675.25,1039.36,54.83,17.21,1.17,0.0
20230603:1311,3579.7,1004.18,53.37,18.1,1.38,0.0
20230603:1411,3279.95,898.87,49.0,18.73,1.59,0.0
20230603:1511,2859.3,758.09,42.63,18.8,2.07,0.0
20230603:1611,2181.65,560.9,35.14,18.1,2.83,0.0
20230603:1711,1367.85,361.62,27.16,17.23,3.31,0.0
20230603:1811,501.1,165.16,19.15,16.28,3.31,0.0
20230603:1911,189.95,61.21,11.48,14.85,2.97,0.0
20230603:2011,2.5,7.0,4.49,13.65,2.48,0.0
20230603:2111,0.0,0.0,0.0,12.32,2.28,0.0
20230603:2211,0.0,0.0,0.0,11.2,2.14,0.0
20230603:2311,0.0,0.0,0.0,10.38,1.86,0.0
20230604:0011,0.0,0.0,0.0,9.74,1.59,0.0
20230604:0111,0.0,0.0,0.0,9.3,1.38,0.0
20230604:0211,0.0,0.0,0.0,8.7,1.24,0.0
20230604:0311,0.0,0.0,0.0,7.96,1.1,0.0
20230604:0411,0.0,2.62,3.79,7.67,1.03,0.0
20230604:0511,51.45,23.61,10.67,8.54,0.83,0.0
20230604:0611,247.9,74.17,18.27,9.35,0.69,0.0
20230604:0711,502.3,135.16,26.26,10.2,0.34,0.0
20230604:0811,761.1,197.31,34.27,11.48,0.34,0.0
20230604:0911,912.95,235.12,41.86,12.94,0.48,0.0
20230604:1011,996.1,257.4,48.41,14.58,0.48,0.0
20230604:1111,1738.9,449.25,53.09,15.84,0.48,0.0
20230604:1211,2585.7,694.16,54.95,16.93,0.41,0.0
20230604:1311,3448.2,984.5,53.49,18.1,0.48,0.0
20230604:1411,3236.95,905.47,49.13,18.83,0.69,0.0
20230604:1511,2860.4,766.8,42.76,18.86,1.45,0.0
20230604:1611,2193.9,568.7,35.26,18.32,2.14,0.0
20230604:1711,1402.45,372.36,27.28,17.28,2.83,0.0
20230604:1811,490.15,167.17,19.27,16.12,2.97,0.0
20230604:1911,176.65,57.71,11.6,14.27,3.1,0.0
20230604:2011,0.0,3.5,4.61,12.93,2.62,0.0
20230604:2111,0.0,0.0,0.0,11.77,2.41,0.0
20230604:2211,0.0,0.0,0.0,10.96,2.21,0.0
20230604:2311,0.0,0.0,0.0,10.36,2.07,0.0
20230605:0011,0.0,0.0,0.0,10.01,1.93,0.0
20230605:0111,0.0,0.0,0.0,9.58,1.86,0.0
20230605:0211,0.0,0.0,0.0,9.27,1.72,0.0
20230605:0311,0.0,0.0,0.0,9.04,1.59,0.0
20230605:0411,0.0,2.62,3.88,8.9,1.45,0.0
20230605:0511,51.3,23.61,10.75,9.07,1.38,0.0
20230605:0611,244.4,73.24,18.34,9.26,1.24,0.0
20230605:0711,457.7,124.13,26.33,9.76,1.03,0.0
20230605:0811,619.85,162.38,34.34,10.27,1.17,0.0
20230605:0911,715.75,185.42,41.93,11.0,1.38,0.0
20230605:1011,567.65,151.12,48.5,11.97,1.45,0.0
20230605:1111,856.95,220.65,53.19,12.91,1.52,0.0
20230605:1211,1055.85,269.73,55.06,13.64,1.38,0.0
20230605:1311,1152.05,295.56,53.61,15.09,1.17,0.0
20230605:1411,1935.85,500.89,49.24,16.49,0.9,0.0
20230605:1511,2576.2,681.25,42.87,17.28,1.03,0.0
20230605:1611,2187.95,566.86,35.38,17.5,1.79,0.0
20230605:1711,1420.25,376.26,27.39,16.76,2.69,0.0
20230605:1811,496.35,170.05,19.38,15.42,3.17,0.0
20230605:1911,142.9,48.97,11.72,13.65,3.1,0.0
20230605:2011,41.75,20.99,4.73,12.04,2.69,0.0
20230605:2111,0.0,0.0,0.0,10.65,2.34,0.0
20230605:2211,0.0,0.0,0.0,9.62,2.0,0.0
20230605:2311,0.0,0.0,0.0,8.92,1.72,0.0
20230606:0011,0.0,0.0,0.0,8.34,1.45,0.0
20230606:0111,0.0,0.0,0.0,7.53,1.38,0.0
20230606:0211,0.0,0.0,0.0,7.05,1.24,0.0
20230606:0311,0.0,0.0,0.0,6.71,1.17,0.0
20230606:0411,0.0,2.62,3.95,6.87,1.03,0.0
20230606:0511,51.7,23.61,10.82,7.65,0.76,0.0
20230606:0611,275.2,80.66,18.41,9.05,0.62,0.0
20230606:0711,0.0,0.0,0.0,9.78,0.41,0.0
20230606:0811,771.0,199.14,34.4,10.8,0.28,0.0
20230606:0911,839.65,216.59,42.0,12.0,0.41,0.0
20230606:1011,706.5,185.42,48.58,13.06,0.62,0.0
20230606:1111,1056.75,271.97,53.28,14.45,0.69,0.0
20230606:1211,1553.55,398.35,55.16,15.47,0.9,0.0
20230606:1311,1864.75,482.36,53.73,16.49,0.9,0.0
20230606:1411,2857.05,767.52,49.36,17.16,1.03,0.0
20230606:1511,2791.1,740.39,42.99,17.51,1.45,0.0
20230606:1611,2173.2,557.58,35.49,17.1,2.48,0.0
20230606:1711,966.25,251.46,27.5,16.11,3.1,0.0
20230606:1811,505.1,170.51,19.49,14.93,3.17,0.0
20230606:1911,146.15,49.84,11.83,13.79,2.83,0.0
20230606:2011,50.25,23.61,4.84,12.85,2.41,0.0
20230606:2111,0.0,0.0,0.0,11.66,2.07,0.0
20230606:2211,0.0,0.0,0.0,10.46,1.79,0.0
20230606:2311,0.0,0.0,0.0,9.65,1.45,0.0
20230607:0011,0.0,0.0,0.0,8.85,1.24,0.0
20230607:0111,0.0,0.0,0.0,7.97,1.03,0.0
20230607:0211,0.0,0.0,0.0,7.82,0.9,0.0
20230607:0311,0.0,0.0,0.0,7.78,0.83,0.0
20230607:0411,0.95,6.12,4.02,8.21,0.62,0.0
20230607:0511,95.55,35.85,10.88,8.69,0.41,0.0
20230607:0611,321.35,92.14,18.47,9.77,0.48,0.0
20230607:0711,739.5,192.57,26.45,10.74,0.41,0.0
20230607:0811,1083.2,275.21,34.46,11.95,0.55,0.0
20230607:0911,1869.15,478.19,42.07,13.44,0.28,0.0
20230607:1011,2719.75,724.14,48.65,14.44,0.34,0.0
20230607:1111,3200.85,888.27,53.37,15.55,0.28,0.0
20230607:1211,3309.2,921.21,55.26,16.24,0.62,0.0
20230607:1311,2837.85,761.25,53.83,16.95,1.1,0.0
20230607:1411,2273.15,589.84,49.47,17.36,1.79,0.0
20230607:1511,1859.5,473.4,43.09,17.11,2.62,0.0
20230607:1611,1909.2,484.57,35.59,16.81,3.1,0.0
20230607:1711,1275.75,331.88,27.61,16.04,3.52,0.0
20230607:1811,525.15,170.71,19.6,15.21,3.59,0.0
20230607:1911,176.3,57.71,11.93,14.66,3.17,0.0
20230607:2011,0.0,5.25,4.95,13.6,2.83,0.0
20230607:2111,0.0,0.0,0.0,12.28,2.41,0.0
20230607:2211,0.0,0.0,0.0,11.26,2.07,0.0
20230607:2311,0.0,0.0,0.0,10.49,1.79,0.0
20230608:0011,0.0,0.0,0.0,9.87,1.66,0.0
20230608:0111,0.0,0.0,0.0,9.35,1.45,0.0
20230608:0211,0.0,0.0,0.0,9.05,1.24,0.0
20230608:0311,0.0,0.0,0.0,9.06,1.17,0.0
20230608:0411,0.0,2.62,4.09,8.74,1.17,0.0
20230608:0511,88.85,34.1,10.94,9.2,1.31,0.0
20230608:0611,512.15,148.5,18.52,9.73,1.59,0.0
20230608:0711,1228.4,319.21,26.5,10.66,1.59,0.0
20230608:0811,2003.05,501.91,34.51,11.68,1.93,0.0
20230608:0911,2803.1,715.86,42.12,12.94,2.28,0.0
20230608:1011,3276.3,857.41,48.72,13.91,2.48,0.0
20230608:1111,3601.35,965.93,53.45,15.1,2.55,0.0
20230608:1211,3555.7,959.5,55.35,16.03,2.48,0.0
20230608:1311,3445.95,926.41,53.93,16.52,2.48,0.0
20230608:1411,3318.1,873.95,49.57,16.57,3.17,0.0
20230608:1511,2722.65,691.0,43.19,15.83,4.0,0.0
20230608:1611,2265.25,568.29,35.69,15.24,4.21,0.0
20230608:1711,1406.25,364.2,27.71,14.65,4.28,0.0
20230608:1811,516.2,173.86,19.7,13.81,4.21,0.0
20230608:1911,177.5,57.71,12.04,13.42,3.66,0.0
20230608:2011,50.4,23.61,5.05,12.32,2.97,0.0
20230608:2111,0.0,0.0,0.0,11.28,2.48,0.0
20230608:2211,0.0,0.0,0.0,10.38,1.79,0.0
20230608:2311,0.0,0.0,0.0,9.63,1.31,0.0
20230609:0011,0.0,0.0,0.0,8.56,1.03,0.0
20230609:0111,0.0,0.0,0.0,8.11,0.9,0.0
20230609:0211,0.0,0.0,0.0,8.24,0.76,0.0
20230609:0311,0.0,0.0,0.0,8.21,0.62,0.0
20230609:0411,0.0,2.62,4.14,7.89,0.41,0.0
20230609:0511,195.95,61.21,10.99,8.03,0.34,0.0
20230609:0611,504.6,150.5,18.57,8.83,0.34,0.0
20230609:0711,1300.65,342.36,26.54,10.2,0.69,0.0
20230609:0811,2162.35,549.09,34.56,11.42,0.97,0.0
20230609:0911,2866.05,747.79,42.17,13.16,1.17,0.0
20230609:1011,3336.25,902.09,48.78,14.69,1.24,0.0
20230609:1111,3528.8,978.41,53.52,16.21,1.24,0.0
20230609:1211,3671.65,1036.09,55.44,17.51,1.31,0.0
20230609:1311,3496.55,981.13,54.03,18.66,1.31,0.0
20230609:1411,3301.85,916.43,49.67,19.45,1.31,0.0
20230609:1511,2822.3,760.32,43.29,19.95,1.45,0.0
20230609:1611,2240.25,591.89,35.79,20.12,1.45,0.0
20230609:1711,1402.25,379.35,27.8,19.97,1.52,0.0
20230609:1811,504.35,175.15,19.79,19.37,1.59,0.0
20230609:1911,142.3,49.84,12.13,18.64,1.24,0.0
20230609:2011,48.95,23.61,5.15,17.26,1.1,0.0
20230609:2111,0.0,0.0,0.0,14.98,0.97,0.0
20230609:2211,0.0,0.0,0.0,14.34,0.55,0.0
20230609:2311,0.0,0.0,0.0,13.21,0.14,0.0
20230610:0011,0.0,0.0,0.0,12.27,0.14,0.0
20230610:0111,0.0,0.0,0.0,11.39,0.48,0.0
20230610:0211,0.0,0.0,0.0,10.65,0.69,0.0
20230610:0311,0.0,0.0,0.0,10.11,0.9,0.0
20230610:0411,39.6,20.11,4.19,9.01,1.03,0.0
20230610:0511,205.85,63.84,11.03,9.02,0.97,0.0
20230610:0611,451.3,147.26,18.61,11.62,0.55,0.0
20230610:0711,1191.05,316.34,26.58,13.77,0.62,0.0
20230610:0811,2043.3,532.03,34.6,16.09,0.62,0.0
20230610:0911,2639.45,705.99,42.22,18.33,0.83,0.0
20230610:1011,3007.05,821.4,48.83,20.27,1.45,0.0
20230610:1111,3486.95,979.45,53.58,21.84,2.0,0.0
20230610:1211,3517.05,989.77,55.52,23.1,2.41,0.0
20230610:1311,3205.5,883.45,54.11,24.02,2.9,0.0
20230610:1411,3070.25,839.08,49.76,24.5,3.03,0.0
20230610:1511,2739.35,731.6,43.38,24.57,3.59,0.0
20230610:1611,2012.1,528.38,35.88,24.21,3.66,0.0
20230610:1711,1182.15,318.25,27.89,23.41,3.38,0.0
20230610:1811,520.25,151.53,19.88,22.54,3.1,0.0
20230610:1911,133.75,48.1,12.22,21.72,2.83,0.0
20230610:2011,56.7,26.23,5.24,20.44,2.34,0.0
20230610:2111,0.0,0.0,0.0,19.05,2.14,0.0
20230610:2211,0.0,0.0,0.0,17.68,2.14,0.0
20230610:2311,0.0,0.0,0.0,16.63,2.07,0.0
20230611:0011,0.0,0.0,0.0,15.6,1.93,0.0
20230611:0111,0.0,0.0,0.0,14.66,1.93,0.0
20230611:0211,0.0,0.0,0.0,13.91,1.72,0.0
20230611:0311,0.0,0.0,0.0,13.41,1.52,0.0
20230611:0411,41.5,20.99,4.24,13.09,1.52,0.0
20230611:0511,184.15,59.46,11.07,13.3,1.38,0.0
20230611:0611,42.4,21.32,18.64,13.94,1.17,0.0
20230611:0711,153.0,51.92,26.61,15.05,1.03,0.0
20230611:0811,251.75,76.95,34.63,15.5,1.03,0.0
20230611:0911,735.4,194.96,42.26,16.36,0.9,0.0
20230611:1011,631.15,170.59,48.88,17.32,0.55,0.0
20230611:1111,2569.85,692.39,53.64,18.64,0.62,0.0
20230611:1211,2211.6,584.17,55.59,19.99,1.45,0.0
20230611:1311,847.0,226.21,54.2,20.96,1.72,0.0
20230611:1411,190.25,63.04,49.84,21.54,1.38,0.0
20230611:1511,412.4,119.6,43.47,22.31,1.1,0.0
20230611:1611,1162.8,308.21,35.96,22.62,1.31,0.0
20230611:1711,806.3,217.82,27.98,21.72,1.93,0.0
20230611:1811,501.0,144.13,19.97,20.08,2.07,0.0
20230611:1911,235.8,74.33,12.31,19.93,1.1,0.0
20230611:2011,57.2,26.23,5.33,18.78,0.9,0.0
20230611:2111,0.0,0.0,0.0,18.05,0.83,0.0
20230611:2211,0.0,0.0,0.0,17.47,0.62,0.0
20230611:2311,0.0,0.0,0.0,17.28,0.41,0.0
20230612:0011,0.0,0.0,0.0,16.88,0.28,0.0
20230612:0111,0.0,0.0,0.0,16.49,0.21,0.0
20230612:0211,0.0,0.0,0.0,15.91,0.21,0.0
20230612:0311,0.0,0.0,0.0,14.75,0.41,0.0
20230612:0411,0.0,2.62,4.28,14.45,0.41,0.0
20230612:0511,55.6,25.36,11.1,14.43,0.41,0.0
20230612:0611,304.8,90.28,18.67,15.36,0.14,0.0
20230612:0711,738.75,197.31,26.64,15.98,0.28,0.0
20230612:0811,1760.55,460.01,34.66,17.77,0.41,0.0
20230612:0911,0.0,0.0,0.0,19.41,0.76,0.0
20230612:1011,2167.2,575.85,48.92,20.95,1.1,0.0
20230612:1111,1760.55,465.1,53.7,21.95,1.31,0.0
20230612:1211,2985.5,828.45,55.66,22.55,1.45,0.0
20230612:1311,1745.05,458.1,54.27,22.09,2.07,0.0
20230612:1411,245.0,76.95,49.92,21.32,2.55,0.0
20230612:1511,246.1,76.95,43.55,20.45,2.62,0.0
20230612:1611,184.95,61.19,36.04,19.62,1.24,0.0
20230612:1711,88.1,35.23,28.06,19.44,1.66,0.0
20230612:1811,47.2,23.18,20.05,18.57,1.66,0.0
20230612:1911,14.65,12.24,12.39,17.96,1.31,0.0
20230612:2011,0.0,4.37,5.41,17.36,1.59,0.0
20230612:2111,0.0,0.0,0.0,16.4,1.38,0.0
20230612:2211,0.0,0.0,0.0,15.49,1.31,0.0
20230612:2311,0.0,0.0,0.0,14.84,1.31,0.0
20230613:0011,0.0,0.0,0.0,14.06,1.31,0.0
20230613:0111,0.0,0.0,0.0,13.49,1.24,0.0
20230613:0211,0.0,0.0,0.0,13.19,1.17,0.0
20230613:0311,0.0,0.0,0.0,12.86,0.97,0.0
20230613:0411,0.0,2.62,4.31,12.76,0.69,0.0
20230613:0511,50.15,23.61,11.13,13.01,0.62,0.0
20230613:0611,201.85,63.97,18.69,13.44,0.83,0.0
20230613:0711,681.0,181.64,26.66,15.05,0.76,0.0
20230613:0811,797.15,210.74,34.68,17.05,0.76,0.0
20230613:0911,1333.8,347.61,42.32,18.91,0.69,0.0
20230613:1011,1616.45,425.85,48.95,20.78,0.69,0.0
20230613:1111,2952.55,829.19,53.74,22.46,0.76,0.0
20230613:1211,2310.2,631.61,55.72,23.73,0.76,0.0
20230613:1311,298.05,91.78,54.34,24.47,0.76,0.0
20230613:1411,247.2,78.8,49.99,24.75,0.76,0.0
20230613:1511,987.05,266.65,43.62,24.55,0.83,0.0
20230613:1611,1160.75,311.29,36.12,23.86,0.48,0.0
20230613:1711,192.1,63.97,28.13,23.17,1.03,0.0
20230613:1811,120.5,44.5,20.13,21.47,1.52,0.0
20230613:1911,14.25,12.24,12.46,21.86,1.52,0.0
20230613:2011,0.0,4.37,5.48,20.54,0.9,0.0
20230613:2111,0.0,0.0,0.0,21.12,0.28,0.0
20230613:2211,0.0,0.0,0.0,20.38,0.55,0.0
20230613:2311,0.0,0.0,0.0,19.16,0.83,0.0
20230614:0011,0.0,0.0,0.0,18.18,0.9,0.0
20230614:0111,0.0,0.0,0.0,16.56,1.03,0.0
20230614:0211,0.0,0.0,0.0,14.78,1.24,0.0
20230614:0311,0.0,0.0,0.0,13.53,1.38,0.0
20230614:0411,22.6,14.87,4.33,12.6,1.45,0.0
20230614:0511,146.35,49.84,11.15,13.26,1.24,0.0
20230614:0611,462.0,146.69,18.71,16.22,0.9,0.0
20230614:0711,1225.8,335.13,26.68,18.01,0.9,0.0
20230614:0811,1968.15,518.23,34.7,19.81,1.1,0.0
20230614:0911,1828.05,479.1,42.34,21.27,1.59,0.0
20230614:1011,3098.55,857.5,48.98,22.23,1.59,0.0
20230614:1111,3262.55,928.79,53.78,23.04,1.17,0.0
20230614:1211,3356.95,979.18,55.77,23.68,0.76,0.0
20230614:1311,3227.1,940.13,54.4,24.17,0.55,0.0
20230614:1411,2641.3,739.66,50.06,24.33,0.48,0.0
20230614:1511,1758.65,474.49,43.69,24.37,0.34,0.0
20230614:1611,2162.7,595.42,36.19,24.6,0.14,0.0
20230614:1711,1393.15,383.95,28.2,23.33,1.17,0.0
20230614:1811,544.15,174.89,20.2,21.61,1.79,0.0
20230614:1911,213.15,69.08,12.53,21.95,1.59,0.0
20230614:2011,56.55,26.23,5.55,20.94,1.59,0.0
20230614:2111,0.0,0.0,0.0,19.29,1.66,0.0
20230614:2211,0.0,0.0,0.0,17.3,1.79,0.0
20230614:2311,0.0,0.0,0.0,15.58,1.93,0.0
20230615:0011,0.0,0.0,0.0,14.16,2.0,0.0
20230615:0111,0.0,0.0,0.0,12.96,1.93,0.0
20230615:0211,0.0,0.0,0.0,11.81,1.86,0.0
20230615:0311,0.0,0.0,0.0,10.87,1.72,0.0
20230615:0411,36.45,19.24,4.35,10.38,1.66,0.0
20230615:0511,147.85,49.84,11.17,11.32,1.45,0.0
20230615:0611,383.95,143.21,18.72,14.08,1.24,0.0
20230615:0711,1276.5,346.51,26.69,16.73,1.38,0.0
20230615:0811,2153.0,562.53,34.71,18.49,1.66,0.0
20230615:0911,2842.65,760.72,42.35,19.79,1.79,0.0
20230615:1011,3326.05,924.17,49.0,20.86,1.66,0.0
20230615:1111,3600.15,1033.51,53.81,21.75,1.45,0.0
20230615:1211,3612.9,1046.89,55.81,22.51,1.38,0.0
20230615:1311,3540.6,1025.67,54.45,23.11,1.31,0.0
20230615:1411,3246.0,922.27,50.12,23.52,1.24,0.0
20230615:1511,2840.55,789.19,43.76,23.7,1.03,0.0
20230615:1611,2165.35,586.11,36.25,23.75,0.9,0.0
20230615:1711,1371.35,378.93,28.27,23.61,0.76,0.0
20230615:1811,517.9,179.9,20.26,23.33,0.83,0.0
20230615:1911,158.9,55.09,12.6,22.67,1.17,0.0
20230615:2011,59.3,27.11,5.61,21.31,1.52,0.0
20230615:2111,0.0,0.0,0.0,19.06,1.59,0.0
20230615:2211,0.0,0.0,0.0,17.24,1.52,0.0
20230615:2311,0.0,0.0,0.0,15.79,1.38,0.0
20230616:0011,0.0,0.0,0.0,14.54,1.38,0.0
20230616:0111,0.0,0.0,0.0,13.19,1.52,0.0
20230616:0211,0.0,0.0,0.0,12.16,1.59,0.0
20230616:0311,0.0,0.0,0.0,11.49,1.52,0.0
20230616:0411,41.95,20.99,4.36,11.2,1.45,0.0
20230616:0511,150.65,50.72,11.17,12.08,1.24,0.0
20230616:0611,384.25,142.66,18.73,15.11,0.83,0.0
20230616:0711,1257.75,343.93,26.69,17.25,0.69,0.0
20230616:0811,2074.85,550.19,34.72,19.04,0.55,0.0
20230616:0911,2720.95,746.29,42.36,20.43,0.41,0.0
20230616:1011,3159.0,892.08,49.02,21.59,0.76,0.0
20230616:1111,3467.75,1000.12,53.84,22.42,1.1,0.0
20230616:1211,3552.6,1033.1,55.85,23.13,1.24,0.0
20230616:1311,3495.7,1013.35,54.5,23.73,1.31,0.0
20230616:1411,3231.55,916.75,50.18,23.98,1.38,0.0
20230616:1511,2774.15,763.78,43.81,23.96,1.38,0.0
20230616:1611,2003.05,536.75,36.31,23.86,1.31,0.0
20230616:1711,1377.8,379.06,28.33,23.49,1.17,0.0
20230616:1811,524.35,179.31,20.32,22.88,1.1,0.0
20230616:1911,175.85,59.46,12.66,22.14,0.9,0.0
20230616:2011,62.15,27.98,5.67,21.51,1.1,0.0
20230616:2111,0.0,0.0,0.0,19.56,1.1,0.0
20230616:2211,0.0,0.0,0.0,19.21,0.83,0.0
20230616:2311,0.0,0.0,0.0,18.25,0.62,0.0
20230617:0011,0.0,0.0,0.0,17.06,0.41,0.0
20230617:0111,0.0,0.0,0.0,16.03,0.21,0.0
20230617:0211,0.0,0.0,0.0,15.18,0.14,0.0
20230617:0311,0.0,0.0,0.0,14.54,0.07,0.0
20230617:0411,0.0,3.5,4.37,13.99,0.07,0.0
20230617:0511,22.4,14.87,11.18,13.86,0.14,0.0
20230617:0611,495.8,144.46,18.73,14.07,0.28,0.0
20230617:0711,1166.5,313.57,26.69,16.28,0.83,0.0
20230617:0811,2011.85,523.85,34.72,17.71,1.24,0.0
20230617:0911,2716.1,718.9,42.36,19.08,1.86,0.0
20230617:1011,3144.5,852.37,49.03,20.33,2.21,0.0
20230617:1111,2978.7,806.49,53.86,21.32,2.34,0.0
20230617:1211,2439.35,649.12,55.88,21.84,2.28,0.0
20230617:1311,2168.6,574.36,54.55,22.44,2.21,0.0
20230617:1411,656.6,179.86,50.23,22.32,2.14,0.0
20230617:1511,346.65,102.91,43.87,22.16,2.07,0.0
20230617:1611,384.25,112.18,36.37,21.88,1.93,0.0
20230617:1711,832.25,224.24,28.38,21.44,1.66,0.0
20230617:1811,201.6,65.82,20.37,20.93,1.38,0.0
20230617:1911,157.45,54.22,12.71,20.49,1.31,0.0
20230617:2011,0.0,4.37,5.72,19.33,1.59,0.0
20230617:2111,0.0,0.0,0.0,17.77,1.1,0.0
20230617:2211,0.0,0.0,0.0,17.98,0.69,0.0
20230617:2311,0.0,0.0,0.0,17.24,0.76,0.0
20230618:0011,0.0,0.0,0.0,16.45,0.76,0.0
20230618:0111,0.0,0.0,0.0,16.21,0.69,0.0
20230618:0211,0.0,0.0,0.0,15.27,0.83,0.0
20230618:0311,0.0,0.0,0.0,14.68,0.83,0.0
20230618:0411,0.0,3.5,4.37,13.96,0.83,0.0
20230618:0511,17.45,13.12,11.17,13.72,0.76,0.0
20230618:0611,423.15,120.53,18.72,14.62,0.41,0.0
20230618:0711,563.1,153.25,26.68,16.03,0.83,0.0
20230618:0811,1728.5,447.41,34.71,17.43,1.1,0.0
20230618:0911,2689.9,714.78,42.36,18.77,1.45,0.0
20230618:1011,3199.35,874.86,49.03,20.01,1.79,0.0
20230618:1111,3405.9,943.09,53.87,21.03,2.21,0.0
20230618:1211,3186.05,871.46,55.91,21.78,2.55,0.0
20230618:1311,3404.55,940.05,54.58,22.07,2.69,0.0
20230618:1411,2403.35,636.06,50.27,22.18,2.62,0.0
20230618:1511,2299.05,606.8,43.91,22.37,2.48,0.0
20230618:1611,1823.9,478.79,36.42,22.39,2.21,0.0
20230618:1711,1263.4,339.49,28.43,22.16,2.41,0.0
20230618:1811,579.0,171.46,20.42,21.46,2.69,0.0
20230618:1911,252.9,78.7,12.76,20.42,2.21,0.0
20230618:2011,21.65,14.87,5.77,19.13,2.21,0.0
20230618:2111,0.0,0.0,0.0,17.83,1.93,0.0
20230618:2211,0.0,0.0,0.0,16.68,1.52,0.0
20230618:2311,0.0,0.0,0.0,15.57,1.45,0.0
20230619:0011,0.0,0.0,0.0,14.72,1.45,0.0
20230619:0111,0.0,0.0,0.0,14.26,1.66,0.0
20230619:0211,0.0,0.0,0.0,13.63,2.0,0.0
20230619:0311,0.0,0.0,0.0,13.08,2.55,0.0
20230619:0411,0.0,3.5,4.37,12.79,3.03,0.0
20230619:0511,10.6,10.49,11.16,12.81,2.34,0.0
20230619:0611,51.85,24.1,18.71,13.17,2.28,0.0
20230619:0711,462.5,125.95,26.67,12.66,5.03,0.0
20230619:0811,278.75,82.51,34.7,13.13,4.34,0.0
20230619:0911,865.9,222.38,42.35,14.0,3.38,0.0
20230619:1011,1140.1,291.44,49.02,15.65,2.28,0.0
20230619:1111,2052.65,522.98,53.88,16.63,2.83,0.0
20230619:1211,1174.55,298.3,55.92,16.13,4.34,0.0
20230619:1311,802.4,207.67,54.61,15.06,4.76,0.0
20230619:1411,892.0,229.35,50.3,15.02,3.93,0.0
20230619:1511,851.5,220.3,43.95,15.98,4.48,0.0
20230619:1611,569.75,153.9,36.46,16.81,4.28,0.0
20230619:1711,778.55,204.61,28.48,17.04,4.48,0.0
20230619:1811,571.25,161.16,20.47,16.78,4.0,0.0
20230619:1911,19.6,13.99,12.8,16.18,3.52,0.0
20230619:2011,0.0,4.37,5.81,15.73,3.38,0.0
20230619:2111,0.0,0.0,0.0,15.14,3.1,0.0
20230619:2211,0.0,0.0,0.0,14.59,3.03,0.0
20230619:2311,0.0,0.0,0.0,14.19,2.69,0.0
20230620:0011,0.0,0.0,0.0,13.94,2.48,0.0
20230620:0111,0.0,0.0,0.0,13.66,2.41,0.0
20230620:0211,0.0,0.0,0.0,13.7,2.41,0.0
20230620:0311,0.0,0.0,0.0,13.81,2.41,0.0
20230620:0411,0.0,3.5,4.35,13.98,2.34,0.0
20230620:0511,193.85,62.09,11.15,14.27,2.28,0.0
20230620:0611,391.95,140.23,18.69,14.9,2.62,0.0
20230620:0711,1216.0,323.87,26.65,16.07,3.52,0.0
20230620:0811,962.5,248.61,34.68,17.15,3.66,0.0
20230620:0911,1711.7,434.5,42.33,18.02,3.59,0.0
20230620:1011,2731.7,707.39,49.01,18.26,3.52,0.0
20230620:1111,1764.95,450.49,53.87,18.76,3.72,0.0
20230620:1211,2069.3,533.03,55.93,19.38,3.31,0.0
20230620:1311,2564.4,672.54,54.63,19.7,2.83,0.0
20230620:1411,1733.1,448.01,50.33,19.85,2.48,0.0
20230620:1511,1640.65,423.59,43.99,19.45,2.14,0.0
20230620:1611,770.25,204.78,36.5,18.98,2.28,0.0
20230620:1711,490.0,136.22,28.51,18.24,2.07,0.0
20230620:1811,592.1,179.08,20.5,17.63,1.72,0.0
20230620:1911,227.7,71.71,12.84,18.12,1.38,0.0
20230620:2011,51.95,24.48,5.84,17.0,1.17,0.0
20230620:2111,0.0,0.0,0.0,15.99,1.31,0.0
20230620:2211,0.0,0.0,0.0,14.42,1.38,0.0
20230620:2311,0.0,0.0,0.0,13.15,1.59,0.0
20230621:0011,0.0,0.0,0.0,12.2,1.72,0.0
20230621:0111,0.0,0.0,0.0,11.39,1.79,0.0
20230621:0211,0.0,0.0,0.0,10.63,1.66,0.0
20230621:0311,0.0,0.0,0.0,10.28,1.72,0.0
20230621:0411,22.95,14.87,4.34,10.25,1.79,0.0
20230621:0511,199.8,62.96,11.13,11.71,1.79,0.0
20230621:0611,389.1,139.56,18.67,13.34,2.34,0.0
20230621:0711,1266.05,337.57,26.63,14.61,2.97,0.0
20230621:0811,1660.25,418.58,34.65,15.71,3.38,0.0
20230621:0911,1752.75,440.3,42.31,16.28,3.93,0.0
20230621:1011,2488.6,629.92,49.0,16.43,4.28,0.0
20230621:1111,2136.25,538.57,53.87,16.35,4.21,0.0
20230621:1211,998.2,256.29,55.94,16.7,4.55,0.0
20230621:1311,2536.35,642.78,54.65,16.69,4.69,0.0
20230621:1411,2927.75,748.64,50.36,16.81,4.62,0.0
20230621:1511,2012.3,504.42,44.02,16.6,4.69,0.0
20230621:1611,1822.05,456.9,36.53,16.4,4.55,0.0
20230621:1711,1238.9,318.9,28.55,15.82,4.41,0.0
20230621:1811,604.9,180.79,20.54,15.12,4.21,0.0
20230621:1911,260.0,78.7,12.87,15.23,3.45,0.0
20230621:2011,70.8,29.73,5.87,14.49,2.97,0.0
20230621:2111,0.0,0.0,0.0,13.59,2.62,0.0
20230621:2211,0.0,0.0,0.0,12.61,2.48,0.0
20230621:2311,0.0,0.0,0.0,11.84,2.41,0.0
20230622:0011,0.0,0.0,0.0,11.2,2.41,0.0
20230622:0111,0.0,0.0,0.0,10.71,2.48,0.0
20230622:0211,0.0,0.0,0.0,10.69,2.55,0.0
20230622:0311,0.0,0.0,0.0,10.71,2.69,0.0
20230622:0411,0.0,3.5,4.31,10.58,2.48,0.0
20230622:0511,158.6,52.47,11.1,10.94,2.34,0.0
20230622:0611,422.15,142.72,18.64,11.72,2.9,0.0
20230622:0711,1254.35,329.95,26.6,12.84,3.31,0.0
20230622:0811,1866.2,465.96,34.62,13.86,3.66,0.0
20230622:0911,1435.25,359.94,42.28,14.85,3.59,0.0
20230622:1011,2233.05,564.7,48.98,15.69,3.38,0.0
20230622:1111,2961.35,769.16,53.85,16.31,3.24,0.0
20230622:1211,2480.3,637.59,55.93,16.97,3.17,0.0
20230622:1311,3074.25,807.63,54.66,17.18,3.1,0.0
20230622:1411,2818.3,734.6,50.38,17.39,2.9,0.0
20230622:1511,2752.95,716.97,44.04,17.26,2.48,0.0
20230622:1611,2212.6,570.91,36.56,17.49,2.14,0.0
20230622:1711,1433.05,379.31,28.57,17.51,2.0,0.0
20230622:1811,562.15,185.72,20.56,17.2,1.72,0.0
20230622:1911,180.25,59.46,12.89,17.23,0.55,0.0
20230622:2011,72.75,30.61,5.89,17.0,0.14,0.0
20230622:2111,0.0,0.0,0.0,15.98,0.62,0.0
20230622:2211,0.0,0.0,0.0,15.68,0.62,0.0
20230622:2311,0.0,0.0,0.0,14.87,0.69,0.0
20230623:0011,0.0,0.0,0.0,13.71,0.97,0.0
20230623:0111,0.0,0.0,0.0,11.68,1.17,0.0
20230623:0211,0.0,0.0,0.0,10.51,1.31,0.0
20230623:0311,0.0,0.0,0.0,9.52,1.45,0.0
20230623:0411,0.0,2.62,4.28,9.0,1.59,0.0
20230623:0511,10.85,10.49,11.07,9.74,1.45,0.0
20230623:0611,58.6,25.96,18.6,11.64,1.31,0.0
20230623:0711,194.45,62.12,26.56,13.61,1.52,0.0
20230623:0811,771.05,200.99,34.59,14.21,1.79,0.0
20230623:0911,1494.25,375.82,42.25,14.37,2.41,0.0
20230623:1011,1601.5,401.84,48.95,15.21,3.59,0.0
20230623:1111,1302.9,329.86,53.83,16.35,4.21,0.0
20230623:1211,1992.9,501.4,55.92,17.35,5.24,0.0
20230623:1311,1004.6,258.54,54.66,17.96,5.66,0.0
20230623:1411,2335.5,592.83,50.39,18.99,5.38,0.0
20230623:1511,975.15,253.35,44.06,19.37,4.9,0.0
20230623:1611,1177.7,303.24,36.58,19.07,3.72,0.0
20230623:1711,437.7,123.31,28.59,18.47,3.45,0.0
20230623:1811,136.8,48.21,20.58,18.06,2.9,0.0
20230623:1911,17.0,13.12,12.91,17.8,2.97,0.0
20230623:2011,0.0,4.37,5.9,17.05,2.14,0.0
20230623:2111,0.0,0.0,0.0,16.11,2.0,0.0
20230623:2211,0.0,0.0,0.0,15.72,2.07,0.0
20230623:2311,0.0,0.0,0.0,15.46,2.28,0.0
20230624:0011,0.0,0.0,0.0,15.32,2.41,0.0
20230624:0111,0.0,0.0,0.0,15.06,2.21,0.0
20230624:0211,0.0,0.0,0.0,14.93,1.93,0.0
20230624:0311,0.0,0.0,0.0,14.58,2.07,0.0
20230624:0411,32.85,18.36,4.25,14.61,2.21,0.0
20230624:0511,172.55,56.84,11.03,14.89,2.41,0.0
20230624:0611,477.3,142.76,18.56,15.58,3.1,0.0
20230624:0711,955.85,252.26,26.52,16.73,2.9,0.0
20230624:0811,738.45,195.29,34.55,17.63,3.31,0.0
20230624:0911,796.7,210.05,42.21,18.45,3.45,0.0
20230624:1011,843.7,221.92,48.91,19.09,3.79,0.0
20230624:1111,2322.25,597.18,53.8,19.88,4.28,0.0
20230624:1211,1539.5,394.45,55.91,20.35,4.76,0.0
20230624:1311,1678.3,430.08,54.65,20.7,4.76,0.0
20230624:1411,1480.35,381.17,50.39,21.37,4.69,0.0
20230624:1511,2824.1,738.16,44.07,21.9,4.41,0.0
20230624:1611,2150.2,556.88,36.59,22.14,4.21,0.0
20230624:1711,1397.6,374.79,28.61,22.16,3.79,0.0
20230624:1811,569.05,180.17,20.6,22.02,3.24,0.0
20230624:1911,209.95,68.21,12.92,21.99,2.48,0.0
20230624:2011,65.3,28.86,5.91,21.03,2.41,0.0
20230624:2111,0.0,0.0,0.0,19.81,2.48,0.0
20230624:2211,0.0,0.0,0.0,18.93,2.48,0.0
20230624:2311,0.0,0.0,0.0,18.25,3.03,0.0
20230625:0011,0.0,0.0,0.0,17.66,3.38,0.0
20230625:0111,0.0,0.0,0.0,17.01,3.52,0.0
20230625:0211,0.0,0.0,0.0,16.67,3.45,0.0
20230625:0311,0.0,0.0,0.0,16.26,3.45,0.0
20230625:0411,40.8,20.99,4.2,16.17,3.45,0.0
20230625:0511,178.0,58.59,10.98,16.65,3.45,0.0
20230625:0611,423.65,141.12,18.52,17.12,3.1,0.0
20230625:0711,963.65,255.32,26.47,18.21,3.86,0.0
20230625:0811,1372.85,351.13,34.5,19.17,4.41,0.0
20230625:0911,925.6,242.03,42.17,20.04,4.9,0.0
20230625:1011,317.8,94.56,48.87,20.16,4.97,0.0
20230625:1111,439.9,124.23,53.77,19.67,4.9,0.0
20230625:1211,400.85,114.03,55.88,18.11,4.41,0.0
20230625:1311,301.2,89.0,54.64,16.06,4.07,0.0
20230625:1411,337.3,97.35,50.39,14.71,3.03,0.0
20230625:1511,318.65,92.71,44.08,14.15,2.34,0.0
20230625:1611,238.8,73.24,36.6,14.16,2.07,0.0
20230625:1711,132.25,46.36,28.62,14.31,1.72,0.0
20230625:1811,146.25,50.06,20.61,14.71,2.14,0.0
20230625:1911,30.1,17.49,12.93,14.84,1.93,0.0
20230625:2011,76.95,31.48,5.92,14.54,1.52,0.0
20230625:2111,0.0,0.0,0.0,13.9,1.24,0.0
20230625:2211,0.0,0.0,0.0,12.48,1.17,0.0
20230625:2311,0.0,0.0,0.0,11.32,1.17,0.0
20230626:0011,0.0,0.0,0.0,10.61,1.45,0.0
20230626:0111,0.0,0.0,0.0,10.11,1.79,0.0
20230626:0211,0.0,0.0,0.0,9.78,1.93,0.0
20230626:0311,0.0,0.0,0.0,9.8,2.0,0.0
20230626:0411,42.35,20.99,4.16,9.58,2.21,0.0
20230626:0511,152.25,50.72,10.93,10.26,2.34,0.0
20230626:0611,468.2,130.69,18.47,11.1,2.76,0.0
20230626:0711,1280.75,337.25,26.42,12.07,3.72,0.0
20230626:0811,1504.45,373.38,34.45,12.69,3.86,0.0
20230626:0911,2657.25,664.39,42.12,13.33,4.0,0.0
20230626:1011,1977.55,491.07,48.82,13.81,4.21,0.0
20230626:1111,3005.6,763.16,53.73,14.43,4.48,0.0
20230626:1211,1890.7,471.4,55.85,14.74,4.55,0.0
20230626:1311,818.25,211.38,54.62,15.0,4.76,0.0
20230626:1411,2755.7,694.25,50.38,15.09,4.83,0.0
20230626:1511,2803.15,705.99,44.07,15.28,4.76,0.0
20230626:1611,1121.0,282.94,36.6,14.82,4.62,0.0
20230626:1711,1008.7,258.62,28.62,14.71,4.28,0.0
20230626:1811,628.3,180.53,20.61,14.43,3.72,0.0
20230626:1911,52.75,24.48,12.93,14.4,3.1,0.0
20230626:2011,6.25,8.74,5.91,13.86,2.62,0.0
20230626:2111,0.0,0.0,0.0,13.01,2.28,0.0
20230626:2211,0.0,0.0,0.0,12.23,2.0,0.0
20230626:2311,0.0,0.0,0.0,11.74,2.0,0.0
20230627:0011,0.0,0.0,0.0,11.15,2.0,0.0
20230627:0111,0.0,0.0,0.0,10.73,1.93,0.0
20230627:0211,0.0,0.0,0.0,10.53,1.93,0.0
20230627:0311,0.0,0.0,0.0,10.25,1.86,0.0
20230627:0411,20.4,13.99,4.1,10.26,1.79,0.0
20230627:0511,44.95,21.86,10.88,10.83,1.79,0.0
20230627:0611,464.1,131.38,18.41,11.89,1.86,0.0
20230627:0711,421.3,116.82,26.37,12.99,2.21,0.0
20230627:0811,1448.1,363.2,34.4,13.94,3.03,0.0
20230627:0911,646.6,170.59,42.06,14.16,3.38,0.0
20230627:1011,376.6,106.62,48.77,14.6,4.07,0.0
20230627:1111,508.4,138.14,53.68,14.92,4.21,0.0
20230627:1211,349.55,100.13,55.81,14.34,3.24,0.0
20230627:1311,450.35,124.23,54.6,14.43,3.38,0.0
20230627:1411,280.45,83.44,50.37,14.54,3.72,0.0
20230627:1511,454.55,125.16,44.07,14.09,2.83,0.0
20230627:1611,224.05,69.53,36.6,14.11,2.83,0.0
20230627:1711,326.0,94.56,28.62,14.47,2.69,0.0
20230627:1811,467.2,130.29,20.61,14.98,2.69,0.0
20230627:1911,189.25,61.21,12.92,15.6,3.17,0.0
20230627:2011,0.0,5.25,5.9,15.69,2.97,0.0
20230627:2111,0.0,0.0,0.0,15.62,2.9,0.0
20230627:2211,0.0,0.0,0.0,15.25,2.9,0.0
20230627:2311,0.0,0.0,0.0,14.74,2.83,0.0
20230628:0011,0.0,0.0,0.0,14.18,2.9,0.0
20230628:0111,0.0,0.0,0.0,13.62,2.76,0.0
20230628:0211,0.0,0.0,0.0,13.06,2.55,0.0
20230628:0311,0.0,0.0,0.0,12.53,2.76,0.0
20230628:0411,0.0,2.62,4.04,12.17,2.55,0.0
20230628:0511,10.65,10.49,10.82,12.11,2.34,0.0
20230628:0611,229.8,70.46,18.35,12.32,2.62,0.0
20230628:0711,717.8,188.19,26.3,13.28,2.69,0.0
20230628:0811,1018.0,258.65,34.33,13.54,2.69,0.0
20230628:0911,1243.1,312.8,42.0,13.65,2.69,0.0
20230628:1011,936.25,238.97,48.71,13.51,2.97,0.0
20230628:1111,394.2,110.33,53.63,12.94,2.34,0.0
20230628:1211,615.2,162.24,55.77,12.42,2.48,0.0
20230628:1311,1110.15,279.79,54.56,12.79,2.97,0.0
20230628:1411,3118.0,799.25,50.35,13.47,3.31,0.0
20230628:1511,1929.8,480.5,44.05,13.75,3.45,0.0
20230628:1611,1090.05,275.18,36.59,13.87,3.66,0.0
20230628:1711,1114.1,284.92,28.61,14.15,3.66,0.0
20230628:1811,539.95,148.76,20.6,13.72,3.24,0.0
20230628:1911,261.85,78.7,12.91,13.71,2.97,0.0
20230628:2011,59.15,26.23,5.89,13.05,2.69,0.0
20230628:2111,0.0,0.0,0.0,12.18,2.48,0.0
20230628:2211,0.0,0.0,0.0,11.25,2.41,0.0
20230628:2311,0.0,0.0,0.0,10.51,2.41,0.0
20230629:0011,0.0,0.0,0.0,9.86,2.34,0.0
20230629:0111,0.0,0.0,0.0,9.32,2.34,0.0
20230629:0211,0.0,0.0,0.0,9.36,2.28,0.0
20230629:0311,0.0,0.0,0.0,9.37,2.21,0.0
20230629:0411,0.0,2.62,3.98,9.36,2.14,0.0
20230629:0511,51.1,23.61,10.75,9.79,2.07,0.0
20230629:0611,186.3,59.33,18.28,10.78,2.69,0.0
20230629:0711,1053.5,271.57,26.24,11.27,2.76,0.0
20230629:0811,2091.3,521.03,34.27,12.03,3.1,0.0
20230629:0911,2494.55,625.01,41.94,12.79,3.1,0.0
20230629:1011,1047.7,265.1,48.65,13.27,3.17,0.0
20230629:1111,2766.2,701.14,53.57,14.0,3.72,0.0
20230629:1211,1753.55,437.99,55.72,14.5,4.0,0.0
20230629:1311,1783.15,445.34,54.52,14.7,4.14,0.0
20230629:1411,2062.0,514.59,50.32,14.91,4.41,0.0
20230629:1511,1308.35,328.06,44.04,14.97,4.62,0.0
20230629:1611,1230.8,309.42,36.58,14.74,4.28,0.0
20230629:1711,372.7,105.69,28.6,14.58,4.0,0.0
20230629:1811,300.2,88.08,20.58,14.16,4.0,0.0
20230629:1911,99.8,37.6,12.9,13.53,3.59,0.0
20230629:2011,4.35,7.87,5.87,13.01,3.45,0.0
20230629:2111,0.0,0.0,0.0,12.09,3.31,0.0
20230629:2211,0.0,0.0,0.0,11.19,3.03,0.0
20230629:2311,0.0,0.0,0.0,10.55,3.17,0.0
20230630:0011,0.0,0.0,0.0,10.63,3.24,0.0
20230630:0111,0.0,0.0,0.0,10.78,3.52,0.0
20230630:0211,0.0,0.0,0.0,10.9,3.59,0.0
20230630:0311,0.0,0.0,0.0,10.96,3.38,0.0
20230630:0411,0.0,2.62,3.91,11.0,3.03,0.0
20230630:0511,10.7,10.49,10.68,11.19,2.76,0.0
20230630:0611,226.9,69.53,18.21,11.59,2.76,0.0
20230630:0711,264.15,78.8,26.17,12.27,2.9,0.0
20230630:0811,668.15,174.53,34.19,12.56,3.17,0.0
20230630:0911,1514.85,377.53,41.86,12.68,2.55,0.0
20230630:1011,680.25,178.0,48.58,13.17,2.83,0.0
20230630:1111,0.0,0.0,0.0,13.67,2.69,0.0
20230630:1211,560.85,150.19,55.66,13.59,2.48,0.0
20230630:1311,304.2,89.0,54.48,13.69,2.62,0.0
20230630:1411,408.15,114.03,50.29,13.89,2.69,0.0
20230630:1511,524.85,141.85,44.01,13.77,2.21,0.0
20230630:1611,595.3,158.54,36.55,13.66,2.14,0.0
20230630:1711,679.4,178.53,28.58,13.29,2.07,0.0
20230630:1811,108.4,39.87,20.56,13.09,2.0,0.0
20230630:1911,19.95,13.99,12.87,13.48,1.24,0.0
20230630:2011,0.0,4.37,5.84,13.25,1.03,0.0
20230630:2111,0.0,0.0,0.0,12.75,1.03,0.0
20230630:2211,0.0,0.0,0.0,12.57,1.03,0.0
20230630:2311,0.0,0.0,0.0,12.49,1.17,0.0
20230701:0011,0.0,0.0,0.0,12.55,1.38,0.0
20230701:0111,0.0,0.0,0.0,12.47,1.66,0.0
20230701:0211,0.0,0.0,0.0,12.29,2.14,0.0
20230701:0311,0.0,0.0,0.0,12.06,2.55,0.0
20230701:0411,0.0,2.62,3.83,12.02,2.55,0.0
20230701:0511,12.95,11.37,10.6,11.98,2.76,0.0
20230701:0611,283.85,83.75,18.13,12.28,2.83,0.0
20230701:0711,775.45,201.74,26.09,12.5,2.69,0.0
20230701:0811,1417.5,354.64,34.12,13.21,2.97,0.0
20230701:0911,1528.65,380.74,41.79,14.11,3.93,0.0
20230701:1011,463.1,126.09,48.5,12.82,5.31,0.0
20230701:1111,1317.9,326.73,53.43,12.59,5.1,0.0
20230701:1211,3827.05,976.48,55.6,12.82,5.72,0.0
20230701:1311,675.2,176.15,54.43,13.7,6.07,0.0
20230701:1411,1052.3,263.89,50.25,13.4,6.62,0.0
20230701:1511,654.65,170.59,43.98,12.81,6.48,0.0
20230701:1611,911.75,229.9,36.53,12.46,6.55,0.0
20230701:1711,340.0,96.42,28.56,11.58,6.76,0.0
20230701:1811,532.2,143.8,20.54,11.17,6.0,0.0
20230701:1911,266.15,78.7,12.84,10.93,5.45,0.0
20230701:2011,2.6,7.0,5.81,10.44,4.97,0.0
20230701:2111,0.0,0.0,0.0,9.9,4.48,0.0
20230701:2211,0.0,0.0,0.0,9.52,4.41,0.0
20230701:2311,0.0,0.0,0.0,9.32,4.62,0.0
20230702:0011,0.0,0.0,0.0,9.32,4.62,0.0
20230702:0111,0.0,0.0,0.0,9.2,4.55,0.0
20230702:0211,0.0,0.0,0.0,9.21,4.55,0.0
20230702:0311,0.0,0.0,0.0,9.09,4.41,0.0
20230702:0411,0.0,3.5,3.75,9.04,4.28,0.0
20230702:0511,184.85,58.59,10.52,9.3,4.21,0.0
20230702:0611,472.65,131.56,18.05,9.8,4.9,0.0
20230702:0711,941.95,239.79,26.01,10.45,5.17,0.0
20230702:0811,651.35,168.85,34.04,11.02,5.1,0.0
20230702:0911,1589.7,388.61,41.7,11.37,5.1,0.0
20230702:1011,1242.05,307.53,48.42,11.9,5.17,0.0
20230702:1111,1966.3,482.08,53.35,12.44,5.59,0.0
20230702:1211,551.05,146.48,55.52,12.53,5.45,0.0
20230702:1311,701.0,181.71,54.37,12.96,5.66,0.0
20230702:1411,2088.1,513.09,50.2,12.96,5.52,0.0
20230702:1511,3040.65,755.66,43.94,12.96,5.52,0.0
20230702:1611,1407.3,346.7,36.49,12.21,5.17,0.0
20230702:1711,1100.7,277.07,28.53,11.75,4.9,0.0
20230702:1811,296.9,86.22,20.51,11.34,4.9,0.0
20230702:1911,237.25,71.71,12.81,10.63,4.41,0.0
20230702:2011,75.75,30.61,5.77,10.08,3.79,0.0
20230702:2111,0.0,0.0,0.0,9.43,3.86,0.0
20230702:2211,0.0,0.0,0.0,8.95,3.86,0.0
20230702:2311,0.0,0.0,0.0,8.57,3.93,0.0
20230703:0011,0.0,0.0,0.0,8.5,4.0,0.0
20230703:0111,0.0,0.0,0.0,8.48,3.93,0.0
20230703:0211,0.0,0.0,0.0,8.55,4.0,0.0
20230703:0311,0.0,0.0,0.0,8.5,4.0,0.0
20230703:0411,0.0,2.62,3.66,8.63,4.07,0.0
20230703:0511,18.05,13.12,10.43,8.85,3.72,0.0
20230703:0611,428.25,118.45,17.96,9.06,4.14,0.0
20230703:0711,393.75,108.47,25.92,9.86,4.9,0.0
20230703:0811,588.25,153.9,33.95,10.32,4.55,0.0
20230703:0911,1258.9,309.87,41.62,10.47,4.41,0.0
20230703:1011,1427.7,351.0,48.33,11.18,4.55,0.0
20230703:1111,1266.55,313.39,53.26,11.56,4.76,0.0
20230703:1211,1609.45,396.24,55.45,11.87,4.55,0.0
20230703:1311,819.7,209.53,54.3,12.32,4.14,0.0
20230703:1411,764.85,196.55,50.14,12.29,4.34,0.0
20230703:1511,638.5,166.88,43.9,12.04,4.14,0.0
20230703:1611,571.65,151.12,36.46,11.71,3.86,0.0
20230703:1711,536.65,142.73,28.49,11.29,3.79,0.0
20230703:1811,274.0,80.66,20.47,10.84,3.66,0.0
20230703:1911,48.0,22.74,12.77,10.44,4.14,0.0
20230703:2011,10.8,10.49,5.72,10.12,3.86,0.0
20230703:2111,0.0,0.0,0.0,10.05,3.24,0.0
20230703:2211,0.0,0.0,0.0,10.04,2.69,0.0
20230703:2311,0.0,0.0,0.0,10.07,2.34,0.0
20230704:0011,0.0,0.0,0.0,9.96,1.59,0.0
20230704:0111,0.0,0.0,0.0,9.83,1.24,0.0
20230704:0211,0.0,0.0,0.0,9.6,1.31,0.0
20230704:0311,0.0,0.0,0.0,9.38,1.24,0.0
20230704:0411,0.0,2.62,3.57,9.11,0.9,0.0
20230704:0511,13.2,11.37,10.34,9.2,0.69,0.0
20230704:0611,342.35,97.27,17.87,9.42,0.83,0.0
20230704:0711,724.7,188.18,25.83,9.66,0.62,0.0
20230704:0811,1185.15,297.63,33.86,10.04,0.55,0.0
20230704:0911,1474.45,369.29,41.52,11.09,0.83,0.0
20230704:1011,1523.15,382.17,48.24,11.58,1.03,0.0
20230704:1111,2089.55,528.94,53.17,12.25,1.31,0.0
20230704:1211,1190.4,301.16,55.36,12.73,1.52,0.0
20230704:1311,1764.95,444.87,54.23,12.99,1.59,0.0
20230704:1411,1214.9,307.02,50.08,12.95,1.66,0.0
20230704:1511,1865.9,470.44,43.84,13.1,1.45,0.0
20230704:1611,1596.05,400.92,36.41,12.88,1.59,0.0
20230704:1711,818.75,211.56,28.45,12.42,1.72,0.0
20230704:1811,241.45,73.24,20.42,11.85,1.72,0.0
20230704:1911,50.55,23.61,12.72,11.68,1.52,0.0
20230704:2011,0.0,4.37,5.67,11.12,1.31,0.0
20230704:2111,0.0,0.0,0.0,10.51,1.24,0.0
20230704:2211,0.0,0.0,0.0,9.92,1.1,0.0
20230704:2311,0.0,0.0,0.0,9.43,1.1,0.0
20230705:0011,0.0,0.0,0.0,8.61,1.03,0.0
20230705:0111,0.0,0.0,0.0,8.47,0.83,0.0
20230705:0211,0.0,0.0,0.0,8.88,0.62,0.0
20230705:0311,0.0,0.0,0.0,8.79,0.48,0.0
20230705:0411,0.0,3.5,3.47,8.71,0.55,0.0
20230705:0511,122.45,42.85,10.24,8.4,0.69,0.0
20230705:0611,106.95,38.94,17.77,9.22,0.48,0.0
20230705:0711,0.0,0.0,0.0,9.86,0.83,0.0
20230705:0811,1482.9,371.62,33.76,10.55,0.76,0.0
20230705:0911,1425.3,356.98,41.43,11.26,0.97,0.0
20230705:1011,2158.4,547.93,48.14,11.95,0.97,0.0
20230705:1111,1964.25,499.56,53.08,12.97,0.97,0.0
20230705:1211,3194.95,858.93,55.27,13.34,0.97,0.0
20230705:1311,2189.7,561.38,54.15,14.3,1.38,0.0
20230705:1411,2158.65,552.47,50.02,14.71,1.52,0.0
20230705:1511,1953.5,497.5,43.79,14.98,1.52,0.0
20230705:1611,2199.35,561.69,36.36,14.74,1.72,0.0
20230705:1711,1271.7,328.13,28.4,14.58,2.14,0.0
20230705:1811,554.2,153.28,20.37,14.37,2.34,0.0
20230705:1911,246.9,75.2,12.67,13.98,2.0,0.0
20230705:2011,0.0,4.37,5.61,13.17,1.93,0.0
20230705:2111,0.0,0.0,0.0,12.32,1.66,0.0
20230705:2211,0.0,0.0,0.0,11.44,1.66,0.0
20230705:2311,0.0,0.0,0.0,10.6,1.79,0.0
20230706:0011,0.0,0.0,0.0,10.06,1.72,0.0
20230706:0111,0.0,0.0,0.0,9.54,1.79,0.0
20230706:0211,0.0,0.0,0.0,9.05,1.79,0.0
20230706:0311,0.0,0.0,0.0,8.87,1.79,0.0
20230706:0411,2.7,7.0,3.37,8.73,1.86,0.0
20230706:0511,187.95,59.46,10.14,9.36,1.93,0.0
20230706:0611,407.45,114.66,17.67,10.63,2.21,0.0
20230706:0711,748.85,194.77,25.63,11.89,2.83,0.0
20230706:0811,1374.3,343.87,33.66,12.92,2.83,0.0
20230706:0911,1455.3,364.48,41.32,13.82,2.76,0.0
20230706:1011,1050.75,268.31,48.04,14.68,2.41,0.0
20230706:1111,1330.55,337.9,52.97,15.35,2.34,0.0
20230706:1211,480.45,132.58,55.17,16.07,2.28,0.0
20230706:1311,2250.85,579.43,54.06,16.35,2.07,0.0
20230706:1411,1403.9,359.6,49.94,16.72,1.72,0.0
20230706:1511,785.6,207.05,43.72,16.79,1.59,0.0
20230706:1611,346.9,100.13,36.3,15.64,2.41,0.0
20230706:1711,186.85,60.26,28.34,14.14,2.83,0.0
20230706:1811,108.4,39.87,20.32,13.24,2.76,0.0
20230706:1911,157.1,52.47,12.61,12.82,2.48,0.0
20230706:2011,0.0,4.37,5.54,12.29,2.9,0.0
20230706:2111,0.0,0.0,0.0,11.9,3.45,0.0
20230706:2211,0.0,0.0,0.0,11.8,3.79,0.0
20230706:2311,0.0,0.0,0.0,11.82,4.14,0.0
20230707:0011,0.0,0.0,0.0,11.82,4.07,0.0
20230707:0111,0.0,0.0,0.0,11.9,3.66,0.0
20230707:0211,0.0,0.0,0.0,12.05,3.17,0.0
20230707:0311,0.0,0.0,0.0,12.18,2.55,0.0
20230707:0411,8.45,9.62,3.26,12.29,2.07,0.0
20230707:0511,146.8,49.84,10.03,12.78,1.86,0.0
20230707:0611,250.7,76.02,17.57,13.61,1.86,0.0
20230707:0711,637.75,170.49,25.52,14.93,2.0,0.0
20230707:0811,767.85,201.3,33.55,16.22,2.97,0.0
20230707:0911,1024.2,263.66,41.22,17.46,3.79,0.0
20230707:1011,2139.85,541.33,47.93,18.2,4.76,0.0
20230707:1111,1209.1,309.75,52.86,18.88,5.03,0.0
20230707:1211,1156.1,297.91,55.07,19.81,5.31,0.0
20230707:1311,1561.8,398.94,53.97,20.33,5.31,0.0
20230707:1411,1542.1,393.34,49.86,20.46,5.66,0.0
20230707:1511,1984.95,505.4,43.65,20.39,5.1,0.0
20230707:1611,778.6,206.96,36.24,20.58,4.69,0.0
20230707:1711,486.7,136.25,28.28,20.51,4.14,0.0
20230707:1811,468.95,133.81,20.25,20.02,3.52,0.0
20230707:1911,206.3,66.46,12.54,19.12,2.76,0.0
20230707:2011,6.0,8.74,5.47,18.43,2.34,0.0
20230707:2111,0.0,0.0,0.0,17.35,2.07,0.0
20230707:2211,0.0,0.0,0.0,16.21,1.72,0.0
20230707:2311,0.0,0.0,0.0,14.77,1.59,0.0
20230708:0011,0.0,0.0,0.0,13.22,1.66,0.0
20230708:0111,0.0,0.0,0.0,12.17,1.66,0.0
20230708:0211,0.0,0.0,0.0,11.56,1.72,0.0
20230708:0311,0.0,0.0,0.0,11.19,1.72,0.0
20230708:0411,20.3,13.99,3.15,10.88,1.72,0.0
20230708:0511,157.95,52.47,9.92,11.62,1.52,0.0
20230708:0611,336.9,124.27,17.46,14.85,1.38,0.0
20230708:0711,1137.9,311.93,25.41,17.4,1.93,0.0
20230708:0811,1990.15,517.11,33.44,19.42,2.41,0.0
20230708:0911,2701.7,708.26,41.11,21.13,3.38,0.0
20230708:1011,3241.65,868.64,47.81,22.53,4.0,0.0
20230708:1111,2647.55,698.31,52.75,23.71,4.55,0.0
20230708:1211,1154.15,303.95,54.96,24.37,5.17,0.0
20230708:1311,1900.85,494.41,53.87,24.41,5.38,0.0
20230708:1411,2191.65,570.71,49.78,23.9,4.97,0.0
20230708:1511,427.75,123.31,43.58,23.33,4.21,0.0
20230708:1611,287.1,88.08,36.17,22.96,3.66,0.0
20230708:1711,165.0,56.55,28.21,22.32,2.48,0.0
20230708:1811,67.75,29.67,20.19,21.92,2.14,0.0
20230708:1911,14.35,12.24,12.47,20.65,2.28,0.0
20230708:2011,0.0,4.37,5.39,19.45,1.79,0.0
20230708:2111,0.0,0.0,0.0,18.24,1.72,0.0
20230708:2211,0.0,0.0,0.0,17.48,1.93,0.0
20230708:2311,0.0,0.0,0.0,16.76,1.93,0.0
20230709:0011,0.0,0.0,0.0,16.2,1.72,0.0
20230709:0111,0.0,0.0,0.0,15.69,1.66,0.0
20230709:0211,0.0,0.0,0.0,15.06,0.9,0.0
20230709:0311,0.0,0.0,0.0,14.5,0.97,0.0
20230709:0411,0.0,1.75,3.03,13.91,1.1,0.0
20230709:0511,8.3,9.62,9.8,14.29,0.9,0.0
20230709:0611,104.0,38.94,17.34,14.65,0.83,0.0
20230709:0711,222.6,69.53,25.3,14.97,1.24,0.0
20230709:0811,621.2,166.2,33.33,15.54,1.72,0.0
20230709:0911,904.65,235.64,40.99,16.7,1.79,0.0
20230709:1011,1616.6,414.85,47.69,17.45,1.72,0.0
20230709:1111,1451.4,373.2,52.63,17.73,1.86,0.0
20230709:1211,1579.85,406.5,54.84,18.28,2.14,0.0
20230709:1311,1199.6,310.82,53.76,19.0,2.41,0.0
20230709:1411,2881.2,765.19,49.68,19.28,2.41,0.0
20230709:1511,2636.15,693.67,43.5,19.53,2.28,0.0
20230709:1611,2164.5,561.83,36.09,19.46,2.34,0.0
20230709:1711,1269.2,335.01,28.14,19.27,2.48,0.0
20230709:1811,584.05,169.61,20.11,18.91,2.48,0.0
20230709:1911,206.7,66.46,12.39,18.51,1.86,0.0
20230709:2011,6.05,8.74,5.31,17.67,1.38,0.0
20230709:2111,0.0,0.0,0.0,16.29,1.17,0.0
20230709:2211,0.0,0.0,0.0,15.41,1.24,0.0
20230709:2311,0.0,0.0,0.0,14.5,1.31,0.0
20230710:0011,0.0,0.0,0.0,14.09,1.17,0.0
20230710:0111,0.0,0.0,0.0,13.14,1.31,0.0
20230710:0211,0.0,0.0,0.0,12.74,1.31,0.0
20230710:0311,0.0,0.0,0.0,12.72,1.17,0.0
20230710:0411,12.9,11.37,2.9,12.08,1.24,0.0
20230710:0511,178.8,57.71,9.68,11.56,1.52,0.0
20230710:0611,319.75,121.72,17.22,13.78,1.86,0.0
20230710:0711,1161.55,314.21,25.18,14.73,2.41,0.0
20230710:0811,2054.25,523.46,33.21,15.64,2.62,0.0
20230710:0911,2624.25,675.14,40.87,16.65,2.76,0.0
20230710:1011,792.6,208.6,47.57,17.36,2.62,0.0
20230710:1111,1770.4,454.34,52.5,17.69,2.14,0.0
20230710:1211,1631.3,419.31,54.72,17.73,1.93,0.0
20230710:1311,2422.1,631.89,53.65,17.77,2.0,0.0
20230710:1411,1079.1,280.03,49.58,17.96,1.93,0.0
20230710:1511,1009.4,262.91,43.41,18.35,2.07,0.0
20230710:1611,1721.0,440.66,36.01,17.97,2.34,0.0
20230710:1711,788.3,208.22,28.06,16.99,2.14,0.0
20230710:1811,63.35,27.81,20.03,16.64,2.0,0.0
20230710:1911,14.9,12.24,12.3,15.32,1.66,0.0
20230710:2011,0.0,4.37,5.22,14.19,1.66,0.0
20230710:2111,0.0,0.0,0.0,13.51,1.79,0.0
20230710:2211,0.0,0.0,0.0,13.18,1.79,0.0
20230710:2311,0.0,0.0,0.0,12.95,1.93,0.0
20230711:0011,0.0,0.0,0.0,12.71,2.28,0.0
20230711:0111,0.0,0.0,0.0,12.32,2.55,0.0
20230711:0211,0.0,0.0,0.0,11.88,2.62,0.0
20230711:0311,0.0,0.0,0.0,11.68,2.21,0.0
20230711:0411,0.0,1.75,2.77,11.71,2.0,0.0
20230711:0511,6.4,8.74,9.56,11.72,2.0,0.0
20230711:0611,130.45,45.43,17.1,11.81,2.21,0.0
20230711:0711,123.0,43.57,25.06,12.33,2.41,0.0
20230711:0811,248.45,75.1,33.08,12.51,2.41,0.0
20230711:0911,390.95,109.4,40.74,12.58,2.28,0.0
20230711:1011,1423.8,358.05,47.44,13.44,2.0,0.0
20230711:1111,1282.5,323.73,52.37,13.94,2.41,0.0
20230711:1211,768.7,200.25,54.59,14.34,2.34,0.0
20230711:1311,818.85,213.23,53.53,15.47,2.48,0.0
20230711:1411,856.4,222.89,49.48,16.11,2.48,0.0
20230711:1511,876.85,228.11,43.31,16.55,2.62,0.0
20230711:1611,660.35,175.41,35.92,15.97,2.83,0.0
20230711:1711,384.0,108.47,27.97,14.4,2.83,0.0
20230711:1811,161.6,53.77,19.94,13.59,2.34,0.0
20230711:1911,166.65,55.09,12.21,13.68,2.07,0.0
20230711:2011,2.5,7.0,5.12,13.24,2.14,0.0
20230711:2111,0.0,0.0,0.0,12.47,2.21,0.0
20230711:2211,0.0,0.0,0.0,12.06,2.21,0.0
20230711:2311,0.0,0.0,0.0,11.76,2.41,0.0
20230712:0011,0.0,0.0,0.0,11.62,2.34,0.0
20230712:0111,0.0,0.0,0.0,11.56,2.41,0.0
20230712:0211,0.0,0.0,0.0,11.15,2.41,0.0
20230712:0311,0.0,0.0,0.0,11.25,2.48,0.0
20230712:0411,6.45,8.74,2.64,11.15,2.83,0.0
20230712:0511,59.7,26.23,9.42,11.29,2.28,0.0
20230712:0611,185.5,59.33,16.97,11.56,2.28,0.0
20230712:0711,214.95,66.75,24.93,12.25,3.45,0.0
20230712:0811,664.05,173.64,32.95,12.65,3.17,0.0
20230712:0911,644.85,169.66,40.61,13.22,2.9,0.0
20230712:1011,584.1,155.75,47.31,13.84,2.83,0.0
20230712:1111,508.55,138.14,52.23,14.41,3.03,0.0
20230712:1211,947.05,242.41,54.45,14.45,3.24,0.0
20230712:1311,986.15,250.75,53.4,13.67,3.45,0.0
20230712:1411,979.9,250.59,49.36,14.41,2.76,0.0
20230712:1511,1473.4,370.6,43.21,14.5,2.55,0.0
20230712:1611,1236.3,313.41,35.83,14.93,2.34,0.0
20230712:1711,999.05,258.1,27.88,14.85,2.48,0.0
20230712:1811,250.2,76.02,19.85,14.19,2.62,0.0
20230712:1911,163.05,54.22,12.12,13.91,2.14,0.0
20230712:2011,0.0,3.5,5.01,13.48,1.79,0.0
20230712:2111,0.0,0.0,0.0,12.87,1.45,0.0
20230712:2211,0.0,0.0,0.0,11.97,1.52,0.0
20230712:2311,0.0,0.0,0.0,11.52,1.59,0.0
20230713:0011,0.0,0.0,0.0,11.03,1.59,0.0
20230713:0111,0.0,0.0,0.0,11.02,1.59,0.0
20230713:0211,0.0,0.0,0.0,10.67,1.52,0.0
20230713:0311,0.0,0.0,0.0,10.51,1.45,0.0
20230713:0411,0.0,1.75,2.5,10.3,1.38,0.0
20230713:0511,141.5,48.1,9.29,10.6,1.1,0.0
20230713:0611,418.65,120.8,16.83,11.46,1.17,0.0
20230713:0711,1018.0,267.72,24.8,11.93,1.52,0.0
20230713:0811,1363.75,343.03,32.82,12.45,1.59,0.0
20230713:0911,1282.45,322.68,40.47,12.87,1.72,0.0
20230713:1011,2343.15,596.44,47.17,13.54,1.79,0.0
20230713:1111,2508.2,644.3,52.09,14.26,1.93,0.0
20230713:1211,963.85,247.05,54.31,14.17,2.21,0.0
20230713:1311,1810.55,457.55,53.27,14.9,2.41,0.0
20230713:1411,1429.6,362.0,49.24,15.49,2.55,0.0
20230713:1511,1342.95,340.38,43.1,15.55,2.48,0.0
20230713:1611,567.35,152.97,35.73,15.44,2.41,0.0
20230713:1711,532.85,144.6,27.78,15.15,2.41,0.0
20230713:1811,568.1,158.71,19.75,14.34,2.69,0.0
20230713:1911,52.85,24.48,12.01,13.9,1.52,0.0
20230713:2011,47.2,22.74,4.9,13.31,1.38,0.0
20230713:2111,0.0,0.0,0.0,12.53,1.03,0.0
20230713:2211,0.0,0.0,0.0,12.34,0.55,0.0
20230713:2311,0.0,0.0,0.0,12.16,0.28,0.0
20230714:0011,0.0,0.0,0.0,11.88,0.55,0.0
20230714:0111,0.0,0.0,0.0,11.58,0.62,0.0
20230714:0211,0.0,0.0,0.0,11.13,0.62,0.0
20230714:0311,0.0,0.0,0.0,10.57,0.76,0.0
20230714:0411,0.0,1.75,2.36,9.49,0.76,0.0
20230714:0511,8.7,9.62,9.15,9.01,0.83,0.0
20230714:0611,167.8,54.7,16.7,10.31,1.03,0.0
20230714:0711,294.95,86.22,24.66,11.87,1.72,0.0
20230714:0811,512.4,138.14,32.69,12.33,1.86,0.0
20230714:0911,1360.15,340.63,40.33,12.79,2.14,0.0
20230714:1011,1052.9,266.97,47.02,12.95,2.14,0.0
20230714:1111,624.7,165.02,51.94,13.25,2.62,0.0
20230714:1211,697.4,182.64,54.16,13.52,2.21,0.0
20230714:1311,1582.65,398.82,53.13,13.75,1.93,0.0
20230714:1411,1416.05,357.92,49.12,14.49,2.07,0.0
20230714:1511,906.05,234.05,42.99,15.0,2.0,0.0
20230714:1611,871.85,225.82,35.62,15.72,2.76,0.0
20230714:1711,271.0,81.59,27.68,15.65,2.83,0.0
20230714:1811,73.6,30.59,19.65,15.21,2.76,0.0
20230714:1911,15.0,12.24,11.9,14.56,2.97,0.0
20230714:2011,0.0,3.5,4.79,13.63,3.31,0.0
20230714:2111,0.0,0.0,0.0,12.99,3.17,0.0
20230714:2211,0.0,0.0,0.0,12.57,3.59,0.0
20230714:2311,0.0,0.0,0.0,12.28,4.14,0.0
20230715:0011,0.0,0.0,0.0,12.1,4.62,0.0
20230715:0111,0.0,0.0,0.0,11.96,4.97,0.0
20230715:0211,0.0,0.0,0.0,12.01,4.9,0.0
20230715:0311,0.0,0.0,0.0,12.06,4.9,0.0
20230715:0411,0.0,3.5,2.21,11.89,4.21,0.0
20230715:0511,154.6,51.59,9.0,11.79,3.38,0.0
20230715:0611,395.05,123.47,16.55,11.76,2.62,0.0
20230715:0711,966.1,254.51,24.52,12.67,1.72,0.0
20230715:0811,1726.15,439.92,32.54,13.79,0.97,0.0
20230715:0911,1215.75,310.4,40.19,15.23,1.38,0.0
20230715:1011,1141.65,293.58,46.87,16.48,1.79,0.0
20230715:1111,2058.9,529.58,51.78,17.23,2.07,0.0
20230715:1211,831.35,218.8,54.01,18.11,2.55,0.0
20230715:1311,1651.0,422.53,52.98,18.24,2.83,0.0
20230715:1411,1436.65,366.34,48.99,17.26,2.76,0.0
20230715:1511,1303.1,332.42,42.87,16.3,2.07,0.0
20230715:1611,851.3,222.85,35.51,16.63,1.45,0.0
20230715:1711,235.75,73.24,27.57,16.62,1.72,0.0
20230715:1811,309.9,91.37,19.54,15.77,2.14,0.0
20230715:1911,220.9,69.08,11.79,14.86,1.17,0.0
20230715:2011,44.0,21.86,4.67,14.34,1.1,0.0
20230715:2111,0.0,0.0,0.0,13.51,1.24,0.0
20230715:2211,0.0,0.0,0.0,12.69,1.52,0.0
20230715:2311,0.0,0.0,0.0,12.11,1.72,0.0
20230716:0011,0.0,0.0,0.0,11.93,1.79,0.0
20230716:0111,0.0,0.0,0.0,11.81,2.0,0.0
20230716:0211,0.0,0.0,0.0,11.52,2.14,0.0
20230716:0311,0.0,0.0,0.0,11.5,2.28,0.0
20230716:0411,0.0,0.87,2.06,11.51,2.76,0.0
20230716:0511,4.4,7.87,8.86,11.91,2.9,0.0
20230716:0611,64.9,27.81,16.41,12.32,2.69,0.0
20230716:0711,855.1,224.39,24.38,13.08,2.21,0.0
20230716:0811,1364.4,342.45,32.4,13.56,2.9,0.0
20230716:0911,1356.45,338.78,40.04,13.94,3.79,0.0
20230716:1011,1063.6,269.27,46.72,14.23,3.93,0.0
20230716:1111,1503.4,375.75,51.62,14.31,3.86,0.0
20230716:1211,296.55,87.15,53.85,14.14,4.48,0.0
20230716:1311,342.15,98.27,52.83,14.46,4.34,0.0
20230716:1411,353.35,101.05,48.85,14.75,4.62,0.0
20230716:1511,960.9,244.05,42.74,14.3,5.17,0.0
20230716:1611,733.6,189.77,35.39,13.47,5.38,0.0
20230716:1711,423.25,116.82,27.45,12.92,4.9,0.0
20230716:1811,352.5,100.23,19.42,12.49,4.48,0.0
20230716:1911,47.7,22.74,11.67,11.56,4.21,0.0
20230716:2011,0.0,3.5,4.54,11.01,3.72,0.0
20230716:2111,0.0,0.0,0.0,10.39,3.38,0.0
20230716:2211,0.0,0.0,0.0,9.99,3.38,0.0
20230716:2311,0.0,0.0,0.0,9.55,3.24,0.0
20230717:0011,0.0,0.0,0.0,9.36,3.17,0.0
20230717:0111,0.0,0.0,0.0,9.28,3.17,0.0
20230717:0211,0.0,0.0,0.0,9.26,3.03,0.0
20230717:0311,0.0,0.0,0.0,9.18,2.83,0.0
20230717:0411,0.0,0.87,1.9,9.12,2.62,0.0
20230717:0511,4.55,7.87,8.7,9.15,2.69,0.0
20230717:0611,187.6,59.33,16.26,9.38,2.55,0.0
20230717:0711,520.35,138.56,24.23,9.93,3.03,0.0
20230717:0811,526.35,139.99,32.25,10.52,3.17,0.0
20230717:0911,1214.9,301.55,39.89,11.08,3.24,0.0
20230717:1011,1547.95,382.62,46.56,11.88,3.45,0.0
20230717:1111,2725.95,685.01,51.46,12.86,3.79,0.0
20230717:1211,2172.6,541.78,53.68,13.48,3.79,0.0
20230717:1311,980.3,248.91,52.67,13.74,4.14,0.0
20230717:1411,1208.45,303.24,48.7,13.84,4.14,0.0
20230717:1511,1072.85,270.39,42.61,13.81,4.48,0.0
20230717:1611,810.2,208.09,35.26,13.47,4.41,0.0
20230717:1711,879.05,225.6,27.33,13.01,3.66,0.0
20230717:1811,338.7,96.94,19.29,12.59,3.45,0.0
20230717:1911,71.7,29.73,11.54,12.22,2.76,0.0
20230717:2011,22.75,14.87,4.4,11.51,2.07,0.0
20230717:2111,0.0,0.0,0.0,11.0,1.72,0.0
20230717:2211,0.0,0.0,0.0,10.58,1.66,0.0
20230717:2311,0.0,0.0,0.0,10.06,1.66,0.0
20230718:0011,0.0,0.0,0.0,9.62,1.59,0.0
20230718:0111,0.0,0.0,0.0,9.04,1.52,0.0
20230718:0211,0.0,0.0,0.0,8.4,1.52,0.0
20230718:0311,0.0,0.0,0.0,7.69,1.52,0.0
20230718:0411,0.0,0.87,1.74,7.34,1.45,0.0
20230718:0511,130.05,44.6,8.55,7.39,1.38,0.0
20230718:0611,392.35,112.65,16.11,9.46,1.24,0.0
20230718:0711,829.55,215.73,24.08,10.46,1.52,0.0
20230718:0811,1667.55,417.17,32.1,11.49,1.72,0.0
20230718:0911,1578.1,394.59,39.73,12.41,1.72,0.0
20230718:1011,2132.85,539.61,46.39,13.29,1.72,0.0
20230718:1111,3743.6,1018.31,51.29,13.95,1.93,0.0
20230718:1211,2537.75,651.08,53.51,14.2,2.14,0.0
20230718:1311,2327.4,594.44,52.51,14.94,2.28,0.0
20230718:1411,2267.65,578.54,48.55,15.15,2.21,0.0
20230718:1511,1285.75,326.71,42.47,15.19,1.93,0.0
20230718:1611,1385.45,350.67,35.13,15.32,2.34,0.0
20230718:1711,1023.5,264.24,27.2,14.9,2.69,0.0
20230718:1811,589.45,173.38,19.16,13.89,2.41,0.0
20230718:1911,12.85,11.37,11.4,12.57,1.24,0.0
20230718:2011,38.85,20.11,4.26,12.16,0.62,0.0
20230718:2111,0.0,0.0,0.0,11.6,0.9,0.0
20230718:2211,0.0,0.0,0.0,11.05,1.03,0.0
20230718:2311,0.0,0.0,0.0,10.04,1.17,0.0
20230719:0011,0.0,0.0,0.0,9.8,1.24,0.0
20230719:0111,0.0,0.0,0.0,9.53,1.31,0.0
20230719:0211,0.0,0.0,0.0,8.92,1.38,0.0
20230719:0311,0.0,0.0,0.0,8.98,1.31,0.0
20230719:0411,0.0,0.87,1.57,8.8,1.38,0.0
20230719:0511,135.6,46.35,8.39,9.26,1.31,0.0
20230719:0611,395.7,115.19,15.95,10.33,1.79,0.0
20230719:0711,941.75,245.39,23.92,10.81,2.34,0.0
20230719:0811,703.2,182.34,31.94,11.76,2.69,0.0
20230719:0911,731.25,189.43,39.57,12.53,2.97,0.0
20230719:1011,324.65,93.64,46.23,13.01,2.97,0.0
20230719:1111,789.85,203.96,51.11,13.23,2.9,0.0
20230719:1211,2021.4,506.2,53.33,13.37,2.9,0.0
20230719:1311,868.85,223.43,52.34,13.97,2.97,0.0
20230719:1411,921.9,236.32,48.39,14.14,2.83,0.0
20230719:1511,538.5,145.56,42.32,14.74,2.69,0.0
20230719:1611,581.15,155.75,34.99,14.85,2.76,0.0
20230719:1711,817.65,212.75,27.07,14.6,2.9,0.0
20230719:1811,492.9,137.63,19.03,14.16,2.9,0.0
20230719:1911,223.2,69.08,11.26,13.17,2.69,0.0
20230719:2011,0.0,4.37,4.12,12.54,2.48,0.0
20230719:2111,0.0,0.0,0.0,11.69,2.28,0.0
20230719:2211,0.0,0.0,0.0,11.07,2.34,0.0
20230719:2311,0.0,0.0,0.0,10.46,2.28,0.0
20230720:0011,0.0,0.0,0.0,10.2,2.34,0.0
20230720:0111,0.0,0.0,0.0,10.02,2.41,0.0
20230720:0211,0.0,0.0,0.0,9.85,2.41,0.0
20230720:0311,0.0,0.0,0.0,10.04,2.55,0.0
20230720:0411,0.0,0.87,1.4,9.65,2.14,0.0
20230720:0511,57.15,25.36,8.22,9.85,2.21,0.0
20230720:0611,232.35,70.46,15.79,10.05,2.41,0.0
20230720:0711,705.9,184.09,23.76,10.35,2.28,0.0
20230720:0811,1614.85,400.83,31.78,10.74,2.28,0.0
20230720:0911,1825.5,451.43,39.41,11.38,2.55,0.0
20230720:1011,1791.55,443.94,46.05,12.11,2.97,0.0
20230720:1111,1578.45,393.29,50.93,12.95,3.03,0.0
20230720:1211,1887.25,471.43,53.15,13.55,3.17,0.0
20230720:1311,953.55,243.35,52.16,13.8,3.1,0.0
20230720:1411,650.65,171.51,48.23,13.99,3.1,0.0
20230720:1511,1292.4,324.18,42.17,13.9,3.24,0.0
20230720:1611,593.15,157.61,34.85,13.46,2.9,0.0
20230720:1711,177.15,57.48,26.93,12.67,2.83,0.0
20230720:1811,45.95,22.25,18.89,11.95,2.48,0.0
20230720:1911,12.95,11.37,11.12,11.42,1.72,0.0
20230720:2011,0.0,2.62,3.96,10.94,1.1,0.0
20230720:2111,0.0,0.0,0.0,10.61,1.03,0.0
20230720:2211,0.0,0.0,0.0,9.67,1.03,0.0
20230720:2311,0.0,0.0,0.0,9.19,1.17,0.0
20230721:0011,0.0,0.0,0.0,8.42,1.38,0.0
20230721:0111,0.0,0.0,0.0,8.17,1.38,0.0
20230721:0211,0.0,0.0,0.0,7.89,1.52,0.0
20230721:0311,0.0,0.0,0.0,7.75,1.59,0.0
20230721:0411,0.0,0.0,0.0,7.81,1.66,0.0
20230721:0511,28.6,16.61,8.05,8.0,1.72,0.0
20230721:0611,233.55,70.46,15.62,8.87,1.86,0.0
20230721:0711,349.05,98.27,23.6,9.85,2.41,0.0
20230721:0811,582.4,153.13,31.62,10.36,2.55,0.0
20230721:0911,939.45,237.17,39.24,11.15,2.76,0.0
20230721:1011,1425.4,354.28,45.88,11.92,2.76,0.0
20230721:1111,1041.9,263.74,50.74,13.01,2.9,0.0
20230721:1211,988.9,251.71,52.96,13.48,2.83,0.0
20230721:1311,1549.3,388.56,51.98,14.05,2.9,0.0
20230721:1411,2813.1,720.22,48.06,14.24,2.9,0.0
20230721:1511,2889.05,739.36,42.01,14.31,2.9,0.0
20230721:1611,1014.5,258.25,34.7,14.33,2.97,0.0
20230721:1711,474.3,129.81,26.78,13.91,2.76,0.0
20230721:1811,305.9,89.53,18.74,13.52,2.48,0.0
20230721:1911,180.45,58.59,10.97,13.51,1.24,0.0
20230721:2011,0.0,5.25,3.8,12.86,0.62,0.0
20230721:2111,0.0,0.0,0.0,11.81,0.76,0.0
20230721:2211,0.0,0.0,0.0,11.05,0.97,0.0
20230721:2311,0.0,0.0,0.0,11.12,0.83,0.0
20230722:0011,0.0,0.0,0.0,10.75,0.69,0.0
20230722:0111,0.0,0.0,0.0,10.43,0.62,0.0
20230722:0211,0.0,0.0,0.0,9.98,0.69,0.0
20230722:0311,0.0,0.0,0.0,9.51,0.76,0.0
20230722:0411,0.0,0.0,0.0,8.34,0.83,0.0
20230722:0511,130.05,44.6,7.88,7.28,0.76,0.0
20230722:0611,300.6,108.56,15.46,8.22,0.83,0.0
20230722:0711,1057.55,280.01,23.44,10.46,2.28,0.0
20230722:0811,1992.25,497.11,31.45,11.78,2.83,0.0
20230722:0911,2267.95,566.72,39.06,13.07,2.97,0.0
20230722:1011,1895.8,473.75,45.69,13.86,3.03,0.0
20230722:1111,3772.7,1006.37,50.55,14.61,3.1,0.0
20230722:1211,3086.45,799.24,52.76,14.71,3.17,0.0
20230722:1311,3145.0,818.41,51.79,14.92,3.03,0.0
20230722:1411,2783.85,714.27,47.88,15.14,3.03,0.0
20230722:1511,2275.45,574.07,41.85,14.7,2.9,0.0
20230722:1611,1923.4,482.79,34.54,14.61,2.97,0.0
20230722:1711,1127.05,289.39,26.63,14.19,3.1,0.0
20230722:1811,566.9,163.2,18.59,13.55,3.38,0.0
20230722:1911,209.2,65.58,10.81,13.2,3.38,0.0
20230722:2011,0.0,4.37,3.64,12.49,3.24,0.0
20230722:2111,0.0,0.0,0.0,11.48,2.97,0.0
20230722:2211,0.0,0.0,0.0,10.65,2.76,0.0
20230722:2311,0.0,0.0,0.0,10.07,2.62,0.0
20230723:0011,0.0,0.0,0.0,9.52,2.41,0.0
20230723:0111,0.0,0.0,0.0,9.4,2.48,0.0
20230723:0211,0.0,0.0,0.0,9.4,2.41,0.0
20230723:0311,0.0,0.0,0.0,9.39,2.14,0.0
20230723:0411,0.0,0.0,0.0,9.26,2.21,0.0
20230723:0511,25.7,15.74,7.7,9.34,2.83,0.0
20230723:0611,376.2,109.01,15.28,9.74,4.0,0.0
20230723:0711,462.0,124.94,23.27,10.57,4.41,0.0
20230723:0811,663.35,172.03,31.28,11.33,4.48,0.0
20230723:0911,741.0,190.37,38.89,11.63,4.34,0.0
20230723:1011,577.95,152.97,45.51,12.26,3.79,0.0
20230723:1111,1491.3,370.14,50.36,12.94,4.0,0.0
20230723:1211,1547.45,384.29,52.56,13.13,4.0,0.0
20230723:1311,3942.65,1034.42,51.59,12.94,4.0,0.0
20230723:1411,2765.55,696.21,47.7,13.09,3.72,0.0
20230723:1511,1845.25,457.55,41.67,13.29,3.59,0.0
20230723:1611,831.75,213.39,34.38,13.22,3.45,0.0
20230723:1711,630.5,166.16,26.47,12.87,3.24,0.0
20230723:1811,226.05,69.53,18.43,12.39,3.03,0.0
20230723:1911,47.6,22.74,10.64,11.91,2.97,0.0
20230723:2011,0.0,2.62,3.47,11.4,2.55,0.0
20230723:2111,0.0,0.0,0.0,10.77,2.28,0.0
20230723:2211,0.0,0.0,0.0,10.32,2.21,0.0
20230723:2311,0.0,0.0,0.0,9.86,2.14,0.0
20230724:0011,0.0,0.0,0.0,9.16,1.86,0.0
20230724:0111,0.0,0.0,0.0,8.75,1.66,0.0
20230724:0211,0.0,0.0,0.0,8.59,1.66,0.0
20230724:0311,0.0,0.0,0.0,8.23,1.66,0.0
20230724:0411,0.0,0.0,0.0,8.08,1.52,0.0
20230724:0511,20.65,13.99,7.52,8.14,1.59,0.0
20230724:0611,238.1,71.63,15.11,8.57,2.14,0.0
20230724:0711,531.55,141.21,23.09,9.53,2.69,0.0
20230724:0811,901.7,227.23,31.11,10.0,2.76,0.0
20230724:0911,892.75,225.45,38.71,10.46,2.83,0.0
20230724:1011,1129.65,282.01,45.32,10.75,2.55,0.0
20230724:1111,503.95,135.36,50.16,11.36,2.69,0.0
20230724:1211,1170.55,293.67,52.36,12.13,2.69,0.0
20230724:1311,1062.1,268.0,51.39,12.45,2.76,0.0
20230724:1411,1055.35,266.0,47.51,12.49,3.1,0.0
20230724:1511,1789.15,442.15,41.5,12.35,3.38,0.0
20230724:1611,1178.4,294.81,34.21,12.6,3.31,0.0
20230724:1711,750.55,194.47,26.3,12.25,2.97,0.0
20230724:1811,426.9,119.22,18.26,12.02,2.76,0.0
20230724:1911,50.45,23.61,10.47,12.13,2.34,0.0
20230724:2011,0.0,3.5,3.29,11.58,2.41,0.0
20230724:2111,0.0,0.0,0.0,10.91,2.55,0.0
20230724:2211,0.0,0.0,0.0,10.52,2.55,0.0
20230724:2311,0.0,0.0,0.0,10.3,2.62,0.0
20230725:0011,0.0,0.0,0.0,10.16,2.48,0.0
20230725:0111,0.0,0.0,0.0,10.14,2.76,0.0
20230725:0211,0.0,0.0,0.0,10.02,2.62,0.0
20230725:0311,0.0,0.0,0.0,9.86,2.48,0.0
20230725:0411,0.0,0.0,0.0,9.75,2.48,0.0
20230725:0511,0.9,6.12,7.34,9.64,2.69,0.0
20230725:0611,233.15,70.7,14.93,9.68,2.9,0.0
20230725:0711,434.25,118.46,22.92,9.84,2.34,0.0
20230725:0811,546.7,144.63,30.93,9.86,2.14,0.0
20230725:0911,1398.1,346.43,38.52,10.33,1.79,0.0
20230725:1011,856.7,218.29,45.12,10.85,1.79,0.0
20230725:1111,809.35,207.67,49.95,11.55,1.93,0.0
20230725:1211,3077.1,799.34,52.15,12.44,2.07,0.0
20230725:1311,1767.3,442.33,51.19,12.9,2.28,0.0
20230725:1411,686.0,179.86,47.31,13.68,2.62,0.0
20230725:1511,662.8,174.3,41.31,13.55,2.55,0.0
20230725:1611,848.45,218.65,34.03,13.85,2.34,0.0
20230725:1711,552.2,148.47,26.13,13.66,2.07,0.0
20230725:1811,335.35,96.55,18.09,12.78,2.21,0.0
20230725:1911,50.45,23.61,10.3,12.02,1.31,0.0
20230725:2011,0.0,2.62,3.11,11.76,0.34,0.0
20230725:2111,0.0,0.0,0.0,11.5,0.14,0.0
20230725:2211,0.0,0.0,0.0,10.95,0.41,0.0
20230725:2311,0.0,0.0,0.0,10.42,0.55,0.0
20230726:0011,0.0,0.0,0.0,10.06,0.76,0.0
20230726:0111,0.0,0.0,0.0,9.27,0.9,0.0
20230726:0211,0.0,0.0,0.0,8.21,0.9,0.0
20230726:0311,0.0,0.0,0.0,7.58,0.9,0.0
20230726:0411,0.0,0.0,0.0,7.19,0.97,0.0
20230726:0511,93.1,34.98,7.15,7.07,1.03,0.0
20230726:0611,330.2,107.89,14.75,8.53,0.83,0.0
20230726:0711,943.6,249.72,22.74,9.92,0.34,0.0
20230726:0811,1822.4,460.88,30.75,11.24,0.76,0.0
20230726:0911,2647.4,692.19,38.34,12.42,0.28,0.0
20230726:1011,3128.3,852.65,44.93,13.61,0.14,0.0
20230726:1111,3460.25,967.12,49.74,14.92,0.48,0.0
20230726:1211,3647.4,1033.6,51.93,16.25,0.83,0.0
20230726:1311,3518.55,994.76,50.97,17.19,0.76,0.0
20230726:1411,3351.0,931.6,47.11,17.51,0.9,0.0
20230726:1511,2409.55,624.7,41.13,17.15,1.86,0.0
20230726:1611,732.35,192.95,33.85,16.28,2.69,0.0
20230726:1711,1072.35,277.95,25.95,15.57,2.83,0.0
20230726:1811,545.05,164.76,17.91,15.05,2.83,0.0
20230726:1911,172.25,56.84,10.12,15.15,2.07,0.0
20230726:2011,17.45,13.12,2.92,14.07,1.79,0.0
20230726:2111,0.0,0.0,0.0,12.94,1.59,0.0
20230726:2211,0.0,0.0,0.0,12.43,1.52,0.0
20230726:2311,0.0,0.0,0.0,12.06,1.52,0.0
20230727:0011,0.0,0.0,0.0,11.95,1.52,0.0
20230727:0111,0.0,0.0,0.0,12.03,1.52,0.0
20230727:0211,0.0,0.0,0.0,12.0,1.45,0.0
20230727:0311,0.0,0.0,0.0,12.02,1.45,0.0
20230727:0411,0.0,0.0,0.0,11.93,1.45,0.0
20230727:0511,44.7,21.86,6.96,11.7,1.45,0.0
20230727:0611,195.65,62.12,14.57,12.34,1.17,0.0
20230727:0711,463.3,127.56,22.55,13.54,1.66,0.0
20230727:0811,1361.9,344.38,30.56,14.52,2.41,0.0
20230727:0911,729.9,191.66,38.14,15.36,2.55,0.0
20230727:1011,543.4,147.41,44.72,15.89,2.83,0.0
20230727:1111,232.95,72.31,49.53,16.05,2.62,0.0
20230727:1211,1093.3,280.24,51.71,16.03,2.55,0.0
20230727:1311,677.7,179.86,50.75,16.3,2.83,0.0
20230727:1411,950.45,245.65,46.9,16.24,2.55,0.0
20230727:1511,985.55,253.78,40.93,16.21,2.69,0.0
20230727:1611,697.95,184.61,33.67,15.81,2.07,0.0
20230727:1711,899.45,235.57,25.77,15.59,1.66,0.0
20230727:1811,462.55,132.69,17.73,15.42,1.72,0.0
20230727:1911,107.8,40.23,9.93,16.38,1.52,0.0
20230727:2011,6.15,8.74,2.72,16.09,1.66,0.0
20230727:2111,0.0,0.0,0.0,15.45,1.72,0.0
20230727:2211,0.0,0.0,0.0,15.03,1.72,0.0
20230727:2311,0.0,0.0,0.0,14.72,1.59,0.0
20230728:0011,0.0,0.0,0.0,14.39,1.52,0.0
20230728:0111,0.0,0.0,0.0,14.03,1.38,0.0
20230728:0211,0.0,0.0,0.0,13.75,1.24,0.0
20230728:0311,0.0,0.0,0.0,13.31,1.1,0.0
20230728:0411,0.0,0.0,0.0,12.89,1.17,0.0
20230728:0511,47.45,22.74,6.77,12.32,1.1,0.0
20230728:0611,202.4,63.97,14.38,12.91,0.76,0.0
20230728:0711,494.8,135.74,22.37,13.85,0.69,0.0
20230728:0811,1660.25,425.08,30.37,14.45,0.83,0.0
20230728:0911,1227.05,313.75,37.95,15.37,1.1,0.0
20230728:1011,872.05,227.08,44.52,16.28,2.14,0.0
20230728:1111,2568.9,663.88,49.31,17.19,2.83,0.0
20230728:1211,2404.2,620.98,51.48,18.25,3.03,0.0
20230728:1311,2448.85,635.07,50.53,18.98,3.1,0.0
20230728:1411,3315.25,887.3,46.69,19.47,3.17,0.0
20230728:1511,2683.05,700.41,40.73,19.55,3.03,0.0
20230728:1611,2147.85,553.17,33.48,19.21,3.03,0.0
20230728:1711,1309.2,345.63,25.58,18.55,2.97,0.0
20230728:1811,503.2,170.12,17.54,17.6,2.83,0.0
20230728:1911,171.1,56.84,9.73,16.55,2.69,0.0
20230728:2011,0.0,5.25,2.52,15.63,2.07,0.0
20230728:2111,0.0,0.0,0.0,14.59,1.79,0.0
20230728:2211,0.0,0.0,0.0,13.77,1.72,0.0
20230728:2311,0.0,0.0,0.0,12.96,1.66,0.0
20230729:0011,0.0,0.0,0.0,12.39,1.52,0.0
20230729:0111,0.0,0.0,0.0,11.87,1.38,0.0
20230729:0211,0.0,0.0,0.0,11.73,1.31,0.0
20230729:0311,0.0,0.0,0.0,11.73,1.31,0.0
20230729:0411,0.0,0.0,0.0,11.77,1.31,0.0
20230729:0511,44.65,21.86,6.57,11.88,1.31,0.0
20230729:0611,298.35,89.21,14.19,12.53,1.38,0.0
20230729:0711,311.8,90.86,22.18,13.54,2.0,0.0
20230729:0811,1336.85,337.47,30.18,14.14,2.48,0.0
20230729:0911,2651.0,674.16,37.75,14.79,2.9,0.0
20230729:1011,2416.3,613.5,44.31,15.62,3.1,0.0
20230729:1111,2429.8,616.94,49.08,16.07,3.59,0.0
20230729:1211,644.15,171.51,51.25,16.39,3.79,0.0
20230729:1311,750.6,196.55,50.3,16.12,4.21,0.0
20230729:1411,2977.8,764.45,46.47,16.4,4.07,0.0
20230729:1511,1913.35,479.8,40.52,16.23,4.0,0.0
20230729:1611,1696.45,423.65,33.28,15.05,3.93,0.0
20230729:1711,1152.6,296.61,25.39,14.43,3.66,0.0
20230729:1811,294.95,87.3,17.34,14.45,3.59,0.0
20230729:1911,159.45,53.34,9.54,14.26,3.24,0.0
20230729:2011,0.0,1.75,2.32,13.46,3.31,0.0
20230729:2111,0.0,0.0,0.0,12.77,2.97,0.0
20230729:2211,0.0,0.0,0.0,12.12,2.76,0.0
20230729:2311,0.0,0.0,0.0,11.68,2.69,0.0
20230730:0011,0.0,0.0,0.0,11.43,2.62,0.0
20230730:0111,0.0,0.0,0.0,11.12,2.41,0.0
20230730:0211,0.0,0.0,0.0,10.97,2.21,0.0
20230730:0311,0.0,0.0,0.0,10.82,2.07,0.0
20230730:0411,0.0,0.0,0.0,10.7,1.72,0.0
20230730:0511,15.4,12.24,6.37,10.68,1.45,0.0
20230730:0611,326.9,101.7,13.99,11.16,1.03,0.0
20230730:0711,1008.45,275.52,21.99,12.46,0.9,0.0
20230730:0811,1918.6,486.84,29.99,12.95,1.52,0.0
20230730:0911,2436.0,622.02,37.55,13.49,1.52,0.0
20230730:1011,2420.8,621.54,44.09,14.76,1.72,0.0
20230730:1111,358.35,102.91,48.86,15.53,2.07,0.0
20230730:1211,1641.75,417.53,51.01,16.48,2.41,0.0
20230730:1311,2634.85,682.68,50.06,16.76,2.62,0.0
20230730:1411,3217.2,852.4,46.25,17.16,2.69,0.0
20230730:1511,1745.1,444.37,40.31,17.49,2.55,0.0
20230730:1611,626.15,168.35,33.07,17.37,2.55,0.0
20230730:1711,918.5,241.5,25.19,17.0,2.28,0.0
20230730:1811,486.25,163.62,17.14,16.56,2.0,0.0
20230730:1911,167.6,55.97,9.33,16.27,0.76,0.0
20230730:2011,0.0,1.75,2.1,16.05,0.07,0.0
20230730:2111,0.0,0.0,0.0,15.2,0.62,0.0
20230730:2211,0.0,0.0,0.0,13.77,0.9,0.0
20230730:2311,0.0,0.0,0.0,13.16,0.9,0.0
20230731:0011,0.0,0.0,0.0,12.27,0.97,0.0
20230731:0111,0.0,0.0,0.0,10.94,1.31,0.0
20230731:0211,0.0,0.0,0.0,9.66,1.59,0.0
20230731:0311,0.0,0.0,0.0,9.1,1.52,0.0
20230731:0411,0.0,0.0,0.0,8.96,1.45,0.0
20230731:0511,82.5,32.35,6.17,8.93,1.38,0.0
20230731:0611,278.45,96.71,13.79,10.65,1.66,0.0
20230731:0711,410.95,113.88,21.79,11.61,2.21,0.0
20230731:0811,312.35,90.86,29.79,13.27,2.28,0.0
20230731:0911,684.85,180.21,37.34,14.55,2.69,0.0
20230731:1011,665.55,176.15,43.87,15.43,3.1,0.0
20230731:1111,677.0,178.93,48.62,15.33,2.83,0.0
20230731:1211,522.15,141.85,50.77,15.18,2.97,0.0
20230731:1311,663.35,175.22,49.82,15.01,3.31,0.0
20230731:1411,826.8,213.7,46.02,14.56,3.31,0.0
20230731:1511,825.8,213.52,40.09,14.3,2.69,0.0
20230731:1611,659.65,173.93,32.86,14.07,2.48,0.0
20230731:1711,183.3,59.33,24.98,13.94,2.55,0.0
20230731:1811,125.65,44.5,16.94,13.64,2.41,0.0
20230731:1911,17.45,13.12,9.12,13.85,2.28,0.0
20230731:2011,0.0,0.87,1.89,13.43,2.76,0.0
20230731:2111,0.0,0.0,0.0,13.09,3.03,0.0
20230731:2211,0.0,0.0,0.0,12.9,2.83,0.0
20230731:2311,0.0,0.0,0.0,12.78,2.48,0.0
20230801:0011,0.0,0.0,0.0,12.57,2.34,0.0
20230801:0111,0.0,0.0,0.0,12.34,2.28,0.0
20230801:0211,0.0,0.0,0.0,11.98,2.28,0.0
20230801:0311,0.0,0.0,0.0,11.76,2.07,0.0
20230801:0411,0.0,0.0,0.0,11.52,1.93,0.0
20230801:0511,6.4,8.74,5.96,11.33,1.79,0.0
20230801:0611,130.75,45.43,13.6,11.36,2.34,0.0
20230801:0711,541.45,145.63,21.6,12.06,2.69,0.0
20230801:0811,1132.35,284.92,29.59,12.62,2.83,0.0
20230801:0911,950.85,241.99,37.14,13.45,3.03,0.0
20230801:1011,1385.05,348.48,43.65,14.48,2.69,0.0
20230801:1111,1469.3,372.09,48.39,15.29,2.21,0.0
20230801:1211,2099.4,538.89,50.52,16.18,1.79,0.0
20230801:1311,2404.5,628.13,49.58,16.82,1.38,0.0
20230801:1411,3389.25,936.39,45.78,17.39,1.17,0.0
20230801:1511,2963.2,787.4,39.87,17.44,1.72,0.0
20230801:1611,2188.7,563.3,32.65,17.42,2.21,0.0
20230801:1711,1357.15,358.01,24.77,16.87,2.69,0.0
20230801:1811,472.15,158.31,16.73,16.03,2.97,0.0
20230801:1911,128.5,45.47,8.9,14.99,3.03,0.0
20230801:2011,0.0,0.87,1.66,14.05,2.76,0.0
20230801:2111,0.0,0.0,0.0,13.27,2.55,0.0
20230801:2211,0.0,0.0,0.0,12.56,2.14,0.0
20230801:2311,0.0,0.0,0.0,11.87,1.86,0.0
20230802:0011,0.0,0.0,0.0,11.07,1.72,0.0
20230802:0111,0.0,0.0,0.0,10.54,1.66,0.0
20230802:0211,0.0,0.0,0.0,10.25,1.59,0.0
20230802:0311,0.0,0.0,0.0,10.04,1.72,0.0
20230802:0411,0.0,0.0,0.0,9.76,1.79,0.0
20230802:0511,79.0,31.48,5.75,9.73,2.07,0.0
20230802:0611,283.45,95.43,13.39,10.02,2.69,0.0
20230802:0711,669.3,176.84,21.4,11.61,3.72,0.0
20230802:0811,624.95,164.06,29.39,12.6,4.21,0.0
20230802:0911,610.8,161.32,36.92,13.52,4.55,0.0
20230802:1011,471.7,128.87,43.43,14.02,4.55,0.0
20230802:1111,1815.2,450.82,48.15,14.06,4.21,0.0
20230802:1211,2573.65,647.05,50.27,14.57,4.28,0.0
20230802:1311,3200.0,824.28,49.33,14.84,3.86,0.0
20230802:1411,2983.25,765.36,45.54,14.98,3.45,0.0
20230802:1511,2699.2,686.1,39.64,14.88,3.17,0.0
20230802:1611,1362.95,342.54,32.43,14.85,3.24,0.0
20230802:1711,458.2,126.22,24.55,14.35,2.97,0.0
20230802:1811,216.85,67.68,16.51,13.95,3.38,0.0
20230802:1911,74.65,30.61,8.68,12.63,3.24,0.0
20230802:2011,0.0,0.87,1.43,12.16,2.41,0.0
20230802:2111,0.0,0.0,0.0,12.07,2.34,0.0
20230802:2211,0.0,0.0,0.0,11.97,2.21,0.0
20230802:2311,0.0,0.0,0.0,11.73,2.14,0.0
20230803:0011,0.0,0.0,0.0,11.61,1.93,0.0
20230803:0111,0.0,0.0,0.0,11.54,1.86,0.0
20230803:0211,0.0,0.0,0.0,11.52,2.0,0.0
20230803:0311,0.0,0.0,0.0,11.43,2.07,0.0
20230803:0411,0.0,0.0,0.0,11.41,2.07,0.0
20230803:0511,6.4,8.74,5.54,11.44,1.93,0.0
20230803:0611,34.0,18.54,13.19,11.63,1.93,0.0
20230803:0711,196.25,62.12,21.19,11.99,2.34,0.0
20230803:0811,252.35,76.02,29.18,12.47,2.48,0.0
20230803:0911,195.4,62.12,36.71,12.91,2.62,0.0
20230803:1011,221.45,68.61,43.2,13.09,2.9,0.0
20230803:1111,301.15,88.08,47.9,13.36,3.38,0.0
20230803:1211,637.05,167.81,50.01,13.42,3.31,0.0
20230803:1311,625.2,165.02,49.07,13.47,3.38,0.0
20230803:1411,562.5,150.19,45.29,13.43,3.45,0.0
20230803:1511,889.5,226.94,39.4,13.06,3.31,0.0
20230803:1611,453.8,124.23,32.2,12.78,3.17,0.0
20230803:1711,256.15,76.95,24.33,12.58,3.03,0.0
20230803:1811,462.95,134.49,16.28,12.29,2.97,0.0
20230803:1911,59.45,26.23,8.45,12.1,2.69,0.0
20230803:2011,0.0,0.0,0.0,11.68,2.48,0.0
20230803:2111,0.0,0.0,0.0,11.31,2.62,0.0
20230803:2211,0.0,0.0,0.0,11.1,2.48,0.0
20230803:2311,0.0,0.0,0.0,10.91,2.62,0.0
20230804:0011,0.0,0.0,0.0,10.66,2.55,0.0
20230804:0111,0.0,0.0,0.0,10.3,2.62,0.0
20230804:0211,0.0,0.0,0.0,10.0,2.62,0.0
20230804:0311,0.0,0.0,0.0,9.67,2.48,0.0
20230804:0411,0.0,0.0,0.0,9.33,2.28,0.0
20230804:0511,28.45,16.61,5.32,8.97,2.07,0.0
20230804:0611,124.9,43.57,12.98,9.42,2.97,0.0
20230804:0711,369.05,102.85,20.99,9.65,3.52,0.0
20230804:0811,626.8,163.19,28.97,10.49,3.66,0.0
20230804:0911,690.1,178.38,36.49,11.15,3.66,0.0
20230804:1011,689.6,178.93,42.97,11.86,3.45,0.0
20230804:1111,927.6,235.59,47.65,12.44,3.17,0.0
20230804:1211,743.9,192.84,49.75,12.9,2.83,0.0
20230804:1311,1940.5,485.37,48.81,13.39,2.76,0.0
20230804:1411,1614.45,403.63,45.04,13.62,2.69,0.0
20230804:1511,670.2,176.15,39.16,13.64,2.48,0.0
20230804:1611,1322.85,333.02,31.97,13.73,2.07,0.0
20230804:1711,1042.95,270.8,24.1,13.73,1.59,0.0
20230804:1811,432.6,125.68,16.06,13.7,1.17,0.0
20230804:1911,142.7,48.97,8.22,13.51,0.69,0.0
20230804:2011,0.0,0.0,0.0,13.0,0.41,0.0
20230804:2111,0.0,0.0,0.0,12.46,0.21,0.0
20230804:2211,0.0,0.0,0.0,11.99,0.41,0.0
20230804:2311,0.0,0.0,0.0,11.5,0.55,0.0
20230805:0011,0.0,0.0,0.0,10.94,0.69,0.0
20230805:0111,0.0,0.0,0.0,10.1,0.9,0.0
20230805:0211,0.0,0.0,0.0,9.54,1.03,0.0
20230805:0311,0.0,0.0,0.0,9.12,1.1,0.0
20230805:0411,0.0,0.0,0.0,8.94,1.03,0.0
20230805:0511,2.65,7.0,5.11,8.85,1.03,0.0
20230805:0611,37.45,19.47,12.77,9.2,0.83,0.0
20230805:0711,320.6,91.78,20.78,10.12,1.31,0.0
20230805:0811,891.05,226.57,28.76,10.75,1.45,0.0
20230805:0911,1197.3,299.59,36.27,11.11,1.45,0.0
20230805:1011,1004.1,254.28,42.73,11.64,1.52,0.0
20230805:1111,1542.1,386.46,47.4,12.58,1.72,0.0
20230805:1211,2079.55,523.06,49.49,12.75,2.0,0.0
20230805:1311,2045.5,513.47,48.54,12.93,2.21,0.0
20230805:1411,816.35,210.02,44.78,12.55,2.21,0.0
20230805:1511,442.25,121.45,38.91,12.31,2.21,0.0
20230805:1611,264.0,78.8,31.73,12.28,2.41,0.0
20230805:1711,206.8,64.9,23.87,12.54,1.79,0.0
20230805:1811,262.6,78.97,15.82,12.29,1.24,0.0
20230805:1911,74.95,30.61,7.98,11.71,1.38,0.0
20230805:2011,0.0,0.0,0.0,11.21,1.24,0.0
20230805:2111,0.0,0.0,0.0,10.35,1.03,0.0
20230805:2211,0.0,0.0,0.0,9.91,0.83,0.0
20230805:2311,0.0,0.0,0.0,10.44,0.55,0.0
20230806:0011,0.0,0.0,0.0,10.18,0.41,0.0
20230806:0111,0.0,0.0,0.0,9.66,0.34,0.0
20230806:0211,0.0,0.0,0.0,9.08,0.69,0.0
20230806:0311,0.0,0.0,0.0,7.77,0.97,0.0
20230806:0411,0.0,0.0,0.0,6.74,1.03,0.0
20230806:0511,46.05,21.86,4.89,6.55,0.97,0.0
20230806:0611,278.9,89.98,12.56,7.33,0.9,0.0
20230806:0711,965.95,261.23,20.57,9.19,0.69,0.0
20230806:0811,1777.25,447.33,28.55,10.3,0.76,0.0
20230806:0911,2266.8,575.64,36.05,11.73,0.83,0.0
20230806:1011,2637.45,680.25,42.49,12.5,1.1,0.0
20230806:1111,2743.15,713.97,47.14,13.11,1.17,0.0
20230806:1211,2683.7,698.81,49.22,13.51,1.17,0.0
20230806:1311,1927.1,490.43,48.27,13.89,1.1,0.0
20230806:1411,3445.8,937.17,44.52,14.57,1.24,0.0
20230806:1511,2868.35,749.74,38.66,14.51,1.45,0.0
20230806:1611,2205.1,564.71,31.49,14.49,1.38,0.0
20230806:1711,1315.5,346.63,23.63,14.38,1.31,0.0
20230806:1811,440.4,131.77,15.58,13.82,1.17,0.0
20230806:1911,129.1,45.47,7.74,13.76,0.9,0.0
20230806:2011,0.0,0.0,0.0,13.01,0.9,0.0
20230806:2111,0.0,0.0,0.0,12.13,0.9,0.0
20230806:2211,0.0,0.0,0.0,12.41,0.48,0.0
20230806:2311,0.0,0.0,0.0,12.23,0.14,0.0
20230807:0011,0.0,0.0,0.0,11.11,0.76,0.0
20230807:0111,0.0,0.0,0.0,9.79,1.24,0.0
20230807:0211,0.0,0.0,0.0,8.61,1.52,0.0
20230807:0311,0.0,0.0,0.0,7.68,1.72,0.0
20230807:0411,0.0,0.0,0.0,7.1,1.86,0.0
20230807:0511,23.45,14.87,4.66,7.0,1.79,0.0
20230807:0611,256.9,77.92,12.34,8.32,1.52,0.0
20230807:0711,739.9,196.53,20.36,10.95,1.93,0.0
20230807:0811,1399.95,350.25,28.33,12.08,2.28,0.0
20230807:0911,2083.6,520.22,35.82,12.92,2.48,0.0
20230807:1011,2030.85,509.05,42.25,13.72,2.55,0.0
20230807:1111,2330.4,589.44,46.88,14.26,2.69,0.0
20230807:1211,1273.0,321.47,48.94,14.63,2.9,0.0
20230807:1311,1157.95,293.67,47.99,14.8,2.97,0.0
20230807:1411,1138.2,288.47,44.25,14.8,3.17,0.0
20230807:1511,563.15,151.12,38.4,14.54,3.24,0.0
20230807:1611,1711.35,426.49,31.24,13.9,3.31,0.0
20230807:1711,759.5,198.44,23.39,13.56,3.17,0.0
20230807:1811,369.15,107.25,15.34,12.9,3.1,0.0
20230807:1911,117.15,41.97,7.49,11.9,2.55,0.0
20230807:2011,0.0,0.0,0.0,11.13,2.55,0.0
20230807:2111,0.0,0.0,0.0,10.61,2.62,0.0
20230807:2211,0.0,0.0,0.0,10.08,2.41,0.0
20230807:2311,0.0,0.0,0.0,9.6,2.48,0.0
20230808:0011,0.0,0.0,0.0,9.19,2.55,0.0
20230808:0111,0.0,0.0,0.0,8.77,2.48,0.0
20230808:0211,0.0,0.0,0.0,8.61,2.55,0.0
20230808:0311,0.0,0.0,0.0,8.56,2.55,0.0
20230808:0411,0.0,0.0,0.0,8.62,2.62,0.0
20230808:0511,42.55,20.99,4.44,8.72,2.62,0.0
20230808:0611,195.8,80.53,12.12,9.14,2.9,0.0
20230808:0711,1003.8,271.12,20.14,9.74,3.59,0.0
20230808:0811,1936.35,478.19,28.11,10.66,3.66,0.0
20230808:0911,2442.75,605.23,35.59,11.62,3.38,0.0
20230808:1011,1482.2,367.15,42.0,12.63,3.66,0.0
20230808:1111,2154.15,533.89,46.61,13.38,4.28,0.0
20230808:1211,2653.1,664.36,48.66,14.12,4.69,0.0
20230808:1311,798.15,205.82,47.71,14.12,4.76,0.0
20230808:1411,1106.8,278.55,43.97,13.9,4.48,0.0
20230808:1511,1162.35,291.75,38.14,14.06,4.28,0.0
20230808:1611,1245.7,311.64,30.98,14.07,4.28,0.0
20230808:1711,875.2,226.65,23.14,13.48,3.72,0.0
20230808:1811,444.4,140.76,15.09,13.06,3.66,0.0
20230808:1911,116.7,41.97,7.24,12.71,3.24,0.0
20230808:2011,0.0,0.0,0.0,11.89,3.03,0.0
20230808:2111,0.0,0.0,0.0,10.89,2.76,0.0
20230808:2211,0.0,0.0,0.0,10.28,2.76,0.0
20230808:2311,0.0,0.0,0.0,9.88,2.76,0.0
20230809:0011,0.0,0.0,0.0,9.67,2.9,0.0
20230809:0111,0.0,0.0,0.0,9.73,3.03,0.0
20230809:0211,0.0,0.0,0.0,9.55,2.9,0.0
20230809:0311,0.0,0.0,0.0,9.43,2.76,0.0
20230809:0411,0.0,0.0,0.0,9.26,2.69,0.0
20230809:0511,23.15,14.87,4.21,9.07,2.69,0.0
20230809:0611,195.15,61.61,11.9,9.43,2.69,0.0
20230809:0711,645.15,170.95,19.92,10.19,3.31,0.0
20230809:0811,1362.55,337.43,27.89,10.92,3.31,0.0
20230809:0911,1325.1,327.76,35.36,11.5,3.24,0.0
20230809:1011,1483.6,367.22,41.75,12.06,3.17,0.0
20230809:1111,2123.3,527.92,46.35,12.36,3.03,0.0
20230809:1211,1672.3,415.84,48.38,12.84,3.03,0.0
20230809:1311,2444.55,615.74,47.43,13.14,2.83,0.0
20230809:1411,3027.55,778.24,43.69,13.32,2.69,0.0
20230809:1511,2083.45,521.7,37.87,13.75,2.62,0.0
20230809:1611,980.55,250.21,30.72,13.98,2.28,0.0
20230809:1711,662.7,175.98,22.88,14.25,2.21,0.0
20230809:1811,274.4,82.85,14.83,14.22,1.93,0.0
20230809:1911,64.4,27.98,6.98,15.1,1.31,0.0
20230809:2011,0.0,0.0,0.0,14.46,1.17,0.0
20230809:2111,0.0,0.0,0.0,13.54,1.31,0.0
20230809:2211,0.0,0.0,0.0,13.18,1.45,0.0
20230809:2311,0.0,0.0,0.0,13.26,1.52,0.0
20230810:0011,0.0,0.0,0.0,13.31,1.52,0.0
20230810:0111,0.0,0.0,0.0,13.4,1.52,0.0
20230810:0211,0.0,0.0,0.0,13.57,1.52,0.0
20230810:0311,0.0,0.0,0.0,13.58,1.59,0.0
20230810:0411,0.0,0.0,0.0,13.65,1.52,0.0
20230810:0511,12.75,11.37,3.98,13.66,1.45,0.0
20230810:0611,244.3,78.68,11.68,14.07,1.1,0.0
20230810:0711,801.35,221.05,19.7,15.33,0.9,0.0
20230810:0811,1270.5,328.0,27.67,16.39,0.83,0.0
20230810:0911,1658.4,426.45,35.12,17.37,1.03,0.0
20230810:1011,1385.45,357.45,41.5,18.47,1.52,0.0
20230810:1111,2369.25,622.25,46.07,19.36,1.79,0.0
20230810:1211,2530.65,671.27,48.09,19.92,1.79,0.0
20230810:1311,1698.65,442.56,47.13,20.87,1.93,0.0
20230810:1411,1753.0,456.78,43.41,22.05,2.55,0.0
20230810:1511,1413.15,369.18,37.6,22.63,2.48,0.0
20230810:1611,1581.0,413.62,30.46,22.79,2.48,0.0
20230810:1711,1027.8,279.59,22.62,22.78,2.55,0.0
20230810:1811,380.4,135.94,14.58,22.11,2.41,0.0
20230810:1911,92.55,36.73,6.72,21.32,2.14,0.0
20230810:2011,0.0,0.0,0.0,19.93,1.93,0.0
20230810:2111,0.0,0.0,0.0,18.75,1.59,0.0
20230810:2211,0.0,0.0,0.0,17.52,1.59,0.0
20230810:2311,0.0,0.0,0.0,16.37,1.59,0.0
20230811:0011,0.0,0.0,0.0,15.61,1.45,0.0
20230811:0111,0.0,0.0,0.0,15.02,1.31,0.0
20230811:0211,0.0,0.0,0.0,14.44,1.31,0.0
20230811:0311,0.0,0.0,0.0,14.35,1.38,0.0
20230811:0411,0.0,0.0,0.0,14.54,1.52,0.0
20230811:0511,32.8,18.36,3.75,14.67,1.93,0.0
20230811:0611,175.45,74.7,11.45,15.54,2.14,0.0
20230811:0711,463.55,129.76,19.48,16.35,2.41,0.0
20230811:0811,1154.05,294.39,27.44,16.31,3.52,0.0
20230811:0911,1078.65,274.18,34.89,15.75,3.79,0.0
20230811:1011,2712.35,689.99,41.24,15.93,3.72,0.0
20230811:1111,3395.85,888.93,45.8,17.02,4.0,0.0
20230811:1211,3569.85,940.13,47.8,18.06,4.62,0.0
20230811:1311,3521.75,927.29,46.84,18.16,4.48,0.0
20230811:1411,1355.1,344.25,43.12,18.03,4.28,0.0
20230811:1511,2273.05,576.07,37.32,17.52,3.79,0.0
20230811:1611,1256.1,319.83,30.19,17.51,3.66,0.0
20230811:1711,881.75,233.63,22.36,17.51,3.38,0.0
20230811:1811,396.2,129.19,14.31,17.19,2.83,0.0
20230811:1911,79.0,32.35,6.45,17.06,2.21,0.0
20230811:2011,0.0,0.0,0.0,16.18,2.0,0.0
20230811:2111,0.0,0.0,0.0,15.25,2.0,0.0
20230811:2211,0.0,0.0,0.0,14.68,2.07,0.0
20230811:2311,0.0,0.0,0.0,14.51,2.21,0.0
20230812:0011,0.0,0.0,0.0,14.19,2.07,0.0
20230812:0111,0.0,0.0,0.0,13.84,2.07,0.0
20230812:0211,0.0,0.0,0.0,13.81,2.14,0.0
20230812:0311,0.0,0.0,0.0,13.89,2.34,0.0
20230812:0411,0.0,0.0,0.0,14.03,2.48,0.0
20230812:0511,22.4,14.87,3.51,14.04,2.62,0.0
20230812:0611,168.45,56.04,11.23,14.25,2.76,0.0
20230812:0711,48.3,23.18,19.25,14.77,2.48,0.0
20230812:0811,268.25,80.66,27.21,14.86,2.69,0.0
20230812:0911,580.9,155.75,34.64,14.94,2.76,0.0
20230812:1011,1322.7,334.17,40.99,15.27,2.69,0.0
20230812:1111,1175.75,298.27,45.52,15.13,2.97,0.0
20230812:1211,1556.4,392.54,47.5,15.04,2.48,0.0
20230812:1311,300.7,89.0,46.54,15.91,2.34,0.0
20230812:1411,493.35,136.28,42.83,17.08,2.21,0.0
20230812:1511,1501.9,383.04,37.04,17.72,2.34,0.0
20230812:1611,2117.15,541.41,29.92,17.63,2.9,0.0
20230812:1711,276.2,83.44,22.09,17.35,2.76,0.0
20230812:1811,246.95,76.75,14.04,16.89,2.14,0.0
20230812:1911,89.0,34.98,6.17,15.78,2.76,0.0
20230812:2011,0.0,0.0,0.0,14.81,2.41,0.0
20230812:2111,0.0,0.0,0.0,14.21,2.34,0.0
20230812:2211,0.0,0.0,0.0,13.66,2.41,0.0
20230812:2311,0.0,0.0,0.0,13.42,2.41,0.0
20230813:0011,0.0,0.0,0.0,13.08,2.34,0.0
20230813:0111,0.0,0.0,0.0,12.9,2.21,0.0
20230813:0211,0.0,0.0,0.0,12.68,2.14,0.0
20230813:0311,0.0,0.0,0.0,12.78,2.07,0.0
20230813:0411,0.0,0.0,0.0,12.8,2.14,0.0
20230813:0511,22.6,14.87,3.28,12.8,2.28,0.0
20230813:0611,187.8,61.25,11.0,12.9,2.55,0.0
20230813:0711,688.4,186.49,19.03,13.51,2.55,0.0
20230813:0811,1797.4,452.1,26.98,13.74,2.97,0.0
20230813:0911,2084.95,520.96,34.4,14.04,2.97,0.0
20230813:1011,2117.35,530.8,40.72,14.91,3.31,0.0
20230813:1111,3259.1,848.36,45.23,15.8,3.52,0.0
20230813:1211,2289.95,580.42,47.2,16.54,3.66,0.0
20230813:1311,2056.1,518.95,46.24,16.52,3.66,0.0
20230813:1411,2424.45,618.52,42.53,16.74,3.17,0.0
20230813:1511,2504.05,639.5,36.75,16.96,3.17,0.0
20230813:1611,1810.95,458.4,29.64,16.44,2.9,0.0
20230813:1711,633.0,170.25,21.81,16.31,3.1,0.0
20230813:1811,193.8,62.67,13.77,15.82,2.34,0.0
20230813:1911,0.0,5.25,5.9,15.16,2.07,0.0
20230813:2011,0.0,0.0,0.0,14.58,1.93,0.0
20230813:2111,0.0,0.0,0.0,13.93,1.72,0.0
20230813:2211,0.0,0.0,0.0,13.36,1.72,0.0
20230813:2311,0.0,0.0,0.0,12.75,1.59,0.0
20230814:0011,0.0,0.0,0.0,12.62,1.52,0.0
20230814:0111,0.0,0.0,0.0,12.31,1.38,0.0
20230814:0211,0.0,0.0,0.0,11.93,1.31,0.0
20230814:0311,0.0,0.0,0.0,11.82,1.03,0.0
20230814:0411,0.0,0.0,0.0,11.88,0.9,0.0
20230814:0511,15.3,12.24,3.04,11.61,0.9,0.0
20230814:0611,220.05,72.31,10.77,11.62,0.97,0.0
20230814:0711,884.2,246.37,18.8,13.33,1.03,0.0
20230814:0811,1825.75,465.65,26.74,14.17,1.59,0.0
20230814:0911,2255.45,578.03,34.15,15.11,1.38,0.0
20230814:1011,1978.0,507.68,40.46,15.92,1.1,0.0
20230814:1111,2830.05,760.7,44.95,16.7,0.76,0.0
20230814:1211,1470.8,381.29,46.9,17.37,0.41,0.0
20230814:1311,1350.95,350.51,45.93,17.86,0.62,0.0
20230814:1411,577.8,157.61,42.23,17.63,0.9,0.0
20230814:1511,1185.2,305.45,36.46,17.02,1.1,0.0
20230814:1611,1102.75,284.12,29.35,16.75,1.52,0.0
20230814:1711,755.5,202.25,21.53,16.55,1.45,0.0
20230814:1811,304.8,93.29,13.49,16.32,1.24,0.0
20230814:1911,55.15,25.36,5.61,16.1,1.38,0.0
20230814:2011,0.0,0.0,0.0,15.18,1.38,0.0
20230814:2111,0.0,0.0,0.0,14.34,1.45,0.0
20230814:2211,0.0,0.0,0.0,13.74,1.38,0.0
20230814:2311,0.0,0.0,0.0,12.6,1.38,0.0
20230815:0011,0.0,0.0,0.0,11.96,1.24,0.0
20230815:0111,0.0,0.0,0.0,11.73,1.1,0.0
20230815:0211,0.0,0.0,0.0,11.45,1.17,0.0
20230815:0311,0.0,0.0,0.0,11.46,1.1,0.0
20230815:0411,0.0,0.0,0.0,11.6,1.1,0.0
20230815:0511,0.0,2.62,2.8,11.87,0.97,0.0
20230815:0611,119.55,42.65,10.54,11.9,0.9,0.0
20230815:0711,316.25,91.81,18.57,12.62,1.17,0.0
20230815:0811,397.4,111.25,26.51,12.92,1.45,0.0
20230815:0911,1180.4,298.31,33.91,13.44,1.52,0.0
20230815:1011,440.55,122.38,40.19,14.62,1.59,0.0
20230815:1111,798.3,209.18,44.66,15.67,1.45,0.0
20230815:1211,814.7,213.83,46.59,16.43,1.52,0.0
20230815:1311,1525.9,390.65,45.61,16.71,1.45,0.0
20230815:1411,385.35,110.33,41.92,17.26,1.66,0.0
20230815:1511,1149.95,296.11,36.16,17.51,1.86,0.0
20230815:1611,1581.4,403.84,29.06,17.34,2.14,0.0
20230815:1711,792.8,211.75,21.25,16.9,2.21,0.0
20230815:1811,330.25,102.69,13.2,16.23,2.14,0.0
20230815:1911,22.1,14.87,5.33,16.0,1.72,0.0
20230815:2011,0.0,0.0,0.0,14.9,1.52,0.0
20230815:2111,0.0,0.0,0.0,13.65,1.31,0.0
20230815:2211,0.0,0.0,0.0,12.66,1.17,0.0
20230815:2311,0.0,0.0,0.0,12.28,1.1,0.0
20230816:0011,0.0,0.0,0.0,11.85,1.1,0.0
20230816:0111,0.0,0.0,0.0,11.76,0.97,0.0
20230816:0211,0.0,0.0,0.0,11.41,0.83,0.0
20230816:0311,0.0,0.0,0.0,11.0,0.9,0.0
20230816:0411,0.0,0.0,0.0,10.85,0.9,0.0
20230816:0511,0.0,1.75,2.55,10.91,1.03,0.0
20230816:0611,148.65,50.27,10.3,11.34,1.03,0.0
20230816:0711,553.8,151.51,18.34,12.81,1.17,0.0
20230816:0811,857.7,221.68,26.27,13.8,1.45,0.0
20230816:0911,1241.25,315.66,33.65,14.83,1.24,0.0
20230816:1011,864.65,225.34,39.92,15.64,1.17,0.0
20230816:1111,1554.25,396.55,44.36,16.21,1.52,0.0
20230816:1211,1143.5,293.28,46.28,16.07,1.86,0.0
20230816:1311,1718.4,437.09,45.3,16.22,2.0,0.0
20230816:1411,686.2,182.64,41.61,16.71,2.0,0.0
20230816:1511,915.65,238.2,35.86,16.97,1.93,0.0
20230816:1611,883.35,230.3,28.77,16.95,1.93,0.0
20230816:1711,442.7,124.13,20.96,16.63,2.07,0.0
20230816:1811,213.1,67.86,12.92,16.04,2.14,0.0
20230816:1911,12.6,11.37,5.03,15.59,1.86,0.0
20230816:2011,0.0,0.0,0.0,14.78,1.72,0.0
20230816:2111,0.0,0.0,0.0,14.21,1.45,0.0
20230816:2211,0.0,0.0,0.0,13.67,1.1,0.0
20230816:2311,0.0,0.0,0.0,13.02,0.76,0.0
20230817:0011,0.0,0.0,0.0,13.07,0.48,0.0
20230817:0111,0.0,0.0,0.0,13.04,0.28,0.0
20230817:0211,0.0,0.0,0.0,12.88,0.14,0.0
20230817:0311,0.0,0.0,0.0,12.72,0.28,0.0
20230817:0411,0.0,0.0,0.0,12.53,0.55,0.0
20230817:0511,0.0,1.75,2.31,12.43,0.55,0.0
20230817:0611,108.85,39.87,10.06,12.08,0.62,0.0
20230817:0711,529.05,146.05,18.1,13.83,0.97,0.0
20230817:0811,902.2,233.06,26.03,14.72,1.79,0.0
20230817:0911,1018.65,260.66,33.4,15.6,2.62,0.0
20230817:1011,723.75,190.61,39.65,16.2,3.17,0.0
20230817:1111,337.35,98.27,44.07,17.07,3.45,0.0
20230817:1211,935.05,242.93,45.97,17.91,3.59,0.0
20230817:1311,2270.4,581.83,44.98,18.33,3.31,0.0
20230817:1411,3247.85,859.65,41.29,18.85,3.38,0.0
20230817:1511,2554.9,659.63,35.55,18.78,3.17,0.0
20230817:1611,2069.05,530.49,28.47,18.61,3.17,0.0
20230817:1711,1135.25,305.23,20.67,18.37,3.17,0.0
20230817:1811,316.3,119.5,12.62,17.62,3.03,0.0
20230817:1911,57.95,26.23,4.74,16.61,3.1,0.0
20230817:2011,0.0,0.0,0.0,15.45,3.03,0.0
20230817:2111,0.0,0.0,0.0,14.35,2.9,0.0
20230817:2211,0.0,0.0,0.0,13.29,2.62,0.0
20230817:2311,0.0,0.0,0.0,12.6,2.41,0.0
20230818:0011,0.0,0.0,0.0,12.17,2.28,0.0
20230818:0111,0.0,0.0,0.0,11.81,2.14,0.0
20230818:0211,0.0,0.0,0.0,11.6,2.07,0.0
20230818:0311,0.0,0.0,0.0,11.29,2.0,0.0
20230818:0411,0.0,0.0,0.0,11.26,2.14,0.0
20230818:0511,2.6,7.0,2.06,11.19,2.21,0.0
20230818:0611,176.1,67.16,9.83,11.53,2.28,0.0
20230818:0711,861.0,237.77,17.86,12.59,3.17,0.0
20230818:0811,1221.35,306.69,25.79,13.65,3.93,0.0
20230818:0911,1669.8,413.83,33.15,14.33,4.14,0.0
20230818:1011,1377.55,344.41,39.37,14.92,4.21,0.0
20230818:1111,1497.7,374.89,43.77,15.44,4.21,0.0
20230818:1211,956.85,245.45,45.65,15.87,4.21,0.0
20230818:1311,613.9,164.1,44.65,16.37,4.41,0.0
20230818:1411,839.3,217.8,40.97,16.42,4.34,0.0
20230818:1511,1180.1,298.77,35.24,16.07,3.86,0.0
20230818:1611,1248.45,315.46,28.17,16.03,3.93,0.0
20230818:1711,1047.2,277.02,20.37,15.65,3.59,0.0
20230818:1811,323.05,109.26,12.33,15.21,3.45,0.0
20230818:1911,41.15,20.99,4.44,14.65,3.86,0.0
20230818:2011,0.0,0.0,0.0,14.37,3.66,0.0
20230818:2111,0.0,0.0,0.0,14.49,3.86,0.0
20230818:2211,0.0,0.0,0.0,14.4,3.93,0.0
20230818:2311,0.0,0.0,0.0,14.22,4.07,0.0
20230819:0011,0.0,0.0,0.0,14.13,4.07,0.0
20230819:0111,0.0,0.0,0.0,14.03,4.21,0.0
20230819:0211,0.0,0.0,0.0,14.03,4.41,0.0
20230819:0311,0.0,0.0,0.0,14.13,4.48,0.0
20230819:0411,0.0,0.0,0.0,14.15,4.55,0.0
20230819:0511,0.0,0.87,1.82,14.41,4.62,0.0
20230819:0611,12.05,11.13,9.59,14.81,4.9,0.0
20230819:0711,678.0,186.36,17.62,14.82,4.55,0.0
20230819:0811,344.55,99.2,25.54,15.28,4.21,0.0
20230819:0911,1328.75,334.37,32.89,16.24,4.0,0.0
20230819:1011,1504.2,381.86,39.09,18.01,3.38,0.0
20230819:1111,2263.15,574.31,43.46,19.3,5.1,0.0
20230819:1211,3149.1,814.35,45.33,19.26,5.45,0.0
20230819:1311,1729.45,436.93,44.32,18.71,4.97,0.0
20230819:1411,1507.1,380.21,40.65,18.13,4.97,0.0
20230819:1511,1153.55,293.44,34.93,17.38,4.48,0.0
20230819:1611,1741.5,437.7,27.87,16.87,4.41,0.0
20230819:1711,955.85,254.55,20.07,17.3,4.76,0.0
20230819:1811,291.4,110.02,12.02,17.49,4.21,0.0
20230819:1911,12.45,11.37,4.13,16.87,4.34,0.0
20230819:2011,0.0,0.0,0.0,16.1,3.93,0.0
20230819:2111,0.0,0.0,0.0,15.6,3.72,0.0
20230819:2211,0.0,0.0,0.0,15.21,3.52,0.0
20230819:2311,0.0,0.0,0.0,14.97,3.38,0.0
20230820:0011,0.0,0.0,0.0,15.14,3.17,0.0
20230820:0111,0.0,0.0,0.0,15.19,2.97,0.0
20230820:0211,0.0,0.0,0.0,15.27,2.76,0.0
20230820:0311,0.0,0.0,0.0,15.17,2.55,0.0
20230820:0411,0.0,0.0,0.0,15.11,2.34,0.0
20230820:0511,0.0,0.87,1.57,15.02,2.34,0.0
20230820:0611,169.95,58.55,9.34,14.96,2.55,0.0
20230820:0711,488.65,136.31,17.38,15.25,2.9,0.0
20230820:0811,881.8,227.83,25.3,15.62,3.38,0.0
20230820:0911,1941.15,487.18,32.63,15.99,3.38,0.0
20230820:1011,1635.9,411.17,38.81,16.62,3.79,0.0
20230820:1111,1387.05,350.77,43.16,17.25,4.28,0.0
20230820:1211,687.55,182.64,45.0,17.71,4.62,0.0
20230820:1311,1693.4,427.29,43.99,17.66,4.28,0.0
20230820:1411,1455.25,368.11,40.32,17.76,4.21,0.0
20230820:1511,1534.95,387.1,34.61,17.75,4.21,0.0
20230820:1611,532.45,145.48,27.55,17.47,3.79,0.0
20230820:1711,819.1,219.45,19.76,17.19,3.24,0.0
20230820:1811,290.85,95.23,11.72,16.98,2.9,0.0
20230820:1911,17.15,13.12,3.82,16.4,2.9,0.0
20230820:2011,0.0,0.0,0.0,15.68,2.76,0.0
20230820:2111,0.0,0.0,0.0,15.27,2.83,0.0
20230820:2211,0.0,0.0,0.0,14.81,2.9,0.0
20230820:2311,0.0,0.0,0.0,14.54,2.97,0.0
20230821:0011,0.0,0.0,0.0,14.43,2.97,0.0
20230821:0111,0.0,0.0,0.0,14.17,2.97,0.0
20230821:0211,0.0,0.0,0.0,14.02,3.03,0.0
20230821:0311,0.0,0.0,0.0,13.9,3.1,0.0
20230821:0411,0.0,0.0,0.0,13.97,3.1,0.0
20230821:0511,0.0,0.0,0.0,13.89,3.1,0.0
20230821:0611,166.85,57.8,9.1,14.19,3.38,0.0
20230821:0711,257.2,77.96,17.14,14.69,3.38,0.0
20230821:0811,279.6,83.44,25.05,15.3,4.48,0.0
20230821:0911,320.0,93.64,32.36,16.24,4.28,0.0
20230821:1011,920.6,237.69,38.52,17.17,4.62,0.0
20230821:1111,1824.85,457.85,42.85,16.82,4.41,0.0
20230821:1211,2116.85,531.97,44.68,17.35,4.97,0.0
20230821:1311,1647.0,414.29,43.66,17.85,5.17,0.0
20230821:1411,367.7,105.69,39.99,17.66,5.31,0.0
20230821:1511,637.5,170.21,34.29,17.23,4.76,0.0
20230821:1611,1074.95,274.34,27.24,16.86,4.28,0.0
20230821:1711,560.1,152.79,19.45,16.59,4.69,0.0
20230821:1811,204.25,66.18,11.41,16.39,4.69,0.0
20230821:1911,0.0,2.62,3.51,15.73,4.48,0.0
20230821:2011,0.0,0.0,0.0,15.35,4.55,0.0
20230821:2111,0.0,0.0,0.0,14.71,4.62,0.0
20230821:2211,0.0,0.0,0.0,14.61,4.62,0.0
20230821:2311,0.0,0.0,0.0,14.51,4.41,0.0
20230822:0011,0.0,0.0,0.0,14.35,4.28,0.0
20230822:0111,0.0,0.0,0.0,14.25,4.14,0.0
20230822:0211,0.0,0.0,0.0,14.25,3.79,0.0
20230822:0311,0.0,0.0,0.0,14.18,3.38,0.0
20230822:0411,0.0,0.0,0.0,14.1,3.1,0.0
20230822:0511,0.0,0.0,0.0,13.88,3.17,0.0
20230822:0611,132.5,46.96,8.85,13.79,3.1,0.0
20230822:0711,489.75,136.15,16.9,14.11,3.38,0.0
20230822:0811,1250.0,315.34,24.8,14.37,3.45,0.0
20230822:0911,2426.15,605.37,32.1,14.8,4.21,0.0
20230822:1011,2992.95,756.62,38.24,15.49,4.83,0.0
20230822:1111,3193.3,813.81,42.54,16.14,5.24,0.0
20230822:1211,1526.65,382.34,44.35,16.36,4.97,0.0
20230822:1311,962.95,246.92,43.32,16.22,4.62,0.0
20230822:1411,1207.9,305.52,39.65,16.34,4.41,0.0
20230822:1511,1529.25,382.2,33.96,16.25,4.55,0.0
20230822:1611,1802.85,451.19,26.92,15.85,4.41,0.0
20230822:1711,717.45,191.68,19.14,15.13,3.86,0.0
20230822:1811,221.65,71.14,11.09,14.34,3.52,0.0
20230822:1911,0.0,1.75,3.19,14.12,3.45,0.0
20230822:2011,0.0,0.0,0.0,13.4,2.9,0.0
20230822:2111,0.0,0.0,0.0,12.81,2.76,0.0
20230822:2211,0.0,0.0,0.0,12.24,2.76,0.0
20230822:2311,0.0,0.0,0.0,11.69,2.83,0.0
20230823:0011,0.0,0.0,0.0,11.21,2.62,0.0
20230823:0111,0.0,0.0,0.0,10.77,2.28,0.0
20230823:0211,0.0,0.0,0.0,10.45,2.07,0.0
20230823:0311,0.0,0.0,0.0,9.95,2.21,0.0
20230823:0411,0.0,0.0,0.0,9.47,2.28,0.0
20230823:0511,0.0,0.0,0.0,9.27,2.21,0.0
20230823:0611,56.15,25.03,8.61,9.44,2.21,0.0
20230823:0711,855.05,236.38,16.65,10.25,2.83,0.0
20230823:0811,1427.25,355.07,24.54,11.44,2.9,0.0
20230823:0911,1750.35,433.23,31.83,12.81,2.97,0.0
20230823:1011,1373.25,343.41,37.95,14.15,3.24,0.0
20230823:1111,1492.45,374.57,42.22,15.43,3.52,0.0
20230823:1211,477.9,131.65,44.01,16.09,3.66,0.0
20230823:1311,404.55,114.03,42.98,15.97,3.52,0.0
20230823:1411,498.65,136.28,39.32,15.49,3.59,0.0
20230823:1511,732.05,191.45,33.63,15.12,3.38,0.0
20230823:1611,850.9,219.57,26.6,14.9,3.03,0.0
20230823:1711,353.75,101.5,18.82,14.67,2.69,0.0
20230823:1811,17.0,12.98,10.78,14.4,2.34,0.0
20230823:1911,0.0,1.75,2.87,14.04,2.28,0.0
20230823:2011,0.0,0.0,0.0,13.75,2.0,0.0
20230823:2111,0.0,0.0,0.0,13.48,1.86,0.0
20230823:2211,0.0,0.0,0.0,13.29,1.59,0.0
20230823:2311,0.0,0.0,0.0,12.89,1.52,0.0
20230824:0011,0.0,0.0,0.0,12.6,1.38,0.0
20230824:0111,0.0,0.0,0.0,12.38,1.59,0.0
20230824:0211,0.0,0.0,0.0,12.04,1.66,0.0
20230824:0311,0.0,0.0,0.0,11.81,1.79,0.0
20230824:0411,0.0,0.0,0.0,11.43,1.86,0.0
20230824:0511,0.0,0.0,0.0,10.89,1.93,0.0
20230824:0611,148.0,51.74,8.36,10.63,2.0,0.0
20230824:0711,826.2,230.14,16.41,11.39,2.07,0.0
20230824:0811,1746.85,436.61,24.29,11.64,2.48,0.0
20230824:0911,2575.0,641.77,31.56,12.36,3.31,0.0
20230824:1011,2540.7,635.19,37.65,13.24,3.52,0.0
20230824:1111,3407.0,879.96,41.91,13.97,3.72,0.0
20230824:1211,3114.6,796.74,43.67,14.36,3.86,0.0
20230824:1311,2792.3,706.62,42.63,14.44,3.86,0.0
20230824:1411,807.9,208.68,38.97,14.38,3.72,0.0
20230824:1511,853.2,219.31,33.29,14.18,3.17,0.0
20230824:1611,598.75,159.08,26.27,13.85,3.03,0.0
20230824:1711,240.05,73.24,18.5,13.22,2.48,0.0
20230824:1811,22.5,14.83,10.46,12.69,1.79,0.0
20230824:1911,0.0,2.62,2.55,11.8,1.03,0.0
20230824:2011,0.0,0.0,0.0,11.48,0.76,0.0
20230824:2111,0.0,0.0,0.0,10.41,0.83,0.0
20230824:2211,0.0,0.0,0.0,10.71,0.62,0.0
20230824:2311,0.0,0.0,0.0,10.74,0.48,0.0
20230825:0011,0.0,0.0,0.0,10.3,0.55,0.0
20230825:0111,0.0,0.0,0.0,9.9,0.69,0.0
20230825:0211,0.0,0.0,0.0,9.23,0.97,0.0
20230825:0311,0.0,0.0,0.0,8.76,1.1,0.0
20230825:0411,0.0,0.0,0.0,8.77,0.9,0.0
20230825:0511,0.0,0.0,0.0,8.54,0.9,0.0
20230825:0611,121.25,43.46,8.11,8.56,0.83,0.0
20230825:0711,655.65,179.42,16.16,9.79,0.69,0.0
20230825:0811,1538.6,386.48,24.03,11.18,1.24,0.0
20230825:0911,2490.15,629.7,31.29,11.98,1.66,0.0
20230825:1011,3043.15,784.89,37.36,12.73,2.14,0.0
20230825:1111,507.3,137.21,41.59,13.07,2.41,0.0
20230825:1211,631.8,166.88,43.33,13.53,2.69,0.0
20230825:1311,949.0,240.82,42.28,12.74,3.17,0.0
20230825:1411,638.1,167.81,38.63,13.01,3.17,0.0
20230825:1511,248.95,75.1,32.95,12.26,3.1,0.0
20230825:1611,130.45,45.43,25.94,11.93,3.1,0.0
20230825:1711,339.65,96.91,18.17,11.75,2.9,0.0
20230825:1811,229.3,75.04,10.13,11.56,2.83,0.0
20230825:1911,0.0,1.75,2.22,11.34,0.9,0.0
20230825:2011,0.0,0.0,0.0,11.06,0.9,0.0
20230825:2111,0.0,0.0,0.0,10.64,1.03,0.0
20230825:2211,0.0,0.0,0.0,10.46,1.03,0.0
20230825:2311,0.0,0.0,0.0,10.57,1.24,0.0
20230826:0011,0.0,0.0,0.0,10.64,1.59,0.0
20230826:0111,0.0,0.0,0.0,10.6,1.66,0.0
20230826:0211,0.0,0.0,0.0,10.51,1.66,0.0
20230826:0311,0.0,0.0,0.0,10.58,1.72,0.0
20230826:0411,0.0,0.0,0.0,10.51,1.86,0.0
20230826:0511,0.0,0.0,0.0,10.35,1.52,0.0
20230826:0611,59.05,25.96,7.86,10.39,1.59,0.0
20230826:0711,258.0,77.11,15.91,10.84,1.66,0.0
20230826:0811,134.35,46.36,23.78,11.18,1.45,0.0
20230826:0911,287.2,84.37,31.01,11.81,1.45,0.0
20230826:1011,387.0,108.47,37.06,12.39,1.72,0.0
20230826:1111,438.45,120.52,41.26,12.1,1.86,0.0
20230826:1211,858.5,220.19,42.99,12.19,1.52,0.0
20230826:1311,390.85,109.4,41.93,12.23,1.31,0.0
20230826:1411,471.8,128.87,38.28,12.66,1.31,0.0
20230826:1511,430.65,119.6,32.61,13.64,1.24,0.0
20230826:1611,422.4,117.74,25.61,13.96,1.38,0.0
20230826:1711,250.4,76.02,17.84,13.79,1.72,0.0
20230826:1811,9.85,10.2,9.8,12.8,2.07,0.0
20230826:1911,0.0,0.87,1.89,12.43,2.07,0.0
20230826:2011,0.0,0.0,0.0,12.02,1.45,0.0
20230826:2111,0.0,0.0,0.0,11.93,1.38,0.0
20230826:2211,0.0,0.0,0.0,11.92,1.52,0.0
20230826:2311,0.0,0.0,0.0,11.73,1.38,0.0
20230827:0011,0.0,0.0,0.0,11.63,1.24,0.0
20230827:0111,0.0,0.0,0.0,11.37,1.17,0.0
20230827:0211,0.0,0.0,0.0,11.24,1.24,0.0
20230827:0311,0.0,0.0,0.0,11.24,1.24,0.0
20230827:0411,0.0,0.0,0.0,11.07,0.97,0.0
20230827:0511,0.0,0.0,0.0,10.76,0.97,0.0
20230827:0611,37.1,19.47,7.61,10.77,0.83,0.0
20230827:0711,253.55,76.2,15.65,11.24,1.17,0.0
20230827:0811,417.85,115.41,23.52,11.34,1.24,0.0
20230827:0911,647.6,169.59,30.74,11.64,1.59,0.0
20230827:1011,953.0,242.16,36.76,12.18,1.72,0.0
20230827:1111,983.9,250.51,40.94,12.87,1.72,0.0
20230827:1211,1554.95,390.41,42.64,13.87,2.07,0.0
20230827:1311,3067.2,797.3,41.57,14.6,2.55,0.0
20230827:1411,2100.25,528.05,37.92,14.97,2.83,0.0
20230827:1511,1068.7,271.76,32.27,15.17,2.76,0.0
20230827:1611,219.2,68.61,25.27,15.1,2.76,0.0
20230827:1711,54.45,25.03,17.51,14.89,2.69,0.0
20230827:1811,9.7,10.2,9.47,14.47,2.48,0.0
20230827:1911,0.0,0.87,1.55,13.11,2.48,0.0
20230827:2011,0.0,0.0,0.0,12.84,2.48,0.0
20230827:2111,0.0,0.0,0.0,12.66,2.69,0.0
20230827:2211,0.0,0.0,0.0,12.17,3.1,0.0
20230827:2311,0.0,0.0,0.0,11.59,2.62,0.0
20230828:0011,0.0,0.0,0.0,10.92,2.21,0.0
20230828:0111,0.0,0.0,0.0,10.3,2.28,0.0
20230828:0211,0.0,0.0,0.0,9.99,2.28,0.0
20230828:0311,0.0,0.0,0.0,9.78,2.28,0.0
20230828:0411,0.0,0.0,0.0,9.73,2.28,0.0
20230828:0511,0.0,0.0,0.0,9.9,2.28,0.0
20230828:0611,99.45,37.51,7.35,10.09,2.21,0.0
20230828:0711,707.3,195.4,15.4,10.61,2.14,0.0
20230828:0811,958.65,242.12,23.25,11.6,3.17,0.0
20230828:0911,1160.35,289.28,30.46,12.56,3.52,0.0
20230828:1011,1112.05,278.89,36.46,13.22,3.79,0.0
20230828:1111,1631.85,404.48,40.61,13.72,3.93,0.0
20230828:1211,2186.65,544.77,42.29,14.23,3.93,0.0
20230828:1311,1316.55,329.7,41.21,14.44,3.79,0.0
20230828:1411,1243.05,311.95,37.57,14.58,3.79,0.0
20230828:1511,1001.65,254.33,31.92,14.67,3.72,0.0
20230828:1611,970.35,247.33,24.93,14.51,3.38,0.0
20230828:1711,445.2,124.1,17.18,14.35,3.31,0.0
20230828:1811,150.65,52.26,9.14,13.94,2.9,0.0
20230828:1911,0.0,0.87,1.21,13.27,2.83,0.0
20230828:2011,0.0,0.0,0.0,12.81,2.9,0.0
20230828:2111,0.0,0.0,0.0,12.57,3.17,0.0
20230828:2211,0.0,0.0,0.0,12.43,3.24,0.0
20230828:2311,0.0,0.0,0.0,12.4,3.31,0.0
20230829:0011,0.0,0.0,0.0,12.23,3.31,0.0
20230829:0111,0.0,0.0,0.0,11.88,3.1,0.0
20230829:0211,0.0,0.0,0.0,11.47,3.17,0.0
20230829:0311,0.0,0.0,0.0,10.89,3.03,0.0
20230829:0411,0.0,0.0,0.0,10.41,3.03,0.0
20230829:0511,0.0,0.0,0.0,10.05,2.97,0.0
20230829:0611,120.8,47.58,7.1,9.88,2.69,0.0
20230829:0711,818.05,228.1,15.14,10.25,2.97,0.0
20230829:0811,1299.75,321.95,22.99,10.75,3.66,0.0
20230829:0911,2705.2,668.06,30.18,11.54,4.21,0.0
20230829:1011,2757.5,682.63,36.16,11.95,4.41,0.0
20230829:1111,666.2,173.37,40.28,12.27,4.62,0.0
20230829:1211,494.9,133.5,41.94,12.5,4.48,0.0
20230829:1311,3436.0,874.03,40.85,12.43,4.34,0.0
20230829:1411,443.35,121.45,37.21,12.54,4.28,0.0
20230829:1511,459.1,125.16,31.57,12.57,4.34,0.0
20230829:1611,842.75,214.33,24.58,12.21,4.34,0.0
20230829:1711,873.6,231.99,16.84,11.8,3.86,0.0
20230829:1811,181.9,62.1,8.8,11.0,3.03,0.0
20230829:1911,0.0,0.0,0.0,10.51,3.24,0.0
20230829:2011,0.0,0.0,0.0,9.8,2.55,0.0
20230829:2111,0.0,0.0,0.0,9.34,2.41,0.0
20230829:2211,0.0,0.0,0.0,9.09,2.28,0.0
20230829:2311,0.0,0.0,0.0,8.94,2.21,0.0
20230830:0011,0.0,0.0,0.0,9.07,2.28,0.0
20230830:0111,0.0,0.0,0.0,9.09,2.28,0.0
20230830:0211,0.0,0.0,0.0,9.33,2.34,0.0
20230830:0311,0.0,0.0,0.0,9.22,1.72,0.0
20230830:0411,0.0,0.0,0.0,9.03,1.52,0.0
20230830:0511,0.0,0.0,0.0,8.68,1.45,0.0
20230830:0611,103.3,38.84,6.84,8.66,1.31,0.0
20230830:0711,161.2,52.85,14.89,9.41,1.24,0.0
20230830:0811,328.2,93.64,22.73,10.48,2.0,0.0
20230830:0911,625.95,164.14,29.9,11.59,2.28,0.0
20230830:1011,911.3,231.79,35.85,11.98,2.0,0.0
20230830:1111,1282.85,321.09,39.95,12.53,2.14,0.0
20230830:1211,2042.4,510.08,41.59,12.53,2.28,0.0
20230830:1311,3138.4,813.94,40.49,13.05,2.34,0.0
20230830:1411,1708.2,426.27,36.84,13.29,2.21,0.0
20230830:1511,621.55,164.46,31.21,13.51,2.41,0.0
20230830:1611,576.7,153.52,24.24,12.97,2.28,0.0
20230830:1711,477.55,131.72,16.49,12.58,2.07,0.0
20230830:1811,158.4,55.31,8.46,12.28,1.45,0.0
20230830:1911,0.0,0.0,0.0,11.76,1.03,0.0
20230830:2011,0.0,0.0,0.0,11.14,0.76,0.0
20230830:2111,0.0,0.0,0.0,11.34,0.28,0.0
20230830:2211,0.0,0.0,0.0,11.16,0.0,0.0
20230830:2311,0.0,0.0,0.0,10.95,0.07,0.0
20230831:0011,0.0,0.0,0.0,10.12,0.14,0.0
20230831:0111,0.0,0.0,0.0,9.79,0.28,0.0
20230831:0211,0.0,0.0,0.0,9.59,0.41,0.0
20230831:0311,0.0,0.0,0.0,9.35,0.41,0.0
20230831:0411,0.0,0.0,0.0,9.14,0.55,0.0
20230831:0511,0.0,0.0,0.0,8.4,0.69,0.0
20230831:0611,63.2,27.13,6.58,7.63,0.83,0.0
20230831:0711,650.05,179.07,14.63,8.68,0.83,0.0
20230831:0811,926.85,234.56,22.46,9.41,0.76,0.0
20230831:0911,2113.05,529.19,29.61,10.81,1.03,0.0
20230831:1011,3161.85,830.28,35.54,12.67,1.45,0.0
20230831:1111,2429.85,624.38,39.61,14.02,1.31,0.0
20230831:1211,2461.65,638.73,41.23,15.07,1.17,0.0
20230831:1311,2463.45,641.12,40.12,15.5,1.1,0.0
20230831:1411,2305.15,594.4,36.48,15.74,1.31,0.0
20230831:1511,1476.85,374.6,30.85,16.03,1.66,0.0
20230831:1611,1338.5,341.04,23.89,15.83,1.86,0.0
20230831:1711,601.8,165.51,16.15,15.25,2.21,0.0
20230831:1811,172.75,64.73,8.11,14.34,2.28,0.0
20230831:1911,0.0,0.0,0.0,13.69,2.0,0.0
20230831:2011,0.0,0.0,0.0,12.85,1.66,0.0
20230831:2111,0.0,0.0,0.0,11.99,1.38,0.0
20230831:2211,0.0,0.0,0.0,10.81,1.1,0.0
20230831:2311,0.0,0.0,0.0,10.72,0.83,0.0
20230901:0011,0.0,0.0,0.0,10.94,0.48,0.0
20230901:0111,0.0,0.0,0.0,10.52,0.34,0.0
20230901:0211,0.0,0.0,0.0,10.36,0.28,0.0
20230901:0311,0.0,0.0,0.0,10.16,0.21,0.0
20230901:0411,0.0,0.0,0.0,9.92,0.21,0.0
20230901:0511,0.0,0.0,0.0,9.52,0.28,0.0
20230901:0611,75.75,31.05,6.32,9.25,0.41,0.0
20230901:0711,529.85,146.97,14.37,9.18,0.41,0.0
20230901:0811,867.6,221.45,22.19,10.48,0.83,0.0
20230901:0911,1914.95,478.88,29.33,11.73,1.17,0.0
20230901:1011,3176.95,834.07,35.23,13.24,1.66,0.0
20230901:1111,3531.1,953.33,39.27,14.63,1.79,0.0
20230901:1211,3459.05,938.25,40.87,15.66,1.72,0.0
20230901:1311,3284.55,887.28,39.75,16.32,1.59,0.0
20230901:1411,3092.45,827.85,36.11,16.54,1.45,0.0
20230901:1511,2604.35,676.44,30.49,16.78,1.86,0.0
20230901:1611,1811.3,460.3,23.53,16.05,2.62,0.0
20230901:1711,699.4,191.34,15.8,15.1,2.69,0.0
20230901:1811,159.4,59.1,7.76,14.21,2.34,0.0
20230901:1911,0.0,0.0,0.0,13.71,2.0,0.0
20230901:2011,0.0,0.0,0.0,12.69,1.59,0.0
20230901:2111,0.0,0.0,0.0,11.72,1.17,0.0
20230901:2211,0.0,0.0,0.0,11.63,0.69,0.0
20230901:2311,0.0,0.0,0.0,11.61,0.48,0.0
20230902:0011,0.0,0.0,0.0,10.77,0.83,0.0
20230902:0111,0.0,0.0,0.0,9.07,1.24,0.0
20230902:0211,0.0,0.0,0.0,8.34,1.38,0.0
20230902:0311,0.0,0.0,0.0,7.76,1.52,0.0
20230902:0411,0.0,0.0,0.0,7.3,1.59,0.0
20230902:0511,0.0,0.0,0.0,6.86,1.52,0.0
20230902:0611,94.95,39.28,6.06,7.39,1.52,0.0
20230902:0711,787.65,220.97,14.11,8.8,1.59,0.0
20230902:0811,1735.3,434.4,21.92,10.66,1.79,0.0
20230902:0911,2553.8,647.44,29.04,12.98,2.0,0.0
20230902:1011,3171.45,827.78,34.92,15.1,2.55,0.0
20230902:1111,3317.4,869.35,38.93,16.65,3.45,0.0
20230902:1211,3541.65,932.45,40.51,17.65,4.28,0.0
20230902:1311,3455.95,903.83,39.38,18.02,4.62,0.0
20230902:1411,1927.5,484.82,35.74,17.94,4.48,0.0
20230902:1511,747.45,196.66,30.13,17.71,4.55,0.0
20230902:1611,356.5,102.91,23.18,17.11,3.79,0.0
20230902:1711,275.6,83.21,15.45,16.65,3.66,0.0
20230902:1811,44.9,22.25,7.41,16.05,3.45,0.0
20230902:1911,0.0,0.0,0.0,15.54,4.14,0.0
20230902:2011,0.0,0.0,0.0,14.95,4.0,0.0
20230902:2111,0.0,0.0,0.0,14.45,3.93,0.0
20230902:2211,0.0,0.0,0.0,14.13,4.34,0.0
20230902:2311,0.0,0.0,0.0,14.07,4.76,0.0
20230903:0011,0.0,0.0,0.0,13.92,4.97,0.0
20230903:0111,0.0,0.0,0.0,14.07,5.1,0.0
20230903:0211,0.0,0.0,0.0,14.12,5.1,0.0
20230903:0311,0.0,0.0,0.0,14.03,5.03,0.0
20230903:0411,0.0,0.0,0.0,13.94,4.97,0.0
20230903:0511,0.0,0.0,0.0,13.94,4.97,0.0
20230903:0611,3.35,7.42,5.8,13.99,5.03,0.0
20230903:0711,48.45,23.18,13.85,14.37,5.03,0.0
20230903:0811,132.35,46.36,21.65,14.57,4.9,0.0
20230903:0911,604.45,160.6,28.75,15.26,5.79,0.0
20230903:1011,1374.45,341.78,34.6,15.92,6.41,0.0
20230903:1111,1568.7,389.14,38.59,16.56,6.97,0.0
20230903:1211,3572.2,916.56,40.15,16.79,6.07,0.0
20230903:1311,3513.75,899.2,39.01,17.03,6.21,0.0
20230903:1411,3154.8,797.13,35.37,17.04,6.21,0.0
20230903:1511,2544.15,633.86,29.76,16.95,6.07,0.0
20230903:1611,1555.7,390.17,22.82,16.76,5.72,0.0
20230903:1711,832.55,230.31,15.1,16.26,5.03,0.0
20230903:1811,54.25,25.03,7.06,15.71,4.55,0.0
20230903:1911,0.0,0.0,0.0,15.46,4.21,0.0
20230903:2011,0.0,0.0,0.0,14.87,3.79,0.0
20230903:2111,0.0,0.0,0.0,14.51,3.59,0.0
20230903:2211,0.0,0.0,0.0,14.26,3.52,0.0
20230903:2311,0.0,0.0,0.0,14.09,3.45,0.0
20230904:0011,0.0,0.0,0.0,13.9,3.38,0.0
20230904:0111,0.0,0.0,0.0,13.7,3.38,0.0
20230904:0211,0.0,0.0,0.0,13.49,3.45,0.0
20230904:0311,0.0,0.0,0.0,13.5,3.66,0.0
20230904:0411,0.0,0.0,0.0,13.55,3.79,0.0
20230904:0511,0.0,0.0,0.0,13.82,3.93,0.0
20230904:0611,69.6,32.48,5.54,14.02,4.0,0.0
20230904:0711,670.25,190.8,13.58,14.22,4.41,0.0
20230904:0811,1623.45,407.24,21.38,14.85,4.69,0.0
20230904:0911,2626.8,658.62,28.46,15.85,4.76,0.0
20230904:1011,3222.1,823.6,34.29,16.76,5.03,0.0
20230904:1111,3623.95,946.87,38.25,17.51,4.97,0.0
20230904:1211,3642.0,960.26,39.78,18.19,4.69,0.0
20230904:1311,3547.7,936.48,38.63,18.71,4.48,0.0
20230904:1411,3182.45,829.26,34.99,18.93,4.28,0.0
20230904:1511,2576.6,659.97,29.39,19.01,4.0,0.0
20230904:1611,1759.6,450.63,22.46,18.82,3.59,0.0
20230904:1711,868.35,244.98,14.74,18.34,3.17,0.0
20230904:1811,123.35,52.87,6.7,17.53,2.69,0.0
20230904:1911,0.0,0.0,0.0,16.62,2.41,0.0
20230904:2011,0.0,0.0,0.0,15.24,2.28,0.0
20230904:2111,0.0,0.0,0.0,14.13,2.14,0.0
20230904:2211,0.0,0.0,0.0,13.14,2.0,0.0
20230904:2311,0.0,0.0,0.0,12.23,1.93,0.0
20230905:0011,0.0,0.0,0.0,11.52,1.93,0.0
20230905:0111,0.0,0.0,0.0,10.79,1.93,0.0
20230905:0211,0.0,0.0,0.0,9.76,1.72,0.0
20230905:0311,0.0,0.0,0.0,9.02,1.45,0.0
20230905:0411,0.0,0.0,0.0,8.52,1.31,0.0
20230905:0511,0.0,0.0,0.0,8.21,1.38,0.0
20230905:0611,67.35,30.77,5.28,8.12,1.31,0.0
20230905:0711,704.9,199.72,13.32,9.93,0.48,0.0
20230905:0811,1678.1,428.61,21.1,11.58,0.14,0.0
20230905:0911,2498.25,651.59,28.16,13.8,0.34,0.0
20230905:1011,3063.2,823.48,33.97,16.15,1.03,0.0
20230905:1111,3441.6,948.68,37.9,17.84,1.52,0.0
20230905:1211,3458.1,959.63,39.41,19.13,1.66,0.0
20230905:1311,3407.1,947.73,38.25,20.14,1.66,0.0
20230905:1411,3043.65,828.58,34.61,20.81,1.72,0.0
20230905:1511,2529.2,668.26,29.02,21.12,2.14,0.0
20230905:1611,1704.75,443.8,22.09,20.8,2.62,0.0
20230905:1711,652.2,185.32,14.38,19.8,2.69,0.0
20230905:1811,47.3,23.18,6.35,18.28,2.62,0.0
20230905:1911,0.0,0.0,0.0,16.63,2.21,0.0
20230905:2011,0.0,0.0,0.0,15.03,1.79,0.0
20230905:2111,0.0,0.0,0.0,13.59,1.31,0.0
20230905:2211,0.0,0.0,0.0,12.64,0.9,0.0
20230905:2311,0.0,0.0,0.0,13.04,0.62,0.0
20230906:0011,0.0,0.0,0.0,12.68,0.34,0.0
20230906:0111,0.0,0.0,0.0,12.39,0.14,0.0
20230906:0211,0.0,0.0,0.0,12.13,0.28,0.0
20230906:0311,0.0,0.0,0.0,11.75,0.55,0.0
20230906:0411,0.0,0.0,0.0,11.05,0.83,0.0
20230906:0511,0.0,0.0,0.0,9.91,0.97,0.0
20230906:0611,10.15,10.2,5.01,9.09,1.17,0.0
20230906:0711,487.3,138.03,13.05,10.51,1.17,0.0
20230906:0811,796.65,206.3,20.82,12.76,1.31,0.0
20230906:0911,1227.1,311.16,27.87,14.82,1.31,0.0
20230906:1011,2275.4,589.7,33.65,17.01,1.24,0.0
20230906:1111,3240.1,887.21,37.55,18.98,1.52,0.0
20230906:1211,3171.55,865.85,39.04,20.41,1.93,0.0
20230906:1311,3259.7,890.04,37.87,21.55,2.48,0.0
20230906:1411,2756.6,732.98,34.23,22.1,2.76,0.0
20230906:1511,1417.95,368.05,28.65,22.45,2.83,0.0
20230906:1611,345.5,102.6,21.73,22.38,2.76,0.0
20230906:1711,733.0,212.17,14.02,22.03,2.62,0.0
20230906:1811,97.55,43.4,5.99,21.34,2.28,0.0
20230906:1911,0.0,0.0,0.0,19.51,2.21,0.0
20230906:2011,0.0,0.0,0.0,18.17,2.07,0.0
20230906:2111,0.0,0.0,0.0,17.27,2.07,0.0
20230906:2211,0.0,0.0,0.0,16.72,2.0,0.0
20230906:2311,0.0,0.0,0.0,16.52,1.86,0.0
20230907:0011,0.0,0.0,0.0,15.98,1.79,0.0
20230907:0111,0.0,0.0,0.0,15.05,1.66,0.0
20230907:0211,0.0,0.0,0.0,14.09,1.59,0.0
20230907:0311,0.0,0.0,0.0,13.28,1.59,0.0
20230907:0411,0.0,0.0,0.0,12.66,1.52,0.0
20230907:0511,0.0,0.0,0.0,12.19,1.52,0.0
20230907:0611,54.05,26.33,4.74,11.74,1.45,0.0
20230907:0711,659.3,190.83,12.79,13.34,1.31,0.0
20230907:0811,1410.8,360.6,20.55,14.54,1.24,0.0
20230907:0911,2361.75,609.36,27.57,15.94,1.31,0.0
20230907:1011,2896.55,778.77,33.33,18.24,1.1,0.0
20230907:1111,3231.25,900.39,37.2,20.6,1.17,0.0
20230907:1211,3292.9,928.29,38.67,22.73,1.45,0.0
20230907:1311,3151.7,872.27,37.49,23.99,2.21,0.0
20230907:1411,2798.8,756.4,33.85,24.61,2.69,0.0
20230907:1511,1593.35,417.63,28.27,24.79,2.83,0.0
20230907:1611,444.75,128.49,21.36,24.6,2.69,0.0
20230907:1711,70.15,30.59,13.66,23.89,2.34,0.0
20230907:1811,0.0,4.64,5.63,22.67,1.93,0.0
20230907:1911,0.0,0.0,0.0,21.13,2.14,0.0
20230907:2011,0.0,0.0,0.0,19.67,2.07,0.0
20230907:2111,0.0,0.0,0.0,18.61,1.72,0.0
20230907:2211,0.0,0.0,0.0,18.01,1.72,0.0
20230907:2311,0.0,0.0,0.0,17.68,1.72,0.0
20230908:0011,0.0,0.0,0.0,17.25,1.59,0.0
20230908:0111,0.0,0.0,0.0,16.54,1.52,0.0
20230908:0211,0.0,0.0,0.0,15.76,1.52,0.0
20230908:0311,0.0,0.0,0.0,15.2,1.66,0.0
20230908:0411,0.0,0.0,0.0,14.46,1.79,0.0
20230908:0511,0.0,0.0,0.0,13.77,1.79,0.0
20230908:0611,43.1,22.66,4.48,13.4,1.72,0.0
20230908:0711,608.15,177.07,12.52,14.83,1.31,0.0
20230908:0811,1460.85,378.36,20.27,17.03,1.17,0.0
20230908:0911,2312.2,607.98,27.27,19.03,1.03,0.0
20230908:1011,2704.8,730.41,33.0,20.99,1.17,0.0
20230908:1111,3103.0,867.2,36.85,22.48,1.17,0.0
20230908:1211,3114.35,878.6,38.3,23.7,1.17,0.0
20230908:1311,2803.7,781.88,37.1,24.62,1.03,0.0
20230908:1411,2504.6,688.28,33.47,25.25,1.03,0.0
20230908:1511,1599.5,426.78,27.9,25.46,1.03,0.0
20230908:1611,1264.15,341.48,20.99,25.38,0.62,0.0
20230908:1711,686.15,205.56,13.29,24.81,0.28,0.0
20230908:1811,65.85,34.43,5.26,23.74,0.76,0.0
20230908:1911,0.0,0.0,0.0,21.86,1.17,0.0
20230908:2011,0.0,0.0,0.0,19.86,1.59,0.0
20230908:2111,0.0,0.0,0.0,18.29,2.0,0.0
20230908:2211,0.0,0.0,0.0,17.44,2.21,0.0
20230908:2311,0.0,0.0,0.0,17.09,2.21,0.0
20230909:0011,0.0,0.0,0.0,16.7,2.21,0.0
20230909:0111,0.0,0.0,0.0,16.53,2.28,0.0
20230909:0211,0.0,0.0,0.0,16.63,2.34,0.0
20230909:0311,0.0,0.0,0.0,16.79,2.48,0.0
20230909:0411,0.0,0.0,0.0,16.79,2.69,0.0
20230909:0511,0.0,0.0,0.0,16.73,2.9,0.0
20230909:0611,24.65,15.76,4.21,16.53,2.97,0.0
20230909:0711,417.0,123.41,12.25,17.07,2.62,0.0
20230909:0811,977.5,253.11,19.99,17.66,3.93,0.0
20230909:0911,2417.6,611.17,26.97,18.65,4.9,0.0
20230909:1011,2971.95,761.01,32.68,19.42,5.45,0.0
20230909:1111,3265.5,847.44,36.5,19.84,5.45,0.0
20230909:1211,2152.65,547.03,37.92,19.77,4.69,0.0
20230909:1311,2417.85,617.97,36.72,19.99,4.62,0.0
20230909:1411,2135.95,542.32,33.08,20.12,4.76,0.0
20230909:1511,1787.95,452.12,27.52,19.86,4.76,0.0
20230909:1611,674.85,180.94,20.62,19.53,4.62,0.0
20230909:1711,352.65,105.04,12.92,18.81,4.0,0.0
20230909:1811,53.1,25.68,4.9,17.82,3.59,0.0
20230909:1911,0.0,0.0,0.0,17.06,3.45,0.0
20230909:2011,0.0,0.0,0.0,16.37,3.24,0.0
20230909:2111,0.0,0.0,0.0,15.73,3.1,0.0
20230909:2211,0.0,0.0,0.0,15.33,2.9,0.0
20230909:2311,0.0,0.0,0.0,15.06,2.62,0.0
20230910:0011,0.0,0.0,0.0,14.91,2.41,0.0
20230910:0111,0.0,0.0,0.0,14.81,2.28,0.0
20230910:0211,0.0,0.0,0.0,14.77,2.21,0.0
20230910:0311,0.0,0.0,0.0,14.68,2.0,0.0
20230910:0411,0.0,0.0,0.0,14.7,2.0,0.0
20230910:0511,0.0,0.0,0.0,14.7,1.93,0.0
20230910:0611,0.0,2.78,3.94,14.65,1.79,0.0
20230910:0711,17.0,12.98,11.98,14.69,1.86,0.0
20230910:0811,153.15,51.92,19.7,15.12,2.48,0.0
20230910:0911,427.5,119.6,26.67,15.64,2.34,0.0
20230910:1011,963.25,247.59,32.35,16.28,2.83,0.0
20230910:1111,1158.0,295.37,36.14,16.67,2.69,0.0
20230910:1211,1667.65,421.99,37.54,17.34,2.97,0.0
20230910:1311,320.85,94.56,36.33,17.75,2.97,0.0
20230910:1411,606.6,164.0,32.69,18.05,2.83,0.0
20230910:1511,215.8,68.61,27.14,18.1,2.48,0.0
20230910:1611,133.3,47.28,20.24,17.88,1.72,0.0
20230910:1711,143.95,50.06,12.55,17.51,0.97,0.0
20230910:1811,52.05,26.55,4.53,17.12,0.69,0.0
20230910:1911,0.0,0.0,0.0,16.43,0.97,0.0
20230910:2011,0.0,0.0,0.0,16.01,0.9,0.0
20230910:2111,0.0,0.0,0.0,15.64,0.62,0.0
20230910:2211,0.0,0.0,0.0,15.5,0.62,0.0
20230910:2311,0.0,0.0,0.0,15.44,0.76,0.0
20230911:0011,0.0,0.0,0.0,15.34,0.9,0.0
20230911:0111,0.0,0.0,0.0,15.17,0.97,0.0
20230911:0211,0.0,0.0,0.0,15.21,1.17,0.0
20230911:0311,0.0,0.0,0.0,15.21,1.45,0.0
20230911:0411,0.0,0.0,0.0,15.19,2.83,0.0
20230911:0511,0.0,0.0,0.0,14.78,3.59,0.0
20230911:0611,12.1,11.13,3.67,13.89,3.24,0.0
20230911:0711,288.7,86.94,11.7,12.96,2.48,0.0
20230911:0811,853.85,219.16,19.42,12.59,2.28,0.0
20230911:0911,2386.9,597.12,26.37,12.76,2.55,0.0
20230911:1011,2879.65,727.15,32.02,13.26,3.31,0.0
20230911:1111,2102.65,521.03,35.79,14.15,4.07,0.0
20230911:1211,3208.45,818.0,37.16,14.45,4.28,0.0
20230911:1311,3154.75,801.93,35.94,14.66,4.41,0.0
20230911:1411,804.0,207.28,32.31,14.39,4.07,0.0
20230911:1511,556.5,148.92,26.75,14.05,3.86,0.0
20230911:1611,972.55,247.28,19.87,13.57,3.52,0.0
20230911:1711,272.65,82.12,12.18,12.98,3.1,0.0
20230911:1811,0.0,3.71,4.16,12.26,2.55,0.0
20230911:1911,0.0,0.0,0.0,11.77,2.34,0.0
20230911:2011,0.0,0.0,0.0,11.3,2.14,0.0
20230911:2111,0.0,0.0,0.0,10.99,2.14,0.0
20230911:2211,0.0,0.0,0.0,10.69,2.14,0.0
20230911:2311,0.0,0.0,0.0,10.27,2.14,0.0
20230912:0011,0.0,0.0,0.0,9.86,2.07,0.0
20230912:0111,0.0,0.0,0.0,9.24,2.0,0.0
20230912:0211,0.0,0.0,0.0,8.75,1.86,0.0
20230912:0311,0.0,0.0,0.0,8.01,1.79,0.0
20230912:0411,0.0,0.0,0.0,7.14,1.72,0.0
20230912:0511,0.0,0.0,0.0,6.54,1.59,0.0
20230912:0611,25.35,16.13,3.4,6.52,1.45,0.0
20230912:0711,519.35,146.75,11.43,7.26,1.24,0.0
20230912:0811,967.4,243.67,19.14,9.78,1.86,0.0
20230912:0911,1808.4,445.62,26.07,10.44,1.79,0.0
20230912:1011,1367.7,338.5,31.69,11.12,2.0,0.0
20230912:1111,3056.25,786.14,35.43,11.72,2.07,0.0
20230912:1211,3159.3,820.38,36.78,12.16,2.0,0.0
20230912:1311,2448.35,618.28,35.55,12.42,1.93,0.0
20230912:1411,1591.3,395.97,31.92,12.7,1.93,0.0
20230912:1511,2436.55,613.94,26.37,12.7,2.07,0.0
20230912:1611,1695.2,425.88,19.49,12.33,2.28,0.0
20230912:1711,543.1,153.96,11.81,11.66,2.34,0.0
20230912:1811,39.0,21.3,3.79,10.82,2.21,0.0
20230912:1911,0.0,0.0,0.0,10.44,2.0,0.0
20230912:2011,0.0,0.0,0.0,9.55,1.86,0.0
20230912:2111,0.0,0.0,0.0,8.58,1.66,0.0
20230912:2211,0.0,0.0,0.0,7.61,1.38,0.0
20230912:2311,0.0,0.0,0.0,6.94,1.24,0.0
20230913:0011,0.0,0.0,0.0,7.45,0.97,0.0
20230913:0111,0.0,0.0,0.0,7.98,0.9,0.0
20230913:0211,0.0,0.0,0.0,7.67,0.69,0.0
20230913:0311,0.0,0.0,0.0,6.75,0.97,0.0
20230913:0411,0.0,0.0,0.0,4.94,1.03,0.0
20230913:0511,0.0,0.0,0.0,4.59,0.9,0.0
20230913:0611,27.25,17.37,3.13,4.72,0.97,0.0
20230913:0711,165.4,53.41,11.16,6.1,1.24,0.0
20230913:0811,707.15,180.72,18.85,7.41,1.31,0.0
20230913:0911,875.1,220.1,25.76,9.0,1.45,0.0
20230913:1011,1310.4,323.3,31.36,10.35,2.14,0.0
20230913:1111,729.15,188.14,35.07,11.34,2.41,0.0
20230913:1211,474.75,128.87,36.4,12.08,2.83,0.0
20230913:1311,1169.55,292.08,35.16,12.41,2.97,0.0
20230913:1411,419.3,115.89,31.52,12.42,3.17,0.0
20230913:1511,181.4,58.41,25.98,12.13,3.1,0.0
20230913:1611,418.2,115.32,19.11,11.6,2.76,0.0
20230913:1711,17.4,12.98,11.44,11.04,3.03,0.0
20230913:1811,0.0,5.56,3.42,10.27,3.45,0.0
20230913:1911,0.0,0.0,0.0,9.59,3.66,0.0
20230913:2011,0.0,0.0,0.0,9.39,3.93,0.0
20230913:2111,0.0,0.0,0.0,9.58,4.07,0.0
20230913:2211,0.0,0.0,0.0,9.97,4.34,0.0
20230913:2311,0.0,0.0,0.0,10.22,4.55,0.0
20230914:0011,0.0,0.0,0.0,10.5,4.62,0.0
20230914:0111,0.0,0.0,0.0,10.94,4.55,0.0
20230914:0211,0.0,0.0,0.0,11.35,4.97,0.0
20230914:0311,0.0,0.0,0.0,11.19,5.52,0.0
20230914:0411,0.0,0.0,0.0,10.69,5.52,0.0
20230914:0511,0.0,0.0,0.0,10.46,5.17,0.0
20230914:0611,0.0,4.64,2.86,10.29,4.9,0.0
20230914:0711,531.3,152.22,10.88,10.77,5.1,0.0
20230914:0811,1432.55,354.38,18.56,11.23,4.55,0.0
20230914:0911,2264.05,549.46,25.45,12.17,6.0,0.0
20230914:1011,2570.75,623.24,31.02,12.45,7.1,0.0
20230914:1111,3137.95,774.8,34.71,12.67,6.41,0.0
20230914:1211,3334.7,830.16,36.02,12.98,6.34,0.0
20230914:1311,2451.1,599.89,34.76,13.48,6.28,0.0
20230914:1411,1976.75,482.13,31.13,13.65,6.14,0.0
20230914:1511,585.0,154.64,25.6,13.28,5.79,0.0
20230914:1611,1220.2,304.26,18.73,12.8,5.45,0.0
20230914:1711,609.6,174.22,11.06,12.23,4.76,0.0
20230914:1811,27.0,17.52,3.04,11.41,4.41,0.0
20230914:1911,0.0,0.0,0.0,10.75,3.66,0.0
20230914:2011,0.0,0.0,0.0,10.03,3.17,0.0
20230914:2111,0.0,0.0,0.0,9.61,3.03,0.0
20230914:2211,0.0,0.0,0.0,9.32,2.83,0.0
20230914:2311,0.0,0.0,0.0,9.2,2.83,0.0
20230915:0011,0.0,0.0,0.0,9.19,2.69,0.0
20230915:0111,0.0,0.0,0.0,9.07,2.48,0.0
20230915:0211,0.0,0.0,0.0,9.02,2.21,0.0
20230915:0311,0.0,0.0,0.0,8.74,2.07,0.0
20230915:0411,0.0,0.0,0.0,8.59,1.93,0.0
20230915:0511,0.0,0.0,0.0,8.51,1.79,0.0
20230915:0611,0.0,1.85,2.58,8.38,1.72,0.0
20230915:0711,220.0,68.21,10.6,8.61,1.52,0.0
20230915:0811,782.55,200.28,18.27,9.74,1.45,0.0
20230915:0911,535.65,142.65,25.14,10.98,1.93,0.0
20230915:1011,1419.05,353.05,30.69,11.93,1.52,0.0
20230915:1111,1130.05,285.39,34.34,12.66,1.17,0.0
20230915:1211,1224.5,309.26,35.64,13.03,0.97,0.0
20230915:1311,919.0,235.93,34.37,13.21,0.83,0.0
20230915:1411,1053.3,267.53,30.74,13.11,0.9,0.0
20230915:1511,522.6,140.84,25.21,12.57,1.17,0.0
20230915:1611,275.6,81.59,18.35,11.92,1.52,0.0
20230915:1711,165.15,54.42,10.69,11.26,1.59,0.0
20230915:1811,5.55,8.34,2.67,10.68,1.52,0.0
20230915:1911,0.0,0.0,0.0,9.99,1.45,0.0
20230915:2011,0.0,0.0,0.0,9.49,1.52,0.0
20230915:2111,0.0,0.0,0.0,9.05,1.38,0.0
20230915:2211,0.0,0.0,0.0,8.85,1.45,0.0
20230915:2311,0.0,0.0,0.0,8.66,1.52,0.0
20230916:0011,0.0,0.0,0.0,8.51,1.52,0.0
20230916:0111,0.0,0.0,0.0,8.46,1.52,0.0
20230916:0211,0.0,0.0,0.0,8.38,1.31,0.0
20230916:0311,0.0,0.0,0.0,8.32,1.24,0.0
20230916:0411,0.0,0.0,0.0,8.13,1.24,0.0
20230916:0511,0.0,0.0,0.0,7.97,1.1,0.0
20230916:0611,0.0,1.85,2.31,7.6,0.97,0.0
20230916:0711,353.45,103.45,10.33,7.9,0.9,0.0
20230916:0811,962.35,241.36,17.99,8.57,1.79,0.0
20230916:0911,1113.95,275.04,24.83,9.32,2.21,0.0
20230916:1011,2275.85,561.1,30.35,10.18,2.41,0.0
20230916:1111,1977.5,486.64,33.98,10.87,2.55,0.0
20230916:1211,1501.5,370.37,35.25,11.3,2.55,0.0
20230916:1311,1558.6,385.31,33.97,11.75,2.34,0.0
20230916:1411,2514.8,631.7,30.34,12.04,2.21,0.0
20230916:1511,1563.35,387.2,24.82,12.06,2.0,0.0
20230916:1611,730.25,189.47,17.97,11.85,1.86,0.0
20230916:1711,526.1,153.26,10.31,11.57,1.79,0.0
20230916:1811,6.45,8.74,2.29,10.94,1.45,0.0
20230916:1911,0.0,0.0,0.0,9.91,1.45,0.0
20230916:2011,0.0,0.0,0.0,8.73,1.52,0.0
20230916:2111,0.0,0.0,0.0,7.57,1.52,0.0
20230916:2211,0.0,0.0,0.0,6.84,1.31,0.0
20230916:2311,0.0,0.0,0.0,7.09,1.1,0.0
20230917:0011,0.0,0.0,0.0,7.07,1.03,0.0
20230917:0111,0.0,0.0,0.0,6.49,1.03,0.0
20230917:0211,0.0,0.0,0.0,6.04,1.03,0.0
20230917:0311,0.0,0.0,0.0,5.5,1.03,0.0
20230917:0411,0.0,0.0,0.0,4.84,1.1,0.0
20230917:0511,0.0,0.0,0.0,4.4,1.24,0.0
20230917:0611,0.0,0.87,2.03,4.8,1.17,0.0
20230917:0711,294.95,87.68,10.05,6.3,0.48,0.0
20230917:0811,1253.1,312.05,17.69,7.54,0.55,0.0
20230917:0911,2308.6,576.53,24.52,8.87,0.83,0.0
20230917:1011,623.4,163.2,30.01,10.73,1.66,0.0
20230917:1111,242.0,73.24,33.61,11.67,2.76,0.0
20230917:1211,800.75,205.13,34.86,12.45,3.59,0.0
20230917:1311,255.25,76.95,33.58,13.47,3.79,0.0
20230917:1411,300.45,88.08,29.95,13.97,4.0,0.0
20230917:1511,335.4,96.42,24.43,13.59,3.24,0.0
20230917:1611,91.35,35.23,17.59,12.88,2.48,0.0
20230917:1711,74.8,30.59,9.94,12.2,2.21,0.0
20230917:1811,0.0,4.37,1.92,11.92,2.0,0.0
20230917:1911,0.0,0.0,0.0,11.87,2.07,0.0
20230917:2011,0.0,0.0,0.0,11.95,2.21,0.0
20230917:2111,0.0,0.0,0.0,12.04,2.14,0.0
20230917:2211,0.0,0.0,0.0,12.14,2.07,0.0
20230917:2311,0.0,0.0,0.0,12.2,2.07,0.0
20230918:0011,0.0,0.0,0.0,12.25,2.21,0.0
20230918:0111,0.0,0.0,0.0,12.18,2.07,0.0
20230918:0211,0.0,0.0,0.0,12.12,1.79,0.0
20230918:0311,0.0,0.0,0.0,11.96,1.66,0.0
20230918:0411,0.0,0.0,0.0,11.8,1.52,0.0
20230918:0511,0.0,0.0,0.0,11.78,1.31,0.0
20230918:0611,0.0,3.5,1.76,11.65,1.1,0.0
20230918:0711,9.95,10.2,9.77,11.67,0.34,0.0
20230918:0811,148.5,50.06,17.4,11.42,0.41,0.0
20230918:0911,119.8,42.65,24.21,11.61,1.59,0.0
20230918:1011,268.75,79.73,29.67,11.56,2.41,0.0
20230918:1111,288.2,84.37,33.25,11.56,2.97,0.0
20230918:1211,512.25,137.21,34.48,11.45,3.31,0.0
20230918:1311,784.25,200.58,33.18,11.81,3.79,0.0
20230918:1411,1395.95,342.18,29.55,11.86,4.28,0.0
20230918:1511,570.5,150.36,24.04,11.46,4.28,0.0
20230918:1611,776.85,198.8,17.21,11.1,4.21,0.0
20230918:1711,412.45,121.86,9.56,10.19,3.79,0.0
20230918:1811,0.0,2.62,1.54,9.21,3.45,0.0
20230918:1911,0.0,0.0,0.0,8.85,3.38,0.0
20230918:2011,0.0,0.0,0.0,8.31,3.45,0.0
20230918:2111,0.0,0.0,0.0,8.13,3.45,0.0
20230918:2211,0.0,0.0,0.0,7.76,3.52,0.0
20230918:2311,0.0,0.0,0.0,7.65,3.79,0.0
20230919:0011,0.0,0.0,0.0,7.77,4.0,0.0
20230919:0111,0.0,0.0,0.0,7.87,4.34,0.0
20230919:0211,0.0,0.0,0.0,7.53,4.28,0.0
20230919:0311,0.0,0.0,0.0,7.38,4.07,0.0
20230919:0411,0.0,0.0,0.0,7.51,4.14,0.0
20230919:0511,0.0,0.0,0.0,7.44,4.21,0.0
20230919:0611,0.0,3.5,1.48,7.18,3.86,0.0
20230919:0711,584.2,168.7,9.49,7.76,3.86,0.0
20230919:0811,1406.3,344.13,17.11,8.63,4.62,0.0
20230919:0911,367.1,101.98,23.89,9.27,5.03,0.0
20230919:1011,1525.85,368.45,29.33,9.96,5.1,0.0
20230919:1111,1809.35,437.33,32.88,10.69,5.17,0.0
20230919:1211,2597.7,633.72,34.09,11.01,5.17,0.0
20230919:1311,490.25,131.65,32.78,11.31,5.1,0.0
20230919:1411,201.2,63.04,29.15,11.28,5.03,0.0
20230919:1511,145.6,49.14,23.65,11.07,4.07,0.0
20230919:1611,40.15,20.4,16.82,10.81,4.07,0.0
20230919:1711,31.4,17.62,9.18,10.1,3.45,0.0
20230919:1811,0.0,0.87,1.17,9.3,2.62,0.0
20230919:1911,0.0,0.0,0.0,9.19,1.66,0.0
20230919:2011,0.0,0.0,0.0,9.02,1.59,0.0
20230919:2111,0.0,0.0,0.0,8.92,2.07,0.0
20230919:2211,0.0,0.0,0.0,8.91,2.41,0.0
20230919:2311,0.0,0.0,0.0,8.8,2.28,0.0
20230920:0011,0.0,0.0,0.0,8.83,1.59,0.0
20230920:0111,0.0,0.0,0.0,9.03,0.62,0.0
20230920:0211,0.0,0.0,0.0,9.76,0.14,0.0
20230920:0311,0.0,0.0,0.0,10.27,0.21,0.0
20230920:0411,0.0,0.0,0.0,10.58,0.34,0.0
20230920:0511,0.0,0.0,0.0,10.62,0.76,0.0
20230920:0611,0.0,0.0,0.0,11.0,1.24,0.0
20230920:0711,265.15,82.3,9.21,11.59,1.1,0.0
20230920:0811,359.4,102.13,16.81,12.6,1.03,0.0
20230920:0911,986.45,251.11,23.58,13.68,1.24,0.0
20230920:1011,1226.0,308.79,28.99,15.03,2.55,0.0
20230920:1111,1267.45,318.19,32.51,15.58,3.93,0.0
20230920:1211,2641.55,664.66,33.7,15.63,4.34,0.0
20230920:1311,2448.15,608.63,32.39,15.59,5.24,0.0
20230920:1411,1359.05,336.0,28.75,14.61,5.66,0.0
20230920:1511,1611.95,394.3,23.26,13.67,5.79,0.0
20230920:1611,1401.2,348.29,16.44,12.62,6.34,0.0
20230920:1711,62.2,26.89,8.8,11.03,6.83,0.0
20230920:1811,0.0,0.0,0.0,9.88,6.76,0.0
20230920:1911,0.0,0.0,0.0,9.68,7.86,0.0
20230920:2011,0.0,0.0,0.0,8.81,7.79,0.0
20230920:2111,0.0,0.0,0.0,8.28,7.17,0.0
20230920:2211,0.0,0.0,0.0,8.19,6.28,0.0
20230920:2311,0.0,0.0,0.0,8.39,5.66,0.0
20230921:0011,0.0,0.0,0.0,8.46,5.52,0.0
20230921:0111,0.0,0.0,0.0,8.58,5.52,0.0
20230921:0211,0.0,0.0,0.0,8.58,5.52,0.0
20230921:0311,0.0,0.0,0.0,8.38,5.52,0.0
20230921:0411,0.0,0.0,0.0,8.38,5.52,0.0
20230921:0511,0.0,0.0,0.0,8.43,5.59,0.0
20230921:0611,0.0,0.0,0.0,8.53,5.66,0.0
20230921:0711,103.9,38.01,8.93,9.07,6.07,0.0
20230921:0811,59.5,25.96,16.52,9.35,6.07,0.0
20230921:0911,1342.75,324.56,23.26,9.81,5.86,0.0
20230921:1011,1457.0,351.51,28.65,9.92,5.66,0.0
20230921:1111,745.85,189.56,32.14,9.96,5.24,0.0
20230921:1211,1077.95,265.68,33.31,9.99,4.9,0.0
20230921:1311,798.25,201.91,31.99,10.09,4.55,0.0
20230921:1411,623.05,161.6,28.36,10.13,4.69,0.0
20230921:1511,589.05,153.73,22.87,10.35,4.76,0.0
20230921:1611,534.85,141.89,16.05,10.41,4.48,0.0
20230921:1711,72.4,29.67,8.42,10.09,4.62,0.0
20230921:1811,0.0,0.0,0.0,9.44,4.07,0.0
20230921:1911,0.0,0.0,0.0,9.51,3.66,0.0
20230921:2011,0.0,0.0,0.0,9.37,3.31,0.0
20230921:2111,0.0,0.0,0.0,9.12,3.03,0.0
20230921:2211,0.0,0.0,0.0,9.05,2.76,0.0
20230921:2311,0.0,0.0,0.0,9.01,2.62,0.0
20230922:0011,0.0,0.0,0.0,9.05,2.48,0.0
20230922:0111,0.0,0.0,0.0,8.95,2.48,0.0
20230922:0211,0.0,0.0,0.0,8.72,2.48,0.0
20230922:0311,0.0,0.0,0.0,8.51,2.69,0.0
20230922:0411,0.0,0.0,0.0,8.4,2.76,0.0
20230922:0511,0.0,0.0,0.0,8.38,2.76,0.0
20230922:0611,0.0,0.0,0.0,8.43,2.76,0.0
20230922:0711,113.45,40.81,8.64,8.89,2.28,0.0
20230922:0811,342.8,96.71,16.22,9.4,2.0,0.0
20230922:0911,201.85,63.04,22.95,10.11,2.14,0.0
20230922:1011,262.3,77.88,28.31,10.6,2.21,0.0
20230922:1111,265.7,78.8,31.78,10.98,2.48,0.0
20230922:1211,413.45,114.03,32.92,11.33,2.9,0.0
20230922:1311,1139.5,282.78,31.59,11.27,3.17,0.0
20230922:1411,470.35,127.01,27.96,10.75,3.31,0.0
20230922:1511,514.15,136.74,22.47,10.26,3.45,0.0
20230922:1611,183.6,58.41,15.67,9.73,3.24,0.0
20230922:1711,113.15,40.82,8.04,9.24,2.97,0.0
20230922:1811,0.0,0.0,0.0,8.29,2.69,0.0
20230922:1911,0.0,0.0,0.0,8.32,2.34,0.0
20230922:2011,0.0,0.0,0.0,7.87,2.14,0.0
20230922:2111,0.0,0.0,0.0,7.67,2.21,0.0
20230922:2211,0.0,0.0,0.0,7.14,2.21,0.0
20230922:2311,0.0,0.0,0.0,6.89,2.14,0.0
20230923:0011,0.0,0.0,0.0,6.69,2.07,0.0
20230923:0111,0.0,0.0,0.0,6.46,1.86,0.0
20230923:0211,0.0,0.0,0.0,6.23,1.79,0.0
20230923:0311,0.0,0.0,0.0,5.94,1.72,0.0
20230923:0411,0.0,0.0,0.0,5.77,1.72,0.0
20230923:0511,0.0,0.0,0.0,5.59,1.79,0.0
20230923:0611,0.0,0.0,0.0,5.57,1.79,0.0
20230923:0711,450.25,131.86,8.36,5.82,1.45,0.0
20230923:0811,1473.65,364.63,15.93,7.14,1.31,0.0
20230923:0911,2172.85,535.12,22.63,7.96,1.24,0.0
20230923:1011,2384.25,593.1,27.96,8.63,1.17,0.0
20230923:1111,1762.65,433.02,31.4,9.05,1.31,0.0
20230923:1211,2099.9,518.91,32.53,9.44,1.52,0.0
20230923:1311,2671.65,672.81,31.19,9.97,1.66,0.0
20230923:1411,1541.7,379.01,27.56,10.23,1.72,0.0
20230923:1511,1963.25,484.87,22.08,10.48,1.79,0.0
20230923:1611,563.55,149.53,15.28,10.71,2.21,0.0
20230923:1711,65.5,27.81,7.66,10.46,1.79,0.0
20230923:1811,0.0,0.0,0.0,9.64,1.86,0.0
20230923:1911,0.0,0.0,0.0,9.02,2.14,0.0
20230923:2011,0.0,0.0,0.0,8.58,2.34,0.0
20230923:2111,0.0,0.0,0.0,8.5,2.55,0.0
20230923:2211,0.0,0.0,0.0,8.56,2.41,0.0
20230923:2311,0.0,0.0,0.0,8.84,2.55,0.0
20230924:0011,0.0,0.0,0.0,9.31,2.83,0.0
20230924:0111,0.0,0.0,0.0,9.68,3.17,0.0
20230924:0211,0.0,0.0,0.0,9.78,3.45,0.0
20230924:0311,0.0,0.0,0.0,9.88,3.66,0.0
20230924:0411,0.0,0.0,0.0,10.18,3.59,0.0
20230924:0511,0.0,0.0,0.0,10.5,3.17,0.0
20230924:0611,0.0,0.0,0.0,10.68,2.83,0.0
20230924:0711,65.45,27.81,8.07,10.7,2.34,0.0
20230924:0811,390.25,108.83,15.63,11.55,2.41,0.0
20230924:0911,166.05,54.7,22.31,12.71,2.48,0.0
20230924:1011,459.0,126.09,27.62,13.84,2.83,0.0
20230924:1111,576.3,154.02,31.03,14.62,3.93,0.0
20230924:1211,597.4,159.59,32.14,15.63,4.41,0.0
20230924:1311,263.55,79.73,30.79,15.91,4.21,0.0
20230924:1411,514.6,140.13,27.16,15.75,3.79,0.0
20230924:1511,182.3,59.33,21.69,15.14,3.24,0.0
20230924:1611,312.85,91.51,14.9,14.58,2.83,0.0
20230924:1711,9.75,10.2,7.28,13.96,2.21,0.0
20230924:1811,0.0,0.0,0.0,14.11,3.59,0.0
20230924:1911,0.0,0.0,0.0,14.63,6.07,0.0
20230924:2011,0.0,0.0,0.0,14.54,6.41,0.0
20230924:2111,0.0,0.0,0.0,14.59,6.48,0.0
20230924:2211,0.0,0.0,0.0,14.4,7.38,0.0
20230924:2311,0.0,0.0,0.0,12.62,6.62,0.0
20230925:0011,0.0,0.0,0.0,11.82,5.72,0.0
20230925:0111,0.0,0.0,0.0,11.56,6.0,0.0
20230925:0211,0.0,0.0,0.0,11.65,5.72,0.0
20230925:0311,0.0,0.0,0.0,11.4,5.66,0.0
20230925:0411,0.0,0.0,0.0,11.4,5.66,0.0
20230925:0511,0.0,0.0,0.0,11.37,5.79,0.0
20230925:0611,0.0,0.0,0.0,11.62,5.45,0.0
20230925:0711,280.0,87.79,7.79,11.66,5.38,0.0
20230925:0811,1281.25,319.33,15.33,12.15,5.24,0.0
20230925:0911,494.35,133.32,21.99,12.84,4.76,0.0
20230925:1011,1597.8,391.2,27.27,13.34,4.97,0.0
20230925:1111,508.6,137.21,30.66,13.76,5.86,0.0
20230925:1211,1187.5,294.55,31.75,13.47,5.66,0.0
20230925:1311,1705.65,416.49,30.39,13.1,5.31,0.0
20230925:1411,989.6,247.89,26.76,13.36,5.79,0.0
20230925:1511,2030.9,495.82,21.3,13.39,5.66,0.0
20230925:1611,1161.45,293.38,14.52,13.44,5.79,0.0
20230925:1711,265.25,86.86,6.9,13.24,5.03,0.0
20230925:1811,0.0,0.0,0.0,12.64,4.28,0.0
20230925:1911,0.0,0.0,0.0,12.27,3.86,0.0
20230925:2011,0.0,0.0,0.0,12.05,3.79,0.0
20230925:2111,0.0,0.0,0.0,12.05,4.0,0.0
20230925:2211,0.0,0.0,0.0,12.52,4.28,0.0
20230925:2311,0.0,0.0,0.0,12.83,4.41,0.0
20230926:0011,0.0,0.0,0.0,12.56,4.34,0.0
20230926:0111,0.0,0.0,0.0,12.32,4.34,0.0
20230926:0211,0.0,0.0,0.0,12.08,4.48,0.0
20230926:0311,0.0,0.0,0.0,12.02,4.62,0.0
20230926:0411,0.0,0.0,0.0,11.96,4.62,0.0
20230926:0511,0.0,0.0,0.0,11.86,4.55,0.0
20230926:0611,0.0,0.0,0.0,11.78,4.48,0.0
20230926:0711,91.65,35.51,7.5,12.11,4.48,0.0
20230926:0811,108.9,39.87,15.03,12.49,4.28,0.0
20230926:0911,385.0,107.72,21.67,12.83,4.62,0.0
20230926:1011,528.75,142.02,26.92,13.39,3.93,0.0
20230926:1111,635.6,167.24,30.29,13.82,4.48,0.0
20230926:1211,179.9,58.41,31.36,13.88,3.86,0.0
20230926:1311,465.45,127.01,29.99,13.12,3.93,0.0
20230926:1411,203.4,63.97,26.36,12.79,4.9,0.0
20230926:1511,1071.9,266.61,20.91,12.56,4.48,0.0
20230926:1611,863.95,222.23,14.13,12.65,3.86,0.0
20230926:1711,367.95,119.05,6.53,12.07,3.59,0.0
20230926:1811,0.0,0.0,0.0,11.39,3.66,0.0
20230926:1911,0.0,0.0,0.0,10.92,3.66,0.0
20230926:2011,0.0,0.0,0.0,10.56,3.45,0.0
20230926:2111,0.0,0.0,0.0,10.23,3.38,0.0
20230926:2211,0.0,0.0,0.0,9.88,3.1,0.0
20230926:2311,0.0,0.0,0.0,9.72,2.9,0.0
20230927:0011,0.0,0.0,0.0,9.5,2.97,0.0
20230927:0111,0.0,0.0,0.0,9.28,2.97,0.0
20230927:0211,0.0,0.0,0.0,9.06,2.9,0.0
20230927:0311,0.0,0.0,0.0,8.77,2.83,0.0
20230927:0411,0.0,0.0,0.0,8.68,2.76,0.0
20230927:0511,0.0,0.0,0.0,8.54,2.62,0.0
20230927:0611,0.0,0.0,0.0,8.33,2.34,0.0
20230927:0711,431.55,130.36,7.22,8.26,2.0,0.0
20230927:0811,649.4,168.71,14.73,9.08,1.59,0.0
20230927:0911,347.7,98.27,21.35,10.36,1.66,0.0
20230927:1011,569.55,150.82,26.58,11.55,2.21,0.0
20230927:1111,707.95,183.74,29.92,12.35,2.41,0.0
20230927:1211,472.65,128.87,30.97,13.0,2.83,0.0
20230927:1311,278.45,82.51,29.59,13.08,3.17,0.0
20230927:1411,192.15,61.19,25.97,12.5,3.03,0.0
20230927:1511,174.5,56.55,20.52,11.6,3.38,0.0
20230927:1611,134.95,46.36,13.75,10.73,3.93,0.0
20230927:1711,17.5,12.98,6.15,10.58,4.34,0.0
20230927:1811,0.0,0.0,0.0,10.75,4.21,0.0
20230927:1911,0.0,0.0,0.0,10.85,4.07,0.0
20230927:2011,0.0,0.0,0.0,11.38,3.52,0.0
20230927:2111,0.0,0.0,0.0,12.05,3.03,0.0
20230927:2211,0.0,0.0,0.0,12.48,2.55,0.0
20230927:2311,0.0,0.0,0.0,12.86,2.34,0.0
20230928:0011,0.0,0.0,0.0,13.1,2.07,0.0
20230928:0111,0.0,0.0,0.0,12.82,1.45,0.0
20230928:0211,0.0,0.0,0.0,12.6,1.59,0.0
20230928:0311,0.0,0.0,0.0,12.76,3.17,0.0
20230928:0411,0.0,0.0,0.0,12.87,4.55,0.0
20230928:0511,0.0,0.0,0.0,12.85,5.1,0.0
20230928:0611,0.0,0.0,0.0,12.55,6.0,0.0
20230928:0711,362.3,113.12,6.93,12.75,5.66,0.0
20230928:0811,771.95,198.41,14.43,12.42,6.07,0.0
20230928:0911,1357.75,331.63,21.02,12.44,5.86,0.0
20230928:1011,1689.65,411.42,26.23,13.05,5.52,0.0
20230928:1111,1913.85,466.09,29.55,13.71,6.21,0.0
20230928:1211,583.15,155.03,30.58,14.49,6.28,0.0
20230928:1311,1087.7,272.65,29.19,14.63,5.24,0.0
20230928:1411,1405.75,347.37,25.57,14.52,4.76,0.0
20230928:1511,730.85,189.25,20.12,14.44,4.48,0.0
20230928:1611,199.1,63.32,13.36,14.18,4.28,0.0
20230928:1711,81.4,33.53,5.77,13.63,4.21,0.0
20230928:1811,0.0,0.0,0.0,12.93,4.0,0.0
20230928:1911,0.0,0.0,0.0,12.37,4.0,0.0
20230928:2011,0.0,0.0,0.0,12.08,4.21,0.0
20230928:2111,0.0,0.0,0.0,11.73,4.21,0.0
20230928:2211,0.0,0.0,0.0,11.56,4.07,0.0
20230928:2311,0.0,0.0,0.0,11.07,4.34,0.0
20230929:0011,0.0,0.0,0.0,10.53,4.62,0.0
20230929:0111,0.0,0.0,0.0,10.41,5.03,0.0
20230929:0211,0.0,0.0,0.0,10.4,5.24,0.0
20230929:0311,0.0,0.0,0.0,10.08,5.45,0.0
20230929:0411,0.0,0.0,0.0,9.99,5.79,0.0
20230929:0511,0.0,0.0,0.0,10.02,6.07,0.0
20230929:0611,0.0,0.0,0.0,10.19,6.28,0.0
20230929:0711,315.85,99.24,6.64,10.8,6.76,0.0
20230929:0811,1042.9,260.41,14.12,11.17,6.97,0.0
20230929:0911,1648.55,398.42,20.7,11.67,6.14,0.0
20230929:1011,2178.5,525.11,25.88,12.01,6.62,0.0
20230929:1111,2815.55,684.34,29.17,12.31,7.1,0.0
20230929:1211,3119.25,762.88,30.19,12.69,7.52,0.0
20230929:1311,2867.15,704.71,28.79,12.69,5.86,0.0
20230929:1411,1650.65,399.08,25.17,12.78,7.31,0.0
20230929:1511,1368.7,333.07,19.73,12.21,7.03,0.0
20230929:1611,890.9,227.35,12.98,11.7,6.0,0.0
20230929:1711,78.3,32.46,5.39,11.29,6.55,0.0
20230929:1811,0.0,0.0,0.0,10.73,5.72,0.0
20230929:1911,0.0,0.0,0.0,10.5,5.17,0.0
20230929:2011,0.0,0.0,0.0,10.16,4.69,0.0
20230929:2111,0.0,0.0,0.0,9.93,4.28,0.0
20230929:2211,0.0,0.0,0.0,9.63,3.93,0.0
20230929:2311,0.0,0.0,0.0,9.53,3.66,0.0
20230930:0011,0.0,0.0,0.0,9.47,3.31,0.0
20230930:0111,0.0,0.0,0.0,9.15,3.03,0.0
20230930:0211,0.0,0.0,0.0,9.23,2.83,0.0
20230930:0311,0.0,0.0,0.0,9.22,2.55,0.0
20230930:0411,0.0,0.0,0.0,9.12,2.21,0.0
20230930:0511,0.0,0.0,0.0,9.13,1.93,0.0
20230930:0611,0.0,0.0,0.0,9.1,1.93,0.0
20230930:0711,110.3,40.97,6.35,9.41,1.79,0.0
20230930:0811,360.7,101.25,13.82,9.82,1.72,0.0
20230930:0911,651.6,168.68,20.38,10.43,2.28,0.0
20230930:1011,903.35,227.76,25.53,11.07,2.14,0.0
20230930:1111,716.05,185.3,28.8,11.7,1.93,0.0
20230930:1211,733.7,189.9,29.8,12.32,2.07,0.0
20230930:1311,605.1,159.99,28.4,12.81,2.48,0.0
20230930:1411,236.45,72.31,24.78,13.06,2.48,0.0
20230930:1511,381.25,107.23,19.35,12.89,1.72,0.0
20230930:1611,81.25,32.45,12.6,12.65,1.86,0.0
20230930:1711,3.45,7.42,5.02,12.03,1.79,0.0
20230930:1811,0.0,0.0,0.0,11.13,2.0,0.0
20230930:1911,0.0,0.0,0.0,11.22,2.14,0.0
20230930:2011,0.0,0.0,0.0,10.88,2.28,0.0
20230930:2111,0.0,0.0,0.0,10.43,2.21,0.0
20230930:2211,0.0,0.0,0.0,10.31,2.48,0.0
20230930:2311,0.0,0.0,0.0,10.44,2.69,0.0
20231001:0011,0.0,0.0,0.0,10.57,2.83,0.0
20231001:0111,0.0,0.0,0.0,10.78,2.76,0.0
20231001:0211,0.0,0.0,0.0,11.02,2.69,0.0
20231001:0311,0.0,0.0,0.0,11.25,2.55,0.0
20231001:0411,0.0,0.0,0.0,11.55,2.9,0.0
20231001:0511,0.0,0.0,0.0,11.9,3.1,0.0
20231001:0611,0.0,0.0,0.0,12.07,2.9,0.0
20231001:0711,52.05,24.1,6.06,12.42,2.69,0.0
20231001:0811,25.2,15.76,13.52,12.88,3.03,0.0
20231001:0911,1195.85,297.49,20.05,13.37,3.38,0.0
20231001:1011,502.65,135.93,25.18,13.68,4.14,0.0
20231001:1111,2535.3,627.98,28.43,13.51,4.34,0.0
20231001:1211,2786.9,696.32,29.41,13.82,4.34,0.0
20231001:1311,2810.0,701.6,28.0,14.04,4.55,0.0
20231001:1411,2349.15,577.7,24.38,14.01,5.03,0.0
20231001:1511,1834.15,450.45,18.96,13.66,4.69,0.0
20231001:1611,955.8,246.66,12.22,13.17,3.52,0.0
20231001:1711,104.9,42.46,4.65,12.55,3.45,0.0
20231001:1811,0.0,0.0,0.0,11.68,3.17,0.0
20231001:1911,0.0,0.0,0.0,11.38,3.03,0.0
20231001:2011,0.0,0.0,0.0,10.87,3.03,0.0
20231001:2111,0.0,0.0,0.0,10.63,3.03,0.0
20231001:2211,0.0,0.0,0.0,10.21,2.97,0.0
20231001:2311,0.0,0.0,0.0,10.05,2.97,0.0
20231002:0011,0.0,0.0,0.0,9.95,3.1,0.0
20231002:0111,0.0,0.0,0.0,10.04,3.31,0.0
20231002:0211,0.0,0.0,0.0,9.95,3.52,0.0
20231002:0311,0.0,0.0,0.0,9.93,3.66,0.0
20231002:0411,0.0,0.0,0.0,9.82,3.86,0.0
20231002:0511,0.0,0.0,0.0,9.73,4.07,0.0
20231002:0611,0.0,0.0,0.0,9.52,4.14,0.0
20231002:0711,366.3,114.87,5.77,9.56,4.21,0.0
20231002:0811,1147.35,285.93,13.21,10.17,4.48,0.0
20231002:0911,1711.4,412.33,19.73,10.78,5.66,0.0
20231002:1011,2562.4,618.96,24.83,11.35,6.34,0.0
20231002:1111,1156.1,284.0,28.06,11.87,6.55,0.0
20231002:1211,1622.75,392.92,29.02,12.2,6.55,0.0
20231002:1311,2024.4,489.24,27.6,12.08,6.07,0.0
20231002:1411,503.85,135.08,23.99,12.18,5.66,0.0
20231002:1511,365.8,102.72,18.57,11.92,4.83,0.0
20231002:1611,850.45,219.07,11.84,11.58,4.55,0.0
20231002:1711,17.4,12.98,4.27,11.17,4.34,0.0
20231002:1811,0.0,0.0,0.0,10.52,3.79,0.0
20231002:1911,0.0,0.0,0.0,10.15,3.93,0.0
20231002:2011,0.0,0.0,0.0,9.74,3.72,0.0
20231002:2111,0.0,0.0,0.0,9.77,3.93,0.0
20231002:2211,0.0,0.0,0.0,9.61,4.0,0.0
20231002:2311,0.0,0.0,0.0,9.54,4.07,0.0
20231003:0011,0.0,0.0,0.0,9.4,4.21,0.0
20231003:0111,0.0,0.0,0.0,9.43,4.28,0.0
20231003:0211,0.0,0.0,0.0,9.3,4.41,0.0
20231003:0311,0.0,0.0,0.0,9.5,4.69,0.0
20231003:0411,0.0,0.0,0.0,9.6,4.76,0.0
20231003:0511,0.0,0.0,0.0,9.49,4.41,0.0
20231003:0611,0.0,0.0,0.0,9.12,4.0,0.0
20231003:0711,249.65,83.02,5.48,9.52,4.07,0.0
20231003:0811,1392.45,345.4,12.91,9.77,3.93,0.0
20231003:0911,744.8,189.0,19.4,10.19,4.07,0.0
20231003:1011,1895.25,456.17,24.49,10.33,4.9,0.0
20231003:1111,2008.95,484.96,27.68,10.76,4.97,0.0
20231003:1211,2135.6,516.58,28.63,10.98,5.03,0.0
20231003:1311,1099.25,270.59,27.21,10.99,5.31,0.0
20231003:1411,797.65,201.39,23.59,11.01,5.52,0.0
20231003:1511,948.95,235.66,18.18,10.82,5.38,0.0
20231003:1611,404.2,112.0,11.47,10.55,5.38,0.0
20231003:1711,93.85,39.94,3.9,10.13,4.34,0.0
20231003:1811,0.0,0.0,0.0,9.48,3.93,0.0
20231003:1911,0.0,0.0,0.0,9.41,3.72,0.0
20231003:2011,0.0,0.0,0.0,9.23,3.93,0.0
20231003:2111,0.0,0.0,0.0,9.15,3.59,0.0
20231003:2211,0.0,0.0,0.0,9.01,3.38,0.0
20231003:2311,0.0,0.0,0.0,9.13,3.45,0.0
20231004:0011,0.0,0.0,0.0,9.2,3.66,0.0
20231004:0111,0.0,0.0,0.0,9.26,3.79,0.0
20231004:0211,0.0,0.0,0.0,9.42,3.93,0.0
20231004:0311,0.0,0.0,0.0,9.62,4.07,0.0
20231004:0411,0.0,0.0,0.0,9.79,4.34,0.0
20231004:0511,0.0,0.0,0.0,9.9,4.14,0.0
20231004:0611,0.0,0.0,0.0,10.07,3.66,0.0
20231004:0711,5.55,8.34,5.19,10.33,3.86,0.0
20231004:0811,52.65,24.1,12.6,10.56,3.86,0.0
20231004:0911,85.65,33.38,19.08,10.62,4.0,0.0
20231004:1011,232.35,70.46,24.14,10.38,3.86,0.0
20231004:1111,627.5,162.74,27.31,10.11,3.86,0.0
20231004:1211,1510.65,365.76,28.24,10.46,4.76,0.0
20231004:1311,878.25,220.36,26.81,10.82,4.48,0.0
20231004:1411,2028.85,491.26,23.2,11.11,4.55,0.0
20231004:1511,662.9,170.99,17.8,11.18,4.34,0.0
20231004:1611,463.0,126.53,11.09,10.69,3.52,0.0
20231004:1711,20.2,13.91,3.53,10.06,3.24,0.0
20231004:1811,0.0,0.0,0.0,9.31,2.9,0.0
20231004:1911,0.0,0.0,0.0,9.07,3.17,0.0
20231004:2011,0.0,0.0,0.0,8.86,2.97,0.0
20231004:2111,0.0,0.0,0.0,8.35,2.83,0.0
20231004:2211,0.0,0.0,0.0,8.12,2.62,0.0
20231004:2311,0.0,0.0,0.0,8.09,2.62,0.0
20231005:0011,0.0,0.0,0.0,8.08,2.62,0.0
20231005:0111,0.0,0.0,0.0,8.13,2.48,0.0
20231005:0211,0.0,0.0,0.0,8.17,2.41,0.0
20231005:0311,0.0,0.0,0.0,8.06,2.41,0.0
20231005:0411,0.0,0.0,0.0,8.06,2.28,0.0
20231005:0511,0.0,0.0,0.0,8.1,2.0,0.0
20231005:0611,0.0,0.0,0.0,8.17,1.79,0.0
20231005:0711,58.7,26.12,4.9,7.58,1.79,0.0
20231005:0811,187.0,58.98,12.3,8.11,1.31,0.0
20231005:0911,286.85,83.44,18.75,9.24,1.17,0.0
20231005:1011,228.35,69.53,23.79,9.9,1.24,0.0
20231005:1111,149.2,50.06,26.94,10.66,1.24,0.0
20231005:1211,354.25,100.13,27.86,10.93,1.24,0.0
20231005:1311,219.45,67.68,26.42,11.24,1.86,0.0
20231005:1411,123.6,43.57,22.81,11.4,2.41,0.0
20231005:1511,1072.2,266.68,17.42,11.59,3.03,0.0
20231005:1611,197.95,62.58,10.71,11.84,3.52,0.0
20231005:1711,24.5,16.4,3.16,12.01,3.72,0.0
20231005:1811,0.0,0.0,0.0,12.27,3.66,0.0
20231005:1911,0.0,0.0,0.0,13.43,4.28,0.0
20231005:2011,0.0,0.0,0.0,13.73,4.76,0.0
20231005:2111,0.0,0.0,0.0,13.46,5.17,0.0
20231005:2211,0.0,0.0,0.0,13.05,5.45,0.0
20231005:2311,0.0,0.0,0.0,12.79,5.72,0.0
20231006:0011,0.0,0.0,0.0,12.56,6.07,0.0
20231006:0111,0.0,0.0,0.0,12.43,6.41,0.0
20231006:0211,0.0,0.0,0.0,12.28,6.69,0.0
20231006:0311,0.0,0.0,0.0,12.11,6.9,0.0
20231006:0411,0.0,0.0,0.0,11.98,6.97,0.0
20231006:0511,0.0,0.0,0.0,11.92,6.76,0.0
20231006:0611,0.0,0.0,0.0,11.83,6.55,0.0
20231006:0711,224.25,78.18,4.61,12.0,6.48,0.0
20231006:0811,1326.95,330.42,11.99,11.96,6.62,0.0
20231006:0911,1212.05,296.9,18.42,12.21,6.21,0.0
20231006:1011,1778.5,429.43,23.44,12.54,6.55,0.0
20231006:1111,1770.0,428.24,26.57,12.65,6.41,0.0
20231006:1211,558.35,148.15,27.47,13.07,6.62,0.0
20231006:1311,356.6,101.05,26.03,13.02,5.17,0.0
20231006:1411,360.5,101.98,22.42,12.69,3.86,0.0
20231006:1511,496.35,133.73,17.04,12.42,2.76,0.0
20231006:1611,42.9,21.32,10.34,11.92,2.0,0.0
20231006:1711,3.45,7.42,2.8,11.23,2.07,0.0
20231006:1811,0.0,0.0,0.0,10.49,2.28,0.0
20231006:1911,0.0,0.0,0.0,9.9,2.55,0.0
20231006:2011,0.0,0.0,0.0,9.14,2.14,0.0
20231006:2111,0.0,0.0,0.0,8.83,2.0,0.0
20231006:2211,0.0,0.0,0.0,8.57,2.14,0.0
20231006:2311,0.0,0.0,0.0,8.42,2.34,0.0
20231007:0011,0.0,0.0,0.0,8.33,2.41,0.0
20231007:0111,0.0,0.0,0.0,8.26,2.62,0.0
20231007:0211,0.0,0.0,0.0,8.17,2.9,0.0
20231007:0311,0.0,0.0,0.0,7.99,2.97,0.0
20231007:0411,0.0,0.0,0.0,7.79,3.17,0.0
20231007:0511,0.0,0.0,0.0,7.56,3.59,0.0
20231007:0611,0.0,0.0,0.0,7.19,3.72,0.0
20231007:0711,17.85,12.98,4.31,7.67,3.93,0.0
20231007:0811,152.15,50.06,11.69,7.26,3.86,0.0
20231007:0911,57.0,25.03,18.1,6.83,3.86,0.0
20231007:1011,73.85,29.67,23.09,6.3,3.93,0.0
20231007:1111,551.95,142.65,26.2,5.61,3.79,0.0
20231007:1211,207.45,63.04,27.09,4.89,3.59,0.0
20231007:1311,243.05,71.39,25.64,4.45,3.24,0.0
20231007:1411,177.0,55.63,22.03,4.44,2.9,0.0
20231007:1511,157.8,50.99,16.66,4.64,2.62,0.0
20231007:1611,102.4,37.08,9.97,4.89,2.48,0.0
20231007:1711,0.0,4.37,2.43,4.99,2.07,0.0
20231007:1811,0.0,0.0,0.0,5.09,1.86,0.0
20231007:1911,0.0,0.0,0.0,6.26,2.55,0.0
20231007:2011,0.0,0.0,0.0,6.32,2.9,0.0
20231007:2111,0.0,0.0,0.0,6.21,2.83,0.0
20231007:2211,0.0,0.0,0.0,6.14,2.55,0.0
20231007:2311,0.0,0.0,0.0,6.08,2.55,0.0
20231008:0011,0.0,0.0,0.0,6.01,2.34,0.0
20231008:0111,0.0,0.0,0.0,6.11,2.21,0.0
20231008:0211,0.0,0.0,0.0,6.16,2.28,0.0
20231008:0311,0.0,0.0,0.0,6.29,2.28,0.0
20231008:0411,0.0,0.0,0.0,6.43,2.34,0.0
20231008:0511,0.0,0.0,0.0,6.63,2.28,0.0
20231008:0611,0.0,0.0,0.0,6.84,1.86,0.0
20231008:0711,1.7,6.49,4.02,7.61,1.59,0.0
20231008:0811,56.6,25.03,11.38,8.0,2.34,0.0
20231008:0911,50.0,23.18,17.77,8.55,2.55,0.0
20231008:1011,169.05,54.7,22.74,9.08,2.0,0.0
20231008:1111,228.75,69.53,25.83,9.7,1.72,0.0
20231008:1211,312.7,89.93,26.7,10.36,1.72,0.0
20231008:1311,99.25,37.08,25.25,10.66,1.52,0.0
20231008:1411,227.3,69.53,21.65,10.87,1.38,0.0
20231008:1511,37.05,19.47,16.28,11.07,1.66,0.0
20231008:1611,9.95,10.2,9.6,11.29,2.28,0.0
20231008:1711,0.0,5.25,2.07,11.52,2.76,0.0
20231008:1811,0.0,0.0,0.0,11.84,2.9,0.0
20231008:1911,0.0,0.0,0.0,11.6,2.14,0.0
20231008:2011,0.0,0.0,0.0,11.77,2.14,0.0
20231008:2111,0.0,0.0,0.0,11.95,2.0,0.0
20231008:2211,0.0,0.0,0.0,12.04,1.86,0.0
20231008:2311,0.0,0.0,0.0,12.1,1.79,0.0
20231009:0011,0.0,0.0,0.0,12.04,1.66,0.0
20231009:0111,0.0,0.0,0.0,11.97,1.59,0.0
20231009:0211,0.0,0.0,0.0,11.94,1.66,0.0
20231009:0311,0.0,0.0,0.0,11.8,1.79,0.0
20231009:0411,0.0,0.0,0.0,11.49,1.93,0.0
20231009:0511,0.0,0.0,0.0,11.06,1.93,0.0
20231009:0611,0.0,0.0,0.0,10.56,1.72,0.0
20231009:0711,117.1,46.62,3.73,10.62,1.24,0.0
20231009:0811,502.95,135.94,11.07,10.65,1.17,0.0
20231009:0911,1189.65,294.62,17.45,10.77,1.66,0.0
20231009:1011,1239.9,306.01,22.39,11.06,2.07,0.0
20231009:1111,2357.45,584.13,25.46,11.39,2.48,0.0
20231009:1211,1457.1,357.94,26.32,11.64,2.76,0.0
20231009:1311,650.8,169.51,24.86,11.94,3.03,0.0
20231009:1411,2598.0,648.04,21.27,12.23,2.9,0.0
20231009:1511,1754.2,433.01,15.9,12.35,2.9,0.0
20231009:1611,203.65,64.39,9.24,12.3,2.83,0.0
20231009:1711,0.0,2.62,1.71,11.76,2.07,0.0
20231009:1811,0.0,0.0,0.0,11.29,2.21,0.0
20231009:1911,0.0,0.0,0.0,11.58,2.41,0.0
20231009:2011,0.0,0.0,0.0,11.69,2.21,0.0
20231009:2111,0.0,0.0,0.0,11.97,2.41,0.0
20231009:2211,0.0,0.0,0.0,12.73,3.03,0.0
20231009:2311,0.0,0.0,0.0,13.24,3.52,0.0
20231010:0011,0.0,0.0,0.0,13.58,3.72,0.0
20231010:0111,0.0,0.0,0.0,13.79,3.93,0.0
20231010:0211,0.0,0.0,0.0,13.8,4.28,0.0
20231010:0311,0.0,0.0,0.0,13.6,4.76,0.0
20231010:0411,0.0,0.0,0.0,13.31,5.1,0.0
20231010:0511,0.0,0.0,0.0,12.99,5.31,0.0
20231010:0611,0.0,0.0,0.0,12.75,5.1,0.0
20231010:0711,110.45,45.64,3.44,13.2,5.31,0.0
20231010:0811,740.0,192.96,10.77,13.72,6.21,0.0
20231010:0911,97.85,37.08,17.12,13.93,6.62,0.0
20231010:1011,277.75,82.51,22.04,14.26,6.76,0.0
20231010:1111,1199.2,296.59,25.09,14.58,6.83,0.0
20231010:1211,1372.45,337.73,25.94,14.89,6.62,0.0
20231010:1311,456.8,125.63,24.48,15.21,6.48,0.0
20231010:1411,139.15,48.21,20.88,15.19,6.14,0.0
20231010:1511,267.9,80.39,15.53,15.05,5.59,0.0
20231010:1611,393.45,112.2,8.87,14.14,5.24,0.0
20231010:1711,0.0,0.87,1.35,12.78,4.9,0.0
20231010:1811,0.0,0.0,0.0,11.54,4.83,0.0
20231010:1911,0.0,0.0,0.0,10.7,4.55,0.0
20231010:2011,0.0,0.0,0.0,9.83,4.69,0.0
20231010:2111,0.0,0.0,0.0,8.78,4.83,0.0
20231010:2211,0.0,0.0,0.0,8.06,4.69,0.0
20231010:2311,0.0,0.0,0.0,7.67,4.76,0.0
20231011:0011,0.0,0.0,0.0,7.46,4.76,0.0
20231011:0111,0.0,0.0,0.0,7.33,4.97,0.0
20231011:0211,0.0,0.0,0.0,7.02,5.24,0.0
20231011:0311,0.0,0.0,0.0,6.56,5.31,0.0
20231011:0411,0.0,0.0,0.0,6.22,5.38,0.0
20231011:0511,0.0,0.0,0.0,6.05,5.59,0.0
20231011:0611,0.0,0.0,0.0,6.03,5.52,0.0
20231011:0711,3.7,7.42,3.15,6.06,5.24,0.0
20231011:0811,1025.65,253.19,10.46,6.31,5.45,0.0
20231011:0911,1405.15,333.85,16.79,6.93,6.07,0.0
20231011:1011,2484.95,585.3,21.69,7.39,7.1,0.0
20231011:1111,2665.5,631.63,24.73,8.15,7.24,0.0
20231011:1211,3284.8,790.8,25.56,8.5,7.03,0.0
20231011:1311,1191.45,287.1,24.09,9.3,8.34,0.0
20231011:1411,823.8,204.93,20.5,9.4,7.38,0.0
20231011:1511,158.15,51.92,15.16,9.38,6.69,0.0
20231011:1611,499.65,135.49,8.51,9.12,5.03,0.0
20231011:1711,0.0,0.0,0.0,8.59,4.14,0.0
20231011:1811,0.0,0.0,0.0,8.04,3.66,0.0
20231011:1911,0.0,0.0,0.0,8.05,3.52,0.0
20231011:2011,0.0,0.0,0.0,7.67,3.1,0.0
20231011:2111,0.0,0.0,0.0,7.3,2.9,0.0
20231011:2211,0.0,0.0,0.0,6.75,2.55,0.0
20231011:2311,0.0,0.0,0.0,6.28,2.34,0.0
20231012:0011,0.0,0.0,0.0,5.85,2.28,0.0
20231012:0111,0.0,0.0,0.0,5.33,1.86,0.0
20231012:0211,0.0,0.0,0.0,4.86,1.79,0.0
20231012:0311,0.0,0.0,0.0,4.53,2.0,0.0
20231012:0411,0.0,0.0,0.0,4.44,2.14,0.0
20231012:0511,0.0,0.0,0.0,4.43,2.14,0.0
20231012:0611,0.0,0.0,0.0,4.47,2.21,0.0
20231012:0711,58.2,28.01,2.85,5.29,2.41,0.0
20231012:0811,486.45,129.33,10.15,6.23,2.76,0.0
20231012:0911,1411.3,339.94,16.47,7.35,2.9,0.0
20231012:1011,1506.4,361.7,21.35,8.63,4.07,0.0
20231012:1111,1815.2,435.82,24.36,9.24,4.28,0.0
20231012:1211,1098.2,269.21,25.18,9.63,4.21,0.0
20231012:1311,498.65,132.74,23.71,9.75,4.14,0.0
20231012:1411,384.6,106.29,20.13,9.89,4.69,0.0
20231012:1511,492.7,130.92,14.79,9.69,4.62,0.0
20231012:1611,15.05,12.05,8.15,9.27,4.62,0.0
20231012:1711,0.0,0.0,0.0,8.69,4.55,0.0
20231012:1811,0.0,0.0,0.0,8.24,4.55,0.0
20231012:1911,0.0,0.0,0.0,7.93,4.69,0.0
20231012:2011,0.0,0.0,0.0,7.86,4.76,0.0
20231012:2111,0.0,0.0,0.0,7.85,4.9,0.0
20231012:2211,0.0,0.0,0.0,7.9,5.03,0.0
20231012:2311,0.0,0.0,0.0,8.0,5.1,0.0
20231013:0011,0.0,0.0,0.0,8.07,5.17,0.0
20231013:0111,0.0,0.0,0.0,8.39,5.24,0.0
20231013:0211,0.0,0.0,0.0,8.62,4.83,0.0
20231013:0311,0.0,0.0,0.0,8.55,4.14,0.0
20231013:0411,0.0,0.0,0.0,8.17,4.0,0.0
20231013:0511,0.0,0.0,0.0,7.6,4.14,0.0
20231013:0611,0.0,0.0,0.0,7.07,4.28,0.0
20231013:0711,13.45,11.37,2.56,6.62,4.34,0.0
20231013:0811,629.7,162.34,9.85,6.62,4.83,0.0
20231013:0911,1953.6,463.69,16.14,7.01,4.97,0.0
20231013:1011,2856.6,680.41,21.0,7.43,6.21,0.0
20231013:1111,612.6,156.9,23.99,7.63,6.48,0.0
20231013:1211,1728.8,409.2,24.8,8.03,6.48,0.0
20231013:1311,2077.75,491.01,23.33,7.98,6.34,0.0
20231013:1411,1144.25,275.31,19.75,8.08,6.9,0.0
20231013:1511,1806.95,429.77,14.42,8.11,6.62,0.0
20231013:1611,23.25,14.83,7.79,7.65,5.79,0.0
20231013:1711,0.0,0.0,0.0,6.99,6.0,0.0
20231013:1811,0.0,0.0,0.0,6.36,5.72,0.0
20231013:1911,0.0,0.0,0.0,5.97,5.52,0.0
20231013:2011,0.0,0.0,0.0,5.74,5.24,0.0
20231013:2111,0.0,0.0,0.0,5.47,4.97,0.0
20231013:2211,0.0,0.0,0.0,5.13,4.9,0.0
20231013:2311,0.0,0.0,0.0,4.92,5.03,0.0
20231014:0011,0.0,0.0,0.0,4.53,4.76,0.0
20231014:0111,0.0,0.0,0.0,4.22,4.55,0.0
20231014:0211,0.0,0.0,0.0,4.11,4.69,0.0
20231014:0311,0.0,0.0,0.0,3.95,4.83,0.0
20231014:0411,0.0,0.0,0.0,3.63,4.9,0.0
20231014:0511,0.0,0.0,0.0,3.52,4.83,0.0
20231014:0611,0.0,0.0,0.0,3.38,4.69,0.0
20231014:0711,1.1,6.12,2.27,3.57,4.21,0.0
20231014:0811,520.05,135.56,9.54,3.76,4.21,0.0
20231014:0911,575.3,146.09,15.82,4.09,5.24,0.0
20231014:1011,581.05,147.72,20.66,4.39,5.66,0.0
20231014:1111,852.65,208.22,23.63,4.69,5.31,0.0
20231014:1211,2531.1,596.51,24.43,5.12,5.24,0.0
20231014:1311,222.95,66.75,22.95,5.18,4.9,0.0
20231014:1411,2615.05,618.87,19.38,4.61,4.48,0.0
20231014:1511,409.95,109.6,14.06,4.57,4.48,0.0
20231014:1611,108.25,38.58,7.44,3.91,4.07,0.0
20231014:1711,0.0,0.0,0.0,3.23,3.93,0.0
20231014:1811,0.0,0.0,0.0,2.48,3.24,0.0
20231014:1911,0.0,0.0,0.0,2.43,3.38,0.0
20231014:2011,0.0,0.0,0.0,2.01,3.1,0.0
20231014:2111,0.0,0.0,0.0,1.84,3.03,0.0
20231014:2211,0.0,0.0,0.0,1.65,2.9,0.0
20231014:2311,0.0,0.0,0.0,1.62,2.83,0.0
20231015:0011,0.0,0.0,0.0,1.76,2.83,0.0
20231015:0111,0.0,0.0,0.0,2.12,2.69,0.0
20231015:0211,0.0,0.0,0.0,2.21,2.62,0.0
20231015:0311,0.0,0.0,0.0,2.6,2.83,0.0
20231015:0411,0.0,0.0,0.0,3.01,2.83,0.0
20231015:0511,0.0,0.0,0.0,3.32,2.76,0.0
20231015:0611,0.0,0.0,0.0,3.74,2.62,0.0
20231015:0711,0.0,2.62,1.98,4.15,2.69,0.0
20231015:0811,217.55,65.69,9.23,4.9,3.03,0.0
20231015:0911,116.45,40.79,15.49,5.61,3.52,0.0
20231015:1011,539.25,139.74,20.31,6.13,3.93,0.0
20231015:1111,463.25,122.98,23.27,6.63,4.28,0.0
20231015:1211,655.2,166.81,24.05,7.12,3.59,0.0
20231015:1311,812.55,202.19,22.58,7.44,3.72,0.0
20231015:1411,689.5,174.43,19.01,7.48,3.31,0.0
20231015:1511,283.0,81.63,13.7,7.4,3.24,0.0
20231015:1611,110.65,39.68,7.09,6.95,2.69,0.0
20231015:1711,0.0,0.0,0.0,6.51,2.34,0.0
20231015:1811,0.0,0.0,0.0,6.09,2.21,0.0
20231015:1911,0.0,0.0,0.0,5.96,2.41,0.0
20231015:2011,0.0,0.0,0.0,5.68,2.34,0.0
20231015:2111,0.0,0.0,0.0,5.35,2.34,0.0
20231015:2211,0.0,0.0,0.0,4.91,2.28,0.0
20231015:2311,0.0,0.0,0.0,4.51,2.34,0.0
20231016:0011,0.0,0.0,0.0,4.25,2.34,0.0
20231016:0111,0.0,0.0,0.0,4.02,2.28,0.0
20231016:0211,0.0,0.0,0.0,3.9,2.28,0.0
20231016:0311,0.0,0.0,0.0,3.84,2.21,0.0
20231016:0411,0.0,0.0,0.0,3.74,2.14,0.0
20231016:0511,0.0,0.0,0.0,3.74,2.07,0.0
20231016:0611,0.0,0.0,0.0,3.84,2.07,0.0
20231016:0711,0.0,3.5,1.68,3.58,2.14,0.0
20231016:0811,905.95,226.16,8.93,4.14,2.07,0.0
20231016:0911,1922.45,460.95,15.17,5.49,2.21,0.0
20231016:1011,2630.2,636.64,19.97,6.9,3.17,0.0
20231016:1111,487.95,129.24,22.91,7.67,3.59,0.0
20231016:1211,841.0,209.58,23.68,8.14,3.24,0.0
20231016:1311,948.15,234.08,22.21,8.4,3.03,0.0
20231016:1411,700.5,177.69,18.64,8.61,3.24,0.0
20231016:1511,478.5,127.34,13.34,8.53,2.83,0.0
20231016:1611,235.25,72.0,6.74,8.13,2.28,0.0
20231016:1711,0.0,0.0,0.0,7.37,2.14,0.0
20231016:1811,0.0,0.0,0.0,6.67,2.0,0.0
20231016:1911,0.0,0.0,0.0,6.5,2.21,0.0
20231016:2011,0.0,0.0,0.0,6.05,2.28,0.0
20231016:2111,0.0,0.0,0.0,5.43,2.28,0.0
20231016:2211,0.0,0.0,0.0,4.79,2.21,0.0
20231016:2311,0.0,0.0,0.0,4.16,2.07,0.0
20231017:0011,0.0,0.0,0.0,3.69,2.07,0.0
20231017:0111,0.0,0.0,0.0,3.24,2.14,0.0
20231017:0211,0.0,0.0,0.0,2.82,2.07,0.0
20231017:0311,0.0,0.0,0.0,2.28,2.07,0.0
20231017:0411,0.0,0.0,0.0,1.76,2.0,0.0
20231017:0511,0.0,0.0,0.0,1.13,1.93,0.0
20231017:0611,0.0,0.0,0.0,0.39,1.72,0.0
20231017:0711,0.0,1.75,1.39,0.43,1.72,0.0
20231017:0811,929.2,229.68,8.62,1.55,1.45,0.0
20231017:0911,2023.8,484.42,14.85,3.09,1.31,0.0
20231017:1011,2695.15,663.46,19.63,4.66,1.1,0.0
20231017:1111,2968.6,753.2,22.55,6.29,0.69,0.0
20231017:1211,2954.1,759.83,23.31,7.71,0.41,0.0
20231017:1311,2858.15,731.32,21.84,8.83,0.69,0.0
20231017:1411,1991.5,490.36,18.28,9.5,1.24,0.0
20231017:1511,1549.9,381.8,12.99,9.7,1.59,0.0
20231017:1611,192.1,61.59,6.39,9.2,1.24,0.0
20231017:1711,0.0,0.0,0.0,7.8,1.52,0.0
20231017:1811,0.0,0.0,0.0,5.65,1.52,0.0
20231017:1911,0.0,0.0,0.0,4.12,1.52,0.0
20231017:2011,0.0,0.0,0.0,3.82,1.38,0.0
20231017:2111,0.0,0.0,0.0,3.19,1.45,0.0
20231017:2211,0.0,0.0,0.0,3.04,1.38,0.0
20231017:2311,0.0,0.0,0.0,3.41,1.38,0.0
20231018:0011,0.0,0.0,0.0,3.79,1.52,0.0
20231018:0111,0.0,0.0,0.0,4.19,1.59,0.0
20231018:0211,0.0,0.0,0.0,4.86,1.66,0.0
20231018:0311,0.0,0.0,0.0,5.31,1.66,0.0
20231018:0411,0.0,0.0,0.0,5.73,1.79,0.0
20231018:0511,0.0,0.0,0.0,6.07,2.0,0.0
20231018:0611,0.0,0.0,0.0,6.56,2.07,0.0
20231018:0711,0.0,0.0,0.0,7.97,3.17,0.0
20231018:0811,79.75,31.52,8.32,8.49,3.52,0.0
20231018:0911,59.55,25.96,14.52,8.96,3.86,0.0
20231018:1011,276.05,80.66,19.28,9.43,4.14,0.0
20231018:1111,1110.5,272.32,22.19,9.93,3.59,0.0
20231018:1211,1094.15,269.13,22.95,10.34,3.66,0.0
20231018:1311,728.55,185.6,21.47,10.66,4.0,0.0
20231018:1411,224.25,68.61,17.91,10.81,4.07,0.0
20231018:1511,1138.15,280.45,12.63,10.61,4.0,0.0
20231018:1611,126.15,44.6,6.05,10.17,4.14,0.0
20231018:1711,0.0,0.0,0.0,9.64,4.0,0.0
20231018:1811,0.0,0.0,0.0,9.16,3.93,0.0
20231018:1911,0.0,0.0,0.0,8.95,3.93,0.0
20231018:2011,0.0,0.0,0.0,8.73,3.93,0.0
20231018:2111,0.0,0.0,0.0,8.64,4.0,0.0
20231018:2211,0.0,0.0,0.0,8.45,4.0,0.0
20231018:2311,0.0,0.0,0.0,8.42,3.86,0.0
20231019:0011,0.0,0.0,0.0,8.47,4.0,0.0
20231019:0111,0.0,0.0,0.0,8.57,4.14,0.0
20231019:0211,0.0,0.0,0.0,8.75,4.28,0.0
20231019:0311,0.0,0.0,0.0,8.93,4.55,0.0
20231019:0411,0.0,0.0,0.0,8.87,4.9,0.0
20231019:0511,0.0,0.0,0.0,8.86,5.1,0.0
20231019:0611,0.0,0.0,0.0,8.86,5.31,0.0
20231019:0711,0.0,0.0,0.0,8.94,5.66,0.0
20231019:0811,10.15,10.2,8.01,9.0,5.86,0.0
20231019:0911,59.55,25.96,14.2,9.18,5.86,0.0
20231019:1011,53.0,24.1,18.94,9.39,5.45,0.0
20231019:1111,426.25,115.68,21.84,9.56,5.93,0.0
20231019:1211,79.5,31.52,22.58,9.26,7.17,0.0
20231019:1311,249.6,74.17,21.1,9.33,7.24,0.0
20231019:1411,86.3,33.38,17.56,9.36,6.9,0.0
20231019:1511,56.2,25.03,12.29,9.47,6.62,0.0
20231019:1611,0.0,5.56,5.71,9.4,6.34,0.0
20231019:1711,0.0,0.0,0.0,9.3,6.14,0.0
20231019:1811,0.0,0.0,0.0,9.24,6.07,0.0
20231019:1911,0.0,0.0,0.0,9.01,6.21,0.0
20231019:2011,0.0,0.0,0.0,9.04,6.14,0.0
20231019:2111,0.0,0.0,0.0,8.99,6.07,0.0
20231019:2211,0.0,0.0,0.0,8.96,6.07,0.0
20231019:2311,0.0,0.0,0.0,8.86,6.14,0.0
20231020:0011,0.0,0.0,0.0,8.58,6.0,0.0
20231020:0111,0.0,0.0,0.0,8.19,5.93,0.0
20231020:0211,0.0,0.0,0.0,7.85,5.93,0.0
20231020:0311,0.0,0.0,0.0,7.51,5.79,0.0
20231020:0411,0.0,0.0,0.0,7.16,5.66,0.0
20231020:0511,0.0,0.0,0.0,6.89,5.52,0.0
20231020:0611,0.0,0.0,0.0,6.71,5.38,0.0
20231020:0711,0.0,0.0,0.0,6.64,5.45,0.0
20231020:0811,8.0,9.27,7.71,6.4,5.52,0.0
20231020:0911,91.2,34.3,13.88,6.32,5.72,0.0
20231020:1011,429.7,114.84,18.61,6.35,5.59,0.0
20231020:1111,716.2,178.93,21.48,6.3,5.59,0.0
20231020:1211,1901.75,446.77,22.22,6.49,5.86,0.0
20231020:1311,1180.5,281.86,20.74,6.51,6.07,0.0
20231020:1411,1138.85,272.41,17.2,6.32,5.59,0.0
20231020:1511,1246.4,298.54,11.94,6.27,5.66,0.0
20231020:1611,41.35,20.4,5.38,5.89,5.66,0.0
20231020:1711,0.0,0.0,0.0,5.44,5.45,0.0
20231020:1811,0.0,0.0,0.0,4.94,5.03,0.0
20231020:1911,0.0,0.0,0.0,4.3,4.83,0.0
20231020:2011,0.0,0.0,0.0,4.03,4.9,0.0
20231020:2111,0.0,0.0,0.0,4.07,5.1,0.0
20231020:2211,0.0,0.0,0.0,3.95,5.03,0.0
20231020:2311,0.0,0.0,0.0,3.66,5.17,0.0
20231021:0011,0.0,0.0,0.0,3.69,5.03,0.0
20231021:0111,0.0,0.0,0.0,3.75,5.17,0.0
20231021:0211,0.0,0.0,0.0,3.65,5.17,0.0
20231021:0311,0.0,0.0,0.0,3.41,4.97,0.0
20231021:0411,0.0,0.0,0.0,3.08,4.55,0.0
20231021:0511,0.0,0.0,0.0,2.93,5.45,0.0
20231021:0611,0.0,0.0,0.0,3.07,4.9,0.0
20231021:0711,0.0,0.0,0.0,2.94,4.76,0.0
20231021:0811,15.7,12.05,7.41,3.33,4.62,0.0
20231021:0911,29.65,16.69,13.56,3.57,4.62,0.0
20231021:1011,68.0,27.81,18.27,3.82,4.62,0.0
20231021:1111,67.85,27.81,21.13,4.29,4.48,0.0
20231021:1211,78.05,30.59,21.86,4.46,4.62,0.0
20231021:1311,77.95,30.59,20.38,4.7,4.69,0.0
20231021:1411,44.7,21.32,16.85,4.8,4.14,0.0
20231021:1511,67.6,27.81,11.6,4.95,3.38,0.0
20231021:1611,10.5,10.2,5.05,4.92,2.83,0.0
20231021:1711,0.0,0.0,0.0,4.79,2.9,0.0
20231021:1811,0.0,0.0,0.0,4.51,3.17,0.0
20231021:1911,0.0,0.0,0.0,4.14,3.52,0.0
20231021:2011,0.0,0.0,0.0,4.42,3.79,0.0
20231021:2111,0.0,0.0,0.0,4.86,3.72,0.0
20231021:2211,0.0,0.0,0.0,5.38,3.72,0.0
20231021:2311,0.0,0.0,0.0,5.75,3.86,0.0
20231022:0011,0.0,0.0,0.0,5.99,3.79,0.0
20231022:0111,0.0,0.0,0.0,5.98,3.66,0.0
20231022:0211,0.0,0.0,0.0,5.82,3.45,0.0
20231022:0311,0.0,0.0,0.0,5.38,3.24,0.0
20231022:0411,0.0,0.0,0.0,5.02,3.03,0.0
20231022:0511,0.0,0.0,0.0,4.78,2.83,0.0
20231022:0611,0.0,0.0,0.0,4.61,2.69,0.0
20231022:0711,0.0,0.0,0.0,4.46,2.62,0.0
20231022:0811,765.6,194.61,7.11,4.65,2.55,0.0
20231022:0911,1740.2,416.43,13.24,5.6,2.41,0.0
20231022:1011,2571.7,622.23,17.93,6.74,2.97,0.0
20231022:1111,2844.3,693.85,20.78,7.58,3.38,0.0
20231022:1211,2615.55,635.59,21.51,8.26,3.45,0.0
20231022:1311,2684.35,654.37,20.03,8.8,3.59,0.0
20231022:1411,2079.15,501.76,16.5,8.73,3.24,0.0
20231022:1511,1290.2,314.88,11.26,8.47,2.97,0.0
20231022:1611,304.0,90.66,4.72,7.9,2.48,0.0
20231022:1711,0.0,0.0,0.0,6.68,2.14,0.0
20231022:1811,0.0,0.0,0.0,5.69,2.07,0.0
20231022:1911,0.0,0.0,0.0,5.22,2.21,0.0
20231022:2011,0.0,0.0,0.0,4.74,2.14,0.0
20231022:2111,0.0,0.0,0.0,4.06,2.14,0.0
20231022:2211,0.0,0.0,0.0,3.46,2.07,0.0
20231022:2311,0.0,0.0,0.0,2.97,2.0,0.0
20231023:0011,0.0,0.0,0.0,2.27,2.0,0.0
20231023:0111,0.0,0.0,0.0,1.41,1.93,0.0
20231023:0211,0.0,0.0,0.0,0.9,1.86,0.0
20231023:0311,0.0,0.0,0.0,1.03,1.66,0.0
20231023:0411,0.0,0.0,0.0,0.88,1.45,0.0
20231023:0511,0.0,0.0,0.0,0.64,1.31,0.0
20231023:0611,0.0,0.0,0.0,0.68,1.17,0.0
20231023:0711,0.0,0.0,0.0,-0.96,0.97,0.0
20231023:0811,545.55,140.91,6.8,-0.57,0.76,0.0
20231023:0911,946.85,228.39,12.93,1.19,0.69,0.0
20231023:1011,2646.55,651.77,17.6,3.17,0.48,0.0
20231023:1111,2751.0,687.84,20.44,5.08,0.48,0.0
20231023:1211,2800.0,704.17,21.15,6.6,0.76,0.0
20231023:1311,2627.35,655.44,19.67,7.73,1.1,0.0
20231023:1411,1787.8,434.07,16.15,8.44,1.79,0.0
20231023:1511,1237.0,303.83,10.93,8.63,2.14,0.0
20231023:1611,163.4,55.01,4.4,8.1,1.79,0.0
20231023:1711,0.0,0.0,0.0,7.12,1.79,0.0
20231023:1811,0.0,0.0,0.0,6.01,1.79,0.0
20231023:1911,0.0,0.0,0.0,6.47,1.79,0.0
20231023:2011,0.0,0.0,0.0,6.52,1.66,0.0
20231023:2111,0.0,0.0,0.0,6.49,1.45,0.0
20231023:2211,0.0,0.0,0.0,6.42,1.52,0.0
20231023:2311,0.0,0.0,0.0,6.22,1.45,0.0
20231024:0011,0.0,0.0,0.0,5.89,1.38,0.0
20231024:0111,0.0,0.0,0.0,5.55,1.31,0.0
20231024:0211,0.0,0.0,0.0,5.71,1.38,0.0
20231024:0311,0.0,0.0,0.0,6.17,1.45,0.0
20231024:0411,0.0,0.0,0.0,6.44,1.59,0.0
20231024:0511,0.0,0.0,0.0,6.61,1.66,0.0
20231024:0611,0.0,0.0,0.0,6.74,1.72,0.0
20231024:0711,0.0,0.0,0.0,6.77,1.66,0.0
20231024:0811,230.05,69.83,6.5,6.94,1.86,0.0
20231024:0911,247.1,73.13,12.61,7.41,2.41,0.0
20231024:1011,357.95,99.4,17.27,7.89,2.48,0.0
20231024:1111,140.1,47.28,20.09,8.33,2.34,0.0
20231024:1211,79.5,31.52,20.8,8.94,2.34,0.0
20231024:1311,180.25,57.48,19.32,9.13,2.28,0.0
20231024:1411,809.25,202.92,15.81,9.17,2.34,0.0
20231024:1511,609.5,157.91,10.6,8.95,2.21,0.0
20231024:1611,12.65,11.13,4.08,8.27,1.93,0.0
20231024:1711,0.0,0.0,0.0,7.23,1.86,0.0
20231024:1811,0.0,0.0,0.0,6.28,1.79,0.0
20231024:1911,0.0,0.0,0.0,5.77,1.66,0.0
20231024:2011,0.0,0.0,0.0,4.9,1.45,0.0
20231024:2111,0.0,0.0,0.0,4.55,1.1,0.0
20231024:2211,0.0,0.0,0.0,4.62,0.97,0.0
20231024:2311,0.0,0.0,0.0,4.19,0.9,0.0
20231025:0011,0.0,0.0,0.0,4.03,0.9,0.0
20231025:0111,0.0,0.0,0.0,3.81,0.9,0.0
20231025:0211,0.0,0.0,0.0,3.75,1.03,0.0
20231025:0311,0.0,0.0,0.0,4.73,1.1,0.0
20231025:0411,0.0,0.0,0.0,5.39,1.31,0.0
20231025:0511,0.0,0.0,0.0,5.76,1.52,0.0
20231025:0611,0.0,0.0,0.0,6.14,2.07,0.0
20231025:0711,0.0,0.0,0.0,5.91,1.59,0.0
20231025:0811,41.2,20.4,6.21,6.29,1.79,0.0
20231025:0911,26.2,15.76,12.3,6.77,2.14,0.0
20231025:1011,83.7,32.45,16.94,7.24,2.48,0.0
20231025:1111,148.1,49.14,19.75,7.58,2.97,0.0
20231025:1211,144.25,48.21,20.45,7.85,3.24,0.0
20231025:1311,136.8,46.36,18.98,7.92,2.76,0.0
20231025:1411,43.95,21.32,15.47,7.77,2.97,0.0
20231025:1511,108.15,38.94,10.27,7.52,3.1,0.0
20231025:1611,10.3,10.2,3.76,7.14,2.97,0.0
20231025:1711,0.0,0.0,0.0,6.9,2.9,0.0
20231025:1811,0.0,0.0,0.0,6.84,2.9,0.0
20231025:1911,0.0,0.0,0.0,6.85,2.76,0.0
20231025:2011,0.0,0.0,0.0,6.82,2.69,0.0
20231025:2111,0.0,0.0,0.0,6.73,2.69,0.0
20231025:2211,0.0,0.0,0.0,6.63,2.76,0.0
20231025:2311,0.0,0.0,0.0,6.47,2.69,0.0
20231026:0011,0.0,0.0,0.0,6.29,2.55,0.0
20231026:0111,0.0,0.0,0.0,6.19,2.21,0.0
20231026:0211,0.0,0.0,0.0,6.11,1.93,0.0
20231026:0311,0.0,0.0,0.0,6.09,1.66,0.0
20231026:0411,0.0,0.0,0.0,6.17,1.24,0.0
20231026:0511,0.0,0.0,0.0,6.12,0.83,0.0
20231026:0611,0.0,0.0,0.0,6.02,0.76,0.0
20231026:0711,0.0,0.0,0.0,6.18,0.55,0.0
20231026:0811,137.45,46.67,5.91,6.22,0.69,0.0
20231026:0911,60.1,25.96,11.98,7.1,0.97,0.0
20231026:1011,196.35,61.19,16.61,7.97,1.93,0.0
20231026:1111,56.35,25.03,19.41,8.84,2.83,0.0
20231026:1211,434.4,117.81,20.11,9.36,2.9,0.0
20231026:1311,135.8,46.36,18.64,9.35,2.76,0.0
20231026:1411,199.0,62.12,15.14,9.29,2.55,0.0
20231026:1511,164.95,53.64,9.95,9.06,2.34,0.0
20231026:1611,0.0,4.64,3.45,8.92,2.55,0.0
20231026:1711,0.0,0.0,0.0,8.59,2.76,0.0
20231026:1811,0.0,0.0,0.0,8.09,2.97,0.0
20231026:1911,0.0,0.0,0.0,8.22,3.03,0.0
20231026:2011,0.0,0.0,0.0,8.62,3.59,0.0
20231026:2111,0.0,0.0,0.0,8.79,3.79,0.0
20231026:2211,0.0,0.0,0.0,8.74,3.72,0.0
20231026:2311,0.0,0.0,0.0,8.6,3.66,0.0
20231027:0011,0.0,0.0,0.0,8.47,3.52,0.0
20231027:0111,0.0,0.0,0.0,8.42,3.52,0.0
20231027:0211,0.0,0.0,0.0,8.37,3.59,0.0
20231027:0311,0.0,0.0,0.0,8.12,3.31,0.0
20231027:0411,0.0,0.0,0.0,7.86,3.31,0.0
20231027:0511,0.0,0.0,0.0,7.83,3.45,0.0
20231027:0611,0.0,0.0,0.0,7.92,3.52,0.0
20231027:0711,0.0,0.0,0.0,8.15,3.72,0.0
20231027:0811,23.2,14.83,5.61,8.14,3.79,0.0
20231027:0911,136.7,46.36,11.67,8.18,4.0,0.0
20231027:1011,554.05,143.9,16.29,8.28,3.72,0.0
20231027:1111,438.9,118.08,19.07,8.34,4.0,0.0
20231027:1211,340.3,95.49,19.77,8.48,4.0,0.0
20231027:1311,238.25,71.39,18.3,8.62,4.0,0.0
20231027:1411,100.4,37.08,14.81,8.79,4.07,0.0
20231027:1511,72.95,29.67,9.63,8.54,3.59,0.0
20231027:1611,0.0,3.71,3.14,8.06,3.72,0.0
20231027:1711,0.0,0.0,0.0,7.63,3.59,0.0
20231027:1811,0.0,0.0,0.0,7.41,3.45,0.0
20231027:1911,0.0,0.0,0.0,7.17,3.86,0.0
20231027:2011,0.0,0.0,0.0,7.04,4.0,0.0
20231027:2111,0.0,0.0,0.0,7.14,3.93,0.0
20231027:2211,0.0,0.0,0.0,7.3,3.66,0.0
20231027:2311,0.0,0.0,0.0,7.39,3.45,0.0
20231028:0011,0.0,0.0,0.0,7.47,3.45,0.0
20231028:0111,0.0,0.0,0.0,7.55,3.45,0.0
20231028:0211,0.0,0.0,0.0,7.57,3.52,0.0
20231028:0311,0.0,0.0,0.0,7.5,3.52,0.0
20231028:0411,0.0,0.0,0.0,7.41,3.59,0.0
20231028:0511,0.0,0.0,0.0,7.25,3.59,0.0
20231028:0611,0.0,0.0,0.0,7.15,3.72,0.0
20231028:0711,0.0,0.0,0.0,7.22,3.66,0.0
20231028:0811,167.0,54.5,5.32,7.24,3.72,0.0
20231028:0911,918.25,225.47,11.36,7.49,4.14,0.0
20231028:1011,1107.4,267.87,15.96,8.07,4.41,0.0
20231028:1111,293.05,84.37,18.74,8.45,4.14,0.0
20231028:1211,1070.4,260.7,19.43,8.57,4.0,0.0
20231028:1311,400.0,109.0,17.96,8.37,4.69,0.0
20231028:1411,289.55,83.27,14.48,8.17,4.34,0.0
20231028:1511,779.55,195.34,9.31,7.78,4.21,0.0
20231028:1611,142.0,50.3,2.84,7.48,4.14,0.0
20231028:1711,0.0,0.0,0.0,7.2,4.14,0.0
20231028:1811,0.0,0.0,0.0,7.08,4.07,0.0
20231028:1911,0.0,0.0,0.0,7.44,4.14,0.0
20231028:2011,0.0,0.0,0.0,7.47,3.66,0.0
20231028:2111,0.0,0.0,0.0,7.48,3.31,0.0
20231028:2211,0.0,0.0,0.0,7.51,3.45,0.0
20231028:2311,0.0,0.0,0.0,7.69,3.31,0.0
20231029:0011,0.0,0.0,0.0,7.95,3.86,0.0
20231029:0111,0.0,0.0,0.0,8.11,4.41,0.0
20231029:0211,0.0,0.0,0.0,8.06,5.03,0.0
20231029:0311,0.0,0.0,0.0,7.71,5.24,0.0
20231029:0411,0.0,0.0,0.0,7.25,4.97,0.0
20231029:0511,0.0,0.0,0.0,7.04,4.62,0.0
20231029:0611,0.0,0.0,0.0,6.8,4.9,0.0
20231029:0711,0.0,0.0,0.0,7.09,4.9,0.0
20231029:0811,139.75,47.54,5.02,6.98,4.83,0.0
20231029:0911,98.0,36.16,11.06,6.75,4.97,0.0
20231029:1011,233.1,69.53,15.64,6.59,5.1,0.0
20231029:1111,164.15,52.85,18.41,6.47,4.97,0.0
20231029:1211,98.15,36.16,19.1,6.46,4.83,0.0
20231029:1311,149.25,49.14,17.63,6.28,4.69,0.0
20231029:1411,168.0,53.77,14.16,6.25,4.34,0.0
20231029:1511,44.4,21.32,9.0,6.13,4.76,0.0
20231029:1611,0.0,5.25,2.54,6.03,4.34,0.0
20231029:1711,0.0,0.0,0.0,5.95,3.72,0.0
20231029:1811,0.0,0.0,0.0,5.9,4.0,0.0
20231029:1911,0.0,0.0,0.0,6.09,3.59,0.0
20231029:2011,0.0,0.0,0.0,6.05,3.52,0.0
20231029:2111,0.0,0.0,0.0,6.03,3.45,0.0
20231029:2211,0.0,0.0,0.0,6.03,3.59,0.0
20231029:2311,0.0,0.0,0.0,5.85,3.52,0.0
20231030:0011,0.0,0.0,0.0,5.49,3.66,0.0
20231030:0111,0.0,0.0,0.0,5.3,3.38,0.0
20231030:0211,0.0,0.0,0.0,5.02,3.1,0.0
20231030:0311,0.0,0.0,0.0,4.88,2.97,0.0
20231030:0411,0.0,0.0,0.0,4.84,2.97,0.0
20231030:0511,0.0,0.0,0.0,4.57,2.9,0.0
20231030:0611,0.0,0.0,0.0,4.53,3.03,0.0
20231030:0711,0.0,0.0,0.0,4.62,3.24,0.0
20231030:0811,23.7,14.83,4.73,4.61,3.38,0.0
20231030:0911,184.2,57.38,10.75,4.9,3.72,0.0
20231030:1011,721.25,178.94,15.32,5.09,3.93,0.0
20231030:1111,1829.85,429.56,18.08,5.53,4.76,0.0
20231030:1211,1958.05,460.2,18.76,5.68,4.69,0.0
20231030:1311,297.0,84.37,17.3,5.91,5.03,0.0
20231030:1411,437.45,116.02,13.85,5.73,4.55,0.0
20231030:1511,422.8,113.02,8.7,5.54,4.28,0.0
20231030:1611,0.0,4.37,2.25,5.11,3.59,0.0
20231030:1711,0.0,0.0,0.0,4.39,3.17,0.0
20231030:1811,0.0,0.0,0.0,3.91,3.1,0.0
20231030:1911,0.0,0.0,0.0,4.12,3.24,0.0
20231030:2011,0.0,0.0,0.0,4.17,3.24,0.0
20231030:2111,0.0,0.0,0.0,4.14,3.24,0.0
20231030:2211,0.0,0.0,0.0,3.94,3.24,0.0
20231030:2311,0.0,0.0,0.0,3.81,3.17,0.0
20231031:0011,0.0,0.0,0.0,3.55,3.1,0.0
20231031:0111,0.0,0.0,0.0,3.42,2.97,0.0
20231031:0211,0.0,0.0,0.0,3.17,2.76,0.0
20231031:0311,0.0,0.0,0.0,3.12,2.55,0.0
20231031:0411,0.0,0.0,0.0,2.86,2.55,0.0
20231031:0511,0.0,0.0,0.0,2.62,2.55,0.0
20231031:0611,0.0,0.0,0.0,2.76,2.55,0.0
20231031:0711,0.0,0.0,0.0,2.89,2.83,0.0
20231031:0811,384.85,106.42,4.44,2.84,2.69,0.0
20231031:0911,1548.15,366.92,10.45,3.36,2.55,0.0
20231031:1011,1457.5,346.03,15.01,4.41,2.14,0.0
20231031:1111,2530.25,606.65,17.76,5.32,2.97,0.0
20231031:1211,1032.6,248.71,18.44,5.61,4.14,0.0
20231031:1311,1528.65,360.89,16.98,5.76,4.28,0.0
20231031:1411,1133.35,271.62,13.53,5.76,3.79,0.0
20231031:1511,516.6,134.54,8.4,5.45,2.97,0.0
20231031:1611,0.0,5.25,1.96,4.7,2.55,0.0
20231031:1711,0.0,0.0,0.0,3.57,2.21,0.0
20231031:1811,0.0,0.0,0.0,2.67,2.07,0.0
20231031:1911,0.0,0.0,0.0,2.52,2.0,0.0
20231031:2011,0.0,0.0,0.0,1.81,1.79,0.0
20231031:2111,0.0,0.0,0.0,0.64,1.72,0.0
20231031:2211,0.0,0.0,0.0,-0.44,1.86,0.0
20231031:2311,0.0,0.0,0.0,-1.22,1.86,0.0
20231101:0011,0.0,0.0,0.0,-1.45,2.0,0.0
20231101:0111,0.0,0.0,0.0,-1.44,1.93,0.0
20231101:0211,0.0,0.0,0.0,-1.74,2.0,0.0
20231101:0311,0.0,0.0,0.0,-0.94,2.41,0.0
20231101:0411,0.0,0.0,0.0,0.09,2.83,0.0
20231101:0511,0.0,0.0,0.0,0.8,3.1,0.0
20231101:0611,0.0,0.0,0.0,1.28,3.45,0.0
20231101:0711,0.0,0.0,0.0,1.95,3.93,0.0
20231101:0811,0.0,4.64,4.15,2.29,4.07,0.0
20231101:0911,160.3,51.04,10.15,2.3,4.34,0.0
20231101:1011,61.75,25.96,14.7,2.47,4.34,0.0
20231101:1111,171.1,53.77,17.44,2.62,4.41,0.0
20231101:1211,93.05,34.3,18.11,2.35,4.28,0.0
20231101:1311,214.6,63.97,16.66,2.0,5.03,0.0
20231101:1411,237.35,69.19,13.22,1.79,4.0,0.0
20231101:1511,6.0,8.34,8.1,2.09,3.72,0.0
20231101:1611,0.0,0.87,1.67,2.87,3.45,0.0
20231101:1711,0.0,0.0,0.0,3.74,3.38,0.0
20231101:1811,0.0,0.0,0.0,4.58,3.03,0.0
20231101:1911,0.0,0.0,0.0,4.68,2.41,0.0
20231101:2011,0.0,0.0,0.0,4.86,0.48,0.0
20231101:2111,0.0,0.0,0.0,4.73,1.45,0.0
20231101:2211,0.0,0.0,0.0,4.72,2.0,0.0
20231101:2311,0.0,0.0,0.0,5.07,2.83,0.0
20231102:0011,0.0,0.0,0.0,5.42,3.17,0.0
20231102:0111,0.0,0.0,0.0,5.38,3.1,0.0
20231102:0211,0.0,0.0,0.0,5.37,2.9,0.0
20231102:0311,0.0,0.0,0.0,5.2,2.48,0.0
20231102:0411,0.0,0.0,0.0,4.82,1.93,0.0
20231102:0511,0.0,0.0,0.0,4.2,1.45,0.0
20231102:0611,0.0,0.0,0.0,2.85,1.24,0.0
20231102:0711,0.0,0.0,0.0,1.24,1.24,0.0
20231102:0811,41.55,20.11,3.87,0.65,0.83,0.0
20231102:0911,1503.05,357.55,9.85,0.86,0.41,0.0
20231102:1011,1448.1,344.18,14.39,2.51,0.62,0.0
20231102:1111,1707.3,406.41,17.12,3.74,1.1,0.0
20231102:1211,262.1,76.02,17.79,4.65,2.0,0.0
20231102:1311,198.8,61.19,16.35,5.68,2.83,0.0
20231102:1411,60.4,25.96,12.92,6.41,3.24,0.0
20231102:1511,87.4,33.38,7.81,6.79,3.31,0.0
20231102:1611,0.0,0.87,1.4,6.63,2.83,0.0
20231102:1711,0.0,0.0,0.0,6.51,2.97,0.0
20231102:1811,0.0,0.0,0.0,6.42,3.1,0.0
20231102:1911,0.0,0.0,0.0,6.09,2.28,0.0
20231102:2011,0.0,0.0,0.0,5.96,2.07,0.0
20231102:2111,0.0,0.0,0.0,5.91,2.69,0.0
20231102:2211,0.0,0.0,0.0,5.93,2.83,0.0
20231102:2311,0.0,0.0,0.0,5.98,2.83,0.0
20231103:0011,0.0,0.0,0.0,6.09,3.52,0.0
20231103:0111,0.0,0.0,0.0,6.01,3.52,0.0
20231103:0211,0.0,0.0,0.0,5.87,3.1,0.0
20231103:0311,0.0,0.0,0.0,5.81,3.1,0.0
20231103:0411,0.0,0.0,0.0,5.73,3.03,0.0
20231103:0511,0.0,0.0,0.0,5.71,2.83,0.0
20231103:0611,0.0,0.0,0.0,5.73,2.69,0.0
20231103:0711,0.0,0.0,0.0,6.12,2.76,0.0
20231103:0811,0.0,4.37,3.58,6.21,2.83,0.0
20231103:0911,20.7,13.91,9.55,6.25,2.9,0.0
20231103:1011,29.15,16.69,14.08,6.39,3.03,0.0
20231103:1111,297.5,84.7,16.8,6.46,3.31,0.0
20231103:1211,47.4,22.25,17.48,6.58,2.97,0.0
20231103:1311,159.9,51.92,16.04,6.76,2.97,0.0
20231103:1411,564.15,145.14,12.62,6.58,2.62,0.0
20231103:1511,201.95,62.13,7.52,6.48,2.14,0.0
20231103:1611,0.0,0.0,0.0,6.2,1.93,0.0
20231103:1711,0.0,0.0,0.0,6.03,1.38,0.0
20231103:1811,0.0,0.0,0.0,5.85,1.17,0.0
20231103:1911,0.0,0.0,0.0,5.73,0.97,0.0
20231103:2011,0.0,0.0,0.0,5.77,0.97,0.0
20231103:2111,0.0,0.0,0.0,5.84,0.83,0.0
20231103:2211,0.0,0.0,0.0,5.75,0.83,0.0
20231103:2311,0.0,0.0,0.0,5.64,0.62,0.0
20231104:0011,0.0,0.0,0.0,5.54,0.48,0.0
20231104:0111,0.0,0.0,0.0,5.62,0.34,0.0
20231104:0211,0.0,0.0,0.0,5.67,0.28,0.0
20231104:0311,0.0,0.0,0.0,5.43,0.07,0.0
20231104:0411,0.0,0.0,0.0,5.13,0.21,0.0
20231104:0511,0.0,0.0,0.0,4.8,0.41,0.0
20231104:0611,0.0,0.0,0.0,4.4,0.41,0.0
20231104:0711,0.0,0.0,0.0,3.88,0.55,0.0
20231104:0811,29.4,16.61,3.3,3.53,0.62,0.0
20231104:0911,326.55,90.38,9.26,3.57,0.9,0.0
20231104:1011,1406.35,336.0,13.77,4.27,1.03,0.0
20231104:1111,1409.0,338.0,16.49,4.78,0.76,0.0
20231104:1211,1187.55,287.87,17.17,5.49,0.41,0.0
20231104:1311,1459.65,352.89,15.73,6.18,0.55,0.0
20231104:1411,571.6,147.16,12.33,6.4,1.1,0.0
20231104:1511,737.6,186.5,7.24,6.42,1.45,0.0
20231104:1611,0.0,0.0,0.0,5.87,1.59,0.0
20231104:1711,0.0,0.0,0.0,5.32,1.45,0.0
20231104:1811,0.0,0.0,0.0,5.11,1.17,0.0
20231104:1911,0.0,0.0,0.0,5.24,1.31,0.0
20231104:2011,0.0,0.0,0.0,4.39,1.1,0.0
20231104:2111,0.0,0.0,0.0,4.03,0.9,0.0
20231104:2211,0.0,0.0,0.0,3.93,0.69,0.0
20231104:2311,0.0,0.0,0.0,4.02,0.55,0.0
20231105:0011,0.0,0.0,0.0,3.56,0.55,0.0
20231105:0111,0.0,0.0,0.0,3.23,0.55,0.0
20231105:0211,0.0,0.0,0.0,2.69,0.55,0.0
20231105:0311,0.0,0.0,0.0,2.62,0.62,0.0
20231105:0411,0.0,0.0,0.0,2.79,0.76,0.0
20231105:0511,0.0,0.0,0.0,2.9,0.97,0.0
20231105:0611,0.0,0.0,0.0,3.19,1.24,0.0
20231105:0711,0.0,0.0,0.0,3.14,1.45,0.0
20231105:0811,24.05,14.87,3.02,3.0,1.66,0.0
20231105:0911,1361.7,324.39,8.97,3.11,2.0,0.0
20231105:1011,1750.15,413.28,13.47,3.49,2.07,0.0
20231105:1111,2507.75,603.55,16.19,4.19,1.93,0.0
20231105:1211,2509.6,606.83,16.86,5.08,1.93,0.0
20231105:1311,894.05,219.05,15.43,5.95,2.0,0.0
20231105:1411,252.7,74.14,12.04,6.36,1.93,0.0
20231105:1511,340.8,95.03,6.97,6.4,1.52,0.0
20231105:1611,0.0,0.0,0.0,5.99,1.45,0.0
20231105:1711,0.0,0.0,0.0,5.32,1.59,0.0
20231105:1811,0.0,0.0,0.0,4.6,1.72,0.0
20231105:1911,0.0,0.0,0.0,4.03,1.52,0.0
20231105:2011,0.0,0.0,0.0,2.99,1.52,0.0
20231105:2111,0.0,0.0,0.0,2.37,1.52,0.0
20231105:2211,0.0,0.0,0.0,2.32,1.38,0.0
20231105:2311,0.0,0.0,0.0,1.9,1.38,0.0
20231106:0011,0.0,0.0,0.0,1.98,1.38,0.0
20231106:0111,0.0,0.0,0.0,2.04,1.38,0.0
20231106:0211,0.0,0.0,0.0,2.09,1.38,0.0
20231106:0311,0.0,0.0,0.0,2.23,1.45,0.0
20231106:0411,0.0,0.0,0.0,2.33,1.52,0.0
20231106:0511,0.0,0.0,0.0,2.52,1.52,0.0
20231106:0611,0.0,0.0,0.0,2.55,1.59,0.0
20231106:0711,0.0,0.0,0.0,2.32,1.66,0.0
20231106:0811,21.45,13.99,2.74,2.3,1.66,0.0
20231106:0911,1185.1,284.31,8.68,3.11,1.52,0.0
20231106:1011,1926.25,461.57,13.18,5.17,1.52,0.0
20231106:1111,2385.95,580.85,15.88,6.55,1.66,0.0
20231106:1211,2085.5,503.08,16.56,7.43,2.21,0.0
20231106:1311,1619.2,390.53,15.14,7.8,1.79,0.0
20231106:1411,1335.7,324.32,11.75,8.04,1.59,0.0
20231106:1511,284.1,82.31,6.7,8.02,1.45,0.0
20231106:1611,0.0,0.0,0.0,7.54,1.24,0.0
20231106:1711,0.0,0.0,0.0,6.22,1.1,0.0
20231106:1811,0.0,0.0,0.0,5.26,1.24,0.0
20231106:1911,0.0,0.0,0.0,5.68,0.76,0.0
20231106:2011,0.0,0.0,0.0,5.87,0.41,0.0
20231106:2111,0.0,0.0,0.0,5.77,0.21,0.0
20231106:2211,0.0,0.0,0.0,4.26,0.83,0.0
20231106:2311,0.0,0.0,0.0,4.1,1.17,0.0
20231107:0011,0.0,0.0,0.0,4.09,1.1,0.0
20231107:0111,0.0,0.0,0.0,4.29,1.03,0.0
20231107:0211,0.0,0.0,0.0,4.52,1.17,0.0
20231107:0311,0.0,0.0,0.0,4.71,1.31,0.0
20231107:0411,0.0,0.0,0.0,4.85,1.45,0.0
20231107:0511,0.0,0.0,0.0,4.62,1.59,0.0
20231107:0611,0.0,0.0,0.0,4.72,1.66,0.0
20231107:0711,0.0,0.0,0.0,4.54,1.59,0.0
20231107:0811,11.25,10.49,2.47,4.63,1.72,0.0
20231107:0911,8.1,9.27,8.39,5.27,1.79,0.0
20231107:1011,966.8,235.19,12.88,5.83,2.07,0.0
20231107:1111,112.2,39.87,15.59,6.56,2.41,0.0
20231107:1211,94.15,35.23,16.26,7.13,2.62,0.0
20231107:1311,115.25,40.79,14.85,7.48,2.34,0.0
20231107:1411,523.6,136.54,11.47,7.4,1.93,0.0
20231107:1511,306.4,87.31,6.43,7.3,1.93,0.0
20231107:1611,0.0,0.0,0.0,6.38,1.72,0.0
20231107:1711,0.0,0.0,0.0,5.47,1.72,0.0
20231107:1811,0.0,0.0,0.0,4.65,1.79,0.0
20231107:1911,0.0,0.0,0.0,3.88,1.86,0.0
20231107:2011,0.0,0.0,0.0,2.86,1.79,0.0
20231107:2111,0.0,0.0,0.0,1.8,1.79,0.0
20231107:2211,0.0,0.0,0.0,0.67,1.79,0.0
20231107:2311,0.0,0.0,0.0,0.18,1.66,0.0
20231108:0011,0.0,0.0,0.0,0.05,1.45,0.0
20231108:0111,0.0,0.0,0.0,-0.09,1.52,0.0
20231108:0211,0.0,0.0,0.0,-0.02,1.38,0.0
20231108:0311,0.0,0.0,0.0,0.34,1.52,0.0
20231108:0411,0.0,0.0,0.0,0.88,1.31,0.0
20231108:0511,0.0,0.0,0.0,1.82,1.52,0.0
20231108:0611,0.0,0.0,0.0,2.88,2.21,0.0
20231108:0711,0.0,0.0,0.0,4.11,3.24,0.0
20231108:0811,0.0,1.75,2.19,4.59,4.34,0.0
20231108:0911,44.7,21.32,8.11,4.83,4.83,0.0
20231108:1011,47.85,22.25,12.59,4.99,5.03,0.0
20231108:1111,2334.85,550.64,15.29,5.21,4.28,0.0
20231108:1211,2315.4,548.15,15.97,5.57,3.93,0.0
20231108:1311,145.65,48.21,14.56,6.05,4.21,0.0
20231108:1411,963.65,232.95,11.2,5.72,4.28,0.0
20231108:1511,210.85,63.88,6.17,5.17,4.76,0.0
20231108:1611,0.0,0.0,0.0,4.54,4.69,0.0
20231108:1711,0.0,0.0,0.0,4.24,4.41,0.0
20231108:1811,0.0,0.0,0.0,4.03,4.28,0.0
20231108:1911,0.0,0.0,0.0,4.31,4.28,0.0
20231108:2011,0.0,0.0,0.0,4.31,4.62,0.0
20231108:2111,0.0,0.0,0.0,4.36,4.48,0.0
20231108:2211,0.0,0.0,0.0,4.24,4.41,0.0
20231108:2311,0.0,0.0,0.0,4.03,4.14,0.0
20231109:0011,0.0,0.0,0.0,3.75,3.86,0.0
20231109:0111,0.0,0.0,0.0,3.55,3.45,0.0
20231109:0211,0.0,0.0,0.0,3.46,3.03,0.0
20231109:0311,0.0,0.0,0.0,3.65,2.76,0.0
20231109:0411,0.0,0.0,0.0,3.95,2.76,0.0
20231109:0511,0.0,0.0,0.0,4.1,2.76,0.0
20231109:0611,0.0,0.0,0.0,4.07,2.76,0.0
20231109:0711,0.0,0.0,0.0,3.46,2.69,0.0
20231109:0811,2.9,7.0,1.92,3.27,2.55,0.0
20231109:0911,1134.95,272.41,7.83,3.4,2.28,0.0
20231109:1011,1849.05,437.33,12.31,3.95,2.28,0.0
20231109:1111,2385.6,570.45,15.0,4.66,2.41,0.0
20231109:1211,2478.65,595.28,15.68,5.31,2.55,0.0
20231109:1311,2011.2,481.02,14.28,5.83,2.14,0.0
20231109:1411,1644.45,395.96,10.93,5.98,1.24,0.0
20231109:1511,773.8,195.26,5.91,5.72,0.69,0.0
20231109:1611,0.0,0.0,0.0,4.61,1.1,0.0
20231109:1711,0.0,0.0,0.0,3.08,1.31,0.0
20231109:1811,0.0,0.0,0.0,2.47,1.24,0.0
20231109:1911,0.0,0.0,0.0,3.34,0.41,0.0
20231109:2011,0.0,0.0,0.0,2.24,0.07,0.0
20231109:2111,0.0,0.0,0.0,1.67,0.48,0.0
20231109:2211,0.0,0.0,0.0,0.91,0.97,0.0
20231109:2311,0.0,0.0,0.0,-0.05,0.97,0.0
20231110:0011,0.0,0.0,0.0,-0.72,0.62,0.0
20231110:0111,0.0,0.0,0.0,-1.49,0.76,0.0
20231110:0211,0.0,0.0,0.0,-1.56,0.9,0.0
20231110:0311,0.0,0.0,0.0,-1.59,1.1,0.0
20231110:0411,0.0,0.0,0.0,-1.75,1.31,0.0
20231110:0511,0.0,0.0,0.0,-1.72,1.38,0.0
20231110:0611,0.0,0.0,0.0,-1.65,1.52,0.0
20231110:0711,0.0,0.0,0.0,-1.37,1.59,0.0
20231110:0811,0.0,0.87,1.66,-0.95,1.66,0.0
20231110:0911,16.1,12.05,7.56,-0.58,1.72,0.0
20231110:1011,45.8,21.32,12.02,0.48,1.52,0.0
20231110:1111,478.2,123.39,14.71,1.33,1.79,0.0
20231110:1211,220.7,65.82,15.4,3.1,1.93,0.0
20231110:1311,184.45,57.48,14.0,4.43,1.86,0.0
20231110:1411,331.35,91.78,10.67,4.87,1.52,0.0
20231110:1511,32.35,17.62,5.67,4.87,1.45,0.0
20231110:1611,0.0,0.0,0.0,4.39,1.66,0.0
20231110:1711,0.0,0.0,0.0,3.64,1.72,0.0
20231110:1811,0.0,0.0,0.0,3.03,1.86,0.0
20231110:1911,0.0,0.0,0.0,3.95,2.69,0.0
20231110:2011,0.0,0.0,0.0,3.71,2.9,0.0
20231110:2111,0.0,0.0,0.0,3.51,2.41,0.0
20231110:2211,0.0,0.0,0.0,3.32,1.86,0.0
20231110:2311,0.0,0.0,0.0,3.27,1.45,0.0
20231111:0011,0.0,0.0,0.0,3.01,1.45,0.0
20231111:0111,0.0,0.0,0.0,2.6,1.52,0.0
20231111:0211,0.0,0.0,0.0,2.53,1.66,0.0
20231111:0311,0.0,0.0,0.0,2.31,1.79,0.0
20231111:0411,0.0,0.0,0.0,2.5,1.79,0.0
20231111:0511,0.0,0.0,0.0,2.63,1.79,0.0
20231111:0611,0.0,0.0,0.0,2.65,1.66,0.0
20231111:0711,0.0,0.0,0.0,3.15,1.38,0.0
20231111:0811,0.0,0.87,1.39,2.88,1.31,0.0
20231111:0911,23.9,14.83,7.29,3.33,1.1,0.0
20231111:1011,237.2,69.91,11.74,4.26,1.03,0.0
20231111:1111,1369.05,327.68,14.43,5.47,1.52,0.0
20231111:1211,982.25,238.83,15.12,5.84,1.86,0.0
20231111:1311,284.1,81.44,13.73,5.96,1.59,0.0
20231111:1411,137.95,46.36,10.41,5.96,1.17,0.0
20231111:1511,111.2,39.54,5.42,5.69,0.55,0.0
20231111:1611,0.0,0.0,0.0,5.25,0.28,0.0
20231111:1711,0.0,0.0,0.0,4.58,0.14,0.0
20231111:1811,0.0,0.0,0.0,4.14,0.21,0.0
20231111:1911,0.0,0.0,0.0,3.06,0.28,0.0
20231111:2011,0.0,0.0,0.0,2.44,0.55,0.0
20231111:2111,0.0,0.0,0.0,2.17,0.55,0.0
20231111:2211,0.0,0.0,0.0,1.93,0.55,0.0
20231111:2311,0.0,0.0,0.0,1.59,0.62,0.0
20231112:0011,0.0,0.0,0.0,0.97,0.76,0.0
20231112:0111,0.0,0.0,0.0,0.27,0.9,0.0
20231112:0211,0.0,0.0,0.0,0.13,0.97,0.0
20231112:0311,0.0,0.0,0.0,0.0,0.97,0.0
20231112:0411,0.0,0.0,0.0,-0.33,0.97,0.0
20231112:0511,0.0,0.0,0.0,-0.62,1.03,0.0
20231112:0611,0.0,0.0,0.0,-0.96,1.1,0.0
20231112:0711,0.0,0.0,0.0,-1.62,1.1,0.0
20231112:0811,0.0,0.0,0.0,-1.8,1.1,0.0
20231112:0911,695.35,170.11,7.02,-1.81,0.9,0.0
20231112:1011,1366.75,319.44,11.47,-1.15,0.69,0.0
20231112:1111,1749.65,409.37,14.15,-0.45,0.76,0.0
20231112:1211,1657.6,389.11,14.84,0.53,0.83,0.0
20231112:1311,1454.2,342.72,13.47,1.53,0.97,0.0
20231112:1411,1283.85,304.89,10.16,2.57,1.31,0.0
20231112:1511,660.15,166.74,5.18,2.72,1.24,0.0
20231112:1611,0.0,0.0,0.0,2.27,1.38,0.0
20231112:1711,0.0,0.0,0.0,1.76,1.59,0.0
20231112:1811,0.0,0.0,0.0,1.82,1.72,0.0
20231112:1911,0.0,0.0,0.0,2.37,2.14,0.0
20231112:2011,0.0,0.0,0.0,2.46,2.21,0.0
20231112:2111,0.0,0.0,0.0,2.59,2.21,0.0
20231112:2211,0.0,0.0,0.0,2.84,2.07,0.0
20231112:2311,0.0,0.0,0.0,3.1,2.14,0.0
20231113:0011,0.0,0.0,0.0,3.55,2.07,0.0
20231113:0111,0.0,0.0,0.0,4.01,2.0,0.0
20231113:0211,0.0,0.0,0.0,4.38,1.86,0.0
20231113:0311,0.0,0.0,0.0,4.67,1.79,0.0
20231113:0411,0.0,0.0,0.0,4.84,1.72,0.0
20231113:0511,0.0,0.0,0.0,4.95,1.79,0.0
20231113:0611,0.0,0.0,0.0,4.87,1.93,0.0
20231113:0711,0.0,0.0,0.0,5.53,2.41,0.0
20231113:0811,0.0,0.0,0.0,5.89,2.55,0.0
20231113:0911,60.45,25.96,6.75,6.26,2.97,0.0
20231113:1011,53.8,24.1,11.2,6.63,3.45,0.0
20231113:1111,60.3,25.96,13.88,6.77,3.86,0.0
20231113:1211,1232.6,294.45,14.57,6.82,4.0,0.0
20231113:1311,119.35,41.72,13.21,6.9,3.93,0.0
20231113:1411,130.2,44.5,9.91,6.97,3.72,0.0
20231113:1511,99.5,36.63,4.95,6.81,3.24,0.0
20231113:1611,0.0,0.0,0.0,6.63,2.83,0.0
20231113:1711,0.0,0.0,0.0,6.52,2.41,0.0
20231113:1811,0.0,0.0,0.0,6.44,2.28,0.0
20231113:1911,0.0,0.0,0.0,6.53,2.97,0.0
20231113:2011,0.0,0.0,0.0,6.42,2.62,0.0
20231113:2111,0.0,0.0,0.0,6.19,2.41,0.0
20231113:2211,0.0,0.0,0.0,5.95,1.93,0.0
20231113:2311,0.0,0.0,0.0,5.72,1.59,0.0
20231114:0011,0.0,0.0,0.0,5.42,1.52,0.0
20231114:0111,0.0,0.0,0.0,5.02,1.52,0.0
20231114:0211,0.0,0.0,0.0,4.91,1.66,0.0
20231114:0311,0.0,0.0,0.0,4.82,1.79,0.0
20231114:0411,0.0,0.0,0.0,4.81,1.79,0.0
20231114:0511,0.0,0.0,0.0,4.75,1.93,0.0
20231114:0611,0.0,0.0,0.0,4.73,2.14,0.0
20231114:0711,0.0,0.0,0.0,5.11,2.34,0.0
20231114:0811,0.0,0.0,0.0,5.15,2.41,0.0
20231114:0911,3.75,7.42,6.49,5.26,2.41,0.0
20231114:1011,18.1,12.98,10.93,5.43,2.55,0.0
20231114:1111,70.6,28.74,13.61,5.77,2.62,0.0
20231114:1211,119.7,41.72,14.31,6.12,2.55,0.0
20231114:1311,422.05,112.86,12.95,6.13,2.14,0.0
20231114:1411,639.15,161.42,9.67,5.97,2.28,0.0
20231114:1511,225.5,67.72,4.73,5.48,2.41,0.0
20231114:1611,0.0,0.0,0.0,4.99,2.28,0.0
20231114:1711,0.0,0.0,0.0,4.72,2.07,0.0
20231114:1811,0.0,0.0,0.0,4.59,2.0,0.0
20231114:1911,0.0,0.0,0.0,5.04,2.21,0.0
20231114:2011,0.0,0.0,0.0,4.89,2.34,0.0
20231114:2111,0.0,0.0,0.0,4.75,2.34,0.0
20231114:2211,0.0,0.0,0.0,4.61,2.34,0.0
20231114:2311,0.0,0.0,0.0,4.49,2.34,0.0
20231115:0011,0.0,0.0,0.0,4.4,2.34,0.0
20231115:0111,0.0,0.0,0.0,4.29,2.28,0.0
20231115:0211,0.0,0.0,0.0,4.2,2.21,0.0
20231115:0311,0.0,0.0,0.0,4.03,2.14,0.0
20231115:0411,0.0,0.0,0.0,3.94,2.14,0.0
20231115:0511,0.0,0.0,0.0,3.89,2.07,0.0
20231115:0611,0.0,0.0,0.0,3.87,2.0,0.0
20231115:0711,0.0,0.0,0.0,4.11,1.52,0.0
20231115:0811,0.0,0.0,0.0,4.04,1.31,0.0
20231115:0911,186.15,57.66,6.23,3.93,0.97,0.0
20231115:1011,146.55,48.21,10.67,4.3,0.76,0.0
20231115:1111,875.85,214.61,13.35,4.86,0.76,0.0
20231115:1211,588.25,150.28,14.05,5.45,1.1,0.0
20231115:1311,1356.7,326.26,12.71,5.74,0.97,0.0
20231115:1411,1490.25,359.97,9.44,5.86,0.76,0.0
20231115:1511,651.65,167.49,4.51,5.69,0.69,0.0
20231115:1611,0.0,0.0,0.0,4.6,0.76,0.0
20231115:1711,0.0,0.0,0.0,3.94,0.83,0.0
20231115:1811,0.0,0.0,0.0,3.5,0.9,0.0
20231115:1911,0.0,0.0,0.0,2.34,0.83,0.0
20231115:2011,0.0,0.0,0.0,0.76,1.1,0.0
20231115:2111,0.0,0.0,0.0,-0.14,1.1,0.0
20231115:2211,0.0,0.0,0.0,-1.06,1.03,0.0
20231115:2311,0.0,0.0,0.0,-1.81,1.03,0.0
20231116:0011,0.0,0.0,0.0,-1.76,0.97,0.0
20231116:0111,0.0,0.0,0.0,-1.62,0.97,0.0
20231116:0211,0.0,0.0,0.0,-1.24,0.9,0.0
20231116:0311,0.0,0.0,0.0,-0.8,0.83,0.0
20231116:0411,0.0,0.0,0.0,-0.6,0.83,0.0
20231116:0511,0.0,0.0,0.0,0.17,0.62,0.0
20231116:0611,0.0,0.0,0.0,0.77,0.48,0.0
20231116:0711,0.0,0.0,0.0,0.84,0.55,0.0
20231116:0811,0.0,0.0,0.0,1.34,0.55,0.0
20231116:0911,24.15,14.83,5.98,1.6,0.62,0.0
20231116:1011,401.35,106.73,10.41,2.52,0.55,0.0
20231116:1111,1005.9,242.86,13.09,3.37,0.48,0.0
20231116:1211,542.5,139.37,13.8,3.98,0.41,0.0
20231116:1311,231.95,68.81,12.46,4.34,0.62,0.0
20231116:1411,351.95,96.38,9.21,4.64,0.69,0.0
20231116:1511,287.35,82.44,4.29,4.77,0.55,0.0
20231116:1611,0.0,0.0,0.0,3.8,0.83,0.0
20231116:1711,0.0,0.0,0.0,2.99,0.9,0.0
20231116:1811,0.0,0.0,0.0,2.25,1.03,0.0
20231116:1911,0.0,0.0,0.0,2.19,1.03,0.0
20231116:2011,0.0,0.0,0.0,1.99,0.83,0.0
20231116:2111,0.0,0.0,0.0,0.38,1.03,0.0
20231116:2211,0.0,0.0,0.0,0.26,0.76,0.0
20231116:2311,0.0,0.0,0.0,0.71,0.55,0.0
20231117:0011,0.0,0.0,0.0,0.45,0.62,0.0
20231117:0111,0.0,0.0,0.0,0.16,0.55,0.0
20231117:0211,0.0,0.0,0.0,0.06,0.55,0.0
20231117:0311,0.0,0.0,0.0,0.09,0.62,0.0
20231117:0411,0.0,0.0,0.0,-0.42,0.62,0.0
20231117:0511,0.0,0.0,0.0,-0.71,0.55,0.0
20231117:0611,0.0,0.0,0.0,-0.9,0.55,0.0
20231117:0711,0.0,0.0,0.0,-0.5,0.41,0.0
20231117:0811,0.0,0.0,0.0,-0.62,0.55,0.0
20231117:0911,45.95,21.32,5.73,-0.34,0.28,0.0
20231117:1011,210.05,62.55,10.16,0.44,0.34,0.0
20231117:1111,613.1,153.11,12.84,0.98,0.41,0.0
20231117:1211,503.2,129.29,13.55,1.65,0.48,0.0
20231117:1311,264.45,75.7,12.23,2.09,0.69,0.0
20231117:1411,451.7,117.97,8.98,2.49,0.62,0.0
20231117:1511,91.65,34.09,4.08,2.51,0.9,0.0
20231117:1611,0.0,0.0,0.0,2.24,0.9,0.0
20231117:1711,0.0,0.0,0.0,1.66,0.9,0.0
20231117:1811,0.0,0.0,0.0,1.5,1.03,0.0
20231117:1911,0.0,0.0,0.0,1.8,0.97,0.0
20231117:2011,0.0,0.0,0.0,1.82,0.97,0.0
20231117:2111,0.0,0.0,0.0,1.94,1.03,0.0
20231117:2211,0.0,0.0,0.0,2.02,1.31,0.0
20231117:2311,0.0,0.0,0.0,2.26,1.45,0.0
20231118:0011,0.0,0.0,0.0,2.72,1.59,0.0
20231118:0111,0.0,0.0,0.0,3.05,1.79,0.0
20231118:0211,0.0,0.0,0.0,3.45,2.14,0.0
20231118:0311,0.0,0.0,0.0,3.78,2.76,0.0
20231118:0411,0.0,0.0,0.0,3.77,3.1,0.0
20231118:0511,0.0,0.0,0.0,3.73,3.24,0.0
20231118:0611,0.0,0.0,0.0,3.7,3.38,0.0
20231118:0711,0.0,0.0,0.0,4.23,2.9,0.0
20231118:0811,0.0,0.0,0.0,4.67,2.76,0.0
20231118:0911,294.2,83.36,5.48,5.06,2.34,0.0
20231118:1011,81.1,31.52,9.91,5.23,1.93,0.0
20231118:1111,23.55,14.83,12.59,5.43,1.66,0.0
20231118:1211,687.0,172.23,13.31,5.71,1.45,0.0
20231118:1311,1190.8,287.15,12.0,5.98,1.24,0.0
20231118:1411,1476.75,356.32,8.77,6.19,1.1,0.0
20231118:1511,0.0,4.64,3.88,6.09,1.17,0.0
20231118:1611,0.0,0.0,0.0,5.68,1.38,0.0
20231118:1711,0.0,0.0,0.0,5.34,1.52,0.0
20231118:1811,0.0,0.0,0.0,5.26,1.72,0.0
20231118:1911,0.0,0.0,0.0,6.15,1.79,0.0
20231118:2011,0.0,0.0,0.0,6.6,1.86,0.0
20231118:2111,0.0,0.0,0.0,7.04,2.0,0.0
20231118:2211,0.0,0.0,0.0,7.36,2.07,0.0
20231118:2311,0.0,0.0,0.0,7.56,2.28,0.0
20231119:0011,0.0,0.0,0.0,7.58,2.21,0.0
20231119:0111,0.0,0.0,0.0,7.59,2.34,0.0
20231119:0211,0.0,0.0,0.0,7.79,2.69,0.0
20231119:0311,0.0,0.0,0.0,8.05,2.9,0.0
20231119:0411,0.0,0.0,0.0,8.15,2.9,0.0
20231119:0511,0.0,0.0,0.0,8.24,2.83,0.0
20231119:0611,0.0,0.0,0.0,8.19,2.76,0.0
20231119:0711,0.0,0.0,0.0,8.05,2.55,0.0
20231119:0811,0.0,0.0,0.0,8.24,2.34,0.0
20231119:0911,621.5,160.37,5.24,8.34,2.14,0.0
20231119:1011,1471.4,355.9,9.67,8.6,2.14,0.0
20231119:1111,1529.65,369.37,12.35,8.87,2.21,0.0
20231119:1211,847.1,210.54,13.08,9.14,2.48,0.0
20231119:1311,591.55,152.64,11.77,9.33,2.55,0.0
20231119:1411,254.05,75.01,8.56,9.36,2.34,0.0
20231119:1511,90.3,34.56,3.69,9.0,2.28,0.0
20231119:1611,0.0,0.0,0.0,8.5,2.14,0.0
20231119:1711,0.0,0.0,0.0,8.0,2.0,0.0
20231119:1811,0.0,0.0,0.0,7.99,1.86,0.0
20231119:1911,0.0,0.0,0.0,8.03,1.79,0.0
20231119:2011,0.0,0.0,0.0,7.8,1.79,0.0
20231119:2111,0.0,0.0,0.0,7.75,1.79,0.0
20231119:2211,0.0,0.0,0.0,7.82,1.79,0.0
20231119:2311,0.0,0.0,0.0,7.99,1.72,0.0
20231120:0011,0.0,0.0,0.0,8.3,1.66,0.0
20231120:0111,0.0,0.0,0.0,8.4,1.59,0.0
20231120:0211,0.0,0.0,0.0,8.44,1.52,0.0
20231120:0311,0.0,0.0,0.0,8.38,1.38,0.0
20231120:0411,0.0,0.0,0.0,8.18,1.45,0.0
20231120:0511,0.0,0.0,0.0,8.05,1.59,0.0
20231120:0611,0.0,0.0,0.0,7.91,1.66,0.0
20231120:0711,0.0,0.0,0.0,8.23,1.59,0.0
20231120:0811,0.0,0.0,0.0,8.28,1.86,0.0
20231120:0911,0.0,4.64,5.01,8.31,2.0,0.0
20231120:1011,17.75,12.98,9.43,8.38,2.41,0.0
20231120:1111,20.45,13.91,12.12,8.04,3.79,0.0
20231120:1211,23.3,14.83,12.85,7.39,3.79,0.0
20231120:1311,53.75,24.1,11.55,6.88,3.86,0.0
20231120:1411,8.0,9.27,8.35,6.61,4.14,0.0
20231120:1511,0.0,2.78,3.5,6.32,4.14,0.0
20231120:1611,0.0,0.0,0.0,6.01,4.14,0.0
20231120:1711,0.0,0.0,0.0,5.73,4.14,0.0
20231120:1811,0.0,0.0,0.0,5.56,4.0,0.0
20231120:1911,0.0,0.0,0.0,5.34,3.59,0.0
20231120:2011,0.0,0.0,0.0,5.02,3.24,0.0
20231120:2111,0.0,0.0,0.0,4.78,3.1,0.0
20231120:2211,0.0,0.0,0.0,4.49,2.83,0.0
20231120:2311,0.0,0.0,0.0,4.26,2.48,0.0
20231121:0011,0.0,0.0,0.0,4.13,2.07,0.0
20231121:0111,0.0,0.0,0.0,3.98,1.66,0.0
20231121:0211,0.0,0.0,0.0,3.53,1.38,0.0
20231121:0311,0.0,0.0,0.0,2.98,1.24,0.0
20231121:0411,0.0,0.0,0.0,2.16,1.31,0.0
20231121:0511,0.0,0.0,0.0,2.12,1.17,0.0
20231121:0611,0.0,0.0,0.0,1.82,1.17,0.0
20231121:0711,0.0,0.0,0.0,1.68,1.38,0.0
20231121:0811,0.0,0.0,0.0,1.55,1.66,0.0
20231121:0911,24.15,14.83,4.77,1.67,1.79,0.0
20231121:1011,254.25,73.15,9.2,2.58,1.79,0.0
20231121:1111,256.75,74.16,11.89,3.42,2.0,0.0
20231121:1211,403.55,107.68,12.62,4.07,2.28,0.0
20231121:1311,124.25,42.65,11.34,4.67,2.34,0.0
20231121:1411,91.65,34.3,8.16,5.08,2.76,0.0
20231121:1511,0.0,4.64,3.32,5.06,3.17,0.0
20231121:1611,0.0,0.0,0.0,5.0,3.52,0.0
20231121:1711,0.0,0.0,0.0,4.88,3.79,0.0
20231121:1811,0.0,0.0,0.0,5.21,4.14,0.0
20231121:1911,0.0,0.0,0.0,5.94,4.41,0.0
20231121:2011,0.0,0.0,0.0,6.45,4.83,0.0
20231121:2111,0.0,0.0,0.0,7.14,5.03,0.0
20231121:2211,0.0,0.0,0.0,7.71,5.24,0.0
20231121:2311,0.0,0.0,0.0,8.17,5.38,0.0
20231122:0011,0.0,0.0,0.0,8.52,5.52,0.0
20231122:0111,0.0,0.0,0.0,8.71,5.72,0.0
20231122:0211,0.0,0.0,0.0,8.85,5.66,0.0
20231122:0311,0.0,0.0,0.0,9.17,5.59,0.0
20231122:0411,0.0,0.0,0.0,9.55,5.66,0.0
20231122:0511,0.0,0.0,0.0,9.97,5.59,0.0
20231122:0611,0.0,0.0,0.0,10.21,5.59,0.0
20231122:0711,0.0,0.0,0.0,10.22,5.66,0.0
20231122:0811,0.0,0.0,0.0,10.31,5.66,0.0
20231122:0911,225.3,68.54,4.55,10.39,5.59,0.0
20231122:1011,315.75,89.58,8.97,10.48,5.52,0.0
20231122:1111,25.6,15.76,11.66,10.59,5.66,0.0
20231122:1211,75.55,30.59,12.4,10.59,5.79,0.0
20231122:1311,62.3,26.89,11.14,10.63,6.0,0.0
20231122:1411,5.55,8.34,7.96,10.55,6.21,0.0
20231122:1511,0.0,2.78,3.14,10.47,6.48,0.0
20231122:1611,0.0,0.0,0.0,10.34,6.9,0.0
20231122:1711,0.0,0.0,0.0,10.24,7.1,0.0
20231122:1811,0.0,0.0,0.0,10.25,7.24,0.0
20231122:1911,0.0,0.0,0.0,10.49,7.1,0.0
20231122:2011,0.0,0.0,0.0,10.58,7.24,0.0
20231122:2111,0.0,0.0,0.0,10.75,7.38,0.0
20231122:2211,0.0,0.0,0.0,10.7,7.31,0.0
20231122:2311,0.0,0.0,0.0,10.37,7.31,0.0
20231123:0011,0.0,0.0,0.0,9.91,7.45,0.0
20231123:0111,0.0,0.0,0.0,9.48,7.45,0.0
20231123:0211,0.0,0.0,0.0,9.21,7.45,0.0
20231123:0311,0.0,0.0,0.0,8.85,7.17,0.0
20231123:0411,0.0,0.0,0.0,8.54,6.83,0.0
20231123:0511,0.0,0.0,0.0,8.36,6.48,0.0
20231123:0611,0.0,0.0,0.0,7.75,6.14,0.0
20231123:0711,0.0,0.0,0.0,7.94,6.55,0.0
20231123:0811,0.0,0.0,0.0,7.18,6.48,0.0
20231123:0911,0.0,3.71,4.32,6.41,6.28,0.0
20231123:1011,8.05,9.27,8.74,6.04,6.21,0.0
20231123:1111,1135.15,269.52,11.44,5.97,6.07,0.0
20231123:1211,23.55,14.83,12.19,5.93,6.07,0.0
20231123:1311,29.3,16.69,10.94,5.77,6.0,0.0
20231123:1411,10.45,10.2,7.78,5.22,6.62,0.0
20231123:1511,0.0,1.85,2.97,5.01,6.07,0.0
20231123:1611,0.0,0.0,0.0,4.5,5.38,0.0
20231123:1711,0.0,0.0,0.0,4.03,5.17,0.0
20231123:1811,0.0,0.0,0.0,3.67,4.83,0.0
20231123:1911,0.0,0.0,0.0,3.88,4.62,0.0
20231123:2011,0.0,0.0,0.0,3.58,4.41,0.0
20231123:2111,0.0,0.0,0.0,3.33,4.21,0.0
20231123:2211,0.0,0.0,0.0,2.99,4.41,0.0
20231123:2311,0.0,0.0,0.0,2.62,4.28,0.0
20231124:0011,0.0,0.0,0.0,2.34,4.34,0.0
20231124:0111,0.0,0.0,0.0,2.14,4.28,0.0
20231124:0211,0.0,0.0,0.0,1.92,4.34,0.0
20231124:0311,0.0,0.0,0.0,1.82,4.28,0.0
20231124:0411,0.0,0.0,0.0,1.45,4.21,0.0
20231124:0511,0.0,0.0,0.0,1.32,4.0,0.0
20231124:0611,0.0,0.0,0.0,1.48,3.93,0.0
20231124:0711,0.0,0.0,0.0,1.53,3.79,0.0
20231124:0811,0.0,0.0,0.0,1.66,3.66,0.0
20231124:0911,0.0,3.5,4.11,1.87,3.52,0.0
20231124:1011,13.2,11.13,8.53,2.19,3.52,0.0
20231124:1111,45.25,21.32,11.23,2.73,2.9,0.0
20231124:1211,35.75,18.54,11.99,3.09,2.9,0.0
20231124:1311,114.2,39.87,10.74,3.26,3.1,0.0
20231124:1411,23.9,14.83,7.6,3.18,3.17,0.0
20231124:1511,0.0,2.78,2.81,2.86,2.41,0.0
20231124:1611,0.0,0.0,0.0,2.39,2.07,0.0
20231124:1711,0.0,0.0,0.0,1.86,1.93,0.0
20231124:1811,0.0,0.0,0.0,1.57,1.86,0.0
20231124:1911,0.0,0.0,0.0,1.01,1.66,0.0
20231124:2011,0.0,0.0,0.0,0.86,1.79,0.0
20231124:2111,0.0,0.0,0.0,0.53,1.86,0.0
20231124:2211,0.0,0.0,0.0,-0.01,1.72,0.0
20231124:2311,0.0,0.0,0.0,-0.4,1.66,0.0
20231125:0011,0.0,0.0,0.0,-0.33,1.52,0.0
20231125:0111,0.0,0.0,0.0,-0.27,1.52,0.0
20231125:0211,0.0,0.0,0.0,-0.3,1.52,0.0
20231125:0311,0.0,0.0,0.0,-0.39,1.52,0.0
20231125:0411,0.0,0.0,0.0,-0.42,1.45,0.0
20231125:0511,0.0,0.0,0.0,-0.39,1.38,0.0
20231125:0611,0.0,0.0,0.0,-0.55,1.38,0.0
20231125:0711,0.0,0.0,0.0,-0.18,1.1,0.0
20231125:0811,0.0,0.0,0.0,0.41,0.9,0.0
20231125:0911,0.0,3.5,3.89,0.67,0.83,0.0
20231125:1011,327.05,89.24,8.31,1.03,0.76,0.0
20231125:1111,1316.35,311.11,11.02,1.49,0.62,0.0
20231125:1211,1494.5,353.83,11.79,2.17,0.55,0.0
20231125:1311,1968.6,470.24,10.56,2.59,0.55,0.0
20231125:1411,1190.95,285.01,7.43,2.63,0.55,0.0
20231125:1511,49.55,22.63,2.65,2.07,0.69,0.0
20231125:1611,0.0,0.0,0.0,1.85,0.76,0.0
20231125:1711,0.0,0.0,0.0,1.68,0.83,0.0
20231125:1811,0.0,0.0,0.0,0.97,0.97,0.0
20231125:1911,0.0,0.0,0.0,1.15,0.83,0.0
20231125:2011,0.0,0.0,0.0,0.65,0.9,0.0
20231125:2111,0.0,0.0,0.0,0.25,0.9,0.0
20231125:2211,0.0,0.0,0.0,-0.96,1.03,0.0
20231125:2311,0.0,0.0,0.0,-1.52,1.1,0.0
20231126:0011,0.0,0.0,0.0,-2.16,1.17,0.0
20231126:0111,0.0,0.0,0.0,-2.68,1.31,0.0
20231126:0211,0.0,0.0,0.0,-2.72,1.24,0.0
20231126:0311,0.0,0.0,0.0,-2.51,1.31,0.0
20231126:0411,0.0,0.0,0.0,-2.43,1.31,0.0
20231126:0511,0.0,0.0,0.0,-2.52,1.17,0.0
20231126:0611,0.0,0.0,0.0,-2.56,1.17,0.0
20231126:0711,0.0,0.0,0.0,-1.9,1.38,0.0
20231126:0811,0.0,0.0,0.0,-1.32,1.52,0.0
20231126:0911,39.05,19.24,3.69,-1.53,1.31,0.0
20231126:1011,458.55,117.58,8.11,-0.86,0.97,0.0
20231126:1111,348.9,94.25,10.82,0.95,0.76,0.0
20231126:1211,1810.15,428.33,11.6,1.83,0.69,0.0
20231126:1311,1752.95,416.36,10.38,2.18,0.48,0.0
20231126:1411,1050.5,252.28,7.27,2.18,0.48,0.0
20231126:1511,0.0,3.71,2.5,2.08,0.41,0.0
20231126:1611,0.0,0.0,0.0,1.9,0.34,0.0
20231126:1711,0.0,0.0,0.0,1.65,0.28,0.0
20231126:1811,0.0,0.0,0.0,1.52,0.41,0.0
20231126:1911,0.0,0.0,0.0,1.17,0.69,0.0
20231126:2011,0.0,0.0,0.0,1.05,0.62,0.0
20231126:2111,0.0,0.0,0.0,0.86,0.69,0.0
20231126:2211,0.0,0.0,0.0,0.27,0.9,0.0
20231126:2311,0.0,0.0,0.0,0.14,1.03,0.0
20231127:0011,0.0,0.0,0.0,0.17,1.1,0.0
20231127:0111,0.0,0.0,0.0,0.3,1.1,0.0
20231127:0211,0.0,0.0,0.0,0.52,1.24,0.0
20231127:0311,0.0,0.0,0.0,0.91,1.79,0.0
20231127:0411,0.0,0.0,0.0,1.38,2.28,0.0
20231127:0511,0.0,0.0,0.0,2.08,2.76,0.0
20231127:0611,0.0,0.0,0.0,2.3,2.97,0.0
20231127:0711,0.0,0.0,0.0,2.48,3.66,0.0
20231127:0811,0.0,0.0,0.0,2.37,3.45,0.0
20231127:0911,0.0,2.62,3.48,2.49,3.45,0.0
20231127:1011,29.8,16.69,7.91,2.68,3.45,0.0
20231127:1111,23.95,14.83,10.62,3.11,3.45,0.0
20231127:1211,74.95,29.67,11.41,3.51,2.97,0.0
20231127:1311,852.0,206.53,10.21,3.9,2.76,0.0
20231127:1411,48.05,22.25,7.11,4.19,2.97,0.0
20231127:1511,0.0,1.85,2.36,4.19,2.83,0.0
20231127:1611,0.0,0.0,0.0,3.73,2.41,0.0
20231127:1711,0.0,0.0,0.0,3.39,2.07,0.0
20231127:1811,0.0,0.0,0.0,3.1,1.93,0.0
20231127:1911,0.0,0.0,0.0,3.22,1.93,0.0
20231127:2011,0.0,0.0,0.0,3.01,1.59,0.0
20231127:2111,0.0,0.0,0.0,2.58,1.38,0.0
20231127:2211,0.0,0.0,0.0,2.17,1.17,0.0
20231127:2311,0.0,0.0,0.0,1.57,1.03,0.0
20231128:0011,0.0,0.0,0.0,0.74,0.9,0.0
20231128:0111,0.0,0.0,0.0,0.0,1.03,0.0
20231128:0211,0.0,0.0,0.0,-0.34,1.03,0.0
20231128:0311,0.0,0.0,0.0,-0.3,1.03,0.0
20231128:0411,0.0,0.0,0.0,-0.28,0.97,0.0
20231128:0511,0.0,0.0,0.0,-0.29,0.97,0.0
20231128:0611,0.0,0.0,0.0,-0.12,0.97,0.0
20231128:0711,0.0,0.0,0.0,-0.21,1.1,0.0
20231128:0811,0.0,0.0,0.0,-0.49,1.17,0.0
20231128:0911,0.0,2.62,3.29,-0.95,1.24,0.0
20231128:1011,30.35,16.69,7.71,-0.24,1.1,0.0
20231128:1111,59.05,25.03,10.43,0.12,1.1,0.0
20231128:1211,675.15,165.85,11.23,0.66,1.24,0.0
20231128:1311,1806.1,422.93,10.04,0.94,1.45,0.0
20231128:1411,368.0,98.31,6.96,1.1,1.52,0.0
20231128:1511,0.0,1.75,2.23,0.7,1.52,0.0
20231128:1611,0.0,0.0,0.0,0.12,1.59,0.0
20231128:1711,0.0,0.0,0.0,-0.21,1.52,0.0
20231128:1811,0.0,0.0,0.0,-0.5,1.38,0.0
20231128:1911,0.0,0.0,0.0,-0.5,1.93,0.0
20231128:2011,0.0,0.0,0.0,-1.0,1.79,0.0
20231128:2111,0.0,0.0,0.0,-1.53,1.79,0.0
20231128:2211,0.0,0.0,0.0,-1.26,1.86,0.0
20231128:2311,0.0,0.0,0.0,-1.2,1.79,0.0
20231129:0011,0.0,0.0,0.0,-1.44,1.66,0.0
20231129:0111,0.0,0.0,0.0,-1.54,1.59,0.0
20231129:0211,0.0,0.0,0.0,-1.62,1.59,0.0
20231129:0311,0.0,0.0,0.0,-1.46,1.45,0.0
20231129:0411,0.0,0.0,0.0,-1.58,1.38,0.0
20231129:0511,0.0,0.0,0.0,-1.86,1.24,0.0
20231129:0611,0.0,0.0,0.0,-1.89,1.17,0.0
20231129:0711,0.0,0.0,0.0,-2.41,1.45,0.0
20231129:0811,0.0,0.0,0.0,-2.52,1.52,0.0
20231129:0911,19.4,13.12,3.09,-1.98,1.52,0.0
20231129:1011,654.3,160.33,7.52,-0.7,1.52,0.0
20231129:1111,42.7,20.4,10.25,0.07,1.66,0.0
20231129:1211,49.05,22.25,11.06,0.48,1.72,0.0
20231129:1311,119.35,40.79,9.88,0.67,2.21,0.0
20231129:1411,6.1,8.34,6.81,0.53,2.28,0.0
20231129:1511,0.0,1.75,2.1,0.11,2.48,0.0
20231129:1611,0.0,0.0,0.0,-0.43,2.0,0.0
20231129:1711,0.0,0.0,0.0,-0.93,1.79,0.0
20231129:1811,0.0,0.0,0.0,-1.06,1.52,0.0
20231129:1911,0.0,0.0,0.0,-1.03,0.97,0.0
20231129:2011,0.0,0.0,0.0,-0.96,0.83,0.0
20231129:2111,0.0,0.0,0.0,-0.98,0.76,0.0
20231129:2211,0.0,0.0,0.0,-1.32,0.97,0.0
20231129:2311,0.0,0.0,0.0,-1.45,1.03,0.0
20231130:0011,0.0,0.0,0.0,-1.13,1.1,0.0
20231130:0111,0.0,0.0,0.0,-0.99,1.1,0.0
20231130:0211,0.0,0.0,0.0,-0.86,0.97,0.0
20231130:0311,0.0,0.0,0.0,-0.75,1.03,0.0
20231130:0411,0.0,0.0,0.0,-1.11,1.17,0.0
20231130:0511,0.0,0.0,0.0,-0.93,1.24,0.0
20231130:0611,0.0,0.0,0.0,-0.81,1.38,0.0
20231130:0711,0.0,0.0,0.0,-0.39,1.52,0.0
20231130:0811,0.0,0.0,0.0,-0.56,1.52,0.0
20231130:0911,0.0,3.5,2.91,-1.01,1.38,0.0
20231130:1011,223.1,65.02,7.34,-0.6,1.24,0.0
20231130:1111,757.25,183.67,10.07,0.46,1.17,0.0
20231130:1211,18.65,12.98,10.89,0.96,1.17,0.0
20231130:1311,517.05,131.42,9.73,1.19,1.17,0.0
20231130:1411,487.55,125.06,6.68,1.31,1.17,0.0
20231130:1511,0.0,1.75,1.98,0.84,1.17,0.0
20231130:1611,0.0,0.0,0.0,-0.03,1.17,0.0
20231130:1711,0.0,0.0,0.0,-0.35,1.1,0.0
20231130:1811,0.0,0.0,0.0,-0.65,1.1,0.0
20231130:1911,0.0,0.0,0.0,-0.89,1.24,0.0
20231130:2011,0.0,0.0,0.0,-1.44,1.31,0.0
20231130:2111,0.0,0.0,0.0,-1.86,1.38,0.0
20231130:2211,0.0,0.0,0.0,-2.28,1.31,0.0
20231130:2311,0.0,0.0,0.0,-2.5,1.45,0.0
20231201:0011,0.0,0.0,0.0,-2.65,1.38,0.0
20231201:0111,0.0,0.0,0.0,-2.55,1.17,0.0
20231201:0211,0.0,0.0,0.0,-2.65,1.1,0.0
20231201:0311,0.0,0.0,0.0,-2.92,1.24,0.0
20231201:0411,0.0,0.0,0.0,-3.19,1.24,0.0
20231201:0511,0.0,0.0,0.0,-3.22,1.24,0.0
20231201:0611,0.0,0.0,0.0,-3.66,1.24,0.0
20231201:0711,0.0,0.0,0.0,-3.32,0.9,0.0
20231201:0811,0.0,0.0,0.0,-3.42,0.83,0.0
20231201:0911,19.6,13.12,2.73,-3.35,0.76,0.0
20231201:1011,259.15,72.63,7.16,-2.97,0.76,0.0
20231201:1111,745.55,179.41,9.9,-2.15,0.69,0.0
20231201:1211,612.7,151.06,10.73,-1.38,0.76,0.0
20231201:1311,1533.5,357.29,9.58,-0.99,0.76,0.0
20231201:1411,997.1,236.36,6.55,-1.02,0.83,0.0
20231201:1511,0.0,2.62,1.86,-1.57,0.9,0.0
20231201:1611,0.0,0.0,0.0,-2.51,1.17,0.0
20231201:1711,0.0,0.0,0.0,-3.38,1.24,0.0
20231201:1811,0.0,0.0,0.0,-4.09,1.38,0.0
20231201:1911,0.0,0.0,0.0,-3.58,1.31,0.0
20231201:2011,0.0,0.0,0.0,-4.17,1.31,0.0
20231201:2111,0.0,0.0,0.0,-4.56,1.38,0.0
20231201:2211,0.0,0.0,0.0,-4.97,1.38,0.0
20231201:2311,0.0,0.0,0.0,-5.21,1.45,0.0
20231202:0011,0.0,0.0,0.0,-5.31,1.52,0.0
20231202:0111,0.0,0.0,0.0,-5.37,1.59,0.0
20231202:0211,0.0,0.0,0.0,-5.39,1.59,0.0
20231202:0311,0.0,0.0,0.0,-5.4,1.59,0.0
20231202:0411,0.0,0.0,0.0,-5.31,1.52,0.0
20231202:0511,0.0,0.0,0.0,-5.22,1.45,0.0
20231202:0611,0.0,0.0,0.0,-5.12,1.38,0.0
20231202:0711,0.0,0.0,0.0,-5.59,1.45,0.0
20231202:0811,0.0,0.0,0.0,-5.66,1.45,0.0
20231202:0911,7.5,8.74,2.55,-5.56,1.38,0.0
20231202:1011,538.05,132.54,6.99,-5.23,1.24,0.0
20231202:1111,1298.0,297.95,9.74,-4.43,1.03,0.0
20231202:1211,946.9,221.75,10.58,-3.53,1.03,0.0
20231202:1311,867.85,205.11,9.44,-2.93,1.03,0.0
20231202:1411,720.1,173.54,6.42,-2.95,1.03,0.0
20231202:1511,0.0,1.75,1.76,-3.33,1.17,0.0
20231202:1611,0.0,0.0,0.0,-4.17,1.31,0.0
20231202:1711,0.0,0.0,0.0,-4.49,1.31,0.0
20231202:1811,0.0,0.0,0.0,-4.69,1.31,0.0
20231202:1911,0.0,0.0,0.0,-4.61,1.31,0.0
20231202:2011,0.0,0.0,0.0,-4.86,1.17,0.0
20231202:2111,0.0,0.0,0.0,-5.15,1.1,0.0
20231202:2211,0.0,0.0,0.0,-5.33,1.1,0.0
20231202:2311,0.0,0.0,0.0,-5.86,1.17,0.0
20231203:0011,0.0,0.0,0.0,-6.26,1.1,0.0
20231203:0111,0.0,0.0,0.0,-6.8,1.03,0.0
20231203:0211,0.0,0.0,0.0,-7.16,1.03,0.0
20231203:0311,0.0,0.0,0.0,-7.07,0.9,0.0
20231203:0411,0.0,0.0,0.0,-7.33,0.9,0.0
20231203:0511,0.0,0.0,0.0,-7.3,0.83,0.0
20231203:0611,0.0,0.0,0.0,-7.35,0.76,0.0
20231203:0711,0.0,0.0,0.0,-7.13,0.76,0.0
20231203:0811,0.0,0.0,0.0,-7.17,0.62,0.0
20231203:0911,1.4,6.12,2.38,-7.14,0.55,0.0
20231203:1011,455.35,114.39,6.83,-6.44,0.48,0.0
20231203:1111,1042.35,241.48,9.58,-5.4,0.34,0.0
20231203:1211,791.7,187.96,10.44,-4.52,0.21,0.0
20231203:1311,654.2,158.6,9.31,-4.06,0.07,0.0
20231203:1411,603.45,147.96,6.31,-3.92,0.14,0.0
20231203:1511,0.0,0.87,1.65,-4.12,0.14,0.0
20231203:1611,0.0,0.0,0.0,-4.6,0.0,0.0
20231203:1711,0.0,0.0,0.0,-4.58,0.0,0.0
20231203:1811,0.0,0.0,0.0,-4.18,0.07,0.0
20231203:1911,0.0,0.0,0.0,-3.47,0.28,0.0
20231203:2011,0.0,0.0,0.0,-3.21,0.41,0.0
20231203:2111,0.0,0.0,0.0,-3.05,0.55,0.0
20231203:2211,0.0,0.0,0.0,-3.05,0.62,0.0
20231203:2311,0.0,0.0,0.0,-3.01,0.69,0.0
20231204:0011,0.0,0.0,0.0,-2.85,0.97,0.0
20231204:0111,0.0,0.0,0.0,-2.54,1.1,0.0
20231204:0211,0.0,0.0,0.0,-2.07,1.38,0.0
20231204:0311,0.0,0.0,0.0,-1.78,1.45,0.0
20231204:0411,0.0,0.0,0.0,-1.56,1.72,0.0
20231204:0511,0.0,0.0,0.0,-1.17,1.86,0.0
20231204:0611,0.0,0.0,0.0,-0.66,2.07,0.0
20231204:0711,0.0,0.0,0.0,0.34,2.9,0.0
20231204:0811,0.0,0.0,0.0,0.64,2.9,0.0
20231204:0911,0.0,1.75,2.22,0.69,2.83,0.0
20231204:1011,21.4,13.91,6.67,1.03,2.69,0.0
20231204:1111,1481.3,343.96,9.43,1.4,3.1,0.0
20231204:1211,956.05,227.03,10.3,1.53,2.97,0.0
20231204:1311,516.8,131.05,9.19,1.78,3.45,0.0
20231204:1411,1.9,6.49,6.2,1.78,2.69,0.0
20231204:1511,0.0,0.87,1.56,1.58,2.83,0.0
20231204:1611,0.0,0.0,0.0,1.23,2.69,0.0
20231204:1711,0.0,0.0,0.0,1.12,2.55,0.0
20231204:1811,0.0,0.0,0.0,0.95,2.34,0.0
20231204:1911,0.0,0.0,0.0,0.73,2.28,0.0
20231204:2011,0.0,0.0,0.0,0.72,2.21,0.0
20231204:2111,0.0,0.0,0.0,0.74,2.14,0.0
20231204:2211,0.0,0.0,0.0,0.67,1.93,0.0
20231204:2311,0.0,0.0,0.0,0.66,1.79,0.0
20231205:0011,0.0,0.0,0.0,0.66,1.72,0.0
20231205:0111,0.0,0.0,0.0,0.5,1.59,0.0
20231205:0211,0.0,0.0,0.0,0.25,1.52,0.0
20231205:0311,0.0,0.0,0.0,0.16,1.31,0.0
20231205:0411,0.0,0.0,0.0,-0.01,1.17,0.0
20231205:0511,0.0,0.0,0.0,-0.29,1.03,0.0
20231205:0611,0.0,0.0,0.0,-0.55,0.9,0.0
20231205:0711,0.0,0.0,0.0,-0.44,1.03,0.0
20231205:0811,0.0,0.0,0.0,-0.46,0.69,0.0
20231205:0911,0.0,1.75,2.06,-0.52,0.55,0.0
20231205:1011,21.6,13.91,6.52,-0.38,0.55,0.0
20231205:1111,302.95,83.47,9.29,-0.14,0.48,0.0
20231205:1211,142.0,46.36,10.17,0.11,0.48,0.0
20231205:1311,323.9,88.24,9.07,0.1,0.34,0.0
20231205:1411,24.4,14.83,6.1,0.0,0.41,0.0
20231205:1511,0.0,0.87,1.48,-0.52,0.34,0.0
20231205:1611,0.0,0.0,0.0,-1.45,0.55,0.0
20231205:1711,0.0,0.0,0.0,-2.21,0.76,0.0
20231205:1811,0.0,0.0,0.0,-2.76,0.97,0.0
20231205:1911,0.0,0.0,0.0,-3.1,1.1,0.0
20231205:2011,0.0,0.0,0.0,-3.61,1.1,0.0
20231205:2111,0.0,0.0,0.0,-4.03,1.1,0.0
20231205:2211,0.0,0.0,0.0,-4.74,1.1,0.0
20231205:2311,0.0,0.0,0.0,-4.97,1.17,0.0
20231206:0011,0.0,0.0,0.0,-5.15,1.17,0.0
20231206:0111,0.0,0.0,0.0,-5.22,1.1,0.0
20231206:0211,0.0,0.0,0.0,-5.38,1.17,0.0
20231206:0311,0.0,0.0,0.0,-5.39,1.1,0.0
20231206:0411,0.0,0.0,0.0,-5.54,1.17,0.0
20231206:0511,0.0,0.0,0.0,-5.65,1.17,0.0
20231206:0611,0.0,0.0,0.0,-5.51,1.1,0.0
20231206:0711,0.0,0.0,0.0,-5.78,1.17,0.0
20231206:0811,0.0,0.0,0.0,-6.13,1.17,0.0
20231206:0911,0.0,0.87,1.91,-6.26,1.1,0.0
20231206:1011,104.2,36.03,6.37,-5.62,1.03,0.0
20231206:1111,206.1,60.36,9.15,-4.44,0.97,0.0
20231206:1211,252.85,71.24,10.04,-3.39,0.9,0.0
20231206:1311,273.0,75.97,8.96,-2.49,0.83,0.0
20231206:1411,280.35,77.68,6.01,-1.84,0.83,0.0
20231206:1511,0.0,0.87,1.4,-1.69,1.03,0.0
20231206:1611,0.0,0.0,0.0,-2.03,1.45,0.0
20231206:1711,0.0,0.0,0.0,-1.87,1.86,0.0
20231206:1811,0.0,0.0,0.0,-1.7,2.21,0.0
20231206:1911,0.0,0.0,0.0,-1.21,2.48,0.0
20231206:2011,0.0,0.0,0.0,-0.5,2.76,0.0
20231206:2111,0.0,0.0,0.0,0.13,2.9,0.0
20231206:2211,0.0,0.0,0.0,0.66,3.24,0.0
20231206:2311,0.0,0.0,0.0,0.93,3.45,0.0
20231207:0011,0.0,0.0,0.0,0.99,3.66,0.0
20231207:0111,0.0,0.0,0.0,1.22,3.72,0.0
20231207:0211,0.0,0.0,0.0,1.41,3.72,0.0
20231207:0311,0.0,0.0,0.0,1.51,3.66,0.0
20231207:0411,0.0,0.0,0.0,1.67,3.52,0.0
20231207:0511,0.0,0.0,0.0,1.8,3.45,0.0
20231207:0611,0.0,0.0,0.0,1.95,3.66,0.0
20231207:0711,0.0,0.0,0.0,2.58,3.93,0.0
20231207:0811,0.0,0.0,0.0,2.85,4.0,0.0
20231207:0911,0.0,0.87,1.77,3.19,4.28,0.0
20231207:1011,92.7,34.25,6.23,3.7,4.62,0.0
20231207:1111,95.85,35.23,9.03,4.02,4.97,0.0
20231207:1211,48.05,22.25,9.93,4.26,4.97,0.0
20231207:1311,23.75,14.83,8.86,4.3,4.76,0.0
20231207:1411,10.55,10.2,5.92,4.22,4.62,0.0
20231207:1511,0.0,0.0,0.0,4.07,4.55,0.0
20231207:1611,0.0,0.0,0.0,4.03,4.55,0.0
20231207:1711,0.0,0.0,0.0,4.07,4.69,0.0
20231207:1811,0.0,0.0,0.0,3.94,4.62,0.0
20231207:1911,0.0,0.0,0.0,4.18,4.55,0.0
20231207:2011,0.0,0.0,0.0,3.91,4.34,0.0
20231207:2111,0.0,0.0,0.0,3.58,4.14,0.0
20231207:2211,0.0,0.0,0.0,3.29,3.72,0.0
20231207:2311,0.0,0.0,0.0,3.04,3.17,0.0
20231208:0011,0.0,0.0,0.0,3.0,2.41,0.0
20231208:0111,0.0,0.0,0.0,2.83,1.93,0.0
20231208:0211,0.0,0.0,0.0,2.73,1.66,0.0
20231208:0311,0.0,0.0,0.0,2.42,1.45,0.0
20231208:0411,0.0,0.0,0.0,1.98,1.38,0.0
20231208:0511,0.0,0.0,0.0,1.64,1.31,0.0
20231208:0611,0.0,0.0,0.0,1.21,1.38,0.0
20231208:0711,0.0,0.0,0.0,1.06,1.45,0.0
20231208:0811,0.0,0.0,0.0,1.27,1.31,0.0
20231208:0911,0.0,0.87,1.63,1.56,1.31,0.0
20231208:1011,58.45,25.03,6.1,1.98,1.38,0.0
20231208:1111,761.05,186.23,8.9,3.01,1.45,0.0
20231208:1211,211.95,63.71,9.82,3.92,1.59,0.0
20231208:1311,175.25,55.02,8.77,4.61,1.79,0.0
20231208:1411,29.45,16.69,5.84,4.76,1.93,0.0
20231208:1511,0.0,0.0,0.0,4.63,2.07,0.0
20231208:1611,0.0,0.0,0.0,4.4,1.93,0.0
20231208:1711,0.0,0.0,0.0,4.14,1.93,0.0
20231208:1811,0.0,0.0,0.0,4.06,1.86,0.0
20231208:1911,0.0,0.0,0.0,4.42,2.07,0.0
20231208:2011,0.0,0.0,0.0,4.49,2.14,0.0
20231208:2111,0.0,0.0,0.0,4.56,2.21,0.0
20231208:2211,0.0,0.0,0.0,4.73,2.21,0.0
20231208:2311,0.0,0.0,0.0,4.7,2.07,0.0
20231209:0011,0.0,0.0,0.0,4.75,2.07,0.0
20231209:0111,0.0,0.0,0.0,4.74,2.28,0.0
20231209:0211,0.0,0.0,0.0,4.66,2.34,0.0
20231209:0311,0.0,0.0,0.0,4.53,2.28,0.0
20231209:0411,0.0,0.0,0.0,4.3,2.28,0.0
20231209:0511,0.0,0.0,0.0,4.17,1.93,0.0
20231209:0611,0.0,0.0,0.0,3.98,1.66,0.0
20231209:0711,0.0,0.0,0.0,4.57,1.66,0.0
20231209:0811,0.0,0.0,0.0,4.73,1.72,0.0
20231209:0911,0.0,0.87,1.5,4.8,1.66,0.0
20231209:1011,32.35,17.62,5.98,4.83,1.45,0.0
20231209:1111,774.35,190.8,8.79,5.03,1.45,0.0
20231209:1211,842.6,206.38,9.71,5.43,1.52,0.0
20231209:1311,305.2,85.66,8.68,5.63,1.66,0.0
20231209:1411,463.95,121.77,5.77,5.69,1.86,0.0
20231209:1511,0.0,0.0,0.0,5.38,2.14,0.0
20231209:1611,0.0,0.0,0.0,5.21,2.14,0.0
20231209:1711,0.0,0.0,0.0,5.17,2.07,0.0
20231209:1811,0.0,0.0,0.0,5.19,2.0,0.0
20231209:1911,0.0,0.0,0.0,5.06,1.38,0.0
20231209:2011,0.0,0.0,0.0,4.76,1.1,0.0
20231209:2111,0.0,0.0,0.0,4.28,0.97,0.0
20231209:2211,0.0,0.0,0.0,4.6,0.69,0.0
20231209:2311,0.0,0.0,0.0,5.05,0.34,0.0
20231210:0011,0.0,0.0,0.0,4.88,0.62,0.0
20231210:0111,0.0,0.0,0.0,4.02,0.76,0.0
20231210:0211,0.0,0.0,0.0,3.16,1.03,0.0
20231210:0311,0.0,0.0,0.0,2.85,1.03,0.0
20231210:0411,0.0,0.0,0.0,2.21,1.17,0.0
20231210:0511,0.0,0.0,0.0,2.0,1.03,0.0
20231210:0611,0.0,0.0,0.0,1.79,1.1,0.0
20231210:0711,0.0,0.0,0.0,2.71,1.45,0.0
20231210:0811,0.0,0.0,0.0,3.03,1.45,0.0
20231210:0911,0.0,0.87,1.37,3.08,1.38,0.0
20231210:1011,41.9,20.4,5.86,3.36,1.31,0.0
20231210:1111,113.7,39.87,8.68,3.82,1.24,0.0
20231210:1211,41.7,20.4,9.62,4.17,1.31,0.0
20231210:1311,35.45,18.54,8.6,4.52,1.38,0.0
20231210:1411,10.5,10.2,5.71,4.52,1.45,0.0
20231210:1511,0.0,0.0,0.0,4.38,1.52,0.0
20231210:1611,0.0,0.0,0.0,4.18,1.59,0.0
20231210:1711,0.0,0.0,0.0,4.1,1.93,0.0
20231210:1811,0.0,0.0,0.0,4.1,2.41,0.0
20231210:1911,0.0,0.0,0.0,4.11,2.76,0.0
20231210:2011,0.0,0.0,0.0,3.97,2.48,0.0
20231210:2111,0.0,0.0,0.0,3.81,2.28,0.0
20231210:2211,0.0,0.0,0.0,3.7,2.14,0.0
20231210:2311,0.0,0.0,0.0,3.63,2.14,0.0
20231211:0011,0.0,0.0,0.0,3.61,2.21,0.0
20231211:0111,0.0,0.0,0.0,3.48,2.55,0.0
20231211:0211,0.0,0.0,0.0,3.47,2.48,0.0
20231211:0311,0.0,0.0,0.0,3.47,2.62,0.0
20231211:0411,0.0,0.0,0.0,3.39,2.55,0.0
20231211:0511,0.0,0.0,0.0,3.38,2.62,0.0
20231211:0611,0.0,0.0,0.0,3.27,2.55,0.0
20231211:0711,0.0,0.0,0.0,3.43,2.48,0.0
20231211:0811,0.0,0.0,0.0,3.35,2.14,0.0
20231211:0911,0.0,0.0,0.0,3.33,2.0,0.0
20231211:1011,10.6,10.2,5.75,3.36,2.0,0.0
20231211:1111,154.7,49.89,8.58,3.55,2.48,0.0
20231211:1211,201.65,61.14,9.53,3.67,2.28,0.0
20231211:1311,110.2,38.94,8.53,3.69,2.0,0.0
20231211:1411,8.2,9.27,5.65,3.69,1.79,0.0
20231211:1511,0.0,0.0,0.0,3.15,1.66,0.0
20231211:1611,0.0,0.0,0.0,2.55,1.72,0.0
20231211:1711,0.0,0.0,0.0,2.35,1.79,0.0
20231211:1811,0.0,0.0,0.0,2.32,1.79,0.0
20231211:1911,0.0,0.0,0.0,2.91,2.07,0.0
20231211:2011,0.0,0.0,0.0,2.82,2.28,0.0
20231211:2111,0.0,0.0,0.0,2.91,2.28,0.0
20231211:2211,0.0,0.0,0.0,2.95,2.14,0.0
20231211:2311,0.0,0.0,0.0,2.91,2.28,0.0
20231212:0011,0.0,0.0,0.0,2.96,2.55,0.0
20231212:0111,0.0,0.0,0.0,2.84,2.76,0.0
20231212:0211,0.0,0.0,0.0,2.81,2.9,0.0
20231212:0311,0.0,0.0,0.0,2.84,3.03,0.0
20231212:0411,0.0,0.0,0.0,2.94,3.17,0.0
20231212:0511,0.0,0.0,0.0,3.08,3.17,0.0
20231212:0611,0.0,0.0,0.0,3.12,3.17,0.0
20231212:0711,0.0,0.0,0.0,3.58,3.17,0.0
20231212:0811,0.0,0.0,0.0,3.61,3.03,0.0
20231212:0911,0.0,0.0,0.0,3.72,2.97,0.0
20231212:1011,23.8,14.83,5.64,3.86,2.83,0.0
20231212:1111,44.9,21.32,8.49,3.95,2.83,0.0
20231212:1211,124.75,42.65,9.45,3.95,2.83,0.0
20231212:1311,21.0,13.91,8.46,3.92,2.76,0.0
20231212:1411,80.05,30.95,5.6,3.83,2.76,0.0
20231212:1511,0.0,0.0,0.0,3.68,2.55,0.0
20231212:1611,0.0,0.0,0.0,3.54,2.69,0.0
20231212:1711,0.0,0.0,0.0,3.42,2.55,0.0
20231212:1811,0.0,0.0,0.0,3.38,2.41,0.0
20231212:1911,0.0,0.0,0.0,3.34,2.41,0.0
20231212:2011,0.0,0.0,0.0,3.08,2.14,0.0
20231212:2111,0.0,0.0,0.0,2.85,2.07,0.0
20231212:2211,0.0,0.0,0.0,2.75,1.86,0.0
20231212:2311,0.0,0.0,0.0,2.54,1.86,0.0
20231213:0011,0.0,0.0,0.0,2.31,1.72,0.0
20231213:0111,0.0,0.0,0.0,2.27,1.66,0.0
20231213:0211,0.0,0.0,0.0,1.97,1.52,0.0
20231213:0311,0.0,0.0,0.0,2.11,1.38,0.0
20231213:0411,0.0,0.0,0.0,1.81,1.1,0.0
20231213:0511,0.0,0.0,0.0,1.86,1.1,0.0
20231213:0611,0.0,0.0,0.0,1.84,0.76,0.0
20231213:0711,0.0,0.0,0.0,1.6,0.69,0.0
20231213:0811,0.0,0.0,0.0,1.42,0.69,0.0
20231213:0911,0.0,0.0,0.0,1.11,0.9,0.0
20231213:1011,128.15,42.88,5.55,1.3,0.76,0.0
20231213:1111,1841.3,434.22,8.4,1.69,1.1,0.0
20231213:1211,1856.65,436.16,9.38,1.82,1.52,0.0
20231213:1311,1339.5,315.31,8.41,2.19,1.66,0.0
20231213:1411,1236.1,292.53,5.56,2.43,2.14,0.0
20231213:1511,0.0,0.0,0.0,2.28,2.28,0.0
20231213:1611,0.0,0.0,0.0,1.69,2.48,0.0
20231213:1711,0.0,0.0,0.0,1.2,2.83,0.0
20231213:1811,0.0,0.0,0.0,1.07,3.1,0.0
20231213:1911,0.0,0.0,0.0,1.26,3.24,0.0
20231213:2011,0.0,0.0,0.0,1.35,3.59,0.0
20231213:2111,0.0,0.0,0.0,1.77,4.14,0.0
20231213:2211,0.0,0.0,0.0,2.12,4.48,0.0
20231213:2311,0.0,0.0,0.0,2.56,4.69,0.0
20231214:0011,0.0,0.0,0.0,2.78,4.9,0.0
20231214:0111,0.0,0.0,0.0,3.14,5.03,0.0
20231214:0211,0.0,0.0,0.0,3.49,5.03,0.0
20231214:0311,0.0,0.0,0.0,3.84,4.76,0.0
20231214:0411,0.0,0.0,0.0,4.36,4.14,0.0
20231214:0511,0.0,0.0,0.0,4.9,3.66,0.0
20231214:0611,0.0,0.0,0.0,4.81,3.52,0.0
20231214:0711,0.0,0.0,0.0,5.2,3.59,0.0
20231214:0811,0.0,0.0,0.0,5.28,3.93,0.0
20231214:0911,0.0,0.0,0.0,5.25,4.07,0.0
20231214:1011,225.2,66.75,5.46,5.33,4.07,0.0
20231214:1111,329.1,90.77,8.32,5.53,4.14,0.0
20231214:1211,1780.65,418.31,9.32,5.86,4.34,0.0
20231214:1311,94.8,35.23,8.36,6.07,4.28,0.0
20231214:1411,0.0,5.56,5.52,6.05,4.14,0.0
20231214:1511,0.0,0.0,0.0,5.6,3.79,0.0
20231214:1611,0.0,0.0,0.0,5.32,3.59,0.0
20231214:1711,0.0,0.0,0.0,5.22,3.52,0.0
20231214:1811,0.0,0.0,0.0,5.1,3.52,0.0
20231214:1911,0.0,0.0,0.0,5.8,4.07,0.0
20231214:2011,0.0,0.0,0.0,5.89,4.21,0.0
20231214:2111,0.0,0.0,0.0,5.79,4.28,0.0
20231214:2211,0.0,0.0,0.0,5.92,4.41,0.0
20231214:2311,0.0,0.0,0.0,6.03,4.41,0.0
20231215:0011,0.0,0.0,0.0,6.12,4.28,0.0
20231215:0111,0.0,0.0,0.0,6.11,4.14,0.0
20231215:0211,0.0,0.0,0.0,6.24,4.14,0.0
20231215:0311,0.0,0.0,0.0,6.19,3.93,0.0
20231215:0411,0.0,0.0,0.0,6.14,3.86,0.0
20231215:0511,0.0,0.0,0.0,6.06,3.79,0.0
20231215:0611,0.0,0.0,0.0,6.09,3.86,0.0
20231215:0711,0.0,0.0,0.0,6.3,4.14,0.0
20231215:0811,0.0,0.0,0.0,6.23,4.07,0.0
20231215:0911,0.0,0.0,0.0,6.26,4.07,0.0
20231215:1011,35.05,18.54,5.37,6.68,4.21,0.0
20231215:1111,90.75,34.3,8.25,7.16,4.48,0.0
20231215:1211,56.8,25.03,9.26,7.51,4.9,0.0
20231215:1311,163.75,52.73,8.32,7.75,5.17,0.0
20231215:1411,0.0,5.56,5.5,8.06,5.93,0.0
20231215:1511,0.0,0.0,0.0,8.66,6.41,0.0
20231215:1611,0.0,0.0,0.0,9.17,6.69,0.0
20231215:1711,0.0,0.0,0.0,9.23,6.83,0.0
20231215:1811,0.0,0.0,0.0,9.15,6.83,0.0
20231215:1911,0.0,0.0,0.0,9.45,6.62,0.0
20231215:2011,0.0,0.0,0.0,9.44,6.55,0.0
20231215:2111,0.0,0.0,0.0,9.43,6.34,0.0
20231215:2211,0.0,0.0,0.0,9.39,6.21,0.0
20231215:2311,0.0,0.0,0.0,9.37,6.28,0.0
20231216:0011,0.0,0.0,0.0,9.42,6.28,0.0
20231216:0111,0.0,0.0,0.0,9.46,6.14,0.0
20231216:0211,0.0,0.0,0.0,9.53,6.28,0.0
20231216:0311,0.0,0.0,0.0,9.54,6.48,0.0
20231216:0411,0.0,0.0,0.0,9.43,6.55,0.0
20231216:0511,0.0,0.0,0.0,9.3,6.48,0.0
20231216:0611,0.0,0.0,0.0,9.24,6.55,0.0
20231216:0711,0.0,0.0,0.0,9.7,6.62,0.0
20231216:0811,0.0,0.0,0.0,9.85,6.76,0.0
20231216:0911,0.0,0.0,0.0,9.92,6.9,0.0
20231216:1011,552.95,143.2,5.3,9.97,7.17,0.0
20231216:1111,1724.55,408.66,8.19,10.01,7.38,0.0
20231216:1211,110.55,39.87,9.21,9.87,7.24,0.0
20231216:1311,7.8,9.27,8.28,9.92,7.03,0.0
20231216:1411,12.5,11.13,5.48,9.81,6.55,0.0
20231216:1511,0.0,0.0,0.0,9.7,6.14,0.0
20231216:1611,0.0,0.0,0.0,9.64,5.86,0.0
20231216:1711,0.0,0.0,0.0,9.63,5.72,0.0
20231216:1811,0.0,0.0,0.0,9.59,5.59,0.0
20231216:1911,0.0,0.0,0.0,9.73,5.17,0.0
20231216:2011,0.0,0.0,0.0,9.7,5.1,0.0
20231216:2111,0.0,0.0,0.0,9.61,5.1,0.0
20231216:2211,0.0,0.0,0.0,9.42,5.45,0.0
20231216:2311,0.0,0.0,0.0,9.19,5.79,0.0
20231217:0011,0.0,0.0,0.0,8.98,6.07,0.0
20231217:0111,0.0,0.0,0.0,8.95,6.21,0.0
20231217:0211,0.0,0.0,0.0,8.91,6.21,0.0
20231217:0311,0.0,0.0,0.0,8.96,6.28,0.0
20231217:0411,0.0,0.0,0.0,9.0,6.48,0.0
20231217:0511,0.0,0.0,0.0,8.85,6.76,0.0
20231217:0611,0.0,0.0,0.0,8.7,6.83,0.0
20231217:0711,0.0,0.0,0.0,9.04,6.97,0.0
20231217:0811,0.0,0.0,0.0,9.18,6.97,0.0
20231217:0911,0.0,0.0,0.0,9.33,6.97,0.0
20231217:1011,25.75,15.76,5.23,9.6,6.83,0.0
20231217:1111,96.45,36.16,8.13,9.89,6.69,0.0
20231217:1211,441.0,117.85,9.17,10.14,6.48,0.0
20231217:1311,348.8,96.93,8.26,10.4,6.07,0.0
20231217:1411,40.25,20.4,5.47,10.46,5.52,0.0
20231217:1511,0.0,0.0,0.0,10.36,5.03,0.0
20231217:1611,0.0,0.0,0.0,10.27,4.69,0.0
20231217:1711,0.0,0.0,0.0,10.22,4.41,0.0
20231217:1811,0.0,0.0,0.0,10.2,4.14,0.0
20231217:1911,0.0,0.0,0.0,10.36,3.79,0.0
20231217:2011,0.0,0.0,0.0,10.2,3.38,0.0
20231217:2111,0.0,0.0,0.0,10.0,2.97,0.0
20231217:2211,0.0,0.0,0.0,9.74,2.83,0.0
20231217:2311,0.0,0.0,0.0,9.43,2.76,0.0
20231218:0011,0.0,0.0,0.0,9.22,2.83,0.0
20231218:0111,0.0,0.0,0.0,8.93,2.69,0.0
20231218:0211,0.0,0.0,0.0,8.74,2.41,0.0
20231218:0311,0.0,0.0,0.0,8.57,2.21,0.0
20231218:0411,0.0,0.0,0.0,8.37,2.0,0.0
20231218:0511,0.0,0.0,0.0,8.26,1.86,0.0
20231218:0611,0.0,0.0,0.0,8.32,1.72,0.0
20231218:0711,0.0,0.0,0.0,8.97,1.72,0.0
20231218:0811,0.0,0.0,0.0,9.13,1.79,0.0
20231218:0911,0.0,0.0,0.0,9.09,2.21,0.0
20231218:1011,292.3,83.56,5.17,8.88,2.97,0.0
20231218:1111,12.6,11.13,8.08,8.47,3.66,0.0
20231218:1211,83.4,32.45,9.13,8.05,4.21,0.0
20231218:1311,207.6,63.34,8.24,7.85,4.69,0.0
20231218:1411,0.0,5.56,5.46,7.72,5.24,0.0
20231218:1511,0.0,0.0,0.0,7.39,5.38,0.0
20231218:1611,0.0,0.0,0.0,7.03,5.52,0.0
20231218:1711,0.0,0.0,0.0,6.87,5.17,0.0
20231218:1811,0.0,0.0,0.0,5.86,4.76,0.0
20231218:1911,0.0,0.0,0.0,6.26,4.14,0.0
20231218:2011,0.0,0.0,0.0,5.58,3.93,0.0
20231218:2111,0.0,0.0,0.0,4.92,3.59,0.0
20231218:2211,0.0,0.0,0.0,4.33,3.38,0.0
20231218:2311,0.0,0.0,0.0,3.69,3.24,0.0
20231219:0011,0.0,0.0,0.0,3.15,3.1,0.0
20231219:0111,0.0,0.0,0.0,2.84,3.17,0.0
20231219:0211,0.0,0.0,0.0,2.78,3.17,0.0
20231219:0311,0.0,0.0,0.0,2.37,3.24,0.0
20231219:0411,0.0,0.0,0.0,2.26,3.66,0.0
20231219:0511,0.0,0.0,0.0,2.35,4.0,0.0
20231219:0611,0.0,0.0,0.0,2.72,4.48,0.0
20231219:0711,0.0,0.0,0.0,3.18,4.55,0.0
20231219:0811,0.0,0.0,0.0,3.53,4.83,0.0
20231219:0911,0.0,0.0,0.0,3.73,5.03,0.0
20231219:1011,871.25,210.19,5.11,3.79,4.9,0.0
20231219:1111,1138.85,268.44,8.04,3.99,5.24,0.0
20231219:1211,494.3,127.06,9.11,4.42,5.52,0.0
20231219:1311,857.15,206.67,8.23,4.6,5.72,0.0
20231219:1411,300.45,83.77,5.47,4.54,5.79,0.0
20231219:1511,0.0,0.0,0.0,4.2,5.66,0.0
20231219:1611,0.0,0.0,0.0,3.89,5.17,0.0
20231219:1711,0.0,0.0,0.0,3.7,5.24,0.0
20231219:1811,0.0,0.0,0.0,3.76,5.24,0.0
20231219:1911,0.0,0.0,0.0,4.23,5.1,0.0
20231219:2011,0.0,0.0,0.0,3.99,4.9,0.0
20231219:2111,0.0,0.0,0.0,4.15,4.97,0.0
20231219:2211,0.0,0.0,0.0,4.17,5.24,0.0
20231219:2311,0.0,0.0,0.0,3.85,5.17,0.0
20231220:0011,0.0,0.0,0.0,3.2,5.17,0.0
20231220:0111,0.0,0.0,0.0,2.85,4.83,0.0
20231220:0211,0.0,0.0,0.0,2.63,4.69,0.0
20231220:0311,0.0,0.0,0.0,2.6,4.55,0.0
20231220:0411,0.0,0.0,0.0,2.52,4.28,0.0
20231220:0511,0.0,0.0,0.0,2.64,4.21,0.0
20231220:0611,0.0,0.0,0.0,2.69,4.0,0.0
20231220:0711,0.0,0.0,0.0,3.09,3.79,0.0
20231220:0811,0.0,0.0,0.0,3.28,3.52,0.0
20231220:0911,0.0,0.0,0.0,3.59,3.17,0.0
20231220:1011,0.0,4.64,5.07,4.44,3.52,0.0
20231220:1111,44.45,21.32,8.01,5.83,4.55,0.0
20231220:1211,41.1,20.4,9.09,6.9,5.17,0.0
20231220:1311,56.85,25.03,8.22,7.34,5.1,0.0
20231220:1411,50.35,23.18,5.48,7.49,4.9,0.0
20231220:1511,0.0,0.0,0.0,7.64,4.83,0.0
20231220:1611,0.0,0.0,0.0,7.65,4.76,0.0
20231220:1711,0.0,0.0,0.0,7.79,4.97,0.0
20231220:1811,0.0,0.0,0.0,7.89,5.17,0.0
20231220:1911,0.0,0.0,0.0,7.68,5.45,0.0
20231220:2011,0.0,0.0,0.0,7.79,5.72,0.0
20231220:2111,0.0,0.0,0.0,7.93,6.14,0.0
20231220:2211,0.0,0.0,0.0,8.1,6.83,0.0
20231220:2311,0.0,0.0,0.0,7.64,6.76,0.0
20231221:0011,0.0,0.0,0.0,7.42,6.69,0.0
20231221:0111,0.0,0.0,0.0,7.39,6.34,0.0
20231221:0211,0.0,0.0,0.0,7.67,6.55,0.0
20231221:0311,0.0,0.0,0.0,7.93,7.38,0.0
20231221:0411,0.0,0.0,0.0,7.95,8.21,0.0
20231221:0511,0.0,0.0,0.0,7.04,8.0,0.0
20231221:0611,0.0,0.0,0.0,6.59,7.59,0.0
20231221:0711,0.0,0.0,0.0,5.91,6.97,0.0
20231221:0811,0.0,0.0,0.0,5.16,7.03,0.0
20231221:0911,0.0,0.0,0.0,4.58,6.69,0.0
20231221:1011,158.8,50.7,5.03,4.27,6.55,0.0
20231221:1111,26.7,15.76,7.98,3.97,6.21,0.0
20231221:1211,32.65,17.62,9.08,3.7,6.41,0.0
20231221:1311,175.95,54.81,8.23,3.46,5.59,0.0
20231221:1411,51.55,23.18,5.5,3.36,5.72,0.0
20231221:1511,0.0,0.0,0.0,3.0,5.52,0.0
20231221:1611,0.0,0.0,0.0,2.39,5.24,0.0
20231221:1711,0.0,0.0,0.0,2.11,4.97,0.0
20231221:1811,0.0,0.0,0.0,2.19,4.69,0.0
20231221:1911,0.0,0.0,0.0,2.5,4.83,0.0
20231221:2011,0.0,0.0,0.0,2.34,4.62,0.0
20231221:2111,0.0,0.0,0.0,2.27,4.41,0.0
20231221:2211,0.0,0.0,0.0,2.28,4.07,0.0
20231221:2311,0.0,0.0,0.0,2.39,3.86,0.0
20231222:0011,0.0,0.0,0.0,2.08,3.45,0.0
20231222:0111,0.0,0.0,0.0,2.24,2.97,0.0
20231222:0211,0.0,0.0,0.0,2.48,3.1,0.0
20231222:0311,0.0,0.0,0.0,2.88,3.17,0.0
20231222:0411,0.0,0.0,0.0,3.13,3.38,0.0
20231222:0511,0.0,0.0,0.0,2.94,3.72,0.0
20231222:0611,0.0,0.0,0.0,2.66,3.79,0.0
20231222:0711,0.0,0.0,0.0,4.16,4.48,0.0
20231222:0811,0.0,0.0,0.0,4.01,4.14,0.0
20231222:0911,0.0,0.0,0.0,3.59,3.59,0.0
20231222:1011,0.05,5.56,5.0,3.25,3.79,0.0
20231222:1111,78.6,30.59,7.96,3.1,4.14,0.0
20231222:1211,147.1,47.83,9.08,2.85,4.55,0.0
20231222:1311,133.55,44.45,8.24,2.61,4.34,0.0
20231222:1411,124.5,42.06,5.52,2.48,4.34,0.0
20231222:1511,0.0,0.0,0.0,2.06,4.0,0.0
20231222:1611,0.0,0.0,0.0,1.7,3.66,0.0
20231222:1711,0.0,0.0,0.0,1.66,3.31,0.0
20231222:1811,0.0,0.0,0.0,1.6,2.97,0.0
20231222:1911,0.0,0.0,0.0,2.09,2.69,0.0
20231222:2011,0.0,0.0,0.0,1.72,2.0,0.0
20231222:2111,0.0,0.0,0.0,1.59,1.45,0.0
20231222:2211,0.0,0.0,0.0,1.23,0.9,0.0
20231222:2311,0.0,0.0,0.0,1.08,0.69,0.0
20231223:0011,0.0,0.0,0.0,1.05,0.48,0.0
20231223:0111,0.0,0.0,0.0,1.25,0.48,0.0
20231223:0211,0.0,0.0,0.0,1.35,0.55,0.0
20231223:0311,0.0,0.0,0.0,1.34,0.76,0.0
20231223:0411,0.0,0.0,0.0,1.31,0.97,0.0
20231223:0511,0.0,0.0,0.0,1.3,1.03,0.0
20231223:0611,0.0,0.0,0.0,1.32,1.1,0.0
20231223:0711,0.0,0.0,0.0,1.54,1.45,0.0
20231223:0811,0.0,0.0,0.0,1.74,1.24,0.0
20231223:0911,0.0,0.0,0.0,1.95,0.97,0.0
20231223:1011,18.45,12.98,4.97,2.29,0.55,0.0
20231223:1111,35.8,18.54,7.95,2.71,0.21,0.0
20231223:1211,41.85,20.4,9.08,3.39,0.69,0.0
20231223:1311,23.75,14.83,8.26,4.4,1.86,0.0
20231223:1411,5.8,8.34,5.56,6.08,3.31,0.0
20231223:1511,0.0,0.0,0.0,7.86,4.41,0.0
20231223:1611,0.0,0.0,0.0,8.4,4.55,0.0
20231223:1711,0.0,0.0,0.0,8.57,4.76,0.0
20231223:1811,0.0,0.0,0.0,8.64,4.55,0.0
20231223:1911,0.0,0.0,0.0,8.94,4.55,0.0
20231223:2011,0.0,0.0,0.0,9.05,4.83,0.0
20231223:2111,0.0,0.0,0.0,9.21,5.24,0.0
20231223:2211,0.0,0.0,0.0,9.56,5.59,0.0
20231223:2311,0.0,0.0,0.0,9.8,5.86,0.0
20231224:0011,0.0,0.0,0.0,9.69,6.07,0.0
20231224:0111,0.0,0.0,0.0,9.02,6.28,0.0
20231224:0211,0.0,0.0,0.0,8.11,6.48,0.0
20231224:0311,0.0,0.0,0.0,7.69,6.55,0.0
20231224:0411,0.0,0.0,0.0,7.76,6.55,0.0
20231224:0511,0.0,0.0,0.0,7.67,6.41,0.0
20231224:0611,0.0,0.0,0.0,7.28,6.55,0.0
20231224:0711,0.0,0.0,0.0,6.64,6.48,0.0
20231224:0811,0.0,0.0,0.0,5.98,6.21,0.0
20231224:0911,0.0,0.0,0.0,6.02,6.48,0.0
20231224:1011,0.0,4.64,4.95,6.21,6.69,0.0
20231224:1111,5.8,8.34,7.95,6.23,6.97,0.0
20231224:1211,101.8,37.08,9.09,6.44,7.24,0.0
20231224:1311,774.4,189.7,8.29,6.74,7.72,0.0
20231224:1411,267.5,76.82,5.6,6.76,8.21,0.0
20231224:1511,0.0,0.0,0.0,6.56,8.14,0.0
20231224:1611,0.0,0.0,0.0,6.26,7.93,0.0
20231224:1711,0.0,0.0,0.0,6.04,6.62,0.0
20231224:1811,0.0,0.0,0.0,4.83,6.0,0.0
20231224:1911,0.0,0.0,0.0,4.31,5.59,0.0
20231224:2011,0.0,0.0,0.0,3.81,5.59,0.0
20231224:2111,0.0,0.0,0.0,3.31,5.31,0.0
20231224:2211,0.0,0.0,0.0,2.83,4.9,0.0
20231224:2311,0.0,0.0,0.0,2.43,4.34,0.0
20231225:0011,0.0,0.0,0.0,2.08,3.93,0.0
20231225:0111,0.0,0.0,0.0,1.75,3.66,0.0
20231225:0211,0.0,0.0,0.0,1.36,3.45,0.0
20231225:0311,0.0,0.0,0.0,1.24,3.38,0.0
20231225:0411,0.0,0.0,0.0,1.22,3.17,0.0
20231225:0511,0.0,0.0,0.0,1.19,2.97,0.0
20231225:0611,0.0,0.0,0.0,0.89,2.55,0.0
20231225:0711,0.0,0.0,0.0,1.1,2.28,0.0
20231225:0811,0.0,0.0,0.0,1.27,2.0,0.0
20231225:0911,0.0,0.0,0.0,1.1,1.86,0.0
20231225:1011,30.1,16.69,4.94,1.17,1.45,0.0
20231225:1111,15.9,12.05,7.96,1.22,1.03,0.0
20231225:1211,10.7,10.2,9.11,1.93,1.03,0.0
20231225:1311,89.55,33.38,8.32,1.85,1.03,0.0
20231225:1411,24.15,14.83,5.65,1.48,1.24,0.0
20231225:1511,0.0,0.0,0.0,0.8,1.52,0.0
20231225:1611,0.0,0.0,0.0,0.5,1.72,0.0
20231225:1711,0.0,0.0,0.0,0.27,1.86,0.0
20231225:1811,0.0,0.0,0.0,0.15,1.86,0.0
20231225:1911,0.0,0.0,0.0,0.3,2.0,0.0
20231225:2011,0.0,0.0,0.0,0.25,1.79,0.0
20231225:2111,0.0,0.0,0.0,0.15,1.45,0.0
20231225:2211,0.0,0.0,0.0,-0.1,1.17,0.0
20231225:2311,0.0,0.0,0.0,-0.41,1.31,0.0
20231226:0011,0.0,0.0,0.0,-0.81,1.66,0.0
20231226:0111,0.0,0.0,0.0,-1.32,2.14,0.0
20231226:0211,0.0,0.0,0.0,-1.2,2.34,0.0
20231226:0311,0.0,0.0,0.0,-1.13,2.55,0.0
20231226:0411,0.0,0.0,0.0,-1.17,2.69,0.0
20231226:0511,0.0,0.0,0.0,-1.21,2.76,0.0
20231226:0611,0.0,0.0,0.0,-1.18,2.76,0.0
20231226:0711,0.0,0.0,0.0,-0.92,2.76,0.0
20231226:0811,0.0,0.0,0.0,-0.96,2.69,0.0
20231226:0911,0.0,0.0,0.0,-0.99,2.62,0.0
20231226:1011,1052.05,247.41,4.94,-0.68,2.48,0.0
20231226:1111,1000.9,235.93,7.97,0.0,2.21,0.0
20231226:1211,1120.05,263.41,9.14,0.87,1.93,0.0
20231226:1311,1399.6,327.43,8.36,1.27,1.79,0.0
20231226:1411,473.6,121.58,5.7,1.18,1.72,0.0
20231226:1511,0.0,0.0,0.0,0.45,1.86,0.0
20231226:1611,0.0,0.0,0.0,-0.58,1.86,0.0
20231226:1711,0.0,0.0,0.0,-1.79,1.59,0.0
20231226:1811,0.0,0.0,0.0,-3.12,1.59,0.0
20231226:1911,0.0,0.0,0.0,-2.9,1.31,0.0
20231226:2011,0.0,0.0,0.0,-2.75,1.03,0.0
20231226:2111,0.0,0.0,0.0,-3.03,1.1,0.0
20231226:2211,0.0,0.0,0.0,-3.08,1.24,0.0
20231226:2311,0.0,0.0,0.0,-2.38,1.24,0.0
20231227:0011,0.0,0.0,0.0,-1.68,1.66,0.0
20231227:0111,0.0,0.0,0.0,-0.64,2.07,0.0
20231227:0211,0.0,0.0,0.0,0.13,2.83,0.0
20231227:0311,0.0,0.0,0.0,0.67,3.45,0.0
20231227:0411,0.0,0.0,0.0,1.21,4.0,0.0
20231227:0511,0.0,0.0,0.0,1.6,4.62,0.0
20231227:0611,0.0,0.0,0.0,1.41,5.17,0.0
20231227:0711,0.0,0.0,0.0,1.72,5.59,0.0
20231227:0811,0.0,0.0,0.0,1.65,6.07,0.0
20231227:0911,0.0,0.0,0.0,1.6,6.55,0.0
20231227:1011,13.25,11.13,4.95,1.66,6.69,0.0
20231227:1111,24.15,14.83,7.99,1.79,6.9,0.0
20231227:1211,10.75,10.2,9.18,1.88,7.1,0.0
20231227:1311,18.55,12.98,8.42,1.86,6.41,0.0
20231227:1411,3.9,7.42,5.77,1.91,5.17,0.0
20231227:1511,0.0,0.0,0.0,2.23,2.55,0.0
20231227:1611,0.0,0.0,0.0,2.14,0.62,0.0
20231227:1711,0.0,0.0,0.0,2.07,2.0,0.0
20231227:1811,0.0,0.0,0.0,2.71,3.24,0.0
20231227:1911,0.0,0.0,0.0,3.66,4.0,0.0
20231227:2011,0.0,0.0,0.0,3.05,4.76,0.0
20231227:2111,0.0,0.0,0.0,3.33,5.17,0.0
20231227:2211,0.0,0.0,0.0,3.72,5.59,0.0
20231227:2311,0.0,0.0,0.0,3.96,5.59,0.0
20231228:0011,0.0,0.0,0.0,3.9,5.59,0.0
20231228:0111,0.0,0.0,0.0,3.74,5.52,0.0
20231228:0211,0.0,0.0,0.0,3.67,5.59,0.0
20231228:0311,0.0,0.0,0.0,3.9,5.72,0.0
20231228:0411,0.0,0.0,0.0,4.14,6.0,0.0
20231228:0511,0.0,0.0,0.0,4.12,6.0,0.0
20231228:0611,0.0,0.0,0.0,4.11,5.79,0.0
20231228:0711,0.0,0.0,0.0,4.25,5.17,0.0
20231228:0811,0.0,0.0,0.0,4.18,4.9,0.0
20231228:0911,0.0,0.0,0.0,3.97,4.83,0.0
20231228:1011,1.8,6.49,4.96,3.98,4.9,0.0
20231228:1111,507.15,129.72,8.02,3.99,4.83,0.0
20231228:1211,2088.0,486.35,9.22,4.38,4.97,0.0
20231228:1311,1959.75,458.13,8.47,4.9,4.69,0.0
20231228:1411,47.85,22.25,5.84,4.93,4.28,0.0
20231228:1511,0.0,0.87,1.51,4.56,4.14,0.0
20231228:1611,0.0,0.0,0.0,4.03,4.41,0.0
20231228:1711,0.0,0.0,0.0,3.94,4.07,0.0
20231228:1811,0.0,0.0,0.0,3.62,3.31,0.0
20231228:1911,0.0,0.0,0.0,2.73,2.83,0.0
20231228:2011,0.0,0.0,0.0,3.04,2.69,0.0
20231228:2111,0.0,0.0,0.0,3.33,2.55,0.0
20231228:2211,0.0,0.0,0.0,3.47,2.14,0.0
20231228:2311,0.0,0.0,0.0,3.51,1.59,0.0
20231229:0011,0.0,0.0,0.0,3.16,0.9,0.0
20231229:0111,0.0,0.0,0.0,3.12,1.31,0.0
20231229:0211,0.0,0.0,0.0,2.93,2.41,0.0
20231229:0311,0.0,0.0,0.0,2.52,2.34,0.0
20231229:0411,0.0,0.0,0.0,2.12,1.93,0.0
20231229:0511,0.0,0.0,0.0,1.76,1.79,0.0
20231229:0611,0.0,0.0,0.0,1.35,2.0,0.0
20231229:0711,0.0,0.0,0.0,1.51,1.93,0.0
20231229:0811,0.0,0.0,0.0,0.99,2.0,0.0
20231229:0911,0.0,0.0,0.0,0.59,2.07,0.0
20231229:1011,10.85,10.2,4.98,0.38,2.0,0.0
20231229:1111,1312.0,306.53,8.05,0.73,1.93,0.0
20231229:1211,1787.95,416.75,9.27,1.37,2.14,0.0
20231229:1311,976.9,232.45,8.54,1.79,2.14,0.0
20231229:1411,825.0,199.35,5.92,1.82,2.28,0.0
20231229:1511,0.0,0.87,1.6,1.5,2.28,0.0
20231229:1611,0.0,0.0,0.0,0.56,2.28,0.0
20231229:1711,0.0,0.0,0.0,0.28,2.28,0.0
20231229:1811,0.0,0.0,0.0,0.15,2.34,0.0
20231229:1911,0.0,0.0,0.0,-0.01,2.55,0.0
20231229:2011,0.0,0.0,0.0,0.43,2.55,0.0
20231229:2111,0.0,0.0,0.0,0.5,2.55,0.0
20231229:2211,0.0,0.0,0.0,0.58,2.62,0.0
20231229:2311,0.0,0.0,0.0,0.85,2.55,0.0
20231230:0011,0.0,0.0,0.0,0.94,2.55,0.0
20231230:0111,0.0,0.0,0.0,0.98,2.41,0.0
20231230:0211,0.0,0.0,0.0,0.81,2.21,0.0
20231230:0311,0.0,0.0,0.0,0.61,1.93,0.0
20231230:0411,0.0,0.0,0.0,0.21,1.79,0.0
20231230:0511,0.0,0.0,0.0,-0.52,1.45,0.0
20231230:0611,0.0,0.0,0.0,-1.31,1.45,0.0
20231230:0711,0.0,0.0,0.0,-1.74,1.24,0.0
20231230:0811,0.0,0.0,0.0,-1.58,0.9,0.0
20231230:0911,0.0,0.0,0.0,-1.26,1.45,0.0
20231230:1011,18.8,12.98,5.01,-0.28,1.59,0.0
20231230:1111,27.2,15.76,8.1,0.71,2.28,0.0
20231230:1211,42.3,20.4,9.33,1.68,3.52,0.0
20231230:1311,32.9,17.62,8.61,2.19,4.34,0.0
20231230:1411,8.3,9.27,6.0,1.96,4.9,0.0
20231230:1511,0.0,0.87,1.7,1.38,5.03,0.0
20231230:1611,0.0,0.0,0.0,1.1,4.97,0.0
20231230:1711,0.0,0.0,0.0,1.2,4.76,0.0
20231230:1811,0.0,0.0,0.0,1.53,4.07,0.0
20231230:1911,0.0,0.0,0.0,2.62,2.48,0.0
20231230:2011,0.0,0.0,0.0,2.6,1.93,0.0
20231230:2111,0.0,0.0,0.0,2.4,1.17,0.0
20231230:2211,0.0,0.0,0.0,2.25,0.9,0.0
20231230:2311,0.0,0.0,0.0,2.46,0.69,0.0
20231231:0011,0.0,0.0,0.0,2.68,0.55,0.0
20231231:0111,0.0,0.0,0.0,1.9,0.97,0.0
20231231:0211,0.0,0.0,0.0,1.66,1.24,0.0
20231231:0311,0.0,0.0,0.0,1.42,1.17,0.0
20231231:0411,0.0,0.0,0.0,1.65,1.03,0.0
20231231:0511,0.0,0.0,0.0,1.46,1.24,0.0
20231231:0611,0.0,0.0,0.0,1.53,1.24,0.0
20231231:0711,0.0,0.0,0.0,1.0,1.17,0.0
20231231:0811,0.0,0.0,0.0,0.82,1.1,0.0
20231231:0911,0.0,0.0,0.0,1.11,0.9,0.0
20231231:1011,1242.95,295.28,5.05,1.38,0.83,0.0
20231231:1111,68.6,27.81,8.15,1.95,0.9,0.0
20231231:1211,927.7,223.23,9.4,2.68,1.1,0.0
20231231:1311,158.7,50.79,8.69,2.99,1.31,0.0
20231231:1411,240.2,69.85,6.09,2.9,0.48,0.0
20231231:1511,0.0,0.87,1.8,2.34,0.48,0.0
20231231:1611,0.0,0.0,0.0,1.85,0.69,0.0
20231231:1711,0.0,0.0,0.0,1.1,0.97,0.0
20231231:1811,0.0,0.0,0.0,1.35,1.17,0.0
20231231:1911,0.0,0.0,0.0,1.32,1.1,0.0
20231231:2011,0.0,0.0,0.0,1.03,1.17,0.0
20231231:2111,0.0,0.0,0.0,0.89,1.24,0.0
20231231:2211,0.0,0.0,0.0,0.97,1.52,0.0
20231231:2311,0.0,0.0,0.0,1.15,1.93,0.0

P: PV system power (W)
G(i): Global irradiance on the inclined plane (plane of the array) (W/m2)
H_sun: Sun height (degree)
T2m: 2-m air temperature (degree Celsius)
WS10m: 10-m total wind speed (m/s)
Int: 1 means solar radiation values are reconstructed



PVGIS (c) European Union, 2001-2026