Latitude (decimal degrees):	53.483
Longitude (decimal degrees):	-2.242
Elevation (m):	55
Radiation database:	PVGIS-SARAH3


Slope: 35 deg. 
Azimuth: 0 deg. 
Nominal power of the PV system (c-Si) (kWp):	1.0
System losses (%):	14.0
time,P,G(i),H_sun,T2m,WS10m,Int
20230101:0011,0.0,0.0,0.0,8.6,4.62,0.0
20230101:0111,0.0,0.0,0.0,8.36,5.17,0.0
20230101:0211,0.0,0.0,0.0,7.91,6.34,0.0
20230101:0311,0.0,0.0,0.0,7.54,5.93,0.0
20230101:0411,0.0,0.0,0.0,7.39,5.66,0.0
20230101:0511,0.0,0.0,0.0,7.15,5.38,0.0
20230101:0611,0.0,0.0,0.0,6.96,5.1,0.0
20230101:0711,0.0,0.0,0.0,6.89,4.83,0.0
20230101:0811,0.0,0.0,0.0,6.9,5.17,0.0
20230101:0911,1.15,8.34,4.07,7.13,5.24,0.0
20230101:1011,84.82,113.27,9.13,7.6,5.31,0.0
20230101:1111,387.38,457.29,12.36,8.32,6.0,0.0
20230101:1211,261.94,312.14,13.51,8.82,6.62,0.0
20230101:1311,226.23,272.76,12.46,9.12,5.72,0.0
20230101:1411,37.14,58.49,9.31,9.1,5.66,0.0
20230101:1511,19.41,36.12,4.32,8.53,5.03,0.0
20230101:1611,0.0,0.0,0.0,8.0,4.48,0.0
20230101:1711,0.0,0.0,0.0,7.63,4.34,0.0
20230101:1811,0.0,0.0,0.0,7.54,4.14,0.0
20230101:1911,0.0,0.0,0.0,7.57,3.38,0.0
20230101:2011,0.0,0.0,0.0,7.4,3.17,0.0
20230101:2111,0.0,0.0,0.0,6.97,3.31,0.0
20230101:2211,0.0,0.0,0.0,6.76,3.38,0.0
20230101:2311,0.0,0.0,0.0,6.42,3.31,0.0
20230102:0011,0.0,0.0,0.0,6.21,3.03,0.0
20230102:0111,0.0,0.0,0.0,6.03,2.69,0.0
20230102:0211,0.0,0.0,0.0,5.83,2.55,0.0
20230102:0311,0.0,0.0,0.0,5.15,2.48,0.0
20230102:0411,0.0,0.0,0.0,4.3,2.55,0.0
20230102:0511,0.0,0.0,0.0,4.05,2.62,0.0
20230102:0611,0.0,0.0,0.0,3.82,2.55,0.0
20230102:0711,0.0,0.0,0.0,3.27,2.41,0.0
20230102:0811,0.0,0.0,0.0,2.96,2.34,0.0
20230102:0911,139.68,174.75,4.1,2.92,2.14,0.0
20230102:1011,366.31,434.62,9.18,3.71,1.86,0.0
20230102:1111,481.78,577.66,12.43,4.79,2.28,0.0
20230102:1211,438.97,519.86,13.59,5.51,3.45,0.0
20230102:1311,93.31,122.31,12.56,5.62,3.45,0.0
20230102:1411,119.12,151.08,9.42,5.71,3.17,0.0
20230102:1511,179.65,221.71,4.44,5.24,2.34,0.0
20230102:1611,0.0,0.0,0.0,4.28,2.07,0.0
20230102:1711,0.0,0.0,0.0,3.25,2.14,0.0
20230102:1811,0.0,0.0,0.0,2.18,2.28,0.0
20230102:1911,0.0,0.0,0.0,2.04,2.34,0.0
20230102:2011,0.0,0.0,0.0,1.71,2.41,0.0
20230102:2111,0.0,0.0,0.0,1.46,2.41,0.0
20230102:2211,0.0,0.0,0.0,1.25,2.48,0.0
20230102:2311,0.0,0.0,0.0,1.17,2.62,0.0
20230103:0011,0.0,0.0,0.0,1.14,2.9,0.0
20230103:0111,0.0,0.0,0.0,1.01,3.17,0.0
20230103:0211,0.0,0.0,0.0,1.18,3.45,0.0
20230103:0311,0.0,0.0,0.0,1.31,3.93,0.0
20230103:0411,0.0,0.0,0.0,2.04,4.62,0.0
20230103:0511,0.0,0.0,0.0,2.77,5.1,0.0
20230103:0611,0.0,0.0,0.0,3.62,5.66,0.0
20230103:0711,0.0,0.0,0.0,4.2,5.86,0.0
20230103:0811,0.0,0.0,0.0,5.27,6.21,0.0
20230103:0911,1.61,9.27,4.15,6.21,6.07,0.0
20230103:1011,38.32,59.45,9.24,7.05,5.66,0.0
20230103:1111,36.38,57.48,12.51,7.8,5.45,0.0
20230103:1211,15.27,30.59,13.69,8.63,5.52,0.0
20230103:1311,31.67,51.92,12.67,9.04,5.72,0.0
20230103:1411,13.89,28.74,9.54,9.09,5.93,0.0
20230103:1511,124.14,159.91,4.57,9.36,6.76,0.0
20230103:1611,0.0,0.0,0.0,9.72,6.97,0.0
20230103:1711,0.0,0.0,0.0,10.0,6.48,0.0
20230103:1811,0.0,0.0,0.0,10.09,6.0,0.0
20230103:1911,0.0,0.0,0.0,10.3,6.34,0.0
20230103:2011,0.0,0.0,0.0,10.67,6.07,0.0
20230103:2111,0.0,0.0,0.0,11.0,6.0,0.0
20230103:2211,0.0,0.0,0.0,11.3,6.41,0.0
20230103:2311,0.0,0.0,0.0,11.39,6.69,0.0
20230104:0011,0.0,0.0,0.0,11.48,6.55,0.0
20230104:0111,0.0,0.0,0.0,11.75,6.41,0.0
20230104:0211,0.0,0.0,0.0,11.67,6.48,0.0
20230104:0311,0.0,0.0,0.0,11.65,6.97,0.0
20230104:0411,0.0,0.0,0.0,11.59,7.1,0.0
20230104:0511,0.0,0.0,0.0,11.16,7.1,0.0
20230104:0611,0.0,0.0,0.0,10.93,7.1,0.0
20230104:0711,0.0,0.0,0.0,10.64,6.9,0.0
20230104:0811,0.0,0.0,0.0,10.3,6.41,0.0
20230104:0911,1.55,9.27,4.19,10.01,6.28,0.0
20230104:1011,27.12,46.25,9.3,10.04,6.62,0.0
20230104:1111,120.41,154.65,12.59,10.28,6.97,0.0
20230104:1211,269.66,323.29,13.79,10.8,7.17,0.0
20230104:1311,36.65,58.41,12.78,10.66,7.31,0.0
20230104:1411,144.59,181.91,9.67,10.57,7.1,0.0
20230104:1511,98.94,131.49,4.7,10.23,7.03,0.0
20230104:1611,0.0,0.0,0.0,10.03,6.48,0.0
20230104:1711,0.0,0.0,0.0,9.88,6.34,0.0
20230104:1811,0.0,0.0,0.0,9.55,6.48,0.0
20230104:1911,0.0,0.0,0.0,9.5,6.14,0.0
20230104:2011,0.0,0.0,0.0,9.64,6.14,0.0
20230104:2111,0.0,0.0,0.0,9.54,6.21,0.0
20230104:2211,0.0,0.0,0.0,9.32,6.14,0.0
20230104:2311,0.0,0.0,0.0,9.24,6.07,0.0
20230105:0011,0.0,0.0,0.0,9.14,5.93,0.0
20230105:0111,0.0,0.0,0.0,8.85,5.66,0.0
20230105:0211,0.0,0.0,0.0,8.69,5.38,0.0
20230105:0311,0.0,0.0,0.0,8.55,4.9,0.0
20230105:0411,0.0,0.0,0.0,8.47,4.21,0.0
20230105:0511,0.0,0.0,0.0,8.23,3.31,0.0
20230105:0611,0.0,0.0,0.0,7.85,2.69,0.0
20230105:0711,0.0,0.0,0.0,7.99,2.76,0.0
20230105:0811,0.0,0.0,0.0,8.1,2.9,0.0
20230105:0911,3.54,12.98,4.25,8.62,2.9,0.0
20230105:1011,38.48,60.25,9.38,9.29,3.52,0.0
20230105:1111,27.09,46.36,12.68,10.07,4.69,0.0
20230105:1211,83.74,113.85,13.89,10.69,5.17,0.0
20230105:1311,62.12,88.83,12.9,10.88,5.52,0.0
20230105:1411,24.09,42.65,9.8,11.07,5.45,0.0
20230105:1511,5.1,15.76,4.84,11.1,5.59,0.0
20230105:1611,0.0,0.0,0.0,10.64,6.0,0.0
20230105:1711,0.0,0.0,0.0,10.32,6.14,0.0
20230105:1811,0.0,0.0,0.0,10.36,6.34,0.0
20230105:1911,0.0,0.0,0.0,10.79,6.83,0.0
20230105:2011,0.0,0.0,0.0,10.94,6.97,0.0
20230105:2111,0.0,0.0,0.0,10.93,7.03,0.0
20230105:2211,0.0,0.0,0.0,10.3,6.9,0.0
20230105:2311,0.0,0.0,0.0,9.18,6.34,0.0
20230106:0011,0.0,0.0,0.0,8.02,4.69,0.0
20230106:0111,0.0,0.0,0.0,7.49,4.62,0.0
20230106:0211,0.0,0.0,0.0,6.78,4.83,0.0
20230106:0311,0.0,0.0,0.0,6.26,4.9,0.0
20230106:0411,0.0,0.0,0.0,6.09,5.03,0.0
20230106:0511,0.0,0.0,0.0,5.97,5.24,0.0
20230106:0611,0.0,0.0,0.0,5.69,4.97,0.0
20230106:0711,0.0,0.0,0.0,6.06,5.38,0.0
20230106:0811,0.0,0.0,0.0,5.87,5.1,0.0
20230106:0911,11.95,25.73,4.31,5.92,5.17,0.0
20230106:1011,134.08,167.76,9.46,6.7,5.52,0.0
20230106:1111,188.62,229.03,12.78,7.65,5.72,0.0
20230106:1211,435.73,518.07,14.01,8.59,5.1,0.0
20230106:1311,424.7,506.07,13.03,8.82,4.83,0.0
20230106:1411,56.9,81.98,9.94,9.21,5.59,0.0
20230106:1511,4.07,13.91,4.99,8.96,4.9,0.0
20230106:1611,0.0,0.0,0.0,8.4,4.34,0.0
20230106:1711,0.0,0.0,0.0,7.98,4.48,0.0
20230106:1811,0.0,0.0,0.0,7.9,4.48,0.0
20230106:1911,0.0,0.0,0.0,8.23,4.76,0.0
20230106:2011,0.0,0.0,0.0,8.79,5.52,0.0
20230106:2111,0.0,0.0,0.0,9.84,6.14,0.0
20230106:2211,0.0,0.0,0.0,10.64,6.55,0.0
20230106:2311,0.0,0.0,0.0,10.94,6.76,0.0
20230107:0011,0.0,0.0,0.0,10.94,6.48,0.0
20230107:0111,0.0,0.0,0.0,11.01,6.83,0.0
20230107:0211,0.0,0.0,0.0,10.86,7.45,0.0
20230107:0311,0.0,0.0,0.0,10.85,7.66,0.0
20230107:0411,0.0,0.0,0.0,10.83,8.14,0.0
20230107:0511,0.0,0.0,0.0,10.76,8.76,0.0
20230107:0611,0.0,0.0,0.0,10.53,8.69,0.0
20230107:0711,0.0,0.0,0.0,10.49,8.21,0.0
20230107:0811,0.0,0.0,0.0,10.24,8.14,0.0
20230107:0911,0.32,6.49,4.38,10.06,7.59,0.0
20230107:1011,17.21,33.38,9.54,9.9,6.83,0.0
20230107:1111,440.17,523.29,12.88,9.95,6.48,0.0
20230107:1211,502.27,601.08,14.13,9.88,5.93,0.0
20230107:1311,462.41,551.79,13.17,9.8,5.86,0.0
20230107:1411,119.5,153.4,10.08,9.71,5.79,0.0
20230107:1511,26.63,45.51,5.14,9.2,5.79,0.0
20230107:1611,0.0,0.0,0.0,7.94,6.48,0.0
20230107:1711,0.0,0.0,0.0,7.39,5.93,0.0
20230107:1811,0.0,0.0,0.0,6.82,5.66,0.0
20230107:1911,0.0,0.0,0.0,6.91,5.1,0.0
20230107:2011,0.0,0.0,0.0,6.08,5.38,0.0
20230107:2111,0.0,0.0,0.0,6.06,6.14,0.0
20230107:2211,0.0,0.0,0.0,6.49,6.41,0.0
20230107:2311,0.0,0.0,0.0,6.76,6.62,0.0
20230108:0011,0.0,0.0,0.0,6.89,6.48,0.0
20230108:0111,0.0,0.0,0.0,6.75,6.28,0.0
20230108:0211,0.0,0.0,0.0,6.65,6.0,0.0
20230108:0311,0.0,0.0,0.0,6.71,5.66,0.0
20230108:0411,0.0,0.0,0.0,6.62,5.24,0.0
20230108:0511,0.0,0.0,0.0,6.49,4.9,0.0
20230108:0611,0.0,0.0,0.0,6.26,4.76,0.0
20230108:0711,0.0,0.0,0.0,5.73,4.62,0.0
20230108:0811,0.0,0.0,0.0,5.69,4.76,0.0
20230108:0911,82.7,111.11,4.46,5.53,4.83,0.0
20230108:1011,32.08,51.72,9.64,5.96,4.97,0.0
20230108:1111,12.09,25.96,13.0,6.33,5.59,0.0
20230108:1211,6.42,17.62,14.26,6.49,6.28,0.0
20230108:1311,82.75,110.51,13.31,6.28,6.9,0.0
20230108:1411,96.16,125.17,10.24,6.08,6.21,0.0
20230108:1511,27.5,46.02,5.3,5.77,4.76,0.0
20230108:1611,0.0,0.0,0.0,5.35,4.0,0.0
20230108:1711,0.0,0.0,0.0,4.47,3.66,0.0
20230108:1811,0.0,0.0,0.0,3.93,3.79,0.0
20230108:1911,0.0,0.0,0.0,4.39,4.0,0.0
20230108:2011,0.0,0.0,0.0,4.06,4.07,0.0
20230108:2111,0.0,0.0,0.0,3.86,4.21,0.0
20230108:2211,0.0,0.0,0.0,3.69,3.93,0.0
20230108:2311,0.0,0.0,0.0,3.49,3.66,0.0
20230109:0011,0.0,0.0,0.0,3.72,3.45,0.0
20230109:0111,0.0,0.0,0.0,4.01,3.38,0.0
20230109:0211,0.0,0.0,0.0,4.42,3.72,0.0
20230109:0311,0.0,0.0,0.0,4.42,4.0,0.0
20230109:0411,0.0,0.0,0.0,4.72,4.21,0.0
20230109:0511,0.0,0.0,0.0,4.71,4.34,0.0
20230109:0611,0.0,0.0,0.0,4.74,4.69,0.0
20230109:0711,0.0,0.0,0.0,5.03,5.17,0.0
20230109:0811,0.0,0.0,0.0,5.04,5.52,0.0
20230109:0911,0.0,3.71,4.54,4.99,5.86,0.0
20230109:1011,336.23,393.42,9.74,5.46,5.86,0.0
20230109:1111,339.71,397.06,13.12,5.88,5.93,0.0
20230109:1211,16.17,31.52,14.4,6.11,6.0,0.0
20230109:1311,102.41,132.57,13.46,6.28,5.72,0.0
20230109:1411,171.89,209.03,10.4,6.37,6.55,0.0
20230109:1511,28.68,47.54,5.46,6.25,6.48,0.0
20230109:1611,0.0,0.0,0.0,6.05,6.69,0.0
20230109:1711,0.0,0.0,0.0,5.7,7.03,0.0
20230109:1811,0.0,0.0,0.0,5.8,7.17,0.0
20230109:1911,0.0,0.0,0.0,5.9,6.34,0.0
20230109:2011,0.0,0.0,0.0,5.97,6.07,0.0
20230109:2111,0.0,0.0,0.0,5.9,6.0,0.0
20230109:2211,0.0,0.0,0.0,5.59,5.31,0.0
20230109:2311,0.0,0.0,0.0,5.36,4.9,0.0
20230110:0011,0.0,0.0,0.0,5.22,4.0,0.0
20230110:0111,0.0,0.0,0.0,4.56,3.24,0.0
20230110:0211,0.0,0.0,0.0,4.05,3.03,0.0
20230110:0311,0.0,0.0,0.0,3.68,2.9,0.0
20230110:0411,0.0,0.0,0.0,3.71,3.24,0.0
20230110:0511,0.0,0.0,0.0,3.97,3.66,0.0
20230110:0611,0.0,0.0,0.0,4.35,4.48,0.0
20230110:0711,0.0,0.0,0.0,5.13,5.72,0.0
20230110:0811,0.0,0.0,0.0,5.42,7.03,0.0
20230110:0911,2.08,10.2,4.64,5.91,7.72,0.0
20230110:1011,8.24,20.4,9.85,6.55,7.52,0.0
20230110:1111,11.37,25.03,13.25,7.5,7.03,0.0
20230110:1211,19.41,36.16,14.54,8.7,6.21,0.0
20230110:1311,22.75,40.79,13.62,10.44,6.55,0.0
20230110:1411,16.38,32.45,10.56,11.58,7.1,0.0
20230110:1511,7.99,20.4,5.63,11.74,7.1,0.0
20230110:1611,0.0,0.0,0.0,11.78,7.24,0.0
20230110:1711,0.0,0.0,0.0,11.82,7.45,0.0
20230110:1811,0.0,0.0,0.0,11.8,7.79,0.0
20230110:1911,0.0,0.0,0.0,11.88,8.97,0.0
20230110:2011,0.0,0.0,0.0,10.55,8.48,0.0
20230110:2111,0.0,0.0,0.0,9.44,6.62,0.0
20230110:2211,0.0,0.0,0.0,8.8,6.34,0.0
20230110:2311,0.0,0.0,0.0,8.25,6.34,0.0
20230111:0011,0.0,0.0,0.0,7.66,5.79,0.0
20230111:0111,0.0,0.0,0.0,7.06,5.31,0.0
20230111:0211,0.0,0.0,0.0,6.82,5.38,0.0
20230111:0311,0.0,0.0,0.0,6.67,5.59,0.0
20230111:0411,0.0,0.0,0.0,6.31,5.52,0.0
20230111:0511,0.0,0.0,0.0,5.92,5.45,0.0
20230111:0611,0.0,0.0,0.0,5.89,5.59,0.0
20230111:0711,0.0,0.0,0.0,5.93,5.59,0.0
20230111:0811,0.0,0.0,0.0,5.79,5.59,0.0
20230111:0911,14.27,28.92,4.73,5.85,5.66,0.0
20230111:1011,15.44,30.59,9.96,6.65,6.07,0.0
20230111:1111,28.95,48.21,13.38,7.52,6.48,0.0
20230111:1211,51.77,75.83,14.69,7.8,6.69,0.0
20230111:1311,5.79,16.69,13.78,7.65,7.17,0.0
20230111:1411,48.01,70.99,10.74,7.22,6.83,0.0
20230111:1511,81.78,109.67,5.81,6.42,7.93,0.0
20230111:1611,0.0,0.0,0.0,5.96,6.97,0.0
20230111:1711,0.0,0.0,0.0,5.55,5.86,0.0
20230111:1811,0.0,0.0,0.0,5.42,5.59,0.0
20230111:1911,0.0,0.0,0.0,5.95,5.1,0.0
20230111:2011,0.0,0.0,0.0,6.27,5.1,0.0
20230111:2111,0.0,0.0,0.0,6.65,5.1,0.0
20230111:2211,0.0,0.0,0.0,7.07,4.83,0.0
20230111:2311,0.0,0.0,0.0,7.74,5.38,0.0
20230112:0011,0.0,0.0,0.0,8.5,6.55,0.0
20230112:0111,0.0,0.0,0.0,9.96,7.66,0.0
20230112:0211,0.0,0.0,0.0,10.81,9.52,0.0
20230112:0311,0.0,0.0,0.0,10.53,8.97,0.0
20230112:0411,0.0,0.0,0.0,10.03,7.1,0.0
20230112:0511,0.0,0.0,0.0,9.67,5.66,0.0
20230112:0611,0.0,0.0,0.0,9.66,4.97,0.0
20230112:0711,0.0,0.0,0.0,9.45,4.97,0.0
20230112:0811,0.0,0.0,0.0,9.38,4.62,0.0
20230112:0911,32.11,52.56,4.84,9.39,4.69,0.0
20230112:1011,60.66,86.63,10.09,9.96,5.52,0.0
20230112:1111,65.62,92.81,13.52,10.63,6.9,0.0
20230112:1211,35.13,56.55,14.85,10.76,7.17,0.0
20230112:1311,15.17,30.59,13.95,9.96,7.24,0.0
20230112:1411,252.66,301.79,10.91,9.05,7.45,0.0
20230112:1511,64.19,90.24,5.99,8.18,7.45,0.0
20230112:1611,0.0,0.0,0.0,7.37,7.1,0.0
20230112:1711,0.0,0.0,0.0,7.01,7.17,0.0
20230112:1811,0.0,0.0,0.0,6.76,7.31,0.0
20230112:1911,0.0,0.0,0.0,7.02,7.86,0.0
20230112:2011,0.0,0.0,0.0,6.93,7.93,0.0
20230112:2111,0.0,0.0,0.0,6.85,8.14,0.0
20230112:2211,0.0,0.0,0.0,6.75,8.76,0.0
20230112:2311,0.0,0.0,0.0,6.26,9.38,0.0
20230113:0011,0.0,0.0,0.0,6.22,9.59,0.0
20230113:0111,0.0,0.0,0.0,6.38,9.45,0.0
20230113:0211,0.0,0.0,0.0,6.38,9.31,0.0
20230113:0311,0.0,0.0,0.0,6.22,8.9,0.0
20230113:0411,0.0,0.0,0.0,6.38,9.1,0.0
20230113:0511,0.0,0.0,0.0,6.28,9.24,0.0
20230113:0611,0.0,0.0,0.0,6.49,9.45,0.0
20230113:0711,0.0,0.0,0.0,6.61,8.76,0.0
20230113:0811,0.0,0.0,0.0,6.31,8.0,0.0
20230113:0911,38.35,59.54,4.95,6.61,7.93,0.0
20230113:1011,24.65,42.65,10.22,6.81,8.14,0.0
20230113:1111,29.07,48.21,13.67,6.88,8.76,0.0
20230113:1211,23.18,40.79,15.02,6.98,8.28,0.0
20230113:1311,16.75,32.45,14.13,7.39,7.17,0.0
20230113:1411,39.96,61.54,11.1,7.18,7.59,0.0
20230113:1511,112.43,144.61,6.18,7.06,7.1,0.0
20230113:1611,0.0,0.0,0.0,6.77,6.55,0.0
20230113:1711,0.0,0.0,0.0,6.07,6.07,0.0
20230113:1811,0.0,0.0,0.0,5.62,5.31,0.0
20230113:1911,0.0,0.0,0.0,5.33,4.07,0.0
20230113:2011,0.0,0.0,0.0,4.89,3.66,0.0
20230113:2111,0.0,0.0,0.0,4.37,3.24,0.0
20230113:2211,0.0,0.0,0.0,4.0,3.24,0.0
20230113:2311,0.0,0.0,0.0,4.21,4.0,0.0
20230114:0011,0.0,0.0,0.0,5.07,5.03,0.0
20230114:0111,0.0,0.0,0.0,5.76,5.72,0.0
20230114:0211,0.0,0.0,0.0,6.52,6.34,0.0
20230114:0311,0.0,0.0,0.0,6.88,6.76,0.0
20230114:0411,0.0,0.0,0.0,7.02,6.97,0.0
20230114:0511,0.0,0.0,0.0,7.42,6.83,0.0
20230114:0611,0.0,0.0,0.0,8.03,6.34,0.0
20230114:0711,0.0,0.0,0.0,8.78,5.45,0.0
20230114:0811,0.0,0.0,0.0,9.02,4.9,0.0
20230114:0911,4.62,14.83,5.07,8.65,5.93,0.0
20230114:1011,63.28,88.88,10.36,7.58,5.45,0.0
20230114:1111,52.01,75.92,13.83,7.08,5.93,0.0
20230114:1211,48.31,71.39,15.19,6.22,6.48,0.0
20230114:1311,291.07,340.48,14.32,5.66,6.69,0.0
20230114:1411,107.75,137.66,11.29,5.5,7.31,0.0
20230114:1511,205.74,247.42,6.37,5.23,7.03,0.0
20230114:1611,0.0,0.0,0.0,4.69,7.03,0.0
20230114:1711,0.0,0.0,0.0,4.48,6.9,0.0
20230114:1811,0.0,0.0,0.0,4.18,7.1,0.0
20230114:1911,0.0,0.0,0.0,4.26,7.45,0.0
20230114:2011,0.0,0.0,0.0,4.31,7.38,0.0
20230114:2111,0.0,0.0,0.0,4.12,7.45,0.0
20230114:2211,0.0,0.0,0.0,3.88,7.45,0.0
20230114:2311,0.0,0.0,0.0,3.64,7.66,0.0
20230115:0011,0.0,0.0,0.0,3.27,7.52,0.0
20230115:0111,0.0,0.0,0.0,3.1,7.38,0.0
20230115:0211,0.0,0.0,0.0,3.11,7.45,0.0
20230115:0311,0.0,0.0,0.0,3.22,7.72,0.0
20230115:0411,0.0,0.0,0.0,3.77,8.14,0.0
20230115:0511,0.0,0.0,0.0,3.85,8.0,0.0
20230115:0611,0.0,0.0,0.0,3.8,7.86,0.0
20230115:0711,0.0,0.0,0.0,3.41,6.69,0.0
20230115:0811,0.0,0.0,0.0,3.23,6.21,0.0
20230115:0911,6.54,17.62,5.2,3.33,5.59,0.0
20230115:1011,34.44,54.16,10.5,3.74,4.9,0.0
20230115:1111,133.2,165.87,13.99,4.42,4.07,0.0
20230115:1211,37.61,58.41,15.37,5.06,3.93,0.0
20230115:1311,174.7,212.33,14.51,5.77,5.1,0.0
20230115:1411,12.12,25.96,11.49,5.81,4.48,0.0
20230115:1511,216.14,261.14,6.57,5.29,3.79,0.0
20230115:1611,0.0,0.0,0.0,4.62,2.69,0.0
20230115:1711,0.0,0.0,0.0,3.53,1.86,0.0
20230115:1811,0.0,0.0,0.0,2.72,1.79,0.0
20230115:1911,0.0,0.0,0.0,2.01,2.07,0.0
20230115:2011,0.0,0.0,0.0,2.03,1.93,0.0
20230115:2111,0.0,0.0,0.0,2.62,1.59,0.0
20230115:2211,0.0,0.0,0.0,2.92,1.24,0.0
20230115:2311,0.0,0.0,0.0,3.08,1.03,0.0
20230116:0011,0.0,0.0,0.0,3.08,0.83,0.0
20230116:0111,0.0,0.0,0.0,2.77,0.55,0.0
20230116:0211,0.0,0.0,0.0,2.7,0.41,0.0
20230116:0311,0.0,0.0,0.0,2.58,1.1,0.0
20230116:0411,0.0,0.0,0.0,2.12,1.45,0.0
20230116:0511,0.0,0.0,0.0,1.43,1.66,0.0
20230116:0611,0.0,0.0,0.0,1.09,1.59,0.0
20230116:0711,0.0,0.0,0.0,1.28,1.86,0.0
20230116:0811,0.0,0.0,0.0,0.99,2.21,0.0
20230116:0911,7.87,19.47,5.33,0.97,3.03,0.0
20230116:1011,13.09,26.89,10.65,1.42,4.0,0.0
20230116:1111,498.84,581.54,14.16,1.83,4.0,0.0
20230116:1211,579.24,681.12,15.55,1.81,4.14,0.0
20230116:1311,551.53,645.13,14.7,1.74,4.28,0.0
20230116:1411,431.59,500.82,11.69,1.55,3.86,0.0
20230116:1511,250.01,295.1,6.78,1.14,3.1,0.0
20230116:1611,0.0,0.0,0.0,0.19,2.48,0.0
20230116:1711,0.0,0.0,0.0,-0.75,2.07,0.0
20230116:1811,0.0,0.0,0.0,-1.52,1.86,0.0
20230116:1911,0.0,0.0,0.0,-2.36,1.93,0.0
20230116:2011,0.0,0.0,0.0,-2.9,1.79,0.0
20230116:2111,0.0,0.0,0.0,-3.15,1.79,0.0
20230116:2211,0.0,0.0,0.0,-3.24,1.79,0.0
20230116:2311,0.0,0.0,0.0,-3.56,1.93,0.0
20230117:0011,0.0,0.0,0.0,-3.62,1.93,0.0
20230117:0111,0.0,0.0,0.0,-3.59,1.86,0.0
20230117:0211,0.0,0.0,0.0,-3.55,1.72,0.0
20230117:0311,0.0,0.0,0.0,-3.46,1.59,0.0
20230117:0411,0.0,0.0,0.0,-3.26,1.45,0.0
20230117:0511,0.0,0.0,0.0,-3.17,1.38,0.0
20230117:0611,0.0,0.0,0.0,-3.31,1.38,0.0
20230117:0711,0.0,0.0,0.0,-3.9,1.72,0.0
20230117:0811,0.0,0.0,0.0,-3.77,1.72,0.0
20230117:0911,23.47,39.74,5.47,-3.07,1.79,0.0
20230117:1011,44.2,64.64,10.81,-1.13,1.79,0.0
20230117:1111,43.94,64.9,14.34,0.55,2.69,0.0
20230117:1211,63.59,87.73,15.75,1.66,3.66,0.0
20230117:1311,251.15,293.89,14.91,1.97,3.66,0.0
20230117:1411,109.13,137.9,11.9,1.92,3.59,0.0
20230117:1511,116.73,146.51,6.98,1.29,3.31,0.0
20230117:1611,0.0,0.0,0.0,0.13,3.1,0.0
20230117:1711,0.0,0.0,0.0,-0.88,3.03,0.0
20230117:1811,0.0,0.0,0.0,-1.12,3.03,0.0
20230117:1911,0.0,0.0,0.0,-0.63,3.1,0.0
20230117:2011,0.0,0.0,0.0,-0.13,3.17,0.0
20230117:2111,0.0,0.0,0.0,-0.02,3.38,0.0
20230117:2211,0.0,0.0,0.0,0.16,3.66,0.0
20230117:2311,0.0,0.0,0.0,0.0,3.72,0.0
20230118:0011,0.0,0.0,0.0,0.2,3.79,0.0
20230118:0111,0.0,0.0,0.0,0.2,3.52,0.0
20230118:0211,0.0,0.0,0.0,-0.15,3.45,0.0
20230118:0311,0.0,0.0,0.0,0.0,3.59,0.0
20230118:0411,0.0,0.0,0.0,0.23,3.52,0.0
20230118:0511,0.0,0.0,0.0,0.25,3.52,0.0
20230118:0611,0.0,0.0,0.0,0.86,3.66,0.0
20230118:0711,0.0,0.0,0.0,0.46,2.9,0.0
20230118:0811,0.0,0.0,0.0,0.09,2.69,0.0
20230118:0911,185.24,223.13,5.62,0.18,2.69,0.0
20230118:1011,100.81,128.34,10.98,1.04,3.31,0.0
20230118:1111,431.55,501.64,14.52,2.2,3.86,0.0
20230118:1211,354.02,411.32,15.94,2.97,4.21,0.0
20230118:1311,492.16,577.54,15.11,3.63,4.21,0.0
20230118:1411,120.15,150.91,12.11,3.79,4.41,0.0
20230118:1511,263.21,311.98,7.2,3.53,4.14,0.0
20230118:1611,0.0,0.0,0.0,2.8,3.72,0.0
20230118:1711,0.0,0.0,0.0,1.88,3.24,0.0
20230118:1811,0.0,0.0,0.0,1.2,2.9,0.0
20230118:1911,0.0,0.0,0.0,0.84,2.41,0.0
20230118:2011,0.0,0.0,0.0,0.13,2.41,0.0
20230118:2111,0.0,0.0,0.0,-0.42,2.41,0.0
20230118:2211,0.0,0.0,0.0,-0.82,2.41,0.0
20230118:2311,0.0,0.0,0.0,-1.18,2.48,0.0
20230119:0011,0.0,0.0,0.0,-1.39,2.55,0.0
20230119:0111,0.0,0.0,0.0,-1.38,2.69,0.0
20230119:0211,0.0,0.0,0.0,-1.24,2.62,0.0
20230119:0311,0.0,0.0,0.0,-1.3,2.48,0.0
20230119:0411,0.0,0.0,0.0,-1.25,2.28,0.0
20230119:0511,0.0,0.0,0.0,-1.49,2.28,0.0
20230119:0611,0.0,0.0,0.0,-0.95,2.21,0.0
20230119:0711,0.0,0.0,0.0,-1.18,2.14,0.0
20230119:0811,0.0,0.0,0.0,-1.14,2.07,0.0
20230119:0911,118.9,148.88,5.77,-0.73,1.93,0.0
20230119:1011,149.34,181.26,11.15,0.05,1.79,0.0
20230119:1111,380.09,444.15,14.71,1.37,2.14,0.0
20230119:1211,495.16,584.97,16.15,2.22,2.62,0.0
20230119:1311,529.12,626.46,15.33,2.92,3.24,0.0
20230119:1411,286.41,336.29,12.33,3.13,3.03,0.0
20230119:1511,158.81,194.17,7.42,2.88,3.38,0.0
20230119:1611,0.0,0.0,0.0,2.04,3.59,0.0
20230119:1711,0.0,0.0,0.0,1.53,3.66,0.0
20230119:1811,0.0,0.0,0.0,1.29,3.66,0.0
20230119:1911,0.0,0.0,0.0,1.82,4.41,0.0
20230119:2011,0.0,0.0,0.0,2.25,4.62,0.0
20230119:2111,0.0,0.0,0.0,2.59,4.69,0.0
20230119:2211,0.0,0.0,0.0,2.78,4.76,0.0
20230119:2311,0.0,0.0,0.0,2.99,4.69,0.0
20230120:0011,0.0,0.0,0.0,2.76,4.41,0.0
20230120:0111,0.0,0.0,0.0,2.56,4.14,0.0
20230120:0211,0.0,0.0,0.0,2.45,3.86,0.0
20230120:0311,0.0,0.0,0.0,2.17,3.59,0.0
20230120:0411,0.0,0.0,0.0,1.88,3.24,0.0
20230120:0511,0.0,0.0,0.0,1.45,2.83,0.0
20230120:0611,0.0,0.0,0.0,1.02,2.48,0.0
20230120:0711,0.0,0.0,0.0,0.83,2.48,0.0
20230120:0811,0.0,0.0,0.0,0.36,2.28,0.0
20230120:0911,227.36,270.84,5.93,-0.23,1.93,0.0
20230120:1011,428.8,506.01,11.33,0.82,1.52,0.0
20230120:1111,533.92,646.48,14.91,3.49,1.66,0.0
20230120:1211,573.86,700.54,16.36,4.49,2.0,0.0
20230120:1311,534.19,647.65,15.55,4.98,2.14,0.0
20230120:1411,422.27,505.16,12.55,5.14,2.07,0.0
20230120:1511,164.07,202.61,7.64,4.78,1.72,0.0
20230120:1611,0.0,0.0,0.0,3.64,1.86,0.0
20230120:1711,0.0,0.0,0.0,1.9,1.93,0.0
20230120:1811,0.0,0.0,0.0,0.24,2.0,0.0
20230120:1911,0.0,0.0,0.0,-0.86,1.93,0.0
20230120:2011,0.0,0.0,0.0,-1.81,1.93,0.0
20230120:2111,0.0,0.0,0.0,-2.3,1.86,0.0
20230120:2211,0.0,0.0,0.0,-2.66,1.93,0.0
20230120:2311,0.0,0.0,0.0,-2.8,2.0,0.0
20230121:0011,0.0,0.0,0.0,-2.94,1.93,0.0
20230121:0111,0.0,0.0,0.0,-3.15,2.0,0.0
20230121:0211,0.0,0.0,0.0,-3.0,2.07,0.0
20230121:0311,0.0,0.0,0.0,-2.78,2.28,0.0
20230121:0411,0.0,0.0,0.0,-2.12,2.21,0.0
20230121:0511,0.0,0.0,0.0,-1.62,1.86,0.0
20230121:0611,0.0,0.0,0.0,-1.55,1.93,0.0
20230121:0711,0.0,0.0,0.0,-1.92,2.21,0.0
20230121:0811,0.0,0.0,0.0,-2.38,2.21,0.0
20230121:0911,205.73,243.95,6.1,-2.12,2.21,0.0
20230121:1011,420.18,489.88,11.51,-0.35,2.07,0.0
20230121:1111,532.04,629.67,15.11,0.85,2.34,0.0
20230121:1211,558.18,660.36,16.58,1.77,3.17,0.0
20230121:1311,547.29,645.97,15.78,1.76,3.24,0.0
20230121:1411,435.77,508.59,12.78,1.73,3.17,0.0
20230121:1511,162.79,197.41,7.87,1.23,2.83,0.0
20230121:1611,0.0,0.0,0.0,0.06,2.83,0.0
20230121:1711,0.0,0.0,0.0,-1.18,2.97,0.0
20230121:1811,0.0,0.0,0.0,-1.6,3.03,0.0
20230121:1911,0.0,0.0,0.0,-1.24,3.03,0.0
20230121:2011,0.0,0.0,0.0,-1.42,3.03,0.0
20230121:2111,0.0,0.0,0.0,-1.28,3.17,0.0
20230121:2211,0.0,0.0,0.0,-1.22,3.38,0.0
20230121:2311,0.0,0.0,0.0,-1.28,3.45,0.0
20230122:0011,0.0,0.0,0.0,-1.38,3.45,0.0
20230122:0111,0.0,0.0,0.0,-1.49,3.24,0.0
20230122:0211,0.0,0.0,0.0,-1.54,3.24,0.0
20230122:0311,0.0,0.0,0.0,-1.45,3.31,0.0
20230122:0411,0.0,0.0,0.0,-1.04,3.24,0.0
20230122:0511,0.0,0.0,0.0,-0.96,3.17,0.0
20230122:0611,0.0,0.0,0.0,-0.6,3.24,0.0
20230122:0711,0.0,0.0,0.0,-0.43,3.17,0.0
20230122:0811,0.0,0.0,0.0,-0.32,2.97,0.0
20230122:0911,36.79,56.3,6.27,0.01,3.03,0.0
20230122:1011,79.96,105.32,11.7,0.61,3.03,0.0
20230122:1111,26.03,43.57,15.32,1.37,2.76,0.0
20230122:1211,31.25,50.06,16.8,1.88,2.97,0.0
20230122:1311,100.05,128.85,16.01,2.75,3.1,0.0
20230122:1411,73.97,99.81,13.02,3.25,2.83,0.0
20230122:1511,48.7,70.88,8.1,3.07,2.48,0.0
20230122:1611,0.0,0.0,0.0,2.66,2.41,0.0
20230122:1711,0.0,0.0,0.0,2.25,2.41,0.0
20230122:1811,0.0,0.0,0.0,2.09,2.41,0.0
20230122:1911,0.0,0.0,0.0,1.22,1.93,0.0
20230122:2011,0.0,0.0,0.0,1.27,1.93,0.0
20230122:2111,0.0,0.0,0.0,1.27,2.0,0.0
20230122:2211,0.0,0.0,0.0,1.01,1.93,0.0
20230122:2311,0.0,0.0,0.0,1.22,2.0,0.0
20230123:0011,0.0,0.0,0.0,0.89,2.0,0.0
20230123:0111,0.0,0.0,0.0,1.15,1.72,0.0
20230123:0211,0.0,0.0,0.0,0.61,1.93,0.0
20230123:0311,0.0,0.0,0.0,0.79,2.0,0.0
20230123:0411,0.0,0.0,0.0,1.08,2.07,0.0
20230123:0511,0.0,0.0,0.0,1.18,2.14,0.0
20230123:0611,0.0,0.0,0.0,0.94,2.14,0.0
20230123:0711,0.0,0.0,0.0,1.11,1.86,0.0
20230123:0811,0.0,0.0,0.0,1.54,1.86,0.0
20230123:0911,26.3,43.99,6.45,1.88,1.93,0.0
20230123:1011,41.13,62.09,11.9,2.77,1.86,0.0
20230123:1111,466.67,557.62,15.54,3.59,1.79,0.0
20230123:1211,99.33,129.34,17.03,4.46,1.86,0.0
20230123:1311,335.35,398.7,16.25,5.06,1.93,0.0
20230123:1411,261.39,312.65,13.26,5.47,1.93,0.0
20230123:1511,125.32,159.05,8.34,5.43,1.79,0.0
20230123:1611,0.0,1.85,1.87,4.83,1.59,0.0
20230123:1711,0.0,0.0,0.0,3.93,1.72,0.0
20230123:1811,0.0,0.0,0.0,3.36,1.66,0.0
20230123:1911,0.0,0.0,0.0,3.2,1.59,0.0
20230123:2011,0.0,0.0,0.0,2.86,1.52,0.0
20230123:2111,0.0,0.0,0.0,2.48,1.59,0.0
20230123:2211,0.0,0.0,0.0,2.32,1.66,0.0
20230123:2311,0.0,0.0,0.0,2.34,1.72,0.0
20230124:0011,0.0,0.0,0.0,2.23,1.59,0.0
20230124:0111,0.0,0.0,0.0,2.09,1.31,0.0
20230124:0211,0.0,0.0,0.0,2.1,1.17,0.0
20230124:0311,0.0,0.0,0.0,1.94,1.17,0.0
20230124:0411,0.0,0.0,0.0,2.24,1.03,0.0
20230124:0511,0.0,0.0,0.0,2.22,1.03,0.0
20230124:0611,0.0,0.0,0.0,2.48,1.1,0.0
20230124:0711,0.0,0.0,0.0,1.64,1.38,0.0
20230124:0811,0.0,0.0,0.0,1.93,1.17,0.0
20230124:0911,0.77,7.42,6.64,2.43,0.97,0.0
20230124:1011,4.21,13.91,12.11,3.44,0.9,0.0
20230124:1111,14.88,29.67,15.76,4.64,0.83,0.0
20230124:1211,16.16,31.52,17.27,5.72,0.9,0.0
20230124:1311,20.29,37.08,16.49,6.45,1.03,0.0
20230124:1411,19.55,36.16,13.51,6.77,1.03,0.0
20230124:1511,53.0,77.04,8.59,6.57,1.03,0.0
20230124:1611,0.0,0.93,2.11,6.25,1.1,0.0
20230124:1711,0.0,0.0,0.0,5.52,1.45,0.0
20230124:1811,0.0,0.0,0.0,5.02,1.45,0.0
20230124:1911,0.0,0.0,0.0,4.22,1.31,0.0
20230124:2011,0.0,0.0,0.0,3.98,1.45,0.0
20230124:2111,0.0,0.0,0.0,3.84,1.59,0.0
20230124:2211,0.0,0.0,0.0,4.0,1.66,0.0
20230124:2311,0.0,0.0,0.0,4.2,1.72,0.0
20230125:0011,0.0,0.0,0.0,4.33,1.86,0.0
20230125:0111,0.0,0.0,0.0,4.53,2.0,0.0
20230125:0211,0.0,0.0,0.0,4.58,1.93,0.0
20230125:0311,0.0,0.0,0.0,4.68,1.93,0.0
20230125:0411,0.0,0.0,0.0,4.81,2.0,0.0
20230125:0511,0.0,0.0,0.0,5.02,2.0,0.0
20230125:0611,0.0,0.0,0.0,5.25,2.21,0.0
20230125:0711,0.0,0.0,0.0,5.45,2.21,0.0
20230125:0811,0.0,0.0,0.0,5.7,2.28,0.0
20230125:0911,1.16,8.34,6.83,6.01,2.28,0.0
20230125:1011,9.48,22.25,12.32,6.64,2.62,0.0
20230125:1111,48.75,72.31,15.99,7.15,3.45,0.0
20230125:1211,13.34,27.81,17.51,7.47,4.07,0.0
20230125:1311,8.81,21.32,16.74,7.4,3.86,0.0
20230125:1411,12.01,25.96,13.76,7.52,4.41,0.0
20230125:1511,72.07,99.07,8.83,7.34,4.76,0.0
20230125:1611,0.0,4.64,2.35,6.8,4.97,0.0
20230125:1711,0.0,0.0,0.0,5.58,4.34,0.0
20230125:1811,0.0,0.0,0.0,4.61,4.14,0.0
20230125:1911,0.0,0.0,0.0,4.34,3.93,0.0
20230125:2011,0.0,0.0,0.0,3.77,3.31,0.0
20230125:2111,0.0,0.0,0.0,3.12,2.83,0.0
20230125:2211,0.0,0.0,0.0,2.56,2.62,0.0
20230125:2311,0.0,0.0,0.0,2.09,2.41,0.0
20230126:0011,0.0,0.0,0.0,1.59,2.34,0.0
20230126:0111,0.0,0.0,0.0,1.11,2.21,0.0
20230126:0211,0.0,0.0,0.0,0.34,2.14,0.0
20230126:0311,0.0,0.0,0.0,-0.39,2.21,0.0
20230126:0411,0.0,0.0,0.0,-1.01,2.07,0.0
20230126:0511,0.0,0.0,0.0,-1.36,2.21,0.0
20230126:0611,0.0,0.0,0.0,-1.42,2.28,0.0
20230126:0711,0.0,0.0,0.0,-1.0,2.28,0.0
20230126:0811,0.0,0.0,0.0,-0.69,2.28,0.0
20230126:0911,153.08,187.2,7.03,0.23,2.21,0.0
20230126:1011,351.5,413.97,12.54,2.72,2.07,0.0
20230126:1111,452.45,538.49,16.22,4.79,2.69,0.0
20230126:1211,220.02,264.35,17.76,6.07,3.86,0.0
20230126:1311,227.43,273.21,17.0,6.69,4.0,0.0
20230126:1411,24.59,42.65,14.01,6.9,3.38,0.0
20230126:1511,16.79,32.45,9.08,6.67,2.62,0.0
20230126:1611,0.0,1.85,2.59,5.38,2.14,0.0
20230126:1711,0.0,0.0,0.0,3.9,2.21,0.0
20230126:1811,0.0,0.0,0.0,2.97,2.0,0.0
20230126:1911,0.0,0.0,0.0,1.93,2.14,0.0
20230126:2011,0.0,0.0,0.0,1.23,2.28,0.0
20230126:2111,0.0,0.0,0.0,1.37,2.21,0.0
20230126:2211,0.0,0.0,0.0,0.95,2.21,0.0
20230126:2311,0.0,0.0,0.0,0.55,2.21,0.0
20230127:0011,0.0,0.0,0.0,1.0,2.14,0.0
20230127:0111,0.0,0.0,0.0,1.65,2.07,0.0
20230127:0211,0.0,0.0,0.0,2.02,2.07,0.0
20230127:0311,0.0,0.0,0.0,2.39,2.0,0.0
20230127:0411,0.0,0.0,0.0,2.42,2.0,0.0
20230127:0511,0.0,0.0,0.0,1.92,2.0,0.0
20230127:0611,0.0,0.0,0.0,1.17,2.0,0.0
20230127:0711,0.0,0.0,0.0,1.88,1.59,0.0
20230127:0811,0.0,0.0,0.0,2.11,1.59,0.0
20230127:0911,40.37,61.17,7.23,2.52,1.38,0.0
20230127:1011,47.02,69.32,12.76,3.61,1.38,0.0
20230127:1111,139.97,175.07,16.46,4.99,1.72,0.0
20230127:1211,267.59,321.16,18.01,5.8,1.66,0.0
20230127:1311,120.49,154.27,17.26,6.09,1.31,0.0
20230127:1411,20.32,37.08,14.27,6.24,1.24,0.0
20230127:1511,9.5,22.25,9.34,6.09,1.45,0.0
20230127:1611,0.0,5.56,2.84,5.12,1.79,0.0
20230127:1711,0.0,0.0,0.0,3.57,2.14,0.0
20230127:1811,0.0,0.0,0.0,2.74,1.86,0.0
20230127:1911,0.0,0.0,0.0,1.86,1.24,0.0
20230127:2011,0.0,0.0,0.0,1.14,1.17,0.0
20230127:2111,0.0,0.0,0.0,1.05,1.1,0.0
20230127:2211,0.0,0.0,0.0,1.05,1.1,0.0
20230127:2311,0.0,0.0,0.0,0.25,1.38,0.0
20230128:0011,0.0,0.0,0.0,-0.35,1.72,0.0
20230128:0111,0.0,0.0,0.0,-0.02,1.93,0.0
20230128:0211,0.0,0.0,0.0,0.13,2.0,0.0
20230128:0311,0.0,0.0,0.0,0.14,1.93,0.0
20230128:0411,0.0,0.0,0.0,0.38,1.93,0.0
20230128:0511,0.0,0.0,0.0,0.08,2.0,0.0
20230128:0611,0.0,0.0,0.0,0.23,1.86,0.0
20230128:0711,0.0,0.0,0.0,1.06,2.0,0.0
20230128:0811,0.0,0.0,0.0,1.74,1.52,0.0
20230128:0911,20.74,36.99,7.45,1.75,1.45,0.0
20230128:1011,126.15,158.67,12.99,3.86,1.59,0.0
20230128:1111,39.86,61.19,16.71,5.02,2.07,0.0
20230128:1211,37.5,58.41,18.27,5.38,2.28,0.0
20230128:1311,16.19,31.52,17.52,5.61,2.14,0.0
20230128:1411,14.8,29.67,14.54,5.71,2.07,0.0
20230128:1511,9.53,22.25,9.6,5.68,2.21,0.0
20230128:1611,0.0,2.78,3.09,5.42,1.93,0.0
20230128:1711,0.0,0.0,0.0,5.28,1.93,0.0
20230128:1811,0.0,0.0,0.0,5.24,1.93,0.0
20230128:1911,0.0,0.0,0.0,5.26,2.0,0.0
20230128:2011,0.0,0.0,0.0,5.29,1.93,0.0
20230128:2111,0.0,0.0,0.0,5.22,1.93,0.0
20230128:2211,0.0,0.0,0.0,5.19,2.14,0.0
20230128:2311,0.0,0.0,0.0,5.19,2.28,0.0
20230129:0011,0.0,0.0,0.0,5.22,2.34,0.0
20230129:0111,0.0,0.0,0.0,5.23,2.55,0.0
20230129:0211,0.0,0.0,0.0,5.27,2.9,0.0
20230129:0311,0.0,0.0,0.0,5.32,3.38,0.0
20230129:0411,0.0,0.0,0.0,5.17,3.72,0.0
20230129:0511,0.0,0.0,0.0,4.97,3.59,0.0
20230129:0611,0.0,0.0,0.0,4.6,3.45,0.0
20230129:0711,0.0,0.0,0.0,4.58,3.66,0.0
20230129:0811,0.0,0.0,0.0,4.0,3.72,0.0
20230129:0911,15.66,30.59,7.66,3.83,3.66,0.0
20230129:1011,22.74,39.87,13.22,4.16,3.93,0.0
20230129:1111,22.65,39.87,16.96,5.06,4.55,0.0
20230129:1211,31.44,50.99,18.54,5.74,5.24,0.0
20230129:1311,30.62,50.06,17.79,6.17,5.17,0.0
20230129:1411,32.81,52.85,14.81,6.63,5.31,0.0
20230129:1511,14.75,29.67,9.86,6.68,5.38,0.0
20230129:1611,0.0,5.56,3.35,6.62,5.17,0.0
20230129:1711,0.0,0.0,0.0,6.47,5.38,0.0
20230129:1811,0.0,0.0,0.0,6.49,5.79,0.0
20230129:1911,0.0,0.0,0.0,6.8,5.79,0.0
20230129:2011,0.0,0.0,0.0,7.27,6.34,0.0
20230129:2111,0.0,0.0,0.0,7.85,6.97,0.0
20230129:2211,0.0,0.0,0.0,8.16,7.31,0.0
20230129:2311,0.0,0.0,0.0,7.5,7.31,0.0
20230130:0011,0.0,0.0,0.0,6.44,7.24,0.0
20230130:0111,0.0,0.0,0.0,6.21,7.24,0.0
20230130:0211,0.0,0.0,0.0,5.93,7.38,0.0
20230130:0311,0.0,0.0,0.0,5.7,7.31,0.0
20230130:0411,0.0,0.0,0.0,5.48,7.17,0.0
20230130:0511,0.0,0.0,0.0,5.58,7.03,0.0
20230130:0611,0.0,0.0,0.0,5.65,6.69,0.0
20230130:0711,0.0,0.0,0.0,5.75,6.55,0.0
20230130:0811,0.0,0.0,0.0,5.9,6.28,0.0
20230130:0911,269.38,322.55,7.89,6.01,5.66,0.0
20230130:1011,424.94,502.73,13.47,6.55,4.69,0.0
20230130:1111,441.8,518.95,17.22,7.22,6.48,0.0
20230130:1211,434.78,511.15,18.81,7.53,6.62,0.0
20230130:1311,471.28,556.07,18.07,7.64,6.28,0.0
20230130:1411,234.47,280.84,15.08,7.58,5.72,0.0
20230130:1511,11.37,25.03,10.13,7.4,5.45,0.0
20230130:1611,0.0,4.64,3.61,6.82,4.34,0.0
20230130:1711,0.0,0.0,0.0,5.97,3.79,0.0
20230130:1811,0.0,0.0,0.0,5.02,3.38,0.0
20230130:1911,0.0,0.0,0.0,4.95,3.24,0.0
20230130:2011,0.0,0.0,0.0,4.94,3.24,0.0
20230130:2111,0.0,0.0,0.0,4.51,3.17,0.0
20230130:2211,0.0,0.0,0.0,4.65,3.31,0.0
20230130:2311,0.0,0.0,0.0,5.23,3.72,0.0
20230131:0011,0.0,0.0,0.0,5.75,4.21,0.0
20230131:0111,0.0,0.0,0.0,6.07,4.97,0.0
20230131:0211,0.0,0.0,0.0,6.05,5.24,0.0
20230131:0311,0.0,0.0,0.0,6.17,5.24,0.0
20230131:0411,0.0,0.0,0.0,6.43,5.24,0.0
20230131:0511,0.0,0.0,0.0,7.05,5.72,0.0
20230131:0611,0.0,0.0,0.0,7.45,5.72,0.0
20230131:0711,0.0,0.0,0.0,8.13,6.07,0.0
20230131:0811,0.0,0.0,0.0,8.0,6.62,0.0
20230131:0911,273.75,328.8,8.12,7.57,6.76,0.0
20230131:1011,106.27,137.45,13.71,7.28,7.03,0.0
20230131:1111,352.12,412.93,17.48,7.4,7.24,0.0
20230131:1211,24.57,42.65,19.08,7.37,7.17,0.0
20230131:1311,338.12,396.31,18.35,7.42,7.79,0.0
20230131:1411,363.36,425.02,15.36,7.19,7.66,0.0
20230131:1511,16.81,32.45,10.4,6.74,6.97,0.0
20230131:1611,0.0,5.56,3.87,6.11,6.55,0.0
20230131:1711,0.0,0.0,0.0,5.47,6.14,0.0
20230131:1811,0.0,0.0,0.0,5.12,5.79,0.0
20230131:1911,0.0,0.0,0.0,5.53,6.14,0.0
20230131:2011,0.0,0.0,0.0,5.51,6.21,0.0
20230131:2111,0.0,0.0,0.0,5.73,6.97,0.0
20230131:2211,0.0,0.0,0.0,5.73,7.31,0.0
20230131:2311,0.0,0.0,0.0,5.63,7.31,0.0
20230201:0011,0.0,0.0,0.0,5.42,7.03,0.0
20230201:0111,0.0,0.0,0.0,5.41,6.97,0.0
20230201:0211,0.0,0.0,0.0,5.39,6.69,0.0
20230201:0311,0.0,0.0,0.0,5.43,6.55,0.0
20230201:0411,0.0,0.0,0.0,5.21,6.55,0.0
20230201:0511,0.0,0.0,0.0,5.42,6.9,0.0
20230201:0611,0.0,0.0,0.0,5.63,7.38,0.0
20230201:0711,0.0,0.0,0.0,5.98,7.38,0.0
20230201:0811,0.0,0.0,0.0,6.26,7.72,0.0
20230201:0911,19.62,36.16,8.35,6.72,7.86,0.0
20230201:1011,5.81,16.69,13.97,7.15,7.86,0.0
20230201:1111,20.22,37.08,17.75,7.75,7.31,0.0
20230201:1211,49.52,73.24,19.36,7.94,8.55,0.0
20230201:1311,52.7,76.95,18.63,7.83,9.1,0.0
20230201:1411,20.2,37.08,15.64,7.95,7.79,0.0
20230201:1511,4.1,13.91,10.67,7.77,7.31,0.0
20230201:1611,1.59,9.27,4.13,7.59,6.34,0.0
20230201:1711,0.0,0.0,0.0,7.49,6.0,0.0
20230201:1811,0.0,0.0,0.0,7.38,5.66,0.0
20230201:1911,0.0,0.0,0.0,7.77,5.72,0.0
20230201:2011,0.0,0.0,0.0,7.62,5.79,0.0
20230201:2111,0.0,0.0,0.0,7.7,6.0,0.0
20230201:2211,0.0,0.0,0.0,7.56,5.59,0.0
20230201:2311,0.0,0.0,0.0,7.5,5.38,0.0
20230202:0011,0.0,0.0,0.0,7.44,5.31,0.0
20230202:0111,0.0,0.0,0.0,7.24,5.1,0.0
20230202:0211,0.0,0.0,0.0,6.99,4.69,0.0
20230202:0311,0.0,0.0,0.0,6.86,4.55,0.0
20230202:0411,0.0,0.0,0.0,6.86,4.69,0.0
20230202:0511,0.0,0.0,0.0,7.11,4.9,0.0
20230202:0611,0.0,0.0,0.0,7.45,5.03,0.0
20230202:0711,0.0,0.0,0.0,8.08,5.17,0.0
20230202:0811,0.0,0.0,0.0,8.22,5.24,0.0
20230202:0911,102.99,135.21,8.59,8.37,5.38,0.0
20230202:1011,189.14,231.24,14.23,8.59,5.59,0.0
20230202:1111,155.72,194.32,18.03,8.87,5.59,0.0
20230202:1211,90.68,121.72,19.65,9.27,5.24,0.0
20230202:1311,76.85,105.87,18.92,9.71,6.21,0.0
20230202:1411,81.48,111.11,15.93,9.82,5.66,0.0
20230202:1511,8.7,21.32,10.95,9.69,5.52,0.0
20230202:1611,0.0,5.56,4.4,9.17,5.45,0.0
20230202:1711,0.0,0.0,0.0,8.72,5.52,0.0
20230202:1811,0.0,0.0,0.0,8.23,5.24,0.0
20230202:1911,0.0,0.0,0.0,8.72,5.72,0.0
20230202:2011,0.0,0.0,0.0,8.69,5.66,0.0
20230202:2111,0.0,0.0,0.0,8.42,5.72,0.0
20230202:2211,0.0,0.0,0.0,8.53,6.14,0.0
20230202:2311,0.0,0.0,0.0,8.73,6.34,0.0
20230203:0011,0.0,0.0,0.0,8.88,6.34,0.0
20230203:0111,0.0,0.0,0.0,8.94,6.21,0.0
20230203:0211,0.0,0.0,0.0,9.06,6.07,0.0
20230203:0311,0.0,0.0,0.0,9.14,6.0,0.0
20230203:0411,0.0,0.0,0.0,9.3,5.93,0.0
20230203:0511,0.0,0.0,0.0,9.43,5.79,0.0
20230203:0611,0.0,0.0,0.0,9.52,5.66,0.0
20230203:0711,0.0,0.0,0.0,9.52,5.59,0.0
20230203:0811,0.0,0.93,1.78,9.46,5.59,0.0
20230203:0911,16.55,32.45,8.84,9.62,5.52,0.0
20230203:1011,17.21,33.38,14.49,9.88,5.45,0.0
20230203:1111,44.27,67.68,18.31,10.25,5.86,0.0
20230203:1211,73.13,101.98,19.94,10.26,4.76,0.0
20230203:1311,24.91,43.57,19.22,10.16,4.41,0.0
20230203:1411,33.69,54.7,16.22,10.21,4.9,0.0
20230203:1511,16.5,32.45,11.23,10.08,4.34,0.0
20230203:1611,0.32,6.49,4.67,9.65,3.86,0.0
20230203:1711,0.0,0.0,0.0,9.21,3.52,0.0
20230203:1811,0.0,0.0,0.0,8.82,3.31,0.0
20230203:1911,0.0,0.0,0.0,8.6,3.24,0.0
20230203:2011,0.0,0.0,0.0,7.96,2.9,0.0
20230203:2111,0.0,0.0,0.0,7.58,2.55,0.0
20230203:2211,0.0,0.0,0.0,7.24,2.28,0.0
20230203:2311,0.0,0.0,0.0,7.11,2.07,0.0
20230204:0011,0.0,0.0,0.0,7.32,1.93,0.0
20230204:0111,0.0,0.0,0.0,7.62,2.0,0.0
20230204:0211,0.0,0.0,0.0,7.57,2.07,0.0
20230204:0311,0.0,0.0,0.0,7.85,2.21,0.0
20230204:0411,0.0,0.0,0.0,7.97,2.28,0.0
20230204:0511,0.0,0.0,0.0,8.05,2.48,0.0
20230204:0611,0.0,0.0,0.0,7.99,2.69,0.0
20230204:0711,0.0,0.0,0.0,7.77,2.9,0.0
20230204:0811,0.0,0.93,2.01,7.49,3.03,0.0
20230204:0911,20.94,38.01,9.09,7.28,2.76,0.0
20230204:1011,12.65,26.89,14.76,7.7,2.76,0.0
20230204:1111,33.97,54.7,18.59,8.4,3.66,0.0
20230204:1211,37.61,59.33,20.24,9.19,4.28,0.0
20230204:1311,67.72,95.49,19.52,9.64,4.55,0.0
20230204:1411,60.77,87.33,16.51,9.7,3.31,0.0
20230204:1511,12.52,26.89,11.51,9.53,3.17,0.0
20230204:1611,3.53,12.98,4.94,9.23,3.17,0.0
20230204:1711,0.0,0.0,0.0,8.46,3.03,0.0
20230204:1811,0.0,0.0,0.0,8.11,3.17,0.0
20230204:1911,0.0,0.0,0.0,8.87,4.28,0.0
20230204:2011,0.0,0.0,0.0,8.7,5.59,0.0
20230204:2111,0.0,0.0,0.0,7.37,4.97,0.0
20230204:2211,0.0,0.0,0.0,6.12,4.07,0.0
20230204:2311,0.0,0.0,0.0,4.92,3.45,0.0
20230205:0011,0.0,0.0,0.0,3.94,3.03,0.0
20230205:0111,0.0,0.0,0.0,2.87,3.03,0.0
20230205:0211,0.0,0.0,0.0,2.36,2.9,0.0
20230205:0311,0.0,0.0,0.0,2.02,2.9,0.0
20230205:0411,0.0,0.0,0.0,1.85,2.9,0.0
20230205:0511,0.0,0.0,0.0,1.46,2.21,0.0
20230205:0611,0.0,0.0,0.0,0.65,2.0,0.0
20230205:0711,0.0,0.0,0.0,-0.15,2.07,0.0
20230205:0811,0.0,3.71,2.26,-1.08,1.72,0.0
20230205:0911,277.32,327.56,9.35,-0.45,1.38,0.0
20230205:1011,360.28,428.54,15.03,2.87,1.03,0.0
20230205:1111,422.72,510.28,18.88,4.92,1.1,0.0
20230205:1211,423.62,512.03,20.54,6.01,1.52,0.0
20230205:1311,392.84,472.8,19.82,6.61,1.93,0.0
20230205:1411,470.25,571.29,16.81,6.85,2.0,0.0
20230205:1511,173.56,214.39,11.8,6.54,2.0,0.0
20230205:1611,4.15,13.91,5.21,5.75,1.66,0.0
20230205:1711,0.0,0.0,0.0,4.61,1.59,0.0
20230205:1811,0.0,0.0,0.0,3.03,1.1,0.0
20230205:1911,0.0,0.0,0.0,1.05,1.52,0.0
20230205:2011,0.0,0.0,0.0,0.49,1.66,0.0
20230205:2111,0.0,0.0,0.0,-0.17,1.86,0.0
20230205:2211,0.0,0.0,0.0,-1.12,2.0,0.0
20230205:2311,0.0,0.0,0.0,-1.85,2.0,0.0
20230206:0011,0.0,0.0,0.0,-2.34,2.07,0.0
20230206:0111,0.0,0.0,0.0,-2.71,2.07,0.0
20230206:0211,0.0,0.0,0.0,-2.94,2.0,0.0
20230206:0311,0.0,0.0,0.0,-3.13,2.07,0.0
20230206:0411,0.0,0.0,0.0,-3.18,2.14,0.0
20230206:0511,0.0,0.0,0.0,-3.05,2.34,0.0
20230206:0611,0.0,0.0,0.0,-2.87,2.34,0.0
20230206:0711,0.0,0.0,0.0,-2.78,2.07,0.0
20230206:0811,0.04,5.56,2.5,-3.03,1.86,0.0
20230206:0911,307.69,360.39,9.61,-1.89,1.45,0.0
20230206:1011,479.62,571.93,15.31,1.33,1.38,0.0
20230206:1111,568.43,694.45,19.18,3.22,1.45,0.0
20230206:1211,579.14,713.58,20.84,4.69,1.59,0.0
20230206:1311,594.85,737.65,20.13,5.46,1.66,0.0
20230206:1411,525.66,643.08,17.11,5.95,1.79,0.0
20230206:1511,280.12,337.4,12.09,5.92,1.72,0.0
20230206:1611,155.51,199.61,5.49,5.3,1.38,0.0
20230206:1711,0.0,0.0,0.0,3.71,1.93,0.0
20230206:1811,0.0,0.0,0.0,2.02,2.07,0.0
20230206:1911,0.0,0.0,0.0,1.22,1.86,0.0
20230206:2011,0.0,0.0,0.0,0.03,1.93,0.0
20230206:2111,0.0,0.0,0.0,-0.56,1.93,0.0
20230206:2211,0.0,0.0,0.0,-0.95,2.0,0.0
20230206:2311,0.0,0.0,0.0,-1.25,2.0,0.0
20230207:0011,0.0,0.0,0.0,-1.59,2.14,0.0
20230207:0111,0.0,0.0,0.0,-1.58,2.07,0.0
20230207:0211,0.0,0.0,0.0,-1.69,1.93,0.0
20230207:0311,0.0,0.0,0.0,-1.62,1.79,0.0
20230207:0411,0.0,0.0,0.0,-1.73,1.72,0.0
20230207:0511,0.0,0.0,0.0,-1.69,1.66,0.0
20230207:0611,0.0,0.0,0.0,-1.39,1.52,0.0
20230207:0711,0.0,0.0,0.0,-2.17,1.86,0.0
20230207:0811,1.71,9.27,2.75,-1.59,1.52,0.0
20230207:0911,105.17,133.84,9.88,-0.1,1.1,0.0
20230207:1011,64.34,89.41,15.6,3.31,1.1,0.0
20230207:1111,88.99,118.67,19.48,5.52,1.1,0.0
20230207:1211,134.91,171.49,21.15,6.67,1.31,0.0
20230207:1311,129.17,165.27,20.44,7.47,1.66,0.0
20230207:1411,388.81,470.26,17.41,7.86,2.0,0.0
20230207:1511,83.16,112.5,12.38,7.77,1.79,0.0
20230207:1611,51.85,77.26,5.77,7.31,1.1,0.0
20230207:1711,0.0,0.0,0.0,5.76,1.03,0.0
20230207:1811,0.0,0.0,0.0,5.58,0.76,0.0
20230207:1911,0.0,0.0,0.0,5.33,0.9,0.0
20230207:2011,0.0,0.0,0.0,2.75,1.45,0.0
20230207:2111,0.0,0.0,0.0,0.87,1.79,0.0
20230207:2211,0.0,0.0,0.0,0.03,1.86,0.0
20230207:2311,0.0,0.0,0.0,-0.62,2.0,0.0
20230208:0011,0.0,0.0,0.0,-1.06,1.93,0.0
20230208:0111,0.0,0.0,0.0,-1.02,1.66,0.0
20230208:0211,0.0,0.0,0.0,-1.22,1.59,0.0
20230208:0311,0.0,0.0,0.0,-1.15,1.72,0.0
20230208:0411,0.0,0.0,0.0,-0.55,2.0,0.0
20230208:0511,0.0,0.0,0.0,-0.31,2.21,0.0
20230208:0611,0.0,0.0,0.0,-0.2,2.14,0.0
20230208:0711,0.0,0.0,0.0,-0.25,2.34,0.0
20230208:0811,0.03,5.56,3.01,-0.73,2.48,0.0
20230208:0911,210.43,250.26,10.15,0.11,2.48,0.0
20230208:1011,390.7,458.38,15.89,2.07,2.41,0.0
20230208:1111,446.87,529.8,19.79,3.91,2.69,0.0
20230208:1211,528.12,632.85,21.47,5.03,3.24,0.0
20230208:1311,506.95,604.13,20.75,5.71,3.93,0.0
20230208:1411,379.93,448.21,17.72,5.96,4.28,0.0
20230208:1511,158.43,195.47,12.68,5.87,4.21,0.0
20230208:1611,105.67,139.41,6.05,5.16,4.21,0.0
20230208:1711,0.0,0.0,0.0,3.98,3.93,0.0
20230208:1811,0.0,0.0,0.0,2.91,3.66,0.0
20230208:1911,0.0,0.0,0.0,2.67,3.66,0.0
20230208:2011,0.0,0.0,0.0,2.36,3.59,0.0
20230208:2111,0.0,0.0,0.0,2.12,3.59,0.0
20230208:2211,0.0,0.0,0.0,1.92,3.38,0.0
20230208:2311,0.0,0.0,0.0,2.24,3.24,0.0
20230209:0011,0.0,0.0,0.0,3.03,3.31,0.0
20230209:0111,0.0,0.0,0.0,4.37,3.66,0.0
20230209:0211,0.0,0.0,0.0,5.38,4.07,0.0
20230209:0311,0.0,0.0,0.0,5.18,4.34,0.0
20230209:0411,0.0,0.0,0.0,3.96,3.66,0.0
20230209:0511,0.0,0.0,0.0,3.03,2.76,0.0
20230209:0611,0.0,0.0,0.0,2.0,1.93,0.0
20230209:0711,0.0,0.0,0.0,1.06,2.07,0.0
20230209:0811,7.45,19.24,3.27,0.0,2.34,0.0
20230209:0911,311.89,368.09,10.43,1.13,2.28,0.0
20230209:1011,490.16,584.87,16.19,4.04,2.69,0.0
20230209:1111,617.09,744.71,20.1,5.86,4.28,0.0
20230209:1211,409.23,482.17,21.79,6.67,5.38,0.0
20230209:1311,584.77,699.74,21.07,7.09,5.45,0.0
20230209:1411,339.85,401.64,18.03,7.06,5.1,0.0
20230209:1511,83.15,111.7,12.97,6.98,5.03,0.0
20230209:1611,69.02,97.05,6.33,6.28,3.59,0.0
20230209:1711,0.0,0.0,0.0,5.0,3.03,0.0
20230209:1811,0.0,0.0,0.0,3.96,2.62,0.0
20230209:1911,0.0,0.0,0.0,4.03,2.76,0.0
20230209:2011,0.0,0.0,0.0,3.55,2.62,0.0
20230209:2111,0.0,0.0,0.0,3.18,2.55,0.0
20230209:2211,0.0,0.0,0.0,2.84,2.62,0.0
20230209:2311,0.0,0.0,0.0,2.71,2.55,0.0
20230210:0011,0.0,0.0,0.0,2.43,2.41,0.0
20230210:0111,0.0,0.0,0.0,1.63,2.48,0.0
20230210:0211,0.0,0.0,0.0,1.19,2.55,0.0
20230210:0311,0.0,0.0,0.0,1.38,2.55,0.0
20230210:0411,0.0,0.0,0.0,1.21,2.76,0.0
20230210:0511,0.0,0.0,0.0,1.07,2.83,0.0
20230210:0611,0.0,0.0,0.0,1.14,2.97,0.0
20230210:0711,0.0,0.0,0.0,1.15,2.97,0.0
20230210:0811,0.0,2.78,3.54,1.42,2.9,0.0
20230210:0911,46.81,68.64,10.71,2.4,2.9,0.0
20230210:1011,88.44,116.63,16.49,3.75,2.76,0.0
20230210:1111,116.33,148.8,20.41,5.16,3.03,0.0
20230210:1211,142.33,178.72,22.11,6.38,3.52,0.0
20230210:1311,57.37,82.51,21.39,7.13,3.38,0.0
20230210:1411,20.88,38.01,18.34,7.86,3.45,0.0
20230210:1511,16.66,32.45,13.27,8.27,4.21,0.0
20230210:1611,8.76,21.32,6.62,8.47,4.21,0.0
20230210:1711,0.0,0.0,0.0,8.19,3.72,0.0
20230210:1811,0.0,0.0,0.0,7.88,3.52,0.0
20230210:1911,0.0,0.0,0.0,8.14,4.07,0.0
20230210:2011,0.0,0.0,0.0,8.16,4.21,0.0
20230210:2111,0.0,0.0,0.0,8.22,4.41,0.0
20230210:2211,0.0,0.0,0.0,8.1,4.48,0.0
20230210:2311,0.0,0.0,0.0,8.03,4.69,0.0
20230211:0011,0.0,0.0,0.0,7.78,4.83,0.0
20230211:0111,0.0,0.0,0.0,7.5,4.9,0.0
20230211:0211,0.0,0.0,0.0,7.16,4.83,0.0
20230211:0311,0.0,0.0,0.0,6.81,4.48,0.0
20230211:0411,0.0,0.0,0.0,6.48,4.0,0.0
20230211:0511,0.0,0.0,0.0,6.03,3.24,0.0
20230211:0611,0.0,0.0,0.0,5.59,2.55,0.0
20230211:0711,0.0,0.0,0.0,5.71,2.76,0.0
20230211:0811,0.0,4.64,3.81,5.77,2.76,0.0
20230211:0911,9.49,22.25,11.0,6.33,2.55,0.0
20230211:1011,70.99,98.36,16.79,7.21,3.03,0.0
20230211:1111,178.11,219.93,20.73,8.36,4.34,0.0
20230211:1211,78.39,107.54,22.43,8.58,4.28,0.0
20230211:1311,36.92,58.41,21.72,8.75,3.86,0.0
20230211:1411,33.17,53.77,18.66,8.76,3.72,0.0
20230211:1511,19.39,36.16,13.58,8.6,3.17,0.0
20230211:1611,13.27,27.81,6.91,8.24,2.14,0.0
20230211:1711,0.0,0.0,0.0,7.45,1.31,0.0
20230211:1811,0.0,0.0,0.0,6.59,0.69,0.0
20230211:1911,0.0,0.0,0.0,5.83,1.03,0.0
20230211:2011,0.0,0.0,0.0,6.48,0.69,0.0
20230211:2111,0.0,0.0,0.0,6.38,0.62,0.0
20230211:2211,0.0,0.0,0.0,6.26,0.69,0.0
20230211:2311,0.0,0.0,0.0,5.58,0.83,0.0
20230212:0011,0.0,0.0,0.0,4.94,1.03,0.0
20230212:0111,0.0,0.0,0.0,4.61,1.1,0.0
20230212:0211,0.0,0.0,0.0,4.4,1.1,0.0
20230212:0311,0.0,0.0,0.0,4.14,1.17,0.0
20230212:0411,0.0,0.0,0.0,3.85,1.17,0.0
20230212:0511,0.0,0.0,0.0,3.74,1.31,0.0
20230212:0611,0.0,0.0,0.0,3.54,1.45,0.0
20230212:0711,0.0,0.0,0.0,3.98,1.1,0.0
20230212:0811,0.01,5.56,4.09,3.53,1.24,0.0
20230212:0911,31.42,50.99,11.3,5.2,0.9,0.0
20230212:1011,45.6,68.61,17.1,6.82,1.17,0.0
20230212:1111,43.96,66.75,21.05,7.6,2.48,0.0
20230212:1211,34.02,54.7,22.77,8.01,2.97,0.0
20230212:1311,43.12,65.82,22.05,8.09,3.1,0.0
20230212:1411,60.23,86.22,18.98,8.05,3.17,0.0
20230212:1511,41.6,63.97,13.88,7.99,3.03,0.0
20230212:1611,35.06,56.2,7.2,7.57,2.48,0.0
20230212:1711,0.0,0.0,0.0,6.92,1.86,0.0
20230212:1811,0.0,0.0,0.0,6.01,1.86,0.0
20230212:1911,0.0,0.0,0.0,5.53,2.21,0.0
20230212:2011,0.0,0.0,0.0,5.29,2.34,0.0
20230212:2111,0.0,0.0,0.0,4.89,2.48,0.0
20230212:2211,0.0,0.0,0.0,4.95,2.69,0.0
20230212:2311,0.0,0.0,0.0,4.9,2.83,0.0
20230213:0011,0.0,0.0,0.0,4.97,2.9,0.0
20230213:0111,0.0,0.0,0.0,5.08,2.9,0.0
20230213:0211,0.0,0.0,0.0,5.0,2.76,0.0
20230213:0311,0.0,0.0,0.0,4.9,2.69,0.0
20230213:0411,0.0,0.0,0.0,4.58,2.62,0.0
20230213:0511,0.0,0.0,0.0,4.43,2.76,0.0
20230213:0611,0.0,0.0,0.0,4.48,2.83,0.0
20230213:0711,0.0,0.0,0.0,4.2,2.76,0.0
20230213:0811,0.76,7.42,4.37,4.19,2.76,0.0
20230213:0911,23.42,40.79,11.59,4.59,3.52,0.0
20230213:1011,52.4,76.02,17.41,5.09,3.45,0.0
20230213:1111,139.13,174.68,21.38,5.77,3.45,0.0
20230213:1211,641.33,787.8,23.1,6.54,3.45,0.0
20230213:1311,652.76,805.72,22.38,7.19,3.52,0.0
20230213:1411,571.1,697.25,19.3,7.65,3.38,0.0
20230213:1511,369.73,444.53,14.19,7.78,3.17,0.0
20230213:1611,200.8,252.82,7.49,7.63,2.69,0.0
20230213:1711,0.0,0.0,0.0,6.51,2.34,0.0
20230213:1811,0.0,0.0,0.0,5.12,2.62,0.0
20230213:1911,0.0,0.0,0.0,4.87,2.76,0.0
20230213:2011,0.0,0.0,0.0,4.25,2.76,0.0
20230213:2111,0.0,0.0,0.0,3.9,2.76,0.0
20230213:2211,0.0,0.0,0.0,3.64,2.76,0.0
20230213:2311,0.0,0.0,0.0,3.37,2.76,0.0
20230214:0011,0.0,0.0,0.0,3.03,2.76,0.0
20230214:0111,0.0,0.0,0.0,2.97,2.76,0.0
20230214:0211,0.0,0.0,0.0,2.58,2.76,0.0
20230214:0311,0.0,0.0,0.0,2.18,2.76,0.0
20230214:0411,0.0,0.0,0.0,1.91,2.69,0.0
20230214:0511,0.0,0.0,0.0,1.73,2.69,0.0
20230214:0611,0.0,0.0,0.0,1.66,2.69,0.0
20230214:0711,0.0,0.0,0.0,0.93,2.28,0.0
20230214:0811,19.7,36.42,4.66,0.97,2.28,0.0
20230214:0911,353.07,420.31,11.9,2.87,2.07,0.0
20230214:1011,62.4,87.95,17.73,5.73,2.34,0.0
20230214:1111,137.73,175.19,21.71,8.2,2.76,0.0
20230214:1211,41.19,63.97,23.44,10.01,3.1,0.0
20230214:1311,363.0,441.85,22.71,11.07,3.24,0.0
20230214:1411,213.47,264.54,19.62,11.75,3.31,0.0
20230214:1511,54.73,80.84,14.5,11.9,3.1,0.0
20230214:1611,177.4,228.22,7.78,11.22,2.9,0.0
20230214:1711,0.0,0.0,0.0,9.89,2.97,0.0
20230214:1811,0.0,0.0,0.0,8.33,3.17,0.0
20230214:1911,0.0,0.0,0.0,7.2,2.83,0.0
20230214:2011,0.0,0.0,0.0,6.5,2.83,0.0
20230214:2111,0.0,0.0,0.0,5.91,2.9,0.0
20230214:2211,0.0,0.0,0.0,5.57,3.03,0.0
20230214:2311,0.0,0.0,0.0,5.44,3.17,0.0
20230215:0011,0.0,0.0,0.0,5.31,3.31,0.0
20230215:0111,0.0,0.0,0.0,5.01,3.38,0.0
20230215:0211,0.0,0.0,0.0,4.57,3.45,0.0
20230215:0311,0.0,0.0,0.0,4.05,3.52,0.0
20230215:0411,0.0,0.0,0.0,3.57,3.52,0.0
20230215:0511,0.0,0.0,0.0,3.23,3.59,0.0
20230215:0611,0.0,0.0,0.0,3.04,3.66,0.0
20230215:0711,0.0,0.0,0.0,3.01,3.66,0.0
20230215:0811,59.59,87.26,4.95,3.33,3.86,0.0
20230215:0911,246.16,294.76,12.2,4.78,3.66,0.0
20230215:1011,177.01,217.13,18.06,6.79,4.21,0.0
20230215:1111,526.19,633.97,22.05,8.61,4.69,0.0
20230215:1211,34.56,55.63,23.78,9.46,4.55,0.0
20230215:1311,21.41,38.94,23.05,9.55,4.21,0.0
20230215:1411,58.23,84.37,19.95,9.67,3.66,0.0
20230215:1511,259.52,315.5,14.81,9.9,3.86,0.0
20230215:1611,29.16,49.03,8.07,9.5,3.24,0.0
20230215:1711,0.0,0.0,0.0,8.24,2.69,0.0
20230215:1811,0.0,0.0,0.0,6.9,2.76,0.0
20230215:1911,0.0,0.0,0.0,6.61,2.55,0.0
20230215:2011,0.0,0.0,0.0,5.73,2.55,0.0
20230215:2111,0.0,0.0,0.0,5.02,2.48,0.0
20230215:2211,0.0,0.0,0.0,4.63,2.41,0.0
20230215:2311,0.0,0.0,0.0,4.54,2.62,0.0
20230216:0011,0.0,0.0,0.0,4.56,2.69,0.0
20230216:0111,0.0,0.0,0.0,4.61,2.69,0.0
20230216:0211,0.0,0.0,0.0,4.74,2.97,0.0
20230216:0311,0.0,0.0,0.0,4.99,3.38,0.0
20230216:0411,0.0,0.0,0.0,5.18,3.86,0.0
20230216:0511,0.0,0.0,0.0,5.38,4.14,0.0
20230216:0611,0.0,0.0,0.0,5.66,4.07,0.0
20230216:0711,0.0,0.0,0.0,6.77,4.21,0.0
20230216:0811,29.01,49.52,5.25,7.26,3.86,0.0
20230216:0911,63.11,89.34,12.51,7.9,3.52,0.0
20230216:1011,94.04,125.37,18.38,8.6,3.45,0.0
20230216:1111,84.18,114.64,22.39,9.38,3.72,0.0
20230216:1211,26.33,45.43,24.13,10.23,4.07,0.0
20230216:1311,30.65,50.99,23.39,10.62,4.21,0.0
20230216:1411,20.6,38.01,20.28,10.51,4.0,0.0
20230216:1511,85.77,116.44,15.12,10.2,4.07,0.0
20230216:1611,137.85,179.12,8.37,9.88,3.86,0.0
20230216:1711,0.0,0.0,0.0,9.43,3.38,0.0
20230216:1811,0.0,0.0,0.0,9.09,3.03,0.0
20230216:1911,0.0,0.0,0.0,9.66,4.41,0.0
20230216:2011,0.0,0.0,0.0,9.62,4.76,0.0
20230216:2111,0.0,0.0,0.0,9.82,5.24,0.0
20230216:2211,0.0,0.0,0.0,10.15,5.52,0.0
20230216:2311,0.0,0.0,0.0,10.59,5.66,0.0
20230217:0011,0.0,0.0,0.0,10.84,5.59,0.0
20230217:0111,0.0,0.0,0.0,10.87,5.72,0.0
20230217:0211,0.0,0.0,0.0,10.61,6.14,0.0
20230217:0311,0.0,0.0,0.0,10.2,6.41,0.0
20230217:0411,0.0,0.0,0.0,9.8,6.55,0.0
20230217:0511,0.0,0.0,0.0,9.71,6.76,0.0
20230217:0611,0.0,0.0,0.0,9.98,6.83,0.0
20230217:0711,0.0,0.0,0.0,11.17,7.59,0.0
20230217:0811,1.99,10.2,5.55,11.43,7.93,0.0
20230217:0911,86.64,117.65,12.83,11.47,8.34,0.0
20230217:1011,214.31,261.63,18.71,11.31,8.69,0.0
20230217:1111,221.94,270.6,22.73,11.5,9.24,0.0
20230217:1211,84.1,114.96,24.48,11.29,9.38,0.0
20230217:1311,104.47,138.05,23.74,10.79,8.83,0.0
20230217:1411,91.12,122.56,20.61,10.45,8.0,0.0
20230217:1511,18.58,35.23,15.43,9.99,6.21,0.0
20230217:1611,49.79,74.53,8.67,9.37,3.79,0.0
20230217:1711,0.0,0.0,0.0,8.62,2.48,0.0
20230217:1811,0.0,0.0,0.0,8.42,0.97,0.0
20230217:1911,0.0,0.0,0.0,8.69,1.66,0.0
20230217:2011,0.0,0.0,0.0,9.05,2.21,0.0
20230217:2111,0.0,0.0,0.0,9.55,3.1,0.0
20230217:2211,0.0,0.0,0.0,10.11,4.55,0.0
20230217:2311,0.0,0.0,0.0,10.38,5.59,0.0
20230218:0011,0.0,0.0,0.0,10.25,5.59,0.0
20230218:0111,0.0,0.0,0.0,10.08,5.66,0.0
20230218:0211,0.0,0.0,0.0,9.5,5.93,0.0
20230218:0311,0.0,0.0,0.0,9.18,6.34,0.0
20230218:0411,0.0,0.0,0.0,9.6,6.48,0.0
20230218:0511,0.0,0.0,0.0,10.12,6.83,0.0
20230218:0611,0.0,0.0,0.0,10.34,7.1,0.0
20230218:0711,0.0,0.0,0.0,10.65,7.1,0.0
20230218:0811,31.0,52.38,5.85,10.36,6.76,0.0
20230218:0911,164.84,206.18,13.15,10.17,6.55,0.0
20230218:1011,201.19,246.71,19.05,10.26,6.48,0.0
20230218:1111,86.34,117.37,23.08,10.75,7.59,0.0
20230218:1211,92.59,124.74,24.83,11.04,7.72,0.0
20230218:1311,92.46,124.77,24.09,11.25,7.17,0.0
20230218:1411,126.54,163.5,20.94,11.28,6.76,0.0
20230218:1511,47.94,72.31,15.75,10.94,5.79,0.0
20230218:1611,19.91,37.08,8.96,10.5,4.62,0.0
20230218:1711,0.0,0.0,0.0,10.19,4.48,0.0
20230218:1811,0.0,0.0,0.0,9.79,4.69,0.0
20230218:1911,0.0,0.0,0.0,9.84,6.0,0.0
20230218:2011,0.0,0.0,0.0,9.65,6.76,0.0
20230218:2111,0.0,0.0,0.0,9.35,6.62,0.0
20230218:2211,0.0,0.0,0.0,9.03,6.76,0.0
20230218:2311,0.0,0.0,0.0,8.81,6.69,0.0
20230219:0011,0.0,0.0,0.0,8.58,6.83,0.0
20230219:0111,0.0,0.0,0.0,7.93,6.97,0.0
20230219:0211,0.0,0.0,0.0,7.1,6.48,0.0
20230219:0311,0.0,0.0,0.0,6.45,6.0,0.0
20230219:0411,0.0,0.0,0.0,5.9,5.38,0.0
20230219:0511,0.0,0.0,0.0,5.53,4.48,0.0
20230219:0611,0.0,0.0,0.0,5.38,3.59,0.0
20230219:0711,0.0,0.0,0.0,5.55,3.1,0.0
20230219:0811,135.11,178.58,6.16,5.19,2.34,0.0
20230219:0911,208.81,254.55,13.47,5.8,2.14,0.0
20230219:1011,148.52,185.8,19.39,7.01,3.72,0.0
20230219:1111,92.0,122.92,23.43,7.93,4.14,0.0
20230219:1211,183.51,226.9,25.18,8.58,4.34,0.0
20230219:1311,315.23,378.42,24.44,9.39,4.83,0.0
20230219:1411,203.58,250.17,21.28,9.88,4.83,0.0
20230219:1511,134.85,172.05,16.06,9.92,5.1,0.0
20230219:1611,99.3,133.11,9.26,9.57,4.76,0.0
20230219:1711,0.0,0.0,0.0,8.6,3.86,0.0
20230219:1811,0.0,0.0,0.0,7.37,3.59,0.0
20230219:1911,0.0,0.0,0.0,6.79,3.79,0.0
20230219:2011,0.0,0.0,0.0,6.4,3.93,0.0
20230219:2111,0.0,0.0,0.0,6.63,4.07,0.0
20230219:2211,0.0,0.0,0.0,6.9,4.07,0.0
20230219:2311,0.0,0.0,0.0,7.18,4.28,0.0
20230220:0011,0.0,0.0,0.0,7.84,4.76,0.0
20230220:0111,0.0,0.0,0.0,8.62,5.31,0.0
20230220:0211,0.0,0.0,0.0,8.88,5.52,0.0
20230220:0311,0.0,0.0,0.0,8.98,5.59,0.0
20230220:0411,0.0,0.0,0.0,8.88,5.59,0.0
20230220:0511,0.0,0.0,0.0,8.66,5.52,0.0
20230220:0611,0.0,0.0,0.0,8.62,5.38,0.0
20230220:0711,0.0,0.0,0.0,9.24,5.72,0.0
20230220:0811,17.85,34.34,6.48,9.28,5.66,0.0
20230220:0911,33.82,54.7,13.8,9.52,5.38,0.0
20230220:1011,54.4,79.73,19.73,9.73,5.03,0.0
20230220:1111,57.5,83.44,23.79,9.97,6.07,0.0
20230220:1211,54.3,79.73,25.54,10.26,6.14,0.0
20230220:1311,18.52,35.23,24.79,10.65,6.55,0.0
20230220:1411,29.18,49.14,21.62,10.91,6.76,0.0
20230220:1511,28.48,48.21,16.38,10.66,5.59,0.0
20230220:1611,128.43,167.58,9.56,10.51,5.31,0.0
20230220:1711,0.0,0.0,0.0,10.15,4.48,0.0
20230220:1811,0.0,0.0,0.0,9.71,4.14,0.0
20230220:1911,0.0,0.0,0.0,9.57,3.79,0.0
20230220:2011,0.0,0.0,0.0,9.31,3.66,0.0
20230220:2111,0.0,0.0,0.0,9.04,3.59,0.0
20230220:2211,0.0,0.0,0.0,8.88,3.45,0.0
20230220:2311,0.0,0.0,0.0,8.72,3.24,0.0
20230221:0011,0.0,0.0,0.0,8.68,3.1,0.0
20230221:0111,0.0,0.0,0.0,8.36,2.97,0.0
20230221:0211,0.0,0.0,0.0,8.27,2.83,0.0
20230221:0311,0.0,0.0,0.0,8.15,2.76,0.0
20230221:0411,0.0,0.0,0.0,8.09,2.69,0.0
20230221:0511,0.0,0.0,0.0,8.05,2.62,0.0
20230221:0611,0.0,0.0,0.0,7.92,2.41,0.0
20230221:0711,0.0,0.0,0.0,7.48,2.14,0.0
20230221:0811,90.34,125.22,6.79,7.58,2.0,0.0
20230221:0911,346.17,419.65,14.13,7.88,2.55,0.0
20230221:1011,178.84,221.59,20.08,8.17,2.83,0.0
20230221:1111,75.91,104.76,24.14,8.48,3.17,0.0
20230221:1211,194.77,240.63,25.9,8.65,3.17,0.0
20230221:1311,142.95,181.92,25.14,8.81,2.9,0.0
20230221:1411,219.79,269.65,21.96,9.12,2.76,0.0
20230221:1511,246.75,300.87,16.7,9.08,2.76,0.0
20230221:1611,242.96,303.5,9.86,8.99,2.69,0.0
20230221:1711,0.0,0.93,1.92,8.75,2.14,0.0
20230221:1811,0.0,0.0,0.0,8.38,1.93,0.0
20230221:1911,0.0,0.0,0.0,8.43,2.0,0.0
20230221:2011,0.0,0.0,0.0,7.76,2.21,0.0
20230221:2111,0.0,0.0,0.0,7.16,2.34,0.0
20230221:2211,0.0,0.0,0.0,7.01,2.41,0.0
20230221:2311,0.0,0.0,0.0,6.63,2.69,0.0
20230222:0011,0.0,0.0,0.0,6.06,2.76,0.0
20230222:0111,0.0,0.0,0.0,5.99,2.76,0.0
20230222:0211,0.0,0.0,0.0,5.55,2.69,0.0
20230222:0311,0.0,0.0,0.0,5.36,2.62,0.0
20230222:0411,0.0,0.0,0.0,5.6,2.55,0.0
20230222:0511,0.0,0.0,0.0,5.8,2.83,0.0
20230222:0611,0.0,0.0,0.0,5.94,3.1,0.0
20230222:0711,0.0,0.0,0.0,5.81,3.03,0.0
20230222:0811,107.06,143.81,7.11,5.9,3.72,0.0
20230222:0911,67.92,94.19,14.46,5.77,3.45,0.0
20230222:1011,259.65,309.11,20.43,6.14,4.83,0.0
20230222:1111,105.46,137.24,24.5,6.57,5.79,0.0
20230222:1211,31.24,50.99,26.27,7.1,6.28,0.0
20230222:1311,57.43,82.51,25.5,7.49,6.48,0.0
20230222:1411,56.68,81.59,22.3,7.3,6.21,0.0
20230222:1511,61.21,86.88,17.02,7.37,5.86,0.0
20230222:1611,46.46,69.61,10.16,7.0,4.62,0.0
20230222:1711,0.0,1.85,2.2,6.42,3.86,0.0
20230222:1811,0.0,0.0,0.0,5.44,3.03,0.0
20230222:1911,0.0,0.0,0.0,5.3,3.1,0.0
20230222:2011,0.0,0.0,0.0,5.05,2.76,0.0
20230222:2111,0.0,0.0,0.0,4.38,2.48,0.0
20230222:2211,0.0,0.0,0.0,3.66,2.41,0.0
20230222:2311,0.0,0.0,0.0,3.5,2.55,0.0
20230223:0011,0.0,0.0,0.0,3.63,3.24,0.0
20230223:0111,0.0,0.0,0.0,3.81,3.72,0.0
20230223:0211,0.0,0.0,0.0,3.88,3.93,0.0
20230223:0311,0.0,0.0,0.0,3.65,3.86,0.0
20230223:0411,0.0,0.0,0.0,3.49,3.72,0.0
20230223:0511,0.0,0.0,0.0,3.11,3.52,0.0
20230223:0611,0.0,0.0,0.0,2.72,3.17,0.0
20230223:0711,0.0,0.0,0.0,3.15,3.45,0.0
20230223:0811,190.46,241.21,7.44,2.83,2.83,0.0
20230223:0911,415.88,495.42,14.8,3.54,2.62,0.0
20230223:1011,580.73,699.62,20.78,4.65,3.38,0.0
20230223:1111,586.91,715.71,24.87,5.66,2.9,0.0
20230223:1211,495.46,599.24,26.63,6.4,2.76,0.0
20230223:1311,683.52,854.14,25.86,6.89,3.03,0.0
20230223:1411,611.99,753.14,22.64,7.08,3.1,0.0
20230223:1511,465.38,558.99,17.34,6.82,3.52,0.0
20230223:1611,266.02,325.98,10.46,6.23,3.31,0.0
20230223:1711,0.0,4.64,2.49,5.2,2.69,0.0
20230223:1811,0.0,0.0,0.0,3.56,2.41,0.0
20230223:1911,0.0,0.0,0.0,2.82,2.34,0.0
20230223:2011,0.0,0.0,0.0,2.26,2.07,0.0
20230223:2111,0.0,0.0,0.0,2.33,2.07,0.0
20230223:2211,0.0,0.0,0.0,3.45,2.34,0.0
20230223:2311,0.0,0.0,0.0,4.39,2.97,0.0
20230224:0011,0.0,0.0,0.0,5.2,3.52,0.0
20230224:0111,0.0,0.0,0.0,5.89,4.07,0.0
20230224:0211,0.0,0.0,0.0,6.22,4.55,0.0
20230224:0311,0.0,0.0,0.0,6.43,4.9,0.0
20230224:0411,0.0,0.0,0.0,6.52,5.03,0.0
20230224:0511,0.0,0.0,0.0,6.63,5.03,0.0
20230224:0611,0.0,0.0,0.0,6.72,4.9,0.0
20230224:0711,0.0,0.0,0.0,7.14,4.34,0.0
20230224:0811,48.28,72.89,7.76,7.39,4.0,0.0
20230224:0911,84.97,114.58,15.14,7.85,3.79,0.0
20230224:1011,177.23,219.11,21.14,8.33,4.41,0.0
20230224:1111,83.75,114.03,25.24,9.1,4.14,0.0
20230224:1211,35.98,57.48,27.0,9.82,3.86,0.0
20230224:1311,238.98,292.5,26.22,9.88,3.59,0.0
20230224:1411,178.71,222.65,22.98,9.63,3.66,0.0
20230224:1511,109.8,143.77,17.67,9.3,3.66,0.0
20230224:1611,117.89,154.18,10.77,8.8,3.66,0.0
20230224:1711,0.0,4.64,2.77,7.88,3.72,0.0
20230224:1811,0.0,0.0,0.0,6.89,3.93,0.0
20230224:1911,0.0,0.0,0.0,6.36,3.79,0.0
20230224:2011,0.0,0.0,0.0,5.6,3.86,0.0
20230224:2111,0.0,0.0,0.0,4.88,3.72,0.0
20230224:2211,0.0,0.0,0.0,4.19,3.38,0.0
20230224:2311,0.0,0.0,0.0,3.85,3.24,0.0
20230225:0011,0.0,0.0,0.0,3.66,3.24,0.0
20230225:0111,0.0,0.0,0.0,3.54,3.17,0.0
20230225:0211,0.0,0.0,0.0,3.23,3.1,0.0
20230225:0311,0.0,0.0,0.0,3.06,3.03,0.0
20230225:0411,0.0,0.0,0.0,2.9,3.1,0.0
20230225:0511,0.0,0.0,0.0,2.81,3.1,0.0
20230225:0611,0.0,0.0,0.0,2.58,3.03,0.0
20230225:0711,0.0,0.0,0.0,1.52,2.55,0.0
20230225:0811,168.81,213.85,8.1,2.18,2.55,0.0
20230225:0911,77.87,104.56,15.49,3.16,3.03,0.0
20230225:1011,70.29,96.42,21.5,4.3,4.34,0.0
20230225:1111,105.34,136.68,25.61,5.28,4.41,0.0
20230225:1211,233.47,280.66,27.38,6.19,4.83,0.0
20230225:1311,253.26,303.03,26.58,6.52,5.1,0.0
20230225:1411,30.62,50.06,23.33,6.17,4.97,0.0
20230225:1511,53.7,77.88,17.99,6.51,5.31,0.0
20230225:1611,248.51,303.1,11.07,6.09,4.55,0.0
20230225:1711,1.17,8.34,3.06,5.29,3.72,0.0
20230225:1811,0.0,0.0,0.0,4.06,3.17,0.0
20230225:1911,0.0,0.0,0.0,3.52,3.38,0.0
20230225:2011,0.0,0.0,0.0,3.05,3.38,0.0
20230225:2111,0.0,0.0,0.0,2.71,3.17,0.0
20230225:2211,0.0,0.0,0.0,2.68,3.03,0.0
20230225:2311,0.0,0.0,0.0,2.4,2.69,0.0
20230226:0011,0.0,0.0,0.0,1.89,2.41,0.0
20230226:0111,0.0,0.0,0.0,1.58,2.28,0.0
20230226:0211,0.0,0.0,0.0,1.29,2.34,0.0
20230226:0311,0.0,0.0,0.0,1.06,2.48,0.0
20230226:0411,0.0,0.0,0.0,0.87,2.48,0.0
20230226:0511,0.0,0.0,0.0,0.67,2.55,0.0
20230226:0611,0.0,0.0,0.0,0.71,2.55,0.0
20230226:0711,0.0,0.0,0.0,0.81,2.62,0.0
20230226:0811,83.94,113.2,8.43,1.37,2.55,0.0
20230226:0911,199.76,241.28,15.84,3.43,2.41,0.0
20230226:1011,284.78,337.58,21.86,5.52,4.34,0.0
20230226:1111,192.28,234.7,25.98,6.52,4.76,0.0
20230226:1211,250.88,300.87,27.75,7.06,5.52,0.0
20230226:1311,573.51,687.64,26.95,7.44,5.52,0.0
20230226:1411,70.05,97.35,23.67,7.46,4.76,0.0
20230226:1511,207.3,252.24,18.31,7.32,4.14,0.0
20230226:1611,62.82,89.01,11.37,7.0,3.52,0.0
20230226:1711,1.16,8.34,3.35,6.22,2.55,0.0
20230226:1811,0.0,0.0,0.0,4.79,2.21,0.0
20230226:1911,0.0,0.0,0.0,3.7,2.62,0.0
20230226:2011,0.0,0.0,0.0,3.03,2.55,0.0
20230226:2111,0.0,0.0,0.0,2.45,2.48,0.0
20230226:2211,0.0,0.0,0.0,2.08,2.41,0.0
20230226:2311,0.0,0.0,0.0,2.01,2.34,0.0
20230227:0011,0.0,0.0,0.0,2.15,2.28,0.0
20230227:0111,0.0,0.0,0.0,2.14,2.21,0.0
20230227:0211,0.0,0.0,0.0,2.46,2.07,0.0
20230227:0311,0.0,0.0,0.0,2.51,2.21,0.0
20230227:0411,0.0,0.0,0.0,2.85,2.21,0.0
20230227:0511,0.0,0.0,0.0,3.06,2.34,0.0
20230227:0611,0.0,0.0,0.0,3.3,2.55,0.0
20230227:0711,0.0,0.0,0.0,2.99,2.69,0.0
20230227:0811,42.9,64.94,8.77,3.32,2.62,0.0
20230227:0911,59.42,84.0,16.19,4.39,2.83,0.0
20230227:1011,56.26,80.66,22.22,5.55,3.86,0.0
20230227:1111,31.26,50.99,26.35,6.77,4.0,0.0
20230227:1211,55.68,80.66,28.13,7.7,4.14,0.0
20230227:1311,128.25,164.27,27.31,7.87,4.34,0.0
20230227:1411,84.98,114.96,24.02,8.16,4.55,0.0
20230227:1511,362.71,433.69,18.64,8.01,4.21,0.0
20230227:1611,66.97,94.11,11.68,7.67,3.59,0.0
20230227:1711,2.06,10.2,3.64,7.01,3.24,0.0
20230227:1811,0.0,0.0,0.0,5.98,3.03,0.0
20230227:1911,0.0,0.0,0.0,5.87,2.83,0.0
20230227:2011,0.0,0.0,0.0,5.53,2.97,0.0
20230227:2111,0.0,0.0,0.0,5.44,2.97,0.0
20230227:2211,0.0,0.0,0.0,5.15,2.76,0.0
20230227:2311,0.0,0.0,0.0,5.01,2.34,0.0
20230228:0011,0.0,0.0,0.0,5.11,2.0,0.0
20230228:0111,0.0,0.0,0.0,4.86,1.79,0.0
20230228:0211,0.0,0.0,0.0,4.83,1.93,0.0
20230228:0311,0.0,0.0,0.0,4.67,2.14,0.0
20230228:0411,0.0,0.0,0.0,4.65,2.28,0.0
20230228:0511,0.0,0.0,0.0,4.76,2.41,0.0
20230228:0611,0.0,0.0,0.0,4.86,2.41,0.0
20230228:0711,0.0,0.0,0.0,4.69,2.48,0.0
20230228:0811,89.44,121.13,9.11,4.98,2.21,0.0
20230228:0911,274.15,327.7,16.54,5.42,3.31,0.0
20230228:1011,362.61,429.36,22.59,6.03,4.07,0.0
20230228:1111,330.12,392.06,26.73,6.27,4.14,0.0
20230228:1211,41.14,63.04,28.51,6.74,4.41,0.0
20230228:1311,62.14,88.08,27.68,7.2,4.14,0.0
20230228:1411,43.28,65.82,24.37,7.47,3.86,0.0
20230228:1511,80.42,109.43,18.96,7.54,3.45,0.0
20230228:1611,54.4,79.14,11.98,7.41,4.0,0.0
20230228:1711,1.15,8.34,3.92,7.0,4.0,0.0
20230228:1811,0.0,0.0,0.0,6.59,4.14,0.0
20230228:1911,0.0,0.0,0.0,6.08,4.21,0.0
20230228:2011,0.0,0.0,0.0,5.88,4.34,0.0
20230228:2111,0.0,0.0,0.0,5.78,4.28,0.0
20230228:2211,0.0,0.0,0.0,5.61,4.14,0.0
20230228:2311,0.0,0.0,0.0,5.51,4.0,0.0
20230301:0011,0.0,0.0,0.0,5.5,3.93,0.0
20230301:0111,0.0,0.0,0.0,5.4,3.79,0.0
20230301:0211,0.0,0.0,0.0,5.32,3.59,0.0
20230301:0311,0.0,0.0,0.0,5.19,3.31,0.0
20230301:0411,0.0,0.0,0.0,5.15,3.17,0.0
20230301:0511,0.0,0.0,0.0,5.17,2.97,0.0
20230301:0611,0.0,0.0,0.0,5.05,2.97,0.0
20230301:0711,0.0,0.0,0.0,4.92,3.1,0.0
20230301:0811,41.1,63.04,9.45,5.15,3.31,0.0
20230301:0911,72.02,98.87,16.9,5.47,3.24,0.0
20230301:1011,227.17,273.15,22.96,6.54,5.24,0.0
20230301:1111,373.12,443.01,27.11,7.1,4.76,0.0
20230301:1211,98.21,129.79,28.89,7.74,5.72,0.0
20230301:1311,107.23,140.27,28.05,8.27,6.14,0.0
20230301:1411,385.46,457.22,24.72,8.23,5.93,0.0
20230301:1511,59.63,85.29,19.29,7.88,5.24,0.0
20230301:1611,61.82,87.84,12.28,7.33,4.41,0.0
20230301:1711,2.07,10.2,4.21,6.78,4.28,0.0
20230301:1811,0.0,0.0,0.0,6.07,3.79,0.0
20230301:1911,0.0,0.0,0.0,5.78,3.86,0.0
20230301:2011,0.0,0.0,0.0,5.38,3.79,0.0
20230301:2111,0.0,0.0,0.0,5.13,3.72,0.0
20230301:2211,0.0,0.0,0.0,5.06,3.52,0.0
20230301:2311,0.0,0.0,0.0,5.02,3.38,0.0
20230302:0011,0.0,0.0,0.0,4.83,3.17,0.0
20230302:0111,0.0,0.0,0.0,4.29,2.83,0.0
20230302:0211,0.0,0.0,0.0,4.01,2.48,0.0
20230302:0311,0.0,0.0,0.0,3.65,2.0,0.0
20230302:0411,0.0,0.0,0.0,3.25,1.79,0.0
20230302:0511,0.0,0.0,0.0,2.74,1.79,0.0
20230302:0611,0.0,0.0,0.0,2.36,1.79,0.0
20230302:0711,0.0,0.0,0.0,1.93,1.72,0.0
20230302:0811,39.18,59.98,9.8,2.06,1.59,0.0
20230302:0911,64.23,89.45,17.26,3.74,1.93,0.0
20230302:1011,67.45,93.64,23.34,5.12,2.62,0.0
20230302:1111,101.98,133.5,27.5,5.66,2.76,0.0
20230302:1211,105.87,138.14,29.27,6.03,2.83,0.0
20230302:1311,170.28,211.45,28.42,6.59,2.9,0.0
20230302:1411,281.64,338.64,25.07,6.57,2.62,0.0
20230302:1511,360.76,433.91,19.61,6.75,2.34,0.0
20230302:1611,277.83,341.67,12.59,6.69,2.07,0.0
20230302:1711,4.69,14.83,4.5,6.2,1.66,0.0
20230302:1811,0.0,0.0,0.0,5.23,1.72,0.0
20230302:1911,0.0,0.0,0.0,4.42,2.07,0.0
20230302:2011,0.0,0.0,0.0,4.0,2.0,0.0
20230302:2111,0.0,0.0,0.0,3.5,1.86,0.0
20230302:2211,0.0,0.0,0.0,2.97,1.72,0.0
20230302:2311,0.0,0.0,0.0,2.4,1.45,0.0
20230303:0011,0.0,0.0,0.0,1.79,1.31,0.0
20230303:0111,0.0,0.0,0.0,1.03,1.31,0.0
20230303:0211,0.0,0.0,0.0,1.08,1.31,0.0
20230303:0311,0.0,0.0,0.0,1.03,1.38,0.0
20230303:0411,0.0,0.0,0.0,0.62,1.52,0.0
20230303:0511,0.0,0.0,0.0,0.82,1.45,0.0
20230303:0611,0.0,0.0,0.0,1.2,1.38,0.0
20230303:0711,0.0,0.93,1.78,1.13,1.38,0.0
20230303:0811,52.72,76.2,10.15,2.13,1.24,0.0
20230303:0911,49.54,72.31,17.62,3.53,1.86,0.0
20230303:1011,80.55,108.47,23.71,4.67,3.03,0.0
20230303:1111,122.18,156.3,27.88,5.69,3.1,0.0
20230303:1211,38.14,59.33,29.65,6.12,2.83,0.0
20230303:1311,67.78,94.56,28.79,6.54,2.62,0.0
20230303:1411,69.13,96.42,25.42,7.16,2.34,0.0
20230303:1511,107.22,140.18,19.94,7.2,2.14,0.0
20230303:1611,72.67,100.68,12.89,7.15,2.14,0.0
20230303:1711,3.58,12.98,4.79,6.81,1.86,0.0
20230303:1811,0.0,0.0,0.0,5.99,1.79,0.0
20230303:1911,0.0,0.0,0.0,4.67,1.66,0.0
20230303:2011,0.0,0.0,0.0,3.91,1.72,0.0
20230303:2111,0.0,0.0,0.0,3.01,1.79,0.0
20230303:2211,0.0,0.0,0.0,2.7,1.72,0.0
20230303:2311,0.0,0.0,0.0,2.7,1.66,0.0
20230304:0011,0.0,0.0,0.0,2.38,1.59,0.0
20230304:0111,0.0,0.0,0.0,1.97,1.38,0.0
20230304:0211,0.0,0.0,0.0,1.71,1.03,0.0
20230304:0311,0.0,0.0,0.0,1.76,0.76,0.0
20230304:0411,0.0,0.0,0.0,1.59,0.62,0.0
20230304:0511,0.0,0.0,0.0,1.38,0.48,0.0
20230304:0611,0.0,0.0,0.0,1.24,0.41,0.0
20230304:0711,0.0,0.93,2.13,1.26,0.83,0.0
20230304:0811,33.97,53.51,10.5,1.71,0.62,0.0
20230304:0911,64.21,89.37,17.99,3.29,1.1,0.0
20230304:1011,90.57,119.87,24.09,4.26,1.93,0.0
20230304:1111,98.77,129.79,28.27,5.25,2.0,0.0
20230304:1211,49.76,73.24,30.04,5.81,1.72,0.0
20230304:1311,78.87,107.54,29.17,6.36,1.52,0.0
20230304:1411,103.15,135.62,25.77,6.52,1.45,0.0
20230304:1511,61.29,87.15,20.27,6.64,1.52,0.0
20230304:1611,62.99,89.09,13.2,6.38,1.66,0.0
20230304:1711,5.26,15.76,5.07,6.11,1.59,0.0
20230304:1811,0.0,0.0,0.0,5.3,1.72,0.0
20230304:1911,0.0,0.0,0.0,3.88,2.76,0.0
20230304:2011,0.0,0.0,0.0,2.99,2.55,0.0
20230304:2111,0.0,0.0,0.0,2.35,2.21,0.0
20230304:2211,0.0,0.0,0.0,1.98,1.72,0.0
20230304:2311,0.0,0.0,0.0,1.31,1.38,0.0
20230305:0011,0.0,0.0,0.0,0.8,1.24,0.0
20230305:0111,0.0,0.0,0.0,0.38,1.38,0.0
20230305:0211,0.0,0.0,0.0,-0.52,1.52,0.0
20230305:0311,0.0,0.0,0.0,-0.57,1.52,0.0
20230305:0411,0.0,0.0,0.0,0.1,1.24,0.0
20230305:0511,0.0,0.0,0.0,0.09,1.17,0.0
20230305:0611,0.0,0.0,0.0,-0.54,1.45,0.0
20230305:0711,0.0,2.78,2.47,-0.58,1.38,0.0
20230305:0811,24.68,41.72,10.85,-0.02,1.24,0.0
20230305:0911,57.8,81.59,18.35,2.27,1.59,0.0
20230305:1011,179.24,218.77,24.47,3.52,2.14,0.0
20230305:1111,487.56,585.39,28.66,4.71,2.62,0.0
20230305:1211,137.1,172.89,30.43,5.04,2.9,0.0
20230305:1311,102.2,133.5,29.54,5.51,3.52,0.0
20230305:1411,111.6,144.2,26.12,5.94,4.0,0.0
20230305:1511,78.87,106.92,20.59,5.94,4.0,0.0
20230305:1611,95.69,126.33,13.5,5.72,3.72,0.0
20230305:1711,3.62,12.98,5.36,5.29,2.55,0.0
20230305:1811,0.0,0.0,0.0,4.39,1.86,0.0
20230305:1911,0.0,0.0,0.0,3.27,2.07,0.0
20230305:2011,0.0,0.0,0.0,2.53,1.72,0.0
20230305:2111,0.0,0.0,0.0,1.33,1.59,0.0
20230305:2211,0.0,0.0,0.0,0.32,1.59,0.0
20230305:2311,0.0,0.0,0.0,-0.19,1.66,0.0
20230306:0011,0.0,0.0,0.0,0.25,1.59,0.0
20230306:0111,0.0,0.0,0.0,0.82,1.52,0.0
20230306:0211,0.0,0.0,0.0,1.71,1.52,0.0
20230306:0311,0.0,0.0,0.0,2.27,1.59,0.0
20230306:0411,0.0,0.0,0.0,2.74,1.66,0.0
20230306:0511,0.0,0.0,0.0,3.14,2.07,0.0
20230306:0611,0.0,0.0,0.0,3.36,2.34,0.0
20230306:0711,0.0,1.85,2.82,3.86,3.03,0.0
20230306:0811,26.42,44.5,11.21,4.11,3.59,0.0
20230306:0911,74.81,101.7,18.72,4.85,4.69,0.0
20230306:1011,176.58,215.97,24.85,5.25,4.62,0.0
20230306:1111,312.6,371.68,29.05,5.81,3.93,0.0
20230306:1211,266.3,318.55,30.82,6.15,4.55,0.0
20230306:1311,148.09,185.64,29.92,6.47,4.62,0.0
20230306:1411,111.85,144.15,26.47,5.98,5.79,0.0
20230306:1511,178.17,217.33,20.92,5.67,5.79,0.0
20230306:1611,110.61,142.75,13.8,5.23,5.24,0.0
20230306:1711,8.32,20.4,5.65,4.7,4.76,0.0
20230306:1811,0.0,0.0,0.0,4.11,4.28,0.0
20230306:1911,0.0,0.0,0.0,3.52,3.52,0.0
20230306:2011,0.0,0.0,0.0,2.73,3.03,0.0
20230306:2111,0.0,0.0,0.0,2.34,2.62,0.0
20230306:2211,0.0,0.0,0.0,2.2,2.14,0.0
20230306:2311,0.0,0.0,0.0,2.2,1.86,0.0
20230307:0011,0.0,0.0,0.0,1.79,1.45,0.0
20230307:0111,0.0,0.0,0.0,1.26,1.1,0.0
20230307:0211,0.0,0.0,0.0,0.9,0.97,0.0
20230307:0311,0.0,0.0,0.0,1.01,0.83,0.0
20230307:0411,0.0,0.0,0.0,0.38,0.9,0.0
20230307:0511,0.0,0.0,0.0,-0.64,1.31,0.0
20230307:0611,0.0,0.0,0.0,-1.7,1.52,0.0
20230307:0711,6.86,19.62,3.17,-2.57,1.38,0.0
20230307:0811,249.46,304.67,11.57,-0.84,0.76,0.0
20230307:0911,453.86,543.04,19.09,1.16,1.17,0.0
20230307:1011,601.31,731.95,25.24,2.44,2.0,0.0
20230307:1111,700.56,863.4,29.44,3.32,2.97,0.0
20230307:1211,141.13,176.53,31.21,3.96,3.24,0.0
20230307:1311,677.19,831.53,30.29,4.36,3.31,0.0
20230307:1411,463.73,551.19,26.83,4.51,3.31,0.0
20230307:1511,462.33,549.12,21.25,4.47,3.45,0.0
20230307:1611,318.09,382.15,14.11,4.0,3.52,0.0
20230307:1711,88.28,130.69,5.94,3.12,2.9,0.0
20230307:1811,0.0,0.0,0.0,1.53,2.34,0.0
20230307:1911,0.0,0.0,0.0,0.71,1.79,0.0
20230307:2011,0.0,0.0,0.0,-0.26,1.1,0.0
20230307:2111,0.0,0.0,0.0,0.42,0.21,0.0
20230307:2211,0.0,0.0,0.0,-0.21,0.83,0.0
20230307:2311,0.0,0.0,0.0,-2.49,1.45,0.0
20230308:0011,0.0,0.0,0.0,-3.16,1.52,0.0
20230308:0111,0.0,0.0,0.0,-3.41,1.66,0.0
20230308:0211,0.0,0.0,0.0,-3.35,1.72,0.0
20230308:0311,0.0,0.0,0.0,-3.07,1.79,0.0
20230308:0411,0.0,0.0,0.0,-2.37,1.86,0.0
20230308:0511,0.0,0.0,0.0,-1.76,2.07,0.0
20230308:0611,0.0,0.0,0.0,-1.33,2.21,0.0
20230308:0711,2.2,10.2,3.52,-1.11,2.69,0.0
20230308:0811,116.81,148.41,11.93,-0.33,2.62,0.0
20230308:0911,173.92,209.53,19.47,0.71,3.1,0.0
20230308:1011,294.79,344.81,25.62,1.75,3.66,0.0
20230308:1111,370.88,432.74,29.83,2.58,4.34,0.0
20230308:1211,368.33,429.92,31.6,3.18,5.03,0.0
20230308:1311,197.72,238.04,30.67,3.29,4.9,0.0
20230308:1411,100.93,130.72,27.18,3.51,4.9,0.0
20230308:1511,70.64,96.42,21.57,3.45,5.17,0.0
20230308:1611,44.29,65.82,14.41,2.93,4.69,0.0
20230308:1711,10.36,23.18,6.22,2.38,3.66,0.0
20230308:1811,0.0,0.0,0.0,1.73,3.72,0.0
20230308:1911,0.0,0.0,0.0,1.42,4.14,0.0
20230308:2011,0.0,0.0,0.0,1.17,3.93,0.0
20230308:2111,0.0,0.0,0.0,1.03,3.72,0.0
20230308:2211,0.0,0.0,0.0,0.86,3.66,0.0
20230308:2311,0.0,0.0,0.0,0.77,3.38,0.0
20230309:0011,0.0,0.0,0.0,0.71,3.17,0.0
20230309:0111,0.0,0.0,0.0,0.24,3.03,0.0
20230309:0211,0.0,0.0,0.0,-0.54,2.69,0.0
20230309:0311,0.0,0.0,0.0,-0.79,2.41,0.0
20230309:0411,0.0,0.0,0.0,-0.95,2.55,0.0
20230309:0511,0.0,0.0,0.0,-0.8,2.83,0.0
20230309:0611,0.0,0.0,0.0,-0.52,2.9,0.0
20230309:0711,1.69,9.27,3.87,-0.01,3.59,0.0
20230309:0811,14.55,28.74,12.29,0.42,4.14,0.0
20230309:0911,66.56,90.86,19.84,0.69,3.86,0.0
20230309:1011,92.84,120.52,26.01,1.06,4.07,0.0
20230309:1111,85.29,112.18,30.23,1.38,4.41,0.0
20230309:1211,122.7,153.9,31.99,1.62,4.97,0.0
20230309:1311,110.98,140.92,31.05,1.82,5.45,0.0
20230309:1411,45.44,66.75,27.53,1.44,5.59,0.0
20230309:1511,70.57,95.49,21.9,1.4,5.93,0.0
20230309:1611,76.74,102.31,14.71,1.27,7.52,0.0
20230309:1711,9.79,22.25,6.51,1.18,7.93,0.0
20230309:1811,0.0,0.0,0.0,1.05,8.21,0.0
20230309:1911,0.0,0.0,0.0,0.76,8.34,0.0
20230309:2011,0.0,0.0,0.0,0.78,8.62,0.0
20230309:2111,0.0,0.0,0.0,0.76,8.76,0.0
20230309:2211,0.0,0.0,0.0,0.76,8.83,0.0
20230309:2311,0.0,0.0,0.0,0.83,8.83,0.0
20230310:0011,0.0,0.0,0.0,0.88,8.9,0.0
20230310:0111,0.0,0.0,0.0,1.05,8.9,0.0
20230310:0211,0.0,0.0,0.0,1.02,8.55,0.0
20230310:0311,0.0,0.0,0.0,0.9,8.0,0.0
20230310:0411,0.0,0.0,0.0,0.81,7.52,0.0
20230310:0511,0.0,0.0,0.0,0.67,6.9,0.0
20230310:0611,0.0,0.0,0.0,0.52,5.86,0.0
20230310:0711,7.34,19.33,4.23,0.43,5.03,0.0
20230310:0811,64.31,88.5,12.65,0.47,4.48,0.0
20230310:0911,121.66,151.88,20.22,0.72,4.34,0.0
20230310:1011,452.32,523.32,26.4,1.27,4.83,0.0
20230310:1111,465.51,540.39,30.62,1.81,5.03,0.0
20230310:1211,776.02,946.13,32.38,2.24,4.48,0.0
20230310:1311,749.73,916.3,31.42,2.56,4.0,0.0
20230310:1411,662.23,800.45,27.88,2.74,3.52,0.0
20230310:1511,527.12,627.3,22.22,2.8,3.1,0.0
20230310:1611,335.09,401.4,15.01,2.41,2.55,0.0
20230310:1711,86.67,125.94,6.79,1.46,1.93,0.0
20230310:1811,0.0,0.0,0.0,-0.79,1.72,0.0
20230310:1911,0.0,0.0,0.0,-0.12,1.45,0.0
20230310:2011,0.0,0.0,0.0,0.39,1.03,0.0
20230310:2111,0.0,0.0,0.0,-0.15,0.97,0.0
20230310:2211,0.0,0.0,0.0,-0.39,0.97,0.0
20230310:2311,0.0,0.0,0.0,-1.83,1.38,0.0
20230311:0011,0.0,0.0,0.0,-3.66,1.66,0.0
20230311:0111,0.0,0.0,0.0,-4.52,1.79,0.0
20230311:0211,0.0,0.0,0.0,-5.43,1.93,0.0
20230311:0311,0.0,0.0,0.0,-5.93,2.0,0.0
20230311:0411,0.0,0.0,0.0,-6.34,2.0,0.0
20230311:0511,0.0,0.0,0.0,-7.12,2.07,0.0
20230311:0611,0.0,0.0,0.0,-7.83,2.28,0.0
20230311:0711,2.81,11.13,4.58,-6.47,2.0,0.0
20230311:0811,267.03,315.45,13.02,-5.34,1.86,0.0
20230311:0911,370.47,427.12,20.59,-3.41,1.86,0.0
20230311:1011,471.21,553.55,26.79,-0.43,2.0,0.0
20230311:1111,700.07,860.53,31.02,1.28,2.41,0.0
20230311:1211,700.53,857.97,32.78,1.8,2.9,0.0
20230311:1311,362.73,426.21,31.8,2.31,3.03,0.0
20230311:1411,195.75,235.76,28.24,2.37,3.1,0.0
20230311:1511,59.46,83.44,22.55,2.52,3.17,0.0
20230311:1611,23.72,40.79,15.31,2.11,3.45,0.0
20230311:1711,25.86,44.38,7.08,1.82,3.93,0.0
20230311:1811,0.0,0.0,0.0,1.59,4.55,0.0
20230311:1911,0.0,0.0,0.0,1.62,5.03,0.0
20230311:2011,0.0,0.0,0.0,1.46,5.38,0.0
20230311:2111,0.0,0.0,0.0,1.48,5.52,0.0
20230311:2211,0.0,0.0,0.0,1.47,5.38,0.0
20230311:2311,0.0,0.0,0.0,1.71,4.9,0.0
20230312:0011,0.0,0.0,0.0,1.83,4.07,0.0
20230312:0111,0.0,0.0,0.0,2.5,2.97,0.0
20230312:0211,0.0,0.0,0.0,4.42,4.21,0.0
20230312:0311,0.0,0.0,0.0,5.67,5.45,0.0
20230312:0411,0.0,0.0,0.0,5.86,5.72,0.0
20230312:0511,0.0,0.0,0.0,6.14,5.72,0.0
20230312:0611,0.0,0.0,0.0,6.15,5.66,0.0
20230312:0711,5.83,16.69,4.94,6.63,5.59,0.0
20230312:0811,26.81,45.43,13.39,6.82,5.03,0.0
20230312:0911,281.13,336.88,20.97,7.34,4.55,0.0
20230312:1011,510.28,612.09,27.18,8.06,4.97,0.0
20230312:1111,535.48,641.6,31.42,9.07,6.48,0.0
20230312:1211,469.82,565.12,33.17,9.86,5.79,0.0
20230312:1311,423.47,514.19,32.18,10.91,4.55,0.0
20230312:1411,188.51,235.29,28.59,11.76,6.48,0.0
20230312:1511,84.5,116.01,22.87,11.76,4.97,0.0
20230312:1611,58.99,85.72,15.62,11.21,4.97,0.0
20230312:1711,15.86,31.94,7.36,10.64,4.97,0.0
20230312:1811,0.0,0.0,0.0,9.79,4.69,0.0
20230312:1911,0.0,0.0,0.0,9.22,4.83,0.0
20230312:2011,0.0,0.0,0.0,8.79,4.76,0.0
20230312:2111,0.0,0.0,0.0,8.82,5.38,0.0
20230312:2211,0.0,0.0,0.0,8.87,5.72,0.0
20230312:2311,0.0,0.0,0.0,9.45,5.93,0.0
20230313:0011,0.0,0.0,0.0,10.28,6.55,0.0
20230313:0111,0.0,0.0,0.0,10.9,6.62,0.0
20230313:0211,0.0,0.0,0.0,10.93,6.48,0.0
20230313:0311,0.0,0.0,0.0,10.99,7.03,0.0
20230313:0411,0.0,0.0,0.0,11.22,7.59,0.0
20230313:0511,0.0,0.0,0.0,11.16,7.86,0.0
20230313:0611,0.0,0.0,0.0,10.61,8.69,0.0
20230313:0711,6.88,18.54,5.3,9.85,8.62,0.0
20230313:0811,12.52,26.89,13.75,9.88,8.41,0.0
20230313:0911,116.8,151.72,21.35,10.06,8.0,0.0
20230313:1011,88.42,119.6,27.57,10.27,7.86,0.0
20230313:1111,103.71,137.21,31.82,10.46,9.03,0.0
20230313:1211,30.73,50.99,33.57,10.54,8.62,0.0
20230313:1311,63.78,90.86,32.56,10.3,8.55,0.0
20230313:1411,32.28,52.85,28.94,10.11,8.07,0.0
20230313:1511,84.59,115.06,23.2,10.15,7.86,0.0
20230313:1611,106.5,140.34,15.92,9.83,7.1,0.0
20230313:1711,84.61,125.84,7.65,9.49,6.55,0.0
20230313:1811,0.0,0.0,0.0,9.15,6.28,0.0
20230313:1911,0.0,0.0,0.0,8.74,5.31,0.0
20230313:2011,0.0,0.0,0.0,7.33,4.62,0.0
20230313:2111,0.0,0.0,0.0,5.89,4.21,0.0
20230313:2211,0.0,0.0,0.0,5.7,3.93,0.0
20230313:2311,0.0,0.0,0.0,5.35,3.38,0.0
20230314:0011,0.0,0.0,0.0,4.72,3.31,0.0
20230314:0111,0.0,0.0,0.0,4.03,3.38,0.0
20230314:0211,0.0,0.0,0.0,3.27,3.31,0.0
20230314:0311,0.0,0.0,0.0,2.86,3.03,0.0
20230314:0411,0.0,0.0,0.0,2.41,2.69,0.0
20230314:0511,0.0,0.0,0.0,2.14,2.83,0.0
20230314:0611,0.0,0.0,0.0,1.72,2.83,0.0
20230314:0711,21.5,40.4,5.66,1.54,2.41,0.0
20230314:0811,257.89,313.33,14.12,2.09,2.34,0.0
20230314:0911,495.06,587.94,21.73,3.42,3.45,0.0
20230314:1011,587.22,699.93,27.97,4.56,4.69,0.0
20230314:1111,163.87,201.65,32.22,4.89,6.14,0.0
20230314:1211,204.7,247.18,33.97,4.6,5.45,0.0
20230314:1311,202.28,245.52,32.94,5.17,4.55,0.0
20230314:1411,43.76,65.82,29.29,5.26,4.0,0.0
20230314:1511,26.38,44.5,23.52,4.62,5.38,0.0
20230314:1611,92.54,121.34,16.22,3.55,4.76,0.0
20230314:1711,0.76,7.42,7.93,3.2,3.79,0.0
20230314:1811,0.0,0.0,0.0,2.47,3.52,0.0
20230314:1911,0.0,0.0,0.0,2.26,2.69,0.0
20230314:2011,0.0,0.0,0.0,1.93,2.41,0.0
20230314:2111,0.0,0.0,0.0,1.39,2.14,0.0
20230314:2211,0.0,0.0,0.0,0.65,1.38,0.0
20230314:2311,0.0,0.0,0.0,-0.85,1.45,0.0
20230315:0011,0.0,0.0,0.0,-0.74,1.1,0.0
20230315:0111,0.0,0.0,0.0,-1.01,0.34,0.0
20230315:0211,0.0,0.0,0.0,-3.79,1.03,0.0
20230315:0311,0.0,0.0,0.0,-4.52,1.38,0.0
20230315:0411,0.0,0.0,0.0,-4.69,1.45,0.0
20230315:0511,0.0,0.0,0.0,-4.53,1.52,0.0
20230315:0611,0.0,0.0,0.0,-4.1,1.66,0.0
20230315:0711,13.96,28.14,6.03,-2.62,1.72,0.0
20230315:0811,181.82,221.46,14.49,-0.66,1.72,0.0
20230315:0911,198.09,237.99,22.12,1.56,2.14,0.0
20230315:1011,223.83,268.68,28.36,3.56,2.9,0.0
20230315:1111,259.02,309.92,32.62,4.72,3.45,0.0
20230315:1211,277.7,331.75,34.36,5.37,4.0,0.0
20230315:1311,256.76,307.58,33.32,5.43,4.21,0.0
20230315:1411,96.69,127.01,29.64,5.41,4.41,0.0
20230315:1511,67.56,93.64,23.84,5.29,4.62,0.0
20230315:1611,51.7,75.1,16.51,4.91,4.41,0.0
20230315:1711,11.56,25.03,8.21,4.35,4.62,0.0
20230315:1811,0.0,0.0,0.0,4.3,4.9,0.0
20230315:1911,0.0,0.0,0.0,5.25,5.38,0.0
20230315:2011,0.0,0.0,0.0,5.63,5.79,0.0
20230315:2111,0.0,0.0,0.0,5.9,5.86,0.0
20230315:2211,0.0,0.0,0.0,6.1,5.66,0.0
20230315:2311,0.0,0.0,0.0,6.41,5.24,0.0
20230316:0011,0.0,0.0,0.0,6.86,4.9,0.0
20230316:0111,0.0,0.0,0.0,7.27,5.03,0.0
20230316:0211,0.0,0.0,0.0,7.76,5.45,0.0
20230316:0311,0.0,0.0,0.0,8.19,5.66,0.0
20230316:0411,0.0,0.0,0.0,8.42,5.52,0.0
20230316:0511,0.0,0.0,0.0,8.46,5.1,0.0
20230316:0611,0.0,0.0,0.0,8.41,4.76,0.0
20230316:0711,3.54,12.98,6.39,8.96,5.03,0.0
20230316:0811,17.97,34.3,14.87,9.13,5.24,0.0
20230316:0911,52.97,77.88,22.5,9.31,5.45,0.0
20230316:1011,106.96,140.94,28.75,9.96,6.34,0.0
20230316:1111,42.65,65.82,33.02,10.78,6.28,0.0
20230316:1211,83.22,114.03,34.76,11.05,6.83,0.0
20230316:1311,145.19,185.53,33.69,10.87,6.07,0.0
20230316:1411,173.31,217.1,30.0,10.41,5.72,0.0
20230316:1511,60.52,87.15,24.16,10.2,5.38,0.0
20230316:1611,19.96,37.08,16.81,10.1,5.38,0.0
20230316:1711,17.21,33.38,8.5,9.87,5.1,0.0
20230316:1811,0.0,0.0,0.0,9.71,4.69,0.0
20230316:1911,0.0,0.0,0.0,9.59,4.76,0.0
20230316:2011,0.0,0.0,0.0,9.41,4.62,0.0
20230316:2111,0.0,0.0,0.0,9.19,4.41,0.0
20230316:2211,0.0,0.0,0.0,9.12,4.21,0.0
20230316:2311,0.0,0.0,0.0,9.17,3.86,0.0
20230317:0011,0.0,0.0,0.0,9.17,3.66,0.0
20230317:0111,0.0,0.0,0.0,9.29,3.52,0.0
20230317:0211,0.0,0.0,0.0,9.27,3.52,0.0
20230317:0311,0.0,0.0,0.0,9.18,3.45,0.0
20230317:0411,0.0,0.0,0.0,9.05,3.31,0.0
20230317:0511,0.0,0.0,0.0,8.98,3.1,0.0
20230317:0611,0.0,0.0,0.0,8.89,3.03,0.0
20230317:0711,51.86,85.51,6.75,9.13,3.24,0.0
20230317:0811,151.44,194.02,15.24,9.54,3.66,0.0
20230317:0911,362.3,436.86,22.88,10.4,5.24,0.0
20230317:1011,494.25,599.91,29.15,10.85,5.17,0.0
20230317:1111,397.38,482.4,33.43,11.36,4.97,0.0
20230317:1211,126.29,165.02,35.16,12.08,4.97,0.0
20230317:1311,208.49,260.92,34.07,12.84,4.97,0.0
20230317:1411,338.71,416.48,30.35,13.4,4.21,0.0
20230317:1511,203.45,255.59,24.49,13.46,3.93,0.0
20230317:1611,325.82,405.37,17.11,12.38,3.86,0.0
20230317:1711,91.75,135.59,8.78,11.95,2.9,0.0
20230317:1811,0.0,0.0,0.0,11.24,3.03,0.0
20230317:1911,0.0,0.0,0.0,10.6,2.97,0.0
20230317:2011,0.0,0.0,0.0,10.41,3.03,0.0
20230317:2111,0.0,0.0,0.0,9.98,3.24,0.0
20230317:2211,0.0,0.0,0.0,9.58,3.1,0.0
20230317:2311,0.0,0.0,0.0,9.31,2.97,0.0
20230318:0011,0.0,0.0,0.0,9.14,2.83,0.0
20230318:0111,0.0,0.0,0.0,8.45,2.69,0.0
20230318:0211,0.0,0.0,0.0,8.15,2.48,0.0
20230318:0311,0.0,0.0,0.0,8.45,2.34,0.0
20230318:0411,0.0,0.0,0.0,8.56,2.28,0.0
20230318:0511,0.0,0.0,0.0,8.6,2.14,0.0
20230318:0611,0.0,0.0,0.0,8.61,1.86,0.0
20230318:0711,72.34,116.42,7.12,8.65,1.72,0.0
20230318:0811,175.17,222.33,15.61,9.08,2.28,0.0
20230318:0911,176.64,222.18,23.27,10.02,2.14,0.0
20230318:1011,123.19,161.33,29.55,10.88,2.21,0.0
20230318:1111,413.8,511.58,33.83,11.48,2.48,0.0
20230318:1211,541.07,681.93,35.55,12.22,2.69,0.0
20230318:1311,105.01,140.92,34.45,12.45,2.83,0.0
20230318:1411,54.32,80.66,30.7,12.45,2.9,0.0
20230318:1511,293.41,361.0,24.81,12.02,3.1,0.0
20230318:1611,14.36,29.67,17.41,11.47,3.38,0.0
20230318:1711,52.71,81.25,9.06,10.62,3.59,0.0
20230318:1811,0.0,0.0,0.0,9.21,3.17,0.0
20230318:1911,0.0,0.0,0.0,8.85,3.45,0.0
20230318:2011,0.0,0.0,0.0,8.1,3.79,0.0
20230318:2111,0.0,0.0,0.0,7.58,3.59,0.0
20230318:2211,0.0,0.0,0.0,7.09,4.41,0.0
20230318:2311,0.0,0.0,0.0,6.64,4.9,0.0
20230319:0011,0.0,0.0,0.0,6.22,4.97,0.0
20230319:0111,0.0,0.0,0.0,5.43,4.69,0.0
20230319:0211,0.0,0.0,0.0,5.32,4.41,0.0
20230319:0311,0.0,0.0,0.0,5.38,4.14,0.0
20230319:0411,0.0,0.0,0.0,5.42,4.0,0.0
20230319:0511,0.0,0.0,0.0,5.73,4.21,0.0
20230319:0611,0.0,0.0,0.0,5.95,4.21,0.0
20230319:0711,52.85,84.01,7.48,6.2,3.72,0.0
20230319:0811,106.28,139.06,15.98,6.57,4.0,0.0
20230319:0911,132.86,169.05,23.65,7.57,4.55,0.0
20230319:1011,175.69,218.33,29.94,8.22,4.55,0.0
20230319:1111,134.06,171.49,34.23,8.6,4.76,0.0
20230319:1211,336.7,406.01,35.95,8.82,4.34,0.0
20230319:1311,303.19,366.69,34.83,9.15,4.48,0.0
20230319:1411,111.22,145.56,31.04,8.85,4.55,0.0
20230319:1511,298.56,360.37,25.13,8.55,3.72,0.0
20230319:1611,119.4,154.91,17.7,8.36,3.52,0.0
20230319:1711,20.14,37.08,9.34,8.08,2.62,0.0
20230319:1811,0.0,0.0,0.0,7.62,1.59,0.0
20230319:1911,0.0,0.0,0.0,7.71,1.79,0.0
20230319:2011,0.0,0.0,0.0,7.39,1.52,0.0
20230319:2111,0.0,0.0,0.0,7.0,2.48,0.0
20230319:2211,0.0,0.0,0.0,6.88,2.97,0.0
20230319:2311,0.0,0.0,0.0,6.63,3.24,0.0
20230320:0011,0.0,0.0,0.0,6.43,3.45,0.0
20230320:0111,0.0,0.0,0.0,6.21,3.66,0.0
20230320:0211,0.0,0.0,0.0,6.41,3.72,0.0
20230320:0311,0.0,0.0,0.0,6.82,3.66,0.0
20230320:0411,0.0,0.0,0.0,7.52,3.59,0.0
20230320:0511,0.0,0.0,0.0,8.27,3.59,0.0
20230320:0611,0.0,0.0,0.0,8.87,3.72,0.0
20230320:0711,20.48,37.96,7.85,8.81,2.9,0.0
20230320:0811,39.05,61.19,16.36,9.19,2.21,0.0
20230320:0911,68.33,96.42,24.04,9.71,2.83,0.0
20230320:1011,118.98,155.72,30.34,10.38,3.45,0.0
20230320:1111,303.31,370.43,34.64,11.01,4.07,0.0
20230320:1211,296.46,364.34,36.35,11.59,3.59,0.0
20230320:1311,243.17,301.58,35.21,12.16,3.86,0.0
20230320:1411,312.0,383.29,31.39,12.74,4.07,0.0
20230320:1511,134.64,175.26,25.44,12.93,3.86,0.0
20230320:1611,36.88,59.33,18.0,12.97,3.72,0.0
20230320:1711,35.37,58.31,9.62,12.68,2.83,0.0
20230320:1811,0.0,0.0,0.0,12.0,2.83,0.0
20230320:1911,0.0,0.0,0.0,12.24,3.52,0.0
20230320:2011,0.0,0.0,0.0,11.67,3.93,0.0
20230320:2111,0.0,0.0,0.0,10.9,3.93,0.0
20230320:2211,0.0,0.0,0.0,10.36,3.93,0.0
20230320:2311,0.0,0.0,0.0,9.93,4.14,0.0
20230321:0011,0.0,0.0,0.0,9.56,4.69,0.0
20230321:0111,0.0,0.0,0.0,9.34,5.03,0.0
20230321:0211,0.0,0.0,0.0,8.94,5.03,0.0
20230321:0311,0.0,0.0,0.0,8.71,4.76,0.0
20230321:0411,0.0,0.0,0.0,8.62,4.48,0.0
20230321:0511,0.0,0.0,0.0,8.63,4.62,0.0
20230321:0611,0.0,0.0,0.0,8.67,4.62,0.0
20230321:0711,0.0,0.0,0.0,9.35,4.48,0.0
20230321:0811,0.0,0.0,0.0,9.55,4.9,0.0
20230321:0911,150.58,190.98,24.42,9.97,4.62,0.0
20230321:1011,533.4,652.12,30.74,10.68,4.62,0.0
20230321:1111,140.13,180.74,35.04,11.69,5.1,0.0
20230321:1211,237.1,293.45,36.75,12.35,5.52,0.0
20230321:1311,77.77,108.47,35.58,12.67,5.86,0.0
20230321:1411,99.02,133.5,31.74,12.79,5.79,0.0
20230321:1511,306.2,373.62,25.76,12.91,5.86,0.0
20230321:1611,282.6,349.72,18.29,12.42,5.31,0.0
20230321:1711,60.47,91.19,9.89,11.74,4.69,0.0
20230321:1811,0.0,0.0,0.0,10.92,4.76,0.0
20230321:1911,0.0,0.0,0.0,10.11,4.97,0.0
20230321:2011,0.0,0.0,0.0,9.66,5.59,0.0
20230321:2111,0.0,0.0,0.0,9.19,6.21,0.0
20230321:2211,0.0,0.0,0.0,9.13,6.76,0.0
20230321:2311,0.0,0.0,0.0,9.08,7.17,0.0
20230322:0011,0.0,0.0,0.0,9.17,7.52,0.0
20230322:0111,0.0,0.0,0.0,9.2,7.79,0.0
20230322:0211,0.0,0.0,0.0,9.35,7.79,0.0
20230322:0311,0.0,0.0,0.0,9.64,7.1,0.0
20230322:0411,0.0,0.0,0.0,9.91,6.41,0.0
20230322:0511,0.0,0.0,0.0,9.58,6.41,0.0
20230322:0611,0.0,0.0,0.0,8.26,6.0,0.0
20230322:0711,0.0,0.0,0.0,7.9,4.83,0.0
20230322:0811,317.56,389.77,17.1,8.18,4.21,0.0
20230322:0911,484.14,581.31,24.81,9.03,5.52,0.0
20230322:1011,624.14,759.34,31.13,10.03,6.21,0.0
20230322:1111,754.58,933.42,35.44,11.07,7.31,0.0
20230322:1211,740.48,914.54,37.14,11.82,7.86,0.0
20230322:1311,76.45,106.62,35.96,12.35,7.79,0.0
20230322:1411,273.01,332.94,32.09,12.53,7.79,0.0
20230322:1511,60.83,88.08,26.08,12.13,7.52,0.0
20230322:1611,286.28,352.24,18.58,12.0,6.34,0.0
20230322:1711,62.94,94.07,10.17,11.45,5.59,0.0
20230322:1811,0.0,0.0,0.0,10.66,4.9,0.0
20230322:1911,0.0,0.0,0.0,10.03,5.93,0.0
20230322:2011,0.0,0.0,0.0,9.54,6.41,0.0
20230322:2111,0.0,0.0,0.0,9.0,6.48,0.0
20230322:2211,0.0,0.0,0.0,8.62,6.9,0.0
20230322:2311,0.0,0.0,0.0,8.55,6.76,0.0
20230323:0011,0.0,0.0,0.0,7.9,6.07,0.0
20230323:0111,0.0,0.0,0.0,6.98,5.66,0.0
20230323:0211,0.0,0.0,0.0,6.35,5.17,0.0
20230323:0311,0.0,0.0,0.0,6.13,4.83,0.0
20230323:0411,0.0,0.0,0.0,5.96,4.69,0.0
20230323:0511,0.0,0.0,0.0,6.04,4.76,0.0
20230323:0611,0.0,0.0,0.0,6.13,5.1,0.0
20230323:0711,67.29,101.58,8.95,6.91,5.59,0.0
20230323:0811,193.9,240.18,17.48,7.92,5.72,0.0
20230323:0911,115.41,149.89,25.19,9.11,7.03,0.0
20230323:1011,52.77,77.88,31.53,10.33,7.1,0.0
20230323:1111,382.05,459.5,35.84,10.99,6.97,0.0
20230323:1211,643.49,789.93,37.54,11.22,6.62,0.0
20230323:1311,384.95,466.03,36.33,11.78,6.28,0.0
20230323:1411,369.69,448.16,32.43,12.16,6.07,0.0
20230323:1511,485.88,592.08,26.39,12.27,5.66,0.0
20230323:1611,89.36,121.87,18.87,12.04,5.17,0.0
20230323:1711,42.65,66.92,10.45,10.72,4.34,0.0
20230323:1811,0.0,0.0,0.0,10.42,4.21,0.0
20230323:1911,0.0,0.0,0.0,9.56,4.69,0.0
20230323:2011,0.0,0.0,0.0,9.05,4.55,0.0
20230323:2111,0.0,0.0,0.0,8.62,4.41,0.0
20230323:2211,0.0,0.0,0.0,8.12,4.55,0.0
20230323:2311,0.0,0.0,0.0,7.62,4.9,0.0
20230324:0011,0.0,0.0,0.0,7.69,5.31,0.0
20230324:0111,0.0,0.0,0.0,7.29,5.59,0.0
20230324:0211,0.0,0.0,0.0,6.97,5.38,0.0
20230324:0311,0.0,0.0,0.0,6.65,5.03,0.0
20230324:0411,0.0,0.0,0.0,6.23,4.69,0.0
20230324:0511,0.0,0.0,0.0,6.07,4.62,0.0
20230324:0611,0.0,0.0,0.0,6.07,4.69,0.0
20230324:0711,106.92,158.21,9.31,6.74,5.52,0.0
20230324:0811,285.98,349.1,17.85,7.66,4.62,0.0
20230324:0911,280.09,335.75,25.57,8.93,7.24,0.0
20230324:1011,264.09,319.23,31.92,10.17,7.93,0.0
20230324:1111,343.7,413.61,36.25,11.08,7.59,0.0
20230324:1211,316.91,383.86,37.93,11.57,7.24,0.0
20230324:1311,752.15,927.38,36.71,10.52,7.38,0.0
20230324:1411,294.0,355.46,32.78,11.17,7.52,0.0
20230324:1511,327.37,393.74,26.71,11.2,7.52,0.0
20230324:1611,250.95,307.94,19.16,10.72,6.76,0.0
20230324:1711,111.79,158.13,10.72,10.14,6.14,0.0
20230324:1811,0.0,0.93,1.87,9.41,5.86,0.0
20230324:1911,0.0,0.0,0.0,8.71,5.59,0.0
20230324:2011,0.0,0.0,0.0,8.22,5.72,0.0
20230324:2111,0.0,0.0,0.0,7.78,5.79,0.0
20230324:2211,0.0,0.0,0.0,7.56,5.86,0.0
20230324:2311,0.0,0.0,0.0,7.32,5.93,0.0
20230325:0011,0.0,0.0,0.0,7.1,6.0,0.0
20230325:0111,0.0,0.0,0.0,7.1,6.21,0.0
20230325:0211,0.0,0.0,0.0,7.09,6.76,0.0
20230325:0311,0.0,0.0,0.0,6.97,7.17,0.0
20230325:0411,0.0,0.0,0.0,6.95,7.31,0.0
20230325:0511,0.0,0.0,0.0,6.77,7.72,0.0
20230325:0611,0.0,0.0,0.0,6.52,7.59,0.0
20230325:0711,79.37,116.69,9.68,6.87,7.17,0.0
20230325:0811,85.7,115.17,18.22,7.24,6.69,0.0
20230325:0911,177.18,219.2,25.96,8.01,5.52,0.0
20230325:1011,138.75,176.87,32.32,8.91,5.38,0.0
20230325:1111,207.43,256.11,36.65,9.57,5.17,0.0
20230325:1211,611.48,753.01,38.33,10.22,5.1,0.0
20230325:1311,167.09,210.2,37.08,9.63,4.83,0.0
20230325:1411,367.79,445.86,33.12,10.14,4.14,0.0
20230325:1511,215.2,265.95,27.02,10.07,3.59,0.0
20230325:1611,241.96,300.12,19.45,10.11,2.97,0.0
20230325:1711,39.37,62.31,11.0,9.84,2.55,0.0
20230325:1811,0.0,3.71,2.14,8.77,1.79,0.0
20230325:1911,0.0,0.0,0.0,7.42,1.1,0.0
20230325:2011,0.0,0.0,0.0,5.63,1.66,0.0
20230325:2111,0.0,0.0,0.0,4.49,2.0,0.0
20230325:2211,0.0,0.0,0.0,3.83,2.07,0.0
20230325:2311,0.0,0.0,0.0,3.84,2.21,0.0
20230326:0011,0.0,0.0,0.0,4.12,2.55,0.0
20230326:0111,0.0,0.0,0.0,4.35,2.76,0.0
20230326:0211,0.0,0.0,0.0,4.86,2.97,0.0
20230326:0311,0.0,0.0,0.0,5.38,3.38,0.0
20230326:0411,0.0,0.0,0.0,5.53,3.93,0.0
20230326:0511,0.0,0.0,0.0,5.33,4.62,0.0
20230326:0611,0.0,0.0,0.0,5.19,4.97,0.0
20230326:0711,44.35,67.78,10.04,4.6,5.17,0.0
20230326:0811,320.53,382.98,18.59,5.07,6.48,0.0
20230326:0911,366.04,430.35,26.34,5.8,6.28,0.0
20230326:1011,547.2,650.57,32.71,6.57,6.0,0.0
20230326:1111,397.81,473.62,37.05,7.11,5.17,0.0
20230326:1211,128.09,164.1,38.72,7.65,4.55,0.0
20230326:1311,234.64,286.33,37.45,8.1,4.28,0.0
20230326:1411,114.91,149.26,33.46,7.78,3.93,0.0
20230326:1511,98.75,130.72,27.33,7.69,3.66,0.0
20230326:1611,132.15,168.99,19.74,7.48,3.24,0.0
20230326:1711,85.54,120.94,11.27,7.27,2.83,0.0
20230326:1811,0.0,3.71,2.4,6.8,2.14,0.0
20230326:1911,0.0,0.0,0.0,6.19,2.07,0.0
20230326:2011,0.0,0.0,0.0,5.58,1.93,0.0
20230326:2111,0.0,0.0,0.0,5.04,1.79,0.0
20230326:2211,0.0,0.0,0.0,4.15,1.66,0.0
20230326:2311,0.0,0.0,0.0,3.42,1.52,0.0
20230327:0011,0.0,0.0,0.0,2.49,1.31,0.0
20230327:0111,0.0,0.0,0.0,1.69,1.1,0.0
20230327:0211,0.0,0.0,0.0,1.77,0.9,0.0
20230327:0311,0.0,0.0,0.0,0.94,1.03,0.0
20230327:0411,0.0,0.0,0.0,0.36,1.24,0.0
20230327:0511,0.0,0.0,0.0,0.21,1.24,0.0
20230327:0611,0.0,0.0,0.0,-0.06,1.45,0.0
20230327:0711,116.89,165.79,10.41,1.7,0.9,0.0
20230327:0811,344.58,421.73,18.97,3.84,0.97,0.0
20230327:0911,513.63,633.74,26.72,4.72,0.9,0.0
20230327:1011,466.72,576.87,33.11,5.83,0.62,0.0
20230327:1111,414.7,510.39,37.45,6.57,0.76,0.0
20230327:1211,392.53,482.53,39.12,7.45,1.1,0.0
20230327:1311,337.69,412.72,37.83,7.98,1.66,0.0
20230327:1411,488.27,602.83,33.8,8.4,2.0,0.0
20230327:1511,170.35,214.36,27.64,8.83,1.93,0.0
20230327:1611,301.48,372.64,20.03,8.88,1.79,0.0
20230327:1711,142.35,199.56,11.54,8.76,1.86,0.0
20230327:1811,1.14,8.34,2.67,8.01,1.79,0.0
20230327:1911,0.0,0.0,0.0,6.54,2.14,0.0
20230327:2011,0.0,0.0,0.0,5.24,2.55,0.0
20230327:2111,0.0,0.0,0.0,4.53,2.83,0.0
20230327:2211,0.0,0.0,0.0,4.25,3.1,0.0
20230327:2311,0.0,0.0,0.0,4.28,3.45,0.0
20230328:0011,0.0,0.0,0.0,4.42,3.59,0.0
20230328:0111,0.0,0.0,0.0,4.46,3.72,0.0
20230328:0211,0.0,0.0,0.0,4.62,3.93,0.0
20230328:0311,0.0,0.0,0.0,4.73,4.07,0.0
20230328:0411,0.0,0.0,0.0,4.86,4.14,0.0
20230328:0511,0.0,0.0,0.0,4.95,4.07,0.0
20230328:0611,0.0,0.93,1.88,5.0,4.0,0.0
20230328:0711,45.18,68.63,10.77,5.22,3.93,0.0
20230328:0811,77.44,105.23,19.34,5.68,4.07,0.0
20230328:0911,33.64,53.77,27.11,6.03,4.34,0.0
20230328:1011,57.6,82.51,33.5,6.58,4.76,0.0
20230328:1111,238.39,289.4,37.85,7.69,5.1,0.0
20230328:1211,126.71,162.24,39.51,7.59,5.52,0.0
20230328:1311,116.96,151.12,38.2,7.83,6.48,0.0
20230328:1411,111.94,145.56,34.14,7.8,5.45,0.0
20230328:1511,75.59,103.84,27.95,7.81,5.59,0.0
20230328:1611,11.34,25.03,20.31,7.92,5.31,0.0
20230328:1711,44.18,67.57,11.81,8.11,4.9,0.0
20230328:1811,0.0,3.71,2.94,8.54,4.48,0.0
20230328:1911,0.0,0.0,0.0,8.4,4.21,0.0
20230328:2011,0.0,0.0,0.0,8.66,3.79,0.0
20230328:2111,0.0,0.0,0.0,8.92,3.45,0.0
20230328:2211,0.0,0.0,0.0,9.15,3.31,0.0
20230328:2311,0.0,0.0,0.0,9.26,3.31,0.0
20230329:0011,0.0,0.0,0.0,9.34,3.38,0.0
20230329:0111,0.0,0.0,0.0,9.19,3.24,0.0
20230329:0211,0.0,0.0,0.0,9.05,3.03,0.0
20230329:0311,0.0,0.0,0.0,8.89,3.03,0.0
20230329:0411,0.0,0.0,0.0,8.74,3.03,0.0
20230329:0511,0.0,0.0,0.0,8.68,3.24,0.0
20230329:0611,0.0,1.85,2.24,8.7,3.52,0.0
20230329:0711,112.75,162.96,11.13,9.45,4.0,0.0
20230329:0811,79.73,109.58,19.71,9.67,4.55,0.0
20230329:0911,105.79,139.79,27.49,10.14,5.79,0.0
20230329:1011,91.17,123.31,33.89,10.8,5.59,0.0
20230329:1111,60.99,88.08,38.25,11.28,5.52,0.0
20230329:1211,94.15,127.01,39.9,11.39,6.07,0.0
20230329:1311,98.08,131.65,38.56,11.48,5.93,0.0
20230329:1411,95.5,128.87,34.48,11.67,5.1,0.0
20230329:1511,94.59,127.94,28.26,11.97,5.31,0.0
20230329:1611,65.28,93.64,20.6,12.47,5.38,0.0
20230329:1711,73.27,106.46,12.09,12.4,4.9,0.0
20230329:1811,0.68,7.42,3.21,12.3,4.34,0.0
20230329:1911,0.0,0.0,0.0,11.59,4.07,0.0
20230329:2011,0.0,0.0,0.0,11.46,4.69,0.0
20230329:2111,0.0,0.0,0.0,11.18,4.34,0.0
20230329:2211,0.0,0.0,0.0,11.05,4.48,0.0
20230329:2311,0.0,0.0,0.0,10.85,4.48,0.0
20230330:0011,0.0,0.0,0.0,10.54,4.83,0.0
20230330:0111,0.0,0.0,0.0,10.38,5.03,0.0
20230330:0211,0.0,0.0,0.0,10.3,5.79,0.0
20230330:0311,0.0,0.0,0.0,9.96,5.86,0.0
20230330:0411,0.0,0.0,0.0,9.63,5.59,0.0
20230330:0511,0.0,0.0,0.0,9.37,5.17,0.0
20230330:0611,0.0,1.85,2.6,9.18,5.03,0.0
20230330:0711,126.67,181.88,11.49,9.12,4.48,0.0
20230330:0811,73.8,102.63,20.07,9.65,4.55,0.0
20230330:0911,90.19,122.38,27.87,10.81,4.07,0.0
20230330:1011,107.38,142.77,34.29,11.65,4.76,0.0
20230330:1111,160.08,203.65,38.64,11.45,5.17,0.0
20230330:1211,444.28,545.38,40.29,12.53,4.83,0.0
20230330:1311,436.94,537.87,38.93,12.94,4.55,0.0
20230330:1411,228.79,285.2,34.81,13.06,4.69,0.0
20230330:1511,393.97,480.58,28.56,12.62,5.1,0.0
20230330:1611,200.43,252.15,20.88,12.57,4.76,0.0
20230330:1711,119.81,169.04,12.35,12.36,3.86,0.0
20230330:1811,0.0,5.56,3.47,11.49,3.03,0.0
20230330:1911,0.0,0.0,0.0,10.67,2.9,0.0
20230330:2011,0.0,0.0,0.0,10.34,3.31,0.0
20230330:2111,0.0,0.0,0.0,9.93,3.72,0.0
20230330:2211,0.0,0.0,0.0,9.69,4.21,0.0
20230330:2311,0.0,0.0,0.0,9.65,4.34,0.0
20230331:0011,0.0,0.0,0.0,9.47,4.34,0.0
20230331:0111,0.0,0.0,0.0,9.17,4.83,0.0
20230331:0211,0.0,0.0,0.0,9.1,5.24,0.0
20230331:0311,0.0,0.0,0.0,9.02,5.17,0.0
20230331:0411,0.0,0.0,0.0,8.96,4.83,0.0
20230331:0511,0.0,0.0,0.0,8.87,4.41,0.0
20230331:0611,0.0,4.64,2.96,8.8,4.21,0.0
20230331:0711,104.24,147.87,11.85,8.69,4.07,0.0
20230331:0811,206.71,256.8,20.44,8.96,3.52,0.0
20230331:0911,108.31,142.55,28.24,9.35,4.14,0.0
20230331:1011,168.53,212.24,34.68,9.91,4.28,0.0
20230331:1111,155.1,197.3,39.04,10.25,4.14,0.0
20230331:1211,141.57,181.71,40.68,10.67,4.97,0.0
20230331:1311,141.45,181.71,39.3,10.79,4.83,0.0
20230331:1411,68.73,97.35,35.15,11.29,4.48,0.0
20230331:1511,120.85,158.11,28.87,11.09,4.28,0.0
20230331:1611,237.46,294.07,21.16,10.74,4.21,0.0
20230331:1711,8.67,21.32,12.62,10.2,3.79,0.0
20230331:1811,0.0,5.56,3.74,9.68,3.52,0.0
20230331:1911,0.0,0.0,0.0,9.25,3.38,0.0
20230331:2011,0.0,0.0,0.0,8.81,3.31,0.0
20230331:2111,0.0,0.0,0.0,8.38,3.38,0.0
20230331:2211,0.0,0.0,0.0,7.95,3.17,0.0
20230331:2311,0.0,0.0,0.0,7.56,3.1,0.0
20230401:0011,0.0,0.0,0.0,7.26,2.76,0.0
20230401:0111,0.0,0.0,0.0,7.01,2.34,0.0
20230401:0211,0.0,0.0,0.0,6.77,2.34,0.0
20230401:0311,0.0,0.0,0.0,6.69,2.41,0.0
20230401:0411,0.0,0.0,0.0,6.5,2.34,0.0
20230401:0511,0.0,0.0,0.0,6.18,2.41,0.0
20230401:0611,1.61,9.27,3.32,6.1,2.34,0.0
20230401:0711,109.84,153.08,12.21,6.12,2.55,0.0
20230401:0811,290.41,352.9,20.81,6.55,3.24,0.0
20230401:0911,380.62,457.86,28.62,7.41,3.24,0.0
20230401:1011,159.21,200.43,35.06,7.95,3.03,0.0
20230401:1111,136.03,174.3,39.43,8.45,3.03,0.0
20230401:1211,98.92,131.65,41.07,8.91,3.38,0.0
20230401:1311,86.85,117.74,39.66,9.26,3.93,0.0
20230401:1411,102.81,136.28,35.48,9.46,4.21,0.0
20230401:1511,128.84,166.21,29.17,9.5,4.28,0.0
20230401:1611,87.19,118.08,21.44,9.17,4.0,0.0
20230401:1711,73.61,104.65,12.89,8.91,3.52,0.0
20230401:1811,0.72,7.42,4.0,8.45,3.24,0.0
20230401:1911,0.0,0.0,0.0,8.12,2.83,0.0
20230401:2011,0.0,0.0,0.0,7.67,2.69,0.0
20230401:2111,0.0,0.0,0.0,7.32,2.76,0.0
20230401:2211,0.0,0.0,0.0,7.13,2.69,0.0
20230401:2311,0.0,0.0,0.0,6.89,2.55,0.0
20230402:0011,0.0,0.0,0.0,6.71,2.41,0.0
20230402:0111,0.0,0.0,0.0,6.55,2.21,0.0
20230402:0211,0.0,0.0,0.0,6.34,2.07,0.0
20230402:0311,0.0,0.0,0.0,6.21,2.0,0.0
20230402:0411,0.0,0.0,0.0,5.97,2.0,0.0
20230402:0511,0.0,0.0,0.0,5.73,2.14,0.0
20230402:0611,0.0,4.64,3.67,5.4,2.34,0.0
20230402:0711,91.05,126.8,12.57,6.12,2.69,0.0
20230402:0811,173.1,215.35,21.17,6.47,3.03,0.0
20230402:0911,255.21,309.43,29.0,7.23,3.1,0.0
20230402:1011,404.08,489.55,35.45,8.03,2.97,0.0
20230402:1111,694.08,887.46,39.83,8.87,2.69,0.0
20230402:1211,782.25,1029.14,41.45,9.66,2.69,0.0
20230402:1311,748.32,974.63,40.03,9.91,2.76,0.0
20230402:1411,667.2,849.09,35.81,10.29,2.97,0.0
20230402:1511,542.84,673.45,29.47,10.32,3.1,0.0
20230402:1611,377.74,466.91,21.72,9.98,2.97,0.0
20230402:1711,152.9,212.16,13.15,9.4,2.83,0.0
20230402:1811,7.41,20.04,4.26,8.38,2.48,0.0
20230402:1911,0.0,0.0,0.0,7.4,2.69,0.0
20230402:2011,0.0,0.0,0.0,5.99,3.1,0.0
20230402:2111,0.0,0.0,0.0,5.03,3.31,0.0
20230402:2211,0.0,0.0,0.0,4.33,3.24,0.0
20230402:2311,0.0,0.0,0.0,3.89,2.9,0.0
20230403:0011,0.0,0.0,0.0,3.22,2.55,0.0
20230403:0111,0.0,0.0,0.0,2.49,2.28,0.0
20230403:0211,0.0,0.0,0.0,2.11,2.21,0.0
20230403:0311,0.0,0.0,0.0,2.04,2.21,0.0
20230403:0411,0.0,0.0,0.0,1.73,2.21,0.0
20230403:0511,0.0,0.0,0.0,1.4,2.07,0.0
20230403:0611,7.01,18.76,4.03,1.1,2.07,0.0
20230403:0711,157.72,214.51,12.93,2.12,2.21,0.0
20230403:0811,398.55,475.13,21.53,3.64,4.41,0.0
20230403:0911,572.43,684.58,29.37,4.63,4.34,0.0
20230403:1011,725.51,895.79,35.84,5.85,4.28,0.0
20230403:1111,794.0,1004.82,40.22,6.99,4.14,0.0
20230403:1211,798.76,1021.19,41.84,8.03,4.0,0.0
20230403:1311,781.08,1002.46,40.39,8.78,3.72,0.0
20230403:1411,692.34,875.57,36.14,9.33,3.45,0.0
20230403:1511,562.26,695.54,29.77,9.65,3.38,0.0
20230403:1611,374.35,460.9,22.0,9.63,3.24,0.0
20230403:1711,162.73,224.71,13.42,9.31,3.03,0.0
20230403:1811,9.06,23.23,4.52,8.52,2.21,0.0
20230403:1911,0.0,0.0,0.0,7.21,2.21,0.0
20230403:2011,0.0,0.0,0.0,5.77,2.34,0.0
20230403:2111,0.0,0.0,0.0,4.75,2.55,0.0
20230403:2211,0.0,0.0,0.0,4.1,2.9,0.0
20230403:2311,0.0,0.0,0.0,3.65,3.24,0.0
20230404:0011,0.0,0.0,0.0,3.22,3.31,0.0
20230404:0111,0.0,0.0,0.0,2.67,3.03,0.0
20230404:0211,0.0,0.0,0.0,2.07,2.76,0.0
20230404:0311,0.0,0.0,0.0,1.4,2.55,0.0
20230404:0411,0.0,0.0,0.0,0.78,2.34,0.0
20230404:0511,0.0,0.0,0.0,0.25,2.41,0.0
20230404:0611,9.44,22.54,4.38,-0.05,2.48,0.0
20230404:0711,162.44,219.22,13.28,1.25,2.0,0.0
20230404:0811,396.74,478.93,21.89,3.63,2.41,0.0
20230404:0911,566.04,687.95,29.74,5.41,3.03,0.0
20230404:1011,694.93,869.55,36.22,7.0,3.31,0.0
20230404:1111,757.56,967.59,40.61,8.35,3.52,0.0
20230404:1211,788.61,1021.47,42.22,9.5,3.59,0.0
20230404:1311,765.4,990.22,40.75,10.4,3.59,0.0
20230404:1411,666.81,845.07,36.47,10.99,3.59,0.0
20230404:1511,537.35,666.96,30.07,11.26,3.52,0.0
20230404:1611,355.75,440.32,22.27,11.22,3.45,0.0
20230404:1711,155.95,215.99,13.68,10.82,3.17,0.0
20230404:1811,9.16,22.73,4.78,9.76,2.55,0.0
20230404:1911,0.0,0.0,0.0,8.38,2.62,0.0
20230404:2011,0.0,0.0,0.0,7.36,2.9,0.0
20230404:2111,0.0,0.0,0.0,6.78,2.97,0.0
20230404:2211,0.0,0.0,0.0,6.27,2.83,0.0
20230404:2311,0.0,0.0,0.0,5.71,2.69,0.0
20230405:0011,0.0,0.0,0.0,5.36,2.55,0.0
20230405:0111,0.0,0.0,0.0,5.16,2.41,0.0
20230405:0211,0.0,0.0,0.0,4.96,2.48,0.0
20230405:0311,0.0,0.0,0.0,4.91,2.55,0.0
20230405:0411,0.0,0.0,0.0,5.09,2.62,0.0
20230405:0511,0.0,0.0,0.0,5.44,2.69,0.0
20230405:0611,3.09,12.05,4.73,5.71,2.76,0.0
20230405:0711,13.4,27.81,13.63,6.46,2.48,0.0
20230405:0811,76.89,105.3,22.25,7.0,2.83,0.0
20230405:0911,125.88,161.67,30.11,7.35,3.24,0.0
20230405:1011,215.61,264.43,36.6,7.42,3.31,0.0
20230405:1111,103.6,136.28,41.0,7.61,3.52,0.0
20230405:1211,76.29,104.76,42.6,7.76,4.21,0.0
20230405:1311,60.34,86.22,41.1,7.85,3.79,0.0
20230405:1411,77.77,106.62,36.8,7.96,3.79,0.0
20230405:1511,77.76,106.62,30.37,8.04,3.93,0.0
20230405:1611,57.08,82.51,22.55,8.2,3.59,0.0
20230405:1711,39.27,61.19,13.94,8.28,3.24,0.0
20230405:1811,5.19,15.76,5.04,8.43,3.03,0.0
20230405:1911,0.0,0.0,0.0,8.63,2.69,0.0
20230405:2011,0.0,0.0,0.0,8.52,2.55,0.0
20230405:2111,0.0,0.0,0.0,8.38,2.41,0.0
20230405:2211,0.0,0.0,0.0,8.3,2.28,0.0
20230405:2311,0.0,0.0,0.0,8.21,2.07,0.0
20230406:0011,0.0,0.0,0.0,8.15,1.93,0.0
20230406:0111,0.0,0.0,0.0,8.32,1.79,0.0
20230406:0211,0.0,0.0,0.0,8.36,1.72,0.0
20230406:0311,0.0,0.0,0.0,8.43,1.52,0.0
20230406:0411,0.0,0.0,0.0,8.46,1.52,0.0
20230406:0511,0.0,0.0,0.0,8.43,1.72,0.0
20230406:0611,2.04,10.2,5.08,8.3,2.07,0.0
20230406:0711,85.04,118.3,13.98,8.17,2.97,0.0
20230406:0811,265.65,324.52,22.61,8.06,3.59,0.0
20230406:0911,501.27,606.69,30.48,8.64,4.34,0.0
20230406:1011,449.37,541.04,36.98,9.43,5.38,0.0
20230406:1111,427.36,515.02,41.38,10.14,6.07,0.0
20230406:1211,398.87,480.0,42.98,10.18,6.55,0.0
20230406:1311,183.11,228.31,41.46,10.2,7.1,0.0
20230406:1411,252.01,306.37,37.12,9.98,7.24,0.0
20230406:1511,402.79,481.04,30.66,9.9,7.17,0.0
20230406:1611,157.0,197.83,22.82,9.55,6.97,0.0
20230406:1711,137.54,186.78,14.2,9.05,6.34,0.0
20230406:1811,12.04,31.28,5.3,8.33,5.66,0.0
20230406:1911,0.0,0.0,0.0,7.45,4.9,0.0
20230406:2011,0.0,0.0,0.0,6.72,4.48,0.0
20230406:2111,0.0,0.0,0.0,6.18,4.0,0.0
20230406:2211,0.0,0.0,0.0,5.68,3.45,0.0
20230406:2311,0.0,0.0,0.0,5.08,2.97,0.0
20230407:0011,0.0,0.0,0.0,4.49,2.62,0.0
20230407:0111,0.0,0.0,0.0,3.92,2.28,0.0
20230407:0211,0.0,0.0,0.0,3.21,2.07,0.0
20230407:0311,0.0,0.0,0.0,2.24,1.86,0.0
20230407:0411,0.0,0.0,0.0,1.44,1.66,0.0
20230407:0511,0.0,0.0,0.0,1.38,1.52,0.0
20230407:0611,9.54,30.68,5.43,1.72,1.31,0.0
20230407:0711,172.77,234.11,14.33,3.85,0.9,0.0
20230407:0811,386.38,476.31,22.96,6.84,1.52,0.0
20230407:0911,560.67,701.39,30.84,8.41,1.93,0.0
20230407:1011,671.65,865.12,37.36,9.65,2.14,0.0
20230407:1111,746.11,985.64,41.77,10.59,2.28,0.0
20230407:1211,769.31,1032.24,43.36,11.32,2.14,0.0
20230407:1311,750.17,1006.11,41.81,11.82,2.0,0.0
20230407:1411,672.61,883.78,37.44,12.08,1.86,0.0
20230407:1511,554.64,709.34,30.95,12.11,1.72,0.0
20230407:1611,373.0,470.04,23.09,12.03,1.72,0.0
20230407:1711,171.8,239.88,14.46,11.63,1.93,0.0
20230407:1811,8.64,32.04,5.56,10.54,2.0,0.0
20230407:1911,0.0,0.0,0.0,9.16,1.79,0.0
20230407:2011,0.0,0.0,0.0,7.32,1.38,0.0
20230407:2111,0.0,0.0,0.0,5.42,2.07,0.0
20230407:2211,0.0,0.0,0.0,4.41,2.34,0.0
20230407:2311,0.0,0.0,0.0,4.35,2.62,0.0
20230408:0011,0.0,0.0,0.0,4.29,2.83,0.0
20230408:0111,0.0,0.0,0.0,4.33,2.83,0.0
20230408:0211,0.0,0.0,0.0,4.16,2.62,0.0
20230408:0311,0.0,0.0,0.0,4.0,2.48,0.0
20230408:0411,0.0,0.0,0.0,3.62,2.48,0.0
20230408:0511,0.0,0.0,0.0,3.64,2.41,0.0
20230408:0611,15.94,37.9,5.77,3.71,2.28,0.0
20230408:0711,152.75,203.98,14.68,4.16,2.21,0.0
20230408:0811,335.97,408.74,23.31,6.19,2.21,0.0
20230408:0911,530.42,657.91,31.2,8.56,2.21,0.0
20230408:1011,647.18,826.76,37.73,10.46,2.55,0.0
20230408:1111,733.76,964.72,42.15,11.81,2.69,0.0
20230408:1211,757.44,1009.54,43.73,12.6,2.62,0.0
20230408:1311,740.13,983.77,42.17,13.1,2.62,0.0
20230408:1411,635.35,820.95,37.76,13.5,2.76,0.0
20230408:1511,533.76,674.18,31.24,13.61,2.97,0.0
20230408:1611,317.89,398.28,23.36,13.42,2.97,0.0
20230408:1711,141.89,196.98,14.72,13.15,2.62,0.0
20230408:1811,14.85,39.31,5.82,12.14,2.14,0.0
20230408:1911,0.0,0.0,0.0,10.97,2.07,0.0
20230408:2011,0.0,0.0,0.0,9.45,2.48,0.0
20230408:2111,0.0,0.0,0.0,8.32,2.97,0.0
20230408:2211,0.0,0.0,0.0,7.74,3.38,0.0
20230408:2311,0.0,0.0,0.0,7.31,3.38,0.0
20230409:0011,0.0,0.0,0.0,7.17,3.31,0.0
20230409:0111,0.0,0.0,0.0,6.85,3.31,0.0
20230409:0211,0.0,0.0,0.0,6.74,3.1,0.0
20230409:0311,0.0,0.0,0.0,6.2,2.83,0.0
20230409:0411,0.0,0.0,0.0,5.66,2.76,0.0
20230409:0511,0.0,0.0,0.0,5.15,2.76,0.0
20230409:0611,16.28,40.91,6.11,5.02,2.69,0.0
20230409:0711,159.19,213.68,15.02,6.02,3.1,0.0
20230409:0811,188.98,233.73,23.66,7.41,3.93,0.0
20230409:0911,481.12,580.9,31.57,8.14,4.14,0.0
20230409:1011,575.68,703.55,38.11,9.37,4.83,0.0
20230409:1111,675.61,838.67,42.53,10.61,5.59,0.0
20230409:1211,641.18,796.4,44.11,11.84,5.79,0.0
20230409:1311,471.91,577.24,42.52,12.9,6.21,0.0
20230409:1411,236.3,293.62,38.08,13.27,6.0,0.0
20230409:1511,316.56,388.23,31.53,13.54,5.79,0.0
20230409:1611,42.72,66.75,23.63,13.88,5.79,0.0
20230409:1711,16.2,32.45,14.98,13.58,5.17,0.0
20230409:1811,2.45,11.13,6.07,12.74,4.83,0.0
20230409:1911,0.0,0.0,0.0,11.95,4.83,0.0
20230409:2011,0.0,0.0,0.0,11.57,5.17,0.0
20230409:2111,0.0,0.0,0.0,11.11,5.45,0.0
20230409:2211,0.0,0.0,0.0,10.6,5.52,0.0
20230409:2311,0.0,0.0,0.0,9.97,5.38,0.0
20230410:0011,0.0,0.0,0.0,9.53,5.38,0.0
20230410:0111,0.0,0.0,0.0,9.36,5.52,0.0
20230410:0211,0.0,0.0,0.0,9.22,5.66,0.0
20230410:0311,0.0,0.0,0.0,9.46,5.66,0.0
20230410:0411,0.0,0.0,0.0,9.62,5.17,0.0
20230410:0511,0.0,0.0,0.0,9.6,4.62,0.0
20230410:0611,4.06,13.91,6.45,9.21,4.41,0.0
20230410:0711,102.72,140.14,15.36,9.52,4.14,0.0
20230410:0811,123.3,160.27,24.01,9.85,3.79,0.0
20230410:0911,279.88,343.99,31.92,11.05,3.38,0.0
20230410:1011,113.55,150.19,38.48,11.81,4.21,0.0
20230410:1111,48.35,73.24,42.91,12.27,4.76,0.0
20230410:1211,59.92,87.15,44.48,12.19,5.1,0.0
20230410:1311,73.1,101.98,42.86,10.41,6.21,0.0
20230410:1411,83.13,113.11,38.4,9.18,6.28,0.0
20230410:1511,169.51,211.85,31.82,9.15,5.93,0.0
20230410:1611,28.01,47.28,23.89,8.76,4.97,0.0
20230410:1711,24.48,42.65,15.23,7.96,5.45,0.0
20230410:1811,4.66,14.83,6.33,7.45,5.03,0.0
20230410:1911,0.0,0.0,0.0,6.89,5.1,0.0
20230410:2011,0.0,0.0,0.0,6.98,5.45,0.0
20230410:2111,0.0,0.0,0.0,6.54,5.72,0.0
20230410:2211,0.0,0.0,0.0,6.29,5.86,0.0
20230410:2311,0.0,0.0,0.0,6.14,6.14,0.0
20230411:0011,0.0,0.0,0.0,6.15,6.41,0.0
20230411:0111,0.0,0.0,0.0,5.87,6.28,0.0
20230411:0211,0.0,0.0,0.0,5.79,6.28,0.0
20230411:0311,0.0,0.0,0.0,5.55,6.0,0.0
20230411:0411,0.0,0.0,0.0,5.35,5.66,0.0
20230411:0511,0.0,0.0,0.0,5.04,5.03,0.0
20230411:0611,20.99,47.9,6.79,5.02,4.55,0.0
20230411:0711,183.42,244.84,15.7,5.96,4.0,0.0
20230411:0811,396.66,478.59,24.35,7.24,4.62,0.0
20230411:0911,565.77,687.43,32.28,8.68,4.76,0.0
20230411:1011,611.67,754.17,38.85,9.61,4.55,0.0
20230411:1111,611.06,756.82,43.28,10.66,4.9,0.0
20230411:1211,445.25,541.36,44.85,11.48,6.0,0.0
20230411:1311,254.05,312.23,43.21,11.62,6.41,0.0
20230411:1411,138.89,178.0,38.71,10.59,7.03,0.0
20230411:1511,127.85,164.66,32.1,9.58,6.55,0.0
20230411:1611,30.27,50.06,24.16,8.61,6.9,0.0
20230411:1711,29.61,49.14,15.49,8.12,7.59,0.0
20230411:1811,3.05,12.05,6.58,7.56,8.62,0.0
20230411:1911,0.0,0.0,0.0,7.16,9.72,0.0
20230411:2011,0.0,0.0,0.0,7.88,9.45,0.0
20230411:2111,0.0,0.0,0.0,7.89,9.24,0.0
20230411:2211,0.0,0.0,0.0,6.28,6.83,0.0
20230411:2311,0.0,0.0,0.0,5.51,6.34,0.0
20230412:0011,0.0,0.0,0.0,4.65,6.14,0.0
20230412:0111,0.0,0.0,0.0,4.45,5.66,0.0
20230412:0211,0.0,0.0,0.0,4.02,5.1,0.0
20230412:0311,0.0,0.0,0.0,3.51,4.69,0.0
20230412:0411,0.0,0.0,0.0,3.25,4.83,0.0
20230412:0511,0.0,0.0,0.0,2.78,4.9,0.0
20230412:0611,25.84,48.83,7.12,2.59,5.03,0.0
20230412:0711,88.17,117.95,16.03,3.6,4.21,0.0
20230412:0811,345.59,408.74,24.7,4.99,6.62,0.0
20230412:0911,225.47,270.93,32.63,6.27,8.14,0.0
20230412:1011,139.05,175.22,39.21,6.86,7.79,0.0
20230412:1111,155.57,193.77,43.66,6.96,8.48,0.0
20230412:1211,168.4,207.67,45.21,6.18,7.93,0.0
20230412:1311,111.08,143.7,43.55,6.72,6.83,0.0
20230412:1411,126.04,161.32,39.02,7.7,6.69,0.0
20230412:1511,139.2,176.34,32.39,7.32,4.97,0.0
20230412:1611,82.99,112.18,24.42,7.21,4.9,0.0
20230412:1711,77.56,106.62,15.74,6.4,4.69,0.0
20230412:1811,21.15,40.32,6.83,6.23,4.83,0.0
20230412:1911,0.0,0.0,0.0,5.34,5.17,0.0
20230412:2011,0.0,0.0,0.0,5.21,5.38,0.0
20230412:2111,0.0,0.0,0.0,5.15,5.31,0.0
20230412:2211,0.0,0.0,0.0,5.0,5.31,0.0
20230412:2311,0.0,0.0,0.0,5.16,6.62,0.0
20230413:0011,0.0,0.0,0.0,5.45,8.41,0.0
20230413:0111,0.0,0.0,0.0,5.67,8.14,0.0
20230413:0211,0.0,0.0,0.0,5.55,8.0,0.0
20230413:0311,0.0,0.0,0.0,5.32,7.79,0.0
20230413:0411,0.0,0.0,0.0,5.07,7.66,0.0
20230413:0511,0.0,0.0,0.0,4.93,7.52,0.0
20230413:0611,22.17,40.39,7.46,4.99,7.59,0.0
20230413:0711,77.92,106.36,16.36,5.78,6.97,0.0
20230413:0811,92.06,121.88,25.03,6.32,6.97,0.0
20230413:0911,88.88,118.67,32.98,7.12,6.97,0.0
20230413:1011,85.27,114.96,39.57,7.98,6.76,0.0
20230413:1111,208.06,255.38,44.03,8.55,6.62,0.0
20230413:1211,321.09,386.66,45.58,9.19,6.48,0.0
20230413:1311,122.52,158.54,43.89,9.45,6.41,0.0
20230413:1411,242.9,295.92,39.33,9.13,6.07,0.0
20230413:1511,305.36,368.16,32.67,9.64,6.07,0.0
20230413:1611,270.43,329.32,24.68,9.54,6.07,0.0
20230413:1711,144.8,194.19,15.99,9.37,5.66,0.0
20230413:1811,19.3,47.38,7.08,8.56,4.41,0.0
20230413:1911,0.0,0.0,0.0,7.92,3.86,0.0
20230413:2011,0.0,0.0,0.0,6.73,3.45,0.0
20230413:2111,0.0,0.0,0.0,5.93,3.38,0.0
20230413:2211,0.0,0.0,0.0,5.41,3.1,0.0
20230413:2311,0.0,0.0,0.0,4.78,2.69,0.0
20230414:0011,0.0,0.0,0.0,3.91,2.48,0.0
20230414:0111,0.0,0.0,0.0,3.31,2.34,0.0
20230414:0211,0.0,0.0,0.0,2.91,2.28,0.0
20230414:0311,0.0,0.0,0.0,2.39,2.41,0.0
20230414:0411,0.0,0.0,0.0,2.15,2.41,0.0
20230414:0511,0.0,0.0,0.0,2.03,2.41,0.0
20230414:0611,29.78,53.32,7.78,2.28,2.34,0.0
20230414:0711,102.04,135.2,16.69,4.34,2.34,0.0
20230414:0811,56.01,80.66,25.37,6.23,2.9,0.0
20230414:0911,181.92,225.92,33.33,7.67,3.45,0.0
20230414:1011,152.97,193.42,39.93,8.1,3.24,0.0
20230414:1111,129.82,166.88,44.39,7.95,2.76,0.0
20230414:1211,166.45,209.53,45.94,7.98,2.28,0.0
20230414:1311,149.9,190.98,44.23,8.3,1.59,0.0
20230414:1411,128.0,165.95,39.64,8.53,1.03,0.0
20230414:1511,48.99,73.24,32.95,8.76,1.03,0.0
20230414:1611,49.18,73.24,24.94,8.19,1.79,0.0
20230414:1711,33.25,53.77,16.24,7.93,1.79,0.0
20230414:1811,2.54,11.13,7.33,7.63,1.59,0.0
20230414:1911,0.0,0.0,0.0,6.82,1.66,0.0
20230414:2011,0.0,0.0,0.0,6.22,1.72,0.0
20230414:2111,0.0,0.0,0.0,5.78,1.86,0.0
20230414:2211,0.0,0.0,0.0,5.61,1.93,0.0
20230414:2311,0.0,0.0,0.0,5.2,2.0,0.0
20230415:0011,0.0,0.0,0.0,5.14,1.86,0.0
20230415:0111,0.0,0.0,0.0,5.12,1.86,0.0
20230415:0211,0.0,0.0,0.0,5.06,2.0,0.0
20230415:0311,0.0,0.0,0.0,4.78,1.86,0.0
20230415:0411,0.0,0.0,0.0,4.74,1.72,0.0
20230415:0511,0.0,0.0,0.0,4.31,1.72,0.0
20230415:0611,27.37,59.97,8.11,4.71,1.31,0.0
20230415:0711,200.05,267.06,17.02,6.19,1.31,0.0
20230415:0811,412.33,508.05,25.7,7.45,1.86,0.0
20230415:0911,561.26,703.31,33.67,8.74,1.93,0.0
20230415:1011,486.12,608.93,40.29,9.66,1.52,0.0
20230415:1111,208.58,262.41,44.76,10.2,1.17,0.0
20230415:1211,96.78,130.72,46.29,10.62,0.97,0.0
20230415:1311,196.33,249.08,44.57,11.24,1.1,0.0
20230415:1411,235.32,295.76,39.95,11.35,1.1,0.0
20230415:1511,301.19,375.94,33.22,11.88,1.31,0.0
20230415:1611,218.08,275.67,25.2,11.91,1.38,0.0
20230415:1711,184.24,256.28,16.49,11.86,1.45,0.0
20230415:1811,20.45,50.69,7.58,11.24,1.52,0.0
20230415:1911,0.0,0.0,0.0,10.78,1.66,0.0
20230415:2011,0.0,0.0,0.0,9.58,1.72,0.0
20230415:2111,0.0,0.0,0.0,8.46,1.93,0.0
20230415:2211,0.0,0.0,0.0,7.95,1.93,0.0
20230415:2311,0.0,0.0,0.0,7.63,1.93,0.0
20230416:0011,0.0,0.0,0.0,7.6,1.93,0.0
20230416:0111,0.0,0.0,0.0,7.69,2.0,0.0
20230416:0211,0.0,0.0,0.0,7.57,2.21,0.0
20230416:0311,0.0,0.0,0.0,7.25,2.21,0.0
20230416:0411,0.0,0.0,0.0,7.38,2.07,0.0
20230416:0511,0.0,0.0,0.0,7.35,1.86,0.0
20230416:0611,31.15,54.48,8.43,7.41,1.72,0.0
20230416:0711,96.4,130.14,17.34,7.69,1.79,0.0
20230416:0811,175.1,219.62,26.03,8.11,2.0,0.0
20230416:0911,193.78,241.44,34.01,8.81,2.48,0.0
20230416:1011,104.3,138.14,40.64,9.09,2.69,0.0
20230416:1111,218.26,271.02,45.12,9.72,3.1,0.0
20230416:1211,181.0,227.74,46.65,9.95,3.17,0.0
20230416:1311,167.35,211.97,44.9,10.19,3.24,0.0
20230416:1411,134.75,174.3,40.25,10.49,3.17,0.0
20230416:1511,111.49,147.41,33.5,10.68,2.9,0.0
20230416:1611,48.6,73.24,25.45,10.73,2.41,0.0
20230416:1711,72.92,102.95,16.74,10.39,2.0,0.0
20230416:1811,27.03,51.46,7.83,10.15,2.0,0.0
20230416:1911,0.0,0.0,0.0,10.42,1.38,0.0
20230416:2011,0.0,0.0,0.0,9.94,1.24,0.0
20230416:2111,0.0,0.0,0.0,9.6,1.03,0.0
20230416:2211,0.0,0.0,0.0,9.32,0.9,0.0
20230416:2311,0.0,0.0,0.0,9.15,0.97,0.0
20230417:0011,0.0,0.0,0.0,9.11,1.1,0.0
20230417:0111,0.0,0.0,0.0,9.09,1.17,0.0
20230417:0211,0.0,0.0,0.0,9.14,1.17,0.0
20230417:0311,0.0,0.0,0.0,9.13,1.24,0.0
20230417:0411,0.0,0.0,0.0,9.11,1.31,0.0
20230417:0511,0.0,0.0,0.0,9.14,1.38,0.0
20230417:0611,4.05,13.91,8.75,9.33,1.31,0.0
20230417:0711,80.32,111.56,17.66,9.84,1.31,0.0
20230417:0811,103.1,138.0,26.35,10.66,1.45,0.0
20230417:0911,92.55,126.09,34.34,11.81,2.0,0.0
20230417:1011,97.65,132.58,40.99,12.94,2.62,0.0
20230417:1111,551.8,704.29,45.48,13.61,2.69,0.0
20230417:1211,95.3,130.72,47.0,14.58,2.55,0.0
20230417:1311,69.06,99.2,45.23,14.42,2.69,0.0
20230417:1411,47.78,73.24,40.55,14.21,2.62,0.0
20230417:1511,74.5,105.69,33.77,14.25,2.55,0.0
20230417:1611,79.07,111.25,25.71,14.39,2.41,0.0
20230417:1711,59.94,88.35,16.98,14.11,2.21,0.0
20230417:1811,5.58,16.69,8.07,13.53,2.34,0.0
20230417:1911,0.0,0.0,0.0,12.47,2.21,0.0
20230417:2011,0.0,0.0,0.0,11.17,2.83,0.0
20230417:2111,0.0,0.0,0.0,9.58,3.1,0.0
20230417:2211,0.0,0.0,0.0,7.84,3.1,0.0
20230417:2311,0.0,0.0,0.0,6.44,2.97,0.0
20230418:0011,0.0,0.0,0.0,5.48,2.97,0.0
20230418:0111,0.0,0.0,0.0,5.08,2.9,0.0
20230418:0211,0.0,0.0,0.0,4.97,2.97,0.0
20230418:0311,0.0,0.0,0.0,4.95,2.83,0.0
20230418:0411,0.0,0.0,0.0,5.24,2.83,0.0
20230418:0511,0.0,0.0,0.0,5.47,2.97,0.0
20230418:0611,31.06,51.97,9.07,5.8,2.9,0.0
20230418:0711,173.82,225.57,17.98,6.89,4.9,0.0
20230418:0811,417.54,503.6,26.67,7.88,5.03,0.0
20230418:0911,596.18,730.51,34.68,9.49,4.76,0.0
20230418:1011,715.1,898.12,41.34,11.13,5.17,0.0
20230418:1111,793.2,1012.58,45.83,12.34,5.79,0.0
20230418:1211,821.46,1055.02,47.35,13.29,6.28,0.0
20230418:1311,653.29,818.93,45.56,13.74,6.14,0.0
20230418:1411,662.01,829.65,40.84,13.79,6.0,0.0
20230418:1511,547.69,674.74,34.04,13.66,6.14,0.0
20230418:1611,378.88,466.93,25.96,13.21,6.14,0.0
20230418:1711,185.52,253.77,17.23,12.37,5.72,0.0
20230418:1811,22.74,55.71,8.32,11.32,5.31,0.0
20230418:1911,0.0,0.0,0.0,9.5,4.97,0.0
20230418:2011,0.0,0.0,0.0,7.99,4.9,0.0
20230418:2111,0.0,0.0,0.0,7.04,4.97,0.0
20230418:2211,0.0,0.0,0.0,6.47,4.97,0.0
20230418:2311,0.0,0.0,0.0,6.41,4.83,0.0
20230419:0011,0.0,0.0,0.0,6.55,4.69,0.0
20230419:0111,0.0,0.0,0.0,6.38,4.48,0.0
20230419:0211,0.0,0.0,0.0,6.14,4.34,0.0
20230419:0311,0.0,0.0,0.0,5.99,4.34,0.0
20230419:0411,0.0,0.0,0.0,5.84,4.34,0.0
20230419:0511,0.0,0.0,0.0,5.75,4.41,0.0
20230419:0611,37.63,62.0,9.38,6.38,4.55,0.0
20230419:0711,145.35,188.99,18.29,7.59,4.76,0.0
20230419:0811,383.17,459.97,26.99,8.56,6.48,0.0
20230419:0911,520.6,626.27,35.0,9.78,6.55,0.0
20230419:1011,575.44,701.77,41.68,10.74,6.21,0.0
20230419:1111,385.62,466.71,46.18,11.51,7.1,0.0
20230419:1211,556.01,678.95,47.7,12.18,7.31,0.0
20230419:1311,543.88,665.58,45.88,12.42,6.83,0.0
20230419:1411,707.73,879.78,41.14,12.69,6.97,0.0
20230419:1511,583.03,713.45,34.31,12.76,6.97,0.0
20230419:1611,400.48,489.98,26.21,12.19,6.83,0.0
20230419:1711,189.57,257.59,17.47,11.25,6.41,0.0
20230419:1811,24.26,57.75,8.56,10.16,6.07,0.0
20230419:1911,0.0,0.0,0.0,8.82,5.52,0.0
20230419:2011,0.0,0.0,0.0,7.64,5.17,0.0
20230419:2111,0.0,0.0,0.0,6.79,4.69,0.0
20230419:2211,0.0,0.0,0.0,6.09,4.34,0.0
20230419:2311,0.0,0.0,0.0,5.53,4.41,0.0
20230420:0011,0.0,0.0,0.0,5.1,4.41,0.0
20230420:0111,0.0,0.0,0.0,4.95,4.21,0.0
20230420:0211,0.0,0.0,0.0,4.67,3.93,0.0
20230420:0311,0.0,0.0,0.0,4.43,3.79,0.0
20230420:0411,0.0,0.0,0.0,4.32,3.66,0.0
20230420:0511,0.0,0.0,0.0,4.0,3.45,0.0
20230420:0611,36.45,76.08,9.69,4.41,3.45,0.0
20230420:0711,218.98,286.03,18.6,6.17,3.45,0.0
20230420:0811,433.06,525.13,27.31,8.02,4.34,0.0
20230420:0911,608.42,748.11,35.33,9.66,4.69,0.0
20230420:1011,729.73,916.12,42.02,10.95,5.38,0.0
20230420:1111,625.47,776.8,46.53,11.82,5.66,0.0
20230420:1211,587.63,727.89,48.04,12.52,5.93,0.0
20230420:1311,787.88,1003.95,46.2,12.87,6.14,0.0
20230420:1411,725.14,911.33,41.43,12.9,6.21,0.0
20230420:1511,590.59,726.58,34.58,12.58,6.21,0.0
20230420:1611,407.45,500.1,26.46,11.97,5.93,0.0
20230420:1711,190.96,259.3,17.71,11.22,5.45,0.0
20230420:1811,25.02,59.24,8.8,10.2,4.69,0.0
20230420:1911,0.0,0.0,0.0,8.59,4.83,0.0
20230420:2011,0.0,0.0,0.0,7.82,4.83,0.0
20230420:2111,0.0,0.0,0.0,7.17,4.62,0.0
20230420:2211,0.0,0.0,0.0,6.95,4.69,0.0
20230420:2311,0.0,0.0,0.0,7.0,4.69,0.0
20230421:0011,0.0,0.0,0.0,6.85,4.34,0.0
20230421:0111,0.0,0.0,0.0,6.78,3.86,0.0
20230421:0211,0.0,0.0,0.0,6.79,3.59,0.0
20230421:0311,0.0,0.0,0.0,6.75,3.45,0.0
20230421:0411,0.0,0.0,0.0,6.54,3.38,0.0
20230421:0511,0.0,0.0,0.0,6.34,3.38,0.0
20230421:0611,33.9,55.34,9.99,6.83,3.59,0.0
20230421:0711,144.8,188.3,18.9,8.3,4.9,0.0
20230421:0811,200.41,246.76,27.62,8.98,6.83,0.0
20230421:0911,294.37,353.63,35.65,9.71,8.41,0.0
20230421:1011,191.74,237.64,42.35,9.87,7.72,0.0
20230421:1111,178.38,223.05,46.88,10.27,7.1,0.0
20230421:1211,500.67,606.07,48.38,10.91,7.03,0.0
20230421:1311,91.25,123.31,46.52,10.91,6.83,0.0
20230421:1411,88.32,119.6,41.72,10.26,6.62,0.0
20230421:1511,164.92,207.73,34.84,10.09,5.66,0.0
20230421:1611,153.9,194.97,26.71,9.96,5.86,0.0
20230421:1711,139.37,185.0,17.95,9.75,5.17,0.0
20230421:1811,32.99,61.92,9.04,9.52,5.03,0.0
20230421:1911,0.0,0.0,0.0,9.14,4.0,0.0
20230421:2011,0.0,0.0,0.0,8.38,3.45,0.0
20230421:2111,0.0,0.0,0.0,7.78,3.03,0.0
20230421:2211,0.0,0.0,0.0,7.48,2.97,0.0
20230421:2311,0.0,0.0,0.0,7.36,2.55,0.0
20230422:0011,0.0,0.0,0.0,7.4,1.66,0.0
20230422:0111,0.0,0.0,0.0,7.53,1.03,0.0
20230422:0211,0.0,0.0,0.0,7.44,0.55,0.0
20230422:0311,0.0,0.0,0.0,7.42,0.55,0.0
20230422:0411,0.0,0.0,0.0,7.35,0.83,0.0
20230422:0511,0.0,0.0,0.0,7.21,1.31,0.0
20230422:0611,26.1,44.91,10.29,7.15,1.93,0.0
20230422:0711,62.66,89.11,19.2,7.51,1.86,0.0
20230422:0811,98.43,130.72,27.92,7.73,2.14,0.0
20230422:0911,196.28,244.6,35.97,8.71,2.28,0.0
20230422:1011,195.35,244.64,42.68,9.71,2.55,0.0
20230422:1111,363.49,447.8,47.22,10.33,2.62,0.0
20230422:1211,429.34,532.82,48.72,11.44,2.9,0.0
20230422:1311,477.19,593.36,46.84,11.88,3.38,0.0
20230422:1411,598.6,753.13,42.01,11.9,3.66,0.0
20230422:1511,383.95,471.24,35.1,11.8,3.79,0.0
20230422:1611,176.64,223.71,26.95,11.48,3.66,0.0
20230422:1711,60.83,88.15,18.18,11.17,3.03,0.0
20230422:1811,1.54,9.27,9.28,10.57,1.59,0.0
20230422:1911,0.0,0.0,0.0,9.92,1.24,0.0
20230422:2011,0.0,0.0,0.0,8.18,1.17,0.0
20230422:2111,0.0,0.0,0.0,7.24,1.31,0.0
20230422:2211,0.0,0.0,0.0,6.52,1.66,0.0
20230422:2311,0.0,0.0,0.0,6.35,1.72,0.0
20230423:0011,0.0,0.0,0.0,6.76,1.93,0.0
20230423:0111,0.0,0.0,0.0,7.03,1.79,0.0
20230423:0211,0.0,0.0,0.0,6.8,1.72,0.0
20230423:0311,0.0,0.0,0.0,6.87,1.38,0.0
20230423:0411,0.0,0.0,0.0,6.8,1.17,0.0
20230423:0511,0.0,0.87,1.9,6.39,1.17,0.0
20230423:0611,29.09,48.62,10.59,6.61,1.03,0.0
20230423:0711,41.49,63.97,19.5,8.23,1.66,0.0
20230423:0811,95.5,127.94,28.22,9.11,2.69,0.0
20230423:0911,126.42,164.1,36.28,9.61,2.83,0.0
20230423:1011,44.89,68.61,43.01,10.3,2.48,0.0
20230423:1111,52.42,77.88,47.55,10.73,2.14,0.0
20230423:1211,217.32,272.61,49.05,11.04,2.28,0.0
20230423:1311,196.47,247.32,47.15,10.95,2.69,0.0
20230423:1411,155.31,198.9,42.29,11.24,3.1,0.0
20230423:1511,242.2,299.76,35.36,10.78,3.24,0.0
20230423:1611,85.87,117.74,27.19,11.43,3.38,0.0
20230423:1711,65.48,93.7,18.42,11.24,3.17,0.0
20230423:1811,19.93,37.08,9.52,10.16,3.17,0.0
20230423:1911,0.0,0.0,0.0,8.79,2.21,0.0
20230423:2011,0.0,0.0,0.0,7.97,1.93,0.0
20230423:2111,0.0,0.0,0.0,7.23,1.93,0.0
20230423:2211,0.0,0.0,0.0,6.5,2.21,0.0
20230423:2311,0.0,0.0,0.0,5.65,2.48,0.0
20230424:0011,0.0,0.0,0.0,5.01,2.41,0.0
20230424:0111,0.0,0.0,0.0,4.56,2.07,0.0
20230424:0211,0.0,0.0,0.0,4.02,1.72,0.0
20230424:0311,0.0,0.0,0.0,3.7,1.38,0.0
20230424:0411,0.0,0.0,0.0,3.34,1.38,0.0
20230424:0511,0.0,0.87,2.19,2.68,1.45,0.0
20230424:0611,43.1,88.18,10.88,3.22,1.1,0.0
20230424:0711,219.13,283.61,19.79,5.21,1.93,0.0
20230424:0811,386.97,467.12,28.52,6.09,3.03,0.0
20230424:0911,442.55,535.64,36.59,6.93,2.9,0.0
20230424:1011,343.49,417.57,43.33,7.99,2.76,0.0
20230424:1111,453.47,556.64,47.89,8.72,2.83,0.0
20230424:1211,163.87,206.74,49.38,8.73,3.03,0.0
20230424:1311,263.98,323.58,47.46,8.83,3.24,0.0
20230424:1411,61.62,88.08,42.57,8.8,3.66,0.0
20230424:1511,96.03,127.94,35.62,8.46,4.0,0.0
20230424:1611,268.39,327.32,27.43,8.38,4.07,0.0
20230424:1711,118.56,156.66,18.65,8.21,3.93,0.0
20230424:1811,39.25,66.65,9.75,7.53,3.31,0.0
20230424:1911,0.0,0.0,0.0,6.49,2.55,0.0
20230424:2011,0.0,0.0,0.0,5.47,2.21,0.0
20230424:2111,0.0,0.0,0.0,4.47,2.0,0.0
20230424:2211,0.0,0.0,0.0,3.51,1.86,0.0
20230424:2311,0.0,0.0,0.0,2.4,1.72,0.0
20230425:0011,0.0,0.0,0.0,1.2,1.45,0.0
20230425:0111,0.0,0.0,0.0,1.15,1.17,0.0
20230425:0211,0.0,0.0,0.0,0.39,1.24,0.0
20230425:0311,0.0,0.0,0.0,-0.17,1.31,0.0
20230425:0411,0.0,0.0,0.0,0.25,1.1,0.0
20230425:0511,0.0,4.37,2.49,0.43,1.03,0.0
20230425:0611,46.36,91.74,11.17,1.34,0.69,0.0
20230425:0711,238.04,308.59,20.08,3.47,0.76,0.0
20230425:0811,440.39,539.33,28.81,5.15,1.45,0.0
20230425:0911,582.93,726.01,36.89,6.28,1.79,0.0
20230425:1011,533.15,659.43,43.65,7.34,2.28,0.0
20230425:1111,518.13,640.36,48.22,8.34,2.76,0.0
20230425:1211,704.63,906.99,49.71,8.92,2.69,0.0
20230425:1311,576.36,725.33,47.77,9.37,2.48,0.0
20230425:1411,377.14,463.86,42.85,9.7,2.34,0.0
20230425:1511,290.05,356.26,35.87,9.68,2.48,0.0
20230425:1611,290.04,357.75,27.67,9.32,2.28,0.0
20230425:1711,172.17,228.71,18.89,9.05,2.07,0.0
20230425:1811,41.22,68.46,9.99,8.7,1.66,0.0
20230425:1911,0.0,0.0,0.0,7.97,1.38,0.0
20230425:2011,0.0,0.0,0.0,6.31,1.59,0.0
20230425:2111,0.0,0.0,0.0,4.52,1.59,0.0
20230425:2211,0.0,0.0,0.0,3.9,1.52,0.0
20230425:2311,0.0,0.0,0.0,3.33,1.72,0.0
20230426:0011,0.0,0.0,0.0,3.32,1.79,0.0
20230426:0111,0.0,0.0,0.0,3.52,1.66,0.0
20230426:0211,0.0,0.0,0.0,3.65,1.59,0.0
20230426:0311,0.0,0.0,0.0,3.61,1.52,0.0
20230426:0411,0.0,0.0,0.0,3.63,1.38,0.0
20230426:0511,0.0,1.75,2.78,3.45,1.45,0.0
20230426:0611,54.11,82.8,11.45,3.86,1.17,0.0
20230426:0711,161.97,208.1,20.36,6.11,1.31,0.0
20230426:0811,360.97,443.2,29.1,7.51,1.52,0.0
20230426:0911,555.18,696.96,37.19,8.94,1.86,0.0
20230426:1011,256.38,317.55,43.96,10.03,2.28,0.0
20230426:1111,277.47,343.86,48.54,10.54,2.34,0.0
20230426:1211,418.9,521.35,50.03,11.1,2.34,0.0
20230426:1311,81.71,113.11,48.07,11.58,2.28,0.0
20230426:1411,93.31,127.01,43.13,11.86,2.0,0.0
20230426:1511,153.3,197.81,36.12,11.9,1.79,0.0
20230426:1611,345.11,433.45,27.91,11.96,1.66,0.0
20230426:1711,123.85,166.48,19.12,11.65,1.38,0.0
20230426:1811,39.89,71.89,10.22,11.21,0.69,0.0
20230426:1911,0.0,0.0,0.0,10.84,0.14,0.0
20230426:2011,0.0,0.0,0.0,9.54,0.69,0.0
20230426:2111,0.0,0.0,0.0,6.11,1.66,0.0
20230426:2211,0.0,0.0,0.0,4.8,1.86,0.0
20230426:2311,0.0,0.0,0.0,3.92,2.14,0.0
20230427:0011,0.0,0.0,0.0,3.39,2.14,0.0
20230427:0111,0.0,0.0,0.0,3.17,2.28,0.0
20230427:0211,0.0,0.0,0.0,3.41,2.41,0.0
20230427:0311,0.0,0.0,0.0,4.21,2.41,0.0
20230427:0411,0.0,0.0,0.0,4.48,2.34,0.0
20230427:0511,0.0,3.5,3.06,5.11,2.41,0.0
20230427:0611,18.95,35.23,11.73,5.92,2.55,0.0
20230427:0711,107.91,141.92,20.64,7.05,3.1,0.0
20230427:0811,192.36,238.7,29.38,8.45,3.72,0.0
20230427:0911,211.39,261.65,37.49,9.63,4.14,0.0
20230427:1011,187.69,235.09,44.27,10.48,4.62,0.0
20230427:1111,220.68,273.88,48.86,11.02,5.1,0.0
20230427:1211,159.46,203.04,50.35,11.56,5.45,0.0
20230427:1311,117.7,154.83,48.37,12.08,5.86,0.0
20230427:1411,92.25,125.16,43.4,11.98,5.66,0.0
20230427:1511,76.51,106.62,36.37,11.65,5.03,0.0
20230427:1611,70.38,99.2,28.14,11.05,4.48,0.0
20230427:1711,87.03,118.83,19.34,10.13,4.97,0.0
20230427:1811,40.61,65.66,10.45,9.37,4.69,0.0
20230427:1911,0.0,0.87,1.85,9.36,4.21,0.0
20230427:2011,0.0,0.0,0.0,8.85,4.28,0.0
20230427:2111,0.0,0.0,0.0,8.01,4.69,0.0
20230427:2211,0.0,0.0,0.0,7.65,4.28,0.0
20230427:2311,0.0,0.0,0.0,7.48,4.0,0.0
20230428:0011,0.0,0.0,0.0,7.4,3.93,0.0
20230428:0111,0.0,0.0,0.0,7.02,3.72,0.0
20230428:0211,0.0,0.0,0.0,6.98,3.45,0.0
20230428:0311,0.0,0.0,0.0,6.94,3.1,0.0
20230428:0411,0.0,0.0,0.0,6.92,2.62,0.0
20230428:0511,0.0,1.75,3.34,6.92,2.21,0.0
20230428:0611,42.14,65.18,12.01,7.01,1.59,0.0
20230428:0711,79.95,109.53,20.91,7.38,0.9,0.0
20230428:0811,106.34,140.28,29.66,8.06,1.38,0.0
20230428:0911,117.9,153.9,37.78,9.0,2.55,0.0
20230428:1011,89.89,121.45,44.58,9.45,3.45,0.0
20230428:1111,109.67,144.63,49.18,9.93,3.66,0.0
20230428:1211,109.3,144.63,50.67,10.62,3.66,0.0
20230428:1311,105.71,140.92,48.67,11.41,3.66,0.0
20230428:1411,110.18,146.48,43.67,11.97,3.66,0.0
20230428:1511,139.63,181.18,36.62,12.32,3.66,0.0
20230428:1611,224.21,281.53,28.37,12.42,3.1,0.0
20230428:1711,159.54,214.01,19.57,12.29,2.62,0.0
20230428:1811,32.41,70.65,10.68,11.88,1.86,0.0
20230428:1911,0.0,2.62,2.08,11.36,1.59,0.0
20230428:2011,0.0,0.0,0.0,9.78,1.52,0.0
20230428:2111,0.0,0.0,0.0,8.44,1.17,0.0
20230428:2211,0.0,0.0,0.0,9.06,0.69,0.0
20230428:2311,0.0,0.0,0.0,8.9,0.21,0.0
20230429:0011,0.0,0.0,0.0,7.14,0.97,0.0
20230429:0111,0.0,0.0,0.0,6.0,1.38,0.0
20230429:0211,0.0,0.0,0.0,5.41,1.1,0.0
20230429:0311,0.0,0.0,0.0,5.36,1.17,0.0
20230429:0411,0.0,0.0,0.0,5.12,1.52,0.0
20230429:0511,0.0,2.62,3.62,5.13,1.31,0.0
20230429:0611,45.49,69.29,12.28,6.26,1.03,0.0
20230429:0711,75.81,105.75,21.18,9.98,0.9,0.0
20230429:0811,346.49,436.51,29.94,11.99,0.97,0.0
20230429:0911,480.75,614.38,38.06,13.3,1.31,0.0
20230429:1011,498.05,642.52,44.88,14.22,1.38,0.0
20230429:1111,474.22,612.3,49.49,14.84,1.38,0.0
20230429:1211,333.13,425.24,50.98,15.44,1.31,0.0
20230429:1311,100.18,137.21,48.96,15.21,1.52,0.0
20230429:1411,228.38,294.32,43.94,16.09,0.97,0.0
20230429:1511,242.65,313.46,36.86,16.32,0.28,0.0
20230429:1611,29.03,50.06,28.6,15.91,0.83,0.0
20230429:1711,50.38,76.95,19.79,15.67,2.0,0.0
20230429:1811,25.06,44.5,10.9,14.05,1.52,0.0
20230429:1911,0.0,2.62,2.32,12.92,1.79,0.0
20230429:2011,0.0,0.0,0.0,11.92,2.28,0.0
20230429:2111,0.0,0.0,0.0,11.5,2.34,0.0
20230429:2211,0.0,0.0,0.0,11.13,2.28,0.0
20230429:2311,0.0,0.0,0.0,10.95,2.21,0.0
20230430:0011,0.0,0.0,0.0,10.7,2.21,0.0
20230430:0111,0.0,0.0,0.0,10.49,2.21,0.0
20230430:0211,0.0,0.0,0.0,10.42,2.14,0.0
20230430:0311,0.0,0.0,0.0,10.23,2.28,0.0
20230430:0411,0.0,0.0,0.0,10.2,2.48,0.0
20230430:0511,0.0,5.25,3.89,10.34,2.83,0.0
20230430:0611,48.87,75.11,12.54,10.6,3.24,0.0
20230430:0711,24.08,42.65,21.45,10.87,3.17,0.0
20230430:0811,101.02,135.36,30.21,11.17,3.38,0.0
20230430:0911,223.99,279.23,38.34,11.79,3.86,0.0
20230430:1011,211.5,264.79,45.18,11.73,3.93,0.0
20230430:1111,273.71,338.36,49.8,11.88,4.34,0.0
20230430:1211,277.22,342.64,51.29,11.87,4.34,0.0
20230430:1311,124.74,163.17,49.25,11.82,4.48,0.0
20230430:1411,77.91,108.47,44.2,12.19,5.38,0.0
20230430:1511,59.1,86.22,37.1,12.13,4.14,0.0
20230430:1611,126.07,165.14,28.83,12.04,3.52,0.0
20230430:1711,47.57,72.31,20.02,12.15,3.72,0.0
20230430:1811,45.25,73.11,11.13,12.13,3.31,0.0
20230430:1911,0.0,1.75,2.55,12.1,2.62,0.0
20230430:2011,0.0,0.0,0.0,11.24,2.07,0.0
20230430:2111,0.0,0.0,0.0,10.3,2.14,0.0
20230430:2211,0.0,0.0,0.0,9.91,2.07,0.0
20230430:2311,0.0,0.0,0.0,9.42,2.07,0.0
20230501:0011,0.0,0.0,0.0,9.32,2.14,0.0
20230501:0111,0.0,0.0,0.0,9.09,1.93,0.0
20230501:0211,0.0,0.0,0.0,9.02,1.93,0.0
20230501:0311,0.0,0.0,0.0,8.9,2.0,0.0
20230501:0411,0.0,0.0,0.0,8.98,2.0,0.0
20230501:0511,0.53,7.0,4.16,8.88,2.07,0.0
20230501:0611,34.55,55.63,12.8,9.28,2.83,0.0
20230501:0711,110.69,147.06,21.71,10.27,2.62,0.0
20230501:0811,193.13,242.73,30.47,11.02,3.24,0.0
20230501:0911,270.64,335.18,38.62,12.49,4.07,0.0
20230501:1011,118.59,156.68,45.47,13.05,5.1,0.0
20230501:1111,184.32,234.11,50.11,13.63,5.38,0.0
20230501:1211,79.65,111.25,51.59,13.82,5.52,0.0
20230501:1311,73.48,103.84,49.54,13.66,5.79,0.0
20230501:1411,104.16,139.99,44.46,13.68,6.07,0.0
20230501:1511,159.24,204.18,37.34,13.26,5.45,0.0
20230501:1611,302.33,375.09,29.06,13.54,5.03,0.0
20230501:1711,173.04,231.46,20.24,13.07,4.41,0.0
20230501:1811,43.79,69.84,11.35,12.36,3.93,0.0
20230501:1911,0.0,2.62,2.78,11.25,3.1,0.0
20230501:2011,0.0,0.0,0.0,10.08,2.21,0.0
20230501:2111,0.0,0.0,0.0,9.66,1.31,0.0
20230501:2211,0.0,0.0,0.0,9.11,0.76,0.0
20230501:2311,0.0,0.0,0.0,8.8,0.83,0.0
20230502:0011,0.0,0.0,0.0,8.81,1.38,0.0
20230502:0111,0.0,0.0,0.0,8.89,1.86,0.0
20230502:0211,0.0,0.0,0.0,8.72,2.21,0.0
20230502:0311,0.0,0.0,0.0,8.55,2.34,0.0
20230502:0411,0.0,0.0,0.0,8.32,2.21,0.0
20230502:0511,0.54,7.0,4.42,8.2,2.41,0.0
20230502:0611,51.62,77.5,13.06,8.33,2.76,0.0
20230502:0711,0.0,0.0,0.0,8.71,2.97,0.0
20230502:0811,217.89,270.28,30.73,9.59,3.03,0.0
20230502:0911,368.99,453.17,38.89,10.63,2.97,0.0
20230502:1011,431.07,536.66,45.75,11.65,2.55,0.0
20230502:1111,436.27,547.47,50.41,12.29,2.28,0.0
20230502:1211,208.31,263.85,51.89,12.64,2.28,0.0
20230502:1311,334.69,418.34,49.82,12.81,2.34,0.0
20230502:1411,359.13,448.58,44.72,12.93,2.34,0.0
20230502:1511,376.31,469.77,37.58,13.16,2.41,0.0
20230502:1611,236.72,298.23,29.28,13.12,2.55,0.0
20230502:1711,152.81,203.91,20.45,12.91,2.69,0.0
20230502:1811,48.89,78.7,11.57,12.54,2.69,0.0
20230502:1911,0.51,7.0,3.01,12.19,2.21,0.0
20230502:2011,0.0,0.0,0.0,10.98,2.55,0.0
20230502:2111,0.0,0.0,0.0,10.27,2.9,0.0
20230502:2211,0.0,0.0,0.0,9.78,3.24,0.0
20230502:2311,0.0,0.0,0.0,9.21,3.17,0.0
20230503:0011,0.0,0.0,0.0,9.02,3.03,0.0
20230503:0111,0.0,0.0,0.0,8.7,3.03,0.0
20230503:0211,0.0,0.0,0.0,8.61,3.03,0.0
20230503:0311,0.0,0.0,0.0,8.41,2.97,0.0
20230503:0411,0.0,0.0,0.0,8.31,2.9,0.0
20230503:0511,7.39,19.24,4.68,8.07,2.83,0.0
20230503:0611,61.62,108.83,13.31,8.11,2.69,0.0
20230503:0711,241.44,312.8,22.21,8.59,3.24,0.0
20230503:0811,422.13,517.99,30.99,9.74,3.38,0.0
20230503:0911,558.85,695.39,39.15,11.14,3.59,0.0
20230503:1011,620.32,783.51,46.03,12.35,3.93,0.0
20230503:1111,750.7,970.39,50.7,13.2,4.55,0.0
20230503:1211,751.2,970.68,52.19,13.57,4.83,0.0
20230503:1311,575.98,721.39,50.1,13.73,5.1,0.0
20230503:1411,567.6,707.9,44.97,13.58,5.1,0.0
20230503:1511,522.4,645.38,37.81,13.32,5.24,0.0
20230503:1611,390.93,482.87,29.5,12.99,5.31,0.0
20230503:1711,189.4,252.79,20.67,12.26,5.24,0.0
20230503:1811,43.23,81.22,11.79,11.33,4.97,0.0
20230503:1911,0.0,4.37,3.24,10.35,4.76,0.0
20230503:2011,0.0,0.0,0.0,8.95,4.97,0.0
20230503:2111,0.0,0.0,0.0,7.77,5.03,0.0
20230503:2211,0.0,0.0,0.0,7.02,4.97,0.0
20230503:2311,0.0,0.0,0.0,6.63,4.9,0.0
20230504:0011,0.0,0.0,0.0,6.15,4.69,0.0
20230504:0111,0.0,0.0,0.0,5.6,4.69,0.0
20230504:0211,0.0,0.0,0.0,5.55,4.9,0.0
20230504:0311,0.0,0.0,0.0,5.3,4.97,0.0
20230504:0411,0.0,0.0,0.0,5.23,5.03,0.0
20230504:0511,3.21,12.24,4.93,5.01,5.03,0.0
20230504:0611,38.43,59.75,13.56,5.81,4.9,0.0
20230504:0711,214.4,269.95,22.46,7.26,6.83,0.0
20230504:0811,314.19,376.8,31.24,8.31,6.9,0.0
20230504:0911,531.37,637.33,39.41,9.74,7.38,0.0
20230504:1011,619.91,753.75,46.31,10.92,7.66,0.0
20230504:1111,671.97,828.16,50.99,12.32,7.86,0.0
20230504:1211,818.59,1033.04,52.48,12.89,7.72,0.0
20230504:1311,596.64,733.93,50.37,13.42,7.79,0.0
20230504:1411,363.11,442.66,45.23,13.46,7.86,0.0
20230504:1511,499.93,608.71,38.04,13.51,7.72,0.0
20230504:1611,339.59,416.29,29.72,13.09,7.31,0.0
20230504:1711,49.2,74.17,20.88,12.13,6.14,0.0
20230504:1811,52.46,82.36,12.0,11.24,6.0,0.0
20230504:1911,0.0,3.5,3.46,10.01,6.41,0.0
20230504:2011,0.0,0.0,0.0,8.94,6.21,0.0
20230504:2111,0.0,0.0,0.0,8.64,5.72,0.0
20230504:2211,0.0,0.0,0.0,8.5,5.1,0.0
20230504:2311,0.0,0.0,0.0,8.84,4.21,0.0
20230505:0011,0.0,0.0,0.0,9.23,3.17,0.0
20230505:0111,0.0,0.0,0.0,10.07,2.69,0.0
20230505:0211,0.0,0.0,0.0,10.52,2.69,0.0
20230505:0311,0.0,0.0,0.0,10.75,2.97,0.0
20230505:0411,0.0,0.0,0.0,10.99,3.24,0.0
20230505:0511,0.89,7.87,5.18,11.07,3.17,0.0
20230505:0611,63.14,94.34,13.8,11.3,3.03,0.0
20230505:0711,159.73,207.28,22.69,11.56,3.59,0.0
20230505:0811,338.9,418.76,31.48,12.35,3.79,0.0
20230505:0911,331.78,412.49,39.67,13.66,3.38,0.0
20230505:1011,202.98,259.02,46.58,14.75,3.1,0.0
20230505:1111,433.85,550.48,51.28,16.0,3.1,0.0
20230505:1211,390.41,493.8,52.76,16.4,3.45,0.0
20230505:1311,398.86,503.01,50.64,16.45,3.86,0.0
20230505:1411,150.9,197.47,45.47,16.02,4.0,0.0
20230505:1511,100.38,137.21,38.27,15.84,3.79,0.0
20230505:1611,94.96,130.72,29.93,15.68,3.45,0.0
20230505:1711,111.68,152.3,21.09,15.65,2.97,0.0
20230505:1811,48.62,85.97,12.22,15.18,2.69,0.0
20230505:1911,0.0,4.37,3.69,14.3,1.79,0.0
20230505:2011,0.0,0.0,0.0,12.87,2.14,0.0
20230505:2111,0.0,0.0,0.0,12.03,2.07,0.0
20230505:2211,0.0,0.0,0.0,11.1,2.07,0.0
20230505:2311,0.0,0.0,0.0,10.55,2.07,0.0
20230506:0011,0.0,0.0,0.0,9.96,2.07,0.0
20230506:0111,0.0,0.0,0.0,9.49,2.07,0.0
20230506:0211,0.0,0.0,0.0,9.08,2.07,0.0
20230506:0311,0.0,0.0,0.0,8.67,2.0,0.0
20230506:0411,0.0,0.0,0.0,8.39,1.86,0.0
20230506:0511,0.0,4.37,5.42,8.28,1.72,0.0
20230506:0611,33.69,54.7,14.03,9.69,1.59,0.0
20230506:0711,121.44,160.68,22.93,11.64,2.69,0.0
20230506:0811,234.56,294.23,31.72,12.85,3.03,0.0
20230506:0911,342.71,426.39,39.92,13.69,3.24,0.0
20230506:1011,276.9,347.15,46.85,14.6,3.72,0.0
20230506:1111,286.48,359.6,51.56,15.03,3.93,0.0
20230506:1211,375.55,471.51,53.05,15.64,3.93,0.0
20230506:1311,315.86,398.32,50.91,16.07,3.52,0.0
20230506:1411,237.33,302.35,45.72,16.24,3.1,0.0
20230506:1511,226.48,287.83,38.5,15.45,3.03,0.0
20230506:1611,165.17,213.39,30.15,14.43,3.1,0.0
20230506:1711,65.37,94.56,21.3,13.78,2.14,0.0
20230506:1811,27.99,48.21,12.43,13.47,1.72,0.0
20230506:1911,0.0,4.37,3.91,13.21,1.45,0.0
20230506:2011,0.0,0.0,0.0,12.77,1.45,0.0
20230506:2111,0.0,0.0,0.0,12.52,1.45,0.0
20230506:2211,0.0,0.0,0.0,12.34,1.31,0.0
20230506:2311,0.0,0.0,0.0,12.04,0.97,0.0
20230507:0011,0.0,0.0,0.0,11.65,0.83,0.0
20230507:0111,0.0,0.0,0.0,11.64,0.83,0.0
20230507:0211,0.0,0.0,0.0,11.62,0.62,0.0
20230507:0311,0.0,0.0,0.0,11.64,0.41,0.0
20230507:0411,0.0,0.0,0.0,11.22,0.48,0.0
20230507:0511,14.45,29.73,5.65,10.57,0.9,0.0
20230507:0611,71.52,114.54,14.26,11.6,1.93,0.0
20230507:0711,205.6,267.45,23.16,11.71,2.14,0.0
20230507:0811,294.39,367.89,31.95,12.38,2.07,0.0
20230507:0911,367.8,461.25,40.16,14.05,2.41,0.0
20230507:1011,215.7,275.13,47.11,15.06,2.69,0.0
20230507:1111,513.97,663.53,51.83,15.92,2.41,0.0
20230507:1211,458.69,589.18,53.32,16.44,2.41,0.0
20230507:1311,466.95,602.97,51.17,16.8,2.14,0.0
20230507:1411,534.34,702.32,45.96,17.8,1.93,0.0
20230507:1511,419.36,539.91,38.72,18.24,2.21,0.0
20230507:1611,212.0,275.01,30.36,18.22,2.34,0.0
20230507:1711,74.5,107.49,21.51,17.72,1.66,0.0
20230507:1811,53.74,88.74,12.64,17.28,1.24,0.0
20230507:1911,0.84,7.87,4.12,16.13,1.52,0.0
20230507:2011,0.0,0.0,0.0,14.41,1.1,0.0
20230507:2111,0.0,0.0,0.0,13.58,0.9,0.0
20230507:2211,0.0,0.0,0.0,10.84,1.93,0.0
20230507:2311,0.0,0.0,0.0,10.02,2.14,0.0
20230508:0011,0.0,0.0,0.0,9.92,2.34,0.0
20230508:0111,0.0,0.0,0.0,10.32,2.48,0.0
20230508:0211,0.0,0.0,0.0,10.54,2.76,0.0
20230508:0311,0.0,0.0,0.0,10.49,2.97,0.0
20230508:0411,0.0,0.0,0.0,10.55,3.17,0.0
20230508:0511,0.0,4.37,5.89,10.65,3.45,0.0
20230508:0611,10.51,24.1,14.49,10.92,3.93,0.0
20230508:0711,30.59,50.99,23.38,10.98,3.93,0.0
20230508:0811,90.82,123.31,32.18,11.14,4.0,0.0
20230508:0911,151.61,194.11,40.4,11.17,4.0,0.0
20230508:1011,131.42,170.59,47.36,11.48,4.9,0.0
20230508:1111,167.75,213.23,52.1,12.0,5.1,0.0
20230508:1211,171.29,217.87,53.6,12.62,5.31,0.0
20230508:1311,161.23,206.74,51.43,12.97,4.55,0.0
20230508:1411,138.22,180.79,46.2,14.01,3.93,0.0
20230508:1511,72.4,102.91,38.94,14.11,4.07,0.0
20230508:1611,62.34,90.86,30.56,14.39,5.03,0.0
20230508:1711,20.86,38.94,21.71,14.44,3.66,0.0
20230508:1811,10.93,25.03,12.85,14.35,3.38,0.0
20230508:1911,0.0,4.37,4.34,13.88,3.45,0.0
20230508:2011,0.0,0.0,0.0,13.48,2.83,0.0
20230508:2111,0.0,0.0,0.0,12.94,2.28,0.0
20230508:2211,0.0,0.0,0.0,12.3,2.07,0.0
20230508:2311,0.0,0.0,0.0,11.9,2.28,0.0
20230509:0011,0.0,0.0,0.0,11.83,2.41,0.0
20230509:0111,0.0,0.0,0.0,11.86,2.34,0.0
20230509:0211,0.0,0.0,0.0,11.76,2.21,0.0
20230509:0311,0.0,0.0,0.0,11.65,2.28,0.0
20230509:0411,0.0,0.0,0.0,11.57,2.14,0.0
20230509:0511,14.39,29.73,6.11,11.54,1.93,0.0
20230509:0611,66.68,98.19,14.71,11.79,2.83,0.0
20230509:0711,123.93,164.12,23.6,12.53,2.69,0.0
20230509:0811,173.91,223.32,32.4,13.64,2.55,0.0
20230509:0911,227.3,287.75,40.64,14.09,2.55,0.0
20230509:1011,209.08,265.82,47.61,14.03,2.76,0.0
20230509:1111,450.09,571.39,52.36,14.97,2.69,0.0
20230509:1211,523.93,671.89,53.86,15.73,3.1,0.0
20230509:1311,345.95,435.24,51.69,15.73,3.59,0.0
20230509:1411,543.34,688.44,46.43,14.99,3.86,0.0
20230509:1511,271.45,340.14,39.15,14.99,4.07,0.0
20230509:1611,230.02,290.41,30.77,14.26,3.59,0.0
20230509:1711,197.74,266.63,21.92,13.79,3.31,0.0
20230509:1811,51.2,78.69,13.05,13.18,2.83,0.0
20230509:1911,0.0,3.5,4.55,12.44,2.48,0.0
20230509:2011,0.0,0.0,0.0,10.94,2.21,0.0
20230509:2111,0.0,0.0,0.0,9.83,2.0,0.0
20230509:2211,0.0,0.0,0.0,8.85,1.93,0.0
20230509:2311,0.0,0.0,0.0,8.04,1.72,0.0
20230510:0011,0.0,0.0,0.0,7.32,1.52,0.0
20230510:0111,0.0,0.0,0.0,7.51,1.31,0.0
20230510:0211,0.0,0.0,0.0,7.95,1.17,0.0
20230510:0311,0.0,0.0,0.0,7.83,1.17,0.0
20230510:0411,0.0,0.0,0.0,6.89,1.45,0.0
20230510:0511,18.07,34.1,6.33,6.09,1.59,0.0
20230510:0611,77.3,121.93,14.92,8.02,1.24,0.0
20230510:0711,204.94,263.7,23.81,10.64,2.62,0.0
20230510:0811,285.13,353.89,32.62,11.72,2.83,0.0
20230510:0911,218.74,275.56,40.86,12.87,2.9,0.0
20230510:1011,110.61,148.34,47.85,13.65,2.62,0.0
20230510:1111,111.67,150.19,52.62,14.47,2.41,0.0
20230510:1211,85.98,119.6,54.13,14.81,3.17,0.0
20230510:1311,203.27,256.75,51.94,13.44,4.62,0.0
20230510:1411,89.27,122.38,46.66,12.9,4.07,0.0
20230510:1511,254.47,317.14,39.37,13.31,4.21,0.0
20230510:1611,186.42,236.9,30.97,13.77,4.83,0.0
20230510:1711,58.0,85.29,22.12,13.31,4.34,0.0
20230510:1811,35.44,57.48,13.25,12.71,3.45,0.0
20230510:1911,4.04,13.99,4.76,11.68,2.28,0.0
20230510:2011,0.0,0.0,0.0,11.33,1.86,0.0
20230510:2111,0.0,0.0,0.0,10.86,1.79,0.0
20230510:2211,0.0,0.0,0.0,10.08,1.86,0.0
20230510:2311,0.0,0.0,0.0,9.58,1.79,0.0
20230511:0011,0.0,0.0,0.0,9.3,1.79,0.0
20230511:0111,0.0,0.0,0.0,8.98,1.79,0.0
20230511:0211,0.0,0.0,0.0,9.12,1.66,0.0
20230511:0311,0.0,0.0,0.0,9.02,1.66,0.0
20230511:0411,0.0,0.0,0.0,8.83,1.52,0.0
20230511:0511,7.37,19.24,6.55,8.59,1.31,0.0
20230511:0611,48.18,72.73,15.13,9.57,0.9,0.0
20230511:0711,129.31,170.44,24.02,11.22,0.9,0.0
20230511:0811,251.47,316.91,32.83,12.01,0.97,0.0
20230511:0911,299.5,377.74,41.09,12.92,0.97,0.0
20230511:1011,276.35,351.41,48.09,13.9,0.83,0.0
20230511:1111,191.49,247.04,52.88,14.54,1.17,0.0
20230511:1211,360.21,458.85,54.39,14.81,1.45,0.0
20230511:1311,196.47,253.03,52.19,15.06,1.72,0.0
20230511:1411,110.19,149.26,46.89,15.47,1.86,0.0
20230511:1511,176.14,228.15,39.58,15.35,2.07,0.0
20230511:1611,129.51,172.06,31.17,15.18,2.14,0.0
20230511:1711,128.94,172.36,22.31,13.93,2.48,0.0
20230511:1811,60.47,94.85,13.45,13.22,2.48,0.0
20230511:1911,3.05,12.24,4.97,12.01,2.0,0.0
20230511:2011,0.0,0.0,0.0,11.18,2.07,0.0
20230511:2111,0.0,0.0,0.0,10.75,2.48,0.0
20230511:2211,0.0,0.0,0.0,10.35,2.69,0.0
20230511:2311,0.0,0.0,0.0,10.07,2.76,0.0
20230512:0011,0.0,0.0,0.0,9.83,2.9,0.0
20230512:0111,0.0,0.0,0.0,9.1,2.9,0.0
20230512:0211,0.0,0.0,0.0,8.76,3.03,0.0
20230512:0311,0.0,0.0,0.0,8.73,3.17,0.0
20230512:0411,0.0,0.0,0.0,8.73,3.24,0.0
20230512:0511,15.24,30.61,6.76,8.94,4.28,0.0
20230512:0611,65.02,93.62,15.34,9.41,4.83,0.0
20230512:0711,123.39,161.14,24.22,10.37,4.76,0.0
20230512:0811,287.09,351.8,33.04,11.06,5.03,0.0
20230512:0911,511.42,627.12,41.3,11.82,5.24,0.0
20230512:1011,465.59,573.47,48.32,12.77,5.17,0.0
20230512:1111,456.88,565.88,53.13,13.59,5.1,0.0
20230512:1211,382.18,474.11,54.64,14.43,5.17,0.0
20230512:1311,342.17,425.36,52.43,14.97,5.31,0.0
20230512:1411,181.9,232.54,47.11,14.8,5.17,0.0
20230512:1511,265.13,331.21,39.78,14.94,5.17,0.0
20230512:1611,254.62,319.41,31.37,14.93,5.1,0.0
20230512:1711,113.0,151.96,22.51,14.26,4.76,0.0
20230512:1811,36.84,59.33,13.65,13.28,4.48,0.0
20230512:1911,0.17,6.12,5.17,12.01,3.93,0.0
20230512:2011,0.0,0.0,0.0,10.51,3.52,0.0
20230512:2111,0.0,0.0,0.0,9.37,3.31,0.0
20230512:2211,0.0,0.0,0.0,8.47,2.97,0.0
20230512:2311,0.0,0.0,0.0,7.8,2.62,0.0
20230513:0011,0.0,0.0,0.0,7.28,2.48,0.0
20230513:0111,0.0,0.0,0.0,6.76,2.28,0.0
20230513:0211,0.0,0.0,0.0,6.42,2.0,0.0
20230513:0311,0.0,0.0,0.0,6.07,1.79,0.0
20230513:0411,0.0,0.0,0.0,6.11,1.66,0.0
20230513:0511,17.41,33.23,6.96,6.14,1.59,0.0
20230513:0611,73.39,130.31,15.53,7.1,1.59,0.0
20230513:0711,258.92,334.16,24.42,8.04,1.66,0.0
20230513:0811,442.0,551.23,33.24,9.35,1.59,0.0
20230513:0911,610.79,783.53,41.51,10.77,1.86,0.0
20230513:1011,698.54,924.94,48.55,12.2,1.93,0.0
20230513:1111,760.22,1042.4,53.37,13.55,1.72,0.0
20230513:1211,767.29,1071.94,54.89,14.71,1.45,0.0
20230513:1311,726.37,1015.12,52.67,15.69,1.1,0.0
20230513:1411,652.78,902.79,47.33,16.46,0.62,0.0
20230513:1511,545.55,732.33,39.99,16.92,0.48,0.0
20230513:1611,399.29,525.07,31.56,17.07,0.41,0.0
20230513:1711,212.08,296.5,22.7,16.98,0.48,0.0
20230513:1811,42.44,92.89,13.84,16.59,0.62,0.0
20230513:1911,10.44,24.48,5.37,15.94,0.34,0.0
20230513:2011,0.0,0.0,0.0,14.01,0.97,0.0
20230513:2111,0.0,0.0,0.0,11.39,1.86,0.0
20230513:2211,0.0,0.0,0.0,9.97,2.07,0.0
20230513:2311,0.0,0.0,0.0,9.01,2.07,0.0
20230514:0011,0.0,0.0,0.0,8.45,2.21,0.0
20230514:0111,0.0,0.0,0.0,8.17,2.14,0.0
20230514:0211,0.0,0.0,0.0,7.93,2.21,0.0
20230514:0311,0.0,0.0,0.0,7.69,2.21,0.0
20230514:0411,0.0,0.0,0.0,7.37,2.07,0.0
20230514:0511,22.6,40.23,7.16,7.46,1.79,0.0
20230514:0611,84.49,124.81,15.73,9.09,1.45,0.0
20230514:0711,200.44,257.28,24.61,9.68,1.31,0.0
20230514:0811,385.23,485.04,33.43,11.95,1.31,0.0
20230514:0911,315.66,398.29,41.72,13.89,1.52,0.0
20230514:1011,553.76,721.2,48.77,15.39,2.0,0.0
20230514:1111,585.84,766.9,53.61,16.39,2.62,0.0
20230514:1211,726.04,977.73,55.13,17.01,3.1,0.0
20230514:1311,220.59,283.03,52.9,17.24,3.66,0.0
20230514:1411,322.73,407.1,47.55,16.89,4.07,0.0
20230514:1511,241.76,305.25,40.19,15.71,4.41,0.0
20230514:1611,269.71,338.08,31.75,14.43,4.14,0.0
20230514:1711,87.92,121.26,22.89,13.39,3.66,0.0
20230514:1811,44.47,69.09,14.04,12.75,3.31,0.0
20230514:1911,0.0,4.37,5.57,12.41,3.24,0.0
20230514:2011,0.0,0.0,0.0,11.53,3.1,0.0
20230514:2111,0.0,0.0,0.0,11.07,3.52,0.0
20230514:2211,0.0,0.0,0.0,10.72,3.93,0.0
20230514:2311,0.0,0.0,0.0,10.12,4.07,0.0
20230515:0011,0.0,0.0,0.0,9.19,3.86,0.0
20230515:0111,0.0,0.0,0.0,8.57,3.93,0.0
20230515:0211,0.0,0.0,0.0,7.83,3.93,0.0
20230515:0311,0.0,0.0,0.0,7.3,3.79,0.0
20230515:0411,0.0,0.0,0.0,6.93,3.59,0.0
20230515:0511,18.67,34.98,7.35,6.88,3.59,0.0
20230515:0611,74.91,133.45,15.91,7.81,3.52,0.0
20230515:0711,270.33,345.63,24.8,8.89,4.69,0.0
20230515:0811,423.43,514.62,33.62,9.87,4.97,0.0
20230515:0911,415.67,505.5,41.92,10.8,5.1,0.0
20230515:1011,597.77,739.42,48.99,11.59,5.52,0.0
20230515:1111,588.76,731.3,53.84,12.19,5.52,0.0
20230515:1211,681.87,859.34,55.37,12.39,5.52,0.0
20230515:1311,576.15,715.3,53.13,12.64,5.66,0.0
20230515:1411,438.21,537.62,47.76,12.62,5.52,0.0
20230515:1511,490.45,602.91,40.38,12.73,5.38,0.0
20230515:1611,379.51,466.6,31.94,12.33,5.45,0.0
20230515:1711,220.04,292.3,23.07,11.91,5.03,0.0
20230515:1811,50.77,98.08,14.22,11.46,4.48,0.0
20230515:1911,13.22,27.98,5.77,10.67,4.28,0.0
20230515:2011,0.0,0.0,0.0,9.55,3.72,0.0
20230515:2111,0.0,0.0,0.0,8.63,3.31,0.0
20230515:2211,0.0,0.0,0.0,8.02,3.03,0.0
20230515:2311,0.0,0.0,0.0,7.58,2.9,0.0
20230516:0011,0.0,0.0,0.0,7.14,2.69,0.0
20230516:0111,0.0,0.0,0.0,6.65,2.48,0.0
20230516:0211,0.0,0.0,0.0,6.27,2.41,0.0
20230516:0311,0.0,0.0,0.0,6.02,2.41,0.0
20230516:0411,0.0,0.0,0.0,5.85,2.41,0.0
20230516:0511,24.83,42.85,7.54,6.01,2.28,0.0
20230516:0611,87.56,133.75,16.09,7.71,2.14,0.0
20230516:0711,174.54,221.9,24.97,9.53,3.86,0.0
20230516:0811,293.2,358.29,33.81,10.98,5.59,0.0
20230516:0911,312.56,381.84,42.11,11.61,5.66,0.0
20230516:1011,207.29,258.88,49.19,11.83,5.72,0.0
20230516:1111,173.55,219.72,54.06,11.93,5.59,0.0
20230516:1211,402.47,493.3,55.6,12.23,5.59,0.0
20230516:1311,356.91,438.28,53.35,12.66,5.59,0.0
20230516:1411,327.54,402.08,47.97,12.8,5.86,0.0
20230516:1511,404.48,493.33,40.58,12.64,6.21,0.0
20230516:1611,305.59,375.99,32.13,12.75,6.21,0.0
20230516:1711,175.34,228.34,23.25,12.64,5.93,0.0
20230516:1811,67.71,104.7,14.41,12.01,5.38,0.0
20230516:1911,15.68,31.48,5.96,11.3,4.14,0.0
20230516:2011,0.0,0.0,0.0,10.24,3.72,0.0
20230516:2111,0.0,0.0,0.0,9.54,3.24,0.0
20230516:2211,0.0,0.0,0.0,8.97,2.76,0.0
20230516:2311,0.0,0.0,0.0,8.42,2.55,0.0
20230517:0011,0.0,0.0,0.0,8.09,2.34,0.0
20230517:0111,0.0,0.0,0.0,7.92,2.21,0.0
20230517:0211,0.0,0.0,0.0,7.69,2.07,0.0
20230517:0311,0.0,0.0,0.0,7.33,2.0,0.0
20230517:0411,0.0,0.0,0.0,7.17,1.79,0.0
20230517:0511,20.61,37.6,7.72,7.2,1.52,0.0
20230517:0611,86.22,123.25,16.27,8.71,1.72,0.0
20230517:0711,173.07,221.66,25.15,10.43,2.83,0.0
20230517:0811,372.72,462.05,33.98,11.41,2.69,0.0
20230517:0911,505.92,635.07,42.3,12.54,2.9,0.0
20230517:1011,588.87,753.97,49.4,13.66,3.03,0.0
20230517:1111,356.48,447.08,54.28,14.19,3.03,0.0
20230517:1211,214.56,272.48,55.83,14.24,3.17,0.0
20230517:1311,211.52,268.22,53.57,14.07,3.52,0.0
20230517:1411,359.78,448.97,48.17,14.22,3.59,0.0
20230517:1511,273.11,342.18,40.77,14.42,3.59,0.0
20230517:1611,275.22,345.85,32.31,14.45,3.45,0.0
20230517:1711,135.72,179.96,23.43,13.83,2.97,0.0
20230517:1811,39.73,63.04,14.59,13.33,2.28,0.0
20230517:1911,7.74,20.11,6.15,12.84,1.31,0.0
20230517:2011,0.0,0.0,0.0,11.95,0.76,0.0
20230517:2111,0.0,0.0,0.0,11.65,0.62,0.0
20230517:2211,0.0,0.0,0.0,10.37,0.97,0.0
20230517:2311,0.0,0.0,0.0,9.81,1.03,0.0
20230518:0011,0.0,0.0,0.0,9.82,0.97,0.0
20230518:0111,0.0,0.0,0.0,9.55,1.03,0.0
20230518:0211,0.0,0.0,0.0,9.29,1.17,0.0
20230518:0311,0.0,0.0,0.0,8.99,1.38,0.0
20230518:0411,0.0,0.0,0.0,8.84,1.52,0.0
20230518:0511,0.91,7.87,7.9,8.86,1.52,0.0
20230518:0611,82.33,117.68,16.44,10.32,0.97,0.0
20230518:0711,207.52,270.23,25.32,12.6,1.1,0.0
20230518:0811,424.64,540.66,34.15,13.91,1.59,0.0
20230518:0911,369.7,468.1,42.48,14.87,1.86,0.0
20230518:1011,395.83,504.32,49.59,15.86,2.14,0.0
20230518:1111,494.13,637.76,54.5,16.78,2.62,0.0
20230518:1211,320.42,407.84,56.05,17.37,3.17,0.0
20230518:1311,186.14,241.44,53.79,17.11,3.17,0.0
20230518:1411,244.65,312.02,48.37,16.42,2.9,0.0
20230518:1511,285.93,362.8,40.95,16.44,2.69,0.0
20230518:1611,201.96,259.55,32.49,16.06,2.83,0.0
20230518:1711,149.76,199.29,23.61,15.49,2.97,0.0
20230518:1811,57.44,103.97,14.77,14.6,2.76,0.0
20230518:1911,15.46,31.48,6.34,13.76,2.21,0.0
20230518:2011,0.0,0.0,0.0,12.63,1.52,0.0
20230518:2111,0.0,0.0,0.0,11.74,1.17,0.0
20230518:2211,0.0,0.0,0.0,10.86,1.1,0.0
20230518:2311,0.0,0.0,0.0,10.06,1.24,0.0
20230519:0011,0.0,0.0,0.0,9.09,1.31,0.0
20230519:0111,0.0,0.0,0.0,8.89,1.17,0.0
20230519:0211,0.0,0.0,0.0,9.04,0.97,0.0
20230519:0311,0.0,0.0,0.0,8.75,0.97,0.0
20230519:0411,0.0,0.0,0.0,9.5,0.62,0.0
20230519:0511,7.9,20.11,8.07,9.41,0.76,0.0
20230519:0611,7.48,19.47,16.6,9.55,0.83,0.0
20230519:0711,48.39,73.24,25.48,11.41,1.66,0.0
20230519:0811,109.47,146.48,34.32,12.6,2.14,0.0
20230519:0911,191.48,244.72,42.65,13.4,1.93,0.0
20230519:1011,278.98,350.88,49.78,14.07,2.69,0.0
20230519:1111,367.1,461.69,54.7,14.53,2.9,0.0
20230519:1211,224.8,285.35,56.27,14.3,2.76,0.0
20230519:1311,358.24,451.22,54.0,15.2,3.1,0.0
20230519:1411,155.57,202.11,48.57,14.46,3.1,0.0
20230519:1511,377.77,472.3,41.14,14.63,3.38,0.0
20230519:1611,87.8,121.45,32.66,14.36,3.66,0.0
20230519:1711,139.97,185.79,23.79,14.69,3.31,0.0
20230519:1811,45.56,70.71,14.95,14.35,2.9,0.0
20230519:1911,17.98,34.98,6.52,13.78,1.79,0.0
20230519:2011,0.0,0.0,0.0,12.89,1.72,0.0
20230519:2111,0.0,0.0,0.0,12.13,1.79,0.0
20230519:2211,0.0,0.0,0.0,11.31,1.93,0.0
20230519:2311,0.0,0.0,0.0,10.57,2.07,0.0
20230520:0011,0.0,0.0,0.0,9.88,2.07,0.0
20230520:0111,0.0,0.0,0.0,8.92,2.14,0.0
20230520:0211,0.0,0.0,0.0,8.11,2.0,0.0
20230520:0311,0.0,0.0,0.0,7.3,1.79,0.0
20230520:0411,0.0,0.0,0.0,6.84,1.86,0.0
20230520:0511,22.67,40.23,8.23,6.9,1.86,0.0
20230520:0611,80.78,138.66,16.76,7.57,1.93,0.0
20230520:0711,268.53,347.51,25.63,9.27,2.0,0.0
20230520:0811,462.13,578.51,34.48,11.07,2.28,0.0
20230520:0911,614.47,791.06,42.82,13.06,2.48,0.0
20230520:1011,695.03,916.11,49.97,14.51,2.83,0.0
20230520:1111,748.92,1006.13,54.91,15.61,3.03,0.0
20230520:1211,776.72,1059.32,56.48,16.44,2.97,0.0
20230520:1311,733.54,992.49,54.2,17.09,2.9,0.0
20230520:1411,653.67,867.88,48.76,17.51,2.83,0.0
20230520:1511,541.83,703.28,41.32,17.71,2.76,0.0
20230520:1611,410.25,527.01,32.84,17.51,2.83,0.0
20230520:1711,223.52,307.11,23.96,17.05,2.97,0.0
20230520:1811,50.57,103.52,15.12,16.37,2.97,0.0
20230520:1911,15.96,32.35,6.7,15.29,2.76,0.0
20230520:2011,0.0,0.0,0.0,13.35,2.69,0.0
20230520:2111,0.0,0.0,0.0,11.64,2.62,0.0
20230520:2211,0.0,0.0,0.0,10.38,2.28,0.0
20230520:2311,0.0,0.0,0.0,9.19,2.07,0.0
20230521:0011,0.0,0.0,0.0,8.09,1.93,0.0
20230521:0111,0.0,0.0,0.0,7.29,1.79,0.0
20230521:0211,0.0,0.0,0.0,6.78,1.72,0.0
20230521:0311,0.0,0.0,0.0,6.29,1.72,0.0
20230521:0411,0.0,0.0,0.0,5.79,1.79,0.0
20230521:0511,22.78,40.23,8.39,5.92,1.45,0.0
20230521:0611,93.95,136.5,16.91,8.32,0.9,0.0
20230521:0711,241.24,314.74,25.78,11.77,0.9,0.0
20230521:0811,437.44,563.14,34.63,13.61,0.76,0.0
20230521:0911,579.56,764.81,42.98,14.83,1.17,0.0
20230521:1011,672.08,909.44,50.15,16.03,1.66,0.0
20230521:1111,733.81,1011.19,55.1,17.06,2.07,0.0
20230521:1211,757.22,1051.14,56.69,17.96,2.34,0.0
20230521:1311,726.09,997.49,54.4,18.5,2.48,0.0
20230521:1411,667.38,899.25,48.94,18.87,2.62,0.0
20230521:1511,556.37,729.08,41.49,19.01,2.76,0.0
20230521:1611,407.89,527.53,33.01,18.89,2.83,0.0
20230521:1711,221.61,306.2,24.12,18.52,2.83,0.0
20230521:1811,53.23,105.72,15.29,17.81,2.48,0.0
20230521:1911,18.34,35.85,6.87,16.69,2.28,0.0
20230521:2011,0.0,0.0,0.0,14.58,2.55,0.0
20230521:2111,0.0,0.0,0.0,12.7,2.48,0.0
20230521:2211,0.0,0.0,0.0,11.29,2.34,0.0
20230521:2311,0.0,0.0,0.0,10.06,2.21,0.0
20230522:0011,0.0,0.0,0.0,8.98,2.14,0.0
20230522:0111,0.0,0.0,0.0,7.98,2.07,0.0
20230522:0211,0.0,0.0,0.0,7.02,1.93,0.0
20230522:0311,0.0,0.0,0.0,6.13,1.86,0.0
20230522:0411,0.0,0.0,0.0,5.4,1.79,0.0
20230522:0511,24.85,42.85,8.55,5.74,1.59,0.0
20230522:0611,80.27,140.69,17.06,9.16,1.17,0.0
20230522:0711,265.73,350.28,25.93,12.66,1.59,0.0
20230522:0811,446.23,566.69,34.78,14.54,2.41,0.0
20230522:0911,588.13,759.28,43.14,15.9,3.03,0.0
20230522:1011,672.61,885.87,50.32,16.93,3.45,0.0
20230522:1111,522.75,673.34,55.29,17.59,3.66,0.0
20230522:1211,504.69,650.04,56.89,18.45,3.93,0.0
20230522:1311,656.02,863.52,54.6,18.41,4.07,0.0
20230522:1411,322.35,406.6,49.13,17.54,4.83,0.0
20230522:1511,353.0,440.68,41.67,16.51,5.38,0.0
20230522:1611,173.97,224.46,33.17,16.16,5.17,0.0
20230522:1711,148.61,196.91,24.29,16.1,4.76,0.0
20230522:1811,72.52,108.83,15.46,15.94,4.0,0.0
20230522:1911,5.49,16.61,7.05,14.95,2.69,0.0
20230522:2011,0.0,0.0,0.0,13.88,1.72,0.0
20230522:2111,0.0,0.0,0.0,12.69,1.38,0.0
20230522:2211,0.0,0.0,0.0,12.02,1.72,0.0
20230522:2311,0.0,0.0,0.0,11.33,1.72,0.0
20230523:0011,0.0,0.0,0.0,11.1,1.45,0.0
20230523:0111,0.0,0.0,0.0,10.85,1.03,0.0
20230523:0211,0.0,0.0,0.0,10.65,0.69,0.0
20230523:0311,0.0,0.0,0.0,10.79,0.48,0.0
20230523:0411,0.0,0.0,0.0,10.54,0.55,0.0
20230523:0511,3.57,13.12,8.69,10.53,0.48,0.0
20230523:0611,53.07,79.2,17.2,11.27,0.41,0.0
20230523:0711,122.62,162.63,26.07,11.78,0.48,0.0
20230523:0811,282.21,356.39,34.92,12.67,0.9,0.0
20230523:0911,330.27,416.04,43.29,13.34,1.45,0.0
20230523:1011,414.34,522.98,50.48,13.65,2.14,0.0
20230523:1111,482.46,614.07,55.48,14.41,2.62,0.0
20230523:1211,581.21,749.51,57.08,15.19,3.24,0.0
20230523:1311,634.3,820.59,54.79,15.14,3.66,0.0
20230523:1411,611.21,784.62,49.31,15.76,4.0,0.0
20230523:1511,459.16,576.33,41.83,15.76,4.21,0.0
20230523:1611,393.67,493.36,33.33,15.18,4.41,0.0
20230523:1711,166.86,218.73,24.45,14.38,4.62,0.0
20230523:1811,62.14,91.36,15.62,13.33,4.48,0.0
20230523:1911,18.13,34.98,7.22,12.41,3.31,0.0
20230523:2011,0.0,0.0,0.0,11.19,3.03,0.0
20230523:2111,0.0,0.0,0.0,10.16,3.17,0.0
20230523:2211,0.0,0.0,0.0,9.65,3.03,0.0
20230523:2311,0.0,0.0,0.0,9.44,2.9,0.0
20230524:0011,0.0,0.0,0.0,9.3,2.76,0.0
20230524:0111,0.0,0.0,0.0,8.7,2.55,0.0
20230524:0211,0.0,0.0,0.0,8.44,2.41,0.0
20230524:0311,0.0,0.0,0.0,8.34,2.34,0.0
20230524:0411,0.0,0.0,0.0,8.08,2.41,0.0
20230524:0511,24.51,42.85,8.83,8.57,2.55,0.0
20230524:0611,94.69,134.83,17.34,9.81,3.24,0.0
20230524:0711,262.15,336.53,26.2,10.91,4.41,0.0
20230524:0811,458.64,565.51,35.05,11.97,4.55,0.0
20230524:0911,602.5,754.09,43.43,12.77,4.48,0.0
20230524:1011,707.86,906.99,50.64,13.39,4.48,0.0
20230524:1111,463.91,577.74,55.65,13.73,4.55,0.0
20230524:1211,782.26,1022.91,57.27,14.04,4.62,0.0
20230524:1311,760.37,988.42,54.98,14.37,4.76,0.0
20230524:1411,692.33,886.74,49.48,14.4,4.69,0.0
20230524:1511,573.46,720.13,42.0,14.31,4.55,0.0
20230524:1611,423.13,528.36,33.49,14.17,4.48,0.0
20230524:1711,230.17,308.71,24.61,14.0,4.34,0.0
20230524:1811,56.62,109.38,15.78,13.91,4.0,0.0
20230524:1911,19.92,37.6,7.38,13.91,3.45,0.0
20230524:2011,0.0,0.0,0.0,12.4,3.45,0.0
20230524:2111,0.0,0.0,0.0,11.53,2.97,0.0
20230524:2211,0.0,0.0,0.0,11.09,2.41,0.0
20230524:2311,0.0,0.0,0.0,10.69,1.86,0.0
20230525:0011,0.0,0.0,0.0,10.02,1.31,0.0
20230525:0111,0.0,0.0,0.0,10.34,0.9,0.0
20230525:0211,0.0,0.0,0.0,10.61,0.69,0.0
20230525:0311,0.0,0.0,0.0,10.79,0.62,0.0
20230525:0411,0.0,0.0,0.0,10.88,0.55,0.0
20230525:0511,30.93,51.59,8.97,11.12,0.34,0.0
20230525:0611,83.99,141.83,17.46,11.88,0.34,0.0
20230525:0711,259.19,345.65,26.33,13.72,0.55,0.0
20230525:0811,399.23,514.45,35.18,14.97,0.76,0.0
20230525:0911,400.43,516.65,43.57,16.0,0.9,0.0
20230525:1011,341.73,439.97,50.79,16.96,1.24,0.0
20230525:1111,113.46,154.83,55.82,17.63,1.38,0.0
20230525:1211,87.25,123.31,57.45,18.2,1.24,0.0
20230525:1311,69.65,101.98,55.16,18.65,0.97,0.0
20230525:1411,66.65,98.27,49.65,18.62,0.9,0.0
20230525:1511,84.12,119.6,42.16,18.42,1.24,0.0
20230525:1611,64.72,95.49,33.65,17.97,1.72,0.0
20230525:1711,45.61,71.39,24.76,17.02,2.34,0.0
20230525:1811,50.37,77.21,15.94,16.1,2.48,0.0
20230525:1911,20.4,38.48,7.54,15.23,1.72,0.0
20230525:2011,0.0,0.0,0.0,14.44,1.24,0.0
20230525:2111,0.0,0.0,0.0,13.48,1.03,0.0
20230525:2211,0.0,0.0,0.0,12.64,0.9,0.0
20230525:2311,0.0,0.0,0.0,11.74,0.69,0.0
20230526:0011,0.0,0.0,0.0,11.84,0.55,0.0
20230526:0111,0.0,0.0,0.0,10.78,1.17,0.0
20230526:0211,0.0,0.0,0.0,10.31,1.45,0.0
20230526:0311,0.0,0.0,0.0,9.59,1.66,0.0
20230526:0411,0.0,0.0,0.0,9.38,1.59,0.0
20230526:0511,27.05,46.35,9.1,9.78,1.45,0.0
20230526:0611,82.99,142.51,17.59,11.15,1.45,0.0
20230526:0711,262.69,344.99,26.45,12.71,2.0,0.0
20230526:0811,444.9,563.48,35.31,13.54,2.14,0.0
20230526:0911,572.71,741.11,43.7,14.26,2.0,0.0
20230526:1011,667.0,891.78,50.94,15.11,1.86,0.0
20230526:1111,713.3,978.02,55.99,15.51,1.59,0.0
20230526:1211,670.98,915.41,57.63,15.77,1.38,0.0
20230526:1311,569.36,762.09,55.33,16.53,1.1,0.0
20230526:1411,276.25,355.96,49.82,16.8,0.97,0.0
20230526:1511,308.12,398.69,42.32,17.4,0.62,0.0
20230526:1611,181.39,238.95,33.8,17.81,0.48,0.0
20230526:1711,125.47,171.18,24.91,17.84,0.48,0.0
20230526:1811,64.29,96.51,16.09,17.78,0.62,0.0
20230526:1911,21.38,40.23,7.7,17.79,0.48,0.0
20230526:2011,0.0,0.0,0.0,16.43,0.9,0.0
20230526:2111,0.0,0.0,0.0,14.07,1.86,0.0
20230526:2211,0.0,0.0,0.0,13.09,2.28,0.0
20230526:2311,0.0,0.0,0.0,11.99,2.55,0.0
20230527:0011,0.0,0.0,0.0,11.05,2.41,0.0
20230527:0111,0.0,0.0,0.0,10.08,2.28,0.0
20230527:0211,0.0,0.0,0.0,9.31,2.21,0.0
20230527:0311,0.0,0.0,0.0,8.73,2.14,0.0
20230527:0411,0.0,0.0,0.0,8.18,2.07,0.0
20230527:0511,24.55,42.85,9.22,8.16,1.79,0.0
20230527:0611,84.33,143.82,17.7,9.65,1.79,0.0
20230527:0711,269.44,352.32,26.56,11.93,2.28,0.0
20230527:0811,453.91,573.19,35.42,13.4,2.48,0.0
20230527:0911,589.35,763.89,43.83,14.85,2.34,0.0
20230527:1011,678.5,912.46,51.08,16.25,2.07,0.0
20230527:1111,724.75,1002.3,56.15,17.37,1.86,0.0
20230527:1211,735.43,1031.31,57.8,18.29,1.72,0.0
20230527:1311,710.36,990.16,55.5,19.13,1.79,0.0
20230527:1411,653.92,889.71,49.98,19.62,2.14,0.0
20230527:1511,552.49,726.83,42.47,19.74,2.69,0.0
20230527:1611,403.56,520.9,33.95,19.7,3.45,0.0
20230527:1711,222.42,303.8,25.06,18.6,3.79,0.0
20230527:1811,69.36,118.6,16.24,17.51,3.31,0.0
20230527:1911,19.01,36.73,7.85,16.39,2.83,0.0
20230527:2011,0.0,0.0,0.0,14.84,2.55,0.0
20230527:2111,0.0,0.0,0.0,13.43,2.55,0.0
20230527:2211,0.0,0.0,0.0,12.62,2.48,0.0
20230527:2311,0.0,0.0,0.0,12.09,2.41,0.0
20230528:0011,0.0,0.0,0.0,11.7,2.21,0.0
20230528:0111,0.0,0.0,0.0,11.26,2.07,0.0
20230528:0211,0.0,0.0,0.0,10.66,2.0,0.0
20230528:0311,0.0,0.0,0.0,10.14,1.93,0.0
20230528:0411,0.0,0.87,1.58,9.58,1.79,0.0
20230528:0511,20.34,37.6,9.34,9.68,1.52,0.0
20230528:0611,96.17,137.5,17.82,11.8,1.59,0.0
20230528:0711,166.58,216.68,26.67,13.45,2.07,0.0
20230528:0811,315.66,397.83,35.53,14.4,2.28,0.0
20230528:0911,429.16,544.0,43.95,15.45,2.62,0.0
20230528:1011,433.69,552.9,51.21,16.44,2.83,0.0
20230528:1111,425.48,543.39,56.3,16.65,2.83,0.0
20230528:1211,454.64,581.44,57.96,16.85,3.17,0.0
20230528:1311,616.62,802.76,55.66,16.95,3.72,0.0
20230528:1411,438.82,556.05,50.14,17.12,4.0,0.0
20230528:1511,526.46,666.95,42.62,16.67,4.41,0.0
20230528:1611,416.95,523.84,34.09,16.07,4.9,0.0
20230528:1711,232.52,311.03,25.2,14.75,5.03,0.0
20230528:1811,60.13,114.09,16.39,13.67,5.17,0.0
20230528:1911,22.57,41.1,8.0,13.78,4.76,0.0
20230528:2011,0.0,0.0,0.0,12.72,4.55,0.0
20230528:2111,0.0,0.0,0.0,11.67,4.14,0.0
20230528:2211,0.0,0.0,0.0,10.56,3.93,0.0
20230528:2311,0.0,0.0,0.0,9.8,3.45,0.0
20230529:0011,0.0,0.0,0.0,9.2,2.83,0.0
20230529:0111,0.0,0.0,0.0,7.9,2.21,0.0
20230529:0211,0.0,0.0,0.0,7.22,1.86,0.0
20230529:0311,0.0,0.0,0.0,6.6,1.72,0.0
20230529:0411,0.0,1.75,1.7,5.76,1.72,0.0
20230529:0511,24.83,42.85,9.45,5.93,1.66,0.0
20230529:0611,87.21,147.21,17.92,8.24,1.86,0.0
20230529:0711,263.17,335.77,26.77,9.65,3.66,0.0
20230529:0811,426.91,525.06,35.64,10.64,3.72,0.0
20230529:0911,591.47,739.56,44.06,11.68,3.93,0.0
20230529:1011,691.85,886.73,51.34,12.74,4.0,0.0
20230529:1111,744.48,972.25,56.44,13.84,4.07,0.0
20230529:1211,737.93,969.53,58.12,14.75,4.0,0.0
20230529:1311,666.16,866.54,55.82,15.4,3.86,0.0
20230529:1411,594.34,765.32,50.29,15.92,3.66,0.0
20230529:1511,483.34,613.53,42.76,16.29,3.52,0.0
20230529:1611,424.85,540.44,34.23,16.43,3.45,0.0
20230529:1711,233.19,315.45,25.34,16.23,3.52,0.0
20230529:1811,65.35,118.87,16.53,15.65,3.45,0.0
20230529:1911,20.46,38.48,8.15,14.9,3.17,0.0
20230529:2011,0.0,0.0,0.0,13.14,3.24,0.0
20230529:2111,0.0,0.0,0.0,11.39,3.17,0.0
20230529:2211,0.0,0.0,0.0,10.05,2.76,0.0
20230529:2311,0.0,0.0,0.0,8.95,2.34,0.0
20230530:0011,0.0,0.0,0.0,8.07,2.07,0.0
20230530:0111,0.0,0.0,0.0,7.16,1.86,0.0
20230530:0211,0.0,0.0,0.0,6.4,1.79,0.0
20230530:0311,0.0,0.0,0.0,5.75,1.93,0.0
20230530:0411,0.0,0.87,1.81,5.46,2.14,0.0
20230530:0511,24.8,42.85,9.55,6.23,2.07,0.0
20230530:0611,96.29,149.09,18.02,8.63,2.07,0.0
20230530:0711,266.63,342.47,26.87,10.24,3.24,0.0
20230530:0811,444.91,548.98,35.74,11.76,4.21,0.0
20230530:0911,506.36,629.01,44.16,12.69,4.21,0.0
20230530:1011,511.07,641.27,51.46,13.72,4.0,0.0
20230530:1111,605.28,775.72,56.58,14.75,3.93,0.0
20230530:1211,502.94,640.34,58.27,15.94,3.79,0.0
20230530:1311,386.65,489.2,55.98,16.73,3.79,0.0
20230530:1411,601.12,777.9,50.43,17.21,3.93,0.0
20230530:1511,568.85,728.96,42.9,17.28,4.07,0.0
20230530:1611,420.68,533.74,34.37,17.01,4.14,0.0
20230530:1711,238.32,322.19,25.48,16.39,4.21,0.0
20230530:1811,60.25,117.39,16.66,15.41,4.14,0.0
20230530:1911,21.17,39.35,8.29,14.37,3.72,0.0
20230530:2011,0.0,0.0,0.0,12.83,3.72,0.0
20230530:2111,0.0,0.0,0.0,11.21,3.31,0.0
20230530:2211,0.0,0.0,0.0,10.15,3.03,0.0
20230530:2311,0.0,0.0,0.0,9.5,2.9,0.0
20230531:0011,0.0,0.0,0.0,8.91,2.76,0.0
20230531:0111,0.0,0.0,0.0,8.81,2.69,0.0
20230531:0211,0.0,0.0,0.0,8.53,2.62,0.0
20230531:0311,0.0,0.0,0.0,8.22,2.62,0.0
20230531:0411,0.0,0.87,1.92,8.36,2.62,0.0
20230531:0511,11.49,25.36,9.65,8.85,2.76,0.0
20230531:0611,60.69,87.53,18.11,9.9,3.79,0.0
20230531:0711,106.98,141.65,26.96,10.28,4.41,0.0
20230531:0811,161.11,204.62,35.83,10.79,4.41,0.0
20230531:0911,173.78,220.22,44.27,11.63,4.34,0.0
20230531:1011,130.63,170.59,51.58,12.48,4.28,0.0
20230531:1111,250.11,313.2,56.71,13.63,4.34,0.0
20230531:1211,335.63,419.15,58.42,14.59,4.28,0.0
20230531:1311,434.62,546.51,56.13,15.53,4.21,0.0
20230531:1411,585.39,749.64,50.58,16.38,4.28,0.0
20230531:1511,572.05,729.94,43.04,16.39,4.07,0.0
20230531:1611,429.5,543.45,34.5,16.33,4.14,0.0
20230531:1711,240.57,324.53,25.61,15.92,4.14,0.0
20230531:1811,60.51,118.19,16.8,15.08,4.14,0.0
20230531:1911,21.96,40.23,8.43,13.23,3.59,0.0
20230531:2011,0.0,0.0,0.0,11.72,3.52,0.0
20230531:2111,0.0,0.0,0.0,10.3,3.24,0.0
20230531:2211,0.0,0.0,0.0,9.24,3.1,0.0
20230531:2311,0.0,0.0,0.0,8.59,3.03,0.0
20230601:0011,0.0,0.0,0.0,8.03,2.76,0.0
20230601:0111,0.0,0.0,0.0,7.87,2.48,0.0
20230601:0211,0.0,0.0,0.0,7.9,2.28,0.0
20230601:0311,0.0,0.0,0.0,7.81,2.21,0.0
20230601:0411,0.0,0.87,2.02,7.77,2.07,0.0
20230601:0511,16.57,32.35,9.74,8.23,2.14,0.0
20230601:0611,80.8,111.93,18.2,9.15,3.45,0.0
20230601:0711,215.78,273.14,27.05,9.97,3.38,0.0
20230601:0811,409.12,504.74,35.92,10.96,3.38,0.0
20230601:0911,566.41,711.43,44.36,12.28,3.52,0.0
20230601:1011,704.4,912.71,51.68,13.43,3.66,0.0
20230601:1111,662.59,859.7,56.84,14.82,3.79,0.0
20230601:1211,420.32,530.06,58.56,15.79,3.93,0.0
20230601:1311,347.46,437.66,56.27,16.26,4.07,0.0
20230601:1411,195.85,251.87,50.71,16.61,4.14,0.0
20230601:1511,312.44,392.83,43.17,16.42,4.28,0.0
20230601:1611,383.54,482.66,34.63,16.0,4.28,0.0
20230601:1711,189.78,248.12,25.74,15.17,4.34,0.0
20230601:1811,74.54,107.26,16.93,14.22,4.28,0.0
20230601:1911,20.08,37.6,8.56,12.49,4.07,0.0
20230601:2011,0.0,0.0,0.0,11.34,3.79,0.0
20230601:2111,0.0,0.0,0.0,10.25,3.52,0.0
20230601:2211,0.0,0.0,0.0,9.69,3.24,0.0
20230601:2311,0.0,0.0,0.0,9.09,2.9,0.0
20230602:0011,0.0,0.0,0.0,8.64,2.69,0.0
20230602:0111,0.0,0.0,0.0,8.16,2.62,0.0
20230602:0211,0.0,0.0,0.0,8.03,2.48,0.0
20230602:0311,0.0,0.0,0.0,7.71,2.41,0.0
20230602:0411,0.0,0.87,2.11,7.64,2.34,0.0
20230602:0511,21.21,38.48,9.83,7.93,2.0,0.0
20230602:0611,100.45,139.4,18.28,8.73,3.79,0.0
20230602:0711,258.51,328.62,27.12,9.49,3.66,0.0
20230602:0811,472.34,583.25,36.0,10.59,3.66,0.0
20230602:0911,618.42,779.22,44.45,11.96,3.72,0.0
20230602:1011,720.99,935.75,51.78,13.46,3.79,0.0
20230602:1111,774.06,1027.55,56.96,14.79,3.79,0.0
20230602:1211,783.68,1050.58,58.69,15.89,3.79,0.0
20230602:1311,757.31,1010.75,56.4,16.63,3.86,0.0
20230602:1411,692.24,910.1,50.85,17.04,3.86,0.0
20230602:1511,584.45,751.27,43.3,17.14,3.93,0.0
20230602:1611,431.28,547.57,34.76,16.91,4.07,0.0
20230602:1711,243.8,329.12,25.86,16.36,4.14,0.0
20230602:1811,62.27,120.97,17.05,15.46,3.93,0.0
20230602:1911,21.15,39.35,8.69,14.51,3.45,0.0
20230602:2011,0.0,0.0,0.0,12.71,3.17,0.0
20230602:2111,0.0,0.0,0.0,10.96,3.1,0.0
20230602:2211,0.0,0.0,0.0,9.65,2.97,0.0
20230602:2311,0.0,0.0,0.0,8.68,2.76,0.0
20230603:0011,0.0,0.0,0.0,7.92,2.34,0.0
20230603:0111,0.0,0.0,0.0,7.36,2.0,0.0
20230603:0211,0.0,0.0,0.0,6.81,1.79,0.0
20230603:0311,0.0,0.0,0.0,6.47,1.59,0.0
20230603:0411,0.0,2.62,2.2,5.82,1.59,0.0
20230603:0511,26.16,44.6,9.91,6.23,1.24,0.0
20230603:0611,84.74,148.82,18.36,8.44,1.38,0.0
20230603:0711,278.48,361.41,27.2,9.9,2.07,0.0
20230603:0811,461.38,580.06,36.07,11.44,2.07,0.0
20230603:0911,601.89,775.61,44.53,13.08,2.28,0.0
20230603:1011,701.66,930.76,51.88,14.67,2.62,0.0
20230603:1111,756.22,1022.45,57.07,16.1,2.97,0.0
20230603:1211,765.97,1040.25,58.82,17.13,3.24,0.0
20230603:1311,737.12,994.13,56.54,17.84,3.38,0.0
20230603:1411,676.95,901.55,50.98,18.25,3.24,0.0
20230603:1511,570.89,744.59,43.42,18.46,3.1,0.0
20230603:1611,421.73,542.97,34.88,18.39,3.1,0.0
20230603:1711,238.71,325.65,25.98,18.03,3.17,0.0
20230603:1811,62.71,122.19,17.17,17.35,3.17,0.0
20230603:1911,22.23,41.1,8.81,16.47,3.03,0.0
20230603:2011,0.0,0.0,0.0,14.57,3.24,0.0
20230603:2111,0.0,0.0,0.0,12.71,3.31,0.0
20230603:2211,0.0,0.0,0.0,11.21,2.97,0.0
20230603:2311,0.0,0.0,0.0,10.0,2.55,0.0
20230604:0011,0.0,0.0,0.0,9.04,2.34,0.0
20230604:0111,0.0,0.0,0.0,8.38,2.21,0.0
20230604:0211,0.0,0.0,0.0,7.65,2.0,0.0
20230604:0311,0.0,0.0,0.0,6.95,1.93,0.0
20230604:0411,0.0,1.75,2.28,6.3,1.93,0.0
20230604:0511,29.58,48.97,9.99,6.7,1.66,0.0
20230604:0611,86.44,149.06,18.43,9.12,1.79,0.0
20230604:0711,274.57,356.04,27.27,10.63,2.62,0.0
20230604:0811,457.02,572.15,36.14,12.21,2.83,0.0
20230604:0911,596.53,764.02,44.6,13.77,2.9,0.0
20230604:1011,695.92,916.98,51.97,15.19,3.1,0.0
20230604:1111,756.06,1018.35,57.17,16.35,3.24,0.0
20230604:1211,768.36,1042.52,58.94,17.29,3.38,0.0
20230604:1311,742.26,1002.89,56.66,17.92,3.38,0.0
20230604:1411,676.97,899.0,51.1,18.3,3.45,0.0
20230604:1511,570.88,742.43,43.54,18.55,3.38,0.0
20230604:1611,420.43,540.52,34.99,18.48,3.31,0.0
20230604:1711,236.86,322.25,26.1,18.16,3.31,0.0
20230604:1811,69.87,126.54,17.29,17.53,3.31,0.0
20230604:1911,28.11,48.97,8.93,16.84,3.03,0.0
20230604:2011,0.0,0.0,0.0,15.06,3.1,0.0
20230604:2111,0.0,0.0,0.0,13.16,3.1,0.0
20230604:2211,0.0,0.0,0.0,11.61,2.97,0.0
20230604:2311,0.0,0.0,0.0,10.45,2.76,0.0
20230605:0011,0.0,0.0,0.0,9.56,2.48,0.0
20230605:0111,0.0,0.0,0.0,8.92,2.14,0.0
20230605:0211,0.0,0.0,0.0,8.58,1.79,0.0
20230605:0311,0.0,0.0,0.0,8.49,1.52,0.0
20230605:0411,0.0,0.87,2.36,7.76,1.38,0.0
20230605:0511,23.82,41.97,10.06,8.49,1.52,0.0
20230605:0611,84.65,117.18,18.49,9.86,2.76,0.0
20230605:0711,178.91,228.18,27.33,10.91,3.24,0.0
20230605:0811,394.51,489.57,36.21,12.08,3.24,0.0
20230605:0911,607.25,771.88,44.67,13.18,3.38,0.0
20230605:1011,713.36,932.7,52.05,14.32,3.52,0.0
20230605:1111,763.82,1018.22,57.27,15.34,3.59,0.0
20230605:1211,778.88,1048.84,59.05,16.23,3.59,0.0
20230605:1311,752.19,1009.13,56.78,16.93,3.59,0.0
20230605:1411,685.85,903.94,51.22,17.37,3.72,0.0
20230605:1511,580.08,748.13,43.65,17.6,3.79,0.0
20230605:1611,431.25,549.33,35.1,17.42,3.93,0.0
20230605:1711,245.86,332.12,26.21,16.9,4.14,0.0
20230605:1811,62.96,124.14,17.4,16.07,4.21,0.0
20230605:1911,22.39,41.1,9.04,15.15,3.72,0.0
20230605:2011,0.0,0.0,0.0,13.53,3.59,0.0
20230605:2111,0.0,0.0,0.0,11.89,3.38,0.0
20230605:2211,0.0,0.0,0.0,10.73,3.17,0.0
20230605:2311,0.0,0.0,0.0,10.08,2.9,0.0
20230606:0011,0.0,0.0,0.0,9.42,2.55,0.0
20230606:0111,0.0,0.0,0.0,8.63,2.28,0.0
20230606:0211,0.0,0.0,0.0,8.14,2.0,0.0
20230606:0311,0.0,0.0,0.0,8.22,1.79,0.0
20230606:0411,0.0,1.75,2.43,8.04,1.72,0.0
20230606:0511,7.95,20.11,10.12,8.38,1.66,0.0
20230606:0611,45.13,68.61,18.55,9.31,2.83,0.0
20230606:0711,0.0,0.0,0.0,9.86,2.62,0.0
20230606:0811,135.4,175.33,36.26,10.66,2.76,0.0
20230606:0911,174.55,222.05,44.74,11.63,2.83,0.0
20230606:1011,218.91,275.69,52.12,12.51,2.97,0.0
20230606:1111,236.03,297.52,57.36,13.59,3.17,0.0
20230606:1211,240.39,304.07,59.16,14.59,3.31,0.0
20230606:1311,235.65,299.37,56.89,15.61,3.59,0.0
20230606:1411,337.94,426.81,51.33,16.37,3.52,0.0
20230606:1511,254.6,323.38,43.76,16.53,3.52,0.0
20230606:1611,193.21,248.56,35.21,16.29,3.66,0.0
20230606:1711,196.54,257.55,26.32,15.77,3.72,0.0
20230606:1811,88.35,135.11,17.51,15.02,3.66,0.0
20230606:1911,25.29,44.6,9.15,13.13,3.38,0.0
20230606:2011,0.0,0.87,1.58,12.03,3.03,0.0
20230606:2111,0.0,0.0,0.0,10.98,3.03,0.0
20230606:2211,0.0,0.0,0.0,10.14,2.9,0.0
20230606:2311,0.0,0.0,0.0,9.44,2.69,0.0
20230607:0011,0.0,0.0,0.0,9.03,2.41,0.0
20230607:0111,0.0,0.0,0.0,8.84,2.14,0.0
20230607:0211,0.0,0.0,0.0,8.74,1.93,0.0
20230607:0311,0.0,0.0,0.0,8.53,1.79,0.0
20230607:0411,0.0,1.75,2.49,8.28,1.72,0.0
20230607:0511,9.11,21.86,10.18,8.53,1.66,0.0
20230607:0611,46.62,70.46,18.6,9.45,2.55,0.0
20230607:0711,115.46,151.69,27.43,10.14,3.38,0.0
20230607:0811,194.09,243.65,36.31,10.94,3.66,0.0
20230607:0911,278.25,344.12,44.79,11.69,3.79,0.0
20230607:1011,336.15,416.21,52.19,12.55,3.86,0.0
20230607:1111,401.34,499.99,57.45,13.64,4.0,0.0
20230607:1211,661.69,855.08,59.26,14.41,4.0,0.0
20230607:1311,710.54,929.39,57.0,14.95,3.93,0.0
20230607:1411,682.22,888.98,51.44,15.42,3.72,0.0
20230607:1511,583.77,745.26,43.87,15.73,3.86,0.0
20230607:1611,433.04,546.54,35.32,15.59,3.93,0.0
20230607:1711,246.69,329.71,26.42,15.42,4.07,0.0
20230607:1811,70.96,129.14,17.62,14.77,4.0,0.0
20230607:1911,28.59,48.97,9.26,13.69,3.72,0.0
20230607:2011,0.0,0.87,1.68,12.34,3.66,0.0
20230607:2111,0.0,0.0,0.0,11.01,3.72,0.0
20230607:2211,0.0,0.0,0.0,9.9,3.59,0.0
20230607:2311,0.0,0.0,0.0,8.94,3.38,0.0
20230608:0011,0.0,0.0,0.0,8.54,3.31,0.0
20230608:0111,0.0,0.0,0.0,8.22,3.17,0.0
20230608:0211,0.0,0.0,0.0,8.07,3.03,0.0
20230608:0311,0.0,0.0,0.0,7.99,3.03,0.0
20230608:0411,0.0,2.62,2.55,7.97,3.1,0.0
20230608:0511,27.99,47.22,10.23,8.26,3.1,0.0
20230608:0611,92.26,151.57,18.65,8.98,4.34,0.0
20230608:0711,258.85,328.33,27.48,9.51,4.14,0.0
20230608:0811,428.76,524.9,36.36,10.23,4.21,0.0
20230608:0911,602.77,751.03,44.85,11.32,4.28,0.0
20230608:1011,719.4,922.74,52.25,12.94,4.41,0.0
20230608:1111,781.97,1025.48,57.53,14.26,4.48,0.0
20230608:1211,792.74,1049.9,59.35,15.37,4.48,0.0
20230608:1311,765.93,1011.57,57.1,16.28,4.55,0.0
20230608:1411,701.4,912.61,51.54,16.78,4.69,0.0
20230608:1511,583.64,743.31,43.97,16.95,4.76,0.0
20230608:1611,401.97,506.07,35.41,16.8,4.97,0.0
20230608:1711,249.0,332.91,26.52,16.25,5.1,0.0
20230608:1811,79.33,134.16,17.71,15.23,5.17,0.0
20230608:1911,26.52,46.35,9.36,14.11,4.62,0.0
20230608:2011,0.0,0.87,1.78,12.41,4.69,0.0
20230608:2111,0.0,0.0,0.0,10.74,4.69,0.0
20230608:2211,0.0,0.0,0.0,9.6,4.76,0.0
20230608:2311,0.0,0.0,0.0,9.06,4.69,0.0
20230609:0011,0.0,0.0,0.0,8.63,4.48,0.0
20230609:0111,0.0,0.0,0.0,8.48,4.14,0.0
20230609:0211,0.0,0.0,0.0,8.29,3.79,0.0
20230609:0311,0.0,0.0,0.0,8.13,3.86,0.0
20230609:0411,0.0,2.62,2.6,8.21,4.07,0.0
20230609:0511,36.35,57.71,10.27,8.8,3.93,0.0
20230609:0611,94.49,150.01,18.69,9.92,4.62,0.0
20230609:0711,262.05,335.09,27.51,10.86,5.03,0.0
20230609:0811,451.26,554.65,36.4,12.24,5.24,0.0
20230609:0911,605.78,756.53,44.89,13.97,5.45,0.0
20230609:1011,709.27,909.25,52.31,15.65,5.52,0.0
20230609:1111,763.68,1000.42,57.6,17.13,5.45,0.0
20230609:1211,778.67,1029.84,59.44,18.42,5.59,0.0
20230609:1311,748.09,986.67,57.2,19.32,5.66,0.0
20230609:1411,679.68,884.9,51.63,19.79,5.72,0.0
20230609:1511,572.87,732.98,44.06,19.9,5.79,0.0
20230609:1611,420.73,535.0,35.51,19.6,5.72,0.0
20230609:1711,239.19,322.8,26.61,19.01,5.72,0.0
20230609:1811,70.53,128.93,17.81,17.92,5.59,0.0
20230609:1911,28.92,49.84,9.45,16.13,5.1,0.0
20230609:2011,0.0,0.87,1.88,14.39,5.03,0.0
20230609:2111,0.0,0.0,0.0,12.8,4.97,0.0
20230609:2211,0.0,0.0,0.0,11.79,4.69,0.0
20230609:2311,0.0,0.0,0.0,11.2,4.41,0.0
20230610:0011,0.0,0.0,0.0,10.83,4.14,0.0
20230610:0111,0.0,0.0,0.0,11.0,4.0,0.0
20230610:0211,0.0,0.0,0.0,10.89,3.72,0.0
20230610:0311,0.0,0.0,0.0,10.89,3.66,0.0
20230610:0411,0.0,2.62,2.65,10.93,3.72,0.0
20230610:0511,35.81,57.71,10.31,11.72,3.72,0.0
20230610:0611,86.58,146.72,18.72,13.49,3.59,0.0
20230610:0711,259.5,340.83,27.55,14.99,4.21,0.0
20230610:0811,434.75,549.81,36.43,17.07,4.34,0.0
20230610:0911,573.62,738.92,44.93,19.02,4.48,0.0
20230610:1011,673.98,892.99,52.36,21.05,4.69,0.0
20230610:1111,725.86,982.4,57.66,22.77,4.83,0.0
20230610:1211,424.83,555.29,59.52,24.34,5.03,0.0
20230610:1311,401.68,526.64,57.29,25.54,5.24,0.0
20230610:1411,648.94,874.85,51.72,26.24,5.31,0.0
20230610:1511,540.99,716.86,44.15,26.62,5.38,0.0
20230610:1611,383.3,505.2,35.6,26.19,4.9,0.0
20230610:1711,213.48,294.19,26.7,24.76,4.07,0.0
20230610:1811,83.27,125.24,17.9,24.06,3.59,0.0
20230610:1911,29.82,52.47,9.55,23.09,3.79,0.0
20230610:2011,0.0,0.87,1.97,21.52,3.72,0.0
20230610:2111,0.0,0.0,0.0,20.04,3.59,0.0
20230610:2211,0.0,0.0,0.0,18.56,3.66,0.0
20230610:2311,0.0,0.0,0.0,17.65,3.79,0.0
20230611:0011,0.0,0.0,0.0,16.77,3.66,0.0
20230611:0111,0.0,0.0,0.0,16.1,3.59,0.0
20230611:0211,0.0,0.0,0.0,15.99,3.38,0.0
20230611:0311,0.0,0.0,0.0,15.26,3.24,0.0
20230611:0411,0.0,1.75,2.69,14.84,3.03,0.0
20230611:0511,26.38,46.35,10.34,14.86,2.69,0.0
20230611:0611,92.18,147.66,18.75,16.11,2.21,0.0
20230611:0711,252.33,340.04,27.57,17.8,2.0,0.0
20230611:0811,416.36,542.2,36.46,19.56,2.14,0.0
20230611:0911,558.52,745.03,44.96,21.05,2.28,0.0
20230611:1011,588.5,802.14,52.4,22.81,2.21,0.0
20230611:1111,688.05,975.78,57.72,24.35,2.14,0.0
20230611:1211,699.08,1005.15,59.6,25.29,2.0,0.0
20230611:1311,451.09,612.31,57.37,26.03,2.0,0.0
20230611:1411,63.46,97.35,51.81,26.49,1.93,0.0
20230611:1511,67.01,101.98,44.24,26.55,1.52,0.0
20230611:1611,298.96,405.4,35.68,26.38,0.69,0.0
20230611:1711,217.0,308.58,26.78,25.88,0.55,0.0
20230611:1811,85.43,130.55,17.98,24.02,1.66,0.0
20230611:1911,6.23,18.36,9.63,23.23,2.21,0.0
20230611:2011,0.0,0.87,2.06,21.42,2.0,0.0
20230611:2111,0.0,0.0,0.0,19.84,1.79,0.0
20230611:2211,0.0,0.0,0.0,18.68,1.72,0.0
20230611:2311,0.0,0.0,0.0,17.75,1.52,0.0
20230612:0011,0.0,0.0,0.0,17.03,1.66,0.0
20230612:0111,0.0,0.0,0.0,16.72,1.72,0.0
20230612:0211,0.0,0.0,0.0,16.15,1.86,0.0
20230612:0311,0.0,0.0,0.0,15.66,1.86,0.0
20230612:0411,0.0,1.75,2.72,15.09,1.86,0.0
20230612:0511,34.4,56.84,10.37,15.36,1.72,0.0
20230612:0611,97.63,147.0,18.77,17.27,1.66,0.0
20230612:0711,248.02,338.83,27.59,19.79,1.38,0.0
20230612:0811,413.19,549.25,36.48,21.59,1.24,0.0
20230612:0911,0.0,0.0,0.0,23.26,1.45,0.0
20230612:1011,621.28,863.05,52.44,24.53,2.14,0.0
20230612:1111,674.42,948.51,57.77,25.67,2.76,0.0
20230612:1211,706.32,1002.89,59.66,26.53,3.03,0.0
20230612:1311,633.45,883.39,57.45,27.15,3.17,0.0
20230612:1411,496.62,673.63,51.89,27.42,3.17,0.0
20230612:1511,322.62,430.82,44.32,27.65,3.17,0.0
20230612:1611,343.49,460.01,35.76,27.55,3.17,0.0
20230612:1711,48.57,77.88,26.86,26.07,3.17,0.0
20230612:1811,7.37,20.4,18.06,25.19,2.14,0.0
20230612:1911,1.13,8.74,9.71,24.44,2.21,0.0
20230612:2011,0.0,0.87,2.14,23.4,1.93,0.0
20230612:2111,0.0,0.0,0.0,21.63,2.41,0.0
20230612:2211,0.0,0.0,0.0,20.47,2.55,0.0
20230612:2311,0.0,0.0,0.0,19.51,2.69,0.0
20230613:0011,0.0,0.0,0.0,19.26,2.76,0.0
20230613:0111,0.0,0.0,0.0,18.85,2.62,0.0
20230613:0211,0.0,0.0,0.0,17.81,2.69,0.0
20230613:0311,0.0,0.0,0.0,16.8,2.83,0.0
20230613:0411,0.0,1.75,2.75,16.29,2.76,0.0
20230613:0511,32.29,54.22,10.39,15.92,2.76,0.0
20230613:0611,83.35,146.07,18.79,17.11,2.62,0.0
20230613:0711,256.41,344.84,27.61,18.05,2.76,0.0
20230613:0811,433.38,559.25,36.5,19.68,3.45,0.0
20230613:0911,571.46,748.86,45.01,21.3,4.0,0.0
20230613:1011,671.79,900.08,52.47,22.76,4.55,0.0
20230613:1111,726.45,989.99,57.82,23.91,4.83,0.0
20230613:1211,740.43,1015.53,59.72,24.79,5.03,0.0
20230613:1311,693.4,942.02,57.52,25.53,5.31,0.0
20230613:1411,647.59,868.86,51.97,25.75,5.52,0.0
20230613:1511,550.28,725.5,44.4,25.67,5.52,0.0
20230613:1611,405.18,531.13,35.84,25.35,5.24,0.0
20230613:1711,234.96,326.74,26.94,24.82,4.83,0.0
20230613:1811,70.01,131.96,18.14,23.93,4.28,0.0
20230613:1911,27.32,48.97,9.79,22.4,3.79,0.0
20230613:2011,0.0,1.75,2.21,20.48,3.52,0.0
20230613:2111,0.0,0.0,0.0,18.68,3.31,0.0
20230613:2211,0.0,0.0,0.0,17.26,3.24,0.0
20230613:2311,0.0,0.0,0.0,16.14,3.17,0.0
20230614:0011,0.0,0.0,0.0,15.14,3.17,0.0
20230614:0111,0.0,0.0,0.0,14.09,3.17,0.0
20230614:0211,0.0,0.0,0.0,13.2,3.1,0.0
20230614:0311,0.0,0.0,0.0,12.32,2.83,0.0
20230614:0411,3.06,12.24,2.77,11.53,2.62,0.0
20230614:0511,26.13,45.47,10.41,11.69,2.34,0.0
20230614:0611,80.76,148.35,18.8,13.38,2.34,0.0
20230614:0711,272.0,360.78,27.62,15.65,3.59,0.0
20230614:0811,456.31,580.91,36.51,17.44,4.07,0.0
20230614:0911,598.89,776.71,45.02,19.13,4.34,0.0
20230614:1011,702.25,934.34,52.49,20.62,4.69,0.0
20230614:1111,755.43,1021.54,57.86,21.83,5.03,0.0
20230614:1211,772.34,1053.75,59.78,22.7,5.1,0.0
20230614:1311,744.48,1015.78,57.58,23.29,4.83,0.0
20230614:1411,680.22,918.17,52.03,23.64,4.55,0.0
20230614:1511,575.6,762.37,44.47,23.68,4.34,0.0
20230614:1611,440.92,578.08,35.91,23.47,4.28,0.0
20230614:1711,253.24,350.73,27.01,22.91,4.28,0.0
20230614:1811,69.4,134.57,18.21,22.0,3.93,0.0
20230614:1911,23.67,43.72,9.86,20.63,3.86,0.0
20230614:2011,0.0,2.62,2.28,18.76,3.79,0.0
20230614:2111,0.0,0.0,0.0,16.95,3.86,0.0
20230614:2211,0.0,0.0,0.0,15.48,3.66,0.0
20230614:2311,0.0,0.0,0.0,14.35,3.38,0.0
20230615:0011,0.0,0.0,0.0,13.53,3.24,0.0
20230615:0111,0.0,0.0,0.0,13.07,3.03,0.0
20230615:0211,0.0,0.0,0.0,12.59,2.83,0.0
20230615:0311,0.0,0.0,0.0,12.16,2.76,0.0
20230615:0411,0.0,1.75,2.78,11.83,2.62,0.0
20230615:0511,39.14,62.09,10.42,12.38,2.34,0.0
20230615:0611,82.83,146.54,18.81,14.2,2.28,0.0
20230615:0711,235.74,310.11,27.62,16.16,2.76,0.0
20230615:0811,401.09,514.81,36.52,18.07,2.83,0.0
20230615:0911,557.86,732.51,45.03,19.89,3.03,0.0
20230615:1011,658.27,890.82,52.51,21.31,3.1,0.0
20230615:1111,697.05,966.6,57.89,22.42,2.83,0.0
20230615:1211,719.47,1017.05,59.82,23.2,2.48,0.0
20230615:1311,704.38,998.62,57.64,23.87,2.28,0.0
20230615:1411,613.21,850.35,52.1,24.22,2.07,0.0
20230615:1511,533.68,724.49,44.53,24.35,2.07,0.0
20230615:1611,313.08,415.71,35.97,24.34,2.0,0.0
20230615:1711,219.88,303.82,27.08,24.07,2.14,0.0
20230615:1811,80.19,139.23,18.28,23.49,2.41,0.0
20230615:1911,27.26,48.97,9.92,22.62,2.48,0.0
20230615:2011,0.0,1.75,2.35,20.79,3.17,0.0
20230615:2111,0.0,0.0,0.0,19.13,3.52,0.0
20230615:2211,0.0,0.0,0.0,17.86,3.45,0.0
20230615:2311,0.0,0.0,0.0,16.74,3.24,0.0
20230616:0011,0.0,0.0,0.0,15.88,3.1,0.0
20230616:0111,0.0,0.0,0.0,15.18,2.9,0.0
20230616:0211,0.0,0.0,0.0,14.76,2.69,0.0
20230616:0311,0.0,0.0,0.0,14.33,2.55,0.0
20230616:0411,3.02,12.24,2.79,13.68,2.48,0.0
20230616:0511,35.34,57.71,10.42,14.04,2.21,0.0
20230616:0611,81.93,145.54,18.81,15.64,2.0,0.0
20230616:0711,254.14,342.34,27.62,17.96,2.41,0.0
20230616:0811,424.95,551.92,36.52,19.77,2.69,0.0
20230616:0911,560.76,742.57,45.04,21.28,2.97,0.0
20230616:1011,656.12,893.3,52.52,22.69,3.17,0.0
20230616:1111,634.57,865.94,57.91,23.44,3.24,0.0
20230616:1211,668.28,925.45,59.86,24.07,3.1,0.0
20230616:1311,597.87,817.17,57.69,24.23,2.9,0.0
20230616:1411,518.49,698.86,52.16,24.46,2.69,0.0
20230616:1511,460.64,616.27,44.59,24.83,2.48,0.0
20230616:1611,355.62,472.57,36.04,24.75,2.41,0.0
20230616:1711,202.32,278.12,27.14,24.51,2.28,0.0
20230616:1811,78.66,117.46,18.34,24.06,2.28,0.0
20230616:1911,15.9,33.23,9.98,22.99,2.55,0.0
20230616:2011,0.0,0.87,2.4,21.61,3.17,0.0
20230616:2111,0.0,0.0,0.0,20.02,3.66,0.0
20230616:2211,0.0,0.0,0.0,18.77,3.66,0.0
20230616:2311,0.0,0.0,0.0,17.84,3.38,0.0
20230617:0011,0.0,0.0,0.0,17.1,3.38,0.0
20230617:0111,0.0,0.0,0.0,16.44,3.24,0.0
20230617:0211,0.0,0.0,0.0,15.83,3.03,0.0
20230617:0311,0.0,0.0,0.0,15.29,2.97,0.0
20230617:0411,0.0,1.75,2.8,14.97,2.76,0.0
20230617:0511,21.75,40.23,10.42,14.91,2.48,0.0
20230617:0611,95.4,136.37,18.8,15.43,2.34,0.0
20230617:0711,139.89,186.14,27.62,16.59,2.62,0.0
20230617:0811,128.19,171.6,36.51,17.28,3.24,0.0
20230617:0911,80.06,114.03,45.04,18.09,3.45,0.0
20230617:1011,89.83,126.09,52.53,18.53,3.59,0.0
20230617:1111,125.81,170.59,57.93,20.0,3.79,0.0
20230617:1211,185.6,244.76,59.9,20.98,3.66,0.0
20230617:1311,162.6,216.94,57.74,21.79,4.14,0.0
20230617:1411,427.85,555.42,52.21,22.37,4.28,0.0
20230617:1511,324.85,420.5,44.65,22.31,4.0,0.0
20230617:1611,335.9,436.71,36.09,22.24,3.59,0.0
20230617:1711,209.97,284.61,27.19,22.11,3.17,0.0
20230617:1811,82.99,122.3,18.39,21.79,2.69,0.0
20230617:1911,34.82,58.59,10.04,20.85,2.97,0.0
20230617:2011,0.0,1.75,2.46,19.46,2.97,0.0
20230617:2111,0.0,0.0,0.0,18.32,3.31,0.0
20230617:2211,0.0,0.0,0.0,17.29,3.52,0.0
20230617:2311,0.0,0.0,0.0,16.69,3.59,0.0
20230618:0011,0.0,0.0,0.0,16.14,3.52,0.0
20230618:0111,0.0,0.0,0.0,15.46,3.45,0.0
20230618:0211,0.0,0.0,0.0,14.95,3.45,0.0
20230618:0311,0.0,0.0,0.0,14.18,3.31,0.0
20230618:0411,0.0,1.75,2.79,13.86,3.17,0.0
20230618:0511,38.21,61.21,10.41,13.73,3.1,0.0
20230618:0611,98.6,146.29,18.79,14.42,3.03,0.0
20230618:0711,228.37,298.98,27.61,15.6,3.45,0.0
20230618:0811,276.19,349.84,36.5,16.8,3.93,0.0
20230618:0911,156.3,206.03,45.03,18.32,3.93,0.0
20230618:1011,635.77,844.51,52.53,20.42,3.66,0.0
20230618:1111,628.9,844.94,57.94,21.9,3.59,0.0
20230618:1211,304.0,397.28,59.92,23.2,3.72,0.0
20230618:1311,323.77,424.55,57.78,24.09,3.72,0.0
20230618:1411,276.03,363.08,52.25,24.02,3.31,0.0
20230618:1511,117.96,163.17,44.7,22.54,2.9,0.0
20230618:1611,61.49,92.71,36.14,21.35,2.48,0.0
20230618:1711,18.28,36.16,27.24,19.56,2.48,0.0
20230618:1811,15.07,31.52,18.44,18.71,1.38,0.0
20230618:1911,10.32,24.48,10.08,18.12,0.76,0.0
20230618:2011,0.0,1.75,2.5,17.44,0.34,0.0
20230618:2111,0.0,0.0,0.0,17.06,0.34,0.0
20230618:2211,0.0,0.0,0.0,16.71,0.83,0.0
20230618:2311,0.0,0.0,0.0,16.21,1.86,0.0
20230619:0011,0.0,0.0,0.0,15.84,2.69,0.0
20230619:0111,0.0,0.0,0.0,15.51,2.83,0.0
20230619:0211,0.0,0.0,0.0,15.15,2.55,0.0
20230619:0311,0.0,0.0,0.0,14.68,2.34,0.0
20230619:0411,3.0,12.24,2.78,14.31,2.28,0.0
20230619:0511,32.51,54.22,10.4,14.57,2.69,0.0
20230619:0611,80.17,142.52,18.78,15.28,3.38,0.0
20230619:0711,187.98,245.02,27.59,16.19,4.34,0.0
20230619:0811,352.0,443.95,36.48,17.29,4.62,0.0
20230619:0911,407.0,515.18,45.01,18.56,4.76,0.0
20230619:1011,496.64,635.7,52.52,19.48,4.97,0.0
20230619:1111,638.47,839.17,57.94,20.18,4.76,0.0
20230619:1211,342.24,439.92,59.94,20.74,4.41,0.0
20230619:1311,573.8,754.76,57.81,21.01,4.14,0.0
20230619:1411,297.99,384.62,52.29,21.26,4.14,0.0
20230619:1511,462.31,599.11,44.74,21.65,4.07,0.0
20230619:1611,25.48,46.36,36.19,21.7,3.79,0.0
20230619:1711,223.28,302.51,27.29,21.3,3.24,0.0
20230619:1811,75.47,137.02,18.49,20.96,2.48,0.0
20230619:1911,29.52,51.59,10.13,20.45,1.72,0.0
20230619:2011,0.0,1.75,2.54,19.18,1.17,0.0
20230619:2111,0.0,0.0,0.0,17.98,1.1,0.0
20230619:2211,0.0,0.0,0.0,16.03,1.66,0.0
20230619:2311,0.0,0.0,0.0,15.15,1.52,0.0
20230620:0011,0.0,0.0,0.0,15.02,1.31,0.0
20230620:0111,0.0,0.0,0.0,14.26,1.45,0.0
20230620:0211,0.0,0.0,0.0,13.51,1.72,0.0
20230620:0311,0.0,0.0,0.0,13.04,1.66,0.0
20230620:0411,0.0,1.75,2.77,13.04,1.45,0.0
20230620:0511,1.67,9.62,10.38,13.59,1.31,0.0
20230620:0611,10.26,24.1,18.76,14.87,0.97,0.0
20230620:0711,34.67,57.48,27.57,16.51,0.9,0.0
20230620:0811,33.26,55.63,36.46,16.43,1.45,0.0
20230620:0911,59.77,89.0,44.99,16.93,1.66,0.0
20230620:1011,50.72,77.88,52.51,17.21,1.72,0.0
20230620:1111,78.61,112.18,57.94,17.49,2.28,0.0
20230620:1211,136.78,182.64,59.95,17.35,1.93,0.0
20230620:1311,92.18,128.87,57.83,17.75,2.0,0.0
20230620:1411,298.47,382.43,52.33,17.89,2.48,0.0
20230620:1511,368.52,469.24,44.78,17.76,3.03,0.0
20230620:1611,129.82,174.38,36.23,18.31,3.17,0.0
20230620:1711,186.78,247.63,27.33,18.35,2.97,0.0
20230620:1811,90.22,131.64,18.53,18.52,2.55,0.0
20230620:1911,35.29,58.59,10.17,18.06,2.14,0.0
20230620:2011,0.0,1.75,2.58,17.13,1.66,0.0
20230620:2111,0.0,0.0,0.0,15.81,1.31,0.0
20230620:2211,0.0,0.0,0.0,14.69,1.17,0.0
20230620:2311,0.0,0.0,0.0,13.56,1.72,0.0
20230621:0011,0.0,0.0,0.0,12.99,2.0,0.0
20230621:0111,0.0,0.0,0.0,12.68,2.28,0.0
20230621:0211,0.0,0.0,0.0,12.55,2.41,0.0
20230621:0311,0.0,0.0,0.0,12.34,2.28,0.0
20230621:0411,3.05,12.24,2.75,12.14,2.14,0.0
20230621:0511,34.81,56.84,10.35,13.06,1.93,0.0
20230621:0611,78.01,141.82,18.73,14.6,2.48,0.0
20230621:0711,253.31,336.54,27.54,16.14,3.86,0.0
20230621:0811,321.89,406.93,36.43,16.94,3.93,0.0
20230621:0911,470.82,600.23,44.97,18.07,3.93,0.0
20230621:1011,376.65,481.07,52.49,19.14,3.93,0.0
20230621:1111,370.54,475.29,57.93,19.77,3.93,0.0
20230621:1211,637.59,847.15,59.96,20.53,4.07,0.0
20230621:1311,373.13,480.45,57.85,20.97,4.28,0.0
20230621:1411,334.57,431.0,52.36,21.25,4.21,0.0
20230621:1511,387.46,499.0,44.81,21.22,4.0,0.0
20230621:1611,335.46,433.72,36.26,20.89,3.38,0.0
20230621:1711,223.03,300.93,27.37,20.54,2.83,0.0
20230621:1811,93.71,138.76,18.56,19.84,2.14,0.0
20230621:1911,34.3,57.71,10.2,19.53,0.83,0.0
20230621:2011,0.0,1.75,2.61,18.58,0.97,0.0
20230621:2111,0.0,0.0,0.0,17.21,1.1,0.0
20230621:2211,0.0,0.0,0.0,17.03,0.62,0.0
20230621:2311,0.0,0.0,0.0,16.64,0.41,0.0
20230622:0011,0.0,0.0,0.0,15.71,0.76,0.0
20230622:0111,0.0,0.0,0.0,14.6,1.03,0.0
20230622:0211,0.0,0.0,0.0,14.11,1.17,0.0
20230622:0311,0.0,0.0,0.0,13.84,1.17,0.0
20230622:0411,3.01,12.24,2.72,13.93,1.1,0.0
20230622:0511,31.78,53.34,10.32,14.48,0.9,0.0
20230622:0611,88.44,145.47,18.7,16.19,0.55,0.0
20230622:0711,200.12,266.82,27.51,17.93,1.03,0.0
20230622:0811,250.9,325.86,36.4,18.97,1.59,0.0
20230622:0911,466.97,612.81,44.94,20.02,2.0,0.0
20230622:1011,618.91,845.7,52.46,20.9,1.86,0.0
20230622:1111,472.45,630.43,57.92,21.48,1.72,0.0
20230622:1211,533.79,720.64,59.96,21.63,1.86,0.0
20230622:1311,378.29,496.3,57.87,21.86,2.34,0.0
20230622:1411,443.36,584.19,52.38,22.09,2.55,0.0
20230622:1511,371.01,481.97,44.84,21.73,3.03,0.0
20230622:1611,354.93,460.81,36.29,21.47,3.24,0.0
20230622:1711,242.34,331.04,27.4,21.02,3.24,0.0
20230622:1811,75.22,138.46,18.59,20.37,2.97,0.0
20230622:1911,27.61,48.97,10.23,20.11,2.21,0.0
20230622:2011,0.0,1.75,2.63,18.77,1.93,0.0
20230622:2111,0.0,0.0,0.0,17.27,1.72,0.0
20230622:2211,0.0,0.0,0.0,16.05,1.31,0.0
20230622:2311,0.0,0.0,0.0,16.12,0.55,0.0
20230623:0011,0.0,0.0,0.0,15.53,0.76,0.0
20230623:0111,0.0,0.0,0.0,14.28,1.1,0.0
20230623:0211,0.0,0.0,0.0,13.78,1.24,0.0
20230623:0311,0.0,0.0,0.0,13.24,1.52,0.0
20230623:0411,0.0,1.75,2.69,12.82,1.59,0.0
20230623:0511,1.67,9.62,10.29,13.77,1.31,0.0
20230623:0611,14.01,29.67,18.66,15.8,1.17,0.0
20230623:0711,70.35,101.98,27.47,16.83,1.38,0.0
20230623:0811,77.9,111.25,36.36,17.16,1.79,0.0
20230623:0911,143.44,190.98,44.9,17.76,2.07,0.0
20230623:1011,455.71,590.58,52.43,19.08,2.76,0.0
20230623:1111,576.93,760.73,57.89,19.83,3.38,0.0
20230623:1211,405.05,522.9,59.95,20.52,3.79,0.0
20230623:1311,200.77,263.03,57.87,21.14,4.41,0.0
20230623:1411,258.79,334.45,52.39,21.52,5.17,0.0
20230623:1511,110.95,152.97,44.86,21.14,5.1,0.0
20230623:1611,58.18,88.08,36.32,20.57,4.55,0.0
20230623:1711,84.89,120.52,27.42,19.4,3.66,0.0
20230623:1811,48.89,76.02,18.61,18.95,3.24,0.0
20230623:1911,16.92,34.1,10.25,18.59,3.45,0.0
20230623:2011,0.0,1.75,2.65,18.64,3.52,0.0
20230623:2111,0.0,0.0,0.0,18.37,3.72,0.0
20230623:2211,0.0,0.0,0.0,18.15,3.79,0.0
20230623:2311,0.0,0.0,0.0,17.96,3.72,0.0
20230624:0011,0.0,0.0,0.0,17.74,3.59,0.0
20230624:0111,0.0,0.0,0.0,17.56,3.45,0.0
20230624:0211,0.0,0.0,0.0,17.47,3.38,0.0
20230624:0311,0.0,0.0,0.0,17.38,3.31,0.0
20230624:0411,2.04,10.49,2.65,17.3,3.17,0.0
20230624:0511,28.03,48.97,10.25,17.41,3.03,0.0
20230624:0611,93.88,143.76,18.62,17.78,3.1,0.0
20230624:0711,219.65,292.11,27.42,18.74,3.86,0.0
20230624:0811,186.01,242.69,36.32,19.23,4.21,0.0
20230624:0911,124.32,168.73,44.86,20.29,4.62,0.0
20230624:1011,153.89,205.82,52.39,21.48,4.41,0.0
20230624:1111,288.41,373.66,57.86,22.11,4.55,0.0
20230624:1211,332.87,432.96,59.93,23.33,4.55,0.0
20230624:1311,376.88,492.87,57.87,23.77,4.0,0.0
20230624:1411,470.31,621.87,52.4,24.5,3.79,0.0
20230624:1511,458.68,607.17,44.88,24.75,3.38,0.0
20230624:1611,339.22,449.09,36.33,24.66,2.62,0.0
20230624:1711,172.1,236.3,27.44,24.77,2.07,0.0
20230624:1811,70.57,106.66,18.63,24.56,1.38,0.0
20230624:1911,27.07,48.97,10.26,23.5,0.28,0.0
20230624:2011,2.39,11.37,2.66,22.28,1.86,0.0
20230624:2111,0.0,0.0,0.0,20.71,2.41,0.0
20230624:2211,0.0,0.0,0.0,19.87,2.55,0.0
20230624:2311,0.0,0.0,0.0,19.32,2.62,0.0
20230625:0011,0.0,0.0,0.0,18.84,2.83,0.0
20230625:0111,0.0,0.0,0.0,18.53,2.97,0.0
20230625:0211,0.0,0.0,0.0,18.19,3.1,0.0
20230625:0311,0.0,0.0,0.0,17.81,3.31,0.0
20230625:0411,2.48,11.37,2.61,17.52,3.72,0.0
20230625:0511,31.37,53.34,10.2,17.57,3.93,0.0
20230625:0611,83.02,141.05,18.57,18.26,3.59,0.0
20230625:0711,253.52,344.07,27.38,19.73,4.21,0.0
20230625:0811,265.09,342.37,36.27,21.11,4.48,0.0
20230625:0911,555.29,725.42,44.82,22.4,4.62,0.0
20230625:1011,493.64,646.58,52.35,23.61,4.69,0.0
20230625:1111,527.84,699.67,57.83,24.7,4.69,0.0
20230625:1211,499.24,657.15,59.91,25.14,5.52,0.0
20230625:1311,201.31,267.67,57.86,25.09,5.66,0.0
20230625:1411,105.33,146.48,52.41,21.63,4.97,0.0
20230625:1511,55.28,84.37,44.89,20.25,4.28,0.0
20230625:1611,69.62,101.98,36.35,19.32,2.41,0.0
20230625:1711,60.27,89.93,27.45,18.18,3.03,0.0
20230625:1811,92.23,133.83,18.64,18.18,2.83,0.0
20230625:1911,33.49,55.97,10.27,17.01,3.79,0.0
20230625:2011,0.84,7.87,2.67,16.18,3.24,0.0
20230625:2111,0.0,0.0,0.0,15.24,3.79,0.0
20230625:2211,0.0,0.0,0.0,14.56,3.72,0.0
20230625:2311,0.0,0.0,0.0,14.21,3.52,0.0
20230626:0011,0.0,0.0,0.0,14.17,3.86,0.0
20230626:0111,0.0,0.0,0.0,13.76,3.79,0.0
20230626:0211,0.0,0.0,0.0,13.58,3.45,0.0
20230626:0311,0.0,0.0,0.0,13.1,3.24,0.0
20230626:0411,2.57,11.37,2.56,12.87,3.24,0.0
20230626:0511,27.98,48.1,10.15,13.15,3.24,0.0
20230626:0611,76.3,139.49,18.52,13.75,3.31,0.0
20230626:0711,201.5,260.73,27.32,14.67,4.48,0.0
20230626:0811,332.93,416.04,36.22,15.23,4.62,0.0
20230626:0911,504.52,633.35,44.76,15.8,4.83,0.0
20230626:1011,487.55,614.19,52.3,16.56,5.03,0.0
20230626:1111,691.46,894.87,57.79,16.96,5.38,0.0
20230626:1211,734.05,958.19,59.88,17.44,5.59,0.0
20230626:1311,636.64,818.57,57.85,17.75,5.66,0.0
20230626:1411,409.49,516.82,52.41,18.15,5.31,0.0
20230626:1511,333.7,420.89,44.89,18.19,5.24,0.0
20230626:1611,384.69,485.13,36.36,17.8,5.24,0.0
20230626:1711,229.86,301.82,27.46,17.27,5.03,0.0
20230626:1811,96.35,139.29,18.65,17.02,4.62,0.0
20230626:1911,33.54,55.97,10.28,16.76,3.86,0.0
20230626:2011,0.0,1.75,2.67,16.16,3.03,0.0
20230626:2111,0.0,0.0,0.0,15.42,2.62,0.0
20230626:2211,0.0,0.0,0.0,14.83,2.62,0.0
20230626:2311,0.0,0.0,0.0,14.27,2.62,0.0
20230627:0011,0.0,0.0,0.0,13.72,2.48,0.0
20230627:0111,0.0,0.0,0.0,13.23,2.41,0.0
20230627:0211,0.0,0.0,0.0,12.84,2.21,0.0
20230627:0311,0.0,0.0,0.0,12.79,2.0,0.0
20230627:0411,0.0,0.87,2.5,12.76,2.0,0.0
20230627:0511,1.68,9.62,10.09,13.28,1.93,0.0
20230627:0611,18.16,35.23,18.46,13.87,2.07,0.0
20230627:0711,133.61,177.01,27.27,14.42,2.28,0.0
20230627:0811,116.26,155.75,36.16,14.86,2.9,0.0
20230627:0911,144.38,189.13,44.71,14.75,2.9,0.0
20230627:1011,106.9,144.63,52.25,15.17,3.59,0.0
20230627:1111,108.35,146.48,57.74,15.58,4.07,0.0
20230627:1211,101.18,138.14,59.84,16.43,5.79,0.0
20230627:1311,164.95,214.16,57.83,16.69,5.59,0.0
20230627:1411,98.19,135.36,52.4,17.73,5.66,0.0
20230627:1511,80.1,114.03,44.89,18.31,4.48,0.0
20230627:1611,89.6,126.09,36.36,19.13,3.79,0.0
20230627:1711,56.24,85.29,27.47,19.3,3.52,0.0
20230627:1811,90.08,130.94,18.65,19.23,3.66,0.0
20230627:1911,27.89,48.97,10.27,18.42,3.31,0.0
20230627:2011,0.0,1.75,2.66,18.12,3.17,0.0
20230627:2111,0.0,0.0,0.0,17.67,3.17,0.0
20230627:2211,0.0,0.0,0.0,17.21,3.24,0.0
20230627:2311,0.0,0.0,0.0,16.87,3.1,0.0
20230628:0011,0.0,0.0,0.0,16.7,2.9,0.0
20230628:0111,0.0,0.0,0.0,16.47,2.76,0.0
20230628:0211,0.0,0.0,0.0,16.37,2.69,0.0
20230628:0311,0.0,0.0,0.0,16.34,2.62,0.0
20230628:0411,0.0,0.87,2.44,16.39,2.48,0.0
20230628:0511,6.49,18.36,10.03,16.53,2.55,0.0
20230628:0611,24.73,44.5,18.4,16.84,3.38,0.0
20230628:0711,95.36,132.43,27.2,17.94,3.93,0.0
20230628:0811,111.47,152.05,36.1,18.42,4.07,0.0
20230628:0911,184.16,240.31,44.65,19.16,4.34,0.0
20230628:1011,216.43,279.94,52.19,19.45,4.55,0.0
20230628:1111,272.36,349.77,57.68,20.12,4.76,0.0
20230628:1211,293.74,377.37,59.8,20.92,5.17,0.0
20230628:1311,111.92,153.9,57.8,20.71,4.97,0.0
20230628:1411,190.29,248.12,52.38,19.96,5.38,0.0
20230628:1511,64.49,95.49,44.88,19.68,5.31,0.0
20230628:1611,69.95,101.98,36.36,18.9,4.21,0.0
20230628:1711,65.69,96.42,27.46,17.97,3.86,0.0
20230628:1811,50.07,76.95,18.65,17.27,3.59,0.0
20230628:1911,15.87,32.35,10.27,16.29,2.9,0.0
20230628:2011,0.0,1.75,2.65,15.33,2.9,0.0
20230628:2111,0.0,0.0,0.0,14.55,2.97,0.0
20230628:2211,0.0,0.0,0.0,14.09,2.9,0.0
20230628:2311,0.0,0.0,0.0,13.86,2.9,0.0
20230629:0011,0.0,0.0,0.0,13.4,2.76,0.0
20230629:0111,0.0,0.0,0.0,13.1,2.62,0.0
20230629:0211,0.0,0.0,0.0,12.63,2.48,0.0
20230629:0311,0.0,0.0,0.0,12.44,2.41,0.0
20230629:0411,0.0,1.75,2.37,12.04,2.48,0.0
20230629:0511,1.69,9.62,9.97,12.1,2.34,0.0
20230629:0611,89.43,143.13,18.33,13.37,2.34,0.0
20230629:0711,248.73,328.59,27.14,14.69,3.52,0.0
20230629:0811,293.83,369.15,36.03,15.49,4.14,0.0
20230629:0911,389.85,487.91,44.58,15.88,4.41,0.0
20230629:1011,224.0,284.59,52.12,15.87,4.48,0.0
20230629:1111,434.93,547.7,57.62,16.44,4.69,0.0
20230629:1211,498.91,632.4,59.75,16.8,4.83,0.0
20230629:1311,453.12,572.24,57.77,17.03,4.9,0.0
20230629:1411,399.7,503.04,52.36,17.15,4.9,0.0
20230629:1511,545.27,691.42,44.87,16.81,4.69,0.0
20230629:1611,398.65,502.55,36.35,16.81,4.48,0.0
20230629:1711,256.0,339.77,27.45,16.54,4.14,0.0
20230629:1811,82.95,144.12,18.64,16.2,3.59,0.0
20230629:1911,28.29,48.97,10.25,15.52,2.55,0.0
20230629:2011,0.0,1.75,2.63,14.83,1.79,0.0
20230629:2111,0.0,0.0,0.0,13.61,1.38,0.0
20230629:2211,0.0,0.0,0.0,12.21,1.52,0.0
20230629:2311,0.0,0.0,0.0,11.6,2.07,0.0
20230630:0011,0.0,0.0,0.0,11.48,2.28,0.0
20230630:0111,0.0,0.0,0.0,11.46,2.41,0.0
20230630:0211,0.0,0.0,0.0,11.31,2.41,0.0
20230630:0311,0.0,0.0,0.0,11.49,2.41,0.0
20230630:0411,0.0,0.87,2.3,11.16,2.55,0.0
20230630:0511,17.54,34.1,9.89,11.79,2.62,0.0
20230630:0611,91.86,130.24,18.26,12.61,2.97,0.0
20230630:0711,72.58,102.91,27.06,13.37,3.31,0.0
20230630:0811,110.16,147.41,35.96,13.65,4.07,0.0
20230630:0911,136.89,178.93,44.51,14.06,4.9,0.0
20230630:1011,153.39,198.4,52.05,14.0,4.62,0.0
20230630:1111,0.0,0.0,0.0,14.3,4.83,0.0
20230630:1211,159.98,206.74,59.69,14.65,4.69,0.0
20230630:1311,141.22,185.42,57.72,15.36,3.93,0.0
20230630:1411,148.45,194.69,52.33,15.97,3.59,0.0
20230630:1511,110.1,149.26,44.85,16.35,3.31,0.0
20230630:1611,143.11,188.49,36.33,16.07,3.31,0.0
20230630:1711,21.39,39.87,27.44,15.81,3.24,0.0
20230630:1811,45.97,71.39,18.62,15.7,3.45,0.0
20230630:1911,4.93,15.74,10.23,16.17,3.86,0.0
20230630:2011,0.0,3.5,2.6,16.09,3.86,0.0
20230630:2111,0.0,0.0,0.0,15.89,3.93,0.0
20230630:2211,0.0,0.0,0.0,15.8,4.07,0.0
20230630:2311,0.0,0.0,0.0,15.7,4.34,0.0
20230701:0011,0.0,0.0,0.0,15.53,4.62,0.0
20230701:0111,0.0,0.0,0.0,15.27,5.03,0.0
20230701:0211,0.0,0.0,0.0,14.94,5.03,0.0
20230701:0311,0.0,0.0,0.0,14.65,5.03,0.0
20230701:0411,0.0,0.87,2.23,14.37,4.97,0.0
20230701:0511,33.32,55.09,9.82,14.19,4.9,0.0
20230701:0611,72.21,103.47,18.18,14.2,5.03,0.0
20230701:0711,139.19,182.41,26.99,14.3,5.45,0.0
20230701:0811,128.94,169.74,35.88,14.93,6.76,0.0
20230701:0911,229.92,289.34,44.43,15.67,6.83,0.0
20230701:1011,165.41,213.23,51.97,15.73,7.1,0.0
20230701:1111,176.21,226.21,57.48,16.09,7.45,0.0
20230701:1211,177.59,228.07,59.63,16.21,7.17,0.0
20230701:1311,129.66,171.51,57.68,16.52,8.07,0.0
20230701:1411,362.39,448.92,52.3,16.4,7.79,0.0
20230701:1511,368.12,453.61,44.83,15.74,7.86,0.0
20230701:1611,334.24,413.58,36.31,15.71,7.72,0.0
20230701:1711,252.35,328.58,27.42,15.61,7.45,0.0
20230701:1811,95.71,147.76,18.6,15.36,6.62,0.0
20230701:1911,20.45,38.48,10.21,15.27,5.93,0.0
20230701:2011,0.0,1.75,2.57,14.62,5.38,0.0
20230701:2111,0.0,0.0,0.0,13.89,4.97,0.0
20230701:2211,0.0,0.0,0.0,13.34,4.83,0.0
20230701:2311,0.0,0.0,0.0,13.38,4.97,0.0
20230702:0011,0.0,0.0,0.0,13.09,4.97,0.0
20230702:0111,0.0,0.0,0.0,12.81,4.9,0.0
20230702:0211,0.0,0.0,0.0,12.47,4.69,0.0
20230702:0311,0.0,0.0,0.0,12.49,4.97,0.0
20230702:0411,0.0,0.87,2.14,12.01,4.97,0.0
20230702:0511,5.06,15.74,9.73,12.02,5.17,0.0
20230702:0611,67.19,96.4,18.1,12.54,5.93,0.0
20230702:0711,64.35,92.71,26.91,13.15,6.48,0.0
20230702:0811,108.92,145.56,35.8,13.84,6.76,0.0
20230702:0911,264.57,328.39,44.35,14.19,6.69,0.0
20230702:1011,123.45,163.17,51.89,14.7,6.62,0.0
20230702:1111,211.8,267.68,57.4,15.13,6.55,0.0
20230702:1211,625.68,788.42,59.56,15.55,6.62,0.0
20230702:1311,152.73,198.4,57.62,15.84,7.03,0.0
20230702:1411,163.46,211.38,52.26,16.04,6.62,0.0
20230702:1511,252.01,316.8,44.8,16.37,6.55,0.0
20230702:1611,249.11,313.18,36.29,15.89,6.0,0.0
20230702:1711,113.0,151.65,27.4,15.35,5.66,0.0
20230702:1811,51.51,77.88,18.58,15.0,5.79,0.0
20230702:1911,4.99,15.74,10.18,14.13,5.1,0.0
20230702:2011,0.0,3.5,2.54,13.61,4.76,0.0
20230702:2111,0.0,0.0,0.0,12.97,4.28,0.0
20230702:2211,0.0,0.0,0.0,12.53,4.14,0.0
20230702:2311,0.0,0.0,0.0,12.36,4.21,0.0
20230703:0011,0.0,0.0,0.0,11.74,3.66,0.0
20230703:0111,0.0,0.0,0.0,11.5,3.59,0.0
20230703:0211,0.0,0.0,0.0,11.07,3.59,0.0
20230703:0311,0.0,0.0,0.0,10.61,3.59,0.0
20230703:0411,0.9,7.87,2.06,10.51,3.59,0.0
20230703:0511,9.58,22.74,9.65,10.91,3.72,0.0
20230703:0611,84.71,118.6,18.01,11.47,3.59,0.0
20230703:0711,228.35,293.5,26.82,11.7,4.55,0.0
20230703:0811,75.31,105.69,35.71,12.83,5.31,0.0
20230703:0911,143.13,185.42,44.26,13.13,5.17,0.0
20230703:1011,146.12,189.13,51.8,12.65,3.59,0.0
20230703:1111,114.52,152.05,57.32,12.24,2.62,0.0
20230703:1211,204.86,259.94,59.48,13.23,2.83,0.0
20230703:1311,238.81,298.42,57.56,12.94,4.62,0.0
20230703:1411,459.03,566.5,52.21,12.94,5.1,0.0
20230703:1511,474.98,586.43,44.76,13.99,5.66,0.0
20230703:1611,402.33,496.61,36.25,14.37,6.21,0.0
20230703:1711,229.79,296.29,27.37,14.41,5.72,0.0
20230703:1811,93.69,148.08,18.54,14.27,5.1,0.0
20230703:1911,36.13,58.59,10.14,13.86,4.34,0.0
20230703:2011,0.0,1.75,2.49,13.06,3.79,0.0
20230703:2111,0.0,0.0,0.0,12.48,3.72,0.0
20230703:2211,0.0,0.0,0.0,12.23,3.86,0.0
20230703:2311,0.0,0.0,0.0,12.0,3.93,0.0
20230704:0011,0.0,0.0,0.0,11.57,3.59,0.0
20230704:0111,0.0,0.0,0.0,10.98,3.45,0.0
20230704:0211,0.0,0.0,0.0,10.86,3.52,0.0
20230704:0311,0.0,0.0,0.0,10.24,3.38,0.0
20230704:0411,0.0,5.25,1.96,9.93,3.31,0.0
20230704:0511,26.35,45.47,9.56,10.26,3.31,0.0
20230704:0611,70.87,131.58,17.92,11.11,2.97,0.0
20230704:0711,247.82,323.74,26.73,12.29,4.14,0.0
20230704:0811,373.47,462.28,35.62,13.51,4.9,0.0
20230704:0911,313.28,389.74,44.17,14.6,4.76,0.0
20230704:1011,388.26,485.49,51.71,15.58,4.62,0.0
20230704:1111,527.98,670.66,57.23,16.42,4.62,0.0
20230704:1211,333.18,420.31,59.4,16.73,4.34,0.0
20230704:1311,507.04,647.75,57.49,16.95,4.0,0.0
20230704:1411,354.22,448.68,52.16,17.22,3.72,0.0
20230704:1511,310.94,394.19,44.72,17.21,3.45,0.0
20230704:1611,197.02,254.47,36.22,16.97,2.97,0.0
20230704:1711,59.16,88.08,27.33,16.73,2.48,0.0
20230704:1811,21.31,39.87,18.5,16.44,2.14,0.0
20230704:1911,9.32,22.74,10.1,15.52,1.45,0.0
20230704:2011,0.0,1.75,2.44,14.74,0.9,0.0
20230704:2111,0.0,0.0,0.0,13.31,0.9,0.0
20230704:2211,0.0,0.0,0.0,12.22,0.97,0.0
20230704:2311,0.0,0.0,0.0,11.23,1.17,0.0
20230705:0011,0.0,0.0,0.0,10.54,1.31,0.0
20230705:0111,0.0,0.0,0.0,10.27,1.31,0.0
20230705:0211,0.0,0.0,0.0,9.13,1.79,0.0
20230705:0311,0.0,0.0,0.0,9.56,2.07,0.0
20230705:0411,0.0,2.62,1.87,10.05,2.34,0.0
20230705:0511,33.13,54.22,9.46,10.86,2.62,0.0
20230705:0611,60.03,87.45,17.83,11.87,3.66,0.0
20230705:0711,0.0,0.0,0.0,12.71,4.0,0.0
20230705:0811,157.51,202.59,35.53,13.31,4.62,0.0
20230705:0911,201.39,254.74,44.07,13.88,4.83,0.0
20230705:1011,302.31,376.3,51.61,14.55,5.1,0.0
20230705:1111,168.39,216.94,57.13,15.07,5.03,0.0
20230705:1211,384.94,480.63,59.31,15.41,5.03,0.0
20230705:1311,538.94,680.97,57.42,15.73,4.97,0.0
20230705:1411,412.82,516.2,52.1,15.78,4.9,0.0
20230705:1511,261.21,328.73,44.67,16.07,5.1,0.0
20230705:1611,339.04,423.7,36.17,15.66,4.9,0.0
20230705:1711,220.29,286.02,27.29,15.5,4.69,0.0
20230705:1811,98.79,144.92,18.46,15.25,4.14,0.0
20230705:1911,29.03,49.84,10.05,15.13,2.97,0.0
20230705:2011,0.0,1.75,2.39,14.39,2.48,0.0
20230705:2111,0.0,0.0,0.0,13.76,2.41,0.0
20230705:2211,0.0,0.0,0.0,13.04,2.41,0.0
20230705:2311,0.0,0.0,0.0,12.56,2.62,0.0
20230706:0011,0.0,0.0,0.0,12.45,2.69,0.0
20230706:0111,0.0,0.0,0.0,12.38,2.62,0.0
20230706:0211,0.0,0.0,0.0,12.0,2.55,0.0
20230706:0311,0.0,0.0,0.0,11.65,2.55,0.0
20230706:0411,0.0,0.87,1.76,11.27,2.55,0.0
20230706:0511,20.16,37.6,9.36,11.54,2.48,0.0
20230706:0611,91.4,131.47,17.73,12.36,2.55,0.0
20230706:0711,196.2,254.72,26.54,13.98,3.79,0.0
20230706:0811,347.06,434.04,35.43,14.96,4.21,0.0
20230706:0911,471.46,592.53,43.97,15.84,4.28,0.0
20230706:1011,511.83,647.71,51.51,16.72,4.76,0.0
20230706:1111,175.56,228.07,57.03,17.65,5.03,0.0
20230706:1211,243.89,311.3,59.21,18.19,5.24,0.0
20230706:1311,422.47,535.11,57.34,19.01,5.72,0.0
20230706:1411,428.31,542.69,52.03,19.04,5.45,0.0
20230706:1511,162.62,213.46,44.61,18.92,5.59,0.0
20230706:1611,334.14,423.3,36.12,18.94,5.38,0.0
20230706:1711,124.09,167.76,27.24,18.89,4.83,0.0
20230706:1811,72.53,105.89,18.41,18.41,4.62,0.0
20230706:1911,1.61,9.62,9.99,17.84,4.83,0.0
20230706:2011,0.83,7.87,2.33,17.32,4.76,0.0
20230706:2111,0.0,0.0,0.0,16.82,4.62,0.0
20230706:2211,0.0,0.0,0.0,16.22,4.83,0.0
20230706:2311,0.0,0.0,0.0,15.61,5.03,0.0
20230707:0011,0.0,0.0,0.0,14.95,5.1,0.0
20230707:0111,0.0,0.0,0.0,14.35,4.97,0.0
20230707:0211,0.0,0.0,0.0,14.18,4.83,0.0
20230707:0311,0.0,0.0,0.0,13.73,4.62,0.0
20230707:0411,0.0,0.87,1.66,13.42,4.41,0.0
20230707:0511,29.97,50.72,9.25,13.61,4.21,0.0
20230707:0611,66.81,126.78,17.62,14.48,3.79,0.0
20230707:0711,243.11,324.74,26.43,15.89,4.83,0.0
20230707:0811,403.43,508.09,35.33,17.33,5.24,0.0
20230707:0911,566.66,721.09,43.87,18.77,5.59,0.0
20230707:1011,689.86,900.2,51.4,19.98,5.72,0.0
20230707:1111,711.92,943.25,56.92,20.9,5.45,0.0
20230707:1211,688.71,916.93,59.11,21.78,5.24,0.0
20230707:1311,592.0,780.29,57.25,22.57,5.03,0.0
20230707:1411,662.3,884.24,51.96,23.26,4.9,0.0
20230707:1511,564.88,743.91,44.55,24.0,4.83,0.0
20230707:1611,322.21,420.69,36.07,24.39,4.62,0.0
20230707:1711,161.15,219.75,27.18,24.49,4.07,0.0
20230707:1811,75.18,142.28,18.35,23.55,2.83,0.0
20230707:1911,27.88,49.84,9.93,22.9,2.9,0.0
20230707:2011,0.44,7.0,2.26,21.67,2.97,0.0
20230707:2111,0.0,0.0,0.0,20.31,3.17,0.0
20230707:2211,0.0,0.0,0.0,19.46,3.45,0.0
20230707:2311,0.0,0.0,0.0,19.11,4.07,0.0
20230708:0011,0.0,0.0,0.0,18.95,4.62,0.0
20230708:0111,0.0,0.0,0.0,18.85,4.9,0.0
20230708:0211,0.0,0.0,0.0,18.69,4.97,0.0
20230708:0311,0.0,0.0,0.0,18.61,4.83,0.0
20230708:0411,0.0,0.87,1.54,18.5,4.76,0.0
20230708:0511,27.2,48.1,9.14,18.72,4.62,0.0
20230708:0611,79.01,131.49,17.51,19.69,4.62,0.0
20230708:0711,224.16,305.57,26.33,21.12,4.34,0.0
20230708:0811,128.53,175.41,35.22,22.49,4.97,0.0
20230708:0911,229.88,301.48,43.76,23.54,4.83,0.0
20230708:1011,312.55,407.16,51.29,24.1,4.83,0.0
20230708:1111,92.12,131.65,56.8,23.68,4.14,0.0
20230708:1211,87.58,126.09,59.0,23.69,3.79,0.0
20230708:1311,292.05,383.12,57.15,24.32,4.07,0.0
20230708:1411,246.74,324.56,51.88,24.51,4.69,0.0
20230708:1511,73.69,108.47,44.48,23.44,5.52,0.0
20230708:1611,102.39,142.77,36.01,21.24,4.34,0.0
20230708:1711,126.15,172.09,27.12,20.39,3.1,0.0
20230708:1811,9.38,23.18,18.29,19.63,1.52,0.0
20230708:1911,1.59,9.62,9.87,19.23,2.0,0.0
20230708:2011,0.0,0.87,2.18,18.38,2.62,0.0
20230708:2111,0.0,0.0,0.0,18.11,3.24,0.0
20230708:2211,0.0,0.0,0.0,18.18,3.59,0.0
20230708:2311,0.0,0.0,0.0,17.94,3.31,0.0
20230709:0011,0.0,0.0,0.0,17.56,2.83,0.0
20230709:0111,0.0,0.0,0.0,16.74,2.76,0.0
20230709:0211,0.0,0.0,0.0,15.94,2.41,0.0
20230709:0311,0.0,0.0,0.0,15.38,1.59,0.0
20230709:0411,0.0,0.87,1.43,14.94,0.97,0.0
20230709:0511,22.43,41.1,9.03,14.39,0.69,0.0
20230709:0611,58.09,86.81,17.4,15.41,1.1,0.0
20230709:0711,180.14,238.59,26.21,16.45,1.86,0.0
20230709:0811,133.93,179.12,35.11,17.52,2.28,0.0
20230709:0911,559.53,729.69,43.64,18.63,2.97,0.0
20230709:1011,546.0,711.57,51.17,19.51,3.59,0.0
20230709:1111,712.85,957.71,56.68,19.99,4.0,0.0
20230709:1211,498.52,645.52,58.88,20.41,4.41,0.0
20230709:1311,427.45,550.15,57.05,20.88,4.62,0.0
20230709:1411,407.41,524.61,51.8,20.86,4.14,0.0
20230709:1511,328.29,422.13,44.41,21.08,4.07,0.0
20230709:1611,25.82,46.36,35.94,19.21,4.0,0.0
20230709:1711,134.34,181.06,27.06,18.76,2.83,0.0
20230709:1811,94.53,142.04,18.22,18.88,2.41,0.0
20230709:1911,25.49,45.47,9.79,16.53,2.48,0.0
20230709:2011,0.15,6.12,2.1,16.12,1.17,0.0
20230709:2111,0.0,0.0,0.0,15.42,1.72,0.0
20230709:2211,0.0,0.0,0.0,14.4,2.14,0.0
20230709:2311,0.0,0.0,0.0,13.92,2.21,0.0
20230710:0011,0.0,0.0,0.0,13.56,2.07,0.0
20230710:0111,0.0,0.0,0.0,13.15,2.21,0.0
20230710:0211,0.0,0.0,0.0,12.88,2.28,0.0
20230710:0311,0.0,0.0,0.0,12.49,2.34,0.0
20230710:0411,0.0,0.0,0.0,12.3,2.41,0.0
20230710:0511,28.72,48.97,8.91,12.62,2.34,0.0
20230710:0611,64.77,124.11,17.29,13.51,2.28,0.0
20230710:0711,238.08,318.76,26.1,15.03,3.24,0.0
20230710:0811,276.13,348.74,34.99,16.46,4.34,0.0
20230710:0911,246.97,314.05,43.52,17.49,4.62,0.0
20230710:1011,145.69,192.84,51.05,18.41,5.17,0.0
20230710:1111,166.09,217.87,56.55,18.8,4.9,0.0
20230710:1211,67.09,98.27,58.76,18.31,3.79,0.0
20230710:1311,147.04,193.77,56.94,17.36,4.62,0.0
20230710:1411,116.3,156.68,51.71,17.19,5.45,0.0
20230710:1511,165.91,215.33,44.33,16.78,5.66,0.0
20230710:1611,93.72,129.79,35.87,17.54,6.34,0.0
20230710:1711,51.4,78.8,26.99,18.39,6.28,0.0
20230710:1811,16.4,33.38,18.15,18.79,5.72,0.0
20230710:1911,5.4,16.61,9.71,17.44,5.17,0.0
20230710:2011,0.0,0.87,2.02,16.82,4.62,0.0
20230710:2111,0.0,0.0,0.0,16.25,4.28,0.0
20230710:2211,0.0,0.0,0.0,15.57,4.07,0.0
20230710:2311,0.0,0.0,0.0,15.3,3.86,0.0
20230711:0011,0.0,0.0,0.0,14.8,2.9,0.0
20230711:0111,0.0,0.0,0.0,14.65,2.55,0.0
20230711:0211,0.0,0.0,0.0,14.27,1.79,0.0
20230711:0311,0.0,0.0,0.0,14.15,1.38,0.0
20230711:0411,0.0,0.0,0.0,14.09,1.86,0.0
20230711:0511,12.34,27.11,8.78,14.43,2.62,0.0
20230711:0611,29.99,50.99,17.17,14.81,3.72,0.0
20230711:0711,164.61,216.11,25.98,15.04,3.17,0.0
20230711:0811,175.58,226.73,34.87,15.77,3.79,0.0
20230711:0911,292.25,368.86,43.4,16.71,4.0,0.0
20230711:1011,326.5,413.27,50.92,17.87,4.41,0.0
20230711:1111,186.33,242.32,56.42,18.59,4.55,0.0
20230711:1211,195.59,254.39,58.63,19.28,4.55,0.0
20230711:1311,282.31,357.13,56.83,17.47,5.17,0.0
20230711:1411,143.28,190.06,51.61,18.22,4.41,0.0
20230711:1511,47.05,73.24,44.25,17.59,4.14,0.0
20230711:1611,31.18,52.85,35.79,16.45,4.28,0.0
20230711:1711,16.59,33.38,26.91,16.54,3.52,0.0
20230711:1811,91.92,143.97,18.07,16.13,3.38,0.0
20230711:1911,33.7,55.97,9.63,15.58,2.48,0.0
20230711:2011,0.0,1.75,1.92,14.72,2.07,0.0
20230711:2111,0.0,0.0,0.0,14.02,2.21,0.0
20230711:2211,0.0,0.0,0.0,13.41,2.34,0.0
20230711:2311,0.0,0.0,0.0,13.07,2.41,0.0
20230712:0011,0.0,0.0,0.0,12.89,2.55,0.0
20230712:0111,0.0,0.0,0.0,12.92,2.69,0.0
20230712:0211,0.0,0.0,0.0,12.85,2.97,0.0
20230712:0311,0.0,0.0,0.0,12.54,2.97,0.0
20230712:0411,0.0,0.0,0.0,12.5,3.1,0.0
20230712:0511,5.04,15.74,8.66,12.47,3.1,0.0
20230712:0611,58.14,85.87,17.04,13.26,3.38,0.0
20230712:0711,81.04,113.11,25.86,13.83,3.93,0.0
20230712:0811,210.67,267.1,34.75,14.71,4.28,0.0
20230712:0911,108.55,146.48,43.27,15.37,4.55,0.0
20230712:1011,66.14,96.42,50.79,16.8,4.62,0.0
20230712:1111,250.35,318.0,56.28,17.05,4.69,0.0
20230712:1211,308.68,390.79,58.5,17.89,4.97,0.0
20230712:1311,388.46,487.95,56.71,17.51,5.72,0.0
20230712:1411,407.6,509.02,51.5,17.29,6.48,0.0
20230712:1511,284.43,357.28,44.15,17.51,6.62,0.0
20230712:1611,214.41,273.17,35.7,17.3,6.41,0.0
20230712:1711,179.83,234.54,26.83,16.88,6.07,0.0
20230712:1811,95.0,139.31,17.98,16.65,5.52,0.0
20230712:1911,32.95,55.09,9.54,16.24,4.0,0.0
20230712:2011,0.0,0.87,1.82,15.49,3.86,0.0
20230712:2111,0.0,0.0,0.0,14.66,3.24,0.0
20230712:2211,0.0,0.0,0.0,14.03,2.9,0.0
20230712:2311,0.0,0.0,0.0,13.63,2.83,0.0
20230713:0011,0.0,0.0,0.0,13.27,2.69,0.0
20230713:0111,0.0,0.0,0.0,12.98,2.48,0.0
20230713:0211,0.0,0.0,0.0,12.64,2.21,0.0
20230713:0311,0.0,0.0,0.0,12.13,1.93,0.0
20230713:0411,0.0,0.0,0.0,11.67,1.72,0.0
20230713:0511,28.86,48.97,8.53,11.56,1.72,0.0
20230713:0611,77.61,126.78,16.91,12.8,2.21,0.0
20230713:0711,217.41,285.64,25.73,13.48,2.97,0.0
20230713:0811,277.72,349.76,34.62,14.7,3.1,0.0
20230713:0911,280.63,354.38,43.14,15.81,3.24,0.0
20230713:1011,368.83,466.72,50.65,16.67,3.38,0.0
20230713:1111,403.12,512.87,56.14,17.18,3.38,0.0
20230713:1211,367.14,467.67,58.36,17.65,3.38,0.0
20230713:1311,321.72,410.25,56.58,18.07,3.45,0.0
20230713:1411,412.19,525.17,51.39,17.83,3.52,0.0
20230713:1511,360.55,457.38,44.05,17.89,3.66,0.0
20230713:1611,216.32,278.35,35.61,17.67,3.38,0.0
20230713:1711,140.36,187.42,26.74,17.52,2.97,0.0
20230713:1811,83.24,120.44,17.89,17.11,2.14,0.0
20230713:1911,30.74,52.47,9.44,16.98,1.79,0.0
20230713:2011,0.0,0.87,1.72,16.15,1.17,0.0
20230713:2111,0.0,0.0,0.0,15.24,0.69,0.0
20230713:2211,0.0,0.0,0.0,13.94,1.59,0.0
20230713:2311,0.0,0.0,0.0,13.7,2.07,0.0
20230714:0011,0.0,0.0,0.0,13.9,2.34,0.0
20230714:0111,0.0,0.0,0.0,13.82,2.48,0.0
20230714:0211,0.0,0.0,0.0,13.61,2.41,0.0
20230714:0311,0.0,0.0,0.0,13.33,2.34,0.0
20230714:0411,0.0,0.0,0.0,13.1,2.41,0.0
20230714:0511,2.11,10.49,8.39,13.22,2.55,0.0
20230714:0611,20.21,38.01,16.78,14.03,2.76,0.0
20230714:0711,48.4,74.17,25.6,15.08,4.21,0.0
20230714:0811,85.14,118.67,34.49,15.39,4.48,0.0
20230714:0911,191.89,245.59,43.01,15.58,4.41,0.0
20230714:1011,164.57,213.23,50.51,15.77,4.69,0.0
20230714:1111,177.15,228.07,55.99,15.64,4.76,0.0
20230714:1211,129.15,170.59,58.21,15.12,4.97,0.0
20230714:1311,97.92,133.5,56.44,15.07,5.72,0.0
20230714:1411,87.76,121.45,51.27,15.09,5.86,0.0
20230714:1511,47.7,73.24,43.95,15.21,6.48,0.0
20230714:1611,72.9,103.84,35.51,15.49,6.97,0.0
20230714:1711,80.58,113.11,26.64,15.73,7.03,0.0
20230714:1811,24.17,43.57,17.79,16.09,6.07,0.0
20230714:1911,11.02,25.36,9.34,16.45,5.52,0.0
20230714:2011,0.0,0.87,1.61,16.91,5.03,0.0
20230714:2111,0.0,0.0,0.0,16.92,5.1,0.0
20230714:2211,0.0,0.0,0.0,16.14,5.1,0.0
20230714:2311,0.0,0.0,0.0,15.07,4.76,0.0
20230715:0011,0.0,0.0,0.0,14.22,4.48,0.0
20230715:0111,0.0,0.0,0.0,13.8,4.55,0.0
20230715:0211,0.0,0.0,0.0,13.66,4.69,0.0
20230715:0311,0.0,0.0,0.0,13.78,4.55,0.0
20230715:0411,0.0,0.0,0.0,13.93,4.83,0.0
20230715:0511,26.56,46.35,8.25,13.85,5.03,0.0
20230715:0611,38.14,61.19,16.64,14.36,5.17,0.0
20230715:0711,18.05,35.23,25.46,15.32,4.83,0.0
20230715:0811,74.23,105.69,34.35,15.84,5.66,0.0
20230715:0911,235.51,296.97,42.87,16.14,6.14,0.0
20230715:1011,253.04,320.13,50.36,17.3,5.93,0.0
20230715:1111,410.76,516.53,55.84,18.05,6.07,0.0
20230715:1211,820.37,1062.77,58.06,16.03,6.83,0.0
20230715:1311,341.56,428.14,56.3,17.55,6.48,0.0
20230715:1411,385.12,482.01,51.15,18.22,7.03,0.0
20230715:1511,319.65,399.39,43.84,17.8,7.45,0.0
20230715:1611,276.04,345.02,35.41,16.65,7.66,0.0
20230715:1711,99.8,136.09,26.54,15.62,6.07,0.0
20230715:1811,9.04,22.25,17.69,15.14,6.55,0.0
20230715:1911,29.01,49.84,9.23,15.74,6.9,0.0
20230715:2011,0.0,0.87,1.49,15.15,6.28,0.0
20230715:2111,0.0,0.0,0.0,14.37,6.48,0.0
20230715:2211,0.0,0.0,0.0,14.14,6.69,0.0
20230715:2311,0.0,0.0,0.0,13.95,7.03,0.0
20230716:0011,0.0,0.0,0.0,13.64,7.1,0.0
20230716:0111,0.0,0.0,0.0,13.52,6.97,0.0
20230716:0211,0.0,0.0,0.0,13.42,6.83,0.0
20230716:0311,0.0,0.0,0.0,13.32,6.48,0.0
20230716:0411,0.0,0.0,0.0,13.16,6.21,0.0
20230716:0511,22.66,41.1,8.11,13.11,6.21,0.0
20230716:0611,25.95,45.43,16.5,13.24,6.0,0.0
20230716:0711,61.02,89.0,25.33,13.92,6.41,0.0
20230716:0811,92.05,126.09,34.21,14.41,6.62,0.0
20230716:0911,223.99,281.73,42.72,15.13,6.48,0.0
20230716:1011,195.24,249.12,50.21,16.05,6.41,0.0
20230716:1111,467.67,584.71,55.68,17.11,6.69,0.0
20230716:1211,423.63,531.72,57.9,17.29,5.86,0.0
20230716:1311,512.94,650.41,56.15,17.76,5.45,0.0
20230716:1411,199.51,256.88,51.02,17.89,5.38,0.0
20230716:1511,90.2,125.16,43.72,16.46,5.24,0.0
20230716:1611,223.09,284.13,35.3,16.53,4.34,0.0
20230716:1711,36.48,59.33,26.43,15.2,4.21,0.0
20230716:1811,25.64,45.43,17.58,15.25,3.17,0.0
20230716:1911,31.8,53.34,9.11,14.81,3.17,0.0
20230716:2011,0.0,0.87,1.37,14.25,2.48,0.0
20230716:2111,0.0,0.0,0.0,13.69,2.69,0.0
20230716:2211,0.0,0.0,0.0,13.0,2.69,0.0
20230716:2311,0.0,0.0,0.0,12.83,2.97,0.0
20230717:0011,0.0,0.0,0.0,12.61,3.03,0.0
20230717:0111,0.0,0.0,0.0,12.5,3.17,0.0
20230717:0211,0.0,0.0,0.0,12.13,3.24,0.0
20230717:0311,0.0,0.0,0.0,12.09,3.1,0.0
20230717:0411,0.0,0.0,0.0,11.7,2.69,0.0
20230717:0511,18.17,34.98,7.96,11.89,2.48,0.0
20230717:0611,33.98,55.63,16.36,12.53,2.97,0.0
20230717:0711,92.66,126.88,25.19,13.4,3.1,0.0
20230717:0811,348.93,438.55,34.07,14.3,2.9,0.0
20230717:0911,115.43,154.83,42.58,15.21,3.45,0.0
20230717:1011,347.47,435.32,50.05,15.67,4.21,0.0
20230717:1111,354.38,446.85,55.51,16.43,3.93,0.0
20230717:1211,476.86,607.26,57.73,17.02,4.0,0.0
20230717:1311,238.72,304.93,56.0,17.39,4.14,0.0
20230717:1411,103.64,141.85,50.88,17.27,4.34,0.0
20230717:1511,263.5,332.84,43.6,16.6,4.55,0.0
20230717:1611,209.37,267.82,35.18,16.65,4.28,0.0
20230717:1711,124.52,167.01,26.32,16.71,3.93,0.0
20230717:1811,90.84,140.66,17.47,16.06,3.45,0.0
20230717:1911,30.98,52.47,8.99,15.63,2.76,0.0
20230717:2011,0.0,0.0,0.0,14.78,1.66,0.0
20230717:2111,0.0,0.0,0.0,14.04,1.17,0.0
20230717:2211,0.0,0.0,0.0,13.36,1.24,0.0
20230717:2311,0.0,0.0,0.0,12.33,1.38,0.0
20230718:0011,0.0,0.0,0.0,11.84,1.52,0.0
20230718:0111,0.0,0.0,0.0,11.25,1.79,0.0
20230718:0211,0.0,0.0,0.0,10.66,2.07,0.0
20230718:0311,0.0,0.0,0.0,10.6,2.0,0.0
20230718:0411,0.0,0.0,0.0,11.08,1.86,0.0
20230718:0511,16.91,33.23,7.81,11.57,1.72,0.0
20230718:0611,48.18,73.53,16.21,12.64,1.72,0.0
20230718:0711,93.77,128.61,25.04,13.34,1.52,0.0
20230718:0811,199.07,254.9,33.93,14.44,2.07,0.0
20230718:0911,238.37,302.95,42.42,15.19,2.41,0.0
20230718:1011,188.22,242.63,49.89,15.42,2.48,0.0
20230718:1111,107.84,146.48,55.34,16.12,3.03,0.0
20230718:1211,113.24,152.97,57.56,16.35,3.45,0.0
20230718:1311,124.48,165.95,55.84,15.68,3.38,0.0
20230718:1411,88.93,123.31,50.74,15.26,3.38,0.0
20230718:1511,176.68,227.95,43.47,15.05,2.9,0.0
20230718:1611,184.1,237.03,35.06,15.06,2.55,0.0
20230718:1711,62.82,91.78,26.2,14.45,1.79,0.0
20230718:1811,56.89,84.74,17.34,14.36,1.52,0.0
20230718:1911,28.46,48.97,8.86,14.17,1.45,0.0
20230718:2011,0.0,0.0,0.0,14.07,1.66,0.0
20230718:2111,0.0,0.0,0.0,13.94,1.86,0.0
20230718:2211,0.0,0.0,0.0,13.75,1.79,0.0
20230718:2311,0.0,0.0,0.0,13.66,1.79,0.0
20230719:0011,0.0,0.0,0.0,13.51,1.72,0.0
20230719:0111,0.0,0.0,0.0,13.42,1.38,0.0
20230719:0211,0.0,0.0,0.0,13.46,0.9,0.0
20230719:0311,0.0,0.0,0.0,13.6,0.34,0.0
20230719:0411,0.0,0.0,0.0,13.38,0.62,0.0
20230719:0511,8.85,21.86,7.65,13.38,1.1,0.0
20230719:0611,33.7,55.63,16.06,13.89,1.59,0.0
20230719:0711,143.11,189.59,24.89,14.43,1.93,0.0
20230719:0811,350.59,443.68,33.78,14.98,2.41,0.0
20230719:0911,177.65,230.05,42.27,15.98,2.9,0.0
20230719:1011,477.44,610.4,49.73,17.25,3.38,0.0
20230719:1111,572.27,741.36,55.17,17.94,3.93,0.0
20230719:1211,524.56,668.31,57.38,16.89,4.48,0.0
20230719:1311,733.68,961.26,55.67,17.14,4.97,0.0
20230719:1411,679.34,879.51,50.59,17.59,5.1,0.0
20230719:1511,582.59,739.84,43.33,17.57,5.31,0.0
20230719:1611,455.15,574.26,34.94,17.38,5.17,0.0
20230719:1711,252.98,335.47,26.07,16.87,4.9,0.0
20230719:1811,76.02,137.6,17.22,16.18,4.69,0.0
20230719:1911,23.64,42.85,8.73,15.64,3.59,0.0
20230719:2011,0.0,0.0,0.0,14.37,3.03,0.0
20230719:2111,0.0,0.0,0.0,13.25,2.62,0.0
20230719:2211,0.0,0.0,0.0,12.4,2.41,0.0
20230719:2311,0.0,0.0,0.0,11.76,2.28,0.0
20230720:0011,0.0,0.0,0.0,11.48,2.14,0.0
20230720:0111,0.0,0.0,0.0,11.09,2.14,0.0
20230720:0211,0.0,0.0,0.0,11.02,2.07,0.0
20230720:0311,0.0,0.0,0.0,10.67,2.14,0.0
20230720:0411,0.0,0.0,0.0,10.46,2.07,0.0
20230720:0511,4.58,14.87,7.49,10.57,2.0,0.0
20230720:0611,52.94,79.35,15.91,12.18,1.93,0.0
20230720:0711,127.0,168.87,24.74,13.87,2.55,0.0
20230720:0811,237.92,301.35,33.62,14.81,3.03,0.0
20230720:0911,499.08,632.34,42.11,15.36,3.31,0.0
20230720:1011,545.76,697.2,49.56,15.91,3.66,0.0
20230720:1111,745.39,987.74,54.99,16.56,4.07,0.0
20230720:1211,738.01,975.35,57.2,16.78,4.34,0.0
20230720:1311,783.45,1043.58,55.5,16.82,4.41,0.0
20230720:1411,539.13,687.12,50.43,17.05,4.48,0.0
20230720:1511,389.01,488.58,43.19,16.82,4.48,0.0
20230720:1611,374.72,470.64,34.8,16.28,4.41,0.0
20230720:1711,210.25,274.06,25.94,15.73,4.21,0.0
20230720:1811,89.61,138.76,17.08,15.17,3.86,0.0
20230720:1911,16.65,33.23,8.59,14.62,3.45,0.0
20230720:2011,0.0,0.0,0.0,13.65,2.9,0.0
20230720:2111,0.0,0.0,0.0,12.78,2.48,0.0
20230720:2211,0.0,0.0,0.0,12.05,2.07,0.0
20230720:2311,0.0,0.0,0.0,11.36,2.0,0.0
20230721:0011,0.0,0.0,0.0,11.15,1.93,0.0
20230721:0111,0.0,0.0,0.0,10.82,2.0,0.0
20230721:0211,0.0,0.0,0.0,10.64,2.07,0.0
20230721:0311,0.0,0.0,0.0,10.89,2.07,0.0
20230721:0411,0.0,0.0,0.0,11.21,2.07,0.0
20230721:0511,13.17,27.98,7.33,11.26,2.07,0.0
20230721:0611,58.5,86.35,15.75,12.11,2.69,0.0
20230721:0711,74.35,104.76,24.59,12.62,2.76,0.0
20230721:0811,186.69,237.43,33.47,12.86,3.03,0.0
20230721:0911,283.14,353.8,41.95,13.33,2.9,0.0
20230721:1011,440.11,553.42,49.38,14.16,3.03,0.0
20230721:1111,539.71,688.11,54.8,15.07,3.52,0.0
20230721:1211,730.96,964.71,57.01,15.46,3.79,0.0
20230721:1311,597.11,767.12,55.32,15.64,3.93,0.0
20230721:1411,468.99,591.38,50.27,15.71,4.0,0.0
20230721:1511,434.09,546.45,43.05,16.04,3.79,0.0
20230721:1611,340.77,428.7,34.66,16.16,3.93,0.0
20230721:1711,201.19,262.61,25.81,15.82,4.14,0.0
20230721:1811,89.01,135.66,16.94,15.21,3.52,0.0
20230721:1911,12.9,27.98,8.44,15.03,2.97,0.0
20230721:2011,0.0,0.0,0.0,14.33,2.34,0.0
20230721:2111,0.0,0.0,0.0,13.69,1.86,0.0
20230721:2211,0.0,0.0,0.0,13.31,1.72,0.0
20230721:2311,0.0,0.0,0.0,13.07,1.93,0.0
20230722:0011,0.0,0.0,0.0,12.81,2.34,0.0
20230722:0111,0.0,0.0,0.0,12.6,2.76,0.0
20230722:0211,0.0,0.0,0.0,12.49,3.03,0.0
20230722:0311,0.0,0.0,0.0,12.46,3.31,0.0
20230722:0411,0.0,0.0,0.0,12.53,3.59,0.0
20230722:0511,6.1,17.49,7.16,12.58,3.38,0.0
20230722:0611,9.16,22.25,15.59,12.67,3.38,0.0
20230722:0711,14.23,29.67,24.43,13.12,3.72,0.0
20230722:0811,73.37,103.84,33.31,13.49,3.86,0.0
20230722:0911,71.74,101.98,41.78,13.81,4.21,0.0
20230722:1011,92.69,127.01,49.21,14.02,4.0,0.0
20230722:1111,183.31,234.56,54.61,14.39,4.0,0.0
20230722:1211,193.71,247.0,56.81,14.79,4.55,0.0
20230722:1311,224.48,283.81,55.13,14.77,4.41,0.0
20230722:1411,134.73,177.08,50.1,14.73,4.34,0.0
20230722:1511,177.17,227.35,42.89,14.72,4.14,0.0
20230722:1611,113.45,152.05,34.52,14.79,4.0,0.0
20230722:1711,72.02,102.91,25.66,15.03,3.59,0.0
20230722:1811,39.38,63.04,16.8,15.24,3.17,0.0
20230722:1911,8.7,21.86,8.29,16.52,3.03,0.0
20230722:2011,0.0,0.0,0.0,16.08,2.97,0.0
20230722:2111,0.0,0.0,0.0,15.77,3.1,0.0
20230722:2211,0.0,0.0,0.0,15.59,3.24,0.0
20230722:2311,0.0,0.0,0.0,15.44,3.17,0.0
20230723:0011,0.0,0.0,0.0,15.35,2.9,0.0
20230723:0111,0.0,0.0,0.0,15.3,2.9,0.0
20230723:0211,0.0,0.0,0.0,15.26,3.1,0.0
20230723:0311,0.0,0.0,0.0,15.21,3.24,0.0
20230723:0411,0.0,0.0,0.0,15.18,3.17,0.0
20230723:0511,2.99,12.24,7.0,15.13,3.31,0.0
20230723:0611,27.8,48.21,15.43,15.08,3.59,0.0
20230723:0711,63.43,92.71,24.27,15.29,2.97,0.0
20230723:0811,54.3,81.59,33.15,15.39,3.17,0.0
20230723:0911,115.25,154.83,41.61,15.59,3.59,0.0
20230723:1011,91.72,127.01,49.03,16.0,3.52,0.0
20230723:1111,146.42,192.84,54.42,16.37,3.1,0.0
20230723:1211,110.57,150.19,56.61,16.67,2.76,0.0
20230723:1311,144.16,190.98,54.94,16.82,2.21,0.0
20230723:1411,101.0,139.07,49.93,16.55,1.31,0.0
20230723:1511,233.67,299.45,42.73,16.22,1.86,0.0
20230723:1611,208.7,267.39,34.37,15.99,2.9,0.0
20230723:1711,114.72,154.36,25.51,15.32,3.66,0.0
20230723:1811,68.71,100.28,16.65,14.85,4.21,0.0
20230723:1911,0.86,7.87,8.14,14.59,4.41,0.0
20230723:2011,0.0,0.0,0.0,14.03,4.69,0.0
20230723:2111,0.0,0.0,0.0,13.55,5.1,0.0
20230723:2211,0.0,0.0,0.0,13.17,5.24,0.0
20230723:2311,0.0,0.0,0.0,12.88,4.97,0.0
20230724:0011,0.0,0.0,0.0,12.64,4.48,0.0
20230724:0111,0.0,0.0,0.0,12.53,4.14,0.0
20230724:0211,0.0,0.0,0.0,12.25,4.07,0.0
20230724:0311,0.0,0.0,0.0,11.98,3.72,0.0
20230724:0411,0.0,0.0,0.0,11.5,3.52,0.0
20230724:0511,2.6,11.37,6.82,11.13,3.52,0.0
20230724:0611,29.8,50.06,15.26,11.2,2.9,0.0
20230724:0711,169.98,220.63,24.1,12.27,4.41,0.0
20230724:0811,411.79,511.85,32.98,13.22,4.28,0.0
20230724:0911,491.4,615.91,41.44,14.55,3.93,0.0
20230724:1011,311.7,391.82,48.84,15.35,3.45,0.0
20230724:1111,349.73,441.48,54.22,15.96,3.31,0.0
20230724:1211,520.04,668.04,56.41,16.35,3.24,0.0
20230724:1311,501.41,643.95,54.75,16.9,3.24,0.0
20230724:1411,340.25,432.89,49.75,17.62,3.17,0.0
20230724:1511,370.27,468.42,42.56,17.05,3.38,0.0
20230724:1611,183.39,236.7,34.21,16.48,3.86,0.0
20230724:1711,119.68,160.77,25.36,16.06,4.07,0.0
20230724:1811,79.02,114.88,16.49,15.52,3.86,0.0
20230724:1911,21.77,40.23,7.97,14.78,3.17,0.0
20230724:2011,0.0,0.0,0.0,13.73,2.69,0.0
20230724:2111,0.0,0.0,0.0,12.62,2.41,0.0
20230724:2211,0.0,0.0,0.0,12.01,2.21,0.0
20230724:2311,0.0,0.0,0.0,11.36,2.0,0.0
20230725:0011,0.0,0.0,0.0,11.09,1.86,0.0
20230725:0111,0.0,0.0,0.0,10.46,1.93,0.0
20230725:0211,0.0,0.0,0.0,10.26,2.07,0.0
20230725:0311,0.0,0.0,0.0,9.88,2.14,0.0
20230725:0411,0.0,0.0,0.0,9.52,2.21,0.0
20230725:0511,17.74,34.1,6.65,9.63,2.14,0.0
20230725:0611,41.72,64.9,15.09,10.83,2.0,0.0
20230725:0711,197.31,259.01,23.94,12.21,2.48,0.0
20230725:0811,417.96,523.7,32.81,13.47,3.38,0.0
20230725:0911,469.37,588.94,41.26,14.35,3.45,0.0
20230725:1011,305.37,382.98,48.65,15.17,3.79,0.0
20230725:1111,364.93,456.92,54.01,15.53,4.34,0.0
20230725:1211,130.94,173.37,56.2,15.98,4.9,0.0
20230725:1311,342.33,429.06,54.54,16.28,4.97,0.0
20230725:1411,512.15,645.55,49.56,16.5,5.1,0.0
20230725:1511,532.77,670.37,42.39,16.56,5.24,0.0
20230725:1611,390.49,486.67,34.04,15.99,5.66,0.0
20230725:1711,241.94,317.16,25.2,15.49,5.45,0.0
20230725:1811,76.66,132.96,16.33,14.98,4.9,0.0
20230725:1911,23.78,42.85,7.8,14.53,3.72,0.0
20230725:2011,0.0,0.0,0.0,13.61,2.97,0.0
20230725:2111,0.0,0.0,0.0,12.91,2.41,0.0
20230725:2211,0.0,0.0,0.0,12.39,2.21,0.0
20230725:2311,0.0,0.0,0.0,11.94,2.07,0.0
20230726:0011,0.0,0.0,0.0,11.56,2.07,0.0
20230726:0111,0.0,0.0,0.0,11.28,2.07,0.0
20230726:0211,0.0,0.0,0.0,11.29,1.93,0.0
20230726:0311,0.0,0.0,0.0,10.89,1.93,0.0
20230726:0411,0.0,0.0,0.0,10.25,2.07,0.0
20230726:0511,6.75,18.36,6.47,9.99,2.0,0.0
20230726:0611,65.07,95.63,14.92,11.39,1.72,0.0
20230726:0711,200.23,266.05,23.77,13.44,2.21,0.0
20230726:0811,406.67,516.09,32.64,15.0,2.62,0.0
20230726:0911,479.29,611.41,41.09,16.46,2.9,0.0
20230726:1011,584.74,762.14,48.46,17.46,3.1,0.0
20230726:1111,633.71,832.43,53.81,18.32,3.79,0.0
20230726:1211,716.08,953.01,55.98,18.71,4.28,0.0
20230726:1311,600.78,779.98,54.33,18.76,4.55,0.0
20230726:1411,196.16,254.22,49.37,18.82,4.9,0.0
20230726:1511,94.26,130.72,42.21,17.55,4.55,0.0
20230726:1611,61.68,90.86,33.87,16.17,3.52,0.0
20230726:1711,38.67,62.12,25.03,15.22,3.86,0.0
20230726:1811,18.78,36.16,16.16,14.75,4.55,0.0
20230726:1911,0.49,7.0,7.63,14.54,4.76,0.0
20230726:2011,0.0,0.0,0.0,14.3,4.83,0.0
20230726:2111,0.0,0.0,0.0,14.24,4.41,0.0
20230726:2211,0.0,0.0,0.0,14.41,4.07,0.0
20230726:2311,0.0,0.0,0.0,14.82,4.07,0.0
20230727:0011,0.0,0.0,0.0,15.07,3.79,0.0
20230727:0111,0.0,0.0,0.0,14.9,3.24,0.0
20230727:0211,0.0,0.0,0.0,15.0,2.97,0.0
20230727:0311,0.0,0.0,0.0,15.26,2.21,0.0
20230727:0411,0.0,0.0,0.0,15.54,2.41,0.0
20230727:0511,7.62,20.11,6.29,15.73,2.69,0.0
20230727:0611,33.4,55.63,14.75,15.9,2.9,0.0
20230727:0711,102.84,141.16,23.59,16.45,3.24,0.0
20230727:0811,175.07,226.47,32.46,16.87,5.1,0.0
20230727:0911,177.81,229.85,40.9,17.06,5.24,0.0
20230727:1011,158.98,207.67,48.26,17.16,5.1,0.0
20230727:1111,312.71,394.04,53.59,17.34,5.1,0.0
20230727:1211,217.03,277.96,55.76,17.69,5.17,0.0
20230727:1311,211.23,271.43,54.12,18.06,5.1,0.0
20230727:1411,157.9,207.67,49.17,18.49,4.97,0.0
20230727:1511,236.37,302.75,42.03,18.7,4.55,0.0
20230727:1611,205.69,266.38,33.7,18.55,3.38,0.0
20230727:1711,113.46,155.32,24.86,18.43,2.83,0.0
20230727:1811,49.17,76.41,15.99,18.28,2.48,0.0
20230727:1911,15.73,32.35,7.45,17.9,1.93,0.0
20230727:2011,0.0,0.0,0.0,17.13,1.38,0.0
20230727:2111,0.0,0.0,0.0,16.2,0.9,0.0
20230727:2211,0.0,0.0,0.0,16.12,0.62,0.0
20230727:2311,0.0,0.0,0.0,14.58,1.17,0.0
20230728:0011,0.0,0.0,0.0,13.84,1.66,0.0
20230728:0111,0.0,0.0,0.0,14.0,1.72,0.0
20230728:0211,0.0,0.0,0.0,14.31,1.72,0.0
20230728:0311,0.0,0.0,0.0,14.74,1.79,0.0
20230728:0411,0.0,0.0,0.0,14.6,1.93,0.0
20230728:0511,11.71,26.23,6.1,14.79,1.93,0.0
20230728:0611,37.83,61.19,14.57,15.46,2.34,0.0
20230728:0711,78.3,111.16,23.42,16.4,3.59,0.0
20230728:0811,91.43,127.01,32.29,16.75,3.79,0.0
20230728:0911,129.74,173.37,40.72,17.61,4.28,0.0
20230728:1011,336.67,426.4,48.06,18.33,4.48,0.0
20230728:1111,518.32,666.11,53.37,19.28,4.69,0.0
20230728:1211,496.18,638.21,55.53,19.77,4.69,0.0
20230728:1311,455.4,584.63,53.9,19.94,4.48,0.0
20230728:1411,199.07,260.2,48.96,20.52,4.28,0.0
20230728:1511,269.5,347.34,41.84,20.63,3.86,0.0
20230728:1611,125.62,170.95,33.52,20.35,2.83,0.0
20230728:1711,36.22,60.26,24.68,20.3,3.1,0.0
20230728:1811,16.96,34.3,15.81,19.66,3.1,0.0
20230728:1911,0.13,6.12,7.26,18.39,3.03,0.0
20230728:2011,0.0,0.0,0.0,17.65,2.83,0.0
20230728:2111,0.0,0.0,0.0,17.11,2.97,0.0
20230728:2211,0.0,0.0,0.0,16.54,3.17,0.0
20230728:2311,0.0,0.0,0.0,16.07,3.31,0.0
20230729:0011,0.0,0.0,0.0,15.51,3.31,0.0
20230729:0111,0.0,0.0,0.0,14.99,3.31,0.0
20230729:0211,0.0,0.0,0.0,14.41,3.38,0.0
20230729:0311,0.0,0.0,0.0,14.33,3.38,0.0
20230729:0411,0.0,0.0,0.0,14.11,3.45,0.0
20230729:0511,14.21,29.73,5.91,13.98,3.66,0.0
20230729:0611,54.88,82.84,14.39,14.28,3.86,0.0
20230729:0711,77.37,109.31,23.24,14.89,3.86,0.0
20230729:0811,388.25,487.09,32.11,15.32,4.28,0.0
20230729:0911,222.96,283.04,40.53,16.04,4.48,0.0
20230729:1011,502.46,635.2,47.86,17.12,4.9,0.0
20230729:1111,630.64,812.95,53.15,17.93,5.24,0.0
20230729:1211,474.9,601.55,55.3,18.29,5.52,0.0
20230729:1311,693.4,901.77,53.67,18.46,5.66,0.0
20230729:1411,498.27,630.38,48.75,18.58,5.86,0.0
20230729:1511,398.25,500.63,41.64,18.72,5.93,0.0
20230729:1611,304.08,384.21,33.33,18.57,5.86,0.0
20230729:1711,194.48,256.78,24.5,18.14,5.59,0.0
20230729:1811,78.84,119.95,15.62,17.55,5.24,0.0
20230729:1911,21.57,40.23,7.07,16.7,4.28,0.0
20230729:2011,0.0,0.0,0.0,15.98,4.21,0.0
20230729:2111,0.0,0.0,0.0,15.35,4.21,0.0
20230729:2211,0.0,0.0,0.0,14.67,4.07,0.0
20230729:2311,0.0,0.0,0.0,14.29,3.93,0.0
20230730:0011,0.0,0.0,0.0,13.98,4.0,0.0
20230730:0111,0.0,0.0,0.0,13.51,4.07,0.0
20230730:0211,0.0,0.0,0.0,13.27,4.28,0.0
20230730:0311,0.0,0.0,0.0,13.03,4.21,0.0
20230730:0411,0.0,0.0,0.0,12.84,4.41,0.0
20230730:0511,8.31,20.99,5.72,13.07,4.69,0.0
20230730:0611,32.4,53.77,14.2,13.49,4.76,0.0
20230730:0711,90.85,124.9,23.06,14.02,4.97,0.0
20230730:0811,170.59,218.78,31.92,14.92,6.14,0.0
20230730:0911,300.25,373.3,40.33,15.8,6.34,0.0
20230730:1011,271.26,339.66,47.65,16.36,6.69,0.0
20230730:1111,219.25,278.4,52.93,16.69,6.48,0.0
20230730:1211,447.74,560.84,55.06,17.35,6.34,0.0
20230730:1311,110.8,150.19,53.44,17.53,6.28,0.0
20230730:1411,156.4,204.89,48.53,17.92,6.14,0.0
20230730:1511,168.9,219.76,41.44,17.59,5.31,0.0
20230730:1611,174.13,225.64,33.14,17.07,4.83,0.0
20230730:1711,122.31,164.6,24.31,16.43,3.52,0.0
20230730:1811,47.53,73.63,15.43,16.14,3.72,0.0
20230730:1911,11.09,25.36,6.87,15.24,2.97,0.0
20230730:2011,0.0,0.0,0.0,15.15,3.45,0.0
20230730:2111,0.0,0.0,0.0,15.46,4.07,0.0
20230730:2211,0.0,0.0,0.0,15.58,4.34,0.0
20230730:2311,0.0,0.0,0.0,15.53,4.62,0.0
20230731:0011,0.0,0.0,0.0,15.67,4.62,0.0
20230731:0111,0.0,0.0,0.0,15.77,4.28,0.0
20230731:0211,0.0,0.0,0.0,15.99,3.93,0.0
20230731:0311,0.0,0.0,0.0,16.05,4.34,0.0
20230731:0411,0.0,0.0,0.0,15.98,3.93,0.0
20230731:0511,9.89,23.61,5.53,15.84,3.86,0.0
20230731:0611,12.74,27.81,14.02,15.8,4.0,0.0
20230731:0711,24.13,43.57,22.88,16.2,3.86,0.0
20230731:0811,59.39,88.08,31.74,16.4,4.34,0.0
20230731:0911,110.93,150.19,40.14,16.43,3.72,0.0
20230731:1011,51.08,77.88,47.44,16.46,4.55,0.0
20230731:1111,80.85,114.03,52.69,16.54,4.97,0.0
20230731:1211,93.34,128.87,54.82,16.26,4.76,0.0
20230731:1311,49.14,75.1,53.2,15.22,4.76,0.0
20230731:1411,103.13,139.99,48.31,15.11,4.07,0.0
20230731:1511,82.82,115.89,41.23,15.2,3.93,0.0
20230731:1611,166.15,213.91,32.94,14.78,4.83,0.0
20230731:1711,69.07,99.2,24.11,14.82,4.21,0.0
20230731:1811,70.88,105.16,15.23,14.95,5.17,0.0
20230731:1911,6.02,17.49,6.67,15.03,4.55,0.0
20230731:2011,0.0,0.0,0.0,14.63,4.69,0.0
20230731:2111,0.0,0.0,0.0,14.22,4.69,0.0
20230731:2211,0.0,0.0,0.0,14.06,4.69,0.0
20230731:2311,0.0,0.0,0.0,13.58,4.9,0.0
20230801:0011,0.0,0.0,0.0,13.43,4.83,0.0
20230801:0111,0.0,0.0,0.0,13.5,4.83,0.0
20230801:0211,0.0,0.0,0.0,13.35,4.69,0.0
20230801:0311,0.0,0.0,0.0,13.38,4.48,0.0
20230801:0411,0.0,0.0,0.0,13.35,4.48,0.0
20230801:0511,0.5,7.0,5.34,13.24,4.62,0.0
20230801:0611,30.22,50.99,13.83,13.47,4.76,0.0
20230801:0711,142.43,187.53,22.69,13.39,5.38,0.0
20230801:0811,187.69,237.69,31.55,13.81,6.21,0.0
20230801:0911,155.83,200.88,39.94,14.32,6.28,0.0
20230801:1011,83.16,115.89,47.22,14.93,6.07,0.0
20230801:1111,179.62,229.92,52.46,15.06,5.72,0.0
20230801:1211,228.88,289.17,54.57,15.48,5.38,0.0
20230801:1311,293.31,367.61,52.96,15.75,4.97,0.0
20230801:1411,291.94,367.29,48.08,16.28,4.41,0.0
20230801:1511,466.04,591.07,41.02,16.65,3.45,0.0
20230801:1611,124.86,167.28,32.74,16.84,3.17,0.0
20230801:1711,32.44,54.7,23.91,17.25,2.62,0.0
20230801:1811,44.22,69.92,15.03,17.14,1.86,0.0
20230801:1911,2.49,11.37,6.46,16.95,0.97,0.0
20230801:2011,0.0,0.0,0.0,15.99,1.24,0.0
20230801:2111,0.0,0.0,0.0,14.83,2.07,0.0
20230801:2211,0.0,0.0,0.0,14.49,2.41,0.0
20230801:2311,0.0,0.0,0.0,14.24,2.76,0.0
20230802:0011,0.0,0.0,0.0,13.98,3.17,0.0
20230802:0111,0.0,0.0,0.0,13.76,3.24,0.0
20230802:0211,0.0,0.0,0.0,13.53,3.79,0.0
20230802:0311,0.0,0.0,0.0,13.56,4.62,0.0
20230802:0411,0.0,0.0,0.0,13.62,5.1,0.0
20230802:0511,8.28,20.99,5.14,13.61,4.97,0.0
20230802:0611,23.04,41.72,13.64,13.67,4.14,0.0
20230802:0711,65.53,94.56,22.5,13.66,3.45,0.0
20230802:0811,123.31,163.54,31.36,13.94,2.69,0.0
20230802:0911,204.93,262.83,39.74,14.54,1.31,0.0
20230802:1011,150.06,198.4,47.0,15.64,0.41,0.0
20230802:1111,219.1,283.57,52.22,16.22,0.83,0.0
20230802:1211,160.88,211.38,54.32,16.43,1.52,0.0
20230802:1311,298.6,380.4,52.71,16.9,2.62,0.0
20230802:1411,69.2,100.13,47.85,16.62,4.0,0.0
20230802:1511,218.85,278.04,40.8,16.37,5.1,0.0
20230802:1611,79.5,112.18,32.53,16.2,5.59,0.0
20230802:1711,27.71,48.21,23.71,15.86,4.69,0.0
20230802:1811,21.42,39.87,14.82,15.64,3.93,0.0
20230802:1911,0.0,5.25,6.25,15.26,4.14,0.0
20230802:2011,0.0,0.0,0.0,14.88,3.66,0.0
20230802:2111,0.0,0.0,0.0,14.44,3.45,0.0
20230802:2211,0.0,0.0,0.0,14.3,3.38,0.0
20230802:2311,0.0,0.0,0.0,13.78,3.17,0.0
20230803:0011,0.0,0.0,0.0,13.17,2.9,0.0
20230803:0111,0.0,0.0,0.0,12.75,2.69,0.0
20230803:0211,0.0,0.0,0.0,12.07,2.62,0.0
20230803:0311,0.0,0.0,0.0,11.31,2.76,0.0
20230803:0411,0.0,0.0,0.0,11.04,2.69,0.0
20230803:0511,11.97,26.23,4.94,10.82,2.34,0.0
20230803:0611,56.27,97.75,13.45,11.6,1.93,0.0
20230803:0711,156.01,207.07,22.31,13.98,2.62,0.0
20230803:0811,349.04,439.69,31.16,15.23,3.31,0.0
20230803:0911,235.12,298.61,39.53,16.14,3.59,0.0
20230803:1011,242.13,307.6,46.78,16.37,3.79,0.0
20230803:1111,676.11,889.02,51.98,17.1,3.79,0.0
20230803:1211,444.06,564.63,54.06,17.92,4.28,0.0
20230803:1311,151.58,199.33,52.45,17.5,4.62,0.0
20230803:1411,99.5,137.21,47.61,17.99,4.9,0.0
20230803:1511,226.32,288.92,40.57,17.83,5.03,0.0
20230803:1611,417.46,526.14,32.31,17.51,5.1,0.0
20230803:1711,220.54,292.74,23.5,16.91,5.03,0.0
20230803:1811,71.65,117.56,14.61,16.06,4.28,0.0
20230803:1911,1.64,9.62,6.03,16.05,4.0,0.0
20230803:2011,0.0,0.0,0.0,15.32,3.31,0.0
20230803:2111,0.0,0.0,0.0,14.62,3.03,0.0
20230803:2211,0.0,0.0,0.0,14.28,2.97,0.0
20230803:2311,0.0,0.0,0.0,14.17,3.17,0.0
20230804:0011,0.0,0.0,0.0,13.65,3.38,0.0
20230804:0111,0.0,0.0,0.0,13.8,3.17,0.0
20230804:0211,0.0,0.0,0.0,13.84,3.03,0.0
20230804:0311,0.0,0.0,0.0,13.75,2.97,0.0
20230804:0411,0.0,0.0,0.0,13.68,3.03,0.0
20230804:0511,4.49,14.87,4.73,13.61,2.97,0.0
20230804:0611,34.52,56.55,13.25,13.71,3.17,0.0
20230804:0711,82.98,115.77,22.12,13.98,3.1,0.0
20230804:0811,102.67,139.07,30.97,14.21,3.38,0.0
20230804:0911,173.82,223.27,39.33,14.67,4.14,0.0
20230804:1011,94.45,129.79,46.55,15.35,4.21,0.0
20230804:1111,147.85,193.77,51.73,16.3,4.76,0.0
20230804:1211,354.99,444.59,53.8,16.52,5.24,0.0
20230804:1311,539.28,678.07,52.19,16.07,5.66,0.0
20230804:1411,397.77,495.89,47.36,16.12,5.38,0.0
20230804:1511,350.37,436.39,40.34,16.15,5.31,0.0
20230804:1611,390.09,487.32,32.09,15.81,5.03,0.0
20230804:1711,223.99,296.2,23.28,15.59,4.62,0.0
20230804:1811,41.83,66.22,14.39,15.01,4.21,0.0
20230804:1911,1.25,8.74,5.8,14.4,3.17,0.0
20230804:2011,0.0,0.0,0.0,13.61,2.55,0.0
20230804:2111,0.0,0.0,0.0,13.11,2.0,0.0
20230804:2211,0.0,0.0,0.0,12.7,1.52,0.0
20230804:2311,0.0,0.0,0.0,12.25,1.03,0.0
20230805:0011,0.0,0.0,0.0,11.74,0.83,0.0
20230805:0111,0.0,0.0,0.0,11.13,1.17,0.0
20230805:0211,0.0,0.0,0.0,11.05,1.17,0.0
20230805:0311,0.0,0.0,0.0,10.7,1.38,0.0
20230805:0411,0.0,0.0,0.0,10.76,1.59,0.0
20230805:0511,8.99,21.86,4.53,10.7,1.86,0.0
20230805:0611,16.36,32.45,13.05,11.47,2.28,0.0
20230805:0711,12.33,26.89,21.93,12.34,3.1,0.0
20230805:0811,37.66,60.26,30.77,12.82,3.93,0.0
20230805:0911,221.21,277.4,39.12,12.87,3.86,0.0
20230805:1011,302.74,375.81,46.32,13.25,3.93,0.0
20230805:1111,205.26,260.01,51.48,13.35,3.31,0.0
20230805:1211,230.24,290.23,53.53,13.51,3.24,0.0
20230805:1311,368.96,460.23,51.93,14.07,3.66,0.0
20230805:1411,214.69,272.3,47.11,14.87,4.07,0.0
20230805:1511,69.84,100.13,40.11,14.88,4.48,0.0
20230805:1611,51.63,77.88,31.86,14.42,5.03,0.0
20230805:1711,114.31,152.95,23.06,13.87,4.9,0.0
20230805:1811,34.62,56.55,14.16,13.37,4.55,0.0
20230805:1911,4.52,14.87,5.57,12.69,4.07,0.0
20230805:2011,0.0,0.0,0.0,12.18,3.66,0.0
20230805:2111,0.0,0.0,0.0,11.55,3.24,0.0
20230805:2211,0.0,0.0,0.0,10.98,2.76,0.0
20230805:2311,0.0,0.0,0.0,10.5,2.48,0.0
20230806:0011,0.0,0.0,0.0,10.01,2.28,0.0
20230806:0111,0.0,0.0,0.0,9.67,2.14,0.0
20230806:0211,0.0,0.0,0.0,9.45,2.07,0.0
20230806:0311,0.0,0.0,0.0,9.43,2.14,0.0
20230806:0411,0.0,0.0,0.0,9.5,2.14,0.0
20230806:0511,5.14,15.74,4.32,9.4,2.14,0.0
20230806:0611,51.2,77.76,12.85,10.39,2.0,0.0
20230806:0711,135.71,179.57,21.73,12.38,2.97,0.0
20230806:0811,315.34,394.54,30.57,13.63,3.1,0.0
20230806:0911,488.33,614.77,38.9,14.57,3.31,0.0
20230806:1011,584.6,747.63,46.09,15.11,3.59,0.0
20230806:1111,207.23,264.67,51.22,15.76,4.0,0.0
20230806:1211,105.87,143.7,53.26,15.94,4.34,0.0
20230806:1311,234.54,297.22,51.66,15.98,4.62,0.0
20230806:1411,294.21,369.38,46.85,16.35,4.9,0.0
20230806:1511,176.03,227.1,39.87,16.42,5.17,0.0
20230806:1611,140.33,183.84,31.63,15.48,5.52,0.0
20230806:1711,126.61,168.85,22.83,15.06,4.69,0.0
20230806:1811,67.94,104.35,13.93,14.95,4.14,0.0
20230806:1911,13.55,28.86,5.34,14.52,3.31,0.0
20230806:2011,0.0,0.0,0.0,13.31,2.69,0.0
20230806:2111,0.0,0.0,0.0,12.77,2.48,0.0
20230806:2211,0.0,0.0,0.0,12.53,2.28,0.0
20230806:2311,0.0,0.0,0.0,11.91,2.21,0.0
20230807:0011,0.0,0.0,0.0,11.55,2.14,0.0
20230807:0111,0.0,0.0,0.0,11.41,2.21,0.0
20230807:0211,0.0,0.0,0.0,11.23,2.28,0.0
20230807:0311,0.0,0.0,0.0,11.24,2.41,0.0
20230807:0411,0.0,0.0,0.0,11.01,2.55,0.0
20230807:0511,7.83,20.11,4.11,10.99,2.55,0.0
20230807:0611,46.68,90.2,12.65,11.82,2.55,0.0
20230807:0711,175.57,232.21,21.53,12.97,3.79,0.0
20230807:0811,271.81,340.21,30.36,14.31,4.21,0.0
20230807:0911,458.49,569.85,38.69,14.87,4.83,0.0
20230807:1011,313.54,390.42,45.86,15.25,5.17,0.0
20230807:1111,282.16,353.51,50.96,15.78,5.38,0.0
20230807:1211,328.01,410.23,52.99,16.17,5.38,0.0
20230807:1311,124.53,165.95,51.38,16.45,5.45,0.0
20230807:1411,155.85,203.04,46.59,16.22,5.24,0.0
20230807:1511,145.16,190.41,39.62,16.25,4.97,0.0
20230807:1611,270.04,339.99,31.39,16.08,4.55,0.0
20230807:1711,228.67,305.45,22.59,15.69,4.0,0.0
20230807:1811,67.81,106.21,13.7,15.27,3.45,0.0
20230807:1911,12.32,27.11,5.1,14.68,2.69,0.0
20230807:2011,0.0,0.0,0.0,13.86,2.55,0.0
20230807:2111,0.0,0.0,0.0,13.27,2.55,0.0
20230807:2211,0.0,0.0,0.0,13.1,2.62,0.0
20230807:2311,0.0,0.0,0.0,13.04,2.9,0.0
20230808:0011,0.0,0.0,0.0,12.87,3.1,0.0
20230808:0111,0.0,0.0,0.0,12.49,3.24,0.0
20230808:0211,0.0,0.0,0.0,12.38,3.1,0.0
20230808:0311,0.0,0.0,0.0,12.39,2.9,0.0
20230808:0411,0.0,0.0,0.0,12.36,2.69,0.0
20230808:0511,2.13,10.49,3.9,11.97,2.34,0.0
20230808:0611,55.82,89.18,12.45,12.16,2.28,0.0
20230808:0711,140.59,187.24,21.33,13.36,2.48,0.0
20230808:0811,281.44,354.21,30.16,14.38,2.9,0.0
20230808:0911,479.67,606.35,38.47,15.21,3.1,0.0
20230808:1011,234.61,298.35,45.62,15.82,3.17,0.0
20230808:1111,322.75,407.87,50.7,16.89,3.79,0.0
20230808:1211,404.07,510.64,52.71,17.42,4.41,0.0
20230808:1311,588.77,758.71,51.1,17.44,4.34,0.0
20230808:1411,500.7,636.4,46.33,17.55,4.41,0.0
20230808:1511,558.46,714.07,39.37,17.38,4.07,0.0
20230808:1611,424.22,537.9,31.15,17.09,4.0,0.0
20230808:1711,230.62,310.53,22.36,16.44,3.86,0.0
20230808:1811,60.75,93.26,13.46,15.66,3.66,0.0
20230808:1911,0.86,7.87,4.85,14.66,3.17,0.0
20230808:2011,0.0,0.0,0.0,13.35,2.69,0.0
20230808:2111,0.0,0.0,0.0,12.37,2.55,0.0
20230808:2211,0.0,0.0,0.0,11.7,2.48,0.0
20230808:2311,0.0,0.0,0.0,11.2,2.48,0.0
20230809:0011,0.0,0.0,0.0,10.99,2.28,0.0
20230809:0111,0.0,0.0,0.0,10.58,2.07,0.0
20230809:0211,0.0,0.0,0.0,10.2,1.93,0.0
20230809:0311,0.0,0.0,0.0,9.71,1.79,0.0
20230809:0411,0.0,0.0,0.0,9.32,1.66,0.0
20230809:0511,6.79,18.36,3.68,8.97,1.72,0.0
20230809:0611,53.72,83.63,12.24,10.31,1.45,0.0
20230809:0711,208.8,286.24,21.12,13.57,1.79,0.0
20230809:0811,242.49,307.5,29.95,15.03,2.76,0.0
20230809:0911,389.92,491.91,38.25,16.34,3.1,0.0
20230809:1011,659.94,865.51,45.37,17.64,3.66,0.0
20230809:1111,321.09,408.73,50.43,18.15,3.52,0.0
20230809:1211,194.36,253.13,52.42,18.67,3.24,0.0
20230809:1311,563.36,741.35,50.82,19.29,2.97,0.0
20230809:1411,256.85,332.15,46.05,19.87,2.83,0.0
20230809:1511,284.99,367.8,39.11,20.16,2.62,0.0
20230809:1611,216.48,283.06,30.9,20.44,2.41,0.0
20230809:1711,126.09,174.03,22.11,20.32,1.38,0.0
20230809:1811,55.92,88.85,13.21,20.23,0.9,0.0
20230809:1911,3.82,13.99,4.6,19.9,0.62,0.0
20230809:2011,0.0,0.0,0.0,19.04,0.69,0.0
20230809:2111,0.0,0.0,0.0,17.64,1.1,0.0
20230809:2211,0.0,0.0,0.0,17.07,1.24,0.0
20230809:2311,0.0,0.0,0.0,16.67,1.24,0.0
20230810:0011,0.0,0.0,0.0,16.42,1.31,0.0
20230810:0111,0.0,0.0,0.0,16.14,1.38,0.0
20230810:0211,0.0,0.0,0.0,15.88,1.45,0.0
20230810:0311,0.0,0.0,0.0,15.55,1.66,0.0
20230810:0411,0.0,0.0,0.0,15.77,1.72,0.0
20230810:0511,5.46,16.61,3.46,15.66,1.86,0.0
20230810:0611,39.35,82.96,12.03,16.5,1.59,0.0
20230810:0711,192.44,270.06,20.92,18.82,1.72,0.0
20230810:0811,379.05,495.51,29.74,20.43,2.14,0.0
20230810:0911,540.76,714.47,38.02,21.68,2.9,0.0
20230810:1011,556.82,737.94,45.13,22.42,3.45,0.0
20230810:1111,526.74,696.19,50.16,23.3,3.93,0.0
20230810:1211,498.12,656.15,52.13,23.98,4.34,0.0
20230810:1311,706.46,968.49,50.53,24.21,4.14,0.0
20230810:1411,607.03,812.28,45.78,24.59,4.41,0.0
20230810:1511,539.77,711.8,38.84,24.54,4.48,0.0
20230810:1611,386.67,508.28,30.65,24.32,3.66,0.0
20230810:1711,194.79,271.88,21.86,24.15,3.31,0.0
20230810:1811,51.96,101.31,12.96,23.75,3.1,0.0
20230810:1911,8.92,22.74,4.34,23.05,2.97,0.0
20230810:2011,0.0,0.0,0.0,22.0,3.24,0.0
20230810:2111,0.0,0.0,0.0,20.96,3.66,0.0
20230810:2211,0.0,0.0,0.0,20.38,3.24,0.0
20230810:2311,0.0,0.0,0.0,19.93,3.31,0.0
20230811:0011,0.0,0.0,0.0,19.42,3.86,0.0
20230811:0111,0.0,0.0,0.0,18.76,3.72,0.0
20230811:0211,0.0,0.0,0.0,18.41,3.93,0.0
20230811:0311,0.0,0.0,0.0,18.46,4.14,0.0
20230811:0411,0.0,0.0,0.0,18.37,4.0,0.0
20230811:0511,0.0,5.25,3.25,17.72,3.93,0.0
20230811:0611,41.88,83.56,11.82,16.99,3.66,0.0
20230811:0711,197.5,271.97,20.71,17.09,3.93,0.0
20230811:0811,355.51,450.56,29.53,17.5,4.21,0.0
20230811:0911,429.55,542.11,37.8,18.13,4.62,0.0
20230811:1011,633.35,820.16,44.88,19.19,5.1,0.0
20230811:1111,561.79,722.75,49.89,20.17,5.66,0.0
20230811:1211,509.6,654.7,51.84,20.85,5.66,0.0
20230811:1311,534.01,688.52,50.24,21.06,5.59,0.0
20230811:1411,352.13,449.31,45.49,21.16,5.52,0.0
20230811:1511,425.67,542.79,38.58,21.28,5.52,0.0
20230811:1611,201.83,263.3,30.39,21.22,5.31,0.0
20230811:1711,138.96,189.81,21.61,20.59,4.21,0.0
20230811:1811,44.01,71.02,12.71,19.9,3.93,0.0
20230811:1911,8.02,20.99,4.08,18.95,3.86,0.0
20230811:2011,0.0,0.0,0.0,17.97,3.79,0.0
20230811:2111,0.0,0.0,0.0,17.24,3.86,0.0
20230811:2211,0.0,0.0,0.0,16.52,3.86,0.0
20230811:2311,0.0,0.0,0.0,15.66,3.86,0.0
20230812:0011,0.0,0.0,0.0,15.19,3.93,0.0
20230812:0111,0.0,0.0,0.0,14.86,4.07,0.0
20230812:0211,0.0,0.0,0.0,14.71,4.28,0.0
20230812:0311,0.0,0.0,0.0,14.54,4.34,0.0
20230812:0411,0.0,0.0,0.0,14.59,4.34,0.0
20230812:0511,0.0,1.75,3.03,14.35,4.34,0.0
20230812:0611,20.15,38.01,11.61,14.71,4.55,0.0
20230812:0711,138.89,186.84,20.5,15.71,4.69,0.0
20230812:0811,115.66,155.34,29.31,16.69,6.62,0.0
20230812:0911,217.78,276.92,37.57,17.41,6.41,0.0
20230812:1011,242.7,308.67,44.63,18.08,5.59,0.0
20230812:1111,107.95,147.41,49.61,18.39,5.86,0.0
20230812:1211,96.83,134.43,51.54,18.96,5.66,0.0
20230812:1311,355.71,451.31,49.94,20.26,6.07,0.0
20230812:1411,159.97,209.97,45.21,18.4,5.1,0.0
20230812:1511,355.5,448.58,38.3,18.92,5.1,0.0
20230812:1611,165.98,217.58,30.13,19.18,5.52,0.0
20230812:1711,92.08,129.1,21.35,18.77,5.31,0.0
20230812:1811,27.38,48.21,12.45,18.16,4.55,0.0
20230812:1911,1.62,9.62,3.82,17.63,4.41,0.0
20230812:2011,0.0,0.0,0.0,16.97,4.34,0.0
20230812:2111,0.0,0.0,0.0,16.2,4.41,0.0
20230812:2211,0.0,0.0,0.0,15.74,4.41,0.0
20230812:2311,0.0,0.0,0.0,15.41,4.34,0.0
20230813:0011,0.0,0.0,0.0,15.0,4.14,0.0
20230813:0111,0.0,0.0,0.0,14.75,4.0,0.0
20230813:0211,0.0,0.0,0.0,14.77,4.0,0.0
20230813:0311,0.0,0.0,0.0,14.72,3.93,0.0
20230813:0411,0.0,0.0,0.0,14.65,3.86,0.0
20230813:0511,1.66,9.62,2.8,14.63,3.79,0.0
20230813:0611,17.43,34.3,11.4,14.67,3.59,0.0
20230813:0711,97.61,134.59,20.29,15.46,3.86,0.0
20230813:0811,210.68,268.09,29.09,15.72,4.48,0.0
20230813:0911,141.95,186.74,37.34,16.42,4.97,0.0
20230813:1011,91.43,127.01,44.37,17.16,5.17,0.0
20230813:1111,489.98,619.47,49.33,17.81,5.31,0.0
20230813:1211,405.76,510.44,51.24,18.17,5.79,0.0
20230813:1311,168.86,220.65,49.63,18.58,5.66,0.0
20230813:1411,123.91,166.88,44.92,18.77,5.52,0.0
20230813:1511,146.2,193.63,38.02,18.96,5.79,0.0
20230813:1611,209.3,269.53,29.86,18.68,4.97,0.0
20230813:1711,211.44,288.93,21.09,18.42,3.79,0.0
20230813:1811,32.45,55.08,12.18,18.0,3.31,0.0
20230813:1911,5.95,17.49,3.55,16.8,3.03,0.0
20230813:2011,0.0,0.0,0.0,16.12,2.55,0.0
20230813:2111,0.0,0.0,0.0,15.54,2.21,0.0
20230813:2211,0.0,0.0,0.0,15.07,2.21,0.0
20230813:2311,0.0,0.0,0.0,14.99,2.28,0.0
20230814:0011,0.0,0.0,0.0,15.32,2.41,0.0
20230814:0111,0.0,0.0,0.0,15.3,2.83,0.0
20230814:0211,0.0,0.0,0.0,15.42,3.24,0.0
20230814:0311,0.0,0.0,0.0,15.22,3.45,0.0
20230814:0411,0.0,0.0,0.0,15.0,3.66,0.0
20230814:0511,0.0,1.75,2.58,14.95,4.07,0.0
20230814:0611,9.64,23.18,11.18,15.13,4.34,0.0
20230814:0711,102.77,141.31,20.08,15.21,2.76,0.0
20230814:0811,20.74,38.94,28.87,15.46,3.03,0.0
20230814:0911,94.77,130.72,37.1,16.0,3.24,0.0
20230814:1011,47.36,73.24,44.12,16.15,3.59,0.0
20230814:1111,87.01,121.45,49.04,16.5,4.62,0.0
20230814:1211,126.39,168.73,50.94,16.89,4.55,0.0
20230814:1311,176.04,229.49,49.33,18.19,4.41,0.0
20230814:1411,194.98,253.21,44.62,19.08,4.48,0.0
20230814:1511,192.77,250.75,37.74,19.57,4.55,0.0
20230814:1611,74.5,107.54,29.59,19.13,5.1,0.0
20230814:1711,65.08,95.54,20.82,17.62,4.69,0.0
20230814:1811,3.36,12.98,11.91,16.54,4.41,0.0
20230814:1911,4.43,14.87,3.27,15.78,5.1,0.0
20230814:2011,0.0,0.0,0.0,15.37,4.9,0.0
20230814:2111,0.0,0.0,0.0,15.13,4.97,0.0
20230814:2211,0.0,0.0,0.0,14.96,4.76,0.0
20230814:2311,0.0,0.0,0.0,14.8,4.34,0.0
20230815:0011,0.0,0.0,0.0,14.66,3.93,0.0
20230815:0111,0.0,0.0,0.0,14.66,3.24,0.0
20230815:0211,0.0,0.0,0.0,14.17,2.76,0.0
20230815:0311,0.0,0.0,0.0,13.81,2.55,0.0
20230815:0411,0.0,0.0,0.0,13.45,2.48,0.0
20230815:0511,0.0,1.75,2.35,13.49,2.34,0.0
20230815:0611,36.06,59.24,10.96,13.78,2.21,0.0
20230815:0711,128.01,172.94,19.86,14.97,3.45,0.0
20230815:0811,286.53,361.77,28.65,15.94,3.66,0.0
20230815:0911,323.98,407.43,36.87,16.84,3.93,0.0
20230815:1011,258.14,328.19,43.86,17.61,4.14,0.0
20230815:1111,456.5,580.85,48.76,17.99,4.14,0.0
20230815:1211,351.49,446.29,50.63,18.63,4.34,0.0
20230815:1311,491.82,629.56,49.02,18.56,4.21,0.0
20230815:1411,276.52,352.59,44.32,18.56,3.93,0.0
20230815:1511,362.97,460.09,37.45,18.44,3.79,0.0
20230815:1611,170.54,223.04,29.31,18.13,3.59,0.0
20230815:1711,151.05,204.4,20.54,17.82,3.31,0.0
20230815:1811,48.71,91.08,11.64,17.11,2.76,0.0
20230815:1911,2.96,12.24,2.99,16.35,2.28,0.0
20230815:2011,0.0,0.0,0.0,14.97,2.07,0.0
20230815:2111,0.0,0.0,0.0,14.06,1.79,0.0
20230815:2211,0.0,0.0,0.0,13.32,1.52,0.0
20230815:2311,0.0,0.0,0.0,12.3,1.31,0.0
20230816:0011,0.0,0.0,0.0,12.41,0.97,0.0
20230816:0111,0.0,0.0,0.0,13.21,0.69,0.0
20230816:0211,0.0,0.0,0.0,13.11,0.83,0.0
20230816:0311,0.0,0.0,0.0,12.36,0.83,0.0
20230816:0411,0.0,0.0,0.0,11.92,0.9,0.0
20230816:0511,0.17,6.12,2.13,11.94,0.62,0.0
20230816:0611,41.57,78.28,10.75,12.03,0.41,0.0
20230816:0711,132.58,179.23,19.65,13.51,0.83,0.0
20230816:0811,261.98,333.94,28.43,14.85,1.31,0.0
20230816:0911,538.13,705.93,36.63,16.44,1.38,0.0
20230816:1011,101.25,139.99,43.59,17.79,1.66,0.0
20230816:1111,361.72,468.65,48.46,18.94,1.66,0.0
20230816:1211,425.24,558.75,50.32,19.76,1.45,0.0
20230816:1311,465.39,616.89,48.7,19.92,1.31,0.0
20230816:1411,262.71,343.3,44.01,20.29,1.24,0.0
20230816:1511,243.51,317.93,37.16,20.4,1.52,0.0
20230816:1611,179.87,238.01,29.03,20.25,1.86,0.0
20230816:1711,208.38,291.09,20.27,19.94,2.0,0.0
20230816:1811,41.71,88.52,11.36,19.43,1.72,0.0
20230816:1911,2.92,12.24,2.71,18.49,1.59,0.0
20230816:2011,0.0,0.0,0.0,17.05,1.79,0.0
20230816:2111,0.0,0.0,0.0,15.85,1.86,0.0
20230816:2211,0.0,0.0,0.0,15.2,2.14,0.0
20230816:2311,0.0,0.0,0.0,14.85,2.41,0.0
20230817:0011,0.0,0.0,0.0,14.5,2.55,0.0
20230817:0111,0.0,0.0,0.0,14.48,2.55,0.0
20230817:0211,0.0,0.0,0.0,14.5,2.62,0.0
20230817:0311,0.0,0.0,0.0,14.75,2.69,0.0
20230817:0411,0.0,0.0,0.0,14.65,2.69,0.0
20230817:0511,0.0,1.75,1.9,14.54,2.62,0.0
20230817:0611,41.47,76.28,10.53,14.69,2.9,0.0
20230817:0711,170.97,232.2,19.43,16.1,4.55,0.0
20230817:0811,259.4,328.11,28.21,17.13,5.31,0.0
20230817:0911,184.93,238.96,36.39,17.84,5.24,0.0
20230817:1011,424.25,534.31,43.33,18.39,5.38,0.0
20230817:1111,707.56,925.99,48.17,19.15,5.52,0.0
20230817:1211,679.52,888.37,50.0,20.1,5.79,0.0
20230817:1311,625.05,811.57,48.38,20.99,6.07,0.0
20230817:1411,585.95,757.68,43.7,20.81,5.52,0.0
20230817:1511,466.22,594.02,36.86,21.04,5.72,0.0
20230817:1611,309.48,395.56,28.74,20.73,5.59,0.0
20230817:1711,205.96,284.94,19.98,20.04,5.24,0.0
20230817:1811,42.72,86.09,11.08,19.07,5.31,0.0
20230817:1911,2.49,11.37,2.42,17.28,5.1,0.0
20230817:2011,0.0,0.0,0.0,15.83,5.38,0.0
20230817:2111,0.0,0.0,0.0,14.88,5.52,0.0
20230817:2211,0.0,0.0,0.0,14.28,5.31,0.0
20230817:2311,0.0,0.0,0.0,13.89,5.1,0.0
20230818:0011,0.0,0.0,0.0,13.65,4.9,0.0
20230818:0111,0.0,0.0,0.0,13.19,4.83,0.0
20230818:0211,0.0,0.0,0.0,13.2,4.83,0.0
20230818:0311,0.0,0.0,0.0,13.17,4.9,0.0
20230818:0411,0.0,0.0,0.0,13.27,5.03,0.0
20230818:0511,0.0,1.75,1.67,13.74,5.1,0.0
20230818:0611,21.58,39.87,10.3,14.35,5.24,0.0
20230818:0711,24.36,43.57,19.21,14.47,5.03,0.0
20230818:0811,62.97,91.78,27.98,14.79,4.9,0.0
20230818:0911,87.56,121.45,36.14,15.29,4.9,0.0
20230818:1011,248.2,312.31,43.06,16.28,5.79,0.0
20230818:1111,84.41,118.67,47.87,17.62,6.48,0.0
20230818:1211,157.39,206.74,49.68,18.28,5.24,0.0
20230818:1311,110.19,150.19,48.06,18.35,5.24,0.0
20230818:1411,134.67,179.86,43.39,18.56,4.76,0.0
20230818:1511,327.1,411.33,36.56,19.14,6.28,0.0
20230818:1611,110.78,151.14,28.45,18.84,5.45,0.0
20230818:1711,50.54,77.88,19.7,18.77,5.72,0.0
20230818:1811,15.76,32.45,10.79,18.64,5.93,0.0
20230818:1911,0.0,1.75,2.13,18.07,6.14,0.0
20230818:2011,0.0,0.0,0.0,17.93,6.34,0.0
20230818:2111,0.0,0.0,0.0,17.72,6.62,0.0
20230818:2211,0.0,0.0,0.0,17.55,6.62,0.0
20230818:2311,0.0,0.0,0.0,17.7,6.69,0.0
20230819:0011,0.0,0.0,0.0,18.12,6.76,0.0
20230819:0111,0.0,0.0,0.0,19.23,6.76,0.0
20230819:0211,0.0,0.0,0.0,19.31,6.69,0.0
20230819:0311,0.0,0.0,0.0,18.53,5.93,0.0
20230819:0411,0.0,0.0,0.0,17.42,5.72,0.0
20230819:0511,0.0,0.87,1.43,16.42,5.72,0.0
20230819:0611,40.67,71.59,10.08,16.37,5.59,0.0
20230819:0711,84.4,119.2,18.99,17.23,6.0,0.0
20230819:0811,100.82,138.45,27.75,17.99,6.97,0.0
20230819:0911,205.8,263.44,35.9,18.78,7.79,0.0
20230819:1011,108.23,148.34,42.79,19.82,7.79,0.0
20230819:1111,747.37,976.07,47.57,20.25,6.9,0.0
20230819:1211,153.24,203.04,49.36,20.48,7.31,0.0
20230819:1311,378.99,479.29,47.73,20.9,7.31,0.0
20230819:1411,313.52,398.26,43.07,21.19,7.03,0.0
20230819:1511,310.69,395.0,36.26,21.42,6.62,0.0
20230819:1611,231.73,299.39,28.15,21.26,6.07,0.0
20230819:1711,101.39,142.58,19.41,20.75,5.38,0.0
20230819:1811,42.64,73.12,10.5,19.94,4.62,0.0
20230819:1911,0.0,0.87,1.83,18.78,4.0,0.0
20230819:2011,0.0,0.0,0.0,17.85,3.79,0.0
20230819:2111,0.0,0.0,0.0,16.99,3.66,0.0
20230819:2211,0.0,0.0,0.0,16.21,3.52,0.0
20230819:2311,0.0,0.0,0.0,15.65,3.45,0.0
20230820:0011,0.0,0.0,0.0,15.21,3.52,0.0
20230820:0111,0.0,0.0,0.0,14.74,3.38,0.0
20230820:0211,0.0,0.0,0.0,14.45,2.97,0.0
20230820:0311,0.0,0.0,0.0,14.37,2.9,0.0
20230820:0411,0.0,0.0,0.0,14.33,2.83,0.0
20230820:0511,0.0,0.0,0.0,13.99,2.69,0.0
20230820:0611,39.46,69.07,9.86,14.39,2.62,0.0
20230820:0711,124.58,169.67,18.76,15.68,4.21,0.0
20230820:0811,158.9,207.34,27.52,16.73,4.34,0.0
20230820:0911,320.92,403.7,35.65,17.55,4.48,0.0
20230820:1011,437.01,553.24,42.51,18.41,4.62,0.0
20230820:1111,464.53,592.36,47.27,19.46,4.9,0.0
20230820:1211,664.93,871.74,49.03,20.17,5.31,0.0
20230820:1311,93.02,130.72,47.4,20.48,5.38,0.0
20230820:1411,666.21,875.79,42.75,20.67,4.97,0.0
20230820:1511,319.88,409.33,35.95,20.86,4.28,0.0
20230820:1611,317.97,409.9,27.85,20.69,3.72,0.0
20230820:1711,164.23,227.5,19.11,20.6,3.59,0.0
20230820:1811,40.75,78.44,10.2,19.88,2.76,0.0
20230820:1911,0.0,2.62,1.53,18.67,2.14,0.0
20230820:2011,0.0,0.0,0.0,17.12,2.21,0.0
20230820:2111,0.0,0.0,0.0,16.04,2.28,0.0
20230820:2211,0.0,0.0,0.0,15.17,2.34,0.0
20230820:2311,0.0,0.0,0.0,14.38,2.41,0.0
20230821:0011,0.0,0.0,0.0,13.82,2.48,0.0
20230821:0111,0.0,0.0,0.0,13.21,2.48,0.0
20230821:0211,0.0,0.0,0.0,12.75,2.48,0.0
20230821:0311,0.0,0.0,0.0,12.33,2.55,0.0
20230821:0411,0.0,0.0,0.0,11.99,2.55,0.0
20230821:0511,0.0,0.0,0.0,11.81,2.62,0.0
20230821:0611,33.31,68.87,9.63,12.26,2.62,0.0
20230821:0711,188.14,257.77,18.54,14.19,3.52,0.0
20230821:0811,370.15,463.17,27.29,15.61,4.97,0.0
20230821:0911,410.59,512.37,35.4,17.08,5.38,0.0
20230821:1011,579.17,740.17,42.24,18.45,5.24,0.0
20230821:1111,414.87,526.57,46.96,19.2,4.9,0.0
20230821:1211,586.53,763.69,48.7,19.65,4.41,0.0
20230821:1311,697.2,914.34,47.06,20.15,5.66,0.0
20230821:1411,181.8,238.14,42.42,20.74,6.0,0.0
20230821:1511,310.6,395.96,35.63,20.91,5.24,0.0
20230821:1611,310.68,398.63,27.55,20.66,4.69,0.0
20230821:1711,109.44,153.05,18.81,20.36,4.48,0.0
20230821:1811,37.73,65.13,9.9,19.88,4.48,0.0
20230821:1911,0.0,0.87,1.22,18.45,4.28,0.0
20230821:2011,0.0,0.0,0.0,17.54,3.72,0.0
20230821:2111,0.0,0.0,0.0,16.95,3.59,0.0
20230821:2211,0.0,0.0,0.0,16.54,3.79,0.0
20230821:2311,0.0,0.0,0.0,16.21,4.0,0.0
20230822:0011,0.0,0.0,0.0,16.28,4.14,0.0
20230822:0111,0.0,0.0,0.0,16.1,4.0,0.0
20230822:0211,0.0,0.0,0.0,16.0,3.93,0.0
20230822:0311,0.0,0.0,0.0,15.74,4.0,0.0
20230822:0411,0.0,0.0,0.0,15.53,4.07,0.0
20230822:0511,0.0,0.0,0.0,15.47,4.14,0.0
20230822:0611,29.93,67.65,9.4,15.29,3.86,0.0
20230822:0711,96.63,134.33,18.31,16.08,4.21,0.0
20230822:0811,192.2,246.43,27.05,16.56,5.17,0.0
20230822:0911,135.14,178.93,35.15,17.11,5.66,0.0
20230822:1011,146.66,193.35,41.96,17.9,5.66,0.0
20230822:1111,110.84,151.12,46.65,18.59,5.31,0.0
20230822:1211,155.17,204.89,48.37,19.2,5.31,0.0
20230822:1311,125.63,169.66,46.72,19.71,5.45,0.0
20230822:1411,73.53,106.62,42.09,19.63,4.76,0.0
20230822:1511,133.99,179.86,35.31,19.81,5.03,0.0
20230822:1611,269.24,345.09,27.24,19.72,4.55,0.0
20230822:1711,117.09,162.81,18.51,19.44,3.93,0.0
20230822:1811,31.79,55.44,9.6,18.67,2.97,0.0
20230822:1911,0.0,0.0,0.0,17.55,2.76,0.0
20230822:2011,0.0,0.0,0.0,16.74,2.48,0.0
20230822:2111,0.0,0.0,0.0,15.96,2.41,0.0
20230822:2211,0.0,0.0,0.0,15.43,2.21,0.0
20230822:2311,0.0,0.0,0.0,14.5,2.14,0.0
20230823:0011,0.0,0.0,0.0,13.94,2.0,0.0
20230823:0111,0.0,0.0,0.0,13.46,2.07,0.0
20230823:0211,0.0,0.0,0.0,13.51,2.0,0.0
20230823:0311,0.0,0.0,0.0,13.34,1.93,0.0
20230823:0411,0.0,0.0,0.0,13.55,1.72,0.0
20230823:0511,0.0,0.0,0.0,13.79,1.66,0.0
20230823:0611,14.13,29.67,9.17,14.33,2.34,0.0
20230823:0711,86.07,120.86,18.08,14.63,2.07,0.0
20230823:0811,129.55,172.11,26.81,15.04,1.79,0.0
20230823:0911,296.27,375.54,34.89,16.37,2.21,0.0
20230823:1011,348.0,441.95,41.67,17.65,2.97,0.0
20230823:1111,386.85,493.54,46.34,18.39,3.24,0.0
20230823:1211,301.17,385.67,48.03,18.96,3.17,0.0
20230823:1311,177.56,233.83,46.38,19.78,3.1,0.0
20230823:1411,97.56,136.28,41.75,19.69,2.9,0.0
20230823:1511,81.6,116.82,34.99,19.65,2.62,0.0
20230823:1611,84.64,120.52,26.93,19.51,2.34,0.0
20230823:1711,22.35,41.72,18.2,19.23,2.07,0.0
20230823:1811,5.95,17.62,9.29,18.77,1.86,0.0
20230823:1911,0.0,0.0,0.0,18.29,1.45,0.0
20230823:2011,0.0,0.0,0.0,17.83,1.52,0.0
20230823:2111,0.0,0.0,0.0,17.6,1.59,0.0
20230823:2211,0.0,0.0,0.0,17.34,1.72,0.0
20230823:2311,0.0,0.0,0.0,16.94,1.86,0.0
20230824:0011,0.0,0.0,0.0,16.39,2.07,0.0
20230824:0111,0.0,0.0,0.0,15.68,2.34,0.0
20230824:0211,0.0,0.0,0.0,15.28,2.34,0.0
20230824:0311,0.0,0.0,0.0,14.95,2.21,0.0
20230824:0411,0.0,0.0,0.0,14.88,2.0,0.0
20230824:0511,0.0,0.0,0.0,14.72,1.79,0.0
20230824:0611,27.23,48.24,8.94,14.71,1.52,0.0
20230824:0711,33.4,55.63,17.85,15.87,2.55,0.0
20230824:0811,106.37,144.82,26.58,16.05,2.48,0.0
20230824:0911,83.73,117.74,34.64,16.35,2.76,0.0
20230824:1011,138.64,183.57,41.39,16.24,2.76,0.0
20230824:1111,83.65,117.74,46.02,16.68,3.1,0.0
20230824:1211,59.16,88.08,47.69,16.93,3.31,0.0
20230824:1311,189.39,245.22,46.03,17.36,3.52,0.0
20230824:1411,342.97,433.26,41.41,17.51,3.72,0.0
20230824:1511,377.46,474.09,34.67,17.0,4.0,0.0
20230824:1611,318.84,401.81,26.61,16.47,4.28,0.0
20230824:1711,187.37,258.5,17.89,15.49,3.93,0.0
20230824:1811,29.92,66.67,8.98,14.8,3.31,0.0
20230824:1911,0.0,0.0,0.0,14.1,2.62,0.0
20230824:2011,0.0,0.0,0.0,12.87,2.21,0.0
20230824:2111,0.0,0.0,0.0,12.1,2.07,0.0
20230824:2211,0.0,0.0,0.0,11.53,2.0,0.0
20230824:2311,0.0,0.0,0.0,11.05,2.07,0.0
20230825:0011,0.0,0.0,0.0,10.88,2.14,0.0
20230825:0111,0.0,0.0,0.0,10.84,2.28,0.0
20230825:0211,0.0,0.0,0.0,10.86,2.21,0.0
20230825:0311,0.0,0.0,0.0,10.79,2.14,0.0
20230825:0411,0.0,0.0,0.0,10.95,2.0,0.0
20230825:0511,0.0,0.0,0.0,11.16,2.0,0.0
20230825:0611,24.77,44.24,8.71,11.69,2.07,0.0
20230825:0711,128.29,173.59,17.62,12.38,2.07,0.0
20230825:0811,342.85,429.36,26.34,13.12,2.62,0.0
20230825:0911,300.3,374.61,34.38,14.0,2.97,0.0
20230825:1011,300.72,377.68,41.1,14.81,2.76,0.0
20230825:1111,293.11,370.21,45.7,15.91,3.03,0.0
20230825:1211,443.25,560.19,47.35,15.67,3.31,0.0
20230825:1311,152.99,200.25,45.68,15.88,3.17,0.0
20230825:1411,83.56,116.82,41.07,15.03,3.1,0.0
20230825:1511,58.09,86.22,34.34,15.32,2.97,0.0
20230825:1611,180.04,231.59,26.29,14.59,2.55,0.0
20230825:1711,135.86,185.45,17.57,14.52,2.07,0.0
20230825:1811,29.56,51.62,8.66,13.88,2.34,0.0
20230825:1911,0.0,0.0,0.0,13.83,1.93,0.0
20230825:2011,0.0,0.0,0.0,12.83,2.14,0.0
20230825:2111,0.0,0.0,0.0,12.01,2.21,0.0
20230825:2211,0.0,0.0,0.0,11.79,2.07,0.0
20230825:2311,0.0,0.0,0.0,11.57,1.93,0.0
20230826:0011,0.0,0.0,0.0,11.61,1.93,0.0
20230826:0111,0.0,0.0,0.0,11.23,2.0,0.0
20230826:0211,0.0,0.0,0.0,11.28,2.14,0.0
20230826:0311,0.0,0.0,0.0,11.36,2.14,0.0
20230826:0411,0.0,0.0,0.0,11.52,2.0,0.0
20230826:0511,0.0,0.0,0.0,11.41,2.14,0.0
20230826:0611,1.1,8.34,8.48,11.41,1.93,0.0
20230826:0711,7.97,20.4,17.39,12.0,2.48,0.0
20230826:0811,40.63,63.97,26.1,12.59,2.55,0.0
20230826:0911,396.0,497.08,34.12,13.81,2.07,0.0
20230826:1011,516.23,663.68,40.81,14.88,2.0,0.0
20230826:1111,82.62,115.89,45.38,15.11,2.28,0.0
20230826:1211,132.7,176.15,47.01,15.63,2.34,0.0
20230826:1311,516.42,662.09,45.33,15.73,2.76,0.0
20230826:1411,160.52,209.72,40.73,16.45,3.17,0.0
20230826:1511,66.22,96.42,34.0,16.29,3.59,0.0
20230826:1611,52.6,79.73,25.97,16.17,3.52,0.0
20230826:1711,109.77,151.47,17.25,15.57,3.79,0.0
20230826:1811,30.77,61.33,8.35,14.91,3.17,0.0
20230826:1911,0.0,0.0,0.0,14.0,2.14,0.0
20230826:2011,0.0,0.0,0.0,13.25,1.93,0.0
20230826:2111,0.0,0.0,0.0,12.56,2.07,0.0
20230826:2211,0.0,0.0,0.0,12.19,2.0,0.0
20230826:2311,0.0,0.0,0.0,11.75,1.79,0.0
20230827:0011,0.0,0.0,0.0,11.34,1.72,0.0
20230827:0111,0.0,0.0,0.0,10.84,1.86,0.0
20230827:0211,0.0,0.0,0.0,10.87,1.93,0.0
20230827:0311,0.0,0.0,0.0,10.66,2.0,0.0
20230827:0411,0.0,0.0,0.0,10.6,1.93,0.0
20230827:0511,0.0,0.0,0.0,10.57,1.66,0.0
20230827:0611,10.49,24.1,8.25,10.91,1.31,0.0
20230827:0711,39.88,63.04,17.16,12.66,2.69,0.0
20230827:0811,24.46,43.57,25.85,13.46,2.69,0.0
20230827:0911,135.5,178.11,33.85,14.39,3.1,0.0
20230827:1011,184.85,236.21,40.52,14.72,4.34,0.0
20230827:1111,130.48,172.44,45.06,15.53,5.03,0.0
20230827:1211,192.07,245.67,46.66,15.7,4.97,0.0
20230827:1311,156.8,203.96,44.98,15.97,5.17,0.0
20230827:1411,264.77,331.6,40.38,15.82,5.38,0.0
20230827:1511,152.38,198.25,33.66,15.79,5.45,0.0
20230827:1611,124.02,164.67,25.64,15.53,5.31,0.0
20230827:1711,45.36,70.46,16.93,15.38,5.03,0.0
20230827:1811,7.85,20.4,8.02,14.82,4.34,0.0
20230827:1911,0.0,0.0,0.0,14.16,3.45,0.0
20230827:2011,0.0,0.0,0.0,13.61,2.9,0.0
20230827:2111,0.0,0.0,0.0,13.08,2.48,0.0
20230827:2211,0.0,0.0,0.0,12.79,2.14,0.0
20230827:2311,0.0,0.0,0.0,12.48,2.0,0.0
20230828:0011,0.0,0.0,0.0,12.3,2.0,0.0
20230828:0111,0.0,0.0,0.0,12.11,2.0,0.0
20230828:0211,0.0,0.0,0.0,12.22,1.93,0.0
20230828:0311,0.0,0.0,0.0,12.11,2.0,0.0
20230828:0411,0.0,0.0,0.0,12.15,2.21,0.0
20230828:0511,0.0,0.0,0.0,11.92,2.55,0.0
20230828:0611,29.87,56.58,8.01,12.14,2.62,0.0
20230828:0711,74.62,105.94,16.92,12.97,2.55,0.0
20230828:0811,145.86,189.81,25.61,13.78,3.17,0.0
20230828:0911,293.79,365.81,33.59,14.73,4.07,0.0
20230828:1011,102.95,139.99,40.23,15.62,4.55,0.0
20230828:1111,464.18,581.52,44.73,15.83,4.69,0.0
20230828:1211,394.94,493.45,46.31,16.15,4.9,0.0
20230828:1311,95.14,130.72,44.62,15.71,4.69,0.0
20230828:1411,362.25,451.56,40.02,16.03,4.76,0.0
20230828:1511,154.75,201.63,33.32,16.24,4.9,0.0
20230828:1611,185.05,237.44,25.31,15.85,4.76,0.0
20230828:1711,40.11,63.97,16.61,15.44,4.07,0.0
20230828:1811,21.54,40.75,7.7,15.03,3.17,0.0
20230828:1911,0.0,0.0,0.0,14.21,2.48,0.0
20230828:2011,0.0,0.0,0.0,13.36,2.28,0.0
20230828:2111,0.0,0.0,0.0,12.97,2.0,0.0
20230828:2211,0.0,0.0,0.0,12.67,1.86,0.0
20230828:2311,0.0,0.0,0.0,12.46,1.86,0.0
20230829:0011,0.0,0.0,0.0,11.89,2.0,0.0
20230829:0111,0.0,0.0,0.0,11.7,2.14,0.0
20230829:0211,0.0,0.0,0.0,11.65,2.14,0.0
20230829:0311,0.0,0.0,0.0,11.89,2.07,0.0
20230829:0411,0.0,0.0,0.0,12.03,2.07,0.0
20230829:0511,0.0,0.0,0.0,12.09,2.0,0.0
20230829:0611,20.48,38.75,7.77,12.48,2.07,0.0
20230829:0711,54.77,81.78,16.68,13.66,2.21,0.0
20230829:0811,132.6,174.67,25.36,14.45,3.17,0.0
20230829:0911,248.58,312.49,33.32,14.7,3.24,0.0
20230829:1011,259.72,327.4,39.93,15.63,3.59,0.0
20230829:1111,194.25,248.82,44.4,15.79,4.14,0.0
20230829:1211,173.87,224.98,45.95,16.14,4.07,0.0
20230829:1311,398.66,501.86,44.25,16.07,3.52,0.0
20230829:1411,439.72,554.01,39.67,16.24,3.66,0.0
20230829:1511,268.15,337.04,32.98,16.03,4.0,0.0
20230829:1611,147.49,192.73,24.97,15.46,4.21,0.0
20230829:1711,156.35,216.21,16.28,14.96,4.07,0.0
20230829:1811,26.46,50.31,7.37,14.27,3.59,0.0
20230829:1911,0.0,0.0,0.0,13.68,3.17,0.0
20230829:2011,0.0,0.0,0.0,13.11,2.97,0.0
20230829:2111,0.0,0.0,0.0,12.97,3.03,0.0
20230829:2211,0.0,0.0,0.0,12.36,3.03,0.0
20230829:2311,0.0,0.0,0.0,12.02,3.03,0.0
20230830:0011,0.0,0.0,0.0,11.7,2.97,0.0
20230830:0111,0.0,0.0,0.0,11.34,3.03,0.0
20230830:0211,0.0,0.0,0.0,11.58,3.24,0.0
20230830:0311,0.0,0.0,0.0,11.49,3.24,0.0
20230830:0411,0.0,0.0,0.0,11.2,3.31,0.0
20230830:0511,0.0,0.0,0.0,10.94,3.1,0.0
20230830:0611,24.37,44.85,7.54,11.17,3.31,0.0
20230830:0711,97.27,133.68,16.45,11.86,3.31,0.0
20230830:0811,190.33,240.72,25.11,12.76,4.07,0.0
20230830:0911,434.63,538.68,33.05,13.68,3.86,0.0
20230830:1011,643.84,822.16,39.63,14.35,4.07,0.0
20230830:1111,721.59,939.38,44.07,15.45,4.41,0.0
20230830:1211,784.15,1033.98,45.6,16.15,4.83,0.0
20230830:1311,584.8,741.24,43.89,16.39,5.24,0.0
20230830:1411,424.63,529.84,39.31,16.52,5.17,0.0
20230830:1511,290.14,362.81,32.63,16.49,5.1,0.0
20230830:1611,320.78,403.09,24.64,15.98,4.76,0.0
20230830:1711,164.22,229.3,15.95,15.22,3.93,0.0
20230830:1811,19.55,49.15,7.04,14.71,3.31,0.0
20230830:1911,0.0,0.0,0.0,13.57,2.69,0.0
20230830:2011,0.0,0.0,0.0,12.75,2.21,0.0
20230830:2111,0.0,0.0,0.0,12.1,1.93,0.0
20230830:2211,0.0,0.0,0.0,11.47,1.79,0.0
20230830:2311,0.0,0.0,0.0,11.08,1.66,0.0
20230831:0011,0.0,0.0,0.0,10.19,1.52,0.0
20230831:0111,0.0,0.0,0.0,9.84,1.45,0.0
20230831:0211,0.0,0.0,0.0,9.31,1.52,0.0
20230831:0311,0.0,0.0,0.0,9.15,1.38,0.0
20230831:0411,0.0,0.0,0.0,8.63,1.52,0.0
20230831:0511,0.0,0.0,0.0,8.16,1.59,0.0
20230831:0611,11.94,25.96,7.3,8.28,1.52,0.0
20230831:0711,68.19,97.64,16.21,11.07,1.03,0.0
20230831:0811,284.84,359.99,24.86,13.5,1.45,0.0
20230831:0911,286.53,360.56,32.78,14.97,2.28,0.0
20230831:1011,576.2,744.34,39.33,15.72,2.76,0.0
20230831:1111,408.86,517.89,43.73,16.73,3.17,0.0
20230831:1211,625.5,816.98,45.24,17.04,3.45,0.0
20230831:1311,168.65,220.06,43.52,17.19,3.45,0.0
20230831:1411,133.65,178.0,38.95,17.13,3.38,0.0
20230831:1511,114.93,155.37,32.28,16.94,3.38,0.0
20230831:1611,174.31,226.32,24.3,16.51,3.17,0.0
20230831:1711,129.56,181.55,15.61,16.03,2.69,0.0
20230831:1811,3.9,13.91,6.7,15.09,2.76,0.0
20230831:1911,0.0,0.0,0.0,14.46,2.28,0.0
20230831:2011,0.0,0.0,0.0,13.88,2.0,0.0
20230831:2111,0.0,0.0,0.0,13.57,2.0,0.0
20230831:2211,0.0,0.0,0.0,13.52,2.21,0.0
20230831:2311,0.0,0.0,0.0,13.49,2.28,0.0
20230901:0011,0.0,0.0,0.0,13.58,2.34,0.0
20230901:0111,0.0,0.0,0.0,13.53,2.21,0.0
20230901:0211,0.0,0.0,0.0,13.56,2.0,0.0
20230901:0311,0.0,0.0,0.0,13.59,1.72,0.0
20230901:0411,0.0,0.0,0.0,13.52,1.52,0.0
20230901:0511,0.0,0.0,0.0,13.47,1.52,0.0
20230901:0611,24.31,50.62,7.06,13.54,1.45,0.0
20230901:0711,170.42,235.91,15.97,13.63,1.86,0.0
20230901:0811,363.63,462.62,24.61,14.45,1.66,0.0
20230901:0911,492.3,637.9,32.51,15.48,1.17,0.0
20230901:1011,430.98,557.35,39.03,16.24,0.97,0.0
20230901:1111,376.86,485.65,43.4,17.34,1.31,0.0
20230901:1211,433.85,566.13,44.88,18.58,1.45,0.0
20230901:1311,189.28,248.7,43.15,18.84,1.38,0.0
20230901:1411,230.44,299.71,38.59,19.05,1.38,0.0
20230901:1511,135.58,183.08,31.93,19.34,1.17,0.0
20230901:1611,114.89,157.75,23.95,19.21,1.1,0.0
20230901:1711,72.71,107.17,15.27,18.87,1.24,0.0
20230901:1811,17.03,35.26,6.36,18.2,2.14,0.0
20230901:1911,0.0,0.0,0.0,17.03,2.55,0.0
20230901:2011,0.0,0.0,0.0,16.28,2.9,0.0
20230901:2111,0.0,0.0,0.0,15.84,2.97,0.0
20230901:2211,0.0,0.0,0.0,15.33,2.9,0.0
20230901:2311,0.0,0.0,0.0,15.03,2.76,0.0
20230902:0011,0.0,0.0,0.0,14.78,2.62,0.0
20230902:0111,0.0,0.0,0.0,14.53,2.62,0.0
20230902:0211,0.0,0.0,0.0,14.13,2.69,0.0
20230902:0311,0.0,0.0,0.0,13.69,2.62,0.0
20230902:0411,0.0,0.0,0.0,13.65,2.41,0.0
20230902:0511,0.0,0.0,0.0,13.46,2.28,0.0
20230902:0611,22.89,48.31,6.82,13.66,1.93,0.0
20230902:0711,160.29,223.17,15.72,14.95,1.59,0.0
20230902:0811,361.91,462.56,24.36,16.45,2.28,0.0
20230902:0911,514.22,669.78,32.23,17.53,1.86,0.0
20230902:1011,404.58,522.05,38.72,18.38,1.79,0.0
20230902:1111,579.44,778.88,43.06,19.19,1.66,0.0
20230902:1211,463.38,612.28,44.51,19.65,1.31,0.0
20230902:1311,496.31,662.12,42.78,20.31,1.31,0.0
20230902:1411,428.91,562.07,38.22,20.49,1.66,0.0
20230902:1511,305.67,396.73,31.57,20.59,1.59,0.0
20230902:1611,304.77,399.83,23.61,20.61,1.52,0.0
20230902:1711,136.46,198.47,14.93,20.36,1.38,0.0
20230902:1811,17.72,39.73,6.02,19.65,1.03,0.0
20230902:1911,0.0,0.0,0.0,18.43,1.17,0.0
20230902:2011,0.0,0.0,0.0,18.75,0.69,0.0
20230902:2111,0.0,0.0,0.0,18.26,0.21,0.0
20230902:2211,0.0,0.0,0.0,17.68,0.69,0.0
20230902:2311,0.0,0.0,0.0,14.6,1.59,0.0
20230903:0011,0.0,0.0,0.0,13.44,1.93,0.0
20230903:0111,0.0,0.0,0.0,12.94,1.86,0.0
20230903:0211,0.0,0.0,0.0,13.31,1.31,0.0
20230903:0311,0.0,0.0,0.0,13.04,1.31,0.0
20230903:0411,0.0,0.0,0.0,11.81,1.72,0.0
20230903:0511,0.0,0.0,0.0,11.28,1.86,0.0
20230903:0611,22.61,48.09,6.58,11.18,1.79,0.0
20230903:0711,164.89,228.92,15.48,13.31,0.97,0.0
20230903:0811,355.14,459.13,24.1,16.14,0.83,0.0
20230903:0911,522.9,690.41,31.96,17.92,1.24,0.0
20230903:1011,643.22,877.85,38.42,19.26,1.66,0.0
20230903:1111,691.27,956.96,42.72,20.31,2.07,0.0
20230903:1211,699.93,971.32,44.15,21.12,2.34,0.0
20230903:1311,682.21,943.95,42.41,21.66,2.34,0.0
20230903:1411,574.92,774.45,37.85,22.04,2.28,0.0
20230903:1511,479.06,633.06,31.21,22.27,2.28,0.0
20230903:1611,317.55,418.6,23.26,22.19,2.07,0.0
20230903:1711,146.96,218.13,14.59,21.86,1.31,0.0
20230903:1811,12.93,32.88,5.68,20.87,0.62,0.0
20230903:1911,0.0,0.0,0.0,18.79,1.52,0.0
20230903:2011,0.0,0.0,0.0,16.65,1.93,0.0
20230903:2111,0.0,0.0,0.0,15.08,2.0,0.0
20230903:2211,0.0,0.0,0.0,14.26,2.0,0.0
20230903:2311,0.0,0.0,0.0,13.89,2.07,0.0
20230904:0011,0.0,0.0,0.0,13.86,2.07,0.0
20230904:0111,0.0,0.0,0.0,13.64,2.14,0.0
20230904:0211,0.0,0.0,0.0,13.48,2.21,0.0
20230904:0311,0.0,0.0,0.0,13.37,2.21,0.0
20230904:0411,0.0,0.0,0.0,13.19,2.28,0.0
20230904:0511,0.0,0.0,0.0,13.07,2.28,0.0
20230904:0611,20.21,47.45,6.33,13.09,2.14,0.0
20230904:0711,169.22,236.76,15.24,14.72,1.72,0.0
20230904:0811,356.16,461.38,23.85,18.14,1.66,0.0
20230904:0911,223.16,290.98,31.68,20.36,1.93,0.0
20230904:1011,612.11,829.03,38.11,21.89,2.41,0.0
20230904:1111,678.08,939.73,42.38,23.01,2.62,0.0
20230904:1211,697.43,979.66,43.78,23.89,2.55,0.0
20230904:1311,691.44,975.76,42.03,24.59,2.41,0.0
20230904:1411,620.9,863.3,37.48,25.05,2.14,0.0
20230904:1511,484.9,655.66,30.85,25.29,1.86,0.0
20230904:1611,323.0,434.65,22.91,25.25,1.59,0.0
20230904:1711,142.69,215.96,14.24,24.88,1.45,0.0
20230904:1811,12.18,30.95,5.33,23.78,1.66,0.0
20230904:1911,0.0,0.0,0.0,21.75,2.55,0.0
20230904:2011,0.0,0.0,0.0,19.91,2.62,0.0
20230904:2111,0.0,0.0,0.0,18.91,2.69,0.0
20230904:2211,0.0,0.0,0.0,18.06,2.69,0.0
20230904:2311,0.0,0.0,0.0,17.27,2.69,0.0
20230905:0011,0.0,0.0,0.0,16.56,2.55,0.0
20230905:0111,0.0,0.0,0.0,15.68,2.48,0.0
20230905:0211,0.0,0.0,0.0,15.06,2.48,0.0
20230905:0311,0.0,0.0,0.0,14.59,2.55,0.0
20230905:0411,0.0,0.0,0.0,14.18,2.69,0.0
20230905:0511,0.0,0.0,0.0,13.83,2.9,0.0
20230905:0611,19.73,44.72,6.09,13.75,2.97,0.0
20230905:0711,169.85,237.48,14.99,15.02,2.55,0.0
20230905:0811,365.62,467.72,23.59,17.19,2.69,0.0
20230905:0911,535.33,691.96,31.4,19.06,3.45,0.0
20230905:1011,635.37,836.19,37.8,20.33,4.14,0.0
20230905:1111,699.52,933.65,42.03,21.35,4.69,0.0
20230905:1211,719.92,966.72,43.41,22.27,5.03,0.0
20230905:1311,716.85,963.48,41.65,22.99,5.17,0.0
20230905:1411,644.04,852.8,37.1,23.4,5.24,0.0
20230905:1511,494.63,640.7,30.49,23.43,5.24,0.0
20230905:1611,323.23,421.42,22.55,23.0,4.76,0.0
20230905:1711,136.13,201.54,13.89,22.17,4.28,0.0
20230905:1811,11.88,29.11,4.99,20.78,4.0,0.0
20230905:1911,0.0,0.0,0.0,19.28,3.86,0.0
20230905:2011,0.0,0.0,0.0,17.98,3.72,0.0
20230905:2111,0.0,0.0,0.0,17.0,3.59,0.0
20230905:2211,0.0,0.0,0.0,16.17,3.45,0.0
20230905:2311,0.0,0.0,0.0,15.49,3.24,0.0
20230906:0011,0.0,0.0,0.0,14.85,3.03,0.0
20230906:0111,0.0,0.0,0.0,14.44,2.83,0.0
20230906:0211,0.0,0.0,0.0,14.07,2.69,0.0
20230906:0311,0.0,0.0,0.0,13.81,2.55,0.0
20230906:0411,0.0,0.0,0.0,13.68,2.41,0.0
20230906:0511,0.0,0.0,0.0,13.63,2.21,0.0
20230906:0611,15.82,33.43,5.85,13.66,1.93,0.0
20230906:0711,139.59,195.23,14.74,15.36,1.93,0.0
20230906:0811,318.65,408.89,23.33,17.04,1.79,0.0
20230906:0911,478.98,628.09,31.11,19.2,1.52,0.0
20230906:1011,570.72,779.17,37.48,21.23,1.17,0.0
20230906:1111,631.09,885.18,41.68,22.77,1.31,0.0
20230906:1211,652.21,924.26,43.03,23.95,1.52,0.0
20230906:1311,565.47,783.01,41.27,24.82,1.59,0.0
20230906:1411,554.85,769.38,36.73,25.33,1.38,0.0
20230906:1511,382.88,514.08,30.12,25.54,1.17,0.0
20230906:1611,207.29,281.25,22.2,25.46,0.83,0.0
20230906:1711,83.32,127.03,13.54,25.16,0.41,0.0
20230906:1811,5.21,16.69,4.63,24.39,0.62,0.0
20230906:1911,0.0,0.0,0.0,22.17,1.45,0.0
20230906:2011,0.0,0.0,0.0,20.31,1.72,0.0
20230906:2111,0.0,0.0,0.0,19.11,1.93,0.0
20230906:2211,0.0,0.0,0.0,18.5,2.0,0.0
20230906:2311,0.0,0.0,0.0,18.33,2.14,0.0
20230907:0011,0.0,0.0,0.0,18.29,2.28,0.0
20230907:0111,0.0,0.0,0.0,18.0,2.34,0.0
20230907:0211,0.0,0.0,0.0,17.78,2.41,0.0
20230907:0311,0.0,0.0,0.0,17.58,2.48,0.0
20230907:0411,0.0,0.0,0.0,17.52,2.48,0.0
20230907:0511,0.0,0.0,0.0,17.42,2.48,0.0
20230907:0611,2.84,12.05,5.6,17.37,2.28,0.0
20230907:0711,58.26,88.13,14.5,18.05,2.28,0.0
20230907:0811,73.11,106.23,23.07,19.08,2.0,0.0
20230907:0911,383.33,496.73,30.83,20.64,2.07,0.0
20230907:1011,434.47,572.14,37.17,22.34,2.07,0.0
20230907:1111,580.79,788.9,41.34,22.77,2.21,0.0
20230907:1211,625.48,858.74,42.66,24.16,2.76,0.0
20230907:1311,623.07,860.3,40.88,25.01,2.62,0.0
20230907:1411,566.08,766.27,36.35,25.25,2.97,0.0
20230907:1511,371.72,491.9,29.76,25.46,2.41,0.0
20230907:1611,178.27,241.94,21.84,25.39,2.14,0.0
20230907:1711,54.75,86.72,13.19,24.82,2.21,0.0
20230907:1811,7.72,21.22,4.28,23.5,2.41,0.0
20230907:1911,0.0,0.0,0.0,22.08,2.76,0.0
20230907:2011,0.0,0.0,0.0,20.85,2.48,0.0
20230907:2111,0.0,0.0,0.0,19.61,2.34,0.0
20230907:2211,0.0,0.0,0.0,18.52,2.34,0.0
20230907:2311,0.0,0.0,0.0,17.6,2.34,0.0
20230908:0011,0.0,0.0,0.0,16.95,2.21,0.0
20230908:0111,0.0,0.0,0.0,16.59,2.0,0.0
20230908:0211,0.0,0.0,0.0,16.37,1.86,0.0
20230908:0311,0.0,0.0,0.0,15.82,1.86,0.0
20230908:0411,0.0,0.0,0.0,15.18,1.72,0.0
20230908:0511,0.0,0.0,0.0,15.0,1.72,0.0
20230908:0611,12.04,27.9,5.35,14.89,1.45,0.0
20230908:0711,63.34,94.14,14.25,15.91,1.24,0.0
20230908:0811,132.63,178.56,22.81,18.05,0.97,0.0
20230908:0911,96.66,136.28,30.55,20.52,0.9,0.0
20230908:1011,256.7,339.16,36.85,22.51,0.83,0.0
20230908:1111,260.04,346.01,40.98,23.91,0.97,0.0
20230908:1211,375.66,503.95,42.28,24.82,1.1,0.0
20230908:1311,544.08,755.58,40.5,25.26,1.24,0.0
20230908:1411,546.39,755.58,35.97,25.75,1.52,0.0
20230908:1511,398.19,532.73,29.39,26.04,1.86,0.0
20230908:1611,262.52,353.78,21.48,25.92,1.72,0.0
20230908:1711,105.83,162.38,12.83,25.41,1.38,0.0
20230908:1811,0.58,7.42,3.93,24.38,1.24,0.0
20230908:1911,0.0,0.0,0.0,22.77,1.24,0.0
20230908:2011,0.0,0.0,0.0,20.95,1.24,0.0
20230908:2111,0.0,0.0,0.0,20.23,1.1,0.0
20230908:2211,0.0,0.0,0.0,20.27,0.83,0.0
20230908:2311,0.0,0.0,0.0,20.03,0.9,0.0
20230909:0011,0.0,0.0,0.0,19.45,1.03,0.0
20230909:0111,0.0,0.0,0.0,20.36,0.21,0.0
20230909:0211,0.0,0.0,0.0,19.19,0.9,0.0
20230909:0311,0.0,0.0,0.0,17.51,1.24,0.0
20230909:0411,0.0,0.0,0.0,17.97,0.83,0.0
20230909:0511,0.0,0.0,0.0,17.21,0.76,0.0
20230909:0611,9.48,23.95,5.11,17.34,0.34,0.0
20230909:0711,100.45,145.03,14.0,18.34,0.48,0.0
20230909:0811,323.15,428.93,22.54,20.48,0.14,0.0
20230909:0911,457.79,614.19,30.26,22.3,0.83,0.0
20230909:1011,379.31,505.69,36.53,23.39,0.83,0.0
20230909:1111,508.07,696.81,40.63,24.52,1.17,0.0
20230909:1211,648.08,911.82,41.91,25.11,2.07,0.0
20230909:1311,636.41,889.95,40.11,25.09,2.14,0.0
20230909:1411,577.86,793.8,35.58,25.16,2.14,0.0
20230909:1511,445.4,594.83,29.01,25.1,2.14,0.0
20230909:1611,242.72,324.33,21.11,24.54,2.21,0.0
20230909:1711,93.31,142.44,12.48,23.73,2.28,0.0
20230909:1811,0.0,3.71,3.57,22.57,1.66,0.0
20230909:1911,0.0,0.0,0.0,21.33,1.72,0.0
20230909:2011,0.0,0.0,0.0,20.04,1.38,0.0
20230909:2111,0.0,0.0,0.0,18.78,1.17,0.0
20230909:2211,0.0,0.0,0.0,18.23,1.1,0.0
20230909:2311,0.0,0.0,0.0,17.58,1.24,0.0
20230910:0011,0.0,0.0,0.0,16.81,1.1,0.0
20230910:0111,0.0,0.0,0.0,16.79,1.1,0.0
20230910:0211,0.0,0.0,0.0,16.63,1.1,0.0
20230910:0311,0.0,0.0,0.0,16.52,1.24,0.0
20230910:0411,0.0,0.0,0.0,16.45,1.38,0.0
20230910:0511,0.0,0.0,0.0,16.35,1.52,0.0
20230910:0611,11.8,29.51,4.86,16.3,1.59,0.0
20230910:0711,132.1,187.92,13.74,16.94,1.66,0.0
20230910:0811,140.59,188.81,22.28,19.26,1.66,0.0
20230910:0911,151.55,204.17,29.97,21.88,1.93,0.0
20230910:1011,82.96,120.52,36.21,23.49,2.28,0.0
20230910:1111,563.54,766.13,40.28,24.66,2.55,0.0
20230910:1211,433.6,576.48,41.53,24.93,2.62,0.0
20230910:1311,418.29,556.18,39.72,24.94,2.34,0.0
20230910:1411,56.01,87.15,35.2,24.57,1.24,0.0
20230910:1511,81.5,119.6,28.64,24.32,0.48,0.0
20230910:1611,37.25,62.12,20.75,22.07,1.66,0.0
20230910:1711,50.96,80.68,12.12,20.81,2.21,0.0
20230910:1811,1.01,8.34,3.21,20.05,2.21,0.0
20230910:1911,0.0,0.0,0.0,20.63,1.79,0.0
20230910:2011,0.0,0.0,0.0,19.82,1.86,0.0
20230910:2111,0.0,0.0,0.0,19.21,1.86,0.0
20230910:2211,0.0,0.0,0.0,18.81,2.0,0.0
20230910:2311,0.0,0.0,0.0,18.35,1.86,0.0
20230911:0011,0.0,0.0,0.0,17.76,1.72,0.0
20230911:0111,0.0,0.0,0.0,17.19,2.07,0.0
20230911:0211,0.0,0.0,0.0,17.36,1.93,0.0
20230911:0311,0.0,0.0,0.0,17.43,2.34,0.0
20230911:0411,0.0,0.0,0.0,17.49,2.48,0.0
20230911:0511,0.0,0.0,0.0,17.42,2.83,0.0
20230911:0611,0.28,6.49,4.61,17.15,2.97,0.0
20230911:0711,51.02,78.85,13.49,17.68,3.31,0.0
20230911:0811,257.99,328.96,22.01,17.87,4.0,0.0
20230911:0911,152.31,200.83,29.68,18.51,4.07,0.0
20230911:1011,207.43,268.43,35.89,19.17,3.59,0.0
20230911:1111,95.17,133.5,39.92,19.97,3.03,0.0
20230911:1211,126.76,172.44,41.15,20.32,2.62,0.0
20230911:1311,245.9,316.77,39.33,20.01,3.66,0.0
20230911:1411,75.38,108.47,34.81,18.44,3.66,0.0
20230911:1511,87.64,123.31,28.26,18.29,3.59,0.0
20230911:1611,46.95,73.24,20.38,17.71,2.76,0.0
20230911:1711,42.53,68.41,11.76,17.32,2.62,0.0
20230911:1811,1.91,10.2,2.85,16.59,2.21,0.0
20230911:1911,0.0,0.0,0.0,16.32,1.24,0.0
20230911:2011,0.0,0.0,0.0,15.92,1.1,0.0
20230911:2111,0.0,0.0,0.0,15.76,1.03,0.0
20230911:2211,0.0,0.0,0.0,15.65,0.97,0.0
20230911:2311,0.0,0.0,0.0,15.49,0.83,0.0
20230912:0011,0.0,0.0,0.0,15.26,0.83,0.0
20230912:0111,0.0,0.0,0.0,15.09,0.83,0.0
20230912:0211,0.0,0.0,0.0,15.0,0.83,0.0
20230912:0311,0.0,0.0,0.0,14.88,0.9,0.0
20230912:0411,0.0,0.0,0.0,14.79,1.03,0.0
20230912:0511,0.0,0.0,0.0,14.7,1.31,0.0
20230912:0611,1.94,10.2,4.36,14.6,1.59,0.0
20230912:0711,20.83,38.94,13.24,14.56,2.55,0.0
20230912:0811,112.93,151.41,21.74,14.45,2.97,0.0
20230912:0911,38.84,62.12,29.39,14.3,3.45,0.0
20230912:1011,79.29,111.25,35.56,14.25,3.66,0.0
20230912:1111,121.56,161.32,39.56,14.22,3.79,0.0
20230912:1211,73.89,104.76,40.76,14.24,3.93,0.0
20230912:1311,83.93,116.82,38.94,14.52,4.34,0.0
20230912:1411,57.72,85.29,34.43,14.28,4.21,0.0
20230912:1511,60.05,88.08,27.89,14.16,4.28,0.0
20230912:1611,130.43,171.51,20.02,13.84,4.34,0.0
20230912:1711,50.13,77.33,11.4,13.53,4.28,0.0
20230912:1811,0.0,3.5,2.49,13.11,4.21,0.0
20230912:1911,0.0,0.0,0.0,13.13,3.72,0.0
20230912:2011,0.0,0.0,0.0,12.72,3.38,0.0
20230912:2111,0.0,0.0,0.0,12.33,3.03,0.0
20230912:2211,0.0,0.0,0.0,11.69,2.76,0.0
20230912:2311,0.0,0.0,0.0,11.05,2.69,0.0
20230913:0011,0.0,0.0,0.0,10.46,2.55,0.0
20230913:0111,0.0,0.0,0.0,10.08,2.34,0.0
20230913:0211,0.0,0.0,0.0,9.72,2.21,0.0
20230913:0311,0.0,0.0,0.0,9.39,2.21,0.0
20230913:0411,0.0,0.0,0.0,9.14,2.14,0.0
20230913:0511,0.0,0.0,0.0,8.89,2.21,0.0
20230913:0611,9.33,27.13,4.11,8.72,2.21,0.0
20230913:0711,158.54,218.12,12.98,9.54,1.72,0.0
20230913:0811,346.07,432.64,21.47,11.82,2.07,0.0
20230913:0911,534.72,678.76,29.09,13.48,2.41,0.0
20230913:1011,431.09,541.95,35.24,14.83,2.76,0.0
20230913:1111,320.89,406.05,39.2,15.69,2.0,0.0
20230913:1211,406.84,520.15,40.38,16.24,1.72,0.0
20230913:1311,271.3,345.61,38.55,16.63,2.0,0.0
20230913:1411,187.73,242.87,34.04,16.63,2.28,0.0
20230913:1511,242.34,308.27,27.51,16.71,2.48,0.0
20230913:1611,181.03,235.53,19.65,16.66,2.97,0.0
20230913:1711,53.9,83.67,11.03,16.19,2.48,0.0
20230913:1811,0.49,7.0,2.13,15.33,2.34,0.0
20230913:1911,0.0,0.0,0.0,14.82,2.55,0.0
20230913:2011,0.0,0.0,0.0,14.76,2.97,0.0
20230913:2111,0.0,0.0,0.0,14.73,3.52,0.0
20230913:2211,0.0,0.0,0.0,14.94,4.07,0.0
20230913:2311,0.0,0.0,0.0,15.11,4.34,0.0
20230914:0011,0.0,0.0,0.0,14.89,4.21,0.0
20230914:0111,0.0,0.0,0.0,14.54,4.07,0.0
20230914:0211,0.0,0.0,0.0,14.26,3.93,0.0
20230914:0311,0.0,0.0,0.0,13.86,3.86,0.0
20230914:0411,0.0,0.0,0.0,13.76,3.72,0.0
20230914:0511,0.0,0.0,0.0,13.79,3.52,0.0
20230914:0611,0.0,5.56,3.86,13.83,3.1,0.0
20230914:0711,47.39,73.06,12.73,13.81,3.24,0.0
20230914:0811,71.99,102.65,21.2,14.26,2.69,0.0
20230914:0911,76.61,108.47,28.8,14.93,2.9,0.0
20230914:1011,285.02,359.7,34.91,15.99,2.55,0.0
20230914:1111,313.1,397.39,38.84,16.89,2.34,0.0
20230914:1211,155.91,205.52,40.0,17.45,2.41,0.0
20230914:1311,479.55,616.75,38.15,17.67,2.62,0.0
20230914:1411,281.52,359.07,33.65,17.73,2.14,0.0
20230914:1511,269.94,345.21,27.13,17.97,1.86,0.0
20230914:1611,171.07,225.98,19.28,18.0,1.59,0.0
20230914:1711,52.31,82.62,10.67,17.63,1.38,0.0
20230914:1811,0.0,3.5,1.77,16.87,1.24,0.0
20230914:1911,0.0,0.0,0.0,15.98,0.76,0.0
20230914:2011,0.0,0.0,0.0,15.5,1.03,0.0
20230914:2111,0.0,0.0,0.0,15.1,1.24,0.0
20230914:2211,0.0,0.0,0.0,14.62,1.17,0.0
20230914:2311,0.0,0.0,0.0,14.54,1.24,0.0
20230915:0011,0.0,0.0,0.0,14.41,1.17,0.0
20230915:0111,0.0,0.0,0.0,14.55,1.24,0.0
20230915:0211,0.0,0.0,0.0,14.71,1.59,0.0
20230915:0311,0.0,0.0,0.0,14.74,1.66,0.0
20230915:0411,0.0,0.0,0.0,14.74,1.86,0.0
20230915:0511,0.0,0.0,0.0,14.86,2.21,0.0
20230915:0611,0.0,2.78,3.6,14.89,2.48,0.0
20230915:0711,22.15,40.79,12.47,15.15,2.48,0.0
20230915:0811,168.05,217.46,20.93,15.49,3.38,0.0
20230915:0911,289.03,362.01,28.5,15.79,3.38,0.0
20230915:1011,392.81,496.5,34.58,17.0,2.97,0.0
20230915:1111,419.67,534.04,38.48,17.61,2.97,0.0
20230915:1211,501.77,646.44,39.61,18.48,3.24,0.0
20230915:1311,487.49,627.81,37.76,19.09,3.31,0.0
20230915:1411,492.48,634.58,33.26,19.54,3.38,0.0
20230915:1511,434.71,557.86,26.75,19.49,3.03,0.0
20230915:1611,252.1,328.94,18.9,19.43,2.62,0.0
20230915:1711,82.54,128.74,10.3,18.92,1.38,0.0
20230915:1811,0.0,3.5,1.4,18.17,0.48,0.0
20230915:1911,0.0,0.0,0.0,16.52,1.03,0.0
20230915:2011,0.0,0.0,0.0,14.9,1.72,0.0
20230915:2111,0.0,0.0,0.0,14.46,1.79,0.0
20230915:2211,0.0,0.0,0.0,14.0,2.0,0.0
20230915:2311,0.0,0.0,0.0,13.61,2.14,0.0
20230916:0011,0.0,0.0,0.0,13.34,2.28,0.0
20230916:0111,0.0,0.0,0.0,13.1,2.28,0.0
20230916:0211,0.0,0.0,0.0,12.75,2.28,0.0
20230916:0311,0.0,0.0,0.0,12.66,2.28,0.0
20230916:0411,0.0,0.0,0.0,12.65,2.34,0.0
20230916:0511,0.0,0.0,0.0,12.58,2.48,0.0
20230916:0611,6.35,20.83,3.35,12.6,2.69,0.0
20230916:0711,119.11,167.59,12.21,13.69,3.59,0.0
20230916:0811,185.23,235.63,20.66,14.41,5.38,0.0
20230916:0911,77.52,109.4,28.2,15.22,5.17,0.0
20230916:1011,123.68,164.88,34.25,16.26,4.97,0.0
20230916:1111,164.78,214.64,38.12,17.06,4.34,0.0
20230916:1211,332.56,418.55,39.22,17.42,4.14,0.0
20230916:1311,272.47,344.23,37.36,17.32,4.14,0.0
20230916:1411,136.8,181.31,32.86,17.21,4.34,0.0
20230916:1511,212.16,269.93,26.36,17.06,4.62,0.0
20230916:1611,118.03,158.84,18.53,16.65,4.76,0.0
20230916:1711,64.19,99.76,9.94,16.15,4.62,0.0
20230916:1811,0.0,0.0,0.0,15.6,4.76,0.0
20230916:1911,0.0,0.0,0.0,15.28,4.34,0.0
20230916:2011,0.0,0.0,0.0,14.92,4.28,0.0
20230916:2111,0.0,0.0,0.0,14.65,4.28,0.0
20230916:2211,0.0,0.0,0.0,14.51,4.48,0.0
20230916:2311,0.0,0.0,0.0,14.43,4.41,0.0
20230917:0011,0.0,0.0,0.0,14.5,4.28,0.0
20230917:0111,0.0,0.0,0.0,14.48,4.48,0.0
20230917:0211,0.0,0.0,0.0,14.49,4.48,0.0
20230917:0311,0.0,0.0,0.0,14.45,4.41,0.0
20230917:0411,0.0,0.0,0.0,14.28,4.07,0.0
20230917:0511,0.0,0.0,0.0,14.07,4.0,0.0
20230917:0611,0.0,5.56,3.1,14.09,4.14,0.0
20230917:0711,43.71,68.71,11.95,14.59,4.48,0.0
20230917:0811,53.74,80.66,20.38,14.94,4.41,0.0
20230917:0911,115.04,154.42,27.9,16.07,4.9,0.0
20230917:1011,203.6,259.97,33.92,17.68,6.21,0.0
20230917:1111,228.7,291.58,37.75,18.62,5.86,0.0
20230917:1211,242.31,309.14,38.83,19.51,6.0,0.0
20230917:1311,170.81,223.71,36.97,19.63,5.45,0.0
20230917:1411,141.4,188.69,32.47,19.8,4.97,0.0
20230917:1511,202.99,262.44,25.98,19.5,3.86,0.0
20230917:1611,77.42,111.27,18.16,19.05,4.14,0.0
20230917:1711,8.87,22.25,9.57,18.32,4.28,0.0
20230917:1811,0.0,0.0,0.0,17.49,4.34,0.0
20230917:1911,0.0,0.0,0.0,16.77,3.59,0.0
20230917:2011,0.0,0.0,0.0,16.24,3.86,0.0
20230917:2111,0.0,0.0,0.0,15.84,3.72,0.0
20230917:2211,0.0,0.0,0.0,15.56,3.59,0.0
20230917:2311,0.0,0.0,0.0,15.56,3.17,0.0
20230918:0011,0.0,0.0,0.0,15.79,2.97,0.0
20230918:0111,0.0,0.0,0.0,16.33,3.17,0.0
20230918:0211,0.0,0.0,0.0,16.44,3.24,0.0
20230918:0311,0.0,0.0,0.0,16.39,3.17,0.0
20230918:0411,0.0,0.0,0.0,16.33,3.24,0.0
20230918:0511,0.0,0.0,0.0,16.18,3.72,0.0
20230918:0611,3.5,14.58,2.84,15.91,4.14,0.0
20230918:0711,153.34,216.8,11.69,15.21,4.14,0.0
20230918:0811,167.79,216.7,20.11,15.33,3.93,0.0
20230918:0911,33.56,55.63,27.6,15.1,3.59,0.0
20230918:1011,52.98,79.73,33.59,14.75,3.59,0.0
20230918:1111,81.14,113.11,37.39,13.85,4.97,0.0
20230918:1211,109.71,146.48,38.44,13.27,4.83,0.0
20230918:1311,124.0,163.17,36.57,13.19,4.83,0.0
20230918:1411,435.52,534.98,32.08,13.89,5.17,0.0
20230918:1511,284.36,350.12,25.6,13.99,5.72,0.0
20230918:1611,95.68,130.29,17.78,13.69,5.66,0.0
20230918:1711,35.17,58.19,9.2,12.49,4.97,0.0
20230918:1811,0.0,0.0,0.0,12.21,4.0,0.0
20230918:1911,0.0,0.0,0.0,11.19,4.69,0.0
20230918:2011,0.0,0.0,0.0,11.34,4.55,0.0
20230918:2111,0.0,0.0,0.0,11.34,4.55,0.0
20230918:2211,0.0,0.0,0.0,11.09,4.62,0.0
20230918:2311,0.0,0.0,0.0,10.9,4.41,0.0
20230919:0011,0.0,0.0,0.0,11.05,4.62,0.0
20230919:0111,0.0,0.0,0.0,11.31,4.41,0.0
20230919:0211,0.0,0.0,0.0,11.39,4.41,0.0
20230919:0311,0.0,0.0,0.0,11.33,4.55,0.0
20230919:0411,0.0,0.0,0.0,10.95,4.55,0.0
20230919:0511,0.0,0.0,0.0,10.98,4.48,0.0
20230919:0611,0.0,4.64,2.59,11.58,6.34,0.0
20230919:0711,26.69,46.36,11.43,13.22,7.66,0.0
20230919:0811,51.84,77.88,19.83,14.1,8.83,0.0
20230919:0911,18.09,35.23,27.3,15.15,8.62,0.0
20230919:1011,66.62,96.42,33.25,15.91,7.86,0.0
20230919:1111,49.74,76.02,37.02,16.31,7.93,0.0
20230919:1211,81.05,114.03,38.05,16.65,7.86,0.0
20230919:1311,150.38,196.3,36.17,17.07,7.79,0.0
20230919:1411,138.5,182.3,31.68,17.2,7.79,0.0
20230919:1511,45.05,70.46,25.21,17.07,7.59,0.0
20230919:1611,55.38,83.27,17.41,17.11,7.03,0.0
20230919:1711,54.24,87.59,8.83,17.11,6.83,0.0
20230919:1811,0.0,0.0,0.0,16.65,6.21,0.0
20230919:1911,0.0,0.0,0.0,16.59,6.83,0.0
20230919:2011,0.0,0.0,0.0,16.49,6.97,0.0
20230919:2111,0.0,0.0,0.0,16.55,7.03,0.0
20230919:2211,0.0,0.0,0.0,16.31,6.9,0.0
20230919:2311,0.0,0.0,0.0,16.55,7.1,0.0
20230920:0011,0.0,0.0,0.0,16.67,7.31,0.0
20230920:0111,0.0,0.0,0.0,16.85,7.45,0.0
20230920:0211,0.0,0.0,0.0,16.97,7.52,0.0
20230920:0311,0.0,0.0,0.0,16.77,7.45,0.0
20230920:0411,0.0,0.0,0.0,16.85,7.59,0.0
20230920:0511,0.0,0.0,0.0,16.52,7.66,0.0
20230920:0611,0.0,0.93,2.33,16.17,7.79,0.0
20230920:0711,6.61,18.54,11.17,16.56,8.34,0.0
20230920:0811,26.3,46.36,19.55,16.08,8.41,0.0
20230920:0911,161.81,207.91,27.0,16.0,8.76,0.0
20230920:1011,107.13,144.63,32.92,16.18,8.69,0.0
20230920:1111,87.61,121.45,36.65,15.91,8.21,0.0
20230920:1211,105.49,142.77,37.66,15.8,6.41,0.0
20230920:1311,216.0,273.06,35.77,15.76,5.31,0.0
20230920:1411,233.95,294.45,31.29,15.96,4.83,0.0
20230920:1511,163.65,211.46,24.83,15.99,4.48,0.0
20230920:1611,99.2,136.11,17.03,16.01,4.41,0.0
20230920:1711,71.11,113.76,8.46,15.56,4.07,0.0
20230920:1811,0.0,0.0,0.0,14.78,3.93,0.0
20230920:1911,0.0,0.0,0.0,13.73,3.72,0.0
20230920:2011,0.0,0.0,0.0,13.42,3.79,0.0
20230920:2111,0.0,0.0,0.0,12.56,3.72,0.0
20230920:2211,0.0,0.0,0.0,11.93,3.59,0.0
20230920:2311,0.0,0.0,0.0,11.39,3.45,0.0
20230921:0011,0.0,0.0,0.0,10.66,3.1,0.0
20230921:0111,0.0,0.0,0.0,10.28,3.1,0.0
20230921:0211,0.0,0.0,0.0,9.85,3.1,0.0
20230921:0311,0.0,0.0,0.0,9.64,3.03,0.0
20230921:0411,0.0,0.0,0.0,9.42,2.97,0.0
20230921:0511,0.0,0.0,0.0,9.55,2.9,0.0
20230921:0611,1.56,9.27,2.07,9.31,2.83,0.0
20230921:0711,121.9,169.74,10.9,9.44,2.62,0.0
20230921:0811,351.59,434.86,19.27,11.09,3.24,0.0
20230921:0911,524.27,647.39,26.69,12.6,4.48,0.0
20230921:1011,598.06,751.07,32.58,13.65,4.41,0.0
20230921:1111,487.13,606.52,36.29,14.42,4.41,0.0
20230921:1211,268.69,335.35,37.27,14.81,4.48,0.0
20230921:1311,477.49,597.8,35.37,15.12,4.0,0.0
20230921:1411,175.76,225.97,30.89,15.35,3.59,0.0
20230921:1511,264.23,331.79,24.44,15.18,2.83,0.0
20230921:1611,296.28,381.31,16.66,14.9,2.14,0.0
20230921:1711,79.94,128.93,8.09,14.27,1.38,0.0
20230921:1811,0.0,0.0,0.0,13.54,1.31,0.0
20230921:1911,0.0,0.0,0.0,11.16,1.03,0.0
20230921:2011,0.0,0.0,0.0,10.09,1.24,0.0
20230921:2111,0.0,0.0,0.0,9.18,1.31,0.0
20230921:2211,0.0,0.0,0.0,9.0,1.17,0.0
20230921:2311,0.0,0.0,0.0,7.93,1.52,0.0
20230922:0011,0.0,0.0,0.0,6.96,1.93,0.0
20230922:0111,0.0,0.0,0.0,7.26,2.0,0.0
20230922:0211,0.0,0.0,0.0,7.41,1.86,0.0
20230922:0311,0.0,0.0,0.0,7.69,2.0,0.0
20230922:0411,0.0,0.0,0.0,7.69,2.21,0.0
20230922:0511,0.0,0.0,0.0,8.41,2.34,0.0
20230922:0611,0.0,1.85,1.81,8.82,2.48,0.0
20230922:0711,30.56,50.88,10.64,9.46,2.48,0.0
20230922:0811,162.28,206.02,18.99,10.67,3.66,0.0
20230922:0911,136.88,176.92,26.39,11.79,4.41,0.0
20230922:1011,141.93,183.46,32.24,12.33,4.41,0.0
20230922:1111,72.16,101.98,35.92,12.78,4.83,0.0
20230922:1211,304.27,373.9,36.88,13.08,5.17,0.0
20230922:1311,83.05,114.96,34.97,13.05,5.1,0.0
20230922:1411,65.83,94.56,30.5,13.22,5.52,0.0
20230922:1511,108.31,144.47,24.06,13.08,5.24,0.0
20230922:1611,110.65,148.11,16.28,13.18,4.69,0.0
20230922:1711,48.2,78.75,7.73,12.23,4.76,0.0
20230922:1811,0.0,0.0,0.0,11.83,4.55,0.0
20230922:1911,0.0,0.0,0.0,11.26,3.93,0.0
20230922:2011,0.0,0.0,0.0,10.86,3.72,0.0
20230922:2111,0.0,0.0,0.0,10.69,3.59,0.0
20230922:2211,0.0,0.0,0.0,10.39,3.45,0.0
20230922:2311,0.0,0.0,0.0,10.07,3.38,0.0
20230923:0011,0.0,0.0,0.0,10.11,3.1,0.0
20230923:0111,0.0,0.0,0.0,10.18,2.62,0.0
20230923:0211,0.0,0.0,0.0,9.87,2.14,0.0
20230923:0311,0.0,0.0,0.0,9.53,2.07,0.0
20230923:0411,0.0,0.0,0.0,9.22,2.21,0.0
20230923:0511,0.0,0.0,0.0,9.21,2.0,0.0
20230923:0611,0.0,4.64,1.56,8.82,1.66,0.0
20230923:0711,125.79,176.18,10.37,9.58,1.59,0.0
20230923:0811,336.72,419.84,18.71,11.11,2.0,0.0
20230923:0911,428.03,528.3,26.08,12.0,2.97,0.0
20230923:1011,360.64,444.0,31.9,12.94,3.66,0.0
20230923:1111,77.9,109.4,35.55,13.88,3.86,0.0
20230923:1211,77.75,109.4,36.49,14.17,3.59,0.0
20230923:1311,335.16,416.4,34.57,14.21,3.38,0.0
20230923:1411,246.59,308.17,30.1,14.09,3.52,0.0
20230923:1511,253.08,315.58,23.67,14.09,3.59,0.0
20230923:1611,154.46,201.62,15.91,13.83,3.17,0.0
20230923:1711,24.19,44.37,7.36,13.52,2.62,0.0
20230923:1811,0.0,0.0,0.0,12.88,2.69,0.0
20230923:1911,0.0,0.0,0.0,12.59,3.24,0.0
20230923:2011,0.0,0.0,0.0,12.36,3.79,0.0
20230923:2111,0.0,0.0,0.0,12.55,4.48,0.0
20230923:2211,0.0,0.0,0.0,12.73,5.17,0.0
20230923:2311,0.0,0.0,0.0,12.85,5.59,0.0
20230924:0011,0.0,0.0,0.0,12.73,6.0,0.0
20230924:0111,0.0,0.0,0.0,12.65,6.34,0.0
20230924:0211,0.0,0.0,0.0,12.92,6.14,0.0
20230924:0311,0.0,0.0,0.0,13.61,6.14,0.0
20230924:0411,0.0,0.0,0.0,14.07,5.86,0.0
20230924:0511,0.0,0.0,0.0,14.54,5.59,0.0
20230924:0611,0.0,0.0,0.0,14.92,5.31,0.0
20230924:0711,71.63,106.76,10.11,15.37,5.31,0.0
20230924:0811,66.47,96.37,18.43,15.86,5.31,0.0
20230924:0911,67.92,98.27,25.77,16.27,5.66,0.0
20230924:1011,59.46,88.08,31.56,16.46,5.79,0.0
20230924:1111,42.83,67.68,35.18,16.92,6.34,0.0
20230924:1211,53.24,80.66,36.1,17.13,6.48,0.0
20230924:1311,245.45,308.85,34.17,17.48,6.69,0.0
20230924:1411,49.98,76.95,29.71,18.22,7.1,0.0
20230924:1511,137.59,182.24,23.29,18.85,7.17,0.0
20230924:1611,33.01,55.63,15.53,18.8,8.14,0.0
20230924:1711,1.89,10.2,6.99,18.27,8.48,0.0
20230924:1811,0.0,0.0,0.0,17.81,8.41,0.0
20230924:1911,0.0,0.0,0.0,17.37,8.41,0.0
20230924:2011,0.0,0.0,0.0,17.08,8.76,0.0
20230924:2111,0.0,0.0,0.0,17.08,8.69,0.0
20230924:2211,0.0,0.0,0.0,16.84,8.14,0.0
20230924:2311,0.0,0.0,0.0,16.26,6.83,0.0
20230925:0011,0.0,0.0,0.0,15.98,5.52,0.0
20230925:0111,0.0,0.0,0.0,15.36,5.03,0.0
20230925:0211,0.0,0.0,0.0,14.52,4.69,0.0
20230925:0311,0.0,0.0,0.0,13.78,4.41,0.0
20230925:0411,0.0,0.0,0.0,13.29,4.21,0.0
20230925:0511,0.0,0.0,0.0,12.93,4.07,0.0
20230925:0611,0.0,0.0,0.0,12.74,4.21,0.0
20230925:0711,115.1,164.27,9.84,13.23,4.62,0.0
20230925:0811,322.89,403.25,18.14,14.22,4.21,0.0
20230925:0911,501.08,622.76,25.46,15.34,5.1,0.0
20230925:1011,598.57,751.72,31.22,16.5,6.07,0.0
20230925:1111,574.19,724.96,34.81,17.45,5.86,0.0
20230925:1211,450.58,564.06,35.7,17.94,5.79,0.0
20230925:1311,450.43,564.35,33.77,18.2,5.72,0.0
20230925:1411,413.93,517.27,29.31,18.26,5.66,0.0
20230925:1511,254.11,320.92,22.9,18.18,5.17,0.0
20230925:1611,147.05,196.13,15.16,17.87,4.0,0.0
20230925:1711,10.75,25.03,6.62,17.19,3.31,0.0
20230925:1811,0.0,0.0,0.0,15.92,2.9,0.0
20230925:1911,0.0,0.0,0.0,15.48,2.76,0.0
20230925:2011,0.0,0.0,0.0,14.67,2.9,0.0
20230925:2111,0.0,0.0,0.0,14.23,3.03,0.0
20230925:2211,0.0,0.0,0.0,13.74,3.17,0.0
20230925:2311,0.0,0.0,0.0,13.33,3.17,0.0
20230926:0011,0.0,0.0,0.0,13.02,3.24,0.0
20230926:0111,0.0,0.0,0.0,12.82,3.31,0.0
20230926:0211,0.0,0.0,0.0,12.85,3.38,0.0
20230926:0311,0.0,0.0,0.0,12.83,3.59,0.0
20230926:0411,0.0,0.0,0.0,12.71,3.79,0.0
20230926:0511,0.0,0.0,0.0,12.48,3.93,0.0
20230926:0611,0.0,0.0,0.0,12.23,4.0,0.0
20230926:0711,43.19,68.46,9.57,13.04,3.45,0.0
20230926:0811,159.93,205.8,17.86,13.84,4.41,0.0
20230926:0911,252.63,314.77,25.15,14.71,4.28,0.0
20230926:1011,253.11,316.09,30.88,15.66,5.38,0.0
20230926:1111,552.95,696.57,34.43,17.25,5.66,0.0
20230926:1211,419.96,524.54,35.31,18.41,6.34,0.0
20230926:1311,336.73,422.6,33.37,18.14,4.9,0.0
20230926:1411,213.2,272.02,28.92,18.67,6.14,0.0
20230926:1511,351.05,439.69,22.52,18.4,5.45,0.0
20230926:1611,253.13,328.89,14.78,17.87,4.41,0.0
20230926:1711,39.22,70.09,6.25,16.97,3.86,0.0
20230926:1811,0.0,0.0,0.0,15.92,3.72,0.0
20230926:1911,0.0,0.0,0.0,14.95,3.31,0.0
20230926:2011,0.0,0.0,0.0,14.5,3.79,0.0
20230926:2111,0.0,0.0,0.0,13.59,3.86,0.0
20230926:2211,0.0,0.0,0.0,13.05,3.72,0.0
20230926:2311,0.0,0.0,0.0,12.39,3.45,0.0
20230927:0011,0.0,0.0,0.0,12.21,3.1,0.0
20230927:0111,0.0,0.0,0.0,11.72,2.62,0.0
20230927:0211,0.0,0.0,0.0,11.51,2.41,0.0
20230927:0311,0.0,0.0,0.0,11.1,2.07,0.0
20230927:0411,0.0,0.0,0.0,10.71,2.14,0.0
20230927:0511,0.0,0.0,0.0,10.51,2.41,0.0
20230927:0611,0.0,0.0,0.0,10.55,2.62,0.0
20230927:0711,44.45,69.93,9.3,11.64,2.9,0.0
20230927:0811,60.39,88.13,17.57,12.95,3.24,0.0
20230927:0911,292.33,361.34,24.84,14.18,4.21,0.0
20230927:1011,40.14,63.97,30.54,15.49,5.52,0.0
20230927:1111,74.28,105.69,34.06,15.87,6.48,0.0
20230927:1211,67.22,97.35,34.92,16.26,6.69,0.0
20230927:1311,31.21,52.85,32.97,16.5,6.07,0.0
20230927:1411,45.12,70.46,28.52,16.65,6.62,0.0
20230927:1511,35.43,58.41,22.13,17.3,7.52,0.0
20230927:1611,158.92,209.68,14.41,17.96,8.14,0.0
20230927:1711,21.82,43.14,5.88,17.9,8.55,0.0
20230927:1811,0.0,0.0,0.0,16.93,8.48,0.0
20230927:1911,0.0,0.0,0.0,16.71,8.21,0.0
20230927:2011,0.0,0.0,0.0,16.0,8.28,0.0
20230927:2111,0.0,0.0,0.0,15.91,8.69,0.0
20230927:2211,0.0,0.0,0.0,15.89,8.41,0.0
20230927:2311,0.0,0.0,0.0,15.66,7.38,0.0
20230928:0011,0.0,0.0,0.0,15.44,6.41,0.0
20230928:0111,0.0,0.0,0.0,15.32,6.14,0.0
20230928:0211,0.0,0.0,0.0,15.16,6.07,0.0
20230928:0311,0.0,0.0,0.0,14.85,5.86,0.0
20230928:0411,0.0,0.0,0.0,14.45,5.38,0.0
20230928:0511,0.0,0.0,0.0,13.76,4.9,0.0
20230928:0611,0.0,0.0,0.0,13.17,4.62,0.0
20230928:0711,15.51,31.52,9.03,13.75,4.69,0.0
20230928:0811,105.58,142.15,17.28,14.17,4.55,0.0
20230928:0911,75.44,106.62,24.53,14.65,5.59,0.0
20230928:1011,224.11,280.5,30.2,14.63,5.31,0.0
20230928:1111,115.1,153.9,33.69,14.77,4.34,0.0
20230928:1211,332.33,411.88,34.52,14.97,4.48,0.0
20230928:1311,107.83,145.56,32.57,15.75,6.14,0.0
20230928:1411,78.77,111.25,28.13,16.12,5.72,0.0
20230928:1511,51.26,77.88,21.75,15.75,4.48,0.0
20230928:1611,58.48,86.79,14.04,15.38,4.34,0.0
20230928:1711,25.73,49.69,5.52,15.02,4.0,0.0
20230928:1811,0.0,0.0,0.0,14.3,3.72,0.0
20230928:1911,0.0,0.0,0.0,14.41,4.14,0.0
20230928:2011,0.0,0.0,0.0,13.74,4.48,0.0
20230928:2111,0.0,0.0,0.0,13.7,4.34,0.0
20230928:2211,0.0,0.0,0.0,13.8,3.93,0.0
20230928:2311,0.0,0.0,0.0,13.8,3.38,0.0
20230929:0011,0.0,0.0,0.0,13.63,3.03,0.0
20230929:0111,0.0,0.0,0.0,13.45,2.9,0.0
20230929:0211,0.0,0.0,0.0,13.21,2.9,0.0
20230929:0311,0.0,0.0,0.0,13.03,3.24,0.0
20230929:0411,0.0,0.0,0.0,12.63,3.38,0.0
20230929:0511,0.0,0.0,0.0,12.16,3.38,0.0
20230929:0611,0.0,0.0,0.0,11.52,3.38,0.0
20230929:0711,77.07,113.44,8.76,11.54,3.72,0.0
20230929:0811,299.7,372.67,17.0,12.41,3.52,0.0
20230929:0911,466.36,571.35,24.21,13.64,5.52,0.0
20230929:1011,446.64,546.8,29.85,14.85,6.62,0.0
20230929:1111,450.5,554.13,33.32,15.57,6.69,0.0
20230929:1211,392.18,483.31,34.13,16.01,6.55,0.0
20230929:1311,228.98,287.92,32.17,16.33,6.34,0.0
20230929:1411,460.74,569.67,27.73,16.38,6.21,0.0
20230929:1511,362.37,448.54,21.37,16.2,5.72,0.0
20230929:1611,207.64,269.53,13.66,15.71,4.41,0.0
20230929:1711,36.12,69.07,5.15,15.13,3.66,0.0
20230929:1811,0.0,0.0,0.0,14.0,3.03,0.0
20230929:1911,0.0,0.0,0.0,13.16,2.97,0.0
20230929:2011,0.0,0.0,0.0,12.75,2.83,0.0
20230929:2111,0.0,0.0,0.0,12.51,2.48,0.0
20230929:2211,0.0,0.0,0.0,12.14,2.48,0.0
20230929:2311,0.0,0.0,0.0,11.81,2.28,0.0
20230930:0011,0.0,0.0,0.0,11.49,2.14,0.0
20230930:0111,0.0,0.0,0.0,11.18,2.21,0.0
20230930:0211,0.0,0.0,0.0,11.09,2.07,0.0
20230930:0311,0.0,0.0,0.0,10.87,2.0,0.0
20230930:0411,0.0,0.0,0.0,10.74,1.86,0.0
20230930:0511,0.0,0.0,0.0,10.38,1.86,0.0
20230930:0611,0.0,0.0,0.0,10.08,1.86,0.0
20230930:0711,8.04,20.4,8.49,10.44,1.59,0.0
20230930:0811,63.26,91.17,16.71,11.5,2.0,0.0
20230930:0911,101.44,136.62,23.9,12.58,2.9,0.0
20230930:1011,173.98,221.76,29.51,13.21,3.24,0.0
20230930:1111,264.23,328.93,32.94,13.87,3.59,0.0
20230930:1211,202.54,256.33,33.74,13.91,3.31,0.0
20230930:1311,70.01,100.13,31.78,14.09,3.38,0.0
20230930:1411,44.2,68.61,27.34,13.58,3.31,0.0
20230930:1511,32.41,53.77,20.98,13.3,3.59,0.0
20230930:1611,14.22,29.67,13.29,13.27,4.0,0.0
20230930:1711,6.73,18.54,4.79,13.37,4.62,0.0
20230930:1811,0.0,0.0,0.0,13.75,5.03,0.0
20230930:1911,0.0,0.0,0.0,13.94,4.83,0.0
20230930:2011,0.0,0.0,0.0,14.37,4.97,0.0
20230930:2111,0.0,0.0,0.0,14.88,5.03,0.0
20230930:2211,0.0,0.0,0.0,15.4,5.24,0.0
20230930:2311,0.0,0.0,0.0,15.92,5.17,0.0
20231001:0011,0.0,0.0,0.0,16.27,5.03,0.0
20231001:0111,0.0,0.0,0.0,16.47,4.9,0.0
20231001:0211,0.0,0.0,0.0,16.6,4.83,0.0
20231001:0311,0.0,0.0,0.0,16.63,4.62,0.0
20231001:0411,0.0,0.0,0.0,16.59,4.34,0.0
20231001:0511,0.0,0.0,0.0,16.48,4.28,0.0
20231001:0611,0.0,0.0,0.0,16.35,4.28,0.0
20231001:0711,5.47,16.69,8.22,16.87,4.21,0.0
20231001:0811,107.57,146.37,16.42,16.95,3.93,0.0
20231001:0911,73.6,105.69,23.58,17.13,3.86,0.0
20231001:1011,79.61,113.11,29.16,17.47,4.0,0.0
20231001:1111,74.95,107.54,32.57,17.53,3.59,0.0
20231001:1211,92.51,128.87,33.35,17.56,3.24,0.0
20231001:1311,100.23,138.14,31.38,17.55,3.38,0.0
20231001:1411,81.09,114.96,26.95,17.42,3.45,0.0
20231001:1511,53.72,81.59,20.6,17.51,3.17,0.0
20231001:1611,36.16,59.54,12.92,17.36,3.03,0.0
20231001:1711,3.34,12.98,4.42,17.08,3.03,0.0
20231001:1811,0.0,0.0,0.0,16.43,2.76,0.0
20231001:1911,0.0,0.0,0.0,16.28,2.41,0.0
20231001:2011,0.0,0.0,0.0,15.87,2.48,0.0
20231001:2111,0.0,0.0,0.0,15.54,2.41,0.0
20231001:2211,0.0,0.0,0.0,14.92,2.21,0.0
20231001:2311,0.0,0.0,0.0,14.32,2.14,0.0
20231002:0011,0.0,0.0,0.0,14.11,2.28,0.0
20231002:0111,0.0,0.0,0.0,13.79,2.55,0.0
20231002:0211,0.0,0.0,0.0,13.13,2.62,0.0
20231002:0311,0.0,0.0,0.0,12.85,2.69,0.0
20231002:0411,0.0,0.0,0.0,12.32,2.48,0.0
20231002:0511,0.0,0.0,0.0,12.02,2.28,0.0
20231002:0611,0.0,0.0,0.0,11.83,2.0,0.0
20231002:0711,11.07,25.03,7.95,11.91,1.66,0.0
20231002:0811,55.17,81.79,16.13,12.55,2.14,0.0
20231002:0911,116.69,155.18,23.27,13.43,2.14,0.0
20231002:1011,288.09,360.0,28.82,14.08,2.14,0.0
20231002:1111,93.1,127.94,32.2,14.15,2.21,0.0
20231002:1211,120.99,161.4,32.96,14.5,2.0,0.0
20231002:1311,72.86,103.84,30.98,14.3,1.93,0.0
20231002:1411,53.1,79.73,26.56,13.78,1.59,0.0
20231002:1511,56.97,84.37,20.22,13.31,1.03,0.0
20231002:1611,33.82,55.63,12.55,12.9,0.41,0.0
20231002:1711,3.44,12.98,4.06,12.63,0.28,0.0
20231002:1811,0.0,0.0,0.0,12.14,0.41,0.0
20231002:1911,0.0,0.0,0.0,12.43,1.79,0.0
20231002:2011,0.0,0.0,0.0,11.97,2.21,0.0
20231002:2111,0.0,0.0,0.0,11.69,2.21,0.0
20231002:2211,0.0,0.0,0.0,11.49,1.93,0.0
20231002:2311,0.0,0.0,0.0,11.32,1.86,0.0
20231003:0011,0.0,0.0,0.0,11.0,2.07,0.0
20231003:0111,0.0,0.0,0.0,10.87,2.21,0.0
20231003:0211,0.0,0.0,0.0,10.7,2.21,0.0
20231003:0311,0.0,0.0,0.0,10.38,2.34,0.0
20231003:0411,0.0,0.0,0.0,10.0,2.69,0.0
20231003:0511,0.0,0.0,0.0,10.25,3.17,0.0
20231003:0611,0.0,0.0,0.0,10.34,3.45,0.0
20231003:0711,0.7,7.42,7.68,10.52,3.79,0.0
20231003:0811,27.65,47.28,15.84,11.16,3.93,0.0
20231003:0911,29.72,50.06,22.95,12.01,4.83,0.0
20231003:1011,106.31,141.97,28.47,12.69,5.38,0.0
20231003:1111,39.84,63.04,31.83,13.37,5.79,0.0
20231003:1211,110.4,147.41,32.57,13.91,6.28,0.0
20231003:1311,147.77,190.98,30.59,14.07,5.93,0.0
20231003:1411,347.3,425.05,26.17,14.31,5.72,0.0
20231003:1511,229.87,286.39,19.84,14.42,5.59,0.0
20231003:1611,90.86,125.71,12.18,13.85,6.14,0.0
20231003:1711,8.59,23.03,3.7,13.22,5.31,0.0
20231003:1811,0.0,0.0,0.0,12.75,4.48,0.0
20231003:1911,0.0,0.0,0.0,12.75,4.48,0.0
20231003:2011,0.0,0.0,0.0,12.48,4.0,0.0
20231003:2111,0.0,0.0,0.0,12.26,3.66,0.0
20231003:2211,0.0,0.0,0.0,11.82,3.59,0.0
20231003:2311,0.0,0.0,0.0,11.84,3.66,0.0
20231004:0011,0.0,0.0,0.0,11.53,3.38,0.0
20231004:0111,0.0,0.0,0.0,11.54,3.31,0.0
20231004:0211,0.0,0.0,0.0,11.2,3.66,0.0
20231004:0311,0.0,0.0,0.0,11.07,3.86,0.0
20231004:0411,0.0,0.0,0.0,10.99,3.86,0.0
20231004:0511,0.0,0.0,0.0,11.3,4.07,0.0
20231004:0611,0.0,0.0,0.0,11.31,4.07,0.0
20231004:0711,33.84,56.86,7.4,11.42,4.0,0.0
20231004:0811,72.13,101.73,15.55,12.11,4.14,0.0
20231004:0911,140.72,181.88,22.64,12.91,4.34,0.0
20231004:1011,258.91,319.4,28.13,13.96,5.93,0.0
20231004:1111,284.04,350.88,31.45,15.03,6.21,0.0
20231004:1211,98.58,134.43,32.18,15.65,7.03,0.0
20231004:1311,126.2,167.18,30.19,16.14,7.24,0.0
20231004:1411,243.67,303.56,25.78,16.25,7.17,0.0
20231004:1511,205.03,258.44,19.47,15.88,6.55,0.0
20231004:1611,50.22,76.76,11.82,15.62,6.0,0.0
20231004:1711,5.65,17.76,3.34,14.73,5.1,0.0
20231004:1811,0.0,0.0,0.0,13.91,4.69,0.0
20231004:1911,0.0,0.0,0.0,13.59,4.69,0.0
20231004:2011,0.0,0.0,0.0,13.36,4.55,0.0
20231004:2111,0.0,0.0,0.0,13.23,4.48,0.0
20231004:2211,0.0,0.0,0.0,13.15,4.34,0.0
20231004:2311,0.0,0.0,0.0,13.23,4.07,0.0
20231005:0011,0.0,0.0,0.0,13.16,3.86,0.0
20231005:0111,0.0,0.0,0.0,12.82,3.59,0.0
20231005:0211,0.0,0.0,0.0,12.87,3.24,0.0
20231005:0311,0.0,0.0,0.0,12.84,3.03,0.0
20231005:0411,0.0,0.0,0.0,12.86,2.9,0.0
20231005:0511,0.0,0.0,0.0,12.87,3.1,0.0
20231005:0611,0.0,0.0,0.0,12.87,3.31,0.0
20231005:0711,22.34,41.31,7.13,13.16,3.45,0.0
20231005:0811,46.03,70.75,15.25,13.23,3.52,0.0
20231005:0911,53.3,79.73,22.32,13.52,3.45,0.0
20231005:1011,107.86,144.8,27.78,14.07,4.55,0.0
20231005:1111,255.36,316.92,31.08,14.65,5.59,0.0
20231005:1211,122.66,162.39,31.79,14.51,5.1,0.0
20231005:1311,72.42,102.91,29.8,14.21,4.69,0.0
20231005:1411,83.34,115.89,25.39,14.16,4.76,0.0
20231005:1511,16.15,32.45,19.09,14.11,4.83,0.0
20231005:1611,43.6,68.1,11.45,13.98,5.59,0.0
20231005:1711,4.12,15.24,2.98,14.11,5.66,0.0
20231005:1811,0.0,0.0,0.0,14.18,5.38,0.0
20231005:1911,0.0,0.0,0.0,14.52,5.79,0.0
20231005:2011,0.0,0.0,0.0,14.55,5.86,0.0
20231005:2111,0.0,0.0,0.0,14.67,6.0,0.0
20231005:2211,0.0,0.0,0.0,14.83,5.86,0.0
20231005:2311,0.0,0.0,0.0,14.87,5.72,0.0
20231006:0011,0.0,0.0,0.0,14.92,5.45,0.0
20231006:0111,0.0,0.0,0.0,14.93,5.38,0.0
20231006:0211,0.0,0.0,0.0,15.08,5.24,0.0
20231006:0311,0.0,0.0,0.0,15.15,5.03,0.0
20231006:0411,0.0,0.0,0.0,15.18,5.03,0.0
20231006:0511,0.0,0.0,0.0,15.18,5.1,0.0
20231006:0611,0.0,0.0,0.0,15.27,5.24,0.0
20231006:0711,18.68,36.81,6.85,16.06,5.72,0.0
20231006:0811,113.75,152.9,14.96,16.23,5.79,0.0
20231006:0911,12.7,27.81,22.0,16.47,5.79,0.0
20231006:1011,22.7,41.72,27.44,16.72,5.86,0.0
20231006:1111,35.45,58.41,30.71,17.11,6.55,0.0
20231006:1211,33.97,56.55,31.4,17.25,6.0,0.0
20231006:1311,50.13,76.95,29.41,17.56,6.69,0.0
20231006:1411,17.16,34.3,25.01,17.8,6.83,0.0
20231006:1511,29.6,50.99,18.72,17.6,5.66,0.0
20231006:1611,26.79,47.28,11.09,17.33,4.9,0.0
20231006:1711,0.0,3.71,2.63,16.94,4.48,0.0
20231006:1811,0.0,0.0,0.0,16.44,4.07,0.0
20231006:1911,0.0,0.0,0.0,16.81,4.69,0.0
20231006:2011,0.0,0.0,0.0,16.69,4.55,0.0
20231006:2111,0.0,0.0,0.0,16.5,4.34,0.0
20231006:2211,0.0,0.0,0.0,16.31,4.62,0.0
20231006:2311,0.0,0.0,0.0,16.04,4.34,0.0
20231007:0011,0.0,0.0,0.0,15.65,4.0,0.0
20231007:0111,0.0,0.0,0.0,14.73,4.0,0.0
20231007:0211,0.0,0.0,0.0,14.13,3.79,0.0
20231007:0311,0.0,0.0,0.0,13.99,3.66,0.0
20231007:0411,0.0,0.0,0.0,14.14,3.59,0.0
20231007:0511,0.0,0.0,0.0,14.36,3.45,0.0
20231007:0611,0.0,0.0,0.0,14.37,3.17,0.0
20231007:0711,30.9,54.02,6.58,14.33,2.9,0.0
20231007:0811,291.3,368.7,14.67,14.87,2.76,0.0
20231007:0911,209.86,265.55,21.68,15.7,3.52,0.0
20231007:1011,416.35,522.64,27.09,16.71,3.45,0.0
20231007:1111,263.3,333.11,30.34,17.79,3.72,0.0
20231007:1211,406.04,513.85,31.01,18.66,3.79,0.0
20231007:1311,559.11,720.31,29.02,19.32,4.14,0.0
20231007:1411,380.66,481.5,24.63,19.32,3.86,0.0
20231007:1511,321.62,409.46,18.34,19.24,3.24,0.0
20231007:1611,145.86,199.06,10.73,18.98,3.24,0.0
20231007:1711,1.03,8.34,2.28,17.94,2.76,0.0
20231007:1811,0.0,0.0,0.0,16.65,2.28,0.0
20231007:1911,0.0,0.0,0.0,15.94,2.41,0.0
20231007:2011,0.0,0.0,0.0,15.13,2.14,0.0
20231007:2111,0.0,0.0,0.0,14.39,1.79,0.0
20231007:2211,0.0,0.0,0.0,13.84,1.38,0.0
20231007:2311,0.0,0.0,0.0,14.99,0.83,0.0
20231008:0011,0.0,0.0,0.0,14.63,0.83,0.0
20231008:0111,0.0,0.0,0.0,13.79,0.97,0.0
20231008:0211,0.0,0.0,0.0,12.5,1.93,0.0
20231008:0311,0.0,0.0,0.0,12.33,1.93,0.0
20231008:0411,0.0,0.0,0.0,12.25,2.0,0.0
20231008:0511,0.0,0.0,0.0,12.21,2.0,0.0
20231008:0611,0.0,0.0,0.0,12.04,2.07,0.0
20231008:0711,20.03,38.25,6.3,12.58,2.07,0.0
20231008:0811,174.65,224.84,14.37,13.67,2.07,0.0
20231008:0911,386.89,487.08,21.37,15.17,1.93,0.0
20231008:1011,342.0,432.65,26.75,16.95,2.07,0.0
20231008:1111,641.79,858.44,29.97,18.2,2.28,0.0
20231008:1211,316.84,404.51,30.63,18.66,2.14,0.0
20231008:1311,522.22,683.28,28.63,19.02,2.14,0.0
20231008:1411,168.64,221.43,24.24,19.13,2.21,0.0
20231008:1511,345.91,444.35,17.97,19.08,2.0,0.0
20231008:1611,78.81,114.79,10.37,18.67,1.72,0.0
20231008:1711,0.0,1.85,1.92,17.6,2.0,0.0
20231008:1811,0.0,0.0,0.0,16.05,2.34,0.0
20231008:1911,0.0,0.0,0.0,15.96,2.0,0.0
20231008:2011,0.0,0.0,0.0,14.64,1.93,0.0
20231008:2111,0.0,0.0,0.0,13.39,1.66,0.0
20231008:2211,0.0,0.0,0.0,13.2,1.38,0.0
20231008:2311,0.0,0.0,0.0,12.11,1.86,0.0
20231009:0011,0.0,0.0,0.0,11.95,1.93,0.0
20231009:0111,0.0,0.0,0.0,12.19,1.93,0.0
20231009:0211,0.0,0.0,0.0,12.4,2.07,0.0
20231009:0311,0.0,0.0,0.0,12.82,2.28,0.0
20231009:0411,0.0,0.0,0.0,13.14,2.21,0.0
20231009:0511,0.0,0.0,0.0,13.49,1.93,0.0
20231009:0611,0.0,0.0,0.0,13.59,2.0,0.0
20231009:0711,17.94,35.68,6.02,14.23,1.79,0.0
20231009:0811,97.64,133.79,14.08,14.78,1.93,0.0
20231009:0911,48.2,74.17,21.05,15.59,2.69,0.0
20231009:1011,96.21,132.81,26.4,16.52,2.62,0.0
20231009:1111,173.79,225.93,29.6,17.38,2.83,0.0
20231009:1211,209.59,269.96,30.24,18.03,2.48,0.0
20231009:1311,93.35,130.72,28.24,18.62,2.21,0.0
20231009:1411,124.24,167.99,23.86,19.03,2.21,0.0
20231009:1511,64.35,95.32,17.61,19.04,2.14,0.0
20231009:1611,43.26,69.43,10.01,18.58,1.52,0.0
20231009:1711,0.0,3.71,1.58,17.8,0.9,0.0
20231009:1811,0.0,0.0,0.0,16.69,0.62,0.0
20231009:1911,0.0,0.0,0.0,15.61,0.97,0.0
20231009:2011,0.0,0.0,0.0,14.96,1.03,0.0
20231009:2111,0.0,0.0,0.0,14.03,1.31,0.0
20231009:2211,0.0,0.0,0.0,13.01,1.66,0.0
20231009:2311,0.0,0.0,0.0,12.79,1.66,0.0
20231010:0011,0.0,0.0,0.0,12.91,1.45,0.0
20231010:0111,0.0,0.0,0.0,13.1,1.31,0.0
20231010:0211,0.0,0.0,0.0,13.09,1.1,0.0
20231010:0311,0.0,0.0,0.0,12.9,1.03,0.0
20231010:0411,0.0,0.0,0.0,12.82,0.76,0.0
20231010:0511,0.0,0.0,0.0,12.43,1.03,0.0
20231010:0611,0.0,0.0,0.0,12.21,1.52,0.0
20231010:0711,48.06,78.44,5.75,12.71,2.21,0.0
20231010:0811,122.7,162.92,13.79,13.82,2.34,0.0
20231010:0911,403.0,506.99,20.73,15.41,2.28,0.0
20231010:1011,451.19,572.45,26.06,17.01,2.76,0.0
20231010:1111,546.65,705.09,29.23,18.23,3.31,0.0
20231010:1211,637.14,838.53,29.86,19.04,3.52,0.0
20231010:1311,576.48,749.61,27.86,19.74,3.72,0.0
20231010:1411,227.66,291.68,23.49,19.94,4.07,0.0
20231010:1511,80.47,114.9,17.24,19.56,4.28,0.0
20231010:1611,11.28,25.96,9.66,18.82,4.55,0.0
20231010:1711,0.0,0.93,1.23,17.85,4.76,0.0
20231010:1811,0.0,0.0,0.0,17.11,5.03,0.0
20231010:1911,0.0,0.0,0.0,16.87,5.31,0.0
20231010:2011,0.0,0.0,0.0,16.34,5.52,0.0
20231010:2111,0.0,0.0,0.0,16.44,5.86,0.0
20231010:2211,0.0,0.0,0.0,16.42,5.93,0.0
20231010:2311,0.0,0.0,0.0,16.44,6.14,0.0
20231011:0011,0.0,0.0,0.0,16.31,6.07,0.0
20231011:0111,0.0,0.0,0.0,15.68,6.14,0.0
20231011:0211,0.0,0.0,0.0,15.53,5.93,0.0
20231011:0311,0.0,0.0,0.0,15.17,5.38,0.0
20231011:0411,0.0,0.0,0.0,14.91,5.24,0.0
20231011:0511,0.0,0.0,0.0,14.6,5.1,0.0
20231011:0611,0.0,0.0,0.0,14.38,5.38,0.0
20231011:0711,4.98,15.76,5.47,14.89,5.38,0.0
20231011:0811,7.26,19.47,13.49,14.73,4.41,0.0
20231011:0911,25.08,44.5,20.41,14.11,2.97,0.0
20231011:1011,25.23,44.5,25.71,12.97,2.97,0.0
20231011:1111,30.41,50.99,28.87,11.96,2.69,0.0
20231011:1211,45.43,69.53,29.48,11.31,2.62,0.0
20231011:1311,38.71,61.19,27.47,10.99,2.48,0.0
20231011:1411,39.49,62.12,23.11,10.85,2.69,0.0
20231011:1511,20.57,38.01,16.88,10.71,3.03,0.0
20231011:1611,5.69,16.69,9.31,10.51,2.9,0.0
20231011:1711,0.0,0.0,0.0,10.33,2.9,0.0
20231011:1811,0.0,0.0,0.0,10.43,2.9,0.0
20231011:1911,0.0,0.0,0.0,10.3,2.21,0.0
20231011:2011,0.0,0.0,0.0,10.26,2.0,0.0
20231011:2111,0.0,0.0,0.0,9.9,1.52,0.0
20231011:2211,0.0,0.0,0.0,9.58,1.38,0.0
20231011:2311,0.0,0.0,0.0,8.93,1.38,0.0
20231012:0011,0.0,0.0,0.0,8.2,1.38,0.0
20231012:0111,0.0,0.0,0.0,7.44,1.52,0.0
20231012:0211,0.0,0.0,0.0,6.61,1.31,0.0
20231012:0311,0.0,0.0,0.0,6.37,1.1,0.0
20231012:0411,0.0,0.0,0.0,6.12,1.24,0.0
20231012:0511,0.0,0.0,0.0,5.88,1.24,0.0
20231012:0611,0.0,0.0,0.0,5.64,1.17,0.0
20231012:0711,52.73,83.14,5.19,4.59,1.52,0.0
20231012:0811,278.92,343.71,13.2,6.18,0.76,0.0
20231012:0911,386.99,478.46,20.09,8.79,0.62,0.0
20231012:1011,433.11,545.44,25.37,10.02,0.21,0.0
20231012:1111,630.8,835.61,28.5,10.87,0.55,0.0
20231012:1211,675.14,902.01,29.1,11.53,0.97,0.0
20231012:1311,630.44,824.48,27.09,12.01,1.38,0.0
20231012:1411,539.79,687.67,22.74,12.13,1.59,0.0
20231012:1511,208.98,262.56,16.52,12.04,1.72,0.0
20231012:1611,36.05,58.5,8.96,11.88,1.79,0.0
20231012:1711,0.0,0.0,0.0,11.27,1.45,0.0
20231012:1811,0.0,0.0,0.0,10.84,1.52,0.0
20231012:1911,0.0,0.0,0.0,10.66,2.07,0.0
20231012:2011,0.0,0.0,0.0,10.8,2.48,0.0
20231012:2111,0.0,0.0,0.0,10.88,2.62,0.0
20231012:2211,0.0,0.0,0.0,11.19,2.76,0.0
20231012:2311,0.0,0.0,0.0,11.47,2.83,0.0
20231013:0011,0.0,0.0,0.0,11.62,2.69,0.0
20231013:0111,0.0,0.0,0.0,12.37,2.69,0.0
20231013:0211,0.0,0.0,0.0,12.81,2.62,0.0
20231013:0311,0.0,0.0,0.0,13.22,2.69,0.0
20231013:0411,0.0,0.0,0.0,13.52,2.28,0.0
20231013:0511,0.0,0.0,0.0,13.75,2.0,0.0
20231013:0611,0.0,0.0,0.0,13.89,1.59,0.0
20231013:0711,33.02,58.66,4.91,13.26,1.24,0.0
20231013:0811,100.13,135.96,12.9,13.14,1.72,0.0
20231013:0911,11.02,25.03,19.78,12.82,2.41,0.0
20231013:1011,34.71,56.55,25.03,12.6,3.03,0.0
20231013:1111,19.69,37.08,28.13,12.46,3.59,0.0
20231013:1211,51.35,76.95,28.72,12.35,4.14,0.0
20231013:1311,57.52,84.37,26.71,12.48,5.31,0.0
20231013:1411,77.51,107.9,22.37,12.11,5.38,0.0
20231013:1511,310.25,376.99,16.16,11.59,5.79,0.0
20231013:1611,58.27,86.25,8.61,11.19,5.59,0.0
20231013:1711,0.0,0.0,0.0,10.88,5.31,0.0
20231013:1811,0.0,0.0,0.0,10.33,5.1,0.0
20231013:1911,0.0,0.0,0.0,10.06,5.1,0.0
20231013:2011,0.0,0.0,0.0,9.48,4.69,0.0
20231013:2111,0.0,0.0,0.0,9.32,4.69,0.0
20231013:2211,0.0,0.0,0.0,9.23,5.03,0.0
20231013:2311,0.0,0.0,0.0,8.9,5.03,0.0
20231014:0011,0.0,0.0,0.0,8.46,4.97,0.0
20231014:0111,0.0,0.0,0.0,8.16,4.97,0.0
20231014:0211,0.0,0.0,0.0,8.09,5.03,0.0
20231014:0311,0.0,0.0,0.0,7.85,5.03,0.0
20231014:0411,0.0,0.0,0.0,7.77,5.03,0.0
20231014:0511,0.0,0.0,0.0,7.65,4.55,0.0
20231014:0611,0.0,0.0,0.0,7.51,4.14,0.0
20231014:0711,0.0,3.71,4.64,7.06,3.17,0.0
20231014:0811,276.25,338.05,12.61,7.65,3.24,0.0
20231014:0911,82.33,112.21,19.46,8.79,3.52,0.0
20231014:1011,585.63,710.61,24.68,9.64,5.52,0.0
20231014:1111,271.43,328.04,27.77,9.93,5.86,0.0
20231014:1211,390.42,467.46,28.35,9.88,5.86,0.0
20231014:1311,662.44,813.15,26.34,9.92,5.66,0.0
20231014:1411,71.59,100.13,22.0,10.08,5.59,0.0
20231014:1511,211.93,259.37,15.8,9.19,5.59,0.0
20231014:1611,114.77,153.94,8.27,8.46,5.03,0.0
20231014:1711,0.0,0.0,0.0,7.53,4.0,0.0
20231014:1811,0.0,0.0,0.0,7.02,3.66,0.0
20231014:1911,0.0,0.0,0.0,6.99,3.66,0.0
20231014:2011,0.0,0.0,0.0,6.61,3.38,0.0
20231014:2111,0.0,0.0,0.0,6.37,3.1,0.0
20231014:2211,0.0,0.0,0.0,6.15,2.9,0.0
20231014:2311,0.0,0.0,0.0,5.69,2.69,0.0
20231015:0011,0.0,0.0,0.0,5.73,2.62,0.0
20231015:0111,0.0,0.0,0.0,5.35,2.48,0.0
20231015:0211,0.0,0.0,0.0,4.86,2.41,0.0
20231015:0311,0.0,0.0,0.0,4.48,2.28,0.0
20231015:0411,0.0,0.0,0.0,3.88,2.14,0.0
20231015:0511,0.0,0.0,0.0,3.13,2.0,0.0
20231015:0611,0.0,0.0,0.0,2.32,2.0,0.0
20231015:0711,34.98,59.22,4.36,1.94,2.07,0.0
20231015:0811,285.46,345.41,12.31,3.22,1.52,0.0
20231015:0911,468.36,569.51,19.14,6.19,1.86,0.0
20231015:1011,590.68,731.34,24.34,7.57,2.55,0.0
20231015:1111,683.63,864.29,27.41,8.83,3.03,0.0
20231015:1211,683.0,862.97,27.97,9.8,3.45,0.0
20231015:1311,608.84,754.23,25.96,10.73,4.28,0.0
20231015:1411,491.92,602.09,21.63,11.01,3.93,0.0
20231015:1511,171.38,215.91,15.45,10.94,3.45,0.0
20231015:1611,66.39,96.54,7.92,10.44,2.69,0.0
20231015:1711,0.0,0.0,0.0,9.43,2.14,0.0
20231015:1811,0.0,0.0,0.0,8.24,1.93,0.0
20231015:1911,0.0,0.0,0.0,7.02,1.59,0.0
20231015:2011,0.0,0.0,0.0,6.63,0.97,0.0
20231015:2111,0.0,0.0,0.0,7.09,0.21,0.0
20231015:2211,0.0,0.0,0.0,6.8,0.41,0.0
20231015:2311,0.0,0.0,0.0,6.42,0.69,0.0
20231016:0011,0.0,0.0,0.0,5.86,0.83,0.0
20231016:0111,0.0,0.0,0.0,5.0,0.97,0.0
20231016:0211,0.0,0.0,0.0,4.5,1.17,0.0
20231016:0311,0.0,0.0,0.0,4.4,1.17,0.0
20231016:0411,0.0,0.0,0.0,4.11,1.31,0.0
20231016:0511,0.0,0.0,0.0,3.64,1.59,0.0
20231016:0611,0.0,0.0,0.0,3.41,1.66,0.0
20231016:0711,19.85,38.25,4.08,3.18,1.66,0.0
20231016:0811,162.68,202.87,12.02,4.29,1.31,0.0
20231016:0911,320.85,388.3,18.82,6.76,1.31,0.0
20231016:1011,346.56,421.3,24.0,8.25,1.66,0.0
20231016:1111,158.04,200.38,27.05,9.44,2.0,0.0
20231016:1211,379.36,464.54,27.6,10.1,2.21,0.0
20231016:1311,529.54,660.63,25.59,10.36,2.28,0.0
20231016:1411,490.46,608.04,21.27,10.61,2.34,0.0
20231016:1511,277.42,341.68,15.1,10.53,2.34,0.0
20231016:1611,67.93,98.62,7.59,10.08,2.0,0.0
20231016:1711,0.0,0.0,0.0,8.74,2.21,0.0
20231016:1811,0.0,0.0,0.0,7.4,2.41,0.0
20231016:1911,0.0,0.0,0.0,7.14,2.62,0.0
20231016:2011,0.0,0.0,0.0,7.12,2.69,0.0
20231016:2111,0.0,0.0,0.0,6.91,2.83,0.0
20231016:2211,0.0,0.0,0.0,6.74,2.9,0.0
20231016:2311,0.0,0.0,0.0,6.67,2.97,0.0
20231017:0011,0.0,0.0,0.0,6.43,3.1,0.0
20231017:0111,0.0,0.0,0.0,6.04,3.17,0.0
20231017:0211,0.0,0.0,0.0,6.15,3.17,0.0
20231017:0311,0.0,0.0,0.0,6.33,3.17,0.0
20231017:0411,0.0,0.0,0.0,6.39,3.17,0.0
20231017:0511,0.0,0.0,0.0,6.59,3.24,0.0
20231017:0611,0.0,0.0,0.0,6.61,3.31,0.0
20231017:0711,7.51,19.93,3.8,6.99,3.31,0.0
20231017:0811,104.71,137.92,11.72,7.89,3.52,0.0
20231017:0911,263.65,319.5,18.51,9.26,3.86,0.0
20231017:1011,279.76,338.88,23.66,10.65,5.1,0.0
20231017:1111,402.81,485.14,26.69,11.53,6.14,0.0
20231017:1211,449.98,543.45,27.23,12.04,6.41,0.0
20231017:1311,511.37,621.28,25.22,12.34,6.21,0.0
20231017:1411,531.48,646.93,20.91,12.57,6.34,0.0
20231017:1511,379.13,462.08,14.75,12.44,6.0,0.0
20231017:1611,101.57,140.82,7.25,11.85,5.72,0.0
20231017:1711,0.0,0.0,0.0,10.89,5.93,0.0
20231017:1811,0.0,0.0,0.0,10.25,6.34,0.0
20231017:1911,0.0,0.0,0.0,9.74,6.34,0.0
20231017:2011,0.0,0.0,0.0,9.4,6.41,0.0
20231017:2111,0.0,0.0,0.0,9.21,6.14,0.0
20231017:2211,0.0,0.0,0.0,9.3,6.21,0.0
20231017:2311,0.0,0.0,0.0,9.44,6.48,0.0
20231018:0011,0.0,0.0,0.0,9.71,6.48,0.0
20231018:0111,0.0,0.0,0.0,9.44,6.28,0.0
20231018:0211,0.0,0.0,0.0,9.42,6.34,0.0
20231018:0311,0.0,0.0,0.0,9.39,6.41,0.0
20231018:0411,0.0,0.0,0.0,9.44,6.48,0.0
20231018:0511,0.0,0.0,0.0,9.56,6.69,0.0
20231018:0611,0.0,0.0,0.0,9.67,6.9,0.0
20231018:0711,10.15,24.71,3.53,9.19,6.62,0.0
20231018:0811,91.05,122.6,11.43,9.62,6.76,0.0
20231018:0911,171.19,213.3,18.19,10.55,6.55,0.0
20231018:1011,523.49,629.26,23.32,11.61,7.45,0.0
20231018:1111,597.1,726.58,26.33,13.03,7.86,0.0
20231018:1211,491.06,594.32,26.86,13.91,8.21,0.0
20231018:1311,256.34,314.9,24.86,14.66,8.28,0.0
20231018:1411,60.1,88.08,20.55,14.64,8.07,0.0
20231018:1511,32.34,53.77,14.41,14.12,7.1,0.0
20231018:1611,5.04,15.76,6.92,13.19,7.24,0.0
20231018:1711,0.0,0.0,0.0,12.5,7.38,0.0
20231018:1811,0.0,0.0,0.0,12.05,7.72,0.0
20231018:1911,0.0,0.0,0.0,12.1,7.45,0.0
20231018:2011,0.0,0.0,0.0,11.84,7.45,0.0
20231018:2111,0.0,0.0,0.0,11.41,7.31,0.0
20231018:2211,0.0,0.0,0.0,11.35,7.03,0.0
20231018:2311,0.0,0.0,0.0,11.4,6.48,0.0
20231019:0011,0.0,0.0,0.0,11.49,5.38,0.0
20231019:0111,0.0,0.0,0.0,11.82,3.86,0.0
20231019:0211,0.0,0.0,0.0,11.78,1.66,0.0
20231019:0311,0.0,0.0,0.0,11.67,1.59,0.0
20231019:0411,0.0,0.0,0.0,11.67,2.9,0.0
20231019:0511,0.0,0.0,0.0,11.83,3.93,0.0
20231019:0611,0.0,0.0,0.0,11.95,4.07,0.0
20231019:0711,13.17,30.26,3.25,12.92,4.14,0.0
20231019:0811,45.23,69.86,11.13,13.59,4.41,0.0
20231019:0911,9.07,22.25,17.88,14.41,4.76,0.0
20231019:1011,460.99,569.81,22.98,15.07,4.76,0.0
20231019:1111,366.04,452.08,25.97,15.64,4.76,0.0
20231019:1211,285.77,355.13,26.5,16.31,5.17,0.0
20231019:1311,102.29,139.54,24.49,16.66,4.83,0.0
20231019:1411,29.69,50.99,20.2,16.82,4.21,0.0
20231019:1511,124.71,165.54,14.07,16.48,4.83,0.0
20231019:1611,0.29,6.49,6.59,15.39,4.14,0.0
20231019:1711,0.0,0.0,0.0,14.98,3.93,0.0
20231019:1811,0.0,0.0,0.0,14.42,3.66,0.0
20231019:1911,0.0,0.0,0.0,14.3,3.72,0.0
20231019:2011,0.0,0.0,0.0,14.16,3.52,0.0
20231019:2111,0.0,0.0,0.0,13.82,3.38,0.0
20231019:2211,0.0,0.0,0.0,13.67,3.17,0.0
20231019:2311,0.0,0.0,0.0,13.45,3.17,0.0
20231020:0011,0.0,0.0,0.0,13.43,3.03,0.0
20231020:0111,0.0,0.0,0.0,13.49,2.97,0.0
20231020:0211,0.0,0.0,0.0,13.35,3.03,0.0
20231020:0311,0.0,0.0,0.0,13.13,3.1,0.0
20231020:0411,0.0,0.0,0.0,12.91,3.45,0.0
20231020:0511,0.0,0.0,0.0,12.71,4.07,0.0
20231020:0611,0.0,0.0,0.0,12.53,6.21,0.0
20231020:0711,0.0,3.71,2.97,12.14,6.83,0.0
20231020:0811,25.45,44.5,10.84,11.79,8.14,0.0
20231020:0911,12.4,26.89,17.56,11.59,8.69,0.0
20231020:1011,24.07,42.65,22.65,11.48,9.38,0.0
20231020:1111,29.89,50.06,25.62,11.28,9.1,0.0
20231020:1211,37.33,59.33,26.14,11.17,9.17,0.0
20231020:1311,37.36,59.33,24.13,11.04,9.1,0.0
20231020:1411,23.43,41.72,19.85,10.87,9.03,0.0
20231020:1511,9.27,22.25,13.73,10.71,8.62,0.0
20231020:1611,1.55,9.27,6.27,10.59,8.21,0.0
20231020:1711,0.0,0.0,0.0,10.55,7.86,0.0
20231020:1811,0.0,0.0,0.0,10.47,7.17,0.0
20231020:1911,0.0,0.0,0.0,10.14,6.21,0.0
20231020:2011,0.0,0.0,0.0,10.06,5.93,0.0
20231020:2111,0.0,0.0,0.0,9.91,6.14,0.0
20231020:2211,0.0,0.0,0.0,9.53,6.21,0.0
20231020:2311,0.0,0.0,0.0,9.12,5.93,0.0
20231021:0011,0.0,0.0,0.0,8.83,5.38,0.0
20231021:0111,0.0,0.0,0.0,8.65,4.55,0.0
20231021:0211,0.0,0.0,0.0,8.55,3.86,0.0
20231021:0311,0.0,0.0,0.0,8.51,3.17,0.0
20231021:0411,0.0,0.0,0.0,8.42,2.62,0.0
20231021:0511,0.0,0.0,0.0,8.34,2.28,0.0
20231021:0611,0.0,0.0,0.0,8.23,2.0,0.0
20231021:0711,0.0,1.85,2.69,8.43,1.93,0.0
20231021:0811,24.36,42.65,10.55,8.48,1.72,0.0
20231021:0911,17.26,33.38,17.25,9.09,2.69,0.0
20231021:1011,261.91,318.85,22.31,9.6,3.03,0.0
20231021:1111,451.35,551.84,25.27,10.37,3.1,0.0
20231021:1211,312.38,380.44,25.78,10.93,3.45,0.0
20231021:1311,316.69,385.3,23.77,11.32,3.79,0.0
20231021:1411,38.72,61.19,19.5,11.2,4.0,0.0
20231021:1511,163.06,206.12,13.4,10.98,4.0,0.0
20231021:1611,43.15,68.33,5.95,10.5,3.66,0.0
20231021:1711,0.0,0.0,0.0,9.54,3.03,0.0
20231021:1811,0.0,0.0,0.0,8.27,2.76,0.0
20231021:1911,0.0,0.0,0.0,8.26,2.62,0.0
20231021:2011,0.0,0.0,0.0,7.93,2.48,0.0
20231021:2111,0.0,0.0,0.0,7.3,2.48,0.0
20231021:2211,0.0,0.0,0.0,7.03,2.34,0.0
20231021:2311,0.0,0.0,0.0,7.16,2.34,0.0
20231022:0011,0.0,0.0,0.0,7.2,2.41,0.0
20231022:0111,0.0,0.0,0.0,7.2,2.55,0.0
20231022:0211,0.0,0.0,0.0,7.04,2.62,0.0
20231022:0311,0.0,0.0,0.0,6.98,2.62,0.0
20231022:0411,0.0,0.0,0.0,6.68,2.62,0.0
20231022:0511,0.0,0.0,0.0,6.32,2.62,0.0
20231022:0611,0.0,0.0,0.0,6.26,2.55,0.0
20231022:0711,5.07,16.43,2.42,6.28,2.34,0.0
20231022:0811,62.12,88.32,10.25,6.94,2.07,0.0
20231022:0911,151.64,191.12,16.94,8.46,2.28,0.0
20231022:1011,560.12,693.77,21.98,9.93,3.03,0.0
20231022:1111,632.22,793.23,24.92,10.81,3.52,0.0
20231022:1211,370.44,451.5,25.42,11.56,3.66,0.0
20231022:1311,490.99,606.63,23.42,11.83,3.24,0.0
20231022:1411,464.74,576.48,19.16,11.95,2.55,0.0
20231022:1511,304.16,378.98,13.07,12.18,1.86,0.0
20231022:1611,30.39,52.28,5.63,11.9,0.83,0.0
20231022:1711,0.0,0.0,0.0,10.69,0.97,0.0
20231022:1811,0.0,0.0,0.0,8.91,1.52,0.0
20231022:1911,0.0,0.0,0.0,8.27,1.79,0.0
20231022:2011,0.0,0.0,0.0,7.83,1.86,0.0
20231022:2111,0.0,0.0,0.0,7.31,1.86,0.0
20231022:2211,0.0,0.0,0.0,7.14,1.86,0.0
20231022:2311,0.0,0.0,0.0,6.72,1.93,0.0
20231023:0011,0.0,0.0,0.0,6.37,2.0,0.0
20231023:0111,0.0,0.0,0.0,5.79,2.14,0.0
20231023:0211,0.0,0.0,0.0,5.89,2.28,0.0
20231023:0311,0.0,0.0,0.0,6.4,2.34,0.0
20231023:0411,0.0,0.0,0.0,6.88,2.41,0.0
20231023:0511,0.0,0.0,0.0,6.98,2.62,0.0
20231023:0611,0.0,0.0,0.0,7.08,2.76,0.0
20231023:0711,0.73,7.42,2.14,6.46,2.9,0.0
20231023:0811,111.2,145.65,9.96,7.49,2.76,0.0
20231023:0911,127.34,163.35,16.62,8.72,3.03,0.0
20231023:1011,281.34,341.47,21.65,9.93,3.38,0.0
20231023:1111,308.88,375.81,24.57,11.51,4.14,0.0
20231023:1211,327.92,400.05,25.07,12.69,4.55,0.0
20231023:1311,224.94,278.9,23.07,13.5,5.17,0.0
20231023:1411,147.74,190.0,18.82,13.78,4.62,0.0
20231023:1511,30.2,50.99,12.74,13.51,3.93,0.0
20231023:1611,8.53,21.32,5.32,13.05,3.86,0.0
20231023:1711,0.0,0.0,0.0,12.23,3.86,0.0
20231023:1811,0.0,0.0,0.0,11.55,3.79,0.0
20231023:1911,0.0,0.0,0.0,11.12,4.0,0.0
20231023:2011,0.0,0.0,0.0,10.87,4.07,0.0
20231023:2111,0.0,0.0,0.0,10.72,3.93,0.0
20231023:2211,0.0,0.0,0.0,10.6,3.86,0.0
20231023:2311,0.0,0.0,0.0,10.45,3.72,0.0
20231024:0011,0.0,0.0,0.0,10.07,3.52,0.0
20231024:0111,0.0,0.0,0.0,9.71,3.17,0.0
20231024:0211,0.0,0.0,0.0,9.5,2.9,0.0
20231024:0311,0.0,0.0,0.0,9.53,2.69,0.0
20231024:0411,0.0,0.0,0.0,9.33,2.69,0.0
20231024:0511,0.0,0.0,0.0,9.49,2.62,0.0
20231024:0611,0.0,0.0,0.0,9.52,2.41,0.0
20231024:0711,0.0,1.85,1.87,9.5,1.72,0.0
20231024:0811,19.97,37.08,9.67,9.62,1.59,0.0
20231024:0911,31.44,51.92,16.31,9.9,1.66,0.0
20231024:1011,35.07,56.55,21.32,10.29,1.66,0.0
20231024:1111,53.13,78.8,24.23,10.86,1.79,0.0
20231024:1211,66.23,94.56,24.71,11.04,1.93,0.0
20231024:1311,31.22,51.92,22.72,11.29,1.86,0.0
20231024:1411,73.72,103.43,18.48,11.17,1.59,0.0
20231024:1511,62.58,90.07,12.42,10.97,1.72,0.0
20231024:1611,12.6,27.42,5.01,10.63,1.52,0.0
20231024:1711,0.0,0.0,0.0,9.82,1.66,0.0
20231024:1811,0.0,0.0,0.0,9.15,1.59,0.0
20231024:1911,0.0,0.0,0.0,8.38,1.66,0.0
20231024:2011,0.0,0.0,0.0,7.48,1.79,0.0
20231024:2111,0.0,0.0,0.0,6.96,1.93,0.0
20231024:2211,0.0,0.0,0.0,6.5,2.07,0.0
20231024:2311,0.0,0.0,0.0,6.25,2.14,0.0
20231025:0011,0.0,0.0,0.0,6.18,1.86,0.0
20231025:0111,0.0,0.0,0.0,5.52,1.59,0.0
20231025:0211,0.0,0.0,0.0,5.51,1.45,0.0
20231025:0311,0.0,0.0,0.0,5.78,1.72,0.0
20231025:0411,0.0,0.0,0.0,5.57,1.38,0.0
20231025:0511,0.0,0.0,0.0,5.29,1.38,0.0
20231025:0611,0.0,0.0,0.0,5.04,1.03,0.0
20231025:0711,0.0,5.56,1.59,4.54,0.76,0.0
20231025:0811,202.96,252.81,9.38,5.08,0.34,0.0
20231025:0911,398.9,488.95,16.0,6.47,0.48,0.0
20231025:1011,477.12,588.28,20.99,7.45,1.17,0.0
20231025:1111,604.72,763.02,23.89,8.44,1.79,0.0
20231025:1211,618.59,778.8,24.37,9.59,2.55,0.0
20231025:1311,571.47,710.48,22.38,9.97,2.9,0.0
20231025:1411,285.74,347.79,18.15,10.13,2.83,0.0
20231025:1511,33.64,54.7,12.1,10.08,2.21,0.0
20231025:1611,64.01,96.3,4.71,9.81,1.45,0.0
20231025:1711,0.0,0.0,0.0,9.2,1.52,0.0
20231025:1811,0.0,0.0,0.0,8.64,1.31,0.0
20231025:1911,0.0,0.0,0.0,8.88,0.76,0.0
20231025:2011,0.0,0.0,0.0,8.35,0.83,0.0
20231025:2111,0.0,0.0,0.0,8.1,1.17,0.0
20231025:2211,0.0,0.0,0.0,8.3,1.38,0.0
20231025:2311,0.0,0.0,0.0,8.46,1.66,0.0
20231026:0011,0.0,0.0,0.0,8.56,2.0,0.0
20231026:0111,0.0,0.0,0.0,8.57,2.07,0.0
20231026:0211,0.0,0.0,0.0,8.43,2.41,0.0
20231026:0311,0.0,0.0,0.0,8.33,2.55,0.0
20231026:0411,0.0,0.0,0.0,8.12,3.03,0.0
20231026:0511,0.0,0.0,0.0,8.35,3.45,0.0
20231026:0611,0.0,0.0,0.0,8.53,3.66,0.0
20231026:0711,0.0,0.93,1.32,8.86,2.69,0.0
20231026:0811,69.06,97.31,9.09,8.96,2.83,0.0
20231026:0911,14.54,29.67,15.7,9.12,2.48,0.0
20231026:1011,13.84,28.74,20.67,9.47,2.28,0.0
20231026:1111,58.89,85.29,23.55,9.88,2.83,0.0
20231026:1211,112.26,148.04,24.02,10.64,2.62,0.0
20231026:1311,63.86,91.78,22.04,11.29,2.28,0.0
20231026:1411,20.44,38.01,17.82,11.81,2.14,0.0
20231026:1511,69.98,99.33,11.79,12.17,1.59,0.0
20231026:1611,27.47,48.98,4.41,11.84,1.45,0.0
20231026:1711,0.0,0.0,0.0,10.59,2.0,0.0
20231026:1811,0.0,0.0,0.0,9.69,2.14,0.0
20231026:1911,0.0,0.0,0.0,8.85,2.21,0.0
20231026:2011,0.0,0.0,0.0,8.43,2.21,0.0
20231026:2111,0.0,0.0,0.0,8.38,2.14,0.0
20231026:2211,0.0,0.0,0.0,7.67,2.0,0.0
20231026:2311,0.0,0.0,0.0,7.77,2.0,0.0
20231027:0011,0.0,0.0,0.0,7.73,2.07,0.0
20231027:0111,0.0,0.0,0.0,8.01,1.93,0.0
20231027:0211,0.0,0.0,0.0,8.02,1.93,0.0
20231027:0311,0.0,0.0,0.0,8.16,1.93,0.0
20231027:0411,0.0,0.0,0.0,8.36,2.28,0.0
20231027:0511,0.0,0.0,0.0,8.52,2.14,0.0
20231027:0611,0.0,0.0,0.0,8.74,2.21,0.0
20231027:0711,0.0,0.0,0.0,8.06,1.93,0.0
20231027:0811,40.84,63.35,8.8,8.48,2.07,0.0
20231027:0911,106.19,139.69,15.39,9.33,2.55,0.0
20231027:1011,313.0,380.06,20.34,9.99,2.76,0.0
20231027:1111,301.74,367.62,23.21,10.47,2.83,0.0
20231027:1211,45.5,69.53,23.68,11.05,2.76,0.0
20231027:1311,34.16,55.63,21.7,11.46,2.76,0.0
20231027:1411,109.21,144.54,17.5,11.54,2.69,0.0
20231027:1511,128.15,166.94,11.48,11.55,2.48,0.0
20231027:1611,10.46,24.45,4.11,11.2,2.48,0.0
20231027:1711,0.0,0.0,0.0,9.94,2.48,0.0
20231027:1811,0.0,0.0,0.0,9.36,2.62,0.0
20231027:1911,0.0,0.0,0.0,9.07,2.55,0.0
20231027:2011,0.0,0.0,0.0,8.87,2.69,0.0
20231027:2111,0.0,0.0,0.0,8.44,2.76,0.0
20231027:2211,0.0,0.0,0.0,8.01,2.83,0.0
20231027:2311,0.0,0.0,0.0,7.62,2.83,0.0
20231028:0011,0.0,0.0,0.0,7.39,2.9,0.0
20231028:0111,0.0,0.0,0.0,7.21,2.97,0.0
20231028:0211,0.0,0.0,0.0,7.45,2.9,0.0
20231028:0311,0.0,0.0,0.0,7.27,2.76,0.0
20231028:0411,0.0,0.0,0.0,7.34,2.76,0.0
20231028:0511,0.0,0.0,0.0,7.6,2.97,0.0
20231028:0611,0.0,0.0,0.0,8.02,3.03,0.0
20231028:0711,0.0,0.0,0.0,8.24,3.17,0.0
20231028:0811,5.18,15.76,8.52,8.72,3.38,0.0
20231028:0911,74.8,103.47,15.09,9.5,4.07,0.0
20231028:1011,267.46,324.37,20.02,10.05,3.93,0.0
20231028:1111,154.73,196.5,22.87,10.83,3.24,0.0
20231028:1211,44.7,68.61,23.34,11.35,3.31,0.0
20231028:1311,117.48,154.45,21.37,11.9,3.24,0.0
20231028:1411,210.38,261.67,17.18,12.49,3.38,0.0
20231028:1511,135.61,176.03,11.17,12.51,3.38,0.0
20231028:1611,10.0,23.85,3.82,11.74,3.59,0.0
20231028:1711,0.0,0.0,0.0,11.0,3.72,0.0
20231028:1811,0.0,0.0,0.0,10.47,4.14,0.0
20231028:1911,0.0,0.0,0.0,10.29,4.28,0.0
20231028:2011,0.0,0.0,0.0,10.32,4.69,0.0
20231028:2111,0.0,0.0,0.0,10.24,5.1,0.0
20231028:2211,0.0,0.0,0.0,10.25,5.31,0.0
20231028:2311,0.0,0.0,0.0,10.23,4.62,0.0
20231029:0011,0.0,0.0,0.0,9.98,3.72,0.0
20231029:0111,0.0,0.0,0.0,10.02,2.97,0.0
20231029:0211,0.0,0.0,0.0,9.79,2.28,0.0
20231029:0311,0.0,0.0,0.0,9.47,2.34,0.0
20231029:0411,0.0,0.0,0.0,9.05,2.9,0.0
20231029:0511,0.0,0.0,0.0,9.02,3.31,0.0
20231029:0611,0.0,0.0,0.0,8.34,3.24,0.0
20231029:0711,0.0,0.0,0.0,8.44,3.31,0.0
20231029:0811,126.79,164.72,8.23,8.46,3.31,0.0
20231029:0911,265.85,323.03,14.78,9.1,2.83,0.0
20231029:1011,424.86,512.47,19.7,10.14,4.28,0.0
20231029:1111,392.34,475.11,22.54,11.15,4.28,0.0
20231029:1211,562.0,698.12,23.01,11.85,3.72,0.0
20231029:1311,338.01,412.92,21.04,12.3,3.52,0.0
20231029:1411,402.69,495.9,16.86,12.38,2.83,0.0
20231029:1511,285.21,354.99,10.87,12.28,2.55,0.0
20231029:1611,38.9,65.22,3.53,11.65,2.69,0.0
20231029:1711,0.0,0.0,0.0,10.61,2.97,0.0
20231029:1811,0.0,0.0,0.0,9.99,3.1,0.0
20231029:1911,0.0,0.0,0.0,9.74,3.03,0.0
20231029:2011,0.0,0.0,0.0,9.74,3.03,0.0
20231029:2111,0.0,0.0,0.0,9.64,2.9,0.0
20231029:2211,0.0,0.0,0.0,9.52,2.97,0.0
20231029:2311,0.0,0.0,0.0,9.27,2.97,0.0
20231030:0011,0.0,0.0,0.0,9.46,3.03,0.0
20231030:0111,0.0,0.0,0.0,9.56,2.9,0.0
20231030:0211,0.0,0.0,0.0,9.58,2.55,0.0
20231030:0311,0.0,0.0,0.0,9.47,2.14,0.0
20231030:0411,0.0,0.0,0.0,9.35,1.86,0.0
20231030:0511,0.0,0.0,0.0,9.35,1.86,0.0
20231030:0611,0.0,0.0,0.0,9.28,1.66,0.0
20231030:0711,0.0,0.0,0.0,8.73,2.21,0.0
20231030:0811,1.13,8.34,7.95,8.9,2.14,0.0
20231030:0911,8.72,21.32,14.48,9.15,2.21,0.0
20231030:1011,35.19,56.55,19.38,9.68,2.0,0.0
20231030:1111,141.95,181.9,22.22,10.38,2.28,0.0
20231030:1211,182.32,229.04,22.68,10.92,2.07,0.0
20231030:1311,529.04,662.73,20.72,11.02,2.07,0.0
20231030:1411,99.08,132.64,16.55,11.22,2.55,0.0
20231030:1511,103.31,137.64,10.57,10.83,2.48,0.0
20231030:1611,30.94,54.36,3.25,10.28,2.28,0.0
20231030:1711,0.0,0.0,0.0,9.74,2.34,0.0
20231030:1811,0.0,0.0,0.0,9.63,2.34,0.0
20231030:1911,0.0,0.0,0.0,8.85,3.38,0.0
20231030:2011,0.0,0.0,0.0,8.63,3.45,0.0
20231030:2111,0.0,0.0,0.0,8.35,3.72,0.0
20231030:2211,0.0,0.0,0.0,8.14,3.72,0.0
20231030:2311,0.0,0.0,0.0,7.99,3.79,0.0
20231031:0011,0.0,0.0,0.0,8.02,3.93,0.0
20231031:0111,0.0,0.0,0.0,8.14,4.07,0.0
20231031:0211,0.0,0.0,0.0,8.2,4.14,0.0
20231031:0311,0.0,0.0,0.0,8.22,4.21,0.0
20231031:0411,0.0,0.0,0.0,8.2,4.28,0.0
20231031:0511,0.0,0.0,0.0,8.18,4.34,0.0
20231031:0611,0.0,0.0,0.0,7.95,4.14,0.0
20231031:0711,0.0,0.0,0.0,8.02,3.45,0.0
20231031:0811,17.34,33.38,7.66,8.22,3.1,0.0
20231031:0911,145.53,183.7,14.18,8.43,2.62,0.0
20231031:1011,45.25,68.61,19.07,8.79,2.76,0.0
20231031:1111,13.88,28.74,21.89,9.04,3.03,0.0
20231031:1211,51.22,76.02,22.35,9.47,2.34,0.0
20231031:1311,11.84,25.96,20.4,9.89,1.52,0.0
20231031:1411,64.28,91.92,16.24,10.3,1.17,0.0
20231031:1511,57.71,84.11,10.28,10.38,1.1,0.0
20231031:1611,7.11,19.49,2.97,10.16,1.24,0.0
20231031:1711,0.0,0.0,0.0,9.39,1.72,0.0
20231031:1811,0.0,0.0,0.0,8.72,1.93,0.0
20231031:1911,0.0,0.0,0.0,9.12,2.07,0.0
20231031:2011,0.0,0.0,0.0,9.0,2.34,0.0
20231031:2111,0.0,0.0,0.0,8.89,2.69,0.0
20231031:2211,0.0,0.0,0.0,8.98,2.76,0.0
20231031:2311,0.0,0.0,0.0,8.96,2.9,0.0
20231101:0011,0.0,0.0,0.0,9.05,3.03,0.0
20231101:0111,0.0,0.0,0.0,9.19,3.52,0.0
20231101:0211,0.0,0.0,0.0,9.26,4.14,0.0
20231101:0311,0.0,0.0,0.0,9.34,4.62,0.0
20231101:0411,0.0,0.0,0.0,9.56,4.69,0.0
20231101:0511,0.0,0.0,0.0,10.07,4.9,0.0
20231101:0611,0.0,0.0,0.0,10.76,4.97,0.0
20231101:0711,0.0,0.0,0.0,11.57,4.97,0.0
20231101:0811,40.28,63.49,7.38,11.81,5.24,0.0
20231101:0911,208.43,257.35,13.89,11.74,5.1,0.0
20231101:1011,471.59,572.46,18.76,11.97,5.17,0.0
20231101:1111,92.22,124.87,21.57,12.06,6.69,0.0
20231101:1211,258.56,314.25,22.03,12.12,6.9,0.0
20231101:1311,139.06,178.0,20.08,12.02,7.1,0.0
20231101:1411,195.5,241.41,15.94,11.71,6.69,0.0
20231101:1511,223.42,275.95,9.99,11.18,5.79,0.0
20231101:1611,5.64,17.23,2.7,10.34,4.97,0.0
20231101:1711,0.0,0.0,0.0,9.25,4.9,0.0
20231101:1811,0.0,0.0,0.0,8.3,4.83,0.0
20231101:1911,0.0,0.0,0.0,8.14,4.41,0.0
20231101:2011,0.0,0.0,0.0,7.72,4.14,0.0
20231101:2111,0.0,0.0,0.0,7.08,3.72,0.0
20231101:2211,0.0,0.0,0.0,6.74,3.72,0.0
20231101:2311,0.0,0.0,0.0,6.8,4.07,0.0
20231102:0011,0.0,0.0,0.0,7.16,4.55,0.0
20231102:0111,0.0,0.0,0.0,7.37,5.24,0.0
20231102:0211,0.0,0.0,0.0,7.5,6.55,0.0
20231102:0311,0.0,0.0,0.0,7.6,7.03,0.0
20231102:0411,0.0,0.0,0.0,7.91,6.34,0.0
20231102:0511,0.0,0.0,0.0,8.25,5.03,0.0
20231102:0611,0.0,0.0,0.0,8.48,3.59,0.0
20231102:0711,0.0,0.0,0.0,8.66,3.1,0.0
20231102:0811,146.43,188.74,7.1,8.8,2.69,0.0
20231102:0911,387.25,470.59,13.59,9.12,2.62,0.0
20231102:1011,177.84,220.82,18.45,9.37,3.45,0.0
20231102:1111,172.38,214.94,21.25,9.54,3.79,0.0
20231102:1211,13.82,28.74,21.71,9.95,3.79,0.0
20231102:1311,11.86,25.96,19.77,9.86,4.48,0.0
20231102:1411,14.54,29.67,15.64,9.24,4.9,0.0
20231102:1511,2.52,11.13,9.71,8.76,5.72,0.0
20231102:1611,0.0,1.85,2.43,8.48,6.48,0.0
20231102:1711,0.0,0.0,0.0,8.37,6.62,0.0
20231102:1811,0.0,0.0,0.0,8.32,6.41,0.0
20231102:1911,0.0,0.0,0.0,8.79,5.59,0.0
20231102:2011,0.0,0.0,0.0,8.83,5.66,0.0
20231102:2111,0.0,0.0,0.0,8.6,5.17,0.0
20231102:2211,0.0,0.0,0.0,8.43,5.1,0.0
20231102:2311,0.0,0.0,0.0,8.43,5.38,0.0
20231103:0011,0.0,0.0,0.0,8.46,5.52,0.0
20231103:0111,0.0,0.0,0.0,8.45,4.9,0.0
20231103:0211,0.0,0.0,0.0,8.36,4.55,0.0
20231103:0311,0.0,0.0,0.0,8.09,4.34,0.0
20231103:0411,0.0,0.0,0.0,8.0,4.0,0.0
20231103:0511,0.0,0.0,0.0,7.94,3.86,0.0
20231103:0611,0.0,0.0,0.0,7.83,3.59,0.0
20231103:0711,0.0,0.0,0.0,8.08,3.93,0.0
20231103:0811,49.03,73.31,6.82,7.97,3.79,0.0
20231103:0911,63.33,89.73,13.3,8.61,4.07,0.0
20231103:1011,67.83,95.5,18.14,9.57,4.62,0.0
20231103:1111,162.28,203.43,20.94,9.93,4.62,0.0
20231103:1211,99.15,132.33,21.39,10.51,4.48,0.0
20231103:1311,11.17,25.03,19.46,10.57,4.55,0.0
20231103:1411,188.14,232.37,15.35,10.38,5.17,0.0
20231103:1511,143.0,181.98,9.44,9.73,5.38,0.0
20231103:1611,1.57,9.27,2.17,9.04,4.76,0.0
20231103:1711,0.0,0.0,0.0,8.68,4.34,0.0
20231103:1811,0.0,0.0,0.0,8.71,4.21,0.0
20231103:1911,0.0,0.0,0.0,8.44,4.21,0.0
20231103:2011,0.0,0.0,0.0,8.39,3.59,0.0
20231103:2111,0.0,0.0,0.0,8.39,3.52,0.0
20231103:2211,0.0,0.0,0.0,8.52,3.86,0.0
20231103:2311,0.0,0.0,0.0,8.3,4.28,0.0
20231104:0011,0.0,0.0,0.0,8.23,3.52,0.0
20231104:0111,0.0,0.0,0.0,7.69,2.21,0.0
20231104:0211,0.0,0.0,0.0,6.95,2.14,0.0
20231104:0311,0.0,0.0,0.0,6.59,2.41,0.0
20231104:0411,0.0,0.0,0.0,6.21,2.55,0.0
20231104:0511,0.0,0.0,0.0,5.94,2.48,0.0
20231104:0611,0.0,0.0,0.0,5.69,2.69,0.0
20231104:0711,0.0,0.0,0.0,5.92,2.83,0.0
20231104:0811,44.98,67.93,6.55,5.95,3.03,0.0
20231104:0911,66.93,93.27,13.01,6.81,3.38,0.0
20231104:1011,70.02,97.41,17.84,7.71,3.93,0.0
20231104:1111,187.25,229.98,20.63,8.1,4.28,0.0
20231104:1211,71.32,99.2,21.08,8.35,4.55,0.0
20231104:1311,22.98,40.79,19.16,8.36,4.62,0.0
20231104:1411,57.41,82.76,15.06,8.22,4.76,0.0
20231104:1511,66.72,93.54,9.16,7.95,4.55,0.0
20231104:1611,0.0,1.85,1.91,7.8,4.21,0.0
20231104:1711,0.0,0.0,0.0,7.77,4.07,0.0
20231104:1811,0.0,0.0,0.0,7.81,3.93,0.0
20231104:1911,0.0,0.0,0.0,7.89,4.0,0.0
20231104:2011,0.0,0.0,0.0,7.93,3.93,0.0
20231104:2111,0.0,0.0,0.0,7.98,3.93,0.0
20231104:2211,0.0,0.0,0.0,7.96,4.0,0.0
20231104:2311,0.0,0.0,0.0,7.95,3.86,0.0
20231105:0011,0.0,0.0,0.0,7.93,3.86,0.0
20231105:0111,0.0,0.0,0.0,7.86,3.93,0.0
20231105:0211,0.0,0.0,0.0,7.8,4.0,0.0
20231105:0311,0.0,0.0,0.0,7.67,3.93,0.0
20231105:0411,0.0,0.0,0.0,7.57,3.79,0.0
20231105:0511,0.0,0.0,0.0,7.38,3.59,0.0
20231105:0611,0.0,0.0,0.0,7.04,3.17,0.0
20231105:0711,0.0,0.0,0.0,6.68,3.31,0.0
20231105:0811,34.56,55.4,6.27,6.77,2.97,0.0
20231105:0911,407.19,491.51,12.72,7.51,2.76,0.0
20231105:1011,342.29,408.89,17.54,8.85,4.48,0.0
20231105:1111,349.61,418.75,20.32,9.58,4.69,0.0
20231105:1211,23.49,41.72,20.78,10.04,4.83,0.0
20231105:1311,142.04,180.51,18.86,10.11,4.41,0.0
20231105:1411,88.91,119.87,14.78,10.03,4.14,0.0
20231105:1511,38.78,60.87,8.9,9.61,3.38,0.0
20231105:1611,0.0,2.78,1.66,8.76,2.69,0.0
20231105:1711,0.0,0.0,0.0,8.28,2.62,0.0
20231105:1811,0.0,0.0,0.0,7.7,2.62,0.0
20231105:1911,0.0,0.0,0.0,7.09,2.48,0.0
20231105:2011,0.0,0.0,0.0,6.79,2.34,0.0
20231105:2111,0.0,0.0,0.0,6.46,2.48,0.0
20231105:2211,0.0,0.0,0.0,5.99,2.62,0.0
20231105:2311,0.0,0.0,0.0,5.99,2.69,0.0
20231106:0011,0.0,0.0,0.0,6.02,2.83,0.0
20231106:0111,0.0,0.0,0.0,5.96,2.9,0.0
20231106:0211,0.0,0.0,0.0,6.13,2.97,0.0
20231106:0311,0.0,0.0,0.0,6.21,3.1,0.0
20231106:0411,0.0,0.0,0.0,6.31,3.31,0.0
20231106:0511,0.0,0.0,0.0,6.54,3.45,0.0
20231106:0611,0.0,0.0,0.0,6.82,3.72,0.0
20231106:0711,0.0,0.0,0.0,7.43,4.14,0.0
20231106:0811,99.65,133.33,6.0,7.89,4.41,0.0
20231106:0911,42.85,65.42,12.44,8.3,4.69,0.0
20231106:1011,77.5,106.18,17.24,8.65,5.31,0.0
20231106:1111,63.99,90.86,20.02,9.06,4.9,0.0
20231106:1211,265.72,320.43,20.48,9.61,4.9,0.0
20231106:1311,22.79,40.79,18.57,9.95,4.83,0.0
20231106:1411,83.29,113.26,14.5,9.97,4.9,0.0
20231106:1511,8.72,21.32,8.64,9.33,5.31,0.0
20231106:1611,0.0,0.93,1.41,8.83,4.55,0.0
20231106:1711,0.0,0.0,0.0,8.06,3.86,0.0
20231106:1811,0.0,0.0,0.0,7.8,3.45,0.0
20231106:1911,0.0,0.0,0.0,7.99,3.17,0.0
20231106:2011,0.0,0.0,0.0,7.67,3.24,0.0
20231106:2111,0.0,0.0,0.0,7.67,3.45,0.0
20231106:2211,0.0,0.0,0.0,7.45,3.52,0.0
20231106:2311,0.0,0.0,0.0,7.36,3.59,0.0
20231107:0011,0.0,0.0,0.0,7.42,3.79,0.0
20231107:0111,0.0,0.0,0.0,7.3,3.79,0.0
20231107:0211,0.0,0.0,0.0,7.18,3.79,0.0
20231107:0311,0.0,0.0,0.0,6.91,3.79,0.0
20231107:0411,0.0,0.0,0.0,6.76,3.86,0.0
20231107:0511,0.0,0.0,0.0,6.73,3.79,0.0
20231107:0611,0.0,0.0,0.0,6.83,3.79,0.0
20231107:0711,0.0,0.0,0.0,7.41,4.0,0.0
20231107:0811,22.28,39.91,5.73,7.22,3.86,0.0
20231107:0911,128.59,163.49,12.15,8.1,4.76,0.0
20231107:1011,46.85,70.46,16.95,8.94,5.1,0.0
20231107:1111,56.83,82.51,19.72,9.44,5.24,0.0
20231107:1211,222.29,270.62,20.18,9.71,5.24,0.0
20231107:1311,10.58,24.1,18.28,9.8,5.1,0.0
20231107:1411,6.29,17.62,14.22,9.78,5.1,0.0
20231107:1511,1.56,9.27,8.38,9.54,4.34,0.0
20231107:1611,0.0,0.0,0.0,8.64,3.93,0.0
20231107:1711,0.0,0.0,0.0,8.25,3.79,0.0
20231107:1811,0.0,0.0,0.0,7.71,3.38,0.0
20231107:1911,0.0,0.0,0.0,7.02,2.83,0.0
20231107:2011,0.0,0.0,0.0,6.26,2.62,0.0
20231107:2111,0.0,0.0,0.0,6.05,2.55,0.0
20231107:2211,0.0,0.0,0.0,5.99,2.55,0.0
20231107:2311,0.0,0.0,0.0,6.05,2.62,0.0
20231108:0011,0.0,0.0,0.0,5.99,2.76,0.0
20231108:0111,0.0,0.0,0.0,6.0,2.97,0.0
20231108:0211,0.0,0.0,0.0,6.09,3.31,0.0
20231108:0311,0.0,0.0,0.0,6.31,3.93,0.0
20231108:0411,0.0,0.0,0.0,6.75,4.62,0.0
20231108:0511,0.0,0.0,0.0,7.33,5.38,0.0
20231108:0611,0.0,0.0,0.0,7.71,6.07,0.0
20231108:0711,0.0,0.0,0.0,8.14,6.9,0.0
20231108:0811,9.38,22.25,5.46,8.64,7.1,0.0
20231108:0911,27.95,47.28,11.87,9.34,6.76,0.0
20231108:1011,87.65,118.24,16.66,9.85,6.14,0.0
20231108:1111,84.98,115.12,19.42,9.33,6.41,0.0
20231108:1211,208.94,254.25,19.89,8.77,5.45,0.0
20231108:1311,60.8,87.15,18.0,9.3,5.59,0.0
20231108:1411,91.04,121.75,13.96,9.35,5.17,0.0
20231108:1511,83.68,113.78,8.13,9.09,4.41,0.0
20231108:1611,0.0,0.0,0.0,8.27,3.52,0.0
20231108:1711,0.0,0.0,0.0,7.52,3.03,0.0
20231108:1811,0.0,0.0,0.0,6.93,3.03,0.0
20231108:1911,0.0,0.0,0.0,6.7,3.24,0.0
20231108:2011,0.0,0.0,0.0,6.66,3.45,0.0
20231108:2111,0.0,0.0,0.0,6.69,3.72,0.0
20231108:2211,0.0,0.0,0.0,6.69,4.07,0.0
20231108:2311,0.0,0.0,0.0,6.59,4.28,0.0
20231109:0011,0.0,0.0,0.0,6.54,4.28,0.0
20231109:0111,0.0,0.0,0.0,6.58,4.21,0.0
20231109:0211,0.0,0.0,0.0,6.4,4.14,0.0
20231109:0311,0.0,0.0,0.0,5.92,3.66,0.0
20231109:0411,0.0,0.0,0.0,5.6,3.31,0.0
20231109:0511,0.0,0.0,0.0,5.49,3.45,0.0
20231109:0611,0.0,0.0,0.0,5.41,3.66,0.0
20231109:0711,0.0,0.0,0.0,5.37,3.72,0.0
20231109:0811,0.74,7.42,5.2,5.57,3.66,0.0
20231109:0911,164.28,202.34,11.6,6.29,4.0,0.0
20231109:1011,465.15,552.82,16.38,6.92,4.48,0.0
20231109:1111,124.4,158.69,19.13,7.57,5.03,0.0
20231109:1211,602.82,730.97,19.6,8.24,4.83,0.0
20231109:1311,77.3,106.07,17.72,8.63,4.76,0.0
20231109:1411,23.7,41.72,13.69,8.34,4.34,0.0
20231109:1511,76.11,104.62,7.88,8.16,4.41,0.0
20231109:1611,0.0,0.0,0.0,7.51,4.07,0.0
20231109:1711,0.0,0.0,0.0,7.08,3.79,0.0
20231109:1811,0.0,0.0,0.0,6.47,3.38,0.0
20231109:1911,0.0,0.0,0.0,6.03,3.45,0.0
20231109:2011,0.0,0.0,0.0,5.87,3.93,0.0
20231109:2111,0.0,0.0,0.0,5.79,3.86,0.0
20231109:2211,0.0,0.0,0.0,5.85,3.52,0.0
20231109:2311,0.0,0.0,0.0,5.83,3.03,0.0
20231110:0011,0.0,0.0,0.0,5.3,2.48,0.0
20231110:0111,0.0,0.0,0.0,4.76,2.28,0.0
20231110:0211,0.0,0.0,0.0,4.51,2.14,0.0
20231110:0311,0.0,0.0,0.0,4.32,1.86,0.0
20231110:0411,0.0,0.0,0.0,3.94,1.59,0.0
20231110:0511,0.0,0.0,0.0,4.09,1.1,0.0
20231110:0611,0.0,0.0,0.0,4.1,0.83,0.0
20231110:0711,0.0,0.0,0.0,2.93,1.03,0.0
20231110:0811,20.46,37.06,4.94,2.92,0.97,0.0
20231110:0911,269.26,323.16,11.33,4.54,1.31,0.0
20231110:1011,260.96,313.11,16.09,5.78,1.86,0.0
20231110:1111,556.64,677.45,18.85,6.63,2.9,0.0
20231110:1211,511.32,616.33,19.31,7.27,3.52,0.0
20231110:1311,267.4,319.67,17.45,7.52,4.28,0.0
20231110:1411,303.94,361.62,13.44,7.4,4.55,0.0
20231110:1511,219.62,269.12,7.64,7.23,3.79,0.0
20231110:1611,0.0,0.0,0.0,6.39,2.9,0.0
20231110:1711,0.0,0.0,0.0,5.26,2.55,0.0
20231110:1811,0.0,0.0,0.0,4.76,2.62,0.0
20231110:1911,0.0,0.0,0.0,5.2,2.83,0.0
20231110:2011,0.0,0.0,0.0,4.9,2.83,0.0
20231110:2111,0.0,0.0,0.0,4.72,2.62,0.0
20231110:2211,0.0,0.0,0.0,4.65,2.62,0.0
20231110:2311,0.0,0.0,0.0,4.68,2.76,0.0
20231111:0011,0.0,0.0,0.0,4.58,2.83,0.0
20231111:0111,0.0,0.0,0.0,4.71,2.97,0.0
20231111:0211,0.0,0.0,0.0,4.89,3.03,0.0
20231111:0311,0.0,0.0,0.0,5.16,3.1,0.0
20231111:0411,0.0,0.0,0.0,5.13,3.03,0.0
20231111:0511,0.0,0.0,0.0,4.92,2.83,0.0
20231111:0611,0.0,0.0,0.0,4.54,2.41,0.0
20231111:0711,0.0,0.0,0.0,3.99,2.21,0.0
20231111:0811,85.73,115.94,4.68,3.15,1.72,0.0
20231111:0911,304.26,365.05,11.06,3.95,0.83,0.0
20231111:1011,481.0,592.23,15.81,6.25,0.83,0.0
20231111:1111,538.07,669.99,18.57,7.39,1.24,0.0
20231111:1211,533.0,664.22,19.04,8.11,1.38,0.0
20231111:1311,498.36,618.73,17.18,8.55,1.31,0.0
20231111:1411,423.05,523.63,13.19,8.63,0.76,0.0
20231111:1511,229.09,285.83,7.41,8.4,0.69,0.0
20231111:1611,0.0,0.0,0.0,7.45,1.1,0.0
20231111:1711,0.0,0.0,0.0,5.09,1.52,0.0
20231111:1811,0.0,0.0,0.0,3.45,2.07,0.0
20231111:1911,0.0,0.0,0.0,3.1,2.28,0.0
20231111:2011,0.0,0.0,0.0,3.27,2.41,0.0
20231111:2111,0.0,0.0,0.0,3.67,2.55,0.0
20231111:2211,0.0,0.0,0.0,3.89,2.62,0.0
20231111:2311,0.0,0.0,0.0,4.35,2.48,0.0
20231112:0011,0.0,0.0,0.0,4.3,2.55,0.0
20231112:0111,0.0,0.0,0.0,4.59,2.62,0.0
20231112:0211,0.0,0.0,0.0,4.95,2.76,0.0
20231112:0311,0.0,0.0,0.0,4.75,2.76,0.0
20231112:0411,0.0,0.0,0.0,4.91,2.83,0.0
20231112:0511,0.0,0.0,0.0,4.76,2.97,0.0
20231112:0611,0.0,0.0,0.0,4.56,3.03,0.0
20231112:0711,0.0,0.0,0.0,3.88,3.45,0.0
20231112:0811,55.87,81.13,4.42,4.17,3.52,0.0
20231112:0911,59.6,83.97,10.79,4.78,3.86,0.0
20231112:1011,25.51,43.57,15.54,5.52,4.41,0.0
20231112:1111,10.8,24.1,18.29,6.07,4.21,0.0
20231112:1211,10.79,24.1,18.76,6.21,3.93,0.0
20231112:1311,8.86,21.32,16.92,6.39,3.93,0.0
20231112:1411,149.23,185.23,12.94,6.68,4.9,0.0
20231112:1511,23.93,41.76,7.18,6.78,4.9,0.0
20231112:1611,0.0,0.0,0.0,6.82,4.76,0.0
20231112:1711,0.0,0.0,0.0,6.98,4.55,0.0
20231112:1811,0.0,0.0,0.0,7.18,4.28,0.0
20231112:1911,0.0,0.0,0.0,7.65,4.0,0.0
20231112:2011,0.0,0.0,0.0,7.92,3.52,0.0
20231112:2111,0.0,0.0,0.0,8.16,3.03,0.0
20231112:2211,0.0,0.0,0.0,8.11,2.9,0.0
20231112:2311,0.0,0.0,0.0,7.88,2.9,0.0
20231113:0011,0.0,0.0,0.0,7.93,2.97,0.0
20231113:0111,0.0,0.0,0.0,8.12,2.97,0.0
20231113:0211,0.0,0.0,0.0,8.27,3.45,0.0
20231113:0311,0.0,0.0,0.0,8.56,4.28,0.0
20231113:0411,0.0,0.0,0.0,8.92,5.45,0.0
20231113:0511,0.0,0.0,0.0,9.24,6.41,0.0
20231113:0611,0.0,0.0,0.0,9.56,7.31,0.0
20231113:0711,0.0,0.0,0.0,9.6,7.86,0.0
20231113:0811,59.98,88.21,4.17,10.67,7.03,0.0
20231113:0911,251.07,304.12,10.53,11.2,7.86,0.0
20231113:1011,169.57,210.4,15.27,10.81,8.14,0.0
20231113:1111,154.6,193.96,18.02,10.96,8.62,0.0
20231113:1211,125.3,161.22,18.5,11.12,9.31,0.0
20231113:1311,39.56,62.12,16.66,11.35,9.66,0.0
20231113:1411,4.55,14.83,12.7,11.28,10.0,0.0
20231113:1511,4.55,14.83,6.96,11.25,10.34,0.0
20231113:1611,0.0,0.0,0.0,11.03,10.28,0.0
20231113:1711,0.0,0.0,0.0,10.79,9.52,0.0
20231113:1811,0.0,0.0,0.0,10.59,8.9,0.0
20231113:1911,0.0,0.0,0.0,10.5,7.59,0.0
20231113:2011,0.0,0.0,0.0,10.05,7.24,0.0
20231113:2111,0.0,0.0,0.0,9.98,7.1,0.0
20231113:2211,0.0,0.0,0.0,9.99,6.34,0.0
20231113:2311,0.0,0.0,0.0,9.85,5.79,0.0
20231114:0011,0.0,0.0,0.0,9.59,5.03,0.0
20231114:0111,0.0,0.0,0.0,9.49,4.62,0.0
20231114:0211,0.0,0.0,0.0,9.41,4.41,0.0
20231114:0311,0.0,0.0,0.0,9.48,3.86,0.0
20231114:0411,0.0,0.0,0.0,9.44,3.86,0.0
20231114:0511,0.0,0.0,0.0,9.6,3.66,0.0
20231114:0611,0.0,0.0,0.0,9.71,3.59,0.0
20231114:0711,0.0,0.0,0.0,8.73,3.45,0.0
20231114:0811,21.41,39.37,3.92,8.7,3.03,0.0
20231114:0911,46.68,70.22,10.27,9.14,3.03,0.0
20231114:1011,54.69,80.18,15.0,9.86,2.83,0.0
20231114:1111,51.05,76.02,17.75,10.44,3.79,0.0
20231114:1211,259.86,315.85,18.23,10.81,4.07,0.0
20231114:1311,9.26,22.25,16.41,10.8,3.79,0.0
20231114:1411,25.58,44.5,12.47,10.53,4.28,0.0
20231114:1511,0.32,6.49,6.74,9.9,4.97,0.0
20231114:1611,0.0,0.0,0.0,9.4,4.41,0.0
20231114:1711,0.0,0.0,0.0,9.24,4.34,0.0
20231114:1811,0.0,0.0,0.0,9.19,4.41,0.0
20231114:1911,0.0,0.0,0.0,9.03,4.62,0.0
20231114:2011,0.0,0.0,0.0,8.85,4.62,0.0
20231114:2111,0.0,0.0,0.0,8.89,5.17,0.0
20231114:2211,0.0,0.0,0.0,8.89,5.38,0.0
20231114:2311,0.0,0.0,0.0,8.79,5.59,0.0
20231115:0011,0.0,0.0,0.0,8.61,5.38,0.0
20231115:0111,0.0,0.0,0.0,8.38,5.24,0.0
20231115:0211,0.0,0.0,0.0,8.47,5.72,0.0
20231115:0311,0.0,0.0,0.0,8.36,6.0,0.0
20231115:0411,0.0,0.0,0.0,8.2,5.79,0.0
20231115:0511,0.0,0.0,0.0,8.13,6.14,0.0
20231115:0611,0.0,0.0,0.0,7.97,5.86,0.0
20231115:0711,0.0,0.0,0.0,8.11,6.28,0.0
20231115:0811,0.33,6.49,3.67,8.14,6.41,0.0
20231115:0911,8.15,20.4,10.01,8.36,6.48,0.0
20231115:1011,22.97,40.79,14.74,8.63,6.97,0.0
20231115:1111,38.51,60.26,17.49,8.8,7.1,0.0
20231115:1211,57.84,83.44,17.98,8.95,7.24,0.0
20231115:1311,25.78,44.5,16.17,9.22,7.24,0.0
20231115:1411,99.49,131.04,12.24,9.34,5.79,0.0
20231115:1511,8.12,20.4,6.53,9.06,6.0,0.0
20231115:1611,0.0,0.0,0.0,8.36,5.24,0.0
20231115:1711,0.0,0.0,0.0,7.97,4.41,0.0
20231115:1811,0.0,0.0,0.0,7.82,4.07,0.0
20231115:1911,0.0,0.0,0.0,7.85,3.66,0.0
20231115:2011,0.0,0.0,0.0,7.46,3.17,0.0
20231115:2111,0.0,0.0,0.0,7.21,2.69,0.0
20231115:2211,0.0,0.0,0.0,6.77,2.14,0.0
20231115:2311,0.0,0.0,0.0,6.34,1.79,0.0
20231116:0011,0.0,0.0,0.0,5.88,1.45,0.0
20231116:0111,0.0,0.0,0.0,5.54,0.97,0.0
20231116:0211,0.0,0.0,0.0,6.35,0.48,0.0
20231116:0311,0.0,0.0,0.0,5.1,1.03,0.0
20231116:0411,0.0,0.0,0.0,3.67,1.72,0.0
20231116:0511,0.0,0.0,0.0,2.9,1.59,0.0
20231116:0611,0.0,0.0,0.0,3.24,1.24,0.0
20231116:0711,0.0,0.0,0.0,3.4,1.38,0.0
20231116:0811,15.97,31.47,3.42,3.71,1.17,0.0
20231116:0911,40.68,61.94,9.76,4.39,1.1,0.0
20231116:1011,111.45,143.44,14.48,5.39,1.17,0.0
20231116:1111,121.46,155.54,17.23,6.27,1.24,0.0
20231116:1211,106.64,139.32,17.73,7.0,1.1,0.0
20231116:1311,106.06,138.89,15.93,7.43,0.69,0.0
20231116:1411,54.77,79.66,12.02,7.77,0.62,0.0
20231116:1511,3.04,12.05,6.33,7.67,0.9,0.0
20231116:1611,0.0,0.0,0.0,7.22,1.17,0.0
20231116:1711,0.0,0.0,0.0,6.55,1.31,0.0
20231116:1811,0.0,0.0,0.0,6.22,1.38,0.0
20231116:1911,0.0,0.0,0.0,6.28,1.52,0.0
20231116:2011,0.0,0.0,0.0,6.34,1.86,0.0
20231116:2111,0.0,0.0,0.0,6.03,2.07,0.0
20231116:2211,0.0,0.0,0.0,5.96,2.14,0.0
20231116:2311,0.0,0.0,0.0,5.92,2.21,0.0
20231117:0011,0.0,0.0,0.0,5.77,2.28,0.0
20231117:0111,0.0,0.0,0.0,5.83,2.21,0.0
20231117:0211,0.0,0.0,0.0,5.96,2.28,0.0
20231117:0311,0.0,0.0,0.0,6.08,2.83,0.0
20231117:0411,0.0,0.0,0.0,5.85,3.03,0.0
20231117:0511,0.0,0.0,0.0,5.3,2.69,0.0
20231117:0611,0.0,0.0,0.0,5.0,2.48,0.0
20231117:0711,0.0,0.0,0.0,4.5,1.93,0.0
20231117:0811,0.0,4.64,3.18,4.24,1.86,0.0
20231117:0911,54.82,78.67,9.51,5.02,1.59,0.0
20231117:1011,153.27,190.95,14.23,6.41,1.59,0.0
20231117:1111,412.0,497.96,16.98,7.52,2.0,0.0
20231117:1211,429.99,519.6,17.48,8.1,2.55,0.0
20231117:1311,211.88,258.61,15.7,8.42,2.76,0.0
20231117:1411,142.89,180.58,11.8,8.29,1.79,0.0
20231117:1511,40.48,62.74,6.13,7.98,1.52,0.0
20231117:1611,0.0,0.0,0.0,7.42,1.59,0.0
20231117:1711,0.0,0.0,0.0,6.59,1.79,0.0
20231117:1811,0.0,0.0,0.0,6.13,2.14,0.0
20231117:1911,0.0,0.0,0.0,6.3,2.28,0.0
20231117:2011,0.0,0.0,0.0,6.55,2.41,0.0
20231117:2111,0.0,0.0,0.0,6.75,2.69,0.0
20231117:2211,0.0,0.0,0.0,6.97,2.83,0.0
20231117:2311,0.0,0.0,0.0,7.05,3.45,0.0
20231118:0011,0.0,0.0,0.0,7.3,4.41,0.0
20231118:0111,0.0,0.0,0.0,7.03,5.17,0.0
20231118:0211,0.0,0.0,0.0,7.15,5.93,0.0
20231118:0311,0.0,0.0,0.0,7.44,6.34,0.0
20231118:0411,0.0,0.0,0.0,7.86,6.48,0.0
20231118:0511,0.0,0.0,0.0,8.48,6.28,0.0
20231118:0611,0.0,0.0,0.0,9.12,5.93,0.0
20231118:0711,0.0,0.0,0.0,9.35,5.66,0.0
20231118:0811,0.0,5.56,2.95,10.0,5.24,0.0
20231118:0911,9.27,22.25,9.27,10.64,4.97,0.0
20231118:1011,34.23,55.63,13.98,11.32,4.48,0.0
20231118:1111,427.13,518.44,16.73,12.22,4.62,0.0
20231118:1211,75.77,105.89,17.24,12.69,5.17,0.0
20231118:1311,156.73,198.8,15.47,13.16,5.24,0.0
20231118:1411,141.77,181.79,11.59,13.36,5.17,0.0
20231118:1511,28.93,49.3,5.94,13.12,5.17,0.0
20231118:1611,0.0,0.0,0.0,12.69,4.9,0.0
20231118:1711,0.0,0.0,0.0,11.87,4.76,0.0
20231118:1811,0.0,0.0,0.0,11.46,4.9,0.0
20231118:1911,0.0,0.0,0.0,11.31,5.17,0.0
20231118:2011,0.0,0.0,0.0,11.43,5.59,0.0
20231118:2111,0.0,0.0,0.0,11.26,5.59,0.0
20231118:2211,0.0,0.0,0.0,10.65,5.59,0.0
20231118:2311,0.0,0.0,0.0,10.36,5.72,0.0
20231119:0011,0.0,0.0,0.0,10.22,6.0,0.0
20231119:0111,0.0,0.0,0.0,10.32,6.07,0.0
20231119:0211,0.0,0.0,0.0,10.38,6.0,0.0
20231119:0311,0.0,0.0,0.0,10.32,5.93,0.0
20231119:0411,0.0,0.0,0.0,10.17,5.79,0.0
20231119:0511,0.0,0.0,0.0,10.05,5.59,0.0
20231119:0611,0.0,0.0,0.0,10.26,5.66,0.0
20231119:0711,0.0,0.0,0.0,10.52,5.24,0.0
20231119:0811,0.0,4.64,2.71,10.29,4.9,0.0
20231119:0911,4.02,13.91,9.03,10.67,5.03,0.0
20231119:1011,20.57,38.01,13.74,10.9,4.83,0.0
20231119:1111,72.64,101.48,16.49,10.88,4.62,0.0
20231119:1211,44.07,67.68,17.01,10.95,4.41,0.0
20231119:1311,8.61,21.32,15.25,11.4,5.17,0.0
20231119:1411,26.9,46.36,11.39,11.59,6.0,0.0
20231119:1511,1.99,10.2,5.75,11.68,6.41,0.0
20231119:1611,0.0,0.0,0.0,11.55,6.28,0.0
20231119:1711,0.0,0.0,0.0,11.27,6.0,0.0
20231119:1811,0.0,0.0,0.0,10.94,5.86,0.0
20231119:1911,0.0,0.0,0.0,10.82,5.59,0.0
20231119:2011,0.0,0.0,0.0,10.42,5.52,0.0
20231119:2111,0.0,0.0,0.0,10.08,5.45,0.0
20231119:2211,0.0,0.0,0.0,9.78,5.1,0.0
20231119:2311,0.0,0.0,0.0,9.38,4.48,0.0
20231120:0011,0.0,0.0,0.0,8.96,4.07,0.0
20231120:0111,0.0,0.0,0.0,8.48,3.66,0.0
20231120:0211,0.0,0.0,0.0,7.95,3.31,0.0
20231120:0311,0.0,0.0,0.0,7.4,2.69,0.0
20231120:0411,0.0,0.0,0.0,7.23,2.28,0.0
20231120:0511,0.0,0.0,0.0,7.5,2.14,0.0
20231120:0611,0.0,0.0,0.0,7.32,2.0,0.0
20231120:0711,0.0,0.0,0.0,8.4,2.48,0.0
20231120:0811,0.0,5.56,2.48,8.36,2.41,0.0
20231120:0911,9.35,22.25,8.79,8.9,2.62,0.0
20231120:1011,37.49,59.33,13.5,9.63,3.24,0.0
20231120:1111,9.92,23.18,16.25,10.15,4.0,0.0
20231120:1211,34.36,55.63,16.78,10.58,4.34,0.0
20231120:1311,49.97,74.69,15.04,10.7,3.86,0.0
20231120:1411,11.8,25.96,11.19,10.64,3.86,0.0
20231120:1511,7.44,19.47,5.57,10.48,3.52,0.0
20231120:1611,0.0,0.0,0.0,10.25,3.24,0.0
20231120:1711,0.0,0.0,0.0,10.04,3.1,0.0
20231120:1811,0.0,0.0,0.0,9.99,3.1,0.0
20231120:1911,0.0,0.0,0.0,10.03,3.24,0.0
20231120:2011,0.0,0.0,0.0,9.99,2.69,0.0
20231120:2111,0.0,0.0,0.0,9.54,2.83,0.0
20231120:2211,0.0,0.0,0.0,9.74,3.38,0.0
20231120:2311,0.0,0.0,0.0,9.72,3.66,0.0
20231121:0011,0.0,0.0,0.0,9.36,3.86,0.0
20231121:0111,0.0,0.0,0.0,8.84,4.0,0.0
20231121:0211,0.0,0.0,0.0,8.37,4.0,0.0
20231121:0311,0.0,0.0,0.0,8.26,4.07,0.0
20231121:0411,0.0,0.0,0.0,8.11,4.07,0.0
20231121:0511,0.0,0.0,0.0,8.04,4.21,0.0
20231121:0611,0.0,0.0,0.0,7.9,4.62,0.0
20231121:0711,0.0,0.0,0.0,8.19,4.41,0.0
20231121:0811,0.0,2.78,2.25,8.17,4.41,0.0
20231121:0911,17.35,33.38,8.56,8.26,4.21,0.0
20231121:1011,314.9,377.09,13.27,8.45,3.59,0.0
20231121:1111,398.17,477.19,16.02,8.7,3.66,0.0
20231121:1211,114.24,148.2,16.56,9.0,3.72,0.0
20231121:1311,82.13,111.68,14.83,9.12,3.24,0.0
20231121:1411,56.51,81.85,11.0,9.15,2.9,0.0
20231121:1511,38.24,60.2,5.4,8.7,1.79,0.0
20231121:1611,0.0,0.0,0.0,7.96,1.52,0.0
20231121:1711,0.0,0.0,0.0,6.77,1.59,0.0
20231121:1811,0.0,0.0,0.0,5.91,1.03,0.0
20231121:1911,0.0,0.0,0.0,5.05,1.31,0.0
20231121:2011,0.0,0.0,0.0,4.7,1.24,0.0
20231121:2111,0.0,0.0,0.0,3.91,1.59,0.0
20231121:2211,0.0,0.0,0.0,3.93,1.45,0.0
20231121:2311,0.0,0.0,0.0,4.15,1.59,0.0
20231122:0011,0.0,0.0,0.0,3.83,1.86,0.0
20231122:0111,0.0,0.0,0.0,3.88,2.07,0.0
20231122:0211,0.0,0.0,0.0,4.28,2.28,0.0
20231122:0311,0.0,0.0,0.0,4.9,2.48,0.0
20231122:0411,0.0,0.0,0.0,5.43,2.62,0.0
20231122:0511,0.0,0.0,0.0,6.09,2.76,0.0
20231122:0611,0.0,0.0,0.0,6.51,3.1,0.0
20231122:0711,0.0,0.0,0.0,7.22,3.52,0.0
20231122:0811,0.0,2.78,2.03,7.86,3.93,0.0
20231122:0911,1.57,9.27,8.33,8.52,4.07,0.0
20231122:1011,17.27,33.38,13.04,9.12,4.62,0.0
20231122:1111,22.13,39.87,15.79,9.53,5.24,0.0
20231122:1211,20.67,38.01,16.34,10.02,5.79,0.0
20231122:1311,20.6,38.01,14.63,10.65,5.38,0.0
20231122:1411,15.09,30.59,10.82,10.87,6.9,0.0
20231122:1511,2.49,11.13,5.23,10.57,6.62,0.0
20231122:1611,0.0,0.0,0.0,10.25,6.48,0.0
20231122:1711,0.0,0.0,0.0,10.1,6.34,0.0
20231122:1811,0.0,0.0,0.0,10.02,6.28,0.0
20231122:1911,0.0,0.0,0.0,10.34,6.62,0.0
20231122:2011,0.0,0.0,0.0,10.34,6.62,0.0
20231122:2111,0.0,0.0,0.0,10.26,6.69,0.0
20231122:2211,0.0,0.0,0.0,10.23,6.83,0.0
20231122:2311,0.0,0.0,0.0,10.12,6.83,0.0
20231123:0011,0.0,0.0,0.0,10.06,6.69,0.0
20231123:0111,0.0,0.0,0.0,10.05,6.34,0.0
20231123:0211,0.0,0.0,0.0,10.06,6.21,0.0
20231123:0311,0.0,0.0,0.0,10.2,6.14,0.0
20231123:0411,0.0,0.0,0.0,10.25,6.07,0.0
20231123:0511,0.0,0.0,0.0,10.34,6.07,0.0
20231123:0611,0.0,0.0,0.0,10.36,6.21,0.0
20231123:0711,0.0,0.0,0.0,10.46,6.48,0.0
20231123:0811,0.0,0.93,1.81,10.45,6.97,0.0
20231123:0911,4.03,13.91,8.11,10.52,7.31,0.0
20231123:1011,25.6,44.5,12.82,10.59,7.38,0.0
20231123:1111,16.45,32.45,15.57,10.89,7.59,0.0
20231123:1211,24.07,42.65,16.13,11.44,8.21,0.0
20231123:1311,7.4,19.47,14.43,11.73,8.34,0.0
20231123:1411,4.53,14.83,10.64,11.91,8.55,0.0
20231123:1511,1.99,10.2,5.07,11.82,8.21,0.0
20231123:1611,0.0,0.0,0.0,11.43,7.93,0.0
20231123:1711,0.0,0.0,0.0,10.78,7.79,0.0
20231123:1811,0.0,0.0,0.0,10.06,7.38,0.0
20231123:1911,0.0,0.0,0.0,9.79,7.17,0.0
20231123:2011,0.0,0.0,0.0,9.37,7.24,0.0
20231123:2111,0.0,0.0,0.0,9.08,7.31,0.0
20231123:2211,0.0,0.0,0.0,8.7,6.97,0.0
20231123:2311,0.0,0.0,0.0,8.58,6.69,0.0
20231124:0011,0.0,0.0,0.0,8.5,6.34,0.0
20231124:0111,0.0,0.0,0.0,8.62,6.14,0.0
20231124:0211,0.0,0.0,0.0,8.32,6.0,0.0
20231124:0311,0.0,0.0,0.0,8.08,6.0,0.0
20231124:0411,0.0,0.0,0.0,7.76,5.79,0.0
20231124:0511,0.0,0.0,0.0,7.34,5.79,0.0
20231124:0611,0.0,0.0,0.0,7.24,6.0,0.0
20231124:0711,0.0,0.0,0.0,7.07,5.45,0.0
20231124:0811,0.0,3.71,1.6,6.21,5.03,0.0
20231124:0911,125.86,158.84,7.89,5.65,4.69,0.0
20231124:1011,415.08,488.71,12.6,5.55,4.41,0.0
20231124:1111,501.46,591.23,15.36,5.64,5.1,0.0
20231124:1211,509.9,602.2,15.93,5.76,5.03,0.0
20231124:1311,426.41,501.72,14.24,5.81,4.69,0.0
20231124:1411,355.2,419.12,10.47,5.69,4.28,0.0
20231124:1511,101.24,132.63,4.92,5.17,3.52,0.0
20231124:1611,0.0,0.0,0.0,4.04,2.97,0.0
20231124:1711,0.0,0.0,0.0,3.03,2.48,0.0
20231124:1811,0.0,0.0,0.0,2.18,2.28,0.0
20231124:1911,0.0,0.0,0.0,1.65,2.21,0.0
20231124:2011,0.0,0.0,0.0,0.97,2.14,0.0
20231124:2111,0.0,0.0,0.0,0.37,2.21,0.0
20231124:2211,0.0,0.0,0.0,-0.16,2.14,0.0
20231124:2311,0.0,0.0,0.0,-0.73,2.07,0.0
20231125:0011,0.0,0.0,0.0,-1.35,1.86,0.0
20231125:0111,0.0,0.0,0.0,-1.93,1.79,0.0
20231125:0211,0.0,0.0,0.0,-2.22,1.79,0.0
20231125:0311,0.0,0.0,0.0,-2.44,1.79,0.0
20231125:0411,0.0,0.0,0.0,-2.54,1.79,0.0
20231125:0511,0.0,0.0,0.0,-2.38,1.66,0.0
20231125:0611,0.0,0.0,0.0,-2.17,1.59,0.0
20231125:0711,0.0,0.0,0.0,-1.49,1.52,0.0
20231125:0811,0.0,1.85,1.39,-0.47,1.17,0.0
20231125:0911,146.67,179.9,7.68,0.51,0.9,0.0
20231125:1011,375.28,443.8,12.39,0.99,0.69,0.0
20231125:1111,508.11,616.24,15.15,3.13,1.03,0.0
20231125:1211,502.39,607.92,15.73,3.84,1.38,0.0
20231125:1311,450.57,540.69,14.06,4.13,1.52,0.0
20231125:1411,338.54,404.03,10.3,4.0,1.24,0.0
20231125:1511,91.42,121.07,4.77,3.52,1.31,0.0
20231125:1611,0.0,0.0,0.0,2.24,1.03,0.0
20231125:1711,0.0,0.0,0.0,1.6,0.76,0.0
20231125:1811,0.0,0.0,0.0,0.39,1.17,0.0
20231125:1911,0.0,0.0,0.0,1.1,0.83,0.0
20231125:2011,0.0,0.0,0.0,0.18,1.1,0.0
20231125:2111,0.0,0.0,0.0,0.0,1.03,0.0
20231125:2211,0.0,0.0,0.0,0.01,1.1,0.0
20231125:2311,0.0,0.0,0.0,-0.42,1.31,0.0
20231126:0011,0.0,0.0,0.0,-0.79,1.38,0.0
20231126:0111,0.0,0.0,0.0,-0.72,1.45,0.0
20231126:0211,0.0,0.0,0.0,-1.01,1.59,0.0
20231126:0311,0.0,0.0,0.0,-1.03,1.59,0.0
20231126:0411,0.0,0.0,0.0,-0.57,1.45,0.0
20231126:0511,0.0,0.0,0.0,-0.46,1.52,0.0
20231126:0611,0.0,0.0,0.0,-0.22,1.59,0.0
20231126:0711,0.0,0.0,0.0,0.1,1.59,0.0
20231126:0811,0.0,0.0,0.0,-0.01,1.66,0.0
20231126:0911,109.68,138.69,7.47,0.72,1.59,0.0
20231126:1011,78.31,104.49,12.18,2.48,1.66,0.0
20231126:1111,40.09,61.19,14.95,3.82,1.79,0.0
20231126:1211,35.32,55.63,15.54,4.66,1.79,0.0
20231126:1311,27.0,45.43,13.89,5.07,1.86,0.0
20231126:1411,31.88,51.42,10.15,5.12,1.79,0.0
20231126:1511,19.14,35.41,4.63,4.86,1.93,0.0
20231126:1611,0.0,0.0,0.0,4.03,2.14,0.0
20231126:1711,0.0,0.0,0.0,3.71,2.07,0.0
20231126:1811,0.0,0.0,0.0,3.49,2.0,0.0
20231126:1911,0.0,0.0,0.0,3.38,1.66,0.0
20231126:2011,0.0,0.0,0.0,3.4,1.72,0.0
20231126:2111,0.0,0.0,0.0,3.39,1.86,0.0
20231126:2211,0.0,0.0,0.0,3.57,1.79,0.0
20231126:2311,0.0,0.0,0.0,3.84,1.72,0.0
20231127:0011,0.0,0.0,0.0,4.2,1.72,0.0
20231127:0111,0.0,0.0,0.0,4.55,1.52,0.0
20231127:0211,0.0,0.0,0.0,4.72,1.38,0.0
20231127:0311,0.0,0.0,0.0,4.71,1.24,0.0
20231127:0411,0.0,0.0,0.0,4.68,1.24,0.0
20231127:0511,0.0,0.0,0.0,4.65,1.17,0.0
20231127:0611,0.0,0.0,0.0,4.56,1.31,0.0
20231127:0711,0.0,0.0,0.0,4.87,2.0,0.0
20231127:0811,0.0,0.0,0.0,4.74,2.55,0.0
20231127:0911,5.9,16.69,7.27,4.37,3.03,0.0
20231127:1011,29.39,48.21,11.98,4.07,2.55,0.0
20231127:1111,116.38,147.42,14.76,3.91,2.9,0.0
20231127:1211,27.91,46.36,15.36,4.11,3.59,0.0
20231127:1311,30.83,50.06,13.72,4.67,3.79,0.0
20231127:1411,8.3,20.4,10.0,5.06,3.45,0.0
20231127:1511,18.64,34.79,4.5,5.36,3.66,0.0
20231127:1611,0.0,0.0,0.0,5.23,3.66,0.0
20231127:1711,0.0,0.0,0.0,4.61,3.52,0.0
20231127:1811,0.0,0.0,0.0,4.39,3.45,0.0
20231127:1911,0.0,0.0,0.0,4.71,3.52,0.0
20231127:2011,0.0,0.0,0.0,4.87,3.45,0.0
20231127:2111,0.0,0.0,0.0,4.59,3.38,0.0
20231127:2211,0.0,0.0,0.0,3.99,3.1,0.0
20231127:2311,0.0,0.0,0.0,3.54,2.9,0.0
20231128:0011,0.0,0.0,0.0,3.35,2.83,0.0
20231128:0111,0.0,0.0,0.0,3.45,2.69,0.0
20231128:0211,0.0,0.0,0.0,3.44,2.48,0.0
20231128:0311,0.0,0.0,0.0,3.16,2.28,0.0
20231128:0411,0.0,0.0,0.0,2.76,2.21,0.0
20231128:0511,0.0,0.0,0.0,2.3,2.07,0.0
20231128:0611,0.0,0.0,0.0,1.69,1.86,0.0
20231128:0711,0.0,0.0,0.0,0.85,1.66,0.0
20231128:0811,0.0,0.0,0.0,-0.37,1.45,0.0
20231128:0911,136.13,167.69,7.07,-0.23,0.97,0.0
20231128:1011,363.18,431.56,11.78,1.63,0.41,0.0
20231128:1111,493.87,600.8,14.57,3.71,0.83,0.0
20231128:1211,496.01,600.99,15.18,4.38,1.38,0.0
20231128:1311,321.07,380.11,13.56,4.72,2.34,0.0
20231128:1411,71.85,97.79,9.85,4.67,2.76,0.0
20231128:1511,38.17,59.18,4.37,4.4,2.14,0.0
20231128:1611,0.0,0.0,0.0,3.62,1.86,0.0
20231128:1711,0.0,0.0,0.0,2.59,2.0,0.0
20231128:1811,0.0,0.0,0.0,1.8,1.93,0.0
20231128:1911,0.0,0.0,0.0,1.38,2.0,0.0
20231128:2011,0.0,0.0,0.0,1.07,1.86,0.0
20231128:2111,0.0,0.0,0.0,0.17,1.79,0.0
20231128:2211,0.0,0.0,0.0,-0.42,1.66,0.0
20231128:2311,0.0,0.0,0.0,-0.43,1.45,0.0
20231129:0011,0.0,0.0,0.0,-0.36,1.24,0.0
20231129:0111,0.0,0.0,0.0,-0.13,1.1,0.0
20231129:0211,0.0,0.0,0.0,-0.81,1.1,0.0
20231129:0311,0.0,0.0,0.0,-1.11,1.03,0.0
20231129:0411,0.0,0.0,0.0,-1.0,0.97,0.0
20231129:0511,0.0,0.0,0.0,-1.87,1.03,0.0
20231129:0611,0.0,0.0,0.0,-3.26,1.31,0.0
20231129:0711,0.0,0.0,0.0,-1.9,0.9,0.0
20231129:0811,0.0,0.0,0.0,-2.27,0.83,0.0
20231129:0911,124.06,152.85,6.88,-2.67,0.83,0.0
20231129:1011,417.97,491.7,11.59,-0.89,0.76,0.0
20231129:1111,501.02,598.43,14.39,0.87,1.17,0.0
20231129:1211,522.68,627.62,15.01,1.49,1.31,0.0
20231129:1311,480.15,574.38,13.4,1.81,1.17,0.0
20231129:1411,354.66,419.3,9.71,1.86,1.24,0.0
20231129:1511,89.33,117.77,4.26,1.4,1.24,0.0
20231129:1611,0.0,0.0,0.0,-0.01,1.52,0.0
20231129:1711,0.0,0.0,0.0,-1.46,1.31,0.0
20231129:1811,0.0,0.0,0.0,-1.62,1.17,0.0
20231129:1911,0.0,0.0,0.0,-1.46,1.17,0.0
20231129:2011,0.0,0.0,0.0,-1.5,1.1,0.0
20231129:2111,0.0,0.0,0.0,-1.71,1.17,0.0
20231129:2211,0.0,0.0,0.0,-2.21,1.38,0.0
20231129:2311,0.0,0.0,0.0,-2.15,1.59,0.0
20231130:0011,0.0,0.0,0.0,-1.76,1.93,0.0
20231130:0111,0.0,0.0,0.0,-0.87,2.34,0.0
20231130:0211,0.0,0.0,0.0,-0.39,2.62,0.0
20231130:0311,0.0,0.0,0.0,-0.2,2.76,0.0
20231130:0411,0.0,0.0,0.0,-0.41,2.76,0.0
20231130:0511,0.0,0.0,0.0,-0.7,2.55,0.0
20231130:0611,0.0,0.0,0.0,-0.96,2.48,0.0
20231130:0711,0.0,0.0,0.0,-1.36,2.9,0.0
20231130:0811,0.0,0.0,0.0,-1.45,2.9,0.0
20231130:0911,108.26,135.93,6.69,-0.94,2.83,0.0
20231130:1011,412.66,480.37,11.41,0.45,2.48,0.0
20231130:1111,490.31,578.51,14.21,1.95,2.55,0.0
20231130:1211,524.25,621.1,14.84,2.82,3.03,0.0
20231130:1311,466.64,549.5,13.25,3.21,3.17,0.0
20231130:1411,353.85,415.82,9.58,3.15,2.9,0.0
20231130:1511,78.34,105.45,4.14,2.42,2.76,0.0
20231130:1611,0.0,0.0,0.0,0.94,2.62,0.0
20231130:1711,0.0,0.0,0.0,-0.14,2.48,0.0
20231130:1811,0.0,0.0,0.0,-0.76,2.34,0.0
20231130:1911,0.0,0.0,0.0,-1.03,2.21,0.0
20231130:2011,0.0,0.0,0.0,-1.44,2.07,0.0
20231130:2111,0.0,0.0,0.0,-2.03,2.07,0.0
20231130:2211,0.0,0.0,0.0,-2.54,2.07,0.0
20231130:2311,0.0,0.0,0.0,-2.97,2.07,0.0
20231201:0011,0.0,0.0,0.0,-3.26,2.07,0.0
20231201:0111,0.0,0.0,0.0,-3.42,2.07,0.0
20231201:0211,0.0,0.0,0.0,-3.47,2.14,0.0
20231201:0311,0.0,0.0,0.0,-3.46,2.14,0.0
20231201:0411,0.0,0.0,0.0,-3.52,2.14,0.0
20231201:0511,0.0,0.0,0.0,-3.63,2.07,0.0
20231201:0611,0.0,0.0,0.0,-3.76,2.07,0.0
20231201:0711,0.0,0.0,0.0,-3.99,2.07,0.0
20231201:0811,0.0,0.0,0.0,-4.15,1.93,0.0
20231201:0911,121.5,149.12,6.51,-3.69,1.72,0.0
20231201:1011,421.45,492.69,11.23,-0.92,1.38,0.0
20231201:1111,499.58,595.75,14.04,1.14,1.38,0.0
20231201:1211,515.04,618.13,14.69,2.21,1.52,0.0
20231201:1311,468.31,559.74,13.11,2.71,1.45,0.0
20231201:1411,347.26,411.99,9.46,2.65,1.24,0.0
20231201:1511,72.4,98.67,4.04,1.93,1.45,0.0
20231201:1611,0.0,0.0,0.0,0.07,1.59,0.0
20231201:1711,0.0,0.0,0.0,-1.74,1.52,0.0
20231201:1811,0.0,0.0,0.0,-2.8,1.45,0.0
20231201:1911,0.0,0.0,0.0,-3.07,1.38,0.0
20231201:2011,0.0,0.0,0.0,-3.06,1.31,0.0
20231201:2111,0.0,0.0,0.0,-2.9,1.31,0.0
20231201:2211,0.0,0.0,0.0,-2.73,1.1,0.0
20231201:2311,0.0,0.0,0.0,-2.83,1.1,0.0
20231202:0011,0.0,0.0,0.0,-2.86,1.1,0.0
20231202:0111,0.0,0.0,0.0,-3.02,0.97,0.0
20231202:0211,0.0,0.0,0.0,-3.17,0.97,0.0
20231202:0311,0.0,0.0,0.0,-2.95,1.1,0.0
20231202:0411,0.0,0.0,0.0,-2.74,1.31,0.0
20231202:0511,0.0,0.0,0.0,-2.72,1.45,0.0
20231202:0611,0.0,0.0,0.0,-2.66,1.59,0.0
20231202:0711,0.0,0.0,0.0,-3.44,1.66,0.0
20231202:0811,0.0,0.0,0.0,-3.49,1.79,0.0
20231202:0911,104.97,131.31,6.34,-3.31,1.93,0.0
20231202:1011,394.55,453.95,11.06,-2.53,2.0,0.0
20231202:1111,353.18,406.87,13.88,-1.47,2.07,0.0
20231202:1211,506.61,594.2,14.54,-0.2,2.28,0.0
20231202:1311,379.04,440.72,12.98,0.8,2.41,0.0
20231202:1411,397.04,464.31,9.35,0.98,2.41,0.0
20231202:1511,32.89,51.98,3.94,0.6,2.69,0.0
20231202:1611,0.0,0.0,0.0,0.03,2.97,0.0
20231202:1711,0.0,0.0,0.0,-0.47,3.24,0.0
20231202:1811,0.0,0.0,0.0,-0.55,3.45,0.0
20231202:1911,0.0,0.0,0.0,0.14,3.17,0.0
20231202:2011,0.0,0.0,0.0,0.01,3.31,0.0
20231202:2111,0.0,0.0,0.0,0.0,3.38,0.0
20231202:2211,0.0,0.0,0.0,-0.09,3.31,0.0
20231202:2311,0.0,0.0,0.0,-0.02,3.24,0.0
20231203:0011,0.0,0.0,0.0,0.0,3.38,0.0
20231203:0111,0.0,0.0,0.0,-0.15,3.45,0.0
20231203:0211,0.0,0.0,0.0,-0.05,3.17,0.0
20231203:0311,0.0,0.0,0.0,0.08,3.17,0.0
20231203:0411,0.0,0.0,0.0,0.08,2.83,0.0
20231203:0511,0.0,0.0,0.0,0.11,2.28,0.0
20231203:0611,0.0,0.0,0.0,0.15,1.86,0.0
20231203:0711,0.0,0.0,0.0,0.35,1.52,0.0
20231203:0811,0.0,0.0,0.0,0.19,1.52,0.0
20231203:0911,13.16,26.89,6.17,0.26,1.52,0.0
20231203:1011,29.85,48.21,10.9,0.81,1.52,0.0
20231203:1111,42.85,63.97,13.72,1.7,1.59,0.0
20231203:1211,17.18,32.45,14.39,2.21,1.79,0.0
20231203:1311,19.25,35.23,12.85,2.84,1.86,0.0
20231203:1411,2.13,10.2,9.24,2.92,1.86,0.0
20231203:1511,0.02,5.56,3.85,1.77,1.93,0.0
20231203:1611,0.0,0.0,0.0,1.7,2.21,0.0
20231203:1711,0.0,0.0,0.0,1.3,2.21,0.0
20231203:1811,0.0,0.0,0.0,1.38,2.28,0.0
20231203:1911,0.0,0.0,0.0,1.55,2.76,0.0
20231203:2011,0.0,0.0,0.0,1.51,2.83,0.0
20231203:2111,0.0,0.0,0.0,1.42,2.97,0.0
20231203:2211,0.0,0.0,0.0,1.43,3.1,0.0
20231203:2311,0.0,0.0,0.0,1.47,3.31,0.0
20231204:0011,0.0,0.0,0.0,1.58,3.66,0.0
20231204:0111,0.0,0.0,0.0,1.74,4.07,0.0
20231204:0211,0.0,0.0,0.0,2.11,4.48,0.0
20231204:0311,0.0,0.0,0.0,2.43,4.69,0.0
20231204:0411,0.0,0.0,0.0,2.65,4.62,0.0
20231204:0511,0.0,0.0,0.0,2.82,4.21,0.0
20231204:0611,0.0,0.0,0.0,2.99,3.93,0.0
20231204:0711,0.0,0.0,0.0,3.44,3.72,0.0
20231204:0811,0.0,0.0,0.0,3.52,3.59,0.0
20231204:0911,7.76,19.47,6.0,3.38,3.45,0.0
20231204:1011,4.78,14.83,10.74,3.32,3.38,0.0
20231204:1111,36.39,56.55,13.57,3.24,3.31,0.0
20231204:1211,61.8,86.12,14.26,3.15,3.24,0.0
20231204:1311,72.1,97.58,12.73,3.05,3.1,0.0
20231204:1411,49.53,71.67,9.14,2.95,3.03,0.0
20231204:1511,11.25,24.52,3.76,2.88,2.9,0.0
20231204:1611,0.0,0.0,0.0,2.77,2.83,0.0
20231204:1711,0.0,0.0,0.0,2.75,2.76,0.0
20231204:1811,0.0,0.0,0.0,2.83,2.55,0.0
20231204:1911,0.0,0.0,0.0,3.72,2.21,0.0
20231204:2011,0.0,0.0,0.0,3.87,2.07,0.0
20231204:2111,0.0,0.0,0.0,3.99,2.0,0.0
20231204:2211,0.0,0.0,0.0,4.11,2.14,0.0
20231204:2311,0.0,0.0,0.0,4.2,2.41,0.0
20231205:0011,0.0,0.0,0.0,4.28,2.83,0.0
20231205:0111,0.0,0.0,0.0,4.39,3.24,0.0
20231205:0211,0.0,0.0,0.0,4.33,3.38,0.0
20231205:0311,0.0,0.0,0.0,4.21,3.24,0.0
20231205:0411,0.0,0.0,0.0,4.12,2.9,0.0
20231205:0511,0.0,0.0,0.0,4.05,2.69,0.0
20231205:0611,0.0,0.0,0.0,3.96,2.55,0.0
20231205:0711,0.0,0.0,0.0,4.29,2.76,0.0
20231205:0811,0.0,0.0,0.0,4.26,2.76,0.0
20231205:0911,75.06,101.56,5.85,4.35,2.83,0.0
20231205:1011,49.52,72.26,10.59,4.77,2.97,0.0
20231205:1111,159.26,195.37,13.43,5.16,3.31,0.0
20231205:1211,251.9,298.89,14.13,5.71,4.21,0.0
20231205:1311,136.45,170.49,12.62,5.78,3.31,0.0
20231205:1411,216.31,260.38,9.04,5.58,2.83,0.0
20231205:1511,32.98,52.99,3.69,4.98,2.48,0.0
20231205:1611,0.0,0.0,0.0,3.7,2.21,0.0
20231205:1711,0.0,0.0,0.0,2.5,2.0,0.0
20231205:1811,0.0,0.0,0.0,1.56,1.93,0.0
20231205:1911,0.0,0.0,0.0,1.07,2.07,0.0
20231205:2011,0.0,0.0,0.0,0.35,2.14,0.0
20231205:2111,0.0,0.0,0.0,-0.3,2.07,0.0
20231205:2211,0.0,0.0,0.0,-1.17,1.86,0.0
20231205:2311,0.0,0.0,0.0,-2.16,1.86,0.0
20231206:0011,0.0,0.0,0.0,-2.4,1.79,0.0
20231206:0111,0.0,0.0,0.0,-2.64,1.79,0.0
20231206:0211,0.0,0.0,0.0,-2.75,1.79,0.0
20231206:0311,0.0,0.0,0.0,-2.78,1.72,0.0
20231206:0411,0.0,0.0,0.0,-2.66,1.72,0.0
20231206:0511,0.0,0.0,0.0,-2.78,1.86,0.0
20231206:0611,0.0,0.0,0.0,-2.32,1.72,0.0
20231206:0711,0.0,0.0,0.0,-2.97,2.0,0.0
20231206:0811,0.0,0.0,0.0,-2.71,2.14,0.0
20231206:0911,154.2,185.96,5.69,-2.04,2.14,0.0
20231206:1011,335.67,390.82,10.44,0.35,1.93,0.0
20231206:1111,460.93,545.02,13.29,2.09,2.0,0.0
20231206:1211,434.9,512.09,14.01,3.26,2.76,0.0
20231206:1311,477.07,563.24,12.51,3.51,3.17,0.0
20231206:1411,154.26,188.41,8.95,3.29,3.24,0.0
20231206:1511,3.15,12.05,3.62,2.68,3.24,0.0
20231206:1611,0.0,0.0,0.0,1.69,3.24,0.0
20231206:1711,0.0,0.0,0.0,1.45,3.72,0.0
20231206:1811,0.0,0.0,0.0,1.54,4.07,0.0
20231206:1911,0.0,0.0,0.0,1.99,4.41,0.0
20231206:2011,0.0,0.0,0.0,2.3,4.83,0.0
20231206:2111,0.0,0.0,0.0,2.72,4.9,0.0
20231206:2211,0.0,0.0,0.0,3.04,4.97,0.0
20231206:2311,0.0,0.0,0.0,3.29,5.1,0.0
20231207:0011,0.0,0.0,0.0,3.38,5.24,0.0
20231207:0111,0.0,0.0,0.0,3.11,5.38,0.0
20231207:0211,0.0,0.0,0.0,3.39,5.59,0.0
20231207:0311,0.0,0.0,0.0,3.74,5.93,0.0
20231207:0411,0.0,0.0,0.0,4.14,6.28,0.0
20231207:0511,0.0,0.0,0.0,4.43,6.55,0.0
20231207:0611,0.0,0.0,0.0,4.74,6.97,0.0
20231207:0711,0.0,0.0,0.0,5.36,7.03,0.0
20231207:0811,0.0,0.0,0.0,5.42,7.03,0.0
20231207:0911,9.55,22.25,5.55,5.49,7.03,0.0
20231207:1011,18.31,34.3,10.3,5.7,7.1,0.0
20231207:1111,21.13,38.01,13.16,5.92,7.1,0.0
20231207:1211,10.16,23.18,13.89,6.08,7.1,0.0
20231207:1311,10.16,23.18,12.42,6.12,7.1,0.0
20231207:1411,7.04,18.54,8.87,6.08,6.97,0.0
20231207:1511,0.0,5.56,3.55,6.02,6.76,0.0
20231207:1611,0.0,0.0,0.0,5.99,6.9,0.0
20231207:1711,0.0,0.0,0.0,6.02,6.76,0.0
20231207:1811,0.0,0.0,0.0,6.05,6.21,0.0
20231207:1911,0.0,0.0,0.0,5.95,5.52,0.0
20231207:2011,0.0,0.0,0.0,5.98,4.69,0.0
20231207:2111,0.0,0.0,0.0,6.12,3.93,0.0
20231207:2211,0.0,0.0,0.0,6.37,3.38,0.0
20231207:2311,0.0,0.0,0.0,6.6,2.9,0.0
20231208:0011,0.0,0.0,0.0,6.38,2.83,0.0
20231208:0111,0.0,0.0,0.0,6.29,3.03,0.0
20231208:0211,0.0,0.0,0.0,6.08,3.17,0.0
20231208:0311,0.0,0.0,0.0,5.75,3.17,0.0
20231208:0411,0.0,0.0,0.0,5.53,3.52,0.0
20231208:0511,0.0,0.0,0.0,5.59,3.72,0.0
20231208:0611,0.0,0.0,0.0,5.87,3.86,0.0
20231208:0711,0.0,0.0,0.0,5.66,3.79,0.0
20231208:0811,0.0,0.0,0.0,5.51,3.79,0.0
20231208:0911,78.26,105.7,5.41,5.77,4.0,0.0
20231208:1011,161.39,198.51,10.17,6.77,4.34,0.0
20231208:1111,52.18,76.28,13.04,7.83,4.9,0.0
20231208:1211,22.23,39.87,13.78,8.65,4.9,0.0
20231208:1311,27.99,47.28,12.33,8.88,5.03,0.0
20231208:1411,53.08,77.38,8.8,8.81,5.03,0.0
20231208:1511,0.0,5.56,3.5,8.44,5.03,0.0
20231208:1611,0.0,0.0,0.0,7.92,4.97,0.0
20231208:1711,0.0,0.0,0.0,7.52,4.9,0.0
20231208:1811,0.0,0.0,0.0,7.36,4.9,0.0
20231208:1911,0.0,0.0,0.0,7.11,4.62,0.0
20231208:2011,0.0,0.0,0.0,6.87,4.62,0.0
20231208:2111,0.0,0.0,0.0,6.51,4.69,0.0
20231208:2211,0.0,0.0,0.0,6.24,4.9,0.0
20231208:2311,0.0,0.0,0.0,6.25,4.76,0.0
20231209:0011,0.0,0.0,0.0,6.27,4.76,0.0
20231209:0111,0.0,0.0,0.0,6.38,4.69,0.0
20231209:0211,0.0,0.0,0.0,6.42,4.41,0.0
20231209:0311,0.0,0.0,0.0,6.54,4.48,0.0
20231209:0411,0.0,0.0,0.0,6.77,4.55,0.0
20231209:0511,0.0,0.0,0.0,7.01,4.69,0.0
20231209:0611,0.0,0.0,0.0,7.08,4.9,0.0
20231209:0711,0.0,0.0,0.0,7.77,5.66,0.0
20231209:0811,0.0,0.0,0.0,8.24,6.41,0.0
20231209:0911,76.67,104.76,5.27,8.49,7.1,0.0
20231209:1011,13.94,28.74,10.04,8.44,6.21,0.0
20231209:1111,184.67,226.04,12.93,8.75,4.97,0.0
20231209:1211,209.77,255.39,13.68,9.99,5.45,0.0
20231209:1311,16.51,32.45,12.24,10.17,6.97,0.0
20231209:1411,1.56,9.27,8.74,9.8,7.52,0.0
20231209:1511,0.0,4.64,3.45,9.57,8.41,0.0
20231209:1611,0.0,0.0,0.0,8.66,9.31,0.0
20231209:1711,0.0,0.0,0.0,8.0,10.48,0.0
20231209:1811,0.0,0.0,0.0,7.66,11.52,0.0
20231209:1911,0.0,0.0,0.0,7.81,11.66,0.0
20231209:2011,0.0,0.0,0.0,7.77,11.59,0.0
20231209:2111,0.0,0.0,0.0,7.69,11.31,0.0
20231209:2211,0.0,0.0,0.0,7.67,10.9,0.0
20231209:2311,0.0,0.0,0.0,7.72,10.07,0.0
20231210:0011,0.0,0.0,0.0,7.88,9.31,0.0
20231210:0111,0.0,0.0,0.0,7.97,8.62,0.0
20231210:0211,0.0,0.0,0.0,7.91,7.93,0.0
20231210:0311,0.0,0.0,0.0,7.6,7.03,0.0
20231210:0411,0.0,0.0,0.0,7.11,6.14,0.0
20231210:0511,0.0,0.0,0.0,6.54,4.97,0.0
20231210:0611,0.0,0.0,0.0,6.14,3.59,0.0
20231210:0711,0.0,0.0,0.0,5.96,2.14,0.0
20231210:0811,0.0,0.0,0.0,5.58,2.21,0.0
20231210:0911,3.09,12.05,5.15,5.66,2.48,0.0
20231210:1011,48.26,71.15,9.92,6.22,3.24,0.0
20231210:1111,5.24,15.76,12.82,6.96,4.21,0.0
20231210:1211,12.01,25.96,13.59,7.54,5.1,0.0
20231210:1311,20.9,38.01,12.17,7.84,5.1,0.0
20231210:1411,13.27,27.81,8.68,8.36,4.83,0.0
20231210:1511,31.95,52.47,3.41,9.1,5.93,0.0
20231210:1611,0.0,0.0,0.0,8.81,5.31,0.0
20231210:1711,0.0,0.0,0.0,8.14,4.69,0.0
20231210:1811,0.0,0.0,0.0,7.95,4.69,0.0
20231210:1911,0.0,0.0,0.0,7.91,5.03,0.0
20231210:2011,0.0,0.0,0.0,8.1,6.0,0.0
20231210:2111,0.0,0.0,0.0,8.41,6.62,0.0
20231210:2211,0.0,0.0,0.0,8.66,7.17,0.0
20231210:2311,0.0,0.0,0.0,8.83,7.31,0.0
20231211:0011,0.0,0.0,0.0,8.36,7.79,0.0
20231211:0111,0.0,0.0,0.0,8.19,8.34,0.0
20231211:0211,0.0,0.0,0.0,8.17,8.07,0.0
20231211:0311,0.0,0.0,0.0,7.83,6.0,0.0
20231211:0411,0.0,0.0,0.0,7.49,4.83,0.0
20231211:0511,0.0,0.0,0.0,7.14,4.41,0.0
20231211:0611,0.0,0.0,0.0,6.86,4.07,0.0
20231211:0711,0.0,0.0,0.0,6.72,3.17,0.0
20231211:0811,0.0,0.0,0.0,6.95,3.1,0.0
20231211:0911,8.82,21.32,5.03,7.11,3.03,0.0
20231211:1011,31.05,50.81,9.81,7.68,3.66,0.0
20231211:1111,9.41,22.25,12.72,7.83,3.52,0.0
20231211:1211,12.63,26.89,13.51,8.01,3.38,0.0
20231211:1311,15.97,31.52,12.1,8.23,3.86,0.0
20231211:1411,6.35,17.62,8.63,8.24,2.9,0.0
20231211:1511,0.72,7.42,3.37,7.75,2.14,0.0
20231211:1611,0.0,0.0,0.0,7.16,1.66,0.0
20231211:1711,0.0,0.0,0.0,6.63,1.66,0.0
20231211:1811,0.0,0.0,0.0,5.98,1.79,0.0
20231211:1911,0.0,0.0,0.0,5.81,2.14,0.0
20231211:2011,0.0,0.0,0.0,5.68,2.21,0.0
20231211:2111,0.0,0.0,0.0,5.56,2.62,0.0
20231211:2211,0.0,0.0,0.0,5.32,2.9,0.0
20231211:2311,0.0,0.0,0.0,5.88,3.31,0.0
20231212:0011,0.0,0.0,0.0,6.42,3.72,0.0
20231212:0111,0.0,0.0,0.0,6.66,3.93,0.0
20231212:0211,0.0,0.0,0.0,6.93,4.07,0.0
20231212:0311,0.0,0.0,0.0,7.23,3.93,0.0
20231212:0411,0.0,0.0,0.0,7.54,3.66,0.0
20231212:0511,0.0,0.0,0.0,7.99,3.17,0.0
20231212:0611,0.0,0.0,0.0,8.44,3.03,0.0
20231212:0711,0.0,0.0,0.0,7.95,2.55,0.0
20231212:0811,0.0,0.0,0.0,8.24,2.48,0.0
20231212:0911,14.14,29.01,4.91,8.5,2.55,0.0
20231212:1011,24.33,42.65,9.71,8.84,2.69,0.0
20231212:1111,16.57,32.45,12.63,9.18,3.1,0.0
20231212:1211,92.52,123.65,13.43,9.46,2.55,0.0
20231212:1311,355.26,430.41,12.04,9.49,2.28,0.0
20231212:1411,150.47,189.58,8.59,9.33,2.07,0.0
20231212:1511,38.71,60.94,3.34,8.79,1.79,0.0
20231212:1611,0.0,0.0,0.0,7.69,2.0,0.0
20231212:1711,0.0,0.0,0.0,7.36,1.86,0.0
20231212:1811,0.0,0.0,0.0,7.12,1.93,0.0
20231212:1911,0.0,0.0,0.0,7.22,1.72,0.0
20231212:2011,0.0,0.0,0.0,7.14,2.14,0.0
20231212:2111,0.0,0.0,0.0,6.91,2.48,0.0
20231212:2211,0.0,0.0,0.0,6.55,2.55,0.0
20231212:2311,0.0,0.0,0.0,6.42,2.48,0.0
20231213:0011,0.0,0.0,0.0,6.37,2.55,0.0
20231213:0111,0.0,0.0,0.0,6.56,2.9,0.0
20231213:0211,0.0,0.0,0.0,6.73,3.17,0.0
20231213:0311,0.0,0.0,0.0,6.88,3.59,0.0
20231213:0411,0.0,0.0,0.0,6.96,3.93,0.0
20231213:0511,0.0,0.0,0.0,6.79,4.69,0.0
20231213:0611,0.0,0.0,0.0,6.31,4.83,0.0
20231213:0711,0.0,0.0,0.0,6.19,4.55,0.0
20231213:0811,0.0,0.0,0.0,5.71,4.55,0.0
20231213:0911,139.63,174.9,4.8,5.51,4.62,0.0
20231213:1011,78.19,105.01,9.61,5.64,4.83,0.0
20231213:1111,261.95,309.7,12.54,5.69,4.55,0.0
20231213:1211,272.32,321.25,13.36,5.83,4.9,0.0
20231213:1311,88.3,116.67,11.99,5.87,4.34,0.0
20231213:1411,293.07,347.22,8.55,5.84,4.0,0.0
20231213:1511,71.13,98.24,3.32,5.23,3.66,0.0
20231213:1611,0.0,0.0,0.0,4.2,3.03,0.0
20231213:1711,0.0,0.0,0.0,3.23,2.55,0.0
20231213:1811,0.0,0.0,0.0,2.44,2.21,0.0
20231213:1911,0.0,0.0,0.0,1.93,2.07,0.0
20231213:2011,0.0,0.0,0.0,1.13,1.72,0.0
20231213:2111,0.0,0.0,0.0,0.41,1.17,0.0
20231213:2211,0.0,0.0,0.0,1.2,0.55,0.0
20231213:2311,0.0,0.0,0.0,1.06,0.48,0.0
20231214:0011,0.0,0.0,0.0,-0.83,1.38,0.0
20231214:0111,0.0,0.0,0.0,-1.87,1.79,0.0
20231214:0211,0.0,0.0,0.0,-0.92,1.79,0.0
20231214:0311,0.0,0.0,0.0,0.56,2.14,0.0
20231214:0411,0.0,0.0,0.0,1.87,2.28,0.0
20231214:0511,0.0,0.0,0.0,2.68,2.55,0.0
20231214:0611,0.0,0.0,0.0,3.33,2.83,0.0
20231214:0711,0.0,0.0,0.0,4.12,3.03,0.0
20231214:0811,0.0,0.0,0.0,4.76,3.17,0.0
20231214:0911,0.0,5.56,4.7,5.47,3.03,0.0
20231214:1011,10.13,23.18,9.52,6.35,2.76,0.0
20231214:1111,244.76,294.4,12.46,7.54,2.97,0.0
20231214:1211,54.37,79.09,13.3,8.24,3.52,0.0
20231214:1311,299.73,358.65,11.94,8.45,3.66,0.0
20231214:1411,14.62,29.67,8.52,8.15,3.45,0.0
20231214:1511,17.48,33.6,3.31,7.8,3.38,0.0
20231214:1611,0.0,0.0,0.0,7.04,3.17,0.0
20231214:1711,0.0,0.0,0.0,6.55,2.9,0.0
20231214:1811,0.0,0.0,0.0,6.42,2.69,0.0
20231214:1911,0.0,0.0,0.0,6.43,2.55,0.0
20231214:2011,0.0,0.0,0.0,6.22,2.48,0.0
20231214:2111,0.0,0.0,0.0,6.13,2.48,0.0
20231214:2211,0.0,0.0,0.0,6.2,2.69,0.0
20231214:2311,0.0,0.0,0.0,5.8,2.83,0.0
20231215:0011,0.0,0.0,0.0,5.65,3.03,0.0
20231215:0111,0.0,0.0,0.0,5.85,3.24,0.0
20231215:0211,0.0,0.0,0.0,5.91,3.31,0.0
20231215:0311,0.0,0.0,0.0,5.75,3.17,0.0
20231215:0411,0.0,0.0,0.0,5.57,3.24,0.0
20231215:0511,0.0,0.0,0.0,5.36,3.03,0.0
20231215:0611,0.0,0.0,0.0,4.88,3.03,0.0
20231215:0711,0.0,0.0,0.0,5.38,3.66,0.0
20231215:0811,0.0,0.0,0.0,5.23,3.31,0.0
20231215:0911,1.62,9.27,4.61,5.14,3.1,0.0
20231215:1011,5.85,16.69,9.43,5.87,3.17,0.0
20231215:1111,18.17,34.3,12.39,6.77,3.17,0.0
20231215:1211,22.32,39.87,13.24,7.71,3.17,0.0
20231215:1311,75.71,103.53,11.9,8.02,3.17,0.0
20231215:1411,12.63,26.89,8.5,7.99,3.31,0.0
20231215:1511,9.76,22.77,3.31,7.45,2.76,0.0
20231215:1611,0.0,0.0,0.0,6.54,2.76,0.0
20231215:1711,0.0,0.0,0.0,6.3,3.03,0.0
20231215:1811,0.0,0.0,0.0,6.98,3.45,0.0
20231215:1911,0.0,0.0,0.0,7.3,3.72,0.0
20231215:2011,0.0,0.0,0.0,7.68,4.07,0.0
20231215:2111,0.0,0.0,0.0,8.24,4.21,0.0
20231215:2211,0.0,0.0,0.0,8.91,4.21,0.0
20231215:2311,0.0,0.0,0.0,9.45,4.21,0.0
20231216:0011,0.0,0.0,0.0,9.75,4.28,0.0
20231216:0111,0.0,0.0,0.0,9.28,4.21,0.0
20231216:0211,0.0,0.0,0.0,9.14,4.14,0.0
20231216:0311,0.0,0.0,0.0,9.03,4.14,0.0
20231216:0411,0.0,0.0,0.0,8.91,4.14,0.0
20231216:0511,0.0,0.0,0.0,8.77,4.0,0.0
20231216:0611,0.0,0.0,0.0,8.75,3.86,0.0
20231216:0711,0.0,0.0,0.0,8.72,3.45,0.0
20231216:0811,0.0,0.0,0.0,8.56,3.31,0.0
20231216:0911,39.84,61.79,4.52,8.55,3.52,0.0
20231216:1011,327.29,392.33,9.35,8.76,3.72,0.0
20231216:1111,398.66,477.59,12.33,9.22,4.0,0.0
20231216:1211,199.62,244.17,13.19,9.83,4.62,0.0
20231216:1311,139.82,176.88,11.87,10.03,4.28,0.0
20231216:1411,168.36,209.62,8.49,10.08,3.93,0.0
20231216:1511,0.0,2.78,3.31,9.6,3.52,0.0
20231216:1611,0.0,0.0,0.0,9.09,3.31,0.0
20231216:1711,0.0,0.0,0.0,8.67,3.24,0.0
20231216:1811,0.0,0.0,0.0,8.78,3.38,0.0
20231216:1911,0.0,0.0,0.0,9.18,3.59,0.0
20231216:2011,0.0,0.0,0.0,9.05,3.66,0.0
20231216:2111,0.0,0.0,0.0,9.19,3.86,0.0
20231216:2211,0.0,0.0,0.0,9.3,4.07,0.0
20231216:2311,0.0,0.0,0.0,9.38,4.14,0.0
20231217:0011,0.0,0.0,0.0,9.3,4.28,0.0
20231217:0111,0.0,0.0,0.0,8.99,4.34,0.0
20231217:0211,0.0,0.0,0.0,8.78,4.41,0.0
20231217:0311,0.0,0.0,0.0,8.42,4.55,0.0
20231217:0411,0.0,0.0,0.0,7.99,4.9,0.0
20231217:0511,0.0,0.0,0.0,7.32,5.1,0.0
20231217:0611,0.0,0.0,0.0,6.92,4.97,0.0
20231217:0711,0.0,0.0,0.0,7.28,5.03,0.0
20231217:0811,0.0,0.0,0.0,7.26,5.03,0.0
20231217:0911,6.38,17.62,4.44,7.47,4.76,0.0
20231217:1011,70.56,97.34,9.28,8.16,4.9,0.0
20231217:1111,118.32,151.7,12.27,8.74,4.97,0.0
20231217:1211,52.67,77.29,13.15,9.21,4.76,0.0
20231217:1311,66.26,93.3,11.85,9.87,4.41,0.0
20231217:1411,26.66,45.72,8.48,10.21,5.31,0.0
20231217:1511,18.12,34.68,3.32,9.89,5.03,0.0
20231217:1611,0.0,0.0,0.0,9.49,4.76,0.0
20231217:1711,0.0,0.0,0.0,8.98,4.55,0.0
20231217:1811,0.0,0.0,0.0,8.9,4.34,0.0
20231217:1911,0.0,0.0,0.0,9.45,4.62,0.0
20231217:2011,0.0,0.0,0.0,9.34,4.55,0.0
20231217:2111,0.0,0.0,0.0,9.64,4.62,0.0
20231217:2211,0.0,0.0,0.0,10.06,4.97,0.0
20231217:2311,0.0,0.0,0.0,10.32,5.1,0.0
20231218:0011,0.0,0.0,0.0,10.49,5.24,0.0
20231218:0111,0.0,0.0,0.0,10.8,5.24,0.0
20231218:0211,0.0,0.0,0.0,10.85,5.17,0.0
20231218:0311,0.0,0.0,0.0,10.83,5.1,0.0
20231218:0411,0.0,0.0,0.0,10.82,5.1,0.0
20231218:0511,0.0,0.0,0.0,10.79,4.97,0.0
20231218:0611,0.0,0.0,0.0,10.76,4.9,0.0
20231218:0711,0.0,0.0,0.0,10.89,5.1,0.0
20231218:0811,0.0,0.0,0.0,10.96,5.31,0.0
20231218:0911,2.97,12.05,4.36,11.09,5.24,0.0
20231218:1011,8.62,21.32,9.22,11.21,5.31,0.0
20231218:1111,13.72,28.74,12.22,11.31,5.38,0.0
20231218:1211,26.94,46.36,13.12,11.21,5.31,0.0
20231218:1311,15.05,30.59,11.84,11.36,5.45,0.0
20231218:1411,4.0,13.91,8.48,11.45,5.38,0.0
20231218:1511,0.0,2.78,3.33,11.5,5.17,0.0
20231218:1611,0.0,0.0,0.0,11.44,4.97,0.0
20231218:1711,0.0,0.0,0.0,11.37,4.9,0.0
20231218:1811,0.0,0.0,0.0,11.27,4.76,0.0
20231218:1911,0.0,0.0,0.0,11.58,4.55,0.0
20231218:2011,0.0,0.0,0.0,11.47,4.28,0.0
20231218:2111,0.0,0.0,0.0,11.31,3.72,0.0
20231218:2211,0.0,0.0,0.0,11.01,3.1,0.0
20231218:2311,0.0,0.0,0.0,10.59,2.55,0.0
20231219:0011,0.0,0.0,0.0,10.14,2.28,0.0
20231219:0111,0.0,0.0,0.0,9.98,1.93,0.0
20231219:0211,0.0,0.0,0.0,9.62,2.21,0.0
20231219:0311,0.0,0.0,0.0,9.26,3.03,0.0
20231219:0411,0.0,0.0,0.0,8.97,3.45,0.0
20231219:0511,0.0,0.0,0.0,8.69,3.59,0.0
20231219:0611,0.0,0.0,0.0,8.41,3.59,0.0
20231219:0711,0.0,0.0,0.0,8.71,3.03,0.0
20231219:0811,0.0,0.0,0.0,8.59,3.31,0.0
20231219:0911,0.0,3.71,4.3,8.32,3.86,0.0
20231219:1011,5.77,16.69,9.17,8.07,4.0,0.0
20231219:1111,8.18,20.4,12.18,7.68,3.93,0.0
20231219:1211,461.63,549.78,13.1,7.61,4.34,0.0
20231219:1311,380.07,449.49,11.83,7.58,4.83,0.0
20231219:1411,16.07,31.52,8.49,7.3,5.86,0.0
20231219:1511,0.0,4.64,3.36,6.94,5.93,0.0
20231219:1611,0.0,0.0,0.0,6.52,5.66,0.0
20231219:1711,0.0,0.0,0.0,6.44,5.66,0.0
20231219:1811,0.0,0.0,0.0,6.23,5.59,0.0
20231219:1911,0.0,0.0,0.0,6.63,6.21,0.0
20231219:2011,0.0,0.0,0.0,6.42,6.21,0.0
20231219:2111,0.0,0.0,0.0,6.34,6.41,0.0
20231219:2211,0.0,0.0,0.0,6.35,6.69,0.0
20231219:2311,0.0,0.0,0.0,6.46,6.62,0.0
20231220:0011,0.0,0.0,0.0,6.43,6.69,0.0
20231220:0111,0.0,0.0,0.0,6.78,6.62,0.0
20231220:0211,0.0,0.0,0.0,6.91,6.83,0.0
20231220:0311,0.0,0.0,0.0,7.34,7.17,0.0
20231220:0411,0.0,0.0,0.0,7.55,7.93,0.0
20231220:0511,0.0,0.0,0.0,7.12,6.9,0.0
20231220:0611,0.0,0.0,0.0,7.2,6.9,0.0
20231220:0711,0.0,0.0,0.0,7.67,6.9,0.0
20231220:0811,0.0,0.0,0.0,7.71,6.07,0.0
20231220:0911,66.87,93.57,4.24,8.04,6.41,0.0
20231220:1011,53.95,78.14,9.12,8.33,6.55,0.0
20231220:1111,29.52,49.14,12.15,8.67,6.97,0.0
20231220:1211,8.13,20.4,13.08,8.88,7.52,0.0
20231220:1311,25.85,44.5,11.83,8.81,7.93,0.0
20231220:1411,1.57,9.27,8.51,8.76,7.86,0.0
20231220:1511,0.0,2.78,3.39,8.8,7.59,0.0
20231220:1611,0.0,0.0,0.0,8.98,7.45,0.0
20231220:1711,0.0,0.0,0.0,9.2,7.24,0.0
20231220:1811,0.0,0.0,0.0,9.4,7.17,0.0
20231220:1911,0.0,0.0,0.0,9.83,6.97,0.0
20231220:2011,0.0,0.0,0.0,9.93,7.17,0.0
20231220:2111,0.0,0.0,0.0,9.96,7.59,0.0
20231220:2211,0.0,0.0,0.0,10.03,7.66,0.0
20231220:2311,0.0,0.0,0.0,10.08,7.72,0.0
20231221:0011,0.0,0.0,0.0,10.12,7.86,0.0
20231221:0111,0.0,0.0,0.0,10.06,8.28,0.0
20231221:0211,0.0,0.0,0.0,10.04,8.62,0.0
20231221:0311,0.0,0.0,0.0,10.11,9.17,0.0
20231221:0411,0.0,0.0,0.0,10.25,10.28,0.0
20231221:0511,0.0,0.0,0.0,10.46,10.9,0.0
20231221:0611,0.0,0.0,0.0,10.69,11.45,0.0
20231221:0711,0.0,0.0,0.0,10.9,11.38,0.0
20231221:0811,0.0,0.0,0.0,10.82,11.93,0.0
20231221:0911,125.37,161.28,4.18,10.34,11.79,0.0
20231221:1011,287.15,339.94,9.08,9.9,11.03,0.0
20231221:1111,7.5,19.47,12.12,9.5,11.31,0.0
20231221:1211,47.17,70.63,13.07,9.28,11.72,0.0
20231221:1311,389.75,454.08,11.84,9.03,11.24,0.0
20231221:1411,153.84,190.15,8.53,8.89,11.17,0.0
20231221:1511,0.0,2.78,3.42,8.51,10.34,0.0
20231221:1611,0.0,0.0,0.0,8.22,9.86,0.0
20231221:1711,0.0,0.0,0.0,8.11,9.45,0.0
20231221:1811,0.0,0.0,0.0,7.97,9.45,0.0
20231221:1911,0.0,0.0,0.0,8.0,8.76,0.0
20231221:2011,0.0,0.0,0.0,7.75,8.28,0.0
20231221:2111,0.0,0.0,0.0,7.64,8.41,0.0
20231221:2211,0.0,0.0,0.0,7.77,8.41,0.0
20231221:2311,0.0,0.0,0.0,7.78,8.14,0.0
20231222:0011,0.0,0.0,0.0,7.84,7.86,0.0
20231222:0111,0.0,0.0,0.0,8.1,7.24,0.0
20231222:0211,0.0,0.0,0.0,8.41,7.52,0.0
20231222:0311,0.0,0.0,0.0,8.64,7.86,0.0
20231222:0411,0.0,0.0,0.0,8.77,8.21,0.0
20231222:0511,0.0,0.0,0.0,8.99,9.59,0.0
20231222:0611,0.0,0.0,0.0,8.83,9.86,0.0
20231222:0711,0.0,0.0,0.0,9.01,8.83,0.0
20231222:0811,0.0,0.0,0.0,8.96,9.03,0.0
20231222:0911,1.57,9.27,4.14,8.91,9.38,0.0
20231222:1011,8.13,20.4,9.04,8.84,9.66,0.0
20231222:1111,19.43,36.16,12.11,8.68,9.86,0.0
20231222:1211,14.62,29.67,13.07,8.59,10.62,0.0
20231222:1311,25.91,44.5,11.86,8.51,10.97,0.0
20231222:1411,7.54,19.47,8.56,8.61,10.0,0.0
20231222:1511,0.0,5.56,3.47,8.5,9.79,0.0
20231222:1611,0.0,0.0,0.0,8.42,8.97,0.0
20231222:1711,0.0,0.0,0.0,8.23,8.34,0.0
20231222:1811,0.0,0.0,0.0,8.12,7.24,0.0
20231222:1911,0.0,0.0,0.0,8.86,8.0,0.0
20231222:2011,0.0,0.0,0.0,8.98,7.59,0.0
20231222:2111,0.0,0.0,0.0,9.04,7.66,0.0
20231222:2211,0.0,0.0,0.0,8.97,7.72,0.0
20231222:2311,0.0,0.0,0.0,9.05,7.66,0.0
20231223:0011,0.0,0.0,0.0,9.28,8.21,0.0
20231223:0111,0.0,0.0,0.0,9.23,8.34,0.0
20231223:0211,0.0,0.0,0.0,9.1,8.34,0.0
20231223:0311,0.0,0.0,0.0,9.0,8.28,0.0
20231223:0411,0.0,0.0,0.0,8.76,8.07,0.0
20231223:0511,0.0,0.0,0.0,8.64,7.79,0.0
20231223:0611,0.0,0.0,0.0,8.73,7.59,0.0
20231223:0711,0.0,0.0,0.0,9.12,7.52,0.0
20231223:0811,0.0,0.0,0.0,9.0,7.24,0.0
20231223:0911,4.07,13.91,4.1,8.99,6.9,0.0
20231223:1011,48.89,72.46,9.02,9.07,6.62,0.0
20231223:1111,5.17,15.76,12.1,9.25,6.55,0.0
20231223:1211,5.15,15.76,13.08,9.58,6.48,0.0
20231223:1311,5.71,16.69,11.88,9.82,6.55,0.0
20231223:1411,3.0,12.05,8.6,9.98,6.48,0.0
20231223:1511,0.0,2.78,3.52,9.92,6.34,0.0
20231223:1611,0.0,0.0,0.0,9.56,6.14,0.0
20231223:1711,0.0,0.0,0.0,9.35,5.79,0.0
20231223:1811,0.0,0.0,0.0,9.25,5.86,0.0
20231223:1911,0.0,0.0,0.0,9.58,6.62,0.0
20231223:2011,0.0,0.0,0.0,10.05,6.41,0.0
20231223:2111,0.0,0.0,0.0,10.25,7.17,0.0
20231223:2211,0.0,0.0,0.0,10.39,7.45,0.0
20231223:2311,0.0,0.0,0.0,10.8,7.24,0.0
20231224:0011,0.0,0.0,0.0,11.17,6.9,0.0
20231224:0111,0.0,0.0,0.0,11.41,6.55,0.0
20231224:0211,0.0,0.0,0.0,11.59,6.55,0.0
20231224:0311,0.0,0.0,0.0,11.75,6.34,0.0
20231224:0411,0.0,0.0,0.0,11.88,6.14,0.0
20231224:0511,0.0,0.0,0.0,12.0,6.28,0.0
20231224:0611,0.0,0.0,0.0,12.24,6.76,0.0
20231224:0711,0.0,0.0,0.0,12.41,7.24,0.0
20231224:0811,0.0,0.0,0.0,12.42,7.45,0.0
20231224:0911,18.22,35.04,4.06,12.44,7.52,0.0
20231224:1011,10.42,24.1,9.0,12.55,7.86,0.0
20231224:1111,9.79,23.18,12.09,12.62,8.14,0.0
20231224:1211,32.6,53.77,13.09,12.65,8.34,0.0
20231224:1311,69.33,97.45,11.91,12.31,9.1,0.0
20231224:1411,11.11,25.03,8.65,11.67,8.83,0.0
20231224:1511,23.69,42.15,3.58,11.09,8.14,0.0
20231224:1611,0.0,0.0,0.0,10.57,7.93,0.0
20231224:1711,0.0,0.0,0.0,10.3,7.93,0.0
20231224:1811,0.0,0.0,0.0,10.09,7.86,0.0
20231224:1911,0.0,0.0,0.0,10.1,7.24,0.0
20231224:2011,0.0,0.0,0.0,10.05,7.24,0.0
20231224:2111,0.0,0.0,0.0,9.87,7.1,0.0
20231224:2211,0.0,0.0,0.0,9.56,6.97,0.0
20231224:2311,0.0,0.0,0.0,9.16,6.62,0.0
20231225:0011,0.0,0.0,0.0,9.16,6.34,0.0
20231225:0111,0.0,0.0,0.0,9.15,6.21,0.0
20231225:0211,0.0,0.0,0.0,9.05,5.86,0.0
20231225:0311,0.0,0.0,0.0,8.83,5.31,0.0
20231225:0411,0.0,0.0,0.0,8.93,5.24,0.0
20231225:0511,0.0,0.0,0.0,8.53,4.76,0.0
20231225:0611,0.0,0.0,0.0,8.63,4.76,0.0
20231225:0711,0.0,0.0,0.0,8.84,4.55,0.0
20231225:0811,0.0,0.0,0.0,8.96,4.69,0.0
20231225:0911,46.35,69.81,4.04,8.9,4.62,0.0
20231225:1011,174.17,214.78,8.99,9.07,4.69,0.0
20231225:1111,30.87,50.99,12.1,9.35,4.83,0.0
20231225:1211,27.88,47.28,13.12,9.69,5.17,0.0
20231225:1311,8.08,20.4,11.95,9.76,5.17,0.0
20231225:1411,8.7,21.32,8.7,9.74,5.1,0.0
20231225:1511,0.0,3.71,3.64,9.67,4.97,0.0
20231225:1611,0.0,0.0,0.0,9.49,5.03,0.0
20231225:1711,0.0,0.0,0.0,9.2,5.52,0.0
20231225:1811,0.0,0.0,0.0,8.83,6.0,0.0
20231225:1911,0.0,0.0,0.0,8.52,6.69,0.0
20231225:2011,0.0,0.0,0.0,8.05,6.62,0.0
20231225:2111,0.0,0.0,0.0,7.39,6.28,0.0
20231225:2211,0.0,0.0,0.0,7.0,6.21,0.0
20231225:2311,0.0,0.0,0.0,6.78,6.28,0.0
20231226:0011,0.0,0.0,0.0,6.89,6.28,0.0
20231226:0111,0.0,0.0,0.0,6.93,6.34,0.0
20231226:0211,0.0,0.0,0.0,7.12,6.69,0.0
20231226:0311,0.0,0.0,0.0,6.81,6.83,0.0
20231226:0411,0.0,0.0,0.0,6.8,7.38,0.0
20231226:0511,0.0,0.0,0.0,6.65,6.97,0.0
20231226:0611,0.0,0.0,0.0,6.21,5.86,0.0
20231226:0711,0.0,0.0,0.0,6.21,5.24,0.0
20231226:0811,0.0,0.0,0.0,5.56,4.48,0.0
20231226:0911,102.55,133.5,4.02,5.05,3.72,0.0
20231226:1011,222.38,266.72,8.98,5.39,2.9,0.0
20231226:1111,479.14,581.79,12.11,6.29,1.79,0.0
20231226:1211,219.61,266.38,13.15,7.14,1.86,0.0
20231226:1311,109.03,141.13,12.0,7.5,2.41,0.0
20231226:1411,48.64,71.88,8.76,7.29,2.21,0.0
20231226:1511,1.6,9.27,3.71,6.79,1.66,0.0
20231226:1611,0.0,0.0,0.0,5.8,1.72,0.0
20231226:1711,0.0,0.0,0.0,4.96,1.79,0.0
20231226:1811,0.0,0.0,0.0,4.47,1.79,0.0
20231226:1911,0.0,0.0,0.0,4.34,1.79,0.0
20231226:2011,0.0,0.0,0.0,4.22,2.07,0.0
20231226:2111,0.0,0.0,0.0,4.43,2.48,0.0
20231226:2211,0.0,0.0,0.0,4.75,2.97,0.0
20231226:2311,0.0,0.0,0.0,4.99,3.66,0.0
20231227:0011,0.0,0.0,0.0,5.25,4.34,0.0
20231227:0111,0.0,0.0,0.0,5.28,4.69,0.0
20231227:0211,0.0,0.0,0.0,5.22,5.03,0.0
20231227:0311,0.0,0.0,0.0,4.95,5.59,0.0
20231227:0411,0.0,0.0,0.0,5.03,6.14,0.0
20231227:0511,0.0,0.0,0.0,5.53,6.48,0.0
20231227:0611,0.0,0.0,0.0,6.18,6.48,0.0
20231227:0711,0.0,0.0,0.0,6.82,6.69,0.0
20231227:0811,0.0,0.0,0.0,7.88,6.83,0.0
20231227:0911,0.71,7.42,4.01,9.16,7.31,0.0
20231227:1011,8.07,20.4,8.99,10.05,7.79,0.0
20231227:1111,16.47,32.45,12.13,10.7,8.28,0.0
20231227:1211,17.09,33.38,13.18,11.35,9.24,0.0
20231227:1311,12.4,26.89,12.05,11.63,9.79,0.0
20231227:1411,9.22,22.25,8.83,11.69,9.24,0.0
20231227:1511,1.1,8.34,3.79,11.47,8.21,0.0
20231227:1611,0.0,0.0,0.0,10.26,7.93,0.0
20231227:1711,0.0,0.0,0.0,9.18,7.45,0.0
20231227:1811,0.0,0.0,0.0,8.63,6.62,0.0
20231227:1911,0.0,0.0,0.0,7.3,6.62,0.0
20231227:2011,0.0,0.0,0.0,7.5,8.07,0.0
20231227:2111,0.0,0.0,0.0,7.59,8.28,0.0
20231227:2211,0.0,0.0,0.0,7.4,7.72,0.0
20231227:2311,0.0,0.0,0.0,7.18,8.9,0.0
20231228:0011,0.0,0.0,0.0,8.07,10.55,0.0
20231228:0111,0.0,0.0,0.0,8.12,9.17,0.0
20231228:0211,0.0,0.0,0.0,8.09,9.52,0.0
20231228:0311,0.0,0.0,0.0,8.29,9.1,0.0
20231228:0411,0.0,0.0,0.0,8.32,8.14,0.0
20231228:0511,0.0,0.0,0.0,8.19,6.97,0.0
20231228:0611,0.0,0.0,0.0,8.1,5.79,0.0
20231228:0711,0.0,0.0,0.0,8.21,5.17,0.0
20231228:0811,0.0,0.0,0.0,8.15,5.52,0.0
20231228:0911,0.0,3.71,4.01,8.31,6.28,0.0
20231228:1011,54.81,79.31,9.0,8.81,6.69,0.0
20231228:1111,61.02,86.85,12.16,9.32,7.45,0.0
20231228:1211,118.08,151.38,13.23,9.52,8.76,0.0
20231228:1311,20.01,37.08,12.11,9.8,9.24,0.0
20231228:1411,69.55,96.49,8.91,9.61,8.9,0.0
20231228:1511,4.62,14.83,3.88,8.72,8.34,0.0
20231228:1611,0.0,0.0,0.0,8.41,7.24,0.0
20231228:1711,0.0,0.0,0.0,8.03,6.97,0.0
20231228:1811,0.0,0.0,0.0,7.97,7.03,0.0
20231228:1911,0.0,0.0,0.0,8.02,7.24,0.0
20231228:2011,0.0,0.0,0.0,8.0,7.31,0.0
20231228:2111,0.0,0.0,0.0,7.8,7.31,0.0
20231228:2211,0.0,0.0,0.0,7.61,7.52,0.0
20231228:2311,0.0,0.0,0.0,7.47,7.59,0.0
20231229:0011,0.0,0.0,0.0,7.65,7.59,0.0
20231229:0111,0.0,0.0,0.0,7.36,7.38,0.0
20231229:0211,0.0,0.0,0.0,7.16,7.31,0.0
20231229:0311,0.0,0.0,0.0,6.92,7.31,0.0
20231229:0411,0.0,0.0,0.0,6.8,7.45,0.0
20231229:0511,0.0,0.0,0.0,6.76,7.52,0.0
20231229:0611,0.0,0.0,0.0,6.54,7.24,0.0
20231229:0711,0.0,0.0,0.0,6.77,7.1,0.0
20231229:0811,0.0,0.0,0.0,6.61,6.9,0.0
20231229:0911,146.63,183.64,4.01,6.34,6.34,0.0
20231229:1011,95.93,125.2,9.02,6.67,6.07,0.0
20231229:1111,62.38,87.75,12.2,7.15,6.07,0.0
20231229:1211,55.56,80.05,13.28,7.28,5.86,0.0
20231229:1311,33.5,53.77,12.18,7.09,6.14,0.0
20231229:1411,29.24,48.32,8.99,6.67,6.0,0.0
20231229:1511,60.9,86.15,3.97,6.14,5.59,0.0
20231229:1611,0.0,0.0,0.0,5.7,5.38,0.0
20231229:1711,0.0,0.0,0.0,5.22,5.24,0.0
20231229:1811,0.0,0.0,0.0,4.83,5.38,0.0
20231229:1911,0.0,0.0,0.0,5.02,5.03,0.0
20231229:2011,0.0,0.0,0.0,4.86,5.38,0.0
20231229:2111,0.0,0.0,0.0,4.95,5.66,0.0
20231229:2211,0.0,0.0,0.0,4.8,5.59,0.0
20231229:2311,0.0,0.0,0.0,4.59,5.17,0.0
20231230:0011,0.0,0.0,0.0,4.42,4.69,0.0
20231230:0111,0.0,0.0,0.0,4.2,4.14,0.0
20231230:0211,0.0,0.0,0.0,4.36,3.79,0.0
20231230:0311,0.0,0.0,0.0,3.99,2.97,0.0
20231230:0411,0.0,0.0,0.0,3.83,2.48,0.0
20231230:0511,0.0,0.0,0.0,3.53,2.07,0.0
20231230:0611,0.0,0.0,0.0,3.32,2.28,0.0
20231230:0711,0.0,0.0,0.0,3.55,2.9,0.0
20231230:0811,0.0,0.0,0.0,4.31,3.17,0.0
20231230:0911,3.64,12.98,4.02,4.69,4.21,0.0
20231230:1011,7.06,18.54,9.04,5.44,5.45,0.0
20231230:1111,14.76,29.67,12.24,6.54,5.79,0.0
20231230:1211,29.66,49.14,13.34,7.66,6.07,0.0
20231230:1311,31.04,50.99,12.26,8.4,6.48,0.0
20231230:1411,12.58,26.89,9.08,8.89,6.55,0.0
20231230:1511,3.53,12.98,4.07,9.2,6.41,0.0
20231230:1611,0.0,0.0,0.0,9.23,5.72,0.0
20231230:1711,0.0,0.0,0.0,9.18,5.1,0.0
20231230:1811,0.0,0.0,0.0,9.11,4.34,0.0
20231230:1911,0.0,0.0,0.0,9.5,6.0,0.0
20231230:2011,0.0,0.0,0.0,8.9,5.1,0.0
20231230:2111,0.0,0.0,0.0,8.08,4.48,0.0
20231230:2211,0.0,0.0,0.0,7.47,4.21,0.0
20231230:2311,0.0,0.0,0.0,7.1,4.14,0.0
20231231:0011,0.0,0.0,0.0,6.54,3.24,0.0
20231231:0111,0.0,0.0,0.0,6.11,2.55,0.0
20231231:0211,0.0,0.0,0.0,5.68,2.76,0.0
20231231:0311,0.0,0.0,0.0,5.31,2.83,0.0
20231231:0411,0.0,0.0,0.0,5.02,3.31,0.0
20231231:0511,0.0,0.0,0.0,4.72,4.21,0.0
20231231:0611,0.0,0.0,0.0,4.46,4.83,0.0
20231231:0711,0.0,0.0,0.0,4.59,4.0,0.0
20231231:0811,0.0,0.0,0.0,4.58,4.14,0.0
20231231:0911,0.0,4.64,4.04,4.6,4.48,0.0
20231231:1011,325.26,382.27,9.08,5.39,4.76,0.0
20231231:1111,79.28,106.71,12.29,6.28,4.83,0.0
20231231:1211,5.82,16.69,13.41,6.72,4.97,0.0
20231231:1311,101.86,132.3,12.34,7.02,5.03,0.0
20231231:1411,24.59,42.65,9.18,6.98,4.76,0.0
20231231:1511,46.45,69.29,4.18,6.58,5.1,0.0
20231231:1611,0.0,0.0,0.0,6.12,4.76,0.0
20231231:1711,0.0,0.0,0.0,5.87,4.76,0.0
20231231:1811,0.0,0.0,0.0,5.78,5.1,0.0
20231231:1911,0.0,0.0,0.0,6.04,5.66,0.0
20231231:2011,0.0,0.0,0.0,5.97,6.0,0.0
20231231:2111,0.0,0.0,0.0,5.92,6.34,0.0
20231231:2211,0.0,0.0,0.0,5.74,6.28,0.0
20231231:2311,0.0,0.0,0.0,5.73,6.41,0.0

P: PV system power (W)
G(i): Global irradiance on the inclined plane (plane of the array) (W/m2)
H_sun: Sun height (degree)
T2m: 2-m air temperature (degree Celsius)
WS10m: 10-m total wind speed (m/s)
Int: 1 means solar radiation values are reconstructed



PVGIS (c) European Union, 2001-2026