Latitude (decimal degrees):	53.483
Longitude (decimal degrees):	-2.242
Elevation (m):	55
Radiation database:	PVGIS-SARAH3


Slope: 35 deg. 
Azimuth: 0 deg. 
Nominal power of the PV system (c-Si) (kWp):	3.0
System losses (%):	14.0
time,P,G(i),H_sun,T2m,WS10m,Int
20230101:0011,0.0,0.0,0.0,8.6,4.62,0.0
20230101:0111,0.0,0.0,0.0,8.36,5.17,0.0
20230101:0211,0.0,0.0,0.0,7.91,6.34,0.0
20230101:0311,0.0,0.0,0.0,7.54,5.93,0.0
20230101:0411,0.0,0.0,0.0,7.39,5.66,0.0
20230101:0511,0.0,0.0,0.0,7.15,5.38,0.0
20230101:0611,0.0,0.0,0.0,6.96,5.1,0.0
20230101:0711,0.0,0.0,0.0,6.89,4.83,0.0
20230101:0811,0.0,0.0,0.0,6.9,5.17,0.0
20230101:0911,3.45,8.34,4.07,7.13,5.24,0.0
20230101:1011,254.46,113.27,9.13,7.6,5.31,0.0
20230101:1111,1162.14,457.29,12.36,8.32,6.0,0.0
20230101:1211,785.82,312.14,13.51,8.82,6.62,0.0
20230101:1311,678.69,272.76,12.46,9.12,5.72,0.0
20230101:1411,111.42,58.49,9.31,9.1,5.66,0.0
20230101:1511,58.23,36.12,4.32,8.53,5.03,0.0
20230101:1611,0.0,0.0,0.0,8.0,4.48,0.0
20230101:1711,0.0,0.0,0.0,7.63,4.34,0.0
20230101:1811,0.0,0.0,0.0,7.54,4.14,0.0
20230101:1911,0.0,0.0,0.0,7.57,3.38,0.0
20230101:2011,0.0,0.0,0.0,7.4,3.17,0.0
20230101:2111,0.0,0.0,0.0,6.97,3.31,0.0
20230101:2211,0.0,0.0,0.0,6.76,3.38,0.0
20230101:2311,0.0,0.0,0.0,6.42,3.31,0.0
20230102:0011,0.0,0.0,0.0,6.21,3.03,0.0
20230102:0111,0.0,0.0,0.0,6.03,2.69,0.0
20230102:0211,0.0,0.0,0.0,5.83,2.55,0.0
20230102:0311,0.0,0.0,0.0,5.15,2.48,0.0
20230102:0411,0.0,0.0,0.0,4.3,2.55,0.0
20230102:0511,0.0,0.0,0.0,4.05,2.62,0.0
20230102:0611,0.0,0.0,0.0,3.82,2.55,0.0
20230102:0711,0.0,0.0,0.0,3.27,2.41,0.0
20230102:0811,0.0,0.0,0.0,2.96,2.34,0.0
20230102:0911,419.04,174.75,4.1,2.92,2.14,0.0
20230102:1011,1098.93,434.62,9.18,3.71,1.86,0.0
20230102:1111,1445.34,577.66,12.43,4.79,2.28,0.0
20230102:1211,1316.91,519.86,13.59,5.51,3.45,0.0
20230102:1311,279.93,122.31,12.56,5.62,3.45,0.0
20230102:1411,357.36,151.08,9.42,5.71,3.17,0.0
20230102:1511,538.95,221.71,4.44,5.24,2.34,0.0
20230102:1611,0.0,0.0,0.0,4.28,2.07,0.0
20230102:1711,0.0,0.0,0.0,3.25,2.14,0.0
20230102:1811,0.0,0.0,0.0,2.18,2.28,0.0
20230102:1911,0.0,0.0,0.0,2.04,2.34,0.0
20230102:2011,0.0,0.0,0.0,1.71,2.41,0.0
20230102:2111,0.0,0.0,0.0,1.46,2.41,0.0
20230102:2211,0.0,0.0,0.0,1.25,2.48,0.0
20230102:2311,0.0,0.0,0.0,1.17,2.62,0.0
20230103:0011,0.0,0.0,0.0,1.14,2.9,0.0
20230103:0111,0.0,0.0,0.0,1.01,3.17,0.0
20230103:0211,0.0,0.0,0.0,1.18,3.45,0.0
20230103:0311,0.0,0.0,0.0,1.31,3.93,0.0
20230103:0411,0.0,0.0,0.0,2.04,4.62,0.0
20230103:0511,0.0,0.0,0.0,2.77,5.1,0.0
20230103:0611,0.0,0.0,0.0,3.62,5.66,0.0
20230103:0711,0.0,0.0,0.0,4.2,5.86,0.0
20230103:0811,0.0,0.0,0.0,5.27,6.21,0.0
20230103:0911,4.83,9.27,4.15,6.21,6.07,0.0
20230103:1011,114.96,59.45,9.24,7.05,5.66,0.0
20230103:1111,109.14,57.48,12.51,7.8,5.45,0.0
20230103:1211,45.81,30.59,13.69,8.63,5.52,0.0
20230103:1311,95.01,51.92,12.67,9.04,5.72,0.0
20230103:1411,41.67,28.74,9.54,9.09,5.93,0.0
20230103:1511,372.42,159.91,4.57,9.36,6.76,0.0
20230103:1611,0.0,0.0,0.0,9.72,6.97,0.0
20230103:1711,0.0,0.0,0.0,10.0,6.48,0.0
20230103:1811,0.0,0.0,0.0,10.09,6.0,0.0
20230103:1911,0.0,0.0,0.0,10.3,6.34,0.0
20230103:2011,0.0,0.0,0.0,10.67,6.07,0.0
20230103:2111,0.0,0.0,0.0,11.0,6.0,0.0
20230103:2211,0.0,0.0,0.0,11.3,6.41,0.0
20230103:2311,0.0,0.0,0.0,11.39,6.69,0.0
20230104:0011,0.0,0.0,0.0,11.48,6.55,0.0
20230104:0111,0.0,0.0,0.0,11.75,6.41,0.0
20230104:0211,0.0,0.0,0.0,11.67,6.48,0.0
20230104:0311,0.0,0.0,0.0,11.65,6.97,0.0
20230104:0411,0.0,0.0,0.0,11.59,7.1,0.0
20230104:0511,0.0,0.0,0.0,11.16,7.1,0.0
20230104:0611,0.0,0.0,0.0,10.93,7.1,0.0
20230104:0711,0.0,0.0,0.0,10.64,6.9,0.0
20230104:0811,0.0,0.0,0.0,10.3,6.41,0.0
20230104:0911,4.65,9.27,4.19,10.01,6.28,0.0
20230104:1011,81.36,46.25,9.3,10.04,6.62,0.0
20230104:1111,361.23,154.65,12.59,10.28,6.97,0.0
20230104:1211,808.98,323.29,13.79,10.8,7.17,0.0
20230104:1311,109.95,58.41,12.78,10.66,7.31,0.0
20230104:1411,433.77,181.91,9.67,10.57,7.1,0.0
20230104:1511,296.82,131.49,4.7,10.23,7.03,0.0
20230104:1611,0.0,0.0,0.0,10.03,6.48,0.0
20230104:1711,0.0,0.0,0.0,9.88,6.34,0.0
20230104:1811,0.0,0.0,0.0,9.55,6.48,0.0
20230104:1911,0.0,0.0,0.0,9.5,6.14,0.0
20230104:2011,0.0,0.0,0.0,9.64,6.14,0.0
20230104:2111,0.0,0.0,0.0,9.54,6.21,0.0
20230104:2211,0.0,0.0,0.0,9.32,6.14,0.0
20230104:2311,0.0,0.0,0.0,9.24,6.07,0.0
20230105:0011,0.0,0.0,0.0,9.14,5.93,0.0
20230105:0111,0.0,0.0,0.0,8.85,5.66,0.0
20230105:0211,0.0,0.0,0.0,8.69,5.38,0.0
20230105:0311,0.0,0.0,0.0,8.55,4.9,0.0
20230105:0411,0.0,0.0,0.0,8.47,4.21,0.0
20230105:0511,0.0,0.0,0.0,8.23,3.31,0.0
20230105:0611,0.0,0.0,0.0,7.85,2.69,0.0
20230105:0711,0.0,0.0,0.0,7.99,2.76,0.0
20230105:0811,0.0,0.0,0.0,8.1,2.9,0.0
20230105:0911,10.62,12.98,4.25,8.62,2.9,0.0
20230105:1011,115.44,60.25,9.38,9.29,3.52,0.0
20230105:1111,81.27,46.36,12.68,10.07,4.69,0.0
20230105:1211,251.22,113.85,13.89,10.69,5.17,0.0
20230105:1311,186.36,88.83,12.9,10.88,5.52,0.0
20230105:1411,72.27,42.65,9.8,11.07,5.45,0.0
20230105:1511,15.3,15.76,4.84,11.1,5.59,0.0
20230105:1611,0.0,0.0,0.0,10.64,6.0,0.0
20230105:1711,0.0,0.0,0.0,10.32,6.14,0.0
20230105:1811,0.0,0.0,0.0,10.36,6.34,0.0
20230105:1911,0.0,0.0,0.0,10.79,6.83,0.0
20230105:2011,0.0,0.0,0.0,10.94,6.97,0.0
20230105:2111,0.0,0.0,0.0,10.93,7.03,0.0
20230105:2211,0.0,0.0,0.0,10.3,6.9,0.0
20230105:2311,0.0,0.0,0.0,9.18,6.34,0.0
20230106:0011,0.0,0.0,0.0,8.02,4.69,0.0
20230106:0111,0.0,0.0,0.0,7.49,4.62,0.0
20230106:0211,0.0,0.0,0.0,6.78,4.83,0.0
20230106:0311,0.0,0.0,0.0,6.26,4.9,0.0
20230106:0411,0.0,0.0,0.0,6.09,5.03,0.0
20230106:0511,0.0,0.0,0.0,5.97,5.24,0.0
20230106:0611,0.0,0.0,0.0,5.69,4.97,0.0
20230106:0711,0.0,0.0,0.0,6.06,5.38,0.0
20230106:0811,0.0,0.0,0.0,5.87,5.1,0.0
20230106:0911,35.85,25.73,4.31,5.92,5.17,0.0
20230106:1011,402.24,167.76,9.46,6.7,5.52,0.0
20230106:1111,565.86,229.03,12.78,7.65,5.72,0.0
20230106:1211,1307.19,518.07,14.01,8.59,5.1,0.0
20230106:1311,1274.1,506.07,13.03,8.82,4.83,0.0
20230106:1411,170.7,81.98,9.94,9.21,5.59,0.0
20230106:1511,12.21,13.91,4.99,8.96,4.9,0.0
20230106:1611,0.0,0.0,0.0,8.4,4.34,0.0
20230106:1711,0.0,0.0,0.0,7.98,4.48,0.0
20230106:1811,0.0,0.0,0.0,7.9,4.48,0.0
20230106:1911,0.0,0.0,0.0,8.23,4.76,0.0
20230106:2011,0.0,0.0,0.0,8.79,5.52,0.0
20230106:2111,0.0,0.0,0.0,9.84,6.14,0.0
20230106:2211,0.0,0.0,0.0,10.64,6.55,0.0
20230106:2311,0.0,0.0,0.0,10.94,6.76,0.0
20230107:0011,0.0,0.0,0.0,10.94,6.48,0.0
20230107:0111,0.0,0.0,0.0,11.01,6.83,0.0
20230107:0211,0.0,0.0,0.0,10.86,7.45,0.0
20230107:0311,0.0,0.0,0.0,10.85,7.66,0.0
20230107:0411,0.0,0.0,0.0,10.83,8.14,0.0
20230107:0511,0.0,0.0,0.0,10.76,8.76,0.0
20230107:0611,0.0,0.0,0.0,10.53,8.69,0.0
20230107:0711,0.0,0.0,0.0,10.49,8.21,0.0
20230107:0811,0.0,0.0,0.0,10.24,8.14,0.0
20230107:0911,0.96,6.49,4.38,10.06,7.59,0.0
20230107:1011,51.63,33.38,9.54,9.9,6.83,0.0
20230107:1111,1320.51,523.29,12.88,9.95,6.48,0.0
20230107:1211,1506.81,601.08,14.13,9.88,5.93,0.0
20230107:1311,1387.23,551.79,13.17,9.8,5.86,0.0
20230107:1411,358.5,153.4,10.08,9.71,5.79,0.0
20230107:1511,79.89,45.51,5.14,9.2,5.79,0.0
20230107:1611,0.0,0.0,0.0,7.94,6.48,0.0
20230107:1711,0.0,0.0,0.0,7.39,5.93,0.0
20230107:1811,0.0,0.0,0.0,6.82,5.66,0.0
20230107:1911,0.0,0.0,0.0,6.91,5.1,0.0
20230107:2011,0.0,0.0,0.0,6.08,5.38,0.0
20230107:2111,0.0,0.0,0.0,6.06,6.14,0.0
20230107:2211,0.0,0.0,0.0,6.49,6.41,0.0
20230107:2311,0.0,0.0,0.0,6.76,6.62,0.0
20230108:0011,0.0,0.0,0.0,6.89,6.48,0.0
20230108:0111,0.0,0.0,0.0,6.75,6.28,0.0
20230108:0211,0.0,0.0,0.0,6.65,6.0,0.0
20230108:0311,0.0,0.0,0.0,6.71,5.66,0.0
20230108:0411,0.0,0.0,0.0,6.62,5.24,0.0
20230108:0511,0.0,0.0,0.0,6.49,4.9,0.0
20230108:0611,0.0,0.0,0.0,6.26,4.76,0.0
20230108:0711,0.0,0.0,0.0,5.73,4.62,0.0
20230108:0811,0.0,0.0,0.0,5.69,4.76,0.0
20230108:0911,248.1,111.11,4.46,5.53,4.83,0.0
20230108:1011,96.24,51.72,9.64,5.96,4.97,0.0
20230108:1111,36.27,25.96,13.0,6.33,5.59,0.0
20230108:1211,19.26,17.62,14.26,6.49,6.28,0.0
20230108:1311,248.25,110.51,13.31,6.28,6.9,0.0
20230108:1411,288.48,125.17,10.24,6.08,6.21,0.0
20230108:1511,82.5,46.02,5.3,5.77,4.76,0.0
20230108:1611,0.0,0.0,0.0,5.35,4.0,0.0
20230108:1711,0.0,0.0,0.0,4.47,3.66,0.0
20230108:1811,0.0,0.0,0.0,3.93,3.79,0.0
20230108:1911,0.0,0.0,0.0,4.39,4.0,0.0
20230108:2011,0.0,0.0,0.0,4.06,4.07,0.0
20230108:2111,0.0,0.0,0.0,3.86,4.21,0.0
20230108:2211,0.0,0.0,0.0,3.69,3.93,0.0
20230108:2311,0.0,0.0,0.0,3.49,3.66,0.0
20230109:0011,0.0,0.0,0.0,3.72,3.45,0.0
20230109:0111,0.0,0.0,0.0,4.01,3.38,0.0
20230109:0211,0.0,0.0,0.0,4.42,3.72,0.0
20230109:0311,0.0,0.0,0.0,4.42,4.0,0.0
20230109:0411,0.0,0.0,0.0,4.72,4.21,0.0
20230109:0511,0.0,0.0,0.0,4.71,4.34,0.0
20230109:0611,0.0,0.0,0.0,4.74,4.69,0.0
20230109:0711,0.0,0.0,0.0,5.03,5.17,0.0
20230109:0811,0.0,0.0,0.0,5.04,5.52,0.0
20230109:0911,0.0,3.71,4.54,4.99,5.86,0.0
20230109:1011,1008.69,393.42,9.74,5.46,5.86,0.0
20230109:1111,1019.13,397.06,13.12,5.88,5.93,0.0
20230109:1211,48.51,31.52,14.4,6.11,6.0,0.0
20230109:1311,307.23,132.57,13.46,6.28,5.72,0.0
20230109:1411,515.67,209.03,10.4,6.37,6.55,0.0
20230109:1511,86.04,47.54,5.46,6.25,6.48,0.0
20230109:1611,0.0,0.0,0.0,6.05,6.69,0.0
20230109:1711,0.0,0.0,0.0,5.7,7.03,0.0
20230109:1811,0.0,0.0,0.0,5.8,7.17,0.0
20230109:1911,0.0,0.0,0.0,5.9,6.34,0.0
20230109:2011,0.0,0.0,0.0,5.97,6.07,0.0
20230109:2111,0.0,0.0,0.0,5.9,6.0,0.0
20230109:2211,0.0,0.0,0.0,5.59,5.31,0.0
20230109:2311,0.0,0.0,0.0,5.36,4.9,0.0
20230110:0011,0.0,0.0,0.0,5.22,4.0,0.0
20230110:0111,0.0,0.0,0.0,4.56,3.24,0.0
20230110:0211,0.0,0.0,0.0,4.05,3.03,0.0
20230110:0311,0.0,0.0,0.0,3.68,2.9,0.0
20230110:0411,0.0,0.0,0.0,3.71,3.24,0.0
20230110:0511,0.0,0.0,0.0,3.97,3.66,0.0
20230110:0611,0.0,0.0,0.0,4.35,4.48,0.0
20230110:0711,0.0,0.0,0.0,5.13,5.72,0.0
20230110:0811,0.0,0.0,0.0,5.42,7.03,0.0
20230110:0911,6.24,10.2,4.64,5.91,7.72,0.0
20230110:1011,24.72,20.4,9.85,6.55,7.52,0.0
20230110:1111,34.11,25.03,13.25,7.5,7.03,0.0
20230110:1211,58.23,36.16,14.54,8.7,6.21,0.0
20230110:1311,68.25,40.79,13.62,10.44,6.55,0.0
20230110:1411,49.14,32.45,10.56,11.58,7.1,0.0
20230110:1511,23.97,20.4,5.63,11.74,7.1,0.0
20230110:1611,0.0,0.0,0.0,11.78,7.24,0.0
20230110:1711,0.0,0.0,0.0,11.82,7.45,0.0
20230110:1811,0.0,0.0,0.0,11.8,7.79,0.0
20230110:1911,0.0,0.0,0.0,11.88,8.97,0.0
20230110:2011,0.0,0.0,0.0,10.55,8.48,0.0
20230110:2111,0.0,0.0,0.0,9.44,6.62,0.0
20230110:2211,0.0,0.0,0.0,8.8,6.34,0.0
20230110:2311,0.0,0.0,0.0,8.25,6.34,0.0
20230111:0011,0.0,0.0,0.0,7.66,5.79,0.0
20230111:0111,0.0,0.0,0.0,7.06,5.31,0.0
20230111:0211,0.0,0.0,0.0,6.82,5.38,0.0
20230111:0311,0.0,0.0,0.0,6.67,5.59,0.0
20230111:0411,0.0,0.0,0.0,6.31,5.52,0.0
20230111:0511,0.0,0.0,0.0,5.92,5.45,0.0
20230111:0611,0.0,0.0,0.0,5.89,5.59,0.0
20230111:0711,0.0,0.0,0.0,5.93,5.59,0.0
20230111:0811,0.0,0.0,0.0,5.79,5.59,0.0
20230111:0911,42.81,28.92,4.73,5.85,5.66,0.0
20230111:1011,46.32,30.59,9.96,6.65,6.07,0.0
20230111:1111,86.85,48.21,13.38,7.52,6.48,0.0
20230111:1211,155.31,75.83,14.69,7.8,6.69,0.0
20230111:1311,17.37,16.69,13.78,7.65,7.17,0.0
20230111:1411,144.03,70.99,10.74,7.22,6.83,0.0
20230111:1511,245.34,109.67,5.81,6.42,7.93,0.0
20230111:1611,0.0,0.0,0.0,5.96,6.97,0.0
20230111:1711,0.0,0.0,0.0,5.55,5.86,0.0
20230111:1811,0.0,0.0,0.0,5.42,5.59,0.0
20230111:1911,0.0,0.0,0.0,5.95,5.1,0.0
20230111:2011,0.0,0.0,0.0,6.27,5.1,0.0
20230111:2111,0.0,0.0,0.0,6.65,5.1,0.0
20230111:2211,0.0,0.0,0.0,7.07,4.83,0.0
20230111:2311,0.0,0.0,0.0,7.74,5.38,0.0
20230112:0011,0.0,0.0,0.0,8.5,6.55,0.0
20230112:0111,0.0,0.0,0.0,9.96,7.66,0.0
20230112:0211,0.0,0.0,0.0,10.81,9.52,0.0
20230112:0311,0.0,0.0,0.0,10.53,8.97,0.0
20230112:0411,0.0,0.0,0.0,10.03,7.1,0.0
20230112:0511,0.0,0.0,0.0,9.67,5.66,0.0
20230112:0611,0.0,0.0,0.0,9.66,4.97,0.0
20230112:0711,0.0,0.0,0.0,9.45,4.97,0.0
20230112:0811,0.0,0.0,0.0,9.38,4.62,0.0
20230112:0911,96.33,52.56,4.84,9.39,4.69,0.0
20230112:1011,181.98,86.63,10.09,9.96,5.52,0.0
20230112:1111,196.86,92.81,13.52,10.63,6.9,0.0
20230112:1211,105.39,56.55,14.85,10.76,7.17,0.0
20230112:1311,45.51,30.59,13.95,9.96,7.24,0.0
20230112:1411,757.98,301.79,10.91,9.05,7.45,0.0
20230112:1511,192.57,90.24,5.99,8.18,7.45,0.0
20230112:1611,0.0,0.0,0.0,7.37,7.1,0.0
20230112:1711,0.0,0.0,0.0,7.01,7.17,0.0
20230112:1811,0.0,0.0,0.0,6.76,7.31,0.0
20230112:1911,0.0,0.0,0.0,7.02,7.86,0.0
20230112:2011,0.0,0.0,0.0,6.93,7.93,0.0
20230112:2111,0.0,0.0,0.0,6.85,8.14,0.0
20230112:2211,0.0,0.0,0.0,6.75,8.76,0.0
20230112:2311,0.0,0.0,0.0,6.26,9.38,0.0
20230113:0011,0.0,0.0,0.0,6.22,9.59,0.0
20230113:0111,0.0,0.0,0.0,6.38,9.45,0.0
20230113:0211,0.0,0.0,0.0,6.38,9.31,0.0
20230113:0311,0.0,0.0,0.0,6.22,8.9,0.0
20230113:0411,0.0,0.0,0.0,6.38,9.1,0.0
20230113:0511,0.0,0.0,0.0,6.28,9.24,0.0
20230113:0611,0.0,0.0,0.0,6.49,9.45,0.0
20230113:0711,0.0,0.0,0.0,6.61,8.76,0.0
20230113:0811,0.0,0.0,0.0,6.31,8.0,0.0
20230113:0911,115.05,59.54,4.95,6.61,7.93,0.0
20230113:1011,73.95,42.65,10.22,6.81,8.14,0.0
20230113:1111,87.21,48.21,13.67,6.88,8.76,0.0
20230113:1211,69.54,40.79,15.02,6.98,8.28,0.0
20230113:1311,50.25,32.45,14.13,7.39,7.17,0.0
20230113:1411,119.88,61.54,11.1,7.18,7.59,0.0
20230113:1511,337.29,144.61,6.18,7.06,7.1,0.0
20230113:1611,0.0,0.0,0.0,6.77,6.55,0.0
20230113:1711,0.0,0.0,0.0,6.07,6.07,0.0
20230113:1811,0.0,0.0,0.0,5.62,5.31,0.0
20230113:1911,0.0,0.0,0.0,5.33,4.07,0.0
20230113:2011,0.0,0.0,0.0,4.89,3.66,0.0
20230113:2111,0.0,0.0,0.0,4.37,3.24,0.0
20230113:2211,0.0,0.0,0.0,4.0,3.24,0.0
20230113:2311,0.0,0.0,0.0,4.21,4.0,0.0
20230114:0011,0.0,0.0,0.0,5.07,5.03,0.0
20230114:0111,0.0,0.0,0.0,5.76,5.72,0.0
20230114:0211,0.0,0.0,0.0,6.52,6.34,0.0
20230114:0311,0.0,0.0,0.0,6.88,6.76,0.0
20230114:0411,0.0,0.0,0.0,7.02,6.97,0.0
20230114:0511,0.0,0.0,0.0,7.42,6.83,0.0
20230114:0611,0.0,0.0,0.0,8.03,6.34,0.0
20230114:0711,0.0,0.0,0.0,8.78,5.45,0.0
20230114:0811,0.0,0.0,0.0,9.02,4.9,0.0
20230114:0911,13.86,14.83,5.07,8.65,5.93,0.0
20230114:1011,189.84,88.88,10.36,7.58,5.45,0.0
20230114:1111,156.03,75.92,13.83,7.08,5.93,0.0
20230114:1211,144.93,71.39,15.19,6.22,6.48,0.0
20230114:1311,873.21,340.48,14.32,5.66,6.69,0.0
20230114:1411,323.25,137.66,11.29,5.5,7.31,0.0
20230114:1511,617.22,247.42,6.37,5.23,7.03,0.0
20230114:1611,0.0,0.0,0.0,4.69,7.03,0.0
20230114:1711,0.0,0.0,0.0,4.48,6.9,0.0
20230114:1811,0.0,0.0,0.0,4.18,7.1,0.0
20230114:1911,0.0,0.0,0.0,4.26,7.45,0.0
20230114:2011,0.0,0.0,0.0,4.31,7.38,0.0
20230114:2111,0.0,0.0,0.0,4.12,7.45,0.0
20230114:2211,0.0,0.0,0.0,3.88,7.45,0.0
20230114:2311,0.0,0.0,0.0,3.64,7.66,0.0
20230115:0011,0.0,0.0,0.0,3.27,7.52,0.0
20230115:0111,0.0,0.0,0.0,3.1,7.38,0.0
20230115:0211,0.0,0.0,0.0,3.11,7.45,0.0
20230115:0311,0.0,0.0,0.0,3.22,7.72,0.0
20230115:0411,0.0,0.0,0.0,3.77,8.14,0.0
20230115:0511,0.0,0.0,0.0,3.85,8.0,0.0
20230115:0611,0.0,0.0,0.0,3.8,7.86,0.0
20230115:0711,0.0,0.0,0.0,3.41,6.69,0.0
20230115:0811,0.0,0.0,0.0,3.23,6.21,0.0
20230115:0911,19.62,17.62,5.2,3.33,5.59,0.0
20230115:1011,103.32,54.16,10.5,3.74,4.9,0.0
20230115:1111,399.6,165.87,13.99,4.42,4.07,0.0
20230115:1211,112.83,58.41,15.37,5.06,3.93,0.0
20230115:1311,524.1,212.33,14.51,5.77,5.1,0.0
20230115:1411,36.36,25.96,11.49,5.81,4.48,0.0
20230115:1511,648.42,261.14,6.57,5.29,3.79,0.0
20230115:1611,0.0,0.0,0.0,4.62,2.69,0.0
20230115:1711,0.0,0.0,0.0,3.53,1.86,0.0
20230115:1811,0.0,0.0,0.0,2.72,1.79,0.0
20230115:1911,0.0,0.0,0.0,2.01,2.07,0.0
20230115:2011,0.0,0.0,0.0,2.03,1.93,0.0
20230115:2111,0.0,0.0,0.0,2.62,1.59,0.0
20230115:2211,0.0,0.0,0.0,2.92,1.24,0.0
20230115:2311,0.0,0.0,0.0,3.08,1.03,0.0
20230116:0011,0.0,0.0,0.0,3.08,0.83,0.0
20230116:0111,0.0,0.0,0.0,2.77,0.55,0.0
20230116:0211,0.0,0.0,0.0,2.7,0.41,0.0
20230116:0311,0.0,0.0,0.0,2.58,1.1,0.0
20230116:0411,0.0,0.0,0.0,2.12,1.45,0.0
20230116:0511,0.0,0.0,0.0,1.43,1.66,0.0
20230116:0611,0.0,0.0,0.0,1.09,1.59,0.0
20230116:0711,0.0,0.0,0.0,1.28,1.86,0.0
20230116:0811,0.0,0.0,0.0,0.99,2.21,0.0
20230116:0911,23.61,19.47,5.33,0.97,3.03,0.0
20230116:1011,39.27,26.89,10.65,1.42,4.0,0.0
20230116:1111,1496.52,581.54,14.16,1.83,4.0,0.0
20230116:1211,1737.72,681.12,15.55,1.81,4.14,0.0
20230116:1311,1654.59,645.13,14.7,1.74,4.28,0.0
20230116:1411,1294.77,500.82,11.69,1.55,3.86,0.0
20230116:1511,750.03,295.1,6.78,1.14,3.1,0.0
20230116:1611,0.0,0.0,0.0,0.19,2.48,0.0
20230116:1711,0.0,0.0,0.0,-0.75,2.07,0.0
20230116:1811,0.0,0.0,0.0,-1.52,1.86,0.0
20230116:1911,0.0,0.0,0.0,-2.36,1.93,0.0
20230116:2011,0.0,0.0,0.0,-2.9,1.79,0.0
20230116:2111,0.0,0.0,0.0,-3.15,1.79,0.0
20230116:2211,0.0,0.0,0.0,-3.24,1.79,0.0
20230116:2311,0.0,0.0,0.0,-3.56,1.93,0.0
20230117:0011,0.0,0.0,0.0,-3.62,1.93,0.0
20230117:0111,0.0,0.0,0.0,-3.59,1.86,0.0
20230117:0211,0.0,0.0,0.0,-3.55,1.72,0.0
20230117:0311,0.0,0.0,0.0,-3.46,1.59,0.0
20230117:0411,0.0,0.0,0.0,-3.26,1.45,0.0
20230117:0511,0.0,0.0,0.0,-3.17,1.38,0.0
20230117:0611,0.0,0.0,0.0,-3.31,1.38,0.0
20230117:0711,0.0,0.0,0.0,-3.9,1.72,0.0
20230117:0811,0.0,0.0,0.0,-3.77,1.72,0.0
20230117:0911,70.41,39.74,5.47,-3.07,1.79,0.0
20230117:1011,132.6,64.64,10.81,-1.13,1.79,0.0
20230117:1111,131.82,64.9,14.34,0.55,2.69,0.0
20230117:1211,190.77,87.73,15.75,1.66,3.66,0.0
20230117:1311,753.45,293.89,14.91,1.97,3.66,0.0
20230117:1411,327.39,137.9,11.9,1.92,3.59,0.0
20230117:1511,350.19,146.51,6.98,1.29,3.31,0.0
20230117:1611,0.0,0.0,0.0,0.13,3.1,0.0
20230117:1711,0.0,0.0,0.0,-0.88,3.03,0.0
20230117:1811,0.0,0.0,0.0,-1.12,3.03,0.0
20230117:1911,0.0,0.0,0.0,-0.63,3.1,0.0
20230117:2011,0.0,0.0,0.0,-0.13,3.17,0.0
20230117:2111,0.0,0.0,0.0,-0.02,3.38,0.0
20230117:2211,0.0,0.0,0.0,0.16,3.66,0.0
20230117:2311,0.0,0.0,0.0,0.0,3.72,0.0
20230118:0011,0.0,0.0,0.0,0.2,3.79,0.0
20230118:0111,0.0,0.0,0.0,0.2,3.52,0.0
20230118:0211,0.0,0.0,0.0,-0.15,3.45,0.0
20230118:0311,0.0,0.0,0.0,0.0,3.59,0.0
20230118:0411,0.0,0.0,0.0,0.23,3.52,0.0
20230118:0511,0.0,0.0,0.0,0.25,3.52,0.0
20230118:0611,0.0,0.0,0.0,0.86,3.66,0.0
20230118:0711,0.0,0.0,0.0,0.46,2.9,0.0
20230118:0811,0.0,0.0,0.0,0.09,2.69,0.0
20230118:0911,555.72,223.13,5.62,0.18,2.69,0.0
20230118:1011,302.43,128.34,10.98,1.04,3.31,0.0
20230118:1111,1294.65,501.64,14.52,2.2,3.86,0.0
20230118:1211,1062.06,411.32,15.94,2.97,4.21,0.0
20230118:1311,1476.48,577.54,15.11,3.63,4.21,0.0
20230118:1411,360.45,150.91,12.11,3.79,4.41,0.0
20230118:1511,789.63,311.98,7.2,3.53,4.14,0.0
20230118:1611,0.0,0.0,0.0,2.8,3.72,0.0
20230118:1711,0.0,0.0,0.0,1.88,3.24,0.0
20230118:1811,0.0,0.0,0.0,1.2,2.9,0.0
20230118:1911,0.0,0.0,0.0,0.84,2.41,0.0
20230118:2011,0.0,0.0,0.0,0.13,2.41,0.0
20230118:2111,0.0,0.0,0.0,-0.42,2.41,0.0
20230118:2211,0.0,0.0,0.0,-0.82,2.41,0.0
20230118:2311,0.0,0.0,0.0,-1.18,2.48,0.0
20230119:0011,0.0,0.0,0.0,-1.39,2.55,0.0
20230119:0111,0.0,0.0,0.0,-1.38,2.69,0.0
20230119:0211,0.0,0.0,0.0,-1.24,2.62,0.0
20230119:0311,0.0,0.0,0.0,-1.3,2.48,0.0
20230119:0411,0.0,0.0,0.0,-1.25,2.28,0.0
20230119:0511,0.0,0.0,0.0,-1.49,2.28,0.0
20230119:0611,0.0,0.0,0.0,-0.95,2.21,0.0
20230119:0711,0.0,0.0,0.0,-1.18,2.14,0.0
20230119:0811,0.0,0.0,0.0,-1.14,2.07,0.0
20230119:0911,356.7,148.88,5.77,-0.73,1.93,0.0
20230119:1011,448.02,181.26,11.15,0.05,1.79,0.0
20230119:1111,1140.27,444.15,14.71,1.37,2.14,0.0
20230119:1211,1485.48,584.97,16.15,2.22,2.62,0.0
20230119:1311,1587.36,626.46,15.33,2.92,3.24,0.0
20230119:1411,859.23,336.29,12.33,3.13,3.03,0.0
20230119:1511,476.43,194.17,7.42,2.88,3.38,0.0
20230119:1611,0.0,0.0,0.0,2.04,3.59,0.0
20230119:1711,0.0,0.0,0.0,1.53,3.66,0.0
20230119:1811,0.0,0.0,0.0,1.29,3.66,0.0
20230119:1911,0.0,0.0,0.0,1.82,4.41,0.0
20230119:2011,0.0,0.0,0.0,2.25,4.62,0.0
20230119:2111,0.0,0.0,0.0,2.59,4.69,0.0
20230119:2211,0.0,0.0,0.0,2.78,4.76,0.0
20230119:2311,0.0,0.0,0.0,2.99,4.69,0.0
20230120:0011,0.0,0.0,0.0,2.76,4.41,0.0
20230120:0111,0.0,0.0,0.0,2.56,4.14,0.0
20230120:0211,0.0,0.0,0.0,2.45,3.86,0.0
20230120:0311,0.0,0.0,0.0,2.17,3.59,0.0
20230120:0411,0.0,0.0,0.0,1.88,3.24,0.0
20230120:0511,0.0,0.0,0.0,1.45,2.83,0.0
20230120:0611,0.0,0.0,0.0,1.02,2.48,0.0
20230120:0711,0.0,0.0,0.0,0.83,2.48,0.0
20230120:0811,0.0,0.0,0.0,0.36,2.28,0.0
20230120:0911,682.08,270.84,5.93,-0.23,1.93,0.0
20230120:1011,1286.4,506.01,11.33,0.82,1.52,0.0
20230120:1111,1601.76,646.48,14.91,3.49,1.66,0.0
20230120:1211,1721.58,700.54,16.36,4.49,2.0,0.0
20230120:1311,1602.57,647.65,15.55,4.98,2.14,0.0
20230120:1411,1266.81,505.16,12.55,5.14,2.07,0.0
20230120:1511,492.21,202.61,7.64,4.78,1.72,0.0
20230120:1611,0.0,0.0,0.0,3.64,1.86,0.0
20230120:1711,0.0,0.0,0.0,1.9,1.93,0.0
20230120:1811,0.0,0.0,0.0,0.24,2.0,0.0
20230120:1911,0.0,0.0,0.0,-0.86,1.93,0.0
20230120:2011,0.0,0.0,0.0,-1.81,1.93,0.0
20230120:2111,0.0,0.0,0.0,-2.3,1.86,0.0
20230120:2211,0.0,0.0,0.0,-2.66,1.93,0.0
20230120:2311,0.0,0.0,0.0,-2.8,2.0,0.0
20230121:0011,0.0,0.0,0.0,-2.94,1.93,0.0
20230121:0111,0.0,0.0,0.0,-3.15,2.0,0.0
20230121:0211,0.0,0.0,0.0,-3.0,2.07,0.0
20230121:0311,0.0,0.0,0.0,-2.78,2.28,0.0
20230121:0411,0.0,0.0,0.0,-2.12,2.21,0.0
20230121:0511,0.0,0.0,0.0,-1.62,1.86,0.0
20230121:0611,0.0,0.0,0.0,-1.55,1.93,0.0
20230121:0711,0.0,0.0,0.0,-1.92,2.21,0.0
20230121:0811,0.0,0.0,0.0,-2.38,2.21,0.0
20230121:0911,617.19,243.95,6.1,-2.12,2.21,0.0
20230121:1011,1260.54,489.88,11.51,-0.35,2.07,0.0
20230121:1111,1596.12,629.67,15.11,0.85,2.34,0.0
20230121:1211,1674.54,660.36,16.58,1.77,3.17,0.0
20230121:1311,1641.87,645.97,15.78,1.76,3.24,0.0
20230121:1411,1307.31,508.59,12.78,1.73,3.17,0.0
20230121:1511,488.37,197.41,7.87,1.23,2.83,0.0
20230121:1611,0.0,0.0,0.0,0.06,2.83,0.0
20230121:1711,0.0,0.0,0.0,-1.18,2.97,0.0
20230121:1811,0.0,0.0,0.0,-1.6,3.03,0.0
20230121:1911,0.0,0.0,0.0,-1.24,3.03,0.0
20230121:2011,0.0,0.0,0.0,-1.42,3.03,0.0
20230121:2111,0.0,0.0,0.0,-1.28,3.17,0.0
20230121:2211,0.0,0.0,0.0,-1.22,3.38,0.0
20230121:2311,0.0,0.0,0.0,-1.28,3.45,0.0
20230122:0011,0.0,0.0,0.0,-1.38,3.45,0.0
20230122:0111,0.0,0.0,0.0,-1.49,3.24,0.0
20230122:0211,0.0,0.0,0.0,-1.54,3.24,0.0
20230122:0311,0.0,0.0,0.0,-1.45,3.31,0.0
20230122:0411,0.0,0.0,0.0,-1.04,3.24,0.0
20230122:0511,0.0,0.0,0.0,-0.96,3.17,0.0
20230122:0611,0.0,0.0,0.0,-0.6,3.24,0.0
20230122:0711,0.0,0.0,0.0,-0.43,3.17,0.0
20230122:0811,0.0,0.0,0.0,-0.32,2.97,0.0
20230122:0911,110.37,56.3,6.27,0.01,3.03,0.0
20230122:1011,239.88,105.32,11.7,0.61,3.03,0.0
20230122:1111,78.09,43.57,15.32,1.37,2.76,0.0
20230122:1211,93.75,50.06,16.8,1.88,2.97,0.0
20230122:1311,300.15,128.85,16.01,2.75,3.1,0.0
20230122:1411,221.91,99.81,13.02,3.25,2.83,0.0
20230122:1511,146.1,70.88,8.1,3.07,2.48,0.0
20230122:1611,0.0,0.0,0.0,2.66,2.41,0.0
20230122:1711,0.0,0.0,0.0,2.25,2.41,0.0
20230122:1811,0.0,0.0,0.0,2.09,2.41,0.0
20230122:1911,0.0,0.0,0.0,1.22,1.93,0.0
20230122:2011,0.0,0.0,0.0,1.27,1.93,0.0
20230122:2111,0.0,0.0,0.0,1.27,2.0,0.0
20230122:2211,0.0,0.0,0.0,1.01,1.93,0.0
20230122:2311,0.0,0.0,0.0,1.22,2.0,0.0
20230123:0011,0.0,0.0,0.0,0.89,2.0,0.0
20230123:0111,0.0,0.0,0.0,1.15,1.72,0.0
20230123:0211,0.0,0.0,0.0,0.61,1.93,0.0
20230123:0311,0.0,0.0,0.0,0.79,2.0,0.0
20230123:0411,0.0,0.0,0.0,1.08,2.07,0.0
20230123:0511,0.0,0.0,0.0,1.18,2.14,0.0
20230123:0611,0.0,0.0,0.0,0.94,2.14,0.0
20230123:0711,0.0,0.0,0.0,1.11,1.86,0.0
20230123:0811,0.0,0.0,0.0,1.54,1.86,0.0
20230123:0911,78.9,43.99,6.45,1.88,1.93,0.0
20230123:1011,123.39,62.09,11.9,2.77,1.86,0.0
20230123:1111,1400.01,557.62,15.54,3.59,1.79,0.0
20230123:1211,297.99,129.34,17.03,4.46,1.86,0.0
20230123:1311,1006.05,398.7,16.25,5.06,1.93,0.0
20230123:1411,784.17,312.65,13.26,5.47,1.93,0.0
20230123:1511,375.96,159.05,8.34,5.43,1.79,0.0
20230123:1611,0.0,1.85,1.87,4.83,1.59,0.0
20230123:1711,0.0,0.0,0.0,3.93,1.72,0.0
20230123:1811,0.0,0.0,0.0,3.36,1.66,0.0
20230123:1911,0.0,0.0,0.0,3.2,1.59,0.0
20230123:2011,0.0,0.0,0.0,2.86,1.52,0.0
20230123:2111,0.0,0.0,0.0,2.48,1.59,0.0
20230123:2211,0.0,0.0,0.0,2.32,1.66,0.0
20230123:2311,0.0,0.0,0.0,2.34,1.72,0.0
20230124:0011,0.0,0.0,0.0,2.23,1.59,0.0
20230124:0111,0.0,0.0,0.0,2.09,1.31,0.0
20230124:0211,0.0,0.0,0.0,2.1,1.17,0.0
20230124:0311,0.0,0.0,0.0,1.94,1.17,0.0
20230124:0411,0.0,0.0,0.0,2.24,1.03,0.0
20230124:0511,0.0,0.0,0.0,2.22,1.03,0.0
20230124:0611,0.0,0.0,0.0,2.48,1.1,0.0
20230124:0711,0.0,0.0,0.0,1.64,1.38,0.0
20230124:0811,0.0,0.0,0.0,1.93,1.17,0.0
20230124:0911,2.31,7.42,6.64,2.43,0.97,0.0
20230124:1011,12.63,13.91,12.11,3.44,0.9,0.0
20230124:1111,44.64,29.67,15.76,4.64,0.83,0.0
20230124:1211,48.48,31.52,17.27,5.72,0.9,0.0
20230124:1311,60.87,37.08,16.49,6.45,1.03,0.0
20230124:1411,58.65,36.16,13.51,6.77,1.03,0.0
20230124:1511,159.0,77.04,8.59,6.57,1.03,0.0
20230124:1611,0.0,0.93,2.11,6.25,1.1,0.0
20230124:1711,0.0,0.0,0.0,5.52,1.45,0.0
20230124:1811,0.0,0.0,0.0,5.02,1.45,0.0
20230124:1911,0.0,0.0,0.0,4.22,1.31,0.0
20230124:2011,0.0,0.0,0.0,3.98,1.45,0.0
20230124:2111,0.0,0.0,0.0,3.84,1.59,0.0
20230124:2211,0.0,0.0,0.0,4.0,1.66,0.0
20230124:2311,0.0,0.0,0.0,4.2,1.72,0.0
20230125:0011,0.0,0.0,0.0,4.33,1.86,0.0
20230125:0111,0.0,0.0,0.0,4.53,2.0,0.0
20230125:0211,0.0,0.0,0.0,4.58,1.93,0.0
20230125:0311,0.0,0.0,0.0,4.68,1.93,0.0
20230125:0411,0.0,0.0,0.0,4.81,2.0,0.0
20230125:0511,0.0,0.0,0.0,5.02,2.0,0.0
20230125:0611,0.0,0.0,0.0,5.25,2.21,0.0
20230125:0711,0.0,0.0,0.0,5.45,2.21,0.0
20230125:0811,0.0,0.0,0.0,5.7,2.28,0.0
20230125:0911,3.48,8.34,6.83,6.01,2.28,0.0
20230125:1011,28.44,22.25,12.32,6.64,2.62,0.0
20230125:1111,146.25,72.31,15.99,7.15,3.45,0.0
20230125:1211,40.02,27.81,17.51,7.47,4.07,0.0
20230125:1311,26.43,21.32,16.74,7.4,3.86,0.0
20230125:1411,36.03,25.96,13.76,7.52,4.41,0.0
20230125:1511,216.21,99.07,8.83,7.34,4.76,0.0
20230125:1611,0.0,4.64,2.35,6.8,4.97,0.0
20230125:1711,0.0,0.0,0.0,5.58,4.34,0.0
20230125:1811,0.0,0.0,0.0,4.61,4.14,0.0
20230125:1911,0.0,0.0,0.0,4.34,3.93,0.0
20230125:2011,0.0,0.0,0.0,3.77,3.31,0.0
20230125:2111,0.0,0.0,0.0,3.12,2.83,0.0
20230125:2211,0.0,0.0,0.0,2.56,2.62,0.0
20230125:2311,0.0,0.0,0.0,2.09,2.41,0.0
20230126:0011,0.0,0.0,0.0,1.59,2.34,0.0
20230126:0111,0.0,0.0,0.0,1.11,2.21,0.0
20230126:0211,0.0,0.0,0.0,0.34,2.14,0.0
20230126:0311,0.0,0.0,0.0,-0.39,2.21,0.0
20230126:0411,0.0,0.0,0.0,-1.01,2.07,0.0
20230126:0511,0.0,0.0,0.0,-1.36,2.21,0.0
20230126:0611,0.0,0.0,0.0,-1.42,2.28,0.0
20230126:0711,0.0,0.0,0.0,-1.0,2.28,0.0
20230126:0811,0.0,0.0,0.0,-0.69,2.28,0.0
20230126:0911,459.24,187.2,7.03,0.23,2.21,0.0
20230126:1011,1054.5,413.97,12.54,2.72,2.07,0.0
20230126:1111,1357.35,538.49,16.22,4.79,2.69,0.0
20230126:1211,660.06,264.35,17.76,6.07,3.86,0.0
20230126:1311,682.29,273.21,17.0,6.69,4.0,0.0
20230126:1411,73.77,42.65,14.01,6.9,3.38,0.0
20230126:1511,50.37,32.45,9.08,6.67,2.62,0.0
20230126:1611,0.0,1.85,2.59,5.38,2.14,0.0
20230126:1711,0.0,0.0,0.0,3.9,2.21,0.0
20230126:1811,0.0,0.0,0.0,2.97,2.0,0.0
20230126:1911,0.0,0.0,0.0,1.93,2.14,0.0
20230126:2011,0.0,0.0,0.0,1.23,2.28,0.0
20230126:2111,0.0,0.0,0.0,1.37,2.21,0.0
20230126:2211,0.0,0.0,0.0,0.95,2.21,0.0
20230126:2311,0.0,0.0,0.0,0.55,2.21,0.0
20230127:0011,0.0,0.0,0.0,1.0,2.14,0.0
20230127:0111,0.0,0.0,0.0,1.65,2.07,0.0
20230127:0211,0.0,0.0,0.0,2.02,2.07,0.0
20230127:0311,0.0,0.0,0.0,2.39,2.0,0.0
20230127:0411,0.0,0.0,0.0,2.42,2.0,0.0
20230127:0511,0.0,0.0,0.0,1.92,2.0,0.0
20230127:0611,0.0,0.0,0.0,1.17,2.0,0.0
20230127:0711,0.0,0.0,0.0,1.88,1.59,0.0
20230127:0811,0.0,0.0,0.0,2.11,1.59,0.0
20230127:0911,121.11,61.17,7.23,2.52,1.38,0.0
20230127:1011,141.06,69.32,12.76,3.61,1.38,0.0
20230127:1111,419.91,175.07,16.46,4.99,1.72,0.0
20230127:1211,802.77,321.16,18.01,5.8,1.66,0.0
20230127:1311,361.47,154.27,17.26,6.09,1.31,0.0
20230127:1411,60.96,37.08,14.27,6.24,1.24,0.0
20230127:1511,28.5,22.25,9.34,6.09,1.45,0.0
20230127:1611,0.0,5.56,2.84,5.12,1.79,0.0
20230127:1711,0.0,0.0,0.0,3.57,2.14,0.0
20230127:1811,0.0,0.0,0.0,2.74,1.86,0.0
20230127:1911,0.0,0.0,0.0,1.86,1.24,0.0
20230127:2011,0.0,0.0,0.0,1.14,1.17,0.0
20230127:2111,0.0,0.0,0.0,1.05,1.1,0.0
20230127:2211,0.0,0.0,0.0,1.05,1.1,0.0
20230127:2311,0.0,0.0,0.0,0.25,1.38,0.0
20230128:0011,0.0,0.0,0.0,-0.35,1.72,0.0
20230128:0111,0.0,0.0,0.0,-0.02,1.93,0.0
20230128:0211,0.0,0.0,0.0,0.13,2.0,0.0
20230128:0311,0.0,0.0,0.0,0.14,1.93,0.0
20230128:0411,0.0,0.0,0.0,0.38,1.93,0.0
20230128:0511,0.0,0.0,0.0,0.08,2.0,0.0
20230128:0611,0.0,0.0,0.0,0.23,1.86,0.0
20230128:0711,0.0,0.0,0.0,1.06,2.0,0.0
20230128:0811,0.0,0.0,0.0,1.74,1.52,0.0
20230128:0911,62.22,36.99,7.45,1.75,1.45,0.0
20230128:1011,378.45,158.67,12.99,3.86,1.59,0.0
20230128:1111,119.58,61.19,16.71,5.02,2.07,0.0
20230128:1211,112.5,58.41,18.27,5.38,2.28,0.0
20230128:1311,48.57,31.52,17.52,5.61,2.14,0.0
20230128:1411,44.4,29.67,14.54,5.71,2.07,0.0
20230128:1511,28.59,22.25,9.6,5.68,2.21,0.0
20230128:1611,0.0,2.78,3.09,5.42,1.93,0.0
20230128:1711,0.0,0.0,0.0,5.28,1.93,0.0
20230128:1811,0.0,0.0,0.0,5.24,1.93,0.0
20230128:1911,0.0,0.0,0.0,5.26,2.0,0.0
20230128:2011,0.0,0.0,0.0,5.29,1.93,0.0
20230128:2111,0.0,0.0,0.0,5.22,1.93,0.0
20230128:2211,0.0,0.0,0.0,5.19,2.14,0.0
20230128:2311,0.0,0.0,0.0,5.19,2.28,0.0
20230129:0011,0.0,0.0,0.0,5.22,2.34,0.0
20230129:0111,0.0,0.0,0.0,5.23,2.55,0.0
20230129:0211,0.0,0.0,0.0,5.27,2.9,0.0
20230129:0311,0.0,0.0,0.0,5.32,3.38,0.0
20230129:0411,0.0,0.0,0.0,5.17,3.72,0.0
20230129:0511,0.0,0.0,0.0,4.97,3.59,0.0
20230129:0611,0.0,0.0,0.0,4.6,3.45,0.0
20230129:0711,0.0,0.0,0.0,4.58,3.66,0.0
20230129:0811,0.0,0.0,0.0,4.0,3.72,0.0
20230129:0911,46.98,30.59,7.66,3.83,3.66,0.0
20230129:1011,68.22,39.87,13.22,4.16,3.93,0.0
20230129:1111,67.95,39.87,16.96,5.06,4.55,0.0
20230129:1211,94.32,50.99,18.54,5.74,5.24,0.0
20230129:1311,91.86,50.06,17.79,6.17,5.17,0.0
20230129:1411,98.43,52.85,14.81,6.63,5.31,0.0
20230129:1511,44.25,29.67,9.86,6.68,5.38,0.0
20230129:1611,0.0,5.56,3.35,6.62,5.17,0.0
20230129:1711,0.0,0.0,0.0,6.47,5.38,0.0
20230129:1811,0.0,0.0,0.0,6.49,5.79,0.0
20230129:1911,0.0,0.0,0.0,6.8,5.79,0.0
20230129:2011,0.0,0.0,0.0,7.27,6.34,0.0
20230129:2111,0.0,0.0,0.0,7.85,6.97,0.0
20230129:2211,0.0,0.0,0.0,8.16,7.31,0.0
20230129:2311,0.0,0.0,0.0,7.5,7.31,0.0
20230130:0011,0.0,0.0,0.0,6.44,7.24,0.0
20230130:0111,0.0,0.0,0.0,6.21,7.24,0.0
20230130:0211,0.0,0.0,0.0,5.93,7.38,0.0
20230130:0311,0.0,0.0,0.0,5.7,7.31,0.0
20230130:0411,0.0,0.0,0.0,5.48,7.17,0.0
20230130:0511,0.0,0.0,0.0,5.58,7.03,0.0
20230130:0611,0.0,0.0,0.0,5.65,6.69,0.0
20230130:0711,0.0,0.0,0.0,5.75,6.55,0.0
20230130:0811,0.0,0.0,0.0,5.9,6.28,0.0
20230130:0911,808.14,322.55,7.89,6.01,5.66,0.0
20230130:1011,1274.82,502.73,13.47,6.55,4.69,0.0
20230130:1111,1325.4,518.95,17.22,7.22,6.48,0.0
20230130:1211,1304.34,511.15,18.81,7.53,6.62,0.0
20230130:1311,1413.84,556.07,18.07,7.64,6.28,0.0
20230130:1411,703.41,280.84,15.08,7.58,5.72,0.0
20230130:1511,34.11,25.03,10.13,7.4,5.45,0.0
20230130:1611,0.0,4.64,3.61,6.82,4.34,0.0
20230130:1711,0.0,0.0,0.0,5.97,3.79,0.0
20230130:1811,0.0,0.0,0.0,5.02,3.38,0.0
20230130:1911,0.0,0.0,0.0,4.95,3.24,0.0
20230130:2011,0.0,0.0,0.0,4.94,3.24,0.0
20230130:2111,0.0,0.0,0.0,4.51,3.17,0.0
20230130:2211,0.0,0.0,0.0,4.65,3.31,0.0
20230130:2311,0.0,0.0,0.0,5.23,3.72,0.0
20230131:0011,0.0,0.0,0.0,5.75,4.21,0.0
20230131:0111,0.0,0.0,0.0,6.07,4.97,0.0
20230131:0211,0.0,0.0,0.0,6.05,5.24,0.0
20230131:0311,0.0,0.0,0.0,6.17,5.24,0.0
20230131:0411,0.0,0.0,0.0,6.43,5.24,0.0
20230131:0511,0.0,0.0,0.0,7.05,5.72,0.0
20230131:0611,0.0,0.0,0.0,7.45,5.72,0.0
20230131:0711,0.0,0.0,0.0,8.13,6.07,0.0
20230131:0811,0.0,0.0,0.0,8.0,6.62,0.0
20230131:0911,821.25,328.8,8.12,7.57,6.76,0.0
20230131:1011,318.81,137.45,13.71,7.28,7.03,0.0
20230131:1111,1056.36,412.93,17.48,7.4,7.24,0.0
20230131:1211,73.71,42.65,19.08,7.37,7.17,0.0
20230131:1311,1014.36,396.31,18.35,7.42,7.79,0.0
20230131:1411,1090.08,425.02,15.36,7.19,7.66,0.0
20230131:1511,50.43,32.45,10.4,6.74,6.97,0.0
20230131:1611,0.0,5.56,3.87,6.11,6.55,0.0
20230131:1711,0.0,0.0,0.0,5.47,6.14,0.0
20230131:1811,0.0,0.0,0.0,5.12,5.79,0.0
20230131:1911,0.0,0.0,0.0,5.53,6.14,0.0
20230131:2011,0.0,0.0,0.0,5.51,6.21,0.0
20230131:2111,0.0,0.0,0.0,5.73,6.97,0.0
20230131:2211,0.0,0.0,0.0,5.73,7.31,0.0
20230131:2311,0.0,0.0,0.0,5.63,7.31,0.0
20230201:0011,0.0,0.0,0.0,5.42,7.03,0.0
20230201:0111,0.0,0.0,0.0,5.41,6.97,0.0
20230201:0211,0.0,0.0,0.0,5.39,6.69,0.0
20230201:0311,0.0,0.0,0.0,5.43,6.55,0.0
20230201:0411,0.0,0.0,0.0,5.21,6.55,0.0
20230201:0511,0.0,0.0,0.0,5.42,6.9,0.0
20230201:0611,0.0,0.0,0.0,5.63,7.38,0.0
20230201:0711,0.0,0.0,0.0,5.98,7.38,0.0
20230201:0811,0.0,0.0,0.0,6.26,7.72,0.0
20230201:0911,58.86,36.16,8.35,6.72,7.86,0.0
20230201:1011,17.43,16.69,13.97,7.15,7.86,0.0
20230201:1111,60.66,37.08,17.75,7.75,7.31,0.0
20230201:1211,148.56,73.24,19.36,7.94,8.55,0.0
20230201:1311,158.1,76.95,18.63,7.83,9.1,0.0
20230201:1411,60.6,37.08,15.64,7.95,7.79,0.0
20230201:1511,12.3,13.91,10.67,7.77,7.31,0.0
20230201:1611,4.77,9.27,4.13,7.59,6.34,0.0
20230201:1711,0.0,0.0,0.0,7.49,6.0,0.0
20230201:1811,0.0,0.0,0.0,7.38,5.66,0.0
20230201:1911,0.0,0.0,0.0,7.77,5.72,0.0
20230201:2011,0.0,0.0,0.0,7.62,5.79,0.0
20230201:2111,0.0,0.0,0.0,7.7,6.0,0.0
20230201:2211,0.0,0.0,0.0,7.56,5.59,0.0
20230201:2311,0.0,0.0,0.0,7.5,5.38,0.0
20230202:0011,0.0,0.0,0.0,7.44,5.31,0.0
20230202:0111,0.0,0.0,0.0,7.24,5.1,0.0
20230202:0211,0.0,0.0,0.0,6.99,4.69,0.0
20230202:0311,0.0,0.0,0.0,6.86,4.55,0.0
20230202:0411,0.0,0.0,0.0,6.86,4.69,0.0
20230202:0511,0.0,0.0,0.0,7.11,4.9,0.0
20230202:0611,0.0,0.0,0.0,7.45,5.03,0.0
20230202:0711,0.0,0.0,0.0,8.08,5.17,0.0
20230202:0811,0.0,0.0,0.0,8.22,5.24,0.0
20230202:0911,308.97,135.21,8.59,8.37,5.38,0.0
20230202:1011,567.42,231.24,14.23,8.59,5.59,0.0
20230202:1111,467.16,194.32,18.03,8.87,5.59,0.0
20230202:1211,272.04,121.72,19.65,9.27,5.24,0.0
20230202:1311,230.55,105.87,18.92,9.71,6.21,0.0
20230202:1411,244.44,111.11,15.93,9.82,5.66,0.0
20230202:1511,26.1,21.32,10.95,9.69,5.52,0.0
20230202:1611,0.0,5.56,4.4,9.17,5.45,0.0
20230202:1711,0.0,0.0,0.0,8.72,5.52,0.0
20230202:1811,0.0,0.0,0.0,8.23,5.24,0.0
20230202:1911,0.0,0.0,0.0,8.72,5.72,0.0
20230202:2011,0.0,0.0,0.0,8.69,5.66,0.0
20230202:2111,0.0,0.0,0.0,8.42,5.72,0.0
20230202:2211,0.0,0.0,0.0,8.53,6.14,0.0
20230202:2311,0.0,0.0,0.0,8.73,6.34,0.0
20230203:0011,0.0,0.0,0.0,8.88,6.34,0.0
20230203:0111,0.0,0.0,0.0,8.94,6.21,0.0
20230203:0211,0.0,0.0,0.0,9.06,6.07,0.0
20230203:0311,0.0,0.0,0.0,9.14,6.0,0.0
20230203:0411,0.0,0.0,0.0,9.3,5.93,0.0
20230203:0511,0.0,0.0,0.0,9.43,5.79,0.0
20230203:0611,0.0,0.0,0.0,9.52,5.66,0.0
20230203:0711,0.0,0.0,0.0,9.52,5.59,0.0
20230203:0811,0.0,0.93,1.78,9.46,5.59,0.0
20230203:0911,49.65,32.45,8.84,9.62,5.52,0.0
20230203:1011,51.63,33.38,14.49,9.88,5.45,0.0
20230203:1111,132.81,67.68,18.31,10.25,5.86,0.0
20230203:1211,219.39,101.98,19.94,10.26,4.76,0.0
20230203:1311,74.73,43.57,19.22,10.16,4.41,0.0
20230203:1411,101.07,54.7,16.22,10.21,4.9,0.0
20230203:1511,49.5,32.45,11.23,10.08,4.34,0.0
20230203:1611,0.96,6.49,4.67,9.65,3.86,0.0
20230203:1711,0.0,0.0,0.0,9.21,3.52,0.0
20230203:1811,0.0,0.0,0.0,8.82,3.31,0.0
20230203:1911,0.0,0.0,0.0,8.6,3.24,0.0
20230203:2011,0.0,0.0,0.0,7.96,2.9,0.0
20230203:2111,0.0,0.0,0.0,7.58,2.55,0.0
20230203:2211,0.0,0.0,0.0,7.24,2.28,0.0
20230203:2311,0.0,0.0,0.0,7.11,2.07,0.0
20230204:0011,0.0,0.0,0.0,7.32,1.93,0.0
20230204:0111,0.0,0.0,0.0,7.62,2.0,0.0
20230204:0211,0.0,0.0,0.0,7.57,2.07,0.0
20230204:0311,0.0,0.0,0.0,7.85,2.21,0.0
20230204:0411,0.0,0.0,0.0,7.97,2.28,0.0
20230204:0511,0.0,0.0,0.0,8.05,2.48,0.0
20230204:0611,0.0,0.0,0.0,7.99,2.69,0.0
20230204:0711,0.0,0.0,0.0,7.77,2.9,0.0
20230204:0811,0.0,0.93,2.01,7.49,3.03,0.0
20230204:0911,62.82,38.01,9.09,7.28,2.76,0.0
20230204:1011,37.95,26.89,14.76,7.7,2.76,0.0
20230204:1111,101.91,54.7,18.59,8.4,3.66,0.0
20230204:1211,112.83,59.33,20.24,9.19,4.28,0.0
20230204:1311,203.16,95.49,19.52,9.64,4.55,0.0
20230204:1411,182.31,87.33,16.51,9.7,3.31,0.0
20230204:1511,37.56,26.89,11.51,9.53,3.17,0.0
20230204:1611,10.59,12.98,4.94,9.23,3.17,0.0
20230204:1711,0.0,0.0,0.0,8.46,3.03,0.0
20230204:1811,0.0,0.0,0.0,8.11,3.17,0.0
20230204:1911,0.0,0.0,0.0,8.87,4.28,0.0
20230204:2011,0.0,0.0,0.0,8.7,5.59,0.0
20230204:2111,0.0,0.0,0.0,7.37,4.97,0.0
20230204:2211,0.0,0.0,0.0,6.12,4.07,0.0
20230204:2311,0.0,0.0,0.0,4.92,3.45,0.0
20230205:0011,0.0,0.0,0.0,3.94,3.03,0.0
20230205:0111,0.0,0.0,0.0,2.87,3.03,0.0
20230205:0211,0.0,0.0,0.0,2.36,2.9,0.0
20230205:0311,0.0,0.0,0.0,2.02,2.9,0.0
20230205:0411,0.0,0.0,0.0,1.85,2.9,0.0
20230205:0511,0.0,0.0,0.0,1.46,2.21,0.0
20230205:0611,0.0,0.0,0.0,0.65,2.0,0.0
20230205:0711,0.0,0.0,0.0,-0.15,2.07,0.0
20230205:0811,0.0,3.71,2.26,-1.08,1.72,0.0
20230205:0911,831.96,327.56,9.35,-0.45,1.38,0.0
20230205:1011,1080.84,428.54,15.03,2.87,1.03,0.0
20230205:1111,1268.16,510.28,18.88,4.92,1.1,0.0
20230205:1211,1270.86,512.03,20.54,6.01,1.52,0.0
20230205:1311,1178.52,472.8,19.82,6.61,1.93,0.0
20230205:1411,1410.75,571.29,16.81,6.85,2.0,0.0
20230205:1511,520.68,214.39,11.8,6.54,2.0,0.0
20230205:1611,12.45,13.91,5.21,5.75,1.66,0.0
20230205:1711,0.0,0.0,0.0,4.61,1.59,0.0
20230205:1811,0.0,0.0,0.0,3.03,1.1,0.0
20230205:1911,0.0,0.0,0.0,1.05,1.52,0.0
20230205:2011,0.0,0.0,0.0,0.49,1.66,0.0
20230205:2111,0.0,0.0,0.0,-0.17,1.86,0.0
20230205:2211,0.0,0.0,0.0,-1.12,2.0,0.0
20230205:2311,0.0,0.0,0.0,-1.85,2.0,0.0
20230206:0011,0.0,0.0,0.0,-2.34,2.07,0.0
20230206:0111,0.0,0.0,0.0,-2.71,2.07,0.0
20230206:0211,0.0,0.0,0.0,-2.94,2.0,0.0
20230206:0311,0.0,0.0,0.0,-3.13,2.07,0.0
20230206:0411,0.0,0.0,0.0,-3.18,2.14,0.0
20230206:0511,0.0,0.0,0.0,-3.05,2.34,0.0
20230206:0611,0.0,0.0,0.0,-2.87,2.34,0.0
20230206:0711,0.0,0.0,0.0,-2.78,2.07,0.0
20230206:0811,0.12,5.56,2.5,-3.03,1.86,0.0
20230206:0911,923.07,360.39,9.61,-1.89,1.45,0.0
20230206:1011,1438.86,571.93,15.31,1.33,1.38,0.0
20230206:1111,1705.29,694.45,19.18,3.22,1.45,0.0
20230206:1211,1737.42,713.58,20.84,4.69,1.59,0.0
20230206:1311,1784.55,737.65,20.13,5.46,1.66,0.0
20230206:1411,1576.98,643.08,17.11,5.95,1.79,0.0
20230206:1511,840.36,337.4,12.09,5.92,1.72,0.0
20230206:1611,466.53,199.61,5.49,5.3,1.38,0.0
20230206:1711,0.0,0.0,0.0,3.71,1.93,0.0
20230206:1811,0.0,0.0,0.0,2.02,2.07,0.0
20230206:1911,0.0,0.0,0.0,1.22,1.86,0.0
20230206:2011,0.0,0.0,0.0,0.03,1.93,0.0
20230206:2111,0.0,0.0,0.0,-0.56,1.93,0.0
20230206:2211,0.0,0.0,0.0,-0.95,2.0,0.0
20230206:2311,0.0,0.0,0.0,-1.25,2.0,0.0
20230207:0011,0.0,0.0,0.0,-1.59,2.14,0.0
20230207:0111,0.0,0.0,0.0,-1.58,2.07,0.0
20230207:0211,0.0,0.0,0.0,-1.69,1.93,0.0
20230207:0311,0.0,0.0,0.0,-1.62,1.79,0.0
20230207:0411,0.0,0.0,0.0,-1.73,1.72,0.0
20230207:0511,0.0,0.0,0.0,-1.69,1.66,0.0
20230207:0611,0.0,0.0,0.0,-1.39,1.52,0.0
20230207:0711,0.0,0.0,0.0,-2.17,1.86,0.0
20230207:0811,5.13,9.27,2.75,-1.59,1.52,0.0
20230207:0911,315.51,133.84,9.88,-0.1,1.1,0.0
20230207:1011,193.02,89.41,15.6,3.31,1.1,0.0
20230207:1111,266.97,118.67,19.48,5.52,1.1,0.0
20230207:1211,404.73,171.49,21.15,6.67,1.31,0.0
20230207:1311,387.51,165.27,20.44,7.47,1.66,0.0
20230207:1411,1166.43,470.26,17.41,7.86,2.0,0.0
20230207:1511,249.48,112.5,12.38,7.77,1.79,0.0
20230207:1611,155.55,77.26,5.77,7.31,1.1,0.0
20230207:1711,0.0,0.0,0.0,5.76,1.03,0.0
20230207:1811,0.0,0.0,0.0,5.58,0.76,0.0
20230207:1911,0.0,0.0,0.0,5.33,0.9,0.0
20230207:2011,0.0,0.0,0.0,2.75,1.45,0.0
20230207:2111,0.0,0.0,0.0,0.87,1.79,0.0
20230207:2211,0.0,0.0,0.0,0.03,1.86,0.0
20230207:2311,0.0,0.0,0.0,-0.62,2.0,0.0
20230208:0011,0.0,0.0,0.0,-1.06,1.93,0.0
20230208:0111,0.0,0.0,0.0,-1.02,1.66,0.0
20230208:0211,0.0,0.0,0.0,-1.22,1.59,0.0
20230208:0311,0.0,0.0,0.0,-1.15,1.72,0.0
20230208:0411,0.0,0.0,0.0,-0.55,2.0,0.0
20230208:0511,0.0,0.0,0.0,-0.31,2.21,0.0
20230208:0611,0.0,0.0,0.0,-0.2,2.14,0.0
20230208:0711,0.0,0.0,0.0,-0.25,2.34,0.0
20230208:0811,0.09,5.56,3.01,-0.73,2.48,0.0
20230208:0911,631.29,250.26,10.15,0.11,2.48,0.0
20230208:1011,1172.1,458.38,15.89,2.07,2.41,0.0
20230208:1111,1340.61,529.8,19.79,3.91,2.69,0.0
20230208:1211,1584.36,632.85,21.47,5.03,3.24,0.0
20230208:1311,1520.85,604.13,20.75,5.71,3.93,0.0
20230208:1411,1139.79,448.21,17.72,5.96,4.28,0.0
20230208:1511,475.29,195.47,12.68,5.87,4.21,0.0
20230208:1611,317.01,139.41,6.05,5.16,4.21,0.0
20230208:1711,0.0,0.0,0.0,3.98,3.93,0.0
20230208:1811,0.0,0.0,0.0,2.91,3.66,0.0
20230208:1911,0.0,0.0,0.0,2.67,3.66,0.0
20230208:2011,0.0,0.0,0.0,2.36,3.59,0.0
20230208:2111,0.0,0.0,0.0,2.12,3.59,0.0
20230208:2211,0.0,0.0,0.0,1.92,3.38,0.0
20230208:2311,0.0,0.0,0.0,2.24,3.24,0.0
20230209:0011,0.0,0.0,0.0,3.03,3.31,0.0
20230209:0111,0.0,0.0,0.0,4.37,3.66,0.0
20230209:0211,0.0,0.0,0.0,5.38,4.07,0.0
20230209:0311,0.0,0.0,0.0,5.18,4.34,0.0
20230209:0411,0.0,0.0,0.0,3.96,3.66,0.0
20230209:0511,0.0,0.0,0.0,3.03,2.76,0.0
20230209:0611,0.0,0.0,0.0,2.0,1.93,0.0
20230209:0711,0.0,0.0,0.0,1.06,2.07,0.0
20230209:0811,22.35,19.24,3.27,0.0,2.34,0.0
20230209:0911,935.67,368.09,10.43,1.13,2.28,0.0
20230209:1011,1470.48,584.87,16.19,4.04,2.69,0.0
20230209:1111,1851.27,744.71,20.1,5.86,4.28,0.0
20230209:1211,1227.69,482.17,21.79,6.67,5.38,0.0
20230209:1311,1754.31,699.74,21.07,7.09,5.45,0.0
20230209:1411,1019.55,401.64,18.03,7.06,5.1,0.0
20230209:1511,249.45,111.7,12.97,6.98,5.03,0.0
20230209:1611,207.06,97.05,6.33,6.28,3.59,0.0
20230209:1711,0.0,0.0,0.0,5.0,3.03,0.0
20230209:1811,0.0,0.0,0.0,3.96,2.62,0.0
20230209:1911,0.0,0.0,0.0,4.03,2.76,0.0
20230209:2011,0.0,0.0,0.0,3.55,2.62,0.0
20230209:2111,0.0,0.0,0.0,3.18,2.55,0.0
20230209:2211,0.0,0.0,0.0,2.84,2.62,0.0
20230209:2311,0.0,0.0,0.0,2.71,2.55,0.0
20230210:0011,0.0,0.0,0.0,2.43,2.41,0.0
20230210:0111,0.0,0.0,0.0,1.63,2.48,0.0
20230210:0211,0.0,0.0,0.0,1.19,2.55,0.0
20230210:0311,0.0,0.0,0.0,1.38,2.55,0.0
20230210:0411,0.0,0.0,0.0,1.21,2.76,0.0
20230210:0511,0.0,0.0,0.0,1.07,2.83,0.0
20230210:0611,0.0,0.0,0.0,1.14,2.97,0.0
20230210:0711,0.0,0.0,0.0,1.15,2.97,0.0
20230210:0811,0.0,2.78,3.54,1.42,2.9,0.0
20230210:0911,140.43,68.64,10.71,2.4,2.9,0.0
20230210:1011,265.32,116.63,16.49,3.75,2.76,0.0
20230210:1111,348.99,148.8,20.41,5.16,3.03,0.0
20230210:1211,426.99,178.72,22.11,6.38,3.52,0.0
20230210:1311,172.11,82.51,21.39,7.13,3.38,0.0
20230210:1411,62.64,38.01,18.34,7.86,3.45,0.0
20230210:1511,49.98,32.45,13.27,8.27,4.21,0.0
20230210:1611,26.28,21.32,6.62,8.47,4.21,0.0
20230210:1711,0.0,0.0,0.0,8.19,3.72,0.0
20230210:1811,0.0,0.0,0.0,7.88,3.52,0.0
20230210:1911,0.0,0.0,0.0,8.14,4.07,0.0
20230210:2011,0.0,0.0,0.0,8.16,4.21,0.0
20230210:2111,0.0,0.0,0.0,8.22,4.41,0.0
20230210:2211,0.0,0.0,0.0,8.1,4.48,0.0
20230210:2311,0.0,0.0,0.0,8.03,4.69,0.0
20230211:0011,0.0,0.0,0.0,7.78,4.83,0.0
20230211:0111,0.0,0.0,0.0,7.5,4.9,0.0
20230211:0211,0.0,0.0,0.0,7.16,4.83,0.0
20230211:0311,0.0,0.0,0.0,6.81,4.48,0.0
20230211:0411,0.0,0.0,0.0,6.48,4.0,0.0
20230211:0511,0.0,0.0,0.0,6.03,3.24,0.0
20230211:0611,0.0,0.0,0.0,5.59,2.55,0.0
20230211:0711,0.0,0.0,0.0,5.71,2.76,0.0
20230211:0811,0.0,4.64,3.81,5.77,2.76,0.0
20230211:0911,28.47,22.25,11.0,6.33,2.55,0.0
20230211:1011,212.97,98.36,16.79,7.21,3.03,0.0
20230211:1111,534.33,219.93,20.73,8.36,4.34,0.0
20230211:1211,235.17,107.54,22.43,8.58,4.28,0.0
20230211:1311,110.76,58.41,21.72,8.75,3.86,0.0
20230211:1411,99.51,53.77,18.66,8.76,3.72,0.0
20230211:1511,58.17,36.16,13.58,8.6,3.17,0.0
20230211:1611,39.81,27.81,6.91,8.24,2.14,0.0
20230211:1711,0.0,0.0,0.0,7.45,1.31,0.0
20230211:1811,0.0,0.0,0.0,6.59,0.69,0.0
20230211:1911,0.0,0.0,0.0,5.83,1.03,0.0
20230211:2011,0.0,0.0,0.0,6.48,0.69,0.0
20230211:2111,0.0,0.0,0.0,6.38,0.62,0.0
20230211:2211,0.0,0.0,0.0,6.26,0.69,0.0
20230211:2311,0.0,0.0,0.0,5.58,0.83,0.0
20230212:0011,0.0,0.0,0.0,4.94,1.03,0.0
20230212:0111,0.0,0.0,0.0,4.61,1.1,0.0
20230212:0211,0.0,0.0,0.0,4.4,1.1,0.0
20230212:0311,0.0,0.0,0.0,4.14,1.17,0.0
20230212:0411,0.0,0.0,0.0,3.85,1.17,0.0
20230212:0511,0.0,0.0,0.0,3.74,1.31,0.0
20230212:0611,0.0,0.0,0.0,3.54,1.45,0.0
20230212:0711,0.0,0.0,0.0,3.98,1.1,0.0
20230212:0811,0.03,5.56,4.09,3.53,1.24,0.0
20230212:0911,94.26,50.99,11.3,5.2,0.9,0.0
20230212:1011,136.8,68.61,17.1,6.82,1.17,0.0
20230212:1111,131.88,66.75,21.05,7.6,2.48,0.0
20230212:1211,102.06,54.7,22.77,8.01,2.97,0.0
20230212:1311,129.36,65.82,22.05,8.09,3.1,0.0
20230212:1411,180.69,86.22,18.98,8.05,3.17,0.0
20230212:1511,124.8,63.97,13.88,7.99,3.03,0.0
20230212:1611,105.18,56.2,7.2,7.57,2.48,0.0
20230212:1711,0.0,0.0,0.0,6.92,1.86,0.0
20230212:1811,0.0,0.0,0.0,6.01,1.86,0.0
20230212:1911,0.0,0.0,0.0,5.53,2.21,0.0
20230212:2011,0.0,0.0,0.0,5.29,2.34,0.0
20230212:2111,0.0,0.0,0.0,4.89,2.48,0.0
20230212:2211,0.0,0.0,0.0,4.95,2.69,0.0
20230212:2311,0.0,0.0,0.0,4.9,2.83,0.0
20230213:0011,0.0,0.0,0.0,4.97,2.9,0.0
20230213:0111,0.0,0.0,0.0,5.08,2.9,0.0
20230213:0211,0.0,0.0,0.0,5.0,2.76,0.0
20230213:0311,0.0,0.0,0.0,4.9,2.69,0.0
20230213:0411,0.0,0.0,0.0,4.58,2.62,0.0
20230213:0511,0.0,0.0,0.0,4.43,2.76,0.0
20230213:0611,0.0,0.0,0.0,4.48,2.83,0.0
20230213:0711,0.0,0.0,0.0,4.2,2.76,0.0
20230213:0811,2.28,7.42,4.37,4.19,2.76,0.0
20230213:0911,70.26,40.79,11.59,4.59,3.52,0.0
20230213:1011,157.2,76.02,17.41,5.09,3.45,0.0
20230213:1111,417.39,174.68,21.38,5.77,3.45,0.0
20230213:1211,1923.99,787.8,23.1,6.54,3.45,0.0
20230213:1311,1958.28,805.72,22.38,7.19,3.52,0.0
20230213:1411,1713.3,697.25,19.3,7.65,3.38,0.0
20230213:1511,1109.19,444.53,14.19,7.78,3.17,0.0
20230213:1611,602.4,252.82,7.49,7.63,2.69,0.0
20230213:1711,0.0,0.0,0.0,6.51,2.34,0.0
20230213:1811,0.0,0.0,0.0,5.12,2.62,0.0
20230213:1911,0.0,0.0,0.0,4.87,2.76,0.0
20230213:2011,0.0,0.0,0.0,4.25,2.76,0.0
20230213:2111,0.0,0.0,0.0,3.9,2.76,0.0
20230213:2211,0.0,0.0,0.0,3.64,2.76,0.0
20230213:2311,0.0,0.0,0.0,3.37,2.76,0.0
20230214:0011,0.0,0.0,0.0,3.03,2.76,0.0
20230214:0111,0.0,0.0,0.0,2.97,2.76,0.0
20230214:0211,0.0,0.0,0.0,2.58,2.76,0.0
20230214:0311,0.0,0.0,0.0,2.18,2.76,0.0
20230214:0411,0.0,0.0,0.0,1.91,2.69,0.0
20230214:0511,0.0,0.0,0.0,1.73,2.69,0.0
20230214:0611,0.0,0.0,0.0,1.66,2.69,0.0
20230214:0711,0.0,0.0,0.0,0.93,2.28,0.0
20230214:0811,59.1,36.42,4.66,0.97,2.28,0.0
20230214:0911,1059.21,420.31,11.9,2.87,2.07,0.0
20230214:1011,187.2,87.95,17.73,5.73,2.34,0.0
20230214:1111,413.19,175.19,21.71,8.2,2.76,0.0
20230214:1211,123.57,63.97,23.44,10.01,3.1,0.0
20230214:1311,1089.0,441.85,22.71,11.07,3.24,0.0
20230214:1411,640.41,264.54,19.62,11.75,3.31,0.0
20230214:1511,164.19,80.84,14.5,11.9,3.1,0.0
20230214:1611,532.2,228.22,7.78,11.22,2.9,0.0
20230214:1711,0.0,0.0,0.0,9.89,2.97,0.0
20230214:1811,0.0,0.0,0.0,8.33,3.17,0.0
20230214:1911,0.0,0.0,0.0,7.2,2.83,0.0
20230214:2011,0.0,0.0,0.0,6.5,2.83,0.0
20230214:2111,0.0,0.0,0.0,5.91,2.9,0.0
20230214:2211,0.0,0.0,0.0,5.57,3.03,0.0
20230214:2311,0.0,0.0,0.0,5.44,3.17,0.0
20230215:0011,0.0,0.0,0.0,5.31,3.31,0.0
20230215:0111,0.0,0.0,0.0,5.01,3.38,0.0
20230215:0211,0.0,0.0,0.0,4.57,3.45,0.0
20230215:0311,0.0,0.0,0.0,4.05,3.52,0.0
20230215:0411,0.0,0.0,0.0,3.57,3.52,0.0
20230215:0511,0.0,0.0,0.0,3.23,3.59,0.0
20230215:0611,0.0,0.0,0.0,3.04,3.66,0.0
20230215:0711,0.0,0.0,0.0,3.01,3.66,0.0
20230215:0811,178.77,87.26,4.95,3.33,3.86,0.0
20230215:0911,738.48,294.76,12.2,4.78,3.66,0.0
20230215:1011,531.03,217.13,18.06,6.79,4.21,0.0
20230215:1111,1578.57,633.97,22.05,8.61,4.69,0.0
20230215:1211,103.68,55.63,23.78,9.46,4.55,0.0
20230215:1311,64.23,38.94,23.05,9.55,4.21,0.0
20230215:1411,174.69,84.37,19.95,9.67,3.66,0.0
20230215:1511,778.56,315.5,14.81,9.9,3.86,0.0
20230215:1611,87.48,49.03,8.07,9.5,3.24,0.0
20230215:1711,0.0,0.0,0.0,8.24,2.69,0.0
20230215:1811,0.0,0.0,0.0,6.9,2.76,0.0
20230215:1911,0.0,0.0,0.0,6.61,2.55,0.0
20230215:2011,0.0,0.0,0.0,5.73,2.55,0.0
20230215:2111,0.0,0.0,0.0,5.02,2.48,0.0
20230215:2211,0.0,0.0,0.0,4.63,2.41,0.0
20230215:2311,0.0,0.0,0.0,4.54,2.62,0.0
20230216:0011,0.0,0.0,0.0,4.56,2.69,0.0
20230216:0111,0.0,0.0,0.0,4.61,2.69,0.0
20230216:0211,0.0,0.0,0.0,4.74,2.97,0.0
20230216:0311,0.0,0.0,0.0,4.99,3.38,0.0
20230216:0411,0.0,0.0,0.0,5.18,3.86,0.0
20230216:0511,0.0,0.0,0.0,5.38,4.14,0.0
20230216:0611,0.0,0.0,0.0,5.66,4.07,0.0
20230216:0711,0.0,0.0,0.0,6.77,4.21,0.0
20230216:0811,87.03,49.52,5.25,7.26,3.86,0.0
20230216:0911,189.33,89.34,12.51,7.9,3.52,0.0
20230216:1011,282.12,125.37,18.38,8.6,3.45,0.0
20230216:1111,252.54,114.64,22.39,9.38,3.72,0.0
20230216:1211,78.99,45.43,24.13,10.23,4.07,0.0
20230216:1311,91.95,50.99,23.39,10.62,4.21,0.0
20230216:1411,61.8,38.01,20.28,10.51,4.0,0.0
20230216:1511,257.31,116.44,15.12,10.2,4.07,0.0
20230216:1611,413.55,179.12,8.37,9.88,3.86,0.0
20230216:1711,0.0,0.0,0.0,9.43,3.38,0.0
20230216:1811,0.0,0.0,0.0,9.09,3.03,0.0
20230216:1911,0.0,0.0,0.0,9.66,4.41,0.0
20230216:2011,0.0,0.0,0.0,9.62,4.76,0.0
20230216:2111,0.0,0.0,0.0,9.82,5.24,0.0
20230216:2211,0.0,0.0,0.0,10.15,5.52,0.0
20230216:2311,0.0,0.0,0.0,10.59,5.66,0.0
20230217:0011,0.0,0.0,0.0,10.84,5.59,0.0
20230217:0111,0.0,0.0,0.0,10.87,5.72,0.0
20230217:0211,0.0,0.0,0.0,10.61,6.14,0.0
20230217:0311,0.0,0.0,0.0,10.2,6.41,0.0
20230217:0411,0.0,0.0,0.0,9.8,6.55,0.0
20230217:0511,0.0,0.0,0.0,9.71,6.76,0.0
20230217:0611,0.0,0.0,0.0,9.98,6.83,0.0
20230217:0711,0.0,0.0,0.0,11.17,7.59,0.0
20230217:0811,5.97,10.2,5.55,11.43,7.93,0.0
20230217:0911,259.92,117.65,12.83,11.47,8.34,0.0
20230217:1011,642.93,261.63,18.71,11.31,8.69,0.0
20230217:1111,665.82,270.6,22.73,11.5,9.24,0.0
20230217:1211,252.3,114.96,24.48,11.29,9.38,0.0
20230217:1311,313.41,138.05,23.74,10.79,8.83,0.0
20230217:1411,273.36,122.56,20.61,10.45,8.0,0.0
20230217:1511,55.74,35.23,15.43,9.99,6.21,0.0
20230217:1611,149.37,74.53,8.67,9.37,3.79,0.0
20230217:1711,0.0,0.0,0.0,8.62,2.48,0.0
20230217:1811,0.0,0.0,0.0,8.42,0.97,0.0
20230217:1911,0.0,0.0,0.0,8.69,1.66,0.0
20230217:2011,0.0,0.0,0.0,9.05,2.21,0.0
20230217:2111,0.0,0.0,0.0,9.55,3.1,0.0
20230217:2211,0.0,0.0,0.0,10.11,4.55,0.0
20230217:2311,0.0,0.0,0.0,10.38,5.59,0.0
20230218:0011,0.0,0.0,0.0,10.25,5.59,0.0
20230218:0111,0.0,0.0,0.0,10.08,5.66,0.0
20230218:0211,0.0,0.0,0.0,9.5,5.93,0.0
20230218:0311,0.0,0.0,0.0,9.18,6.34,0.0
20230218:0411,0.0,0.0,0.0,9.6,6.48,0.0
20230218:0511,0.0,0.0,0.0,10.12,6.83,0.0
20230218:0611,0.0,0.0,0.0,10.34,7.1,0.0
20230218:0711,0.0,0.0,0.0,10.65,7.1,0.0
20230218:0811,93.0,52.38,5.85,10.36,6.76,0.0
20230218:0911,494.52,206.18,13.15,10.17,6.55,0.0
20230218:1011,603.57,246.71,19.05,10.26,6.48,0.0
20230218:1111,259.02,117.37,23.08,10.75,7.59,0.0
20230218:1211,277.77,124.74,24.83,11.04,7.72,0.0
20230218:1311,277.38,124.77,24.09,11.25,7.17,0.0
20230218:1411,379.62,163.5,20.94,11.28,6.76,0.0
20230218:1511,143.82,72.31,15.75,10.94,5.79,0.0
20230218:1611,59.73,37.08,8.96,10.5,4.62,0.0
20230218:1711,0.0,0.0,0.0,10.19,4.48,0.0
20230218:1811,0.0,0.0,0.0,9.79,4.69,0.0
20230218:1911,0.0,0.0,0.0,9.84,6.0,0.0
20230218:2011,0.0,0.0,0.0,9.65,6.76,0.0
20230218:2111,0.0,0.0,0.0,9.35,6.62,0.0
20230218:2211,0.0,0.0,0.0,9.03,6.76,0.0
20230218:2311,0.0,0.0,0.0,8.81,6.69,0.0
20230219:0011,0.0,0.0,0.0,8.58,6.83,0.0
20230219:0111,0.0,0.0,0.0,7.93,6.97,0.0
20230219:0211,0.0,0.0,0.0,7.1,6.48,0.0
20230219:0311,0.0,0.0,0.0,6.45,6.0,0.0
20230219:0411,0.0,0.0,0.0,5.9,5.38,0.0
20230219:0511,0.0,0.0,0.0,5.53,4.48,0.0
20230219:0611,0.0,0.0,0.0,5.38,3.59,0.0
20230219:0711,0.0,0.0,0.0,5.55,3.1,0.0
20230219:0811,405.33,178.58,6.16,5.19,2.34,0.0
20230219:0911,626.43,254.55,13.47,5.8,2.14,0.0
20230219:1011,445.56,185.8,19.39,7.01,3.72,0.0
20230219:1111,276.0,122.92,23.43,7.93,4.14,0.0
20230219:1211,550.53,226.9,25.18,8.58,4.34,0.0
20230219:1311,945.69,378.42,24.44,9.39,4.83,0.0
20230219:1411,610.74,250.17,21.28,9.88,4.83,0.0
20230219:1511,404.55,172.05,16.06,9.92,5.1,0.0
20230219:1611,297.9,133.11,9.26,9.57,4.76,0.0
20230219:1711,0.0,0.0,0.0,8.6,3.86,0.0
20230219:1811,0.0,0.0,0.0,7.37,3.59,0.0
20230219:1911,0.0,0.0,0.0,6.79,3.79,0.0
20230219:2011,0.0,0.0,0.0,6.4,3.93,0.0
20230219:2111,0.0,0.0,0.0,6.63,4.07,0.0
20230219:2211,0.0,0.0,0.0,6.9,4.07,0.0
20230219:2311,0.0,0.0,0.0,7.18,4.28,0.0
20230220:0011,0.0,0.0,0.0,7.84,4.76,0.0
20230220:0111,0.0,0.0,0.0,8.62,5.31,0.0
20230220:0211,0.0,0.0,0.0,8.88,5.52,0.0
20230220:0311,0.0,0.0,0.0,8.98,5.59,0.0
20230220:0411,0.0,0.0,0.0,8.88,5.59,0.0
20230220:0511,0.0,0.0,0.0,8.66,5.52,0.0
20230220:0611,0.0,0.0,0.0,8.62,5.38,0.0
20230220:0711,0.0,0.0,0.0,9.24,5.72,0.0
20230220:0811,53.55,34.34,6.48,9.28,5.66,0.0
20230220:0911,101.46,54.7,13.8,9.52,5.38,0.0
20230220:1011,163.2,79.73,19.73,9.73,5.03,0.0
20230220:1111,172.5,83.44,23.79,9.97,6.07,0.0
20230220:1211,162.9,79.73,25.54,10.26,6.14,0.0
20230220:1311,55.56,35.23,24.79,10.65,6.55,0.0
20230220:1411,87.54,49.14,21.62,10.91,6.76,0.0
20230220:1511,85.44,48.21,16.38,10.66,5.59,0.0
20230220:1611,385.29,167.58,9.56,10.51,5.31,0.0
20230220:1711,0.0,0.0,0.0,10.15,4.48,0.0
20230220:1811,0.0,0.0,0.0,9.71,4.14,0.0
20230220:1911,0.0,0.0,0.0,9.57,3.79,0.0
20230220:2011,0.0,0.0,0.0,9.31,3.66,0.0
20230220:2111,0.0,0.0,0.0,9.04,3.59,0.0
20230220:2211,0.0,0.0,0.0,8.88,3.45,0.0
20230220:2311,0.0,0.0,0.0,8.72,3.24,0.0
20230221:0011,0.0,0.0,0.0,8.68,3.1,0.0
20230221:0111,0.0,0.0,0.0,8.36,2.97,0.0
20230221:0211,0.0,0.0,0.0,8.27,2.83,0.0
20230221:0311,0.0,0.0,0.0,8.15,2.76,0.0
20230221:0411,0.0,0.0,0.0,8.09,2.69,0.0
20230221:0511,0.0,0.0,0.0,8.05,2.62,0.0
20230221:0611,0.0,0.0,0.0,7.92,2.41,0.0
20230221:0711,0.0,0.0,0.0,7.48,2.14,0.0
20230221:0811,271.02,125.22,6.79,7.58,2.0,0.0
20230221:0911,1038.51,419.65,14.13,7.88,2.55,0.0
20230221:1011,536.52,221.59,20.08,8.17,2.83,0.0
20230221:1111,227.73,104.76,24.14,8.48,3.17,0.0
20230221:1211,584.31,240.63,25.9,8.65,3.17,0.0
20230221:1311,428.85,181.92,25.14,8.81,2.9,0.0
20230221:1411,659.37,269.65,21.96,9.12,2.76,0.0
20230221:1511,740.25,300.87,16.7,9.08,2.76,0.0
20230221:1611,728.88,303.5,9.86,8.99,2.69,0.0
20230221:1711,0.0,0.93,1.92,8.75,2.14,0.0
20230221:1811,0.0,0.0,0.0,8.38,1.93,0.0
20230221:1911,0.0,0.0,0.0,8.43,2.0,0.0
20230221:2011,0.0,0.0,0.0,7.76,2.21,0.0
20230221:2111,0.0,0.0,0.0,7.16,2.34,0.0
20230221:2211,0.0,0.0,0.0,7.01,2.41,0.0
20230221:2311,0.0,0.0,0.0,6.63,2.69,0.0
20230222:0011,0.0,0.0,0.0,6.06,2.76,0.0
20230222:0111,0.0,0.0,0.0,5.99,2.76,0.0
20230222:0211,0.0,0.0,0.0,5.55,2.69,0.0
20230222:0311,0.0,0.0,0.0,5.36,2.62,0.0
20230222:0411,0.0,0.0,0.0,5.6,2.55,0.0
20230222:0511,0.0,0.0,0.0,5.8,2.83,0.0
20230222:0611,0.0,0.0,0.0,5.94,3.1,0.0
20230222:0711,0.0,0.0,0.0,5.81,3.03,0.0
20230222:0811,321.18,143.81,7.11,5.9,3.72,0.0
20230222:0911,203.76,94.19,14.46,5.77,3.45,0.0
20230222:1011,778.95,309.11,20.43,6.14,4.83,0.0
20230222:1111,316.38,137.24,24.5,6.57,5.79,0.0
20230222:1211,93.72,50.99,26.27,7.1,6.28,0.0
20230222:1311,172.29,82.51,25.5,7.49,6.48,0.0
20230222:1411,170.04,81.59,22.3,7.3,6.21,0.0
20230222:1511,183.63,86.88,17.02,7.37,5.86,0.0
20230222:1611,139.38,69.61,10.16,7.0,4.62,0.0
20230222:1711,0.0,1.85,2.2,6.42,3.86,0.0
20230222:1811,0.0,0.0,0.0,5.44,3.03,0.0
20230222:1911,0.0,0.0,0.0,5.3,3.1,0.0
20230222:2011,0.0,0.0,0.0,5.05,2.76,0.0
20230222:2111,0.0,0.0,0.0,4.38,2.48,0.0
20230222:2211,0.0,0.0,0.0,3.66,2.41,0.0
20230222:2311,0.0,0.0,0.0,3.5,2.55,0.0
20230223:0011,0.0,0.0,0.0,3.63,3.24,0.0
20230223:0111,0.0,0.0,0.0,3.81,3.72,0.0
20230223:0211,0.0,0.0,0.0,3.88,3.93,0.0
20230223:0311,0.0,0.0,0.0,3.65,3.86,0.0
20230223:0411,0.0,0.0,0.0,3.49,3.72,0.0
20230223:0511,0.0,0.0,0.0,3.11,3.52,0.0
20230223:0611,0.0,0.0,0.0,2.72,3.17,0.0
20230223:0711,0.0,0.0,0.0,3.15,3.45,0.0
20230223:0811,571.38,241.21,7.44,2.83,2.83,0.0
20230223:0911,1247.64,495.42,14.8,3.54,2.62,0.0
20230223:1011,1742.19,699.62,20.78,4.65,3.38,0.0
20230223:1111,1760.73,715.71,24.87,5.66,2.9,0.0
20230223:1211,1486.38,599.24,26.63,6.4,2.76,0.0
20230223:1311,2050.56,854.14,25.86,6.89,3.03,0.0
20230223:1411,1835.97,753.14,22.64,7.08,3.1,0.0
20230223:1511,1396.14,558.99,17.34,6.82,3.52,0.0
20230223:1611,798.06,325.98,10.46,6.23,3.31,0.0
20230223:1711,0.0,4.64,2.49,5.2,2.69,0.0
20230223:1811,0.0,0.0,0.0,3.56,2.41,0.0
20230223:1911,0.0,0.0,0.0,2.82,2.34,0.0
20230223:2011,0.0,0.0,0.0,2.26,2.07,0.0
20230223:2111,0.0,0.0,0.0,2.33,2.07,0.0
20230223:2211,0.0,0.0,0.0,3.45,2.34,0.0
20230223:2311,0.0,0.0,0.0,4.39,2.97,0.0
20230224:0011,0.0,0.0,0.0,5.2,3.52,0.0
20230224:0111,0.0,0.0,0.0,5.89,4.07,0.0
20230224:0211,0.0,0.0,0.0,6.22,4.55,0.0
20230224:0311,0.0,0.0,0.0,6.43,4.9,0.0
20230224:0411,0.0,0.0,0.0,6.52,5.03,0.0
20230224:0511,0.0,0.0,0.0,6.63,5.03,0.0
20230224:0611,0.0,0.0,0.0,6.72,4.9,0.0
20230224:0711,0.0,0.0,0.0,7.14,4.34,0.0
20230224:0811,144.84,72.89,7.76,7.39,4.0,0.0
20230224:0911,254.91,114.58,15.14,7.85,3.79,0.0
20230224:1011,531.69,219.11,21.14,8.33,4.41,0.0
20230224:1111,251.25,114.03,25.24,9.1,4.14,0.0
20230224:1211,107.94,57.48,27.0,9.82,3.86,0.0
20230224:1311,716.94,292.5,26.22,9.88,3.59,0.0
20230224:1411,536.13,222.65,22.98,9.63,3.66,0.0
20230224:1511,329.4,143.77,17.67,9.3,3.66,0.0
20230224:1611,353.67,154.18,10.77,8.8,3.66,0.0
20230224:1711,0.0,4.64,2.77,7.88,3.72,0.0
20230224:1811,0.0,0.0,0.0,6.89,3.93,0.0
20230224:1911,0.0,0.0,0.0,6.36,3.79,0.0
20230224:2011,0.0,0.0,0.0,5.6,3.86,0.0
20230224:2111,0.0,0.0,0.0,4.88,3.72,0.0
20230224:2211,0.0,0.0,0.0,4.19,3.38,0.0
20230224:2311,0.0,0.0,0.0,3.85,3.24,0.0
20230225:0011,0.0,0.0,0.0,3.66,3.24,0.0
20230225:0111,0.0,0.0,0.0,3.54,3.17,0.0
20230225:0211,0.0,0.0,0.0,3.23,3.1,0.0
20230225:0311,0.0,0.0,0.0,3.06,3.03,0.0
20230225:0411,0.0,0.0,0.0,2.9,3.1,0.0
20230225:0511,0.0,0.0,0.0,2.81,3.1,0.0
20230225:0611,0.0,0.0,0.0,2.58,3.03,0.0
20230225:0711,0.0,0.0,0.0,1.52,2.55,0.0
20230225:0811,506.43,213.85,8.1,2.18,2.55,0.0
20230225:0911,233.61,104.56,15.49,3.16,3.03,0.0
20230225:1011,210.87,96.42,21.5,4.3,4.34,0.0
20230225:1111,316.02,136.68,25.61,5.28,4.41,0.0
20230225:1211,700.41,280.66,27.38,6.19,4.83,0.0
20230225:1311,759.78,303.03,26.58,6.52,5.1,0.0
20230225:1411,91.86,50.06,23.33,6.17,4.97,0.0
20230225:1511,161.1,77.88,17.99,6.51,5.31,0.0
20230225:1611,745.53,303.1,11.07,6.09,4.55,0.0
20230225:1711,3.51,8.34,3.06,5.29,3.72,0.0
20230225:1811,0.0,0.0,0.0,4.06,3.17,0.0
20230225:1911,0.0,0.0,0.0,3.52,3.38,0.0
20230225:2011,0.0,0.0,0.0,3.05,3.38,0.0
20230225:2111,0.0,0.0,0.0,2.71,3.17,0.0
20230225:2211,0.0,0.0,0.0,2.68,3.03,0.0
20230225:2311,0.0,0.0,0.0,2.4,2.69,0.0
20230226:0011,0.0,0.0,0.0,1.89,2.41,0.0
20230226:0111,0.0,0.0,0.0,1.58,2.28,0.0
20230226:0211,0.0,0.0,0.0,1.29,2.34,0.0
20230226:0311,0.0,0.0,0.0,1.06,2.48,0.0
20230226:0411,0.0,0.0,0.0,0.87,2.48,0.0
20230226:0511,0.0,0.0,0.0,0.67,2.55,0.0
20230226:0611,0.0,0.0,0.0,0.71,2.55,0.0
20230226:0711,0.0,0.0,0.0,0.81,2.62,0.0
20230226:0811,251.82,113.2,8.43,1.37,2.55,0.0
20230226:0911,599.28,241.28,15.84,3.43,2.41,0.0
20230226:1011,854.34,337.58,21.86,5.52,4.34,0.0
20230226:1111,576.84,234.7,25.98,6.52,4.76,0.0
20230226:1211,752.64,300.87,27.75,7.06,5.52,0.0
20230226:1311,1720.53,687.64,26.95,7.44,5.52,0.0
20230226:1411,210.15,97.35,23.67,7.46,4.76,0.0
20230226:1511,621.9,252.24,18.31,7.32,4.14,0.0
20230226:1611,188.46,89.01,11.37,7.0,3.52,0.0
20230226:1711,3.48,8.34,3.35,6.22,2.55,0.0
20230226:1811,0.0,0.0,0.0,4.79,2.21,0.0
20230226:1911,0.0,0.0,0.0,3.7,2.62,0.0
20230226:2011,0.0,0.0,0.0,3.03,2.55,0.0
20230226:2111,0.0,0.0,0.0,2.45,2.48,0.0
20230226:2211,0.0,0.0,0.0,2.08,2.41,0.0
20230226:2311,0.0,0.0,0.0,2.01,2.34,0.0
20230227:0011,0.0,0.0,0.0,2.15,2.28,0.0
20230227:0111,0.0,0.0,0.0,2.14,2.21,0.0
20230227:0211,0.0,0.0,0.0,2.46,2.07,0.0
20230227:0311,0.0,0.0,0.0,2.51,2.21,0.0
20230227:0411,0.0,0.0,0.0,2.85,2.21,0.0
20230227:0511,0.0,0.0,0.0,3.06,2.34,0.0
20230227:0611,0.0,0.0,0.0,3.3,2.55,0.0
20230227:0711,0.0,0.0,0.0,2.99,2.69,0.0
20230227:0811,128.7,64.94,8.77,3.32,2.62,0.0
20230227:0911,178.26,84.0,16.19,4.39,2.83,0.0
20230227:1011,168.78,80.66,22.22,5.55,3.86,0.0
20230227:1111,93.78,50.99,26.35,6.77,4.0,0.0
20230227:1211,167.04,80.66,28.13,7.7,4.14,0.0
20230227:1311,384.75,164.27,27.31,7.87,4.34,0.0
20230227:1411,254.94,114.96,24.02,8.16,4.55,0.0
20230227:1511,1088.13,433.69,18.64,8.01,4.21,0.0
20230227:1611,200.91,94.11,11.68,7.67,3.59,0.0
20230227:1711,6.18,10.2,3.64,7.01,3.24,0.0
20230227:1811,0.0,0.0,0.0,5.98,3.03,0.0
20230227:1911,0.0,0.0,0.0,5.87,2.83,0.0
20230227:2011,0.0,0.0,0.0,5.53,2.97,0.0
20230227:2111,0.0,0.0,0.0,5.44,2.97,0.0
20230227:2211,0.0,0.0,0.0,5.15,2.76,0.0
20230227:2311,0.0,0.0,0.0,5.01,2.34,0.0
20230228:0011,0.0,0.0,0.0,5.11,2.0,0.0
20230228:0111,0.0,0.0,0.0,4.86,1.79,0.0
20230228:0211,0.0,0.0,0.0,4.83,1.93,0.0
20230228:0311,0.0,0.0,0.0,4.67,2.14,0.0
20230228:0411,0.0,0.0,0.0,4.65,2.28,0.0
20230228:0511,0.0,0.0,0.0,4.76,2.41,0.0
20230228:0611,0.0,0.0,0.0,4.86,2.41,0.0
20230228:0711,0.0,0.0,0.0,4.69,2.48,0.0
20230228:0811,268.32,121.13,9.11,4.98,2.21,0.0
20230228:0911,822.45,327.7,16.54,5.42,3.31,0.0
20230228:1011,1087.83,429.36,22.59,6.03,4.07,0.0
20230228:1111,990.36,392.06,26.73,6.27,4.14,0.0
20230228:1211,123.42,63.04,28.51,6.74,4.41,0.0
20230228:1311,186.42,88.08,27.68,7.2,4.14,0.0
20230228:1411,129.84,65.82,24.37,7.47,3.86,0.0
20230228:1511,241.26,109.43,18.96,7.54,3.45,0.0
20230228:1611,163.2,79.14,11.98,7.41,4.0,0.0
20230228:1711,3.45,8.34,3.92,7.0,4.0,0.0
20230228:1811,0.0,0.0,0.0,6.59,4.14,0.0
20230228:1911,0.0,0.0,0.0,6.08,4.21,0.0
20230228:2011,0.0,0.0,0.0,5.88,4.34,0.0
20230228:2111,0.0,0.0,0.0,5.78,4.28,0.0
20230228:2211,0.0,0.0,0.0,5.61,4.14,0.0
20230228:2311,0.0,0.0,0.0,5.51,4.0,0.0
20230301:0011,0.0,0.0,0.0,5.5,3.93,0.0
20230301:0111,0.0,0.0,0.0,5.4,3.79,0.0
20230301:0211,0.0,0.0,0.0,5.32,3.59,0.0
20230301:0311,0.0,0.0,0.0,5.19,3.31,0.0
20230301:0411,0.0,0.0,0.0,5.15,3.17,0.0
20230301:0511,0.0,0.0,0.0,5.17,2.97,0.0
20230301:0611,0.0,0.0,0.0,5.05,2.97,0.0
20230301:0711,0.0,0.0,0.0,4.92,3.1,0.0
20230301:0811,123.3,63.04,9.45,5.15,3.31,0.0
20230301:0911,216.06,98.87,16.9,5.47,3.24,0.0
20230301:1011,681.51,273.15,22.96,6.54,5.24,0.0
20230301:1111,1119.36,443.01,27.11,7.1,4.76,0.0
20230301:1211,294.63,129.79,28.89,7.74,5.72,0.0
20230301:1311,321.69,140.27,28.05,8.27,6.14,0.0
20230301:1411,1156.38,457.22,24.72,8.23,5.93,0.0
20230301:1511,178.89,85.29,19.29,7.88,5.24,0.0
20230301:1611,185.46,87.84,12.28,7.33,4.41,0.0
20230301:1711,6.21,10.2,4.21,6.78,4.28,0.0
20230301:1811,0.0,0.0,0.0,6.07,3.79,0.0
20230301:1911,0.0,0.0,0.0,5.78,3.86,0.0
20230301:2011,0.0,0.0,0.0,5.38,3.79,0.0
20230301:2111,0.0,0.0,0.0,5.13,3.72,0.0
20230301:2211,0.0,0.0,0.0,5.06,3.52,0.0
20230301:2311,0.0,0.0,0.0,5.02,3.38,0.0
20230302:0011,0.0,0.0,0.0,4.83,3.17,0.0
20230302:0111,0.0,0.0,0.0,4.29,2.83,0.0
20230302:0211,0.0,0.0,0.0,4.01,2.48,0.0
20230302:0311,0.0,0.0,0.0,3.65,2.0,0.0
20230302:0411,0.0,0.0,0.0,3.25,1.79,0.0
20230302:0511,0.0,0.0,0.0,2.74,1.79,0.0
20230302:0611,0.0,0.0,0.0,2.36,1.79,0.0
20230302:0711,0.0,0.0,0.0,1.93,1.72,0.0
20230302:0811,117.54,59.98,9.8,2.06,1.59,0.0
20230302:0911,192.69,89.45,17.26,3.74,1.93,0.0
20230302:1011,202.35,93.64,23.34,5.12,2.62,0.0
20230302:1111,305.94,133.5,27.5,5.66,2.76,0.0
20230302:1211,317.61,138.14,29.27,6.03,2.83,0.0
20230302:1311,510.84,211.45,28.42,6.59,2.9,0.0
20230302:1411,844.92,338.64,25.07,6.57,2.62,0.0
20230302:1511,1082.28,433.91,19.61,6.75,2.34,0.0
20230302:1611,833.49,341.67,12.59,6.69,2.07,0.0
20230302:1711,14.07,14.83,4.5,6.2,1.66,0.0
20230302:1811,0.0,0.0,0.0,5.23,1.72,0.0
20230302:1911,0.0,0.0,0.0,4.42,2.07,0.0
20230302:2011,0.0,0.0,0.0,4.0,2.0,0.0
20230302:2111,0.0,0.0,0.0,3.5,1.86,0.0
20230302:2211,0.0,0.0,0.0,2.97,1.72,0.0
20230302:2311,0.0,0.0,0.0,2.4,1.45,0.0
20230303:0011,0.0,0.0,0.0,1.79,1.31,0.0
20230303:0111,0.0,0.0,0.0,1.03,1.31,0.0
20230303:0211,0.0,0.0,0.0,1.08,1.31,0.0
20230303:0311,0.0,0.0,0.0,1.03,1.38,0.0
20230303:0411,0.0,0.0,0.0,0.62,1.52,0.0
20230303:0511,0.0,0.0,0.0,0.82,1.45,0.0
20230303:0611,0.0,0.0,0.0,1.2,1.38,0.0
20230303:0711,0.0,0.93,1.78,1.13,1.38,0.0
20230303:0811,158.16,76.2,10.15,2.13,1.24,0.0
20230303:0911,148.62,72.31,17.62,3.53,1.86,0.0
20230303:1011,241.65,108.47,23.71,4.67,3.03,0.0
20230303:1111,366.54,156.3,27.88,5.69,3.1,0.0
20230303:1211,114.42,59.33,29.65,6.12,2.83,0.0
20230303:1311,203.34,94.56,28.79,6.54,2.62,0.0
20230303:1411,207.39,96.42,25.42,7.16,2.34,0.0
20230303:1511,321.66,140.18,19.94,7.2,2.14,0.0
20230303:1611,218.01,100.68,12.89,7.15,2.14,0.0
20230303:1711,10.74,12.98,4.79,6.81,1.86,0.0
20230303:1811,0.0,0.0,0.0,5.99,1.79,0.0
20230303:1911,0.0,0.0,0.0,4.67,1.66,0.0
20230303:2011,0.0,0.0,0.0,3.91,1.72,0.0
20230303:2111,0.0,0.0,0.0,3.01,1.79,0.0
20230303:2211,0.0,0.0,0.0,2.7,1.72,0.0
20230303:2311,0.0,0.0,0.0,2.7,1.66,0.0
20230304:0011,0.0,0.0,0.0,2.38,1.59,0.0
20230304:0111,0.0,0.0,0.0,1.97,1.38,0.0
20230304:0211,0.0,0.0,0.0,1.71,1.03,0.0
20230304:0311,0.0,0.0,0.0,1.76,0.76,0.0
20230304:0411,0.0,0.0,0.0,1.59,0.62,0.0
20230304:0511,0.0,0.0,0.0,1.38,0.48,0.0
20230304:0611,0.0,0.0,0.0,1.24,0.41,0.0
20230304:0711,0.0,0.93,2.13,1.26,0.83,0.0
20230304:0811,101.91,53.51,10.5,1.71,0.62,0.0
20230304:0911,192.63,89.37,17.99,3.29,1.1,0.0
20230304:1011,271.71,119.87,24.09,4.26,1.93,0.0
20230304:1111,296.31,129.79,28.27,5.25,2.0,0.0
20230304:1211,149.28,73.24,30.04,5.81,1.72,0.0
20230304:1311,236.61,107.54,29.17,6.36,1.52,0.0
20230304:1411,309.45,135.62,25.77,6.52,1.45,0.0
20230304:1511,183.87,87.15,20.27,6.64,1.52,0.0
20230304:1611,188.97,89.09,13.2,6.38,1.66,0.0
20230304:1711,15.78,15.76,5.07,6.11,1.59,0.0
20230304:1811,0.0,0.0,0.0,5.3,1.72,0.0
20230304:1911,0.0,0.0,0.0,3.88,2.76,0.0
20230304:2011,0.0,0.0,0.0,2.99,2.55,0.0
20230304:2111,0.0,0.0,0.0,2.35,2.21,0.0
20230304:2211,0.0,0.0,0.0,1.98,1.72,0.0
20230304:2311,0.0,0.0,0.0,1.31,1.38,0.0
20230305:0011,0.0,0.0,0.0,0.8,1.24,0.0
20230305:0111,0.0,0.0,0.0,0.38,1.38,0.0
20230305:0211,0.0,0.0,0.0,-0.52,1.52,0.0
20230305:0311,0.0,0.0,0.0,-0.57,1.52,0.0
20230305:0411,0.0,0.0,0.0,0.1,1.24,0.0
20230305:0511,0.0,0.0,0.0,0.09,1.17,0.0
20230305:0611,0.0,0.0,0.0,-0.54,1.45,0.0
20230305:0711,0.0,2.78,2.47,-0.58,1.38,0.0
20230305:0811,74.04,41.72,10.85,-0.02,1.24,0.0
20230305:0911,173.4,81.59,18.35,2.27,1.59,0.0
20230305:1011,537.72,218.77,24.47,3.52,2.14,0.0
20230305:1111,1462.68,585.39,28.66,4.71,2.62,0.0
20230305:1211,411.3,172.89,30.43,5.04,2.9,0.0
20230305:1311,306.6,133.5,29.54,5.51,3.52,0.0
20230305:1411,334.8,144.2,26.12,5.94,4.0,0.0
20230305:1511,236.61,106.92,20.59,5.94,4.0,0.0
20230305:1611,287.07,126.33,13.5,5.72,3.72,0.0
20230305:1711,10.86,12.98,5.36,5.29,2.55,0.0
20230305:1811,0.0,0.0,0.0,4.39,1.86,0.0
20230305:1911,0.0,0.0,0.0,3.27,2.07,0.0
20230305:2011,0.0,0.0,0.0,2.53,1.72,0.0
20230305:2111,0.0,0.0,0.0,1.33,1.59,0.0
20230305:2211,0.0,0.0,0.0,0.32,1.59,0.0
20230305:2311,0.0,0.0,0.0,-0.19,1.66,0.0
20230306:0011,0.0,0.0,0.0,0.25,1.59,0.0
20230306:0111,0.0,0.0,0.0,0.82,1.52,0.0
20230306:0211,0.0,0.0,0.0,1.71,1.52,0.0
20230306:0311,0.0,0.0,0.0,2.27,1.59,0.0
20230306:0411,0.0,0.0,0.0,2.74,1.66,0.0
20230306:0511,0.0,0.0,0.0,3.14,2.07,0.0
20230306:0611,0.0,0.0,0.0,3.36,2.34,0.0
20230306:0711,0.0,1.85,2.82,3.86,3.03,0.0
20230306:0811,79.26,44.5,11.21,4.11,3.59,0.0
20230306:0911,224.43,101.7,18.72,4.85,4.69,0.0
20230306:1011,529.74,215.97,24.85,5.25,4.62,0.0
20230306:1111,937.8,371.68,29.05,5.81,3.93,0.0
20230306:1211,798.9,318.55,30.82,6.15,4.55,0.0
20230306:1311,444.27,185.64,29.92,6.47,4.62,0.0
20230306:1411,335.55,144.15,26.47,5.98,5.79,0.0
20230306:1511,534.51,217.33,20.92,5.67,5.79,0.0
20230306:1611,331.83,142.75,13.8,5.23,5.24,0.0
20230306:1711,24.96,20.4,5.65,4.7,4.76,0.0
20230306:1811,0.0,0.0,0.0,4.11,4.28,0.0
20230306:1911,0.0,0.0,0.0,3.52,3.52,0.0
20230306:2011,0.0,0.0,0.0,2.73,3.03,0.0
20230306:2111,0.0,0.0,0.0,2.34,2.62,0.0
20230306:2211,0.0,0.0,0.0,2.2,2.14,0.0
20230306:2311,0.0,0.0,0.0,2.2,1.86,0.0
20230307:0011,0.0,0.0,0.0,1.79,1.45,0.0
20230307:0111,0.0,0.0,0.0,1.26,1.1,0.0
20230307:0211,0.0,0.0,0.0,0.9,0.97,0.0
20230307:0311,0.0,0.0,0.0,1.01,0.83,0.0
20230307:0411,0.0,0.0,0.0,0.38,0.9,0.0
20230307:0511,0.0,0.0,0.0,-0.64,1.31,0.0
20230307:0611,0.0,0.0,0.0,-1.7,1.52,0.0
20230307:0711,20.58,19.62,3.17,-2.57,1.38,0.0
20230307:0811,748.38,304.67,11.57,-0.84,0.76,0.0
20230307:0911,1361.58,543.04,19.09,1.16,1.17,0.0
20230307:1011,1803.93,731.95,25.24,2.44,2.0,0.0
20230307:1111,2101.68,863.4,29.44,3.32,2.97,0.0
20230307:1211,423.39,176.53,31.21,3.96,3.24,0.0
20230307:1311,2031.57,831.53,30.29,4.36,3.31,0.0
20230307:1411,1391.19,551.19,26.83,4.51,3.31,0.0
20230307:1511,1386.99,549.12,21.25,4.47,3.45,0.0
20230307:1611,954.27,382.15,14.11,4.0,3.52,0.0
20230307:1711,264.84,130.69,5.94,3.12,2.9,0.0
20230307:1811,0.0,0.0,0.0,1.53,2.34,0.0
20230307:1911,0.0,0.0,0.0,0.71,1.79,0.0
20230307:2011,0.0,0.0,0.0,-0.26,1.1,0.0
20230307:2111,0.0,0.0,0.0,0.42,0.21,0.0
20230307:2211,0.0,0.0,0.0,-0.21,0.83,0.0
20230307:2311,0.0,0.0,0.0,-2.49,1.45,0.0
20230308:0011,0.0,0.0,0.0,-3.16,1.52,0.0
20230308:0111,0.0,0.0,0.0,-3.41,1.66,0.0
20230308:0211,0.0,0.0,0.0,-3.35,1.72,0.0
20230308:0311,0.0,0.0,0.0,-3.07,1.79,0.0
20230308:0411,0.0,0.0,0.0,-2.37,1.86,0.0
20230308:0511,0.0,0.0,0.0,-1.76,2.07,0.0
20230308:0611,0.0,0.0,0.0,-1.33,2.21,0.0
20230308:0711,6.6,10.2,3.52,-1.11,2.69,0.0
20230308:0811,350.43,148.41,11.93,-0.33,2.62,0.0
20230308:0911,521.76,209.53,19.47,0.71,3.1,0.0
20230308:1011,884.37,344.81,25.62,1.75,3.66,0.0
20230308:1111,1112.64,432.74,29.83,2.58,4.34,0.0
20230308:1211,1104.99,429.92,31.6,3.18,5.03,0.0
20230308:1311,593.16,238.04,30.67,3.29,4.9,0.0
20230308:1411,302.79,130.72,27.18,3.51,4.9,0.0
20230308:1511,211.92,96.42,21.57,3.45,5.17,0.0
20230308:1611,132.87,65.82,14.41,2.93,4.69,0.0
20230308:1711,31.08,23.18,6.22,2.38,3.66,0.0
20230308:1811,0.0,0.0,0.0,1.73,3.72,0.0
20230308:1911,0.0,0.0,0.0,1.42,4.14,0.0
20230308:2011,0.0,0.0,0.0,1.17,3.93,0.0
20230308:2111,0.0,0.0,0.0,1.03,3.72,0.0
20230308:2211,0.0,0.0,0.0,0.86,3.66,0.0
20230308:2311,0.0,0.0,0.0,0.77,3.38,0.0
20230309:0011,0.0,0.0,0.0,0.71,3.17,0.0
20230309:0111,0.0,0.0,0.0,0.24,3.03,0.0
20230309:0211,0.0,0.0,0.0,-0.54,2.69,0.0
20230309:0311,0.0,0.0,0.0,-0.79,2.41,0.0
20230309:0411,0.0,0.0,0.0,-0.95,2.55,0.0
20230309:0511,0.0,0.0,0.0,-0.8,2.83,0.0
20230309:0611,0.0,0.0,0.0,-0.52,2.9,0.0
20230309:0711,5.07,9.27,3.87,-0.01,3.59,0.0
20230309:0811,43.65,28.74,12.29,0.42,4.14,0.0
20230309:0911,199.68,90.86,19.84,0.69,3.86,0.0
20230309:1011,278.52,120.52,26.01,1.06,4.07,0.0
20230309:1111,255.87,112.18,30.23,1.38,4.41,0.0
20230309:1211,368.1,153.9,31.99,1.62,4.97,0.0
20230309:1311,332.94,140.92,31.05,1.82,5.45,0.0
20230309:1411,136.32,66.75,27.53,1.44,5.59,0.0
20230309:1511,211.71,95.49,21.9,1.4,5.93,0.0
20230309:1611,230.22,102.31,14.71,1.27,7.52,0.0
20230309:1711,29.37,22.25,6.51,1.18,7.93,0.0
20230309:1811,0.0,0.0,0.0,1.05,8.21,0.0
20230309:1911,0.0,0.0,0.0,0.76,8.34,0.0
20230309:2011,0.0,0.0,0.0,0.78,8.62,0.0
20230309:2111,0.0,0.0,0.0,0.76,8.76,0.0
20230309:2211,0.0,0.0,0.0,0.76,8.83,0.0
20230309:2311,0.0,0.0,0.0,0.83,8.83,0.0
20230310:0011,0.0,0.0,0.0,0.88,8.9,0.0
20230310:0111,0.0,0.0,0.0,1.05,8.9,0.0
20230310:0211,0.0,0.0,0.0,1.02,8.55,0.0
20230310:0311,0.0,0.0,0.0,0.9,8.0,0.0
20230310:0411,0.0,0.0,0.0,0.81,7.52,0.0
20230310:0511,0.0,0.0,0.0,0.67,6.9,0.0
20230310:0611,0.0,0.0,0.0,0.52,5.86,0.0
20230310:0711,22.02,19.33,4.23,0.43,5.03,0.0
20230310:0811,192.93,88.5,12.65,0.47,4.48,0.0
20230310:0911,364.98,151.88,20.22,0.72,4.34,0.0
20230310:1011,1356.96,523.32,26.4,1.27,4.83,0.0
20230310:1111,1396.53,540.39,30.62,1.81,5.03,0.0
20230310:1211,2328.06,946.13,32.38,2.24,4.48,0.0
20230310:1311,2249.19,916.3,31.42,2.56,4.0,0.0
20230310:1411,1986.69,800.45,27.88,2.74,3.52,0.0
20230310:1511,1581.36,627.3,22.22,2.8,3.1,0.0
20230310:1611,1005.27,401.4,15.01,2.41,2.55,0.0
20230310:1711,260.01,125.94,6.79,1.46,1.93,0.0
20230310:1811,0.0,0.0,0.0,-0.79,1.72,0.0
20230310:1911,0.0,0.0,0.0,-0.12,1.45,0.0
20230310:2011,0.0,0.0,0.0,0.39,1.03,0.0
20230310:2111,0.0,0.0,0.0,-0.15,0.97,0.0
20230310:2211,0.0,0.0,0.0,-0.39,0.97,0.0
20230310:2311,0.0,0.0,0.0,-1.83,1.38,0.0
20230311:0011,0.0,0.0,0.0,-3.66,1.66,0.0
20230311:0111,0.0,0.0,0.0,-4.52,1.79,0.0
20230311:0211,0.0,0.0,0.0,-5.43,1.93,0.0
20230311:0311,0.0,0.0,0.0,-5.93,2.0,0.0
20230311:0411,0.0,0.0,0.0,-6.34,2.0,0.0
20230311:0511,0.0,0.0,0.0,-7.12,2.07,0.0
20230311:0611,0.0,0.0,0.0,-7.83,2.28,0.0
20230311:0711,8.43,11.13,4.58,-6.47,2.0,0.0
20230311:0811,801.09,315.45,13.02,-5.34,1.86,0.0
20230311:0911,1111.41,427.12,20.59,-3.41,1.86,0.0
20230311:1011,1413.63,553.55,26.79,-0.43,2.0,0.0
20230311:1111,2100.21,860.53,31.02,1.28,2.41,0.0
20230311:1211,2101.59,857.97,32.78,1.8,2.9,0.0
20230311:1311,1088.19,426.21,31.8,2.31,3.03,0.0
20230311:1411,587.25,235.76,28.24,2.37,3.1,0.0
20230311:1511,178.38,83.44,22.55,2.52,3.17,0.0
20230311:1611,71.16,40.79,15.31,2.11,3.45,0.0
20230311:1711,77.58,44.38,7.08,1.82,3.93,0.0
20230311:1811,0.0,0.0,0.0,1.59,4.55,0.0
20230311:1911,0.0,0.0,0.0,1.62,5.03,0.0
20230311:2011,0.0,0.0,0.0,1.46,5.38,0.0
20230311:2111,0.0,0.0,0.0,1.48,5.52,0.0
20230311:2211,0.0,0.0,0.0,1.47,5.38,0.0
20230311:2311,0.0,0.0,0.0,1.71,4.9,0.0
20230312:0011,0.0,0.0,0.0,1.83,4.07,0.0
20230312:0111,0.0,0.0,0.0,2.5,2.97,0.0
20230312:0211,0.0,0.0,0.0,4.42,4.21,0.0
20230312:0311,0.0,0.0,0.0,5.67,5.45,0.0
20230312:0411,0.0,0.0,0.0,5.86,5.72,0.0
20230312:0511,0.0,0.0,0.0,6.14,5.72,0.0
20230312:0611,0.0,0.0,0.0,6.15,5.66,0.0
20230312:0711,17.49,16.69,4.94,6.63,5.59,0.0
20230312:0811,80.43,45.43,13.39,6.82,5.03,0.0
20230312:0911,843.39,336.88,20.97,7.34,4.55,0.0
20230312:1011,1530.84,612.09,27.18,8.06,4.97,0.0
20230312:1111,1606.44,641.6,31.42,9.07,6.48,0.0
20230312:1211,1409.46,565.12,33.17,9.86,5.79,0.0
20230312:1311,1270.41,514.19,32.18,10.91,4.55,0.0
20230312:1411,565.53,235.29,28.59,11.76,6.48,0.0
20230312:1511,253.5,116.01,22.87,11.76,4.97,0.0
20230312:1611,176.97,85.72,15.62,11.21,4.97,0.0
20230312:1711,47.58,31.94,7.36,10.64,4.97,0.0
20230312:1811,0.0,0.0,0.0,9.79,4.69,0.0
20230312:1911,0.0,0.0,0.0,9.22,4.83,0.0
20230312:2011,0.0,0.0,0.0,8.79,4.76,0.0
20230312:2111,0.0,0.0,0.0,8.82,5.38,0.0
20230312:2211,0.0,0.0,0.0,8.87,5.72,0.0
20230312:2311,0.0,0.0,0.0,9.45,5.93,0.0
20230313:0011,0.0,0.0,0.0,10.28,6.55,0.0
20230313:0111,0.0,0.0,0.0,10.9,6.62,0.0
20230313:0211,0.0,0.0,0.0,10.93,6.48,0.0
20230313:0311,0.0,0.0,0.0,10.99,7.03,0.0
20230313:0411,0.0,0.0,0.0,11.22,7.59,0.0
20230313:0511,0.0,0.0,0.0,11.16,7.86,0.0
20230313:0611,0.0,0.0,0.0,10.61,8.69,0.0
20230313:0711,20.64,18.54,5.3,9.85,8.62,0.0
20230313:0811,37.56,26.89,13.75,9.88,8.41,0.0
20230313:0911,350.4,151.72,21.35,10.06,8.0,0.0
20230313:1011,265.26,119.6,27.57,10.27,7.86,0.0
20230313:1111,311.13,137.21,31.82,10.46,9.03,0.0
20230313:1211,92.19,50.99,33.57,10.54,8.62,0.0
20230313:1311,191.34,90.86,32.56,10.3,8.55,0.0
20230313:1411,96.84,52.85,28.94,10.11,8.07,0.0
20230313:1511,253.77,115.06,23.2,10.15,7.86,0.0
20230313:1611,319.5,140.34,15.92,9.83,7.1,0.0
20230313:1711,253.83,125.84,7.65,9.49,6.55,0.0
20230313:1811,0.0,0.0,0.0,9.15,6.28,0.0
20230313:1911,0.0,0.0,0.0,8.74,5.31,0.0
20230313:2011,0.0,0.0,0.0,7.33,4.62,0.0
20230313:2111,0.0,0.0,0.0,5.89,4.21,0.0
20230313:2211,0.0,0.0,0.0,5.7,3.93,0.0
20230313:2311,0.0,0.0,0.0,5.35,3.38,0.0
20230314:0011,0.0,0.0,0.0,4.72,3.31,0.0
20230314:0111,0.0,0.0,0.0,4.03,3.38,0.0
20230314:0211,0.0,0.0,0.0,3.27,3.31,0.0
20230314:0311,0.0,0.0,0.0,2.86,3.03,0.0
20230314:0411,0.0,0.0,0.0,2.41,2.69,0.0
20230314:0511,0.0,0.0,0.0,2.14,2.83,0.0
20230314:0611,0.0,0.0,0.0,1.72,2.83,0.0
20230314:0711,64.5,40.4,5.66,1.54,2.41,0.0
20230314:0811,773.67,313.33,14.12,2.09,2.34,0.0
20230314:0911,1485.18,587.94,21.73,3.42,3.45,0.0
20230314:1011,1761.66,699.93,27.97,4.56,4.69,0.0
20230314:1111,491.61,201.65,32.22,4.89,6.14,0.0
20230314:1211,614.1,247.18,33.97,4.6,5.45,0.0
20230314:1311,606.84,245.52,32.94,5.17,4.55,0.0
20230314:1411,131.28,65.82,29.29,5.26,4.0,0.0
20230314:1511,79.14,44.5,23.52,4.62,5.38,0.0
20230314:1611,277.62,121.34,16.22,3.55,4.76,0.0
20230314:1711,2.28,7.42,7.93,3.2,3.79,0.0
20230314:1811,0.0,0.0,0.0,2.47,3.52,0.0
20230314:1911,0.0,0.0,0.0,2.26,2.69,0.0
20230314:2011,0.0,0.0,0.0,1.93,2.41,0.0
20230314:2111,0.0,0.0,0.0,1.39,2.14,0.0
20230314:2211,0.0,0.0,0.0,0.65,1.38,0.0
20230314:2311,0.0,0.0,0.0,-0.85,1.45,0.0
20230315:0011,0.0,0.0,0.0,-0.74,1.1,0.0
20230315:0111,0.0,0.0,0.0,-1.01,0.34,0.0
20230315:0211,0.0,0.0,0.0,-3.79,1.03,0.0
20230315:0311,0.0,0.0,0.0,-4.52,1.38,0.0
20230315:0411,0.0,0.0,0.0,-4.69,1.45,0.0
20230315:0511,0.0,0.0,0.0,-4.53,1.52,0.0
20230315:0611,0.0,0.0,0.0,-4.1,1.66,0.0
20230315:0711,41.88,28.14,6.03,-2.62,1.72,0.0
20230315:0811,545.46,221.46,14.49,-0.66,1.72,0.0
20230315:0911,594.27,237.99,22.12,1.56,2.14,0.0
20230315:1011,671.49,268.68,28.36,3.56,2.9,0.0
20230315:1111,777.06,309.92,32.62,4.72,3.45,0.0
20230315:1211,833.1,331.75,34.36,5.37,4.0,0.0
20230315:1311,770.28,307.58,33.32,5.43,4.21,0.0
20230315:1411,290.07,127.01,29.64,5.41,4.41,0.0
20230315:1511,202.68,93.64,23.84,5.29,4.62,0.0
20230315:1611,155.1,75.1,16.51,4.91,4.41,0.0
20230315:1711,34.68,25.03,8.21,4.35,4.62,0.0
20230315:1811,0.0,0.0,0.0,4.3,4.9,0.0
20230315:1911,0.0,0.0,0.0,5.25,5.38,0.0
20230315:2011,0.0,0.0,0.0,5.63,5.79,0.0
20230315:2111,0.0,0.0,0.0,5.9,5.86,0.0
20230315:2211,0.0,0.0,0.0,6.1,5.66,0.0
20230315:2311,0.0,0.0,0.0,6.41,5.24,0.0
20230316:0011,0.0,0.0,0.0,6.86,4.9,0.0
20230316:0111,0.0,0.0,0.0,7.27,5.03,0.0
20230316:0211,0.0,0.0,0.0,7.76,5.45,0.0
20230316:0311,0.0,0.0,0.0,8.19,5.66,0.0
20230316:0411,0.0,0.0,0.0,8.42,5.52,0.0
20230316:0511,0.0,0.0,0.0,8.46,5.1,0.0
20230316:0611,0.0,0.0,0.0,8.41,4.76,0.0
20230316:0711,10.62,12.98,6.39,8.96,5.03,0.0
20230316:0811,53.91,34.3,14.87,9.13,5.24,0.0
20230316:0911,158.91,77.88,22.5,9.31,5.45,0.0
20230316:1011,320.88,140.94,28.75,9.96,6.34,0.0
20230316:1111,127.95,65.82,33.02,10.78,6.28,0.0
20230316:1211,249.66,114.03,34.76,11.05,6.83,0.0
20230316:1311,435.57,185.53,33.69,10.87,6.07,0.0
20230316:1411,519.93,217.1,30.0,10.41,5.72,0.0
20230316:1511,181.56,87.15,24.16,10.2,5.38,0.0
20230316:1611,59.88,37.08,16.81,10.1,5.38,0.0
20230316:1711,51.63,33.38,8.5,9.87,5.1,0.0
20230316:1811,0.0,0.0,0.0,9.71,4.69,0.0
20230316:1911,0.0,0.0,0.0,9.59,4.76,0.0
20230316:2011,0.0,0.0,0.0,9.41,4.62,0.0
20230316:2111,0.0,0.0,0.0,9.19,4.41,0.0
20230316:2211,0.0,0.0,0.0,9.12,4.21,0.0
20230316:2311,0.0,0.0,0.0,9.17,3.86,0.0
20230317:0011,0.0,0.0,0.0,9.17,3.66,0.0
20230317:0111,0.0,0.0,0.0,9.29,3.52,0.0
20230317:0211,0.0,0.0,0.0,9.27,3.52,0.0
20230317:0311,0.0,0.0,0.0,9.18,3.45,0.0
20230317:0411,0.0,0.0,0.0,9.05,3.31,0.0
20230317:0511,0.0,0.0,0.0,8.98,3.1,0.0
20230317:0611,0.0,0.0,0.0,8.89,3.03,0.0
20230317:0711,155.58,85.51,6.75,9.13,3.24,0.0
20230317:0811,454.32,194.02,15.24,9.54,3.66,0.0
20230317:0911,1086.9,436.86,22.88,10.4,5.24,0.0
20230317:1011,1482.75,599.91,29.15,10.85,5.17,0.0
20230317:1111,1192.14,482.4,33.43,11.36,4.97,0.0
20230317:1211,378.87,165.02,35.16,12.08,4.97,0.0
20230317:1311,625.47,260.92,34.07,12.84,4.97,0.0
20230317:1411,1016.13,416.48,30.35,13.4,4.21,0.0
20230317:1511,610.35,255.59,24.49,13.46,3.93,0.0
20230317:1611,977.46,405.37,17.11,12.38,3.86,0.0
20230317:1711,275.25,135.59,8.78,11.95,2.9,0.0
20230317:1811,0.0,0.0,0.0,11.24,3.03,0.0
20230317:1911,0.0,0.0,0.0,10.6,2.97,0.0
20230317:2011,0.0,0.0,0.0,10.41,3.03,0.0
20230317:2111,0.0,0.0,0.0,9.98,3.24,0.0
20230317:2211,0.0,0.0,0.0,9.58,3.1,0.0
20230317:2311,0.0,0.0,0.0,9.31,2.97,0.0
20230318:0011,0.0,0.0,0.0,9.14,2.83,0.0
20230318:0111,0.0,0.0,0.0,8.45,2.69,0.0
20230318:0211,0.0,0.0,0.0,8.15,2.48,0.0
20230318:0311,0.0,0.0,0.0,8.45,2.34,0.0
20230318:0411,0.0,0.0,0.0,8.56,2.28,0.0
20230318:0511,0.0,0.0,0.0,8.6,2.14,0.0
20230318:0611,0.0,0.0,0.0,8.61,1.86,0.0
20230318:0711,217.02,116.42,7.12,8.65,1.72,0.0
20230318:0811,525.51,222.33,15.61,9.08,2.28,0.0
20230318:0911,529.92,222.18,23.27,10.02,2.14,0.0
20230318:1011,369.57,161.33,29.55,10.88,2.21,0.0
20230318:1111,1241.4,511.58,33.83,11.48,2.48,0.0
20230318:1211,1623.21,681.93,35.55,12.22,2.69,0.0
20230318:1311,315.03,140.92,34.45,12.45,2.83,0.0
20230318:1411,162.96,80.66,30.7,12.45,2.9,0.0
20230318:1511,880.23,361.0,24.81,12.02,3.1,0.0
20230318:1611,43.08,29.67,17.41,11.47,3.38,0.0
20230318:1711,158.13,81.25,9.06,10.62,3.59,0.0
20230318:1811,0.0,0.0,0.0,9.21,3.17,0.0
20230318:1911,0.0,0.0,0.0,8.85,3.45,0.0
20230318:2011,0.0,0.0,0.0,8.1,3.79,0.0
20230318:2111,0.0,0.0,0.0,7.58,3.59,0.0
20230318:2211,0.0,0.0,0.0,7.09,4.41,0.0
20230318:2311,0.0,0.0,0.0,6.64,4.9,0.0
20230319:0011,0.0,0.0,0.0,6.22,4.97,0.0
20230319:0111,0.0,0.0,0.0,5.43,4.69,0.0
20230319:0211,0.0,0.0,0.0,5.32,4.41,0.0
20230319:0311,0.0,0.0,0.0,5.38,4.14,0.0
20230319:0411,0.0,0.0,0.0,5.42,4.0,0.0
20230319:0511,0.0,0.0,0.0,5.73,4.21,0.0
20230319:0611,0.0,0.0,0.0,5.95,4.21,0.0
20230319:0711,158.55,84.01,7.48,6.2,3.72,0.0
20230319:0811,318.84,139.06,15.98,6.57,4.0,0.0
20230319:0911,398.58,169.05,23.65,7.57,4.55,0.0
20230319:1011,527.07,218.33,29.94,8.22,4.55,0.0
20230319:1111,402.18,171.49,34.23,8.6,4.76,0.0
20230319:1211,1010.1,406.01,35.95,8.82,4.34,0.0
20230319:1311,909.57,366.69,34.83,9.15,4.48,0.0
20230319:1411,333.66,145.56,31.04,8.85,4.55,0.0
20230319:1511,895.68,360.37,25.13,8.55,3.72,0.0
20230319:1611,358.2,154.91,17.7,8.36,3.52,0.0
20230319:1711,60.42,37.08,9.34,8.08,2.62,0.0
20230319:1811,0.0,0.0,0.0,7.62,1.59,0.0
20230319:1911,0.0,0.0,0.0,7.71,1.79,0.0
20230319:2011,0.0,0.0,0.0,7.39,1.52,0.0
20230319:2111,0.0,0.0,0.0,7.0,2.48,0.0
20230319:2211,0.0,0.0,0.0,6.88,2.97,0.0
20230319:2311,0.0,0.0,0.0,6.63,3.24,0.0
20230320:0011,0.0,0.0,0.0,6.43,3.45,0.0
20230320:0111,0.0,0.0,0.0,6.21,3.66,0.0
20230320:0211,0.0,0.0,0.0,6.41,3.72,0.0
20230320:0311,0.0,0.0,0.0,6.82,3.66,0.0
20230320:0411,0.0,0.0,0.0,7.52,3.59,0.0
20230320:0511,0.0,0.0,0.0,8.27,3.59,0.0
20230320:0611,0.0,0.0,0.0,8.87,3.72,0.0
20230320:0711,61.44,37.96,7.85,8.81,2.9,0.0
20230320:0811,117.15,61.19,16.36,9.19,2.21,0.0
20230320:0911,204.99,96.42,24.04,9.71,2.83,0.0
20230320:1011,356.94,155.72,30.34,10.38,3.45,0.0
20230320:1111,909.93,370.43,34.64,11.01,4.07,0.0
20230320:1211,889.38,364.34,36.35,11.59,3.59,0.0
20230320:1311,729.51,301.58,35.21,12.16,3.86,0.0
20230320:1411,936.0,383.29,31.39,12.74,4.07,0.0
20230320:1511,403.92,175.26,25.44,12.93,3.86,0.0
20230320:1611,110.64,59.33,18.0,12.97,3.72,0.0
20230320:1711,106.11,58.31,9.62,12.68,2.83,0.0
20230320:1811,0.0,0.0,0.0,12.0,2.83,0.0
20230320:1911,0.0,0.0,0.0,12.24,3.52,0.0
20230320:2011,0.0,0.0,0.0,11.67,3.93,0.0
20230320:2111,0.0,0.0,0.0,10.9,3.93,0.0
20230320:2211,0.0,0.0,0.0,10.36,3.93,0.0
20230320:2311,0.0,0.0,0.0,9.93,4.14,0.0
20230321:0011,0.0,0.0,0.0,9.56,4.69,0.0
20230321:0111,0.0,0.0,0.0,9.34,5.03,0.0
20230321:0211,0.0,0.0,0.0,8.94,5.03,0.0
20230321:0311,0.0,0.0,0.0,8.71,4.76,0.0
20230321:0411,0.0,0.0,0.0,8.62,4.48,0.0
20230321:0511,0.0,0.0,0.0,8.63,4.62,0.0
20230321:0611,0.0,0.0,0.0,8.67,4.62,0.0
20230321:0711,0.0,0.0,0.0,9.35,4.48,0.0
20230321:0811,0.0,0.0,0.0,9.55,4.9,0.0
20230321:0911,451.74,190.98,24.42,9.97,4.62,0.0
20230321:1011,1600.2,652.12,30.74,10.68,4.62,0.0
20230321:1111,420.39,180.74,35.04,11.69,5.1,0.0
20230321:1211,711.3,293.45,36.75,12.35,5.52,0.0
20230321:1311,233.31,108.47,35.58,12.67,5.86,0.0
20230321:1411,297.06,133.5,31.74,12.79,5.79,0.0
20230321:1511,918.6,373.62,25.76,12.91,5.86,0.0
20230321:1611,847.8,349.72,18.29,12.42,5.31,0.0
20230321:1711,181.41,91.19,9.89,11.74,4.69,0.0
20230321:1811,0.0,0.0,0.0,10.92,4.76,0.0
20230321:1911,0.0,0.0,0.0,10.11,4.97,0.0
20230321:2011,0.0,0.0,0.0,9.66,5.59,0.0
20230321:2111,0.0,0.0,0.0,9.19,6.21,0.0
20230321:2211,0.0,0.0,0.0,9.13,6.76,0.0
20230321:2311,0.0,0.0,0.0,9.08,7.17,0.0
20230322:0011,0.0,0.0,0.0,9.17,7.52,0.0
20230322:0111,0.0,0.0,0.0,9.2,7.79,0.0
20230322:0211,0.0,0.0,0.0,9.35,7.79,0.0
20230322:0311,0.0,0.0,0.0,9.64,7.1,0.0
20230322:0411,0.0,0.0,0.0,9.91,6.41,0.0
20230322:0511,0.0,0.0,0.0,9.58,6.41,0.0
20230322:0611,0.0,0.0,0.0,8.26,6.0,0.0
20230322:0711,0.0,0.0,0.0,7.9,4.83,0.0
20230322:0811,952.68,389.77,17.1,8.18,4.21,0.0
20230322:0911,1452.42,581.31,24.81,9.03,5.52,0.0
20230322:1011,1872.42,759.34,31.13,10.03,6.21,0.0
20230322:1111,2263.74,933.42,35.44,11.07,7.31,0.0
20230322:1211,2221.44,914.54,37.14,11.82,7.86,0.0
20230322:1311,229.35,106.62,35.96,12.35,7.79,0.0
20230322:1411,819.03,332.94,32.09,12.53,7.79,0.0
20230322:1511,182.49,88.08,26.08,12.13,7.52,0.0
20230322:1611,858.84,352.24,18.58,12.0,6.34,0.0
20230322:1711,188.82,94.07,10.17,11.45,5.59,0.0
20230322:1811,0.0,0.0,0.0,10.66,4.9,0.0
20230322:1911,0.0,0.0,0.0,10.03,5.93,0.0
20230322:2011,0.0,0.0,0.0,9.54,6.41,0.0
20230322:2111,0.0,0.0,0.0,9.0,6.48,0.0
20230322:2211,0.0,0.0,0.0,8.62,6.9,0.0
20230322:2311,0.0,0.0,0.0,8.55,6.76,0.0
20230323:0011,0.0,0.0,0.0,7.9,6.07,0.0
20230323:0111,0.0,0.0,0.0,6.98,5.66,0.0
20230323:0211,0.0,0.0,0.0,6.35,5.17,0.0
20230323:0311,0.0,0.0,0.0,6.13,4.83,0.0
20230323:0411,0.0,0.0,0.0,5.96,4.69,0.0
20230323:0511,0.0,0.0,0.0,6.04,4.76,0.0
20230323:0611,0.0,0.0,0.0,6.13,5.1,0.0
20230323:0711,201.87,101.58,8.95,6.91,5.59,0.0
20230323:0811,581.7,240.18,17.48,7.92,5.72,0.0
20230323:0911,346.23,149.89,25.19,9.11,7.03,0.0
20230323:1011,158.31,77.88,31.53,10.33,7.1,0.0
20230323:1111,1146.15,459.5,35.84,10.99,6.97,0.0
20230323:1211,1930.47,789.93,37.54,11.22,6.62,0.0
20230323:1311,1154.85,466.03,36.33,11.78,6.28,0.0
20230323:1411,1109.07,448.16,32.43,12.16,6.07,0.0
20230323:1511,1457.64,592.08,26.39,12.27,5.66,0.0
20230323:1611,268.08,121.87,18.87,12.04,5.17,0.0
20230323:1711,127.95,66.92,10.45,10.72,4.34,0.0
20230323:1811,0.0,0.0,0.0,10.42,4.21,0.0
20230323:1911,0.0,0.0,0.0,9.56,4.69,0.0
20230323:2011,0.0,0.0,0.0,9.05,4.55,0.0
20230323:2111,0.0,0.0,0.0,8.62,4.41,0.0
20230323:2211,0.0,0.0,0.0,8.12,4.55,0.0
20230323:2311,0.0,0.0,0.0,7.62,4.9,0.0
20230324:0011,0.0,0.0,0.0,7.69,5.31,0.0
20230324:0111,0.0,0.0,0.0,7.29,5.59,0.0
20230324:0211,0.0,0.0,0.0,6.97,5.38,0.0
20230324:0311,0.0,0.0,0.0,6.65,5.03,0.0
20230324:0411,0.0,0.0,0.0,6.23,4.69,0.0
20230324:0511,0.0,0.0,0.0,6.07,4.62,0.0
20230324:0611,0.0,0.0,0.0,6.07,4.69,0.0
20230324:0711,320.76,158.21,9.31,6.74,5.52,0.0
20230324:0811,857.94,349.1,17.85,7.66,4.62,0.0
20230324:0911,840.27,335.75,25.57,8.93,7.24,0.0
20230324:1011,792.27,319.23,31.92,10.17,7.93,0.0
20230324:1111,1031.1,413.61,36.25,11.08,7.59,0.0
20230324:1211,950.73,383.86,37.93,11.57,7.24,0.0
20230324:1311,2256.45,927.38,36.71,10.52,7.38,0.0
20230324:1411,882.0,355.46,32.78,11.17,7.52,0.0
20230324:1511,982.11,393.74,26.71,11.2,7.52,0.0
20230324:1611,752.85,307.94,19.16,10.72,6.76,0.0
20230324:1711,335.37,158.13,10.72,10.14,6.14,0.0
20230324:1811,0.0,0.93,1.87,9.41,5.86,0.0
20230324:1911,0.0,0.0,0.0,8.71,5.59,0.0
20230324:2011,0.0,0.0,0.0,8.22,5.72,0.0
20230324:2111,0.0,0.0,0.0,7.78,5.79,0.0
20230324:2211,0.0,0.0,0.0,7.56,5.86,0.0
20230324:2311,0.0,0.0,0.0,7.32,5.93,0.0
20230325:0011,0.0,0.0,0.0,7.1,6.0,0.0
20230325:0111,0.0,0.0,0.0,7.1,6.21,0.0
20230325:0211,0.0,0.0,0.0,7.09,6.76,0.0
20230325:0311,0.0,0.0,0.0,6.97,7.17,0.0
20230325:0411,0.0,0.0,0.0,6.95,7.31,0.0
20230325:0511,0.0,0.0,0.0,6.77,7.72,0.0
20230325:0611,0.0,0.0,0.0,6.52,7.59,0.0
20230325:0711,238.11,116.69,9.68,6.87,7.17,0.0
20230325:0811,257.1,115.17,18.22,7.24,6.69,0.0
20230325:0911,531.54,219.2,25.96,8.01,5.52,0.0
20230325:1011,416.25,176.87,32.32,8.91,5.38,0.0
20230325:1111,622.29,256.11,36.65,9.57,5.17,0.0
20230325:1211,1834.44,753.01,38.33,10.22,5.1,0.0
20230325:1311,501.27,210.2,37.08,9.63,4.83,0.0
20230325:1411,1103.37,445.86,33.12,10.14,4.14,0.0
20230325:1511,645.6,265.95,27.02,10.07,3.59,0.0
20230325:1611,725.88,300.12,19.45,10.11,2.97,0.0
20230325:1711,118.11,62.31,11.0,9.84,2.55,0.0
20230325:1811,0.0,3.71,2.14,8.77,1.79,0.0
20230325:1911,0.0,0.0,0.0,7.42,1.1,0.0
20230325:2011,0.0,0.0,0.0,5.63,1.66,0.0
20230325:2111,0.0,0.0,0.0,4.49,2.0,0.0
20230325:2211,0.0,0.0,0.0,3.83,2.07,0.0
20230325:2311,0.0,0.0,0.0,3.84,2.21,0.0
20230326:0011,0.0,0.0,0.0,4.12,2.55,0.0
20230326:0111,0.0,0.0,0.0,4.35,2.76,0.0
20230326:0211,0.0,0.0,0.0,4.86,2.97,0.0
20230326:0311,0.0,0.0,0.0,5.38,3.38,0.0
20230326:0411,0.0,0.0,0.0,5.53,3.93,0.0
20230326:0511,0.0,0.0,0.0,5.33,4.62,0.0
20230326:0611,0.0,0.0,0.0,5.19,4.97,0.0
20230326:0711,133.05,67.78,10.04,4.6,5.17,0.0
20230326:0811,961.59,382.98,18.59,5.07,6.48,0.0
20230326:0911,1098.12,430.35,26.34,5.8,6.28,0.0
20230326:1011,1641.6,650.57,32.71,6.57,6.0,0.0
20230326:1111,1193.43,473.62,37.05,7.11,5.17,0.0
20230326:1211,384.27,164.1,38.72,7.65,4.55,0.0
20230326:1311,703.92,286.33,37.45,8.1,4.28,0.0
20230326:1411,344.73,149.26,33.46,7.78,3.93,0.0
20230326:1511,296.25,130.72,27.33,7.69,3.66,0.0
20230326:1611,396.45,168.99,19.74,7.48,3.24,0.0
20230326:1711,256.62,120.94,11.27,7.27,2.83,0.0
20230326:1811,0.0,3.71,2.4,6.8,2.14,0.0
20230326:1911,0.0,0.0,0.0,6.19,2.07,0.0
20230326:2011,0.0,0.0,0.0,5.58,1.93,0.0
20230326:2111,0.0,0.0,0.0,5.04,1.79,0.0
20230326:2211,0.0,0.0,0.0,4.15,1.66,0.0
20230326:2311,0.0,0.0,0.0,3.42,1.52,0.0
20230327:0011,0.0,0.0,0.0,2.49,1.31,0.0
20230327:0111,0.0,0.0,0.0,1.69,1.1,0.0
20230327:0211,0.0,0.0,0.0,1.77,0.9,0.0
20230327:0311,0.0,0.0,0.0,0.94,1.03,0.0
20230327:0411,0.0,0.0,0.0,0.36,1.24,0.0
20230327:0511,0.0,0.0,0.0,0.21,1.24,0.0
20230327:0611,0.0,0.0,0.0,-0.06,1.45,0.0
20230327:0711,350.67,165.79,10.41,1.7,0.9,0.0
20230327:0811,1033.74,421.73,18.97,3.84,0.97,0.0
20230327:0911,1540.89,633.74,26.72,4.72,0.9,0.0
20230327:1011,1400.16,576.87,33.11,5.83,0.62,0.0
20230327:1111,1244.1,510.39,37.45,6.57,0.76,0.0
20230327:1211,1177.59,482.53,39.12,7.45,1.1,0.0
20230327:1311,1013.07,412.72,37.83,7.98,1.66,0.0
20230327:1411,1464.81,602.83,33.8,8.4,2.0,0.0
20230327:1511,511.05,214.36,27.64,8.83,1.93,0.0
20230327:1611,904.44,372.64,20.03,8.88,1.79,0.0
20230327:1711,427.05,199.56,11.54,8.76,1.86,0.0
20230327:1811,3.42,8.34,2.67,8.01,1.79,0.0
20230327:1911,0.0,0.0,0.0,6.54,2.14,0.0
20230327:2011,0.0,0.0,0.0,5.24,2.55,0.0
20230327:2111,0.0,0.0,0.0,4.53,2.83,0.0
20230327:2211,0.0,0.0,0.0,4.25,3.1,0.0
20230327:2311,0.0,0.0,0.0,4.28,3.45,0.0
20230328:0011,0.0,0.0,0.0,4.42,3.59,0.0
20230328:0111,0.0,0.0,0.0,4.46,3.72,0.0
20230328:0211,0.0,0.0,0.0,4.62,3.93,0.0
20230328:0311,0.0,0.0,0.0,4.73,4.07,0.0
20230328:0411,0.0,0.0,0.0,4.86,4.14,0.0
20230328:0511,0.0,0.0,0.0,4.95,4.07,0.0
20230328:0611,0.0,0.93,1.88,5.0,4.0,0.0
20230328:0711,135.54,68.63,10.77,5.22,3.93,0.0
20230328:0811,232.32,105.23,19.34,5.68,4.07,0.0
20230328:0911,100.92,53.77,27.11,6.03,4.34,0.0
20230328:1011,172.8,82.51,33.5,6.58,4.76,0.0
20230328:1111,715.17,289.4,37.85,7.69,5.1,0.0
20230328:1211,380.13,162.24,39.51,7.59,5.52,0.0
20230328:1311,350.88,151.12,38.2,7.83,6.48,0.0
20230328:1411,335.82,145.56,34.14,7.8,5.45,0.0
20230328:1511,226.77,103.84,27.95,7.81,5.59,0.0
20230328:1611,34.02,25.03,20.31,7.92,5.31,0.0
20230328:1711,132.54,67.57,11.81,8.11,4.9,0.0
20230328:1811,0.0,3.71,2.94,8.54,4.48,0.0
20230328:1911,0.0,0.0,0.0,8.4,4.21,0.0
20230328:2011,0.0,0.0,0.0,8.66,3.79,0.0
20230328:2111,0.0,0.0,0.0,8.92,3.45,0.0
20230328:2211,0.0,0.0,0.0,9.15,3.31,0.0
20230328:2311,0.0,0.0,0.0,9.26,3.31,0.0
20230329:0011,0.0,0.0,0.0,9.34,3.38,0.0
20230329:0111,0.0,0.0,0.0,9.19,3.24,0.0
20230329:0211,0.0,0.0,0.0,9.05,3.03,0.0
20230329:0311,0.0,0.0,0.0,8.89,3.03,0.0
20230329:0411,0.0,0.0,0.0,8.74,3.03,0.0
20230329:0511,0.0,0.0,0.0,8.68,3.24,0.0
20230329:0611,0.0,1.85,2.24,8.7,3.52,0.0
20230329:0711,338.25,162.96,11.13,9.45,4.0,0.0
20230329:0811,239.19,109.58,19.71,9.67,4.55,0.0
20230329:0911,317.37,139.79,27.49,10.14,5.79,0.0
20230329:1011,273.51,123.31,33.89,10.8,5.59,0.0
20230329:1111,182.97,88.08,38.25,11.28,5.52,0.0
20230329:1211,282.45,127.01,39.9,11.39,6.07,0.0
20230329:1311,294.24,131.65,38.56,11.48,5.93,0.0
20230329:1411,286.5,128.87,34.48,11.67,5.1,0.0
20230329:1511,283.77,127.94,28.26,11.97,5.31,0.0
20230329:1611,195.84,93.64,20.6,12.47,5.38,0.0
20230329:1711,219.81,106.46,12.09,12.4,4.9,0.0
20230329:1811,2.04,7.42,3.21,12.3,4.34,0.0
20230329:1911,0.0,0.0,0.0,11.59,4.07,0.0
20230329:2011,0.0,0.0,0.0,11.46,4.69,0.0
20230329:2111,0.0,0.0,0.0,11.18,4.34,0.0
20230329:2211,0.0,0.0,0.0,11.05,4.48,0.0
20230329:2311,0.0,0.0,0.0,10.85,4.48,0.0
20230330:0011,0.0,0.0,0.0,10.54,4.83,0.0
20230330:0111,0.0,0.0,0.0,10.38,5.03,0.0
20230330:0211,0.0,0.0,0.0,10.3,5.79,0.0
20230330:0311,0.0,0.0,0.0,9.96,5.86,0.0
20230330:0411,0.0,0.0,0.0,9.63,5.59,0.0
20230330:0511,0.0,0.0,0.0,9.37,5.17,0.0
20230330:0611,0.0,1.85,2.6,9.18,5.03,0.0
20230330:0711,380.01,181.88,11.49,9.12,4.48,0.0
20230330:0811,221.4,102.63,20.07,9.65,4.55,0.0
20230330:0911,270.57,122.38,27.87,10.81,4.07,0.0
20230330:1011,322.14,142.77,34.29,11.65,4.76,0.0
20230330:1111,480.24,203.65,38.64,11.45,5.17,0.0
20230330:1211,1332.84,545.38,40.29,12.53,4.83,0.0
20230330:1311,1310.82,537.87,38.93,12.94,4.55,0.0
20230330:1411,686.37,285.2,34.81,13.06,4.69,0.0
20230330:1511,1181.91,480.58,28.56,12.62,5.1,0.0
20230330:1611,601.29,252.15,20.88,12.57,4.76,0.0
20230330:1711,359.43,169.04,12.35,12.36,3.86,0.0
20230330:1811,0.0,5.56,3.47,11.49,3.03,0.0
20230330:1911,0.0,0.0,0.0,10.67,2.9,0.0
20230330:2011,0.0,0.0,0.0,10.34,3.31,0.0
20230330:2111,0.0,0.0,0.0,9.93,3.72,0.0
20230330:2211,0.0,0.0,0.0,9.69,4.21,0.0
20230330:2311,0.0,0.0,0.0,9.65,4.34,0.0
20230331:0011,0.0,0.0,0.0,9.47,4.34,0.0
20230331:0111,0.0,0.0,0.0,9.17,4.83,0.0
20230331:0211,0.0,0.0,0.0,9.1,5.24,0.0
20230331:0311,0.0,0.0,0.0,9.02,5.17,0.0
20230331:0411,0.0,0.0,0.0,8.96,4.83,0.0
20230331:0511,0.0,0.0,0.0,8.87,4.41,0.0
20230331:0611,0.0,4.64,2.96,8.8,4.21,0.0
20230331:0711,312.72,147.87,11.85,8.69,4.07,0.0
20230331:0811,620.13,256.8,20.44,8.96,3.52,0.0
20230331:0911,324.93,142.55,28.24,9.35,4.14,0.0
20230331:1011,505.59,212.24,34.68,9.91,4.28,0.0
20230331:1111,465.3,197.3,39.04,10.25,4.14,0.0
20230331:1211,424.71,181.71,40.68,10.67,4.97,0.0
20230331:1311,424.35,181.71,39.3,10.79,4.83,0.0
20230331:1411,206.19,97.35,35.15,11.29,4.48,0.0
20230331:1511,362.55,158.11,28.87,11.09,4.28,0.0
20230331:1611,712.38,294.07,21.16,10.74,4.21,0.0
20230331:1711,26.01,21.32,12.62,10.2,3.79,0.0
20230331:1811,0.0,5.56,3.74,9.68,3.52,0.0
20230331:1911,0.0,0.0,0.0,9.25,3.38,0.0
20230331:2011,0.0,0.0,0.0,8.81,3.31,0.0
20230331:2111,0.0,0.0,0.0,8.38,3.38,0.0
20230331:2211,0.0,0.0,0.0,7.95,3.17,0.0
20230331:2311,0.0,0.0,0.0,7.56,3.1,0.0
20230401:0011,0.0,0.0,0.0,7.26,2.76,0.0
20230401:0111,0.0,0.0,0.0,7.01,2.34,0.0
20230401:0211,0.0,0.0,0.0,6.77,2.34,0.0
20230401:0311,0.0,0.0,0.0,6.69,2.41,0.0
20230401:0411,0.0,0.0,0.0,6.5,2.34,0.0
20230401:0511,0.0,0.0,0.0,6.18,2.41,0.0
20230401:0611,4.83,9.27,3.32,6.1,2.34,0.0
20230401:0711,329.52,153.08,12.21,6.12,2.55,0.0
20230401:0811,871.23,352.9,20.81,6.55,3.24,0.0
20230401:0911,1141.86,457.86,28.62,7.41,3.24,0.0
20230401:1011,477.63,200.43,35.06,7.95,3.03,0.0
20230401:1111,408.09,174.3,39.43,8.45,3.03,0.0
20230401:1211,296.76,131.65,41.07,8.91,3.38,0.0
20230401:1311,260.55,117.74,39.66,9.26,3.93,0.0
20230401:1411,308.43,136.28,35.48,9.46,4.21,0.0
20230401:1511,386.52,166.21,29.17,9.5,4.28,0.0
20230401:1611,261.57,118.08,21.44,9.17,4.0,0.0
20230401:1711,220.83,104.65,12.89,8.91,3.52,0.0
20230401:1811,2.16,7.42,4.0,8.45,3.24,0.0
20230401:1911,0.0,0.0,0.0,8.12,2.83,0.0
20230401:2011,0.0,0.0,0.0,7.67,2.69,0.0
20230401:2111,0.0,0.0,0.0,7.32,2.76,0.0
20230401:2211,0.0,0.0,0.0,7.13,2.69,0.0
20230401:2311,0.0,0.0,0.0,6.89,2.55,0.0
20230402:0011,0.0,0.0,0.0,6.71,2.41,0.0
20230402:0111,0.0,0.0,0.0,6.55,2.21,0.0
20230402:0211,0.0,0.0,0.0,6.34,2.07,0.0
20230402:0311,0.0,0.0,0.0,6.21,2.0,0.0
20230402:0411,0.0,0.0,0.0,5.97,2.0,0.0
20230402:0511,0.0,0.0,0.0,5.73,2.14,0.0
20230402:0611,0.0,4.64,3.67,5.4,2.34,0.0
20230402:0711,273.15,126.8,12.57,6.12,2.69,0.0
20230402:0811,519.3,215.35,21.17,6.47,3.03,0.0
20230402:0911,765.63,309.43,29.0,7.23,3.1,0.0
20230402:1011,1212.24,489.55,35.45,8.03,2.97,0.0
20230402:1111,2082.24,887.46,39.83,8.87,2.69,0.0
20230402:1211,2346.75,1029.14,41.45,9.66,2.69,0.0
20230402:1311,2244.96,974.63,40.03,9.91,2.76,0.0
20230402:1411,2001.6,849.09,35.81,10.29,2.97,0.0
20230402:1511,1628.52,673.45,29.47,10.32,3.1,0.0
20230402:1611,1133.22,466.91,21.72,9.98,2.97,0.0
20230402:1711,458.7,212.16,13.15,9.4,2.83,0.0
20230402:1811,22.23,20.04,4.26,8.38,2.48,0.0
20230402:1911,0.0,0.0,0.0,7.4,2.69,0.0
20230402:2011,0.0,0.0,0.0,5.99,3.1,0.0
20230402:2111,0.0,0.0,0.0,5.03,3.31,0.0
20230402:2211,0.0,0.0,0.0,4.33,3.24,0.0
20230402:2311,0.0,0.0,0.0,3.89,2.9,0.0
20230403:0011,0.0,0.0,0.0,3.22,2.55,0.0
20230403:0111,0.0,0.0,0.0,2.49,2.28,0.0
20230403:0211,0.0,0.0,0.0,2.11,2.21,0.0
20230403:0311,0.0,0.0,0.0,2.04,2.21,0.0
20230403:0411,0.0,0.0,0.0,1.73,2.21,0.0
20230403:0511,0.0,0.0,0.0,1.4,2.07,0.0
20230403:0611,21.03,18.76,4.03,1.1,2.07,0.0
20230403:0711,473.16,214.51,12.93,2.12,2.21,0.0
20230403:0811,1195.65,475.13,21.53,3.64,4.41,0.0
20230403:0911,1717.29,684.58,29.37,4.63,4.34,0.0
20230403:1011,2176.53,895.79,35.84,5.85,4.28,0.0
20230403:1111,2382.0,1004.82,40.22,6.99,4.14,0.0
20230403:1211,2396.28,1021.19,41.84,8.03,4.0,0.0
20230403:1311,2343.24,1002.46,40.39,8.78,3.72,0.0
20230403:1411,2077.02,875.57,36.14,9.33,3.45,0.0
20230403:1511,1686.78,695.54,29.77,9.65,3.38,0.0
20230403:1611,1123.05,460.9,22.0,9.63,3.24,0.0
20230403:1711,488.19,224.71,13.42,9.31,3.03,0.0
20230403:1811,27.18,23.23,4.52,8.52,2.21,0.0
20230403:1911,0.0,0.0,0.0,7.21,2.21,0.0
20230403:2011,0.0,0.0,0.0,5.77,2.34,0.0
20230403:2111,0.0,0.0,0.0,4.75,2.55,0.0
20230403:2211,0.0,0.0,0.0,4.1,2.9,0.0
20230403:2311,0.0,0.0,0.0,3.65,3.24,0.0
20230404:0011,0.0,0.0,0.0,3.22,3.31,0.0
20230404:0111,0.0,0.0,0.0,2.67,3.03,0.0
20230404:0211,0.0,0.0,0.0,2.07,2.76,0.0
20230404:0311,0.0,0.0,0.0,1.4,2.55,0.0
20230404:0411,0.0,0.0,0.0,0.78,2.34,0.0
20230404:0511,0.0,0.0,0.0,0.25,2.41,0.0
20230404:0611,28.32,22.54,4.38,-0.05,2.48,0.0
20230404:0711,487.32,219.22,13.28,1.25,2.0,0.0
20230404:0811,1190.22,478.93,21.89,3.63,2.41,0.0
20230404:0911,1698.12,687.95,29.74,5.41,3.03,0.0
20230404:1011,2084.79,869.55,36.22,7.0,3.31,0.0
20230404:1111,2272.68,967.59,40.61,8.35,3.52,0.0
20230404:1211,2365.83,1021.47,42.22,9.5,3.59,0.0
20230404:1311,2296.2,990.22,40.75,10.4,3.59,0.0
20230404:1411,2000.43,845.07,36.47,10.99,3.59,0.0
20230404:1511,1612.05,666.96,30.07,11.26,3.52,0.0
20230404:1611,1067.25,440.32,22.27,11.22,3.45,0.0
20230404:1711,467.85,215.99,13.68,10.82,3.17,0.0
20230404:1811,27.48,22.73,4.78,9.76,2.55,0.0
20230404:1911,0.0,0.0,0.0,8.38,2.62,0.0
20230404:2011,0.0,0.0,0.0,7.36,2.9,0.0
20230404:2111,0.0,0.0,0.0,6.78,2.97,0.0
20230404:2211,0.0,0.0,0.0,6.27,2.83,0.0
20230404:2311,0.0,0.0,0.0,5.71,2.69,0.0
20230405:0011,0.0,0.0,0.0,5.36,2.55,0.0
20230405:0111,0.0,0.0,0.0,5.16,2.41,0.0
20230405:0211,0.0,0.0,0.0,4.96,2.48,0.0
20230405:0311,0.0,0.0,0.0,4.91,2.55,0.0
20230405:0411,0.0,0.0,0.0,5.09,2.62,0.0
20230405:0511,0.0,0.0,0.0,5.44,2.69,0.0
20230405:0611,9.27,12.05,4.73,5.71,2.76,0.0
20230405:0711,40.2,27.81,13.63,6.46,2.48,0.0
20230405:0811,230.67,105.3,22.25,7.0,2.83,0.0
20230405:0911,377.64,161.67,30.11,7.35,3.24,0.0
20230405:1011,646.83,264.43,36.6,7.42,3.31,0.0
20230405:1111,310.8,136.28,41.0,7.61,3.52,0.0
20230405:1211,228.87,104.76,42.6,7.76,4.21,0.0
20230405:1311,181.02,86.22,41.1,7.85,3.79,0.0
20230405:1411,233.31,106.62,36.8,7.96,3.79,0.0
20230405:1511,233.28,106.62,30.37,8.04,3.93,0.0
20230405:1611,171.24,82.51,22.55,8.2,3.59,0.0
20230405:1711,117.81,61.19,13.94,8.28,3.24,0.0
20230405:1811,15.57,15.76,5.04,8.43,3.03,0.0
20230405:1911,0.0,0.0,0.0,8.63,2.69,0.0
20230405:2011,0.0,0.0,0.0,8.52,2.55,0.0
20230405:2111,0.0,0.0,0.0,8.38,2.41,0.0
20230405:2211,0.0,0.0,0.0,8.3,2.28,0.0
20230405:2311,0.0,0.0,0.0,8.21,2.07,0.0
20230406:0011,0.0,0.0,0.0,8.15,1.93,0.0
20230406:0111,0.0,0.0,0.0,8.32,1.79,0.0
20230406:0211,0.0,0.0,0.0,8.36,1.72,0.0
20230406:0311,0.0,0.0,0.0,8.43,1.52,0.0
20230406:0411,0.0,0.0,0.0,8.46,1.52,0.0
20230406:0511,0.0,0.0,0.0,8.43,1.72,0.0
20230406:0611,6.12,10.2,5.08,8.3,2.07,0.0
20230406:0711,255.12,118.3,13.98,8.17,2.97,0.0
20230406:0811,796.95,324.52,22.61,8.06,3.59,0.0
20230406:0911,1503.81,606.69,30.48,8.64,4.34,0.0
20230406:1011,1348.11,541.04,36.98,9.43,5.38,0.0
20230406:1111,1282.08,515.02,41.38,10.14,6.07,0.0
20230406:1211,1196.61,480.0,42.98,10.18,6.55,0.0
20230406:1311,549.33,228.31,41.46,10.2,7.1,0.0
20230406:1411,756.03,306.37,37.12,9.98,7.24,0.0
20230406:1511,1208.37,481.04,30.66,9.9,7.17,0.0
20230406:1611,471.0,197.83,22.82,9.55,6.97,0.0
20230406:1711,412.62,186.78,14.2,9.05,6.34,0.0
20230406:1811,36.12,31.28,5.3,8.33,5.66,0.0
20230406:1911,0.0,0.0,0.0,7.45,4.9,0.0
20230406:2011,0.0,0.0,0.0,6.72,4.48,0.0
20230406:2111,0.0,0.0,0.0,6.18,4.0,0.0
20230406:2211,0.0,0.0,0.0,5.68,3.45,0.0
20230406:2311,0.0,0.0,0.0,5.08,2.97,0.0
20230407:0011,0.0,0.0,0.0,4.49,2.62,0.0
20230407:0111,0.0,0.0,0.0,3.92,2.28,0.0
20230407:0211,0.0,0.0,0.0,3.21,2.07,0.0
20230407:0311,0.0,0.0,0.0,2.24,1.86,0.0
20230407:0411,0.0,0.0,0.0,1.44,1.66,0.0
20230407:0511,0.0,0.0,0.0,1.38,1.52,0.0
20230407:0611,28.62,30.68,5.43,1.72,1.31,0.0
20230407:0711,518.31,234.11,14.33,3.85,0.9,0.0
20230407:0811,1159.14,476.31,22.96,6.84,1.52,0.0
20230407:0911,1682.01,701.39,30.84,8.41,1.93,0.0
20230407:1011,2014.95,865.12,37.36,9.65,2.14,0.0
20230407:1111,2238.33,985.64,41.77,10.59,2.28,0.0
20230407:1211,2307.93,1032.24,43.36,11.32,2.14,0.0
20230407:1311,2250.51,1006.11,41.81,11.82,2.0,0.0
20230407:1411,2017.83,883.78,37.44,12.08,1.86,0.0
20230407:1511,1663.92,709.34,30.95,12.11,1.72,0.0
20230407:1611,1119.0,470.04,23.09,12.03,1.72,0.0
20230407:1711,515.4,239.88,14.46,11.63,1.93,0.0
20230407:1811,25.92,32.04,5.56,10.54,2.0,0.0
20230407:1911,0.0,0.0,0.0,9.16,1.79,0.0
20230407:2011,0.0,0.0,0.0,7.32,1.38,0.0
20230407:2111,0.0,0.0,0.0,5.42,2.07,0.0
20230407:2211,0.0,0.0,0.0,4.41,2.34,0.0
20230407:2311,0.0,0.0,0.0,4.35,2.62,0.0
20230408:0011,0.0,0.0,0.0,4.29,2.83,0.0
20230408:0111,0.0,0.0,0.0,4.33,2.83,0.0
20230408:0211,0.0,0.0,0.0,4.16,2.62,0.0
20230408:0311,0.0,0.0,0.0,4.0,2.48,0.0
20230408:0411,0.0,0.0,0.0,3.62,2.48,0.0
20230408:0511,0.0,0.0,0.0,3.64,2.41,0.0
20230408:0611,47.82,37.9,5.77,3.71,2.28,0.0
20230408:0711,458.25,203.98,14.68,4.16,2.21,0.0
20230408:0811,1007.91,408.74,23.31,6.19,2.21,0.0
20230408:0911,1591.26,657.91,31.2,8.56,2.21,0.0
20230408:1011,1941.54,826.76,37.73,10.46,2.55,0.0
20230408:1111,2201.28,964.72,42.15,11.81,2.69,0.0
20230408:1211,2272.32,1009.54,43.73,12.6,2.62,0.0
20230408:1311,2220.39,983.77,42.17,13.1,2.62,0.0
20230408:1411,1906.05,820.95,37.76,13.5,2.76,0.0
20230408:1511,1601.28,674.18,31.24,13.61,2.97,0.0
20230408:1611,953.67,398.28,23.36,13.42,2.97,0.0
20230408:1711,425.67,196.98,14.72,13.15,2.62,0.0
20230408:1811,44.55,39.31,5.82,12.14,2.14,0.0
20230408:1911,0.0,0.0,0.0,10.97,2.07,0.0
20230408:2011,0.0,0.0,0.0,9.45,2.48,0.0
20230408:2111,0.0,0.0,0.0,8.32,2.97,0.0
20230408:2211,0.0,0.0,0.0,7.74,3.38,0.0
20230408:2311,0.0,0.0,0.0,7.31,3.38,0.0
20230409:0011,0.0,0.0,0.0,7.17,3.31,0.0
20230409:0111,0.0,0.0,0.0,6.85,3.31,0.0
20230409:0211,0.0,0.0,0.0,6.74,3.1,0.0
20230409:0311,0.0,0.0,0.0,6.2,2.83,0.0
20230409:0411,0.0,0.0,0.0,5.66,2.76,0.0
20230409:0511,0.0,0.0,0.0,5.15,2.76,0.0
20230409:0611,48.84,40.91,6.11,5.02,2.69,0.0
20230409:0711,477.57,213.68,15.02,6.02,3.1,0.0
20230409:0811,566.94,233.73,23.66,7.41,3.93,0.0
20230409:0911,1443.36,580.9,31.57,8.14,4.14,0.0
20230409:1011,1727.04,703.55,38.11,9.37,4.83,0.0
20230409:1111,2026.83,838.67,42.53,10.61,5.59,0.0
20230409:1211,1923.54,796.4,44.11,11.84,5.79,0.0
20230409:1311,1415.73,577.24,42.52,12.9,6.21,0.0
20230409:1411,708.9,293.62,38.08,13.27,6.0,0.0
20230409:1511,949.68,388.23,31.53,13.54,5.79,0.0
20230409:1611,128.16,66.75,23.63,13.88,5.79,0.0
20230409:1711,48.6,32.45,14.98,13.58,5.17,0.0
20230409:1811,7.35,11.13,6.07,12.74,4.83,0.0
20230409:1911,0.0,0.0,0.0,11.95,4.83,0.0
20230409:2011,0.0,0.0,0.0,11.57,5.17,0.0
20230409:2111,0.0,0.0,0.0,11.11,5.45,0.0
20230409:2211,0.0,0.0,0.0,10.6,5.52,0.0
20230409:2311,0.0,0.0,0.0,9.97,5.38,0.0
20230410:0011,0.0,0.0,0.0,9.53,5.38,0.0
20230410:0111,0.0,0.0,0.0,9.36,5.52,0.0
20230410:0211,0.0,0.0,0.0,9.22,5.66,0.0
20230410:0311,0.0,0.0,0.0,9.46,5.66,0.0
20230410:0411,0.0,0.0,0.0,9.62,5.17,0.0
20230410:0511,0.0,0.0,0.0,9.6,4.62,0.0
20230410:0611,12.18,13.91,6.45,9.21,4.41,0.0
20230410:0711,308.16,140.14,15.36,9.52,4.14,0.0
20230410:0811,369.9,160.27,24.01,9.85,3.79,0.0
20230410:0911,839.64,343.99,31.92,11.05,3.38,0.0
20230410:1011,340.65,150.19,38.48,11.81,4.21,0.0
20230410:1111,145.05,73.24,42.91,12.27,4.76,0.0
20230410:1211,179.76,87.15,44.48,12.19,5.1,0.0
20230410:1311,219.3,101.98,42.86,10.41,6.21,0.0
20230410:1411,249.39,113.11,38.4,9.18,6.28,0.0
20230410:1511,508.53,211.85,31.82,9.15,5.93,0.0
20230410:1611,84.03,47.28,23.89,8.76,4.97,0.0
20230410:1711,73.44,42.65,15.23,7.96,5.45,0.0
20230410:1811,13.98,14.83,6.33,7.45,5.03,0.0
20230410:1911,0.0,0.0,0.0,6.89,5.1,0.0
20230410:2011,0.0,0.0,0.0,6.98,5.45,0.0
20230410:2111,0.0,0.0,0.0,6.54,5.72,0.0
20230410:2211,0.0,0.0,0.0,6.29,5.86,0.0
20230410:2311,0.0,0.0,0.0,6.14,6.14,0.0
20230411:0011,0.0,0.0,0.0,6.15,6.41,0.0
20230411:0111,0.0,0.0,0.0,5.87,6.28,0.0
20230411:0211,0.0,0.0,0.0,5.79,6.28,0.0
20230411:0311,0.0,0.0,0.0,5.55,6.0,0.0
20230411:0411,0.0,0.0,0.0,5.35,5.66,0.0
20230411:0511,0.0,0.0,0.0,5.04,5.03,0.0
20230411:0611,62.97,47.9,6.79,5.02,4.55,0.0
20230411:0711,550.26,244.84,15.7,5.96,4.0,0.0
20230411:0811,1189.98,478.59,24.35,7.24,4.62,0.0
20230411:0911,1697.31,687.43,32.28,8.68,4.76,0.0
20230411:1011,1835.01,754.17,38.85,9.61,4.55,0.0
20230411:1111,1833.18,756.82,43.28,10.66,4.9,0.0
20230411:1211,1335.75,541.36,44.85,11.48,6.0,0.0
20230411:1311,762.15,312.23,43.21,11.62,6.41,0.0
20230411:1411,416.67,178.0,38.71,10.59,7.03,0.0
20230411:1511,383.55,164.66,32.1,9.58,6.55,0.0
20230411:1611,90.81,50.06,24.16,8.61,6.9,0.0
20230411:1711,88.83,49.14,15.49,8.12,7.59,0.0
20230411:1811,9.15,12.05,6.58,7.56,8.62,0.0
20230411:1911,0.0,0.0,0.0,7.16,9.72,0.0
20230411:2011,0.0,0.0,0.0,7.88,9.45,0.0
20230411:2111,0.0,0.0,0.0,7.89,9.24,0.0
20230411:2211,0.0,0.0,0.0,6.28,6.83,0.0
20230411:2311,0.0,0.0,0.0,5.51,6.34,0.0
20230412:0011,0.0,0.0,0.0,4.65,6.14,0.0
20230412:0111,0.0,0.0,0.0,4.45,5.66,0.0
20230412:0211,0.0,0.0,0.0,4.02,5.1,0.0
20230412:0311,0.0,0.0,0.0,3.51,4.69,0.0
20230412:0411,0.0,0.0,0.0,3.25,4.83,0.0
20230412:0511,0.0,0.0,0.0,2.78,4.9,0.0
20230412:0611,77.52,48.83,7.12,2.59,5.03,0.0
20230412:0711,264.51,117.95,16.03,3.6,4.21,0.0
20230412:0811,1036.77,408.74,24.7,4.99,6.62,0.0
20230412:0911,676.41,270.93,32.63,6.27,8.14,0.0
20230412:1011,417.15,175.22,39.21,6.86,7.79,0.0
20230412:1111,466.71,193.77,43.66,6.96,8.48,0.0
20230412:1211,505.2,207.67,45.21,6.18,7.93,0.0
20230412:1311,333.24,143.7,43.55,6.72,6.83,0.0
20230412:1411,378.12,161.32,39.02,7.7,6.69,0.0
20230412:1511,417.6,176.34,32.39,7.32,4.97,0.0
20230412:1611,248.97,112.18,24.42,7.21,4.9,0.0
20230412:1711,232.68,106.62,15.74,6.4,4.69,0.0
20230412:1811,63.45,40.32,6.83,6.23,4.83,0.0
20230412:1911,0.0,0.0,0.0,5.34,5.17,0.0
20230412:2011,0.0,0.0,0.0,5.21,5.38,0.0
20230412:2111,0.0,0.0,0.0,5.15,5.31,0.0
20230412:2211,0.0,0.0,0.0,5.0,5.31,0.0
20230412:2311,0.0,0.0,0.0,5.16,6.62,0.0
20230413:0011,0.0,0.0,0.0,5.45,8.41,0.0
20230413:0111,0.0,0.0,0.0,5.67,8.14,0.0
20230413:0211,0.0,0.0,0.0,5.55,8.0,0.0
20230413:0311,0.0,0.0,0.0,5.32,7.79,0.0
20230413:0411,0.0,0.0,0.0,5.07,7.66,0.0
20230413:0511,0.0,0.0,0.0,4.93,7.52,0.0
20230413:0611,66.51,40.39,7.46,4.99,7.59,0.0
20230413:0711,233.76,106.36,16.36,5.78,6.97,0.0
20230413:0811,276.18,121.88,25.03,6.32,6.97,0.0
20230413:0911,266.64,118.67,32.98,7.12,6.97,0.0
20230413:1011,255.81,114.96,39.57,7.98,6.76,0.0
20230413:1111,624.18,255.38,44.03,8.55,6.62,0.0
20230413:1211,963.27,386.66,45.58,9.19,6.48,0.0
20230413:1311,367.56,158.54,43.89,9.45,6.41,0.0
20230413:1411,728.7,295.92,39.33,9.13,6.07,0.0
20230413:1511,916.08,368.16,32.67,9.64,6.07,0.0
20230413:1611,811.29,329.32,24.68,9.54,6.07,0.0
20230413:1711,434.4,194.19,15.99,9.37,5.66,0.0
20230413:1811,57.9,47.38,7.08,8.56,4.41,0.0
20230413:1911,0.0,0.0,0.0,7.92,3.86,0.0
20230413:2011,0.0,0.0,0.0,6.73,3.45,0.0
20230413:2111,0.0,0.0,0.0,5.93,3.38,0.0
20230413:2211,0.0,0.0,0.0,5.41,3.1,0.0
20230413:2311,0.0,0.0,0.0,4.78,2.69,0.0
20230414:0011,0.0,0.0,0.0,3.91,2.48,0.0
20230414:0111,0.0,0.0,0.0,3.31,2.34,0.0
20230414:0211,0.0,0.0,0.0,2.91,2.28,0.0
20230414:0311,0.0,0.0,0.0,2.39,2.41,0.0
20230414:0411,0.0,0.0,0.0,2.15,2.41,0.0
20230414:0511,0.0,0.0,0.0,2.03,2.41,0.0
20230414:0611,89.34,53.32,7.78,2.28,2.34,0.0
20230414:0711,306.12,135.2,16.69,4.34,2.34,0.0
20230414:0811,168.03,80.66,25.37,6.23,2.9,0.0
20230414:0911,545.76,225.92,33.33,7.67,3.45,0.0
20230414:1011,458.91,193.42,39.93,8.1,3.24,0.0
20230414:1111,389.46,166.88,44.39,7.95,2.76,0.0
20230414:1211,499.35,209.53,45.94,7.98,2.28,0.0
20230414:1311,449.7,190.98,44.23,8.3,1.59,0.0
20230414:1411,384.0,165.95,39.64,8.53,1.03,0.0
20230414:1511,146.97,73.24,32.95,8.76,1.03,0.0
20230414:1611,147.54,73.24,24.94,8.19,1.79,0.0
20230414:1711,99.75,53.77,16.24,7.93,1.79,0.0
20230414:1811,7.62,11.13,7.33,7.63,1.59,0.0
20230414:1911,0.0,0.0,0.0,6.82,1.66,0.0
20230414:2011,0.0,0.0,0.0,6.22,1.72,0.0
20230414:2111,0.0,0.0,0.0,5.78,1.86,0.0
20230414:2211,0.0,0.0,0.0,5.61,1.93,0.0
20230414:2311,0.0,0.0,0.0,5.2,2.0,0.0
20230415:0011,0.0,0.0,0.0,5.14,1.86,0.0
20230415:0111,0.0,0.0,0.0,5.12,1.86,0.0
20230415:0211,0.0,0.0,0.0,5.06,2.0,0.0
20230415:0311,0.0,0.0,0.0,4.78,1.86,0.0
20230415:0411,0.0,0.0,0.0,4.74,1.72,0.0
20230415:0511,0.0,0.0,0.0,4.31,1.72,0.0
20230415:0611,82.11,59.97,8.11,4.71,1.31,0.0
20230415:0711,600.15,267.06,17.02,6.19,1.31,0.0
20230415:0811,1236.99,508.05,25.7,7.45,1.86,0.0
20230415:0911,1683.78,703.31,33.67,8.74,1.93,0.0
20230415:1011,1458.36,608.93,40.29,9.66,1.52,0.0
20230415:1111,625.74,262.41,44.76,10.2,1.17,0.0
20230415:1211,290.34,130.72,46.29,10.62,0.97,0.0
20230415:1311,588.99,249.08,44.57,11.24,1.1,0.0
20230415:1411,705.96,295.76,39.95,11.35,1.1,0.0
20230415:1511,903.57,375.94,33.22,11.88,1.31,0.0
20230415:1611,654.24,275.67,25.2,11.91,1.38,0.0
20230415:1711,552.72,256.28,16.49,11.86,1.45,0.0
20230415:1811,61.35,50.69,7.58,11.24,1.52,0.0
20230415:1911,0.0,0.0,0.0,10.78,1.66,0.0
20230415:2011,0.0,0.0,0.0,9.58,1.72,0.0
20230415:2111,0.0,0.0,0.0,8.46,1.93,0.0
20230415:2211,0.0,0.0,0.0,7.95,1.93,0.0
20230415:2311,0.0,0.0,0.0,7.63,1.93,0.0
20230416:0011,0.0,0.0,0.0,7.6,1.93,0.0
20230416:0111,0.0,0.0,0.0,7.69,2.0,0.0
20230416:0211,0.0,0.0,0.0,7.57,2.21,0.0
20230416:0311,0.0,0.0,0.0,7.25,2.21,0.0
20230416:0411,0.0,0.0,0.0,7.38,2.07,0.0
20230416:0511,0.0,0.0,0.0,7.35,1.86,0.0
20230416:0611,93.45,54.48,8.43,7.41,1.72,0.0
20230416:0711,289.2,130.14,17.34,7.69,1.79,0.0
20230416:0811,525.3,219.62,26.03,8.11,2.0,0.0
20230416:0911,581.34,241.44,34.01,8.81,2.48,0.0
20230416:1011,312.9,138.14,40.64,9.09,2.69,0.0
20230416:1111,654.78,271.02,45.12,9.72,3.1,0.0
20230416:1211,543.0,227.74,46.65,9.95,3.17,0.0
20230416:1311,502.05,211.97,44.9,10.19,3.24,0.0
20230416:1411,404.25,174.3,40.25,10.49,3.17,0.0
20230416:1511,334.47,147.41,33.5,10.68,2.9,0.0
20230416:1611,145.8,73.24,25.45,10.73,2.41,0.0
20230416:1711,218.76,102.95,16.74,10.39,2.0,0.0
20230416:1811,81.09,51.46,7.83,10.15,2.0,0.0
20230416:1911,0.0,0.0,0.0,10.42,1.38,0.0
20230416:2011,0.0,0.0,0.0,9.94,1.24,0.0
20230416:2111,0.0,0.0,0.0,9.6,1.03,0.0
20230416:2211,0.0,0.0,0.0,9.32,0.9,0.0
20230416:2311,0.0,0.0,0.0,9.15,0.97,0.0
20230417:0011,0.0,0.0,0.0,9.11,1.1,0.0
20230417:0111,0.0,0.0,0.0,9.09,1.17,0.0
20230417:0211,0.0,0.0,0.0,9.14,1.17,0.0
20230417:0311,0.0,0.0,0.0,9.13,1.24,0.0
20230417:0411,0.0,0.0,0.0,9.11,1.31,0.0
20230417:0511,0.0,0.0,0.0,9.14,1.38,0.0
20230417:0611,12.15,13.91,8.75,9.33,1.31,0.0
20230417:0711,240.96,111.56,17.66,9.84,1.31,0.0
20230417:0811,309.3,138.0,26.35,10.66,1.45,0.0
20230417:0911,277.65,126.09,34.34,11.81,2.0,0.0
20230417:1011,292.95,132.58,40.99,12.94,2.62,0.0
20230417:1111,1655.4,704.29,45.48,13.61,2.69,0.0
20230417:1211,285.9,130.72,47.0,14.58,2.55,0.0
20230417:1311,207.18,99.2,45.23,14.42,2.69,0.0
20230417:1411,143.34,73.24,40.55,14.21,2.62,0.0
20230417:1511,223.5,105.69,33.77,14.25,2.55,0.0
20230417:1611,237.21,111.25,25.71,14.39,2.41,0.0
20230417:1711,179.82,88.35,16.98,14.11,2.21,0.0
20230417:1811,16.74,16.69,8.07,13.53,2.34,0.0
20230417:1911,0.0,0.0,0.0,12.47,2.21,0.0
20230417:2011,0.0,0.0,0.0,11.17,2.83,0.0
20230417:2111,0.0,0.0,0.0,9.58,3.1,0.0
20230417:2211,0.0,0.0,0.0,7.84,3.1,0.0
20230417:2311,0.0,0.0,0.0,6.44,2.97,0.0
20230418:0011,0.0,0.0,0.0,5.48,2.97,0.0
20230418:0111,0.0,0.0,0.0,5.08,2.9,0.0
20230418:0211,0.0,0.0,0.0,4.97,2.97,0.0
20230418:0311,0.0,0.0,0.0,4.95,2.83,0.0
20230418:0411,0.0,0.0,0.0,5.24,2.83,0.0
20230418:0511,0.0,0.0,0.0,5.47,2.97,0.0
20230418:0611,93.18,51.97,9.07,5.8,2.9,0.0
20230418:0711,521.46,225.57,17.98,6.89,4.9,0.0
20230418:0811,1252.62,503.6,26.67,7.88,5.03,0.0
20230418:0911,1788.54,730.51,34.68,9.49,4.76,0.0
20230418:1011,2145.3,898.12,41.34,11.13,5.17,0.0
20230418:1111,2379.6,1012.58,45.83,12.34,5.79,0.0
20230418:1211,2464.38,1055.02,47.35,13.29,6.28,0.0
20230418:1311,1959.87,818.93,45.56,13.74,6.14,0.0
20230418:1411,1986.03,829.65,40.84,13.79,6.0,0.0
20230418:1511,1643.07,674.74,34.04,13.66,6.14,0.0
20230418:1611,1136.64,466.93,25.96,13.21,6.14,0.0
20230418:1711,556.56,253.77,17.23,12.37,5.72,0.0
20230418:1811,68.22,55.71,8.32,11.32,5.31,0.0
20230418:1911,0.0,0.0,0.0,9.5,4.97,0.0
20230418:2011,0.0,0.0,0.0,7.99,4.9,0.0
20230418:2111,0.0,0.0,0.0,7.04,4.97,0.0
20230418:2211,0.0,0.0,0.0,6.47,4.97,0.0
20230418:2311,0.0,0.0,0.0,6.41,4.83,0.0
20230419:0011,0.0,0.0,0.0,6.55,4.69,0.0
20230419:0111,0.0,0.0,0.0,6.38,4.48,0.0
20230419:0211,0.0,0.0,0.0,6.14,4.34,0.0
20230419:0311,0.0,0.0,0.0,5.99,4.34,0.0
20230419:0411,0.0,0.0,0.0,5.84,4.34,0.0
20230419:0511,0.0,0.0,0.0,5.75,4.41,0.0
20230419:0611,112.89,62.0,9.38,6.38,4.55,0.0
20230419:0711,436.05,188.99,18.29,7.59,4.76,0.0
20230419:0811,1149.51,459.97,26.99,8.56,6.48,0.0
20230419:0911,1561.8,626.27,35.0,9.78,6.55,0.0
20230419:1011,1726.32,701.77,41.68,10.74,6.21,0.0
20230419:1111,1156.86,466.71,46.18,11.51,7.1,0.0
20230419:1211,1668.03,678.95,47.7,12.18,7.31,0.0
20230419:1311,1631.64,665.58,45.88,12.42,6.83,0.0
20230419:1411,2123.19,879.78,41.14,12.69,6.97,0.0
20230419:1511,1749.09,713.45,34.31,12.76,6.97,0.0
20230419:1611,1201.44,489.98,26.21,12.19,6.83,0.0
20230419:1711,568.71,257.59,17.47,11.25,6.41,0.0
20230419:1811,72.78,57.75,8.56,10.16,6.07,0.0
20230419:1911,0.0,0.0,0.0,8.82,5.52,0.0
20230419:2011,0.0,0.0,0.0,7.64,5.17,0.0
20230419:2111,0.0,0.0,0.0,6.79,4.69,0.0
20230419:2211,0.0,0.0,0.0,6.09,4.34,0.0
20230419:2311,0.0,0.0,0.0,5.53,4.41,0.0
20230420:0011,0.0,0.0,0.0,5.1,4.41,0.0
20230420:0111,0.0,0.0,0.0,4.95,4.21,0.0
20230420:0211,0.0,0.0,0.0,4.67,3.93,0.0
20230420:0311,0.0,0.0,0.0,4.43,3.79,0.0
20230420:0411,0.0,0.0,0.0,4.32,3.66,0.0
20230420:0511,0.0,0.0,0.0,4.0,3.45,0.0
20230420:0611,109.35,76.08,9.69,4.41,3.45,0.0
20230420:0711,656.94,286.03,18.6,6.17,3.45,0.0
20230420:0811,1299.18,525.13,27.31,8.02,4.34,0.0
20230420:0911,1825.26,748.11,35.33,9.66,4.69,0.0
20230420:1011,2189.19,916.12,42.02,10.95,5.38,0.0
20230420:1111,1876.41,776.8,46.53,11.82,5.66,0.0
20230420:1211,1762.89,727.89,48.04,12.52,5.93,0.0
20230420:1311,2363.64,1003.95,46.2,12.87,6.14,0.0
20230420:1411,2175.42,911.33,41.43,12.9,6.21,0.0
20230420:1511,1771.77,726.58,34.58,12.58,6.21,0.0
20230420:1611,1222.35,500.1,26.46,11.97,5.93,0.0
20230420:1711,572.88,259.3,17.71,11.22,5.45,0.0
20230420:1811,75.06,59.24,8.8,10.2,4.69,0.0
20230420:1911,0.0,0.0,0.0,8.59,4.83,0.0
20230420:2011,0.0,0.0,0.0,7.82,4.83,0.0
20230420:2111,0.0,0.0,0.0,7.17,4.62,0.0
20230420:2211,0.0,0.0,0.0,6.95,4.69,0.0
20230420:2311,0.0,0.0,0.0,7.0,4.69,0.0
20230421:0011,0.0,0.0,0.0,6.85,4.34,0.0
20230421:0111,0.0,0.0,0.0,6.78,3.86,0.0
20230421:0211,0.0,0.0,0.0,6.79,3.59,0.0
20230421:0311,0.0,0.0,0.0,6.75,3.45,0.0
20230421:0411,0.0,0.0,0.0,6.54,3.38,0.0
20230421:0511,0.0,0.0,0.0,6.34,3.38,0.0
20230421:0611,101.7,55.34,9.99,6.83,3.59,0.0
20230421:0711,434.4,188.3,18.9,8.3,4.9,0.0
20230421:0811,601.23,246.76,27.62,8.98,6.83,0.0
20230421:0911,883.11,353.63,35.65,9.71,8.41,0.0
20230421:1011,575.22,237.64,42.35,9.87,7.72,0.0
20230421:1111,535.14,223.05,46.88,10.27,7.1,0.0
20230421:1211,1502.01,606.07,48.38,10.91,7.03,0.0
20230421:1311,273.75,123.31,46.52,10.91,6.83,0.0
20230421:1411,264.96,119.6,41.72,10.26,6.62,0.0
20230421:1511,494.76,207.73,34.84,10.09,5.66,0.0
20230421:1611,461.7,194.97,26.71,9.96,5.86,0.0
20230421:1711,418.11,185.0,17.95,9.75,5.17,0.0
20230421:1811,98.97,61.92,9.04,9.52,5.03,0.0
20230421:1911,0.0,0.0,0.0,9.14,4.0,0.0
20230421:2011,0.0,0.0,0.0,8.38,3.45,0.0
20230421:2111,0.0,0.0,0.0,7.78,3.03,0.0
20230421:2211,0.0,0.0,0.0,7.48,2.97,0.0
20230421:2311,0.0,0.0,0.0,7.36,2.55,0.0
20230422:0011,0.0,0.0,0.0,7.4,1.66,0.0
20230422:0111,0.0,0.0,0.0,7.53,1.03,0.0
20230422:0211,0.0,0.0,0.0,7.44,0.55,0.0
20230422:0311,0.0,0.0,0.0,7.42,0.55,0.0
20230422:0411,0.0,0.0,0.0,7.35,0.83,0.0
20230422:0511,0.0,0.0,0.0,7.21,1.31,0.0
20230422:0611,78.3,44.91,10.29,7.15,1.93,0.0
20230422:0711,187.98,89.11,19.2,7.51,1.86,0.0
20230422:0811,295.29,130.72,27.92,7.73,2.14,0.0
20230422:0911,588.84,244.6,35.97,8.71,2.28,0.0
20230422:1011,586.05,244.64,42.68,9.71,2.55,0.0
20230422:1111,1090.47,447.8,47.22,10.33,2.62,0.0
20230422:1211,1288.02,532.82,48.72,11.44,2.9,0.0
20230422:1311,1431.57,593.36,46.84,11.88,3.38,0.0
20230422:1411,1795.8,753.13,42.01,11.9,3.66,0.0
20230422:1511,1151.85,471.24,35.1,11.8,3.79,0.0
20230422:1611,529.92,223.71,26.95,11.48,3.66,0.0
20230422:1711,182.49,88.15,18.18,11.17,3.03,0.0
20230422:1811,4.62,9.27,9.28,10.57,1.59,0.0
20230422:1911,0.0,0.0,0.0,9.92,1.24,0.0
20230422:2011,0.0,0.0,0.0,8.18,1.17,0.0
20230422:2111,0.0,0.0,0.0,7.24,1.31,0.0
20230422:2211,0.0,0.0,0.0,6.52,1.66,0.0
20230422:2311,0.0,0.0,0.0,6.35,1.72,0.0
20230423:0011,0.0,0.0,0.0,6.76,1.93,0.0
20230423:0111,0.0,0.0,0.0,7.03,1.79,0.0
20230423:0211,0.0,0.0,0.0,6.8,1.72,0.0
20230423:0311,0.0,0.0,0.0,6.87,1.38,0.0
20230423:0411,0.0,0.0,0.0,6.8,1.17,0.0
20230423:0511,0.0,0.87,1.9,6.39,1.17,0.0
20230423:0611,87.27,48.62,10.59,6.61,1.03,0.0
20230423:0711,124.47,63.97,19.5,8.23,1.66,0.0
20230423:0811,286.5,127.94,28.22,9.11,2.69,0.0
20230423:0911,379.26,164.1,36.28,9.61,2.83,0.0
20230423:1011,134.67,68.61,43.01,10.3,2.48,0.0
20230423:1111,157.26,77.88,47.55,10.73,2.14,0.0
20230423:1211,651.96,272.61,49.05,11.04,2.28,0.0
20230423:1311,589.41,247.32,47.15,10.95,2.69,0.0
20230423:1411,465.93,198.9,42.29,11.24,3.1,0.0
20230423:1511,726.6,299.76,35.36,10.78,3.24,0.0
20230423:1611,257.61,117.74,27.19,11.43,3.38,0.0
20230423:1711,196.44,93.7,18.42,11.24,3.17,0.0
20230423:1811,59.79,37.08,9.52,10.16,3.17,0.0
20230423:1911,0.0,0.0,0.0,8.79,2.21,0.0
20230423:2011,0.0,0.0,0.0,7.97,1.93,0.0
20230423:2111,0.0,0.0,0.0,7.23,1.93,0.0
20230423:2211,0.0,0.0,0.0,6.5,2.21,0.0
20230423:2311,0.0,0.0,0.0,5.65,2.48,0.0
20230424:0011,0.0,0.0,0.0,5.01,2.41,0.0
20230424:0111,0.0,0.0,0.0,4.56,2.07,0.0
20230424:0211,0.0,0.0,0.0,4.02,1.72,0.0
20230424:0311,0.0,0.0,0.0,3.7,1.38,0.0
20230424:0411,0.0,0.0,0.0,3.34,1.38,0.0
20230424:0511,0.0,0.87,2.19,2.68,1.45,0.0
20230424:0611,129.3,88.18,10.88,3.22,1.1,0.0
20230424:0711,657.39,283.61,19.79,5.21,1.93,0.0
20230424:0811,1160.91,467.12,28.52,6.09,3.03,0.0
20230424:0911,1327.65,535.64,36.59,6.93,2.9,0.0
20230424:1011,1030.47,417.57,43.33,7.99,2.76,0.0
20230424:1111,1360.41,556.64,47.89,8.72,2.83,0.0
20230424:1211,491.61,206.74,49.38,8.73,3.03,0.0
20230424:1311,791.94,323.58,47.46,8.83,3.24,0.0
20230424:1411,184.86,88.08,42.57,8.8,3.66,0.0
20230424:1511,288.09,127.94,35.62,8.46,4.0,0.0
20230424:1611,805.17,327.32,27.43,8.38,4.07,0.0
20230424:1711,355.68,156.66,18.65,8.21,3.93,0.0
20230424:1811,117.75,66.65,9.75,7.53,3.31,0.0
20230424:1911,0.0,0.0,0.0,6.49,2.55,0.0
20230424:2011,0.0,0.0,0.0,5.47,2.21,0.0
20230424:2111,0.0,0.0,0.0,4.47,2.0,0.0
20230424:2211,0.0,0.0,0.0,3.51,1.86,0.0
20230424:2311,0.0,0.0,0.0,2.4,1.72,0.0
20230425:0011,0.0,0.0,0.0,1.2,1.45,0.0
20230425:0111,0.0,0.0,0.0,1.15,1.17,0.0
20230425:0211,0.0,0.0,0.0,0.39,1.24,0.0
20230425:0311,0.0,0.0,0.0,-0.17,1.31,0.0
20230425:0411,0.0,0.0,0.0,0.25,1.1,0.0
20230425:0511,0.0,4.37,2.49,0.43,1.03,0.0
20230425:0611,139.08,91.74,11.17,1.34,0.69,0.0
20230425:0711,714.12,308.59,20.08,3.47,0.76,0.0
20230425:0811,1321.17,539.33,28.81,5.15,1.45,0.0
20230425:0911,1748.79,726.01,36.89,6.28,1.79,0.0
20230425:1011,1599.45,659.43,43.65,7.34,2.28,0.0
20230425:1111,1554.39,640.36,48.22,8.34,2.76,0.0
20230425:1211,2113.89,906.99,49.71,8.92,2.69,0.0
20230425:1311,1729.08,725.33,47.77,9.37,2.48,0.0
20230425:1411,1131.42,463.86,42.85,9.7,2.34,0.0
20230425:1511,870.15,356.26,35.87,9.68,2.48,0.0
20230425:1611,870.12,357.75,27.67,9.32,2.28,0.0
20230425:1711,516.51,228.71,18.89,9.05,2.07,0.0
20230425:1811,123.66,68.46,9.99,8.7,1.66,0.0
20230425:1911,0.0,0.0,0.0,7.97,1.38,0.0
20230425:2011,0.0,0.0,0.0,6.31,1.59,0.0
20230425:2111,0.0,0.0,0.0,4.52,1.59,0.0
20230425:2211,0.0,0.0,0.0,3.9,1.52,0.0
20230425:2311,0.0,0.0,0.0,3.33,1.72,0.0
20230426:0011,0.0,0.0,0.0,3.32,1.79,0.0
20230426:0111,0.0,0.0,0.0,3.52,1.66,0.0
20230426:0211,0.0,0.0,0.0,3.65,1.59,0.0
20230426:0311,0.0,0.0,0.0,3.61,1.52,0.0
20230426:0411,0.0,0.0,0.0,3.63,1.38,0.0
20230426:0511,0.0,1.75,2.78,3.45,1.45,0.0
20230426:0611,162.33,82.8,11.45,3.86,1.17,0.0
20230426:0711,485.91,208.1,20.36,6.11,1.31,0.0
20230426:0811,1082.91,443.2,29.1,7.51,1.52,0.0
20230426:0911,1665.54,696.96,37.19,8.94,1.86,0.0
20230426:1011,769.14,317.55,43.96,10.03,2.28,0.0
20230426:1111,832.41,343.86,48.54,10.54,2.34,0.0
20230426:1211,1256.7,521.35,50.03,11.1,2.34,0.0
20230426:1311,245.13,113.11,48.07,11.58,2.28,0.0
20230426:1411,279.93,127.01,43.13,11.86,2.0,0.0
20230426:1511,459.9,197.81,36.12,11.9,1.79,0.0
20230426:1611,1035.33,433.45,27.91,11.96,1.66,0.0
20230426:1711,371.55,166.48,19.12,11.65,1.38,0.0
20230426:1811,119.67,71.89,10.22,11.21,0.69,0.0
20230426:1911,0.0,0.0,0.0,10.84,0.14,0.0
20230426:2011,0.0,0.0,0.0,9.54,0.69,0.0
20230426:2111,0.0,0.0,0.0,6.11,1.66,0.0
20230426:2211,0.0,0.0,0.0,4.8,1.86,0.0
20230426:2311,0.0,0.0,0.0,3.92,2.14,0.0
20230427:0011,0.0,0.0,0.0,3.39,2.14,0.0
20230427:0111,0.0,0.0,0.0,3.17,2.28,0.0
20230427:0211,0.0,0.0,0.0,3.41,2.41,0.0
20230427:0311,0.0,0.0,0.0,4.21,2.41,0.0
20230427:0411,0.0,0.0,0.0,4.48,2.34,0.0
20230427:0511,0.0,3.5,3.06,5.11,2.41,0.0
20230427:0611,56.85,35.23,11.73,5.92,2.55,0.0
20230427:0711,323.73,141.92,20.64,7.05,3.1,0.0
20230427:0811,577.08,238.7,29.38,8.45,3.72,0.0
20230427:0911,634.17,261.65,37.49,9.63,4.14,0.0
20230427:1011,563.07,235.09,44.27,10.48,4.62,0.0
20230427:1111,662.04,273.88,48.86,11.02,5.1,0.0
20230427:1211,478.38,203.04,50.35,11.56,5.45,0.0
20230427:1311,353.1,154.83,48.37,12.08,5.86,0.0
20230427:1411,276.75,125.16,43.4,11.98,5.66,0.0
20230427:1511,229.53,106.62,36.37,11.65,5.03,0.0
20230427:1611,211.14,99.2,28.14,11.05,4.48,0.0
20230427:1711,261.09,118.83,19.34,10.13,4.97,0.0
20230427:1811,121.83,65.66,10.45,9.37,4.69,0.0
20230427:1911,0.0,0.87,1.85,9.36,4.21,0.0
20230427:2011,0.0,0.0,0.0,8.85,4.28,0.0
20230427:2111,0.0,0.0,0.0,8.01,4.69,0.0
20230427:2211,0.0,0.0,0.0,7.65,4.28,0.0
20230427:2311,0.0,0.0,0.0,7.48,4.0,0.0
20230428:0011,0.0,0.0,0.0,7.4,3.93,0.0
20230428:0111,0.0,0.0,0.0,7.02,3.72,0.0
20230428:0211,0.0,0.0,0.0,6.98,3.45,0.0
20230428:0311,0.0,0.0,0.0,6.94,3.1,0.0
20230428:0411,0.0,0.0,0.0,6.92,2.62,0.0
20230428:0511,0.0,1.75,3.34,6.92,2.21,0.0
20230428:0611,126.42,65.18,12.01,7.01,1.59,0.0
20230428:0711,239.85,109.53,20.91,7.38,0.9,0.0
20230428:0811,319.02,140.28,29.66,8.06,1.38,0.0
20230428:0911,353.7,153.9,37.78,9.0,2.55,0.0
20230428:1011,269.67,121.45,44.58,9.45,3.45,0.0
20230428:1111,329.01,144.63,49.18,9.93,3.66,0.0
20230428:1211,327.9,144.63,50.67,10.62,3.66,0.0
20230428:1311,317.13,140.92,48.67,11.41,3.66,0.0
20230428:1411,330.54,146.48,43.67,11.97,3.66,0.0
20230428:1511,418.89,181.18,36.62,12.32,3.66,0.0
20230428:1611,672.63,281.53,28.37,12.42,3.1,0.0
20230428:1711,478.62,214.01,19.57,12.29,2.62,0.0
20230428:1811,97.23,70.65,10.68,11.88,1.86,0.0
20230428:1911,0.0,2.62,2.08,11.36,1.59,0.0
20230428:2011,0.0,0.0,0.0,9.78,1.52,0.0
20230428:2111,0.0,0.0,0.0,8.44,1.17,0.0
20230428:2211,0.0,0.0,0.0,9.06,0.69,0.0
20230428:2311,0.0,0.0,0.0,8.9,0.21,0.0
20230429:0011,0.0,0.0,0.0,7.14,0.97,0.0
20230429:0111,0.0,0.0,0.0,6.0,1.38,0.0
20230429:0211,0.0,0.0,0.0,5.41,1.1,0.0
20230429:0311,0.0,0.0,0.0,5.36,1.17,0.0
20230429:0411,0.0,0.0,0.0,5.12,1.52,0.0
20230429:0511,0.0,2.62,3.62,5.13,1.31,0.0
20230429:0611,136.47,69.29,12.28,6.26,1.03,0.0
20230429:0711,227.43,105.75,21.18,9.98,0.9,0.0
20230429:0811,1039.47,436.51,29.94,11.99,0.97,0.0
20230429:0911,1442.25,614.38,38.06,13.3,1.31,0.0
20230429:1011,1494.15,642.52,44.88,14.22,1.38,0.0
20230429:1111,1422.66,612.3,49.49,14.84,1.38,0.0
20230429:1211,999.39,425.24,50.98,15.44,1.31,0.0
20230429:1311,300.54,137.21,48.96,15.21,1.52,0.0
20230429:1411,685.14,294.32,43.94,16.09,0.97,0.0
20230429:1511,727.95,313.46,36.86,16.32,0.28,0.0
20230429:1611,87.09,50.06,28.6,15.91,0.83,0.0
20230429:1711,151.14,76.95,19.79,15.67,2.0,0.0
20230429:1811,75.18,44.5,10.9,14.05,1.52,0.0
20230429:1911,0.0,2.62,2.32,12.92,1.79,0.0
20230429:2011,0.0,0.0,0.0,11.92,2.28,0.0
20230429:2111,0.0,0.0,0.0,11.5,2.34,0.0
20230429:2211,0.0,0.0,0.0,11.13,2.28,0.0
20230429:2311,0.0,0.0,0.0,10.95,2.21,0.0
20230430:0011,0.0,0.0,0.0,10.7,2.21,0.0
20230430:0111,0.0,0.0,0.0,10.49,2.21,0.0
20230430:0211,0.0,0.0,0.0,10.42,2.14,0.0
20230430:0311,0.0,0.0,0.0,10.23,2.28,0.0
20230430:0411,0.0,0.0,0.0,10.2,2.48,0.0
20230430:0511,0.0,5.25,3.89,10.34,2.83,0.0
20230430:0611,146.61,75.11,12.54,10.6,3.24,0.0
20230430:0711,72.24,42.65,21.45,10.87,3.17,0.0
20230430:0811,303.06,135.36,30.21,11.17,3.38,0.0
20230430:0911,671.97,279.23,38.34,11.79,3.86,0.0
20230430:1011,634.5,264.79,45.18,11.73,3.93,0.0
20230430:1111,821.13,338.36,49.8,11.88,4.34,0.0
20230430:1211,831.66,342.64,51.29,11.87,4.34,0.0
20230430:1311,374.22,163.17,49.25,11.82,4.48,0.0
20230430:1411,233.73,108.47,44.2,12.19,5.38,0.0
20230430:1511,177.3,86.22,37.1,12.13,4.14,0.0
20230430:1611,378.21,165.14,28.83,12.04,3.52,0.0
20230430:1711,142.71,72.31,20.02,12.15,3.72,0.0
20230430:1811,135.75,73.11,11.13,12.13,3.31,0.0
20230430:1911,0.0,1.75,2.55,12.1,2.62,0.0
20230430:2011,0.0,0.0,0.0,11.24,2.07,0.0
20230430:2111,0.0,0.0,0.0,10.3,2.14,0.0
20230430:2211,0.0,0.0,0.0,9.91,2.07,0.0
20230430:2311,0.0,0.0,0.0,9.42,2.07,0.0
20230501:0011,0.0,0.0,0.0,9.32,2.14,0.0
20230501:0111,0.0,0.0,0.0,9.09,1.93,0.0
20230501:0211,0.0,0.0,0.0,9.02,1.93,0.0
20230501:0311,0.0,0.0,0.0,8.9,2.0,0.0
20230501:0411,0.0,0.0,0.0,8.98,2.0,0.0
20230501:0511,1.59,7.0,4.16,8.88,2.07,0.0
20230501:0611,103.65,55.63,12.8,9.28,2.83,0.0
20230501:0711,332.07,147.06,21.71,10.27,2.62,0.0
20230501:0811,579.39,242.73,30.47,11.02,3.24,0.0
20230501:0911,811.92,335.18,38.62,12.49,4.07,0.0
20230501:1011,355.77,156.68,45.47,13.05,5.1,0.0
20230501:1111,552.96,234.11,50.11,13.63,5.38,0.0
20230501:1211,238.95,111.25,51.59,13.82,5.52,0.0
20230501:1311,220.44,103.84,49.54,13.66,5.79,0.0
20230501:1411,312.48,139.99,44.46,13.68,6.07,0.0
20230501:1511,477.72,204.18,37.34,13.26,5.45,0.0
20230501:1611,906.99,375.09,29.06,13.54,5.03,0.0
20230501:1711,519.12,231.46,20.24,13.07,4.41,0.0
20230501:1811,131.37,69.84,11.35,12.36,3.93,0.0
20230501:1911,0.0,2.62,2.78,11.25,3.1,0.0
20230501:2011,0.0,0.0,0.0,10.08,2.21,0.0
20230501:2111,0.0,0.0,0.0,9.66,1.31,0.0
20230501:2211,0.0,0.0,0.0,9.11,0.76,0.0
20230501:2311,0.0,0.0,0.0,8.8,0.83,0.0
20230502:0011,0.0,0.0,0.0,8.81,1.38,0.0
20230502:0111,0.0,0.0,0.0,8.89,1.86,0.0
20230502:0211,0.0,0.0,0.0,8.72,2.21,0.0
20230502:0311,0.0,0.0,0.0,8.55,2.34,0.0
20230502:0411,0.0,0.0,0.0,8.32,2.21,0.0
20230502:0511,1.62,7.0,4.42,8.2,2.41,0.0
20230502:0611,154.86,77.5,13.06,8.33,2.76,0.0
20230502:0711,0.0,0.0,0.0,8.71,2.97,0.0
20230502:0811,653.67,270.28,30.73,9.59,3.03,0.0
20230502:0911,1106.97,453.17,38.89,10.63,2.97,0.0
20230502:1011,1293.21,536.66,45.75,11.65,2.55,0.0
20230502:1111,1308.81,547.47,50.41,12.29,2.28,0.0
20230502:1211,624.93,263.85,51.89,12.64,2.28,0.0
20230502:1311,1004.07,418.34,49.82,12.81,2.34,0.0
20230502:1411,1077.39,448.58,44.72,12.93,2.34,0.0
20230502:1511,1128.93,469.77,37.58,13.16,2.41,0.0
20230502:1611,710.16,298.23,29.28,13.12,2.55,0.0
20230502:1711,458.43,203.91,20.45,12.91,2.69,0.0
20230502:1811,146.67,78.7,11.57,12.54,2.69,0.0
20230502:1911,1.53,7.0,3.01,12.19,2.21,0.0
20230502:2011,0.0,0.0,0.0,10.98,2.55,0.0
20230502:2111,0.0,0.0,0.0,10.27,2.9,0.0
20230502:2211,0.0,0.0,0.0,9.78,3.24,0.0
20230502:2311,0.0,0.0,0.0,9.21,3.17,0.0
20230503:0011,0.0,0.0,0.0,9.02,3.03,0.0
20230503:0111,0.0,0.0,0.0,8.7,3.03,0.0
20230503:0211,0.0,0.0,0.0,8.61,3.03,0.0
20230503:0311,0.0,0.0,0.0,8.41,2.97,0.0
20230503:0411,0.0,0.0,0.0,8.31,2.9,0.0
20230503:0511,22.17,19.24,4.68,8.07,2.83,0.0
20230503:0611,184.86,108.83,13.31,8.11,2.69,0.0
20230503:0711,724.32,312.8,22.21,8.59,3.24,0.0
20230503:0811,1266.39,517.99,30.99,9.74,3.38,0.0
20230503:0911,1676.55,695.39,39.15,11.14,3.59,0.0
20230503:1011,1860.96,783.51,46.03,12.35,3.93,0.0
20230503:1111,2252.1,970.39,50.7,13.2,4.55,0.0
20230503:1211,2253.6,970.68,52.19,13.57,4.83,0.0
20230503:1311,1727.94,721.39,50.1,13.73,5.1,0.0
20230503:1411,1702.8,707.9,44.97,13.58,5.1,0.0
20230503:1511,1567.2,645.38,37.81,13.32,5.24,0.0
20230503:1611,1172.79,482.87,29.5,12.99,5.31,0.0
20230503:1711,568.2,252.79,20.67,12.26,5.24,0.0
20230503:1811,129.69,81.22,11.79,11.33,4.97,0.0
20230503:1911,0.0,4.37,3.24,10.35,4.76,0.0
20230503:2011,0.0,0.0,0.0,8.95,4.97,0.0
20230503:2111,0.0,0.0,0.0,7.77,5.03,0.0
20230503:2211,0.0,0.0,0.0,7.02,4.97,0.0
20230503:2311,0.0,0.0,0.0,6.63,4.9,0.0
20230504:0011,0.0,0.0,0.0,6.15,4.69,0.0
20230504:0111,0.0,0.0,0.0,5.6,4.69,0.0
20230504:0211,0.0,0.0,0.0,5.55,4.9,0.0
20230504:0311,0.0,0.0,0.0,5.3,4.97,0.0
20230504:0411,0.0,0.0,0.0,5.23,5.03,0.0
20230504:0511,9.63,12.24,4.93,5.01,5.03,0.0
20230504:0611,115.29,59.75,13.56,5.81,4.9,0.0
20230504:0711,643.2,269.95,22.46,7.26,6.83,0.0
20230504:0811,942.57,376.8,31.24,8.31,6.9,0.0
20230504:0911,1594.11,637.33,39.41,9.74,7.38,0.0
20230504:1011,1859.73,753.75,46.31,10.92,7.66,0.0
20230504:1111,2015.91,828.16,50.99,12.32,7.86,0.0
20230504:1211,2455.77,1033.04,52.48,12.89,7.72,0.0
20230504:1311,1789.92,733.93,50.37,13.42,7.79,0.0
20230504:1411,1089.33,442.66,45.23,13.46,7.86,0.0
20230504:1511,1499.79,608.71,38.04,13.51,7.72,0.0
20230504:1611,1018.77,416.29,29.72,13.09,7.31,0.0
20230504:1711,147.6,74.17,20.88,12.13,6.14,0.0
20230504:1811,157.38,82.36,12.0,11.24,6.0,0.0
20230504:1911,0.0,3.5,3.46,10.01,6.41,0.0
20230504:2011,0.0,0.0,0.0,8.94,6.21,0.0
20230504:2111,0.0,0.0,0.0,8.64,5.72,0.0
20230504:2211,0.0,0.0,0.0,8.5,5.1,0.0
20230504:2311,0.0,0.0,0.0,8.84,4.21,0.0
20230505:0011,0.0,0.0,0.0,9.23,3.17,0.0
20230505:0111,0.0,0.0,0.0,10.07,2.69,0.0
20230505:0211,0.0,0.0,0.0,10.52,2.69,0.0
20230505:0311,0.0,0.0,0.0,10.75,2.97,0.0
20230505:0411,0.0,0.0,0.0,10.99,3.24,0.0
20230505:0511,2.67,7.87,5.18,11.07,3.17,0.0
20230505:0611,189.42,94.34,13.8,11.3,3.03,0.0
20230505:0711,479.19,207.28,22.69,11.56,3.59,0.0
20230505:0811,1016.7,418.76,31.48,12.35,3.79,0.0
20230505:0911,995.34,412.49,39.67,13.66,3.38,0.0
20230505:1011,608.94,259.02,46.58,14.75,3.1,0.0
20230505:1111,1301.55,550.48,51.28,16.0,3.1,0.0
20230505:1211,1171.23,493.8,52.76,16.4,3.45,0.0
20230505:1311,1196.58,503.01,50.64,16.45,3.86,0.0
20230505:1411,452.7,197.47,45.47,16.02,4.0,0.0
20230505:1511,301.14,137.21,38.27,15.84,3.79,0.0
20230505:1611,284.88,130.72,29.93,15.68,3.45,0.0
20230505:1711,335.04,152.3,21.09,15.65,2.97,0.0
20230505:1811,145.86,85.97,12.22,15.18,2.69,0.0
20230505:1911,0.0,4.37,3.69,14.3,1.79,0.0
20230505:2011,0.0,0.0,0.0,12.87,2.14,0.0
20230505:2111,0.0,0.0,0.0,12.03,2.07,0.0
20230505:2211,0.0,0.0,0.0,11.1,2.07,0.0
20230505:2311,0.0,0.0,0.0,10.55,2.07,0.0
20230506:0011,0.0,0.0,0.0,9.96,2.07,0.0
20230506:0111,0.0,0.0,0.0,9.49,2.07,0.0
20230506:0211,0.0,0.0,0.0,9.08,2.07,0.0
20230506:0311,0.0,0.0,0.0,8.67,2.0,0.0
20230506:0411,0.0,0.0,0.0,8.39,1.86,0.0
20230506:0511,0.0,4.37,5.42,8.28,1.72,0.0
20230506:0611,101.07,54.7,14.03,9.69,1.59,0.0
20230506:0711,364.32,160.68,22.93,11.64,2.69,0.0
20230506:0811,703.68,294.23,31.72,12.85,3.03,0.0
20230506:0911,1028.13,426.39,39.92,13.69,3.24,0.0
20230506:1011,830.7,347.15,46.85,14.6,3.72,0.0
20230506:1111,859.44,359.6,51.56,15.03,3.93,0.0
20230506:1211,1126.65,471.51,53.05,15.64,3.93,0.0
20230506:1311,947.58,398.32,50.91,16.07,3.52,0.0
20230506:1411,711.99,302.35,45.72,16.24,3.1,0.0
20230506:1511,679.44,287.83,38.5,15.45,3.03,0.0
20230506:1611,495.51,213.39,30.15,14.43,3.1,0.0
20230506:1711,196.11,94.56,21.3,13.78,2.14,0.0
20230506:1811,83.97,48.21,12.43,13.47,1.72,0.0
20230506:1911,0.0,4.37,3.91,13.21,1.45,0.0
20230506:2011,0.0,0.0,0.0,12.77,1.45,0.0
20230506:2111,0.0,0.0,0.0,12.52,1.45,0.0
20230506:2211,0.0,0.0,0.0,12.34,1.31,0.0
20230506:2311,0.0,0.0,0.0,12.04,0.97,0.0
20230507:0011,0.0,0.0,0.0,11.65,0.83,0.0
20230507:0111,0.0,0.0,0.0,11.64,0.83,0.0
20230507:0211,0.0,0.0,0.0,11.62,0.62,0.0
20230507:0311,0.0,0.0,0.0,11.64,0.41,0.0
20230507:0411,0.0,0.0,0.0,11.22,0.48,0.0
20230507:0511,43.35,29.73,5.65,10.57,0.9,0.0
20230507:0611,214.56,114.54,14.26,11.6,1.93,0.0
20230507:0711,616.8,267.45,23.16,11.71,2.14,0.0
20230507:0811,883.17,367.89,31.95,12.38,2.07,0.0
20230507:0911,1103.4,461.25,40.16,14.05,2.41,0.0
20230507:1011,647.1,275.13,47.11,15.06,2.69,0.0
20230507:1111,1541.91,663.53,51.83,15.92,2.41,0.0
20230507:1211,1376.07,589.18,53.32,16.44,2.41,0.0
20230507:1311,1400.85,602.97,51.17,16.8,2.14,0.0
20230507:1411,1603.02,702.32,45.96,17.8,1.93,0.0
20230507:1511,1258.08,539.91,38.72,18.24,2.21,0.0
20230507:1611,636.0,275.01,30.36,18.22,2.34,0.0
20230507:1711,223.5,107.49,21.51,17.72,1.66,0.0
20230507:1811,161.22,88.74,12.64,17.28,1.24,0.0
20230507:1911,2.52,7.87,4.12,16.13,1.52,0.0
20230507:2011,0.0,0.0,0.0,14.41,1.1,0.0
20230507:2111,0.0,0.0,0.0,13.58,0.9,0.0
20230507:2211,0.0,0.0,0.0,10.84,1.93,0.0
20230507:2311,0.0,0.0,0.0,10.02,2.14,0.0
20230508:0011,0.0,0.0,0.0,9.92,2.34,0.0
20230508:0111,0.0,0.0,0.0,10.32,2.48,0.0
20230508:0211,0.0,0.0,0.0,10.54,2.76,0.0
20230508:0311,0.0,0.0,0.0,10.49,2.97,0.0
20230508:0411,0.0,0.0,0.0,10.55,3.17,0.0
20230508:0511,0.0,4.37,5.89,10.65,3.45,0.0
20230508:0611,31.53,24.1,14.49,10.92,3.93,0.0
20230508:0711,91.77,50.99,23.38,10.98,3.93,0.0
20230508:0811,272.46,123.31,32.18,11.14,4.0,0.0
20230508:0911,454.83,194.11,40.4,11.17,4.0,0.0
20230508:1011,394.26,170.59,47.36,11.48,4.9,0.0
20230508:1111,503.25,213.23,52.1,12.0,5.1,0.0
20230508:1211,513.87,217.87,53.6,12.62,5.31,0.0
20230508:1311,483.69,206.74,51.43,12.97,4.55,0.0
20230508:1411,414.66,180.79,46.2,14.01,3.93,0.0
20230508:1511,217.2,102.91,38.94,14.11,4.07,0.0
20230508:1611,187.02,90.86,30.56,14.39,5.03,0.0
20230508:1711,62.58,38.94,21.71,14.44,3.66,0.0
20230508:1811,32.79,25.03,12.85,14.35,3.38,0.0
20230508:1911,0.0,4.37,4.34,13.88,3.45,0.0
20230508:2011,0.0,0.0,0.0,13.48,2.83,0.0
20230508:2111,0.0,0.0,0.0,12.94,2.28,0.0
20230508:2211,0.0,0.0,0.0,12.3,2.07,0.0
20230508:2311,0.0,0.0,0.0,11.9,2.28,0.0
20230509:0011,0.0,0.0,0.0,11.83,2.41,0.0
20230509:0111,0.0,0.0,0.0,11.86,2.34,0.0
20230509:0211,0.0,0.0,0.0,11.76,2.21,0.0
20230509:0311,0.0,0.0,0.0,11.65,2.28,0.0
20230509:0411,0.0,0.0,0.0,11.57,2.14,0.0
20230509:0511,43.17,29.73,6.11,11.54,1.93,0.0
20230509:0611,200.04,98.19,14.71,11.79,2.83,0.0
20230509:0711,371.79,164.12,23.6,12.53,2.69,0.0
20230509:0811,521.73,223.32,32.4,13.64,2.55,0.0
20230509:0911,681.9,287.75,40.64,14.09,2.55,0.0
20230509:1011,627.24,265.82,47.61,14.03,2.76,0.0
20230509:1111,1350.27,571.39,52.36,14.97,2.69,0.0
20230509:1211,1571.79,671.89,53.86,15.73,3.1,0.0
20230509:1311,1037.85,435.24,51.69,15.73,3.59,0.0
20230509:1411,1630.02,688.44,46.43,14.99,3.86,0.0
20230509:1511,814.35,340.14,39.15,14.99,4.07,0.0
20230509:1611,690.06,290.41,30.77,14.26,3.59,0.0
20230509:1711,593.22,266.63,21.92,13.79,3.31,0.0
20230509:1811,153.6,78.69,13.05,13.18,2.83,0.0
20230509:1911,0.0,3.5,4.55,12.44,2.48,0.0
20230509:2011,0.0,0.0,0.0,10.94,2.21,0.0
20230509:2111,0.0,0.0,0.0,9.83,2.0,0.0
20230509:2211,0.0,0.0,0.0,8.85,1.93,0.0
20230509:2311,0.0,0.0,0.0,8.04,1.72,0.0
20230510:0011,0.0,0.0,0.0,7.32,1.52,0.0
20230510:0111,0.0,0.0,0.0,7.51,1.31,0.0
20230510:0211,0.0,0.0,0.0,7.95,1.17,0.0
20230510:0311,0.0,0.0,0.0,7.83,1.17,0.0
20230510:0411,0.0,0.0,0.0,6.89,1.45,0.0
20230510:0511,54.21,34.1,6.33,6.09,1.59,0.0
20230510:0611,231.9,121.93,14.92,8.02,1.24,0.0
20230510:0711,614.82,263.7,23.81,10.64,2.62,0.0
20230510:0811,855.39,353.89,32.62,11.72,2.83,0.0
20230510:0911,656.22,275.56,40.86,12.87,2.9,0.0
20230510:1011,331.83,148.34,47.85,13.65,2.62,0.0
20230510:1111,335.01,150.19,52.62,14.47,2.41,0.0
20230510:1211,257.94,119.6,54.13,14.81,3.17,0.0
20230510:1311,609.81,256.75,51.94,13.44,4.62,0.0
20230510:1411,267.81,122.38,46.66,12.9,4.07,0.0
20230510:1511,763.41,317.14,39.37,13.31,4.21,0.0
20230510:1611,559.26,236.9,30.97,13.77,4.83,0.0
20230510:1711,174.0,85.29,22.12,13.31,4.34,0.0
20230510:1811,106.32,57.48,13.25,12.71,3.45,0.0
20230510:1911,12.12,13.99,4.76,11.68,2.28,0.0
20230510:2011,0.0,0.0,0.0,11.33,1.86,0.0
20230510:2111,0.0,0.0,0.0,10.86,1.79,0.0
20230510:2211,0.0,0.0,0.0,10.08,1.86,0.0
20230510:2311,0.0,0.0,0.0,9.58,1.79,0.0
20230511:0011,0.0,0.0,0.0,9.3,1.79,0.0
20230511:0111,0.0,0.0,0.0,8.98,1.79,0.0
20230511:0211,0.0,0.0,0.0,9.12,1.66,0.0
20230511:0311,0.0,0.0,0.0,9.02,1.66,0.0
20230511:0411,0.0,0.0,0.0,8.83,1.52,0.0
20230511:0511,22.11,19.24,6.55,8.59,1.31,0.0
20230511:0611,144.54,72.73,15.13,9.57,0.9,0.0
20230511:0711,387.93,170.44,24.02,11.22,0.9,0.0
20230511:0811,754.41,316.91,32.83,12.01,0.97,0.0
20230511:0911,898.5,377.74,41.09,12.92,0.97,0.0
20230511:1011,829.05,351.41,48.09,13.9,0.83,0.0
20230511:1111,574.47,247.04,52.88,14.54,1.17,0.0
20230511:1211,1080.63,458.85,54.39,14.81,1.45,0.0
20230511:1311,589.41,253.03,52.19,15.06,1.72,0.0
20230511:1411,330.57,149.26,46.89,15.47,1.86,0.0
20230511:1511,528.42,228.15,39.58,15.35,2.07,0.0
20230511:1611,388.53,172.06,31.17,15.18,2.14,0.0
20230511:1711,386.82,172.36,22.31,13.93,2.48,0.0
20230511:1811,181.41,94.85,13.45,13.22,2.48,0.0
20230511:1911,9.15,12.24,4.97,12.01,2.0,0.0
20230511:2011,0.0,0.0,0.0,11.18,2.07,0.0
20230511:2111,0.0,0.0,0.0,10.75,2.48,0.0
20230511:2211,0.0,0.0,0.0,10.35,2.69,0.0
20230511:2311,0.0,0.0,0.0,10.07,2.76,0.0
20230512:0011,0.0,0.0,0.0,9.83,2.9,0.0
20230512:0111,0.0,0.0,0.0,9.1,2.9,0.0
20230512:0211,0.0,0.0,0.0,8.76,3.03,0.0
20230512:0311,0.0,0.0,0.0,8.73,3.17,0.0
20230512:0411,0.0,0.0,0.0,8.73,3.24,0.0
20230512:0511,45.72,30.61,6.76,8.94,4.28,0.0
20230512:0611,195.06,93.62,15.34,9.41,4.83,0.0
20230512:0711,370.17,161.14,24.22,10.37,4.76,0.0
20230512:0811,861.27,351.8,33.04,11.06,5.03,0.0
20230512:0911,1534.26,627.12,41.3,11.82,5.24,0.0
20230512:1011,1396.77,573.47,48.32,12.77,5.17,0.0
20230512:1111,1370.64,565.88,53.13,13.59,5.1,0.0
20230512:1211,1146.54,474.11,54.64,14.43,5.17,0.0
20230512:1311,1026.51,425.36,52.43,14.97,5.31,0.0
20230512:1411,545.7,232.54,47.11,14.8,5.17,0.0
20230512:1511,795.39,331.21,39.78,14.94,5.17,0.0
20230512:1611,763.86,319.41,31.37,14.93,5.1,0.0
20230512:1711,339.0,151.96,22.51,14.26,4.76,0.0
20230512:1811,110.52,59.33,13.65,13.28,4.48,0.0
20230512:1911,0.51,6.12,5.17,12.01,3.93,0.0
20230512:2011,0.0,0.0,0.0,10.51,3.52,0.0
20230512:2111,0.0,0.0,0.0,9.37,3.31,0.0
20230512:2211,0.0,0.0,0.0,8.47,2.97,0.0
20230512:2311,0.0,0.0,0.0,7.8,2.62,0.0
20230513:0011,0.0,0.0,0.0,7.28,2.48,0.0
20230513:0111,0.0,0.0,0.0,6.76,2.28,0.0
20230513:0211,0.0,0.0,0.0,6.42,2.0,0.0
20230513:0311,0.0,0.0,0.0,6.07,1.79,0.0
20230513:0411,0.0,0.0,0.0,6.11,1.66,0.0
20230513:0511,52.23,33.23,6.96,6.14,1.59,0.0
20230513:0611,220.17,130.31,15.53,7.1,1.59,0.0
20230513:0711,776.76,334.16,24.42,8.04,1.66,0.0
20230513:0811,1326.0,551.23,33.24,9.35,1.59,0.0
20230513:0911,1832.37,783.53,41.51,10.77,1.86,0.0
20230513:1011,2095.62,924.94,48.55,12.2,1.93,0.0
20230513:1111,2280.66,1042.4,53.37,13.55,1.72,0.0
20230513:1211,2301.87,1071.94,54.89,14.71,1.45,0.0
20230513:1311,2179.11,1015.12,52.67,15.69,1.1,0.0
20230513:1411,1958.34,902.79,47.33,16.46,0.62,0.0
20230513:1511,1636.65,732.33,39.99,16.92,0.48,0.0
20230513:1611,1197.87,525.07,31.56,17.07,0.41,0.0
20230513:1711,636.24,296.5,22.7,16.98,0.48,0.0
20230513:1811,127.32,92.89,13.84,16.59,0.62,0.0
20230513:1911,31.32,24.48,5.37,15.94,0.34,0.0
20230513:2011,0.0,0.0,0.0,14.01,0.97,0.0
20230513:2111,0.0,0.0,0.0,11.39,1.86,0.0
20230513:2211,0.0,0.0,0.0,9.97,2.07,0.0
20230513:2311,0.0,0.0,0.0,9.01,2.07,0.0
20230514:0011,0.0,0.0,0.0,8.45,2.21,0.0
20230514:0111,0.0,0.0,0.0,8.17,2.14,0.0
20230514:0211,0.0,0.0,0.0,7.93,2.21,0.0
20230514:0311,0.0,0.0,0.0,7.69,2.21,0.0
20230514:0411,0.0,0.0,0.0,7.37,2.07,0.0
20230514:0511,67.8,40.23,7.16,7.46,1.79,0.0
20230514:0611,253.47,124.81,15.73,9.09,1.45,0.0
20230514:0711,601.32,257.28,24.61,9.68,1.31,0.0
20230514:0811,1155.69,485.04,33.43,11.95,1.31,0.0
20230514:0911,946.98,398.29,41.72,13.89,1.52,0.0
20230514:1011,1661.28,721.2,48.77,15.39,2.0,0.0
20230514:1111,1757.52,766.9,53.61,16.39,2.62,0.0
20230514:1211,2178.12,977.73,55.13,17.01,3.1,0.0
20230514:1311,661.77,283.03,52.9,17.24,3.66,0.0
20230514:1411,968.19,407.1,47.55,16.89,4.07,0.0
20230514:1511,725.28,305.25,40.19,15.71,4.41,0.0
20230514:1611,809.13,338.08,31.75,14.43,4.14,0.0
20230514:1711,263.76,121.26,22.89,13.39,3.66,0.0
20230514:1811,133.41,69.09,14.04,12.75,3.31,0.0
20230514:1911,0.0,4.37,5.57,12.41,3.24,0.0
20230514:2011,0.0,0.0,0.0,11.53,3.1,0.0
20230514:2111,0.0,0.0,0.0,11.07,3.52,0.0
20230514:2211,0.0,0.0,0.0,10.72,3.93,0.0
20230514:2311,0.0,0.0,0.0,10.12,4.07,0.0
20230515:0011,0.0,0.0,0.0,9.19,3.86,0.0
20230515:0111,0.0,0.0,0.0,8.57,3.93,0.0
20230515:0211,0.0,0.0,0.0,7.83,3.93,0.0
20230515:0311,0.0,0.0,0.0,7.3,3.79,0.0
20230515:0411,0.0,0.0,0.0,6.93,3.59,0.0
20230515:0511,56.01,34.98,7.35,6.88,3.59,0.0
20230515:0611,224.73,133.45,15.91,7.81,3.52,0.0
20230515:0711,810.99,345.63,24.8,8.89,4.69,0.0
20230515:0811,1270.29,514.62,33.62,9.87,4.97,0.0
20230515:0911,1247.01,505.5,41.92,10.8,5.1,0.0
20230515:1011,1793.31,739.42,48.99,11.59,5.52,0.0
20230515:1111,1766.28,731.3,53.84,12.19,5.52,0.0
20230515:1211,2045.61,859.34,55.37,12.39,5.52,0.0
20230515:1311,1728.45,715.3,53.13,12.64,5.66,0.0
20230515:1411,1314.63,537.62,47.76,12.62,5.52,0.0
20230515:1511,1471.35,602.91,40.38,12.73,5.38,0.0
20230515:1611,1138.53,466.6,31.94,12.33,5.45,0.0
20230515:1711,660.12,292.3,23.07,11.91,5.03,0.0
20230515:1811,152.31,98.08,14.22,11.46,4.48,0.0
20230515:1911,39.66,27.98,5.77,10.67,4.28,0.0
20230515:2011,0.0,0.0,0.0,9.55,3.72,0.0
20230515:2111,0.0,0.0,0.0,8.63,3.31,0.0
20230515:2211,0.0,0.0,0.0,8.02,3.03,0.0
20230515:2311,0.0,0.0,0.0,7.58,2.9,0.0
20230516:0011,0.0,0.0,0.0,7.14,2.69,0.0
20230516:0111,0.0,0.0,0.0,6.65,2.48,0.0
20230516:0211,0.0,0.0,0.0,6.27,2.41,0.0
20230516:0311,0.0,0.0,0.0,6.02,2.41,0.0
20230516:0411,0.0,0.0,0.0,5.85,2.41,0.0
20230516:0511,74.49,42.85,7.54,6.01,2.28,0.0
20230516:0611,262.68,133.75,16.09,7.71,2.14,0.0
20230516:0711,523.62,221.9,24.97,9.53,3.86,0.0
20230516:0811,879.6,358.29,33.81,10.98,5.59,0.0
20230516:0911,937.68,381.84,42.11,11.61,5.66,0.0
20230516:1011,621.87,258.88,49.19,11.83,5.72,0.0
20230516:1111,520.65,219.72,54.06,11.93,5.59,0.0
20230516:1211,1207.41,493.3,55.6,12.23,5.59,0.0
20230516:1311,1070.73,438.28,53.35,12.66,5.59,0.0
20230516:1411,982.62,402.08,47.97,12.8,5.86,0.0
20230516:1511,1213.44,493.33,40.58,12.64,6.21,0.0
20230516:1611,916.77,375.99,32.13,12.75,6.21,0.0
20230516:1711,526.02,228.34,23.25,12.64,5.93,0.0
20230516:1811,203.13,104.7,14.41,12.01,5.38,0.0
20230516:1911,47.04,31.48,5.96,11.3,4.14,0.0
20230516:2011,0.0,0.0,0.0,10.24,3.72,0.0
20230516:2111,0.0,0.0,0.0,9.54,3.24,0.0
20230516:2211,0.0,0.0,0.0,8.97,2.76,0.0
20230516:2311,0.0,0.0,0.0,8.42,2.55,0.0
20230517:0011,0.0,0.0,0.0,8.09,2.34,0.0
20230517:0111,0.0,0.0,0.0,7.92,2.21,0.0
20230517:0211,0.0,0.0,0.0,7.69,2.07,0.0
20230517:0311,0.0,0.0,0.0,7.33,2.0,0.0
20230517:0411,0.0,0.0,0.0,7.17,1.79,0.0
20230517:0511,61.83,37.6,7.72,7.2,1.52,0.0
20230517:0611,258.66,123.25,16.27,8.71,1.72,0.0
20230517:0711,519.21,221.66,25.15,10.43,2.83,0.0
20230517:0811,1118.16,462.05,33.98,11.41,2.69,0.0
20230517:0911,1517.76,635.07,42.3,12.54,2.9,0.0
20230517:1011,1766.61,753.97,49.4,13.66,3.03,0.0
20230517:1111,1069.44,447.08,54.28,14.19,3.03,0.0
20230517:1211,643.68,272.48,55.83,14.24,3.17,0.0
20230517:1311,634.56,268.22,53.57,14.07,3.52,0.0
20230517:1411,1079.34,448.97,48.17,14.22,3.59,0.0
20230517:1511,819.33,342.18,40.77,14.42,3.59,0.0
20230517:1611,825.66,345.85,32.31,14.45,3.45,0.0
20230517:1711,407.16,179.96,23.43,13.83,2.97,0.0
20230517:1811,119.19,63.04,14.59,13.33,2.28,0.0
20230517:1911,23.22,20.11,6.15,12.84,1.31,0.0
20230517:2011,0.0,0.0,0.0,11.95,0.76,0.0
20230517:2111,0.0,0.0,0.0,11.65,0.62,0.0
20230517:2211,0.0,0.0,0.0,10.37,0.97,0.0
20230517:2311,0.0,0.0,0.0,9.81,1.03,0.0
20230518:0011,0.0,0.0,0.0,9.82,0.97,0.0
20230518:0111,0.0,0.0,0.0,9.55,1.03,0.0
20230518:0211,0.0,0.0,0.0,9.29,1.17,0.0
20230518:0311,0.0,0.0,0.0,8.99,1.38,0.0
20230518:0411,0.0,0.0,0.0,8.84,1.52,0.0
20230518:0511,2.73,7.87,7.9,8.86,1.52,0.0
20230518:0611,246.99,117.68,16.44,10.32,0.97,0.0
20230518:0711,622.56,270.23,25.32,12.6,1.1,0.0
20230518:0811,1273.92,540.66,34.15,13.91,1.59,0.0
20230518:0911,1109.1,468.1,42.48,14.87,1.86,0.0
20230518:1011,1187.49,504.32,49.59,15.86,2.14,0.0
20230518:1111,1482.39,637.76,54.5,16.78,2.62,0.0
20230518:1211,961.26,407.84,56.05,17.37,3.17,0.0
20230518:1311,558.42,241.44,53.79,17.11,3.17,0.0
20230518:1411,733.95,312.02,48.37,16.42,2.9,0.0
20230518:1511,857.79,362.8,40.95,16.44,2.69,0.0
20230518:1611,605.88,259.55,32.49,16.06,2.83,0.0
20230518:1711,449.28,199.29,23.61,15.49,2.97,0.0
20230518:1811,172.32,103.97,14.77,14.6,2.76,0.0
20230518:1911,46.38,31.48,6.34,13.76,2.21,0.0
20230518:2011,0.0,0.0,0.0,12.63,1.52,0.0
20230518:2111,0.0,0.0,0.0,11.74,1.17,0.0
20230518:2211,0.0,0.0,0.0,10.86,1.1,0.0
20230518:2311,0.0,0.0,0.0,10.06,1.24,0.0
20230519:0011,0.0,0.0,0.0,9.09,1.31,0.0
20230519:0111,0.0,0.0,0.0,8.89,1.17,0.0
20230519:0211,0.0,0.0,0.0,9.04,0.97,0.0
20230519:0311,0.0,0.0,0.0,8.75,0.97,0.0
20230519:0411,0.0,0.0,0.0,9.5,0.62,0.0
20230519:0511,23.7,20.11,8.07,9.41,0.76,0.0
20230519:0611,22.44,19.47,16.6,9.55,0.83,0.0
20230519:0711,145.17,73.24,25.48,11.41,1.66,0.0
20230519:0811,328.41,146.48,34.32,12.6,2.14,0.0
20230519:0911,574.44,244.72,42.65,13.4,1.93,0.0
20230519:1011,836.94,350.88,49.78,14.07,2.69,0.0
20230519:1111,1101.3,461.69,54.7,14.53,2.9,0.0
20230519:1211,674.4,285.35,56.27,14.3,2.76,0.0
20230519:1311,1074.72,451.22,54.0,15.2,3.1,0.0
20230519:1411,466.71,202.11,48.57,14.46,3.1,0.0
20230519:1511,1133.31,472.3,41.14,14.63,3.38,0.0
20230519:1611,263.4,121.45,32.66,14.36,3.66,0.0
20230519:1711,419.91,185.79,23.79,14.69,3.31,0.0
20230519:1811,136.68,70.71,14.95,14.35,2.9,0.0
20230519:1911,53.94,34.98,6.52,13.78,1.79,0.0
20230519:2011,0.0,0.0,0.0,12.89,1.72,0.0
20230519:2111,0.0,0.0,0.0,12.13,1.79,0.0
20230519:2211,0.0,0.0,0.0,11.31,1.93,0.0
20230519:2311,0.0,0.0,0.0,10.57,2.07,0.0
20230520:0011,0.0,0.0,0.0,9.88,2.07,0.0
20230520:0111,0.0,0.0,0.0,8.92,2.14,0.0
20230520:0211,0.0,0.0,0.0,8.11,2.0,0.0
20230520:0311,0.0,0.0,0.0,7.3,1.79,0.0
20230520:0411,0.0,0.0,0.0,6.84,1.86,0.0
20230520:0511,68.01,40.23,8.23,6.9,1.86,0.0
20230520:0611,242.34,138.66,16.76,7.57,1.93,0.0
20230520:0711,805.59,347.51,25.63,9.27,2.0,0.0
20230520:0811,1386.39,578.51,34.48,11.07,2.28,0.0
20230520:0911,1843.41,791.06,42.82,13.06,2.48,0.0
20230520:1011,2085.09,916.11,49.97,14.51,2.83,0.0
20230520:1111,2246.76,1006.13,54.91,15.61,3.03,0.0
20230520:1211,2330.16,1059.32,56.48,16.44,2.97,0.0
20230520:1311,2200.62,992.49,54.2,17.09,2.9,0.0
20230520:1411,1961.01,867.88,48.76,17.51,2.83,0.0
20230520:1511,1625.49,703.28,41.32,17.71,2.76,0.0
20230520:1611,1230.75,527.01,32.84,17.51,2.83,0.0
20230520:1711,670.56,307.11,23.96,17.05,2.97,0.0
20230520:1811,151.71,103.52,15.12,16.37,2.97,0.0
20230520:1911,47.88,32.35,6.7,15.29,2.76,0.0
20230520:2011,0.0,0.0,0.0,13.35,2.69,0.0
20230520:2111,0.0,0.0,0.0,11.64,2.62,0.0
20230520:2211,0.0,0.0,0.0,10.38,2.28,0.0
20230520:2311,0.0,0.0,0.0,9.19,2.07,0.0
20230521:0011,0.0,0.0,0.0,8.09,1.93,0.0
20230521:0111,0.0,0.0,0.0,7.29,1.79,0.0
20230521:0211,0.0,0.0,0.0,6.78,1.72,0.0
20230521:0311,0.0,0.0,0.0,6.29,1.72,0.0
20230521:0411,0.0,0.0,0.0,5.79,1.79,0.0
20230521:0511,68.34,40.23,8.39,5.92,1.45,0.0
20230521:0611,281.85,136.5,16.91,8.32,0.9,0.0
20230521:0711,723.72,314.74,25.78,11.77,0.9,0.0
20230521:0811,1312.32,563.14,34.63,13.61,0.76,0.0
20230521:0911,1738.68,764.81,42.98,14.83,1.17,0.0
20230521:1011,2016.24,909.44,50.15,16.03,1.66,0.0
20230521:1111,2201.43,1011.19,55.1,17.06,2.07,0.0
20230521:1211,2271.66,1051.14,56.69,17.96,2.34,0.0
20230521:1311,2178.27,997.49,54.4,18.5,2.48,0.0
20230521:1411,2002.14,899.25,48.94,18.87,2.62,0.0
20230521:1511,1669.11,729.08,41.49,19.01,2.76,0.0
20230521:1611,1223.67,527.53,33.01,18.89,2.83,0.0
20230521:1711,664.83,306.2,24.12,18.52,2.83,0.0
20230521:1811,159.69,105.72,15.29,17.81,2.48,0.0
20230521:1911,55.02,35.85,6.87,16.69,2.28,0.0
20230521:2011,0.0,0.0,0.0,14.58,2.55,0.0
20230521:2111,0.0,0.0,0.0,12.7,2.48,0.0
20230521:2211,0.0,0.0,0.0,11.29,2.34,0.0
20230521:2311,0.0,0.0,0.0,10.06,2.21,0.0
20230522:0011,0.0,0.0,0.0,8.98,2.14,0.0
20230522:0111,0.0,0.0,0.0,7.98,2.07,0.0
20230522:0211,0.0,0.0,0.0,7.02,1.93,0.0
20230522:0311,0.0,0.0,0.0,6.13,1.86,0.0
20230522:0411,0.0,0.0,0.0,5.4,1.79,0.0
20230522:0511,74.55,42.85,8.55,5.74,1.59,0.0
20230522:0611,240.81,140.69,17.06,9.16,1.17,0.0
20230522:0711,797.19,350.28,25.93,12.66,1.59,0.0
20230522:0811,1338.69,566.69,34.78,14.54,2.41,0.0
20230522:0911,1764.39,759.28,43.14,15.9,3.03,0.0
20230522:1011,2017.83,885.87,50.32,16.93,3.45,0.0
20230522:1111,1568.25,673.34,55.29,17.59,3.66,0.0
20230522:1211,1514.07,650.04,56.89,18.45,3.93,0.0
20230522:1311,1968.06,863.52,54.6,18.41,4.07,0.0
20230522:1411,967.05,406.6,49.13,17.54,4.83,0.0
20230522:1511,1059.0,440.68,41.67,16.51,5.38,0.0
20230522:1611,521.91,224.46,33.17,16.16,5.17,0.0
20230522:1711,445.83,196.91,24.29,16.1,4.76,0.0
20230522:1811,217.56,108.83,15.46,15.94,4.0,0.0
20230522:1911,16.47,16.61,7.05,14.95,2.69,0.0
20230522:2011,0.0,0.0,0.0,13.88,1.72,0.0
20230522:2111,0.0,0.0,0.0,12.69,1.38,0.0
20230522:2211,0.0,0.0,0.0,12.02,1.72,0.0
20230522:2311,0.0,0.0,0.0,11.33,1.72,0.0
20230523:0011,0.0,0.0,0.0,11.1,1.45,0.0
20230523:0111,0.0,0.0,0.0,10.85,1.03,0.0
20230523:0211,0.0,0.0,0.0,10.65,0.69,0.0
20230523:0311,0.0,0.0,0.0,10.79,0.48,0.0
20230523:0411,0.0,0.0,0.0,10.54,0.55,0.0
20230523:0511,10.71,13.12,8.69,10.53,0.48,0.0
20230523:0611,159.21,79.2,17.2,11.27,0.41,0.0
20230523:0711,367.86,162.63,26.07,11.78,0.48,0.0
20230523:0811,846.63,356.39,34.92,12.67,0.9,0.0
20230523:0911,990.81,416.04,43.29,13.34,1.45,0.0
20230523:1011,1243.02,522.98,50.48,13.65,2.14,0.0
20230523:1111,1447.38,614.07,55.48,14.41,2.62,0.0
20230523:1211,1743.63,749.51,57.08,15.19,3.24,0.0
20230523:1311,1902.9,820.59,54.79,15.14,3.66,0.0
20230523:1411,1833.63,784.62,49.31,15.76,4.0,0.0
20230523:1511,1377.48,576.33,41.83,15.76,4.21,0.0
20230523:1611,1181.01,493.36,33.33,15.18,4.41,0.0
20230523:1711,500.58,218.73,24.45,14.38,4.62,0.0
20230523:1811,186.42,91.36,15.62,13.33,4.48,0.0
20230523:1911,54.39,34.98,7.22,12.41,3.31,0.0
20230523:2011,0.0,0.0,0.0,11.19,3.03,0.0
20230523:2111,0.0,0.0,0.0,10.16,3.17,0.0
20230523:2211,0.0,0.0,0.0,9.65,3.03,0.0
20230523:2311,0.0,0.0,0.0,9.44,2.9,0.0
20230524:0011,0.0,0.0,0.0,9.3,2.76,0.0
20230524:0111,0.0,0.0,0.0,8.7,2.55,0.0
20230524:0211,0.0,0.0,0.0,8.44,2.41,0.0
20230524:0311,0.0,0.0,0.0,8.34,2.34,0.0
20230524:0411,0.0,0.0,0.0,8.08,2.41,0.0
20230524:0511,73.53,42.85,8.83,8.57,2.55,0.0
20230524:0611,284.07,134.83,17.34,9.81,3.24,0.0
20230524:0711,786.45,336.53,26.2,10.91,4.41,0.0
20230524:0811,1375.92,565.51,35.05,11.97,4.55,0.0
20230524:0911,1807.5,754.09,43.43,12.77,4.48,0.0
20230524:1011,2123.58,906.99,50.64,13.39,4.48,0.0
20230524:1111,1391.73,577.74,55.65,13.73,4.55,0.0
20230524:1211,2346.78,1022.91,57.27,14.04,4.62,0.0
20230524:1311,2281.11,988.42,54.98,14.37,4.76,0.0
20230524:1411,2076.99,886.74,49.48,14.4,4.69,0.0
20230524:1511,1720.38,720.13,42.0,14.31,4.55,0.0
20230524:1611,1269.39,528.36,33.49,14.17,4.48,0.0
20230524:1711,690.51,308.71,24.61,14.0,4.34,0.0
20230524:1811,169.86,109.38,15.78,13.91,4.0,0.0
20230524:1911,59.76,37.6,7.38,13.91,3.45,0.0
20230524:2011,0.0,0.0,0.0,12.4,3.45,0.0
20230524:2111,0.0,0.0,0.0,11.53,2.97,0.0
20230524:2211,0.0,0.0,0.0,11.09,2.41,0.0
20230524:2311,0.0,0.0,0.0,10.69,1.86,0.0
20230525:0011,0.0,0.0,0.0,10.02,1.31,0.0
20230525:0111,0.0,0.0,0.0,10.34,0.9,0.0
20230525:0211,0.0,0.0,0.0,10.61,0.69,0.0
20230525:0311,0.0,0.0,0.0,10.79,0.62,0.0
20230525:0411,0.0,0.0,0.0,10.88,0.55,0.0
20230525:0511,92.79,51.59,8.97,11.12,0.34,0.0
20230525:0611,251.97,141.83,17.46,11.88,0.34,0.0
20230525:0711,777.57,345.65,26.33,13.72,0.55,0.0
20230525:0811,1197.69,514.45,35.18,14.97,0.76,0.0
20230525:0911,1201.29,516.65,43.57,16.0,0.9,0.0
20230525:1011,1025.19,439.97,50.79,16.96,1.24,0.0
20230525:1111,340.38,154.83,55.82,17.63,1.38,0.0
20230525:1211,261.75,123.31,57.45,18.2,1.24,0.0
20230525:1311,208.95,101.98,55.16,18.65,0.97,0.0
20230525:1411,199.95,98.27,49.65,18.62,0.9,0.0
20230525:1511,252.36,119.6,42.16,18.42,1.24,0.0
20230525:1611,194.16,95.49,33.65,17.97,1.72,0.0
20230525:1711,136.83,71.39,24.76,17.02,2.34,0.0
20230525:1811,151.11,77.21,15.94,16.1,2.48,0.0
20230525:1911,61.2,38.48,7.54,15.23,1.72,0.0
20230525:2011,0.0,0.0,0.0,14.44,1.24,0.0
20230525:2111,0.0,0.0,0.0,13.48,1.03,0.0
20230525:2211,0.0,0.0,0.0,12.64,0.9,0.0
20230525:2311,0.0,0.0,0.0,11.74,0.69,0.0
20230526:0011,0.0,0.0,0.0,11.84,0.55,0.0
20230526:0111,0.0,0.0,0.0,10.78,1.17,0.0
20230526:0211,0.0,0.0,0.0,10.31,1.45,0.0
20230526:0311,0.0,0.0,0.0,9.59,1.66,0.0
20230526:0411,0.0,0.0,0.0,9.38,1.59,0.0
20230526:0511,81.15,46.35,9.1,9.78,1.45,0.0
20230526:0611,248.97,142.51,17.59,11.15,1.45,0.0
20230526:0711,788.07,344.99,26.45,12.71,2.0,0.0
20230526:0811,1334.7,563.48,35.31,13.54,2.14,0.0
20230526:0911,1718.13,741.11,43.7,14.26,2.0,0.0
20230526:1011,2001.0,891.78,50.94,15.11,1.86,0.0
20230526:1111,2139.9,978.02,55.99,15.51,1.59,0.0
20230526:1211,2012.94,915.41,57.63,15.77,1.38,0.0
20230526:1311,1708.08,762.09,55.33,16.53,1.1,0.0
20230526:1411,828.75,355.96,49.82,16.8,0.97,0.0
20230526:1511,924.36,398.69,42.32,17.4,0.62,0.0
20230526:1611,544.17,238.95,33.8,17.81,0.48,0.0
20230526:1711,376.41,171.18,24.91,17.84,0.48,0.0
20230526:1811,192.87,96.51,16.09,17.78,0.62,0.0
20230526:1911,64.14,40.23,7.7,17.79,0.48,0.0
20230526:2011,0.0,0.0,0.0,16.43,0.9,0.0
20230526:2111,0.0,0.0,0.0,14.07,1.86,0.0
20230526:2211,0.0,0.0,0.0,13.09,2.28,0.0
20230526:2311,0.0,0.0,0.0,11.99,2.55,0.0
20230527:0011,0.0,0.0,0.0,11.05,2.41,0.0
20230527:0111,0.0,0.0,0.0,10.08,2.28,0.0
20230527:0211,0.0,0.0,0.0,9.31,2.21,0.0
20230527:0311,0.0,0.0,0.0,8.73,2.14,0.0
20230527:0411,0.0,0.0,0.0,8.18,2.07,0.0
20230527:0511,73.65,42.85,9.22,8.16,1.79,0.0
20230527:0611,252.99,143.82,17.7,9.65,1.79,0.0
20230527:0711,808.32,352.32,26.56,11.93,2.28,0.0
20230527:0811,1361.73,573.19,35.42,13.4,2.48,0.0
20230527:0911,1768.05,763.89,43.83,14.85,2.34,0.0
20230527:1011,2035.5,912.46,51.08,16.25,2.07,0.0
20230527:1111,2174.25,1002.3,56.15,17.37,1.86,0.0
20230527:1211,2206.29,1031.31,57.8,18.29,1.72,0.0
20230527:1311,2131.08,990.16,55.5,19.13,1.79,0.0
20230527:1411,1961.76,889.71,49.98,19.62,2.14,0.0
20230527:1511,1657.47,726.83,42.47,19.74,2.69,0.0
20230527:1611,1210.68,520.9,33.95,19.7,3.45,0.0
20230527:1711,667.26,303.8,25.06,18.6,3.79,0.0
20230527:1811,208.08,118.6,16.24,17.51,3.31,0.0
20230527:1911,57.03,36.73,7.85,16.39,2.83,0.0
20230527:2011,0.0,0.0,0.0,14.84,2.55,0.0
20230527:2111,0.0,0.0,0.0,13.43,2.55,0.0
20230527:2211,0.0,0.0,0.0,12.62,2.48,0.0
20230527:2311,0.0,0.0,0.0,12.09,2.41,0.0
20230528:0011,0.0,0.0,0.0,11.7,2.21,0.0
20230528:0111,0.0,0.0,0.0,11.26,2.07,0.0
20230528:0211,0.0,0.0,0.0,10.66,2.0,0.0
20230528:0311,0.0,0.0,0.0,10.14,1.93,0.0
20230528:0411,0.0,0.87,1.58,9.58,1.79,0.0
20230528:0511,61.02,37.6,9.34,9.68,1.52,0.0
20230528:0611,288.51,137.5,17.82,11.8,1.59,0.0
20230528:0711,499.74,216.68,26.67,13.45,2.07,0.0
20230528:0811,946.98,397.83,35.53,14.4,2.28,0.0
20230528:0911,1287.48,544.0,43.95,15.45,2.62,0.0
20230528:1011,1301.07,552.9,51.21,16.44,2.83,0.0
20230528:1111,1276.44,543.39,56.3,16.65,2.83,0.0
20230528:1211,1363.92,581.44,57.96,16.85,3.17,0.0
20230528:1311,1849.86,802.76,55.66,16.95,3.72,0.0
20230528:1411,1316.46,556.05,50.14,17.12,4.0,0.0
20230528:1511,1579.38,666.95,42.62,16.67,4.41,0.0
20230528:1611,1250.85,523.84,34.09,16.07,4.9,0.0
20230528:1711,697.56,311.03,25.2,14.75,5.03,0.0
20230528:1811,180.39,114.09,16.39,13.67,5.17,0.0
20230528:1911,67.71,41.1,8.0,13.78,4.76,0.0
20230528:2011,0.0,0.0,0.0,12.72,4.55,0.0
20230528:2111,0.0,0.0,0.0,11.67,4.14,0.0
20230528:2211,0.0,0.0,0.0,10.56,3.93,0.0
20230528:2311,0.0,0.0,0.0,9.8,3.45,0.0
20230529:0011,0.0,0.0,0.0,9.2,2.83,0.0
20230529:0111,0.0,0.0,0.0,7.9,2.21,0.0
20230529:0211,0.0,0.0,0.0,7.22,1.86,0.0
20230529:0311,0.0,0.0,0.0,6.6,1.72,0.0
20230529:0411,0.0,1.75,1.7,5.76,1.72,0.0
20230529:0511,74.49,42.85,9.45,5.93,1.66,0.0
20230529:0611,261.63,147.21,17.92,8.24,1.86,0.0
20230529:0711,789.51,335.77,26.77,9.65,3.66,0.0
20230529:0811,1280.73,525.06,35.64,10.64,3.72,0.0
20230529:0911,1774.41,739.56,44.06,11.68,3.93,0.0
20230529:1011,2075.55,886.73,51.34,12.74,4.0,0.0
20230529:1111,2233.44,972.25,56.44,13.84,4.07,0.0
20230529:1211,2213.79,969.53,58.12,14.75,4.0,0.0
20230529:1311,1998.48,866.54,55.82,15.4,3.86,0.0
20230529:1411,1783.02,765.32,50.29,15.92,3.66,0.0
20230529:1511,1450.02,613.53,42.76,16.29,3.52,0.0
20230529:1611,1274.55,540.44,34.23,16.43,3.45,0.0
20230529:1711,699.57,315.45,25.34,16.23,3.52,0.0
20230529:1811,196.05,118.87,16.53,15.65,3.45,0.0
20230529:1911,61.38,38.48,8.15,14.9,3.17,0.0
20230529:2011,0.0,0.0,0.0,13.14,3.24,0.0
20230529:2111,0.0,0.0,0.0,11.39,3.17,0.0
20230529:2211,0.0,0.0,0.0,10.05,2.76,0.0
20230529:2311,0.0,0.0,0.0,8.95,2.34,0.0
20230530:0011,0.0,0.0,0.0,8.07,2.07,0.0
20230530:0111,0.0,0.0,0.0,7.16,1.86,0.0
20230530:0211,0.0,0.0,0.0,6.4,1.79,0.0
20230530:0311,0.0,0.0,0.0,5.75,1.93,0.0
20230530:0411,0.0,0.87,1.81,5.46,2.14,0.0
20230530:0511,74.4,42.85,9.55,6.23,2.07,0.0
20230530:0611,288.87,149.09,18.02,8.63,2.07,0.0
20230530:0711,799.89,342.47,26.87,10.24,3.24,0.0
20230530:0811,1334.73,548.98,35.74,11.76,4.21,0.0
20230530:0911,1519.08,629.01,44.16,12.69,4.21,0.0
20230530:1011,1533.21,641.27,51.46,13.72,4.0,0.0
20230530:1111,1815.84,775.72,56.58,14.75,3.93,0.0
20230530:1211,1508.82,640.34,58.27,15.94,3.79,0.0
20230530:1311,1159.95,489.2,55.98,16.73,3.79,0.0
20230530:1411,1803.36,777.9,50.43,17.21,3.93,0.0
20230530:1511,1706.55,728.96,42.9,17.28,4.07,0.0
20230530:1611,1262.04,533.74,34.37,17.01,4.14,0.0
20230530:1711,714.96,322.19,25.48,16.39,4.21,0.0
20230530:1811,180.75,117.39,16.66,15.41,4.14,0.0
20230530:1911,63.51,39.35,8.29,14.37,3.72,0.0
20230530:2011,0.0,0.0,0.0,12.83,3.72,0.0
20230530:2111,0.0,0.0,0.0,11.21,3.31,0.0
20230530:2211,0.0,0.0,0.0,10.15,3.03,0.0
20230530:2311,0.0,0.0,0.0,9.5,2.9,0.0
20230531:0011,0.0,0.0,0.0,8.91,2.76,0.0
20230531:0111,0.0,0.0,0.0,8.81,2.69,0.0
20230531:0211,0.0,0.0,0.0,8.53,2.62,0.0
20230531:0311,0.0,0.0,0.0,8.22,2.62,0.0
20230531:0411,0.0,0.87,1.92,8.36,2.62,0.0
20230531:0511,34.47,25.36,9.65,8.85,2.76,0.0
20230531:0611,182.07,87.53,18.11,9.9,3.79,0.0
20230531:0711,320.94,141.65,26.96,10.28,4.41,0.0
20230531:0811,483.33,204.62,35.83,10.79,4.41,0.0
20230531:0911,521.34,220.22,44.27,11.63,4.34,0.0
20230531:1011,391.89,170.59,51.58,12.48,4.28,0.0
20230531:1111,750.33,313.2,56.71,13.63,4.34,0.0
20230531:1211,1006.89,419.15,58.42,14.59,4.28,0.0
20230531:1311,1303.86,546.51,56.13,15.53,4.21,0.0
20230531:1411,1756.17,749.64,50.58,16.38,4.28,0.0
20230531:1511,1716.15,729.94,43.04,16.39,4.07,0.0
20230531:1611,1288.5,543.45,34.5,16.33,4.14,0.0
20230531:1711,721.71,324.53,25.61,15.92,4.14,0.0
20230531:1811,181.53,118.19,16.8,15.08,4.14,0.0
20230531:1911,65.88,40.23,8.43,13.23,3.59,0.0
20230531:2011,0.0,0.0,0.0,11.72,3.52,0.0
20230531:2111,0.0,0.0,0.0,10.3,3.24,0.0
20230531:2211,0.0,0.0,0.0,9.24,3.1,0.0
20230531:2311,0.0,0.0,0.0,8.59,3.03,0.0
20230601:0011,0.0,0.0,0.0,8.03,2.76,0.0
20230601:0111,0.0,0.0,0.0,7.87,2.48,0.0
20230601:0211,0.0,0.0,0.0,7.9,2.28,0.0
20230601:0311,0.0,0.0,0.0,7.81,2.21,0.0
20230601:0411,0.0,0.87,2.02,7.77,2.07,0.0
20230601:0511,49.71,32.35,9.74,8.23,2.14,0.0
20230601:0611,242.4,111.93,18.2,9.15,3.45,0.0
20230601:0711,647.34,273.14,27.05,9.97,3.38,0.0
20230601:0811,1227.36,504.74,35.92,10.96,3.38,0.0
20230601:0911,1699.23,711.43,44.36,12.28,3.52,0.0
20230601:1011,2113.2,912.71,51.68,13.43,3.66,0.0
20230601:1111,1987.77,859.7,56.84,14.82,3.79,0.0
20230601:1211,1260.96,530.06,58.56,15.79,3.93,0.0
20230601:1311,1042.38,437.66,56.27,16.26,4.07,0.0
20230601:1411,587.55,251.87,50.71,16.61,4.14,0.0
20230601:1511,937.32,392.83,43.17,16.42,4.28,0.0
20230601:1611,1150.62,482.66,34.63,16.0,4.28,0.0
20230601:1711,569.34,248.12,25.74,15.17,4.34,0.0
20230601:1811,223.62,107.26,16.93,14.22,4.28,0.0
20230601:1911,60.24,37.6,8.56,12.49,4.07,0.0
20230601:2011,0.0,0.0,0.0,11.34,3.79,0.0
20230601:2111,0.0,0.0,0.0,10.25,3.52,0.0
20230601:2211,0.0,0.0,0.0,9.69,3.24,0.0
20230601:2311,0.0,0.0,0.0,9.09,2.9,0.0
20230602:0011,0.0,0.0,0.0,8.64,2.69,0.0
20230602:0111,0.0,0.0,0.0,8.16,2.62,0.0
20230602:0211,0.0,0.0,0.0,8.03,2.48,0.0
20230602:0311,0.0,0.0,0.0,7.71,2.41,0.0
20230602:0411,0.0,0.87,2.11,7.64,2.34,0.0
20230602:0511,63.63,38.48,9.83,7.93,2.0,0.0
20230602:0611,301.35,139.4,18.28,8.73,3.79,0.0
20230602:0711,775.53,328.62,27.12,9.49,3.66,0.0
20230602:0811,1417.02,583.25,36.0,10.59,3.66,0.0
20230602:0911,1855.26,779.22,44.45,11.96,3.72,0.0
20230602:1011,2162.97,935.75,51.78,13.46,3.79,0.0
20230602:1111,2322.18,1027.55,56.96,14.79,3.79,0.0
20230602:1211,2351.04,1050.58,58.69,15.89,3.79,0.0
20230602:1311,2271.93,1010.75,56.4,16.63,3.86,0.0
20230602:1411,2076.72,910.1,50.85,17.04,3.86,0.0
20230602:1511,1753.35,751.27,43.3,17.14,3.93,0.0
20230602:1611,1293.84,547.57,34.76,16.91,4.07,0.0
20230602:1711,731.4,329.12,25.86,16.36,4.14,0.0
20230602:1811,186.81,120.97,17.05,15.46,3.93,0.0
20230602:1911,63.45,39.35,8.69,14.51,3.45,0.0
20230602:2011,0.0,0.0,0.0,12.71,3.17,0.0
20230602:2111,0.0,0.0,0.0,10.96,3.1,0.0
20230602:2211,0.0,0.0,0.0,9.65,2.97,0.0
20230602:2311,0.0,0.0,0.0,8.68,2.76,0.0
20230603:0011,0.0,0.0,0.0,7.92,2.34,0.0
20230603:0111,0.0,0.0,0.0,7.36,2.0,0.0
20230603:0211,0.0,0.0,0.0,6.81,1.79,0.0
20230603:0311,0.0,0.0,0.0,6.47,1.59,0.0
20230603:0411,0.0,2.62,2.2,5.82,1.59,0.0
20230603:0511,78.48,44.6,9.91,6.23,1.24,0.0
20230603:0611,254.22,148.82,18.36,8.44,1.38,0.0
20230603:0711,835.44,361.41,27.2,9.9,2.07,0.0
20230603:0811,1384.14,580.06,36.07,11.44,2.07,0.0
20230603:0911,1805.67,775.61,44.53,13.08,2.28,0.0
20230603:1011,2104.98,930.76,51.88,14.67,2.62,0.0
20230603:1111,2268.66,1022.45,57.07,16.1,2.97,0.0
20230603:1211,2297.91,1040.25,58.82,17.13,3.24,0.0
20230603:1311,2211.36,994.13,56.54,17.84,3.38,0.0
20230603:1411,2030.85,901.55,50.98,18.25,3.24,0.0
20230603:1511,1712.67,744.59,43.42,18.46,3.1,0.0
20230603:1611,1265.19,542.97,34.88,18.39,3.1,0.0
20230603:1711,716.13,325.65,25.98,18.03,3.17,0.0
20230603:1811,188.13,122.19,17.17,17.35,3.17,0.0
20230603:1911,66.69,41.1,8.81,16.47,3.03,0.0
20230603:2011,0.0,0.0,0.0,14.57,3.24,0.0
20230603:2111,0.0,0.0,0.0,12.71,3.31,0.0
20230603:2211,0.0,0.0,0.0,11.21,2.97,0.0
20230603:2311,0.0,0.0,0.0,10.0,2.55,0.0
20230604:0011,0.0,0.0,0.0,9.04,2.34,0.0
20230604:0111,0.0,0.0,0.0,8.38,2.21,0.0
20230604:0211,0.0,0.0,0.0,7.65,2.0,0.0
20230604:0311,0.0,0.0,0.0,6.95,1.93,0.0
20230604:0411,0.0,1.75,2.28,6.3,1.93,0.0
20230604:0511,88.74,48.97,9.99,6.7,1.66,0.0
20230604:0611,259.32,149.06,18.43,9.12,1.79,0.0
20230604:0711,823.71,356.04,27.27,10.63,2.62,0.0
20230604:0811,1371.06,572.15,36.14,12.21,2.83,0.0
20230604:0911,1789.59,764.02,44.6,13.77,2.9,0.0
20230604:1011,2087.76,916.98,51.97,15.19,3.1,0.0
20230604:1111,2268.18,1018.35,57.17,16.35,3.24,0.0
20230604:1211,2305.08,1042.52,58.94,17.29,3.38,0.0
20230604:1311,2226.78,1002.89,56.66,17.92,3.38,0.0
20230604:1411,2030.91,899.0,51.1,18.3,3.45,0.0
20230604:1511,1712.64,742.43,43.54,18.55,3.38,0.0
20230604:1611,1261.29,540.52,34.99,18.48,3.31,0.0
20230604:1711,710.58,322.25,26.1,18.16,3.31,0.0
20230604:1811,209.61,126.54,17.29,17.53,3.31,0.0
20230604:1911,84.33,48.97,8.93,16.84,3.03,0.0
20230604:2011,0.0,0.0,0.0,15.06,3.1,0.0
20230604:2111,0.0,0.0,0.0,13.16,3.1,0.0
20230604:2211,0.0,0.0,0.0,11.61,2.97,0.0
20230604:2311,0.0,0.0,0.0,10.45,2.76,0.0
20230605:0011,0.0,0.0,0.0,9.56,2.48,0.0
20230605:0111,0.0,0.0,0.0,8.92,2.14,0.0
20230605:0211,0.0,0.0,0.0,8.58,1.79,0.0
20230605:0311,0.0,0.0,0.0,8.49,1.52,0.0
20230605:0411,0.0,0.87,2.36,7.76,1.38,0.0
20230605:0511,71.46,41.97,10.06,8.49,1.52,0.0
20230605:0611,253.95,117.18,18.49,9.86,2.76,0.0
20230605:0711,536.73,228.18,27.33,10.91,3.24,0.0
20230605:0811,1183.53,489.57,36.21,12.08,3.24,0.0
20230605:0911,1821.75,771.88,44.67,13.18,3.38,0.0
20230605:1011,2140.08,932.7,52.05,14.32,3.52,0.0
20230605:1111,2291.46,1018.22,57.27,15.34,3.59,0.0
20230605:1211,2336.64,1048.84,59.05,16.23,3.59,0.0
20230605:1311,2256.57,1009.13,56.78,16.93,3.59,0.0
20230605:1411,2057.55,903.94,51.22,17.37,3.72,0.0
20230605:1511,1740.24,748.13,43.65,17.6,3.79,0.0
20230605:1611,1293.75,549.33,35.1,17.42,3.93,0.0
20230605:1711,737.58,332.12,26.21,16.9,4.14,0.0
20230605:1811,188.88,124.14,17.4,16.07,4.21,0.0
20230605:1911,67.17,41.1,9.04,15.15,3.72,0.0
20230605:2011,0.0,0.0,0.0,13.53,3.59,0.0
20230605:2111,0.0,0.0,0.0,11.89,3.38,0.0
20230605:2211,0.0,0.0,0.0,10.73,3.17,0.0
20230605:2311,0.0,0.0,0.0,10.08,2.9,0.0
20230606:0011,0.0,0.0,0.0,9.42,2.55,0.0
20230606:0111,0.0,0.0,0.0,8.63,2.28,0.0
20230606:0211,0.0,0.0,0.0,8.14,2.0,0.0
20230606:0311,0.0,0.0,0.0,8.22,1.79,0.0
20230606:0411,0.0,1.75,2.43,8.04,1.72,0.0
20230606:0511,23.85,20.11,10.12,8.38,1.66,0.0
20230606:0611,135.39,68.61,18.55,9.31,2.83,0.0
20230606:0711,0.0,0.0,0.0,9.86,2.62,0.0
20230606:0811,406.2,175.33,36.26,10.66,2.76,0.0
20230606:0911,523.65,222.05,44.74,11.63,2.83,0.0
20230606:1011,656.73,275.69,52.12,12.51,2.97,0.0
20230606:1111,708.09,297.52,57.36,13.59,3.17,0.0
20230606:1211,721.17,304.07,59.16,14.59,3.31,0.0
20230606:1311,706.95,299.37,56.89,15.61,3.59,0.0
20230606:1411,1013.82,426.81,51.33,16.37,3.52,0.0
20230606:1511,763.8,323.38,43.76,16.53,3.52,0.0
20230606:1611,579.63,248.56,35.21,16.29,3.66,0.0
20230606:1711,589.62,257.55,26.32,15.77,3.72,0.0
20230606:1811,265.05,135.11,17.51,15.02,3.66,0.0
20230606:1911,75.87,44.6,9.15,13.13,3.38,0.0
20230606:2011,0.0,0.87,1.58,12.03,3.03,0.0
20230606:2111,0.0,0.0,0.0,10.98,3.03,0.0
20230606:2211,0.0,0.0,0.0,10.14,2.9,0.0
20230606:2311,0.0,0.0,0.0,9.44,2.69,0.0
20230607:0011,0.0,0.0,0.0,9.03,2.41,0.0
20230607:0111,0.0,0.0,0.0,8.84,2.14,0.0
20230607:0211,0.0,0.0,0.0,8.74,1.93,0.0
20230607:0311,0.0,0.0,0.0,8.53,1.79,0.0
20230607:0411,0.0,1.75,2.49,8.28,1.72,0.0
20230607:0511,27.33,21.86,10.18,8.53,1.66,0.0
20230607:0611,139.86,70.46,18.6,9.45,2.55,0.0
20230607:0711,346.38,151.69,27.43,10.14,3.38,0.0
20230607:0811,582.27,243.65,36.31,10.94,3.66,0.0
20230607:0911,834.75,344.12,44.79,11.69,3.79,0.0
20230607:1011,1008.45,416.21,52.19,12.55,3.86,0.0
20230607:1111,1204.02,499.99,57.45,13.64,4.0,0.0
20230607:1211,1985.07,855.08,59.26,14.41,4.0,0.0
20230607:1311,2131.62,929.39,57.0,14.95,3.93,0.0
20230607:1411,2046.66,888.98,51.44,15.42,3.72,0.0
20230607:1511,1751.31,745.26,43.87,15.73,3.86,0.0
20230607:1611,1299.12,546.54,35.32,15.59,3.93,0.0
20230607:1711,740.07,329.71,26.42,15.42,4.07,0.0
20230607:1811,212.88,129.14,17.62,14.77,4.0,0.0
20230607:1911,85.77,48.97,9.26,13.69,3.72,0.0
20230607:2011,0.0,0.87,1.68,12.34,3.66,0.0
20230607:2111,0.0,0.0,0.0,11.01,3.72,0.0
20230607:2211,0.0,0.0,0.0,9.9,3.59,0.0
20230607:2311,0.0,0.0,0.0,8.94,3.38,0.0
20230608:0011,0.0,0.0,0.0,8.54,3.31,0.0
20230608:0111,0.0,0.0,0.0,8.22,3.17,0.0
20230608:0211,0.0,0.0,0.0,8.07,3.03,0.0
20230608:0311,0.0,0.0,0.0,7.99,3.03,0.0
20230608:0411,0.0,2.62,2.55,7.97,3.1,0.0
20230608:0511,83.97,47.22,10.23,8.26,3.1,0.0
20230608:0611,276.78,151.57,18.65,8.98,4.34,0.0
20230608:0711,776.55,328.33,27.48,9.51,4.14,0.0
20230608:0811,1286.28,524.9,36.36,10.23,4.21,0.0
20230608:0911,1808.31,751.03,44.85,11.32,4.28,0.0
20230608:1011,2158.2,922.74,52.25,12.94,4.41,0.0
20230608:1111,2345.91,1025.48,57.53,14.26,4.48,0.0
20230608:1211,2378.22,1049.9,59.35,15.37,4.48,0.0
20230608:1311,2297.79,1011.57,57.1,16.28,4.55,0.0
20230608:1411,2104.2,912.61,51.54,16.78,4.69,0.0
20230608:1511,1750.92,743.31,43.97,16.95,4.76,0.0
20230608:1611,1205.91,506.07,35.41,16.8,4.97,0.0
20230608:1711,747.0,332.91,26.52,16.25,5.1,0.0
20230608:1811,237.99,134.16,17.71,15.23,5.17,0.0
20230608:1911,79.56,46.35,9.36,14.11,4.62,0.0
20230608:2011,0.0,0.87,1.78,12.41,4.69,0.0
20230608:2111,0.0,0.0,0.0,10.74,4.69,0.0
20230608:2211,0.0,0.0,0.0,9.6,4.76,0.0
20230608:2311,0.0,0.0,0.0,9.06,4.69,0.0
20230609:0011,0.0,0.0,0.0,8.63,4.48,0.0
20230609:0111,0.0,0.0,0.0,8.48,4.14,0.0
20230609:0211,0.0,0.0,0.0,8.29,3.79,0.0
20230609:0311,0.0,0.0,0.0,8.13,3.86,0.0
20230609:0411,0.0,2.62,2.6,8.21,4.07,0.0
20230609:0511,109.05,57.71,10.27,8.8,3.93,0.0
20230609:0611,283.47,150.01,18.69,9.92,4.62,0.0
20230609:0711,786.15,335.09,27.51,10.86,5.03,0.0
20230609:0811,1353.78,554.65,36.4,12.24,5.24,0.0
20230609:0911,1817.34,756.53,44.89,13.97,5.45,0.0
20230609:1011,2127.81,909.25,52.31,15.65,5.52,0.0
20230609:1111,2291.04,1000.42,57.6,17.13,5.45,0.0
20230609:1211,2336.01,1029.84,59.44,18.42,5.59,0.0
20230609:1311,2244.27,986.67,57.2,19.32,5.66,0.0
20230609:1411,2039.04,884.9,51.63,19.79,5.72,0.0
20230609:1511,1718.61,732.98,44.06,19.9,5.79,0.0
20230609:1611,1262.19,535.0,35.51,19.6,5.72,0.0
20230609:1711,717.57,322.8,26.61,19.01,5.72,0.0
20230609:1811,211.59,128.93,17.81,17.92,5.59,0.0
20230609:1911,86.76,49.84,9.45,16.13,5.1,0.0
20230609:2011,0.0,0.87,1.88,14.39,5.03,0.0
20230609:2111,0.0,0.0,0.0,12.8,4.97,0.0
20230609:2211,0.0,0.0,0.0,11.79,4.69,0.0
20230609:2311,0.0,0.0,0.0,11.2,4.41,0.0
20230610:0011,0.0,0.0,0.0,10.83,4.14,0.0
20230610:0111,0.0,0.0,0.0,11.0,4.0,0.0
20230610:0211,0.0,0.0,0.0,10.89,3.72,0.0
20230610:0311,0.0,0.0,0.0,10.89,3.66,0.0
20230610:0411,0.0,2.62,2.65,10.93,3.72,0.0
20230610:0511,107.43,57.71,10.31,11.72,3.72,0.0
20230610:0611,259.74,146.72,18.72,13.49,3.59,0.0
20230610:0711,778.5,340.83,27.55,14.99,4.21,0.0
20230610:0811,1304.25,549.81,36.43,17.07,4.34,0.0
20230610:0911,1720.86,738.92,44.93,19.02,4.48,0.0
20230610:1011,2021.94,892.99,52.36,21.05,4.69,0.0
20230610:1111,2177.58,982.4,57.66,22.77,4.83,0.0
20230610:1211,1274.49,555.29,59.52,24.34,5.03,0.0
20230610:1311,1205.04,526.64,57.29,25.54,5.24,0.0
20230610:1411,1946.82,874.85,51.72,26.24,5.31,0.0
20230610:1511,1622.97,716.86,44.15,26.62,5.38,0.0
20230610:1611,1149.9,505.2,35.6,26.19,4.9,0.0
20230610:1711,640.44,294.19,26.7,24.76,4.07,0.0
20230610:1811,249.81,125.24,17.9,24.06,3.59,0.0
20230610:1911,89.46,52.47,9.55,23.09,3.79,0.0
20230610:2011,0.0,0.87,1.97,21.52,3.72,0.0
20230610:2111,0.0,0.0,0.0,20.04,3.59,0.0
20230610:2211,0.0,0.0,0.0,18.56,3.66,0.0
20230610:2311,0.0,0.0,0.0,17.65,3.79,0.0
20230611:0011,0.0,0.0,0.0,16.77,3.66,0.0
20230611:0111,0.0,0.0,0.0,16.1,3.59,0.0
20230611:0211,0.0,0.0,0.0,15.99,3.38,0.0
20230611:0311,0.0,0.0,0.0,15.26,3.24,0.0
20230611:0411,0.0,1.75,2.69,14.84,3.03,0.0
20230611:0511,79.14,46.35,10.34,14.86,2.69,0.0
20230611:0611,276.54,147.66,18.75,16.11,2.21,0.0
20230611:0711,756.99,340.04,27.57,17.8,2.0,0.0
20230611:0811,1249.08,542.2,36.46,19.56,2.14,0.0
20230611:0911,1675.56,745.03,44.96,21.05,2.28,0.0
20230611:1011,1765.5,802.14,52.4,22.81,2.21,0.0
20230611:1111,2064.15,975.78,57.72,24.35,2.14,0.0
20230611:1211,2097.24,1005.15,59.6,25.29,2.0,0.0
20230611:1311,1353.27,612.31,57.37,26.03,2.0,0.0
20230611:1411,190.38,97.35,51.81,26.49,1.93,0.0
20230611:1511,201.03,101.98,44.24,26.55,1.52,0.0
20230611:1611,896.88,405.4,35.68,26.38,0.69,0.0
20230611:1711,651.0,308.58,26.78,25.88,0.55,0.0
20230611:1811,256.29,130.55,17.98,24.02,1.66,0.0
20230611:1911,18.69,18.36,9.63,23.23,2.21,0.0
20230611:2011,0.0,0.87,2.06,21.42,2.0,0.0
20230611:2111,0.0,0.0,0.0,19.84,1.79,0.0
20230611:2211,0.0,0.0,0.0,18.68,1.72,0.0
20230611:2311,0.0,0.0,0.0,17.75,1.52,0.0
20230612:0011,0.0,0.0,0.0,17.03,1.66,0.0
20230612:0111,0.0,0.0,0.0,16.72,1.72,0.0
20230612:0211,0.0,0.0,0.0,16.15,1.86,0.0
20230612:0311,0.0,0.0,0.0,15.66,1.86,0.0
20230612:0411,0.0,1.75,2.72,15.09,1.86,0.0
20230612:0511,103.2,56.84,10.37,15.36,1.72,0.0
20230612:0611,292.89,147.0,18.77,17.27,1.66,0.0
20230612:0711,744.06,338.83,27.59,19.79,1.38,0.0
20230612:0811,1239.57,549.25,36.48,21.59,1.24,0.0
20230612:0911,0.0,0.0,0.0,23.26,1.45,0.0
20230612:1011,1863.84,863.05,52.44,24.53,2.14,0.0
20230612:1111,2023.26,948.51,57.77,25.67,2.76,0.0
20230612:1211,2118.96,1002.89,59.66,26.53,3.03,0.0
20230612:1311,1900.35,883.39,57.45,27.15,3.17,0.0
20230612:1411,1489.86,673.63,51.89,27.42,3.17,0.0
20230612:1511,967.86,430.82,44.32,27.65,3.17,0.0
20230612:1611,1030.47,460.01,35.76,27.55,3.17,0.0
20230612:1711,145.71,77.88,26.86,26.07,3.17,0.0
20230612:1811,22.11,20.4,18.06,25.19,2.14,0.0
20230612:1911,3.39,8.74,9.71,24.44,2.21,0.0
20230612:2011,0.0,0.87,2.14,23.4,1.93,0.0
20230612:2111,0.0,0.0,0.0,21.63,2.41,0.0
20230612:2211,0.0,0.0,0.0,20.47,2.55,0.0
20230612:2311,0.0,0.0,0.0,19.51,2.69,0.0
20230613:0011,0.0,0.0,0.0,19.26,2.76,0.0
20230613:0111,0.0,0.0,0.0,18.85,2.62,0.0
20230613:0211,0.0,0.0,0.0,17.81,2.69,0.0
20230613:0311,0.0,0.0,0.0,16.8,2.83,0.0
20230613:0411,0.0,1.75,2.75,16.29,2.76,0.0
20230613:0511,96.87,54.22,10.39,15.92,2.76,0.0
20230613:0611,250.05,146.07,18.79,17.11,2.62,0.0
20230613:0711,769.23,344.84,27.61,18.05,2.76,0.0
20230613:0811,1300.14,559.25,36.5,19.68,3.45,0.0
20230613:0911,1714.38,748.86,45.01,21.3,4.0,0.0
20230613:1011,2015.37,900.08,52.47,22.76,4.55,0.0
20230613:1111,2179.35,989.99,57.82,23.91,4.83,0.0
20230613:1211,2221.29,1015.53,59.72,24.79,5.03,0.0
20230613:1311,2080.2,942.02,57.52,25.53,5.31,0.0
20230613:1411,1942.77,868.86,51.97,25.75,5.52,0.0
20230613:1511,1650.84,725.5,44.4,25.67,5.52,0.0
20230613:1611,1215.54,531.13,35.84,25.35,5.24,0.0
20230613:1711,704.88,326.74,26.94,24.82,4.83,0.0
20230613:1811,210.03,131.96,18.14,23.93,4.28,0.0
20230613:1911,81.96,48.97,9.79,22.4,3.79,0.0
20230613:2011,0.0,1.75,2.21,20.48,3.52,0.0
20230613:2111,0.0,0.0,0.0,18.68,3.31,0.0
20230613:2211,0.0,0.0,0.0,17.26,3.24,0.0
20230613:2311,0.0,0.0,0.0,16.14,3.17,0.0
20230614:0011,0.0,0.0,0.0,15.14,3.17,0.0
20230614:0111,0.0,0.0,0.0,14.09,3.17,0.0
20230614:0211,0.0,0.0,0.0,13.2,3.1,0.0
20230614:0311,0.0,0.0,0.0,12.32,2.83,0.0
20230614:0411,9.18,12.24,2.77,11.53,2.62,0.0
20230614:0511,78.39,45.47,10.41,11.69,2.34,0.0
20230614:0611,242.28,148.35,18.8,13.38,2.34,0.0
20230614:0711,816.0,360.78,27.62,15.65,3.59,0.0
20230614:0811,1368.93,580.91,36.51,17.44,4.07,0.0
20230614:0911,1796.67,776.71,45.02,19.13,4.34,0.0
20230614:1011,2106.75,934.34,52.49,20.62,4.69,0.0
20230614:1111,2266.29,1021.54,57.86,21.83,5.03,0.0
20230614:1211,2317.02,1053.75,59.78,22.7,5.1,0.0
20230614:1311,2233.44,1015.78,57.58,23.29,4.83,0.0
20230614:1411,2040.66,918.17,52.03,23.64,4.55,0.0
20230614:1511,1726.8,762.37,44.47,23.68,4.34,0.0
20230614:1611,1322.76,578.08,35.91,23.47,4.28,0.0
20230614:1711,759.72,350.73,27.01,22.91,4.28,0.0
20230614:1811,208.2,134.57,18.21,22.0,3.93,0.0
20230614:1911,71.01,43.72,9.86,20.63,3.86,0.0
20230614:2011,0.0,2.62,2.28,18.76,3.79,0.0
20230614:2111,0.0,0.0,0.0,16.95,3.86,0.0
20230614:2211,0.0,0.0,0.0,15.48,3.66,0.0
20230614:2311,0.0,0.0,0.0,14.35,3.38,0.0
20230615:0011,0.0,0.0,0.0,13.53,3.24,0.0
20230615:0111,0.0,0.0,0.0,13.07,3.03,0.0
20230615:0211,0.0,0.0,0.0,12.59,2.83,0.0
20230615:0311,0.0,0.0,0.0,12.16,2.76,0.0
20230615:0411,0.0,1.75,2.78,11.83,2.62,0.0
20230615:0511,117.42,62.09,10.42,12.38,2.34,0.0
20230615:0611,248.49,146.54,18.81,14.2,2.28,0.0
20230615:0711,707.22,310.11,27.62,16.16,2.76,0.0
20230615:0811,1203.27,514.81,36.52,18.07,2.83,0.0
20230615:0911,1673.58,732.51,45.03,19.89,3.03,0.0
20230615:1011,1974.81,890.82,52.51,21.31,3.1,0.0
20230615:1111,2091.15,966.6,57.89,22.42,2.83,0.0
20230615:1211,2158.41,1017.05,59.82,23.2,2.48,0.0
20230615:1311,2113.14,998.62,57.64,23.87,2.28,0.0
20230615:1411,1839.63,850.35,52.1,24.22,2.07,0.0
20230615:1511,1601.04,724.49,44.53,24.35,2.07,0.0
20230615:1611,939.24,415.71,35.97,24.34,2.0,0.0
20230615:1711,659.64,303.82,27.08,24.07,2.14,0.0
20230615:1811,240.57,139.23,18.28,23.49,2.41,0.0
20230615:1911,81.78,48.97,9.92,22.62,2.48,0.0
20230615:2011,0.0,1.75,2.35,20.79,3.17,0.0
20230615:2111,0.0,0.0,0.0,19.13,3.52,0.0
20230615:2211,0.0,0.0,0.0,17.86,3.45,0.0
20230615:2311,0.0,0.0,0.0,16.74,3.24,0.0
20230616:0011,0.0,0.0,0.0,15.88,3.1,0.0
20230616:0111,0.0,0.0,0.0,15.18,2.9,0.0
20230616:0211,0.0,0.0,0.0,14.76,2.69,0.0
20230616:0311,0.0,0.0,0.0,14.33,2.55,0.0
20230616:0411,9.06,12.24,2.79,13.68,2.48,0.0
20230616:0511,106.02,57.71,10.42,14.04,2.21,0.0
20230616:0611,245.79,145.54,18.81,15.64,2.0,0.0
20230616:0711,762.42,342.34,27.62,17.96,2.41,0.0
20230616:0811,1274.85,551.92,36.52,19.77,2.69,0.0
20230616:0911,1682.28,742.57,45.04,21.28,2.97,0.0
20230616:1011,1968.36,893.3,52.52,22.69,3.17,0.0
20230616:1111,1903.71,865.94,57.91,23.44,3.24,0.0
20230616:1211,2004.84,925.45,59.86,24.07,3.1,0.0
20230616:1311,1793.61,817.17,57.69,24.23,2.9,0.0
20230616:1411,1555.47,698.86,52.16,24.46,2.69,0.0
20230616:1511,1381.92,616.27,44.59,24.83,2.48,0.0
20230616:1611,1066.86,472.57,36.04,24.75,2.41,0.0
20230616:1711,606.96,278.12,27.14,24.51,2.28,0.0
20230616:1811,235.98,117.46,18.34,24.06,2.28,0.0
20230616:1911,47.7,33.23,9.98,22.99,2.55,0.0
20230616:2011,0.0,0.87,2.4,21.61,3.17,0.0
20230616:2111,0.0,0.0,0.0,20.02,3.66,0.0
20230616:2211,0.0,0.0,0.0,18.77,3.66,0.0
20230616:2311,0.0,0.0,0.0,17.84,3.38,0.0
20230617:0011,0.0,0.0,0.0,17.1,3.38,0.0
20230617:0111,0.0,0.0,0.0,16.44,3.24,0.0
20230617:0211,0.0,0.0,0.0,15.83,3.03,0.0
20230617:0311,0.0,0.0,0.0,15.29,2.97,0.0
20230617:0411,0.0,1.75,2.8,14.97,2.76,0.0
20230617:0511,65.25,40.23,10.42,14.91,2.48,0.0
20230617:0611,286.2,136.37,18.8,15.43,2.34,0.0
20230617:0711,419.67,186.14,27.62,16.59,2.62,0.0
20230617:0811,384.57,171.6,36.51,17.28,3.24,0.0
20230617:0911,240.18,114.03,45.04,18.09,3.45,0.0
20230617:1011,269.49,126.09,52.53,18.53,3.59,0.0
20230617:1111,377.43,170.59,57.93,20.0,3.79,0.0
20230617:1211,556.8,244.76,59.9,20.98,3.66,0.0
20230617:1311,487.8,216.94,57.74,21.79,4.14,0.0
20230617:1411,1283.55,555.42,52.21,22.37,4.28,0.0
20230617:1511,974.55,420.5,44.65,22.31,4.0,0.0
20230617:1611,1007.7,436.71,36.09,22.24,3.59,0.0
20230617:1711,629.91,284.61,27.19,22.11,3.17,0.0
20230617:1811,248.97,122.3,18.39,21.79,2.69,0.0
20230617:1911,104.46,58.59,10.04,20.85,2.97,0.0
20230617:2011,0.0,1.75,2.46,19.46,2.97,0.0
20230617:2111,0.0,0.0,0.0,18.32,3.31,0.0
20230617:2211,0.0,0.0,0.0,17.29,3.52,0.0
20230617:2311,0.0,0.0,0.0,16.69,3.59,0.0
20230618:0011,0.0,0.0,0.0,16.14,3.52,0.0
20230618:0111,0.0,0.0,0.0,15.46,3.45,0.0
20230618:0211,0.0,0.0,0.0,14.95,3.45,0.0
20230618:0311,0.0,0.0,0.0,14.18,3.31,0.0
20230618:0411,0.0,1.75,2.79,13.86,3.17,0.0
20230618:0511,114.63,61.21,10.41,13.73,3.1,0.0
20230618:0611,295.8,146.29,18.79,14.42,3.03,0.0
20230618:0711,685.11,298.98,27.61,15.6,3.45,0.0
20230618:0811,828.57,349.84,36.5,16.8,3.93,0.0
20230618:0911,468.9,206.03,45.03,18.32,3.93,0.0
20230618:1011,1907.31,844.51,52.53,20.42,3.66,0.0
20230618:1111,1886.7,844.94,57.94,21.9,3.59,0.0
20230618:1211,912.0,397.28,59.92,23.2,3.72,0.0
20230618:1311,971.31,424.55,57.78,24.09,3.72,0.0
20230618:1411,828.09,363.08,52.25,24.02,3.31,0.0
20230618:1511,353.88,163.17,44.7,22.54,2.9,0.0
20230618:1611,184.47,92.71,36.14,21.35,2.48,0.0
20230618:1711,54.84,36.16,27.24,19.56,2.48,0.0
20230618:1811,45.21,31.52,18.44,18.71,1.38,0.0
20230618:1911,30.96,24.48,10.08,18.12,0.76,0.0
20230618:2011,0.0,1.75,2.5,17.44,0.34,0.0
20230618:2111,0.0,0.0,0.0,17.06,0.34,0.0
20230618:2211,0.0,0.0,0.0,16.71,0.83,0.0
20230618:2311,0.0,0.0,0.0,16.21,1.86,0.0
20230619:0011,0.0,0.0,0.0,15.84,2.69,0.0
20230619:0111,0.0,0.0,0.0,15.51,2.83,0.0
20230619:0211,0.0,0.0,0.0,15.15,2.55,0.0
20230619:0311,0.0,0.0,0.0,14.68,2.34,0.0
20230619:0411,9.0,12.24,2.78,14.31,2.28,0.0
20230619:0511,97.53,54.22,10.4,14.57,2.69,0.0
20230619:0611,240.51,142.52,18.78,15.28,3.38,0.0
20230619:0711,563.94,245.02,27.59,16.19,4.34,0.0
20230619:0811,1056.0,443.95,36.48,17.29,4.62,0.0
20230619:0911,1221.0,515.18,45.01,18.56,4.76,0.0
20230619:1011,1489.92,635.7,52.52,19.48,4.97,0.0
20230619:1111,1915.41,839.17,57.94,20.18,4.76,0.0
20230619:1211,1026.72,439.92,59.94,20.74,4.41,0.0
20230619:1311,1721.4,754.76,57.81,21.01,4.14,0.0
20230619:1411,893.97,384.62,52.29,21.26,4.14,0.0
20230619:1511,1386.93,599.11,44.74,21.65,4.07,0.0
20230619:1611,76.44,46.36,36.19,21.7,3.79,0.0
20230619:1711,669.84,302.51,27.29,21.3,3.24,0.0
20230619:1811,226.41,137.02,18.49,20.96,2.48,0.0
20230619:1911,88.56,51.59,10.13,20.45,1.72,0.0
20230619:2011,0.0,1.75,2.54,19.18,1.17,0.0
20230619:2111,0.0,0.0,0.0,17.98,1.1,0.0
20230619:2211,0.0,0.0,0.0,16.03,1.66,0.0
20230619:2311,0.0,0.0,0.0,15.15,1.52,0.0
20230620:0011,0.0,0.0,0.0,15.02,1.31,0.0
20230620:0111,0.0,0.0,0.0,14.26,1.45,0.0
20230620:0211,0.0,0.0,0.0,13.51,1.72,0.0
20230620:0311,0.0,0.0,0.0,13.04,1.66,0.0
20230620:0411,0.0,1.75,2.77,13.04,1.45,0.0
20230620:0511,5.01,9.62,10.38,13.59,1.31,0.0
20230620:0611,30.78,24.1,18.76,14.87,0.97,0.0
20230620:0711,104.01,57.48,27.57,16.51,0.9,0.0
20230620:0811,99.78,55.63,36.46,16.43,1.45,0.0
20230620:0911,179.31,89.0,44.99,16.93,1.66,0.0
20230620:1011,152.16,77.88,52.51,17.21,1.72,0.0
20230620:1111,235.83,112.18,57.94,17.49,2.28,0.0
20230620:1211,410.34,182.64,59.95,17.35,1.93,0.0
20230620:1311,276.54,128.87,57.83,17.75,2.0,0.0
20230620:1411,895.41,382.43,52.33,17.89,2.48,0.0
20230620:1511,1105.56,469.24,44.78,17.76,3.03,0.0
20230620:1611,389.46,174.38,36.23,18.31,3.17,0.0
20230620:1711,560.34,247.63,27.33,18.35,2.97,0.0
20230620:1811,270.66,131.64,18.53,18.52,2.55,0.0
20230620:1911,105.87,58.59,10.17,18.06,2.14,0.0
20230620:2011,0.0,1.75,2.58,17.13,1.66,0.0
20230620:2111,0.0,0.0,0.0,15.81,1.31,0.0
20230620:2211,0.0,0.0,0.0,14.69,1.17,0.0
20230620:2311,0.0,0.0,0.0,13.56,1.72,0.0
20230621:0011,0.0,0.0,0.0,12.99,2.0,0.0
20230621:0111,0.0,0.0,0.0,12.68,2.28,0.0
20230621:0211,0.0,0.0,0.0,12.55,2.41,0.0
20230621:0311,0.0,0.0,0.0,12.34,2.28,0.0
20230621:0411,9.15,12.24,2.75,12.14,2.14,0.0
20230621:0511,104.43,56.84,10.35,13.06,1.93,0.0
20230621:0611,234.03,141.82,18.73,14.6,2.48,0.0
20230621:0711,759.93,336.54,27.54,16.14,3.86,0.0
20230621:0811,965.67,406.93,36.43,16.94,3.93,0.0
20230621:0911,1412.46,600.23,44.97,18.07,3.93,0.0
20230621:1011,1129.95,481.07,52.49,19.14,3.93,0.0
20230621:1111,1111.62,475.29,57.93,19.77,3.93,0.0
20230621:1211,1912.77,847.15,59.96,20.53,4.07,0.0
20230621:1311,1119.39,480.45,57.85,20.97,4.28,0.0
20230621:1411,1003.71,431.0,52.36,21.25,4.21,0.0
20230621:1511,1162.38,499.0,44.81,21.22,4.0,0.0
20230621:1611,1006.38,433.72,36.26,20.89,3.38,0.0
20230621:1711,669.09,300.93,27.37,20.54,2.83,0.0
20230621:1811,281.13,138.76,18.56,19.84,2.14,0.0
20230621:1911,102.9,57.71,10.2,19.53,0.83,0.0
20230621:2011,0.0,1.75,2.61,18.58,0.97,0.0
20230621:2111,0.0,0.0,0.0,17.21,1.1,0.0
20230621:2211,0.0,0.0,0.0,17.03,0.62,0.0
20230621:2311,0.0,0.0,0.0,16.64,0.41,0.0
20230622:0011,0.0,0.0,0.0,15.71,0.76,0.0
20230622:0111,0.0,0.0,0.0,14.6,1.03,0.0
20230622:0211,0.0,0.0,0.0,14.11,1.17,0.0
20230622:0311,0.0,0.0,0.0,13.84,1.17,0.0
20230622:0411,9.03,12.24,2.72,13.93,1.1,0.0
20230622:0511,95.34,53.34,10.32,14.48,0.9,0.0
20230622:0611,265.32,145.47,18.7,16.19,0.55,0.0
20230622:0711,600.36,266.82,27.51,17.93,1.03,0.0
20230622:0811,752.7,325.86,36.4,18.97,1.59,0.0
20230622:0911,1400.91,612.81,44.94,20.02,2.0,0.0
20230622:1011,1856.73,845.7,52.46,20.9,1.86,0.0
20230622:1111,1417.35,630.43,57.92,21.48,1.72,0.0
20230622:1211,1601.37,720.64,59.96,21.63,1.86,0.0
20230622:1311,1134.87,496.3,57.87,21.86,2.34,0.0
20230622:1411,1330.08,584.19,52.38,22.09,2.55,0.0
20230622:1511,1113.03,481.97,44.84,21.73,3.03,0.0
20230622:1611,1064.79,460.81,36.29,21.47,3.24,0.0
20230622:1711,727.02,331.04,27.4,21.02,3.24,0.0
20230622:1811,225.66,138.46,18.59,20.37,2.97,0.0
20230622:1911,82.83,48.97,10.23,20.11,2.21,0.0
20230622:2011,0.0,1.75,2.63,18.77,1.93,0.0
20230622:2111,0.0,0.0,0.0,17.27,1.72,0.0
20230622:2211,0.0,0.0,0.0,16.05,1.31,0.0
20230622:2311,0.0,0.0,0.0,16.12,0.55,0.0
20230623:0011,0.0,0.0,0.0,15.53,0.76,0.0
20230623:0111,0.0,0.0,0.0,14.28,1.1,0.0
20230623:0211,0.0,0.0,0.0,13.78,1.24,0.0
20230623:0311,0.0,0.0,0.0,13.24,1.52,0.0
20230623:0411,0.0,1.75,2.69,12.82,1.59,0.0
20230623:0511,5.01,9.62,10.29,13.77,1.31,0.0
20230623:0611,42.03,29.67,18.66,15.8,1.17,0.0
20230623:0711,211.05,101.98,27.47,16.83,1.38,0.0
20230623:0811,233.7,111.25,36.36,17.16,1.79,0.0
20230623:0911,430.32,190.98,44.9,17.76,2.07,0.0
20230623:1011,1367.13,590.58,52.43,19.08,2.76,0.0
20230623:1111,1730.79,760.73,57.89,19.83,3.38,0.0
20230623:1211,1215.15,522.9,59.95,20.52,3.79,0.0
20230623:1311,602.31,263.03,57.87,21.14,4.41,0.0
20230623:1411,776.37,334.45,52.39,21.52,5.17,0.0
20230623:1511,332.85,152.97,44.86,21.14,5.1,0.0
20230623:1611,174.54,88.08,36.32,20.57,4.55,0.0
20230623:1711,254.67,120.52,27.42,19.4,3.66,0.0
20230623:1811,146.67,76.02,18.61,18.95,3.24,0.0
20230623:1911,50.76,34.1,10.25,18.59,3.45,0.0
20230623:2011,0.0,1.75,2.65,18.64,3.52,0.0
20230623:2111,0.0,0.0,0.0,18.37,3.72,0.0
20230623:2211,0.0,0.0,0.0,18.15,3.79,0.0
20230623:2311,0.0,0.0,0.0,17.96,3.72,0.0
20230624:0011,0.0,0.0,0.0,17.74,3.59,0.0
20230624:0111,0.0,0.0,0.0,17.56,3.45,0.0
20230624:0211,0.0,0.0,0.0,17.47,3.38,0.0
20230624:0311,0.0,0.0,0.0,17.38,3.31,0.0
20230624:0411,6.12,10.49,2.65,17.3,3.17,0.0
20230624:0511,84.09,48.97,10.25,17.41,3.03,0.0
20230624:0611,281.64,143.76,18.62,17.78,3.1,0.0
20230624:0711,658.95,292.11,27.42,18.74,3.86,0.0
20230624:0811,558.03,242.69,36.32,19.23,4.21,0.0
20230624:0911,372.96,168.73,44.86,20.29,4.62,0.0
20230624:1011,461.67,205.82,52.39,21.48,4.41,0.0
20230624:1111,865.23,373.66,57.86,22.11,4.55,0.0
20230624:1211,998.61,432.96,59.93,23.33,4.55,0.0
20230624:1311,1130.64,492.87,57.87,23.77,4.0,0.0
20230624:1411,1410.93,621.87,52.4,24.5,3.79,0.0
20230624:1511,1376.04,607.17,44.88,24.75,3.38,0.0
20230624:1611,1017.66,449.09,36.33,24.66,2.62,0.0
20230624:1711,516.3,236.3,27.44,24.77,2.07,0.0
20230624:1811,211.71,106.66,18.63,24.56,1.38,0.0
20230624:1911,81.21,48.97,10.26,23.5,0.28,0.0
20230624:2011,7.17,11.37,2.66,22.28,1.86,0.0
20230624:2111,0.0,0.0,0.0,20.71,2.41,0.0
20230624:2211,0.0,0.0,0.0,19.87,2.55,0.0
20230624:2311,0.0,0.0,0.0,19.32,2.62,0.0
20230625:0011,0.0,0.0,0.0,18.84,2.83,0.0
20230625:0111,0.0,0.0,0.0,18.53,2.97,0.0
20230625:0211,0.0,0.0,0.0,18.19,3.1,0.0
20230625:0311,0.0,0.0,0.0,17.81,3.31,0.0
20230625:0411,7.44,11.37,2.61,17.52,3.72,0.0
20230625:0511,94.11,53.34,10.2,17.57,3.93,0.0
20230625:0611,249.06,141.05,18.57,18.26,3.59,0.0
20230625:0711,760.56,344.07,27.38,19.73,4.21,0.0
20230625:0811,795.27,342.37,36.27,21.11,4.48,0.0
20230625:0911,1665.87,725.42,44.82,22.4,4.62,0.0
20230625:1011,1480.92,646.58,52.35,23.61,4.69,0.0
20230625:1111,1583.52,699.67,57.83,24.7,4.69,0.0
20230625:1211,1497.72,657.15,59.91,25.14,5.52,0.0
20230625:1311,603.93,267.67,57.86,25.09,5.66,0.0
20230625:1411,315.99,146.48,52.41,21.63,4.97,0.0
20230625:1511,165.84,84.37,44.89,20.25,4.28,0.0
20230625:1611,208.86,101.98,36.35,19.32,2.41,0.0
20230625:1711,180.81,89.93,27.45,18.18,3.03,0.0
20230625:1811,276.69,133.83,18.64,18.18,2.83,0.0
20230625:1911,100.47,55.97,10.27,17.01,3.79,0.0
20230625:2011,2.52,7.87,2.67,16.18,3.24,0.0
20230625:2111,0.0,0.0,0.0,15.24,3.79,0.0
20230625:2211,0.0,0.0,0.0,14.56,3.72,0.0
20230625:2311,0.0,0.0,0.0,14.21,3.52,0.0
20230626:0011,0.0,0.0,0.0,14.17,3.86,0.0
20230626:0111,0.0,0.0,0.0,13.76,3.79,0.0
20230626:0211,0.0,0.0,0.0,13.58,3.45,0.0
20230626:0311,0.0,0.0,0.0,13.1,3.24,0.0
20230626:0411,7.71,11.37,2.56,12.87,3.24,0.0
20230626:0511,83.94,48.1,10.15,13.15,3.24,0.0
20230626:0611,228.9,139.49,18.52,13.75,3.31,0.0
20230626:0711,604.5,260.73,27.32,14.67,4.48,0.0
20230626:0811,998.79,416.04,36.22,15.23,4.62,0.0
20230626:0911,1513.56,633.35,44.76,15.8,4.83,0.0
20230626:1011,1462.65,614.19,52.3,16.56,5.03,0.0
20230626:1111,2074.38,894.87,57.79,16.96,5.38,0.0
20230626:1211,2202.15,958.19,59.88,17.44,5.59,0.0
20230626:1311,1909.92,818.57,57.85,17.75,5.66,0.0
20230626:1411,1228.47,516.82,52.41,18.15,5.31,0.0
20230626:1511,1001.1,420.89,44.89,18.19,5.24,0.0
20230626:1611,1154.07,485.13,36.36,17.8,5.24,0.0
20230626:1711,689.58,301.82,27.46,17.27,5.03,0.0
20230626:1811,289.05,139.29,18.65,17.02,4.62,0.0
20230626:1911,100.62,55.97,10.28,16.76,3.86,0.0
20230626:2011,0.0,1.75,2.67,16.16,3.03,0.0
20230626:2111,0.0,0.0,0.0,15.42,2.62,0.0
20230626:2211,0.0,0.0,0.0,14.83,2.62,0.0
20230626:2311,0.0,0.0,0.0,14.27,2.62,0.0
20230627:0011,0.0,0.0,0.0,13.72,2.48,0.0
20230627:0111,0.0,0.0,0.0,13.23,2.41,0.0
20230627:0211,0.0,0.0,0.0,12.84,2.21,0.0
20230627:0311,0.0,0.0,0.0,12.79,2.0,0.0
20230627:0411,0.0,0.87,2.5,12.76,2.0,0.0
20230627:0511,5.04,9.62,10.09,13.28,1.93,0.0
20230627:0611,54.48,35.23,18.46,13.87,2.07,0.0
20230627:0711,400.83,177.01,27.27,14.42,2.28,0.0
20230627:0811,348.78,155.75,36.16,14.86,2.9,0.0
20230627:0911,433.14,189.13,44.71,14.75,2.9,0.0
20230627:1011,320.7,144.63,52.25,15.17,3.59,0.0
20230627:1111,325.05,146.48,57.74,15.58,4.07,0.0
20230627:1211,303.54,138.14,59.84,16.43,5.79,0.0
20230627:1311,494.85,214.16,57.83,16.69,5.59,0.0
20230627:1411,294.57,135.36,52.4,17.73,5.66,0.0
20230627:1511,240.3,114.03,44.89,18.31,4.48,0.0
20230627:1611,268.8,126.09,36.36,19.13,3.79,0.0
20230627:1711,168.72,85.29,27.47,19.3,3.52,0.0
20230627:1811,270.24,130.94,18.65,19.23,3.66,0.0
20230627:1911,83.67,48.97,10.27,18.42,3.31,0.0
20230627:2011,0.0,1.75,2.66,18.12,3.17,0.0
20230627:2111,0.0,0.0,0.0,17.67,3.17,0.0
20230627:2211,0.0,0.0,0.0,17.21,3.24,0.0
20230627:2311,0.0,0.0,0.0,16.87,3.1,0.0
20230628:0011,0.0,0.0,0.0,16.7,2.9,0.0
20230628:0111,0.0,0.0,0.0,16.47,2.76,0.0
20230628:0211,0.0,0.0,0.0,16.37,2.69,0.0
20230628:0311,0.0,0.0,0.0,16.34,2.62,0.0
20230628:0411,0.0,0.87,2.44,16.39,2.48,0.0
20230628:0511,19.47,18.36,10.03,16.53,2.55,0.0
20230628:0611,74.19,44.5,18.4,16.84,3.38,0.0
20230628:0711,286.08,132.43,27.2,17.94,3.93,0.0
20230628:0811,334.41,152.05,36.1,18.42,4.07,0.0
20230628:0911,552.48,240.31,44.65,19.16,4.34,0.0
20230628:1011,649.29,279.94,52.19,19.45,4.55,0.0
20230628:1111,817.08,349.77,57.68,20.12,4.76,0.0
20230628:1211,881.22,377.37,59.8,20.92,5.17,0.0
20230628:1311,335.76,153.9,57.8,20.71,4.97,0.0
20230628:1411,570.87,248.12,52.38,19.96,5.38,0.0
20230628:1511,193.47,95.49,44.88,19.68,5.31,0.0
20230628:1611,209.85,101.98,36.36,18.9,4.21,0.0
20230628:1711,197.07,96.42,27.46,17.97,3.86,0.0
20230628:1811,150.21,76.95,18.65,17.27,3.59,0.0
20230628:1911,47.61,32.35,10.27,16.29,2.9,0.0
20230628:2011,0.0,1.75,2.65,15.33,2.9,0.0
20230628:2111,0.0,0.0,0.0,14.55,2.97,0.0
20230628:2211,0.0,0.0,0.0,14.09,2.9,0.0
20230628:2311,0.0,0.0,0.0,13.86,2.9,0.0
20230629:0011,0.0,0.0,0.0,13.4,2.76,0.0
20230629:0111,0.0,0.0,0.0,13.1,2.62,0.0
20230629:0211,0.0,0.0,0.0,12.63,2.48,0.0
20230629:0311,0.0,0.0,0.0,12.44,2.41,0.0
20230629:0411,0.0,1.75,2.37,12.04,2.48,0.0
20230629:0511,5.07,9.62,9.97,12.1,2.34,0.0
20230629:0611,268.29,143.13,18.33,13.37,2.34,0.0
20230629:0711,746.19,328.59,27.14,14.69,3.52,0.0
20230629:0811,881.49,369.15,36.03,15.49,4.14,0.0
20230629:0911,1169.55,487.91,44.58,15.88,4.41,0.0
20230629:1011,672.0,284.59,52.12,15.87,4.48,0.0
20230629:1111,1304.79,547.7,57.62,16.44,4.69,0.0
20230629:1211,1496.73,632.4,59.75,16.8,4.83,0.0
20230629:1311,1359.36,572.24,57.77,17.03,4.9,0.0
20230629:1411,1199.1,503.04,52.36,17.15,4.9,0.0
20230629:1511,1635.81,691.42,44.87,16.81,4.69,0.0
20230629:1611,1195.95,502.55,36.35,16.81,4.48,0.0
20230629:1711,768.0,339.77,27.45,16.54,4.14,0.0
20230629:1811,248.85,144.12,18.64,16.2,3.59,0.0
20230629:1911,84.87,48.97,10.25,15.52,2.55,0.0
20230629:2011,0.0,1.75,2.63,14.83,1.79,0.0
20230629:2111,0.0,0.0,0.0,13.61,1.38,0.0
20230629:2211,0.0,0.0,0.0,12.21,1.52,0.0
20230629:2311,0.0,0.0,0.0,11.6,2.07,0.0
20230630:0011,0.0,0.0,0.0,11.48,2.28,0.0
20230630:0111,0.0,0.0,0.0,11.46,2.41,0.0
20230630:0211,0.0,0.0,0.0,11.31,2.41,0.0
20230630:0311,0.0,0.0,0.0,11.49,2.41,0.0
20230630:0411,0.0,0.87,2.3,11.16,2.55,0.0
20230630:0511,52.62,34.1,9.89,11.79,2.62,0.0
20230630:0611,275.58,130.24,18.26,12.61,2.97,0.0
20230630:0711,217.74,102.91,27.06,13.37,3.31,0.0
20230630:0811,330.48,147.41,35.96,13.65,4.07,0.0
20230630:0911,410.67,178.93,44.51,14.06,4.9,0.0
20230630:1011,460.17,198.4,52.05,14.0,4.62,0.0
20230630:1111,0.0,0.0,0.0,14.3,4.83,0.0
20230630:1211,479.94,206.74,59.69,14.65,4.69,0.0
20230630:1311,423.66,185.42,57.72,15.36,3.93,0.0
20230630:1411,445.35,194.69,52.33,15.97,3.59,0.0
20230630:1511,330.3,149.26,44.85,16.35,3.31,0.0
20230630:1611,429.33,188.49,36.33,16.07,3.31,0.0
20230630:1711,64.17,39.87,27.44,15.81,3.24,0.0
20230630:1811,137.91,71.39,18.62,15.7,3.45,0.0
20230630:1911,14.79,15.74,10.23,16.17,3.86,0.0
20230630:2011,0.0,3.5,2.6,16.09,3.86,0.0
20230630:2111,0.0,0.0,0.0,15.89,3.93,0.0
20230630:2211,0.0,0.0,0.0,15.8,4.07,0.0
20230630:2311,0.0,0.0,0.0,15.7,4.34,0.0
20230701:0011,0.0,0.0,0.0,15.53,4.62,0.0
20230701:0111,0.0,0.0,0.0,15.27,5.03,0.0
20230701:0211,0.0,0.0,0.0,14.94,5.03,0.0
20230701:0311,0.0,0.0,0.0,14.65,5.03,0.0
20230701:0411,0.0,0.87,2.23,14.37,4.97,0.0
20230701:0511,99.96,55.09,9.82,14.19,4.9,0.0
20230701:0611,216.63,103.47,18.18,14.2,5.03,0.0
20230701:0711,417.57,182.41,26.99,14.3,5.45,0.0
20230701:0811,386.82,169.74,35.88,14.93,6.76,0.0
20230701:0911,689.76,289.34,44.43,15.67,6.83,0.0
20230701:1011,496.23,213.23,51.97,15.73,7.1,0.0
20230701:1111,528.63,226.21,57.48,16.09,7.45,0.0
20230701:1211,532.77,228.07,59.63,16.21,7.17,0.0
20230701:1311,388.98,171.51,57.68,16.52,8.07,0.0
20230701:1411,1087.17,448.92,52.3,16.4,7.79,0.0
20230701:1511,1104.36,453.61,44.83,15.74,7.86,0.0
20230701:1611,1002.72,413.58,36.31,15.71,7.72,0.0
20230701:1711,757.05,328.58,27.42,15.61,7.45,0.0
20230701:1811,287.13,147.76,18.6,15.36,6.62,0.0
20230701:1911,61.35,38.48,10.21,15.27,5.93,0.0
20230701:2011,0.0,1.75,2.57,14.62,5.38,0.0
20230701:2111,0.0,0.0,0.0,13.89,4.97,0.0
20230701:2211,0.0,0.0,0.0,13.34,4.83,0.0
20230701:2311,0.0,0.0,0.0,13.38,4.97,0.0
20230702:0011,0.0,0.0,0.0,13.09,4.97,0.0
20230702:0111,0.0,0.0,0.0,12.81,4.9,0.0
20230702:0211,0.0,0.0,0.0,12.47,4.69,0.0
20230702:0311,0.0,0.0,0.0,12.49,4.97,0.0
20230702:0411,0.0,0.87,2.14,12.01,4.97,0.0
20230702:0511,15.18,15.74,9.73,12.02,5.17,0.0
20230702:0611,201.57,96.4,18.1,12.54,5.93,0.0
20230702:0711,193.05,92.71,26.91,13.15,6.48,0.0
20230702:0811,326.76,145.56,35.8,13.84,6.76,0.0
20230702:0911,793.71,328.39,44.35,14.19,6.69,0.0
20230702:1011,370.35,163.17,51.89,14.7,6.62,0.0
20230702:1111,635.4,267.68,57.4,15.13,6.55,0.0
20230702:1211,1877.04,788.42,59.56,15.55,6.62,0.0
20230702:1311,458.19,198.4,57.62,15.84,7.03,0.0
20230702:1411,490.38,211.38,52.26,16.04,6.62,0.0
20230702:1511,756.03,316.8,44.8,16.37,6.55,0.0
20230702:1611,747.33,313.18,36.29,15.89,6.0,0.0
20230702:1711,339.0,151.65,27.4,15.35,5.66,0.0
20230702:1811,154.53,77.88,18.58,15.0,5.79,0.0
20230702:1911,14.97,15.74,10.18,14.13,5.1,0.0
20230702:2011,0.0,3.5,2.54,13.61,4.76,0.0
20230702:2111,0.0,0.0,0.0,12.97,4.28,0.0
20230702:2211,0.0,0.0,0.0,12.53,4.14,0.0
20230702:2311,0.0,0.0,0.0,12.36,4.21,0.0
20230703:0011,0.0,0.0,0.0,11.74,3.66,0.0
20230703:0111,0.0,0.0,0.0,11.5,3.59,0.0
20230703:0211,0.0,0.0,0.0,11.07,3.59,0.0
20230703:0311,0.0,0.0,0.0,10.61,3.59,0.0
20230703:0411,2.7,7.87,2.06,10.51,3.59,0.0
20230703:0511,28.74,22.74,9.65,10.91,3.72,0.0
20230703:0611,254.13,118.6,18.01,11.47,3.59,0.0
20230703:0711,685.05,293.5,26.82,11.7,4.55,0.0
20230703:0811,225.93,105.69,35.71,12.83,5.31,0.0
20230703:0911,429.39,185.42,44.26,13.13,5.17,0.0
20230703:1011,438.36,189.13,51.8,12.65,3.59,0.0
20230703:1111,343.56,152.05,57.32,12.24,2.62,0.0
20230703:1211,614.58,259.94,59.48,13.23,2.83,0.0
20230703:1311,716.43,298.42,57.56,12.94,4.62,0.0
20230703:1411,1377.09,566.5,52.21,12.94,5.1,0.0
20230703:1511,1424.94,586.43,44.76,13.99,5.66,0.0
20230703:1611,1206.99,496.61,36.25,14.37,6.21,0.0
20230703:1711,689.37,296.29,27.37,14.41,5.72,0.0
20230703:1811,281.07,148.08,18.54,14.27,5.1,0.0
20230703:1911,108.39,58.59,10.14,13.86,4.34,0.0
20230703:2011,0.0,1.75,2.49,13.06,3.79,0.0
20230703:2111,0.0,0.0,0.0,12.48,3.72,0.0
20230703:2211,0.0,0.0,0.0,12.23,3.86,0.0
20230703:2311,0.0,0.0,0.0,12.0,3.93,0.0
20230704:0011,0.0,0.0,0.0,11.57,3.59,0.0
20230704:0111,0.0,0.0,0.0,10.98,3.45,0.0
20230704:0211,0.0,0.0,0.0,10.86,3.52,0.0
20230704:0311,0.0,0.0,0.0,10.24,3.38,0.0
20230704:0411,0.0,5.25,1.96,9.93,3.31,0.0
20230704:0511,79.05,45.47,9.56,10.26,3.31,0.0
20230704:0611,212.61,131.58,17.92,11.11,2.97,0.0
20230704:0711,743.46,323.74,26.73,12.29,4.14,0.0
20230704:0811,1120.41,462.28,35.62,13.51,4.9,0.0
20230704:0911,939.84,389.74,44.17,14.6,4.76,0.0
20230704:1011,1164.78,485.49,51.71,15.58,4.62,0.0
20230704:1111,1583.94,670.66,57.23,16.42,4.62,0.0
20230704:1211,999.54,420.31,59.4,16.73,4.34,0.0
20230704:1311,1521.12,647.75,57.49,16.95,4.0,0.0
20230704:1411,1062.66,448.68,52.16,17.22,3.72,0.0
20230704:1511,932.82,394.19,44.72,17.21,3.45,0.0
20230704:1611,591.06,254.47,36.22,16.97,2.97,0.0
20230704:1711,177.48,88.08,27.33,16.73,2.48,0.0
20230704:1811,63.93,39.87,18.5,16.44,2.14,0.0
20230704:1911,27.96,22.74,10.1,15.52,1.45,0.0
20230704:2011,0.0,1.75,2.44,14.74,0.9,0.0
20230704:2111,0.0,0.0,0.0,13.31,0.9,0.0
20230704:2211,0.0,0.0,0.0,12.22,0.97,0.0
20230704:2311,0.0,0.0,0.0,11.23,1.17,0.0
20230705:0011,0.0,0.0,0.0,10.54,1.31,0.0
20230705:0111,0.0,0.0,0.0,10.27,1.31,0.0
20230705:0211,0.0,0.0,0.0,9.13,1.79,0.0
20230705:0311,0.0,0.0,0.0,9.56,2.07,0.0
20230705:0411,0.0,2.62,1.87,10.05,2.34,0.0
20230705:0511,99.39,54.22,9.46,10.86,2.62,0.0
20230705:0611,180.09,87.45,17.83,11.87,3.66,0.0
20230705:0711,0.0,0.0,0.0,12.71,4.0,0.0
20230705:0811,472.53,202.59,35.53,13.31,4.62,0.0
20230705:0911,604.17,254.74,44.07,13.88,4.83,0.0
20230705:1011,906.93,376.3,51.61,14.55,5.1,0.0
20230705:1111,505.17,216.94,57.13,15.07,5.03,0.0
20230705:1211,1154.82,480.63,59.31,15.41,5.03,0.0
20230705:1311,1616.82,680.97,57.42,15.73,4.97,0.0
20230705:1411,1238.46,516.2,52.1,15.78,4.9,0.0
20230705:1511,783.63,328.73,44.67,16.07,5.1,0.0
20230705:1611,1017.12,423.7,36.17,15.66,4.9,0.0
20230705:1711,660.87,286.02,27.29,15.5,4.69,0.0
20230705:1811,296.37,144.92,18.46,15.25,4.14,0.0
20230705:1911,87.09,49.84,10.05,15.13,2.97,0.0
20230705:2011,0.0,1.75,2.39,14.39,2.48,0.0
20230705:2111,0.0,0.0,0.0,13.76,2.41,0.0
20230705:2211,0.0,0.0,0.0,13.04,2.41,0.0
20230705:2311,0.0,0.0,0.0,12.56,2.62,0.0
20230706:0011,0.0,0.0,0.0,12.45,2.69,0.0
20230706:0111,0.0,0.0,0.0,12.38,2.62,0.0
20230706:0211,0.0,0.0,0.0,12.0,2.55,0.0
20230706:0311,0.0,0.0,0.0,11.65,2.55,0.0
20230706:0411,0.0,0.87,1.76,11.27,2.55,0.0
20230706:0511,60.48,37.6,9.36,11.54,2.48,0.0
20230706:0611,274.2,131.47,17.73,12.36,2.55,0.0
20230706:0711,588.6,254.72,26.54,13.98,3.79,0.0
20230706:0811,1041.18,434.04,35.43,14.96,4.21,0.0
20230706:0911,1414.38,592.53,43.97,15.84,4.28,0.0
20230706:1011,1535.49,647.71,51.51,16.72,4.76,0.0
20230706:1111,526.68,228.07,57.03,17.65,5.03,0.0
20230706:1211,731.67,311.3,59.21,18.19,5.24,0.0
20230706:1311,1267.41,535.11,57.34,19.01,5.72,0.0
20230706:1411,1284.93,542.69,52.03,19.04,5.45,0.0
20230706:1511,487.86,213.46,44.61,18.92,5.59,0.0
20230706:1611,1002.42,423.3,36.12,18.94,5.38,0.0
20230706:1711,372.27,167.76,27.24,18.89,4.83,0.0
20230706:1811,217.59,105.89,18.41,18.41,4.62,0.0
20230706:1911,4.83,9.62,9.99,17.84,4.83,0.0
20230706:2011,2.49,7.87,2.33,17.32,4.76,0.0
20230706:2111,0.0,0.0,0.0,16.82,4.62,0.0
20230706:2211,0.0,0.0,0.0,16.22,4.83,0.0
20230706:2311,0.0,0.0,0.0,15.61,5.03,0.0
20230707:0011,0.0,0.0,0.0,14.95,5.1,0.0
20230707:0111,0.0,0.0,0.0,14.35,4.97,0.0
20230707:0211,0.0,0.0,0.0,14.18,4.83,0.0
20230707:0311,0.0,0.0,0.0,13.73,4.62,0.0
20230707:0411,0.0,0.87,1.66,13.42,4.41,0.0
20230707:0511,89.91,50.72,9.25,13.61,4.21,0.0
20230707:0611,200.43,126.78,17.62,14.48,3.79,0.0
20230707:0711,729.33,324.74,26.43,15.89,4.83,0.0
20230707:0811,1210.29,508.09,35.33,17.33,5.24,0.0
20230707:0911,1699.98,721.09,43.87,18.77,5.59,0.0
20230707:1011,2069.58,900.2,51.4,19.98,5.72,0.0
20230707:1111,2135.76,943.25,56.92,20.9,5.45,0.0
20230707:1211,2066.13,916.93,59.11,21.78,5.24,0.0
20230707:1311,1776.0,780.29,57.25,22.57,5.03,0.0
20230707:1411,1986.9,884.24,51.96,23.26,4.9,0.0
20230707:1511,1694.64,743.91,44.55,24.0,4.83,0.0
20230707:1611,966.63,420.69,36.07,24.39,4.62,0.0
20230707:1711,483.45,219.75,27.18,24.49,4.07,0.0
20230707:1811,225.54,142.28,18.35,23.55,2.83,0.0
20230707:1911,83.64,49.84,9.93,22.9,2.9,0.0
20230707:2011,1.32,7.0,2.26,21.67,2.97,0.0
20230707:2111,0.0,0.0,0.0,20.31,3.17,0.0
20230707:2211,0.0,0.0,0.0,19.46,3.45,0.0
20230707:2311,0.0,0.0,0.0,19.11,4.07,0.0
20230708:0011,0.0,0.0,0.0,18.95,4.62,0.0
20230708:0111,0.0,0.0,0.0,18.85,4.9,0.0
20230708:0211,0.0,0.0,0.0,18.69,4.97,0.0
20230708:0311,0.0,0.0,0.0,18.61,4.83,0.0
20230708:0411,0.0,0.87,1.54,18.5,4.76,0.0
20230708:0511,81.6,48.1,9.14,18.72,4.62,0.0
20230708:0611,237.03,131.49,17.51,19.69,4.62,0.0
20230708:0711,672.48,305.57,26.33,21.12,4.34,0.0
20230708:0811,385.59,175.41,35.22,22.49,4.97,0.0
20230708:0911,689.64,301.48,43.76,23.54,4.83,0.0
20230708:1011,937.65,407.16,51.29,24.1,4.83,0.0
20230708:1111,276.36,131.65,56.8,23.68,4.14,0.0
20230708:1211,262.74,126.09,59.0,23.69,3.79,0.0
20230708:1311,876.15,383.12,57.15,24.32,4.07,0.0
20230708:1411,740.22,324.56,51.88,24.51,4.69,0.0
20230708:1511,221.07,108.47,44.48,23.44,5.52,0.0
20230708:1611,307.17,142.77,36.01,21.24,4.34,0.0
20230708:1711,378.45,172.09,27.12,20.39,3.1,0.0
20230708:1811,28.14,23.18,18.29,19.63,1.52,0.0
20230708:1911,4.77,9.62,9.87,19.23,2.0,0.0
20230708:2011,0.0,0.87,2.18,18.38,2.62,0.0
20230708:2111,0.0,0.0,0.0,18.11,3.24,0.0
20230708:2211,0.0,0.0,0.0,18.18,3.59,0.0
20230708:2311,0.0,0.0,0.0,17.94,3.31,0.0
20230709:0011,0.0,0.0,0.0,17.56,2.83,0.0
20230709:0111,0.0,0.0,0.0,16.74,2.76,0.0
20230709:0211,0.0,0.0,0.0,15.94,2.41,0.0
20230709:0311,0.0,0.0,0.0,15.38,1.59,0.0
20230709:0411,0.0,0.87,1.43,14.94,0.97,0.0
20230709:0511,67.29,41.1,9.03,14.39,0.69,0.0
20230709:0611,174.27,86.81,17.4,15.41,1.1,0.0
20230709:0711,540.42,238.59,26.21,16.45,1.86,0.0
20230709:0811,401.79,179.12,35.11,17.52,2.28,0.0
20230709:0911,1678.59,729.69,43.64,18.63,2.97,0.0
20230709:1011,1638.0,711.57,51.17,19.51,3.59,0.0
20230709:1111,2138.55,957.71,56.68,19.99,4.0,0.0
20230709:1211,1495.56,645.52,58.88,20.41,4.41,0.0
20230709:1311,1282.35,550.15,57.05,20.88,4.62,0.0
20230709:1411,1222.23,524.61,51.8,20.86,4.14,0.0
20230709:1511,984.87,422.13,44.41,21.08,4.07,0.0
20230709:1611,77.46,46.36,35.94,19.21,4.0,0.0
20230709:1711,403.02,181.06,27.06,18.76,2.83,0.0
20230709:1811,283.59,142.04,18.22,18.88,2.41,0.0
20230709:1911,76.47,45.47,9.79,16.53,2.48,0.0
20230709:2011,0.45,6.12,2.1,16.12,1.17,0.0
20230709:2111,0.0,0.0,0.0,15.42,1.72,0.0
20230709:2211,0.0,0.0,0.0,14.4,2.14,0.0
20230709:2311,0.0,0.0,0.0,13.92,2.21,0.0
20230710:0011,0.0,0.0,0.0,13.56,2.07,0.0
20230710:0111,0.0,0.0,0.0,13.15,2.21,0.0
20230710:0211,0.0,0.0,0.0,12.88,2.28,0.0
20230710:0311,0.0,0.0,0.0,12.49,2.34,0.0
20230710:0411,0.0,0.0,0.0,12.3,2.41,0.0
20230710:0511,86.16,48.97,8.91,12.62,2.34,0.0
20230710:0611,194.31,124.11,17.29,13.51,2.28,0.0
20230710:0711,714.24,318.76,26.1,15.03,3.24,0.0
20230710:0811,828.39,348.74,34.99,16.46,4.34,0.0
20230710:0911,740.91,314.05,43.52,17.49,4.62,0.0
20230710:1011,437.07,192.84,51.05,18.41,5.17,0.0
20230710:1111,498.27,217.87,56.55,18.8,4.9,0.0
20230710:1211,201.27,98.27,58.76,18.31,3.79,0.0
20230710:1311,441.12,193.77,56.94,17.36,4.62,0.0
20230710:1411,348.9,156.68,51.71,17.19,5.45,0.0
20230710:1511,497.73,215.33,44.33,16.78,5.66,0.0
20230710:1611,281.16,129.79,35.87,17.54,6.34,0.0
20230710:1711,154.2,78.8,26.99,18.39,6.28,0.0
20230710:1811,49.2,33.38,18.15,18.79,5.72,0.0
20230710:1911,16.2,16.61,9.71,17.44,5.17,0.0
20230710:2011,0.0,0.87,2.02,16.82,4.62,0.0
20230710:2111,0.0,0.0,0.0,16.25,4.28,0.0
20230710:2211,0.0,0.0,0.0,15.57,4.07,0.0
20230710:2311,0.0,0.0,0.0,15.3,3.86,0.0
20230711:0011,0.0,0.0,0.0,14.8,2.9,0.0
20230711:0111,0.0,0.0,0.0,14.65,2.55,0.0
20230711:0211,0.0,0.0,0.0,14.27,1.79,0.0
20230711:0311,0.0,0.0,0.0,14.15,1.38,0.0
20230711:0411,0.0,0.0,0.0,14.09,1.86,0.0
20230711:0511,37.02,27.11,8.78,14.43,2.62,0.0
20230711:0611,89.97,50.99,17.17,14.81,3.72,0.0
20230711:0711,493.83,216.11,25.98,15.04,3.17,0.0
20230711:0811,526.74,226.73,34.87,15.77,3.79,0.0
20230711:0911,876.75,368.86,43.4,16.71,4.0,0.0
20230711:1011,979.5,413.27,50.92,17.87,4.41,0.0
20230711:1111,558.99,242.32,56.42,18.59,4.55,0.0
20230711:1211,586.77,254.39,58.63,19.28,4.55,0.0
20230711:1311,846.93,357.13,56.83,17.47,5.17,0.0
20230711:1411,429.84,190.06,51.61,18.22,4.41,0.0
20230711:1511,141.15,73.24,44.25,17.59,4.14,0.0
20230711:1611,93.54,52.85,35.79,16.45,4.28,0.0
20230711:1711,49.77,33.38,26.91,16.54,3.52,0.0
20230711:1811,275.76,143.97,18.07,16.13,3.38,0.0
20230711:1911,101.1,55.97,9.63,15.58,2.48,0.0
20230711:2011,0.0,1.75,1.92,14.72,2.07,0.0
20230711:2111,0.0,0.0,0.0,14.02,2.21,0.0
20230711:2211,0.0,0.0,0.0,13.41,2.34,0.0
20230711:2311,0.0,0.0,0.0,13.07,2.41,0.0
20230712:0011,0.0,0.0,0.0,12.89,2.55,0.0
20230712:0111,0.0,0.0,0.0,12.92,2.69,0.0
20230712:0211,0.0,0.0,0.0,12.85,2.97,0.0
20230712:0311,0.0,0.0,0.0,12.54,2.97,0.0
20230712:0411,0.0,0.0,0.0,12.5,3.1,0.0
20230712:0511,15.12,15.74,8.66,12.47,3.1,0.0
20230712:0611,174.42,85.87,17.04,13.26,3.38,0.0
20230712:0711,243.12,113.11,25.86,13.83,3.93,0.0
20230712:0811,632.01,267.1,34.75,14.71,4.28,0.0
20230712:0911,325.65,146.48,43.27,15.37,4.55,0.0
20230712:1011,198.42,96.42,50.79,16.8,4.62,0.0
20230712:1111,751.05,318.0,56.28,17.05,4.69,0.0
20230712:1211,926.04,390.79,58.5,17.89,4.97,0.0
20230712:1311,1165.38,487.95,56.71,17.51,5.72,0.0
20230712:1411,1222.8,509.02,51.5,17.29,6.48,0.0
20230712:1511,853.29,357.28,44.15,17.51,6.62,0.0
20230712:1611,643.23,273.17,35.7,17.3,6.41,0.0
20230712:1711,539.49,234.54,26.83,16.88,6.07,0.0
20230712:1811,285.0,139.31,17.98,16.65,5.52,0.0
20230712:1911,98.85,55.09,9.54,16.24,4.0,0.0
20230712:2011,0.0,0.87,1.82,15.49,3.86,0.0
20230712:2111,0.0,0.0,0.0,14.66,3.24,0.0
20230712:2211,0.0,0.0,0.0,14.03,2.9,0.0
20230712:2311,0.0,0.0,0.0,13.63,2.83,0.0
20230713:0011,0.0,0.0,0.0,13.27,2.69,0.0
20230713:0111,0.0,0.0,0.0,12.98,2.48,0.0
20230713:0211,0.0,0.0,0.0,12.64,2.21,0.0
20230713:0311,0.0,0.0,0.0,12.13,1.93,0.0
20230713:0411,0.0,0.0,0.0,11.67,1.72,0.0
20230713:0511,86.58,48.97,8.53,11.56,1.72,0.0
20230713:0611,232.83,126.78,16.91,12.8,2.21,0.0
20230713:0711,652.23,285.64,25.73,13.48,2.97,0.0
20230713:0811,833.16,349.76,34.62,14.7,3.1,0.0
20230713:0911,841.89,354.38,43.14,15.81,3.24,0.0
20230713:1011,1106.49,466.72,50.65,16.67,3.38,0.0
20230713:1111,1209.36,512.87,56.14,17.18,3.38,0.0
20230713:1211,1101.42,467.67,58.36,17.65,3.38,0.0
20230713:1311,965.16,410.25,56.58,18.07,3.45,0.0
20230713:1411,1236.57,525.17,51.39,17.83,3.52,0.0
20230713:1511,1081.65,457.38,44.05,17.89,3.66,0.0
20230713:1611,648.96,278.35,35.61,17.67,3.38,0.0
20230713:1711,421.08,187.42,26.74,17.52,2.97,0.0
20230713:1811,249.72,120.44,17.89,17.11,2.14,0.0
20230713:1911,92.22,52.47,9.44,16.98,1.79,0.0
20230713:2011,0.0,0.87,1.72,16.15,1.17,0.0
20230713:2111,0.0,0.0,0.0,15.24,0.69,0.0
20230713:2211,0.0,0.0,0.0,13.94,1.59,0.0
20230713:2311,0.0,0.0,0.0,13.7,2.07,0.0
20230714:0011,0.0,0.0,0.0,13.9,2.34,0.0
20230714:0111,0.0,0.0,0.0,13.82,2.48,0.0
20230714:0211,0.0,0.0,0.0,13.61,2.41,0.0
20230714:0311,0.0,0.0,0.0,13.33,2.34,0.0
20230714:0411,0.0,0.0,0.0,13.1,2.41,0.0
20230714:0511,6.33,10.49,8.39,13.22,2.55,0.0
20230714:0611,60.63,38.01,16.78,14.03,2.76,0.0
20230714:0711,145.2,74.17,25.6,15.08,4.21,0.0
20230714:0811,255.42,118.67,34.49,15.39,4.48,0.0
20230714:0911,575.67,245.59,43.01,15.58,4.41,0.0
20230714:1011,493.71,213.23,50.51,15.77,4.69,0.0
20230714:1111,531.45,228.07,55.99,15.64,4.76,0.0
20230714:1211,387.45,170.59,58.21,15.12,4.97,0.0
20230714:1311,293.76,133.5,56.44,15.07,5.72,0.0
20230714:1411,263.28,121.45,51.27,15.09,5.86,0.0
20230714:1511,143.1,73.24,43.95,15.21,6.48,0.0
20230714:1611,218.7,103.84,35.51,15.49,6.97,0.0
20230714:1711,241.74,113.11,26.64,15.73,7.03,0.0
20230714:1811,72.51,43.57,17.79,16.09,6.07,0.0
20230714:1911,33.06,25.36,9.34,16.45,5.52,0.0
20230714:2011,0.0,0.87,1.61,16.91,5.03,0.0
20230714:2111,0.0,0.0,0.0,16.92,5.1,0.0
20230714:2211,0.0,0.0,0.0,16.14,5.1,0.0
20230714:2311,0.0,0.0,0.0,15.07,4.76,0.0
20230715:0011,0.0,0.0,0.0,14.22,4.48,0.0
20230715:0111,0.0,0.0,0.0,13.8,4.55,0.0
20230715:0211,0.0,0.0,0.0,13.66,4.69,0.0
20230715:0311,0.0,0.0,0.0,13.78,4.55,0.0
20230715:0411,0.0,0.0,0.0,13.93,4.83,0.0
20230715:0511,79.68,46.35,8.25,13.85,5.03,0.0
20230715:0611,114.42,61.19,16.64,14.36,5.17,0.0
20230715:0711,54.15,35.23,25.46,15.32,4.83,0.0
20230715:0811,222.69,105.69,34.35,15.84,5.66,0.0
20230715:0911,706.53,296.97,42.87,16.14,6.14,0.0
20230715:1011,759.12,320.13,50.36,17.3,5.93,0.0
20230715:1111,1232.28,516.53,55.84,18.05,6.07,0.0
20230715:1211,2461.11,1062.77,58.06,16.03,6.83,0.0
20230715:1311,1024.68,428.14,56.3,17.55,6.48,0.0
20230715:1411,1155.36,482.01,51.15,18.22,7.03,0.0
20230715:1511,958.95,399.39,43.84,17.8,7.45,0.0
20230715:1611,828.12,345.02,35.41,16.65,7.66,0.0
20230715:1711,299.4,136.09,26.54,15.62,6.07,0.0
20230715:1811,27.12,22.25,17.69,15.14,6.55,0.0
20230715:1911,87.03,49.84,9.23,15.74,6.9,0.0
20230715:2011,0.0,0.87,1.49,15.15,6.28,0.0
20230715:2111,0.0,0.0,0.0,14.37,6.48,0.0
20230715:2211,0.0,0.0,0.0,14.14,6.69,0.0
20230715:2311,0.0,0.0,0.0,13.95,7.03,0.0
20230716:0011,0.0,0.0,0.0,13.64,7.1,0.0
20230716:0111,0.0,0.0,0.0,13.52,6.97,0.0
20230716:0211,0.0,0.0,0.0,13.42,6.83,0.0
20230716:0311,0.0,0.0,0.0,13.32,6.48,0.0
20230716:0411,0.0,0.0,0.0,13.16,6.21,0.0
20230716:0511,67.98,41.1,8.11,13.11,6.21,0.0
20230716:0611,77.85,45.43,16.5,13.24,6.0,0.0
20230716:0711,183.06,89.0,25.33,13.92,6.41,0.0
20230716:0811,276.15,126.09,34.21,14.41,6.62,0.0
20230716:0911,671.97,281.73,42.72,15.13,6.48,0.0
20230716:1011,585.72,249.12,50.21,16.05,6.41,0.0
20230716:1111,1403.01,584.71,55.68,17.11,6.69,0.0
20230716:1211,1270.89,531.72,57.9,17.29,5.86,0.0
20230716:1311,1538.82,650.41,56.15,17.76,5.45,0.0
20230716:1411,598.53,256.88,51.02,17.89,5.38,0.0
20230716:1511,270.6,125.16,43.72,16.46,5.24,0.0
20230716:1611,669.27,284.13,35.3,16.53,4.34,0.0
20230716:1711,109.44,59.33,26.43,15.2,4.21,0.0
20230716:1811,76.92,45.43,17.58,15.25,3.17,0.0
20230716:1911,95.4,53.34,9.11,14.81,3.17,0.0
20230716:2011,0.0,0.87,1.37,14.25,2.48,0.0
20230716:2111,0.0,0.0,0.0,13.69,2.69,0.0
20230716:2211,0.0,0.0,0.0,13.0,2.69,0.0
20230716:2311,0.0,0.0,0.0,12.83,2.97,0.0
20230717:0011,0.0,0.0,0.0,12.61,3.03,0.0
20230717:0111,0.0,0.0,0.0,12.5,3.17,0.0
20230717:0211,0.0,0.0,0.0,12.13,3.24,0.0
20230717:0311,0.0,0.0,0.0,12.09,3.1,0.0
20230717:0411,0.0,0.0,0.0,11.7,2.69,0.0
20230717:0511,54.51,34.98,7.96,11.89,2.48,0.0
20230717:0611,101.94,55.63,16.36,12.53,2.97,0.0
20230717:0711,277.98,126.88,25.19,13.4,3.1,0.0
20230717:0811,1046.79,438.55,34.07,14.3,2.9,0.0
20230717:0911,346.29,154.83,42.58,15.21,3.45,0.0
20230717:1011,1042.41,435.32,50.05,15.67,4.21,0.0
20230717:1111,1063.14,446.85,55.51,16.43,3.93,0.0
20230717:1211,1430.58,607.26,57.73,17.02,4.0,0.0
20230717:1311,716.16,304.93,56.0,17.39,4.14,0.0
20230717:1411,310.92,141.85,50.88,17.27,4.34,0.0
20230717:1511,790.5,332.84,43.6,16.6,4.55,0.0
20230717:1611,628.11,267.82,35.18,16.65,4.28,0.0
20230717:1711,373.56,167.01,26.32,16.71,3.93,0.0
20230717:1811,272.52,140.66,17.47,16.06,3.45,0.0
20230717:1911,92.94,52.47,8.99,15.63,2.76,0.0
20230717:2011,0.0,0.0,0.0,14.78,1.66,0.0
20230717:2111,0.0,0.0,0.0,14.04,1.17,0.0
20230717:2211,0.0,0.0,0.0,13.36,1.24,0.0
20230717:2311,0.0,0.0,0.0,12.33,1.38,0.0
20230718:0011,0.0,0.0,0.0,11.84,1.52,0.0
20230718:0111,0.0,0.0,0.0,11.25,1.79,0.0
20230718:0211,0.0,0.0,0.0,10.66,2.07,0.0
20230718:0311,0.0,0.0,0.0,10.6,2.0,0.0
20230718:0411,0.0,0.0,0.0,11.08,1.86,0.0
20230718:0511,50.73,33.23,7.81,11.57,1.72,0.0
20230718:0611,144.54,73.53,16.21,12.64,1.72,0.0
20230718:0711,281.31,128.61,25.04,13.34,1.52,0.0
20230718:0811,597.21,254.9,33.93,14.44,2.07,0.0
20230718:0911,715.11,302.95,42.42,15.19,2.41,0.0
20230718:1011,564.66,242.63,49.89,15.42,2.48,0.0
20230718:1111,323.52,146.48,55.34,16.12,3.03,0.0
20230718:1211,339.72,152.97,57.56,16.35,3.45,0.0
20230718:1311,373.44,165.95,55.84,15.68,3.38,0.0
20230718:1411,266.79,123.31,50.74,15.26,3.38,0.0
20230718:1511,530.04,227.95,43.47,15.05,2.9,0.0
20230718:1611,552.3,237.03,35.06,15.06,2.55,0.0
20230718:1711,188.46,91.78,26.2,14.45,1.79,0.0
20230718:1811,170.67,84.74,17.34,14.36,1.52,0.0
20230718:1911,85.38,48.97,8.86,14.17,1.45,0.0
20230718:2011,0.0,0.0,0.0,14.07,1.66,0.0
20230718:2111,0.0,0.0,0.0,13.94,1.86,0.0
20230718:2211,0.0,0.0,0.0,13.75,1.79,0.0
20230718:2311,0.0,0.0,0.0,13.66,1.79,0.0
20230719:0011,0.0,0.0,0.0,13.51,1.72,0.0
20230719:0111,0.0,0.0,0.0,13.42,1.38,0.0
20230719:0211,0.0,0.0,0.0,13.46,0.9,0.0
20230719:0311,0.0,0.0,0.0,13.6,0.34,0.0
20230719:0411,0.0,0.0,0.0,13.38,0.62,0.0
20230719:0511,26.55,21.86,7.65,13.38,1.1,0.0
20230719:0611,101.1,55.63,16.06,13.89,1.59,0.0
20230719:0711,429.33,189.59,24.89,14.43,1.93,0.0
20230719:0811,1051.77,443.68,33.78,14.98,2.41,0.0
20230719:0911,532.95,230.05,42.27,15.98,2.9,0.0
20230719:1011,1432.32,610.4,49.73,17.25,3.38,0.0
20230719:1111,1716.81,741.36,55.17,17.94,3.93,0.0
20230719:1211,1573.68,668.31,57.38,16.89,4.48,0.0
20230719:1311,2201.04,961.26,55.67,17.14,4.97,0.0
20230719:1411,2038.02,879.51,50.59,17.59,5.1,0.0
20230719:1511,1747.77,739.84,43.33,17.57,5.31,0.0
20230719:1611,1365.45,574.26,34.94,17.38,5.17,0.0
20230719:1711,758.94,335.47,26.07,16.87,4.9,0.0
20230719:1811,228.06,137.6,17.22,16.18,4.69,0.0
20230719:1911,70.92,42.85,8.73,15.64,3.59,0.0
20230719:2011,0.0,0.0,0.0,14.37,3.03,0.0
20230719:2111,0.0,0.0,0.0,13.25,2.62,0.0
20230719:2211,0.0,0.0,0.0,12.4,2.41,0.0
20230719:2311,0.0,0.0,0.0,11.76,2.28,0.0
20230720:0011,0.0,0.0,0.0,11.48,2.14,0.0
20230720:0111,0.0,0.0,0.0,11.09,2.14,0.0
20230720:0211,0.0,0.0,0.0,11.02,2.07,0.0
20230720:0311,0.0,0.0,0.0,10.67,2.14,0.0
20230720:0411,0.0,0.0,0.0,10.46,2.07,0.0
20230720:0511,13.74,14.87,7.49,10.57,2.0,0.0
20230720:0611,158.82,79.35,15.91,12.18,1.93,0.0
20230720:0711,381.0,168.87,24.74,13.87,2.55,0.0
20230720:0811,713.76,301.35,33.62,14.81,3.03,0.0
20230720:0911,1497.24,632.34,42.11,15.36,3.31,0.0
20230720:1011,1637.28,697.2,49.56,15.91,3.66,0.0
20230720:1111,2236.17,987.74,54.99,16.56,4.07,0.0
20230720:1211,2214.03,975.35,57.2,16.78,4.34,0.0
20230720:1311,2350.35,1043.58,55.5,16.82,4.41,0.0
20230720:1411,1617.39,687.12,50.43,17.05,4.48,0.0
20230720:1511,1167.03,488.58,43.19,16.82,4.48,0.0
20230720:1611,1124.16,470.64,34.8,16.28,4.41,0.0
20230720:1711,630.75,274.06,25.94,15.73,4.21,0.0
20230720:1811,268.83,138.76,17.08,15.17,3.86,0.0
20230720:1911,49.95,33.23,8.59,14.62,3.45,0.0
20230720:2011,0.0,0.0,0.0,13.65,2.9,0.0
20230720:2111,0.0,0.0,0.0,12.78,2.48,0.0
20230720:2211,0.0,0.0,0.0,12.05,2.07,0.0
20230720:2311,0.0,0.0,0.0,11.36,2.0,0.0
20230721:0011,0.0,0.0,0.0,11.15,1.93,0.0
20230721:0111,0.0,0.0,0.0,10.82,2.0,0.0
20230721:0211,0.0,0.0,0.0,10.64,2.07,0.0
20230721:0311,0.0,0.0,0.0,10.89,2.07,0.0
20230721:0411,0.0,0.0,0.0,11.21,2.07,0.0
20230721:0511,39.51,27.98,7.33,11.26,2.07,0.0
20230721:0611,175.5,86.35,15.75,12.11,2.69,0.0
20230721:0711,223.05,104.76,24.59,12.62,2.76,0.0
20230721:0811,560.07,237.43,33.47,12.86,3.03,0.0
20230721:0911,849.42,353.8,41.95,13.33,2.9,0.0
20230721:1011,1320.33,553.42,49.38,14.16,3.03,0.0
20230721:1111,1619.13,688.11,54.8,15.07,3.52,0.0
20230721:1211,2192.88,964.71,57.01,15.46,3.79,0.0
20230721:1311,1791.33,767.12,55.32,15.64,3.93,0.0
20230721:1411,1406.97,591.38,50.27,15.71,4.0,0.0
20230721:1511,1302.27,546.45,43.05,16.04,3.79,0.0
20230721:1611,1022.31,428.7,34.66,16.16,3.93,0.0
20230721:1711,603.57,262.61,25.81,15.82,4.14,0.0
20230721:1811,267.03,135.66,16.94,15.21,3.52,0.0
20230721:1911,38.7,27.98,8.44,15.03,2.97,0.0
20230721:2011,0.0,0.0,0.0,14.33,2.34,0.0
20230721:2111,0.0,0.0,0.0,13.69,1.86,0.0
20230721:2211,0.0,0.0,0.0,13.31,1.72,0.0
20230721:2311,0.0,0.0,0.0,13.07,1.93,0.0
20230722:0011,0.0,0.0,0.0,12.81,2.34,0.0
20230722:0111,0.0,0.0,0.0,12.6,2.76,0.0
20230722:0211,0.0,0.0,0.0,12.49,3.03,0.0
20230722:0311,0.0,0.0,0.0,12.46,3.31,0.0
20230722:0411,0.0,0.0,0.0,12.53,3.59,0.0
20230722:0511,18.3,17.49,7.16,12.58,3.38,0.0
20230722:0611,27.48,22.25,15.59,12.67,3.38,0.0
20230722:0711,42.69,29.67,24.43,13.12,3.72,0.0
20230722:0811,220.11,103.84,33.31,13.49,3.86,0.0
20230722:0911,215.22,101.98,41.78,13.81,4.21,0.0
20230722:1011,278.07,127.01,49.21,14.02,4.0,0.0
20230722:1111,549.93,234.56,54.61,14.39,4.0,0.0
20230722:1211,581.13,247.0,56.81,14.79,4.55,0.0
20230722:1311,673.44,283.81,55.13,14.77,4.41,0.0
20230722:1411,404.19,177.08,50.1,14.73,4.34,0.0
20230722:1511,531.51,227.35,42.89,14.72,4.14,0.0
20230722:1611,340.35,152.05,34.52,14.79,4.0,0.0
20230722:1711,216.06,102.91,25.66,15.03,3.59,0.0
20230722:1811,118.14,63.04,16.8,15.24,3.17,0.0
20230722:1911,26.1,21.86,8.29,16.52,3.03,0.0
20230722:2011,0.0,0.0,0.0,16.08,2.97,0.0
20230722:2111,0.0,0.0,0.0,15.77,3.1,0.0
20230722:2211,0.0,0.0,0.0,15.59,3.24,0.0
20230722:2311,0.0,0.0,0.0,15.44,3.17,0.0
20230723:0011,0.0,0.0,0.0,15.35,2.9,0.0
20230723:0111,0.0,0.0,0.0,15.3,2.9,0.0
20230723:0211,0.0,0.0,0.0,15.26,3.1,0.0
20230723:0311,0.0,0.0,0.0,15.21,3.24,0.0
20230723:0411,0.0,0.0,0.0,15.18,3.17,0.0
20230723:0511,8.97,12.24,7.0,15.13,3.31,0.0
20230723:0611,83.4,48.21,15.43,15.08,3.59,0.0
20230723:0711,190.29,92.71,24.27,15.29,2.97,0.0
20230723:0811,162.9,81.59,33.15,15.39,3.17,0.0
20230723:0911,345.75,154.83,41.61,15.59,3.59,0.0
20230723:1011,275.16,127.01,49.03,16.0,3.52,0.0
20230723:1111,439.26,192.84,54.42,16.37,3.1,0.0
20230723:1211,331.71,150.19,56.61,16.67,2.76,0.0
20230723:1311,432.48,190.98,54.94,16.82,2.21,0.0
20230723:1411,303.0,139.07,49.93,16.55,1.31,0.0
20230723:1511,701.01,299.45,42.73,16.22,1.86,0.0
20230723:1611,626.1,267.39,34.37,15.99,2.9,0.0
20230723:1711,344.16,154.36,25.51,15.32,3.66,0.0
20230723:1811,206.13,100.28,16.65,14.85,4.21,0.0
20230723:1911,2.58,7.87,8.14,14.59,4.41,0.0
20230723:2011,0.0,0.0,0.0,14.03,4.69,0.0
20230723:2111,0.0,0.0,0.0,13.55,5.1,0.0
20230723:2211,0.0,0.0,0.0,13.17,5.24,0.0
20230723:2311,0.0,0.0,0.0,12.88,4.97,0.0
20230724:0011,0.0,0.0,0.0,12.64,4.48,0.0
20230724:0111,0.0,0.0,0.0,12.53,4.14,0.0
20230724:0211,0.0,0.0,0.0,12.25,4.07,0.0
20230724:0311,0.0,0.0,0.0,11.98,3.72,0.0
20230724:0411,0.0,0.0,0.0,11.5,3.52,0.0
20230724:0511,7.8,11.37,6.82,11.13,3.52,0.0
20230724:0611,89.4,50.06,15.26,11.2,2.9,0.0
20230724:0711,509.94,220.63,24.1,12.27,4.41,0.0
20230724:0811,1235.37,511.85,32.98,13.22,4.28,0.0
20230724:0911,1474.2,615.91,41.44,14.55,3.93,0.0
20230724:1011,935.1,391.82,48.84,15.35,3.45,0.0
20230724:1111,1049.19,441.48,54.22,15.96,3.31,0.0
20230724:1211,1560.12,668.04,56.41,16.35,3.24,0.0
20230724:1311,1504.23,643.95,54.75,16.9,3.24,0.0
20230724:1411,1020.75,432.89,49.75,17.62,3.17,0.0
20230724:1511,1110.81,468.42,42.56,17.05,3.38,0.0
20230724:1611,550.17,236.7,34.21,16.48,3.86,0.0
20230724:1711,359.04,160.77,25.36,16.06,4.07,0.0
20230724:1811,237.06,114.88,16.49,15.52,3.86,0.0
20230724:1911,65.31,40.23,7.97,14.78,3.17,0.0
20230724:2011,0.0,0.0,0.0,13.73,2.69,0.0
20230724:2111,0.0,0.0,0.0,12.62,2.41,0.0
20230724:2211,0.0,0.0,0.0,12.01,2.21,0.0
20230724:2311,0.0,0.0,0.0,11.36,2.0,0.0
20230725:0011,0.0,0.0,0.0,11.09,1.86,0.0
20230725:0111,0.0,0.0,0.0,10.46,1.93,0.0
20230725:0211,0.0,0.0,0.0,10.26,2.07,0.0
20230725:0311,0.0,0.0,0.0,9.88,2.14,0.0
20230725:0411,0.0,0.0,0.0,9.52,2.21,0.0
20230725:0511,53.22,34.1,6.65,9.63,2.14,0.0
20230725:0611,125.16,64.9,15.09,10.83,2.0,0.0
20230725:0711,591.93,259.01,23.94,12.21,2.48,0.0
20230725:0811,1253.88,523.7,32.81,13.47,3.38,0.0
20230725:0911,1408.11,588.94,41.26,14.35,3.45,0.0
20230725:1011,916.11,382.98,48.65,15.17,3.79,0.0
20230725:1111,1094.79,456.92,54.01,15.53,4.34,0.0
20230725:1211,392.82,173.37,56.2,15.98,4.9,0.0
20230725:1311,1026.99,429.06,54.54,16.28,4.97,0.0
20230725:1411,1536.45,645.55,49.56,16.5,5.1,0.0
20230725:1511,1598.31,670.37,42.39,16.56,5.24,0.0
20230725:1611,1171.47,486.67,34.04,15.99,5.66,0.0
20230725:1711,725.82,317.16,25.2,15.49,5.45,0.0
20230725:1811,229.98,132.96,16.33,14.98,4.9,0.0
20230725:1911,71.34,42.85,7.8,14.53,3.72,0.0
20230725:2011,0.0,0.0,0.0,13.61,2.97,0.0
20230725:2111,0.0,0.0,0.0,12.91,2.41,0.0
20230725:2211,0.0,0.0,0.0,12.39,2.21,0.0
20230725:2311,0.0,0.0,0.0,11.94,2.07,0.0
20230726:0011,0.0,0.0,0.0,11.56,2.07,0.0
20230726:0111,0.0,0.0,0.0,11.28,2.07,0.0
20230726:0211,0.0,0.0,0.0,11.29,1.93,0.0
20230726:0311,0.0,0.0,0.0,10.89,1.93,0.0
20230726:0411,0.0,0.0,0.0,10.25,2.07,0.0
20230726:0511,20.25,18.36,6.47,9.99,2.0,0.0
20230726:0611,195.21,95.63,14.92,11.39,1.72,0.0
20230726:0711,600.69,266.05,23.77,13.44,2.21,0.0
20230726:0811,1220.01,516.09,32.64,15.0,2.62,0.0
20230726:0911,1437.87,611.41,41.09,16.46,2.9,0.0
20230726:1011,1754.22,762.14,48.46,17.46,3.1,0.0
20230726:1111,1901.13,832.43,53.81,18.32,3.79,0.0
20230726:1211,2148.24,953.01,55.98,18.71,4.28,0.0
20230726:1311,1802.34,779.98,54.33,18.76,4.55,0.0
20230726:1411,588.48,254.22,49.37,18.82,4.9,0.0
20230726:1511,282.78,130.72,42.21,17.55,4.55,0.0
20230726:1611,185.04,90.86,33.87,16.17,3.52,0.0
20230726:1711,116.01,62.12,25.03,15.22,3.86,0.0
20230726:1811,56.34,36.16,16.16,14.75,4.55,0.0
20230726:1911,1.47,7.0,7.63,14.54,4.76,0.0
20230726:2011,0.0,0.0,0.0,14.3,4.83,0.0
20230726:2111,0.0,0.0,0.0,14.24,4.41,0.0
20230726:2211,0.0,0.0,0.0,14.41,4.07,0.0
20230726:2311,0.0,0.0,0.0,14.82,4.07,0.0
20230727:0011,0.0,0.0,0.0,15.07,3.79,0.0
20230727:0111,0.0,0.0,0.0,14.9,3.24,0.0
20230727:0211,0.0,0.0,0.0,15.0,2.97,0.0
20230727:0311,0.0,0.0,0.0,15.26,2.21,0.0
20230727:0411,0.0,0.0,0.0,15.54,2.41,0.0
20230727:0511,22.86,20.11,6.29,15.73,2.69,0.0
20230727:0611,100.2,55.63,14.75,15.9,2.9,0.0
20230727:0711,308.52,141.16,23.59,16.45,3.24,0.0
20230727:0811,525.21,226.47,32.46,16.87,5.1,0.0
20230727:0911,533.43,229.85,40.9,17.06,5.24,0.0
20230727:1011,476.94,207.67,48.26,17.16,5.1,0.0
20230727:1111,938.13,394.04,53.59,17.34,5.1,0.0
20230727:1211,651.09,277.96,55.76,17.69,5.17,0.0
20230727:1311,633.69,271.43,54.12,18.06,5.1,0.0
20230727:1411,473.7,207.67,49.17,18.49,4.97,0.0
20230727:1511,709.11,302.75,42.03,18.7,4.55,0.0
20230727:1611,617.07,266.38,33.7,18.55,3.38,0.0
20230727:1711,340.38,155.32,24.86,18.43,2.83,0.0
20230727:1811,147.51,76.41,15.99,18.28,2.48,0.0
20230727:1911,47.19,32.35,7.45,17.9,1.93,0.0
20230727:2011,0.0,0.0,0.0,17.13,1.38,0.0
20230727:2111,0.0,0.0,0.0,16.2,0.9,0.0
20230727:2211,0.0,0.0,0.0,16.12,0.62,0.0
20230727:2311,0.0,0.0,0.0,14.58,1.17,0.0
20230728:0011,0.0,0.0,0.0,13.84,1.66,0.0
20230728:0111,0.0,0.0,0.0,14.0,1.72,0.0
20230728:0211,0.0,0.0,0.0,14.31,1.72,0.0
20230728:0311,0.0,0.0,0.0,14.74,1.79,0.0
20230728:0411,0.0,0.0,0.0,14.6,1.93,0.0
20230728:0511,35.13,26.23,6.1,14.79,1.93,0.0
20230728:0611,113.49,61.19,14.57,15.46,2.34,0.0
20230728:0711,234.9,111.16,23.42,16.4,3.59,0.0
20230728:0811,274.29,127.01,32.29,16.75,3.79,0.0
20230728:0911,389.22,173.37,40.72,17.61,4.28,0.0
20230728:1011,1010.01,426.4,48.06,18.33,4.48,0.0
20230728:1111,1554.96,666.11,53.37,19.28,4.69,0.0
20230728:1211,1488.54,638.21,55.53,19.77,4.69,0.0
20230728:1311,1366.2,584.63,53.9,19.94,4.48,0.0
20230728:1411,597.21,260.2,48.96,20.52,4.28,0.0
20230728:1511,808.5,347.34,41.84,20.63,3.86,0.0
20230728:1611,376.86,170.95,33.52,20.35,2.83,0.0
20230728:1711,108.66,60.26,24.68,20.3,3.1,0.0
20230728:1811,50.88,34.3,15.81,19.66,3.1,0.0
20230728:1911,0.39,6.12,7.26,18.39,3.03,0.0
20230728:2011,0.0,0.0,0.0,17.65,2.83,0.0
20230728:2111,0.0,0.0,0.0,17.11,2.97,0.0
20230728:2211,0.0,0.0,0.0,16.54,3.17,0.0
20230728:2311,0.0,0.0,0.0,16.07,3.31,0.0
20230729:0011,0.0,0.0,0.0,15.51,3.31,0.0
20230729:0111,0.0,0.0,0.0,14.99,3.31,0.0
20230729:0211,0.0,0.0,0.0,14.41,3.38,0.0
20230729:0311,0.0,0.0,0.0,14.33,3.38,0.0
20230729:0411,0.0,0.0,0.0,14.11,3.45,0.0
20230729:0511,42.63,29.73,5.91,13.98,3.66,0.0
20230729:0611,164.64,82.84,14.39,14.28,3.86,0.0
20230729:0711,232.11,109.31,23.24,14.89,3.86,0.0
20230729:0811,1164.75,487.09,32.11,15.32,4.28,0.0
20230729:0911,668.88,283.04,40.53,16.04,4.48,0.0
20230729:1011,1507.38,635.2,47.86,17.12,4.9,0.0
20230729:1111,1891.92,812.95,53.15,17.93,5.24,0.0
20230729:1211,1424.7,601.55,55.3,18.29,5.52,0.0
20230729:1311,2080.2,901.77,53.67,18.46,5.66,0.0
20230729:1411,1494.81,630.38,48.75,18.58,5.86,0.0
20230729:1511,1194.75,500.63,41.64,18.72,5.93,0.0
20230729:1611,912.24,384.21,33.33,18.57,5.86,0.0
20230729:1711,583.44,256.78,24.5,18.14,5.59,0.0
20230729:1811,236.52,119.95,15.62,17.55,5.24,0.0
20230729:1911,64.71,40.23,7.07,16.7,4.28,0.0
20230729:2011,0.0,0.0,0.0,15.98,4.21,0.0
20230729:2111,0.0,0.0,0.0,15.35,4.21,0.0
20230729:2211,0.0,0.0,0.0,14.67,4.07,0.0
20230729:2311,0.0,0.0,0.0,14.29,3.93,0.0
20230730:0011,0.0,0.0,0.0,13.98,4.0,0.0
20230730:0111,0.0,0.0,0.0,13.51,4.07,0.0
20230730:0211,0.0,0.0,0.0,13.27,4.28,0.0
20230730:0311,0.0,0.0,0.0,13.03,4.21,0.0
20230730:0411,0.0,0.0,0.0,12.84,4.41,0.0
20230730:0511,24.93,20.99,5.72,13.07,4.69,0.0
20230730:0611,97.2,53.77,14.2,13.49,4.76,0.0
20230730:0711,272.55,124.9,23.06,14.02,4.97,0.0
20230730:0811,511.77,218.78,31.92,14.92,6.14,0.0
20230730:0911,900.75,373.3,40.33,15.8,6.34,0.0
20230730:1011,813.78,339.66,47.65,16.36,6.69,0.0
20230730:1111,657.75,278.4,52.93,16.69,6.48,0.0
20230730:1211,1343.22,560.84,55.06,17.35,6.34,0.0
20230730:1311,332.4,150.19,53.44,17.53,6.28,0.0
20230730:1411,469.2,204.89,48.53,17.92,6.14,0.0
20230730:1511,506.7,219.76,41.44,17.59,5.31,0.0
20230730:1611,522.39,225.64,33.14,17.07,4.83,0.0
20230730:1711,366.93,164.6,24.31,16.43,3.52,0.0
20230730:1811,142.59,73.63,15.43,16.14,3.72,0.0
20230730:1911,33.27,25.36,6.87,15.24,2.97,0.0
20230730:2011,0.0,0.0,0.0,15.15,3.45,0.0
20230730:2111,0.0,0.0,0.0,15.46,4.07,0.0
20230730:2211,0.0,0.0,0.0,15.58,4.34,0.0
20230730:2311,0.0,0.0,0.0,15.53,4.62,0.0
20230731:0011,0.0,0.0,0.0,15.67,4.62,0.0
20230731:0111,0.0,0.0,0.0,15.77,4.28,0.0
20230731:0211,0.0,0.0,0.0,15.99,3.93,0.0
20230731:0311,0.0,0.0,0.0,16.05,4.34,0.0
20230731:0411,0.0,0.0,0.0,15.98,3.93,0.0
20230731:0511,29.67,23.61,5.53,15.84,3.86,0.0
20230731:0611,38.22,27.81,14.02,15.8,4.0,0.0
20230731:0711,72.39,43.57,22.88,16.2,3.86,0.0
20230731:0811,178.17,88.08,31.74,16.4,4.34,0.0
20230731:0911,332.79,150.19,40.14,16.43,3.72,0.0
20230731:1011,153.24,77.88,47.44,16.46,4.55,0.0
20230731:1111,242.55,114.03,52.69,16.54,4.97,0.0
20230731:1211,280.02,128.87,54.82,16.26,4.76,0.0
20230731:1311,147.42,75.1,53.2,15.22,4.76,0.0
20230731:1411,309.39,139.99,48.31,15.11,4.07,0.0
20230731:1511,248.46,115.89,41.23,15.2,3.93,0.0
20230731:1611,498.45,213.91,32.94,14.78,4.83,0.0
20230731:1711,207.21,99.2,24.11,14.82,4.21,0.0
20230731:1811,212.64,105.16,15.23,14.95,5.17,0.0
20230731:1911,18.06,17.49,6.67,15.03,4.55,0.0
20230731:2011,0.0,0.0,0.0,14.63,4.69,0.0
20230731:2111,0.0,0.0,0.0,14.22,4.69,0.0
20230731:2211,0.0,0.0,0.0,14.06,4.69,0.0
20230731:2311,0.0,0.0,0.0,13.58,4.9,0.0
20230801:0011,0.0,0.0,0.0,13.43,4.83,0.0
20230801:0111,0.0,0.0,0.0,13.5,4.83,0.0
20230801:0211,0.0,0.0,0.0,13.35,4.69,0.0
20230801:0311,0.0,0.0,0.0,13.38,4.48,0.0
20230801:0411,0.0,0.0,0.0,13.35,4.48,0.0
20230801:0511,1.5,7.0,5.34,13.24,4.62,0.0
20230801:0611,90.66,50.99,13.83,13.47,4.76,0.0
20230801:0711,427.29,187.53,22.69,13.39,5.38,0.0
20230801:0811,563.07,237.69,31.55,13.81,6.21,0.0
20230801:0911,467.49,200.88,39.94,14.32,6.28,0.0
20230801:1011,249.48,115.89,47.22,14.93,6.07,0.0
20230801:1111,538.86,229.92,52.46,15.06,5.72,0.0
20230801:1211,686.64,289.17,54.57,15.48,5.38,0.0
20230801:1311,879.93,367.61,52.96,15.75,4.97,0.0
20230801:1411,875.82,367.29,48.08,16.28,4.41,0.0
20230801:1511,1398.12,591.07,41.02,16.65,3.45,0.0
20230801:1611,374.58,167.28,32.74,16.84,3.17,0.0
20230801:1711,97.32,54.7,23.91,17.25,2.62,0.0
20230801:1811,132.66,69.92,15.03,17.14,1.86,0.0
20230801:1911,7.47,11.37,6.46,16.95,0.97,0.0
20230801:2011,0.0,0.0,0.0,15.99,1.24,0.0
20230801:2111,0.0,0.0,0.0,14.83,2.07,0.0
20230801:2211,0.0,0.0,0.0,14.49,2.41,0.0
20230801:2311,0.0,0.0,0.0,14.24,2.76,0.0
20230802:0011,0.0,0.0,0.0,13.98,3.17,0.0
20230802:0111,0.0,0.0,0.0,13.76,3.24,0.0
20230802:0211,0.0,0.0,0.0,13.53,3.79,0.0
20230802:0311,0.0,0.0,0.0,13.56,4.62,0.0
20230802:0411,0.0,0.0,0.0,13.62,5.1,0.0
20230802:0511,24.84,20.99,5.14,13.61,4.97,0.0
20230802:0611,69.12,41.72,13.64,13.67,4.14,0.0
20230802:0711,196.59,94.56,22.5,13.66,3.45,0.0
20230802:0811,369.93,163.54,31.36,13.94,2.69,0.0
20230802:0911,614.79,262.83,39.74,14.54,1.31,0.0
20230802:1011,450.18,198.4,47.0,15.64,0.41,0.0
20230802:1111,657.3,283.57,52.22,16.22,0.83,0.0
20230802:1211,482.64,211.38,54.32,16.43,1.52,0.0
20230802:1311,895.8,380.4,52.71,16.9,2.62,0.0
20230802:1411,207.6,100.13,47.85,16.62,4.0,0.0
20230802:1511,656.55,278.04,40.8,16.37,5.1,0.0
20230802:1611,238.5,112.18,32.53,16.2,5.59,0.0
20230802:1711,83.13,48.21,23.71,15.86,4.69,0.0
20230802:1811,64.26,39.87,14.82,15.64,3.93,0.0
20230802:1911,0.0,5.25,6.25,15.26,4.14,0.0
20230802:2011,0.0,0.0,0.0,14.88,3.66,0.0
20230802:2111,0.0,0.0,0.0,14.44,3.45,0.0
20230802:2211,0.0,0.0,0.0,14.3,3.38,0.0
20230802:2311,0.0,0.0,0.0,13.78,3.17,0.0
20230803:0011,0.0,0.0,0.0,13.17,2.9,0.0
20230803:0111,0.0,0.0,0.0,12.75,2.69,0.0
20230803:0211,0.0,0.0,0.0,12.07,2.62,0.0
20230803:0311,0.0,0.0,0.0,11.31,2.76,0.0
20230803:0411,0.0,0.0,0.0,11.04,2.69,0.0
20230803:0511,35.91,26.23,4.94,10.82,2.34,0.0
20230803:0611,168.81,97.75,13.45,11.6,1.93,0.0
20230803:0711,468.03,207.07,22.31,13.98,2.62,0.0
20230803:0811,1047.12,439.69,31.16,15.23,3.31,0.0
20230803:0911,705.36,298.61,39.53,16.14,3.59,0.0
20230803:1011,726.39,307.6,46.78,16.37,3.79,0.0
20230803:1111,2028.33,889.02,51.98,17.1,3.79,0.0
20230803:1211,1332.18,564.63,54.06,17.92,4.28,0.0
20230803:1311,454.74,199.33,52.45,17.5,4.62,0.0
20230803:1411,298.5,137.21,47.61,17.99,4.9,0.0
20230803:1511,678.96,288.92,40.57,17.83,5.03,0.0
20230803:1611,1252.38,526.14,32.31,17.51,5.1,0.0
20230803:1711,661.62,292.74,23.5,16.91,5.03,0.0
20230803:1811,214.95,117.56,14.61,16.06,4.28,0.0
20230803:1911,4.92,9.62,6.03,16.05,4.0,0.0
20230803:2011,0.0,0.0,0.0,15.32,3.31,0.0
20230803:2111,0.0,0.0,0.0,14.62,3.03,0.0
20230803:2211,0.0,0.0,0.0,14.28,2.97,0.0
20230803:2311,0.0,0.0,0.0,14.17,3.17,0.0
20230804:0011,0.0,0.0,0.0,13.65,3.38,0.0
20230804:0111,0.0,0.0,0.0,13.8,3.17,0.0
20230804:0211,0.0,0.0,0.0,13.84,3.03,0.0
20230804:0311,0.0,0.0,0.0,13.75,2.97,0.0
20230804:0411,0.0,0.0,0.0,13.68,3.03,0.0
20230804:0511,13.47,14.87,4.73,13.61,2.97,0.0
20230804:0611,103.56,56.55,13.25,13.71,3.17,0.0
20230804:0711,248.94,115.77,22.12,13.98,3.1,0.0
20230804:0811,308.01,139.07,30.97,14.21,3.38,0.0
20230804:0911,521.46,223.27,39.33,14.67,4.14,0.0
20230804:1011,283.35,129.79,46.55,15.35,4.21,0.0
20230804:1111,443.55,193.77,51.73,16.3,4.76,0.0
20230804:1211,1064.97,444.59,53.8,16.52,5.24,0.0
20230804:1311,1617.84,678.07,52.19,16.07,5.66,0.0
20230804:1411,1193.31,495.89,47.36,16.12,5.38,0.0
20230804:1511,1051.11,436.39,40.34,16.15,5.31,0.0
20230804:1611,1170.27,487.32,32.09,15.81,5.03,0.0
20230804:1711,671.97,296.2,23.28,15.59,4.62,0.0
20230804:1811,125.49,66.22,14.39,15.01,4.21,0.0
20230804:1911,3.75,8.74,5.8,14.4,3.17,0.0
20230804:2011,0.0,0.0,0.0,13.61,2.55,0.0
20230804:2111,0.0,0.0,0.0,13.11,2.0,0.0
20230804:2211,0.0,0.0,0.0,12.7,1.52,0.0
20230804:2311,0.0,0.0,0.0,12.25,1.03,0.0
20230805:0011,0.0,0.0,0.0,11.74,0.83,0.0
20230805:0111,0.0,0.0,0.0,11.13,1.17,0.0
20230805:0211,0.0,0.0,0.0,11.05,1.17,0.0
20230805:0311,0.0,0.0,0.0,10.7,1.38,0.0
20230805:0411,0.0,0.0,0.0,10.76,1.59,0.0
20230805:0511,26.97,21.86,4.53,10.7,1.86,0.0
20230805:0611,49.08,32.45,13.05,11.47,2.28,0.0
20230805:0711,36.99,26.89,21.93,12.34,3.1,0.0
20230805:0811,112.98,60.26,30.77,12.82,3.93,0.0
20230805:0911,663.63,277.4,39.12,12.87,3.86,0.0
20230805:1011,908.22,375.81,46.32,13.25,3.93,0.0
20230805:1111,615.78,260.01,51.48,13.35,3.31,0.0
20230805:1211,690.72,290.23,53.53,13.51,3.24,0.0
20230805:1311,1106.88,460.23,51.93,14.07,3.66,0.0
20230805:1411,644.07,272.3,47.11,14.87,4.07,0.0
20230805:1511,209.52,100.13,40.11,14.88,4.48,0.0
20230805:1611,154.89,77.88,31.86,14.42,5.03,0.0
20230805:1711,342.93,152.95,23.06,13.87,4.9,0.0
20230805:1811,103.86,56.55,14.16,13.37,4.55,0.0
20230805:1911,13.56,14.87,5.57,12.69,4.07,0.0
20230805:2011,0.0,0.0,0.0,12.18,3.66,0.0
20230805:2111,0.0,0.0,0.0,11.55,3.24,0.0
20230805:2211,0.0,0.0,0.0,10.98,2.76,0.0
20230805:2311,0.0,0.0,0.0,10.5,2.48,0.0
20230806:0011,0.0,0.0,0.0,10.01,2.28,0.0
20230806:0111,0.0,0.0,0.0,9.67,2.14,0.0
20230806:0211,0.0,0.0,0.0,9.45,2.07,0.0
20230806:0311,0.0,0.0,0.0,9.43,2.14,0.0
20230806:0411,0.0,0.0,0.0,9.5,2.14,0.0
20230806:0511,15.42,15.74,4.32,9.4,2.14,0.0
20230806:0611,153.6,77.76,12.85,10.39,2.0,0.0
20230806:0711,407.13,179.57,21.73,12.38,2.97,0.0
20230806:0811,946.02,394.54,30.57,13.63,3.1,0.0
20230806:0911,1464.99,614.77,38.9,14.57,3.31,0.0
20230806:1011,1753.8,747.63,46.09,15.11,3.59,0.0
20230806:1111,621.69,264.67,51.22,15.76,4.0,0.0
20230806:1211,317.61,143.7,53.26,15.94,4.34,0.0
20230806:1311,703.62,297.22,51.66,15.98,4.62,0.0
20230806:1411,882.63,369.38,46.85,16.35,4.9,0.0
20230806:1511,528.09,227.1,39.87,16.42,5.17,0.0
20230806:1611,420.99,183.84,31.63,15.48,5.52,0.0
20230806:1711,379.83,168.85,22.83,15.06,4.69,0.0
20230806:1811,203.82,104.35,13.93,14.95,4.14,0.0
20230806:1911,40.65,28.86,5.34,14.52,3.31,0.0
20230806:2011,0.0,0.0,0.0,13.31,2.69,0.0
20230806:2111,0.0,0.0,0.0,12.77,2.48,0.0
20230806:2211,0.0,0.0,0.0,12.53,2.28,0.0
20230806:2311,0.0,0.0,0.0,11.91,2.21,0.0
20230807:0011,0.0,0.0,0.0,11.55,2.14,0.0
20230807:0111,0.0,0.0,0.0,11.41,2.21,0.0
20230807:0211,0.0,0.0,0.0,11.23,2.28,0.0
20230807:0311,0.0,0.0,0.0,11.24,2.41,0.0
20230807:0411,0.0,0.0,0.0,11.01,2.55,0.0
20230807:0511,23.49,20.11,4.11,10.99,2.55,0.0
20230807:0611,140.04,90.2,12.65,11.82,2.55,0.0
20230807:0711,526.71,232.21,21.53,12.97,3.79,0.0
20230807:0811,815.43,340.21,30.36,14.31,4.21,0.0
20230807:0911,1375.47,569.85,38.69,14.87,4.83,0.0
20230807:1011,940.62,390.42,45.86,15.25,5.17,0.0
20230807:1111,846.48,353.51,50.96,15.78,5.38,0.0
20230807:1211,984.03,410.23,52.99,16.17,5.38,0.0
20230807:1311,373.59,165.95,51.38,16.45,5.45,0.0
20230807:1411,467.55,203.04,46.59,16.22,5.24,0.0
20230807:1511,435.48,190.41,39.62,16.25,4.97,0.0
20230807:1611,810.12,339.99,31.39,16.08,4.55,0.0
20230807:1711,686.01,305.45,22.59,15.69,4.0,0.0
20230807:1811,203.43,106.21,13.7,15.27,3.45,0.0
20230807:1911,36.96,27.11,5.1,14.68,2.69,0.0
20230807:2011,0.0,0.0,0.0,13.86,2.55,0.0
20230807:2111,0.0,0.0,0.0,13.27,2.55,0.0
20230807:2211,0.0,0.0,0.0,13.1,2.62,0.0
20230807:2311,0.0,0.0,0.0,13.04,2.9,0.0
20230808:0011,0.0,0.0,0.0,12.87,3.1,0.0
20230808:0111,0.0,0.0,0.0,12.49,3.24,0.0
20230808:0211,0.0,0.0,0.0,12.38,3.1,0.0
20230808:0311,0.0,0.0,0.0,12.39,2.9,0.0
20230808:0411,0.0,0.0,0.0,12.36,2.69,0.0
20230808:0511,6.39,10.49,3.9,11.97,2.34,0.0
20230808:0611,167.46,89.18,12.45,12.16,2.28,0.0
20230808:0711,421.77,187.24,21.33,13.36,2.48,0.0
20230808:0811,844.32,354.21,30.16,14.38,2.9,0.0
20230808:0911,1439.01,606.35,38.47,15.21,3.1,0.0
20230808:1011,703.83,298.35,45.62,15.82,3.17,0.0
20230808:1111,968.25,407.87,50.7,16.89,3.79,0.0
20230808:1211,1212.21,510.64,52.71,17.42,4.41,0.0
20230808:1311,1766.31,758.71,51.1,17.44,4.34,0.0
20230808:1411,1502.1,636.4,46.33,17.55,4.41,0.0
20230808:1511,1675.38,714.07,39.37,17.38,4.07,0.0
20230808:1611,1272.66,537.9,31.15,17.09,4.0,0.0
20230808:1711,691.86,310.53,22.36,16.44,3.86,0.0
20230808:1811,182.25,93.26,13.46,15.66,3.66,0.0
20230808:1911,2.58,7.87,4.85,14.66,3.17,0.0
20230808:2011,0.0,0.0,0.0,13.35,2.69,0.0
20230808:2111,0.0,0.0,0.0,12.37,2.55,0.0
20230808:2211,0.0,0.0,0.0,11.7,2.48,0.0
20230808:2311,0.0,0.0,0.0,11.2,2.48,0.0
20230809:0011,0.0,0.0,0.0,10.99,2.28,0.0
20230809:0111,0.0,0.0,0.0,10.58,2.07,0.0
20230809:0211,0.0,0.0,0.0,10.2,1.93,0.0
20230809:0311,0.0,0.0,0.0,9.71,1.79,0.0
20230809:0411,0.0,0.0,0.0,9.32,1.66,0.0
20230809:0511,20.37,18.36,3.68,8.97,1.72,0.0
20230809:0611,161.16,83.63,12.24,10.31,1.45,0.0
20230809:0711,626.4,286.24,21.12,13.57,1.79,0.0
20230809:0811,727.47,307.5,29.95,15.03,2.76,0.0
20230809:0911,1169.76,491.91,38.25,16.34,3.1,0.0
20230809:1011,1979.82,865.51,45.37,17.64,3.66,0.0
20230809:1111,963.27,408.73,50.43,18.15,3.52,0.0
20230809:1211,583.08,253.13,52.42,18.67,3.24,0.0
20230809:1311,1690.08,741.35,50.82,19.29,2.97,0.0
20230809:1411,770.55,332.15,46.05,19.87,2.83,0.0
20230809:1511,854.97,367.8,39.11,20.16,2.62,0.0
20230809:1611,649.44,283.06,30.9,20.44,2.41,0.0
20230809:1711,378.27,174.03,22.11,20.32,1.38,0.0
20230809:1811,167.76,88.85,13.21,20.23,0.9,0.0
20230809:1911,11.46,13.99,4.6,19.9,0.62,0.0
20230809:2011,0.0,0.0,0.0,19.04,0.69,0.0
20230809:2111,0.0,0.0,0.0,17.64,1.1,0.0
20230809:2211,0.0,0.0,0.0,17.07,1.24,0.0
20230809:2311,0.0,0.0,0.0,16.67,1.24,0.0
20230810:0011,0.0,0.0,0.0,16.42,1.31,0.0
20230810:0111,0.0,0.0,0.0,16.14,1.38,0.0
20230810:0211,0.0,0.0,0.0,15.88,1.45,0.0
20230810:0311,0.0,0.0,0.0,15.55,1.66,0.0
20230810:0411,0.0,0.0,0.0,15.77,1.72,0.0
20230810:0511,16.38,16.61,3.46,15.66,1.86,0.0
20230810:0611,118.05,82.96,12.03,16.5,1.59,0.0
20230810:0711,577.32,270.06,20.92,18.82,1.72,0.0
20230810:0811,1137.15,495.51,29.74,20.43,2.14,0.0
20230810:0911,1622.28,714.47,38.02,21.68,2.9,0.0
20230810:1011,1670.46,737.94,45.13,22.42,3.45,0.0
20230810:1111,1580.22,696.19,50.16,23.3,3.93,0.0
20230810:1211,1494.36,656.15,52.13,23.98,4.34,0.0
20230810:1311,2119.38,968.49,50.53,24.21,4.14,0.0
20230810:1411,1821.09,812.28,45.78,24.59,4.41,0.0
20230810:1511,1619.31,711.8,38.84,24.54,4.48,0.0
20230810:1611,1160.01,508.28,30.65,24.32,3.66,0.0
20230810:1711,584.37,271.88,21.86,24.15,3.31,0.0
20230810:1811,155.88,101.31,12.96,23.75,3.1,0.0
20230810:1911,26.76,22.74,4.34,23.05,2.97,0.0
20230810:2011,0.0,0.0,0.0,22.0,3.24,0.0
20230810:2111,0.0,0.0,0.0,20.96,3.66,0.0
20230810:2211,0.0,0.0,0.0,20.38,3.24,0.0
20230810:2311,0.0,0.0,0.0,19.93,3.31,0.0
20230811:0011,0.0,0.0,0.0,19.42,3.86,0.0
20230811:0111,0.0,0.0,0.0,18.76,3.72,0.0
20230811:0211,0.0,0.0,0.0,18.41,3.93,0.0
20230811:0311,0.0,0.0,0.0,18.46,4.14,0.0
20230811:0411,0.0,0.0,0.0,18.37,4.0,0.0
20230811:0511,0.0,5.25,3.25,17.72,3.93,0.0
20230811:0611,125.64,83.56,11.82,16.99,3.66,0.0
20230811:0711,592.5,271.97,20.71,17.09,3.93,0.0
20230811:0811,1066.53,450.56,29.53,17.5,4.21,0.0
20230811:0911,1288.65,542.11,37.8,18.13,4.62,0.0
20230811:1011,1900.05,820.16,44.88,19.19,5.1,0.0
20230811:1111,1685.37,722.75,49.89,20.17,5.66,0.0
20230811:1211,1528.8,654.7,51.84,20.85,5.66,0.0
20230811:1311,1602.03,688.52,50.24,21.06,5.59,0.0
20230811:1411,1056.39,449.31,45.49,21.16,5.52,0.0
20230811:1511,1277.01,542.79,38.58,21.28,5.52,0.0
20230811:1611,605.49,263.3,30.39,21.22,5.31,0.0
20230811:1711,416.88,189.81,21.61,20.59,4.21,0.0
20230811:1811,132.03,71.02,12.71,19.9,3.93,0.0
20230811:1911,24.06,20.99,4.08,18.95,3.86,0.0
20230811:2011,0.0,0.0,0.0,17.97,3.79,0.0
20230811:2111,0.0,0.0,0.0,17.24,3.86,0.0
20230811:2211,0.0,0.0,0.0,16.52,3.86,0.0
20230811:2311,0.0,0.0,0.0,15.66,3.86,0.0
20230812:0011,0.0,0.0,0.0,15.19,3.93,0.0
20230812:0111,0.0,0.0,0.0,14.86,4.07,0.0
20230812:0211,0.0,0.0,0.0,14.71,4.28,0.0
20230812:0311,0.0,0.0,0.0,14.54,4.34,0.0
20230812:0411,0.0,0.0,0.0,14.59,4.34,0.0
20230812:0511,0.0,1.75,3.03,14.35,4.34,0.0
20230812:0611,60.45,38.01,11.61,14.71,4.55,0.0
20230812:0711,416.67,186.84,20.5,15.71,4.69,0.0
20230812:0811,346.98,155.34,29.31,16.69,6.62,0.0
20230812:0911,653.34,276.92,37.57,17.41,6.41,0.0
20230812:1011,728.1,308.67,44.63,18.08,5.59,0.0
20230812:1111,323.85,147.41,49.61,18.39,5.86,0.0
20230812:1211,290.49,134.43,51.54,18.96,5.66,0.0
20230812:1311,1067.13,451.31,49.94,20.26,6.07,0.0
20230812:1411,479.91,209.97,45.21,18.4,5.1,0.0
20230812:1511,1066.5,448.58,38.3,18.92,5.1,0.0
20230812:1611,497.94,217.58,30.13,19.18,5.52,0.0
20230812:1711,276.24,129.1,21.35,18.77,5.31,0.0
20230812:1811,82.14,48.21,12.45,18.16,4.55,0.0
20230812:1911,4.86,9.62,3.82,17.63,4.41,0.0
20230812:2011,0.0,0.0,0.0,16.97,4.34,0.0
20230812:2111,0.0,0.0,0.0,16.2,4.41,0.0
20230812:2211,0.0,0.0,0.0,15.74,4.41,0.0
20230812:2311,0.0,0.0,0.0,15.41,4.34,0.0
20230813:0011,0.0,0.0,0.0,15.0,4.14,0.0
20230813:0111,0.0,0.0,0.0,14.75,4.0,0.0
20230813:0211,0.0,0.0,0.0,14.77,4.0,0.0
20230813:0311,0.0,0.0,0.0,14.72,3.93,0.0
20230813:0411,0.0,0.0,0.0,14.65,3.86,0.0
20230813:0511,4.98,9.62,2.8,14.63,3.79,0.0
20230813:0611,52.29,34.3,11.4,14.67,3.59,0.0
20230813:0711,292.83,134.59,20.29,15.46,3.86,0.0
20230813:0811,632.04,268.09,29.09,15.72,4.48,0.0
20230813:0911,425.85,186.74,37.34,16.42,4.97,0.0
20230813:1011,274.29,127.01,44.37,17.16,5.17,0.0
20230813:1111,1469.94,619.47,49.33,17.81,5.31,0.0
20230813:1211,1217.28,510.44,51.24,18.17,5.79,0.0
20230813:1311,506.58,220.65,49.63,18.58,5.66,0.0
20230813:1411,371.73,166.88,44.92,18.77,5.52,0.0
20230813:1511,438.6,193.63,38.02,18.96,5.79,0.0
20230813:1611,627.9,269.53,29.86,18.68,4.97,0.0
20230813:1711,634.32,288.93,21.09,18.42,3.79,0.0
20230813:1811,97.35,55.08,12.18,18.0,3.31,0.0
20230813:1911,17.85,17.49,3.55,16.8,3.03,0.0
20230813:2011,0.0,0.0,0.0,16.12,2.55,0.0
20230813:2111,0.0,0.0,0.0,15.54,2.21,0.0
20230813:2211,0.0,0.0,0.0,15.07,2.21,0.0
20230813:2311,0.0,0.0,0.0,14.99,2.28,0.0
20230814:0011,0.0,0.0,0.0,15.32,2.41,0.0
20230814:0111,0.0,0.0,0.0,15.3,2.83,0.0
20230814:0211,0.0,0.0,0.0,15.42,3.24,0.0
20230814:0311,0.0,0.0,0.0,15.22,3.45,0.0
20230814:0411,0.0,0.0,0.0,15.0,3.66,0.0
20230814:0511,0.0,1.75,2.58,14.95,4.07,0.0
20230814:0611,28.92,23.18,11.18,15.13,4.34,0.0
20230814:0711,308.31,141.31,20.08,15.21,2.76,0.0
20230814:0811,62.22,38.94,28.87,15.46,3.03,0.0
20230814:0911,284.31,130.72,37.1,16.0,3.24,0.0
20230814:1011,142.08,73.24,44.12,16.15,3.59,0.0
20230814:1111,261.03,121.45,49.04,16.5,4.62,0.0
20230814:1211,379.17,168.73,50.94,16.89,4.55,0.0
20230814:1311,528.12,229.49,49.33,18.19,4.41,0.0
20230814:1411,584.94,253.21,44.62,19.08,4.48,0.0
20230814:1511,578.31,250.75,37.74,19.57,4.55,0.0
20230814:1611,223.5,107.54,29.59,19.13,5.1,0.0
20230814:1711,195.24,95.54,20.82,17.62,4.69,0.0
20230814:1811,10.08,12.98,11.91,16.54,4.41,0.0
20230814:1911,13.29,14.87,3.27,15.78,5.1,0.0
20230814:2011,0.0,0.0,0.0,15.37,4.9,0.0
20230814:2111,0.0,0.0,0.0,15.13,4.97,0.0
20230814:2211,0.0,0.0,0.0,14.96,4.76,0.0
20230814:2311,0.0,0.0,0.0,14.8,4.34,0.0
20230815:0011,0.0,0.0,0.0,14.66,3.93,0.0
20230815:0111,0.0,0.0,0.0,14.66,3.24,0.0
20230815:0211,0.0,0.0,0.0,14.17,2.76,0.0
20230815:0311,0.0,0.0,0.0,13.81,2.55,0.0
20230815:0411,0.0,0.0,0.0,13.45,2.48,0.0
20230815:0511,0.0,1.75,2.35,13.49,2.34,0.0
20230815:0611,108.18,59.24,10.96,13.78,2.21,0.0
20230815:0711,384.03,172.94,19.86,14.97,3.45,0.0
20230815:0811,859.59,361.77,28.65,15.94,3.66,0.0
20230815:0911,971.94,407.43,36.87,16.84,3.93,0.0
20230815:1011,774.42,328.19,43.86,17.61,4.14,0.0
20230815:1111,1369.5,580.85,48.76,17.99,4.14,0.0
20230815:1211,1054.47,446.29,50.63,18.63,4.34,0.0
20230815:1311,1475.46,629.56,49.02,18.56,4.21,0.0
20230815:1411,829.56,352.59,44.32,18.56,3.93,0.0
20230815:1511,1088.91,460.09,37.45,18.44,3.79,0.0
20230815:1611,511.62,223.04,29.31,18.13,3.59,0.0
20230815:1711,453.15,204.4,20.54,17.82,3.31,0.0
20230815:1811,146.13,91.08,11.64,17.11,2.76,0.0
20230815:1911,8.88,12.24,2.99,16.35,2.28,0.0
20230815:2011,0.0,0.0,0.0,14.97,2.07,0.0
20230815:2111,0.0,0.0,0.0,14.06,1.79,0.0
20230815:2211,0.0,0.0,0.0,13.32,1.52,0.0
20230815:2311,0.0,0.0,0.0,12.3,1.31,0.0
20230816:0011,0.0,0.0,0.0,12.41,0.97,0.0
20230816:0111,0.0,0.0,0.0,13.21,0.69,0.0
20230816:0211,0.0,0.0,0.0,13.11,0.83,0.0
20230816:0311,0.0,0.0,0.0,12.36,0.83,0.0
20230816:0411,0.0,0.0,0.0,11.92,0.9,0.0
20230816:0511,0.51,6.12,2.13,11.94,0.62,0.0
20230816:0611,124.71,78.28,10.75,12.03,0.41,0.0
20230816:0711,397.74,179.23,19.65,13.51,0.83,0.0
20230816:0811,785.94,333.94,28.43,14.85,1.31,0.0
20230816:0911,1614.39,705.93,36.63,16.44,1.38,0.0
20230816:1011,303.75,139.99,43.59,17.79,1.66,0.0
20230816:1111,1085.16,468.65,48.46,18.94,1.66,0.0
20230816:1211,1275.72,558.75,50.32,19.76,1.45,0.0
20230816:1311,1396.17,616.89,48.7,19.92,1.31,0.0
20230816:1411,788.13,343.3,44.01,20.29,1.24,0.0
20230816:1511,730.53,317.93,37.16,20.4,1.52,0.0
20230816:1611,539.61,238.01,29.03,20.25,1.86,0.0
20230816:1711,625.14,291.09,20.27,19.94,2.0,0.0
20230816:1811,125.13,88.52,11.36,19.43,1.72,0.0
20230816:1911,8.76,12.24,2.71,18.49,1.59,0.0
20230816:2011,0.0,0.0,0.0,17.05,1.79,0.0
20230816:2111,0.0,0.0,0.0,15.85,1.86,0.0
20230816:2211,0.0,0.0,0.0,15.2,2.14,0.0
20230816:2311,0.0,0.0,0.0,14.85,2.41,0.0
20230817:0011,0.0,0.0,0.0,14.5,2.55,0.0
20230817:0111,0.0,0.0,0.0,14.48,2.55,0.0
20230817:0211,0.0,0.0,0.0,14.5,2.62,0.0
20230817:0311,0.0,0.0,0.0,14.75,2.69,0.0
20230817:0411,0.0,0.0,0.0,14.65,2.69,0.0
20230817:0511,0.0,1.75,1.9,14.54,2.62,0.0
20230817:0611,124.41,76.28,10.53,14.69,2.9,0.0
20230817:0711,512.91,232.2,19.43,16.1,4.55,0.0
20230817:0811,778.2,328.11,28.21,17.13,5.31,0.0
20230817:0911,554.79,238.96,36.39,17.84,5.24,0.0
20230817:1011,1272.75,534.31,43.33,18.39,5.38,0.0
20230817:1111,2122.68,925.99,48.17,19.15,5.52,0.0
20230817:1211,2038.56,888.37,50.0,20.1,5.79,0.0
20230817:1311,1875.15,811.57,48.38,20.99,6.07,0.0
20230817:1411,1757.85,757.68,43.7,20.81,5.52,0.0
20230817:1511,1398.66,594.02,36.86,21.04,5.72,0.0
20230817:1611,928.44,395.56,28.74,20.73,5.59,0.0
20230817:1711,617.88,284.94,19.98,20.04,5.24,0.0
20230817:1811,128.16,86.09,11.08,19.07,5.31,0.0
20230817:1911,7.47,11.37,2.42,17.28,5.1,0.0
20230817:2011,0.0,0.0,0.0,15.83,5.38,0.0
20230817:2111,0.0,0.0,0.0,14.88,5.52,0.0
20230817:2211,0.0,0.0,0.0,14.28,5.31,0.0
20230817:2311,0.0,0.0,0.0,13.89,5.1,0.0
20230818:0011,0.0,0.0,0.0,13.65,4.9,0.0
20230818:0111,0.0,0.0,0.0,13.19,4.83,0.0
20230818:0211,0.0,0.0,0.0,13.2,4.83,0.0
20230818:0311,0.0,0.0,0.0,13.17,4.9,0.0
20230818:0411,0.0,0.0,0.0,13.27,5.03,0.0
20230818:0511,0.0,1.75,1.67,13.74,5.1,0.0
20230818:0611,64.74,39.87,10.3,14.35,5.24,0.0
20230818:0711,73.08,43.57,19.21,14.47,5.03,0.0
20230818:0811,188.91,91.78,27.98,14.79,4.9,0.0
20230818:0911,262.68,121.45,36.14,15.29,4.9,0.0
20230818:1011,744.6,312.31,43.06,16.28,5.79,0.0
20230818:1111,253.23,118.67,47.87,17.62,6.48,0.0
20230818:1211,472.17,206.74,49.68,18.28,5.24,0.0
20230818:1311,330.57,150.19,48.06,18.35,5.24,0.0
20230818:1411,404.01,179.86,43.39,18.56,4.76,0.0
20230818:1511,981.3,411.33,36.56,19.14,6.28,0.0
20230818:1611,332.34,151.14,28.45,18.84,5.45,0.0
20230818:1711,151.62,77.88,19.7,18.77,5.72,0.0
20230818:1811,47.28,32.45,10.79,18.64,5.93,0.0
20230818:1911,0.0,1.75,2.13,18.07,6.14,0.0
20230818:2011,0.0,0.0,0.0,17.93,6.34,0.0
20230818:2111,0.0,0.0,0.0,17.72,6.62,0.0
20230818:2211,0.0,0.0,0.0,17.55,6.62,0.0
20230818:2311,0.0,0.0,0.0,17.7,6.69,0.0
20230819:0011,0.0,0.0,0.0,18.12,6.76,0.0
20230819:0111,0.0,0.0,0.0,19.23,6.76,0.0
20230819:0211,0.0,0.0,0.0,19.31,6.69,0.0
20230819:0311,0.0,0.0,0.0,18.53,5.93,0.0
20230819:0411,0.0,0.0,0.0,17.42,5.72,0.0
20230819:0511,0.0,0.87,1.43,16.42,5.72,0.0
20230819:0611,122.01,71.59,10.08,16.37,5.59,0.0
20230819:0711,253.2,119.2,18.99,17.23,6.0,0.0
20230819:0811,302.46,138.45,27.75,17.99,6.97,0.0
20230819:0911,617.4,263.44,35.9,18.78,7.79,0.0
20230819:1011,324.69,148.34,42.79,19.82,7.79,0.0
20230819:1111,2242.11,976.07,47.57,20.25,6.9,0.0
20230819:1211,459.72,203.04,49.36,20.48,7.31,0.0
20230819:1311,1136.97,479.29,47.73,20.9,7.31,0.0
20230819:1411,940.56,398.26,43.07,21.19,7.03,0.0
20230819:1511,932.07,395.0,36.26,21.42,6.62,0.0
20230819:1611,695.19,299.39,28.15,21.26,6.07,0.0
20230819:1711,304.17,142.58,19.41,20.75,5.38,0.0
20230819:1811,127.92,73.12,10.5,19.94,4.62,0.0
20230819:1911,0.0,0.87,1.83,18.78,4.0,0.0
20230819:2011,0.0,0.0,0.0,17.85,3.79,0.0
20230819:2111,0.0,0.0,0.0,16.99,3.66,0.0
20230819:2211,0.0,0.0,0.0,16.21,3.52,0.0
20230819:2311,0.0,0.0,0.0,15.65,3.45,0.0
20230820:0011,0.0,0.0,0.0,15.21,3.52,0.0
20230820:0111,0.0,0.0,0.0,14.74,3.38,0.0
20230820:0211,0.0,0.0,0.0,14.45,2.97,0.0
20230820:0311,0.0,0.0,0.0,14.37,2.9,0.0
20230820:0411,0.0,0.0,0.0,14.33,2.83,0.0
20230820:0511,0.0,0.0,0.0,13.99,2.69,0.0
20230820:0611,118.38,69.07,9.86,14.39,2.62,0.0
20230820:0711,373.74,169.67,18.76,15.68,4.21,0.0
20230820:0811,476.7,207.34,27.52,16.73,4.34,0.0
20230820:0911,962.76,403.7,35.65,17.55,4.48,0.0
20230820:1011,1311.03,553.24,42.51,18.41,4.62,0.0
20230820:1111,1393.59,592.36,47.27,19.46,4.9,0.0
20230820:1211,1994.79,871.74,49.03,20.17,5.31,0.0
20230820:1311,279.06,130.72,47.4,20.48,5.38,0.0
20230820:1411,1998.63,875.79,42.75,20.67,4.97,0.0
20230820:1511,959.64,409.33,35.95,20.86,4.28,0.0
20230820:1611,953.91,409.9,27.85,20.69,3.72,0.0
20230820:1711,492.69,227.5,19.11,20.6,3.59,0.0
20230820:1811,122.25,78.44,10.2,19.88,2.76,0.0
20230820:1911,0.0,2.62,1.53,18.67,2.14,0.0
20230820:2011,0.0,0.0,0.0,17.12,2.21,0.0
20230820:2111,0.0,0.0,0.0,16.04,2.28,0.0
20230820:2211,0.0,0.0,0.0,15.17,2.34,0.0
20230820:2311,0.0,0.0,0.0,14.38,2.41,0.0
20230821:0011,0.0,0.0,0.0,13.82,2.48,0.0
20230821:0111,0.0,0.0,0.0,13.21,2.48,0.0
20230821:0211,0.0,0.0,0.0,12.75,2.48,0.0
20230821:0311,0.0,0.0,0.0,12.33,2.55,0.0
20230821:0411,0.0,0.0,0.0,11.99,2.55,0.0
20230821:0511,0.0,0.0,0.0,11.81,2.62,0.0
20230821:0611,99.93,68.87,9.63,12.26,2.62,0.0
20230821:0711,564.42,257.77,18.54,14.19,3.52,0.0
20230821:0811,1110.45,463.17,27.29,15.61,4.97,0.0
20230821:0911,1231.77,512.37,35.4,17.08,5.38,0.0
20230821:1011,1737.51,740.17,42.24,18.45,5.24,0.0
20230821:1111,1244.61,526.57,46.96,19.2,4.9,0.0
20230821:1211,1759.59,763.69,48.7,19.65,4.41,0.0
20230821:1311,2091.6,914.34,47.06,20.15,5.66,0.0
20230821:1411,545.4,238.14,42.42,20.74,6.0,0.0
20230821:1511,931.8,395.96,35.63,20.91,5.24,0.0
20230821:1611,932.04,398.63,27.55,20.66,4.69,0.0
20230821:1711,328.32,153.05,18.81,20.36,4.48,0.0
20230821:1811,113.19,65.13,9.9,19.88,4.48,0.0
20230821:1911,0.0,0.87,1.22,18.45,4.28,0.0
20230821:2011,0.0,0.0,0.0,17.54,3.72,0.0
20230821:2111,0.0,0.0,0.0,16.95,3.59,0.0
20230821:2211,0.0,0.0,0.0,16.54,3.79,0.0
20230821:2311,0.0,0.0,0.0,16.21,4.0,0.0
20230822:0011,0.0,0.0,0.0,16.28,4.14,0.0
20230822:0111,0.0,0.0,0.0,16.1,4.0,0.0
20230822:0211,0.0,0.0,0.0,16.0,3.93,0.0
20230822:0311,0.0,0.0,0.0,15.74,4.0,0.0
20230822:0411,0.0,0.0,0.0,15.53,4.07,0.0
20230822:0511,0.0,0.0,0.0,15.47,4.14,0.0
20230822:0611,89.79,67.65,9.4,15.29,3.86,0.0
20230822:0711,289.89,134.33,18.31,16.08,4.21,0.0
20230822:0811,576.6,246.43,27.05,16.56,5.17,0.0
20230822:0911,405.42,178.93,35.15,17.11,5.66,0.0
20230822:1011,439.98,193.35,41.96,17.9,5.66,0.0
20230822:1111,332.52,151.12,46.65,18.59,5.31,0.0
20230822:1211,465.51,204.89,48.37,19.2,5.31,0.0
20230822:1311,376.89,169.66,46.72,19.71,5.45,0.0
20230822:1411,220.59,106.62,42.09,19.63,4.76,0.0
20230822:1511,401.97,179.86,35.31,19.81,5.03,0.0
20230822:1611,807.72,345.09,27.24,19.72,4.55,0.0
20230822:1711,351.27,162.81,18.51,19.44,3.93,0.0
20230822:1811,95.37,55.44,9.6,18.67,2.97,0.0
20230822:1911,0.0,0.0,0.0,17.55,2.76,0.0
20230822:2011,0.0,0.0,0.0,16.74,2.48,0.0
20230822:2111,0.0,0.0,0.0,15.96,2.41,0.0
20230822:2211,0.0,0.0,0.0,15.43,2.21,0.0
20230822:2311,0.0,0.0,0.0,14.5,2.14,0.0
20230823:0011,0.0,0.0,0.0,13.94,2.0,0.0
20230823:0111,0.0,0.0,0.0,13.46,2.07,0.0
20230823:0211,0.0,0.0,0.0,13.51,2.0,0.0
20230823:0311,0.0,0.0,0.0,13.34,1.93,0.0
20230823:0411,0.0,0.0,0.0,13.55,1.72,0.0
20230823:0511,0.0,0.0,0.0,13.79,1.66,0.0
20230823:0611,42.39,29.67,9.17,14.33,2.34,0.0
20230823:0711,258.21,120.86,18.08,14.63,2.07,0.0
20230823:0811,388.65,172.11,26.81,15.04,1.79,0.0
20230823:0911,888.81,375.54,34.89,16.37,2.21,0.0
20230823:1011,1044.0,441.95,41.67,17.65,2.97,0.0
20230823:1111,1160.55,493.54,46.34,18.39,3.24,0.0
20230823:1211,903.51,385.67,48.03,18.96,3.17,0.0
20230823:1311,532.68,233.83,46.38,19.78,3.1,0.0
20230823:1411,292.68,136.28,41.75,19.69,2.9,0.0
20230823:1511,244.8,116.82,34.99,19.65,2.62,0.0
20230823:1611,253.92,120.52,26.93,19.51,2.34,0.0
20230823:1711,67.05,41.72,18.2,19.23,2.07,0.0
20230823:1811,17.85,17.62,9.29,18.77,1.86,0.0
20230823:1911,0.0,0.0,0.0,18.29,1.45,0.0
20230823:2011,0.0,0.0,0.0,17.83,1.52,0.0
20230823:2111,0.0,0.0,0.0,17.6,1.59,0.0
20230823:2211,0.0,0.0,0.0,17.34,1.72,0.0
20230823:2311,0.0,0.0,0.0,16.94,1.86,0.0
20230824:0011,0.0,0.0,0.0,16.39,2.07,0.0
20230824:0111,0.0,0.0,0.0,15.68,2.34,0.0
20230824:0211,0.0,0.0,0.0,15.28,2.34,0.0
20230824:0311,0.0,0.0,0.0,14.95,2.21,0.0
20230824:0411,0.0,0.0,0.0,14.88,2.0,0.0
20230824:0511,0.0,0.0,0.0,14.72,1.79,0.0
20230824:0611,81.69,48.24,8.94,14.71,1.52,0.0
20230824:0711,100.2,55.63,17.85,15.87,2.55,0.0
20230824:0811,319.11,144.82,26.58,16.05,2.48,0.0
20230824:0911,251.19,117.74,34.64,16.35,2.76,0.0
20230824:1011,415.92,183.57,41.39,16.24,2.76,0.0
20230824:1111,250.95,117.74,46.02,16.68,3.1,0.0
20230824:1211,177.48,88.08,47.69,16.93,3.31,0.0
20230824:1311,568.17,245.22,46.03,17.36,3.52,0.0
20230824:1411,1028.91,433.26,41.41,17.51,3.72,0.0
20230824:1511,1132.38,474.09,34.67,17.0,4.0,0.0
20230824:1611,956.52,401.81,26.61,16.47,4.28,0.0
20230824:1711,562.11,258.5,17.89,15.49,3.93,0.0
20230824:1811,89.76,66.67,8.98,14.8,3.31,0.0
20230824:1911,0.0,0.0,0.0,14.1,2.62,0.0
20230824:2011,0.0,0.0,0.0,12.87,2.21,0.0
20230824:2111,0.0,0.0,0.0,12.1,2.07,0.0
20230824:2211,0.0,0.0,0.0,11.53,2.0,0.0
20230824:2311,0.0,0.0,0.0,11.05,2.07,0.0
20230825:0011,0.0,0.0,0.0,10.88,2.14,0.0
20230825:0111,0.0,0.0,0.0,10.84,2.28,0.0
20230825:0211,0.0,0.0,0.0,10.86,2.21,0.0
20230825:0311,0.0,0.0,0.0,10.79,2.14,0.0
20230825:0411,0.0,0.0,0.0,10.95,2.0,0.0
20230825:0511,0.0,0.0,0.0,11.16,2.0,0.0
20230825:0611,74.31,44.24,8.71,11.69,2.07,0.0
20230825:0711,384.87,173.59,17.62,12.38,2.07,0.0
20230825:0811,1028.55,429.36,26.34,13.12,2.62,0.0
20230825:0911,900.9,374.61,34.38,14.0,2.97,0.0
20230825:1011,902.16,377.68,41.1,14.81,2.76,0.0
20230825:1111,879.33,370.21,45.7,15.91,3.03,0.0
20230825:1211,1329.75,560.19,47.35,15.67,3.31,0.0
20230825:1311,458.97,200.25,45.68,15.88,3.17,0.0
20230825:1411,250.68,116.82,41.07,15.03,3.1,0.0
20230825:1511,174.27,86.22,34.34,15.32,2.97,0.0
20230825:1611,540.12,231.59,26.29,14.59,2.55,0.0
20230825:1711,407.58,185.45,17.57,14.52,2.07,0.0
20230825:1811,88.68,51.62,8.66,13.88,2.34,0.0
20230825:1911,0.0,0.0,0.0,13.83,1.93,0.0
20230825:2011,0.0,0.0,0.0,12.83,2.14,0.0
20230825:2111,0.0,0.0,0.0,12.01,2.21,0.0
20230825:2211,0.0,0.0,0.0,11.79,2.07,0.0
20230825:2311,0.0,0.0,0.0,11.57,1.93,0.0
20230826:0011,0.0,0.0,0.0,11.61,1.93,0.0
20230826:0111,0.0,0.0,0.0,11.23,2.0,0.0
20230826:0211,0.0,0.0,0.0,11.28,2.14,0.0
20230826:0311,0.0,0.0,0.0,11.36,2.14,0.0
20230826:0411,0.0,0.0,0.0,11.52,2.0,0.0
20230826:0511,0.0,0.0,0.0,11.41,2.14,0.0
20230826:0611,3.3,8.34,8.48,11.41,1.93,0.0
20230826:0711,23.91,20.4,17.39,12.0,2.48,0.0
20230826:0811,121.89,63.97,26.1,12.59,2.55,0.0
20230826:0911,1188.0,497.08,34.12,13.81,2.07,0.0
20230826:1011,1548.69,663.68,40.81,14.88,2.0,0.0
20230826:1111,247.86,115.89,45.38,15.11,2.28,0.0
20230826:1211,398.1,176.15,47.01,15.63,2.34,0.0
20230826:1311,1549.26,662.09,45.33,15.73,2.76,0.0
20230826:1411,481.56,209.72,40.73,16.45,3.17,0.0
20230826:1511,198.66,96.42,34.0,16.29,3.59,0.0
20230826:1611,157.8,79.73,25.97,16.17,3.52,0.0
20230826:1711,329.31,151.47,17.25,15.57,3.79,0.0
20230826:1811,92.31,61.33,8.35,14.91,3.17,0.0
20230826:1911,0.0,0.0,0.0,14.0,2.14,0.0
20230826:2011,0.0,0.0,0.0,13.25,1.93,0.0
20230826:2111,0.0,0.0,0.0,12.56,2.07,0.0
20230826:2211,0.0,0.0,0.0,12.19,2.0,0.0
20230826:2311,0.0,0.0,0.0,11.75,1.79,0.0
20230827:0011,0.0,0.0,0.0,11.34,1.72,0.0
20230827:0111,0.0,0.0,0.0,10.84,1.86,0.0
20230827:0211,0.0,0.0,0.0,10.87,1.93,0.0
20230827:0311,0.0,0.0,0.0,10.66,2.0,0.0
20230827:0411,0.0,0.0,0.0,10.6,1.93,0.0
20230827:0511,0.0,0.0,0.0,10.57,1.66,0.0
20230827:0611,31.47,24.1,8.25,10.91,1.31,0.0
20230827:0711,119.64,63.04,17.16,12.66,2.69,0.0
20230827:0811,73.38,43.57,25.85,13.46,2.69,0.0
20230827:0911,406.5,178.11,33.85,14.39,3.1,0.0
20230827:1011,554.55,236.21,40.52,14.72,4.34,0.0
20230827:1111,391.44,172.44,45.06,15.53,5.03,0.0
20230827:1211,576.21,245.67,46.66,15.7,4.97,0.0
20230827:1311,470.4,203.96,44.98,15.97,5.17,0.0
20230827:1411,794.31,331.6,40.38,15.82,5.38,0.0
20230827:1511,457.14,198.25,33.66,15.79,5.45,0.0
20230827:1611,372.06,164.67,25.64,15.53,5.31,0.0
20230827:1711,136.08,70.46,16.93,15.38,5.03,0.0
20230827:1811,23.55,20.4,8.02,14.82,4.34,0.0
20230827:1911,0.0,0.0,0.0,14.16,3.45,0.0
20230827:2011,0.0,0.0,0.0,13.61,2.9,0.0
20230827:2111,0.0,0.0,0.0,13.08,2.48,0.0
20230827:2211,0.0,0.0,0.0,12.79,2.14,0.0
20230827:2311,0.0,0.0,0.0,12.48,2.0,0.0
20230828:0011,0.0,0.0,0.0,12.3,2.0,0.0
20230828:0111,0.0,0.0,0.0,12.11,2.0,0.0
20230828:0211,0.0,0.0,0.0,12.22,1.93,0.0
20230828:0311,0.0,0.0,0.0,12.11,2.0,0.0
20230828:0411,0.0,0.0,0.0,12.15,2.21,0.0
20230828:0511,0.0,0.0,0.0,11.92,2.55,0.0
20230828:0611,89.61,56.58,8.01,12.14,2.62,0.0
20230828:0711,223.86,105.94,16.92,12.97,2.55,0.0
20230828:0811,437.58,189.81,25.61,13.78,3.17,0.0
20230828:0911,881.37,365.81,33.59,14.73,4.07,0.0
20230828:1011,308.85,139.99,40.23,15.62,4.55,0.0
20230828:1111,1392.54,581.52,44.73,15.83,4.69,0.0
20230828:1211,1184.82,493.45,46.31,16.15,4.9,0.0
20230828:1311,285.42,130.72,44.62,15.71,4.69,0.0
20230828:1411,1086.75,451.56,40.02,16.03,4.76,0.0
20230828:1511,464.25,201.63,33.32,16.24,4.9,0.0
20230828:1611,555.15,237.44,25.31,15.85,4.76,0.0
20230828:1711,120.33,63.97,16.61,15.44,4.07,0.0
20230828:1811,64.62,40.75,7.7,15.03,3.17,0.0
20230828:1911,0.0,0.0,0.0,14.21,2.48,0.0
20230828:2011,0.0,0.0,0.0,13.36,2.28,0.0
20230828:2111,0.0,0.0,0.0,12.97,2.0,0.0
20230828:2211,0.0,0.0,0.0,12.67,1.86,0.0
20230828:2311,0.0,0.0,0.0,12.46,1.86,0.0
20230829:0011,0.0,0.0,0.0,11.89,2.0,0.0
20230829:0111,0.0,0.0,0.0,11.7,2.14,0.0
20230829:0211,0.0,0.0,0.0,11.65,2.14,0.0
20230829:0311,0.0,0.0,0.0,11.89,2.07,0.0
20230829:0411,0.0,0.0,0.0,12.03,2.07,0.0
20230829:0511,0.0,0.0,0.0,12.09,2.0,0.0
20230829:0611,61.44,38.75,7.77,12.48,2.07,0.0
20230829:0711,164.31,81.78,16.68,13.66,2.21,0.0
20230829:0811,397.8,174.67,25.36,14.45,3.17,0.0
20230829:0911,745.74,312.49,33.32,14.7,3.24,0.0
20230829:1011,779.16,327.4,39.93,15.63,3.59,0.0
20230829:1111,582.75,248.82,44.4,15.79,4.14,0.0
20230829:1211,521.61,224.98,45.95,16.14,4.07,0.0
20230829:1311,1195.98,501.86,44.25,16.07,3.52,0.0
20230829:1411,1319.16,554.01,39.67,16.24,3.66,0.0
20230829:1511,804.45,337.04,32.98,16.03,4.0,0.0
20230829:1611,442.47,192.73,24.97,15.46,4.21,0.0
20230829:1711,469.05,216.21,16.28,14.96,4.07,0.0
20230829:1811,79.38,50.31,7.37,14.27,3.59,0.0
20230829:1911,0.0,0.0,0.0,13.68,3.17,0.0
20230829:2011,0.0,0.0,0.0,13.11,2.97,0.0
20230829:2111,0.0,0.0,0.0,12.97,3.03,0.0
20230829:2211,0.0,0.0,0.0,12.36,3.03,0.0
20230829:2311,0.0,0.0,0.0,12.02,3.03,0.0
20230830:0011,0.0,0.0,0.0,11.7,2.97,0.0
20230830:0111,0.0,0.0,0.0,11.34,3.03,0.0
20230830:0211,0.0,0.0,0.0,11.58,3.24,0.0
20230830:0311,0.0,0.0,0.0,11.49,3.24,0.0
20230830:0411,0.0,0.0,0.0,11.2,3.31,0.0
20230830:0511,0.0,0.0,0.0,10.94,3.1,0.0
20230830:0611,73.11,44.85,7.54,11.17,3.31,0.0
20230830:0711,291.81,133.68,16.45,11.86,3.31,0.0
20230830:0811,570.99,240.72,25.11,12.76,4.07,0.0
20230830:0911,1303.89,538.68,33.05,13.68,3.86,0.0
20230830:1011,1931.52,822.16,39.63,14.35,4.07,0.0
20230830:1111,2164.77,939.38,44.07,15.45,4.41,0.0
20230830:1211,2352.45,1033.98,45.6,16.15,4.83,0.0
20230830:1311,1754.4,741.24,43.89,16.39,5.24,0.0
20230830:1411,1273.89,529.84,39.31,16.52,5.17,0.0
20230830:1511,870.42,362.81,32.63,16.49,5.1,0.0
20230830:1611,962.34,403.09,24.64,15.98,4.76,0.0
20230830:1711,492.66,229.3,15.95,15.22,3.93,0.0
20230830:1811,58.65,49.15,7.04,14.71,3.31,0.0
20230830:1911,0.0,0.0,0.0,13.57,2.69,0.0
20230830:2011,0.0,0.0,0.0,12.75,2.21,0.0
20230830:2111,0.0,0.0,0.0,12.1,1.93,0.0
20230830:2211,0.0,0.0,0.0,11.47,1.79,0.0
20230830:2311,0.0,0.0,0.0,11.08,1.66,0.0
20230831:0011,0.0,0.0,0.0,10.19,1.52,0.0
20230831:0111,0.0,0.0,0.0,9.84,1.45,0.0
20230831:0211,0.0,0.0,0.0,9.31,1.52,0.0
20230831:0311,0.0,0.0,0.0,9.15,1.38,0.0
20230831:0411,0.0,0.0,0.0,8.63,1.52,0.0
20230831:0511,0.0,0.0,0.0,8.16,1.59,0.0
20230831:0611,35.82,25.96,7.3,8.28,1.52,0.0
20230831:0711,204.57,97.64,16.21,11.07,1.03,0.0
20230831:0811,854.52,359.99,24.86,13.5,1.45,0.0
20230831:0911,859.59,360.56,32.78,14.97,2.28,0.0
20230831:1011,1728.6,744.34,39.33,15.72,2.76,0.0
20230831:1111,1226.58,517.89,43.73,16.73,3.17,0.0
20230831:1211,1876.5,816.98,45.24,17.04,3.45,0.0
20230831:1311,505.95,220.06,43.52,17.19,3.45,0.0
20230831:1411,400.95,178.0,38.95,17.13,3.38,0.0
20230831:1511,344.79,155.37,32.28,16.94,3.38,0.0
20230831:1611,522.93,226.32,24.3,16.51,3.17,0.0
20230831:1711,388.68,181.55,15.61,16.03,2.69,0.0
20230831:1811,11.7,13.91,6.7,15.09,2.76,0.0
20230831:1911,0.0,0.0,0.0,14.46,2.28,0.0
20230831:2011,0.0,0.0,0.0,13.88,2.0,0.0
20230831:2111,0.0,0.0,0.0,13.57,2.0,0.0
20230831:2211,0.0,0.0,0.0,13.52,2.21,0.0
20230831:2311,0.0,0.0,0.0,13.49,2.28,0.0
20230901:0011,0.0,0.0,0.0,13.58,2.34,0.0
20230901:0111,0.0,0.0,0.0,13.53,2.21,0.0
20230901:0211,0.0,0.0,0.0,13.56,2.0,0.0
20230901:0311,0.0,0.0,0.0,13.59,1.72,0.0
20230901:0411,0.0,0.0,0.0,13.52,1.52,0.0
20230901:0511,0.0,0.0,0.0,13.47,1.52,0.0
20230901:0611,72.93,50.62,7.06,13.54,1.45,0.0
20230901:0711,511.26,235.91,15.97,13.63,1.86,0.0
20230901:0811,1090.89,462.62,24.61,14.45,1.66,0.0
20230901:0911,1476.9,637.9,32.51,15.48,1.17,0.0
20230901:1011,1292.94,557.35,39.03,16.24,0.97,0.0
20230901:1111,1130.58,485.65,43.4,17.34,1.31,0.0
20230901:1211,1301.55,566.13,44.88,18.58,1.45,0.0
20230901:1311,567.84,248.7,43.15,18.84,1.38,0.0
20230901:1411,691.32,299.71,38.59,19.05,1.38,0.0
20230901:1511,406.74,183.08,31.93,19.34,1.17,0.0
20230901:1611,344.67,157.75,23.95,19.21,1.1,0.0
20230901:1711,218.13,107.17,15.27,18.87,1.24,0.0
20230901:1811,51.09,35.26,6.36,18.2,2.14,0.0
20230901:1911,0.0,0.0,0.0,17.03,2.55,0.0
20230901:2011,0.0,0.0,0.0,16.28,2.9,0.0
20230901:2111,0.0,0.0,0.0,15.84,2.97,0.0
20230901:2211,0.0,0.0,0.0,15.33,2.9,0.0
20230901:2311,0.0,0.0,0.0,15.03,2.76,0.0
20230902:0011,0.0,0.0,0.0,14.78,2.62,0.0
20230902:0111,0.0,0.0,0.0,14.53,2.62,0.0
20230902:0211,0.0,0.0,0.0,14.13,2.69,0.0
20230902:0311,0.0,0.0,0.0,13.69,2.62,0.0
20230902:0411,0.0,0.0,0.0,13.65,2.41,0.0
20230902:0511,0.0,0.0,0.0,13.46,2.28,0.0
20230902:0611,68.67,48.31,6.82,13.66,1.93,0.0
20230902:0711,480.87,223.17,15.72,14.95,1.59,0.0
20230902:0811,1085.73,462.56,24.36,16.45,2.28,0.0
20230902:0911,1542.66,669.78,32.23,17.53,1.86,0.0
20230902:1011,1213.74,522.05,38.72,18.38,1.79,0.0
20230902:1111,1738.32,778.88,43.06,19.19,1.66,0.0
20230902:1211,1390.14,612.28,44.51,19.65,1.31,0.0
20230902:1311,1488.93,662.12,42.78,20.31,1.31,0.0
20230902:1411,1286.73,562.07,38.22,20.49,1.66,0.0
20230902:1511,917.01,396.73,31.57,20.59,1.59,0.0
20230902:1611,914.31,399.83,23.61,20.61,1.52,0.0
20230902:1711,409.38,198.47,14.93,20.36,1.38,0.0
20230902:1811,53.16,39.73,6.02,19.65,1.03,0.0
20230902:1911,0.0,0.0,0.0,18.43,1.17,0.0
20230902:2011,0.0,0.0,0.0,18.75,0.69,0.0
20230902:2111,0.0,0.0,0.0,18.26,0.21,0.0
20230902:2211,0.0,0.0,0.0,17.68,0.69,0.0
20230902:2311,0.0,0.0,0.0,14.6,1.59,0.0
20230903:0011,0.0,0.0,0.0,13.44,1.93,0.0
20230903:0111,0.0,0.0,0.0,12.94,1.86,0.0
20230903:0211,0.0,0.0,0.0,13.31,1.31,0.0
20230903:0311,0.0,0.0,0.0,13.04,1.31,0.0
20230903:0411,0.0,0.0,0.0,11.81,1.72,0.0
20230903:0511,0.0,0.0,0.0,11.28,1.86,0.0
20230903:0611,67.83,48.09,6.58,11.18,1.79,0.0
20230903:0711,494.67,228.92,15.48,13.31,0.97,0.0
20230903:0811,1065.42,459.13,24.1,16.14,0.83,0.0
20230903:0911,1568.7,690.41,31.96,17.92,1.24,0.0
20230903:1011,1929.66,877.85,38.42,19.26,1.66,0.0
20230903:1111,2073.81,956.96,42.72,20.31,2.07,0.0
20230903:1211,2099.79,971.32,44.15,21.12,2.34,0.0
20230903:1311,2046.63,943.95,42.41,21.66,2.34,0.0
20230903:1411,1724.76,774.45,37.85,22.04,2.28,0.0
20230903:1511,1437.18,633.06,31.21,22.27,2.28,0.0
20230903:1611,952.65,418.6,23.26,22.19,2.07,0.0
20230903:1711,440.88,218.13,14.59,21.86,1.31,0.0
20230903:1811,38.79,32.88,5.68,20.87,0.62,0.0
20230903:1911,0.0,0.0,0.0,18.79,1.52,0.0
20230903:2011,0.0,0.0,0.0,16.65,1.93,0.0
20230903:2111,0.0,0.0,0.0,15.08,2.0,0.0
20230903:2211,0.0,0.0,0.0,14.26,2.0,0.0
20230903:2311,0.0,0.0,0.0,13.89,2.07,0.0
20230904:0011,0.0,0.0,0.0,13.86,2.07,0.0
20230904:0111,0.0,0.0,0.0,13.64,2.14,0.0
20230904:0211,0.0,0.0,0.0,13.48,2.21,0.0
20230904:0311,0.0,0.0,0.0,13.37,2.21,0.0
20230904:0411,0.0,0.0,0.0,13.19,2.28,0.0
20230904:0511,0.0,0.0,0.0,13.07,2.28,0.0
20230904:0611,60.63,47.45,6.33,13.09,2.14,0.0
20230904:0711,507.66,236.76,15.24,14.72,1.72,0.0
20230904:0811,1068.48,461.38,23.85,18.14,1.66,0.0
20230904:0911,669.48,290.98,31.68,20.36,1.93,0.0
20230904:1011,1836.33,829.03,38.11,21.89,2.41,0.0
20230904:1111,2034.24,939.73,42.38,23.01,2.62,0.0
20230904:1211,2092.29,979.66,43.78,23.89,2.55,0.0
20230904:1311,2074.32,975.76,42.03,24.59,2.41,0.0
20230904:1411,1862.7,863.3,37.48,25.05,2.14,0.0
20230904:1511,1454.7,655.66,30.85,25.29,1.86,0.0
20230904:1611,969.0,434.65,22.91,25.25,1.59,0.0
20230904:1711,428.07,215.96,14.24,24.88,1.45,0.0
20230904:1811,36.54,30.95,5.33,23.78,1.66,0.0
20230904:1911,0.0,0.0,0.0,21.75,2.55,0.0
20230904:2011,0.0,0.0,0.0,19.91,2.62,0.0
20230904:2111,0.0,0.0,0.0,18.91,2.69,0.0
20230904:2211,0.0,0.0,0.0,18.06,2.69,0.0
20230904:2311,0.0,0.0,0.0,17.27,2.69,0.0
20230905:0011,0.0,0.0,0.0,16.56,2.55,0.0
20230905:0111,0.0,0.0,0.0,15.68,2.48,0.0
20230905:0211,0.0,0.0,0.0,15.06,2.48,0.0
20230905:0311,0.0,0.0,0.0,14.59,2.55,0.0
20230905:0411,0.0,0.0,0.0,14.18,2.69,0.0
20230905:0511,0.0,0.0,0.0,13.83,2.9,0.0
20230905:0611,59.19,44.72,6.09,13.75,2.97,0.0
20230905:0711,509.55,237.48,14.99,15.02,2.55,0.0
20230905:0811,1096.86,467.72,23.59,17.19,2.69,0.0
20230905:0911,1605.99,691.96,31.4,19.06,3.45,0.0
20230905:1011,1906.11,836.19,37.8,20.33,4.14,0.0
20230905:1111,2098.56,933.65,42.03,21.35,4.69,0.0
20230905:1211,2159.76,966.72,43.41,22.27,5.03,0.0
20230905:1311,2150.55,963.48,41.65,22.99,5.17,0.0
20230905:1411,1932.12,852.8,37.1,23.4,5.24,0.0
20230905:1511,1483.89,640.7,30.49,23.43,5.24,0.0
20230905:1611,969.69,421.42,22.55,23.0,4.76,0.0
20230905:1711,408.39,201.54,13.89,22.17,4.28,0.0
20230905:1811,35.64,29.11,4.99,20.78,4.0,0.0
20230905:1911,0.0,0.0,0.0,19.28,3.86,0.0
20230905:2011,0.0,0.0,0.0,17.98,3.72,0.0
20230905:2111,0.0,0.0,0.0,17.0,3.59,0.0
20230905:2211,0.0,0.0,0.0,16.17,3.45,0.0
20230905:2311,0.0,0.0,0.0,15.49,3.24,0.0
20230906:0011,0.0,0.0,0.0,14.85,3.03,0.0
20230906:0111,0.0,0.0,0.0,14.44,2.83,0.0
20230906:0211,0.0,0.0,0.0,14.07,2.69,0.0
20230906:0311,0.0,0.0,0.0,13.81,2.55,0.0
20230906:0411,0.0,0.0,0.0,13.68,2.41,0.0
20230906:0511,0.0,0.0,0.0,13.63,2.21,0.0
20230906:0611,47.46,33.43,5.85,13.66,1.93,0.0
20230906:0711,418.77,195.23,14.74,15.36,1.93,0.0
20230906:0811,955.95,408.89,23.33,17.04,1.79,0.0
20230906:0911,1436.94,628.09,31.11,19.2,1.52,0.0
20230906:1011,1712.16,779.17,37.48,21.23,1.17,0.0
20230906:1111,1893.27,885.18,41.68,22.77,1.31,0.0
20230906:1211,1956.63,924.26,43.03,23.95,1.52,0.0
20230906:1311,1696.41,783.01,41.27,24.82,1.59,0.0
20230906:1411,1664.55,769.38,36.73,25.33,1.38,0.0
20230906:1511,1148.64,514.08,30.12,25.54,1.17,0.0
20230906:1611,621.87,281.25,22.2,25.46,0.83,0.0
20230906:1711,249.96,127.03,13.54,25.16,0.41,0.0
20230906:1811,15.63,16.69,4.63,24.39,0.62,0.0
20230906:1911,0.0,0.0,0.0,22.17,1.45,0.0
20230906:2011,0.0,0.0,0.0,20.31,1.72,0.0
20230906:2111,0.0,0.0,0.0,19.11,1.93,0.0
20230906:2211,0.0,0.0,0.0,18.5,2.0,0.0
20230906:2311,0.0,0.0,0.0,18.33,2.14,0.0
20230907:0011,0.0,0.0,0.0,18.29,2.28,0.0
20230907:0111,0.0,0.0,0.0,18.0,2.34,0.0
20230907:0211,0.0,0.0,0.0,17.78,2.41,0.0
20230907:0311,0.0,0.0,0.0,17.58,2.48,0.0
20230907:0411,0.0,0.0,0.0,17.52,2.48,0.0
20230907:0511,0.0,0.0,0.0,17.42,2.48,0.0
20230907:0611,8.52,12.05,5.6,17.37,2.28,0.0
20230907:0711,174.78,88.13,14.5,18.05,2.28,0.0
20230907:0811,219.33,106.23,23.07,19.08,2.0,0.0
20230907:0911,1149.99,496.73,30.83,20.64,2.07,0.0
20230907:1011,1303.41,572.14,37.17,22.34,2.07,0.0
20230907:1111,1742.37,788.9,41.34,22.77,2.21,0.0
20230907:1211,1876.44,858.74,42.66,24.16,2.76,0.0
20230907:1311,1869.21,860.3,40.88,25.01,2.62,0.0
20230907:1411,1698.24,766.27,36.35,25.25,2.97,0.0
20230907:1511,1115.16,491.9,29.76,25.46,2.41,0.0
20230907:1611,534.81,241.94,21.84,25.39,2.14,0.0
20230907:1711,164.25,86.72,13.19,24.82,2.21,0.0
20230907:1811,23.16,21.22,4.28,23.5,2.41,0.0
20230907:1911,0.0,0.0,0.0,22.08,2.76,0.0
20230907:2011,0.0,0.0,0.0,20.85,2.48,0.0
20230907:2111,0.0,0.0,0.0,19.61,2.34,0.0
20230907:2211,0.0,0.0,0.0,18.52,2.34,0.0
20230907:2311,0.0,0.0,0.0,17.6,2.34,0.0
20230908:0011,0.0,0.0,0.0,16.95,2.21,0.0
20230908:0111,0.0,0.0,0.0,16.59,2.0,0.0
20230908:0211,0.0,0.0,0.0,16.37,1.86,0.0
20230908:0311,0.0,0.0,0.0,15.82,1.86,0.0
20230908:0411,0.0,0.0,0.0,15.18,1.72,0.0
20230908:0511,0.0,0.0,0.0,15.0,1.72,0.0
20230908:0611,36.12,27.9,5.35,14.89,1.45,0.0
20230908:0711,190.02,94.14,14.25,15.91,1.24,0.0
20230908:0811,397.89,178.56,22.81,18.05,0.97,0.0
20230908:0911,289.98,136.28,30.55,20.52,0.9,0.0
20230908:1011,770.1,339.16,36.85,22.51,0.83,0.0
20230908:1111,780.12,346.01,40.98,23.91,0.97,0.0
20230908:1211,1126.98,503.95,42.28,24.82,1.1,0.0
20230908:1311,1632.24,755.58,40.5,25.26,1.24,0.0
20230908:1411,1639.17,755.58,35.97,25.75,1.52,0.0
20230908:1511,1194.57,532.73,29.39,26.04,1.86,0.0
20230908:1611,787.56,353.78,21.48,25.92,1.72,0.0
20230908:1711,317.49,162.38,12.83,25.41,1.38,0.0
20230908:1811,1.74,7.42,3.93,24.38,1.24,0.0
20230908:1911,0.0,0.0,0.0,22.77,1.24,0.0
20230908:2011,0.0,0.0,0.0,20.95,1.24,0.0
20230908:2111,0.0,0.0,0.0,20.23,1.1,0.0
20230908:2211,0.0,0.0,0.0,20.27,0.83,0.0
20230908:2311,0.0,0.0,0.0,20.03,0.9,0.0
20230909:0011,0.0,0.0,0.0,19.45,1.03,0.0
20230909:0111,0.0,0.0,0.0,20.36,0.21,0.0
20230909:0211,0.0,0.0,0.0,19.19,0.9,0.0
20230909:0311,0.0,0.0,0.0,17.51,1.24,0.0
20230909:0411,0.0,0.0,0.0,17.97,0.83,0.0
20230909:0511,0.0,0.0,0.0,17.21,0.76,0.0
20230909:0611,28.44,23.95,5.11,17.34,0.34,0.0
20230909:0711,301.35,145.03,14.0,18.34,0.48,0.0
20230909:0811,969.45,428.93,22.54,20.48,0.14,0.0
20230909:0911,1373.37,614.19,30.26,22.3,0.83,0.0
20230909:1011,1137.93,505.69,36.53,23.39,0.83,0.0
20230909:1111,1524.21,696.81,40.63,24.52,1.17,0.0
20230909:1211,1944.24,911.82,41.91,25.11,2.07,0.0
20230909:1311,1909.23,889.95,40.11,25.09,2.14,0.0
20230909:1411,1733.58,793.8,35.58,25.16,2.14,0.0
20230909:1511,1336.2,594.83,29.01,25.1,2.14,0.0
20230909:1611,728.16,324.33,21.11,24.54,2.21,0.0
20230909:1711,279.93,142.44,12.48,23.73,2.28,0.0
20230909:1811,0.0,3.71,3.57,22.57,1.66,0.0
20230909:1911,0.0,0.0,0.0,21.33,1.72,0.0
20230909:2011,0.0,0.0,0.0,20.04,1.38,0.0
20230909:2111,0.0,0.0,0.0,18.78,1.17,0.0
20230909:2211,0.0,0.0,0.0,18.23,1.1,0.0
20230909:2311,0.0,0.0,0.0,17.58,1.24,0.0
20230910:0011,0.0,0.0,0.0,16.81,1.1,0.0
20230910:0111,0.0,0.0,0.0,16.79,1.1,0.0
20230910:0211,0.0,0.0,0.0,16.63,1.1,0.0
20230910:0311,0.0,0.0,0.0,16.52,1.24,0.0
20230910:0411,0.0,0.0,0.0,16.45,1.38,0.0
20230910:0511,0.0,0.0,0.0,16.35,1.52,0.0
20230910:0611,35.4,29.51,4.86,16.3,1.59,0.0
20230910:0711,396.3,187.92,13.74,16.94,1.66,0.0
20230910:0811,421.77,188.81,22.28,19.26,1.66,0.0
20230910:0911,454.65,204.17,29.97,21.88,1.93,0.0
20230910:1011,248.88,120.52,36.21,23.49,2.28,0.0
20230910:1111,1690.62,766.13,40.28,24.66,2.55,0.0
20230910:1211,1300.8,576.48,41.53,24.93,2.62,0.0
20230910:1311,1254.87,556.18,39.72,24.94,2.34,0.0
20230910:1411,168.03,87.15,35.2,24.57,1.24,0.0
20230910:1511,244.5,119.6,28.64,24.32,0.48,0.0
20230910:1611,111.75,62.12,20.75,22.07,1.66,0.0
20230910:1711,152.88,80.68,12.12,20.81,2.21,0.0
20230910:1811,3.03,8.34,3.21,20.05,2.21,0.0
20230910:1911,0.0,0.0,0.0,20.63,1.79,0.0
20230910:2011,0.0,0.0,0.0,19.82,1.86,0.0
20230910:2111,0.0,0.0,0.0,19.21,1.86,0.0
20230910:2211,0.0,0.0,0.0,18.81,2.0,0.0
20230910:2311,0.0,0.0,0.0,18.35,1.86,0.0
20230911:0011,0.0,0.0,0.0,17.76,1.72,0.0
20230911:0111,0.0,0.0,0.0,17.19,2.07,0.0
20230911:0211,0.0,0.0,0.0,17.36,1.93,0.0
20230911:0311,0.0,0.0,0.0,17.43,2.34,0.0
20230911:0411,0.0,0.0,0.0,17.49,2.48,0.0
20230911:0511,0.0,0.0,0.0,17.42,2.83,0.0
20230911:0611,0.84,6.49,4.61,17.15,2.97,0.0
20230911:0711,153.06,78.85,13.49,17.68,3.31,0.0
20230911:0811,773.97,328.96,22.01,17.87,4.0,0.0
20230911:0911,456.93,200.83,29.68,18.51,4.07,0.0
20230911:1011,622.29,268.43,35.89,19.17,3.59,0.0
20230911:1111,285.51,133.5,39.92,19.97,3.03,0.0
20230911:1211,380.28,172.44,41.15,20.32,2.62,0.0
20230911:1311,737.7,316.77,39.33,20.01,3.66,0.0
20230911:1411,226.14,108.47,34.81,18.44,3.66,0.0
20230911:1511,262.92,123.31,28.26,18.29,3.59,0.0
20230911:1611,140.85,73.24,20.38,17.71,2.76,0.0
20230911:1711,127.59,68.41,11.76,17.32,2.62,0.0
20230911:1811,5.73,10.2,2.85,16.59,2.21,0.0
20230911:1911,0.0,0.0,0.0,16.32,1.24,0.0
20230911:2011,0.0,0.0,0.0,15.92,1.1,0.0
20230911:2111,0.0,0.0,0.0,15.76,1.03,0.0
20230911:2211,0.0,0.0,0.0,15.65,0.97,0.0
20230911:2311,0.0,0.0,0.0,15.49,0.83,0.0
20230912:0011,0.0,0.0,0.0,15.26,0.83,0.0
20230912:0111,0.0,0.0,0.0,15.09,0.83,0.0
20230912:0211,0.0,0.0,0.0,15.0,0.83,0.0
20230912:0311,0.0,0.0,0.0,14.88,0.9,0.0
20230912:0411,0.0,0.0,0.0,14.79,1.03,0.0
20230912:0511,0.0,0.0,0.0,14.7,1.31,0.0
20230912:0611,5.82,10.2,4.36,14.6,1.59,0.0
20230912:0711,62.49,38.94,13.24,14.56,2.55,0.0
20230912:0811,338.79,151.41,21.74,14.45,2.97,0.0
20230912:0911,116.52,62.12,29.39,14.3,3.45,0.0
20230912:1011,237.87,111.25,35.56,14.25,3.66,0.0
20230912:1111,364.68,161.32,39.56,14.22,3.79,0.0
20230912:1211,221.67,104.76,40.76,14.24,3.93,0.0
20230912:1311,251.79,116.82,38.94,14.52,4.34,0.0
20230912:1411,173.16,85.29,34.43,14.28,4.21,0.0
20230912:1511,180.15,88.08,27.89,14.16,4.28,0.0
20230912:1611,391.29,171.51,20.02,13.84,4.34,0.0
20230912:1711,150.39,77.33,11.4,13.53,4.28,0.0
20230912:1811,0.0,3.5,2.49,13.11,4.21,0.0
20230912:1911,0.0,0.0,0.0,13.13,3.72,0.0
20230912:2011,0.0,0.0,0.0,12.72,3.38,0.0
20230912:2111,0.0,0.0,0.0,12.33,3.03,0.0
20230912:2211,0.0,0.0,0.0,11.69,2.76,0.0
20230912:2311,0.0,0.0,0.0,11.05,2.69,0.0
20230913:0011,0.0,0.0,0.0,10.46,2.55,0.0
20230913:0111,0.0,0.0,0.0,10.08,2.34,0.0
20230913:0211,0.0,0.0,0.0,9.72,2.21,0.0
20230913:0311,0.0,0.0,0.0,9.39,2.21,0.0
20230913:0411,0.0,0.0,0.0,9.14,2.14,0.0
20230913:0511,0.0,0.0,0.0,8.89,2.21,0.0
20230913:0611,27.99,27.13,4.11,8.72,2.21,0.0
20230913:0711,475.62,218.12,12.98,9.54,1.72,0.0
20230913:0811,1038.21,432.64,21.47,11.82,2.07,0.0
20230913:0911,1604.16,678.76,29.09,13.48,2.41,0.0
20230913:1011,1293.27,541.95,35.24,14.83,2.76,0.0
20230913:1111,962.67,406.05,39.2,15.69,2.0,0.0
20230913:1211,1220.52,520.15,40.38,16.24,1.72,0.0
20230913:1311,813.9,345.61,38.55,16.63,2.0,0.0
20230913:1411,563.19,242.87,34.04,16.63,2.28,0.0
20230913:1511,727.02,308.27,27.51,16.71,2.48,0.0
20230913:1611,543.09,235.53,19.65,16.66,2.97,0.0
20230913:1711,161.7,83.67,11.03,16.19,2.48,0.0
20230913:1811,1.47,7.0,2.13,15.33,2.34,0.0
20230913:1911,0.0,0.0,0.0,14.82,2.55,0.0
20230913:2011,0.0,0.0,0.0,14.76,2.97,0.0
20230913:2111,0.0,0.0,0.0,14.73,3.52,0.0
20230913:2211,0.0,0.0,0.0,14.94,4.07,0.0
20230913:2311,0.0,0.0,0.0,15.11,4.34,0.0
20230914:0011,0.0,0.0,0.0,14.89,4.21,0.0
20230914:0111,0.0,0.0,0.0,14.54,4.07,0.0
20230914:0211,0.0,0.0,0.0,14.26,3.93,0.0
20230914:0311,0.0,0.0,0.0,13.86,3.86,0.0
20230914:0411,0.0,0.0,0.0,13.76,3.72,0.0
20230914:0511,0.0,0.0,0.0,13.79,3.52,0.0
20230914:0611,0.0,5.56,3.86,13.83,3.1,0.0
20230914:0711,142.17,73.06,12.73,13.81,3.24,0.0
20230914:0811,215.97,102.65,21.2,14.26,2.69,0.0
20230914:0911,229.83,108.47,28.8,14.93,2.9,0.0
20230914:1011,855.06,359.7,34.91,15.99,2.55,0.0
20230914:1111,939.3,397.39,38.84,16.89,2.34,0.0
20230914:1211,467.73,205.52,40.0,17.45,2.41,0.0
20230914:1311,1438.65,616.75,38.15,17.67,2.62,0.0
20230914:1411,844.56,359.07,33.65,17.73,2.14,0.0
20230914:1511,809.82,345.21,27.13,17.97,1.86,0.0
20230914:1611,513.21,225.98,19.28,18.0,1.59,0.0
20230914:1711,156.93,82.62,10.67,17.63,1.38,0.0
20230914:1811,0.0,3.5,1.77,16.87,1.24,0.0
20230914:1911,0.0,0.0,0.0,15.98,0.76,0.0
20230914:2011,0.0,0.0,0.0,15.5,1.03,0.0
20230914:2111,0.0,0.0,0.0,15.1,1.24,0.0
20230914:2211,0.0,0.0,0.0,14.62,1.17,0.0
20230914:2311,0.0,0.0,0.0,14.54,1.24,0.0
20230915:0011,0.0,0.0,0.0,14.41,1.17,0.0
20230915:0111,0.0,0.0,0.0,14.55,1.24,0.0
20230915:0211,0.0,0.0,0.0,14.71,1.59,0.0
20230915:0311,0.0,0.0,0.0,14.74,1.66,0.0
20230915:0411,0.0,0.0,0.0,14.74,1.86,0.0
20230915:0511,0.0,0.0,0.0,14.86,2.21,0.0
20230915:0611,0.0,2.78,3.6,14.89,2.48,0.0
20230915:0711,66.45,40.79,12.47,15.15,2.48,0.0
20230915:0811,504.15,217.46,20.93,15.49,3.38,0.0
20230915:0911,867.09,362.01,28.5,15.79,3.38,0.0
20230915:1011,1178.43,496.5,34.58,17.0,2.97,0.0
20230915:1111,1259.01,534.04,38.48,17.61,2.97,0.0
20230915:1211,1505.31,646.44,39.61,18.48,3.24,0.0
20230915:1311,1462.47,627.81,37.76,19.09,3.31,0.0
20230915:1411,1477.44,634.58,33.26,19.54,3.38,0.0
20230915:1511,1304.13,557.86,26.75,19.49,3.03,0.0
20230915:1611,756.3,328.94,18.9,19.43,2.62,0.0
20230915:1711,247.62,128.74,10.3,18.92,1.38,0.0
20230915:1811,0.0,3.5,1.4,18.17,0.48,0.0
20230915:1911,0.0,0.0,0.0,16.52,1.03,0.0
20230915:2011,0.0,0.0,0.0,14.9,1.72,0.0
20230915:2111,0.0,0.0,0.0,14.46,1.79,0.0
20230915:2211,0.0,0.0,0.0,14.0,2.0,0.0
20230915:2311,0.0,0.0,0.0,13.61,2.14,0.0
20230916:0011,0.0,0.0,0.0,13.34,2.28,0.0
20230916:0111,0.0,0.0,0.0,13.1,2.28,0.0
20230916:0211,0.0,0.0,0.0,12.75,2.28,0.0
20230916:0311,0.0,0.0,0.0,12.66,2.28,0.0
20230916:0411,0.0,0.0,0.0,12.65,2.34,0.0
20230916:0511,0.0,0.0,0.0,12.58,2.48,0.0
20230916:0611,19.05,20.83,3.35,12.6,2.69,0.0
20230916:0711,357.33,167.59,12.21,13.69,3.59,0.0
20230916:0811,555.69,235.63,20.66,14.41,5.38,0.0
20230916:0911,232.56,109.4,28.2,15.22,5.17,0.0
20230916:1011,371.04,164.88,34.25,16.26,4.97,0.0
20230916:1111,494.34,214.64,38.12,17.06,4.34,0.0
20230916:1211,997.68,418.55,39.22,17.42,4.14,0.0
20230916:1311,817.41,344.23,37.36,17.32,4.14,0.0
20230916:1411,410.4,181.31,32.86,17.21,4.34,0.0
20230916:1511,636.48,269.93,26.36,17.06,4.62,0.0
20230916:1611,354.09,158.84,18.53,16.65,4.76,0.0
20230916:1711,192.57,99.76,9.94,16.15,4.62,0.0
20230916:1811,0.0,0.0,0.0,15.6,4.76,0.0
20230916:1911,0.0,0.0,0.0,15.28,4.34,0.0
20230916:2011,0.0,0.0,0.0,14.92,4.28,0.0
20230916:2111,0.0,0.0,0.0,14.65,4.28,0.0
20230916:2211,0.0,0.0,0.0,14.51,4.48,0.0
20230916:2311,0.0,0.0,0.0,14.43,4.41,0.0
20230917:0011,0.0,0.0,0.0,14.5,4.28,0.0
20230917:0111,0.0,0.0,0.0,14.48,4.48,0.0
20230917:0211,0.0,0.0,0.0,14.49,4.48,0.0
20230917:0311,0.0,0.0,0.0,14.45,4.41,0.0
20230917:0411,0.0,0.0,0.0,14.28,4.07,0.0
20230917:0511,0.0,0.0,0.0,14.07,4.0,0.0
20230917:0611,0.0,5.56,3.1,14.09,4.14,0.0
20230917:0711,131.13,68.71,11.95,14.59,4.48,0.0
20230917:0811,161.22,80.66,20.38,14.94,4.41,0.0
20230917:0911,345.12,154.42,27.9,16.07,4.9,0.0
20230917:1011,610.8,259.97,33.92,17.68,6.21,0.0
20230917:1111,686.1,291.58,37.75,18.62,5.86,0.0
20230917:1211,726.93,309.14,38.83,19.51,6.0,0.0
20230917:1311,512.43,223.71,36.97,19.63,5.45,0.0
20230917:1411,424.2,188.69,32.47,19.8,4.97,0.0
20230917:1511,608.97,262.44,25.98,19.5,3.86,0.0
20230917:1611,232.26,111.27,18.16,19.05,4.14,0.0
20230917:1711,26.61,22.25,9.57,18.32,4.28,0.0
20230917:1811,0.0,0.0,0.0,17.49,4.34,0.0
20230917:1911,0.0,0.0,0.0,16.77,3.59,0.0
20230917:2011,0.0,0.0,0.0,16.24,3.86,0.0
20230917:2111,0.0,0.0,0.0,15.84,3.72,0.0
20230917:2211,0.0,0.0,0.0,15.56,3.59,0.0
20230917:2311,0.0,0.0,0.0,15.56,3.17,0.0
20230918:0011,0.0,0.0,0.0,15.79,2.97,0.0
20230918:0111,0.0,0.0,0.0,16.33,3.17,0.0
20230918:0211,0.0,0.0,0.0,16.44,3.24,0.0
20230918:0311,0.0,0.0,0.0,16.39,3.17,0.0
20230918:0411,0.0,0.0,0.0,16.33,3.24,0.0
20230918:0511,0.0,0.0,0.0,16.18,3.72,0.0
20230918:0611,10.5,14.58,2.84,15.91,4.14,0.0
20230918:0711,460.02,216.8,11.69,15.21,4.14,0.0
20230918:0811,503.37,216.7,20.11,15.33,3.93,0.0
20230918:0911,100.68,55.63,27.6,15.1,3.59,0.0
20230918:1011,158.94,79.73,33.59,14.75,3.59,0.0
20230918:1111,243.42,113.11,37.39,13.85,4.97,0.0
20230918:1211,329.13,146.48,38.44,13.27,4.83,0.0
20230918:1311,372.0,163.17,36.57,13.19,4.83,0.0
20230918:1411,1306.56,534.98,32.08,13.89,5.17,0.0
20230918:1511,853.08,350.12,25.6,13.99,5.72,0.0
20230918:1611,287.04,130.29,17.78,13.69,5.66,0.0
20230918:1711,105.51,58.19,9.2,12.49,4.97,0.0
20230918:1811,0.0,0.0,0.0,12.21,4.0,0.0
20230918:1911,0.0,0.0,0.0,11.19,4.69,0.0
20230918:2011,0.0,0.0,0.0,11.34,4.55,0.0
20230918:2111,0.0,0.0,0.0,11.34,4.55,0.0
20230918:2211,0.0,0.0,0.0,11.09,4.62,0.0
20230918:2311,0.0,0.0,0.0,10.9,4.41,0.0
20230919:0011,0.0,0.0,0.0,11.05,4.62,0.0
20230919:0111,0.0,0.0,0.0,11.31,4.41,0.0
20230919:0211,0.0,0.0,0.0,11.39,4.41,0.0
20230919:0311,0.0,0.0,0.0,11.33,4.55,0.0
20230919:0411,0.0,0.0,0.0,10.95,4.55,0.0
20230919:0511,0.0,0.0,0.0,10.98,4.48,0.0
20230919:0611,0.0,4.64,2.59,11.58,6.34,0.0
20230919:0711,80.07,46.36,11.43,13.22,7.66,0.0
20230919:0811,155.52,77.88,19.83,14.1,8.83,0.0
20230919:0911,54.27,35.23,27.3,15.15,8.62,0.0
20230919:1011,199.86,96.42,33.25,15.91,7.86,0.0
20230919:1111,149.22,76.02,37.02,16.31,7.93,0.0
20230919:1211,243.15,114.03,38.05,16.65,7.86,0.0
20230919:1311,451.14,196.3,36.17,17.07,7.79,0.0
20230919:1411,415.5,182.3,31.68,17.2,7.79,0.0
20230919:1511,135.15,70.46,25.21,17.07,7.59,0.0
20230919:1611,166.14,83.27,17.41,17.11,7.03,0.0
20230919:1711,162.72,87.59,8.83,17.11,6.83,0.0
20230919:1811,0.0,0.0,0.0,16.65,6.21,0.0
20230919:1911,0.0,0.0,0.0,16.59,6.83,0.0
20230919:2011,0.0,0.0,0.0,16.49,6.97,0.0
20230919:2111,0.0,0.0,0.0,16.55,7.03,0.0
20230919:2211,0.0,0.0,0.0,16.31,6.9,0.0
20230919:2311,0.0,0.0,0.0,16.55,7.1,0.0
20230920:0011,0.0,0.0,0.0,16.67,7.31,0.0
20230920:0111,0.0,0.0,0.0,16.85,7.45,0.0
20230920:0211,0.0,0.0,0.0,16.97,7.52,0.0
20230920:0311,0.0,0.0,0.0,16.77,7.45,0.0
20230920:0411,0.0,0.0,0.0,16.85,7.59,0.0
20230920:0511,0.0,0.0,0.0,16.52,7.66,0.0
20230920:0611,0.0,0.93,2.33,16.17,7.79,0.0
20230920:0711,19.83,18.54,11.17,16.56,8.34,0.0
20230920:0811,78.9,46.36,19.55,16.08,8.41,0.0
20230920:0911,485.43,207.91,27.0,16.0,8.76,0.0
20230920:1011,321.39,144.63,32.92,16.18,8.69,0.0
20230920:1111,262.83,121.45,36.65,15.91,8.21,0.0
20230920:1211,316.47,142.77,37.66,15.8,6.41,0.0
20230920:1311,648.0,273.06,35.77,15.76,5.31,0.0
20230920:1411,701.85,294.45,31.29,15.96,4.83,0.0
20230920:1511,490.95,211.46,24.83,15.99,4.48,0.0
20230920:1611,297.6,136.11,17.03,16.01,4.41,0.0
20230920:1711,213.33,113.76,8.46,15.56,4.07,0.0
20230920:1811,0.0,0.0,0.0,14.78,3.93,0.0
20230920:1911,0.0,0.0,0.0,13.73,3.72,0.0
20230920:2011,0.0,0.0,0.0,13.42,3.79,0.0
20230920:2111,0.0,0.0,0.0,12.56,3.72,0.0
20230920:2211,0.0,0.0,0.0,11.93,3.59,0.0
20230920:2311,0.0,0.0,0.0,11.39,3.45,0.0
20230921:0011,0.0,0.0,0.0,10.66,3.1,0.0
20230921:0111,0.0,0.0,0.0,10.28,3.1,0.0
20230921:0211,0.0,0.0,0.0,9.85,3.1,0.0
20230921:0311,0.0,0.0,0.0,9.64,3.03,0.0
20230921:0411,0.0,0.0,0.0,9.42,2.97,0.0
20230921:0511,0.0,0.0,0.0,9.55,2.9,0.0
20230921:0611,4.68,9.27,2.07,9.31,2.83,0.0
20230921:0711,365.7,169.74,10.9,9.44,2.62,0.0
20230921:0811,1054.77,434.86,19.27,11.09,3.24,0.0
20230921:0911,1572.81,647.39,26.69,12.6,4.48,0.0
20230921:1011,1794.18,751.07,32.58,13.65,4.41,0.0
20230921:1111,1461.39,606.52,36.29,14.42,4.41,0.0
20230921:1211,806.07,335.35,37.27,14.81,4.48,0.0
20230921:1311,1432.47,597.8,35.37,15.12,4.0,0.0
20230921:1411,527.28,225.97,30.89,15.35,3.59,0.0
20230921:1511,792.69,331.79,24.44,15.18,2.83,0.0
20230921:1611,888.84,381.31,16.66,14.9,2.14,0.0
20230921:1711,239.82,128.93,8.09,14.27,1.38,0.0
20230921:1811,0.0,0.0,0.0,13.54,1.31,0.0
20230921:1911,0.0,0.0,0.0,11.16,1.03,0.0
20230921:2011,0.0,0.0,0.0,10.09,1.24,0.0
20230921:2111,0.0,0.0,0.0,9.18,1.31,0.0
20230921:2211,0.0,0.0,0.0,9.0,1.17,0.0
20230921:2311,0.0,0.0,0.0,7.93,1.52,0.0
20230922:0011,0.0,0.0,0.0,6.96,1.93,0.0
20230922:0111,0.0,0.0,0.0,7.26,2.0,0.0
20230922:0211,0.0,0.0,0.0,7.41,1.86,0.0
20230922:0311,0.0,0.0,0.0,7.69,2.0,0.0
20230922:0411,0.0,0.0,0.0,7.69,2.21,0.0
20230922:0511,0.0,0.0,0.0,8.41,2.34,0.0
20230922:0611,0.0,1.85,1.81,8.82,2.48,0.0
20230922:0711,91.68,50.88,10.64,9.46,2.48,0.0
20230922:0811,486.84,206.02,18.99,10.67,3.66,0.0
20230922:0911,410.64,176.92,26.39,11.79,4.41,0.0
20230922:1011,425.79,183.46,32.24,12.33,4.41,0.0
20230922:1111,216.48,101.98,35.92,12.78,4.83,0.0
20230922:1211,912.81,373.9,36.88,13.08,5.17,0.0
20230922:1311,249.15,114.96,34.97,13.05,5.1,0.0
20230922:1411,197.49,94.56,30.5,13.22,5.52,0.0
20230922:1511,324.93,144.47,24.06,13.08,5.24,0.0
20230922:1611,331.95,148.11,16.28,13.18,4.69,0.0
20230922:1711,144.6,78.75,7.73,12.23,4.76,0.0
20230922:1811,0.0,0.0,0.0,11.83,4.55,0.0
20230922:1911,0.0,0.0,0.0,11.26,3.93,0.0
20230922:2011,0.0,0.0,0.0,10.86,3.72,0.0
20230922:2111,0.0,0.0,0.0,10.69,3.59,0.0
20230922:2211,0.0,0.0,0.0,10.39,3.45,0.0
20230922:2311,0.0,0.0,0.0,10.07,3.38,0.0
20230923:0011,0.0,0.0,0.0,10.11,3.1,0.0
20230923:0111,0.0,0.0,0.0,10.18,2.62,0.0
20230923:0211,0.0,0.0,0.0,9.87,2.14,0.0
20230923:0311,0.0,0.0,0.0,9.53,2.07,0.0
20230923:0411,0.0,0.0,0.0,9.22,2.21,0.0
20230923:0511,0.0,0.0,0.0,9.21,2.0,0.0
20230923:0611,0.0,4.64,1.56,8.82,1.66,0.0
20230923:0711,377.37,176.18,10.37,9.58,1.59,0.0
20230923:0811,1010.16,419.84,18.71,11.11,2.0,0.0
20230923:0911,1284.09,528.3,26.08,12.0,2.97,0.0
20230923:1011,1081.92,444.0,31.9,12.94,3.66,0.0
20230923:1111,233.7,109.4,35.55,13.88,3.86,0.0
20230923:1211,233.25,109.4,36.49,14.17,3.59,0.0
20230923:1311,1005.48,416.4,34.57,14.21,3.38,0.0
20230923:1411,739.77,308.17,30.1,14.09,3.52,0.0
20230923:1511,759.24,315.58,23.67,14.09,3.59,0.0
20230923:1611,463.38,201.62,15.91,13.83,3.17,0.0
20230923:1711,72.57,44.37,7.36,13.52,2.62,0.0
20230923:1811,0.0,0.0,0.0,12.88,2.69,0.0
20230923:1911,0.0,0.0,0.0,12.59,3.24,0.0
20230923:2011,0.0,0.0,0.0,12.36,3.79,0.0
20230923:2111,0.0,0.0,0.0,12.55,4.48,0.0
20230923:2211,0.0,0.0,0.0,12.73,5.17,0.0
20230923:2311,0.0,0.0,0.0,12.85,5.59,0.0
20230924:0011,0.0,0.0,0.0,12.73,6.0,0.0
20230924:0111,0.0,0.0,0.0,12.65,6.34,0.0
20230924:0211,0.0,0.0,0.0,12.92,6.14,0.0
20230924:0311,0.0,0.0,0.0,13.61,6.14,0.0
20230924:0411,0.0,0.0,0.0,14.07,5.86,0.0
20230924:0511,0.0,0.0,0.0,14.54,5.59,0.0
20230924:0611,0.0,0.0,0.0,14.92,5.31,0.0
20230924:0711,214.89,106.76,10.11,15.37,5.31,0.0
20230924:0811,199.41,96.37,18.43,15.86,5.31,0.0
20230924:0911,203.76,98.27,25.77,16.27,5.66,0.0
20230924:1011,178.38,88.08,31.56,16.46,5.79,0.0
20230924:1111,128.49,67.68,35.18,16.92,6.34,0.0
20230924:1211,159.72,80.66,36.1,17.13,6.48,0.0
20230924:1311,736.35,308.85,34.17,17.48,6.69,0.0
20230924:1411,149.94,76.95,29.71,18.22,7.1,0.0
20230924:1511,412.77,182.24,23.29,18.85,7.17,0.0
20230924:1611,99.03,55.63,15.53,18.8,8.14,0.0
20230924:1711,5.67,10.2,6.99,18.27,8.48,0.0
20230924:1811,0.0,0.0,0.0,17.81,8.41,0.0
20230924:1911,0.0,0.0,0.0,17.37,8.41,0.0
20230924:2011,0.0,0.0,0.0,17.08,8.76,0.0
20230924:2111,0.0,0.0,0.0,17.08,8.69,0.0
20230924:2211,0.0,0.0,0.0,16.84,8.14,0.0
20230924:2311,0.0,0.0,0.0,16.26,6.83,0.0
20230925:0011,0.0,0.0,0.0,15.98,5.52,0.0
20230925:0111,0.0,0.0,0.0,15.36,5.03,0.0
20230925:0211,0.0,0.0,0.0,14.52,4.69,0.0
20230925:0311,0.0,0.0,0.0,13.78,4.41,0.0
20230925:0411,0.0,0.0,0.0,13.29,4.21,0.0
20230925:0511,0.0,0.0,0.0,12.93,4.07,0.0
20230925:0611,0.0,0.0,0.0,12.74,4.21,0.0
20230925:0711,345.3,164.27,9.84,13.23,4.62,0.0
20230925:0811,968.67,403.25,18.14,14.22,4.21,0.0
20230925:0911,1503.24,622.76,25.46,15.34,5.1,0.0
20230925:1011,1795.71,751.72,31.22,16.5,6.07,0.0
20230925:1111,1722.57,724.96,34.81,17.45,5.86,0.0
20230925:1211,1351.74,564.06,35.7,17.94,5.79,0.0
20230925:1311,1351.29,564.35,33.77,18.2,5.72,0.0
20230925:1411,1241.79,517.27,29.31,18.26,5.66,0.0
20230925:1511,762.33,320.92,22.9,18.18,5.17,0.0
20230925:1611,441.15,196.13,15.16,17.87,4.0,0.0
20230925:1711,32.25,25.03,6.62,17.19,3.31,0.0
20230925:1811,0.0,0.0,0.0,15.92,2.9,0.0
20230925:1911,0.0,0.0,0.0,15.48,2.76,0.0
20230925:2011,0.0,0.0,0.0,14.67,2.9,0.0
20230925:2111,0.0,0.0,0.0,14.23,3.03,0.0
20230925:2211,0.0,0.0,0.0,13.74,3.17,0.0
20230925:2311,0.0,0.0,0.0,13.33,3.17,0.0
20230926:0011,0.0,0.0,0.0,13.02,3.24,0.0
20230926:0111,0.0,0.0,0.0,12.82,3.31,0.0
20230926:0211,0.0,0.0,0.0,12.85,3.38,0.0
20230926:0311,0.0,0.0,0.0,12.83,3.59,0.0
20230926:0411,0.0,0.0,0.0,12.71,3.79,0.0
20230926:0511,0.0,0.0,0.0,12.48,3.93,0.0
20230926:0611,0.0,0.0,0.0,12.23,4.0,0.0
20230926:0711,129.57,68.46,9.57,13.04,3.45,0.0
20230926:0811,479.79,205.8,17.86,13.84,4.41,0.0
20230926:0911,757.89,314.77,25.15,14.71,4.28,0.0
20230926:1011,759.33,316.09,30.88,15.66,5.38,0.0
20230926:1111,1658.85,696.57,34.43,17.25,5.66,0.0
20230926:1211,1259.88,524.54,35.31,18.41,6.34,0.0
20230926:1311,1010.19,422.6,33.37,18.14,4.9,0.0
20230926:1411,639.6,272.02,28.92,18.67,6.14,0.0
20230926:1511,1053.15,439.69,22.52,18.4,5.45,0.0
20230926:1611,759.39,328.89,14.78,17.87,4.41,0.0
20230926:1711,117.66,70.09,6.25,16.97,3.86,0.0
20230926:1811,0.0,0.0,0.0,15.92,3.72,0.0
20230926:1911,0.0,0.0,0.0,14.95,3.31,0.0
20230926:2011,0.0,0.0,0.0,14.5,3.79,0.0
20230926:2111,0.0,0.0,0.0,13.59,3.86,0.0
20230926:2211,0.0,0.0,0.0,13.05,3.72,0.0
20230926:2311,0.0,0.0,0.0,12.39,3.45,0.0
20230927:0011,0.0,0.0,0.0,12.21,3.1,0.0
20230927:0111,0.0,0.0,0.0,11.72,2.62,0.0
20230927:0211,0.0,0.0,0.0,11.51,2.41,0.0
20230927:0311,0.0,0.0,0.0,11.1,2.07,0.0
20230927:0411,0.0,0.0,0.0,10.71,2.14,0.0
20230927:0511,0.0,0.0,0.0,10.51,2.41,0.0
20230927:0611,0.0,0.0,0.0,10.55,2.62,0.0
20230927:0711,133.35,69.93,9.3,11.64,2.9,0.0
20230927:0811,181.17,88.13,17.57,12.95,3.24,0.0
20230927:0911,876.99,361.34,24.84,14.18,4.21,0.0
20230927:1011,120.42,63.97,30.54,15.49,5.52,0.0
20230927:1111,222.84,105.69,34.06,15.87,6.48,0.0
20230927:1211,201.66,97.35,34.92,16.26,6.69,0.0
20230927:1311,93.63,52.85,32.97,16.5,6.07,0.0
20230927:1411,135.36,70.46,28.52,16.65,6.62,0.0
20230927:1511,106.29,58.41,22.13,17.3,7.52,0.0
20230927:1611,476.76,209.68,14.41,17.96,8.14,0.0
20230927:1711,65.46,43.14,5.88,17.9,8.55,0.0
20230927:1811,0.0,0.0,0.0,16.93,8.48,0.0
20230927:1911,0.0,0.0,0.0,16.71,8.21,0.0
20230927:2011,0.0,0.0,0.0,16.0,8.28,0.0
20230927:2111,0.0,0.0,0.0,15.91,8.69,0.0
20230927:2211,0.0,0.0,0.0,15.89,8.41,0.0
20230927:2311,0.0,0.0,0.0,15.66,7.38,0.0
20230928:0011,0.0,0.0,0.0,15.44,6.41,0.0
20230928:0111,0.0,0.0,0.0,15.32,6.14,0.0
20230928:0211,0.0,0.0,0.0,15.16,6.07,0.0
20230928:0311,0.0,0.0,0.0,14.85,5.86,0.0
20230928:0411,0.0,0.0,0.0,14.45,5.38,0.0
20230928:0511,0.0,0.0,0.0,13.76,4.9,0.0
20230928:0611,0.0,0.0,0.0,13.17,4.62,0.0
20230928:0711,46.53,31.52,9.03,13.75,4.69,0.0
20230928:0811,316.74,142.15,17.28,14.17,4.55,0.0
20230928:0911,226.32,106.62,24.53,14.65,5.59,0.0
20230928:1011,672.33,280.5,30.2,14.63,5.31,0.0
20230928:1111,345.3,153.9,33.69,14.77,4.34,0.0
20230928:1211,996.99,411.88,34.52,14.97,4.48,0.0
20230928:1311,323.49,145.56,32.57,15.75,6.14,0.0
20230928:1411,236.31,111.25,28.13,16.12,5.72,0.0
20230928:1511,153.78,77.88,21.75,15.75,4.48,0.0
20230928:1611,175.44,86.79,14.04,15.38,4.34,0.0
20230928:1711,77.19,49.69,5.52,15.02,4.0,0.0
20230928:1811,0.0,0.0,0.0,14.3,3.72,0.0
20230928:1911,0.0,0.0,0.0,14.41,4.14,0.0
20230928:2011,0.0,0.0,0.0,13.74,4.48,0.0
20230928:2111,0.0,0.0,0.0,13.7,4.34,0.0
20230928:2211,0.0,0.0,0.0,13.8,3.93,0.0
20230928:2311,0.0,0.0,0.0,13.8,3.38,0.0
20230929:0011,0.0,0.0,0.0,13.63,3.03,0.0
20230929:0111,0.0,0.0,0.0,13.45,2.9,0.0
20230929:0211,0.0,0.0,0.0,13.21,2.9,0.0
20230929:0311,0.0,0.0,0.0,13.03,3.24,0.0
20230929:0411,0.0,0.0,0.0,12.63,3.38,0.0
20230929:0511,0.0,0.0,0.0,12.16,3.38,0.0
20230929:0611,0.0,0.0,0.0,11.52,3.38,0.0
20230929:0711,231.21,113.44,8.76,11.54,3.72,0.0
20230929:0811,899.1,372.67,17.0,12.41,3.52,0.0
20230929:0911,1399.08,571.35,24.21,13.64,5.52,0.0
20230929:1011,1339.92,546.8,29.85,14.85,6.62,0.0
20230929:1111,1351.5,554.13,33.32,15.57,6.69,0.0
20230929:1211,1176.54,483.31,34.13,16.01,6.55,0.0
20230929:1311,686.94,287.92,32.17,16.33,6.34,0.0
20230929:1411,1382.22,569.67,27.73,16.38,6.21,0.0
20230929:1511,1087.11,448.54,21.37,16.2,5.72,0.0
20230929:1611,622.92,269.53,13.66,15.71,4.41,0.0
20230929:1711,108.36,69.07,5.15,15.13,3.66,0.0
20230929:1811,0.0,0.0,0.0,14.0,3.03,0.0
20230929:1911,0.0,0.0,0.0,13.16,2.97,0.0
20230929:2011,0.0,0.0,0.0,12.75,2.83,0.0
20230929:2111,0.0,0.0,0.0,12.51,2.48,0.0
20230929:2211,0.0,0.0,0.0,12.14,2.48,0.0
20230929:2311,0.0,0.0,0.0,11.81,2.28,0.0
20230930:0011,0.0,0.0,0.0,11.49,2.14,0.0
20230930:0111,0.0,0.0,0.0,11.18,2.21,0.0
20230930:0211,0.0,0.0,0.0,11.09,2.07,0.0
20230930:0311,0.0,0.0,0.0,10.87,2.0,0.0
20230930:0411,0.0,0.0,0.0,10.74,1.86,0.0
20230930:0511,0.0,0.0,0.0,10.38,1.86,0.0
20230930:0611,0.0,0.0,0.0,10.08,1.86,0.0
20230930:0711,24.12,20.4,8.49,10.44,1.59,0.0
20230930:0811,189.78,91.17,16.71,11.5,2.0,0.0
20230930:0911,304.32,136.62,23.9,12.58,2.9,0.0
20230930:1011,521.94,221.76,29.51,13.21,3.24,0.0
20230930:1111,792.69,328.93,32.94,13.87,3.59,0.0
20230930:1211,607.62,256.33,33.74,13.91,3.31,0.0
20230930:1311,210.03,100.13,31.78,14.09,3.38,0.0
20230930:1411,132.6,68.61,27.34,13.58,3.31,0.0
20230930:1511,97.23,53.77,20.98,13.3,3.59,0.0
20230930:1611,42.66,29.67,13.29,13.27,4.0,0.0
20230930:1711,20.19,18.54,4.79,13.37,4.62,0.0
20230930:1811,0.0,0.0,0.0,13.75,5.03,0.0
20230930:1911,0.0,0.0,0.0,13.94,4.83,0.0
20230930:2011,0.0,0.0,0.0,14.37,4.97,0.0
20230930:2111,0.0,0.0,0.0,14.88,5.03,0.0
20230930:2211,0.0,0.0,0.0,15.4,5.24,0.0
20230930:2311,0.0,0.0,0.0,15.92,5.17,0.0
20231001:0011,0.0,0.0,0.0,16.27,5.03,0.0
20231001:0111,0.0,0.0,0.0,16.47,4.9,0.0
20231001:0211,0.0,0.0,0.0,16.6,4.83,0.0
20231001:0311,0.0,0.0,0.0,16.63,4.62,0.0
20231001:0411,0.0,0.0,0.0,16.59,4.34,0.0
20231001:0511,0.0,0.0,0.0,16.48,4.28,0.0
20231001:0611,0.0,0.0,0.0,16.35,4.28,0.0
20231001:0711,16.41,16.69,8.22,16.87,4.21,0.0
20231001:0811,322.71,146.37,16.42,16.95,3.93,0.0
20231001:0911,220.8,105.69,23.58,17.13,3.86,0.0
20231001:1011,238.83,113.11,29.16,17.47,4.0,0.0
20231001:1111,224.85,107.54,32.57,17.53,3.59,0.0
20231001:1211,277.53,128.87,33.35,17.56,3.24,0.0
20231001:1311,300.69,138.14,31.38,17.55,3.38,0.0
20231001:1411,243.27,114.96,26.95,17.42,3.45,0.0
20231001:1511,161.16,81.59,20.6,17.51,3.17,0.0
20231001:1611,108.48,59.54,12.92,17.36,3.03,0.0
20231001:1711,10.02,12.98,4.42,17.08,3.03,0.0
20231001:1811,0.0,0.0,0.0,16.43,2.76,0.0
20231001:1911,0.0,0.0,0.0,16.28,2.41,0.0
20231001:2011,0.0,0.0,0.0,15.87,2.48,0.0
20231001:2111,0.0,0.0,0.0,15.54,2.41,0.0
20231001:2211,0.0,0.0,0.0,14.92,2.21,0.0
20231001:2311,0.0,0.0,0.0,14.32,2.14,0.0
20231002:0011,0.0,0.0,0.0,14.11,2.28,0.0
20231002:0111,0.0,0.0,0.0,13.79,2.55,0.0
20231002:0211,0.0,0.0,0.0,13.13,2.62,0.0
20231002:0311,0.0,0.0,0.0,12.85,2.69,0.0
20231002:0411,0.0,0.0,0.0,12.32,2.48,0.0
20231002:0511,0.0,0.0,0.0,12.02,2.28,0.0
20231002:0611,0.0,0.0,0.0,11.83,2.0,0.0
20231002:0711,33.21,25.03,7.95,11.91,1.66,0.0
20231002:0811,165.51,81.79,16.13,12.55,2.14,0.0
20231002:0911,350.07,155.18,23.27,13.43,2.14,0.0
20231002:1011,864.27,360.0,28.82,14.08,2.14,0.0
20231002:1111,279.3,127.94,32.2,14.15,2.21,0.0
20231002:1211,362.97,161.4,32.96,14.5,2.0,0.0
20231002:1311,218.58,103.84,30.98,14.3,1.93,0.0
20231002:1411,159.3,79.73,26.56,13.78,1.59,0.0
20231002:1511,170.91,84.37,20.22,13.31,1.03,0.0
20231002:1611,101.46,55.63,12.55,12.9,0.41,0.0
20231002:1711,10.32,12.98,4.06,12.63,0.28,0.0
20231002:1811,0.0,0.0,0.0,12.14,0.41,0.0
20231002:1911,0.0,0.0,0.0,12.43,1.79,0.0
20231002:2011,0.0,0.0,0.0,11.97,2.21,0.0
20231002:2111,0.0,0.0,0.0,11.69,2.21,0.0
20231002:2211,0.0,0.0,0.0,11.49,1.93,0.0
20231002:2311,0.0,0.0,0.0,11.32,1.86,0.0
20231003:0011,0.0,0.0,0.0,11.0,2.07,0.0
20231003:0111,0.0,0.0,0.0,10.87,2.21,0.0
20231003:0211,0.0,0.0,0.0,10.7,2.21,0.0
20231003:0311,0.0,0.0,0.0,10.38,2.34,0.0
20231003:0411,0.0,0.0,0.0,10.0,2.69,0.0
20231003:0511,0.0,0.0,0.0,10.25,3.17,0.0
20231003:0611,0.0,0.0,0.0,10.34,3.45,0.0
20231003:0711,2.1,7.42,7.68,10.52,3.79,0.0
20231003:0811,82.95,47.28,15.84,11.16,3.93,0.0
20231003:0911,89.16,50.06,22.95,12.01,4.83,0.0
20231003:1011,318.93,141.97,28.47,12.69,5.38,0.0
20231003:1111,119.52,63.04,31.83,13.37,5.79,0.0
20231003:1211,331.2,147.41,32.57,13.91,6.28,0.0
20231003:1311,443.31,190.98,30.59,14.07,5.93,0.0
20231003:1411,1041.9,425.05,26.17,14.31,5.72,0.0
20231003:1511,689.61,286.39,19.84,14.42,5.59,0.0
20231003:1611,272.58,125.71,12.18,13.85,6.14,0.0
20231003:1711,25.77,23.03,3.7,13.22,5.31,0.0
20231003:1811,0.0,0.0,0.0,12.75,4.48,0.0
20231003:1911,0.0,0.0,0.0,12.75,4.48,0.0
20231003:2011,0.0,0.0,0.0,12.48,4.0,0.0
20231003:2111,0.0,0.0,0.0,12.26,3.66,0.0
20231003:2211,0.0,0.0,0.0,11.82,3.59,0.0
20231003:2311,0.0,0.0,0.0,11.84,3.66,0.0
20231004:0011,0.0,0.0,0.0,11.53,3.38,0.0
20231004:0111,0.0,0.0,0.0,11.54,3.31,0.0
20231004:0211,0.0,0.0,0.0,11.2,3.66,0.0
20231004:0311,0.0,0.0,0.0,11.07,3.86,0.0
20231004:0411,0.0,0.0,0.0,10.99,3.86,0.0
20231004:0511,0.0,0.0,0.0,11.3,4.07,0.0
20231004:0611,0.0,0.0,0.0,11.31,4.07,0.0
20231004:0711,101.52,56.86,7.4,11.42,4.0,0.0
20231004:0811,216.39,101.73,15.55,12.11,4.14,0.0
20231004:0911,422.16,181.88,22.64,12.91,4.34,0.0
20231004:1011,776.73,319.4,28.13,13.96,5.93,0.0
20231004:1111,852.12,350.88,31.45,15.03,6.21,0.0
20231004:1211,295.74,134.43,32.18,15.65,7.03,0.0
20231004:1311,378.6,167.18,30.19,16.14,7.24,0.0
20231004:1411,731.01,303.56,25.78,16.25,7.17,0.0
20231004:1511,615.09,258.44,19.47,15.88,6.55,0.0
20231004:1611,150.66,76.76,11.82,15.62,6.0,0.0
20231004:1711,16.95,17.76,3.34,14.73,5.1,0.0
20231004:1811,0.0,0.0,0.0,13.91,4.69,0.0
20231004:1911,0.0,0.0,0.0,13.59,4.69,0.0
20231004:2011,0.0,0.0,0.0,13.36,4.55,0.0
20231004:2111,0.0,0.0,0.0,13.23,4.48,0.0
20231004:2211,0.0,0.0,0.0,13.15,4.34,0.0
20231004:2311,0.0,0.0,0.0,13.23,4.07,0.0
20231005:0011,0.0,0.0,0.0,13.16,3.86,0.0
20231005:0111,0.0,0.0,0.0,12.82,3.59,0.0
20231005:0211,0.0,0.0,0.0,12.87,3.24,0.0
20231005:0311,0.0,0.0,0.0,12.84,3.03,0.0
20231005:0411,0.0,0.0,0.0,12.86,2.9,0.0
20231005:0511,0.0,0.0,0.0,12.87,3.1,0.0
20231005:0611,0.0,0.0,0.0,12.87,3.31,0.0
20231005:0711,67.02,41.31,7.13,13.16,3.45,0.0
20231005:0811,138.09,70.75,15.25,13.23,3.52,0.0
20231005:0911,159.9,79.73,22.32,13.52,3.45,0.0
20231005:1011,323.58,144.8,27.78,14.07,4.55,0.0
20231005:1111,766.08,316.92,31.08,14.65,5.59,0.0
20231005:1211,367.98,162.39,31.79,14.51,5.1,0.0
20231005:1311,217.26,102.91,29.8,14.21,4.69,0.0
20231005:1411,250.02,115.89,25.39,14.16,4.76,0.0
20231005:1511,48.45,32.45,19.09,14.11,4.83,0.0
20231005:1611,130.8,68.1,11.45,13.98,5.59,0.0
20231005:1711,12.36,15.24,2.98,14.11,5.66,0.0
20231005:1811,0.0,0.0,0.0,14.18,5.38,0.0
20231005:1911,0.0,0.0,0.0,14.52,5.79,0.0
20231005:2011,0.0,0.0,0.0,14.55,5.86,0.0
20231005:2111,0.0,0.0,0.0,14.67,6.0,0.0
20231005:2211,0.0,0.0,0.0,14.83,5.86,0.0
20231005:2311,0.0,0.0,0.0,14.87,5.72,0.0
20231006:0011,0.0,0.0,0.0,14.92,5.45,0.0
20231006:0111,0.0,0.0,0.0,14.93,5.38,0.0
20231006:0211,0.0,0.0,0.0,15.08,5.24,0.0
20231006:0311,0.0,0.0,0.0,15.15,5.03,0.0
20231006:0411,0.0,0.0,0.0,15.18,5.03,0.0
20231006:0511,0.0,0.0,0.0,15.18,5.1,0.0
20231006:0611,0.0,0.0,0.0,15.27,5.24,0.0
20231006:0711,56.04,36.81,6.85,16.06,5.72,0.0
20231006:0811,341.25,152.9,14.96,16.23,5.79,0.0
20231006:0911,38.1,27.81,22.0,16.47,5.79,0.0
20231006:1011,68.1,41.72,27.44,16.72,5.86,0.0
20231006:1111,106.35,58.41,30.71,17.11,6.55,0.0
20231006:1211,101.91,56.55,31.4,17.25,6.0,0.0
20231006:1311,150.39,76.95,29.41,17.56,6.69,0.0
20231006:1411,51.48,34.3,25.01,17.8,6.83,0.0
20231006:1511,88.8,50.99,18.72,17.6,5.66,0.0
20231006:1611,80.37,47.28,11.09,17.33,4.9,0.0
20231006:1711,0.0,3.71,2.63,16.94,4.48,0.0
20231006:1811,0.0,0.0,0.0,16.44,4.07,0.0
20231006:1911,0.0,0.0,0.0,16.81,4.69,0.0
20231006:2011,0.0,0.0,0.0,16.69,4.55,0.0
20231006:2111,0.0,0.0,0.0,16.5,4.34,0.0
20231006:2211,0.0,0.0,0.0,16.31,4.62,0.0
20231006:2311,0.0,0.0,0.0,16.04,4.34,0.0
20231007:0011,0.0,0.0,0.0,15.65,4.0,0.0
20231007:0111,0.0,0.0,0.0,14.73,4.0,0.0
20231007:0211,0.0,0.0,0.0,14.13,3.79,0.0
20231007:0311,0.0,0.0,0.0,13.99,3.66,0.0
20231007:0411,0.0,0.0,0.0,14.14,3.59,0.0
20231007:0511,0.0,0.0,0.0,14.36,3.45,0.0
20231007:0611,0.0,0.0,0.0,14.37,3.17,0.0
20231007:0711,92.7,54.02,6.58,14.33,2.9,0.0
20231007:0811,873.9,368.7,14.67,14.87,2.76,0.0
20231007:0911,629.58,265.55,21.68,15.7,3.52,0.0
20231007:1011,1249.05,522.64,27.09,16.71,3.45,0.0
20231007:1111,789.9,333.11,30.34,17.79,3.72,0.0
20231007:1211,1218.12,513.85,31.01,18.66,3.79,0.0
20231007:1311,1677.33,720.31,29.02,19.32,4.14,0.0
20231007:1411,1141.98,481.5,24.63,19.32,3.86,0.0
20231007:1511,964.86,409.46,18.34,19.24,3.24,0.0
20231007:1611,437.58,199.06,10.73,18.98,3.24,0.0
20231007:1711,3.09,8.34,2.28,17.94,2.76,0.0
20231007:1811,0.0,0.0,0.0,16.65,2.28,0.0
20231007:1911,0.0,0.0,0.0,15.94,2.41,0.0
20231007:2011,0.0,0.0,0.0,15.13,2.14,0.0
20231007:2111,0.0,0.0,0.0,14.39,1.79,0.0
20231007:2211,0.0,0.0,0.0,13.84,1.38,0.0
20231007:2311,0.0,0.0,0.0,14.99,0.83,0.0
20231008:0011,0.0,0.0,0.0,14.63,0.83,0.0
20231008:0111,0.0,0.0,0.0,13.79,0.97,0.0
20231008:0211,0.0,0.0,0.0,12.5,1.93,0.0
20231008:0311,0.0,0.0,0.0,12.33,1.93,0.0
20231008:0411,0.0,0.0,0.0,12.25,2.0,0.0
20231008:0511,0.0,0.0,0.0,12.21,2.0,0.0
20231008:0611,0.0,0.0,0.0,12.04,2.07,0.0
20231008:0711,60.09,38.25,6.3,12.58,2.07,0.0
20231008:0811,523.95,224.84,14.37,13.67,2.07,0.0
20231008:0911,1160.67,487.08,21.37,15.17,1.93,0.0
20231008:1011,1026.0,432.65,26.75,16.95,2.07,0.0
20231008:1111,1925.37,858.44,29.97,18.2,2.28,0.0
20231008:1211,950.52,404.51,30.63,18.66,2.14,0.0
20231008:1311,1566.66,683.28,28.63,19.02,2.14,0.0
20231008:1411,505.92,221.43,24.24,19.13,2.21,0.0
20231008:1511,1037.73,444.35,17.97,19.08,2.0,0.0
20231008:1611,236.43,114.79,10.37,18.67,1.72,0.0
20231008:1711,0.0,1.85,1.92,17.6,2.0,0.0
20231008:1811,0.0,0.0,0.0,16.05,2.34,0.0
20231008:1911,0.0,0.0,0.0,15.96,2.0,0.0
20231008:2011,0.0,0.0,0.0,14.64,1.93,0.0
20231008:2111,0.0,0.0,0.0,13.39,1.66,0.0
20231008:2211,0.0,0.0,0.0,13.2,1.38,0.0
20231008:2311,0.0,0.0,0.0,12.11,1.86,0.0
20231009:0011,0.0,0.0,0.0,11.95,1.93,0.0
20231009:0111,0.0,0.0,0.0,12.19,1.93,0.0
20231009:0211,0.0,0.0,0.0,12.4,2.07,0.0
20231009:0311,0.0,0.0,0.0,12.82,2.28,0.0
20231009:0411,0.0,0.0,0.0,13.14,2.21,0.0
20231009:0511,0.0,0.0,0.0,13.49,1.93,0.0
20231009:0611,0.0,0.0,0.0,13.59,2.0,0.0
20231009:0711,53.82,35.68,6.02,14.23,1.79,0.0
20231009:0811,292.92,133.79,14.08,14.78,1.93,0.0
20231009:0911,144.6,74.17,21.05,15.59,2.69,0.0
20231009:1011,288.63,132.81,26.4,16.52,2.62,0.0
20231009:1111,521.37,225.93,29.6,17.38,2.83,0.0
20231009:1211,628.77,269.96,30.24,18.03,2.48,0.0
20231009:1311,280.05,130.72,28.24,18.62,2.21,0.0
20231009:1411,372.72,167.99,23.86,19.03,2.21,0.0
20231009:1511,193.05,95.32,17.61,19.04,2.14,0.0
20231009:1611,129.78,69.43,10.01,18.58,1.52,0.0
20231009:1711,0.0,3.71,1.58,17.8,0.9,0.0
20231009:1811,0.0,0.0,0.0,16.69,0.62,0.0
20231009:1911,0.0,0.0,0.0,15.61,0.97,0.0
20231009:2011,0.0,0.0,0.0,14.96,1.03,0.0
20231009:2111,0.0,0.0,0.0,14.03,1.31,0.0
20231009:2211,0.0,0.0,0.0,13.01,1.66,0.0
20231009:2311,0.0,0.0,0.0,12.79,1.66,0.0
20231010:0011,0.0,0.0,0.0,12.91,1.45,0.0
20231010:0111,0.0,0.0,0.0,13.1,1.31,0.0
20231010:0211,0.0,0.0,0.0,13.09,1.1,0.0
20231010:0311,0.0,0.0,0.0,12.9,1.03,0.0
20231010:0411,0.0,0.0,0.0,12.82,0.76,0.0
20231010:0511,0.0,0.0,0.0,12.43,1.03,0.0
20231010:0611,0.0,0.0,0.0,12.21,1.52,0.0
20231010:0711,144.18,78.44,5.75,12.71,2.21,0.0
20231010:0811,368.1,162.92,13.79,13.82,2.34,0.0
20231010:0911,1209.0,506.99,20.73,15.41,2.28,0.0
20231010:1011,1353.57,572.45,26.06,17.01,2.76,0.0
20231010:1111,1639.95,705.09,29.23,18.23,3.31,0.0
20231010:1211,1911.42,838.53,29.86,19.04,3.52,0.0
20231010:1311,1729.44,749.61,27.86,19.74,3.72,0.0
20231010:1411,682.98,291.68,23.49,19.94,4.07,0.0
20231010:1511,241.41,114.9,17.24,19.56,4.28,0.0
20231010:1611,33.84,25.96,9.66,18.82,4.55,0.0
20231010:1711,0.0,0.93,1.23,17.85,4.76,0.0
20231010:1811,0.0,0.0,0.0,17.11,5.03,0.0
20231010:1911,0.0,0.0,0.0,16.87,5.31,0.0
20231010:2011,0.0,0.0,0.0,16.34,5.52,0.0
20231010:2111,0.0,0.0,0.0,16.44,5.86,0.0
20231010:2211,0.0,0.0,0.0,16.42,5.93,0.0
20231010:2311,0.0,0.0,0.0,16.44,6.14,0.0
20231011:0011,0.0,0.0,0.0,16.31,6.07,0.0
20231011:0111,0.0,0.0,0.0,15.68,6.14,0.0
20231011:0211,0.0,0.0,0.0,15.53,5.93,0.0
20231011:0311,0.0,0.0,0.0,15.17,5.38,0.0
20231011:0411,0.0,0.0,0.0,14.91,5.24,0.0
20231011:0511,0.0,0.0,0.0,14.6,5.1,0.0
20231011:0611,0.0,0.0,0.0,14.38,5.38,0.0
20231011:0711,14.94,15.76,5.47,14.89,5.38,0.0
20231011:0811,21.78,19.47,13.49,14.73,4.41,0.0
20231011:0911,75.24,44.5,20.41,14.11,2.97,0.0
20231011:1011,75.69,44.5,25.71,12.97,2.97,0.0
20231011:1111,91.23,50.99,28.87,11.96,2.69,0.0
20231011:1211,136.29,69.53,29.48,11.31,2.62,0.0
20231011:1311,116.13,61.19,27.47,10.99,2.48,0.0
20231011:1411,118.47,62.12,23.11,10.85,2.69,0.0
20231011:1511,61.71,38.01,16.88,10.71,3.03,0.0
20231011:1611,17.07,16.69,9.31,10.51,2.9,0.0
20231011:1711,0.0,0.0,0.0,10.33,2.9,0.0
20231011:1811,0.0,0.0,0.0,10.43,2.9,0.0
20231011:1911,0.0,0.0,0.0,10.3,2.21,0.0
20231011:2011,0.0,0.0,0.0,10.26,2.0,0.0
20231011:2111,0.0,0.0,0.0,9.9,1.52,0.0
20231011:2211,0.0,0.0,0.0,9.58,1.38,0.0
20231011:2311,0.0,0.0,0.0,8.93,1.38,0.0
20231012:0011,0.0,0.0,0.0,8.2,1.38,0.0
20231012:0111,0.0,0.0,0.0,7.44,1.52,0.0
20231012:0211,0.0,0.0,0.0,6.61,1.31,0.0
20231012:0311,0.0,0.0,0.0,6.37,1.1,0.0
20231012:0411,0.0,0.0,0.0,6.12,1.24,0.0
20231012:0511,0.0,0.0,0.0,5.88,1.24,0.0
20231012:0611,0.0,0.0,0.0,5.64,1.17,0.0
20231012:0711,158.19,83.14,5.19,4.59,1.52,0.0
20231012:0811,836.76,343.71,13.2,6.18,0.76,0.0
20231012:0911,1160.97,478.46,20.09,8.79,0.62,0.0
20231012:1011,1299.33,545.44,25.37,10.02,0.21,0.0
20231012:1111,1892.4,835.61,28.5,10.87,0.55,0.0
20231012:1211,2025.42,902.01,29.1,11.53,0.97,0.0
20231012:1311,1891.32,824.48,27.09,12.01,1.38,0.0
20231012:1411,1619.37,687.67,22.74,12.13,1.59,0.0
20231012:1511,626.94,262.56,16.52,12.04,1.72,0.0
20231012:1611,108.15,58.5,8.96,11.88,1.79,0.0
20231012:1711,0.0,0.0,0.0,11.27,1.45,0.0
20231012:1811,0.0,0.0,0.0,10.84,1.52,0.0
20231012:1911,0.0,0.0,0.0,10.66,2.07,0.0
20231012:2011,0.0,0.0,0.0,10.8,2.48,0.0
20231012:2111,0.0,0.0,0.0,10.88,2.62,0.0
20231012:2211,0.0,0.0,0.0,11.19,2.76,0.0
20231012:2311,0.0,0.0,0.0,11.47,2.83,0.0
20231013:0011,0.0,0.0,0.0,11.62,2.69,0.0
20231013:0111,0.0,0.0,0.0,12.37,2.69,0.0
20231013:0211,0.0,0.0,0.0,12.81,2.62,0.0
20231013:0311,0.0,0.0,0.0,13.22,2.69,0.0
20231013:0411,0.0,0.0,0.0,13.52,2.28,0.0
20231013:0511,0.0,0.0,0.0,13.75,2.0,0.0
20231013:0611,0.0,0.0,0.0,13.89,1.59,0.0
20231013:0711,99.06,58.66,4.91,13.26,1.24,0.0
20231013:0811,300.39,135.96,12.9,13.14,1.72,0.0
20231013:0911,33.06,25.03,19.78,12.82,2.41,0.0
20231013:1011,104.13,56.55,25.03,12.6,3.03,0.0
20231013:1111,59.07,37.08,28.13,12.46,3.59,0.0
20231013:1211,154.05,76.95,28.72,12.35,4.14,0.0
20231013:1311,172.56,84.37,26.71,12.48,5.31,0.0
20231013:1411,232.53,107.9,22.37,12.11,5.38,0.0
20231013:1511,930.75,376.99,16.16,11.59,5.79,0.0
20231013:1611,174.81,86.25,8.61,11.19,5.59,0.0
20231013:1711,0.0,0.0,0.0,10.88,5.31,0.0
20231013:1811,0.0,0.0,0.0,10.33,5.1,0.0
20231013:1911,0.0,0.0,0.0,10.06,5.1,0.0
20231013:2011,0.0,0.0,0.0,9.48,4.69,0.0
20231013:2111,0.0,0.0,0.0,9.32,4.69,0.0
20231013:2211,0.0,0.0,0.0,9.23,5.03,0.0
20231013:2311,0.0,0.0,0.0,8.9,5.03,0.0
20231014:0011,0.0,0.0,0.0,8.46,4.97,0.0
20231014:0111,0.0,0.0,0.0,8.16,4.97,0.0
20231014:0211,0.0,0.0,0.0,8.09,5.03,0.0
20231014:0311,0.0,0.0,0.0,7.85,5.03,0.0
20231014:0411,0.0,0.0,0.0,7.77,5.03,0.0
20231014:0511,0.0,0.0,0.0,7.65,4.55,0.0
20231014:0611,0.0,0.0,0.0,7.51,4.14,0.0
20231014:0711,0.0,3.71,4.64,7.06,3.17,0.0
20231014:0811,828.75,338.05,12.61,7.65,3.24,0.0
20231014:0911,246.99,112.21,19.46,8.79,3.52,0.0
20231014:1011,1756.89,710.61,24.68,9.64,5.52,0.0
20231014:1111,814.29,328.04,27.77,9.93,5.86,0.0
20231014:1211,1171.26,467.46,28.35,9.88,5.86,0.0
20231014:1311,1987.32,813.15,26.34,9.92,5.66,0.0
20231014:1411,214.77,100.13,22.0,10.08,5.59,0.0
20231014:1511,635.79,259.37,15.8,9.19,5.59,0.0
20231014:1611,344.31,153.94,8.27,8.46,5.03,0.0
20231014:1711,0.0,0.0,0.0,7.53,4.0,0.0
20231014:1811,0.0,0.0,0.0,7.02,3.66,0.0
20231014:1911,0.0,0.0,0.0,6.99,3.66,0.0
20231014:2011,0.0,0.0,0.0,6.61,3.38,0.0
20231014:2111,0.0,0.0,0.0,6.37,3.1,0.0
20231014:2211,0.0,0.0,0.0,6.15,2.9,0.0
20231014:2311,0.0,0.0,0.0,5.69,2.69,0.0
20231015:0011,0.0,0.0,0.0,5.73,2.62,0.0
20231015:0111,0.0,0.0,0.0,5.35,2.48,0.0
20231015:0211,0.0,0.0,0.0,4.86,2.41,0.0
20231015:0311,0.0,0.0,0.0,4.48,2.28,0.0
20231015:0411,0.0,0.0,0.0,3.88,2.14,0.0
20231015:0511,0.0,0.0,0.0,3.13,2.0,0.0
20231015:0611,0.0,0.0,0.0,2.32,2.0,0.0
20231015:0711,104.94,59.22,4.36,1.94,2.07,0.0
20231015:0811,856.38,345.41,12.31,3.22,1.52,0.0
20231015:0911,1405.08,569.51,19.14,6.19,1.86,0.0
20231015:1011,1772.04,731.34,24.34,7.57,2.55,0.0
20231015:1111,2050.89,864.29,27.41,8.83,3.03,0.0
20231015:1211,2049.0,862.97,27.97,9.8,3.45,0.0
20231015:1311,1826.52,754.23,25.96,10.73,4.28,0.0
20231015:1411,1475.76,602.09,21.63,11.01,3.93,0.0
20231015:1511,514.14,215.91,15.45,10.94,3.45,0.0
20231015:1611,199.17,96.54,7.92,10.44,2.69,0.0
20231015:1711,0.0,0.0,0.0,9.43,2.14,0.0
20231015:1811,0.0,0.0,0.0,8.24,1.93,0.0
20231015:1911,0.0,0.0,0.0,7.02,1.59,0.0
20231015:2011,0.0,0.0,0.0,6.63,0.97,0.0
20231015:2111,0.0,0.0,0.0,7.09,0.21,0.0
20231015:2211,0.0,0.0,0.0,6.8,0.41,0.0
20231015:2311,0.0,0.0,0.0,6.42,0.69,0.0
20231016:0011,0.0,0.0,0.0,5.86,0.83,0.0
20231016:0111,0.0,0.0,0.0,5.0,0.97,0.0
20231016:0211,0.0,0.0,0.0,4.5,1.17,0.0
20231016:0311,0.0,0.0,0.0,4.4,1.17,0.0
20231016:0411,0.0,0.0,0.0,4.11,1.31,0.0
20231016:0511,0.0,0.0,0.0,3.64,1.59,0.0
20231016:0611,0.0,0.0,0.0,3.41,1.66,0.0
20231016:0711,59.55,38.25,4.08,3.18,1.66,0.0
20231016:0811,488.04,202.87,12.02,4.29,1.31,0.0
20231016:0911,962.55,388.3,18.82,6.76,1.31,0.0
20231016:1011,1039.68,421.3,24.0,8.25,1.66,0.0
20231016:1111,474.12,200.38,27.05,9.44,2.0,0.0
20231016:1211,1138.08,464.54,27.6,10.1,2.21,0.0
20231016:1311,1588.62,660.63,25.59,10.36,2.28,0.0
20231016:1411,1471.38,608.04,21.27,10.61,2.34,0.0
20231016:1511,832.26,341.68,15.1,10.53,2.34,0.0
20231016:1611,203.79,98.62,7.59,10.08,2.0,0.0
20231016:1711,0.0,0.0,0.0,8.74,2.21,0.0
20231016:1811,0.0,0.0,0.0,7.4,2.41,0.0
20231016:1911,0.0,0.0,0.0,7.14,2.62,0.0
20231016:2011,0.0,0.0,0.0,7.12,2.69,0.0
20231016:2111,0.0,0.0,0.0,6.91,2.83,0.0
20231016:2211,0.0,0.0,0.0,6.74,2.9,0.0
20231016:2311,0.0,0.0,0.0,6.67,2.97,0.0
20231017:0011,0.0,0.0,0.0,6.43,3.1,0.0
20231017:0111,0.0,0.0,0.0,6.04,3.17,0.0
20231017:0211,0.0,0.0,0.0,6.15,3.17,0.0
20231017:0311,0.0,0.0,0.0,6.33,3.17,0.0
20231017:0411,0.0,0.0,0.0,6.39,3.17,0.0
20231017:0511,0.0,0.0,0.0,6.59,3.24,0.0
20231017:0611,0.0,0.0,0.0,6.61,3.31,0.0
20231017:0711,22.53,19.93,3.8,6.99,3.31,0.0
20231017:0811,314.13,137.92,11.72,7.89,3.52,0.0
20231017:0911,790.95,319.5,18.51,9.26,3.86,0.0
20231017:1011,839.28,338.88,23.66,10.65,5.1,0.0
20231017:1111,1208.43,485.14,26.69,11.53,6.14,0.0
20231017:1211,1349.94,543.45,27.23,12.04,6.41,0.0
20231017:1311,1534.11,621.28,25.22,12.34,6.21,0.0
20231017:1411,1594.44,646.93,20.91,12.57,6.34,0.0
20231017:1511,1137.39,462.08,14.75,12.44,6.0,0.0
20231017:1611,304.71,140.82,7.25,11.85,5.72,0.0
20231017:1711,0.0,0.0,0.0,10.89,5.93,0.0
20231017:1811,0.0,0.0,0.0,10.25,6.34,0.0
20231017:1911,0.0,0.0,0.0,9.74,6.34,0.0
20231017:2011,0.0,0.0,0.0,9.4,6.41,0.0
20231017:2111,0.0,0.0,0.0,9.21,6.14,0.0
20231017:2211,0.0,0.0,0.0,9.3,6.21,0.0
20231017:2311,0.0,0.0,0.0,9.44,6.48,0.0
20231018:0011,0.0,0.0,0.0,9.71,6.48,0.0
20231018:0111,0.0,0.0,0.0,9.44,6.28,0.0
20231018:0211,0.0,0.0,0.0,9.42,6.34,0.0
20231018:0311,0.0,0.0,0.0,9.39,6.41,0.0
20231018:0411,0.0,0.0,0.0,9.44,6.48,0.0
20231018:0511,0.0,0.0,0.0,9.56,6.69,0.0
20231018:0611,0.0,0.0,0.0,9.67,6.9,0.0
20231018:0711,30.45,24.71,3.53,9.19,6.62,0.0
20231018:0811,273.15,122.6,11.43,9.62,6.76,0.0
20231018:0911,513.57,213.3,18.19,10.55,6.55,0.0
20231018:1011,1570.47,629.26,23.32,11.61,7.45,0.0
20231018:1111,1791.3,726.58,26.33,13.03,7.86,0.0
20231018:1211,1473.18,594.32,26.86,13.91,8.21,0.0
20231018:1311,769.02,314.9,24.86,14.66,8.28,0.0
20231018:1411,180.3,88.08,20.55,14.64,8.07,0.0
20231018:1511,97.02,53.77,14.41,14.12,7.1,0.0
20231018:1611,15.12,15.76,6.92,13.19,7.24,0.0
20231018:1711,0.0,0.0,0.0,12.5,7.38,0.0
20231018:1811,0.0,0.0,0.0,12.05,7.72,0.0
20231018:1911,0.0,0.0,0.0,12.1,7.45,0.0
20231018:2011,0.0,0.0,0.0,11.84,7.45,0.0
20231018:2111,0.0,0.0,0.0,11.41,7.31,0.0
20231018:2211,0.0,0.0,0.0,11.35,7.03,0.0
20231018:2311,0.0,0.0,0.0,11.4,6.48,0.0
20231019:0011,0.0,0.0,0.0,11.49,5.38,0.0
20231019:0111,0.0,0.0,0.0,11.82,3.86,0.0
20231019:0211,0.0,0.0,0.0,11.78,1.66,0.0
20231019:0311,0.0,0.0,0.0,11.67,1.59,0.0
20231019:0411,0.0,0.0,0.0,11.67,2.9,0.0
20231019:0511,0.0,0.0,0.0,11.83,3.93,0.0
20231019:0611,0.0,0.0,0.0,11.95,4.07,0.0
20231019:0711,39.51,30.26,3.25,12.92,4.14,0.0
20231019:0811,135.69,69.86,11.13,13.59,4.41,0.0
20231019:0911,27.21,22.25,17.88,14.41,4.76,0.0
20231019:1011,1382.97,569.81,22.98,15.07,4.76,0.0
20231019:1111,1098.12,452.08,25.97,15.64,4.76,0.0
20231019:1211,857.31,355.13,26.5,16.31,5.17,0.0
20231019:1311,306.87,139.54,24.49,16.66,4.83,0.0
20231019:1411,89.07,50.99,20.2,16.82,4.21,0.0
20231019:1511,374.13,165.54,14.07,16.48,4.83,0.0
20231019:1611,0.87,6.49,6.59,15.39,4.14,0.0
20231019:1711,0.0,0.0,0.0,14.98,3.93,0.0
20231019:1811,0.0,0.0,0.0,14.42,3.66,0.0
20231019:1911,0.0,0.0,0.0,14.3,3.72,0.0
20231019:2011,0.0,0.0,0.0,14.16,3.52,0.0
20231019:2111,0.0,0.0,0.0,13.82,3.38,0.0
20231019:2211,0.0,0.0,0.0,13.67,3.17,0.0
20231019:2311,0.0,0.0,0.0,13.45,3.17,0.0
20231020:0011,0.0,0.0,0.0,13.43,3.03,0.0
20231020:0111,0.0,0.0,0.0,13.49,2.97,0.0
20231020:0211,0.0,0.0,0.0,13.35,3.03,0.0
20231020:0311,0.0,0.0,0.0,13.13,3.1,0.0
20231020:0411,0.0,0.0,0.0,12.91,3.45,0.0
20231020:0511,0.0,0.0,0.0,12.71,4.07,0.0
20231020:0611,0.0,0.0,0.0,12.53,6.21,0.0
20231020:0711,0.0,3.71,2.97,12.14,6.83,0.0
20231020:0811,76.35,44.5,10.84,11.79,8.14,0.0
20231020:0911,37.2,26.89,17.56,11.59,8.69,0.0
20231020:1011,72.21,42.65,22.65,11.48,9.38,0.0
20231020:1111,89.67,50.06,25.62,11.28,9.1,0.0
20231020:1211,111.99,59.33,26.14,11.17,9.17,0.0
20231020:1311,112.08,59.33,24.13,11.04,9.1,0.0
20231020:1411,70.29,41.72,19.85,10.87,9.03,0.0
20231020:1511,27.81,22.25,13.73,10.71,8.62,0.0
20231020:1611,4.65,9.27,6.27,10.59,8.21,0.0
20231020:1711,0.0,0.0,0.0,10.55,7.86,0.0
20231020:1811,0.0,0.0,0.0,10.47,7.17,0.0
20231020:1911,0.0,0.0,0.0,10.14,6.21,0.0
20231020:2011,0.0,0.0,0.0,10.06,5.93,0.0
20231020:2111,0.0,0.0,0.0,9.91,6.14,0.0
20231020:2211,0.0,0.0,0.0,9.53,6.21,0.0
20231020:2311,0.0,0.0,0.0,9.12,5.93,0.0
20231021:0011,0.0,0.0,0.0,8.83,5.38,0.0
20231021:0111,0.0,0.0,0.0,8.65,4.55,0.0
20231021:0211,0.0,0.0,0.0,8.55,3.86,0.0
20231021:0311,0.0,0.0,0.0,8.51,3.17,0.0
20231021:0411,0.0,0.0,0.0,8.42,2.62,0.0
20231021:0511,0.0,0.0,0.0,8.34,2.28,0.0
20231021:0611,0.0,0.0,0.0,8.23,2.0,0.0
20231021:0711,0.0,1.85,2.69,8.43,1.93,0.0
20231021:0811,73.08,42.65,10.55,8.48,1.72,0.0
20231021:0911,51.78,33.38,17.25,9.09,2.69,0.0
20231021:1011,785.73,318.85,22.31,9.6,3.03,0.0
20231021:1111,1354.05,551.84,25.27,10.37,3.1,0.0
20231021:1211,937.14,380.44,25.78,10.93,3.45,0.0
20231021:1311,950.07,385.3,23.77,11.32,3.79,0.0
20231021:1411,116.16,61.19,19.5,11.2,4.0,0.0
20231021:1511,489.18,206.12,13.4,10.98,4.0,0.0
20231021:1611,129.45,68.33,5.95,10.5,3.66,0.0
20231021:1711,0.0,0.0,0.0,9.54,3.03,0.0
20231021:1811,0.0,0.0,0.0,8.27,2.76,0.0
20231021:1911,0.0,0.0,0.0,8.26,2.62,0.0
20231021:2011,0.0,0.0,0.0,7.93,2.48,0.0
20231021:2111,0.0,0.0,0.0,7.3,2.48,0.0
20231021:2211,0.0,0.0,0.0,7.03,2.34,0.0
20231021:2311,0.0,0.0,0.0,7.16,2.34,0.0
20231022:0011,0.0,0.0,0.0,7.2,2.41,0.0
20231022:0111,0.0,0.0,0.0,7.2,2.55,0.0
20231022:0211,0.0,0.0,0.0,7.04,2.62,0.0
20231022:0311,0.0,0.0,0.0,6.98,2.62,0.0
20231022:0411,0.0,0.0,0.0,6.68,2.62,0.0
20231022:0511,0.0,0.0,0.0,6.32,2.62,0.0
20231022:0611,0.0,0.0,0.0,6.26,2.55,0.0
20231022:0711,15.21,16.43,2.42,6.28,2.34,0.0
20231022:0811,186.36,88.32,10.25,6.94,2.07,0.0
20231022:0911,454.92,191.12,16.94,8.46,2.28,0.0
20231022:1011,1680.36,693.77,21.98,9.93,3.03,0.0
20231022:1111,1896.66,793.23,24.92,10.81,3.52,0.0
20231022:1211,1111.32,451.5,25.42,11.56,3.66,0.0
20231022:1311,1472.97,606.63,23.42,11.83,3.24,0.0
20231022:1411,1394.22,576.48,19.16,11.95,2.55,0.0
20231022:1511,912.48,378.98,13.07,12.18,1.86,0.0
20231022:1611,91.17,52.28,5.63,11.9,0.83,0.0
20231022:1711,0.0,0.0,0.0,10.69,0.97,0.0
20231022:1811,0.0,0.0,0.0,8.91,1.52,0.0
20231022:1911,0.0,0.0,0.0,8.27,1.79,0.0
20231022:2011,0.0,0.0,0.0,7.83,1.86,0.0
20231022:2111,0.0,0.0,0.0,7.31,1.86,0.0
20231022:2211,0.0,0.0,0.0,7.14,1.86,0.0
20231022:2311,0.0,0.0,0.0,6.72,1.93,0.0
20231023:0011,0.0,0.0,0.0,6.37,2.0,0.0
20231023:0111,0.0,0.0,0.0,5.79,2.14,0.0
20231023:0211,0.0,0.0,0.0,5.89,2.28,0.0
20231023:0311,0.0,0.0,0.0,6.4,2.34,0.0
20231023:0411,0.0,0.0,0.0,6.88,2.41,0.0
20231023:0511,0.0,0.0,0.0,6.98,2.62,0.0
20231023:0611,0.0,0.0,0.0,7.08,2.76,0.0
20231023:0711,2.19,7.42,2.14,6.46,2.9,0.0
20231023:0811,333.6,145.65,9.96,7.49,2.76,0.0
20231023:0911,382.02,163.35,16.62,8.72,3.03,0.0
20231023:1011,844.02,341.47,21.65,9.93,3.38,0.0
20231023:1111,926.64,375.81,24.57,11.51,4.14,0.0
20231023:1211,983.76,400.05,25.07,12.69,4.55,0.0
20231023:1311,674.82,278.9,23.07,13.5,5.17,0.0
20231023:1411,443.22,190.0,18.82,13.78,4.62,0.0
20231023:1511,90.6,50.99,12.74,13.51,3.93,0.0
20231023:1611,25.59,21.32,5.32,13.05,3.86,0.0
20231023:1711,0.0,0.0,0.0,12.23,3.86,0.0
20231023:1811,0.0,0.0,0.0,11.55,3.79,0.0
20231023:1911,0.0,0.0,0.0,11.12,4.0,0.0
20231023:2011,0.0,0.0,0.0,10.87,4.07,0.0
20231023:2111,0.0,0.0,0.0,10.72,3.93,0.0
20231023:2211,0.0,0.0,0.0,10.6,3.86,0.0
20231023:2311,0.0,0.0,0.0,10.45,3.72,0.0
20231024:0011,0.0,0.0,0.0,10.07,3.52,0.0
20231024:0111,0.0,0.0,0.0,9.71,3.17,0.0
20231024:0211,0.0,0.0,0.0,9.5,2.9,0.0
20231024:0311,0.0,0.0,0.0,9.53,2.69,0.0
20231024:0411,0.0,0.0,0.0,9.33,2.69,0.0
20231024:0511,0.0,0.0,0.0,9.49,2.62,0.0
20231024:0611,0.0,0.0,0.0,9.52,2.41,0.0
20231024:0711,0.0,1.85,1.87,9.5,1.72,0.0
20231024:0811,59.91,37.08,9.67,9.62,1.59,0.0
20231024:0911,94.32,51.92,16.31,9.9,1.66,0.0
20231024:1011,105.21,56.55,21.32,10.29,1.66,0.0
20231024:1111,159.39,78.8,24.23,10.86,1.79,0.0
20231024:1211,198.69,94.56,24.71,11.04,1.93,0.0
20231024:1311,93.66,51.92,22.72,11.29,1.86,0.0
20231024:1411,221.16,103.43,18.48,11.17,1.59,0.0
20231024:1511,187.74,90.07,12.42,10.97,1.72,0.0
20231024:1611,37.8,27.42,5.01,10.63,1.52,0.0
20231024:1711,0.0,0.0,0.0,9.82,1.66,0.0
20231024:1811,0.0,0.0,0.0,9.15,1.59,0.0
20231024:1911,0.0,0.0,0.0,8.38,1.66,0.0
20231024:2011,0.0,0.0,0.0,7.48,1.79,0.0
20231024:2111,0.0,0.0,0.0,6.96,1.93,0.0
20231024:2211,0.0,0.0,0.0,6.5,2.07,0.0
20231024:2311,0.0,0.0,0.0,6.25,2.14,0.0
20231025:0011,0.0,0.0,0.0,6.18,1.86,0.0
20231025:0111,0.0,0.0,0.0,5.52,1.59,0.0
20231025:0211,0.0,0.0,0.0,5.51,1.45,0.0
20231025:0311,0.0,0.0,0.0,5.78,1.72,0.0
20231025:0411,0.0,0.0,0.0,5.57,1.38,0.0
20231025:0511,0.0,0.0,0.0,5.29,1.38,0.0
20231025:0611,0.0,0.0,0.0,5.04,1.03,0.0
20231025:0711,0.0,5.56,1.59,4.54,0.76,0.0
20231025:0811,608.88,252.81,9.38,5.08,0.34,0.0
20231025:0911,1196.7,488.95,16.0,6.47,0.48,0.0
20231025:1011,1431.36,588.28,20.99,7.45,1.17,0.0
20231025:1111,1814.16,763.02,23.89,8.44,1.79,0.0
20231025:1211,1855.77,778.8,24.37,9.59,2.55,0.0
20231025:1311,1714.41,710.48,22.38,9.97,2.9,0.0
20231025:1411,857.22,347.79,18.15,10.13,2.83,0.0
20231025:1511,100.92,54.7,12.1,10.08,2.21,0.0
20231025:1611,192.03,96.3,4.71,9.81,1.45,0.0
20231025:1711,0.0,0.0,0.0,9.2,1.52,0.0
20231025:1811,0.0,0.0,0.0,8.64,1.31,0.0
20231025:1911,0.0,0.0,0.0,8.88,0.76,0.0
20231025:2011,0.0,0.0,0.0,8.35,0.83,0.0
20231025:2111,0.0,0.0,0.0,8.1,1.17,0.0
20231025:2211,0.0,0.0,0.0,8.3,1.38,0.0
20231025:2311,0.0,0.0,0.0,8.46,1.66,0.0
20231026:0011,0.0,0.0,0.0,8.56,2.0,0.0
20231026:0111,0.0,0.0,0.0,8.57,2.07,0.0
20231026:0211,0.0,0.0,0.0,8.43,2.41,0.0
20231026:0311,0.0,0.0,0.0,8.33,2.55,0.0
20231026:0411,0.0,0.0,0.0,8.12,3.03,0.0
20231026:0511,0.0,0.0,0.0,8.35,3.45,0.0
20231026:0611,0.0,0.0,0.0,8.53,3.66,0.0
20231026:0711,0.0,0.93,1.32,8.86,2.69,0.0
20231026:0811,207.18,97.31,9.09,8.96,2.83,0.0
20231026:0911,43.62,29.67,15.7,9.12,2.48,0.0
20231026:1011,41.52,28.74,20.67,9.47,2.28,0.0
20231026:1111,176.67,85.29,23.55,9.88,2.83,0.0
20231026:1211,336.78,148.04,24.02,10.64,2.62,0.0
20231026:1311,191.58,91.78,22.04,11.29,2.28,0.0
20231026:1411,61.32,38.01,17.82,11.81,2.14,0.0
20231026:1511,209.94,99.33,11.79,12.17,1.59,0.0
20231026:1611,82.41,48.98,4.41,11.84,1.45,0.0
20231026:1711,0.0,0.0,0.0,10.59,2.0,0.0
20231026:1811,0.0,0.0,0.0,9.69,2.14,0.0
20231026:1911,0.0,0.0,0.0,8.85,2.21,0.0
20231026:2011,0.0,0.0,0.0,8.43,2.21,0.0
20231026:2111,0.0,0.0,0.0,8.38,2.14,0.0
20231026:2211,0.0,0.0,0.0,7.67,2.0,0.0
20231026:2311,0.0,0.0,0.0,7.77,2.0,0.0
20231027:0011,0.0,0.0,0.0,7.73,2.07,0.0
20231027:0111,0.0,0.0,0.0,8.01,1.93,0.0
20231027:0211,0.0,0.0,0.0,8.02,1.93,0.0
20231027:0311,0.0,0.0,0.0,8.16,1.93,0.0
20231027:0411,0.0,0.0,0.0,8.36,2.28,0.0
20231027:0511,0.0,0.0,0.0,8.52,2.14,0.0
20231027:0611,0.0,0.0,0.0,8.74,2.21,0.0
20231027:0711,0.0,0.0,0.0,8.06,1.93,0.0
20231027:0811,122.52,63.35,8.8,8.48,2.07,0.0
20231027:0911,318.57,139.69,15.39,9.33,2.55,0.0
20231027:1011,939.0,380.06,20.34,9.99,2.76,0.0
20231027:1111,905.22,367.62,23.21,10.47,2.83,0.0
20231027:1211,136.5,69.53,23.68,11.05,2.76,0.0
20231027:1311,102.48,55.63,21.7,11.46,2.76,0.0
20231027:1411,327.63,144.54,17.5,11.54,2.69,0.0
20231027:1511,384.45,166.94,11.48,11.55,2.48,0.0
20231027:1611,31.38,24.45,4.11,11.2,2.48,0.0
20231027:1711,0.0,0.0,0.0,9.94,2.48,0.0
20231027:1811,0.0,0.0,0.0,9.36,2.62,0.0
20231027:1911,0.0,0.0,0.0,9.07,2.55,0.0
20231027:2011,0.0,0.0,0.0,8.87,2.69,0.0
20231027:2111,0.0,0.0,0.0,8.44,2.76,0.0
20231027:2211,0.0,0.0,0.0,8.01,2.83,0.0
20231027:2311,0.0,0.0,0.0,7.62,2.83,0.0
20231028:0011,0.0,0.0,0.0,7.39,2.9,0.0
20231028:0111,0.0,0.0,0.0,7.21,2.97,0.0
20231028:0211,0.0,0.0,0.0,7.45,2.9,0.0
20231028:0311,0.0,0.0,0.0,7.27,2.76,0.0
20231028:0411,0.0,0.0,0.0,7.34,2.76,0.0
20231028:0511,0.0,0.0,0.0,7.6,2.97,0.0
20231028:0611,0.0,0.0,0.0,8.02,3.03,0.0
20231028:0711,0.0,0.0,0.0,8.24,3.17,0.0
20231028:0811,15.54,15.76,8.52,8.72,3.38,0.0
20231028:0911,224.4,103.47,15.09,9.5,4.07,0.0
20231028:1011,802.38,324.37,20.02,10.05,3.93,0.0
20231028:1111,464.19,196.5,22.87,10.83,3.24,0.0
20231028:1211,134.1,68.61,23.34,11.35,3.31,0.0
20231028:1311,352.44,154.45,21.37,11.9,3.24,0.0
20231028:1411,631.14,261.67,17.18,12.49,3.38,0.0
20231028:1511,406.83,176.03,11.17,12.51,3.38,0.0
20231028:1611,30.0,23.85,3.82,11.74,3.59,0.0
20231028:1711,0.0,0.0,0.0,11.0,3.72,0.0
20231028:1811,0.0,0.0,0.0,10.47,4.14,0.0
20231028:1911,0.0,0.0,0.0,10.29,4.28,0.0
20231028:2011,0.0,0.0,0.0,10.32,4.69,0.0
20231028:2111,0.0,0.0,0.0,10.24,5.1,0.0
20231028:2211,0.0,0.0,0.0,10.25,5.31,0.0
20231028:2311,0.0,0.0,0.0,10.23,4.62,0.0
20231029:0011,0.0,0.0,0.0,9.98,3.72,0.0
20231029:0111,0.0,0.0,0.0,10.02,2.97,0.0
20231029:0211,0.0,0.0,0.0,9.79,2.28,0.0
20231029:0311,0.0,0.0,0.0,9.47,2.34,0.0
20231029:0411,0.0,0.0,0.0,9.05,2.9,0.0
20231029:0511,0.0,0.0,0.0,9.02,3.31,0.0
20231029:0611,0.0,0.0,0.0,8.34,3.24,0.0
20231029:0711,0.0,0.0,0.0,8.44,3.31,0.0
20231029:0811,380.37,164.72,8.23,8.46,3.31,0.0
20231029:0911,797.55,323.03,14.78,9.1,2.83,0.0
20231029:1011,1274.58,512.47,19.7,10.14,4.28,0.0
20231029:1111,1177.02,475.11,22.54,11.15,4.28,0.0
20231029:1211,1686.0,698.12,23.01,11.85,3.72,0.0
20231029:1311,1014.03,412.92,21.04,12.3,3.52,0.0
20231029:1411,1208.07,495.9,16.86,12.38,2.83,0.0
20231029:1511,855.63,354.99,10.87,12.28,2.55,0.0
20231029:1611,116.7,65.22,3.53,11.65,2.69,0.0
20231029:1711,0.0,0.0,0.0,10.61,2.97,0.0
20231029:1811,0.0,0.0,0.0,9.99,3.1,0.0
20231029:1911,0.0,0.0,0.0,9.74,3.03,0.0
20231029:2011,0.0,0.0,0.0,9.74,3.03,0.0
20231029:2111,0.0,0.0,0.0,9.64,2.9,0.0
20231029:2211,0.0,0.0,0.0,9.52,2.97,0.0
20231029:2311,0.0,0.0,0.0,9.27,2.97,0.0
20231030:0011,0.0,0.0,0.0,9.46,3.03,0.0
20231030:0111,0.0,0.0,0.0,9.56,2.9,0.0
20231030:0211,0.0,0.0,0.0,9.58,2.55,0.0
20231030:0311,0.0,0.0,0.0,9.47,2.14,0.0
20231030:0411,0.0,0.0,0.0,9.35,1.86,0.0
20231030:0511,0.0,0.0,0.0,9.35,1.86,0.0
20231030:0611,0.0,0.0,0.0,9.28,1.66,0.0
20231030:0711,0.0,0.0,0.0,8.73,2.21,0.0
20231030:0811,3.39,8.34,7.95,8.9,2.14,0.0
20231030:0911,26.16,21.32,14.48,9.15,2.21,0.0
20231030:1011,105.57,56.55,19.38,9.68,2.0,0.0
20231030:1111,425.85,181.9,22.22,10.38,2.28,0.0
20231030:1211,546.96,229.04,22.68,10.92,2.07,0.0
20231030:1311,1587.12,662.73,20.72,11.02,2.07,0.0
20231030:1411,297.24,132.64,16.55,11.22,2.55,0.0
20231030:1511,309.93,137.64,10.57,10.83,2.48,0.0
20231030:1611,92.82,54.36,3.25,10.28,2.28,0.0
20231030:1711,0.0,0.0,0.0,9.74,2.34,0.0
20231030:1811,0.0,0.0,0.0,9.63,2.34,0.0
20231030:1911,0.0,0.0,0.0,8.85,3.38,0.0
20231030:2011,0.0,0.0,0.0,8.63,3.45,0.0
20231030:2111,0.0,0.0,0.0,8.35,3.72,0.0
20231030:2211,0.0,0.0,0.0,8.14,3.72,0.0
20231030:2311,0.0,0.0,0.0,7.99,3.79,0.0
20231031:0011,0.0,0.0,0.0,8.02,3.93,0.0
20231031:0111,0.0,0.0,0.0,8.14,4.07,0.0
20231031:0211,0.0,0.0,0.0,8.2,4.14,0.0
20231031:0311,0.0,0.0,0.0,8.22,4.21,0.0
20231031:0411,0.0,0.0,0.0,8.2,4.28,0.0
20231031:0511,0.0,0.0,0.0,8.18,4.34,0.0
20231031:0611,0.0,0.0,0.0,7.95,4.14,0.0
20231031:0711,0.0,0.0,0.0,8.02,3.45,0.0
20231031:0811,52.02,33.38,7.66,8.22,3.1,0.0
20231031:0911,436.59,183.7,14.18,8.43,2.62,0.0
20231031:1011,135.75,68.61,19.07,8.79,2.76,0.0
20231031:1111,41.64,28.74,21.89,9.04,3.03,0.0
20231031:1211,153.66,76.02,22.35,9.47,2.34,0.0
20231031:1311,35.52,25.96,20.4,9.89,1.52,0.0
20231031:1411,192.84,91.92,16.24,10.3,1.17,0.0
20231031:1511,173.13,84.11,10.28,10.38,1.1,0.0
20231031:1611,21.33,19.49,2.97,10.16,1.24,0.0
20231031:1711,0.0,0.0,0.0,9.39,1.72,0.0
20231031:1811,0.0,0.0,0.0,8.72,1.93,0.0
20231031:1911,0.0,0.0,0.0,9.12,2.07,0.0
20231031:2011,0.0,0.0,0.0,9.0,2.34,0.0
20231031:2111,0.0,0.0,0.0,8.89,2.69,0.0
20231031:2211,0.0,0.0,0.0,8.98,2.76,0.0
20231031:2311,0.0,0.0,0.0,8.96,2.9,0.0
20231101:0011,0.0,0.0,0.0,9.05,3.03,0.0
20231101:0111,0.0,0.0,0.0,9.19,3.52,0.0
20231101:0211,0.0,0.0,0.0,9.26,4.14,0.0
20231101:0311,0.0,0.0,0.0,9.34,4.62,0.0
20231101:0411,0.0,0.0,0.0,9.56,4.69,0.0
20231101:0511,0.0,0.0,0.0,10.07,4.9,0.0
20231101:0611,0.0,0.0,0.0,10.76,4.97,0.0
20231101:0711,0.0,0.0,0.0,11.57,4.97,0.0
20231101:0811,120.84,63.49,7.38,11.81,5.24,0.0
20231101:0911,625.29,257.35,13.89,11.74,5.1,0.0
20231101:1011,1414.77,572.46,18.76,11.97,5.17,0.0
20231101:1111,276.66,124.87,21.57,12.06,6.69,0.0
20231101:1211,775.68,314.25,22.03,12.12,6.9,0.0
20231101:1311,417.18,178.0,20.08,12.02,7.1,0.0
20231101:1411,586.5,241.41,15.94,11.71,6.69,0.0
20231101:1511,670.26,275.95,9.99,11.18,5.79,0.0
20231101:1611,16.92,17.23,2.7,10.34,4.97,0.0
20231101:1711,0.0,0.0,0.0,9.25,4.9,0.0
20231101:1811,0.0,0.0,0.0,8.3,4.83,0.0
20231101:1911,0.0,0.0,0.0,8.14,4.41,0.0
20231101:2011,0.0,0.0,0.0,7.72,4.14,0.0
20231101:2111,0.0,0.0,0.0,7.08,3.72,0.0
20231101:2211,0.0,0.0,0.0,6.74,3.72,0.0
20231101:2311,0.0,0.0,0.0,6.8,4.07,0.0
20231102:0011,0.0,0.0,0.0,7.16,4.55,0.0
20231102:0111,0.0,0.0,0.0,7.37,5.24,0.0
20231102:0211,0.0,0.0,0.0,7.5,6.55,0.0
20231102:0311,0.0,0.0,0.0,7.6,7.03,0.0
20231102:0411,0.0,0.0,0.0,7.91,6.34,0.0
20231102:0511,0.0,0.0,0.0,8.25,5.03,0.0
20231102:0611,0.0,0.0,0.0,8.48,3.59,0.0
20231102:0711,0.0,0.0,0.0,8.66,3.1,0.0
20231102:0811,439.29,188.74,7.1,8.8,2.69,0.0
20231102:0911,1161.75,470.59,13.59,9.12,2.62,0.0
20231102:1011,533.52,220.82,18.45,9.37,3.45,0.0
20231102:1111,517.14,214.94,21.25,9.54,3.79,0.0
20231102:1211,41.46,28.74,21.71,9.95,3.79,0.0
20231102:1311,35.58,25.96,19.77,9.86,4.48,0.0
20231102:1411,43.62,29.67,15.64,9.24,4.9,0.0
20231102:1511,7.56,11.13,9.71,8.76,5.72,0.0
20231102:1611,0.0,1.85,2.43,8.48,6.48,0.0
20231102:1711,0.0,0.0,0.0,8.37,6.62,0.0
20231102:1811,0.0,0.0,0.0,8.32,6.41,0.0
20231102:1911,0.0,0.0,0.0,8.79,5.59,0.0
20231102:2011,0.0,0.0,0.0,8.83,5.66,0.0
20231102:2111,0.0,0.0,0.0,8.6,5.17,0.0
20231102:2211,0.0,0.0,0.0,8.43,5.1,0.0
20231102:2311,0.0,0.0,0.0,8.43,5.38,0.0
20231103:0011,0.0,0.0,0.0,8.46,5.52,0.0
20231103:0111,0.0,0.0,0.0,8.45,4.9,0.0
20231103:0211,0.0,0.0,0.0,8.36,4.55,0.0
20231103:0311,0.0,0.0,0.0,8.09,4.34,0.0
20231103:0411,0.0,0.0,0.0,8.0,4.0,0.0
20231103:0511,0.0,0.0,0.0,7.94,3.86,0.0
20231103:0611,0.0,0.0,0.0,7.83,3.59,0.0
20231103:0711,0.0,0.0,0.0,8.08,3.93,0.0
20231103:0811,147.09,73.31,6.82,7.97,3.79,0.0
20231103:0911,189.99,89.73,13.3,8.61,4.07,0.0
20231103:1011,203.49,95.5,18.14,9.57,4.62,0.0
20231103:1111,486.84,203.43,20.94,9.93,4.62,0.0
20231103:1211,297.45,132.33,21.39,10.51,4.48,0.0
20231103:1311,33.51,25.03,19.46,10.57,4.55,0.0
20231103:1411,564.42,232.37,15.35,10.38,5.17,0.0
20231103:1511,429.0,181.98,9.44,9.73,5.38,0.0
20231103:1611,4.71,9.27,2.17,9.04,4.76,0.0
20231103:1711,0.0,0.0,0.0,8.68,4.34,0.0
20231103:1811,0.0,0.0,0.0,8.71,4.21,0.0
20231103:1911,0.0,0.0,0.0,8.44,4.21,0.0
20231103:2011,0.0,0.0,0.0,8.39,3.59,0.0
20231103:2111,0.0,0.0,0.0,8.39,3.52,0.0
20231103:2211,0.0,0.0,0.0,8.52,3.86,0.0
20231103:2311,0.0,0.0,0.0,8.3,4.28,0.0
20231104:0011,0.0,0.0,0.0,8.23,3.52,0.0
20231104:0111,0.0,0.0,0.0,7.69,2.21,0.0
20231104:0211,0.0,0.0,0.0,6.95,2.14,0.0
20231104:0311,0.0,0.0,0.0,6.59,2.41,0.0
20231104:0411,0.0,0.0,0.0,6.21,2.55,0.0
20231104:0511,0.0,0.0,0.0,5.94,2.48,0.0
20231104:0611,0.0,0.0,0.0,5.69,2.69,0.0
20231104:0711,0.0,0.0,0.0,5.92,2.83,0.0
20231104:0811,134.94,67.93,6.55,5.95,3.03,0.0
20231104:0911,200.79,93.27,13.01,6.81,3.38,0.0
20231104:1011,210.06,97.41,17.84,7.71,3.93,0.0
20231104:1111,561.75,229.98,20.63,8.1,4.28,0.0
20231104:1211,213.96,99.2,21.08,8.35,4.55,0.0
20231104:1311,68.94,40.79,19.16,8.36,4.62,0.0
20231104:1411,172.23,82.76,15.06,8.22,4.76,0.0
20231104:1511,200.16,93.54,9.16,7.95,4.55,0.0
20231104:1611,0.0,1.85,1.91,7.8,4.21,0.0
20231104:1711,0.0,0.0,0.0,7.77,4.07,0.0
20231104:1811,0.0,0.0,0.0,7.81,3.93,0.0
20231104:1911,0.0,0.0,0.0,7.89,4.0,0.0
20231104:2011,0.0,0.0,0.0,7.93,3.93,0.0
20231104:2111,0.0,0.0,0.0,7.98,3.93,0.0
20231104:2211,0.0,0.0,0.0,7.96,4.0,0.0
20231104:2311,0.0,0.0,0.0,7.95,3.86,0.0
20231105:0011,0.0,0.0,0.0,7.93,3.86,0.0
20231105:0111,0.0,0.0,0.0,7.86,3.93,0.0
20231105:0211,0.0,0.0,0.0,7.8,4.0,0.0
20231105:0311,0.0,0.0,0.0,7.67,3.93,0.0
20231105:0411,0.0,0.0,0.0,7.57,3.79,0.0
20231105:0511,0.0,0.0,0.0,7.38,3.59,0.0
20231105:0611,0.0,0.0,0.0,7.04,3.17,0.0
20231105:0711,0.0,0.0,0.0,6.68,3.31,0.0
20231105:0811,103.68,55.4,6.27,6.77,2.97,0.0
20231105:0911,1221.57,491.51,12.72,7.51,2.76,0.0
20231105:1011,1026.87,408.89,17.54,8.85,4.48,0.0
20231105:1111,1048.83,418.75,20.32,9.58,4.69,0.0
20231105:1211,70.47,41.72,20.78,10.04,4.83,0.0
20231105:1311,426.12,180.51,18.86,10.11,4.41,0.0
20231105:1411,266.73,119.87,14.78,10.03,4.14,0.0
20231105:1511,116.34,60.87,8.9,9.61,3.38,0.0
20231105:1611,0.0,2.78,1.66,8.76,2.69,0.0
20231105:1711,0.0,0.0,0.0,8.28,2.62,0.0
20231105:1811,0.0,0.0,0.0,7.7,2.62,0.0
20231105:1911,0.0,0.0,0.0,7.09,2.48,0.0
20231105:2011,0.0,0.0,0.0,6.79,2.34,0.0
20231105:2111,0.0,0.0,0.0,6.46,2.48,0.0
20231105:2211,0.0,0.0,0.0,5.99,2.62,0.0
20231105:2311,0.0,0.0,0.0,5.99,2.69,0.0
20231106:0011,0.0,0.0,0.0,6.02,2.83,0.0
20231106:0111,0.0,0.0,0.0,5.96,2.9,0.0
20231106:0211,0.0,0.0,0.0,6.13,2.97,0.0
20231106:0311,0.0,0.0,0.0,6.21,3.1,0.0
20231106:0411,0.0,0.0,0.0,6.31,3.31,0.0
20231106:0511,0.0,0.0,0.0,6.54,3.45,0.0
20231106:0611,0.0,0.0,0.0,6.82,3.72,0.0
20231106:0711,0.0,0.0,0.0,7.43,4.14,0.0
20231106:0811,298.95,133.33,6.0,7.89,4.41,0.0
20231106:0911,128.55,65.42,12.44,8.3,4.69,0.0
20231106:1011,232.5,106.18,17.24,8.65,5.31,0.0
20231106:1111,191.97,90.86,20.02,9.06,4.9,0.0
20231106:1211,797.16,320.43,20.48,9.61,4.9,0.0
20231106:1311,68.37,40.79,18.57,9.95,4.83,0.0
20231106:1411,249.87,113.26,14.5,9.97,4.9,0.0
20231106:1511,26.16,21.32,8.64,9.33,5.31,0.0
20231106:1611,0.0,0.93,1.41,8.83,4.55,0.0
20231106:1711,0.0,0.0,0.0,8.06,3.86,0.0
20231106:1811,0.0,0.0,0.0,7.8,3.45,0.0
20231106:1911,0.0,0.0,0.0,7.99,3.17,0.0
20231106:2011,0.0,0.0,0.0,7.67,3.24,0.0
20231106:2111,0.0,0.0,0.0,7.67,3.45,0.0
20231106:2211,0.0,0.0,0.0,7.45,3.52,0.0
20231106:2311,0.0,0.0,0.0,7.36,3.59,0.0
20231107:0011,0.0,0.0,0.0,7.42,3.79,0.0
20231107:0111,0.0,0.0,0.0,7.3,3.79,0.0
20231107:0211,0.0,0.0,0.0,7.18,3.79,0.0
20231107:0311,0.0,0.0,0.0,6.91,3.79,0.0
20231107:0411,0.0,0.0,0.0,6.76,3.86,0.0
20231107:0511,0.0,0.0,0.0,6.73,3.79,0.0
20231107:0611,0.0,0.0,0.0,6.83,3.79,0.0
20231107:0711,0.0,0.0,0.0,7.41,4.0,0.0
20231107:0811,66.84,39.91,5.73,7.22,3.86,0.0
20231107:0911,385.77,163.49,12.15,8.1,4.76,0.0
20231107:1011,140.55,70.46,16.95,8.94,5.1,0.0
20231107:1111,170.49,82.51,19.72,9.44,5.24,0.0
20231107:1211,666.87,270.62,20.18,9.71,5.24,0.0
20231107:1311,31.74,24.1,18.28,9.8,5.1,0.0
20231107:1411,18.87,17.62,14.22,9.78,5.1,0.0
20231107:1511,4.68,9.27,8.38,9.54,4.34,0.0
20231107:1611,0.0,0.0,0.0,8.64,3.93,0.0
20231107:1711,0.0,0.0,0.0,8.25,3.79,0.0
20231107:1811,0.0,0.0,0.0,7.71,3.38,0.0
20231107:1911,0.0,0.0,0.0,7.02,2.83,0.0
20231107:2011,0.0,0.0,0.0,6.26,2.62,0.0
20231107:2111,0.0,0.0,0.0,6.05,2.55,0.0
20231107:2211,0.0,0.0,0.0,5.99,2.55,0.0
20231107:2311,0.0,0.0,0.0,6.05,2.62,0.0
20231108:0011,0.0,0.0,0.0,5.99,2.76,0.0
20231108:0111,0.0,0.0,0.0,6.0,2.97,0.0
20231108:0211,0.0,0.0,0.0,6.09,3.31,0.0
20231108:0311,0.0,0.0,0.0,6.31,3.93,0.0
20231108:0411,0.0,0.0,0.0,6.75,4.62,0.0
20231108:0511,0.0,0.0,0.0,7.33,5.38,0.0
20231108:0611,0.0,0.0,0.0,7.71,6.07,0.0
20231108:0711,0.0,0.0,0.0,8.14,6.9,0.0
20231108:0811,28.14,22.25,5.46,8.64,7.1,0.0
20231108:0911,83.85,47.28,11.87,9.34,6.76,0.0
20231108:1011,262.95,118.24,16.66,9.85,6.14,0.0
20231108:1111,254.94,115.12,19.42,9.33,6.41,0.0
20231108:1211,626.82,254.25,19.89,8.77,5.45,0.0
20231108:1311,182.4,87.15,18.0,9.3,5.59,0.0
20231108:1411,273.12,121.75,13.96,9.35,5.17,0.0
20231108:1511,251.04,113.78,8.13,9.09,4.41,0.0
20231108:1611,0.0,0.0,0.0,8.27,3.52,0.0
20231108:1711,0.0,0.0,0.0,7.52,3.03,0.0
20231108:1811,0.0,0.0,0.0,6.93,3.03,0.0
20231108:1911,0.0,0.0,0.0,6.7,3.24,0.0
20231108:2011,0.0,0.0,0.0,6.66,3.45,0.0
20231108:2111,0.0,0.0,0.0,6.69,3.72,0.0
20231108:2211,0.0,0.0,0.0,6.69,4.07,0.0
20231108:2311,0.0,0.0,0.0,6.59,4.28,0.0
20231109:0011,0.0,0.0,0.0,6.54,4.28,0.0
20231109:0111,0.0,0.0,0.0,6.58,4.21,0.0
20231109:0211,0.0,0.0,0.0,6.4,4.14,0.0
20231109:0311,0.0,0.0,0.0,5.92,3.66,0.0
20231109:0411,0.0,0.0,0.0,5.6,3.31,0.0
20231109:0511,0.0,0.0,0.0,5.49,3.45,0.0
20231109:0611,0.0,0.0,0.0,5.41,3.66,0.0
20231109:0711,0.0,0.0,0.0,5.37,3.72,0.0
20231109:0811,2.22,7.42,5.2,5.57,3.66,0.0
20231109:0911,492.84,202.34,11.6,6.29,4.0,0.0
20231109:1011,1395.45,552.82,16.38,6.92,4.48,0.0
20231109:1111,373.2,158.69,19.13,7.57,5.03,0.0
20231109:1211,1808.46,730.97,19.6,8.24,4.83,0.0
20231109:1311,231.9,106.07,17.72,8.63,4.76,0.0
20231109:1411,71.1,41.72,13.69,8.34,4.34,0.0
20231109:1511,228.33,104.62,7.88,8.16,4.41,0.0
20231109:1611,0.0,0.0,0.0,7.51,4.07,0.0
20231109:1711,0.0,0.0,0.0,7.08,3.79,0.0
20231109:1811,0.0,0.0,0.0,6.47,3.38,0.0
20231109:1911,0.0,0.0,0.0,6.03,3.45,0.0
20231109:2011,0.0,0.0,0.0,5.87,3.93,0.0
20231109:2111,0.0,0.0,0.0,5.79,3.86,0.0
20231109:2211,0.0,0.0,0.0,5.85,3.52,0.0
20231109:2311,0.0,0.0,0.0,5.83,3.03,0.0
20231110:0011,0.0,0.0,0.0,5.3,2.48,0.0
20231110:0111,0.0,0.0,0.0,4.76,2.28,0.0
20231110:0211,0.0,0.0,0.0,4.51,2.14,0.0
20231110:0311,0.0,0.0,0.0,4.32,1.86,0.0
20231110:0411,0.0,0.0,0.0,3.94,1.59,0.0
20231110:0511,0.0,0.0,0.0,4.09,1.1,0.0
20231110:0611,0.0,0.0,0.0,4.1,0.83,0.0
20231110:0711,0.0,0.0,0.0,2.93,1.03,0.0
20231110:0811,61.38,37.06,4.94,2.92,0.97,0.0
20231110:0911,807.78,323.16,11.33,4.54,1.31,0.0
20231110:1011,782.88,313.11,16.09,5.78,1.86,0.0
20231110:1111,1669.92,677.45,18.85,6.63,2.9,0.0
20231110:1211,1533.96,616.33,19.31,7.27,3.52,0.0
20231110:1311,802.2,319.67,17.45,7.52,4.28,0.0
20231110:1411,911.82,361.62,13.44,7.4,4.55,0.0
20231110:1511,658.86,269.12,7.64,7.23,3.79,0.0
20231110:1611,0.0,0.0,0.0,6.39,2.9,0.0
20231110:1711,0.0,0.0,0.0,5.26,2.55,0.0
20231110:1811,0.0,0.0,0.0,4.76,2.62,0.0
20231110:1911,0.0,0.0,0.0,5.2,2.83,0.0
20231110:2011,0.0,0.0,0.0,4.9,2.83,0.0
20231110:2111,0.0,0.0,0.0,4.72,2.62,0.0
20231110:2211,0.0,0.0,0.0,4.65,2.62,0.0
20231110:2311,0.0,0.0,0.0,4.68,2.76,0.0
20231111:0011,0.0,0.0,0.0,4.58,2.83,0.0
20231111:0111,0.0,0.0,0.0,4.71,2.97,0.0
20231111:0211,0.0,0.0,0.0,4.89,3.03,0.0
20231111:0311,0.0,0.0,0.0,5.16,3.1,0.0
20231111:0411,0.0,0.0,0.0,5.13,3.03,0.0
20231111:0511,0.0,0.0,0.0,4.92,2.83,0.0
20231111:0611,0.0,0.0,0.0,4.54,2.41,0.0
20231111:0711,0.0,0.0,0.0,3.99,2.21,0.0
20231111:0811,257.19,115.94,4.68,3.15,1.72,0.0
20231111:0911,912.78,365.05,11.06,3.95,0.83,0.0
20231111:1011,1443.0,592.23,15.81,6.25,0.83,0.0
20231111:1111,1614.21,669.99,18.57,7.39,1.24,0.0
20231111:1211,1599.0,664.22,19.04,8.11,1.38,0.0
20231111:1311,1495.08,618.73,17.18,8.55,1.31,0.0
20231111:1411,1269.15,523.63,13.19,8.63,0.76,0.0
20231111:1511,687.27,285.83,7.41,8.4,0.69,0.0
20231111:1611,0.0,0.0,0.0,7.45,1.1,0.0
20231111:1711,0.0,0.0,0.0,5.09,1.52,0.0
20231111:1811,0.0,0.0,0.0,3.45,2.07,0.0
20231111:1911,0.0,0.0,0.0,3.1,2.28,0.0
20231111:2011,0.0,0.0,0.0,3.27,2.41,0.0
20231111:2111,0.0,0.0,0.0,3.67,2.55,0.0
20231111:2211,0.0,0.0,0.0,3.89,2.62,0.0
20231111:2311,0.0,0.0,0.0,4.35,2.48,0.0
20231112:0011,0.0,0.0,0.0,4.3,2.55,0.0
20231112:0111,0.0,0.0,0.0,4.59,2.62,0.0
20231112:0211,0.0,0.0,0.0,4.95,2.76,0.0
20231112:0311,0.0,0.0,0.0,4.75,2.76,0.0
20231112:0411,0.0,0.0,0.0,4.91,2.83,0.0
20231112:0511,0.0,0.0,0.0,4.76,2.97,0.0
20231112:0611,0.0,0.0,0.0,4.56,3.03,0.0
20231112:0711,0.0,0.0,0.0,3.88,3.45,0.0
20231112:0811,167.61,81.13,4.42,4.17,3.52,0.0
20231112:0911,178.8,83.97,10.79,4.78,3.86,0.0
20231112:1011,76.53,43.57,15.54,5.52,4.41,0.0
20231112:1111,32.4,24.1,18.29,6.07,4.21,0.0
20231112:1211,32.37,24.1,18.76,6.21,3.93,0.0
20231112:1311,26.58,21.32,16.92,6.39,3.93,0.0
20231112:1411,447.69,185.23,12.94,6.68,4.9,0.0
20231112:1511,71.79,41.76,7.18,6.78,4.9,0.0
20231112:1611,0.0,0.0,0.0,6.82,4.76,0.0
20231112:1711,0.0,0.0,0.0,6.98,4.55,0.0
20231112:1811,0.0,0.0,0.0,7.18,4.28,0.0
20231112:1911,0.0,0.0,0.0,7.65,4.0,0.0
20231112:2011,0.0,0.0,0.0,7.92,3.52,0.0
20231112:2111,0.0,0.0,0.0,8.16,3.03,0.0
20231112:2211,0.0,0.0,0.0,8.11,2.9,0.0
20231112:2311,0.0,0.0,0.0,7.88,2.9,0.0
20231113:0011,0.0,0.0,0.0,7.93,2.97,0.0
20231113:0111,0.0,0.0,0.0,8.12,2.97,0.0
20231113:0211,0.0,0.0,0.0,8.27,3.45,0.0
20231113:0311,0.0,0.0,0.0,8.56,4.28,0.0
20231113:0411,0.0,0.0,0.0,8.92,5.45,0.0
20231113:0511,0.0,0.0,0.0,9.24,6.41,0.0
20231113:0611,0.0,0.0,0.0,9.56,7.31,0.0
20231113:0711,0.0,0.0,0.0,9.6,7.86,0.0
20231113:0811,179.94,88.21,4.17,10.67,7.03,0.0
20231113:0911,753.21,304.12,10.53,11.2,7.86,0.0
20231113:1011,508.71,210.4,15.27,10.81,8.14,0.0
20231113:1111,463.8,193.96,18.02,10.96,8.62,0.0
20231113:1211,375.9,161.22,18.5,11.12,9.31,0.0
20231113:1311,118.68,62.12,16.66,11.35,9.66,0.0
20231113:1411,13.65,14.83,12.7,11.28,10.0,0.0
20231113:1511,13.65,14.83,6.96,11.25,10.34,0.0
20231113:1611,0.0,0.0,0.0,11.03,10.28,0.0
20231113:1711,0.0,0.0,0.0,10.79,9.52,0.0
20231113:1811,0.0,0.0,0.0,10.59,8.9,0.0
20231113:1911,0.0,0.0,0.0,10.5,7.59,0.0
20231113:2011,0.0,0.0,0.0,10.05,7.24,0.0
20231113:2111,0.0,0.0,0.0,9.98,7.1,0.0
20231113:2211,0.0,0.0,0.0,9.99,6.34,0.0
20231113:2311,0.0,0.0,0.0,9.85,5.79,0.0
20231114:0011,0.0,0.0,0.0,9.59,5.03,0.0
20231114:0111,0.0,0.0,0.0,9.49,4.62,0.0
20231114:0211,0.0,0.0,0.0,9.41,4.41,0.0
20231114:0311,0.0,0.0,0.0,9.48,3.86,0.0
20231114:0411,0.0,0.0,0.0,9.44,3.86,0.0
20231114:0511,0.0,0.0,0.0,9.6,3.66,0.0
20231114:0611,0.0,0.0,0.0,9.71,3.59,0.0
20231114:0711,0.0,0.0,0.0,8.73,3.45,0.0
20231114:0811,64.23,39.37,3.92,8.7,3.03,0.0
20231114:0911,140.04,70.22,10.27,9.14,3.03,0.0
20231114:1011,164.07,80.18,15.0,9.86,2.83,0.0
20231114:1111,153.15,76.02,17.75,10.44,3.79,0.0
20231114:1211,779.58,315.85,18.23,10.81,4.07,0.0
20231114:1311,27.78,22.25,16.41,10.8,3.79,0.0
20231114:1411,76.74,44.5,12.47,10.53,4.28,0.0
20231114:1511,0.96,6.49,6.74,9.9,4.97,0.0
20231114:1611,0.0,0.0,0.0,9.4,4.41,0.0
20231114:1711,0.0,0.0,0.0,9.24,4.34,0.0
20231114:1811,0.0,0.0,0.0,9.19,4.41,0.0
20231114:1911,0.0,0.0,0.0,9.03,4.62,0.0
20231114:2011,0.0,0.0,0.0,8.85,4.62,0.0
20231114:2111,0.0,0.0,0.0,8.89,5.17,0.0
20231114:2211,0.0,0.0,0.0,8.89,5.38,0.0
20231114:2311,0.0,0.0,0.0,8.79,5.59,0.0
20231115:0011,0.0,0.0,0.0,8.61,5.38,0.0
20231115:0111,0.0,0.0,0.0,8.38,5.24,0.0
20231115:0211,0.0,0.0,0.0,8.47,5.72,0.0
20231115:0311,0.0,0.0,0.0,8.36,6.0,0.0
20231115:0411,0.0,0.0,0.0,8.2,5.79,0.0
20231115:0511,0.0,0.0,0.0,8.13,6.14,0.0
20231115:0611,0.0,0.0,0.0,7.97,5.86,0.0
20231115:0711,0.0,0.0,0.0,8.11,6.28,0.0
20231115:0811,0.99,6.49,3.67,8.14,6.41,0.0
20231115:0911,24.45,20.4,10.01,8.36,6.48,0.0
20231115:1011,68.91,40.79,14.74,8.63,6.97,0.0
20231115:1111,115.53,60.26,17.49,8.8,7.1,0.0
20231115:1211,173.52,83.44,17.98,8.95,7.24,0.0
20231115:1311,77.34,44.5,16.17,9.22,7.24,0.0
20231115:1411,298.47,131.04,12.24,9.34,5.79,0.0
20231115:1511,24.36,20.4,6.53,9.06,6.0,0.0
20231115:1611,0.0,0.0,0.0,8.36,5.24,0.0
20231115:1711,0.0,0.0,0.0,7.97,4.41,0.0
20231115:1811,0.0,0.0,0.0,7.82,4.07,0.0
20231115:1911,0.0,0.0,0.0,7.85,3.66,0.0
20231115:2011,0.0,0.0,0.0,7.46,3.17,0.0
20231115:2111,0.0,0.0,0.0,7.21,2.69,0.0
20231115:2211,0.0,0.0,0.0,6.77,2.14,0.0
20231115:2311,0.0,0.0,0.0,6.34,1.79,0.0
20231116:0011,0.0,0.0,0.0,5.88,1.45,0.0
20231116:0111,0.0,0.0,0.0,5.54,0.97,0.0
20231116:0211,0.0,0.0,0.0,6.35,0.48,0.0
20231116:0311,0.0,0.0,0.0,5.1,1.03,0.0
20231116:0411,0.0,0.0,0.0,3.67,1.72,0.0
20231116:0511,0.0,0.0,0.0,2.9,1.59,0.0
20231116:0611,0.0,0.0,0.0,3.24,1.24,0.0
20231116:0711,0.0,0.0,0.0,3.4,1.38,0.0
20231116:0811,47.91,31.47,3.42,3.71,1.17,0.0
20231116:0911,122.04,61.94,9.76,4.39,1.1,0.0
20231116:1011,334.35,143.44,14.48,5.39,1.17,0.0
20231116:1111,364.38,155.54,17.23,6.27,1.24,0.0
20231116:1211,319.92,139.32,17.73,7.0,1.1,0.0
20231116:1311,318.18,138.89,15.93,7.43,0.69,0.0
20231116:1411,164.31,79.66,12.02,7.77,0.62,0.0
20231116:1511,9.12,12.05,6.33,7.67,0.9,0.0
20231116:1611,0.0,0.0,0.0,7.22,1.17,0.0
20231116:1711,0.0,0.0,0.0,6.55,1.31,0.0
20231116:1811,0.0,0.0,0.0,6.22,1.38,0.0
20231116:1911,0.0,0.0,0.0,6.28,1.52,0.0
20231116:2011,0.0,0.0,0.0,6.34,1.86,0.0
20231116:2111,0.0,0.0,0.0,6.03,2.07,0.0
20231116:2211,0.0,0.0,0.0,5.96,2.14,0.0
20231116:2311,0.0,0.0,0.0,5.92,2.21,0.0
20231117:0011,0.0,0.0,0.0,5.77,2.28,0.0
20231117:0111,0.0,0.0,0.0,5.83,2.21,0.0
20231117:0211,0.0,0.0,0.0,5.96,2.28,0.0
20231117:0311,0.0,0.0,0.0,6.08,2.83,0.0
20231117:0411,0.0,0.0,0.0,5.85,3.03,0.0
20231117:0511,0.0,0.0,0.0,5.3,2.69,0.0
20231117:0611,0.0,0.0,0.0,5.0,2.48,0.0
20231117:0711,0.0,0.0,0.0,4.5,1.93,0.0
20231117:0811,0.0,4.64,3.18,4.24,1.86,0.0
20231117:0911,164.46,78.67,9.51,5.02,1.59,0.0
20231117:1011,459.81,190.95,14.23,6.41,1.59,0.0
20231117:1111,1236.0,497.96,16.98,7.52,2.0,0.0
20231117:1211,1289.97,519.6,17.48,8.1,2.55,0.0
20231117:1311,635.64,258.61,15.7,8.42,2.76,0.0
20231117:1411,428.67,180.58,11.8,8.29,1.79,0.0
20231117:1511,121.44,62.74,6.13,7.98,1.52,0.0
20231117:1611,0.0,0.0,0.0,7.42,1.59,0.0
20231117:1711,0.0,0.0,0.0,6.59,1.79,0.0
20231117:1811,0.0,0.0,0.0,6.13,2.14,0.0
20231117:1911,0.0,0.0,0.0,6.3,2.28,0.0
20231117:2011,0.0,0.0,0.0,6.55,2.41,0.0
20231117:2111,0.0,0.0,0.0,6.75,2.69,0.0
20231117:2211,0.0,0.0,0.0,6.97,2.83,0.0
20231117:2311,0.0,0.0,0.0,7.05,3.45,0.0
20231118:0011,0.0,0.0,0.0,7.3,4.41,0.0
20231118:0111,0.0,0.0,0.0,7.03,5.17,0.0
20231118:0211,0.0,0.0,0.0,7.15,5.93,0.0
20231118:0311,0.0,0.0,0.0,7.44,6.34,0.0
20231118:0411,0.0,0.0,0.0,7.86,6.48,0.0
20231118:0511,0.0,0.0,0.0,8.48,6.28,0.0
20231118:0611,0.0,0.0,0.0,9.12,5.93,0.0
20231118:0711,0.0,0.0,0.0,9.35,5.66,0.0
20231118:0811,0.0,5.56,2.95,10.0,5.24,0.0
20231118:0911,27.81,22.25,9.27,10.64,4.97,0.0
20231118:1011,102.69,55.63,13.98,11.32,4.48,0.0
20231118:1111,1281.39,518.44,16.73,12.22,4.62,0.0
20231118:1211,227.31,105.89,17.24,12.69,5.17,0.0
20231118:1311,470.19,198.8,15.47,13.16,5.24,0.0
20231118:1411,425.31,181.79,11.59,13.36,5.17,0.0
20231118:1511,86.79,49.3,5.94,13.12,5.17,0.0
20231118:1611,0.0,0.0,0.0,12.69,4.9,0.0
20231118:1711,0.0,0.0,0.0,11.87,4.76,0.0
20231118:1811,0.0,0.0,0.0,11.46,4.9,0.0
20231118:1911,0.0,0.0,0.0,11.31,5.17,0.0
20231118:2011,0.0,0.0,0.0,11.43,5.59,0.0
20231118:2111,0.0,0.0,0.0,11.26,5.59,0.0
20231118:2211,0.0,0.0,0.0,10.65,5.59,0.0
20231118:2311,0.0,0.0,0.0,10.36,5.72,0.0
20231119:0011,0.0,0.0,0.0,10.22,6.0,0.0
20231119:0111,0.0,0.0,0.0,10.32,6.07,0.0
20231119:0211,0.0,0.0,0.0,10.38,6.0,0.0
20231119:0311,0.0,0.0,0.0,10.32,5.93,0.0
20231119:0411,0.0,0.0,0.0,10.17,5.79,0.0
20231119:0511,0.0,0.0,0.0,10.05,5.59,0.0
20231119:0611,0.0,0.0,0.0,10.26,5.66,0.0
20231119:0711,0.0,0.0,0.0,10.52,5.24,0.0
20231119:0811,0.0,4.64,2.71,10.29,4.9,0.0
20231119:0911,12.06,13.91,9.03,10.67,5.03,0.0
20231119:1011,61.71,38.01,13.74,10.9,4.83,0.0
20231119:1111,217.92,101.48,16.49,10.88,4.62,0.0
20231119:1211,132.21,67.68,17.01,10.95,4.41,0.0
20231119:1311,25.83,21.32,15.25,11.4,5.17,0.0
20231119:1411,80.7,46.36,11.39,11.59,6.0,0.0
20231119:1511,5.97,10.2,5.75,11.68,6.41,0.0
20231119:1611,0.0,0.0,0.0,11.55,6.28,0.0
20231119:1711,0.0,0.0,0.0,11.27,6.0,0.0
20231119:1811,0.0,0.0,0.0,10.94,5.86,0.0
20231119:1911,0.0,0.0,0.0,10.82,5.59,0.0
20231119:2011,0.0,0.0,0.0,10.42,5.52,0.0
20231119:2111,0.0,0.0,0.0,10.08,5.45,0.0
20231119:2211,0.0,0.0,0.0,9.78,5.1,0.0
20231119:2311,0.0,0.0,0.0,9.38,4.48,0.0
20231120:0011,0.0,0.0,0.0,8.96,4.07,0.0
20231120:0111,0.0,0.0,0.0,8.48,3.66,0.0
20231120:0211,0.0,0.0,0.0,7.95,3.31,0.0
20231120:0311,0.0,0.0,0.0,7.4,2.69,0.0
20231120:0411,0.0,0.0,0.0,7.23,2.28,0.0
20231120:0511,0.0,0.0,0.0,7.5,2.14,0.0
20231120:0611,0.0,0.0,0.0,7.32,2.0,0.0
20231120:0711,0.0,0.0,0.0,8.4,2.48,0.0
20231120:0811,0.0,5.56,2.48,8.36,2.41,0.0
20231120:0911,28.05,22.25,8.79,8.9,2.62,0.0
20231120:1011,112.47,59.33,13.5,9.63,3.24,0.0
20231120:1111,29.76,23.18,16.25,10.15,4.0,0.0
20231120:1211,103.08,55.63,16.78,10.58,4.34,0.0
20231120:1311,149.91,74.69,15.04,10.7,3.86,0.0
20231120:1411,35.4,25.96,11.19,10.64,3.86,0.0
20231120:1511,22.32,19.47,5.57,10.48,3.52,0.0
20231120:1611,0.0,0.0,0.0,10.25,3.24,0.0
20231120:1711,0.0,0.0,0.0,10.04,3.1,0.0
20231120:1811,0.0,0.0,0.0,9.99,3.1,0.0
20231120:1911,0.0,0.0,0.0,10.03,3.24,0.0
20231120:2011,0.0,0.0,0.0,9.99,2.69,0.0
20231120:2111,0.0,0.0,0.0,9.54,2.83,0.0
20231120:2211,0.0,0.0,0.0,9.74,3.38,0.0
20231120:2311,0.0,0.0,0.0,9.72,3.66,0.0
20231121:0011,0.0,0.0,0.0,9.36,3.86,0.0
20231121:0111,0.0,0.0,0.0,8.84,4.0,0.0
20231121:0211,0.0,0.0,0.0,8.37,4.0,0.0
20231121:0311,0.0,0.0,0.0,8.26,4.07,0.0
20231121:0411,0.0,0.0,0.0,8.11,4.07,0.0
20231121:0511,0.0,0.0,0.0,8.04,4.21,0.0
20231121:0611,0.0,0.0,0.0,7.9,4.62,0.0
20231121:0711,0.0,0.0,0.0,8.19,4.41,0.0
20231121:0811,0.0,2.78,2.25,8.17,4.41,0.0
20231121:0911,52.05,33.38,8.56,8.26,4.21,0.0
20231121:1011,944.7,377.09,13.27,8.45,3.59,0.0
20231121:1111,1194.51,477.19,16.02,8.7,3.66,0.0
20231121:1211,342.72,148.2,16.56,9.0,3.72,0.0
20231121:1311,246.39,111.68,14.83,9.12,3.24,0.0
20231121:1411,169.53,81.85,11.0,9.15,2.9,0.0
20231121:1511,114.72,60.2,5.4,8.7,1.79,0.0
20231121:1611,0.0,0.0,0.0,7.96,1.52,0.0
20231121:1711,0.0,0.0,0.0,6.77,1.59,0.0
20231121:1811,0.0,0.0,0.0,5.91,1.03,0.0
20231121:1911,0.0,0.0,0.0,5.05,1.31,0.0
20231121:2011,0.0,0.0,0.0,4.7,1.24,0.0
20231121:2111,0.0,0.0,0.0,3.91,1.59,0.0
20231121:2211,0.0,0.0,0.0,3.93,1.45,0.0
20231121:2311,0.0,0.0,0.0,4.15,1.59,0.0
20231122:0011,0.0,0.0,0.0,3.83,1.86,0.0
20231122:0111,0.0,0.0,0.0,3.88,2.07,0.0
20231122:0211,0.0,0.0,0.0,4.28,2.28,0.0
20231122:0311,0.0,0.0,0.0,4.9,2.48,0.0
20231122:0411,0.0,0.0,0.0,5.43,2.62,0.0
20231122:0511,0.0,0.0,0.0,6.09,2.76,0.0
20231122:0611,0.0,0.0,0.0,6.51,3.1,0.0
20231122:0711,0.0,0.0,0.0,7.22,3.52,0.0
20231122:0811,0.0,2.78,2.03,7.86,3.93,0.0
20231122:0911,4.71,9.27,8.33,8.52,4.07,0.0
20231122:1011,51.81,33.38,13.04,9.12,4.62,0.0
20231122:1111,66.39,39.87,15.79,9.53,5.24,0.0
20231122:1211,62.01,38.01,16.34,10.02,5.79,0.0
20231122:1311,61.8,38.01,14.63,10.65,5.38,0.0
20231122:1411,45.27,30.59,10.82,10.87,6.9,0.0
20231122:1511,7.47,11.13,5.23,10.57,6.62,0.0
20231122:1611,0.0,0.0,0.0,10.25,6.48,0.0
20231122:1711,0.0,0.0,0.0,10.1,6.34,0.0
20231122:1811,0.0,0.0,0.0,10.02,6.28,0.0
20231122:1911,0.0,0.0,0.0,10.34,6.62,0.0
20231122:2011,0.0,0.0,0.0,10.34,6.62,0.0
20231122:2111,0.0,0.0,0.0,10.26,6.69,0.0
20231122:2211,0.0,0.0,0.0,10.23,6.83,0.0
20231122:2311,0.0,0.0,0.0,10.12,6.83,0.0
20231123:0011,0.0,0.0,0.0,10.06,6.69,0.0
20231123:0111,0.0,0.0,0.0,10.05,6.34,0.0
20231123:0211,0.0,0.0,0.0,10.06,6.21,0.0
20231123:0311,0.0,0.0,0.0,10.2,6.14,0.0
20231123:0411,0.0,0.0,0.0,10.25,6.07,0.0
20231123:0511,0.0,0.0,0.0,10.34,6.07,0.0
20231123:0611,0.0,0.0,0.0,10.36,6.21,0.0
20231123:0711,0.0,0.0,0.0,10.46,6.48,0.0
20231123:0811,0.0,0.93,1.81,10.45,6.97,0.0
20231123:0911,12.09,13.91,8.11,10.52,7.31,0.0
20231123:1011,76.8,44.5,12.82,10.59,7.38,0.0
20231123:1111,49.35,32.45,15.57,10.89,7.59,0.0
20231123:1211,72.21,42.65,16.13,11.44,8.21,0.0
20231123:1311,22.2,19.47,14.43,11.73,8.34,0.0
20231123:1411,13.59,14.83,10.64,11.91,8.55,0.0
20231123:1511,5.97,10.2,5.07,11.82,8.21,0.0
20231123:1611,0.0,0.0,0.0,11.43,7.93,0.0
20231123:1711,0.0,0.0,0.0,10.78,7.79,0.0
20231123:1811,0.0,0.0,0.0,10.06,7.38,0.0
20231123:1911,0.0,0.0,0.0,9.79,7.17,0.0
20231123:2011,0.0,0.0,0.0,9.37,7.24,0.0
20231123:2111,0.0,0.0,0.0,9.08,7.31,0.0
20231123:2211,0.0,0.0,0.0,8.7,6.97,0.0
20231123:2311,0.0,0.0,0.0,8.58,6.69,0.0
20231124:0011,0.0,0.0,0.0,8.5,6.34,0.0
20231124:0111,0.0,0.0,0.0,8.62,6.14,0.0
20231124:0211,0.0,0.0,0.0,8.32,6.0,0.0
20231124:0311,0.0,0.0,0.0,8.08,6.0,0.0
20231124:0411,0.0,0.0,0.0,7.76,5.79,0.0
20231124:0511,0.0,0.0,0.0,7.34,5.79,0.0
20231124:0611,0.0,0.0,0.0,7.24,6.0,0.0
20231124:0711,0.0,0.0,0.0,7.07,5.45,0.0
20231124:0811,0.0,3.71,1.6,6.21,5.03,0.0
20231124:0911,377.58,158.84,7.89,5.65,4.69,0.0
20231124:1011,1245.24,488.71,12.6,5.55,4.41,0.0
20231124:1111,1504.38,591.23,15.36,5.64,5.1,0.0
20231124:1211,1529.7,602.2,15.93,5.76,5.03,0.0
20231124:1311,1279.23,501.72,14.24,5.81,4.69,0.0
20231124:1411,1065.6,419.12,10.47,5.69,4.28,0.0
20231124:1511,303.72,132.63,4.92,5.17,3.52,0.0
20231124:1611,0.0,0.0,0.0,4.04,2.97,0.0
20231124:1711,0.0,0.0,0.0,3.03,2.48,0.0
20231124:1811,0.0,0.0,0.0,2.18,2.28,0.0
20231124:1911,0.0,0.0,0.0,1.65,2.21,0.0
20231124:2011,0.0,0.0,0.0,0.97,2.14,0.0
20231124:2111,0.0,0.0,0.0,0.37,2.21,0.0
20231124:2211,0.0,0.0,0.0,-0.16,2.14,0.0
20231124:2311,0.0,0.0,0.0,-0.73,2.07,0.0
20231125:0011,0.0,0.0,0.0,-1.35,1.86,0.0
20231125:0111,0.0,0.0,0.0,-1.93,1.79,0.0
20231125:0211,0.0,0.0,0.0,-2.22,1.79,0.0
20231125:0311,0.0,0.0,0.0,-2.44,1.79,0.0
20231125:0411,0.0,0.0,0.0,-2.54,1.79,0.0
20231125:0511,0.0,0.0,0.0,-2.38,1.66,0.0
20231125:0611,0.0,0.0,0.0,-2.17,1.59,0.0
20231125:0711,0.0,0.0,0.0,-1.49,1.52,0.0
20231125:0811,0.0,1.85,1.39,-0.47,1.17,0.0
20231125:0911,440.01,179.9,7.68,0.51,0.9,0.0
20231125:1011,1125.84,443.8,12.39,0.99,0.69,0.0
20231125:1111,1524.33,616.24,15.15,3.13,1.03,0.0
20231125:1211,1507.17,607.92,15.73,3.84,1.38,0.0
20231125:1311,1351.71,540.69,14.06,4.13,1.52,0.0
20231125:1411,1015.62,404.03,10.3,4.0,1.24,0.0
20231125:1511,274.26,121.07,4.77,3.52,1.31,0.0
20231125:1611,0.0,0.0,0.0,2.24,1.03,0.0
20231125:1711,0.0,0.0,0.0,1.6,0.76,0.0
20231125:1811,0.0,0.0,0.0,0.39,1.17,0.0
20231125:1911,0.0,0.0,0.0,1.1,0.83,0.0
20231125:2011,0.0,0.0,0.0,0.18,1.1,0.0
20231125:2111,0.0,0.0,0.0,0.0,1.03,0.0
20231125:2211,0.0,0.0,0.0,0.01,1.1,0.0
20231125:2311,0.0,0.0,0.0,-0.42,1.31,0.0
20231126:0011,0.0,0.0,0.0,-0.79,1.38,0.0
20231126:0111,0.0,0.0,0.0,-0.72,1.45,0.0
20231126:0211,0.0,0.0,0.0,-1.01,1.59,0.0
20231126:0311,0.0,0.0,0.0,-1.03,1.59,0.0
20231126:0411,0.0,0.0,0.0,-0.57,1.45,0.0
20231126:0511,0.0,0.0,0.0,-0.46,1.52,0.0
20231126:0611,0.0,0.0,0.0,-0.22,1.59,0.0
20231126:0711,0.0,0.0,0.0,0.1,1.59,0.0
20231126:0811,0.0,0.0,0.0,-0.01,1.66,0.0
20231126:0911,329.04,138.69,7.47,0.72,1.59,0.0
20231126:1011,234.93,104.49,12.18,2.48,1.66,0.0
20231126:1111,120.27,61.19,14.95,3.82,1.79,0.0
20231126:1211,105.96,55.63,15.54,4.66,1.79,0.0
20231126:1311,81.0,45.43,13.89,5.07,1.86,0.0
20231126:1411,95.64,51.42,10.15,5.12,1.79,0.0
20231126:1511,57.42,35.41,4.63,4.86,1.93,0.0
20231126:1611,0.0,0.0,0.0,4.03,2.14,0.0
20231126:1711,0.0,0.0,0.0,3.71,2.07,0.0
20231126:1811,0.0,0.0,0.0,3.49,2.0,0.0
20231126:1911,0.0,0.0,0.0,3.38,1.66,0.0
20231126:2011,0.0,0.0,0.0,3.4,1.72,0.0
20231126:2111,0.0,0.0,0.0,3.39,1.86,0.0
20231126:2211,0.0,0.0,0.0,3.57,1.79,0.0
20231126:2311,0.0,0.0,0.0,3.84,1.72,0.0
20231127:0011,0.0,0.0,0.0,4.2,1.72,0.0
20231127:0111,0.0,0.0,0.0,4.55,1.52,0.0
20231127:0211,0.0,0.0,0.0,4.72,1.38,0.0
20231127:0311,0.0,0.0,0.0,4.71,1.24,0.0
20231127:0411,0.0,0.0,0.0,4.68,1.24,0.0
20231127:0511,0.0,0.0,0.0,4.65,1.17,0.0
20231127:0611,0.0,0.0,0.0,4.56,1.31,0.0
20231127:0711,0.0,0.0,0.0,4.87,2.0,0.0
20231127:0811,0.0,0.0,0.0,4.74,2.55,0.0
20231127:0911,17.7,16.69,7.27,4.37,3.03,0.0
20231127:1011,88.17,48.21,11.98,4.07,2.55,0.0
20231127:1111,349.14,147.42,14.76,3.91,2.9,0.0
20231127:1211,83.73,46.36,15.36,4.11,3.59,0.0
20231127:1311,92.49,50.06,13.72,4.67,3.79,0.0
20231127:1411,24.9,20.4,10.0,5.06,3.45,0.0
20231127:1511,55.92,34.79,4.5,5.36,3.66,0.0
20231127:1611,0.0,0.0,0.0,5.23,3.66,0.0
20231127:1711,0.0,0.0,0.0,4.61,3.52,0.0
20231127:1811,0.0,0.0,0.0,4.39,3.45,0.0
20231127:1911,0.0,0.0,0.0,4.71,3.52,0.0
20231127:2011,0.0,0.0,0.0,4.87,3.45,0.0
20231127:2111,0.0,0.0,0.0,4.59,3.38,0.0
20231127:2211,0.0,0.0,0.0,3.99,3.1,0.0
20231127:2311,0.0,0.0,0.0,3.54,2.9,0.0
20231128:0011,0.0,0.0,0.0,3.35,2.83,0.0
20231128:0111,0.0,0.0,0.0,3.45,2.69,0.0
20231128:0211,0.0,0.0,0.0,3.44,2.48,0.0
20231128:0311,0.0,0.0,0.0,3.16,2.28,0.0
20231128:0411,0.0,0.0,0.0,2.76,2.21,0.0
20231128:0511,0.0,0.0,0.0,2.3,2.07,0.0
20231128:0611,0.0,0.0,0.0,1.69,1.86,0.0
20231128:0711,0.0,0.0,0.0,0.85,1.66,0.0
20231128:0811,0.0,0.0,0.0,-0.37,1.45,0.0
20231128:0911,408.39,167.69,7.07,-0.23,0.97,0.0
20231128:1011,1089.54,431.56,11.78,1.63,0.41,0.0
20231128:1111,1481.61,600.8,14.57,3.71,0.83,0.0
20231128:1211,1488.03,600.99,15.18,4.38,1.38,0.0
20231128:1311,963.21,380.11,13.56,4.72,2.34,0.0
20231128:1411,215.55,97.79,9.85,4.67,2.76,0.0
20231128:1511,114.51,59.18,4.37,4.4,2.14,0.0
20231128:1611,0.0,0.0,0.0,3.62,1.86,0.0
20231128:1711,0.0,0.0,0.0,2.59,2.0,0.0
20231128:1811,0.0,0.0,0.0,1.8,1.93,0.0
20231128:1911,0.0,0.0,0.0,1.38,2.0,0.0
20231128:2011,0.0,0.0,0.0,1.07,1.86,0.0
20231128:2111,0.0,0.0,0.0,0.17,1.79,0.0
20231128:2211,0.0,0.0,0.0,-0.42,1.66,0.0
20231128:2311,0.0,0.0,0.0,-0.43,1.45,0.0
20231129:0011,0.0,0.0,0.0,-0.36,1.24,0.0
20231129:0111,0.0,0.0,0.0,-0.13,1.1,0.0
20231129:0211,0.0,0.0,0.0,-0.81,1.1,0.0
20231129:0311,0.0,0.0,0.0,-1.11,1.03,0.0
20231129:0411,0.0,0.0,0.0,-1.0,0.97,0.0
20231129:0511,0.0,0.0,0.0,-1.87,1.03,0.0
20231129:0611,0.0,0.0,0.0,-3.26,1.31,0.0
20231129:0711,0.0,0.0,0.0,-1.9,0.9,0.0
20231129:0811,0.0,0.0,0.0,-2.27,0.83,0.0
20231129:0911,372.18,152.85,6.88,-2.67,0.83,0.0
20231129:1011,1253.91,491.7,11.59,-0.89,0.76,0.0
20231129:1111,1503.06,598.43,14.39,0.87,1.17,0.0
20231129:1211,1568.04,627.62,15.01,1.49,1.31,0.0
20231129:1311,1440.45,574.38,13.4,1.81,1.17,0.0
20231129:1411,1063.98,419.3,9.71,1.86,1.24,0.0
20231129:1511,267.99,117.77,4.26,1.4,1.24,0.0
20231129:1611,0.0,0.0,0.0,-0.01,1.52,0.0
20231129:1711,0.0,0.0,0.0,-1.46,1.31,0.0
20231129:1811,0.0,0.0,0.0,-1.62,1.17,0.0
20231129:1911,0.0,0.0,0.0,-1.46,1.17,0.0
20231129:2011,0.0,0.0,0.0,-1.5,1.1,0.0
20231129:2111,0.0,0.0,0.0,-1.71,1.17,0.0
20231129:2211,0.0,0.0,0.0,-2.21,1.38,0.0
20231129:2311,0.0,0.0,0.0,-2.15,1.59,0.0
20231130:0011,0.0,0.0,0.0,-1.76,1.93,0.0
20231130:0111,0.0,0.0,0.0,-0.87,2.34,0.0
20231130:0211,0.0,0.0,0.0,-0.39,2.62,0.0
20231130:0311,0.0,0.0,0.0,-0.2,2.76,0.0
20231130:0411,0.0,0.0,0.0,-0.41,2.76,0.0
20231130:0511,0.0,0.0,0.0,-0.7,2.55,0.0
20231130:0611,0.0,0.0,0.0,-0.96,2.48,0.0
20231130:0711,0.0,0.0,0.0,-1.36,2.9,0.0
20231130:0811,0.0,0.0,0.0,-1.45,2.9,0.0
20231130:0911,324.78,135.93,6.69,-0.94,2.83,0.0
20231130:1011,1237.98,480.37,11.41,0.45,2.48,0.0
20231130:1111,1470.93,578.51,14.21,1.95,2.55,0.0
20231130:1211,1572.75,621.1,14.84,2.82,3.03,0.0
20231130:1311,1399.92,549.5,13.25,3.21,3.17,0.0
20231130:1411,1061.55,415.82,9.58,3.15,2.9,0.0
20231130:1511,235.02,105.45,4.14,2.42,2.76,0.0
20231130:1611,0.0,0.0,0.0,0.94,2.62,0.0
20231130:1711,0.0,0.0,0.0,-0.14,2.48,0.0
20231130:1811,0.0,0.0,0.0,-0.76,2.34,0.0
20231130:1911,0.0,0.0,0.0,-1.03,2.21,0.0
20231130:2011,0.0,0.0,0.0,-1.44,2.07,0.0
20231130:2111,0.0,0.0,0.0,-2.03,2.07,0.0
20231130:2211,0.0,0.0,0.0,-2.54,2.07,0.0
20231130:2311,0.0,0.0,0.0,-2.97,2.07,0.0
20231201:0011,0.0,0.0,0.0,-3.26,2.07,0.0
20231201:0111,0.0,0.0,0.0,-3.42,2.07,0.0
20231201:0211,0.0,0.0,0.0,-3.47,2.14,0.0
20231201:0311,0.0,0.0,0.0,-3.46,2.14,0.0
20231201:0411,0.0,0.0,0.0,-3.52,2.14,0.0
20231201:0511,0.0,0.0,0.0,-3.63,2.07,0.0
20231201:0611,0.0,0.0,0.0,-3.76,2.07,0.0
20231201:0711,0.0,0.0,0.0,-3.99,2.07,0.0
20231201:0811,0.0,0.0,0.0,-4.15,1.93,0.0
20231201:0911,364.5,149.12,6.51,-3.69,1.72,0.0
20231201:1011,1264.35,492.69,11.23,-0.92,1.38,0.0
20231201:1111,1498.74,595.75,14.04,1.14,1.38,0.0
20231201:1211,1545.12,618.13,14.69,2.21,1.52,0.0
20231201:1311,1404.93,559.74,13.11,2.71,1.45,0.0
20231201:1411,1041.78,411.99,9.46,2.65,1.24,0.0
20231201:1511,217.2,98.67,4.04,1.93,1.45,0.0
20231201:1611,0.0,0.0,0.0,0.07,1.59,0.0
20231201:1711,0.0,0.0,0.0,-1.74,1.52,0.0
20231201:1811,0.0,0.0,0.0,-2.8,1.45,0.0
20231201:1911,0.0,0.0,0.0,-3.07,1.38,0.0
20231201:2011,0.0,0.0,0.0,-3.06,1.31,0.0
20231201:2111,0.0,0.0,0.0,-2.9,1.31,0.0
20231201:2211,0.0,0.0,0.0,-2.73,1.1,0.0
20231201:2311,0.0,0.0,0.0,-2.83,1.1,0.0
20231202:0011,0.0,0.0,0.0,-2.86,1.1,0.0
20231202:0111,0.0,0.0,0.0,-3.02,0.97,0.0
20231202:0211,0.0,0.0,0.0,-3.17,0.97,0.0
20231202:0311,0.0,0.0,0.0,-2.95,1.1,0.0
20231202:0411,0.0,0.0,0.0,-2.74,1.31,0.0
20231202:0511,0.0,0.0,0.0,-2.72,1.45,0.0
20231202:0611,0.0,0.0,0.0,-2.66,1.59,0.0
20231202:0711,0.0,0.0,0.0,-3.44,1.66,0.0
20231202:0811,0.0,0.0,0.0,-3.49,1.79,0.0
20231202:0911,314.91,131.31,6.34,-3.31,1.93,0.0
20231202:1011,1183.65,453.95,11.06,-2.53,2.0,0.0
20231202:1111,1059.54,406.87,13.88,-1.47,2.07,0.0
20231202:1211,1519.83,594.2,14.54,-0.2,2.28,0.0
20231202:1311,1137.12,440.72,12.98,0.8,2.41,0.0
20231202:1411,1191.12,464.31,9.35,0.98,2.41,0.0
20231202:1511,98.67,51.98,3.94,0.6,2.69,0.0
20231202:1611,0.0,0.0,0.0,0.03,2.97,0.0
20231202:1711,0.0,0.0,0.0,-0.47,3.24,0.0
20231202:1811,0.0,0.0,0.0,-0.55,3.45,0.0
20231202:1911,0.0,0.0,0.0,0.14,3.17,0.0
20231202:2011,0.0,0.0,0.0,0.01,3.31,0.0
20231202:2111,0.0,0.0,0.0,0.0,3.38,0.0
20231202:2211,0.0,0.0,0.0,-0.09,3.31,0.0
20231202:2311,0.0,0.0,0.0,-0.02,3.24,0.0
20231203:0011,0.0,0.0,0.0,0.0,3.38,0.0
20231203:0111,0.0,0.0,0.0,-0.15,3.45,0.0
20231203:0211,0.0,0.0,0.0,-0.05,3.17,0.0
20231203:0311,0.0,0.0,0.0,0.08,3.17,0.0
20231203:0411,0.0,0.0,0.0,0.08,2.83,0.0
20231203:0511,0.0,0.0,0.0,0.11,2.28,0.0
20231203:0611,0.0,0.0,0.0,0.15,1.86,0.0
20231203:0711,0.0,0.0,0.0,0.35,1.52,0.0
20231203:0811,0.0,0.0,0.0,0.19,1.52,0.0
20231203:0911,39.48,26.89,6.17,0.26,1.52,0.0
20231203:1011,89.55,48.21,10.9,0.81,1.52,0.0
20231203:1111,128.55,63.97,13.72,1.7,1.59,0.0
20231203:1211,51.54,32.45,14.39,2.21,1.79,0.0
20231203:1311,57.75,35.23,12.85,2.84,1.86,0.0
20231203:1411,6.39,10.2,9.24,2.92,1.86,0.0
20231203:1511,0.06,5.56,3.85,1.77,1.93,0.0
20231203:1611,0.0,0.0,0.0,1.7,2.21,0.0
20231203:1711,0.0,0.0,0.0,1.3,2.21,0.0
20231203:1811,0.0,0.0,0.0,1.38,2.28,0.0
20231203:1911,0.0,0.0,0.0,1.55,2.76,0.0
20231203:2011,0.0,0.0,0.0,1.51,2.83,0.0
20231203:2111,0.0,0.0,0.0,1.42,2.97,0.0
20231203:2211,0.0,0.0,0.0,1.43,3.1,0.0
20231203:2311,0.0,0.0,0.0,1.47,3.31,0.0
20231204:0011,0.0,0.0,0.0,1.58,3.66,0.0
20231204:0111,0.0,0.0,0.0,1.74,4.07,0.0
20231204:0211,0.0,0.0,0.0,2.11,4.48,0.0
20231204:0311,0.0,0.0,0.0,2.43,4.69,0.0
20231204:0411,0.0,0.0,0.0,2.65,4.62,0.0
20231204:0511,0.0,0.0,0.0,2.82,4.21,0.0
20231204:0611,0.0,0.0,0.0,2.99,3.93,0.0
20231204:0711,0.0,0.0,0.0,3.44,3.72,0.0
20231204:0811,0.0,0.0,0.0,3.52,3.59,0.0
20231204:0911,23.28,19.47,6.0,3.38,3.45,0.0
20231204:1011,14.34,14.83,10.74,3.32,3.38,0.0
20231204:1111,109.17,56.55,13.57,3.24,3.31,0.0
20231204:1211,185.4,86.12,14.26,3.15,3.24,0.0
20231204:1311,216.3,97.58,12.73,3.05,3.1,0.0
20231204:1411,148.59,71.67,9.14,2.95,3.03,0.0
20231204:1511,33.75,24.52,3.76,2.88,2.9,0.0
20231204:1611,0.0,0.0,0.0,2.77,2.83,0.0
20231204:1711,0.0,0.0,0.0,2.75,2.76,0.0
20231204:1811,0.0,0.0,0.0,2.83,2.55,0.0
20231204:1911,0.0,0.0,0.0,3.72,2.21,0.0
20231204:2011,0.0,0.0,0.0,3.87,2.07,0.0
20231204:2111,0.0,0.0,0.0,3.99,2.0,0.0
20231204:2211,0.0,0.0,0.0,4.11,2.14,0.0
20231204:2311,0.0,0.0,0.0,4.2,2.41,0.0
20231205:0011,0.0,0.0,0.0,4.28,2.83,0.0
20231205:0111,0.0,0.0,0.0,4.39,3.24,0.0
20231205:0211,0.0,0.0,0.0,4.33,3.38,0.0
20231205:0311,0.0,0.0,0.0,4.21,3.24,0.0
20231205:0411,0.0,0.0,0.0,4.12,2.9,0.0
20231205:0511,0.0,0.0,0.0,4.05,2.69,0.0
20231205:0611,0.0,0.0,0.0,3.96,2.55,0.0
20231205:0711,0.0,0.0,0.0,4.29,2.76,0.0
20231205:0811,0.0,0.0,0.0,4.26,2.76,0.0
20231205:0911,225.18,101.56,5.85,4.35,2.83,0.0
20231205:1011,148.56,72.26,10.59,4.77,2.97,0.0
20231205:1111,477.78,195.37,13.43,5.16,3.31,0.0
20231205:1211,755.7,298.89,14.13,5.71,4.21,0.0
20231205:1311,409.35,170.49,12.62,5.78,3.31,0.0
20231205:1411,648.93,260.38,9.04,5.58,2.83,0.0
20231205:1511,98.94,52.99,3.69,4.98,2.48,0.0
20231205:1611,0.0,0.0,0.0,3.7,2.21,0.0
20231205:1711,0.0,0.0,0.0,2.5,2.0,0.0
20231205:1811,0.0,0.0,0.0,1.56,1.93,0.0
20231205:1911,0.0,0.0,0.0,1.07,2.07,0.0
20231205:2011,0.0,0.0,0.0,0.35,2.14,0.0
20231205:2111,0.0,0.0,0.0,-0.3,2.07,0.0
20231205:2211,0.0,0.0,0.0,-1.17,1.86,0.0
20231205:2311,0.0,0.0,0.0,-2.16,1.86,0.0
20231206:0011,0.0,0.0,0.0,-2.4,1.79,0.0
20231206:0111,0.0,0.0,0.0,-2.64,1.79,0.0
20231206:0211,0.0,0.0,0.0,-2.75,1.79,0.0
20231206:0311,0.0,0.0,0.0,-2.78,1.72,0.0
20231206:0411,0.0,0.0,0.0,-2.66,1.72,0.0
20231206:0511,0.0,0.0,0.0,-2.78,1.86,0.0
20231206:0611,0.0,0.0,0.0,-2.32,1.72,0.0
20231206:0711,0.0,0.0,0.0,-2.97,2.0,0.0
20231206:0811,0.0,0.0,0.0,-2.71,2.14,0.0
20231206:0911,462.6,185.96,5.69,-2.04,2.14,0.0
20231206:1011,1007.01,390.82,10.44,0.35,1.93,0.0
20231206:1111,1382.79,545.02,13.29,2.09,2.0,0.0
20231206:1211,1304.7,512.09,14.01,3.26,2.76,0.0
20231206:1311,1431.21,563.24,12.51,3.51,3.17,0.0
20231206:1411,462.78,188.41,8.95,3.29,3.24,0.0
20231206:1511,9.45,12.05,3.62,2.68,3.24,0.0
20231206:1611,0.0,0.0,0.0,1.69,3.24,0.0
20231206:1711,0.0,0.0,0.0,1.45,3.72,0.0
20231206:1811,0.0,0.0,0.0,1.54,4.07,0.0
20231206:1911,0.0,0.0,0.0,1.99,4.41,0.0
20231206:2011,0.0,0.0,0.0,2.3,4.83,0.0
20231206:2111,0.0,0.0,0.0,2.72,4.9,0.0
20231206:2211,0.0,0.0,0.0,3.04,4.97,0.0
20231206:2311,0.0,0.0,0.0,3.29,5.1,0.0
20231207:0011,0.0,0.0,0.0,3.38,5.24,0.0
20231207:0111,0.0,0.0,0.0,3.11,5.38,0.0
20231207:0211,0.0,0.0,0.0,3.39,5.59,0.0
20231207:0311,0.0,0.0,0.0,3.74,5.93,0.0
20231207:0411,0.0,0.0,0.0,4.14,6.28,0.0
20231207:0511,0.0,0.0,0.0,4.43,6.55,0.0
20231207:0611,0.0,0.0,0.0,4.74,6.97,0.0
20231207:0711,0.0,0.0,0.0,5.36,7.03,0.0
20231207:0811,0.0,0.0,0.0,5.42,7.03,0.0
20231207:0911,28.65,22.25,5.55,5.49,7.03,0.0
20231207:1011,54.93,34.3,10.3,5.7,7.1,0.0
20231207:1111,63.39,38.01,13.16,5.92,7.1,0.0
20231207:1211,30.48,23.18,13.89,6.08,7.1,0.0
20231207:1311,30.48,23.18,12.42,6.12,7.1,0.0
20231207:1411,21.12,18.54,8.87,6.08,6.97,0.0
20231207:1511,0.0,5.56,3.55,6.02,6.76,0.0
20231207:1611,0.0,0.0,0.0,5.99,6.9,0.0
20231207:1711,0.0,0.0,0.0,6.02,6.76,0.0
20231207:1811,0.0,0.0,0.0,6.05,6.21,0.0
20231207:1911,0.0,0.0,0.0,5.95,5.52,0.0
20231207:2011,0.0,0.0,0.0,5.98,4.69,0.0
20231207:2111,0.0,0.0,0.0,6.12,3.93,0.0
20231207:2211,0.0,0.0,0.0,6.37,3.38,0.0
20231207:2311,0.0,0.0,0.0,6.6,2.9,0.0
20231208:0011,0.0,0.0,0.0,6.38,2.83,0.0
20231208:0111,0.0,0.0,0.0,6.29,3.03,0.0
20231208:0211,0.0,0.0,0.0,6.08,3.17,0.0
20231208:0311,0.0,0.0,0.0,5.75,3.17,0.0
20231208:0411,0.0,0.0,0.0,5.53,3.52,0.0
20231208:0511,0.0,0.0,0.0,5.59,3.72,0.0
20231208:0611,0.0,0.0,0.0,5.87,3.86,0.0
20231208:0711,0.0,0.0,0.0,5.66,3.79,0.0
20231208:0811,0.0,0.0,0.0,5.51,3.79,0.0
20231208:0911,234.78,105.7,5.41,5.77,4.0,0.0
20231208:1011,484.17,198.51,10.17,6.77,4.34,0.0
20231208:1111,156.54,76.28,13.04,7.83,4.9,0.0
20231208:1211,66.69,39.87,13.78,8.65,4.9,0.0
20231208:1311,83.97,47.28,12.33,8.88,5.03,0.0
20231208:1411,159.24,77.38,8.8,8.81,5.03,0.0
20231208:1511,0.0,5.56,3.5,8.44,5.03,0.0
20231208:1611,0.0,0.0,0.0,7.92,4.97,0.0
20231208:1711,0.0,0.0,0.0,7.52,4.9,0.0
20231208:1811,0.0,0.0,0.0,7.36,4.9,0.0
20231208:1911,0.0,0.0,0.0,7.11,4.62,0.0
20231208:2011,0.0,0.0,0.0,6.87,4.62,0.0
20231208:2111,0.0,0.0,0.0,6.51,4.69,0.0
20231208:2211,0.0,0.0,0.0,6.24,4.9,0.0
20231208:2311,0.0,0.0,0.0,6.25,4.76,0.0
20231209:0011,0.0,0.0,0.0,6.27,4.76,0.0
20231209:0111,0.0,0.0,0.0,6.38,4.69,0.0
20231209:0211,0.0,0.0,0.0,6.42,4.41,0.0
20231209:0311,0.0,0.0,0.0,6.54,4.48,0.0
20231209:0411,0.0,0.0,0.0,6.77,4.55,0.0
20231209:0511,0.0,0.0,0.0,7.01,4.69,0.0
20231209:0611,0.0,0.0,0.0,7.08,4.9,0.0
20231209:0711,0.0,0.0,0.0,7.77,5.66,0.0
20231209:0811,0.0,0.0,0.0,8.24,6.41,0.0
20231209:0911,230.01,104.76,5.27,8.49,7.1,0.0
20231209:1011,41.82,28.74,10.04,8.44,6.21,0.0
20231209:1111,554.01,226.04,12.93,8.75,4.97,0.0
20231209:1211,629.31,255.39,13.68,9.99,5.45,0.0
20231209:1311,49.53,32.45,12.24,10.17,6.97,0.0
20231209:1411,4.68,9.27,8.74,9.8,7.52,0.0
20231209:1511,0.0,4.64,3.45,9.57,8.41,0.0
20231209:1611,0.0,0.0,0.0,8.66,9.31,0.0
20231209:1711,0.0,0.0,0.0,8.0,10.48,0.0
20231209:1811,0.0,0.0,0.0,7.66,11.52,0.0
20231209:1911,0.0,0.0,0.0,7.81,11.66,0.0
20231209:2011,0.0,0.0,0.0,7.77,11.59,0.0
20231209:2111,0.0,0.0,0.0,7.69,11.31,0.0
20231209:2211,0.0,0.0,0.0,7.67,10.9,0.0
20231209:2311,0.0,0.0,0.0,7.72,10.07,0.0
20231210:0011,0.0,0.0,0.0,7.88,9.31,0.0
20231210:0111,0.0,0.0,0.0,7.97,8.62,0.0
20231210:0211,0.0,0.0,0.0,7.91,7.93,0.0
20231210:0311,0.0,0.0,0.0,7.6,7.03,0.0
20231210:0411,0.0,0.0,0.0,7.11,6.14,0.0
20231210:0511,0.0,0.0,0.0,6.54,4.97,0.0
20231210:0611,0.0,0.0,0.0,6.14,3.59,0.0
20231210:0711,0.0,0.0,0.0,5.96,2.14,0.0
20231210:0811,0.0,0.0,0.0,5.58,2.21,0.0
20231210:0911,9.27,12.05,5.15,5.66,2.48,0.0
20231210:1011,144.78,71.15,9.92,6.22,3.24,0.0
20231210:1111,15.72,15.76,12.82,6.96,4.21,0.0
20231210:1211,36.03,25.96,13.59,7.54,5.1,0.0
20231210:1311,62.7,38.01,12.17,7.84,5.1,0.0
20231210:1411,39.81,27.81,8.68,8.36,4.83,0.0
20231210:1511,95.85,52.47,3.41,9.1,5.93,0.0
20231210:1611,0.0,0.0,0.0,8.81,5.31,0.0
20231210:1711,0.0,0.0,0.0,8.14,4.69,0.0
20231210:1811,0.0,0.0,0.0,7.95,4.69,0.0
20231210:1911,0.0,0.0,0.0,7.91,5.03,0.0
20231210:2011,0.0,0.0,0.0,8.1,6.0,0.0
20231210:2111,0.0,0.0,0.0,8.41,6.62,0.0
20231210:2211,0.0,0.0,0.0,8.66,7.17,0.0
20231210:2311,0.0,0.0,0.0,8.83,7.31,0.0
20231211:0011,0.0,0.0,0.0,8.36,7.79,0.0
20231211:0111,0.0,0.0,0.0,8.19,8.34,0.0
20231211:0211,0.0,0.0,0.0,8.17,8.07,0.0
20231211:0311,0.0,0.0,0.0,7.83,6.0,0.0
20231211:0411,0.0,0.0,0.0,7.49,4.83,0.0
20231211:0511,0.0,0.0,0.0,7.14,4.41,0.0
20231211:0611,0.0,0.0,0.0,6.86,4.07,0.0
20231211:0711,0.0,0.0,0.0,6.72,3.17,0.0
20231211:0811,0.0,0.0,0.0,6.95,3.1,0.0
20231211:0911,26.46,21.32,5.03,7.11,3.03,0.0
20231211:1011,93.15,50.81,9.81,7.68,3.66,0.0
20231211:1111,28.23,22.25,12.72,7.83,3.52,0.0
20231211:1211,37.89,26.89,13.51,8.01,3.38,0.0
20231211:1311,47.91,31.52,12.1,8.23,3.86,0.0
20231211:1411,19.05,17.62,8.63,8.24,2.9,0.0
20231211:1511,2.16,7.42,3.37,7.75,2.14,0.0
20231211:1611,0.0,0.0,0.0,7.16,1.66,0.0
20231211:1711,0.0,0.0,0.0,6.63,1.66,0.0
20231211:1811,0.0,0.0,0.0,5.98,1.79,0.0
20231211:1911,0.0,0.0,0.0,5.81,2.14,0.0
20231211:2011,0.0,0.0,0.0,5.68,2.21,0.0
20231211:2111,0.0,0.0,0.0,5.56,2.62,0.0
20231211:2211,0.0,0.0,0.0,5.32,2.9,0.0
20231211:2311,0.0,0.0,0.0,5.88,3.31,0.0
20231212:0011,0.0,0.0,0.0,6.42,3.72,0.0
20231212:0111,0.0,0.0,0.0,6.66,3.93,0.0
20231212:0211,0.0,0.0,0.0,6.93,4.07,0.0
20231212:0311,0.0,0.0,0.0,7.23,3.93,0.0
20231212:0411,0.0,0.0,0.0,7.54,3.66,0.0
20231212:0511,0.0,0.0,0.0,7.99,3.17,0.0
20231212:0611,0.0,0.0,0.0,8.44,3.03,0.0
20231212:0711,0.0,0.0,0.0,7.95,2.55,0.0
20231212:0811,0.0,0.0,0.0,8.24,2.48,0.0
20231212:0911,42.42,29.01,4.91,8.5,2.55,0.0
20231212:1011,72.99,42.65,9.71,8.84,2.69,0.0
20231212:1111,49.71,32.45,12.63,9.18,3.1,0.0
20231212:1211,277.56,123.65,13.43,9.46,2.55,0.0
20231212:1311,1065.78,430.41,12.04,9.49,2.28,0.0
20231212:1411,451.41,189.58,8.59,9.33,2.07,0.0
20231212:1511,116.13,60.94,3.34,8.79,1.79,0.0
20231212:1611,0.0,0.0,0.0,7.69,2.0,0.0
20231212:1711,0.0,0.0,0.0,7.36,1.86,0.0
20231212:1811,0.0,0.0,0.0,7.12,1.93,0.0
20231212:1911,0.0,0.0,0.0,7.22,1.72,0.0
20231212:2011,0.0,0.0,0.0,7.14,2.14,0.0
20231212:2111,0.0,0.0,0.0,6.91,2.48,0.0
20231212:2211,0.0,0.0,0.0,6.55,2.55,0.0
20231212:2311,0.0,0.0,0.0,6.42,2.48,0.0
20231213:0011,0.0,0.0,0.0,6.37,2.55,0.0
20231213:0111,0.0,0.0,0.0,6.56,2.9,0.0
20231213:0211,0.0,0.0,0.0,6.73,3.17,0.0
20231213:0311,0.0,0.0,0.0,6.88,3.59,0.0
20231213:0411,0.0,0.0,0.0,6.96,3.93,0.0
20231213:0511,0.0,0.0,0.0,6.79,4.69,0.0
20231213:0611,0.0,0.0,0.0,6.31,4.83,0.0
20231213:0711,0.0,0.0,0.0,6.19,4.55,0.0
20231213:0811,0.0,0.0,0.0,5.71,4.55,0.0
20231213:0911,418.89,174.9,4.8,5.51,4.62,0.0
20231213:1011,234.57,105.01,9.61,5.64,4.83,0.0
20231213:1111,785.85,309.7,12.54,5.69,4.55,0.0
20231213:1211,816.96,321.25,13.36,5.83,4.9,0.0
20231213:1311,264.9,116.67,11.99,5.87,4.34,0.0
20231213:1411,879.21,347.22,8.55,5.84,4.0,0.0
20231213:1511,213.39,98.24,3.32,5.23,3.66,0.0
20231213:1611,0.0,0.0,0.0,4.2,3.03,0.0
20231213:1711,0.0,0.0,0.0,3.23,2.55,0.0
20231213:1811,0.0,0.0,0.0,2.44,2.21,0.0
20231213:1911,0.0,0.0,0.0,1.93,2.07,0.0
20231213:2011,0.0,0.0,0.0,1.13,1.72,0.0
20231213:2111,0.0,0.0,0.0,0.41,1.17,0.0
20231213:2211,0.0,0.0,0.0,1.2,0.55,0.0
20231213:2311,0.0,0.0,0.0,1.06,0.48,0.0
20231214:0011,0.0,0.0,0.0,-0.83,1.38,0.0
20231214:0111,0.0,0.0,0.0,-1.87,1.79,0.0
20231214:0211,0.0,0.0,0.0,-0.92,1.79,0.0
20231214:0311,0.0,0.0,0.0,0.56,2.14,0.0
20231214:0411,0.0,0.0,0.0,1.87,2.28,0.0
20231214:0511,0.0,0.0,0.0,2.68,2.55,0.0
20231214:0611,0.0,0.0,0.0,3.33,2.83,0.0
20231214:0711,0.0,0.0,0.0,4.12,3.03,0.0
20231214:0811,0.0,0.0,0.0,4.76,3.17,0.0
20231214:0911,0.0,5.56,4.7,5.47,3.03,0.0
20231214:1011,30.39,23.18,9.52,6.35,2.76,0.0
20231214:1111,734.28,294.4,12.46,7.54,2.97,0.0
20231214:1211,163.11,79.09,13.3,8.24,3.52,0.0
20231214:1311,899.19,358.65,11.94,8.45,3.66,0.0
20231214:1411,43.86,29.67,8.52,8.15,3.45,0.0
20231214:1511,52.44,33.6,3.31,7.8,3.38,0.0
20231214:1611,0.0,0.0,0.0,7.04,3.17,0.0
20231214:1711,0.0,0.0,0.0,6.55,2.9,0.0
20231214:1811,0.0,0.0,0.0,6.42,2.69,0.0
20231214:1911,0.0,0.0,0.0,6.43,2.55,0.0
20231214:2011,0.0,0.0,0.0,6.22,2.48,0.0
20231214:2111,0.0,0.0,0.0,6.13,2.48,0.0
20231214:2211,0.0,0.0,0.0,6.2,2.69,0.0
20231214:2311,0.0,0.0,0.0,5.8,2.83,0.0
20231215:0011,0.0,0.0,0.0,5.65,3.03,0.0
20231215:0111,0.0,0.0,0.0,5.85,3.24,0.0
20231215:0211,0.0,0.0,0.0,5.91,3.31,0.0
20231215:0311,0.0,0.0,0.0,5.75,3.17,0.0
20231215:0411,0.0,0.0,0.0,5.57,3.24,0.0
20231215:0511,0.0,0.0,0.0,5.36,3.03,0.0
20231215:0611,0.0,0.0,0.0,4.88,3.03,0.0
20231215:0711,0.0,0.0,0.0,5.38,3.66,0.0
20231215:0811,0.0,0.0,0.0,5.23,3.31,0.0
20231215:0911,4.86,9.27,4.61,5.14,3.1,0.0
20231215:1011,17.55,16.69,9.43,5.87,3.17,0.0
20231215:1111,54.51,34.3,12.39,6.77,3.17,0.0
20231215:1211,66.96,39.87,13.24,7.71,3.17,0.0
20231215:1311,227.13,103.53,11.9,8.02,3.17,0.0
20231215:1411,37.89,26.89,8.5,7.99,3.31,0.0
20231215:1511,29.28,22.77,3.31,7.45,2.76,0.0
20231215:1611,0.0,0.0,0.0,6.54,2.76,0.0
20231215:1711,0.0,0.0,0.0,6.3,3.03,0.0
20231215:1811,0.0,0.0,0.0,6.98,3.45,0.0
20231215:1911,0.0,0.0,0.0,7.3,3.72,0.0
20231215:2011,0.0,0.0,0.0,7.68,4.07,0.0
20231215:2111,0.0,0.0,0.0,8.24,4.21,0.0
20231215:2211,0.0,0.0,0.0,8.91,4.21,0.0
20231215:2311,0.0,0.0,0.0,9.45,4.21,0.0
20231216:0011,0.0,0.0,0.0,9.75,4.28,0.0
20231216:0111,0.0,0.0,0.0,9.28,4.21,0.0
20231216:0211,0.0,0.0,0.0,9.14,4.14,0.0
20231216:0311,0.0,0.0,0.0,9.03,4.14,0.0
20231216:0411,0.0,0.0,0.0,8.91,4.14,0.0
20231216:0511,0.0,0.0,0.0,8.77,4.0,0.0
20231216:0611,0.0,0.0,0.0,8.75,3.86,0.0
20231216:0711,0.0,0.0,0.0,8.72,3.45,0.0
20231216:0811,0.0,0.0,0.0,8.56,3.31,0.0
20231216:0911,119.52,61.79,4.52,8.55,3.52,0.0
20231216:1011,981.87,392.33,9.35,8.76,3.72,0.0
20231216:1111,1195.98,477.59,12.33,9.22,4.0,0.0
20231216:1211,598.86,244.17,13.19,9.83,4.62,0.0
20231216:1311,419.46,176.88,11.87,10.03,4.28,0.0
20231216:1411,505.08,209.62,8.49,10.08,3.93,0.0
20231216:1511,0.0,2.78,3.31,9.6,3.52,0.0
20231216:1611,0.0,0.0,0.0,9.09,3.31,0.0
20231216:1711,0.0,0.0,0.0,8.67,3.24,0.0
20231216:1811,0.0,0.0,0.0,8.78,3.38,0.0
20231216:1911,0.0,0.0,0.0,9.18,3.59,0.0
20231216:2011,0.0,0.0,0.0,9.05,3.66,0.0
20231216:2111,0.0,0.0,0.0,9.19,3.86,0.0
20231216:2211,0.0,0.0,0.0,9.3,4.07,0.0
20231216:2311,0.0,0.0,0.0,9.38,4.14,0.0
20231217:0011,0.0,0.0,0.0,9.3,4.28,0.0
20231217:0111,0.0,0.0,0.0,8.99,4.34,0.0
20231217:0211,0.0,0.0,0.0,8.78,4.41,0.0
20231217:0311,0.0,0.0,0.0,8.42,4.55,0.0
20231217:0411,0.0,0.0,0.0,7.99,4.9,0.0
20231217:0511,0.0,0.0,0.0,7.32,5.1,0.0
20231217:0611,0.0,0.0,0.0,6.92,4.97,0.0
20231217:0711,0.0,0.0,0.0,7.28,5.03,0.0
20231217:0811,0.0,0.0,0.0,7.26,5.03,0.0
20231217:0911,19.14,17.62,4.44,7.47,4.76,0.0
20231217:1011,211.68,97.34,9.28,8.16,4.9,0.0
20231217:1111,354.96,151.7,12.27,8.74,4.97,0.0
20231217:1211,158.01,77.29,13.15,9.21,4.76,0.0
20231217:1311,198.78,93.3,11.85,9.87,4.41,0.0
20231217:1411,79.98,45.72,8.48,10.21,5.31,0.0
20231217:1511,54.36,34.68,3.32,9.89,5.03,0.0
20231217:1611,0.0,0.0,0.0,9.49,4.76,0.0
20231217:1711,0.0,0.0,0.0,8.98,4.55,0.0
20231217:1811,0.0,0.0,0.0,8.9,4.34,0.0
20231217:1911,0.0,0.0,0.0,9.45,4.62,0.0
20231217:2011,0.0,0.0,0.0,9.34,4.55,0.0
20231217:2111,0.0,0.0,0.0,9.64,4.62,0.0
20231217:2211,0.0,0.0,0.0,10.06,4.97,0.0
20231217:2311,0.0,0.0,0.0,10.32,5.1,0.0
20231218:0011,0.0,0.0,0.0,10.49,5.24,0.0
20231218:0111,0.0,0.0,0.0,10.8,5.24,0.0
20231218:0211,0.0,0.0,0.0,10.85,5.17,0.0
20231218:0311,0.0,0.0,0.0,10.83,5.1,0.0
20231218:0411,0.0,0.0,0.0,10.82,5.1,0.0
20231218:0511,0.0,0.0,0.0,10.79,4.97,0.0
20231218:0611,0.0,0.0,0.0,10.76,4.9,0.0
20231218:0711,0.0,0.0,0.0,10.89,5.1,0.0
20231218:0811,0.0,0.0,0.0,10.96,5.31,0.0
20231218:0911,8.91,12.05,4.36,11.09,5.24,0.0
20231218:1011,25.86,21.32,9.22,11.21,5.31,0.0
20231218:1111,41.16,28.74,12.22,11.31,5.38,0.0
20231218:1211,80.82,46.36,13.12,11.21,5.31,0.0
20231218:1311,45.15,30.59,11.84,11.36,5.45,0.0
20231218:1411,12.0,13.91,8.48,11.45,5.38,0.0
20231218:1511,0.0,2.78,3.33,11.5,5.17,0.0
20231218:1611,0.0,0.0,0.0,11.44,4.97,0.0
20231218:1711,0.0,0.0,0.0,11.37,4.9,0.0
20231218:1811,0.0,0.0,0.0,11.27,4.76,0.0
20231218:1911,0.0,0.0,0.0,11.58,4.55,0.0
20231218:2011,0.0,0.0,0.0,11.47,4.28,0.0
20231218:2111,0.0,0.0,0.0,11.31,3.72,0.0
20231218:2211,0.0,0.0,0.0,11.01,3.1,0.0
20231218:2311,0.0,0.0,0.0,10.59,2.55,0.0
20231219:0011,0.0,0.0,0.0,10.14,2.28,0.0
20231219:0111,0.0,0.0,0.0,9.98,1.93,0.0
20231219:0211,0.0,0.0,0.0,9.62,2.21,0.0
20231219:0311,0.0,0.0,0.0,9.26,3.03,0.0
20231219:0411,0.0,0.0,0.0,8.97,3.45,0.0
20231219:0511,0.0,0.0,0.0,8.69,3.59,0.0
20231219:0611,0.0,0.0,0.0,8.41,3.59,0.0
20231219:0711,0.0,0.0,0.0,8.71,3.03,0.0
20231219:0811,0.0,0.0,0.0,8.59,3.31,0.0
20231219:0911,0.0,3.71,4.3,8.32,3.86,0.0
20231219:1011,17.31,16.69,9.17,8.07,4.0,0.0
20231219:1111,24.54,20.4,12.18,7.68,3.93,0.0
20231219:1211,1384.89,549.78,13.1,7.61,4.34,0.0
20231219:1311,1140.21,449.49,11.83,7.58,4.83,0.0
20231219:1411,48.21,31.52,8.49,7.3,5.86,0.0
20231219:1511,0.0,4.64,3.36,6.94,5.93,0.0
20231219:1611,0.0,0.0,0.0,6.52,5.66,0.0
20231219:1711,0.0,0.0,0.0,6.44,5.66,0.0
20231219:1811,0.0,0.0,0.0,6.23,5.59,0.0
20231219:1911,0.0,0.0,0.0,6.63,6.21,0.0
20231219:2011,0.0,0.0,0.0,6.42,6.21,0.0
20231219:2111,0.0,0.0,0.0,6.34,6.41,0.0
20231219:2211,0.0,0.0,0.0,6.35,6.69,0.0
20231219:2311,0.0,0.0,0.0,6.46,6.62,0.0
20231220:0011,0.0,0.0,0.0,6.43,6.69,0.0
20231220:0111,0.0,0.0,0.0,6.78,6.62,0.0
20231220:0211,0.0,0.0,0.0,6.91,6.83,0.0
20231220:0311,0.0,0.0,0.0,7.34,7.17,0.0
20231220:0411,0.0,0.0,0.0,7.55,7.93,0.0
20231220:0511,0.0,0.0,0.0,7.12,6.9,0.0
20231220:0611,0.0,0.0,0.0,7.2,6.9,0.0
20231220:0711,0.0,0.0,0.0,7.67,6.9,0.0
20231220:0811,0.0,0.0,0.0,7.71,6.07,0.0
20231220:0911,200.61,93.57,4.24,8.04,6.41,0.0
20231220:1011,161.85,78.14,9.12,8.33,6.55,0.0
20231220:1111,88.56,49.14,12.15,8.67,6.97,0.0
20231220:1211,24.39,20.4,13.08,8.88,7.52,0.0
20231220:1311,77.55,44.5,11.83,8.81,7.93,0.0
20231220:1411,4.71,9.27,8.51,8.76,7.86,0.0
20231220:1511,0.0,2.78,3.39,8.8,7.59,0.0
20231220:1611,0.0,0.0,0.0,8.98,7.45,0.0
20231220:1711,0.0,0.0,0.0,9.2,7.24,0.0
20231220:1811,0.0,0.0,0.0,9.4,7.17,0.0
20231220:1911,0.0,0.0,0.0,9.83,6.97,0.0
20231220:2011,0.0,0.0,0.0,9.93,7.17,0.0
20231220:2111,0.0,0.0,0.0,9.96,7.59,0.0
20231220:2211,0.0,0.0,0.0,10.03,7.66,0.0
20231220:2311,0.0,0.0,0.0,10.08,7.72,0.0
20231221:0011,0.0,0.0,0.0,10.12,7.86,0.0
20231221:0111,0.0,0.0,0.0,10.06,8.28,0.0
20231221:0211,0.0,0.0,0.0,10.04,8.62,0.0
20231221:0311,0.0,0.0,0.0,10.11,9.17,0.0
20231221:0411,0.0,0.0,0.0,10.25,10.28,0.0
20231221:0511,0.0,0.0,0.0,10.46,10.9,0.0
20231221:0611,0.0,0.0,0.0,10.69,11.45,0.0
20231221:0711,0.0,0.0,0.0,10.9,11.38,0.0
20231221:0811,0.0,0.0,0.0,10.82,11.93,0.0
20231221:0911,376.11,161.28,4.18,10.34,11.79,0.0
20231221:1011,861.45,339.94,9.08,9.9,11.03,0.0
20231221:1111,22.5,19.47,12.12,9.5,11.31,0.0
20231221:1211,141.51,70.63,13.07,9.28,11.72,0.0
20231221:1311,1169.25,454.08,11.84,9.03,11.24,0.0
20231221:1411,461.52,190.15,8.53,8.89,11.17,0.0
20231221:1511,0.0,2.78,3.42,8.51,10.34,0.0
20231221:1611,0.0,0.0,0.0,8.22,9.86,0.0
20231221:1711,0.0,0.0,0.0,8.11,9.45,0.0
20231221:1811,0.0,0.0,0.0,7.97,9.45,0.0
20231221:1911,0.0,0.0,0.0,8.0,8.76,0.0
20231221:2011,0.0,0.0,0.0,7.75,8.28,0.0
20231221:2111,0.0,0.0,0.0,7.64,8.41,0.0
20231221:2211,0.0,0.0,0.0,7.77,8.41,0.0
20231221:2311,0.0,0.0,0.0,7.78,8.14,0.0
20231222:0011,0.0,0.0,0.0,7.84,7.86,0.0
20231222:0111,0.0,0.0,0.0,8.1,7.24,0.0
20231222:0211,0.0,0.0,0.0,8.41,7.52,0.0
20231222:0311,0.0,0.0,0.0,8.64,7.86,0.0
20231222:0411,0.0,0.0,0.0,8.77,8.21,0.0
20231222:0511,0.0,0.0,0.0,8.99,9.59,0.0
20231222:0611,0.0,0.0,0.0,8.83,9.86,0.0
20231222:0711,0.0,0.0,0.0,9.01,8.83,0.0
20231222:0811,0.0,0.0,0.0,8.96,9.03,0.0
20231222:0911,4.71,9.27,4.14,8.91,9.38,0.0
20231222:1011,24.39,20.4,9.04,8.84,9.66,0.0
20231222:1111,58.29,36.16,12.11,8.68,9.86,0.0
20231222:1211,43.86,29.67,13.07,8.59,10.62,0.0
20231222:1311,77.73,44.5,11.86,8.51,10.97,0.0
20231222:1411,22.62,19.47,8.56,8.61,10.0,0.0
20231222:1511,0.0,5.56,3.47,8.5,9.79,0.0
20231222:1611,0.0,0.0,0.0,8.42,8.97,0.0
20231222:1711,0.0,0.0,0.0,8.23,8.34,0.0
20231222:1811,0.0,0.0,0.0,8.12,7.24,0.0
20231222:1911,0.0,0.0,0.0,8.86,8.0,0.0
20231222:2011,0.0,0.0,0.0,8.98,7.59,0.0
20231222:2111,0.0,0.0,0.0,9.04,7.66,0.0
20231222:2211,0.0,0.0,0.0,8.97,7.72,0.0
20231222:2311,0.0,0.0,0.0,9.05,7.66,0.0
20231223:0011,0.0,0.0,0.0,9.28,8.21,0.0
20231223:0111,0.0,0.0,0.0,9.23,8.34,0.0
20231223:0211,0.0,0.0,0.0,9.1,8.34,0.0
20231223:0311,0.0,0.0,0.0,9.0,8.28,0.0
20231223:0411,0.0,0.0,0.0,8.76,8.07,0.0
20231223:0511,0.0,0.0,0.0,8.64,7.79,0.0
20231223:0611,0.0,0.0,0.0,8.73,7.59,0.0
20231223:0711,0.0,0.0,0.0,9.12,7.52,0.0
20231223:0811,0.0,0.0,0.0,9.0,7.24,0.0
20231223:0911,12.21,13.91,4.1,8.99,6.9,0.0
20231223:1011,146.67,72.46,9.02,9.07,6.62,0.0
20231223:1111,15.51,15.76,12.1,9.25,6.55,0.0
20231223:1211,15.45,15.76,13.08,9.58,6.48,0.0
20231223:1311,17.13,16.69,11.88,9.82,6.55,0.0
20231223:1411,9.0,12.05,8.6,9.98,6.48,0.0
20231223:1511,0.0,2.78,3.52,9.92,6.34,0.0
20231223:1611,0.0,0.0,0.0,9.56,6.14,0.0
20231223:1711,0.0,0.0,0.0,9.35,5.79,0.0
20231223:1811,0.0,0.0,0.0,9.25,5.86,0.0
20231223:1911,0.0,0.0,0.0,9.58,6.62,0.0
20231223:2011,0.0,0.0,0.0,10.05,6.41,0.0
20231223:2111,0.0,0.0,0.0,10.25,7.17,0.0
20231223:2211,0.0,0.0,0.0,10.39,7.45,0.0
20231223:2311,0.0,0.0,0.0,10.8,7.24,0.0
20231224:0011,0.0,0.0,0.0,11.17,6.9,0.0
20231224:0111,0.0,0.0,0.0,11.41,6.55,0.0
20231224:0211,0.0,0.0,0.0,11.59,6.55,0.0
20231224:0311,0.0,0.0,0.0,11.75,6.34,0.0
20231224:0411,0.0,0.0,0.0,11.88,6.14,0.0
20231224:0511,0.0,0.0,0.0,12.0,6.28,0.0
20231224:0611,0.0,0.0,0.0,12.24,6.76,0.0
20231224:0711,0.0,0.0,0.0,12.41,7.24,0.0
20231224:0811,0.0,0.0,0.0,12.42,7.45,0.0
20231224:0911,54.66,35.04,4.06,12.44,7.52,0.0
20231224:1011,31.26,24.1,9.0,12.55,7.86,0.0
20231224:1111,29.37,23.18,12.09,12.62,8.14,0.0
20231224:1211,97.8,53.77,13.09,12.65,8.34,0.0
20231224:1311,207.99,97.45,11.91,12.31,9.1,0.0
20231224:1411,33.33,25.03,8.65,11.67,8.83,0.0
20231224:1511,71.07,42.15,3.58,11.09,8.14,0.0
20231224:1611,0.0,0.0,0.0,10.57,7.93,0.0
20231224:1711,0.0,0.0,0.0,10.3,7.93,0.0
20231224:1811,0.0,0.0,0.0,10.09,7.86,0.0
20231224:1911,0.0,0.0,0.0,10.1,7.24,0.0
20231224:2011,0.0,0.0,0.0,10.05,7.24,0.0
20231224:2111,0.0,0.0,0.0,9.87,7.1,0.0
20231224:2211,0.0,0.0,0.0,9.56,6.97,0.0
20231224:2311,0.0,0.0,0.0,9.16,6.62,0.0
20231225:0011,0.0,0.0,0.0,9.16,6.34,0.0
20231225:0111,0.0,0.0,0.0,9.15,6.21,0.0
20231225:0211,0.0,0.0,0.0,9.05,5.86,0.0
20231225:0311,0.0,0.0,0.0,8.83,5.31,0.0
20231225:0411,0.0,0.0,0.0,8.93,5.24,0.0
20231225:0511,0.0,0.0,0.0,8.53,4.76,0.0
20231225:0611,0.0,0.0,0.0,8.63,4.76,0.0
20231225:0711,0.0,0.0,0.0,8.84,4.55,0.0
20231225:0811,0.0,0.0,0.0,8.96,4.69,0.0
20231225:0911,139.05,69.81,4.04,8.9,4.62,0.0
20231225:1011,522.51,214.78,8.99,9.07,4.69,0.0
20231225:1111,92.61,50.99,12.1,9.35,4.83,0.0
20231225:1211,83.64,47.28,13.12,9.69,5.17,0.0
20231225:1311,24.24,20.4,11.95,9.76,5.17,0.0
20231225:1411,26.1,21.32,8.7,9.74,5.1,0.0
20231225:1511,0.0,3.71,3.64,9.67,4.97,0.0
20231225:1611,0.0,0.0,0.0,9.49,5.03,0.0
20231225:1711,0.0,0.0,0.0,9.2,5.52,0.0
20231225:1811,0.0,0.0,0.0,8.83,6.0,0.0
20231225:1911,0.0,0.0,0.0,8.52,6.69,0.0
20231225:2011,0.0,0.0,0.0,8.05,6.62,0.0
20231225:2111,0.0,0.0,0.0,7.39,6.28,0.0
20231225:2211,0.0,0.0,0.0,7.0,6.21,0.0
20231225:2311,0.0,0.0,0.0,6.78,6.28,0.0
20231226:0011,0.0,0.0,0.0,6.89,6.28,0.0
20231226:0111,0.0,0.0,0.0,6.93,6.34,0.0
20231226:0211,0.0,0.0,0.0,7.12,6.69,0.0
20231226:0311,0.0,0.0,0.0,6.81,6.83,0.0
20231226:0411,0.0,0.0,0.0,6.8,7.38,0.0
20231226:0511,0.0,0.0,0.0,6.65,6.97,0.0
20231226:0611,0.0,0.0,0.0,6.21,5.86,0.0
20231226:0711,0.0,0.0,0.0,6.21,5.24,0.0
20231226:0811,0.0,0.0,0.0,5.56,4.48,0.0
20231226:0911,307.65,133.5,4.02,5.05,3.72,0.0
20231226:1011,667.14,266.72,8.98,5.39,2.9,0.0
20231226:1111,1437.42,581.79,12.11,6.29,1.79,0.0
20231226:1211,658.83,266.38,13.15,7.14,1.86,0.0
20231226:1311,327.09,141.13,12.0,7.5,2.41,0.0
20231226:1411,145.92,71.88,8.76,7.29,2.21,0.0
20231226:1511,4.8,9.27,3.71,6.79,1.66,0.0
20231226:1611,0.0,0.0,0.0,5.8,1.72,0.0
20231226:1711,0.0,0.0,0.0,4.96,1.79,0.0
20231226:1811,0.0,0.0,0.0,4.47,1.79,0.0
20231226:1911,0.0,0.0,0.0,4.34,1.79,0.0
20231226:2011,0.0,0.0,0.0,4.22,2.07,0.0
20231226:2111,0.0,0.0,0.0,4.43,2.48,0.0
20231226:2211,0.0,0.0,0.0,4.75,2.97,0.0
20231226:2311,0.0,0.0,0.0,4.99,3.66,0.0
20231227:0011,0.0,0.0,0.0,5.25,4.34,0.0
20231227:0111,0.0,0.0,0.0,5.28,4.69,0.0
20231227:0211,0.0,0.0,0.0,5.22,5.03,0.0
20231227:0311,0.0,0.0,0.0,4.95,5.59,0.0
20231227:0411,0.0,0.0,0.0,5.03,6.14,0.0
20231227:0511,0.0,0.0,0.0,5.53,6.48,0.0
20231227:0611,0.0,0.0,0.0,6.18,6.48,0.0
20231227:0711,0.0,0.0,0.0,6.82,6.69,0.0
20231227:0811,0.0,0.0,0.0,7.88,6.83,0.0
20231227:0911,2.13,7.42,4.01,9.16,7.31,0.0
20231227:1011,24.21,20.4,8.99,10.05,7.79,0.0
20231227:1111,49.41,32.45,12.13,10.7,8.28,0.0
20231227:1211,51.27,33.38,13.18,11.35,9.24,0.0
20231227:1311,37.2,26.89,12.05,11.63,9.79,0.0
20231227:1411,27.66,22.25,8.83,11.69,9.24,0.0
20231227:1511,3.3,8.34,3.79,11.47,8.21,0.0
20231227:1611,0.0,0.0,0.0,10.26,7.93,0.0
20231227:1711,0.0,0.0,0.0,9.18,7.45,0.0
20231227:1811,0.0,0.0,0.0,8.63,6.62,0.0
20231227:1911,0.0,0.0,0.0,7.3,6.62,0.0
20231227:2011,0.0,0.0,0.0,7.5,8.07,0.0
20231227:2111,0.0,0.0,0.0,7.59,8.28,0.0
20231227:2211,0.0,0.0,0.0,7.4,7.72,0.0
20231227:2311,0.0,0.0,0.0,7.18,8.9,0.0
20231228:0011,0.0,0.0,0.0,8.07,10.55,0.0
20231228:0111,0.0,0.0,0.0,8.12,9.17,0.0
20231228:0211,0.0,0.0,0.0,8.09,9.52,0.0
20231228:0311,0.0,0.0,0.0,8.29,9.1,0.0
20231228:0411,0.0,0.0,0.0,8.32,8.14,0.0
20231228:0511,0.0,0.0,0.0,8.19,6.97,0.0
20231228:0611,0.0,0.0,0.0,8.1,5.79,0.0
20231228:0711,0.0,0.0,0.0,8.21,5.17,0.0
20231228:0811,0.0,0.0,0.0,8.15,5.52,0.0
20231228:0911,0.0,3.71,4.01,8.31,6.28,0.0
20231228:1011,164.43,79.31,9.0,8.81,6.69,0.0
20231228:1111,183.06,86.85,12.16,9.32,7.45,0.0
20231228:1211,354.24,151.38,13.23,9.52,8.76,0.0
20231228:1311,60.03,37.08,12.11,9.8,9.24,0.0
20231228:1411,208.65,96.49,8.91,9.61,8.9,0.0
20231228:1511,13.86,14.83,3.88,8.72,8.34,0.0
20231228:1611,0.0,0.0,0.0,8.41,7.24,0.0
20231228:1711,0.0,0.0,0.0,8.03,6.97,0.0
20231228:1811,0.0,0.0,0.0,7.97,7.03,0.0
20231228:1911,0.0,0.0,0.0,8.02,7.24,0.0
20231228:2011,0.0,0.0,0.0,8.0,7.31,0.0
20231228:2111,0.0,0.0,0.0,7.8,7.31,0.0
20231228:2211,0.0,0.0,0.0,7.61,7.52,0.0
20231228:2311,0.0,0.0,0.0,7.47,7.59,0.0
20231229:0011,0.0,0.0,0.0,7.65,7.59,0.0
20231229:0111,0.0,0.0,0.0,7.36,7.38,0.0
20231229:0211,0.0,0.0,0.0,7.16,7.31,0.0
20231229:0311,0.0,0.0,0.0,6.92,7.31,0.0
20231229:0411,0.0,0.0,0.0,6.8,7.45,0.0
20231229:0511,0.0,0.0,0.0,6.76,7.52,0.0
20231229:0611,0.0,0.0,0.0,6.54,7.24,0.0
20231229:0711,0.0,0.0,0.0,6.77,7.1,0.0
20231229:0811,0.0,0.0,0.0,6.61,6.9,0.0
20231229:0911,439.89,183.64,4.01,6.34,6.34,0.0
20231229:1011,287.79,125.2,9.02,6.67,6.07,0.0
20231229:1111,187.14,87.75,12.2,7.15,6.07,0.0
20231229:1211,166.68,80.05,13.28,7.28,5.86,0.0
20231229:1311,100.5,53.77,12.18,7.09,6.14,0.0
20231229:1411,87.72,48.32,8.99,6.67,6.0,0.0
20231229:1511,182.7,86.15,3.97,6.14,5.59,0.0
20231229:1611,0.0,0.0,0.0,5.7,5.38,0.0
20231229:1711,0.0,0.0,0.0,5.22,5.24,0.0
20231229:1811,0.0,0.0,0.0,4.83,5.38,0.0
20231229:1911,0.0,0.0,0.0,5.02,5.03,0.0
20231229:2011,0.0,0.0,0.0,4.86,5.38,0.0
20231229:2111,0.0,0.0,0.0,4.95,5.66,0.0
20231229:2211,0.0,0.0,0.0,4.8,5.59,0.0
20231229:2311,0.0,0.0,0.0,4.59,5.17,0.0
20231230:0011,0.0,0.0,0.0,4.42,4.69,0.0
20231230:0111,0.0,0.0,0.0,4.2,4.14,0.0
20231230:0211,0.0,0.0,0.0,4.36,3.79,0.0
20231230:0311,0.0,0.0,0.0,3.99,2.97,0.0
20231230:0411,0.0,0.0,0.0,3.83,2.48,0.0
20231230:0511,0.0,0.0,0.0,3.53,2.07,0.0
20231230:0611,0.0,0.0,0.0,3.32,2.28,0.0
20231230:0711,0.0,0.0,0.0,3.55,2.9,0.0
20231230:0811,0.0,0.0,0.0,4.31,3.17,0.0
20231230:0911,10.92,12.98,4.02,4.69,4.21,0.0
20231230:1011,21.18,18.54,9.04,5.44,5.45,0.0
20231230:1111,44.28,29.67,12.24,6.54,5.79,0.0
20231230:1211,88.98,49.14,13.34,7.66,6.07,0.0
20231230:1311,93.12,50.99,12.26,8.4,6.48,0.0
20231230:1411,37.74,26.89,9.08,8.89,6.55,0.0
20231230:1511,10.59,12.98,4.07,9.2,6.41,0.0
20231230:1611,0.0,0.0,0.0,9.23,5.72,0.0
20231230:1711,0.0,0.0,0.0,9.18,5.1,0.0
20231230:1811,0.0,0.0,0.0,9.11,4.34,0.0
20231230:1911,0.0,0.0,0.0,9.5,6.0,0.0
20231230:2011,0.0,0.0,0.0,8.9,5.1,0.0
20231230:2111,0.0,0.0,0.0,8.08,4.48,0.0
20231230:2211,0.0,0.0,0.0,7.47,4.21,0.0
20231230:2311,0.0,0.0,0.0,7.1,4.14,0.0
20231231:0011,0.0,0.0,0.0,6.54,3.24,0.0
20231231:0111,0.0,0.0,0.0,6.11,2.55,0.0
20231231:0211,0.0,0.0,0.0,5.68,2.76,0.0
20231231:0311,0.0,0.0,0.0,5.31,2.83,0.0
20231231:0411,0.0,0.0,0.0,5.02,3.31,0.0
20231231:0511,0.0,0.0,0.0,4.72,4.21,0.0
20231231:0611,0.0,0.0,0.0,4.46,4.83,0.0
20231231:0711,0.0,0.0,0.0,4.59,4.0,0.0
20231231:0811,0.0,0.0,0.0,4.58,4.14,0.0
20231231:0911,0.0,4.64,4.04,4.6,4.48,0.0
20231231:1011,975.78,382.27,9.08,5.39,4.76,0.0
20231231:1111,237.84,106.71,12.29,6.28,4.83,0.0
20231231:1211,17.46,16.69,13.41,6.72,4.97,0.0
20231231:1311,305.58,132.3,12.34,7.02,5.03,0.0
20231231:1411,73.77,42.65,9.18,6.98,4.76,0.0
20231231:1511,139.35,69.29,4.18,6.58,5.1,0.0
20231231:1611,0.0,0.0,0.0,6.12,4.76,0.0
20231231:1711,0.0,0.0,0.0,5.87,4.76,0.0
20231231:1811,0.0,0.0,0.0,5.78,5.1,0.0
20231231:1911,0.0,0.0,0.0,6.04,5.66,0.0
20231231:2011,0.0,0.0,0.0,5.97,6.0,0.0
20231231:2111,0.0,0.0,0.0,5.92,6.34,0.0
20231231:2211,0.0,0.0,0.0,5.74,6.28,0.0
20231231:2311,0.0,0.0,0.0,5.73,6.41,0.0

P: PV system power (W)
G(i): Global irradiance on the inclined plane (plane of the array) (W/m2)
H_sun: Sun height (degree)
T2m: 2-m air temperature (degree Celsius)
WS10m: 10-m total wind speed (m/s)
Int: 1 means solar radiation values are reconstructed



PVGIS (c) European Union, 2001-2026