Latitude (decimal degrees):	50.373
Longitude (decimal degrees):	-4.143
Elevation (m):	15
Radiation database:	PVGIS-SARAH3


Slope: 35 deg. 
Azimuth: 0 deg. 
Nominal power of the PV system (c-Si) (kWp):	2.0
System losses (%):	14.0
time,P,G(i),H_sun,T2m,WS10m,Int
20230101:0010,0.0,0.0,0.0,10.98,11.31,0.0
20230101:0110,0.0,0.0,0.0,10.65,12.0,0.0
20230101:0210,0.0,0.0,0.0,10.23,11.79,0.0
20230101:0310,0.0,0.0,0.0,10.12,11.1,0.0
20230101:0410,0.0,0.0,0.0,10.49,10.41,0.0
20230101:0510,0.0,0.0,0.0,10.86,11.17,0.0
20230101:0610,0.0,0.0,0.0,11.04,11.93,0.0
20230101:0710,0.0,0.0,0.0,11.15,11.45,0.0
20230101:0810,0.0,0.0,0.0,11.2,10.69,0.0
20230101:0910,216.12,142.34,5.58,11.28,10.34,0.0
20230101:1010,232.72,150.69,11.26,11.36,8.55,0.0
20230101:1110,181.98,122.33,15.04,11.43,8.14,0.0
20230101:1210,124.76,89.44,16.59,11.28,8.97,0.0
20230101:1310,141.3,99.01,15.76,11.36,8.83,0.0
20230101:1410,80.64,62.96,12.62,11.26,7.66,0.0
20230101:1510,53.8,46.08,7.48,10.81,7.03,0.0
20230101:1610,0.0,0.0,0.0,10.08,6.76,0.0
20230101:1710,0.0,0.0,0.0,9.59,6.14,0.0
20230101:1810,0.0,0.0,0.0,9.22,5.45,0.0
20230101:1910,0.0,0.0,0.0,9.15,5.03,0.0
20230101:2010,0.0,0.0,0.0,9.26,5.45,0.0
20230101:2110,0.0,0.0,0.0,9.41,6.41,0.0
20230101:2210,0.0,0.0,0.0,9.82,6.48,0.0
20230101:2310,0.0,0.0,0.0,9.72,6.62,0.0
20230102:0010,0.0,0.0,0.0,9.52,6.9,0.0
20230102:0110,0.0,0.0,0.0,9.36,6.28,0.0
20230102:0210,0.0,0.0,0.0,9.04,5.59,0.0
20230102:0310,0.0,0.0,0.0,8.8,5.72,0.0
20230102:0410,0.0,0.0,0.0,8.36,5.38,0.0
20230102:0510,0.0,0.0,0.0,8.0,4.97,0.0
20230102:0610,0.0,0.0,0.0,7.64,4.41,0.0
20230102:0710,0.0,0.0,0.0,7.31,3.66,0.0
20230102:0810,0.0,0.0,0.0,7.13,3.17,0.0
20230102:0910,188.06,124.94,5.61,6.93,2.62,0.0
20230102:1010,703.08,421.9,11.31,7.47,2.62,0.0
20230102:1110,970.3,592.71,15.11,8.19,2.21,0.0
20230102:1210,1046.6,646.69,16.67,8.68,2.0,0.0
20230102:1310,935.58,576.54,15.86,8.89,1.52,0.0
20230102:1410,768.52,470.86,12.74,9.07,1.17,0.0
20230102:1510,386.94,241.48,7.6,9.0,0.76,0.0
20230102:1610,0.0,0.0,0.0,8.61,1.66,0.0
20230102:1710,0.0,0.0,0.0,8.2,2.07,0.0
20230102:1810,0.0,0.0,0.0,8.59,2.48,0.0
20230102:1910,0.0,0.0,0.0,8.68,2.83,0.0
20230102:2010,0.0,0.0,0.0,8.97,3.31,0.0
20230102:2110,0.0,0.0,0.0,9.1,3.86,0.0
20230102:2210,0.0,0.0,0.0,9.39,4.62,0.0
20230102:2310,0.0,0.0,0.0,9.6,5.59,0.0
20230103:0010,0.0,0.0,0.0,9.99,7.45,0.0
20230103:0110,0.0,0.0,0.0,9.93,7.86,0.0
20230103:0210,0.0,0.0,0.0,10.0,8.62,0.0
20230103:0310,0.0,0.0,0.0,10.21,8.97,0.0
20230103:0410,0.0,0.0,0.0,10.92,10.76,0.0
20230103:0510,0.0,0.0,0.0,11.03,11.93,0.0
20230103:0610,0.0,0.0,0.0,10.9,12.34,0.0
20230103:0710,0.0,0.0,0.0,11.1,11.45,0.0
20230103:0810,0.0,0.0,0.0,11.05,11.66,0.0
20230103:0910,11.34,16.69,5.65,11.29,12.34,0.0
20230103:1010,108.76,79.68,11.36,11.58,11.72,0.0
20230103:1110,82.02,63.97,15.18,11.83,11.72,0.0
20230103:1210,105.04,77.88,16.76,11.81,12.69,0.0
20230103:1310,95.8,72.31,15.96,11.83,13.72,0.0
20230103:1410,69.98,56.55,12.86,11.94,12.83,0.0
20230103:1510,15.96,20.4,7.73,12.12,11.86,0.0
20230103:1610,0.0,0.0,0.0,12.18,11.79,0.0
20230103:1710,0.0,0.0,0.0,12.28,12.62,0.0
20230103:1810,0.0,0.0,0.0,12.28,12.55,0.0
20230103:1910,0.0,0.0,0.0,12.26,12.28,0.0
20230103:2010,0.0,0.0,0.0,12.19,11.93,0.0
20230103:2110,0.0,0.0,0.0,12.12,11.79,0.0
20230103:2210,0.0,0.0,0.0,12.08,11.72,0.0
20230103:2310,0.0,0.0,0.0,12.08,11.59,0.0
20230104:0010,0.0,0.0,0.0,12.16,12.0,0.0
20230104:0110,0.0,0.0,0.0,12.33,12.28,0.0
20230104:0210,0.0,0.0,0.0,12.52,12.55,0.0
20230104:0310,0.0,0.0,0.0,12.6,12.34,0.0
20230104:0410,0.0,0.0,0.0,12.57,11.72,0.0
20230104:0510,0.0,0.0,0.0,12.65,11.45,0.0
20230104:0610,0.0,0.0,0.0,12.54,11.52,0.0
20230104:0710,0.0,0.0,0.0,12.44,11.59,0.0
20230104:0810,0.0,0.0,0.0,12.48,11.72,0.0
20230104:0910,28.82,29.78,5.69,12.43,11.38,0.0
20230104:1010,157.48,108.17,11.42,12.05,10.69,0.0
20230104:1110,209.5,138.11,15.26,12.04,10.14,0.0
20230104:1210,62.46,51.92,16.86,12.1,9.59,0.0
20230104:1310,238.94,154.86,16.08,12.11,9.79,0.0
20230104:1410,312.22,195.74,12.98,12.14,9.86,0.0
20230104:1510,286.62,182.0,7.86,12.0,9.72,0.0
20230104:1610,0.0,0.0,0.0,11.88,9.66,0.0
20230104:1710,0.0,0.0,0.0,11.76,9.66,0.0
20230104:1810,0.0,0.0,0.0,11.63,8.97,0.0
20230104:1910,0.0,0.0,0.0,11.52,8.48,0.0
20230104:2010,0.0,0.0,0.0,11.48,8.48,0.0
20230104:2110,0.0,0.0,0.0,11.42,8.21,0.0
20230104:2210,0.0,0.0,0.0,11.21,7.93,0.0
20230104:2310,0.0,0.0,0.0,11.08,7.52,0.0
20230105:0010,0.0,0.0,0.0,11.07,7.24,0.0
20230105:0110,0.0,0.0,0.0,11.21,7.17,0.0
20230105:0210,0.0,0.0,0.0,11.31,6.97,0.0
20230105:0310,0.0,0.0,0.0,11.31,7.45,0.0
20230105:0410,0.0,0.0,0.0,11.44,8.0,0.0
20230105:0510,0.0,0.0,0.0,11.61,7.59,0.0
20230105:0610,0.0,0.0,0.0,11.53,7.24,0.0
20230105:0710,0.0,0.0,0.0,11.36,7.38,0.0
20230105:0810,0.0,0.0,0.0,11.3,7.72,0.0
20230105:0910,5.94,12.05,5.74,11.39,8.0,0.0
20230105:1010,111.38,81.4,11.49,11.8,9.03,0.0
20230105:1110,246.78,159.1,15.34,11.87,9.24,0.0
20230105:1210,560.18,335.42,16.97,11.86,9.79,0.0
20230105:1310,224.92,146.83,16.2,11.92,10.14,0.0
20230105:1410,69.98,56.55,13.12,11.77,10.07,0.0
20230105:1510,46.82,41.76,8.0,11.7,10.48,0.0
20230105:1610,0.0,0.0,0.0,11.64,10.62,0.0
20230105:1710,0.0,0.0,0.0,11.69,10.76,0.0
20230105:1810,0.0,0.0,0.0,11.77,11.03,0.0
20230105:1910,0.0,0.0,0.0,11.74,11.72,0.0
20230105:2010,0.0,0.0,0.0,11.67,11.93,0.0
20230105:2110,0.0,0.0,0.0,11.77,12.62,0.0
20230105:2210,0.0,0.0,0.0,11.47,12.21,0.0
20230105:2310,0.0,0.0,0.0,10.96,9.03,0.0
20230106:0010,0.0,0.0,0.0,10.39,7.45,0.0
20230106:0110,0.0,0.0,0.0,9.91,6.97,0.0
20230106:0210,0.0,0.0,0.0,9.71,6.07,0.0
20230106:0310,0.0,0.0,0.0,9.67,5.59,0.0
20230106:0410,0.0,0.0,0.0,9.65,5.24,0.0
20230106:0510,0.0,0.0,0.0,9.65,4.97,0.0
20230106:0610,0.0,0.0,0.0,9.67,4.69,0.0
20230106:0710,0.0,0.0,0.0,9.74,4.83,0.0
20230106:0810,0.0,0.0,0.0,10.02,5.79,0.0
20230106:0910,33.32,32.67,5.79,10.34,6.69,0.0
20230106:1010,253.72,162.57,11.56,10.73,6.07,0.0
20230106:1110,150.38,104.28,15.44,11.08,6.55,0.0
20230106:1210,177.42,119.94,17.08,11.27,7.66,0.0
20230106:1310,220.12,144.19,16.33,11.62,8.34,0.0
20230106:1410,145.9,101.51,13.26,11.55,9.03,0.0
20230106:1510,6.94,12.98,8.15,11.83,10.28,0.0
20230106:1610,0.0,0.0,0.0,12.03,10.83,0.0
20230106:1710,0.0,0.0,0.0,11.99,11.03,0.0
20230106:1810,0.0,0.0,0.0,12.09,11.59,0.0
20230106:1910,0.0,0.0,0.0,12.19,12.34,0.0
20230106:2010,0.0,0.0,0.0,12.22,12.69,0.0
20230106:2110,0.0,0.0,0.0,12.19,13.03,0.0
20230106:2210,0.0,0.0,0.0,12.11,12.83,0.0
20230106:2310,0.0,0.0,0.0,12.09,12.9,0.0
20230107:0010,0.0,0.0,0.0,12.06,13.59,0.0
20230107:0110,0.0,0.0,0.0,11.96,14.48,0.0
20230107:0210,0.0,0.0,0.0,11.85,14.83,0.0
20230107:0310,0.0,0.0,0.0,11.85,14.69,0.0
20230107:0410,0.0,0.0,0.0,11.81,14.55,0.0
20230107:0510,0.0,0.0,0.0,11.77,14.28,0.0
20230107:0610,0.0,0.0,0.0,11.66,12.69,0.0
20230107:0710,0.0,0.0,0.0,11.69,10.9,0.0
20230107:0810,0.0,0.0,0.0,11.18,10.07,0.0
20230107:0910,165.28,112.85,5.85,10.79,10.34,0.0
20230107:1010,36.98,35.23,11.64,11.08,8.41,0.0
20230107:1110,869.6,514.02,15.54,11.06,9.38,0.0
20230107:1210,69.08,55.63,17.2,10.13,10.34,0.0
20230107:1310,237.46,152.51,16.46,9.9,11.31,0.0
20230107:1410,353.72,215.55,13.4,9.03,12.76,0.0
20230107:1510,50.18,43.48,8.3,9.09,12.41,0.0
20230107:1610,0.0,0.0,0.0,9.5,11.93,0.0
20230107:1710,0.0,0.0,0.0,9.92,12.07,0.0
20230107:1810,0.0,0.0,0.0,10.25,12.69,0.0
20230107:1910,0.0,0.0,0.0,9.9,12.9,0.0
20230107:2010,0.0,0.0,0.0,9.63,12.21,0.0
20230107:2110,0.0,0.0,0.0,9.65,11.79,0.0
20230107:2210,0.0,0.0,0.0,9.39,10.34,0.0
20230107:2310,0.0,0.0,0.0,9.11,11.59,0.0
20230108:0010,0.0,0.0,0.0,8.97,12.28,0.0
20230108:0110,0.0,0.0,0.0,8.9,11.86,0.0
20230108:0210,0.0,0.0,0.0,8.77,10.9,0.0
20230108:0310,0.0,0.0,0.0,8.78,9.45,0.0
20230108:0410,0.0,0.0,0.0,8.66,8.9,0.0
20230108:0510,0.0,0.0,0.0,8.64,9.38,0.0
20230108:0610,0.0,0.0,0.0,8.76,9.86,0.0
20230108:0710,0.0,0.0,0.0,8.91,11.93,0.0
20230108:0810,0.0,0.0,0.0,8.71,11.45,0.0
20230108:0910,0.0,5.56,5.92,8.64,12.14,0.0
20230108:1010,296.38,184.24,11.73,8.86,10.55,0.0
20230108:1110,210.36,136.71,15.65,8.68,10.97,0.0
20230108:1210,36.16,34.3,17.33,8.24,10.41,0.0
20230108:1310,645.02,376.98,16.61,8.07,10.48,0.0
20230108:1410,271.72,170.4,13.56,8.53,10.41,0.0
20230108:1510,508.6,303.8,8.46,8.79,10.0,0.0
20230108:1610,0.0,2.78,1.72,9.1,10.55,0.0
20230108:1710,0.0,0.0,0.0,9.3,11.24,0.0
20230108:1810,0.0,0.0,0.0,9.02,12.55,0.0
20230108:1910,0.0,0.0,0.0,9.39,12.69,0.0
20230108:2010,0.0,0.0,0.0,9.35,13.59,0.0
20230108:2110,0.0,0.0,0.0,8.98,13.45,0.0
20230108:2210,0.0,0.0,0.0,8.89,10.14,0.0
20230108:2310,0.0,0.0,0.0,8.64,11.38,0.0
20230109:0010,0.0,0.0,0.0,8.68,10.9,0.0
20230109:0110,0.0,0.0,0.0,8.42,11.17,0.0
20230109:0210,0.0,0.0,0.0,7.88,11.93,0.0
20230109:0310,0.0,0.0,0.0,7.93,11.79,0.0
20230109:0410,0.0,0.0,0.0,8.34,11.86,0.0
20230109:0510,0.0,0.0,0.0,8.67,12.41,0.0
20230109:0610,0.0,0.0,0.0,8.77,12.69,0.0
20230109:0710,0.0,0.0,0.0,8.79,12.62,0.0
20230109:0810,0.0,0.0,0.0,8.64,12.21,0.0
20230109:0910,227.24,146.78,6.0,8.27,11.72,0.0
20230109:1010,198.26,129.34,11.83,8.17,11.45,0.0
20230109:1110,22.6,25.03,15.76,8.66,11.52,0.0
20230109:1210,735.4,428.12,17.46,8.58,11.72,0.0
20230109:1310,949.9,552.65,16.76,9.0,11.79,0.0
20230109:1410,626.18,366.81,13.72,9.01,12.41,0.0
20230109:1510,590.08,349.33,8.63,8.98,11.59,0.0
20230109:1610,0.0,2.78,1.89,8.85,9.93,0.0
20230109:1710,0.0,0.0,0.0,8.72,9.31,0.0
20230109:1810,0.0,0.0,0.0,8.76,9.31,0.0
20230109:1910,0.0,0.0,0.0,8.86,8.62,0.0
20230109:2010,0.0,0.0,0.0,8.92,7.93,0.0
20230109:2110,0.0,0.0,0.0,8.93,7.17,0.0
20230109:2210,0.0,0.0,0.0,8.83,5.72,0.0
20230109:2310,0.0,0.0,0.0,8.99,5.1,0.0
20230110:0010,0.0,0.0,0.0,9.27,5.66,0.0
20230110:0110,0.0,0.0,0.0,9.42,7.59,0.0
20230110:0210,0.0,0.0,0.0,9.43,6.76,0.0
20230110:0310,0.0,0.0,0.0,9.49,7.31,0.0
20230110:0410,0.0,0.0,0.0,9.79,10.21,0.0
20230110:0510,0.0,0.0,0.0,10.76,10.83,0.0
20230110:0610,0.0,0.0,0.0,11.53,9.86,0.0
20230110:0710,0.0,0.0,0.0,11.84,10.9,0.0
20230110:0810,0.0,0.0,0.0,11.87,11.45,0.0
20230110:0910,29.82,30.44,6.08,12.1,12.0,0.0
20230110:1010,88.12,67.64,11.93,12.26,11.79,0.0
20230110:1110,59.5,50.06,15.89,12.33,11.79,0.0
20230110:1210,98.54,74.17,17.6,12.45,12.21,0.0
20230110:1310,97.0,73.24,16.91,12.49,12.69,0.0
20230110:1410,46.5,41.72,13.88,12.52,12.97,0.0
20230110:1510,29.94,30.59,8.8,12.6,13.03,0.0
20230110:1610,0.0,0.93,2.06,12.68,13.59,0.0
20230110:1710,0.0,0.0,0.0,12.76,13.72,0.0
20230110:1810,0.0,0.0,0.0,12.54,14.0,0.0
20230110:1910,0.0,0.0,0.0,12.26,11.38,0.0
20230110:2010,0.0,0.0,0.0,11.5,10.07,0.0
20230110:2110,0.0,0.0,0.0,10.94,9.66,0.0
20230110:2210,0.0,0.0,0.0,10.64,8.62,0.0
20230110:2310,0.0,0.0,0.0,10.44,8.9,0.0
20230111:0010,0.0,0.0,0.0,10.24,8.34,0.0
20230111:0110,0.0,0.0,0.0,10.02,9.03,0.0
20230111:0210,0.0,0.0,0.0,9.88,9.31,0.0
20230111:0310,0.0,0.0,0.0,9.78,9.59,0.0
20230111:0410,0.0,0.0,0.0,9.67,9.72,0.0
20230111:0510,0.0,0.0,0.0,9.49,9.45,0.0
20230111:0610,0.0,0.0,0.0,9.48,9.31,0.0
20230111:0710,0.0,0.0,0.0,9.58,10.07,0.0
20230111:0810,0.0,0.0,0.0,9.68,10.76,0.0
20230111:0910,211.42,138.84,6.17,9.92,11.1,0.0
20230111:1010,349.6,214.37,12.04,9.95,12.21,0.0
20230111:1110,358.34,219.3,16.02,10.17,13.24,0.0
20230111:1210,558.94,330.62,17.75,10.17,13.24,0.0
20230111:1310,106.02,77.88,17.08,9.97,13.24,0.0
20230111:1410,113.2,81.91,14.06,9.94,13.86,0.0
20230111:1510,129.5,91.31,8.98,10.36,13.72,0.0
20230111:1610,0.0,3.71,2.24,10.66,12.48,0.0
20230111:1710,0.0,0.0,0.0,10.82,11.72,0.0
20230111:1810,0.0,0.0,0.0,10.98,11.38,0.0
20230111:1910,0.0,0.0,0.0,10.91,12.41,0.0
20230111:2010,0.0,0.0,0.0,10.86,13.72,0.0
20230111:2110,0.0,0.0,0.0,11.09,14.48,0.0
20230111:2210,0.0,0.0,0.0,11.42,13.72,0.0
20230111:2310,0.0,0.0,0.0,11.68,14.76,0.0
20230112:0010,0.0,0.0,0.0,11.85,14.97,0.0
20230112:0110,0.0,0.0,0.0,11.92,14.9,0.0
20230112:0210,0.0,0.0,0.0,11.88,14.9,0.0
20230112:0310,0.0,0.0,0.0,11.86,14.62,0.0
20230112:0410,0.0,0.0,0.0,11.78,14.28,0.0
20230112:0510,0.0,0.0,0.0,11.72,13.66,0.0
20230112:0610,0.0,0.0,0.0,11.66,13.38,0.0
20230112:0710,0.0,0.0,0.0,11.72,13.1,0.0
20230112:0810,0.0,0.0,0.0,11.79,13.52,0.0
20230112:0910,2.2,8.34,6.27,11.75,13.66,0.0
20230112:1010,48.1,42.65,12.16,11.84,13.45,0.0
20230112:1110,45.28,40.79,16.15,11.74,13.1,0.0
20230112:1210,56.84,48.21,17.91,11.53,13.31,0.0
20230112:1310,175.46,118.64,17.25,11.6,12.69,0.0
20230112:1410,142.72,99.61,14.23,11.55,12.28,0.0
20230112:1510,142.98,99.35,9.16,10.99,12.14,0.0
20230112:1610,0.0,3.71,2.42,10.34,11.38,0.0
20230112:1710,0.0,0.0,0.0,10.1,10.83,0.0
20230112:1810,0.0,0.0,0.0,9.98,11.17,0.0
20230112:1910,0.0,0.0,0.0,9.98,11.45,0.0
20230112:2010,0.0,0.0,0.0,9.95,12.28,0.0
20230112:2110,0.0,0.0,0.0,10.03,11.93,0.0
20230112:2210,0.0,0.0,0.0,9.54,11.93,0.0
20230112:2310,0.0,0.0,0.0,9.37,12.07,0.0
20230113:0010,0.0,0.0,0.0,9.28,12.14,0.0
20230113:0110,0.0,0.0,0.0,9.37,12.69,0.0
20230113:0210,0.0,0.0,0.0,9.25,12.97,0.0
20230113:0310,0.0,0.0,0.0,9.18,13.38,0.0
20230113:0410,0.0,0.0,0.0,9.25,12.07,0.0
20230113:0510,0.0,0.0,0.0,9.21,11.45,0.0
20230113:0610,0.0,0.0,0.0,9.33,11.31,0.0
20230113:0710,0.0,0.0,0.0,9.35,11.03,0.0
20230113:0810,0.0,0.0,0.0,9.4,10.62,0.0
20230113:0910,81.84,63.26,6.38,9.54,10.76,0.0
20230113:1010,518.94,309.0,12.28,9.48,10.0,0.0
20230113:1110,1111.66,655.8,16.3,9.7,9.72,0.0
20230113:1210,606.84,359.29,18.07,9.87,9.59,0.0
20230113:1310,790.22,464.37,17.42,9.83,9.66,0.0
20230113:1410,289.44,181.47,14.42,9.82,9.24,0.0
20230113:1510,139.82,97.31,9.35,9.92,8.41,0.0
20230113:1610,12.06,17.52,2.61,9.93,7.1,0.0
20230113:1710,0.0,0.0,0.0,9.85,6.48,0.0
20230113:1810,0.0,0.0,0.0,9.87,6.97,0.0
20230113:1910,0.0,0.0,0.0,9.99,7.03,0.0
20230113:2010,0.0,0.0,0.0,10.2,8.34,0.0
20230113:2110,0.0,0.0,0.0,10.46,9.24,0.0
20230113:2210,0.0,0.0,0.0,10.5,8.62,0.0
20230113:2310,0.0,0.0,0.0,10.68,10.14,0.0
20230114:0010,0.0,0.0,0.0,10.83,12.69,0.0
20230114:0110,0.0,0.0,0.0,11.07,13.45,0.0
20230114:0210,0.0,0.0,0.0,11.06,13.86,0.0
20230114:0310,0.0,0.0,0.0,11.15,14.48,0.0
20230114:0410,0.0,0.0,0.0,11.43,14.83,0.0
20230114:0510,0.0,0.0,0.0,11.72,14.41,0.0
20230114:0610,0.0,0.0,0.0,11.86,14.76,0.0
20230114:0710,0.0,0.0,0.0,11.96,14.48,0.0
20230114:0810,0.0,0.0,0.0,11.95,13.86,0.0
20230114:0910,61.32,51.11,6.49,11.9,11.79,0.0
20230114:1010,234.52,151.55,12.41,11.1,9.59,0.0
20230114:1110,100.98,75.1,16.45,10.38,9.24,0.0
20230114:1210,231.24,149.62,18.24,10.08,9.45,0.0
20230114:1310,169.16,114.31,17.61,9.69,10.34,0.0
20230114:1410,140.96,97.76,14.61,9.13,10.83,0.0
20230114:1510,71.0,56.43,9.54,8.96,10.21,0.0
20230114:1610,1.44,7.42,2.8,8.56,9.86,0.0
20230114:1710,0.0,0.0,0.0,8.2,9.79,0.0
20230114:1810,0.0,0.0,0.0,7.98,9.72,0.0
20230114:1910,0.0,0.0,0.0,7.67,9.52,0.0
20230114:2010,0.0,0.0,0.0,7.46,10.14,0.0
20230114:2110,0.0,0.0,0.0,7.39,10.9,0.0
20230114:2210,0.0,0.0,0.0,6.98,10.41,0.0
20230114:2310,0.0,0.0,0.0,6.44,11.52,0.0
20230115:0010,0.0,0.0,0.0,6.64,11.66,0.0
20230115:0110,0.0,0.0,0.0,6.93,11.52,0.0
20230115:0210,0.0,0.0,0.0,7.3,12.62,0.0
20230115:0310,0.0,0.0,0.0,7.34,13.03,0.0
20230115:0410,0.0,0.0,0.0,6.87,13.1,0.0
20230115:0510,0.0,0.0,0.0,6.66,13.17,0.0
20230115:0610,0.0,0.0,0.0,7.24,12.41,0.0
20230115:0710,0.0,0.0,0.0,7.52,11.72,0.0
20230115:0810,0.0,0.0,0.0,7.05,12.76,0.0
20230115:0910,487.84,291.28,6.61,6.64,12.28,0.0
20230115:1010,903.02,521.32,12.55,7.02,12.21,0.0
20230115:1110,418.2,249.23,16.61,7.03,12.69,0.0
20230115:1210,82.32,63.04,18.42,7.35,11.59,0.0
20230115:1310,733.32,425.93,17.8,7.78,11.24,0.0
20230115:1410,555.8,327.27,14.81,8.12,10.34,0.0
20230115:1510,446.06,267.38,9.74,8.0,9.86,0.0
20230115:1610,14.62,19.33,3.0,7.8,9.17,0.0
20230115:1710,0.0,0.0,0.0,7.65,8.07,0.0
20230115:1810,0.0,0.0,0.0,7.28,6.34,0.0
20230115:1910,0.0,0.0,0.0,7.19,5.93,0.0
20230115:2010,0.0,0.0,0.0,6.95,6.76,0.0
20230115:2110,0.0,0.0,0.0,6.57,6.97,0.0
20230115:2210,0.0,0.0,0.0,6.89,4.34,0.0
20230115:2310,0.0,0.0,0.0,5.89,6.21,0.0
20230116:0010,0.0,0.0,0.0,4.99,10.21,0.0
20230116:0110,0.0,0.0,0.0,4.56,11.59,0.0
20230116:0210,0.0,0.0,0.0,4.83,13.59,0.0
20230116:0310,0.0,0.0,0.0,6.02,12.41,0.0
20230116:0410,0.0,0.0,0.0,6.45,12.14,0.0
20230116:0510,0.0,0.0,0.0,6.43,11.45,0.0
20230116:0610,0.0,0.0,0.0,6.44,10.55,0.0
20230116:0710,0.0,0.0,0.0,6.51,9.93,0.0
20230116:0810,0.0,0.0,0.0,6.31,9.45,0.0
20230116:0910,480.56,287.95,6.73,6.19,8.97,0.0
20230116:1010,776.04,452.1,12.7,6.28,7.79,0.0
20230116:1110,388.64,233.91,16.77,6.46,8.0,0.0
20230116:1210,935.22,545.15,18.6,6.46,7.66,0.0
20230116:1310,412.0,247.36,17.99,6.5,7.03,0.0
20230116:1410,388.86,234.61,15.01,6.39,6.0,0.0
20230116:1510,678.74,401.58,9.94,6.27,5.1,0.0
20230116:1610,16.74,20.78,3.2,5.88,3.86,0.0
20230116:1710,0.0,0.0,0.0,5.64,3.1,0.0
20230116:1810,0.0,0.0,0.0,5.07,2.41,0.0
20230116:1910,0.0,0.0,0.0,4.72,1.86,0.0
20230116:2010,0.0,0.0,0.0,4.34,2.14,0.0
20230116:2110,0.0,0.0,0.0,4.27,2.69,0.0
20230116:2210,0.0,0.0,0.0,4.44,4.48,0.0
20230116:2310,0.0,0.0,0.0,4.5,5.24,0.0
20230117:0010,0.0,0.0,0.0,4.46,6.14,0.0
20230117:0110,0.0,0.0,0.0,4.39,6.62,0.0
20230117:0210,0.0,0.0,0.0,4.44,6.97,0.0
20230117:0310,0.0,0.0,0.0,4.41,7.24,0.0
20230117:0410,0.0,0.0,0.0,4.22,7.66,0.0
20230117:0510,0.0,0.0,0.0,3.93,8.34,0.0
20230117:0610,0.0,0.0,0.0,3.43,8.83,0.0
20230117:0710,0.0,0.0,0.0,3.16,8.83,0.0
20230117:0810,0.0,0.0,0.0,2.8,8.28,0.0
20230117:0910,67.48,53.1,6.86,2.67,7.93,0.0
20230117:1010,548.1,317.19,12.85,2.76,8.0,0.0
20230117:1110,1025.32,591.03,16.95,3.3,7.31,0.0
20230117:1210,1217.28,712.28,18.79,3.84,6.62,0.0
20230117:1310,1135.12,664.7,18.19,4.35,6.21,0.0
20230117:1410,1038.7,607.15,15.22,4.8,6.21,0.0
20230117:1510,704.44,411.96,10.15,5.0,6.48,0.0
20230117:1610,29.22,29.72,3.4,5.05,6.41,0.0
20230117:1710,0.0,0.0,0.0,4.67,6.21,0.0
20230117:1810,0.0,0.0,0.0,4.3,6.0,0.0
20230117:1910,0.0,0.0,0.0,4.15,5.66,0.0
20230117:2010,0.0,0.0,0.0,4.13,5.38,0.0
20230117:2110,0.0,0.0,0.0,4.28,5.66,0.0
20230117:2210,0.0,0.0,0.0,4.41,5.79,0.0
20230117:2310,0.0,0.0,0.0,4.5,6.55,0.0
20230118:0010,0.0,0.0,0.0,4.38,7.03,0.0
20230118:0110,0.0,0.0,0.0,4.41,7.24,0.0
20230118:0210,0.0,0.0,0.0,4.53,7.66,0.0
20230118:0310,0.0,0.0,0.0,4.67,8.14,0.0
20230118:0410,0.0,0.0,0.0,4.76,8.21,0.0
20230118:0510,0.0,0.0,0.0,4.7,7.72,0.0
20230118:0610,0.0,0.0,0.0,4.66,7.52,0.0
20230118:0710,0.0,0.0,0.0,4.72,7.86,0.0
20230118:0810,0.0,0.0,0.0,4.85,9.17,0.0
20230118:0910,12.98,17.62,7.0,4.76,10.07,0.0
20230118:1010,712.34,412.54,13.01,5.62,9.24,0.0
20230118:1110,1115.26,644.66,17.13,5.85,10.21,0.0
20230118:1210,52.44,44.5,18.99,6.18,11.45,0.0
20230118:1310,1153.82,667.57,18.4,6.34,10.9,0.0
20230118:1410,921.1,530.78,15.43,6.27,10.83,0.0
20230118:1510,132.56,91.74,10.36,6.3,10.48,0.0
20230118:1610,2.32,8.34,3.61,6.31,10.07,0.0
20230118:1710,0.0,0.0,0.0,5.91,10.0,0.0
20230118:1810,0.0,0.0,0.0,5.82,10.14,0.0
20230118:1910,0.0,0.0,0.0,5.75,9.66,0.0
20230118:2010,0.0,0.0,0.0,5.63,9.24,0.0
20230118:2110,0.0,0.0,0.0,5.53,8.62,0.0
20230118:2210,0.0,0.0,0.0,5.57,7.03,0.0
20230118:2310,0.0,0.0,0.0,5.41,7.1,0.0
20230119:0010,0.0,0.0,0.0,5.19,6.83,0.0
20230119:0110,0.0,0.0,0.0,4.99,6.62,0.0
20230119:0210,0.0,0.0,0.0,4.9,5.66,0.0
20230119:0310,0.0,0.0,0.0,4.73,4.62,0.0
20230119:0410,0.0,0.0,0.0,4.79,3.45,0.0
20230119:0510,0.0,0.0,0.0,4.99,1.93,0.0
20230119:0610,0.0,0.0,0.0,5.04,1.31,0.0
20230119:0710,0.0,0.0,0.0,5.07,0.69,0.0
20230119:0810,0.0,0.0,0.0,4.92,0.34,0.0
20230119:0910,88.06,66.13,7.14,4.6,0.48,0.0
20230119:1010,889.64,540.52,13.17,4.95,0.97,0.0
20230119:1110,957.64,580.33,17.31,5.49,1.66,0.0
20230119:1210,1194.42,726.63,19.19,5.94,3.24,0.0
20230119:1310,699.46,412.54,18.62,6.31,4.55,0.0
20230119:1410,503.84,300.02,15.65,6.58,4.83,0.0
20230119:1510,587.54,349.19,10.58,6.63,4.9,0.0
20230119:1610,29.8,30.21,3.83,6.45,4.9,0.0
20230119:1710,0.0,0.0,0.0,5.76,5.03,0.0
20230119:1810,0.0,0.0,0.0,5.23,5.24,0.0
20230119:1910,0.0,0.0,0.0,4.91,5.03,0.0
20230119:2010,0.0,0.0,0.0,4.57,4.41,0.0
20230119:2110,0.0,0.0,0.0,4.33,4.0,0.0
20230119:2210,0.0,0.0,0.0,4.57,3.38,0.0
20230119:2310,0.0,0.0,0.0,4.68,3.1,0.0
20230120:0010,0.0,0.0,0.0,4.85,3.66,0.0
20230120:0110,0.0,0.0,0.0,4.61,4.21,0.0
20230120:0210,0.0,0.0,0.0,4.9,4.48,0.0
20230120:0310,0.0,0.0,0.0,5.03,4.48,0.0
20230120:0410,0.0,0.0,0.0,5.05,4.14,0.0
20230120:0510,0.0,0.0,0.0,5.0,4.0,0.0
20230120:0610,0.0,0.0,0.0,5.31,3.45,0.0
20230120:0710,0.0,0.0,0.0,5.7,2.97,0.0
20230120:0810,0.0,0.0,0.0,5.99,2.48,0.0
20230120:0910,43.62,38.93,7.3,5.74,2.0,0.0
20230120:1010,141.88,97.81,13.34,5.79,0.76,0.0
20230120:1110,209.04,136.72,17.5,6.35,0.62,0.0
20230120:1210,1117.62,704.77,19.4,7.04,0.69,0.0
20230120:1310,788.74,480.12,18.84,7.41,1.1,0.0
20230120:1410,988.98,610.9,15.88,7.72,1.31,0.0
20230120:1510,496.36,302.9,10.81,7.75,1.31,0.0
20230120:1610,41.06,38.01,4.05,7.49,1.38,0.0
20230120:1710,0.0,0.0,0.0,6.86,1.17,0.0
20230120:1810,0.0,0.0,0.0,6.54,1.66,0.0
20230120:1910,0.0,0.0,0.0,6.29,2.34,0.0
20230120:2010,0.0,0.0,0.0,5.97,2.9,0.0
20230120:2110,0.0,0.0,0.0,5.73,3.31,0.0
20230120:2210,0.0,0.0,0.0,6.23,4.34,0.0
20230120:2310,0.0,0.0,0.0,5.92,4.41,0.0
20230121:0010,0.0,0.0,0.0,5.65,4.28,0.0
20230121:0110,0.0,0.0,0.0,5.53,4.21,0.0
20230121:0210,0.0,0.0,0.0,5.32,4.34,0.0
20230121:0310,0.0,0.0,0.0,4.89,4.62,0.0
20230121:0410,0.0,0.0,0.0,4.63,4.55,0.0
20230121:0510,0.0,0.0,0.0,4.55,4.28,0.0
20230121:0610,0.0,0.0,0.0,4.3,4.28,0.0
20230121:0710,0.0,0.0,0.0,4.23,4.62,0.0
20230121:0810,0.0,0.0,0.0,4.32,4.83,0.0
20230121:0910,412.4,249.46,7.45,4.73,5.24,0.0
20230121:1010,846.5,496.62,13.52,5.33,5.17,0.0
20230121:1110,1096.3,649.97,17.7,6.01,5.31,0.0
20230121:1210,1210.14,725.25,19.62,6.71,5.31,0.0
20230121:1310,1213.6,729.82,19.07,7.21,5.24,0.0
20230121:1410,1005.92,598.33,16.11,7.37,5.17,0.0
20230121:1510,743.62,441.84,11.03,7.34,5.03,0.0
20230121:1610,22.12,24.73,4.27,7.2,4.83,0.0
20230121:1710,0.0,0.0,0.0,7.03,4.69,0.0
20230121:1810,0.0,0.0,0.0,6.9,5.1,0.0
20230121:1910,0.0,0.0,0.0,6.7,5.59,0.0
20230121:2010,0.0,0.0,0.0,6.68,5.52,0.0
20230121:2110,0.0,0.0,0.0,6.64,5.52,0.0
20230121:2210,0.0,0.0,0.0,6.47,5.66,0.0
20230121:2310,0.0,0.0,0.0,6.56,6.21,0.0
20230122:0010,0.0,0.0,0.0,6.58,6.9,0.0
20230122:0110,0.0,0.0,0.0,6.56,6.14,0.0
20230122:0210,0.0,0.0,0.0,6.63,5.17,0.0
20230122:0310,0.0,0.0,0.0,6.57,5.52,0.0
20230122:0410,0.0,0.0,0.0,6.47,5.72,0.0
20230122:0510,0.0,0.0,0.0,6.3,5.38,0.0
20230122:0610,0.0,0.0,0.0,6.43,5.59,0.0
20230122:0710,0.0,0.0,0.0,6.46,5.66,0.0
20230122:0810,0.0,0.0,0.0,6.46,5.52,0.0
20230122:0910,69.78,55.36,7.62,6.64,5.59,0.0
20230122:1010,533.34,316.74,13.71,6.92,5.59,0.0
20230122:1110,593.96,351.82,17.91,7.2,5.31,0.0
20230122:1210,204.52,133.93,19.84,7.48,5.03,0.0
20230122:1310,383.16,233.64,19.3,7.65,5.17,0.0
20230122:1410,86.58,65.82,16.34,7.63,5.1,0.0
20230122:1510,221.0,142.73,11.27,7.69,4.97,0.0
20230122:1610,106.04,78.67,4.5,7.73,4.83,0.0
20230122:1710,0.0,0.0,0.0,7.78,4.48,0.0
20230122:1810,0.0,0.0,0.0,7.68,4.34,0.0
20230122:1910,0.0,0.0,0.0,7.66,4.28,0.0
20230122:2010,0.0,0.0,0.0,7.65,4.41,0.0
20230122:2110,0.0,0.0,0.0,7.56,4.62,0.0
20230122:2210,0.0,0.0,0.0,7.1,5.45,0.0
20230122:2310,0.0,0.0,0.0,7.04,4.9,0.0
20230123:0010,0.0,0.0,0.0,7.0,4.55,0.0
20230123:0110,0.0,0.0,0.0,6.84,4.48,0.0
20230123:0210,0.0,0.0,0.0,6.77,4.34,0.0
20230123:0310,0.0,0.0,0.0,6.54,4.07,0.0
20230123:0410,0.0,0.0,0.0,6.4,4.0,0.0
20230123:0510,0.0,0.0,0.0,6.39,3.79,0.0
20230123:0610,0.0,0.0,0.0,6.39,3.45,0.0
20230123:0710,0.0,0.0,0.0,6.37,3.1,0.0
20230123:0810,0.0,0.0,0.0,6.42,3.17,0.0
20230123:0910,505.42,307.18,7.79,6.57,3.1,0.0
20230123:1010,610.6,365.38,13.9,6.72,2.55,0.0
20230123:1110,324.94,201.75,18.12,7.13,2.62,0.0
20230123:1210,974.14,590.05,20.07,7.38,2.69,0.0
20230123:1310,1083.26,663.12,19.54,7.52,2.55,0.0
20230123:1410,770.54,462.87,16.58,7.57,2.55,0.0
20230123:1510,730.86,439.2,11.5,7.45,2.97,0.0
20230123:1610,236.9,155.97,4.73,7.3,3.31,0.0
20230123:1710,0.0,0.0,0.0,6.26,3.72,0.0
20230123:1810,0.0,0.0,0.0,5.88,3.59,0.0
20230123:1910,0.0,0.0,0.0,5.67,3.72,0.0
20230123:2010,0.0,0.0,0.0,5.25,3.79,0.0
20230123:2110,0.0,0.0,0.0,4.9,4.0,0.0
20230123:2210,0.0,0.0,0.0,4.45,4.21,0.0
20230123:2310,0.0,0.0,0.0,4.35,4.14,0.0
20230124:0010,0.0,0.0,0.0,4.16,4.07,0.0
20230124:0110,0.0,0.0,0.0,4.05,4.28,0.0
20230124:0210,0.0,0.0,0.0,4.03,4.28,0.0
20230124:0310,0.0,0.0,0.0,4.01,4.28,0.0
20230124:0410,0.0,0.0,0.0,3.86,4.28,0.0
20230124:0510,0.0,0.0,0.0,3.77,4.28,0.0
20230124:0610,0.0,0.0,0.0,3.47,4.07,0.0
20230124:0710,0.0,0.0,0.0,3.38,4.0,0.0
20230124:0810,0.0,0.0,0.0,3.32,4.07,0.0
20230124:0910,342.14,209.24,7.97,3.6,4.07,0.0
20230124:1010,915.24,537.71,14.1,4.16,4.34,0.0
20230124:1110,1120.56,666.89,18.34,5.06,4.41,0.0
20230124:1210,1205.6,724.84,20.3,5.71,4.34,0.0
20230124:1310,1219.52,736.51,19.78,6.11,4.21,0.0
20230124:1410,1018.18,607.3,16.83,6.27,4.14,0.0
20230124:1510,745.96,444.02,11.75,6.4,3.72,0.0
20230124:1610,154.62,106.9,4.96,6.12,3.31,0.0
20230124:1710,0.0,0.0,0.0,5.82,3.17,0.0
20230124:1810,0.0,0.0,0.0,5.04,3.17,0.0
20230124:1910,0.0,0.0,0.0,4.68,3.24,0.0
20230124:2010,0.0,0.0,0.0,4.54,3.24,0.0
20230124:2110,0.0,0.0,0.0,4.49,3.1,0.0
20230124:2210,0.0,0.0,0.0,4.33,2.97,0.0
20230124:2310,0.0,0.0,0.0,4.14,2.9,0.0
20230125:0010,0.0,0.0,0.0,4.09,2.76,0.0
20230125:0110,0.0,0.0,0.0,3.95,2.9,0.0
20230125:0210,0.0,0.0,0.0,4.0,2.76,0.0
20230125:0310,0.0,0.0,0.0,4.06,2.69,0.0
20230125:0410,0.0,0.0,0.0,4.17,2.41,0.0
20230125:0510,0.0,0.0,0.0,4.23,2.34,0.0
20230125:0610,0.0,0.0,0.0,4.3,2.28,0.0
20230125:0710,0.0,0.0,0.0,4.38,2.21,0.0
20230125:0810,0.0,0.0,0.0,4.56,2.55,0.0
20230125:0910,48.94,42.18,8.15,4.82,2.21,0.0
20230125:1010,136.52,94.4,14.3,5.26,1.93,0.0
20230125:1110,192.42,126.68,18.56,5.7,1.93,0.0
20230125:1210,215.76,140.08,20.54,6.54,3.66,0.0
20230125:1310,69.94,55.63,20.03,7.18,4.9,0.0
20230125:1410,125.96,89.14,17.08,7.95,5.66,0.0
20230125:1510,73.56,58.07,11.99,8.63,6.14,0.0
20230125:1610,13.82,18.54,5.2,9.04,6.41,0.0
20230125:1710,0.0,0.0,0.0,9.01,6.34,0.0
20230125:1810,0.0,0.0,0.0,8.94,6.48,0.0
20230125:1910,0.0,0.0,0.0,8.9,6.69,0.0
20230125:2010,0.0,0.0,0.0,8.88,6.69,0.0
20230125:2110,0.0,0.0,0.0,8.58,7.79,0.0
20230125:2210,0.0,0.0,0.0,7.99,8.34,0.0
20230125:2310,0.0,0.0,0.0,7.32,8.34,0.0
20230126:0010,0.0,0.0,0.0,6.91,8.0,0.0
20230126:0110,0.0,0.0,0.0,6.75,8.34,0.0
20230126:0210,0.0,0.0,0.0,6.71,8.34,0.0
20230126:0310,0.0,0.0,0.0,6.59,8.07,0.0
20230126:0410,0.0,0.0,0.0,6.37,7.79,0.0
20230126:0510,0.0,0.0,0.0,6.12,7.52,0.0
20230126:0610,0.0,0.0,0.0,5.83,7.03,0.0
20230126:0710,0.0,0.0,0.0,5.58,6.97,0.0
20230126:0810,0.0,0.0,0.0,5.36,6.9,0.0
20230126:0910,409.92,247.89,8.34,5.43,6.62,0.0
20230126:1010,455.38,271.38,14.51,6.09,6.34,0.0
20230126:1110,1095.7,647.57,18.79,6.63,6.28,0.0
20230126:1210,1219.64,727.55,20.79,7.17,6.34,0.0
20230126:1310,497.22,296.76,20.28,7.64,6.69,0.0
20230126:1410,106.86,77.88,17.33,7.85,7.59,0.0
20230126:1510,125.6,88.57,12.24,7.91,7.31,0.0
20230126:1610,38.96,36.29,5.44,7.67,7.17,0.0
20230126:1710,0.0,0.0,0.0,7.24,7.1,0.0
20230126:1810,0.0,0.0,0.0,7.14,6.41,0.0
20230126:1910,0.0,0.0,0.0,7.03,6.07,0.0
20230126:2010,0.0,0.0,0.0,6.81,6.14,0.0
20230126:2110,0.0,0.0,0.0,6.5,5.93,0.0
20230126:2210,0.0,0.0,0.0,6.32,5.79,0.0
20230126:2310,0.0,0.0,0.0,6.18,6.28,0.0
20230127:0010,0.0,0.0,0.0,5.91,6.0,0.0
20230127:0110,0.0,0.0,0.0,5.49,5.45,0.0
20230127:0210,0.0,0.0,0.0,5.17,5.24,0.0
20230127:0310,0.0,0.0,0.0,4.83,5.31,0.0
20230127:0410,0.0,0.0,0.0,4.64,5.24,0.0
20230127:0510,0.0,0.0,0.0,4.41,5.17,0.0
20230127:0610,0.0,0.0,0.0,4.35,5.17,0.0
20230127:0710,0.0,0.0,0.0,4.44,5.24,0.0
20230127:0810,0.0,0.0,0.0,4.55,5.31,0.0
20230127:0910,56.22,46.68,8.54,4.88,5.72,0.0
20230127:1010,153.84,103.81,14.73,5.15,5.93,0.0
20230127:1110,212.06,136.76,19.03,5.36,6.21,0.0
20230127:1210,114.24,81.59,21.04,5.66,5.93,0.0
20230127:1310,101.5,74.17,20.54,5.79,5.79,0.0
20230127:1410,87.32,65.82,17.59,6.03,6.0,0.0
20230127:1510,147.96,100.82,12.5,6.21,5.79,0.0
20230127:1610,109.14,79.56,5.69,6.21,5.38,0.0
20230127:1710,0.0,0.0,0.0,6.19,4.83,0.0
20230127:1810,0.0,0.0,0.0,5.94,4.69,0.0
20230127:1910,0.0,0.0,0.0,5.72,4.62,0.0
20230127:2010,0.0,0.0,0.0,5.55,4.69,0.0
20230127:2110,0.0,0.0,0.0,5.33,4.62,0.0
20230127:2210,0.0,0.0,0.0,5.13,4.76,0.0
20230127:2310,0.0,0.0,0.0,5.04,4.55,0.0
20230128:0010,0.0,0.0,0.0,4.6,4.48,0.0
20230128:0110,0.0,0.0,0.0,4.59,4.21,0.0
20230128:0210,0.0,0.0,0.0,4.57,4.0,0.0
20230128:0310,0.0,0.0,0.0,4.49,4.34,0.0
20230128:0410,0.0,0.0,0.0,4.57,4.41,0.0
20230128:0510,0.0,0.0,0.0,4.74,4.0,0.0
20230128:0610,0.0,0.0,0.0,4.84,3.52,0.0
20230128:0710,0.0,0.0,0.0,4.76,3.66,0.0
20230128:0810,0.0,0.0,0.0,4.76,3.31,0.0
20230128:0910,68.58,54.33,8.74,4.88,2.9,0.0
20230128:1010,175.66,116.52,14.95,4.89,2.14,0.0
20230128:1110,405.48,246.57,19.27,5.31,1.52,0.0
20230128:1210,229.36,148.01,21.3,5.63,1.1,0.0
20230128:1310,132.68,92.71,20.81,5.92,2.14,0.0
20230128:1410,80.78,62.12,17.86,6.33,2.55,0.0
20230128:1510,86.14,65.36,12.75,6.68,2.76,0.0
20230128:1610,29.7,29.92,5.94,6.83,2.76,0.0
20230128:1710,0.0,0.0,0.0,6.88,2.62,0.0
20230128:1810,0.0,0.0,0.0,6.78,2.34,0.0
20230128:1910,0.0,0.0,0.0,6.73,1.86,0.0
20230128:2010,0.0,0.0,0.0,6.91,1.86,0.0
20230128:2110,0.0,0.0,0.0,6.87,2.34,0.0
20230128:2210,0.0,0.0,0.0,6.54,1.93,0.0
20230128:2310,0.0,0.0,0.0,6.67,1.38,0.0
20230129:0010,0.0,0.0,0.0,6.57,1.93,0.0
20230129:0110,0.0,0.0,0.0,6.59,2.62,0.0
20230129:0210,0.0,0.0,0.0,6.82,3.1,0.0
20230129:0310,0.0,0.0,0.0,7.04,3.24,0.0
20230129:0410,0.0,0.0,0.0,7.34,3.52,0.0
20230129:0510,0.0,0.0,0.0,7.59,3.86,0.0
20230129:0610,0.0,0.0,0.0,7.81,4.21,0.0
20230129:0710,0.0,0.0,0.0,7.94,4.34,0.0
20230129:0810,0.0,0.0,0.0,8.02,4.34,0.0
20230129:0910,26.56,27.81,8.95,8.22,4.69,0.0
20230129:1010,136.64,95.35,15.18,8.35,5.93,0.0
20230129:1110,216.28,141.05,19.52,8.78,6.34,0.0
20230129:1210,206.72,135.87,21.56,9.13,7.59,0.0
20230129:1310,338.44,209.52,21.08,9.34,7.93,0.0
20230129:1410,219.32,142.85,18.13,9.37,7.24,0.0
20230129:1510,317.44,197.63,13.02,9.32,6.76,0.0
20230129:1610,18.7,22.25,6.19,9.09,5.79,0.0
20230129:1710,0.0,0.0,0.0,8.84,5.38,0.0
20230129:1810,0.0,0.0,0.0,8.55,5.31,0.0
20230129:1910,0.0,0.0,0.0,8.42,5.59,0.0
20230129:2010,0.0,0.0,0.0,8.45,6.0,0.0
20230129:2110,0.0,0.0,0.0,8.58,6.41,0.0
20230129:2210,0.0,0.0,0.0,8.96,7.03,0.0
20230129:2310,0.0,0.0,0.0,9.03,6.62,0.0
20230130:0010,0.0,0.0,0.0,8.95,6.55,0.0
20230130:0110,0.0,0.0,0.0,9.03,6.76,0.0
20230130:0210,0.0,0.0,0.0,9.37,6.76,0.0
20230130:0310,0.0,0.0,0.0,9.67,6.62,0.0
20230130:0410,0.0,0.0,0.0,9.75,6.83,0.0
20230130:0510,0.0,0.0,0.0,9.45,6.21,0.0
20230130:0610,0.0,0.0,0.0,8.79,5.59,0.0
20230130:0710,0.0,0.0,0.0,8.1,5.72,0.0
20230130:0810,0.0,0.0,0.0,7.46,5.79,0.0
20230130:0910,43.34,38.94,9.16,7.36,5.17,0.0
20230130:1010,816.44,486.76,15.41,7.72,4.21,0.0
20230130:1110,721.42,430.65,19.78,7.95,3.79,0.0
20230130:1210,329.22,204.89,21.83,8.38,4.48,0.0
20230130:1310,935.2,559.49,21.35,8.69,4.9,0.0
20230130:1410,538.78,323.15,18.4,8.82,5.1,0.0
20230130:1510,696.76,415.98,13.28,8.92,5.31,0.0
20230130:1610,260.72,169.08,6.44,8.79,5.24,0.0
20230130:1710,0.0,0.0,0.0,8.44,4.76,0.0
20230130:1810,0.0,0.0,0.0,7.99,4.07,0.0
20230130:1910,0.0,0.0,0.0,7.64,3.24,0.0
20230130:2010,0.0,0.0,0.0,7.24,2.9,0.0
20230130:2110,0.0,0.0,0.0,6.95,2.83,0.0
20230130:2210,0.0,0.0,0.0,7.09,3.59,0.0
20230130:2310,0.0,0.0,0.0,7.28,4.21,0.0
20230131:0010,0.0,0.0,0.0,7.55,4.9,0.0
20230131:0110,0.0,0.0,0.0,7.6,5.72,0.0
20230131:0210,0.0,0.0,0.0,7.84,6.28,0.0
20230131:0310,0.0,0.0,0.0,8.03,6.48,0.0
20230131:0410,0.0,0.0,0.0,8.27,6.55,0.0
20230131:0510,0.0,0.0,0.0,8.45,6.62,0.0
20230131:0610,0.0,0.0,0.0,8.62,6.69,0.0
20230131:0710,0.0,0.0,0.0,8.82,6.76,0.0
20230131:0810,0.0,0.87,1.68,9.03,6.62,0.0
20230131:0910,70.88,56.6,9.38,9.41,6.69,0.0
20230131:1010,84.24,64.9,15.66,9.76,6.97,0.0
20230131:1110,253.96,163.05,20.04,10.3,7.66,0.0
20230131:1210,99.28,74.17,22.11,10.54,7.79,0.0
20230131:1310,291.62,184.43,21.63,10.41,7.79,0.0
20230131:1410,544.12,325.69,18.68,10.08,7.79,0.0
20230131:1510,393.56,240.26,13.55,9.56,7.79,0.0
20230131:1610,75.88,59.97,6.7,9.27,7.03,0.0
20230131:1710,0.0,0.0,0.0,8.86,6.55,0.0
20230131:1810,0.0,0.0,0.0,8.53,5.93,0.0
20230131:1910,0.0,0.0,0.0,8.31,5.79,0.0
20230131:2010,0.0,0.0,0.0,8.11,6.0,0.0
20230131:2110,0.0,0.0,0.0,7.97,6.0,0.0
20230131:2210,0.0,0.0,0.0,8.09,6.21,0.0
20230131:2310,0.0,0.0,0.0,8.12,6.76,0.0
20230201:0010,0.0,0.0,0.0,8.01,6.9,0.0
20230201:0110,0.0,0.0,0.0,8.11,6.83,0.0
20230201:0210,0.0,0.0,0.0,8.18,6.76,0.0
20230201:0310,0.0,0.0,0.0,8.27,6.83,0.0
20230201:0410,0.0,0.0,0.0,8.33,6.83,0.0
20230201:0510,0.0,0.0,0.0,8.33,6.76,0.0
20230201:0610,0.0,0.0,0.0,8.3,6.76,0.0
20230201:0710,0.0,0.0,0.0,8.4,6.97,0.0
20230201:0810,0.0,2.62,1.89,8.31,7.17,0.0
20230201:0910,376.7,231.86,9.61,8.6,7.24,0.0
20230201:1010,257.58,163.78,15.9,8.93,7.38,0.0
20230201:1110,107.6,78.8,20.3,9.45,7.72,0.0
20230201:1210,79.68,62.12,22.38,9.93,9.17,0.0
20230201:1310,140.42,98.27,21.92,10.1,9.24,0.0
20230201:1410,57.22,48.21,18.96,10.03,8.76,0.0
20230201:1510,89.32,67.92,13.82,9.97,8.55,0.0
20230201:1610,23.74,25.96,6.96,9.78,8.0,0.0
20230201:1710,0.0,0.0,0.0,9.56,7.45,0.0
20230201:1810,0.0,0.0,0.0,9.35,7.1,0.0
20230201:1910,0.0,0.0,0.0,9.24,6.76,0.0
20230201:2010,0.0,0.0,0.0,9.09,6.55,0.0
20230201:2110,0.0,0.0,0.0,9.06,6.41,0.0
20230201:2210,0.0,0.0,0.0,9.24,6.21,0.0
20230201:2310,0.0,0.0,0.0,9.09,5.93,0.0
20230202:0010,0.0,0.0,0.0,9.12,6.0,0.0
20230202:0110,0.0,0.0,0.0,9.17,6.34,0.0
20230202:0210,0.0,0.0,0.0,9.23,6.69,0.0
20230202:0310,0.0,0.0,0.0,9.24,6.9,0.0
20230202:0410,0.0,0.0,0.0,9.28,6.83,0.0
20230202:0510,0.0,0.0,0.0,9.32,6.48,0.0
20230202:0610,0.0,0.0,0.0,9.35,6.41,0.0
20230202:0710,0.0,0.0,0.0,9.4,6.34,0.0
20230202:0810,0.0,0.93,2.11,9.39,6.34,0.0
20230202:0910,66.0,53.63,9.84,9.49,6.48,0.0
20230202:1010,173.14,116.76,16.15,9.69,7.38,0.0
20230202:1110,234.94,152.3,20.57,10.09,7.52,0.0
20230202:1210,166.9,113.77,22.67,10.34,8.0,0.0
20230202:1310,105.52,77.88,22.21,10.51,8.41,0.0
20230202:1410,146.38,101.88,19.25,10.5,8.48,0.0
20230202:1510,92.06,69.73,14.1,10.53,8.48,0.0
20230202:1610,149.54,104.46,7.22,10.43,8.0,0.0
20230202:1710,0.0,0.0,0.0,10.18,7.38,0.0
20230202:1810,0.0,0.0,0.0,9.93,7.31,0.0
20230202:1910,0.0,0.0,0.0,9.82,7.79,0.0
20230202:2010,0.0,0.0,0.0,9.77,7.79,0.0
20230202:2110,0.0,0.0,0.0,9.6,7.38,0.0
20230202:2210,0.0,0.0,0.0,9.84,7.03,0.0
20230202:2310,0.0,0.0,0.0,9.89,6.76,0.0
20230203:0010,0.0,0.0,0.0,9.88,7.03,0.0
20230203:0110,0.0,0.0,0.0,9.9,6.76,0.0
20230203:0210,0.0,0.0,0.0,9.83,6.62,0.0
20230203:0310,0.0,0.0,0.0,9.71,6.69,0.0
20230203:0410,0.0,0.0,0.0,9.63,6.55,0.0
20230203:0510,0.0,0.0,0.0,9.59,6.48,0.0
20230203:0610,0.0,0.0,0.0,9.57,6.34,0.0
20230203:0710,0.0,0.0,0.0,9.57,6.0,0.0
20230203:0810,0.0,1.85,2.32,9.44,5.66,0.0
20230203:0910,76.08,59.86,10.08,9.53,5.72,0.0
20230203:1010,580.34,347.27,16.41,9.86,6.62,0.0
20230203:1110,218.0,142.92,20.85,10.19,6.76,0.0
20230203:1210,437.14,266.89,22.96,10.52,6.76,0.0
20230203:1310,311.26,196.09,22.5,10.61,6.41,0.0
20230203:1410,274.2,174.9,19.53,10.67,6.48,0.0
20230203:1510,230.94,149.99,14.38,10.61,6.83,0.0
20230203:1610,187.46,126.78,7.49,10.42,6.34,0.0
20230203:1710,0.0,0.0,0.0,10.22,6.34,0.0
20230203:1810,0.0,0.0,0.0,9.9,6.41,0.0
20230203:1910,0.0,0.0,0.0,9.67,6.21,0.0
20230203:2010,0.0,0.0,0.0,9.38,5.52,0.0
20230203:2110,0.0,0.0,0.0,8.93,4.83,0.0
20230203:2210,0.0,0.0,0.0,8.68,4.0,0.0
20230203:2310,0.0,0.0,0.0,8.66,3.93,0.0
20230204:0010,0.0,0.0,0.0,8.51,3.86,0.0
20230204:0110,0.0,0.0,0.0,8.43,3.59,0.0
20230204:0210,0.0,0.0,0.0,8.2,3.59,0.0
20230204:0310,0.0,0.0,0.0,8.35,3.66,0.0
20230204:0410,0.0,0.0,0.0,8.41,3.45,0.0
20230204:0510,0.0,0.0,0.0,8.44,3.03,0.0
20230204:0610,0.0,0.0,0.0,8.5,3.24,0.0
20230204:0710,0.0,0.0,0.0,8.55,3.59,0.0
20230204:0810,0.0,1.85,2.55,8.55,3.59,0.0
20230204:0910,23.88,25.96,10.32,8.58,3.72,0.0
20230204:1010,44.4,39.87,16.67,8.77,3.52,0.0
20230204:1110,70.8,56.55,21.13,8.95,4.55,0.0
20230204:1210,81.34,63.04,23.25,9.2,5.52,0.0
20230204:1310,87.38,66.75,22.8,9.43,6.0,0.0
20230204:1410,67.66,54.7,19.83,9.57,6.21,0.0
20230204:1510,73.62,58.41,14.66,9.64,5.86,0.0
20230204:1610,33.1,32.45,7.76,9.61,5.45,0.0
20230204:1710,0.0,0.0,0.0,9.54,4.97,0.0
20230204:1810,0.0,0.0,0.0,9.37,4.48,0.0
20230204:1910,0.0,0.0,0.0,9.37,4.34,0.0
20230204:2010,0.0,0.0,0.0,9.13,3.93,0.0
20230204:2110,0.0,0.0,0.0,8.95,3.45,0.0
20230204:2210,0.0,0.0,0.0,9.02,3.17,0.0
20230204:2310,0.0,0.0,0.0,8.94,2.9,0.0
20230205:0010,0.0,0.0,0.0,9.06,3.1,0.0
20230205:0110,0.0,0.0,0.0,8.96,3.66,0.0
20230205:0210,0.0,0.0,0.0,8.96,3.72,0.0
20230205:0310,0.0,0.0,0.0,8.77,3.72,0.0
20230205:0410,0.0,0.0,0.0,8.44,3.86,0.0
20230205:0510,0.0,0.0,0.0,8.22,4.55,0.0
20230205:0610,0.0,0.0,0.0,8.09,5.72,0.0
20230205:0710,0.0,0.0,0.0,7.53,6.41,0.0
20230205:0810,1.46,7.42,2.78,6.67,6.76,0.0
20230205:0910,493.16,295.01,10.57,6.31,7.38,0.0
20230205:1010,926.12,543.78,16.94,6.71,6.69,0.0
20230205:1110,1138.54,674.8,21.42,7.09,6.62,0.0
20230205:1210,1221.12,731.57,23.55,7.47,6.07,0.0
20230205:1310,1056.16,630.7,23.1,7.72,5.38,0.0
20230205:1410,1089.52,654.27,20.12,7.91,4.9,0.0
20230205:1510,697.2,416.41,14.94,7.99,4.21,0.0
20230205:1610,399.36,249.19,8.03,7.86,3.24,0.0
20230205:1710,0.0,0.0,0.0,7.12,2.76,0.0
20230205:1810,0.0,0.0,0.0,6.56,3.79,0.0
20230205:1910,0.0,0.0,0.0,6.52,4.69,0.0
20230205:2010,0.0,0.0,0.0,6.45,4.9,0.0
20230205:2110,0.0,0.0,0.0,6.33,4.83,0.0
20230205:2210,0.0,0.0,0.0,5.88,4.69,0.0
20230205:2310,0.0,0.0,0.0,5.75,4.48,0.0
20230206:0010,0.0,0.0,0.0,5.82,4.76,0.0
20230206:0110,0.0,0.0,0.0,5.94,4.69,0.0
20230206:0210,0.0,0.0,0.0,6.22,5.1,0.0
20230206:0310,0.0,0.0,0.0,6.31,5.45,0.0
20230206:0410,0.0,0.0,0.0,6.39,5.59,0.0
20230206:0510,0.0,0.0,0.0,6.46,5.93,0.0
20230206:0610,0.0,0.0,0.0,6.53,6.0,0.0
20230206:0710,0.0,0.0,0.0,6.57,5.79,0.0
20230206:0810,13.34,18.55,3.02,6.58,5.38,0.0
20230206:0910,138.3,95.75,10.82,6.72,5.45,0.0
20230206:1010,528.04,315.39,17.22,7.38,4.97,0.0
20230206:1110,840.04,498.75,21.71,7.95,5.24,0.0
20230206:1210,1291.1,786.24,23.86,8.43,5.31,0.0
20230206:1310,1327.2,810.11,23.41,8.59,5.45,0.0
20230206:1410,1142.42,689.23,20.42,8.65,5.24,0.0
20230206:1510,895.52,537.17,15.23,8.56,4.62,0.0
20230206:1610,412.88,256.72,8.3,8.48,4.48,0.0
20230206:1710,0.0,0.0,0.0,8.07,4.55,0.0
20230206:1810,0.0,0.0,0.0,7.41,4.55,0.0
20230206:1910,0.0,0.0,0.0,6.95,4.07,0.0
20230206:2010,0.0,0.0,0.0,6.66,3.17,0.0
20230206:2110,0.0,0.0,0.0,6.49,3.17,0.0
20230206:2210,0.0,0.0,0.0,6.07,3.24,0.0
20230206:2310,0.0,0.0,0.0,5.79,3.38,0.0
20230207:0010,0.0,0.0,0.0,5.64,3.66,0.0
20230207:0110,0.0,0.0,0.0,5.59,3.66,0.0
20230207:0210,0.0,0.0,0.0,5.34,4.21,0.0
20230207:0310,0.0,0.0,0.0,5.15,4.21,0.0
20230207:0410,0.0,0.0,0.0,5.11,4.48,0.0
20230207:0510,0.0,0.0,0.0,4.96,4.62,0.0
20230207:0610,0.0,0.0,0.0,4.97,4.48,0.0
20230207:0710,0.0,0.0,0.0,5.04,4.41,0.0
20230207:0810,12.94,18.09,3.26,4.87,4.14,0.0
20230207:0910,584.04,348.76,11.08,5.1,3.93,0.0
20230207:1010,993.18,593.91,17.5,5.61,3.45,0.0
20230207:1110,1184.14,720.37,22.01,6.67,3.59,0.0
20230207:1210,1267.96,778.54,24.17,7.53,3.86,0.0
20230207:1310,1194.02,729.45,23.72,8.18,4.07,0.0
20230207:1410,1098.48,663.5,20.73,8.31,4.55,0.0
20230207:1510,922.56,552.7,15.52,8.1,4.62,0.0
20230207:1610,446.0,275.24,8.58,7.77,4.34,0.0
20230207:1710,0.0,0.0,0.0,6.86,4.76,0.0
20230207:1810,0.0,0.0,0.0,6.27,5.03,0.0
20230207:1910,0.0,0.0,0.0,6.11,5.45,0.0
20230207:2010,0.0,0.0,0.0,5.94,5.59,0.0
20230207:2110,0.0,0.0,0.0,5.83,5.38,0.0
20230207:2210,0.0,0.0,0.0,5.75,4.83,0.0
20230207:2310,0.0,0.0,0.0,5.57,4.48,0.0
20230208:0010,0.0,0.0,0.0,5.51,4.07,0.0
20230208:0110,0.0,0.0,0.0,5.44,3.79,0.0
20230208:0210,0.0,0.0,0.0,5.34,3.79,0.0
20230208:0310,0.0,0.0,0.0,5.31,3.86,0.0
20230208:0410,0.0,0.0,0.0,5.31,3.72,0.0
20230208:0510,0.0,0.0,0.0,5.25,3.72,0.0
20230208:0610,0.0,0.0,0.0,5.16,3.66,0.0
20230208:0710,0.0,0.0,0.0,5.07,3.59,0.0
20230208:0810,13.7,18.65,3.5,5.04,3.17,0.0
20230208:0910,565.0,341.93,11.35,5.75,1.93,0.0
20230208:1010,952.2,581.82,17.78,6.32,1.45,0.0
20230208:1110,1144.36,710.81,22.31,6.98,1.79,0.0
20230208:1210,1038.44,634.87,24.48,7.57,2.55,0.0
20230208:1310,1304.26,810.65,24.04,7.9,3.31,0.0
20230208:1410,1068.44,648.63,21.04,8.03,3.59,0.0
20230208:1510,157.82,107.68,15.81,8.07,3.66,0.0
20230208:1610,76.52,59.93,8.85,7.99,4.0,0.0
20230208:1710,0.0,0.0,0.0,7.95,4.48,0.0
20230208:1810,0.0,0.0,0.0,7.87,4.55,0.0
20230208:1910,0.0,0.0,0.0,7.76,4.97,0.0
20230208:2010,0.0,0.0,0.0,7.65,5.31,0.0
20230208:2110,0.0,0.0,0.0,7.74,4.41,0.0
20230208:2210,0.0,0.0,0.0,7.68,3.24,0.0
20230208:2310,0.0,0.0,0.0,7.47,3.31,0.0
20230209:0010,0.0,0.0,0.0,7.45,3.72,0.0
20230209:0110,0.0,0.0,0.0,7.41,4.0,0.0
20230209:0210,0.0,0.0,0.0,7.44,3.79,0.0
20230209:0310,0.0,0.0,0.0,7.74,4.0,0.0
20230209:0410,0.0,0.0,0.0,8.03,4.28,0.0
20230209:0510,0.0,0.0,0.0,8.29,4.21,0.0
20230209:0610,0.0,0.0,0.0,8.64,4.28,0.0
20230209:0710,0.0,0.0,0.0,8.74,3.93,0.0
20230209:0810,8.16,13.91,3.75,8.59,3.52,0.0
20230209:0910,163.62,111.32,11.61,8.4,3.03,0.0
20230209:1010,337.18,210.37,18.07,8.8,2.76,0.0
20230209:1110,704.86,425.6,22.61,9.12,3.03,0.0
20230209:1210,346.76,217.13,24.8,9.48,2.9,0.0
20230209:1310,524.26,320.11,24.36,9.73,2.69,0.0
20230209:1410,594.36,360.33,21.35,9.76,3.1,0.0
20230209:1510,356.6,221.56,16.11,9.58,3.66,0.0
20230209:1610,169.76,115.76,9.13,9.2,3.86,0.0
20230209:1710,0.0,0.0,0.0,8.53,3.79,0.0
20230209:1810,0.0,0.0,0.0,7.58,3.66,0.0
20230209:1910,0.0,0.0,0.0,6.65,3.52,0.0
20230209:2010,0.0,0.0,0.0,6.17,3.38,0.0
20230209:2110,0.0,0.0,0.0,6.12,2.9,0.0
20230209:2210,0.0,0.0,0.0,5.97,2.14,0.0
20230209:2310,0.0,0.0,0.0,5.91,1.31,0.0
20230210:0010,0.0,0.0,0.0,5.59,1.59,0.0
20230210:0110,0.0,0.0,0.0,5.46,2.0,0.0
20230210:0210,0.0,0.0,0.0,5.62,1.86,0.0
20230210:0310,0.0,0.0,0.0,5.48,1.66,0.0
20230210:0410,0.0,0.0,0.0,5.57,1.38,0.0
20230210:0510,0.0,0.0,0.0,5.57,1.38,0.0
20230210:0610,0.0,0.0,0.0,5.68,2.07,0.0
20230210:0710,0.0,0.0,0.0,5.8,3.03,0.0
20230210:0810,0.7,6.49,4.01,5.96,3.59,0.0
20230210:0910,331.88,206.03,11.89,6.7,3.31,0.0
20230210:1010,688.36,413.69,18.36,7.55,2.55,0.0
20230210:1110,860.76,521.35,22.93,8.25,2.62,0.0
20230210:1210,725.42,437.51,25.12,8.75,3.1,0.0
20230210:1310,712.08,428.51,24.68,9.02,3.66,0.0
20230210:1410,573.08,345.49,21.66,9.27,4.07,0.0
20230210:1510,160.82,110.04,16.41,9.58,4.21,0.0
20230210:1610,85.04,65.56,9.41,9.76,4.14,0.0
20230210:1710,0.0,0.0,0.0,9.89,3.86,0.0
20230210:1810,0.0,0.0,0.0,9.86,3.66,0.0
20230210:1910,0.0,0.0,0.0,9.64,3.24,0.0
20230210:2010,0.0,0.0,0.0,9.44,2.9,0.0
20230210:2110,0.0,0.0,0.0,9.37,2.62,0.0
20230210:2210,0.0,0.0,0.0,8.98,2.34,0.0
20230210:2310,0.0,0.0,0.0,8.85,2.41,0.0
20230211:0010,0.0,0.0,0.0,8.62,2.28,0.0
20230211:0110,0.0,0.0,0.0,8.49,2.14,0.0
20230211:0210,0.0,0.0,0.0,8.29,1.79,0.0
20230211:0310,0.0,0.0,0.0,8.43,1.31,0.0
20230211:0410,0.0,0.0,0.0,8.53,1.03,0.0
20230211:0510,0.0,0.0,0.0,8.51,1.24,0.0
20230211:0610,0.0,0.0,0.0,8.47,1.45,0.0
20230211:0710,0.0,0.0,0.0,8.41,1.17,0.0
20230211:0810,18.52,22.43,4.27,8.24,0.41,0.0
20230211:0910,135.8,95.5,12.17,8.29,0.48,0.0
20230211:1010,233.8,152.3,18.66,8.96,1.52,0.0
20230211:1110,464.92,285.87,23.24,9.11,1.66,0.0
20230211:1210,327.72,206.92,25.45,9.43,1.86,0.0
20230211:1310,188.04,126.56,25.0,9.64,2.07,0.0
20230211:1410,304.42,193.11,21.97,9.82,2.48,0.0
20230211:1510,381.84,237.07,16.71,9.86,2.62,0.0
20230211:1610,258.0,167.65,9.7,9.67,2.76,0.0
20230211:1710,0.0,0.0,0.0,9.26,2.69,0.0
20230211:1810,0.0,0.0,0.0,8.85,2.97,0.0
20230211:1910,0.0,0.0,0.0,8.57,3.1,0.0
20230211:2010,0.0,0.0,0.0,8.63,3.38,0.0
20230211:2110,0.0,0.0,0.0,8.57,3.72,0.0
20230211:2210,0.0,0.0,0.0,8.26,4.0,0.0
20230211:2310,0.0,0.0,0.0,8.02,4.14,0.0
20230212:0010,0.0,0.0,0.0,7.87,4.41,0.0
20230212:0110,0.0,0.0,0.0,7.86,4.69,0.0
20230212:0210,0.0,0.0,0.0,7.83,5.31,0.0
20230212:0310,0.0,0.0,0.0,7.95,5.93,0.0
20230212:0410,0.0,0.0,0.0,8.08,6.14,0.0
20230212:0510,0.0,0.0,0.0,8.19,6.28,0.0
20230212:0610,0.0,0.0,0.0,8.24,6.21,0.0
20230212:0710,0.0,0.0,0.0,8.29,6.41,0.0
20230212:0810,3.16,9.27,4.54,8.38,6.69,0.0
20230212:0910,68.0,54.7,12.45,8.61,6.97,0.0
20230212:1010,118.92,85.29,18.96,8.83,7.52,0.0
20230212:1110,377.8,231.72,23.56,8.92,7.52,0.0
20230212:1210,399.58,244.14,25.78,8.99,7.72,0.0
20230212:1310,1051.7,623.64,25.33,8.98,7.79,0.0
20230212:1410,981.42,580.1,22.29,8.99,7.86,0.0
20230212:1510,916.28,541.32,17.01,8.94,8.0,0.0
20230212:1610,539.32,327.65,9.98,8.83,8.0,0.0
20230212:1710,0.0,1.85,1.71,8.66,7.79,0.0
20230212:1810,0.0,0.0,0.0,8.5,7.72,0.0
20230212:1910,0.0,0.0,0.0,8.52,7.66,0.0
20230212:2010,0.0,0.0,0.0,8.67,7.59,0.0
20230212:2110,0.0,0.0,0.0,8.74,7.45,0.0
20230212:2210,0.0,0.0,0.0,8.63,7.03,0.0
20230212:2310,0.0,0.0,0.0,8.73,6.9,0.0
20230213:0010,0.0,0.0,0.0,8.78,6.83,0.0
20230213:0110,0.0,0.0,0.0,8.88,6.48,0.0
20230213:0210,0.0,0.0,0.0,8.89,6.14,0.0
20230213:0310,0.0,0.0,0.0,8.85,6.0,0.0
20230213:0410,0.0,0.0,0.0,8.75,5.79,0.0
20230213:0510,0.0,0.0,0.0,8.62,5.59,0.0
20230213:0610,0.0,0.0,0.0,8.53,5.52,0.0
20230213:0710,0.0,0.0,0.0,8.42,5.59,0.0
20230213:0810,8.18,13.91,4.81,8.33,5.66,0.0
20230213:0910,277.96,175.96,12.74,8.54,5.93,0.0
20230213:1010,394.72,241.28,19.27,8.54,5.45,0.0
20230213:1110,811.76,483.13,23.89,8.76,5.59,0.0
20230213:1210,721.58,430.34,26.11,8.95,5.59,0.0
20230213:1310,747.44,445.89,25.67,9.0,5.45,0.0
20230213:1410,346.66,215.07,22.61,9.08,5.59,0.0
20230213:1510,933.14,558.0,17.31,9.05,5.66,0.0
20230213:1610,551.26,336.93,10.27,8.94,5.45,0.0
20230213:1710,0.0,2.78,1.98,8.75,5.17,0.0
20230213:1810,0.0,0.0,0.0,8.68,4.83,0.0
20230213:1910,0.0,0.0,0.0,8.8,4.34,0.0
20230213:2010,0.0,0.0,0.0,9.03,4.0,0.0
20230213:2110,0.0,0.0,0.0,9.46,4.0,0.0
20230213:2210,0.0,0.0,0.0,9.41,3.72,0.0
20230213:2310,0.0,0.0,0.0,9.44,4.21,0.0
20230214:0010,0.0,0.0,0.0,9.22,4.69,0.0
20230214:0110,0.0,0.0,0.0,9.14,4.9,0.0
20230214:0210,0.0,0.0,0.0,9.21,4.69,0.0
20230214:0310,0.0,0.0,0.0,9.26,4.83,0.0
20230214:0410,0.0,0.0,0.0,9.28,4.76,0.0
20230214:0510,0.0,0.0,0.0,9.38,5.03,0.0
20230214:0610,0.0,0.0,0.0,9.53,5.38,0.0
20230214:0710,0.0,0.0,0.0,9.57,5.45,0.0
20230214:0810,197.58,139.23,5.09,9.52,4.97,0.0
20230214:0910,547.72,332.91,13.03,9.67,4.76,0.0
20230214:1010,998.56,603.48,19.58,9.97,4.9,0.0
20230214:1110,1262.8,776.1,24.22,10.28,5.1,0.0
20230214:1210,1397.06,867.6,26.45,10.39,5.31,0.0
20230214:1310,1381.98,853.88,26.0,10.34,5.66,0.0
20230214:1410,1236.6,753.74,22.94,10.35,5.86,0.0
20230214:1510,961.18,578.82,17.62,10.36,5.72,0.0
20230214:1610,513.98,316.19,10.55,10.22,5.79,0.0
20230214:1710,0.64,6.49,2.25,9.84,6.07,0.0
20230214:1810,0.0,0.0,0.0,9.3,6.28,0.0
20230214:1910,0.0,0.0,0.0,9.22,6.14,0.0
20230214:2010,0.0,0.0,0.0,9.28,6.14,0.0
20230214:2110,0.0,0.0,0.0,9.48,5.52,0.0
20230214:2210,0.0,0.0,0.0,9.76,5.31,0.0
20230214:2310,0.0,0.0,0.0,9.81,5.17,0.0
20230215:0010,0.0,0.0,0.0,9.84,5.1,0.0
20230215:0110,0.0,0.0,0.0,9.64,4.9,0.0
20230215:0210,0.0,0.0,0.0,9.53,4.76,0.0
20230215:0310,0.0,0.0,0.0,9.53,5.1,0.0
20230215:0410,0.0,0.0,0.0,9.53,5.31,0.0
20230215:0510,0.0,0.0,0.0,9.73,5.59,0.0
20230215:0610,0.0,0.0,0.0,9.8,5.52,0.0
20230215:0710,0.0,0.0,0.0,9.88,5.38,0.0
20230215:0810,91.0,71.77,5.37,9.97,5.31,0.0
20230215:0910,372.52,231.65,13.33,10.49,5.45,0.0
20230215:1010,527.02,319.11,19.9,10.68,5.66,0.0
20230215:1110,274.7,176.05,24.55,10.94,6.07,0.0
20230215:1210,86.76,66.75,26.79,10.9,6.28,0.0
20230215:1310,79.22,62.12,26.34,10.69,5.45,0.0
20230215:1410,77.74,61.19,23.26,10.56,4.9,0.0
20230215:1510,634.42,382.23,17.92,10.31,4.9,0.0
20230215:1610,283.68,182.03,10.84,10.17,4.55,0.0
20230215:1710,7.86,14.58,2.52,9.83,4.0,0.0
20230215:1810,0.0,0.0,0.0,9.22,3.66,0.0
20230215:1910,0.0,0.0,0.0,9.27,3.66,0.0
20230215:2010,0.0,0.0,0.0,9.21,4.14,0.0
20230215:2110,0.0,0.0,0.0,9.3,4.76,0.0
20230215:2210,0.0,0.0,0.0,9.09,5.31,0.0
20230215:2310,0.0,0.0,0.0,9.36,5.72,0.0
20230216:0010,0.0,0.0,0.0,9.49,7.79,0.0
20230216:0110,0.0,0.0,0.0,9.56,8.62,0.0
20230216:0210,0.0,0.0,0.0,9.75,9.17,0.0
20230216:0310,0.0,0.0,0.0,10.05,9.45,0.0
20230216:0410,0.0,0.0,0.0,10.3,9.24,0.0
20230216:0510,0.0,0.0,0.0,10.57,9.03,0.0
20230216:0610,0.0,0.0,0.0,10.71,8.69,0.0
20230216:0710,0.0,0.0,0.0,10.78,8.0,0.0
20230216:0810,58.22,50.25,5.65,10.78,7.38,0.0
20230216:0910,112.9,82.34,13.63,10.81,6.69,0.0
20230216:1010,206.88,137.03,20.22,10.88,6.55,0.0
20230216:1110,250.72,162.23,24.89,10.95,7.1,0.0
20230216:1210,215.52,142.22,27.14,10.85,7.38,0.0
20230216:1310,259.38,167.12,26.68,10.81,7.45,0.0
20230216:1410,518.72,313.78,23.59,10.94,7.1,0.0
20230216:1510,562.72,339.47,18.23,11.08,6.62,0.0
20230216:1610,133.28,94.66,11.13,11.1,6.97,0.0
20230216:1710,0.0,3.71,2.8,10.96,6.28,0.0
20230216:1810,0.0,0.0,0.0,10.88,6.0,0.0
20230216:1910,0.0,0.0,0.0,10.91,6.34,0.0
20230216:2010,0.0,0.0,0.0,10.89,6.69,0.0
20230216:2110,0.0,0.0,0.0,10.86,6.97,0.0
20230216:2210,0.0,0.0,0.0,10.95,6.0,0.0
20230216:2310,0.0,0.0,0.0,10.88,6.0,0.0
20230217:0010,0.0,0.0,0.0,10.72,6.28,0.0
20230217:0110,0.0,0.0,0.0,10.39,6.97,0.0
20230217:0210,0.0,0.0,0.0,10.08,7.79,0.0
20230217:0310,0.0,0.0,0.0,9.91,8.28,0.0
20230217:0410,0.0,0.0,0.0,9.81,8.34,0.0
20230217:0510,0.0,0.0,0.0,9.78,8.07,0.0
20230217:0610,0.0,0.0,0.0,9.83,8.07,0.0
20230217:0710,0.0,0.0,0.0,9.92,8.55,0.0
20230217:0810,234.88,160.64,5.94,10.04,8.62,0.0
20230217:0910,34.38,33.38,13.94,10.23,8.34,0.0
20230217:1010,46.88,41.72,20.55,10.7,7.45,0.0
20230217:1110,96.0,72.31,25.23,10.87,7.31,0.0
20230217:1210,116.16,84.37,27.48,10.96,8.07,0.0
20230217:1310,142.9,100.13,27.03,11.0,8.69,0.0
20230217:1410,146.1,101.98,23.92,10.99,8.83,0.0
20230217:1510,125.06,89.55,18.54,10.95,8.62,0.0
20230217:1610,179.66,121.58,11.42,10.95,8.48,0.0
20230217:1710,0.0,4.64,3.07,10.89,7.93,0.0
20230217:1810,0.0,0.0,0.0,10.78,7.24,0.0
20230217:1910,0.0,0.0,0.0,10.68,7.24,0.0
20230217:2010,0.0,0.0,0.0,10.52,7.38,0.0
20230217:2110,0.0,0.0,0.0,10.36,7.66,0.0
20230217:2210,0.0,0.0,0.0,10.22,7.17,0.0
20230217:2310,0.0,0.0,0.0,10.02,7.79,0.0
20230218:0010,0.0,0.0,0.0,9.95,8.14,0.0
20230218:0110,0.0,0.0,0.0,10.08,8.62,0.0
20230218:0210,0.0,0.0,0.0,10.18,8.9,0.0
20230218:0310,0.0,0.0,0.0,10.25,8.76,0.0
20230218:0410,0.0,0.0,0.0,10.22,8.62,0.0
20230218:0510,0.0,0.0,0.0,10.2,8.41,0.0
20230218:0610,0.0,0.0,0.0,10.23,8.21,0.0
20230218:0710,0.0,0.0,0.0,10.29,8.07,0.0
20230218:0810,96.1,74.37,6.24,10.34,8.07,0.0
20230218:0910,68.9,55.63,14.25,10.46,8.34,0.0
20230218:1010,77.86,61.19,20.88,10.63,8.48,0.0
20230218:1110,211.8,139.83,25.57,10.82,8.69,0.0
20230218:1210,166.84,114.03,27.84,10.94,9.03,0.0
20230218:1310,163.62,112.18,27.38,10.98,9.1,0.0
20230218:1410,178.68,120.91,24.26,11.11,9.1,0.0
20230218:1510,128.0,91.37,18.86,11.23,9.17,0.0
20230218:1610,56.88,48.21,11.71,11.18,9.52,0.0
20230218:1710,0.0,3.71,3.34,10.89,8.83,0.0
20230218:1810,0.0,0.0,0.0,10.53,8.28,0.0
20230218:1910,0.0,0.0,0.0,10.32,8.28,0.0
20230218:2010,0.0,0.0,0.0,10.27,7.72,0.0
20230218:2110,0.0,0.0,0.0,10.18,7.17,0.0
20230218:2210,0.0,0.0,0.0,10.09,6.41,0.0
20230218:2310,0.0,0.0,0.0,9.88,6.48,0.0
20230219:0010,0.0,0.0,0.0,9.69,6.21,0.0
20230219:0110,0.0,0.0,0.0,9.51,6.07,0.0
20230219:0210,0.0,0.0,0.0,9.32,5.66,0.0
20230219:0310,0.0,0.0,0.0,9.09,5.1,0.0
20230219:0410,0.0,0.0,0.0,8.88,5.03,0.0
20230219:0510,0.0,0.0,0.0,8.71,5.1,0.0
20230219:0610,0.0,0.0,0.0,8.52,4.97,0.0
20230219:0710,0.0,0.0,0.0,8.24,4.55,0.0
20230219:0810,272.92,182.77,6.53,8.16,4.07,0.0
20230219:0910,209.04,137.29,14.57,8.52,3.93,0.0
20230219:1010,625.44,375.59,21.21,9.08,4.41,0.0
20230219:1110,715.38,429.95,25.92,9.5,4.48,0.0
20230219:1210,358.9,223.83,28.19,9.9,4.83,0.0
20230219:1310,1139.16,697.51,27.73,10.07,4.55,0.0
20230219:1410,1209.76,742.2,24.59,10.21,4.83,0.0
20230219:1510,944.26,571.35,19.17,10.17,4.69,0.0
20230219:1610,483.24,297.92,12.0,10.08,4.9,0.0
20230219:1710,5.0,11.13,3.62,9.84,4.76,0.0
20230219:1810,0.0,0.0,0.0,9.3,4.83,0.0
20230219:1910,0.0,0.0,0.0,8.99,5.03,0.0
20230219:2010,0.0,0.0,0.0,8.8,5.17,0.0
20230219:2110,0.0,0.0,0.0,8.49,5.59,0.0
20230219:2210,0.0,0.0,0.0,8.15,5.17,0.0
20230219:2310,0.0,0.0,0.0,8.2,5.31,0.0
20230220:0010,0.0,0.0,0.0,8.28,5.1,0.0
20230220:0110,0.0,0.0,0.0,8.42,5.66,0.0
20230220:0210,0.0,0.0,0.0,8.58,5.93,0.0
20230220:0310,0.0,0.0,0.0,8.78,5.93,0.0
20230220:0410,0.0,0.0,0.0,8.9,5.66,0.0
20230220:0510,0.0,0.0,0.0,9.0,5.17,0.0
20230220:0610,0.0,0.0,0.0,9.05,4.69,0.0
20230220:0710,0.0,0.0,0.0,9.08,4.48,0.0
20230220:0810,98.14,75.12,6.84,9.13,4.41,0.0
20230220:0910,180.94,121.49,14.88,9.19,4.48,0.0
20230220:1010,153.96,106.1,21.55,9.32,4.97,0.0
20230220:1110,296.78,188.04,26.27,9.43,4.69,0.0
20230220:1210,207.16,137.21,28.55,9.67,4.69,0.0
20230220:1310,162.38,111.25,28.08,9.72,4.83,0.0
20230220:1410,141.7,99.2,24.93,9.76,4.76,0.0
20230220:1510,192.8,128.73,19.48,9.86,4.55,0.0
20230220:1610,55.68,47.28,12.29,9.85,4.21,0.0
20230220:1710,3.12,9.27,3.89,9.69,3.59,0.0
20230220:1810,0.0,0.0,0.0,9.5,3.1,0.0
20230220:1910,0.0,0.0,0.0,9.45,2.83,0.0
20230220:2010,0.0,0.0,0.0,9.29,2.69,0.0
20230220:2110,0.0,0.0,0.0,9.3,2.62,0.0
20230220:2210,0.0,0.0,0.0,9.0,2.48,0.0
20230220:2310,0.0,0.0,0.0,8.99,1.72,0.0
20230221:0010,0.0,0.0,0.0,8.97,1.17,0.0
20230221:0110,0.0,0.0,0.0,8.89,0.69,0.0
20230221:0210,0.0,0.0,0.0,8.81,0.83,0.0
20230221:0310,0.0,0.0,0.0,8.73,1.1,0.0
20230221:0410,0.0,0.0,0.0,8.61,1.24,0.0
20230221:0510,0.0,0.0,0.0,8.48,1.31,0.0
20230221:0610,0.0,0.0,0.0,8.35,1.31,0.0
20230221:0710,0.0,0.0,0.0,8.28,1.38,0.0
20230221:0810,83.38,65.48,7.14,8.21,1.45,0.0
20230221:0910,183.38,122.89,15.21,8.17,1.79,0.0
20230221:1010,276.2,175.88,21.89,7.96,2.07,0.0
20230221:1110,347.54,216.73,26.63,8.14,2.69,0.0
20230221:1210,395.3,244.67,28.91,8.29,2.41,0.0
20230221:1310,223.86,146.76,28.43,8.45,1.93,0.0
20230221:1410,364.64,227.26,25.26,8.52,1.93,0.0
20230221:1510,237.28,154.1,19.8,8.57,1.72,0.0
20230221:1610,126.88,90.27,12.59,8.45,1.93,0.0
20230221:1710,3.16,9.27,4.17,8.28,1.59,0.0
20230221:1810,0.0,0.0,0.0,8.26,1.31,0.0
20230221:1910,0.0,0.0,0.0,8.35,1.59,0.0
20230221:2010,0.0,0.0,0.0,8.45,1.79,0.0
20230221:2110,0.0,0.0,0.0,8.51,2.0,0.0
20230221:2210,0.0,0.0,0.0,8.27,2.83,0.0
20230221:2310,0.0,0.0,0.0,8.24,3.03,0.0
20230222:0010,0.0,0.0,0.0,8.27,2.97,0.0
20230222:0110,0.0,0.0,0.0,8.3,3.52,0.0
20230222:0210,0.0,0.0,0.0,8.38,4.69,0.0
20230222:0310,0.0,0.0,0.0,8.62,5.38,0.0
20230222:0410,0.0,0.0,0.0,8.99,5.52,0.0
20230222:0510,0.0,0.0,0.0,8.84,6.28,0.0
20230222:0610,0.0,0.0,0.0,8.32,7.1,0.0
20230222:0710,0.0,0.0,0.0,7.86,7.86,0.0
20230222:0810,329.68,214.36,7.45,7.49,8.28,0.0
20230222:0910,789.96,465.7,15.53,7.44,8.41,0.0
20230222:1010,1129.48,667.47,22.23,7.67,7.72,0.0
20230222:1110,495.34,296.29,26.99,7.66,7.86,0.0
20230222:1210,637.94,376.8,29.28,7.76,8.34,0.0
20230222:1310,310.36,193.19,28.79,7.43,8.48,0.0
20230222:1410,466.2,279.21,25.6,7.37,8.34,0.0
20230222:1510,845.24,494.94,20.11,7.31,8.14,0.0
20230222:1610,648.14,387.3,12.88,7.07,7.52,0.0
20230222:1710,131.38,101.59,4.44,6.48,7.59,0.0
20230222:1810,0.0,0.0,0.0,6.1,7.52,0.0
20230222:1910,0.0,0.0,0.0,5.81,7.45,0.0
20230222:2010,0.0,0.0,0.0,5.67,7.03,0.0
20230222:2110,0.0,0.0,0.0,5.65,6.83,0.0
20230222:2210,0.0,0.0,0.0,5.69,5.38,0.0
20230222:2310,0.0,0.0,0.0,5.91,4.97,0.0
20230223:0010,0.0,0.0,0.0,5.95,5.03,0.0
20230223:0110,0.0,0.0,0.0,5.96,5.86,0.0
20230223:0210,0.0,0.0,0.0,5.92,6.48,0.0
20230223:0310,0.0,0.0,0.0,5.93,7.24,0.0
20230223:0410,0.0,0.0,0.0,5.78,7.93,0.0
20230223:0510,0.0,0.0,0.0,5.66,8.41,0.0
20230223:0610,0.0,0.0,0.0,5.67,8.55,0.0
20230223:0710,0.0,0.0,0.0,5.64,9.24,0.0
20230223:0810,54.56,46.06,7.77,5.64,9.72,0.0
20230223:0910,43.74,38.94,15.86,5.84,10.0,0.0
20230223:1010,230.12,147.52,22.58,6.61,8.97,0.0
20230223:1110,923.94,538.62,27.35,7.19,9.52,0.0
20230223:1210,161.5,109.4,29.64,7.63,9.59,0.0
20230223:1310,423.66,256.27,29.15,7.78,9.17,0.0
20230223:1410,124.28,88.08,25.94,7.96,8.9,0.0
20230223:1510,211.88,138.02,20.43,8.04,8.9,0.0
20230223:1610,214.82,140.06,13.18,8.18,8.9,0.0
20230223:1710,25.22,27.71,4.72,8.04,9.03,0.0
20230223:1810,0.0,0.0,0.0,7.5,8.62,0.0
20230223:1910,0.0,0.0,0.0,7.05,8.0,0.0
20230223:2010,0.0,0.0,0.0,6.63,7.66,0.0
20230223:2110,0.0,0.0,0.0,6.18,7.52,0.0
20230223:2210,0.0,0.0,0.0,5.67,7.52,0.0
20230223:2310,0.0,0.0,0.0,5.38,7.24,0.0
20230224:0010,0.0,0.0,0.0,5.12,7.17,0.0
20230224:0110,0.0,0.0,0.0,4.83,6.69,0.0
20230224:0210,0.0,0.0,0.0,4.59,6.0,0.0
20230224:0310,0.0,0.0,0.0,4.44,5.72,0.0
20230224:0410,0.0,0.0,0.0,4.49,5.45,0.0
20230224:0510,0.0,0.0,0.0,4.6,4.97,0.0
20230224:0610,0.0,0.0,0.0,4.81,4.69,0.0
20230224:0710,0.0,0.0,0.0,5.12,4.34,0.0
20230224:0810,12.9,17.62,8.08,5.56,4.62,0.0
20230224:0910,221.18,142.71,16.2,6.31,5.03,0.0
20230224:1010,743.24,440.1,22.93,7.04,5.03,0.0
20230224:1110,866.6,513.51,27.71,8.39,6.62,0.0
20230224:1210,322.7,202.43,30.01,9.37,6.21,0.0
20230224:1310,133.98,94.56,29.51,9.68,5.59,0.0
20230224:1410,113.42,82.51,26.29,9.74,4.62,0.0
20230224:1510,135.44,95.49,20.75,9.69,4.83,0.0
20230224:1610,247.26,160.08,13.47,9.65,5.17,0.0
20230224:1710,0.0,4.64,5.0,9.57,5.24,0.0
20230224:1810,0.0,0.0,0.0,9.27,4.76,0.0
20230224:1910,0.0,0.0,0.0,8.87,4.83,0.0
20230224:2010,0.0,0.0,0.0,8.6,4.97,0.0
20230224:2110,0.0,0.0,0.0,8.47,5.24,0.0
20230224:2210,0.0,0.0,0.0,8.32,5.86,0.0
20230224:2310,0.0,0.0,0.0,8.47,6.97,0.0
20230225:0010,0.0,0.0,0.0,8.12,8.48,0.0
20230225:0110,0.0,0.0,0.0,7.56,9.03,0.0
20230225:0210,0.0,0.0,0.0,6.79,8.34,0.0
20230225:0310,0.0,0.0,0.0,5.99,7.79,0.0
20230225:0410,0.0,0.0,0.0,5.16,8.07,0.0
20230225:0510,0.0,0.0,0.0,4.69,8.28,0.0
20230225:0610,0.0,0.0,0.0,4.39,8.41,0.0
20230225:0710,0.0,0.0,0.0,4.11,8.55,0.0
20230225:0810,368.6,233.02,8.4,4.29,8.9,0.0
20230225:0910,857.54,497.84,16.53,4.74,9.1,0.0
20230225:1010,460.5,273.09,23.28,5.36,9.24,0.0
20230225:1110,648.2,378.27,28.08,5.78,9.31,0.0
20230225:1210,336.92,206.95,30.39,6.24,8.97,0.0
20230225:1310,1367.7,810.12,29.88,6.61,8.76,0.0
20230225:1410,1030.82,602.14,26.63,6.78,8.83,0.0
20230225:1510,324.3,199.73,21.07,6.86,8.76,0.0
20230225:1610,338.8,208.91,13.77,6.98,9.24,0.0
20230225:1710,107.56,84.16,5.27,6.95,8.62,0.0
20230225:1810,0.0,0.0,0.0,6.82,8.55,0.0
20230225:1910,0.0,0.0,0.0,6.77,8.21,0.0
20230225:2010,0.0,0.0,0.0,6.57,8.21,0.0
20230225:2110,0.0,0.0,0.0,6.29,8.48,0.0
20230225:2210,0.0,0.0,0.0,5.94,8.34,0.0
20230225:2310,0.0,0.0,0.0,5.64,8.69,0.0
20230226:0010,0.0,0.0,0.0,5.29,8.76,0.0
20230226:0110,0.0,0.0,0.0,5.02,9.03,0.0
20230226:0210,0.0,0.0,0.0,4.74,9.24,0.0
20230226:0310,0.0,0.0,0.0,4.52,9.03,0.0
20230226:0410,0.0,0.0,0.0,4.29,8.62,0.0
20230226:0510,0.0,0.0,0.0,4.12,8.97,0.0
20230226:0610,0.0,0.0,0.0,4.02,9.31,0.0
20230226:0710,0.0,0.0,0.0,4.12,9.86,0.0
20230226:0810,360.76,227.83,8.73,4.49,9.59,0.0
20230226:0910,887.46,515.68,16.87,5.02,9.24,0.0
20230226:1010,1215.26,712.79,23.64,5.53,7.93,0.0
20230226:1110,1345.12,792.38,28.45,6.11,8.97,0.0
20230226:1210,1308.98,772.86,30.76,6.52,8.83,0.0
20230226:1310,890.6,519.97,30.24,6.84,8.97,0.0
20230226:1410,579.64,342.19,26.98,6.97,8.62,0.0
20230226:1510,892.88,522.36,21.39,6.95,8.14,0.0
20230226:1610,434.78,263.62,14.06,6.96,7.52,0.0
20230226:1710,169.22,124.63,5.55,6.93,7.17,0.0
20230226:1810,0.0,0.0,0.0,6.54,6.97,0.0
20230226:1910,0.0,0.0,0.0,6.09,6.69,0.0
20230226:2010,0.0,0.0,0.0,5.83,6.48,0.0
20230226:2110,0.0,0.0,0.0,5.58,6.21,0.0
20230226:2210,0.0,0.0,0.0,5.4,7.31,0.0
20230226:2310,0.0,0.0,0.0,5.14,7.03,0.0
20230227:0010,0.0,0.0,0.0,4.88,6.55,0.0
20230227:0110,0.0,0.0,0.0,4.59,6.69,0.0
20230227:0210,0.0,0.0,0.0,4.28,6.76,0.0
20230227:0310,0.0,0.0,0.0,3.89,6.83,0.0
20230227:0410,0.0,0.0,0.0,3.61,6.97,0.0
20230227:0510,0.0,0.0,0.0,3.32,7.1,0.0
20230227:0610,0.0,0.0,0.0,3.33,7.1,0.0
20230227:0710,0.0,0.0,0.0,3.28,7.1,0.0
20230227:0810,380.2,238.81,9.06,3.57,7.38,0.0
20230227:0910,885.08,515.36,17.21,4.24,7.52,0.0
20230227:1010,1252.26,733.88,24.0,5.23,8.14,0.0
20230227:1110,1484.74,882.41,28.83,6.11,8.76,0.0
20230227:1210,1531.44,915.82,31.14,6.63,8.83,0.0
20230227:1310,1414.76,843.08,30.61,7.08,8.62,0.0
20230227:1410,1245.18,735.75,27.32,7.33,8.55,0.0
20230227:1510,833.96,489.26,21.71,7.6,8.14,0.0
20230227:1610,522.76,315.07,14.36,7.87,7.52,0.0
20230227:1710,65.96,55.69,5.83,7.85,7.17,0.0
20230227:1810,0.0,0.0,0.0,7.64,7.03,0.0
20230227:1910,0.0,0.0,0.0,7.41,7.1,0.0
20230227:2010,0.0,0.0,0.0,7.06,6.69,0.0
20230227:2110,0.0,0.0,0.0,6.78,6.55,0.0
20230227:2210,0.0,0.0,0.0,6.35,6.41,0.0
20230227:2310,0.0,0.0,0.0,6.18,6.55,0.0
20230228:0010,0.0,0.0,0.0,5.96,6.76,0.0
20230228:0110,0.0,0.0,0.0,5.65,6.69,0.0
20230228:0210,0.0,0.0,0.0,5.34,6.83,0.0
20230228:0310,0.0,0.0,0.0,5.03,6.83,0.0
20230228:0410,0.0,0.0,0.0,4.62,6.69,0.0
20230228:0510,0.0,0.0,0.0,4.38,6.55,0.0
20230228:0610,0.0,0.0,0.0,4.29,6.69,0.0
20230228:0710,0.0,0.0,0.0,4.19,6.9,0.0
20230228:0810,398.86,250.44,9.39,4.36,7.17,0.0
20230228:0910,881.7,515.73,17.56,5.1,7.31,0.0
20230228:1010,1219.46,717.63,24.36,6.19,7.93,0.0
20230228:1110,1418.28,851.83,29.2,6.93,7.24,0.0
20230228:1210,1262.06,756.27,31.52,7.52,6.83,0.0
20230228:1310,1405.02,855.69,30.98,7.99,6.21,0.0
20230228:1410,1145.58,688.19,27.67,8.31,5.86,0.0
20230228:1510,1068.82,639.69,22.03,8.63,6.07,0.0
20230228:1610,703.2,423.41,14.65,8.66,6.55,0.0
20230228:1710,208.64,149.76,6.1,8.42,6.83,0.0
20230228:1810,0.0,0.0,0.0,8.07,6.69,0.0
20230228:1910,0.0,0.0,0.0,7.67,6.69,0.0
20230228:2010,0.0,0.0,0.0,7.46,7.1,0.0
20230228:2110,0.0,0.0,0.0,7.32,7.72,0.0
20230228:2210,0.0,0.0,0.0,6.93,8.07,0.0
20230228:2310,0.0,0.0,0.0,6.95,8.76,0.0
20230301:0010,0.0,0.0,0.0,7.0,9.31,0.0
20230301:0110,0.0,0.0,0.0,6.9,9.24,0.0
20230301:0210,0.0,0.0,0.0,6.72,8.9,0.0
20230301:0310,0.0,0.0,0.0,6.43,8.55,0.0
20230301:0410,0.0,0.0,0.0,6.2,8.48,0.0
20230301:0510,0.0,0.0,0.0,6.01,8.28,0.0
20230301:0610,0.0,0.0,0.0,5.75,8.41,0.0
20230301:0710,0.0,0.0,0.0,5.55,8.21,0.0
20230301:0810,175.32,118.78,9.72,5.62,8.0,0.0
20230301:0910,226.12,144.79,17.91,5.84,8.07,0.0
20230301:1010,146.12,100.13,24.73,6.19,7.17,0.0
20230301:1110,94.98,70.46,29.58,6.48,7.1,0.0
20230301:1210,96.4,71.39,31.9,6.83,7.52,0.0
20230301:1310,216.98,140.92,31.35,7.09,7.31,0.0
20230301:1410,108.66,78.8,28.02,7.38,7.31,0.0
20230301:1510,82.08,63.04,22.35,7.56,7.03,0.0
20230301:1610,74.38,58.41,14.95,7.7,6.76,0.0
20230301:1710,63.38,53.51,6.38,7.6,6.48,0.0
20230301:1810,0.0,0.0,0.0,7.41,6.07,0.0
20230301:1910,0.0,0.0,0.0,7.3,5.45,0.0
20230301:2010,0.0,0.0,0.0,7.09,5.79,0.0
20230301:2110,0.0,0.0,0.0,6.92,5.79,0.0
20230301:2210,0.0,0.0,0.0,6.69,5.72,0.0
20230301:2310,0.0,0.0,0.0,6.59,5.59,0.0
20230302:0010,0.0,0.0,0.0,6.44,5.86,0.0
20230302:0110,0.0,0.0,0.0,6.37,5.93,0.0
20230302:0210,0.0,0.0,0.0,6.29,5.93,0.0
20230302:0310,0.0,0.0,0.0,6.24,5.93,0.0
20230302:0410,0.0,0.0,0.0,6.05,6.07,0.0
20230302:0510,0.0,0.0,0.0,5.88,6.34,0.0
20230302:0610,0.0,0.0,0.0,5.72,6.41,0.0
20230302:0710,0.0,0.0,0.0,5.4,6.0,0.0
20230302:0810,381.16,240.39,10.05,5.21,5.72,0.0
20230302:0910,838.0,494.05,18.26,5.29,5.52,0.0
20230302:1010,1165.44,700.09,25.09,5.47,4.21,0.0
20230302:1110,1379.48,848.5,29.96,5.65,3.86,0.0
20230302:1210,1373.34,848.04,32.28,5.94,3.72,0.0
20230302:1310,1488.92,935.86,31.72,6.25,3.45,0.0
20230302:1410,1344.48,833.61,28.36,6.51,3.31,0.0
20230302:1510,1084.9,657.73,22.67,6.93,3.52,0.0
20230302:1610,675.62,408.42,15.24,7.16,3.86,0.0
20230302:1710,213.52,151.72,6.65,7.2,4.0,0.0
20230302:1810,0.0,0.0,0.0,6.56,3.86,0.0
20230302:1910,0.0,0.0,0.0,6.06,3.93,0.0
20230302:2010,0.0,0.0,0.0,5.66,4.14,0.0
20230302:2110,0.0,0.0,0.0,5.31,4.48,0.0
20230302:2210,0.0,0.0,0.0,4.99,4.41,0.0
20230302:2310,0.0,0.0,0.0,4.73,4.83,0.0
20230303:0010,0.0,0.0,0.0,4.49,5.1,0.0
20230303:0110,0.0,0.0,0.0,4.3,5.38,0.0
20230303:0210,0.0,0.0,0.0,4.0,5.52,0.0
20230303:0310,0.0,0.0,0.0,3.92,5.79,0.0
20230303:0410,0.0,0.0,0.0,3.72,6.0,0.0
20230303:0510,0.0,0.0,0.0,3.51,6.21,0.0
20230303:0610,0.0,0.0,0.0,3.36,6.34,0.0
20230303:0710,0.0,0.0,0.0,3.23,6.07,0.0
20230303:0810,398.26,248.11,10.39,3.43,6.0,0.0
20230303:0910,513.4,303.0,18.61,3.89,6.14,0.0
20230303:1010,810.74,473.67,25.46,4.39,5.52,0.0
20230303:1110,469.4,280.75,30.34,4.78,4.97,0.0
20230303:1210,251.14,159.46,32.67,5.1,4.69,0.0
20230303:1310,862.7,510.42,32.09,5.46,4.62,0.0
20230303:1410,1095.88,654.41,28.71,5.69,4.62,0.0
20230303:1510,755.16,446.79,22.99,5.86,4.34,0.0
20230303:1610,235.46,151.0,15.54,5.86,4.28,0.0
20230303:1710,84.02,66.39,6.93,5.82,4.55,0.0
20230303:1810,0.0,0.0,0.0,5.71,4.69,0.0
20230303:1910,0.0,0.0,0.0,5.61,4.97,0.0
20230303:2010,0.0,0.0,0.0,5.58,5.17,0.0
20230303:2110,0.0,0.0,0.0,5.53,5.31,0.0
20230303:2210,0.0,0.0,0.0,5.46,4.55,0.0
20230303:2310,0.0,0.0,0.0,5.39,4.55,0.0
20230304:0010,0.0,0.0,0.0,5.31,4.83,0.0
20230304:0110,0.0,0.0,0.0,5.38,4.9,0.0
20230304:0210,0.0,0.0,0.0,5.51,4.9,0.0
20230304:0310,0.0,0.0,0.0,5.63,4.97,0.0
20230304:0410,0.0,0.0,0.0,5.59,5.24,0.0
20230304:0510,0.0,0.0,0.0,5.43,5.59,0.0
20230304:0610,0.0,0.0,0.0,5.43,5.93,0.0
20230304:0710,0.0,0.87,1.66,5.25,5.93,0.0
20230304:0810,89.96,67.45,10.73,5.19,6.0,0.0
20230304:0910,104.96,76.02,18.97,5.23,5.93,0.0
20230304:1010,117.4,83.44,25.84,5.66,5.66,0.0
20230304:1110,133.26,92.71,30.73,5.8,5.1,0.0
20230304:1210,110.8,79.73,33.05,5.96,4.69,0.0
20230304:1310,223.6,144.63,32.47,6.07,4.07,0.0
20230304:1410,190.84,126.09,29.06,6.12,3.59,0.0
20230304:1510,176.6,117.9,23.31,6.12,3.45,0.0
20230304:1610,143.12,98.68,15.83,6.17,3.45,0.0
20230304:1710,74.12,59.88,7.21,6.13,3.59,0.0
20230304:1810,0.0,0.0,0.0,5.95,3.45,0.0
20230304:1910,0.0,0.0,0.0,5.85,3.38,0.0
20230304:2010,0.0,0.0,0.0,5.71,3.45,0.0
20230304:2110,0.0,0.0,0.0,5.62,3.45,0.0
20230304:2210,0.0,0.0,0.0,5.11,3.38,0.0
20230304:2310,0.0,0.0,0.0,5.08,3.03,0.0
20230305:0010,0.0,0.0,0.0,5.06,2.69,0.0
20230305:0110,0.0,0.0,0.0,4.91,2.14,0.0
20230305:0210,0.0,0.0,0.0,4.79,2.07,0.0
20230305:0310,0.0,0.0,0.0,4.73,1.86,0.0
20230305:0410,0.0,0.0,0.0,4.64,1.59,0.0
20230305:0510,0.0,0.0,0.0,4.66,1.72,0.0
20230305:0610,0.0,0.0,0.0,4.6,2.0,0.0
20230305:0710,0.0,0.87,1.99,4.47,1.72,0.0
20230305:0810,49.74,42.65,11.08,4.41,1.86,0.0
20230305:0910,117.64,83.44,19.33,4.53,2.41,0.0
20230305:1010,183.56,121.45,26.21,4.7,2.28,0.0
20230305:1110,134.84,93.64,31.12,5.08,2.21,0.0
20230305:1210,102.92,75.1,33.44,5.42,2.28,0.0
20230305:1310,147.32,101.05,32.84,5.78,2.83,0.0
20230305:1410,186.18,123.31,29.41,5.87,3.52,0.0
20230305:1510,112.26,80.66,23.63,6.03,3.93,0.0
20230305:1610,55.28,46.36,16.13,6.08,4.28,0.0
20230305:1710,25.54,26.89,7.48,6.08,4.55,0.0
20230305:1810,0.0,0.0,0.0,5.91,4.28,0.0
20230305:1910,0.0,0.0,0.0,5.68,4.0,0.0
20230305:2010,0.0,0.0,0.0,5.5,3.79,0.0
20230305:2110,0.0,0.0,0.0,5.33,3.86,0.0
20230305:2210,0.0,0.0,0.0,5.16,4.14,0.0
20230305:2310,0.0,0.0,0.0,5.26,4.0,0.0
20230306:0010,0.0,0.0,0.0,5.21,3.79,0.0
20230306:0110,0.0,0.0,0.0,5.14,3.66,0.0
20230306:0210,0.0,0.0,0.0,5.04,3.66,0.0
20230306:0310,0.0,0.0,0.0,5.13,3.93,0.0
20230306:0410,0.0,0.0,0.0,4.89,4.21,0.0
20230306:0510,0.0,0.0,0.0,5.02,4.48,0.0
20230306:0610,0.0,0.0,0.0,5.13,4.69,0.0
20230306:0710,0.0,2.78,2.33,5.4,4.76,0.0
20230306:0810,182.8,122.74,11.42,5.84,5.24,0.0
20230306:0910,612.76,363.47,19.69,6.38,5.72,0.0
20230306:1010,926.58,548.29,26.59,6.98,5.79,0.0
20230306:1110,1245.5,747.68,31.5,7.34,6.28,0.0
20230306:1210,634.02,376.77,33.83,7.65,6.97,0.0
20230306:1310,631.72,374.31,33.22,7.27,7.31,0.0
20230306:1410,181.02,120.52,29.76,7.27,7.72,0.0
20230306:1510,280.14,176.28,23.95,7.44,7.38,0.0
20230306:1610,332.76,206.42,16.42,7.74,7.59,0.0
20230306:1710,79.62,63.32,7.76,7.74,7.52,0.0
20230306:1810,0.0,0.0,0.0,7.6,7.59,0.0
20230306:1910,0.0,0.0,0.0,7.36,7.38,0.0
20230306:2010,0.0,0.0,0.0,7.11,7.31,0.0
20230306:2110,0.0,0.0,0.0,6.98,7.24,0.0
20230306:2210,0.0,0.0,0.0,6.85,6.48,0.0
20230306:2310,0.0,0.0,0.0,6.72,6.14,0.0
20230307:0010,0.0,0.0,0.0,6.57,5.86,0.0
20230307:0110,0.0,0.0,0.0,6.52,5.86,0.0
20230307:0210,0.0,0.0,0.0,6.57,6.28,0.0
20230307:0310,0.0,0.0,0.0,6.54,6.0,0.0
20230307:0410,0.0,0.0,0.0,6.48,5.66,0.0
20230307:0510,0.0,0.0,0.0,6.4,5.72,0.0
20230307:0610,0.0,0.0,0.0,6.44,6.07,0.0
20230307:0710,0.0,4.64,2.66,6.51,5.93,0.0
20230307:0810,427.02,267.65,11.77,6.7,5.72,0.0
20230307:0910,903.32,538.11,20.05,6.99,5.24,0.0
20230307:1010,1101.92,665.12,26.97,7.09,4.14,0.0
20230307:1110,594.58,357.53,31.9,7.12,3.45,0.0
20230307:1210,736.0,442.44,34.22,7.13,3.17,0.0
20230307:1310,357.7,222.27,33.6,7.18,2.76,0.0
20230307:1410,452.76,278.06,30.11,7.3,1.45,0.0
20230307:1510,399.64,247.84,24.27,7.43,0.62,0.0
20230307:1610,98.76,73.24,16.71,7.29,1.45,0.0
20230307:1710,120.94,90.0,8.03,7.05,2.83,0.0
20230307:1810,0.0,0.0,0.0,6.81,4.48,0.0
20230307:1910,0.0,0.0,0.0,6.54,6.48,0.0
20230307:2010,0.0,0.0,0.0,6.33,7.86,0.0
20230307:2110,0.0,0.0,0.0,6.27,8.34,0.0
20230307:2210,0.0,0.0,0.0,6.59,9.66,0.0
20230307:2310,0.0,0.0,0.0,6.93,10.14,0.0
20230308:0010,0.0,0.0,0.0,7.26,10.28,0.0
20230308:0110,0.0,0.0,0.0,7.42,9.79,0.0
20230308:0210,0.0,0.0,0.0,7.31,9.24,0.0
20230308:0310,0.0,0.0,0.0,7.22,9.52,0.0
20230308:0410,0.0,0.0,0.0,6.99,9.72,0.0
20230308:0510,0.0,0.0,0.0,6.34,9.38,0.0
20230308:0610,0.0,0.0,0.0,5.85,9.17,0.0
20230308:0710,0.0,5.56,3.0,5.83,6.9,0.0
20230308:0810,87.9,66.42,12.12,6.25,4.76,0.0
20230308:0910,44.8,39.87,20.42,6.96,2.69,0.0
20230308:1010,164.7,112.18,27.35,8.99,5.66,0.0
20230308:1110,180.4,121.45,32.29,10.0,8.69,0.0
20230308:1210,263.1,168.75,34.62,10.07,9.1,0.0
20230308:1310,653.0,390.67,33.97,9.97,7.86,0.0
20230308:1410,425.78,260.73,30.46,9.91,7.52,0.0
20230308:1510,38.62,36.16,24.59,9.74,7.59,0.0
20230308:1610,325.54,204.14,17.01,9.89,7.79,0.0
20230308:1710,88.76,69.75,8.3,10.05,8.07,0.0
20230308:1810,0.0,0.0,0.0,9.97,8.48,0.0
20230308:1910,0.0,0.0,0.0,9.52,8.9,0.0
20230308:2010,0.0,0.0,0.0,9.58,9.66,0.0
20230308:2110,0.0,0.0,0.0,9.82,10.83,0.0
20230308:2210,0.0,0.0,0.0,9.92,11.45,0.0
20230308:2310,0.0,0.0,0.0,9.74,10.21,0.0
20230309:0010,0.0,0.0,0.0,9.65,9.1,0.0
20230309:0110,0.0,0.0,0.0,9.58,8.41,0.0
20230309:0210,0.0,0.0,0.0,9.7,7.86,0.0
20230309:0310,0.0,0.0,0.0,9.71,8.28,0.0
20230309:0410,0.0,0.0,0.0,9.99,9.17,0.0
20230309:0510,0.0,0.0,0.0,10.11,9.52,0.0
20230309:0610,0.0,0.0,0.0,10.25,9.31,0.0
20230309:0710,2.22,8.34,3.35,10.22,9.17,0.0
20230309:0810,73.78,58.63,12.48,10.18,9.24,0.0
20230309:0910,282.82,179.34,20.78,10.22,9.72,0.0
20230309:1010,401.64,247.07,27.73,10.32,7.93,0.0
20230309:1110,446.74,273.0,32.68,10.46,8.48,0.0
20230309:1210,689.26,411.54,35.01,10.44,8.97,0.0
20230309:1310,175.18,118.67,34.35,10.43,8.41,0.0
20230309:1410,84.12,64.9,30.82,10.22,8.9,0.0
20230309:1510,164.18,112.18,24.91,10.24,8.76,0.0
20230309:1610,75.02,59.33,17.3,10.32,10.21,0.0
20230309:1710,222.94,156.59,8.58,10.48,10.28,0.0
20230309:1810,0.0,0.0,0.0,10.42,10.07,0.0
20230309:1910,0.0,0.0,0.0,10.23,9.86,0.0
20230309:2010,0.0,0.0,0.0,10.04,10.69,0.0
20230309:2110,0.0,0.0,0.0,10.02,10.21,0.0
20230309:2210,0.0,0.0,0.0,10.08,9.59,0.0
20230309:2310,0.0,0.0,0.0,9.84,9.52,0.0
20230310:0010,0.0,0.0,0.0,9.7,10.48,0.0
20230310:0110,0.0,0.0,0.0,9.45,11.72,0.0
20230310:0210,0.0,0.0,0.0,8.03,13.03,0.0
20230310:0310,0.0,0.0,0.0,6.64,14.48,0.0
20230310:0410,0.0,0.0,0.0,6.31,15.45,0.0
20230310:0510,0.0,0.0,0.0,6.12,15.17,0.0
20230310:0610,0.0,0.0,0.0,6.07,15.1,0.0
20230310:0710,9.32,15.56,3.69,5.87,14.14,0.0
20230310:0810,488.58,298.36,12.83,5.73,12.83,0.0
20230310:0910,723.7,420.16,21.15,5.78,10.97,0.0
20230310:1010,241.54,153.97,28.11,6.2,8.41,0.0
20230310:1110,289.96,181.74,33.08,6.45,6.55,0.0
20230310:1210,452.52,273.75,35.41,6.52,5.31,0.0
20230310:1310,353.12,218.07,34.73,6.46,4.48,0.0
20230310:1410,272.04,172.49,31.17,6.23,3.1,0.0
20230310:1510,123.2,87.15,25.23,5.83,2.14,0.0
20230310:1610,217.18,141.33,17.59,5.58,1.17,0.0
20230310:1710,72.98,58.09,8.85,5.4,1.17,0.0
20230310:1810,0.0,0.0,0.0,5.07,2.0,0.0
20230310:1910,0.0,0.0,0.0,4.82,3.86,0.0
20230310:2010,0.0,0.0,0.0,4.78,4.97,0.0
20230310:2110,0.0,0.0,0.0,4.95,5.52,0.0
20230310:2210,0.0,0.0,0.0,4.74,7.66,0.0
20230310:2310,0.0,0.0,0.0,4.98,7.66,0.0
20230311:0010,0.0,0.0,0.0,5.18,7.86,0.0
20230311:0110,0.0,0.0,0.0,5.29,8.69,0.0
20230311:0210,0.0,0.0,0.0,5.28,8.69,0.0
20230311:0310,0.0,0.0,0.0,5.38,8.41,0.0
20230311:0410,0.0,0.0,0.0,5.55,8.34,0.0
20230311:0510,0.0,0.0,0.0,5.76,7.93,0.0
20230311:0610,0.0,0.0,0.0,5.91,7.86,0.0
20230311:0710,1.48,7.42,4.04,6.05,7.52,0.0
20230311:0810,98.58,72.65,13.18,6.24,7.03,0.0
20230311:0910,99.64,73.24,21.52,6.49,6.76,0.0
20230311:1010,167.96,113.11,28.5,7.27,7.24,0.0
20230311:1110,219.6,142.77,33.47,7.64,6.97,0.0
20230311:1210,196.48,129.79,35.8,7.95,6.83,0.0
20230311:1310,295.36,186.32,35.11,8.24,6.14,0.0
20230311:1410,153.12,105.69,31.52,9.19,4.21,0.0
20230311:1510,189.58,127.02,25.55,10.1,6.0,0.0
20230311:1610,83.82,64.9,17.88,10.86,7.86,0.0
20230311:1710,96.5,74.48,9.12,11.04,8.14,0.0
20230311:1810,0.0,0.0,0.0,10.84,7.93,0.0
20230311:1910,0.0,0.0,0.0,10.61,7.93,0.0
20230311:2010,0.0,0.0,0.0,10.48,8.34,0.0
20230311:2110,0.0,0.0,0.0,10.38,8.55,0.0
20230311:2210,0.0,0.0,0.0,10.14,8.34,0.0
20230311:2310,0.0,0.0,0.0,10.06,8.28,0.0
20230312:0010,0.0,0.0,0.0,9.91,8.07,0.0
20230312:0110,0.0,0.0,0.0,9.81,7.93,0.0
20230312:0210,0.0,0.0,0.0,9.83,8.62,0.0
20230312:0310,0.0,0.0,0.0,9.75,8.76,0.0
20230312:0410,0.0,0.0,0.0,9.69,8.14,0.0
20230312:0510,0.0,0.0,0.0,9.67,6.9,0.0
20230312:0610,0.0,0.0,0.0,9.75,6.48,0.0
20230312:0710,3.12,9.27,4.39,9.91,6.28,0.0
20230312:0810,113.92,83.08,13.54,10.11,6.07,0.0
20230312:0910,122.68,88.08,21.89,10.25,6.21,0.0
20230312:1010,238.04,154.81,28.88,10.39,7.59,0.0
20230312:1110,399.94,247.03,33.87,10.34,7.31,0.0
20230312:1210,362.34,225.28,36.2,10.27,8.83,0.0
20230312:1310,397.0,244.96,35.49,10.17,8.21,0.0
20230312:1410,185.02,124.23,31.87,10.12,8.0,0.0
20230312:1510,183.28,123.29,25.87,10.25,7.59,0.0
20230312:1610,96.32,72.31,18.17,10.38,8.83,0.0
20230312:1710,38.46,36.16,9.39,10.59,8.97,0.0
20230312:1810,0.0,0.0,0.0,10.64,10.0,0.0
20230312:1910,0.0,0.0,0.0,10.88,11.45,0.0
20230312:2010,0.0,0.0,0.0,11.11,12.14,0.0
20230312:2110,0.0,0.0,0.0,11.29,12.28,0.0
20230312:2210,0.0,0.0,0.0,11.45,11.66,0.0
20230312:2310,0.0,0.0,0.0,11.4,12.34,0.0
20230313:0010,0.0,0.0,0.0,11.6,13.31,0.0
20230313:0110,0.0,0.0,0.0,11.84,13.59,0.0
20230313:0210,0.0,0.0,0.0,11.87,14.0,0.0
20230313:0310,0.0,0.0,0.0,11.69,15.38,0.0
20230313:0410,0.0,0.0,0.0,11.46,15.45,0.0
20230313:0510,0.0,0.0,0.0,11.27,14.76,0.0
20230313:0610,0.0,0.0,0.0,11.22,14.55,0.0
20230313:0710,26.06,29.62,4.74,11.26,14.76,0.0
20230313:0810,355.6,225.27,13.9,11.28,14.62,0.0
20230313:0910,553.66,331.32,22.26,11.24,14.48,0.0
20230313:1010,790.32,467.59,29.27,11.42,12.34,0.0
20230313:1110,211.88,139.99,34.27,11.4,12.69,0.0
20230313:1210,511.84,309.54,36.6,11.15,12.28,0.0
20230313:1310,492.98,298.31,35.87,10.77,12.21,0.0
20230313:1410,456.18,277.31,32.22,10.57,11.31,0.0
20230313:1510,296.86,187.63,26.19,10.58,10.62,0.0
20230313:1610,443.76,271.58,18.46,10.51,9.45,0.0
20230313:1710,276.48,190.26,9.66,10.58,9.38,0.0
20230313:1810,0.0,0.0,0.0,10.49,9.03,0.0
20230313:1910,0.0,0.0,0.0,10.28,8.28,0.0
20230313:2010,0.0,0.0,0.0,10.11,8.07,0.0
20230313:2110,0.0,0.0,0.0,10.12,8.62,0.0
20230313:2210,0.0,0.0,0.0,9.69,11.45,0.0
20230313:2310,0.0,0.0,0.0,8.84,11.03,0.0
20230314:0010,0.0,0.0,0.0,8.33,10.14,0.0
20230314:0110,0.0,0.0,0.0,7.57,10.76,0.0
20230314:0210,0.0,0.0,0.0,7.27,10.62,0.0
20230314:0310,0.0,0.0,0.0,7.27,10.69,0.0
20230314:0410,0.0,0.0,0.0,7.31,11.03,0.0
20230314:0510,0.0,0.0,0.0,7.38,10.69,0.0
20230314:0610,0.0,0.0,0.0,7.55,10.28,0.0
20230314:0710,9.32,14.83,5.09,7.64,9.86,0.0
20230314:0810,551.42,338.1,14.26,7.61,9.38,0.0
20230314:0910,841.38,493.37,22.63,7.47,9.24,0.0
20230314:1010,1195.52,707.33,29.66,7.54,8.28,0.0
20230314:1110,1470.8,889.55,34.67,8.01,7.79,0.0
20230314:1210,1544.04,943.41,36.99,8.33,7.52,0.0
20230314:1310,1338.56,810.53,36.25,8.48,6.97,0.0
20230314:1410,1406.98,855.13,32.57,8.63,6.9,0.0
20230314:1510,1174.56,704.9,26.5,8.73,6.69,0.0
20230314:1610,749.94,449.28,18.75,8.66,7.17,0.0
20230314:1710,314.86,213.08,9.93,8.41,7.86,0.0
20230314:1810,0.0,0.0,0.0,7.91,7.86,0.0
20230314:1910,0.0,0.0,0.0,7.55,7.52,0.0
20230314:2010,0.0,0.0,0.0,7.47,6.83,0.0
20230314:2110,0.0,0.0,0.0,7.41,5.93,0.0
20230314:2210,0.0,0.0,0.0,7.36,4.97,0.0
20230314:2310,0.0,0.0,0.0,7.18,4.48,0.0
20230315:0010,0.0,0.0,0.0,6.97,3.93,0.0
20230315:0110,0.0,0.0,0.0,6.69,3.38,0.0
20230315:0210,0.0,0.0,0.0,6.74,3.1,0.0
20230315:0310,0.0,0.0,0.0,7.0,1.72,0.0
20230315:0410,0.0,0.0,0.0,6.74,0.97,0.0
20230315:0510,0.0,0.0,0.0,6.68,2.07,0.0
20230315:0610,0.0,0.0,0.0,6.82,2.0,0.0
20230315:0710,1.46,7.42,5.44,7.45,2.28,0.0
20230315:0810,207.92,137.85,14.62,7.77,3.17,0.0
20230315:0910,275.62,175.38,23.01,8.46,4.21,0.0
20230315:1010,557.7,335.21,30.05,8.47,5.59,0.0
20230315:1110,208.74,137.21,35.07,8.7,6.9,0.0
20230315:1210,178.06,119.6,37.39,8.84,7.79,0.0
20230315:1310,241.22,155.75,36.63,9.01,8.21,0.0
20230315:1410,197.38,130.72,32.91,9.15,9.03,0.0
20230315:1510,104.58,76.95,26.82,9.39,8.97,0.0
20230315:1610,87.44,66.75,19.04,9.62,9.03,0.0
20230315:1710,18.62,22.25,10.2,10.07,8.83,0.0
20230315:1810,0.0,0.0,0.0,10.17,8.76,0.0
20230315:1910,0.0,0.0,0.0,10.21,8.97,0.0
20230315:2010,0.0,0.0,0.0,10.27,8.55,0.0
20230315:2110,0.0,0.0,0.0,10.26,8.55,0.0
20230315:2210,0.0,0.0,0.0,10.27,8.62,0.0
20230315:2310,0.0,0.0,0.0,10.3,9.24,0.0
20230316:0010,0.0,0.0,0.0,10.3,9.24,0.0
20230316:0110,0.0,0.0,0.0,10.31,9.38,0.0
20230316:0210,0.0,0.0,0.0,10.32,9.79,0.0
20230316:0310,0.0,0.0,0.0,10.29,9.79,0.0
20230316:0410,0.0,0.0,0.0,10.24,9.72,0.0
20230316:0510,0.0,0.0,0.0,10.19,9.72,0.0
20230316:0610,0.0,0.0,0.0,10.17,9.66,0.0
20230316:0710,0.0,4.64,5.79,10.26,9.52,0.0
20230316:0810,74.98,59.33,14.98,10.36,9.24,0.0
20230316:0910,108.78,79.73,23.38,10.31,9.24,0.0
20230316:1010,161.04,110.33,30.44,10.14,8.62,0.0
20230316:1110,130.76,92.71,35.47,10.19,8.21,0.0
20230316:1210,162.26,111.25,37.79,10.4,7.38,0.0
20230316:1310,140.0,98.27,37.01,10.59,8.48,0.0
20230316:1410,167.08,114.03,33.26,10.51,8.21,0.0
20230316:1510,49.8,43.57,27.13,10.51,8.0,0.0
20230316:1610,55.58,47.28,19.33,10.52,7.79,0.0
20230316:1710,30.24,30.59,10.47,10.54,7.72,0.0
20230316:1810,0.0,0.0,0.0,10.52,7.66,0.0
20230316:1910,0.0,0.0,0.0,10.54,7.38,0.0
20230316:2010,0.0,0.0,0.0,10.62,7.17,0.0
20230316:2110,0.0,0.0,0.0,10.74,7.03,0.0
20230316:2210,0.0,0.0,0.0,10.62,7.03,0.0
20230316:2310,0.0,0.0,0.0,10.54,7.79,0.0
20230317:0010,0.0,0.0,0.0,10.48,7.79,0.0
20230317:0110,0.0,0.0,0.0,10.43,6.83,0.0
20230317:0210,0.0,0.0,0.0,10.37,6.41,0.0
20230317:0310,0.0,0.0,0.0,10.37,6.14,0.0
20230317:0410,0.0,0.0,0.0,10.26,6.69,0.0
20230317:0510,0.0,0.0,0.0,10.23,7.24,0.0
20230317:0610,0.0,0.0,0.0,10.34,7.72,0.0
20230317:0710,28.36,29.73,6.14,10.25,7.93,0.0
20230317:0810,76.44,60.26,15.34,10.36,7.72,0.0
20230317:0910,420.98,258.57,23.76,10.6,7.45,0.0
20230317:1010,707.54,423.44,30.83,10.79,7.93,0.0
20230317:1110,815.8,487.93,35.87,10.86,8.14,0.0
20230317:1210,1350.86,819.93,38.19,10.84,8.55,0.0
20230317:1310,883.98,528.97,37.39,11.01,8.34,0.0
20230317:1410,613.48,370.21,33.61,11.21,7.66,0.0
20230317:1510,270.94,173.95,27.45,10.97,7.52,0.0
20230317:1610,380.62,236.58,19.61,10.88,7.59,0.0
20230317:1710,76.88,61.16,10.74,10.8,7.38,0.0
20230317:1810,0.0,0.0,0.0,10.72,7.03,0.0
20230317:1910,0.0,0.0,0.0,10.58,6.41,0.0
20230317:2010,0.0,0.0,0.0,10.43,5.93,0.0
20230317:2110,0.0,0.0,0.0,10.29,5.38,0.0
20230317:2210,0.0,0.0,0.0,10.27,5.24,0.0
20230317:2310,0.0,0.0,0.0,10.08,5.45,0.0
20230318:0010,0.0,0.0,0.0,9.81,5.24,0.0
20230318:0110,0.0,0.0,0.0,9.76,4.62,0.0
20230318:0210,0.0,0.0,0.0,9.61,3.72,0.0
20230318:0310,0.0,0.0,0.0,9.5,2.69,0.0
20230318:0410,0.0,0.0,0.0,9.6,2.28,0.0
20230318:0510,0.0,0.0,0.0,9.4,2.21,0.0
20230318:0610,0.0,0.0,0.0,9.31,2.07,0.0
20230318:0710,34.5,34.29,6.5,9.26,2.07,0.0
20230318:0810,179.44,121.94,15.71,9.47,2.28,0.0
20230318:0910,508.42,312.43,24.13,9.91,2.55,0.0
20230318:1010,818.0,503.86,31.22,10.36,2.14,0.0
20230318:1110,1354.42,874.97,36.27,10.64,2.34,0.0
20230318:1210,1489.28,966.48,38.59,10.79,3.17,0.0
20230318:1310,1459.5,932.96,37.77,10.95,3.93,0.0
20230318:1410,553.82,338.84,33.96,10.9,4.28,0.0
20230318:1510,1036.76,632.87,27.76,10.96,4.76,0.0
20230318:1610,330.14,208.66,19.9,11.01,5.17,0.0
20230318:1710,120.42,88.85,11.0,10.9,5.31,0.0
20230318:1810,0.0,0.0,0.0,10.73,5.66,0.0
20230318:1910,0.0,0.0,0.0,10.34,5.59,0.0
20230318:2010,0.0,0.0,0.0,9.97,6.14,0.0
20230318:2110,0.0,0.0,0.0,9.65,6.62,0.0
20230318:2210,0.0,0.0,0.0,9.51,6.69,0.0
20230318:2310,0.0,0.0,0.0,9.17,6.69,0.0
20230319:0010,0.0,0.0,0.0,8.87,6.14,0.0
20230319:0110,0.0,0.0,0.0,8.58,6.07,0.0
20230319:0210,0.0,0.0,0.0,8.15,5.79,0.0
20230319:0310,0.0,0.0,0.0,7.73,5.66,0.0
20230319:0410,0.0,0.0,0.0,7.31,5.17,0.0
20230319:0510,0.0,0.0,0.0,7.09,4.62,0.0
20230319:0610,0.0,0.0,0.0,6.77,4.07,0.0
20230319:0710,115.28,96.51,6.85,6.58,3.45,0.0
20230319:0810,564.74,348.96,16.07,7.03,3.66,0.0
20230319:0910,983.26,592.31,24.51,7.51,4.21,0.0
20230319:1010,838.08,504.96,31.61,7.9,3.52,0.0
20230319:1110,1426.48,901.19,36.68,8.33,3.45,0.0
20230319:1210,1487.22,937.67,38.99,8.7,4.28,0.0
20230319:1310,1571.52,987.9,38.15,9.1,5.31,0.0
20230319:1410,1065.02,644.57,34.3,9.47,5.38,0.0
20230319:1510,668.0,401.02,28.07,9.58,5.66,0.0
20230319:1610,174.96,118.37,20.18,9.54,5.38,0.0
20230319:1710,143.86,102.99,11.27,9.3,5.1,0.0
20230319:1810,0.0,0.93,1.83,9.17,4.76,0.0
20230319:1910,0.0,0.0,0.0,9.12,4.34,0.0
20230319:2010,0.0,0.0,0.0,9.11,4.69,0.0
20230319:2110,0.0,0.0,0.0,9.22,4.55,0.0
20230319:2210,0.0,0.0,0.0,9.54,4.83,0.0
20230319:2310,0.0,0.0,0.0,9.74,5.72,0.0
20230320:0010,0.0,0.0,0.0,9.85,6.21,0.0
20230320:0110,0.0,0.0,0.0,10.01,6.48,0.0
20230320:0210,0.0,0.0,0.0,10.08,6.83,0.0
20230320:0310,0.0,0.0,0.0,10.19,6.69,0.0
20230320:0410,0.0,0.0,0.0,10.16,6.76,0.0
20230320:0510,0.0,0.0,0.0,10.18,6.83,0.0
20230320:0610,0.0,0.0,0.0,10.21,6.97,0.0
20230320:0710,29.48,30.43,7.21,10.22,7.1,0.0
20230320:0810,30.28,30.59,16.43,10.32,7.38,0.0
20230320:0910,77.94,61.19,24.89,10.36,7.38,0.0
20230320:1010,113.28,82.51,32.01,10.36,6.9,0.0
20230320:1110,202.22,134.43,37.08,10.48,7.24,0.0
20230320:1210,168.5,114.96,39.39,10.61,7.45,0.0
20230320:1310,165.22,113.11,38.52,10.68,7.31,0.0
20230320:1410,186.12,125.16,34.65,10.57,7.45,0.0
20230320:1510,192.66,128.87,28.38,10.45,7.52,0.0
20230320:1610,102.42,76.02,20.47,10.41,7.45,0.0
20230320:1710,91.42,69.97,11.53,10.22,8.07,0.0
20230320:1810,0.0,0.93,2.09,10.16,8.62,0.0
20230320:1910,0.0,0.0,0.0,10.14,8.9,0.0
20230320:2010,0.0,0.0,0.0,10.13,8.76,0.0
20230320:2110,0.0,0.0,0.0,10.18,9.1,0.0
20230320:2210,0.0,0.0,0.0,10.15,8.48,0.0
20230320:2310,0.0,0.0,0.0,10.27,9.31,0.0
20230321:0010,0.0,0.0,0.0,10.3,9.93,0.0
20230321:0110,0.0,0.0,0.0,10.31,9.79,0.0
20230321:0210,0.0,0.0,0.0,10.39,9.31,0.0
20230321:0310,0.0,0.0,0.0,10.52,8.9,0.0
20230321:0410,0.0,0.0,0.0,10.46,8.69,0.0
20230321:0510,0.0,0.0,0.0,10.41,8.41,0.0
20230321:0610,0.0,0.0,0.0,10.39,8.69,0.0
20230321:0710,0.0,0.0,0.0,10.36,8.97,0.0
20230321:0810,0.0,0.0,0.0,10.28,8.69,0.0
20230321:0910,998.42,597.93,25.26,10.5,7.72,0.0
20230321:1010,718.6,430.33,32.4,10.64,7.59,0.0
20230321:1110,1493.06,918.85,37.48,10.94,7.72,0.0
20230321:1210,1349.66,821.34,39.79,11.22,8.48,0.0
20230321:1310,1094.34,654.56,38.9,11.09,9.59,0.0
20230321:1410,1128.54,674.33,34.99,11.05,9.59,0.0
20230321:1510,789.62,469.39,28.69,10.96,9.72,0.0
20230321:1610,210.5,138.95,20.75,10.75,9.79,0.0
20230321:1710,72.84,58.22,11.8,10.66,10.21,0.0
20230321:1810,0.0,1.85,2.35,10.6,10.07,0.0
20230321:1910,0.0,0.0,0.0,10.65,10.62,0.0
20230321:2010,0.0,0.0,0.0,10.75,11.03,0.0
20230321:2110,0.0,0.0,0.0,10.81,11.66,0.0
20230321:2210,0.0,0.0,0.0,10.72,12.21,0.0
20230321:2310,0.0,0.0,0.0,10.6,12.48,0.0
20230322:0010,0.0,0.0,0.0,10.81,12.9,0.0
20230322:0110,0.0,0.0,0.0,11.05,13.31,0.0
20230322:0210,0.0,0.0,0.0,11.22,13.59,0.0
20230322:0310,0.0,0.0,0.0,11.26,12.83,0.0
20230322:0410,0.0,0.0,0.0,11.04,10.55,0.0
20230322:0510,0.0,0.0,0.0,10.78,8.69,0.0
20230322:0610,0.0,0.0,0.0,10.39,7.1,0.0
20230322:0710,0.0,0.0,0.0,10.11,5.52,0.0
20230322:0810,588.68,365.37,17.16,10.19,5.45,0.0
20230322:0910,800.96,483.37,25.64,10.68,5.52,0.0
20230322:1010,606.06,366.49,32.79,10.92,6.55,0.0
20230322:1110,587.64,356.53,37.88,11.17,6.97,0.0
20230322:1210,169.82,115.89,40.19,10.98,7.66,0.0
20230322:1310,389.88,241.99,39.28,10.94,8.34,0.0
20230322:1410,274.66,175.98,35.34,10.99,9.45,0.0
20230322:1510,291.78,185.37,29.0,10.97,10.07,0.0
20230322:1610,336.98,210.85,21.03,10.92,10.83,0.0
20230322:1710,57.04,48.21,12.06,10.78,11.72,0.0
20230322:1810,0.0,5.56,2.6,10.96,12.07,0.0
20230322:1910,0.0,0.0,0.0,10.69,13.24,0.0
20230322:2010,0.0,0.0,0.0,10.18,14.07,0.0
20230322:2110,0.0,0.0,0.0,10.07,11.24,0.0
20230322:2210,0.0,0.0,0.0,10.19,11.1,0.0
20230322:2310,0.0,0.0,0.0,9.93,10.07,0.0
20230323:0010,0.0,0.0,0.0,9.87,9.17,0.0
20230323:0110,0.0,0.0,0.0,9.8,9.24,0.0
20230323:0210,0.0,0.0,0.0,9.8,10.21,0.0
20230323:0310,0.0,0.0,0.0,9.83,10.07,0.0
20230323:0410,0.0,0.0,0.0,9.61,9.66,0.0
20230323:0510,0.0,0.0,0.0,9.9,10.14,0.0
20230323:0610,0.0,0.0,0.0,10.04,10.0,0.0
20230323:0710,49.42,43.91,8.28,10.11,10.62,0.0
20230323:0810,403.62,251.13,17.52,10.38,10.41,0.0
20230323:0910,501.92,303.12,26.02,10.64,10.83,0.0
20230323:1010,610.18,365.96,33.18,11.05,10.28,0.0
20230323:1110,293.94,187.1,38.28,11.33,10.55,0.0
20230323:1210,230.98,151.12,40.58,11.44,11.03,0.0
20230323:1310,292.9,186.35,39.66,11.1,10.76,0.0
20230323:1410,164.14,112.18,35.68,10.47,10.14,0.0
20230323:1510,167.18,114.03,29.31,10.53,9.1,0.0
20230323:1610,121.22,87.15,21.31,10.39,8.62,0.0
20230323:1710,105.52,78.61,12.32,10.54,8.76,0.0
20230323:1810,0.0,1.85,2.86,10.56,8.62,0.0
20230323:1910,0.0,0.0,0.0,10.39,9.03,0.0
20230323:2010,0.0,0.0,0.0,10.24,9.52,0.0
20230323:2110,0.0,0.0,0.0,10.13,9.93,0.0
20230323:2210,0.0,0.0,0.0,9.78,9.24,0.0
20230323:2310,0.0,0.0,0.0,9.67,9.17,0.0
20230324:0010,0.0,0.0,0.0,9.49,8.76,0.0
20230324:0110,0.0,0.0,0.0,9.5,8.48,0.0
20230324:0210,0.0,0.0,0.0,9.36,8.55,0.0
20230324:0310,0.0,0.0,0.0,9.48,8.48,0.0
20230324:0410,0.0,0.0,0.0,9.52,8.55,0.0
20230324:0510,0.0,0.0,0.0,9.53,8.62,0.0
20230324:0610,0.0,0.0,0.0,9.41,8.83,0.0
20230324:0710,163.64,129.52,8.63,9.51,9.52,0.0
20230324:0810,524.04,320.86,17.89,9.67,10.07,0.0
20230324:0910,945.08,557.01,26.39,9.91,11.17,0.0
20230324:1010,1356.1,808.28,33.57,9.99,10.69,0.0
20230324:1110,1432.92,861.52,38.68,9.96,10.14,0.0
20230324:1210,1622.18,975.45,40.98,10.25,12.48,0.0
20230324:1310,1412.66,843.9,40.03,10.5,12.07,0.0
20230324:1410,1343.2,796.85,36.02,10.52,12.62,0.0
20230324:1510,585.54,349.51,29.61,10.33,11.79,0.0
20230324:1610,672.08,400.84,21.58,10.23,12.28,0.0
20230324:1710,71.58,57.18,12.58,9.69,13.17,0.0
20230324:1810,0.0,3.71,3.11,9.51,12.55,0.0
20230324:1910,0.0,0.0,0.0,9.32,12.55,0.0
20230324:2010,0.0,0.0,0.0,9.2,11.52,0.0
20230324:2110,0.0,0.0,0.0,9.26,11.24,0.0
20230324:2210,0.0,0.0,0.0,9.13,10.55,0.0
20230324:2310,0.0,0.0,0.0,9.04,10.62,0.0
20230325:0010,0.0,0.0,0.0,9.11,10.69,0.0
20230325:0110,0.0,0.0,0.0,9.16,10.21,0.0
20230325:0210,0.0,0.0,0.0,9.31,10.0,0.0
20230325:0310,0.0,0.0,0.0,9.28,9.93,0.0
20230325:0410,0.0,0.0,0.0,9.22,9.59,0.0
20230325:0510,0.0,0.0,0.0,9.21,9.24,0.0
20230325:0610,0.0,0.0,0.0,9.24,8.97,0.0
20230325:0710,66.44,55.09,8.99,9.4,9.03,0.0
20230325:0810,418.94,259.52,18.25,9.72,8.83,0.0
20230325:0910,394.2,242.59,26.77,10.34,9.59,0.0
20230325:1010,944.3,561.87,33.96,10.76,9.38,0.0
20230325:1110,1402.78,856.42,39.09,10.93,8.14,0.0
20230325:1210,469.6,287.99,41.38,10.73,7.31,0.0
20230325:1310,189.6,127.01,40.4,10.1,6.62,0.0
20230325:1410,463.82,283.14,36.36,9.96,7.45,0.0
20230325:1510,226.5,148.12,29.92,10.15,7.52,0.0
20230325:1610,525.2,320.02,21.86,10.62,7.1,0.0
20230325:1710,139.36,99.61,12.84,10.57,7.66,0.0
20230325:1810,0.64,6.49,3.36,10.25,7.86,0.0
20230325:1910,0.0,0.0,0.0,10.01,7.66,0.0
20230325:2010,0.0,0.0,0.0,9.82,8.0,0.0
20230325:2110,0.0,0.0,0.0,9.97,8.9,0.0
20230325:2210,0.0,0.0,0.0,9.54,7.52,0.0
20230325:2310,0.0,0.0,0.0,9.22,7.03,0.0
20230326:0010,0.0,0.0,0.0,9.04,7.38,0.0
20230326:0110,0.0,0.0,0.0,8.89,6.76,0.0
20230326:0210,0.0,0.0,0.0,8.71,6.28,0.0
20230326:0310,0.0,0.0,0.0,8.31,7.1,0.0
20230326:0410,0.0,0.0,0.0,8.23,6.9,0.0
20230326:0510,0.0,0.0,0.0,7.88,6.07,0.0
20230326:0610,0.0,0.0,0.0,8.09,4.76,0.0
20230326:0710,129.24,99.49,9.34,7.95,3.66,0.0
20230326:0810,628.88,389.2,18.61,8.29,3.17,0.0
20230326:0910,944.56,574.51,27.14,8.82,3.52,0.0
20230326:1010,1314.12,821.86,34.35,9.84,3.86,0.0
20230326:1110,628.24,382.9,39.49,10.41,4.28,0.0
20230326:1210,1013.98,620.94,41.77,10.61,4.62,0.0
20230326:1310,659.62,401.95,40.78,10.75,4.55,0.0
20230326:1410,849.76,516.79,36.7,11.01,4.76,0.0
20230326:1510,232.64,152.74,30.22,11.03,4.69,0.0
20230326:1610,132.98,94.56,22.14,11.06,4.83,0.0
20230326:1710,145.32,103.59,13.1,10.88,4.48,0.0
20230326:1810,0.64,6.49,3.62,10.43,4.28,0.0
20230326:1910,0.0,0.0,0.0,9.9,3.66,0.0
20230326:2010,0.0,0.0,0.0,9.32,3.1,0.0
20230326:2110,0.0,0.0,0.0,8.84,2.62,0.0
20230326:2210,0.0,0.0,0.0,8.59,2.07,0.0
20230326:2310,0.0,0.0,0.0,8.22,2.14,0.0
20230327:0010,0.0,0.0,0.0,7.95,2.41,0.0
20230327:0110,0.0,0.0,0.0,7.61,2.69,0.0
20230327:0210,0.0,0.0,0.0,7.4,3.03,0.0
20230327:0310,0.0,0.0,0.0,7.05,3.24,0.0
20230327:0410,0.0,0.0,0.0,6.7,3.59,0.0
20230327:0510,0.0,0.0,0.0,6.23,3.93,0.0
20230327:0610,0.0,0.0,0.0,5.83,3.93,0.0
20230327:0710,193.72,147.18,9.69,5.88,3.59,0.0
20230327:0810,615.58,377.03,18.97,6.11,2.97,0.0
20230327:0910,985.64,600.74,27.52,6.55,2.34,0.0
20230327:1010,1215.12,775.5,34.74,8.58,1.38,0.0
20230327:1110,1395.28,924.04,39.89,9.11,1.1,0.0
20230327:1210,1307.5,857.63,42.17,9.48,1.1,0.0
20230327:1310,1423.84,939.02,41.15,9.77,1.66,0.0
20230327:1410,1010.3,625.93,37.03,9.77,2.62,0.0
20230327:1510,637.7,387.82,30.52,9.62,3.31,0.0
20230327:1610,770.18,471.09,22.41,9.59,3.59,0.0
20230327:1710,339.26,228.0,13.36,9.37,4.07,0.0
20230327:1810,10.82,17.35,3.87,9.05,4.48,0.0
20230327:1910,0.0,0.0,0.0,8.81,4.48,0.0
20230327:2010,0.0,0.0,0.0,8.7,4.62,0.0
20230327:2110,0.0,0.0,0.0,8.78,4.97,0.0
20230327:2210,0.0,0.0,0.0,9.15,5.38,0.0
20230327:2310,0.0,0.0,0.0,9.39,6.21,0.0
20230328:0010,0.0,0.0,0.0,9.58,6.76,0.0
20230328:0110,0.0,0.0,0.0,9.72,7.31,0.0
20230328:0210,0.0,0.0,0.0,9.76,8.0,0.0
20230328:0310,0.0,0.0,0.0,9.69,8.07,0.0
20230328:0410,0.0,0.0,0.0,9.59,8.48,0.0
20230328:0510,0.0,0.0,0.0,9.45,9.24,0.0
20230328:0610,0.0,0.0,0.0,9.43,9.24,0.0
20230328:0710,14.98,19.47,10.05,9.58,10.21,0.0
20230328:0810,137.0,96.09,19.33,9.65,9.93,0.0
20230328:0910,98.24,73.24,27.89,9.65,9.31,0.0
20230328:1010,150.34,103.84,35.13,9.65,9.86,0.0
20230328:1110,209.98,138.14,40.28,9.92,11.59,0.0
20230328:1210,126.04,89.93,42.56,10.47,10.9,0.0
20230328:1310,128.88,91.78,41.52,10.93,10.41,0.0
20230328:1410,152.46,105.69,37.37,11.07,9.59,0.0
20230328:1510,174.58,118.67,30.82,11.16,8.48,0.0
20230328:1610,218.2,143.92,22.68,11.16,7.59,0.0
20230328:1710,125.56,91.01,13.61,11.14,6.41,0.0
20230328:1810,3.08,9.27,4.12,11.1,5.93,0.0
20230328:1910,0.0,0.0,0.0,10.91,5.45,0.0
20230328:2010,0.0,0.0,0.0,10.81,5.03,0.0
20230328:2110,0.0,0.0,0.0,10.81,4.83,0.0
20230328:2210,0.0,0.0,0.0,10.57,4.07,0.0
20230328:2310,0.0,0.0,0.0,10.61,4.21,0.0
20230329:0010,0.0,0.0,0.0,10.67,4.97,0.0
20230329:0110,0.0,0.0,0.0,10.76,5.52,0.0
20230329:0210,0.0,0.0,0.0,10.8,6.28,0.0
20230329:0310,0.0,0.0,0.0,10.86,6.83,0.0
20230329:0410,0.0,0.0,0.0,10.91,7.59,0.0
20230329:0510,0.0,0.0,0.0,11.02,7.79,0.0
20230329:0610,0.0,0.0,0.0,11.08,8.41,0.0
20230329:0710,16.06,20.4,10.4,11.11,9.03,0.0
20230329:0810,62.76,51.92,19.69,11.19,9.66,0.0
20230329:0910,173.06,117.74,28.26,11.32,10.14,0.0
20230329:1010,230.6,151.12,35.52,11.46,9.24,0.0
20230329:1110,133.08,94.56,40.68,11.65,9.59,0.0
20230329:1210,140.9,99.2,42.96,11.72,9.45,0.0
20230329:1310,358.42,224.6,41.89,11.81,9.66,0.0
20230329:1410,180.54,122.38,37.7,11.82,9.59,0.0
20230329:1510,104.96,77.88,31.12,11.65,8.9,0.0
20230329:1610,38.3,36.16,22.96,11.45,9.72,0.0
20230329:1710,34.2,33.38,13.87,11.31,10.55,0.0
20230329:1810,3.06,9.27,4.37,11.54,11.45,0.0
20230329:1910,0.0,0.0,0.0,11.6,11.31,0.0
20230329:2010,0.0,0.0,0.0,11.59,11.52,0.0
20230329:2110,0.0,0.0,0.0,11.42,11.45,0.0
20230329:2210,0.0,0.0,0.0,11.37,10.76,0.0
20230329:2310,0.0,0.0,0.0,11.25,10.48,0.0
20230330:0010,0.0,0.0,0.0,11.18,10.14,0.0
20230330:0110,0.0,0.0,0.0,11.09,9.72,0.0
20230330:0210,0.0,0.0,0.0,10.89,9.79,0.0
20230330:0310,0.0,0.0,0.0,10.73,10.34,0.0
20230330:0410,0.0,0.0,0.0,10.77,10.83,0.0
20230330:0510,0.0,0.0,0.0,10.87,10.83,0.0
20230330:0610,0.0,0.0,0.0,10.89,10.34,0.0
20230330:0710,132.14,99.38,10.75,10.97,10.0,0.0
20230330:0810,313.78,199.03,20.05,11.15,9.93,0.0
20230330:0910,433.88,266.36,28.63,11.32,9.31,0.0
20230330:1010,606.34,365.84,35.9,11.51,9.03,0.0
20230330:1110,683.82,411.53,41.08,11.67,9.31,0.0
20230330:1210,791.28,475.17,43.35,11.85,9.45,0.0
20230330:1310,694.34,417.49,42.26,11.9,10.14,0.0
20230330:1410,384.56,239.2,38.04,11.64,9.66,0.0
20230330:1510,149.04,103.84,31.42,11.49,10.28,0.0
20230330:1610,146.12,101.98,23.23,11.2,10.83,0.0
20230330:1710,120.8,87.76,14.12,11.27,10.83,0.0
20230330:1810,0.64,6.49,4.62,11.07,11.93,0.0
20230330:1910,0.0,0.0,0.0,11.08,12.28,0.0
20230330:2010,0.0,0.0,0.0,10.99,14.41,0.0
20230330:2110,0.0,0.0,0.0,11.16,13.79,0.0
20230330:2210,0.0,0.0,0.0,11.26,12.76,0.0
20230330:2310,0.0,0.0,0.0,11.16,14.97,0.0
20230331:0010,0.0,0.0,0.0,10.86,15.52,0.0
20230331:0110,0.0,0.0,0.0,10.75,15.31,0.0
20230331:0210,0.0,0.0,0.0,10.78,15.86,0.0
20230331:0310,0.0,0.0,0.0,10.73,16.0,0.0
20230331:0410,0.0,0.0,0.0,10.75,15.79,0.0
20230331:0510,0.0,0.0,0.0,10.65,16.21,0.0
20230331:0610,0.0,0.0,0.0,10.49,16.62,0.0
20230331:0710,28.96,29.67,11.1,10.45,16.69,0.0
20230331:0810,202.2,133.8,20.41,10.5,16.62,0.0
20230331:0910,115.34,83.44,29.0,10.34,16.34,0.0
20230331:1010,388.2,238.6,36.29,10.28,14.41,0.0
20230331:1110,568.12,339.85,41.47,10.33,14.55,0.0
20230331:1210,691.06,409.96,43.74,10.63,14.9,0.0
20230331:1310,746.3,442.21,42.63,10.85,14.07,0.0
20230331:1410,566.9,339.88,38.37,10.98,14.28,0.0
20230331:1510,309.5,194.9,31.71,10.94,14.07,0.0
20230331:1610,300.0,189.54,23.49,10.94,13.86,0.0
20230331:1710,124.18,89.49,14.38,10.77,13.24,0.0
20230331:1810,4.98,11.13,4.86,10.66,12.55,0.0
20230331:1910,0.0,0.0,0.0,10.49,12.07,0.0
20230331:2010,0.0,0.0,0.0,10.38,11.52,0.0
20230331:2110,0.0,0.0,0.0,10.26,11.24,0.0
20230331:2210,0.0,0.0,0.0,10.13,10.97,0.0
20230331:2310,0.0,0.0,0.0,10.01,10.48,0.0
20230401:0010,0.0,0.0,0.0,9.88,10.14,0.0
20230401:0110,0.0,0.0,0.0,9.76,9.66,0.0
20230401:0210,0.0,0.0,0.0,9.65,9.31,0.0
20230401:0310,0.0,0.0,0.0,9.46,9.1,0.0
20230401:0410,0.0,0.0,0.0,9.38,8.55,0.0
20230401:0510,0.0,0.0,0.0,9.32,8.55,0.0
20230401:0610,0.0,1.75,1.9,9.2,8.48,0.0
20230401:0710,172.52,125.86,11.45,9.24,7.86,0.0
20230401:0810,492.86,301.56,20.76,9.48,8.21,0.0
20230401:0910,471.26,286.47,29.37,9.84,8.0,0.0
20230401:1010,774.74,463.26,36.67,10.24,7.72,0.0
20230401:1110,815.24,490.03,41.87,10.81,7.45,0.0
20230401:1210,730.42,439.54,44.13,10.82,7.79,0.0
20230401:1310,595.76,360.22,42.99,10.73,8.14,0.0
20230401:1410,689.86,414.51,38.7,10.96,8.28,0.0
20230401:1510,974.42,583.36,32.01,11.17,8.34,0.0
20230401:1610,838.1,505.45,23.76,11.18,8.48,0.0
20230401:1710,181.66,125.14,14.63,11.06,8.55,0.0
20230401:1810,25.68,37.64,5.11,10.73,8.28,0.0
20230401:1910,0.0,0.0,0.0,10.18,7.72,0.0
20230401:2010,0.0,0.0,0.0,9.61,7.45,0.0
20230401:2110,0.0,0.0,0.0,9.22,7.31,0.0
20230401:2210,0.0,0.0,0.0,9.03,7.38,0.0
20230401:2310,0.0,0.0,0.0,8.76,7.17,0.0
20230402:0010,0.0,0.0,0.0,8.43,6.9,0.0
20230402:0110,0.0,0.0,0.0,8.2,6.76,0.0
20230402:0210,0.0,0.0,0.0,8.0,6.28,0.0
20230402:0310,0.0,0.0,0.0,7.91,6.14,0.0
20230402:0410,0.0,0.0,0.0,7.85,5.93,0.0
20230402:0510,0.0,0.0,0.0,7.81,5.59,0.0
20230402:0610,0.0,5.25,2.25,7.77,5.24,0.0
20230402:0710,246.46,180.78,11.8,7.92,5.03,0.0
20230402:0810,702.06,428.83,21.12,8.49,5.1,0.0
20230402:0910,941.8,567.1,29.74,9.29,5.31,0.0
20230402:1010,1061.9,647.28,37.05,10.04,4.9,0.0
20230402:1110,965.14,591.78,42.26,10.77,4.28,0.0
20230402:1210,1310.54,849.59,44.52,11.31,2.28,0.0
20230402:1310,532.34,335.83,43.35,11.39,0.21,0.0
20230402:1410,293.32,189.76,39.02,11.24,1.31,0.0
20230402:1510,254.62,166.56,32.3,10.95,1.59,0.0
20230402:1610,260.04,169.54,24.03,10.77,1.52,0.0
20230402:1710,167.44,116.85,14.88,10.46,1.66,0.0
20230402:1810,27.64,38.13,5.36,10.2,1.72,0.0
20230402:1910,0.0,0.0,0.0,9.64,1.59,0.0
20230402:2010,0.0,0.0,0.0,9.33,2.14,0.0
20230402:2110,0.0,0.0,0.0,9.22,2.76,0.0
20230402:2210,0.0,0.0,0.0,9.11,3.03,0.0
20230402:2310,0.0,0.0,0.0,9.04,3.1,0.0
20230403:0010,0.0,0.0,0.0,8.98,2.62,0.0
20230403:0110,0.0,0.0,0.0,8.88,2.28,0.0
20230403:0210,0.0,0.0,0.0,8.7,2.21,0.0
20230403:0310,0.0,0.0,0.0,8.42,3.24,0.0
20230403:0410,0.0,0.0,0.0,8.22,5.03,0.0
20230403:0510,0.0,0.0,0.0,7.92,6.21,0.0
20230403:0610,0.0,2.62,2.59,7.5,6.69,0.0
20230403:0710,118.04,86.2,12.14,7.39,7.1,0.0
20230403:0810,158.96,108.04,21.47,7.47,7.31,0.0
20230403:0910,221.34,143.7,30.1,7.52,6.9,0.0
20230403:1010,674.08,401.17,37.43,7.79,6.83,0.0
20230403:1110,1017.1,605.62,42.65,8.0,7.24,0.0
20230403:1210,1333.2,805.5,44.9,8.38,7.59,0.0
20230403:1310,1430.88,868.25,43.72,8.59,7.86,0.0
20230403:1410,1138.9,680.63,39.35,8.81,7.79,0.0
20230403:1510,1227.88,735.3,32.59,8.81,7.66,0.0
20230403:1610,812.02,485.31,24.29,8.69,7.66,0.0
20230403:1710,394.98,260.38,15.13,8.53,7.72,0.0
20230403:1810,26.46,41.83,5.6,8.22,7.52,0.0
20230403:1910,0.0,0.0,0.0,7.82,7.59,0.0
20230403:2010,0.0,0.0,0.0,7.59,7.79,0.0
20230403:2110,0.0,0.0,0.0,7.55,7.79,0.0
20230403:2210,0.0,0.0,0.0,7.77,7.66,0.0
20230403:2310,0.0,0.0,0.0,7.84,7.24,0.0
20230404:0010,0.0,0.0,0.0,7.9,6.69,0.0
20230404:0110,0.0,0.0,0.0,8.04,6.55,0.0
20230404:0210,0.0,0.0,0.0,8.09,6.55,0.0
20230404:0310,0.0,0.0,0.0,8.07,5.86,0.0
20230404:0410,0.0,0.0,0.0,7.99,5.31,0.0
20230404:0510,0.0,0.0,0.0,8.07,5.59,0.0
20230404:0610,1.84,7.87,2.94,8.13,5.79,0.0
20230404:0710,147.16,105.39,12.49,8.35,5.17,0.0
20230404:0810,277.84,177.79,21.82,9.08,4.34,0.0
20230404:0910,990.12,603.46,30.47,9.6,4.14,0.0
20230404:1010,1287.18,807.14,37.81,9.67,3.52,0.0
20230404:1110,1512.32,971.97,43.04,9.83,3.66,0.0
20230404:1210,1643.34,1069.87,45.29,9.91,3.93,0.0
20230404:1310,1583.16,1021.44,44.08,9.93,4.0,0.0
20230404:1410,1400.78,890.75,39.67,9.9,3.45,0.0
20230404:1510,1185.0,738.22,32.88,9.78,3.24,0.0
20230404:1610,807.56,495.62,24.55,9.62,3.31,0.0
20230404:1710,405.94,271.26,15.38,9.41,3.52,0.0
20230404:1810,38.7,45.19,5.85,8.98,3.1,0.0
20230404:1910,0.0,0.0,0.0,8.61,2.41,0.0
20230404:2010,0.0,0.0,0.0,8.46,2.28,0.0
20230404:2110,0.0,0.0,0.0,8.41,2.41,0.0
20230404:2210,0.0,0.0,0.0,8.09,2.62,0.0
20230404:2310,0.0,0.0,0.0,8.06,2.69,0.0
20230405:0010,0.0,0.0,0.0,8.32,2.69,0.0
20230405:0110,0.0,0.0,0.0,8.56,3.24,0.0
20230405:0210,0.0,0.0,0.0,8.75,3.59,0.0
20230405:0310,0.0,0.0,0.0,8.96,3.38,0.0
20230405:0410,0.0,0.0,0.0,9.11,3.24,0.0
20230405:0510,0.0,0.0,0.0,9.13,3.17,0.0
20230405:0610,0.0,2.62,3.28,9.14,3.38,0.0
20230405:0710,33.16,32.45,12.83,9.19,4.21,0.0
20230405:0810,207.52,137.34,22.17,9.49,4.76,0.0
20230405:0910,230.76,150.74,30.83,9.78,5.24,0.0
20230405:1010,237.72,154.83,38.19,9.81,5.17,0.0
20230405:1110,261.88,168.73,43.43,9.95,5.59,0.0
20230405:1210,313.46,198.4,45.67,9.98,5.72,0.0
20230405:1310,224.82,147.41,44.44,10.13,6.14,0.0
20230405:1410,173.72,117.74,39.99,10.06,7.24,0.0
20230405:1510,146.58,101.98,33.16,10.15,7.66,0.0
20230405:1610,279.56,178.45,24.81,10.09,7.1,0.0
20230405:1710,70.5,56.55,15.62,10.09,7.03,0.0
20230405:1810,0.0,4.64,6.09,10.15,6.9,0.0
20230405:1910,0.0,0.0,0.0,10.2,6.83,0.0
20230405:2010,0.0,0.0,0.0,10.27,6.62,0.0
20230405:2110,0.0,0.0,0.0,10.28,6.48,0.0
20230405:2210,0.0,0.0,0.0,10.42,6.21,0.0
20230405:2310,0.0,0.0,0.0,10.4,6.34,0.0
20230406:0010,0.0,0.0,0.0,10.19,6.62,0.0
20230406:0110,0.0,0.0,0.0,9.65,7.31,0.0
20230406:0210,0.0,0.0,0.0,9.05,7.38,0.0
20230406:0310,0.0,0.0,0.0,8.88,7.03,0.0
20230406:0410,0.0,0.0,0.0,9.03,7.1,0.0
20230406:0510,0.0,0.0,0.0,9.2,7.45,0.0
20230406:0610,10.3,15.74,3.62,9.2,7.17,0.0
20230406:0710,274.52,197.57,13.17,9.34,6.48,0.0
20230406:0810,680.68,415.0,22.51,9.69,6.28,0.0
20230406:0910,1029.08,619.18,31.19,10.15,6.69,0.0
20230406:1010,1323.44,814.08,38.56,10.68,6.14,0.0
20230406:1110,1457.56,907.62,43.81,10.98,6.34,0.0
20230406:1210,1570.62,984.41,46.05,11.16,6.83,0.0
20230406:1310,1521.56,948.68,44.79,11.16,6.9,0.0
20230406:1410,1355.88,834.27,40.31,11.21,6.83,0.0
20230406:1510,944.7,568.84,33.45,11.06,6.97,0.0
20230406:1610,589.18,357.87,25.07,10.94,7.31,0.0
20230406:1710,358.22,237.56,15.87,10.58,7.31,0.0
20230406:1810,41.88,52.14,6.33,10.14,6.9,0.0
20230406:1910,0.0,0.0,0.0,9.47,6.07,0.0
20230406:2010,0.0,0.0,0.0,8.76,4.97,0.0
20230406:2110,0.0,0.0,0.0,8.16,4.21,0.0
20230406:2210,0.0,0.0,0.0,7.67,3.52,0.0
20230406:2310,0.0,0.0,0.0,7.44,3.45,0.0
20230407:0010,0.0,0.0,0.0,7.23,3.38,0.0
20230407:0110,0.0,0.0,0.0,6.96,3.31,0.0
20230407:0210,0.0,0.0,0.0,6.66,3.1,0.0
20230407:0310,0.0,0.0,0.0,6.68,2.76,0.0
20230407:0410,0.0,0.0,0.0,6.68,2.69,0.0
20230407:0510,0.0,0.0,0.0,6.78,2.83,0.0
20230407:0610,7.34,13.12,3.96,6.64,2.83,0.0
20230407:0710,201.52,140.57,13.51,7.27,2.76,0.0
20230407:0810,746.22,461.09,22.86,8.11,2.48,0.0
20230407:0910,1041.9,642.53,31.54,9.13,2.9,0.0
20230407:1010,1422.68,897.34,38.93,9.74,4.07,0.0
20230407:1110,1613.74,1033.14,44.2,10.25,4.83,0.0
20230407:1210,1686.9,1085.98,46.43,10.46,5.17,0.0
20230407:1310,1587.52,1012.78,45.15,10.52,5.03,0.0
20230407:1410,1474.68,934.6,40.63,10.5,4.48,0.0
20230407:1510,1117.54,690.36,33.73,10.41,3.86,0.0
20230407:1610,776.24,476.86,25.33,10.24,3.45,0.0
20230407:1710,401.76,269.04,16.11,10.03,3.1,0.0
20230407:1810,42.84,54.16,6.57,9.73,2.83,0.0
20230407:1910,0.0,0.0,0.0,9.07,3.17,0.0
20230407:2010,0.0,0.0,0.0,8.62,3.79,0.0
20230407:2110,0.0,0.0,0.0,8.63,4.14,0.0
20230407:2210,0.0,0.0,0.0,8.45,5.45,0.0
20230407:2310,0.0,0.0,0.0,8.42,5.66,0.0
20230408:0010,0.0,0.0,0.0,8.36,5.86,0.0
20230408:0110,0.0,0.0,0.0,8.43,6.0,0.0
20230408:0210,0.0,0.0,0.0,8.48,6.21,0.0
20230408:0310,0.0,0.0,0.0,8.73,6.14,0.0
20230408:0410,0.0,0.0,0.0,8.73,6.14,0.0
20230408:0510,0.0,0.0,0.0,8.82,6.76,0.0
20230408:0610,7.08,12.98,4.29,8.88,7.38,0.0
20230408:0710,225.34,157.0,13.84,9.19,7.59,0.0
20230408:0810,685.4,415.45,23.2,9.8,7.86,0.0
20230408:0910,1020.8,611.37,31.9,10.34,7.79,0.0
20230408:1010,1234.36,750.6,39.3,10.45,6.9,0.0
20230408:1110,1604.36,1002.6,44.58,10.59,6.97,0.0
20230408:1210,1664.1,1047.44,46.81,10.75,6.97,0.0
20230408:1310,1523.36,948.83,45.5,10.77,6.83,0.0
20230408:1410,844.86,508.73,40.95,10.75,6.9,0.0
20230408:1510,671.26,404.5,34.01,10.67,6.83,0.0
20230408:1610,491.36,300.7,25.59,10.6,6.83,0.0
20230408:1710,229.78,153.74,16.35,10.4,6.83,0.0
20230408:1810,44.8,43.15,6.81,10.12,7.24,0.0
20230408:1910,0.0,0.0,0.0,9.82,7.45,0.0
20230408:2010,0.0,0.0,0.0,9.6,7.72,0.0
20230408:2110,0.0,0.0,0.0,9.48,7.52,0.0
20230408:2210,0.0,0.0,0.0,9.43,7.72,0.0
20230408:2310,0.0,0.0,0.0,9.47,7.59,0.0
20230409:0010,0.0,0.0,0.0,9.45,7.45,0.0
20230409:0110,0.0,0.0,0.0,9.47,6.83,0.0
20230409:0210,0.0,0.0,0.0,9.44,6.69,0.0
20230409:0310,0.0,0.0,0.0,9.47,6.62,0.0
20230409:0410,0.0,0.0,0.0,9.6,6.48,0.0
20230409:0510,0.0,0.0,0.0,9.75,6.34,0.0
20230409:0610,9.18,14.83,4.62,9.9,6.69,0.0
20230409:0710,134.06,96.3,14.17,10.38,7.1,0.0
20230409:0810,491.7,302.34,23.54,10.82,7.24,0.0
20230409:0910,991.2,596.69,32.25,11.01,7.17,0.0
20230409:1010,1007.96,608.27,39.67,10.96,7.03,0.0
20230409:1110,1301.34,795.41,44.96,10.94,7.38,0.0
20230409:1210,897.56,541.97,47.19,10.94,7.03,0.0
20230409:1310,1063.98,646.08,45.85,10.96,6.69,0.0
20230409:1410,366.08,229.45,41.26,11.05,6.14,0.0
20230409:1510,209.34,139.07,34.29,11.06,5.93,0.0
20230409:1610,117.38,85.29,25.84,11.17,5.52,0.0
20230409:1710,56.78,48.21,16.6,11.21,5.17,0.0
20230409:1810,5.94,12.05,7.05,11.05,5.38,0.0
20230409:1910,0.0,0.0,0.0,10.84,5.66,0.0
20230409:2010,0.0,0.0,0.0,10.73,5.79,0.0
20230409:2110,0.0,0.0,0.0,10.7,6.34,0.0
20230409:2210,0.0,0.0,0.0,10.6,6.76,0.0
20230409:2310,0.0,0.0,0.0,10.75,7.79,0.0
20230410:0010,0.0,0.0,0.0,10.9,8.34,0.0
20230410:0110,0.0,0.0,0.0,11.07,8.83,0.0
20230410:0210,0.0,0.0,0.0,11.15,9.1,0.0
20230410:0310,0.0,0.0,0.0,11.12,8.9,0.0
20230410:0410,0.0,0.0,0.0,11.1,8.62,0.0
20230410:0510,0.0,0.0,0.0,11.1,8.48,0.0
20230410:0610,0.0,4.64,4.96,11.08,8.9,0.0
20230410:0710,151.3,107.28,14.51,11.05,9.72,0.0
20230410:0810,466.08,286.36,23.88,11.2,9.86,0.0
20230410:0910,650.12,390.2,32.6,11.39,9.86,0.0
20230410:1010,1410.14,852.91,40.04,11.25,9.72,0.0
20230410:1110,1611.76,988.27,45.33,11.52,10.0,0.0
20230410:1210,1705.34,1050.4,47.56,11.79,10.62,0.0
20230410:1310,1613.1,982.51,46.2,11.19,10.9,0.0
20230410:1410,89.78,68.61,41.57,11.39,10.41,0.0
20230410:1510,864.06,512.7,34.57,10.83,10.69,0.0
20230410:1610,784.6,469.03,26.1,10.69,10.69,0.0
20230410:1710,231.7,154.59,16.84,10.81,10.69,0.0
20230410:1810,50.62,57.23,7.29,10.38,9.86,0.0
20230410:1910,0.0,0.0,0.0,10.0,10.07,0.0
20230410:2010,0.0,0.0,0.0,9.65,9.52,0.0
20230410:2110,0.0,0.0,0.0,9.4,9.03,0.0
20230410:2210,0.0,0.0,0.0,9.26,9.38,0.0
20230410:2310,0.0,0.0,0.0,9.2,9.03,0.0
20230411:0010,0.0,0.0,0.0,9.04,8.28,0.0
20230411:0110,0.0,0.0,0.0,9.01,7.86,0.0
20230411:0210,0.0,0.0,0.0,8.97,7.24,0.0
20230411:0310,0.0,0.0,0.0,8.99,6.76,0.0
20230411:0410,0.0,0.0,0.0,9.05,6.41,0.0
20230411:0510,0.0,0.0,0.0,9.2,6.07,0.0
20230411:0610,4.04,10.2,5.28,9.52,5.93,0.0
20230411:0710,58.62,49.14,14.83,10.06,6.34,0.0
20230411:0810,165.48,113.11,24.21,10.34,7.17,0.0
20230411:0910,252.14,162.73,32.94,10.28,8.69,0.0
20230411:1010,170.88,115.89,40.4,9.95,9.24,0.0
20230411:1110,221.12,144.63,45.71,9.91,10.0,0.0
20230411:1210,219.56,143.7,47.93,9.89,10.34,0.0
20230411:1310,213.24,139.99,46.54,9.89,11.45,0.0
20230411:1410,164.74,112.18,41.88,10.13,13.79,0.0
20230411:1510,108.92,79.73,34.84,10.41,13.59,0.0
20230411:1610,60.04,50.06,26.35,10.7,14.07,0.0
20230411:1710,42.6,38.94,17.08,11.1,14.07,0.0
20230411:1810,10.24,15.76,7.53,10.74,12.9,0.0
20230411:1910,0.0,0.0,0.0,9.59,10.0,0.0
20230411:2010,0.0,0.0,0.0,9.18,9.31,0.0
20230411:2110,0.0,0.0,0.0,8.92,8.9,0.0
20230411:2210,0.0,0.0,0.0,9.1,8.28,0.0
20230411:2310,0.0,0.0,0.0,8.77,8.21,0.0
20230412:0010,0.0,0.0,0.0,8.4,8.48,0.0
20230412:0110,0.0,0.0,0.0,7.75,9.52,0.0
20230412:0210,0.0,0.0,0.0,7.1,9.03,0.0
20230412:0310,0.0,0.0,0.0,7.2,10.97,0.0
20230412:0410,0.0,0.0,0.0,6.87,10.69,0.0
20230412:0510,0.0,0.0,0.0,6.93,10.14,0.0
20230412:0610,19.72,25.24,5.61,7.14,11.03,0.0
20230412:0710,328.44,226.6,15.16,7.56,13.17,0.0
20230412:0810,705.36,416.86,24.54,8.07,15.38,0.0
20230412:0910,793.24,460.89,33.29,8.26,16.83,0.0
20230412:1010,1149.3,667.56,40.76,8.27,15.31,0.0
20230412:1110,334.56,206.74,46.08,8.18,15.52,0.0
20230412:1210,151.52,103.84,48.3,8.58,15.59,0.0
20230412:1310,326.74,203.04,46.88,8.83,14.76,0.0
20230412:1410,347.36,214.7,42.19,8.92,14.41,0.0
20230412:1510,431.92,261.37,35.12,8.98,15.59,0.0
20230412:1610,284.84,179.53,26.6,9.35,17.17,0.0
20230412:1710,189.24,127.28,17.31,9.92,17.45,0.0
20230412:1810,40.52,38.02,7.77,9.86,16.41,0.0
20230412:1910,0.0,0.0,0.0,9.68,15.31,0.0
20230412:2010,0.0,0.0,0.0,9.57,14.21,0.0
20230412:2110,0.0,0.0,0.0,9.37,13.1,0.0
20230412:2210,0.0,0.0,0.0,9.06,11.52,0.0
20230412:2310,0.0,0.0,0.0,8.79,11.1,0.0
20230413:0010,0.0,0.0,0.0,8.59,10.0,0.0
20230413:0110,0.0,0.0,0.0,8.42,10.21,0.0
20230413:0210,0.0,0.0,0.0,8.15,10.0,0.0
20230413:0310,0.0,0.0,0.0,7.86,9.38,0.0
20230413:0410,0.0,0.0,0.0,7.49,8.76,0.0
20230413:0510,0.0,0.0,0.0,7.34,7.66,0.0
20230413:0610,6.1,12.05,5.93,7.3,6.9,0.0
20230413:0710,71.36,56.55,15.48,7.61,6.28,0.0
20230413:0810,582.12,352.4,24.87,7.93,5.59,0.0
20230413:0910,897.32,537.68,33.63,8.45,5.45,0.0
20230413:1010,1451.88,892.0,41.11,8.4,6.0,0.0
20230413:1110,1432.2,882.51,46.45,9.05,6.28,0.0
20230413:1210,923.22,556.38,48.66,9.44,6.21,0.0
20230413:1310,1464.54,904.57,47.23,9.33,6.48,0.0
20230413:1410,1489.92,918.89,42.49,9.77,6.76,0.0
20230413:1510,647.68,389.54,35.39,10.1,7.17,0.0
20230413:1610,684.92,413.6,26.85,10.16,6.97,0.0
20230413:1710,332.5,218.03,17.55,9.98,6.76,0.0
20230413:1810,61.1,56.56,8.0,9.71,6.28,0.0
20230413:1910,0.0,0.0,0.0,9.29,6.34,0.0
20230413:2010,0.0,0.0,0.0,8.87,6.62,0.0
20230413:2110,0.0,0.0,0.0,8.56,6.34,0.0
20230413:2210,0.0,0.0,0.0,8.68,4.97,0.0
20230413:2310,0.0,0.0,0.0,8.77,6.21,0.0
20230414:0010,0.0,0.0,0.0,8.74,6.41,0.0
20230414:0110,0.0,0.0,0.0,8.89,6.21,0.0
20230414:0210,0.0,0.0,0.0,8.93,6.55,0.0
20230414:0310,0.0,0.0,0.0,9.07,7.03,0.0
20230414:0410,0.0,0.0,0.0,9.0,7.79,0.0
20230414:0510,0.0,0.0,0.0,8.95,9.72,0.0
20230414:0610,21.18,24.18,6.25,8.96,9.72,0.0
20230414:0710,90.56,68.61,15.8,9.15,5.72,0.0
20230414:0810,196.84,131.43,25.19,9.24,2.55,0.0
20230414:0910,476.12,296.01,33.96,9.15,0.9,0.0
20230414:1010,1087.76,694.36,41.47,10.61,1.31,0.0
20230414:1110,1431.92,929.94,46.81,11.05,2.9,0.0
20230414:1210,1516.8,962.15,49.03,11.17,5.31,0.0
20230414:1310,1395.38,861.55,47.56,11.01,6.97,0.0
20230414:1410,570.12,345.9,42.79,10.77,7.66,0.0
20230414:1510,656.46,393.81,35.66,10.54,8.62,0.0
20230414:1610,395.08,244.17,27.09,10.36,8.69,0.0
20230414:1710,366.76,240.36,17.78,10.15,8.55,0.0
20230414:1810,63.56,61.89,8.24,9.81,8.28,0.0
20230414:1910,0.0,0.0,0.0,9.43,7.86,0.0
20230414:2010,0.0,0.0,0.0,8.93,7.38,0.0
20230414:2110,0.0,0.0,0.0,8.6,7.03,0.0
20230414:2210,0.0,0.0,0.0,8.31,6.76,0.0
20230414:2310,0.0,0.0,0.0,8.23,6.0,0.0
20230415:0010,0.0,0.0,0.0,8.19,5.93,0.0
20230415:0110,0.0,0.0,0.0,8.37,5.93,0.0
20230415:0210,0.0,0.0,0.0,8.46,5.79,0.0
20230415:0310,0.0,0.0,0.0,8.44,5.66,0.0
20230415:0410,0.0,0.0,0.0,8.27,5.45,0.0
20230415:0510,0.0,0.0,0.0,8.03,5.38,0.0
20230415:0610,27.94,34.82,6.57,7.82,5.1,0.0
20230415:0710,343.54,237.83,16.11,8.36,4.83,0.0
20230415:0810,785.4,478.71,25.51,9.23,5.17,0.0
20230415:0910,1164.48,713.84,34.3,10.02,4.83,0.0
20230415:1010,1396.96,886.22,41.81,10.87,3.93,0.0
20230415:1110,1489.9,970.96,47.18,11.44,3.24,0.0
20230415:1210,1598.86,1068.7,49.39,11.72,2.83,0.0
20230415:1310,1566.64,1048.99,47.9,11.91,2.55,0.0
20230415:1410,1388.88,898.13,43.09,11.98,3.03,0.0
20230415:1510,1111.82,691.8,35.92,11.97,3.93,0.0
20230415:1610,716.9,442.04,27.34,11.84,3.93,0.0
20230415:1710,207.88,140.61,18.02,11.57,3.93,0.0
20230415:1810,66.26,60.17,8.47,11.18,3.93,0.0
20230415:1910,0.0,0.0,0.0,10.94,3.79,0.0
20230415:2010,0.0,0.0,0.0,10.76,3.45,0.0
20230415:2110,0.0,0.0,0.0,10.55,3.17,0.0
20230415:2210,0.0,0.0,0.0,10.25,2.69,0.0
20230415:2310,0.0,0.0,0.0,10.25,2.69,0.0
20230416:0010,0.0,0.0,0.0,10.19,3.03,0.0
20230416:0110,0.0,0.0,0.0,10.17,3.66,0.0
20230416:0210,0.0,0.0,0.0,10.1,3.93,0.0
20230416:0310,0.0,0.0,0.0,10.08,3.79,0.0
20230416:0410,0.0,0.0,0.0,10.05,3.72,0.0
20230416:0510,0.0,0.0,0.0,10.05,3.93,0.0
20230416:0610,39.24,40.29,6.88,10.03,4.14,0.0
20230416:0710,189.4,129.99,16.43,10.23,4.34,0.0
20230416:0810,276.22,177.63,25.83,10.41,4.55,0.0
20230416:0910,453.14,279.6,34.63,10.51,4.76,0.0
20230416:1010,993.44,610.98,42.16,10.69,3.93,0.0
20230416:1110,761.7,465.86,47.54,10.73,4.07,0.0
20230416:1210,785.22,480.28,49.74,10.82,4.28,0.0
20230416:1310,1016.54,627.12,48.23,10.81,4.07,0.0
20230416:1410,503.08,311.36,43.39,10.84,3.31,0.0
20230416:1510,466.18,289.29,36.19,10.77,3.03,0.0
20230416:1610,475.06,295.29,27.58,10.71,2.69,0.0
20230416:1710,197.68,134.22,18.25,10.7,2.34,0.0
20230416:1810,61.18,53.32,8.7,10.64,1.86,0.0
20230416:1910,0.0,0.0,0.0,10.57,1.38,0.0
20230416:2010,0.0,0.0,0.0,10.51,1.24,0.0
20230416:2110,0.0,0.0,0.0,10.44,1.45,0.0
20230416:2210,0.0,0.0,0.0,10.01,2.14,0.0
20230416:2310,0.0,0.0,0.0,9.91,2.34,0.0
20230417:0010,0.0,0.0,0.0,10.01,1.72,0.0
20230417:0110,0.0,0.0,0.0,10.06,0.9,0.0
20230417:0210,0.0,0.0,0.0,10.1,0.48,0.0
20230417:0310,0.0,0.0,0.0,10.08,0.97,0.0
20230417:0410,0.0,0.0,0.0,10.1,1.45,0.0
20230417:0510,0.0,0.0,0.0,9.92,1.45,0.0
20230417:0610,44.32,42.99,7.19,9.89,1.31,0.0
20230417:0710,162.06,113.05,16.74,10.28,2.07,0.0
20230417:0810,205.14,136.93,26.15,10.6,2.97,0.0
20230417:0910,382.08,240.07,34.95,11.02,3.31,0.0
20230417:1010,296.28,190.98,42.5,11.43,2.55,0.0
20230417:1110,864.9,539.03,47.89,11.76,2.55,0.0
20230417:1210,1114.58,706.04,50.1,12.35,2.97,0.0
20230417:1310,512.16,319.41,48.56,12.34,3.24,0.0
20230417:1410,456.74,285.46,43.68,11.91,3.24,0.0
20230417:1510,506.72,314.0,36.45,11.87,3.66,0.0
20230417:1610,268.24,174.07,27.82,11.81,4.28,0.0
20230417:1710,295.4,195.65,18.48,11.55,4.62,0.0
20230417:1810,70.38,62.51,8.93,11.31,4.28,0.0
20230417:1910,0.0,0.0,0.0,11.08,3.52,0.0
20230417:2010,0.0,0.0,0.0,10.74,3.31,0.0
20230417:2110,0.0,0.0,0.0,10.43,3.38,0.0
20230417:2210,0.0,0.0,0.0,10.16,3.86,0.0
20230417:2310,0.0,0.0,0.0,9.82,3.93,0.0
20230418:0010,0.0,0.0,0.0,9.62,4.0,0.0
20230418:0110,0.0,0.0,0.0,9.49,4.0,0.0
20230418:0210,0.0,0.0,0.0,9.43,4.28,0.0
20230418:0310,0.0,0.0,0.0,9.3,4.9,0.0
20230418:0410,0.0,0.0,0.0,9.1,5.52,0.0
20230418:0510,0.0,0.0,0.0,8.86,5.86,0.0
20230418:0610,38.62,36.39,7.5,8.65,6.28,0.0
20230418:0710,109.4,79.79,17.04,8.65,6.69,0.0
20230418:0810,254.56,163.28,26.46,8.7,7.31,0.0
20230418:0910,1090.62,652.08,35.28,9.13,7.38,0.0
20230418:1010,1424.88,872.82,42.84,9.8,6.97,0.0
20230418:1110,1651.88,1037.38,48.25,10.84,7.03,0.0
20230418:1210,1495.86,931.21,50.45,11.77,7.45,0.0
20230418:1310,1535.7,963.36,48.89,11.98,6.9,0.0
20230418:1410,1474.42,920.03,43.98,11.83,6.55,0.0
20230418:1510,547.44,336.23,36.71,11.97,5.38,0.0
20230418:1610,267.42,173.64,28.06,11.91,4.41,0.0
20230418:1710,172.46,118.71,18.71,11.57,4.55,0.0
20230418:1810,11.34,16.69,9.16,11.11,4.76,0.0
20230418:1910,0.0,0.0,0.0,10.62,5.79,0.0
20230418:2010,0.0,0.0,0.0,10.32,6.48,0.0
20230418:2110,0.0,0.0,0.0,10.02,7.03,0.0
20230418:2210,0.0,0.0,0.0,9.75,6.97,0.0
20230418:2310,0.0,0.0,0.0,9.48,7.17,0.0
20230419:0010,0.0,0.0,0.0,9.22,7.38,0.0
20230419:0110,0.0,0.0,0.0,8.93,7.45,0.0
20230419:0210,0.0,0.0,0.0,8.74,7.66,0.0
20230419:0310,0.0,0.0,0.0,8.69,7.66,0.0
20230419:0410,0.0,0.0,0.0,8.8,7.72,0.0
20230419:0510,0.0,0.0,0.0,8.87,7.86,0.0
20230419:0610,53.46,49.02,7.8,9.03,7.86,0.0
20230419:0710,218.62,146.6,17.34,9.39,8.0,0.0
20230419:0810,493.0,300.15,26.76,9.82,8.83,0.0
20230419:0910,879.52,522.22,35.59,10.27,9.86,0.0
20230419:1010,686.96,411.42,43.18,10.52,9.59,0.0
20230419:1110,826.46,495.54,48.6,11.11,9.31,0.0
20230419:1210,932.8,560.53,50.8,11.47,9.31,0.0
20230419:1310,503.78,308.62,49.22,11.91,9.38,0.0
20230419:1410,988.94,594.44,44.27,12.01,9.45,0.0
20230419:1510,1068.32,640.62,36.97,12.23,10.0,0.0
20230419:1610,677.34,409.69,28.3,12.46,10.48,0.0
20230419:1710,313.58,206.07,18.94,12.57,10.34,0.0
20230419:1810,64.72,72.49,9.39,12.41,10.28,0.0
20230419:1910,0.0,0.0,0.0,12.07,9.93,0.0
20230419:2010,0.0,0.0,0.0,11.85,9.93,0.0
20230419:2110,0.0,0.0,0.0,11.56,10.07,0.0
20230419:2210,0.0,0.0,0.0,11.28,10.55,0.0
20230419:2310,0.0,0.0,0.0,10.49,10.62,0.0
20230420:0010,0.0,0.0,0.0,9.69,10.34,0.0
20230420:0110,0.0,0.0,0.0,9.16,10.69,0.0
20230420:0210,0.0,0.0,0.0,8.77,10.62,0.0
20230420:0310,0.0,0.0,0.0,8.5,10.0,0.0
20230420:0410,0.0,0.0,0.0,8.17,9.66,0.0
20230420:0510,0.0,0.0,0.0,7.91,9.66,0.0
20230420:0610,41.02,47.97,8.1,7.85,9.66,0.0
20230420:0710,375.14,253.06,17.64,8.26,9.86,0.0
20230420:0810,819.4,489.4,27.07,8.93,9.86,0.0
20230420:0910,1245.12,741.43,35.91,9.63,9.79,0.0
20230420:1010,1490.18,901.05,43.51,10.41,10.0,0.0
20230420:1110,1669.48,1026.09,48.94,10.86,9.86,0.0
20230420:1210,1748.78,1085.25,51.14,11.15,9.66,0.0
20230420:1310,1693.88,1051.01,49.54,11.42,9.24,0.0
20230420:1410,1511.02,929.27,44.55,11.58,8.55,0.0
20230420:1510,1226.54,749.29,37.23,11.7,6.9,0.0
20230420:1610,869.2,534.47,28.53,11.89,5.1,0.0
20230420:1710,425.18,284.92,19.16,12.0,3.66,0.0
20230420:1810,66.36,73.98,9.61,11.8,3.03,0.0
20230420:1910,0.0,0.0,0.0,11.54,3.79,0.0
20230420:2010,0.0,0.0,0.0,11.43,5.59,0.0
20230420:2110,0.0,0.0,0.0,10.95,6.97,0.0
20230420:2210,0.0,0.0,0.0,10.31,7.45,0.0
20230420:2310,0.0,0.0,0.0,9.59,7.03,0.0
20230421:0010,0.0,0.0,0.0,8.85,8.07,0.0
20230421:0110,0.0,0.0,0.0,8.23,8.07,0.0
20230421:0210,0.0,0.0,0.0,7.93,8.0,0.0
20230421:0310,0.0,0.0,0.0,7.64,7.93,0.0
20230421:0410,0.0,0.0,0.0,7.49,8.07,0.0
20230421:0510,0.0,0.0,0.0,7.12,7.86,0.0
20230421:0610,47.38,51.4,8.4,7.07,7.24,0.0
20230421:0710,324.2,214.05,17.93,7.49,7.52,0.0
20230421:0810,611.92,367.5,27.37,8.13,7.59,0.0
20230421:0910,1170.68,701.98,36.22,8.65,6.97,0.0
20230421:1010,1241.6,759.27,43.84,8.97,5.38,0.0
20230421:1110,1180.24,722.77,49.29,9.37,5.31,0.0
20230421:1210,1594.94,1011.55,51.49,9.74,5.31,0.0
20230421:1310,1322.44,818.3,49.86,9.73,5.45,0.0
20230421:1410,1098.38,668.32,44.84,9.64,5.52,0.0
20230421:1510,1013.24,612.32,37.48,9.48,5.52,0.0
20230421:1610,670.24,405.61,28.77,9.26,5.38,0.0
20230421:1710,422.96,277.61,19.39,9.32,5.45,0.0
20230421:1810,73.66,74.89,9.84,9.2,5.66,0.0
20230421:1910,0.0,0.0,0.0,8.79,5.45,0.0
20230421:2010,0.0,0.0,0.0,8.33,5.38,0.0
20230421:2110,0.0,0.0,0.0,8.17,5.45,0.0
20230421:2210,0.0,0.0,0.0,8.23,6.97,0.0
20230421:2310,0.0,0.0,0.0,8.09,6.62,0.0
20230422:0010,0.0,0.0,0.0,8.03,5.93,0.0
20230422:0110,0.0,0.0,0.0,7.99,5.52,0.0
20230422:0210,0.0,0.0,0.0,7.92,5.38,0.0
20230422:0310,0.0,0.0,0.0,7.94,5.72,0.0
20230422:0410,0.0,0.0,0.0,8.03,6.07,0.0
20230422:0510,0.0,0.0,0.0,8.12,6.07,0.0
20230422:0610,4.1,10.2,8.69,8.12,6.0,0.0
20230422:0710,98.64,73.24,18.22,8.41,5.79,0.0
20230422:0810,299.84,189.9,27.66,9.03,5.17,0.0
20230422:0910,175.28,118.67,36.53,9.44,4.48,0.0
20230422:1010,194.18,129.79,44.16,9.59,3.93,0.0
20230422:1110,670.42,407.95,49.63,9.91,4.62,0.0
20230422:1210,368.24,229.92,51.83,9.86,5.66,0.0
20230422:1310,210.78,139.07,50.17,9.85,6.76,0.0
20230422:1410,154.68,106.62,45.12,9.91,7.38,0.0
20230422:1510,138.56,97.35,37.73,10.25,7.52,0.0
20230422:1610,83.82,64.9,29.0,10.67,6.41,0.0
20230422:1710,97.58,73.24,19.61,10.64,5.93,0.0
20230422:1810,57.26,48.58,10.06,10.29,6.48,0.0
20230422:1910,0.0,0.0,0.0,10.06,6.34,0.0
20230422:2010,0.0,0.0,0.0,9.71,5.86,0.0
20230422:2110,0.0,0.0,0.0,9.28,5.59,0.0
20230422:2210,0.0,0.0,0.0,9.44,6.14,0.0
20230422:2310,0.0,0.0,0.0,9.21,5.66,0.0
20230423:0010,0.0,0.0,0.0,9.07,5.03,0.0
20230423:0110,0.0,0.0,0.0,9.0,4.48,0.0
20230423:0210,0.0,0.0,0.0,8.7,3.79,0.0
20230423:0310,0.0,0.0,0.0,8.47,3.38,0.0
20230423:0410,0.0,0.0,0.0,8.29,3.31,0.0
20230423:0510,0.0,0.0,0.0,8.21,3.38,0.0
20230423:0610,58.26,57.4,8.97,8.06,3.17,0.0
20230423:0710,311.6,206.41,18.51,8.21,3.52,0.0
20230423:0810,487.7,299.56,27.95,8.53,3.38,0.0
20230423:0910,454.4,279.81,36.83,9.06,3.59,0.0
20230423:1010,1098.72,678.85,44.48,9.26,3.45,0.0
20230423:1110,443.16,274.07,49.96,9.45,3.86,0.0
20230423:1210,170.58,115.89,52.16,9.4,4.69,0.0
20230423:1310,148.18,102.91,50.48,9.79,5.79,0.0
20230423:1410,448.18,275.87,45.4,10.39,6.76,0.0
20230423:1510,518.34,314.6,37.98,10.2,8.14,0.0
20230423:1610,426.58,262.04,29.23,10.23,8.9,0.0
20230423:1710,320.82,207.81,19.83,10.11,8.55,0.0
20230423:1810,74.7,77.38,10.29,10.1,8.0,0.0
20230423:1910,0.0,0.0,0.0,9.84,6.97,0.0
20230423:2010,0.0,0.0,0.0,9.3,6.41,0.0
20230423:2110,0.0,0.0,0.0,8.91,6.28,0.0
20230423:2210,0.0,0.0,0.0,8.46,5.93,0.0
20230423:2310,0.0,0.0,0.0,8.27,5.52,0.0
20230424:0010,0.0,0.0,0.0,8.17,5.17,0.0
20230424:0110,0.0,0.0,0.0,8.08,4.9,0.0
20230424:0210,0.0,0.0,0.0,8.04,4.62,0.0
20230424:0310,0.0,0.0,0.0,8.05,4.55,0.0
20230424:0410,0.0,0.0,0.0,8.05,4.76,0.0
20230424:0510,0.0,0.0,0.0,8.19,4.9,0.0
20230424:0610,66.06,61.21,9.26,8.66,4.97,0.0
20230424:0710,376.1,253.69,18.79,9.2,4.9,0.0
20230424:0810,776.96,472.66,28.24,9.81,5.52,0.0
20230424:0910,1193.22,726.43,37.13,10.15,6.0,0.0
20230424:1010,718.42,435.48,44.8,10.58,5.72,0.0
20230424:1110,831.16,503.99,50.29,10.76,6.07,0.0
20230424:1210,301.32,191.91,52.49,10.83,6.41,0.0
20230424:1310,589.9,359.46,50.79,10.97,6.69,0.0
20230424:1410,994.86,601.12,45.67,10.86,7.1,0.0
20230424:1510,719.2,432.66,38.23,10.61,7.31,0.0
20230424:1610,822.42,497.11,29.46,10.46,6.97,0.0
20230424:1710,61.54,50.99,20.05,10.19,7.17,0.0
20230424:1810,73.76,79.22,10.51,9.82,6.55,0.0
20230424:1910,0.0,0.0,0.0,9.39,5.93,0.0
20230424:2010,0.0,0.0,0.0,9.07,5.38,0.0
20230424:2110,0.0,0.0,0.0,8.75,4.97,0.0
20230424:2210,0.0,0.0,0.0,8.29,5.03,0.0
20230424:2310,0.0,0.0,0.0,7.82,4.28,0.0
20230425:0010,0.0,0.0,0.0,7.17,3.66,0.0
20230425:0110,0.0,0.0,0.0,6.94,3.72,0.0
20230425:0210,0.0,0.0,0.0,7.13,3.93,0.0
20230425:0310,0.0,0.0,0.0,7.04,4.28,0.0
20230425:0410,0.0,0.0,0.0,6.96,5.1,0.0
20230425:0510,0.0,0.0,0.0,6.9,5.86,0.0
20230425:0610,72.32,59.03,9.54,6.96,6.21,0.0
20230425:0710,368.04,242.31,19.07,7.32,6.55,0.0
20230425:0810,746.56,447.16,28.52,7.82,6.9,0.0
20230425:0910,875.6,519.16,37.42,8.05,7.52,0.0
20230425:1010,1243.04,746.29,45.11,8.67,7.86,0.0
20230425:1110,1377.3,834.37,50.62,8.87,8.07,0.0
20230425:1210,983.96,587.23,52.82,8.89,8.28,0.0
20230425:1310,1287.62,777.04,51.1,8.96,8.07,0.0
20230425:1410,1458.28,885.11,45.95,8.96,8.07,0.0
20230425:1510,553.1,332.81,38.47,8.94,8.07,0.0
20230425:1610,789.46,471.99,29.68,8.94,8.0,0.0
20230425:1710,417.24,269.87,20.27,8.9,8.07,0.0
20230425:1810,77.8,61.94,10.73,8.73,7.93,0.0
20230425:1910,0.0,0.0,0.0,8.61,7.66,0.0
20230425:2010,0.0,0.0,0.0,8.57,7.66,0.0
20230425:2110,0.0,0.0,0.0,8.6,7.52,0.0
20230425:2210,0.0,0.0,0.0,8.58,7.86,0.0
20230425:2310,0.0,0.0,0.0,8.46,7.86,0.0
20230426:0010,0.0,0.0,0.0,8.54,7.93,0.0
20230426:0110,0.0,0.0,0.0,8.6,7.52,0.0
20230426:0210,0.0,0.0,0.0,8.72,7.24,0.0
20230426:0310,0.0,0.0,0.0,8.95,7.24,0.0
20230426:0410,0.0,0.0,0.0,9.14,7.17,0.0
20230426:0510,0.0,0.0,0.0,9.34,7.17,0.0
20230426:0610,7.04,12.98,9.81,9.46,7.03,0.0
20230426:0710,199.12,133.53,19.34,9.72,6.69,0.0
20230426:0810,238.76,155.32,28.8,10.13,6.69,0.0
20230426:0910,581.08,352.82,37.71,10.49,6.28,0.0
20230426:1010,545.88,333.18,45.42,10.91,6.69,0.0
20230426:1110,724.8,439.74,50.94,11.1,6.48,0.0
20230426:1210,524.72,322.01,53.15,11.26,6.48,0.0
20230426:1310,570.78,349.19,51.4,11.31,6.28,0.0
20230426:1410,256.96,166.88,46.22,11.32,5.59,0.0
20230426:1510,194.52,130.72,38.71,11.27,5.03,0.0
20230426:1610,108.06,79.73,29.91,11.1,4.97,0.0
20230426:1710,115.94,84.37,20.49,10.96,5.45,0.0
20230426:1810,63.12,52.61,10.94,10.79,5.79,0.0
20230426:1910,0.0,0.0,0.0,10.62,6.14,0.0
20230426:2010,0.0,0.0,0.0,10.62,6.0,0.0
20230426:2110,0.0,0.0,0.0,10.64,5.79,0.0
20230426:2210,0.0,0.0,0.0,10.42,5.79,0.0
20230426:2310,0.0,0.0,0.0,10.43,6.07,0.0
20230427:0010,0.0,0.0,0.0,10.45,6.07,0.0
20230427:0110,0.0,0.0,0.0,10.49,5.72,0.0
20230427:0210,0.0,0.0,0.0,10.49,4.83,0.0
20230427:0310,0.0,0.0,0.0,10.53,4.55,0.0
20230427:0410,0.0,0.0,0.0,10.52,4.48,0.0
20230427:0510,0.0,0.0,0.0,10.59,4.21,0.0
20230427:0610,76.88,63.36,10.08,10.66,4.21,0.0
20230427:0710,76.2,60.26,19.61,10.69,5.03,0.0
20230427:0810,145.9,101.98,29.07,10.78,5.86,0.0
20230427:0910,108.3,79.73,38.0,10.81,5.93,0.0
20230427:1010,163.64,112.18,45.72,10.6,6.9,0.0
20230427:1110,85.38,65.82,51.26,10.62,6.76,0.0
20230427:1210,329.88,207.67,53.47,10.5,7.72,0.0
20230427:1310,291.94,186.35,51.7,10.83,6.97,0.0
20230427:1410,324.5,205.82,46.48,11.22,5.86,0.0
20230427:1510,220.18,145.56,38.95,11.61,6.69,0.0
20230427:1610,156.5,108.47,30.13,11.62,6.97,0.0
20230427:1710,81.92,63.97,20.7,11.68,7.17,0.0
20230427:1810,20.94,24.1,11.16,11.71,7.31,0.0
20230427:1910,0.0,0.87,1.89,11.73,7.1,0.0
20230427:2010,0.0,0.0,0.0,11.64,7.1,0.0
20230427:2110,0.0,0.0,0.0,11.5,7.38,0.0
20230427:2210,0.0,0.0,0.0,11.46,6.0,0.0
20230427:2310,0.0,0.0,0.0,11.38,6.48,0.0
20230428:0010,0.0,0.0,0.0,11.3,7.03,0.0
20230428:0110,0.0,0.0,0.0,11.19,7.31,0.0
20230428:0210,0.0,0.0,0.0,10.88,7.45,0.0
20230428:0310,0.0,0.0,0.0,10.57,7.17,0.0
20230428:0410,0.0,0.0,0.0,10.36,7.03,0.0
20230428:0510,0.0,0.0,0.0,10.29,6.69,0.0
20230428:0610,73.14,59.5,10.35,10.39,6.48,0.0
20230428:0710,212.16,141.67,19.88,10.52,6.55,0.0
20230428:0810,334.36,210.97,29.34,10.83,6.14,0.0
20230428:0910,481.52,296.58,38.28,11.14,5.59,0.0
20230428:1010,500.72,310.14,46.02,11.81,4.55,0.0
20230428:1110,625.16,386.4,51.58,12.18,3.93,0.0
20230428:1210,891.5,553.87,53.78,12.33,3.66,0.0
20230428:1310,1060.42,664.41,52.0,12.6,3.79,0.0
20230428:1410,733.86,452.97,46.75,12.59,4.0,0.0
20230428:1510,474.74,296.02,39.19,12.7,4.14,0.0
20230428:1610,308.48,198.23,30.35,12.66,4.34,0.0
20230428:1710,229.58,153.45,20.92,12.5,4.28,0.0
20230428:1810,9.02,14.83,11.38,12.44,4.0,0.0
20230428:1910,0.0,0.87,2.12,12.16,3.66,0.0
20230428:2010,0.0,0.0,0.0,11.72,3.24,0.0
20230428:2110,0.0,0.0,0.0,11.39,2.9,0.0
20230428:2210,0.0,0.0,0.0,10.86,2.34,0.0
20230428:2310,0.0,0.0,0.0,10.36,2.0,0.0
20230429:0010,0.0,0.0,0.0,10.16,2.0,0.0
20230429:0110,0.0,0.0,0.0,10.04,2.14,0.0
20230429:0210,0.0,0.0,0.0,10.0,2.34,0.0
20230429:0310,0.0,0.0,0.0,9.92,2.28,0.0
20230429:0410,0.0,0.0,0.0,9.88,2.21,0.0
20230429:0510,0.0,0.0,0.0,9.79,2.0,0.0
20230429:0610,85.5,71.42,10.61,9.8,2.0,0.0
20230429:0710,369.44,248.49,20.13,10.04,1.86,0.0
20230429:0810,601.42,374.92,29.6,10.58,1.52,0.0
20230429:0910,903.18,566.43,38.55,11.16,1.59,0.0
20230429:1010,1247.78,807.79,46.31,11.51,1.86,0.0
20230429:1110,1477.42,986.2,51.89,11.65,2.0,0.0
20230429:1210,1552.7,1040.02,54.1,11.72,2.41,0.0
20230429:1310,1520.76,1006.01,52.29,11.78,2.76,0.0
20230429:1410,1344.92,866.07,47.01,11.91,2.97,0.0
20230429:1510,936.24,581.35,39.43,12.01,3.17,0.0
20230429:1610,853.2,531.72,30.56,11.9,3.03,0.0
20230429:1710,445.06,298.32,21.13,11.75,3.03,0.0
20230429:1810,87.96,85.41,11.59,11.57,3.03,0.0
20230429:1910,0.0,3.5,2.34,11.22,2.83,0.0
20230429:2010,0.0,0.0,0.0,10.89,2.48,0.0
20230429:2110,0.0,0.0,0.0,10.69,2.0,0.0
20230429:2210,0.0,0.0,0.0,10.57,2.14,0.0
20230429:2310,0.0,0.0,0.0,10.5,1.93,0.0
20230430:0010,0.0,0.0,0.0,10.57,2.07,0.0
20230430:0110,0.0,0.0,0.0,10.65,2.14,0.0
20230430:0210,0.0,0.0,0.0,10.62,2.0,0.0
20230430:0310,0.0,0.0,0.0,10.6,1.86,0.0
20230430:0410,0.0,0.0,0.0,10.6,1.86,0.0
20230430:0510,0.0,0.87,1.67,10.62,1.72,0.0
20230430:0610,83.2,66.56,10.87,10.69,1.86,0.0
20230430:0710,111.0,81.59,20.39,10.7,2.07,0.0
20230430:0810,467.28,292.27,29.86,10.9,2.0,0.0
20230430:0910,294.04,189.46,38.82,11.04,2.28,0.0
20230430:1010,322.12,206.74,46.6,11.79,2.21,0.0
20230430:1110,523.98,327.62,52.19,12.15,2.48,0.0
20230430:1210,972.64,610.49,54.4,12.35,2.97,0.0
20230430:1310,937.02,585.55,52.58,12.63,3.31,0.0
20230430:1410,652.4,403.7,47.27,12.9,4.0,0.0
20230430:1510,619.48,381.93,39.66,12.92,4.62,0.0
20230430:1610,399.02,251.33,30.78,12.94,4.76,0.0
20230430:1710,380.0,250.77,21.34,12.9,4.9,0.0
20230430:1810,89.32,86.68,11.8,12.66,4.55,0.0
20230430:1910,0.0,4.37,2.56,12.37,4.55,0.0
20230430:2010,0.0,0.0,0.0,12.1,4.48,0.0
20230430:2110,0.0,0.0,0.0,11.76,4.34,0.0
20230430:2210,0.0,0.0,0.0,11.19,4.21,0.0
20230430:2310,0.0,0.0,0.0,10.84,4.34,0.0
20230501:0010,0.0,0.0,0.0,10.58,4.83,0.0
20230501:0110,0.0,0.0,0.0,10.44,4.97,0.0
20230501:0210,0.0,0.0,0.0,10.36,5.17,0.0
20230501:0310,0.0,0.0,0.0,10.44,6.28,0.0
20230501:0410,0.0,0.0,0.0,10.54,6.55,0.0
20230501:0510,0.0,1.75,1.93,10.62,6.41,0.0
20230501:0610,64.04,71.67,11.12,10.73,6.0,0.0
20230501:0710,416.88,280.55,20.64,11.14,5.79,0.0
20230501:0810,807.18,495.09,30.12,11.65,5.52,0.0
20230501:0910,636.76,389.6,39.09,12.09,5.45,0.0
20230501:1010,1054.46,652.92,46.88,12.74,5.03,0.0
20230501:1110,572.82,354.95,52.49,12.99,4.83,0.0
20230501:1210,1047.84,654.39,54.71,13.18,4.55,0.0
20230501:1310,944.76,588.6,52.87,13.42,4.28,0.0
20230501:1410,647.7,402.04,47.52,13.62,4.14,0.0
20230501:1510,937.9,582.37,39.89,13.66,4.28,0.0
20230501:1610,564.22,351.01,30.99,13.57,4.41,0.0
20230501:1710,389.18,257.05,21.54,13.4,4.83,0.0
20230501:1810,95.68,89.74,12.01,13.03,5.59,0.0
20230501:1910,0.0,3.5,2.78,12.44,5.86,0.0
20230501:2010,0.0,0.0,0.0,11.7,5.24,0.0
20230501:2110,0.0,0.0,0.0,11.05,4.34,0.0
20230501:2210,0.0,0.0,0.0,10.49,3.31,0.0
20230501:2310,0.0,0.0,0.0,10.02,3.1,0.0
20230502:0010,0.0,0.0,0.0,9.49,2.69,0.0
20230502:0110,0.0,0.0,0.0,9.21,2.21,0.0
20230502:0210,0.0,0.0,0.0,8.82,1.86,0.0
20230502:0310,0.0,0.0,0.0,8.67,1.72,0.0
20230502:0410,0.0,0.0,0.0,8.52,1.31,0.0
20230502:0510,0.0,2.62,2.19,8.47,1.31,0.0
20230502:0610,71.56,74.62,11.37,8.81,1.59,0.0
20230502:0710,0.0,0.0,0.0,9.59,1.86,0.0
20230502:0810,838.88,524.94,30.37,10.73,2.14,0.0
20230502:0910,1165.4,739.54,39.35,11.65,2.48,0.0
20230502:1010,1274.4,822.62,47.16,12.58,2.62,0.0
20230502:1110,1529.64,1008.68,52.79,12.95,3.38,0.0
20230502:1210,1617.52,1062.35,55.01,13.03,4.34,0.0
20230502:1310,1501.0,962.58,53.15,13.11,5.17,0.0
20230502:1410,1408.2,891.2,47.77,13.21,5.38,0.0
20230502:1510,1140.34,706.58,40.11,12.94,5.24,0.0
20230502:1610,777.3,477.49,31.21,12.77,5.72,0.0
20230502:1710,443.6,293.82,21.75,12.61,6.41,0.0
20230502:1810,89.24,89.38,12.22,12.37,6.76,0.0
20230502:1910,2.56,8.74,3.0,11.93,7.17,0.0
20230502:2010,0.0,0.0,0.0,11.41,7.38,0.0
20230502:2110,0.0,0.0,0.0,11.29,7.52,0.0
20230502:2210,0.0,0.0,0.0,11.34,8.21,0.0
20230502:2310,0.0,0.0,0.0,11.42,8.34,0.0
20230503:0010,0.0,0.0,0.0,11.42,8.69,0.0
20230503:0110,0.0,0.0,0.0,11.34,8.9,0.0
20230503:0210,0.0,0.0,0.0,11.31,8.97,0.0
20230503:0310,0.0,0.0,0.0,11.36,9.1,0.0
20230503:0410,0.0,0.0,0.0,11.49,8.83,0.0
20230503:0510,0.0,1.75,2.44,11.57,8.76,0.0
20230503:0610,95.46,74.6,11.61,11.68,8.9,0.0
20230503:0710,320.24,209.06,21.12,11.72,9.1,0.0
20230503:0810,713.3,431.9,30.61,11.83,9.24,0.0
20230503:0910,1076.2,647.45,39.6,11.94,9.1,0.0
20230503:1010,1307.58,793.49,47.43,12.33,9.79,0.0
20230503:1110,1631.38,1007.68,53.08,12.43,10.0,0.0
20230503:1210,1684.94,1042.17,55.31,12.45,10.48,0.0
20230503:1310,1550.5,949.92,53.43,12.48,10.76,0.0
20230503:1410,1499.36,912.97,48.02,12.44,10.76,0.0
20230503:1510,1080.58,647.23,40.34,12.29,10.76,0.0
20230503:1610,653.04,394.69,31.41,12.18,10.97,0.0
20230503:1710,289.18,187.69,21.95,11.86,10.55,0.0
20230503:1810,90.32,70.12,12.42,11.76,11.38,0.0
20230503:1910,0.0,4.37,3.21,11.67,11.1,0.0
20230503:2010,0.0,0.0,0.0,11.79,10.76,0.0
20230503:2110,0.0,0.0,0.0,12.01,11.1,0.0
20230503:2210,0.0,0.0,0.0,12.03,10.83,0.0
20230503:2310,0.0,0.0,0.0,11.97,10.55,0.0
20230504:0010,0.0,0.0,0.0,12.02,10.55,0.0
20230504:0110,0.0,0.0,0.0,11.99,10.41,0.0
20230504:0210,0.0,0.0,0.0,11.95,10.28,0.0
20230504:0310,0.0,0.0,0.0,11.95,10.28,0.0
20230504:0410,0.0,0.0,0.0,11.85,10.0,0.0
20230504:0510,0.34,6.12,2.68,11.75,9.93,0.0
20230504:0610,101.16,82.07,11.85,11.77,9.93,0.0
20230504:0710,336.28,219.62,21.36,11.74,9.38,0.0
20230504:0810,111.08,81.59,30.85,11.85,9.59,0.0
20230504:0910,231.48,152.05,39.85,12.08,9.03,0.0
20230504:1010,252.9,165.02,47.7,12.51,7.17,0.0
20230504:1110,233.68,153.9,53.37,12.52,7.03,0.0
20230504:1210,448.48,278.48,55.6,12.55,7.72,0.0
20230504:1310,511.78,315.3,53.7,12.38,7.45,0.0
20230504:1410,187.9,127.01,48.27,12.18,7.72,0.0
20230504:1510,418.54,259.9,40.56,12.19,8.48,0.0
20230504:1610,299.16,191.52,31.62,12.53,8.21,0.0
20230504:1710,52.16,45.43,22.15,12.48,8.14,0.0
20230504:1810,20.86,24.1,12.63,12.45,8.34,0.0
20230504:1910,0.0,1.75,3.42,12.22,7.79,0.0
20230504:2010,0.0,0.0,0.0,12.17,7.1,0.0
20230504:2110,0.0,0.0,0.0,12.12,6.48,0.0
20230504:2210,0.0,0.0,0.0,11.98,5.52,0.0
20230504:2310,0.0,0.0,0.0,11.95,6.07,0.0
20230505:0010,0.0,0.0,0.0,11.85,6.48,0.0
20230505:0110,0.0,0.0,0.0,11.68,6.14,0.0
20230505:0210,0.0,0.0,0.0,11.69,6.21,0.0
20230505:0310,0.0,0.0,0.0,11.91,7.52,0.0
20230505:0410,0.0,0.0,0.0,11.89,7.31,0.0
20230505:0510,0.0,5.25,2.93,11.82,6.41,0.0
20230505:0610,105.72,84.12,12.08,11.88,6.97,0.0
20230505:0710,186.64,126.7,21.59,12.08,7.31,0.0
20230505:0810,315.92,201.26,31.08,12.28,7.24,0.0
20230505:0910,567.58,347.66,40.1,12.38,6.83,0.0
20230505:1010,690.44,422.57,47.96,12.68,6.14,0.0
20230505:1110,792.36,483.83,53.65,12.71,6.76,0.0
20230505:1210,435.96,271.55,55.89,12.84,7.72,0.0
20230505:1310,674.22,411.76,53.97,12.88,7.66,0.0
20230505:1410,738.32,450.93,48.51,13.05,6.9,0.0
20230505:1510,608.8,373.37,40.78,12.88,6.28,0.0
20230505:1610,257.5,168.2,31.83,12.97,6.28,0.0
20230505:1710,230.48,153.48,22.35,13.0,6.21,0.0
20230505:1810,47.74,42.65,12.83,12.8,5.38,0.0
20230505:1910,5.16,11.37,3.64,12.53,4.69,0.0
20230505:2010,0.0,0.0,0.0,12.23,4.48,0.0
20230505:2110,0.0,0.0,0.0,12.05,4.28,0.0
20230505:2210,0.0,0.0,0.0,12.04,3.86,0.0
20230505:2310,0.0,0.0,0.0,11.98,4.48,0.0
20230506:0010,0.0,0.0,0.0,12.02,4.55,0.0
20230506:0110,0.0,0.0,0.0,12.0,5.03,0.0
20230506:0210,0.0,0.0,0.0,11.86,5.1,0.0
20230506:0310,0.0,0.0,0.0,11.8,5.66,0.0
20230506:0410,0.0,0.0,0.0,11.71,6.83,0.0
20230506:0510,3.4,9.62,3.16,11.82,6.07,0.0
20230506:0610,95.4,73.96,12.31,11.95,4.83,0.0
20230506:0710,184.6,125.74,21.81,12.22,5.93,0.0
20230506:0810,255.32,166.48,31.31,12.39,6.41,0.0
20230506:0910,405.72,253.77,40.33,12.5,6.48,0.0
20230506:1010,479.78,297.95,48.22,12.79,6.0,0.0
20230506:1110,574.52,355.2,53.92,12.99,5.45,0.0
20230506:1210,674.42,416.06,56.17,13.2,5.31,0.0
20230506:1310,836.72,516.5,54.24,13.29,5.1,0.0
20230506:1410,849.68,525.58,48.75,13.69,4.83,0.0
20230506:1510,1151.0,718.83,40.99,13.47,4.62,0.0
20230506:1610,826.32,513.91,32.03,13.46,4.21,0.0
20230506:1710,301.64,198.54,22.55,13.45,4.07,0.0
20230506:1810,92.84,94.28,13.03,13.49,4.07,0.0
20230506:1910,12.16,17.49,3.84,13.25,4.14,0.0
20230506:2010,0.0,0.0,0.0,12.82,3.93,0.0
20230506:2110,0.0,0.0,0.0,12.42,3.86,0.0
20230506:2210,0.0,0.0,0.0,11.96,3.24,0.0
20230506:2310,0.0,0.0,0.0,11.54,2.76,0.0
20230507:0010,0.0,0.0,0.0,11.28,2.48,0.0
20230507:0110,0.0,0.0,0.0,11.08,2.41,0.0
20230507:0210,0.0,0.0,0.0,11.03,2.62,0.0
20230507:0310,0.0,0.0,0.0,11.02,2.9,0.0
20230507:0410,0.0,0.0,0.0,10.99,2.76,0.0
20230507:0510,0.0,4.37,3.39,11.19,3.24,0.0
20230507:0610,81.92,64.42,12.53,11.36,3.45,0.0
20230507:0710,196.84,133.05,22.03,11.43,2.97,0.0
20230507:0810,259.18,169.24,31.53,11.87,3.24,0.0
20230507:0910,385.0,243.48,40.57,12.34,3.31,0.0
20230507:1010,577.18,359.69,48.47,12.6,2.9,0.0
20230507:1110,681.14,421.76,54.2,12.77,4.0,0.0
20230507:1210,1424.08,909.82,56.45,12.91,4.9,0.0
20230507:1310,1062.76,658.25,54.5,13.04,5.59,0.0
20230507:1410,1341.6,840.8,48.99,13.18,5.86,0.0
20230507:1510,893.24,546.99,41.21,13.23,6.0,0.0
20230507:1610,543.26,336.21,32.23,13.01,5.52,0.0
20230507:1710,410.9,269.83,22.75,12.87,5.38,0.0
20230507:1810,120.9,93.4,13.23,12.55,5.03,0.0
20230507:1910,9.06,14.87,4.05,12.28,4.62,0.0
20230507:2010,0.0,0.0,0.0,12.01,4.34,0.0
20230507:2110,0.0,0.0,0.0,11.83,4.83,0.0
20230507:2210,0.0,0.0,0.0,11.65,4.41,0.0
20230507:2310,0.0,0.0,0.0,11.7,4.69,0.0
20230508:0010,0.0,0.0,0.0,11.86,5.31,0.0
20230508:0110,0.0,0.0,0.0,12.0,5.93,0.0
20230508:0210,0.0,0.0,0.0,12.08,6.41,0.0
20230508:0310,0.0,0.0,0.0,12.16,6.97,0.0
20230508:0410,0.0,0.0,0.0,12.17,7.52,0.0
20230508:0510,6.1,12.24,3.62,12.19,7.86,0.0
20230508:0610,32.66,32.45,12.75,12.23,8.0,0.0
20230508:0710,72.68,58.41,22.25,12.35,7.66,0.0
20230508:0810,72.58,58.41,31.75,12.6,7.31,0.0
20230508:0910,243.0,159.46,40.8,12.78,7.17,0.0
20230508:1010,352.02,222.85,48.72,12.7,6.69,0.0
20230508:1110,325.9,207.67,54.46,12.81,7.03,0.0
20230508:1210,518.58,320.3,56.72,12.83,7.1,0.0
20230508:1310,354.66,224.36,54.76,12.83,7.24,0.0
20230508:1410,323.2,205.82,49.22,12.63,7.45,0.0
20230508:1510,116.76,85.29,41.42,12.46,7.03,0.0
20230508:1610,82.98,64.9,32.43,12.51,4.97,0.0
20230508:1710,49.24,43.57,22.94,12.36,4.48,0.0
20230508:1810,13.54,18.54,13.43,12.43,4.28,0.0
20230508:1910,0.0,3.5,4.26,12.06,3.93,0.0
20230508:2010,0.0,0.0,0.0,12.0,3.86,0.0
20230508:2110,0.0,0.0,0.0,12.0,4.62,0.0
20230508:2210,0.0,0.0,0.0,12.49,5.03,0.0
20230508:2310,0.0,0.0,0.0,12.34,4.55,0.0
20230509:0010,0.0,0.0,0.0,12.16,3.93,0.0
20230509:0110,0.0,0.0,0.0,12.07,4.07,0.0
20230509:0210,0.0,0.0,0.0,12.07,4.83,0.0
20230509:0310,0.0,0.0,0.0,12.2,4.76,0.0
20230509:0410,0.0,0.0,0.0,12.3,4.28,0.0
20230509:0510,0.0,5.25,3.84,12.34,4.34,0.0
20230509:0610,22.1,25.03,12.96,12.39,4.48,0.0
20230509:0710,125.76,90.86,22.46,12.49,4.34,0.0
20230509:0810,185.08,126.09,31.96,12.57,3.86,0.0
20230509:0910,331.18,211.94,41.02,12.68,3.72,0.0
20230509:1010,369.82,233.98,48.96,12.72,5.17,0.0
20230509:1110,1034.58,637.31,54.72,12.82,6.07,0.0
20230509:1210,284.4,183.57,56.99,12.55,6.21,0.0
20230509:1310,198.6,133.5,55.01,12.32,6.21,0.0
20230509:1410,178.3,121.45,49.45,12.06,6.76,0.0
20230509:1510,724.46,440.43,41.63,12.36,6.9,0.0
20230509:1610,251.58,164.26,32.62,12.62,7.52,0.0
20230509:1710,66.74,54.7,23.13,12.45,8.34,0.0
20230509:1810,17.16,21.32,13.62,12.23,8.9,0.0
20230509:1910,12.26,17.49,4.46,12.18,8.48,0.0
20230509:2010,0.0,0.0,0.0,11.91,8.14,0.0
20230509:2110,0.0,0.0,0.0,11.68,8.28,0.0
20230509:2210,0.0,0.0,0.0,11.4,8.83,0.0
20230509:2310,0.0,0.0,0.0,11.35,8.34,0.0
20230510:0010,0.0,0.0,0.0,11.22,7.45,0.0
20230510:0110,0.0,0.0,0.0,11.19,7.1,0.0
20230510:0210,0.0,0.0,0.0,11.24,6.69,0.0
20230510:0310,0.0,0.0,0.0,11.4,6.62,0.0
20230510:0410,0.0,0.0,0.0,11.39,6.62,0.0
20230510:0510,0.0,4.37,4.05,11.26,6.62,0.0
20230510:0610,106.72,93.18,13.16,11.23,6.69,0.0
20230510:0710,298.6,193.82,22.66,11.4,7.45,0.0
20230510:0810,474.74,292.57,32.17,11.74,7.59,0.0
20230510:0910,578.42,353.55,41.24,12.28,7.31,0.0
20230510:1010,503.0,310.13,49.19,12.35,7.24,0.0
20230510:1110,408.46,255.33,54.98,12.49,7.24,0.0
20230510:1210,761.62,464.01,57.25,12.52,7.45,0.0
20230510:1310,757.06,461.38,55.26,12.77,7.59,0.0
20230510:1410,486.22,300.69,49.67,12.83,7.72,0.0
20230510:1510,500.1,308.72,41.83,13.04,7.66,0.0
20230510:1610,558.92,343.52,32.81,12.98,7.59,0.0
20230510:1710,174.22,119.46,23.32,12.77,7.79,0.0
20230510:1810,125.22,94.18,13.81,12.43,7.86,0.0
20230510:1910,0.0,3.5,4.66,12.08,7.38,0.0
20230510:2010,0.0,0.0,0.0,11.75,6.28,0.0
20230510:2110,0.0,0.0,0.0,11.3,5.59,0.0
20230510:2210,0.0,0.0,0.0,10.98,5.03,0.0
20230510:2310,0.0,0.0,0.0,10.86,4.97,0.0
20230511:0010,0.0,0.0,0.0,10.73,4.83,0.0
20230511:0110,0.0,0.0,0.0,10.71,4.83,0.0
20230511:0210,0.0,0.0,0.0,10.65,4.9,0.0
20230511:0310,0.0,0.0,0.0,10.65,4.76,0.0
20230511:0410,0.0,0.0,0.0,10.53,4.55,0.0
20230511:0510,10.22,15.74,4.26,10.46,4.21,0.0
20230511:0610,90.1,90.05,13.37,10.72,4.21,0.0
20230511:0710,433.1,287.87,22.86,11.15,4.28,0.0
20230511:0810,815.1,503.54,32.37,11.51,4.0,0.0
20230511:0910,304.7,195.88,41.45,11.98,3.52,0.0
20230511:1010,661.18,409.25,49.42,12.36,3.59,0.0
20230511:1110,204.06,137.21,55.23,12.49,3.79,0.0
20230511:1210,555.14,345.03,57.51,12.56,4.0,0.0
20230511:1310,1541.04,1001.78,55.51,12.76,4.28,0.0
20230511:1410,1307.7,825.11,49.9,13.14,4.97,0.0
20230511:1510,1072.32,662.38,42.03,13.33,5.59,0.0
20230511:1610,780.78,481.22,33.0,13.16,5.45,0.0
20230511:1710,326.22,212.3,23.51,13.01,5.45,0.0
20230511:1810,99.42,101.47,14.0,13.0,5.38,0.0
20230511:1910,18.98,22.74,4.86,12.51,4.48,0.0
20230511:2010,0.0,0.0,0.0,12.02,3.52,0.0
20230511:2110,0.0,0.0,0.0,11.46,3.03,0.0
20230511:2210,0.0,0.0,0.0,10.95,2.48,0.0
20230511:2310,0.0,0.0,0.0,10.61,2.21,0.0
20230512:0010,0.0,0.0,0.0,10.59,2.28,0.0
20230512:0110,0.0,0.0,0.0,10.39,2.9,0.0
20230512:0210,0.0,0.0,0.0,10.31,3.38,0.0
20230512:0310,0.0,0.0,0.0,10.25,3.79,0.0
20230512:0410,0.0,0.0,0.0,10.21,4.28,0.0
20230512:0510,12.38,17.49,4.46,10.35,4.9,0.0
20230512:0610,95.58,92.29,13.56,10.97,5.38,0.0
20230512:0710,450.92,301.12,23.05,11.77,5.59,0.0
20230512:0810,858.18,527.4,32.56,12.6,6.07,0.0
20230512:0910,1178.12,728.32,41.65,13.26,6.0,0.0
20230512:1010,1328.3,842.08,49.64,13.83,4.97,0.0
20230512:1110,1531.66,998.42,55.47,14.32,4.62,0.0
20230512:1210,1592.84,1061.38,57.77,14.63,3.86,0.0
20230512:1310,506.96,320.95,55.75,14.91,2.9,0.0
20230512:1410,160.64,113.11,50.11,15.09,2.28,0.0
20230512:1510,1049.78,673.52,42.23,15.22,2.41,0.0
20230512:1610,810.0,511.39,33.19,15.31,3.31,0.0
20230512:1710,215.18,145.93,23.69,15.44,4.28,0.0
20230512:1810,128.22,105.59,14.19,15.21,4.9,0.0
20230512:1910,21.08,24.48,5.05,14.76,4.97,0.0
20230512:2010,0.0,0.0,0.0,14.28,4.97,0.0
20230512:2110,0.0,0.0,0.0,13.91,5.31,0.0
20230512:2210,0.0,0.0,0.0,13.21,4.76,0.0
20230512:2310,0.0,0.0,0.0,12.74,4.76,0.0
20230513:0010,0.0,0.0,0.0,12.35,4.97,0.0
20230513:0110,0.0,0.0,0.0,11.86,5.31,0.0
20230513:0210,0.0,0.0,0.0,11.46,5.17,0.0
20230513:0310,0.0,0.0,0.0,11.05,5.38,0.0
20230513:0410,0.0,0.0,0.0,10.73,5.38,0.0
20230513:0510,13.46,18.36,4.66,10.52,5.24,0.0
20230513:0610,106.3,96.0,13.75,10.51,4.97,0.0
20230513:0710,445.54,296.29,23.24,10.8,4.34,0.0
20230513:0810,834.76,517.33,32.75,11.27,3.45,0.0
20230513:0910,1152.16,728.2,41.85,11.97,2.83,0.0
20230513:1010,1409.54,930.68,49.86,13.0,2.34,0.0
20230513:1110,1496.76,1021.12,55.71,14.05,1.86,0.0
20230513:1210,1535.26,1067.26,58.01,14.32,1.52,0.0
20230513:1310,1495.14,1020.43,55.99,14.4,1.93,0.0
20230513:1410,1410.44,934.79,50.33,14.26,2.55,0.0
20230513:1510,1183.86,756.34,42.43,14.09,3.1,0.0
20230513:1610,857.72,538.68,33.38,14.07,3.45,0.0
20230513:1710,456.06,304.88,23.87,13.97,3.66,0.0
20230513:1810,107.1,104.07,14.37,13.96,3.93,0.0
20230513:1910,22.36,25.36,5.25,13.88,4.07,0.0
20230513:2010,0.0,0.0,0.0,13.66,3.31,0.0
20230513:2110,0.0,0.0,0.0,13.23,2.9,0.0
20230513:2210,0.0,0.0,0.0,12.82,3.03,0.0
20230513:2310,0.0,0.0,0.0,12.58,3.66,0.0
20230514:0010,0.0,0.0,0.0,12.07,3.66,0.0
20230514:0110,0.0,0.0,0.0,11.65,3.17,0.0
20230514:0210,0.0,0.0,0.0,11.5,3.17,0.0
20230514:0310,0.0,0.0,0.0,11.36,3.31,0.0
20230514:0410,0.0,0.0,0.0,11.04,3.17,0.0
20230514:0510,6.16,12.24,4.85,10.94,2.97,0.0
20230514:0610,111.36,83.1,13.94,10.82,2.97,0.0
20230514:0710,346.48,225.39,23.42,10.98,3.1,0.0
20230514:0810,749.1,465.04,32.94,11.51,2.97,0.0
20230514:0910,755.06,470.41,42.04,12.54,2.48,0.0
20230514:1010,1194.84,769.29,50.07,12.9,2.41,0.0
20230514:1110,1174.54,752.88,55.94,13.8,3.17,0.0
20230514:1210,1591.86,1062.79,58.26,14.35,3.66,0.0
20230514:1310,1456.26,952.78,56.22,14.49,3.93,0.0
20230514:1410,386.64,246.34,50.54,14.61,4.48,0.0
20230514:1510,233.74,155.75,42.62,14.56,4.76,0.0
20230514:1610,805.2,500.14,33.56,14.34,5.1,0.0
20230514:1710,350.58,228.46,24.05,13.97,5.66,0.0
20230514:1810,20.72,24.1,14.56,13.51,5.86,0.0
20230514:1910,26.08,27.98,5.44,13.23,5.66,0.0
20230514:2010,0.0,0.0,0.0,13.02,4.97,0.0
20230514:2110,0.0,0.0,0.0,12.81,4.55,0.0
20230514:2210,0.0,0.0,0.0,12.75,4.21,0.0
20230514:2310,0.0,0.0,0.0,12.57,4.69,0.0
20230515:0010,0.0,0.0,0.0,12.4,5.66,0.0
20230515:0110,0.0,0.0,0.0,12.25,6.28,0.0
20230515:0210,0.0,0.0,0.0,12.07,6.9,0.0
20230515:0310,0.0,0.0,0.0,11.74,7.45,0.0
20230515:0410,0.0,0.0,0.0,11.33,8.07,0.0
20230515:0510,21.56,24.48,5.04,10.85,8.41,0.0
20230515:0610,98.4,96.07,14.12,10.62,8.28,0.0
20230515:0710,463.82,305.49,23.59,10.84,8.0,0.0
20230515:0810,792.12,480.32,33.12,11.31,7.59,0.0
20230515:0910,1100.52,668.06,42.23,11.7,7.31,0.0
20230515:1010,1067.94,651.34,50.28,12.17,7.24,0.0
20230515:1110,1390.94,866.6,56.17,12.63,7.1,0.0
20230515:1210,1469.82,920.83,58.5,12.91,7.38,0.0
20230515:1310,1537.86,967.53,56.45,13.1,7.38,0.0
20230515:1410,1426.9,891.92,50.75,13.29,6.97,0.0
20230515:1510,1195.9,735.59,42.81,13.31,6.97,0.0
20230515:1610,875.26,535.9,33.74,13.17,7.17,0.0
20230515:1710,488.06,321.51,24.23,12.96,7.45,0.0
20230515:1810,107.06,106.96,14.74,12.56,7.31,0.0
20230515:1910,23.82,26.23,5.62,12.03,6.97,0.0
20230515:2010,0.0,0.0,0.0,11.27,6.76,0.0
20230515:2110,0.0,0.0,0.0,10.64,6.62,0.0
20230515:2210,0.0,0.0,0.0,10.11,6.21,0.0
20230515:2310,0.0,0.0,0.0,9.88,6.0,0.0
20230516:0010,0.0,0.0,0.0,9.65,5.79,0.0
20230516:0110,0.0,0.0,0.0,9.4,5.38,0.0
20230516:0210,0.0,0.0,0.0,9.32,5.1,0.0
20230516:0310,0.0,0.0,0.0,9.29,4.83,0.0
20230516:0410,0.0,0.0,0.0,9.11,4.62,0.0
20230516:0510,25.42,27.11,5.22,9.12,4.28,0.0
20230516:0610,113.74,101.2,14.29,9.6,4.07,0.0
20230516:0710,460.6,306.7,23.76,10.44,3.31,0.0
20230516:0810,861.76,538.86,33.29,11.42,2.62,0.0
20230516:0910,1168.18,748.2,42.41,12.27,2.14,0.0
20230516:1010,1276.6,836.05,50.48,12.87,1.93,0.0
20230516:1110,1100.24,718.24,56.39,13.24,1.24,0.0
20230516:1210,1102.12,723.22,58.73,13.33,1.03,0.0
20230516:1310,1257.38,823.63,56.67,13.37,2.14,0.0
20230516:1410,1257.14,813.15,50.95,13.41,2.76,0.0
20230516:1510,1189.04,758.93,42.99,13.58,3.03,0.0
20230516:1610,882.22,555.21,33.91,13.76,3.17,0.0
20230516:1710,474.86,316.62,24.4,13.63,3.66,0.0
20230516:1810,114.0,109.27,14.91,13.57,4.62,0.0
20230516:1910,27.32,28.86,5.81,13.22,5.31,0.0
20230516:2010,0.0,0.0,0.0,12.51,5.38,0.0
20230516:2110,0.0,0.0,0.0,11.74,5.17,0.0
20230516:2210,0.0,0.0,0.0,11.07,4.83,0.0
20230516:2310,0.0,0.0,0.0,10.76,4.62,0.0
20230517:0010,0.0,0.0,0.0,10.42,4.48,0.0
20230517:0110,0.0,0.0,0.0,10.38,4.21,0.0
20230517:0210,0.0,0.0,0.0,10.11,4.07,0.0
20230517:0310,0.0,0.0,0.0,10.15,3.86,0.0
20230517:0410,0.0,0.0,0.0,10.1,3.66,0.0
20230517:0510,24.06,26.23,5.4,9.98,3.59,0.0
20230517:0610,130.48,96.0,14.46,10.55,3.66,0.0
20230517:0710,450.72,300.96,23.93,11.46,3.31,0.0
20230517:0810,681.24,423.62,33.45,12.37,3.17,0.0
20230517:0910,1120.56,711.16,42.59,13.11,2.83,0.0
20230517:1010,1266.72,828.02,50.67,13.45,2.14,0.0
20230517:1110,991.32,635.62,56.6,13.64,1.86,0.0
20230517:1210,1061.48,684.65,58.96,13.8,2.0,0.0
20230517:1310,1480.22,999.44,56.89,13.78,2.14,0.0
20230517:1410,1398.7,928.24,51.15,13.79,2.28,0.0
20230517:1510,1122.82,722.7,43.18,13.78,2.07,0.0
20230517:1610,687.78,433.9,34.09,13.63,1.86,0.0
20230517:1710,465.86,312.43,24.57,13.49,1.79,0.0
20230517:1810,138.0,113.87,15.09,13.32,1.86,0.0
20230517:1910,31.0,31.48,5.99,13.23,2.14,0.0
20230517:2010,0.0,0.0,0.0,13.04,2.48,0.0
20230517:2110,0.0,0.0,0.0,12.7,3.03,0.0
20230517:2210,0.0,0.0,0.0,12.12,3.31,0.0
20230517:2310,0.0,0.0,0.0,11.76,3.24,0.0
20230518:0010,0.0,0.0,0.0,11.32,3.45,0.0
20230518:0110,0.0,0.0,0.0,11.03,3.38,0.0
20230518:0210,0.0,0.0,0.0,10.9,3.45,0.0
20230518:0310,0.0,0.0,0.0,10.86,3.45,0.0
20230518:0410,0.0,0.0,0.0,10.89,3.72,0.0
20230518:0510,23.96,26.23,5.57,10.9,4.21,0.0
20230518:0610,133.42,98.24,14.62,11.14,4.55,0.0
20230518:0710,401.0,261.88,24.09,11.83,4.34,0.0
20230518:0810,378.98,239.86,33.62,12.68,4.07,0.0
20230518:0910,709.62,440.14,42.76,13.43,3.79,0.0
20230518:1010,1322.36,854.32,50.86,14.2,3.52,0.0
20230518:1110,1500.02,999.25,56.81,14.67,3.17,0.0
20230518:1210,1525.82,1032.21,59.18,15.1,2.76,0.0
20230518:1310,1323.2,877.71,57.11,15.34,2.48,0.0
20230518:1410,1105.9,713.25,51.35,15.31,2.69,0.0
20230518:1510,1011.56,642.2,43.36,15.26,3.17,0.0
20230518:1610,847.48,532.67,34.26,15.06,3.93,0.0
20230518:1710,485.7,324.68,24.74,14.67,5.03,0.0
20230518:1810,135.54,113.9,15.26,14.09,5.79,0.0
20230518:1910,28.54,29.73,6.17,13.38,5.72,0.0
20230518:2010,0.0,0.0,0.0,12.8,5.17,0.0
20230518:2110,0.0,0.0,0.0,12.21,4.48,0.0
20230518:2210,0.0,0.0,0.0,11.68,4.21,0.0
20230518:2310,0.0,0.0,0.0,11.37,4.34,0.0
20230519:0010,0.0,0.0,0.0,11.07,4.34,0.0
20230519:0110,0.0,0.0,0.0,10.9,4.0,0.0
20230519:0210,0.0,0.0,0.0,10.55,3.72,0.0
20230519:0310,0.0,0.0,0.0,10.4,3.72,0.0
20230519:0410,0.0,0.0,0.0,10.04,3.72,0.0
20230519:0510,30.28,30.61,5.73,10.15,3.59,0.0
20230519:0610,109.82,101.9,14.78,10.61,3.1,0.0
20230519:0710,449.32,298.45,24.24,11.22,3.17,0.0
20230519:0810,832.84,517.95,33.77,12.2,3.59,0.0
20230519:0910,1115.62,702.09,42.92,13.19,3.59,0.0
20230519:1010,1178.1,753.08,51.04,13.97,3.31,0.0
20230519:1110,955.96,610.13,57.02,14.52,2.41,0.0
20230519:1210,881.36,562.26,59.39,14.81,2.21,0.0
20230519:1310,835.34,528.68,57.32,15.18,2.97,0.0
20230519:1410,516.0,326.05,51.54,15.51,3.72,0.0
20230519:1510,986.5,619.15,43.53,15.68,4.62,0.0
20230519:1610,881.42,551.89,34.43,15.55,5.1,0.0
20230519:1710,409.92,268.48,24.91,15.06,5.17,0.0
20230519:1810,121.36,113.04,15.43,14.38,5.31,0.0
20230519:1910,34.72,34.1,6.34,13.95,4.97,0.0
20230519:2010,0.0,0.0,0.0,13.44,4.69,0.0
20230519:2110,0.0,0.0,0.0,12.94,4.55,0.0
20230519:2210,0.0,0.0,0.0,12.62,4.21,0.0
20230519:2310,0.0,0.0,0.0,12.48,4.0,0.0
20230520:0010,0.0,0.0,0.0,12.38,4.07,0.0
20230520:0110,0.0,0.0,0.0,12.2,4.14,0.0
20230520:0210,0.0,0.0,0.0,12.09,4.55,0.0
20230520:0310,0.0,0.0,0.0,11.93,4.83,0.0
20230520:0410,0.0,0.0,0.0,11.56,4.9,0.0
20230520:0510,27.58,28.86,5.89,11.37,4.55,0.0
20230520:0610,103.12,100.96,14.93,11.76,4.55,0.0
20230520:0710,461.38,308.03,24.39,12.37,4.62,0.0
20230520:0810,869.9,539.58,33.92,12.95,4.76,0.0
20230520:0910,1207.82,755.02,43.08,13.47,5.03,0.0
20230520:1010,1454.24,939.19,51.21,14.2,4.48,0.0
20230520:1110,1578.4,1042.26,57.21,14.71,4.28,0.0
20230520:1210,1610.0,1082.06,59.61,15.02,3.66,0.0
20230520:1310,1553.3,1046.85,57.52,15.36,3.17,0.0
20230520:1410,1417.86,944.74,51.73,15.6,2.76,0.0
20230520:1510,1153.66,746.78,43.71,15.75,2.62,0.0
20230520:1610,817.22,521.69,34.59,15.84,2.34,0.0
20230520:1710,457.38,308.59,25.07,16.2,2.14,0.0
20230520:1810,140.24,117.74,15.59,15.87,2.69,0.0
20230520:1910,35.64,34.98,6.52,15.56,2.83,0.0
20230520:2010,0.0,0.0,0.0,14.85,3.31,0.0
20230520:2110,0.0,0.0,0.0,14.05,4.0,0.0
20230520:2210,0.0,0.0,0.0,13.49,4.55,0.0
20230520:2310,0.0,0.0,0.0,13.05,4.62,0.0
20230521:0010,0.0,0.0,0.0,12.77,4.48,0.0
20230521:0110,0.0,0.0,0.0,12.58,4.55,0.0
20230521:0210,0.0,0.0,0.0,12.26,4.55,0.0
20230521:0310,0.0,0.0,0.0,11.96,4.48,0.0
20230521:0410,0.0,0.0,0.0,11.65,4.34,0.0
20230521:0510,26.34,27.98,6.05,11.41,4.41,0.0
20230521:0610,102.76,102.08,15.07,11.83,4.69,0.0
20230521:0710,467.78,311.87,24.53,12.51,4.97,0.0
20230521:0810,873.78,540.99,34.06,13.19,5.31,0.0
20230521:0910,1208.52,756.11,43.23,13.91,5.24,0.0
20230521:1010,1419.14,915.11,51.38,14.46,4.48,0.0
20230521:1110,1558.02,1035.66,57.4,14.83,3.79,0.0
20230521:1210,1581.32,1069.13,59.81,15.25,3.24,0.0
20230521:1310,1517.42,1027.96,57.72,15.59,2.76,0.0
20230521:1410,1400.52,939.72,51.91,15.75,2.34,0.0
20230521:1510,1183.12,776.07,43.88,15.86,2.0,0.0
20230521:1610,864.62,558.64,34.75,15.88,1.52,0.0
20230521:1710,475.78,325.13,25.23,15.79,0.62,0.0
20230521:1810,119.42,115.08,15.76,15.78,1.1,0.0
20230521:1910,36.94,35.85,6.69,15.38,2.62,0.0
20230521:2010,0.0,0.0,0.0,14.68,3.59,0.0
20230521:2110,0.0,0.0,0.0,14.06,4.34,0.0
20230521:2210,0.0,0.0,0.0,13.49,4.34,0.0
20230521:2310,0.0,0.0,0.0,13.06,4.07,0.0
20230522:0010,0.0,0.0,0.0,12.67,3.86,0.0
20230522:0110,0.0,0.0,0.0,12.41,3.72,0.0
20230522:0210,0.0,0.0,0.0,12.18,3.52,0.0
20230522:0310,0.0,0.0,0.0,12.06,3.31,0.0
20230522:0410,0.0,0.0,0.0,11.82,3.24,0.0
20230522:0510,21.42,24.48,6.19,11.81,3.38,0.0
20230522:0610,148.26,111.98,15.21,12.59,4.07,0.0
20230522:0710,446.38,297.8,24.67,13.67,4.28,0.0
20230522:0810,827.08,517.33,34.2,14.68,4.55,0.0
20230522:0910,1159.6,734.2,43.38,15.53,4.48,0.0
20230522:1010,1353.9,876.7,51.54,16.17,4.41,0.0
20230522:1110,1490.36,987.47,57.59,16.6,4.14,0.0
20230522:1210,1436.48,954.39,60.01,16.87,3.79,0.0
20230522:1310,1178.18,764.76,57.92,17.16,3.72,0.0
20230522:1410,948.54,604.39,52.09,17.47,4.0,0.0
20230522:1510,452.16,289.51,44.04,17.65,4.14,0.0
20230522:1610,782.18,493.56,34.91,17.41,4.9,0.0
20230522:1710,465.36,309.17,25.39,16.59,6.41,0.0
20230522:1810,139.18,119.66,15.92,15.58,7.45,0.0
20230522:1910,38.46,36.73,6.85,14.68,7.52,0.0
20230522:2010,0.0,0.0,0.0,13.89,7.45,0.0
20230522:2110,0.0,0.0,0.0,13.32,6.76,0.0
20230522:2210,0.0,0.0,0.0,12.94,5.66,0.0
20230522:2310,0.0,0.0,0.0,12.82,5.86,0.0
20230523:0010,0.0,0.0,0.0,12.75,5.72,0.0
20230523:0110,0.0,0.0,0.0,12.78,5.38,0.0
20230523:0210,0.0,0.0,0.0,12.5,5.24,0.0
20230523:0310,0.0,0.0,0.0,12.27,5.03,0.0
20230523:0410,0.0,0.0,0.0,12.0,4.76,0.0
20230523:0510,35.1,34.1,6.33,11.83,4.41,0.0
20230523:0610,126.54,108.74,15.35,12.08,4.41,0.0
20230523:0710,407.42,267.0,24.8,12.78,4.28,0.0
20230523:0810,709.2,441.8,34.33,13.53,3.86,0.0
20230523:0910,936.18,587.82,43.52,14.01,3.24,0.0
20230523:1010,706.58,446.04,51.7,14.25,2.07,0.0
20230523:1110,1013.98,656.72,57.77,14.45,1.59,0.0
20230523:1210,582.24,370.69,60.2,14.6,1.31,0.0
20230523:1310,686.74,439.91,58.11,14.77,0.83,0.0
20230523:1410,657.12,421.13,52.27,14.71,0.55,0.0
20230523:1510,544.3,347.15,44.21,14.6,0.83,0.0
20230523:1610,399.54,256.88,35.07,14.41,1.1,0.0
20230523:1710,309.02,204.25,25.54,14.3,0.97,0.0
20230523:1810,155.82,115.77,16.07,14.12,1.03,0.0
20230523:1910,35.94,34.98,7.01,13.83,1.38,0.0
20230523:2010,0.0,0.0,0.0,13.47,1.93,0.0
20230523:2110,0.0,0.0,0.0,13.21,2.76,0.0
20230523:2210,0.0,0.0,0.0,13.13,2.97,0.0
20230523:2310,0.0,0.0,0.0,12.99,3.17,0.0
20230524:0010,0.0,0.0,0.0,12.61,3.31,0.0
20230524:0110,0.0,0.0,0.0,12.32,3.38,0.0
20230524:0210,0.0,0.0,0.0,12.05,3.17,0.0
20230524:0310,0.0,0.0,0.0,11.88,3.03,0.0
20230524:0410,0.0,0.0,0.0,11.75,2.9,0.0
20230524:0510,32.56,32.35,6.47,11.65,2.97,0.0
20230524:0610,131.58,110.14,15.47,12.05,3.1,0.0
20230524:0710,447.5,300.04,24.92,12.88,2.97,0.0
20230524:0810,798.34,501.95,34.46,13.75,2.97,0.0
20230524:0910,1116.06,716.07,43.65,14.47,2.48,0.0
20230524:1010,1320.72,864.62,51.85,15.22,2.97,0.0
20230524:1110,1467.86,991.54,57.94,15.72,2.55,0.0
20230524:1210,1488.44,1023.31,60.39,16.14,2.07,0.0
20230524:1310,1452.28,1002.35,58.29,16.2,1.66,0.0
20230524:1410,1335.84,905.38,52.44,16.13,1.52,0.0
20230524:1510,1148.9,753.96,44.37,16.11,1.79,0.0
20230524:1610,848.56,542.56,35.22,16.15,2.48,0.0
20230524:1710,470.06,315.53,25.69,16.11,3.52,0.0
20230524:1810,125.08,117.2,16.23,16.05,4.69,0.0
20230524:1910,40.8,38.48,7.17,15.67,5.45,0.0
20230524:2010,0.0,0.0,0.0,14.7,6.0,0.0
20230524:2110,0.0,0.0,0.0,13.77,6.0,0.0
20230524:2210,0.0,0.0,0.0,13.26,5.59,0.0
20230524:2310,0.0,0.0,0.0,13.12,5.17,0.0
20230525:0010,0.0,0.0,0.0,13.21,4.97,0.0
20230525:0110,0.0,0.0,0.0,13.13,4.97,0.0
20230525:0210,0.0,0.0,0.0,12.78,5.17,0.0
20230525:0310,0.0,0.0,0.0,12.35,5.31,0.0
20230525:0410,0.0,0.0,0.0,12.02,5.38,0.0
20230525:0510,36.42,34.98,6.6,11.83,5.38,0.0
20230525:0610,112.88,105.93,15.6,12.27,5.24,0.0
20230525:0710,458.86,306.29,25.04,13.05,4.97,0.0
20230525:0810,842.74,525.25,34.58,13.96,4.62,0.0
20230525:0910,1150.22,728.69,43.78,14.76,3.93,0.0
20230525:1010,1334.68,870.79,51.99,15.41,3.38,0.0
20230525:1110,1182.82,770.13,58.1,15.97,2.97,0.0
20230525:1210,1056.78,683.16,60.57,16.08,2.76,0.0
20230525:1310,1304.26,866.13,58.47,16.1,2.55,0.0
20230525:1410,832.92,530.36,52.6,15.85,2.48,0.0
20230525:1510,968.04,619.53,44.52,15.71,2.41,0.0
20230525:1610,680.68,432.79,35.37,15.49,2.0,0.0
20230525:1710,362.72,239.32,25.84,15.46,1.72,0.0
20230525:1810,146.9,123.48,16.38,15.31,1.1,0.0
20230525:1910,43.42,40.23,7.33,14.92,0.41,0.0
20230525:2010,0.0,0.0,0.0,13.99,0.48,0.0
20230525:2110,0.0,0.0,0.0,13.73,1.17,0.0
20230525:2210,0.0,0.0,0.0,14.15,1.52,0.0
20230525:2310,0.0,0.0,0.0,13.63,2.28,0.0
20230526:0010,0.0,0.0,0.0,13.01,2.76,0.0
20230526:0110,0.0,0.0,0.0,12.81,2.76,0.0
20230526:0210,0.0,0.0,0.0,12.65,2.41,0.0
20230526:0310,0.0,0.0,0.0,12.3,2.41,0.0
20230526:0410,0.0,0.0,0.0,12.27,2.83,0.0
20230526:0510,34.98,34.1,6.72,12.44,3.52,0.0
20230526:0610,107.32,105.2,15.71,12.95,4.62,0.0
20230526:0710,463.08,308.79,25.15,13.32,5.93,0.0
20230526:0810,860.5,530.51,34.69,13.67,6.48,0.0
20230526:0910,1190.06,735.68,43.9,14.02,6.69,0.0
20230526:1010,1395.5,883.55,52.13,14.26,5.79,0.0
20230526:1110,1569.66,1011.57,58.26,14.43,5.86,0.0
20230526:1210,1621.96,1050.98,60.75,14.6,6.0,0.0
20230526:1310,1574.56,1017.47,58.65,14.79,5.86,0.0
20230526:1410,1430.16,915.41,52.77,15.04,5.45,0.0
20230526:1510,1212.14,765.89,44.67,15.23,4.9,0.0
20230526:1610,888.14,558.31,35.52,15.38,4.34,0.0
20230526:1710,490.74,328.11,25.99,15.39,4.0,0.0
20230526:1810,121.88,119.86,16.52,15.27,3.66,0.0
20230526:1910,39.62,37.6,7.48,14.93,3.59,0.0
20230526:2010,0.0,0.0,0.0,14.17,3.93,0.0
20230526:2110,0.0,0.0,0.0,13.62,4.41,0.0
20230526:2210,0.0,0.0,0.0,13.29,4.28,0.0
20230526:2310,0.0,0.0,0.0,13.11,4.83,0.0
20230527:0010,0.0,0.0,0.0,12.9,5.66,0.0
20230527:0110,0.0,0.0,0.0,12.46,5.93,0.0
20230527:0210,0.0,0.0,0.0,12.0,6.55,0.0
20230527:0310,0.0,0.0,0.0,11.59,6.69,0.0
20230527:0410,0.0,0.0,0.0,11.2,6.55,0.0
20230527:0510,35.3,34.1,6.84,10.95,6.62,0.0
20230527:0610,113.24,107.25,15.82,11.28,6.97,0.0
20230527:0710,470.68,310.07,25.26,11.91,6.97,0.0
20230527:0810,864.94,530.38,34.8,12.71,6.69,0.0
20230527:0910,1186.98,733.83,44.02,13.52,6.34,0.0
20230527:1010,1411.84,896.65,52.26,14.25,5.66,0.0
20230527:1110,1573.82,1026.01,58.41,14.79,5.17,0.0
20230527:1210,1610.88,1065.59,60.92,15.23,4.69,0.0
20230527:1310,1565.5,1042.9,58.82,15.63,4.0,0.0
20230527:1410,1400.4,923.81,52.93,15.81,3.31,0.0
20230527:1510,1181.4,765.28,44.82,15.87,2.83,0.0
20230527:1610,875.12,560.28,35.66,15.92,2.41,0.0
20230527:1710,489.3,330.49,26.13,15.83,1.93,0.0
20230527:1810,129.84,122.93,16.67,15.54,1.24,0.0
20230527:1910,40.8,38.48,7.63,15.03,0.48,0.0
20230527:2010,0.0,0.0,0.0,14.23,0.9,0.0
20230527:2110,0.0,0.0,0.0,13.98,2.07,0.0
20230527:2210,0.0,0.0,0.0,13.74,3.1,0.0
20230527:2310,0.0,0.0,0.0,13.59,3.72,0.0
20230528:0010,0.0,0.0,0.0,13.43,3.79,0.0
20230528:0110,0.0,0.0,0.0,13.2,3.66,0.0
20230528:0210,0.0,0.0,0.0,12.9,3.59,0.0
20230528:0310,0.0,0.0,0.0,12.82,3.59,0.0
20230528:0410,0.0,0.0,0.0,12.77,3.59,0.0
20230528:0510,40.04,37.6,6.95,12.99,4.0,0.0
20230528:0610,115.14,108.35,15.93,13.69,4.48,0.0
20230528:0710,458.92,308.14,25.36,14.42,4.69,0.0
20230528:0810,846.78,530.77,34.9,15.2,4.76,0.0
20230528:0910,1153.64,730.15,44.13,15.89,4.69,0.0
20230528:1010,1385.76,897.53,52.38,16.33,4.69,0.0
20230528:1110,1523.86,1009.85,58.56,16.74,4.41,0.0
20230528:1210,1578.02,1060.36,61.08,17.09,4.14,0.0
20230528:1310,1416.26,937.33,58.98,17.3,4.0,0.0
20230528:1410,1328.94,871.33,53.08,17.43,3.86,0.0
20230528:1510,1137.3,732.84,44.97,17.32,3.59,0.0
20230528:1610,718.98,457.68,35.8,17.11,3.03,0.0
20230528:1710,418.64,277.51,26.26,16.77,2.55,0.0
20230528:1810,153.86,128.49,16.81,16.56,2.07,0.0
20230528:1910,40.58,38.48,7.78,16.3,2.14,0.0
20230528:2010,0.0,0.0,0.0,15.83,2.76,0.0
20230528:2110,0.0,0.0,0.0,15.43,3.31,0.0
20230528:2210,0.0,0.0,0.0,14.97,4.41,0.0
20230528:2310,0.0,0.0,0.0,14.81,5.03,0.0
20230529:0010,0.0,0.0,0.0,14.7,5.86,0.0
20230529:0110,0.0,0.0,0.0,14.5,6.83,0.0
20230529:0210,0.0,0.0,0.0,14.0,7.72,0.0
20230529:0310,0.0,0.0,0.0,13.35,8.14,0.0
20230529:0410,0.0,0.0,0.0,12.69,7.93,0.0
20230529:0510,38.96,36.73,7.06,12.23,8.34,0.0
20230529:0610,112.04,107.39,16.03,12.19,8.76,0.0
20230529:0710,472.12,310.63,25.45,12.38,9.31,0.0
20230529:0810,875.9,532.34,35.0,12.84,9.17,0.0
20230529:0910,1200.7,731.82,44.23,13.31,8.55,0.0
20230529:1010,1434.34,894.55,52.5,13.62,7.45,0.0
20230529:1110,1600.72,1017.6,58.7,14.19,7.31,0.0
20230529:1210,1649.24,1057.13,61.24,14.63,7.24,0.0
20230529:1310,1594.08,1023.71,59.14,15.1,6.76,0.0
20230529:1410,1460.98,932.23,53.23,15.42,6.21,0.0
20230529:1510,1213.08,761.25,45.11,15.67,6.0,0.0
20230529:1610,871.52,543.07,35.93,15.75,6.0,0.0
20230529:1710,487.32,322.2,26.4,15.77,5.86,0.0
20230529:1810,147.7,127.89,16.94,15.62,5.86,0.0
20230529:1910,46.08,41.97,7.92,15.36,5.59,0.0
20230529:2010,0.0,0.0,0.0,14.87,5.86,0.0
20230529:2110,0.0,0.0,0.0,14.47,6.34,0.0
20230529:2210,0.0,0.0,0.0,14.2,6.48,0.0
20230529:2310,0.0,0.0,0.0,13.87,6.97,0.0
20230530:0010,0.0,0.0,0.0,13.31,7.45,0.0
20230530:0110,0.0,0.0,0.0,12.63,7.72,0.0
20230530:0210,0.0,0.0,0.0,12.0,8.21,0.0
20230530:0310,0.0,0.0,0.0,11.5,8.48,0.0
20230530:0410,0.0,0.0,0.0,11.22,8.62,0.0
20230530:0510,36.62,34.98,7.16,10.96,8.76,0.0
20230530:0610,110.78,107.52,16.12,11.02,9.03,0.0
20230530:0710,472.82,309.16,25.54,11.35,9.31,0.0
20230530:0810,876.14,530.19,35.09,12.03,9.31,0.0
20230530:0910,1222.2,741.08,44.33,12.81,9.24,0.0
20230530:1010,1453.24,901.0,52.61,13.62,8.41,0.0
20230530:1110,1619.9,1025.34,58.83,14.37,8.07,0.0
20230530:1210,1653.34,1058.9,61.39,15.02,7.59,0.0
20230530:1310,1593.44,1026.67,59.29,15.55,6.69,0.0
20230530:1410,1434.96,918.93,53.37,15.93,5.93,0.0
20230530:1510,1195.62,754.45,45.24,16.17,5.52,0.0
20230530:1610,890.96,558.92,36.07,16.22,5.31,0.0
20230530:1710,507.08,337.88,26.53,16.17,5.45,0.0
20230530:1810,130.96,125.9,17.08,16.0,5.59,0.0
20230530:1910,44.7,41.1,8.05,15.65,5.59,0.0
20230530:2010,0.0,0.0,0.0,15.02,5.86,0.0
20230530:2110,0.0,0.0,0.0,14.55,6.21,0.0
20230530:2210,0.0,0.0,0.0,14.31,5.93,0.0
20230530:2310,0.0,0.0,0.0,13.85,6.48,0.0
20230531:0010,0.0,0.0,0.0,13.43,6.83,0.0
20230531:0110,0.0,0.0,0.0,13.07,6.9,0.0
20230531:0210,0.0,0.0,0.0,12.82,7.1,0.0
20230531:0310,0.0,0.0,0.0,12.54,7.17,0.0
20230531:0410,0.0,0.0,0.0,12.33,7.03,0.0
20230531:0510,16.72,20.99,7.25,12.07,7.31,0.0
20230531:0610,125.2,90.98,16.21,12.0,8.07,0.0
20230531:0710,189.24,127.76,25.63,12.14,8.41,0.0
20230531:0810,186.18,126.09,35.17,12.42,8.14,0.0
20230531:0910,211.34,140.92,44.42,12.75,8.07,0.0
20230531:1010,321.3,204.89,52.72,12.92,7.72,0.0
20230531:1110,822.24,503.14,58.96,13.34,7.31,0.0
20230531:1210,1598.72,1018.09,61.53,13.98,7.1,0.0
20230531:1310,1579.98,1009.75,59.44,14.62,6.83,0.0
20230531:1410,1418.22,904.8,53.52,15.42,5.86,0.0
20230531:1510,1191.06,755.4,45.38,16.08,4.83,0.0
20230531:1610,881.68,556.95,36.19,16.26,4.21,0.0
20230531:1710,500.44,335.26,26.66,16.51,4.21,0.0
20230531:1810,131.38,126.25,17.21,16.38,4.34,0.0
20230531:1910,42.0,39.35,8.19,16.03,4.55,0.0
20230531:2010,0.0,0.0,0.0,15.56,5.38,0.0
20230531:2110,0.0,0.0,0.0,15.21,6.21,0.0
20230531:2210,0.0,0.0,0.0,14.79,5.72,0.0
20230531:2310,0.0,0.0,0.0,14.26,6.28,0.0
20230601:0010,0.0,0.0,0.0,13.72,6.9,0.0
20230601:0110,0.0,0.0,0.0,13.22,7.38,0.0
20230601:0210,0.0,0.0,0.0,12.71,7.52,0.0
20230601:0310,0.0,0.0,0.0,12.27,7.66,0.0
20230601:0410,0.0,0.0,0.0,11.98,7.86,0.0
20230601:0510,36.46,34.98,7.34,11.76,8.07,0.0
20230601:0610,110.4,108.05,16.29,11.91,8.21,0.0
20230601:0710,474.46,313.07,25.71,12.37,8.07,0.0
20230601:0810,871.94,533.45,35.25,13.14,7.79,0.0
20230601:0910,1191.9,732.81,44.5,13.84,7.45,0.0
20230601:1010,1420.0,890.7,52.82,14.21,7.03,0.0
20230601:1110,1578.44,1007.52,59.08,14.75,7.03,0.0
20230601:1210,1632.98,1051.9,61.67,15.25,6.97,0.0
20230601:1310,1580.7,1019.84,59.58,15.73,6.55,0.0
20230601:1410,1432.44,914.71,53.65,16.05,6.28,0.0
20230601:1510,1206.74,760.58,45.5,16.23,5.79,0.0
20230601:1610,894.72,560.97,36.32,16.34,5.52,0.0
20230601:1710,505.82,336.78,26.78,16.34,5.38,0.0
20230601:1810,132.5,127.69,17.33,16.16,5.17,0.0
20230601:1910,43.36,40.23,8.32,15.78,4.76,0.0
20230601:2010,0.0,0.0,0.0,15.11,4.62,0.0
20230601:2110,0.0,0.0,0.0,14.4,4.83,0.0
20230601:2210,0.0,0.0,0.0,14.34,5.17,0.0
20230601:2310,0.0,0.0,0.0,14.09,5.72,0.0
20230602:0010,0.0,0.0,0.0,13.72,6.41,0.0
20230602:0110,0.0,0.0,0.0,13.33,6.9,0.0
20230602:0210,0.0,0.0,0.0,12.81,7.24,0.0
20230602:0310,0.0,0.0,0.0,12.32,7.93,0.0
20230602:0410,0.0,0.0,0.0,11.8,8.14,0.0
20230602:0510,14.52,19.24,7.42,11.48,8.34,0.0
20230602:0610,125.5,90.55,16.36,11.4,8.62,0.0
20230602:0710,351.78,224.58,25.78,11.45,8.34,0.0
20230602:0810,535.8,327.99,35.32,11.74,8.14,0.0
20230602:0910,772.6,468.02,44.58,12.18,7.86,0.0
20230602:1010,1235.42,761.24,52.91,12.53,7.03,0.0
20230602:1110,1529.76,967.07,59.19,12.97,6.69,0.0
20230602:1210,1628.36,1042.94,61.8,13.37,6.48,0.0
20230602:1310,1586.46,1017.01,59.72,13.81,6.21,0.0
20230602:1410,1438.76,912.13,53.78,14.26,6.07,0.0
20230602:1510,1219.98,762.66,45.63,14.62,5.86,0.0
20230602:1610,900.9,561.2,36.44,14.84,5.38,0.0
20230602:1710,508.08,336.23,26.9,14.7,4.48,0.0
20230602:1810,138.9,129.67,17.45,14.51,3.45,0.0
20230602:1910,44.96,41.1,8.44,14.2,2.41,0.0
20230602:2010,0.0,0.0,0.0,13.5,1.93,0.0
20230602:2110,0.0,0.0,0.0,12.99,2.07,0.0
20230602:2210,0.0,0.0,0.0,12.8,2.9,0.0
20230602:2310,0.0,0.0,0.0,12.92,3.45,0.0
20230603:0010,0.0,0.0,0.0,12.82,4.14,0.0
20230603:0110,0.0,0.0,0.0,12.52,4.55,0.0
20230603:0210,0.0,0.0,0.0,12.2,4.55,0.0
20230603:0310,0.0,0.0,0.0,11.9,5.17,0.0
20230603:0410,0.0,0.0,0.0,11.69,5.59,0.0
20230603:0510,45.72,41.1,7.5,11.45,5.93,0.0
20230603:0610,164.6,120.8,16.43,11.55,6.21,0.0
20230603:0710,467.14,308.2,25.84,11.98,6.28,0.0
20230603:0810,835.96,513.56,35.39,12.61,6.14,0.0
20230603:0910,1176.08,728.04,44.66,13.41,6.0,0.0
20230603:1010,1403.08,890.16,52.99,14.21,5.66,0.0
20230603:1110,1576.34,1023.6,59.29,14.72,5.45,0.0
20230603:1210,1598.22,1046.4,61.93,15.25,5.31,0.0
20230603:1310,1543.82,1009.61,59.85,15.53,5.03,0.0
20230603:1410,1401.06,905.01,53.91,15.79,4.83,0.0
20230603:1510,1202.36,765.87,45.75,16.04,4.48,0.0
20230603:1610,889.66,563.16,36.56,16.41,4.07,0.0
20230603:1710,504.6,337.85,27.02,16.58,3.79,0.0
20230603:1810,138.54,130.34,17.57,16.5,3.24,0.0
20230603:1910,44.46,41.1,8.56,16.33,2.48,0.0
20230603:2010,0.0,0.0,0.0,15.53,2.69,0.0
20230603:2110,0.0,0.0,0.0,14.8,2.97,0.0
20230603:2210,0.0,0.0,0.0,14.4,2.76,0.0
20230603:2310,0.0,0.0,0.0,14.14,3.1,0.0
20230604:0010,0.0,0.0,0.0,14.15,3.66,0.0
20230604:0110,0.0,0.0,0.0,14.0,4.48,0.0
20230604:0210,0.0,0.0,0.0,13.88,5.31,0.0
20230604:0310,0.0,0.0,0.0,13.62,6.21,0.0
20230604:0410,0.0,0.0,0.0,13.28,6.69,0.0
20230604:0510,38.78,36.73,7.57,13.01,6.69,0.0
20230604:0610,108.2,107.75,16.5,13.28,6.76,0.0
20230604:0710,470.84,314.34,25.91,13.84,6.76,0.0
20230604:0810,871.38,539.09,35.45,14.48,6.76,0.0
20230604:0910,1193.62,742.74,44.72,15.21,6.69,0.0
20230604:1010,1422.64,907.35,53.07,15.81,6.14,0.0
20230604:1110,1574.1,1021.06,59.39,16.31,6.28,0.0
20230604:1210,1608.44,1049.9,62.05,16.78,6.34,0.0
20230604:1310,1550.84,1007.18,59.98,17.1,6.41,0.0
20230604:1410,1429.06,919.0,54.03,17.39,6.28,0.0
20230604:1510,1208.34,764.86,45.86,17.56,6.14,0.0
20230604:1610,893.0,562.42,36.67,17.77,5.93,0.0
20230604:1710,511.16,341.78,27.13,17.69,5.59,0.0
20230604:1810,137.52,131.54,17.69,17.45,4.9,0.0
20230604:1910,45.68,41.97,8.68,16.93,4.28,0.0
20230604:2010,0.0,0.0,0.0,15.93,4.21,0.0
20230604:2110,0.0,0.0,0.0,15.05,4.14,0.0
20230604:2210,0.0,0.0,0.0,14.53,4.34,0.0
20230604:2310,0.0,0.0,0.0,14.04,4.41,0.0
20230605:0010,0.0,0.0,0.0,13.72,4.69,0.0
20230605:0110,0.0,0.0,0.0,13.69,5.1,0.0
20230605:0210,0.0,0.0,0.0,13.56,5.72,0.0
20230605:0310,0.0,0.0,0.0,13.36,6.41,0.0
20230605:0410,0.0,0.0,0.0,13.11,6.55,0.0
20230605:0510,46.7,41.97,7.64,12.88,6.41,0.0
20230605:0610,115.9,110.15,16.56,13.02,6.69,0.0
20230605:0710,469.98,312.68,25.96,13.23,6.76,0.0
20230605:0810,873.34,538.2,35.51,13.59,6.69,0.0
20230605:0910,1202.02,744.7,44.78,14.07,6.55,0.0
20230605:1010,1426.04,904.84,53.15,14.55,6.0,0.0
20230605:1110,1582.12,1024.3,59.49,15.12,5.93,0.0
20230605:1210,1609.2,1052.14,62.16,15.6,5.66,0.0
20230605:1310,1543.38,1009.49,60.1,15.89,5.17,0.0
20230605:1410,1400.52,906.16,54.15,16.09,4.83,0.0
20230605:1510,1191.4,759.61,45.98,16.22,4.41,0.0
20230605:1610,882.18,557.36,36.78,16.22,4.14,0.0
20230605:1710,506.66,337.28,27.24,16.13,3.93,0.0
20230605:1810,153.82,135.17,17.8,15.88,3.72,0.0
20230605:1910,55.32,48.1,8.79,15.35,3.24,0.0
20230605:2010,0.0,0.0,0.0,14.44,2.9,0.0
20230605:2110,0.0,0.0,0.0,14.18,2.9,0.0
20230605:2210,0.0,0.0,0.0,13.82,3.1,0.0
20230605:2310,0.0,0.0,0.0,13.46,3.66,0.0
20230606:0010,0.0,0.0,0.0,13.49,4.62,0.0
20230606:0110,0.0,0.0,0.0,13.29,5.24,0.0
20230606:0210,0.0,0.0,0.0,12.99,5.38,0.0
20230606:0310,0.0,0.0,0.0,12.67,5.86,0.0
20230606:0410,0.0,0.0,0.0,12.3,6.62,0.0
20230606:0510,48.28,42.85,7.69,11.97,6.83,0.0
20230606:0610,152.8,120.98,16.61,11.88,7.1,0.0
20230606:0710,0.0,0.0,0.0,12.14,7.24,0.0
20230606:0810,833.2,509.17,35.56,12.54,7.31,0.0
20230606:0910,1168.08,715.93,44.84,13.0,7.17,0.0
20230606:1010,1414.06,883.95,53.21,13.73,7.1,0.0
20230606:1110,1578.94,1006.52,59.57,14.15,6.83,0.0
20230606:1210,1627.52,1047.23,62.27,14.61,6.69,0.0
20230606:1310,1563.0,1004.57,60.21,15.03,6.41,0.0
20230606:1410,1414.9,901.49,54.26,15.23,5.93,0.0
20230606:1510,1192.9,752.28,46.08,15.47,5.17,0.0
20230606:1610,891.1,558.66,36.88,15.47,4.76,0.0
20230606:1710,511.9,338.57,27.34,15.38,4.55,0.0
20230606:1810,151.18,134.97,17.9,15.18,4.41,0.0
20230606:1910,55.5,48.1,8.9,14.84,3.93,0.0
20230606:2010,0.0,0.0,0.0,14.24,3.45,0.0
20230606:2110,0.0,0.0,0.0,13.75,3.59,0.0
20230606:2210,0.0,0.0,0.0,13.72,3.93,0.0
20230606:2310,0.0,0.0,0.0,13.59,4.55,0.0
20230607:0010,0.0,0.0,0.0,13.38,5.24,0.0
20230607:0110,0.0,0.0,0.0,13.08,5.72,0.0
20230607:0210,0.0,0.0,0.0,12.72,6.34,0.0
20230607:0310,0.0,0.0,0.0,12.28,7.03,0.0
20230607:0410,0.0,0.0,0.0,11.9,7.38,0.0
20230607:0510,51.06,44.6,7.75,11.67,7.59,0.0
20230607:0610,165.84,121.21,16.66,11.83,7.93,0.0
20230607:0710,451.66,295.39,26.05,12.38,8.0,0.0
20230607:0810,829.72,506.37,35.6,13.13,8.41,0.0
20230607:0910,1166.66,712.88,44.89,13.94,8.48,0.0
20230607:1010,1435.6,891.24,53.28,14.38,8.62,0.0
20230607:1110,1582.92,998.42,59.65,15.08,8.62,0.0
20230607:1210,1623.66,1031.96,62.36,15.75,8.62,0.0
20230607:1310,1555.42,989.26,60.32,16.18,8.14,0.0
20230607:1410,1421.26,893.8,54.36,16.51,8.34,0.0
20230607:1510,1194.06,741.81,46.19,16.73,8.21,0.0
20230607:1610,884.1,547.92,36.98,16.75,8.21,0.0
20230607:1710,509.38,335.23,27.44,16.71,8.07,0.0
20230607:1810,152.32,135.5,18.0,16.57,7.93,0.0
20230607:1910,55.22,48.1,9.0,16.19,7.86,0.0
20230607:2010,0.0,0.0,0.0,15.8,7.93,0.0
20230607:2110,0.0,0.0,0.0,15.39,7.93,0.0
20230607:2210,0.0,0.0,0.0,15.24,8.41,0.0
20230607:2310,0.0,0.0,0.0,15.06,8.55,0.0
20230608:0010,0.0,0.0,0.0,14.99,8.83,0.0
20230608:0110,0.0,0.0,0.0,14.7,9.24,0.0
20230608:0210,0.0,0.0,0.0,14.35,9.93,0.0
20230608:0310,0.0,0.0,0.0,14.0,10.21,0.0
20230608:0410,0.0,0.0,0.0,13.71,10.14,0.0
20230608:0510,46.6,41.97,7.8,13.54,10.28,0.0
20230608:0610,123.14,111.89,16.7,13.61,10.41,0.0
20230608:0710,467.02,309.87,26.09,13.93,10.41,0.0
20230608:0810,838.7,511.56,35.64,14.47,10.69,0.0
20230608:0910,1169.0,709.81,44.93,15.0,11.1,0.0
20230608:1010,1391.08,856.24,53.33,15.38,10.69,0.0
20230608:1110,1555.8,969.63,59.72,15.81,10.76,0.0
20230608:1210,1589.28,996.01,62.46,16.24,10.76,0.0
20230608:1310,1527.46,954.53,60.42,16.4,10.69,0.0
20230608:1410,1385.46,859.16,54.47,16.54,10.48,0.0
20230608:1510,1079.44,661.5,46.29,16.53,10.48,0.0
20230608:1610,814.82,501.67,37.08,16.73,10.21,0.0
20230608:1710,444.36,287.57,27.54,16.77,9.66,0.0
20230608:1810,173.26,140.49,18.1,16.71,9.24,0.0
20230608:1910,59.2,50.72,9.1,16.46,9.38,0.0
20230608:2010,0.0,0.0,0.0,16.14,9.38,0.0
20230608:2110,0.0,0.0,0.0,15.98,9.66,0.0
20230608:2210,0.0,0.0,0.0,15.65,9.52,0.0
20230608:2310,0.0,0.0,0.0,15.45,9.24,0.0
20230609:0010,0.0,0.0,0.0,15.32,9.1,0.0
20230609:0110,0.0,0.0,0.0,15.15,9.17,0.0
20230609:0210,0.0,0.0,0.0,14.9,9.1,0.0
20230609:0310,0.0,0.0,0.0,14.72,9.1,0.0
20230609:0410,0.0,0.0,0.0,14.61,9.24,0.0
20230609:0510,49.0,43.72,7.84,14.58,9.38,0.0
20230609:0610,134.36,114.24,16.73,14.59,9.31,0.0
20230609:0710,359.68,233.47,26.13,14.82,9.45,0.0
20230609:0810,589.38,364.18,35.68,15.22,9.45,0.0
20230609:0910,592.34,365.91,44.97,15.69,9.38,0.0
20230609:1010,1339.94,838.76,53.38,16.45,8.14,0.0
20230609:1110,1294.32,814.75,59.79,17.04,8.0,0.0
20230609:1210,1392.36,885.05,62.54,17.38,7.79,0.0
20230609:1310,1118.32,703.85,60.51,17.86,7.45,0.0
20230609:1410,410.36,263.14,54.56,18.2,7.03,0.0
20230609:1510,193.04,133.5,46.38,18.23,6.55,0.0
20230609:1610,96.8,75.1,37.17,18.45,6.0,0.0
20230609:1710,107.24,81.59,27.63,18.28,5.03,0.0
20230609:1810,140.18,102.61,18.19,18.09,4.69,0.0
20230609:1910,1.66,7.87,9.2,17.94,5.31,0.0
20230609:2010,0.0,0.0,0.0,17.36,5.86,0.0
20230609:2110,0.0,0.0,0.0,16.84,6.21,0.0
20230609:2210,0.0,0.0,0.0,16.02,5.45,0.0
20230609:2310,0.0,0.0,0.0,16.26,5.17,0.0
20230610:0010,0.0,0.0,0.0,16.16,5.24,0.0
20230610:0110,0.0,0.0,0.0,15.91,6.14,0.0
20230610:0210,0.0,0.0,0.0,15.65,6.14,0.0
20230610:0310,0.0,0.0,0.0,15.57,5.79,0.0
20230610:0410,0.0,0.0,0.0,15.44,5.1,0.0
20230610:0510,0.98,7.0,7.87,15.34,4.55,0.0
20230610:0610,128.78,94.77,16.76,15.27,3.93,0.0
20230610:0710,227.84,153.38,26.15,15.32,4.21,0.0
20230610:0810,147.1,104.76,35.7,15.28,4.34,0.0
20230610:0910,353.46,227.66,45.0,15.32,3.86,0.0
20230610:1010,504.04,318.88,53.42,16.02,4.28,0.0
20230610:1110,1253.66,813.85,59.85,16.05,3.66,0.0
20230610:1210,649.74,413.22,62.62,16.05,2.41,0.0
20230610:1310,536.54,342.67,60.6,16.2,2.14,0.0
20230610:1410,433.5,278.5,54.65,16.49,2.62,0.0
20230610:1510,367.62,237.9,46.47,16.47,3.1,0.0
20230610:1610,371.08,239.31,37.26,16.24,3.59,0.0
20230610:1710,491.62,326.72,27.72,16.09,3.79,0.0
20230610:1810,147.0,134.76,18.28,15.85,4.07,0.0
20230610:1910,51.26,45.47,9.29,15.64,3.86,0.0
20230610:2010,0.0,0.0,0.0,15.36,3.24,0.0
20230610:2110,0.0,0.0,0.0,15.18,2.62,0.0
20230610:2210,0.0,0.0,0.0,14.9,2.28,0.0
20230610:2310,0.0,0.0,0.0,14.87,1.93,0.0
20230611:0010,0.0,0.0,0.0,14.87,1.24,0.0
20230611:0110,0.0,0.0,0.0,14.74,1.52,0.0
20230611:0210,0.0,0.0,0.0,14.48,2.07,0.0
20230611:0310,0.0,0.0,0.0,14.3,2.34,0.0
20230611:0410,0.0,0.0,0.0,14.5,2.21,0.0
20230611:0510,35.84,34.98,7.9,14.39,1.72,0.0
20230611:0610,155.94,113.92,16.79,14.61,1.24,0.0
20230611:0710,354.76,235.68,26.17,15.08,0.97,0.0
20230611:0810,616.48,393.96,35.72,15.63,1.52,0.0
20230611:0910,701.12,445.95,45.03,15.88,1.93,0.0
20230611:1010,1028.08,663.28,53.46,15.94,2.41,0.0
20230611:1110,1285.28,843.82,59.9,16.1,3.1,0.0
20230611:1210,1403.72,928.76,62.69,16.19,3.52,0.0
20230611:1310,1189.96,765.38,60.69,16.32,4.21,0.0
20230611:1410,1255.58,805.93,54.74,16.39,4.62,0.0
20230611:1510,955.52,602.46,46.55,16.17,4.21,0.0
20230611:1610,809.06,511.12,37.35,16.26,3.72,0.0
20230611:1710,503.66,335.71,27.81,16.63,3.79,0.0
20230611:1810,173.76,141.06,18.37,16.87,4.14,0.0
20230611:1910,62.94,53.34,9.37,17.0,4.41,0.0
20230611:2010,0.0,0.0,0.0,16.7,4.76,0.0
20230611:2110,0.0,0.0,0.0,16.27,4.9,0.0
20230611:2210,0.0,0.0,0.0,15.83,4.28,0.0
20230611:2310,0.0,0.0,0.0,15.48,4.41,0.0
20230612:0010,0.0,0.0,0.0,15.22,4.41,0.0
20230612:0110,0.0,0.0,0.0,15.03,4.07,0.0
20230612:0210,0.0,0.0,0.0,14.94,4.14,0.0
20230612:0310,0.0,0.0,0.0,14.9,4.0,0.0
20230612:0410,0.0,0.0,0.0,14.89,4.0,0.0
20230612:0510,47.5,42.85,7.93,14.84,3.93,0.0
20230612:0610,159.52,116.62,16.81,14.72,4.14,0.0
20230612:0710,415.34,276.73,26.19,15.07,3.72,0.0
20230612:0810,809.42,513.09,35.74,15.63,3.31,0.0
20230612:0910,0.0,0.0,0.0,16.29,3.24,0.0
20230612:1010,1126.3,726.91,53.49,16.9,3.45,0.0
20230612:1110,1325.52,877.2,59.95,17.37,3.31,0.0
20230612:1210,987.98,636.85,62.76,17.62,3.31,0.0
20230612:1310,577.54,368.99,60.76,17.83,3.24,0.0
20230612:1410,540.02,344.77,54.82,17.64,3.38,0.0
20230612:1510,979.66,627.47,46.63,17.9,3.52,0.0
20230612:1610,549.1,349.97,37.43,17.94,3.79,0.0
20230612:1710,373.82,245.81,27.88,17.96,4.21,0.0
20230612:1810,168.76,121.66,18.45,17.84,4.69,0.0
20230612:1910,2.42,8.74,9.45,17.55,5.1,0.0
20230612:2010,0.0,0.0,0.0,17.06,4.9,0.0
20230612:2110,0.0,0.0,0.0,16.53,4.48,0.0
20230612:2210,0.0,0.0,0.0,16.06,4.34,0.0
20230612:2310,0.0,0.0,0.0,15.81,3.31,0.0
20230613:0010,0.0,0.0,0.0,15.64,2.83,0.0
20230613:0110,0.0,0.0,0.0,15.43,3.38,0.0
20230613:0210,0.0,0.0,0.0,15.21,3.45,0.0
20230613:0310,0.0,0.0,0.0,14.97,2.83,0.0
20230613:0410,0.0,0.0,0.0,14.8,2.76,0.0
20230613:0510,47.54,42.85,7.94,14.57,2.97,0.0
20230613:0610,109.26,106.44,16.82,14.92,3.17,0.0
20230613:0710,443.16,302.32,26.2,15.54,3.17,0.0
20230613:0810,549.7,350.49,35.75,16.43,2.55,0.0
20230613:0910,972.04,631.3,45.06,17.24,1.86,0.0
20230613:1010,1201.54,819.56,53.51,18.59,1.03,0.0
20230613:1110,1363.34,980.72,59.99,19.12,0.34,0.0
20230613:1210,1389.38,997.16,62.81,19.18,0.62,0.0
20230613:1310,1227.76,842.7,60.84,19.11,1.24,0.0
20230613:1410,719.92,466.87,54.89,19.25,1.93,0.0
20230613:1510,1003.7,652.94,46.71,18.95,2.69,0.0
20230613:1610,810.86,519.21,37.5,18.46,3.38,0.0
20230613:1710,434.02,286.66,27.96,18.03,3.52,0.0
20230613:1810,162.32,140.72,18.52,17.86,3.45,0.0
20230613:1910,59.82,51.59,9.53,18.26,3.38,0.0
20230613:2010,0.0,0.0,0.0,17.89,3.31,0.0
20230613:2110,0.0,0.0,0.0,17.47,3.38,0.0
20230613:2210,0.0,0.0,0.0,17.69,2.97,0.0
20230613:2310,0.0,0.0,0.0,17.3,2.41,0.0
20230614:0010,0.0,0.0,0.0,17.2,2.41,0.0
20230614:0110,0.0,0.0,0.0,17.66,3.31,0.0
20230614:0210,0.0,0.0,0.0,17.69,3.59,0.0
20230614:0310,0.0,0.0,0.0,17.04,3.38,0.0
20230614:0410,0.0,0.0,0.0,16.58,3.24,0.0
20230614:0510,48.38,43.72,7.96,16.5,3.31,0.0
20230614:0610,118.14,109.89,16.83,17.1,3.66,0.0
20230614:0710,433.4,296.41,26.21,17.53,3.52,0.0
20230614:0810,797.32,512.36,35.76,17.95,3.03,0.0
20230614:0910,1093.38,715.8,45.07,18.35,2.41,0.0
20230614:1010,1260.7,850.89,53.53,18.61,1.93,0.0
20230614:1110,1427.04,989.23,60.02,18.66,1.93,0.0
20230614:1210,1468.9,1030.13,62.87,18.95,1.86,0.0
20230614:1310,1431.18,995.31,60.9,19.02,1.93,0.0
20230614:1410,1301.84,884.82,54.96,19.04,2.0,0.0
20230614:1510,1069.84,702.95,46.78,18.72,2.21,0.0
20230614:1610,891.04,577.42,37.57,18.45,2.48,0.0
20230614:1710,523.64,353.7,28.03,18.16,2.83,0.0
20230614:1810,160.54,141.44,18.59,17.79,2.97,0.0
20230614:1910,66.74,55.97,9.6,17.56,2.69,0.0
20230614:2010,0.0,0.0,0.0,17.16,2.41,0.0
20230614:2110,0.0,0.0,0.0,17.03,2.34,0.0
20230614:2210,0.0,0.0,0.0,16.84,2.0,0.0
20230614:2310,0.0,0.0,0.0,16.73,2.14,0.0
20230615:0010,0.0,0.0,0.0,16.45,2.07,0.0
20230615:0110,0.0,0.0,0.0,16.02,1.79,0.0
20230615:0210,0.0,0.0,0.0,15.68,1.72,0.0
20230615:0310,0.0,0.0,0.0,15.61,2.21,0.0
20230615:0410,0.0,0.0,0.0,15.57,2.55,0.0
20230615:0510,48.56,43.72,7.96,15.68,2.41,0.0
20230615:0610,129.14,113.9,16.83,16.19,2.28,0.0
20230615:0710,431.06,294.48,26.21,16.82,2.28,0.0
20230615:0810,772.68,497.65,35.76,17.46,2.34,0.0
20230615:0910,1032.7,672.45,45.08,17.98,2.34,0.0
20230615:1010,1269.42,855.93,53.54,18.88,2.14,0.0
20230615:1110,1429.04,976.69,60.04,18.97,2.69,0.0
20230615:1210,1484.48,1017.42,62.91,19.09,3.03,0.0
20230615:1310,1441.66,983.69,60.96,19.21,2.97,0.0
20230615:1410,1321.0,890.06,55.03,19.09,2.62,0.0
20230615:1510,1115.58,736.84,46.85,19.12,2.28,0.0
20230615:1610,824.16,536.96,37.64,19.03,1.86,0.0
20230615:1710,488.84,330.49,28.1,18.87,1.59,0.0
20230615:1810,180.74,146.66,18.66,18.48,1.45,0.0
20230615:1910,65.1,55.09,9.66,17.97,0.62,0.0
20230615:2010,0.0,0.0,0.0,17.27,1.17,0.0
20230615:2110,0.0,0.0,0.0,17.23,0.62,0.0
20230615:2210,0.0,0.0,0.0,16.99,0.69,0.0
20230615:2310,0.0,0.0,0.0,16.99,0.83,0.0
20230616:0010,0.0,0.0,0.0,16.56,1.17,0.0
20230616:0110,0.0,0.0,0.0,16.41,1.59,0.0
20230616:0210,0.0,0.0,0.0,16.11,2.0,0.0
20230616:0310,0.0,0.0,0.0,15.77,2.55,0.0
20230616:0410,0.0,0.0,0.0,15.89,2.62,0.0
20230616:0510,49.86,44.6,7.97,15.69,2.0,0.0
20230616:0610,129.96,113.39,16.83,16.17,1.93,0.0
20230616:0710,293.32,196.11,26.2,16.73,1.72,0.0
20230616:0810,549.64,353.91,35.75,17.49,1.79,0.0
20230616:0910,940.58,611.51,45.08,18.15,2.0,0.0
20230616:1010,1168.56,774.31,53.54,18.73,2.48,0.0
20230616:1110,1403.78,947.5,60.06,18.93,3.17,0.0
20230616:1210,1400.76,939.95,62.95,19.01,3.66,0.0
20230616:1310,1274.0,839.68,61.01,18.73,3.86,0.0
20230616:1410,1326.9,875.98,55.09,18.64,3.79,0.0
20230616:1510,1129.54,733.53,46.91,18.66,3.45,0.0
20230616:1610,841.04,542.94,37.7,18.47,2.55,0.0
20230616:1710,196.94,137.06,28.16,18.17,1.17,0.0
20230616:1810,185.46,134.62,18.72,17.68,0.55,0.0
20230616:1910,5.88,12.24,9.72,17.33,0.48,0.0
20230616:2010,0.0,0.87,1.5,17.08,0.34,0.0
20230616:2110,0.0,0.0,0.0,16.68,0.21,0.0
20230616:2210,0.0,0.0,0.0,15.95,0.83,0.0
20230616:2310,0.0,0.0,0.0,15.71,0.83,0.0
20230617:0010,0.0,0.0,0.0,15.76,1.52,0.0
20230617:0110,0.0,0.0,0.0,15.82,1.45,0.0
20230617:0210,0.0,0.0,0.0,15.87,1.31,0.0
20230617:0310,0.0,0.0,0.0,15.93,1.17,0.0
20230617:0410,0.0,0.0,0.0,15.94,1.72,0.0
20230617:0510,33.06,33.23,7.96,15.87,2.21,0.0
20230617:0610,147.74,117.62,16.82,15.92,2.28,0.0
20230617:0710,292.46,194.92,26.19,16.2,2.21,0.0
20230617:0810,643.44,412.57,35.75,16.7,1.86,0.0
20230617:0910,986.76,641.24,45.07,17.2,1.86,0.0
20230617:1010,1209.94,798.41,53.54,17.53,2.55,0.0
20230617:1110,919.52,596.49,60.08,17.92,2.34,0.0
20230617:1210,1070.32,699.4,62.98,17.88,2.76,0.0
20230617:1310,1095.12,713.1,61.06,17.87,3.17,0.0
20230617:1410,1018.68,661.54,55.14,17.83,2.69,0.0
20230617:1510,966.34,626.11,46.96,18.06,2.41,0.0
20230617:1610,568.64,364.76,37.76,18.04,2.48,0.0
20230617:1710,411.1,271.83,28.21,17.88,2.28,0.0
20230617:1810,191.3,140.17,18.78,17.65,2.07,0.0
20230617:1910,65.46,55.09,9.78,17.2,2.14,0.0
20230617:2010,0.0,0.87,1.55,16.89,2.0,0.0
20230617:2110,0.0,0.0,0.0,16.56,2.0,0.0
20230617:2210,0.0,0.0,0.0,16.29,1.86,0.0
20230617:2310,0.0,0.0,0.0,16.02,2.21,0.0
20230618:0010,0.0,0.0,0.0,15.96,1.66,0.0
20230618:0110,0.0,0.0,0.0,15.92,1.38,0.0
20230618:0210,0.0,0.0,0.0,15.81,1.66,0.0
20230618:0310,0.0,0.0,0.0,15.87,1.72,0.0
20230618:0410,0.0,0.0,0.0,15.84,1.31,0.0
20230618:0510,49.82,44.6,7.95,15.64,0.9,0.0
20230618:0610,157.12,116.57,16.81,15.87,1.45,0.0
20230618:0710,299.38,199.74,26.18,16.29,1.66,0.0
20230618:0810,448.86,289.14,35.73,16.7,1.93,0.0
20230618:0910,581.1,371.4,45.06,17.0,2.07,0.0
20230618:1010,537.6,344.07,53.54,17.45,2.69,0.0
20230618:1110,333.52,217.87,60.08,17.57,4.14,0.0
20230618:1210,367.6,238.27,63.0,17.44,4.21,0.0
20230618:1310,882.82,559.78,61.09,17.28,4.41,0.0
20230618:1410,242.96,163.17,55.19,17.3,4.55,0.0
20230618:1510,474.42,302.08,47.01,17.21,4.55,0.0
20230618:1610,424.34,271.75,37.81,17.37,4.83,0.0
20230618:1710,418.72,273.59,28.27,17.37,4.69,0.0
20230618:1810,193.94,147.0,18.83,17.3,4.48,0.0
20230618:1910,67.06,55.97,9.83,16.88,4.28,0.0
20230618:2010,0.0,0.87,1.6,16.72,4.0,0.0
20230618:2110,0.0,0.0,0.0,16.53,4.07,0.0
20230618:2210,0.0,0.0,0.0,16.46,5.03,0.0
20230618:2310,0.0,0.0,0.0,16.43,4.41,0.0
20230619:0010,0.0,0.0,0.0,16.44,3.72,0.0
20230619:0110,0.0,0.0,0.0,16.28,3.79,0.0
20230619:0210,0.0,0.0,0.0,16.22,4.07,0.0
20230619:0310,0.0,0.0,0.0,16.16,4.14,0.0
20230619:0410,0.0,0.0,0.0,16.08,4.0,0.0
20230619:0510,51.16,45.47,7.94,16.04,4.21,0.0
20230619:0610,144.24,117.37,16.79,16.24,4.76,0.0
20230619:0710,420.52,282.95,26.16,16.6,4.76,0.0
20230619:0810,691.76,436.68,35.71,16.92,4.69,0.0
20230619:0910,1014.9,641.3,45.04,17.1,4.83,0.0
20230619:1010,1115.04,711.83,53.53,17.49,4.83,0.0
20230619:1110,1363.28,880.89,60.08,17.66,5.72,0.0
20230619:1210,1343.42,865.86,63.02,17.68,6.0,0.0
20230619:1310,1324.34,856.14,61.13,17.8,5.52,0.0
20230619:1410,1379.72,896.42,55.23,17.85,5.1,0.0
20230619:1510,1173.58,751.45,47.06,17.86,4.69,0.0
20230619:1610,874.82,555.81,37.85,17.73,4.21,0.0
20230619:1710,408.82,268.11,28.31,17.56,3.59,0.0
20230619:1810,179.74,147.84,18.87,17.38,3.31,0.0
20230619:1910,56.14,48.97,9.87,17.12,2.97,0.0
20230619:2010,0.0,0.87,1.64,16.79,2.62,0.0
20230619:2110,0.0,0.0,0.0,16.6,2.69,0.0
20230619:2210,0.0,0.0,0.0,16.25,3.1,0.0
20230619:2310,0.0,0.0,0.0,16.17,2.21,0.0
20230620:0010,0.0,0.0,0.0,16.16,2.62,0.0
20230620:0110,0.0,0.0,0.0,16.0,2.28,0.0
20230620:0210,0.0,0.0,0.0,15.75,3.93,0.0
20230620:0310,0.0,0.0,0.0,15.72,4.28,0.0
20230620:0410,0.0,0.0,0.0,15.64,3.31,0.0
20230620:0510,35.64,34.98,7.92,15.63,3.52,0.0
20230620:0610,131.16,96.44,16.77,15.72,3.1,0.0
20230620:0710,423.22,290.85,26.13,16.1,1.66,0.0
20230620:0810,793.94,516.91,35.69,16.62,1.03,0.0
20230620:0910,992.22,650.36,45.02,17.06,1.24,0.0
20230620:1010,1312.32,868.58,53.51,17.43,2.97,0.0
20230620:1110,1432.14,959.02,60.08,17.7,3.38,0.0
20230620:1210,1449.02,974.79,63.03,17.65,3.31,0.0
20230620:1310,1420.88,955.25,61.15,17.47,3.03,0.0
20230620:1410,1049.58,676.39,55.26,17.77,3.59,0.0
20230620:1510,940.32,598.23,47.1,17.82,4.07,0.0
20230620:1610,747.9,473.86,37.9,17.78,4.21,0.0
20230620:1710,435.64,285.18,28.36,17.56,4.55,0.0
20230620:1810,188.52,135.85,18.92,17.42,4.21,0.0
20230620:1910,56.12,48.97,9.91,17.33,3.86,0.0
20230620:2010,0.0,0.87,1.68,17.01,3.45,0.0
20230620:2110,0.0,0.0,0.0,16.74,3.72,0.0
20230620:2210,0.0,0.0,0.0,16.76,3.52,0.0
20230620:2310,0.0,0.0,0.0,16.7,4.41,0.0
20230621:0010,0.0,0.0,0.0,16.54,4.9,0.0
20230621:0110,0.0,0.0,0.0,16.41,4.55,0.0
20230621:0210,0.0,0.0,0.0,16.24,4.28,0.0
20230621:0310,0.0,0.0,0.0,16.23,4.0,0.0
20230621:0410,0.0,0.0,0.0,16.26,3.66,0.0
20230621:0510,38.08,36.73,7.89,16.24,3.79,0.0
20230621:0610,154.26,118.54,16.74,16.46,3.79,0.0
20230621:0710,365.54,242.89,26.1,16.65,3.59,0.0
20230621:0810,585.44,371.71,35.65,17.01,3.79,0.0
20230621:0910,952.86,604.87,44.99,17.35,4.07,0.0
20230621:1010,1185.28,768.16,53.49,17.82,3.93,0.0
20230621:1110,1376.9,907.15,60.06,17.88,4.21,0.0
20230621:1210,1255.6,817.68,63.03,18.02,4.48,0.0
20230621:1310,1248.18,810.0,61.17,18.16,4.76,0.0
20230621:1410,1311.7,852.51,55.29,18.29,4.83,0.0
20230621:1510,1105.62,708.02,47.13,18.48,4.62,0.0
20230621:1610,844.56,538.09,37.93,18.5,4.21,0.0
20230621:1710,405.62,266.89,28.39,18.38,3.66,0.0
20230621:1810,195.92,149.42,18.95,18.19,3.1,0.0
20230621:1910,70.68,58.59,9.95,17.96,3.03,0.0
20230621:2010,0.0,0.87,1.71,17.72,2.76,0.0
20230621:2110,0.0,0.0,0.0,17.48,2.48,0.0
20230621:2210,0.0,0.0,0.0,17.11,2.28,0.0
20230621:2310,0.0,0.0,0.0,16.91,2.34,0.0
20230622:0010,0.0,0.0,0.0,16.51,2.14,0.0
20230622:0110,0.0,0.0,0.0,16.17,2.28,0.0
20230622:0210,0.0,0.0,0.0,15.75,2.28,0.0
20230622:0310,0.0,0.0,0.0,15.5,2.62,0.0
20230622:0410,0.0,0.0,0.0,15.38,2.97,0.0
20230622:0510,43.38,40.23,7.86,15.48,2.9,0.0
20230622:0610,101.54,102.24,16.71,15.54,2.62,0.0
20230622:0710,434.94,300.12,26.07,16.23,2.55,0.0
20230622:0810,802.58,515.9,35.62,17.0,2.55,0.0
20230622:0910,1084.5,712.86,44.95,17.96,1.93,0.0
20230622:1010,1263.34,855.32,53.46,18.63,1.79,0.0
20230622:1110,1416.5,965.43,60.04,18.8,2.69,0.0
20230622:1210,1490.58,1013.68,63.03,18.98,3.45,0.0
20230622:1310,1466.62,981.5,61.19,19.14,4.28,0.0
20230622:1410,1368.22,896.39,55.32,19.34,5.03,0.0
20230622:1510,1157.98,743.21,47.16,19.51,5.31,0.0
20230622:1610,814.08,517.95,37.96,19.53,5.17,0.0
20230622:1710,502.2,334.11,28.43,19.58,5.1,0.0
20230622:1810,163.0,147.21,18.98,19.39,5.59,0.0
20230622:1910,55.68,48.97,9.98,18.97,5.17,0.0
20230622:2010,0.0,0.87,1.74,18.37,4.48,0.0
20230622:2110,0.0,0.0,0.0,17.63,3.38,0.0
20230622:2210,0.0,0.0,0.0,16.9,2.97,0.0
20230622:2310,0.0,0.0,0.0,16.45,3.03,0.0
20230623:0010,0.0,0.0,0.0,16.15,3.03,0.0
20230623:0110,0.0,0.0,0.0,16.17,2.69,0.0
20230623:0210,0.0,0.0,0.0,15.89,2.97,0.0
20230623:0310,0.0,0.0,0.0,15.59,3.1,0.0
20230623:0410,0.0,0.0,0.0,15.74,3.24,0.0
20230623:0510,36.82,35.85,7.82,16.12,3.52,0.0
20230623:0610,149.92,110.05,16.67,16.5,4.34,0.0
20230623:0710,360.32,238.99,26.03,17.08,5.24,0.0
20230623:0810,661.36,416.35,35.58,17.53,6.07,0.0
20230623:0910,917.08,575.05,44.92,17.87,6.14,0.0
20230623:1010,1154.28,734.66,53.42,18.3,5.93,0.0
20230623:1110,1169.78,748.46,60.02,18.6,5.93,0.0
20230623:1210,1242.7,799.37,63.02,18.76,6.07,0.0
20230623:1310,1162.38,741.27,61.19,18.95,6.62,0.0
20230623:1410,1178.8,750.08,55.34,19.0,6.76,0.0
20230623:1510,1062.14,670.79,47.19,19.11,6.69,0.0
20230623:1610,783.58,494.0,37.99,19.16,6.55,0.0
20230623:1710,500.38,330.88,28.45,19.07,6.34,0.0
20230623:1810,177.34,148.1,19.01,18.82,5.93,0.0
20230623:1910,58.46,50.72,10.0,18.56,5.52,0.0
20230623:2010,0.0,0.87,1.76,18.28,5.17,0.0
20230623:2110,0.0,0.0,0.0,18.02,4.9,0.0
20230623:2210,0.0,0.0,0.0,17.76,4.83,0.0
20230623:2310,0.0,0.0,0.0,17.75,4.9,0.0
20230624:0010,0.0,0.0,0.0,17.77,4.97,0.0
20230624:0110,0.0,0.0,0.0,17.83,5.17,0.0
20230624:0210,0.0,0.0,0.0,17.79,5.03,0.0
20230624:0310,0.0,0.0,0.0,17.77,4.83,0.0
20230624:0410,0.0,0.0,0.0,17.74,4.48,0.0
20230624:0510,32.78,33.23,7.78,17.64,4.34,0.0
20230624:0610,122.4,91.62,16.62,17.8,4.21,0.0
20230624:0710,313.78,209.65,25.99,18.03,3.93,0.0
20230624:0810,377.56,245.39,35.54,18.21,3.72,0.0
20230624:0910,575.8,367.35,44.87,18.52,3.72,0.0
20230624:1010,825.1,526.19,53.38,18.53,3.93,0.0
20230624:1110,1467.16,980.5,59.98,18.59,4.07,0.0
20230624:1210,1492.58,1006.33,63.0,18.81,3.86,0.0
20230624:1310,1472.52,986.3,61.19,19.14,4.21,0.0
20230624:1410,1369.18,900.7,55.35,19.59,4.76,0.0
20230624:1510,1166.08,750.25,47.21,19.67,5.1,0.0
20230624:1610,877.58,559.57,38.01,19.62,5.03,0.0
20230624:1710,517.76,346.44,28.47,19.52,4.97,0.0
20230624:1810,164.76,146.85,19.03,19.28,5.59,0.0
20230624:1910,54.4,48.1,10.02,18.91,5.93,0.0
20230624:2010,0.0,0.87,1.77,18.41,5.93,0.0
20230624:2110,0.0,0.0,0.0,17.94,6.0,0.0
20230624:2210,0.0,0.0,0.0,18.02,6.62,0.0
20230624:2310,0.0,0.0,0.0,17.97,6.21,0.0
20230625:0010,0.0,0.0,0.0,17.96,5.66,0.0
20230625:0110,0.0,0.0,0.0,17.98,5.45,0.0
20230625:0210,0.0,0.0,0.0,17.97,5.03,0.0
20230625:0310,0.0,0.0,0.0,17.92,4.14,0.0
20230625:0410,0.0,0.0,0.0,18.06,3.52,0.0
20230625:0510,49.22,44.6,7.73,18.32,3.1,0.0
20230625:0610,148.14,116.64,16.57,18.74,3.17,0.0
20230625:0710,408.98,280.73,25.94,18.84,3.93,0.0
20230625:0810,524.58,335.96,35.49,19.08,4.69,0.0
20230625:0910,702.64,444.7,44.82,19.29,5.52,0.0
20230625:1010,955.16,602.98,53.34,19.37,6.9,0.0
20230625:1110,1494.78,967.5,59.95,19.35,7.45,0.0
20230625:1210,1526.12,991.32,62.97,19.39,7.52,0.0
20230625:1310,1394.62,896.06,61.18,19.57,7.86,0.0
20230625:1410,1173.68,742.34,55.35,19.54,8.14,0.0
20230625:1510,1151.46,724.55,47.22,19.6,8.21,0.0
20230625:1610,792.98,496.47,38.03,19.38,8.62,0.0
20230625:1710,499.2,327.4,28.49,19.04,8.48,0.0
20230625:1810,179.26,149.67,19.05,18.58,8.14,0.0
20230625:1910,56.0,48.97,10.03,18.13,7.86,0.0
20230625:2010,0.0,1.75,1.78,17.45,7.45,0.0
20230625:2110,0.0,0.0,0.0,16.8,7.24,0.0
20230625:2210,0.0,0.0,0.0,16.49,6.83,0.0
20230625:2310,0.0,0.0,0.0,16.16,7.17,0.0
20230626:0010,0.0,0.0,0.0,15.9,7.31,0.0
20230626:0110,0.0,0.0,0.0,15.75,7.66,0.0
20230626:0210,0.0,0.0,0.0,15.54,7.45,0.0
20230626:0310,0.0,0.0,0.0,15.44,7.1,0.0
20230626:0410,0.0,0.0,0.0,15.29,6.55,0.0
20230626:0510,48.74,43.72,7.68,15.32,6.14,0.0
20230626:0610,157.0,115.94,16.52,15.72,6.21,0.0
20230626:0710,419.02,281.88,25.88,16.32,6.55,0.0
20230626:0810,694.32,435.84,35.43,16.93,6.07,0.0
20230626:0910,1083.62,681.45,44.77,17.44,6.07,0.0
20230626:1010,1224.12,780.8,53.29,17.6,5.72,0.0
20230626:1110,1249.82,800.66,59.9,17.96,6.0,0.0
20230626:1210,963.36,608.26,62.94,18.1,6.28,0.0
20230626:1310,1281.36,821.01,61.17,18.16,6.41,0.0
20230626:1410,1087.58,686.21,55.36,18.16,6.83,0.0
20230626:1510,899.96,563.01,47.23,18.16,6.97,0.0
20230626:1610,618.38,389.33,38.04,18.26,6.55,0.0
20230626:1710,307.52,202.82,28.5,18.14,6.28,0.0
20230626:1810,187.44,134.02,19.06,17.98,6.21,0.0
20230626:1910,41.66,39.35,10.04,17.62,5.79,0.0
20230626:2010,0.0,0.87,1.78,17.25,5.31,0.0
20230626:2110,0.0,0.0,0.0,16.83,4.9,0.0
20230626:2210,0.0,0.0,0.0,16.48,4.28,0.0
20230626:2310,0.0,0.0,0.0,16.2,4.55,0.0
20230627:0010,0.0,0.0,0.0,15.98,4.48,0.0
20230627:0110,0.0,0.0,0.0,15.95,4.34,0.0
20230627:0210,0.0,0.0,0.0,15.83,4.07,0.0
20230627:0310,0.0,0.0,0.0,15.76,3.52,0.0
20230627:0410,0.0,0.0,0.0,15.78,3.38,0.0
20230627:0510,25.68,27.98,7.62,15.89,3.66,0.0
20230627:0610,25.42,27.81,16.46,16.19,4.0,0.0
20230627:0710,97.6,75.1,25.82,16.64,4.97,0.0
20230627:0810,133.78,97.35,35.37,17.03,5.59,0.0
20230627:0910,331.18,215.4,44.71,17.38,5.86,0.0
20230627:1010,244.42,164.1,53.23,17.66,5.31,0.0
20230627:1110,593.38,374.68,59.85,17.98,6.0,0.0
20230627:1210,1164.54,741.41,62.9,18.19,6.34,0.0
20230627:1310,1206.28,767.42,61.15,18.31,6.76,0.0
20230627:1410,787.06,492.32,55.35,18.26,7.38,0.0
20230627:1510,489.34,310.21,47.23,18.26,7.31,0.0
20230627:1610,479.36,304.27,38.05,18.19,7.03,0.0
20230627:1710,153.08,109.4,28.51,18.11,6.76,0.0
20230627:1810,70.54,58.41,19.06,18.11,6.62,0.0
20230627:1910,62.68,53.34,10.04,18.03,5.93,0.0
20230627:2010,0.0,0.87,1.78,17.96,5.66,0.0
20230627:2110,0.0,0.0,0.0,17.79,5.31,0.0
20230627:2210,0.0,0.0,0.0,17.62,4.9,0.0
20230627:2310,0.0,0.0,0.0,17.54,4.28,0.0
20230628:0010,0.0,0.0,0.0,17.45,4.76,0.0
20230628:0110,0.0,0.0,0.0,17.39,4.76,0.0
20230628:0210,0.0,0.0,0.0,17.29,4.48,0.0
20230628:0310,0.0,0.0,0.0,17.17,4.14,0.0
20230628:0410,0.0,0.0,0.0,17.13,4.0,0.0
20230628:0510,18.48,22.74,7.56,17.1,4.14,0.0
20230628:0610,62.16,52.85,16.4,17.09,4.41,0.0
20230628:0710,135.04,98.27,25.76,17.26,4.76,0.0
20230628:0810,413.02,265.29,35.31,17.48,4.76,0.0
20230628:0910,462.86,295.55,44.65,17.8,4.83,0.0
20230628:1010,671.74,425.09,53.17,18.22,4.83,0.0
20230628:1110,585.28,371.3,59.79,18.46,5.45,0.0
20230628:1210,655.34,413.99,62.86,18.41,5.93,0.0
20230628:1310,551.56,349.44,61.12,18.29,6.21,0.0
20230628:1410,661.94,416.14,55.34,18.07,6.41,0.0
20230628:1510,380.82,245.52,47.23,18.09,6.48,0.0
20230628:1610,267.8,178.07,38.05,18.02,6.21,0.0
20230628:1710,185.02,128.73,28.51,17.95,5.52,0.0
20230628:1810,56.26,49.14,19.06,17.83,4.9,0.0
20230628:1910,68.14,56.84,10.04,17.71,4.55,0.0
20230628:2010,0.0,0.87,1.77,17.54,4.48,0.0
20230628:2110,0.0,0.0,0.0,17.25,4.69,0.0
20230628:2210,0.0,0.0,0.0,16.82,4.62,0.0
20230628:2310,0.0,0.0,0.0,16.44,5.1,0.0
20230629:0010,0.0,0.0,0.0,16.12,5.45,0.0
20230629:0110,0.0,0.0,0.0,15.86,5.52,0.0
20230629:0210,0.0,0.0,0.0,15.51,5.52,0.0
20230629:0310,0.0,0.0,0.0,15.19,5.45,0.0
20230629:0410,0.0,0.0,0.0,15.14,5.72,0.0
20230629:0510,19.88,23.61,7.49,15.03,5.72,0.0
20230629:0610,150.32,109.73,16.33,15.4,6.0,0.0
20230629:0710,350.66,230.81,25.69,15.89,6.07,0.0
20230629:0810,650.5,407.91,35.24,16.41,5.86,0.0
20230629:0910,1024.88,641.44,44.58,16.89,6.14,0.0
20230629:1010,1238.3,785.01,53.1,17.3,6.41,0.0
20230629:1110,1237.96,787.03,59.73,17.64,6.69,0.0
20230629:1210,1477.06,958.24,62.81,17.76,6.41,0.0
20230629:1310,1525.22,994.73,61.09,17.89,6.21,0.0
20230629:1410,1427.36,919.72,55.32,18.03,6.41,0.0
20230629:1510,1224.98,772.81,47.22,17.95,6.97,0.0
20230629:1610,908.8,568.99,38.04,17.77,6.83,0.0
20230629:1710,541.14,354.84,28.51,17.42,7.31,0.0
20230629:1810,199.38,154.85,19.06,17.08,7.24,0.0
20230629:1910,53.72,47.22,10.03,16.69,6.76,0.0
20230629:2010,0.0,1.75,1.76,16.22,6.14,0.0
20230629:2110,0.0,0.0,0.0,15.74,4.83,0.0
20230629:2210,0.0,0.0,0.0,15.12,4.21,0.0
20230629:2310,0.0,0.0,0.0,15.05,4.62,0.0
20230630:0010,0.0,0.0,0.0,15.14,5.17,0.0
20230630:0110,0.0,0.0,0.0,15.22,5.38,0.0
20230630:0210,0.0,0.0,0.0,15.49,5.66,0.0
20230630:0310,0.0,0.0,0.0,15.68,6.07,0.0
20230630:0410,0.0,0.0,0.0,15.92,6.41,0.0
20230630:0510,0.3,6.12,7.42,15.7,7.03,0.0
20230630:0610,12.16,17.62,16.26,15.41,6.83,0.0
20230630:0710,108.78,81.59,25.62,15.74,6.97,0.0
20230630:0810,324.76,209.75,35.17,15.91,7.24,0.0
20230630:0910,403.24,256.31,44.51,16.37,7.66,0.0
20230630:1010,414.5,263.1,53.03,16.74,8.69,0.0
20230630:1110,0.0,0.0,0.0,17.05,7.79,0.0
20230630:1210,261.1,173.37,62.75,17.43,7.45,0.0
20230630:1310,290.86,190.98,61.05,17.36,7.31,0.0
20230630:1410,399.9,255.46,55.29,17.22,7.66,0.0
20230630:1510,289.28,190.06,47.2,17.39,7.38,0.0
20230630:1610,124.64,91.78,38.03,17.41,7.93,0.0
20230630:1710,139.98,101.05,28.5,17.27,7.59,0.0
20230630:1810,24.02,26.89,19.04,17.25,7.38,0.0
20230630:1910,2.44,8.74,10.01,17.29,7.93,0.0
20230630:2010,0.0,0.87,1.73,17.22,8.34,0.0
20230630:2110,0.0,0.0,0.0,17.14,8.69,0.0
20230630:2210,0.0,0.0,0.0,17.01,8.83,0.0
20230630:2310,0.0,0.0,0.0,16.95,8.83,0.0
20230701:0010,0.0,0.0,0.0,16.85,8.83,0.0
20230701:0110,0.0,0.0,0.0,16.67,8.97,0.0
20230701:0210,0.0,0.0,0.0,16.47,8.69,0.0
20230701:0310,0.0,0.0,0.0,16.38,8.62,0.0
20230701:0410,0.0,0.0,0.0,16.24,8.48,0.0
20230701:0510,40.72,38.48,7.34,16.2,8.48,0.0
20230701:0610,146.2,113.15,16.18,16.35,7.86,0.0
20230701:0710,419.16,285.68,25.54,16.57,8.69,0.0
20230701:0810,793.26,493.04,35.1,16.83,8.83,0.0
20230701:0910,1079.86,667.95,44.43,17.17,8.69,0.0
20230701:1010,952.8,592.99,52.95,17.15,7.52,0.0
20230701:1110,747.86,466.29,59.59,17.59,7.86,0.0
20230701:1210,1475.66,941.39,62.68,17.75,8.28,0.0
20230701:1310,1335.38,844.76,61.0,17.69,8.21,0.0
20230701:1410,1237.28,776.03,55.26,17.7,8.41,0.0
20230701:1510,1210.16,752.93,47.18,17.7,8.83,0.0
20230701:1610,770.3,477.77,38.02,17.54,8.83,0.0
20230701:1710,492.96,319.48,28.48,17.47,8.83,0.0
20230701:1810,197.88,152.63,19.03,17.37,8.97,0.0
20230701:1910,69.86,57.71,9.99,17.13,8.55,0.0
20230701:2010,0.0,0.87,1.71,16.64,7.86,0.0
20230701:2110,0.0,0.0,0.0,16.05,6.9,0.0
20230701:2210,0.0,0.0,0.0,15.73,6.21,0.0
20230701:2310,0.0,0.0,0.0,15.52,5.59,0.0
20230702:0010,0.0,0.0,0.0,15.43,5.24,0.0
20230702:0110,0.0,0.0,0.0,15.37,5.1,0.0
20230702:0210,0.0,0.0,0.0,15.27,5.1,0.0
20230702:0310,0.0,0.0,0.0,15.15,5.1,0.0
20230702:0410,0.0,0.0,0.0,15.07,5.31,0.0
20230702:0510,30.74,31.48,7.26,15.06,5.45,0.0
20230702:0610,122.5,90.42,16.1,15.18,5.52,0.0
20230702:0710,343.48,225.71,25.46,15.38,6.07,0.0
20230702:0810,371.78,237.87,35.01,15.83,6.21,0.0
20230702:0910,914.7,567.72,44.35,16.09,6.48,0.0
20230702:1010,1246.3,786.75,52.87,16.23,6.28,0.0
20230702:1110,1376.0,878.06,59.5,16.66,6.62,0.0
20230702:1210,895.34,559.28,62.61,16.87,6.83,0.0
20230702:1310,271.04,178.93,60.95,16.97,7.31,0.0
20230702:1410,574.38,359.69,55.23,17.01,7.52,0.0
20230702:1510,233.52,156.68,47.16,16.99,7.66,0.0
20230702:1610,682.16,424.46,38.0,16.96,7.59,0.0
20230702:1710,449.94,290.1,28.46,16.81,7.59,0.0
20230702:1810,168.02,119.07,19.01,16.55,7.24,0.0
20230702:1910,47.24,42.85,9.97,16.16,6.97,0.0
20230702:2010,0.0,0.87,1.68,15.6,6.76,0.0
20230702:2110,0.0,0.0,0.0,15.12,6.9,0.0
20230702:2210,0.0,0.0,0.0,15.04,6.41,0.0
20230702:2310,0.0,0.0,0.0,14.79,6.62,0.0
20230703:0010,0.0,0.0,0.0,14.65,6.76,0.0
20230703:0110,0.0,0.0,0.0,14.49,6.83,0.0
20230703:0210,0.0,0.0,0.0,14.42,6.83,0.0
20230703:0310,0.0,0.0,0.0,14.38,6.55,0.0
20230703:0410,0.0,0.0,0.0,14.37,6.41,0.0
20230703:0510,27.14,28.86,7.18,14.43,6.48,0.0
20230703:0610,124.34,91.45,16.02,14.71,6.55,0.0
20230703:0710,179.88,124.0,25.38,15.23,7.59,0.0
20230703:0810,439.5,276.81,34.93,15.7,8.34,0.0
20230703:0910,981.02,602.46,44.27,16.17,9.03,0.0
20230703:1010,1313.02,819.12,52.78,16.71,8.76,0.0
20230703:1110,1120.34,693.09,59.42,16.75,9.79,0.0
20230703:1210,1116.86,690.5,62.53,16.63,10.0,0.0
20230703:1310,254.9,168.73,60.89,16.74,10.07,0.0
20230703:1410,1256.38,779.57,55.18,16.86,9.79,0.0
20230703:1510,843.28,519.38,47.13,16.96,9.45,0.0
20230703:1610,808.24,498.89,37.97,16.99,9.38,0.0
20230703:1710,461.96,297.33,28.44,16.9,9.03,0.0
20230703:1810,203.78,154.24,18.98,16.57,8.62,0.0
20230703:1910,64.68,54.22,9.93,16.22,8.07,0.0
20230703:2010,0.0,0.87,1.64,15.89,7.52,0.0
20230703:2110,0.0,0.0,0.0,15.49,7.03,0.0
20230703:2210,0.0,0.0,0.0,14.94,6.48,0.0
20230703:2310,0.0,0.0,0.0,14.74,6.28,0.0
20230704:0010,0.0,0.0,0.0,14.59,5.79,0.0
20230704:0110,0.0,0.0,0.0,14.49,5.17,0.0
20230704:0210,0.0,0.0,0.0,14.54,4.76,0.0
20230704:0310,0.0,0.0,0.0,14.37,4.69,0.0
20230704:0410,0.0,0.0,0.0,14.1,4.62,0.0
20230704:0510,2.5,8.74,7.08,14.17,4.34,0.0
20230704:0610,80.64,63.97,15.93,14.44,4.14,0.0
20230704:0710,320.8,211.5,25.29,14.83,4.34,0.0
20230704:0810,548.46,345.16,34.84,15.21,4.28,0.0
20230704:0910,406.8,259.3,44.18,15.47,4.34,0.0
20230704:1010,690.08,429.81,52.69,15.6,5.52,0.0
20230704:1110,142.32,101.98,59.32,15.7,5.24,0.0
20230704:1210,181.3,125.16,62.45,15.46,5.24,0.0
20230704:1310,145.9,103.84,60.82,15.04,5.38,0.0
20230704:1410,156.94,110.33,55.13,14.68,4.83,0.0
20230704:1510,130.7,94.56,47.09,14.55,4.83,0.0
20230704:1610,111.02,82.51,37.94,14.12,5.03,0.0
20230704:1710,116.1,85.29,28.41,13.47,6.14,0.0
20230704:1810,158.5,111.58,18.94,13.92,8.34,0.0
20230704:1910,24.74,27.11,9.9,14.24,8.41,0.0
20230704:2010,0.0,0.87,1.59,14.46,7.45,0.0
20230704:2110,0.0,0.0,0.0,14.22,6.97,0.0
20230704:2210,0.0,0.0,0.0,13.76,7.52,0.0
20230704:2310,0.0,0.0,0.0,13.99,8.28,0.0
20230705:0010,0.0,0.0,0.0,13.98,7.66,0.0
20230705:0110,0.0,0.0,0.0,13.98,7.72,0.0
20230705:0210,0.0,0.0,0.0,13.94,7.93,0.0
20230705:0310,0.0,0.0,0.0,13.87,8.07,0.0
20230705:0410,0.0,0.0,0.0,13.81,7.86,0.0
20230705:0510,34.76,34.1,6.99,13.86,7.38,0.0
20230705:0610,124.64,104.5,15.83,14.07,6.69,0.0
20230705:0710,0.0,0.0,0.0,14.54,6.55,0.0
20230705:0810,822.88,512.0,34.75,14.93,6.41,0.0
20230705:0910,967.08,599.86,44.08,15.35,6.07,0.0
20230705:1010,341.3,219.72,52.59,15.84,6.55,0.0
20230705:1110,631.86,393.26,59.23,15.9,6.97,0.0
20230705:1210,1008.78,628.83,62.35,16.1,7.03,0.0
20230705:1310,1093.14,684.49,60.74,16.15,6.76,0.0
20230705:1410,375.66,240.38,55.08,16.46,7.31,0.0
20230705:1510,342.9,220.85,47.04,16.46,7.66,0.0
20230705:1610,429.88,272.11,37.9,16.47,7.72,0.0
20230705:1710,479.38,308.82,28.37,16.33,7.52,0.0
20230705:1810,184.46,153.42,18.91,16.09,6.83,0.0
20230705:1910,70.22,57.71,9.85,15.92,6.07,0.0
20230705:2010,0.0,0.87,1.54,15.59,5.31,0.0
20230705:2110,0.0,0.0,0.0,15.12,4.69,0.0
20230705:2210,0.0,0.0,0.0,14.74,4.28,0.0
20230705:2310,0.0,0.0,0.0,14.69,4.62,0.0
20230706:0010,0.0,0.0,0.0,14.53,4.55,0.0
20230706:0110,0.0,0.0,0.0,14.49,4.28,0.0
20230706:0210,0.0,0.0,0.0,14.5,4.21,0.0
20230706:0310,0.0,0.0,0.0,14.59,4.41,0.0
20230706:0410,0.0,0.0,0.0,14.6,4.48,0.0
20230706:0510,19.92,23.61,6.89,14.63,4.34,0.0
20230706:0610,134.04,98.4,15.74,14.86,4.62,0.0
20230706:0710,311.32,205.1,25.1,15.02,5.24,0.0
20230706:0810,770.08,480.96,34.65,15.33,5.79,0.0
20230706:0910,870.02,538.5,43.98,15.7,6.48,0.0
20230706:1010,1015.56,632.13,52.49,16.08,6.76,0.0
20230706:1110,1510.78,963.54,59.12,16.3,7.38,0.0
20230706:1210,1471.1,935.61,62.26,16.38,7.72,0.0
20230706:1310,1203.16,754.1,60.66,16.53,7.72,0.0
20230706:1410,1356.82,855.33,55.02,16.55,7.59,0.0
20230706:1510,1203.48,751.87,46.99,16.58,7.17,0.0
20230706:1610,719.68,447.01,37.86,16.52,7.17,0.0
20230706:1710,444.82,286.46,28.33,16.54,7.45,0.0
20230706:1810,195.84,139.57,18.86,16.44,7.17,0.0
20230706:1910,67.34,55.97,9.8,16.34,6.83,0.0
20230706:2010,0.0,0.87,1.48,16.23,6.76,0.0
20230706:2110,0.0,0.0,0.0,16.13,6.69,0.0
20230706:2210,0.0,0.0,0.0,16.03,7.52,0.0
20230706:2310,0.0,0.0,0.0,15.95,7.17,0.0
20230707:0010,0.0,0.0,0.0,15.92,6.76,0.0
20230707:0110,0.0,0.0,0.0,15.95,6.62,0.0
20230707:0210,0.0,0.0,0.0,15.87,6.41,0.0
20230707:0310,0.0,0.0,0.0,15.72,5.93,0.0
20230707:0410,0.0,0.0,0.0,15.57,6.14,0.0
20230707:0510,24.56,27.11,6.78,15.54,6.07,0.0
20230707:0610,137.62,107.14,15.63,15.85,5.72,0.0
20230707:0710,279.6,185.77,25.0,16.17,6.07,0.0
20230707:0810,397.76,254.19,34.55,16.5,6.0,0.0
20230707:0910,1148.28,721.9,43.88,16.87,6.0,0.0
20230707:1010,1396.12,896.93,52.39,17.53,6.0,0.0
20230707:1110,1515.32,986.58,59.01,17.86,6.14,0.0
20230707:1210,1590.84,1045.27,62.15,18.14,6.21,0.0
20230707:1310,1524.04,993.31,60.57,18.44,6.48,0.0
20230707:1410,1416.68,913.83,54.95,18.73,6.55,0.0
20230707:1510,1211.06,769.35,46.94,18.97,6.55,0.0
20230707:1610,868.14,545.77,37.81,19.13,7.1,0.0
20230707:1710,438.66,286.25,28.28,19.17,7.52,0.0
20230707:1810,200.74,150.95,18.81,19.0,7.66,0.0
20230707:1910,65.22,55.09,9.75,18.66,7.93,0.0
20230707:2010,0.0,0.87,1.42,18.31,8.34,0.0
20230707:2110,0.0,0.0,0.0,18.05,8.83,0.0
20230707:2210,0.0,0.0,0.0,18.5,7.52,0.0
20230707:2310,0.0,0.0,0.0,18.25,6.55,0.0
20230708:0010,0.0,0.0,0.0,17.82,6.34,0.0
20230708:0110,0.0,0.0,0.0,17.46,6.97,0.0
20230708:0210,0.0,0.0,0.0,17.28,7.52,0.0
20230708:0310,0.0,0.0,0.0,17.31,7.66,0.0
20230708:0410,0.0,0.0,0.0,17.48,7.79,0.0
20230708:0510,25.48,27.98,6.68,17.57,7.72,0.0
20230708:0610,125.22,93.56,15.53,17.37,6.9,0.0
20230708:0710,225.3,152.97,24.9,17.02,5.03,0.0
20230708:0810,444.08,283.92,34.45,16.84,4.14,0.0
20230708:0910,731.0,460.49,43.77,17.08,4.21,0.0
20230708:1010,127.24,93.64,52.27,17.41,4.07,0.0
20230708:1110,401.6,258.95,58.9,17.5,4.14,0.0
20230708:1210,698.26,441.92,62.04,17.57,4.48,0.0
20230708:1310,1438.78,944.37,60.48,17.58,4.83,0.0
20230708:1410,690.54,434.93,54.87,17.47,5.1,0.0
20230708:1510,1125.76,713.67,46.88,17.39,5.24,0.0
20230708:1610,693.56,434.7,37.75,17.15,5.66,0.0
20230708:1710,459.08,298.17,28.23,17.0,5.59,0.0
20230708:1810,171.18,149.96,18.75,16.85,5.24,0.0
20230708:1910,61.7,52.47,9.69,16.77,4.97,0.0
20230708:2010,0.0,0.0,0.0,16.54,4.48,0.0
20230708:2110,0.0,0.0,0.0,16.23,3.66,0.0
20230708:2210,0.0,0.0,0.0,15.87,3.79,0.0
20230708:2310,0.0,0.0,0.0,15.63,3.45,0.0
20230709:0010,0.0,0.0,0.0,15.59,3.31,0.0
20230709:0110,0.0,0.0,0.0,15.8,3.59,0.0
20230709:0210,0.0,0.0,0.0,15.78,4.55,0.0
20230709:0310,0.0,0.0,0.0,15.89,6.0,0.0
20230709:0410,0.0,0.0,0.0,16.01,6.69,0.0
20230709:0510,31.82,32.35,6.56,16.1,6.62,0.0
20230709:0610,113.34,98.26,15.42,15.8,6.0,0.0
20230709:0710,381.42,255.47,24.79,15.57,6.21,0.0
20230709:0810,794.7,496.33,34.34,15.75,6.41,0.0
20230709:0910,1132.18,706.11,43.66,16.28,6.62,0.0
20230709:1010,1328.58,838.23,52.16,16.09,6.69,0.0
20230709:1110,1393.3,889.03,58.78,16.78,6.76,0.0
20230709:1210,1461.32,943.7,61.92,16.99,6.28,0.0
20230709:1310,1250.78,795.39,60.38,17.13,6.41,0.0
20230709:1410,1241.94,785.13,54.79,17.38,6.97,0.0
20230709:1510,1227.88,770.62,46.81,17.37,7.24,0.0
20230709:1610,881.86,549.58,37.69,17.5,7.31,0.0
20230709:1710,527.64,345.52,28.17,17.56,6.48,0.0
20230709:1810,197.8,152.86,18.69,17.36,6.28,0.0
20230709:1910,63.0,53.34,9.62,16.98,5.79,0.0
20230709:2010,0.0,0.0,0.0,16.62,5.31,0.0
20230709:2110,0.0,0.0,0.0,16.27,4.76,0.0
20230709:2210,0.0,0.0,0.0,16.05,5.17,0.0
20230709:2310,0.0,0.0,0.0,15.93,4.97,0.0
20230710:0010,0.0,0.0,0.0,15.87,5.59,0.0
20230710:0110,0.0,0.0,0.0,16.0,6.0,0.0
20230710:0210,0.0,0.0,0.0,16.0,6.21,0.0
20230710:0310,0.0,0.0,0.0,16.13,6.69,0.0
20230710:0410,0.0,0.0,0.0,16.22,6.9,0.0
20230710:0510,0.0,5.25,6.45,16.38,7.31,0.0
20230710:0610,97.72,75.33,15.3,16.58,8.14,0.0
20230710:0710,332.28,220.43,24.68,16.63,8.69,0.0
20230710:0810,274.34,179.96,34.23,16.36,9.45,0.0
20230710:0910,358.72,229.71,43.55,16.73,9.79,0.0
20230710:1010,212.16,143.7,52.04,16.84,9.45,0.0
20230710:1110,196.18,134.43,58.65,17.38,10.97,0.0
20230710:1210,245.84,164.1,61.8,17.77,10.41,0.0
20230710:1310,215.92,146.48,60.27,17.78,9.72,0.0
20230710:1410,962.1,596.37,54.7,17.7,9.17,0.0
20230710:1510,1025.34,635.89,46.74,17.41,8.28,0.0
20230710:1610,205.28,139.99,37.62,17.09,7.66,0.0
20230710:1710,152.56,108.47,28.1,16.83,7.1,0.0
20230710:1810,135.3,98.5,18.63,16.53,6.41,0.0
20230710:1910,30.52,31.48,9.54,16.51,6.83,0.0
20230710:2010,0.0,0.0,0.0,16.87,10.28,0.0
20230710:2110,0.0,0.0,0.0,17.34,12.07,0.0
20230710:2210,0.0,0.0,0.0,17.21,9.66,0.0
20230710:2310,0.0,0.0,0.0,17.01,8.07,0.0
20230711:0010,0.0,0.0,0.0,16.77,6.83,0.0
20230711:0110,0.0,0.0,0.0,16.37,5.86,0.0
20230711:0210,0.0,0.0,0.0,16.03,5.1,0.0
20230711:0310,0.0,0.0,0.0,15.77,4.97,0.0
20230711:0410,0.0,0.0,0.0,15.75,5.38,0.0
20230711:0510,7.88,13.99,6.32,15.78,5.79,0.0
20230711:0610,64.06,53.77,15.18,15.88,6.28,0.0
20230711:0710,120.76,89.0,24.56,16.1,6.76,0.0
20230711:0810,314.94,204.3,34.11,16.27,7.24,0.0
20230711:0910,319.52,206.92,43.43,16.31,7.59,0.0
20230711:1010,332.72,215.09,51.91,16.51,7.1,0.0
20230711:1110,420.38,266.67,58.52,16.65,8.34,0.0
20230711:1210,437.68,276.9,61.67,16.73,8.69,0.0
20230711:1310,1436.76,905.59,60.16,16.89,8.9,0.0
20230711:1410,1063.0,659.69,54.61,17.08,8.69,0.0
20230711:1510,693.32,429.84,46.66,17.16,8.55,0.0
20230711:1610,844.8,522.97,37.55,17.14,8.48,0.0
20230711:1710,310.7,203.34,28.03,17.11,7.86,0.0
20230711:1810,200.88,147.17,18.55,17.02,7.45,0.0
20230711:1910,65.88,55.09,9.47,16.66,7.45,0.0
20230711:2010,0.0,0.0,0.0,16.26,7.45,0.0
20230711:2110,0.0,0.0,0.0,15.85,7.24,0.0
20230711:2210,0.0,0.0,0.0,15.41,6.69,0.0
20230711:2310,0.0,0.0,0.0,15.21,7.24,0.0
20230712:0010,0.0,0.0,0.0,15.01,7.03,0.0
20230712:0110,0.0,0.0,0.0,14.89,6.9,0.0
20230712:0210,0.0,0.0,0.0,14.76,7.24,0.0
20230712:0310,0.0,0.0,0.0,14.57,7.31,0.0
20230712:0410,0.0,0.0,0.0,14.49,6.62,0.0
20230712:0510,32.12,32.35,6.2,14.44,6.28,0.0
20230712:0610,111.88,83.9,15.06,14.76,6.69,0.0
20230712:0710,260.16,172.7,24.44,15.23,7.79,0.0
20230712:0810,326.1,209.93,33.99,15.54,8.14,0.0
20230712:0910,706.06,435.49,43.31,15.76,7.79,0.0
20230712:1010,339.9,218.8,51.79,15.92,7.03,0.0
20230712:1110,1178.04,736.75,58.38,16.1,7.38,0.0
20230712:1210,1217.56,763.8,61.53,16.45,7.66,0.0
20230712:1310,1327.0,838.8,60.03,16.74,7.52,0.0
20230712:1410,598.64,374.69,54.51,17.16,7.31,0.0
20230712:1510,979.62,609.2,46.57,16.97,7.17,0.0
20230712:1610,277.32,182.74,37.47,17.02,7.03,0.0
20230712:1710,242.86,162.53,27.95,16.94,7.03,0.0
20230712:1810,180.94,128.85,18.47,16.8,6.76,0.0
20230712:1910,65.86,55.09,9.38,16.62,6.21,0.0
20230712:2010,0.0,0.0,0.0,16.4,5.86,0.0
20230712:2110,0.0,0.0,0.0,15.99,5.52,0.0
20230712:2210,0.0,0.0,0.0,15.67,5.45,0.0
20230712:2310,0.0,0.0,0.0,15.49,5.24,0.0
20230713:0010,0.0,0.0,0.0,15.26,5.17,0.0
20230713:0110,0.0,0.0,0.0,15.36,5.03,0.0
20230713:0210,0.0,0.0,0.0,15.22,5.17,0.0
20230713:0310,0.0,0.0,0.0,15.18,5.17,0.0
20230713:0410,0.0,0.0,0.0,15.22,4.83,0.0
20230713:0510,15.3,20.11,6.07,15.1,4.83,0.0
20230713:0610,48.54,43.57,14.94,15.23,5.66,0.0
20230713:0710,324.78,215.14,24.32,15.27,5.86,0.0
20230713:0810,619.84,387.48,33.87,15.79,6.28,0.0
20230713:0910,493.26,309.72,43.18,16.01,6.62,0.0
20230713:1010,865.24,537.22,51.65,16.29,6.76,0.0
20230713:1110,1394.44,889.77,58.24,16.71,6.69,0.0
20230713:1210,1340.6,854.14,61.39,16.78,6.69,0.0
20230713:1310,1312.76,836.22,59.91,17.19,6.69,0.0
20230713:1410,634.06,396.51,54.4,17.13,6.97,0.0
20230713:1510,465.74,294.59,46.48,17.1,7.17,0.0
20230713:1610,712.04,444.04,37.39,17.06,6.69,0.0
20230713:1710,321.9,210.51,27.87,16.89,6.14,0.0
20230713:1810,76.86,62.12,18.39,16.73,5.93,0.0
20230713:1910,24.42,27.11,9.29,16.46,5.31,0.0
20230713:2010,0.0,0.0,0.0,16.23,4.48,0.0
20230713:2110,0.0,0.0,0.0,16.04,4.28,0.0
20230713:2210,0.0,0.0,0.0,15.99,5.17,0.0
20230713:2310,0.0,0.0,0.0,16.03,5.38,0.0
20230714:0010,0.0,0.0,0.0,15.94,6.34,0.0
20230714:0110,0.0,0.0,0.0,15.92,7.17,0.0
20230714:0210,0.0,0.0,0.0,15.94,7.66,0.0
20230714:0310,0.0,0.0,0.0,15.83,7.93,0.0
20230714:0410,0.0,0.0,0.0,15.78,8.83,0.0
20230714:0510,7.88,13.99,5.94,15.71,9.66,0.0
20230714:0610,11.02,16.69,14.81,15.77,10.28,0.0
20230714:0710,28.1,29.67,24.19,15.79,10.9,0.0
20230714:0810,54.16,47.28,33.74,15.82,11.79,0.0
20230714:0910,65.62,54.7,43.05,15.98,12.21,0.0
20230714:1010,80.4,63.97,51.51,15.8,11.79,0.0
20230714:1110,116.12,86.22,58.1,16.75,11.66,0.0
20230714:1210,187.06,128.87,61.24,17.24,12.0,0.0
20230714:1310,268.82,177.08,59.77,17.27,11.72,0.0
20230714:1410,439.66,277.71,54.29,17.18,10.55,0.0
20230714:1510,416.18,264.19,46.38,17.18,9.31,0.0
20230714:1610,475.7,299.32,37.3,17.08,8.83,0.0
20230714:1710,288.3,189.41,27.78,16.91,8.9,0.0
20230714:1810,180.96,129.14,18.3,16.71,8.97,0.0
20230714:1910,47.2,42.85,9.19,16.45,8.9,0.0
20230714:2010,0.0,0.0,0.0,16.18,8.55,0.0
20230714:2110,0.0,0.0,0.0,15.91,8.48,0.0
20230714:2210,0.0,0.0,0.0,16.13,9.31,0.0
20230714:2310,0.0,0.0,0.0,15.96,10.34,0.0
20230715:0010,0.0,0.0,0.0,15.73,11.38,0.0
20230715:0110,0.0,0.0,0.0,15.64,10.28,0.0
20230715:0210,0.0,0.0,0.0,15.62,9.1,0.0
20230715:0310,0.0,0.0,0.0,15.64,8.76,0.0
20230715:0410,0.0,0.0,0.0,15.64,8.62,0.0
20230715:0510,23.38,26.23,5.8,15.43,9.17,0.0
20230715:0610,115.98,86.81,14.68,15.12,9.72,0.0
20230715:0710,395.58,270.63,24.06,15.27,10.0,0.0
20230715:0810,764.3,469.73,33.61,15.36,10.83,0.0
20230715:0910,1142.92,691.79,42.92,15.32,12.0,0.0
20230715:1010,1038.14,631.65,51.37,15.51,11.45,0.0
20230715:1110,1515.9,936.47,57.94,15.51,11.59,0.0
20230715:1210,1502.54,927.24,61.09,15.72,12.34,0.0
20230715:1310,1498.1,926.44,59.63,16.14,12.14,0.0
20230715:1410,1147.04,700.33,54.17,16.48,12.62,0.0
20230715:1510,250.58,165.95,46.27,16.59,11.17,0.0
20230715:1610,797.3,489.51,37.2,16.65,10.55,0.0
20230715:1710,482.5,309.01,27.69,16.08,10.41,0.0
20230715:1810,174.9,124.18,18.2,16.23,10.41,0.0
20230715:1910,55.3,48.1,9.09,16.05,9.72,0.0
20230715:2010,0.0,0.0,0.0,15.86,9.38,0.0
20230715:2110,0.0,0.0,0.0,15.61,9.24,0.0
20230715:2210,0.0,0.0,0.0,15.49,8.34,0.0
20230715:2310,0.0,0.0,0.0,15.04,7.93,0.0
20230716:0010,0.0,0.0,0.0,14.68,8.48,0.0
20230716:0110,0.0,0.0,0.0,14.56,8.9,0.0
20230716:0210,0.0,0.0,0.0,14.44,8.48,0.0
20230716:0310,0.0,0.0,0.0,14.49,8.41,0.0
20230716:0410,0.0,0.0,0.0,14.51,8.0,0.0
20230716:0510,29.62,30.61,5.66,14.49,7.45,0.0
20230716:0610,80.66,64.08,14.54,14.6,7.24,0.0
20230716:0710,393.28,269.35,23.93,14.83,7.86,0.0
20230716:0810,378.82,240.5,33.48,15.04,7.86,0.0
20230716:0910,1018.42,627.78,42.78,15.36,7.31,0.0
20230716:1010,835.96,516.23,51.23,15.71,7.31,0.0
20230716:1110,1015.84,629.71,57.79,15.72,7.52,0.0
20230716:1210,1172.24,729.58,60.93,15.57,7.86,0.0
20230716:1310,1312.96,820.14,59.48,15.59,8.28,0.0
20230716:1410,995.74,615.18,54.04,15.86,8.0,0.0
20230716:1510,725.52,447.84,46.16,16.01,7.86,0.0
20230716:1610,521.64,326.09,37.1,16.06,7.45,0.0
20230716:1710,534.12,346.94,27.59,15.96,6.83,0.0
20230716:1810,197.58,147.52,18.1,15.7,6.97,0.0
20230716:1910,52.74,46.35,8.98,15.38,6.83,0.0
20230716:2010,0.0,0.0,0.0,15.13,6.0,0.0
20230716:2110,0.0,0.0,0.0,14.89,5.72,0.0
20230716:2210,0.0,0.0,0.0,14.78,5.24,0.0
20230716:2310,0.0,0.0,0.0,14.6,5.93,0.0
20230717:0010,0.0,0.0,0.0,14.52,5.79,0.0
20230717:0110,0.0,0.0,0.0,14.46,5.59,0.0
20230717:0210,0.0,0.0,0.0,14.35,5.38,0.0
20230717:0310,0.0,0.0,0.0,14.35,5.38,0.0
20230717:0410,0.0,0.0,0.0,14.28,5.45,0.0
20230717:0510,27.16,28.86,5.51,14.23,5.45,0.0
20230717:0610,87.24,83.67,14.4,14.3,5.59,0.0
20230717:0710,393.0,271.38,23.79,14.57,5.1,0.0
20230717:0810,771.42,483.94,33.34,15.09,4.9,0.0
20230717:0910,1092.7,684.74,42.64,15.63,5.24,0.0
20230717:1010,1150.7,723.26,51.08,15.77,5.79,0.0
20230717:1110,1499.3,973.87,57.62,16.26,5.45,0.0
20230717:1210,1044.76,660.63,60.76,16.58,5.31,0.0
20230717:1310,1361.86,876.37,59.33,16.7,5.66,0.0
20230717:1410,1417.62,911.31,53.91,16.81,5.86,0.0
20230717:1510,634.0,397.2,46.05,16.95,5.72,0.0
20230717:1610,777.36,486.97,36.99,16.88,5.38,0.0
20230717:1710,405.82,263.56,27.48,16.78,5.03,0.0
20230717:1810,166.82,149.37,17.99,16.57,4.62,0.0
20230717:1910,51.1,45.47,8.87,16.28,4.21,0.0
20230717:2010,0.0,0.0,0.0,15.73,3.31,0.0
20230717:2110,0.0,0.0,0.0,15.64,2.83,0.0
20230717:2210,0.0,0.0,0.0,15.35,1.72,0.0
20230717:2310,0.0,0.0,0.0,14.88,2.0,0.0
20230718:0010,0.0,0.0,0.0,14.61,1.79,0.0
20230718:0110,0.0,0.0,0.0,14.53,1.59,0.0
20230718:0210,0.0,0.0,0.0,14.44,1.59,0.0
20230718:0310,0.0,0.0,0.0,14.37,1.79,0.0
20230718:0410,0.0,0.0,0.0,14.57,2.0,0.0
20230718:0510,0.3,6.12,5.37,14.62,3.03,0.0
20230718:0610,123.22,93.88,14.26,14.77,3.72,0.0
20230718:0710,150.26,106.62,23.65,15.06,3.93,0.0
20230718:0810,338.38,218.75,33.2,15.36,3.86,0.0
20230718:0910,594.44,372.96,42.5,15.63,4.07,0.0
20230718:1010,1166.62,745.04,50.92,15.94,4.14,0.0
20230718:1110,1460.44,954.16,57.46,16.19,4.62,0.0
20230718:1210,1499.94,982.58,60.59,16.45,4.97,0.0
20230718:1310,1489.08,968.69,59.17,16.44,5.38,0.0
20230718:1410,1379.8,881.87,53.77,16.45,5.93,0.0
20230718:1510,864.58,537.23,45.92,16.34,6.28,0.0
20230718:1610,363.62,233.32,36.88,16.46,6.69,0.0
20230718:1710,105.38,79.73,27.37,16.5,7.38,0.0
20230718:1810,149.5,107.92,17.88,16.62,7.38,0.0
20230718:1910,30.54,31.48,8.75,16.44,6.97,0.0
20230718:2010,0.0,0.0,0.0,16.14,6.69,0.0
20230718:2110,0.0,0.0,0.0,15.94,6.14,0.0
20230718:2210,0.0,0.0,0.0,15.71,5.59,0.0
20230718:2310,0.0,0.0,0.0,15.64,5.52,0.0
20230719:0010,0.0,0.0,0.0,15.59,5.38,0.0
20230719:0110,0.0,0.0,0.0,15.56,5.38,0.0
20230719:0210,0.0,0.0,0.0,15.51,5.45,0.0
20230719:0310,0.0,0.0,0.0,15.37,5.38,0.0
20230719:0410,0.0,0.0,0.0,15.39,5.52,0.0
20230719:0510,22.16,25.36,5.21,15.47,5.38,0.0
20230719:0610,121.8,95.14,14.11,15.8,5.31,0.0
20230719:0710,356.72,241.84,23.51,16.18,5.03,0.0
20230719:0810,703.34,444.63,33.06,16.65,4.62,0.0
20230719:0910,938.86,593.5,42.35,17.07,4.28,0.0
20230719:1010,1261.5,821.15,50.76,17.38,3.79,0.0
20230719:1110,926.18,593.08,57.29,17.64,3.52,0.0
20230719:1210,1384.88,919.69,60.41,17.86,3.79,0.0
20230719:1310,1304.02,854.57,59.0,17.84,4.14,0.0
20230719:1410,748.84,474.18,53.62,17.92,4.41,0.0
20230719:1510,851.94,538.58,45.8,17.95,4.62,0.0
20230719:1610,862.68,545.28,36.76,17.83,4.83,0.0
20230719:1710,536.8,354.34,27.26,17.68,5.1,0.0
20230719:1810,190.08,146.1,17.76,17.39,5.24,0.0
20230719:1910,56.28,48.97,8.62,16.87,5.1,0.0
20230719:2010,0.0,0.0,0.0,16.24,4.76,0.0
20230719:2110,0.0,0.0,0.0,15.56,4.41,0.0
20230719:2210,0.0,0.0,0.0,14.95,4.07,0.0
20230719:2310,0.0,0.0,0.0,14.46,3.93,0.0
20230720:0010,0.0,0.0,0.0,14.21,3.72,0.0
20230720:0110,0.0,0.0,0.0,14.09,3.38,0.0
20230720:0210,0.0,0.0,0.0,13.93,3.1,0.0
20230720:0310,0.0,0.0,0.0,13.78,2.76,0.0
20230720:0410,0.0,0.0,0.0,13.68,2.62,0.0
20230720:0510,23.54,26.23,5.06,13.84,2.62,0.0
20230720:0610,73.32,76.29,13.97,14.25,2.76,0.0
20230720:0710,398.48,280.44,23.37,14.84,3.03,0.0
20230720:0810,791.0,504.27,32.92,15.55,2.97,0.0
20230720:0910,1063.68,682.67,42.2,16.26,2.9,0.0
20230720:1010,1277.94,837.64,50.6,16.66,3.1,0.0
20230720:1110,904.96,578.28,57.11,17.07,3.31,0.0
20230720:1210,355.22,230.85,60.22,17.17,3.66,0.0
20230720:1310,902.98,574.83,58.83,17.25,3.93,0.0
20230720:1410,1059.08,678.7,53.47,17.34,4.0,0.0
20230720:1510,1093.54,699.41,45.66,17.46,4.14,0.0
20230720:1610,666.84,421.4,36.63,17.49,4.28,0.0
20230720:1710,511.32,335.93,27.13,17.44,4.55,0.0
20230720:1810,181.78,148.52,17.63,17.25,4.62,0.0
20230720:1910,56.26,48.97,8.49,16.93,4.55,0.0
20230720:2010,0.0,0.0,0.0,16.39,4.28,0.0
20230720:2110,0.0,0.0,0.0,15.89,4.28,0.0
20230720:2210,0.0,0.0,0.0,15.12,3.93,0.0
20230720:2310,0.0,0.0,0.0,14.58,4.14,0.0
20230721:0010,0.0,0.0,0.0,14.14,4.55,0.0
20230721:0110,0.0,0.0,0.0,13.96,4.69,0.0
20230721:0210,0.0,0.0,0.0,13.7,4.76,0.0
20230721:0310,0.0,0.0,0.0,13.68,4.76,0.0
20230721:0410,0.0,0.0,0.0,13.53,4.48,0.0
20230721:0510,22.36,25.36,4.9,13.85,4.34,0.0
20230721:0610,118.32,89.74,13.81,14.22,4.41,0.0
20230721:0710,381.3,264.95,23.22,14.92,4.62,0.0
20230721:0810,742.0,467.09,32.77,15.66,4.69,0.0
20230721:0910,480.44,303.71,42.04,16.12,4.83,0.0
20230721:1010,865.18,543.16,50.44,16.5,4.83,0.0
20230721:1110,1065.48,675.64,56.93,16.86,5.1,0.0
20230721:1210,590.8,372.03,60.04,16.91,5.45,0.0
20230721:1310,450.2,286.56,58.65,17.01,5.66,0.0
20230721:1410,633.04,397.32,53.31,17.04,5.72,0.0
20230721:1510,929.46,582.31,45.52,17.16,5.72,0.0
20230721:1610,727.08,455.09,36.5,17.22,5.86,0.0
20230721:1710,447.9,290.73,27.0,17.0,6.0,0.0
20230721:1810,188.02,139.17,17.5,16.61,5.93,0.0
20230721:1910,55.16,48.1,8.35,16.21,5.66,0.0
20230721:2010,0.0,0.0,0.0,15.76,5.1,0.0
20230721:2110,0.0,0.0,0.0,15.46,4.55,0.0
20230721:2210,0.0,0.0,0.0,15.35,4.76,0.0
20230721:2310,0.0,0.0,0.0,15.31,4.97,0.0
20230722:0010,0.0,0.0,0.0,15.2,5.59,0.0
20230722:0110,0.0,0.0,0.0,15.23,6.0,0.0
20230722:0210,0.0,0.0,0.0,15.29,6.97,0.0
20230722:0310,0.0,0.0,0.0,15.31,7.31,0.0
20230722:0410,0.0,0.0,0.0,15.33,7.38,0.0
20230722:0510,0.3,6.12,4.74,15.37,7.59,0.0
20230722:0610,87.62,68.75,13.66,15.52,8.28,0.0
20230722:0710,102.86,77.88,23.07,15.73,9.31,0.0
20230722:0810,214.94,144.63,32.62,15.73,9.79,0.0
20230722:0910,115.12,85.29,41.89,15.72,10.34,0.0
20230722:1010,180.14,124.23,50.27,15.84,9.31,0.0
20230722:1110,194.38,132.58,56.74,15.87,10.28,0.0
20230722:1210,216.04,145.56,59.84,16.42,11.17,0.0
20230722:1310,195.36,133.5,58.47,16.6,10.9,0.0
20230722:1410,162.52,114.03,53.15,16.58,11.1,0.0
20230722:1510,179.76,124.23,45.37,16.56,11.31,0.0
20230722:1610,113.16,84.37,36.36,16.54,11.17,0.0
20230722:1710,111.78,83.44,26.87,16.3,11.31,0.0
20230722:1810,25.44,27.81,17.36,16.33,11.59,0.0
20230722:1910,5.0,11.37,8.21,16.53,11.72,0.0
20230722:2010,0.0,0.0,0.0,16.63,11.31,0.0
20230722:2110,0.0,0.0,0.0,16.51,10.14,0.0
20230722:2210,0.0,0.0,0.0,16.52,8.21,0.0
20230722:2310,0.0,0.0,0.0,16.44,7.66,0.0
20230723:0010,0.0,0.0,0.0,16.33,7.72,0.0
20230723:0110,0.0,0.0,0.0,16.3,8.0,0.0
20230723:0210,0.0,0.0,0.0,16.26,7.93,0.0
20230723:0310,0.0,0.0,0.0,16.21,7.66,0.0
20230723:0410,0.0,0.0,0.0,16.12,7.59,0.0
20230723:0510,9.88,15.74,4.57,16.06,7.31,0.0
20230723:0610,98.82,76.29,13.5,16.1,7.17,0.0
20230723:0710,268.94,179.99,22.91,16.24,7.52,0.0
20230723:0810,462.06,291.78,32.46,16.36,7.31,0.0
20230723:0910,973.14,603.49,41.73,16.62,7.1,0.0
20230723:1010,595.0,371.89,50.09,16.78,6.97,0.0
20230723:1110,905.14,563.77,56.55,16.8,7.03,0.0
20230723:1210,1291.78,819.63,59.64,16.92,6.9,0.0
20230723:1310,1475.82,949.62,58.27,17.2,6.76,0.0
20230723:1410,1384.9,882.8,52.97,17.22,6.76,0.0
20230723:1510,977.12,608.87,45.22,17.19,6.9,0.0
20230723:1610,896.64,558.34,36.22,17.02,6.9,0.0
20230723:1710,385.88,250.48,26.73,16.93,6.62,0.0
20230723:1810,177.04,128.56,17.22,16.64,6.21,0.0
20230723:1910,44.52,41.1,8.06,16.43,5.79,0.0
20230723:2010,0.0,0.0,0.0,16.2,5.31,0.0
20230723:2110,0.0,0.0,0.0,16.01,4.76,0.0
20230723:2210,0.0,0.0,0.0,15.76,3.66,0.0
20230723:2310,0.0,0.0,0.0,15.66,3.17,0.0
20230724:0010,0.0,0.0,0.0,15.68,3.24,0.0
20230724:0110,0.0,0.0,0.0,15.79,3.45,0.0
20230724:0210,0.0,0.0,0.0,15.68,3.45,0.0
20230724:0310,0.0,0.0,0.0,15.56,3.45,0.0
20230724:0410,0.0,0.0,0.0,15.39,3.1,0.0
20230724:0510,2.48,8.74,4.41,15.31,3.1,0.0
20230724:0610,103.5,86.04,13.34,15.3,3.38,0.0
20230724:0710,258.5,174.23,22.76,15.56,3.31,0.0
20230724:0810,690.44,439.03,32.3,15.86,2.97,0.0
20230724:0910,579.9,367.54,41.56,16.14,2.62,0.0
20230724:1010,998.98,632.73,49.92,16.44,4.21,0.0
20230724:1110,224.06,151.12,56.36,16.39,5.24,0.0
20230724:1210,255.74,169.66,59.43,16.41,6.41,0.0
20230724:1310,562.92,352.04,58.08,16.31,7.17,0.0
20230724:1410,434.28,275.1,52.8,16.28,6.97,0.0
20230724:1510,858.42,533.52,45.06,16.6,6.41,0.0
20230724:1610,346.9,224.02,36.07,16.71,5.86,0.0
20230724:1710,458.64,298.04,26.58,16.7,5.93,0.0
20230724:1810,180.62,134.25,17.07,16.58,5.79,0.0
20230724:1910,51.12,45.47,7.9,16.35,5.59,0.0
20230724:2010,0.0,0.0,0.0,15.9,5.45,0.0
20230724:2110,0.0,0.0,0.0,15.27,6.0,0.0
20230724:2210,0.0,0.0,0.0,14.59,6.34,0.0
20230724:2310,0.0,0.0,0.0,14.34,6.34,0.0
20230725:0010,0.0,0.0,0.0,14.11,6.14,0.0
20230725:0110,0.0,0.0,0.0,13.85,5.66,0.0
20230725:0210,0.0,0.0,0.0,13.66,4.97,0.0
20230725:0310,0.0,0.0,0.0,13.7,4.34,0.0
20230725:0410,0.0,0.0,0.0,13.57,3.72,0.0
20230725:0510,15.44,20.11,4.24,13.52,3.24,0.0
20230725:0610,90.94,80.69,13.18,13.95,2.97,0.0
20230725:0710,299.54,201.0,22.6,14.58,2.69,0.0
20230725:0810,781.66,499.0,32.14,15.29,2.62,0.0
20230725:0910,1071.08,688.64,41.4,15.94,2.62,0.0
20230725:1010,603.32,381.32,49.74,16.18,3.31,0.0
20230725:1110,1135.76,734.55,56.16,16.6,3.38,0.0
20230725:1210,1518.7,1023.69,59.22,16.95,3.45,0.0
20230725:1310,1408.22,933.93,57.87,17.17,3.72,0.0
20230725:1410,1208.34,781.13,52.61,17.45,4.21,0.0
20230725:1510,1025.12,651.06,44.89,17.57,4.55,0.0
20230725:1610,798.26,504.53,35.92,17.43,4.28,0.0
20230725:1710,527.74,349.39,26.43,17.32,4.07,0.0
20230725:1810,164.04,142.14,16.92,16.95,4.28,0.0
20230725:1910,48.4,43.72,7.74,16.46,4.07,0.0
20230725:2010,0.0,0.0,0.0,15.76,3.66,0.0
20230725:2110,0.0,0.0,0.0,14.99,3.1,0.0
20230725:2210,0.0,0.0,0.0,15.1,2.97,0.0
20230725:2310,0.0,0.0,0.0,14.93,2.41,0.0
20230726:0010,0.0,0.0,0.0,14.67,2.07,0.0
20230726:0110,0.0,0.0,0.0,14.5,1.45,0.0
20230726:0210,0.0,0.0,0.0,14.18,1.24,0.0
20230726:0310,0.0,0.0,0.0,13.86,1.17,0.0
20230726:0410,0.0,0.0,0.0,13.81,1.31,0.0
20230726:0510,12.1,17.49,4.06,14.0,1.52,0.0
20230726:0610,107.52,85.03,13.01,14.58,2.55,0.0
20230726:0710,193.82,133.28,22.44,15.15,3.72,0.0
20230726:0810,276.82,182.15,31.98,15.77,4.62,0.0
20230726:0910,234.06,156.68,41.23,15.93,5.52,0.0
20230726:1010,209.4,141.85,49.55,16.05,7.38,0.0
20230726:1110,167.24,116.82,55.95,16.01,7.52,0.0
20230726:1210,390.5,248.81,59.01,16.15,7.38,0.0
20230726:1310,248.44,165.02,57.66,16.33,7.72,0.0
20230726:1410,180.84,125.16,52.42,16.54,7.79,0.0
20230726:1510,199.56,136.28,44.72,16.68,8.28,0.0
20230726:1610,227.72,152.97,35.75,16.72,8.28,0.0
20230726:1710,91.84,71.39,26.27,16.64,8.41,0.0
20230726:1810,37.26,36.16,16.76,16.59,8.9,0.0
20230726:1910,33.02,33.23,7.57,16.55,9.31,0.0
20230726:2010,0.0,0.0,0.0,16.55,9.38,0.0
20230726:2110,0.0,0.0,0.0,16.6,10.0,0.0
20230726:2210,0.0,0.0,0.0,16.72,9.17,0.0
20230726:2310,0.0,0.0,0.0,16.75,9.59,0.0
20230727:0010,0.0,0.0,0.0,16.79,10.0,0.0
20230727:0110,0.0,0.0,0.0,16.9,10.28,0.0
20230727:0210,0.0,0.0,0.0,16.99,10.07,0.0
20230727:0310,0.0,0.0,0.0,16.96,9.59,0.0
20230727:0410,0.0,0.0,0.0,16.93,8.97,0.0
20230727:0510,14.06,19.24,3.89,16.9,8.28,0.0
20230727:0610,84.92,76.63,12.85,16.92,7.52,0.0
20230727:0710,31.82,32.45,22.27,16.98,7.38,0.0
20230727:0810,183.34,127.01,31.82,17.1,7.1,0.0
20230727:0910,251.7,167.81,41.05,17.23,6.69,0.0
20230727:1010,348.96,225.59,49.36,17.2,6.55,0.0
20230727:1110,555.66,349.86,55.75,17.24,6.28,0.0
20230727:1210,832.56,520.92,58.78,17.29,6.41,0.0
20230727:1310,592.14,372.43,57.45,17.37,6.21,0.0
20230727:1410,484.22,307.26,52.23,17.6,6.14,0.0
20230727:1510,415.62,266.07,44.54,17.64,5.86,0.0
20230727:1610,436.94,278.86,35.59,17.61,5.59,0.0
20230727:1710,173.28,121.4,26.11,17.51,5.93,0.0
20230727:1810,119.58,89.33,16.59,17.33,6.14,0.0
20230727:1910,31.62,32.35,7.4,17.25,5.86,0.0
20230727:2010,0.0,0.0,0.0,17.02,5.24,0.0
20230727:2110,0.0,0.0,0.0,16.79,4.69,0.0
20230727:2210,0.0,0.0,0.0,16.37,3.93,0.0
20230727:2310,0.0,0.0,0.0,16.1,3.93,0.0
20230728:0010,0.0,0.0,0.0,16.0,3.72,0.0
20230728:0110,0.0,0.0,0.0,15.95,3.93,0.0
20230728:0210,0.0,0.0,0.0,15.97,4.21,0.0
20230728:0310,0.0,0.0,0.0,15.91,4.48,0.0
20230728:0410,0.0,0.0,0.0,16.0,4.55,0.0
20230728:0510,0.0,3.5,3.71,16.05,4.83,0.0
20230728:0610,46.94,42.65,12.67,16.06,5.38,0.0
20230728:0710,224.4,152.81,22.11,16.37,5.66,0.0
20230728:0810,346.34,223.58,31.65,16.48,5.93,0.0
20230728:0910,326.9,212.08,40.88,16.69,6.07,0.0
20230728:1010,459.82,291.9,49.17,16.89,5.66,0.0
20230728:1110,1445.54,929.97,55.53,17.22,6.41,0.0
20230728:1210,1138.52,717.97,58.56,17.34,6.83,0.0
20230728:1310,691.86,431.86,57.23,17.43,7.45,0.0
20230728:1410,631.62,394.26,52.03,17.46,7.93,0.0
20230728:1510,678.54,421.34,44.36,17.18,7.93,0.0
20230728:1610,493.44,310.46,35.41,17.09,7.72,0.0
20230728:1710,413.44,268.32,25.94,17.02,7.31,0.0
20230728:1810,128.34,94.8,16.42,16.76,6.97,0.0
20230728:1910,0.28,6.12,7.22,16.48,6.21,0.0
20230728:2010,0.0,0.0,0.0,16.33,5.86,0.0
20230728:2110,0.0,0.0,0.0,16.3,5.86,0.0
20230728:2210,0.0,0.0,0.0,16.09,4.83,0.0
20230728:2310,0.0,0.0,0.0,15.99,5.72,0.0
20230729:0010,0.0,0.0,0.0,15.95,5.38,0.0
20230729:0110,0.0,0.0,0.0,15.91,5.86,0.0
20230729:0210,0.0,0.0,0.0,15.78,6.28,0.0
20230729:0310,0.0,0.0,0.0,15.65,6.55,0.0
20230729:0410,0.0,0.0,0.0,15.48,6.41,0.0
20230729:0510,10.96,16.61,3.52,15.38,6.55,0.0
20230729:0610,99.04,81.2,12.5,15.55,6.69,0.0
20230729:0710,295.08,198.49,21.94,15.83,6.62,0.0
20230729:0810,748.26,468.25,31.48,16.21,6.69,0.0
20230729:0910,1045.92,650.63,40.7,16.45,6.62,0.0
20230729:1010,1362.36,864.22,48.98,16.83,6.69,0.0
20230729:1110,1486.1,952.66,55.32,17.08,7.03,0.0
20230729:1210,1043.64,653.95,58.33,17.28,7.17,0.0
20230729:1310,1195.5,752.61,57.0,17.31,7.45,0.0
20230729:1410,1128.28,705.79,51.82,17.39,7.72,0.0
20230729:1510,1071.56,666.45,44.17,17.49,7.93,0.0
20230729:1610,761.7,473.14,35.24,17.52,8.07,0.0
20230729:1710,509.02,332.53,25.76,17.39,8.14,0.0
20230729:1810,173.1,131.16,16.24,17.1,8.21,0.0
20230729:1910,24.4,27.11,7.04,16.72,8.14,0.0
20230729:2010,0.0,0.0,0.0,16.21,8.21,0.0
20230729:2110,0.0,0.0,0.0,15.92,8.14,0.0
20230729:2210,0.0,0.0,0.0,15.8,7.03,0.0
20230729:2310,0.0,0.0,0.0,15.65,7.03,0.0
20230730:0010,0.0,0.0,0.0,15.47,7.38,0.0
20230730:0110,0.0,0.0,0.0,15.39,7.59,0.0
20230730:0210,0.0,0.0,0.0,15.47,7.66,0.0
20230730:0310,0.0,0.0,0.0,15.56,6.83,0.0
20230730:0410,0.0,0.0,0.0,15.61,6.83,0.0
20230730:0510,4.14,10.49,3.34,15.74,6.97,0.0
20230730:0610,97.08,76.29,12.33,15.75,7.79,0.0
20230730:0710,196.22,134.89,21.77,16.29,8.28,0.0
20230730:0810,225.06,151.22,31.31,16.62,9.1,0.0
20230730:0910,414.2,262.53,40.52,16.92,9.24,0.0
20230730:1010,254.76,168.73,48.78,16.7,9.38,0.0
20230730:1110,171.52,119.6,55.1,16.77,9.24,0.0
20230730:1210,363.36,232.7,58.09,16.87,9.79,0.0
20230730:1310,598.14,371.86,56.77,17.1,10.07,0.0
20230730:1410,423.22,268.38,51.61,17.41,10.28,0.0
20230730:1510,869.94,535.07,43.98,17.4,9.93,0.0
20230730:1610,56.56,49.14,35.05,17.22,10.21,0.0
20230730:1710,165.2,115.89,25.58,17.06,10.62,0.0
20230730:1810,17.9,22.25,16.06,16.87,10.14,0.0
20230730:1910,5.0,11.37,6.85,16.77,10.07,0.0
20230730:2010,0.0,0.0,0.0,16.69,10.21,0.0
20230730:2110,0.0,0.0,0.0,16.78,10.48,0.0
20230730:2210,0.0,0.0,0.0,17.04,10.62,0.0
20230730:2310,0.0,0.0,0.0,17.21,10.97,0.0
20230731:0010,0.0,0.0,0.0,17.28,10.62,0.0
20230731:0110,0.0,0.0,0.0,17.27,10.28,0.0
20230731:0210,0.0,0.0,0.0,17.2,9.72,0.0
20230731:0310,0.0,0.0,0.0,17.08,9.52,0.0
20230731:0410,0.0,0.0,0.0,17.0,9.17,0.0
20230731:0510,3.26,9.62,3.15,16.9,8.28,0.0
20230731:0610,7.72,13.91,12.15,16.84,7.45,0.0
20230731:0710,88.72,69.53,21.59,16.82,7.31,0.0
20230731:0810,129.54,94.56,31.13,16.82,7.38,0.0
20230731:0910,78.34,63.04,40.33,16.86,7.31,0.0
20230731:1010,144.92,103.84,48.58,16.86,7.79,0.0
20230731:1110,154.38,109.4,54.87,16.46,7.03,0.0
20230731:1210,184.06,127.01,57.85,16.22,6.76,0.0
20230731:1310,202.8,138.14,56.53,16.13,6.34,0.0
20230731:1410,731.74,454.09,51.39,16.41,7.03,0.0
20230731:1510,555.32,347.53,43.77,16.69,6.76,0.0
20230731:1610,429.64,272.7,34.86,16.71,6.55,0.0
20230731:1710,75.44,61.19,25.4,16.71,6.69,0.0
20230731:1810,72.52,59.33,15.87,16.72,6.9,0.0
20230731:1910,0.0,5.25,6.66,16.59,7.17,0.0
20230731:2010,0.0,0.0,0.0,16.29,7.45,0.0
20230731:2110,0.0,0.0,0.0,15.98,7.52,0.0
20230731:2210,0.0,0.0,0.0,15.88,7.03,0.0
20230731:2310,0.0,0.0,0.0,15.8,7.79,0.0
20230801:0010,0.0,0.0,0.0,15.77,8.69,0.0
20230801:0110,0.0,0.0,0.0,15.75,8.9,0.0
20230801:0210,0.0,0.0,0.0,15.68,8.21,0.0
20230801:0310,0.0,0.0,0.0,15.65,7.72,0.0
20230801:0410,0.0,0.0,0.0,15.62,7.86,0.0
20230801:0510,0.0,3.5,2.96,15.83,8.14,0.0
20230801:0610,86.44,68.79,11.97,15.86,7.66,0.0
20230801:0710,351.44,245.84,21.42,15.92,7.31,0.0
20230801:0810,343.72,221.34,30.95,16.17,6.9,0.0
20230801:0910,760.62,472.32,40.15,16.5,6.21,0.0
20230801:1010,826.26,517.38,48.37,16.75,5.17,0.0
20230801:1110,1011.96,635.62,54.64,16.82,5.93,0.0
20230801:1210,931.9,582.73,57.6,16.98,6.55,0.0
20230801:1310,1208.0,764.9,56.29,17.13,6.48,0.0
20230801:1410,827.54,513.91,51.16,17.18,7.59,0.0
20230801:1510,756.32,468.52,43.57,17.04,7.66,0.0
20230801:1610,267.28,176.51,34.67,16.76,7.31,0.0
20230801:1710,112.9,84.37,25.21,16.41,6.21,0.0
20230801:1810,16.78,21.32,15.68,15.95,5.86,0.0
20230801:1910,31.88,32.35,6.46,15.82,6.97,0.0
20230801:2010,0.0,0.0,0.0,16.05,7.86,0.0
20230801:2110,0.0,0.0,0.0,16.59,6.9,0.0
20230801:2210,0.0,0.0,0.0,16.88,6.9,0.0
20230801:2310,0.0,0.0,0.0,17.24,8.48,0.0
20230802:0010,0.0,0.0,0.0,17.46,9.93,0.0
20230802:0110,0.0,0.0,0.0,17.2,10.9,0.0
20230802:0210,0.0,0.0,0.0,16.63,10.55,0.0
20230802:0310,0.0,0.0,0.0,16.17,10.21,0.0
20230802:0410,0.0,0.0,0.0,15.86,10.83,0.0
20230802:0510,5.96,12.24,2.77,15.5,11.45,0.0
20230802:0610,75.12,69.0,11.79,15.29,11.24,0.0
20230802:0710,137.8,99.04,21.24,15.7,10.21,0.0
20230802:0810,138.24,99.2,30.77,15.87,11.93,0.0
20230802:0910,231.06,153.9,39.96,15.95,12.9,0.0
20230802:1010,459.58,287.52,48.17,16.37,12.34,0.0
20230802:1110,307.26,199.33,54.41,16.81,11.24,0.0
20230802:1210,379.92,241.97,57.35,16.92,11.72,0.0
20230802:1310,849.86,520.22,56.04,16.85,12.21,0.0
20230802:1410,518.62,323.43,50.93,16.92,11.31,0.0
20230802:1510,400.4,254.61,43.35,17.29,10.21,0.0
20230802:1610,488.82,306.55,34.46,17.16,9.72,0.0
20230802:1710,306.3,200.72,25.01,16.81,9.45,0.0
20230802:1810,64.0,53.77,15.48,16.36,9.93,0.0
20230802:1910,8.84,14.87,6.25,16.2,10.41,0.0
20230802:2010,0.0,0.0,0.0,16.2,10.28,0.0
20230802:2110,0.0,0.0,0.0,16.06,10.07,0.0
20230802:2210,0.0,0.0,0.0,16.0,9.66,0.0
20230802:2310,0.0,0.0,0.0,15.99,9.52,0.0
20230803:0010,0.0,0.0,0.0,16.02,8.69,0.0
20230803:0110,0.0,0.0,0.0,16.02,7.93,0.0
20230803:0210,0.0,0.0,0.0,15.93,7.45,0.0
20230803:0310,0.0,0.0,0.0,15.88,7.31,0.0
20230803:0410,0.0,0.0,0.0,15.85,7.03,0.0
20230803:0510,0.0,1.75,2.58,15.77,6.83,0.0
20230803:0610,87.4,69.66,11.6,15.81,6.55,0.0
20230803:0710,174.2,121.62,21.06,16.0,6.28,0.0
20230803:0810,372.92,238.83,30.59,16.13,6.41,0.0
20230803:0910,602.04,375.33,39.77,16.23,6.07,0.0
20230803:1010,1238.16,790.01,47.95,16.22,4.76,0.0
20230803:1110,1282.98,821.49,54.17,16.48,5.24,0.0
20230803:1210,751.42,470.33,57.09,16.94,5.86,0.0
20230803:1310,731.72,456.97,55.79,17.16,6.62,0.0
20230803:1410,739.48,459.77,50.69,16.97,7.17,0.0
20230803:1510,1076.26,667.43,43.14,16.73,7.66,0.0
20230803:1610,815.22,503.6,34.26,16.63,8.21,0.0
20230803:1710,356.94,232.17,24.81,16.51,8.41,0.0
20230803:1810,68.28,56.55,15.27,16.43,8.0,0.0
20230803:1910,31.82,32.35,6.04,16.15,7.52,0.0
20230803:2010,0.0,0.0,0.0,15.8,7.1,0.0
20230803:2110,0.0,0.0,0.0,15.56,6.83,0.0
20230803:2210,0.0,0.0,0.0,15.25,6.0,0.0
20230803:2310,0.0,0.0,0.0,15.19,6.28,0.0
20230804:0010,0.0,0.0,0.0,15.08,6.14,0.0
20230804:0110,0.0,0.0,0.0,15.06,6.14,0.0
20230804:0210,0.0,0.0,0.0,14.9,6.07,0.0
20230804:0310,0.0,0.0,0.0,14.73,6.0,0.0
20230804:0410,0.0,0.0,0.0,14.6,6.21,0.0
20230804:0510,2.5,8.74,2.38,14.44,6.21,0.0
20230804:0610,85.18,67.79,11.41,14.43,5.93,0.0
20230804:0710,227.74,153.9,20.88,14.58,6.48,0.0
20230804:0810,304.22,197.04,30.41,14.95,6.55,0.0
20230804:0910,511.84,319.73,39.57,15.37,6.41,0.0
20230804:1010,877.1,545.35,47.74,15.8,5.79,0.0
20230804:1110,997.96,625.98,53.93,16.17,5.59,0.0
20230804:1210,1101.32,696.12,56.83,16.5,5.59,0.0
20230804:1310,1082.32,682.15,55.53,16.61,5.86,0.0
20230804:1410,942.76,588.06,50.45,16.49,6.28,0.0
20230804:1510,747.64,464.0,42.91,16.39,6.41,0.0
20230804:1610,390.12,248.55,34.04,16.14,6.69,0.0
20230804:1710,86.12,67.68,24.6,15.87,6.48,0.0
20230804:1810,28.12,29.67,15.06,15.56,5.86,0.0
20230804:1910,4.16,10.49,5.82,15.27,4.76,0.0
20230804:2010,0.0,0.0,0.0,14.9,3.72,0.0
20230804:2110,0.0,0.0,0.0,14.67,3.59,0.0
20230804:2210,0.0,0.0,0.0,14.48,4.69,0.0
20230804:2310,0.0,0.0,0.0,14.31,4.28,0.0
20230805:0010,0.0,0.0,0.0,14.35,5.24,0.0
20230805:0110,0.0,0.0,0.0,14.54,7.59,0.0
20230805:0210,0.0,0.0,0.0,14.68,9.31,0.0
20230805:0310,0.0,0.0,0.0,14.97,10.14,0.0
20230805:0410,0.0,0.0,0.0,15.15,11.03,0.0
20230805:0510,1.7,7.87,2.18,15.54,11.86,0.0
20230805:0610,82.1,65.91,11.23,15.63,11.93,0.0
20230805:0710,203.7,139.24,20.69,15.83,11.24,0.0
20230805:0810,373.6,237.23,30.22,15.91,11.59,0.0
20230805:0910,418.04,263.07,39.37,16.17,11.59,0.0
20230805:1010,611.74,374.76,47.52,15.49,12.69,0.0
20230805:1110,626.76,383.83,53.69,15.44,12.97,0.0
20230805:1210,346.66,220.65,56.57,15.6,14.41,0.0
20230805:1310,651.32,397.5,55.26,15.66,15.1,0.0
20230805:1410,407.9,256.06,50.2,15.68,14.97,0.0
20230805:1510,1058.4,637.33,42.68,15.72,14.62,0.0
20230805:1610,917.48,554.64,33.83,15.57,14.07,0.0
20230805:1710,433.9,278.79,24.38,15.64,12.62,0.0
20230805:1810,155.96,121.91,14.85,15.51,11.03,0.0
20230805:1910,30.76,31.48,5.6,15.22,9.86,0.0
20230805:2010,0.0,0.0,0.0,14.93,8.76,0.0
20230805:2110,0.0,0.0,0.0,14.75,7.86,0.0
20230805:2210,0.0,0.0,0.0,14.6,7.03,0.0
20230805:2310,0.0,0.0,0.0,14.41,6.28,0.0
20230806:0010,0.0,0.0,0.0,14.23,5.59,0.0
20230806:0110,0.0,0.0,0.0,14.13,5.24,0.0
20230806:0210,0.0,0.0,0.0,14.02,5.1,0.0
20230806:0310,0.0,0.0,0.0,13.87,5.17,0.0
20230806:0410,0.0,0.0,0.0,13.87,5.1,0.0
20230806:0510,0.0,0.87,1.98,13.68,5.1,0.0
20230806:0610,56.48,58.74,11.04,13.85,5.24,0.0
20230806:0710,367.86,260.66,20.51,14.38,5.52,0.0
20230806:0810,688.62,429.63,30.03,14.95,5.86,0.0
20230806:0910,955.58,593.24,39.17,15.57,5.79,0.0
20230806:1010,1370.42,885.49,47.3,15.97,4.48,0.0
20230806:1110,675.96,423.98,53.44,16.28,4.76,0.0
20230806:1210,1172.24,746.25,56.3,16.51,5.24,0.0
20230806:1310,1350.86,868.75,54.99,16.58,5.52,0.0
20230806:1410,1181.06,747.45,49.95,16.67,5.79,0.0
20230806:1510,1161.2,730.57,42.45,16.81,6.0,0.0
20230806:1610,857.38,534.96,33.6,16.73,6.14,0.0
20230806:1710,466.54,305.42,24.17,16.55,6.07,0.0
20230806:1810,144.98,124.4,14.63,16.23,6.0,0.0
20230806:1910,28.16,29.73,5.37,15.73,5.59,0.0
20230806:2010,0.0,0.0,0.0,15.13,5.17,0.0
20230806:2110,0.0,0.0,0.0,14.62,4.83,0.0
20230806:2210,0.0,0.0,0.0,14.28,4.28,0.0
20230806:2310,0.0,0.0,0.0,14.13,3.79,0.0
20230807:0010,0.0,0.0,0.0,13.89,4.0,0.0
20230807:0110,0.0,0.0,0.0,13.85,4.28,0.0
20230807:0210,0.0,0.0,0.0,13.84,4.07,0.0
20230807:0310,0.0,0.0,0.0,13.59,3.66,0.0
20230807:0410,0.0,0.0,0.0,13.4,3.24,0.0
20230807:0510,0.0,3.5,1.78,13.31,3.38,0.0
20230807:0610,50.82,55.53,10.84,13.63,3.45,0.0
20230807:0710,360.28,256.83,20.32,14.3,3.24,0.0
20230807:0810,742.42,470.57,29.84,14.97,3.17,0.0
20230807:0910,935.28,592.28,38.97,15.48,2.97,0.0
20230807:1010,1058.78,676.06,47.08,15.81,3.31,0.0
20230807:1110,1314.66,858.45,53.19,16.01,3.59,0.0
20230807:1210,1385.46,902.44,56.02,16.18,4.48,0.0
20230807:1310,1184.54,751.97,54.72,16.31,5.45,0.0
20230807:1410,1189.74,747.0,49.69,16.3,6.62,0.0
20230807:1510,624.66,388.44,42.21,16.08,6.41,0.0
20230807:1610,481.5,302.7,33.37,15.83,6.07,0.0
20230807:1710,117.96,87.15,23.94,15.56,6.14,0.0
20230807:1810,140.9,105.63,14.4,15.35,5.86,0.0
20230807:1910,18.7,22.74,5.14,15.14,5.52,0.0
20230807:2010,0.0,0.0,0.0,14.88,5.24,0.0
20230807:2110,0.0,0.0,0.0,14.5,4.76,0.0
20230807:2210,0.0,0.0,0.0,14.22,4.28,0.0
20230807:2310,0.0,0.0,0.0,14.28,4.0,0.0
20230808:0010,0.0,0.0,0.0,14.41,4.0,0.0
20230808:0110,0.0,0.0,0.0,14.56,4.07,0.0
20230808:0210,0.0,0.0,0.0,14.73,4.69,0.0
20230808:0310,0.0,0.0,0.0,14.9,5.1,0.0
20230808:0410,0.0,0.0,0.0,15.03,5.72,0.0
20230808:0510,0.0,0.87,1.57,15.13,6.21,0.0
20230808:0610,70.7,58.5,10.65,15.27,6.83,0.0
20230808:0710,112.02,83.44,20.13,15.39,6.97,0.0
20230808:0810,296.26,192.84,29.65,15.68,7.03,0.0
20230808:0910,319.56,206.7,38.77,16.03,7.31,0.0
20230808:1010,332.84,214.52,46.85,16.09,7.72,0.0
20230808:1110,481.28,302.7,52.93,16.35,7.59,0.0
20230808:1210,523.62,328.31,55.75,16.45,7.45,0.0
20230808:1310,230.9,154.83,54.44,16.42,7.17,0.0
20230808:1410,187.08,128.87,49.43,16.35,6.83,0.0
20230808:1510,424.18,269.03,41.96,16.37,6.62,0.0
20230808:1610,193.2,132.58,33.14,16.41,6.55,0.0
20230808:1710,206.76,141.01,23.71,16.4,6.21,0.0
20230808:1810,134.08,101.99,14.17,16.4,6.14,0.0
20230808:1910,23.26,26.23,4.9,16.31,6.21,0.0
20230808:2010,0.0,0.0,0.0,16.08,5.79,0.0
20230808:2110,0.0,0.0,0.0,15.79,5.31,0.0
20230808:2210,0.0,0.0,0.0,15.72,4.07,0.0
20230808:2310,0.0,0.0,0.0,15.62,4.28,0.0
20230809:0010,0.0,0.0,0.0,15.63,4.14,0.0
20230809:0110,0.0,0.0,0.0,15.63,4.14,0.0
20230809:0210,0.0,0.0,0.0,15.58,4.0,0.0
20230809:0310,0.0,0.0,0.0,15.58,3.66,0.0
20230809:0410,0.0,0.0,0.0,15.59,3.45,0.0
20230809:0510,0.0,0.87,1.37,15.57,3.38,0.0
20230809:0610,73.76,61.24,10.45,15.49,3.24,0.0
20230809:0710,219.66,151.24,19.94,15.47,2.76,0.0
20230809:0810,313.76,205.15,29.45,15.63,2.41,0.0
20230809:0910,532.22,338.08,38.56,15.9,2.14,0.0
20230809:1010,667.08,425.93,46.62,16.9,1.93,0.0
20230809:1110,1159.92,769.65,52.67,17.31,1.86,0.0
20230809:1210,1168.04,775.24,55.46,17.56,2.07,0.0
20230809:1310,807.0,518.35,54.15,17.62,2.34,0.0
20230809:1410,993.68,641.33,49.16,17.71,2.83,0.0
20230809:1510,1074.74,691.98,41.71,17.53,3.17,0.0
20230809:1610,545.08,346.71,32.9,17.45,3.38,0.0
20230809:1710,302.4,201.4,23.48,17.25,3.66,0.0
20230809:1810,123.72,94.89,13.94,16.91,3.31,0.0
20230809:1910,9.82,15.74,4.66,16.68,2.83,0.0
20230809:2010,0.0,0.0,0.0,16.35,2.83,0.0
20230809:2110,0.0,0.0,0.0,16.25,3.24,0.0
20230809:2210,0.0,0.0,0.0,16.07,3.66,0.0
20230809:2310,0.0,0.0,0.0,16.06,4.21,0.0
20230810:0010,0.0,0.0,0.0,15.97,4.83,0.0
20230810:0110,0.0,0.0,0.0,15.92,5.17,0.0
20230810:0210,0.0,0.0,0.0,15.92,5.86,0.0
20230810:0310,0.0,0.0,0.0,16.03,6.41,0.0
20230810:0410,0.0,0.0,0.0,16.15,6.41,0.0
20230810:0510,0.0,0.0,0.0,16.35,6.34,0.0
20230810:0610,3.82,10.2,10.26,16.52,6.0,0.0
20230810:0710,146.72,105.37,19.74,16.81,6.14,0.0
20230810:0810,577.68,364.45,29.26,17.01,5.93,0.0
20230810:0910,653.82,409.38,38.35,17.23,5.38,0.0
20230810:1010,993.8,628.66,46.39,17.39,4.76,0.0
20230810:1110,1055.9,673.42,52.41,17.42,4.48,0.0
20230810:1210,1546.4,1027.75,55.18,17.6,4.69,0.0
20230810:1310,757.36,477.28,53.86,17.63,4.97,0.0
20230810:1410,230.68,155.75,48.89,17.6,5.72,0.0
20230810:1510,500.6,316.19,41.45,17.61,6.48,0.0
20230810:1610,187.48,129.79,32.65,17.45,6.14,0.0
20230810:1710,294.9,195.97,23.24,17.39,5.86,0.0
20230810:1810,60.74,51.92,13.69,17.21,5.59,0.0
20230810:1910,5.9,12.24,4.41,17.16,5.93,0.0
20230810:2010,0.0,0.0,0.0,17.13,6.62,0.0
20230810:2110,0.0,0.0,0.0,17.21,6.9,0.0
20230810:2210,0.0,0.0,0.0,17.26,5.93,0.0
20230810:2310,0.0,0.0,0.0,17.12,5.93,0.0
20230811:0010,0.0,0.0,0.0,16.89,5.72,0.0
20230811:0110,0.0,0.0,0.0,16.7,4.83,0.0
20230811:0210,0.0,0.0,0.0,16.65,4.28,0.0
20230811:0310,0.0,0.0,0.0,16.54,4.28,0.0
20230811:0410,0.0,0.0,0.0,16.49,4.14,0.0
20230811:0510,0.0,0.0,0.0,16.48,4.21,0.0
20230811:0610,74.34,62.03,10.06,16.42,4.76,0.0
20230811:0710,163.16,115.41,19.55,16.52,5.59,0.0
20230811:0810,315.64,205.43,29.06,16.57,5.93,0.0
20230811:0910,506.66,319.26,38.14,16.83,5.66,0.0
20230811:1010,752.06,473.78,46.15,17.14,4.21,0.0
20230811:1110,1082.12,690.14,52.15,17.5,4.76,0.0
20230811:1210,1460.06,954.41,54.89,17.63,5.38,0.0
20230811:1310,1247.58,797.34,53.57,17.54,5.86,0.0
20230811:1410,951.84,596.18,48.61,17.44,6.28,0.0
20230811:1510,942.4,587.99,41.19,17.3,6.34,0.0
20230811:1610,458.72,290.79,32.4,17.15,6.14,0.0
20230811:1710,351.0,231.05,22.99,16.99,6.14,0.0
20230811:1810,132.72,104.3,13.45,16.88,5.86,0.0
20230811:1910,0.0,4.37,4.16,16.73,5.45,0.0
20230811:2010,0.0,0.0,0.0,16.51,5.38,0.0
20230811:2110,0.0,0.0,0.0,16.28,5.52,0.0
20230811:2210,0.0,0.0,0.0,16.1,6.83,0.0
20230811:2310,0.0,0.0,0.0,16.19,6.97,0.0
20230812:0010,0.0,0.0,0.0,16.24,7.52,0.0
20230812:0110,0.0,0.0,0.0,16.31,7.86,0.0
20230812:0210,0.0,0.0,0.0,16.3,7.52,0.0
20230812:0310,0.0,0.0,0.0,16.21,7.24,0.0
20230812:0410,0.0,0.0,0.0,16.12,7.38,0.0
20230812:0510,0.0,0.0,0.0,16.09,7.52,0.0
20230812:0610,65.78,55.67,9.86,16.13,7.66,0.0
20230812:0710,187.9,130.61,19.35,16.31,7.86,0.0
20230812:0810,278.14,182.56,28.86,16.49,8.14,0.0
20230812:0910,475.18,298.33,37.92,16.78,8.55,0.0
20230812:1010,839.62,517.89,45.92,17.03,8.76,0.0
20230812:1110,1256.54,785.89,51.88,17.26,8.69,0.0
20230812:1210,1627.46,1038.98,54.59,17.45,9.1,0.0
20230812:1310,1421.76,895.18,53.27,17.54,9.31,0.0
20230812:1410,1140.34,707.94,48.32,17.44,9.1,0.0
20230812:1510,1136.94,703.9,40.92,17.31,8.76,0.0
20230812:1610,603.6,375.64,32.15,17.3,8.76,0.0
20230812:1710,367.84,241.45,22.74,17.11,8.14,0.0
20230812:1810,99.34,77.28,13.2,16.96,8.0,0.0
20230812:1910,11.92,17.49,3.9,16.72,7.52,0.0
20230812:2010,0.0,0.0,0.0,16.42,7.24,0.0
20230812:2110,0.0,0.0,0.0,16.12,6.69,0.0
20230812:2210,0.0,0.0,0.0,16.03,5.86,0.0
20230812:2310,0.0,0.0,0.0,15.86,5.86,0.0
20230813:0010,0.0,0.0,0.0,15.87,5.93,0.0
20230813:0110,0.0,0.0,0.0,15.75,5.79,0.0
20230813:0210,0.0,0.0,0.0,15.61,5.93,0.0
20230813:0310,0.0,0.0,0.0,15.69,6.07,0.0
20230813:0410,0.0,0.0,0.0,15.54,5.86,0.0
20230813:0510,0.0,0.0,0.0,15.44,5.93,0.0
20230813:0610,68.64,59.94,9.65,15.5,5.93,0.0
20230813:0710,214.68,147.5,19.15,15.55,6.48,0.0
20230813:0810,638.76,400.1,28.66,15.99,6.21,0.0
20230813:0910,889.82,551.89,37.71,16.36,6.21,0.0
20230813:1010,1142.66,718.92,45.67,16.65,5.93,0.0
20230813:1110,1004.92,626.96,51.6,16.85,6.9,0.0
20230813:1210,1258.88,795.28,54.29,16.85,6.97,0.0
20230813:1310,884.48,549.02,52.97,16.92,7.59,0.0
20230813:1410,291.4,190.98,48.03,16.98,7.31,0.0
20230813:1510,694.0,430.47,40.65,16.72,6.97,0.0
20230813:1610,394.48,251.16,31.89,16.38,6.97,0.0
20230813:1710,341.5,224.51,22.49,16.32,6.9,0.0
20230813:1810,126.46,103.5,12.94,16.32,6.69,0.0
20230813:1910,0.0,3.5,3.64,16.32,7.03,0.0
20230813:2010,0.0,0.0,0.0,16.27,7.45,0.0
20230813:2110,0.0,0.0,0.0,16.16,7.93,0.0
20230813:2210,0.0,0.0,0.0,16.46,8.41,0.0
20230813:2310,0.0,0.0,0.0,16.42,8.62,0.0
20230814:0010,0.0,0.0,0.0,16.5,8.62,0.0
20230814:0110,0.0,0.0,0.0,16.56,8.62,0.0
20230814:0210,0.0,0.0,0.0,16.61,8.97,0.0
20230814:0310,0.0,0.0,0.0,16.65,9.66,0.0
20230814:0410,0.0,0.0,0.0,16.74,10.14,0.0
20230814:0510,0.0,0.0,0.0,16.74,10.21,0.0
20230814:0610,2.94,9.27,9.45,16.79,9.93,0.0
20230814:0710,126.34,92.64,18.96,16.82,9.66,0.0
20230814:0810,174.56,121.45,28.45,16.83,9.17,0.0
20230814:0910,446.08,281.39,37.49,16.83,8.28,0.0
20230814:1010,602.3,376.23,45.43,16.86,6.62,0.0
20230814:1110,907.24,566.74,51.33,16.96,6.28,0.0
20230814:1210,1159.62,734.71,53.99,17.24,6.07,0.0
20230814:1310,1347.88,868.61,52.66,17.47,5.66,0.0
20230814:1410,1334.88,861.52,47.74,17.63,5.17,0.0
20230814:1510,1197.24,766.0,40.37,17.66,4.69,0.0
20230814:1610,869.46,550.68,31.63,17.53,4.34,0.0
20230814:1710,428.82,286.18,22.23,17.38,4.21,0.0
20230814:1810,120.52,104.55,12.68,17.1,4.07,0.0
20230814:1910,9.82,15.74,3.38,16.76,4.28,0.0
20230814:2010,0.0,0.0,0.0,16.29,4.28,0.0
20230814:2110,0.0,0.0,0.0,15.94,3.93,0.0
20230814:2210,0.0,0.0,0.0,15.47,3.59,0.0
20230814:2310,0.0,0.0,0.0,15.18,3.59,0.0
20230815:0010,0.0,0.0,0.0,14.93,3.72,0.0
20230815:0110,0.0,0.0,0.0,14.88,4.07,0.0
20230815:0210,0.0,0.0,0.0,14.88,4.28,0.0
20230815:0310,0.0,0.0,0.0,14.76,4.55,0.0
20230815:0410,0.0,0.0,0.0,14.66,4.21,0.0
20230815:0510,0.0,0.0,0.0,14.72,3.52,0.0
20230815:0610,58.68,55.28,9.24,14.92,3.59,0.0
20230815:0710,321.38,227.15,18.75,15.43,3.59,0.0
20230815:0810,583.18,370.1,28.25,15.91,3.24,0.0
20230815:0910,760.96,480.96,37.27,16.54,2.97,0.0
20230815:1010,1280.78,833.14,45.18,17.0,3.72,0.0
20230815:1110,1404.5,935.38,51.05,17.37,3.38,0.0
20230815:1210,1553.96,1054.74,53.68,17.61,3.52,0.0
20230815:1310,1506.32,1011.48,52.35,17.78,3.79,0.0
20230815:1410,1308.94,855.77,47.44,17.79,4.0,0.0
20230815:1510,1206.96,779.35,40.09,17.94,4.07,0.0
20230815:1610,853.9,542.54,31.36,17.94,4.14,0.0
20230815:1710,474.68,320.32,21.96,17.91,4.0,0.0
20230815:1810,115.82,103.59,12.42,17.77,4.0,0.0
20230815:1910,7.78,13.99,3.1,17.42,3.93,0.0
20230815:2010,0.0,0.0,0.0,16.82,3.79,0.0
20230815:2110,0.0,0.0,0.0,16.31,3.59,0.0
20230815:2210,0.0,0.0,0.0,15.5,3.52,0.0
20230815:2310,0.0,0.0,0.0,15.08,3.38,0.0
20230816:0010,0.0,0.0,0.0,14.72,3.45,0.0
20230816:0110,0.0,0.0,0.0,14.47,3.31,0.0
20230816:0210,0.0,0.0,0.0,14.29,3.24,0.0
20230816:0310,0.0,0.0,0.0,14.03,2.76,0.0
20230816:0410,0.0,0.0,0.0,14.02,2.62,0.0
20230816:0510,0.0,0.0,0.0,13.88,2.76,0.0
20230816:0610,59.84,55.19,9.04,14.38,2.76,0.0
20230816:0710,332.52,237.93,18.55,14.87,2.9,0.0
20230816:0810,733.86,467.86,28.04,15.58,2.76,0.0
20230816:0910,1065.5,687.65,37.05,16.56,2.48,0.0
20230816:1010,1290.18,855.61,44.94,17.59,2.69,0.0
20230816:1110,1103.24,729.58,50.76,18.3,2.07,0.0
20230816:1210,1161.86,787.56,53.37,18.43,1.17,0.0
20230816:1310,1012.18,672.53,52.03,18.47,1.24,0.0
20230816:1410,1264.26,855.31,47.14,18.49,1.79,0.0
20230816:1510,1146.68,758.33,39.8,18.46,2.07,0.0
20230816:1610,710.56,457.18,31.08,18.37,2.14,0.0
20230816:1710,463.12,316.34,21.7,18.21,1.86,0.0
20230816:1810,99.96,104.1,12.15,18.03,1.31,0.0
20230816:1910,4.08,10.49,2.83,17.64,1.17,0.0
20230816:2010,0.0,0.0,0.0,17.46,1.24,0.0
20230816:2110,0.0,0.0,0.0,17.43,1.38,0.0
20230816:2210,0.0,0.0,0.0,16.87,1.79,0.0
20230816:2310,0.0,0.0,0.0,16.69,1.66,0.0
20230817:0010,0.0,0.0,0.0,16.57,1.52,0.0
20230817:0110,0.0,0.0,0.0,16.41,1.93,0.0
20230817:0210,0.0,0.0,0.0,16.07,2.62,0.0
20230817:0310,0.0,0.0,0.0,15.91,2.62,0.0
20230817:0410,0.0,0.0,0.0,15.86,3.17,0.0
20230817:0510,0.0,0.0,0.0,15.9,4.0,0.0
20230817:0610,53.5,51.7,8.83,16.0,5.1,0.0
20230817:0710,290.38,203.41,18.35,16.65,5.31,0.0
20230817:0810,668.32,421.93,27.83,17.27,5.72,0.0
20230817:0910,517.76,326.37,36.82,17.9,6.69,0.0
20230817:1010,615.32,386.21,44.68,18.46,7.17,0.0
20230817:1110,498.5,315.92,50.48,18.51,7.59,0.0
20230817:1210,520.22,329.1,53.06,18.55,7.72,0.0
20230817:1310,1026.34,642.11,51.71,18.6,8.28,0.0
20230817:1410,372.6,240.51,46.83,18.74,8.34,0.0
20230817:1510,516.38,325.89,39.51,18.78,8.14,0.0
20230817:1610,247.02,165.87,30.8,18.77,7.79,0.0
20230817:1710,149.7,107.62,21.42,18.71,7.66,0.0
20230817:1810,91.6,73.52,11.87,18.4,7.52,0.0
20230817:1910,0.0,1.75,2.55,18.04,7.24,0.0
20230817:2010,0.0,0.0,0.0,17.87,6.69,0.0
20230817:2110,0.0,0.0,0.0,17.96,6.34,0.0
20230817:2210,0.0,0.0,0.0,18.06,6.69,0.0
20230817:2310,0.0,0.0,0.0,18.02,6.97,0.0
20230818:0010,0.0,0.0,0.0,17.97,7.24,0.0
20230818:0110,0.0,0.0,0.0,17.83,6.62,0.0
20230818:0210,0.0,0.0,0.0,17.71,5.52,0.0
20230818:0310,0.0,0.0,0.0,17.58,5.17,0.0
20230818:0410,0.0,0.0,0.0,17.42,4.48,0.0
20230818:0510,0.0,0.0,0.0,17.3,4.07,0.0
20230818:0610,56.26,51.72,8.62,17.18,3.79,0.0
20230818:0710,150.04,108.29,18.14,17.41,3.86,0.0
20230818:0810,444.34,286.01,27.62,17.77,3.59,0.0
20230818:0910,845.52,536.05,36.59,18.04,3.72,0.0
20230818:1010,497.08,316.96,44.43,17.93,4.14,0.0
20230818:1110,616.2,388.32,50.19,17.98,5.66,0.0
20230818:1210,705.04,441.74,52.74,17.88,6.48,0.0
20230818:1310,398.6,255.43,51.39,17.7,7.1,0.0
20230818:1410,301.62,197.47,46.52,17.48,7.31,0.0
20230818:1510,96.0,74.17,39.22,17.25,7.72,0.0
20230818:1610,66.52,55.63,30.52,17.42,8.69,0.0
20230818:1710,82.3,65.82,21.14,18.23,10.0,0.0
20230818:1810,91.04,73.89,11.59,18.55,11.03,0.0
20230818:1910,0.0,1.75,2.27,18.25,12.28,0.0
20230818:2010,0.0,0.0,0.0,18.21,13.72,0.0
20230818:2110,0.0,0.0,0.0,18.67,14.07,0.0
20230818:2210,0.0,0.0,0.0,18.03,10.83,0.0
20230818:2310,0.0,0.0,0.0,17.71,10.48,0.0
20230819:0010,0.0,0.0,0.0,17.51,11.17,0.0
20230819:0110,0.0,0.0,0.0,17.43,11.17,0.0
20230819:0210,0.0,0.0,0.0,17.39,10.69,0.0
20230819:0310,0.0,0.0,0.0,17.23,10.07,0.0
20230819:0410,0.0,0.0,0.0,17.08,9.59,0.0
20230819:0510,0.0,0.0,0.0,17.0,9.31,0.0
20230819:0610,53.82,48.2,8.41,16.99,9.1,0.0
20230819:0710,193.28,135.08,17.93,17.03,9.1,0.0
20230819:0810,462.5,292.17,27.4,17.22,9.24,0.0
20230819:0910,945.22,582.08,36.36,17.34,9.03,0.0
20230819:1010,879.96,544.8,44.17,17.7,8.48,0.0
20230819:1110,1509.82,962.84,49.9,17.94,8.34,0.0
20230819:1210,1456.38,930.48,52.42,18.17,8.07,0.0
20230819:1310,1530.8,985.11,51.06,18.27,7.72,0.0
20230819:1410,1335.22,847.28,46.2,18.16,7.45,0.0
20230819:1510,961.06,598.91,38.92,18.11,7.31,0.0
20230819:1610,688.14,430.08,30.23,18.03,7.38,0.0
20230819:1710,336.24,224.01,20.86,17.81,7.17,0.0
20230819:1810,104.88,92.07,11.31,17.47,6.83,0.0
20230819:1910,0.28,6.12,1.98,17.27,6.48,0.0
20230819:2010,0.0,0.0,0.0,17.04,5.59,0.0
20230819:2110,0.0,0.0,0.0,16.84,5.52,0.0
20230819:2210,0.0,0.0,0.0,16.74,4.62,0.0
20230819:2310,0.0,0.0,0.0,16.63,4.41,0.0
20230820:0010,0.0,0.0,0.0,16.56,4.55,0.0
20230820:0110,0.0,0.0,0.0,16.56,4.62,0.0
20230820:0210,0.0,0.0,0.0,16.47,4.41,0.0
20230820:0310,0.0,0.0,0.0,16.42,4.14,0.0
20230820:0410,0.0,0.0,0.0,16.42,4.28,0.0
20230820:0510,0.0,0.0,0.0,16.37,4.41,0.0
20230820:0610,47.52,43.62,8.2,16.38,4.62,0.0
20230820:0710,118.5,88.06,17.72,16.6,4.9,0.0
20230820:0810,290.34,191.15,27.19,17.01,4.83,0.0
20230820:0910,254.46,170.03,36.13,17.36,4.62,0.0
20230820:1010,1079.66,689.54,43.91,17.7,4.34,0.0
20230820:1110,677.38,426.97,49.6,17.84,5.03,0.0
20230820:1210,753.78,474.33,52.1,17.89,5.45,0.0
20230820:1310,945.18,596.02,50.73,18.07,5.79,0.0
20230820:1410,671.88,422.44,45.88,18.14,5.72,0.0
20230820:1510,1128.6,715.12,38.61,18.12,5.59,0.0
20230820:1610,607.32,382.89,29.94,18.05,5.59,0.0
20230820:1710,315.08,211.2,20.58,17.86,5.38,0.0
20230820:1810,96.02,79.13,11.03,17.73,4.97,0.0
20230820:1910,0.0,3.5,1.68,17.35,4.34,0.0
20230820:2010,0.0,0.0,0.0,16.96,3.66,0.0
20230820:2110,0.0,0.0,0.0,16.73,3.17,0.0
20230820:2210,0.0,0.0,0.0,16.44,2.83,0.0
20230820:2310,0.0,0.0,0.0,16.38,3.52,0.0
20230821:0010,0.0,0.0,0.0,16.47,4.14,0.0
20230821:0110,0.0,0.0,0.0,16.52,4.14,0.0
20230821:0210,0.0,0.0,0.0,16.62,4.48,0.0
20230821:0310,0.0,0.0,0.0,16.63,4.9,0.0
20230821:0410,0.0,0.0,0.0,16.55,4.28,0.0
20230821:0510,0.0,0.0,0.0,16.67,4.62,0.0
20230821:0610,37.08,36.19,7.98,16.56,4.9,0.0
20230821:0710,164.4,116.89,17.51,16.43,5.03,0.0
20230821:0810,312.2,203.57,26.97,16.45,5.17,0.0
20230821:0910,262.06,173.75,35.9,16.6,5.45,0.0
20230821:1010,341.98,221.55,43.65,17.13,5.93,0.0
20230821:1110,842.68,526.74,49.3,17.18,6.0,0.0
20230821:1210,602.86,378.8,51.77,17.41,6.07,0.0
20230821:1310,612.66,385.04,50.39,17.36,5.72,0.0
20230821:1410,521.78,329.57,45.55,17.38,5.66,0.0
20230821:1510,658.38,411.68,38.3,17.44,5.79,0.0
20230821:1610,575.78,362.33,29.64,17.37,5.59,0.0
20230821:1710,274.48,184.88,20.28,17.34,5.38,0.0
20230821:1810,94.82,85.75,10.73,17.31,5.52,0.0
20230821:1910,0.0,1.75,1.39,17.16,5.52,0.0
20230821:2010,0.0,0.0,0.0,17.19,5.79,0.0
20230821:2110,0.0,0.0,0.0,17.18,5.66,0.0
20230821:2210,0.0,0.0,0.0,17.2,5.38,0.0
20230821:2310,0.0,0.0,0.0,17.2,5.66,0.0
20230822:0010,0.0,0.0,0.0,17.21,5.31,0.0
20230822:0110,0.0,0.0,0.0,17.11,5.17,0.0
20230822:0210,0.0,0.0,0.0,17.06,5.24,0.0
20230822:0310,0.0,0.0,0.0,17.03,4.97,0.0
20230822:0410,0.0,0.0,0.0,16.96,4.62,0.0
20230822:0510,0.0,0.0,0.0,16.88,4.48,0.0
20230822:0610,50.12,47.11,7.77,16.83,4.62,0.0
20230822:0710,229.32,160.5,17.3,16.82,4.41,0.0
20230822:0810,690.92,438.38,26.75,17.0,4.41,0.0
20230822:0910,1036.44,657.44,35.66,17.22,4.21,0.0
20230822:1010,1308.18,862.23,43.38,17.73,3.24,0.0
20230822:1110,1439.6,970.82,49.0,18.06,3.1,0.0
20230822:1210,1508.44,1025.7,51.44,18.32,3.31,0.0
20230822:1310,1488.2,1004.72,50.05,18.53,3.59,0.0
20230822:1410,1406.5,930.33,45.23,18.58,4.14,0.0
20230822:1510,1173.2,754.36,37.99,18.65,4.55,0.0
20230822:1610,815.56,517.76,29.34,18.52,4.62,0.0
20230822:1710,451.02,307.74,19.99,18.37,4.76,0.0
20230822:1810,80.96,86.67,10.44,18.03,4.48,0.0
20230822:1910,0.0,0.0,0.0,17.6,3.72,0.0
20230822:2010,0.0,0.0,0.0,17.09,2.9,0.0
20230822:2110,0.0,0.0,0.0,16.77,2.34,0.0
20230822:2210,0.0,0.0,0.0,16.77,1.66,0.0
20230822:2310,0.0,0.0,0.0,16.6,1.24,0.0
20230823:0010,0.0,0.0,0.0,16.33,0.97,0.0
20230823:0110,0.0,0.0,0.0,16.22,1.38,0.0
20230823:0210,0.0,0.0,0.0,16.06,1.17,0.0
20230823:0310,0.0,0.0,0.0,15.97,1.31,0.0
20230823:0410,0.0,0.0,0.0,15.72,1.24,0.0
20230823:0510,0.0,0.0,0.0,15.67,1.1,0.0
20230823:0610,37.3,41.13,7.55,15.72,1.45,0.0
20230823:0710,284.22,203.12,17.09,16.07,2.0,0.0
20230823:0810,521.2,333.98,26.53,16.66,2.34,0.0
20230823:0910,1017.26,655.93,35.42,17.31,2.48,0.0
20230823:1010,1280.52,849.49,43.12,17.79,2.62,0.0
20230823:1110,1435.14,968.46,48.7,18.16,3.03,0.0
20230823:1210,1462.58,986.47,51.11,18.5,3.45,0.0
20230823:1310,1460.56,977.59,49.71,18.72,3.93,0.0
20230823:1410,1351.18,890.72,44.89,18.78,4.0,0.0
20230823:1510,1097.26,714.01,37.67,18.86,2.97,0.0
20230823:1610,526.92,339.83,29.04,18.71,2.07,0.0
20230823:1710,179.4,127.15,19.69,18.5,1.1,0.0
20230823:1810,82.74,70.88,10.14,18.11,0.41,0.0
20230823:1910,0.0,0.0,0.0,17.62,0.9,0.0
20230823:2010,0.0,0.0,0.0,17.64,1.59,0.0
20230823:2110,0.0,0.0,0.0,17.54,1.24,0.0
20230823:2210,0.0,0.0,0.0,17.43,0.9,0.0
20230823:2310,0.0,0.0,0.0,16.94,1.66,0.0
20230824:0010,0.0,0.0,0.0,16.99,2.14,0.0
20230824:0110,0.0,0.0,0.0,16.95,2.55,0.0
20230824:0210,0.0,0.0,0.0,17.0,1.66,0.0
20230824:0310,0.0,0.0,0.0,16.87,1.52,0.0
20230824:0410,0.0,0.0,0.0,16.84,2.14,0.0
20230824:0510,0.0,0.0,0.0,16.8,3.17,0.0
20230824:0610,0.56,6.49,7.34,16.82,4.0,0.0
20230824:0710,137.4,100.34,16.88,16.78,3.24,0.0
20230824:0810,195.56,135.02,26.31,17.12,3.03,0.0
20230824:0910,128.8,94.56,35.18,17.52,4.9,0.0
20230824:1010,223.14,152.05,42.85,18.25,4.14,0.0
20230824:1110,314.14,207.67,48.39,18.44,2.9,0.0
20230824:1210,784.9,505.13,50.77,18.57,2.48,0.0
20230824:1310,287.84,191.91,49.37,18.96,3.38,0.0
20230824:1410,153.64,110.33,44.56,18.95,4.76,0.0
20230824:1510,454.44,290.35,37.35,18.91,5.93,0.0
20230824:1610,783.6,492.12,28.73,18.45,6.55,0.0
20230824:1710,153.68,109.94,19.39,17.86,7.03,0.0
20230824:1810,77.04,80.15,9.84,17.04,7.03,0.0
20230824:1910,0.0,0.0,0.0,16.03,6.9,0.0
20230824:2010,0.0,0.0,0.0,15.29,6.48,0.0
20230824:2110,0.0,0.0,0.0,14.84,6.21,0.0
20230824:2210,0.0,0.0,0.0,14.62,6.21,0.0
20230824:2310,0.0,0.0,0.0,14.42,5.66,0.0
20230825:0010,0.0,0.0,0.0,14.31,5.1,0.0
20230825:0110,0.0,0.0,0.0,14.26,4.62,0.0
20230825:0210,0.0,0.0,0.0,14.18,4.28,0.0
20230825:0310,0.0,0.0,0.0,14.14,3.72,0.0
20230825:0410,0.0,0.0,0.0,14.19,3.31,0.0
20230825:0510,0.0,0.0,0.0,14.22,3.24,0.0
20230825:0610,34.62,34.36,7.12,14.33,3.31,0.0
20230825:0710,219.04,152.68,16.66,14.76,3.52,0.0
20230825:0810,573.48,360.8,26.09,15.27,4.48,0.0
20230825:0910,482.38,303.23,34.94,15.6,5.03,0.0
20230825:1010,489.68,309.09,42.57,15.8,4.34,0.0
20230825:1110,976.66,613.66,48.08,16.22,4.97,0.0
20230825:1210,1128.84,713.27,50.43,16.68,5.72,0.0
20230825:1310,892.44,554.81,49.02,16.84,6.97,0.0
20230825:1410,972.7,607.76,44.22,16.68,5.93,0.0
20230825:1510,689.44,428.93,37.03,16.5,5.66,0.0
20230825:1610,269.6,177.75,28.41,16.29,6.07,0.0
20230825:1710,33.34,33.38,19.08,15.83,6.28,0.0
20230825:1810,80.14,77.77,9.53,15.49,6.14,0.0
20230825:1910,0.0,0.0,0.0,15.56,6.14,0.0
20230825:2010,0.0,0.0,0.0,15.38,6.07,0.0
20230825:2110,0.0,0.0,0.0,15.2,5.59,0.0
20230825:2210,0.0,0.0,0.0,14.97,5.1,0.0
20230825:2310,0.0,0.0,0.0,14.93,6.21,0.0
20230826:0010,0.0,0.0,0.0,14.71,6.34,0.0
20230826:0110,0.0,0.0,0.0,14.58,5.52,0.0
20230826:0210,0.0,0.0,0.0,14.65,5.03,0.0
20230826:0310,0.0,0.0,0.0,14.72,5.24,0.0
20230826:0410,0.0,0.0,0.0,14.5,5.66,0.0
20230826:0510,0.0,0.0,0.0,14.38,5.45,0.0
20230826:0610,34.18,38.36,6.9,14.28,5.24,0.0
20230826:0710,245.16,170.63,16.44,14.54,5.24,0.0
20230826:0810,622.36,389.38,25.86,14.89,5.17,0.0
20230826:0910,749.5,464.24,34.7,15.37,5.17,0.0
20230826:1010,694.88,433.1,42.3,15.57,4.55,0.0
20230826:1110,1200.86,762.0,47.77,15.84,5.1,0.0
20230826:1210,964.52,600.6,50.09,15.94,6.21,0.0
20230826:1310,912.0,565.1,48.66,16.05,6.9,0.0
20230826:1410,568.72,354.07,43.87,15.64,6.41,0.0
20230826:1510,1107.38,685.86,36.7,15.68,6.9,0.0
20230826:1610,766.86,475.19,28.1,15.99,7.03,0.0
20230826:1710,399.96,268.61,18.77,15.74,7.1,0.0
20230826:1810,77.0,72.91,9.22,15.77,7.38,0.0
20230826:1910,0.0,0.0,0.0,15.27,7.24,0.0
20230826:2010,0.0,0.0,0.0,15.01,6.28,0.0
20230826:2110,0.0,0.0,0.0,14.9,5.59,0.0
20230826:2210,0.0,0.0,0.0,14.96,6.28,0.0
20230826:2310,0.0,0.0,0.0,14.98,6.14,0.0
20230827:0010,0.0,0.0,0.0,14.97,6.07,0.0
20230827:0110,0.0,0.0,0.0,14.93,6.21,0.0
20230827:0210,0.0,0.0,0.0,14.76,6.48,0.0
20230827:0310,0.0,0.0,0.0,14.74,6.62,0.0
20230827:0410,0.0,0.0,0.0,14.84,6.9,0.0
20230827:0510,0.0,0.0,0.0,14.79,7.17,0.0
20230827:0610,39.02,38.07,6.68,14.75,7.1,0.0
20230827:0710,144.12,103.52,16.23,14.86,7.17,0.0
20230827:0810,372.98,237.71,25.64,15.21,6.83,0.0
20230827:0910,457.16,286.68,34.45,15.56,7.03,0.0
20230827:1010,396.26,251.66,42.02,15.89,7.24,0.0
20230827:1110,350.82,224.88,47.46,15.87,7.79,0.0
20230827:1210,328.0,211.38,49.74,15.81,7.93,0.0
20230827:1310,483.84,302.98,48.31,15.79,8.0,0.0
20230827:1410,239.5,159.46,43.53,15.94,7.86,0.0
20230827:1510,660.78,407.75,36.37,16.05,7.52,0.0
20230827:1610,373.98,238.93,27.78,16.24,6.83,0.0
20230827:1710,271.66,183.35,18.46,16.22,6.55,0.0
20230827:1810,72.42,65.11,8.91,16.36,5.45,0.0
20230827:1910,0.0,0.0,0.0,16.29,5.03,0.0
20230827:2010,0.0,0.0,0.0,16.23,4.83,0.0
20230827:2110,0.0,0.0,0.0,16.26,4.83,0.0
20230827:2210,0.0,0.0,0.0,15.97,3.93,0.0
20230827:2310,0.0,0.0,0.0,15.96,5.24,0.0
20230828:0010,0.0,0.0,0.0,15.82,5.52,0.0
20230828:0110,0.0,0.0,0.0,15.66,5.59,0.0
20230828:0210,0.0,0.0,0.0,15.55,6.07,0.0
20230828:0310,0.0,0.0,0.0,15.38,5.93,0.0
20230828:0410,0.0,0.0,0.0,15.31,5.79,0.0
20230828:0510,0.0,0.0,0.0,15.18,5.66,0.0
20230828:0610,36.12,38.12,6.46,15.18,5.72,0.0
20230828:0710,174.36,123.31,16.01,15.36,5.93,0.0
20230828:0810,439.86,278.16,25.41,15.69,6.55,0.0
20230828:0910,765.98,474.06,34.2,16.16,6.14,0.0
20230828:1010,1201.46,760.21,41.74,16.6,5.59,0.0
20230828:1110,858.24,537.38,47.14,16.87,5.38,0.0
20230828:1210,918.04,574.69,49.39,17.13,6.07,0.0
20230828:1310,936.26,585.6,47.95,17.12,6.21,0.0
20230828:1410,863.02,539.67,43.18,17.17,5.66,0.0
20230828:1510,456.72,289.7,36.03,17.16,5.52,0.0
20230828:1610,304.44,198.88,27.45,16.99,6.14,0.0
20230828:1710,205.36,141.63,18.14,16.58,6.28,0.0
20230828:1810,34.58,34.3,8.59,16.31,5.66,0.0
20230828:1910,0.0,0.0,0.0,15.94,5.31,0.0
20230828:2010,0.0,0.0,0.0,15.57,4.97,0.0
20230828:2110,0.0,0.0,0.0,15.29,4.76,0.0
20230828:2210,0.0,0.0,0.0,15.22,3.93,0.0
20230828:2310,0.0,0.0,0.0,15.06,3.24,0.0
20230829:0010,0.0,0.0,0.0,15.02,3.45,0.0
20230829:0110,0.0,0.0,0.0,15.04,4.21,0.0
20230829:0210,0.0,0.0,0.0,15.01,4.07,0.0
20230829:0310,0.0,0.0,0.0,14.96,3.66,0.0
20230829:0410,0.0,0.0,0.0,14.87,3.45,0.0
20230829:0510,0.0,0.0,0.0,14.86,3.31,0.0
20230829:0610,32.82,33.47,6.24,14.74,3.17,0.0
20230829:0710,149.82,107.83,15.79,14.88,2.97,0.0
20230829:0810,321.36,208.91,25.18,15.23,3.1,0.0
20230829:0910,437.9,277.51,33.95,15.65,4.14,0.0
20230829:1010,505.0,317.46,41.46,15.77,4.97,0.0
20230829:1110,593.64,371.61,46.82,16.3,5.45,0.0
20230829:1210,547.52,344.22,49.04,16.58,5.59,0.0
20230829:1310,651.6,407.83,47.59,16.74,5.45,0.0
20230829:1410,579.86,363.81,42.82,16.93,5.52,0.0
20230829:1510,489.48,308.8,35.69,16.99,5.66,0.0
20230829:1610,379.34,243.28,27.13,16.93,5.93,0.0
20230829:1710,276.9,188.0,17.82,16.72,6.28,0.0
20230829:1810,63.7,64.57,8.27,16.25,6.48,0.0
20230829:1910,0.0,0.0,0.0,15.68,6.07,0.0
20230829:2010,0.0,0.0,0.0,15.14,5.45,0.0
20230829:2110,0.0,0.0,0.0,14.96,5.03,0.0
20230829:2210,0.0,0.0,0.0,14.72,5.24,0.0
20230829:2310,0.0,0.0,0.0,14.77,4.69,0.0
20230830:0010,0.0,0.0,0.0,14.61,4.9,0.0
20230830:0110,0.0,0.0,0.0,14.67,4.83,0.0
20230830:0210,0.0,0.0,0.0,14.67,4.55,0.0
20230830:0310,0.0,0.0,0.0,14.62,4.83,0.0
20230830:0410,0.0,0.0,0.0,14.56,4.9,0.0
20230830:0510,0.0,0.0,0.0,14.51,5.17,0.0
20230830:0610,26.84,28.78,6.02,14.36,5.03,0.0
20230830:0710,174.02,123.11,15.57,14.63,4.76,0.0
20230830:0810,281.56,184.34,24.95,15.1,4.9,0.0
20230830:0910,519.86,325.48,33.7,15.6,4.97,0.0
20230830:1010,244.44,163.17,41.18,15.81,3.93,0.0
20230830:1110,487.64,308.78,46.5,16.13,4.21,0.0
20230830:1210,635.6,398.99,48.69,16.36,4.55,0.0
20230830:1310,447.3,284.24,47.22,16.5,5.1,0.0
20230830:1410,494.22,312.23,42.47,16.69,5.17,0.0
20230830:1510,418.02,266.46,35.35,16.72,4.97,0.0
20230830:1610,206.52,140.78,26.8,16.55,5.1,0.0
20230830:1710,62.44,52.85,17.5,16.33,4.97,0.0
20230830:1810,2.1,8.34,7.95,15.99,4.21,0.0
20230830:1910,0.0,0.0,0.0,15.64,3.45,0.0
20230830:2010,0.0,0.0,0.0,15.39,2.97,0.0
20230830:2110,0.0,0.0,0.0,15.26,2.55,0.0
20230830:2210,0.0,0.0,0.0,15.08,2.41,0.0
20230830:2310,0.0,0.0,0.0,14.92,3.31,0.0
20230831:0010,0.0,0.0,0.0,15.02,2.83,0.0
20230831:0110,0.0,0.0,0.0,15.03,3.03,0.0
20230831:0210,0.0,0.0,0.0,15.01,4.76,0.0
20230831:0310,0.0,0.0,0.0,15.17,6.28,0.0
20230831:0410,0.0,0.0,0.0,15.36,6.83,0.0
20230831:0510,0.0,0.0,0.0,15.75,5.45,0.0
20230831:0610,6.74,12.98,5.79,16.1,4.07,0.0
20230831:0710,58.12,50.06,15.34,16.31,4.62,0.0
20230831:0810,87.28,68.61,24.72,16.56,6.0,0.0
20230831:0910,131.04,95.49,33.45,16.83,7.17,0.0
20230831:1010,481.84,303.18,40.89,16.84,7.17,0.0
20230831:1110,1005.18,625.61,46.17,17.11,7.24,0.0
20230831:1210,451.52,286.78,48.33,17.37,6.55,0.0
20230831:1310,193.22,133.5,46.86,17.76,5.52,0.0
20230831:1410,664.96,416.87,42.11,17.91,5.79,0.0
20230831:1510,161.46,114.03,35.0,17.39,7.52,0.0
20230831:1610,70.84,58.41,26.46,17.4,7.79,0.0
20230831:1710,15.46,20.4,17.17,17.38,6.69,0.0
20230831:1810,16.66,21.32,7.62,17.23,6.07,0.0
20230831:1910,0.0,0.0,0.0,17.03,4.76,0.0
20230831:2010,0.0,0.0,0.0,16.84,3.79,0.0
20230831:2110,0.0,0.0,0.0,16.75,3.38,0.0
20230831:2210,0.0,0.0,0.0,16.58,2.28,0.0
20230831:2310,0.0,0.0,0.0,16.5,2.0,0.0
20230901:0010,0.0,0.0,0.0,16.34,1.72,0.0
20230901:0110,0.0,0.0,0.0,16.14,2.69,0.0
20230901:0210,0.0,0.0,0.0,15.8,3.72,0.0
20230901:0310,0.0,0.0,0.0,15.42,4.28,0.0
20230901:0410,0.0,0.0,0.0,15.18,4.34,0.0
20230901:0510,0.0,0.0,0.0,15.04,4.07,0.0
20230901:0610,27.02,30.05,5.57,15.01,3.79,0.0
20230901:0710,261.84,186.22,15.12,15.11,3.45,0.0
20230901:0810,461.22,293.76,24.49,15.32,2.97,0.0
20230901:0910,780.74,491.71,33.19,15.77,2.76,0.0
20230901:1010,1238.98,813.42,40.6,16.35,2.48,0.0
20230901:1110,1396.02,926.53,45.85,16.72,3.24,0.0
20230901:1210,1332.12,871.65,47.97,16.95,3.93,0.0
20230901:1310,1390.34,913.07,46.49,17.05,4.07,0.0
20230901:1410,1086.12,692.15,41.74,17.05,4.21,0.0
20230901:1510,820.26,515.33,34.66,17.12,4.21,0.0
20230901:1610,357.56,231.62,26.13,17.07,3.86,0.0
20230901:1710,227.74,157.96,16.84,16.97,3.24,0.0
20230901:1810,53.1,54.6,7.29,16.85,2.83,0.0
20230901:1910,0.0,0.0,0.0,16.52,2.28,0.0
20230901:2010,0.0,0.0,0.0,16.35,1.86,0.0
20230901:2110,0.0,0.0,0.0,16.22,1.59,0.0
20230901:2210,0.0,0.0,0.0,15.94,1.66,0.0
20230901:2310,0.0,0.0,0.0,15.89,1.59,0.0
20230902:0010,0.0,0.0,0.0,15.75,1.66,0.0
20230902:0110,0.0,0.0,0.0,15.38,1.79,0.0
20230902:0210,0.0,0.0,0.0,15.24,1.59,0.0
20230902:0310,0.0,0.0,0.0,15.12,1.66,0.0
20230902:0410,0.0,0.0,0.0,14.97,2.21,0.0
20230902:0510,0.0,0.0,0.0,15.03,2.48,0.0
20230902:0610,17.64,25.32,5.34,14.96,2.28,0.0
20230902:0710,283.98,205.11,14.89,15.12,2.14,0.0
20230902:0810,109.6,82.51,24.25,16.07,2.28,0.0
20230902:0910,665.04,421.28,32.94,17.11,2.62,0.0
20230902:1010,1212.28,804.09,40.31,17.9,2.21,0.0
20230902:1110,840.7,543.08,45.52,18.6,2.21,0.0
20230902:1210,1182.84,787.22,47.61,19.11,2.48,0.0
20230902:1310,1301.72,883.51,46.11,19.31,2.21,0.0
20230902:1410,697.92,450.41,41.38,19.42,2.0,0.0
20230902:1510,1009.24,669.45,34.3,19.62,1.31,0.0
20230902:1610,691.02,452.94,25.79,19.58,0.97,0.0
20230902:1710,342.96,243.29,16.51,19.3,0.9,0.0
20230902:1810,48.3,52.62,6.96,18.93,0.69,0.0
20230902:1910,0.0,0.0,0.0,18.51,0.28,0.0
20230902:2010,0.0,0.0,0.0,18.13,0.28,0.0
20230902:2110,0.0,0.0,0.0,17.8,1.38,0.0
20230902:2210,0.0,0.0,0.0,16.97,1.93,0.0
20230902:2310,0.0,0.0,0.0,16.61,2.07,0.0
20230903:0010,0.0,0.0,0.0,16.37,2.14,0.0
20230903:0110,0.0,0.0,0.0,16.4,2.76,0.0
20230903:0210,0.0,0.0,0.0,16.42,3.03,0.0
20230903:0310,0.0,0.0,0.0,16.39,3.17,0.0
20230903:0410,0.0,0.0,0.0,16.3,3.52,0.0
20230903:0510,0.0,0.0,0.0,16.31,3.93,0.0
20230903:0610,19.7,23.9,5.12,16.3,3.79,0.0
20230903:0710,262.86,189.71,14.67,16.95,3.86,0.0
20230903:0810,471.7,302.05,24.01,17.47,3.93,0.0
20230903:0910,366.96,237.94,32.68,18.04,4.0,0.0
20230903:1010,741.12,469.95,40.02,19.01,4.21,0.0
20230903:1110,1323.82,871.81,45.18,19.47,4.34,0.0
20230903:1210,1439.14,960.61,47.25,19.91,4.48,0.0
20230903:1310,1417.7,944.64,45.74,20.33,4.55,0.0
20230903:1410,1277.92,836.03,41.01,20.37,4.76,0.0
20230903:1510,1079.7,691.95,33.95,20.37,5.17,0.0
20230903:1610,710.56,453.19,25.45,20.22,5.45,0.0
20230903:1710,306.92,215.37,16.17,20.22,5.45,0.0
20230903:1810,44.26,47.77,6.63,20.04,5.66,0.0
20230903:1910,0.0,0.0,0.0,19.46,5.93,0.0
20230903:2010,0.0,0.0,0.0,19.15,6.28,0.0
20230903:2110,0.0,0.0,0.0,18.97,6.62,0.0
20230903:2210,0.0,0.0,0.0,18.75,6.62,0.0
20230903:2310,0.0,0.0,0.0,18.64,6.97,0.0
20230904:0010,0.0,0.0,0.0,18.49,7.24,0.0
20230904:0110,0.0,0.0,0.0,18.4,7.24,0.0
20230904:0210,0.0,0.0,0.0,18.39,7.24,0.0
20230904:0310,0.0,0.0,0.0,18.42,7.38,0.0
20230904:0410,0.0,0.0,0.0,18.47,7.59,0.0
20230904:0510,0.0,0.0,0.0,18.37,7.93,0.0
20230904:0610,18.7,25.11,4.89,18.34,8.21,0.0
20230904:0710,270.1,195.99,14.44,18.74,8.48,0.0
20230904:0810,685.18,432.56,23.78,19.28,8.48,0.0
20230904:0910,1015.36,633.51,32.42,19.83,8.69,0.0
20230904:1010,1316.02,833.44,39.73,20.2,8.83,0.0
20230904:1110,1465.02,937.72,44.85,20.36,9.1,0.0
20230904:1210,1494.14,960.94,46.88,20.66,9.1,0.0
20230904:1310,1476.34,949.6,45.36,20.88,8.97,0.0
20230904:1410,1314.06,834.58,40.64,21.07,9.17,0.0
20230904:1510,735.64,460.56,33.59,21.12,9.45,0.0
20230904:1610,732.56,462.48,25.1,21.15,9.59,0.0
20230904:1710,312.58,219.51,15.84,20.9,9.79,0.0
20230904:1810,41.46,46.65,6.29,20.55,9.45,0.0
20230904:1910,0.0,0.0,0.0,20.08,9.38,0.0
20230904:2010,0.0,0.0,0.0,19.83,9.24,0.0
20230904:2110,0.0,0.0,0.0,19.65,9.17,0.0
20230904:2210,0.0,0.0,0.0,19.42,9.31,0.0
20230904:2310,0.0,0.0,0.0,19.32,9.24,0.0
20230905:0010,0.0,0.0,0.0,19.26,8.97,0.0
20230905:0110,0.0,0.0,0.0,19.17,8.76,0.0
20230905:0210,0.0,0.0,0.0,18.95,8.48,0.0
20230905:0310,0.0,0.0,0.0,18.77,8.07,0.0
20230905:0410,0.0,0.0,0.0,18.46,8.07,0.0
20230905:0510,0.0,0.0,0.0,18.21,8.0,0.0
20230905:0610,16.8,22.01,4.66,18.18,8.28,0.0
20230905:0710,97.2,75.57,14.21,18.42,8.34,0.0
20230905:0810,318.92,208.98,23.54,18.96,7.72,0.0
20230905:0910,932.68,582.9,32.15,19.43,7.45,0.0
20230905:1010,1264.8,804.95,39.43,19.6,7.1,0.0
20230905:1110,1411.16,911.79,44.51,19.81,6.97,0.0
20230905:1210,1452.0,948.07,46.52,19.94,6.41,0.0
20230905:1310,1400.28,916.58,44.98,19.94,5.66,0.0
20230905:1410,1243.6,809.26,40.27,19.77,4.62,0.0
20230905:1510,1014.48,652.83,33.23,19.6,3.72,0.0
20230905:1610,648.16,417.19,24.75,19.36,2.97,0.0
20230905:1710,263.32,186.36,15.5,19.05,2.41,0.0
20230905:1810,36.22,38.51,5.95,18.56,1.72,0.0
20230905:1910,0.0,0.0,0.0,17.97,1.38,0.0
20230905:2010,0.0,0.0,0.0,17.52,1.52,0.0
20230905:2110,0.0,0.0,0.0,17.23,1.45,0.0
20230905:2210,0.0,0.0,0.0,17.13,1.1,0.0
20230905:2310,0.0,0.0,0.0,17.33,0.69,0.0
20230906:0010,0.0,0.0,0.0,17.54,0.28,0.0
20230906:0110,0.0,0.0,0.0,17.44,0.69,0.0
20230906:0210,0.0,0.0,0.0,17.4,1.45,0.0
20230906:0310,0.0,0.0,0.0,17.25,1.31,0.0
20230906:0410,0.0,0.0,0.0,16.68,1.31,0.0
20230906:0510,0.0,0.0,0.0,16.57,1.31,0.0
20230906:0610,16.68,23.05,4.43,16.45,1.52,0.0
20230906:0710,267.0,195.55,13.98,17.02,2.0,0.0
20230906:0810,641.52,415.41,23.29,18.1,1.86,0.0
20230906:0910,645.92,415.45,31.89,19.02,1.72,0.0
20230906:1010,1208.86,821.01,39.13,19.97,1.52,0.0
20230906:1110,1328.38,923.57,44.18,20.43,1.52,0.0
20230906:1210,1268.9,875.9,46.15,20.75,1.59,0.0
20230906:1310,1351.02,934.13,44.6,20.95,2.07,0.0
20230906:1410,1235.8,830.39,39.89,20.9,2.62,0.0
20230906:1510,1030.22,672.88,32.87,20.66,2.97,0.0
20230906:1610,666.56,432.0,24.4,20.43,2.83,0.0
20230906:1710,258.48,184.49,15.15,20.28,2.62,0.0
20230906:1810,28.54,32.91,5.61,19.87,2.76,0.0
20230906:1910,0.0,0.0,0.0,19.17,3.24,0.0
20230906:2010,0.0,0.0,0.0,19.14,3.72,0.0
20230906:2110,0.0,0.0,0.0,19.1,3.72,0.0
20230906:2210,0.0,0.0,0.0,18.42,3.86,0.0
20230906:2310,0.0,0.0,0.0,18.55,3.66,0.0
20230907:0010,0.0,0.0,0.0,18.74,4.07,0.0
20230907:0110,0.0,0.0,0.0,18.93,4.21,0.0
20230907:0210,0.0,0.0,0.0,18.95,4.41,0.0
20230907:0310,0.0,0.0,0.0,18.97,5.17,0.0
20230907:0410,0.0,0.0,0.0,18.97,5.45,0.0
20230907:0510,0.0,0.0,0.0,19.02,5.24,0.0
20230907:0610,0.0,2.78,4.2,19.13,5.38,0.0
20230907:0710,163.76,120.66,13.75,19.33,5.66,0.0
20230907:0810,312.12,206.31,23.05,19.79,5.79,0.0
20230907:0910,387.06,251.15,31.62,20.13,5.59,0.0
20230907:1010,754.26,477.95,38.83,20.47,5.52,0.0
20230907:1110,421.8,274.11,43.84,20.63,4.76,0.0
20230907:1210,893.36,574.81,45.77,20.65,4.14,0.0
20230907:1310,1048.36,681.24,44.22,20.57,3.93,0.0
20230907:1410,1175.02,773.5,39.51,20.67,3.52,0.0
20230907:1510,885.82,570.83,32.51,20.68,3.38,0.0
20230907:1610,618.62,399.47,24.05,20.6,3.52,0.0
20230907:1710,148.94,110.06,14.81,20.37,3.17,0.0
20230907:1810,22.08,26.42,5.27,19.93,2.55,0.0
20230907:1910,0.0,0.0,0.0,19.14,1.93,0.0
20230907:2010,0.0,0.0,0.0,18.7,1.93,0.0
20230907:2110,0.0,0.0,0.0,18.47,1.93,0.0
20230907:2210,0.0,0.0,0.0,17.8,1.79,0.0
20230907:2310,0.0,0.0,0.0,17.99,2.0,0.0
20230908:0010,0.0,0.0,0.0,17.95,1.86,0.0
20230908:0110,0.0,0.0,0.0,17.71,1.31,0.0
20230908:0210,0.0,0.0,0.0,17.55,1.17,0.0
20230908:0310,0.0,0.0,0.0,17.49,0.9,0.0
20230908:0410,0.0,0.0,0.0,17.53,0.9,0.0
20230908:0510,0.0,0.0,0.0,17.53,0.69,0.0
20230908:0610,2.06,8.34,3.97,17.65,0.48,0.0
20230908:0710,193.42,141.91,13.52,17.53,0.55,0.0
20230908:0810,567.34,368.27,22.81,17.85,1.17,0.0
20230908:0910,799.78,516.95,31.36,18.52,1.45,0.0
20230908:1010,1075.38,718.6,38.53,20.07,1.52,0.0
20230908:1110,1292.04,892.79,43.49,20.4,1.52,0.0
20230908:1210,974.56,648.42,45.4,20.66,1.52,0.0
20230908:1310,1050.9,701.95,43.83,20.41,1.66,0.0
20230908:1410,1205.9,811.22,39.13,20.18,2.07,0.0
20230908:1510,468.66,303.51,32.14,19.78,2.28,0.0
20230908:1610,164.16,117.31,23.7,19.28,2.14,0.0
20230908:1710,78.56,63.97,14.46,19.04,1.59,0.0
20230908:1810,18.6,23.66,4.92,18.58,0.97,0.0
20230908:1910,0.0,0.0,0.0,18.31,2.0,0.0
20230908:2010,0.0,0.0,0.0,18.46,1.24,0.0
20230908:2110,0.0,0.0,0.0,18.63,2.14,0.0
20230908:2210,0.0,0.0,0.0,19.56,2.28,0.0
20230908:2310,0.0,0.0,0.0,19.39,2.83,0.0
20230909:0010,0.0,0.0,0.0,19.24,2.69,0.0
20230909:0110,0.0,0.0,0.0,18.99,2.9,0.0
20230909:0210,0.0,0.0,0.0,18.77,3.24,0.0
20230909:0310,0.0,0.0,0.0,18.49,2.55,0.0
20230909:0410,0.0,0.0,0.0,18.13,2.21,0.0
20230909:0510,0.0,0.0,0.0,17.97,2.41,0.0
20230909:0610,12.26,18.45,3.74,17.86,2.48,0.0
20230909:0710,254.22,187.34,13.29,18.04,2.62,0.0
20230909:0810,668.08,431.89,22.56,18.82,2.69,0.0
20230909:0910,938.16,607.27,31.09,19.75,2.69,0.0
20230909:1010,1180.64,786.55,38.22,20.82,2.69,0.0
20230909:1110,1193.14,796.08,43.15,21.53,3.17,0.0
20230909:1210,905.24,590.73,45.03,21.84,3.24,0.0
20230909:1310,957.44,629.15,43.44,21.97,2.9,0.0
20230909:1410,1245.56,839.45,38.75,21.85,2.83,0.0
20230909:1510,976.42,641.38,31.77,21.85,2.62,0.0
20230909:1610,658.36,431.07,23.34,22.01,2.62,0.0
20230909:1710,257.8,188.01,14.11,21.89,2.69,0.0
20230909:1810,17.1,22.72,4.57,21.29,2.69,0.0
20230909:1910,0.0,0.0,0.0,20.18,2.97,0.0
20230909:2010,0.0,0.0,0.0,20.27,3.17,0.0
20230909:2110,0.0,0.0,0.0,19.6,3.24,0.0
20230909:2210,0.0,0.0,0.0,19.24,1.93,0.0
20230909:2310,0.0,0.0,0.0,19.08,2.97,0.0
20230910:0010,0.0,0.0,0.0,19.26,3.93,0.0
20230910:0110,0.0,0.0,0.0,19.25,3.72,0.0
20230910:0210,0.0,0.0,0.0,19.07,2.9,0.0
20230910:0310,0.0,0.0,0.0,19.18,3.24,0.0
20230910:0410,0.0,0.0,0.0,19.26,5.86,0.0
20230910:0510,0.0,0.0,0.0,19.25,6.69,0.0
20230910:0610,2.02,8.34,3.51,19.47,5.45,0.0
20230910:0710,136.82,102.95,13.05,19.65,4.83,0.0
20230910:0810,306.96,203.9,22.32,19.85,4.21,0.0
20230910:0910,388.04,252.59,30.82,20.07,4.07,0.0
20230910:1010,465.76,300.37,37.92,19.37,3.17,0.0
20230910:1110,1283.84,860.09,42.8,19.04,2.62,0.0
20230910:1210,1142.36,756.48,44.65,19.08,2.41,0.0
20230910:1310,1311.72,880.17,43.06,19.71,2.97,0.0
20230910:1410,1242.7,803.17,38.37,19.82,5.24,0.0
20230910:1510,1009.02,638.18,31.4,19.47,5.72,0.0
20230910:1610,517.96,330.91,22.99,19.08,5.24,0.0
20230910:1710,149.78,110.2,13.76,18.66,5.31,0.0
20230910:1810,15.2,20.63,4.22,18.44,5.38,0.0
20230910:1910,0.0,0.0,0.0,18.17,5.31,0.0
20230910:2010,0.0,0.0,0.0,18.22,5.17,0.0
20230910:2110,0.0,0.0,0.0,18.35,4.9,0.0
20230910:2210,0.0,0.0,0.0,18.09,3.86,0.0
20230910:2310,0.0,0.0,0.0,18.25,3.93,0.0
20230911:0010,0.0,0.0,0.0,18.27,4.21,0.0
20230911:0110,0.0,0.0,0.0,18.25,4.07,0.0
20230911:0210,0.0,0.0,0.0,18.18,4.28,0.0
20230911:0310,0.0,0.0,0.0,18.02,4.28,0.0
20230911:0410,0.0,0.0,0.0,18.0,4.62,0.0
20230911:0510,0.0,0.0,0.0,17.98,4.55,0.0
20230911:0610,7.48,13.95,3.28,17.92,4.34,0.0
20230911:0710,85.7,68.43,12.82,17.98,4.34,0.0
20230911:0810,292.6,193.56,22.07,17.96,4.21,0.0
20230911:0910,286.74,189.84,30.54,18.08,4.21,0.0
20230911:1010,412.1,265.61,37.61,18.28,3.93,0.0
20230911:1110,617.92,391.31,42.46,18.48,4.41,0.0
20230911:1210,579.02,367.71,44.27,18.65,4.48,0.0
20230911:1310,251.66,169.66,42.67,18.84,4.07,0.0
20230911:1410,601.68,381.84,37.99,18.88,4.14,0.0
20230911:1510,279.98,186.42,31.03,18.98,4.55,0.0
20230911:1610,193.58,134.46,22.63,18.8,4.48,0.0
20230911:1710,108.94,83.61,13.41,18.67,4.21,0.0
20230911:1810,0.54,6.49,3.87,18.57,3.79,0.0
20230911:1910,0.0,0.0,0.0,18.42,3.38,0.0
20230911:2010,0.0,0.0,0.0,18.16,3.03,0.0
20230911:2110,0.0,0.0,0.0,17.86,2.97,0.0
20230911:2210,0.0,0.0,0.0,17.92,2.0,0.0
20230911:2310,0.0,0.0,0.0,17.8,2.0,0.0
20230912:0010,0.0,0.0,0.0,17.59,2.34,0.0
20230912:0110,0.0,0.0,0.0,17.52,2.55,0.0
20230912:0210,0.0,0.0,0.0,17.46,2.76,0.0
20230912:0310,0.0,0.0,0.0,17.42,3.17,0.0
20230912:0410,0.0,0.0,0.0,17.42,3.31,0.0
20230912:0510,0.0,0.0,0.0,17.3,3.72,0.0
20230912:0610,7.08,14.05,3.04,17.2,4.34,0.0
20230912:0710,138.62,103.28,12.58,17.08,4.48,0.0
20230912:0810,555.14,352.39,21.82,17.21,4.69,0.0
20230912:0910,699.7,437.93,30.27,17.55,4.83,0.0
20230912:1010,1036.24,653.92,37.3,17.65,5.17,0.0
20230912:1110,1083.64,689.26,42.11,18.13,5.1,0.0
20230912:1210,1108.88,712.93,43.89,18.53,4.41,0.0
20230912:1310,764.52,482.97,42.27,18.53,4.62,0.0
20230912:1410,610.14,383.43,37.6,18.39,5.86,0.0
20230912:1510,348.64,225.46,30.66,18.29,7.38,0.0
20230912:1610,236.9,159.22,22.26,17.94,8.07,0.0
20230912:1710,90.82,71.3,13.06,17.36,8.28,0.0
20230912:1810,7.74,13.91,3.52,16.64,8.14,0.0
20230912:1910,0.0,0.0,0.0,16.0,7.79,0.0
20230912:2010,0.0,0.0,0.0,15.68,7.45,0.0
20230912:2110,0.0,0.0,0.0,15.61,7.03,0.0
20230912:2210,0.0,0.0,0.0,16.13,5.93,0.0
20230912:2310,0.0,0.0,0.0,16.27,5.45,0.0
20230913:0010,0.0,0.0,0.0,16.32,5.38,0.0
20230913:0110,0.0,0.0,0.0,16.35,5.17,0.0
20230913:0210,0.0,0.0,0.0,16.16,4.83,0.0
20230913:0310,0.0,0.0,0.0,15.86,4.34,0.0
20230913:0410,0.0,0.0,0.0,15.43,4.07,0.0
20230913:0510,0.0,0.0,0.0,15.19,4.21,0.0
20230913:0610,5.44,12.22,2.81,14.92,3.86,0.0
20230913:0710,240.5,174.22,12.35,14.94,3.72,0.0
20230913:0810,495.28,314.14,21.57,15.31,3.38,0.0
20230913:0910,973.48,618.73,29.99,15.86,2.76,0.0
20230913:1010,1111.82,726.04,36.99,16.4,1.93,0.0
20230913:1110,1290.32,882.89,41.76,16.87,1.03,0.0
20230913:1210,1312.3,901.81,43.51,17.08,1.1,0.0
20230913:1310,1349.42,915.35,41.88,17.11,1.86,0.0
20230913:1410,1231.32,808.22,37.21,16.89,2.62,0.0
20230913:1510,964.7,615.42,30.29,16.93,2.9,0.0
20230913:1610,655.22,417.41,21.9,16.86,3.17,0.0
20230913:1710,262.44,189.45,12.7,16.64,3.31,0.0
20230913:1810,8.48,15.27,3.17,16.28,3.31,0.0
20230913:1910,0.0,0.0,0.0,15.82,3.31,0.0
20230913:2010,0.0,0.0,0.0,15.78,3.17,0.0
20230913:2110,0.0,0.0,0.0,15.69,2.9,0.0
20230913:2210,0.0,0.0,0.0,15.45,2.62,0.0
20230913:2310,0.0,0.0,0.0,15.18,2.55,0.0
20230914:0010,0.0,0.0,0.0,14.78,2.55,0.0
20230914:0110,0.0,0.0,0.0,14.69,2.69,0.0
20230914:0210,0.0,0.0,0.0,14.75,2.76,0.0
20230914:0310,0.0,0.0,0.0,14.87,2.69,0.0
20230914:0410,0.0,0.0,0.0,14.88,2.83,0.0
20230914:0510,0.0,0.0,0.0,15.08,2.83,0.0
20230914:0610,2.86,9.41,2.57,15.25,2.9,0.0
20230914:0710,239.9,175.16,12.11,15.6,3.17,0.0
20230914:0810,325.04,211.69,21.31,16.14,3.59,0.0
20230914:0910,438.96,279.18,29.71,16.76,3.93,0.0
20230914:1010,571.86,360.86,36.67,17.27,3.93,0.0
20230914:1110,729.6,459.52,41.4,17.39,4.07,0.0
20230914:1210,837.98,528.17,43.13,17.47,4.41,0.0
20230914:1310,637.8,400.95,41.49,17.45,4.76,0.0
20230914:1410,586.62,368.78,36.82,17.41,4.83,0.0
20230914:1510,614.12,385.2,29.91,17.23,4.41,0.0
20230914:1610,561.7,356.91,21.54,17.04,4.0,0.0
20230914:1710,265.22,193.02,12.34,16.84,3.66,0.0
20230914:1810,8.02,15.55,2.81,16.57,3.31,0.0
20230914:1910,0.0,0.0,0.0,16.15,2.69,0.0
20230914:2010,0.0,0.0,0.0,15.91,2.28,0.0
20230914:2110,0.0,0.0,0.0,15.7,1.93,0.0
20230914:2210,0.0,0.0,0.0,15.46,2.07,0.0
20230914:2310,0.0,0.0,0.0,15.38,2.83,0.0
20230915:0010,0.0,0.0,0.0,15.3,3.79,0.0
20230915:0110,0.0,0.0,0.0,15.26,4.34,0.0
20230915:0210,0.0,0.0,0.0,15.25,4.41,0.0
20230915:0310,0.0,0.0,0.0,15.39,4.07,0.0
20230915:0410,0.0,0.0,0.0,15.5,3.31,0.0
20230915:0510,0.0,0.0,0.0,15.65,3.24,0.0
20230915:0610,2.0,8.52,2.34,15.8,3.79,0.0
20230915:0710,203.8,148.98,11.87,16.14,4.48,0.0
20230915:0810,530.08,335.23,21.06,16.65,5.31,0.0
20230915:0910,926.2,577.26,29.43,17.19,5.79,0.0
20230915:1010,1233.58,785.14,36.36,17.98,5.79,0.0
20230915:1110,829.28,519.49,41.05,18.31,6.07,0.0
20230915:1210,501.84,318.46,42.74,18.54,6.21,0.0
20230915:1310,1354.7,874.78,41.09,18.7,5.93,0.0
20230915:1410,1067.66,676.75,36.43,18.87,5.66,0.0
20230915:1510,933.96,587.75,29.53,18.63,5.45,0.0
20230915:1610,403.64,260.47,21.17,18.54,5.45,0.0
20230915:1710,163.9,121.38,11.99,18.33,5.45,0.0
20230915:1810,0.54,6.49,2.46,18.07,5.45,0.0
20230915:1910,0.0,0.0,0.0,17.67,5.52,0.0
20230915:2010,0.0,0.0,0.0,17.55,5.59,0.0
20230915:2110,0.0,0.0,0.0,17.43,5.38,0.0
20230915:2210,0.0,0.0,0.0,17.43,6.07,0.0
20230915:2310,0.0,0.0,0.0,17.37,6.55,0.0
20230916:0010,0.0,0.0,0.0,17.46,6.62,0.0
20230916:0110,0.0,0.0,0.0,17.51,6.07,0.0
20230916:0210,0.0,0.0,0.0,17.49,5.59,0.0
20230916:0310,0.0,0.0,0.0,17.44,5.1,0.0
20230916:0410,0.0,0.0,0.0,17.57,5.17,0.0
20230916:0510,0.0,0.0,0.0,17.59,5.59,0.0
20230916:0610,0.0,0.87,2.1,17.48,6.14,0.0
20230916:0710,35.72,35.23,11.63,17.44,6.76,0.0
20230916:0810,421.32,268.97,20.81,17.49,7.1,0.0
20230916:0910,414.68,263.59,29.15,17.76,7.24,0.0
20230916:1010,199.6,137.21,36.04,17.73,6.07,0.0
20230916:1110,272.28,180.79,40.7,18.16,6.55,0.0
20230916:1210,211.58,144.63,42.36,18.36,6.9,0.0
20230916:1310,192.8,133.5,40.7,18.61,7.1,0.0
20230916:1410,128.32,94.56,36.04,18.63,6.83,0.0
20230916:1510,117.68,88.08,29.15,18.6,6.07,0.0
20230916:1610,61.76,52.85,20.81,18.42,5.24,0.0
20230916:1710,85.44,68.85,11.63,18.57,4.48,0.0
20230916:1810,0.0,2.78,2.1,18.71,4.48,0.0
20230916:1910,0.0,0.0,0.0,18.83,5.31,0.0
20230916:2010,0.0,0.0,0.0,19.0,5.72,0.0
20230916:2110,0.0,0.0,0.0,19.0,5.59,0.0
20230916:2210,0.0,0.0,0.0,18.5,6.9,0.0
20230916:2310,0.0,0.0,0.0,18.33,6.21,0.0
20230917:0010,0.0,0.0,0.0,18.26,6.41,0.0
20230917:0110,0.0,0.0,0.0,18.19,6.76,0.0
20230917:0210,0.0,0.0,0.0,18.02,6.76,0.0
20230917:0310,0.0,0.0,0.0,17.77,6.34,0.0
20230917:0410,0.0,0.0,0.0,17.43,6.34,0.0
20230917:0510,0.0,0.0,0.0,17.37,7.72,0.0
20230917:0610,0.0,1.75,1.86,17.31,8.14,0.0
20230917:0710,25.32,27.81,11.39,17.19,8.41,0.0
20230917:0810,21.54,25.03,20.55,17.25,8.62,0.0
20230917:0910,133.84,97.35,28.87,17.5,9.1,0.0
20230917:1010,153.96,109.4,35.72,17.39,9.45,0.0
20230917:1110,62.18,52.85,40.34,17.45,8.62,0.0
20230917:1210,150.72,107.54,41.97,17.43,8.21,0.0
20230917:1310,218.82,148.34,40.3,17.35,6.76,0.0
20230917:1410,97.18,75.1,35.65,17.6,5.52,0.0
20230917:1510,623.5,391.73,28.78,18.0,4.69,0.0
20230917:1610,271.28,180.77,20.44,18.09,4.48,0.0
20230917:1710,200.58,149.02,11.27,18.03,4.62,0.0
20230917:1810,0.0,5.56,1.75,17.76,4.83,0.0
20230917:1910,0.0,0.0,0.0,17.47,5.1,0.0
20230917:2010,0.0,0.0,0.0,17.3,4.34,0.0
20230917:2110,0.0,0.0,0.0,17.0,4.83,0.0
20230917:2210,0.0,0.0,0.0,16.72,4.76,0.0
20230917:2310,0.0,0.0,0.0,16.61,4.97,0.0
20230918:0010,0.0,0.0,0.0,16.49,5.66,0.0
20230918:0110,0.0,0.0,0.0,16.36,6.55,0.0
20230918:0210,0.0,0.0,0.0,16.01,8.48,0.0
20230918:0310,0.0,0.0,0.0,15.91,8.34,0.0
20230918:0410,0.0,0.0,0.0,15.93,6.76,0.0
20230918:0510,0.0,0.0,0.0,15.91,6.21,0.0
20230918:0610,0.0,0.87,1.63,15.91,8.0,0.0
20230918:0710,198.84,145.46,11.14,15.95,9.79,0.0
20230918:0810,377.56,239.96,20.29,16.07,10.76,0.0
20230918:0910,507.62,314.26,28.59,16.07,10.07,0.0
20230918:1010,1242.26,767.8,35.41,16.34,8.9,0.0
20230918:1110,520.14,324.94,39.98,16.86,8.34,0.0
20230918:1210,954.42,588.37,41.58,16.61,8.28,0.0
20230918:1310,847.78,519.5,39.9,16.31,9.03,0.0
20230918:1410,1272.38,785.37,35.26,16.27,9.31,0.0
20230918:1510,625.4,384.03,28.4,16.34,9.52,0.0
20230918:1610,289.66,188.97,20.07,16.44,10.14,0.0
20230918:1710,145.94,108.87,10.91,16.03,9.93,0.0
20230918:1810,0.0,1.85,1.39,15.69,10.62,0.0
20230918:1910,0.0,0.0,0.0,15.6,9.93,0.0
20230918:2010,0.0,0.0,0.0,15.57,9.17,0.0
20230918:2110,0.0,0.0,0.0,15.53,8.9,0.0
20230918:2210,0.0,0.0,0.0,15.61,8.62,0.0
20230918:2310,0.0,0.0,0.0,15.61,9.17,0.0
20230919:0010,0.0,0.0,0.0,15.71,9.38,0.0
20230919:0110,0.0,0.0,0.0,15.9,9.1,0.0
20230919:0210,0.0,0.0,0.0,16.1,9.52,0.0
20230919:0310,0.0,0.0,0.0,16.13,10.0,0.0
20230919:0410,0.0,0.0,0.0,16.39,9.52,0.0
20230919:0510,0.0,0.0,0.0,16.61,10.97,0.0
20230919:0610,0.0,0.87,1.39,16.72,10.34,0.0
20230919:0710,63.04,53.45,10.9,16.82,10.62,0.0
20230919:0810,87.32,68.61,20.03,16.97,11.03,0.0
20230919:0910,96.2,74.17,28.3,17.16,11.38,0.0
20230919:1010,149.58,106.62,35.08,17.21,10.62,0.0
20230919:1110,268.64,177.08,39.62,17.41,11.72,0.0
20230919:1210,477.68,299.42,41.2,17.61,11.52,0.0
20230919:1310,443.56,279.47,39.5,17.64,11.45,0.0
20230919:1410,277.18,182.26,34.87,17.73,11.59,0.0
20230919:1510,423.44,266.91,28.02,17.75,11.45,0.0
20230919:1610,109.48,82.51,19.7,17.69,10.9,0.0
20230919:1710,20.26,24.1,10.55,17.59,10.76,0.0
20230919:1810,0.0,0.0,0.0,17.33,10.83,0.0
20230919:1910,0.0,0.0,0.0,17.27,10.76,0.0
20230919:2010,0.0,0.0,0.0,17.3,10.9,0.0
20230919:2110,0.0,0.0,0.0,17.3,11.1,0.0
20230919:2210,0.0,0.0,0.0,17.15,11.03,0.0
20230919:2310,0.0,0.0,0.0,17.1,11.38,0.0
20230920:0010,0.0,0.0,0.0,17.08,11.66,0.0
20230920:0110,0.0,0.0,0.0,17.16,11.86,0.0
20230920:0210,0.0,0.0,0.0,17.16,11.72,0.0
20230920:0310,0.0,0.0,0.0,17.19,11.86,0.0
20230920:0410,0.0,0.0,0.0,17.23,12.0,0.0
20230920:0510,0.0,0.0,0.0,17.19,12.14,0.0
20230920:0610,0.0,0.0,0.0,17.06,12.83,0.0
20230920:0710,4.74,11.13,10.66,16.91,13.52,0.0
20230920:0810,59.6,50.99,19.77,16.85,13.86,0.0
20230920:0910,217.08,146.1,28.01,16.86,14.14,0.0
20230920:1010,103.84,78.8,34.76,17.04,12.48,0.0
20230920:1110,168.44,117.74,39.26,17.06,11.79,0.0
20230920:1210,171.28,119.6,40.81,16.97,8.76,0.0
20230920:1310,121.74,89.93,39.1,16.94,6.55,0.0
20230920:1410,121.76,89.93,34.47,16.76,5.59,0.0
20230920:1510,124.86,91.78,27.63,16.56,4.97,0.0
20230920:1610,209.48,142.52,19.34,16.43,5.31,0.0
20230920:1710,41.42,38.94,10.19,15.98,5.86,0.0
20230920:1810,0.0,0.0,0.0,15.57,6.34,0.0
20230920:1910,0.0,0.0,0.0,15.1,6.62,0.0
20230920:2010,0.0,0.0,0.0,14.73,5.86,0.0
20230920:2110,0.0,0.0,0.0,14.5,5.45,0.0
20230920:2210,0.0,0.0,0.0,14.24,4.28,0.0
20230920:2310,0.0,0.0,0.0,14.12,4.97,0.0
20230921:0010,0.0,0.0,0.0,13.9,4.97,0.0
20230921:0110,0.0,0.0,0.0,13.84,5.24,0.0
20230921:0210,0.0,0.0,0.0,13.8,5.38,0.0
20230921:0310,0.0,0.0,0.0,13.65,6.0,0.0
20230921:0410,0.0,0.0,0.0,13.5,6.28,0.0
20230921:0510,0.0,0.0,0.0,13.58,6.41,0.0
20230921:0610,0.0,0.0,0.0,13.62,6.69,0.0
20230921:0710,190.04,138.75,10.41,13.4,5.72,0.0
20230921:0810,653.2,405.98,19.51,13.49,5.17,0.0
20230921:0910,501.02,310.06,27.73,13.39,5.1,0.0
20230921:1010,790.26,486.94,34.44,13.55,4.28,0.0
20230921:1110,478.96,298.91,38.9,13.75,4.9,0.0
20230921:1210,1356.3,852.25,40.42,13.54,5.93,0.0
20230921:1310,1305.72,816.27,38.7,13.67,6.07,0.0
20230921:1410,1193.54,738.59,34.08,13.67,6.14,0.0
20230921:1510,904.04,553.98,27.25,13.65,5.59,0.0
20230921:1610,179.52,123.24,18.97,13.72,5.24,0.0
20230921:1710,205.78,152.92,9.83,13.45,5.93,0.0
20230921:1810,0.0,0.0,0.0,13.08,5.38,0.0
20230921:1910,0.0,0.0,0.0,12.87,4.83,0.0
20230921:2010,0.0,0.0,0.0,12.53,4.97,0.0
20230921:2110,0.0,0.0,0.0,12.45,5.1,0.0
20230921:2210,0.0,0.0,0.0,12.71,4.9,0.0
20230921:2310,0.0,0.0,0.0,12.45,4.83,0.0
20230922:0010,0.0,0.0,0.0,12.2,5.03,0.0
20230922:0110,0.0,0.0,0.0,12.51,5.03,0.0
20230922:0210,0.0,0.0,0.0,12.53,5.31,0.0
20230922:0310,0.0,0.0,0.0,12.67,5.66,0.0
20230922:0410,0.0,0.0,0.0,12.6,5.59,0.0
20230922:0510,0.0,0.0,0.0,12.63,5.72,0.0
20230922:0610,0.0,0.0,0.0,12.89,5.93,0.0
20230922:0710,238.72,173.58,10.17,13.27,6.28,0.0
20230922:0810,561.9,348.05,19.25,13.48,6.83,0.0
20230922:0910,656.2,400.18,27.44,13.7,6.83,0.0
20230922:1010,855.8,524.81,34.11,14.24,5.93,0.0
20230922:1110,920.12,563.43,38.54,14.51,7.1,0.0
20230922:1210,814.3,498.82,40.03,14.75,7.17,0.0
20230922:1310,1106.4,680.66,38.3,14.82,7.66,0.0
20230922:1410,605.5,371.61,33.68,14.79,7.79,0.0
20230922:1510,1009.36,615.53,26.87,14.66,8.07,0.0
20230922:1610,610.1,378.44,18.6,14.46,8.48,0.0
20230922:1710,186.48,139.56,9.47,14.11,8.34,0.0
20230922:1810,0.0,0.0,0.0,13.78,8.0,0.0
20230922:1910,0.0,0.0,0.0,13.43,7.17,0.0
20230922:2010,0.0,0.0,0.0,13.29,6.34,0.0
20230922:2110,0.0,0.0,0.0,13.19,5.66,0.0
20230922:2210,0.0,0.0,0.0,12.83,5.31,0.0
20230922:2310,0.0,0.0,0.0,12.66,5.03,0.0
20230923:0010,0.0,0.0,0.0,12.49,5.24,0.0
20230923:0110,0.0,0.0,0.0,12.5,5.31,0.0
20230923:0210,0.0,0.0,0.0,12.57,4.48,0.0
20230923:0310,0.0,0.0,0.0,12.49,4.07,0.0
20230923:0410,0.0,0.0,0.0,12.28,3.38,0.0
20230923:0510,0.0,0.0,0.0,12.61,2.83,0.0
20230923:0610,0.0,0.0,0.0,12.9,1.93,0.0
20230923:0710,239.08,175.74,9.92,12.57,1.17,0.0
20230923:0810,578.66,367.27,18.99,13.36,1.31,0.0
20230923:0910,427.8,270.6,27.15,14.15,2.34,0.0
20230923:1010,508.64,318.91,33.79,14.8,3.52,0.0
20230923:1110,678.5,420.35,38.18,15.5,5.45,0.0
20230923:1210,827.68,510.55,39.64,15.89,6.76,0.0
20230923:1310,685.46,423.08,37.9,15.98,6.97,0.0
20230923:1410,848.94,521.77,33.29,15.99,7.17,0.0
20230923:1510,870.0,533.77,26.49,16.05,7.59,0.0
20230923:1610,468.5,295.71,18.23,16.06,8.21,0.0
20230923:1710,59.92,51.63,9.11,15.93,8.41,0.0
20230923:1810,0.0,0.0,0.0,15.88,8.9,0.0
20230923:1910,0.0,0.0,0.0,15.98,9.45,0.0
20230923:2010,0.0,0.0,0.0,15.94,9.66,0.0
20230923:2110,0.0,0.0,0.0,16.02,9.59,0.0
20230923:2210,0.0,0.0,0.0,16.03,9.79,0.0
20230923:2310,0.0,0.0,0.0,16.3,10.14,0.0
20230924:0010,0.0,0.0,0.0,16.74,10.34,0.0
20230924:0110,0.0,0.0,0.0,16.95,10.0,0.0
20230924:0210,0.0,0.0,0.0,16.91,9.86,0.0
20230924:0310,0.0,0.0,0.0,16.86,9.79,0.0
20230924:0410,0.0,0.0,0.0,16.85,9.45,0.0
20230924:0510,0.0,0.0,0.0,16.86,9.31,0.0
20230924:0610,0.0,0.0,0.0,16.81,9.66,0.0
20230924:0710,89.26,71.71,9.67,16.93,9.86,0.0
20230924:0810,147.54,105.34,18.72,17.03,10.14,0.0
20230924:0910,152.76,108.47,26.85,17.04,10.28,0.0
20230924:1010,425.92,268.08,33.46,17.05,10.76,0.0
20230924:1110,188.68,129.79,37.81,17.01,10.76,0.0
20230924:1210,120.5,89.0,39.25,17.02,10.83,0.0
20230924:1310,1373.36,849.1,37.5,17.38,11.24,0.0
20230924:1410,392.22,248.92,32.9,17.57,11.38,0.0
20230924:1510,240.9,160.7,26.11,17.62,11.24,0.0
20230924:1610,141.04,101.64,17.86,17.57,11.38,0.0
20230924:1710,15.46,20.4,8.75,17.47,11.79,0.0
20230924:1810,0.0,0.0,0.0,17.24,12.07,0.0
20230924:1910,0.0,0.0,0.0,17.2,12.0,0.0
20230924:2010,0.0,0.0,0.0,17.14,10.9,0.0
20230924:2110,0.0,0.0,0.0,17.06,8.69,0.0
20230924:2210,0.0,0.0,0.0,16.91,7.31,0.0
20230924:2310,0.0,0.0,0.0,16.59,6.41,0.0
20230925:0010,0.0,0.0,0.0,16.39,6.21,0.0
20230925:0110,0.0,0.0,0.0,16.36,6.48,0.0
20230925:0210,0.0,0.0,0.0,16.21,6.28,0.0
20230925:0310,0.0,0.0,0.0,15.98,6.28,0.0
20230925:0410,0.0,0.0,0.0,15.77,6.07,0.0
20230925:0510,0.0,0.0,0.0,15.64,5.79,0.0
20230925:0610,0.0,0.0,0.0,15.66,5.45,0.0
20230925:0710,188.38,140.63,9.42,15.75,5.45,0.0
20230925:0810,554.46,349.17,18.45,16.13,5.66,0.0
20230925:0910,995.54,617.28,26.56,16.44,6.34,0.0
20230925:1010,1028.52,642.51,33.13,16.79,5.79,0.0
20230925:1110,1163.32,733.86,37.45,17.05,5.93,0.0
20230925:1210,1293.6,824.85,38.86,17.21,5.93,0.0
20230925:1310,1385.78,893.85,37.1,17.3,5.45,0.0
20230925:1410,1016.96,638.12,32.5,17.15,5.31,0.0
20230925:1510,835.88,520.78,25.73,16.99,5.24,0.0
20230925:1610,386.34,249.01,17.49,16.67,5.17,0.0
20230925:1710,110.12,88.18,8.39,16.35,4.69,0.0
20230925:1810,0.0,0.0,0.0,16.08,4.34,0.0
20230925:1910,0.0,0.0,0.0,15.87,4.28,0.0
20230925:2010,0.0,0.0,0.0,15.78,4.41,0.0
20230925:2110,0.0,0.0,0.0,15.69,4.41,0.0
20230925:2210,0.0,0.0,0.0,15.61,4.83,0.0
20230925:2310,0.0,0.0,0.0,15.6,5.38,0.0
20230926:0010,0.0,0.0,0.0,15.62,5.03,0.0
20230926:0110,0.0,0.0,0.0,15.91,4.83,0.0
20230926:0210,0.0,0.0,0.0,16.05,4.9,0.0
20230926:0310,0.0,0.0,0.0,16.12,5.72,0.0
20230926:0410,0.0,0.0,0.0,15.97,6.07,0.0
20230926:0510,0.0,0.0,0.0,15.79,6.14,0.0
20230926:0610,0.0,0.0,0.0,15.91,6.34,0.0
20230926:0710,161.14,121.74,9.17,16.08,6.76,0.0
20230926:0810,334.54,215.94,18.19,16.34,7.52,0.0
20230926:0910,259.02,171.11,26.27,16.6,7.79,0.0
20230926:1010,623.88,385.57,32.8,16.83,8.0,0.0
20230926:1110,768.82,474.89,37.08,17.06,7.59,0.0
20230926:1210,1411.24,898.66,38.47,17.16,7.03,0.0
20230926:1310,1393.72,886.56,36.7,17.31,6.97,0.0
20230926:1410,1003.66,625.42,32.11,17.25,6.34,0.0
20230926:1510,865.62,538.01,25.35,17.15,5.93,0.0
20230926:1610,528.16,336.78,17.12,17.02,5.17,0.0
20230926:1710,33.16,33.38,8.03,16.72,4.83,0.0
20230926:1810,0.0,0.0,0.0,16.32,3.52,0.0
20230926:1910,0.0,0.0,0.0,15.8,3.31,0.0
20230926:2010,0.0,0.0,0.0,15.66,3.03,0.0
20230926:2110,0.0,0.0,0.0,15.44,3.17,0.0
20230926:2210,0.0,0.0,0.0,15.21,2.9,0.0
20230926:2310,0.0,0.0,0.0,15.16,2.9,0.0
20230927:0010,0.0,0.0,0.0,15.58,3.24,0.0
20230927:0110,0.0,0.0,0.0,15.75,4.21,0.0
20230927:0210,0.0,0.0,0.0,15.67,4.9,0.0
20230927:0310,0.0,0.0,0.0,15.91,5.72,0.0
20230927:0410,0.0,0.0,0.0,16.13,6.97,0.0
20230927:0510,0.0,0.0,0.0,16.37,7.45,0.0
20230927:0610,0.0,0.0,0.0,16.58,7.45,0.0
20230927:0710,83.54,68.3,8.92,16.68,7.86,0.0
20230927:0810,298.48,194.58,17.92,16.69,9.03,0.0
20230927:0910,78.48,63.04,25.97,16.73,9.66,0.0
20230927:1010,134.36,97.35,32.47,16.89,10.48,0.0
20230927:1110,149.66,106.62,36.72,17.09,10.62,0.0
20230927:1210,75.46,61.19,38.08,17.09,12.07,0.0
20230927:1310,148.02,105.69,36.3,17.46,12.83,0.0
20230927:1410,205.62,139.99,31.72,17.61,12.9,0.0
20230927:1510,586.24,359.65,24.97,17.57,14.41,0.0
20230927:1610,541.16,339.85,16.75,17.31,12.9,0.0
20230927:1710,75.3,64.07,7.67,16.87,12.83,0.0
20230927:1810,0.0,0.0,0.0,16.68,12.76,0.0
20230927:1910,0.0,0.0,0.0,16.58,12.34,0.0
20230927:2010,0.0,0.0,0.0,16.5,11.66,0.0
20230927:2110,0.0,0.0,0.0,16.31,11.03,0.0
20230927:2210,0.0,0.0,0.0,16.12,10.28,0.0
20230927:2310,0.0,0.0,0.0,15.86,9.31,0.0
20230928:0010,0.0,0.0,0.0,15.81,8.34,0.0
20230928:0110,0.0,0.0,0.0,15.66,7.59,0.0
20230928:0210,0.0,0.0,0.0,15.49,7.24,0.0
20230928:0310,0.0,0.0,0.0,15.42,7.45,0.0
20230928:0410,0.0,0.0,0.0,15.2,6.76,0.0
20230928:0510,0.0,0.0,0.0,15.03,6.34,0.0
20230928:0610,0.0,0.0,0.0,15.01,6.28,0.0
20230928:0710,90.5,72.81,8.67,14.99,6.21,0.0
20230928:0810,122.74,89.9,17.65,15.19,6.28,0.0
20230928:0910,141.14,101.05,25.67,15.53,7.1,0.0
20230928:1010,95.08,73.24,32.14,15.86,6.41,0.0
20230928:1110,75.78,61.19,36.35,15.95,7.72,0.0
20230928:1210,164.22,114.96,37.68,15.99,8.14,0.0
20230928:1310,413.02,261.11,35.91,16.13,7.59,0.0
20230928:1410,162.2,114.03,31.32,16.44,7.38,0.0
20230928:1510,152.86,108.47,24.59,16.4,6.9,0.0
20230928:1610,38.64,37.08,16.39,16.29,6.21,0.0
20230928:1710,2.1,8.34,7.31,16.23,5.79,0.0
20230928:1810,0.0,0.0,0.0,16.39,6.97,0.0
20230928:1910,0.0,0.0,0.0,16.79,7.93,0.0
20230928:2010,0.0,0.0,0.0,17.01,7.1,0.0
20230928:2110,0.0,0.0,0.0,17.17,7.17,0.0
20230928:2210,0.0,0.0,0.0,16.9,5.31,0.0
20230928:2310,0.0,0.0,0.0,16.82,5.45,0.0
20230929:0010,0.0,0.0,0.0,16.54,8.14,0.0
20230929:0110,0.0,0.0,0.0,16.22,8.0,0.0
20230929:0210,0.0,0.0,0.0,15.57,8.0,0.0
20230929:0310,0.0,0.0,0.0,15.03,8.07,0.0
20230929:0410,0.0,0.0,0.0,14.59,7.86,0.0
20230929:0510,0.0,0.0,0.0,14.37,7.45,0.0
20230929:0610,0.0,0.0,0.0,14.18,6.83,0.0
20230929:0710,178.76,134.05,8.41,14.18,6.07,0.0
20230929:0810,528.82,331.19,17.38,14.63,5.72,0.0
20230929:0910,988.54,609.6,25.38,15.27,6.21,0.0
20230929:1010,701.02,432.71,31.81,15.87,6.0,0.0
20230929:1110,922.68,573.14,35.99,16.32,5.86,0.0
20230929:1210,1259.36,798.5,37.29,16.71,5.93,0.0
20230929:1310,1253.82,795.89,35.51,16.84,5.72,0.0
20230929:1410,677.82,420.72,30.93,16.88,5.86,0.0
20230929:1510,670.54,415.96,24.21,16.84,5.93,0.0
20230929:1610,297.84,195.96,16.02,16.68,5.52,0.0
20230929:1710,89.28,75.54,6.95,16.32,5.1,0.0
20230929:1810,0.0,0.0,0.0,15.8,4.41,0.0
20230929:1910,0.0,0.0,0.0,15.19,3.93,0.0
20230929:2010,0.0,0.0,0.0,15.16,2.83,0.0
20230929:2110,0.0,0.0,0.0,14.78,2.34,0.0
20230929:2210,0.0,0.0,0.0,14.33,1.24,0.0
20230929:2310,0.0,0.0,0.0,14.28,1.72,0.0
20230930:0010,0.0,0.0,0.0,14.14,2.34,0.0
20230930:0110,0.0,0.0,0.0,14.17,2.76,0.0
20230930:0210,0.0,0.0,0.0,14.51,2.9,0.0
20230930:0310,0.0,0.0,0.0,14.5,2.9,0.0
20230930:0410,0.0,0.0,0.0,14.63,3.31,0.0
20230930:0510,0.0,0.0,0.0,14.66,4.21,0.0
20230930:0610,0.0,0.0,0.0,14.5,4.83,0.0
20230930:0710,86.34,70.31,8.16,14.61,5.93,0.0
20230930:0810,284.1,185.33,17.11,15.08,6.9,0.0
20230930:0910,401.78,252.63,25.08,15.43,7.79,0.0
20230930:1010,554.06,342.02,31.48,15.75,8.14,0.0
20230930:1110,445.32,279.38,35.62,15.97,8.14,0.0
20230930:1210,428.14,269.87,36.9,16.13,7.86,0.0
20230930:1310,267.34,176.1,35.11,16.31,7.66,0.0
20230930:1410,97.82,75.1,30.54,16.57,7.66,0.0
20230930:1510,117.38,87.15,23.83,16.79,7.86,0.0
20230930:1610,91.68,71.39,15.66,16.9,7.86,0.0
20230930:1710,35.5,35.81,6.59,16.92,8.14,0.0
20230930:1810,0.0,0.0,0.0,16.92,7.93,0.0
20230930:1910,0.0,0.0,0.0,16.99,7.72,0.0
20230930:2010,0.0,0.0,0.0,16.97,7.38,0.0
20230930:2110,0.0,0.0,0.0,16.98,7.1,0.0
20230930:2210,0.0,0.0,0.0,16.93,7.03,0.0
20230930:2310,0.0,0.0,0.0,16.89,7.17,0.0
20231001:0010,0.0,0.0,0.0,16.83,7.24,0.0
20231001:0110,0.0,0.0,0.0,16.83,6.9,0.0
20231001:0210,0.0,0.0,0.0,16.8,6.62,0.0
20231001:0310,0.0,0.0,0.0,16.81,6.55,0.0
20231001:0410,0.0,0.0,0.0,16.79,6.48,0.0
20231001:0510,0.0,0.0,0.0,16.76,6.14,0.0
20231001:0610,0.0,0.0,0.0,16.72,5.59,0.0
20231001:0710,1.3,7.42,7.91,16.76,5.1,0.0
20231001:0810,134.24,97.57,16.83,16.72,4.83,0.0
20231001:0910,75.32,61.19,24.78,16.74,4.62,0.0
20231001:1010,178.5,124.23,31.14,16.76,4.9,0.0
20231001:1110,143.08,102.91,35.25,16.74,4.97,0.0
20231001:1210,345.54,223.37,36.51,16.8,5.1,0.0
20231001:1310,203.34,139.07,34.71,16.82,5.17,0.0
20231001:1410,187.76,129.79,30.15,16.89,5.17,0.0
20231001:1510,203.68,139.17,23.45,16.91,4.97,0.0
20231001:1610,255.5,171.03,15.29,16.76,4.76,0.0
20231001:1710,66.92,60.09,6.24,16.46,4.41,0.0
20231001:1810,0.0,0.0,0.0,16.37,4.07,0.0
20231001:1910,0.0,0.0,0.0,16.31,3.52,0.0
20231001:2010,0.0,0.0,0.0,16.21,3.31,0.0
20231001:2110,0.0,0.0,0.0,16.22,3.24,0.0
20231001:2210,0.0,0.0,0.0,16.06,2.97,0.0
20231001:2310,0.0,0.0,0.0,16.03,2.83,0.0
20231002:0010,0.0,0.0,0.0,16.0,2.69,0.0
20231002:0110,0.0,0.0,0.0,16.03,2.48,0.0
20231002:0210,0.0,0.0,0.0,15.99,2.55,0.0
20231002:0310,0.0,0.0,0.0,15.88,1.72,0.0
20231002:0410,0.0,0.0,0.0,15.8,0.97,0.0
20231002:0510,0.0,0.0,0.0,15.74,0.97,0.0
20231002:0610,0.0,0.0,0.0,15.82,1.66,0.0
20231002:0710,86.22,71.23,7.65,15.78,2.28,0.0
20231002:0810,81.4,64.9,16.56,15.92,2.76,0.0
20231002:0910,90.24,70.46,24.48,16.11,3.17,0.0
20231002:1010,163.1,114.96,30.81,16.24,3.31,0.0
20231002:1110,167.6,117.74,34.89,16.52,3.72,0.0
20231002:1210,179.94,125.16,36.12,16.53,3.72,0.0
20231002:1310,204.64,139.99,34.32,16.57,3.66,0.0
20231002:1410,136.82,99.2,29.76,16.6,3.66,0.0
20231002:1510,73.94,60.26,23.08,16.55,4.76,0.0
20231002:1610,49.6,44.5,14.93,16.5,4.55,0.0
20231002:1710,15.54,20.4,5.89,16.42,4.76,0.0
20231002:1810,0.0,0.0,0.0,16.05,6.28,0.0
20231002:1910,0.0,0.0,0.0,15.99,7.24,0.0
20231002:2010,0.0,0.0,0.0,15.87,6.83,0.0
20231002:2110,0.0,0.0,0.0,15.46,6.76,0.0
20231002:2210,0.0,0.0,0.0,14.6,6.76,0.0
20231002:2310,0.0,0.0,0.0,14.28,5.93,0.0
20231003:0010,0.0,0.0,0.0,14.03,6.07,0.0
20231003:0110,0.0,0.0,0.0,13.86,6.14,0.0
20231003:0210,0.0,0.0,0.0,13.82,6.48,0.0
20231003:0310,0.0,0.0,0.0,13.78,6.76,0.0
20231003:0410,0.0,0.0,0.0,13.52,7.31,0.0
20231003:0510,0.0,0.0,0.0,13.47,7.1,0.0
20231003:0610,0.0,0.0,0.0,13.55,6.83,0.0
20231003:0710,129.38,100.4,7.39,13.59,7.66,0.0
20231003:0810,581.32,359.85,16.29,13.96,8.07,0.0
20231003:0910,945.68,573.55,24.18,14.6,8.69,0.0
20231003:1010,1106.92,676.47,30.48,15.16,8.62,0.0
20231003:1110,1222.1,750.51,34.52,15.51,9.31,0.0
20231003:1210,1189.06,732.28,35.74,15.75,8.83,0.0
20231003:1310,565.94,349.42,33.92,16.12,8.97,0.0
20231003:1410,612.72,376.66,29.37,16.35,8.9,0.0
20231003:1510,810.12,494.82,22.7,16.28,9.03,0.0
20231003:1610,493.48,313.07,14.57,16.12,8.62,0.0
20231003:1710,73.5,66.64,5.53,15.64,7.93,0.0
20231003:1810,0.0,0.0,0.0,15.08,7.38,0.0
20231003:1910,0.0,0.0,0.0,14.82,6.97,0.0
20231003:2010,0.0,0.0,0.0,14.66,6.21,0.0
20231003:2110,0.0,0.0,0.0,14.45,6.21,0.0
20231003:2210,0.0,0.0,0.0,14.23,6.21,0.0
20231003:2310,0.0,0.0,0.0,14.16,6.14,0.0
20231004:0010,0.0,0.0,0.0,13.97,5.72,0.0
20231004:0110,0.0,0.0,0.0,13.89,5.93,0.0
20231004:0210,0.0,0.0,0.0,13.97,6.0,0.0
20231004:0310,0.0,0.0,0.0,14.17,6.07,0.0
20231004:0410,0.0,0.0,0.0,14.18,6.0,0.0
20231004:0510,0.0,0.0,0.0,14.18,6.07,0.0
20231004:0610,0.0,0.0,0.0,14.22,6.21,0.0
20231004:0710,67.06,57.61,7.14,14.23,6.0,0.0
20231004:0810,250.86,165.56,16.01,14.4,5.93,0.0
20231004:0910,321.38,205.86,23.87,14.75,6.62,0.0
20231004:1010,906.06,558.01,30.14,15.18,5.86,0.0
20231004:1110,999.12,616.49,34.15,15.48,6.62,0.0
20231004:1210,1002.98,618.5,35.35,15.74,7.1,0.0
20231004:1310,1108.68,685.0,33.53,15.81,7.45,0.0
20231004:1410,651.42,400.02,28.98,15.86,7.59,0.0
20231004:1510,396.5,250.04,22.33,15.7,7.24,0.0
20231004:1610,92.5,71.56,14.21,15.57,7.1,0.0
20231004:1710,9.94,15.76,5.18,15.35,6.48,0.0
20231004:1810,0.0,0.0,0.0,15.09,5.79,0.0
20231004:1910,0.0,0.0,0.0,14.88,5.66,0.0
20231004:2010,0.0,0.0,0.0,14.67,5.45,0.0
20231004:2110,0.0,0.0,0.0,14.43,5.17,0.0
20231004:2210,0.0,0.0,0.0,14.5,5.03,0.0
20231004:2310,0.0,0.0,0.0,14.53,5.17,0.0
20231005:0010,0.0,0.0,0.0,14.36,5.52,0.0
20231005:0110,0.0,0.0,0.0,14.44,5.24,0.0
20231005:0210,0.0,0.0,0.0,14.56,4.48,0.0
20231005:0310,0.0,0.0,0.0,14.62,4.76,0.0
20231005:0410,0.0,0.0,0.0,14.65,5.31,0.0
20231005:0510,0.0,0.0,0.0,14.7,5.52,0.0
20231005:0610,0.0,0.0,0.0,14.77,5.52,0.0
20231005:0710,31.18,32.07,6.88,14.73,5.66,0.0
20231005:0810,93.98,72.31,15.74,14.95,5.79,0.0
20231005:0910,416.58,261.77,23.57,15.23,5.93,0.0
20231005:1010,669.26,411.46,29.81,15.46,6.41,0.0
20231005:1110,643.28,396.35,33.79,15.69,6.9,0.0
20231005:1210,935.56,575.83,34.96,15.79,7.03,0.0
20231005:1310,1047.94,646.89,33.13,15.94,7.17,0.0
20231005:1410,728.14,447.82,28.6,16.12,6.69,0.0
20231005:1510,560.3,347.73,21.96,16.11,6.07,0.0
20231005:1610,335.5,218.78,13.85,15.95,5.86,0.0
20231005:1710,33.92,36.09,4.83,15.81,5.86,0.0
20231005:1810,0.0,0.0,0.0,15.6,5.66,0.0
20231005:1910,0.0,0.0,0.0,15.49,5.45,0.0
20231005:2010,0.0,0.0,0.0,15.46,5.45,0.0
20231005:2110,0.0,0.0,0.0,15.39,5.59,0.0
20231005:2210,0.0,0.0,0.0,15.27,5.17,0.0
20231005:2310,0.0,0.0,0.0,15.25,5.31,0.0
20231006:0010,0.0,0.0,0.0,15.21,5.38,0.0
20231006:0110,0.0,0.0,0.0,15.11,5.24,0.0
20231006:0210,0.0,0.0,0.0,15.06,5.45,0.0
20231006:0310,0.0,0.0,0.0,15.05,5.38,0.0
20231006:0410,0.0,0.0,0.0,15.01,5.24,0.0
20231006:0510,0.0,0.0,0.0,14.96,4.48,0.0
20231006:0610,0.0,0.0,0.0,15.13,5.1,0.0
20231006:0710,59.12,52.55,6.62,15.06,5.38,0.0
20231006:0810,177.04,122.67,15.46,15.54,5.72,0.0
20231006:0910,588.24,363.82,23.27,15.99,6.14,0.0
20231006:1010,1142.56,717.86,29.47,16.6,5.52,0.0
20231006:1110,492.54,309.53,33.42,16.67,5.59,0.0
20231006:1210,593.14,370.04,34.57,16.87,5.72,0.0
20231006:1310,908.9,567.06,32.74,17.13,5.45,0.0
20231006:1410,812.26,506.18,28.21,17.09,4.9,0.0
20231006:1510,875.98,548.1,21.59,17.02,4.76,0.0
20231006:1610,469.88,303.54,13.49,16.88,4.83,0.0
20231006:1710,43.44,44.8,4.49,16.54,4.62,0.0
20231006:1810,0.0,0.0,0.0,16.07,4.55,0.0
20231006:1910,0.0,0.0,0.0,15.89,4.28,0.0
20231006:2010,0.0,0.0,0.0,15.74,4.21,0.0
20231006:2110,0.0,0.0,0.0,15.7,4.28,0.0
20231006:2210,0.0,0.0,0.0,15.58,4.62,0.0
20231006:2310,0.0,0.0,0.0,15.55,4.41,0.0
20231007:0010,0.0,0.0,0.0,15.61,5.17,0.0
20231007:0110,0.0,0.0,0.0,15.64,5.93,0.0
20231007:0210,0.0,0.0,0.0,15.57,6.21,0.0
20231007:0310,0.0,0.0,0.0,15.59,5.86,0.0
20231007:0410,0.0,0.0,0.0,15.59,5.45,0.0
20231007:0510,0.0,0.0,0.0,15.62,4.97,0.0
20231007:0610,0.0,0.0,0.0,15.59,4.83,0.0
20231007:0710,102.4,84.01,6.36,15.66,4.55,0.0
20231007:0810,315.34,205.62,15.18,16.01,4.48,0.0
20231007:0910,649.94,405.34,22.96,16.4,4.0,0.0
20231007:1010,847.34,530.84,29.13,16.88,4.07,0.0
20231007:1110,879.34,553.14,33.06,17.43,4.28,0.0
20231007:1210,1365.58,894.07,34.19,17.79,4.21,0.0
20231007:1310,1236.1,798.68,32.35,18.01,4.28,0.0
20231007:1410,1049.64,668.73,27.83,18.11,4.07,0.0
20231007:1510,800.22,505.41,21.22,18.14,3.79,0.0
20231007:1610,421.88,276.51,13.14,17.94,3.38,0.0
20231007:1710,33.94,37.46,4.14,17.47,3.03,0.0
20231007:1810,0.0,0.0,0.0,16.57,2.55,0.0
20231007:1910,0.0,0.0,0.0,16.21,1.86,0.0
20231007:2010,0.0,0.0,0.0,16.03,1.45,0.0
20231007:2110,0.0,0.0,0.0,15.85,1.59,0.0
20231007:2210,0.0,0.0,0.0,15.58,1.72,0.0
20231007:2310,0.0,0.0,0.0,15.39,2.14,0.0
20231008:0010,0.0,0.0,0.0,15.27,2.07,0.0
20231008:0110,0.0,0.0,0.0,15.36,1.79,0.0
20231008:0210,0.0,0.0,0.0,15.36,2.07,0.0
20231008:0310,0.0,0.0,0.0,15.45,2.69,0.0
20231008:0410,0.0,0.0,0.0,15.5,3.1,0.0
20231008:0510,0.0,0.0,0.0,15.51,2.97,0.0
20231008:0610,0.0,0.0,0.0,15.29,2.9,0.0
20231008:0710,107.74,87.94,6.1,15.29,3.03,0.0
20231008:0810,537.8,343.03,14.9,16.08,3.1,0.0
20231008:0910,762.88,481.58,22.66,16.68,2.55,0.0
20231008:1010,966.88,626.72,28.8,17.23,1.59,0.0
20231008:1110,1284.76,863.78,32.69,17.55,1.86,0.0
20231008:1210,1330.88,900.28,33.8,17.82,2.0,0.0
20231008:1310,1191.14,793.83,31.96,18.02,1.79,0.0
20231008:1410,1050.06,690.51,27.45,18.15,1.52,0.0
20231008:1510,842.28,544.58,20.85,18.19,1.52,0.0
20231008:1610,477.36,315.1,12.78,17.9,1.45,0.0
20231008:1710,52.6,54.96,3.8,17.17,1.45,0.0
20231008:1810,0.0,0.0,0.0,16.07,1.72,0.0
20231008:1910,0.0,0.0,0.0,15.91,1.52,0.0
20231008:2010,0.0,0.0,0.0,16.0,1.38,0.0
20231008:2110,0.0,0.0,0.0,16.05,1.24,0.0
20231008:2210,0.0,0.0,0.0,15.98,1.86,0.0
20231008:2310,0.0,0.0,0.0,15.95,1.79,0.0
20231009:0010,0.0,0.0,0.0,15.75,1.86,0.0
20231009:0110,0.0,0.0,0.0,15.77,1.93,0.0
20231009:0210,0.0,0.0,0.0,15.62,2.07,0.0
20231009:0310,0.0,0.0,0.0,15.61,1.93,0.0
20231009:0410,0.0,0.0,0.0,15.7,1.86,0.0
20231009:0510,0.0,0.0,0.0,15.65,1.86,0.0
20231009:0610,0.0,0.0,0.0,15.69,1.79,0.0
20231009:0710,27.56,29.72,5.84,15.59,1.72,0.0
20231009:0810,197.14,135.73,14.63,15.85,1.66,0.0
20231009:0910,450.7,287.43,22.35,16.31,1.59,0.0
20231009:1010,347.58,226.65,28.46,17.04,1.45,0.0
20231009:1110,446.64,287.83,32.33,17.68,1.59,0.0
20231009:1210,656.32,420.37,33.42,18.23,1.66,0.0
20231009:1310,1189.68,793.37,31.58,18.66,1.93,0.0
20231009:1410,1084.16,710.91,27.07,18.75,2.14,0.0
20231009:1510,815.56,521.6,20.49,18.5,2.55,0.0
20231009:1610,371.5,245.8,12.43,18.07,3.03,0.0
20231009:1710,29.44,34.99,3.46,17.28,2.97,0.0
20231009:1810,0.0,0.0,0.0,16.56,3.03,0.0
20231009:1910,0.0,0.0,0.0,16.49,2.48,0.0
20231009:2010,0.0,0.0,0.0,16.44,2.41,0.0
20231009:2110,0.0,0.0,0.0,16.33,2.69,0.0
20231009:2210,0.0,0.0,0.0,15.95,2.48,0.0
20231009:2310,0.0,0.0,0.0,15.7,2.62,0.0
20231010:0010,0.0,0.0,0.0,15.38,2.9,0.0
20231010:0110,0.0,0.0,0.0,15.17,3.45,0.0
20231010:0210,0.0,0.0,0.0,14.85,3.66,0.0
20231010:0310,0.0,0.0,0.0,14.66,4.07,0.0
20231010:0410,0.0,0.0,0.0,14.24,4.34,0.0
20231010:0510,0.0,0.0,0.0,14.09,4.41,0.0
20231010:0610,0.0,0.0,0.0,13.97,4.83,0.0
20231010:0710,21.32,25.01,5.58,13.96,5.24,0.0
20231010:0810,73.44,59.33,14.35,14.04,5.17,0.0
20231010:0910,48.8,43.57,22.05,14.17,4.9,0.0
20231010:1010,113.72,84.37,28.13,14.71,4.69,0.0
20231010:1110,59.92,50.99,31.96,15.12,4.62,0.0
20231010:1210,131.54,95.49,33.04,15.63,4.9,0.0
20231010:1310,193.34,132.58,31.19,16.1,5.86,0.0
20231010:1410,296.26,193.16,26.7,16.6,6.21,0.0
20231010:1510,118.72,88.08,20.12,16.81,6.0,0.0
20231010:1610,176.56,123.81,12.09,16.58,5.72,0.0
20231010:1710,5.74,12.05,3.12,16.24,5.59,0.0
20231010:1810,0.0,0.0,0.0,16.0,6.0,0.0
20231010:1910,0.0,0.0,0.0,15.88,6.41,0.0
20231010:2010,0.0,0.0,0.0,15.89,6.41,0.0
20231010:2110,0.0,0.0,0.0,15.94,6.21,0.0
20231010:2210,0.0,0.0,0.0,15.96,6.48,0.0
20231010:2310,0.0,0.0,0.0,16.11,6.14,0.0
20231011:0010,0.0,0.0,0.0,16.22,6.48,0.0
20231011:0110,0.0,0.0,0.0,16.21,6.41,0.0
20231011:0210,0.0,0.0,0.0,16.16,5.59,0.0
20231011:0310,0.0,0.0,0.0,16.03,5.24,0.0
20231011:0410,0.0,0.0,0.0,15.9,5.03,0.0
20231011:0510,0.0,0.0,0.0,15.85,4.83,0.0
20231011:0610,0.0,0.0,0.0,15.81,4.55,0.0
20231011:0710,13.26,18.54,5.32,15.83,4.55,0.0
20231011:0810,68.3,56.55,14.07,16.06,4.9,0.0
20231011:0910,126.58,92.71,21.74,16.32,5.45,0.0
20231011:1010,123.4,90.86,27.79,16.55,5.52,0.0
20231011:1110,146.3,104.76,31.6,16.79,6.21,0.0
20231011:1210,82.7,65.82,32.66,16.99,7.03,0.0
20231011:1310,79.68,63.97,30.81,17.14,6.69,0.0
20231011:1410,89.92,70.46,26.32,17.41,7.1,0.0
20231011:1510,55.04,48.21,19.76,17.34,6.28,0.0
20231011:1610,21.52,25.03,11.74,17.22,5.45,0.0
20231011:1710,0.0,5.56,2.79,17.01,5.93,0.0
20231011:1810,0.0,0.0,0.0,16.82,5.31,0.0
20231011:1910,0.0,0.0,0.0,16.73,4.48,0.0
20231011:2010,0.0,0.0,0.0,16.68,3.31,0.0
20231011:2110,0.0,0.0,0.0,16.7,4.48,0.0
20231011:2210,0.0,0.0,0.0,16.5,5.45,0.0
20231011:2310,0.0,0.0,0.0,16.53,6.83,0.0
20231012:0010,0.0,0.0,0.0,16.58,7.38,0.0
20231012:0110,0.0,0.0,0.0,16.56,7.38,0.0
20231012:0210,0.0,0.0,0.0,16.55,7.1,0.0
20231012:0310,0.0,0.0,0.0,16.47,6.62,0.0
20231012:0410,0.0,0.0,0.0,16.38,6.55,0.0
20231012:0510,0.0,0.0,0.0,16.34,6.69,0.0
20231012:0610,0.0,0.0,0.0,16.3,6.69,0.0
20231012:0710,28.76,31.14,5.06,16.25,6.62,0.0
20231012:0810,96.28,74.12,13.79,16.29,6.48,0.0
20231012:0910,233.5,155.94,21.44,16.4,6.48,0.0
20231012:1010,318.56,206.2,27.46,16.42,5.66,0.0
20231012:1110,332.94,215.22,31.24,16.58,5.31,0.0
20231012:1210,217.68,147.41,32.28,16.74,5.93,0.0
20231012:1310,138.74,100.13,30.43,16.76,7.03,0.0
20231012:1410,112.88,84.37,25.95,16.56,6.83,0.0
20231012:1510,63.88,53.77,19.41,16.39,5.59,0.0
20231012:1610,61.76,52.44,11.4,16.21,5.17,0.0
20231012:1710,0.0,3.71,2.45,16.02,4.97,0.0
20231012:1810,0.0,0.0,0.0,15.96,5.38,0.0
20231012:1910,0.0,0.0,0.0,16.05,4.76,0.0
20231012:2010,0.0,0.0,0.0,16.23,6.62,0.0
20231012:2110,0.0,0.0,0.0,16.56,8.48,0.0
20231012:2210,0.0,0.0,0.0,17.32,10.14,0.0
20231012:2310,0.0,0.0,0.0,17.45,9.72,0.0
20231013:0010,0.0,0.0,0.0,17.52,10.41,0.0
20231013:0110,0.0,0.0,0.0,17.74,12.21,0.0
20231013:0210,0.0,0.0,0.0,18.2,12.69,0.0
20231013:0310,0.0,0.0,0.0,18.33,12.55,0.0
20231013:0410,0.0,0.0,0.0,18.23,12.0,0.0
20231013:0510,0.0,0.0,0.0,18.03,11.1,0.0
20231013:0610,0.0,0.0,0.0,17.77,10.0,0.0
20231013:0710,20.14,24.5,4.8,17.42,9.52,0.0
20231013:0810,112.9,84.56,13.51,17.25,9.45,0.0
20231013:0910,37.16,36.16,21.13,17.11,8.97,0.0
20231013:1010,409.06,258.11,27.12,17.09,9.03,0.0
20231013:1110,407.16,257.39,30.88,16.96,8.97,0.0
20231013:1210,371.3,236.68,31.9,17.04,9.24,0.0
20231013:1310,52.44,46.36,30.05,16.72,9.24,0.0
20231013:1410,94.9,73.24,25.58,16.44,7.86,0.0
20231013:1510,197.1,134.53,19.05,16.18,5.72,0.0
20231013:1610,155.36,109.8,11.06,14.47,10.76,0.0
20231013:1710,0.6,6.49,2.12,13.69,10.97,0.0
20231013:1810,0.0,0.0,0.0,13.26,10.69,0.0
20231013:1910,0.0,0.0,0.0,12.95,10.07,0.0
20231013:2010,0.0,0.0,0.0,12.88,9.1,0.0
20231013:2110,0.0,0.0,0.0,13.03,8.55,0.0
20231013:2210,0.0,0.0,0.0,13.22,8.21,0.0
20231013:2310,0.0,0.0,0.0,13.22,8.55,0.0
20231014:0010,0.0,0.0,0.0,13.03,8.0,0.0
20231014:0110,0.0,0.0,0.0,12.9,7.38,0.0
20231014:0210,0.0,0.0,0.0,12.73,7.17,0.0
20231014:0310,0.0,0.0,0.0,12.65,7.24,0.0
20231014:0410,0.0,0.0,0.0,12.45,7.24,0.0
20231014:0510,0.0,0.0,0.0,12.39,7.24,0.0
20231014:0610,0.0,0.0,0.0,12.24,7.24,0.0
20231014:0710,53.3,49.76,4.54,11.86,7.1,0.0
20231014:0810,581.0,358.72,13.23,12.0,6.69,0.0
20231014:0910,900.78,543.9,20.83,12.36,6.97,0.0
20231014:1010,310.46,197.65,26.79,12.53,7.24,0.0
20231014:1110,1032.94,625.89,30.52,12.91,7.66,0.0
20231014:1210,1163.64,710.27,31.53,12.94,7.45,0.0
20231014:1310,1223.82,748.02,29.67,12.84,7.52,0.0
20231014:1410,1133.06,688.33,25.22,12.73,7.45,0.0
20231014:1510,797.64,481.74,18.7,12.58,7.45,0.0
20231014:1610,324.6,210.1,10.72,12.35,7.52,0.0
20231014:1710,2.2,8.34,1.8,11.93,7.24,0.0
20231014:1810,0.0,0.0,0.0,11.58,6.62,0.0
20231014:1910,0.0,0.0,0.0,11.37,5.86,0.0
20231014:2010,0.0,0.0,0.0,11.07,5.24,0.0
20231014:2110,0.0,0.0,0.0,10.98,4.9,0.0
20231014:2210,0.0,0.0,0.0,10.96,3.93,0.0
20231014:2310,0.0,0.0,0.0,10.77,3.72,0.0
20231015:0010,0.0,0.0,0.0,10.46,3.86,0.0
20231015:0110,0.0,0.0,0.0,10.36,3.86,0.0
20231015:0210,0.0,0.0,0.0,10.05,4.07,0.0
20231015:0310,0.0,0.0,0.0,9.8,4.0,0.0
20231015:0410,0.0,0.0,0.0,9.39,3.66,0.0
20231015:0510,0.0,0.0,0.0,9.53,3.52,0.0
20231015:0610,0.0,0.0,0.0,9.21,3.52,0.0
20231015:0710,43.28,42.0,4.27,9.09,3.59,0.0
20231015:0810,369.64,232.34,12.95,9.67,3.79,0.0
20231015:0910,719.1,435.63,20.52,10.28,3.86,0.0
20231015:1010,1052.38,646.27,26.46,10.96,4.07,0.0
20231015:1110,854.62,521.25,30.16,11.34,4.14,0.0
20231015:1210,982.76,604.25,31.15,11.55,4.0,0.0
20231015:1310,892.46,546.26,29.3,11.66,4.0,0.0
20231015:1410,919.68,561.96,24.85,11.74,4.28,0.0
20231015:1510,365.82,229.1,18.35,11.65,4.62,0.0
20231015:1610,163.54,113.93,10.39,11.47,4.83,0.0
20231015:1710,0.0,2.78,1.47,11.2,4.97,0.0
20231015:1810,0.0,0.0,0.0,10.77,5.52,0.0
20231015:1910,0.0,0.0,0.0,10.69,6.48,0.0
20231015:2010,0.0,0.0,0.0,10.61,6.97,0.0
20231015:2110,0.0,0.0,0.0,10.64,7.24,0.0
20231015:2210,0.0,0.0,0.0,10.77,7.1,0.0
20231015:2310,0.0,0.0,0.0,10.79,6.9,0.0
20231016:0010,0.0,0.0,0.0,10.78,6.83,0.0
20231016:0110,0.0,0.0,0.0,10.99,7.31,0.0
20231016:0210,0.0,0.0,0.0,11.16,7.86,0.0
20231016:0310,0.0,0.0,0.0,11.32,7.86,0.0
20231016:0410,0.0,0.0,0.0,11.41,7.59,0.0
20231016:0510,0.0,0.0,0.0,11.51,7.79,0.0
20231016:0610,0.0,0.0,0.0,11.59,8.0,0.0
20231016:0710,6.94,12.98,4.01,11.65,8.55,0.0
20231016:0810,230.8,151.85,12.66,11.83,9.17,0.0
20231016:0910,203.92,135.87,20.22,12.23,9.1,0.0
20231016:1010,362.88,226.68,26.12,12.5,9.31,0.0
20231016:1110,750.58,448.95,29.8,12.48,10.14,0.0
20231016:1210,267.74,172.86,30.78,12.42,10.28,0.0
20231016:1310,248.4,161.77,28.92,12.48,10.28,0.0
20231016:1410,301.46,191.73,24.49,12.61,10.14,0.0
20231016:1510,123.78,89.39,18.01,12.74,10.28,0.0
20231016:1610,107.68,80.38,10.05,12.81,10.76,0.0
20231016:1710,0.0,0.0,0.0,12.83,10.69,0.0
20231016:1810,0.0,0.0,0.0,12.91,10.9,0.0
20231016:1910,0.0,0.0,0.0,13.01,11.31,0.0
20231016:2010,0.0,0.0,0.0,13.18,11.38,0.0
20231016:2110,0.0,0.0,0.0,13.38,11.31,0.0
20231016:2210,0.0,0.0,0.0,13.55,10.69,0.0
20231016:2310,0.0,0.0,0.0,13.38,10.55,0.0
20231017:0010,0.0,0.0,0.0,13.33,10.34,0.0
20231017:0110,0.0,0.0,0.0,13.26,9.79,0.0
20231017:0210,0.0,0.0,0.0,13.22,10.28,0.0
20231017:0310,0.0,0.0,0.0,13.23,10.83,0.0
20231017:0410,0.0,0.0,0.0,13.29,11.1,0.0
20231017:0510,0.0,0.0,0.0,13.4,11.59,0.0
20231017:0610,0.0,0.0,0.0,13.47,11.66,0.0
20231017:0710,3.02,9.27,3.75,13.54,11.79,0.0
20231017:0810,59.1,50.06,12.38,13.63,12.0,0.0
20231017:0910,93.32,71.39,19.91,13.77,12.34,0.0
20231017:1010,186.06,126.33,25.79,13.76,12.28,0.0
20231017:1110,431.48,266.41,29.45,13.85,12.34,0.0
20231017:1210,180.6,123.31,30.41,13.94,12.28,0.0
20231017:1310,171.12,117.74,28.56,13.94,12.69,0.0
20231017:1410,124.0,89.93,24.13,13.96,12.97,0.0
20231017:1510,294.12,187.9,17.66,14.05,13.03,0.0
20231017:1610,23.2,25.96,9.73,14.17,13.1,0.0
20231017:1710,0.0,0.0,0.0,14.23,12.83,0.0
20231017:1810,0.0,0.0,0.0,14.44,12.69,0.0
20231017:1910,0.0,0.0,0.0,14.72,12.97,0.0
20231017:2010,0.0,0.0,0.0,14.99,12.48,0.0
20231017:2110,0.0,0.0,0.0,15.31,11.86,0.0
20231017:2210,0.0,0.0,0.0,15.48,12.55,0.0
20231017:2310,0.0,0.0,0.0,15.38,12.07,0.0
20231018:0010,0.0,0.0,0.0,15.38,11.72,0.0
20231018:0110,0.0,0.0,0.0,15.32,11.79,0.0
20231018:0210,0.0,0.0,0.0,15.32,11.93,0.0
20231018:0310,0.0,0.0,0.0,15.39,12.14,0.0
20231018:0410,0.0,0.0,0.0,15.43,12.48,0.0
20231018:0510,0.0,0.0,0.0,15.45,12.48,0.0
20231018:0610,0.0,0.0,0.0,15.44,12.34,0.0
20231018:0710,1.32,7.42,3.48,15.49,12.0,0.0
20231018:0810,6.76,12.98,12.1,15.62,11.93,0.0
20231018:0910,41.54,38.94,19.61,15.73,11.17,0.0
20231018:1010,32.04,32.45,25.46,15.91,10.21,0.0
20231018:1110,169.22,117.74,29.09,15.92,10.14,0.0
20231018:1210,47.1,42.65,30.05,15.74,10.07,0.0
20231018:1310,51.34,45.43,28.19,15.59,8.9,0.0
20231018:1410,84.8,66.75,23.78,15.57,7.31,0.0
20231018:1510,24.24,26.89,17.32,15.5,4.34,0.0
20231018:1610,7.8,13.91,9.4,15.38,1.72,0.0
20231018:1710,0.0,0.0,0.0,15.32,2.9,0.0
20231018:1810,0.0,0.0,0.0,15.22,8.07,0.0
20231018:1910,0.0,0.0,0.0,14.95,10.41,0.0
20231018:2010,0.0,0.0,0.0,14.74,9.38,0.0
20231018:2110,0.0,0.0,0.0,14.66,7.31,0.0
20231018:2210,0.0,0.0,0.0,15.01,5.52,0.0
20231018:2310,0.0,0.0,0.0,15.35,7.03,0.0
20231019:0010,0.0,0.0,0.0,15.77,8.76,0.0
20231019:0110,0.0,0.0,0.0,15.84,8.97,0.0
20231019:0210,0.0,0.0,0.0,15.69,9.03,0.0
20231019:0310,0.0,0.0,0.0,15.91,9.1,0.0
20231019:0410,0.0,0.0,0.0,16.05,8.83,0.0
20231019:0510,0.0,0.0,0.0,15.78,8.48,0.0
20231019:0610,0.0,0.0,0.0,15.51,9.03,0.0
20231019:0710,0.0,2.78,3.22,15.38,9.52,0.0
20231019:0810,152.16,107.71,11.82,15.51,9.31,0.0
20231019:0910,119.78,88.08,19.3,15.54,9.79,0.0
20231019:1010,183.98,126.38,25.13,15.61,8.48,0.0
20231019:1110,74.52,60.26,28.74,15.43,8.34,0.0
20231019:1210,145.92,103.84,29.68,15.54,8.34,0.0
20231019:1310,479.24,297.93,27.83,15.53,7.24,0.0
20231019:1410,185.74,127.7,23.42,15.73,6.07,0.0
20231019:1510,201.12,136.18,16.99,15.49,7.1,0.0
20231019:1610,36.08,35.23,9.08,15.5,6.34,0.0
20231019:1710,0.0,0.0,0.0,15.38,5.45,0.0
20231019:1810,0.0,0.0,0.0,15.25,5.24,0.0
20231019:1910,0.0,0.0,0.0,15.11,4.97,0.0
20231019:2010,0.0,0.0,0.0,14.83,4.55,0.0
20231019:2110,0.0,0.0,0.0,14.7,4.14,0.0
20231019:2210,0.0,0.0,0.0,14.64,3.45,0.0
20231019:2310,0.0,0.0,0.0,14.63,3.52,0.0
20231020:0010,0.0,0.0,0.0,14.53,3.03,0.0
20231020:0110,0.0,0.0,0.0,14.18,2.14,0.0
20231020:0210,0.0,0.0,0.0,14.03,0.76,0.0
20231020:0310,0.0,0.0,0.0,13.87,0.83,0.0
20231020:0410,0.0,0.0,0.0,13.84,1.59,0.0
20231020:0510,0.0,0.0,0.0,13.89,2.21,0.0
20231020:0610,0.0,0.0,0.0,13.69,1.93,0.0
20231020:0710,23.38,28.58,2.96,13.52,1.66,0.0
20231020:0810,467.5,298.54,11.54,13.52,1.86,0.0
20231020:0910,675.84,419.72,19.0,13.85,2.48,0.0
20231020:1010,1158.16,738.55,24.8,13.46,2.55,0.0
20231020:1110,1224.56,784.09,28.39,13.99,3.03,0.0
20231020:1210,546.08,338.63,29.32,14.67,4.62,0.0
20231020:1310,104.5,78.8,27.46,15.05,5.79,0.0
20231020:1410,107.54,80.66,23.07,15.14,6.28,0.0
20231020:1510,45.86,41.72,16.65,14.82,6.55,0.0
20231020:1610,179.96,125.98,8.76,14.53,6.48,0.0
20231020:1710,0.0,0.0,0.0,14.31,6.41,0.0
20231020:1810,0.0,0.0,0.0,14.03,6.55,0.0
20231020:1910,0.0,0.0,0.0,13.83,7.1,0.0
20231020:2010,0.0,0.0,0.0,13.67,7.17,0.0
20231020:2110,0.0,0.0,0.0,13.6,7.52,0.0
20231020:2210,0.0,0.0,0.0,13.96,6.76,0.0
20231020:2310,0.0,0.0,0.0,13.91,7.1,0.0
20231021:0010,0.0,0.0,0.0,13.79,7.17,0.0
20231021:0110,0.0,0.0,0.0,13.54,7.24,0.0
20231021:0210,0.0,0.0,0.0,13.47,7.59,0.0
20231021:0310,0.0,0.0,0.0,13.36,7.86,0.0
20231021:0410,0.0,0.0,0.0,13.38,8.48,0.0
20231021:0510,0.0,0.0,0.0,13.32,8.55,0.0
20231021:0610,0.0,0.0,0.0,13.25,8.97,0.0
20231021:0710,0.0,1.85,2.69,13.04,9.79,0.0
20231021:0810,215.46,143.74,11.26,12.94,10.07,0.0
20231021:0910,127.0,91.33,18.69,12.8,10.07,0.0
20231021:1010,245.3,159.98,24.47,12.76,9.59,0.0
20231021:1110,430.08,265.81,28.04,13.04,8.55,0.0
20231021:1210,515.7,315.68,28.96,13.35,8.07,0.0
20231021:1310,994.68,602.62,27.11,13.5,7.66,0.0
20231021:1410,792.62,477.27,22.73,13.28,8.0,0.0
20231021:1510,105.16,78.43,16.32,13.03,7.72,0.0
20231021:1610,90.2,70.0,8.45,12.79,6.9,0.0
20231021:1710,0.0,0.0,0.0,12.6,6.28,0.0
20231021:1810,0.0,0.0,0.0,12.36,5.86,0.0
20231021:1910,0.0,0.0,0.0,12.21,5.59,0.0
20231021:2010,0.0,0.0,0.0,12.14,5.17,0.0
20231021:2110,0.0,0.0,0.0,11.92,5.17,0.0
20231021:2210,0.0,0.0,0.0,11.74,5.1,0.0
20231021:2310,0.0,0.0,0.0,11.57,4.62,0.0
20231022:0010,0.0,0.0,0.0,11.49,4.0,0.0
20231022:0110,0.0,0.0,0.0,11.6,3.72,0.0
20231022:0210,0.0,0.0,0.0,11.52,3.79,0.0
20231022:0310,0.0,0.0,0.0,11.58,4.41,0.0
20231022:0410,0.0,0.0,0.0,11.44,4.83,0.0
20231022:0510,0.0,0.0,0.0,11.58,5.1,0.0
20231022:0610,0.0,0.0,0.0,11.54,5.17,0.0
20231022:0710,10.36,16.95,2.43,11.76,5.24,0.0
20231022:0810,482.62,302.22,10.98,12.11,5.1,0.0
20231022:0910,407.04,253.52,18.39,12.91,5.03,0.0
20231022:1010,730.18,447.58,24.15,13.63,4.34,0.0
20231022:1110,909.04,559.23,27.69,14.08,4.97,0.0
20231022:1210,1298.8,814.96,28.6,14.21,5.59,0.0
20231022:1310,1068.48,657.93,26.75,14.25,6.0,0.0
20231022:1410,686.16,419.06,22.39,14.4,6.0,0.0
20231022:1510,210.12,140.96,16.0,14.37,5.72,0.0
20231022:1610,264.34,177.99,8.14,14.26,5.24,0.0
20231022:1710,0.0,0.0,0.0,14.12,4.97,0.0
20231022:1810,0.0,0.0,0.0,13.8,4.97,0.0
20231022:1910,0.0,0.0,0.0,13.76,4.97,0.0
20231022:2010,0.0,0.0,0.0,13.72,5.38,0.0
20231022:2110,0.0,0.0,0.0,13.87,5.86,0.0
20231022:2210,0.0,0.0,0.0,14.05,5.93,0.0
20231022:2310,0.0,0.0,0.0,14.02,6.0,0.0
20231023:0010,0.0,0.0,0.0,13.7,6.34,0.0
20231023:0110,0.0,0.0,0.0,13.55,6.69,0.0
20231023:0210,0.0,0.0,0.0,13.47,7.24,0.0
20231023:0310,0.0,0.0,0.0,13.54,7.03,0.0
20231023:0410,0.0,0.0,0.0,13.81,6.34,0.0
20231023:0510,0.0,0.0,0.0,14.16,6.55,0.0
20231023:0610,0.0,0.0,0.0,14.49,7.52,0.0
20231023:0710,1.34,7.42,2.17,14.55,8.07,0.0
20231023:0810,327.9,211.26,10.7,14.66,8.9,0.0
20231023:0910,229.76,152.05,18.09,14.84,9.31,0.0
20231023:1010,228.88,152.38,23.82,15.21,7.79,0.0
20231023:1110,219.74,147.16,27.35,15.17,8.07,0.0
20231023:1210,235.72,156.42,28.25,15.06,8.34,0.0
20231023:1310,141.64,101.05,26.4,14.94,7.86,0.0
20231023:1410,164.68,114.47,22.05,14.51,8.0,0.0
20231023:1510,163.9,113.5,15.68,13.82,7.45,0.0
20231023:1610,15.82,20.4,7.83,13.54,5.1,0.0
20231023:1710,0.0,0.0,0.0,13.16,4.69,0.0
20231023:1810,0.0,0.0,0.0,13.18,4.97,0.0
20231023:1910,0.0,0.0,0.0,13.14,4.62,0.0
20231023:2010,0.0,0.0,0.0,13.01,4.62,0.0
20231023:2110,0.0,0.0,0.0,12.89,5.38,0.0
20231023:2210,0.0,0.0,0.0,12.78,4.62,0.0
20231023:2310,0.0,0.0,0.0,12.09,5.93,0.0
20231024:0010,0.0,0.0,0.0,11.87,5.45,0.0
20231024:0110,0.0,0.0,0.0,11.92,5.93,0.0
20231024:0210,0.0,0.0,0.0,12.16,5.86,0.0
20231024:0310,0.0,0.0,0.0,12.16,5.72,0.0
20231024:0410,0.0,0.0,0.0,12.18,5.66,0.0
20231024:0510,0.0,0.0,0.0,12.1,5.59,0.0
20231024:0610,0.0,0.0,0.0,11.93,5.72,0.0
20231024:0710,0.0,4.37,1.91,12.04,5.79,0.0
20231024:0810,82.42,64.5,10.42,12.1,5.93,0.0
20231024:0910,333.66,210.07,17.79,12.2,6.21,0.0
20231024:1010,360.4,225.44,23.5,12.15,6.62,0.0
20231024:1110,87.72,67.68,27.01,12.22,6.76,0.0
20231024:1210,72.68,58.41,27.9,12.27,6.9,0.0
20231024:1310,102.68,76.95,26.05,12.84,6.9,0.0
20231024:1410,125.72,90.86,21.71,12.94,6.41,0.0
20231024:1510,137.26,97.5,15.36,12.69,5.86,0.0
20231024:1610,41.44,38.6,7.53,12.67,5.17,0.0
20231024:1710,0.0,0.0,0.0,12.83,4.69,0.0
20231024:1810,0.0,0.0,0.0,12.67,4.41,0.0
20231024:1910,0.0,0.0,0.0,12.62,3.66,0.0
20231024:2010,0.0,0.0,0.0,12.54,2.21,0.0
20231024:2110,0.0,0.0,0.0,12.54,0.83,0.0
20231024:2210,0.0,0.0,0.0,12.51,2.21,0.0
20231024:2310,0.0,0.0,0.0,12.37,2.55,0.0
20231025:0010,0.0,0.0,0.0,12.43,3.1,0.0
20231025:0110,0.0,0.0,0.0,12.28,4.34,0.0
20231025:0210,0.0,0.0,0.0,12.2,5.66,0.0
20231025:0310,0.0,0.0,0.0,11.95,6.34,0.0
20231025:0410,0.0,0.0,0.0,11.72,6.21,0.0
20231025:0510,0.0,0.0,0.0,11.55,5.45,0.0
20231025:0610,0.0,0.0,0.0,11.44,5.79,0.0
20231025:0710,0.0,5.25,1.64,11.31,6.34,0.0
20231025:0810,435.58,272.97,10.14,11.45,6.0,0.0
20231025:0910,286.16,182.97,17.49,11.94,5.52,0.0
20231025:1010,768.68,466.72,23.18,12.6,5.17,0.0
20231025:1110,1163.94,726.74,26.67,13.07,4.28,0.0
20231025:1210,472.12,295.29,27.55,13.43,2.55,0.0
20231025:1310,205.78,139.86,25.71,13.61,0.21,0.0
20231025:1410,106.36,79.73,21.38,13.59,1.93,0.0
20231025:1510,116.96,85.88,15.04,13.24,2.9,0.0
20231025:1610,3.02,9.27,7.23,13.06,3.03,0.0
20231025:1710,0.0,0.0,0.0,12.89,3.31,0.0
20231025:1810,0.0,0.0,0.0,12.82,4.83,0.0
20231025:1910,0.0,0.0,0.0,12.82,5.52,0.0
20231025:2010,0.0,0.0,0.0,13.01,5.86,0.0
20231025:2110,0.0,0.0,0.0,13.4,6.83,0.0
20231025:2210,0.0,0.0,0.0,13.62,7.45,0.0
20231025:2310,0.0,0.0,0.0,13.78,6.62,0.0
20231026:0010,0.0,0.0,0.0,13.86,9.93,0.0
20231026:0110,0.0,0.0,0.0,13.41,10.14,0.0
20231026:0210,0.0,0.0,0.0,13.15,8.62,0.0
20231026:0310,0.0,0.0,0.0,13.06,7.66,0.0
20231026:0410,0.0,0.0,0.0,13.1,7.03,0.0
20231026:0510,0.0,0.0,0.0,13.14,6.76,0.0
20231026:0610,0.0,0.0,0.0,13.01,6.48,0.0
20231026:0710,0.0,3.5,1.38,13.07,5.72,0.0
20231026:0810,137.02,98.17,9.86,13.32,5.52,0.0
20231026:0910,306.98,196.16,17.19,13.71,5.93,0.0
20231026:1010,463.42,287.3,22.86,13.92,5.31,0.0
20231026:1110,54.54,47.28,26.33,14.04,5.93,0.0
20231026:1210,659.4,403.37,27.21,14.22,5.86,0.0
20231026:1310,415.86,259.76,25.37,14.23,6.34,0.0
20231026:1410,349.38,220.81,21.06,14.3,7.03,0.0
20231026:1510,572.54,350.55,14.73,14.06,7.52,0.0
20231026:1610,93.52,72.81,6.94,13.76,8.28,0.0
20231026:1710,0.0,0.0,0.0,13.2,7.86,0.0
20231026:1810,0.0,0.0,0.0,12.97,6.97,0.0
20231026:1910,0.0,0.0,0.0,12.78,5.93,0.0
20231026:2010,0.0,0.0,0.0,12.91,5.45,0.0
20231026:2110,0.0,0.0,0.0,13.03,5.38,0.0
20231026:2210,0.0,0.0,0.0,12.75,5.52,0.0
20231026:2310,0.0,0.0,0.0,12.74,6.34,0.0
20231027:0010,0.0,0.0,0.0,12.67,6.62,0.0
20231027:0110,0.0,0.0,0.0,12.48,6.55,0.0
20231027:0210,0.0,0.0,0.0,12.23,6.48,0.0
20231027:0310,0.0,0.0,0.0,12.04,6.97,0.0
20231027:0410,0.0,0.0,0.0,11.98,7.72,0.0
20231027:0510,0.0,0.0,0.0,11.99,8.55,0.0
20231027:0610,0.0,0.0,0.0,12.05,8.34,0.0
20231027:0710,0.0,0.0,0.0,11.96,8.21,0.0
20231027:0810,173.3,118.99,9.59,11.98,8.0,0.0
20231027:0910,113.54,83.18,16.89,12.16,7.45,0.0
20231027:1010,28.54,29.67,22.54,12.87,6.62,0.0
20231027:1110,394.6,246.28,26.0,13.44,7.31,0.0
20231027:1210,1272.48,776.82,26.87,13.79,8.76,0.0
20231027:1310,1174.4,710.34,25.03,13.68,9.45,0.0
20231027:1410,833.94,500.53,20.73,13.62,9.31,0.0
20231027:1510,549.74,335.25,14.43,13.3,8.48,0.0
20231027:1610,14.7,19.47,6.65,12.72,7.45,0.0
20231027:1710,0.0,0.0,0.0,12.56,7.17,0.0
20231027:1810,0.0,0.0,0.0,12.56,7.1,0.0
20231027:1910,0.0,0.0,0.0,12.62,7.45,0.0
20231027:2010,0.0,0.0,0.0,12.87,7.72,0.0
20231027:2110,0.0,0.0,0.0,12.88,7.86,0.0
20231027:2210,0.0,0.0,0.0,12.71,8.14,0.0
20231027:2310,0.0,0.0,0.0,12.91,9.1,0.0
20231028:0010,0.0,0.0,0.0,12.77,10.21,0.0
20231028:0110,0.0,0.0,0.0,12.8,11.1,0.0
20231028:0210,0.0,0.0,0.0,12.53,10.07,0.0
20231028:0310,0.0,0.0,0.0,12.37,9.31,0.0
20231028:0410,0.0,0.0,0.0,12.37,9.45,0.0
20231028:0510,0.0,0.0,0.0,12.65,8.83,0.0
20231028:0610,0.0,0.0,0.0,12.91,8.21,0.0
20231028:0710,0.0,0.0,0.0,13.05,7.66,0.0
20231028:0810,256.8,169.23,9.31,13.46,7.17,0.0
20231028:0910,344.86,217.44,16.6,13.81,7.38,0.0
20231028:1010,172.4,118.26,22.22,13.01,8.21,0.0
20231028:1110,59.24,50.06,25.66,13.03,8.76,0.0
20231028:1210,65.0,53.77,26.53,13.27,8.83,0.0
20231028:1310,75.46,60.26,24.7,13.09,9.86,0.0
20231028:1410,135.36,96.42,20.41,12.96,9.59,0.0
20231028:1510,694.04,420.12,14.13,13.39,8.9,0.0
20231028:1610,277.2,185.62,6.37,13.39,11.03,0.0
20231028:1710,0.0,0.0,0.0,13.21,10.83,0.0
20231028:1810,0.0,0.0,0.0,12.81,9.79,0.0
20231028:1910,0.0,0.0,0.0,12.48,9.17,0.0
20231028:2010,0.0,0.0,0.0,12.09,8.69,0.0
20231028:2110,0.0,0.0,0.0,11.99,8.55,0.0
20231028:2210,0.0,0.0,0.0,12.17,8.0,0.0
20231028:2310,0.0,0.0,0.0,11.42,9.72,0.0
20231029:0010,0.0,0.0,0.0,11.12,9.45,0.0
20231029:0110,0.0,0.0,0.0,11.86,8.83,0.0
20231029:0210,0.0,0.0,0.0,12.17,9.59,0.0
20231029:0310,0.0,0.0,0.0,12.2,10.28,0.0
20231029:0410,0.0,0.0,0.0,12.45,9.79,0.0
20231029:0510,0.0,0.0,0.0,12.59,9.86,0.0
20231029:0610,0.0,0.0,0.0,12.34,9.1,0.0
20231029:0710,0.0,0.0,0.0,12.06,8.69,0.0
20231029:0810,105.52,78.64,9.03,12.08,9.31,0.0
20231029:0910,50.84,44.5,16.3,12.11,9.72,0.0
20231029:1010,1082.98,650.71,21.91,12.67,8.9,0.0
20231029:1110,784.3,468.99,25.33,13.0,10.0,0.0
20231029:1210,412.22,254.64,26.19,13.06,10.69,0.0
20231029:1310,884.1,525.77,24.37,13.14,11.86,0.0
20231029:1410,309.44,195.86,20.1,13.35,12.69,0.0
20231029:1510,649.92,390.59,13.83,13.31,13.1,0.0
20231029:1610,259.28,174.73,6.09,13.2,11.93,0.0
20231029:1710,0.0,0.0,0.0,12.8,12.34,0.0
20231029:1810,0.0,0.0,0.0,12.61,12.28,0.0
20231029:1910,0.0,0.0,0.0,12.61,11.79,0.0
20231029:2010,0.0,0.0,0.0,12.86,11.38,0.0
20231029:2110,0.0,0.0,0.0,12.88,11.03,0.0
20231029:2210,0.0,0.0,0.0,12.23,9.93,0.0
20231029:2310,0.0,0.0,0.0,12.14,10.28,0.0
20231030:0010,0.0,0.0,0.0,12.32,10.41,0.0
20231030:0110,0.0,0.0,0.0,12.44,10.34,0.0
20231030:0210,0.0,0.0,0.0,12.5,9.45,0.0
20231030:0310,0.0,0.0,0.0,12.24,8.41,0.0
20231030:0410,0.0,0.0,0.0,11.95,8.14,0.0
20231030:0510,0.0,0.0,0.0,12.08,7.52,0.0
20231030:0610,0.0,0.0,0.0,12.11,7.79,0.0
20231030:0710,0.0,0.0,0.0,12.23,7.52,0.0
20231030:0810,425.24,268.16,8.76,12.43,7.17,0.0
20231030:0910,37.98,36.16,16.01,12.89,6.9,0.0
20231030:1010,697.44,422.22,21.59,13.46,6.83,0.0
20231030:1110,1149.3,702.69,25.01,13.81,7.31,0.0
20231030:1210,780.04,471.84,25.86,13.87,7.66,0.0
20231030:1310,880.68,532.27,24.05,13.98,7.93,0.0
20231030:1410,808.8,489.61,19.79,14.12,7.45,0.0
20231030:1510,390.26,244.46,13.54,14.0,6.9,0.0
20231030:1610,151.98,110.2,5.81,13.99,6.9,0.0
20231030:1710,0.0,0.0,0.0,13.84,7.17,0.0
20231030:1810,0.0,0.0,0.0,13.87,6.9,0.0
20231030:1910,0.0,0.0,0.0,13.57,6.34,0.0
20231030:2010,0.0,0.0,0.0,13.14,5.31,0.0
20231030:2110,0.0,0.0,0.0,12.57,4.9,0.0
20231030:2210,0.0,0.0,0.0,12.39,4.9,0.0
20231030:2310,0.0,0.0,0.0,12.32,5.86,0.0
20231031:0010,0.0,0.0,0.0,12.61,6.55,0.0
20231031:0110,0.0,0.0,0.0,12.62,6.76,0.0
20231031:0210,0.0,0.0,0.0,12.65,6.69,0.0
20231031:0310,0.0,0.0,0.0,12.53,6.62,0.0
20231031:0410,0.0,0.0,0.0,12.31,7.1,0.0
20231031:0510,0.0,0.0,0.0,12.33,6.83,0.0
20231031:0610,0.0,0.0,0.0,12.56,6.48,0.0
20231031:0710,0.0,0.0,0.0,12.6,7.03,0.0
20231031:0810,236.1,156.93,8.49,12.85,6.9,0.0
20231031:0910,707.68,428.37,15.72,13.18,7.03,0.0
20231031:1010,514.92,315.84,21.28,13.76,6.34,0.0
20231031:1110,316.06,201.69,24.69,13.97,7.31,0.0
20231031:1210,343.72,217.11,25.54,13.81,8.41,0.0
20231031:1310,194.98,131.79,23.73,13.61,7.45,0.0
20231031:1410,93.28,71.39,19.48,13.29,6.41,0.0
20231031:1510,59.06,50.06,13.25,13.37,6.14,0.0
20231031:1610,0.6,6.49,5.54,13.78,6.41,0.0
20231031:1710,0.0,0.0,0.0,14.5,8.07,0.0
20231031:1810,0.0,0.0,0.0,14.72,9.24,0.0
20231031:1910,0.0,0.0,0.0,14.54,8.21,0.0
20231031:2010,0.0,0.0,0.0,14.47,8.76,0.0
20231031:2110,0.0,0.0,0.0,14.58,10.76,0.0
20231031:2210,0.0,0.0,0.0,14.64,11.24,0.0
20231031:2310,0.0,0.0,0.0,14.69,11.72,0.0
20231101:0010,0.0,0.0,0.0,14.29,13.45,0.0
20231101:0110,0.0,0.0,0.0,14.0,12.97,0.0
20231101:0210,0.0,0.0,0.0,13.48,13.31,0.0
20231101:0310,0.0,0.0,0.0,12.9,11.38,0.0
20231101:0410,0.0,0.0,0.0,12.78,9.93,0.0
20231101:0510,0.0,0.0,0.0,13.3,11.24,0.0
20231101:0610,0.0,0.0,0.0,12.9,12.14,0.0
20231101:0710,0.0,0.0,0.0,12.48,11.31,0.0
20231101:0810,420.48,264.13,8.21,12.18,10.21,0.0
20231101:0910,109.44,80.61,15.43,12.08,10.07,0.0
20231101:1010,1050.36,630.2,20.98,12.75,8.97,0.0
20231101:1110,443.66,271.68,24.37,12.87,11.31,0.0
20231101:1210,1242.88,740.15,25.21,12.76,12.83,0.0
20231101:1310,538.0,324.1,23.41,12.41,11.59,0.0
20231101:1410,615.4,368.98,19.18,12.69,10.41,0.0
20231101:1510,527.68,320.29,12.97,12.53,10.41,0.0
20231101:1610,28.04,29.44,5.27,12.11,9.86,0.0
20231101:1710,0.0,0.0,0.0,11.59,10.21,0.0
20231101:1810,0.0,0.0,0.0,11.78,10.97,0.0
20231101:1910,0.0,0.0,0.0,11.86,12.62,0.0
20231101:2010,0.0,0.0,0.0,11.89,14.97,0.0
20231101:2110,0.0,0.0,0.0,12.54,15.93,0.0
20231101:2210,0.0,0.0,0.0,12.7,10.83,0.0
20231101:2310,0.0,0.0,0.0,12.34,13.31,0.0
20231102:0010,0.0,0.0,0.0,11.95,13.59,0.0
20231102:0110,0.0,0.0,0.0,12.23,10.76,0.0
20231102:0210,0.0,0.0,0.0,12.35,3.38,0.0
20231102:0310,0.0,0.0,0.0,11.8,7.24,0.0
20231102:0410,0.0,0.0,0.0,11.58,10.83,0.0
20231102:0510,0.0,0.0,0.0,11.42,12.69,0.0
20231102:0610,0.0,0.0,0.0,10.33,16.55,0.0
20231102:0710,0.0,0.0,0.0,9.82,18.9,0.0
20231102:0810,69.28,55.84,7.94,10.1,18.48,0.0
20231102:0910,196.86,129.93,15.14,10.37,16.55,0.0
20231102:1010,162.62,110.98,20.67,10.3,13.31,0.0
20231102:1110,131.02,92.71,24.05,10.31,13.1,0.0
20231102:1210,87.34,66.75,24.89,10.15,13.24,0.0
20231102:1310,231.96,150.52,23.1,10.46,12.48,0.0
20231102:1410,206.56,136.27,18.89,11.07,12.28,0.0
20231102:1510,159.54,109.35,12.69,11.21,12.83,0.0
20231102:1610,34.88,34.27,5.01,11.07,12.41,0.0
20231102:1710,0.0,0.0,0.0,11.24,12.55,0.0
20231102:1810,0.0,0.0,0.0,11.28,11.59,0.0
20231102:1910,0.0,0.0,0.0,11.31,10.83,0.0
20231102:2010,0.0,0.0,0.0,11.22,10.55,0.0
20231102:2110,0.0,0.0,0.0,11.11,10.34,0.0
20231102:2210,0.0,0.0,0.0,10.87,9.79,0.0
20231102:2310,0.0,0.0,0.0,10.89,9.1,0.0
20231103:0010,0.0,0.0,0.0,10.99,8.9,0.0
20231103:0110,0.0,0.0,0.0,11.07,8.69,0.0
20231103:0210,0.0,0.0,0.0,11.14,8.41,0.0
20231103:0310,0.0,0.0,0.0,10.84,7.93,0.0
20231103:0410,0.0,0.0,0.0,10.79,7.38,0.0
20231103:0510,0.0,0.0,0.0,11.02,7.03,0.0
20231103:0610,0.0,0.0,0.0,11.21,7.1,0.0
20231103:0710,0.0,0.0,0.0,11.38,7.45,0.0
20231103:0810,230.14,152.75,7.67,11.52,7.45,0.0
20231103:0910,656.4,394.53,14.85,11.74,7.66,0.0
20231103:1010,576.28,346.9,20.37,12.12,8.69,0.0
20231103:1110,436.3,267.31,23.74,12.23,9.59,0.0
20231103:1210,656.86,392.81,24.58,12.17,10.07,0.0
20231103:1310,231.68,151.61,22.79,12.05,10.14,0.0
20231103:1410,943.82,560.83,18.59,12.04,10.21,0.0
20231103:1510,657.04,395.68,12.42,12.08,9.45,0.0
20231103:1610,32.48,32.79,4.76,11.86,8.97,0.0
20231103:1710,0.0,0.0,0.0,11.5,8.14,0.0
20231103:1810,0.0,0.0,0.0,11.37,7.24,0.0
20231103:1910,0.0,0.0,0.0,11.29,6.41,0.0
20231103:2010,0.0,0.0,0.0,11.54,6.76,0.0
20231103:2110,0.0,0.0,0.0,11.32,6.97,0.0
20231103:2210,0.0,0.0,0.0,11.27,6.34,0.0
20231103:2310,0.0,0.0,0.0,11.38,5.45,0.0
20231104:0010,0.0,0.0,0.0,11.38,7.24,0.0
20231104:0110,0.0,0.0,0.0,11.12,9.17,0.0
20231104:0210,0.0,0.0,0.0,10.71,10.0,0.0
20231104:0310,0.0,0.0,0.0,10.75,10.9,0.0
20231104:0410,0.0,0.0,0.0,11.21,12.34,0.0
20231104:0510,0.0,0.0,0.0,12.54,10.55,0.0
20231104:0610,0.0,0.0,0.0,12.2,12.34,0.0
20231104:0710,0.0,0.0,0.0,11.32,13.24,0.0
20231104:0810,224.12,148.75,7.41,11.28,11.17,0.0
20231104:0910,432.92,264.35,14.57,11.97,10.62,0.0
20231104:1010,784.52,466.75,20.07,12.35,10.14,0.0
20231104:1110,151.52,105.69,23.43,12.56,11.31,0.0
20231104:1210,345.16,215.87,24.27,12.75,12.34,0.0
20231104:1310,391.04,241.33,22.49,12.69,12.21,0.0
20231104:1410,341.52,213.2,18.31,12.43,10.69,0.0
20231104:1510,318.82,201.12,12.15,12.25,8.97,0.0
20231104:1610,3.98,10.2,4.51,11.87,7.03,0.0
20231104:1710,0.0,0.0,0.0,11.33,5.24,0.0
20231104:1810,0.0,0.0,0.0,11.3,4.21,0.0
20231104:1910,0.0,0.0,0.0,10.66,3.93,0.0
20231104:2010,0.0,0.0,0.0,11.07,4.76,0.0
20231104:2110,0.0,0.0,0.0,11.11,6.28,0.0
20231104:2210,0.0,0.0,0.0,11.39,7.59,0.0
20231104:2310,0.0,0.0,0.0,11.14,9.59,0.0
20231105:0010,0.0,0.0,0.0,10.9,11.45,0.0
20231105:0110,0.0,0.0,0.0,11.1,12.83,0.0
20231105:0210,0.0,0.0,0.0,11.43,12.83,0.0
20231105:0310,0.0,0.0,0.0,11.44,11.93,0.0
20231105:0410,0.0,0.0,0.0,11.3,11.45,0.0
20231105:0510,0.0,0.0,0.0,11.29,10.69,0.0
20231105:0610,0.0,0.0,0.0,11.26,10.14,0.0
20231105:0710,0.0,0.0,0.0,11.27,9.59,0.0
20231105:0810,335.04,214.06,7.14,11.37,9.31,0.0
20231105:0910,818.28,488.19,14.29,11.77,9.38,0.0
20231105:1010,756.28,451.35,19.78,12.1,8.76,0.0
20231105:1110,1199.26,719.82,23.12,12.32,9.72,0.0
20231105:1210,240.76,157.12,23.96,12.44,9.79,0.0
20231105:1310,84.76,65.82,22.19,12.4,10.21,0.0
20231105:1410,206.64,137.0,18.03,12.23,10.83,0.0
20231105:1510,297.28,188.25,11.89,11.93,10.83,0.0
20231105:1610,66.48,56.16,4.26,11.9,10.62,0.0
20231105:1710,0.0,0.0,0.0,11.69,10.41,0.0
20231105:1810,0.0,0.0,0.0,11.54,10.48,0.0
20231105:1910,0.0,0.0,0.0,11.34,10.83,0.0
20231105:2010,0.0,0.0,0.0,11.38,10.9,0.0
20231105:2110,0.0,0.0,0.0,11.24,10.69,0.0
20231105:2210,0.0,0.0,0.0,11.19,9.72,0.0
20231105:2310,0.0,0.0,0.0,11.2,10.55,0.0
20231106:0010,0.0,0.0,0.0,11.18,10.76,0.0
20231106:0110,0.0,0.0,0.0,11.1,9.45,0.0
20231106:0210,0.0,0.0,0.0,10.95,8.28,0.0
20231106:0310,0.0,0.0,0.0,10.91,7.31,0.0
20231106:0410,0.0,0.0,0.0,10.79,6.21,0.0
20231106:0510,0.0,0.0,0.0,10.83,5.45,0.0
20231106:0610,0.0,0.0,0.0,10.74,5.24,0.0
20231106:0710,0.0,0.0,0.0,10.81,5.52,0.0
20231106:0810,313.48,202.25,6.88,11.03,5.86,0.0
20231106:0910,445.38,272.83,14.01,11.48,6.34,0.0
20231106:1010,1059.68,640.35,19.48,12.01,6.83,0.0
20231106:1110,97.0,73.24,22.82,12.02,7.66,0.0
20231106:1210,1181.9,712.31,23.66,11.82,8.28,0.0
20231106:1310,27.36,28.74,21.9,11.97,8.48,0.0
20231106:1410,608.56,365.19,17.75,11.91,8.41,0.0
20231106:1510,379.42,235.08,11.63,11.49,8.48,0.0
20231106:1610,10.22,15.76,4.02,10.98,8.83,0.0
20231106:1710,0.0,0.0,0.0,10.59,8.97,0.0
20231106:1810,0.0,0.0,0.0,10.48,8.97,0.0
20231106:1910,0.0,0.0,0.0,10.52,8.41,0.0
20231106:2010,0.0,0.0,0.0,10.8,8.07,0.0
20231106:2110,0.0,0.0,0.0,10.88,8.21,0.0
20231106:2210,0.0,0.0,0.0,10.81,7.52,0.0
20231106:2310,0.0,0.0,0.0,10.69,6.97,0.0
20231107:0010,0.0,0.0,0.0,10.65,7.86,0.0
20231107:0110,0.0,0.0,0.0,10.71,8.41,0.0
20231107:0210,0.0,0.0,0.0,10.69,8.34,0.0
20231107:0310,0.0,0.0,0.0,10.7,8.69,0.0
20231107:0410,0.0,0.0,0.0,10.51,8.07,0.0
20231107:0510,0.0,0.0,0.0,10.44,8.0,0.0
20231107:0610,0.0,0.0,0.0,10.57,7.79,0.0
20231107:0710,0.0,0.0,0.0,10.71,7.59,0.0
20231107:0810,267.8,174.75,6.62,10.64,7.52,0.0
20231107:0910,821.24,491.18,13.73,11.06,7.72,0.0
20231107:1010,1083.92,652.8,19.19,11.69,7.38,0.0
20231107:1110,1228.44,746.54,22.52,12.16,7.52,0.0
20231107:1210,1207.56,733.88,23.36,12.35,7.52,0.0
20231107:1310,1137.38,689.22,21.61,12.42,7.38,0.0
20231107:1410,120.02,87.08,17.48,12.29,7.59,0.0
20231107:1510,622.22,376.6,11.38,11.82,7.79,0.0
20231107:1610,180.94,129.09,3.79,11.49,7.79,0.0
20231107:1710,0.0,0.0,0.0,11.15,6.97,0.0
20231107:1810,0.0,0.0,0.0,10.98,6.55,0.0
20231107:1910,0.0,0.0,0.0,10.87,6.34,0.0
20231107:2010,0.0,0.0,0.0,10.95,6.28,0.0
20231107:2110,0.0,0.0,0.0,11.24,7.03,0.0
20231107:2210,0.0,0.0,0.0,11.63,7.86,0.0
20231107:2310,0.0,0.0,0.0,11.72,9.86,0.0
20231108:0010,0.0,0.0,0.0,11.72,11.1,0.0
20231108:0110,0.0,0.0,0.0,11.82,11.24,0.0
20231108:0210,0.0,0.0,0.0,11.89,10.97,0.0
20231108:0310,0.0,0.0,0.0,12.08,11.59,0.0
20231108:0410,0.0,0.0,0.0,12.39,12.55,0.0
20231108:0510,0.0,0.0,0.0,12.64,14.07,0.0
20231108:0610,0.0,0.0,0.0,13.28,13.72,0.0
20231108:0710,0.0,0.0,0.0,13.72,13.79,0.0
20231108:0810,15.84,20.4,6.36,13.45,10.9,0.0
20231108:0910,150.02,104.47,13.46,12.44,8.83,0.0
20231108:1010,204.44,136.06,18.91,12.2,7.72,0.0
20231108:1110,519.26,315.55,22.23,11.84,6.41,0.0
20231108:1210,531.52,323.04,23.07,11.88,6.14,0.0
20231108:1310,400.78,248.08,21.33,11.77,5.59,0.0
20231108:1410,169.82,116.11,17.21,11.7,5.17,0.0
20231108:1510,199.62,133.2,11.13,11.58,5.1,0.0
20231108:1610,36.44,36.05,3.56,11.42,4.9,0.0
20231108:1710,0.0,0.0,0.0,11.16,4.69,0.0
20231108:1810,0.0,0.0,0.0,11.13,5.1,0.0
20231108:1910,0.0,0.0,0.0,11.08,6.0,0.0
20231108:2010,0.0,0.0,0.0,11.11,6.62,0.0
20231108:2110,0.0,0.0,0.0,11.12,7.17,0.0
20231108:2210,0.0,0.0,0.0,11.43,7.45,0.0
20231108:2310,0.0,0.0,0.0,11.09,8.62,0.0
20231109:0010,0.0,0.0,0.0,10.58,9.59,0.0
20231109:0110,0.0,0.0,0.0,10.53,10.14,0.0
20231109:0210,0.0,0.0,0.0,10.31,10.07,0.0
20231109:0310,0.0,0.0,0.0,10.19,10.34,0.0
20231109:0410,0.0,0.0,0.0,10.22,10.28,0.0
20231109:0510,0.0,0.0,0.0,10.09,10.21,0.0
20231109:0610,0.0,0.0,0.0,9.84,9.93,0.0
20231109:0710,0.0,0.0,0.0,9.67,10.28,0.0
20231109:0810,296.88,190.28,6.1,9.18,11.24,0.0
20231109:0910,306.6,190.65,13.19,9.29,12.0,0.0
20231109:1010,981.14,579.3,18.62,10.16,9.38,0.0
20231109:1110,168.6,114.74,21.94,10.66,10.48,0.0
20231109:1210,291.02,183.66,22.78,10.61,12.07,0.0
20231109:1310,420.02,254.73,21.05,10.42,12.62,0.0
20231109:1410,319.36,198.2,16.95,10.04,12.55,0.0
20231109:1510,152.6,104.67,10.89,9.73,12.76,0.0
20231109:1610,87.26,69.86,3.34,10.03,12.76,0.0
20231109:1710,0.0,0.0,0.0,10.26,12.41,0.0
20231109:1810,0.0,0.0,0.0,10.39,11.59,0.0
20231109:1910,0.0,0.0,0.0,10.47,11.1,0.0
20231109:2010,0.0,0.0,0.0,10.82,11.03,0.0
20231109:2110,0.0,0.0,0.0,10.9,11.38,0.0
20231109:2210,0.0,0.0,0.0,10.54,11.52,0.0
20231109:2310,0.0,0.0,0.0,11.03,12.28,0.0
20231110:0010,0.0,0.0,0.0,10.9,12.07,0.0
20231110:0110,0.0,0.0,0.0,10.89,12.0,0.0
20231110:0210,0.0,0.0,0.0,10.96,11.79,0.0
20231110:0310,0.0,0.0,0.0,10.86,12.07,0.0
20231110:0410,0.0,0.0,0.0,10.94,13.31,0.0
20231110:0510,0.0,0.0,0.0,10.79,14.21,0.0
20231110:0610,0.0,0.0,0.0,10.61,14.48,0.0
20231110:0710,0.0,0.0,0.0,10.79,14.97,0.0
20231110:0810,315.82,202.21,5.84,10.6,14.34,0.0
20231110:0910,107.32,78.71,12.92,10.57,13.45,0.0
20231110:1010,1066.28,625.23,18.34,10.61,12.69,0.0
20231110:1110,1248.1,736.7,21.65,10.89,12.55,0.0
20231110:1210,963.06,566.67,22.49,11.06,11.93,0.0
20231110:1310,1202.72,713.59,20.78,11.11,10.97,0.0
20231110:1410,970.22,573.01,16.7,11.11,10.76,0.0
20231110:1510,310.64,195.38,10.65,11.13,10.0,0.0
20231110:1610,67.06,57.17,3.12,11.05,9.31,0.0
20231110:1710,0.0,0.0,0.0,10.87,8.34,0.0
20231110:1810,0.0,0.0,0.0,10.65,7.52,0.0
20231110:1910,0.0,0.0,0.0,10.47,7.03,0.0
20231110:2010,0.0,0.0,0.0,10.38,6.83,0.0
20231110:2110,0.0,0.0,0.0,10.48,6.76,0.0
20231110:2210,0.0,0.0,0.0,10.64,6.0,0.0
20231110:2310,0.0,0.0,0.0,10.59,6.07,0.0
20231111:0010,0.0,0.0,0.0,10.46,5.66,0.0
20231111:0110,0.0,0.0,0.0,10.28,5.72,0.0
20231111:0210,0.0,0.0,0.0,10.12,6.07,0.0
20231111:0310,0.0,0.0,0.0,9.88,6.14,0.0
20231111:0410,0.0,0.0,0.0,9.77,6.0,0.0
20231111:0510,0.0,0.0,0.0,9.52,5.72,0.0
20231111:0610,0.0,0.0,0.0,9.37,5.31,0.0
20231111:0710,0.0,0.0,0.0,9.13,4.69,0.0
20231111:0810,171.26,118.15,5.59,8.96,4.0,0.0
20231111:0910,510.86,310.89,12.65,9.48,3.38,0.0
20231111:1010,387.22,241.01,18.07,9.99,1.59,0.0
20231111:1110,674.68,413.76,21.37,10.4,1.59,0.0
20231111:1210,531.16,326.82,22.22,10.57,1.66,0.0
20231111:1310,205.06,136.85,20.51,10.72,1.79,0.0
20231111:1410,48.2,42.65,16.45,10.74,3.1,0.0
20231111:1510,279.22,178.58,10.42,10.76,4.55,0.0
20231111:1610,25.9,28.53,2.91,10.85,5.79,0.0
20231111:1710,0.0,0.0,0.0,11.06,6.69,0.0
20231111:1810,0.0,0.0,0.0,11.49,7.52,0.0
20231111:1910,0.0,0.0,0.0,11.55,8.34,0.0
20231111:2010,0.0,0.0,0.0,11.49,8.48,0.0
20231111:2110,0.0,0.0,0.0,11.25,9.24,0.0
20231111:2210,0.0,0.0,0.0,11.12,10.14,0.0
20231111:2310,0.0,0.0,0.0,11.19,10.28,0.0
20231112:0010,0.0,0.0,0.0,11.37,11.24,0.0
20231112:0110,0.0,0.0,0.0,11.09,10.55,0.0
20231112:0210,0.0,0.0,0.0,10.86,9.79,0.0
20231112:0310,0.0,0.0,0.0,10.73,8.62,0.0
20231112:0410,0.0,0.0,0.0,10.8,6.62,0.0
20231112:0510,0.0,0.0,0.0,11.02,3.79,0.0
20231112:0610,0.0,0.0,0.0,11.37,2.07,0.0
20231112:0710,0.0,0.0,0.0,11.73,5.38,0.0
20231112:0810,4.92,11.13,5.34,12.07,8.0,0.0
20231112:0910,141.32,99.51,12.39,12.62,7.45,0.0
20231112:1010,57.8,49.14,17.79,12.95,8.28,0.0
20231112:1110,63.46,52.85,21.09,13.39,7.38,0.0
20231112:1210,100.82,76.02,21.94,13.48,6.76,0.0
20231112:1310,237.16,155.63,20.25,13.52,8.14,0.0
20231112:1410,445.72,273.92,16.2,13.65,8.34,0.0
20231112:1510,138.78,98.37,10.2,13.44,8.34,0.0
20231112:1610,0.0,4.64,2.7,13.13,7.52,0.0
20231112:1710,0.0,0.0,0.0,12.88,6.41,0.0
20231112:1810,0.0,0.0,0.0,12.81,6.97,0.0
20231112:1910,0.0,0.0,0.0,12.85,6.62,0.0
20231112:2010,0.0,0.0,0.0,13.13,6.69,0.0
20231112:2110,0.0,0.0,0.0,13.33,6.62,0.0
20231112:2210,0.0,0.0,0.0,12.99,5.1,0.0
20231112:2310,0.0,0.0,0.0,13.23,6.21,0.0
20231113:0010,0.0,0.0,0.0,13.7,8.76,0.0
20231113:0110,0.0,0.0,0.0,14.21,12.55,0.0
20231113:0210,0.0,0.0,0.0,14.3,12.69,0.0
20231113:0310,0.0,0.0,0.0,14.38,12.41,0.0
20231113:0410,0.0,0.0,0.0,14.53,12.9,0.0
20231113:0510,0.0,0.0,0.0,14.58,13.17,0.0
20231113:0610,0.0,0.0,0.0,14.6,13.59,0.0
20231113:0710,0.0,0.0,0.0,14.58,13.31,0.0
20231113:0810,244.16,163.88,5.09,14.14,12.9,0.0
20231113:0910,445.42,273.0,12.13,13.66,12.07,0.0
20231113:1010,522.62,316.16,17.52,13.3,10.76,0.0
20231113:1110,227.82,149.93,20.82,13.46,11.52,0.0
20231113:1210,517.78,313.42,21.67,13.64,12.76,0.0
20231113:1310,387.34,239.69,19.99,13.7,12.9,0.0
20231113:1410,316.96,199.75,15.97,13.74,13.03,0.0
20231113:1510,136.84,97.12,9.98,13.68,12.83,0.0
20231113:1610,0.0,3.71,2.5,13.48,12.21,0.0
20231113:1710,0.0,0.0,0.0,13.32,11.72,0.0
20231113:1810,0.0,0.0,0.0,13.31,11.38,0.0
20231113:1910,0.0,0.0,0.0,13.22,11.03,0.0
20231113:2010,0.0,0.0,0.0,13.19,10.69,0.0
20231113:2110,0.0,0.0,0.0,13.24,10.55,0.0
20231113:2210,0.0,0.0,0.0,13.11,10.0,0.0
20231113:2310,0.0,0.0,0.0,13.12,11.72,0.0
20231114:0010,0.0,0.0,0.0,13.06,11.79,0.0
20231114:0110,0.0,0.0,0.0,13.14,10.9,0.0
20231114:0210,0.0,0.0,0.0,13.13,11.59,0.0
20231114:0310,0.0,0.0,0.0,13.31,11.52,0.0
20231114:0410,0.0,0.0,0.0,13.35,11.45,0.0
20231114:0510,0.0,0.0,0.0,13.05,10.9,0.0
20231114:0610,0.0,0.0,0.0,12.81,10.83,0.0
20231114:0710,0.0,0.0,0.0,12.41,9.03,0.0
20231114:0810,3.04,9.27,4.85,12.36,8.14,0.0
20231114:0910,68.22,55.63,11.88,12.38,8.0,0.0
20231114:1010,154.06,107.0,17.26,12.3,8.07,0.0
20231114:1110,523.06,315.48,20.55,12.01,9.66,0.0
20231114:1210,389.12,239.75,21.41,12.1,10.83,0.0
20231114:1310,639.48,381.93,19.74,12.62,10.97,0.0
20231114:1410,710.42,423.19,15.73,12.86,11.24,0.0
20231114:1510,270.8,173.94,9.77,12.82,11.1,0.0
20231114:1610,12.34,18.19,2.31,12.62,10.14,0.0
20231114:1710,0.0,0.0,0.0,12.36,9.45,0.0
20231114:1810,0.0,0.0,0.0,12.24,9.31,0.0
20231114:1910,0.0,0.0,0.0,12.16,8.9,0.0
20231114:2010,0.0,0.0,0.0,12.14,8.83,0.0
20231114:2110,0.0,0.0,0.0,12.1,8.9,0.0
20231114:2210,0.0,0.0,0.0,12.08,8.55,0.0
20231114:2310,0.0,0.0,0.0,11.96,8.28,0.0
20231115:0010,0.0,0.0,0.0,11.8,7.72,0.0
20231115:0110,0.0,0.0,0.0,11.7,8.28,0.0
20231115:0210,0.0,0.0,0.0,11.56,8.69,0.0
20231115:0310,0.0,0.0,0.0,11.46,8.83,0.0
20231115:0410,0.0,0.0,0.0,11.38,8.41,0.0
20231115:0510,0.0,0.0,0.0,11.24,8.41,0.0
20231115:0610,0.0,0.0,0.0,11.1,8.21,0.0
20231115:0710,0.0,0.0,0.0,10.99,7.79,0.0
20231115:0810,151.72,107.61,4.6,10.9,7.17,0.0
20231115:0910,686.76,412.49,11.62,11.02,6.97,0.0
20231115:1010,909.46,545.81,17.0,11.43,6.55,0.0
20231115:1110,1246.24,757.46,20.29,11.7,7.24,0.0
20231115:1210,900.82,539.8,21.15,11.65,7.1,0.0
20231115:1310,694.04,416.22,19.5,11.71,6.83,0.0
20231115:1410,269.84,172.75,15.51,11.64,6.34,0.0
20231115:1510,135.18,95.66,9.56,11.46,5.45,0.0
20231115:1610,0.62,6.49,2.12,11.22,4.14,0.0
20231115:1710,0.0,0.0,0.0,10.91,3.31,0.0
20231115:1810,0.0,0.0,0.0,11.05,2.97,0.0
20231115:1910,0.0,0.0,0.0,10.91,2.55,0.0
20231115:2010,0.0,0.0,0.0,10.89,1.86,0.0
20231115:2110,0.0,0.0,0.0,10.86,1.66,0.0
20231115:2210,0.0,0.0,0.0,10.85,3.52,0.0
20231115:2310,0.0,0.0,0.0,10.95,4.9,0.0
20231116:0010,0.0,0.0,0.0,10.6,5.93,0.0
20231116:0110,0.0,0.0,0.0,10.41,6.83,0.0
20231116:0210,0.0,0.0,0.0,10.22,8.34,0.0
20231116:0310,0.0,0.0,0.0,10.25,10.76,0.0
20231116:0410,0.0,0.0,0.0,10.38,12.34,0.0
20231116:0510,0.0,0.0,0.0,10.17,13.17,0.0
20231116:0610,0.0,0.0,0.0,9.95,13.45,0.0
20231116:0710,0.0,0.0,0.0,9.78,13.86,0.0
20231116:0810,0.0,5.56,4.36,9.69,13.17,0.0
20231116:0910,235.28,151.2,11.37,9.64,11.24,0.0
20231116:1010,208.04,135.83,16.74,8.98,10.28,0.0
20231116:1110,272.94,172.51,20.03,9.03,9.03,0.0
20231116:1210,794.58,471.1,20.9,9.37,6.69,0.0
20231116:1310,239.56,154.92,19.26,9.56,4.76,0.0
20231116:1410,96.28,72.31,15.29,9.8,3.86,0.0
20231116:1510,90.26,68.59,9.36,9.98,4.0,0.0
20231116:1610,0.0,3.71,1.93,9.74,4.07,0.0
20231116:1710,0.0,0.0,0.0,9.68,4.41,0.0
20231116:1810,0.0,0.0,0.0,10.07,4.69,0.0
20231116:1910,0.0,0.0,0.0,10.48,5.31,0.0
20231116:2010,0.0,0.0,0.0,10.2,6.48,0.0
20231116:2110,0.0,0.0,0.0,10.32,7.1,0.0
20231116:2210,0.0,0.0,0.0,10.45,7.1,0.0
20231116:2310,0.0,0.0,0.0,10.35,7.79,0.0
20231117:0010,0.0,0.0,0.0,10.07,7.45,0.0
20231117:0110,0.0,0.0,0.0,9.99,7.1,0.0
20231117:0210,0.0,0.0,0.0,10.01,7.45,0.0
20231117:0310,0.0,0.0,0.0,9.97,6.55,0.0
20231117:0410,0.0,0.0,0.0,9.71,6.76,0.0
20231117:0510,0.0,0.0,0.0,9.3,6.34,0.0
20231117:0610,0.0,0.0,0.0,9.18,5.52,0.0
20231117:0710,0.0,0.0,0.0,9.41,4.62,0.0
20231117:0810,105.5,79.46,4.13,9.67,5.31,0.0
20231117:0910,385.5,237.52,11.13,10.1,5.66,0.0
20231117:1010,200.92,133.32,16.49,10.7,5.17,0.0
20231117:1110,331.32,207.89,19.78,11.1,5.1,0.0
20231117:1210,381.02,236.49,20.65,11.26,4.9,0.0
20231117:1310,137.6,97.36,19.03,11.29,4.21,0.0
20231117:1410,103.74,77.23,15.07,11.31,3.1,0.0
20231117:1510,187.12,126.13,9.17,11.31,3.45,0.0
20231117:1610,0.0,5.56,1.76,11.39,4.28,0.0
20231117:1710,0.0,0.0,0.0,11.59,5.59,0.0
20231117:1810,0.0,0.0,0.0,11.78,6.9,0.0
20231117:1910,0.0,0.0,0.0,11.96,8.76,0.0
20231117:2010,0.0,0.0,0.0,12.07,9.59,0.0
20231117:2110,0.0,0.0,0.0,12.11,10.62,0.0
20231117:2210,0.0,0.0,0.0,12.16,10.48,0.0
20231117:2310,0.0,0.0,0.0,12.68,10.83,0.0
20231118:0010,0.0,0.0,0.0,13.06,10.55,0.0
20231118:0110,0.0,0.0,0.0,13.47,9.93,0.0
20231118:0210,0.0,0.0,0.0,13.93,9.86,0.0
20231118:0310,0.0,0.0,0.0,14.04,10.14,0.0
20231118:0410,0.0,0.0,0.0,14.09,10.62,0.0
20231118:0510,0.0,0.0,0.0,14.23,11.03,0.0
20231118:0610,0.0,0.0,0.0,14.35,10.62,0.0
20231118:0710,0.0,0.0,0.0,14.35,10.14,0.0
20231118:0810,3.0,9.27,3.89,14.32,9.45,0.0
20231118:0910,89.9,69.35,10.89,14.37,9.45,0.0
20231118:1010,64.62,53.77,16.24,14.39,8.28,0.0
20231118:1110,51.62,45.43,19.53,14.5,8.48,0.0
20231118:1210,189.88,128.92,20.41,14.53,9.24,0.0
20231118:1310,43.2,39.87,18.8,14.48,9.79,0.0
20231118:1410,149.54,104.96,14.86,14.46,10.83,0.0
20231118:1510,55.06,47.57,8.98,14.3,10.41,0.0
20231118:1610,0.0,1.85,1.59,14.25,9.86,0.0
20231118:1710,0.0,0.0,0.0,14.12,9.79,0.0
20231118:1810,0.0,0.0,0.0,14.0,10.0,0.0
20231118:1910,0.0,0.0,0.0,13.85,10.48,0.0
20231118:2010,0.0,0.0,0.0,13.71,10.62,0.0
20231118:2110,0.0,0.0,0.0,13.48,11.1,0.0
20231118:2210,0.0,0.0,0.0,13.27,10.76,0.0
20231118:2310,0.0,0.0,0.0,13.22,10.69,0.0
20231119:0010,0.0,0.0,0.0,13.27,11.59,0.0
20231119:0110,0.0,0.0,0.0,13.29,12.21,0.0
20231119:0210,0.0,0.0,0.0,13.25,12.28,0.0
20231119:0310,0.0,0.0,0.0,13.24,12.69,0.0
20231119:0410,0.0,0.0,0.0,13.22,11.86,0.0
20231119:0510,0.0,0.0,0.0,13.1,10.97,0.0
20231119:0610,0.0,0.0,0.0,12.95,11.31,0.0
20231119:0710,0.0,0.0,0.0,12.97,11.59,0.0
20231119:0810,19.6,23.44,3.66,13.01,11.86,0.0
20231119:0910,63.64,52.77,10.65,13.13,12.83,0.0
20231119:1010,150.92,105.08,16.0,12.94,13.38,0.0
20231119:1110,148.28,103.88,19.29,13.15,12.97,0.0
20231119:1210,112.08,82.51,20.18,13.17,13.45,0.0
20231119:1310,237.84,155.04,18.58,13.09,12.0,0.0
20231119:1410,81.56,63.97,14.66,12.94,11.93,0.0
20231119:1510,3.04,9.27,8.8,12.78,12.34,0.0
20231119:1610,0.0,0.93,1.42,12.72,11.38,0.0
20231119:1710,0.0,0.0,0.0,12.47,10.69,0.0
20231119:1810,0.0,0.0,0.0,12.28,10.48,0.0
20231119:1910,0.0,0.0,0.0,12.18,10.21,0.0
20231119:2010,0.0,0.0,0.0,11.95,10.34,0.0
20231119:2110,0.0,0.0,0.0,11.88,10.9,0.0
20231119:2210,0.0,0.0,0.0,11.58,9.79,0.0
20231119:2310,0.0,0.0,0.0,11.64,9.86,0.0
20231120:0010,0.0,0.0,0.0,11.61,10.62,0.0
20231120:0110,0.0,0.0,0.0,11.48,10.97,0.0
20231120:0210,0.0,0.0,0.0,11.54,11.86,0.0
20231120:0310,0.0,0.0,0.0,11.62,13.66,0.0
20231120:0410,0.0,0.0,0.0,11.79,14.14,0.0
20231120:0510,0.0,0.0,0.0,12.04,13.79,0.0
20231120:0610,0.0,0.0,0.0,12.03,12.34,0.0
20231120:0710,0.0,0.0,0.0,11.89,10.0,0.0
20231120:0810,40.06,38.15,3.44,11.77,8.62,0.0
20231120:0910,338.88,211.94,10.42,11.81,7.66,0.0
20231120:1010,335.86,210.35,15.76,12.15,6.62,0.0
20231120:1110,259.2,167.45,19.05,12.53,7.45,0.0
20231120:1210,183.5,124.43,19.95,12.61,7.38,0.0
20231120:1310,237.94,155.41,18.36,12.55,6.97,0.0
20231120:1410,355.88,221.75,14.47,12.58,7.59,0.0
20231120:1510,298.7,190.13,8.62,12.32,8.07,0.0
20231120:1610,0.0,0.0,0.0,12.03,8.34,0.0
20231120:1710,0.0,0.0,0.0,11.88,8.28,0.0
20231120:1810,0.0,0.0,0.0,11.77,8.9,0.0
20231120:1910,0.0,0.0,0.0,11.66,9.1,0.0
20231120:2010,0.0,0.0,0.0,11.58,8.55,0.0
20231120:2110,0.0,0.0,0.0,11.46,8.34,0.0
20231120:2210,0.0,0.0,0.0,11.4,7.93,0.0
20231120:2310,0.0,0.0,0.0,11.28,8.48,0.0
20231121:0010,0.0,0.0,0.0,11.07,8.83,0.0
20231121:0110,0.0,0.0,0.0,10.98,8.76,0.0
20231121:0210,0.0,0.0,0.0,11.13,8.97,0.0
20231121:0310,0.0,0.0,0.0,11.3,8.28,0.0
20231121:0410,0.0,0.0,0.0,11.47,8.07,0.0
20231121:0510,0.0,0.0,0.0,11.32,8.14,0.0
20231121:0610,0.0,0.0,0.0,11.22,8.48,0.0
20231121:0710,0.0,0.0,0.0,11.07,8.41,0.0
20231121:0810,29.86,30.9,3.22,10.63,8.21,0.0
20231121:0910,599.1,358.93,10.19,10.35,8.28,0.0
20231121:1010,233.66,151.16,15.53,10.5,8.21,0.0
20231121:1110,412.2,251.63,18.82,10.68,8.21,0.0
20231121:1210,136.54,96.42,19.72,10.97,7.93,0.0
20231121:1310,71.6,57.48,18.16,11.25,7.59,0.0
20231121:1410,71.54,57.48,14.28,11.29,6.69,0.0
20231121:1510,13.64,18.54,8.45,11.32,6.55,0.0
20231121:1610,0.0,0.0,0.0,11.12,6.9,0.0
20231121:1710,0.0,0.0,0.0,11.02,7.1,0.0
20231121:1810,0.0,0.0,0.0,10.94,6.62,0.0
20231121:1910,0.0,0.0,0.0,10.81,6.21,0.0
20231121:2010,0.0,0.0,0.0,10.53,5.66,0.0
20231121:2110,0.0,0.0,0.0,10.17,4.97,0.0
20231121:2210,0.0,0.0,0.0,9.87,4.28,0.0
20231121:2310,0.0,0.0,0.0,9.58,3.59,0.0
20231122:0010,0.0,0.0,0.0,9.47,3.31,0.0
20231122:0110,0.0,0.0,0.0,9.39,3.79,0.0
20231122:0210,0.0,0.0,0.0,9.07,3.66,0.0
20231122:0310,0.0,0.0,0.0,9.09,3.38,0.0
20231122:0410,0.0,0.0,0.0,9.07,3.03,0.0
20231122:0510,0.0,0.0,0.0,9.21,2.83,0.0
20231122:0610,0.0,0.0,0.0,9.05,2.34,0.0
20231122:0710,0.0,0.0,0.0,9.13,2.07,0.0
20231122:0810,13.98,19.01,3.0,9.43,2.28,0.0
20231122:0910,610.5,372.18,9.96,10.07,3.03,0.0
20231122:1010,172.4,117.19,15.3,10.96,4.0,0.0
20231122:1110,224.8,147.53,18.59,11.48,5.45,0.0
20231122:1210,311.36,196.94,19.51,12.07,6.28,0.0
20231122:1310,92.16,70.46,17.95,12.5,6.69,0.0
20231122:1410,62.28,51.92,14.1,12.48,7.17,0.0
20231122:1510,29.94,30.59,8.29,12.41,7.66,0.0
20231122:1610,0.0,0.0,0.0,12.34,7.31,0.0
20231122:1710,0.0,0.0,0.0,11.88,6.97,0.0
20231122:1810,0.0,0.0,0.0,11.67,6.76,0.0
20231122:1910,0.0,0.0,0.0,11.54,6.48,0.0
20231122:2010,0.0,0.0,0.0,11.48,6.28,0.0
20231122:2110,0.0,0.0,0.0,11.45,6.14,0.0
20231122:2210,0.0,0.0,0.0,11.9,5.52,0.0
20231122:2310,0.0,0.0,0.0,11.94,5.86,0.0
20231123:0010,0.0,0.0,0.0,11.85,6.34,0.0
20231123:0110,0.0,0.0,0.0,11.8,6.9,0.0
20231123:0210,0.0,0.0,0.0,11.64,6.76,0.0
20231123:0310,0.0,0.0,0.0,11.58,6.55,0.0
20231123:0410,0.0,0.0,0.0,11.48,6.41,0.0
20231123:0510,0.0,0.0,0.0,11.47,6.28,0.0
20231123:0610,0.0,0.0,0.0,11.57,6.28,0.0
20231123:0710,0.0,0.0,0.0,11.53,6.28,0.0
20231123:0810,0.0,5.56,2.78,11.47,6.76,0.0
20231123:0910,19.72,23.18,9.74,11.36,7.45,0.0
20231123:1010,13.64,18.54,15.08,11.46,8.69,0.0
20231123:1110,616.68,368.75,18.37,11.72,8.76,0.0
20231123:1210,140.96,99.27,19.3,11.86,8.07,0.0
20231123:1310,237.82,154.72,17.76,12.07,8.14,0.0
20231123:1410,331.14,207.02,13.92,12.23,8.76,0.0
20231123:1510,91.52,69.77,8.13,12.2,8.21,0.0
20231123:1610,0.0,0.0,0.0,12.1,7.86,0.0
20231123:1710,0.0,0.0,0.0,11.88,7.72,0.0
20231123:1810,0.0,0.0,0.0,11.74,7.38,0.0
20231123:1910,0.0,0.0,0.0,11.6,7.45,0.0
20231123:2010,0.0,0.0,0.0,11.56,7.52,0.0
20231123:2110,0.0,0.0,0.0,11.63,7.31,0.0
20231123:2210,0.0,0.0,0.0,12.25,7.17,0.0
20231123:2310,0.0,0.0,0.0,12.27,6.41,0.0
20231124:0010,0.0,0.0,0.0,12.26,5.86,0.0
20231124:0110,0.0,0.0,0.0,12.34,6.28,0.0
20231124:0210,0.0,0.0,0.0,12.31,6.62,0.0
20231124:0310,0.0,0.0,0.0,12.28,6.76,0.0
20231124:0410,0.0,0.0,0.0,12.19,7.1,0.0
20231124:0510,0.0,0.0,0.0,11.99,7.45,0.0
20231124:0610,0.0,0.0,0.0,11.74,7.72,0.0
20231124:0710,0.0,0.0,0.0,11.39,7.86,0.0
20231124:0810,15.32,20.2,2.57,10.98,7.86,0.0
20231124:0910,442.74,270.26,9.53,10.81,7.59,0.0
20231124:1010,718.52,429.08,14.86,10.78,6.48,0.0
20231124:1110,886.32,528.35,18.15,10.86,7.1,0.0
20231124:1210,667.88,398.43,19.09,10.94,7.38,0.0
20231124:1310,460.1,279.59,17.57,10.91,6.48,0.0
20231124:1410,162.86,111.25,13.75,10.73,6.28,0.0
20231124:1510,21.06,24.1,7.98,10.57,6.21,0.0
20231124:1610,0.0,0.0,0.0,10.36,5.79,0.0
20231124:1710,0.0,0.0,0.0,9.9,5.24,0.0
20231124:1810,0.0,0.0,0.0,9.62,5.03,0.0
20231124:1910,0.0,0.0,0.0,9.23,4.62,0.0
20231124:2010,0.0,0.0,0.0,9.01,4.21,0.0
20231124:2110,0.0,0.0,0.0,8.47,4.07,0.0
20231124:2210,0.0,0.0,0.0,8.32,3.93,0.0
20231124:2310,0.0,0.0,0.0,7.68,4.21,0.0
20231125:0010,0.0,0.0,0.0,7.06,3.93,0.0
20231125:0110,0.0,0.0,0.0,7.08,3.24,0.0
20231125:0210,0.0,0.0,0.0,6.68,2.83,0.0
20231125:0310,0.0,0.0,0.0,6.58,3.03,0.0
20231125:0410,0.0,0.0,0.0,6.6,2.69,0.0
20231125:0510,0.0,0.0,0.0,6.16,2.0,0.0
20231125:0610,0.0,0.0,0.0,5.74,1.86,0.0
20231125:0710,0.0,0.0,0.0,5.82,1.31,0.0
20231125:0810,14.12,18.99,2.36,5.57,0.9,0.0
20231125:0910,262.08,166.46,9.31,5.98,0.69,0.0
20231125:1010,230.5,148.74,14.65,6.79,0.97,0.0
20231125:1110,361.42,224.01,17.95,7.5,1.03,0.0
20231125:1210,926.18,569.41,18.89,8.11,1.38,0.0
20231125:1310,353.02,219.48,17.39,8.53,1.72,0.0
20231125:1410,185.68,123.98,13.59,8.81,1.93,0.0
20231125:1510,517.18,318.2,7.84,8.92,1.93,0.0
20231125:1610,0.0,0.0,0.0,8.59,1.45,0.0
20231125:1710,0.0,0.0,0.0,8.09,1.52,0.0
20231125:1810,0.0,0.0,0.0,8.18,1.86,0.0
20231125:1910,0.0,0.0,0.0,8.22,2.21,0.0
20231125:2010,0.0,0.0,0.0,8.38,2.21,0.0
20231125:2110,0.0,0.0,0.0,8.39,2.76,0.0
20231125:2210,0.0,0.0,0.0,9.34,3.59,0.0
20231125:2310,0.0,0.0,0.0,9.4,4.97,0.0
20231126:0010,0.0,0.0,0.0,9.55,5.86,0.0
20231126:0110,0.0,0.0,0.0,9.8,6.0,0.0
20231126:0210,0.0,0.0,0.0,10.03,6.07,0.0
20231126:0310,0.0,0.0,0.0,10.14,6.21,0.0
20231126:0410,0.0,0.0,0.0,10.34,6.34,0.0
20231126:0510,0.0,0.0,0.0,10.42,6.55,0.0
20231126:0610,0.0,0.0,0.0,10.62,6.21,0.0
20231126:0710,0.0,0.0,0.0,10.86,5.79,0.0
20231126:0810,3.08,9.27,2.16,10.94,5.24,0.0
20231126:0910,70.36,56.63,9.11,11.04,4.83,0.0
20231126:1010,68.4,55.63,14.44,11.59,4.83,0.0
20231126:1110,39.48,37.08,17.74,12.13,5.03,0.0
20231126:1210,102.84,76.95,18.7,12.36,5.72,0.0
20231126:1310,66.72,54.7,17.21,12.37,6.76,0.0
20231126:1410,105.4,78.22,13.43,12.31,7.59,0.0
20231126:1510,24.72,26.89,7.71,12.19,8.21,0.0
20231126:1610,0.0,0.0,0.0,12.18,8.07,0.0
20231126:1710,0.0,0.0,0.0,11.99,7.45,0.0
20231126:1810,0.0,0.0,0.0,11.72,6.9,0.0
20231126:1910,0.0,0.0,0.0,11.44,6.76,0.0
20231126:2010,0.0,0.0,0.0,11.16,6.62,0.0
20231126:2110,0.0,0.0,0.0,11.13,6.62,0.0
20231126:2210,0.0,0.0,0.0,11.2,6.69,0.0
20231126:2310,0.0,0.0,0.0,11.12,6.48,0.0
20231127:0010,0.0,0.0,0.0,11.05,6.48,0.0
20231127:0110,0.0,0.0,0.0,11.05,6.76,0.0
20231127:0210,0.0,0.0,0.0,11.06,6.83,0.0
20231127:0310,0.0,0.0,0.0,10.87,7.17,0.0
20231127:0410,0.0,0.0,0.0,10.83,7.86,0.0
20231127:0510,0.0,0.0,0.0,10.96,7.59,0.0
20231127:0610,0.0,0.0,0.0,11.12,7.31,0.0
20231127:0710,0.0,0.0,0.0,11.13,7.52,0.0
20231127:0810,0.0,5.56,1.96,10.89,7.66,0.0
20231127:0910,626.94,376.21,8.91,10.62,8.21,0.0
20231127:1010,659.16,393.24,14.24,10.81,7.24,0.0
20231127:1110,1024.6,612.93,17.55,11.15,7.45,0.0
20231127:1210,514.18,309.75,18.51,11.21,8.21,0.0
20231127:1310,965.48,572.44,17.04,11.07,9.03,0.0
20231127:1410,220.94,143.77,13.28,10.84,10.0,0.0
20231127:1510,80.68,62.78,7.58,10.75,10.0,0.0
20231127:1610,0.0,0.0,0.0,10.38,10.0,0.0
20231127:1710,0.0,0.0,0.0,9.97,9.86,0.0
20231127:1810,0.0,0.0,0.0,9.68,9.59,0.0
20231127:1910,0.0,0.0,0.0,9.3,8.69,0.0
20231127:2010,0.0,0.0,0.0,8.87,8.0,0.0
20231127:2110,0.0,0.0,0.0,8.53,7.59,0.0
20231127:2210,0.0,0.0,0.0,8.23,7.31,0.0
20231127:2310,0.0,0.0,0.0,8.16,6.69,0.0
20231128:0010,0.0,0.0,0.0,7.97,5.93,0.0
20231128:0110,0.0,0.0,0.0,7.8,5.66,0.0
20231128:0210,0.0,0.0,0.0,7.55,5.17,0.0
20231128:0310,0.0,0.0,0.0,7.23,4.9,0.0
20231128:0410,0.0,0.0,0.0,6.92,4.34,0.0
20231128:0510,0.0,0.0,0.0,6.7,4.0,0.0
20231128:0610,0.0,0.0,0.0,6.4,3.86,0.0
20231128:0710,0.0,0.0,0.0,6.2,3.72,0.0
20231128:0810,0.0,3.5,1.77,6.03,3.72,0.0
20231128:0910,476.38,287.71,8.71,6.58,3.38,0.0
20231128:1010,558.18,335.33,14.04,7.14,2.34,0.0
20231128:1110,1055.9,653.4,17.36,7.44,1.52,0.0
20231128:1210,405.36,250.15,18.33,7.74,0.55,0.0
20231128:1310,465.02,285.62,16.88,8.04,0.34,0.0
20231128:1410,90.22,68.34,13.14,8.3,0.97,0.0
20231128:1510,47.52,41.85,7.45,8.4,1.17,0.0
20231128:1610,0.0,0.0,0.0,8.41,1.38,0.0
20231128:1710,0.0,0.0,0.0,8.23,1.52,0.0
20231128:1810,0.0,0.0,0.0,8.3,1.79,0.0
20231128:1910,0.0,0.0,0.0,8.35,1.79,0.0
20231128:2010,0.0,0.0,0.0,8.15,1.86,0.0
20231128:2110,0.0,0.0,0.0,7.79,2.21,0.0
20231128:2210,0.0,0.0,0.0,7.46,2.0,0.0
20231128:2310,0.0,0.0,0.0,7.21,2.69,0.0
20231129:0010,0.0,0.0,0.0,7.2,3.17,0.0
20231129:0110,0.0,0.0,0.0,7.28,3.38,0.0
20231129:0210,0.0,0.0,0.0,7.22,3.59,0.0
20231129:0310,0.0,0.0,0.0,7.26,3.79,0.0
20231129:0410,0.0,0.0,0.0,7.36,3.59,0.0
20231129:0510,0.0,0.0,0.0,7.51,3.24,0.0
20231129:0610,0.0,0.0,0.0,7.57,2.62,0.0
20231129:0710,0.0,0.0,0.0,7.67,2.07,0.0
20231129:0810,0.0,1.75,1.58,7.69,1.45,0.0
20231129:0910,78.08,60.72,8.52,7.66,0.97,0.0
20231129:1010,163.04,110.66,13.85,7.54,0.83,0.0
20231129:1110,476.04,292.12,17.17,7.95,0.28,0.0
20231129:1210,92.1,69.53,18.16,8.19,1.03,0.0
20231129:1310,818.74,501.88,16.72,8.36,1.03,0.0
20231129:1410,560.62,341.9,13.0,8.46,0.97,0.0
20231129:1510,259.52,167.14,7.34,8.35,0.9,0.0
20231129:1610,0.0,0.0,0.0,8.07,0.48,0.0
20231129:1710,0.0,0.0,0.0,7.88,0.97,0.0
20231129:1810,0.0,0.0,0.0,7.9,1.59,0.0
20231129:1910,0.0,0.0,0.0,7.81,2.48,0.0
20231129:2010,0.0,0.0,0.0,7.76,3.66,0.0
20231129:2110,0.0,0.0,0.0,7.74,4.9,0.0
20231129:2210,0.0,0.0,0.0,7.37,5.59,0.0
20231129:2310,0.0,0.0,0.0,7.38,6.69,0.0
20231130:0010,0.0,0.0,0.0,7.3,7.31,0.0
20231130:0110,0.0,0.0,0.0,7.12,8.0,0.0
20231130:0210,0.0,0.0,0.0,6.63,8.97,0.0
20231130:0310,0.0,0.0,0.0,5.76,9.31,0.0
20231130:0410,0.0,0.0,0.0,5.16,9.93,0.0
20231130:0510,0.0,0.0,0.0,5.03,10.9,0.0
20231130:0610,0.0,0.0,0.0,4.93,11.45,0.0
20231130:0710,0.0,0.0,0.0,4.79,11.93,0.0
20231130:0810,0.0,0.87,1.39,4.96,12.9,0.0
20231130:0910,4.2,10.2,8.33,5.13,12.34,0.0
20231130:1010,32.68,31.52,13.67,4.41,14.07,0.0
20231130:1110,385.58,229.16,16.99,4.58,12.41,0.0
20231130:1210,740.84,423.43,18.0,4.71,12.14,0.0
20231130:1310,165.98,110.12,16.58,4.64,11.45,0.0
20231130:1410,218.78,138.8,12.87,4.67,11.72,0.0
20231130:1510,28.48,28.74,7.23,4.74,12.14,0.0
20231130:1610,0.0,0.0,0.0,4.85,12.28,0.0
20231130:1710,0.0,0.0,0.0,5.02,12.62,0.0
20231130:1810,0.0,0.0,0.0,5.35,12.14,0.0
20231130:1910,0.0,0.0,0.0,5.58,11.93,0.0
20231130:2010,0.0,0.0,0.0,5.46,11.79,0.0
20231130:2110,0.0,0.0,0.0,5.14,11.45,0.0
20231130:2210,0.0,0.0,0.0,5.14,11.1,0.0
20231130:2310,0.0,0.0,0.0,5.04,10.69,0.0
20231201:0010,0.0,0.0,0.0,4.92,10.14,0.0
20231201:0110,0.0,0.0,0.0,4.74,9.93,0.0
20231201:0210,0.0,0.0,0.0,4.49,9.79,0.0
20231201:0310,0.0,0.0,0.0,4.23,9.79,0.0
20231201:0410,0.0,0.0,0.0,3.98,9.72,0.0
20231201:0510,0.0,0.0,0.0,3.76,9.59,0.0
20231201:0610,0.0,0.0,0.0,3.57,9.17,0.0
20231201:0710,0.0,0.0,0.0,3.44,8.62,0.0
20231201:0810,0.0,0.0,0.0,3.22,8.14,0.0
20231201:0910,430.26,254.81,8.15,3.23,7.86,0.0
20231201:1010,561.18,326.04,13.49,3.71,7.24,0.0
20231201:1110,1064.78,618.72,16.82,4.11,6.76,0.0
20231201:1210,1116.7,653.07,17.84,4.44,6.34,0.0
20231201:1310,1092.02,640.1,16.43,4.73,6.0,0.0
20231201:1410,808.26,471.1,12.75,4.9,5.86,0.0
20231201:1510,340.7,208.27,7.13,4.89,5.93,0.0
20231201:1610,0.0,0.0,0.0,4.58,5.79,0.0
20231201:1710,0.0,0.0,0.0,4.24,5.79,0.0
20231201:1810,0.0,0.0,0.0,3.98,5.72,0.0
20231201:1910,0.0,0.0,0.0,3.82,5.59,0.0
20231201:2010,0.0,0.0,0.0,3.7,5.59,0.0
20231201:2110,0.0,0.0,0.0,3.53,5.45,0.0
20231201:2210,0.0,0.0,0.0,3.27,5.38,0.0
20231201:2310,0.0,0.0,0.0,2.99,5.31,0.0
20231202:0010,0.0,0.0,0.0,2.67,4.9,0.0
20231202:0110,0.0,0.0,0.0,2.73,4.14,0.0
20231202:0210,0.0,0.0,0.0,2.83,3.59,0.0
20231202:0310,0.0,0.0,0.0,2.85,3.38,0.0
20231202:0410,0.0,0.0,0.0,2.93,3.1,0.0
20231202:0510,0.0,0.0,0.0,2.99,2.62,0.0
20231202:0610,0.0,0.0,0.0,2.85,2.21,0.0
20231202:0710,0.0,0.0,0.0,2.51,1.79,0.0
20231202:0810,0.0,0.0,0.0,2.73,1.79,0.0
20231202:0910,362.98,220.6,7.97,3.27,2.21,0.0
20231202:1010,520.42,309.23,13.32,4.52,2.55,0.0
20231202:1110,883.72,524.37,16.66,5.41,3.31,0.0
20231202:1210,1086.1,650.92,17.69,6.24,4.0,0.0
20231202:1310,1075.1,643.86,16.3,6.81,4.34,0.0
20231202:1410,319.34,197.09,12.64,7.0,4.55,0.0
20231202:1510,100.66,73.9,7.03,7.19,5.24,0.0
20231202:1610,0.0,0.0,0.0,7.41,6.41,0.0
20231202:1710,0.0,0.0,0.0,7.58,7.31,0.0
20231202:1810,0.0,0.0,0.0,7.69,8.14,0.0
20231202:1910,0.0,0.0,0.0,7.94,8.07,0.0
20231202:2010,0.0,0.0,0.0,8.29,6.76,0.0
20231202:2110,0.0,0.0,0.0,8.44,5.52,0.0
20231202:2210,0.0,0.0,0.0,8.42,4.14,0.0
20231202:2310,0.0,0.0,0.0,8.61,4.76,0.0
20231203:0010,0.0,0.0,0.0,8.71,5.24,0.0
20231203:0110,0.0,0.0,0.0,8.83,5.52,0.0
20231203:0210,0.0,0.0,0.0,8.82,5.79,0.0
20231203:0310,0.0,0.0,0.0,8.88,5.86,0.0
20231203:0410,0.0,0.0,0.0,9.0,5.79,0.0
20231203:0510,0.0,0.0,0.0,9.0,5.38,0.0
20231203:0610,0.0,0.0,0.0,8.95,5.38,0.0
20231203:0710,0.0,0.0,0.0,9.02,6.34,0.0
20231203:0810,0.0,0.0,0.0,9.23,7.66,0.0
20231203:0910,114.34,82.54,7.8,9.75,7.72,0.0
20231203:1010,79.56,62.12,13.15,9.99,6.69,0.0
20231203:1110,697.46,415.55,16.5,10.54,6.69,0.0
20231203:1210,79.12,62.12,17.54,11.11,6.69,0.0
20231203:1310,32.8,32.45,16.17,11.4,7.17,0.0
20231203:1410,208.46,137.25,12.53,11.35,7.24,0.0
20231203:1510,98.22,73.32,6.94,10.49,7.59,0.0
20231203:1610,0.0,0.0,0.0,10.03,7.38,0.0
20231203:1710,0.0,0.0,0.0,10.08,8.07,0.0
20231203:1810,0.0,0.0,0.0,10.83,8.9,0.0
20231203:1910,0.0,0.0,0.0,11.02,9.38,0.0
20231203:2010,0.0,0.0,0.0,11.21,9.38,0.0
20231203:2110,0.0,0.0,0.0,11.21,9.79,0.0
20231203:2210,0.0,0.0,0.0,11.31,11.86,0.0
20231203:2310,0.0,0.0,0.0,11.49,11.52,0.0
20231204:0010,0.0,0.0,0.0,11.82,10.0,0.0
20231204:0110,0.0,0.0,0.0,11.75,8.83,0.0
20231204:0210,0.0,0.0,0.0,11.39,7.93,0.0
20231204:0310,0.0,0.0,0.0,11.14,5.59,0.0
20231204:0410,0.0,0.0,0.0,10.9,3.31,0.0
20231204:0510,0.0,0.0,0.0,10.64,1.52,0.0
20231204:0610,0.0,0.0,0.0,10.54,1.03,0.0
20231204:0710,0.0,0.0,0.0,9.93,1.31,0.0
20231204:0810,0.0,0.0,0.0,9.39,3.1,0.0
20231204:0910,2.26,8.34,7.64,8.63,4.9,0.0
20231204:1010,347.94,215.6,12.99,9.82,4.48,0.0
20231204:1110,370.02,226.58,16.35,9.64,8.07,0.0
20231204:1210,241.64,154.63,17.4,9.09,9.86,0.0
20231204:1310,167.76,112.87,16.05,8.66,11.1,0.0
20231204:1410,57.72,48.21,12.43,8.46,11.45,0.0
20231204:1510,330.36,204.06,6.86,8.4,11.93,0.0
20231204:1610,0.0,0.0,0.0,8.45,11.86,0.0
20231204:1710,0.0,0.0,0.0,8.66,12.07,0.0
20231204:1810,0.0,0.0,0.0,8.6,12.28,0.0
20231204:1910,0.0,0.0,0.0,8.55,12.62,0.0
20231204:2010,0.0,0.0,0.0,8.49,12.83,0.0
20231204:2110,0.0,0.0,0.0,8.33,12.62,0.0
20231204:2210,0.0,0.0,0.0,8.23,11.72,0.0
20231204:2310,0.0,0.0,0.0,8.19,11.52,0.0
20231205:0010,0.0,0.0,0.0,8.14,11.38,0.0
20231205:0110,0.0,0.0,0.0,8.03,11.38,0.0
20231205:0210,0.0,0.0,0.0,7.96,11.1,0.0
20231205:0310,0.0,0.0,0.0,7.9,10.62,0.0
20231205:0410,0.0,0.0,0.0,7.93,10.55,0.0
20231205:0510,0.0,0.0,0.0,7.97,10.55,0.0
20231205:0610,0.0,0.0,0.0,8.02,10.83,0.0
20231205:0710,0.0,0.0,0.0,7.97,10.69,0.0
20231205:0810,0.0,0.0,0.0,7.99,10.55,0.0
20231205:0910,2.28,8.34,7.48,8.16,10.48,0.0
20231205:1010,29.26,29.67,12.83,8.33,9.52,0.0
20231205:1110,431.78,259.21,16.2,8.52,9.52,0.0
20231205:1210,820.92,480.73,17.27,8.62,8.83,0.0
20231205:1310,701.5,413.04,15.94,8.71,7.72,0.0
20231205:1410,557.9,332.08,12.34,8.61,6.48,0.0
20231205:1510,430.5,263.06,6.79,8.37,5.24,0.0
20231205:1610,0.0,0.0,0.0,7.82,4.34,0.0
20231205:1710,0.0,0.0,0.0,7.18,3.45,0.0
20231205:1810,0.0,0.0,0.0,6.81,3.1,0.0
20231205:1910,0.0,0.0,0.0,6.73,2.69,0.0
20231205:2010,0.0,0.0,0.0,6.86,2.41,0.0
20231205:2110,0.0,0.0,0.0,6.87,2.14,0.0
20231205:2210,0.0,0.0,0.0,6.78,2.41,0.0
20231205:2310,0.0,0.0,0.0,6.53,2.41,0.0
20231206:0010,0.0,0.0,0.0,6.54,2.48,0.0
20231206:0110,0.0,0.0,0.0,6.87,2.34,0.0
20231206:0210,0.0,0.0,0.0,7.2,2.34,0.0
20231206:0310,0.0,0.0,0.0,7.54,2.76,0.0
20231206:0410,0.0,0.0,0.0,7.84,3.17,0.0
20231206:0510,0.0,0.0,0.0,8.12,3.45,0.0
20231206:0610,0.0,0.0,0.0,8.42,4.0,0.0
20231206:0710,0.0,0.0,0.0,8.71,4.83,0.0
20231206:0810,0.0,0.0,0.0,9.12,5.66,0.0
20231206:0910,141.3,98.24,7.32,9.48,6.34,0.0
20231206:1010,316.8,196.97,12.68,9.82,7.59,0.0
20231206:1110,120.7,86.67,16.06,10.17,8.48,0.0
20231206:1210,81.12,63.04,17.15,10.1,8.76,0.0
20231206:1310,183.66,122.66,15.83,10.08,8.9,0.0
20231206:1410,45.68,40.79,12.25,9.9,9.31,0.0
20231206:1510,9.18,14.83,6.72,9.83,9.52,0.0
20231206:1610,0.0,0.0,0.0,10.02,9.86,0.0
20231206:1710,0.0,0.0,0.0,10.03,10.41,0.0
20231206:1810,0.0,0.0,0.0,9.87,11.66,0.0
20231206:1910,0.0,0.0,0.0,10.0,12.28,0.0
20231206:2010,0.0,0.0,0.0,10.0,12.97,0.0
20231206:2110,0.0,0.0,0.0,10.38,13.59,0.0
20231206:2210,0.0,0.0,0.0,10.46,13.38,0.0
20231206:2310,0.0,0.0,0.0,10.67,13.31,0.0
20231207:0010,0.0,0.0,0.0,10.96,13.45,0.0
20231207:0110,0.0,0.0,0.0,11.28,12.0,0.0
20231207:0210,0.0,0.0,0.0,11.79,11.38,0.0
20231207:0310,0.0,0.0,0.0,12.13,11.52,0.0
20231207:0410,0.0,0.0,0.0,12.41,12.48,0.0
20231207:0510,0.0,0.0,0.0,12.47,12.41,0.0
20231207:0610,0.0,0.0,0.0,12.49,12.21,0.0
20231207:0710,0.0,0.0,0.0,12.43,11.79,0.0
20231207:0810,0.0,0.0,0.0,12.14,11.93,0.0
20231207:0910,14.78,19.47,7.18,11.96,12.28,0.0
20231207:1010,19.66,23.18,12.54,12.02,12.55,0.0
20231207:1110,28.72,29.67,15.93,11.85,11.72,0.0
20231207:1210,34.12,33.38,17.03,11.82,11.72,0.0
20231207:1310,45.2,40.79,15.74,12.05,12.21,0.0
20231207:1410,40.82,38.01,12.17,12.71,10.48,0.0
20231207:1510,13.52,18.54,6.66,12.76,8.62,0.0
20231207:1610,0.0,0.0,0.0,12.36,8.55,0.0
20231207:1710,0.0,0.0,0.0,12.06,7.38,0.0
20231207:1810,0.0,0.0,0.0,12.0,7.45,0.0
20231207:1910,0.0,0.0,0.0,11.74,7.66,0.0
20231207:2010,0.0,0.0,0.0,11.48,7.03,0.0
20231207:2110,0.0,0.0,0.0,11.36,6.97,0.0
20231207:2210,0.0,0.0,0.0,11.26,7.45,0.0
20231207:2310,0.0,0.0,0.0,11.08,7.86,0.0
20231208:0010,0.0,0.0,0.0,10.92,7.93,0.0
20231208:0110,0.0,0.0,0.0,10.87,7.45,0.0
20231208:0210,0.0,0.0,0.0,10.75,7.17,0.0
20231208:0310,0.0,0.0,0.0,10.75,7.31,0.0
20231208:0410,0.0,0.0,0.0,10.78,7.66,0.0
20231208:0510,0.0,0.0,0.0,10.76,7.59,0.0
20231208:0610,0.0,0.0,0.0,10.78,7.52,0.0
20231208:0710,0.0,0.0,0.0,10.72,7.72,0.0
20231208:0810,0.0,0.0,0.0,10.75,7.86,0.0
20231208:0910,1.4,7.42,7.03,10.86,8.14,0.0
20231208:1010,209.0,137.33,12.41,11.24,8.21,0.0
20231208:1110,876.44,520.6,15.81,11.58,8.76,0.0
20231208:1210,436.26,265.26,16.92,11.72,9.86,0.0
20231208:1310,554.18,331.43,15.64,11.62,10.14,0.0
20231208:1410,560.86,335.61,12.1,11.69,10.14,0.0
20231208:1510,156.32,107.64,6.61,11.36,9.45,0.0
20231208:1610,0.0,0.0,0.0,10.92,9.03,0.0
20231208:1710,0.0,0.0,0.0,10.78,8.97,0.0
20231208:1810,0.0,0.0,0.0,10.6,8.76,0.0
20231208:1910,0.0,0.0,0.0,10.59,9.24,0.0
20231208:2010,0.0,0.0,0.0,10.36,8.83,0.0
20231208:2110,0.0,0.0,0.0,10.39,8.62,0.0
20231208:2210,0.0,0.0,0.0,11.17,8.48,0.0
20231208:2310,0.0,0.0,0.0,11.28,8.76,0.0
20231209:0010,0.0,0.0,0.0,11.54,9.66,0.0
20231209:0110,0.0,0.0,0.0,11.89,9.72,0.0
20231209:0210,0.0,0.0,0.0,12.04,9.59,0.0
20231209:0310,0.0,0.0,0.0,12.1,9.31,0.0
20231209:0410,0.0,0.0,0.0,12.36,9.79,0.0
20231209:0510,0.0,0.0,0.0,13.06,9.03,0.0
20231209:0610,0.0,0.0,0.0,13.2,11.1,0.0
20231209:0710,0.0,0.0,0.0,13.56,11.1,0.0
20231209:0810,0.0,0.0,0.0,13.64,11.72,0.0
20231209:0910,14.64,19.47,6.9,13.47,12.21,0.0
20231209:1010,69.7,56.55,12.28,12.66,12.07,0.0
20231209:1110,422.28,256.62,15.69,11.72,11.86,0.0
20231209:1210,202.42,133.88,16.82,11.49,11.66,0.0
20231209:1310,39.62,37.08,15.56,11.9,12.14,0.0
20231209:1410,11.28,16.69,12.04,12.0,12.41,0.0
20231209:1510,279.74,178.26,6.56,11.77,11.86,0.0
20231209:1610,0.0,0.0,0.0,10.69,12.55,0.0
20231209:1710,0.0,0.0,0.0,10.41,11.24,0.0
20231209:1810,0.0,0.0,0.0,10.87,12.83,0.0
20231209:1910,0.0,0.0,0.0,11.07,12.62,0.0
20231209:2010,0.0,0.0,0.0,11.28,11.1,0.0
20231209:2110,0.0,0.0,0.0,11.16,10.62,0.0
20231209:2210,0.0,0.0,0.0,11.22,11.17,0.0
20231209:2310,0.0,0.0,0.0,11.33,10.41,0.0
20231210:0010,0.0,0.0,0.0,11.35,9.24,0.0
20231210:0110,0.0,0.0,0.0,11.35,9.24,0.0
20231210:0210,0.0,0.0,0.0,11.52,9.66,0.0
20231210:0310,0.0,0.0,0.0,11.72,9.17,0.0
20231210:0410,0.0,0.0,0.0,11.71,7.52,0.0
20231210:0510,0.0,0.0,0.0,11.46,6.97,0.0
20231210:0610,0.0,0.0,0.0,11.7,8.62,0.0
20231210:0710,0.0,0.0,0.0,11.96,9.86,0.0
20231210:0810,0.0,0.0,0.0,12.02,11.24,0.0
20231210:0910,9.04,14.83,6.77,12.43,12.97,0.0
20231210:1010,25.94,27.81,12.16,12.86,12.41,0.0
20231210:1110,143.58,100.95,15.58,13.13,11.52,0.0
20231210:1210,793.9,471.56,16.73,13.07,11.24,0.0
20231210:1310,785.86,466.66,15.49,12.71,10.69,0.0
20231210:1410,823.16,489.74,11.98,12.59,10.28,0.0
20231210:1510,196.7,131.44,6.52,12.53,10.69,0.0
20231210:1610,0.0,0.0,0.0,12.37,11.66,0.0
20231210:1710,0.0,0.0,0.0,12.34,12.34,0.0
20231210:1810,0.0,0.0,0.0,12.24,12.97,0.0
20231210:1910,0.0,0.0,0.0,12.25,13.03,0.0
20231210:2010,0.0,0.0,0.0,12.12,13.1,0.0
20231210:2110,0.0,0.0,0.0,12.06,13.03,0.0
20231210:2210,0.0,0.0,0.0,11.96,12.28,0.0
20231210:2310,0.0,0.0,0.0,11.85,11.03,0.0
20231211:0010,0.0,0.0,0.0,11.68,10.41,0.0
20231211:0110,0.0,0.0,0.0,11.5,9.52,0.0
20231211:0210,0.0,0.0,0.0,11.31,8.62,0.0
20231211:0310,0.0,0.0,0.0,11.23,8.41,0.0
20231211:0410,0.0,0.0,0.0,11.01,8.0,0.0
20231211:0510,0.0,0.0,0.0,10.8,7.45,0.0
20231211:0610,0.0,0.0,0.0,10.66,7.1,0.0
20231211:0710,0.0,0.0,0.0,10.52,6.9,0.0
20231211:0810,0.0,0.0,0.0,10.41,6.21,0.0
20231211:0910,283.2,180.46,6.64,10.55,5.45,0.0
20231211:1010,695.74,419.04,12.04,10.96,4.76,0.0
20231211:1110,477.5,291.25,15.47,11.51,4.83,0.0
20231211:1210,77.2,61.19,16.64,11.93,4.69,0.0
20231211:1310,45.06,40.79,15.42,12.18,4.9,0.0
20231211:1410,47.84,42.65,11.93,12.36,5.17,0.0
20231211:1510,105.8,78.53,6.49,12.51,5.52,0.0
20231211:1610,0.0,0.0,0.0,12.39,5.38,0.0
20231211:1710,0.0,0.0,0.0,12.25,6.41,0.0
20231211:1810,0.0,0.0,0.0,12.45,6.83,0.0
20231211:1910,0.0,0.0,0.0,12.39,7.45,0.0
20231211:2010,0.0,0.0,0.0,12.45,8.34,0.0
20231211:2110,0.0,0.0,0.0,12.5,8.97,0.0
20231211:2210,0.0,0.0,0.0,12.53,8.21,0.0
20231211:2310,0.0,0.0,0.0,12.24,8.76,0.0
20231212:0010,0.0,0.0,0.0,12.14,9.03,0.0
20231212:0110,0.0,0.0,0.0,12.04,8.48,0.0
20231212:0210,0.0,0.0,0.0,11.84,7.72,0.0
20231212:0310,0.0,0.0,0.0,11.69,7.59,0.0
20231212:0410,0.0,0.0,0.0,11.63,8.34,0.0
20231212:0510,0.0,0.0,0.0,11.67,9.38,0.0
20231212:0610,0.0,0.0,0.0,11.91,10.28,0.0
20231212:0710,0.0,0.0,0.0,11.45,10.21,0.0
20231212:0810,0.0,0.0,0.0,11.17,10.9,0.0
20231212:0910,18.52,22.25,6.53,11.02,10.83,0.0
20231212:1010,198.48,131.2,11.93,11.29,9.93,0.0
20231212:1110,786.68,463.07,15.38,11.06,11.03,0.0
20231212:1210,17.28,21.32,16.56,11.04,11.93,0.0
20231212:1310,14.88,19.47,15.36,10.9,11.17,0.0
20231212:1410,774.42,458.17,11.89,11.03,9.66,0.0
20231212:1510,73.84,58.61,6.46,10.91,8.83,0.0
20231212:1610,0.0,0.0,0.0,10.61,7.79,0.0
20231212:1710,0.0,0.0,0.0,10.11,6.97,0.0
20231212:1810,0.0,0.0,0.0,10.07,6.41,0.0
20231212:1910,0.0,0.0,0.0,9.97,5.72,0.0
20231212:2010,0.0,0.0,0.0,9.76,5.17,0.0
20231212:2110,0.0,0.0,0.0,9.52,5.17,0.0
20231212:2210,0.0,0.0,0.0,9.6,4.97,0.0
20231212:2310,0.0,0.0,0.0,9.3,4.83,0.0
20231213:0010,0.0,0.0,0.0,9.07,4.69,0.0
20231213:0110,0.0,0.0,0.0,8.99,5.24,0.0
20231213:0210,0.0,0.0,0.0,8.98,6.28,0.0
20231213:0310,0.0,0.0,0.0,9.25,7.03,0.0
20231213:0410,0.0,0.0,0.0,9.51,7.17,0.0
20231213:0510,0.0,0.0,0.0,9.66,7.24,0.0
20231213:0610,0.0,0.0,0.0,9.6,7.79,0.0
20231213:0710,0.0,0.0,0.0,9.5,7.86,0.0
20231213:0810,0.0,0.0,0.0,9.41,7.72,0.0
20231213:0910,172.28,116.01,6.42,9.36,7.86,0.0
20231213:1010,278.14,174.88,11.83,9.51,8.48,0.0
20231213:1110,689.44,405.97,15.29,9.45,8.9,0.0
20231213:1210,1065.38,628.29,16.49,9.44,8.97,0.0
20231213:1310,926.88,544.97,15.3,9.6,9.1,0.0
20231213:1410,184.48,122.54,11.85,9.69,9.17,0.0
20231213:1510,305.36,191.54,6.45,9.62,8.83,0.0
20231213:1610,0.0,0.0,0.0,9.35,8.21,0.0
20231213:1710,0.0,0.0,0.0,9.07,7.59,0.0
20231213:1810,0.0,0.0,0.0,8.84,7.1,0.0
20231213:1910,0.0,0.0,0.0,8.66,6.76,0.0
20231213:2010,0.0,0.0,0.0,8.53,6.28,0.0
20231213:2110,0.0,0.0,0.0,8.33,5.93,0.0
20231213:2210,0.0,0.0,0.0,8.29,5.17,0.0
20231213:2310,0.0,0.0,0.0,8.3,4.69,0.0
20231214:0010,0.0,0.0,0.0,8.2,4.76,0.0
20231214:0110,0.0,0.0,0.0,8.15,4.55,0.0
20231214:0210,0.0,0.0,0.0,8.33,4.07,0.0
20231214:0310,0.0,0.0,0.0,8.61,4.34,0.0
20231214:0410,0.0,0.0,0.0,8.86,4.83,0.0
20231214:0510,0.0,0.0,0.0,9.27,4.83,0.0
20231214:0610,0.0,0.0,0.0,9.49,5.72,0.0
20231214:0710,0.0,0.0,0.0,10.13,6.07,0.0
20231214:0810,0.0,0.0,0.0,10.7,6.34,0.0
20231214:0910,60.58,50.41,6.31,10.85,6.69,0.0
20231214:1010,59.78,50.06,11.74,10.99,5.86,0.0
20231214:1110,272.4,173.77,15.21,11.38,6.14,0.0
20231214:1210,376.7,232.86,16.42,11.65,6.55,0.0
20231214:1310,127.22,91.15,15.26,11.9,6.55,0.0
20231214:1410,244.12,157.86,11.83,11.88,6.21,0.0
20231214:1510,49.58,43.56,6.44,11.6,5.86,0.0
20231214:1610,0.0,0.0,0.0,11.06,5.72,0.0
20231214:1710,0.0,0.0,0.0,10.47,5.79,0.0
20231214:1810,0.0,0.0,0.0,10.11,5.45,0.0
20231214:1910,0.0,0.0,0.0,9.85,4.69,0.0
20231214:2010,0.0,0.0,0.0,9.67,4.34,0.0
20231214:2110,0.0,0.0,0.0,9.69,4.34,0.0
20231214:2210,0.0,0.0,0.0,9.99,3.93,0.0
20231214:2310,0.0,0.0,0.0,9.87,3.52,0.0
20231215:0010,0.0,0.0,0.0,9.69,3.31,0.0
20231215:0110,0.0,0.0,0.0,9.61,3.93,0.0
20231215:0210,0.0,0.0,0.0,9.44,4.41,0.0
20231215:0310,0.0,0.0,0.0,9.61,4.07,0.0
20231215:0410,0.0,0.0,0.0,9.6,3.31,0.0
20231215:0510,0.0,0.0,0.0,9.7,2.97,0.0
20231215:0610,0.0,0.0,0.0,9.56,3.24,0.0
20231215:0710,0.0,0.0,0.0,9.61,3.31,0.0
20231215:0810,0.0,0.0,0.0,9.65,3.45,0.0
20231215:0910,17.38,21.32,6.21,9.74,3.31,0.0
20231215:1010,310.86,195.4,11.65,10.18,3.24,0.0
20231215:1110,887.98,539.2,15.13,10.57,3.59,0.0
20231215:1210,182.48,123.03,16.37,10.77,3.72,0.0
20231215:1310,89.64,68.61,15.22,10.9,3.86,0.0
20231215:1410,31.48,31.52,11.81,11.0,3.93,0.0
20231215:1510,23.56,25.96,6.43,11.0,4.28,0.0
20231215:1610,0.0,0.0,0.0,10.86,4.55,0.0
20231215:1710,0.0,0.0,0.0,10.73,4.55,0.0
20231215:1810,0.0,0.0,0.0,10.84,4.83,0.0
20231215:1910,0.0,0.0,0.0,11.05,4.97,0.0
20231215:2010,0.0,0.0,0.0,11.25,4.69,0.0
20231215:2110,0.0,0.0,0.0,11.29,4.21,0.0
20231215:2210,0.0,0.0,0.0,11.46,4.34,0.0
20231215:2310,0.0,0.0,0.0,11.43,4.21,0.0
20231216:0010,0.0,0.0,0.0,11.36,4.34,0.0
20231216:0110,0.0,0.0,0.0,11.28,4.34,0.0
20231216:0210,0.0,0.0,0.0,11.32,4.41,0.0
20231216:0310,0.0,0.0,0.0,11.3,4.48,0.0
20231216:0410,0.0,0.0,0.0,11.17,4.48,0.0
20231216:0510,0.0,0.0,0.0,11.02,4.62,0.0
20231216:0610,0.0,0.0,0.0,11.04,5.1,0.0
20231216:0710,0.0,0.0,0.0,11.0,5.03,0.0
20231216:0810,0.0,0.0,0.0,11.09,5.38,0.0
20231216:0910,16.04,20.4,6.12,11.12,5.66,0.0
20231216:1010,93.64,70.87,11.57,11.32,6.07,0.0
20231216:1110,71.4,57.48,15.07,11.63,6.28,0.0
20231216:1210,72.86,58.41,16.32,11.74,6.14,0.0
20231216:1310,46.58,41.72,15.19,11.8,6.0,0.0
20231216:1410,23.46,25.96,11.79,11.8,5.52,0.0
20231216:1510,20.92,24.1,6.44,11.72,5.24,0.0
20231216:1610,0.0,0.0,0.0,11.58,4.83,0.0
20231216:1710,0.0,0.0,0.0,11.36,4.83,0.0
20231216:1810,0.0,0.0,0.0,11.26,5.59,0.0
20231216:1910,0.0,0.0,0.0,11.18,6.28,0.0
20231216:2010,0.0,0.0,0.0,11.03,6.69,0.0
20231216:2110,0.0,0.0,0.0,10.81,6.69,0.0
20231216:2210,0.0,0.0,0.0,10.39,6.07,0.0
20231216:2310,0.0,0.0,0.0,10.3,7.1,0.0
20231217:0010,0.0,0.0,0.0,10.22,7.38,0.0
20231217:0110,0.0,0.0,0.0,10.16,7.24,0.0
20231217:0210,0.0,0.0,0.0,10.17,7.24,0.0
20231217:0310,0.0,0.0,0.0,10.26,7.31,0.0
20231217:0410,0.0,0.0,0.0,10.24,7.17,0.0
20231217:0510,0.0,0.0,0.0,10.31,7.17,0.0
20231217:0610,0.0,0.0,0.0,10.34,7.31,0.0
20231217:0710,0.0,0.0,0.0,10.48,7.38,0.0
20231217:0810,0.0,0.0,0.0,10.57,7.59,0.0
20231217:0910,5.96,12.05,6.04,10.73,7.66,0.0
20231217:1010,26.22,27.81,11.49,10.78,7.03,0.0
20231217:1110,32.9,32.45,15.01,10.84,7.52,0.0
20231217:1210,34.24,33.38,16.27,10.95,8.34,0.0
20231217:1310,26.18,27.81,15.16,11.05,8.48,0.0
20231217:1410,13.64,18.54,11.79,11.24,7.79,0.0
20231217:1510,12.48,17.62,6.45,11.27,7.38,0.0
20231217:1610,0.0,0.0,0.0,11.26,7.1,0.0
20231217:1710,0.0,0.0,0.0,11.19,7.1,0.0
20231217:1810,0.0,0.0,0.0,11.16,6.97,0.0
20231217:1910,0.0,0.0,0.0,11.2,7.03,0.0
20231217:2010,0.0,0.0,0.0,11.2,7.1,0.0
20231217:2110,0.0,0.0,0.0,11.24,7.1,0.0
20231217:2210,0.0,0.0,0.0,11.37,6.83,0.0
20231217:2310,0.0,0.0,0.0,11.32,7.52,0.0
20231218:0010,0.0,0.0,0.0,11.29,7.72,0.0
20231218:0110,0.0,0.0,0.0,11.19,7.59,0.0
20231218:0210,0.0,0.0,0.0,11.02,7.72,0.0
20231218:0310,0.0,0.0,0.0,10.84,7.66,0.0
20231218:0410,0.0,0.0,0.0,10.87,7.86,0.0
20231218:0510,0.0,0.0,0.0,11.01,7.72,0.0
20231218:0610,0.0,0.0,0.0,11.23,7.52,0.0
20231218:0710,0.0,0.0,0.0,11.45,7.59,0.0
20231218:0810,0.0,0.0,0.0,11.63,7.79,0.0
20231218:0910,0.62,6.49,5.96,11.76,8.28,0.0
20231218:1010,22.18,25.03,11.43,11.87,7.31,0.0
20231218:1110,65.38,53.77,14.96,11.98,7.24,0.0
20231218:1210,47.96,42.65,16.24,12.1,8.07,0.0
20231218:1310,50.82,44.5,15.15,12.16,8.83,0.0
20231218:1410,22.14,25.03,11.79,12.25,8.21,0.0
20231218:1510,33.9,33.25,6.47,12.23,7.86,0.0
20231218:1610,0.0,0.0,0.0,12.21,7.93,0.0
20231218:1710,0.0,0.0,0.0,12.27,8.14,0.0
20231218:1810,0.0,0.0,0.0,12.31,8.28,0.0
20231218:1910,0.0,0.0,0.0,12.36,8.62,0.0
20231218:2010,0.0,0.0,0.0,12.39,8.83,0.0
20231218:2110,0.0,0.0,0.0,12.37,8.97,0.0
20231218:2210,0.0,0.0,0.0,12.37,8.14,0.0
20231218:2310,0.0,0.0,0.0,12.38,8.69,0.0
20231219:0010,0.0,0.0,0.0,12.42,9.1,0.0
20231219:0110,0.0,0.0,0.0,12.49,9.66,0.0
20231219:0210,0.0,0.0,0.0,12.55,9.45,0.0
20231219:0310,0.0,0.0,0.0,12.63,9.24,0.0
20231219:0410,0.0,0.0,0.0,12.63,9.72,0.0
20231219:0510,0.0,0.0,0.0,12.65,9.93,0.0
20231219:0610,0.0,0.0,0.0,12.64,10.0,0.0
20231219:0710,0.0,0.0,0.0,12.57,10.0,0.0
20231219:0810,0.0,0.0,0.0,12.23,9.59,0.0
20231219:0910,1.38,7.42,5.89,11.57,8.55,0.0
20231219:1010,60.96,50.99,11.37,11.92,6.07,0.0
20231219:1110,38.32,36.16,14.91,11.22,6.9,0.0
20231219:1210,48.26,42.65,16.21,10.89,7.93,0.0
20231219:1310,145.16,100.9,15.14,10.64,8.41,0.0
20231219:1410,52.76,45.43,11.8,10.27,8.34,0.0
20231219:1510,37.18,35.14,6.49,9.77,8.97,0.0
20231219:1610,0.0,0.0,0.0,9.43,9.17,0.0
20231219:1710,0.0,0.0,0.0,9.21,8.34,0.0
20231219:1810,0.0,0.0,0.0,9.26,7.66,0.0
20231219:1910,0.0,0.0,0.0,9.46,7.52,0.0
20231219:2010,0.0,0.0,0.0,9.64,7.79,0.0
20231219:2110,0.0,0.0,0.0,9.6,7.93,0.0
20231219:2210,0.0,0.0,0.0,9.75,7.38,0.0
20231219:2310,0.0,0.0,0.0,9.67,7.79,0.0
20231220:0010,0.0,0.0,0.0,9.47,7.93,0.0
20231220:0110,0.0,0.0,0.0,9.52,7.72,0.0
20231220:0210,0.0,0.0,0.0,9.56,7.66,0.0
20231220:0310,0.0,0.0,0.0,9.69,8.28,0.0
20231220:0410,0.0,0.0,0.0,9.82,8.69,0.0
20231220:0510,0.0,0.0,0.0,10.09,8.76,0.0
20231220:0610,0.0,0.0,0.0,10.33,8.69,0.0
20231220:0710,0.0,0.0,0.0,10.39,8.83,0.0
20231220:0810,0.0,0.0,0.0,10.51,9.17,0.0
20231220:0910,5.96,12.05,5.82,10.65,9.17,0.0
20231220:1010,587.06,349.69,11.31,10.87,9.52,0.0
20231220:1110,225.32,146.44,14.88,11.07,9.72,0.0
20231220:1210,468.42,283.02,16.19,11.3,9.03,0.0
20231220:1310,13.64,18.54,15.14,11.31,10.28,0.0
20231220:1410,8.02,13.91,11.82,11.18,10.28,0.0
20231220:1510,21.04,24.1,6.52,10.94,10.62,0.0
20231220:1610,0.0,0.0,0.0,10.86,10.21,0.0
20231220:1710,0.0,0.0,0.0,10.94,9.31,0.0
20231220:1810,0.0,0.0,0.0,11.14,9.17,0.0
20231220:1910,0.0,0.0,0.0,11.25,9.24,0.0
20231220:2010,0.0,0.0,0.0,11.27,8.97,0.0
20231220:2110,0.0,0.0,0.0,11.22,9.24,0.0
20231220:2210,0.0,0.0,0.0,11.29,9.79,0.0
20231220:2310,0.0,0.0,0.0,11.4,9.38,0.0
20231221:0010,0.0,0.0,0.0,11.43,9.38,0.0
20231221:0110,0.0,0.0,0.0,11.47,9.45,0.0
20231221:0210,0.0,0.0,0.0,11.52,9.31,0.0
20231221:0310,0.0,0.0,0.0,11.57,8.97,0.0
20231221:0410,0.0,0.0,0.0,11.54,10.28,0.0
20231221:0510,0.0,0.0,0.0,11.46,11.38,0.0
20231221:0610,0.0,0.0,0.0,11.37,11.59,0.0
20231221:0710,0.0,0.0,0.0,11.39,11.17,0.0
20231221:0810,0.0,0.0,0.0,11.45,11.45,0.0
20231221:0910,6.96,12.98,5.76,11.45,11.93,0.0
20231221:1010,13.62,18.54,11.27,11.77,14.21,0.0
20231221:1110,171.82,116.38,14.85,12.01,15.03,0.0
20231221:1210,413.8,251.95,16.18,12.25,13.79,0.0
20231221:1310,299.84,188.5,15.15,12.29,13.45,0.0
20231221:1410,179.68,120.81,11.84,12.29,12.97,0.0
20231221:1510,226.52,148.04,6.56,12.24,12.34,0.0
20231221:1610,0.0,0.0,0.0,12.17,11.86,0.0
20231221:1710,0.0,0.0,0.0,12.07,11.72,0.0
20231221:1810,0.0,0.0,0.0,11.95,11.24,0.0
20231221:1910,0.0,0.0,0.0,11.84,11.1,0.0
20231221:2010,0.0,0.0,0.0,11.75,10.34,0.0
20231221:2110,0.0,0.0,0.0,11.69,9.79,0.0
20231221:2210,0.0,0.0,0.0,11.58,10.21,0.0
20231221:2310,0.0,0.0,0.0,11.57,10.28,0.0
20231222:0010,0.0,0.0,0.0,11.58,10.76,0.0
20231222:0110,0.0,0.0,0.0,11.67,10.9,0.0
20231222:0210,0.0,0.0,0.0,11.68,10.97,0.0
20231222:0310,0.0,0.0,0.0,11.51,11.72,0.0
20231222:0410,0.0,0.0,0.0,11.32,11.79,0.0
20231222:0510,0.0,0.0,0.0,11.03,11.79,0.0
20231222:0610,0.0,0.0,0.0,10.87,12.14,0.0
20231222:0710,0.0,0.0,0.0,10.8,12.41,0.0
20231222:0810,0.0,0.0,0.0,10.66,12.07,0.0
20231222:0910,8.06,13.91,5.71,10.61,11.52,0.0
20231222:1010,26.26,27.81,11.23,10.57,11.24,0.0
20231222:1110,62.92,51.92,14.83,10.76,11.1,0.0
20231222:1210,386.14,235.75,16.18,10.89,11.38,0.0
20231222:1310,351.84,216.64,15.16,10.88,11.1,0.0
20231222:1410,42.62,38.94,11.88,10.9,10.83,0.0
20231222:1510,36.88,35.07,6.61,10.81,10.83,0.0
20231222:1610,0.0,0.0,0.0,10.74,10.48,0.0
20231222:1710,0.0,0.0,0.0,10.72,9.52,0.0
20231222:1810,0.0,0.0,0.0,10.58,8.69,0.0
20231222:1910,0.0,0.0,0.0,10.57,8.41,0.0
20231222:2010,0.0,0.0,0.0,10.63,8.48,0.0
20231222:2110,0.0,0.0,0.0,10.67,8.55,0.0
20231222:2210,0.0,0.0,0.0,10.58,9.52,0.0
20231222:2310,0.0,0.0,0.0,10.48,9.17,0.0
20231223:0010,0.0,0.0,0.0,10.45,8.41,0.0
20231223:0110,0.0,0.0,0.0,10.55,8.48,0.0
20231223:0210,0.0,0.0,0.0,10.63,8.14,0.0
20231223:0310,0.0,0.0,0.0,10.84,8.76,0.0
20231223:0410,0.0,0.0,0.0,11.05,10.0,0.0
20231223:0510,0.0,0.0,0.0,11.1,10.28,0.0
20231223:0610,0.0,0.0,0.0,10.99,9.93,0.0
20231223:0710,0.0,0.0,0.0,10.91,9.52,0.0
20231223:0810,0.0,0.0,0.0,10.9,9.52,0.0
20231223:0910,80.42,62.68,5.67,10.95,10.28,0.0
20231223:1010,101.24,75.09,11.2,10.99,11.45,0.0
20231223:1110,215.8,141.0,14.81,11.12,10.76,0.0
20231223:1210,387.0,236.81,16.18,11.28,10.76,0.0
20231223:1310,205.2,135.26,15.19,11.45,11.17,0.0
20231223:1410,215.4,140.71,11.92,11.48,11.24,0.0
20231223:1510,85.72,65.87,6.66,11.35,11.03,0.0
20231223:1610,0.0,0.0,0.0,11.25,10.97,0.0
20231223:1710,0.0,0.0,0.0,11.13,10.14,0.0
20231223:1810,0.0,0.0,0.0,11.01,9.79,0.0
20231223:1910,0.0,0.0,0.0,11.06,10.62,0.0
20231223:2010,0.0,0.0,0.0,11.15,10.9,0.0
20231223:2110,0.0,0.0,0.0,11.26,10.69,0.0
20231223:2210,0.0,0.0,0.0,11.49,11.45,0.0
20231223:2310,0.0,0.0,0.0,11.67,12.0,0.0
20231224:0010,0.0,0.0,0.0,11.77,11.79,0.0
20231224:0110,0.0,0.0,0.0,11.97,12.0,0.0
20231224:0210,0.0,0.0,0.0,12.09,11.59,0.0
20231224:0310,0.0,0.0,0.0,12.26,11.66,0.0
20231224:0410,0.0,0.0,0.0,12.36,11.52,0.0
20231224:0510,0.0,0.0,0.0,12.4,11.38,0.0
20231224:0610,0.0,0.0,0.0,12.37,11.52,0.0
20231224:0710,0.0,0.0,0.0,12.34,11.45,0.0
20231224:0810,0.0,0.0,0.0,12.21,11.38,0.0
20231224:0910,2.18,8.34,5.63,12.19,11.59,0.0
20231224:1010,14.76,19.47,11.18,12.16,11.31,0.0
20231224:1110,52.3,45.43,14.8,12.16,11.66,0.0
20231224:1210,276.04,175.42,16.2,12.23,12.07,0.0
20231224:1310,65.42,53.77,15.22,12.22,12.34,0.0
20231224:1410,7.96,13.91,11.96,12.3,11.66,0.0
20231224:1510,33.66,33.09,6.72,12.35,11.31,0.0
20231224:1610,0.0,0.0,0.0,12.39,11.24,0.0
20231224:1710,0.0,0.0,0.0,12.41,11.24,0.0
20231224:1810,0.0,0.0,0.0,12.38,11.03,0.0
20231224:1910,0.0,0.0,0.0,12.42,10.83,0.0
20231224:2010,0.0,0.0,0.0,12.46,10.69,0.0
20231224:2110,0.0,0.0,0.0,12.46,10.55,0.0
20231224:2210,0.0,0.0,0.0,12.39,10.62,0.0
20231224:2310,0.0,0.0,0.0,12.35,10.62,0.0
20231225:0010,0.0,0.0,0.0,12.29,10.83,0.0
20231225:0110,0.0,0.0,0.0,12.32,10.97,0.0
20231225:0210,0.0,0.0,0.0,12.36,10.69,0.0
20231225:0310,0.0,0.0,0.0,12.37,10.14,0.0
20231225:0410,0.0,0.0,0.0,12.33,9.38,0.0
20231225:0510,0.0,0.0,0.0,12.26,9.17,0.0
20231225:0610,0.0,0.0,0.0,12.24,8.9,0.0
20231225:0710,0.0,0.0,0.0,12.23,8.69,0.0
20231225:0810,0.0,0.0,0.0,12.26,8.76,0.0
20231225:0910,13.56,18.54,5.6,12.28,9.24,0.0
20231225:1010,28.68,29.67,11.16,12.12,9.24,0.0
20231225:1110,26.04,27.81,14.81,12.16,9.93,0.0
20231225:1210,101.68,76.02,16.22,12.17,10.69,0.0
20231225:1310,87.94,67.68,15.26,12.16,11.17,0.0
20231225:1410,35.42,34.3,12.02,12.1,11.52,0.0
20231225:1510,23.46,25.96,6.79,12.08,11.72,0.0
20231225:1610,0.0,0.0,0.0,12.03,11.59,0.0
20231225:1710,0.0,0.0,0.0,11.98,11.38,0.0
20231225:1810,0.0,0.0,0.0,11.97,11.03,0.0
20231225:1910,0.0,0.0,0.0,11.92,9.93,0.0
20231225:2010,0.0,0.0,0.0,11.72,9.03,0.0
20231225:2110,0.0,0.0,0.0,11.48,7.79,0.0
20231225:2210,0.0,0.0,0.0,11.08,6.9,0.0
20231225:2310,0.0,0.0,0.0,10.87,6.69,0.0
20231226:0010,0.0,0.0,0.0,10.51,6.83,0.0
20231226:0110,0.0,0.0,0.0,10.27,7.17,0.0
20231226:0210,0.0,0.0,0.0,9.98,7.38,0.0
20231226:0310,0.0,0.0,0.0,9.79,7.03,0.0
20231226:0410,0.0,0.0,0.0,9.66,6.28,0.0
20231226:0510,0.0,0.0,0.0,9.52,5.79,0.0
20231226:0610,0.0,0.0,0.0,9.48,4.97,0.0
20231226:0710,0.0,0.0,0.0,9.33,4.41,0.0
20231226:0810,0.0,0.0,0.0,9.3,4.07,0.0
20231226:0910,32.3,31.88,5.57,9.36,3.59,0.0
20231226:1010,585.2,354.73,11.15,9.63,2.69,0.0
20231226:1110,375.02,232.92,14.81,9.95,1.86,0.0
20231226:1210,308.38,195.16,16.24,10.2,1.72,0.0
20231226:1310,237.0,154.04,15.3,10.32,2.48,0.0
20231226:1410,49.68,43.57,12.08,10.37,2.21,0.0
20231226:1510,84.62,65.13,6.86,10.32,3.72,0.0
20231226:1610,0.0,0.0,0.0,10.29,4.41,0.0
20231226:1710,0.0,0.0,0.0,10.11,4.76,0.0
20231226:1810,0.0,0.0,0.0,10.15,6.69,0.0
20231226:1910,0.0,0.0,0.0,10.74,8.0,0.0
20231226:2010,0.0,0.0,0.0,11.31,6.97,0.0
20231226:2110,0.0,0.0,0.0,11.75,7.59,0.0
20231226:2210,0.0,0.0,0.0,11.6,8.69,0.0
20231226:2310,0.0,0.0,0.0,11.6,8.9,0.0
20231227:0010,0.0,0.0,0.0,11.67,10.0,0.0
20231227:0110,0.0,0.0,0.0,11.78,9.93,0.0
20231227:0210,0.0,0.0,0.0,11.94,10.21,0.0
20231227:0310,0.0,0.0,0.0,12.15,11.17,0.0
20231227:0410,0.0,0.0,0.0,12.27,11.79,0.0
20231227:0510,0.0,0.0,0.0,12.33,12.34,0.0
20231227:0610,0.0,0.0,0.0,12.5,13.1,0.0
20231227:0710,0.0,0.0,0.0,12.66,13.72,0.0
20231227:0810,0.0,0.0,0.0,12.72,14.07,0.0
20231227:0910,31.82,31.89,5.56,12.78,14.83,0.0
20231227:1010,22.08,25.03,11.15,13.01,15.17,0.0
20231227:1110,23.34,25.96,14.83,13.07,16.97,0.0
20231227:1210,31.24,31.52,16.28,12.95,16.34,0.0
20231227:1310,46.56,41.72,15.35,12.3,14.0,0.0
20231227:1410,23.48,25.96,12.15,11.9,12.83,0.0
20231227:1510,17.3,21.32,6.94,10.93,12.28,0.0
20231227:1610,0.0,0.0,0.0,11.04,10.97,0.0
20231227:1710,0.0,0.0,0.0,11.23,11.24,0.0
20231227:1810,0.0,0.0,0.0,11.47,12.48,0.0
20231227:1910,0.0,0.0,0.0,11.55,13.72,0.0
20231227:2010,0.0,0.0,0.0,11.66,15.03,0.0
20231227:2110,0.0,0.0,0.0,11.83,15.17,0.0
20231227:2210,0.0,0.0,0.0,12.19,16.0,0.0
20231227:2310,0.0,0.0,0.0,12.3,16.21,0.0
20231228:0010,0.0,0.0,0.0,12.2,15.52,0.0
20231228:0110,0.0,0.0,0.0,12.11,14.9,0.0
20231228:0210,0.0,0.0,0.0,11.95,14.28,0.0
20231228:0310,0.0,0.0,0.0,11.73,13.45,0.0
20231228:0410,0.0,0.0,0.0,11.38,13.38,0.0
20231228:0510,0.0,0.0,0.0,11.26,11.79,0.0
20231228:0610,0.0,0.0,0.0,11.49,11.66,0.0
20231228:0710,0.0,0.0,0.0,11.42,11.93,0.0
20231228:0810,0.0,0.0,0.0,11.49,12.34,0.0
20231228:0910,78.92,61.94,5.55,11.62,11.72,0.0
20231228:1010,376.08,230.61,11.16,11.74,12.62,0.0
20231228:1110,618.3,366.58,14.86,12.07,13.45,0.0
20231228:1210,231.18,150.14,16.32,12.1,14.28,0.0
20231228:1310,283.02,178.85,15.41,12.05,14.97,0.0
20231228:1410,55.38,47.28,12.22,11.62,14.34,0.0
20231228:1510,19.76,23.18,7.03,11.25,14.14,0.0
20231228:1610,0.0,0.0,0.0,11.26,12.21,0.0
20231228:1710,0.0,0.0,0.0,11.19,11.45,0.0
20231228:1810,0.0,0.0,0.0,11.07,10.76,0.0
20231228:1910,0.0,0.0,0.0,11.04,10.55,0.0
20231228:2010,0.0,0.0,0.0,11.2,9.93,0.0
20231228:2110,0.0,0.0,0.0,11.16,9.72,0.0
20231228:2210,0.0,0.0,0.0,10.96,9.66,0.0
20231228:2310,0.0,0.0,0.0,11.09,9.93,0.0
20231229:0010,0.0,0.0,0.0,11.12,9.93,0.0
20231229:0110,0.0,0.0,0.0,10.9,10.14,0.0
20231229:0210,0.0,0.0,0.0,10.65,9.24,0.0
20231229:0310,0.0,0.0,0.0,10.53,9.03,0.0
20231229:0410,0.0,0.0,0.0,10.5,9.24,0.0
20231229:0510,0.0,0.0,0.0,10.64,8.76,0.0
20231229:0610,0.0,0.0,0.0,10.69,8.28,0.0
20231229:0710,0.0,0.0,0.0,10.42,9.03,0.0
20231229:0810,0.0,0.0,0.0,10.2,10.21,0.0
20231229:0910,376.66,232.64,5.54,10.14,11.17,0.0
20231229:1010,772.14,456.01,11.17,10.3,9.38,0.0
20231229:1110,971.52,572.72,14.89,10.65,10.0,0.0
20231229:1210,570.36,339.34,16.37,10.89,10.41,0.0
20231229:1310,163.76,111.67,15.48,11.03,10.62,0.0
20231229:1410,120.88,86.64,12.31,10.9,11.1,0.0
20231229:1510,169.28,114.43,7.13,10.55,10.62,0.0
20231229:1610,0.0,0.0,0.0,10.33,9.86,0.0
20231229:1710,0.0,0.0,0.0,10.1,9.03,0.0
20231229:1810,0.0,0.0,0.0,9.95,8.55,0.0
20231229:1910,0.0,0.0,0.0,9.91,7.93,0.0
20231229:2010,0.0,0.0,0.0,9.89,7.38,0.0
20231229:2110,0.0,0.0,0.0,9.79,7.17,0.0
20231229:2210,0.0,0.0,0.0,9.85,5.86,0.0
20231229:2310,0.0,0.0,0.0,10.04,5.72,0.0
20231230:0010,0.0,0.0,0.0,9.95,6.14,0.0
20231230:0110,0.0,0.0,0.0,9.97,7.03,0.0
20231230:0210,0.0,0.0,0.0,10.36,7.86,0.0
20231230:0310,0.0,0.0,0.0,10.81,8.9,0.0
20231230:0410,0.0,0.0,0.0,11.28,9.31,0.0
20231230:0510,0.0,0.0,0.0,11.57,9.72,0.0
20231230:0610,0.0,0.0,0.0,11.69,10.14,0.0
20231230:0710,0.0,0.0,0.0,11.79,10.55,0.0
20231230:0810,0.0,0.0,0.0,11.84,11.38,0.0
20231230:0910,43.64,39.73,5.55,11.91,11.66,0.0
20231230:1010,38.22,36.16,11.19,11.89,12.69,0.0
20231230:1110,123.02,88.42,14.93,11.98,13.1,0.0
20231230:1210,92.64,70.46,16.43,12.04,13.66,0.0
20231230:1310,113.82,83.05,15.56,12.01,14.07,0.0
20231230:1410,52.38,45.43,12.4,11.96,15.17,0.0
20231230:1510,44.64,40.34,7.23,11.9,16.14,0.0
20231230:1610,0.0,0.0,0.0,11.46,11.17,0.0
20231230:1710,0.0,0.0,0.0,11.15,9.59,0.0
20231230:1810,0.0,0.0,0.0,10.08,7.79,0.0
20231230:1910,0.0,0.0,0.0,9.55,4.69,0.0
20231230:2010,0.0,0.0,0.0,9.16,5.52,0.0
20231230:2110,0.0,0.0,0.0,8.83,6.69,0.0
20231230:2210,0.0,0.0,0.0,8.56,5.66,0.0
20231230:2310,0.0,0.0,0.0,8.42,6.83,0.0
20231231:0010,0.0,0.0,0.0,8.7,7.72,0.0
20231231:0110,0.0,0.0,0.0,8.67,8.21,0.0
20231231:0210,0.0,0.0,0.0,8.92,10.21,0.0
20231231:0310,0.0,0.0,0.0,9.37,12.48,0.0
20231231:0410,0.0,0.0,0.0,9.33,13.66,0.0
20231231:0510,0.0,0.0,0.0,9.05,13.66,0.0
20231231:0610,0.0,0.0,0.0,8.95,14.0,0.0
20231231:0710,0.0,0.0,0.0,8.96,13.93,0.0
20231231:0810,0.0,0.0,0.0,9.28,14.21,0.0
20231231:0910,376.54,231.43,5.56,9.62,14.41,0.0
20231231:1010,461.16,275.93,11.22,9.8,12.62,0.0
20231231:1110,365.74,222.86,14.97,10.07,14.97,0.0
20231231:1210,119.48,85.73,16.5,10.14,15.72,0.0
20231231:1310,81.34,63.04,15.64,10.0,16.14,0.0
20231231:1410,9.18,14.83,12.49,9.85,15.79,0.0
20231231:1510,180.54,120.13,7.33,9.62,15.59,0.0
20231231:1610,0.0,0.0,0.0,9.62,15.38,0.0
20231231:1710,0.0,0.0,0.0,9.65,15.38,0.0
20231231:1810,0.0,0.0,0.0,9.69,15.31,0.0
20231231:1910,0.0,0.0,0.0,9.76,15.31,0.0
20231231:2010,0.0,0.0,0.0,9.73,14.97,0.0
20231231:2110,0.0,0.0,0.0,9.67,15.1,0.0
20231231:2210,0.0,0.0,0.0,9.75,13.38,0.0
20231231:2310,0.0,0.0,0.0,9.81,12.62,0.0

P: PV system power (W)
G(i): Global irradiance on the inclined plane (plane of the array) (W/m2)
H_sun: Sun height (degree)
T2m: 2-m air temperature (degree Celsius)
WS10m: 10-m total wind speed (m/s)
Int: 1 means solar radiation values are reconstructed



PVGIS (c) European Union, 2001-2026