Latitude (decimal degrees):	50.373
Longitude (decimal degrees):	-4.143
Elevation (m):	15
Radiation database:	PVGIS-SARAH3


Slope: 35 deg. 
Azimuth: 0 deg. 
Nominal power of the PV system (c-Si) (kWp):	3.0
System losses (%):	14.0
time,P,G(i),H_sun,T2m,WS10m,Int
20230101:0010,0.0,0.0,0.0,10.98,11.31,0.0
20230101:0110,0.0,0.0,0.0,10.65,12.0,0.0
20230101:0210,0.0,0.0,0.0,10.23,11.79,0.0
20230101:0310,0.0,0.0,0.0,10.12,11.1,0.0
20230101:0410,0.0,0.0,0.0,10.49,10.41,0.0
20230101:0510,0.0,0.0,0.0,10.86,11.17,0.0
20230101:0610,0.0,0.0,0.0,11.04,11.93,0.0
20230101:0710,0.0,0.0,0.0,11.15,11.45,0.0
20230101:0810,0.0,0.0,0.0,11.2,10.69,0.0
20230101:0910,324.18,142.34,5.58,11.28,10.34,0.0
20230101:1010,349.08,150.69,11.26,11.36,8.55,0.0
20230101:1110,272.97,122.33,15.04,11.43,8.14,0.0
20230101:1210,187.14,89.44,16.59,11.28,8.97,0.0
20230101:1310,211.95,99.01,15.76,11.36,8.83,0.0
20230101:1410,120.96,62.96,12.62,11.26,7.66,0.0
20230101:1510,80.7,46.08,7.48,10.81,7.03,0.0
20230101:1610,0.0,0.0,0.0,10.08,6.76,0.0
20230101:1710,0.0,0.0,0.0,9.59,6.14,0.0
20230101:1810,0.0,0.0,0.0,9.22,5.45,0.0
20230101:1910,0.0,0.0,0.0,9.15,5.03,0.0
20230101:2010,0.0,0.0,0.0,9.26,5.45,0.0
20230101:2110,0.0,0.0,0.0,9.41,6.41,0.0
20230101:2210,0.0,0.0,0.0,9.82,6.48,0.0
20230101:2310,0.0,0.0,0.0,9.72,6.62,0.0
20230102:0010,0.0,0.0,0.0,9.52,6.9,0.0
20230102:0110,0.0,0.0,0.0,9.36,6.28,0.0
20230102:0210,0.0,0.0,0.0,9.04,5.59,0.0
20230102:0310,0.0,0.0,0.0,8.8,5.72,0.0
20230102:0410,0.0,0.0,0.0,8.36,5.38,0.0
20230102:0510,0.0,0.0,0.0,8.0,4.97,0.0
20230102:0610,0.0,0.0,0.0,7.64,4.41,0.0
20230102:0710,0.0,0.0,0.0,7.31,3.66,0.0
20230102:0810,0.0,0.0,0.0,7.13,3.17,0.0
20230102:0910,282.09,124.94,5.61,6.93,2.62,0.0
20230102:1010,1054.62,421.9,11.31,7.47,2.62,0.0
20230102:1110,1455.45,592.71,15.11,8.19,2.21,0.0
20230102:1210,1569.9,646.69,16.67,8.68,2.0,0.0
20230102:1310,1403.37,576.54,15.86,8.89,1.52,0.0
20230102:1410,1152.78,470.86,12.74,9.07,1.17,0.0
20230102:1510,580.41,241.48,7.6,9.0,0.76,0.0
20230102:1610,0.0,0.0,0.0,8.61,1.66,0.0
20230102:1710,0.0,0.0,0.0,8.2,2.07,0.0
20230102:1810,0.0,0.0,0.0,8.59,2.48,0.0
20230102:1910,0.0,0.0,0.0,8.68,2.83,0.0
20230102:2010,0.0,0.0,0.0,8.97,3.31,0.0
20230102:2110,0.0,0.0,0.0,9.1,3.86,0.0
20230102:2210,0.0,0.0,0.0,9.39,4.62,0.0
20230102:2310,0.0,0.0,0.0,9.6,5.59,0.0
20230103:0010,0.0,0.0,0.0,9.99,7.45,0.0
20230103:0110,0.0,0.0,0.0,9.93,7.86,0.0
20230103:0210,0.0,0.0,0.0,10.0,8.62,0.0
20230103:0310,0.0,0.0,0.0,10.21,8.97,0.0
20230103:0410,0.0,0.0,0.0,10.92,10.76,0.0
20230103:0510,0.0,0.0,0.0,11.03,11.93,0.0
20230103:0610,0.0,0.0,0.0,10.9,12.34,0.0
20230103:0710,0.0,0.0,0.0,11.1,11.45,0.0
20230103:0810,0.0,0.0,0.0,11.05,11.66,0.0
20230103:0910,17.01,16.69,5.65,11.29,12.34,0.0
20230103:1010,163.14,79.68,11.36,11.58,11.72,0.0
20230103:1110,123.03,63.97,15.18,11.83,11.72,0.0
20230103:1210,157.56,77.88,16.76,11.81,12.69,0.0
20230103:1310,143.7,72.31,15.96,11.83,13.72,0.0
20230103:1410,104.97,56.55,12.86,11.94,12.83,0.0
20230103:1510,23.94,20.4,7.73,12.12,11.86,0.0
20230103:1610,0.0,0.0,0.0,12.18,11.79,0.0
20230103:1710,0.0,0.0,0.0,12.28,12.62,0.0
20230103:1810,0.0,0.0,0.0,12.28,12.55,0.0
20230103:1910,0.0,0.0,0.0,12.26,12.28,0.0
20230103:2010,0.0,0.0,0.0,12.19,11.93,0.0
20230103:2110,0.0,0.0,0.0,12.12,11.79,0.0
20230103:2210,0.0,0.0,0.0,12.08,11.72,0.0
20230103:2310,0.0,0.0,0.0,12.08,11.59,0.0
20230104:0010,0.0,0.0,0.0,12.16,12.0,0.0
20230104:0110,0.0,0.0,0.0,12.33,12.28,0.0
20230104:0210,0.0,0.0,0.0,12.52,12.55,0.0
20230104:0310,0.0,0.0,0.0,12.6,12.34,0.0
20230104:0410,0.0,0.0,0.0,12.57,11.72,0.0
20230104:0510,0.0,0.0,0.0,12.65,11.45,0.0
20230104:0610,0.0,0.0,0.0,12.54,11.52,0.0
20230104:0710,0.0,0.0,0.0,12.44,11.59,0.0
20230104:0810,0.0,0.0,0.0,12.48,11.72,0.0
20230104:0910,43.23,29.78,5.69,12.43,11.38,0.0
20230104:1010,236.22,108.17,11.42,12.05,10.69,0.0
20230104:1110,314.25,138.11,15.26,12.04,10.14,0.0
20230104:1210,93.69,51.92,16.86,12.1,9.59,0.0
20230104:1310,358.41,154.86,16.08,12.11,9.79,0.0
20230104:1410,468.33,195.74,12.98,12.14,9.86,0.0
20230104:1510,429.93,182.0,7.86,12.0,9.72,0.0
20230104:1610,0.0,0.0,0.0,11.88,9.66,0.0
20230104:1710,0.0,0.0,0.0,11.76,9.66,0.0
20230104:1810,0.0,0.0,0.0,11.63,8.97,0.0
20230104:1910,0.0,0.0,0.0,11.52,8.48,0.0
20230104:2010,0.0,0.0,0.0,11.48,8.48,0.0
20230104:2110,0.0,0.0,0.0,11.42,8.21,0.0
20230104:2210,0.0,0.0,0.0,11.21,7.93,0.0
20230104:2310,0.0,0.0,0.0,11.08,7.52,0.0
20230105:0010,0.0,0.0,0.0,11.07,7.24,0.0
20230105:0110,0.0,0.0,0.0,11.21,7.17,0.0
20230105:0210,0.0,0.0,0.0,11.31,6.97,0.0
20230105:0310,0.0,0.0,0.0,11.31,7.45,0.0
20230105:0410,0.0,0.0,0.0,11.44,8.0,0.0
20230105:0510,0.0,0.0,0.0,11.61,7.59,0.0
20230105:0610,0.0,0.0,0.0,11.53,7.24,0.0
20230105:0710,0.0,0.0,0.0,11.36,7.38,0.0
20230105:0810,0.0,0.0,0.0,11.3,7.72,0.0
20230105:0910,8.91,12.05,5.74,11.39,8.0,0.0
20230105:1010,167.07,81.4,11.49,11.8,9.03,0.0
20230105:1110,370.17,159.1,15.34,11.87,9.24,0.0
20230105:1210,840.27,335.42,16.97,11.86,9.79,0.0
20230105:1310,337.38,146.83,16.2,11.92,10.14,0.0
20230105:1410,104.97,56.55,13.12,11.77,10.07,0.0
20230105:1510,70.23,41.76,8.0,11.7,10.48,0.0
20230105:1610,0.0,0.0,0.0,11.64,10.62,0.0
20230105:1710,0.0,0.0,0.0,11.69,10.76,0.0
20230105:1810,0.0,0.0,0.0,11.77,11.03,0.0
20230105:1910,0.0,0.0,0.0,11.74,11.72,0.0
20230105:2010,0.0,0.0,0.0,11.67,11.93,0.0
20230105:2110,0.0,0.0,0.0,11.77,12.62,0.0
20230105:2210,0.0,0.0,0.0,11.47,12.21,0.0
20230105:2310,0.0,0.0,0.0,10.96,9.03,0.0
20230106:0010,0.0,0.0,0.0,10.39,7.45,0.0
20230106:0110,0.0,0.0,0.0,9.91,6.97,0.0
20230106:0210,0.0,0.0,0.0,9.71,6.07,0.0
20230106:0310,0.0,0.0,0.0,9.67,5.59,0.0
20230106:0410,0.0,0.0,0.0,9.65,5.24,0.0
20230106:0510,0.0,0.0,0.0,9.65,4.97,0.0
20230106:0610,0.0,0.0,0.0,9.67,4.69,0.0
20230106:0710,0.0,0.0,0.0,9.74,4.83,0.0
20230106:0810,0.0,0.0,0.0,10.02,5.79,0.0
20230106:0910,49.98,32.67,5.79,10.34,6.69,0.0
20230106:1010,380.58,162.57,11.56,10.73,6.07,0.0
20230106:1110,225.57,104.28,15.44,11.08,6.55,0.0
20230106:1210,266.13,119.94,17.08,11.27,7.66,0.0
20230106:1310,330.18,144.19,16.33,11.62,8.34,0.0
20230106:1410,218.85,101.51,13.26,11.55,9.03,0.0
20230106:1510,10.41,12.98,8.15,11.83,10.28,0.0
20230106:1610,0.0,0.0,0.0,12.03,10.83,0.0
20230106:1710,0.0,0.0,0.0,11.99,11.03,0.0
20230106:1810,0.0,0.0,0.0,12.09,11.59,0.0
20230106:1910,0.0,0.0,0.0,12.19,12.34,0.0
20230106:2010,0.0,0.0,0.0,12.22,12.69,0.0
20230106:2110,0.0,0.0,0.0,12.19,13.03,0.0
20230106:2210,0.0,0.0,0.0,12.11,12.83,0.0
20230106:2310,0.0,0.0,0.0,12.09,12.9,0.0
20230107:0010,0.0,0.0,0.0,12.06,13.59,0.0
20230107:0110,0.0,0.0,0.0,11.96,14.48,0.0
20230107:0210,0.0,0.0,0.0,11.85,14.83,0.0
20230107:0310,0.0,0.0,0.0,11.85,14.69,0.0
20230107:0410,0.0,0.0,0.0,11.81,14.55,0.0
20230107:0510,0.0,0.0,0.0,11.77,14.28,0.0
20230107:0610,0.0,0.0,0.0,11.66,12.69,0.0
20230107:0710,0.0,0.0,0.0,11.69,10.9,0.0
20230107:0810,0.0,0.0,0.0,11.18,10.07,0.0
20230107:0910,247.92,112.85,5.85,10.79,10.34,0.0
20230107:1010,55.47,35.23,11.64,11.08,8.41,0.0
20230107:1110,1304.4,514.02,15.54,11.06,9.38,0.0
20230107:1210,103.62,55.63,17.2,10.13,10.34,0.0
20230107:1310,356.19,152.51,16.46,9.9,11.31,0.0
20230107:1410,530.58,215.55,13.4,9.03,12.76,0.0
20230107:1510,75.27,43.48,8.3,9.09,12.41,0.0
20230107:1610,0.0,0.0,0.0,9.5,11.93,0.0
20230107:1710,0.0,0.0,0.0,9.92,12.07,0.0
20230107:1810,0.0,0.0,0.0,10.25,12.69,0.0
20230107:1910,0.0,0.0,0.0,9.9,12.9,0.0
20230107:2010,0.0,0.0,0.0,9.63,12.21,0.0
20230107:2110,0.0,0.0,0.0,9.65,11.79,0.0
20230107:2210,0.0,0.0,0.0,9.39,10.34,0.0
20230107:2310,0.0,0.0,0.0,9.11,11.59,0.0
20230108:0010,0.0,0.0,0.0,8.97,12.28,0.0
20230108:0110,0.0,0.0,0.0,8.9,11.86,0.0
20230108:0210,0.0,0.0,0.0,8.77,10.9,0.0
20230108:0310,0.0,0.0,0.0,8.78,9.45,0.0
20230108:0410,0.0,0.0,0.0,8.66,8.9,0.0
20230108:0510,0.0,0.0,0.0,8.64,9.38,0.0
20230108:0610,0.0,0.0,0.0,8.76,9.86,0.0
20230108:0710,0.0,0.0,0.0,8.91,11.93,0.0
20230108:0810,0.0,0.0,0.0,8.71,11.45,0.0
20230108:0910,0.0,5.56,5.92,8.64,12.14,0.0
20230108:1010,444.57,184.24,11.73,8.86,10.55,0.0
20230108:1110,315.54,136.71,15.65,8.68,10.97,0.0
20230108:1210,54.24,34.3,17.33,8.24,10.41,0.0
20230108:1310,967.53,376.98,16.61,8.07,10.48,0.0
20230108:1410,407.58,170.4,13.56,8.53,10.41,0.0
20230108:1510,762.9,303.8,8.46,8.79,10.0,0.0
20230108:1610,0.0,2.78,1.72,9.1,10.55,0.0
20230108:1710,0.0,0.0,0.0,9.3,11.24,0.0
20230108:1810,0.0,0.0,0.0,9.02,12.55,0.0
20230108:1910,0.0,0.0,0.0,9.39,12.69,0.0
20230108:2010,0.0,0.0,0.0,9.35,13.59,0.0
20230108:2110,0.0,0.0,0.0,8.98,13.45,0.0
20230108:2210,0.0,0.0,0.0,8.89,10.14,0.0
20230108:2310,0.0,0.0,0.0,8.64,11.38,0.0
20230109:0010,0.0,0.0,0.0,8.68,10.9,0.0
20230109:0110,0.0,0.0,0.0,8.42,11.17,0.0
20230109:0210,0.0,0.0,0.0,7.88,11.93,0.0
20230109:0310,0.0,0.0,0.0,7.93,11.79,0.0
20230109:0410,0.0,0.0,0.0,8.34,11.86,0.0
20230109:0510,0.0,0.0,0.0,8.67,12.41,0.0
20230109:0610,0.0,0.0,0.0,8.77,12.69,0.0
20230109:0710,0.0,0.0,0.0,8.79,12.62,0.0
20230109:0810,0.0,0.0,0.0,8.64,12.21,0.0
20230109:0910,340.86,146.78,6.0,8.27,11.72,0.0
20230109:1010,297.39,129.34,11.83,8.17,11.45,0.0
20230109:1110,33.9,25.03,15.76,8.66,11.52,0.0
20230109:1210,1103.1,428.12,17.46,8.58,11.72,0.0
20230109:1310,1424.85,552.65,16.76,9.0,11.79,0.0
20230109:1410,939.27,366.81,13.72,9.01,12.41,0.0
20230109:1510,885.12,349.33,8.63,8.98,11.59,0.0
20230109:1610,0.0,2.78,1.89,8.85,9.93,0.0
20230109:1710,0.0,0.0,0.0,8.72,9.31,0.0
20230109:1810,0.0,0.0,0.0,8.76,9.31,0.0
20230109:1910,0.0,0.0,0.0,8.86,8.62,0.0
20230109:2010,0.0,0.0,0.0,8.92,7.93,0.0
20230109:2110,0.0,0.0,0.0,8.93,7.17,0.0
20230109:2210,0.0,0.0,0.0,8.83,5.72,0.0
20230109:2310,0.0,0.0,0.0,8.99,5.1,0.0
20230110:0010,0.0,0.0,0.0,9.27,5.66,0.0
20230110:0110,0.0,0.0,0.0,9.42,7.59,0.0
20230110:0210,0.0,0.0,0.0,9.43,6.76,0.0
20230110:0310,0.0,0.0,0.0,9.49,7.31,0.0
20230110:0410,0.0,0.0,0.0,9.79,10.21,0.0
20230110:0510,0.0,0.0,0.0,10.76,10.83,0.0
20230110:0610,0.0,0.0,0.0,11.53,9.86,0.0
20230110:0710,0.0,0.0,0.0,11.84,10.9,0.0
20230110:0810,0.0,0.0,0.0,11.87,11.45,0.0
20230110:0910,44.73,30.44,6.08,12.1,12.0,0.0
20230110:1010,132.18,67.64,11.93,12.26,11.79,0.0
20230110:1110,89.25,50.06,15.89,12.33,11.79,0.0
20230110:1210,147.81,74.17,17.6,12.45,12.21,0.0
20230110:1310,145.5,73.24,16.91,12.49,12.69,0.0
20230110:1410,69.75,41.72,13.88,12.52,12.97,0.0
20230110:1510,44.91,30.59,8.8,12.6,13.03,0.0
20230110:1610,0.0,0.93,2.06,12.68,13.59,0.0
20230110:1710,0.0,0.0,0.0,12.76,13.72,0.0
20230110:1810,0.0,0.0,0.0,12.54,14.0,0.0
20230110:1910,0.0,0.0,0.0,12.26,11.38,0.0
20230110:2010,0.0,0.0,0.0,11.5,10.07,0.0
20230110:2110,0.0,0.0,0.0,10.94,9.66,0.0
20230110:2210,0.0,0.0,0.0,10.64,8.62,0.0
20230110:2310,0.0,0.0,0.0,10.44,8.9,0.0
20230111:0010,0.0,0.0,0.0,10.24,8.34,0.0
20230111:0110,0.0,0.0,0.0,10.02,9.03,0.0
20230111:0210,0.0,0.0,0.0,9.88,9.31,0.0
20230111:0310,0.0,0.0,0.0,9.78,9.59,0.0
20230111:0410,0.0,0.0,0.0,9.67,9.72,0.0
20230111:0510,0.0,0.0,0.0,9.49,9.45,0.0
20230111:0610,0.0,0.0,0.0,9.48,9.31,0.0
20230111:0710,0.0,0.0,0.0,9.58,10.07,0.0
20230111:0810,0.0,0.0,0.0,9.68,10.76,0.0
20230111:0910,317.13,138.84,6.17,9.92,11.1,0.0
20230111:1010,524.4,214.37,12.04,9.95,12.21,0.0
20230111:1110,537.51,219.3,16.02,10.17,13.24,0.0
20230111:1210,838.41,330.62,17.75,10.17,13.24,0.0
20230111:1310,159.03,77.88,17.08,9.97,13.24,0.0
20230111:1410,169.8,81.91,14.06,9.94,13.86,0.0
20230111:1510,194.25,91.31,8.98,10.36,13.72,0.0
20230111:1610,0.0,3.71,2.24,10.66,12.48,0.0
20230111:1710,0.0,0.0,0.0,10.82,11.72,0.0
20230111:1810,0.0,0.0,0.0,10.98,11.38,0.0
20230111:1910,0.0,0.0,0.0,10.91,12.41,0.0
20230111:2010,0.0,0.0,0.0,10.86,13.72,0.0
20230111:2110,0.0,0.0,0.0,11.09,14.48,0.0
20230111:2210,0.0,0.0,0.0,11.42,13.72,0.0
20230111:2310,0.0,0.0,0.0,11.68,14.76,0.0
20230112:0010,0.0,0.0,0.0,11.85,14.97,0.0
20230112:0110,0.0,0.0,0.0,11.92,14.9,0.0
20230112:0210,0.0,0.0,0.0,11.88,14.9,0.0
20230112:0310,0.0,0.0,0.0,11.86,14.62,0.0
20230112:0410,0.0,0.0,0.0,11.78,14.28,0.0
20230112:0510,0.0,0.0,0.0,11.72,13.66,0.0
20230112:0610,0.0,0.0,0.0,11.66,13.38,0.0
20230112:0710,0.0,0.0,0.0,11.72,13.1,0.0
20230112:0810,0.0,0.0,0.0,11.79,13.52,0.0
20230112:0910,3.3,8.34,6.27,11.75,13.66,0.0
20230112:1010,72.15,42.65,12.16,11.84,13.45,0.0
20230112:1110,67.92,40.79,16.15,11.74,13.1,0.0
20230112:1210,85.26,48.21,17.91,11.53,13.31,0.0
20230112:1310,263.19,118.64,17.25,11.6,12.69,0.0
20230112:1410,214.08,99.61,14.23,11.55,12.28,0.0
20230112:1510,214.47,99.35,9.16,10.99,12.14,0.0
20230112:1610,0.0,3.71,2.42,10.34,11.38,0.0
20230112:1710,0.0,0.0,0.0,10.1,10.83,0.0
20230112:1810,0.0,0.0,0.0,9.98,11.17,0.0
20230112:1910,0.0,0.0,0.0,9.98,11.45,0.0
20230112:2010,0.0,0.0,0.0,9.95,12.28,0.0
20230112:2110,0.0,0.0,0.0,10.03,11.93,0.0
20230112:2210,0.0,0.0,0.0,9.54,11.93,0.0
20230112:2310,0.0,0.0,0.0,9.37,12.07,0.0
20230113:0010,0.0,0.0,0.0,9.28,12.14,0.0
20230113:0110,0.0,0.0,0.0,9.37,12.69,0.0
20230113:0210,0.0,0.0,0.0,9.25,12.97,0.0
20230113:0310,0.0,0.0,0.0,9.18,13.38,0.0
20230113:0410,0.0,0.0,0.0,9.25,12.07,0.0
20230113:0510,0.0,0.0,0.0,9.21,11.45,0.0
20230113:0610,0.0,0.0,0.0,9.33,11.31,0.0
20230113:0710,0.0,0.0,0.0,9.35,11.03,0.0
20230113:0810,0.0,0.0,0.0,9.4,10.62,0.0
20230113:0910,122.76,63.26,6.38,9.54,10.76,0.0
20230113:1010,778.41,309.0,12.28,9.48,10.0,0.0
20230113:1110,1667.49,655.8,16.3,9.7,9.72,0.0
20230113:1210,910.26,359.29,18.07,9.87,9.59,0.0
20230113:1310,1185.33,464.37,17.42,9.83,9.66,0.0
20230113:1410,434.16,181.47,14.42,9.82,9.24,0.0
20230113:1510,209.73,97.31,9.35,9.92,8.41,0.0
20230113:1610,18.09,17.52,2.61,9.93,7.1,0.0
20230113:1710,0.0,0.0,0.0,9.85,6.48,0.0
20230113:1810,0.0,0.0,0.0,9.87,6.97,0.0
20230113:1910,0.0,0.0,0.0,9.99,7.03,0.0
20230113:2010,0.0,0.0,0.0,10.2,8.34,0.0
20230113:2110,0.0,0.0,0.0,10.46,9.24,0.0
20230113:2210,0.0,0.0,0.0,10.5,8.62,0.0
20230113:2310,0.0,0.0,0.0,10.68,10.14,0.0
20230114:0010,0.0,0.0,0.0,10.83,12.69,0.0
20230114:0110,0.0,0.0,0.0,11.07,13.45,0.0
20230114:0210,0.0,0.0,0.0,11.06,13.86,0.0
20230114:0310,0.0,0.0,0.0,11.15,14.48,0.0
20230114:0410,0.0,0.0,0.0,11.43,14.83,0.0
20230114:0510,0.0,0.0,0.0,11.72,14.41,0.0
20230114:0610,0.0,0.0,0.0,11.86,14.76,0.0
20230114:0710,0.0,0.0,0.0,11.96,14.48,0.0
20230114:0810,0.0,0.0,0.0,11.95,13.86,0.0
20230114:0910,91.98,51.11,6.49,11.9,11.79,0.0
20230114:1010,351.78,151.55,12.41,11.1,9.59,0.0
20230114:1110,151.47,75.1,16.45,10.38,9.24,0.0
20230114:1210,346.86,149.62,18.24,10.08,9.45,0.0
20230114:1310,253.74,114.31,17.61,9.69,10.34,0.0
20230114:1410,211.44,97.76,14.61,9.13,10.83,0.0
20230114:1510,106.5,56.43,9.54,8.96,10.21,0.0
20230114:1610,2.16,7.42,2.8,8.56,9.86,0.0
20230114:1710,0.0,0.0,0.0,8.2,9.79,0.0
20230114:1810,0.0,0.0,0.0,7.98,9.72,0.0
20230114:1910,0.0,0.0,0.0,7.67,9.52,0.0
20230114:2010,0.0,0.0,0.0,7.46,10.14,0.0
20230114:2110,0.0,0.0,0.0,7.39,10.9,0.0
20230114:2210,0.0,0.0,0.0,6.98,10.41,0.0
20230114:2310,0.0,0.0,0.0,6.44,11.52,0.0
20230115:0010,0.0,0.0,0.0,6.64,11.66,0.0
20230115:0110,0.0,0.0,0.0,6.93,11.52,0.0
20230115:0210,0.0,0.0,0.0,7.3,12.62,0.0
20230115:0310,0.0,0.0,0.0,7.34,13.03,0.0
20230115:0410,0.0,0.0,0.0,6.87,13.1,0.0
20230115:0510,0.0,0.0,0.0,6.66,13.17,0.0
20230115:0610,0.0,0.0,0.0,7.24,12.41,0.0
20230115:0710,0.0,0.0,0.0,7.52,11.72,0.0
20230115:0810,0.0,0.0,0.0,7.05,12.76,0.0
20230115:0910,731.76,291.28,6.61,6.64,12.28,0.0
20230115:1010,1354.53,521.32,12.55,7.02,12.21,0.0
20230115:1110,627.3,249.23,16.61,7.03,12.69,0.0
20230115:1210,123.48,63.04,18.42,7.35,11.59,0.0
20230115:1310,1099.98,425.93,17.8,7.78,11.24,0.0
20230115:1410,833.7,327.27,14.81,8.12,10.34,0.0
20230115:1510,669.09,267.38,9.74,8.0,9.86,0.0
20230115:1610,21.93,19.33,3.0,7.8,9.17,0.0
20230115:1710,0.0,0.0,0.0,7.65,8.07,0.0
20230115:1810,0.0,0.0,0.0,7.28,6.34,0.0
20230115:1910,0.0,0.0,0.0,7.19,5.93,0.0
20230115:2010,0.0,0.0,0.0,6.95,6.76,0.0
20230115:2110,0.0,0.0,0.0,6.57,6.97,0.0
20230115:2210,0.0,0.0,0.0,6.89,4.34,0.0
20230115:2310,0.0,0.0,0.0,5.89,6.21,0.0
20230116:0010,0.0,0.0,0.0,4.99,10.21,0.0
20230116:0110,0.0,0.0,0.0,4.56,11.59,0.0
20230116:0210,0.0,0.0,0.0,4.83,13.59,0.0
20230116:0310,0.0,0.0,0.0,6.02,12.41,0.0
20230116:0410,0.0,0.0,0.0,6.45,12.14,0.0
20230116:0510,0.0,0.0,0.0,6.43,11.45,0.0
20230116:0610,0.0,0.0,0.0,6.44,10.55,0.0
20230116:0710,0.0,0.0,0.0,6.51,9.93,0.0
20230116:0810,0.0,0.0,0.0,6.31,9.45,0.0
20230116:0910,720.84,287.95,6.73,6.19,8.97,0.0
20230116:1010,1164.06,452.1,12.7,6.28,7.79,0.0
20230116:1110,582.96,233.91,16.77,6.46,8.0,0.0
20230116:1210,1402.83,545.15,18.6,6.46,7.66,0.0
20230116:1310,618.0,247.36,17.99,6.5,7.03,0.0
20230116:1410,583.29,234.61,15.01,6.39,6.0,0.0
20230116:1510,1018.11,401.58,9.94,6.27,5.1,0.0
20230116:1610,25.11,20.78,3.2,5.88,3.86,0.0
20230116:1710,0.0,0.0,0.0,5.64,3.1,0.0
20230116:1810,0.0,0.0,0.0,5.07,2.41,0.0
20230116:1910,0.0,0.0,0.0,4.72,1.86,0.0
20230116:2010,0.0,0.0,0.0,4.34,2.14,0.0
20230116:2110,0.0,0.0,0.0,4.27,2.69,0.0
20230116:2210,0.0,0.0,0.0,4.44,4.48,0.0
20230116:2310,0.0,0.0,0.0,4.5,5.24,0.0
20230117:0010,0.0,0.0,0.0,4.46,6.14,0.0
20230117:0110,0.0,0.0,0.0,4.39,6.62,0.0
20230117:0210,0.0,0.0,0.0,4.44,6.97,0.0
20230117:0310,0.0,0.0,0.0,4.41,7.24,0.0
20230117:0410,0.0,0.0,0.0,4.22,7.66,0.0
20230117:0510,0.0,0.0,0.0,3.93,8.34,0.0
20230117:0610,0.0,0.0,0.0,3.43,8.83,0.0
20230117:0710,0.0,0.0,0.0,3.16,8.83,0.0
20230117:0810,0.0,0.0,0.0,2.8,8.28,0.0
20230117:0910,101.22,53.1,6.86,2.67,7.93,0.0
20230117:1010,822.15,317.19,12.85,2.76,8.0,0.0
20230117:1110,1537.98,591.03,16.95,3.3,7.31,0.0
20230117:1210,1825.92,712.28,18.79,3.84,6.62,0.0
20230117:1310,1702.68,664.7,18.19,4.35,6.21,0.0
20230117:1410,1558.05,607.15,15.22,4.8,6.21,0.0
20230117:1510,1056.66,411.96,10.15,5.0,6.48,0.0
20230117:1610,43.83,29.72,3.4,5.05,6.41,0.0
20230117:1710,0.0,0.0,0.0,4.67,6.21,0.0
20230117:1810,0.0,0.0,0.0,4.3,6.0,0.0
20230117:1910,0.0,0.0,0.0,4.15,5.66,0.0
20230117:2010,0.0,0.0,0.0,4.13,5.38,0.0
20230117:2110,0.0,0.0,0.0,4.28,5.66,0.0
20230117:2210,0.0,0.0,0.0,4.41,5.79,0.0
20230117:2310,0.0,0.0,0.0,4.5,6.55,0.0
20230118:0010,0.0,0.0,0.0,4.38,7.03,0.0
20230118:0110,0.0,0.0,0.0,4.41,7.24,0.0
20230118:0210,0.0,0.0,0.0,4.53,7.66,0.0
20230118:0310,0.0,0.0,0.0,4.67,8.14,0.0
20230118:0410,0.0,0.0,0.0,4.76,8.21,0.0
20230118:0510,0.0,0.0,0.0,4.7,7.72,0.0
20230118:0610,0.0,0.0,0.0,4.66,7.52,0.0
20230118:0710,0.0,0.0,0.0,4.72,7.86,0.0
20230118:0810,0.0,0.0,0.0,4.85,9.17,0.0
20230118:0910,19.47,17.62,7.0,4.76,10.07,0.0
20230118:1010,1068.51,412.54,13.01,5.62,9.24,0.0
20230118:1110,1672.89,644.66,17.13,5.85,10.21,0.0
20230118:1210,78.66,44.5,18.99,6.18,11.45,0.0
20230118:1310,1730.73,667.57,18.4,6.34,10.9,0.0
20230118:1410,1381.65,530.78,15.43,6.27,10.83,0.0
20230118:1510,198.84,91.74,10.36,6.3,10.48,0.0
20230118:1610,3.48,8.34,3.61,6.31,10.07,0.0
20230118:1710,0.0,0.0,0.0,5.91,10.0,0.0
20230118:1810,0.0,0.0,0.0,5.82,10.14,0.0
20230118:1910,0.0,0.0,0.0,5.75,9.66,0.0
20230118:2010,0.0,0.0,0.0,5.63,9.24,0.0
20230118:2110,0.0,0.0,0.0,5.53,8.62,0.0
20230118:2210,0.0,0.0,0.0,5.57,7.03,0.0
20230118:2310,0.0,0.0,0.0,5.41,7.1,0.0
20230119:0010,0.0,0.0,0.0,5.19,6.83,0.0
20230119:0110,0.0,0.0,0.0,4.99,6.62,0.0
20230119:0210,0.0,0.0,0.0,4.9,5.66,0.0
20230119:0310,0.0,0.0,0.0,4.73,4.62,0.0
20230119:0410,0.0,0.0,0.0,4.79,3.45,0.0
20230119:0510,0.0,0.0,0.0,4.99,1.93,0.0
20230119:0610,0.0,0.0,0.0,5.04,1.31,0.0
20230119:0710,0.0,0.0,0.0,5.07,0.69,0.0
20230119:0810,0.0,0.0,0.0,4.92,0.34,0.0
20230119:0910,132.09,66.13,7.14,4.6,0.48,0.0
20230119:1010,1334.46,540.52,13.17,4.95,0.97,0.0
20230119:1110,1436.46,580.33,17.31,5.49,1.66,0.0
20230119:1210,1791.63,726.63,19.19,5.94,3.24,0.0
20230119:1310,1049.19,412.54,18.62,6.31,4.55,0.0
20230119:1410,755.76,300.02,15.65,6.58,4.83,0.0
20230119:1510,881.31,349.19,10.58,6.63,4.9,0.0
20230119:1610,44.7,30.21,3.83,6.45,4.9,0.0
20230119:1710,0.0,0.0,0.0,5.76,5.03,0.0
20230119:1810,0.0,0.0,0.0,5.23,5.24,0.0
20230119:1910,0.0,0.0,0.0,4.91,5.03,0.0
20230119:2010,0.0,0.0,0.0,4.57,4.41,0.0
20230119:2110,0.0,0.0,0.0,4.33,4.0,0.0
20230119:2210,0.0,0.0,0.0,4.57,3.38,0.0
20230119:2310,0.0,0.0,0.0,4.68,3.1,0.0
20230120:0010,0.0,0.0,0.0,4.85,3.66,0.0
20230120:0110,0.0,0.0,0.0,4.61,4.21,0.0
20230120:0210,0.0,0.0,0.0,4.9,4.48,0.0
20230120:0310,0.0,0.0,0.0,5.03,4.48,0.0
20230120:0410,0.0,0.0,0.0,5.05,4.14,0.0
20230120:0510,0.0,0.0,0.0,5.0,4.0,0.0
20230120:0610,0.0,0.0,0.0,5.31,3.45,0.0
20230120:0710,0.0,0.0,0.0,5.7,2.97,0.0
20230120:0810,0.0,0.0,0.0,5.99,2.48,0.0
20230120:0910,65.43,38.93,7.3,5.74,2.0,0.0
20230120:1010,212.82,97.81,13.34,5.79,0.76,0.0
20230120:1110,313.56,136.72,17.5,6.35,0.62,0.0
20230120:1210,1676.43,704.77,19.4,7.04,0.69,0.0
20230120:1310,1183.11,480.12,18.84,7.41,1.1,0.0
20230120:1410,1483.47,610.9,15.88,7.72,1.31,0.0
20230120:1510,744.54,302.9,10.81,7.75,1.31,0.0
20230120:1610,61.59,38.01,4.05,7.49,1.38,0.0
20230120:1710,0.0,0.0,0.0,6.86,1.17,0.0
20230120:1810,0.0,0.0,0.0,6.54,1.66,0.0
20230120:1910,0.0,0.0,0.0,6.29,2.34,0.0
20230120:2010,0.0,0.0,0.0,5.97,2.9,0.0
20230120:2110,0.0,0.0,0.0,5.73,3.31,0.0
20230120:2210,0.0,0.0,0.0,6.23,4.34,0.0
20230120:2310,0.0,0.0,0.0,5.92,4.41,0.0
20230121:0010,0.0,0.0,0.0,5.65,4.28,0.0
20230121:0110,0.0,0.0,0.0,5.53,4.21,0.0
20230121:0210,0.0,0.0,0.0,5.32,4.34,0.0
20230121:0310,0.0,0.0,0.0,4.89,4.62,0.0
20230121:0410,0.0,0.0,0.0,4.63,4.55,0.0
20230121:0510,0.0,0.0,0.0,4.55,4.28,0.0
20230121:0610,0.0,0.0,0.0,4.3,4.28,0.0
20230121:0710,0.0,0.0,0.0,4.23,4.62,0.0
20230121:0810,0.0,0.0,0.0,4.32,4.83,0.0
20230121:0910,618.6,249.46,7.45,4.73,5.24,0.0
20230121:1010,1269.75,496.62,13.52,5.33,5.17,0.0
20230121:1110,1644.45,649.97,17.7,6.01,5.31,0.0
20230121:1210,1815.21,725.25,19.62,6.71,5.31,0.0
20230121:1310,1820.4,729.82,19.07,7.21,5.24,0.0
20230121:1410,1508.88,598.33,16.11,7.37,5.17,0.0
20230121:1510,1115.43,441.84,11.03,7.34,5.03,0.0
20230121:1610,33.18,24.73,4.27,7.2,4.83,0.0
20230121:1710,0.0,0.0,0.0,7.03,4.69,0.0
20230121:1810,0.0,0.0,0.0,6.9,5.1,0.0
20230121:1910,0.0,0.0,0.0,6.7,5.59,0.0
20230121:2010,0.0,0.0,0.0,6.68,5.52,0.0
20230121:2110,0.0,0.0,0.0,6.64,5.52,0.0
20230121:2210,0.0,0.0,0.0,6.47,5.66,0.0
20230121:2310,0.0,0.0,0.0,6.56,6.21,0.0
20230122:0010,0.0,0.0,0.0,6.58,6.9,0.0
20230122:0110,0.0,0.0,0.0,6.56,6.14,0.0
20230122:0210,0.0,0.0,0.0,6.63,5.17,0.0
20230122:0310,0.0,0.0,0.0,6.57,5.52,0.0
20230122:0410,0.0,0.0,0.0,6.47,5.72,0.0
20230122:0510,0.0,0.0,0.0,6.3,5.38,0.0
20230122:0610,0.0,0.0,0.0,6.43,5.59,0.0
20230122:0710,0.0,0.0,0.0,6.46,5.66,0.0
20230122:0810,0.0,0.0,0.0,6.46,5.52,0.0
20230122:0910,104.67,55.36,7.62,6.64,5.59,0.0
20230122:1010,800.01,316.74,13.71,6.92,5.59,0.0
20230122:1110,890.94,351.82,17.91,7.2,5.31,0.0
20230122:1210,306.78,133.93,19.84,7.48,5.03,0.0
20230122:1310,574.74,233.64,19.3,7.65,5.17,0.0
20230122:1410,129.87,65.82,16.34,7.63,5.1,0.0
20230122:1510,331.5,142.73,11.27,7.69,4.97,0.0
20230122:1610,159.06,78.67,4.5,7.73,4.83,0.0
20230122:1710,0.0,0.0,0.0,7.78,4.48,0.0
20230122:1810,0.0,0.0,0.0,7.68,4.34,0.0
20230122:1910,0.0,0.0,0.0,7.66,4.28,0.0
20230122:2010,0.0,0.0,0.0,7.65,4.41,0.0
20230122:2110,0.0,0.0,0.0,7.56,4.62,0.0
20230122:2210,0.0,0.0,0.0,7.1,5.45,0.0
20230122:2310,0.0,0.0,0.0,7.04,4.9,0.0
20230123:0010,0.0,0.0,0.0,7.0,4.55,0.0
20230123:0110,0.0,0.0,0.0,6.84,4.48,0.0
20230123:0210,0.0,0.0,0.0,6.77,4.34,0.0
20230123:0310,0.0,0.0,0.0,6.54,4.07,0.0
20230123:0410,0.0,0.0,0.0,6.4,4.0,0.0
20230123:0510,0.0,0.0,0.0,6.39,3.79,0.0
20230123:0610,0.0,0.0,0.0,6.39,3.45,0.0
20230123:0710,0.0,0.0,0.0,6.37,3.1,0.0
20230123:0810,0.0,0.0,0.0,6.42,3.17,0.0
20230123:0910,758.13,307.18,7.79,6.57,3.1,0.0
20230123:1010,915.9,365.38,13.9,6.72,2.55,0.0
20230123:1110,487.41,201.75,18.12,7.13,2.62,0.0
20230123:1210,1461.21,590.05,20.07,7.38,2.69,0.0
20230123:1310,1624.89,663.12,19.54,7.52,2.55,0.0
20230123:1410,1155.81,462.87,16.58,7.57,2.55,0.0
20230123:1510,1096.29,439.2,11.5,7.45,2.97,0.0
20230123:1610,355.35,155.97,4.73,7.3,3.31,0.0
20230123:1710,0.0,0.0,0.0,6.26,3.72,0.0
20230123:1810,0.0,0.0,0.0,5.88,3.59,0.0
20230123:1910,0.0,0.0,0.0,5.67,3.72,0.0
20230123:2010,0.0,0.0,0.0,5.25,3.79,0.0
20230123:2110,0.0,0.0,0.0,4.9,4.0,0.0
20230123:2210,0.0,0.0,0.0,4.45,4.21,0.0
20230123:2310,0.0,0.0,0.0,4.35,4.14,0.0
20230124:0010,0.0,0.0,0.0,4.16,4.07,0.0
20230124:0110,0.0,0.0,0.0,4.05,4.28,0.0
20230124:0210,0.0,0.0,0.0,4.03,4.28,0.0
20230124:0310,0.0,0.0,0.0,4.01,4.28,0.0
20230124:0410,0.0,0.0,0.0,3.86,4.28,0.0
20230124:0510,0.0,0.0,0.0,3.77,4.28,0.0
20230124:0610,0.0,0.0,0.0,3.47,4.07,0.0
20230124:0710,0.0,0.0,0.0,3.38,4.0,0.0
20230124:0810,0.0,0.0,0.0,3.32,4.07,0.0
20230124:0910,513.21,209.24,7.97,3.6,4.07,0.0
20230124:1010,1372.86,537.71,14.1,4.16,4.34,0.0
20230124:1110,1680.84,666.89,18.34,5.06,4.41,0.0
20230124:1210,1808.4,724.84,20.3,5.71,4.34,0.0
20230124:1310,1829.28,736.51,19.78,6.11,4.21,0.0
20230124:1410,1527.27,607.3,16.83,6.27,4.14,0.0
20230124:1510,1118.94,444.02,11.75,6.4,3.72,0.0
20230124:1610,231.93,106.9,4.96,6.12,3.31,0.0
20230124:1710,0.0,0.0,0.0,5.82,3.17,0.0
20230124:1810,0.0,0.0,0.0,5.04,3.17,0.0
20230124:1910,0.0,0.0,0.0,4.68,3.24,0.0
20230124:2010,0.0,0.0,0.0,4.54,3.24,0.0
20230124:2110,0.0,0.0,0.0,4.49,3.1,0.0
20230124:2210,0.0,0.0,0.0,4.33,2.97,0.0
20230124:2310,0.0,0.0,0.0,4.14,2.9,0.0
20230125:0010,0.0,0.0,0.0,4.09,2.76,0.0
20230125:0110,0.0,0.0,0.0,3.95,2.9,0.0
20230125:0210,0.0,0.0,0.0,4.0,2.76,0.0
20230125:0310,0.0,0.0,0.0,4.06,2.69,0.0
20230125:0410,0.0,0.0,0.0,4.17,2.41,0.0
20230125:0510,0.0,0.0,0.0,4.23,2.34,0.0
20230125:0610,0.0,0.0,0.0,4.3,2.28,0.0
20230125:0710,0.0,0.0,0.0,4.38,2.21,0.0
20230125:0810,0.0,0.0,0.0,4.56,2.55,0.0
20230125:0910,73.41,42.18,8.15,4.82,2.21,0.0
20230125:1010,204.78,94.4,14.3,5.26,1.93,0.0
20230125:1110,288.63,126.68,18.56,5.7,1.93,0.0
20230125:1210,323.64,140.08,20.54,6.54,3.66,0.0
20230125:1310,104.91,55.63,20.03,7.18,4.9,0.0
20230125:1410,188.94,89.14,17.08,7.95,5.66,0.0
20230125:1510,110.34,58.07,11.99,8.63,6.14,0.0
20230125:1610,20.73,18.54,5.2,9.04,6.41,0.0
20230125:1710,0.0,0.0,0.0,9.01,6.34,0.0
20230125:1810,0.0,0.0,0.0,8.94,6.48,0.0
20230125:1910,0.0,0.0,0.0,8.9,6.69,0.0
20230125:2010,0.0,0.0,0.0,8.88,6.69,0.0
20230125:2110,0.0,0.0,0.0,8.58,7.79,0.0
20230125:2210,0.0,0.0,0.0,7.99,8.34,0.0
20230125:2310,0.0,0.0,0.0,7.32,8.34,0.0
20230126:0010,0.0,0.0,0.0,6.91,8.0,0.0
20230126:0110,0.0,0.0,0.0,6.75,8.34,0.0
20230126:0210,0.0,0.0,0.0,6.71,8.34,0.0
20230126:0310,0.0,0.0,0.0,6.59,8.07,0.0
20230126:0410,0.0,0.0,0.0,6.37,7.79,0.0
20230126:0510,0.0,0.0,0.0,6.12,7.52,0.0
20230126:0610,0.0,0.0,0.0,5.83,7.03,0.0
20230126:0710,0.0,0.0,0.0,5.58,6.97,0.0
20230126:0810,0.0,0.0,0.0,5.36,6.9,0.0
20230126:0910,614.88,247.89,8.34,5.43,6.62,0.0
20230126:1010,683.07,271.38,14.51,6.09,6.34,0.0
20230126:1110,1643.55,647.57,18.79,6.63,6.28,0.0
20230126:1210,1829.46,727.55,20.79,7.17,6.34,0.0
20230126:1310,745.83,296.76,20.28,7.64,6.69,0.0
20230126:1410,160.29,77.88,17.33,7.85,7.59,0.0
20230126:1510,188.4,88.57,12.24,7.91,7.31,0.0
20230126:1610,58.44,36.29,5.44,7.67,7.17,0.0
20230126:1710,0.0,0.0,0.0,7.24,7.1,0.0
20230126:1810,0.0,0.0,0.0,7.14,6.41,0.0
20230126:1910,0.0,0.0,0.0,7.03,6.07,0.0
20230126:2010,0.0,0.0,0.0,6.81,6.14,0.0
20230126:2110,0.0,0.0,0.0,6.5,5.93,0.0
20230126:2210,0.0,0.0,0.0,6.32,5.79,0.0
20230126:2310,0.0,0.0,0.0,6.18,6.28,0.0
20230127:0010,0.0,0.0,0.0,5.91,6.0,0.0
20230127:0110,0.0,0.0,0.0,5.49,5.45,0.0
20230127:0210,0.0,0.0,0.0,5.17,5.24,0.0
20230127:0310,0.0,0.0,0.0,4.83,5.31,0.0
20230127:0410,0.0,0.0,0.0,4.64,5.24,0.0
20230127:0510,0.0,0.0,0.0,4.41,5.17,0.0
20230127:0610,0.0,0.0,0.0,4.35,5.17,0.0
20230127:0710,0.0,0.0,0.0,4.44,5.24,0.0
20230127:0810,0.0,0.0,0.0,4.55,5.31,0.0
20230127:0910,84.33,46.68,8.54,4.88,5.72,0.0
20230127:1010,230.76,103.81,14.73,5.15,5.93,0.0
20230127:1110,318.09,136.76,19.03,5.36,6.21,0.0
20230127:1210,171.36,81.59,21.04,5.66,5.93,0.0
20230127:1310,152.25,74.17,20.54,5.79,5.79,0.0
20230127:1410,130.98,65.82,17.59,6.03,6.0,0.0
20230127:1510,221.94,100.82,12.5,6.21,5.79,0.0
20230127:1610,163.71,79.56,5.69,6.21,5.38,0.0
20230127:1710,0.0,0.0,0.0,6.19,4.83,0.0
20230127:1810,0.0,0.0,0.0,5.94,4.69,0.0
20230127:1910,0.0,0.0,0.0,5.72,4.62,0.0
20230127:2010,0.0,0.0,0.0,5.55,4.69,0.0
20230127:2110,0.0,0.0,0.0,5.33,4.62,0.0
20230127:2210,0.0,0.0,0.0,5.13,4.76,0.0
20230127:2310,0.0,0.0,0.0,5.04,4.55,0.0
20230128:0010,0.0,0.0,0.0,4.6,4.48,0.0
20230128:0110,0.0,0.0,0.0,4.59,4.21,0.0
20230128:0210,0.0,0.0,0.0,4.57,4.0,0.0
20230128:0310,0.0,0.0,0.0,4.49,4.34,0.0
20230128:0410,0.0,0.0,0.0,4.57,4.41,0.0
20230128:0510,0.0,0.0,0.0,4.74,4.0,0.0
20230128:0610,0.0,0.0,0.0,4.84,3.52,0.0
20230128:0710,0.0,0.0,0.0,4.76,3.66,0.0
20230128:0810,0.0,0.0,0.0,4.76,3.31,0.0
20230128:0910,102.87,54.33,8.74,4.88,2.9,0.0
20230128:1010,263.49,116.52,14.95,4.89,2.14,0.0
20230128:1110,608.22,246.57,19.27,5.31,1.52,0.0
20230128:1210,344.04,148.01,21.3,5.63,1.1,0.0
20230128:1310,199.02,92.71,20.81,5.92,2.14,0.0
20230128:1410,121.17,62.12,17.86,6.33,2.55,0.0
20230128:1510,129.21,65.36,12.75,6.68,2.76,0.0
20230128:1610,44.55,29.92,5.94,6.83,2.76,0.0
20230128:1710,0.0,0.0,0.0,6.88,2.62,0.0
20230128:1810,0.0,0.0,0.0,6.78,2.34,0.0
20230128:1910,0.0,0.0,0.0,6.73,1.86,0.0
20230128:2010,0.0,0.0,0.0,6.91,1.86,0.0
20230128:2110,0.0,0.0,0.0,6.87,2.34,0.0
20230128:2210,0.0,0.0,0.0,6.54,1.93,0.0
20230128:2310,0.0,0.0,0.0,6.67,1.38,0.0
20230129:0010,0.0,0.0,0.0,6.57,1.93,0.0
20230129:0110,0.0,0.0,0.0,6.59,2.62,0.0
20230129:0210,0.0,0.0,0.0,6.82,3.1,0.0
20230129:0310,0.0,0.0,0.0,7.04,3.24,0.0
20230129:0410,0.0,0.0,0.0,7.34,3.52,0.0
20230129:0510,0.0,0.0,0.0,7.59,3.86,0.0
20230129:0610,0.0,0.0,0.0,7.81,4.21,0.0
20230129:0710,0.0,0.0,0.0,7.94,4.34,0.0
20230129:0810,0.0,0.0,0.0,8.02,4.34,0.0
20230129:0910,39.84,27.81,8.95,8.22,4.69,0.0
20230129:1010,204.96,95.35,15.18,8.35,5.93,0.0
20230129:1110,324.42,141.05,19.52,8.78,6.34,0.0
20230129:1210,310.08,135.87,21.56,9.13,7.59,0.0
20230129:1310,507.66,209.52,21.08,9.34,7.93,0.0
20230129:1410,328.98,142.85,18.13,9.37,7.24,0.0
20230129:1510,476.16,197.63,13.02,9.32,6.76,0.0
20230129:1610,28.05,22.25,6.19,9.09,5.79,0.0
20230129:1710,0.0,0.0,0.0,8.84,5.38,0.0
20230129:1810,0.0,0.0,0.0,8.55,5.31,0.0
20230129:1910,0.0,0.0,0.0,8.42,5.59,0.0
20230129:2010,0.0,0.0,0.0,8.45,6.0,0.0
20230129:2110,0.0,0.0,0.0,8.58,6.41,0.0
20230129:2210,0.0,0.0,0.0,8.96,7.03,0.0
20230129:2310,0.0,0.0,0.0,9.03,6.62,0.0
20230130:0010,0.0,0.0,0.0,8.95,6.55,0.0
20230130:0110,0.0,0.0,0.0,9.03,6.76,0.0
20230130:0210,0.0,0.0,0.0,9.37,6.76,0.0
20230130:0310,0.0,0.0,0.0,9.67,6.62,0.0
20230130:0410,0.0,0.0,0.0,9.75,6.83,0.0
20230130:0510,0.0,0.0,0.0,9.45,6.21,0.0
20230130:0610,0.0,0.0,0.0,8.79,5.59,0.0
20230130:0710,0.0,0.0,0.0,8.1,5.72,0.0
20230130:0810,0.0,0.0,0.0,7.46,5.79,0.0
20230130:0910,65.01,38.94,9.16,7.36,5.17,0.0
20230130:1010,1224.66,486.76,15.41,7.72,4.21,0.0
20230130:1110,1082.13,430.65,19.78,7.95,3.79,0.0
20230130:1210,493.83,204.89,21.83,8.38,4.48,0.0
20230130:1310,1402.8,559.49,21.35,8.69,4.9,0.0
20230130:1410,808.17,323.15,18.4,8.82,5.1,0.0
20230130:1510,1045.14,415.98,13.28,8.92,5.31,0.0
20230130:1610,391.08,169.08,6.44,8.79,5.24,0.0
20230130:1710,0.0,0.0,0.0,8.44,4.76,0.0
20230130:1810,0.0,0.0,0.0,7.99,4.07,0.0
20230130:1910,0.0,0.0,0.0,7.64,3.24,0.0
20230130:2010,0.0,0.0,0.0,7.24,2.9,0.0
20230130:2110,0.0,0.0,0.0,6.95,2.83,0.0
20230130:2210,0.0,0.0,0.0,7.09,3.59,0.0
20230130:2310,0.0,0.0,0.0,7.28,4.21,0.0
20230131:0010,0.0,0.0,0.0,7.55,4.9,0.0
20230131:0110,0.0,0.0,0.0,7.6,5.72,0.0
20230131:0210,0.0,0.0,0.0,7.84,6.28,0.0
20230131:0310,0.0,0.0,0.0,8.03,6.48,0.0
20230131:0410,0.0,0.0,0.0,8.27,6.55,0.0
20230131:0510,0.0,0.0,0.0,8.45,6.62,0.0
20230131:0610,0.0,0.0,0.0,8.62,6.69,0.0
20230131:0710,0.0,0.0,0.0,8.82,6.76,0.0
20230131:0810,0.0,0.87,1.68,9.03,6.62,0.0
20230131:0910,106.32,56.6,9.38,9.41,6.69,0.0
20230131:1010,126.36,64.9,15.66,9.76,6.97,0.0
20230131:1110,380.94,163.05,20.04,10.3,7.66,0.0
20230131:1210,148.92,74.17,22.11,10.54,7.79,0.0
20230131:1310,437.43,184.43,21.63,10.41,7.79,0.0
20230131:1410,816.18,325.69,18.68,10.08,7.79,0.0
20230131:1510,590.34,240.26,13.55,9.56,7.79,0.0
20230131:1610,113.82,59.97,6.7,9.27,7.03,0.0
20230131:1710,0.0,0.0,0.0,8.86,6.55,0.0
20230131:1810,0.0,0.0,0.0,8.53,5.93,0.0
20230131:1910,0.0,0.0,0.0,8.31,5.79,0.0
20230131:2010,0.0,0.0,0.0,8.11,6.0,0.0
20230131:2110,0.0,0.0,0.0,7.97,6.0,0.0
20230131:2210,0.0,0.0,0.0,8.09,6.21,0.0
20230131:2310,0.0,0.0,0.0,8.12,6.76,0.0
20230201:0010,0.0,0.0,0.0,8.01,6.9,0.0
20230201:0110,0.0,0.0,0.0,8.11,6.83,0.0
20230201:0210,0.0,0.0,0.0,8.18,6.76,0.0
20230201:0310,0.0,0.0,0.0,8.27,6.83,0.0
20230201:0410,0.0,0.0,0.0,8.33,6.83,0.0
20230201:0510,0.0,0.0,0.0,8.33,6.76,0.0
20230201:0610,0.0,0.0,0.0,8.3,6.76,0.0
20230201:0710,0.0,0.0,0.0,8.4,6.97,0.0
20230201:0810,0.0,2.62,1.89,8.31,7.17,0.0
20230201:0910,565.05,231.86,9.61,8.6,7.24,0.0
20230201:1010,386.37,163.78,15.9,8.93,7.38,0.0
20230201:1110,161.4,78.8,20.3,9.45,7.72,0.0
20230201:1210,119.52,62.12,22.38,9.93,9.17,0.0
20230201:1310,210.63,98.27,21.92,10.1,9.24,0.0
20230201:1410,85.83,48.21,18.96,10.03,8.76,0.0
20230201:1510,133.98,67.92,13.82,9.97,8.55,0.0
20230201:1610,35.61,25.96,6.96,9.78,8.0,0.0
20230201:1710,0.0,0.0,0.0,9.56,7.45,0.0
20230201:1810,0.0,0.0,0.0,9.35,7.1,0.0
20230201:1910,0.0,0.0,0.0,9.24,6.76,0.0
20230201:2010,0.0,0.0,0.0,9.09,6.55,0.0
20230201:2110,0.0,0.0,0.0,9.06,6.41,0.0
20230201:2210,0.0,0.0,0.0,9.24,6.21,0.0
20230201:2310,0.0,0.0,0.0,9.09,5.93,0.0
20230202:0010,0.0,0.0,0.0,9.12,6.0,0.0
20230202:0110,0.0,0.0,0.0,9.17,6.34,0.0
20230202:0210,0.0,0.0,0.0,9.23,6.69,0.0
20230202:0310,0.0,0.0,0.0,9.24,6.9,0.0
20230202:0410,0.0,0.0,0.0,9.28,6.83,0.0
20230202:0510,0.0,0.0,0.0,9.32,6.48,0.0
20230202:0610,0.0,0.0,0.0,9.35,6.41,0.0
20230202:0710,0.0,0.0,0.0,9.4,6.34,0.0
20230202:0810,0.0,0.93,2.11,9.39,6.34,0.0
20230202:0910,99.0,53.63,9.84,9.49,6.48,0.0
20230202:1010,259.71,116.76,16.15,9.69,7.38,0.0
20230202:1110,352.41,152.3,20.57,10.09,7.52,0.0
20230202:1210,250.35,113.77,22.67,10.34,8.0,0.0
20230202:1310,158.28,77.88,22.21,10.51,8.41,0.0
20230202:1410,219.57,101.88,19.25,10.5,8.48,0.0
20230202:1510,138.09,69.73,14.1,10.53,8.48,0.0
20230202:1610,224.31,104.46,7.22,10.43,8.0,0.0
20230202:1710,0.0,0.0,0.0,10.18,7.38,0.0
20230202:1810,0.0,0.0,0.0,9.93,7.31,0.0
20230202:1910,0.0,0.0,0.0,9.82,7.79,0.0
20230202:2010,0.0,0.0,0.0,9.77,7.79,0.0
20230202:2110,0.0,0.0,0.0,9.6,7.38,0.0
20230202:2210,0.0,0.0,0.0,9.84,7.03,0.0
20230202:2310,0.0,0.0,0.0,9.89,6.76,0.0
20230203:0010,0.0,0.0,0.0,9.88,7.03,0.0
20230203:0110,0.0,0.0,0.0,9.9,6.76,0.0
20230203:0210,0.0,0.0,0.0,9.83,6.62,0.0
20230203:0310,0.0,0.0,0.0,9.71,6.69,0.0
20230203:0410,0.0,0.0,0.0,9.63,6.55,0.0
20230203:0510,0.0,0.0,0.0,9.59,6.48,0.0
20230203:0610,0.0,0.0,0.0,9.57,6.34,0.0
20230203:0710,0.0,0.0,0.0,9.57,6.0,0.0
20230203:0810,0.0,1.85,2.32,9.44,5.66,0.0
20230203:0910,114.12,59.86,10.08,9.53,5.72,0.0
20230203:1010,870.51,347.27,16.41,9.86,6.62,0.0
20230203:1110,327.0,142.92,20.85,10.19,6.76,0.0
20230203:1210,655.71,266.89,22.96,10.52,6.76,0.0
20230203:1310,466.89,196.09,22.5,10.61,6.41,0.0
20230203:1410,411.3,174.9,19.53,10.67,6.48,0.0
20230203:1510,346.41,149.99,14.38,10.61,6.83,0.0
20230203:1610,281.19,126.78,7.49,10.42,6.34,0.0
20230203:1710,0.0,0.0,0.0,10.22,6.34,0.0
20230203:1810,0.0,0.0,0.0,9.9,6.41,0.0
20230203:1910,0.0,0.0,0.0,9.67,6.21,0.0
20230203:2010,0.0,0.0,0.0,9.38,5.52,0.0
20230203:2110,0.0,0.0,0.0,8.93,4.83,0.0
20230203:2210,0.0,0.0,0.0,8.68,4.0,0.0
20230203:2310,0.0,0.0,0.0,8.66,3.93,0.0
20230204:0010,0.0,0.0,0.0,8.51,3.86,0.0
20230204:0110,0.0,0.0,0.0,8.43,3.59,0.0
20230204:0210,0.0,0.0,0.0,8.2,3.59,0.0
20230204:0310,0.0,0.0,0.0,8.35,3.66,0.0
20230204:0410,0.0,0.0,0.0,8.41,3.45,0.0
20230204:0510,0.0,0.0,0.0,8.44,3.03,0.0
20230204:0610,0.0,0.0,0.0,8.5,3.24,0.0
20230204:0710,0.0,0.0,0.0,8.55,3.59,0.0
20230204:0810,0.0,1.85,2.55,8.55,3.59,0.0
20230204:0910,35.82,25.96,10.32,8.58,3.72,0.0
20230204:1010,66.6,39.87,16.67,8.77,3.52,0.0
20230204:1110,106.2,56.55,21.13,8.95,4.55,0.0
20230204:1210,122.01,63.04,23.25,9.2,5.52,0.0
20230204:1310,131.07,66.75,22.8,9.43,6.0,0.0
20230204:1410,101.49,54.7,19.83,9.57,6.21,0.0
20230204:1510,110.43,58.41,14.66,9.64,5.86,0.0
20230204:1610,49.65,32.45,7.76,9.61,5.45,0.0
20230204:1710,0.0,0.0,0.0,9.54,4.97,0.0
20230204:1810,0.0,0.0,0.0,9.37,4.48,0.0
20230204:1910,0.0,0.0,0.0,9.37,4.34,0.0
20230204:2010,0.0,0.0,0.0,9.13,3.93,0.0
20230204:2110,0.0,0.0,0.0,8.95,3.45,0.0
20230204:2210,0.0,0.0,0.0,9.02,3.17,0.0
20230204:2310,0.0,0.0,0.0,8.94,2.9,0.0
20230205:0010,0.0,0.0,0.0,9.06,3.1,0.0
20230205:0110,0.0,0.0,0.0,8.96,3.66,0.0
20230205:0210,0.0,0.0,0.0,8.96,3.72,0.0
20230205:0310,0.0,0.0,0.0,8.77,3.72,0.0
20230205:0410,0.0,0.0,0.0,8.44,3.86,0.0
20230205:0510,0.0,0.0,0.0,8.22,4.55,0.0
20230205:0610,0.0,0.0,0.0,8.09,5.72,0.0
20230205:0710,0.0,0.0,0.0,7.53,6.41,0.0
20230205:0810,2.19,7.42,2.78,6.67,6.76,0.0
20230205:0910,739.74,295.01,10.57,6.31,7.38,0.0
20230205:1010,1389.18,543.78,16.94,6.71,6.69,0.0
20230205:1110,1707.81,674.8,21.42,7.09,6.62,0.0
20230205:1210,1831.68,731.57,23.55,7.47,6.07,0.0
20230205:1310,1584.24,630.7,23.1,7.72,5.38,0.0
20230205:1410,1634.28,654.27,20.12,7.91,4.9,0.0
20230205:1510,1045.8,416.41,14.94,7.99,4.21,0.0
20230205:1610,599.04,249.19,8.03,7.86,3.24,0.0
20230205:1710,0.0,0.0,0.0,7.12,2.76,0.0
20230205:1810,0.0,0.0,0.0,6.56,3.79,0.0
20230205:1910,0.0,0.0,0.0,6.52,4.69,0.0
20230205:2010,0.0,0.0,0.0,6.45,4.9,0.0
20230205:2110,0.0,0.0,0.0,6.33,4.83,0.0
20230205:2210,0.0,0.0,0.0,5.88,4.69,0.0
20230205:2310,0.0,0.0,0.0,5.75,4.48,0.0
20230206:0010,0.0,0.0,0.0,5.82,4.76,0.0
20230206:0110,0.0,0.0,0.0,5.94,4.69,0.0
20230206:0210,0.0,0.0,0.0,6.22,5.1,0.0
20230206:0310,0.0,0.0,0.0,6.31,5.45,0.0
20230206:0410,0.0,0.0,0.0,6.39,5.59,0.0
20230206:0510,0.0,0.0,0.0,6.46,5.93,0.0
20230206:0610,0.0,0.0,0.0,6.53,6.0,0.0
20230206:0710,0.0,0.0,0.0,6.57,5.79,0.0
20230206:0810,20.01,18.55,3.02,6.58,5.38,0.0
20230206:0910,207.45,95.75,10.82,6.72,5.45,0.0
20230206:1010,792.06,315.39,17.22,7.38,4.97,0.0
20230206:1110,1260.06,498.75,21.71,7.95,5.24,0.0
20230206:1210,1936.65,786.24,23.86,8.43,5.31,0.0
20230206:1310,1990.8,810.11,23.41,8.59,5.45,0.0
20230206:1410,1713.63,689.23,20.42,8.65,5.24,0.0
20230206:1510,1343.28,537.17,15.23,8.56,4.62,0.0
20230206:1610,619.32,256.72,8.3,8.48,4.48,0.0
20230206:1710,0.0,0.0,0.0,8.07,4.55,0.0
20230206:1810,0.0,0.0,0.0,7.41,4.55,0.0
20230206:1910,0.0,0.0,0.0,6.95,4.07,0.0
20230206:2010,0.0,0.0,0.0,6.66,3.17,0.0
20230206:2110,0.0,0.0,0.0,6.49,3.17,0.0
20230206:2210,0.0,0.0,0.0,6.07,3.24,0.0
20230206:2310,0.0,0.0,0.0,5.79,3.38,0.0
20230207:0010,0.0,0.0,0.0,5.64,3.66,0.0
20230207:0110,0.0,0.0,0.0,5.59,3.66,0.0
20230207:0210,0.0,0.0,0.0,5.34,4.21,0.0
20230207:0310,0.0,0.0,0.0,5.15,4.21,0.0
20230207:0410,0.0,0.0,0.0,5.11,4.48,0.0
20230207:0510,0.0,0.0,0.0,4.96,4.62,0.0
20230207:0610,0.0,0.0,0.0,4.97,4.48,0.0
20230207:0710,0.0,0.0,0.0,5.04,4.41,0.0
20230207:0810,19.41,18.09,3.26,4.87,4.14,0.0
20230207:0910,876.06,348.76,11.08,5.1,3.93,0.0
20230207:1010,1489.77,593.91,17.5,5.61,3.45,0.0
20230207:1110,1776.21,720.37,22.01,6.67,3.59,0.0
20230207:1210,1901.94,778.54,24.17,7.53,3.86,0.0
20230207:1310,1791.03,729.45,23.72,8.18,4.07,0.0
20230207:1410,1647.72,663.5,20.73,8.31,4.55,0.0
20230207:1510,1383.84,552.7,15.52,8.1,4.62,0.0
20230207:1610,669.0,275.24,8.58,7.77,4.34,0.0
20230207:1710,0.0,0.0,0.0,6.86,4.76,0.0
20230207:1810,0.0,0.0,0.0,6.27,5.03,0.0
20230207:1910,0.0,0.0,0.0,6.11,5.45,0.0
20230207:2010,0.0,0.0,0.0,5.94,5.59,0.0
20230207:2110,0.0,0.0,0.0,5.83,5.38,0.0
20230207:2210,0.0,0.0,0.0,5.75,4.83,0.0
20230207:2310,0.0,0.0,0.0,5.57,4.48,0.0
20230208:0010,0.0,0.0,0.0,5.51,4.07,0.0
20230208:0110,0.0,0.0,0.0,5.44,3.79,0.0
20230208:0210,0.0,0.0,0.0,5.34,3.79,0.0
20230208:0310,0.0,0.0,0.0,5.31,3.86,0.0
20230208:0410,0.0,0.0,0.0,5.31,3.72,0.0
20230208:0510,0.0,0.0,0.0,5.25,3.72,0.0
20230208:0610,0.0,0.0,0.0,5.16,3.66,0.0
20230208:0710,0.0,0.0,0.0,5.07,3.59,0.0
20230208:0810,20.55,18.65,3.5,5.04,3.17,0.0
20230208:0910,847.5,341.93,11.35,5.75,1.93,0.0
20230208:1010,1428.3,581.82,17.78,6.32,1.45,0.0
20230208:1110,1716.54,710.81,22.31,6.98,1.79,0.0
20230208:1210,1557.66,634.87,24.48,7.57,2.55,0.0
20230208:1310,1956.39,810.65,24.04,7.9,3.31,0.0
20230208:1410,1602.66,648.63,21.04,8.03,3.59,0.0
20230208:1510,236.73,107.68,15.81,8.07,3.66,0.0
20230208:1610,114.78,59.93,8.85,7.99,4.0,0.0
20230208:1710,0.0,0.0,0.0,7.95,4.48,0.0
20230208:1810,0.0,0.0,0.0,7.87,4.55,0.0
20230208:1910,0.0,0.0,0.0,7.76,4.97,0.0
20230208:2010,0.0,0.0,0.0,7.65,5.31,0.0
20230208:2110,0.0,0.0,0.0,7.74,4.41,0.0
20230208:2210,0.0,0.0,0.0,7.68,3.24,0.0
20230208:2310,0.0,0.0,0.0,7.47,3.31,0.0
20230209:0010,0.0,0.0,0.0,7.45,3.72,0.0
20230209:0110,0.0,0.0,0.0,7.41,4.0,0.0
20230209:0210,0.0,0.0,0.0,7.44,3.79,0.0
20230209:0310,0.0,0.0,0.0,7.74,4.0,0.0
20230209:0410,0.0,0.0,0.0,8.03,4.28,0.0
20230209:0510,0.0,0.0,0.0,8.29,4.21,0.0
20230209:0610,0.0,0.0,0.0,8.64,4.28,0.0
20230209:0710,0.0,0.0,0.0,8.74,3.93,0.0
20230209:0810,12.24,13.91,3.75,8.59,3.52,0.0
20230209:0910,245.43,111.32,11.61,8.4,3.03,0.0
20230209:1010,505.77,210.37,18.07,8.8,2.76,0.0
20230209:1110,1057.29,425.6,22.61,9.12,3.03,0.0
20230209:1210,520.14,217.13,24.8,9.48,2.9,0.0
20230209:1310,786.39,320.11,24.36,9.73,2.69,0.0
20230209:1410,891.54,360.33,21.35,9.76,3.1,0.0
20230209:1510,534.9,221.56,16.11,9.58,3.66,0.0
20230209:1610,254.64,115.76,9.13,9.2,3.86,0.0
20230209:1710,0.0,0.0,0.0,8.53,3.79,0.0
20230209:1810,0.0,0.0,0.0,7.58,3.66,0.0
20230209:1910,0.0,0.0,0.0,6.65,3.52,0.0
20230209:2010,0.0,0.0,0.0,6.17,3.38,0.0
20230209:2110,0.0,0.0,0.0,6.12,2.9,0.0
20230209:2210,0.0,0.0,0.0,5.97,2.14,0.0
20230209:2310,0.0,0.0,0.0,5.91,1.31,0.0
20230210:0010,0.0,0.0,0.0,5.59,1.59,0.0
20230210:0110,0.0,0.0,0.0,5.46,2.0,0.0
20230210:0210,0.0,0.0,0.0,5.62,1.86,0.0
20230210:0310,0.0,0.0,0.0,5.48,1.66,0.0
20230210:0410,0.0,0.0,0.0,5.57,1.38,0.0
20230210:0510,0.0,0.0,0.0,5.57,1.38,0.0
20230210:0610,0.0,0.0,0.0,5.68,2.07,0.0
20230210:0710,0.0,0.0,0.0,5.8,3.03,0.0
20230210:0810,1.05,6.49,4.01,5.96,3.59,0.0
20230210:0910,497.82,206.03,11.89,6.7,3.31,0.0
20230210:1010,1032.54,413.69,18.36,7.55,2.55,0.0
20230210:1110,1291.14,521.35,22.93,8.25,2.62,0.0
20230210:1210,1088.13,437.51,25.12,8.75,3.1,0.0
20230210:1310,1068.12,428.51,24.68,9.02,3.66,0.0
20230210:1410,859.62,345.49,21.66,9.27,4.07,0.0
20230210:1510,241.23,110.04,16.41,9.58,4.21,0.0
20230210:1610,127.56,65.56,9.41,9.76,4.14,0.0
20230210:1710,0.0,0.0,0.0,9.89,3.86,0.0
20230210:1810,0.0,0.0,0.0,9.86,3.66,0.0
20230210:1910,0.0,0.0,0.0,9.64,3.24,0.0
20230210:2010,0.0,0.0,0.0,9.44,2.9,0.0
20230210:2110,0.0,0.0,0.0,9.37,2.62,0.0
20230210:2210,0.0,0.0,0.0,8.98,2.34,0.0
20230210:2310,0.0,0.0,0.0,8.85,2.41,0.0
20230211:0010,0.0,0.0,0.0,8.62,2.28,0.0
20230211:0110,0.0,0.0,0.0,8.49,2.14,0.0
20230211:0210,0.0,0.0,0.0,8.29,1.79,0.0
20230211:0310,0.0,0.0,0.0,8.43,1.31,0.0
20230211:0410,0.0,0.0,0.0,8.53,1.03,0.0
20230211:0510,0.0,0.0,0.0,8.51,1.24,0.0
20230211:0610,0.0,0.0,0.0,8.47,1.45,0.0
20230211:0710,0.0,0.0,0.0,8.41,1.17,0.0
20230211:0810,27.78,22.43,4.27,8.24,0.41,0.0
20230211:0910,203.7,95.5,12.17,8.29,0.48,0.0
20230211:1010,350.7,152.3,18.66,8.96,1.52,0.0
20230211:1110,697.38,285.87,23.24,9.11,1.66,0.0
20230211:1210,491.58,206.92,25.45,9.43,1.86,0.0
20230211:1310,282.06,126.56,25.0,9.64,2.07,0.0
20230211:1410,456.63,193.11,21.97,9.82,2.48,0.0
20230211:1510,572.76,237.07,16.71,9.86,2.62,0.0
20230211:1610,387.0,167.65,9.7,9.67,2.76,0.0
20230211:1710,0.0,0.0,0.0,9.26,2.69,0.0
20230211:1810,0.0,0.0,0.0,8.85,2.97,0.0
20230211:1910,0.0,0.0,0.0,8.57,3.1,0.0
20230211:2010,0.0,0.0,0.0,8.63,3.38,0.0
20230211:2110,0.0,0.0,0.0,8.57,3.72,0.0
20230211:2210,0.0,0.0,0.0,8.26,4.0,0.0
20230211:2310,0.0,0.0,0.0,8.02,4.14,0.0
20230212:0010,0.0,0.0,0.0,7.87,4.41,0.0
20230212:0110,0.0,0.0,0.0,7.86,4.69,0.0
20230212:0210,0.0,0.0,0.0,7.83,5.31,0.0
20230212:0310,0.0,0.0,0.0,7.95,5.93,0.0
20230212:0410,0.0,0.0,0.0,8.08,6.14,0.0
20230212:0510,0.0,0.0,0.0,8.19,6.28,0.0
20230212:0610,0.0,0.0,0.0,8.24,6.21,0.0
20230212:0710,0.0,0.0,0.0,8.29,6.41,0.0
20230212:0810,4.74,9.27,4.54,8.38,6.69,0.0
20230212:0910,102.0,54.7,12.45,8.61,6.97,0.0
20230212:1010,178.38,85.29,18.96,8.83,7.52,0.0
20230212:1110,566.7,231.72,23.56,8.92,7.52,0.0
20230212:1210,599.37,244.14,25.78,8.99,7.72,0.0
20230212:1310,1577.55,623.64,25.33,8.98,7.79,0.0
20230212:1410,1472.13,580.1,22.29,8.99,7.86,0.0
20230212:1510,1374.42,541.32,17.01,8.94,8.0,0.0
20230212:1610,808.98,327.65,9.98,8.83,8.0,0.0
20230212:1710,0.0,1.85,1.71,8.66,7.79,0.0
20230212:1810,0.0,0.0,0.0,8.5,7.72,0.0
20230212:1910,0.0,0.0,0.0,8.52,7.66,0.0
20230212:2010,0.0,0.0,0.0,8.67,7.59,0.0
20230212:2110,0.0,0.0,0.0,8.74,7.45,0.0
20230212:2210,0.0,0.0,0.0,8.63,7.03,0.0
20230212:2310,0.0,0.0,0.0,8.73,6.9,0.0
20230213:0010,0.0,0.0,0.0,8.78,6.83,0.0
20230213:0110,0.0,0.0,0.0,8.88,6.48,0.0
20230213:0210,0.0,0.0,0.0,8.89,6.14,0.0
20230213:0310,0.0,0.0,0.0,8.85,6.0,0.0
20230213:0410,0.0,0.0,0.0,8.75,5.79,0.0
20230213:0510,0.0,0.0,0.0,8.62,5.59,0.0
20230213:0610,0.0,0.0,0.0,8.53,5.52,0.0
20230213:0710,0.0,0.0,0.0,8.42,5.59,0.0
20230213:0810,12.27,13.91,4.81,8.33,5.66,0.0
20230213:0910,416.94,175.96,12.74,8.54,5.93,0.0
20230213:1010,592.08,241.28,19.27,8.54,5.45,0.0
20230213:1110,1217.64,483.13,23.89,8.76,5.59,0.0
20230213:1210,1082.37,430.34,26.11,8.95,5.59,0.0
20230213:1310,1121.16,445.89,25.67,9.0,5.45,0.0
20230213:1410,519.99,215.07,22.61,9.08,5.59,0.0
20230213:1510,1399.71,558.0,17.31,9.05,5.66,0.0
20230213:1610,826.89,336.93,10.27,8.94,5.45,0.0
20230213:1710,0.0,2.78,1.98,8.75,5.17,0.0
20230213:1810,0.0,0.0,0.0,8.68,4.83,0.0
20230213:1910,0.0,0.0,0.0,8.8,4.34,0.0
20230213:2010,0.0,0.0,0.0,9.03,4.0,0.0
20230213:2110,0.0,0.0,0.0,9.46,4.0,0.0
20230213:2210,0.0,0.0,0.0,9.41,3.72,0.0
20230213:2310,0.0,0.0,0.0,9.44,4.21,0.0
20230214:0010,0.0,0.0,0.0,9.22,4.69,0.0
20230214:0110,0.0,0.0,0.0,9.14,4.9,0.0
20230214:0210,0.0,0.0,0.0,9.21,4.69,0.0
20230214:0310,0.0,0.0,0.0,9.26,4.83,0.0
20230214:0410,0.0,0.0,0.0,9.28,4.76,0.0
20230214:0510,0.0,0.0,0.0,9.38,5.03,0.0
20230214:0610,0.0,0.0,0.0,9.53,5.38,0.0
20230214:0710,0.0,0.0,0.0,9.57,5.45,0.0
20230214:0810,296.37,139.23,5.09,9.52,4.97,0.0
20230214:0910,821.58,332.91,13.03,9.67,4.76,0.0
20230214:1010,1497.84,603.48,19.58,9.97,4.9,0.0
20230214:1110,1894.2,776.1,24.22,10.28,5.1,0.0
20230214:1210,2095.59,867.6,26.45,10.39,5.31,0.0
20230214:1310,2072.97,853.88,26.0,10.34,5.66,0.0
20230214:1410,1854.9,753.74,22.94,10.35,5.86,0.0
20230214:1510,1441.77,578.82,17.62,10.36,5.72,0.0
20230214:1610,770.97,316.19,10.55,10.22,5.79,0.0
20230214:1710,0.96,6.49,2.25,9.84,6.07,0.0
20230214:1810,0.0,0.0,0.0,9.3,6.28,0.0
20230214:1910,0.0,0.0,0.0,9.22,6.14,0.0
20230214:2010,0.0,0.0,0.0,9.28,6.14,0.0
20230214:2110,0.0,0.0,0.0,9.48,5.52,0.0
20230214:2210,0.0,0.0,0.0,9.76,5.31,0.0
20230214:2310,0.0,0.0,0.0,9.81,5.17,0.0
20230215:0010,0.0,0.0,0.0,9.84,5.1,0.0
20230215:0110,0.0,0.0,0.0,9.64,4.9,0.0
20230215:0210,0.0,0.0,0.0,9.53,4.76,0.0
20230215:0310,0.0,0.0,0.0,9.53,5.1,0.0
20230215:0410,0.0,0.0,0.0,9.53,5.31,0.0
20230215:0510,0.0,0.0,0.0,9.73,5.59,0.0
20230215:0610,0.0,0.0,0.0,9.8,5.52,0.0
20230215:0710,0.0,0.0,0.0,9.88,5.38,0.0
20230215:0810,136.5,71.77,5.37,9.97,5.31,0.0
20230215:0910,558.78,231.65,13.33,10.49,5.45,0.0
20230215:1010,790.53,319.11,19.9,10.68,5.66,0.0
20230215:1110,412.05,176.05,24.55,10.94,6.07,0.0
20230215:1210,130.14,66.75,26.79,10.9,6.28,0.0
20230215:1310,118.83,62.12,26.34,10.69,5.45,0.0
20230215:1410,116.61,61.19,23.26,10.56,4.9,0.0
20230215:1510,951.63,382.23,17.92,10.31,4.9,0.0
20230215:1610,425.52,182.03,10.84,10.17,4.55,0.0
20230215:1710,11.79,14.58,2.52,9.83,4.0,0.0
20230215:1810,0.0,0.0,0.0,9.22,3.66,0.0
20230215:1910,0.0,0.0,0.0,9.27,3.66,0.0
20230215:2010,0.0,0.0,0.0,9.21,4.14,0.0
20230215:2110,0.0,0.0,0.0,9.3,4.76,0.0
20230215:2210,0.0,0.0,0.0,9.09,5.31,0.0
20230215:2310,0.0,0.0,0.0,9.36,5.72,0.0
20230216:0010,0.0,0.0,0.0,9.49,7.79,0.0
20230216:0110,0.0,0.0,0.0,9.56,8.62,0.0
20230216:0210,0.0,0.0,0.0,9.75,9.17,0.0
20230216:0310,0.0,0.0,0.0,10.05,9.45,0.0
20230216:0410,0.0,0.0,0.0,10.3,9.24,0.0
20230216:0510,0.0,0.0,0.0,10.57,9.03,0.0
20230216:0610,0.0,0.0,0.0,10.71,8.69,0.0
20230216:0710,0.0,0.0,0.0,10.78,8.0,0.0
20230216:0810,87.33,50.25,5.65,10.78,7.38,0.0
20230216:0910,169.35,82.34,13.63,10.81,6.69,0.0
20230216:1010,310.32,137.03,20.22,10.88,6.55,0.0
20230216:1110,376.08,162.23,24.89,10.95,7.1,0.0
20230216:1210,323.28,142.22,27.14,10.85,7.38,0.0
20230216:1310,389.07,167.12,26.68,10.81,7.45,0.0
20230216:1410,778.08,313.78,23.59,10.94,7.1,0.0
20230216:1510,844.08,339.47,18.23,11.08,6.62,0.0
20230216:1610,199.92,94.66,11.13,11.1,6.97,0.0
20230216:1710,0.0,3.71,2.8,10.96,6.28,0.0
20230216:1810,0.0,0.0,0.0,10.88,6.0,0.0
20230216:1910,0.0,0.0,0.0,10.91,6.34,0.0
20230216:2010,0.0,0.0,0.0,10.89,6.69,0.0
20230216:2110,0.0,0.0,0.0,10.86,6.97,0.0
20230216:2210,0.0,0.0,0.0,10.95,6.0,0.0
20230216:2310,0.0,0.0,0.0,10.88,6.0,0.0
20230217:0010,0.0,0.0,0.0,10.72,6.28,0.0
20230217:0110,0.0,0.0,0.0,10.39,6.97,0.0
20230217:0210,0.0,0.0,0.0,10.08,7.79,0.0
20230217:0310,0.0,0.0,0.0,9.91,8.28,0.0
20230217:0410,0.0,0.0,0.0,9.81,8.34,0.0
20230217:0510,0.0,0.0,0.0,9.78,8.07,0.0
20230217:0610,0.0,0.0,0.0,9.83,8.07,0.0
20230217:0710,0.0,0.0,0.0,9.92,8.55,0.0
20230217:0810,352.32,160.64,5.94,10.04,8.62,0.0
20230217:0910,51.57,33.38,13.94,10.23,8.34,0.0
20230217:1010,70.32,41.72,20.55,10.7,7.45,0.0
20230217:1110,144.0,72.31,25.23,10.87,7.31,0.0
20230217:1210,174.24,84.37,27.48,10.96,8.07,0.0
20230217:1310,214.35,100.13,27.03,11.0,8.69,0.0
20230217:1410,219.15,101.98,23.92,10.99,8.83,0.0
20230217:1510,187.59,89.55,18.54,10.95,8.62,0.0
20230217:1610,269.49,121.58,11.42,10.95,8.48,0.0
20230217:1710,0.0,4.64,3.07,10.89,7.93,0.0
20230217:1810,0.0,0.0,0.0,10.78,7.24,0.0
20230217:1910,0.0,0.0,0.0,10.68,7.24,0.0
20230217:2010,0.0,0.0,0.0,10.52,7.38,0.0
20230217:2110,0.0,0.0,0.0,10.36,7.66,0.0
20230217:2210,0.0,0.0,0.0,10.22,7.17,0.0
20230217:2310,0.0,0.0,0.0,10.02,7.79,0.0
20230218:0010,0.0,0.0,0.0,9.95,8.14,0.0
20230218:0110,0.0,0.0,0.0,10.08,8.62,0.0
20230218:0210,0.0,0.0,0.0,10.18,8.9,0.0
20230218:0310,0.0,0.0,0.0,10.25,8.76,0.0
20230218:0410,0.0,0.0,0.0,10.22,8.62,0.0
20230218:0510,0.0,0.0,0.0,10.2,8.41,0.0
20230218:0610,0.0,0.0,0.0,10.23,8.21,0.0
20230218:0710,0.0,0.0,0.0,10.29,8.07,0.0
20230218:0810,144.15,74.37,6.24,10.34,8.07,0.0
20230218:0910,103.35,55.63,14.25,10.46,8.34,0.0
20230218:1010,116.79,61.19,20.88,10.63,8.48,0.0
20230218:1110,317.7,139.83,25.57,10.82,8.69,0.0
20230218:1210,250.26,114.03,27.84,10.94,9.03,0.0
20230218:1310,245.43,112.18,27.38,10.98,9.1,0.0
20230218:1410,268.02,120.91,24.26,11.11,9.1,0.0
20230218:1510,192.0,91.37,18.86,11.23,9.17,0.0
20230218:1610,85.32,48.21,11.71,11.18,9.52,0.0
20230218:1710,0.0,3.71,3.34,10.89,8.83,0.0
20230218:1810,0.0,0.0,0.0,10.53,8.28,0.0
20230218:1910,0.0,0.0,0.0,10.32,8.28,0.0
20230218:2010,0.0,0.0,0.0,10.27,7.72,0.0
20230218:2110,0.0,0.0,0.0,10.18,7.17,0.0
20230218:2210,0.0,0.0,0.0,10.09,6.41,0.0
20230218:2310,0.0,0.0,0.0,9.88,6.48,0.0
20230219:0010,0.0,0.0,0.0,9.69,6.21,0.0
20230219:0110,0.0,0.0,0.0,9.51,6.07,0.0
20230219:0210,0.0,0.0,0.0,9.32,5.66,0.0
20230219:0310,0.0,0.0,0.0,9.09,5.1,0.0
20230219:0410,0.0,0.0,0.0,8.88,5.03,0.0
20230219:0510,0.0,0.0,0.0,8.71,5.1,0.0
20230219:0610,0.0,0.0,0.0,8.52,4.97,0.0
20230219:0710,0.0,0.0,0.0,8.24,4.55,0.0
20230219:0810,409.38,182.77,6.53,8.16,4.07,0.0
20230219:0910,313.56,137.29,14.57,8.52,3.93,0.0
20230219:1010,938.16,375.59,21.21,9.08,4.41,0.0
20230219:1110,1073.07,429.95,25.92,9.5,4.48,0.0
20230219:1210,538.35,223.83,28.19,9.9,4.83,0.0
20230219:1310,1708.74,697.51,27.73,10.07,4.55,0.0
20230219:1410,1814.64,742.2,24.59,10.21,4.83,0.0
20230219:1510,1416.39,571.35,19.17,10.17,4.69,0.0
20230219:1610,724.86,297.92,12.0,10.08,4.9,0.0
20230219:1710,7.5,11.13,3.62,9.84,4.76,0.0
20230219:1810,0.0,0.0,0.0,9.3,4.83,0.0
20230219:1910,0.0,0.0,0.0,8.99,5.03,0.0
20230219:2010,0.0,0.0,0.0,8.8,5.17,0.0
20230219:2110,0.0,0.0,0.0,8.49,5.59,0.0
20230219:2210,0.0,0.0,0.0,8.15,5.17,0.0
20230219:2310,0.0,0.0,0.0,8.2,5.31,0.0
20230220:0010,0.0,0.0,0.0,8.28,5.1,0.0
20230220:0110,0.0,0.0,0.0,8.42,5.66,0.0
20230220:0210,0.0,0.0,0.0,8.58,5.93,0.0
20230220:0310,0.0,0.0,0.0,8.78,5.93,0.0
20230220:0410,0.0,0.0,0.0,8.9,5.66,0.0
20230220:0510,0.0,0.0,0.0,9.0,5.17,0.0
20230220:0610,0.0,0.0,0.0,9.05,4.69,0.0
20230220:0710,0.0,0.0,0.0,9.08,4.48,0.0
20230220:0810,147.21,75.12,6.84,9.13,4.41,0.0
20230220:0910,271.41,121.49,14.88,9.19,4.48,0.0
20230220:1010,230.94,106.1,21.55,9.32,4.97,0.0
20230220:1110,445.17,188.04,26.27,9.43,4.69,0.0
20230220:1210,310.74,137.21,28.55,9.67,4.69,0.0
20230220:1310,243.57,111.25,28.08,9.72,4.83,0.0
20230220:1410,212.55,99.2,24.93,9.76,4.76,0.0
20230220:1510,289.2,128.73,19.48,9.86,4.55,0.0
20230220:1610,83.52,47.28,12.29,9.85,4.21,0.0
20230220:1710,4.68,9.27,3.89,9.69,3.59,0.0
20230220:1810,0.0,0.0,0.0,9.5,3.1,0.0
20230220:1910,0.0,0.0,0.0,9.45,2.83,0.0
20230220:2010,0.0,0.0,0.0,9.29,2.69,0.0
20230220:2110,0.0,0.0,0.0,9.3,2.62,0.0
20230220:2210,0.0,0.0,0.0,9.0,2.48,0.0
20230220:2310,0.0,0.0,0.0,8.99,1.72,0.0
20230221:0010,0.0,0.0,0.0,8.97,1.17,0.0
20230221:0110,0.0,0.0,0.0,8.89,0.69,0.0
20230221:0210,0.0,0.0,0.0,8.81,0.83,0.0
20230221:0310,0.0,0.0,0.0,8.73,1.1,0.0
20230221:0410,0.0,0.0,0.0,8.61,1.24,0.0
20230221:0510,0.0,0.0,0.0,8.48,1.31,0.0
20230221:0610,0.0,0.0,0.0,8.35,1.31,0.0
20230221:0710,0.0,0.0,0.0,8.28,1.38,0.0
20230221:0810,125.07,65.48,7.14,8.21,1.45,0.0
20230221:0910,275.07,122.89,15.21,8.17,1.79,0.0
20230221:1010,414.3,175.88,21.89,7.96,2.07,0.0
20230221:1110,521.31,216.73,26.63,8.14,2.69,0.0
20230221:1210,592.95,244.67,28.91,8.29,2.41,0.0
20230221:1310,335.79,146.76,28.43,8.45,1.93,0.0
20230221:1410,546.96,227.26,25.26,8.52,1.93,0.0
20230221:1510,355.92,154.1,19.8,8.57,1.72,0.0
20230221:1610,190.32,90.27,12.59,8.45,1.93,0.0
20230221:1710,4.74,9.27,4.17,8.28,1.59,0.0
20230221:1810,0.0,0.0,0.0,8.26,1.31,0.0
20230221:1910,0.0,0.0,0.0,8.35,1.59,0.0
20230221:2010,0.0,0.0,0.0,8.45,1.79,0.0
20230221:2110,0.0,0.0,0.0,8.51,2.0,0.0
20230221:2210,0.0,0.0,0.0,8.27,2.83,0.0
20230221:2310,0.0,0.0,0.0,8.24,3.03,0.0
20230222:0010,0.0,0.0,0.0,8.27,2.97,0.0
20230222:0110,0.0,0.0,0.0,8.3,3.52,0.0
20230222:0210,0.0,0.0,0.0,8.38,4.69,0.0
20230222:0310,0.0,0.0,0.0,8.62,5.38,0.0
20230222:0410,0.0,0.0,0.0,8.99,5.52,0.0
20230222:0510,0.0,0.0,0.0,8.84,6.28,0.0
20230222:0610,0.0,0.0,0.0,8.32,7.1,0.0
20230222:0710,0.0,0.0,0.0,7.86,7.86,0.0
20230222:0810,494.52,214.36,7.45,7.49,8.28,0.0
20230222:0910,1184.94,465.7,15.53,7.44,8.41,0.0
20230222:1010,1694.22,667.47,22.23,7.67,7.72,0.0
20230222:1110,743.01,296.29,26.99,7.66,7.86,0.0
20230222:1210,956.91,376.8,29.28,7.76,8.34,0.0
20230222:1310,465.54,193.19,28.79,7.43,8.48,0.0
20230222:1410,699.3,279.21,25.6,7.37,8.34,0.0
20230222:1510,1267.86,494.94,20.11,7.31,8.14,0.0
20230222:1610,972.21,387.3,12.88,7.07,7.52,0.0
20230222:1710,197.07,101.59,4.44,6.48,7.59,0.0
20230222:1810,0.0,0.0,0.0,6.1,7.52,0.0
20230222:1910,0.0,0.0,0.0,5.81,7.45,0.0
20230222:2010,0.0,0.0,0.0,5.67,7.03,0.0
20230222:2110,0.0,0.0,0.0,5.65,6.83,0.0
20230222:2210,0.0,0.0,0.0,5.69,5.38,0.0
20230222:2310,0.0,0.0,0.0,5.91,4.97,0.0
20230223:0010,0.0,0.0,0.0,5.95,5.03,0.0
20230223:0110,0.0,0.0,0.0,5.96,5.86,0.0
20230223:0210,0.0,0.0,0.0,5.92,6.48,0.0
20230223:0310,0.0,0.0,0.0,5.93,7.24,0.0
20230223:0410,0.0,0.0,0.0,5.78,7.93,0.0
20230223:0510,0.0,0.0,0.0,5.66,8.41,0.0
20230223:0610,0.0,0.0,0.0,5.67,8.55,0.0
20230223:0710,0.0,0.0,0.0,5.64,9.24,0.0
20230223:0810,81.84,46.06,7.77,5.64,9.72,0.0
20230223:0910,65.61,38.94,15.86,5.84,10.0,0.0
20230223:1010,345.18,147.52,22.58,6.61,8.97,0.0
20230223:1110,1385.91,538.62,27.35,7.19,9.52,0.0
20230223:1210,242.25,109.4,29.64,7.63,9.59,0.0
20230223:1310,635.49,256.27,29.15,7.78,9.17,0.0
20230223:1410,186.42,88.08,25.94,7.96,8.9,0.0
20230223:1510,317.82,138.02,20.43,8.04,8.9,0.0
20230223:1610,322.23,140.06,13.18,8.18,8.9,0.0
20230223:1710,37.83,27.71,4.72,8.04,9.03,0.0
20230223:1810,0.0,0.0,0.0,7.5,8.62,0.0
20230223:1910,0.0,0.0,0.0,7.05,8.0,0.0
20230223:2010,0.0,0.0,0.0,6.63,7.66,0.0
20230223:2110,0.0,0.0,0.0,6.18,7.52,0.0
20230223:2210,0.0,0.0,0.0,5.67,7.52,0.0
20230223:2310,0.0,0.0,0.0,5.38,7.24,0.0
20230224:0010,0.0,0.0,0.0,5.12,7.17,0.0
20230224:0110,0.0,0.0,0.0,4.83,6.69,0.0
20230224:0210,0.0,0.0,0.0,4.59,6.0,0.0
20230224:0310,0.0,0.0,0.0,4.44,5.72,0.0
20230224:0410,0.0,0.0,0.0,4.49,5.45,0.0
20230224:0510,0.0,0.0,0.0,4.6,4.97,0.0
20230224:0610,0.0,0.0,0.0,4.81,4.69,0.0
20230224:0710,0.0,0.0,0.0,5.12,4.34,0.0
20230224:0810,19.35,17.62,8.08,5.56,4.62,0.0
20230224:0910,331.77,142.71,16.2,6.31,5.03,0.0
20230224:1010,1114.86,440.1,22.93,7.04,5.03,0.0
20230224:1110,1299.9,513.51,27.71,8.39,6.62,0.0
20230224:1210,484.05,202.43,30.01,9.37,6.21,0.0
20230224:1310,200.97,94.56,29.51,9.68,5.59,0.0
20230224:1410,170.13,82.51,26.29,9.74,4.62,0.0
20230224:1510,203.16,95.49,20.75,9.69,4.83,0.0
20230224:1610,370.89,160.08,13.47,9.65,5.17,0.0
20230224:1710,0.0,4.64,5.0,9.57,5.24,0.0
20230224:1810,0.0,0.0,0.0,9.27,4.76,0.0
20230224:1910,0.0,0.0,0.0,8.87,4.83,0.0
20230224:2010,0.0,0.0,0.0,8.6,4.97,0.0
20230224:2110,0.0,0.0,0.0,8.47,5.24,0.0
20230224:2210,0.0,0.0,0.0,8.32,5.86,0.0
20230224:2310,0.0,0.0,0.0,8.47,6.97,0.0
20230225:0010,0.0,0.0,0.0,8.12,8.48,0.0
20230225:0110,0.0,0.0,0.0,7.56,9.03,0.0
20230225:0210,0.0,0.0,0.0,6.79,8.34,0.0
20230225:0310,0.0,0.0,0.0,5.99,7.79,0.0
20230225:0410,0.0,0.0,0.0,5.16,8.07,0.0
20230225:0510,0.0,0.0,0.0,4.69,8.28,0.0
20230225:0610,0.0,0.0,0.0,4.39,8.41,0.0
20230225:0710,0.0,0.0,0.0,4.11,8.55,0.0
20230225:0810,552.9,233.02,8.4,4.29,8.9,0.0
20230225:0910,1286.31,497.84,16.53,4.74,9.1,0.0
20230225:1010,690.75,273.09,23.28,5.36,9.24,0.0
20230225:1110,972.3,378.27,28.08,5.78,9.31,0.0
20230225:1210,505.38,206.95,30.39,6.24,8.97,0.0
20230225:1310,2051.55,810.12,29.88,6.61,8.76,0.0
20230225:1410,1546.23,602.14,26.63,6.78,8.83,0.0
20230225:1510,486.45,199.73,21.07,6.86,8.76,0.0
20230225:1610,508.2,208.91,13.77,6.98,9.24,0.0
20230225:1710,161.34,84.16,5.27,6.95,8.62,0.0
20230225:1810,0.0,0.0,0.0,6.82,8.55,0.0
20230225:1910,0.0,0.0,0.0,6.77,8.21,0.0
20230225:2010,0.0,0.0,0.0,6.57,8.21,0.0
20230225:2110,0.0,0.0,0.0,6.29,8.48,0.0
20230225:2210,0.0,0.0,0.0,5.94,8.34,0.0
20230225:2310,0.0,0.0,0.0,5.64,8.69,0.0
20230226:0010,0.0,0.0,0.0,5.29,8.76,0.0
20230226:0110,0.0,0.0,0.0,5.02,9.03,0.0
20230226:0210,0.0,0.0,0.0,4.74,9.24,0.0
20230226:0310,0.0,0.0,0.0,4.52,9.03,0.0
20230226:0410,0.0,0.0,0.0,4.29,8.62,0.0
20230226:0510,0.0,0.0,0.0,4.12,8.97,0.0
20230226:0610,0.0,0.0,0.0,4.02,9.31,0.0
20230226:0710,0.0,0.0,0.0,4.12,9.86,0.0
20230226:0810,541.14,227.83,8.73,4.49,9.59,0.0
20230226:0910,1331.19,515.68,16.87,5.02,9.24,0.0
20230226:1010,1822.89,712.79,23.64,5.53,7.93,0.0
20230226:1110,2017.68,792.38,28.45,6.11,8.97,0.0
20230226:1210,1963.47,772.86,30.76,6.52,8.83,0.0
20230226:1310,1335.9,519.97,30.24,6.84,8.97,0.0
20230226:1410,869.46,342.19,26.98,6.97,8.62,0.0
20230226:1510,1339.32,522.36,21.39,6.95,8.14,0.0
20230226:1610,652.17,263.62,14.06,6.96,7.52,0.0
20230226:1710,253.83,124.63,5.55,6.93,7.17,0.0
20230226:1810,0.0,0.0,0.0,6.54,6.97,0.0
20230226:1910,0.0,0.0,0.0,6.09,6.69,0.0
20230226:2010,0.0,0.0,0.0,5.83,6.48,0.0
20230226:2110,0.0,0.0,0.0,5.58,6.21,0.0
20230226:2210,0.0,0.0,0.0,5.4,7.31,0.0
20230226:2310,0.0,0.0,0.0,5.14,7.03,0.0
20230227:0010,0.0,0.0,0.0,4.88,6.55,0.0
20230227:0110,0.0,0.0,0.0,4.59,6.69,0.0
20230227:0210,0.0,0.0,0.0,4.28,6.76,0.0
20230227:0310,0.0,0.0,0.0,3.89,6.83,0.0
20230227:0410,0.0,0.0,0.0,3.61,6.97,0.0
20230227:0510,0.0,0.0,0.0,3.32,7.1,0.0
20230227:0610,0.0,0.0,0.0,3.33,7.1,0.0
20230227:0710,0.0,0.0,0.0,3.28,7.1,0.0
20230227:0810,570.3,238.81,9.06,3.57,7.38,0.0
20230227:0910,1327.62,515.36,17.21,4.24,7.52,0.0
20230227:1010,1878.39,733.88,24.0,5.23,8.14,0.0
20230227:1110,2227.11,882.41,28.83,6.11,8.76,0.0
20230227:1210,2297.16,915.82,31.14,6.63,8.83,0.0
20230227:1310,2122.14,843.08,30.61,7.08,8.62,0.0
20230227:1410,1867.77,735.75,27.32,7.33,8.55,0.0
20230227:1510,1250.94,489.26,21.71,7.6,8.14,0.0
20230227:1610,784.14,315.07,14.36,7.87,7.52,0.0
20230227:1710,98.94,55.69,5.83,7.85,7.17,0.0
20230227:1810,0.0,0.0,0.0,7.64,7.03,0.0
20230227:1910,0.0,0.0,0.0,7.41,7.1,0.0
20230227:2010,0.0,0.0,0.0,7.06,6.69,0.0
20230227:2110,0.0,0.0,0.0,6.78,6.55,0.0
20230227:2210,0.0,0.0,0.0,6.35,6.41,0.0
20230227:2310,0.0,0.0,0.0,6.18,6.55,0.0
20230228:0010,0.0,0.0,0.0,5.96,6.76,0.0
20230228:0110,0.0,0.0,0.0,5.65,6.69,0.0
20230228:0210,0.0,0.0,0.0,5.34,6.83,0.0
20230228:0310,0.0,0.0,0.0,5.03,6.83,0.0
20230228:0410,0.0,0.0,0.0,4.62,6.69,0.0
20230228:0510,0.0,0.0,0.0,4.38,6.55,0.0
20230228:0610,0.0,0.0,0.0,4.29,6.69,0.0
20230228:0710,0.0,0.0,0.0,4.19,6.9,0.0
20230228:0810,598.29,250.44,9.39,4.36,7.17,0.0
20230228:0910,1322.55,515.73,17.56,5.1,7.31,0.0
20230228:1010,1829.19,717.63,24.36,6.19,7.93,0.0
20230228:1110,2127.42,851.83,29.2,6.93,7.24,0.0
20230228:1210,1893.09,756.27,31.52,7.52,6.83,0.0
20230228:1310,2107.53,855.69,30.98,7.99,6.21,0.0
20230228:1410,1718.37,688.19,27.67,8.31,5.86,0.0
20230228:1510,1603.23,639.69,22.03,8.63,6.07,0.0
20230228:1610,1054.8,423.41,14.65,8.66,6.55,0.0
20230228:1710,312.96,149.76,6.1,8.42,6.83,0.0
20230228:1810,0.0,0.0,0.0,8.07,6.69,0.0
20230228:1910,0.0,0.0,0.0,7.67,6.69,0.0
20230228:2010,0.0,0.0,0.0,7.46,7.1,0.0
20230228:2110,0.0,0.0,0.0,7.32,7.72,0.0
20230228:2210,0.0,0.0,0.0,6.93,8.07,0.0
20230228:2310,0.0,0.0,0.0,6.95,8.76,0.0
20230301:0010,0.0,0.0,0.0,7.0,9.31,0.0
20230301:0110,0.0,0.0,0.0,6.9,9.24,0.0
20230301:0210,0.0,0.0,0.0,6.72,8.9,0.0
20230301:0310,0.0,0.0,0.0,6.43,8.55,0.0
20230301:0410,0.0,0.0,0.0,6.2,8.48,0.0
20230301:0510,0.0,0.0,0.0,6.01,8.28,0.0
20230301:0610,0.0,0.0,0.0,5.75,8.41,0.0
20230301:0710,0.0,0.0,0.0,5.55,8.21,0.0
20230301:0810,262.98,118.78,9.72,5.62,8.0,0.0
20230301:0910,339.18,144.79,17.91,5.84,8.07,0.0
20230301:1010,219.18,100.13,24.73,6.19,7.17,0.0
20230301:1110,142.47,70.46,29.58,6.48,7.1,0.0
20230301:1210,144.6,71.39,31.9,6.83,7.52,0.0
20230301:1310,325.47,140.92,31.35,7.09,7.31,0.0
20230301:1410,162.99,78.8,28.02,7.38,7.31,0.0
20230301:1510,123.12,63.04,22.35,7.56,7.03,0.0
20230301:1610,111.57,58.41,14.95,7.7,6.76,0.0
20230301:1710,95.07,53.51,6.38,7.6,6.48,0.0
20230301:1810,0.0,0.0,0.0,7.41,6.07,0.0
20230301:1910,0.0,0.0,0.0,7.3,5.45,0.0
20230301:2010,0.0,0.0,0.0,7.09,5.79,0.0
20230301:2110,0.0,0.0,0.0,6.92,5.79,0.0
20230301:2210,0.0,0.0,0.0,6.69,5.72,0.0
20230301:2310,0.0,0.0,0.0,6.59,5.59,0.0
20230302:0010,0.0,0.0,0.0,6.44,5.86,0.0
20230302:0110,0.0,0.0,0.0,6.37,5.93,0.0
20230302:0210,0.0,0.0,0.0,6.29,5.93,0.0
20230302:0310,0.0,0.0,0.0,6.24,5.93,0.0
20230302:0410,0.0,0.0,0.0,6.05,6.07,0.0
20230302:0510,0.0,0.0,0.0,5.88,6.34,0.0
20230302:0610,0.0,0.0,0.0,5.72,6.41,0.0
20230302:0710,0.0,0.0,0.0,5.4,6.0,0.0
20230302:0810,571.74,240.39,10.05,5.21,5.72,0.0
20230302:0910,1257.0,494.05,18.26,5.29,5.52,0.0
20230302:1010,1748.16,700.09,25.09,5.47,4.21,0.0
20230302:1110,2069.22,848.5,29.96,5.65,3.86,0.0
20230302:1210,2060.01,848.04,32.28,5.94,3.72,0.0
20230302:1310,2233.38,935.86,31.72,6.25,3.45,0.0
20230302:1410,2016.72,833.61,28.36,6.51,3.31,0.0
20230302:1510,1627.35,657.73,22.67,6.93,3.52,0.0
20230302:1610,1013.43,408.42,15.24,7.16,3.86,0.0
20230302:1710,320.28,151.72,6.65,7.2,4.0,0.0
20230302:1810,0.0,0.0,0.0,6.56,3.86,0.0
20230302:1910,0.0,0.0,0.0,6.06,3.93,0.0
20230302:2010,0.0,0.0,0.0,5.66,4.14,0.0
20230302:2110,0.0,0.0,0.0,5.31,4.48,0.0
20230302:2210,0.0,0.0,0.0,4.99,4.41,0.0
20230302:2310,0.0,0.0,0.0,4.73,4.83,0.0
20230303:0010,0.0,0.0,0.0,4.49,5.1,0.0
20230303:0110,0.0,0.0,0.0,4.3,5.38,0.0
20230303:0210,0.0,0.0,0.0,4.0,5.52,0.0
20230303:0310,0.0,0.0,0.0,3.92,5.79,0.0
20230303:0410,0.0,0.0,0.0,3.72,6.0,0.0
20230303:0510,0.0,0.0,0.0,3.51,6.21,0.0
20230303:0610,0.0,0.0,0.0,3.36,6.34,0.0
20230303:0710,0.0,0.0,0.0,3.23,6.07,0.0
20230303:0810,597.39,248.11,10.39,3.43,6.0,0.0
20230303:0910,770.1,303.0,18.61,3.89,6.14,0.0
20230303:1010,1216.11,473.67,25.46,4.39,5.52,0.0
20230303:1110,704.1,280.75,30.34,4.78,4.97,0.0
20230303:1210,376.71,159.46,32.67,5.1,4.69,0.0
20230303:1310,1294.05,510.42,32.09,5.46,4.62,0.0
20230303:1410,1643.82,654.41,28.71,5.69,4.62,0.0
20230303:1510,1132.74,446.79,22.99,5.86,4.34,0.0
20230303:1610,353.19,151.0,15.54,5.86,4.28,0.0
20230303:1710,126.03,66.39,6.93,5.82,4.55,0.0
20230303:1810,0.0,0.0,0.0,5.71,4.69,0.0
20230303:1910,0.0,0.0,0.0,5.61,4.97,0.0
20230303:2010,0.0,0.0,0.0,5.58,5.17,0.0
20230303:2110,0.0,0.0,0.0,5.53,5.31,0.0
20230303:2210,0.0,0.0,0.0,5.46,4.55,0.0
20230303:2310,0.0,0.0,0.0,5.39,4.55,0.0
20230304:0010,0.0,0.0,0.0,5.31,4.83,0.0
20230304:0110,0.0,0.0,0.0,5.38,4.9,0.0
20230304:0210,0.0,0.0,0.0,5.51,4.9,0.0
20230304:0310,0.0,0.0,0.0,5.63,4.97,0.0
20230304:0410,0.0,0.0,0.0,5.59,5.24,0.0
20230304:0510,0.0,0.0,0.0,5.43,5.59,0.0
20230304:0610,0.0,0.0,0.0,5.43,5.93,0.0
20230304:0710,0.0,0.87,1.66,5.25,5.93,0.0
20230304:0810,134.94,67.45,10.73,5.19,6.0,0.0
20230304:0910,157.44,76.02,18.97,5.23,5.93,0.0
20230304:1010,176.1,83.44,25.84,5.66,5.66,0.0
20230304:1110,199.89,92.71,30.73,5.8,5.1,0.0
20230304:1210,166.2,79.73,33.05,5.96,4.69,0.0
20230304:1310,335.4,144.63,32.47,6.07,4.07,0.0
20230304:1410,286.26,126.09,29.06,6.12,3.59,0.0
20230304:1510,264.9,117.9,23.31,6.12,3.45,0.0
20230304:1610,214.68,98.68,15.83,6.17,3.45,0.0
20230304:1710,111.18,59.88,7.21,6.13,3.59,0.0
20230304:1810,0.0,0.0,0.0,5.95,3.45,0.0
20230304:1910,0.0,0.0,0.0,5.85,3.38,0.0
20230304:2010,0.0,0.0,0.0,5.71,3.45,0.0
20230304:2110,0.0,0.0,0.0,5.62,3.45,0.0
20230304:2210,0.0,0.0,0.0,5.11,3.38,0.0
20230304:2310,0.0,0.0,0.0,5.08,3.03,0.0
20230305:0010,0.0,0.0,0.0,5.06,2.69,0.0
20230305:0110,0.0,0.0,0.0,4.91,2.14,0.0
20230305:0210,0.0,0.0,0.0,4.79,2.07,0.0
20230305:0310,0.0,0.0,0.0,4.73,1.86,0.0
20230305:0410,0.0,0.0,0.0,4.64,1.59,0.0
20230305:0510,0.0,0.0,0.0,4.66,1.72,0.0
20230305:0610,0.0,0.0,0.0,4.6,2.0,0.0
20230305:0710,0.0,0.87,1.99,4.47,1.72,0.0
20230305:0810,74.61,42.65,11.08,4.41,1.86,0.0
20230305:0910,176.46,83.44,19.33,4.53,2.41,0.0
20230305:1010,275.34,121.45,26.21,4.7,2.28,0.0
20230305:1110,202.26,93.64,31.12,5.08,2.21,0.0
20230305:1210,154.38,75.1,33.44,5.42,2.28,0.0
20230305:1310,220.98,101.05,32.84,5.78,2.83,0.0
20230305:1410,279.27,123.31,29.41,5.87,3.52,0.0
20230305:1510,168.39,80.66,23.63,6.03,3.93,0.0
20230305:1610,82.92,46.36,16.13,6.08,4.28,0.0
20230305:1710,38.31,26.89,7.48,6.08,4.55,0.0
20230305:1810,0.0,0.0,0.0,5.91,4.28,0.0
20230305:1910,0.0,0.0,0.0,5.68,4.0,0.0
20230305:2010,0.0,0.0,0.0,5.5,3.79,0.0
20230305:2110,0.0,0.0,0.0,5.33,3.86,0.0
20230305:2210,0.0,0.0,0.0,5.16,4.14,0.0
20230305:2310,0.0,0.0,0.0,5.26,4.0,0.0
20230306:0010,0.0,0.0,0.0,5.21,3.79,0.0
20230306:0110,0.0,0.0,0.0,5.14,3.66,0.0
20230306:0210,0.0,0.0,0.0,5.04,3.66,0.0
20230306:0310,0.0,0.0,0.0,5.13,3.93,0.0
20230306:0410,0.0,0.0,0.0,4.89,4.21,0.0
20230306:0510,0.0,0.0,0.0,5.02,4.48,0.0
20230306:0610,0.0,0.0,0.0,5.13,4.69,0.0
20230306:0710,0.0,2.78,2.33,5.4,4.76,0.0
20230306:0810,274.2,122.74,11.42,5.84,5.24,0.0
20230306:0910,919.14,363.47,19.69,6.38,5.72,0.0
20230306:1010,1389.87,548.29,26.59,6.98,5.79,0.0
20230306:1110,1868.25,747.68,31.5,7.34,6.28,0.0
20230306:1210,951.03,376.77,33.83,7.65,6.97,0.0
20230306:1310,947.58,374.31,33.22,7.27,7.31,0.0
20230306:1410,271.53,120.52,29.76,7.27,7.72,0.0
20230306:1510,420.21,176.28,23.95,7.44,7.38,0.0
20230306:1610,499.14,206.42,16.42,7.74,7.59,0.0
20230306:1710,119.43,63.32,7.76,7.74,7.52,0.0
20230306:1810,0.0,0.0,0.0,7.6,7.59,0.0
20230306:1910,0.0,0.0,0.0,7.36,7.38,0.0
20230306:2010,0.0,0.0,0.0,7.11,7.31,0.0
20230306:2110,0.0,0.0,0.0,6.98,7.24,0.0
20230306:2210,0.0,0.0,0.0,6.85,6.48,0.0
20230306:2310,0.0,0.0,0.0,6.72,6.14,0.0
20230307:0010,0.0,0.0,0.0,6.57,5.86,0.0
20230307:0110,0.0,0.0,0.0,6.52,5.86,0.0
20230307:0210,0.0,0.0,0.0,6.57,6.28,0.0
20230307:0310,0.0,0.0,0.0,6.54,6.0,0.0
20230307:0410,0.0,0.0,0.0,6.48,5.66,0.0
20230307:0510,0.0,0.0,0.0,6.4,5.72,0.0
20230307:0610,0.0,0.0,0.0,6.44,6.07,0.0
20230307:0710,0.0,4.64,2.66,6.51,5.93,0.0
20230307:0810,640.53,267.65,11.77,6.7,5.72,0.0
20230307:0910,1354.98,538.11,20.05,6.99,5.24,0.0
20230307:1010,1652.88,665.12,26.97,7.09,4.14,0.0
20230307:1110,891.87,357.53,31.9,7.12,3.45,0.0
20230307:1210,1104.0,442.44,34.22,7.13,3.17,0.0
20230307:1310,536.55,222.27,33.6,7.18,2.76,0.0
20230307:1410,679.14,278.06,30.11,7.3,1.45,0.0
20230307:1510,599.46,247.84,24.27,7.43,0.62,0.0
20230307:1610,148.14,73.24,16.71,7.29,1.45,0.0
20230307:1710,181.41,90.0,8.03,7.05,2.83,0.0
20230307:1810,0.0,0.0,0.0,6.81,4.48,0.0
20230307:1910,0.0,0.0,0.0,6.54,6.48,0.0
20230307:2010,0.0,0.0,0.0,6.33,7.86,0.0
20230307:2110,0.0,0.0,0.0,6.27,8.34,0.0
20230307:2210,0.0,0.0,0.0,6.59,9.66,0.0
20230307:2310,0.0,0.0,0.0,6.93,10.14,0.0
20230308:0010,0.0,0.0,0.0,7.26,10.28,0.0
20230308:0110,0.0,0.0,0.0,7.42,9.79,0.0
20230308:0210,0.0,0.0,0.0,7.31,9.24,0.0
20230308:0310,0.0,0.0,0.0,7.22,9.52,0.0
20230308:0410,0.0,0.0,0.0,6.99,9.72,0.0
20230308:0510,0.0,0.0,0.0,6.34,9.38,0.0
20230308:0610,0.0,0.0,0.0,5.85,9.17,0.0
20230308:0710,0.0,5.56,3.0,5.83,6.9,0.0
20230308:0810,131.85,66.42,12.12,6.25,4.76,0.0
20230308:0910,67.2,39.87,20.42,6.96,2.69,0.0
20230308:1010,247.05,112.18,27.35,8.99,5.66,0.0
20230308:1110,270.6,121.45,32.29,10.0,8.69,0.0
20230308:1210,394.65,168.75,34.62,10.07,9.1,0.0
20230308:1310,979.5,390.67,33.97,9.97,7.86,0.0
20230308:1410,638.67,260.73,30.46,9.91,7.52,0.0
20230308:1510,57.93,36.16,24.59,9.74,7.59,0.0
20230308:1610,488.31,204.14,17.01,9.89,7.79,0.0
20230308:1710,133.14,69.75,8.3,10.05,8.07,0.0
20230308:1810,0.0,0.0,0.0,9.97,8.48,0.0
20230308:1910,0.0,0.0,0.0,9.52,8.9,0.0
20230308:2010,0.0,0.0,0.0,9.58,9.66,0.0
20230308:2110,0.0,0.0,0.0,9.82,10.83,0.0
20230308:2210,0.0,0.0,0.0,9.92,11.45,0.0
20230308:2310,0.0,0.0,0.0,9.74,10.21,0.0
20230309:0010,0.0,0.0,0.0,9.65,9.1,0.0
20230309:0110,0.0,0.0,0.0,9.58,8.41,0.0
20230309:0210,0.0,0.0,0.0,9.7,7.86,0.0
20230309:0310,0.0,0.0,0.0,9.71,8.28,0.0
20230309:0410,0.0,0.0,0.0,9.99,9.17,0.0
20230309:0510,0.0,0.0,0.0,10.11,9.52,0.0
20230309:0610,0.0,0.0,0.0,10.25,9.31,0.0
20230309:0710,3.33,8.34,3.35,10.22,9.17,0.0
20230309:0810,110.67,58.63,12.48,10.18,9.24,0.0
20230309:0910,424.23,179.34,20.78,10.22,9.72,0.0
20230309:1010,602.46,247.07,27.73,10.32,7.93,0.0
20230309:1110,670.11,273.0,32.68,10.46,8.48,0.0
20230309:1210,1033.89,411.54,35.01,10.44,8.97,0.0
20230309:1310,262.77,118.67,34.35,10.43,8.41,0.0
20230309:1410,126.18,64.9,30.82,10.22,8.9,0.0
20230309:1510,246.27,112.18,24.91,10.24,8.76,0.0
20230309:1610,112.53,59.33,17.3,10.32,10.21,0.0
20230309:1710,334.41,156.59,8.58,10.48,10.28,0.0
20230309:1810,0.0,0.0,0.0,10.42,10.07,0.0
20230309:1910,0.0,0.0,0.0,10.23,9.86,0.0
20230309:2010,0.0,0.0,0.0,10.04,10.69,0.0
20230309:2110,0.0,0.0,0.0,10.02,10.21,0.0
20230309:2210,0.0,0.0,0.0,10.08,9.59,0.0
20230309:2310,0.0,0.0,0.0,9.84,9.52,0.0
20230310:0010,0.0,0.0,0.0,9.7,10.48,0.0
20230310:0110,0.0,0.0,0.0,9.45,11.72,0.0
20230310:0210,0.0,0.0,0.0,8.03,13.03,0.0
20230310:0310,0.0,0.0,0.0,6.64,14.48,0.0
20230310:0410,0.0,0.0,0.0,6.31,15.45,0.0
20230310:0510,0.0,0.0,0.0,6.12,15.17,0.0
20230310:0610,0.0,0.0,0.0,6.07,15.1,0.0
20230310:0710,13.98,15.56,3.69,5.87,14.14,0.0
20230310:0810,732.87,298.36,12.83,5.73,12.83,0.0
20230310:0910,1085.55,420.16,21.15,5.78,10.97,0.0
20230310:1010,362.31,153.97,28.11,6.2,8.41,0.0
20230310:1110,434.94,181.74,33.08,6.45,6.55,0.0
20230310:1210,678.78,273.75,35.41,6.52,5.31,0.0
20230310:1310,529.68,218.07,34.73,6.46,4.48,0.0
20230310:1410,408.06,172.49,31.17,6.23,3.1,0.0
20230310:1510,184.8,87.15,25.23,5.83,2.14,0.0
20230310:1610,325.77,141.33,17.59,5.58,1.17,0.0
20230310:1710,109.47,58.09,8.85,5.4,1.17,0.0
20230310:1810,0.0,0.0,0.0,5.07,2.0,0.0
20230310:1910,0.0,0.0,0.0,4.82,3.86,0.0
20230310:2010,0.0,0.0,0.0,4.78,4.97,0.0
20230310:2110,0.0,0.0,0.0,4.95,5.52,0.0
20230310:2210,0.0,0.0,0.0,4.74,7.66,0.0
20230310:2310,0.0,0.0,0.0,4.98,7.66,0.0
20230311:0010,0.0,0.0,0.0,5.18,7.86,0.0
20230311:0110,0.0,0.0,0.0,5.29,8.69,0.0
20230311:0210,0.0,0.0,0.0,5.28,8.69,0.0
20230311:0310,0.0,0.0,0.0,5.38,8.41,0.0
20230311:0410,0.0,0.0,0.0,5.55,8.34,0.0
20230311:0510,0.0,0.0,0.0,5.76,7.93,0.0
20230311:0610,0.0,0.0,0.0,5.91,7.86,0.0
20230311:0710,2.22,7.42,4.04,6.05,7.52,0.0
20230311:0810,147.87,72.65,13.18,6.24,7.03,0.0
20230311:0910,149.46,73.24,21.52,6.49,6.76,0.0
20230311:1010,251.94,113.11,28.5,7.27,7.24,0.0
20230311:1110,329.4,142.77,33.47,7.64,6.97,0.0
20230311:1210,294.72,129.79,35.8,7.95,6.83,0.0
20230311:1310,443.04,186.32,35.11,8.24,6.14,0.0
20230311:1410,229.68,105.69,31.52,9.19,4.21,0.0
20230311:1510,284.37,127.02,25.55,10.1,6.0,0.0
20230311:1610,125.73,64.9,17.88,10.86,7.86,0.0
20230311:1710,144.75,74.48,9.12,11.04,8.14,0.0
20230311:1810,0.0,0.0,0.0,10.84,7.93,0.0
20230311:1910,0.0,0.0,0.0,10.61,7.93,0.0
20230311:2010,0.0,0.0,0.0,10.48,8.34,0.0
20230311:2110,0.0,0.0,0.0,10.38,8.55,0.0
20230311:2210,0.0,0.0,0.0,10.14,8.34,0.0
20230311:2310,0.0,0.0,0.0,10.06,8.28,0.0
20230312:0010,0.0,0.0,0.0,9.91,8.07,0.0
20230312:0110,0.0,0.0,0.0,9.81,7.93,0.0
20230312:0210,0.0,0.0,0.0,9.83,8.62,0.0
20230312:0310,0.0,0.0,0.0,9.75,8.76,0.0
20230312:0410,0.0,0.0,0.0,9.69,8.14,0.0
20230312:0510,0.0,0.0,0.0,9.67,6.9,0.0
20230312:0610,0.0,0.0,0.0,9.75,6.48,0.0
20230312:0710,4.68,9.27,4.39,9.91,6.28,0.0
20230312:0810,170.88,83.08,13.54,10.11,6.07,0.0
20230312:0910,184.02,88.08,21.89,10.25,6.21,0.0
20230312:1010,357.06,154.81,28.88,10.39,7.59,0.0
20230312:1110,599.91,247.03,33.87,10.34,7.31,0.0
20230312:1210,543.51,225.28,36.2,10.27,8.83,0.0
20230312:1310,595.5,244.96,35.49,10.17,8.21,0.0
20230312:1410,277.53,124.23,31.87,10.12,8.0,0.0
20230312:1510,274.92,123.29,25.87,10.25,7.59,0.0
20230312:1610,144.48,72.31,18.17,10.38,8.83,0.0
20230312:1710,57.69,36.16,9.39,10.59,8.97,0.0
20230312:1810,0.0,0.0,0.0,10.64,10.0,0.0
20230312:1910,0.0,0.0,0.0,10.88,11.45,0.0
20230312:2010,0.0,0.0,0.0,11.11,12.14,0.0
20230312:2110,0.0,0.0,0.0,11.29,12.28,0.0
20230312:2210,0.0,0.0,0.0,11.45,11.66,0.0
20230312:2310,0.0,0.0,0.0,11.4,12.34,0.0
20230313:0010,0.0,0.0,0.0,11.6,13.31,0.0
20230313:0110,0.0,0.0,0.0,11.84,13.59,0.0
20230313:0210,0.0,0.0,0.0,11.87,14.0,0.0
20230313:0310,0.0,0.0,0.0,11.69,15.38,0.0
20230313:0410,0.0,0.0,0.0,11.46,15.45,0.0
20230313:0510,0.0,0.0,0.0,11.27,14.76,0.0
20230313:0610,0.0,0.0,0.0,11.22,14.55,0.0
20230313:0710,39.09,29.62,4.74,11.26,14.76,0.0
20230313:0810,533.4,225.27,13.9,11.28,14.62,0.0
20230313:0910,830.49,331.32,22.26,11.24,14.48,0.0
20230313:1010,1185.48,467.59,29.27,11.42,12.34,0.0
20230313:1110,317.82,139.99,34.27,11.4,12.69,0.0
20230313:1210,767.76,309.54,36.6,11.15,12.28,0.0
20230313:1310,739.47,298.31,35.87,10.77,12.21,0.0
20230313:1410,684.27,277.31,32.22,10.57,11.31,0.0
20230313:1510,445.29,187.63,26.19,10.58,10.62,0.0
20230313:1610,665.64,271.58,18.46,10.51,9.45,0.0
20230313:1710,414.72,190.26,9.66,10.58,9.38,0.0
20230313:1810,0.0,0.0,0.0,10.49,9.03,0.0
20230313:1910,0.0,0.0,0.0,10.28,8.28,0.0
20230313:2010,0.0,0.0,0.0,10.11,8.07,0.0
20230313:2110,0.0,0.0,0.0,10.12,8.62,0.0
20230313:2210,0.0,0.0,0.0,9.69,11.45,0.0
20230313:2310,0.0,0.0,0.0,8.84,11.03,0.0
20230314:0010,0.0,0.0,0.0,8.33,10.14,0.0
20230314:0110,0.0,0.0,0.0,7.57,10.76,0.0
20230314:0210,0.0,0.0,0.0,7.27,10.62,0.0
20230314:0310,0.0,0.0,0.0,7.27,10.69,0.0
20230314:0410,0.0,0.0,0.0,7.31,11.03,0.0
20230314:0510,0.0,0.0,0.0,7.38,10.69,0.0
20230314:0610,0.0,0.0,0.0,7.55,10.28,0.0
20230314:0710,13.98,14.83,5.09,7.64,9.86,0.0
20230314:0810,827.13,338.1,14.26,7.61,9.38,0.0
20230314:0910,1262.07,493.37,22.63,7.47,9.24,0.0
20230314:1010,1793.28,707.33,29.66,7.54,8.28,0.0
20230314:1110,2206.2,889.55,34.67,8.01,7.79,0.0
20230314:1210,2316.06,943.41,36.99,8.33,7.52,0.0
20230314:1310,2007.84,810.53,36.25,8.48,6.97,0.0
20230314:1410,2110.47,855.13,32.57,8.63,6.9,0.0
20230314:1510,1761.84,704.9,26.5,8.73,6.69,0.0
20230314:1610,1124.91,449.28,18.75,8.66,7.17,0.0
20230314:1710,472.29,213.08,9.93,8.41,7.86,0.0
20230314:1810,0.0,0.0,0.0,7.91,7.86,0.0
20230314:1910,0.0,0.0,0.0,7.55,7.52,0.0
20230314:2010,0.0,0.0,0.0,7.47,6.83,0.0
20230314:2110,0.0,0.0,0.0,7.41,5.93,0.0
20230314:2210,0.0,0.0,0.0,7.36,4.97,0.0
20230314:2310,0.0,0.0,0.0,7.18,4.48,0.0
20230315:0010,0.0,0.0,0.0,6.97,3.93,0.0
20230315:0110,0.0,0.0,0.0,6.69,3.38,0.0
20230315:0210,0.0,0.0,0.0,6.74,3.1,0.0
20230315:0310,0.0,0.0,0.0,7.0,1.72,0.0
20230315:0410,0.0,0.0,0.0,6.74,0.97,0.0
20230315:0510,0.0,0.0,0.0,6.68,2.07,0.0
20230315:0610,0.0,0.0,0.0,6.82,2.0,0.0
20230315:0710,2.19,7.42,5.44,7.45,2.28,0.0
20230315:0810,311.88,137.85,14.62,7.77,3.17,0.0
20230315:0910,413.43,175.38,23.01,8.46,4.21,0.0
20230315:1010,836.55,335.21,30.05,8.47,5.59,0.0
20230315:1110,313.11,137.21,35.07,8.7,6.9,0.0
20230315:1210,267.09,119.6,37.39,8.84,7.79,0.0
20230315:1310,361.83,155.75,36.63,9.01,8.21,0.0
20230315:1410,296.07,130.72,32.91,9.15,9.03,0.0
20230315:1510,156.87,76.95,26.82,9.39,8.97,0.0
20230315:1610,131.16,66.75,19.04,9.62,9.03,0.0
20230315:1710,27.93,22.25,10.2,10.07,8.83,0.0
20230315:1810,0.0,0.0,0.0,10.17,8.76,0.0
20230315:1910,0.0,0.0,0.0,10.21,8.97,0.0
20230315:2010,0.0,0.0,0.0,10.27,8.55,0.0
20230315:2110,0.0,0.0,0.0,10.26,8.55,0.0
20230315:2210,0.0,0.0,0.0,10.27,8.62,0.0
20230315:2310,0.0,0.0,0.0,10.3,9.24,0.0
20230316:0010,0.0,0.0,0.0,10.3,9.24,0.0
20230316:0110,0.0,0.0,0.0,10.31,9.38,0.0
20230316:0210,0.0,0.0,0.0,10.32,9.79,0.0
20230316:0310,0.0,0.0,0.0,10.29,9.79,0.0
20230316:0410,0.0,0.0,0.0,10.24,9.72,0.0
20230316:0510,0.0,0.0,0.0,10.19,9.72,0.0
20230316:0610,0.0,0.0,0.0,10.17,9.66,0.0
20230316:0710,0.0,4.64,5.79,10.26,9.52,0.0
20230316:0810,112.47,59.33,14.98,10.36,9.24,0.0
20230316:0910,163.17,79.73,23.38,10.31,9.24,0.0
20230316:1010,241.56,110.33,30.44,10.14,8.62,0.0
20230316:1110,196.14,92.71,35.47,10.19,8.21,0.0
20230316:1210,243.39,111.25,37.79,10.4,7.38,0.0
20230316:1310,210.0,98.27,37.01,10.59,8.48,0.0
20230316:1410,250.62,114.03,33.26,10.51,8.21,0.0
20230316:1510,74.7,43.57,27.13,10.51,8.0,0.0
20230316:1610,83.37,47.28,19.33,10.52,7.79,0.0
20230316:1710,45.36,30.59,10.47,10.54,7.72,0.0
20230316:1810,0.0,0.0,0.0,10.52,7.66,0.0
20230316:1910,0.0,0.0,0.0,10.54,7.38,0.0
20230316:2010,0.0,0.0,0.0,10.62,7.17,0.0
20230316:2110,0.0,0.0,0.0,10.74,7.03,0.0
20230316:2210,0.0,0.0,0.0,10.62,7.03,0.0
20230316:2310,0.0,0.0,0.0,10.54,7.79,0.0
20230317:0010,0.0,0.0,0.0,10.48,7.79,0.0
20230317:0110,0.0,0.0,0.0,10.43,6.83,0.0
20230317:0210,0.0,0.0,0.0,10.37,6.41,0.0
20230317:0310,0.0,0.0,0.0,10.37,6.14,0.0
20230317:0410,0.0,0.0,0.0,10.26,6.69,0.0
20230317:0510,0.0,0.0,0.0,10.23,7.24,0.0
20230317:0610,0.0,0.0,0.0,10.34,7.72,0.0
20230317:0710,42.54,29.73,6.14,10.25,7.93,0.0
20230317:0810,114.66,60.26,15.34,10.36,7.72,0.0
20230317:0910,631.47,258.57,23.76,10.6,7.45,0.0
20230317:1010,1061.31,423.44,30.83,10.79,7.93,0.0
20230317:1110,1223.7,487.93,35.87,10.86,8.14,0.0
20230317:1210,2026.29,819.93,38.19,10.84,8.55,0.0
20230317:1310,1325.97,528.97,37.39,11.01,8.34,0.0
20230317:1410,920.22,370.21,33.61,11.21,7.66,0.0
20230317:1510,406.41,173.95,27.45,10.97,7.52,0.0
20230317:1610,570.93,236.58,19.61,10.88,7.59,0.0
20230317:1710,115.32,61.16,10.74,10.8,7.38,0.0
20230317:1810,0.0,0.0,0.0,10.72,7.03,0.0
20230317:1910,0.0,0.0,0.0,10.58,6.41,0.0
20230317:2010,0.0,0.0,0.0,10.43,5.93,0.0
20230317:2110,0.0,0.0,0.0,10.29,5.38,0.0
20230317:2210,0.0,0.0,0.0,10.27,5.24,0.0
20230317:2310,0.0,0.0,0.0,10.08,5.45,0.0
20230318:0010,0.0,0.0,0.0,9.81,5.24,0.0
20230318:0110,0.0,0.0,0.0,9.76,4.62,0.0
20230318:0210,0.0,0.0,0.0,9.61,3.72,0.0
20230318:0310,0.0,0.0,0.0,9.5,2.69,0.0
20230318:0410,0.0,0.0,0.0,9.6,2.28,0.0
20230318:0510,0.0,0.0,0.0,9.4,2.21,0.0
20230318:0610,0.0,0.0,0.0,9.31,2.07,0.0
20230318:0710,51.75,34.29,6.5,9.26,2.07,0.0
20230318:0810,269.16,121.94,15.71,9.47,2.28,0.0
20230318:0910,762.63,312.43,24.13,9.91,2.55,0.0
20230318:1010,1227.0,503.86,31.22,10.36,2.14,0.0
20230318:1110,2031.63,874.97,36.27,10.64,2.34,0.0
20230318:1210,2233.92,966.48,38.59,10.79,3.17,0.0
20230318:1310,2189.25,932.96,37.77,10.95,3.93,0.0
20230318:1410,830.73,338.84,33.96,10.9,4.28,0.0
20230318:1510,1555.14,632.87,27.76,10.96,4.76,0.0
20230318:1610,495.21,208.66,19.9,11.01,5.17,0.0
20230318:1710,180.63,88.85,11.0,10.9,5.31,0.0
20230318:1810,0.0,0.0,0.0,10.73,5.66,0.0
20230318:1910,0.0,0.0,0.0,10.34,5.59,0.0
20230318:2010,0.0,0.0,0.0,9.97,6.14,0.0
20230318:2110,0.0,0.0,0.0,9.65,6.62,0.0
20230318:2210,0.0,0.0,0.0,9.51,6.69,0.0
20230318:2310,0.0,0.0,0.0,9.17,6.69,0.0
20230319:0010,0.0,0.0,0.0,8.87,6.14,0.0
20230319:0110,0.0,0.0,0.0,8.58,6.07,0.0
20230319:0210,0.0,0.0,0.0,8.15,5.79,0.0
20230319:0310,0.0,0.0,0.0,7.73,5.66,0.0
20230319:0410,0.0,0.0,0.0,7.31,5.17,0.0
20230319:0510,0.0,0.0,0.0,7.09,4.62,0.0
20230319:0610,0.0,0.0,0.0,6.77,4.07,0.0
20230319:0710,172.92,96.51,6.85,6.58,3.45,0.0
20230319:0810,847.11,348.96,16.07,7.03,3.66,0.0
20230319:0910,1474.89,592.31,24.51,7.51,4.21,0.0
20230319:1010,1257.12,504.96,31.61,7.9,3.52,0.0
20230319:1110,2139.72,901.19,36.68,8.33,3.45,0.0
20230319:1210,2230.83,937.67,38.99,8.7,4.28,0.0
20230319:1310,2357.28,987.9,38.15,9.1,5.31,0.0
20230319:1410,1597.53,644.57,34.3,9.47,5.38,0.0
20230319:1510,1002.0,401.02,28.07,9.58,5.66,0.0
20230319:1610,262.44,118.37,20.18,9.54,5.38,0.0
20230319:1710,215.79,102.99,11.27,9.3,5.1,0.0
20230319:1810,0.0,0.93,1.83,9.17,4.76,0.0
20230319:1910,0.0,0.0,0.0,9.12,4.34,0.0
20230319:2010,0.0,0.0,0.0,9.11,4.69,0.0
20230319:2110,0.0,0.0,0.0,9.22,4.55,0.0
20230319:2210,0.0,0.0,0.0,9.54,4.83,0.0
20230319:2310,0.0,0.0,0.0,9.74,5.72,0.0
20230320:0010,0.0,0.0,0.0,9.85,6.21,0.0
20230320:0110,0.0,0.0,0.0,10.01,6.48,0.0
20230320:0210,0.0,0.0,0.0,10.08,6.83,0.0
20230320:0310,0.0,0.0,0.0,10.19,6.69,0.0
20230320:0410,0.0,0.0,0.0,10.16,6.76,0.0
20230320:0510,0.0,0.0,0.0,10.18,6.83,0.0
20230320:0610,0.0,0.0,0.0,10.21,6.97,0.0
20230320:0710,44.22,30.43,7.21,10.22,7.1,0.0
20230320:0810,45.42,30.59,16.43,10.32,7.38,0.0
20230320:0910,116.91,61.19,24.89,10.36,7.38,0.0
20230320:1010,169.92,82.51,32.01,10.36,6.9,0.0
20230320:1110,303.33,134.43,37.08,10.48,7.24,0.0
20230320:1210,252.75,114.96,39.39,10.61,7.45,0.0
20230320:1310,247.83,113.11,38.52,10.68,7.31,0.0
20230320:1410,279.18,125.16,34.65,10.57,7.45,0.0
20230320:1510,288.99,128.87,28.38,10.45,7.52,0.0
20230320:1610,153.63,76.02,20.47,10.41,7.45,0.0
20230320:1710,137.13,69.97,11.53,10.22,8.07,0.0
20230320:1810,0.0,0.93,2.09,10.16,8.62,0.0
20230320:1910,0.0,0.0,0.0,10.14,8.9,0.0
20230320:2010,0.0,0.0,0.0,10.13,8.76,0.0
20230320:2110,0.0,0.0,0.0,10.18,9.1,0.0
20230320:2210,0.0,0.0,0.0,10.15,8.48,0.0
20230320:2310,0.0,0.0,0.0,10.27,9.31,0.0
20230321:0010,0.0,0.0,0.0,10.3,9.93,0.0
20230321:0110,0.0,0.0,0.0,10.31,9.79,0.0
20230321:0210,0.0,0.0,0.0,10.39,9.31,0.0
20230321:0310,0.0,0.0,0.0,10.52,8.9,0.0
20230321:0410,0.0,0.0,0.0,10.46,8.69,0.0
20230321:0510,0.0,0.0,0.0,10.41,8.41,0.0
20230321:0610,0.0,0.0,0.0,10.39,8.69,0.0
20230321:0710,0.0,0.0,0.0,10.36,8.97,0.0
20230321:0810,0.0,0.0,0.0,10.28,8.69,0.0
20230321:0910,1497.63,597.93,25.26,10.5,7.72,0.0
20230321:1010,1077.9,430.33,32.4,10.64,7.59,0.0
20230321:1110,2239.59,918.85,37.48,10.94,7.72,0.0
20230321:1210,2024.49,821.34,39.79,11.22,8.48,0.0
20230321:1310,1641.51,654.56,38.9,11.09,9.59,0.0
20230321:1410,1692.81,674.33,34.99,11.05,9.59,0.0
20230321:1510,1184.43,469.39,28.69,10.96,9.72,0.0
20230321:1610,315.75,138.95,20.75,10.75,9.79,0.0
20230321:1710,109.26,58.22,11.8,10.66,10.21,0.0
20230321:1810,0.0,1.85,2.35,10.6,10.07,0.0
20230321:1910,0.0,0.0,0.0,10.65,10.62,0.0
20230321:2010,0.0,0.0,0.0,10.75,11.03,0.0
20230321:2110,0.0,0.0,0.0,10.81,11.66,0.0
20230321:2210,0.0,0.0,0.0,10.72,12.21,0.0
20230321:2310,0.0,0.0,0.0,10.6,12.48,0.0
20230322:0010,0.0,0.0,0.0,10.81,12.9,0.0
20230322:0110,0.0,0.0,0.0,11.05,13.31,0.0
20230322:0210,0.0,0.0,0.0,11.22,13.59,0.0
20230322:0310,0.0,0.0,0.0,11.26,12.83,0.0
20230322:0410,0.0,0.0,0.0,11.04,10.55,0.0
20230322:0510,0.0,0.0,0.0,10.78,8.69,0.0
20230322:0610,0.0,0.0,0.0,10.39,7.1,0.0
20230322:0710,0.0,0.0,0.0,10.11,5.52,0.0
20230322:0810,883.02,365.37,17.16,10.19,5.45,0.0
20230322:0910,1201.44,483.37,25.64,10.68,5.52,0.0
20230322:1010,909.09,366.49,32.79,10.92,6.55,0.0
20230322:1110,881.46,356.53,37.88,11.17,6.97,0.0
20230322:1210,254.73,115.89,40.19,10.98,7.66,0.0
20230322:1310,584.82,241.99,39.28,10.94,8.34,0.0
20230322:1410,411.99,175.98,35.34,10.99,9.45,0.0
20230322:1510,437.67,185.37,29.0,10.97,10.07,0.0
20230322:1610,505.47,210.85,21.03,10.92,10.83,0.0
20230322:1710,85.56,48.21,12.06,10.78,11.72,0.0
20230322:1810,0.0,5.56,2.6,10.96,12.07,0.0
20230322:1910,0.0,0.0,0.0,10.69,13.24,0.0
20230322:2010,0.0,0.0,0.0,10.18,14.07,0.0
20230322:2110,0.0,0.0,0.0,10.07,11.24,0.0
20230322:2210,0.0,0.0,0.0,10.19,11.1,0.0
20230322:2310,0.0,0.0,0.0,9.93,10.07,0.0
20230323:0010,0.0,0.0,0.0,9.87,9.17,0.0
20230323:0110,0.0,0.0,0.0,9.8,9.24,0.0
20230323:0210,0.0,0.0,0.0,9.8,10.21,0.0
20230323:0310,0.0,0.0,0.0,9.83,10.07,0.0
20230323:0410,0.0,0.0,0.0,9.61,9.66,0.0
20230323:0510,0.0,0.0,0.0,9.9,10.14,0.0
20230323:0610,0.0,0.0,0.0,10.04,10.0,0.0
20230323:0710,74.13,43.91,8.28,10.11,10.62,0.0
20230323:0810,605.43,251.13,17.52,10.38,10.41,0.0
20230323:0910,752.88,303.12,26.02,10.64,10.83,0.0
20230323:1010,915.27,365.96,33.18,11.05,10.28,0.0
20230323:1110,440.91,187.1,38.28,11.33,10.55,0.0
20230323:1210,346.47,151.12,40.58,11.44,11.03,0.0
20230323:1310,439.35,186.35,39.66,11.1,10.76,0.0
20230323:1410,246.21,112.18,35.68,10.47,10.14,0.0
20230323:1510,250.77,114.03,29.31,10.53,9.1,0.0
20230323:1610,181.83,87.15,21.31,10.39,8.62,0.0
20230323:1710,158.28,78.61,12.32,10.54,8.76,0.0
20230323:1810,0.0,1.85,2.86,10.56,8.62,0.0
20230323:1910,0.0,0.0,0.0,10.39,9.03,0.0
20230323:2010,0.0,0.0,0.0,10.24,9.52,0.0
20230323:2110,0.0,0.0,0.0,10.13,9.93,0.0
20230323:2210,0.0,0.0,0.0,9.78,9.24,0.0
20230323:2310,0.0,0.0,0.0,9.67,9.17,0.0
20230324:0010,0.0,0.0,0.0,9.49,8.76,0.0
20230324:0110,0.0,0.0,0.0,9.5,8.48,0.0
20230324:0210,0.0,0.0,0.0,9.36,8.55,0.0
20230324:0310,0.0,0.0,0.0,9.48,8.48,0.0
20230324:0410,0.0,0.0,0.0,9.52,8.55,0.0
20230324:0510,0.0,0.0,0.0,9.53,8.62,0.0
20230324:0610,0.0,0.0,0.0,9.41,8.83,0.0
20230324:0710,245.46,129.52,8.63,9.51,9.52,0.0
20230324:0810,786.06,320.86,17.89,9.67,10.07,0.0
20230324:0910,1417.62,557.01,26.39,9.91,11.17,0.0
20230324:1010,2034.15,808.28,33.57,9.99,10.69,0.0
20230324:1110,2149.38,861.52,38.68,9.96,10.14,0.0
20230324:1210,2433.27,975.45,40.98,10.25,12.48,0.0
20230324:1310,2118.99,843.9,40.03,10.5,12.07,0.0
20230324:1410,2014.8,796.85,36.02,10.52,12.62,0.0
20230324:1510,878.31,349.51,29.61,10.33,11.79,0.0
20230324:1610,1008.12,400.84,21.58,10.23,12.28,0.0
20230324:1710,107.37,57.18,12.58,9.69,13.17,0.0
20230324:1810,0.0,3.71,3.11,9.51,12.55,0.0
20230324:1910,0.0,0.0,0.0,9.32,12.55,0.0
20230324:2010,0.0,0.0,0.0,9.2,11.52,0.0
20230324:2110,0.0,0.0,0.0,9.26,11.24,0.0
20230324:2210,0.0,0.0,0.0,9.13,10.55,0.0
20230324:2310,0.0,0.0,0.0,9.04,10.62,0.0
20230325:0010,0.0,0.0,0.0,9.11,10.69,0.0
20230325:0110,0.0,0.0,0.0,9.16,10.21,0.0
20230325:0210,0.0,0.0,0.0,9.31,10.0,0.0
20230325:0310,0.0,0.0,0.0,9.28,9.93,0.0
20230325:0410,0.0,0.0,0.0,9.22,9.59,0.0
20230325:0510,0.0,0.0,0.0,9.21,9.24,0.0
20230325:0610,0.0,0.0,0.0,9.24,8.97,0.0
20230325:0710,99.66,55.09,8.99,9.4,9.03,0.0
20230325:0810,628.41,259.52,18.25,9.72,8.83,0.0
20230325:0910,591.3,242.59,26.77,10.34,9.59,0.0
20230325:1010,1416.45,561.87,33.96,10.76,9.38,0.0
20230325:1110,2104.17,856.42,39.09,10.93,8.14,0.0
20230325:1210,704.4,287.99,41.38,10.73,7.31,0.0
20230325:1310,284.4,127.01,40.4,10.1,6.62,0.0
20230325:1410,695.73,283.14,36.36,9.96,7.45,0.0
20230325:1510,339.75,148.12,29.92,10.15,7.52,0.0
20230325:1610,787.8,320.02,21.86,10.62,7.1,0.0
20230325:1710,209.04,99.61,12.84,10.57,7.66,0.0
20230325:1810,0.96,6.49,3.36,10.25,7.86,0.0
20230325:1910,0.0,0.0,0.0,10.01,7.66,0.0
20230325:2010,0.0,0.0,0.0,9.82,8.0,0.0
20230325:2110,0.0,0.0,0.0,9.97,8.9,0.0
20230325:2210,0.0,0.0,0.0,9.54,7.52,0.0
20230325:2310,0.0,0.0,0.0,9.22,7.03,0.0
20230326:0010,0.0,0.0,0.0,9.04,7.38,0.0
20230326:0110,0.0,0.0,0.0,8.89,6.76,0.0
20230326:0210,0.0,0.0,0.0,8.71,6.28,0.0
20230326:0310,0.0,0.0,0.0,8.31,7.1,0.0
20230326:0410,0.0,0.0,0.0,8.23,6.9,0.0
20230326:0510,0.0,0.0,0.0,7.88,6.07,0.0
20230326:0610,0.0,0.0,0.0,8.09,4.76,0.0
20230326:0710,193.86,99.49,9.34,7.95,3.66,0.0
20230326:0810,943.32,389.2,18.61,8.29,3.17,0.0
20230326:0910,1416.84,574.51,27.14,8.82,3.52,0.0
20230326:1010,1971.18,821.86,34.35,9.84,3.86,0.0
20230326:1110,942.36,382.9,39.49,10.41,4.28,0.0
20230326:1210,1520.97,620.94,41.77,10.61,4.62,0.0
20230326:1310,989.43,401.95,40.78,10.75,4.55,0.0
20230326:1410,1274.64,516.79,36.7,11.01,4.76,0.0
20230326:1510,348.96,152.74,30.22,11.03,4.69,0.0
20230326:1610,199.47,94.56,22.14,11.06,4.83,0.0
20230326:1710,217.98,103.59,13.1,10.88,4.48,0.0
20230326:1810,0.96,6.49,3.62,10.43,4.28,0.0
20230326:1910,0.0,0.0,0.0,9.9,3.66,0.0
20230326:2010,0.0,0.0,0.0,9.32,3.1,0.0
20230326:2110,0.0,0.0,0.0,8.84,2.62,0.0
20230326:2210,0.0,0.0,0.0,8.59,2.07,0.0
20230326:2310,0.0,0.0,0.0,8.22,2.14,0.0
20230327:0010,0.0,0.0,0.0,7.95,2.41,0.0
20230327:0110,0.0,0.0,0.0,7.61,2.69,0.0
20230327:0210,0.0,0.0,0.0,7.4,3.03,0.0
20230327:0310,0.0,0.0,0.0,7.05,3.24,0.0
20230327:0410,0.0,0.0,0.0,6.7,3.59,0.0
20230327:0510,0.0,0.0,0.0,6.23,3.93,0.0
20230327:0610,0.0,0.0,0.0,5.83,3.93,0.0
20230327:0710,290.58,147.18,9.69,5.88,3.59,0.0
20230327:0810,923.37,377.03,18.97,6.11,2.97,0.0
20230327:0910,1478.46,600.74,27.52,6.55,2.34,0.0
20230327:1010,1822.68,775.5,34.74,8.58,1.38,0.0
20230327:1110,2092.92,924.04,39.89,9.11,1.1,0.0
20230327:1210,1961.25,857.63,42.17,9.48,1.1,0.0
20230327:1310,2135.76,939.02,41.15,9.77,1.66,0.0
20230327:1410,1515.45,625.93,37.03,9.77,2.62,0.0
20230327:1510,956.55,387.82,30.52,9.62,3.31,0.0
20230327:1610,1155.27,471.09,22.41,9.59,3.59,0.0
20230327:1710,508.89,228.0,13.36,9.37,4.07,0.0
20230327:1810,16.23,17.35,3.87,9.05,4.48,0.0
20230327:1910,0.0,0.0,0.0,8.81,4.48,0.0
20230327:2010,0.0,0.0,0.0,8.7,4.62,0.0
20230327:2110,0.0,0.0,0.0,8.78,4.97,0.0
20230327:2210,0.0,0.0,0.0,9.15,5.38,0.0
20230327:2310,0.0,0.0,0.0,9.39,6.21,0.0
20230328:0010,0.0,0.0,0.0,9.58,6.76,0.0
20230328:0110,0.0,0.0,0.0,9.72,7.31,0.0
20230328:0210,0.0,0.0,0.0,9.76,8.0,0.0
20230328:0310,0.0,0.0,0.0,9.69,8.07,0.0
20230328:0410,0.0,0.0,0.0,9.59,8.48,0.0
20230328:0510,0.0,0.0,0.0,9.45,9.24,0.0
20230328:0610,0.0,0.0,0.0,9.43,9.24,0.0
20230328:0710,22.47,19.47,10.05,9.58,10.21,0.0
20230328:0810,205.5,96.09,19.33,9.65,9.93,0.0
20230328:0910,147.36,73.24,27.89,9.65,9.31,0.0
20230328:1010,225.51,103.84,35.13,9.65,9.86,0.0
20230328:1110,314.97,138.14,40.28,9.92,11.59,0.0
20230328:1210,189.06,89.93,42.56,10.47,10.9,0.0
20230328:1310,193.32,91.78,41.52,10.93,10.41,0.0
20230328:1410,228.69,105.69,37.37,11.07,9.59,0.0
20230328:1510,261.87,118.67,30.82,11.16,8.48,0.0
20230328:1610,327.3,143.92,22.68,11.16,7.59,0.0
20230328:1710,188.34,91.01,13.61,11.14,6.41,0.0
20230328:1810,4.62,9.27,4.12,11.1,5.93,0.0
20230328:1910,0.0,0.0,0.0,10.91,5.45,0.0
20230328:2010,0.0,0.0,0.0,10.81,5.03,0.0
20230328:2110,0.0,0.0,0.0,10.81,4.83,0.0
20230328:2210,0.0,0.0,0.0,10.57,4.07,0.0
20230328:2310,0.0,0.0,0.0,10.61,4.21,0.0
20230329:0010,0.0,0.0,0.0,10.67,4.97,0.0
20230329:0110,0.0,0.0,0.0,10.76,5.52,0.0
20230329:0210,0.0,0.0,0.0,10.8,6.28,0.0
20230329:0310,0.0,0.0,0.0,10.86,6.83,0.0
20230329:0410,0.0,0.0,0.0,10.91,7.59,0.0
20230329:0510,0.0,0.0,0.0,11.02,7.79,0.0
20230329:0610,0.0,0.0,0.0,11.08,8.41,0.0
20230329:0710,24.09,20.4,10.4,11.11,9.03,0.0
20230329:0810,94.14,51.92,19.69,11.19,9.66,0.0
20230329:0910,259.59,117.74,28.26,11.32,10.14,0.0
20230329:1010,345.9,151.12,35.52,11.46,9.24,0.0
20230329:1110,199.62,94.56,40.68,11.65,9.59,0.0
20230329:1210,211.35,99.2,42.96,11.72,9.45,0.0
20230329:1310,537.63,224.6,41.89,11.81,9.66,0.0
20230329:1410,270.81,122.38,37.7,11.82,9.59,0.0
20230329:1510,157.44,77.88,31.12,11.65,8.9,0.0
20230329:1610,57.45,36.16,22.96,11.45,9.72,0.0
20230329:1710,51.3,33.38,13.87,11.31,10.55,0.0
20230329:1810,4.59,9.27,4.37,11.54,11.45,0.0
20230329:1910,0.0,0.0,0.0,11.6,11.31,0.0
20230329:2010,0.0,0.0,0.0,11.59,11.52,0.0
20230329:2110,0.0,0.0,0.0,11.42,11.45,0.0
20230329:2210,0.0,0.0,0.0,11.37,10.76,0.0
20230329:2310,0.0,0.0,0.0,11.25,10.48,0.0
20230330:0010,0.0,0.0,0.0,11.18,10.14,0.0
20230330:0110,0.0,0.0,0.0,11.09,9.72,0.0
20230330:0210,0.0,0.0,0.0,10.89,9.79,0.0
20230330:0310,0.0,0.0,0.0,10.73,10.34,0.0
20230330:0410,0.0,0.0,0.0,10.77,10.83,0.0
20230330:0510,0.0,0.0,0.0,10.87,10.83,0.0
20230330:0610,0.0,0.0,0.0,10.89,10.34,0.0
20230330:0710,198.21,99.38,10.75,10.97,10.0,0.0
20230330:0810,470.67,199.03,20.05,11.15,9.93,0.0
20230330:0910,650.82,266.36,28.63,11.32,9.31,0.0
20230330:1010,909.51,365.84,35.9,11.51,9.03,0.0
20230330:1110,1025.73,411.53,41.08,11.67,9.31,0.0
20230330:1210,1186.92,475.17,43.35,11.85,9.45,0.0
20230330:1310,1041.51,417.49,42.26,11.9,10.14,0.0
20230330:1410,576.84,239.2,38.04,11.64,9.66,0.0
20230330:1510,223.56,103.84,31.42,11.49,10.28,0.0
20230330:1610,219.18,101.98,23.23,11.2,10.83,0.0
20230330:1710,181.2,87.76,14.12,11.27,10.83,0.0
20230330:1810,0.96,6.49,4.62,11.07,11.93,0.0
20230330:1910,0.0,0.0,0.0,11.08,12.28,0.0
20230330:2010,0.0,0.0,0.0,10.99,14.41,0.0
20230330:2110,0.0,0.0,0.0,11.16,13.79,0.0
20230330:2210,0.0,0.0,0.0,11.26,12.76,0.0
20230330:2310,0.0,0.0,0.0,11.16,14.97,0.0
20230331:0010,0.0,0.0,0.0,10.86,15.52,0.0
20230331:0110,0.0,0.0,0.0,10.75,15.31,0.0
20230331:0210,0.0,0.0,0.0,10.78,15.86,0.0
20230331:0310,0.0,0.0,0.0,10.73,16.0,0.0
20230331:0410,0.0,0.0,0.0,10.75,15.79,0.0
20230331:0510,0.0,0.0,0.0,10.65,16.21,0.0
20230331:0610,0.0,0.0,0.0,10.49,16.62,0.0
20230331:0710,43.44,29.67,11.1,10.45,16.69,0.0
20230331:0810,303.3,133.8,20.41,10.5,16.62,0.0
20230331:0910,173.01,83.44,29.0,10.34,16.34,0.0
20230331:1010,582.3,238.6,36.29,10.28,14.41,0.0
20230331:1110,852.18,339.85,41.47,10.33,14.55,0.0
20230331:1210,1036.59,409.96,43.74,10.63,14.9,0.0
20230331:1310,1119.45,442.21,42.63,10.85,14.07,0.0
20230331:1410,850.35,339.88,38.37,10.98,14.28,0.0
20230331:1510,464.25,194.9,31.71,10.94,14.07,0.0
20230331:1610,450.0,189.54,23.49,10.94,13.86,0.0
20230331:1710,186.27,89.49,14.38,10.77,13.24,0.0
20230331:1810,7.47,11.13,4.86,10.66,12.55,0.0
20230331:1910,0.0,0.0,0.0,10.49,12.07,0.0
20230331:2010,0.0,0.0,0.0,10.38,11.52,0.0
20230331:2110,0.0,0.0,0.0,10.26,11.24,0.0
20230331:2210,0.0,0.0,0.0,10.13,10.97,0.0
20230331:2310,0.0,0.0,0.0,10.01,10.48,0.0
20230401:0010,0.0,0.0,0.0,9.88,10.14,0.0
20230401:0110,0.0,0.0,0.0,9.76,9.66,0.0
20230401:0210,0.0,0.0,0.0,9.65,9.31,0.0
20230401:0310,0.0,0.0,0.0,9.46,9.1,0.0
20230401:0410,0.0,0.0,0.0,9.38,8.55,0.0
20230401:0510,0.0,0.0,0.0,9.32,8.55,0.0
20230401:0610,0.0,1.75,1.9,9.2,8.48,0.0
20230401:0710,258.78,125.86,11.45,9.24,7.86,0.0
20230401:0810,739.29,301.56,20.76,9.48,8.21,0.0
20230401:0910,706.89,286.47,29.37,9.84,8.0,0.0
20230401:1010,1162.11,463.26,36.67,10.24,7.72,0.0
20230401:1110,1222.86,490.03,41.87,10.81,7.45,0.0
20230401:1210,1095.63,439.54,44.13,10.82,7.79,0.0
20230401:1310,893.64,360.22,42.99,10.73,8.14,0.0
20230401:1410,1034.79,414.51,38.7,10.96,8.28,0.0
20230401:1510,1461.63,583.36,32.01,11.17,8.34,0.0
20230401:1610,1257.15,505.45,23.76,11.18,8.48,0.0
20230401:1710,272.49,125.14,14.63,11.06,8.55,0.0
20230401:1810,38.52,37.64,5.11,10.73,8.28,0.0
20230401:1910,0.0,0.0,0.0,10.18,7.72,0.0
20230401:2010,0.0,0.0,0.0,9.61,7.45,0.0
20230401:2110,0.0,0.0,0.0,9.22,7.31,0.0
20230401:2210,0.0,0.0,0.0,9.03,7.38,0.0
20230401:2310,0.0,0.0,0.0,8.76,7.17,0.0
20230402:0010,0.0,0.0,0.0,8.43,6.9,0.0
20230402:0110,0.0,0.0,0.0,8.2,6.76,0.0
20230402:0210,0.0,0.0,0.0,8.0,6.28,0.0
20230402:0310,0.0,0.0,0.0,7.91,6.14,0.0
20230402:0410,0.0,0.0,0.0,7.85,5.93,0.0
20230402:0510,0.0,0.0,0.0,7.81,5.59,0.0
20230402:0610,0.0,5.25,2.25,7.77,5.24,0.0
20230402:0710,369.69,180.78,11.8,7.92,5.03,0.0
20230402:0810,1053.09,428.83,21.12,8.49,5.1,0.0
20230402:0910,1412.7,567.1,29.74,9.29,5.31,0.0
20230402:1010,1592.85,647.28,37.05,10.04,4.9,0.0
20230402:1110,1447.71,591.78,42.26,10.77,4.28,0.0
20230402:1210,1965.81,849.59,44.52,11.31,2.28,0.0
20230402:1310,798.51,335.83,43.35,11.39,0.21,0.0
20230402:1410,439.98,189.76,39.02,11.24,1.31,0.0
20230402:1510,381.93,166.56,32.3,10.95,1.59,0.0
20230402:1610,390.06,169.54,24.03,10.77,1.52,0.0
20230402:1710,251.16,116.85,14.88,10.46,1.66,0.0
20230402:1810,41.46,38.13,5.36,10.2,1.72,0.0
20230402:1910,0.0,0.0,0.0,9.64,1.59,0.0
20230402:2010,0.0,0.0,0.0,9.33,2.14,0.0
20230402:2110,0.0,0.0,0.0,9.22,2.76,0.0
20230402:2210,0.0,0.0,0.0,9.11,3.03,0.0
20230402:2310,0.0,0.0,0.0,9.04,3.1,0.0
20230403:0010,0.0,0.0,0.0,8.98,2.62,0.0
20230403:0110,0.0,0.0,0.0,8.88,2.28,0.0
20230403:0210,0.0,0.0,0.0,8.7,2.21,0.0
20230403:0310,0.0,0.0,0.0,8.42,3.24,0.0
20230403:0410,0.0,0.0,0.0,8.22,5.03,0.0
20230403:0510,0.0,0.0,0.0,7.92,6.21,0.0
20230403:0610,0.0,2.62,2.59,7.5,6.69,0.0
20230403:0710,177.06,86.2,12.14,7.39,7.1,0.0
20230403:0810,238.44,108.04,21.47,7.47,7.31,0.0
20230403:0910,332.01,143.7,30.1,7.52,6.9,0.0
20230403:1010,1011.12,401.17,37.43,7.79,6.83,0.0
20230403:1110,1525.65,605.62,42.65,8.0,7.24,0.0
20230403:1210,1999.8,805.5,44.9,8.38,7.59,0.0
20230403:1310,2146.32,868.25,43.72,8.59,7.86,0.0
20230403:1410,1708.35,680.63,39.35,8.81,7.79,0.0
20230403:1510,1841.82,735.3,32.59,8.81,7.66,0.0
20230403:1610,1218.03,485.31,24.29,8.69,7.66,0.0
20230403:1710,592.47,260.38,15.13,8.53,7.72,0.0
20230403:1810,39.69,41.83,5.6,8.22,7.52,0.0
20230403:1910,0.0,0.0,0.0,7.82,7.59,0.0
20230403:2010,0.0,0.0,0.0,7.59,7.79,0.0
20230403:2110,0.0,0.0,0.0,7.55,7.79,0.0
20230403:2210,0.0,0.0,0.0,7.77,7.66,0.0
20230403:2310,0.0,0.0,0.0,7.84,7.24,0.0
20230404:0010,0.0,0.0,0.0,7.9,6.69,0.0
20230404:0110,0.0,0.0,0.0,8.04,6.55,0.0
20230404:0210,0.0,0.0,0.0,8.09,6.55,0.0
20230404:0310,0.0,0.0,0.0,8.07,5.86,0.0
20230404:0410,0.0,0.0,0.0,7.99,5.31,0.0
20230404:0510,0.0,0.0,0.0,8.07,5.59,0.0
20230404:0610,2.76,7.87,2.94,8.13,5.79,0.0
20230404:0710,220.74,105.39,12.49,8.35,5.17,0.0
20230404:0810,416.76,177.79,21.82,9.08,4.34,0.0
20230404:0910,1485.18,603.46,30.47,9.6,4.14,0.0
20230404:1010,1930.77,807.14,37.81,9.67,3.52,0.0
20230404:1110,2268.48,971.97,43.04,9.83,3.66,0.0
20230404:1210,2465.01,1069.87,45.29,9.91,3.93,0.0
20230404:1310,2374.74,1021.44,44.08,9.93,4.0,0.0
20230404:1410,2101.17,890.75,39.67,9.9,3.45,0.0
20230404:1510,1777.5,738.22,32.88,9.78,3.24,0.0
20230404:1610,1211.34,495.62,24.55,9.62,3.31,0.0
20230404:1710,608.91,271.26,15.38,9.41,3.52,0.0
20230404:1810,58.05,45.19,5.85,8.98,3.1,0.0
20230404:1910,0.0,0.0,0.0,8.61,2.41,0.0
20230404:2010,0.0,0.0,0.0,8.46,2.28,0.0
20230404:2110,0.0,0.0,0.0,8.41,2.41,0.0
20230404:2210,0.0,0.0,0.0,8.09,2.62,0.0
20230404:2310,0.0,0.0,0.0,8.06,2.69,0.0
20230405:0010,0.0,0.0,0.0,8.32,2.69,0.0
20230405:0110,0.0,0.0,0.0,8.56,3.24,0.0
20230405:0210,0.0,0.0,0.0,8.75,3.59,0.0
20230405:0310,0.0,0.0,0.0,8.96,3.38,0.0
20230405:0410,0.0,0.0,0.0,9.11,3.24,0.0
20230405:0510,0.0,0.0,0.0,9.13,3.17,0.0
20230405:0610,0.0,2.62,3.28,9.14,3.38,0.0
20230405:0710,49.74,32.45,12.83,9.19,4.21,0.0
20230405:0810,311.28,137.34,22.17,9.49,4.76,0.0
20230405:0910,346.14,150.74,30.83,9.78,5.24,0.0
20230405:1010,356.58,154.83,38.19,9.81,5.17,0.0
20230405:1110,392.82,168.73,43.43,9.95,5.59,0.0
20230405:1210,470.19,198.4,45.67,9.98,5.72,0.0
20230405:1310,337.23,147.41,44.44,10.13,6.14,0.0
20230405:1410,260.58,117.74,39.99,10.06,7.24,0.0
20230405:1510,219.87,101.98,33.16,10.15,7.66,0.0
20230405:1610,419.34,178.45,24.81,10.09,7.1,0.0
20230405:1710,105.75,56.55,15.62,10.09,7.03,0.0
20230405:1810,0.0,4.64,6.09,10.15,6.9,0.0
20230405:1910,0.0,0.0,0.0,10.2,6.83,0.0
20230405:2010,0.0,0.0,0.0,10.27,6.62,0.0
20230405:2110,0.0,0.0,0.0,10.28,6.48,0.0
20230405:2210,0.0,0.0,0.0,10.42,6.21,0.0
20230405:2310,0.0,0.0,0.0,10.4,6.34,0.0
20230406:0010,0.0,0.0,0.0,10.19,6.62,0.0
20230406:0110,0.0,0.0,0.0,9.65,7.31,0.0
20230406:0210,0.0,0.0,0.0,9.05,7.38,0.0
20230406:0310,0.0,0.0,0.0,8.88,7.03,0.0
20230406:0410,0.0,0.0,0.0,9.03,7.1,0.0
20230406:0510,0.0,0.0,0.0,9.2,7.45,0.0
20230406:0610,15.45,15.74,3.62,9.2,7.17,0.0
20230406:0710,411.78,197.57,13.17,9.34,6.48,0.0
20230406:0810,1021.02,415.0,22.51,9.69,6.28,0.0
20230406:0910,1543.62,619.18,31.19,10.15,6.69,0.0
20230406:1010,1985.16,814.08,38.56,10.68,6.14,0.0
20230406:1110,2186.34,907.62,43.81,10.98,6.34,0.0
20230406:1210,2355.93,984.41,46.05,11.16,6.83,0.0
20230406:1310,2282.34,948.68,44.79,11.16,6.9,0.0
20230406:1410,2033.82,834.27,40.31,11.21,6.83,0.0
20230406:1510,1417.05,568.84,33.45,11.06,6.97,0.0
20230406:1610,883.77,357.87,25.07,10.94,7.31,0.0
20230406:1710,537.33,237.56,15.87,10.58,7.31,0.0
20230406:1810,62.82,52.14,6.33,10.14,6.9,0.0
20230406:1910,0.0,0.0,0.0,9.47,6.07,0.0
20230406:2010,0.0,0.0,0.0,8.76,4.97,0.0
20230406:2110,0.0,0.0,0.0,8.16,4.21,0.0
20230406:2210,0.0,0.0,0.0,7.67,3.52,0.0
20230406:2310,0.0,0.0,0.0,7.44,3.45,0.0
20230407:0010,0.0,0.0,0.0,7.23,3.38,0.0
20230407:0110,0.0,0.0,0.0,6.96,3.31,0.0
20230407:0210,0.0,0.0,0.0,6.66,3.1,0.0
20230407:0310,0.0,0.0,0.0,6.68,2.76,0.0
20230407:0410,0.0,0.0,0.0,6.68,2.69,0.0
20230407:0510,0.0,0.0,0.0,6.78,2.83,0.0
20230407:0610,11.01,13.12,3.96,6.64,2.83,0.0
20230407:0710,302.28,140.57,13.51,7.27,2.76,0.0
20230407:0810,1119.33,461.09,22.86,8.11,2.48,0.0
20230407:0910,1562.85,642.53,31.54,9.13,2.9,0.0
20230407:1010,2134.02,897.34,38.93,9.74,4.07,0.0
20230407:1110,2420.61,1033.14,44.2,10.25,4.83,0.0
20230407:1210,2530.35,1085.98,46.43,10.46,5.17,0.0
20230407:1310,2381.28,1012.78,45.15,10.52,5.03,0.0
20230407:1410,2212.02,934.6,40.63,10.5,4.48,0.0
20230407:1510,1676.31,690.36,33.73,10.41,3.86,0.0
20230407:1610,1164.36,476.86,25.33,10.24,3.45,0.0
20230407:1710,602.64,269.04,16.11,10.03,3.1,0.0
20230407:1810,64.26,54.16,6.57,9.73,2.83,0.0
20230407:1910,0.0,0.0,0.0,9.07,3.17,0.0
20230407:2010,0.0,0.0,0.0,8.62,3.79,0.0
20230407:2110,0.0,0.0,0.0,8.63,4.14,0.0
20230407:2210,0.0,0.0,0.0,8.45,5.45,0.0
20230407:2310,0.0,0.0,0.0,8.42,5.66,0.0
20230408:0010,0.0,0.0,0.0,8.36,5.86,0.0
20230408:0110,0.0,0.0,0.0,8.43,6.0,0.0
20230408:0210,0.0,0.0,0.0,8.48,6.21,0.0
20230408:0310,0.0,0.0,0.0,8.73,6.14,0.0
20230408:0410,0.0,0.0,0.0,8.73,6.14,0.0
20230408:0510,0.0,0.0,0.0,8.82,6.76,0.0
20230408:0610,10.62,12.98,4.29,8.88,7.38,0.0
20230408:0710,338.01,157.0,13.84,9.19,7.59,0.0
20230408:0810,1028.1,415.45,23.2,9.8,7.86,0.0
20230408:0910,1531.2,611.37,31.9,10.34,7.79,0.0
20230408:1010,1851.54,750.6,39.3,10.45,6.9,0.0
20230408:1110,2406.54,1002.6,44.58,10.59,6.97,0.0
20230408:1210,2496.15,1047.44,46.81,10.75,6.97,0.0
20230408:1310,2285.04,948.83,45.5,10.77,6.83,0.0
20230408:1410,1267.29,508.73,40.95,10.75,6.9,0.0
20230408:1510,1006.89,404.5,34.01,10.67,6.83,0.0
20230408:1610,737.04,300.7,25.59,10.6,6.83,0.0
20230408:1710,344.67,153.74,16.35,10.4,6.83,0.0
20230408:1810,67.2,43.15,6.81,10.12,7.24,0.0
20230408:1910,0.0,0.0,0.0,9.82,7.45,0.0
20230408:2010,0.0,0.0,0.0,9.6,7.72,0.0
20230408:2110,0.0,0.0,0.0,9.48,7.52,0.0
20230408:2210,0.0,0.0,0.0,9.43,7.72,0.0
20230408:2310,0.0,0.0,0.0,9.47,7.59,0.0
20230409:0010,0.0,0.0,0.0,9.45,7.45,0.0
20230409:0110,0.0,0.0,0.0,9.47,6.83,0.0
20230409:0210,0.0,0.0,0.0,9.44,6.69,0.0
20230409:0310,0.0,0.0,0.0,9.47,6.62,0.0
20230409:0410,0.0,0.0,0.0,9.6,6.48,0.0
20230409:0510,0.0,0.0,0.0,9.75,6.34,0.0
20230409:0610,13.77,14.83,4.62,9.9,6.69,0.0
20230409:0710,201.09,96.3,14.17,10.38,7.1,0.0
20230409:0810,737.55,302.34,23.54,10.82,7.24,0.0
20230409:0910,1486.8,596.69,32.25,11.01,7.17,0.0
20230409:1010,1511.94,608.27,39.67,10.96,7.03,0.0
20230409:1110,1952.01,795.41,44.96,10.94,7.38,0.0
20230409:1210,1346.34,541.97,47.19,10.94,7.03,0.0
20230409:1310,1595.97,646.08,45.85,10.96,6.69,0.0
20230409:1410,549.12,229.45,41.26,11.05,6.14,0.0
20230409:1510,314.01,139.07,34.29,11.06,5.93,0.0
20230409:1610,176.07,85.29,25.84,11.17,5.52,0.0
20230409:1710,85.17,48.21,16.6,11.21,5.17,0.0
20230409:1810,8.91,12.05,7.05,11.05,5.38,0.0
20230409:1910,0.0,0.0,0.0,10.84,5.66,0.0
20230409:2010,0.0,0.0,0.0,10.73,5.79,0.0
20230409:2110,0.0,0.0,0.0,10.7,6.34,0.0
20230409:2210,0.0,0.0,0.0,10.6,6.76,0.0
20230409:2310,0.0,0.0,0.0,10.75,7.79,0.0
20230410:0010,0.0,0.0,0.0,10.9,8.34,0.0
20230410:0110,0.0,0.0,0.0,11.07,8.83,0.0
20230410:0210,0.0,0.0,0.0,11.15,9.1,0.0
20230410:0310,0.0,0.0,0.0,11.12,8.9,0.0
20230410:0410,0.0,0.0,0.0,11.1,8.62,0.0
20230410:0510,0.0,0.0,0.0,11.1,8.48,0.0
20230410:0610,0.0,4.64,4.96,11.08,8.9,0.0
20230410:0710,226.95,107.28,14.51,11.05,9.72,0.0
20230410:0810,699.12,286.36,23.88,11.2,9.86,0.0
20230410:0910,975.18,390.2,32.6,11.39,9.86,0.0
20230410:1010,2115.21,852.91,40.04,11.25,9.72,0.0
20230410:1110,2417.64,988.27,45.33,11.52,10.0,0.0
20230410:1210,2558.01,1050.4,47.56,11.79,10.62,0.0
20230410:1310,2419.65,982.51,46.2,11.19,10.9,0.0
20230410:1410,134.67,68.61,41.57,11.39,10.41,0.0
20230410:1510,1296.09,512.7,34.57,10.83,10.69,0.0
20230410:1610,1176.9,469.03,26.1,10.69,10.69,0.0
20230410:1710,347.55,154.59,16.84,10.81,10.69,0.0
20230410:1810,75.93,57.23,7.29,10.38,9.86,0.0
20230410:1910,0.0,0.0,0.0,10.0,10.07,0.0
20230410:2010,0.0,0.0,0.0,9.65,9.52,0.0
20230410:2110,0.0,0.0,0.0,9.4,9.03,0.0
20230410:2210,0.0,0.0,0.0,9.26,9.38,0.0
20230410:2310,0.0,0.0,0.0,9.2,9.03,0.0
20230411:0010,0.0,0.0,0.0,9.04,8.28,0.0
20230411:0110,0.0,0.0,0.0,9.01,7.86,0.0
20230411:0210,0.0,0.0,0.0,8.97,7.24,0.0
20230411:0310,0.0,0.0,0.0,8.99,6.76,0.0
20230411:0410,0.0,0.0,0.0,9.05,6.41,0.0
20230411:0510,0.0,0.0,0.0,9.2,6.07,0.0
20230411:0610,6.06,10.2,5.28,9.52,5.93,0.0
20230411:0710,87.93,49.14,14.83,10.06,6.34,0.0
20230411:0810,248.22,113.11,24.21,10.34,7.17,0.0
20230411:0910,378.21,162.73,32.94,10.28,8.69,0.0
20230411:1010,256.32,115.89,40.4,9.95,9.24,0.0
20230411:1110,331.68,144.63,45.71,9.91,10.0,0.0
20230411:1210,329.34,143.7,47.93,9.89,10.34,0.0
20230411:1310,319.86,139.99,46.54,9.89,11.45,0.0
20230411:1410,247.11,112.18,41.88,10.13,13.79,0.0
20230411:1510,163.38,79.73,34.84,10.41,13.59,0.0
20230411:1610,90.06,50.06,26.35,10.7,14.07,0.0
20230411:1710,63.9,38.94,17.08,11.1,14.07,0.0
20230411:1810,15.36,15.76,7.53,10.74,12.9,0.0
20230411:1910,0.0,0.0,0.0,9.59,10.0,0.0
20230411:2010,0.0,0.0,0.0,9.18,9.31,0.0
20230411:2110,0.0,0.0,0.0,8.92,8.9,0.0
20230411:2210,0.0,0.0,0.0,9.1,8.28,0.0
20230411:2310,0.0,0.0,0.0,8.77,8.21,0.0
20230412:0010,0.0,0.0,0.0,8.4,8.48,0.0
20230412:0110,0.0,0.0,0.0,7.75,9.52,0.0
20230412:0210,0.0,0.0,0.0,7.1,9.03,0.0
20230412:0310,0.0,0.0,0.0,7.2,10.97,0.0
20230412:0410,0.0,0.0,0.0,6.87,10.69,0.0
20230412:0510,0.0,0.0,0.0,6.93,10.14,0.0
20230412:0610,29.58,25.24,5.61,7.14,11.03,0.0
20230412:0710,492.66,226.6,15.16,7.56,13.17,0.0
20230412:0810,1058.04,416.86,24.54,8.07,15.38,0.0
20230412:0910,1189.86,460.89,33.29,8.26,16.83,0.0
20230412:1010,1723.95,667.56,40.76,8.27,15.31,0.0
20230412:1110,501.84,206.74,46.08,8.18,15.52,0.0
20230412:1210,227.28,103.84,48.3,8.58,15.59,0.0
20230412:1310,490.11,203.04,46.88,8.83,14.76,0.0
20230412:1410,521.04,214.7,42.19,8.92,14.41,0.0
20230412:1510,647.88,261.37,35.12,8.98,15.59,0.0
20230412:1610,427.26,179.53,26.6,9.35,17.17,0.0
20230412:1710,283.86,127.28,17.31,9.92,17.45,0.0
20230412:1810,60.78,38.02,7.77,9.86,16.41,0.0
20230412:1910,0.0,0.0,0.0,9.68,15.31,0.0
20230412:2010,0.0,0.0,0.0,9.57,14.21,0.0
20230412:2110,0.0,0.0,0.0,9.37,13.1,0.0
20230412:2210,0.0,0.0,0.0,9.06,11.52,0.0
20230412:2310,0.0,0.0,0.0,8.79,11.1,0.0
20230413:0010,0.0,0.0,0.0,8.59,10.0,0.0
20230413:0110,0.0,0.0,0.0,8.42,10.21,0.0
20230413:0210,0.0,0.0,0.0,8.15,10.0,0.0
20230413:0310,0.0,0.0,0.0,7.86,9.38,0.0
20230413:0410,0.0,0.0,0.0,7.49,8.76,0.0
20230413:0510,0.0,0.0,0.0,7.34,7.66,0.0
20230413:0610,9.15,12.05,5.93,7.3,6.9,0.0
20230413:0710,107.04,56.55,15.48,7.61,6.28,0.0
20230413:0810,873.18,352.4,24.87,7.93,5.59,0.0
20230413:0910,1345.98,537.68,33.63,8.45,5.45,0.0
20230413:1010,2177.82,892.0,41.11,8.4,6.0,0.0
20230413:1110,2148.3,882.51,46.45,9.05,6.28,0.0
20230413:1210,1384.83,556.38,48.66,9.44,6.21,0.0
20230413:1310,2196.81,904.57,47.23,9.33,6.48,0.0
20230413:1410,2234.88,918.89,42.49,9.77,6.76,0.0
20230413:1510,971.52,389.54,35.39,10.1,7.17,0.0
20230413:1610,1027.38,413.6,26.85,10.16,6.97,0.0
20230413:1710,498.75,218.03,17.55,9.98,6.76,0.0
20230413:1810,91.65,56.56,8.0,9.71,6.28,0.0
20230413:1910,0.0,0.0,0.0,9.29,6.34,0.0
20230413:2010,0.0,0.0,0.0,8.87,6.62,0.0
20230413:2110,0.0,0.0,0.0,8.56,6.34,0.0
20230413:2210,0.0,0.0,0.0,8.68,4.97,0.0
20230413:2310,0.0,0.0,0.0,8.77,6.21,0.0
20230414:0010,0.0,0.0,0.0,8.74,6.41,0.0
20230414:0110,0.0,0.0,0.0,8.89,6.21,0.0
20230414:0210,0.0,0.0,0.0,8.93,6.55,0.0
20230414:0310,0.0,0.0,0.0,9.07,7.03,0.0
20230414:0410,0.0,0.0,0.0,9.0,7.79,0.0
20230414:0510,0.0,0.0,0.0,8.95,9.72,0.0
20230414:0610,31.77,24.18,6.25,8.96,9.72,0.0
20230414:0710,135.84,68.61,15.8,9.15,5.72,0.0
20230414:0810,295.26,131.43,25.19,9.24,2.55,0.0
20230414:0910,714.18,296.01,33.96,9.15,0.9,0.0
20230414:1010,1631.64,694.36,41.47,10.61,1.31,0.0
20230414:1110,2147.88,929.94,46.81,11.05,2.9,0.0
20230414:1210,2275.2,962.15,49.03,11.17,5.31,0.0
20230414:1310,2093.07,861.55,47.56,11.01,6.97,0.0
20230414:1410,855.18,345.9,42.79,10.77,7.66,0.0
20230414:1510,984.69,393.81,35.66,10.54,8.62,0.0
20230414:1610,592.62,244.17,27.09,10.36,8.69,0.0
20230414:1710,550.14,240.36,17.78,10.15,8.55,0.0
20230414:1810,95.34,61.89,8.24,9.81,8.28,0.0
20230414:1910,0.0,0.0,0.0,9.43,7.86,0.0
20230414:2010,0.0,0.0,0.0,8.93,7.38,0.0
20230414:2110,0.0,0.0,0.0,8.6,7.03,0.0
20230414:2210,0.0,0.0,0.0,8.31,6.76,0.0
20230414:2310,0.0,0.0,0.0,8.23,6.0,0.0
20230415:0010,0.0,0.0,0.0,8.19,5.93,0.0
20230415:0110,0.0,0.0,0.0,8.37,5.93,0.0
20230415:0210,0.0,0.0,0.0,8.46,5.79,0.0
20230415:0310,0.0,0.0,0.0,8.44,5.66,0.0
20230415:0410,0.0,0.0,0.0,8.27,5.45,0.0
20230415:0510,0.0,0.0,0.0,8.03,5.38,0.0
20230415:0610,41.91,34.82,6.57,7.82,5.1,0.0
20230415:0710,515.31,237.83,16.11,8.36,4.83,0.0
20230415:0810,1178.1,478.71,25.51,9.23,5.17,0.0
20230415:0910,1746.72,713.84,34.3,10.02,4.83,0.0
20230415:1010,2095.44,886.22,41.81,10.87,3.93,0.0
20230415:1110,2234.85,970.96,47.18,11.44,3.24,0.0
20230415:1210,2398.29,1068.7,49.39,11.72,2.83,0.0
20230415:1310,2349.96,1048.99,47.9,11.91,2.55,0.0
20230415:1410,2083.32,898.13,43.09,11.98,3.03,0.0
20230415:1510,1667.73,691.8,35.92,11.97,3.93,0.0
20230415:1610,1075.35,442.04,27.34,11.84,3.93,0.0
20230415:1710,311.82,140.61,18.02,11.57,3.93,0.0
20230415:1810,99.39,60.17,8.47,11.18,3.93,0.0
20230415:1910,0.0,0.0,0.0,10.94,3.79,0.0
20230415:2010,0.0,0.0,0.0,10.76,3.45,0.0
20230415:2110,0.0,0.0,0.0,10.55,3.17,0.0
20230415:2210,0.0,0.0,0.0,10.25,2.69,0.0
20230415:2310,0.0,0.0,0.0,10.25,2.69,0.0
20230416:0010,0.0,0.0,0.0,10.19,3.03,0.0
20230416:0110,0.0,0.0,0.0,10.17,3.66,0.0
20230416:0210,0.0,0.0,0.0,10.1,3.93,0.0
20230416:0310,0.0,0.0,0.0,10.08,3.79,0.0
20230416:0410,0.0,0.0,0.0,10.05,3.72,0.0
20230416:0510,0.0,0.0,0.0,10.05,3.93,0.0
20230416:0610,58.86,40.29,6.88,10.03,4.14,0.0
20230416:0710,284.1,129.99,16.43,10.23,4.34,0.0
20230416:0810,414.33,177.63,25.83,10.41,4.55,0.0
20230416:0910,679.71,279.6,34.63,10.51,4.76,0.0
20230416:1010,1490.16,610.98,42.16,10.69,3.93,0.0
20230416:1110,1142.55,465.86,47.54,10.73,4.07,0.0
20230416:1210,1177.83,480.28,49.74,10.82,4.28,0.0
20230416:1310,1524.81,627.12,48.23,10.81,4.07,0.0
20230416:1410,754.62,311.36,43.39,10.84,3.31,0.0
20230416:1510,699.27,289.29,36.19,10.77,3.03,0.0
20230416:1610,712.59,295.29,27.58,10.71,2.69,0.0
20230416:1710,296.52,134.22,18.25,10.7,2.34,0.0
20230416:1810,91.77,53.32,8.7,10.64,1.86,0.0
20230416:1910,0.0,0.0,0.0,10.57,1.38,0.0
20230416:2010,0.0,0.0,0.0,10.51,1.24,0.0
20230416:2110,0.0,0.0,0.0,10.44,1.45,0.0
20230416:2210,0.0,0.0,0.0,10.01,2.14,0.0
20230416:2310,0.0,0.0,0.0,9.91,2.34,0.0
20230417:0010,0.0,0.0,0.0,10.01,1.72,0.0
20230417:0110,0.0,0.0,0.0,10.06,0.9,0.0
20230417:0210,0.0,0.0,0.0,10.1,0.48,0.0
20230417:0310,0.0,0.0,0.0,10.08,0.97,0.0
20230417:0410,0.0,0.0,0.0,10.1,1.45,0.0
20230417:0510,0.0,0.0,0.0,9.92,1.45,0.0
20230417:0610,66.48,42.99,7.19,9.89,1.31,0.0
20230417:0710,243.09,113.05,16.74,10.28,2.07,0.0
20230417:0810,307.71,136.93,26.15,10.6,2.97,0.0
20230417:0910,573.12,240.07,34.95,11.02,3.31,0.0
20230417:1010,444.42,190.98,42.5,11.43,2.55,0.0
20230417:1110,1297.35,539.03,47.89,11.76,2.55,0.0
20230417:1210,1671.87,706.04,50.1,12.35,2.97,0.0
20230417:1310,768.24,319.41,48.56,12.34,3.24,0.0
20230417:1410,685.11,285.46,43.68,11.91,3.24,0.0
20230417:1510,760.08,314.0,36.45,11.87,3.66,0.0
20230417:1610,402.36,174.07,27.82,11.81,4.28,0.0
20230417:1710,443.1,195.65,18.48,11.55,4.62,0.0
20230417:1810,105.57,62.51,8.93,11.31,4.28,0.0
20230417:1910,0.0,0.0,0.0,11.08,3.52,0.0
20230417:2010,0.0,0.0,0.0,10.74,3.31,0.0
20230417:2110,0.0,0.0,0.0,10.43,3.38,0.0
20230417:2210,0.0,0.0,0.0,10.16,3.86,0.0
20230417:2310,0.0,0.0,0.0,9.82,3.93,0.0
20230418:0010,0.0,0.0,0.0,9.62,4.0,0.0
20230418:0110,0.0,0.0,0.0,9.49,4.0,0.0
20230418:0210,0.0,0.0,0.0,9.43,4.28,0.0
20230418:0310,0.0,0.0,0.0,9.3,4.9,0.0
20230418:0410,0.0,0.0,0.0,9.1,5.52,0.0
20230418:0510,0.0,0.0,0.0,8.86,5.86,0.0
20230418:0610,57.93,36.39,7.5,8.65,6.28,0.0
20230418:0710,164.1,79.79,17.04,8.65,6.69,0.0
20230418:0810,381.84,163.28,26.46,8.7,7.31,0.0
20230418:0910,1635.93,652.08,35.28,9.13,7.38,0.0
20230418:1010,2137.32,872.82,42.84,9.8,6.97,0.0
20230418:1110,2477.82,1037.38,48.25,10.84,7.03,0.0
20230418:1210,2243.79,931.21,50.45,11.77,7.45,0.0
20230418:1310,2303.55,963.36,48.89,11.98,6.9,0.0
20230418:1410,2211.63,920.03,43.98,11.83,6.55,0.0
20230418:1510,821.16,336.23,36.71,11.97,5.38,0.0
20230418:1610,401.13,173.64,28.06,11.91,4.41,0.0
20230418:1710,258.69,118.71,18.71,11.57,4.55,0.0
20230418:1810,17.01,16.69,9.16,11.11,4.76,0.0
20230418:1910,0.0,0.0,0.0,10.62,5.79,0.0
20230418:2010,0.0,0.0,0.0,10.32,6.48,0.0
20230418:2110,0.0,0.0,0.0,10.02,7.03,0.0
20230418:2210,0.0,0.0,0.0,9.75,6.97,0.0
20230418:2310,0.0,0.0,0.0,9.48,7.17,0.0
20230419:0010,0.0,0.0,0.0,9.22,7.38,0.0
20230419:0110,0.0,0.0,0.0,8.93,7.45,0.0
20230419:0210,0.0,0.0,0.0,8.74,7.66,0.0
20230419:0310,0.0,0.0,0.0,8.69,7.66,0.0
20230419:0410,0.0,0.0,0.0,8.8,7.72,0.0
20230419:0510,0.0,0.0,0.0,8.87,7.86,0.0
20230419:0610,80.19,49.02,7.8,9.03,7.86,0.0
20230419:0710,327.93,146.6,17.34,9.39,8.0,0.0
20230419:0810,739.5,300.15,26.76,9.82,8.83,0.0
20230419:0910,1319.28,522.22,35.59,10.27,9.86,0.0
20230419:1010,1030.44,411.42,43.18,10.52,9.59,0.0
20230419:1110,1239.69,495.54,48.6,11.11,9.31,0.0
20230419:1210,1399.2,560.53,50.8,11.47,9.31,0.0
20230419:1310,755.67,308.62,49.22,11.91,9.38,0.0
20230419:1410,1483.41,594.44,44.27,12.01,9.45,0.0
20230419:1510,1602.48,640.62,36.97,12.23,10.0,0.0
20230419:1610,1016.01,409.69,28.3,12.46,10.48,0.0
20230419:1710,470.37,206.07,18.94,12.57,10.34,0.0
20230419:1810,97.08,72.49,9.39,12.41,10.28,0.0
20230419:1910,0.0,0.0,0.0,12.07,9.93,0.0
20230419:2010,0.0,0.0,0.0,11.85,9.93,0.0
20230419:2110,0.0,0.0,0.0,11.56,10.07,0.0
20230419:2210,0.0,0.0,0.0,11.28,10.55,0.0
20230419:2310,0.0,0.0,0.0,10.49,10.62,0.0
20230420:0010,0.0,0.0,0.0,9.69,10.34,0.0
20230420:0110,0.0,0.0,0.0,9.16,10.69,0.0
20230420:0210,0.0,0.0,0.0,8.77,10.62,0.0
20230420:0310,0.0,0.0,0.0,8.5,10.0,0.0
20230420:0410,0.0,0.0,0.0,8.17,9.66,0.0
20230420:0510,0.0,0.0,0.0,7.91,9.66,0.0
20230420:0610,61.53,47.97,8.1,7.85,9.66,0.0
20230420:0710,562.71,253.06,17.64,8.26,9.86,0.0
20230420:0810,1229.1,489.4,27.07,8.93,9.86,0.0
20230420:0910,1867.68,741.43,35.91,9.63,9.79,0.0
20230420:1010,2235.27,901.05,43.51,10.41,10.0,0.0
20230420:1110,2504.22,1026.09,48.94,10.86,9.86,0.0
20230420:1210,2623.17,1085.25,51.14,11.15,9.66,0.0
20230420:1310,2540.82,1051.01,49.54,11.42,9.24,0.0
20230420:1410,2266.53,929.27,44.55,11.58,8.55,0.0
20230420:1510,1839.81,749.29,37.23,11.7,6.9,0.0
20230420:1610,1303.8,534.47,28.53,11.89,5.1,0.0
20230420:1710,637.77,284.92,19.16,12.0,3.66,0.0
20230420:1810,99.54,73.98,9.61,11.8,3.03,0.0
20230420:1910,0.0,0.0,0.0,11.54,3.79,0.0
20230420:2010,0.0,0.0,0.0,11.43,5.59,0.0
20230420:2110,0.0,0.0,0.0,10.95,6.97,0.0
20230420:2210,0.0,0.0,0.0,10.31,7.45,0.0
20230420:2310,0.0,0.0,0.0,9.59,7.03,0.0
20230421:0010,0.0,0.0,0.0,8.85,8.07,0.0
20230421:0110,0.0,0.0,0.0,8.23,8.07,0.0
20230421:0210,0.0,0.0,0.0,7.93,8.0,0.0
20230421:0310,0.0,0.0,0.0,7.64,7.93,0.0
20230421:0410,0.0,0.0,0.0,7.49,8.07,0.0
20230421:0510,0.0,0.0,0.0,7.12,7.86,0.0
20230421:0610,71.07,51.4,8.4,7.07,7.24,0.0
20230421:0710,486.3,214.05,17.93,7.49,7.52,0.0
20230421:0810,917.88,367.5,27.37,8.13,7.59,0.0
20230421:0910,1756.02,701.98,36.22,8.65,6.97,0.0
20230421:1010,1862.4,759.27,43.84,8.97,5.38,0.0
20230421:1110,1770.36,722.77,49.29,9.37,5.31,0.0
20230421:1210,2392.41,1011.55,51.49,9.74,5.31,0.0
20230421:1310,1983.66,818.3,49.86,9.73,5.45,0.0
20230421:1410,1647.57,668.32,44.84,9.64,5.52,0.0
20230421:1510,1519.86,612.32,37.48,9.48,5.52,0.0
20230421:1610,1005.36,405.61,28.77,9.26,5.38,0.0
20230421:1710,634.44,277.61,19.39,9.32,5.45,0.0
20230421:1810,110.49,74.89,9.84,9.2,5.66,0.0
20230421:1910,0.0,0.0,0.0,8.79,5.45,0.0
20230421:2010,0.0,0.0,0.0,8.33,5.38,0.0
20230421:2110,0.0,0.0,0.0,8.17,5.45,0.0
20230421:2210,0.0,0.0,0.0,8.23,6.97,0.0
20230421:2310,0.0,0.0,0.0,8.09,6.62,0.0
20230422:0010,0.0,0.0,0.0,8.03,5.93,0.0
20230422:0110,0.0,0.0,0.0,7.99,5.52,0.0
20230422:0210,0.0,0.0,0.0,7.92,5.38,0.0
20230422:0310,0.0,0.0,0.0,7.94,5.72,0.0
20230422:0410,0.0,0.0,0.0,8.03,6.07,0.0
20230422:0510,0.0,0.0,0.0,8.12,6.07,0.0
20230422:0610,6.15,10.2,8.69,8.12,6.0,0.0
20230422:0710,147.96,73.24,18.22,8.41,5.79,0.0
20230422:0810,449.76,189.9,27.66,9.03,5.17,0.0
20230422:0910,262.92,118.67,36.53,9.44,4.48,0.0
20230422:1010,291.27,129.79,44.16,9.59,3.93,0.0
20230422:1110,1005.63,407.95,49.63,9.91,4.62,0.0
20230422:1210,552.36,229.92,51.83,9.86,5.66,0.0
20230422:1310,316.17,139.07,50.17,9.85,6.76,0.0
20230422:1410,232.02,106.62,45.12,9.91,7.38,0.0
20230422:1510,207.84,97.35,37.73,10.25,7.52,0.0
20230422:1610,125.73,64.9,29.0,10.67,6.41,0.0
20230422:1710,146.37,73.24,19.61,10.64,5.93,0.0
20230422:1810,85.89,48.58,10.06,10.29,6.48,0.0
20230422:1910,0.0,0.0,0.0,10.06,6.34,0.0
20230422:2010,0.0,0.0,0.0,9.71,5.86,0.0
20230422:2110,0.0,0.0,0.0,9.28,5.59,0.0
20230422:2210,0.0,0.0,0.0,9.44,6.14,0.0
20230422:2310,0.0,0.0,0.0,9.21,5.66,0.0
20230423:0010,0.0,0.0,0.0,9.07,5.03,0.0
20230423:0110,0.0,0.0,0.0,9.0,4.48,0.0
20230423:0210,0.0,0.0,0.0,8.7,3.79,0.0
20230423:0310,0.0,0.0,0.0,8.47,3.38,0.0
20230423:0410,0.0,0.0,0.0,8.29,3.31,0.0
20230423:0510,0.0,0.0,0.0,8.21,3.38,0.0
20230423:0610,87.39,57.4,8.97,8.06,3.17,0.0
20230423:0710,467.4,206.41,18.51,8.21,3.52,0.0
20230423:0810,731.55,299.56,27.95,8.53,3.38,0.0
20230423:0910,681.6,279.81,36.83,9.06,3.59,0.0
20230423:1010,1648.08,678.85,44.48,9.26,3.45,0.0
20230423:1110,664.74,274.07,49.96,9.45,3.86,0.0
20230423:1210,255.87,115.89,52.16,9.4,4.69,0.0
20230423:1310,222.27,102.91,50.48,9.79,5.79,0.0
20230423:1410,672.27,275.87,45.4,10.39,6.76,0.0
20230423:1510,777.51,314.6,37.98,10.2,8.14,0.0
20230423:1610,639.87,262.04,29.23,10.23,8.9,0.0
20230423:1710,481.23,207.81,19.83,10.11,8.55,0.0
20230423:1810,112.05,77.38,10.29,10.1,8.0,0.0
20230423:1910,0.0,0.0,0.0,9.84,6.97,0.0
20230423:2010,0.0,0.0,0.0,9.3,6.41,0.0
20230423:2110,0.0,0.0,0.0,8.91,6.28,0.0
20230423:2210,0.0,0.0,0.0,8.46,5.93,0.0
20230423:2310,0.0,0.0,0.0,8.27,5.52,0.0
20230424:0010,0.0,0.0,0.0,8.17,5.17,0.0
20230424:0110,0.0,0.0,0.0,8.08,4.9,0.0
20230424:0210,0.0,0.0,0.0,8.04,4.62,0.0
20230424:0310,0.0,0.0,0.0,8.05,4.55,0.0
20230424:0410,0.0,0.0,0.0,8.05,4.76,0.0
20230424:0510,0.0,0.0,0.0,8.19,4.9,0.0
20230424:0610,99.09,61.21,9.26,8.66,4.97,0.0
20230424:0710,564.15,253.69,18.79,9.2,4.9,0.0
20230424:0810,1165.44,472.66,28.24,9.81,5.52,0.0
20230424:0910,1789.83,726.43,37.13,10.15,6.0,0.0
20230424:1010,1077.63,435.48,44.8,10.58,5.72,0.0
20230424:1110,1246.74,503.99,50.29,10.76,6.07,0.0
20230424:1210,451.98,191.91,52.49,10.83,6.41,0.0
20230424:1310,884.85,359.46,50.79,10.97,6.69,0.0
20230424:1410,1492.29,601.12,45.67,10.86,7.1,0.0
20230424:1510,1078.8,432.66,38.23,10.61,7.31,0.0
20230424:1610,1233.63,497.11,29.46,10.46,6.97,0.0
20230424:1710,92.31,50.99,20.05,10.19,7.17,0.0
20230424:1810,110.64,79.22,10.51,9.82,6.55,0.0
20230424:1910,0.0,0.0,0.0,9.39,5.93,0.0
20230424:2010,0.0,0.0,0.0,9.07,5.38,0.0
20230424:2110,0.0,0.0,0.0,8.75,4.97,0.0
20230424:2210,0.0,0.0,0.0,8.29,5.03,0.0
20230424:2310,0.0,0.0,0.0,7.82,4.28,0.0
20230425:0010,0.0,0.0,0.0,7.17,3.66,0.0
20230425:0110,0.0,0.0,0.0,6.94,3.72,0.0
20230425:0210,0.0,0.0,0.0,7.13,3.93,0.0
20230425:0310,0.0,0.0,0.0,7.04,4.28,0.0
20230425:0410,0.0,0.0,0.0,6.96,5.1,0.0
20230425:0510,0.0,0.0,0.0,6.9,5.86,0.0
20230425:0610,108.48,59.03,9.54,6.96,6.21,0.0
20230425:0710,552.06,242.31,19.07,7.32,6.55,0.0
20230425:0810,1119.84,447.16,28.52,7.82,6.9,0.0
20230425:0910,1313.4,519.16,37.42,8.05,7.52,0.0
20230425:1010,1864.56,746.29,45.11,8.67,7.86,0.0
20230425:1110,2065.95,834.37,50.62,8.87,8.07,0.0
20230425:1210,1475.94,587.23,52.82,8.89,8.28,0.0
20230425:1310,1931.43,777.04,51.1,8.96,8.07,0.0
20230425:1410,2187.42,885.11,45.95,8.96,8.07,0.0
20230425:1510,829.65,332.81,38.47,8.94,8.07,0.0
20230425:1610,1184.19,471.99,29.68,8.94,8.0,0.0
20230425:1710,625.86,269.87,20.27,8.9,8.07,0.0
20230425:1810,116.7,61.94,10.73,8.73,7.93,0.0
20230425:1910,0.0,0.0,0.0,8.61,7.66,0.0
20230425:2010,0.0,0.0,0.0,8.57,7.66,0.0
20230425:2110,0.0,0.0,0.0,8.6,7.52,0.0
20230425:2210,0.0,0.0,0.0,8.58,7.86,0.0
20230425:2310,0.0,0.0,0.0,8.46,7.86,0.0
20230426:0010,0.0,0.0,0.0,8.54,7.93,0.0
20230426:0110,0.0,0.0,0.0,8.6,7.52,0.0
20230426:0210,0.0,0.0,0.0,8.72,7.24,0.0
20230426:0310,0.0,0.0,0.0,8.95,7.24,0.0
20230426:0410,0.0,0.0,0.0,9.14,7.17,0.0
20230426:0510,0.0,0.0,0.0,9.34,7.17,0.0
20230426:0610,10.56,12.98,9.81,9.46,7.03,0.0
20230426:0710,298.68,133.53,19.34,9.72,6.69,0.0
20230426:0810,358.14,155.32,28.8,10.13,6.69,0.0
20230426:0910,871.62,352.82,37.71,10.49,6.28,0.0
20230426:1010,818.82,333.18,45.42,10.91,6.69,0.0
20230426:1110,1087.2,439.74,50.94,11.1,6.48,0.0
20230426:1210,787.08,322.01,53.15,11.26,6.48,0.0
20230426:1310,856.17,349.19,51.4,11.31,6.28,0.0
20230426:1410,385.44,166.88,46.22,11.32,5.59,0.0
20230426:1510,291.78,130.72,38.71,11.27,5.03,0.0
20230426:1610,162.09,79.73,29.91,11.1,4.97,0.0
20230426:1710,173.91,84.37,20.49,10.96,5.45,0.0
20230426:1810,94.68,52.61,10.94,10.79,5.79,0.0
20230426:1910,0.0,0.0,0.0,10.62,6.14,0.0
20230426:2010,0.0,0.0,0.0,10.62,6.0,0.0
20230426:2110,0.0,0.0,0.0,10.64,5.79,0.0
20230426:2210,0.0,0.0,0.0,10.42,5.79,0.0
20230426:2310,0.0,0.0,0.0,10.43,6.07,0.0
20230427:0010,0.0,0.0,0.0,10.45,6.07,0.0
20230427:0110,0.0,0.0,0.0,10.49,5.72,0.0
20230427:0210,0.0,0.0,0.0,10.49,4.83,0.0
20230427:0310,0.0,0.0,0.0,10.53,4.55,0.0
20230427:0410,0.0,0.0,0.0,10.52,4.48,0.0
20230427:0510,0.0,0.0,0.0,10.59,4.21,0.0
20230427:0610,115.32,63.36,10.08,10.66,4.21,0.0
20230427:0710,114.3,60.26,19.61,10.69,5.03,0.0
20230427:0810,218.85,101.98,29.07,10.78,5.86,0.0
20230427:0910,162.45,79.73,38.0,10.81,5.93,0.0
20230427:1010,245.46,112.18,45.72,10.6,6.9,0.0
20230427:1110,128.07,65.82,51.26,10.62,6.76,0.0
20230427:1210,494.82,207.67,53.47,10.5,7.72,0.0
20230427:1310,437.91,186.35,51.7,10.83,6.97,0.0
20230427:1410,486.75,205.82,46.48,11.22,5.86,0.0
20230427:1510,330.27,145.56,38.95,11.61,6.69,0.0
20230427:1610,234.75,108.47,30.13,11.62,6.97,0.0
20230427:1710,122.88,63.97,20.7,11.68,7.17,0.0
20230427:1810,31.41,24.1,11.16,11.71,7.31,0.0
20230427:1910,0.0,0.87,1.89,11.73,7.1,0.0
20230427:2010,0.0,0.0,0.0,11.64,7.1,0.0
20230427:2110,0.0,0.0,0.0,11.5,7.38,0.0
20230427:2210,0.0,0.0,0.0,11.46,6.0,0.0
20230427:2310,0.0,0.0,0.0,11.38,6.48,0.0
20230428:0010,0.0,0.0,0.0,11.3,7.03,0.0
20230428:0110,0.0,0.0,0.0,11.19,7.31,0.0
20230428:0210,0.0,0.0,0.0,10.88,7.45,0.0
20230428:0310,0.0,0.0,0.0,10.57,7.17,0.0
20230428:0410,0.0,0.0,0.0,10.36,7.03,0.0
20230428:0510,0.0,0.0,0.0,10.29,6.69,0.0
20230428:0610,109.71,59.5,10.35,10.39,6.48,0.0
20230428:0710,318.24,141.67,19.88,10.52,6.55,0.0
20230428:0810,501.54,210.97,29.34,10.83,6.14,0.0
20230428:0910,722.28,296.58,38.28,11.14,5.59,0.0
20230428:1010,751.08,310.14,46.02,11.81,4.55,0.0
20230428:1110,937.74,386.4,51.58,12.18,3.93,0.0
20230428:1210,1337.25,553.87,53.78,12.33,3.66,0.0
20230428:1310,1590.63,664.41,52.0,12.6,3.79,0.0
20230428:1410,1100.79,452.97,46.75,12.59,4.0,0.0
20230428:1510,712.11,296.02,39.19,12.7,4.14,0.0
20230428:1610,462.72,198.23,30.35,12.66,4.34,0.0
20230428:1710,344.37,153.45,20.92,12.5,4.28,0.0
20230428:1810,13.53,14.83,11.38,12.44,4.0,0.0
20230428:1910,0.0,0.87,2.12,12.16,3.66,0.0
20230428:2010,0.0,0.0,0.0,11.72,3.24,0.0
20230428:2110,0.0,0.0,0.0,11.39,2.9,0.0
20230428:2210,0.0,0.0,0.0,10.86,2.34,0.0
20230428:2310,0.0,0.0,0.0,10.36,2.0,0.0
20230429:0010,0.0,0.0,0.0,10.16,2.0,0.0
20230429:0110,0.0,0.0,0.0,10.04,2.14,0.0
20230429:0210,0.0,0.0,0.0,10.0,2.34,0.0
20230429:0310,0.0,0.0,0.0,9.92,2.28,0.0
20230429:0410,0.0,0.0,0.0,9.88,2.21,0.0
20230429:0510,0.0,0.0,0.0,9.79,2.0,0.0
20230429:0610,128.25,71.42,10.61,9.8,2.0,0.0
20230429:0710,554.16,248.49,20.13,10.04,1.86,0.0
20230429:0810,902.13,374.92,29.6,10.58,1.52,0.0
20230429:0910,1354.77,566.43,38.55,11.16,1.59,0.0
20230429:1010,1871.67,807.79,46.31,11.51,1.86,0.0
20230429:1110,2216.13,986.2,51.89,11.65,2.0,0.0
20230429:1210,2329.05,1040.02,54.1,11.72,2.41,0.0
20230429:1310,2281.14,1006.01,52.29,11.78,2.76,0.0
20230429:1410,2017.38,866.07,47.01,11.91,2.97,0.0
20230429:1510,1404.36,581.35,39.43,12.01,3.17,0.0
20230429:1610,1279.8,531.72,30.56,11.9,3.03,0.0
20230429:1710,667.59,298.32,21.13,11.75,3.03,0.0
20230429:1810,131.94,85.41,11.59,11.57,3.03,0.0
20230429:1910,0.0,3.5,2.34,11.22,2.83,0.0
20230429:2010,0.0,0.0,0.0,10.89,2.48,0.0
20230429:2110,0.0,0.0,0.0,10.69,2.0,0.0
20230429:2210,0.0,0.0,0.0,10.57,2.14,0.0
20230429:2310,0.0,0.0,0.0,10.5,1.93,0.0
20230430:0010,0.0,0.0,0.0,10.57,2.07,0.0
20230430:0110,0.0,0.0,0.0,10.65,2.14,0.0
20230430:0210,0.0,0.0,0.0,10.62,2.0,0.0
20230430:0310,0.0,0.0,0.0,10.6,1.86,0.0
20230430:0410,0.0,0.0,0.0,10.6,1.86,0.0
20230430:0510,0.0,0.87,1.67,10.62,1.72,0.0
20230430:0610,124.8,66.56,10.87,10.69,1.86,0.0
20230430:0710,166.5,81.59,20.39,10.7,2.07,0.0
20230430:0810,700.92,292.27,29.86,10.9,2.0,0.0
20230430:0910,441.06,189.46,38.82,11.04,2.28,0.0
20230430:1010,483.18,206.74,46.6,11.79,2.21,0.0
20230430:1110,785.97,327.62,52.19,12.15,2.48,0.0
20230430:1210,1458.96,610.49,54.4,12.35,2.97,0.0
20230430:1310,1405.53,585.55,52.58,12.63,3.31,0.0
20230430:1410,978.6,403.7,47.27,12.9,4.0,0.0
20230430:1510,929.22,381.93,39.66,12.92,4.62,0.0
20230430:1610,598.53,251.33,30.78,12.94,4.76,0.0
20230430:1710,570.0,250.77,21.34,12.9,4.9,0.0
20230430:1810,133.98,86.68,11.8,12.66,4.55,0.0
20230430:1910,0.0,4.37,2.56,12.37,4.55,0.0
20230430:2010,0.0,0.0,0.0,12.1,4.48,0.0
20230430:2110,0.0,0.0,0.0,11.76,4.34,0.0
20230430:2210,0.0,0.0,0.0,11.19,4.21,0.0
20230430:2310,0.0,0.0,0.0,10.84,4.34,0.0
20230501:0010,0.0,0.0,0.0,10.58,4.83,0.0
20230501:0110,0.0,0.0,0.0,10.44,4.97,0.0
20230501:0210,0.0,0.0,0.0,10.36,5.17,0.0
20230501:0310,0.0,0.0,0.0,10.44,6.28,0.0
20230501:0410,0.0,0.0,0.0,10.54,6.55,0.0
20230501:0510,0.0,1.75,1.93,10.62,6.41,0.0
20230501:0610,96.06,71.67,11.12,10.73,6.0,0.0
20230501:0710,625.32,280.55,20.64,11.14,5.79,0.0
20230501:0810,1210.77,495.09,30.12,11.65,5.52,0.0
20230501:0910,955.14,389.6,39.09,12.09,5.45,0.0
20230501:1010,1581.69,652.92,46.88,12.74,5.03,0.0
20230501:1110,859.23,354.95,52.49,12.99,4.83,0.0
20230501:1210,1571.76,654.39,54.71,13.18,4.55,0.0
20230501:1310,1417.14,588.6,52.87,13.42,4.28,0.0
20230501:1410,971.55,402.04,47.52,13.62,4.14,0.0
20230501:1510,1406.85,582.37,39.89,13.66,4.28,0.0
20230501:1610,846.33,351.01,30.99,13.57,4.41,0.0
20230501:1710,583.77,257.05,21.54,13.4,4.83,0.0
20230501:1810,143.52,89.74,12.01,13.03,5.59,0.0
20230501:1910,0.0,3.5,2.78,12.44,5.86,0.0
20230501:2010,0.0,0.0,0.0,11.7,5.24,0.0
20230501:2110,0.0,0.0,0.0,11.05,4.34,0.0
20230501:2210,0.0,0.0,0.0,10.49,3.31,0.0
20230501:2310,0.0,0.0,0.0,10.02,3.1,0.0
20230502:0010,0.0,0.0,0.0,9.49,2.69,0.0
20230502:0110,0.0,0.0,0.0,9.21,2.21,0.0
20230502:0210,0.0,0.0,0.0,8.82,1.86,0.0
20230502:0310,0.0,0.0,0.0,8.67,1.72,0.0
20230502:0410,0.0,0.0,0.0,8.52,1.31,0.0
20230502:0510,0.0,2.62,2.19,8.47,1.31,0.0
20230502:0610,107.34,74.62,11.37,8.81,1.59,0.0
20230502:0710,0.0,0.0,0.0,9.59,1.86,0.0
20230502:0810,1258.32,524.94,30.37,10.73,2.14,0.0
20230502:0910,1748.1,739.54,39.35,11.65,2.48,0.0
20230502:1010,1911.6,822.62,47.16,12.58,2.62,0.0
20230502:1110,2294.46,1008.68,52.79,12.95,3.38,0.0
20230502:1210,2426.28,1062.35,55.01,13.03,4.34,0.0
20230502:1310,2251.5,962.58,53.15,13.11,5.17,0.0
20230502:1410,2112.3,891.2,47.77,13.21,5.38,0.0
20230502:1510,1710.51,706.58,40.11,12.94,5.24,0.0
20230502:1610,1165.95,477.49,31.21,12.77,5.72,0.0
20230502:1710,665.4,293.82,21.75,12.61,6.41,0.0
20230502:1810,133.86,89.38,12.22,12.37,6.76,0.0
20230502:1910,3.84,8.74,3.0,11.93,7.17,0.0
20230502:2010,0.0,0.0,0.0,11.41,7.38,0.0
20230502:2110,0.0,0.0,0.0,11.29,7.52,0.0
20230502:2210,0.0,0.0,0.0,11.34,8.21,0.0
20230502:2310,0.0,0.0,0.0,11.42,8.34,0.0
20230503:0010,0.0,0.0,0.0,11.42,8.69,0.0
20230503:0110,0.0,0.0,0.0,11.34,8.9,0.0
20230503:0210,0.0,0.0,0.0,11.31,8.97,0.0
20230503:0310,0.0,0.0,0.0,11.36,9.1,0.0
20230503:0410,0.0,0.0,0.0,11.49,8.83,0.0
20230503:0510,0.0,1.75,2.44,11.57,8.76,0.0
20230503:0610,143.19,74.6,11.61,11.68,8.9,0.0
20230503:0710,480.36,209.06,21.12,11.72,9.1,0.0
20230503:0810,1069.95,431.9,30.61,11.83,9.24,0.0
20230503:0910,1614.3,647.45,39.6,11.94,9.1,0.0
20230503:1010,1961.37,793.49,47.43,12.33,9.79,0.0
20230503:1110,2447.07,1007.68,53.08,12.43,10.0,0.0
20230503:1210,2527.41,1042.17,55.31,12.45,10.48,0.0
20230503:1310,2325.75,949.92,53.43,12.48,10.76,0.0
20230503:1410,2249.04,912.97,48.02,12.44,10.76,0.0
20230503:1510,1620.87,647.23,40.34,12.29,10.76,0.0
20230503:1610,979.56,394.69,31.41,12.18,10.97,0.0
20230503:1710,433.77,187.69,21.95,11.86,10.55,0.0
20230503:1810,135.48,70.12,12.42,11.76,11.38,0.0
20230503:1910,0.0,4.37,3.21,11.67,11.1,0.0
20230503:2010,0.0,0.0,0.0,11.79,10.76,0.0
20230503:2110,0.0,0.0,0.0,12.01,11.1,0.0
20230503:2210,0.0,0.0,0.0,12.03,10.83,0.0
20230503:2310,0.0,0.0,0.0,11.97,10.55,0.0
20230504:0010,0.0,0.0,0.0,12.02,10.55,0.0
20230504:0110,0.0,0.0,0.0,11.99,10.41,0.0
20230504:0210,0.0,0.0,0.0,11.95,10.28,0.0
20230504:0310,0.0,0.0,0.0,11.95,10.28,0.0
20230504:0410,0.0,0.0,0.0,11.85,10.0,0.0
20230504:0510,0.51,6.12,2.68,11.75,9.93,0.0
20230504:0610,151.74,82.07,11.85,11.77,9.93,0.0
20230504:0710,504.42,219.62,21.36,11.74,9.38,0.0
20230504:0810,166.62,81.59,30.85,11.85,9.59,0.0
20230504:0910,347.22,152.05,39.85,12.08,9.03,0.0
20230504:1010,379.35,165.02,47.7,12.51,7.17,0.0
20230504:1110,350.52,153.9,53.37,12.52,7.03,0.0
20230504:1210,672.72,278.48,55.6,12.55,7.72,0.0
20230504:1310,767.67,315.3,53.7,12.38,7.45,0.0
20230504:1410,281.85,127.01,48.27,12.18,7.72,0.0
20230504:1510,627.81,259.9,40.56,12.19,8.48,0.0
20230504:1610,448.74,191.52,31.62,12.53,8.21,0.0
20230504:1710,78.24,45.43,22.15,12.48,8.14,0.0
20230504:1810,31.29,24.1,12.63,12.45,8.34,0.0
20230504:1910,0.0,1.75,3.42,12.22,7.79,0.0
20230504:2010,0.0,0.0,0.0,12.17,7.1,0.0
20230504:2110,0.0,0.0,0.0,12.12,6.48,0.0
20230504:2210,0.0,0.0,0.0,11.98,5.52,0.0
20230504:2310,0.0,0.0,0.0,11.95,6.07,0.0
20230505:0010,0.0,0.0,0.0,11.85,6.48,0.0
20230505:0110,0.0,0.0,0.0,11.68,6.14,0.0
20230505:0210,0.0,0.0,0.0,11.69,6.21,0.0
20230505:0310,0.0,0.0,0.0,11.91,7.52,0.0
20230505:0410,0.0,0.0,0.0,11.89,7.31,0.0
20230505:0510,0.0,5.25,2.93,11.82,6.41,0.0
20230505:0610,158.58,84.12,12.08,11.88,6.97,0.0
20230505:0710,279.96,126.7,21.59,12.08,7.31,0.0
20230505:0810,473.88,201.26,31.08,12.28,7.24,0.0
20230505:0910,851.37,347.66,40.1,12.38,6.83,0.0
20230505:1010,1035.66,422.57,47.96,12.68,6.14,0.0
20230505:1110,1188.54,483.83,53.65,12.71,6.76,0.0
20230505:1210,653.94,271.55,55.89,12.84,7.72,0.0
20230505:1310,1011.33,411.76,53.97,12.88,7.66,0.0
20230505:1410,1107.48,450.93,48.51,13.05,6.9,0.0
20230505:1510,913.2,373.37,40.78,12.88,6.28,0.0
20230505:1610,386.25,168.2,31.83,12.97,6.28,0.0
20230505:1710,345.72,153.48,22.35,13.0,6.21,0.0
20230505:1810,71.61,42.65,12.83,12.8,5.38,0.0
20230505:1910,7.74,11.37,3.64,12.53,4.69,0.0
20230505:2010,0.0,0.0,0.0,12.23,4.48,0.0
20230505:2110,0.0,0.0,0.0,12.05,4.28,0.0
20230505:2210,0.0,0.0,0.0,12.04,3.86,0.0
20230505:2310,0.0,0.0,0.0,11.98,4.48,0.0
20230506:0010,0.0,0.0,0.0,12.02,4.55,0.0
20230506:0110,0.0,0.0,0.0,12.0,5.03,0.0
20230506:0210,0.0,0.0,0.0,11.86,5.1,0.0
20230506:0310,0.0,0.0,0.0,11.8,5.66,0.0
20230506:0410,0.0,0.0,0.0,11.71,6.83,0.0
20230506:0510,5.1,9.62,3.16,11.82,6.07,0.0
20230506:0610,143.1,73.96,12.31,11.95,4.83,0.0
20230506:0710,276.9,125.74,21.81,12.22,5.93,0.0
20230506:0810,382.98,166.48,31.31,12.39,6.41,0.0
20230506:0910,608.58,253.77,40.33,12.5,6.48,0.0
20230506:1010,719.67,297.95,48.22,12.79,6.0,0.0
20230506:1110,861.78,355.2,53.92,12.99,5.45,0.0
20230506:1210,1011.63,416.06,56.17,13.2,5.31,0.0
20230506:1310,1255.08,516.5,54.24,13.29,5.1,0.0
20230506:1410,1274.52,525.58,48.75,13.69,4.83,0.0
20230506:1510,1726.5,718.83,40.99,13.47,4.62,0.0
20230506:1610,1239.48,513.91,32.03,13.46,4.21,0.0
20230506:1710,452.46,198.54,22.55,13.45,4.07,0.0
20230506:1810,139.26,94.28,13.03,13.49,4.07,0.0
20230506:1910,18.24,17.49,3.84,13.25,4.14,0.0
20230506:2010,0.0,0.0,0.0,12.82,3.93,0.0
20230506:2110,0.0,0.0,0.0,12.42,3.86,0.0
20230506:2210,0.0,0.0,0.0,11.96,3.24,0.0
20230506:2310,0.0,0.0,0.0,11.54,2.76,0.0
20230507:0010,0.0,0.0,0.0,11.28,2.48,0.0
20230507:0110,0.0,0.0,0.0,11.08,2.41,0.0
20230507:0210,0.0,0.0,0.0,11.03,2.62,0.0
20230507:0310,0.0,0.0,0.0,11.02,2.9,0.0
20230507:0410,0.0,0.0,0.0,10.99,2.76,0.0
20230507:0510,0.0,4.37,3.39,11.19,3.24,0.0
20230507:0610,122.88,64.42,12.53,11.36,3.45,0.0
20230507:0710,295.26,133.05,22.03,11.43,2.97,0.0
20230507:0810,388.77,169.24,31.53,11.87,3.24,0.0
20230507:0910,577.5,243.48,40.57,12.34,3.31,0.0
20230507:1010,865.77,359.69,48.47,12.6,2.9,0.0
20230507:1110,1021.71,421.76,54.2,12.77,4.0,0.0
20230507:1210,2136.12,909.82,56.45,12.91,4.9,0.0
20230507:1310,1594.14,658.25,54.5,13.04,5.59,0.0
20230507:1410,2012.4,840.8,48.99,13.18,5.86,0.0
20230507:1510,1339.86,546.99,41.21,13.23,6.0,0.0
20230507:1610,814.89,336.21,32.23,13.01,5.52,0.0
20230507:1710,616.35,269.83,22.75,12.87,5.38,0.0
20230507:1810,181.35,93.4,13.23,12.55,5.03,0.0
20230507:1910,13.59,14.87,4.05,12.28,4.62,0.0
20230507:2010,0.0,0.0,0.0,12.01,4.34,0.0
20230507:2110,0.0,0.0,0.0,11.83,4.83,0.0
20230507:2210,0.0,0.0,0.0,11.65,4.41,0.0
20230507:2310,0.0,0.0,0.0,11.7,4.69,0.0
20230508:0010,0.0,0.0,0.0,11.86,5.31,0.0
20230508:0110,0.0,0.0,0.0,12.0,5.93,0.0
20230508:0210,0.0,0.0,0.0,12.08,6.41,0.0
20230508:0310,0.0,0.0,0.0,12.16,6.97,0.0
20230508:0410,0.0,0.0,0.0,12.17,7.52,0.0
20230508:0510,9.15,12.24,3.62,12.19,7.86,0.0
20230508:0610,48.99,32.45,12.75,12.23,8.0,0.0
20230508:0710,109.02,58.41,22.25,12.35,7.66,0.0
20230508:0810,108.87,58.41,31.75,12.6,7.31,0.0
20230508:0910,364.5,159.46,40.8,12.78,7.17,0.0
20230508:1010,528.03,222.85,48.72,12.7,6.69,0.0
20230508:1110,488.85,207.67,54.46,12.81,7.03,0.0
20230508:1210,777.87,320.3,56.72,12.83,7.1,0.0
20230508:1310,531.99,224.36,54.76,12.83,7.24,0.0
20230508:1410,484.8,205.82,49.22,12.63,7.45,0.0
20230508:1510,175.14,85.29,41.42,12.46,7.03,0.0
20230508:1610,124.47,64.9,32.43,12.51,4.97,0.0
20230508:1710,73.86,43.57,22.94,12.36,4.48,0.0
20230508:1810,20.31,18.54,13.43,12.43,4.28,0.0
20230508:1910,0.0,3.5,4.26,12.06,3.93,0.0
20230508:2010,0.0,0.0,0.0,12.0,3.86,0.0
20230508:2110,0.0,0.0,0.0,12.0,4.62,0.0
20230508:2210,0.0,0.0,0.0,12.49,5.03,0.0
20230508:2310,0.0,0.0,0.0,12.34,4.55,0.0
20230509:0010,0.0,0.0,0.0,12.16,3.93,0.0
20230509:0110,0.0,0.0,0.0,12.07,4.07,0.0
20230509:0210,0.0,0.0,0.0,12.07,4.83,0.0
20230509:0310,0.0,0.0,0.0,12.2,4.76,0.0
20230509:0410,0.0,0.0,0.0,12.3,4.28,0.0
20230509:0510,0.0,5.25,3.84,12.34,4.34,0.0
20230509:0610,33.15,25.03,12.96,12.39,4.48,0.0
20230509:0710,188.64,90.86,22.46,12.49,4.34,0.0
20230509:0810,277.62,126.09,31.96,12.57,3.86,0.0
20230509:0910,496.77,211.94,41.02,12.68,3.72,0.0
20230509:1010,554.73,233.98,48.96,12.72,5.17,0.0
20230509:1110,1551.87,637.31,54.72,12.82,6.07,0.0
20230509:1210,426.6,183.57,56.99,12.55,6.21,0.0
20230509:1310,297.9,133.5,55.01,12.32,6.21,0.0
20230509:1410,267.45,121.45,49.45,12.06,6.76,0.0
20230509:1510,1086.69,440.43,41.63,12.36,6.9,0.0
20230509:1610,377.37,164.26,32.62,12.62,7.52,0.0
20230509:1710,100.11,54.7,23.13,12.45,8.34,0.0
20230509:1810,25.74,21.32,13.62,12.23,8.9,0.0
20230509:1910,18.39,17.49,4.46,12.18,8.48,0.0
20230509:2010,0.0,0.0,0.0,11.91,8.14,0.0
20230509:2110,0.0,0.0,0.0,11.68,8.28,0.0
20230509:2210,0.0,0.0,0.0,11.4,8.83,0.0
20230509:2310,0.0,0.0,0.0,11.35,8.34,0.0
20230510:0010,0.0,0.0,0.0,11.22,7.45,0.0
20230510:0110,0.0,0.0,0.0,11.19,7.1,0.0
20230510:0210,0.0,0.0,0.0,11.24,6.69,0.0
20230510:0310,0.0,0.0,0.0,11.4,6.62,0.0
20230510:0410,0.0,0.0,0.0,11.39,6.62,0.0
20230510:0510,0.0,4.37,4.05,11.26,6.62,0.0
20230510:0610,160.08,93.18,13.16,11.23,6.69,0.0
20230510:0710,447.9,193.82,22.66,11.4,7.45,0.0
20230510:0810,712.11,292.57,32.17,11.74,7.59,0.0
20230510:0910,867.63,353.55,41.24,12.28,7.31,0.0
20230510:1010,754.5,310.13,49.19,12.35,7.24,0.0
20230510:1110,612.69,255.33,54.98,12.49,7.24,0.0
20230510:1210,1142.43,464.01,57.25,12.52,7.45,0.0
20230510:1310,1135.59,461.38,55.26,12.77,7.59,0.0
20230510:1410,729.33,300.69,49.67,12.83,7.72,0.0
20230510:1510,750.15,308.72,41.83,13.04,7.66,0.0
20230510:1610,838.38,343.52,32.81,12.98,7.59,0.0
20230510:1710,261.33,119.46,23.32,12.77,7.79,0.0
20230510:1810,187.83,94.18,13.81,12.43,7.86,0.0
20230510:1910,0.0,3.5,4.66,12.08,7.38,0.0
20230510:2010,0.0,0.0,0.0,11.75,6.28,0.0
20230510:2110,0.0,0.0,0.0,11.3,5.59,0.0
20230510:2210,0.0,0.0,0.0,10.98,5.03,0.0
20230510:2310,0.0,0.0,0.0,10.86,4.97,0.0
20230511:0010,0.0,0.0,0.0,10.73,4.83,0.0
20230511:0110,0.0,0.0,0.0,10.71,4.83,0.0
20230511:0210,0.0,0.0,0.0,10.65,4.9,0.0
20230511:0310,0.0,0.0,0.0,10.65,4.76,0.0
20230511:0410,0.0,0.0,0.0,10.53,4.55,0.0
20230511:0510,15.33,15.74,4.26,10.46,4.21,0.0
20230511:0610,135.15,90.05,13.37,10.72,4.21,0.0
20230511:0710,649.65,287.87,22.86,11.15,4.28,0.0
20230511:0810,1222.65,503.54,32.37,11.51,4.0,0.0
20230511:0910,457.05,195.88,41.45,11.98,3.52,0.0
20230511:1010,991.77,409.25,49.42,12.36,3.59,0.0
20230511:1110,306.09,137.21,55.23,12.49,3.79,0.0
20230511:1210,832.71,345.03,57.51,12.56,4.0,0.0
20230511:1310,2311.56,1001.78,55.51,12.76,4.28,0.0
20230511:1410,1961.55,825.11,49.9,13.14,4.97,0.0
20230511:1510,1608.48,662.38,42.03,13.33,5.59,0.0
20230511:1610,1171.17,481.22,33.0,13.16,5.45,0.0
20230511:1710,489.33,212.3,23.51,13.01,5.45,0.0
20230511:1810,149.13,101.47,14.0,13.0,5.38,0.0
20230511:1910,28.47,22.74,4.86,12.51,4.48,0.0
20230511:2010,0.0,0.0,0.0,12.02,3.52,0.0
20230511:2110,0.0,0.0,0.0,11.46,3.03,0.0
20230511:2210,0.0,0.0,0.0,10.95,2.48,0.0
20230511:2310,0.0,0.0,0.0,10.61,2.21,0.0
20230512:0010,0.0,0.0,0.0,10.59,2.28,0.0
20230512:0110,0.0,0.0,0.0,10.39,2.9,0.0
20230512:0210,0.0,0.0,0.0,10.31,3.38,0.0
20230512:0310,0.0,0.0,0.0,10.25,3.79,0.0
20230512:0410,0.0,0.0,0.0,10.21,4.28,0.0
20230512:0510,18.57,17.49,4.46,10.35,4.9,0.0
20230512:0610,143.37,92.29,13.56,10.97,5.38,0.0
20230512:0710,676.38,301.12,23.05,11.77,5.59,0.0
20230512:0810,1287.27,527.4,32.56,12.6,6.07,0.0
20230512:0910,1767.18,728.32,41.65,13.26,6.0,0.0
20230512:1010,1992.45,842.08,49.64,13.83,4.97,0.0
20230512:1110,2297.49,998.42,55.47,14.32,4.62,0.0
20230512:1210,2389.26,1061.38,57.77,14.63,3.86,0.0
20230512:1310,760.44,320.95,55.75,14.91,2.9,0.0
20230512:1410,240.96,113.11,50.11,15.09,2.28,0.0
20230512:1510,1574.67,673.52,42.23,15.22,2.41,0.0
20230512:1610,1215.0,511.39,33.19,15.31,3.31,0.0
20230512:1710,322.77,145.93,23.69,15.44,4.28,0.0
20230512:1810,192.33,105.59,14.19,15.21,4.9,0.0
20230512:1910,31.62,24.48,5.05,14.76,4.97,0.0
20230512:2010,0.0,0.0,0.0,14.28,4.97,0.0
20230512:2110,0.0,0.0,0.0,13.91,5.31,0.0
20230512:2210,0.0,0.0,0.0,13.21,4.76,0.0
20230512:2310,0.0,0.0,0.0,12.74,4.76,0.0
20230513:0010,0.0,0.0,0.0,12.35,4.97,0.0
20230513:0110,0.0,0.0,0.0,11.86,5.31,0.0
20230513:0210,0.0,0.0,0.0,11.46,5.17,0.0
20230513:0310,0.0,0.0,0.0,11.05,5.38,0.0
20230513:0410,0.0,0.0,0.0,10.73,5.38,0.0
20230513:0510,20.19,18.36,4.66,10.52,5.24,0.0
20230513:0610,159.45,96.0,13.75,10.51,4.97,0.0
20230513:0710,668.31,296.29,23.24,10.8,4.34,0.0
20230513:0810,1252.14,517.33,32.75,11.27,3.45,0.0
20230513:0910,1728.24,728.2,41.85,11.97,2.83,0.0
20230513:1010,2114.31,930.68,49.86,13.0,2.34,0.0
20230513:1110,2245.14,1021.12,55.71,14.05,1.86,0.0
20230513:1210,2302.89,1067.26,58.01,14.32,1.52,0.0
20230513:1310,2242.71,1020.43,55.99,14.4,1.93,0.0
20230513:1410,2115.66,934.79,50.33,14.26,2.55,0.0
20230513:1510,1775.79,756.34,42.43,14.09,3.1,0.0
20230513:1610,1286.58,538.68,33.38,14.07,3.45,0.0
20230513:1710,684.09,304.88,23.87,13.97,3.66,0.0
20230513:1810,160.65,104.07,14.37,13.96,3.93,0.0
20230513:1910,33.54,25.36,5.25,13.88,4.07,0.0
20230513:2010,0.0,0.0,0.0,13.66,3.31,0.0
20230513:2110,0.0,0.0,0.0,13.23,2.9,0.0
20230513:2210,0.0,0.0,0.0,12.82,3.03,0.0
20230513:2310,0.0,0.0,0.0,12.58,3.66,0.0
20230514:0010,0.0,0.0,0.0,12.07,3.66,0.0
20230514:0110,0.0,0.0,0.0,11.65,3.17,0.0
20230514:0210,0.0,0.0,0.0,11.5,3.17,0.0
20230514:0310,0.0,0.0,0.0,11.36,3.31,0.0
20230514:0410,0.0,0.0,0.0,11.04,3.17,0.0
20230514:0510,9.24,12.24,4.85,10.94,2.97,0.0
20230514:0610,167.04,83.1,13.94,10.82,2.97,0.0
20230514:0710,519.72,225.39,23.42,10.98,3.1,0.0
20230514:0810,1123.65,465.04,32.94,11.51,2.97,0.0
20230514:0910,1132.59,470.41,42.04,12.54,2.48,0.0
20230514:1010,1792.26,769.29,50.07,12.9,2.41,0.0
20230514:1110,1761.81,752.88,55.94,13.8,3.17,0.0
20230514:1210,2387.79,1062.79,58.26,14.35,3.66,0.0
20230514:1310,2184.39,952.78,56.22,14.49,3.93,0.0
20230514:1410,579.96,246.34,50.54,14.61,4.48,0.0
20230514:1510,350.61,155.75,42.62,14.56,4.76,0.0
20230514:1610,1207.8,500.14,33.56,14.34,5.1,0.0
20230514:1710,525.87,228.46,24.05,13.97,5.66,0.0
20230514:1810,31.08,24.1,14.56,13.51,5.86,0.0
20230514:1910,39.12,27.98,5.44,13.23,5.66,0.0
20230514:2010,0.0,0.0,0.0,13.02,4.97,0.0
20230514:2110,0.0,0.0,0.0,12.81,4.55,0.0
20230514:2210,0.0,0.0,0.0,12.75,4.21,0.0
20230514:2310,0.0,0.0,0.0,12.57,4.69,0.0
20230515:0010,0.0,0.0,0.0,12.4,5.66,0.0
20230515:0110,0.0,0.0,0.0,12.25,6.28,0.0
20230515:0210,0.0,0.0,0.0,12.07,6.9,0.0
20230515:0310,0.0,0.0,0.0,11.74,7.45,0.0
20230515:0410,0.0,0.0,0.0,11.33,8.07,0.0
20230515:0510,32.34,24.48,5.04,10.85,8.41,0.0
20230515:0610,147.6,96.07,14.12,10.62,8.28,0.0
20230515:0710,695.73,305.49,23.59,10.84,8.0,0.0
20230515:0810,1188.18,480.32,33.12,11.31,7.59,0.0
20230515:0910,1650.78,668.06,42.23,11.7,7.31,0.0
20230515:1010,1601.91,651.34,50.28,12.17,7.24,0.0
20230515:1110,2086.41,866.6,56.17,12.63,7.1,0.0
20230515:1210,2204.73,920.83,58.5,12.91,7.38,0.0
20230515:1310,2306.79,967.53,56.45,13.1,7.38,0.0
20230515:1410,2140.35,891.92,50.75,13.29,6.97,0.0
20230515:1510,1793.85,735.59,42.81,13.31,6.97,0.0
20230515:1610,1312.89,535.9,33.74,13.17,7.17,0.0
20230515:1710,732.09,321.51,24.23,12.96,7.45,0.0
20230515:1810,160.59,106.96,14.74,12.56,7.31,0.0
20230515:1910,35.73,26.23,5.62,12.03,6.97,0.0
20230515:2010,0.0,0.0,0.0,11.27,6.76,0.0
20230515:2110,0.0,0.0,0.0,10.64,6.62,0.0
20230515:2210,0.0,0.0,0.0,10.11,6.21,0.0
20230515:2310,0.0,0.0,0.0,9.88,6.0,0.0
20230516:0010,0.0,0.0,0.0,9.65,5.79,0.0
20230516:0110,0.0,0.0,0.0,9.4,5.38,0.0
20230516:0210,0.0,0.0,0.0,9.32,5.1,0.0
20230516:0310,0.0,0.0,0.0,9.29,4.83,0.0
20230516:0410,0.0,0.0,0.0,9.11,4.62,0.0
20230516:0510,38.13,27.11,5.22,9.12,4.28,0.0
20230516:0610,170.61,101.2,14.29,9.6,4.07,0.0
20230516:0710,690.9,306.7,23.76,10.44,3.31,0.0
20230516:0810,1292.64,538.86,33.29,11.42,2.62,0.0
20230516:0910,1752.27,748.2,42.41,12.27,2.14,0.0
20230516:1010,1914.9,836.05,50.48,12.87,1.93,0.0
20230516:1110,1650.36,718.24,56.39,13.24,1.24,0.0
20230516:1210,1653.18,723.22,58.73,13.33,1.03,0.0
20230516:1310,1886.07,823.63,56.67,13.37,2.14,0.0
20230516:1410,1885.71,813.15,50.95,13.41,2.76,0.0
20230516:1510,1783.56,758.93,42.99,13.58,3.03,0.0
20230516:1610,1323.33,555.21,33.91,13.76,3.17,0.0
20230516:1710,712.29,316.62,24.4,13.63,3.66,0.0
20230516:1810,171.0,109.27,14.91,13.57,4.62,0.0
20230516:1910,40.98,28.86,5.81,13.22,5.31,0.0
20230516:2010,0.0,0.0,0.0,12.51,5.38,0.0
20230516:2110,0.0,0.0,0.0,11.74,5.17,0.0
20230516:2210,0.0,0.0,0.0,11.07,4.83,0.0
20230516:2310,0.0,0.0,0.0,10.76,4.62,0.0
20230517:0010,0.0,0.0,0.0,10.42,4.48,0.0
20230517:0110,0.0,0.0,0.0,10.38,4.21,0.0
20230517:0210,0.0,0.0,0.0,10.11,4.07,0.0
20230517:0310,0.0,0.0,0.0,10.15,3.86,0.0
20230517:0410,0.0,0.0,0.0,10.1,3.66,0.0
20230517:0510,36.09,26.23,5.4,9.98,3.59,0.0
20230517:0610,195.72,96.0,14.46,10.55,3.66,0.0
20230517:0710,676.08,300.96,23.93,11.46,3.31,0.0
20230517:0810,1021.86,423.62,33.45,12.37,3.17,0.0
20230517:0910,1680.84,711.16,42.59,13.11,2.83,0.0
20230517:1010,1900.08,828.02,50.67,13.45,2.14,0.0
20230517:1110,1486.98,635.62,56.6,13.64,1.86,0.0
20230517:1210,1592.22,684.65,58.96,13.8,2.0,0.0
20230517:1310,2220.33,999.44,56.89,13.78,2.14,0.0
20230517:1410,2098.05,928.24,51.15,13.79,2.28,0.0
20230517:1510,1684.23,722.7,43.18,13.78,2.07,0.0
20230517:1610,1031.67,433.9,34.09,13.63,1.86,0.0
20230517:1710,698.79,312.43,24.57,13.49,1.79,0.0
20230517:1810,207.0,113.87,15.09,13.32,1.86,0.0
20230517:1910,46.5,31.48,5.99,13.23,2.14,0.0
20230517:2010,0.0,0.0,0.0,13.04,2.48,0.0
20230517:2110,0.0,0.0,0.0,12.7,3.03,0.0
20230517:2210,0.0,0.0,0.0,12.12,3.31,0.0
20230517:2310,0.0,0.0,0.0,11.76,3.24,0.0
20230518:0010,0.0,0.0,0.0,11.32,3.45,0.0
20230518:0110,0.0,0.0,0.0,11.03,3.38,0.0
20230518:0210,0.0,0.0,0.0,10.9,3.45,0.0
20230518:0310,0.0,0.0,0.0,10.86,3.45,0.0
20230518:0410,0.0,0.0,0.0,10.89,3.72,0.0
20230518:0510,35.94,26.23,5.57,10.9,4.21,0.0
20230518:0610,200.13,98.24,14.62,11.14,4.55,0.0
20230518:0710,601.5,261.88,24.09,11.83,4.34,0.0
20230518:0810,568.47,239.86,33.62,12.68,4.07,0.0
20230518:0910,1064.43,440.14,42.76,13.43,3.79,0.0
20230518:1010,1983.54,854.32,50.86,14.2,3.52,0.0
20230518:1110,2250.03,999.25,56.81,14.67,3.17,0.0
20230518:1210,2288.73,1032.21,59.18,15.1,2.76,0.0
20230518:1310,1984.8,877.71,57.11,15.34,2.48,0.0
20230518:1410,1658.85,713.25,51.35,15.31,2.69,0.0
20230518:1510,1517.34,642.2,43.36,15.26,3.17,0.0
20230518:1610,1271.22,532.67,34.26,15.06,3.93,0.0
20230518:1710,728.55,324.68,24.74,14.67,5.03,0.0
20230518:1810,203.31,113.9,15.26,14.09,5.79,0.0
20230518:1910,42.81,29.73,6.17,13.38,5.72,0.0
20230518:2010,0.0,0.0,0.0,12.8,5.17,0.0
20230518:2110,0.0,0.0,0.0,12.21,4.48,0.0
20230518:2210,0.0,0.0,0.0,11.68,4.21,0.0
20230518:2310,0.0,0.0,0.0,11.37,4.34,0.0
20230519:0010,0.0,0.0,0.0,11.07,4.34,0.0
20230519:0110,0.0,0.0,0.0,10.9,4.0,0.0
20230519:0210,0.0,0.0,0.0,10.55,3.72,0.0
20230519:0310,0.0,0.0,0.0,10.4,3.72,0.0
20230519:0410,0.0,0.0,0.0,10.04,3.72,0.0
20230519:0510,45.42,30.61,5.73,10.15,3.59,0.0
20230519:0610,164.73,101.9,14.78,10.61,3.1,0.0
20230519:0710,673.98,298.45,24.24,11.22,3.17,0.0
20230519:0810,1249.26,517.95,33.77,12.2,3.59,0.0
20230519:0910,1673.43,702.09,42.92,13.19,3.59,0.0
20230519:1010,1767.15,753.08,51.04,13.97,3.31,0.0
20230519:1110,1433.94,610.13,57.02,14.52,2.41,0.0
20230519:1210,1322.04,562.26,59.39,14.81,2.21,0.0
20230519:1310,1253.01,528.68,57.32,15.18,2.97,0.0
20230519:1410,774.0,326.05,51.54,15.51,3.72,0.0
20230519:1510,1479.75,619.15,43.53,15.68,4.62,0.0
20230519:1610,1322.13,551.89,34.43,15.55,5.1,0.0
20230519:1710,614.88,268.48,24.91,15.06,5.17,0.0
20230519:1810,182.04,113.04,15.43,14.38,5.31,0.0
20230519:1910,52.08,34.1,6.34,13.95,4.97,0.0
20230519:2010,0.0,0.0,0.0,13.44,4.69,0.0
20230519:2110,0.0,0.0,0.0,12.94,4.55,0.0
20230519:2210,0.0,0.0,0.0,12.62,4.21,0.0
20230519:2310,0.0,0.0,0.0,12.48,4.0,0.0
20230520:0010,0.0,0.0,0.0,12.38,4.07,0.0
20230520:0110,0.0,0.0,0.0,12.2,4.14,0.0
20230520:0210,0.0,0.0,0.0,12.09,4.55,0.0
20230520:0310,0.0,0.0,0.0,11.93,4.83,0.0
20230520:0410,0.0,0.0,0.0,11.56,4.9,0.0
20230520:0510,41.37,28.86,5.89,11.37,4.55,0.0
20230520:0610,154.68,100.96,14.93,11.76,4.55,0.0
20230520:0710,692.07,308.03,24.39,12.37,4.62,0.0
20230520:0810,1304.85,539.58,33.92,12.95,4.76,0.0
20230520:0910,1811.73,755.02,43.08,13.47,5.03,0.0
20230520:1010,2181.36,939.19,51.21,14.2,4.48,0.0
20230520:1110,2367.6,1042.26,57.21,14.71,4.28,0.0
20230520:1210,2415.0,1082.06,59.61,15.02,3.66,0.0
20230520:1310,2329.95,1046.85,57.52,15.36,3.17,0.0
20230520:1410,2126.79,944.74,51.73,15.6,2.76,0.0
20230520:1510,1730.49,746.78,43.71,15.75,2.62,0.0
20230520:1610,1225.83,521.69,34.59,15.84,2.34,0.0
20230520:1710,686.07,308.59,25.07,16.2,2.14,0.0
20230520:1810,210.36,117.74,15.59,15.87,2.69,0.0
20230520:1910,53.46,34.98,6.52,15.56,2.83,0.0
20230520:2010,0.0,0.0,0.0,14.85,3.31,0.0
20230520:2110,0.0,0.0,0.0,14.05,4.0,0.0
20230520:2210,0.0,0.0,0.0,13.49,4.55,0.0
20230520:2310,0.0,0.0,0.0,13.05,4.62,0.0
20230521:0010,0.0,0.0,0.0,12.77,4.48,0.0
20230521:0110,0.0,0.0,0.0,12.58,4.55,0.0
20230521:0210,0.0,0.0,0.0,12.26,4.55,0.0
20230521:0310,0.0,0.0,0.0,11.96,4.48,0.0
20230521:0410,0.0,0.0,0.0,11.65,4.34,0.0
20230521:0510,39.51,27.98,6.05,11.41,4.41,0.0
20230521:0610,154.14,102.08,15.07,11.83,4.69,0.0
20230521:0710,701.67,311.87,24.53,12.51,4.97,0.0
20230521:0810,1310.67,540.99,34.06,13.19,5.31,0.0
20230521:0910,1812.78,756.11,43.23,13.91,5.24,0.0
20230521:1010,2128.71,915.11,51.38,14.46,4.48,0.0
20230521:1110,2337.03,1035.66,57.4,14.83,3.79,0.0
20230521:1210,2371.98,1069.13,59.81,15.25,3.24,0.0
20230521:1310,2276.13,1027.96,57.72,15.59,2.76,0.0
20230521:1410,2100.78,939.72,51.91,15.75,2.34,0.0
20230521:1510,1774.68,776.07,43.88,15.86,2.0,0.0
20230521:1610,1296.93,558.64,34.75,15.88,1.52,0.0
20230521:1710,713.67,325.13,25.23,15.79,0.62,0.0
20230521:1810,179.13,115.08,15.76,15.78,1.1,0.0
20230521:1910,55.41,35.85,6.69,15.38,2.62,0.0
20230521:2010,0.0,0.0,0.0,14.68,3.59,0.0
20230521:2110,0.0,0.0,0.0,14.06,4.34,0.0
20230521:2210,0.0,0.0,0.0,13.49,4.34,0.0
20230521:2310,0.0,0.0,0.0,13.06,4.07,0.0
20230522:0010,0.0,0.0,0.0,12.67,3.86,0.0
20230522:0110,0.0,0.0,0.0,12.41,3.72,0.0
20230522:0210,0.0,0.0,0.0,12.18,3.52,0.0
20230522:0310,0.0,0.0,0.0,12.06,3.31,0.0
20230522:0410,0.0,0.0,0.0,11.82,3.24,0.0
20230522:0510,32.13,24.48,6.19,11.81,3.38,0.0
20230522:0610,222.39,111.98,15.21,12.59,4.07,0.0
20230522:0710,669.57,297.8,24.67,13.67,4.28,0.0
20230522:0810,1240.62,517.33,34.2,14.68,4.55,0.0
20230522:0910,1739.4,734.2,43.38,15.53,4.48,0.0
20230522:1010,2030.85,876.7,51.54,16.17,4.41,0.0
20230522:1110,2235.54,987.47,57.59,16.6,4.14,0.0
20230522:1210,2154.72,954.39,60.01,16.87,3.79,0.0
20230522:1310,1767.27,764.76,57.92,17.16,3.72,0.0
20230522:1410,1422.81,604.39,52.09,17.47,4.0,0.0
20230522:1510,678.24,289.51,44.04,17.65,4.14,0.0
20230522:1610,1173.27,493.56,34.91,17.41,4.9,0.0
20230522:1710,698.04,309.17,25.39,16.59,6.41,0.0
20230522:1810,208.77,119.66,15.92,15.58,7.45,0.0
20230522:1910,57.69,36.73,6.85,14.68,7.52,0.0
20230522:2010,0.0,0.0,0.0,13.89,7.45,0.0
20230522:2110,0.0,0.0,0.0,13.32,6.76,0.0
20230522:2210,0.0,0.0,0.0,12.94,5.66,0.0
20230522:2310,0.0,0.0,0.0,12.82,5.86,0.0
20230523:0010,0.0,0.0,0.0,12.75,5.72,0.0
20230523:0110,0.0,0.0,0.0,12.78,5.38,0.0
20230523:0210,0.0,0.0,0.0,12.5,5.24,0.0
20230523:0310,0.0,0.0,0.0,12.27,5.03,0.0
20230523:0410,0.0,0.0,0.0,12.0,4.76,0.0
20230523:0510,52.65,34.1,6.33,11.83,4.41,0.0
20230523:0610,189.81,108.74,15.35,12.08,4.41,0.0
20230523:0710,611.13,267.0,24.8,12.78,4.28,0.0
20230523:0810,1063.8,441.8,34.33,13.53,3.86,0.0
20230523:0910,1404.27,587.82,43.52,14.01,3.24,0.0
20230523:1010,1059.87,446.04,51.7,14.25,2.07,0.0
20230523:1110,1520.97,656.72,57.77,14.45,1.59,0.0
20230523:1210,873.36,370.69,60.2,14.6,1.31,0.0
20230523:1310,1030.11,439.91,58.11,14.77,0.83,0.0
20230523:1410,985.68,421.13,52.27,14.71,0.55,0.0
20230523:1510,816.45,347.15,44.21,14.6,0.83,0.0
20230523:1610,599.31,256.88,35.07,14.41,1.1,0.0
20230523:1710,463.53,204.25,25.54,14.3,0.97,0.0
20230523:1810,233.73,115.77,16.07,14.12,1.03,0.0
20230523:1910,53.91,34.98,7.01,13.83,1.38,0.0
20230523:2010,0.0,0.0,0.0,13.47,1.93,0.0
20230523:2110,0.0,0.0,0.0,13.21,2.76,0.0
20230523:2210,0.0,0.0,0.0,13.13,2.97,0.0
20230523:2310,0.0,0.0,0.0,12.99,3.17,0.0
20230524:0010,0.0,0.0,0.0,12.61,3.31,0.0
20230524:0110,0.0,0.0,0.0,12.32,3.38,0.0
20230524:0210,0.0,0.0,0.0,12.05,3.17,0.0
20230524:0310,0.0,0.0,0.0,11.88,3.03,0.0
20230524:0410,0.0,0.0,0.0,11.75,2.9,0.0
20230524:0510,48.84,32.35,6.47,11.65,2.97,0.0
20230524:0610,197.37,110.14,15.47,12.05,3.1,0.0
20230524:0710,671.25,300.04,24.92,12.88,2.97,0.0
20230524:0810,1197.51,501.95,34.46,13.75,2.97,0.0
20230524:0910,1674.09,716.07,43.65,14.47,2.48,0.0
20230524:1010,1981.08,864.62,51.85,15.22,2.97,0.0
20230524:1110,2201.79,991.54,57.94,15.72,2.55,0.0
20230524:1210,2232.66,1023.31,60.39,16.14,2.07,0.0
20230524:1310,2178.42,1002.35,58.29,16.2,1.66,0.0
20230524:1410,2003.76,905.38,52.44,16.13,1.52,0.0
20230524:1510,1723.35,753.96,44.37,16.11,1.79,0.0
20230524:1610,1272.84,542.56,35.22,16.15,2.48,0.0
20230524:1710,705.09,315.53,25.69,16.11,3.52,0.0
20230524:1810,187.62,117.2,16.23,16.05,4.69,0.0
20230524:1910,61.2,38.48,7.17,15.67,5.45,0.0
20230524:2010,0.0,0.0,0.0,14.7,6.0,0.0
20230524:2110,0.0,0.0,0.0,13.77,6.0,0.0
20230524:2210,0.0,0.0,0.0,13.26,5.59,0.0
20230524:2310,0.0,0.0,0.0,13.12,5.17,0.0
20230525:0010,0.0,0.0,0.0,13.21,4.97,0.0
20230525:0110,0.0,0.0,0.0,13.13,4.97,0.0
20230525:0210,0.0,0.0,0.0,12.78,5.17,0.0
20230525:0310,0.0,0.0,0.0,12.35,5.31,0.0
20230525:0410,0.0,0.0,0.0,12.02,5.38,0.0
20230525:0510,54.63,34.98,6.6,11.83,5.38,0.0
20230525:0610,169.32,105.93,15.6,12.27,5.24,0.0
20230525:0710,688.29,306.29,25.04,13.05,4.97,0.0
20230525:0810,1264.11,525.25,34.58,13.96,4.62,0.0
20230525:0910,1725.33,728.69,43.78,14.76,3.93,0.0
20230525:1010,2002.02,870.79,51.99,15.41,3.38,0.0
20230525:1110,1774.23,770.13,58.1,15.97,2.97,0.0
20230525:1210,1585.17,683.16,60.57,16.08,2.76,0.0
20230525:1310,1956.39,866.13,58.47,16.1,2.55,0.0
20230525:1410,1249.38,530.36,52.6,15.85,2.48,0.0
20230525:1510,1452.06,619.53,44.52,15.71,2.41,0.0
20230525:1610,1021.02,432.79,35.37,15.49,2.0,0.0
20230525:1710,544.08,239.32,25.84,15.46,1.72,0.0
20230525:1810,220.35,123.48,16.38,15.31,1.1,0.0
20230525:1910,65.13,40.23,7.33,14.92,0.41,0.0
20230525:2010,0.0,0.0,0.0,13.99,0.48,0.0
20230525:2110,0.0,0.0,0.0,13.73,1.17,0.0
20230525:2210,0.0,0.0,0.0,14.15,1.52,0.0
20230525:2310,0.0,0.0,0.0,13.63,2.28,0.0
20230526:0010,0.0,0.0,0.0,13.01,2.76,0.0
20230526:0110,0.0,0.0,0.0,12.81,2.76,0.0
20230526:0210,0.0,0.0,0.0,12.65,2.41,0.0
20230526:0310,0.0,0.0,0.0,12.3,2.41,0.0
20230526:0410,0.0,0.0,0.0,12.27,2.83,0.0
20230526:0510,52.47,34.1,6.72,12.44,3.52,0.0
20230526:0610,160.98,105.2,15.71,12.95,4.62,0.0
20230526:0710,694.62,308.79,25.15,13.32,5.93,0.0
20230526:0810,1290.75,530.51,34.69,13.67,6.48,0.0
20230526:0910,1785.09,735.68,43.9,14.02,6.69,0.0
20230526:1010,2093.25,883.55,52.13,14.26,5.79,0.0
20230526:1110,2354.49,1011.57,58.26,14.43,5.86,0.0
20230526:1210,2432.94,1050.98,60.75,14.6,6.0,0.0
20230526:1310,2361.84,1017.47,58.65,14.79,5.86,0.0
20230526:1410,2145.24,915.41,52.77,15.04,5.45,0.0
20230526:1510,1818.21,765.89,44.67,15.23,4.9,0.0
20230526:1610,1332.21,558.31,35.52,15.38,4.34,0.0
20230526:1710,736.11,328.11,25.99,15.39,4.0,0.0
20230526:1810,182.82,119.86,16.52,15.27,3.66,0.0
20230526:1910,59.43,37.6,7.48,14.93,3.59,0.0
20230526:2010,0.0,0.0,0.0,14.17,3.93,0.0
20230526:2110,0.0,0.0,0.0,13.62,4.41,0.0
20230526:2210,0.0,0.0,0.0,13.29,4.28,0.0
20230526:2310,0.0,0.0,0.0,13.11,4.83,0.0
20230527:0010,0.0,0.0,0.0,12.9,5.66,0.0
20230527:0110,0.0,0.0,0.0,12.46,5.93,0.0
20230527:0210,0.0,0.0,0.0,12.0,6.55,0.0
20230527:0310,0.0,0.0,0.0,11.59,6.69,0.0
20230527:0410,0.0,0.0,0.0,11.2,6.55,0.0
20230527:0510,52.95,34.1,6.84,10.95,6.62,0.0
20230527:0610,169.86,107.25,15.82,11.28,6.97,0.0
20230527:0710,706.02,310.07,25.26,11.91,6.97,0.0
20230527:0810,1297.41,530.38,34.8,12.71,6.69,0.0
20230527:0910,1780.47,733.83,44.02,13.52,6.34,0.0
20230527:1010,2117.76,896.65,52.26,14.25,5.66,0.0
20230527:1110,2360.73,1026.01,58.41,14.79,5.17,0.0
20230527:1210,2416.32,1065.59,60.92,15.23,4.69,0.0
20230527:1310,2348.25,1042.9,58.82,15.63,4.0,0.0
20230527:1410,2100.6,923.81,52.93,15.81,3.31,0.0
20230527:1510,1772.1,765.28,44.82,15.87,2.83,0.0
20230527:1610,1312.68,560.28,35.66,15.92,2.41,0.0
20230527:1710,733.95,330.49,26.13,15.83,1.93,0.0
20230527:1810,194.76,122.93,16.67,15.54,1.24,0.0
20230527:1910,61.2,38.48,7.63,15.03,0.48,0.0
20230527:2010,0.0,0.0,0.0,14.23,0.9,0.0
20230527:2110,0.0,0.0,0.0,13.98,2.07,0.0
20230527:2210,0.0,0.0,0.0,13.74,3.1,0.0
20230527:2310,0.0,0.0,0.0,13.59,3.72,0.0
20230528:0010,0.0,0.0,0.0,13.43,3.79,0.0
20230528:0110,0.0,0.0,0.0,13.2,3.66,0.0
20230528:0210,0.0,0.0,0.0,12.9,3.59,0.0
20230528:0310,0.0,0.0,0.0,12.82,3.59,0.0
20230528:0410,0.0,0.0,0.0,12.77,3.59,0.0
20230528:0510,60.06,37.6,6.95,12.99,4.0,0.0
20230528:0610,172.71,108.35,15.93,13.69,4.48,0.0
20230528:0710,688.38,308.14,25.36,14.42,4.69,0.0
20230528:0810,1270.17,530.77,34.9,15.2,4.76,0.0
20230528:0910,1730.46,730.15,44.13,15.89,4.69,0.0
20230528:1010,2078.64,897.53,52.38,16.33,4.69,0.0
20230528:1110,2285.79,1009.85,58.56,16.74,4.41,0.0
20230528:1210,2367.03,1060.36,61.08,17.09,4.14,0.0
20230528:1310,2124.39,937.33,58.98,17.3,4.0,0.0
20230528:1410,1993.41,871.33,53.08,17.43,3.86,0.0
20230528:1510,1705.95,732.84,44.97,17.32,3.59,0.0
20230528:1610,1078.47,457.68,35.8,17.11,3.03,0.0
20230528:1710,627.96,277.51,26.26,16.77,2.55,0.0
20230528:1810,230.79,128.49,16.81,16.56,2.07,0.0
20230528:1910,60.87,38.48,7.78,16.3,2.14,0.0
20230528:2010,0.0,0.0,0.0,15.83,2.76,0.0
20230528:2110,0.0,0.0,0.0,15.43,3.31,0.0
20230528:2210,0.0,0.0,0.0,14.97,4.41,0.0
20230528:2310,0.0,0.0,0.0,14.81,5.03,0.0
20230529:0010,0.0,0.0,0.0,14.7,5.86,0.0
20230529:0110,0.0,0.0,0.0,14.5,6.83,0.0
20230529:0210,0.0,0.0,0.0,14.0,7.72,0.0
20230529:0310,0.0,0.0,0.0,13.35,8.14,0.0
20230529:0410,0.0,0.0,0.0,12.69,7.93,0.0
20230529:0510,58.44,36.73,7.06,12.23,8.34,0.0
20230529:0610,168.06,107.39,16.03,12.19,8.76,0.0
20230529:0710,708.18,310.63,25.45,12.38,9.31,0.0
20230529:0810,1313.85,532.34,35.0,12.84,9.17,0.0
20230529:0910,1801.05,731.82,44.23,13.31,8.55,0.0
20230529:1010,2151.51,894.55,52.5,13.62,7.45,0.0
20230529:1110,2401.08,1017.6,58.7,14.19,7.31,0.0
20230529:1210,2473.86,1057.13,61.24,14.63,7.24,0.0
20230529:1310,2391.12,1023.71,59.14,15.1,6.76,0.0
20230529:1410,2191.47,932.23,53.23,15.42,6.21,0.0
20230529:1510,1819.62,761.25,45.11,15.67,6.0,0.0
20230529:1610,1307.28,543.07,35.93,15.75,6.0,0.0
20230529:1710,730.98,322.2,26.4,15.77,5.86,0.0
20230529:1810,221.55,127.89,16.94,15.62,5.86,0.0
20230529:1910,69.12,41.97,7.92,15.36,5.59,0.0
20230529:2010,0.0,0.0,0.0,14.87,5.86,0.0
20230529:2110,0.0,0.0,0.0,14.47,6.34,0.0
20230529:2210,0.0,0.0,0.0,14.2,6.48,0.0
20230529:2310,0.0,0.0,0.0,13.87,6.97,0.0
20230530:0010,0.0,0.0,0.0,13.31,7.45,0.0
20230530:0110,0.0,0.0,0.0,12.63,7.72,0.0
20230530:0210,0.0,0.0,0.0,12.0,8.21,0.0
20230530:0310,0.0,0.0,0.0,11.5,8.48,0.0
20230530:0410,0.0,0.0,0.0,11.22,8.62,0.0
20230530:0510,54.93,34.98,7.16,10.96,8.76,0.0
20230530:0610,166.17,107.52,16.12,11.02,9.03,0.0
20230530:0710,709.23,309.16,25.54,11.35,9.31,0.0
20230530:0810,1314.21,530.19,35.09,12.03,9.31,0.0
20230530:0910,1833.3,741.08,44.33,12.81,9.24,0.0
20230530:1010,2179.86,901.0,52.61,13.62,8.41,0.0
20230530:1110,2429.85,1025.34,58.83,14.37,8.07,0.0
20230530:1210,2480.01,1058.9,61.39,15.02,7.59,0.0
20230530:1310,2390.16,1026.67,59.29,15.55,6.69,0.0
20230530:1410,2152.44,918.93,53.37,15.93,5.93,0.0
20230530:1510,1793.43,754.45,45.24,16.17,5.52,0.0
20230530:1610,1336.44,558.92,36.07,16.22,5.31,0.0
20230530:1710,760.62,337.88,26.53,16.17,5.45,0.0
20230530:1810,196.44,125.9,17.08,16.0,5.59,0.0
20230530:1910,67.05,41.1,8.05,15.65,5.59,0.0
20230530:2010,0.0,0.0,0.0,15.02,5.86,0.0
20230530:2110,0.0,0.0,0.0,14.55,6.21,0.0
20230530:2210,0.0,0.0,0.0,14.31,5.93,0.0
20230530:2310,0.0,0.0,0.0,13.85,6.48,0.0
20230531:0010,0.0,0.0,0.0,13.43,6.83,0.0
20230531:0110,0.0,0.0,0.0,13.07,6.9,0.0
20230531:0210,0.0,0.0,0.0,12.82,7.1,0.0
20230531:0310,0.0,0.0,0.0,12.54,7.17,0.0
20230531:0410,0.0,0.0,0.0,12.33,7.03,0.0
20230531:0510,25.08,20.99,7.25,12.07,7.31,0.0
20230531:0610,187.8,90.98,16.21,12.0,8.07,0.0
20230531:0710,283.86,127.76,25.63,12.14,8.41,0.0
20230531:0810,279.27,126.09,35.17,12.42,8.14,0.0
20230531:0910,317.01,140.92,44.42,12.75,8.07,0.0
20230531:1010,481.95,204.89,52.72,12.92,7.72,0.0
20230531:1110,1233.36,503.14,58.96,13.34,7.31,0.0
20230531:1210,2398.08,1018.09,61.53,13.98,7.1,0.0
20230531:1310,2369.97,1009.75,59.44,14.62,6.83,0.0
20230531:1410,2127.33,904.8,53.52,15.42,5.86,0.0
20230531:1510,1786.59,755.4,45.38,16.08,4.83,0.0
20230531:1610,1322.52,556.95,36.19,16.26,4.21,0.0
20230531:1710,750.66,335.26,26.66,16.51,4.21,0.0
20230531:1810,197.07,126.25,17.21,16.38,4.34,0.0
20230531:1910,63.0,39.35,8.19,16.03,4.55,0.0
20230531:2010,0.0,0.0,0.0,15.56,5.38,0.0
20230531:2110,0.0,0.0,0.0,15.21,6.21,0.0
20230531:2210,0.0,0.0,0.0,14.79,5.72,0.0
20230531:2310,0.0,0.0,0.0,14.26,6.28,0.0
20230601:0010,0.0,0.0,0.0,13.72,6.9,0.0
20230601:0110,0.0,0.0,0.0,13.22,7.38,0.0
20230601:0210,0.0,0.0,0.0,12.71,7.52,0.0
20230601:0310,0.0,0.0,0.0,12.27,7.66,0.0
20230601:0410,0.0,0.0,0.0,11.98,7.86,0.0
20230601:0510,54.69,34.98,7.34,11.76,8.07,0.0
20230601:0610,165.6,108.05,16.29,11.91,8.21,0.0
20230601:0710,711.69,313.07,25.71,12.37,8.07,0.0
20230601:0810,1307.91,533.45,35.25,13.14,7.79,0.0
20230601:0910,1787.85,732.81,44.5,13.84,7.45,0.0
20230601:1010,2130.0,890.7,52.82,14.21,7.03,0.0
20230601:1110,2367.66,1007.52,59.08,14.75,7.03,0.0
20230601:1210,2449.47,1051.9,61.67,15.25,6.97,0.0
20230601:1310,2371.05,1019.84,59.58,15.73,6.55,0.0
20230601:1410,2148.66,914.71,53.65,16.05,6.28,0.0
20230601:1510,1810.11,760.58,45.5,16.23,5.79,0.0
20230601:1610,1342.08,560.97,36.32,16.34,5.52,0.0
20230601:1710,758.73,336.78,26.78,16.34,5.38,0.0
20230601:1810,198.75,127.69,17.33,16.16,5.17,0.0
20230601:1910,65.04,40.23,8.32,15.78,4.76,0.0
20230601:2010,0.0,0.0,0.0,15.11,4.62,0.0
20230601:2110,0.0,0.0,0.0,14.4,4.83,0.0
20230601:2210,0.0,0.0,0.0,14.34,5.17,0.0
20230601:2310,0.0,0.0,0.0,14.09,5.72,0.0
20230602:0010,0.0,0.0,0.0,13.72,6.41,0.0
20230602:0110,0.0,0.0,0.0,13.33,6.9,0.0
20230602:0210,0.0,0.0,0.0,12.81,7.24,0.0
20230602:0310,0.0,0.0,0.0,12.32,7.93,0.0
20230602:0410,0.0,0.0,0.0,11.8,8.14,0.0
20230602:0510,21.78,19.24,7.42,11.48,8.34,0.0
20230602:0610,188.25,90.55,16.36,11.4,8.62,0.0
20230602:0710,527.67,224.58,25.78,11.45,8.34,0.0
20230602:0810,803.7,327.99,35.32,11.74,8.14,0.0
20230602:0910,1158.9,468.02,44.58,12.18,7.86,0.0
20230602:1010,1853.13,761.24,52.91,12.53,7.03,0.0
20230602:1110,2294.64,967.07,59.19,12.97,6.69,0.0
20230602:1210,2442.54,1042.94,61.8,13.37,6.48,0.0
20230602:1310,2379.69,1017.01,59.72,13.81,6.21,0.0
20230602:1410,2158.14,912.13,53.78,14.26,6.07,0.0
20230602:1510,1829.97,762.66,45.63,14.62,5.86,0.0
20230602:1610,1351.35,561.2,36.44,14.84,5.38,0.0
20230602:1710,762.12,336.23,26.9,14.7,4.48,0.0
20230602:1810,208.35,129.67,17.45,14.51,3.45,0.0
20230602:1910,67.44,41.1,8.44,14.2,2.41,0.0
20230602:2010,0.0,0.0,0.0,13.5,1.93,0.0
20230602:2110,0.0,0.0,0.0,12.99,2.07,0.0
20230602:2210,0.0,0.0,0.0,12.8,2.9,0.0
20230602:2310,0.0,0.0,0.0,12.92,3.45,0.0
20230603:0010,0.0,0.0,0.0,12.82,4.14,0.0
20230603:0110,0.0,0.0,0.0,12.52,4.55,0.0
20230603:0210,0.0,0.0,0.0,12.2,4.55,0.0
20230603:0310,0.0,0.0,0.0,11.9,5.17,0.0
20230603:0410,0.0,0.0,0.0,11.69,5.59,0.0
20230603:0510,68.58,41.1,7.5,11.45,5.93,0.0
20230603:0610,246.9,120.8,16.43,11.55,6.21,0.0
20230603:0710,700.71,308.2,25.84,11.98,6.28,0.0
20230603:0810,1253.94,513.56,35.39,12.61,6.14,0.0
20230603:0910,1764.12,728.04,44.66,13.41,6.0,0.0
20230603:1010,2104.62,890.16,52.99,14.21,5.66,0.0
20230603:1110,2364.51,1023.6,59.29,14.72,5.45,0.0
20230603:1210,2397.33,1046.4,61.93,15.25,5.31,0.0
20230603:1310,2315.73,1009.61,59.85,15.53,5.03,0.0
20230603:1410,2101.59,905.01,53.91,15.79,4.83,0.0
20230603:1510,1803.54,765.87,45.75,16.04,4.48,0.0
20230603:1610,1334.49,563.16,36.56,16.41,4.07,0.0
20230603:1710,756.9,337.85,27.02,16.58,3.79,0.0
20230603:1810,207.81,130.34,17.57,16.5,3.24,0.0
20230603:1910,66.69,41.1,8.56,16.33,2.48,0.0
20230603:2010,0.0,0.0,0.0,15.53,2.69,0.0
20230603:2110,0.0,0.0,0.0,14.8,2.97,0.0
20230603:2210,0.0,0.0,0.0,14.4,2.76,0.0
20230603:2310,0.0,0.0,0.0,14.14,3.1,0.0
20230604:0010,0.0,0.0,0.0,14.15,3.66,0.0
20230604:0110,0.0,0.0,0.0,14.0,4.48,0.0
20230604:0210,0.0,0.0,0.0,13.88,5.31,0.0
20230604:0310,0.0,0.0,0.0,13.62,6.21,0.0
20230604:0410,0.0,0.0,0.0,13.28,6.69,0.0
20230604:0510,58.17,36.73,7.57,13.01,6.69,0.0
20230604:0610,162.3,107.75,16.5,13.28,6.76,0.0
20230604:0710,706.26,314.34,25.91,13.84,6.76,0.0
20230604:0810,1307.07,539.09,35.45,14.48,6.76,0.0
20230604:0910,1790.43,742.74,44.72,15.21,6.69,0.0
20230604:1010,2133.96,907.35,53.07,15.81,6.14,0.0
20230604:1110,2361.15,1021.06,59.39,16.31,6.28,0.0
20230604:1210,2412.66,1049.9,62.05,16.78,6.34,0.0
20230604:1310,2326.26,1007.18,59.98,17.1,6.41,0.0
20230604:1410,2143.59,919.0,54.03,17.39,6.28,0.0
20230604:1510,1812.51,764.86,45.86,17.56,6.14,0.0
20230604:1610,1339.5,562.42,36.67,17.77,5.93,0.0
20230604:1710,766.74,341.78,27.13,17.69,5.59,0.0
20230604:1810,206.28,131.54,17.69,17.45,4.9,0.0
20230604:1910,68.52,41.97,8.68,16.93,4.28,0.0
20230604:2010,0.0,0.0,0.0,15.93,4.21,0.0
20230604:2110,0.0,0.0,0.0,15.05,4.14,0.0
20230604:2210,0.0,0.0,0.0,14.53,4.34,0.0
20230604:2310,0.0,0.0,0.0,14.04,4.41,0.0
20230605:0010,0.0,0.0,0.0,13.72,4.69,0.0
20230605:0110,0.0,0.0,0.0,13.69,5.1,0.0
20230605:0210,0.0,0.0,0.0,13.56,5.72,0.0
20230605:0310,0.0,0.0,0.0,13.36,6.41,0.0
20230605:0410,0.0,0.0,0.0,13.11,6.55,0.0
20230605:0510,70.05,41.97,7.64,12.88,6.41,0.0
20230605:0610,173.85,110.15,16.56,13.02,6.69,0.0
20230605:0710,704.97,312.68,25.96,13.23,6.76,0.0
20230605:0810,1310.01,538.2,35.51,13.59,6.69,0.0
20230605:0910,1803.03,744.7,44.78,14.07,6.55,0.0
20230605:1010,2139.06,904.84,53.15,14.55,6.0,0.0
20230605:1110,2373.18,1024.3,59.49,15.12,5.93,0.0
20230605:1210,2413.8,1052.14,62.16,15.6,5.66,0.0
20230605:1310,2315.07,1009.49,60.1,15.89,5.17,0.0
20230605:1410,2100.78,906.16,54.15,16.09,4.83,0.0
20230605:1510,1787.1,759.61,45.98,16.22,4.41,0.0
20230605:1610,1323.27,557.36,36.78,16.22,4.14,0.0
20230605:1710,759.99,337.28,27.24,16.13,3.93,0.0
20230605:1810,230.73,135.17,17.8,15.88,3.72,0.0
20230605:1910,82.98,48.1,8.79,15.35,3.24,0.0
20230605:2010,0.0,0.0,0.0,14.44,2.9,0.0
20230605:2110,0.0,0.0,0.0,14.18,2.9,0.0
20230605:2210,0.0,0.0,0.0,13.82,3.1,0.0
20230605:2310,0.0,0.0,0.0,13.46,3.66,0.0
20230606:0010,0.0,0.0,0.0,13.49,4.62,0.0
20230606:0110,0.0,0.0,0.0,13.29,5.24,0.0
20230606:0210,0.0,0.0,0.0,12.99,5.38,0.0
20230606:0310,0.0,0.0,0.0,12.67,5.86,0.0
20230606:0410,0.0,0.0,0.0,12.3,6.62,0.0
20230606:0510,72.42,42.85,7.69,11.97,6.83,0.0
20230606:0610,229.2,120.98,16.61,11.88,7.1,0.0
20230606:0710,0.0,0.0,0.0,12.14,7.24,0.0
20230606:0810,1249.8,509.17,35.56,12.54,7.31,0.0
20230606:0910,1752.12,715.93,44.84,13.0,7.17,0.0
20230606:1010,2121.09,883.95,53.21,13.73,7.1,0.0
20230606:1110,2368.41,1006.52,59.57,14.15,6.83,0.0
20230606:1210,2441.28,1047.23,62.27,14.61,6.69,0.0
20230606:1310,2344.5,1004.57,60.21,15.03,6.41,0.0
20230606:1410,2122.35,901.49,54.26,15.23,5.93,0.0
20230606:1510,1789.35,752.28,46.08,15.47,5.17,0.0
20230606:1610,1336.65,558.66,36.88,15.47,4.76,0.0
20230606:1710,767.85,338.57,27.34,15.38,4.55,0.0
20230606:1810,226.77,134.97,17.9,15.18,4.41,0.0
20230606:1910,83.25,48.1,8.9,14.84,3.93,0.0
20230606:2010,0.0,0.0,0.0,14.24,3.45,0.0
20230606:2110,0.0,0.0,0.0,13.75,3.59,0.0
20230606:2210,0.0,0.0,0.0,13.72,3.93,0.0
20230606:2310,0.0,0.0,0.0,13.59,4.55,0.0
20230607:0010,0.0,0.0,0.0,13.38,5.24,0.0
20230607:0110,0.0,0.0,0.0,13.08,5.72,0.0
20230607:0210,0.0,0.0,0.0,12.72,6.34,0.0
20230607:0310,0.0,0.0,0.0,12.28,7.03,0.0
20230607:0410,0.0,0.0,0.0,11.9,7.38,0.0
20230607:0510,76.59,44.6,7.75,11.67,7.59,0.0
20230607:0610,248.76,121.21,16.66,11.83,7.93,0.0
20230607:0710,677.49,295.39,26.05,12.38,8.0,0.0
20230607:0810,1244.58,506.37,35.6,13.13,8.41,0.0
20230607:0910,1749.99,712.88,44.89,13.94,8.48,0.0
20230607:1010,2153.4,891.24,53.28,14.38,8.62,0.0
20230607:1110,2374.38,998.42,59.65,15.08,8.62,0.0
20230607:1210,2435.49,1031.96,62.36,15.75,8.62,0.0
20230607:1310,2333.13,989.26,60.32,16.18,8.14,0.0
20230607:1410,2131.89,893.8,54.36,16.51,8.34,0.0
20230607:1510,1791.09,741.81,46.19,16.73,8.21,0.0
20230607:1610,1326.15,547.92,36.98,16.75,8.21,0.0
20230607:1710,764.07,335.23,27.44,16.71,8.07,0.0
20230607:1810,228.48,135.5,18.0,16.57,7.93,0.0
20230607:1910,82.83,48.1,9.0,16.19,7.86,0.0
20230607:2010,0.0,0.0,0.0,15.8,7.93,0.0
20230607:2110,0.0,0.0,0.0,15.39,7.93,0.0
20230607:2210,0.0,0.0,0.0,15.24,8.41,0.0
20230607:2310,0.0,0.0,0.0,15.06,8.55,0.0
20230608:0010,0.0,0.0,0.0,14.99,8.83,0.0
20230608:0110,0.0,0.0,0.0,14.7,9.24,0.0
20230608:0210,0.0,0.0,0.0,14.35,9.93,0.0
20230608:0310,0.0,0.0,0.0,14.0,10.21,0.0
20230608:0410,0.0,0.0,0.0,13.71,10.14,0.0
20230608:0510,69.9,41.97,7.8,13.54,10.28,0.0
20230608:0610,184.71,111.89,16.7,13.61,10.41,0.0
20230608:0710,700.53,309.87,26.09,13.93,10.41,0.0
20230608:0810,1258.05,511.56,35.64,14.47,10.69,0.0
20230608:0910,1753.5,709.81,44.93,15.0,11.1,0.0
20230608:1010,2086.62,856.24,53.33,15.38,10.69,0.0
20230608:1110,2333.7,969.63,59.72,15.81,10.76,0.0
20230608:1210,2383.92,996.01,62.46,16.24,10.76,0.0
20230608:1310,2291.19,954.53,60.42,16.4,10.69,0.0
20230608:1410,2078.19,859.16,54.47,16.54,10.48,0.0
20230608:1510,1619.16,661.5,46.29,16.53,10.48,0.0
20230608:1610,1222.23,501.67,37.08,16.73,10.21,0.0
20230608:1710,666.54,287.57,27.54,16.77,9.66,0.0
20230608:1810,259.89,140.49,18.1,16.71,9.24,0.0
20230608:1910,88.8,50.72,9.1,16.46,9.38,0.0
20230608:2010,0.0,0.0,0.0,16.14,9.38,0.0
20230608:2110,0.0,0.0,0.0,15.98,9.66,0.0
20230608:2210,0.0,0.0,0.0,15.65,9.52,0.0
20230608:2310,0.0,0.0,0.0,15.45,9.24,0.0
20230609:0010,0.0,0.0,0.0,15.32,9.1,0.0
20230609:0110,0.0,0.0,0.0,15.15,9.17,0.0
20230609:0210,0.0,0.0,0.0,14.9,9.1,0.0
20230609:0310,0.0,0.0,0.0,14.72,9.1,0.0
20230609:0410,0.0,0.0,0.0,14.61,9.24,0.0
20230609:0510,73.5,43.72,7.84,14.58,9.38,0.0
20230609:0610,201.54,114.24,16.73,14.59,9.31,0.0
20230609:0710,539.52,233.47,26.13,14.82,9.45,0.0
20230609:0810,884.07,364.18,35.68,15.22,9.45,0.0
20230609:0910,888.51,365.91,44.97,15.69,9.38,0.0
20230609:1010,2009.91,838.76,53.38,16.45,8.14,0.0
20230609:1110,1941.48,814.75,59.79,17.04,8.0,0.0
20230609:1210,2088.54,885.05,62.54,17.38,7.79,0.0
20230609:1310,1677.48,703.85,60.51,17.86,7.45,0.0
20230609:1410,615.54,263.14,54.56,18.2,7.03,0.0
20230609:1510,289.56,133.5,46.38,18.23,6.55,0.0
20230609:1610,145.2,75.1,37.17,18.45,6.0,0.0
20230609:1710,160.86,81.59,27.63,18.28,5.03,0.0
20230609:1810,210.27,102.61,18.19,18.09,4.69,0.0
20230609:1910,2.49,7.87,9.2,17.94,5.31,0.0
20230609:2010,0.0,0.0,0.0,17.36,5.86,0.0
20230609:2110,0.0,0.0,0.0,16.84,6.21,0.0
20230609:2210,0.0,0.0,0.0,16.02,5.45,0.0
20230609:2310,0.0,0.0,0.0,16.26,5.17,0.0
20230610:0010,0.0,0.0,0.0,16.16,5.24,0.0
20230610:0110,0.0,0.0,0.0,15.91,6.14,0.0
20230610:0210,0.0,0.0,0.0,15.65,6.14,0.0
20230610:0310,0.0,0.0,0.0,15.57,5.79,0.0
20230610:0410,0.0,0.0,0.0,15.44,5.1,0.0
20230610:0510,1.47,7.0,7.87,15.34,4.55,0.0
20230610:0610,193.17,94.77,16.76,15.27,3.93,0.0
20230610:0710,341.76,153.38,26.15,15.32,4.21,0.0
20230610:0810,220.65,104.76,35.7,15.28,4.34,0.0
20230610:0910,530.19,227.66,45.0,15.32,3.86,0.0
20230610:1010,756.06,318.88,53.42,16.02,4.28,0.0
20230610:1110,1880.49,813.85,59.85,16.05,3.66,0.0
20230610:1210,974.61,413.22,62.62,16.05,2.41,0.0
20230610:1310,804.81,342.67,60.6,16.2,2.14,0.0
20230610:1410,650.25,278.5,54.65,16.49,2.62,0.0
20230610:1510,551.43,237.9,46.47,16.47,3.1,0.0
20230610:1610,556.62,239.31,37.26,16.24,3.59,0.0
20230610:1710,737.43,326.72,27.72,16.09,3.79,0.0
20230610:1810,220.5,134.76,18.28,15.85,4.07,0.0
20230610:1910,76.89,45.47,9.29,15.64,3.86,0.0
20230610:2010,0.0,0.0,0.0,15.36,3.24,0.0
20230610:2110,0.0,0.0,0.0,15.18,2.62,0.0
20230610:2210,0.0,0.0,0.0,14.9,2.28,0.0
20230610:2310,0.0,0.0,0.0,14.87,1.93,0.0
20230611:0010,0.0,0.0,0.0,14.87,1.24,0.0
20230611:0110,0.0,0.0,0.0,14.74,1.52,0.0
20230611:0210,0.0,0.0,0.0,14.48,2.07,0.0
20230611:0310,0.0,0.0,0.0,14.3,2.34,0.0
20230611:0410,0.0,0.0,0.0,14.5,2.21,0.0
20230611:0510,53.76,34.98,7.9,14.39,1.72,0.0
20230611:0610,233.91,113.92,16.79,14.61,1.24,0.0
20230611:0710,532.14,235.68,26.17,15.08,0.97,0.0
20230611:0810,924.72,393.96,35.72,15.63,1.52,0.0
20230611:0910,1051.68,445.95,45.03,15.88,1.93,0.0
20230611:1010,1542.12,663.28,53.46,15.94,2.41,0.0
20230611:1110,1927.92,843.82,59.9,16.1,3.1,0.0
20230611:1210,2105.58,928.76,62.69,16.19,3.52,0.0
20230611:1310,1784.94,765.38,60.69,16.32,4.21,0.0
20230611:1410,1883.37,805.93,54.74,16.39,4.62,0.0
20230611:1510,1433.28,602.46,46.55,16.17,4.21,0.0
20230611:1610,1213.59,511.12,37.35,16.26,3.72,0.0
20230611:1710,755.49,335.71,27.81,16.63,3.79,0.0
20230611:1810,260.64,141.06,18.37,16.87,4.14,0.0
20230611:1910,94.41,53.34,9.37,17.0,4.41,0.0
20230611:2010,0.0,0.0,0.0,16.7,4.76,0.0
20230611:2110,0.0,0.0,0.0,16.27,4.9,0.0
20230611:2210,0.0,0.0,0.0,15.83,4.28,0.0
20230611:2310,0.0,0.0,0.0,15.48,4.41,0.0
20230612:0010,0.0,0.0,0.0,15.22,4.41,0.0
20230612:0110,0.0,0.0,0.0,15.03,4.07,0.0
20230612:0210,0.0,0.0,0.0,14.94,4.14,0.0
20230612:0310,0.0,0.0,0.0,14.9,4.0,0.0
20230612:0410,0.0,0.0,0.0,14.89,4.0,0.0
20230612:0510,71.25,42.85,7.93,14.84,3.93,0.0
20230612:0610,239.28,116.62,16.81,14.72,4.14,0.0
20230612:0710,623.01,276.73,26.19,15.07,3.72,0.0
20230612:0810,1214.13,513.09,35.74,15.63,3.31,0.0
20230612:0910,0.0,0.0,0.0,16.29,3.24,0.0
20230612:1010,1689.45,726.91,53.49,16.9,3.45,0.0
20230612:1110,1988.28,877.2,59.95,17.37,3.31,0.0
20230612:1210,1481.97,636.85,62.76,17.62,3.31,0.0
20230612:1310,866.31,368.99,60.76,17.83,3.24,0.0
20230612:1410,810.03,344.77,54.82,17.64,3.38,0.0
20230612:1510,1469.49,627.47,46.63,17.9,3.52,0.0
20230612:1610,823.65,349.97,37.43,17.94,3.79,0.0
20230612:1710,560.73,245.81,27.88,17.96,4.21,0.0
20230612:1810,253.14,121.66,18.45,17.84,4.69,0.0
20230612:1910,3.63,8.74,9.45,17.55,5.1,0.0
20230612:2010,0.0,0.0,0.0,17.06,4.9,0.0
20230612:2110,0.0,0.0,0.0,16.53,4.48,0.0
20230612:2210,0.0,0.0,0.0,16.06,4.34,0.0
20230612:2310,0.0,0.0,0.0,15.81,3.31,0.0
20230613:0010,0.0,0.0,0.0,15.64,2.83,0.0
20230613:0110,0.0,0.0,0.0,15.43,3.38,0.0
20230613:0210,0.0,0.0,0.0,15.21,3.45,0.0
20230613:0310,0.0,0.0,0.0,14.97,2.83,0.0
20230613:0410,0.0,0.0,0.0,14.8,2.76,0.0
20230613:0510,71.31,42.85,7.94,14.57,2.97,0.0
20230613:0610,163.89,106.44,16.82,14.92,3.17,0.0
20230613:0710,664.74,302.32,26.2,15.54,3.17,0.0
20230613:0810,824.55,350.49,35.75,16.43,2.55,0.0
20230613:0910,1458.06,631.3,45.06,17.24,1.86,0.0
20230613:1010,1802.31,819.56,53.51,18.59,1.03,0.0
20230613:1110,2045.01,980.72,59.99,19.12,0.34,0.0
20230613:1210,2084.07,997.16,62.81,19.18,0.62,0.0
20230613:1310,1841.64,842.7,60.84,19.11,1.24,0.0
20230613:1410,1079.88,466.87,54.89,19.25,1.93,0.0
20230613:1510,1505.55,652.94,46.71,18.95,2.69,0.0
20230613:1610,1216.29,519.21,37.5,18.46,3.38,0.0
20230613:1710,651.03,286.66,27.96,18.03,3.52,0.0
20230613:1810,243.48,140.72,18.52,17.86,3.45,0.0
20230613:1910,89.73,51.59,9.53,18.26,3.38,0.0
20230613:2010,0.0,0.0,0.0,17.89,3.31,0.0
20230613:2110,0.0,0.0,0.0,17.47,3.38,0.0
20230613:2210,0.0,0.0,0.0,17.69,2.97,0.0
20230613:2310,0.0,0.0,0.0,17.3,2.41,0.0
20230614:0010,0.0,0.0,0.0,17.2,2.41,0.0
20230614:0110,0.0,0.0,0.0,17.66,3.31,0.0
20230614:0210,0.0,0.0,0.0,17.69,3.59,0.0
20230614:0310,0.0,0.0,0.0,17.04,3.38,0.0
20230614:0410,0.0,0.0,0.0,16.58,3.24,0.0
20230614:0510,72.57,43.72,7.96,16.5,3.31,0.0
20230614:0610,177.21,109.89,16.83,17.1,3.66,0.0
20230614:0710,650.1,296.41,26.21,17.53,3.52,0.0
20230614:0810,1195.98,512.36,35.76,17.95,3.03,0.0
20230614:0910,1640.07,715.8,45.07,18.35,2.41,0.0
20230614:1010,1891.05,850.89,53.53,18.61,1.93,0.0
20230614:1110,2140.56,989.23,60.02,18.66,1.93,0.0
20230614:1210,2203.35,1030.13,62.87,18.95,1.86,0.0
20230614:1310,2146.77,995.31,60.9,19.02,1.93,0.0
20230614:1410,1952.76,884.82,54.96,19.04,2.0,0.0
20230614:1510,1604.76,702.95,46.78,18.72,2.21,0.0
20230614:1610,1336.56,577.42,37.57,18.45,2.48,0.0
20230614:1710,785.46,353.7,28.03,18.16,2.83,0.0
20230614:1810,240.81,141.44,18.59,17.79,2.97,0.0
20230614:1910,100.11,55.97,9.6,17.56,2.69,0.0
20230614:2010,0.0,0.0,0.0,17.16,2.41,0.0
20230614:2110,0.0,0.0,0.0,17.03,2.34,0.0
20230614:2210,0.0,0.0,0.0,16.84,2.0,0.0
20230614:2310,0.0,0.0,0.0,16.73,2.14,0.0
20230615:0010,0.0,0.0,0.0,16.45,2.07,0.0
20230615:0110,0.0,0.0,0.0,16.02,1.79,0.0
20230615:0210,0.0,0.0,0.0,15.68,1.72,0.0
20230615:0310,0.0,0.0,0.0,15.61,2.21,0.0
20230615:0410,0.0,0.0,0.0,15.57,2.55,0.0
20230615:0510,72.84,43.72,7.96,15.68,2.41,0.0
20230615:0610,193.71,113.9,16.83,16.19,2.28,0.0
20230615:0710,646.59,294.48,26.21,16.82,2.28,0.0
20230615:0810,1159.02,497.65,35.76,17.46,2.34,0.0
20230615:0910,1549.05,672.45,45.08,17.98,2.34,0.0
20230615:1010,1904.13,855.93,53.54,18.88,2.14,0.0
20230615:1110,2143.56,976.69,60.04,18.97,2.69,0.0
20230615:1210,2226.72,1017.42,62.91,19.09,3.03,0.0
20230615:1310,2162.49,983.69,60.96,19.21,2.97,0.0
20230615:1410,1981.5,890.06,55.03,19.09,2.62,0.0
20230615:1510,1673.37,736.84,46.85,19.12,2.28,0.0
20230615:1610,1236.24,536.96,37.64,19.03,1.86,0.0
20230615:1710,733.26,330.49,28.1,18.87,1.59,0.0
20230615:1810,271.11,146.66,18.66,18.48,1.45,0.0
20230615:1910,97.65,55.09,9.66,17.97,0.62,0.0
20230615:2010,0.0,0.0,0.0,17.27,1.17,0.0
20230615:2110,0.0,0.0,0.0,17.23,0.62,0.0
20230615:2210,0.0,0.0,0.0,16.99,0.69,0.0
20230615:2310,0.0,0.0,0.0,16.99,0.83,0.0
20230616:0010,0.0,0.0,0.0,16.56,1.17,0.0
20230616:0110,0.0,0.0,0.0,16.41,1.59,0.0
20230616:0210,0.0,0.0,0.0,16.11,2.0,0.0
20230616:0310,0.0,0.0,0.0,15.77,2.55,0.0
20230616:0410,0.0,0.0,0.0,15.89,2.62,0.0
20230616:0510,74.79,44.6,7.97,15.69,2.0,0.0
20230616:0610,194.94,113.39,16.83,16.17,1.93,0.0
20230616:0710,439.98,196.11,26.2,16.73,1.72,0.0
20230616:0810,824.46,353.91,35.75,17.49,1.79,0.0
20230616:0910,1410.87,611.51,45.08,18.15,2.0,0.0
20230616:1010,1752.84,774.31,53.54,18.73,2.48,0.0
20230616:1110,2105.67,947.5,60.06,18.93,3.17,0.0
20230616:1210,2101.14,939.95,62.95,19.01,3.66,0.0
20230616:1310,1911.0,839.68,61.01,18.73,3.86,0.0
20230616:1410,1990.35,875.98,55.09,18.64,3.79,0.0
20230616:1510,1694.31,733.53,46.91,18.66,3.45,0.0
20230616:1610,1261.56,542.94,37.7,18.47,2.55,0.0
20230616:1710,295.41,137.06,28.16,18.17,1.17,0.0
20230616:1810,278.19,134.62,18.72,17.68,0.55,0.0
20230616:1910,8.82,12.24,9.72,17.33,0.48,0.0
20230616:2010,0.0,0.87,1.5,17.08,0.34,0.0
20230616:2110,0.0,0.0,0.0,16.68,0.21,0.0
20230616:2210,0.0,0.0,0.0,15.95,0.83,0.0
20230616:2310,0.0,0.0,0.0,15.71,0.83,0.0
20230617:0010,0.0,0.0,0.0,15.76,1.52,0.0
20230617:0110,0.0,0.0,0.0,15.82,1.45,0.0
20230617:0210,0.0,0.0,0.0,15.87,1.31,0.0
20230617:0310,0.0,0.0,0.0,15.93,1.17,0.0
20230617:0410,0.0,0.0,0.0,15.94,1.72,0.0
20230617:0510,49.59,33.23,7.96,15.87,2.21,0.0
20230617:0610,221.61,117.62,16.82,15.92,2.28,0.0
20230617:0710,438.69,194.92,26.19,16.2,2.21,0.0
20230617:0810,965.16,412.57,35.75,16.7,1.86,0.0
20230617:0910,1480.14,641.24,45.07,17.2,1.86,0.0
20230617:1010,1814.91,798.41,53.54,17.53,2.55,0.0
20230617:1110,1379.28,596.49,60.08,17.92,2.34,0.0
20230617:1210,1605.48,699.4,62.98,17.88,2.76,0.0
20230617:1310,1642.68,713.1,61.06,17.87,3.17,0.0
20230617:1410,1528.02,661.54,55.14,17.83,2.69,0.0
20230617:1510,1449.51,626.11,46.96,18.06,2.41,0.0
20230617:1610,852.96,364.76,37.76,18.04,2.48,0.0
20230617:1710,616.65,271.83,28.21,17.88,2.28,0.0
20230617:1810,286.95,140.17,18.78,17.65,2.07,0.0
20230617:1910,98.19,55.09,9.78,17.2,2.14,0.0
20230617:2010,0.0,0.87,1.55,16.89,2.0,0.0
20230617:2110,0.0,0.0,0.0,16.56,2.0,0.0
20230617:2210,0.0,0.0,0.0,16.29,1.86,0.0
20230617:2310,0.0,0.0,0.0,16.02,2.21,0.0
20230618:0010,0.0,0.0,0.0,15.96,1.66,0.0
20230618:0110,0.0,0.0,0.0,15.92,1.38,0.0
20230618:0210,0.0,0.0,0.0,15.81,1.66,0.0
20230618:0310,0.0,0.0,0.0,15.87,1.72,0.0
20230618:0410,0.0,0.0,0.0,15.84,1.31,0.0
20230618:0510,74.73,44.6,7.95,15.64,0.9,0.0
20230618:0610,235.68,116.57,16.81,15.87,1.45,0.0
20230618:0710,449.07,199.74,26.18,16.29,1.66,0.0
20230618:0810,673.29,289.14,35.73,16.7,1.93,0.0
20230618:0910,871.65,371.4,45.06,17.0,2.07,0.0
20230618:1010,806.4,344.07,53.54,17.45,2.69,0.0
20230618:1110,500.28,217.87,60.08,17.57,4.14,0.0
20230618:1210,551.4,238.27,63.0,17.44,4.21,0.0
20230618:1310,1324.23,559.78,61.09,17.28,4.41,0.0
20230618:1410,364.44,163.17,55.19,17.3,4.55,0.0
20230618:1510,711.63,302.08,47.01,17.21,4.55,0.0
20230618:1610,636.51,271.75,37.81,17.37,4.83,0.0
20230618:1710,628.08,273.59,28.27,17.37,4.69,0.0
20230618:1810,290.91,147.0,18.83,17.3,4.48,0.0
20230618:1910,100.59,55.97,9.83,16.88,4.28,0.0
20230618:2010,0.0,0.87,1.6,16.72,4.0,0.0
20230618:2110,0.0,0.0,0.0,16.53,4.07,0.0
20230618:2210,0.0,0.0,0.0,16.46,5.03,0.0
20230618:2310,0.0,0.0,0.0,16.43,4.41,0.0
20230619:0010,0.0,0.0,0.0,16.44,3.72,0.0
20230619:0110,0.0,0.0,0.0,16.28,3.79,0.0
20230619:0210,0.0,0.0,0.0,16.22,4.07,0.0
20230619:0310,0.0,0.0,0.0,16.16,4.14,0.0
20230619:0410,0.0,0.0,0.0,16.08,4.0,0.0
20230619:0510,76.74,45.47,7.94,16.04,4.21,0.0
20230619:0610,216.36,117.37,16.79,16.24,4.76,0.0
20230619:0710,630.78,282.95,26.16,16.6,4.76,0.0
20230619:0810,1037.64,436.68,35.71,16.92,4.69,0.0
20230619:0910,1522.35,641.3,45.04,17.1,4.83,0.0
20230619:1010,1672.56,711.83,53.53,17.49,4.83,0.0
20230619:1110,2044.92,880.89,60.08,17.66,5.72,0.0
20230619:1210,2015.13,865.86,63.02,17.68,6.0,0.0
20230619:1310,1986.51,856.14,61.13,17.8,5.52,0.0
20230619:1410,2069.58,896.42,55.23,17.85,5.1,0.0
20230619:1510,1760.37,751.45,47.06,17.86,4.69,0.0
20230619:1610,1312.23,555.81,37.85,17.73,4.21,0.0
20230619:1710,613.23,268.11,28.31,17.56,3.59,0.0
20230619:1810,269.61,147.84,18.87,17.38,3.31,0.0
20230619:1910,84.21,48.97,9.87,17.12,2.97,0.0
20230619:2010,0.0,0.87,1.64,16.79,2.62,0.0
20230619:2110,0.0,0.0,0.0,16.6,2.69,0.0
20230619:2210,0.0,0.0,0.0,16.25,3.1,0.0
20230619:2310,0.0,0.0,0.0,16.17,2.21,0.0
20230620:0010,0.0,0.0,0.0,16.16,2.62,0.0
20230620:0110,0.0,0.0,0.0,16.0,2.28,0.0
20230620:0210,0.0,0.0,0.0,15.75,3.93,0.0
20230620:0310,0.0,0.0,0.0,15.72,4.28,0.0
20230620:0410,0.0,0.0,0.0,15.64,3.31,0.0
20230620:0510,53.46,34.98,7.92,15.63,3.52,0.0
20230620:0610,196.74,96.44,16.77,15.72,3.1,0.0
20230620:0710,634.83,290.85,26.13,16.1,1.66,0.0
20230620:0810,1190.91,516.91,35.69,16.62,1.03,0.0
20230620:0910,1488.33,650.36,45.02,17.06,1.24,0.0
20230620:1010,1968.48,868.58,53.51,17.43,2.97,0.0
20230620:1110,2148.21,959.02,60.08,17.7,3.38,0.0
20230620:1210,2173.53,974.79,63.03,17.65,3.31,0.0
20230620:1310,2131.32,955.25,61.15,17.47,3.03,0.0
20230620:1410,1574.37,676.39,55.26,17.77,3.59,0.0
20230620:1510,1410.48,598.23,47.1,17.82,4.07,0.0
20230620:1610,1121.85,473.86,37.9,17.78,4.21,0.0
20230620:1710,653.46,285.18,28.36,17.56,4.55,0.0
20230620:1810,282.78,135.85,18.92,17.42,4.21,0.0
20230620:1910,84.18,48.97,9.91,17.33,3.86,0.0
20230620:2010,0.0,0.87,1.68,17.01,3.45,0.0
20230620:2110,0.0,0.0,0.0,16.74,3.72,0.0
20230620:2210,0.0,0.0,0.0,16.76,3.52,0.0
20230620:2310,0.0,0.0,0.0,16.7,4.41,0.0
20230621:0010,0.0,0.0,0.0,16.54,4.9,0.0
20230621:0110,0.0,0.0,0.0,16.41,4.55,0.0
20230621:0210,0.0,0.0,0.0,16.24,4.28,0.0
20230621:0310,0.0,0.0,0.0,16.23,4.0,0.0
20230621:0410,0.0,0.0,0.0,16.26,3.66,0.0
20230621:0510,57.12,36.73,7.89,16.24,3.79,0.0
20230621:0610,231.39,118.54,16.74,16.46,3.79,0.0
20230621:0710,548.31,242.89,26.1,16.65,3.59,0.0
20230621:0810,878.16,371.71,35.65,17.01,3.79,0.0
20230621:0910,1429.29,604.87,44.99,17.35,4.07,0.0
20230621:1010,1777.92,768.16,53.49,17.82,3.93,0.0
20230621:1110,2065.35,907.15,60.06,17.88,4.21,0.0
20230621:1210,1883.4,817.68,63.03,18.02,4.48,0.0
20230621:1310,1872.27,810.0,61.17,18.16,4.76,0.0
20230621:1410,1967.55,852.51,55.29,18.29,4.83,0.0
20230621:1510,1658.43,708.02,47.13,18.48,4.62,0.0
20230621:1610,1266.84,538.09,37.93,18.5,4.21,0.0
20230621:1710,608.43,266.89,28.39,18.38,3.66,0.0
20230621:1810,293.88,149.42,18.95,18.19,3.1,0.0
20230621:1910,106.02,58.59,9.95,17.96,3.03,0.0
20230621:2010,0.0,0.87,1.71,17.72,2.76,0.0
20230621:2110,0.0,0.0,0.0,17.48,2.48,0.0
20230621:2210,0.0,0.0,0.0,17.11,2.28,0.0
20230621:2310,0.0,0.0,0.0,16.91,2.34,0.0
20230622:0010,0.0,0.0,0.0,16.51,2.14,0.0
20230622:0110,0.0,0.0,0.0,16.17,2.28,0.0
20230622:0210,0.0,0.0,0.0,15.75,2.28,0.0
20230622:0310,0.0,0.0,0.0,15.5,2.62,0.0
20230622:0410,0.0,0.0,0.0,15.38,2.97,0.0
20230622:0510,65.07,40.23,7.86,15.48,2.9,0.0
20230622:0610,152.31,102.24,16.71,15.54,2.62,0.0
20230622:0710,652.41,300.12,26.07,16.23,2.55,0.0
20230622:0810,1203.87,515.9,35.62,17.0,2.55,0.0
20230622:0910,1626.75,712.86,44.95,17.96,1.93,0.0
20230622:1010,1895.01,855.32,53.46,18.63,1.79,0.0
20230622:1110,2124.75,965.43,60.04,18.8,2.69,0.0
20230622:1210,2235.87,1013.68,63.03,18.98,3.45,0.0
20230622:1310,2199.93,981.5,61.19,19.14,4.28,0.0
20230622:1410,2052.33,896.39,55.32,19.34,5.03,0.0
20230622:1510,1736.97,743.21,47.16,19.51,5.31,0.0
20230622:1610,1221.12,517.95,37.96,19.53,5.17,0.0
20230622:1710,753.3,334.11,28.43,19.58,5.1,0.0
20230622:1810,244.5,147.21,18.98,19.39,5.59,0.0
20230622:1910,83.52,48.97,9.98,18.97,5.17,0.0
20230622:2010,0.0,0.87,1.74,18.37,4.48,0.0
20230622:2110,0.0,0.0,0.0,17.63,3.38,0.0
20230622:2210,0.0,0.0,0.0,16.9,2.97,0.0
20230622:2310,0.0,0.0,0.0,16.45,3.03,0.0
20230623:0010,0.0,0.0,0.0,16.15,3.03,0.0
20230623:0110,0.0,0.0,0.0,16.17,2.69,0.0
20230623:0210,0.0,0.0,0.0,15.89,2.97,0.0
20230623:0310,0.0,0.0,0.0,15.59,3.1,0.0
20230623:0410,0.0,0.0,0.0,15.74,3.24,0.0
20230623:0510,55.23,35.85,7.82,16.12,3.52,0.0
20230623:0610,224.88,110.05,16.67,16.5,4.34,0.0
20230623:0710,540.48,238.99,26.03,17.08,5.24,0.0
20230623:0810,992.04,416.35,35.58,17.53,6.07,0.0
20230623:0910,1375.62,575.05,44.92,17.87,6.14,0.0
20230623:1010,1731.42,734.66,53.42,18.3,5.93,0.0
20230623:1110,1754.67,748.46,60.02,18.6,5.93,0.0
20230623:1210,1864.05,799.37,63.02,18.76,6.07,0.0
20230623:1310,1743.57,741.27,61.19,18.95,6.62,0.0
20230623:1410,1768.2,750.08,55.34,19.0,6.76,0.0
20230623:1510,1593.21,670.79,47.19,19.11,6.69,0.0
20230623:1610,1175.37,494.0,37.99,19.16,6.55,0.0
20230623:1710,750.57,330.88,28.45,19.07,6.34,0.0
20230623:1810,266.01,148.1,19.01,18.82,5.93,0.0
20230623:1910,87.69,50.72,10.0,18.56,5.52,0.0
20230623:2010,0.0,0.87,1.76,18.28,5.17,0.0
20230623:2110,0.0,0.0,0.0,18.02,4.9,0.0
20230623:2210,0.0,0.0,0.0,17.76,4.83,0.0
20230623:2310,0.0,0.0,0.0,17.75,4.9,0.0
20230624:0010,0.0,0.0,0.0,17.77,4.97,0.0
20230624:0110,0.0,0.0,0.0,17.83,5.17,0.0
20230624:0210,0.0,0.0,0.0,17.79,5.03,0.0
20230624:0310,0.0,0.0,0.0,17.77,4.83,0.0
20230624:0410,0.0,0.0,0.0,17.74,4.48,0.0
20230624:0510,49.17,33.23,7.78,17.64,4.34,0.0
20230624:0610,183.6,91.62,16.62,17.8,4.21,0.0
20230624:0710,470.67,209.65,25.99,18.03,3.93,0.0
20230624:0810,566.34,245.39,35.54,18.21,3.72,0.0
20230624:0910,863.7,367.35,44.87,18.52,3.72,0.0
20230624:1010,1237.65,526.19,53.38,18.53,3.93,0.0
20230624:1110,2200.74,980.5,59.98,18.59,4.07,0.0
20230624:1210,2238.87,1006.33,63.0,18.81,3.86,0.0
20230624:1310,2208.78,986.3,61.19,19.14,4.21,0.0
20230624:1410,2053.77,900.7,55.35,19.59,4.76,0.0
20230624:1510,1749.12,750.25,47.21,19.67,5.1,0.0
20230624:1610,1316.37,559.57,38.01,19.62,5.03,0.0
20230624:1710,776.64,346.44,28.47,19.52,4.97,0.0
20230624:1810,247.14,146.85,19.03,19.28,5.59,0.0
20230624:1910,81.6,48.1,10.02,18.91,5.93,0.0
20230624:2010,0.0,0.87,1.77,18.41,5.93,0.0
20230624:2110,0.0,0.0,0.0,17.94,6.0,0.0
20230624:2210,0.0,0.0,0.0,18.02,6.62,0.0
20230624:2310,0.0,0.0,0.0,17.97,6.21,0.0
20230625:0010,0.0,0.0,0.0,17.96,5.66,0.0
20230625:0110,0.0,0.0,0.0,17.98,5.45,0.0
20230625:0210,0.0,0.0,0.0,17.97,5.03,0.0
20230625:0310,0.0,0.0,0.0,17.92,4.14,0.0
20230625:0410,0.0,0.0,0.0,18.06,3.52,0.0
20230625:0510,73.83,44.6,7.73,18.32,3.1,0.0
20230625:0610,222.21,116.64,16.57,18.74,3.17,0.0
20230625:0710,613.47,280.73,25.94,18.84,3.93,0.0
20230625:0810,786.87,335.96,35.49,19.08,4.69,0.0
20230625:0910,1053.96,444.7,44.82,19.29,5.52,0.0
20230625:1010,1432.74,602.98,53.34,19.37,6.9,0.0
20230625:1110,2242.17,967.5,59.95,19.35,7.45,0.0
20230625:1210,2289.18,991.32,62.97,19.39,7.52,0.0
20230625:1310,2091.93,896.06,61.18,19.57,7.86,0.0
20230625:1410,1760.52,742.34,55.35,19.54,8.14,0.0
20230625:1510,1727.19,724.55,47.22,19.6,8.21,0.0
20230625:1610,1189.47,496.47,38.03,19.38,8.62,0.0
20230625:1710,748.8,327.4,28.49,19.04,8.48,0.0
20230625:1810,268.89,149.67,19.05,18.58,8.14,0.0
20230625:1910,84.0,48.97,10.03,18.13,7.86,0.0
20230625:2010,0.0,1.75,1.78,17.45,7.45,0.0
20230625:2110,0.0,0.0,0.0,16.8,7.24,0.0
20230625:2210,0.0,0.0,0.0,16.49,6.83,0.0
20230625:2310,0.0,0.0,0.0,16.16,7.17,0.0
20230626:0010,0.0,0.0,0.0,15.9,7.31,0.0
20230626:0110,0.0,0.0,0.0,15.75,7.66,0.0
20230626:0210,0.0,0.0,0.0,15.54,7.45,0.0
20230626:0310,0.0,0.0,0.0,15.44,7.1,0.0
20230626:0410,0.0,0.0,0.0,15.29,6.55,0.0
20230626:0510,73.11,43.72,7.68,15.32,6.14,0.0
20230626:0610,235.5,115.94,16.52,15.72,6.21,0.0
20230626:0710,628.53,281.88,25.88,16.32,6.55,0.0
20230626:0810,1041.48,435.84,35.43,16.93,6.07,0.0
20230626:0910,1625.43,681.45,44.77,17.44,6.07,0.0
20230626:1010,1836.18,780.8,53.29,17.6,5.72,0.0
20230626:1110,1874.73,800.66,59.9,17.96,6.0,0.0
20230626:1210,1445.04,608.26,62.94,18.1,6.28,0.0
20230626:1310,1922.04,821.01,61.17,18.16,6.41,0.0
20230626:1410,1631.37,686.21,55.36,18.16,6.83,0.0
20230626:1510,1349.94,563.01,47.23,18.16,6.97,0.0
20230626:1610,927.57,389.33,38.04,18.26,6.55,0.0
20230626:1710,461.28,202.82,28.5,18.14,6.28,0.0
20230626:1810,281.16,134.02,19.06,17.98,6.21,0.0
20230626:1910,62.49,39.35,10.04,17.62,5.79,0.0
20230626:2010,0.0,0.87,1.78,17.25,5.31,0.0
20230626:2110,0.0,0.0,0.0,16.83,4.9,0.0
20230626:2210,0.0,0.0,0.0,16.48,4.28,0.0
20230626:2310,0.0,0.0,0.0,16.2,4.55,0.0
20230627:0010,0.0,0.0,0.0,15.98,4.48,0.0
20230627:0110,0.0,0.0,0.0,15.95,4.34,0.0
20230627:0210,0.0,0.0,0.0,15.83,4.07,0.0
20230627:0310,0.0,0.0,0.0,15.76,3.52,0.0
20230627:0410,0.0,0.0,0.0,15.78,3.38,0.0
20230627:0510,38.52,27.98,7.62,15.89,3.66,0.0
20230627:0610,38.13,27.81,16.46,16.19,4.0,0.0
20230627:0710,146.4,75.1,25.82,16.64,4.97,0.0
20230627:0810,200.67,97.35,35.37,17.03,5.59,0.0
20230627:0910,496.77,215.4,44.71,17.38,5.86,0.0
20230627:1010,366.63,164.1,53.23,17.66,5.31,0.0
20230627:1110,890.07,374.68,59.85,17.98,6.0,0.0
20230627:1210,1746.81,741.41,62.9,18.19,6.34,0.0
20230627:1310,1809.42,767.42,61.15,18.31,6.76,0.0
20230627:1410,1180.59,492.32,55.35,18.26,7.38,0.0
20230627:1510,734.01,310.21,47.23,18.26,7.31,0.0
20230627:1610,719.04,304.27,38.05,18.19,7.03,0.0
20230627:1710,229.62,109.4,28.51,18.11,6.76,0.0
20230627:1810,105.81,58.41,19.06,18.11,6.62,0.0
20230627:1910,94.02,53.34,10.04,18.03,5.93,0.0
20230627:2010,0.0,0.87,1.78,17.96,5.66,0.0
20230627:2110,0.0,0.0,0.0,17.79,5.31,0.0
20230627:2210,0.0,0.0,0.0,17.62,4.9,0.0
20230627:2310,0.0,0.0,0.0,17.54,4.28,0.0
20230628:0010,0.0,0.0,0.0,17.45,4.76,0.0
20230628:0110,0.0,0.0,0.0,17.39,4.76,0.0
20230628:0210,0.0,0.0,0.0,17.29,4.48,0.0
20230628:0310,0.0,0.0,0.0,17.17,4.14,0.0
20230628:0410,0.0,0.0,0.0,17.13,4.0,0.0
20230628:0510,27.72,22.74,7.56,17.1,4.14,0.0
20230628:0610,93.24,52.85,16.4,17.09,4.41,0.0
20230628:0710,202.56,98.27,25.76,17.26,4.76,0.0
20230628:0810,619.53,265.29,35.31,17.48,4.76,0.0
20230628:0910,694.29,295.55,44.65,17.8,4.83,0.0
20230628:1010,1007.61,425.09,53.17,18.22,4.83,0.0
20230628:1110,877.92,371.3,59.79,18.46,5.45,0.0
20230628:1210,983.01,413.99,62.86,18.41,5.93,0.0
20230628:1310,827.34,349.44,61.12,18.29,6.21,0.0
20230628:1410,992.91,416.14,55.34,18.07,6.41,0.0
20230628:1510,571.23,245.52,47.23,18.09,6.48,0.0
20230628:1610,401.7,178.07,38.05,18.02,6.21,0.0
20230628:1710,277.53,128.73,28.51,17.95,5.52,0.0
20230628:1810,84.39,49.14,19.06,17.83,4.9,0.0
20230628:1910,102.21,56.84,10.04,17.71,4.55,0.0
20230628:2010,0.0,0.87,1.77,17.54,4.48,0.0
20230628:2110,0.0,0.0,0.0,17.25,4.69,0.0
20230628:2210,0.0,0.0,0.0,16.82,4.62,0.0
20230628:2310,0.0,0.0,0.0,16.44,5.1,0.0
20230629:0010,0.0,0.0,0.0,16.12,5.45,0.0
20230629:0110,0.0,0.0,0.0,15.86,5.52,0.0
20230629:0210,0.0,0.0,0.0,15.51,5.52,0.0
20230629:0310,0.0,0.0,0.0,15.19,5.45,0.0
20230629:0410,0.0,0.0,0.0,15.14,5.72,0.0
20230629:0510,29.82,23.61,7.49,15.03,5.72,0.0
20230629:0610,225.48,109.73,16.33,15.4,6.0,0.0
20230629:0710,525.99,230.81,25.69,15.89,6.07,0.0
20230629:0810,975.75,407.91,35.24,16.41,5.86,0.0
20230629:0910,1537.32,641.44,44.58,16.89,6.14,0.0
20230629:1010,1857.45,785.01,53.1,17.3,6.41,0.0
20230629:1110,1856.94,787.03,59.73,17.64,6.69,0.0
20230629:1210,2215.59,958.24,62.81,17.76,6.41,0.0
20230629:1310,2287.83,994.73,61.09,17.89,6.21,0.0
20230629:1410,2141.04,919.72,55.32,18.03,6.41,0.0
20230629:1510,1837.47,772.81,47.22,17.95,6.97,0.0
20230629:1610,1363.2,568.99,38.04,17.77,6.83,0.0
20230629:1710,811.71,354.84,28.51,17.42,7.31,0.0
20230629:1810,299.07,154.85,19.06,17.08,7.24,0.0
20230629:1910,80.58,47.22,10.03,16.69,6.76,0.0
20230629:2010,0.0,1.75,1.76,16.22,6.14,0.0
20230629:2110,0.0,0.0,0.0,15.74,4.83,0.0
20230629:2210,0.0,0.0,0.0,15.12,4.21,0.0
20230629:2310,0.0,0.0,0.0,15.05,4.62,0.0
20230630:0010,0.0,0.0,0.0,15.14,5.17,0.0
20230630:0110,0.0,0.0,0.0,15.22,5.38,0.0
20230630:0210,0.0,0.0,0.0,15.49,5.66,0.0
20230630:0310,0.0,0.0,0.0,15.68,6.07,0.0
20230630:0410,0.0,0.0,0.0,15.92,6.41,0.0
20230630:0510,0.45,6.12,7.42,15.7,7.03,0.0
20230630:0610,18.24,17.62,16.26,15.41,6.83,0.0
20230630:0710,163.17,81.59,25.62,15.74,6.97,0.0
20230630:0810,487.14,209.75,35.17,15.91,7.24,0.0
20230630:0910,604.86,256.31,44.51,16.37,7.66,0.0
20230630:1010,621.75,263.1,53.03,16.74,8.69,0.0
20230630:1110,0.0,0.0,0.0,17.05,7.79,0.0
20230630:1210,391.65,173.37,62.75,17.43,7.45,0.0
20230630:1310,436.29,190.98,61.05,17.36,7.31,0.0
20230630:1410,599.85,255.46,55.29,17.22,7.66,0.0
20230630:1510,433.92,190.06,47.2,17.39,7.38,0.0
20230630:1610,186.96,91.78,38.03,17.41,7.93,0.0
20230630:1710,209.97,101.05,28.5,17.27,7.59,0.0
20230630:1810,36.03,26.89,19.04,17.25,7.38,0.0
20230630:1910,3.66,8.74,10.01,17.29,7.93,0.0
20230630:2010,0.0,0.87,1.73,17.22,8.34,0.0
20230630:2110,0.0,0.0,0.0,17.14,8.69,0.0
20230630:2210,0.0,0.0,0.0,17.01,8.83,0.0
20230630:2310,0.0,0.0,0.0,16.95,8.83,0.0
20230701:0010,0.0,0.0,0.0,16.85,8.83,0.0
20230701:0110,0.0,0.0,0.0,16.67,8.97,0.0
20230701:0210,0.0,0.0,0.0,16.47,8.69,0.0
20230701:0310,0.0,0.0,0.0,16.38,8.62,0.0
20230701:0410,0.0,0.0,0.0,16.24,8.48,0.0
20230701:0510,61.08,38.48,7.34,16.2,8.48,0.0
20230701:0610,219.3,113.15,16.18,16.35,7.86,0.0
20230701:0710,628.74,285.68,25.54,16.57,8.69,0.0
20230701:0810,1189.89,493.04,35.1,16.83,8.83,0.0
20230701:0910,1619.79,667.95,44.43,17.17,8.69,0.0
20230701:1010,1429.2,592.99,52.95,17.15,7.52,0.0
20230701:1110,1121.79,466.29,59.59,17.59,7.86,0.0
20230701:1210,2213.49,941.39,62.68,17.75,8.28,0.0
20230701:1310,2003.07,844.76,61.0,17.69,8.21,0.0
20230701:1410,1855.92,776.03,55.26,17.7,8.41,0.0
20230701:1510,1815.24,752.93,47.18,17.7,8.83,0.0
20230701:1610,1155.45,477.77,38.02,17.54,8.83,0.0
20230701:1710,739.44,319.48,28.48,17.47,8.83,0.0
20230701:1810,296.82,152.63,19.03,17.37,8.97,0.0
20230701:1910,104.79,57.71,9.99,17.13,8.55,0.0
20230701:2010,0.0,0.87,1.71,16.64,7.86,0.0
20230701:2110,0.0,0.0,0.0,16.05,6.9,0.0
20230701:2210,0.0,0.0,0.0,15.73,6.21,0.0
20230701:2310,0.0,0.0,0.0,15.52,5.59,0.0
20230702:0010,0.0,0.0,0.0,15.43,5.24,0.0
20230702:0110,0.0,0.0,0.0,15.37,5.1,0.0
20230702:0210,0.0,0.0,0.0,15.27,5.1,0.0
20230702:0310,0.0,0.0,0.0,15.15,5.1,0.0
20230702:0410,0.0,0.0,0.0,15.07,5.31,0.0
20230702:0510,46.11,31.48,7.26,15.06,5.45,0.0
20230702:0610,183.75,90.42,16.1,15.18,5.52,0.0
20230702:0710,515.22,225.71,25.46,15.38,6.07,0.0
20230702:0810,557.67,237.87,35.01,15.83,6.21,0.0
20230702:0910,1372.05,567.72,44.35,16.09,6.48,0.0
20230702:1010,1869.45,786.75,52.87,16.23,6.28,0.0
20230702:1110,2064.0,878.06,59.5,16.66,6.62,0.0
20230702:1210,1343.01,559.28,62.61,16.87,6.83,0.0
20230702:1310,406.56,178.93,60.95,16.97,7.31,0.0
20230702:1410,861.57,359.69,55.23,17.01,7.52,0.0
20230702:1510,350.28,156.68,47.16,16.99,7.66,0.0
20230702:1610,1023.24,424.46,38.0,16.96,7.59,0.0
20230702:1710,674.91,290.1,28.46,16.81,7.59,0.0
20230702:1810,252.03,119.07,19.01,16.55,7.24,0.0
20230702:1910,70.86,42.85,9.97,16.16,6.97,0.0
20230702:2010,0.0,0.87,1.68,15.6,6.76,0.0
20230702:2110,0.0,0.0,0.0,15.12,6.9,0.0
20230702:2210,0.0,0.0,0.0,15.04,6.41,0.0
20230702:2310,0.0,0.0,0.0,14.79,6.62,0.0
20230703:0010,0.0,0.0,0.0,14.65,6.76,0.0
20230703:0110,0.0,0.0,0.0,14.49,6.83,0.0
20230703:0210,0.0,0.0,0.0,14.42,6.83,0.0
20230703:0310,0.0,0.0,0.0,14.38,6.55,0.0
20230703:0410,0.0,0.0,0.0,14.37,6.41,0.0
20230703:0510,40.71,28.86,7.18,14.43,6.48,0.0
20230703:0610,186.51,91.45,16.02,14.71,6.55,0.0
20230703:0710,269.82,124.0,25.38,15.23,7.59,0.0
20230703:0810,659.25,276.81,34.93,15.7,8.34,0.0
20230703:0910,1471.53,602.46,44.27,16.17,9.03,0.0
20230703:1010,1969.53,819.12,52.78,16.71,8.76,0.0
20230703:1110,1680.51,693.09,59.42,16.75,9.79,0.0
20230703:1210,1675.29,690.5,62.53,16.63,10.0,0.0
20230703:1310,382.35,168.73,60.89,16.74,10.07,0.0
20230703:1410,1884.57,779.57,55.18,16.86,9.79,0.0
20230703:1510,1264.92,519.38,47.13,16.96,9.45,0.0
20230703:1610,1212.36,498.89,37.97,16.99,9.38,0.0
20230703:1710,692.94,297.33,28.44,16.9,9.03,0.0
20230703:1810,305.67,154.24,18.98,16.57,8.62,0.0
20230703:1910,97.02,54.22,9.93,16.22,8.07,0.0
20230703:2010,0.0,0.87,1.64,15.89,7.52,0.0
20230703:2110,0.0,0.0,0.0,15.49,7.03,0.0
20230703:2210,0.0,0.0,0.0,14.94,6.48,0.0
20230703:2310,0.0,0.0,0.0,14.74,6.28,0.0
20230704:0010,0.0,0.0,0.0,14.59,5.79,0.0
20230704:0110,0.0,0.0,0.0,14.49,5.17,0.0
20230704:0210,0.0,0.0,0.0,14.54,4.76,0.0
20230704:0310,0.0,0.0,0.0,14.37,4.69,0.0
20230704:0410,0.0,0.0,0.0,14.1,4.62,0.0
20230704:0510,3.75,8.74,7.08,14.17,4.34,0.0
20230704:0610,120.96,63.97,15.93,14.44,4.14,0.0
20230704:0710,481.2,211.5,25.29,14.83,4.34,0.0
20230704:0810,822.69,345.16,34.84,15.21,4.28,0.0
20230704:0910,610.2,259.3,44.18,15.47,4.34,0.0
20230704:1010,1035.12,429.81,52.69,15.6,5.52,0.0
20230704:1110,213.48,101.98,59.32,15.7,5.24,0.0
20230704:1210,271.95,125.16,62.45,15.46,5.24,0.0
20230704:1310,218.85,103.84,60.82,15.04,5.38,0.0
20230704:1410,235.41,110.33,55.13,14.68,4.83,0.0
20230704:1510,196.05,94.56,47.09,14.55,4.83,0.0
20230704:1610,166.53,82.51,37.94,14.12,5.03,0.0
20230704:1710,174.15,85.29,28.41,13.47,6.14,0.0
20230704:1810,237.75,111.58,18.94,13.92,8.34,0.0
20230704:1910,37.11,27.11,9.9,14.24,8.41,0.0
20230704:2010,0.0,0.87,1.59,14.46,7.45,0.0
20230704:2110,0.0,0.0,0.0,14.22,6.97,0.0
20230704:2210,0.0,0.0,0.0,13.76,7.52,0.0
20230704:2310,0.0,0.0,0.0,13.99,8.28,0.0
20230705:0010,0.0,0.0,0.0,13.98,7.66,0.0
20230705:0110,0.0,0.0,0.0,13.98,7.72,0.0
20230705:0210,0.0,0.0,0.0,13.94,7.93,0.0
20230705:0310,0.0,0.0,0.0,13.87,8.07,0.0
20230705:0410,0.0,0.0,0.0,13.81,7.86,0.0
20230705:0510,52.14,34.1,6.99,13.86,7.38,0.0
20230705:0610,186.96,104.5,15.83,14.07,6.69,0.0
20230705:0710,0.0,0.0,0.0,14.54,6.55,0.0
20230705:0810,1234.32,512.0,34.75,14.93,6.41,0.0
20230705:0910,1450.62,599.86,44.08,15.35,6.07,0.0
20230705:1010,511.95,219.72,52.59,15.84,6.55,0.0
20230705:1110,947.79,393.26,59.23,15.9,6.97,0.0
20230705:1210,1513.17,628.83,62.35,16.1,7.03,0.0
20230705:1310,1639.71,684.49,60.74,16.15,6.76,0.0
20230705:1410,563.49,240.38,55.08,16.46,7.31,0.0
20230705:1510,514.35,220.85,47.04,16.46,7.66,0.0
20230705:1610,644.82,272.11,37.9,16.47,7.72,0.0
20230705:1710,719.07,308.82,28.37,16.33,7.52,0.0
20230705:1810,276.69,153.42,18.91,16.09,6.83,0.0
20230705:1910,105.33,57.71,9.85,15.92,6.07,0.0
20230705:2010,0.0,0.87,1.54,15.59,5.31,0.0
20230705:2110,0.0,0.0,0.0,15.12,4.69,0.0
20230705:2210,0.0,0.0,0.0,14.74,4.28,0.0
20230705:2310,0.0,0.0,0.0,14.69,4.62,0.0
20230706:0010,0.0,0.0,0.0,14.53,4.55,0.0
20230706:0110,0.0,0.0,0.0,14.49,4.28,0.0
20230706:0210,0.0,0.0,0.0,14.5,4.21,0.0
20230706:0310,0.0,0.0,0.0,14.59,4.41,0.0
20230706:0410,0.0,0.0,0.0,14.6,4.48,0.0
20230706:0510,29.88,23.61,6.89,14.63,4.34,0.0
20230706:0610,201.06,98.4,15.74,14.86,4.62,0.0
20230706:0710,466.98,205.1,25.1,15.02,5.24,0.0
20230706:0810,1155.12,480.96,34.65,15.33,5.79,0.0
20230706:0910,1305.03,538.5,43.98,15.7,6.48,0.0
20230706:1010,1523.34,632.13,52.49,16.08,6.76,0.0
20230706:1110,2266.17,963.54,59.12,16.3,7.38,0.0
20230706:1210,2206.65,935.61,62.26,16.38,7.72,0.0
20230706:1310,1804.74,754.1,60.66,16.53,7.72,0.0
20230706:1410,2035.23,855.33,55.02,16.55,7.59,0.0
20230706:1510,1805.22,751.87,46.99,16.58,7.17,0.0
20230706:1610,1079.52,447.01,37.86,16.52,7.17,0.0
20230706:1710,667.23,286.46,28.33,16.54,7.45,0.0
20230706:1810,293.76,139.57,18.86,16.44,7.17,0.0
20230706:1910,101.01,55.97,9.8,16.34,6.83,0.0
20230706:2010,0.0,0.87,1.48,16.23,6.76,0.0
20230706:2110,0.0,0.0,0.0,16.13,6.69,0.0
20230706:2210,0.0,0.0,0.0,16.03,7.52,0.0
20230706:2310,0.0,0.0,0.0,15.95,7.17,0.0
20230707:0010,0.0,0.0,0.0,15.92,6.76,0.0
20230707:0110,0.0,0.0,0.0,15.95,6.62,0.0
20230707:0210,0.0,0.0,0.0,15.87,6.41,0.0
20230707:0310,0.0,0.0,0.0,15.72,5.93,0.0
20230707:0410,0.0,0.0,0.0,15.57,6.14,0.0
20230707:0510,36.84,27.11,6.78,15.54,6.07,0.0
20230707:0610,206.43,107.14,15.63,15.85,5.72,0.0
20230707:0710,419.4,185.77,25.0,16.17,6.07,0.0
20230707:0810,596.64,254.19,34.55,16.5,6.0,0.0
20230707:0910,1722.42,721.9,43.88,16.87,6.0,0.0
20230707:1010,2094.18,896.93,52.39,17.53,6.0,0.0
20230707:1110,2272.98,986.58,59.01,17.86,6.14,0.0
20230707:1210,2386.26,1045.27,62.15,18.14,6.21,0.0
20230707:1310,2286.06,993.31,60.57,18.44,6.48,0.0
20230707:1410,2125.02,913.83,54.95,18.73,6.55,0.0
20230707:1510,1816.59,769.35,46.94,18.97,6.55,0.0
20230707:1610,1302.21,545.77,37.81,19.13,7.1,0.0
20230707:1710,657.99,286.25,28.28,19.17,7.52,0.0
20230707:1810,301.11,150.95,18.81,19.0,7.66,0.0
20230707:1910,97.83,55.09,9.75,18.66,7.93,0.0
20230707:2010,0.0,0.87,1.42,18.31,8.34,0.0
20230707:2110,0.0,0.0,0.0,18.05,8.83,0.0
20230707:2210,0.0,0.0,0.0,18.5,7.52,0.0
20230707:2310,0.0,0.0,0.0,18.25,6.55,0.0
20230708:0010,0.0,0.0,0.0,17.82,6.34,0.0
20230708:0110,0.0,0.0,0.0,17.46,6.97,0.0
20230708:0210,0.0,0.0,0.0,17.28,7.52,0.0
20230708:0310,0.0,0.0,0.0,17.31,7.66,0.0
20230708:0410,0.0,0.0,0.0,17.48,7.79,0.0
20230708:0510,38.22,27.98,6.68,17.57,7.72,0.0
20230708:0610,187.83,93.56,15.53,17.37,6.9,0.0
20230708:0710,337.95,152.97,24.9,17.02,5.03,0.0
20230708:0810,666.12,283.92,34.45,16.84,4.14,0.0
20230708:0910,1096.5,460.49,43.77,17.08,4.21,0.0
20230708:1010,190.86,93.64,52.27,17.41,4.07,0.0
20230708:1110,602.4,258.95,58.9,17.5,4.14,0.0
20230708:1210,1047.39,441.92,62.04,17.57,4.48,0.0
20230708:1310,2158.17,944.37,60.48,17.58,4.83,0.0
20230708:1410,1035.81,434.93,54.87,17.47,5.1,0.0
20230708:1510,1688.64,713.67,46.88,17.39,5.24,0.0
20230708:1610,1040.34,434.7,37.75,17.15,5.66,0.0
20230708:1710,688.62,298.17,28.23,17.0,5.59,0.0
20230708:1810,256.77,149.96,18.75,16.85,5.24,0.0
20230708:1910,92.55,52.47,9.69,16.77,4.97,0.0
20230708:2010,0.0,0.0,0.0,16.54,4.48,0.0
20230708:2110,0.0,0.0,0.0,16.23,3.66,0.0
20230708:2210,0.0,0.0,0.0,15.87,3.79,0.0
20230708:2310,0.0,0.0,0.0,15.63,3.45,0.0
20230709:0010,0.0,0.0,0.0,15.59,3.31,0.0
20230709:0110,0.0,0.0,0.0,15.8,3.59,0.0
20230709:0210,0.0,0.0,0.0,15.78,4.55,0.0
20230709:0310,0.0,0.0,0.0,15.89,6.0,0.0
20230709:0410,0.0,0.0,0.0,16.01,6.69,0.0
20230709:0510,47.73,32.35,6.56,16.1,6.62,0.0
20230709:0610,170.01,98.26,15.42,15.8,6.0,0.0
20230709:0710,572.13,255.47,24.79,15.57,6.21,0.0
20230709:0810,1192.05,496.33,34.34,15.75,6.41,0.0
20230709:0910,1698.27,706.11,43.66,16.28,6.62,0.0
20230709:1010,1992.87,838.23,52.16,16.09,6.69,0.0
20230709:1110,2089.95,889.03,58.78,16.78,6.76,0.0
20230709:1210,2191.98,943.7,61.92,16.99,6.28,0.0
20230709:1310,1876.17,795.39,60.38,17.13,6.41,0.0
20230709:1410,1862.91,785.13,54.79,17.38,6.97,0.0
20230709:1510,1841.82,770.62,46.81,17.37,7.24,0.0
20230709:1610,1322.79,549.58,37.69,17.5,7.31,0.0
20230709:1710,791.46,345.52,28.17,17.56,6.48,0.0
20230709:1810,296.7,152.86,18.69,17.36,6.28,0.0
20230709:1910,94.5,53.34,9.62,16.98,5.79,0.0
20230709:2010,0.0,0.0,0.0,16.62,5.31,0.0
20230709:2110,0.0,0.0,0.0,16.27,4.76,0.0
20230709:2210,0.0,0.0,0.0,16.05,5.17,0.0
20230709:2310,0.0,0.0,0.0,15.93,4.97,0.0
20230710:0010,0.0,0.0,0.0,15.87,5.59,0.0
20230710:0110,0.0,0.0,0.0,16.0,6.0,0.0
20230710:0210,0.0,0.0,0.0,16.0,6.21,0.0
20230710:0310,0.0,0.0,0.0,16.13,6.69,0.0
20230710:0410,0.0,0.0,0.0,16.22,6.9,0.0
20230710:0510,0.0,5.25,6.45,16.38,7.31,0.0
20230710:0610,146.58,75.33,15.3,16.58,8.14,0.0
20230710:0710,498.42,220.43,24.68,16.63,8.69,0.0
20230710:0810,411.51,179.96,34.23,16.36,9.45,0.0
20230710:0910,538.08,229.71,43.55,16.73,9.79,0.0
20230710:1010,318.24,143.7,52.04,16.84,9.45,0.0
20230710:1110,294.27,134.43,58.65,17.38,10.97,0.0
20230710:1210,368.76,164.1,61.8,17.77,10.41,0.0
20230710:1310,323.88,146.48,60.27,17.78,9.72,0.0
20230710:1410,1443.15,596.37,54.7,17.7,9.17,0.0
20230710:1510,1538.01,635.89,46.74,17.41,8.28,0.0
20230710:1610,307.92,139.99,37.62,17.09,7.66,0.0
20230710:1710,228.84,108.47,28.1,16.83,7.1,0.0
20230710:1810,202.95,98.5,18.63,16.53,6.41,0.0
20230710:1910,45.78,31.48,9.54,16.51,6.83,0.0
20230710:2010,0.0,0.0,0.0,16.87,10.28,0.0
20230710:2110,0.0,0.0,0.0,17.34,12.07,0.0
20230710:2210,0.0,0.0,0.0,17.21,9.66,0.0
20230710:2310,0.0,0.0,0.0,17.01,8.07,0.0
20230711:0010,0.0,0.0,0.0,16.77,6.83,0.0
20230711:0110,0.0,0.0,0.0,16.37,5.86,0.0
20230711:0210,0.0,0.0,0.0,16.03,5.1,0.0
20230711:0310,0.0,0.0,0.0,15.77,4.97,0.0
20230711:0410,0.0,0.0,0.0,15.75,5.38,0.0
20230711:0510,11.82,13.99,6.32,15.78,5.79,0.0
20230711:0610,96.09,53.77,15.18,15.88,6.28,0.0
20230711:0710,181.14,89.0,24.56,16.1,6.76,0.0
20230711:0810,472.41,204.3,34.11,16.27,7.24,0.0
20230711:0910,479.28,206.92,43.43,16.31,7.59,0.0
20230711:1010,499.08,215.09,51.91,16.51,7.1,0.0
20230711:1110,630.57,266.67,58.52,16.65,8.34,0.0
20230711:1210,656.52,276.9,61.67,16.73,8.69,0.0
20230711:1310,2155.14,905.59,60.16,16.89,8.9,0.0
20230711:1410,1594.5,659.69,54.61,17.08,8.69,0.0
20230711:1510,1039.98,429.84,46.66,17.16,8.55,0.0
20230711:1610,1267.2,522.97,37.55,17.14,8.48,0.0
20230711:1710,466.05,203.34,28.03,17.11,7.86,0.0
20230711:1810,301.32,147.17,18.55,17.02,7.45,0.0
20230711:1910,98.82,55.09,9.47,16.66,7.45,0.0
20230711:2010,0.0,0.0,0.0,16.26,7.45,0.0
20230711:2110,0.0,0.0,0.0,15.85,7.24,0.0
20230711:2210,0.0,0.0,0.0,15.41,6.69,0.0
20230711:2310,0.0,0.0,0.0,15.21,7.24,0.0
20230712:0010,0.0,0.0,0.0,15.01,7.03,0.0
20230712:0110,0.0,0.0,0.0,14.89,6.9,0.0
20230712:0210,0.0,0.0,0.0,14.76,7.24,0.0
20230712:0310,0.0,0.0,0.0,14.57,7.31,0.0
20230712:0410,0.0,0.0,0.0,14.49,6.62,0.0
20230712:0510,48.18,32.35,6.2,14.44,6.28,0.0
20230712:0610,167.82,83.9,15.06,14.76,6.69,0.0
20230712:0710,390.24,172.7,24.44,15.23,7.79,0.0
20230712:0810,489.15,209.93,33.99,15.54,8.14,0.0
20230712:0910,1059.09,435.49,43.31,15.76,7.79,0.0
20230712:1010,509.85,218.8,51.79,15.92,7.03,0.0
20230712:1110,1767.06,736.75,58.38,16.1,7.38,0.0
20230712:1210,1826.34,763.8,61.53,16.45,7.66,0.0
20230712:1310,1990.5,838.8,60.03,16.74,7.52,0.0
20230712:1410,897.96,374.69,54.51,17.16,7.31,0.0
20230712:1510,1469.43,609.2,46.57,16.97,7.17,0.0
20230712:1610,415.98,182.74,37.47,17.02,7.03,0.0
20230712:1710,364.29,162.53,27.95,16.94,7.03,0.0
20230712:1810,271.41,128.85,18.47,16.8,6.76,0.0
20230712:1910,98.79,55.09,9.38,16.62,6.21,0.0
20230712:2010,0.0,0.0,0.0,16.4,5.86,0.0
20230712:2110,0.0,0.0,0.0,15.99,5.52,0.0
20230712:2210,0.0,0.0,0.0,15.67,5.45,0.0
20230712:2310,0.0,0.0,0.0,15.49,5.24,0.0
20230713:0010,0.0,0.0,0.0,15.26,5.17,0.0
20230713:0110,0.0,0.0,0.0,15.36,5.03,0.0
20230713:0210,0.0,0.0,0.0,15.22,5.17,0.0
20230713:0310,0.0,0.0,0.0,15.18,5.17,0.0
20230713:0410,0.0,0.0,0.0,15.22,4.83,0.0
20230713:0510,22.95,20.11,6.07,15.1,4.83,0.0
20230713:0610,72.81,43.57,14.94,15.23,5.66,0.0
20230713:0710,487.17,215.14,24.32,15.27,5.86,0.0
20230713:0810,929.76,387.48,33.87,15.79,6.28,0.0
20230713:0910,739.89,309.72,43.18,16.01,6.62,0.0
20230713:1010,1297.86,537.22,51.65,16.29,6.76,0.0
20230713:1110,2091.66,889.77,58.24,16.71,6.69,0.0
20230713:1210,2010.9,854.14,61.39,16.78,6.69,0.0
20230713:1310,1969.14,836.22,59.91,17.19,6.69,0.0
20230713:1410,951.09,396.51,54.4,17.13,6.97,0.0
20230713:1510,698.61,294.59,46.48,17.1,7.17,0.0
20230713:1610,1068.06,444.04,37.39,17.06,6.69,0.0
20230713:1710,482.85,210.51,27.87,16.89,6.14,0.0
20230713:1810,115.29,62.12,18.39,16.73,5.93,0.0
20230713:1910,36.63,27.11,9.29,16.46,5.31,0.0
20230713:2010,0.0,0.0,0.0,16.23,4.48,0.0
20230713:2110,0.0,0.0,0.0,16.04,4.28,0.0
20230713:2210,0.0,0.0,0.0,15.99,5.17,0.0
20230713:2310,0.0,0.0,0.0,16.03,5.38,0.0
20230714:0010,0.0,0.0,0.0,15.94,6.34,0.0
20230714:0110,0.0,0.0,0.0,15.92,7.17,0.0
20230714:0210,0.0,0.0,0.0,15.94,7.66,0.0
20230714:0310,0.0,0.0,0.0,15.83,7.93,0.0
20230714:0410,0.0,0.0,0.0,15.78,8.83,0.0
20230714:0510,11.82,13.99,5.94,15.71,9.66,0.0
20230714:0610,16.53,16.69,14.81,15.77,10.28,0.0
20230714:0710,42.15,29.67,24.19,15.79,10.9,0.0
20230714:0810,81.24,47.28,33.74,15.82,11.79,0.0
20230714:0910,98.43,54.7,43.05,15.98,12.21,0.0
20230714:1010,120.6,63.97,51.51,15.8,11.79,0.0
20230714:1110,174.18,86.22,58.1,16.75,11.66,0.0
20230714:1210,280.59,128.87,61.24,17.24,12.0,0.0
20230714:1310,403.23,177.08,59.77,17.27,11.72,0.0
20230714:1410,659.49,277.71,54.29,17.18,10.55,0.0
20230714:1510,624.27,264.19,46.38,17.18,9.31,0.0
20230714:1610,713.55,299.32,37.3,17.08,8.83,0.0
20230714:1710,432.45,189.41,27.78,16.91,8.9,0.0
20230714:1810,271.44,129.14,18.3,16.71,8.97,0.0
20230714:1910,70.8,42.85,9.19,16.45,8.9,0.0
20230714:2010,0.0,0.0,0.0,16.18,8.55,0.0
20230714:2110,0.0,0.0,0.0,15.91,8.48,0.0
20230714:2210,0.0,0.0,0.0,16.13,9.31,0.0
20230714:2310,0.0,0.0,0.0,15.96,10.34,0.0
20230715:0010,0.0,0.0,0.0,15.73,11.38,0.0
20230715:0110,0.0,0.0,0.0,15.64,10.28,0.0
20230715:0210,0.0,0.0,0.0,15.62,9.1,0.0
20230715:0310,0.0,0.0,0.0,15.64,8.76,0.0
20230715:0410,0.0,0.0,0.0,15.64,8.62,0.0
20230715:0510,35.07,26.23,5.8,15.43,9.17,0.0
20230715:0610,173.97,86.81,14.68,15.12,9.72,0.0
20230715:0710,593.37,270.63,24.06,15.27,10.0,0.0
20230715:0810,1146.45,469.73,33.61,15.36,10.83,0.0
20230715:0910,1714.38,691.79,42.92,15.32,12.0,0.0
20230715:1010,1557.21,631.65,51.37,15.51,11.45,0.0
20230715:1110,2273.85,936.47,57.94,15.51,11.59,0.0
20230715:1210,2253.81,927.24,61.09,15.72,12.34,0.0
20230715:1310,2247.15,926.44,59.63,16.14,12.14,0.0
20230715:1410,1720.56,700.33,54.17,16.48,12.62,0.0
20230715:1510,375.87,165.95,46.27,16.59,11.17,0.0
20230715:1610,1195.95,489.51,37.2,16.65,10.55,0.0
20230715:1710,723.75,309.01,27.69,16.08,10.41,0.0
20230715:1810,262.35,124.18,18.2,16.23,10.41,0.0
20230715:1910,82.95,48.1,9.09,16.05,9.72,0.0
20230715:2010,0.0,0.0,0.0,15.86,9.38,0.0
20230715:2110,0.0,0.0,0.0,15.61,9.24,0.0
20230715:2210,0.0,0.0,0.0,15.49,8.34,0.0
20230715:2310,0.0,0.0,0.0,15.04,7.93,0.0
20230716:0010,0.0,0.0,0.0,14.68,8.48,0.0
20230716:0110,0.0,0.0,0.0,14.56,8.9,0.0
20230716:0210,0.0,0.0,0.0,14.44,8.48,0.0
20230716:0310,0.0,0.0,0.0,14.49,8.41,0.0
20230716:0410,0.0,0.0,0.0,14.51,8.0,0.0
20230716:0510,44.43,30.61,5.66,14.49,7.45,0.0
20230716:0610,120.99,64.08,14.54,14.6,7.24,0.0
20230716:0710,589.92,269.35,23.93,14.83,7.86,0.0
20230716:0810,568.23,240.5,33.48,15.04,7.86,0.0
20230716:0910,1527.63,627.78,42.78,15.36,7.31,0.0
20230716:1010,1253.94,516.23,51.23,15.71,7.31,0.0
20230716:1110,1523.76,629.71,57.79,15.72,7.52,0.0
20230716:1210,1758.36,729.58,60.93,15.57,7.86,0.0
20230716:1310,1969.44,820.14,59.48,15.59,8.28,0.0
20230716:1410,1493.61,615.18,54.04,15.86,8.0,0.0
20230716:1510,1088.28,447.84,46.16,16.01,7.86,0.0
20230716:1610,782.46,326.09,37.1,16.06,7.45,0.0
20230716:1710,801.18,346.94,27.59,15.96,6.83,0.0
20230716:1810,296.37,147.52,18.1,15.7,6.97,0.0
20230716:1910,79.11,46.35,8.98,15.38,6.83,0.0
20230716:2010,0.0,0.0,0.0,15.13,6.0,0.0
20230716:2110,0.0,0.0,0.0,14.89,5.72,0.0
20230716:2210,0.0,0.0,0.0,14.78,5.24,0.0
20230716:2310,0.0,0.0,0.0,14.6,5.93,0.0
20230717:0010,0.0,0.0,0.0,14.52,5.79,0.0
20230717:0110,0.0,0.0,0.0,14.46,5.59,0.0
20230717:0210,0.0,0.0,0.0,14.35,5.38,0.0
20230717:0310,0.0,0.0,0.0,14.35,5.38,0.0
20230717:0410,0.0,0.0,0.0,14.28,5.45,0.0
20230717:0510,40.74,28.86,5.51,14.23,5.45,0.0
20230717:0610,130.86,83.67,14.4,14.3,5.59,0.0
20230717:0710,589.5,271.38,23.79,14.57,5.1,0.0
20230717:0810,1157.13,483.94,33.34,15.09,4.9,0.0
20230717:0910,1639.05,684.74,42.64,15.63,5.24,0.0
20230717:1010,1726.05,723.26,51.08,15.77,5.79,0.0
20230717:1110,2248.95,973.87,57.62,16.26,5.45,0.0
20230717:1210,1567.14,660.63,60.76,16.58,5.31,0.0
20230717:1310,2042.79,876.37,59.33,16.7,5.66,0.0
20230717:1410,2126.43,911.31,53.91,16.81,5.86,0.0
20230717:1510,951.0,397.2,46.05,16.95,5.72,0.0
20230717:1610,1166.04,486.97,36.99,16.88,5.38,0.0
20230717:1710,608.73,263.56,27.48,16.78,5.03,0.0
20230717:1810,250.23,149.37,17.99,16.57,4.62,0.0
20230717:1910,76.65,45.47,8.87,16.28,4.21,0.0
20230717:2010,0.0,0.0,0.0,15.73,3.31,0.0
20230717:2110,0.0,0.0,0.0,15.64,2.83,0.0
20230717:2210,0.0,0.0,0.0,15.35,1.72,0.0
20230717:2310,0.0,0.0,0.0,14.88,2.0,0.0
20230718:0010,0.0,0.0,0.0,14.61,1.79,0.0
20230718:0110,0.0,0.0,0.0,14.53,1.59,0.0
20230718:0210,0.0,0.0,0.0,14.44,1.59,0.0
20230718:0310,0.0,0.0,0.0,14.37,1.79,0.0
20230718:0410,0.0,0.0,0.0,14.57,2.0,0.0
20230718:0510,0.45,6.12,5.37,14.62,3.03,0.0
20230718:0610,184.83,93.88,14.26,14.77,3.72,0.0
20230718:0710,225.39,106.62,23.65,15.06,3.93,0.0
20230718:0810,507.57,218.75,33.2,15.36,3.86,0.0
20230718:0910,891.66,372.96,42.5,15.63,4.07,0.0
20230718:1010,1749.93,745.04,50.92,15.94,4.14,0.0
20230718:1110,2190.66,954.16,57.46,16.19,4.62,0.0
20230718:1210,2249.91,982.58,60.59,16.45,4.97,0.0
20230718:1310,2233.62,968.69,59.17,16.44,5.38,0.0
20230718:1410,2069.7,881.87,53.77,16.45,5.93,0.0
20230718:1510,1296.87,537.23,45.92,16.34,6.28,0.0
20230718:1610,545.43,233.32,36.88,16.46,6.69,0.0
20230718:1710,158.07,79.73,27.37,16.5,7.38,0.0
20230718:1810,224.25,107.92,17.88,16.62,7.38,0.0
20230718:1910,45.81,31.48,8.75,16.44,6.97,0.0
20230718:2010,0.0,0.0,0.0,16.14,6.69,0.0
20230718:2110,0.0,0.0,0.0,15.94,6.14,0.0
20230718:2210,0.0,0.0,0.0,15.71,5.59,0.0
20230718:2310,0.0,0.0,0.0,15.64,5.52,0.0
20230719:0010,0.0,0.0,0.0,15.59,5.38,0.0
20230719:0110,0.0,0.0,0.0,15.56,5.38,0.0
20230719:0210,0.0,0.0,0.0,15.51,5.45,0.0
20230719:0310,0.0,0.0,0.0,15.37,5.38,0.0
20230719:0410,0.0,0.0,0.0,15.39,5.52,0.0
20230719:0510,33.24,25.36,5.21,15.47,5.38,0.0
20230719:0610,182.7,95.14,14.11,15.8,5.31,0.0
20230719:0710,535.08,241.84,23.51,16.18,5.03,0.0
20230719:0810,1055.01,444.63,33.06,16.65,4.62,0.0
20230719:0910,1408.29,593.5,42.35,17.07,4.28,0.0
20230719:1010,1892.25,821.15,50.76,17.38,3.79,0.0
20230719:1110,1389.27,593.08,57.29,17.64,3.52,0.0
20230719:1210,2077.32,919.69,60.41,17.86,3.79,0.0
20230719:1310,1956.03,854.57,59.0,17.84,4.14,0.0
20230719:1410,1123.26,474.18,53.62,17.92,4.41,0.0
20230719:1510,1277.91,538.58,45.8,17.95,4.62,0.0
20230719:1610,1294.02,545.28,36.76,17.83,4.83,0.0
20230719:1710,805.2,354.34,27.26,17.68,5.1,0.0
20230719:1810,285.12,146.1,17.76,17.39,5.24,0.0
20230719:1910,84.42,48.97,8.62,16.87,5.1,0.0
20230719:2010,0.0,0.0,0.0,16.24,4.76,0.0
20230719:2110,0.0,0.0,0.0,15.56,4.41,0.0
20230719:2210,0.0,0.0,0.0,14.95,4.07,0.0
20230719:2310,0.0,0.0,0.0,14.46,3.93,0.0
20230720:0010,0.0,0.0,0.0,14.21,3.72,0.0
20230720:0110,0.0,0.0,0.0,14.09,3.38,0.0
20230720:0210,0.0,0.0,0.0,13.93,3.1,0.0
20230720:0310,0.0,0.0,0.0,13.78,2.76,0.0
20230720:0410,0.0,0.0,0.0,13.68,2.62,0.0
20230720:0510,35.31,26.23,5.06,13.84,2.62,0.0
20230720:0610,109.98,76.29,13.97,14.25,2.76,0.0
20230720:0710,597.72,280.44,23.37,14.84,3.03,0.0
20230720:0810,1186.5,504.27,32.92,15.55,2.97,0.0
20230720:0910,1595.52,682.67,42.2,16.26,2.9,0.0
20230720:1010,1916.91,837.64,50.6,16.66,3.1,0.0
20230720:1110,1357.44,578.28,57.11,17.07,3.31,0.0
20230720:1210,532.83,230.85,60.22,17.17,3.66,0.0
20230720:1310,1354.47,574.83,58.83,17.25,3.93,0.0
20230720:1410,1588.62,678.7,53.47,17.34,4.0,0.0
20230720:1510,1640.31,699.41,45.66,17.46,4.14,0.0
20230720:1610,1000.26,421.4,36.63,17.49,4.28,0.0
20230720:1710,766.98,335.93,27.13,17.44,4.55,0.0
20230720:1810,272.67,148.52,17.63,17.25,4.62,0.0
20230720:1910,84.39,48.97,8.49,16.93,4.55,0.0
20230720:2010,0.0,0.0,0.0,16.39,4.28,0.0
20230720:2110,0.0,0.0,0.0,15.89,4.28,0.0
20230720:2210,0.0,0.0,0.0,15.12,3.93,0.0
20230720:2310,0.0,0.0,0.0,14.58,4.14,0.0
20230721:0010,0.0,0.0,0.0,14.14,4.55,0.0
20230721:0110,0.0,0.0,0.0,13.96,4.69,0.0
20230721:0210,0.0,0.0,0.0,13.7,4.76,0.0
20230721:0310,0.0,0.0,0.0,13.68,4.76,0.0
20230721:0410,0.0,0.0,0.0,13.53,4.48,0.0
20230721:0510,33.54,25.36,4.9,13.85,4.34,0.0
20230721:0610,177.48,89.74,13.81,14.22,4.41,0.0
20230721:0710,571.95,264.95,23.22,14.92,4.62,0.0
20230721:0810,1113.0,467.09,32.77,15.66,4.69,0.0
20230721:0910,720.66,303.71,42.04,16.12,4.83,0.0
20230721:1010,1297.77,543.16,50.44,16.5,4.83,0.0
20230721:1110,1598.22,675.64,56.93,16.86,5.1,0.0
20230721:1210,886.2,372.03,60.04,16.91,5.45,0.0
20230721:1310,675.3,286.56,58.65,17.01,5.66,0.0
20230721:1410,949.56,397.32,53.31,17.04,5.72,0.0
20230721:1510,1394.19,582.31,45.52,17.16,5.72,0.0
20230721:1610,1090.62,455.09,36.5,17.22,5.86,0.0
20230721:1710,671.85,290.73,27.0,17.0,6.0,0.0
20230721:1810,282.03,139.17,17.5,16.61,5.93,0.0
20230721:1910,82.74,48.1,8.35,16.21,5.66,0.0
20230721:2010,0.0,0.0,0.0,15.76,5.1,0.0
20230721:2110,0.0,0.0,0.0,15.46,4.55,0.0
20230721:2210,0.0,0.0,0.0,15.35,4.76,0.0
20230721:2310,0.0,0.0,0.0,15.31,4.97,0.0
20230722:0010,0.0,0.0,0.0,15.2,5.59,0.0
20230722:0110,0.0,0.0,0.0,15.23,6.0,0.0
20230722:0210,0.0,0.0,0.0,15.29,6.97,0.0
20230722:0310,0.0,0.0,0.0,15.31,7.31,0.0
20230722:0410,0.0,0.0,0.0,15.33,7.38,0.0
20230722:0510,0.45,6.12,4.74,15.37,7.59,0.0
20230722:0610,131.43,68.75,13.66,15.52,8.28,0.0
20230722:0710,154.29,77.88,23.07,15.73,9.31,0.0
20230722:0810,322.41,144.63,32.62,15.73,9.79,0.0
20230722:0910,172.68,85.29,41.89,15.72,10.34,0.0
20230722:1010,270.21,124.23,50.27,15.84,9.31,0.0
20230722:1110,291.57,132.58,56.74,15.87,10.28,0.0
20230722:1210,324.06,145.56,59.84,16.42,11.17,0.0
20230722:1310,293.04,133.5,58.47,16.6,10.9,0.0
20230722:1410,243.78,114.03,53.15,16.58,11.1,0.0
20230722:1510,269.64,124.23,45.37,16.56,11.31,0.0
20230722:1610,169.74,84.37,36.36,16.54,11.17,0.0
20230722:1710,167.67,83.44,26.87,16.3,11.31,0.0
20230722:1810,38.16,27.81,17.36,16.33,11.59,0.0
20230722:1910,7.5,11.37,8.21,16.53,11.72,0.0
20230722:2010,0.0,0.0,0.0,16.63,11.31,0.0
20230722:2110,0.0,0.0,0.0,16.51,10.14,0.0
20230722:2210,0.0,0.0,0.0,16.52,8.21,0.0
20230722:2310,0.0,0.0,0.0,16.44,7.66,0.0
20230723:0010,0.0,0.0,0.0,16.33,7.72,0.0
20230723:0110,0.0,0.0,0.0,16.3,8.0,0.0
20230723:0210,0.0,0.0,0.0,16.26,7.93,0.0
20230723:0310,0.0,0.0,0.0,16.21,7.66,0.0
20230723:0410,0.0,0.0,0.0,16.12,7.59,0.0
20230723:0510,14.82,15.74,4.57,16.06,7.31,0.0
20230723:0610,148.23,76.29,13.5,16.1,7.17,0.0
20230723:0710,403.41,179.99,22.91,16.24,7.52,0.0
20230723:0810,693.09,291.78,32.46,16.36,7.31,0.0
20230723:0910,1459.71,603.49,41.73,16.62,7.1,0.0
20230723:1010,892.5,371.89,50.09,16.78,6.97,0.0
20230723:1110,1357.71,563.77,56.55,16.8,7.03,0.0
20230723:1210,1937.67,819.63,59.64,16.92,6.9,0.0
20230723:1310,2213.73,949.62,58.27,17.2,6.76,0.0
20230723:1410,2077.35,882.8,52.97,17.22,6.76,0.0
20230723:1510,1465.68,608.87,45.22,17.19,6.9,0.0
20230723:1610,1344.96,558.34,36.22,17.02,6.9,0.0
20230723:1710,578.82,250.48,26.73,16.93,6.62,0.0
20230723:1810,265.56,128.56,17.22,16.64,6.21,0.0
20230723:1910,66.78,41.1,8.06,16.43,5.79,0.0
20230723:2010,0.0,0.0,0.0,16.2,5.31,0.0
20230723:2110,0.0,0.0,0.0,16.01,4.76,0.0
20230723:2210,0.0,0.0,0.0,15.76,3.66,0.0
20230723:2310,0.0,0.0,0.0,15.66,3.17,0.0
20230724:0010,0.0,0.0,0.0,15.68,3.24,0.0
20230724:0110,0.0,0.0,0.0,15.79,3.45,0.0
20230724:0210,0.0,0.0,0.0,15.68,3.45,0.0
20230724:0310,0.0,0.0,0.0,15.56,3.45,0.0
20230724:0410,0.0,0.0,0.0,15.39,3.1,0.0
20230724:0510,3.72,8.74,4.41,15.31,3.1,0.0
20230724:0610,155.25,86.04,13.34,15.3,3.38,0.0
20230724:0710,387.75,174.23,22.76,15.56,3.31,0.0
20230724:0810,1035.66,439.03,32.3,15.86,2.97,0.0
20230724:0910,869.85,367.54,41.56,16.14,2.62,0.0
20230724:1010,1498.47,632.73,49.92,16.44,4.21,0.0
20230724:1110,336.09,151.12,56.36,16.39,5.24,0.0
20230724:1210,383.61,169.66,59.43,16.41,6.41,0.0
20230724:1310,844.38,352.04,58.08,16.31,7.17,0.0
20230724:1410,651.42,275.1,52.8,16.28,6.97,0.0
20230724:1510,1287.63,533.52,45.06,16.6,6.41,0.0
20230724:1610,520.35,224.02,36.07,16.71,5.86,0.0
20230724:1710,687.96,298.04,26.58,16.7,5.93,0.0
20230724:1810,270.93,134.25,17.07,16.58,5.79,0.0
20230724:1910,76.68,45.47,7.9,16.35,5.59,0.0
20230724:2010,0.0,0.0,0.0,15.9,5.45,0.0
20230724:2110,0.0,0.0,0.0,15.27,6.0,0.0
20230724:2210,0.0,0.0,0.0,14.59,6.34,0.0
20230724:2310,0.0,0.0,0.0,14.34,6.34,0.0
20230725:0010,0.0,0.0,0.0,14.11,6.14,0.0
20230725:0110,0.0,0.0,0.0,13.85,5.66,0.0
20230725:0210,0.0,0.0,0.0,13.66,4.97,0.0
20230725:0310,0.0,0.0,0.0,13.7,4.34,0.0
20230725:0410,0.0,0.0,0.0,13.57,3.72,0.0
20230725:0510,23.16,20.11,4.24,13.52,3.24,0.0
20230725:0610,136.41,80.69,13.18,13.95,2.97,0.0
20230725:0710,449.31,201.0,22.6,14.58,2.69,0.0
20230725:0810,1172.49,499.0,32.14,15.29,2.62,0.0
20230725:0910,1606.62,688.64,41.4,15.94,2.62,0.0
20230725:1010,904.98,381.32,49.74,16.18,3.31,0.0
20230725:1110,1703.64,734.55,56.16,16.6,3.38,0.0
20230725:1210,2278.05,1023.69,59.22,16.95,3.45,0.0
20230725:1310,2112.33,933.93,57.87,17.17,3.72,0.0
20230725:1410,1812.51,781.13,52.61,17.45,4.21,0.0
20230725:1510,1537.68,651.06,44.89,17.57,4.55,0.0
20230725:1610,1197.39,504.53,35.92,17.43,4.28,0.0
20230725:1710,791.61,349.39,26.43,17.32,4.07,0.0
20230725:1810,246.06,142.14,16.92,16.95,4.28,0.0
20230725:1910,72.6,43.72,7.74,16.46,4.07,0.0
20230725:2010,0.0,0.0,0.0,15.76,3.66,0.0
20230725:2110,0.0,0.0,0.0,14.99,3.1,0.0
20230725:2210,0.0,0.0,0.0,15.1,2.97,0.0
20230725:2310,0.0,0.0,0.0,14.93,2.41,0.0
20230726:0010,0.0,0.0,0.0,14.67,2.07,0.0
20230726:0110,0.0,0.0,0.0,14.5,1.45,0.0
20230726:0210,0.0,0.0,0.0,14.18,1.24,0.0
20230726:0310,0.0,0.0,0.0,13.86,1.17,0.0
20230726:0410,0.0,0.0,0.0,13.81,1.31,0.0
20230726:0510,18.15,17.49,4.06,14.0,1.52,0.0
20230726:0610,161.28,85.03,13.01,14.58,2.55,0.0
20230726:0710,290.73,133.28,22.44,15.15,3.72,0.0
20230726:0810,415.23,182.15,31.98,15.77,4.62,0.0
20230726:0910,351.09,156.68,41.23,15.93,5.52,0.0
20230726:1010,314.1,141.85,49.55,16.05,7.38,0.0
20230726:1110,250.86,116.82,55.95,16.01,7.52,0.0
20230726:1210,585.75,248.81,59.01,16.15,7.38,0.0
20230726:1310,372.66,165.02,57.66,16.33,7.72,0.0
20230726:1410,271.26,125.16,52.42,16.54,7.79,0.0
20230726:1510,299.34,136.28,44.72,16.68,8.28,0.0
20230726:1610,341.58,152.97,35.75,16.72,8.28,0.0
20230726:1710,137.76,71.39,26.27,16.64,8.41,0.0
20230726:1810,55.89,36.16,16.76,16.59,8.9,0.0
20230726:1910,49.53,33.23,7.57,16.55,9.31,0.0
20230726:2010,0.0,0.0,0.0,16.55,9.38,0.0
20230726:2110,0.0,0.0,0.0,16.6,10.0,0.0
20230726:2210,0.0,0.0,0.0,16.72,9.17,0.0
20230726:2310,0.0,0.0,0.0,16.75,9.59,0.0
20230727:0010,0.0,0.0,0.0,16.79,10.0,0.0
20230727:0110,0.0,0.0,0.0,16.9,10.28,0.0
20230727:0210,0.0,0.0,0.0,16.99,10.07,0.0
20230727:0310,0.0,0.0,0.0,16.96,9.59,0.0
20230727:0410,0.0,0.0,0.0,16.93,8.97,0.0
20230727:0510,21.09,19.24,3.89,16.9,8.28,0.0
20230727:0610,127.38,76.63,12.85,16.92,7.52,0.0
20230727:0710,47.73,32.45,22.27,16.98,7.38,0.0
20230727:0810,275.01,127.01,31.82,17.1,7.1,0.0
20230727:0910,377.55,167.81,41.05,17.23,6.69,0.0
20230727:1010,523.44,225.59,49.36,17.2,6.55,0.0
20230727:1110,833.49,349.86,55.75,17.24,6.28,0.0
20230727:1210,1248.84,520.92,58.78,17.29,6.41,0.0
20230727:1310,888.21,372.43,57.45,17.37,6.21,0.0
20230727:1410,726.33,307.26,52.23,17.6,6.14,0.0
20230727:1510,623.43,266.07,44.54,17.64,5.86,0.0
20230727:1610,655.41,278.86,35.59,17.61,5.59,0.0
20230727:1710,259.92,121.4,26.11,17.51,5.93,0.0
20230727:1810,179.37,89.33,16.59,17.33,6.14,0.0
20230727:1910,47.43,32.35,7.4,17.25,5.86,0.0
20230727:2010,0.0,0.0,0.0,17.02,5.24,0.0
20230727:2110,0.0,0.0,0.0,16.79,4.69,0.0
20230727:2210,0.0,0.0,0.0,16.37,3.93,0.0
20230727:2310,0.0,0.0,0.0,16.1,3.93,0.0
20230728:0010,0.0,0.0,0.0,16.0,3.72,0.0
20230728:0110,0.0,0.0,0.0,15.95,3.93,0.0
20230728:0210,0.0,0.0,0.0,15.97,4.21,0.0
20230728:0310,0.0,0.0,0.0,15.91,4.48,0.0
20230728:0410,0.0,0.0,0.0,16.0,4.55,0.0
20230728:0510,0.0,3.5,3.71,16.05,4.83,0.0
20230728:0610,70.41,42.65,12.67,16.06,5.38,0.0
20230728:0710,336.6,152.81,22.11,16.37,5.66,0.0
20230728:0810,519.51,223.58,31.65,16.48,5.93,0.0
20230728:0910,490.35,212.08,40.88,16.69,6.07,0.0
20230728:1010,689.73,291.9,49.17,16.89,5.66,0.0
20230728:1110,2168.31,929.97,55.53,17.22,6.41,0.0
20230728:1210,1707.78,717.97,58.56,17.34,6.83,0.0
20230728:1310,1037.79,431.86,57.23,17.43,7.45,0.0
20230728:1410,947.43,394.26,52.03,17.46,7.93,0.0
20230728:1510,1017.81,421.34,44.36,17.18,7.93,0.0
20230728:1610,740.16,310.46,35.41,17.09,7.72,0.0
20230728:1710,620.16,268.32,25.94,17.02,7.31,0.0
20230728:1810,192.51,94.8,16.42,16.76,6.97,0.0
20230728:1910,0.42,6.12,7.22,16.48,6.21,0.0
20230728:2010,0.0,0.0,0.0,16.33,5.86,0.0
20230728:2110,0.0,0.0,0.0,16.3,5.86,0.0
20230728:2210,0.0,0.0,0.0,16.09,4.83,0.0
20230728:2310,0.0,0.0,0.0,15.99,5.72,0.0
20230729:0010,0.0,0.0,0.0,15.95,5.38,0.0
20230729:0110,0.0,0.0,0.0,15.91,5.86,0.0
20230729:0210,0.0,0.0,0.0,15.78,6.28,0.0
20230729:0310,0.0,0.0,0.0,15.65,6.55,0.0
20230729:0410,0.0,0.0,0.0,15.48,6.41,0.0
20230729:0510,16.44,16.61,3.52,15.38,6.55,0.0
20230729:0610,148.56,81.2,12.5,15.55,6.69,0.0
20230729:0710,442.62,198.49,21.94,15.83,6.62,0.0
20230729:0810,1122.39,468.25,31.48,16.21,6.69,0.0
20230729:0910,1568.88,650.63,40.7,16.45,6.62,0.0
20230729:1010,2043.54,864.22,48.98,16.83,6.69,0.0
20230729:1110,2229.15,952.66,55.32,17.08,7.03,0.0
20230729:1210,1565.46,653.95,58.33,17.28,7.17,0.0
20230729:1310,1793.25,752.61,57.0,17.31,7.45,0.0
20230729:1410,1692.42,705.79,51.82,17.39,7.72,0.0
20230729:1510,1607.34,666.45,44.17,17.49,7.93,0.0
20230729:1610,1142.55,473.14,35.24,17.52,8.07,0.0
20230729:1710,763.53,332.53,25.76,17.39,8.14,0.0
20230729:1810,259.65,131.16,16.24,17.1,8.21,0.0
20230729:1910,36.6,27.11,7.04,16.72,8.14,0.0
20230729:2010,0.0,0.0,0.0,16.21,8.21,0.0
20230729:2110,0.0,0.0,0.0,15.92,8.14,0.0
20230729:2210,0.0,0.0,0.0,15.8,7.03,0.0
20230729:2310,0.0,0.0,0.0,15.65,7.03,0.0
20230730:0010,0.0,0.0,0.0,15.47,7.38,0.0
20230730:0110,0.0,0.0,0.0,15.39,7.59,0.0
20230730:0210,0.0,0.0,0.0,15.47,7.66,0.0
20230730:0310,0.0,0.0,0.0,15.56,6.83,0.0
20230730:0410,0.0,0.0,0.0,15.61,6.83,0.0
20230730:0510,6.21,10.49,3.34,15.74,6.97,0.0
20230730:0610,145.62,76.29,12.33,15.75,7.79,0.0
20230730:0710,294.33,134.89,21.77,16.29,8.28,0.0
20230730:0810,337.59,151.22,31.31,16.62,9.1,0.0
20230730:0910,621.3,262.53,40.52,16.92,9.24,0.0
20230730:1010,382.14,168.73,48.78,16.7,9.38,0.0
20230730:1110,257.28,119.6,55.1,16.77,9.24,0.0
20230730:1210,545.04,232.7,58.09,16.87,9.79,0.0
20230730:1310,897.21,371.86,56.77,17.1,10.07,0.0
20230730:1410,634.83,268.38,51.61,17.41,10.28,0.0
20230730:1510,1304.91,535.07,43.98,17.4,9.93,0.0
20230730:1610,84.84,49.14,35.05,17.22,10.21,0.0
20230730:1710,247.8,115.89,25.58,17.06,10.62,0.0
20230730:1810,26.85,22.25,16.06,16.87,10.14,0.0
20230730:1910,7.5,11.37,6.85,16.77,10.07,0.0
20230730:2010,0.0,0.0,0.0,16.69,10.21,0.0
20230730:2110,0.0,0.0,0.0,16.78,10.48,0.0
20230730:2210,0.0,0.0,0.0,17.04,10.62,0.0
20230730:2310,0.0,0.0,0.0,17.21,10.97,0.0
20230731:0010,0.0,0.0,0.0,17.28,10.62,0.0
20230731:0110,0.0,0.0,0.0,17.27,10.28,0.0
20230731:0210,0.0,0.0,0.0,17.2,9.72,0.0
20230731:0310,0.0,0.0,0.0,17.08,9.52,0.0
20230731:0410,0.0,0.0,0.0,17.0,9.17,0.0
20230731:0510,4.89,9.62,3.15,16.9,8.28,0.0
20230731:0610,11.58,13.91,12.15,16.84,7.45,0.0
20230731:0710,133.08,69.53,21.59,16.82,7.31,0.0
20230731:0810,194.31,94.56,31.13,16.82,7.38,0.0
20230731:0910,117.51,63.04,40.33,16.86,7.31,0.0
20230731:1010,217.38,103.84,48.58,16.86,7.79,0.0
20230731:1110,231.57,109.4,54.87,16.46,7.03,0.0
20230731:1210,276.09,127.01,57.85,16.22,6.76,0.0
20230731:1310,304.2,138.14,56.53,16.13,6.34,0.0
20230731:1410,1097.61,454.09,51.39,16.41,7.03,0.0
20230731:1510,832.98,347.53,43.77,16.69,6.76,0.0
20230731:1610,644.46,272.7,34.86,16.71,6.55,0.0
20230731:1710,113.16,61.19,25.4,16.71,6.69,0.0
20230731:1810,108.78,59.33,15.87,16.72,6.9,0.0
20230731:1910,0.0,5.25,6.66,16.59,7.17,0.0
20230731:2010,0.0,0.0,0.0,16.29,7.45,0.0
20230731:2110,0.0,0.0,0.0,15.98,7.52,0.0
20230731:2210,0.0,0.0,0.0,15.88,7.03,0.0
20230731:2310,0.0,0.0,0.0,15.8,7.79,0.0
20230801:0010,0.0,0.0,0.0,15.77,8.69,0.0
20230801:0110,0.0,0.0,0.0,15.75,8.9,0.0
20230801:0210,0.0,0.0,0.0,15.68,8.21,0.0
20230801:0310,0.0,0.0,0.0,15.65,7.72,0.0
20230801:0410,0.0,0.0,0.0,15.62,7.86,0.0
20230801:0510,0.0,3.5,2.96,15.83,8.14,0.0
20230801:0610,129.66,68.79,11.97,15.86,7.66,0.0
20230801:0710,527.16,245.84,21.42,15.92,7.31,0.0
20230801:0810,515.58,221.34,30.95,16.17,6.9,0.0
20230801:0910,1140.93,472.32,40.15,16.5,6.21,0.0
20230801:1010,1239.39,517.38,48.37,16.75,5.17,0.0
20230801:1110,1517.94,635.62,54.64,16.82,5.93,0.0
20230801:1210,1397.85,582.73,57.6,16.98,6.55,0.0
20230801:1310,1812.0,764.9,56.29,17.13,6.48,0.0
20230801:1410,1241.31,513.91,51.16,17.18,7.59,0.0
20230801:1510,1134.48,468.52,43.57,17.04,7.66,0.0
20230801:1610,400.92,176.51,34.67,16.76,7.31,0.0
20230801:1710,169.35,84.37,25.21,16.41,6.21,0.0
20230801:1810,25.17,21.32,15.68,15.95,5.86,0.0
20230801:1910,47.82,32.35,6.46,15.82,6.97,0.0
20230801:2010,0.0,0.0,0.0,16.05,7.86,0.0
20230801:2110,0.0,0.0,0.0,16.59,6.9,0.0
20230801:2210,0.0,0.0,0.0,16.88,6.9,0.0
20230801:2310,0.0,0.0,0.0,17.24,8.48,0.0
20230802:0010,0.0,0.0,0.0,17.46,9.93,0.0
20230802:0110,0.0,0.0,0.0,17.2,10.9,0.0
20230802:0210,0.0,0.0,0.0,16.63,10.55,0.0
20230802:0310,0.0,0.0,0.0,16.17,10.21,0.0
20230802:0410,0.0,0.0,0.0,15.86,10.83,0.0
20230802:0510,8.94,12.24,2.77,15.5,11.45,0.0
20230802:0610,112.68,69.0,11.79,15.29,11.24,0.0
20230802:0710,206.7,99.04,21.24,15.7,10.21,0.0
20230802:0810,207.36,99.2,30.77,15.87,11.93,0.0
20230802:0910,346.59,153.9,39.96,15.95,12.9,0.0
20230802:1010,689.37,287.52,48.17,16.37,12.34,0.0
20230802:1110,460.89,199.33,54.41,16.81,11.24,0.0
20230802:1210,569.88,241.97,57.35,16.92,11.72,0.0
20230802:1310,1274.79,520.22,56.04,16.85,12.21,0.0
20230802:1410,777.93,323.43,50.93,16.92,11.31,0.0
20230802:1510,600.6,254.61,43.35,17.29,10.21,0.0
20230802:1610,733.23,306.55,34.46,17.16,9.72,0.0
20230802:1710,459.45,200.72,25.01,16.81,9.45,0.0
20230802:1810,96.0,53.77,15.48,16.36,9.93,0.0
20230802:1910,13.26,14.87,6.25,16.2,10.41,0.0
20230802:2010,0.0,0.0,0.0,16.2,10.28,0.0
20230802:2110,0.0,0.0,0.0,16.06,10.07,0.0
20230802:2210,0.0,0.0,0.0,16.0,9.66,0.0
20230802:2310,0.0,0.0,0.0,15.99,9.52,0.0
20230803:0010,0.0,0.0,0.0,16.02,8.69,0.0
20230803:0110,0.0,0.0,0.0,16.02,7.93,0.0
20230803:0210,0.0,0.0,0.0,15.93,7.45,0.0
20230803:0310,0.0,0.0,0.0,15.88,7.31,0.0
20230803:0410,0.0,0.0,0.0,15.85,7.03,0.0
20230803:0510,0.0,1.75,2.58,15.77,6.83,0.0
20230803:0610,131.1,69.66,11.6,15.81,6.55,0.0
20230803:0710,261.3,121.62,21.06,16.0,6.28,0.0
20230803:0810,559.38,238.83,30.59,16.13,6.41,0.0
20230803:0910,903.06,375.33,39.77,16.23,6.07,0.0
20230803:1010,1857.24,790.01,47.95,16.22,4.76,0.0
20230803:1110,1924.47,821.49,54.17,16.48,5.24,0.0
20230803:1210,1127.13,470.33,57.09,16.94,5.86,0.0
20230803:1310,1097.58,456.97,55.79,17.16,6.62,0.0
20230803:1410,1109.22,459.77,50.69,16.97,7.17,0.0
20230803:1510,1614.39,667.43,43.14,16.73,7.66,0.0
20230803:1610,1222.83,503.6,34.26,16.63,8.21,0.0
20230803:1710,535.41,232.17,24.81,16.51,8.41,0.0
20230803:1810,102.42,56.55,15.27,16.43,8.0,0.0
20230803:1910,47.73,32.35,6.04,16.15,7.52,0.0
20230803:2010,0.0,0.0,0.0,15.8,7.1,0.0
20230803:2110,0.0,0.0,0.0,15.56,6.83,0.0
20230803:2210,0.0,0.0,0.0,15.25,6.0,0.0
20230803:2310,0.0,0.0,0.0,15.19,6.28,0.0
20230804:0010,0.0,0.0,0.0,15.08,6.14,0.0
20230804:0110,0.0,0.0,0.0,15.06,6.14,0.0
20230804:0210,0.0,0.0,0.0,14.9,6.07,0.0
20230804:0310,0.0,0.0,0.0,14.73,6.0,0.0
20230804:0410,0.0,0.0,0.0,14.6,6.21,0.0
20230804:0510,3.75,8.74,2.38,14.44,6.21,0.0
20230804:0610,127.77,67.79,11.41,14.43,5.93,0.0
20230804:0710,341.61,153.9,20.88,14.58,6.48,0.0
20230804:0810,456.33,197.04,30.41,14.95,6.55,0.0
20230804:0910,767.76,319.73,39.57,15.37,6.41,0.0
20230804:1010,1315.65,545.35,47.74,15.8,5.79,0.0
20230804:1110,1496.94,625.98,53.93,16.17,5.59,0.0
20230804:1210,1651.98,696.12,56.83,16.5,5.59,0.0
20230804:1310,1623.48,682.15,55.53,16.61,5.86,0.0
20230804:1410,1414.14,588.06,50.45,16.49,6.28,0.0
20230804:1510,1121.46,464.0,42.91,16.39,6.41,0.0
20230804:1610,585.18,248.55,34.04,16.14,6.69,0.0
20230804:1710,129.18,67.68,24.6,15.87,6.48,0.0
20230804:1810,42.18,29.67,15.06,15.56,5.86,0.0
20230804:1910,6.24,10.49,5.82,15.27,4.76,0.0
20230804:2010,0.0,0.0,0.0,14.9,3.72,0.0
20230804:2110,0.0,0.0,0.0,14.67,3.59,0.0
20230804:2210,0.0,0.0,0.0,14.48,4.69,0.0
20230804:2310,0.0,0.0,0.0,14.31,4.28,0.0
20230805:0010,0.0,0.0,0.0,14.35,5.24,0.0
20230805:0110,0.0,0.0,0.0,14.54,7.59,0.0
20230805:0210,0.0,0.0,0.0,14.68,9.31,0.0
20230805:0310,0.0,0.0,0.0,14.97,10.14,0.0
20230805:0410,0.0,0.0,0.0,15.15,11.03,0.0
20230805:0510,2.55,7.87,2.18,15.54,11.86,0.0
20230805:0610,123.15,65.91,11.23,15.63,11.93,0.0
20230805:0710,305.55,139.24,20.69,15.83,11.24,0.0
20230805:0810,560.4,237.23,30.22,15.91,11.59,0.0
20230805:0910,627.06,263.07,39.37,16.17,11.59,0.0
20230805:1010,917.61,374.76,47.52,15.49,12.69,0.0
20230805:1110,940.14,383.83,53.69,15.44,12.97,0.0
20230805:1210,519.99,220.65,56.57,15.6,14.41,0.0
20230805:1310,976.98,397.5,55.26,15.66,15.1,0.0
20230805:1410,611.85,256.06,50.2,15.68,14.97,0.0
20230805:1510,1587.6,637.33,42.68,15.72,14.62,0.0
20230805:1610,1376.22,554.64,33.83,15.57,14.07,0.0
20230805:1710,650.85,278.79,24.38,15.64,12.62,0.0
20230805:1810,233.94,121.91,14.85,15.51,11.03,0.0
20230805:1910,46.14,31.48,5.6,15.22,9.86,0.0
20230805:2010,0.0,0.0,0.0,14.93,8.76,0.0
20230805:2110,0.0,0.0,0.0,14.75,7.86,0.0
20230805:2210,0.0,0.0,0.0,14.6,7.03,0.0
20230805:2310,0.0,0.0,0.0,14.41,6.28,0.0
20230806:0010,0.0,0.0,0.0,14.23,5.59,0.0
20230806:0110,0.0,0.0,0.0,14.13,5.24,0.0
20230806:0210,0.0,0.0,0.0,14.02,5.1,0.0
20230806:0310,0.0,0.0,0.0,13.87,5.17,0.0
20230806:0410,0.0,0.0,0.0,13.87,5.1,0.0
20230806:0510,0.0,0.87,1.98,13.68,5.1,0.0
20230806:0610,84.72,58.74,11.04,13.85,5.24,0.0
20230806:0710,551.79,260.66,20.51,14.38,5.52,0.0
20230806:0810,1032.93,429.63,30.03,14.95,5.86,0.0
20230806:0910,1433.37,593.24,39.17,15.57,5.79,0.0
20230806:1010,2055.63,885.49,47.3,15.97,4.48,0.0
20230806:1110,1013.94,423.98,53.44,16.28,4.76,0.0
20230806:1210,1758.36,746.25,56.3,16.51,5.24,0.0
20230806:1310,2026.29,868.75,54.99,16.58,5.52,0.0
20230806:1410,1771.59,747.45,49.95,16.67,5.79,0.0
20230806:1510,1741.8,730.57,42.45,16.81,6.0,0.0
20230806:1610,1286.07,534.96,33.6,16.73,6.14,0.0
20230806:1710,699.81,305.42,24.17,16.55,6.07,0.0
20230806:1810,217.47,124.4,14.63,16.23,6.0,0.0
20230806:1910,42.24,29.73,5.37,15.73,5.59,0.0
20230806:2010,0.0,0.0,0.0,15.13,5.17,0.0
20230806:2110,0.0,0.0,0.0,14.62,4.83,0.0
20230806:2210,0.0,0.0,0.0,14.28,4.28,0.0
20230806:2310,0.0,0.0,0.0,14.13,3.79,0.0
20230807:0010,0.0,0.0,0.0,13.89,4.0,0.0
20230807:0110,0.0,0.0,0.0,13.85,4.28,0.0
20230807:0210,0.0,0.0,0.0,13.84,4.07,0.0
20230807:0310,0.0,0.0,0.0,13.59,3.66,0.0
20230807:0410,0.0,0.0,0.0,13.4,3.24,0.0
20230807:0510,0.0,3.5,1.78,13.31,3.38,0.0
20230807:0610,76.23,55.53,10.84,13.63,3.45,0.0
20230807:0710,540.42,256.83,20.32,14.3,3.24,0.0
20230807:0810,1113.63,470.57,29.84,14.97,3.17,0.0
20230807:0910,1402.92,592.28,38.97,15.48,2.97,0.0
20230807:1010,1588.17,676.06,47.08,15.81,3.31,0.0
20230807:1110,1971.99,858.45,53.19,16.01,3.59,0.0
20230807:1210,2078.19,902.44,56.02,16.18,4.48,0.0
20230807:1310,1776.81,751.97,54.72,16.31,5.45,0.0
20230807:1410,1784.61,747.0,49.69,16.3,6.62,0.0
20230807:1510,936.99,388.44,42.21,16.08,6.41,0.0
20230807:1610,722.25,302.7,33.37,15.83,6.07,0.0
20230807:1710,176.94,87.15,23.94,15.56,6.14,0.0
20230807:1810,211.35,105.63,14.4,15.35,5.86,0.0
20230807:1910,28.05,22.74,5.14,15.14,5.52,0.0
20230807:2010,0.0,0.0,0.0,14.88,5.24,0.0
20230807:2110,0.0,0.0,0.0,14.5,4.76,0.0
20230807:2210,0.0,0.0,0.0,14.22,4.28,0.0
20230807:2310,0.0,0.0,0.0,14.28,4.0,0.0
20230808:0010,0.0,0.0,0.0,14.41,4.0,0.0
20230808:0110,0.0,0.0,0.0,14.56,4.07,0.0
20230808:0210,0.0,0.0,0.0,14.73,4.69,0.0
20230808:0310,0.0,0.0,0.0,14.9,5.1,0.0
20230808:0410,0.0,0.0,0.0,15.03,5.72,0.0
20230808:0510,0.0,0.87,1.57,15.13,6.21,0.0
20230808:0610,106.05,58.5,10.65,15.27,6.83,0.0
20230808:0710,168.03,83.44,20.13,15.39,6.97,0.0
20230808:0810,444.39,192.84,29.65,15.68,7.03,0.0
20230808:0910,479.34,206.7,38.77,16.03,7.31,0.0
20230808:1010,499.26,214.52,46.85,16.09,7.72,0.0
20230808:1110,721.92,302.7,52.93,16.35,7.59,0.0
20230808:1210,785.43,328.31,55.75,16.45,7.45,0.0
20230808:1310,346.35,154.83,54.44,16.42,7.17,0.0
20230808:1410,280.62,128.87,49.43,16.35,6.83,0.0
20230808:1510,636.27,269.03,41.96,16.37,6.62,0.0
20230808:1610,289.8,132.58,33.14,16.41,6.55,0.0
20230808:1710,310.14,141.01,23.71,16.4,6.21,0.0
20230808:1810,201.12,101.99,14.17,16.4,6.14,0.0
20230808:1910,34.89,26.23,4.9,16.31,6.21,0.0
20230808:2010,0.0,0.0,0.0,16.08,5.79,0.0
20230808:2110,0.0,0.0,0.0,15.79,5.31,0.0
20230808:2210,0.0,0.0,0.0,15.72,4.07,0.0
20230808:2310,0.0,0.0,0.0,15.62,4.28,0.0
20230809:0010,0.0,0.0,0.0,15.63,4.14,0.0
20230809:0110,0.0,0.0,0.0,15.63,4.14,0.0
20230809:0210,0.0,0.0,0.0,15.58,4.0,0.0
20230809:0310,0.0,0.0,0.0,15.58,3.66,0.0
20230809:0410,0.0,0.0,0.0,15.59,3.45,0.0
20230809:0510,0.0,0.87,1.37,15.57,3.38,0.0
20230809:0610,110.64,61.24,10.45,15.49,3.24,0.0
20230809:0710,329.49,151.24,19.94,15.47,2.76,0.0
20230809:0810,470.64,205.15,29.45,15.63,2.41,0.0
20230809:0910,798.33,338.08,38.56,15.9,2.14,0.0
20230809:1010,1000.62,425.93,46.62,16.9,1.93,0.0
20230809:1110,1739.88,769.65,52.67,17.31,1.86,0.0
20230809:1210,1752.06,775.24,55.46,17.56,2.07,0.0
20230809:1310,1210.5,518.35,54.15,17.62,2.34,0.0
20230809:1410,1490.52,641.33,49.16,17.71,2.83,0.0
20230809:1510,1612.11,691.98,41.71,17.53,3.17,0.0
20230809:1610,817.62,346.71,32.9,17.45,3.38,0.0
20230809:1710,453.6,201.4,23.48,17.25,3.66,0.0
20230809:1810,185.58,94.89,13.94,16.91,3.31,0.0
20230809:1910,14.73,15.74,4.66,16.68,2.83,0.0
20230809:2010,0.0,0.0,0.0,16.35,2.83,0.0
20230809:2110,0.0,0.0,0.0,16.25,3.24,0.0
20230809:2210,0.0,0.0,0.0,16.07,3.66,0.0
20230809:2310,0.0,0.0,0.0,16.06,4.21,0.0
20230810:0010,0.0,0.0,0.0,15.97,4.83,0.0
20230810:0110,0.0,0.0,0.0,15.92,5.17,0.0
20230810:0210,0.0,0.0,0.0,15.92,5.86,0.0
20230810:0310,0.0,0.0,0.0,16.03,6.41,0.0
20230810:0410,0.0,0.0,0.0,16.15,6.41,0.0
20230810:0510,0.0,0.0,0.0,16.35,6.34,0.0
20230810:0610,5.73,10.2,10.26,16.52,6.0,0.0
20230810:0710,220.08,105.37,19.74,16.81,6.14,0.0
20230810:0810,866.52,364.45,29.26,17.01,5.93,0.0
20230810:0910,980.73,409.38,38.35,17.23,5.38,0.0
20230810:1010,1490.7,628.66,46.39,17.39,4.76,0.0
20230810:1110,1583.85,673.42,52.41,17.42,4.48,0.0
20230810:1210,2319.6,1027.75,55.18,17.6,4.69,0.0
20230810:1310,1136.04,477.28,53.86,17.63,4.97,0.0
20230810:1410,346.02,155.75,48.89,17.6,5.72,0.0
20230810:1510,750.9,316.19,41.45,17.61,6.48,0.0
20230810:1610,281.22,129.79,32.65,17.45,6.14,0.0
20230810:1710,442.35,195.97,23.24,17.39,5.86,0.0
20230810:1810,91.11,51.92,13.69,17.21,5.59,0.0
20230810:1910,8.85,12.24,4.41,17.16,5.93,0.0
20230810:2010,0.0,0.0,0.0,17.13,6.62,0.0
20230810:2110,0.0,0.0,0.0,17.21,6.9,0.0
20230810:2210,0.0,0.0,0.0,17.26,5.93,0.0
20230810:2310,0.0,0.0,0.0,17.12,5.93,0.0
20230811:0010,0.0,0.0,0.0,16.89,5.72,0.0
20230811:0110,0.0,0.0,0.0,16.7,4.83,0.0
20230811:0210,0.0,0.0,0.0,16.65,4.28,0.0
20230811:0310,0.0,0.0,0.0,16.54,4.28,0.0
20230811:0410,0.0,0.0,0.0,16.49,4.14,0.0
20230811:0510,0.0,0.0,0.0,16.48,4.21,0.0
20230811:0610,111.51,62.03,10.06,16.42,4.76,0.0
20230811:0710,244.74,115.41,19.55,16.52,5.59,0.0
20230811:0810,473.46,205.43,29.06,16.57,5.93,0.0
20230811:0910,759.99,319.26,38.14,16.83,5.66,0.0
20230811:1010,1128.09,473.78,46.15,17.14,4.21,0.0
20230811:1110,1623.18,690.14,52.15,17.5,4.76,0.0
20230811:1210,2190.09,954.41,54.89,17.63,5.38,0.0
20230811:1310,1871.37,797.34,53.57,17.54,5.86,0.0
20230811:1410,1427.76,596.18,48.61,17.44,6.28,0.0
20230811:1510,1413.6,587.99,41.19,17.3,6.34,0.0
20230811:1610,688.08,290.79,32.4,17.15,6.14,0.0
20230811:1710,526.5,231.05,22.99,16.99,6.14,0.0
20230811:1810,199.08,104.3,13.45,16.88,5.86,0.0
20230811:1910,0.0,4.37,4.16,16.73,5.45,0.0
20230811:2010,0.0,0.0,0.0,16.51,5.38,0.0
20230811:2110,0.0,0.0,0.0,16.28,5.52,0.0
20230811:2210,0.0,0.0,0.0,16.1,6.83,0.0
20230811:2310,0.0,0.0,0.0,16.19,6.97,0.0
20230812:0010,0.0,0.0,0.0,16.24,7.52,0.0
20230812:0110,0.0,0.0,0.0,16.31,7.86,0.0
20230812:0210,0.0,0.0,0.0,16.3,7.52,0.0
20230812:0310,0.0,0.0,0.0,16.21,7.24,0.0
20230812:0410,0.0,0.0,0.0,16.12,7.38,0.0
20230812:0510,0.0,0.0,0.0,16.09,7.52,0.0
20230812:0610,98.67,55.67,9.86,16.13,7.66,0.0
20230812:0710,281.85,130.61,19.35,16.31,7.86,0.0
20230812:0810,417.21,182.56,28.86,16.49,8.14,0.0
20230812:0910,712.77,298.33,37.92,16.78,8.55,0.0
20230812:1010,1259.43,517.89,45.92,17.03,8.76,0.0
20230812:1110,1884.81,785.89,51.88,17.26,8.69,0.0
20230812:1210,2441.19,1038.98,54.59,17.45,9.1,0.0
20230812:1310,2132.64,895.18,53.27,17.54,9.31,0.0
20230812:1410,1710.51,707.94,48.32,17.44,9.1,0.0
20230812:1510,1705.41,703.9,40.92,17.31,8.76,0.0
20230812:1610,905.4,375.64,32.15,17.3,8.76,0.0
20230812:1710,551.76,241.45,22.74,17.11,8.14,0.0
20230812:1810,149.01,77.28,13.2,16.96,8.0,0.0
20230812:1910,17.88,17.49,3.9,16.72,7.52,0.0
20230812:2010,0.0,0.0,0.0,16.42,7.24,0.0
20230812:2110,0.0,0.0,0.0,16.12,6.69,0.0
20230812:2210,0.0,0.0,0.0,16.03,5.86,0.0
20230812:2310,0.0,0.0,0.0,15.86,5.86,0.0
20230813:0010,0.0,0.0,0.0,15.87,5.93,0.0
20230813:0110,0.0,0.0,0.0,15.75,5.79,0.0
20230813:0210,0.0,0.0,0.0,15.61,5.93,0.0
20230813:0310,0.0,0.0,0.0,15.69,6.07,0.0
20230813:0410,0.0,0.0,0.0,15.54,5.86,0.0
20230813:0510,0.0,0.0,0.0,15.44,5.93,0.0
20230813:0610,102.96,59.94,9.65,15.5,5.93,0.0
20230813:0710,322.02,147.5,19.15,15.55,6.48,0.0
20230813:0810,958.14,400.1,28.66,15.99,6.21,0.0
20230813:0910,1334.73,551.89,37.71,16.36,6.21,0.0
20230813:1010,1713.99,718.92,45.67,16.65,5.93,0.0
20230813:1110,1507.38,626.96,51.6,16.85,6.9,0.0
20230813:1210,1888.32,795.28,54.29,16.85,6.97,0.0
20230813:1310,1326.72,549.02,52.97,16.92,7.59,0.0
20230813:1410,437.1,190.98,48.03,16.98,7.31,0.0
20230813:1510,1041.0,430.47,40.65,16.72,6.97,0.0
20230813:1610,591.72,251.16,31.89,16.38,6.97,0.0
20230813:1710,512.25,224.51,22.49,16.32,6.9,0.0
20230813:1810,189.69,103.5,12.94,16.32,6.69,0.0
20230813:1910,0.0,3.5,3.64,16.32,7.03,0.0
20230813:2010,0.0,0.0,0.0,16.27,7.45,0.0
20230813:2110,0.0,0.0,0.0,16.16,7.93,0.0
20230813:2210,0.0,0.0,0.0,16.46,8.41,0.0
20230813:2310,0.0,0.0,0.0,16.42,8.62,0.0
20230814:0010,0.0,0.0,0.0,16.5,8.62,0.0
20230814:0110,0.0,0.0,0.0,16.56,8.62,0.0
20230814:0210,0.0,0.0,0.0,16.61,8.97,0.0
20230814:0310,0.0,0.0,0.0,16.65,9.66,0.0
20230814:0410,0.0,0.0,0.0,16.74,10.14,0.0
20230814:0510,0.0,0.0,0.0,16.74,10.21,0.0
20230814:0610,4.41,9.27,9.45,16.79,9.93,0.0
20230814:0710,189.51,92.64,18.96,16.82,9.66,0.0
20230814:0810,261.84,121.45,28.45,16.83,9.17,0.0
20230814:0910,669.12,281.39,37.49,16.83,8.28,0.0
20230814:1010,903.45,376.23,45.43,16.86,6.62,0.0
20230814:1110,1360.86,566.74,51.33,16.96,6.28,0.0
20230814:1210,1739.43,734.71,53.99,17.24,6.07,0.0
20230814:1310,2021.82,868.61,52.66,17.47,5.66,0.0
20230814:1410,2002.32,861.52,47.74,17.63,5.17,0.0
20230814:1510,1795.86,766.0,40.37,17.66,4.69,0.0
20230814:1610,1304.19,550.68,31.63,17.53,4.34,0.0
20230814:1710,643.23,286.18,22.23,17.38,4.21,0.0
20230814:1810,180.78,104.55,12.68,17.1,4.07,0.0
20230814:1910,14.73,15.74,3.38,16.76,4.28,0.0
20230814:2010,0.0,0.0,0.0,16.29,4.28,0.0
20230814:2110,0.0,0.0,0.0,15.94,3.93,0.0
20230814:2210,0.0,0.0,0.0,15.47,3.59,0.0
20230814:2310,0.0,0.0,0.0,15.18,3.59,0.0
20230815:0010,0.0,0.0,0.0,14.93,3.72,0.0
20230815:0110,0.0,0.0,0.0,14.88,4.07,0.0
20230815:0210,0.0,0.0,0.0,14.88,4.28,0.0
20230815:0310,0.0,0.0,0.0,14.76,4.55,0.0
20230815:0410,0.0,0.0,0.0,14.66,4.21,0.0
20230815:0510,0.0,0.0,0.0,14.72,3.52,0.0
20230815:0610,88.02,55.28,9.24,14.92,3.59,0.0
20230815:0710,482.07,227.15,18.75,15.43,3.59,0.0
20230815:0810,874.77,370.1,28.25,15.91,3.24,0.0
20230815:0910,1141.44,480.96,37.27,16.54,2.97,0.0
20230815:1010,1921.17,833.14,45.18,17.0,3.72,0.0
20230815:1110,2106.75,935.38,51.05,17.37,3.38,0.0
20230815:1210,2330.94,1054.74,53.68,17.61,3.52,0.0
20230815:1310,2259.48,1011.48,52.35,17.78,3.79,0.0
20230815:1410,1963.41,855.77,47.44,17.79,4.0,0.0
20230815:1510,1810.44,779.35,40.09,17.94,4.07,0.0
20230815:1610,1280.85,542.54,31.36,17.94,4.14,0.0
20230815:1710,712.02,320.32,21.96,17.91,4.0,0.0
20230815:1810,173.73,103.59,12.42,17.77,4.0,0.0
20230815:1910,11.67,13.99,3.1,17.42,3.93,0.0
20230815:2010,0.0,0.0,0.0,16.82,3.79,0.0
20230815:2110,0.0,0.0,0.0,16.31,3.59,0.0
20230815:2210,0.0,0.0,0.0,15.5,3.52,0.0
20230815:2310,0.0,0.0,0.0,15.08,3.38,0.0
20230816:0010,0.0,0.0,0.0,14.72,3.45,0.0
20230816:0110,0.0,0.0,0.0,14.47,3.31,0.0
20230816:0210,0.0,0.0,0.0,14.29,3.24,0.0
20230816:0310,0.0,0.0,0.0,14.03,2.76,0.0
20230816:0410,0.0,0.0,0.0,14.02,2.62,0.0
20230816:0510,0.0,0.0,0.0,13.88,2.76,0.0
20230816:0610,89.76,55.19,9.04,14.38,2.76,0.0
20230816:0710,498.78,237.93,18.55,14.87,2.9,0.0
20230816:0810,1100.79,467.86,28.04,15.58,2.76,0.0
20230816:0910,1598.25,687.65,37.05,16.56,2.48,0.0
20230816:1010,1935.27,855.61,44.94,17.59,2.69,0.0
20230816:1110,1654.86,729.58,50.76,18.3,2.07,0.0
20230816:1210,1742.79,787.56,53.37,18.43,1.17,0.0
20230816:1310,1518.27,672.53,52.03,18.47,1.24,0.0
20230816:1410,1896.39,855.31,47.14,18.49,1.79,0.0
20230816:1510,1720.02,758.33,39.8,18.46,2.07,0.0
20230816:1610,1065.84,457.18,31.08,18.37,2.14,0.0
20230816:1710,694.68,316.34,21.7,18.21,1.86,0.0
20230816:1810,149.94,104.1,12.15,18.03,1.31,0.0
20230816:1910,6.12,10.49,2.83,17.64,1.17,0.0
20230816:2010,0.0,0.0,0.0,17.46,1.24,0.0
20230816:2110,0.0,0.0,0.0,17.43,1.38,0.0
20230816:2210,0.0,0.0,0.0,16.87,1.79,0.0
20230816:2310,0.0,0.0,0.0,16.69,1.66,0.0
20230817:0010,0.0,0.0,0.0,16.57,1.52,0.0
20230817:0110,0.0,0.0,0.0,16.41,1.93,0.0
20230817:0210,0.0,0.0,0.0,16.07,2.62,0.0
20230817:0310,0.0,0.0,0.0,15.91,2.62,0.0
20230817:0410,0.0,0.0,0.0,15.86,3.17,0.0
20230817:0510,0.0,0.0,0.0,15.9,4.0,0.0
20230817:0610,80.25,51.7,8.83,16.0,5.1,0.0
20230817:0710,435.57,203.41,18.35,16.65,5.31,0.0
20230817:0810,1002.48,421.93,27.83,17.27,5.72,0.0
20230817:0910,776.64,326.37,36.82,17.9,6.69,0.0
20230817:1010,922.98,386.21,44.68,18.46,7.17,0.0
20230817:1110,747.75,315.92,50.48,18.51,7.59,0.0
20230817:1210,780.33,329.1,53.06,18.55,7.72,0.0
20230817:1310,1539.51,642.11,51.71,18.6,8.28,0.0
20230817:1410,558.9,240.51,46.83,18.74,8.34,0.0
20230817:1510,774.57,325.89,39.51,18.78,8.14,0.0
20230817:1610,370.53,165.87,30.8,18.77,7.79,0.0
20230817:1710,224.55,107.62,21.42,18.71,7.66,0.0
20230817:1810,137.4,73.52,11.87,18.4,7.52,0.0
20230817:1910,0.0,1.75,2.55,18.04,7.24,0.0
20230817:2010,0.0,0.0,0.0,17.87,6.69,0.0
20230817:2110,0.0,0.0,0.0,17.96,6.34,0.0
20230817:2210,0.0,0.0,0.0,18.06,6.69,0.0
20230817:2310,0.0,0.0,0.0,18.02,6.97,0.0
20230818:0010,0.0,0.0,0.0,17.97,7.24,0.0
20230818:0110,0.0,0.0,0.0,17.83,6.62,0.0
20230818:0210,0.0,0.0,0.0,17.71,5.52,0.0
20230818:0310,0.0,0.0,0.0,17.58,5.17,0.0
20230818:0410,0.0,0.0,0.0,17.42,4.48,0.0
20230818:0510,0.0,0.0,0.0,17.3,4.07,0.0
20230818:0610,84.39,51.72,8.62,17.18,3.79,0.0
20230818:0710,225.06,108.29,18.14,17.41,3.86,0.0
20230818:0810,666.51,286.01,27.62,17.77,3.59,0.0
20230818:0910,1268.28,536.05,36.59,18.04,3.72,0.0
20230818:1010,745.62,316.96,44.43,17.93,4.14,0.0
20230818:1110,924.3,388.32,50.19,17.98,5.66,0.0
20230818:1210,1057.56,441.74,52.74,17.88,6.48,0.0
20230818:1310,597.9,255.43,51.39,17.7,7.1,0.0
20230818:1410,452.43,197.47,46.52,17.48,7.31,0.0
20230818:1510,144.0,74.17,39.22,17.25,7.72,0.0
20230818:1610,99.78,55.63,30.52,17.42,8.69,0.0
20230818:1710,123.45,65.82,21.14,18.23,10.0,0.0
20230818:1810,136.56,73.89,11.59,18.55,11.03,0.0
20230818:1910,0.0,1.75,2.27,18.25,12.28,0.0
20230818:2010,0.0,0.0,0.0,18.21,13.72,0.0
20230818:2110,0.0,0.0,0.0,18.67,14.07,0.0
20230818:2210,0.0,0.0,0.0,18.03,10.83,0.0
20230818:2310,0.0,0.0,0.0,17.71,10.48,0.0
20230819:0010,0.0,0.0,0.0,17.51,11.17,0.0
20230819:0110,0.0,0.0,0.0,17.43,11.17,0.0
20230819:0210,0.0,0.0,0.0,17.39,10.69,0.0
20230819:0310,0.0,0.0,0.0,17.23,10.07,0.0
20230819:0410,0.0,0.0,0.0,17.08,9.59,0.0
20230819:0510,0.0,0.0,0.0,17.0,9.31,0.0
20230819:0610,80.73,48.2,8.41,16.99,9.1,0.0
20230819:0710,289.92,135.08,17.93,17.03,9.1,0.0
20230819:0810,693.75,292.17,27.4,17.22,9.24,0.0
20230819:0910,1417.83,582.08,36.36,17.34,9.03,0.0
20230819:1010,1319.94,544.8,44.17,17.7,8.48,0.0
20230819:1110,2264.73,962.84,49.9,17.94,8.34,0.0
20230819:1210,2184.57,930.48,52.42,18.17,8.07,0.0
20230819:1310,2296.2,985.11,51.06,18.27,7.72,0.0
20230819:1410,2002.83,847.28,46.2,18.16,7.45,0.0
20230819:1510,1441.59,598.91,38.92,18.11,7.31,0.0
20230819:1610,1032.21,430.08,30.23,18.03,7.38,0.0
20230819:1710,504.36,224.01,20.86,17.81,7.17,0.0
20230819:1810,157.32,92.07,11.31,17.47,6.83,0.0
20230819:1910,0.42,6.12,1.98,17.27,6.48,0.0
20230819:2010,0.0,0.0,0.0,17.04,5.59,0.0
20230819:2110,0.0,0.0,0.0,16.84,5.52,0.0
20230819:2210,0.0,0.0,0.0,16.74,4.62,0.0
20230819:2310,0.0,0.0,0.0,16.63,4.41,0.0
20230820:0010,0.0,0.0,0.0,16.56,4.55,0.0
20230820:0110,0.0,0.0,0.0,16.56,4.62,0.0
20230820:0210,0.0,0.0,0.0,16.47,4.41,0.0
20230820:0310,0.0,0.0,0.0,16.42,4.14,0.0
20230820:0410,0.0,0.0,0.0,16.42,4.28,0.0
20230820:0510,0.0,0.0,0.0,16.37,4.41,0.0
20230820:0610,71.28,43.62,8.2,16.38,4.62,0.0
20230820:0710,177.75,88.06,17.72,16.6,4.9,0.0
20230820:0810,435.51,191.15,27.19,17.01,4.83,0.0
20230820:0910,381.69,170.03,36.13,17.36,4.62,0.0
20230820:1010,1619.49,689.54,43.91,17.7,4.34,0.0
20230820:1110,1016.07,426.97,49.6,17.84,5.03,0.0
20230820:1210,1130.67,474.33,52.1,17.89,5.45,0.0
20230820:1310,1417.77,596.02,50.73,18.07,5.79,0.0
20230820:1410,1007.82,422.44,45.88,18.14,5.72,0.0
20230820:1510,1692.9,715.12,38.61,18.12,5.59,0.0
20230820:1610,910.98,382.89,29.94,18.05,5.59,0.0
20230820:1710,472.62,211.2,20.58,17.86,5.38,0.0
20230820:1810,144.03,79.13,11.03,17.73,4.97,0.0
20230820:1910,0.0,3.5,1.68,17.35,4.34,0.0
20230820:2010,0.0,0.0,0.0,16.96,3.66,0.0
20230820:2110,0.0,0.0,0.0,16.73,3.17,0.0
20230820:2210,0.0,0.0,0.0,16.44,2.83,0.0
20230820:2310,0.0,0.0,0.0,16.38,3.52,0.0
20230821:0010,0.0,0.0,0.0,16.47,4.14,0.0
20230821:0110,0.0,0.0,0.0,16.52,4.14,0.0
20230821:0210,0.0,0.0,0.0,16.62,4.48,0.0
20230821:0310,0.0,0.0,0.0,16.63,4.9,0.0
20230821:0410,0.0,0.0,0.0,16.55,4.28,0.0
20230821:0510,0.0,0.0,0.0,16.67,4.62,0.0
20230821:0610,55.62,36.19,7.98,16.56,4.9,0.0
20230821:0710,246.6,116.89,17.51,16.43,5.03,0.0
20230821:0810,468.3,203.57,26.97,16.45,5.17,0.0
20230821:0910,393.09,173.75,35.9,16.6,5.45,0.0
20230821:1010,512.97,221.55,43.65,17.13,5.93,0.0
20230821:1110,1264.02,526.74,49.3,17.18,6.0,0.0
20230821:1210,904.29,378.8,51.77,17.41,6.07,0.0
20230821:1310,918.99,385.04,50.39,17.36,5.72,0.0
20230821:1410,782.67,329.57,45.55,17.38,5.66,0.0
20230821:1510,987.57,411.68,38.3,17.44,5.79,0.0
20230821:1610,863.67,362.33,29.64,17.37,5.59,0.0
20230821:1710,411.72,184.88,20.28,17.34,5.38,0.0
20230821:1810,142.23,85.75,10.73,17.31,5.52,0.0
20230821:1910,0.0,1.75,1.39,17.16,5.52,0.0
20230821:2010,0.0,0.0,0.0,17.19,5.79,0.0
20230821:2110,0.0,0.0,0.0,17.18,5.66,0.0
20230821:2210,0.0,0.0,0.0,17.2,5.38,0.0
20230821:2310,0.0,0.0,0.0,17.2,5.66,0.0
20230822:0010,0.0,0.0,0.0,17.21,5.31,0.0
20230822:0110,0.0,0.0,0.0,17.11,5.17,0.0
20230822:0210,0.0,0.0,0.0,17.06,5.24,0.0
20230822:0310,0.0,0.0,0.0,17.03,4.97,0.0
20230822:0410,0.0,0.0,0.0,16.96,4.62,0.0
20230822:0510,0.0,0.0,0.0,16.88,4.48,0.0
20230822:0610,75.18,47.11,7.77,16.83,4.62,0.0
20230822:0710,343.98,160.5,17.3,16.82,4.41,0.0
20230822:0810,1036.38,438.38,26.75,17.0,4.41,0.0
20230822:0910,1554.66,657.44,35.66,17.22,4.21,0.0
20230822:1010,1962.27,862.23,43.38,17.73,3.24,0.0
20230822:1110,2159.4,970.82,49.0,18.06,3.1,0.0
20230822:1210,2262.66,1025.7,51.44,18.32,3.31,0.0
20230822:1310,2232.3,1004.72,50.05,18.53,3.59,0.0
20230822:1410,2109.75,930.33,45.23,18.58,4.14,0.0
20230822:1510,1759.8,754.36,37.99,18.65,4.55,0.0
20230822:1610,1223.34,517.76,29.34,18.52,4.62,0.0
20230822:1710,676.53,307.74,19.99,18.37,4.76,0.0
20230822:1810,121.44,86.67,10.44,18.03,4.48,0.0
20230822:1910,0.0,0.0,0.0,17.6,3.72,0.0
20230822:2010,0.0,0.0,0.0,17.09,2.9,0.0
20230822:2110,0.0,0.0,0.0,16.77,2.34,0.0
20230822:2210,0.0,0.0,0.0,16.77,1.66,0.0
20230822:2310,0.0,0.0,0.0,16.6,1.24,0.0
20230823:0010,0.0,0.0,0.0,16.33,0.97,0.0
20230823:0110,0.0,0.0,0.0,16.22,1.38,0.0
20230823:0210,0.0,0.0,0.0,16.06,1.17,0.0
20230823:0310,0.0,0.0,0.0,15.97,1.31,0.0
20230823:0410,0.0,0.0,0.0,15.72,1.24,0.0
20230823:0510,0.0,0.0,0.0,15.67,1.1,0.0
20230823:0610,55.95,41.13,7.55,15.72,1.45,0.0
20230823:0710,426.33,203.12,17.09,16.07,2.0,0.0
20230823:0810,781.8,333.98,26.53,16.66,2.34,0.0
20230823:0910,1525.89,655.93,35.42,17.31,2.48,0.0
20230823:1010,1920.78,849.49,43.12,17.79,2.62,0.0
20230823:1110,2152.71,968.46,48.7,18.16,3.03,0.0
20230823:1210,2193.87,986.47,51.11,18.5,3.45,0.0
20230823:1310,2190.84,977.59,49.71,18.72,3.93,0.0
20230823:1410,2026.77,890.72,44.89,18.78,4.0,0.0
20230823:1510,1645.89,714.01,37.67,18.86,2.97,0.0
20230823:1610,790.38,339.83,29.04,18.71,2.07,0.0
20230823:1710,269.1,127.15,19.69,18.5,1.1,0.0
20230823:1810,124.11,70.88,10.14,18.11,0.41,0.0
20230823:1910,0.0,0.0,0.0,17.62,0.9,0.0
20230823:2010,0.0,0.0,0.0,17.64,1.59,0.0
20230823:2110,0.0,0.0,0.0,17.54,1.24,0.0
20230823:2210,0.0,0.0,0.0,17.43,0.9,0.0
20230823:2310,0.0,0.0,0.0,16.94,1.66,0.0
20230824:0010,0.0,0.0,0.0,16.99,2.14,0.0
20230824:0110,0.0,0.0,0.0,16.95,2.55,0.0
20230824:0210,0.0,0.0,0.0,17.0,1.66,0.0
20230824:0310,0.0,0.0,0.0,16.87,1.52,0.0
20230824:0410,0.0,0.0,0.0,16.84,2.14,0.0
20230824:0510,0.0,0.0,0.0,16.8,3.17,0.0
20230824:0610,0.84,6.49,7.34,16.82,4.0,0.0
20230824:0710,206.1,100.34,16.88,16.78,3.24,0.0
20230824:0810,293.34,135.02,26.31,17.12,3.03,0.0
20230824:0910,193.2,94.56,35.18,17.52,4.9,0.0
20230824:1010,334.71,152.05,42.85,18.25,4.14,0.0
20230824:1110,471.21,207.67,48.39,18.44,2.9,0.0
20230824:1210,1177.35,505.13,50.77,18.57,2.48,0.0
20230824:1310,431.76,191.91,49.37,18.96,3.38,0.0
20230824:1410,230.46,110.33,44.56,18.95,4.76,0.0
20230824:1510,681.66,290.35,37.35,18.91,5.93,0.0
20230824:1610,1175.4,492.12,28.73,18.45,6.55,0.0
20230824:1710,230.52,109.94,19.39,17.86,7.03,0.0
20230824:1810,115.56,80.15,9.84,17.04,7.03,0.0
20230824:1910,0.0,0.0,0.0,16.03,6.9,0.0
20230824:2010,0.0,0.0,0.0,15.29,6.48,0.0
20230824:2110,0.0,0.0,0.0,14.84,6.21,0.0
20230824:2210,0.0,0.0,0.0,14.62,6.21,0.0
20230824:2310,0.0,0.0,0.0,14.42,5.66,0.0
20230825:0010,0.0,0.0,0.0,14.31,5.1,0.0
20230825:0110,0.0,0.0,0.0,14.26,4.62,0.0
20230825:0210,0.0,0.0,0.0,14.18,4.28,0.0
20230825:0310,0.0,0.0,0.0,14.14,3.72,0.0
20230825:0410,0.0,0.0,0.0,14.19,3.31,0.0
20230825:0510,0.0,0.0,0.0,14.22,3.24,0.0
20230825:0610,51.93,34.36,7.12,14.33,3.31,0.0
20230825:0710,328.56,152.68,16.66,14.76,3.52,0.0
20230825:0810,860.22,360.8,26.09,15.27,4.48,0.0
20230825:0910,723.57,303.23,34.94,15.6,5.03,0.0
20230825:1010,734.52,309.09,42.57,15.8,4.34,0.0
20230825:1110,1464.99,613.66,48.08,16.22,4.97,0.0
20230825:1210,1693.26,713.27,50.43,16.68,5.72,0.0
20230825:1310,1338.66,554.81,49.02,16.84,6.97,0.0
20230825:1410,1459.05,607.76,44.22,16.68,5.93,0.0
20230825:1510,1034.16,428.93,37.03,16.5,5.66,0.0
20230825:1610,404.4,177.75,28.41,16.29,6.07,0.0
20230825:1710,50.01,33.38,19.08,15.83,6.28,0.0
20230825:1810,120.21,77.77,9.53,15.49,6.14,0.0
20230825:1910,0.0,0.0,0.0,15.56,6.14,0.0
20230825:2010,0.0,0.0,0.0,15.38,6.07,0.0
20230825:2110,0.0,0.0,0.0,15.2,5.59,0.0
20230825:2210,0.0,0.0,0.0,14.97,5.1,0.0
20230825:2310,0.0,0.0,0.0,14.93,6.21,0.0
20230826:0010,0.0,0.0,0.0,14.71,6.34,0.0
20230826:0110,0.0,0.0,0.0,14.58,5.52,0.0
20230826:0210,0.0,0.0,0.0,14.65,5.03,0.0
20230826:0310,0.0,0.0,0.0,14.72,5.24,0.0
20230826:0410,0.0,0.0,0.0,14.5,5.66,0.0
20230826:0510,0.0,0.0,0.0,14.38,5.45,0.0
20230826:0610,51.27,38.36,6.9,14.28,5.24,0.0
20230826:0710,367.74,170.63,16.44,14.54,5.24,0.0
20230826:0810,933.54,389.38,25.86,14.89,5.17,0.0
20230826:0910,1124.25,464.24,34.7,15.37,5.17,0.0
20230826:1010,1042.32,433.1,42.3,15.57,4.55,0.0
20230826:1110,1801.29,762.0,47.77,15.84,5.1,0.0
20230826:1210,1446.78,600.6,50.09,15.94,6.21,0.0
20230826:1310,1368.0,565.1,48.66,16.05,6.9,0.0
20230826:1410,853.08,354.07,43.87,15.64,6.41,0.0
20230826:1510,1661.07,685.86,36.7,15.68,6.9,0.0
20230826:1610,1150.29,475.19,28.1,15.99,7.03,0.0
20230826:1710,599.94,268.61,18.77,15.74,7.1,0.0
20230826:1810,115.5,72.91,9.22,15.77,7.38,0.0
20230826:1910,0.0,0.0,0.0,15.27,7.24,0.0
20230826:2010,0.0,0.0,0.0,15.01,6.28,0.0
20230826:2110,0.0,0.0,0.0,14.9,5.59,0.0
20230826:2210,0.0,0.0,0.0,14.96,6.28,0.0
20230826:2310,0.0,0.0,0.0,14.98,6.14,0.0
20230827:0010,0.0,0.0,0.0,14.97,6.07,0.0
20230827:0110,0.0,0.0,0.0,14.93,6.21,0.0
20230827:0210,0.0,0.0,0.0,14.76,6.48,0.0
20230827:0310,0.0,0.0,0.0,14.74,6.62,0.0
20230827:0410,0.0,0.0,0.0,14.84,6.9,0.0
20230827:0510,0.0,0.0,0.0,14.79,7.17,0.0
20230827:0610,58.53,38.07,6.68,14.75,7.1,0.0
20230827:0710,216.18,103.52,16.23,14.86,7.17,0.0
20230827:0810,559.47,237.71,25.64,15.21,6.83,0.0
20230827:0910,685.74,286.68,34.45,15.56,7.03,0.0
20230827:1010,594.39,251.66,42.02,15.89,7.24,0.0
20230827:1110,526.23,224.88,47.46,15.87,7.79,0.0
20230827:1210,492.0,211.38,49.74,15.81,7.93,0.0
20230827:1310,725.76,302.98,48.31,15.79,8.0,0.0
20230827:1410,359.25,159.46,43.53,15.94,7.86,0.0
20230827:1510,991.17,407.75,36.37,16.05,7.52,0.0
20230827:1610,560.97,238.93,27.78,16.24,6.83,0.0
20230827:1710,407.49,183.35,18.46,16.22,6.55,0.0
20230827:1810,108.63,65.11,8.91,16.36,5.45,0.0
20230827:1910,0.0,0.0,0.0,16.29,5.03,0.0
20230827:2010,0.0,0.0,0.0,16.23,4.83,0.0
20230827:2110,0.0,0.0,0.0,16.26,4.83,0.0
20230827:2210,0.0,0.0,0.0,15.97,3.93,0.0
20230827:2310,0.0,0.0,0.0,15.96,5.24,0.0
20230828:0010,0.0,0.0,0.0,15.82,5.52,0.0
20230828:0110,0.0,0.0,0.0,15.66,5.59,0.0
20230828:0210,0.0,0.0,0.0,15.55,6.07,0.0
20230828:0310,0.0,0.0,0.0,15.38,5.93,0.0
20230828:0410,0.0,0.0,0.0,15.31,5.79,0.0
20230828:0510,0.0,0.0,0.0,15.18,5.66,0.0
20230828:0610,54.18,38.12,6.46,15.18,5.72,0.0
20230828:0710,261.54,123.31,16.01,15.36,5.93,0.0
20230828:0810,659.79,278.16,25.41,15.69,6.55,0.0
20230828:0910,1148.97,474.06,34.2,16.16,6.14,0.0
20230828:1010,1802.19,760.21,41.74,16.6,5.59,0.0
20230828:1110,1287.36,537.38,47.14,16.87,5.38,0.0
20230828:1210,1377.06,574.69,49.39,17.13,6.07,0.0
20230828:1310,1404.39,585.6,47.95,17.12,6.21,0.0
20230828:1410,1294.53,539.67,43.18,17.17,5.66,0.0
20230828:1510,685.08,289.7,36.03,17.16,5.52,0.0
20230828:1610,456.66,198.88,27.45,16.99,6.14,0.0
20230828:1710,308.04,141.63,18.14,16.58,6.28,0.0
20230828:1810,51.87,34.3,8.59,16.31,5.66,0.0
20230828:1910,0.0,0.0,0.0,15.94,5.31,0.0
20230828:2010,0.0,0.0,0.0,15.57,4.97,0.0
20230828:2110,0.0,0.0,0.0,15.29,4.76,0.0
20230828:2210,0.0,0.0,0.0,15.22,3.93,0.0
20230828:2310,0.0,0.0,0.0,15.06,3.24,0.0
20230829:0010,0.0,0.0,0.0,15.02,3.45,0.0
20230829:0110,0.0,0.0,0.0,15.04,4.21,0.0
20230829:0210,0.0,0.0,0.0,15.01,4.07,0.0
20230829:0310,0.0,0.0,0.0,14.96,3.66,0.0
20230829:0410,0.0,0.0,0.0,14.87,3.45,0.0
20230829:0510,0.0,0.0,0.0,14.86,3.31,0.0
20230829:0610,49.23,33.47,6.24,14.74,3.17,0.0
20230829:0710,224.73,107.83,15.79,14.88,2.97,0.0
20230829:0810,482.04,208.91,25.18,15.23,3.1,0.0
20230829:0910,656.85,277.51,33.95,15.65,4.14,0.0
20230829:1010,757.5,317.46,41.46,15.77,4.97,0.0
20230829:1110,890.46,371.61,46.82,16.3,5.45,0.0
20230829:1210,821.28,344.22,49.04,16.58,5.59,0.0
20230829:1310,977.4,407.83,47.59,16.74,5.45,0.0
20230829:1410,869.79,363.81,42.82,16.93,5.52,0.0
20230829:1510,734.22,308.8,35.69,16.99,5.66,0.0
20230829:1610,569.01,243.28,27.13,16.93,5.93,0.0
20230829:1710,415.35,188.0,17.82,16.72,6.28,0.0
20230829:1810,95.55,64.57,8.27,16.25,6.48,0.0
20230829:1910,0.0,0.0,0.0,15.68,6.07,0.0
20230829:2010,0.0,0.0,0.0,15.14,5.45,0.0
20230829:2110,0.0,0.0,0.0,14.96,5.03,0.0
20230829:2210,0.0,0.0,0.0,14.72,5.24,0.0
20230829:2310,0.0,0.0,0.0,14.77,4.69,0.0
20230830:0010,0.0,0.0,0.0,14.61,4.9,0.0
20230830:0110,0.0,0.0,0.0,14.67,4.83,0.0
20230830:0210,0.0,0.0,0.0,14.67,4.55,0.0
20230830:0310,0.0,0.0,0.0,14.62,4.83,0.0
20230830:0410,0.0,0.0,0.0,14.56,4.9,0.0
20230830:0510,0.0,0.0,0.0,14.51,5.17,0.0
20230830:0610,40.26,28.78,6.02,14.36,5.03,0.0
20230830:0710,261.03,123.11,15.57,14.63,4.76,0.0
20230830:0810,422.34,184.34,24.95,15.1,4.9,0.0
20230830:0910,779.79,325.48,33.7,15.6,4.97,0.0
20230830:1010,366.66,163.17,41.18,15.81,3.93,0.0
20230830:1110,731.46,308.78,46.5,16.13,4.21,0.0
20230830:1210,953.4,398.99,48.69,16.36,4.55,0.0
20230830:1310,670.95,284.24,47.22,16.5,5.1,0.0
20230830:1410,741.33,312.23,42.47,16.69,5.17,0.0
20230830:1510,627.03,266.46,35.35,16.72,4.97,0.0
20230830:1610,309.78,140.78,26.8,16.55,5.1,0.0
20230830:1710,93.66,52.85,17.5,16.33,4.97,0.0
20230830:1810,3.15,8.34,7.95,15.99,4.21,0.0
20230830:1910,0.0,0.0,0.0,15.64,3.45,0.0
20230830:2010,0.0,0.0,0.0,15.39,2.97,0.0
20230830:2110,0.0,0.0,0.0,15.26,2.55,0.0
20230830:2210,0.0,0.0,0.0,15.08,2.41,0.0
20230830:2310,0.0,0.0,0.0,14.92,3.31,0.0
20230831:0010,0.0,0.0,0.0,15.02,2.83,0.0
20230831:0110,0.0,0.0,0.0,15.03,3.03,0.0
20230831:0210,0.0,0.0,0.0,15.01,4.76,0.0
20230831:0310,0.0,0.0,0.0,15.17,6.28,0.0
20230831:0410,0.0,0.0,0.0,15.36,6.83,0.0
20230831:0510,0.0,0.0,0.0,15.75,5.45,0.0
20230831:0610,10.11,12.98,5.79,16.1,4.07,0.0
20230831:0710,87.18,50.06,15.34,16.31,4.62,0.0
20230831:0810,130.92,68.61,24.72,16.56,6.0,0.0
20230831:0910,196.56,95.49,33.45,16.83,7.17,0.0
20230831:1010,722.76,303.18,40.89,16.84,7.17,0.0
20230831:1110,1507.77,625.61,46.17,17.11,7.24,0.0
20230831:1210,677.28,286.78,48.33,17.37,6.55,0.0
20230831:1310,289.83,133.5,46.86,17.76,5.52,0.0
20230831:1410,997.44,416.87,42.11,17.91,5.79,0.0
20230831:1510,242.19,114.03,35.0,17.39,7.52,0.0
20230831:1610,106.26,58.41,26.46,17.4,7.79,0.0
20230831:1710,23.19,20.4,17.17,17.38,6.69,0.0
20230831:1810,24.99,21.32,7.62,17.23,6.07,0.0
20230831:1910,0.0,0.0,0.0,17.03,4.76,0.0
20230831:2010,0.0,0.0,0.0,16.84,3.79,0.0
20230831:2110,0.0,0.0,0.0,16.75,3.38,0.0
20230831:2210,0.0,0.0,0.0,16.58,2.28,0.0
20230831:2310,0.0,0.0,0.0,16.5,2.0,0.0
20230901:0010,0.0,0.0,0.0,16.34,1.72,0.0
20230901:0110,0.0,0.0,0.0,16.14,2.69,0.0
20230901:0210,0.0,0.0,0.0,15.8,3.72,0.0
20230901:0310,0.0,0.0,0.0,15.42,4.28,0.0
20230901:0410,0.0,0.0,0.0,15.18,4.34,0.0
20230901:0510,0.0,0.0,0.0,15.04,4.07,0.0
20230901:0610,40.53,30.05,5.57,15.01,3.79,0.0
20230901:0710,392.76,186.22,15.12,15.11,3.45,0.0
20230901:0810,691.83,293.76,24.49,15.32,2.97,0.0
20230901:0910,1171.11,491.71,33.19,15.77,2.76,0.0
20230901:1010,1858.47,813.42,40.6,16.35,2.48,0.0
20230901:1110,2094.03,926.53,45.85,16.72,3.24,0.0
20230901:1210,1998.18,871.65,47.97,16.95,3.93,0.0
20230901:1310,2085.51,913.07,46.49,17.05,4.07,0.0
20230901:1410,1629.18,692.15,41.74,17.05,4.21,0.0
20230901:1510,1230.39,515.33,34.66,17.12,4.21,0.0
20230901:1610,536.34,231.62,26.13,17.07,3.86,0.0
20230901:1710,341.61,157.96,16.84,16.97,3.24,0.0
20230901:1810,79.65,54.6,7.29,16.85,2.83,0.0
20230901:1910,0.0,0.0,0.0,16.52,2.28,0.0
20230901:2010,0.0,0.0,0.0,16.35,1.86,0.0
20230901:2110,0.0,0.0,0.0,16.22,1.59,0.0
20230901:2210,0.0,0.0,0.0,15.94,1.66,0.0
20230901:2310,0.0,0.0,0.0,15.89,1.59,0.0
20230902:0010,0.0,0.0,0.0,15.75,1.66,0.0
20230902:0110,0.0,0.0,0.0,15.38,1.79,0.0
20230902:0210,0.0,0.0,0.0,15.24,1.59,0.0
20230902:0310,0.0,0.0,0.0,15.12,1.66,0.0
20230902:0410,0.0,0.0,0.0,14.97,2.21,0.0
20230902:0510,0.0,0.0,0.0,15.03,2.48,0.0
20230902:0610,26.46,25.32,5.34,14.96,2.28,0.0
20230902:0710,425.97,205.11,14.89,15.12,2.14,0.0
20230902:0810,164.4,82.51,24.25,16.07,2.28,0.0
20230902:0910,997.56,421.28,32.94,17.11,2.62,0.0
20230902:1010,1818.42,804.09,40.31,17.9,2.21,0.0
20230902:1110,1261.05,543.08,45.52,18.6,2.21,0.0
20230902:1210,1774.26,787.22,47.61,19.11,2.48,0.0
20230902:1310,1952.58,883.51,46.11,19.31,2.21,0.0
20230902:1410,1046.88,450.41,41.38,19.42,2.0,0.0
20230902:1510,1513.86,669.45,34.3,19.62,1.31,0.0
20230902:1610,1036.53,452.94,25.79,19.58,0.97,0.0
20230902:1710,514.44,243.29,16.51,19.3,0.9,0.0
20230902:1810,72.45,52.62,6.96,18.93,0.69,0.0
20230902:1910,0.0,0.0,0.0,18.51,0.28,0.0
20230902:2010,0.0,0.0,0.0,18.13,0.28,0.0
20230902:2110,0.0,0.0,0.0,17.8,1.38,0.0
20230902:2210,0.0,0.0,0.0,16.97,1.93,0.0
20230902:2310,0.0,0.0,0.0,16.61,2.07,0.0
20230903:0010,0.0,0.0,0.0,16.37,2.14,0.0
20230903:0110,0.0,0.0,0.0,16.4,2.76,0.0
20230903:0210,0.0,0.0,0.0,16.42,3.03,0.0
20230903:0310,0.0,0.0,0.0,16.39,3.17,0.0
20230903:0410,0.0,0.0,0.0,16.3,3.52,0.0
20230903:0510,0.0,0.0,0.0,16.31,3.93,0.0
20230903:0610,29.55,23.9,5.12,16.3,3.79,0.0
20230903:0710,394.29,189.71,14.67,16.95,3.86,0.0
20230903:0810,707.55,302.05,24.01,17.47,3.93,0.0
20230903:0910,550.44,237.94,32.68,18.04,4.0,0.0
20230903:1010,1111.68,469.95,40.02,19.01,4.21,0.0
20230903:1110,1985.73,871.81,45.18,19.47,4.34,0.0
20230903:1210,2158.71,960.61,47.25,19.91,4.48,0.0
20230903:1310,2126.55,944.64,45.74,20.33,4.55,0.0
20230903:1410,1916.88,836.03,41.01,20.37,4.76,0.0
20230903:1510,1619.55,691.95,33.95,20.37,5.17,0.0
20230903:1610,1065.84,453.19,25.45,20.22,5.45,0.0
20230903:1710,460.38,215.37,16.17,20.22,5.45,0.0
20230903:1810,66.39,47.77,6.63,20.04,5.66,0.0
20230903:1910,0.0,0.0,0.0,19.46,5.93,0.0
20230903:2010,0.0,0.0,0.0,19.15,6.28,0.0
20230903:2110,0.0,0.0,0.0,18.97,6.62,0.0
20230903:2210,0.0,0.0,0.0,18.75,6.62,0.0
20230903:2310,0.0,0.0,0.0,18.64,6.97,0.0
20230904:0010,0.0,0.0,0.0,18.49,7.24,0.0
20230904:0110,0.0,0.0,0.0,18.4,7.24,0.0
20230904:0210,0.0,0.0,0.0,18.39,7.24,0.0
20230904:0310,0.0,0.0,0.0,18.42,7.38,0.0
20230904:0410,0.0,0.0,0.0,18.47,7.59,0.0
20230904:0510,0.0,0.0,0.0,18.37,7.93,0.0
20230904:0610,28.05,25.11,4.89,18.34,8.21,0.0
20230904:0710,405.15,195.99,14.44,18.74,8.48,0.0
20230904:0810,1027.77,432.56,23.78,19.28,8.48,0.0
20230904:0910,1523.04,633.51,32.42,19.83,8.69,0.0
20230904:1010,1974.03,833.44,39.73,20.2,8.83,0.0
20230904:1110,2197.53,937.72,44.85,20.36,9.1,0.0
20230904:1210,2241.21,960.94,46.88,20.66,9.1,0.0
20230904:1310,2214.51,949.6,45.36,20.88,8.97,0.0
20230904:1410,1971.09,834.58,40.64,21.07,9.17,0.0
20230904:1510,1103.46,460.56,33.59,21.12,9.45,0.0
20230904:1610,1098.84,462.48,25.1,21.15,9.59,0.0
20230904:1710,468.87,219.51,15.84,20.9,9.79,0.0
20230904:1810,62.19,46.65,6.29,20.55,9.45,0.0
20230904:1910,0.0,0.0,0.0,20.08,9.38,0.0
20230904:2010,0.0,0.0,0.0,19.83,9.24,0.0
20230904:2110,0.0,0.0,0.0,19.65,9.17,0.0
20230904:2210,0.0,0.0,0.0,19.42,9.31,0.0
20230904:2310,0.0,0.0,0.0,19.32,9.24,0.0
20230905:0010,0.0,0.0,0.0,19.26,8.97,0.0
20230905:0110,0.0,0.0,0.0,19.17,8.76,0.0
20230905:0210,0.0,0.0,0.0,18.95,8.48,0.0
20230905:0310,0.0,0.0,0.0,18.77,8.07,0.0
20230905:0410,0.0,0.0,0.0,18.46,8.07,0.0
20230905:0510,0.0,0.0,0.0,18.21,8.0,0.0
20230905:0610,25.2,22.01,4.66,18.18,8.28,0.0
20230905:0710,145.8,75.57,14.21,18.42,8.34,0.0
20230905:0810,478.38,208.98,23.54,18.96,7.72,0.0
20230905:0910,1399.02,582.9,32.15,19.43,7.45,0.0
20230905:1010,1897.2,804.95,39.43,19.6,7.1,0.0
20230905:1110,2116.74,911.79,44.51,19.81,6.97,0.0
20230905:1210,2178.0,948.07,46.52,19.94,6.41,0.0
20230905:1310,2100.42,916.58,44.98,19.94,5.66,0.0
20230905:1410,1865.4,809.26,40.27,19.77,4.62,0.0
20230905:1510,1521.72,652.83,33.23,19.6,3.72,0.0
20230905:1610,972.24,417.19,24.75,19.36,2.97,0.0
20230905:1710,394.98,186.36,15.5,19.05,2.41,0.0
20230905:1810,54.33,38.51,5.95,18.56,1.72,0.0
20230905:1910,0.0,0.0,0.0,17.97,1.38,0.0
20230905:2010,0.0,0.0,0.0,17.52,1.52,0.0
20230905:2110,0.0,0.0,0.0,17.23,1.45,0.0
20230905:2210,0.0,0.0,0.0,17.13,1.1,0.0
20230905:2310,0.0,0.0,0.0,17.33,0.69,0.0
20230906:0010,0.0,0.0,0.0,17.54,0.28,0.0
20230906:0110,0.0,0.0,0.0,17.44,0.69,0.0
20230906:0210,0.0,0.0,0.0,17.4,1.45,0.0
20230906:0310,0.0,0.0,0.0,17.25,1.31,0.0
20230906:0410,0.0,0.0,0.0,16.68,1.31,0.0
20230906:0510,0.0,0.0,0.0,16.57,1.31,0.0
20230906:0610,25.02,23.05,4.43,16.45,1.52,0.0
20230906:0710,400.5,195.55,13.98,17.02,2.0,0.0
20230906:0810,962.28,415.41,23.29,18.1,1.86,0.0
20230906:0910,968.88,415.45,31.89,19.02,1.72,0.0
20230906:1010,1813.29,821.01,39.13,19.97,1.52,0.0
20230906:1110,1992.57,923.57,44.18,20.43,1.52,0.0
20230906:1210,1903.35,875.9,46.15,20.75,1.59,0.0
20230906:1310,2026.53,934.13,44.6,20.95,2.07,0.0
20230906:1410,1853.7,830.39,39.89,20.9,2.62,0.0
20230906:1510,1545.33,672.88,32.87,20.66,2.97,0.0
20230906:1610,999.84,432.0,24.4,20.43,2.83,0.0
20230906:1710,387.72,184.49,15.15,20.28,2.62,0.0
20230906:1810,42.81,32.91,5.61,19.87,2.76,0.0
20230906:1910,0.0,0.0,0.0,19.17,3.24,0.0
20230906:2010,0.0,0.0,0.0,19.14,3.72,0.0
20230906:2110,0.0,0.0,0.0,19.1,3.72,0.0
20230906:2210,0.0,0.0,0.0,18.42,3.86,0.0
20230906:2310,0.0,0.0,0.0,18.55,3.66,0.0
20230907:0010,0.0,0.0,0.0,18.74,4.07,0.0
20230907:0110,0.0,0.0,0.0,18.93,4.21,0.0
20230907:0210,0.0,0.0,0.0,18.95,4.41,0.0
20230907:0310,0.0,0.0,0.0,18.97,5.17,0.0
20230907:0410,0.0,0.0,0.0,18.97,5.45,0.0
20230907:0510,0.0,0.0,0.0,19.02,5.24,0.0
20230907:0610,0.0,2.78,4.2,19.13,5.38,0.0
20230907:0710,245.64,120.66,13.75,19.33,5.66,0.0
20230907:0810,468.18,206.31,23.05,19.79,5.79,0.0
20230907:0910,580.59,251.15,31.62,20.13,5.59,0.0
20230907:1010,1131.39,477.95,38.83,20.47,5.52,0.0
20230907:1110,632.7,274.11,43.84,20.63,4.76,0.0
20230907:1210,1340.04,574.81,45.77,20.65,4.14,0.0
20230907:1310,1572.54,681.24,44.22,20.57,3.93,0.0
20230907:1410,1762.53,773.5,39.51,20.67,3.52,0.0
20230907:1510,1328.73,570.83,32.51,20.68,3.38,0.0
20230907:1610,927.93,399.47,24.05,20.6,3.52,0.0
20230907:1710,223.41,110.06,14.81,20.37,3.17,0.0
20230907:1810,33.12,26.42,5.27,19.93,2.55,0.0
20230907:1910,0.0,0.0,0.0,19.14,1.93,0.0
20230907:2010,0.0,0.0,0.0,18.7,1.93,0.0
20230907:2110,0.0,0.0,0.0,18.47,1.93,0.0
20230907:2210,0.0,0.0,0.0,17.8,1.79,0.0
20230907:2310,0.0,0.0,0.0,17.99,2.0,0.0
20230908:0010,0.0,0.0,0.0,17.95,1.86,0.0
20230908:0110,0.0,0.0,0.0,17.71,1.31,0.0
20230908:0210,0.0,0.0,0.0,17.55,1.17,0.0
20230908:0310,0.0,0.0,0.0,17.49,0.9,0.0
20230908:0410,0.0,0.0,0.0,17.53,0.9,0.0
20230908:0510,0.0,0.0,0.0,17.53,0.69,0.0
20230908:0610,3.09,8.34,3.97,17.65,0.48,0.0
20230908:0710,290.13,141.91,13.52,17.53,0.55,0.0
20230908:0810,851.01,368.27,22.81,17.85,1.17,0.0
20230908:0910,1199.67,516.95,31.36,18.52,1.45,0.0
20230908:1010,1613.07,718.6,38.53,20.07,1.52,0.0
20230908:1110,1938.06,892.79,43.49,20.4,1.52,0.0
20230908:1210,1461.84,648.42,45.4,20.66,1.52,0.0
20230908:1310,1576.35,701.95,43.83,20.41,1.66,0.0
20230908:1410,1808.85,811.22,39.13,20.18,2.07,0.0
20230908:1510,702.99,303.51,32.14,19.78,2.28,0.0
20230908:1610,246.24,117.31,23.7,19.28,2.14,0.0
20230908:1710,117.84,63.97,14.46,19.04,1.59,0.0
20230908:1810,27.9,23.66,4.92,18.58,0.97,0.0
20230908:1910,0.0,0.0,0.0,18.31,2.0,0.0
20230908:2010,0.0,0.0,0.0,18.46,1.24,0.0
20230908:2110,0.0,0.0,0.0,18.63,2.14,0.0
20230908:2210,0.0,0.0,0.0,19.56,2.28,0.0
20230908:2310,0.0,0.0,0.0,19.39,2.83,0.0
20230909:0010,0.0,0.0,0.0,19.24,2.69,0.0
20230909:0110,0.0,0.0,0.0,18.99,2.9,0.0
20230909:0210,0.0,0.0,0.0,18.77,3.24,0.0
20230909:0310,0.0,0.0,0.0,18.49,2.55,0.0
20230909:0410,0.0,0.0,0.0,18.13,2.21,0.0
20230909:0510,0.0,0.0,0.0,17.97,2.41,0.0
20230909:0610,18.39,18.45,3.74,17.86,2.48,0.0
20230909:0710,381.33,187.34,13.29,18.04,2.62,0.0
20230909:0810,1002.12,431.89,22.56,18.82,2.69,0.0
20230909:0910,1407.24,607.27,31.09,19.75,2.69,0.0
20230909:1010,1770.96,786.55,38.22,20.82,2.69,0.0
20230909:1110,1789.71,796.08,43.15,21.53,3.17,0.0
20230909:1210,1357.86,590.73,45.03,21.84,3.24,0.0
20230909:1310,1436.16,629.15,43.44,21.97,2.9,0.0
20230909:1410,1868.34,839.45,38.75,21.85,2.83,0.0
20230909:1510,1464.63,641.38,31.77,21.85,2.62,0.0
20230909:1610,987.54,431.07,23.34,22.01,2.62,0.0
20230909:1710,386.7,188.01,14.11,21.89,2.69,0.0
20230909:1810,25.65,22.72,4.57,21.29,2.69,0.0
20230909:1910,0.0,0.0,0.0,20.18,2.97,0.0
20230909:2010,0.0,0.0,0.0,20.27,3.17,0.0
20230909:2110,0.0,0.0,0.0,19.6,3.24,0.0
20230909:2210,0.0,0.0,0.0,19.24,1.93,0.0
20230909:2310,0.0,0.0,0.0,19.08,2.97,0.0
20230910:0010,0.0,0.0,0.0,19.26,3.93,0.0
20230910:0110,0.0,0.0,0.0,19.25,3.72,0.0
20230910:0210,0.0,0.0,0.0,19.07,2.9,0.0
20230910:0310,0.0,0.0,0.0,19.18,3.24,0.0
20230910:0410,0.0,0.0,0.0,19.26,5.86,0.0
20230910:0510,0.0,0.0,0.0,19.25,6.69,0.0
20230910:0610,3.03,8.34,3.51,19.47,5.45,0.0
20230910:0710,205.23,102.95,13.05,19.65,4.83,0.0
20230910:0810,460.44,203.9,22.32,19.85,4.21,0.0
20230910:0910,582.06,252.59,30.82,20.07,4.07,0.0
20230910:1010,698.64,300.37,37.92,19.37,3.17,0.0
20230910:1110,1925.76,860.09,42.8,19.04,2.62,0.0
20230910:1210,1713.54,756.48,44.65,19.08,2.41,0.0
20230910:1310,1967.58,880.17,43.06,19.71,2.97,0.0
20230910:1410,1864.05,803.17,38.37,19.82,5.24,0.0
20230910:1510,1513.53,638.18,31.4,19.47,5.72,0.0
20230910:1610,776.94,330.91,22.99,19.08,5.24,0.0
20230910:1710,224.67,110.2,13.76,18.66,5.31,0.0
20230910:1810,22.8,20.63,4.22,18.44,5.38,0.0
20230910:1910,0.0,0.0,0.0,18.17,5.31,0.0
20230910:2010,0.0,0.0,0.0,18.22,5.17,0.0
20230910:2110,0.0,0.0,0.0,18.35,4.9,0.0
20230910:2210,0.0,0.0,0.0,18.09,3.86,0.0
20230910:2310,0.0,0.0,0.0,18.25,3.93,0.0
20230911:0010,0.0,0.0,0.0,18.27,4.21,0.0
20230911:0110,0.0,0.0,0.0,18.25,4.07,0.0
20230911:0210,0.0,0.0,0.0,18.18,4.28,0.0
20230911:0310,0.0,0.0,0.0,18.02,4.28,0.0
20230911:0410,0.0,0.0,0.0,18.0,4.62,0.0
20230911:0510,0.0,0.0,0.0,17.98,4.55,0.0
20230911:0610,11.22,13.95,3.28,17.92,4.34,0.0
20230911:0710,128.55,68.43,12.82,17.98,4.34,0.0
20230911:0810,438.9,193.56,22.07,17.96,4.21,0.0
20230911:0910,430.11,189.84,30.54,18.08,4.21,0.0
20230911:1010,618.15,265.61,37.61,18.28,3.93,0.0
20230911:1110,926.88,391.31,42.46,18.48,4.41,0.0
20230911:1210,868.53,367.71,44.27,18.65,4.48,0.0
20230911:1310,377.49,169.66,42.67,18.84,4.07,0.0
20230911:1410,902.52,381.84,37.99,18.88,4.14,0.0
20230911:1510,419.97,186.42,31.03,18.98,4.55,0.0
20230911:1610,290.37,134.46,22.63,18.8,4.48,0.0
20230911:1710,163.41,83.61,13.41,18.67,4.21,0.0
20230911:1810,0.81,6.49,3.87,18.57,3.79,0.0
20230911:1910,0.0,0.0,0.0,18.42,3.38,0.0
20230911:2010,0.0,0.0,0.0,18.16,3.03,0.0
20230911:2110,0.0,0.0,0.0,17.86,2.97,0.0
20230911:2210,0.0,0.0,0.0,17.92,2.0,0.0
20230911:2310,0.0,0.0,0.0,17.8,2.0,0.0
20230912:0010,0.0,0.0,0.0,17.59,2.34,0.0
20230912:0110,0.0,0.0,0.0,17.52,2.55,0.0
20230912:0210,0.0,0.0,0.0,17.46,2.76,0.0
20230912:0310,0.0,0.0,0.0,17.42,3.17,0.0
20230912:0410,0.0,0.0,0.0,17.42,3.31,0.0
20230912:0510,0.0,0.0,0.0,17.3,3.72,0.0
20230912:0610,10.62,14.05,3.04,17.2,4.34,0.0
20230912:0710,207.93,103.28,12.58,17.08,4.48,0.0
20230912:0810,832.71,352.39,21.82,17.21,4.69,0.0
20230912:0910,1049.55,437.93,30.27,17.55,4.83,0.0
20230912:1010,1554.36,653.92,37.3,17.65,5.17,0.0
20230912:1110,1625.46,689.26,42.11,18.13,5.1,0.0
20230912:1210,1663.32,712.93,43.89,18.53,4.41,0.0
20230912:1310,1146.78,482.97,42.27,18.53,4.62,0.0
20230912:1410,915.21,383.43,37.6,18.39,5.86,0.0
20230912:1510,522.96,225.46,30.66,18.29,7.38,0.0
20230912:1610,355.35,159.22,22.26,17.94,8.07,0.0
20230912:1710,136.23,71.3,13.06,17.36,8.28,0.0
20230912:1810,11.61,13.91,3.52,16.64,8.14,0.0
20230912:1910,0.0,0.0,0.0,16.0,7.79,0.0
20230912:2010,0.0,0.0,0.0,15.68,7.45,0.0
20230912:2110,0.0,0.0,0.0,15.61,7.03,0.0
20230912:2210,0.0,0.0,0.0,16.13,5.93,0.0
20230912:2310,0.0,0.0,0.0,16.27,5.45,0.0
20230913:0010,0.0,0.0,0.0,16.32,5.38,0.0
20230913:0110,0.0,0.0,0.0,16.35,5.17,0.0
20230913:0210,0.0,0.0,0.0,16.16,4.83,0.0
20230913:0310,0.0,0.0,0.0,15.86,4.34,0.0
20230913:0410,0.0,0.0,0.0,15.43,4.07,0.0
20230913:0510,0.0,0.0,0.0,15.19,4.21,0.0
20230913:0610,8.16,12.22,2.81,14.92,3.86,0.0
20230913:0710,360.75,174.22,12.35,14.94,3.72,0.0
20230913:0810,742.92,314.14,21.57,15.31,3.38,0.0
20230913:0910,1460.22,618.73,29.99,15.86,2.76,0.0
20230913:1010,1667.73,726.04,36.99,16.4,1.93,0.0
20230913:1110,1935.48,882.89,41.76,16.87,1.03,0.0
20230913:1210,1968.45,901.81,43.51,17.08,1.1,0.0
20230913:1310,2024.13,915.35,41.88,17.11,1.86,0.0
20230913:1410,1846.98,808.22,37.21,16.89,2.62,0.0
20230913:1510,1447.05,615.42,30.29,16.93,2.9,0.0
20230913:1610,982.83,417.41,21.9,16.86,3.17,0.0
20230913:1710,393.66,189.45,12.7,16.64,3.31,0.0
20230913:1810,12.72,15.27,3.17,16.28,3.31,0.0
20230913:1910,0.0,0.0,0.0,15.82,3.31,0.0
20230913:2010,0.0,0.0,0.0,15.78,3.17,0.0
20230913:2110,0.0,0.0,0.0,15.69,2.9,0.0
20230913:2210,0.0,0.0,0.0,15.45,2.62,0.0
20230913:2310,0.0,0.0,0.0,15.18,2.55,0.0
20230914:0010,0.0,0.0,0.0,14.78,2.55,0.0
20230914:0110,0.0,0.0,0.0,14.69,2.69,0.0
20230914:0210,0.0,0.0,0.0,14.75,2.76,0.0
20230914:0310,0.0,0.0,0.0,14.87,2.69,0.0
20230914:0410,0.0,0.0,0.0,14.88,2.83,0.0
20230914:0510,0.0,0.0,0.0,15.08,2.83,0.0
20230914:0610,4.29,9.41,2.57,15.25,2.9,0.0
20230914:0710,359.85,175.16,12.11,15.6,3.17,0.0
20230914:0810,487.56,211.69,21.31,16.14,3.59,0.0
20230914:0910,658.44,279.18,29.71,16.76,3.93,0.0
20230914:1010,857.79,360.86,36.67,17.27,3.93,0.0
20230914:1110,1094.4,459.52,41.4,17.39,4.07,0.0
20230914:1210,1256.97,528.17,43.13,17.47,4.41,0.0
20230914:1310,956.7,400.95,41.49,17.45,4.76,0.0
20230914:1410,879.93,368.78,36.82,17.41,4.83,0.0
20230914:1510,921.18,385.2,29.91,17.23,4.41,0.0
20230914:1610,842.55,356.91,21.54,17.04,4.0,0.0
20230914:1710,397.83,193.02,12.34,16.84,3.66,0.0
20230914:1810,12.03,15.55,2.81,16.57,3.31,0.0
20230914:1910,0.0,0.0,0.0,16.15,2.69,0.0
20230914:2010,0.0,0.0,0.0,15.91,2.28,0.0
20230914:2110,0.0,0.0,0.0,15.7,1.93,0.0
20230914:2210,0.0,0.0,0.0,15.46,2.07,0.0
20230914:2310,0.0,0.0,0.0,15.38,2.83,0.0
20230915:0010,0.0,0.0,0.0,15.3,3.79,0.0
20230915:0110,0.0,0.0,0.0,15.26,4.34,0.0
20230915:0210,0.0,0.0,0.0,15.25,4.41,0.0
20230915:0310,0.0,0.0,0.0,15.39,4.07,0.0
20230915:0410,0.0,0.0,0.0,15.5,3.31,0.0
20230915:0510,0.0,0.0,0.0,15.65,3.24,0.0
20230915:0610,3.0,8.52,2.34,15.8,3.79,0.0
20230915:0710,305.7,148.98,11.87,16.14,4.48,0.0
20230915:0810,795.12,335.23,21.06,16.65,5.31,0.0
20230915:0910,1389.3,577.26,29.43,17.19,5.79,0.0
20230915:1010,1850.37,785.14,36.36,17.98,5.79,0.0
20230915:1110,1243.92,519.49,41.05,18.31,6.07,0.0
20230915:1210,752.76,318.46,42.74,18.54,6.21,0.0
20230915:1310,2032.05,874.78,41.09,18.7,5.93,0.0
20230915:1410,1601.49,676.75,36.43,18.87,5.66,0.0
20230915:1510,1400.94,587.75,29.53,18.63,5.45,0.0
20230915:1610,605.46,260.47,21.17,18.54,5.45,0.0
20230915:1710,245.85,121.38,11.99,18.33,5.45,0.0
20230915:1810,0.81,6.49,2.46,18.07,5.45,0.0
20230915:1910,0.0,0.0,0.0,17.67,5.52,0.0
20230915:2010,0.0,0.0,0.0,17.55,5.59,0.0
20230915:2110,0.0,0.0,0.0,17.43,5.38,0.0
20230915:2210,0.0,0.0,0.0,17.43,6.07,0.0
20230915:2310,0.0,0.0,0.0,17.37,6.55,0.0
20230916:0010,0.0,0.0,0.0,17.46,6.62,0.0
20230916:0110,0.0,0.0,0.0,17.51,6.07,0.0
20230916:0210,0.0,0.0,0.0,17.49,5.59,0.0
20230916:0310,0.0,0.0,0.0,17.44,5.1,0.0
20230916:0410,0.0,0.0,0.0,17.57,5.17,0.0
20230916:0510,0.0,0.0,0.0,17.59,5.59,0.0
20230916:0610,0.0,0.87,2.1,17.48,6.14,0.0
20230916:0710,53.58,35.23,11.63,17.44,6.76,0.0
20230916:0810,631.98,268.97,20.81,17.49,7.1,0.0
20230916:0910,622.02,263.59,29.15,17.76,7.24,0.0
20230916:1010,299.4,137.21,36.04,17.73,6.07,0.0
20230916:1110,408.42,180.79,40.7,18.16,6.55,0.0
20230916:1210,317.37,144.63,42.36,18.36,6.9,0.0
20230916:1310,289.2,133.5,40.7,18.61,7.1,0.0
20230916:1410,192.48,94.56,36.04,18.63,6.83,0.0
20230916:1510,176.52,88.08,29.15,18.6,6.07,0.0
20230916:1610,92.64,52.85,20.81,18.42,5.24,0.0
20230916:1710,128.16,68.85,11.63,18.57,4.48,0.0
20230916:1810,0.0,2.78,2.1,18.71,4.48,0.0
20230916:1910,0.0,0.0,0.0,18.83,5.31,0.0
20230916:2010,0.0,0.0,0.0,19.0,5.72,0.0
20230916:2110,0.0,0.0,0.0,19.0,5.59,0.0
20230916:2210,0.0,0.0,0.0,18.5,6.9,0.0
20230916:2310,0.0,0.0,0.0,18.33,6.21,0.0
20230917:0010,0.0,0.0,0.0,18.26,6.41,0.0
20230917:0110,0.0,0.0,0.0,18.19,6.76,0.0
20230917:0210,0.0,0.0,0.0,18.02,6.76,0.0
20230917:0310,0.0,0.0,0.0,17.77,6.34,0.0
20230917:0410,0.0,0.0,0.0,17.43,6.34,0.0
20230917:0510,0.0,0.0,0.0,17.37,7.72,0.0
20230917:0610,0.0,1.75,1.86,17.31,8.14,0.0
20230917:0710,37.98,27.81,11.39,17.19,8.41,0.0
20230917:0810,32.31,25.03,20.55,17.25,8.62,0.0
20230917:0910,200.76,97.35,28.87,17.5,9.1,0.0
20230917:1010,230.94,109.4,35.72,17.39,9.45,0.0
20230917:1110,93.27,52.85,40.34,17.45,8.62,0.0
20230917:1210,226.08,107.54,41.97,17.43,8.21,0.0
20230917:1310,328.23,148.34,40.3,17.35,6.76,0.0
20230917:1410,145.77,75.1,35.65,17.6,5.52,0.0
20230917:1510,935.25,391.73,28.78,18.0,4.69,0.0
20230917:1610,406.92,180.77,20.44,18.09,4.48,0.0
20230917:1710,300.87,149.02,11.27,18.03,4.62,0.0
20230917:1810,0.0,5.56,1.75,17.76,4.83,0.0
20230917:1910,0.0,0.0,0.0,17.47,5.1,0.0
20230917:2010,0.0,0.0,0.0,17.3,4.34,0.0
20230917:2110,0.0,0.0,0.0,17.0,4.83,0.0
20230917:2210,0.0,0.0,0.0,16.72,4.76,0.0
20230917:2310,0.0,0.0,0.0,16.61,4.97,0.0
20230918:0010,0.0,0.0,0.0,16.49,5.66,0.0
20230918:0110,0.0,0.0,0.0,16.36,6.55,0.0
20230918:0210,0.0,0.0,0.0,16.01,8.48,0.0
20230918:0310,0.0,0.0,0.0,15.91,8.34,0.0
20230918:0410,0.0,0.0,0.0,15.93,6.76,0.0
20230918:0510,0.0,0.0,0.0,15.91,6.21,0.0
20230918:0610,0.0,0.87,1.63,15.91,8.0,0.0
20230918:0710,298.26,145.46,11.14,15.95,9.79,0.0
20230918:0810,566.34,239.96,20.29,16.07,10.76,0.0
20230918:0910,761.43,314.26,28.59,16.07,10.07,0.0
20230918:1010,1863.39,767.8,35.41,16.34,8.9,0.0
20230918:1110,780.21,324.94,39.98,16.86,8.34,0.0
20230918:1210,1431.63,588.37,41.58,16.61,8.28,0.0
20230918:1310,1271.67,519.5,39.9,16.31,9.03,0.0
20230918:1410,1908.57,785.37,35.26,16.27,9.31,0.0
20230918:1510,938.1,384.03,28.4,16.34,9.52,0.0
20230918:1610,434.49,188.97,20.07,16.44,10.14,0.0
20230918:1710,218.91,108.87,10.91,16.03,9.93,0.0
20230918:1810,0.0,1.85,1.39,15.69,10.62,0.0
20230918:1910,0.0,0.0,0.0,15.6,9.93,0.0
20230918:2010,0.0,0.0,0.0,15.57,9.17,0.0
20230918:2110,0.0,0.0,0.0,15.53,8.9,0.0
20230918:2210,0.0,0.0,0.0,15.61,8.62,0.0
20230918:2310,0.0,0.0,0.0,15.61,9.17,0.0
20230919:0010,0.0,0.0,0.0,15.71,9.38,0.0
20230919:0110,0.0,0.0,0.0,15.9,9.1,0.0
20230919:0210,0.0,0.0,0.0,16.1,9.52,0.0
20230919:0310,0.0,0.0,0.0,16.13,10.0,0.0
20230919:0410,0.0,0.0,0.0,16.39,9.52,0.0
20230919:0510,0.0,0.0,0.0,16.61,10.97,0.0
20230919:0610,0.0,0.87,1.39,16.72,10.34,0.0
20230919:0710,94.56,53.45,10.9,16.82,10.62,0.0
20230919:0810,130.98,68.61,20.03,16.97,11.03,0.0
20230919:0910,144.3,74.17,28.3,17.16,11.38,0.0
20230919:1010,224.37,106.62,35.08,17.21,10.62,0.0
20230919:1110,402.96,177.08,39.62,17.41,11.72,0.0
20230919:1210,716.52,299.42,41.2,17.61,11.52,0.0
20230919:1310,665.34,279.47,39.5,17.64,11.45,0.0
20230919:1410,415.77,182.26,34.87,17.73,11.59,0.0
20230919:1510,635.16,266.91,28.02,17.75,11.45,0.0
20230919:1610,164.22,82.51,19.7,17.69,10.9,0.0
20230919:1710,30.39,24.1,10.55,17.59,10.76,0.0
20230919:1810,0.0,0.0,0.0,17.33,10.83,0.0
20230919:1910,0.0,0.0,0.0,17.27,10.76,0.0
20230919:2010,0.0,0.0,0.0,17.3,10.9,0.0
20230919:2110,0.0,0.0,0.0,17.3,11.1,0.0
20230919:2210,0.0,0.0,0.0,17.15,11.03,0.0
20230919:2310,0.0,0.0,0.0,17.1,11.38,0.0
20230920:0010,0.0,0.0,0.0,17.08,11.66,0.0
20230920:0110,0.0,0.0,0.0,17.16,11.86,0.0
20230920:0210,0.0,0.0,0.0,17.16,11.72,0.0
20230920:0310,0.0,0.0,0.0,17.19,11.86,0.0
20230920:0410,0.0,0.0,0.0,17.23,12.0,0.0
20230920:0510,0.0,0.0,0.0,17.19,12.14,0.0
20230920:0610,0.0,0.0,0.0,17.06,12.83,0.0
20230920:0710,7.11,11.13,10.66,16.91,13.52,0.0
20230920:0810,89.4,50.99,19.77,16.85,13.86,0.0
20230920:0910,325.62,146.1,28.01,16.86,14.14,0.0
20230920:1010,155.76,78.8,34.76,17.04,12.48,0.0
20230920:1110,252.66,117.74,39.26,17.06,11.79,0.0
20230920:1210,256.92,119.6,40.81,16.97,8.76,0.0
20230920:1310,182.61,89.93,39.1,16.94,6.55,0.0
20230920:1410,182.64,89.93,34.47,16.76,5.59,0.0
20230920:1510,187.29,91.78,27.63,16.56,4.97,0.0
20230920:1610,314.22,142.52,19.34,16.43,5.31,0.0
20230920:1710,62.13,38.94,10.19,15.98,5.86,0.0
20230920:1810,0.0,0.0,0.0,15.57,6.34,0.0
20230920:1910,0.0,0.0,0.0,15.1,6.62,0.0
20230920:2010,0.0,0.0,0.0,14.73,5.86,0.0
20230920:2110,0.0,0.0,0.0,14.5,5.45,0.0
20230920:2210,0.0,0.0,0.0,14.24,4.28,0.0
20230920:2310,0.0,0.0,0.0,14.12,4.97,0.0
20230921:0010,0.0,0.0,0.0,13.9,4.97,0.0
20230921:0110,0.0,0.0,0.0,13.84,5.24,0.0
20230921:0210,0.0,0.0,0.0,13.8,5.38,0.0
20230921:0310,0.0,0.0,0.0,13.65,6.0,0.0
20230921:0410,0.0,0.0,0.0,13.5,6.28,0.0
20230921:0510,0.0,0.0,0.0,13.58,6.41,0.0
20230921:0610,0.0,0.0,0.0,13.62,6.69,0.0
20230921:0710,285.06,138.75,10.41,13.4,5.72,0.0
20230921:0810,979.8,405.98,19.51,13.49,5.17,0.0
20230921:0910,751.53,310.06,27.73,13.39,5.1,0.0
20230921:1010,1185.39,486.94,34.44,13.55,4.28,0.0
20230921:1110,718.44,298.91,38.9,13.75,4.9,0.0
20230921:1210,2034.45,852.25,40.42,13.54,5.93,0.0
20230921:1310,1958.58,816.27,38.7,13.67,6.07,0.0
20230921:1410,1790.31,738.59,34.08,13.67,6.14,0.0
20230921:1510,1356.06,553.98,27.25,13.65,5.59,0.0
20230921:1610,269.28,123.24,18.97,13.72,5.24,0.0
20230921:1710,308.67,152.92,9.83,13.45,5.93,0.0
20230921:1810,0.0,0.0,0.0,13.08,5.38,0.0
20230921:1910,0.0,0.0,0.0,12.87,4.83,0.0
20230921:2010,0.0,0.0,0.0,12.53,4.97,0.0
20230921:2110,0.0,0.0,0.0,12.45,5.1,0.0
20230921:2210,0.0,0.0,0.0,12.71,4.9,0.0
20230921:2310,0.0,0.0,0.0,12.45,4.83,0.0
20230922:0010,0.0,0.0,0.0,12.2,5.03,0.0
20230922:0110,0.0,0.0,0.0,12.51,5.03,0.0
20230922:0210,0.0,0.0,0.0,12.53,5.31,0.0
20230922:0310,0.0,0.0,0.0,12.67,5.66,0.0
20230922:0410,0.0,0.0,0.0,12.6,5.59,0.0
20230922:0510,0.0,0.0,0.0,12.63,5.72,0.0
20230922:0610,0.0,0.0,0.0,12.89,5.93,0.0
20230922:0710,358.08,173.58,10.17,13.27,6.28,0.0
20230922:0810,842.85,348.05,19.25,13.48,6.83,0.0
20230922:0910,984.3,400.18,27.44,13.7,6.83,0.0
20230922:1010,1283.7,524.81,34.11,14.24,5.93,0.0
20230922:1110,1380.18,563.43,38.54,14.51,7.1,0.0
20230922:1210,1221.45,498.82,40.03,14.75,7.17,0.0
20230922:1310,1659.6,680.66,38.3,14.82,7.66,0.0
20230922:1410,908.25,371.61,33.68,14.79,7.79,0.0
20230922:1510,1514.04,615.53,26.87,14.66,8.07,0.0
20230922:1610,915.15,378.44,18.6,14.46,8.48,0.0
20230922:1710,279.72,139.56,9.47,14.11,8.34,0.0
20230922:1810,0.0,0.0,0.0,13.78,8.0,0.0
20230922:1910,0.0,0.0,0.0,13.43,7.17,0.0
20230922:2010,0.0,0.0,0.0,13.29,6.34,0.0
20230922:2110,0.0,0.0,0.0,13.19,5.66,0.0
20230922:2210,0.0,0.0,0.0,12.83,5.31,0.0
20230922:2310,0.0,0.0,0.0,12.66,5.03,0.0
20230923:0010,0.0,0.0,0.0,12.49,5.24,0.0
20230923:0110,0.0,0.0,0.0,12.5,5.31,0.0
20230923:0210,0.0,0.0,0.0,12.57,4.48,0.0
20230923:0310,0.0,0.0,0.0,12.49,4.07,0.0
20230923:0410,0.0,0.0,0.0,12.28,3.38,0.0
20230923:0510,0.0,0.0,0.0,12.61,2.83,0.0
20230923:0610,0.0,0.0,0.0,12.9,1.93,0.0
20230923:0710,358.62,175.74,9.92,12.57,1.17,0.0
20230923:0810,867.99,367.27,18.99,13.36,1.31,0.0
20230923:0910,641.7,270.6,27.15,14.15,2.34,0.0
20230923:1010,762.96,318.91,33.79,14.8,3.52,0.0
20230923:1110,1017.75,420.35,38.18,15.5,5.45,0.0
20230923:1210,1241.52,510.55,39.64,15.89,6.76,0.0
20230923:1310,1028.19,423.08,37.9,15.98,6.97,0.0
20230923:1410,1273.41,521.77,33.29,15.99,7.17,0.0
20230923:1510,1305.0,533.77,26.49,16.05,7.59,0.0
20230923:1610,702.75,295.71,18.23,16.06,8.21,0.0
20230923:1710,89.88,51.63,9.11,15.93,8.41,0.0
20230923:1810,0.0,0.0,0.0,15.88,8.9,0.0
20230923:1910,0.0,0.0,0.0,15.98,9.45,0.0
20230923:2010,0.0,0.0,0.0,15.94,9.66,0.0
20230923:2110,0.0,0.0,0.0,16.02,9.59,0.0
20230923:2210,0.0,0.0,0.0,16.03,9.79,0.0
20230923:2310,0.0,0.0,0.0,16.3,10.14,0.0
20230924:0010,0.0,0.0,0.0,16.74,10.34,0.0
20230924:0110,0.0,0.0,0.0,16.95,10.0,0.0
20230924:0210,0.0,0.0,0.0,16.91,9.86,0.0
20230924:0310,0.0,0.0,0.0,16.86,9.79,0.0
20230924:0410,0.0,0.0,0.0,16.85,9.45,0.0
20230924:0510,0.0,0.0,0.0,16.86,9.31,0.0
20230924:0610,0.0,0.0,0.0,16.81,9.66,0.0
20230924:0710,133.89,71.71,9.67,16.93,9.86,0.0
20230924:0810,221.31,105.34,18.72,17.03,10.14,0.0
20230924:0910,229.14,108.47,26.85,17.04,10.28,0.0
20230924:1010,638.88,268.08,33.46,17.05,10.76,0.0
20230924:1110,283.02,129.79,37.81,17.01,10.76,0.0
20230924:1210,180.75,89.0,39.25,17.02,10.83,0.0
20230924:1310,2060.04,849.1,37.5,17.38,11.24,0.0
20230924:1410,588.33,248.92,32.9,17.57,11.38,0.0
20230924:1510,361.35,160.7,26.11,17.62,11.24,0.0
20230924:1610,211.56,101.64,17.86,17.57,11.38,0.0
20230924:1710,23.19,20.4,8.75,17.47,11.79,0.0
20230924:1810,0.0,0.0,0.0,17.24,12.07,0.0
20230924:1910,0.0,0.0,0.0,17.2,12.0,0.0
20230924:2010,0.0,0.0,0.0,17.14,10.9,0.0
20230924:2110,0.0,0.0,0.0,17.06,8.69,0.0
20230924:2210,0.0,0.0,0.0,16.91,7.31,0.0
20230924:2310,0.0,0.0,0.0,16.59,6.41,0.0
20230925:0010,0.0,0.0,0.0,16.39,6.21,0.0
20230925:0110,0.0,0.0,0.0,16.36,6.48,0.0
20230925:0210,0.0,0.0,0.0,16.21,6.28,0.0
20230925:0310,0.0,0.0,0.0,15.98,6.28,0.0
20230925:0410,0.0,0.0,0.0,15.77,6.07,0.0
20230925:0510,0.0,0.0,0.0,15.64,5.79,0.0
20230925:0610,0.0,0.0,0.0,15.66,5.45,0.0
20230925:0710,282.57,140.63,9.42,15.75,5.45,0.0
20230925:0810,831.69,349.17,18.45,16.13,5.66,0.0
20230925:0910,1493.31,617.28,26.56,16.44,6.34,0.0
20230925:1010,1542.78,642.51,33.13,16.79,5.79,0.0
20230925:1110,1744.98,733.86,37.45,17.05,5.93,0.0
20230925:1210,1940.4,824.85,38.86,17.21,5.93,0.0
20230925:1310,2078.67,893.85,37.1,17.3,5.45,0.0
20230925:1410,1525.44,638.12,32.5,17.15,5.31,0.0
20230925:1510,1253.82,520.78,25.73,16.99,5.24,0.0
20230925:1610,579.51,249.01,17.49,16.67,5.17,0.0
20230925:1710,165.18,88.18,8.39,16.35,4.69,0.0
20230925:1810,0.0,0.0,0.0,16.08,4.34,0.0
20230925:1910,0.0,0.0,0.0,15.87,4.28,0.0
20230925:2010,0.0,0.0,0.0,15.78,4.41,0.0
20230925:2110,0.0,0.0,0.0,15.69,4.41,0.0
20230925:2210,0.0,0.0,0.0,15.61,4.83,0.0
20230925:2310,0.0,0.0,0.0,15.6,5.38,0.0
20230926:0010,0.0,0.0,0.0,15.62,5.03,0.0
20230926:0110,0.0,0.0,0.0,15.91,4.83,0.0
20230926:0210,0.0,0.0,0.0,16.05,4.9,0.0
20230926:0310,0.0,0.0,0.0,16.12,5.72,0.0
20230926:0410,0.0,0.0,0.0,15.97,6.07,0.0
20230926:0510,0.0,0.0,0.0,15.79,6.14,0.0
20230926:0610,0.0,0.0,0.0,15.91,6.34,0.0
20230926:0710,241.71,121.74,9.17,16.08,6.76,0.0
20230926:0810,501.81,215.94,18.19,16.34,7.52,0.0
20230926:0910,388.53,171.11,26.27,16.6,7.79,0.0
20230926:1010,935.82,385.57,32.8,16.83,8.0,0.0
20230926:1110,1153.23,474.89,37.08,17.06,7.59,0.0
20230926:1210,2116.86,898.66,38.47,17.16,7.03,0.0
20230926:1310,2090.58,886.56,36.7,17.31,6.97,0.0
20230926:1410,1505.49,625.42,32.11,17.25,6.34,0.0
20230926:1510,1298.43,538.01,25.35,17.15,5.93,0.0
20230926:1610,792.24,336.78,17.12,17.02,5.17,0.0
20230926:1710,49.74,33.38,8.03,16.72,4.83,0.0
20230926:1810,0.0,0.0,0.0,16.32,3.52,0.0
20230926:1910,0.0,0.0,0.0,15.8,3.31,0.0
20230926:2010,0.0,0.0,0.0,15.66,3.03,0.0
20230926:2110,0.0,0.0,0.0,15.44,3.17,0.0
20230926:2210,0.0,0.0,0.0,15.21,2.9,0.0
20230926:2310,0.0,0.0,0.0,15.16,2.9,0.0
20230927:0010,0.0,0.0,0.0,15.58,3.24,0.0
20230927:0110,0.0,0.0,0.0,15.75,4.21,0.0
20230927:0210,0.0,0.0,0.0,15.67,4.9,0.0
20230927:0310,0.0,0.0,0.0,15.91,5.72,0.0
20230927:0410,0.0,0.0,0.0,16.13,6.97,0.0
20230927:0510,0.0,0.0,0.0,16.37,7.45,0.0
20230927:0610,0.0,0.0,0.0,16.58,7.45,0.0
20230927:0710,125.31,68.3,8.92,16.68,7.86,0.0
20230927:0810,447.72,194.58,17.92,16.69,9.03,0.0
20230927:0910,117.72,63.04,25.97,16.73,9.66,0.0
20230927:1010,201.54,97.35,32.47,16.89,10.48,0.0
20230927:1110,224.49,106.62,36.72,17.09,10.62,0.0
20230927:1210,113.19,61.19,38.08,17.09,12.07,0.0
20230927:1310,222.03,105.69,36.3,17.46,12.83,0.0
20230927:1410,308.43,139.99,31.72,17.61,12.9,0.0
20230927:1510,879.36,359.65,24.97,17.57,14.41,0.0
20230927:1610,811.74,339.85,16.75,17.31,12.9,0.0
20230927:1710,112.95,64.07,7.67,16.87,12.83,0.0
20230927:1810,0.0,0.0,0.0,16.68,12.76,0.0
20230927:1910,0.0,0.0,0.0,16.58,12.34,0.0
20230927:2010,0.0,0.0,0.0,16.5,11.66,0.0
20230927:2110,0.0,0.0,0.0,16.31,11.03,0.0
20230927:2210,0.0,0.0,0.0,16.12,10.28,0.0
20230927:2310,0.0,0.0,0.0,15.86,9.31,0.0
20230928:0010,0.0,0.0,0.0,15.81,8.34,0.0
20230928:0110,0.0,0.0,0.0,15.66,7.59,0.0
20230928:0210,0.0,0.0,0.0,15.49,7.24,0.0
20230928:0310,0.0,0.0,0.0,15.42,7.45,0.0
20230928:0410,0.0,0.0,0.0,15.2,6.76,0.0
20230928:0510,0.0,0.0,0.0,15.03,6.34,0.0
20230928:0610,0.0,0.0,0.0,15.01,6.28,0.0
20230928:0710,135.75,72.81,8.67,14.99,6.21,0.0
20230928:0810,184.11,89.9,17.65,15.19,6.28,0.0
20230928:0910,211.71,101.05,25.67,15.53,7.1,0.0
20230928:1010,142.62,73.24,32.14,15.86,6.41,0.0
20230928:1110,113.67,61.19,36.35,15.95,7.72,0.0
20230928:1210,246.33,114.96,37.68,15.99,8.14,0.0
20230928:1310,619.53,261.11,35.91,16.13,7.59,0.0
20230928:1410,243.3,114.03,31.32,16.44,7.38,0.0
20230928:1510,229.29,108.47,24.59,16.4,6.9,0.0
20230928:1610,57.96,37.08,16.39,16.29,6.21,0.0
20230928:1710,3.15,8.34,7.31,16.23,5.79,0.0
20230928:1810,0.0,0.0,0.0,16.39,6.97,0.0
20230928:1910,0.0,0.0,0.0,16.79,7.93,0.0
20230928:2010,0.0,0.0,0.0,17.01,7.1,0.0
20230928:2110,0.0,0.0,0.0,17.17,7.17,0.0
20230928:2210,0.0,0.0,0.0,16.9,5.31,0.0
20230928:2310,0.0,0.0,0.0,16.82,5.45,0.0
20230929:0010,0.0,0.0,0.0,16.54,8.14,0.0
20230929:0110,0.0,0.0,0.0,16.22,8.0,0.0
20230929:0210,0.0,0.0,0.0,15.57,8.0,0.0
20230929:0310,0.0,0.0,0.0,15.03,8.07,0.0
20230929:0410,0.0,0.0,0.0,14.59,7.86,0.0
20230929:0510,0.0,0.0,0.0,14.37,7.45,0.0
20230929:0610,0.0,0.0,0.0,14.18,6.83,0.0
20230929:0710,268.14,134.05,8.41,14.18,6.07,0.0
20230929:0810,793.23,331.19,17.38,14.63,5.72,0.0
20230929:0910,1482.81,609.6,25.38,15.27,6.21,0.0
20230929:1010,1051.53,432.71,31.81,15.87,6.0,0.0
20230929:1110,1384.02,573.14,35.99,16.32,5.86,0.0
20230929:1210,1889.04,798.5,37.29,16.71,5.93,0.0
20230929:1310,1880.73,795.89,35.51,16.84,5.72,0.0
20230929:1410,1016.73,420.72,30.93,16.88,5.86,0.0
20230929:1510,1005.81,415.96,24.21,16.84,5.93,0.0
20230929:1610,446.76,195.96,16.02,16.68,5.52,0.0
20230929:1710,133.92,75.54,6.95,16.32,5.1,0.0
20230929:1810,0.0,0.0,0.0,15.8,4.41,0.0
20230929:1910,0.0,0.0,0.0,15.19,3.93,0.0
20230929:2010,0.0,0.0,0.0,15.16,2.83,0.0
20230929:2110,0.0,0.0,0.0,14.78,2.34,0.0
20230929:2210,0.0,0.0,0.0,14.33,1.24,0.0
20230929:2310,0.0,0.0,0.0,14.28,1.72,0.0
20230930:0010,0.0,0.0,0.0,14.14,2.34,0.0
20230930:0110,0.0,0.0,0.0,14.17,2.76,0.0
20230930:0210,0.0,0.0,0.0,14.51,2.9,0.0
20230930:0310,0.0,0.0,0.0,14.5,2.9,0.0
20230930:0410,0.0,0.0,0.0,14.63,3.31,0.0
20230930:0510,0.0,0.0,0.0,14.66,4.21,0.0
20230930:0610,0.0,0.0,0.0,14.5,4.83,0.0
20230930:0710,129.51,70.31,8.16,14.61,5.93,0.0
20230930:0810,426.15,185.33,17.11,15.08,6.9,0.0
20230930:0910,602.67,252.63,25.08,15.43,7.79,0.0
20230930:1010,831.09,342.02,31.48,15.75,8.14,0.0
20230930:1110,667.98,279.38,35.62,15.97,8.14,0.0
20230930:1210,642.21,269.87,36.9,16.13,7.86,0.0
20230930:1310,401.01,176.1,35.11,16.31,7.66,0.0
20230930:1410,146.73,75.1,30.54,16.57,7.66,0.0
20230930:1510,176.07,87.15,23.83,16.79,7.86,0.0
20230930:1610,137.52,71.39,15.66,16.9,7.86,0.0
20230930:1710,53.25,35.81,6.59,16.92,8.14,0.0
20230930:1810,0.0,0.0,0.0,16.92,7.93,0.0
20230930:1910,0.0,0.0,0.0,16.99,7.72,0.0
20230930:2010,0.0,0.0,0.0,16.97,7.38,0.0
20230930:2110,0.0,0.0,0.0,16.98,7.1,0.0
20230930:2210,0.0,0.0,0.0,16.93,7.03,0.0
20230930:2310,0.0,0.0,0.0,16.89,7.17,0.0
20231001:0010,0.0,0.0,0.0,16.83,7.24,0.0
20231001:0110,0.0,0.0,0.0,16.83,6.9,0.0
20231001:0210,0.0,0.0,0.0,16.8,6.62,0.0
20231001:0310,0.0,0.0,0.0,16.81,6.55,0.0
20231001:0410,0.0,0.0,0.0,16.79,6.48,0.0
20231001:0510,0.0,0.0,0.0,16.76,6.14,0.0
20231001:0610,0.0,0.0,0.0,16.72,5.59,0.0
20231001:0710,1.95,7.42,7.91,16.76,5.1,0.0
20231001:0810,201.36,97.57,16.83,16.72,4.83,0.0
20231001:0910,112.98,61.19,24.78,16.74,4.62,0.0
20231001:1010,267.75,124.23,31.14,16.76,4.9,0.0
20231001:1110,214.62,102.91,35.25,16.74,4.97,0.0
20231001:1210,518.31,223.37,36.51,16.8,5.1,0.0
20231001:1310,305.01,139.07,34.71,16.82,5.17,0.0
20231001:1410,281.64,129.79,30.15,16.89,5.17,0.0
20231001:1510,305.52,139.17,23.45,16.91,4.97,0.0
20231001:1610,383.25,171.03,15.29,16.76,4.76,0.0
20231001:1710,100.38,60.09,6.24,16.46,4.41,0.0
20231001:1810,0.0,0.0,0.0,16.37,4.07,0.0
20231001:1910,0.0,0.0,0.0,16.31,3.52,0.0
20231001:2010,0.0,0.0,0.0,16.21,3.31,0.0
20231001:2110,0.0,0.0,0.0,16.22,3.24,0.0
20231001:2210,0.0,0.0,0.0,16.06,2.97,0.0
20231001:2310,0.0,0.0,0.0,16.03,2.83,0.0
20231002:0010,0.0,0.0,0.0,16.0,2.69,0.0
20231002:0110,0.0,0.0,0.0,16.03,2.48,0.0
20231002:0210,0.0,0.0,0.0,15.99,2.55,0.0
20231002:0310,0.0,0.0,0.0,15.88,1.72,0.0
20231002:0410,0.0,0.0,0.0,15.8,0.97,0.0
20231002:0510,0.0,0.0,0.0,15.74,0.97,0.0
20231002:0610,0.0,0.0,0.0,15.82,1.66,0.0
20231002:0710,129.33,71.23,7.65,15.78,2.28,0.0
20231002:0810,122.1,64.9,16.56,15.92,2.76,0.0
20231002:0910,135.36,70.46,24.48,16.11,3.17,0.0
20231002:1010,244.65,114.96,30.81,16.24,3.31,0.0
20231002:1110,251.4,117.74,34.89,16.52,3.72,0.0
20231002:1210,269.91,125.16,36.12,16.53,3.72,0.0
20231002:1310,306.96,139.99,34.32,16.57,3.66,0.0
20231002:1410,205.23,99.2,29.76,16.6,3.66,0.0
20231002:1510,110.91,60.26,23.08,16.55,4.76,0.0
20231002:1610,74.4,44.5,14.93,16.5,4.55,0.0
20231002:1710,23.31,20.4,5.89,16.42,4.76,0.0
20231002:1810,0.0,0.0,0.0,16.05,6.28,0.0
20231002:1910,0.0,0.0,0.0,15.99,7.24,0.0
20231002:2010,0.0,0.0,0.0,15.87,6.83,0.0
20231002:2110,0.0,0.0,0.0,15.46,6.76,0.0
20231002:2210,0.0,0.0,0.0,14.6,6.76,0.0
20231002:2310,0.0,0.0,0.0,14.28,5.93,0.0
20231003:0010,0.0,0.0,0.0,14.03,6.07,0.0
20231003:0110,0.0,0.0,0.0,13.86,6.14,0.0
20231003:0210,0.0,0.0,0.0,13.82,6.48,0.0
20231003:0310,0.0,0.0,0.0,13.78,6.76,0.0
20231003:0410,0.0,0.0,0.0,13.52,7.31,0.0
20231003:0510,0.0,0.0,0.0,13.47,7.1,0.0
20231003:0610,0.0,0.0,0.0,13.55,6.83,0.0
20231003:0710,194.07,100.4,7.39,13.59,7.66,0.0
20231003:0810,871.98,359.85,16.29,13.96,8.07,0.0
20231003:0910,1418.52,573.55,24.18,14.6,8.69,0.0
20231003:1010,1660.38,676.47,30.48,15.16,8.62,0.0
20231003:1110,1833.15,750.51,34.52,15.51,9.31,0.0
20231003:1210,1783.59,732.28,35.74,15.75,8.83,0.0
20231003:1310,848.91,349.42,33.92,16.12,8.97,0.0
20231003:1410,919.08,376.66,29.37,16.35,8.9,0.0
20231003:1510,1215.18,494.82,22.7,16.28,9.03,0.0
20231003:1610,740.22,313.07,14.57,16.12,8.62,0.0
20231003:1710,110.25,66.64,5.53,15.64,7.93,0.0
20231003:1810,0.0,0.0,0.0,15.08,7.38,0.0
20231003:1910,0.0,0.0,0.0,14.82,6.97,0.0
20231003:2010,0.0,0.0,0.0,14.66,6.21,0.0
20231003:2110,0.0,0.0,0.0,14.45,6.21,0.0
20231003:2210,0.0,0.0,0.0,14.23,6.21,0.0
20231003:2310,0.0,0.0,0.0,14.16,6.14,0.0
20231004:0010,0.0,0.0,0.0,13.97,5.72,0.0
20231004:0110,0.0,0.0,0.0,13.89,5.93,0.0
20231004:0210,0.0,0.0,0.0,13.97,6.0,0.0
20231004:0310,0.0,0.0,0.0,14.17,6.07,0.0
20231004:0410,0.0,0.0,0.0,14.18,6.0,0.0
20231004:0510,0.0,0.0,0.0,14.18,6.07,0.0
20231004:0610,0.0,0.0,0.0,14.22,6.21,0.0
20231004:0710,100.59,57.61,7.14,14.23,6.0,0.0
20231004:0810,376.29,165.56,16.01,14.4,5.93,0.0
20231004:0910,482.07,205.86,23.87,14.75,6.62,0.0
20231004:1010,1359.09,558.01,30.14,15.18,5.86,0.0
20231004:1110,1498.68,616.49,34.15,15.48,6.62,0.0
20231004:1210,1504.47,618.5,35.35,15.74,7.1,0.0
20231004:1310,1663.02,685.0,33.53,15.81,7.45,0.0
20231004:1410,977.13,400.02,28.98,15.86,7.59,0.0
20231004:1510,594.75,250.04,22.33,15.7,7.24,0.0
20231004:1610,138.75,71.56,14.21,15.57,7.1,0.0
20231004:1710,14.91,15.76,5.18,15.35,6.48,0.0
20231004:1810,0.0,0.0,0.0,15.09,5.79,0.0
20231004:1910,0.0,0.0,0.0,14.88,5.66,0.0
20231004:2010,0.0,0.0,0.0,14.67,5.45,0.0
20231004:2110,0.0,0.0,0.0,14.43,5.17,0.0
20231004:2210,0.0,0.0,0.0,14.5,5.03,0.0
20231004:2310,0.0,0.0,0.0,14.53,5.17,0.0
20231005:0010,0.0,0.0,0.0,14.36,5.52,0.0
20231005:0110,0.0,0.0,0.0,14.44,5.24,0.0
20231005:0210,0.0,0.0,0.0,14.56,4.48,0.0
20231005:0310,0.0,0.0,0.0,14.62,4.76,0.0
20231005:0410,0.0,0.0,0.0,14.65,5.31,0.0
20231005:0510,0.0,0.0,0.0,14.7,5.52,0.0
20231005:0610,0.0,0.0,0.0,14.77,5.52,0.0
20231005:0710,46.77,32.07,6.88,14.73,5.66,0.0
20231005:0810,140.97,72.31,15.74,14.95,5.79,0.0
20231005:0910,624.87,261.77,23.57,15.23,5.93,0.0
20231005:1010,1003.89,411.46,29.81,15.46,6.41,0.0
20231005:1110,964.92,396.35,33.79,15.69,6.9,0.0
20231005:1210,1403.34,575.83,34.96,15.79,7.03,0.0
20231005:1310,1571.91,646.89,33.13,15.94,7.17,0.0
20231005:1410,1092.21,447.82,28.6,16.12,6.69,0.0
20231005:1510,840.45,347.73,21.96,16.11,6.07,0.0
20231005:1610,503.25,218.78,13.85,15.95,5.86,0.0
20231005:1710,50.88,36.09,4.83,15.81,5.86,0.0
20231005:1810,0.0,0.0,0.0,15.6,5.66,0.0
20231005:1910,0.0,0.0,0.0,15.49,5.45,0.0
20231005:2010,0.0,0.0,0.0,15.46,5.45,0.0
20231005:2110,0.0,0.0,0.0,15.39,5.59,0.0
20231005:2210,0.0,0.0,0.0,15.27,5.17,0.0
20231005:2310,0.0,0.0,0.0,15.25,5.31,0.0
20231006:0010,0.0,0.0,0.0,15.21,5.38,0.0
20231006:0110,0.0,0.0,0.0,15.11,5.24,0.0
20231006:0210,0.0,0.0,0.0,15.06,5.45,0.0
20231006:0310,0.0,0.0,0.0,15.05,5.38,0.0
20231006:0410,0.0,0.0,0.0,15.01,5.24,0.0
20231006:0510,0.0,0.0,0.0,14.96,4.48,0.0
20231006:0610,0.0,0.0,0.0,15.13,5.1,0.0
20231006:0710,88.68,52.55,6.62,15.06,5.38,0.0
20231006:0810,265.56,122.67,15.46,15.54,5.72,0.0
20231006:0910,882.36,363.82,23.27,15.99,6.14,0.0
20231006:1010,1713.84,717.86,29.47,16.6,5.52,0.0
20231006:1110,738.81,309.53,33.42,16.67,5.59,0.0
20231006:1210,889.71,370.04,34.57,16.87,5.72,0.0
20231006:1310,1363.35,567.06,32.74,17.13,5.45,0.0
20231006:1410,1218.39,506.18,28.21,17.09,4.9,0.0
20231006:1510,1313.97,548.1,21.59,17.02,4.76,0.0
20231006:1610,704.82,303.54,13.49,16.88,4.83,0.0
20231006:1710,65.16,44.8,4.49,16.54,4.62,0.0
20231006:1810,0.0,0.0,0.0,16.07,4.55,0.0
20231006:1910,0.0,0.0,0.0,15.89,4.28,0.0
20231006:2010,0.0,0.0,0.0,15.74,4.21,0.0
20231006:2110,0.0,0.0,0.0,15.7,4.28,0.0
20231006:2210,0.0,0.0,0.0,15.58,4.62,0.0
20231006:2310,0.0,0.0,0.0,15.55,4.41,0.0
20231007:0010,0.0,0.0,0.0,15.61,5.17,0.0
20231007:0110,0.0,0.0,0.0,15.64,5.93,0.0
20231007:0210,0.0,0.0,0.0,15.57,6.21,0.0
20231007:0310,0.0,0.0,0.0,15.59,5.86,0.0
20231007:0410,0.0,0.0,0.0,15.59,5.45,0.0
20231007:0510,0.0,0.0,0.0,15.62,4.97,0.0
20231007:0610,0.0,0.0,0.0,15.59,4.83,0.0
20231007:0710,153.6,84.01,6.36,15.66,4.55,0.0
20231007:0810,473.01,205.62,15.18,16.01,4.48,0.0
20231007:0910,974.91,405.34,22.96,16.4,4.0,0.0
20231007:1010,1271.01,530.84,29.13,16.88,4.07,0.0
20231007:1110,1319.01,553.14,33.06,17.43,4.28,0.0
20231007:1210,2048.37,894.07,34.19,17.79,4.21,0.0
20231007:1310,1854.15,798.68,32.35,18.01,4.28,0.0
20231007:1410,1574.46,668.73,27.83,18.11,4.07,0.0
20231007:1510,1200.33,505.41,21.22,18.14,3.79,0.0
20231007:1610,632.82,276.51,13.14,17.94,3.38,0.0
20231007:1710,50.91,37.46,4.14,17.47,3.03,0.0
20231007:1810,0.0,0.0,0.0,16.57,2.55,0.0
20231007:1910,0.0,0.0,0.0,16.21,1.86,0.0
20231007:2010,0.0,0.0,0.0,16.03,1.45,0.0
20231007:2110,0.0,0.0,0.0,15.85,1.59,0.0
20231007:2210,0.0,0.0,0.0,15.58,1.72,0.0
20231007:2310,0.0,0.0,0.0,15.39,2.14,0.0
20231008:0010,0.0,0.0,0.0,15.27,2.07,0.0
20231008:0110,0.0,0.0,0.0,15.36,1.79,0.0
20231008:0210,0.0,0.0,0.0,15.36,2.07,0.0
20231008:0310,0.0,0.0,0.0,15.45,2.69,0.0
20231008:0410,0.0,0.0,0.0,15.5,3.1,0.0
20231008:0510,0.0,0.0,0.0,15.51,2.97,0.0
20231008:0610,0.0,0.0,0.0,15.29,2.9,0.0
20231008:0710,161.61,87.94,6.1,15.29,3.03,0.0
20231008:0810,806.7,343.03,14.9,16.08,3.1,0.0
20231008:0910,1144.32,481.58,22.66,16.68,2.55,0.0
20231008:1010,1450.32,626.72,28.8,17.23,1.59,0.0
20231008:1110,1927.14,863.78,32.69,17.55,1.86,0.0
20231008:1210,1996.32,900.28,33.8,17.82,2.0,0.0
20231008:1310,1786.71,793.83,31.96,18.02,1.79,0.0
20231008:1410,1575.09,690.51,27.45,18.15,1.52,0.0
20231008:1510,1263.42,544.58,20.85,18.19,1.52,0.0
20231008:1610,716.04,315.1,12.78,17.9,1.45,0.0
20231008:1710,78.9,54.96,3.8,17.17,1.45,0.0
20231008:1810,0.0,0.0,0.0,16.07,1.72,0.0
20231008:1910,0.0,0.0,0.0,15.91,1.52,0.0
20231008:2010,0.0,0.0,0.0,16.0,1.38,0.0
20231008:2110,0.0,0.0,0.0,16.05,1.24,0.0
20231008:2210,0.0,0.0,0.0,15.98,1.86,0.0
20231008:2310,0.0,0.0,0.0,15.95,1.79,0.0
20231009:0010,0.0,0.0,0.0,15.75,1.86,0.0
20231009:0110,0.0,0.0,0.0,15.77,1.93,0.0
20231009:0210,0.0,0.0,0.0,15.62,2.07,0.0
20231009:0310,0.0,0.0,0.0,15.61,1.93,0.0
20231009:0410,0.0,0.0,0.0,15.7,1.86,0.0
20231009:0510,0.0,0.0,0.0,15.65,1.86,0.0
20231009:0610,0.0,0.0,0.0,15.69,1.79,0.0
20231009:0710,41.34,29.72,5.84,15.59,1.72,0.0
20231009:0810,295.71,135.73,14.63,15.85,1.66,0.0
20231009:0910,676.05,287.43,22.35,16.31,1.59,0.0
20231009:1010,521.37,226.65,28.46,17.04,1.45,0.0
20231009:1110,669.96,287.83,32.33,17.68,1.59,0.0
20231009:1210,984.48,420.37,33.42,18.23,1.66,0.0
20231009:1310,1784.52,793.37,31.58,18.66,1.93,0.0
20231009:1410,1626.24,710.91,27.07,18.75,2.14,0.0
20231009:1510,1223.34,521.6,20.49,18.5,2.55,0.0
20231009:1610,557.25,245.8,12.43,18.07,3.03,0.0
20231009:1710,44.16,34.99,3.46,17.28,2.97,0.0
20231009:1810,0.0,0.0,0.0,16.56,3.03,0.0
20231009:1910,0.0,0.0,0.0,16.49,2.48,0.0
20231009:2010,0.0,0.0,0.0,16.44,2.41,0.0
20231009:2110,0.0,0.0,0.0,16.33,2.69,0.0
20231009:2210,0.0,0.0,0.0,15.95,2.48,0.0
20231009:2310,0.0,0.0,0.0,15.7,2.62,0.0
20231010:0010,0.0,0.0,0.0,15.38,2.9,0.0
20231010:0110,0.0,0.0,0.0,15.17,3.45,0.0
20231010:0210,0.0,0.0,0.0,14.85,3.66,0.0
20231010:0310,0.0,0.0,0.0,14.66,4.07,0.0
20231010:0410,0.0,0.0,0.0,14.24,4.34,0.0
20231010:0510,0.0,0.0,0.0,14.09,4.41,0.0
20231010:0610,0.0,0.0,0.0,13.97,4.83,0.0
20231010:0710,31.98,25.01,5.58,13.96,5.24,0.0
20231010:0810,110.16,59.33,14.35,14.04,5.17,0.0
20231010:0910,73.2,43.57,22.05,14.17,4.9,0.0
20231010:1010,170.58,84.37,28.13,14.71,4.69,0.0
20231010:1110,89.88,50.99,31.96,15.12,4.62,0.0
20231010:1210,197.31,95.49,33.04,15.63,4.9,0.0
20231010:1310,290.01,132.58,31.19,16.1,5.86,0.0
20231010:1410,444.39,193.16,26.7,16.6,6.21,0.0
20231010:1510,178.08,88.08,20.12,16.81,6.0,0.0
20231010:1610,264.84,123.81,12.09,16.58,5.72,0.0
20231010:1710,8.61,12.05,3.12,16.24,5.59,0.0
20231010:1810,0.0,0.0,0.0,16.0,6.0,0.0
20231010:1910,0.0,0.0,0.0,15.88,6.41,0.0
20231010:2010,0.0,0.0,0.0,15.89,6.41,0.0
20231010:2110,0.0,0.0,0.0,15.94,6.21,0.0
20231010:2210,0.0,0.0,0.0,15.96,6.48,0.0
20231010:2310,0.0,0.0,0.0,16.11,6.14,0.0
20231011:0010,0.0,0.0,0.0,16.22,6.48,0.0
20231011:0110,0.0,0.0,0.0,16.21,6.41,0.0
20231011:0210,0.0,0.0,0.0,16.16,5.59,0.0
20231011:0310,0.0,0.0,0.0,16.03,5.24,0.0
20231011:0410,0.0,0.0,0.0,15.9,5.03,0.0
20231011:0510,0.0,0.0,0.0,15.85,4.83,0.0
20231011:0610,0.0,0.0,0.0,15.81,4.55,0.0
20231011:0710,19.89,18.54,5.32,15.83,4.55,0.0
20231011:0810,102.45,56.55,14.07,16.06,4.9,0.0
20231011:0910,189.87,92.71,21.74,16.32,5.45,0.0
20231011:1010,185.1,90.86,27.79,16.55,5.52,0.0
20231011:1110,219.45,104.76,31.6,16.79,6.21,0.0
20231011:1210,124.05,65.82,32.66,16.99,7.03,0.0
20231011:1310,119.52,63.97,30.81,17.14,6.69,0.0
20231011:1410,134.88,70.46,26.32,17.41,7.1,0.0
20231011:1510,82.56,48.21,19.76,17.34,6.28,0.0
20231011:1610,32.28,25.03,11.74,17.22,5.45,0.0
20231011:1710,0.0,5.56,2.79,17.01,5.93,0.0
20231011:1810,0.0,0.0,0.0,16.82,5.31,0.0
20231011:1910,0.0,0.0,0.0,16.73,4.48,0.0
20231011:2010,0.0,0.0,0.0,16.68,3.31,0.0
20231011:2110,0.0,0.0,0.0,16.7,4.48,0.0
20231011:2210,0.0,0.0,0.0,16.5,5.45,0.0
20231011:2310,0.0,0.0,0.0,16.53,6.83,0.0
20231012:0010,0.0,0.0,0.0,16.58,7.38,0.0
20231012:0110,0.0,0.0,0.0,16.56,7.38,0.0
20231012:0210,0.0,0.0,0.0,16.55,7.1,0.0
20231012:0310,0.0,0.0,0.0,16.47,6.62,0.0
20231012:0410,0.0,0.0,0.0,16.38,6.55,0.0
20231012:0510,0.0,0.0,0.0,16.34,6.69,0.0
20231012:0610,0.0,0.0,0.0,16.3,6.69,0.0
20231012:0710,43.14,31.14,5.06,16.25,6.62,0.0
20231012:0810,144.42,74.12,13.79,16.29,6.48,0.0
20231012:0910,350.25,155.94,21.44,16.4,6.48,0.0
20231012:1010,477.84,206.2,27.46,16.42,5.66,0.0
20231012:1110,499.41,215.22,31.24,16.58,5.31,0.0
20231012:1210,326.52,147.41,32.28,16.74,5.93,0.0
20231012:1310,208.11,100.13,30.43,16.76,7.03,0.0
20231012:1410,169.32,84.37,25.95,16.56,6.83,0.0
20231012:1510,95.82,53.77,19.41,16.39,5.59,0.0
20231012:1610,92.64,52.44,11.4,16.21,5.17,0.0
20231012:1710,0.0,3.71,2.45,16.02,4.97,0.0
20231012:1810,0.0,0.0,0.0,15.96,5.38,0.0
20231012:1910,0.0,0.0,0.0,16.05,4.76,0.0
20231012:2010,0.0,0.0,0.0,16.23,6.62,0.0
20231012:2110,0.0,0.0,0.0,16.56,8.48,0.0
20231012:2210,0.0,0.0,0.0,17.32,10.14,0.0
20231012:2310,0.0,0.0,0.0,17.45,9.72,0.0
20231013:0010,0.0,0.0,0.0,17.52,10.41,0.0
20231013:0110,0.0,0.0,0.0,17.74,12.21,0.0
20231013:0210,0.0,0.0,0.0,18.2,12.69,0.0
20231013:0310,0.0,0.0,0.0,18.33,12.55,0.0
20231013:0410,0.0,0.0,0.0,18.23,12.0,0.0
20231013:0510,0.0,0.0,0.0,18.03,11.1,0.0
20231013:0610,0.0,0.0,0.0,17.77,10.0,0.0
20231013:0710,30.21,24.5,4.8,17.42,9.52,0.0
20231013:0810,169.35,84.56,13.51,17.25,9.45,0.0
20231013:0910,55.74,36.16,21.13,17.11,8.97,0.0
20231013:1010,613.59,258.11,27.12,17.09,9.03,0.0
20231013:1110,610.74,257.39,30.88,16.96,8.97,0.0
20231013:1210,556.95,236.68,31.9,17.04,9.24,0.0
20231013:1310,78.66,46.36,30.05,16.72,9.24,0.0
20231013:1410,142.35,73.24,25.58,16.44,7.86,0.0
20231013:1510,295.65,134.53,19.05,16.18,5.72,0.0
20231013:1610,233.04,109.8,11.06,14.47,10.76,0.0
20231013:1710,0.9,6.49,2.12,13.69,10.97,0.0
20231013:1810,0.0,0.0,0.0,13.26,10.69,0.0
20231013:1910,0.0,0.0,0.0,12.95,10.07,0.0
20231013:2010,0.0,0.0,0.0,12.88,9.1,0.0
20231013:2110,0.0,0.0,0.0,13.03,8.55,0.0
20231013:2210,0.0,0.0,0.0,13.22,8.21,0.0
20231013:2310,0.0,0.0,0.0,13.22,8.55,0.0
20231014:0010,0.0,0.0,0.0,13.03,8.0,0.0
20231014:0110,0.0,0.0,0.0,12.9,7.38,0.0
20231014:0210,0.0,0.0,0.0,12.73,7.17,0.0
20231014:0310,0.0,0.0,0.0,12.65,7.24,0.0
20231014:0410,0.0,0.0,0.0,12.45,7.24,0.0
20231014:0510,0.0,0.0,0.0,12.39,7.24,0.0
20231014:0610,0.0,0.0,0.0,12.24,7.24,0.0
20231014:0710,79.95,49.76,4.54,11.86,7.1,0.0
20231014:0810,871.5,358.72,13.23,12.0,6.69,0.0
20231014:0910,1351.17,543.9,20.83,12.36,6.97,0.0
20231014:1010,465.69,197.65,26.79,12.53,7.24,0.0
20231014:1110,1549.41,625.89,30.52,12.91,7.66,0.0
20231014:1210,1745.46,710.27,31.53,12.94,7.45,0.0
20231014:1310,1835.73,748.02,29.67,12.84,7.52,0.0
20231014:1410,1699.59,688.33,25.22,12.73,7.45,0.0
20231014:1510,1196.46,481.74,18.7,12.58,7.45,0.0
20231014:1610,486.9,210.1,10.72,12.35,7.52,0.0
20231014:1710,3.3,8.34,1.8,11.93,7.24,0.0
20231014:1810,0.0,0.0,0.0,11.58,6.62,0.0
20231014:1910,0.0,0.0,0.0,11.37,5.86,0.0
20231014:2010,0.0,0.0,0.0,11.07,5.24,0.0
20231014:2110,0.0,0.0,0.0,10.98,4.9,0.0
20231014:2210,0.0,0.0,0.0,10.96,3.93,0.0
20231014:2310,0.0,0.0,0.0,10.77,3.72,0.0
20231015:0010,0.0,0.0,0.0,10.46,3.86,0.0
20231015:0110,0.0,0.0,0.0,10.36,3.86,0.0
20231015:0210,0.0,0.0,0.0,10.05,4.07,0.0
20231015:0310,0.0,0.0,0.0,9.8,4.0,0.0
20231015:0410,0.0,0.0,0.0,9.39,3.66,0.0
20231015:0510,0.0,0.0,0.0,9.53,3.52,0.0
20231015:0610,0.0,0.0,0.0,9.21,3.52,0.0
20231015:0710,64.92,42.0,4.27,9.09,3.59,0.0
20231015:0810,554.46,232.34,12.95,9.67,3.79,0.0
20231015:0910,1078.65,435.63,20.52,10.28,3.86,0.0
20231015:1010,1578.57,646.27,26.46,10.96,4.07,0.0
20231015:1110,1281.93,521.25,30.16,11.34,4.14,0.0
20231015:1210,1474.14,604.25,31.15,11.55,4.0,0.0
20231015:1310,1338.69,546.26,29.3,11.66,4.0,0.0
20231015:1410,1379.52,561.96,24.85,11.74,4.28,0.0
20231015:1510,548.73,229.1,18.35,11.65,4.62,0.0
20231015:1610,245.31,113.93,10.39,11.47,4.83,0.0
20231015:1710,0.0,2.78,1.47,11.2,4.97,0.0
20231015:1810,0.0,0.0,0.0,10.77,5.52,0.0
20231015:1910,0.0,0.0,0.0,10.69,6.48,0.0
20231015:2010,0.0,0.0,0.0,10.61,6.97,0.0
20231015:2110,0.0,0.0,0.0,10.64,7.24,0.0
20231015:2210,0.0,0.0,0.0,10.77,7.1,0.0
20231015:2310,0.0,0.0,0.0,10.79,6.9,0.0
20231016:0010,0.0,0.0,0.0,10.78,6.83,0.0
20231016:0110,0.0,0.0,0.0,10.99,7.31,0.0
20231016:0210,0.0,0.0,0.0,11.16,7.86,0.0
20231016:0310,0.0,0.0,0.0,11.32,7.86,0.0
20231016:0410,0.0,0.0,0.0,11.41,7.59,0.0
20231016:0510,0.0,0.0,0.0,11.51,7.79,0.0
20231016:0610,0.0,0.0,0.0,11.59,8.0,0.0
20231016:0710,10.41,12.98,4.01,11.65,8.55,0.0
20231016:0810,346.2,151.85,12.66,11.83,9.17,0.0
20231016:0910,305.88,135.87,20.22,12.23,9.1,0.0
20231016:1010,544.32,226.68,26.12,12.5,9.31,0.0
20231016:1110,1125.87,448.95,29.8,12.48,10.14,0.0
20231016:1210,401.61,172.86,30.78,12.42,10.28,0.0
20231016:1310,372.6,161.77,28.92,12.48,10.28,0.0
20231016:1410,452.19,191.73,24.49,12.61,10.14,0.0
20231016:1510,185.67,89.39,18.01,12.74,10.28,0.0
20231016:1610,161.52,80.38,10.05,12.81,10.76,0.0
20231016:1710,0.0,0.0,0.0,12.83,10.69,0.0
20231016:1810,0.0,0.0,0.0,12.91,10.9,0.0
20231016:1910,0.0,0.0,0.0,13.01,11.31,0.0
20231016:2010,0.0,0.0,0.0,13.18,11.38,0.0
20231016:2110,0.0,0.0,0.0,13.38,11.31,0.0
20231016:2210,0.0,0.0,0.0,13.55,10.69,0.0
20231016:2310,0.0,0.0,0.0,13.38,10.55,0.0
20231017:0010,0.0,0.0,0.0,13.33,10.34,0.0
20231017:0110,0.0,0.0,0.0,13.26,9.79,0.0
20231017:0210,0.0,0.0,0.0,13.22,10.28,0.0
20231017:0310,0.0,0.0,0.0,13.23,10.83,0.0
20231017:0410,0.0,0.0,0.0,13.29,11.1,0.0
20231017:0510,0.0,0.0,0.0,13.4,11.59,0.0
20231017:0610,0.0,0.0,0.0,13.47,11.66,0.0
20231017:0710,4.53,9.27,3.75,13.54,11.79,0.0
20231017:0810,88.65,50.06,12.38,13.63,12.0,0.0
20231017:0910,139.98,71.39,19.91,13.77,12.34,0.0
20231017:1010,279.09,126.33,25.79,13.76,12.28,0.0
20231017:1110,647.22,266.41,29.45,13.85,12.34,0.0
20231017:1210,270.9,123.31,30.41,13.94,12.28,0.0
20231017:1310,256.68,117.74,28.56,13.94,12.69,0.0
20231017:1410,186.0,89.93,24.13,13.96,12.97,0.0
20231017:1510,441.18,187.9,17.66,14.05,13.03,0.0
20231017:1610,34.8,25.96,9.73,14.17,13.1,0.0
20231017:1710,0.0,0.0,0.0,14.23,12.83,0.0
20231017:1810,0.0,0.0,0.0,14.44,12.69,0.0
20231017:1910,0.0,0.0,0.0,14.72,12.97,0.0
20231017:2010,0.0,0.0,0.0,14.99,12.48,0.0
20231017:2110,0.0,0.0,0.0,15.31,11.86,0.0
20231017:2210,0.0,0.0,0.0,15.48,12.55,0.0
20231017:2310,0.0,0.0,0.0,15.38,12.07,0.0
20231018:0010,0.0,0.0,0.0,15.38,11.72,0.0
20231018:0110,0.0,0.0,0.0,15.32,11.79,0.0
20231018:0210,0.0,0.0,0.0,15.32,11.93,0.0
20231018:0310,0.0,0.0,0.0,15.39,12.14,0.0
20231018:0410,0.0,0.0,0.0,15.43,12.48,0.0
20231018:0510,0.0,0.0,0.0,15.45,12.48,0.0
20231018:0610,0.0,0.0,0.0,15.44,12.34,0.0
20231018:0710,1.98,7.42,3.48,15.49,12.0,0.0
20231018:0810,10.14,12.98,12.1,15.62,11.93,0.0
20231018:0910,62.31,38.94,19.61,15.73,11.17,0.0
20231018:1010,48.06,32.45,25.46,15.91,10.21,0.0
20231018:1110,253.83,117.74,29.09,15.92,10.14,0.0
20231018:1210,70.65,42.65,30.05,15.74,10.07,0.0
20231018:1310,77.01,45.43,28.19,15.59,8.9,0.0
20231018:1410,127.2,66.75,23.78,15.57,7.31,0.0
20231018:1510,36.36,26.89,17.32,15.5,4.34,0.0
20231018:1610,11.7,13.91,9.4,15.38,1.72,0.0
20231018:1710,0.0,0.0,0.0,15.32,2.9,0.0
20231018:1810,0.0,0.0,0.0,15.22,8.07,0.0
20231018:1910,0.0,0.0,0.0,14.95,10.41,0.0
20231018:2010,0.0,0.0,0.0,14.74,9.38,0.0
20231018:2110,0.0,0.0,0.0,14.66,7.31,0.0
20231018:2210,0.0,0.0,0.0,15.01,5.52,0.0
20231018:2310,0.0,0.0,0.0,15.35,7.03,0.0
20231019:0010,0.0,0.0,0.0,15.77,8.76,0.0
20231019:0110,0.0,0.0,0.0,15.84,8.97,0.0
20231019:0210,0.0,0.0,0.0,15.69,9.03,0.0
20231019:0310,0.0,0.0,0.0,15.91,9.1,0.0
20231019:0410,0.0,0.0,0.0,16.05,8.83,0.0
20231019:0510,0.0,0.0,0.0,15.78,8.48,0.0
20231019:0610,0.0,0.0,0.0,15.51,9.03,0.0
20231019:0710,0.0,2.78,3.22,15.38,9.52,0.0
20231019:0810,228.24,107.71,11.82,15.51,9.31,0.0
20231019:0910,179.67,88.08,19.3,15.54,9.79,0.0
20231019:1010,275.97,126.38,25.13,15.61,8.48,0.0
20231019:1110,111.78,60.26,28.74,15.43,8.34,0.0
20231019:1210,218.88,103.84,29.68,15.54,8.34,0.0
20231019:1310,718.86,297.93,27.83,15.53,7.24,0.0
20231019:1410,278.61,127.7,23.42,15.73,6.07,0.0
20231019:1510,301.68,136.18,16.99,15.49,7.1,0.0
20231019:1610,54.12,35.23,9.08,15.5,6.34,0.0
20231019:1710,0.0,0.0,0.0,15.38,5.45,0.0
20231019:1810,0.0,0.0,0.0,15.25,5.24,0.0
20231019:1910,0.0,0.0,0.0,15.11,4.97,0.0
20231019:2010,0.0,0.0,0.0,14.83,4.55,0.0
20231019:2110,0.0,0.0,0.0,14.7,4.14,0.0
20231019:2210,0.0,0.0,0.0,14.64,3.45,0.0
20231019:2310,0.0,0.0,0.0,14.63,3.52,0.0
20231020:0010,0.0,0.0,0.0,14.53,3.03,0.0
20231020:0110,0.0,0.0,0.0,14.18,2.14,0.0
20231020:0210,0.0,0.0,0.0,14.03,0.76,0.0
20231020:0310,0.0,0.0,0.0,13.87,0.83,0.0
20231020:0410,0.0,0.0,0.0,13.84,1.59,0.0
20231020:0510,0.0,0.0,0.0,13.89,2.21,0.0
20231020:0610,0.0,0.0,0.0,13.69,1.93,0.0
20231020:0710,35.07,28.58,2.96,13.52,1.66,0.0
20231020:0810,701.25,298.54,11.54,13.52,1.86,0.0
20231020:0910,1013.76,419.72,19.0,13.85,2.48,0.0
20231020:1010,1737.24,738.55,24.8,13.46,2.55,0.0
20231020:1110,1836.84,784.09,28.39,13.99,3.03,0.0
20231020:1210,819.12,338.63,29.32,14.67,4.62,0.0
20231020:1310,156.75,78.8,27.46,15.05,5.79,0.0
20231020:1410,161.31,80.66,23.07,15.14,6.28,0.0
20231020:1510,68.79,41.72,16.65,14.82,6.55,0.0
20231020:1610,269.94,125.98,8.76,14.53,6.48,0.0
20231020:1710,0.0,0.0,0.0,14.31,6.41,0.0
20231020:1810,0.0,0.0,0.0,14.03,6.55,0.0
20231020:1910,0.0,0.0,0.0,13.83,7.1,0.0
20231020:2010,0.0,0.0,0.0,13.67,7.17,0.0
20231020:2110,0.0,0.0,0.0,13.6,7.52,0.0
20231020:2210,0.0,0.0,0.0,13.96,6.76,0.0
20231020:2310,0.0,0.0,0.0,13.91,7.1,0.0
20231021:0010,0.0,0.0,0.0,13.79,7.17,0.0
20231021:0110,0.0,0.0,0.0,13.54,7.24,0.0
20231021:0210,0.0,0.0,0.0,13.47,7.59,0.0
20231021:0310,0.0,0.0,0.0,13.36,7.86,0.0
20231021:0410,0.0,0.0,0.0,13.38,8.48,0.0
20231021:0510,0.0,0.0,0.0,13.32,8.55,0.0
20231021:0610,0.0,0.0,0.0,13.25,8.97,0.0
20231021:0710,0.0,1.85,2.69,13.04,9.79,0.0
20231021:0810,323.19,143.74,11.26,12.94,10.07,0.0
20231021:0910,190.5,91.33,18.69,12.8,10.07,0.0
20231021:1010,367.95,159.98,24.47,12.76,9.59,0.0
20231021:1110,645.12,265.81,28.04,13.04,8.55,0.0
20231021:1210,773.55,315.68,28.96,13.35,8.07,0.0
20231021:1310,1492.02,602.62,27.11,13.5,7.66,0.0
20231021:1410,1188.93,477.27,22.73,13.28,8.0,0.0
20231021:1510,157.74,78.43,16.32,13.03,7.72,0.0
20231021:1610,135.3,70.0,8.45,12.79,6.9,0.0
20231021:1710,0.0,0.0,0.0,12.6,6.28,0.0
20231021:1810,0.0,0.0,0.0,12.36,5.86,0.0
20231021:1910,0.0,0.0,0.0,12.21,5.59,0.0
20231021:2010,0.0,0.0,0.0,12.14,5.17,0.0
20231021:2110,0.0,0.0,0.0,11.92,5.17,0.0
20231021:2210,0.0,0.0,0.0,11.74,5.1,0.0
20231021:2310,0.0,0.0,0.0,11.57,4.62,0.0
20231022:0010,0.0,0.0,0.0,11.49,4.0,0.0
20231022:0110,0.0,0.0,0.0,11.6,3.72,0.0
20231022:0210,0.0,0.0,0.0,11.52,3.79,0.0
20231022:0310,0.0,0.0,0.0,11.58,4.41,0.0
20231022:0410,0.0,0.0,0.0,11.44,4.83,0.0
20231022:0510,0.0,0.0,0.0,11.58,5.1,0.0
20231022:0610,0.0,0.0,0.0,11.54,5.17,0.0
20231022:0710,15.54,16.95,2.43,11.76,5.24,0.0
20231022:0810,723.93,302.22,10.98,12.11,5.1,0.0
20231022:0910,610.56,253.52,18.39,12.91,5.03,0.0
20231022:1010,1095.27,447.58,24.15,13.63,4.34,0.0
20231022:1110,1363.56,559.23,27.69,14.08,4.97,0.0
20231022:1210,1948.2,814.96,28.6,14.21,5.59,0.0
20231022:1310,1602.72,657.93,26.75,14.25,6.0,0.0
20231022:1410,1029.24,419.06,22.39,14.4,6.0,0.0
20231022:1510,315.18,140.96,16.0,14.37,5.72,0.0
20231022:1610,396.51,177.99,8.14,14.26,5.24,0.0
20231022:1710,0.0,0.0,0.0,14.12,4.97,0.0
20231022:1810,0.0,0.0,0.0,13.8,4.97,0.0
20231022:1910,0.0,0.0,0.0,13.76,4.97,0.0
20231022:2010,0.0,0.0,0.0,13.72,5.38,0.0
20231022:2110,0.0,0.0,0.0,13.87,5.86,0.0
20231022:2210,0.0,0.0,0.0,14.05,5.93,0.0
20231022:2310,0.0,0.0,0.0,14.02,6.0,0.0
20231023:0010,0.0,0.0,0.0,13.7,6.34,0.0
20231023:0110,0.0,0.0,0.0,13.55,6.69,0.0
20231023:0210,0.0,0.0,0.0,13.47,7.24,0.0
20231023:0310,0.0,0.0,0.0,13.54,7.03,0.0
20231023:0410,0.0,0.0,0.0,13.81,6.34,0.0
20231023:0510,0.0,0.0,0.0,14.16,6.55,0.0
20231023:0610,0.0,0.0,0.0,14.49,7.52,0.0
20231023:0710,2.01,7.42,2.17,14.55,8.07,0.0
20231023:0810,491.85,211.26,10.7,14.66,8.9,0.0
20231023:0910,344.64,152.05,18.09,14.84,9.31,0.0
20231023:1010,343.32,152.38,23.82,15.21,7.79,0.0
20231023:1110,329.61,147.16,27.35,15.17,8.07,0.0
20231023:1210,353.58,156.42,28.25,15.06,8.34,0.0
20231023:1310,212.46,101.05,26.4,14.94,7.86,0.0
20231023:1410,247.02,114.47,22.05,14.51,8.0,0.0
20231023:1510,245.85,113.5,15.68,13.82,7.45,0.0
20231023:1610,23.73,20.4,7.83,13.54,5.1,0.0
20231023:1710,0.0,0.0,0.0,13.16,4.69,0.0
20231023:1810,0.0,0.0,0.0,13.18,4.97,0.0
20231023:1910,0.0,0.0,0.0,13.14,4.62,0.0
20231023:2010,0.0,0.0,0.0,13.01,4.62,0.0
20231023:2110,0.0,0.0,0.0,12.89,5.38,0.0
20231023:2210,0.0,0.0,0.0,12.78,4.62,0.0
20231023:2310,0.0,0.0,0.0,12.09,5.93,0.0
20231024:0010,0.0,0.0,0.0,11.87,5.45,0.0
20231024:0110,0.0,0.0,0.0,11.92,5.93,0.0
20231024:0210,0.0,0.0,0.0,12.16,5.86,0.0
20231024:0310,0.0,0.0,0.0,12.16,5.72,0.0
20231024:0410,0.0,0.0,0.0,12.18,5.66,0.0
20231024:0510,0.0,0.0,0.0,12.1,5.59,0.0
20231024:0610,0.0,0.0,0.0,11.93,5.72,0.0
20231024:0710,0.0,4.37,1.91,12.04,5.79,0.0
20231024:0810,123.63,64.5,10.42,12.1,5.93,0.0
20231024:0910,500.49,210.07,17.79,12.2,6.21,0.0
20231024:1010,540.6,225.44,23.5,12.15,6.62,0.0
20231024:1110,131.58,67.68,27.01,12.22,6.76,0.0
20231024:1210,109.02,58.41,27.9,12.27,6.9,0.0
20231024:1310,154.02,76.95,26.05,12.84,6.9,0.0
20231024:1410,188.58,90.86,21.71,12.94,6.41,0.0
20231024:1510,205.89,97.5,15.36,12.69,5.86,0.0
20231024:1610,62.16,38.6,7.53,12.67,5.17,0.0
20231024:1710,0.0,0.0,0.0,12.83,4.69,0.0
20231024:1810,0.0,0.0,0.0,12.67,4.41,0.0
20231024:1910,0.0,0.0,0.0,12.62,3.66,0.0
20231024:2010,0.0,0.0,0.0,12.54,2.21,0.0
20231024:2110,0.0,0.0,0.0,12.54,0.83,0.0
20231024:2210,0.0,0.0,0.0,12.51,2.21,0.0
20231024:2310,0.0,0.0,0.0,12.37,2.55,0.0
20231025:0010,0.0,0.0,0.0,12.43,3.1,0.0
20231025:0110,0.0,0.0,0.0,12.28,4.34,0.0
20231025:0210,0.0,0.0,0.0,12.2,5.66,0.0
20231025:0310,0.0,0.0,0.0,11.95,6.34,0.0
20231025:0410,0.0,0.0,0.0,11.72,6.21,0.0
20231025:0510,0.0,0.0,0.0,11.55,5.45,0.0
20231025:0610,0.0,0.0,0.0,11.44,5.79,0.0
20231025:0710,0.0,5.25,1.64,11.31,6.34,0.0
20231025:0810,653.37,272.97,10.14,11.45,6.0,0.0
20231025:0910,429.24,182.97,17.49,11.94,5.52,0.0
20231025:1010,1153.02,466.72,23.18,12.6,5.17,0.0
20231025:1110,1745.91,726.74,26.67,13.07,4.28,0.0
20231025:1210,708.18,295.29,27.55,13.43,2.55,0.0
20231025:1310,308.67,139.86,25.71,13.61,0.21,0.0
20231025:1410,159.54,79.73,21.38,13.59,1.93,0.0
20231025:1510,175.44,85.88,15.04,13.24,2.9,0.0
20231025:1610,4.53,9.27,7.23,13.06,3.03,0.0
20231025:1710,0.0,0.0,0.0,12.89,3.31,0.0
20231025:1810,0.0,0.0,0.0,12.82,4.83,0.0
20231025:1910,0.0,0.0,0.0,12.82,5.52,0.0
20231025:2010,0.0,0.0,0.0,13.01,5.86,0.0
20231025:2110,0.0,0.0,0.0,13.4,6.83,0.0
20231025:2210,0.0,0.0,0.0,13.62,7.45,0.0
20231025:2310,0.0,0.0,0.0,13.78,6.62,0.0
20231026:0010,0.0,0.0,0.0,13.86,9.93,0.0
20231026:0110,0.0,0.0,0.0,13.41,10.14,0.0
20231026:0210,0.0,0.0,0.0,13.15,8.62,0.0
20231026:0310,0.0,0.0,0.0,13.06,7.66,0.0
20231026:0410,0.0,0.0,0.0,13.1,7.03,0.0
20231026:0510,0.0,0.0,0.0,13.14,6.76,0.0
20231026:0610,0.0,0.0,0.0,13.01,6.48,0.0
20231026:0710,0.0,3.5,1.38,13.07,5.72,0.0
20231026:0810,205.53,98.17,9.86,13.32,5.52,0.0
20231026:0910,460.47,196.16,17.19,13.71,5.93,0.0
20231026:1010,695.13,287.3,22.86,13.92,5.31,0.0
20231026:1110,81.81,47.28,26.33,14.04,5.93,0.0
20231026:1210,989.1,403.37,27.21,14.22,5.86,0.0
20231026:1310,623.79,259.76,25.37,14.23,6.34,0.0
20231026:1410,524.07,220.81,21.06,14.3,7.03,0.0
20231026:1510,858.81,350.55,14.73,14.06,7.52,0.0
20231026:1610,140.28,72.81,6.94,13.76,8.28,0.0
20231026:1710,0.0,0.0,0.0,13.2,7.86,0.0
20231026:1810,0.0,0.0,0.0,12.97,6.97,0.0
20231026:1910,0.0,0.0,0.0,12.78,5.93,0.0
20231026:2010,0.0,0.0,0.0,12.91,5.45,0.0
20231026:2110,0.0,0.0,0.0,13.03,5.38,0.0
20231026:2210,0.0,0.0,0.0,12.75,5.52,0.0
20231026:2310,0.0,0.0,0.0,12.74,6.34,0.0
20231027:0010,0.0,0.0,0.0,12.67,6.62,0.0
20231027:0110,0.0,0.0,0.0,12.48,6.55,0.0
20231027:0210,0.0,0.0,0.0,12.23,6.48,0.0
20231027:0310,0.0,0.0,0.0,12.04,6.97,0.0
20231027:0410,0.0,0.0,0.0,11.98,7.72,0.0
20231027:0510,0.0,0.0,0.0,11.99,8.55,0.0
20231027:0610,0.0,0.0,0.0,12.05,8.34,0.0
20231027:0710,0.0,0.0,0.0,11.96,8.21,0.0
20231027:0810,259.95,118.99,9.59,11.98,8.0,0.0
20231027:0910,170.31,83.18,16.89,12.16,7.45,0.0
20231027:1010,42.81,29.67,22.54,12.87,6.62,0.0
20231027:1110,591.9,246.28,26.0,13.44,7.31,0.0
20231027:1210,1908.72,776.82,26.87,13.79,8.76,0.0
20231027:1310,1761.6,710.34,25.03,13.68,9.45,0.0
20231027:1410,1250.91,500.53,20.73,13.62,9.31,0.0
20231027:1510,824.61,335.25,14.43,13.3,8.48,0.0
20231027:1610,22.05,19.47,6.65,12.72,7.45,0.0
20231027:1710,0.0,0.0,0.0,12.56,7.17,0.0
20231027:1810,0.0,0.0,0.0,12.56,7.1,0.0
20231027:1910,0.0,0.0,0.0,12.62,7.45,0.0
20231027:2010,0.0,0.0,0.0,12.87,7.72,0.0
20231027:2110,0.0,0.0,0.0,12.88,7.86,0.0
20231027:2210,0.0,0.0,0.0,12.71,8.14,0.0
20231027:2310,0.0,0.0,0.0,12.91,9.1,0.0
20231028:0010,0.0,0.0,0.0,12.77,10.21,0.0
20231028:0110,0.0,0.0,0.0,12.8,11.1,0.0
20231028:0210,0.0,0.0,0.0,12.53,10.07,0.0
20231028:0310,0.0,0.0,0.0,12.37,9.31,0.0
20231028:0410,0.0,0.0,0.0,12.37,9.45,0.0
20231028:0510,0.0,0.0,0.0,12.65,8.83,0.0
20231028:0610,0.0,0.0,0.0,12.91,8.21,0.0
20231028:0710,0.0,0.0,0.0,13.05,7.66,0.0
20231028:0810,385.2,169.23,9.31,13.46,7.17,0.0
20231028:0910,517.29,217.44,16.6,13.81,7.38,0.0
20231028:1010,258.6,118.26,22.22,13.01,8.21,0.0
20231028:1110,88.86,50.06,25.66,13.03,8.76,0.0
20231028:1210,97.5,53.77,26.53,13.27,8.83,0.0
20231028:1310,113.19,60.26,24.7,13.09,9.86,0.0
20231028:1410,203.04,96.42,20.41,12.96,9.59,0.0
20231028:1510,1041.06,420.12,14.13,13.39,8.9,0.0
20231028:1610,415.8,185.62,6.37,13.39,11.03,0.0
20231028:1710,0.0,0.0,0.0,13.21,10.83,0.0
20231028:1810,0.0,0.0,0.0,12.81,9.79,0.0
20231028:1910,0.0,0.0,0.0,12.48,9.17,0.0
20231028:2010,0.0,0.0,0.0,12.09,8.69,0.0
20231028:2110,0.0,0.0,0.0,11.99,8.55,0.0
20231028:2210,0.0,0.0,0.0,12.17,8.0,0.0
20231028:2310,0.0,0.0,0.0,11.42,9.72,0.0
20231029:0010,0.0,0.0,0.0,11.12,9.45,0.0
20231029:0110,0.0,0.0,0.0,11.86,8.83,0.0
20231029:0210,0.0,0.0,0.0,12.17,9.59,0.0
20231029:0310,0.0,0.0,0.0,12.2,10.28,0.0
20231029:0410,0.0,0.0,0.0,12.45,9.79,0.0
20231029:0510,0.0,0.0,0.0,12.59,9.86,0.0
20231029:0610,0.0,0.0,0.0,12.34,9.1,0.0
20231029:0710,0.0,0.0,0.0,12.06,8.69,0.0
20231029:0810,158.28,78.64,9.03,12.08,9.31,0.0
20231029:0910,76.26,44.5,16.3,12.11,9.72,0.0
20231029:1010,1624.47,650.71,21.91,12.67,8.9,0.0
20231029:1110,1176.45,468.99,25.33,13.0,10.0,0.0
20231029:1210,618.33,254.64,26.19,13.06,10.69,0.0
20231029:1310,1326.15,525.77,24.37,13.14,11.86,0.0
20231029:1410,464.16,195.86,20.1,13.35,12.69,0.0
20231029:1510,974.88,390.59,13.83,13.31,13.1,0.0
20231029:1610,388.92,174.73,6.09,13.2,11.93,0.0
20231029:1710,0.0,0.0,0.0,12.8,12.34,0.0
20231029:1810,0.0,0.0,0.0,12.61,12.28,0.0
20231029:1910,0.0,0.0,0.0,12.61,11.79,0.0
20231029:2010,0.0,0.0,0.0,12.86,11.38,0.0
20231029:2110,0.0,0.0,0.0,12.88,11.03,0.0
20231029:2210,0.0,0.0,0.0,12.23,9.93,0.0
20231029:2310,0.0,0.0,0.0,12.14,10.28,0.0
20231030:0010,0.0,0.0,0.0,12.32,10.41,0.0
20231030:0110,0.0,0.0,0.0,12.44,10.34,0.0
20231030:0210,0.0,0.0,0.0,12.5,9.45,0.0
20231030:0310,0.0,0.0,0.0,12.24,8.41,0.0
20231030:0410,0.0,0.0,0.0,11.95,8.14,0.0
20231030:0510,0.0,0.0,0.0,12.08,7.52,0.0
20231030:0610,0.0,0.0,0.0,12.11,7.79,0.0
20231030:0710,0.0,0.0,0.0,12.23,7.52,0.0
20231030:0810,637.86,268.16,8.76,12.43,7.17,0.0
20231030:0910,56.97,36.16,16.01,12.89,6.9,0.0
20231030:1010,1046.16,422.22,21.59,13.46,6.83,0.0
20231030:1110,1723.95,702.69,25.01,13.81,7.31,0.0
20231030:1210,1170.06,471.84,25.86,13.87,7.66,0.0
20231030:1310,1321.02,532.27,24.05,13.98,7.93,0.0
20231030:1410,1213.2,489.61,19.79,14.12,7.45,0.0
20231030:1510,585.39,244.46,13.54,14.0,6.9,0.0
20231030:1610,227.97,110.2,5.81,13.99,6.9,0.0
20231030:1710,0.0,0.0,0.0,13.84,7.17,0.0
20231030:1810,0.0,0.0,0.0,13.87,6.9,0.0
20231030:1910,0.0,0.0,0.0,13.57,6.34,0.0
20231030:2010,0.0,0.0,0.0,13.14,5.31,0.0
20231030:2110,0.0,0.0,0.0,12.57,4.9,0.0
20231030:2210,0.0,0.0,0.0,12.39,4.9,0.0
20231030:2310,0.0,0.0,0.0,12.32,5.86,0.0
20231031:0010,0.0,0.0,0.0,12.61,6.55,0.0
20231031:0110,0.0,0.0,0.0,12.62,6.76,0.0
20231031:0210,0.0,0.0,0.0,12.65,6.69,0.0
20231031:0310,0.0,0.0,0.0,12.53,6.62,0.0
20231031:0410,0.0,0.0,0.0,12.31,7.1,0.0
20231031:0510,0.0,0.0,0.0,12.33,6.83,0.0
20231031:0610,0.0,0.0,0.0,12.56,6.48,0.0
20231031:0710,0.0,0.0,0.0,12.6,7.03,0.0
20231031:0810,354.15,156.93,8.49,12.85,6.9,0.0
20231031:0910,1061.52,428.37,15.72,13.18,7.03,0.0
20231031:1010,772.38,315.84,21.28,13.76,6.34,0.0
20231031:1110,474.09,201.69,24.69,13.97,7.31,0.0
20231031:1210,515.58,217.11,25.54,13.81,8.41,0.0
20231031:1310,292.47,131.79,23.73,13.61,7.45,0.0
20231031:1410,139.92,71.39,19.48,13.29,6.41,0.0
20231031:1510,88.59,50.06,13.25,13.37,6.14,0.0
20231031:1610,0.9,6.49,5.54,13.78,6.41,0.0
20231031:1710,0.0,0.0,0.0,14.5,8.07,0.0
20231031:1810,0.0,0.0,0.0,14.72,9.24,0.0
20231031:1910,0.0,0.0,0.0,14.54,8.21,0.0
20231031:2010,0.0,0.0,0.0,14.47,8.76,0.0
20231031:2110,0.0,0.0,0.0,14.58,10.76,0.0
20231031:2210,0.0,0.0,0.0,14.64,11.24,0.0
20231031:2310,0.0,0.0,0.0,14.69,11.72,0.0
20231101:0010,0.0,0.0,0.0,14.29,13.45,0.0
20231101:0110,0.0,0.0,0.0,14.0,12.97,0.0
20231101:0210,0.0,0.0,0.0,13.48,13.31,0.0
20231101:0310,0.0,0.0,0.0,12.9,11.38,0.0
20231101:0410,0.0,0.0,0.0,12.78,9.93,0.0
20231101:0510,0.0,0.0,0.0,13.3,11.24,0.0
20231101:0610,0.0,0.0,0.0,12.9,12.14,0.0
20231101:0710,0.0,0.0,0.0,12.48,11.31,0.0
20231101:0810,630.72,264.13,8.21,12.18,10.21,0.0
20231101:0910,164.16,80.61,15.43,12.08,10.07,0.0
20231101:1010,1575.54,630.2,20.98,12.75,8.97,0.0
20231101:1110,665.49,271.68,24.37,12.87,11.31,0.0
20231101:1210,1864.32,740.15,25.21,12.76,12.83,0.0
20231101:1310,807.0,324.1,23.41,12.41,11.59,0.0
20231101:1410,923.1,368.98,19.18,12.69,10.41,0.0
20231101:1510,791.52,320.29,12.97,12.53,10.41,0.0
20231101:1610,42.06,29.44,5.27,12.11,9.86,0.0
20231101:1710,0.0,0.0,0.0,11.59,10.21,0.0
20231101:1810,0.0,0.0,0.0,11.78,10.97,0.0
20231101:1910,0.0,0.0,0.0,11.86,12.62,0.0
20231101:2010,0.0,0.0,0.0,11.89,14.97,0.0
20231101:2110,0.0,0.0,0.0,12.54,15.93,0.0
20231101:2210,0.0,0.0,0.0,12.7,10.83,0.0
20231101:2310,0.0,0.0,0.0,12.34,13.31,0.0
20231102:0010,0.0,0.0,0.0,11.95,13.59,0.0
20231102:0110,0.0,0.0,0.0,12.23,10.76,0.0
20231102:0210,0.0,0.0,0.0,12.35,3.38,0.0
20231102:0310,0.0,0.0,0.0,11.8,7.24,0.0
20231102:0410,0.0,0.0,0.0,11.58,10.83,0.0
20231102:0510,0.0,0.0,0.0,11.42,12.69,0.0
20231102:0610,0.0,0.0,0.0,10.33,16.55,0.0
20231102:0710,0.0,0.0,0.0,9.82,18.9,0.0
20231102:0810,103.92,55.84,7.94,10.1,18.48,0.0
20231102:0910,295.29,129.93,15.14,10.37,16.55,0.0
20231102:1010,243.93,110.98,20.67,10.3,13.31,0.0
20231102:1110,196.53,92.71,24.05,10.31,13.1,0.0
20231102:1210,131.01,66.75,24.89,10.15,13.24,0.0
20231102:1310,347.94,150.52,23.1,10.46,12.48,0.0
20231102:1410,309.84,136.27,18.89,11.07,12.28,0.0
20231102:1510,239.31,109.35,12.69,11.21,12.83,0.0
20231102:1610,52.32,34.27,5.01,11.07,12.41,0.0
20231102:1710,0.0,0.0,0.0,11.24,12.55,0.0
20231102:1810,0.0,0.0,0.0,11.28,11.59,0.0
20231102:1910,0.0,0.0,0.0,11.31,10.83,0.0
20231102:2010,0.0,0.0,0.0,11.22,10.55,0.0
20231102:2110,0.0,0.0,0.0,11.11,10.34,0.0
20231102:2210,0.0,0.0,0.0,10.87,9.79,0.0
20231102:2310,0.0,0.0,0.0,10.89,9.1,0.0
20231103:0010,0.0,0.0,0.0,10.99,8.9,0.0
20231103:0110,0.0,0.0,0.0,11.07,8.69,0.0
20231103:0210,0.0,0.0,0.0,11.14,8.41,0.0
20231103:0310,0.0,0.0,0.0,10.84,7.93,0.0
20231103:0410,0.0,0.0,0.0,10.79,7.38,0.0
20231103:0510,0.0,0.0,0.0,11.02,7.03,0.0
20231103:0610,0.0,0.0,0.0,11.21,7.1,0.0
20231103:0710,0.0,0.0,0.0,11.38,7.45,0.0
20231103:0810,345.21,152.75,7.67,11.52,7.45,0.0
20231103:0910,984.6,394.53,14.85,11.74,7.66,0.0
20231103:1010,864.42,346.9,20.37,12.12,8.69,0.0
20231103:1110,654.45,267.31,23.74,12.23,9.59,0.0
20231103:1210,985.29,392.81,24.58,12.17,10.07,0.0
20231103:1310,347.52,151.61,22.79,12.05,10.14,0.0
20231103:1410,1415.73,560.83,18.59,12.04,10.21,0.0
20231103:1510,985.56,395.68,12.42,12.08,9.45,0.0
20231103:1610,48.72,32.79,4.76,11.86,8.97,0.0
20231103:1710,0.0,0.0,0.0,11.5,8.14,0.0
20231103:1810,0.0,0.0,0.0,11.37,7.24,0.0
20231103:1910,0.0,0.0,0.0,11.29,6.41,0.0
20231103:2010,0.0,0.0,0.0,11.54,6.76,0.0
20231103:2110,0.0,0.0,0.0,11.32,6.97,0.0
20231103:2210,0.0,0.0,0.0,11.27,6.34,0.0
20231103:2310,0.0,0.0,0.0,11.38,5.45,0.0
20231104:0010,0.0,0.0,0.0,11.38,7.24,0.0
20231104:0110,0.0,0.0,0.0,11.12,9.17,0.0
20231104:0210,0.0,0.0,0.0,10.71,10.0,0.0
20231104:0310,0.0,0.0,0.0,10.75,10.9,0.0
20231104:0410,0.0,0.0,0.0,11.21,12.34,0.0
20231104:0510,0.0,0.0,0.0,12.54,10.55,0.0
20231104:0610,0.0,0.0,0.0,12.2,12.34,0.0
20231104:0710,0.0,0.0,0.0,11.32,13.24,0.0
20231104:0810,336.18,148.75,7.41,11.28,11.17,0.0
20231104:0910,649.38,264.35,14.57,11.97,10.62,0.0
20231104:1010,1176.78,466.75,20.07,12.35,10.14,0.0
20231104:1110,227.28,105.69,23.43,12.56,11.31,0.0
20231104:1210,517.74,215.87,24.27,12.75,12.34,0.0
20231104:1310,586.56,241.33,22.49,12.69,12.21,0.0
20231104:1410,512.28,213.2,18.31,12.43,10.69,0.0
20231104:1510,478.23,201.12,12.15,12.25,8.97,0.0
20231104:1610,5.97,10.2,4.51,11.87,7.03,0.0
20231104:1710,0.0,0.0,0.0,11.33,5.24,0.0
20231104:1810,0.0,0.0,0.0,11.3,4.21,0.0
20231104:1910,0.0,0.0,0.0,10.66,3.93,0.0
20231104:2010,0.0,0.0,0.0,11.07,4.76,0.0
20231104:2110,0.0,0.0,0.0,11.11,6.28,0.0
20231104:2210,0.0,0.0,0.0,11.39,7.59,0.0
20231104:2310,0.0,0.0,0.0,11.14,9.59,0.0
20231105:0010,0.0,0.0,0.0,10.9,11.45,0.0
20231105:0110,0.0,0.0,0.0,11.1,12.83,0.0
20231105:0210,0.0,0.0,0.0,11.43,12.83,0.0
20231105:0310,0.0,0.0,0.0,11.44,11.93,0.0
20231105:0410,0.0,0.0,0.0,11.3,11.45,0.0
20231105:0510,0.0,0.0,0.0,11.29,10.69,0.0
20231105:0610,0.0,0.0,0.0,11.26,10.14,0.0
20231105:0710,0.0,0.0,0.0,11.27,9.59,0.0
20231105:0810,502.56,214.06,7.14,11.37,9.31,0.0
20231105:0910,1227.42,488.19,14.29,11.77,9.38,0.0
20231105:1010,1134.42,451.35,19.78,12.1,8.76,0.0
20231105:1110,1798.89,719.82,23.12,12.32,9.72,0.0
20231105:1210,361.14,157.12,23.96,12.44,9.79,0.0
20231105:1310,127.14,65.82,22.19,12.4,10.21,0.0
20231105:1410,309.96,137.0,18.03,12.23,10.83,0.0
20231105:1510,445.92,188.25,11.89,11.93,10.83,0.0
20231105:1610,99.72,56.16,4.26,11.9,10.62,0.0
20231105:1710,0.0,0.0,0.0,11.69,10.41,0.0
20231105:1810,0.0,0.0,0.0,11.54,10.48,0.0
20231105:1910,0.0,0.0,0.0,11.34,10.83,0.0
20231105:2010,0.0,0.0,0.0,11.38,10.9,0.0
20231105:2110,0.0,0.0,0.0,11.24,10.69,0.0
20231105:2210,0.0,0.0,0.0,11.19,9.72,0.0
20231105:2310,0.0,0.0,0.0,11.2,10.55,0.0
20231106:0010,0.0,0.0,0.0,11.18,10.76,0.0
20231106:0110,0.0,0.0,0.0,11.1,9.45,0.0
20231106:0210,0.0,0.0,0.0,10.95,8.28,0.0
20231106:0310,0.0,0.0,0.0,10.91,7.31,0.0
20231106:0410,0.0,0.0,0.0,10.79,6.21,0.0
20231106:0510,0.0,0.0,0.0,10.83,5.45,0.0
20231106:0610,0.0,0.0,0.0,10.74,5.24,0.0
20231106:0710,0.0,0.0,0.0,10.81,5.52,0.0
20231106:0810,470.22,202.25,6.88,11.03,5.86,0.0
20231106:0910,668.07,272.83,14.01,11.48,6.34,0.0
20231106:1010,1589.52,640.35,19.48,12.01,6.83,0.0
20231106:1110,145.5,73.24,22.82,12.02,7.66,0.0
20231106:1210,1772.85,712.31,23.66,11.82,8.28,0.0
20231106:1310,41.04,28.74,21.9,11.97,8.48,0.0
20231106:1410,912.84,365.19,17.75,11.91,8.41,0.0
20231106:1510,569.13,235.08,11.63,11.49,8.48,0.0
20231106:1610,15.33,15.76,4.02,10.98,8.83,0.0
20231106:1710,0.0,0.0,0.0,10.59,8.97,0.0
20231106:1810,0.0,0.0,0.0,10.48,8.97,0.0
20231106:1910,0.0,0.0,0.0,10.52,8.41,0.0
20231106:2010,0.0,0.0,0.0,10.8,8.07,0.0
20231106:2110,0.0,0.0,0.0,10.88,8.21,0.0
20231106:2210,0.0,0.0,0.0,10.81,7.52,0.0
20231106:2310,0.0,0.0,0.0,10.69,6.97,0.0
20231107:0010,0.0,0.0,0.0,10.65,7.86,0.0
20231107:0110,0.0,0.0,0.0,10.71,8.41,0.0
20231107:0210,0.0,0.0,0.0,10.69,8.34,0.0
20231107:0310,0.0,0.0,0.0,10.7,8.69,0.0
20231107:0410,0.0,0.0,0.0,10.51,8.07,0.0
20231107:0510,0.0,0.0,0.0,10.44,8.0,0.0
20231107:0610,0.0,0.0,0.0,10.57,7.79,0.0
20231107:0710,0.0,0.0,0.0,10.71,7.59,0.0
20231107:0810,401.7,174.75,6.62,10.64,7.52,0.0
20231107:0910,1231.86,491.18,13.73,11.06,7.72,0.0
20231107:1010,1625.88,652.8,19.19,11.69,7.38,0.0
20231107:1110,1842.66,746.54,22.52,12.16,7.52,0.0
20231107:1210,1811.34,733.88,23.36,12.35,7.52,0.0
20231107:1310,1706.07,689.22,21.61,12.42,7.38,0.0
20231107:1410,180.03,87.08,17.48,12.29,7.59,0.0
20231107:1510,933.33,376.6,11.38,11.82,7.79,0.0
20231107:1610,271.41,129.09,3.79,11.49,7.79,0.0
20231107:1710,0.0,0.0,0.0,11.15,6.97,0.0
20231107:1810,0.0,0.0,0.0,10.98,6.55,0.0
20231107:1910,0.0,0.0,0.0,10.87,6.34,0.0
20231107:2010,0.0,0.0,0.0,10.95,6.28,0.0
20231107:2110,0.0,0.0,0.0,11.24,7.03,0.0
20231107:2210,0.0,0.0,0.0,11.63,7.86,0.0
20231107:2310,0.0,0.0,0.0,11.72,9.86,0.0
20231108:0010,0.0,0.0,0.0,11.72,11.1,0.0
20231108:0110,0.0,0.0,0.0,11.82,11.24,0.0
20231108:0210,0.0,0.0,0.0,11.89,10.97,0.0
20231108:0310,0.0,0.0,0.0,12.08,11.59,0.0
20231108:0410,0.0,0.0,0.0,12.39,12.55,0.0
20231108:0510,0.0,0.0,0.0,12.64,14.07,0.0
20231108:0610,0.0,0.0,0.0,13.28,13.72,0.0
20231108:0710,0.0,0.0,0.0,13.72,13.79,0.0
20231108:0810,23.76,20.4,6.36,13.45,10.9,0.0
20231108:0910,225.03,104.47,13.46,12.44,8.83,0.0
20231108:1010,306.66,136.06,18.91,12.2,7.72,0.0
20231108:1110,778.89,315.55,22.23,11.84,6.41,0.0
20231108:1210,797.28,323.04,23.07,11.88,6.14,0.0
20231108:1310,601.17,248.08,21.33,11.77,5.59,0.0
20231108:1410,254.73,116.11,17.21,11.7,5.17,0.0
20231108:1510,299.43,133.2,11.13,11.58,5.1,0.0
20231108:1610,54.66,36.05,3.56,11.42,4.9,0.0
20231108:1710,0.0,0.0,0.0,11.16,4.69,0.0
20231108:1810,0.0,0.0,0.0,11.13,5.1,0.0
20231108:1910,0.0,0.0,0.0,11.08,6.0,0.0
20231108:2010,0.0,0.0,0.0,11.11,6.62,0.0
20231108:2110,0.0,0.0,0.0,11.12,7.17,0.0
20231108:2210,0.0,0.0,0.0,11.43,7.45,0.0
20231108:2310,0.0,0.0,0.0,11.09,8.62,0.0
20231109:0010,0.0,0.0,0.0,10.58,9.59,0.0
20231109:0110,0.0,0.0,0.0,10.53,10.14,0.0
20231109:0210,0.0,0.0,0.0,10.31,10.07,0.0
20231109:0310,0.0,0.0,0.0,10.19,10.34,0.0
20231109:0410,0.0,0.0,0.0,10.22,10.28,0.0
20231109:0510,0.0,0.0,0.0,10.09,10.21,0.0
20231109:0610,0.0,0.0,0.0,9.84,9.93,0.0
20231109:0710,0.0,0.0,0.0,9.67,10.28,0.0
20231109:0810,445.32,190.28,6.1,9.18,11.24,0.0
20231109:0910,459.9,190.65,13.19,9.29,12.0,0.0
20231109:1010,1471.71,579.3,18.62,10.16,9.38,0.0
20231109:1110,252.9,114.74,21.94,10.66,10.48,0.0
20231109:1210,436.53,183.66,22.78,10.61,12.07,0.0
20231109:1310,630.03,254.73,21.05,10.42,12.62,0.0
20231109:1410,479.04,198.2,16.95,10.04,12.55,0.0
20231109:1510,228.9,104.67,10.89,9.73,12.76,0.0
20231109:1610,130.89,69.86,3.34,10.03,12.76,0.0
20231109:1710,0.0,0.0,0.0,10.26,12.41,0.0
20231109:1810,0.0,0.0,0.0,10.39,11.59,0.0
20231109:1910,0.0,0.0,0.0,10.47,11.1,0.0
20231109:2010,0.0,0.0,0.0,10.82,11.03,0.0
20231109:2110,0.0,0.0,0.0,10.9,11.38,0.0
20231109:2210,0.0,0.0,0.0,10.54,11.52,0.0
20231109:2310,0.0,0.0,0.0,11.03,12.28,0.0
20231110:0010,0.0,0.0,0.0,10.9,12.07,0.0
20231110:0110,0.0,0.0,0.0,10.89,12.0,0.0
20231110:0210,0.0,0.0,0.0,10.96,11.79,0.0
20231110:0310,0.0,0.0,0.0,10.86,12.07,0.0
20231110:0410,0.0,0.0,0.0,10.94,13.31,0.0
20231110:0510,0.0,0.0,0.0,10.79,14.21,0.0
20231110:0610,0.0,0.0,0.0,10.61,14.48,0.0
20231110:0710,0.0,0.0,0.0,10.79,14.97,0.0
20231110:0810,473.73,202.21,5.84,10.6,14.34,0.0
20231110:0910,160.98,78.71,12.92,10.57,13.45,0.0
20231110:1010,1599.42,625.23,18.34,10.61,12.69,0.0
20231110:1110,1872.15,736.7,21.65,10.89,12.55,0.0
20231110:1210,1444.59,566.67,22.49,11.06,11.93,0.0
20231110:1310,1804.08,713.59,20.78,11.11,10.97,0.0
20231110:1410,1455.33,573.01,16.7,11.11,10.76,0.0
20231110:1510,465.96,195.38,10.65,11.13,10.0,0.0
20231110:1610,100.59,57.17,3.12,11.05,9.31,0.0
20231110:1710,0.0,0.0,0.0,10.87,8.34,0.0
20231110:1810,0.0,0.0,0.0,10.65,7.52,0.0
20231110:1910,0.0,0.0,0.0,10.47,7.03,0.0
20231110:2010,0.0,0.0,0.0,10.38,6.83,0.0
20231110:2110,0.0,0.0,0.0,10.48,6.76,0.0
20231110:2210,0.0,0.0,0.0,10.64,6.0,0.0
20231110:2310,0.0,0.0,0.0,10.59,6.07,0.0
20231111:0010,0.0,0.0,0.0,10.46,5.66,0.0
20231111:0110,0.0,0.0,0.0,10.28,5.72,0.0
20231111:0210,0.0,0.0,0.0,10.12,6.07,0.0
20231111:0310,0.0,0.0,0.0,9.88,6.14,0.0
20231111:0410,0.0,0.0,0.0,9.77,6.0,0.0
20231111:0510,0.0,0.0,0.0,9.52,5.72,0.0
20231111:0610,0.0,0.0,0.0,9.37,5.31,0.0
20231111:0710,0.0,0.0,0.0,9.13,4.69,0.0
20231111:0810,256.89,118.15,5.59,8.96,4.0,0.0
20231111:0910,766.29,310.89,12.65,9.48,3.38,0.0
20231111:1010,580.83,241.01,18.07,9.99,1.59,0.0
20231111:1110,1012.02,413.76,21.37,10.4,1.59,0.0
20231111:1210,796.74,326.82,22.22,10.57,1.66,0.0
20231111:1310,307.59,136.85,20.51,10.72,1.79,0.0
20231111:1410,72.3,42.65,16.45,10.74,3.1,0.0
20231111:1510,418.83,178.58,10.42,10.76,4.55,0.0
20231111:1610,38.85,28.53,2.91,10.85,5.79,0.0
20231111:1710,0.0,0.0,0.0,11.06,6.69,0.0
20231111:1810,0.0,0.0,0.0,11.49,7.52,0.0
20231111:1910,0.0,0.0,0.0,11.55,8.34,0.0
20231111:2010,0.0,0.0,0.0,11.49,8.48,0.0
20231111:2110,0.0,0.0,0.0,11.25,9.24,0.0
20231111:2210,0.0,0.0,0.0,11.12,10.14,0.0
20231111:2310,0.0,0.0,0.0,11.19,10.28,0.0
20231112:0010,0.0,0.0,0.0,11.37,11.24,0.0
20231112:0110,0.0,0.0,0.0,11.09,10.55,0.0
20231112:0210,0.0,0.0,0.0,10.86,9.79,0.0
20231112:0310,0.0,0.0,0.0,10.73,8.62,0.0
20231112:0410,0.0,0.0,0.0,10.8,6.62,0.0
20231112:0510,0.0,0.0,0.0,11.02,3.79,0.0
20231112:0610,0.0,0.0,0.0,11.37,2.07,0.0
20231112:0710,0.0,0.0,0.0,11.73,5.38,0.0
20231112:0810,7.38,11.13,5.34,12.07,8.0,0.0
20231112:0910,211.98,99.51,12.39,12.62,7.45,0.0
20231112:1010,86.7,49.14,17.79,12.95,8.28,0.0
20231112:1110,95.19,52.85,21.09,13.39,7.38,0.0
20231112:1210,151.23,76.02,21.94,13.48,6.76,0.0
20231112:1310,355.74,155.63,20.25,13.52,8.14,0.0
20231112:1410,668.58,273.92,16.2,13.65,8.34,0.0
20231112:1510,208.17,98.37,10.2,13.44,8.34,0.0
20231112:1610,0.0,4.64,2.7,13.13,7.52,0.0
20231112:1710,0.0,0.0,0.0,12.88,6.41,0.0
20231112:1810,0.0,0.0,0.0,12.81,6.97,0.0
20231112:1910,0.0,0.0,0.0,12.85,6.62,0.0
20231112:2010,0.0,0.0,0.0,13.13,6.69,0.0
20231112:2110,0.0,0.0,0.0,13.33,6.62,0.0
20231112:2210,0.0,0.0,0.0,12.99,5.1,0.0
20231112:2310,0.0,0.0,0.0,13.23,6.21,0.0
20231113:0010,0.0,0.0,0.0,13.7,8.76,0.0
20231113:0110,0.0,0.0,0.0,14.21,12.55,0.0
20231113:0210,0.0,0.0,0.0,14.3,12.69,0.0
20231113:0310,0.0,0.0,0.0,14.38,12.41,0.0
20231113:0410,0.0,0.0,0.0,14.53,12.9,0.0
20231113:0510,0.0,0.0,0.0,14.58,13.17,0.0
20231113:0610,0.0,0.0,0.0,14.6,13.59,0.0
20231113:0710,0.0,0.0,0.0,14.58,13.31,0.0
20231113:0810,366.24,163.88,5.09,14.14,12.9,0.0
20231113:0910,668.13,273.0,12.13,13.66,12.07,0.0
20231113:1010,783.93,316.16,17.52,13.3,10.76,0.0
20231113:1110,341.73,149.93,20.82,13.46,11.52,0.0
20231113:1210,776.67,313.42,21.67,13.64,12.76,0.0
20231113:1310,581.01,239.69,19.99,13.7,12.9,0.0
20231113:1410,475.44,199.75,15.97,13.74,13.03,0.0
20231113:1510,205.26,97.12,9.98,13.68,12.83,0.0
20231113:1610,0.0,3.71,2.5,13.48,12.21,0.0
20231113:1710,0.0,0.0,0.0,13.32,11.72,0.0
20231113:1810,0.0,0.0,0.0,13.31,11.38,0.0
20231113:1910,0.0,0.0,0.0,13.22,11.03,0.0
20231113:2010,0.0,0.0,0.0,13.19,10.69,0.0
20231113:2110,0.0,0.0,0.0,13.24,10.55,0.0
20231113:2210,0.0,0.0,0.0,13.11,10.0,0.0
20231113:2310,0.0,0.0,0.0,13.12,11.72,0.0
20231114:0010,0.0,0.0,0.0,13.06,11.79,0.0
20231114:0110,0.0,0.0,0.0,13.14,10.9,0.0
20231114:0210,0.0,0.0,0.0,13.13,11.59,0.0
20231114:0310,0.0,0.0,0.0,13.31,11.52,0.0
20231114:0410,0.0,0.0,0.0,13.35,11.45,0.0
20231114:0510,0.0,0.0,0.0,13.05,10.9,0.0
20231114:0610,0.0,0.0,0.0,12.81,10.83,0.0
20231114:0710,0.0,0.0,0.0,12.41,9.03,0.0
20231114:0810,4.56,9.27,4.85,12.36,8.14,0.0
20231114:0910,102.33,55.63,11.88,12.38,8.0,0.0
20231114:1010,231.09,107.0,17.26,12.3,8.07,0.0
20231114:1110,784.59,315.48,20.55,12.01,9.66,0.0
20231114:1210,583.68,239.75,21.41,12.1,10.83,0.0
20231114:1310,959.22,381.93,19.74,12.62,10.97,0.0
20231114:1410,1065.63,423.19,15.73,12.86,11.24,0.0
20231114:1510,406.2,173.94,9.77,12.82,11.1,0.0
20231114:1610,18.51,18.19,2.31,12.62,10.14,0.0
20231114:1710,0.0,0.0,0.0,12.36,9.45,0.0
20231114:1810,0.0,0.0,0.0,12.24,9.31,0.0
20231114:1910,0.0,0.0,0.0,12.16,8.9,0.0
20231114:2010,0.0,0.0,0.0,12.14,8.83,0.0
20231114:2110,0.0,0.0,0.0,12.1,8.9,0.0
20231114:2210,0.0,0.0,0.0,12.08,8.55,0.0
20231114:2310,0.0,0.0,0.0,11.96,8.28,0.0
20231115:0010,0.0,0.0,0.0,11.8,7.72,0.0
20231115:0110,0.0,0.0,0.0,11.7,8.28,0.0
20231115:0210,0.0,0.0,0.0,11.56,8.69,0.0
20231115:0310,0.0,0.0,0.0,11.46,8.83,0.0
20231115:0410,0.0,0.0,0.0,11.38,8.41,0.0
20231115:0510,0.0,0.0,0.0,11.24,8.41,0.0
20231115:0610,0.0,0.0,0.0,11.1,8.21,0.0
20231115:0710,0.0,0.0,0.0,10.99,7.79,0.0
20231115:0810,227.58,107.61,4.6,10.9,7.17,0.0
20231115:0910,1030.14,412.49,11.62,11.02,6.97,0.0
20231115:1010,1364.19,545.81,17.0,11.43,6.55,0.0
20231115:1110,1869.36,757.46,20.29,11.7,7.24,0.0
20231115:1210,1351.23,539.8,21.15,11.65,7.1,0.0
20231115:1310,1041.06,416.22,19.5,11.71,6.83,0.0
20231115:1410,404.76,172.75,15.51,11.64,6.34,0.0
20231115:1510,202.77,95.66,9.56,11.46,5.45,0.0
20231115:1610,0.93,6.49,2.12,11.22,4.14,0.0
20231115:1710,0.0,0.0,0.0,10.91,3.31,0.0
20231115:1810,0.0,0.0,0.0,11.05,2.97,0.0
20231115:1910,0.0,0.0,0.0,10.91,2.55,0.0
20231115:2010,0.0,0.0,0.0,10.89,1.86,0.0
20231115:2110,0.0,0.0,0.0,10.86,1.66,0.0
20231115:2210,0.0,0.0,0.0,10.85,3.52,0.0
20231115:2310,0.0,0.0,0.0,10.95,4.9,0.0
20231116:0010,0.0,0.0,0.0,10.6,5.93,0.0
20231116:0110,0.0,0.0,0.0,10.41,6.83,0.0
20231116:0210,0.0,0.0,0.0,10.22,8.34,0.0
20231116:0310,0.0,0.0,0.0,10.25,10.76,0.0
20231116:0410,0.0,0.0,0.0,10.38,12.34,0.0
20231116:0510,0.0,0.0,0.0,10.17,13.17,0.0
20231116:0610,0.0,0.0,0.0,9.95,13.45,0.0
20231116:0710,0.0,0.0,0.0,9.78,13.86,0.0
20231116:0810,0.0,5.56,4.36,9.69,13.17,0.0
20231116:0910,352.92,151.2,11.37,9.64,11.24,0.0
20231116:1010,312.06,135.83,16.74,8.98,10.28,0.0
20231116:1110,409.41,172.51,20.03,9.03,9.03,0.0
20231116:1210,1191.87,471.1,20.9,9.37,6.69,0.0
20231116:1310,359.34,154.92,19.26,9.56,4.76,0.0
20231116:1410,144.42,72.31,15.29,9.8,3.86,0.0
20231116:1510,135.39,68.59,9.36,9.98,4.0,0.0
20231116:1610,0.0,3.71,1.93,9.74,4.07,0.0
20231116:1710,0.0,0.0,0.0,9.68,4.41,0.0
20231116:1810,0.0,0.0,0.0,10.07,4.69,0.0
20231116:1910,0.0,0.0,0.0,10.48,5.31,0.0
20231116:2010,0.0,0.0,0.0,10.2,6.48,0.0
20231116:2110,0.0,0.0,0.0,10.32,7.1,0.0
20231116:2210,0.0,0.0,0.0,10.45,7.1,0.0
20231116:2310,0.0,0.0,0.0,10.35,7.79,0.0
20231117:0010,0.0,0.0,0.0,10.07,7.45,0.0
20231117:0110,0.0,0.0,0.0,9.99,7.1,0.0
20231117:0210,0.0,0.0,0.0,10.01,7.45,0.0
20231117:0310,0.0,0.0,0.0,9.97,6.55,0.0
20231117:0410,0.0,0.0,0.0,9.71,6.76,0.0
20231117:0510,0.0,0.0,0.0,9.3,6.34,0.0
20231117:0610,0.0,0.0,0.0,9.18,5.52,0.0
20231117:0710,0.0,0.0,0.0,9.41,4.62,0.0
20231117:0810,158.25,79.46,4.13,9.67,5.31,0.0
20231117:0910,578.25,237.52,11.13,10.1,5.66,0.0
20231117:1010,301.38,133.32,16.49,10.7,5.17,0.0
20231117:1110,496.98,207.89,19.78,11.1,5.1,0.0
20231117:1210,571.53,236.49,20.65,11.26,4.9,0.0
20231117:1310,206.4,97.36,19.03,11.29,4.21,0.0
20231117:1410,155.61,77.23,15.07,11.31,3.1,0.0
20231117:1510,280.68,126.13,9.17,11.31,3.45,0.0
20231117:1610,0.0,5.56,1.76,11.39,4.28,0.0
20231117:1710,0.0,0.0,0.0,11.59,5.59,0.0
20231117:1810,0.0,0.0,0.0,11.78,6.9,0.0
20231117:1910,0.0,0.0,0.0,11.96,8.76,0.0
20231117:2010,0.0,0.0,0.0,12.07,9.59,0.0
20231117:2110,0.0,0.0,0.0,12.11,10.62,0.0
20231117:2210,0.0,0.0,0.0,12.16,10.48,0.0
20231117:2310,0.0,0.0,0.0,12.68,10.83,0.0
20231118:0010,0.0,0.0,0.0,13.06,10.55,0.0
20231118:0110,0.0,0.0,0.0,13.47,9.93,0.0
20231118:0210,0.0,0.0,0.0,13.93,9.86,0.0
20231118:0310,0.0,0.0,0.0,14.04,10.14,0.0
20231118:0410,0.0,0.0,0.0,14.09,10.62,0.0
20231118:0510,0.0,0.0,0.0,14.23,11.03,0.0
20231118:0610,0.0,0.0,0.0,14.35,10.62,0.0
20231118:0710,0.0,0.0,0.0,14.35,10.14,0.0
20231118:0810,4.5,9.27,3.89,14.32,9.45,0.0
20231118:0910,134.85,69.35,10.89,14.37,9.45,0.0
20231118:1010,96.93,53.77,16.24,14.39,8.28,0.0
20231118:1110,77.43,45.43,19.53,14.5,8.48,0.0
20231118:1210,284.82,128.92,20.41,14.53,9.24,0.0
20231118:1310,64.8,39.87,18.8,14.48,9.79,0.0
20231118:1410,224.31,104.96,14.86,14.46,10.83,0.0
20231118:1510,82.59,47.57,8.98,14.3,10.41,0.0
20231118:1610,0.0,1.85,1.59,14.25,9.86,0.0
20231118:1710,0.0,0.0,0.0,14.12,9.79,0.0
20231118:1810,0.0,0.0,0.0,14.0,10.0,0.0
20231118:1910,0.0,0.0,0.0,13.85,10.48,0.0
20231118:2010,0.0,0.0,0.0,13.71,10.62,0.0
20231118:2110,0.0,0.0,0.0,13.48,11.1,0.0
20231118:2210,0.0,0.0,0.0,13.27,10.76,0.0
20231118:2310,0.0,0.0,0.0,13.22,10.69,0.0
20231119:0010,0.0,0.0,0.0,13.27,11.59,0.0
20231119:0110,0.0,0.0,0.0,13.29,12.21,0.0
20231119:0210,0.0,0.0,0.0,13.25,12.28,0.0
20231119:0310,0.0,0.0,0.0,13.24,12.69,0.0
20231119:0410,0.0,0.0,0.0,13.22,11.86,0.0
20231119:0510,0.0,0.0,0.0,13.1,10.97,0.0
20231119:0610,0.0,0.0,0.0,12.95,11.31,0.0
20231119:0710,0.0,0.0,0.0,12.97,11.59,0.0
20231119:0810,29.4,23.44,3.66,13.01,11.86,0.0
20231119:0910,95.46,52.77,10.65,13.13,12.83,0.0
20231119:1010,226.38,105.08,16.0,12.94,13.38,0.0
20231119:1110,222.42,103.88,19.29,13.15,12.97,0.0
20231119:1210,168.12,82.51,20.18,13.17,13.45,0.0
20231119:1310,356.76,155.04,18.58,13.09,12.0,0.0
20231119:1410,122.34,63.97,14.66,12.94,11.93,0.0
20231119:1510,4.56,9.27,8.8,12.78,12.34,0.0
20231119:1610,0.0,0.93,1.42,12.72,11.38,0.0
20231119:1710,0.0,0.0,0.0,12.47,10.69,0.0
20231119:1810,0.0,0.0,0.0,12.28,10.48,0.0
20231119:1910,0.0,0.0,0.0,12.18,10.21,0.0
20231119:2010,0.0,0.0,0.0,11.95,10.34,0.0
20231119:2110,0.0,0.0,0.0,11.88,10.9,0.0
20231119:2210,0.0,0.0,0.0,11.58,9.79,0.0
20231119:2310,0.0,0.0,0.0,11.64,9.86,0.0
20231120:0010,0.0,0.0,0.0,11.61,10.62,0.0
20231120:0110,0.0,0.0,0.0,11.48,10.97,0.0
20231120:0210,0.0,0.0,0.0,11.54,11.86,0.0
20231120:0310,0.0,0.0,0.0,11.62,13.66,0.0
20231120:0410,0.0,0.0,0.0,11.79,14.14,0.0
20231120:0510,0.0,0.0,0.0,12.04,13.79,0.0
20231120:0610,0.0,0.0,0.0,12.03,12.34,0.0
20231120:0710,0.0,0.0,0.0,11.89,10.0,0.0
20231120:0810,60.09,38.15,3.44,11.77,8.62,0.0
20231120:0910,508.32,211.94,10.42,11.81,7.66,0.0
20231120:1010,503.79,210.35,15.76,12.15,6.62,0.0
20231120:1110,388.8,167.45,19.05,12.53,7.45,0.0
20231120:1210,275.25,124.43,19.95,12.61,7.38,0.0
20231120:1310,356.91,155.41,18.36,12.55,6.97,0.0
20231120:1410,533.82,221.75,14.47,12.58,7.59,0.0
20231120:1510,448.05,190.13,8.62,12.32,8.07,0.0
20231120:1610,0.0,0.0,0.0,12.03,8.34,0.0
20231120:1710,0.0,0.0,0.0,11.88,8.28,0.0
20231120:1810,0.0,0.0,0.0,11.77,8.9,0.0
20231120:1910,0.0,0.0,0.0,11.66,9.1,0.0
20231120:2010,0.0,0.0,0.0,11.58,8.55,0.0
20231120:2110,0.0,0.0,0.0,11.46,8.34,0.0
20231120:2210,0.0,0.0,0.0,11.4,7.93,0.0
20231120:2310,0.0,0.0,0.0,11.28,8.48,0.0
20231121:0010,0.0,0.0,0.0,11.07,8.83,0.0
20231121:0110,0.0,0.0,0.0,10.98,8.76,0.0
20231121:0210,0.0,0.0,0.0,11.13,8.97,0.0
20231121:0310,0.0,0.0,0.0,11.3,8.28,0.0
20231121:0410,0.0,0.0,0.0,11.47,8.07,0.0
20231121:0510,0.0,0.0,0.0,11.32,8.14,0.0
20231121:0610,0.0,0.0,0.0,11.22,8.48,0.0
20231121:0710,0.0,0.0,0.0,11.07,8.41,0.0
20231121:0810,44.79,30.9,3.22,10.63,8.21,0.0
20231121:0910,898.65,358.93,10.19,10.35,8.28,0.0
20231121:1010,350.49,151.16,15.53,10.5,8.21,0.0
20231121:1110,618.3,251.63,18.82,10.68,8.21,0.0
20231121:1210,204.81,96.42,19.72,10.97,7.93,0.0
20231121:1310,107.4,57.48,18.16,11.25,7.59,0.0
20231121:1410,107.31,57.48,14.28,11.29,6.69,0.0
20231121:1510,20.46,18.54,8.45,11.32,6.55,0.0
20231121:1610,0.0,0.0,0.0,11.12,6.9,0.0
20231121:1710,0.0,0.0,0.0,11.02,7.1,0.0
20231121:1810,0.0,0.0,0.0,10.94,6.62,0.0
20231121:1910,0.0,0.0,0.0,10.81,6.21,0.0
20231121:2010,0.0,0.0,0.0,10.53,5.66,0.0
20231121:2110,0.0,0.0,0.0,10.17,4.97,0.0
20231121:2210,0.0,0.0,0.0,9.87,4.28,0.0
20231121:2310,0.0,0.0,0.0,9.58,3.59,0.0
20231122:0010,0.0,0.0,0.0,9.47,3.31,0.0
20231122:0110,0.0,0.0,0.0,9.39,3.79,0.0
20231122:0210,0.0,0.0,0.0,9.07,3.66,0.0
20231122:0310,0.0,0.0,0.0,9.09,3.38,0.0
20231122:0410,0.0,0.0,0.0,9.07,3.03,0.0
20231122:0510,0.0,0.0,0.0,9.21,2.83,0.0
20231122:0610,0.0,0.0,0.0,9.05,2.34,0.0
20231122:0710,0.0,0.0,0.0,9.13,2.07,0.0
20231122:0810,20.97,19.01,3.0,9.43,2.28,0.0
20231122:0910,915.75,372.18,9.96,10.07,3.03,0.0
20231122:1010,258.6,117.19,15.3,10.96,4.0,0.0
20231122:1110,337.2,147.53,18.59,11.48,5.45,0.0
20231122:1210,467.04,196.94,19.51,12.07,6.28,0.0
20231122:1310,138.24,70.46,17.95,12.5,6.69,0.0
20231122:1410,93.42,51.92,14.1,12.48,7.17,0.0
20231122:1510,44.91,30.59,8.29,12.41,7.66,0.0
20231122:1610,0.0,0.0,0.0,12.34,7.31,0.0
20231122:1710,0.0,0.0,0.0,11.88,6.97,0.0
20231122:1810,0.0,0.0,0.0,11.67,6.76,0.0
20231122:1910,0.0,0.0,0.0,11.54,6.48,0.0
20231122:2010,0.0,0.0,0.0,11.48,6.28,0.0
20231122:2110,0.0,0.0,0.0,11.45,6.14,0.0
20231122:2210,0.0,0.0,0.0,11.9,5.52,0.0
20231122:2310,0.0,0.0,0.0,11.94,5.86,0.0
20231123:0010,0.0,0.0,0.0,11.85,6.34,0.0
20231123:0110,0.0,0.0,0.0,11.8,6.9,0.0
20231123:0210,0.0,0.0,0.0,11.64,6.76,0.0
20231123:0310,0.0,0.0,0.0,11.58,6.55,0.0
20231123:0410,0.0,0.0,0.0,11.48,6.41,0.0
20231123:0510,0.0,0.0,0.0,11.47,6.28,0.0
20231123:0610,0.0,0.0,0.0,11.57,6.28,0.0
20231123:0710,0.0,0.0,0.0,11.53,6.28,0.0
20231123:0810,0.0,5.56,2.78,11.47,6.76,0.0
20231123:0910,29.58,23.18,9.74,11.36,7.45,0.0
20231123:1010,20.46,18.54,15.08,11.46,8.69,0.0
20231123:1110,925.02,368.75,18.37,11.72,8.76,0.0
20231123:1210,211.44,99.27,19.3,11.86,8.07,0.0
20231123:1310,356.73,154.72,17.76,12.07,8.14,0.0
20231123:1410,496.71,207.02,13.92,12.23,8.76,0.0
20231123:1510,137.28,69.77,8.13,12.2,8.21,0.0
20231123:1610,0.0,0.0,0.0,12.1,7.86,0.0
20231123:1710,0.0,0.0,0.0,11.88,7.72,0.0
20231123:1810,0.0,0.0,0.0,11.74,7.38,0.0
20231123:1910,0.0,0.0,0.0,11.6,7.45,0.0
20231123:2010,0.0,0.0,0.0,11.56,7.52,0.0
20231123:2110,0.0,0.0,0.0,11.63,7.31,0.0
20231123:2210,0.0,0.0,0.0,12.25,7.17,0.0
20231123:2310,0.0,0.0,0.0,12.27,6.41,0.0
20231124:0010,0.0,0.0,0.0,12.26,5.86,0.0
20231124:0110,0.0,0.0,0.0,12.34,6.28,0.0
20231124:0210,0.0,0.0,0.0,12.31,6.62,0.0
20231124:0310,0.0,0.0,0.0,12.28,6.76,0.0
20231124:0410,0.0,0.0,0.0,12.19,7.1,0.0
20231124:0510,0.0,0.0,0.0,11.99,7.45,0.0
20231124:0610,0.0,0.0,0.0,11.74,7.72,0.0
20231124:0710,0.0,0.0,0.0,11.39,7.86,0.0
20231124:0810,22.98,20.2,2.57,10.98,7.86,0.0
20231124:0910,664.11,270.26,9.53,10.81,7.59,0.0
20231124:1010,1077.78,429.08,14.86,10.78,6.48,0.0
20231124:1110,1329.48,528.35,18.15,10.86,7.1,0.0
20231124:1210,1001.82,398.43,19.09,10.94,7.38,0.0
20231124:1310,690.15,279.59,17.57,10.91,6.48,0.0
20231124:1410,244.29,111.25,13.75,10.73,6.28,0.0
20231124:1510,31.59,24.1,7.98,10.57,6.21,0.0
20231124:1610,0.0,0.0,0.0,10.36,5.79,0.0
20231124:1710,0.0,0.0,0.0,9.9,5.24,0.0
20231124:1810,0.0,0.0,0.0,9.62,5.03,0.0
20231124:1910,0.0,0.0,0.0,9.23,4.62,0.0
20231124:2010,0.0,0.0,0.0,9.01,4.21,0.0
20231124:2110,0.0,0.0,0.0,8.47,4.07,0.0
20231124:2210,0.0,0.0,0.0,8.32,3.93,0.0
20231124:2310,0.0,0.0,0.0,7.68,4.21,0.0
20231125:0010,0.0,0.0,0.0,7.06,3.93,0.0
20231125:0110,0.0,0.0,0.0,7.08,3.24,0.0
20231125:0210,0.0,0.0,0.0,6.68,2.83,0.0
20231125:0310,0.0,0.0,0.0,6.58,3.03,0.0
20231125:0410,0.0,0.0,0.0,6.6,2.69,0.0
20231125:0510,0.0,0.0,0.0,6.16,2.0,0.0
20231125:0610,0.0,0.0,0.0,5.74,1.86,0.0
20231125:0710,0.0,0.0,0.0,5.82,1.31,0.0
20231125:0810,21.18,18.99,2.36,5.57,0.9,0.0
20231125:0910,393.12,166.46,9.31,5.98,0.69,0.0
20231125:1010,345.75,148.74,14.65,6.79,0.97,0.0
20231125:1110,542.13,224.01,17.95,7.5,1.03,0.0
20231125:1210,1389.27,569.41,18.89,8.11,1.38,0.0
20231125:1310,529.53,219.48,17.39,8.53,1.72,0.0
20231125:1410,278.52,123.98,13.59,8.81,1.93,0.0
20231125:1510,775.77,318.2,7.84,8.92,1.93,0.0
20231125:1610,0.0,0.0,0.0,8.59,1.45,0.0
20231125:1710,0.0,0.0,0.0,8.09,1.52,0.0
20231125:1810,0.0,0.0,0.0,8.18,1.86,0.0
20231125:1910,0.0,0.0,0.0,8.22,2.21,0.0
20231125:2010,0.0,0.0,0.0,8.38,2.21,0.0
20231125:2110,0.0,0.0,0.0,8.39,2.76,0.0
20231125:2210,0.0,0.0,0.0,9.34,3.59,0.0
20231125:2310,0.0,0.0,0.0,9.4,4.97,0.0
20231126:0010,0.0,0.0,0.0,9.55,5.86,0.0
20231126:0110,0.0,0.0,0.0,9.8,6.0,0.0
20231126:0210,0.0,0.0,0.0,10.03,6.07,0.0
20231126:0310,0.0,0.0,0.0,10.14,6.21,0.0
20231126:0410,0.0,0.0,0.0,10.34,6.34,0.0
20231126:0510,0.0,0.0,0.0,10.42,6.55,0.0
20231126:0610,0.0,0.0,0.0,10.62,6.21,0.0
20231126:0710,0.0,0.0,0.0,10.86,5.79,0.0
20231126:0810,4.62,9.27,2.16,10.94,5.24,0.0
20231126:0910,105.54,56.63,9.11,11.04,4.83,0.0
20231126:1010,102.6,55.63,14.44,11.59,4.83,0.0
20231126:1110,59.22,37.08,17.74,12.13,5.03,0.0
20231126:1210,154.26,76.95,18.7,12.36,5.72,0.0
20231126:1310,100.08,54.7,17.21,12.37,6.76,0.0
20231126:1410,158.1,78.22,13.43,12.31,7.59,0.0
20231126:1510,37.08,26.89,7.71,12.19,8.21,0.0
20231126:1610,0.0,0.0,0.0,12.18,8.07,0.0
20231126:1710,0.0,0.0,0.0,11.99,7.45,0.0
20231126:1810,0.0,0.0,0.0,11.72,6.9,0.0
20231126:1910,0.0,0.0,0.0,11.44,6.76,0.0
20231126:2010,0.0,0.0,0.0,11.16,6.62,0.0
20231126:2110,0.0,0.0,0.0,11.13,6.62,0.0
20231126:2210,0.0,0.0,0.0,11.2,6.69,0.0
20231126:2310,0.0,0.0,0.0,11.12,6.48,0.0
20231127:0010,0.0,0.0,0.0,11.05,6.48,0.0
20231127:0110,0.0,0.0,0.0,11.05,6.76,0.0
20231127:0210,0.0,0.0,0.0,11.06,6.83,0.0
20231127:0310,0.0,0.0,0.0,10.87,7.17,0.0
20231127:0410,0.0,0.0,0.0,10.83,7.86,0.0
20231127:0510,0.0,0.0,0.0,10.96,7.59,0.0
20231127:0610,0.0,0.0,0.0,11.12,7.31,0.0
20231127:0710,0.0,0.0,0.0,11.13,7.52,0.0
20231127:0810,0.0,5.56,1.96,10.89,7.66,0.0
20231127:0910,940.41,376.21,8.91,10.62,8.21,0.0
20231127:1010,988.74,393.24,14.24,10.81,7.24,0.0
20231127:1110,1536.9,612.93,17.55,11.15,7.45,0.0
20231127:1210,771.27,309.75,18.51,11.21,8.21,0.0
20231127:1310,1448.22,572.44,17.04,11.07,9.03,0.0
20231127:1410,331.41,143.77,13.28,10.84,10.0,0.0
20231127:1510,121.02,62.78,7.58,10.75,10.0,0.0
20231127:1610,0.0,0.0,0.0,10.38,10.0,0.0
20231127:1710,0.0,0.0,0.0,9.97,9.86,0.0
20231127:1810,0.0,0.0,0.0,9.68,9.59,0.0
20231127:1910,0.0,0.0,0.0,9.3,8.69,0.0
20231127:2010,0.0,0.0,0.0,8.87,8.0,0.0
20231127:2110,0.0,0.0,0.0,8.53,7.59,0.0
20231127:2210,0.0,0.0,0.0,8.23,7.31,0.0
20231127:2310,0.0,0.0,0.0,8.16,6.69,0.0
20231128:0010,0.0,0.0,0.0,7.97,5.93,0.0
20231128:0110,0.0,0.0,0.0,7.8,5.66,0.0
20231128:0210,0.0,0.0,0.0,7.55,5.17,0.0
20231128:0310,0.0,0.0,0.0,7.23,4.9,0.0
20231128:0410,0.0,0.0,0.0,6.92,4.34,0.0
20231128:0510,0.0,0.0,0.0,6.7,4.0,0.0
20231128:0610,0.0,0.0,0.0,6.4,3.86,0.0
20231128:0710,0.0,0.0,0.0,6.2,3.72,0.0
20231128:0810,0.0,3.5,1.77,6.03,3.72,0.0
20231128:0910,714.57,287.71,8.71,6.58,3.38,0.0
20231128:1010,837.27,335.33,14.04,7.14,2.34,0.0
20231128:1110,1583.85,653.4,17.36,7.44,1.52,0.0
20231128:1210,608.04,250.15,18.33,7.74,0.55,0.0
20231128:1310,697.53,285.62,16.88,8.04,0.34,0.0
20231128:1410,135.33,68.34,13.14,8.3,0.97,0.0
20231128:1510,71.28,41.85,7.45,8.4,1.17,0.0
20231128:1610,0.0,0.0,0.0,8.41,1.38,0.0
20231128:1710,0.0,0.0,0.0,8.23,1.52,0.0
20231128:1810,0.0,0.0,0.0,8.3,1.79,0.0
20231128:1910,0.0,0.0,0.0,8.35,1.79,0.0
20231128:2010,0.0,0.0,0.0,8.15,1.86,0.0
20231128:2110,0.0,0.0,0.0,7.79,2.21,0.0
20231128:2210,0.0,0.0,0.0,7.46,2.0,0.0
20231128:2310,0.0,0.0,0.0,7.21,2.69,0.0
20231129:0010,0.0,0.0,0.0,7.2,3.17,0.0
20231129:0110,0.0,0.0,0.0,7.28,3.38,0.0
20231129:0210,0.0,0.0,0.0,7.22,3.59,0.0
20231129:0310,0.0,0.0,0.0,7.26,3.79,0.0
20231129:0410,0.0,0.0,0.0,7.36,3.59,0.0
20231129:0510,0.0,0.0,0.0,7.51,3.24,0.0
20231129:0610,0.0,0.0,0.0,7.57,2.62,0.0
20231129:0710,0.0,0.0,0.0,7.67,2.07,0.0
20231129:0810,0.0,1.75,1.58,7.69,1.45,0.0
20231129:0910,117.12,60.72,8.52,7.66,0.97,0.0
20231129:1010,244.56,110.66,13.85,7.54,0.83,0.0
20231129:1110,714.06,292.12,17.17,7.95,0.28,0.0
20231129:1210,138.15,69.53,18.16,8.19,1.03,0.0
20231129:1310,1228.11,501.88,16.72,8.36,1.03,0.0
20231129:1410,840.93,341.9,13.0,8.46,0.97,0.0
20231129:1510,389.28,167.14,7.34,8.35,0.9,0.0
20231129:1610,0.0,0.0,0.0,8.07,0.48,0.0
20231129:1710,0.0,0.0,0.0,7.88,0.97,0.0
20231129:1810,0.0,0.0,0.0,7.9,1.59,0.0
20231129:1910,0.0,0.0,0.0,7.81,2.48,0.0
20231129:2010,0.0,0.0,0.0,7.76,3.66,0.0
20231129:2110,0.0,0.0,0.0,7.74,4.9,0.0
20231129:2210,0.0,0.0,0.0,7.37,5.59,0.0
20231129:2310,0.0,0.0,0.0,7.38,6.69,0.0
20231130:0010,0.0,0.0,0.0,7.3,7.31,0.0
20231130:0110,0.0,0.0,0.0,7.12,8.0,0.0
20231130:0210,0.0,0.0,0.0,6.63,8.97,0.0
20231130:0310,0.0,0.0,0.0,5.76,9.31,0.0
20231130:0410,0.0,0.0,0.0,5.16,9.93,0.0
20231130:0510,0.0,0.0,0.0,5.03,10.9,0.0
20231130:0610,0.0,0.0,0.0,4.93,11.45,0.0
20231130:0710,0.0,0.0,0.0,4.79,11.93,0.0
20231130:0810,0.0,0.87,1.39,4.96,12.9,0.0
20231130:0910,6.3,10.2,8.33,5.13,12.34,0.0
20231130:1010,49.02,31.52,13.67,4.41,14.07,0.0
20231130:1110,578.37,229.16,16.99,4.58,12.41,0.0
20231130:1210,1111.26,423.43,18.0,4.71,12.14,0.0
20231130:1310,248.97,110.12,16.58,4.64,11.45,0.0
20231130:1410,328.17,138.8,12.87,4.67,11.72,0.0
20231130:1510,42.72,28.74,7.23,4.74,12.14,0.0
20231130:1610,0.0,0.0,0.0,4.85,12.28,0.0
20231130:1710,0.0,0.0,0.0,5.02,12.62,0.0
20231130:1810,0.0,0.0,0.0,5.35,12.14,0.0
20231130:1910,0.0,0.0,0.0,5.58,11.93,0.0
20231130:2010,0.0,0.0,0.0,5.46,11.79,0.0
20231130:2110,0.0,0.0,0.0,5.14,11.45,0.0
20231130:2210,0.0,0.0,0.0,5.14,11.1,0.0
20231130:2310,0.0,0.0,0.0,5.04,10.69,0.0
20231201:0010,0.0,0.0,0.0,4.92,10.14,0.0
20231201:0110,0.0,0.0,0.0,4.74,9.93,0.0
20231201:0210,0.0,0.0,0.0,4.49,9.79,0.0
20231201:0310,0.0,0.0,0.0,4.23,9.79,0.0
20231201:0410,0.0,0.0,0.0,3.98,9.72,0.0
20231201:0510,0.0,0.0,0.0,3.76,9.59,0.0
20231201:0610,0.0,0.0,0.0,3.57,9.17,0.0
20231201:0710,0.0,0.0,0.0,3.44,8.62,0.0
20231201:0810,0.0,0.0,0.0,3.22,8.14,0.0
20231201:0910,645.39,254.81,8.15,3.23,7.86,0.0
20231201:1010,841.77,326.04,13.49,3.71,7.24,0.0
20231201:1110,1597.17,618.72,16.82,4.11,6.76,0.0
20231201:1210,1675.05,653.07,17.84,4.44,6.34,0.0
20231201:1310,1638.03,640.1,16.43,4.73,6.0,0.0
20231201:1410,1212.39,471.1,12.75,4.9,5.86,0.0
20231201:1510,511.05,208.27,7.13,4.89,5.93,0.0
20231201:1610,0.0,0.0,0.0,4.58,5.79,0.0
20231201:1710,0.0,0.0,0.0,4.24,5.79,0.0
20231201:1810,0.0,0.0,0.0,3.98,5.72,0.0
20231201:1910,0.0,0.0,0.0,3.82,5.59,0.0
20231201:2010,0.0,0.0,0.0,3.7,5.59,0.0
20231201:2110,0.0,0.0,0.0,3.53,5.45,0.0
20231201:2210,0.0,0.0,0.0,3.27,5.38,0.0
20231201:2310,0.0,0.0,0.0,2.99,5.31,0.0
20231202:0010,0.0,0.0,0.0,2.67,4.9,0.0
20231202:0110,0.0,0.0,0.0,2.73,4.14,0.0
20231202:0210,0.0,0.0,0.0,2.83,3.59,0.0
20231202:0310,0.0,0.0,0.0,2.85,3.38,0.0
20231202:0410,0.0,0.0,0.0,2.93,3.1,0.0
20231202:0510,0.0,0.0,0.0,2.99,2.62,0.0
20231202:0610,0.0,0.0,0.0,2.85,2.21,0.0
20231202:0710,0.0,0.0,0.0,2.51,1.79,0.0
20231202:0810,0.0,0.0,0.0,2.73,1.79,0.0
20231202:0910,544.47,220.6,7.97,3.27,2.21,0.0
20231202:1010,780.63,309.23,13.32,4.52,2.55,0.0
20231202:1110,1325.58,524.37,16.66,5.41,3.31,0.0
20231202:1210,1629.15,650.92,17.69,6.24,4.0,0.0
20231202:1310,1612.65,643.86,16.3,6.81,4.34,0.0
20231202:1410,479.01,197.09,12.64,7.0,4.55,0.0
20231202:1510,150.99,73.9,7.03,7.19,5.24,0.0
20231202:1610,0.0,0.0,0.0,7.41,6.41,0.0
20231202:1710,0.0,0.0,0.0,7.58,7.31,0.0
20231202:1810,0.0,0.0,0.0,7.69,8.14,0.0
20231202:1910,0.0,0.0,0.0,7.94,8.07,0.0
20231202:2010,0.0,0.0,0.0,8.29,6.76,0.0
20231202:2110,0.0,0.0,0.0,8.44,5.52,0.0
20231202:2210,0.0,0.0,0.0,8.42,4.14,0.0
20231202:2310,0.0,0.0,0.0,8.61,4.76,0.0
20231203:0010,0.0,0.0,0.0,8.71,5.24,0.0
20231203:0110,0.0,0.0,0.0,8.83,5.52,0.0
20231203:0210,0.0,0.0,0.0,8.82,5.79,0.0
20231203:0310,0.0,0.0,0.0,8.88,5.86,0.0
20231203:0410,0.0,0.0,0.0,9.0,5.79,0.0
20231203:0510,0.0,0.0,0.0,9.0,5.38,0.0
20231203:0610,0.0,0.0,0.0,8.95,5.38,0.0
20231203:0710,0.0,0.0,0.0,9.02,6.34,0.0
20231203:0810,0.0,0.0,0.0,9.23,7.66,0.0
20231203:0910,171.51,82.54,7.8,9.75,7.72,0.0
20231203:1010,119.34,62.12,13.15,9.99,6.69,0.0
20231203:1110,1046.19,415.55,16.5,10.54,6.69,0.0
20231203:1210,118.68,62.12,17.54,11.11,6.69,0.0
20231203:1310,49.2,32.45,16.17,11.4,7.17,0.0
20231203:1410,312.69,137.25,12.53,11.35,7.24,0.0
20231203:1510,147.33,73.32,6.94,10.49,7.59,0.0
20231203:1610,0.0,0.0,0.0,10.03,7.38,0.0
20231203:1710,0.0,0.0,0.0,10.08,8.07,0.0
20231203:1810,0.0,0.0,0.0,10.83,8.9,0.0
20231203:1910,0.0,0.0,0.0,11.02,9.38,0.0
20231203:2010,0.0,0.0,0.0,11.21,9.38,0.0
20231203:2110,0.0,0.0,0.0,11.21,9.79,0.0
20231203:2210,0.0,0.0,0.0,11.31,11.86,0.0
20231203:2310,0.0,0.0,0.0,11.49,11.52,0.0
20231204:0010,0.0,0.0,0.0,11.82,10.0,0.0
20231204:0110,0.0,0.0,0.0,11.75,8.83,0.0
20231204:0210,0.0,0.0,0.0,11.39,7.93,0.0
20231204:0310,0.0,0.0,0.0,11.14,5.59,0.0
20231204:0410,0.0,0.0,0.0,10.9,3.31,0.0
20231204:0510,0.0,0.0,0.0,10.64,1.52,0.0
20231204:0610,0.0,0.0,0.0,10.54,1.03,0.0
20231204:0710,0.0,0.0,0.0,9.93,1.31,0.0
20231204:0810,0.0,0.0,0.0,9.39,3.1,0.0
20231204:0910,3.39,8.34,7.64,8.63,4.9,0.0
20231204:1010,521.91,215.6,12.99,9.82,4.48,0.0
20231204:1110,555.03,226.58,16.35,9.64,8.07,0.0
20231204:1210,362.46,154.63,17.4,9.09,9.86,0.0
20231204:1310,251.64,112.87,16.05,8.66,11.1,0.0
20231204:1410,86.58,48.21,12.43,8.46,11.45,0.0
20231204:1510,495.54,204.06,6.86,8.4,11.93,0.0
20231204:1610,0.0,0.0,0.0,8.45,11.86,0.0
20231204:1710,0.0,0.0,0.0,8.66,12.07,0.0
20231204:1810,0.0,0.0,0.0,8.6,12.28,0.0
20231204:1910,0.0,0.0,0.0,8.55,12.62,0.0
20231204:2010,0.0,0.0,0.0,8.49,12.83,0.0
20231204:2110,0.0,0.0,0.0,8.33,12.62,0.0
20231204:2210,0.0,0.0,0.0,8.23,11.72,0.0
20231204:2310,0.0,0.0,0.0,8.19,11.52,0.0
20231205:0010,0.0,0.0,0.0,8.14,11.38,0.0
20231205:0110,0.0,0.0,0.0,8.03,11.38,0.0
20231205:0210,0.0,0.0,0.0,7.96,11.1,0.0
20231205:0310,0.0,0.0,0.0,7.9,10.62,0.0
20231205:0410,0.0,0.0,0.0,7.93,10.55,0.0
20231205:0510,0.0,0.0,0.0,7.97,10.55,0.0
20231205:0610,0.0,0.0,0.0,8.02,10.83,0.0
20231205:0710,0.0,0.0,0.0,7.97,10.69,0.0
20231205:0810,0.0,0.0,0.0,7.99,10.55,0.0
20231205:0910,3.42,8.34,7.48,8.16,10.48,0.0
20231205:1010,43.89,29.67,12.83,8.33,9.52,0.0
20231205:1110,647.67,259.21,16.2,8.52,9.52,0.0
20231205:1210,1231.38,480.73,17.27,8.62,8.83,0.0
20231205:1310,1052.25,413.04,15.94,8.71,7.72,0.0
20231205:1410,836.85,332.08,12.34,8.61,6.48,0.0
20231205:1510,645.75,263.06,6.79,8.37,5.24,0.0
20231205:1610,0.0,0.0,0.0,7.82,4.34,0.0
20231205:1710,0.0,0.0,0.0,7.18,3.45,0.0
20231205:1810,0.0,0.0,0.0,6.81,3.1,0.0
20231205:1910,0.0,0.0,0.0,6.73,2.69,0.0
20231205:2010,0.0,0.0,0.0,6.86,2.41,0.0
20231205:2110,0.0,0.0,0.0,6.87,2.14,0.0
20231205:2210,0.0,0.0,0.0,6.78,2.41,0.0
20231205:2310,0.0,0.0,0.0,6.53,2.41,0.0
20231206:0010,0.0,0.0,0.0,6.54,2.48,0.0
20231206:0110,0.0,0.0,0.0,6.87,2.34,0.0
20231206:0210,0.0,0.0,0.0,7.2,2.34,0.0
20231206:0310,0.0,0.0,0.0,7.54,2.76,0.0
20231206:0410,0.0,0.0,0.0,7.84,3.17,0.0
20231206:0510,0.0,0.0,0.0,8.12,3.45,0.0
20231206:0610,0.0,0.0,0.0,8.42,4.0,0.0
20231206:0710,0.0,0.0,0.0,8.71,4.83,0.0
20231206:0810,0.0,0.0,0.0,9.12,5.66,0.0
20231206:0910,211.95,98.24,7.32,9.48,6.34,0.0
20231206:1010,475.2,196.97,12.68,9.82,7.59,0.0
20231206:1110,181.05,86.67,16.06,10.17,8.48,0.0
20231206:1210,121.68,63.04,17.15,10.1,8.76,0.0
20231206:1310,275.49,122.66,15.83,10.08,8.9,0.0
20231206:1410,68.52,40.79,12.25,9.9,9.31,0.0
20231206:1510,13.77,14.83,6.72,9.83,9.52,0.0
20231206:1610,0.0,0.0,0.0,10.02,9.86,0.0
20231206:1710,0.0,0.0,0.0,10.03,10.41,0.0
20231206:1810,0.0,0.0,0.0,9.87,11.66,0.0
20231206:1910,0.0,0.0,0.0,10.0,12.28,0.0
20231206:2010,0.0,0.0,0.0,10.0,12.97,0.0
20231206:2110,0.0,0.0,0.0,10.38,13.59,0.0
20231206:2210,0.0,0.0,0.0,10.46,13.38,0.0
20231206:2310,0.0,0.0,0.0,10.67,13.31,0.0
20231207:0010,0.0,0.0,0.0,10.96,13.45,0.0
20231207:0110,0.0,0.0,0.0,11.28,12.0,0.0
20231207:0210,0.0,0.0,0.0,11.79,11.38,0.0
20231207:0310,0.0,0.0,0.0,12.13,11.52,0.0
20231207:0410,0.0,0.0,0.0,12.41,12.48,0.0
20231207:0510,0.0,0.0,0.0,12.47,12.41,0.0
20231207:0610,0.0,0.0,0.0,12.49,12.21,0.0
20231207:0710,0.0,0.0,0.0,12.43,11.79,0.0
20231207:0810,0.0,0.0,0.0,12.14,11.93,0.0
20231207:0910,22.17,19.47,7.18,11.96,12.28,0.0
20231207:1010,29.49,23.18,12.54,12.02,12.55,0.0
20231207:1110,43.08,29.67,15.93,11.85,11.72,0.0
20231207:1210,51.18,33.38,17.03,11.82,11.72,0.0
20231207:1310,67.8,40.79,15.74,12.05,12.21,0.0
20231207:1410,61.23,38.01,12.17,12.71,10.48,0.0
20231207:1510,20.28,18.54,6.66,12.76,8.62,0.0
20231207:1610,0.0,0.0,0.0,12.36,8.55,0.0
20231207:1710,0.0,0.0,0.0,12.06,7.38,0.0
20231207:1810,0.0,0.0,0.0,12.0,7.45,0.0
20231207:1910,0.0,0.0,0.0,11.74,7.66,0.0
20231207:2010,0.0,0.0,0.0,11.48,7.03,0.0
20231207:2110,0.0,0.0,0.0,11.36,6.97,0.0
20231207:2210,0.0,0.0,0.0,11.26,7.45,0.0
20231207:2310,0.0,0.0,0.0,11.08,7.86,0.0
20231208:0010,0.0,0.0,0.0,10.92,7.93,0.0
20231208:0110,0.0,0.0,0.0,10.87,7.45,0.0
20231208:0210,0.0,0.0,0.0,10.75,7.17,0.0
20231208:0310,0.0,0.0,0.0,10.75,7.31,0.0
20231208:0410,0.0,0.0,0.0,10.78,7.66,0.0
20231208:0510,0.0,0.0,0.0,10.76,7.59,0.0
20231208:0610,0.0,0.0,0.0,10.78,7.52,0.0
20231208:0710,0.0,0.0,0.0,10.72,7.72,0.0
20231208:0810,0.0,0.0,0.0,10.75,7.86,0.0
20231208:0910,2.1,7.42,7.03,10.86,8.14,0.0
20231208:1010,313.5,137.33,12.41,11.24,8.21,0.0
20231208:1110,1314.66,520.6,15.81,11.58,8.76,0.0
20231208:1210,654.39,265.26,16.92,11.72,9.86,0.0
20231208:1310,831.27,331.43,15.64,11.62,10.14,0.0
20231208:1410,841.29,335.61,12.1,11.69,10.14,0.0
20231208:1510,234.48,107.64,6.61,11.36,9.45,0.0
20231208:1610,0.0,0.0,0.0,10.92,9.03,0.0
20231208:1710,0.0,0.0,0.0,10.78,8.97,0.0
20231208:1810,0.0,0.0,0.0,10.6,8.76,0.0
20231208:1910,0.0,0.0,0.0,10.59,9.24,0.0
20231208:2010,0.0,0.0,0.0,10.36,8.83,0.0
20231208:2110,0.0,0.0,0.0,10.39,8.62,0.0
20231208:2210,0.0,0.0,0.0,11.17,8.48,0.0
20231208:2310,0.0,0.0,0.0,11.28,8.76,0.0
20231209:0010,0.0,0.0,0.0,11.54,9.66,0.0
20231209:0110,0.0,0.0,0.0,11.89,9.72,0.0
20231209:0210,0.0,0.0,0.0,12.04,9.59,0.0
20231209:0310,0.0,0.0,0.0,12.1,9.31,0.0
20231209:0410,0.0,0.0,0.0,12.36,9.79,0.0
20231209:0510,0.0,0.0,0.0,13.06,9.03,0.0
20231209:0610,0.0,0.0,0.0,13.2,11.1,0.0
20231209:0710,0.0,0.0,0.0,13.56,11.1,0.0
20231209:0810,0.0,0.0,0.0,13.64,11.72,0.0
20231209:0910,21.96,19.47,6.9,13.47,12.21,0.0
20231209:1010,104.55,56.55,12.28,12.66,12.07,0.0
20231209:1110,633.42,256.62,15.69,11.72,11.86,0.0
20231209:1210,303.63,133.88,16.82,11.49,11.66,0.0
20231209:1310,59.43,37.08,15.56,11.9,12.14,0.0
20231209:1410,16.92,16.69,12.04,12.0,12.41,0.0
20231209:1510,419.61,178.26,6.56,11.77,11.86,0.0
20231209:1610,0.0,0.0,0.0,10.69,12.55,0.0
20231209:1710,0.0,0.0,0.0,10.41,11.24,0.0
20231209:1810,0.0,0.0,0.0,10.87,12.83,0.0
20231209:1910,0.0,0.0,0.0,11.07,12.62,0.0
20231209:2010,0.0,0.0,0.0,11.28,11.1,0.0
20231209:2110,0.0,0.0,0.0,11.16,10.62,0.0
20231209:2210,0.0,0.0,0.0,11.22,11.17,0.0
20231209:2310,0.0,0.0,0.0,11.33,10.41,0.0
20231210:0010,0.0,0.0,0.0,11.35,9.24,0.0
20231210:0110,0.0,0.0,0.0,11.35,9.24,0.0
20231210:0210,0.0,0.0,0.0,11.52,9.66,0.0
20231210:0310,0.0,0.0,0.0,11.72,9.17,0.0
20231210:0410,0.0,0.0,0.0,11.71,7.52,0.0
20231210:0510,0.0,0.0,0.0,11.46,6.97,0.0
20231210:0610,0.0,0.0,0.0,11.7,8.62,0.0
20231210:0710,0.0,0.0,0.0,11.96,9.86,0.0
20231210:0810,0.0,0.0,0.0,12.02,11.24,0.0
20231210:0910,13.56,14.83,6.77,12.43,12.97,0.0
20231210:1010,38.91,27.81,12.16,12.86,12.41,0.0
20231210:1110,215.37,100.95,15.58,13.13,11.52,0.0
20231210:1210,1190.85,471.56,16.73,13.07,11.24,0.0
20231210:1310,1178.79,466.66,15.49,12.71,10.69,0.0
20231210:1410,1234.74,489.74,11.98,12.59,10.28,0.0
20231210:1510,295.05,131.44,6.52,12.53,10.69,0.0
20231210:1610,0.0,0.0,0.0,12.37,11.66,0.0
20231210:1710,0.0,0.0,0.0,12.34,12.34,0.0
20231210:1810,0.0,0.0,0.0,12.24,12.97,0.0
20231210:1910,0.0,0.0,0.0,12.25,13.03,0.0
20231210:2010,0.0,0.0,0.0,12.12,13.1,0.0
20231210:2110,0.0,0.0,0.0,12.06,13.03,0.0
20231210:2210,0.0,0.0,0.0,11.96,12.28,0.0
20231210:2310,0.0,0.0,0.0,11.85,11.03,0.0
20231211:0010,0.0,0.0,0.0,11.68,10.41,0.0
20231211:0110,0.0,0.0,0.0,11.5,9.52,0.0
20231211:0210,0.0,0.0,0.0,11.31,8.62,0.0
20231211:0310,0.0,0.0,0.0,11.23,8.41,0.0
20231211:0410,0.0,0.0,0.0,11.01,8.0,0.0
20231211:0510,0.0,0.0,0.0,10.8,7.45,0.0
20231211:0610,0.0,0.0,0.0,10.66,7.1,0.0
20231211:0710,0.0,0.0,0.0,10.52,6.9,0.0
20231211:0810,0.0,0.0,0.0,10.41,6.21,0.0
20231211:0910,424.8,180.46,6.64,10.55,5.45,0.0
20231211:1010,1043.61,419.04,12.04,10.96,4.76,0.0
20231211:1110,716.25,291.25,15.47,11.51,4.83,0.0
20231211:1210,115.8,61.19,16.64,11.93,4.69,0.0
20231211:1310,67.59,40.79,15.42,12.18,4.9,0.0
20231211:1410,71.76,42.65,11.93,12.36,5.17,0.0
20231211:1510,158.7,78.53,6.49,12.51,5.52,0.0
20231211:1610,0.0,0.0,0.0,12.39,5.38,0.0
20231211:1710,0.0,0.0,0.0,12.25,6.41,0.0
20231211:1810,0.0,0.0,0.0,12.45,6.83,0.0
20231211:1910,0.0,0.0,0.0,12.39,7.45,0.0
20231211:2010,0.0,0.0,0.0,12.45,8.34,0.0
20231211:2110,0.0,0.0,0.0,12.5,8.97,0.0
20231211:2210,0.0,0.0,0.0,12.53,8.21,0.0
20231211:2310,0.0,0.0,0.0,12.24,8.76,0.0
20231212:0010,0.0,0.0,0.0,12.14,9.03,0.0
20231212:0110,0.0,0.0,0.0,12.04,8.48,0.0
20231212:0210,0.0,0.0,0.0,11.84,7.72,0.0
20231212:0310,0.0,0.0,0.0,11.69,7.59,0.0
20231212:0410,0.0,0.0,0.0,11.63,8.34,0.0
20231212:0510,0.0,0.0,0.0,11.67,9.38,0.0
20231212:0610,0.0,0.0,0.0,11.91,10.28,0.0
20231212:0710,0.0,0.0,0.0,11.45,10.21,0.0
20231212:0810,0.0,0.0,0.0,11.17,10.9,0.0
20231212:0910,27.78,22.25,6.53,11.02,10.83,0.0
20231212:1010,297.72,131.2,11.93,11.29,9.93,0.0
20231212:1110,1180.02,463.07,15.38,11.06,11.03,0.0
20231212:1210,25.92,21.32,16.56,11.04,11.93,0.0
20231212:1310,22.32,19.47,15.36,10.9,11.17,0.0
20231212:1410,1161.63,458.17,11.89,11.03,9.66,0.0
20231212:1510,110.76,58.61,6.46,10.91,8.83,0.0
20231212:1610,0.0,0.0,0.0,10.61,7.79,0.0
20231212:1710,0.0,0.0,0.0,10.11,6.97,0.0
20231212:1810,0.0,0.0,0.0,10.07,6.41,0.0
20231212:1910,0.0,0.0,0.0,9.97,5.72,0.0
20231212:2010,0.0,0.0,0.0,9.76,5.17,0.0
20231212:2110,0.0,0.0,0.0,9.52,5.17,0.0
20231212:2210,0.0,0.0,0.0,9.6,4.97,0.0
20231212:2310,0.0,0.0,0.0,9.3,4.83,0.0
20231213:0010,0.0,0.0,0.0,9.07,4.69,0.0
20231213:0110,0.0,0.0,0.0,8.99,5.24,0.0
20231213:0210,0.0,0.0,0.0,8.98,6.28,0.0
20231213:0310,0.0,0.0,0.0,9.25,7.03,0.0
20231213:0410,0.0,0.0,0.0,9.51,7.17,0.0
20231213:0510,0.0,0.0,0.0,9.66,7.24,0.0
20231213:0610,0.0,0.0,0.0,9.6,7.79,0.0
20231213:0710,0.0,0.0,0.0,9.5,7.86,0.0
20231213:0810,0.0,0.0,0.0,9.41,7.72,0.0
20231213:0910,258.42,116.01,6.42,9.36,7.86,0.0
20231213:1010,417.21,174.88,11.83,9.51,8.48,0.0
20231213:1110,1034.16,405.97,15.29,9.45,8.9,0.0
20231213:1210,1598.07,628.29,16.49,9.44,8.97,0.0
20231213:1310,1390.32,544.97,15.3,9.6,9.1,0.0
20231213:1410,276.72,122.54,11.85,9.69,9.17,0.0
20231213:1510,458.04,191.54,6.45,9.62,8.83,0.0
20231213:1610,0.0,0.0,0.0,9.35,8.21,0.0
20231213:1710,0.0,0.0,0.0,9.07,7.59,0.0
20231213:1810,0.0,0.0,0.0,8.84,7.1,0.0
20231213:1910,0.0,0.0,0.0,8.66,6.76,0.0
20231213:2010,0.0,0.0,0.0,8.53,6.28,0.0
20231213:2110,0.0,0.0,0.0,8.33,5.93,0.0
20231213:2210,0.0,0.0,0.0,8.29,5.17,0.0
20231213:2310,0.0,0.0,0.0,8.3,4.69,0.0
20231214:0010,0.0,0.0,0.0,8.2,4.76,0.0
20231214:0110,0.0,0.0,0.0,8.15,4.55,0.0
20231214:0210,0.0,0.0,0.0,8.33,4.07,0.0
20231214:0310,0.0,0.0,0.0,8.61,4.34,0.0
20231214:0410,0.0,0.0,0.0,8.86,4.83,0.0
20231214:0510,0.0,0.0,0.0,9.27,4.83,0.0
20231214:0610,0.0,0.0,0.0,9.49,5.72,0.0
20231214:0710,0.0,0.0,0.0,10.13,6.07,0.0
20231214:0810,0.0,0.0,0.0,10.7,6.34,0.0
20231214:0910,90.87,50.41,6.31,10.85,6.69,0.0
20231214:1010,89.67,50.06,11.74,10.99,5.86,0.0
20231214:1110,408.6,173.77,15.21,11.38,6.14,0.0
20231214:1210,565.05,232.86,16.42,11.65,6.55,0.0
20231214:1310,190.83,91.15,15.26,11.9,6.55,0.0
20231214:1410,366.18,157.86,11.83,11.88,6.21,0.0
20231214:1510,74.37,43.56,6.44,11.6,5.86,0.0
20231214:1610,0.0,0.0,0.0,11.06,5.72,0.0
20231214:1710,0.0,0.0,0.0,10.47,5.79,0.0
20231214:1810,0.0,0.0,0.0,10.11,5.45,0.0
20231214:1910,0.0,0.0,0.0,9.85,4.69,0.0
20231214:2010,0.0,0.0,0.0,9.67,4.34,0.0
20231214:2110,0.0,0.0,0.0,9.69,4.34,0.0
20231214:2210,0.0,0.0,0.0,9.99,3.93,0.0
20231214:2310,0.0,0.0,0.0,9.87,3.52,0.0
20231215:0010,0.0,0.0,0.0,9.69,3.31,0.0
20231215:0110,0.0,0.0,0.0,9.61,3.93,0.0
20231215:0210,0.0,0.0,0.0,9.44,4.41,0.0
20231215:0310,0.0,0.0,0.0,9.61,4.07,0.0
20231215:0410,0.0,0.0,0.0,9.6,3.31,0.0
20231215:0510,0.0,0.0,0.0,9.7,2.97,0.0
20231215:0610,0.0,0.0,0.0,9.56,3.24,0.0
20231215:0710,0.0,0.0,0.0,9.61,3.31,0.0
20231215:0810,0.0,0.0,0.0,9.65,3.45,0.0
20231215:0910,26.07,21.32,6.21,9.74,3.31,0.0
20231215:1010,466.29,195.4,11.65,10.18,3.24,0.0
20231215:1110,1331.97,539.2,15.13,10.57,3.59,0.0
20231215:1210,273.72,123.03,16.37,10.77,3.72,0.0
20231215:1310,134.46,68.61,15.22,10.9,3.86,0.0
20231215:1410,47.22,31.52,11.81,11.0,3.93,0.0
20231215:1510,35.34,25.96,6.43,11.0,4.28,0.0
20231215:1610,0.0,0.0,0.0,10.86,4.55,0.0
20231215:1710,0.0,0.0,0.0,10.73,4.55,0.0
20231215:1810,0.0,0.0,0.0,10.84,4.83,0.0
20231215:1910,0.0,0.0,0.0,11.05,4.97,0.0
20231215:2010,0.0,0.0,0.0,11.25,4.69,0.0
20231215:2110,0.0,0.0,0.0,11.29,4.21,0.0
20231215:2210,0.0,0.0,0.0,11.46,4.34,0.0
20231215:2310,0.0,0.0,0.0,11.43,4.21,0.0
20231216:0010,0.0,0.0,0.0,11.36,4.34,0.0
20231216:0110,0.0,0.0,0.0,11.28,4.34,0.0
20231216:0210,0.0,0.0,0.0,11.32,4.41,0.0
20231216:0310,0.0,0.0,0.0,11.3,4.48,0.0
20231216:0410,0.0,0.0,0.0,11.17,4.48,0.0
20231216:0510,0.0,0.0,0.0,11.02,4.62,0.0
20231216:0610,0.0,0.0,0.0,11.04,5.1,0.0
20231216:0710,0.0,0.0,0.0,11.0,5.03,0.0
20231216:0810,0.0,0.0,0.0,11.09,5.38,0.0
20231216:0910,24.06,20.4,6.12,11.12,5.66,0.0
20231216:1010,140.46,70.87,11.57,11.32,6.07,0.0
20231216:1110,107.1,57.48,15.07,11.63,6.28,0.0
20231216:1210,109.29,58.41,16.32,11.74,6.14,0.0
20231216:1310,69.87,41.72,15.19,11.8,6.0,0.0
20231216:1410,35.19,25.96,11.79,11.8,5.52,0.0
20231216:1510,31.38,24.1,6.44,11.72,5.24,0.0
20231216:1610,0.0,0.0,0.0,11.58,4.83,0.0
20231216:1710,0.0,0.0,0.0,11.36,4.83,0.0
20231216:1810,0.0,0.0,0.0,11.26,5.59,0.0
20231216:1910,0.0,0.0,0.0,11.18,6.28,0.0
20231216:2010,0.0,0.0,0.0,11.03,6.69,0.0
20231216:2110,0.0,0.0,0.0,10.81,6.69,0.0
20231216:2210,0.0,0.0,0.0,10.39,6.07,0.0
20231216:2310,0.0,0.0,0.0,10.3,7.1,0.0
20231217:0010,0.0,0.0,0.0,10.22,7.38,0.0
20231217:0110,0.0,0.0,0.0,10.16,7.24,0.0
20231217:0210,0.0,0.0,0.0,10.17,7.24,0.0
20231217:0310,0.0,0.0,0.0,10.26,7.31,0.0
20231217:0410,0.0,0.0,0.0,10.24,7.17,0.0
20231217:0510,0.0,0.0,0.0,10.31,7.17,0.0
20231217:0610,0.0,0.0,0.0,10.34,7.31,0.0
20231217:0710,0.0,0.0,0.0,10.48,7.38,0.0
20231217:0810,0.0,0.0,0.0,10.57,7.59,0.0
20231217:0910,8.94,12.05,6.04,10.73,7.66,0.0
20231217:1010,39.33,27.81,11.49,10.78,7.03,0.0
20231217:1110,49.35,32.45,15.01,10.84,7.52,0.0
20231217:1210,51.36,33.38,16.27,10.95,8.34,0.0
20231217:1310,39.27,27.81,15.16,11.05,8.48,0.0
20231217:1410,20.46,18.54,11.79,11.24,7.79,0.0
20231217:1510,18.72,17.62,6.45,11.27,7.38,0.0
20231217:1610,0.0,0.0,0.0,11.26,7.1,0.0
20231217:1710,0.0,0.0,0.0,11.19,7.1,0.0
20231217:1810,0.0,0.0,0.0,11.16,6.97,0.0
20231217:1910,0.0,0.0,0.0,11.2,7.03,0.0
20231217:2010,0.0,0.0,0.0,11.2,7.1,0.0
20231217:2110,0.0,0.0,0.0,11.24,7.1,0.0
20231217:2210,0.0,0.0,0.0,11.37,6.83,0.0
20231217:2310,0.0,0.0,0.0,11.32,7.52,0.0
20231218:0010,0.0,0.0,0.0,11.29,7.72,0.0
20231218:0110,0.0,0.0,0.0,11.19,7.59,0.0
20231218:0210,0.0,0.0,0.0,11.02,7.72,0.0
20231218:0310,0.0,0.0,0.0,10.84,7.66,0.0
20231218:0410,0.0,0.0,0.0,10.87,7.86,0.0
20231218:0510,0.0,0.0,0.0,11.01,7.72,0.0
20231218:0610,0.0,0.0,0.0,11.23,7.52,0.0
20231218:0710,0.0,0.0,0.0,11.45,7.59,0.0
20231218:0810,0.0,0.0,0.0,11.63,7.79,0.0
20231218:0910,0.93,6.49,5.96,11.76,8.28,0.0
20231218:1010,33.27,25.03,11.43,11.87,7.31,0.0
20231218:1110,98.07,53.77,14.96,11.98,7.24,0.0
20231218:1210,71.94,42.65,16.24,12.1,8.07,0.0
20231218:1310,76.23,44.5,15.15,12.16,8.83,0.0
20231218:1410,33.21,25.03,11.79,12.25,8.21,0.0
20231218:1510,50.85,33.25,6.47,12.23,7.86,0.0
20231218:1610,0.0,0.0,0.0,12.21,7.93,0.0
20231218:1710,0.0,0.0,0.0,12.27,8.14,0.0
20231218:1810,0.0,0.0,0.0,12.31,8.28,0.0
20231218:1910,0.0,0.0,0.0,12.36,8.62,0.0
20231218:2010,0.0,0.0,0.0,12.39,8.83,0.0
20231218:2110,0.0,0.0,0.0,12.37,8.97,0.0
20231218:2210,0.0,0.0,0.0,12.37,8.14,0.0
20231218:2310,0.0,0.0,0.0,12.38,8.69,0.0
20231219:0010,0.0,0.0,0.0,12.42,9.1,0.0
20231219:0110,0.0,0.0,0.0,12.49,9.66,0.0
20231219:0210,0.0,0.0,0.0,12.55,9.45,0.0
20231219:0310,0.0,0.0,0.0,12.63,9.24,0.0
20231219:0410,0.0,0.0,0.0,12.63,9.72,0.0
20231219:0510,0.0,0.0,0.0,12.65,9.93,0.0
20231219:0610,0.0,0.0,0.0,12.64,10.0,0.0
20231219:0710,0.0,0.0,0.0,12.57,10.0,0.0
20231219:0810,0.0,0.0,0.0,12.23,9.59,0.0
20231219:0910,2.07,7.42,5.89,11.57,8.55,0.0
20231219:1010,91.44,50.99,11.37,11.92,6.07,0.0
20231219:1110,57.48,36.16,14.91,11.22,6.9,0.0
20231219:1210,72.39,42.65,16.21,10.89,7.93,0.0
20231219:1310,217.74,100.9,15.14,10.64,8.41,0.0
20231219:1410,79.14,45.43,11.8,10.27,8.34,0.0
20231219:1510,55.77,35.14,6.49,9.77,8.97,0.0
20231219:1610,0.0,0.0,0.0,9.43,9.17,0.0
20231219:1710,0.0,0.0,0.0,9.21,8.34,0.0
20231219:1810,0.0,0.0,0.0,9.26,7.66,0.0
20231219:1910,0.0,0.0,0.0,9.46,7.52,0.0
20231219:2010,0.0,0.0,0.0,9.64,7.79,0.0
20231219:2110,0.0,0.0,0.0,9.6,7.93,0.0
20231219:2210,0.0,0.0,0.0,9.75,7.38,0.0
20231219:2310,0.0,0.0,0.0,9.67,7.79,0.0
20231220:0010,0.0,0.0,0.0,9.47,7.93,0.0
20231220:0110,0.0,0.0,0.0,9.52,7.72,0.0
20231220:0210,0.0,0.0,0.0,9.56,7.66,0.0
20231220:0310,0.0,0.0,0.0,9.69,8.28,0.0
20231220:0410,0.0,0.0,0.0,9.82,8.69,0.0
20231220:0510,0.0,0.0,0.0,10.09,8.76,0.0
20231220:0610,0.0,0.0,0.0,10.33,8.69,0.0
20231220:0710,0.0,0.0,0.0,10.39,8.83,0.0
20231220:0810,0.0,0.0,0.0,10.51,9.17,0.0
20231220:0910,8.94,12.05,5.82,10.65,9.17,0.0
20231220:1010,880.59,349.69,11.31,10.87,9.52,0.0
20231220:1110,337.98,146.44,14.88,11.07,9.72,0.0
20231220:1210,702.63,283.02,16.19,11.3,9.03,0.0
20231220:1310,20.46,18.54,15.14,11.31,10.28,0.0
20231220:1410,12.03,13.91,11.82,11.18,10.28,0.0
20231220:1510,31.56,24.1,6.52,10.94,10.62,0.0
20231220:1610,0.0,0.0,0.0,10.86,10.21,0.0
20231220:1710,0.0,0.0,0.0,10.94,9.31,0.0
20231220:1810,0.0,0.0,0.0,11.14,9.17,0.0
20231220:1910,0.0,0.0,0.0,11.25,9.24,0.0
20231220:2010,0.0,0.0,0.0,11.27,8.97,0.0
20231220:2110,0.0,0.0,0.0,11.22,9.24,0.0
20231220:2210,0.0,0.0,0.0,11.29,9.79,0.0
20231220:2310,0.0,0.0,0.0,11.4,9.38,0.0
20231221:0010,0.0,0.0,0.0,11.43,9.38,0.0
20231221:0110,0.0,0.0,0.0,11.47,9.45,0.0
20231221:0210,0.0,0.0,0.0,11.52,9.31,0.0
20231221:0310,0.0,0.0,0.0,11.57,8.97,0.0
20231221:0410,0.0,0.0,0.0,11.54,10.28,0.0
20231221:0510,0.0,0.0,0.0,11.46,11.38,0.0
20231221:0610,0.0,0.0,0.0,11.37,11.59,0.0
20231221:0710,0.0,0.0,0.0,11.39,11.17,0.0
20231221:0810,0.0,0.0,0.0,11.45,11.45,0.0
20231221:0910,10.44,12.98,5.76,11.45,11.93,0.0
20231221:1010,20.43,18.54,11.27,11.77,14.21,0.0
20231221:1110,257.73,116.38,14.85,12.01,15.03,0.0
20231221:1210,620.7,251.95,16.18,12.25,13.79,0.0
20231221:1310,449.76,188.5,15.15,12.29,13.45,0.0
20231221:1410,269.52,120.81,11.84,12.29,12.97,0.0
20231221:1510,339.78,148.04,6.56,12.24,12.34,0.0
20231221:1610,0.0,0.0,0.0,12.17,11.86,0.0
20231221:1710,0.0,0.0,0.0,12.07,11.72,0.0
20231221:1810,0.0,0.0,0.0,11.95,11.24,0.0
20231221:1910,0.0,0.0,0.0,11.84,11.1,0.0
20231221:2010,0.0,0.0,0.0,11.75,10.34,0.0
20231221:2110,0.0,0.0,0.0,11.69,9.79,0.0
20231221:2210,0.0,0.0,0.0,11.58,10.21,0.0
20231221:2310,0.0,0.0,0.0,11.57,10.28,0.0
20231222:0010,0.0,0.0,0.0,11.58,10.76,0.0
20231222:0110,0.0,0.0,0.0,11.67,10.9,0.0
20231222:0210,0.0,0.0,0.0,11.68,10.97,0.0
20231222:0310,0.0,0.0,0.0,11.51,11.72,0.0
20231222:0410,0.0,0.0,0.0,11.32,11.79,0.0
20231222:0510,0.0,0.0,0.0,11.03,11.79,0.0
20231222:0610,0.0,0.0,0.0,10.87,12.14,0.0
20231222:0710,0.0,0.0,0.0,10.8,12.41,0.0
20231222:0810,0.0,0.0,0.0,10.66,12.07,0.0
20231222:0910,12.09,13.91,5.71,10.61,11.52,0.0
20231222:1010,39.39,27.81,11.23,10.57,11.24,0.0
20231222:1110,94.38,51.92,14.83,10.76,11.1,0.0
20231222:1210,579.21,235.75,16.18,10.89,11.38,0.0
20231222:1310,527.76,216.64,15.16,10.88,11.1,0.0
20231222:1410,63.93,38.94,11.88,10.9,10.83,0.0
20231222:1510,55.32,35.07,6.61,10.81,10.83,0.0
20231222:1610,0.0,0.0,0.0,10.74,10.48,0.0
20231222:1710,0.0,0.0,0.0,10.72,9.52,0.0
20231222:1810,0.0,0.0,0.0,10.58,8.69,0.0
20231222:1910,0.0,0.0,0.0,10.57,8.41,0.0
20231222:2010,0.0,0.0,0.0,10.63,8.48,0.0
20231222:2110,0.0,0.0,0.0,10.67,8.55,0.0
20231222:2210,0.0,0.0,0.0,10.58,9.52,0.0
20231222:2310,0.0,0.0,0.0,10.48,9.17,0.0
20231223:0010,0.0,0.0,0.0,10.45,8.41,0.0
20231223:0110,0.0,0.0,0.0,10.55,8.48,0.0
20231223:0210,0.0,0.0,0.0,10.63,8.14,0.0
20231223:0310,0.0,0.0,0.0,10.84,8.76,0.0
20231223:0410,0.0,0.0,0.0,11.05,10.0,0.0
20231223:0510,0.0,0.0,0.0,11.1,10.28,0.0
20231223:0610,0.0,0.0,0.0,10.99,9.93,0.0
20231223:0710,0.0,0.0,0.0,10.91,9.52,0.0
20231223:0810,0.0,0.0,0.0,10.9,9.52,0.0
20231223:0910,120.63,62.68,5.67,10.95,10.28,0.0
20231223:1010,151.86,75.09,11.2,10.99,11.45,0.0
20231223:1110,323.7,141.0,14.81,11.12,10.76,0.0
20231223:1210,580.5,236.81,16.18,11.28,10.76,0.0
20231223:1310,307.8,135.26,15.19,11.45,11.17,0.0
20231223:1410,323.1,140.71,11.92,11.48,11.24,0.0
20231223:1510,128.58,65.87,6.66,11.35,11.03,0.0
20231223:1610,0.0,0.0,0.0,11.25,10.97,0.0
20231223:1710,0.0,0.0,0.0,11.13,10.14,0.0
20231223:1810,0.0,0.0,0.0,11.01,9.79,0.0
20231223:1910,0.0,0.0,0.0,11.06,10.62,0.0
20231223:2010,0.0,0.0,0.0,11.15,10.9,0.0
20231223:2110,0.0,0.0,0.0,11.26,10.69,0.0
20231223:2210,0.0,0.0,0.0,11.49,11.45,0.0
20231223:2310,0.0,0.0,0.0,11.67,12.0,0.0
20231224:0010,0.0,0.0,0.0,11.77,11.79,0.0
20231224:0110,0.0,0.0,0.0,11.97,12.0,0.0
20231224:0210,0.0,0.0,0.0,12.09,11.59,0.0
20231224:0310,0.0,0.0,0.0,12.26,11.66,0.0
20231224:0410,0.0,0.0,0.0,12.36,11.52,0.0
20231224:0510,0.0,0.0,0.0,12.4,11.38,0.0
20231224:0610,0.0,0.0,0.0,12.37,11.52,0.0
20231224:0710,0.0,0.0,0.0,12.34,11.45,0.0
20231224:0810,0.0,0.0,0.0,12.21,11.38,0.0
20231224:0910,3.27,8.34,5.63,12.19,11.59,0.0
20231224:1010,22.14,19.47,11.18,12.16,11.31,0.0
20231224:1110,78.45,45.43,14.8,12.16,11.66,0.0
20231224:1210,414.06,175.42,16.2,12.23,12.07,0.0
20231224:1310,98.13,53.77,15.22,12.22,12.34,0.0
20231224:1410,11.94,13.91,11.96,12.3,11.66,0.0
20231224:1510,50.49,33.09,6.72,12.35,11.31,0.0
20231224:1610,0.0,0.0,0.0,12.39,11.24,0.0
20231224:1710,0.0,0.0,0.0,12.41,11.24,0.0
20231224:1810,0.0,0.0,0.0,12.38,11.03,0.0
20231224:1910,0.0,0.0,0.0,12.42,10.83,0.0
20231224:2010,0.0,0.0,0.0,12.46,10.69,0.0
20231224:2110,0.0,0.0,0.0,12.46,10.55,0.0
20231224:2210,0.0,0.0,0.0,12.39,10.62,0.0
20231224:2310,0.0,0.0,0.0,12.35,10.62,0.0
20231225:0010,0.0,0.0,0.0,12.29,10.83,0.0
20231225:0110,0.0,0.0,0.0,12.32,10.97,0.0
20231225:0210,0.0,0.0,0.0,12.36,10.69,0.0
20231225:0310,0.0,0.0,0.0,12.37,10.14,0.0
20231225:0410,0.0,0.0,0.0,12.33,9.38,0.0
20231225:0510,0.0,0.0,0.0,12.26,9.17,0.0
20231225:0610,0.0,0.0,0.0,12.24,8.9,0.0
20231225:0710,0.0,0.0,0.0,12.23,8.69,0.0
20231225:0810,0.0,0.0,0.0,12.26,8.76,0.0
20231225:0910,20.34,18.54,5.6,12.28,9.24,0.0
20231225:1010,43.02,29.67,11.16,12.12,9.24,0.0
20231225:1110,39.06,27.81,14.81,12.16,9.93,0.0
20231225:1210,152.52,76.02,16.22,12.17,10.69,0.0
20231225:1310,131.91,67.68,15.26,12.16,11.17,0.0
20231225:1410,53.13,34.3,12.02,12.1,11.52,0.0
20231225:1510,35.19,25.96,6.79,12.08,11.72,0.0
20231225:1610,0.0,0.0,0.0,12.03,11.59,0.0
20231225:1710,0.0,0.0,0.0,11.98,11.38,0.0
20231225:1810,0.0,0.0,0.0,11.97,11.03,0.0
20231225:1910,0.0,0.0,0.0,11.92,9.93,0.0
20231225:2010,0.0,0.0,0.0,11.72,9.03,0.0
20231225:2110,0.0,0.0,0.0,11.48,7.79,0.0
20231225:2210,0.0,0.0,0.0,11.08,6.9,0.0
20231225:2310,0.0,0.0,0.0,10.87,6.69,0.0
20231226:0010,0.0,0.0,0.0,10.51,6.83,0.0
20231226:0110,0.0,0.0,0.0,10.27,7.17,0.0
20231226:0210,0.0,0.0,0.0,9.98,7.38,0.0
20231226:0310,0.0,0.0,0.0,9.79,7.03,0.0
20231226:0410,0.0,0.0,0.0,9.66,6.28,0.0
20231226:0510,0.0,0.0,0.0,9.52,5.79,0.0
20231226:0610,0.0,0.0,0.0,9.48,4.97,0.0
20231226:0710,0.0,0.0,0.0,9.33,4.41,0.0
20231226:0810,0.0,0.0,0.0,9.3,4.07,0.0
20231226:0910,48.45,31.88,5.57,9.36,3.59,0.0
20231226:1010,877.8,354.73,11.15,9.63,2.69,0.0
20231226:1110,562.53,232.92,14.81,9.95,1.86,0.0
20231226:1210,462.57,195.16,16.24,10.2,1.72,0.0
20231226:1310,355.5,154.04,15.3,10.32,2.48,0.0
20231226:1410,74.52,43.57,12.08,10.37,2.21,0.0
20231226:1510,126.93,65.13,6.86,10.32,3.72,0.0
20231226:1610,0.0,0.0,0.0,10.29,4.41,0.0
20231226:1710,0.0,0.0,0.0,10.11,4.76,0.0
20231226:1810,0.0,0.0,0.0,10.15,6.69,0.0
20231226:1910,0.0,0.0,0.0,10.74,8.0,0.0
20231226:2010,0.0,0.0,0.0,11.31,6.97,0.0
20231226:2110,0.0,0.0,0.0,11.75,7.59,0.0
20231226:2210,0.0,0.0,0.0,11.6,8.69,0.0
20231226:2310,0.0,0.0,0.0,11.6,8.9,0.0
20231227:0010,0.0,0.0,0.0,11.67,10.0,0.0
20231227:0110,0.0,0.0,0.0,11.78,9.93,0.0
20231227:0210,0.0,0.0,0.0,11.94,10.21,0.0
20231227:0310,0.0,0.0,0.0,12.15,11.17,0.0
20231227:0410,0.0,0.0,0.0,12.27,11.79,0.0
20231227:0510,0.0,0.0,0.0,12.33,12.34,0.0
20231227:0610,0.0,0.0,0.0,12.5,13.1,0.0
20231227:0710,0.0,0.0,0.0,12.66,13.72,0.0
20231227:0810,0.0,0.0,0.0,12.72,14.07,0.0
20231227:0910,47.73,31.89,5.56,12.78,14.83,0.0
20231227:1010,33.12,25.03,11.15,13.01,15.17,0.0
20231227:1110,35.01,25.96,14.83,13.07,16.97,0.0
20231227:1210,46.86,31.52,16.28,12.95,16.34,0.0
20231227:1310,69.84,41.72,15.35,12.3,14.0,0.0
20231227:1410,35.22,25.96,12.15,11.9,12.83,0.0
20231227:1510,25.95,21.32,6.94,10.93,12.28,0.0
20231227:1610,0.0,0.0,0.0,11.04,10.97,0.0
20231227:1710,0.0,0.0,0.0,11.23,11.24,0.0
20231227:1810,0.0,0.0,0.0,11.47,12.48,0.0
20231227:1910,0.0,0.0,0.0,11.55,13.72,0.0
20231227:2010,0.0,0.0,0.0,11.66,15.03,0.0
20231227:2110,0.0,0.0,0.0,11.83,15.17,0.0
20231227:2210,0.0,0.0,0.0,12.19,16.0,0.0
20231227:2310,0.0,0.0,0.0,12.3,16.21,0.0
20231228:0010,0.0,0.0,0.0,12.2,15.52,0.0
20231228:0110,0.0,0.0,0.0,12.11,14.9,0.0
20231228:0210,0.0,0.0,0.0,11.95,14.28,0.0
20231228:0310,0.0,0.0,0.0,11.73,13.45,0.0
20231228:0410,0.0,0.0,0.0,11.38,13.38,0.0
20231228:0510,0.0,0.0,0.0,11.26,11.79,0.0
20231228:0610,0.0,0.0,0.0,11.49,11.66,0.0
20231228:0710,0.0,0.0,0.0,11.42,11.93,0.0
20231228:0810,0.0,0.0,0.0,11.49,12.34,0.0
20231228:0910,118.38,61.94,5.55,11.62,11.72,0.0
20231228:1010,564.12,230.61,11.16,11.74,12.62,0.0
20231228:1110,927.45,366.58,14.86,12.07,13.45,0.0
20231228:1210,346.77,150.14,16.32,12.1,14.28,0.0
20231228:1310,424.53,178.85,15.41,12.05,14.97,0.0
20231228:1410,83.07,47.28,12.22,11.62,14.34,0.0
20231228:1510,29.64,23.18,7.03,11.25,14.14,0.0
20231228:1610,0.0,0.0,0.0,11.26,12.21,0.0
20231228:1710,0.0,0.0,0.0,11.19,11.45,0.0
20231228:1810,0.0,0.0,0.0,11.07,10.76,0.0
20231228:1910,0.0,0.0,0.0,11.04,10.55,0.0
20231228:2010,0.0,0.0,0.0,11.2,9.93,0.0
20231228:2110,0.0,0.0,0.0,11.16,9.72,0.0
20231228:2210,0.0,0.0,0.0,10.96,9.66,0.0
20231228:2310,0.0,0.0,0.0,11.09,9.93,0.0
20231229:0010,0.0,0.0,0.0,11.12,9.93,0.0
20231229:0110,0.0,0.0,0.0,10.9,10.14,0.0
20231229:0210,0.0,0.0,0.0,10.65,9.24,0.0
20231229:0310,0.0,0.0,0.0,10.53,9.03,0.0
20231229:0410,0.0,0.0,0.0,10.5,9.24,0.0
20231229:0510,0.0,0.0,0.0,10.64,8.76,0.0
20231229:0610,0.0,0.0,0.0,10.69,8.28,0.0
20231229:0710,0.0,0.0,0.0,10.42,9.03,0.0
20231229:0810,0.0,0.0,0.0,10.2,10.21,0.0
20231229:0910,564.99,232.64,5.54,10.14,11.17,0.0
20231229:1010,1158.21,456.01,11.17,10.3,9.38,0.0
20231229:1110,1457.28,572.72,14.89,10.65,10.0,0.0
20231229:1210,855.54,339.34,16.37,10.89,10.41,0.0
20231229:1310,245.64,111.67,15.48,11.03,10.62,0.0
20231229:1410,181.32,86.64,12.31,10.9,11.1,0.0
20231229:1510,253.92,114.43,7.13,10.55,10.62,0.0
20231229:1610,0.0,0.0,0.0,10.33,9.86,0.0
20231229:1710,0.0,0.0,0.0,10.1,9.03,0.0
20231229:1810,0.0,0.0,0.0,9.95,8.55,0.0
20231229:1910,0.0,0.0,0.0,9.91,7.93,0.0
20231229:2010,0.0,0.0,0.0,9.89,7.38,0.0
20231229:2110,0.0,0.0,0.0,9.79,7.17,0.0
20231229:2210,0.0,0.0,0.0,9.85,5.86,0.0
20231229:2310,0.0,0.0,0.0,10.04,5.72,0.0
20231230:0010,0.0,0.0,0.0,9.95,6.14,0.0
20231230:0110,0.0,0.0,0.0,9.97,7.03,0.0
20231230:0210,0.0,0.0,0.0,10.36,7.86,0.0
20231230:0310,0.0,0.0,0.0,10.81,8.9,0.0
20231230:0410,0.0,0.0,0.0,11.28,9.31,0.0
20231230:0510,0.0,0.0,0.0,11.57,9.72,0.0
20231230:0610,0.0,0.0,0.0,11.69,10.14,0.0
20231230:0710,0.0,0.0,0.0,11.79,10.55,0.0
20231230:0810,0.0,0.0,0.0,11.84,11.38,0.0
20231230:0910,65.46,39.73,5.55,11.91,11.66,0.0
20231230:1010,57.33,36.16,11.19,11.89,12.69,0.0
20231230:1110,184.53,88.42,14.93,11.98,13.1,0.0
20231230:1210,138.96,70.46,16.43,12.04,13.66,0.0
20231230:1310,170.73,83.05,15.56,12.01,14.07,0.0
20231230:1410,78.57,45.43,12.4,11.96,15.17,0.0
20231230:1510,66.96,40.34,7.23,11.9,16.14,0.0
20231230:1610,0.0,0.0,0.0,11.46,11.17,0.0
20231230:1710,0.0,0.0,0.0,11.15,9.59,0.0
20231230:1810,0.0,0.0,0.0,10.08,7.79,0.0
20231230:1910,0.0,0.0,0.0,9.55,4.69,0.0
20231230:2010,0.0,0.0,0.0,9.16,5.52,0.0
20231230:2110,0.0,0.0,0.0,8.83,6.69,0.0
20231230:2210,0.0,0.0,0.0,8.56,5.66,0.0
20231230:2310,0.0,0.0,0.0,8.42,6.83,0.0
20231231:0010,0.0,0.0,0.0,8.7,7.72,0.0
20231231:0110,0.0,0.0,0.0,8.67,8.21,0.0
20231231:0210,0.0,0.0,0.0,8.92,10.21,0.0
20231231:0310,0.0,0.0,0.0,9.37,12.48,0.0
20231231:0410,0.0,0.0,0.0,9.33,13.66,0.0
20231231:0510,0.0,0.0,0.0,9.05,13.66,0.0
20231231:0610,0.0,0.0,0.0,8.95,14.0,0.0
20231231:0710,0.0,0.0,0.0,8.96,13.93,0.0
20231231:0810,0.0,0.0,0.0,9.28,14.21,0.0
20231231:0910,564.81,231.43,5.56,9.62,14.41,0.0
20231231:1010,691.74,275.93,11.22,9.8,12.62,0.0
20231231:1110,548.61,222.86,14.97,10.07,14.97,0.0
20231231:1210,179.22,85.73,16.5,10.14,15.72,0.0
20231231:1310,122.01,63.04,15.64,10.0,16.14,0.0
20231231:1410,13.77,14.83,12.49,9.85,15.79,0.0
20231231:1510,270.81,120.13,7.33,9.62,15.59,0.0
20231231:1610,0.0,0.0,0.0,9.62,15.38,0.0
20231231:1710,0.0,0.0,0.0,9.65,15.38,0.0
20231231:1810,0.0,0.0,0.0,9.69,15.31,0.0
20231231:1910,0.0,0.0,0.0,9.76,15.31,0.0
20231231:2010,0.0,0.0,0.0,9.73,14.97,0.0
20231231:2110,0.0,0.0,0.0,9.67,15.1,0.0
20231231:2210,0.0,0.0,0.0,9.75,13.38,0.0
20231231:2310,0.0,0.0,0.0,9.81,12.62,0.0

P: PV system power (W)
G(i): Global irradiance on the inclined plane (plane of the array) (W/m2)
H_sun: Sun height (degree)
T2m: 2-m air temperature (degree Celsius)
WS10m: 10-m total wind speed (m/s)
Int: 1 means solar radiation values are reconstructed



PVGIS (c) European Union, 2001-2026